idx,sha,A,M,D,boot,adds,removes,updates,moves,matched,wall_ms
0,c20fd6454e5733628ead3f129c7e803c1ead5b94,19,0,0,0,0,0,0,0,0,1994.31
1,e9d9d024801ecaae642da650dfbb802486e87f67,19,0,19,0,0,0,0,0,0,3544.07
2,a8208011ea59384745ce3e55e97b880ff0ecb89d,1,0,0,0,0,0,0,0,0,207.97
3,38ba994ef9716eb0f7caabe6be68e20275a63646,1,0,0,0,0,0,0,0,0,117.78
4,c26e512a55da1a0decdaae3ce270cea5df94650a,0,2,0,0,17,0,0,3,123,430.64
5,0d78ff0bd687b37711405963bd36e3ae02e4f520,22,0,21,0,0,0,0,0,0,4432.72
6,0537aead6d93b0c5afd880c62671a18536e866ad,0,1,0,0,0,0,0,0,115,113.28
7,8736fb21e67360266ec2a43d5db772ca2596b40a,0,1,0,0,0,6,0,0,72,132.16
8,2f93c5974bc255bbc8a0fedbc0f398c69e50273a,0,3,3,0,0,22,5,10,167,502.38
9,5c3d83b86a17d9b9fd86959028427ca3c2b50020,16,2,14,0,11,71,0,0,24,2143.21
10,c4c126b3bb60ab740109f65d64358cdd96878922,2,10,0,0,167,4,0,2,188,775.1
11,3a49b62b9452f86a594c91a35d5fb3ec2a032adf,0,2,0,0,7,0,0,2,157,146.57
12,e552ac2092bb84e68fb771bd450c28905fb683c0,2,7,0,0,53,21,0,0,92,493.28
13,5e5b8c419e7cc0829e81c2168c116e27705f785b,1,0,0,0,0,0,0,0,0,111.76
14,e00a264ce88b000295b4b8e6a429c9f112790b13,0,4,0,0,38,8,3,1,99,320.48
15,f5c75487652a894f0a0ff9d7cc4893d7c4985213,0,8,1,0,131,47,0,1,211,498.63
16,cd52a5c611048ef0d635b690a1d068a02d5de39b,1,1,0,0,3,3,2,0,80,187.16
17,ffa6c37fe8bcfcbc55cf241ed5a75384d8229663,3,7,0,0,79,4,0,2,248,550.27
18,f5516068edaef12dac536e375b25b687633e2474,0,4,0,0,66,12,3,8,340,588.38
19,a781de31afc34db6a09e6c8b60ea28ff171eb93a,3,2,0,0,33,0,0,7,194,353.0
20,c67f3dfc9fc71baf432ee7f488b99eaed0d384eb,0,3,0,0,1,0,0,2,75,185.0
21,09a97a410ac5e94485fe32272e276b1c95de9d19,7,8,1,0,28,7,0,8,425,886.43
22,c3fff5e89e00c588f906135b88fbd30e63e89447,0,3,0,0,0,6,0,14,231,247.86
23,5a84fe4385d3bfb3902227d44b0843d30873438b,1,0,0,0,0,0,0,0,0,92.23
24,17c9e77910866d406acf0d6957c64eeed43f68af,0,7,0,0,21,12,1,2,366,419.42
25,80b4f73fa4f5a7adb53eaf5abc41e4586437be8d,1,0,0,0,0,0,0,0,0,106.45
26,0f48808a4a501d5b86bf32708768bd629edc7fba,3,9,1,0,93,36,1,0,234,690.35
27,05369fdb6c558d1f1348165db5c2c34df40bef60,3,1,31,0,0,0,0,0,170,533.77
28,9bd3409da4b724276e56a3da0dc230ff02b3fa3f,1,0,0,0,0,0,0,0,0,106.44
29,555cec4fc75c6d2d62450afbe7e3d45ebe2e07b3,0,2,0,0,54,0,0,3,67,199.75
0,c20fd6454e5733628ead3f129c7e803c1ead5b94,19,0,0,0,0,0,0,0,0,1654.78
1,e9d9d024801ecaae642da650dfbb802486e87f67,19,0,19,0,0,0,0,0,0,1750.17
2,a8208011ea59384745ce3e55e97b880ff0ecb89d,1,0,0,0,0,0,0,0,0,142.68
3,38ba994ef9716eb0f7caabe6be68e20275a63646,1,0,0,0,0,0,0,0,0,95.88
4,c26e512a55da1a0decdaae3ce270cea5df94650a,0,2,0,0,17,0,0,3,123,219.91
5,0d78ff0bd687b37711405963bd36e3ae02e4f520,22,0,21,0,0,0,0,0,0,2592.56
6,0537aead6d93b0c5afd880c62671a18536e866ad,0,1,0,0,0,0,0,0,115,85.94
7,8736fb21e67360266ec2a43d5db772ca2596b40a,0,1,0,0,0,6,0,0,72,73.79
8,2f93c5974bc255bbc8a0fedbc0f398c69e50273a,0,3,3,0,0,22,5,10,167,299.23
9,5c3d83b86a17d9b9fd86959028427ca3c2b50020,16,2,14,0,11,71,0,0,24,1284.39
10,c4c126b3bb60ab740109f65d64358cdd96878922,2,10,0,0,167,4,0,2,188,555.54
11,3a49b62b9452f86a594c91a35d5fb3ec2a032adf,0,2,0,0,7,0,0,2,157,123.74
12,e552ac2092bb84e68fb771bd450c28905fb683c0,2,7,0,0,53,21,0,0,92,375.72
13,5e5b8c419e7cc0829e81c2168c116e27705f785b,1,0,0,0,0,0,0,0,0,86.14
14,e00a264ce88b000295b4b8e6a429c9f112790b13,0,4,0,0,38,8,3,1,99,209.2
15,f5c75487652a894f0a0ff9d7cc4893d7c4985213,0,8,1,0,131,47,0,1,211,381.06
16,cd52a5c611048ef0d635b690a1d068a02d5de39b,1,1,0,0,3,3,2,0,80,145.81
17,ffa6c37fe8bcfcbc55cf241ed5a75384d8229663,3,7,0,0,79,4,0,2,248,433.21
18,f5516068edaef12dac536e375b25b687633e2474,0,4,0,0,66,12,3,8,340,230.02
19,a781de31afc34db6a09e6c8b60ea28ff171eb93a,3,2,0,0,33,0,0,7,194,293.68
20,c67f3dfc9fc71baf432ee7f488b99eaed0d384eb,0,3,0,0,1,0,0,2,75,119.75
21,09a97a410ac5e94485fe32272e276b1c95de9d19,7,8,1,0,28,7,0,8,425,730.85
22,c3fff5e89e00c588f906135b88fbd30e63e89447,0,3,0,0,0,6,0,14,231,141.8
23,5a84fe4385d3bfb3902227d44b0843d30873438b,1,0,0,0,0,0,0,0,0,80.72
24,17c9e77910866d406acf0d6957c64eeed43f68af,0,7,0,0,21,12,1,2,366,308.95
25,80b4f73fa4f5a7adb53eaf5abc41e4586437be8d,1,0,0,0,0,0,0,0,0,79.41
26,0f48808a4a501d5b86bf32708768bd629edc7fba,3,9,1,0,93,36,1,0,234,482.18
27,05369fdb6c558d1f1348165db5c2c34df40bef60,3,1,31,0,0,0,0,0,170,364.1
28,9bd3409da4b724276e56a3da0dc230ff02b3fa3f,1,0,0,0,0,0,0,0,0,80.92
29,555cec4fc75c6d2d62450afbe7e3d45ebe2e07b3,0,2,0,0,54,0,0,3,67,166.29
30,d7d3da4df45c5a3be0f77d7732af316724ee5df0,0,0,3,0,0,0,0,0,0,72.12
31,835121ab3fab6195fd93aa84135c9ce60498da32,2,5,0,0,120,0,2,8,331,303.07
32,96c792c295a4bd9ce6cfd0d46f6512b1446b5000,0,3,0,0,10,0,0,0,222,155.25
33,98bc5f32c42b047e6d5f92c044eac7c631abf124,5,3,0,0,6,43,3,4,189,462.31
34,59dde9ac687aa547f54df1a3ea8abddb8c1ba835,0,4,0,0,0,2,0,0,246,137.42
35,abff7dc3198808463694088ae2bc5f4f2bea5e6d,12,1,12,0,12,0,0,0,0,691.48
36,b0862c7aaa62be216c2a0ea79e3462c24fc88b7e,9,0,9,0,0,0,0,0,0,529.21
37,106c998511a818f491bb93b689e71f52d9957aba,5,1,0,0,15,1,0,1,11,356.98
38,d7088d7ce2d3a1dfabbff510c25a4cb91113f157,0,1,0,0,36,0,0,0,26,74.12
39,92b6fa9f4c8319b489c7393c1a329841e7df025e,0,3,0,0,0,1,0,2,179,118.28
40,fd79b9851ed561c1338faec430546b752f12b782,10,0,0,0,0,0,0,0,0,483.46
41,116d0d77f14924bee0742ec4e21e2291e4cb3aaf,0,5,0,0,62,56,2,0,272,271.89
42,7b701d3e6b99e130c79cfe5533e2939f9c077661,2,3,0,0,17,4,0,0,114,587.6
43,8136b854528551914aded14cc9aeb23a464058e5,0,2,0,0,41,4,0,0,53,135.51
44,fac8161378ef1fb7d40a5ec168ee4fbe2d9a63d9,0,1,0,0,0,0,0,0,41,54.49
45,470824fdac1cf2a1e7bd76a9de9d830a21fa0a5e,3,1,3,0,0,0,0,0,67,243.7
46,3b63bdbc93ee64ad33e586a8f4e9c8ab19643ac7,0,5,0,0,106,4,6,4,392,263.57
47,0472fd7b9b8e5a40172eed867670e119b26dfe89,1,5,0,0,21,23,6,17,303,249.68
48,6618016221d311ba64be2b6f52591d28cc6c1c08,0,6,0,0,28,9,6,19,362,309.88
49,4723c2ac9c11f5aa676e7e9da80f2c5f80acb16a,0,2,0,0,5,0,0,0,70,99.64
50,3f72ce255da54e4d984781fabc48031d7764ba90,0,1,0,0,5,0,0,0,86,66.87
51,8132ac66a0fee76802063408c2c5418f1ee92bf3,0,2,0,0,3,1,6,5,107,136.12
52,bd7a40af1ffa165eb2582a3d62685cec589e36bc,0,5,0,0,114,52,8,11,263,285.46
53,03c506cc987cad8a867fd1cb5eed69739ad26494,0,1,0,0,0,0,0,0,84,62.79
54,3be19a41633a0938ce935e3c976c907fce56082d,1,3,0,0,3,5,3,7,250,199.66
55,5dd41b67366ccb75dd0fb7010819ca6e4b131e26,0,2,0,0,0,1,0,0,192,88.87
56,5e0cb282929c73c145cac00b10cb9e98c7a2e1fa,1,0,0,0,0,0,0,0,0,197.53
57,8db09681097832129e72aac943d55f917b953814,4,12,2,0,162,71,17,25,680,739.53
58,5fdfcb30ac69343d699fae9f58876511aba7e051,1,5,0,0,23,1,1,5,333,302.15
59,a6346843078c9add336f198beb21bb00c886b26f,0,9,1,0,78,9,7,2,604,410.71
60,c30890239c613546047bd0d06c6ea17105bf260f,0,13,0,0,67,27,4,7,1130,539.97
61,d5b7216c9fd06d73c119cbc23710e3e538d92bc1,0,5,0,0,9,26,2,6,419,231.05
62,df7a3858ad404abf727eb43a0a2d8290aa98550a,0,1,0,0,0,11,0,0,132,59.83
63,47c3ae4a10d03800e4316ce72782d34be4b948db,0,1,0,0,1,0,0,0,48,101.03
64,11ab174f3952c7191fe98721b1343370302ea12e,0,1,0,1,2,0,0,1,22,153.26
65,e27f86e08289e3717990ebd80379f201052c0a97,0,3,0,0,11,5,0,1,366,141.92
66,3a22f67fd76fc9f3162de68ecc755dcf5c0b1e8d,0,5,0,0,13,10,0,0,347,214.15
67,2865ce9404bfa599526acf7fbedf3593da614ab1,0,1,0,0,14,0,1,0,58,118.52
68,eb1b636a64558cb10c910d41291f27657fd7710c,1,7,0,0,55,25,6,21,556,353.33
69,1da118ec6e664ad589a9df87cdd8e0562335c83c,1,3,0,0,0,0,0,1,277,290.5
70,4543ef6a31a1abe5b1abacb76f6978bb69da9f01,0,1,1,0,0,0,0,0,72,82.13
71,c288a74dd6f8e72114a6efea81574dc0876482a0,0,2,0,0,2,0,0,1,344,116.72
72,a32c3e35110389e835a6e97103295111392a731c,0,2,0,0,0,0,0,0,346,110.17
73,cffaf8a14dc0d1b886156fecb10c8d0616b429d7,0,3,0,0,12,2,4,0,188,148.1
74,1f6683d89ebac44a936ca0ada5ad8fed1f4e3050,0,4,0,0,40,3,1,3,383,190.58
75,a3e8a98a17d409f75ca6badfc45f7e4e8af1e427,0,2,0,0,4,0,0,11,199,122.31
76,8605890e7993598cbf786bacd814f8c30b14a91c,2,3,0,0,17,2,11,4,333,315.49
77,7a72cacb8b9363a77437a1ec23999c7aed72c7de,0,4,0,0,32,2,2,0,258,215.79
78,8582b48048c2411dbe5b15a0f32e134d9698b57c,0,2,0,0,39,1,0,2,177,152.45
79,b6abc922e33134f834b6043f3d73e62034b01330,0,2,0,0,12,0,3,4,165,122.8
80,6b584c60e3aec75f34b90b7fe673fca72abfb5b0,0,4,0,0,25,17,0,9,339,228.26
81,889037799aa3db7dfea7e7755c2232b2317ceaa8,0,6,0,0,45,0,1,1,676,292.09
82,1eae7f6bed89c9d5c37e0f73b35a5ad0ba2dd4e5,1,12,0,0,195,18,2,5,1002,593.51
83,a5fcd1bc7a7a388632a2398b8449afef1674e299,0,3,0,0,0,0,0,0,361,127.3
84,c1a672a43b9db420bcd29f39ebd13b9703ae5f0f,0,1,0,0,0,0,0,0,235,69.01
85,a13fc9e368e4f85d8d79d4d7ed7a931a4300e187,0,1,0,0,0,0,0,1,154,78.42
86,337c1d920ac23f2e5c9d832c14d764ee98859856,0,2,0,0,21,0,2,13,308,154.69
87,bbe9aee389bcaaa961b3db6172280c15e8513aae,0,2,0,0,0,6,0,0,261,106.61
88,b42bbc022d270f86d21ce198a17b4166828c1d95,0,3,0,0,23,57,0,0,298,156.84
89,4599c3c2cd13cc6a753b52e73ab93a3efb03f72c,0,1,0,0,2,0,0,2,175,129.75
90,d72aa37755a98e7a2f0653699da7907bc5566846,2,8,0,0,127,0,13,44,900,480.21
91,579f29601c41c203f6ddafec2006f0895256a91b,0,2,0,0,3,0,0,1,345,138.86
92,abc3478f7eebddd5898a4e1986a7e380c3d5d9c2,0,6,0,0,107,15,4,18,606,371.89
93,76f24941df8ed849f9934ec2fb82fbd5aad431d1,0,2,0,1,0,0,0,0,29,175.83
94,2f97ea8bddc765734702799ff6660c8b84a35133,0,6,0,1,0,3,0,9,541,272.24
95,713a83f2d4e11f1f97f5d37f52f78c5f2c9aab26,0,4,0,0,11,11,0,10,88,142.33
96,5c6a5ea1dffa5f3b49bdc802df64c6cbdcd5e10a,6,10,1,0,70,40,5,25,1131,822.01
97,8c9a07c74ac111a87acbee278c8bc58c97954f61,6,10,0,0,0,0,0,0,1201,520.46
98,4a1eb71961c2d6cd21b63e403eb4e1efa85bdcb8,0,1,0,0,0,0,0,0,40,57.98
99,46723464c2683d8feed545e8157f13289da4112c,0,3,0,0,31,0,11,15,257,195.36
100,919ef058bca514c451ee433fe223735002214537,0,7,0,0,27,25,3,0,633,302.86
101,8fdb1f7f5ad3947d00d300af7c5b1b59907ad902,0,8,0,0,38,1,4,10,591,342.97
102,79eb14754b18af1e53537acb37b0151ec034e447,0,1,0,0,0,0,0,0,70,54.39
103,ff6d3cc34a09861c2fa811e2fd0f481eae28dbd4,0,1,0,0,0,0,0,0,58,51.4
104,e61510b699c150e491bdd0c9298207e04cda899e,0,10,0,0,4,6,2,7,1085,416.81
105,8e0371c14be571c952037f8243d93411a01676a5,0,2,0,0,19,18,1,0,57,107.17
106,624bbe4b2d37f07e884d8c55f5a0ae68260e2fc8,0,1,0,0,0,1,2,1,119,80.25
107,150ed37f85a79cb73920454b20e8952fb9510285,2,2,2,0,0,0,0,0,254,214.57
108,977c5fdceef059d4733adfd2f0e20675e742159e,0,1,0,0,2,0,0,0,128,83.82
109,bd1dd29dd4e0c0efa4d6bc65fef828e05a78bd20,0,1,0,0,0,0,0,0,130,71.75
110,a9fedd0cdb885e053c977e2a76b01b207ca88bf4,0,1,0,0,8,0,0,2,58,86.4
111,8af8d005dcf42c2a2d99955b2a0f7e47610be38a,0,1,0,0,6,0,0,0,110,93.44
112,8495f23191cf0896fef2a75b6e7cf9c51e5bf8fb,0,1,0,0,0,0,0,0,91,61.96
113,2f246cfc1f5a207a5850260ded16751159624226,0,1,0,0,1,0,2,0,17,96.87
114,db2c4f8bad2a2b5fa6c07344a8599e5b5c96777e,1,4,0,0,0,0,0,0,365,203.74
115,1cd76745f09a7de97e07709a09e769fbc885d692,0,1,0,0,65,1,0,7,217,104.89
116,b27b0d451e67e76dff9a6ebb66ff9ad119432b65,0,1,0,0,16,0,0,0,130,89.51
117,6e74224814171fb207693c336a973b32c6bc48e7,0,2,0,0,24,0,0,2,428,147.19
118,a76c0b324e97124a7dfaef737671339f00530416,2,4,2,0,10,0,0,0,522,366.56
119,0654e34f40a1ae22788d9da2eca252dbd4a53d3e,0,2,0,0,1,1,0,3,362,147.01
120,e9e3d10350103747355649aabbfc3647c4c04bef,1,4,1,0,39,11,2,2,438,277.79
121,0e510a0dd8edb8ffa8c200341d8b7da2f82c8894,4,0,0,0,0,0,0,0,0,206.17
122,bec06133053a76f54a13666c5943c25155ba0e42,0,2,0,0,20,1,0,5,154,121.9
123,456068ccae66be672c3cf89c741b17b71fd9f169,0,2,0,0,62,19,0,0,155,120.51
124,6ac4f3cf19d8b75c92c35b55c08b1a1b0b47f71d,0,1,0,0,0,0,0,0,133,59.41
125,098d1806ec955d9dd178516bf308e9525caf80f9,2,2,0,0,183,37,2,13,180,294.03
126,850459fd9b18091fb82fa0590ef4a97fce4159d8,1,1,0,0,0,0,0,0,220,124.86
127,32d6ebaf3ac9bf9eea3d565912920d02db13add9,0,4,0,0,96,0,2,2,419,242.75
128,1bf290a7b2bbad171079d4350ec8eccd28522865,0,2,0,0,14,3,0,0,63,102.21
129,f6151749899a4e6f4819e4f309c27a1c49120e77,2,6,0,0,35,14,2,1,427,376.5
130,870b2cc11138e32604daafe398b1f93010a2a217,0,1,0,0,0,0,0,0,238,79.23
131,845bcb65961578741e8d1239b2c75906c0b41bfc,1,0,0,0,0,0,0,0,0,74.21
132,6aeabf07bf1b50eff5f761dbf04fc123a657c065,2,0,1,0,0,0,0,0,0,152.49
133,b43f0c3f6aaf198ef2d80e5131d28380274a6399,0,1,0,0,19,14,0,0,3,76.46
134,2985f934fd6c67be0bde1b8c01336f08dd17ef51,0,1,0,0,5,1,0,2,21,70.43
135,c25835612f11fd6f9a6235802fb1e3aac5617291,0,1,0,0,9,3,1,5,23,77.57
136,6bebdcad4b76816c9b34672306a5d29af91f4aaa,0,1,0,0,2,0,0,1,56,78.62
137,411a14abfffb607fb2ed1d0314be222f0fd0db4c,0,1,0,0,28,0,3,6,32,101.12
138,e41773b59f372505a7c65b063f9b23a9820f0a26,0,1,0,0,1,1,0,1,59,84.9
139,7d0c801b16d0d78687c40eafc25eb5e777a5735c,0,1,0,0,10,0,0,3,60,78.23
140,8cd6630bf7e3e317fe63c160173eddd7cddf5fde,0,1,0,0,1,0,0,4,70,73.13
141,f4aaec7d075a3d8a619635ae7da52d78f7d4ee34,0,3,0,0,6,0,0,6,240,195.41
142,1f16327313c4103c6a202aeecc655ebfaebbddec,0,1,0,0,0,0,0,0,66,64.77
143,bcdc49dab955a21f4c4f21b312e112d7f8f49e03,0,1,0,0,13,0,0,0,71,96.07
144,9f6bb6bd5118d13e176869c3aac3adafce7e25cf,11,9,11,0,0,2,0,0,977,988.97
145,3b6de81058ab7d62d0b99efcf409a90096fdff9f,0,1,0,0,0,10,0,0,77,69.35
146,5447fa94474095072b4f8ec1b13643d39b2af16c,0,1,0,0,36,34,3,0,69,107.79
147,b16e1aefb3ac5a986513f1b0eb29f5c4a658090b,0,1,0,0,0,0,0,0,152,69.49
148,730667923906ea234d8012d4ab5b2ca0b9e41459,0,1,0,0,0,3,0,0,284,87.78
149,65b16842f072ce8e070ae964e575c59994d00c81,0,1,0,0,4,8,0,4,161,97.65
150,25da300345695f3f0becce23e2fe9e3612136476,0,1,0,0,6,4,0,0,89,76.66
151,7120ff86260ec19e2fd82fbf40e594b9accf2b33,1,20,0,0,59,107,19,27,1644,921.76
152,f40cfc6cdf575039eeb9051fd35b62d78f3a0af6,2,0,0,0,0,0,0,0,0,157.93
153,e1e529e230e6c44a62882a76ba47434a823a58ab,1,0,0,0,0,0,0,0,0,77.0
154,0a90188ef137d4d57adc73e1708d83e87f54ca13,2,0,0,0,0,0,0,0,0,142.78
155,732e959b3a7f3206ef2665b6c238a8e637827833,3,0,0,0,0,0,0,0,0,222.81
156,e338b99907f0b57c42088226cb5443830799fec6,2,0,0,0,0,0,0,0,0,170.32
157,cbc3b1a5a534bf5be99eb6dbee91b449693dc29c,0,1,0,0,0,0,0,0,27,57.49
158,93b38df4c3cbafd06cda10c9f54c9620fc2575de,0,1,0,0,0,7,6,4,53,98.13
159,a754d7f54012688f032b67c098870a7f4331e270,0,2,0,0,3,0,0,0,186,134.24
160,cd2e81f978c863381016935fd9cba2e675a4fbe2,0,1,0,0,1,1,1,0,59,101.96
161,522bb630de0a587072bd1843820aae75073f9d11,0,1,0,0,0,10,0,0,107,78.79
162,708242ad57c8511a64fb3f398d998e1ad4b43505,0,3,0,0,8,1,7,12,458,203.63
163,3e3b9ac2d280658986b075904f72526ee9e8b5a0,0,1,0,0,12,0,0,0,27,72.34
164,02416618e7384e3dd9283ce1bc6709e8e7d32bf2,0,1,0,0,22,18,0,1,50,103.41
165,7a55aa3e9eb109b81908ee2c4208f8f51f506dfb,2,1,2,0,10,6,0,0,66,220.79
166,c07c7714ded46a76ed50549bef6f70a69fa61060,0,16,0,0,68,68,9,23,1490,708.22
167,13483003af8323f096bda0034a933248b31e4049,2,11,6,0,48,96,9,7,779,702.67
168,4f632db1dade203e0d86099e107f261c87300845,2,17,0,0,96,59,10,27,1280,1034.34
169,9a569f07398d407ef8202374ef62588af72a93af,0,2,0,0,0,2,0,3,116,111.4
170,ce1187d0ce62459b33ac3bd5ddab496d5d1cced0,0,4,0,0,0,0,0,0,405,143.96
171,3498dfa1a31dd094fd83a5ac7387aeba36ed1238,0,6,0,0,8,0,5,7,736,285.01
172,2470b2bc288e2c93d5c9e7e3d1d226b74ab22c79,3,6,3,0,2,0,0,0,547,373.88
173,317bc875129e4bce465928062157c91e40822343,0,2,0,0,2,0,0,0,309,129.79
174,01ab9c94a0986c00f2cc535b3c9cc67d548792e9,0,2,0,1,3,21,0,0,94,189.3
175,c403dc3792bb3fa68eb3bd5b39d4812ef1158432,0,2,0,0,18,4,2,0,160,140.26
176,7007b142a9c549c39864535f8d336f68b133dce2,0,9,0,0,78,8,3,8,794,452.43
177,24c2109f3fac8e1738919f83529fd50dfafa308e,0,1,0,0,4,0,0,0,84,76.02
178,d5185fae23b82025324f11c4bc3f8053555d7f02,0,3,0,0,8,0,0,1,568,201.44
179,d9401b89ea24690eebae4bd4b75d9e6ad047bc7c,0,1,0,0,0,0,0,0,95,54.27
180,4f7c06a1e5ccd159b116993b2bb9f1c12e508b3b,0,1,0,0,0,0,0,0,91,56.57
181,7db3f99a258ecb8bb4774fc688cd54e726a05f5d,0,2,0,0,4,3,0,2,155,182.52
182,e9d0b3efe02a2f1e775664456b0c3173669413a6,1,0,0,0,0,0,0,0,0,97.48
183,c56f34c075734c95088a35b536972cd7cbbc028b,0,2,0,0,4,3,1,2,61,129.05
184,7a77bf5030d95e9e931d9d82b563219d35f1b8f5,0,1,0,0,9,0,0,0,46,77.17
185,1408e3de7adc298e9d764a3265b129fa9e5d32ec,0,2,0,0,45,0,2,4,175,119.13
186,533e34bfa692c1153253788cd081ee5169da10fd,0,1,0,0,0,0,0,0,226,75.23
187,dda73797e5283147c35b929b4dfe2789240b5bd6,0,4,0,0,0,0,0,0,190,120.12
188,c340cfb9e0b0d7c94b17bdb3d7eac552ca00468d,0,4,0,0,20,19,0,0,171,139.25
189,4bd3e2b38cf48b93eab0f80eb6344b84ea5d4a1a,1,4,0,0,6,10,2,1,456,212.69
190,5c744a67a9883cd12cc5db8fbf5a5da9965f08b4,0,1,0,0,0,0,0,0,226,74.03
191,c3e53aec845096446c201216d6a96cf9ddb3921b,0,2,0,0,12,2,1,0,187,124.03
192,2e290cfec4497c614cf57d176e0f54b42462e49a,0,1,0,0,12,0,0,0,98,78.78
193,d4d004c3715589e44daeb124ec52752e714176e4,0,2,0,0,3,0,0,16,166,121.41
194,f0ee8f5d1318b6ea694e1423d15a84960ffd758b,2,23,0,0,102,303,28,52,1507,1182.6
195,c58b690930e1b9428396358d4873661797e8c6c9,0,11,0,0,61,21,3,8,554,399.69
196,0d2984ba0a4e067460976529357b5c8703e70b9a,0,1,0,0,0,0,0,1,32,68.03
197,fb278c7e04e2c962e8a5d8e2dc83638f30cb6ad6,0,5,0,0,13,0,0,2,183,229.73
198,e5593bb0b1650a6461b26e8d948c624721a5b05a,0,3,0,0,0,0,0,0,156,108.9
199,a9e802fee8c23641fe34f36014a15c8e5472044d,0,4,0,0,0,0,0,0,289,147.68
200,ca6687fafddba2d69175021725b525d308cda054,12,6,12,0,0,0,0,0,666,969.46
201,f9db0e3af7b87c720784c2f86d1c9aecec2f837a,0,1,0,0,9,0,0,1,126,82.8
202,e6b5c5f3b2302755aeed7d96ad084c8f37f6a94e,0,7,0,0,6,7,0,1,763,314.57
203,cfd104b79b7c1d4054411fec68573660cf59ad3c,0,1,0,0,7,0,4,6,227,98.61
204,b2a302f67e901de0b22f6b39a71fd8ac24c5521e,0,1,0,0,0,7,0,0,25,66.25
205,6bd3cd01ba05e2d43baf1330295c4217abf32f92,0,1,0,0,4,0,1,4,95,104.65
206,6073c4fc07ec7c3ee666f0859a63e581c1412735,0,1,0,0,1,1,1,0,75,102.32
207,11abe08d1089eeab2dac248ce56b85e004cd3400,0,2,0,0,25,9,1,3,115,117.26
208,6b4e64eefae1011e831615a63eecd40d47d4cd1f,0,1,0,0,0,7,0,0,18,58.66
209,ac165a5494995e501dce33753f2926c99d67edfc,0,1,0,0,2,9,0,4,126,106.56
210,ba7b929c4feb856ed227bd3488ae4d84418bc84c,2,0,0,0,0,0,0,0,0,157.93
211,152c26ec29628a913b766b243184b04c41c05d82,0,1,0,0,4,10,6,2,54,103.11
212,e636600ba350fed6f180e56a491590b422aaa22a,0,2,0,0,7,17,10,30,237,142.57
213,8d90f34b2027cd4a38e774208b14c36f362c644d,0,4,0,0,63,7,13,39,496,275.34
214,eae08cfbaaf41a562db98c954f136742fdb639c1,0,4,0,0,22,10,1,5,372,206.59
215,7073db7981b501b0aad91dbab01bdff87395f463,0,1,0,0,0,0,0,0,190,69.71
216,52b57f47a64c2d4b7339c6e343c532a7893a18c4,0,2,0,0,11,1,1,0,279,131.21
217,5beb4ce6950efe7c969815c7a6db7064d413a186,0,2,0,0,4,1,0,0,209,125.91
218,ee08583fe92e8b2e3652212e3fff902ba6ad7d8e,0,2,0,0,8,0,1,4,134,113.39
219,e4d1bcbfa129f0f2b25434a29b74adf1db17e55f,0,2,0,0,8,10,10,30,289,140.82
220,16b2641956409f842b657365242462217faa5012,0,2,0,0,16,0,1,10,224,126.71
221,472132e55e5d76bc54825587f77f04c0ee81e90c,1,0,0,0,0,0,0,0,0,81.81
222,b99c5284298c41818408dd7e2cb09e2b98065ae3,0,1,0,0,3,0,0,0,41,73.83
223,084fa925913af1a7e47be8a98c609a65901419b3,3,0,1,0,0,0,0,0,0,188.9
224,0575204ef415ff0b8601d32d2870feb14cfcdfc5,1,0,1,0,0,0,0,0,0,85.14
225,01eb803d496a40733cda0a04171f63c37c69dc05,0,1,0,0,5,0,0,0,159,85.34
226,7143465d7da67082fb216b22922088710d629b1f,0,4,0,0,16,44,0,5,570,218.6
227,75c77cb64b33198d2900130242b7d4f5d46bfb14,0,1,0,0,6,0,0,0,164,82.96
228,f34f4d83c87174124495a374b44ceffc97bfd04d,0,1,0,0,1,1,0,1,43,93.93
229,2ef9f55f1e9a8784ecd47b6b22fc15e6c8eaec1f,0,3,0,0,16,17,9,30,496,211.1
230,8013e7544b145d92da954cb3f30d4200d6144354,0,2,0,0,0,0,0,1,344,113.03
231,6907119b267c4d352eec28a098f2b43cc72a3c49,0,1,0,0,0,0,0,0,204,74.81
232,2fb9c1e536030048421bbc8912972335e5b5d0d8,0,1,0,0,11,0,0,0,84,76.63
233,63b98ec779a4324b739be30200732f18246ee9d6,0,1,0,0,12,0,0,3,44,79.87
234,b2788ab7e9e20f70694002895556b84130077ec1,0,1,0,0,6,9,0,0,159,83.72
235,d68cc7ce1826451ab3254300986f787bd1067951,0,1,0,0,6,0,0,0,292,92.34
236,caff5dbc36012033c1e455dbbec4f0fa5524a0f9,0,2,0,0,5,5,0,0,384,127.77
237,53ce1d786e97593f0da87229a05fdd527f849e5f,0,1,0,0,2,0,0,0,56,60.97
238,cc17bab0ef7b90cee14b601e66d4b3cdc64f335e,0,2,0,0,47,11,1,0,259,122.44
239,3f02045d917311731dfd03688a1c2b0f8dfb97d5,0,1,0,0,0,0,0,0,293,84.76
240,359ac91e8d074262810a5d21c920767a12024898,0,3,0,0,0,5,0,0,618,165.89
241,e86a874b12bba5d32ebd4f8010244c88ca25ddc2,0,1,0,0,0,2,0,0,139,67.6
242,570d0f48779b744e8998932b615ab5fb986a8c49,0,1,0,0,11,0,0,0,76,64.35
243,814cc8c75c7a60a155d2ff8e9bc4e691f6610d82,0,1,0,0,0,0,0,2,87,67.41
244,e3d90a2803888a18db6b24fef9f7fb0b1f45b47d,0,1,0,0,3,0,1,0,165,99.92
245,7618f76377dd41f4a40e762796fa8485c79833c3,0,1,0,0,3,0,1,0,32,67.34
246,5e19fe9bf50b8b5897239b26c25e310792425bfc,0,1,0,0,0,0,0,0,35,66.17
247,d89bdc8b064d3c19577e491e1817c9608cb66f60,0,1,0,0,11,0,0,0,87,82.33
248,0ab178725f627b579090d8e732c1d1e83906bb40,0,1,0,0,1,0,0,0,98,87.49
249,cdc49db0a19f55ac6e773171b5c5d2c092209ae7,0,2,0,0,2,1,0,4,332,132.92
250,acc7300ea110fbb1cf97f0ac9dd03a921954471e,0,3,0,0,36,0,0,5,358,189.07
251,b3d0a8bf343299dff8724cc8ccb02d4e16364ecf,0,1,0,0,0,0,0,0,234,75.01
252,1bdb92e9b4d6779298c44866b1ac910c060bc9fb,0,1,0,0,10,0,1,1,95,81.93
253,d83f0ca4dec03beef4979b6a27d80b1a7212be9e,0,1,0,0,6,0,0,1,293,101.43
254,dbd2d585ed1d52d807abfd6fc89205e3ce2623c7,0,2,0,0,22,0,12,2,164,146.74
255,0677dbacef96e5ed8b8c2b81cc28a934e8213996,0,1,0,0,0,2,0,0,136,61.86
256,9176e04d20d4fdf22849c9bf024707a64752e490,0,1,0,0,1,0,0,0,73,62.93
257,1cfc959fd8955ae0cc8e55ff2214ad2cb092ba10,0,3,0,0,60,67,6,18,380,222.4
258,c5ef27eee03b5b696cd616db793094a64cd384b4,0,1,0,0,0,0,0,0,207,75.32
259,a6889150c0fa7f0fddea4008e628c454721d94e2,0,0,1,0,0,0,0,0,0,44.5
260,e5296e1799b88c883dd47412f6ecfc76bd972991,0,1,0,0,36,13,10,6,194,111.1
261,8a3ef4a19d472a15150f4947f614fc859d750106,0,2,0,0,8,0,4,9,432,142.58
262,ed36ed238b064057ae55d816fb567ab16c1b3a43,0,1,0,0,1,0,0,0,236,90.37
263,b15cd11d32e8e5f2a2bfe6f6d68137cfbd09cc26,0,1,0,0,0,0,0,0,100,68.18
264,d9dc08ecd0751e86f2c49220745d26914186f7b7,0,2,0,0,0,0,0,0,397,115.19
265,37e9c7d66600ca864f8a3dad6dd1e2a90f3ecc0c,0,1,0,0,22,0,0,1,128,105.36
266,4132f8d804ba2c00a64c4c69bfec981dade6c4d4,0,1,0,0,0,12,0,0,225,85.81
267,40c08b97955cf594b6c2a01f057e824161b3b3cc,0,1,0,0,9,0,0,0,150,99.15
268,f98737bffe63c1942921f598c76d91f5d316e580,0,2,0,0,26,0,2,5,101,120.7
269,ac51585c1671a00532bb2ba2c271a6b266ce9fc5,0,1,0,0,0,0,0,0,234,76.56
270,8e6217e93d08183cb9da7c125d8670b9b5265ecd,0,1,0,0,0,0,0,0,80,64.2
271,3ed4dc77ec81d5f2d196929acd2fb6da62d971b1,0,3,0,0,30,0,0,7,460,177.13
272,ae1bc0c458f4bd65dad4340d6cc09654446c134b,0,3,0,0,2,0,0,0,490,151.57
273,0c936020ec4a0963ffafdd7eed2c8a4fb22b4ad6,0,1,0,0,0,0,0,0,159,73.85
274,e01d79ec65c3ab97e66e8bc808c5877e1e8d303d,1,2,0,0,48,0,3,7,467,210.96
275,ff8c433d5a96010ebe36791c480c38366aa7fd8b,0,1,0,0,0,0,0,0,338,91.89
276,eb0f92622d078f3efdfd8db0b27046f5d367317e,0,1,0,0,0,1,0,1,54,81.18
277,64a462bfecdb20183665b792470182d6d2ac45d0,0,2,0,0,4,1,1,3,73,130.65
278,4a751dfc970183acf0c23fa98e18023ed87cdd53,1,1,0,0,2,0,0,2,100,208.94
279,98b22dcb2ef84f4c20335400018b9e57a54e2950,0,1,0,0,6,0,0,0,35,65.54
280,cf474fac0326b1b1219a7057b06a0aea1bc63804,0,1,0,0,0,0,0,0,41,58.73
281,c135c3b2f29d673396d4f42477eab1206123da03,0,1,0,0,0,0,0,0,41,64.73
282,54640d3aaa1404d25cb70f7472f2285b87ef568d,0,1,0,0,0,0,0,0,177,95.71
283,7172568ccd4ed4235011b8fc5d9d4a8a2b89d63d,0,1,0,0,0,0,0,0,177,82.35
284,f6652b417adf02d119e381b47e460b8da5aafc03,4,0,0,0,0,0,0,0,0,223.83
285,51126f1db31bbda9c7d036c3581d0c90fcdaefb9,0,1,0,0,12,0,0,5,34,86.12
286,ca15712f4b983ca092c966db9a5d35fd0b72dc31,0,1,0,0,0,0,0,0,57,59.33
287,fdfb94d5f05e3a8f823aac7a856809966f12c3ce,2,0,4,0,0,0,0,0,0,179.9
288,6b4a01af24bc77582e791e36a50d8600bbf8ff76,0,6,0,0,3,0,0,2,624,266.69
289,969c605074f172a7ad5310e19beb1b6334b44722,0,1,0,0,0,0,0,0,234,74.09
290,0bd9e4e7f82f72236b4a0f0b09f86955b074e162,0,1,0,0,0,0,0,0,339,92.67
291,72d3a583cce126d4e4acb508fafb35a0782516a6,0,1,0,0,0,0,0,0,95,63.63
292,64d6f7dcb95cb1569ab4eee986b6a9227bbeadfc,0,1,0,0,0,0,0,0,177,76.71
293,8b2b07a67288b05c05110bd76b2592f276ebeb64,0,1,0,0,3,0,0,0,95,85.1
294,709ef124dd7f26b026a5b1e2eb42c99954ae4a05,0,5,0,3,24,0,4,1,437,401.65
295,9e02fe2b4cc2f32c73720c8175d96a0f21375be7,1,0,0,0,0,0,0,0,0,104.21
296,7b5cf61c5be6de19302ea695b4aa22fd2425f2f0,3,3,0,0,5,0,0,2,295,321.54
297,7b42e19ab5b0bce3176ae55c0227cbfa7d323a86,2,0,0,0,0,0,0,0,0,140.89
298,fa5693e5452b179a715318a3c85f775b572a600b,4,6,0,1,91,21,2,10,326,468.64
299,c531c6f8a7672d1716a3d55d581f06def3f7688f,0,2,0,1,1,0,0,2,265,182.65
300,984107d252c62f91b0ff1516605372aa1406ef61,3,1,0,0,2,0,0,0,75,169.85
301,62156156c89d9378fd4f9a7013ee905f8043169b,1,1,0,0,2,9,1,4,98,150.42
302,80e9f677acd3839d15147fc914789021d31c84d3,1,2,1,0,8,0,1,2,132,174.18
303,c161cb7a8dda93a56781896bd1b7944fd71fd6c0,1,0,0,0,0,0,0,0,0,81.9
304,41c6483a6c2e9db236d782c519a0c07448eb61a2,0,4,0,0,102,2,1,5,251,245.48
305,8418889455c5a7e0e6ea7a3c8731f5eb206758de,0,1,0,0,42,0,0,0,14,73.85
306,8a9dd16eb1033960807d8b6261b34a96c5e558a1,0,1,0,1,4,0,1,2,76,114.93
307,7b24460909448f79b9b6b4d14054e9e9d4c3b80e,0,4,0,1,46,10,0,3,177,244.1
308,8d3f359e5528deab3f134b9beb748721ef43ae2d,0,4,0,0,35,3,1,11,221,179.71
309,679d0b72ebf182baed27a02dc326ee7898137f49,0,1,0,0,20,0,0,12,157,122.91
310,774138bd0d81556ac01eca138455ae6cd7838957,2,11,3,2,43,2,6,9,453,657.34
311,9270bf0b8c2fb8d41a07a445dd6631933ed0e031,1,3,0,0,9,0,1,1,285,197.22
312,4e5f72d86fc458fe3b95ef38e07add353a1a88d0,0,1,0,0,0,0,0,0,259,79.36
313,5790700583b98383b0b1411916e693c3bfebb575,0,1,0,0,1,0,0,3,178,85.77
314,4942dc425d00af6446484c3327e5c29a38168f9e,0,1,0,0,0,0,0,0,179,72.33
315,52a7e1d8a849ee653950cb78e74704e24f356d63,0,1,0,0,0,0,0,0,179,70.68
316,cf9f37f4dd9af0f0b798e4bbd9f71ed7b4657f82,0,2,9,0,24,0,9,5,196,170.43
317,d7b83fe25e72ece3175e153b0f2fd104365cdcaa,0,1,0,0,2,1,1,2,41,412.5
318,199413143e5c4fa108a96fc7a15aeb3310e93926,0,2,0,0,58,1,7,9,171,141.91
319,a4c378b9be0d13b5322a220d181c37fcae54a4fa,0,2,0,1,4,1,0,1,104,153.89
320,f2bdd5c4216b208ad325935d00bf302d8717f4a7,25,10,29,1,0,16,1,0,823,1767.51
321,b1939d34ead10d27785c42ebe8224ca1fc78c3a9,4,1,4,0,0,0,0,0,234,299.1
322,5fac055c516e31866ee137f839da9fd3b893aa7a,0,2,0,0,0,0,0,0,312,100.12
323,ad7bb1ad99c9c9780d3211a3072da047236ed283,1,0,0,0,0,0,0,0,0,74.84
324,9fb2e8b51f287ccd02b094290df9d4acb193d8b3,0,4,0,0,12,0,0,1,489,198.72
325,b52727d1aa541cf41b0201ac2e40a5b5ee07ab13,0,1,0,0,3,112,0,0,47,89.8
326,f58e7bc51bd63b6d323af04d8d166d2838724963,0,1,0,0,1,0,0,0,65,75.1
327,5e7aa8e49bdeb2f0fcccce519e55547ca6403770,0,1,0,0,0,0,0,0,10,56.53
328,68bdb2f011766bdf46425008073c9d8963383f4d,2,5,1,0,6,6,0,0,484,308.29
329,646b7e57c45283b101480ede413f0a6e90b3b60c,0,1,0,0,69,51,0,3,128,98.94
330,449e3f49f2341c2806e7d707e0a0850c8f664043,0,3,0,0,39,0,0,2,295,150.42
331,fd5e8a8b05938ff1eb6abbcf9aaf4d0c7c74535b,0,3,0,0,22,0,0,3,360,155.99
332,9874195f90a564fad5e4a4113b47b06cd37b0e8f,0,0,1,0,0,0,0,0,0,45.7
333,9fc3a881451c5acfc5e46560200559c48db6f8bc,0,1,0,0,5,15,2,0,7,99.75
334,db60d146d67a875784136556eae2f8bad4a888d5,0,2,0,0,16,0,0,3,240,114.18
335,4954618a253f68e85795bc4a124596ec936d62a8,0,1,0,0,0,0,0,0,28,58.6
336,ecd6f515bc2a0b2eb4e7ac4850e6bb6bd5ca6dc0,0,2,1,0,4,19,0,5,288,120.8
337,4043cf446c5a5175dcdb6a2f6b61e8b7d122ca7b,0,2,0,0,14,0,0,2,256,108.39
338,1c18f2429979dc68622806a6b02c30322e9489a0,0,1,0,1,32,8,2,7,60,127.05
339,788a6c733f2c4770ab0a8c396e49cae67ea380ba,0,1,0,0,12,0,14,7,108,73.98
340,a6f84eeaff1225df93bec7ecf4645a00c4d354b6,0,1,0,0,0,0,0,0,46,65.09
341,60f4775b86b5d5ee0744a1c3211b204f19814394,0,1,0,0,0,0,0,0,46,65.37
342,36d5fe1d29e25763552a2be75391a0cf6a515b02,1,17,1,3,298,131,13,17,979,959.43
343,bbbbbd33ec8a164fc4bfe5aeda6b915a6d2298a5,0,2,0,0,3,0,1,5,309,141.27
344,2435f48d493cbead115ac57f41be383573b83cec,1,0,0,0,0,0,0,0,0,80.49
345,11651a7c54dd9193016354e02cafc037734902a6,0,1,0,0,0,0,0,0,246,84.55
346,8f006e625a17346dc68d050692fcf728ce74e0e2,0,13,0,0,201,29,3,14,976,577.34
347,891265a2b5dc2c7b84d5057273db3f48b9b5f6ff,0,2,0,0,14,0,0,7,359,145.21
348,361070f8f279ebd97bbf132ebe78fc4f7ac818b7,0,4,0,0,22,63,0,5,379,209.63
349,3c67e5f578f60f5f15a13c1697dee332d657f00e,0,3,0,0,33,5,1,4,398,171.35
350,fab568101969157ddd4e2283dc6d3e71b522b0f3,0,2,0,0,7,0,1,2,296,135.89
351,2e9116370118d26846b949f3802ac04cabe56a25,0,2,0,0,3,0,4,7,171,120.76
352,539603ee92d14a0799c16a6d2bf3e5289d4301d6,0,14,0,0,49,37,4,8,1010,673.32
353,b7223a84168b7e732c2c61e1887681b311361059,0,1,0,0,1,1,1,3,274,118.94
354,3c6f3a75755b719d11c31f8c4856b30f201687cb,0,2,0,1,11,2,3,0,287,196.86
355,fe4df36e1d65db4957a5d84aa2f013bdde588470,0,3,0,0,9,0,0,3,386,169.97
356,20e537d224ac5103de5f75f3987921953eb5393a,0,3,0,0,26,0,2,0,310,219.24
357,bdd8b76f633e0c1a4f14f5d6d67425aa9e7c8de4,0,1,0,0,2,0,0,0,263,118.27
358,a25be04fe2e68b2b7f4d46186b263b56587b2251,0,1,0,0,32,23,1,1,79,105.84
359,8de88ebfd256e5bbb4c837afd46cd493c96e5bca,0,3,0,1,4,6,0,0,363,256.25
360,bd8810f0c838b2fe44862432ff9bd0b83b167158,0,1,0,0,8,1,4,9,148,109.35
361,6db56d65fadc425e2d77d59117609452e60a7efb,0,1,0,0,0,0,0,0,275,87.38
362,5ef80ee290827cf2b0c86f57afb365f9537d78a4,0,2,0,0,8,17,1,3,162,120.47
363,f34676cc25a09a85a59ad4bf3c0e31234d8741ce,0,1,0,0,5,0,1,7,275,122.99
364,c0d933b5875b0ba4086c1fca78fd142d5ad66afe,0,2,0,0,5,1,0,2,166,118.77
365,e638faf86dcefa3391b982f4f2920a2c94ca7669,0,1,0,0,2,0,0,1,26,61.86
366,3c65db1239f69d0e341ede8e0bf4d71e0fd7ce91,0,1,0,0,1,0,0,0,28,65.91
367,61e6d567d47b82cc825c1c7538c28534e6ec5041,0,2,0,0,10,0,0,1,425,141.28
368,fd058af54ecbdde14f909dd2d1f9ad5030e188b8,0,1,0,0,3,0,0,0,33,60.88
369,ac3cd7868dcd98262acc2fdb66e4c5697208e7ce,0,1,0,0,2,0,2,0,280,101.25
370,2d75f0438ead45d5a7902ff1523644c6c8ff9c0c,0,2,0,0,4,0,9,7,374,150.28
371,5e036bf847fe79dab03d2725031fcfc59ec6eb5a,0,1,0,0,0,2,0,0,267,83.72
372,15acbdd6e552a8fd17145e9dd77c0568689001c8,0,2,0,0,16,0,1,2,169,134.64
373,f117aba3cf4f82fd84fdb1425e094b58c19fd9c2,0,1,0,0,5,0,0,0,45,94.12
374,b420556fadb2be5284db7d7157133cf2bc5446de,0,3,0,0,13,7,5,5,358,263.84
375,a5daee9d3c17e93a9082c7600e1483fc805837eb,0,1,0,0,4,0,6,7,288,141.06
376,0ec3fd68d1b14fbefd11a2384b73eab947837a6c,0,4,0,0,27,7,6,7,472,283.36
377,1848f6e8397fa1cb4f7170f5068e603ac0b5aceb,0,2,0,0,9,0,0,2,277,119.67
378,540df43e0d22c7ffa256d3908ce4375177e18ec1,1,0,0,0,0,0,0,0,0,120.96
379,7af03f967bb1f9d4ccfef72d71ab3e1402fcaac9,0,2,0,0,0,0,0,0,294,132.67
380,e0b63c61b35eb14c999b1beb6e239bbb8d6bf22c,0,1,0,0,0,0,0,0,248,82.44
381,2ace40beac7a2be771d03b4f01749ad5cfb0e8d5,0,0,1,0,0,0,0,0,0,41.42
382,460e6baaf458749f75ae7ab3b7a4eca3da73a54b,0,5,0,0,114,22,4,4,613,358.89
383,58207f7c0a55ecc37b91ae9af53d8e5f3e7ead96,0,3,0,0,20,0,0,5,559,195.18
384,571866b2e676ec48597bb72d18ae86ae153f5d23,0,1,0,0,19,0,0,0,70,87.32
385,b5b27e3841bbc46a71b96e593a52c4a4e6091a74,0,2,0,0,10,9,0,2,461,178.47
386,73b091a3d52011ca89ca88727b3249b53b33eb2e,0,1,0,0,0,0,0,0,37,52.61
387,0c34f1685fb53906f20d219346e8f8dc7cbcbf7e,0,1,0,0,0,0,0,0,49,62.34
388,1a78ebd83cb7f913381def409133ea9c18b8864c,0,7,0,1,0,0,0,0,494,304.86
389,adc0d2f18be4d857d2964266c526155342eca5eb,0,24,0,2,13,0,0,1,1724,846.3
390,666d67f1c09c5cbe767cdaffe5691fbd79526133,0,3,0,1,0,0,0,0,331,203.23
391,60e14b64d99956cc130d4548e21dfde9b02d9771,1,3,0,0,66,1,2,1,641,315.1
392,1ef3b72ae5ab4754af012b854846f90922f67cb6,1,11,1,1,161,42,5,8,719,647.86
393,60111f8f8109732b0a93415d8e5550cf49313453,0,8,0,0,64,43,0,0,873,418.47
394,356c02fbfebec72de1f2c2383278d599d6fabeaa,1,7,0,0,53,25,0,7,438,341.65
395,281418dad706e37779fa2f5745d7a834044a2662,1,5,0,0,49,4,0,2,529,292.07
396,56190dab223d279a250478e2a638b91cff1cac49,1,0,0,0,0,0,0,0,0,87.49
397,acd79a0bd9310e0ea12c0bcb63c9f0652772f499,0,3,0,0,9,16,4,9,360,176.56
398,c5266835f84dd56469f830cd12edcf4e5032cdfd,1,1,0,0,4,27,2,0,97,148.55
399,48d07862810c84f9f9956fb7db6b9e0443ae235d,1,2,0,0,1,2,1,0,102,190.17
400,e04fb35544b842dd22a0b1bd60cd46bb2addcde0,0,5,0,0,0,54,7,6,800,265.74
401,b869aef09741afe28116c381fbccd89acbec68e2,1,2,0,0,78,4,2,1,345,198.49
402,fe85eceb005b274807288254aa5ece83f86987ee,0,2,0,0,18,20,0,0,132,117.39
403,fa4e15428143314044dd9e65c6b1cd5db59c1cc1,0,2,0,0,20,29,2,1,104,132.45
404,788741cac2cbdbaa19858669c2ece391ac3a6819,0,1,0,0,3,0,0,0,23,77.25
405,570d205cf6b3a502bad3e8f129aa8d9e0f6ebc47,1,0,0,0,0,0,0,0,0,86.68
406,6ef8c3b3742aeef2616fca08ae60372a1c5fdd6c,1,6,0,0,132,15,2,3,479,413.51
407,82201ff0b00e870999b9a9a6fc194393cda6303a,0,4,0,1,22,0,0,0,108,235.83
408,f5d9fad8e5ff1af364b3d530a1b3f569bd61551c,0,4,0,0,65,20,12,14,377,203.78
409,0330452231c9dae85bb642fbd7a8b9cc16c6777d,2,7,0,0,93,16,10,7,873,400.3
410,88e35cf8e083125329efa29f59c2b071ea3f614a,1,1,1,0,0,0,0,0,131,150.81
411,fce6f86baf13afb2511add3cedc85c8ead1cb696,0,1,0,0,2,1,0,3,282,92.78
412,6416868c2dee895fcea2b17237aaa23714a9f646,0,1,0,0,5,0,0,0,272,88.12
413,c845b605cdf34dd29f23622907be88dfbb71099f,0,5,0,0,57,23,4,11,817,284.17
414,5e94f4add35047a2dd34ec9e9a35837e36f0a1b7,1,15,0,0,21,0,0,1,1341,560.66
415,0b2c3bbf466ec9b532a55d898c41901b2e4501b2,0,12,0,0,14,1,0,5,1495,475.11
416,6315964963ed5ca6e05ff2cf101cdcec1342a0d0,0,2,0,0,2,0,0,2,86,131.84
417,c28a0ee77640d957fbcabb4587b5b5df6243931d,0,1,0,0,5,0,0,1,32,96.16
418,a74da51356d253210da0f88cdb150ad91ad95f5b,0,3,0,0,17,0,7,13,495,446.03
419,ce5c483a5307cac8ba699bad26925b5add813923,0,1,0,0,13,16,0,1,273,102.76
420,a52cb751ff0de2215eb86ccdea50238a42857332,0,2,0,0,2,0,0,3,364,132.18
421,bc062c60b2055d30eefc912358455de86a74df9a,0,1,0,0,21,4,0,0,63,64.8
422,277034b36bd1a75ac2f7f4abeb5044b9e65fbe47,0,1,0,0,0,0,0,0,84,54.74
423,4c9a477bf4443a6919eb338469210eb900800f08,0,1,0,0,0,12,0,0,119,70.23
424,dc4995ef69be445f02822af6cbe24e5664942f02,0,1,0,0,35,2,4,17,104,93.66
425,31820361c5d4f0bf097c13d437c01a7f65663c16,0,2,0,0,10,4,10,8,438,162.67
426,cdb0f1a0af8e4d8752764d23099522b4b40e1fe7,0,1,0,0,2,0,0,2,156,76.88
427,3f55fa01d07fc1e9ad54b6df302b8881053b5d5a,5,2,0,0,33,13,12,8,578,421.23
428,cfa708951a047ab3cca77e85f9a3dfbed5ca4f82,0,2,0,0,6,0,0,3,439,132.87
429,2338ae61c37d251c91a51243fd5969c7abfd92f6,0,3,0,0,14,0,1,9,472,192.83
430,2d1d39b54bb08ac829e66c820d11a17b19b6b296,0,2,0,0,9,2,2,9,196,124.67
431,ea2a76fdbea7c9250fef2e025049603b150bb774,0,2,0,0,2,0,0,1,178,117.8
432,83bb6c45d9ad5a2556a51232a380901842fc21ff,0,7,0,0,30,43,12,3,857,307.81
433,284ad826aeb75940f251632cdd1a58467064b37b,0,1,0,0,11,0,0,0,37,82.06
434,556e665874450fddb6aff505f958918c7b9762cb,0,2,0,0,4,6,6,7,445,144.58
435,c5698aad11f640200111724417563479be2379de,0,1,0,0,9,0,7,14,156,100.32
436,a56f6d2fe62351f432f359178ff07347425dd960,1,4,0,0,41,47,1,7,282,308.98
437,aeff357deeb99e146d49ff27a44a62181437dc6e,0,1,0,0,11,1,0,0,292,113.84
438,2d027aa34a3e120e03c53bc741b5266dbafc0633,0,2,0,0,46,0,14,10,468,214.93
439,85641cfef013672ce314d49f43430a73bdafcc52,0,1,0,0,12,6,0,0,161,227.39
440,8256a00aa48ca6d19b72620a139bb46b53d3b951,0,1,0,0,0,0,0,0,173,81.72
441,aad798def46ae3d35a113a74d9101b4174c2049f,0,1,0,0,1,0,0,2,295,120.48
442,36f31fca5abaaa1c3860ca55d7e1b64a611ab288,21,4,18,0,33,41,0,1,679,1285.86
443,8b5991dcc3f37f1d52aaff82d212d0fe188b6413,6,20,4,0,112,83,6,5,1747,1698.37
444,83be34625817f9e3daeae699c587df91527d0c3c,0,11,0,0,986,1,2,1,3341,853.48
445,6c8f30b19ba36210c87ecf00fcf1c3d48e1ea052,1,5,0,0,72,9,1,5,686,344.22
446,ca6a794a959e790e8cf4673756cbc6928167a33c,0,1,0,0,3,1,0,2,345,112.98
447,94eb55b4d752144172fcec391fa4a4fe7d9a309f,1,8,0,0,46,25,12,13,760,427.98
448,fae331737ba165b50ba1fcef9bc87ccef9f48143,0,2,0,0,13,0,0,2,431,141.52
449,cc409e8780c3ca86b360828c868d578f153cf67e,0,3,0,0,109,184,37,37,2875,419.53
450,2235c186af90d472a3c7b6ec31907bfe2a0907d3,0,2,0,0,0,3,0,0,363,122.64
451,422a550dc8b17ca27a33a070aa2d6a5613da9a93,0,6,0,0,1138,1,1,10,3130,695.49
452,79793e0f1ca08aa9f4df22014d0fad6a6e3cd5f6,0,1,0,0,1,0,0,3,136,86.72
453,36ca9ad270b3dbbb6bee02b7d87bfb9d4bb6649b,0,4,0,0,70,0,1,6,533,229.05
454,ffc35c733562277a29e7fdc4e968ed7f341787e5,0,4,0,0,147,0,3,9,587,250.58
455,07422aaaaa42d6a67e3a81b3dd0a48e913d403cc,0,2,0,0,3,0,0,0,49,94.11
456,9a43ee09f8a0e085e9e7f42499199f4664ec32a3,1,3,0,0,18,0,0,1,390,238.52
457,c546abcbcb22d3c03d01cbe9bb2622b1fe6049b3,2,8,0,0,18,22,4,5,604,421.31
458,058eb456c6a3d1e3fb5999c790151fe56f5204ab,0,5,0,0,7,7,0,9,1017,287.91
459,ccf6f184f9c65037bddd464f5bffec95e8e96e0b,0,2,0,0,2,2,0,5,291,122.94
460,675e2088a0acc87ddf440f2400b093cb7a0cc10c,0,1,0,0,8,2,1,1,160,104.51
461,fdca63b02f40e51b7aa963fa11867bff18cc4696,1,1,0,0,0,0,0,0,302,143.15
462,9a083d00af1ace455dd1492d122f23ca01cc39a4,0,4,0,0,23,3,4,2,674,219.37
463,54848d3d1271810fd87a4bcc8838245b72829a1b,0,1,0,0,1,0,0,0,168,81.85
464,289b744b6a7d2f7170ef563fb693e601d2b48340,0,2,0,0,75,5,5,2,419,154.94
465,96fb7a65c1fc28937f140122ddb43d1c169d7459,0,2,0,0,2,0,1,0,253,126.64
466,32b6333ef085dd493af1cd58f832eec83efa1ff8,7,4,0,0,381,13,13,9,4203,913.81
467,d4ead6446a332b14a02d9fd83f6eef35d8910c60,0,3,0,0,4,0,4,0,446,143.45
468,c587c1e390e95fb63896cac12043c6cd1549aef3,0,3,0,0,14,7,1,1,279,165.14
469,7dade297ab5dbe7a202d7175c524b2d4b2d73a99,3,0,3,0,0,0,0,0,0,201.03
470,47de680e70d984ab75297815bf018fd121d757ec,0,1,0,0,1,0,0,0,126,73.81
471,3490f2ef07d1a09b6a26df9e9e10a76615bd5014,0,5,0,0,41,0,0,5,368,275.92
472,d7b14a242e82f4b9b2fef546a9b1892eb8131d8c,0,1,0,0,6,0,0,0,31,69.76
473,7d3f55defd3acce5c3d98a3366766d78e908aaec,2,10,0,0,501,9,18,11,5192,988.06
474,8db2240b6c1497683e2c45129b1659acedad909d,0,2,0,0,6,1,1,1,287,190.8
475,f3c77e8ec98f34d6a01b586d0dff5984e49302fe,0,1,0,0,0,0,0,0,160,68.9
476,f79ff2f8ce9432e04467aeef5aa71e98b993136c,0,2,0,0,25,1,0,0,500,163.78
477,fe75baf5858232e8a9beb90e18e6abef69e95e87,0,1,0,0,3,0,4,3,174,107.21
478,39e12176e9f0d92c0e25d489e3cb37d88ddbfc61,0,1,0,0,0,0,0,0,86,67.37
479,78691e8c343a795da916e06787956c5b401d2bc3,0,1,0,0,1,0,1,1,303,96.35
480,99ebeaef0c0b7753d12e6f9f0257e1613f15ddf5,0,1,0,0,0,1,0,0,176,97.84
481,07ac4fbe403c4c7d59a2b69610d7c35c0de1a017,0,1,0,0,0,0,0,0,72,63.31
482,f30e08f8432dc6dbd772e6ea70edf0b099874503,0,3,0,0,38,9,5,24,581,198.17
483,f11afb6e41059be41a99d857396cc1b4c6b53ac9,0,1,0,0,3,0,0,1,372,103.09
484,c7f7f8f088b27163ce2962fc15bcb3440dc5dd45,0,3,0,0,4,14,5,14,608,182.35
485,c6350b625edbecbf07b5c6f089bde1d5f6b9c0aa,0,1,0,0,2,0,2,3,173,94.17
486,1012fb46988f1f06d3e5342b8fbd144766fcbd13,0,1,0,0,6,0,1,0,371,102.01
487,124d3342a1f24ca89b3759985e83cc3ee73b2a56,0,1,0,0,0,0,0,0,139,73.69
488,1c2dfb8c2d158e2ff991ac7ba05164e9b092529e,0,1,0,0,2,0,0,1,176,103.21
489,4fdd0f2cd0be16285ef07e449561db8fbf416969,0,1,0,0,0,0,0,0,178,71.97
490,77c59e4f07cd6807bd8efe4bfa6a90fda6fea88d,0,1,0,0,6,1,0,1,376,118.07
491,ff85f793bb35c43352432b47ee5e44e2ef650a87,0,8,0,0,222,20,13,22,524,406.83
492,7a60b335539914700f3b2a8cbb76f3b21c07e98f,2,0,0,0,0,0,0,0,0,240.42
493,c7c28ccfd58b77b2fa6f7bc01b65c0fb874002b5,1,3,0,0,0,6,0,0,588,201.54
494,c9db780a1744aa3900c6d08f2727187731839cd3,0,1,0,0,0,0,0,0,178,68.97
495,80868bcd5f9ad981d04c1adfd707232c8becc3e4,0,6,0,0,25,11,0,8,774,313.7
496,031ae9eb0cffca752ab5d1483a94e25234697857,0,1,0,0,16,0,4,7,178,88.6
497,84839c77f44ee869e952eb489502f7ff425644cc,0,1,0,1,0,1,0,2,381,212.0
498,c0a7d08c516c22d9ed4834953aa48e8b1d217114,0,3,0,3,7,0,0,0,728,446.46
499,1df116fe4a44fc5d3712817ea725a872d9d6402e,0,1,0,0,0,0,0,1,83,56.91
500,70a0f5c66e2021fbf7f8d7aef281e3b956a2bad5,0,3,0,3,17,8,2,1,193,300.29
501,cdd343b1fcb64f90d96e4c9aedb35132514a8340,0,2,0,1,16,3,0,4,432,195.68
502,182908792c9efbb17ba9e52b1a8228713d23a947,1,1,0,1,0,0,0,0,86,156.4
503,3a4ab1ad216b443b3bb77a8aa26c7b5d57ca6caa,8,1,0,0,0,0,0,0,308,653.09
504,b3b9c93d92baff2cedfd6462a52ab1b5138035d2,0,2,0,1,0,0,0,0,342,201.24
505,4fa3db81d393c1ae2fff555e651df327ec76f97a,3,5,0,3,49,72,3,0,831,628.78
506,a0428f06d5f947b78995ab606d43c002406c1d64,0,3,0,2,23,0,0,2,383,296.83
507,b33bf5000f667c6e258477b66b6fc0b3615516dd,0,2,0,1,10,1,0,1,344,212.25
508,928d09987b0b59676d82bbfe336d1688ef01d9bc,0,3,0,2,11,0,4,12,717,359.4
509,4ca8466ab3d2c3bacee957ecf62b4e54f86820d7,0,2,0,0,31,9,0,0,345,140.42
510,95dbdc7aa7768bd0f681ebda1d004b5b6aee7a6a,0,2,0,0,0,0,0,0,534,131.82
511,a90908d7213c3fda5d0ac9e8f96c7a8bde458741,0,3,0,2,38,8,0,20,267,285.94
512,109b0807fce6453b7543c68069f30b7cece0f20e,1,4,0,1,59,2,4,5,391,603.35
513,f0301cdfa4ba498f1a4725c7eee41823fad7fcd6,5,1,0,0,0,0,0,0,308,334.01
514,23922ae488fc63b50d87524421cd93c3dba3024c,0,1,0,0,3,0,0,3,393,104.28
515,1020b79871b5b09b9fdaf5876d377d4e3300edfa,6,1,0,0,3,0,0,0,308,389.34
516,d4a2ab430de8eb228ee48b2a04932ed75e1f9826,2,6,0,2,21,3,2,18,733,472.94
517,8045d70829c1f9e5c0a151f620edda19425d727f,0,8,0,3,4,0,2,0,1249,557.33
518,7599efb54e2941f097473db0b0b3c79b9af98099,0,1,0,0,0,0,0,0,393,93.77
519,052524956357a1d6c616bf0c7bfa2bf805d30daf,0,4,0,0,16,1,2,3,361,194.58
520,1bc5e8df922aff6332c9b5365f71944ca063fd01,6,1,0,0,0,0,0,0,311,426.44
521,6a894b09fbc599286df4db49993056b77b6bb6f6,0,2,0,0,12,0,6,3,252,116.62
522,d0a30435414726e7fa6d8b8e106e4b6ddb46da67,0,9,0,3,109,11,7,12,1549,688.61
523,3bd2b2122acc0920c98627e147f3893898833889,0,2,0,0,17,6,2,0,582,153.15
524,e9a00d65c9eee22d738a5a680e5877387cdc74f3,0,3,0,0,4,5,0,2,815,210.07
525,c46d8a01030e7d1ca41320cf4467a706f46167e5,0,2,3,0,39,32,6,8,142,186.12
526,db418bbe215d2569075b093640f25e8cb63086d4,2,1,0,0,14,12,0,0,302,193.34
527,e32df9c4f04b918b171031a72c0dd05ce425b2ec,0,1,0,0,12,14,0,0,302,97.82
528,e3f57d1a685cb67910c114b3ff1f893bf8ebbdb9,2,1,0,0,6,0,0,0,314,188.13
529,b71f04eb97d4c924f754b0ba7cc666dc09cefc55,3,2,0,0,0,2,0,0,157,260.31
530,b9583c6e0965966ce9b9b23c40997948a8737316,4,1,0,0,0,0,0,0,320,329.18
531,3a42a28b01f9a3faf88b5a82b2901af8fc4a16a5,2,5,0,1,35,31,6,18,1109,479.43
532,67f7f3e403bdaa84b75f72241c418842fcc13696,0,1,0,0,10,2,0,0,311,97.65
533,2d0fc518e773225c3c210baf4a92ea84e78df019,0,2,0,1,44,41,0,0,393,218.37
534,f04425bc99866c7386533103c403adcfafb08ea9,2,1,0,0,0,0,0,0,308,220.07
535,8ade54ee126c020607393ccd1af9713af8a975f2,0,5,0,5,741,39,2,8,7779,2568.47
536,addc12866d57a2b58d2b7638d83e53f5cc14029d,0,1,1,0,0,0,0,0,70,78.3
537,d7ef38d485b315707d826ee54ee609597430d068,1,1,0,1,19,4,0,2,47,169.46
538,3bc145f043a61d7ba0c07299fcb001c424afe8d9,0,2,0,0,8,0,0,4,515,171.56
539,014696197be71ff1186e3075b3e2f25cffbaccd7,0,4,0,1,49,1,0,7,877,319.84
540,ee8f64b2728d9de746172f30e924aa952c3fdafa,0,2,0,1,3,32,0,5,537,34266.14
541,d5ab911bf4419fa7c6f38945c6c8ad4946f8abf6,2,1,0,0,14,1,0,0,387,293.51
542,bd5be5092a29a0582de28b39e42469f880d241bf,0,1,0,0,1,0,7,9,199,94.79
543,dd3f08e4a71c354f9cd3a1cd1524d5d51ae6571f,0,6,0,0,27,0,8,23,842,333.67
544,7f7a7c41af7df8fa784c7c83d581d0c1c1724d67,0,4,0,0,56,0,0,3,735,238.78
545,4818f07ada85c3512d71aee1a9eb6be58e6909f0,1,3,0,1,5,0,1,3,232,256.12
546,703b47f79bc5b889199fb6dbaac559aed74df0e1,5,5,2,0,13,7,2,5,1016,509.29
547,5bfcf33a45949b635c96b9c850e291837cd227fb,2,2,0,2,28,0,8,14,207,359.42
548,5de01c6800466ee6ab5de7d714461c287df13513,0,4,0,0,19,85,6,18,735,259.62
549,754c55ec4aa5475014b7ae24dc866fe072728182,2,3,0,0,15,20,6,18,652,324.62
550,a849b4b3b7f19f6fd1a798953d9e4fdd514c8d04,0,3,0,0,12,10,0,0,34,189.45
551,b4b4f5521a57fd3b0902b5e3ab0e228c10b8bac5,0,1,0,0,4,0,0,0,401,101.51
552,cd486ef3cacd42c0e25496cc93dc10a51bb1ac28,0,2,0,0,1,0,0,1,59,104.75
553,78c2219243d1741dff95c46926344993fe9a760c,0,2,0,0,46,0,0,0,257,161.35
554,a731b815e12a202fdeaa35dbaa471d023de25773,0,2,0,0,4,0,1,2,609,154.74
555,7811b1ddafe83b664478ca02c9cd641db57ba21c,0,1,0,0,0,1,0,2,432,104.34
556,ca67374c2b0fe26f6bc6992910bb11d5658258e0,0,2,0,0,71,15,1,7,247,144.62
557,c1bb5cb55751ff27e3cb89145aed076c8df06556,0,1,0,0,1,0,2,0,39,82.35
558,81bafe8eeed65818553fba4dba17a26193cb590e,0,2,0,1,0,0,0,0,209,180.25
559,2ba4b38fb01dd3796888d5e6cbb40cb8fae90f79,0,1,0,0,0,0,0,0,42,60.1
560,47df1cd1de5555ed373d8699d62ab3069a0ab890,1,5,0,1,137,22,0,8,827,439.38
561,4b8512bcf9179831624ed45fc5b7dd1a661f64d4,0,3,0,0,46,16,0,0,615,176.12
562,d67413b578088b11cc93a83d0211e6c9499cedf0,0,3,0,0,0,0,2,0,134,105.02
563,baab124cf310545cbc6cf0b4e29b4f20b54d4f48,0,2,0,0,15,0,0,1,235,150.88
564,86a1a199453b3c347e2b4e731463fea1bc5940bd,0,6,0,4,50,0,1,3,813,529.06
565,fa40d567f0915c6372bd1792c776d485a129fd26,0,4,0,0,46,12,0,4,745,229.25
566,070e0815854d314d0d12eff8db77242d11fa8a0c,0,2,0,0,49,1,4,8,476,161.37
567,27b7ad52b6bf8f18643e8b58d16fcab3d709eb1c,0,3,0,0,12,10,0,4,634,205.52
568,fd2a28853ec83da975fdffba6f2a5ca198126d4d,0,2,0,1,22,0,0,2,92,158.67
569,cd0010d69be4e58ca5c92d984e61729ebde63174,0,1,0,0,0,0,0,0,131,73.76
570,6aaafe1b46296e85d1210bf14fc239eb4cdb1d2f,0,2,0,0,27,24,0,4,537,181.78
571,913bc0955c4ae48ba473645d6057da0647a11024,0,1,0,0,0,0,0,0,42,51.02
572,7d133b6193304de5252035ed71de7a14e66aa6b7,0,1,0,0,0,0,0,0,438,94.94
573,c3892d56e2b00c6b8a8131ab2c55f975380f1b68,0,6,0,0,76,3,4,11,885,409.74
574,0fde27fda6fdc4c76165925cd3060a59eace1c8a,1,2,0,0,56,0,0,2,447,208.96
575,28d30b4d47d9e3267ae991ba0bece461a3a83e92,0,4,0,0,47,14,0,0,730,223.05
576,d9ac131e1301cf8fbf8946cd5be5b6fd84d6b184,0,2,0,0,19,15,0,2,81,107.91
577,c7cf115dd1945ea03fc0359c0f69b40d81dd4870,0,1,0,0,1,0,0,1,451,103.24
578,80edf58adcff163356c435f192b0389f165591b1,0,1,0,0,8,0,2,2,166,106.92
579,b554f9a3151e820f41660b5ea0c6d55aa647bf2a,0,2,0,0,3,0,0,1,436,128.36
580,6cfb32e5f686dba1973c81d8d97d00ce07f3601a,0,5,0,0,72,0,5,13,740,349.78
581,74b1f0c977628bd2b24483a7a0fa3c25ebf42776,0,1,0,0,1,0,0,0,105,105.12
582,0665cef059b6444381eefc6a5870ca510607ce11,0,11,0,4,136,0,4,17,1144,1037.81
583,fa5057cfd084ed36093fe032faad7f59ff22c28e,0,4,0,0,49,0,0,4,640,215.82
584,1285f4fbd8fa21b256ffa7e927ac0792829cd2ee,0,1,0,0,5,14,1,8,209,95.72
585,79059395bc0c2b539973c6758f61d6abf3403d98,1,5,0,0,195,956,13,26,657,409.74
586,48ee2b14d4d65f70b40334fd16d61992d83bbf8d,1,3,0,1,9,1,1,2,440,236.61
587,bb77050223800379387fea7e308915fab171da73,0,1,0,0,0,0,0,0,173,70.09
588,b5506f76f590e8e01be67dc16639cc8e9f35d7f9,0,2,0,0,4,0,0,1,439,165.69
589,4538524e9d850c1ad36e7488ee339732192ad9a9,1,1,0,0,0,0,0,0,106,105.8
590,8e8393321be7e940f6dd6073084b82ca31e60fe9,0,1,0,0,0,0,0,0,126,68.57
591,82af1e79b52a3e11f01e079a691ea1575bca16ce,0,1,0,0,24,6,2,13,150,108.08
592,b5e2e62f239d6b1b625add16405e3a302e8ff060,3,7,0,0,18,0,1,3,778,461.79
593,c5c92ed1fdeabc99e7e279d1dbb532b8ffb3bb83,0,1,0,0,14,1,3,0,45,101.08
594,664a13a2f69498fdd4ce4c1a29d970d9fb40f882,1,4,0,0,168,0,2,3,658,289.23
595,d69a30eec7d6a22ecb4bc8c4d18b24afeba61e7f,1,3,0,0,35,0,2,3,380,234.58
596,81b1e2271233721b6361796730cf5634ad0427a3,0,1,0,0,47,6,0,4,223,125.48
597,f91b6962b1850acbf27bff8b7f1e13fb00a7b3e7,0,1,0,0,43,43,1,0,83,87.7
598,ad7a6c0821840d32c8ddc87c9835c8b0cf1d33e1,4,1,0,0,4,33,1,0,93,320.8
599,3bfd97e236b66675c9da96f7ab00c45f053bd887,0,4,0,0,280,8,3,10,621,301.01
600,7e9028329e61ce3401ba39643bd1ca7ac3021c89,2,1,0,0,0,0,0,0,319,246.23
601,4c269e6d860320e2612eb6b77785c6d1ff3ef106,0,5,0,0,2,7,3,3,1228,289.01
602,d64920d20b1d564faea431541a80dc876d35bd94,0,24,0,15,20,4,8,16,1933,1491.8
603,45ce8a288b0faac54b588c82c2406eee0b5eb3db,0,2,0,0,39,0,0,1,443,154.83
604,0849ea97ac4df7d7e906cdab824cd78c55f59dd1,0,2,0,0,52,18,2,3,193,145.29
605,f0383c69958efc23f2cf1d8b8a964722024ad45e,0,8,0,0,52,49,1,9,1738,460.05
606,6744c0d1d5d7c575d648fabbbbb9ad63c1aee76e,0,1,0,0,13,8,0,3,328,123.37
607,52901deeefbcefeaae787d7c7706ca4b47d0f4e8,0,1,0,0,0,0,0,0,492,105.44
608,496dd22c2877e50b564052f5c4f5e8fbc6910eba,0,1,0,0,1,0,4,0,36,93.76
609,8fdaaba94584ec5c9b8b5d8acb96016700720af1,2,1,0,0,0,0,0,0,319,204.12
610,3123d3de85bc3e28223f0a60ff598ea478e1f593,1,1,0,0,20,2,2,1,156,177.24
611,ff99ecba1bdf51ef66e92970d926821bf550aa2b,0,46,0,7,124,49,40,71,6504,2525.18
612,69537f141236e2db499eadcccaec7b5b5f679c85,0,3,0,0,15,4,1,7,786,207.99
613,2ee234ac8e9248d671cba25349e3065c1bc326f3,0,1,0,0,2,0,0,0,450,106.3
614,89c592489fab38e087604159fa0ed33ccef16991,4,5,0,0,21,0,0,9,957,429.18
615,11a45e2e225b404e5ca5f2f2137217202895d2d8,0,2,0,0,33,0,0,0,375,190.43
616,11d25be8c3d13f55763609a4ccb93394771a6971,0,1,0,0,0,0,0,0,298,80.32
617,d277c510f473100c7f21c0639a69b888f62f06ba,0,1,0,0,0,1,4,0,36,90.32
618,bc715511404985b60c4cd302be305bf8fd917bf7,13,12,7,0,22,0,3,0,2446,1278.58
619,282cf271a529e03e444fd8aa67e42d73342a5185,0,1,0,0,0,0,0,0,176,71.34
620,cbfd869c5f02660eeb4f0c40ddf67f27908deb7a,0,2,0,0,1,0,0,0,280,181.47
621,dbdaf84e4bcf305e7a10b85d087d89f4c7e20423,0,2,0,0,8,0,0,6,245,128.92
622,404846f969c6037f35d9d339c7f39b51434e1385,2,1,3,0,0,0,0,0,320,229.33
623,92e0454b0870a9c77affd8b9be337ea19d85c7a1,3,1,0,0,0,0,0,0,320,271.0
624,1d86d9b27ba628c960640edc6387d2bc93608ef0,0,1,0,0,0,0,0,0,54,63.29
625,882cdead7e9dfead3228ea662a4ea2438547c1e9,0,19,0,6,476,72,8,33,9483,1768.01
626,08b20e16abe4d7f61c464316164a0d8e548dc2e8,0,1,0,0,26,0,16,21,452,117.43
627,9308ee151c4be6531455a8fcc9332832e8d369c8,2,4,0,0,34,0,0,2,961,341.26
628,2714d28b5acf5fd5dc0f0135a6fea7b88c189756,0,4,0,0,69,16,7,15,1432,309.51
629,61bc27996d9679f789c842bc1527ae4b2903417e,2,2,0,0,0,40,0,0,150,223.96
630,602a1e78c30e3b2da26305a23483e583f6e73b8e,0,3,0,0,23,0,0,3,771,227.09
631,90cc2b3d1b6902cc56c7231a6802a3baac3ee0d7,0,6,0,0,56,16,14,15,1300,385.74
632,ddf2c89ec364b28665a42145a832f6416341c771,15,30,0,1,2223,65,27,57,11274,2954.8
633,1940388e3422b86a322fc82a0e7868ff25126804,2,1,0,0,3,0,0,0,342,185.81
634,b50f438e908a143bb2978010ca3bca9673322d8f,0,1,0,0,0,0,0,0,70,63.21
635,383ec63811ccba6a1091e173cd5b6ec388ab6a85,0,1,0,0,2,1,7,11,295,135.02
636,54f728943701146469a83a069d37ae48eb4404ae,1,3,0,0,22,0,5,12,862,586.51
637,7191344371109284833585cb8b44609e420358a2,0,1,0,0,3,1,1,10,64,130.26
638,a283dfa87f1b69d85e26c758c9998678f127d47a,0,2,0,0,31,2,1,14,228,195.69
639,9a610a7a29a2c2d0a4d6f4cc4c3f7df0b4c912b6,0,2,0,0,24,0,6,9,259,148.14
640,39417c073b6d5d6d206ea021f0d68aeb3c81f859,0,3,0,0,9,0,0,0,275,192.29
641,8cdf715220cdb3034c4992d38cac96f11f9988dd,0,1,0,0,3,0,0,4,478,110.63
642,e0fa3869302a872464670a1451f036526736bc28,0,3,0,0,12,0,0,2,716,240.21
643,98cb8e8c116c79a880708743cfa1766885914b56,1,27,0,1,108,0,1,14,13245,2049.52
644,d5d918f52c4b5e3d4e7103546f3fff788c8e76b6,0,2,0,0,2,1,0,0,157,117.17
645,554e78c8886a2c14d737314e33bc376dda0785c8,1,17,0,0,2628,431,39,177,12472,2262.35
646,b88f52e3cf798c46d7e3b0ed3ea9f8bbd2b6d9d8,1,43,0,9,835,1768,70,107,14656,3434.56
647,738c10e211f851f4ced7b4e6b2f2368b3885f734,0,8,0,0,45,135,1,11,1478,432.87
648,4df083dca9e0965b42d9dce9912e902d9afe3163,0,4,0,1,148,48,5,12,573,291.13
649,1777524e8c5e317a2a5fe9c4c44591397af195cb,2,1,0,0,0,0,0,0,345,259.19
650,e5f4aeade27874d0e45e1dc54530f00c7c0c4b42,0,2,0,0,6,1,1,4,148,141.72
651,5bed7796f1319077a75beccc1fe5d4018fba755a,0,1,0,0,1,0,0,2,191,84.69
652,64acfa9c8e9c797d82a063490b2ba548362417d6,0,1,0,0,158,1,0,0,28,101.7
653,85a2ad376640aa62db683d9ffbe2d74f51e88b59,2,20,0,1,997,35,9,27,13419,2124.26
654,ee5590ac3eb8eb0d5d28de677a1fc2a07ef434da,0,2,0,0,3,0,0,0,499,152.0
655,893b49b5c065fc8da6c8f4d9ff0a79cfa177ba12,0,1,0,0,5,0,11,34,493,137.37
656,e2122bc9c1691e5b49cc612b592ff23108c0a431,0,1,0,0,0,0,0,0,498,106.28
657,7e932e944fed101ad9fa0710f621a027a80927f0,2,9,0,0,56,23,0,7,2372,647.44
658,b45663d227c222d3d5c1e9b64fac5df48509bd1a,4,1,0,0,0,0,0,0,348,318.99
659,2dc464cfda43eddedd55432e70988cba771e7931,0,9,0,0,20,0,1,4,1222,398.23
660,0629d93709f13c9196becfd90a65dd3a444f516f,0,2,0,0,21,0,7,16,591,206.99
661,34a52edd6c4ec95869f9e37af9f92f11e1ab2b99,0,3,0,0,170,1,0,9,655,259.62
662,d19575715e9d0262d17819f495e8aeeed386a7a6,0,5,0,1,38,20,3,9,472,312.7
663,ecc2fc6230a0d5958e3824d99aedad9d3deb8085,0,1,0,0,6,1,0,1,75,86.39
664,6bd53d4dd1165f33a25a4ce0b8de6fa83f9eacf9,0,2,0,0,5,0,0,0,429,135.59
665,77dd2f35a9f82c02aeff09ab664287d8a93a2995,1,3,0,0,75,9,4,9,799,278.82
666,566ffd0b9ce348e1189fbdb8a723967c4ebd5be3,1,3,0,2,11,0,0,0,152,308.6
667,26a2d641c70b1a96b9276ea5e48504e0911f62cf,0,2,0,0,11,0,0,0,85,90.55
668,1852ab6f7f6029535a4fcb8305352f9d39f43a7e,1,1,0,0,3,0,0,0,134,126.92
669,a7a7bdb68fc81b366088d93f4852c782c141525b,0,4,0,0,45,4,4,22,379,226.06
670,758abc6886e1d1e062341cb23b5ac04b861c6578,1,2,0,0,46,0,6,5,223,178.12
671,7d6cc7e99154e2d337c11fdf8be1a874ed3e9ada,3,4,0,0,26,0,5,8,1141,431.58
672,d5e87fb8ba98f08db5b0a4995104ce19f182c678,3,3,0,0,3,15,0,0,532,317.89
673,9cc7e4f40fc80ab4aa407617329c55752993b8fb,0,1,0,0,0,0,0,0,354,90.49
674,f43228bd19cd02f6b8e6bb0a4c372c0944bc6517,0,2,0,0,7,0,0,0,440,140.72
675,02a042b1fdbd9d89f611d4440f022483c7cd2bd5,0,2,0,0,4,0,0,0,491,144.09
676,3c0a3b3fcf736e18fa73ba56c22a0b8f74042eb4,0,1,0,0,3,0,0,3,136,99.92
677,1fc67f03b9be717ee317183ecc1152d08e996815,0,1,0,0,0,0,0,0,512,103.87
678,ee86763c60f13966ab82343795ac7f6b03dc52a1,0,4,0,0,36,0,2,5,978,291.3
679,ca8563fbf7f77264487a1582fa65614611ecd41c,0,1,0,0,27,0,0,0,85,100.83
680,bd4eaf8a35370f5f702444e576058b8c1c920acd,1,4,0,0,22,24,6,11,783,377.91
681,105538caa93cc932844a717bbe6974d37f49f619,0,2,0,0,15,0,1,9,253,137.17
682,2d85f3a9571c6fe59ffd1795c023adbe232ad511,0,2,0,0,66,71,3,3,697,185.95
683,18fa33a9b1127efd7b05980427fc61871b41f593,1,3,0,0,3,23,0,0,776,240.81
684,391ceab074c068d9deaeea80e357e739fd193fac,1,14,0,0,76,23,1,12,3011,755.17
685,c7b6eb6fb82f42bb31fa84283a5300a6f953626f,0,1,0,0,0,1,0,0,132,75.12
686,458556aad5a3cdfef6c5db931aa202a73bbf4cf7,0,1,0,0,13,3,0,15,645,136.72
687,81b47c039ea99cd85f663e02f7aef9c1248fea55,0,1,0,0,14,0,6,7,33,96.01
688,0e719dff54e2397b94a7a2011331646ad4094fbc,0,1,0,0,2,0,0,0,658,124.94
689,a87d45ec0460c64d709f8bc67e847bf17dc8f9d3,0,3,0,2,63,11,3,6,760,371.98
690,57555f5ba16dd8109942513181d1330e9958744e,0,1,0,0,0,0,0,0,132,69.45
691,6546defcddb68360eac1395a030dc9105b12a03c,0,1,0,0,4,0,0,2,260,90.15
692,78c7b5567e7fb4985cecf147c39033c554dfc208,0,1,0,0,3,1,4,18,511,127.97
693,69c22eadd74a38051bb43cf6160088569098d7b7,0,1,0,0,0,0,0,0,162,68.93
694,13720c4aaee3a3d66eaddc2a2fb0d09dab9273ca,0,1,0,0,0,3,1,1,109,384.07
695,215447693a402874788f2a16dd96224d14c3f349,0,1,0,0,1,1,0,0,131,83.16
696,19889c3614eea4e7fb3d68f5bd64a1acda459efa,0,1,0,0,0,4,0,1,183,82.85
697,2ed0f644d89f36ed5080b778929f68df3b9f223d,0,2,0,0,0,0,0,0,769,152.76
698,db69e921b0cb289f733ddfff5fe0563e16ec60e2,0,3,0,0,33,12,3,6,1088,247.48
699,afb1214c2eefa931dde7270d1215a5ab327f1f61,0,1,0,0,3,0,14,22,514,126.73
700,8cde5c9bd47e3e9682d016274a808e096ab34d0b,23,2,1,0,0,0,0,0,820,1351.13
701,f8e1f6c4fa751716e61b9aa8894f7e0599c1faf8,0,13,0,1,115,9,31,55,2444,774.96
702,34734b9c8ac6ba707a333356c5fb6b8baf127ca6,3,1,0,0,0,0,0,0,366,260.9
703,f8bc54b833bf6ea4bfe93e414db2bf00c82a1f4c,0,1,0,0,0,0,0,0,109,67.72
704,bdc78da0e6e4fc73a8992379286ac7319b028b57,6,11,0,0,43,2,8,7,2163,868.65
705,7c50cacc840bcf330475caa390d6a9d6ab3c324e,0,1,0,0,0,0,0,0,111,64.49
706,7e2a1b5d4f134489428a24c7c5502f189224b506,0,2,0,0,228,47,2,16,499,223.24
707,411b61210d9f2999a0ed56bad8c3c03617f35a5e,2,10,0,0,19,70,1,5,921,441.7
708,68b9b00fcd81b254ba56affeac5e0f2e2e2e509c,0,4,0,0,34,0,1,3,670,268.75
709,901102a728147a89e9d133667b0136e740a8fe1c,0,2,0,0,9,0,0,0,279,134.46
710,09bc8a36a437a2a37736449e330a7594c89f495d,0,1,0,0,0,0,0,0,109,66.22
711,de5f55a3c6460a7941baa14fa10b8fc7c5da76e4,1,1,0,0,31,0,0,0,20,153.71
712,e5c5cc2b82276e78935d627e73d900eff0e2501c,0,2,0,2,5,0,1,6,240,299.84
713,43baa0af4958341d74014da25b6d10f176233879,0,0,2,0,0,0,0,0,0,67.43
714,cfe677b827249171c3fcebca25cc215a50ec06fa,0,4,0,0,111,0,0,1,1254,317.93
715,ccd8a49acc90cf9134cca23ade8cc73e20e459e3,1,1,0,0,26,0,0,2,183,179.61
716,1c3373937aad403a6146451001d262c7778edbf0,0,1,0,0,3,0,0,0,372,102.52
717,1587b8686b66f07aa3234625712af1d1e40e92d5,0,1,0,0,0,3,0,0,372,114.22
718,7e1ad5b14ac46f8624da23a9a5a8345e025e96fd,0,1,8,0,0,0,0,0,372,173.22
719,c9e3a6a43d15d7c084a1f9fe0330e01cd802f194,1,6,0,0,60,0,15,21,877,407.4
720,c5a7c77a0b96a33e8a48cb3c200e4b71166c9765,0,1,0,0,0,1,0,0,321,139.52
721,bda1cc561ca52de90287922b92f3a443187a0fec,0,2,0,0,46,135,1,10,631,198.91
722,7b00dffd9800e06d6eb80c1c06db6085b5b529be,1,55,0,8,885,434,21,57,18240,3934.97
723,ca27bf5c11ad29070eb392f04ea4867d992313fa,1,5,0,0,34,3,0,0,1041,331.76
724,ff197d06227001e671e7fa06deca7a8a64813fef,0,9,1,0,115,28,0,2,783,435.73
725,5a4aacef25b0b54d151cfc7a3ea81cc312f6f655,0,2,0,0,25,0,0,0,315,143.21
726,c934b3a47c8147e58f90c0dc2bb7b24b6abc5974,0,5,0,0,30,5,6,9,1098,375.23
727,dec31d69efc3d167bb1f5ac91b26478f307414fb,0,8,0,0,114,1,0,23,2453,650.28
728,c806d4a4c7c2e49001928866a91ebb501e3608c8,0,2,0,0,1,0,0,0,167,106.76
729,85ee2ddbcb7d3a4e5839c5bad88870a3d844530c,0,1,0,0,0,0,0,0,111,59.16
730,4a0dce525304ddee8a69bffc3eee20f4bbf4f209,0,24,0,0,18,37,0,11,4218,1089.54
731,a4a86862ed207a5d3476d26ca464d30773669482,0,5,0,0,0,0,0,0,382,193.32
732,ab5ce6256f15ce70ef165a62d21fda0c677e96d9,0,1,0,0,1,2,0,1,217,95.67
733,286a8886b0d1cf4667ce46f1bf7975185460dee3,0,2,0,0,24,0,1,1,161,131.17
734,d779913715951e976441eff629bf7e81cb28ab90,0,2,0,0,37,0,0,5,367,127.42
735,4044189dec42fed80f0d2b09890df8961d4a57f4,0,1,0,0,8,14,3,11,184,106.08
736,ab9e114c542159b828a511a0577a30f6f02ec48f,0,3,0,0,81,1,0,0,120,170.59
737,230d890142f2346c48a32ad6b98a4598fdfce1b7,0,1,0,0,9,3,5,8,108,99.37
738,83602f5c26cdbaab4997d7c5567cecd1c5b9ea4a,0,1,0,0,31,0,0,0,395,106.28
739,33fb93f810c1accb000ba25a56544fe5719c7211,0,3,0,1,3,0,0,1,278,212.31
740,f55290f49449ca6db0f06985ee3ecbce5864a05e,0,1,2,0,0,91,0,0,3,150.86
741,4efb39f45079b018d9a7907870c8e435924c63f8,2,5,0,0,43,11,2,11,944,416.77
742,6497008cc309f88bd8816c3c3e374887db524aae,0,1,0,0,1,0,6,3,245,92.54
743,056eee8342699f93e01944c66ba0b053be4c5382,0,2,0,0,3,0,0,1,186,124.04
744,6f434c5614e03d7c2ca9a6921c58c5d843b3dab0,0,3,0,1,50,2,10,30,188,235.75
745,a7bb45393232f0e8638942fcf78518acbcc2a8f7,0,1,0,0,1,0,0,0,261,92.97
746,c456967d494ec4c7e87f18e623bb671328fc7045,0,4,0,0,7,11,0,2,456,217.89
747,4b63867aa212b5d50ae666b80df2c266a60f0e97,0,1,0,0,1,2,0,2,201,116.63
748,7951e6c698aa2e009c461488c3231e23272e08bc,0,2,0,0,42,39,2,0,170,147.43
749,c348161df00d5db72943f96527ac52d0e5419751,0,4,0,1,86,4,0,1,112,219.54
750,2a363cd6d88a59bc9016fe3442878c3a64c6eade,0,5,0,0,32,13,9,22,1193,318.1
751,e575e812f00874ffb7dd86ceaa77106312f09928,1,1,0,0,1,14,0,4,58,114.59
752,2a2a2e82b9de92d70897ce8e81ae1498949598fd,0,13,1,0,100,34,2,15,3204,11576.21
753,a7a653999055e9931fa5d0aad067669a7e395914,0,1,0,0,0,0,0,0,701,124.67
754,6a82e7aabcabcf1de1ec197ebe5a76c36d2934c4,0,1,0,0,33,4,3,17,556,139.39
755,ebe885572e5a6670c57bc11ce3e89b73bcb75dce,0,3,0,0,3,0,12,11,701,218.5
756,2ee7f48cff6ded6be6a8bb905b89e48336923d0e,1,2,0,0,9,0,3,2,212,154.51
757,9d564b7fd357debf4e918559d4280df0fa2d2771,0,3,1,0,0,4,1,0,761,183.8
758,41c74f59a25bcf0bb5bceac2fad4c723db2165f4,0,1,0,0,5,0,3,7,589,122.14
759,867facb6e42a4b84e1d3612a827438964f6ee789,0,1,0,0,3,0,0,1,112,85.9
760,ca78995fd15a34cf749626293ec966951d4d5f3a,0,1,0,0,4,0,0,0,285,140.28
761,9fe99bc78b563e6394801260cc78919d946f0360,0,1,0,0,0,0,0,0,130,67.77
762,eeabbe23e9fd6d79b0fce16d04b857b3f9f569ff,0,2,0,0,17,0,0,1,339,214.15
763,2147375745a59f3429d09e4ff3e424966f73e5c6,0,2,0,0,6,0,0,0,244,122.69
764,b84ae60f1334ac419c8286b4096a2c36564c2ea9,0,1,0,0,2,0,0,0,219,93.38
765,a9d064c90f8830779b4339dcf60edff94cc228a8,0,4,0,0,58,0,0,4,757,282.32
766,8da3e23a97ae89ab4e5a2fc2b6a78d8ab040763b,0,2,0,0,52,10,1,7,799,244.47
767,89b71ca03c4ec903c0c7d1e2c03443af3de3b2f7,0,1,0,0,0,4,1,0,43,75.98
768,d343348bd14830238ff6964d090aec20a965c95d,0,3,0,0,17,0,0,11,152,212.42
769,32d5df359dd250374a28c361220ff1c0ae06cdc1,0,1,0,0,0,0,0,0,119,65.44
770,05bc60c07d3a5d69621682183ecdc9e25ce49f75,1,1,0,0,2,0,2,3,221,190.39
771,f7ce7fad160efe0b97dc08afcd0a7c5d90cc9c3d,0,2,0,1,28,6,3,6,266,257.82
772,24a7e1810f16dece1fe7534218a61d83fe93ee6e,0,1,0,0,4,0,12,9,192,147.37
773,bd714c2b96d28b9b6e1b2c71431ace99e5e963ec,1,11,0,0,140,19,59,156,1948,922.46
774,8c7d3c35ce9076dffeb27c4be71812f18bc2160d,0,1,0,0,3,2,0,2,191,132.34
775,d8b54cf76d06d108a161c70b48dd54be568a03e9,2,4,0,0,16,4,0,0,603,449.17
776,2ffdf1ecb5715c7a017faafba09a46a5c6d472f7,0,1,0,0,0,25,0,0,178,83.75
777,b86148c614fe55daa7b775e7800f28ad5efaac7e,1,1,0,0,2,0,0,1,59,200.17
778,0431fdb88221054a151351dfa0b33871e217a7c1,0,3,0,0,18,0,2,4,304,331.07
779,73f258ca7fffffbd0f72bb073acacf4657f518e6,0,1,0,0,16,0,0,2,282,123.76
780,18e75a3aa418db4125e786defe519c8b769d8b14,0,1,0,1,7,0,4,3,70,255.86
781,74347c22fa2ffcd618f2c57f1e8cd3cdb08f2190,0,1,0,0,15,2,0,0,699,163.76
782,67cb8289586c622b62255ec13956981e6d2cf3c1,0,4,0,0,58,6,2,10,1258,377.69
783,80997e8e6d77ca9f4811d8a801f5805c505fc7f4,0,3,0,0,42,10,3,10,364,282.04
784,a691e94c5cb1539145d8dfe6f005501d044a87a9,0,1,0,0,0,0,0,0,166,69.73
785,5cdc02d3651fc8f5b7f9aa81f1d617007932b666,0,5,0,0,81,27,1,3,1414,449.29
786,93ac1d523bb994e94ce5ef7e73574c454814f6da,0,1,0,0,0,0,0,0,32,64.46
787,40cfc5a408de49214ab77d31273afde7188a4cea,0,2,0,0,14,2,0,1,76,174.06
788,e6f51e7183bf44778c9eb7948a12dcb196c4d31b,1,0,0,0,0,0,0,0,0,119.62
789,483a89705b4b1231ce5db0b654b75453aa1bc30a,0,1,0,0,0,0,0,0,298,84.55
790,73f1e485936918817386e344adebc9a721eaa5fa,0,2,0,0,15,0,1,3,440,178.07
791,83e7da7aa6d19bd8489e2af470d9856ebc270524,0,1,0,0,163,76,23,85,527,230.16
792,b885f43e4c63a4fdd7f591f8286b788d6ed2d719,1,5,0,1,25,1,6,3,1227,476.46
793,57c264da2d9d33452ccf9f41fb64788c911339f8,2,0,0,0,0,0,0,0,0,147.9
794,1d0028bfec0594efc97a0652acffbde76eb75fa8,0,4,0,0,18,0,1,11,247,174.88
795,ef3b9a14e9bcd4003f81db200b2fef4aa68d7e3e,0,1,0,0,0,0,0,0,384,88.48
796,161dd0efd21e233687d7472d97ccebe86a992582,0,1,0,0,26,22,7,6,668,166.88
797,cf327f8e1f20f5744167e299c3e37e0c4c5b0322,0,2,1,0,97,97,0,0,98,143.23
798,9efbcd1b6380ff3e3ab8c2033d1a2d2821a58d01,0,2,0,0,150,71,11,63,629,204.62
799,52b3cbff76e9e1d684443e442673d4468f327108,0,4,0,0,26,0,6,7,416,233.68
800,b6310ada120ec385d7e4e4264a69a238dd87d045,0,1,0,0,0,2,0,0,692,182.52
801,f71d09ca1f24cf4c767c08b5fc357c4f556d7f1d,2,3,1,0,21,12,0,2,1057,338.19
802,37696ea8bd6a5c3b910f7d24141530f91f80391c,0,3,0,0,48,0,6,12,711,212.36
803,3dec4d7006b8a57136f34ae330ba937d8990f2d2,0,3,0,0,0,0,2,2,284,150.52
804,293993c6059e6e1ea73a032cf1062db40527a012,0,1,0,0,0,0,0,0,249,83.37
805,36a7e38ffd6af614ad770a6e23ec1fd98a90c809,0,1,0,0,4,1,0,7,753,147.96
806,49b3df666c562ae29a58833c9284b61b44b63a1d,0,1,0,0,0,0,0,0,67,54.14
807,051929db397dda7a7382ff541e57262a348448bd,0,1,0,0,4,0,0,5,295,106.31
808,29021896bfcf442f2923546a8a12ed667bf19b88,0,3,0,0,250,65,1,16,1561,336.97
809,6deb7921879da2c6635721ae6e7a19bc83819da5,0,10,0,0,55,209,4,19,1957,642.25
810,43dc32bd396df49d682bb768e972ef6c11f950da,0,2,0,0,45,0,7,13,340,142.66
811,b89e35e01f627a7f47f0dce23d78e2558e7db7ae,0,2,0,0,47,40,0,2,407,167.62
812,a9b483548d182eaa1f37b28fa674d9587944138f,0,1,0,0,12,0,0,2,40,87.29
813,7f733ffb2ef5bfe30418028f696d267046dba833,0,2,0,0,49,29,0,3,156,144.23
814,83469be5bac23dbde81f511afb5bb014fce50489,0,15,0,1,55,54,1,10,3550,896.61
815,11becdec707ee22c879a40320d26149ac73cc90c,3,1,0,0,23,0,4,20,162,246.46
816,5ac3faeba4877feefd79d72b15aa49d56afc0aa0,0,1,0,0,17,0,0,0,101,73.82
817,42e3a141dea606427e60410537db29f92913463c,0,2,0,0,3,2,1,0,693,158.57
818,922364f36e50fff8d52d3158281dd9e303bf7c3b,0,1,0,0,3,3,0,2,381,112.39
819,c1999ea806fdb2a0739dc566420253af5cab8c46,0,1,0,0,10,0,22,73,692,152.59
820,223d225e0119d9e3013206a211df6b70a71b6a66,0,3,0,1,5,11,0,4,745,289.06
821,da8857fea8edd995a8c958c77c33f411add9a660,0,2,0,0,121,1,11,25,551,195.64
822,33ddc00c637d043a31f3a7f2e861f58f2c1ebc5a,0,2,0,0,36,13,4,8,699,209.68
823,c88010fd0a744d026b75d02bc62bc6dc690f0f9a,0,2,0,0,4,2,5,7,265,127.58
824,09870cc6cf0f34581166fe4d70852d0a2f6b8c16,0,1,0,0,0,2,5,7,249,97.16
825,fe3dbdb1cb4c86877697736a05d685e1c27a5856,0,5,0,0,12,46,0,6,1179,302.24
826,3db819abf07db3a3daff3b62ab89f3e0623ba70e,0,9,0,0,91,95,1,11,3002,632.58
827,d005c7967a57a572cc6d6620185ac6aedbfc56e3,0,2,0,0,16,0,0,0,74,108.97
828,294eef1327e4300aa198406048501c356d2eddb5,0,3,0,0,195,54,1,4,1581,341.62
829,2a7fb95c2f1f319b0ee847e18dbff1b4bc1c23b5,0,1,0,0,8,0,0,0,47,79.78
830,3a1568efc9a31394292bc359bb9bf42e1eb0f9f9,0,2,0,0,4,0,0,0,225,110.05
831,3e863a67cc90a12dd0a38438cdcb3153076e92aa,0,5,0,0,8,6,1,2,1756,345.86
832,439b76c2c9ce363ab5993e49da22d04437f6dc76,0,1,0,0,20,0,6,6,692,140.09
833,64190707f7ba1458e77fcf83a1b1e8004efa48ad,0,3,0,0,23,0,3,18,794,231.53
834,c69d21f09b261a57021ea1b344aa84fc7d773722,0,1,0,0,19,0,0,0,441,244.97
835,9b8421806038ff026ebab5d97f0b5d7d6b1b103c,0,2,0,0,12,4,4,13,792,288.23
836,a3ca80031121a495f2946bd6209710dc7b6e330d,0,8,0,1,114,0,10,11,2294,604.93
837,1e8559e6518529a869b22422b8b6bc28aad1c3b9,0,1,0,0,8,0,2,1,78,91.54
838,403c8c4e795e2098f82c91fd4e061c9408f4fe4e,3,1,0,0,7,0,0,2,381,252.22
839,46cd56ad26d59e93d3875c78f29fc6ebd27dfc07,6,0,2,0,0,0,0,0,0,323.57
840,6e3a1d26ffc3e9bae355df3533430791cdcfd5e4,0,1,0,0,4,0,0,2,205,137.24
841,b24491bafa78693457687dd5da460d5e387e9ddb,0,1,0,0,55,39,17,36,210,108.38
842,46ecf77b7bf9cf81375136172e9dab127e17a545,1,2,1,0,0,0,0,0,92,168.44
843,b77f9ea8d7bb2b4e8a5a7a15fa828fcd33abf0d5,0,11,0,0,116,14,5,27,3464,737.87
844,5e02186df86d719286ae8e2c97df936c02166d34,0,1,0,0,0,0,0,0,41,63.57
845,79fd3a0242df9f7324410cfc5d987850ee3de405,0,6,0,0,53,8,0,8,954,372.51
846,544aa3b66751e84646e7293f9c0d23a3aa372ae1,0,1,0,0,25,0,32,105,712,145.32
847,a66b0199891cdb416835ab5bf81650cef95f8cc6,0,2,0,0,3,0,0,0,532,137.04
848,2771ba0b3360f77aab6736eeabee352946d998a6,0,1,0,1,0,0,0,0,7,93.16
849,33677c0c58b7d63797118750682852522bb07ed5,0,1,0,0,0,0,0,0,265,97.1
850,c67bd6dc1a002bd0929b95388977b7cf7a157430,3,7,0,0,145,14,23,41,1827,613.08
851,702666480b91e30f9e39f3eb5f54465e6802e86c,0,1,0,0,0,0,0,0,27,48.99
852,465c51a419347f89a7d73c8014b3b46f27f1d5b8,7,1,0,0,0,0,0,0,391,512.41
853,5d5d758ce6ad1320c536ec7caddc9acc36876990,0,3,0,1,37,4,13,14,268,242.13
854,abf0470a3c8f3f7d38bc96c345f72f3298243f5c,0,1,0,0,1,0,0,0,730,134.59
855,fab3e5ff93736bd4cc366516b3de403fff2eea8b,0,2,0,0,32,0,2,3,269,150.19
856,58cdba2a8c52386aed780355bca9c54599bf4e86,0,2,0,0,9,6,0,0,165,107.97
857,1214463c66062e8c3d31b460fd3c734b8a50a1bc,0,4,0,0,25,0,0,0,1284,278.37
858,26e67d5ae83303226308915243fb0da15dc00315,0,1,0,0,0,0,0,0,738,135.65
859,b6e3c8ee8640c1d6f2bf67c6b490facadbdd3250,0,1,0,0,0,2,0,0,207,78.36
860,ab446338197443eee0f9d2ba4dd1c06a3320e4c0,0,1,0,0,1,0,6,0,164,141.61
861,f1e9c520873ca3ee61f59b9425633340366b35f1,0,1,0,0,78,55,5,33,821,175.09
862,0af86e3934255272c96bbf44a0ed7383dfe0145b,3,1,0,0,1,0,0,1,206,281.91
863,9e9ea3aea0a4e4ffaa87e0783fc85fb18cdc9887,0,6,0,0,103,105,10,48,2744,554.33
864,89392a3f20b8e447bb9ee54f23716001686d971e,0,2,0,0,0,0,0,0,193,90.33
865,dfbea2eb988e6b9ebf017d6a35f0ba590ce2873e,0,4,0,0,81,5,0,3,467,238.01
866,28adacb9c878f2d798f872048009bcdf3a41879c,1,4,0,0,97,26,17,28,1200,372.03
867,5991a35774607b05e8eebe64242e12b7847ca72b,1,4,0,0,86,5,5,14,1501,394.52
868,824fd955fb60b75a28db4b4ec9fe6c64cca60638,5,8,0,0,110,13,1,5,893,665.61
869,0f56337ce3eee917e0a140dc4f3f88e6002b8753,0,3,0,0,93,53,4,9,1007,268.02
870,0729d12b96918a7ae1ed36d3932416bee26c4301,0,1,0,0,0,0,0,0,230,74.69
871,60089f0f5801562c104b8822dabfedc889611abc,0,2,0,0,24,11,0,4,948,193.14
872,99b975f5c567e025317d5d683f2136fe0c696435,0,88,0,13,105,140,20,52,12067,4166.63
873,2f79852d340713176bedb16ab6d5e714fed37e63,0,1,0,0,1,0,0,0,391,96.93
874,c8cd1cf5065605269cf83ebc8fe7b265337e34a2,2,5,1,0,128,12,48,90,1165,537.2
875,32fe23f2e283f6e555f54861ff20376507d2b705,4,5,0,0,257,136,14,31,1904,655.48
876,48e92189ac5b4ba8c17ca3e6aa93e2ebc3427257,1,2,1,0,19,4,3,12,900,241.05
877,55de3fba71bc8141b13cf1538ab29f43811d985b,0,1,0,0,10,0,0,0,86,74.02
878,f866d234a196b7a19e5c28d61511ed3b1d2053a1,3,0,0,0,0,0,0,0,0,190.45
879,24187b0a7584b09b74cddd44440cac4b62f5cd86,1,2,0,0,90,17,0,0,428,204.48
880,9694a1a5bb738229b045b5a1d8ec2e023c45b1fa,0,7,0,1,33,15,6,6,1842,526.44
881,0758b707869ff81b70dd845ccdaa017356968e6b,0,3,0,0,1,0,0,0,192,151.47
882,0e087455af491a1c4b0fd393ceed39489c790793,0,5,0,0,21,1,2,18,715,283.78
883,cb175032a29f545200680d8fb153f871749e024d,0,1,0,0,0,1,0,1,148,80.51
884,f127237fb1f774d540ce9d8e5885c0dddd35419a,3,4,2,0,7,103,42,63,1605,485.64
885,438dbca6868f2c65a4683f1e6f6cd4dd1582967f,1,2,0,0,10,4,7,17,434,246.81
886,34621717df173749f677d02ace334870d06f529d,0,1,0,0,12,1,0,0,187,96.58
887,1922a9cb5f0c9cfed1c7693a67981d635630bf8e,0,1,0,0,1,9,0,0,190,87.99
888,8aad9ea392f0f98ac830163f32f37e5f6d6ed5cc,3,3,2,0,51,0,17,38,218,420.75
889,ab2cdfd384c0cc96a1ef10ff224d2a6b8a5fce06,3,6,0,0,13,1,0,0,285,363.74
890,6069a083afe0bb66b664deac2d332984498b933b,0,7,0,0,106,8,4,9,2587,874.6
891,5e85e6ea6ff004735fde9bef58085b83369f864b,3,7,0,0,94,27,2,13,1554,559.54
892,96ca84da156522bab33f734c89f0cc8b398e5334,2,16,0,1,80,52,9,33,4149,1067.55
893,31f584cfee41598aab16da8d84752e69b80b083c,0,13,0,1,12,0,6,6,2413,645.62
894,75441540fde1565570828403171d530a2abc6e2a,0,2,0,0,32,5,0,0,169,107.79
895,c507c59b6a166a85a262673fe7f1d4a3020bd599,0,7,0,0,97,3,0,1,1938,470.07
896,1375379a28f38aca8001ed2bce6258730716b652,0,2,0,0,46,4,0,6,955,199.03
897,58d37edc8cfd43e007697e243c48cc290c9f7063,0,1,0,0,1,2,0,1,157,99.66
898,366590150488e81691f9711bff9b4e2724afb8be,2,7,0,0,101,12,4,14,1076,498.25
899,e33be2525679982a5eae4cb61e7ec267262effdf,0,2,0,0,34,2,1,0,232,139.7
900,f6995738af66846417d630219ed22beacb11923f,0,1,0,0,1,0,0,1,229,156.32
901,4dd36bfa312285a13347fb15beadcb0baa30ed23,0,1,0,0,0,0,0,0,230,82.24
902,caa664d6ee55ccd11ec86150d7de0c5d8c8874d7,2,5,0,0,16,17,2,0,741,362.44
903,7f6f739ae396e07de573bea4ef16a388c54e77b8,0,1,0,0,0,0,0,0,756,129.87
904,33e2dab37ef94aecc262b1b8f75e668cd0db0e60,2,5,0,0,90,24,6,12,1314,452.73
905,e29608ff399ae6238db7086c214da0cc5c45a0fd,0,1,0,0,6,0,3,12,756,164.6
906,3389e8cfcbb8618102cd4894339e1a1828bbc837,0,3,0,0,47,0,0,0,1002,243.67
907,bb01f9613b125eea0ab894b3321f8482f83520cc,0,2,0,0,0,0,0,0,562,136.19
908,07fbc6ec8c39436e1942ba87a047f08ff7484eaa,0,1,0,0,60,20,6,19,245,114.32
909,978074449419863d6e1d4e477179e12092c3a639,0,1,0,0,0,0,0,0,34,51.84
910,71632967ded7904319a17cbe1ae6104efe4f249d,0,5,0,0,2265,0,1,10,12112,1670.06
911,4ac577f711b2d62afb2016b95b6ccc3a85afd108,1,4,0,0,7,0,9,10,560,287.76
912,29b7436091c52975e9b3bbd28868f379b55eaa63,0,7,0,0,70,7,1,3,773,462.94
913,752c8abba15dd8caee99b542bf09d702681a77fc,0,1,0,0,17,13,0,10,747,146.99
914,13d77e07f834ff375941841e5b2e8cc344702749,0,1,0,0,25,0,0,0,66,89.5
915,2cc4811f2f07635308cbc1932eb65bf8da0e3971,0,2,0,0,63,0,0,3,1001,223.84
916,da1e8763e03915b5358e122a2bdd5805b5c2510b,0,1,0,0,0,10,0,1,1034,171.14
917,ba87ad33439e53c14741b2c23e9dc2b7a3813b2a,0,1,0,0,0,0,0,0,230,81.3
918,04c62e41fdf15f4a6b556a49ef57c4f81776d2c4,2,6,2,0,27,155,7,14,279,484.99
919,76d77c5b354bb05013a3191e100f062f4de65ce4,0,1,0,0,14,2,7,12,97,100.44
920,c6c67d7b112eceb36846e03207cb9c37519f1730,0,11,0,0,43,61,5,22,2322,791.56
921,28cb56efa285f63b29dd169b7740330277470168,0,1,0,0,30,23,5,10,282,109.72
922,4b5bee4431ad1c935bc6ad1c75fe421950269c9f,0,1,0,0,0,0,0,0,398,100.47
923,69bc353d3c047ad8ad29584ce9e3b6c84d7ace7e,0,1,0,0,15,15,0,0,151,94.93
924,6177c819b1edb76cfaa8f6249dc9041771ce6da9,0,6,0,0,152,15,3,11,2598,587.48
925,cb7d82d785afd874c2b5acca763a668896099de0,0,1,0,0,26,0,0,5,1066,202.99
926,7f15b7b16413d91c91d215a677bcedbcddc9e7ce,0,1,0,0,0,0,0,0,133,88.25
927,e230af9cfd9d252696b8014c8a3e32b25158dde1,0,1,0,0,3,1,4,5,110,81.38
928,9f32ecea9f77cbbe38ea35ff7c9a3cef8e3d19ec,1,5,0,1,26,88,28,46,353,363.64
929,2cc10d0ba78362b3c4d351a6e3044b73dc5404eb,0,1,0,0,0,14,2,0,30,67.74
930,125a42ca1f8194c4b3872230e58cbdb6ff35597d,2,3,3,0,234,28,25,18,272,402.3
931,e673949c61f4f4c65289ca2d6fc426fb4e90a8b2,0,5,0,0,89,2,2,5,1997,446.88
932,2321cde58cac43a16d12eb34b8e1e32e81606774,0,1,0,0,0,0,0,0,118,70.35
933,91ce62fa9da673f4fe9f63dd477402ecd7f4d1ea,0,1,0,0,16,0,0,0,257,101.17
934,9e75f5b50ac1573d423fa937b801df77d6a36f3c,0,15,0,0,369,268,4,13,4415,1127.63
935,16ca1d1fb93982e141b15c569f925a29a396b871,0,1,0,0,0,0,0,0,200,85.22
936,355387a72741c657960293dddebd1157f382ba3c,0,2,0,0,21,0,7,8,423,168.67
937,895d92199c4c1a41c684e59a4f4c32ce81204a01,0,8,0,0,80,11,3,3,3068,641.06
938,71f5cc000db09236dab9ad682787347b00580661,0,1,0,0,0,0,6,2,300,111.41
939,e3cc8ea1bebbfbac4126994df9e3bd23213ee78c,0,1,0,0,0,0,0,0,230,105.54
940,93c2dae9e2242168f10aa0daa80d91c06962fa6e,0,1,0,0,0,0,0,0,115,152.81
941,69b866adca5ecac00b26dfd3573013eaae133102,0,2,0,0,84,10,2,12,434,204.79
942,505686eaf3a6a660d7b8016f224af1f500b6a848,0,3,0,0,1,0,2,0,251,178.03
943,a5b437d7fe5adcdb4546b91af5f77b0252d2fd64,1,1,0,0,4,0,0,2,398,163.39
944,f83d012a20ff011d93a61092e46ed2321b50d395,0,1,0,0,4,4,0,0,406,107.8
945,1980240feccc128ff18a58db86467a545d74ae41,0,10,0,3,200,1,5,32,2611,778.14
946,3a12f3032666334cba931ab152b60b969c8f3541,0,1,0,0,6,0,0,1,312,107.49
947,ed534972989b1ad0f6c07d25743c4c3d42ea237b,1,5,0,0,57,0,2,1,1482,410.54
948,0ad9f258e03e8d982789aaff95d42d9652d4ab9b,0,2,0,0,2,3,8,15,1043,495.8
949,7764465b123d2a56c96f9b170b42487392e2dd45,0,2,0,0,0,0,0,0,675,145.33
950,8464971c7aab0734f96d0a5a11d842b8e595324a,0,2,0,0,125,0,3,13,457,187.09
951,a89cb1047059a3eb01a9f2b9f5caae4aee6835a1,0,3,0,0,53,20,0,6,1448,283.13
952,ae1cb0527bc223b25761e1370618929e228183f8,0,4,0,0,133,33,0,0,1163,301.77
953,434215668e9db51706230420f8ce2c1c268b2457,0,2,0,0,2,8,0,7,287,148.67
954,9bc4dce9884ec4011f677560f708286968549374,0,1,0,0,10,1,0,1,761,145.24
955,04d34547a1453e16ea4cb306cfcfa0d79f22acfe,0,1,0,0,20,0,0,1,356,103.88
956,215599cb39420a3564f8fcc7ac64a8da748aa526,0,1,0,0,16,0,0,0,380,98.85
957,41f9fd921d77f5112107ba76c8794213cf3af929,0,4,0,1,17,0,15,18,246,265.04
958,00742ffdb4cc349ef3ee99dced9e08e2b5a404f6,0,2,0,0,14,33,2,22,331,144.42
959,2fcfaa8c74cad5adf9adcdf76987e4ffbe5983c7,2,2,0,0,31,3,1,7,342,228.12
960,28a8be46835a0ef1808e6336f3e020ad06a5db46,0,3,0,2,103,6,6,10,334,412.08
961,14d13de06d312ba92bfa42a239af80354ee03866,0,8,0,1,147,62,33,50,2306,598.22
962,236bf3ad6f8300e61321f64bccc8a7540e02e59f,0,1,0,0,2,5,1,0,706,136.89
963,638e4c2f51177ab984dba611e33c7c39b80319ec,0,2,0,0,2,0,0,1,104,105.44
964,92cebe59da573ee0ededd9c69055834d5a7e4fff,0,5,0,0,41,0,7,12,837,272.6
965,68e0b3813f77b3004859eda21506da90ac600fa3,0,1,0,0,2,7,1,9,279,107.81
966,019df1f6bc4875bd8592d2cb77164b1c9756ac1c,0,1,0,0,1,11,4,15,765,148.43
967,6fd41fa3c58d58558b94d55ec244a4e393df055a,0,2,0,0,0,0,0,0,122,79.18
968,5f3f28916793cf05b3a9c0e3195a42645e298fea,0,1,0,0,48,0,0,0,708,131.83
969,9413323ed13909810d55851eda19d599e731100a,9,4,0,1,110,0,1,2,258,642.17
970,fe2fffe083d3d38ebacaf9043eddc9fd353e0d26,0,1,0,0,0,1,0,0,765,133.37
971,684f484577607a37f0fd44d408db4a08748b2806,2,7,0,0,48,19,6,2,610,433.89
972,940a8b7d369015faf0f923ec5b58dc664ea66362,1,5,0,1,30,15,6,9,772,359.09
973,65e1d364583ac8fb822aa00ebee5b7cfcd842fed,0,1,0,0,0,0,0,5,215,73.98
974,f689e26e51dabe4dc0aae0fdabdfd4255cbb8811,0,1,0,0,5,0,6,10,376,109.96
975,e763b3bf3e8a26a2e2134bc615aac1bff59cd82d,7,2,0,0,88,20,5,20,281,529.05
976,42bcf4206ab27952311dd246d9e3778aa8dc2836,1,19,0,3,1746,319,14,45,16831,2726.37
977,5bc99f9aa3c575716d102ec41356d57bc5195843,0,1,0,0,2,0,0,0,65,83.59
978,e42a8c5c1689ffec6e7ea8df5a8f21d61e04e2ef,1,2,0,0,1,0,0,0,572,198.2
979,8774f80732927eaa62709ea0f790fb165847a389,0,2,0,0,4,0,0,0,126,110.35
980,9d90ccca69b608c8419d34b163a254e4fa3f9f72,0,1,4,0,0,0,0,0,405,235.32
981,5bb38c89ae67f95858547f73d0e833ef91b3d6ee,0,2,0,0,19,0,2,7,519,177.87
982,d9a20138855f8b3b58f5dbe90bb49427a10157ae,0,1,0,0,25,3,0,2,768,146.95
983,e9caebcfa3ca2af272f3d396363052dc27f3945c,2,25,0,1,254,50,17,94,5766,1672.55
984,5853dd244f6e23701ac2d79696036a203b431e06,0,1,0,0,0,5,1,1,376,112.85
985,0d5914af17a17d6bbe3d616a6e98ae938c9283e6,0,2,0,0,5,0,0,6,840,200.56
986,b579a641426e50a073932dea805094fba6f000fc,1,3,0,0,134,42,13,16,659,299.63
987,99f01f7fa059689215334d9e60e086bfc3a3bfd9,0,1,0,0,1,11,0,1,140,89.63
988,ec2b54a4efcfb838ddf9c37891a9c88fdac99915,0,3,0,0,6,4,16,25,572,219.76
989,09b75c86c8665730885f93282a690ffd22cd7e1a,1,1,1,0,13,0,1,1,91,143.17
990,090a40a9fc944c58734cee3a294074b117a694f0,0,2,0,1,31,2,2,12,425,198.87
991,5e75145ac84bf6fb844b90f3a466bca89a6fde9a,1,1,0,0,12,0,0,0,408,159.09
992,d55058b05d41ef212ec556b2ce762ccc66e407cb,0,4,0,0,58,1,30,23,571,207.99
993,ac1e73c5053c3c764cd3e82047368b1988d9d911,0,2,0,0,60,33,1,10,174,148.98
994,82c765042181c56b330ab69650d717442f313288,0,1,0,0,21,38,1,0,718,142.27
995,632947856f9195b9e74984facd584f0a41646c7c,0,4,0,0,15,9,3,6,370,266.07
996,fe8b226f02cb7f2ae0b5d2cfdce118f7105fe879,1,23,0,1,114,590,24,15,6206,1607.12
997,bd3b05316ff674e864d0af958537884169fda771,0,1,0,0,20,38,1,0,719,145.26
998,bc8e190f90b345f9772b81a21761e2ff656a2036,0,1,0,0,1,0,1,1,451,99.2
999,b41997850990c8ed99bb8d3d67c9a64371da7b84,0,2,0,0,11,16,5,7,138,143.41
1000,5144050f990988e99ad0901ba4513467dc4bf119,0,2,0,0,6,0,0,0,547,224.9
1001,88637eaa4eee286689a57cb0053c58f0ef297bfe,0,1,0,0,0,0,0,0,322,88.13
1002,152147122b9797baef20a382eb880eadcf7cdc0f,0,2,0,0,51,0,3,17,568,276.48
1003,8d3482aeb8f21afc1d149fd1f0ffbd0b2ec77114,0,17,0,1,55,33,57,6,2248,1124.64
1004,b9fa42dda13b66fb65e01237a6f86eea5dcdc5b5,0,1,0,0,17,0,2,12,390,108.58
1005,897a6398d1ae3b532738f8c5943291b14fdcdd53,0,2,0,0,12,0,0,0,80,114.32
1006,f35d5de7d61810fc6e70edd9dc779d7b498a4978,0,8,0,2,174,35,0,1,1821,591.7
1007,bab985461c507f276e648f335997acc340416f56,0,1,0,0,5,0,8,2,319,104.23
1008,336df5617b3a2ca43a8fe7b600508d8e8b0b9a25,0,4,0,0,4,2,0,1,1121,257.66
1009,467e39f3776d95d4123c742fb3acf9d9aa7e6bad,0,1,0,0,2,0,0,0,743,153.06
1010,79ace932a9d7de247f7cb0f932cd146d459e617b,0,1,0,0,13,0,6,10,393,148.41
1011,ebd5e1e9b6fa763859e378d1c4ad79f80a19b432,0,2,0,0,29,3,6,9,628,164.49
1012,d5b46987f0e513bbaa20c681be01df8a32ae2674,0,1,0,0,41,9,0,8,278,109.75
1013,1ec6e1265338976d2bb928a8450de5fd8cd0f56d,0,5,0,0,6,0,16,8,899,282.29
1014,623b4ace9e5c8f1667bd34c21b944b9d4636a2bd,0,1,0,0,2,0,1,4,192,89.97
1015,e3315b2d201d07d6f573237261e58bf89a51a391,0,2,0,0,12,35,0,6,326,143.69
1016,37b6b02d1a9d988f8bbd7124e108f71bfbd23a7d,0,1,0,0,18,0,2,9,1315,260.58
1017,cf131c868072d575a693a09b79d67fb324fbe1bc,0,2,0,0,18,0,6,11,657,181.38
1018,e669895d9d3d9e02ea97151f45fd4bd745cfcc80,0,2,0,2,16,2,4,29,275,244.35
1019,287ffd50e2f061d5fdbe42e37c8857a79420fa80,0,8,2,0,253,195,18,7,420,428.31
1020,1972a58620b16bc4ec54191fb8660cf274647bd8,0,3,0,0,26,0,2,0,416,251.07
1021,00e6aed0c7bc514bc270703b188b841b6835defd,0,2,0,0,1,0,1,2,1301,216.52
1022,632815c3582a5e91e9fdc8ee3c0473a0d87c268e,0,4,0,1,84,19,1,7,2554,502.7
1023,9d40013a994ca65f99831a416fb235d15ee17fdb,0,2,0,0,34,8,1,2,311,140.25
1024,0828e6fb181a09ec0c1a2caa3cae33608962c81d,0,1,0,0,2,0,0,1,569,139.04
1025,89a1c53f247688c1f521f8c2a8622a8484cb23cf,0,3,0,0,65,30,2,8,849,268.51
1026,f76ac8807eaf3a0875d859e4ef896b770b4df01a,0,1,0,0,96,0,0,0,225,107.79
1027,a105a21a93145e0dfe0c91466d6a3700b83bd9c6,2,12,1,0,117,33,15,22,1149,733.93
1028,998c8f35e894335ae757867982401e4ba4118d00,0,2,0,0,36,0,0,0,180,126.73
1029,c91ec2be69094b2ce413e69188b60396c6e3884c,0,1,0,0,6,0,1,4,221,95.02
1030,78e2e912b6f9014e9a83c929cde339dcb8459bdc,0,1,0,0,0,0,0,0,571,106.32
1031,f5f127b684608c8c06ed6e9dec7cbcbd2146da0a,0,1,0,0,14,6,5,3,124,83.55
1032,444ec6ded23ffa0a502b6cca1f84a20340af565c,0,1,0,0,2,0,6,6,208,107.6
1033,174244e20188406b307b8e4503444a6a00f164b1,0,1,0,0,30,15,0,0,306,113.51
1034,4a466d060598fec9e21fb1d77eea2825b73c70f4,0,1,0,0,0,0,0,2,571,114.14
1035,79a53129e887ac749c5d165b318207c9d8ddbe12,0,2,0,0,0,0,0,0,899,170.9
1036,2e6f14702f6fb1b7fe76fd2e07c11f512741968e,0,2,0,0,0,0,0,0,193,147.72
1037,e7d41c34973d0370f41f213d6d75001682f80786,0,4,0,0,28,0,29,51,1309,310.4
1038,d4085468d09a869ff42fa92e053c3bce49829a36,0,6,0,0,50,12,4,4,1582,356.51
1039,61b7162fb850c682d8f3f6467816cc17a95f65f9,1,11,0,0,51,49,10,13,1793,649.77
1040,241fd0344da3f6fbda7ba8d0976a85a51e3c33e9,0,6,0,0,227,114,8,24,747,436.79
1041,f9830a7d64921c1f67aeb6ee179b574769e0a6f9,0,2,0,0,32,0,5,9,680,176.61
1042,b55231464199f4fd5598970ab2f746f0d254c0b4,0,3,0,0,0,0,0,0,285,137.44
1043,35fa9d287fd7535dc9fed9ca8cc84e7851b045b5,0,1,0,0,20,0,0,0,118,85.74
1044,13aabe3e486f7f7b2822a44d3fea1bebc2589cb8,0,15,0,0,112,34,0,12,5112,973.71
1045,a39ce0141006d5762058b6f7d0cf1ba349d869ac,0,1,0,0,1,2,1,2,421,142.36
1046,c706d453e06a2f8c71fcd61d7e4dddc87cafc0f4,0,4,0,0,17,18,0,11,1933,372.15
1047,45cc8a9e8a23a57271dec384245d0012a0e5e608,0,2,0,0,34,22,2,2,369,133.25
1048,7b585c7399f29492c308f83e342cac29b0c7ca07,7,15,0,1,137,98,22,33,4760,1413.3
1049,2f90114055e4f5af0f6d051d0ce1da1c6204bd97,1,1,0,0,9,0,0,12,311,152.17
1050,8d03920b9bec86dd8e2fc343d32749a08f501362,0,5,0,0,40,0,0,0,722,252.2
1051,f36b1a1577ccd7dce438cf834985c9d72abca1e3,2,70,0,9,514,107,20,94,11056,4032.83
1052,f32651e519a27d755cdbed5f008d6d5f242695a2,0,1,0,1,0,0,0,0,93,400.19
1053,33663941c5ca544b0922d7093c8a118d8c3fce3f,0,1,0,0,8,2,2,9,521,130.33
1054,722ed823193ed49d4e42ef17be2241cf6d48cd97,0,1,0,0,10,33,2,8,326,115.64
1055,8dd1fb184579621133f3212b07b074ee42271bb7,0,1,0,0,0,11,2,1,346,99.49
1056,0f1701da8bb98678ae8e486796b2c1e650125106,0,1,0,0,139,0,3,11,332,131.63
1057,8744032563718dfe9aac0c9b968254fcdca7b004,0,2,0,0,4,7,0,18,1101,207.42
1058,2c504c44d9f87f383f23fad4075aeabcfec20585,0,6,0,0,60,18,1,8,1892,455.53
1059,6db9929dd3caf957e41344b2cbc65eb515fde615,0,2,0,0,0,57,0,6,606,143.51
1060,62aec9fbdc3921f319b9901b7f7bd9c4c9e0f4fc,0,2,0,0,11,0,0,6,589,231.58
1061,55cb6b894b1a62e4e941e63abaad834d15ca733e,1,7,1,0,3,0,0,0,635,400.73
1062,129741c2f668a123f3d5b8db5da4b4f600a61e93,0,1,0,0,2,0,7,6,44,110.25
1063,08a9814033e216eb2d340c49d171f3b66c19eb61,0,3,0,1,16,15,5,7,434,209.73
1064,6c4ccf331e7e5aa3f17cef40d340c29930887413,0,2,0,0,4,0,0,0,146,103.38
1065,c61e08de1f4c2686963d7d216207783a4369a5bd,0,1,0,0,0,0,0,0,171,77.68
1066,d9c4a5f0b6c3355753b50f466199cbe551cbd89a,20,5,18,0,7,0,0,0,902,1496.55
1067,5fde8c21d67ccba2d939387777bf9a7d28920838,0,1,0,0,0,0,0,0,407,92.46
1068,e5e3a88cd434880af6319392a61ef0571f8319d6,0,1,0,0,1,0,4,4,77,103.78
1069,f12bc26bb7dc2011181350cf6ac39fc5f316e949,0,2,0,0,5,1,1,10,911,193.9
1070,05af3bf4b7f68c8434a8d1cb576fb6f4571551ab,0,2,0,0,7,0,0,0,580,163.64
1071,bed82eb4bdf20db5c894444ccaed8a8631846997,0,1,0,0,3,0,1,2,91,102.62
1072,169fb742fd7f24ed987a7d85cf473e49f8d02f4b,0,1,0,0,20,0,0,0,407,100.14
1073,524d5f2a3994b88d073f79c0d1ead0f23b0786ff,1,5,0,1,167,67,9,27,1073,443.19
1074,be9c1e84d73ba4ebaf0b9463193aef61cc0cd9f1,0,1,0,0,7,0,0,0,9,78.98
1075,ecb688f45397be8c2e879663908b95c8a35964ec,0,1,0,0,0,0,0,0,336,106.79
1076,87480056a0b10effaf5556d000f8d0c5186848d0,0,3,0,0,45,0,1,1,448,181.05
1077,3219218620e795769e6f65287f134b6a43e9c010,0,5,0,0,25,2,8,18,1401,343.22
1078,b4238b997433a39202c48aa679f624e0e30a6858,0,3,0,0,10,4,0,0,860,205.33
1079,88c5c3ccd9e346d48637d3c63c8dff5ba53c8d8e,0,2,0,0,3,0,0,1,425,130.43
1080,c73899420c93454ff689aa3c5c8e4c80df1c10ce,0,2,0,0,72,26,6,28,710,288.66
1081,380cfbfe3cdef7e9281ad39b0b7e2cd3b161f72b,0,2,0,0,46,0,14,45,796,199.07
1082,43926485cd022871374ab0421a1fec75492e9526,0,1,0,0,0,6,0,0,48,60.84
1083,e20f68be8d874701bc9fbd0fadc3fa0699d3d2ca,0,1,0,0,0,0,0,0,336,90.15
1084,73372309529d4d3ac82abcafb2d5e69d1adb4ebd,0,1,0,0,2,9,1,7,359,119.44
1085,c90a3c2e51f1f1853c179b42ce4b241c518d31e3,1,2,0,0,10,0,0,0,19,173.84
1086,b027079758c86ab9abe407c42e1968c6646288e6,0,2,0,0,24,1,1,5,201,145.24
1087,00243ea430ece6fcf6d3d7b73f4b7605100aace2,23,0,0,0,0,0,0,0,0,1005.46
1088,1812928bfbecb0cb685fe3233e65ef9d8c84f73f,2,9,0,3,531,144,33,41,2095,1008.47
1089,1b589da5944f6106f292b718cf99c61c879887c5,0,7,0,0,102,428,6,15,2678,537.86
1090,a5ca2e5185012d336ae794ce51935c80f9540d68,0,1,0,0,12,0,3,14,427,108.26
1091,1d93d3db81c8ea32f5557b30acf34a13ec352d64,0,1,0,0,4,0,1,0,133,93.82
1092,f7c47af9b552843f63935a59302de31519ae6b97,0,2,0,0,7,0,12,17,842,206.34
1093,c016062edf42882860d4d51ee5b4b53aa7443621,0,3,0,0,4,6,1,0,423,166.95
1094,d3d6340bd783e022b6669e4c9614fd008d50346f,0,2,0,0,8,0,1,0,68,108.85
1095,1ff8c1475eebf67fbc2a6a9b0a09c3ac273bc4e5,0,1,0,0,20,1,4,3,190,105.83
1096,341883d9ed92a4079cb486d2b6b2b1d0c40f1575,1,2,0,0,16,1,0,0,59,152.51
1097,f04ddfbe71f95ef02938f9508ee84ed01f1992a7,1,3,0,0,4,160,0,13,159,215.92
1098,af189913677dd18816cc8aea8727adce9d7fe29a,0,1,0,0,0,0,0,0,36,53.4
1099,fdbfff2090accb032949551348ff4ca29e8de73b,1,1,0,0,0,0,0,0,104,153.83
1100,87705a93244d24448cbd147f63263900241b4b2b,0,1,0,0,22,19,4,14,425,207.04
1101,155a55b5609b9cdab9369b35b97218623dc1de8e,2,18,0,0,73,58,11,13,4054,1085.14
1102,c3e908e613eceeff5f3d7b85466ca734d3a42846,0,3,0,0,42,1,2,4,2057,341.91
1103,985b86e4d2754d3c73422e5c722c8a5e62bc1b40,0,2,0,0,0,6,12,16,843,174.68
1104,e1f0a3205eb5aede0b2d80c9d3de59b3f47b699c,0,3,1,0,36,6,4,11,564,222.31
1105,ad3138385350e62e7a612f2237519441e1adbf84,0,1,0,0,0,2,2,4,119,70.54
1106,2e590080893e427cc64c4c1acc228b80c8705fcd,0,1,0,0,4,8,2,6,1355,212.57
1107,6bd6c70881e8515a5b0679e5a8d6c235cfb1adf6,0,3,0,1,0,0,0,0,648,325.88
1108,3c737ef36968ef4f1551e13a2673d531d45a89bf,0,2,0,0,1,9,0,0,468,141.72
1109,709c5a70a8f37277c9eea0a1c0c9195b5eb21a74,0,1,0,0,2,0,2,4,133,90.6
1110,3a57fc2933eef0bcbec1679f06acc3c659d62dff,0,1,0,0,16,0,2,2,37,98.26
1111,3dd25c24e42538dfc0bfb2d7967c6a928624daea,0,4,2,0,54,12,2,8,2502,459.0
1112,e1f20ddda2d9795b28cfd61e9e03a86b398da9e3,1,10,0,1,53,54,4,18,896,538.4
1113,780f0ebb43025c2652e5bbbe1b75fb598035f5b6,0,2,0,0,10,0,0,0,469,128.87
1114,554d7ba7365faa19e47682380a8cfbcd2afdd8f6,1,2,0,0,22,18,12,29,488,255.05
1115,c66f90917955482e15db834566c242208dd361ba,2,10,0,0,140,13,8,8,147,533.47
1116,f6b58ee5a06d32af37903cc768e106079d267b2d,0,3,0,0,76,3,0,2,814,222.81
1117,7ca5a12b1f6d4848fd3064fc23892a1761b3ca01,1,0,0,0,0,0,0,0,0,83.93
1118,26a39df08567c46aebbcab6581fcad4daaa89079,0,3,0,0,8,0,0,0,166,125.41
1119,6222ce264fd5a923ebcd91f371b77a765e333fd3,0,2,0,0,0,0,0,0,116,81.85
1120,71d130521605cb7dcdb80fb18748ffcd87294ed5,0,1,0,0,1,0,4,5,91,217.66
1121,a1c13c6b5f13a733aa0a7e20ac03425b1d9be62d,0,1,0,0,0,0,0,0,484,102.61
1122,ad6e691812957e240d37918bbeae4a3c537fcccf,1,5,0,0,182,6,21,59,1015,406.52
1123,5d7151097e171c5ec9f22f150ac4ce92b5512013,4,20,0,6,765,502,64,133,4152,2216.84
1124,a6a8b0298f2f52c541ed6753806f12174edcd326,0,2,0,0,12,3,2,4,100,139.34
1125,00918498513a4217b3869acd65572c329c3cf9ce,0,2,0,0,17,5,7,12,1874,296.27
1126,84ac43328b2cb7f10279b565e9d685185ce60053,0,2,0,0,171,39,0,4,129,138.92
1127,3fb67f9cc5a497ee3b1b566b745bc1af349871e0,0,1,0,0,7,0,6,22,444,138.58
1128,3f591c2327532679159019b9d7486805ef6d0768,2,2,0,0,1,0,0,2,220,222.91
1129,7f16fc217732b486f5df041f0cfa398d5650a500,0,1,0,0,1,0,1,0,25,72.97
1130,0c64d9ca676e48a749db9879fa3cebc06eb78b54,0,10,0,1,398,612,24,18,1460,706.68
1131,791619d61165f849de36c89701cad964f77e859c,0,2,0,1,12,3,3,5,571,285.42
1132,862871f67afdc3a6357a759e1543f821bed7d7d2,0,2,0,0,11,76,3,13,402,173.4
1133,12d1bb9a0dc50ef31f07892de32805dec3b40c50,0,1,0,0,0,1,6,10,93,94.85
1134,540dd185d5a526ecd033c46388afead05bbccd10,2,7,0,0,30,46,24,13,1789,531.04
1135,e998f5e067daf71a0bbadcabc012d8e644c2b3e1,0,5,0,2,23,66,1,0,674,353.57
1136,49ccc29b652acca94e4e819b0b5eb106f05aba6c,0,4,0,2,32,408,2,6,295,342.52
1137,abc197c2df8f2972f94a16003cdac04d08202e7b,1,23,0,0,219,43,30,61,6646,1757.53
1138,a424f5c655623c8128824f95a673ad7cb06d09a7,0,2,0,0,0,0,0,0,552,138.13
1139,ed8755d3f664779ac14a62b6b1e49a26d4c6c69d,0,1,0,0,7,0,0,0,119,84.15
1140,4a3057fa87fbe092f4a6b8dcc34e8f6866b7c700,0,3,0,0,2,7,1,6,711,299.88
1141,30f60248cf634d3eb044512450a72f1784d17a9b,0,3,0,0,136,192,10,16,606,379.58
1142,6d590c40bea2f9d898de089730488fc7ab8d2059,0,3,0,0,17,14,0,4,887,255.22
1143,1a79b51d55d12bcf2674ebdf52f56eb25e92ac67,0,1,0,0,9,83,2,2,441,124.4
1144,86f387e940eacb6dac7531a4ed2cadadaa381bbe,4,11,0,1,47,30,7,19,4351,1080.29
1145,656fcf06045e0c36348f0b8ecf17de157ff66cb0,0,2,0,0,29,18,0,6,479,140.82
1146,13f6dc7def5091366e64c08f6c404c97008d9c50,0,1,0,0,8,0,3,10,451,133.13
1147,afd2bca46c778e9e84deb7ba5e4f5b258735022b,0,16,0,0,194,154,35,33,5141,1274.17
1148,7241348cff4ef061fbc716f836d2d2d503477008,0,2,0,0,13,0,0,0,1398,258.17
1149,02daea1c596939592d0d7899600c4243759d5fbf,0,1,0,0,38,0,0,7,380,146.63
1150,07d1fa2285a0ab0ca86bd5c8fc9f5eea2edb5409,0,2,0,0,12,6,1,0,307,120.45
1151,50cfabdf9b4a55e1bb964376eb5eca22f6046913,0,62,0,3,677,120,87,130,27382,4935.03
1152,3b1a03f380437b22884f93dbdb3ee2b9c116fbc2,0,6,0,4,33,15,0,8,779,486.78
1153,d38b2661eba7df12626ee958a4ec534f8492cdc3,0,2,0,0,0,18,3,10,591,146.83
1154,23c5cac8245aea16bfc0568cf2e5c2ae6dfd0e6d,0,3,1,0,6,22,2,18,962,263.26
1155,0f81b6d6132471ddf0e91cc3738da1ff365604f8,1,1,0,0,8,1,0,0,53,120.04
1156,717a8c1e796818ab2494a87afcaf811c42e016fa,0,2,0,0,64,26,0,17,654,195.72
1157,382479fd502b5872fe0f7914d9901c4473069cc2,0,8,0,0,33,28,4,5,1422,399.83
1158,d9faef1085e4ade496ff7f3d7f8472a28678f8e7,0,1,0,1,48,26,0,3,757,350.35
1159,951544a74a58fafeafd4f6f974ef4db20c188513,0,1,0,0,0,0,0,0,456,95.42
1160,83164c84313a4594baa3127c05f83411dd3f05d6,1,3,0,0,15,3,2,3,667,328.7
1161,71a019e8b5242766bb722a8d429c6955c292fd88,0,4,0,0,0,7,0,0,1490,254.16
1162,2d60d0b678ed72426bed0e90e3954b1d763044b6,0,1,0,0,13,0,0,1,528,115.91
1163,4c8f20ae33ceb47209402c0469791d7a19571471,8,19,0,3,106,73,6,19,2765,1445.17
1164,4a679fc055a7e6b03faa3c215562cc295714bc99,0,3,0,0,27,9,3,14,821,214.27
1165,aa5deb96855f24a7c45905bc118538542403d113,0,1,0,0,3,0,2,5,72,316.43
1166,6caf587e17fb6858e769fb2121b8cd66090ff759,7,2,0,0,92,22,19,26,365,513.88
1167,5d09a7f836ebaddd40e644ef82d80320570364aa,0,2,0,0,20,0,0,0,106,142.91
1168,53e6f743d434ff5ca787db26c8e3740cb16f9e5d,0,10,0,0,14,0,0,6,1058,418.2
1169,f7df879cc4d5a147030c0e7880bb1cba4f359979,0,4,0,0,55,11,5,8,1477,329.87
1170,7af4fab420ed42edbe9f97c1c4d63823ff321c2d,0,3,0,0,5,0,0,1,497,179.79
1171,fbb35f92ada1361148c63ad42bf6a5a231328b1a,7,8,5,0,40,45,8,22,1581,788.72
1172,6353732095af880944b8c09eacc3ab7eaf64e7e0,0,1,0,0,13,0,15,27,176,101.87
1173,8ad8c7da6181b7a91f6c89c9927a71619f4ea619,0,3,0,0,3,5,0,6,869,194.58
1174,36d726d6dece86567dc125bad679de9622489385,0,1,0,0,7,0,0,1,100,79.38
1175,2be8f350658076c33d9d905b9e9907aa3d3a8792,2,5,0,0,38,2,3,11,2714,556.41
1176,e7e9e19cf1be6ada5b5e8d56fc2a7d8809f85f79,0,1,0,0,2,0,0,0,459,112.55
1177,8ddaab07ca6fb6ff0a8991f55ba53d8122ce07d4,0,5,0,0,8,6,6,1,680,299.75
1178,91b5d69be2aa8f72dc49d27800a90f8bed9781cc,2,6,0,0,19,36,0,2,1516,447.01
1179,7fbb5985ffd13dbdb76e708fcf8f5705b2df0a54,0,58,0,14,44,37,9,1,3542,2422.7
1180,3eea57ab26e8c4a8811bde64854b95f706858f10,25,12,24,0,391,103,13,49,4369,2613.55
1181,8df623b634cc1fa23b268e2bb27931ea391a1381,0,1,0,0,5,0,2,1,616,130.28
1182,afd324e02f795a42d8943ee21589c99b661a50d0,0,1,0,0,10,0,0,0,461,110.14
1183,66644126af792986add25cb1aca5e5e7471b465a,0,2,0,0,0,0,0,0,96,93.57
1184,5b01477451a2c1cceddb5313714677e861280dc5,0,2,0,0,0,0,0,0,374,122.42
1185,d220c011892a36b7645599fc028bc8754bd99ce6,0,2,0,0,0,0,0,0,185,103.15
1186,b3ba458bd22f4320162cbb4baf3bab48a6844b30,0,1,0,0,1,0,0,1,501,107.52
1187,7691b7f09c6a2bd59f310656771d7cb7916a5a94,0,9,0,0,0,0,0,0,529,261.87
1188,7fcbb9a0296b306896a82d4f3c89c4550327c674,0,1,0,1,1,0,0,0,80,136.6
1189,8bb888b494b9f611a4e5d81bd8451626eadd7e12,0,4,0,0,0,0,0,0,490,186.34
1190,b335caed34e2d874c2e7a2efd103042db3ea5863,0,5,0,0,0,0,0,0,606,245.41
1191,e89f1027875fbcec6482f24c3e316025eb16ee8e,0,4,0,0,23,7,0,0,368,237.94
1192,fffdf258704c1937a570e3974ff64ade58df7b73,0,2,0,0,0,0,0,0,170,96.7
1193,0605aae240f00c1c04667756599c0e61e4d8e48a,1,14,0,9,74,175,6,27,3801,1370.52
1194,3418055cca28aa16459d254999f580fd2785f5cc,0,1,0,0,2,0,0,0,453,106.77
1195,65b797c22eadebb9a18575e91fdcfe33722762c8,0,2,0,0,0,0,0,0,250,100.56
1196,008fa369f37534096f59598f8b5374bcf56924e5,0,2,0,0,1,1,0,3,254,132.1
1197,5e37eed1270b1aa4a2ed9f540fee16fad29127b4,0,5,0,0,4,0,1,3,304,206.02
1198,bf923dc13c6051bc1a2622724300c56458d7ca08,0,4,0,2,0,16,0,0,984,336.67
1199,6919c4ad32e872f3658506c74447ab353d89c89e,0,6,0,0,23,28,0,0,1321,321.38
1200,de03a21ba62084a37fd4ef9bba8c00e33b6644cb,0,3,0,0,57,7,97,11,507,335.77
1201,720537aab99229309fb7b00c3f6006f0fea4a779,0,1,0,0,0,0,0,0,139,71.07
1202,0660164379c12aa48321d0772598f61a56904a17,0,2,0,0,0,0,0,0,467,125.67
1203,64bbba4796fe1ddfd1ca1facde7dcda33ac86ef7,3,3,0,2,5,185,4,1,1002,530.38
1204,75ada89f4d36a16713f18c6f6fc54dab4f659ef5,1,6,0,0,66,14,6,25,505,322.26
1205,fc44693fe6589d9fbcb8a63a4664369bb7e2a2a3,0,2,0,0,1,2,0,2,529,145.43
1206,500b74b196b740c810553c43216a56e23ab9caf0,0,6,0,4,37,2,61,34,861,607.84
1207,63c53fcc5979b8c2cbd8bae13de2561078780637,12,2,0,1,0,6,0,0,500,941.46
1208,bfc93dc030f94be0ac624fa8d58279d553e3ff07,0,3,0,1,9,0,0,0,595,209.45
1209,66dada66e25a1d24cc235fd44e58a0507fe07b84,0,3,0,0,4,7,0,0,561,176.07
1210,e148c8cfff04a7a299b2d626759a662a3f91087b,1,11,0,1,54,129,14,50,3776,960.87
1211,a6cd0e24cc795985e200ebebf04de981e13de97c,0,2,0,0,2,0,0,0,875,171.85
1212,c77c549e3f6bfa7b08ebc0bfaacb2bd8719c875f,0,1,0,0,1,0,0,0,189,88.4
1213,8b2259cf5805f654b5da2725fa8207fa0b6d5f7e,0,3,0,2,23,0,14,2,319,309.7
1214,483dc3f2bb46d18b7bbb41d72118c356bd9de403,0,1,0,0,258,300,20,20,190,163.39
1215,4ee09717cfb2d09b55f20fbd8245b6c2eca37fda,0,9,0,1,83,79,4,6,4086,812.09
1216,4463967a520af2bc9950fdbd2987ed220d8c0344,0,2,0,0,13,3,3,15,671,174.37
1217,514ba659bbe8706bccf539b09712362377bfd588,0,2,0,0,4,2,0,0,977,177.73
1218,9ec6eb5a4e422e4ac73a97e38e47512811d5b29d,0,1,0,0,11,1,13,11,447,127.49
1219,5499fc4e90b44269bd5e4c4a94f3dd95b6c6fedc,0,4,0,0,138,57,1,1,1091,602.4
1220,233c09873456ac0893ce30970b7caa64204d99ca,0,2,0,0,1,0,4,0,722,239.88
1221,e30fe73e9a3bcd9cb14f02915883761894ceb2e4,0,4,0,1,32,16,8,19,371,268.4
1222,a63f041477737c67177de292c90109f4b8ce2b1c,0,1,0,0,9,0,0,5,462,107.17
1223,a1e69add442d112e00dbcf76b0abb21bc984e5be,2,4,0,1,9,6,0,1,1224,390.06
1224,b49b3f46f91d06c4d497f8f11cbc334fd480e539,0,1,0,0,0,0,0,0,510,97.0
1225,db716c8b155428204dc12123bf2841c6e88b792b,0,1,0,0,6,3,0,2,461,115.62
1226,5f88452d63f9b6d7ad00328b1c5a0619e47cbc3c,0,5,0,0,21,7,9,31,1190,326.23
1227,4e9d2c449c071871753c8276ec0bcb1165515884,1,3,0,1,24,0,0,8,366,281.02
1228,0164cd90e3108d4afdec70df399b9873eff95b17,0,6,0,0,17,17,0,0,405,214.14
1229,d19b35abe256513a07ebae1e63cc1e17b8091dd3,0,3,0,1,16,1,1,9,241,183.25
1230,1d3e94a43eb1930fe2e9816debe23fe9e721ba07,0,4,0,3,1,1,0,1,347,386.75
1231,0a47b1393a3e8b3f907326ced359fe8b987c4fc7,0,8,0,0,11,0,0,0,1204,356.32
1232,93090795942ddc331b2f4cb3ec6aac4fd7be55d5,0,6,0,0,33,33,0,0,248,240.37
1233,aefc7ea395fed5a93e69942725a19b203a3574e2,0,3,0,1,87,89,23,27,486,258.75
1234,fe07e5a4962f9457fc2aca473511a50a553499b0,0,1,0,0,5,0,1,1,1442,216.92
1235,0a97446a70f6294a3efb071bb9a70601f885840b,1,19,0,0,550,984,85,115,2298,1115.23
1236,1add74b4b2a1c7fb63b8249b9574ac3e148d3b81,0,67,0,2,68,118,5,6,6489,2541.45
1237,881846364b08ec2086cd212fe500ee1518e1fd59,0,1,0,0,0,0,0,0,510,93.93
1238,08c9ad9a6692405884ae2b2f730868030247762f,0,1,0,0,3,11,1,4,561,115.18
1239,2acb62e518555ae856b22beba87731a0812f840e,0,2,0,0,8,0,0,0,135,125.93
1240,e65f73066c5741878177f45c283521868c775b7a,1,1,0,0,4,6,6,26,453,278.93
1241,edf3c2589b2d1ccc080e2b9b30dbbd9c53e9db54,0,2,0,0,62,17,0,0,778,180.42
1242,5f33a07762b254572bc531d4c80dc2c3b3193073,1,5,0,1,49,179,27,33,1229,7186.03
1243,40132597381c8323a265f286c3d840801347e07b,0,3,0,0,34,27,0,0,180,173.51
1244,a9471387503f40e38e4dd28a4625a70fe77727bf,0,3,1,3,0,0,0,0,560,363.06
1245,5fdbd5338293dc32f238c834036a7af409d25986,4,8,0,0,83,29,2,9,2944,771.42
1246,806831454502d052f504d162bf6d6ab0aad02920,0,1,0,0,0,0,0,0,119,65.55
1247,bec799e42a9c8ad14563e573068a6204abdb4a7c,2,14,1,0,56,413,21,37,1636,776.81
1248,0c3b446a5304df3f3c0d665d2df926cca2dcddb7,0,2,0,0,20,1,5,7,169,137.55
1249,e612fbf2fb3ebe2420670681d8679b19f2a06e50,1,8,0,1,28,13,11,17,1052,561.21
1250,b6beda64e7d25fa93958737fc8d2dad4eae309cc,1,5,0,0,6,0,1,5,899,311.27
1251,a6075017d5c8d1503c4cc392eef22bfb53db6258,0,1,0,0,10,0,1,1,467,126.6
1252,e9dedab46df9dfe3ff6902e453db92cf0e712e82,0,5,0,2,32,0,0,0,1109,432.74
1253,c972e257f1f4dfbab1f682f3da8dba6c500dfbb8,0,4,0,0,113,0,3,8,2186,443.69
1254,6fc3057d529691e697361ef9a67e21cac75e21ed,0,1,0,0,0,0,0,0,458,102.05
1255,b7d98b3f119c7dcdfc7064cd56be8fdb8bbaabd9,0,3,0,1,5,1,10,5,346,225.34
1256,1c5b38a9afb211b4681a9fe99f9740add76d0f37,4,4,0,1,116,199,4,0,294,459.33
1257,a19ec671123283c1ec3c49b2514e9d0777da4889,0,1,0,0,8,0,0,0,469,104.97
1258,80de4bbc0233815200f1baf8d6c4e570073bcc79,0,1,0,1,3,0,0,0,109,144.51
1259,d45d878a162d1012900f2de90314603a33323c5d,1,1,1,1,22,22,0,0,95,244.36
1260,6137c2a8136b31ae934662c2909ad1b54070a053,2,4,0,0,29,0,4,11,2195,821.06
1261,5c7d65b18cdef29a96e36075ee02b7e527df7702,0,3,0,0,10,4,3,5,480,173.74
1262,89771a2df2ac38e2575daa086666e789c0837d55,0,5,0,0,103,10,3,2,1630,360.54
1263,191324a67aa26601731bbb801fdb790282466bd3,0,7,0,0,57,38,11,7,823,337.81
1264,bf4e1f93b22d4f5da54c70247339cb675111b00e,0,1,0,0,0,10,0,0,61,71.65
1265,50fb42f186a2f439f72f5c17353ec726a00cb8ef,0,11,0,1,0,16,5,8,1490,496.09
1266,adf83a3f5d009efd0e0416a7bf1d8b6fd86ea58a,0,42,1,12,408,3069,91,45,31416,6698.28
1267,b9f005a62b947cc1a51a1298757049d8b2a89846,0,2,0,0,0,0,0,0,193,98.66
1268,fea24e22890b1f4d3fa84a143a3608488e79379a,1,2,1,0,0,0,0,0,100,175.3
1269,637ceba722ea2da7f2eee1380ecad1eedc59b388,0,1,0,0,1,0,0,0,138,89.67
1270,a7e43d600f86811ec695ad0606845d7a114f6fba,0,1,0,0,1,0,0,0,7,84.51
1271,31696b7889799d47eb36160fa3288ed05cb690a8,0,2,0,0,1,0,0,9,246,135.19
1272,5766c272b9d448ecfdf71da0f5e0a9fac5cea6ba,0,1,0,0,0,0,0,0,390,98.89
1273,1ac0e2f0086b7da5b7149562f2db8647c3b711c9,0,11,0,2,78,19,28,24,1803,701.31
1274,1a3d1d185f1c996e58e9e9a479db16e5113aa835,0,1,0,0,2,0,0,0,48,63.18
1275,afd658d3d08843f9667b64abbc30626d9ba23f35,0,1,0,0,4,0,4,9,186,91.75
1276,ca7c9cd8156d3647cfbd20291f37e2153c2f2326,0,2,0,2,40,0,0,10,247,256.81
1277,bb5d95fca0a518c038c65dfed7a27550fc3968d9,0,1,0,0,19,5,0,0,44,94.53
1278,a6d6b4224d5bae069e6f7cd9a7406496c7d530d9,0,23,0,1,381,69,12,41,27804,3202.27
1279,23da33e6c0820f45e72f325e2b3247c1b24ed2be,0,1,0,0,0,0,0,0,551,105.79
1280,b89666374b3e7c34566bd7f9b530ef9ccc53c6e6,0,27,0,1,77,279,51,110,6743,1913.97
1281,d9abff6130ec924b9c02742b8389d3577ebc990d,0,1,0,0,34,1,4,11,1473,240.67
1282,0f9a1a80c76054c322e2d1768cf24a3e4bd49496,8,1,0,0,5,0,0,0,197,518.06
1283,275b62159062c877057fe452905fd52f484c099e,0,13,0,2,457,191,24,79,1921,1053.49
1284,2d31f2200da5eb1a95cbc3d2c5fa3768f99a5760,0,2,0,0,3,9,9,14,181,115.55
1285,0dac535fcd964c7f76a4a5af8b958e7ac396da74,0,20,0,3,64,216,12,49,2978,1544.36
1286,453be73abb19eaf2448d1a63347afb8ca5911e1a,0,1,0,0,0,0,0,0,51,80.8
1287,ec141669518042350dc410d1178a772c2a815ed7,0,2,0,0,4,39,5,0,69,271.63
1288,480e6471eef9f5ffebea7b2d4f6410ced9ddfecc,0,5,0,1,22,38,4,0,901,425.02
1289,30aa87948f4b92e95a695e95b94e8157fa3af938,0,2,0,0,10,0,42,9,391,159.02
1290,c95d89684132f95e4b1d7e3beecc3af6d1a712b2,0,1,0,0,2,0,0,2,190,95.29
1291,a290ccb0be70f6d11f39d7aa35f24208ae033553,1,2,0,0,12,0,4,6,581,204.07
1292,716dfd1c54d1112fd5f6b4339bdd59784e867351,0,2,0,0,12,3,0,1,491,146.96
1293,3ab6ffaa8bdccb930bd79511f1781d532ef4eac3,0,5,1,0,216,63,21,34,973,355.37
1294,1d493abb490c7b5bf3de28f42546239827180384,0,4,0,0,11,1,1,10,1057,252.92
1295,76e0027c2d43ac693c86a2123c2b589b9faaaeb3,0,9,0,0,6,132,77,46,1324,525.18
1296,d49dcc251d26fb65f5b254ba31fb4fbd98891474,0,1,0,0,0,0,0,0,271,98.0
1297,3e641d95cbb2a451932a5f80ed7ec9fa8b7ba00b,0,2,0,0,0,1,14,11,818,172.44
1298,e00d215a75fcf017d514f6b692ab626d14b385ae,0,1,0,0,0,29,0,0,199,81.02
1299,8d2af02fc4ee57ad7a30f91d1a2fd999194406f0,0,7,0,0,103,7,23,66,2323,833.08
1300,343fd178edf85bb7880ebd4fcecf0b11a7f38561,0,5,0,0,20,3,0,5,412,354.31
1301,b2b29aa682f56ba63cad8f371fd1ba609790d3a3,0,1,0,0,3,0,55,13,289,118.16
1302,1dcfb9d264a7cee2d809f475540f5d24a767353e,0,7,0,0,49,18,0,2,1179,371.79
1303,ac2e957e2d8547626878cd031958185da3bad1f3,5,1,1,0,0,30,0,0,3,300.09
1304,6beb1bb3c36892bb0466b60ec142c5597f6e8f9e,6,11,2,0,247,383,5,20,3206,1092.05
1305,6455e2aca4f6a8b92661d0a95105327832ee5644,0,5,0,0,88,0,42,92,987,345.23
1306,994acfeb73319dfa9c5b4b18dba94e7469aefa40,0,1,0,0,0,1,0,0,51,62.26
1307,e740efbe0eacd1392f44151808ec1959bc69e3c1,0,2,0,0,0,56,0,3,1011,203.45
1308,89d63da59ff6afa7551463df0b5f895ec23181c3,0,21,1,0,32,470,7,25,27669,2986.7
1309,48193d92a89da866de4b4bbf363da83f9e45add1,0,8,0,0,56,166,11,43,3656,659.12
1310,09d44d504aed8386df633356f82cb3e54f6278fd,1,18,0,1,104,64,14,32,6084,1292.92
1311,f290c8016fa9add3eba2f6579e8bf308d71c61bb,3,5,0,0,14,30,0,4,2532,578.04
1312,636f3ad6ecc70cd8dcfdc7a79cb365fcaed6f877,0,2,0,0,15,6,2,2,435,148.45
1313,6fac6cd157a71c68f280efe7fd70793dd1f650c1,0,1,0,0,4,4,1,2,452,115.43
1314,48109b2561a540f58b80b1ecbc73bf2d2f948db2,0,1,0,0,0,3,0,0,28,61.52
1315,041c8d37782cf05a6a8ddb1103f3f741166111ec,0,13,1,1,42,163,8,32,4533,888.81
1316,82b875cf9b1521cc32cd5c375caee367bd62a9fa,0,13,0,0,17,43,0,0,1220,514.88
1317,bfa84f5b8d48cad4e4a4a41a3ee56ad4d6d8f3ca,1,15,0,0,60,101,10,34,5823,1120.59
1318,0288e40061d3c24337c394f4e0cd9e3f98847a44,0,1,0,0,9,0,1,3,67,82.44
1319,001c621c773db837b4c90bbf7868c94f284247ce,1,3,0,0,43,156,2,24,2117,418.39
1320,26b554d64123490ceee1b05c77e3ea51dbff6412,0,1,0,0,0,5,2,1,79,186.84
1321,6d0863e1aac1ae0a51a735878ed07c19d29c387d,0,4,0,0,22,197,1,11,2119,396.34
1322,a11fc9ee2f9ea4b8782261429fa90d922705e442,0,4,0,0,0,0,0,0,2141,330.48
1323,c2b34b6e3fd3f7eb115f388d5b74da453e8dccde,0,4,0,0,9,16,1,12,2125,362.39
1324,d37cc1b611dc761b1ec69c29d6b8ceaa84f301f4,0,15,0,0,136,52,21,27,4784,1106.3
1325,593dc83141939487beec562d38339a4aaf4d4231,0,1,0,0,0,0,0,0,68,64.2
1326,fa271b9cade635002c816c9605471e9e20294341,11,3,0,0,132,39,2,11,817,817.48
1327,39dc9a51a4a8598ed3b38b4be0231a809a3df16f,0,1,0,0,7,13,0,1,135,89.97
1328,7954d8071f2b1c46259c449983825f26afce6d6d,0,1,0,0,61,102,5,8,424,122.64
1329,f28e9631737da554a0a12323f6c00ccae3ec6282,16,3,0,0,3,0,3,1,736,1101.41
1330,59f94e192ffede9c6db5bc422e62fd5dfa00c821,0,2,0,0,2,0,1,0,599,138.99
1331,b183c7e06c6e9b27f7ec916cb08bed357997a698,0,3,0,1,1,0,0,0,582,230.19
1332,31ceca797df26815593407db2ffc3b9d2d80ecd5,0,1,0,0,18,0,0,1,346,112.7
1333,81e7030f7f8cdf31a95dac141265dc5499ecaf4a,0,3,0,0,22,0,0,2,713,190.09
1334,4f73272c006b3767ad40686aa5876ac5fbf57928,0,3,0,0,0,0,0,0,517,148.51
1335,04b726a0a2935475d26816f99dab6e778e96b5dd,0,3,0,0,67,67,1,20,977,252.53
1336,acd75b1367b4d8ebf6b1a6ecd4a6cd75921e1f38,0,1,0,0,1,5,6,5,521,119.65
1337,a02e8e0f9fde8372ff0eea0e674f72bb8be15875,0,4,0,1,400,319,19,24,1454,487.27
1338,1d10625598989fc2282318ccdd1294a4fbc36a1e,0,1,0,0,0,5,0,0,29,71.85
1339,0fbcd1111dae980ff245eead964e8a5e0ee0f1a6,0,1,0,0,1,0,0,1,133,107.29
1340,5542262568b3532fd11e2832d3168b386f35b3d6,0,2,0,0,44,1,2,4,273,256.73
1341,dda5a145249538eb5a49e452e34f9c5779e0ad87,0,10,0,0,147,201,21,33,4400,859.64
1342,354b06f7342746ce50cffa5dc886512bfc908922,6,13,2,0,35,35,8,22,2044,1298.99
1343,a183ec3bd4b6fd1da2a3b695000fdf1a391f2458,0,1,0,0,1,0,0,0,39,67.14
1344,d5513fde6b1d699e439eb79cdfcc112ca5d69058,4,1,0,0,28,0,3,5,112,403.5
1345,45fa3fdac0c79f78f6d0416e1bbfce281ef4e0df,0,2,0,0,1,44,2,3,273,139.32
1346,b436f43050379a65a5e93c28889c87923faa8415,1,43,0,0,143,165,24,27,8958,2370.38
1347,6befc18fbe5840fa8998baca661efaf104768953,0,10,0,0,84,12,16,9,3246,767.04
1348,ee2b52768a6c2defb31d44783c347f0e2de65ddb,0,3,2,0,1,11,2,11,1609,302.26
1349,62da77ca0bb61d5bffecfa9123d7f3ee8eccbcaa,0,3,0,0,184,0,0,22,1698,326.57
1350,9a185f19124259f0d510a3669d1023065bdf6197,0,2,0,0,44,1,2,4,273,154.88
1351,f7df680ef91a2862e22fe914b8c6ddeae2491fc5,2,1,0,0,0,3,0,0,102,160.69
1352,e909600b437c80a1b4eaaea63e8040b283ed4cf2,0,4,0,0,45,0,87,11,907,302.79
1353,1979a0ac3a4b6e2b1c999f97796d8e59c62a047f,0,3,0,0,3,113,3,0,654,182.22
1354,c2bb46b62797e92c0e3108047824dca9b0a02644,0,12,0,2,108,53,8,27,1580,689.94
1355,735064fdc57ae958fabae85b399bb5af3cb79144,1,19,0,0,90,107,0,3,2702,1025.42
1356,4403c959323f3808226ec80496cacb69307a6eef,9,0,8,0,0,0,0,0,0,601.85
1357,0d3ac8a56f3c7f53ecf2888ea853252794daa88a,0,2,0,0,24,0,0,2,703,187.78
1358,727600b5ca217367909f1090b9e2eff075cc7ed1,1,3,1,0,0,0,0,0,531,240.92
1359,97c845a6f39e60d93a553d9b438bb11fb38e0497,19,2,9,0,13,2,2,5,475,1045.65
1360,154ee11842a9ff874a132ab2e80f6c06dfffa190,2,11,0,0,70,19,5,24,1340,727.88
1361,dd624a67a4cf27e1778be260d964abc3df96e345,0,1,0,0,1,0,0,0,345,98.13
1362,5e933befbf762eef201e6d9f2ca89d03e1f1221f,0,6,0,1,166,0,25,8,2535,558.97
1363,53341a658db68e72aad4b996b487dba9571c7462,1,3,0,0,23,14,3,4,1425,303.59
1364,a0b4f55b0c38bd1b55bfb31e443895c708a75ce5,0,4,0,0,26,1,6,6,228,258.45
1365,9a5518e67038a8bc22145c9130f66474e614d1c8,0,1,0,0,6,3,1,1,45,78.9
1366,1652d6898eb5d4b2671a5c21f4f4dab52614ed9b,0,1,0,0,7,0,2,3,192,94.62
1367,3c7f0093f4e49f76c9a10a6a759f7c693f6c7eb5,4,10,4,0,0,0,0,0,1054,592.98
1368,4f5297d0d33abfa588f1ee7aa860a4bec6bffd52,0,7,0,0,35,31,2,15,2607,508.84
1369,a9e2c2ba54c32e348220799ac381c51d55c30a64,25,0,0,0,0,0,0,0,0,1392.49
1370,5c00e256afe95236dab3facfbebfb6d381c2394f,8,4,1,0,14,4,0,11,370,795.28
1371,a372872122c45716d25321e1f2e82924fae7c231,0,7,0,0,100,1,20,7,1034,553.39
1372,30c271b9bf1a9667f6991216a5a8dc32c0be996b,0,1,0,0,0,17,0,0,142,75.7
1373,ef5e173d3aa1e708cc8994a3f82a25d357ca7005,0,1,0,0,0,0,0,0,142,78.29
1374,8e6974fdc33e834bc01a5ee594e2cfca4ff3045f,0,16,0,1,71,20,146,48,1984,1246.6
1375,6c24d1f31c289e015795bd9f74087d63a4a5ae39,0,1,0,0,17,19,0,0,123,124.08
1376,f63a6196761fa5f4b961c544fbcbe535ed746ba5,0,2,0,0,34,40,0,5,290,191.69
1377,abab14d0806592abb3379e40f7ae5de0101dd3a1,0,1,0,0,38,64,2,6,75,167.81
1378,8fa534343beccb797f9f1850ec43673ac830b73e,1,15,0,1,296,134,18,31,3024,1418.91
1379,4fc7f0881ea1390d0b21da9fbd38fc2d9c3dac73,0,2,0,0,10,0,6,3,573,220.1
1380,9f63320fd5099bb124ce5321cc571cd0799b88aa,9,1,8,0,0,2,0,2,80,1195.62
1381,a4a9e07d8f6f1d322ab8fbab7a60babd1f5dac2f,0,3,0,0,89,0,0,0,723,236.87
1382,c876a373c4b0f58515d96b0f7da769d9309edae6,21,8,2,2,94,30,20,3,861,2625.29
1383,f58f8d88866f7d2c7d041e1a410b82f2bf25e24f,0,3,0,0,38,17,0,4,1909,340.48
1384,70b4ec84f51593e0e7a64b55b51ac96946bed299,0,3,0,0,0,0,0,0,634,174.12
1385,e158a3e97a0b57e92c1f2a165433dbbdac166106,0,1,0,0,1,0,0,0,467,119.19
1386,f5ee329439212363493d6f5d4f92d6c9cb46dc58,2,6,9,0,54,48,11,10,872,934.19
1387,f61bddd233587642ec7b792bb182a06d2f54dbf8,2,16,1,1,116,48,23,32,1653,1168.79
1388,fd6e80cfc49647ac57ca53e1dff9cdfbae164865,8,12,3,0,107,55,15,25,2388,1586.48
1389,57a2d34858026532fbf31827255d17f5cd62aaae,0,1,0,0,17,0,0,1,38,97.92
1390,c8a82bce2bc9fe6a98f99824bdbddcc06b054742,6,3,0,0,11,0,0,1,1141,850.19
1391,0845d353c06ef12d06c2cfd586150e1cc3b887f3,6,8,0,1,294,28,8,7,2310,1577.96
1392,80cc7e27ac6001e415b6e0bac9321f6dc3a7b642,0,1,0,0,3,7,0,4,65,109.11
1393,6a7b6719fa6c7049e00dd9d5085172af20c94416,0,3,1,0,97,56,6,10,587,386.43
1394,7eb665e1d4048690f209b4132c5f76bc89357cd3,1,6,0,0,66,87,0,5,850,442.81
1395,720b26561fb9fe6dab05fdb2c154cbfdb72a933a,0,3,0,0,170,34,2,10,1055,273.15
1396,a8e7b961756e83bf8b193754da8bf2e9c6f14c80,0,2,0,0,8,0,4,19,882,185.55
1397,f6fe360e327b33347844f7cd62c7c18304dfa1a9,1,12,0,2,26,75,5,14,2371,896.04
1398,be0548c74e8fa72dd5d3b741390901224935275d,1,14,0,1,150,34,7,22,2423,896.24
1399,7a78cf31d829e10b19e56b574ae650ab9f5c2350,0,1,0,0,9,7,0,0,37,80.59
1400,d4aa8e463e23021f3618b598e30f94e63c1a77aa,0,1,0,0,0,0,0,0,80,185.15
1401,d1f98003c0ecce21db31497098649b6cb452483e,1,3,1,0,0,2,0,0,658,227.87
1402,8f971641769b3cafcb9b8d08b158a7f8ba18451a,0,6,0,0,51,8,0,6,770,312.58
1403,e391de0009acda1ae0e2c1b35c110702a16ab644,0,1,0,0,30,3,0,4,72,105.08
1404,de4c0bc4a2d99143b8459a9fb0d4ba59cac084dd,0,6,0,0,8,6,16,18,902,360.95
1405,8be90b1e4410a73d0df1232749396243966252f9,0,2,0,0,5,0,1,1,1230,212.43
1406,57f663297cb4d6c39e594b3fb06604196bcb3af0,1,8,0,0,92,27,6,34,1346,489.75
1407,b896e6f566b5be43c1a3b00cc04574afbd1c3f4c,1,3,0,0,123,7,0,18,253,267.34
1408,09c8d1336a8b6e178be4df3628bb34a946c476da,0,2,0,0,30,1,2,2,1336,255.28
1409,c917204371debc160c1d7c627deac09466b142b6,0,1,0,0,0,0,0,0,109,65.3
1410,6faf663c59ee21121522911c588d82e8627fb7fd,0,2,0,0,1,7,0,0,326,129.34
1411,a04bdb349bc9ff8f3ccf68687f60f5938a88cec0,0,4,0,0,18,4,23,18,453,229.69
1412,146cfe27c9b2f9bbc423d134305f1f6b57c1d484,0,1,0,0,4,1,0,1,266,98.38
1413,65ec6ebd7a651af7f5167867a1a432738376ebef,0,1,0,0,1,0,2,8,172,93.91
1414,79f751a0e03c9fe731a2c44238976cdab479b2d5,0,1,0,0,35,14,6,8,450,125.87
1415,6b398757a5f5b8763725475090567e1525e0b2f4,0,2,0,0,7,1,0,1,197,351.67
1416,0d9239ef333e04e0788dbccfd1d00314b97a4370,6,1,0,0,5,0,0,0,45,366.64
1417,a5304964a8dbef3a3d0e0eb04cee94e045443bd2,0,1,0,0,30,2,6,12,268,109.86
1418,97dfb3e6c0e267a4597336fc70a3908f2186da3e,0,4,0,3,0,0,0,0,338,312.24
1419,df5933d7f99f6d647f23b8e1ed9294a8b5cb563e,0,1,0,0,22,0,21,10,190,109.38
1420,4fe2e20caa6e37e353d51d46aea41320e07be76e,0,1,0,0,2,0,0,0,68,194.99
1421,eb8c4d7354ab29ac364a89d39970ebab862c9edd,1,2,0,0,5,5,1,6,646,222.22
1422,580675617caeccd71a2f3a7b67cb8b55795a3009,0,3,0,0,61,39,0,3,475,215.22
1423,20bcd4f32352acb10df0b6077393040585521afa,2,2,0,0,5,0,0,9,482,257.48
1424,79899a0c55339356dca92cfcc662d5c6d0d6ee2d,0,1,0,0,2,0,1,8,298,116.99
1425,42d81f87681bdc506785716f8875d13c8e21ec86,0,1,0,0,0,0,0,0,178,87.06
1426,3a4bedcbc837634672b08c0da233164eef8da66a,6,0,0,0,0,0,0,0,0,429.73
1427,a22eba24a77ed99f170d54a600fd982c144a29dc,0,1,0,0,16,13,0,7,523,141.77
1428,64bf4bb3d06583050fa2103251df0a3379c50711,0,7,0,0,35,0,0,7,1162,400.24
1429,780a7e8b77999419978d982c7dc8a8a5d4f542f1,2,3,0,0,49,0,5,13,651,323.61
1430,7fa7e91c9ba15f4f318bed6069d1b53ec8c4686a,0,2,0,0,3,7,0,19,1152,222.16
1431,7a0745430ebdd69b993b60cfdfc69790ae30dd18,0,1,0,0,2,0,0,0,72,74.18
1432,2b251b67d7e0acadb842f7eb80ecb0aac6ff0fe8,0,11,0,0,234,7,70,43,2308,6844.06
1433,660c476ca3fe622e820218eb4ddd114789bf277d,4,0,0,0,0,0,0,0,0,231.3
1434,28187a6ae3da6052651c11636eb95316ee62a215,0,1,0,0,1,0,74,7,320,104.87
1435,83006c2fd60f1bdd2c0670a4daa05118ed5a27ee,0,1,0,0,3,0,0,0,110,73.89
1436,9bdcae2697dc3dd2f0a33eebdc86d2d22c79696a,0,1,0,0,0,1,0,0,177,82.56
1437,99ebf07de88588bf87c50fecaf6a7e3505b4c13f,0,2,0,0,1,2,75,8,675,182.88
1438,af25f0019ed608a51e2c33788f1ebd9a1981544e,0,1,0,0,6,0,0,0,471,116.72
1439,c2f9c722948a96a50f520cb6e15549c6554a174b,0,2,0,0,21,1,6,0,671,161.49
1440,116f4ea9c9e99881cd38bfb1a77db52d567cc8eb,0,2,0,0,5,1,7,11,1082,379.18
1441,f2d1d4f87e993ad05efcefd26880e98374ee314b,0,1,0,0,1,0,1,0,472,111.47
1442,edfe3eb83e8f61a5b1fc5f6663c0c26e4d634857,0,2,0,0,0,1,0,0,270,100.01
1443,9320d1493fb13e656cc57a6bab8542a0027e1814,6,2,1,0,30,46,4,7,133,478.32
1444,04b3f479c99e69fa351f0bc945a1625ff7b5bb61,0,1,0,1,4,0,0,0,46,126.08
1445,86d37fe36867d11eff509c053808a3de41b4863a,0,1,0,0,0,0,0,0,216,75.67
1446,106f12796a6b54a1dbac426b4d3754084ce816ef,0,2,0,0,7,0,0,0,634,148.72
1447,e7e45a5e1396f47ff4fafeaee2607efb02846025,2,6,1,0,86,193,25,25,1118,2563.64
1448,a9ebfb4469d525e4951e3b8ddfb2be34e6d74fef,0,1,0,0,0,0,0,0,473,100.75
1449,14f2b768d3b55325328a3559b3dd2e2d5137b715,0,1,0,0,0,1,0,2,176,87.26
1450,3fdc590cdcf7388997e17f6a0b2283f5b54c1bf1,4,1,2,0,0,0,0,0,86,290.37
