idx,sha,A,M,D,boot,adds,removes,updates,moves,matched,wall_ms
0,89af8294f42a9a16b91a09f7808653a71648718f,0,1,0,1,0,0,0,0,344,388.8
1,ec9a568764ec7a2ff39c27b4ee7d35b0c703bc2d,4,25,0,24,446,140,0,285,3183,2129.98
2,add0c0c5a02d3d3a2864a5713545d7d06217d0eb,6,26,0,2,701,211,0,510,3480,1163.02
3,3a70f2f97b5888d6b12bd26f066e23f84f7eaee6,0,11,0,0,147,84,0,27,2877,520.78
4,a6b7be60d6833d9416db90cf46ec5e18d84ab5c0,7,17,1,0,679,743,0,248,3356,954.79
5,ba1ef8c0c3380e264256a3e06b7eff798aa29e0e,0,3,0,0,0,0,0,0,233,50.54
6,8a53c236b9f576893175d0f6f33318ea473574d9,0,1,0,0,8,3,0,1,724,132.95
7,356f3919e9c10a56146ab1884c2b3432c9f1f4d9,0,1,0,0,0,0,0,0,163,32.32
8,47bf7fd8bbaca22a89e7429e52dcac5a5126d38a,0,3,0,0,0,2,0,8,1495,210.52
9,e3e22fe37eae6b22ba80ae24dfc7a219a119d92a,0,2,0,0,63,2,0,89,1270,193.04
10,a65898973081b8415fb7931452011ef28f2efaa0,2,3,1,0,0,17,0,1,619,194.62
11,19099c98b12f67747af78ca0b436a899a26467b0,0,15,0,0,51,17,0,21,3785,595.59
12,23f836454d9c5a495111b068f45d6aa89a2a724a,1,3,0,0,0,0,0,0,1102,169.65
13,e4194e10e51f0df323d14e297d0408770255e213,0,2,0,0,11,2,0,17,860,126.53
14,66839c4c17b169f5f2b6f39374558d9a5c3bc2e2,2,8,0,0,605,216,0,139,2377,612.87
15,7c3d11974bf7c2b4beb1a385cbab68d8175731b3,3,0,1,0,0,0,0,0,0,67.24
16,ac718209e5e31b0a001af3a623ffdb454193b1c7,5,16,0,0,241,207,0,192,4406,859.17
17,3509f88c48bea3e669ba5f3e8cb7d3ab6ff44375,0,2,0,0,13,0,0,4,1073,155.05
18,3f5229c66f93e6e36c36cd6793a0daefcadb55ca,0,1,0,0,6,1,0,11,399,73.15
19,0dd5f2759eccb8d206ec2eaaa477d72cb9a2b8c1,1,0,1,0,0,0,0,0,0,112.26
20,cc8d45bd4779cf764760c83cec834193c8883adc,0,1,0,0,37,9,0,31,693,123.67
21,13c1e482530f8bcf62035449b12fe99014f186b3,10,0,0,0,0,0,0,0,0,270.92
22,e78644ed10f069a428fa28d8c6a2d6242e496430,0,6,0,1,135,69,0,255,2122,389.63
23,f503143412cb3c8e65141a05c7c3db69c907bf31,1,5,0,1,82,0,0,27,706,200.6
24,eef130fc9153a1958d0658fe3b6fbe6e20256737,0,33,0,3,159,157,0,262,5434,1010.61
25,2447ce192239ef10f7a39e92e914e663bf2402ae,1,0,0,0,0,0,0,0,0,88.68
26,d1f85d739e5ef236930e59c137de9dd33a1dbfaf,0,8,0,0,0,0,0,0,684,112.1
27,31a8ba569be8bfbef08dcd0646fca6eb74b2c19d,0,6,0,1,21,25,0,13,808,261.36
28,6455364281ea565214b35d7092dd2fbddb0edf72,0,6,0,0,49,4,0,4,2914,418.94
29,a31d0e5f31faf73b9d1b29e0099cb53220d2a523,0,2,0,0,0,0,0,0,675,92.17
30,2fa16d4fdf8f638009bbf92bbbf6c3fae4d5ed23,0,1,1,0,3,0,0,0,13,46.76
31,96c64712e655ca456a3d3b0104d6c09e5f64074b,0,1,0,0,9,0,0,0,733,94.0
32,60a2e629d16b77fc8a3b7ee8f4533f68e6911f6e,12,8,1,0,23,7,0,12,2481,748.16
33,655728f3bf87f21104a6f02f4564901d79cf6bf2,0,4,0,0,38,6,0,9,1693,277.91
34,9eb369c26699fc265c2a0e780318513bd01b85a5,0,5,0,0,14,4,0,14,752,179.95
35,73183e6b975ea3817fad83a4cf779c6c545f652d,7,4,0,0,37,0,0,43,1897,502.87
36,a3073cc6dacc03756387a788de62498f1a64a411,2,0,0,0,0,0,0,0,0,39.26
37,2e49c9451bb1867454a7e16074ba8ba913872f2f,1,5,0,0,29,0,0,24,958,199.57
38,eaf0a7b1541f50c126d8e95129b14a5a55c790c4,1,16,0,0,17,9,0,32,4618,740.99
39,f613907a98a732364c5a2a5f1f4ece7bc99f555e,1,2,0,0,56,38,0,89,1727,308.73
40,87f5d5dffd96e09d789a9063f8f6d98a75fb24dd,25,0,0,0,0,0,0,0,0,777.96
41,19d1b8ea36ffe7826b4aa77be2dea9627ddfd111,0,3,0,0,0,0,0,0,112,34.98
42,d14fa818912e49ed6b23beb09495d9f66c03aa25,0,4,0,0,198,69,0,210,2274,397.01
43,14dd64dacef318966ac251af07c4983fe19d7e1f,0,5,0,0,40,9,0,28,2039,283.7
44,8c14bab2c421887218139622b7e0ba4129f1b423,0,3,0,0,44,38,0,0,122,58.12
45,4ed118700d5a8355fb8613c85ee87ec0ab2d0023,1,5,0,0,16,0,0,13,1174,186.72
46,5463de47b3f41a254eb3159b6963f3c92f660388,1,1,0,0,15,1,0,17,818,129.92
47,cbb844d5f0be591c76e84e325b40fc313851d57c,3,5,0,0,111,0,0,23,1561,332.48
48,6a64ae1542cba6564450a63788181adcf0851f93,0,12,0,0,12,7,0,20,2733,461.55
49,bf798cca50a330d9807671c62378245710887e4a,0,2,0,0,14,20,0,51,1623,244.33
50,377bf72458b3708f4078b043dce9425ebb807a46,5,0,0,0,0,0,0,0,0,132.57
51,43e253359a010a763da3686f9271bdf17e955d2a,0,2,0,0,49,0,0,4,690,120.05
52,5b1bd1f8f2d614c945f6a5889a9d4f25b87fe172,0,9,0,0,88,83,0,222,2217,417.75
53,a9acbeab0800dd1d3c13aaaea07d2975b0f49cb4,0,4,0,0,217,211,0,46,1379,311.97
54,4fa87a0cbbf6927df54853aa4f46c9174aa63344,1,2,0,2,39,10,0,96,660,317.32
55,b205cac36d9af1bf610b1d6f07900690ce4e4c33,0,54,0,5,172,36,0,16,2608,637.54
56,931d452cb2cc069bbb97e45dca094e9b163275c3,1,21,0,4,882,319,0,474,4658,1280.3
57,0c7ac6795f6f37dc014341efe184998ccbeb59bc,0,20,0,1,111,164,0,107,5102,871.53
58,391379a6fb4474428faeecfa8336b28503ca0400,0,11,0,0,42,814,0,56,3279,534.79
59,6c8e71367141628445b4cc843ad60afdfb5bb7c7,0,3,0,0,0,0,0,0,392,59.49
60,9dedf26b0f5bdb6790a466d8991eca31d7151656,0,16,0,0,11,4,0,74,984,248.05
61,e220809017200e6a515218f6ecb36a4f48d1a940,0,2,0,0,0,2,0,4,116,33.14
62,b7f01dce989c91e7d50cc80ee88042e5d995dab9,1,21,2,1,268,142,0,171,4380,902.47
63,17cc1759fceb3ee260e18c5e11ce7598cb8c31aa,0,1,0,0,0,0,0,0,614,70.76
64,00c1b877e8bb104516139dbad4d70e27c67c688b,0,6,0,0,65,100,0,27,2654,420.12
65,4ebd558b41cc10348a97a2cafa03e6055a079129,0,1,0,0,3,0,0,36,592,83.68
66,e41859593baae5a556e6bf7376a7d59b70474bf7,0,3,0,0,14,29,0,8,644,123.06
67,ec2d29c90270e16ec9a41706713d1722602838d7,0,1,0,0,32,17,0,21,1229,172.55
68,1756a22f03e9469db6d1c6ca6312fafb395018be,0,14,0,0,44,5,0,101,4143,604.25
69,5e3c5037b4bc07f69bffb86c29796345d56542b1,0,6,0,0,28,10,0,68,3307,471.9
70,07224fe303a3dccee5bb407d195d93901c75c8ec,1,6,0,0,27,2,0,10,1211,187.27
71,e9aafde1f124c396f629749d9d78968614c0ad34,0,3,0,0,1,1,0,1,2232,298.74
72,f56ee6b375ec904beb37d1a3c303d8d6c9bd71b3,0,4,0,0,70,31,0,4,704,156.85
73,660bce1d278f3eb471b75bb85864efdc5e53f354,0,1,0,0,15,0,0,3,1280,176.79
74,5dc1ee32c0364dbe40dd3c08d6137776f811b6a6,0,1,0,0,4,0,0,0,147,36.91
75,59825ac875d90ae0083b992b72dc9a57f9c5941d,1,6,0,0,75,116,0,2,1932,375.85
76,7d48b5f7d52c7fd246d32a158d0ecba9d946f383,0,2,0,0,0,0,0,0,235,46.03
77,aba565a22873439f7ee8f6d53091b3ce709fc96c,0,2,0,0,5,2,0,10,743,121.37
78,a1689adf0e0e4b92dc4909431e7ee757020e0a7f,0,15,1,0,2,0,0,2,3172,490.25
79,844e56e70451e9226fb0cb20ebdfcf1042099109,0,26,0,0,10,1,0,9,4137,666.65
80,49d4f333f4781c9b4b518d177d33523f49aec8e6,1,1,0,0,0,0,0,5,327,75.08
81,1d19158ac5333a39c8c50fbd852133bb99ac4906,0,4,0,0,133,77,0,11,785,184.09
82,84ef0f95efccfe4416a6542df666686c4d3343bb,0,2,0,0,0,33,0,6,563,95.26
83,6626ee072ac86fc843e1f720f288c5404a0aec75,0,16,1,1,8,70,0,43,1302,325.1
84,135670ccf4a72557d1166deb7f441bed3a67f195,0,12,0,0,8,34,0,5,1113,255.85
85,361f74c0c267904ec270bf3a636706663abee17f,2,6,0,0,75,30,0,45,2711,454.07
86,2cc1c9f65b136ae77eb79600e23e5b2b5fa8f0f0,0,20,0,0,394,105,0,100,3008,693.39
87,5df7ca8c432c1671407e29188ff6c033db435eb8,0,0,1,0,0,0,0,0,0,18.6
88,223a3e46d03c539d58e7c55b5ab2a4f1f429eaa1,0,1,0,0,1,0,0,2,67,23.35
89,a214798763e78b6434d87bb75b798d222b950c0d,0,1,0,0,0,1,0,2,67,24.65
90,5fe41420e62f259a4ba48484633b574d080a769c,0,1,0,0,0,1,0,2,66,21.17
91,d60908dcf9c8c0cfb3701d1b9b5f52e8239691df,0,2,0,0,0,0,0,0,952,132.14
92,aeceb916fce5eae892932898c9641ec045eec62c,0,4,0,0,1,18,0,18,123,63.29
93,d660cfc5269085dcc5da75ab2f8fab098a31f177,5,27,0,0,1032,294,0,166,1692,744.76
94,1596f8aa10e3af2549c406a90a04ab85447830ea,0,5,0,0,20,9,0,46,2095,300.43
95,83298b472161b20be5a670fc9fdcbce6fe15ee2a,0,10,0,0,207,245,0,186,3003,538.84
96,7ce0506c27df35f9cce4b797ebd493585accffd4,5,0,0,0,0,0,0,0,0,96.09
97,b271048e2f86b9d186be6b71c504c0dda92c0966,1,5,0,0,13,2,0,3,2889,404.87
98,20a6c00b5cafd152c84a5d35ab66420805d75e15,0,5,0,0,12,8,0,26,1689,247.98
99,4404e14c16c64e5599e739cac7ede0e48e7f98e1,0,5,0,0,48,13,0,14,1891,275.26
100,1657302ec155567b777ae8106725efc5264d40b1,1,0,0,0,0,0,0,0,0,44.79
101,f81060229f3a70c3ea9d56d56d364ec2a2c1a2e8,0,12,0,0,25,3,0,27,3135,470.32
102,8f3b423b73a76914af2bee72db94f177b2a3add8,0,5,0,0,7,0,0,4,710,142.27
103,2cf41fe53512875a1baef933492b3961030f3fc7,1,6,0,0,15,26,0,21,1172,278.21
104,87f305b608f7449ba2b622d764dbb80ab870602b,0,2,1,0,24,2,0,29,843,163.67
105,ccf42acf70609e8086c3f46b5c18ca8f6c13117d,0,2,0,0,5,0,0,3,70,30.75
106,7acd7d074a33a62c306f51de3cf2ec568dbc7652,0,7,0,0,64,45,0,49,1968,326.67
107,1236b87f48fb81f26afd331038047647f60eddad,7,0,1,0,0,0,0,0,0,262.76
108,354c848546084ecf47f53fe47a5e6a48622df45f,2,17,1,0,93,17,0,137,4628,723.37
109,188f9e6f23d4f8c14d2c51a03fef0006d0a0fb95,1,2,0,0,11,21,0,36,844,160.37
110,c56582d19b3060270c3f95443d1945a2db9b8892,0,3,0,0,34,2,0,84,735,138.25
111,af8131b86df62a693834d92371f1485c2485e2b2,1,8,1,0,18,12,0,24,2350,449.32
112,1acbfbde1f0f3e7a656bd343c7000c24f48d15d4,0,1,0,0,2,0,0,0,188,36.77
113,6e4efdf6970d9e3aef1a1517d92169e9f916e8b6,0,2,0,0,30,9,0,61,1888,273.24
114,6c9ddf9f37bc9ab5dcc8296b977e706193d3fb47,0,38,0,0,286,124,0,67,5874,1066.13
115,eb22494fb48711888be644829a44069489eaff61,8,0,2,0,0,0,0,0,0,215.93
116,79b3b1c6b2e0c0d56a8839f3ac7ef4ea6ccd61fe,0,2,0,0,6,0,0,2,87,44.87
117,c9f105acd5754b52d2f11107ba86b9fb5ac7cf4c,0,6,0,0,63,39,0,25,1581,281.62
118,642dd4294eea44b6f04160f2d7ea85b4298f729a,0,2,0,0,12,1,0,12,268,68.64
119,8b387823be8fc3659782445fea63ba36bf4e0659,0,3,0,0,3,0,0,2,960,136.45
120,8faa2ea9c672aff198eb02b9c31cda8fbaa1bfc8,1,1,2,0,0,1,0,2,1315,223.18
121,920c6b2021d71c204543840a35ca972f9b89abb1,0,3,0,0,9,3,0,6,1524,238.51
122,f07a9fd89af4824f8816c4d58093d613a5620c59,0,1,0,0,3,0,0,0,339,53.48
123,8a381624d96ea284016f304625d6f46dae06bae5,0,3,0,0,15,11,0,5,291,73.63
124,ab813c36736e7903649fe1b4ff7b3d39616572ef,2,0,0,0,0,0,0,0,0,158.52
125,04cac52745075093f9b5052e46950f76c8aeafdf,0,1,0,0,12,0,0,2,66,30.0
126,0b92e8826afb00476e98837f35ba083fa164cc69,0,2,0,0,11,0,0,17,281,57.89
127,fa1c77bd3ee4cc4f5468b1ca9de167261444a381,0,10,0,0,52,14,0,61,3719,587.36
128,1aeb23aeee8c0a3d20c9f20a21a9ddd5c66e6c2d,1,12,0,0,14,86,0,59,2898,469.63
129,0c8412cb79a7269ed34100760431cafcaee5f9db,1,3,0,0,1,20,0,5,177,87.92
130,e92a4023d50f0f71c9c97c348373bb49fd718ecc,0,1,0,0,2,0,0,21,121,28.88
131,2bd1e2cac215ffdb6ee558639d0bb164b50af3e7,0,2,0,0,0,0,0,0,1338,162.27
132,d8f4792f8e20bf7c0c0ca7a057245c3fd1e2a75d,0,1,1,0,14,0,0,0,58,29.43
133,ad743978ed62cdf18bb3f8d580deb27b9b2195a4,0,1,0,0,0,0,0,0,1325,169.15
134,41c71508dbc40d690cfbaa511226a703693ac87e,0,1,0,0,4,0,0,26,1325,170.49
135,334402af58e1dac05291f210f7acdad402df105b,0,1,0,0,23,2,0,16,63,32.52
136,cda8c597fc7c51050a154d42b38d23dffdfb2e1e,0,6,0,0,58,0,0,4,1418,246.66
137,9be624fc933db5f47af82652fc0d8bf6a6db6398,0,40,0,0,6,1,0,3,6737,981.06
138,656cee4138f56ab0e2caea198a63fe531c6a0916,0,3,0,0,12,0,0,7,291,80.2
139,5c869d23e977fa431a4658305d56ac496e417e67,0,4,0,0,4,0,0,6,290,60.34
140,26b3d9442d5aa4d0a55e74037960604eda2ce2bc,0,9,0,0,3,4,0,0,4281,573.21
141,33ab394d4ac5212659f9760d6435ea1ae8a6837b,0,1,0,0,0,0,0,0,375,49.33
142,bf4262e220ca8b1710866571a969dd2377f896c8,0,1,0,0,1,0,0,2,94,26.08
143,025ac21ab112772d00cb0a0e911f2193b260a465,0,1,0,0,3,0,0,2,401,83.76
144,8a5b3da29267f4510432436a1a42d14d027c67f5,0,29,2,0,700,607,0,202,5776,1304.49
145,9052780e2d9c71128ab5b49577a4bdb02eef8602,0,1,0,0,0,0,0,0,41,20.29
146,cbe167c981f9b2733552933f1aab6c9a32664bcc,2,20,0,0,581,450,0,172,4243,911.33
147,c64eb9ebdcc3f0ba78f185ffa21a89c392b9f396,0,2,0,0,13,28,0,84,2065,277.06
148,d11960feef2d28bd45dbe754c8884c3a8584b003,0,7,0,0,31,0,0,34,443,146.88
149,0eb95f5c54e30a3850206b9ea59543e6843e04a1,0,1,0,0,0,13,0,9,94,27.42
150,3786f399a65183058e16b0ddf17e34c56c7b6d36,0,2,0,0,4,0,0,40,2078,267.66
151,70004192f1c5760b13ddc924d69596af4f6012bf,0,3,0,0,13,1,0,20,739,122.39
152,3bff065d34da5603d136a7c133f28eb9068cd626,0,1,0,0,13,0,0,10,94,28.59
153,72414e6c91cbfea5b4ef308b011cdeee69716a3f,0,3,0,0,2,14,0,16,2029,286.62
154,175f44ac81d877b4556dbb7d00d39e25ca4ff188,28,7,0,0,384,90,0,139,1978,1190.22
155,7102265285d719b55e61112224914532266ffbac,0,1,0,0,1,0,0,2,817,119.4
156,6f14e60b7fc14890ef2396c732126b29d4ffa080,0,2,0,0,11,0,0,13,423,81.06
157,b8291d673e065fdc24d82aca9e1e4e110e8d81c2,0,7,0,0,15,0,0,66,2483,362.92
158,bf176b63f3ec725ec73f995b6051a689a5de8a9b,0,1,0,0,1,2,0,2,64,28.55
159,5a465ae05b0dc8c9bea6412f130d02cdd1a0f54d,0,1,0,0,1,0,0,2,387,55.34
160,05d4458b4787555d98fd2fb2f2ab02a94af26ec2,0,24,0,0,12,0,0,14,876,256.85
161,e24940438a894a6f323f247e8376624912e8c5e8,2,0,0,0,0,0,0,0,0,64.02
162,7fff3ab5f629e07a7b6d8ff56fc32dd68c9766f3,0,1,0,0,4,0,0,12,1342,192.5
163,c22dd06d1475fd275909af96eb8593c464a2f64d,0,3,0,0,37,13,0,8,2563,304.58
164,f1f6738e2cef14787880a9ac15d76767aa7419dd,0,4,0,0,19,0,0,3,1705,253.33
165,6b159e940ef53bdca472ce71586c2a931bfbf771,5,1,0,0,8,2,0,1,90,213.74
166,fdff7385a6f420378d2136b763560c565d1613c8,0,1,0,0,0,10,0,1,751,102.94
167,7ac136887acd01631c855cb9c36fc918bf63c6d4,0,8,0,0,34,0,0,20,2440,386.53
168,ffe660105ab9f1766d400d459f959aa4585e5b1a,0,2,0,0,6,1,0,5,559,96.03
169,79e64fcc4fa035d753133cbf8d81c30b6e2c30ee,0,1,0,0,1,0,0,1,48,18.28
170,30eb6606016a86bf8966369bb02a4aacd2bafa1d,0,4,0,0,28,0,0,46,2349,298.79
171,c7574f8f322539ee7fbf4ec58b6a944379360f37,0,2,0,0,32,0,0,0,147,41.03
172,c5eee12d4cf6743be2f8b54131ec6f080da4b825,0,2,0,0,9,0,0,3,1303,156.93
173,0d7a01cb8a1c15a8bfbb5814d2ae2c75eb8cf68f,2,1,0,0,0,0,0,0,46,64.66
174,7f52d2e951c93a3b1904f695798b0a5b8cca4424,0,10,0,1,67,29,0,39,1475,362.42
175,afeed7bfc63d9ce4d83fbf423fe034353b155854,0,5,0,0,7,10,0,15,485,105.53
176,0ce1829c73fd8ae0e37717d0ece2edb92870b7ec,0,4,0,0,28,26,0,62,2918,427.23
177,6fb46437057e4934603154a2ef320a554af5acfe,0,2,0,0,0,0,0,0,61,20.49
178,bccf1dc26f0af20b0ec70d420990e7fd9e01c4d7,0,4,0,0,6,7,0,7,1287,195.14
179,612f446dbdd151a02700839705c5ebfd1fc33e2a,0,5,0,0,154,84,0,199,2264,400.33
180,02022f99315a204b7ebfac3ccece5d913f373518,0,1,0,0,2,0,0,5,188,48.82
181,3c80b8c75e65c64e49b8aec3704dd265d61df61e,0,5,0,0,56,2,0,8,2579,375.09
182,870cb3b5cf98f0bd85a2c1035f4e35e147028061,1,6,0,0,41,8,0,19,2149,363.85
183,3ac4baf9b6cbcff6d12f27fcc84e451f90668769,1,0,0,0,0,0,0,0,0,37.91
184,faada59eb7feafe7dfff8cd96ed2bb0a746d008d,1,4,0,0,36,0,0,0,1813,286.86
185,6a65a514a8d6ffad5497775f86e606f29d14ce18,0,4,0,0,15,20,0,59,2436,386.35
186,f9fc02ba8b484c904a2171c19595f91dd21d9219,0,4,0,0,28,6,0,16,1503,226.05
187,29e68d505cdc1e5b19f5566032583189dbccbd20,0,6,0,0,80,1,0,1,1728,269.05
188,aa5e98f98d15857138d7e0c6015c6481c2a955ed,0,1,0,0,0,0,0,0,436,53.87
189,c70f6c51220cd62f2ef282e256f451f899221cec,0,1,0,0,13,0,0,26,1259,153.06
190,c499da8b7b0b2d9b32a3b9adc96091738ff899b6,0,7,0,0,20,25,0,33,2500,348.86
191,f8a906f49f8e26cf8710e62efa894f57f90415ed,0,2,0,0,13,0,0,11,54,29.6
192,91de46cac15c5784aac2aac51bc6b6f54b125e04,0,3,0,0,15,0,0,29,236,69.2
193,a24a76ca8384528ee3c122c79738b089a32d7100,0,3,0,0,11,1,0,20,2773,382.22
194,438b82450a5f0714a3c581852274c94f6b9f8704,0,3,0,0,12,4,0,34,373,99.54
195,b36f712736dfb89067e237dcf3837de8853a3c0a,0,1,0,0,10,0,0,0,794,111.9
196,9b68f4bf4197894c5f3eff1baf035da9eb828c59,0,1,0,0,13,7,0,32,1362,174.8
197,6da6ebed1ec106734a344d3f25c08fdcc615ab9a,0,3,0,0,5,5,0,0,988,166.28
198,c73ddd1aa894e944a37cbcfb6e29782ccbaabcab,0,1,0,0,1,1,0,1,89,43.93
199,c55f90590abe7d164e10f7dcdbf9ea1c5d0e4918,0,1,0,0,0,0,0,0,621,82.78
200,2630fd3ceebecba5932d146bc222ab8899736ece,0,1,0,0,0,0,0,0,68,26.76
201,83c09ebccc58a625088ed7de4b25cfddfdf30a47,0,2,0,0,2,8,0,1,1787,228.33
202,db809b2145521ad8a86a21d4a1aaa7619c183908,0,1,0,0,1,0,0,0,86,32.05
203,3b36d543de62262fb9bfd1b8d86b3355de0f9f9e,0,9,0,0,38,1,0,3,4230,613.22
204,0465b18a358e956a9d3d9a93ac708d5c83f420e2,0,1,0,0,53,16,0,1,283,76.33
205,87273adb1c1c4be497e7867a6d70540c4c0f7044,0,5,0,0,1,11,0,1,2008,312.52
206,bbae5a575fe8f953d51d4a9059364f567736b089,2,0,0,0,0,0,0,0,0,140.69
207,164bc44b58d21aecf752d82254fdec60377af4d1,0,2,0,0,10,4,0,9,1252,187.32
208,6b005b4f3fa444d82c71fa6810ee0c0ef5ae4052,0,1,0,0,2,0,0,0,190,35.76
209,0e8bbbf2f79b631fdb68411c50a26e41cedf724d,2,11,0,0,13,25,0,6,3642,615.4
210,9ebe18e2b494180629a7e91351832d53fb7eaf28,0,2,0,0,0,0,0,0,148,27.12
211,b0f524f3d75f36e61a1bf8f12c9f74630796be94,0,5,28,0,9,329,0,115,2015,494.32
212,c89219b47bf858541070475763dbdd5d3e3cea74,1,2,0,0,18,8,0,11,139,75.1
213,13239f413eb95d9ac808a027686ee8b0e0e48039,0,1,0,0,0,0,0,0,115,22.53
214,07eb878e5aaa93df5396d2601323150d26b23760,0,2,0,0,0,0,0,0,188,38.11
215,3f4e2cd235cce246a169d90f47140f97f6e556e1,0,1,0,0,0,0,0,0,157,33.73
216,56fa3392a18add8b5739eda9e395613cc15634f2,0,8,0,0,51,51,0,16,2157,326.87
217,24958ffd44cc3d79c96299a0ced1f2a881b8b35b,1,0,0,0,0,0,0,0,0,26.62
218,5893f72c17e6f11886899955cd67f18766dd5033,1,1,0,0,0,37,0,1,294,90.61
219,5a804bf5f311a524d6217967192e1712be411aa0,0,12,0,0,13,0,0,2,1518,220.9
220,f5bfeea89288e354eb53182aa18f8ac6e0736ef5,0,1,0,0,11,0,0,23,107,47.9
221,450fe7b100c172d32f2f99aa7f999f6e60b4ca15,0,5,0,0,17,0,0,41,2176,328.65
222,a22bf5e1e262f98738977906bd72fbe1eb9358ae,0,6,0,0,16,0,0,1,2585,354.06
223,3d80b1a4982cca2a90e56f245e02eb329686b33e,0,3,0,0,6,0,0,7,521,105.79
224,765ee86279f90aa6660e8d14bb4d20c7fc41a80f,1,3,1,0,38,40,0,2,353,223.96
225,df0f5658a5dda48843e4502aca5a517128adfa4d,0,7,0,0,0,2,0,1,1931,287.21
226,e3031f035f121f90591032606f46b16cb158a9f4,0,1,0,0,0,0,0,0,128,23.01
227,d004f6e545fc0d1bf575435623dfae6952ac54a8,0,1,0,0,3,0,0,4,128,32.13
228,979da3823a77f6dcb6bb124eed9aab1e49d0d092,0,7,0,0,0,28,0,0,233,63.93
229,d7de304808a0484476671765c5e7fb9cde4397e7,0,5,0,0,39,17,0,58,2176,300.26
230,fed1075104f33057ee43188b8b38b1999c497a3f,0,4,0,0,35,21,0,55,2918,405.09
231,27afba4ead9b34eaf32fc783cae409d7a6763ebb,0,13,0,1,372,220,0,115,3534,752.66
232,728cb9c5df957a54fad064f24c37d8cd2678557e,0,5,0,0,19,111,0,6,453,96.67
233,830df67181827218ed8525ac924b073cffe4536f,0,1,0,0,0,0,0,0,181,29.85
234,ff4aac71c3921d9258f84e35951fe6ea380588eb,36,3,35,0,0,9,0,0,221,1756.38
235,7d09aec4f8edd298dd83c17793fffdbaa44c73e1,0,2,0,0,0,1,0,6,1107,169.92
236,ea6f5071daee738708eb63aa09f11681fb3daa9f,0,6,0,0,32,0,0,14,3179,498.62
237,615fe2bbc747af5e05d0c3dc72b3b951a2a8ea36,0,1,0,0,24,130,0,13,287,103.87
238,f8269a1e47e9c8c0379f5dc0423653ab7bab06d1,0,3,0,0,22,3,0,33,1880,265.89
239,5f5472e631a4e63cde1757a8c1b9a92c38e76304,0,2,0,0,12,2,0,6,1073,166.43
240,246d4b80ab0384deba0b013c33fa5548e9de0b4a,0,2,0,1,85,56,0,0,324,194.84
241,74df13a369672a333a0a5cb6f0e6f7c47c2cf0a0,0,1,0,0,2,0,0,2,50,24.94
242,40ed226cf1c078c31885513cb2868b7f8da8c93f,0,1,0,0,1,0,0,1,820,140.8
243,d3a9d1d74559dc0a323785c25078b4be2d44fb53,0,1,0,0,13,0,0,11,642,96.78
244,ad1e1f9ca9ab7bc18626d3bbc5c1a2f907e7ae92,0,1,0,0,2,7,0,21,1381,185.62
245,5ea6853f90c61cbb248ee90fb3819f6ec65c433d,0,5,0,1,28,0,0,21,1647,292.58
246,6487762f94d66aa56213abfefc0fd3ee2fd646dd,0,8,0,0,16,8,0,12,3239,450.03
247,af3ca764702a3a53af22b8a14b099d3ca840942c,0,5,0,1,80,10,0,20,2289,371.82
248,52b268a09c5b8a7c7c3c1253ce7135939a748cfa,0,6,0,0,22,22,0,13,2268,321.8
249,0d8c1bfdfca57d55b57ad0a4a7daf9c788d224b6,0,2,0,0,33,33,0,47,1651,232.16
250,a8a0d00a4a6f5d0e88819d4c5f1d16cd0d0f055e,0,1,0,0,1,0,0,1,52,22.5
251,73d71a09a874a2df8c5a88678de6fba0a0aba884,0,1,0,0,1,0,0,12,671,119.78
252,2f06f08d95fb2c24fe14722a19b108b76de57547,0,2,0,0,2,2,0,11,407,79.5
253,d929e0c34a81b3430add1b8ca806abe5a8995698,0,3,0,0,19,7,0,44,2205,300.43
254,f0da1b58aaabef40d3a07f02f2780cdcc5b7d6fa,0,1,0,0,1,1,0,0,12,14.69
255,de2e8d5028915112545a86b450f03484663f119c,0,2,0,0,2,2,0,6,592,90.18
256,6e2273979652cae743e1f58d18fd4ff97e0a40fa,0,1,0,0,0,0,0,0,16,10.68
257,d374f82519fa43800ab80f69c905099d513b8c57,0,1,0,0,1,1,0,0,12,15.17
258,4cb3e64bff92c4caea26aa0a9fe9333c556c8c03,0,1,0,0,1,1,0,0,12,15.82
259,234d8552cfbbdf2a1377ab6d44f42e36dfac4904,0,1,0,0,0,0,0,0,458,73.17
260,d70a0b0a7c14971deeb07048d227762d03951261,0,1,0,0,0,15,0,0,443,66.59
261,5a033b71f43e90e60b869e59492357589a1aef0e,0,1,0,0,53,122,0,13,321,73.17
262,3e351091b6695c6344ad382ee28db8af0627e2e5,0,8,0,0,95,118,0,86,3003,468.27
263,b7d932f4dc1d1cee73142376baaee212df9d6ae0,0,1,0,0,2,0,0,0,953,136.05
264,e9230096ee3698e601d746259dbb0ab75190401e,0,2,0,0,0,0,0,0,292,49.01
265,678403c4fe99baa676cc89ba24d6af8f7c3917b3,0,1,0,0,1,0,0,0,1373,162.01
266,5d2ec2506d3fb9d95b3f3e3449870d5ec4dde306,2,15,0,2,113,6,0,72,4178,758.79
267,c6b29235e798d68cebbc87d8602da6706ef23c3a,0,10,0,0,0,51,0,6,2054,305.8
268,24a864704d5e9032bc0d2e859d8bfb4b24539db1,0,1,0,0,0,1,0,2,28,16.27
269,d20233e87b7c5ec02a0ada0df12d96c81510c491,0,1,0,0,2,0,0,1,111,25.15
270,39bff3580b018d0efe00ab39d78da6930c47c43c,2,2,0,0,1,0,0,2,190,64.19
271,9a88155bf0e8ffb7ae31e6aaf388dd76d03a6d01,0,5,1,0,3,36,0,48,2138,286.31
272,0fdd555ace87f9d9b45635e9aa4d0f44d56b8807,0,3,0,0,33,95,0,18,2229,309.69
273,5f63bc11eba30e938a49b0a35a37021f240f6d6f,0,13,0,0,42,72,0,49,4151,633.64
274,bfce24ce252892626d9219443df3b2ae1e6b0af7,0,2,0,0,0,0,0,0,663,97.81
275,51707644ed6604097c303a2b335f60a2dbd1bbb2,0,2,0,0,35,0,0,7,119,55.25
276,97f0bea9d0a4c6fc12ea08c35cb2e9fe92a4977a,0,3,0,1,77,0,0,14,5026,1459.78
277,93a31f6a165d5530349dc1794dda9d457ca28c2b,0,2,0,0,2,3,0,9,277,60.57
278,aa12579a3c07c6233980d6f6f3ef6901de01c46a,1,5,0,0,3,4,0,11,158,75.08
279,ea98b03b76a13931673df7726cff50868a6c3bba,0,2,0,0,21,0,0,10,391,84.73
280,b2be058d68b602265d38bf61b6bfcc910c267ff3,0,1,0,0,1,0,0,3,87,41.68
281,2c59895f0bf0113c929c227a7baa5792ef16882c,0,7,0,0,1,74,0,51,1124,206.17
282,1bc3a436dcc1362db9c49b8da185ee93b67239b4,0,12,0,1,29,0,0,1,2861,411.62
283,fcc06c0fef5484e12035412fa35ef389c021d976,0,1,0,0,0,2,0,0,20,10.82
284,ef9a7c1017c72783164b3a050a76947cc49b496f,17,5,0,2,0,752,0,0,1396,942.84
285,8b2c345d4ca71975c79d8f629bbda50fb24f7fa3,0,1,0,0,6,0,0,7,799,105.3
286,e6c687d1593377a8b66b0a2ba4284ebdc8658978,0,3,0,0,13,4,0,40,425,96.14
287,3067b43dc2707e696add243db6cffe3474c15188,2,1,0,0,1,2,0,0,280,94.94
288,6b8c95d8cd564d3873422c6c8acdd3565e16a19e,0,1,0,0,2,0,0,2,281,57.53
289,3df6443caf6cc96e15a70fcdd31dc340f9de0224,0,1,0,0,1,0,0,3,72,20.95
290,21932c59813e409653a4014af4b17acdcf03b9b5,0,2,0,0,2,0,0,14,1420,176.63
291,51a7b53e5b5bb6a7f2ea5958d4074b0b8ce1aebc,8,48,8,0,7,7,0,14,5666,1320.57
292,e714fed123722d200b35907c23d307af91b97907,0,1,0,0,1,0,0,0,17,16.42
293,377fb93ca793c9de4f6f7978cb317acb61dc07e7,0,4,0,0,13,4,0,21,2765,384.75
294,9b37593ad64c59f28ea3a6db52b657c914a6dd4e,0,0,0,0,0,0,0,0,0,18.61
295,79d04a0252227c9a49a848667b51fe1b67b3e971,0,1,0,0,2,0,0,11,616,96.98
296,8edc162bf6dd163ffa41d346a5fd58dabff94fc8,2,1,0,0,0,0,0,0,60,42.61
297,65bad043eb725068d5ddd65be7d53c8f69717a0a,0,0,2,0,0,0,0,0,0,11.65
298,c180c47e3ff6c22cf4013b03284c3704e65ed77c,0,1,0,0,4,11,0,2,83,26.86
299,30e6c8c0705cdeeeceaa28149ecad2e9b67d1cb8,0,9,0,0,49,34,0,38,1076,224.61
300,1635b759186463483a20c9f21ae38bcfd4affbda,2,16,0,0,59,377,0,34,1433,509.56
301,dcbc0773fc84b1feb7be2a1c0a68020e83d603be,30,49,29,1,11,0,0,1,5207,2834.28
302,8e6a233085be3a9bb868391c4430cd342820d0c7,0,6,0,0,0,0,0,0,1689,234.1
303,4c9a4b4cb02bbe3f5879bbbc69baef83acb57b5d,0,1,0,0,0,0,0,0,53,15.49
304,d280d4d0ecc0c4281b0c0a25cee03bc3d51540c2,1,43,1,0,4,2,0,10,8256,1230.9
305,f48c1d7893cb45178abdfc9722c31bf77222bcbb,4,1,0,0,15,194,0,4,615,216.57
306,dee0ea4c7a16afa4a376bbcc82aeca0dfa5634d3,3,21,2,0,0,0,0,0,3441,512.2
307,1dc387a0a6f6b35b063bc6686eecc87691aaa986,0,5,0,0,24,23,0,1,848,151.21
308,8aa6130bb4826ec002640ddde4057f79a354e9e5,0,1,0,0,1,1,0,5,79,25.83
309,4e2efbe8019733fa35de3edf327fc089982b1ec3,0,1,0,0,77,4,0,7,155,56.38
310,36b5f4791ffd086b431f8eff4669a2bc5ef649b1,0,5,0,0,0,0,0,0,506,77.39
311,a0f73c7efd6ec61dca558ffcd36368e3b3d2b9d7,0,2,0,0,5,0,0,0,443,120.94
312,57d1bde0e0efdd1f4299da5014504052411d8ed0,0,1,0,0,0,2,0,5,942,129.71
313,da6dde97ce9d62bd60d3d7557f3cbef7f06b3780,0,2,0,0,0,3,0,24,411,62.99
314,dc6e91f6153767adb40749ff39f204f21961f36d,1,16,0,0,15,24,0,20,4403,674.63
315,6fb7767fc6a7169ec0e982039911204acb413da9,0,8,0,0,93,11,0,14,2974,488.72
316,9057e559a18d4aa1ab6cb2e3d7e2094bbf494b6a,1,6,0,0,22,24,0,37,916,228.15
317,8c815c72f4ea0c2b578b58e17a0a7bbd85de87e3,5,2,0,0,10,390,0,0,627,298.06
318,4ea64897feedf564027812413b46e1eb814f5a15,0,1,0,0,6,0,0,1,17,21.41
319,97d4b9fd3cc1191b376b734b723ed3389af8ea94,0,1,0,0,2,0,0,5,280,52.85
320,5d4ed8436d0cf5c89bde8849cb685c0dbe132ba2,0,1,0,0,6,0,0,0,344,69.85
321,37cf8a8cfbef72cc34dd135bafdfe77b21f6098d,0,1,0,0,8,0,0,3,359,70.64
322,f8fc7bdd771a0f87b242026dd66b712f12a53370,0,1,0,0,2,3,0,8,633,93.8
323,ea1ac1f75cb2a23bf283f4116e88a1257258ca55,0,4,0,0,83,16,0,8,991,197.82
324,f66e157e5ee393c2cf9e7fcec984a4a13a09a864,0,1,0,0,26,0,0,20,210,50.85
325,feb4f2d2b67979c7fb28e358fc3d6bd7d6a9c57d,0,8,0,0,117,26,0,25,2637,457.61
326,9fa72c0177683d34ab1187c89902041acc1ac07c,0,1,0,0,0,0,0,0,672,94.64
327,a9d8d5166365807ce15ffc3bb25f76d4357ecf42,4,14,0,1,171,185,0,34,3448,787.12
328,e7b705a80869b9949931b1533e527b5c6708bf67,0,1,0,0,8,0,0,20,311,52.33
329,aabe9f09a91b5612170975d7085c73636f51d2d1,2,9,0,0,4,2,0,24,1316,272.98
330,65d961ae783475b04e2b25b13d38871c4f4d13b7,2,17,0,0,101,302,0,23,1289,386.54
331,46ff7775f6f07511471ca9bb0cf9f506956f06b2,0,3,0,0,2,0,0,2,1119,165.8
332,7f0818ede20aedde8a5f93435caeb22fa038b8e9,0,1,0,0,0,1,0,13,318,48.5
333,53a6abfe6eaa663f00b38b2e7491673b9adfb635,0,1,0,0,6,0,0,16,599,93.05
334,f15048d4d0d2f552690b53d1413db9d0c81448f5,0,4,0,0,12,0,0,10,2235,319.36
335,6c124cd285a56f78bbc7fbc78cda6039beabdba6,0,1,0,0,11,0,0,0,108,28.31
336,92a8e04b8518ae9463540a4e794d52af95726c73,0,3,0,0,13,1,0,11,1014,170.74
337,0e825ebaff0ef7e8218e8e153a6c2b63dc8026db,1,0,0,0,0,0,0,0,0,10.79
338,6e225dd7f18ae8724fea0037f7099b3f12cce8f2,0,20,2,0,209,172,0,238,4166,847.7
339,2a38a13eaaa7896a92461ed7ef34884ca1e623e7,0,0,3,0,0,0,0,0,0,22.19
340,228fd03bac1a09c8794d67ed9e1e727676b82b1e,1,14,0,0,147,70,0,19,2770,538.92
341,0c3d5abbc8fcd3f21c1bd660289464ca647e1ee8,0,16,0,0,12,103,0,37,2130,389.05
342,bb8dce00f274cce2ce75b2ba3ba3de7f47023640,0,8,0,0,2,29,0,2,3171,462.21
343,9c3fba564ca4c860c1d6783458fb988883ef4f8c,0,1,0,0,0,4,0,0,73,22.15
344,2da5e018afb3cc0b1a23b807012da36bbb6e7d46,1,6,0,0,96,115,0,13,499,195.83
345,7813444a9b949b46b718d4d025dbe5a8db93f521,0,1,0,0,2,0,0,4,626,96.14
346,49e0eaf8d949f84df528fd227aa799c21cb640e6,1,4,0,0,64,23,0,8,855,199.76
347,6410feb071118aa32212b79e47657c4e475695ac,0,1,0,0,1,3,0,1,723,114.45
348,efce1b3d092f84017e9995e76bcd967ac04e1300,2,50,2,0,152,188,0,76,7293,1410.21
349,278bd7e772665af9cbd9368fdbc6222f3c8317e7,0,1,0,0,11,0,0,10,657,105.48
350,73f126dbe9451b98e0b1cf0549e0a9a075942b9a,0,2,0,0,0,0,0,0,53,18.84
351,9a80650d97ad0f00bece4b416a6d8a5bc912b590,0,1,0,0,7,0,0,6,236,49.28
352,82901024c9f4013550d1e5e8a82513d803c4493d,0,3,0,0,11,1,0,8,1032,153.72
353,863ac0c60597b3ca9131936df751796768cd11f5,2,1,0,0,0,0,0,0,0,44.72
354,baa84cb4a16c4ab4d118515d8faf689553d8a441,1,2,0,0,14,0,0,16,358,83.35
355,9ad31220217bf1d697d429e4ab8c751f2cbea2c6,0,1,0,0,4,0,0,2,730,123.19
356,ef5bb6f316cec3af6d3e8de0a7caa89c1b976e53,0,4,0,0,67,88,0,10,1588,263.89
357,5af9719de39034761244823cdd77b45ca0fa6d2e,0,4,0,0,41,33,0,13,844,150.72
358,628124f7edd42e8a7c414d4b1deb43717b8360a7,0,1,0,0,6,0,0,12,218,41.78
359,e411d3c61f8a8759dd73fefa60f6c1876a330208,0,2,0,0,3,2,0,5,839,130.77
360,cffa3a254e26f9101e9339a69671aed51b8c6735,0,11,0,0,84,84,0,63,2726,515.13
361,2bf301a4dfbdb8bf275d79a26758d14bbc35af28,0,1,0,1,0,0,0,0,152,74.06
362,3607d3e0db9bd4aea7c653c9c92698a36be23679,0,15,0,0,168,177,0,5,1415,334.58
363,e1da900df86527dfa376e824bdc12f2e9f63b705,2,8,1,0,125,51,0,34,2447,436.59
364,cecc9e99ffc9386557d2e97ee24cdd49f6c8c4f7,1,1,0,0,1,44,0,6,19,56.73
365,495467870bb0ed4951d4e6a158080721032c9622,0,1,0,0,0,8,0,4,266,47.38
366,21da84cfea2e93c9403c1c6bbb84c346f10d55f0,0,3,1,0,0,57,0,5,641,106.83
367,0c08836299d84beeb9d918708c82e09c7813f376,0,1,0,0,0,0,0,0,667,79.98
368,c70e4fa9841998e92511133a9032e461bc7039eb,0,4,0,0,0,0,0,0,559,94.1
369,ab778e22e4051a9b31e4138d424d1d89f2c162ca,0,4,0,0,27,199,0,0,289,92.19
370,8df7f797818e5e74c701598c9e1d5653c404cb1f,0,1,0,0,0,3,0,0,23,13.62
371,2eef957d3686ffadbb6b235aa9201b7c941cbbf0,0,18,0,0,196,3,0,156,3846,658.75
372,20ee89aa4c37e15c404ef3b8599508a70cad750d,0,2,0,0,7,5,0,3,1404,198.76
373,eaa03f245b095b907f820323125cad63586de282,0,6,0,0,0,76,0,7,388,74.79
374,4aa78f4f281cef2acfa3109f4c52a2182cc4c200,0,1,0,0,7,0,0,0,181,34.5
375,64842079e043034492ac0c36a4b062d58f7000a2,0,1,0,0,0,0,0,0,188,28.43
376,a390d36ef546cd48cd4998f11bc043c6fcc752a8,0,2,0,0,3,0,0,2,1411,202.97
377,8544e3d1f36e66a066986c771e57f86acdc9f8f0,0,2,0,0,10,25,0,3,730,118.37
378,4e03053213814690150f1613d158c88e5deb448e,0,15,1,0,17,24,0,16,1812,319.43
379,8d5e1e702520f72566dcef5e7ab852ed03680759,0,3,0,0,12,7,0,19,1256,213.18
380,595b75b10536279115292a841f4df8ebded5bba0,2,6,0,2,33,73,0,24,505,206.26
381,822ba8bc3ba3f472047b916c9809aa657ac450b0,0,5,0,0,39,3,0,0,1329,217.93
382,3f3e2c575620d78c1df34b15a1c4815f16dfb1ee,0,1,0,0,8,3,0,15,275,60.97
383,1eda3c24396baa2067d8a048fd98a6ac13785a55,0,1,0,0,0,0,0,0,224,33.62
384,db289cb669d5a3c5c5db89543afb9a3082f9d713,0,5,1,0,23,85,0,68,1861,310.15
385,b365b0bf619e43e2fb628311f855a183c71aa3b9,0,1,0,0,19,0,0,0,333,53.72
386,bf4536f713120c489aa9f02e233617f59600c8c3,0,4,0,0,5,10,0,22,992,163.61
387,6c53f19fd4e794713c9dc97a9d18efc46794d3f0,0,1,0,0,6,0,0,2,302,60.01
388,a7f415b7d2898ff9452d682c68f182046f2e9a41,1,0,0,0,0,0,0,0,0,9.67
389,64a2a3e505ed108f62eae66618128e86baf264cf,2,1,0,0,0,5,0,7,127,59.87
390,192e43828959bc081e6c2a68232d4a98d72a4cf5,0,22,1,0,43,27,0,9,3855,663.16
391,423fca2f16ef73c1e4bce7cf11660a510be1456e,0,2,0,0,1,0,0,9,491,79.85
392,cb9d5865138a114afcaddc51522ee9f0f3f91477,0,0,37,0,0,0,0,0,0,290.97
393,c37590cd99bc5995c73ca4f16dd4fe8bcc4505e6,0,2,0,0,4,3,0,4,756,198.62
394,6829ba8a01fde34d3606a108da13d5299c6b2824,0,1,0,0,0,0,0,0,246,40.95
395,8b292ae202e2e6d7ee44b8f099539e1b70a37313,0,2,0,0,11,0,0,5,1009,152.72
396,6061624031afa4c2fbf9ba68773deeb9128f4eed,0,2,0,0,13,0,0,15,1414,208.94
397,8d0665881e97734b395e6dda26fea2abbb85f7eb,0,2,0,0,14,7,0,2,1024,161.65
398,f4d0096a0624a49e4938e82823d666986306baaa,0,4,0,0,28,15,0,18,1053,187.88
399,f328681e00d79703c99e661d4d3b603e6f5b8ef5,3,9,0,1,240,87,0,88,1284,484.14
400,359fdf6238f5cfc432f39aa9d65b5a7b3ef199ca,0,7,0,0,57,6,0,32,1156,246.5
401,7e0dd33fb7b816b0f5dbac13157bd91a20d1f8ed,0,5,0,0,3,48,0,2,275,61.51
402,3d1b788109ea007d0c68d5dce9f967eef574ca13,1,10,0,0,67,13,0,2,615,163.86
403,2a543ce103d9cc7b36ad0b09d0751ab441b27433,0,1,0,0,1,0,0,9,747,105.38
404,fc7351288ae2f11709a7500600808d6a8d29d31e,0,3,0,0,78,2,0,7,1345,215.52
405,3dec8def1cf558dbc0518fec40cabd3705f09d8f,0,10,0,0,136,66,0,75,1764,360.38
406,0271ef616d35cf0d1ed79f0ac7242368c14f38b4,1,0,0,0,0,0,0,0,0,42.52
407,1a7c2fc882d311855517d8b25132f0600c30e716,0,3,0,2,30,20,0,10,157,81.48
408,be8ef48869f73a5a625897ce33ac617f5b51e88b,0,11,0,0,39,28,0,68,2863,464.42
409,a55aa0c51752d62fb8eff9779e74e43c9fd5708b,0,1,0,0,6,4,0,3,90,34.22
410,fb9dc18b02c2c227638e2810679430ebd576c564,0,1,0,0,2,0,0,2,757,121.1
411,a3aa3548c41a0862997631aa14aec7925b3fa3ed,0,1,0,0,1,6,0,1,394,58.98
412,4400995ff81d4c8b6eb6267de77e038ef74419bb,0,3,0,0,12,7,0,0,852,123.93
413,9e2352ae39280d091678a2d777e295e9b06d19b5,0,0,1,0,0,0,0,0,0,10.01
414,5582a057456a1150a208dc441c2a4434f1f02c90,0,1,0,0,7,0,0,0,682,90.9
415,b5ae8db868a2f79d2bc3af6799ac3a570a5f6f48,0,2,0,0,6,0,0,0,1154,166.09
416,c32f6e31bd50103f47465aa58a3320fd49ce3e04,0,5,0,2,53,10,0,6,869,181.91
417,a6457d7c042a96ec4e807bcb2e7c73806a5cd78c,0,1,0,0,0,0,0,0,102,20.16
418,c3bb630ef23429f66f271e44d19d371ed5cdbb00,0,1,0,0,0,7,0,3,394,71.97
419,545a21579af875addc7ef248a30026f748db40fc,0,1,0,0,0,0,0,0,259,36.27
420,d2c38ff650fce3d259f80b0cf354ba4bbfd6e2eb,0,1,0,0,0,0,0,0,349,60.44
421,4a04330d7f303a75768cf0eda4949dcd8b8c3907,0,4,0,0,28,25,0,14,389,87.92
422,43841d04f059fc767360d98abce83ee59a557285,0,1,0,0,0,0,0,0,184,26.41
423,390233511b52b92991f619fbe1c96cdc99b5d37e,0,4,0,0,4,1,0,0,204,53.65
424,1bc0a2a0a37e689685d1c69a29c24999890deaa0,0,1,0,0,1,0,0,1,276,50.47
425,b58c15a6d75cee6bf73c1bc3bd24a63dd146e07f,0,4,0,0,3,1,0,0,567,101.39
426,132a6442602dc68281c6e08a4d0392daeffec1e5,0,2,0,0,22,0,0,0,429,76.65
427,542bff9b3bd59784d866bea89675e5015d21d7a2,0,3,0,0,39,6,0,8,1551,237.62
428,00cd1d2ca3e99ec3dcd1ab670ef522c44f1fbde9,0,11,0,1,24,3,0,2,1896,317.5
429,de39e81f3a68fedc185c9c53894e869fc42a39aa,0,2,0,0,108,60,0,1,872,171.24
430,1342ed9b5c11a286d114f18b912f73670ef310db,0,2,0,0,4,0,0,3,517,73.15
431,76d4d811ebeb86b63efd08bde811cc4fac4fc45d,0,1,0,0,1,0,0,4,114,28.63
432,d27aeca2e5be628e15ee07f2b14cdc9d5378f8a1,0,7,0,0,12,0,0,0,496,94.81
433,b3437875a64e38b232b400e8464f3ba08b252c9a,0,5,0,0,9,4,0,2,1055,172.31
434,d5b1dfe30c20f697105a89124042ba11ea7e3657,0,1,0,0,0,2,0,0,48,13.41
435,3af4f2f2f56717ece1e6a7d78247156a10464b2c,0,6,0,0,2,11,0,5,632,113.71
436,d09a69762070ba960698f0284cd92afb2e2075f7,0,1,0,0,8,0,0,2,406,62.12
437,b33ad41da317f24b6b578b32967ed7b763f70aa5,0,1,0,0,4,4,0,0,242,46.76
438,ae97400be0dffe56c3f4263afa8fdc4a1dee382f,0,3,0,0,0,5,0,14,1198,173.71
439,a3c07a40356829c4051bd8c0f155096efd0b6d09,0,1,0,0,0,0,0,0,169,28.99
440,bcbcbc79f4817dc78dbf405f5337af9381d85d1c,0,7,0,0,62,8,0,33,1361,283.02
441,acac3a8a952c3c4f397e323042b9af8f406ea098,0,5,0,0,87,131,0,24,905,192.48
442,1901b253653f424d15ad354f1d909534fca03289,0,1,0,0,14,2,0,4,697,106.97
443,070112eef28c82b500ad7fa82cd06364a7de4e3c,0,1,0,0,0,0,0,0,12,12.61
444,3224f18ba7e8db44c1c18b8e59e31eda5bd9039e,0,2,0,0,13,0,0,8,1487,215.56
445,94eba4e517687d29b974113351be9c3b313c89b3,0,3,0,0,21,12,0,7,1099,176.31
446,1f93bb57083b4c85dd7ff12051f9b2f869fd99f9,0,3,0,0,8,9,0,21,1769,267.81
447,20f56cc97dedfb52fd2169aa0bbfbcc23e14df70,0,1,0,0,13,0,0,0,219,58.68
448,e157ffc9c60cdfc40db4f67a021383936025e235,0,3,0,0,36,1,0,1,1194,180.78
449,6fe7bfb4815b7fdbcea68558a66d470dbba69ee5,0,2,0,0,17,3,0,23,703,104.59
450,b022dd6a5645948738fe036f5394b38e4f70629c,0,3,0,0,5,0,0,3,1267,176.84
451,f3549073a7c80908139a12610d2616c0e1c470b0,0,1,0,0,6,0,0,0,366,54.31
452,ffa8d836cd1193341220677fe74ee72bed483463,0,1,0,0,1,0,0,1,36,18.95
453,e652891ce1d43ede7f5a36f4bc8feb260d243cce,0,1,0,0,3,0,0,0,372,52.14
454,36f0d36de99c5001b12626a366912e459827004b,0,17,2,0,97,134,0,58,3405,595.92
455,e60307ea31ab407c18dff465ab9c7fe840e8ba1b,0,1,0,0,0,0,0,0,11,9.74
456,5162324ef948ebd7c1db2735e9d1ebc1713b9476,0,1,0,0,0,0,0,0,154,25.01
457,8c2399fee88efa07ccf53f901a465825de7337a0,0,3,0,0,18,1,0,8,168,50.19
458,e545586c0d295fb21b2222be3e255c030e8b5984,0,1,0,0,3,0,0,2,11,14.97
459,34f05ef4ae72ae99a877805b3a01d9230f1cf643,0,2,0,0,30,0,0,5,746,114.24
460,d37bbd20d1926e49bb415203dad4a3d8f897ce6f,0,1,0,0,0,0,0,0,363,72.02
461,422c3ff6057f2fb90916ca514fcc30e4a453f993,1,0,0,0,0,0,0,0,0,33.43
462,fbd80780bf53876f75222d8352090a5329f648d3,0,2,0,0,20,0,0,0,421,73.04
463,d136ccecaffad74a69b841ad1b2130f74da3ca65,0,3,0,0,19,129,0,11,493,113.09
464,f656ae19230bdaf55348ceb760173b7d88b6b368,0,2,0,0,30,30,0,14,185,55.09
465,d6522ebe2d343868284ebd6a8f6658055ca5864b,0,1,0,0,0,0,0,0,379,50.77
466,d5f2595ceee450a92734bfcc9665a8a604cb5bbe,0,2,0,0,10,2,0,8,513,105.83
467,5fe3fb7d0bc58ec70d4e213fc178a8eaafb286f7,0,1,0,0,55,0,0,7,28,33.18
468,f3b2cef9e06335b047903e2a76da6772d9924e63,0,9,0,0,52,45,0,15,1465,264.8
469,a34a37985f43b9101a3921aa54b0e7b0e58ba377,0,2,0,0,11,3,0,38,728,133.41
470,4f88dbf419cfa96874b7e7c8859277b4d65ac787,0,2,0,0,0,0,0,0,209,38.3
471,a44cb5bef8697eb3f9bfcf3605ebeb68fae86c17,0,1,0,0,0,0,0,0,193,29.96
472,3d8fc40fbbb285aa42bbcb9b3508528bdbebd99d,0,1,0,0,25,0,0,32,773,120.49
473,27f37b6365d13cb26b33109ba4924cd2bd69b513,0,2,0,0,3,2,0,2,425,71.51
474,ec38a78ca8c45621b9c2d920d45edd1fdd9ab8c7,1,1,1,0,11,11,0,0,75,61.33
475,be3f1a6ea3b773fac90f11eb3537259feeb50421,0,4,0,0,236,33,0,34,322,155.83
476,80843cd04dcf2bc2a7950945195289293df939f3,0,1,0,0,2,0,0,3,146,32.18
477,440f7256eb272a3794552ab63b3dc433bcb9838b,0,1,0,0,28,0,0,15,672,100.98
478,92f0ed2a2af2766f4efd7517f2f3b52e71aa1d36,0,1,0,0,28,4,0,2,76,30.0
479,16de09b3ad949b2f6b2b5e2a51fd2bbf3e4aca4c,0,1,0,0,0,2,0,4,172,33.39
480,f84b20bdf5664bf968ec0f374f420e2d5f91121c,0,1,0,0,0,0,0,0,28,25.77
481,0330ea17c1b47df84d4c3020f297baebc27f7b88,0,1,0,0,0,0,0,11,700,90.46
482,f8c8835c7df699bfb6bd99100e7fa55916393b85,1,1,0,0,45,28,0,8,164,73.57
483,febd92015a0882dbf8a553e4a028df10585f50d9,0,1,0,0,1,0,0,3,700,96.75
484,3b544ee93ccf94bc15504e761c988c7dbd4776ab,0,2,0,0,0,1,0,0,1075,129.75
485,f08923b0d65074cda3c4e04b318be34d068ed1de,0,2,0,0,416,0,0,0,4809,607.15
486,a68ef955d136e7b24de271b9e1f079f725d042a8,0,2,0,0,25,2,0,0,246,72.31
487,37b6f7e42e6f5132c9c916b0f6ab3f5ed2623cde,0,1,0,0,1,0,0,0,63,19.05
488,0a9f7e62f6927faef7f9ef813885c93327df7e67,0,2,0,0,30,0,0,1,291,70.01
489,e4449cfc8f58b997765d1450e8e97f1c36927c97,0,3,0,0,16,2,0,2,569,99.98
490,809180eef2f86d7efab042487bb730de5668dfcb,0,2,0,0,10,0,0,10,1499,219.98
491,5710476a73129e1498cca1c86333971aec707bc0,0,1,0,0,0,1,0,1,48,18.93
492,70e8c417d09319cd51880b8b72d1801c516d164c,1,7,0,0,209,115,0,9,1728,364.46
493,b3bdd512f35bd9a52d0aec18c4362b34cf250c73,0,5,0,0,55,49,0,51,2276,357.4
494,92bd62bf589a7e2c24b6cda932ce1644744ccd0e,0,1,0,0,0,0,0,0,699,95.81
495,165e2ed915e53ada83705fa456732b0287bfe91a,0,1,0,0,0,1,0,4,817,112.97
496,4c86428312cfe1dc1200229a344342f92e1a16d0,0,1,0,0,0,0,0,0,817,118.7
497,942c54cf565894e55c33f615f20db571754948fa,0,2,0,0,7,5,0,12,897,131.84
498,4f57d5b496c9e6dfee34246ea5e07eff7648e3b0,0,3,0,0,1,5,0,2,597,88.8
499,fa86731a5bc01ee63a650a072c7e19a8733679f3,0,3,0,0,0,9,0,2,1104,154.3
500,f34578157ccd05c5e821f85872c522a85400888b,0,1,0,0,17,7,0,3,87,49.51
501,0c3bd478b32da8c469c91c3bf091c3571c37ad9e,0,3,0,0,14,0,0,9,511,82.57
502,6cab23c4a04acd76edc31b96b3c35ea5a113484d,0,2,0,0,28,41,0,4,444,98.17
503,a28a8219cb720145c0e7bc0c1038a56abece9157,0,1,0,0,4,0,0,11,699,109.42
504,7a33adc9745220b910568de04720e7a91f576e9f,0,1,0,0,0,0,0,0,820,106.36
505,14160de524803cc36d6ca9a7865810cf81806c17,0,1,0,0,12,7,0,1,813,129.85
506,c41834a778dc7d0c0b472af9a4401867505c6718,0,1,0,0,0,0,0,0,723,87.43
507,0ce4989273f161df5670bd5b293d13ce7671d251,0,4,0,0,120,96,0,2,288,103.33
508,991dd0ee762ef6dca91793d43a4f05c236757f15,0,1,0,0,0,0,0,0,246,39.61
509,daccae3d26235040ec35f452bec4334be159348c,1,0,0,0,0,0,0,0,0,44.64
510,e1ab934e5d80c32b63db7569f76b12375fe2a6f7,0,14,0,2,140,0,0,12,3795,778.71
511,e1f22ab39981e3478e36097d753418a10f889372,0,1,0,0,0,0,0,0,313,54.36
512,78b53558b82d157a160faa98f065b947b07b42ff,0,4,0,0,117,71,0,25,2131,361.42
513,aabc02c44b12963921eb8d01cd84c8dabe4425bf,0,1,0,0,0,7,0,4,302,54.52
514,282810c65ea65671e6d346cb14ed11d901b3a0c8,0,2,0,0,4,0,0,5,1224,162.69
515,1fb69ec11a9d1dbc72a70d0d6a078bb4d609b80e,0,2,0,0,0,0,0,0,359,61.88
516,9460067fd85568f9eff7c57bb93aacfa01c9d6d0,0,1,0,0,2,0,0,2,806,112.39
517,e30ed932bb10814527d16483059c6247cb9178b5,0,13,0,9,2365,375,0,48,5524,1409.22
518,fddd62e6c513fa576a648e0f270746aabca0044d,0,1,0,0,20,3,0,39,149,44.31
519,462fe1e5dc76247cdfbfdb07c63a9a285a6c4069,18,10,0,0,136,34,0,65,3501,1095.13
520,6cb9d9ff7fa8ba9636d49eb42c105202f5ff3315,0,4,0,0,0,0,0,0,466,97.59
521,ed98d6bc25ef019d1f93e7ed7ef7314fe392f291,1,0,1,0,0,0,0,0,0,70.19
522,3e28fa30b7416cd46f95c6fcb215dc861c6ab9d9,0,3,0,0,42,2,0,21,1107,205.06
523,90685d499c02bed3f5fcdcb4591d1a0832f559e4,0,1,0,0,2,0,0,0,219,39.4
524,f277d7d3b0ceb67e306c1e11a863d50b1f8c53a0,0,11,0,0,14,22,0,17,3326,491.83
525,bd74b7d721c8b28e3240f88c852c75fde96d7e27,0,1,0,0,3,0,0,2,84,32.21
526,a1f8ee8ac1b5c9c484c1d578c89a52e52072b421,0,2,0,0,16,3,0,3,145,44.73
527,1491efc79bffcd15ddb9b240bcfc8bd1687ec8a8,0,16,0,0,82,144,0,56,2777,465.46
528,7632f2b7631d5871f60f1e547060e569165017e1,0,1,0,0,0,2,0,3,191,35.91
529,d1adcf16293b7a8bef100dd58806f74c38be2a85,0,5,0,0,73,77,0,9,1983,309.55
530,93ab23183b488c0999e2edc70d88fa5f2776db21,0,1,0,0,0,1,0,9,703,95.08
531,99f695beda613181aa5f16bfc26fddaa3da752ff,0,2,0,0,25,0,0,73,1582,239.16
532,776b740aa4dcee9c4e61746376b436d1f901c06c,0,1,0,0,0,2,0,37,725,101.17
533,15406ddda7ff65fee59d58504c25ab8e2d0a277e,0,3,0,0,1,2,0,8,1674,237.66
534,78eb75fdbb96aa08f082df92423ec3300f2b4972,0,1,0,0,0,0,0,0,726,108.84
535,003025211919b377f09251a01ec590805ac546a6,0,7,0,0,83,0,0,15,1551,286.75
536,3e7dd73cd1834e0f8ea3a04fab7880390f047717,0,1,0,0,0,1,0,3,879,128.78
537,65852deff9539aba7fa3595a8abff7057ea3df7b,0,1,0,0,0,0,0,0,32,15.73
538,d49952f979ee15a5c40677b684fae7217cc3491a,0,1,0,0,0,0,0,0,84,19.54
539,1bc2142c542b52d816617687e2446adc5af93cfe,0,8,0,0,0,0,0,0,2318,327.33
540,9553b1c946bcea6cc066f7cb65d6cda44d9702c9,1,0,0,0,0,0,0,0,0,39.77
541,2e13c047ab34bd6a60b1c05c35fec782aed32aca,0,6,0,0,13,4,0,2,935,178.16
542,3b540886dfdbe7ad508e60e946bbc8eb17cbb467,0,13,0,0,33,5,0,39,3488,560.92
543,6b32dfcf0e9fb695a7cb9ad9950ff842bf619ea5,0,9,0,0,20,2,0,18,3153,449.51
544,7c0a0af77c58bcb69e3af47957b08318fe72661d,0,1,0,0,0,0,0,0,364,57.24
545,16a2c45780fd8be50f0c5a856409a8d94342cb82,0,1,0,0,1,0,0,3,120,28.31
546,748b21e94a7ae3f8a18f94f8aa0bc3d33f3223ec,0,2,0,0,11,0,0,3,137,37.44
547,62c4e4b5b41015b64f0385d04bf52d1758956995,0,2,0,0,20,0,0,2,148,38.58
548,42b368a2c545422109fc570aac95499e83aa7cda,0,1,0,0,0,0,0,2,169,30.37
549,8f96de140a9cbcc835e6754e6d5577b41eead4d8,0,1,0,0,0,0,0,0,0,11.04
550,5982c95d8e9fd168dff581490a1377757245c947,1,1,0,0,3,0,0,1,794,114.55
551,c912849278dded960d2c9831f5f66c9b99abf810,0,1,0,0,1,0,0,1,83,22.38
552,aa419f96dd626ce49ccfc5f4cc73bbbbc782a715,0,1,0,0,0,0,0,0,368,52.45
553,2dbdd19cccce73c09d877ae7a6fecbf2ecf13dc4,1,7,0,0,0,15,0,0,196,78.41
554,d65e0b2bd61d88a69b6d7c386a704b06c0f7ffd3,0,7,0,0,33,1,0,27,1689,275.9
555,804155c5419b8dfec63acc70591fe3181e61c005,0,13,0,2,17,6,0,4,1855,436.21
556,97867f9a951e4700046f3b2c783da0f4052961a8,0,1,0,0,21,0,0,0,104,25.5
557,4f99f3a9e8f7871a0df3955afa78804849360f21,1,1,4,0,3,83,0,7,108,132.43
558,c3542a31ed5a2ecbc92dcc69bddb249119a13f69,0,1,0,0,0,0,0,0,238,32.53
559,67c748bf1a01843c4a9f0aef108dfcac41a08d74,0,2,0,1,0,0,0,0,31,35.27
560,6ae1f385dc268745c7700a199112b10793714bad,0,2,0,0,7,2,0,1,378,107.26
561,b45191d2d9c5c0481042f29e4e909e375cb9f356,0,2,0,0,26,0,0,0,172,63.35
562,70dac88e1f43c4c7d6b4fff2b7f4bd024be639fb,0,1,0,0,0,0,0,0,308,49.38
563,b99382cd1addb11824465a0aa67550b62a95216a,0,1,0,0,0,0,0,0,308,44.74
564,e45a93170d58a8c838db791c9517a51216836dfa,0,1,0,0,22,10,0,2,240,57.21
565,9607acc45e252d6865997f092c5d8a36b09f4123,0,1,0,0,0,0,0,0,104,22.88
566,c75ea989d657b10616b7a2230501b7021f7ebe18,0,8,0,0,85,14,0,29,713,210.18
567,0a3560ccea49af95751f73efeb67b28ebe2d65f8,0,1,0,0,6,7,0,16,255,53.98
568,99c892f030c3666f60930f28644c35a0b7186946,1,0,0,0,0,0,0,0,0,65.86
569,609ff27c831383077c68b5f40484ab713c7a3cda,0,7,0,0,0,8,0,0,780,147.75
570,89fd7417f7ff6f5dbdcc22de1eb32d58b0c81bc1,0,2,0,0,0,0,0,0,187,33.18
571,de4573e592088f614d0987b8021bdea317053074,0,1,0,0,0,0,0,0,219,34.61
572,3e498e2ca60767fef4db937b88eaee2f685daa1a,0,1,0,0,0,0,0,0,121,22.16
573,2a4f9bfa2a575841a985a7904f25d6dd33775ff3,0,2,0,0,4,0,0,2,410,94.32
574,0e1e284dc2b0ca8adbb26595a7ea690a444d4340,0,2,0,0,6,4,0,1,303,61.8
575,767f6057ffff460082478258e8259776a13b2a10,0,1,0,0,1,0,0,3,801,103.15
576,fb1659cf07434d4b179c7df7621fcf454f83ab2a,0,1,0,0,0,2,0,0,20,11.29
577,db217e6a153928cfab79b030ceb351b6fb543642,0,2,0,0,2,0,0,0,681,95.41
578,5b2e15021c2bf891154fa455be928680c9aa84da,0,2,0,0,0,2,0,0,973,142.8
579,ca07a6f30b0311d82cff75f2e1e30b6b825e70e6,0,1,0,1,0,6,0,0,6,40.47
580,44b55114b4dd65c26952ecee8b9f9ffed24c4b9c,0,1,0,0,4,0,0,16,274,74.62
581,a0cffd6f12ef25cbbb19580418eac71ed0ed5c69,0,1,0,0,0,0,0,0,278,51.9
582,a171d577659234d5367a77db8779b843c6611d54,0,1,0,0,6,4,0,58,798,123.52
583,a3b452e9b07793fb8446f75f1a93966dab1961cb,0,11,0,0,176,17,0,31,3385,617.15
584,5e3815484cde31fd975423b6b1d423198dadf90d,0,1,0,0,1,0,0,0,72,20.94
585,fd5543190c43feb8ede2056338ccf4622e94c99a,0,2,0,0,10,0,0,5,272,65.01
586,b5200e0ea6123450d42c7f9c904e18d9b5d13dd7,0,1,0,0,1,0,0,0,737,127.85
587,0eb54f38b789a4e56864bda3de89003eeed8fd94,1,12,0,0,148,11,0,34,3218,589.64
588,4357226cd408faf6ea8a1758b754bea4676eb2ce,0,5,0,0,5,2,0,7,835,143.04
589,d0ce40d1ec9f08b769559a1eb6b4bf5adff98138,0,4,0,0,12,0,0,15,2268,318.17
590,d5e81859e1c713d8d96c966be4fff3203e73b16f,0,4,0,0,40,29,0,27,1218,225.63
591,8b6b089f45aae345d22c9b58933d84e25cecda9e,0,2,0,0,37,9,0,4,174,57.74
592,ae1653c001f5d3b5ed478311443984ac54169b93,0,5,0,0,18,7,0,20,1103,195.24
593,ce3e6ccdff56430cedf05c250c3c02117df9b3b4,0,4,0,0,9,1,0,3,234,62.21
594,75183498b87a0ab08510c705b5deb5e9d2d9d198,0,1,0,0,0,2,0,0,24,12.74
595,2ee2b85eacfc54516fd1ea28b3a3ee52bc164096,0,1,0,0,0,7,0,0,345,51.24
596,7e1d49358de61a0ba14165aa60398a187cd1b388,5,5,0,0,1,127,0,0,715,238.2
597,cf7ae9adcb6b21efea3bf528ce229d073e91a8d9,2,7,1,0,6,1,0,63,2220,376.74
598,2de525ab3352363b16e3bc51ca8f28b40db44cdd,0,1,0,0,8,14,0,2,294,57.83
599,4c550fb6b94e083b258829fb0485506b3f30d35d,0,1,0,0,36,2,0,9,387,77.0
600,85fcfc11cad934a80f303a5ac2faa9a28fd6e8ac,0,2,0,0,2,1,0,2,1084,170.61
601,fa829b301ebee9fa16b60bd5e2b5818df6fd1155,0,1,0,0,9,0,0,5,438,77.38
602,c18a71372616eb52a6dc4911974689eeede0bd42,0,1,0,0,0,0,0,0,84,20.66
603,cb41078c8d4b68eea2f240a42b333b7fcf1cc66c,0,2,0,0,19,0,0,11,173,54.76
604,52b20f4b18505bf1636827ba4bcddf272b5b5780,0,1,0,0,0,0,0,0,0,9.28
605,ae27a2bc3f7681fadf1bb8e9a6bd9c79e4d20d29,0,1,0,0,0,0,0,0,84,17.41
606,8083c6a0b2e5e03279243443361034f7a4147b6c,0,3,0,0,65,0,0,33,394,99.11
607,48079011942f8871bdef228b8e46fbce61ff1a3e,0,3,0,0,2,9,0,18,2169,324.56
608,e95b049d337ed16f8f4652e67f3551ced4941447,2,6,0,0,46,1,0,69,2698,481.44
609,aeda522393ae88209f152d3ca8ec528c8eab930a,0,3,0,0,6,0,0,7,1202,178.72
610,ac1074b8cec46626417f3744c3f74a2a647fe335,0,1,0,0,4,0,0,21,870,142.34
611,5a0a0df8bbfb73082739b6379ab45403622a4a78,0,20,0,0,4,3,0,3,3148,560.44
612,e352c5dfe125ec69e59fcea51ac472d9dbecea4f,0,3,0,0,3,27,0,1,843,124.36
613,9dbddf3da40e30a3658a60bde2337bf3a2f8207c,0,1,0,0,0,73,0,5,25,20.03
614,ea06419301661f1cb5eaf3dcb8f5e682ede261d9,0,1,0,0,6,2,0,2,23,24.03
615,ad3c964f421de5c3bd86d7032859753e1d589252,0,1,0,0,0,0,0,0,91,18.66
616,5418547132684f1a7fa4ed42508f85dba70e830f,0,2,1,0,62,0,0,0,971,173.45
617,59a2ad7eace94c6152c68744f1e9fa6a45380a0b,0,1,1,0,1,2,0,7,235,48.79
618,f806f7fdea7638f197fd0d2dfb785ea045dc5057,0,1,0,0,2,0,0,0,29,16.34
619,97fbf7da76a06a39a0503476290abd459bd6e79f,0,1,0,0,6,5,0,62,869,118.29
620,d6997a949f366ba8669e7432fcc95ea81666d748,4,9,0,0,85,251,0,96,2702,599.2
621,062e954a03e04749b608270fd2ba28099ce4c17c,0,5,0,0,12,76,0,9,1091,208.09
622,8a7a750b2ef897fe3dcc4a5c66a9f0b57d921686,0,1,0,0,3,0,0,3,122,27.01
623,e408380bd1f59d99a281b631e3e4345f0ea7ff91,0,1,0,0,10,0,0,0,760,125.44
624,f78f944026075f7fd22a1f1dbfb7f7e8ac8f2364,0,2,0,0,0,0,0,0,95,23.02
625,8fd65c9fbf51884794882c071a994b712f88b232,0,9,0,0,195,0,0,11,3663,605.63
626,bf53013be5c549244f5bfc79f9d88bf3c2a6baa1,0,1,0,0,4,0,0,2,412,65.85
627,d2e77503f864ebafd681342e214ba105c5f1b501,0,2,0,0,0,1,0,0,488,67.96
628,5ec924f50b0262dba2fa61106aba4e65845bc434,0,3,0,0,18,1,0,9,1859,288.63
629,4171e160163621fcf9580dfcaf6539f3b0c92dcc,0,1,0,0,3,0,0,2,67,26.76
630,2492b8b6599e7424625756f4b6a37abf7d4f7d2c,1,2,0,0,9,0,0,2,15,44.9
631,78ce1b10c99e206776b8f2834114eaf85306ab92,0,1,0,0,0,0,0,0,24,12.74
632,cbb74b4630168e2f793333dc8bd81b60d3132749,0,1,0,0,0,0,0,0,262,40.39
633,b396f6b5f6d902d5995d6ce2fccb67a170c6d07b,1,8,0,0,6,12,0,27,1870,295.57
634,01f09c10366ac917ca04b3a84ee8a6f430f5586a,0,4,0,0,14,6,0,6,1389,193.72
635,67fc6fdb020295cc3d79b8172e7a9513904d45aa,0,2,0,0,33,15,0,4,96,49.4
636,8e24a9fa031304b4fcbc06da1952d84788f46053,0,5,0,0,4,6,0,9,2218,322.74
637,ad9b391811b372eb7a42db2ae5c7c014933e2ce8,0,2,0,0,0,0,0,0,1301,200.72
638,b5bdaf2c1f5ade0e5b6d529d5235277dadd65858,0,6,0,0,7,1,0,8,1417,235.29
639,79be2d87f7ae88f3ced2c48d826409a6b8c7b3ff,0,7,0,0,58,5,0,42,2887,452.3
640,fc56f9ca0df6cadee38a03ce3ab5ab0d86a7261b,12,5,0,0,54,0,0,7,1193,469.73
641,83cef9ee786ae1d4d933fc092355acdb325179b8,0,3,0,0,10,3,0,3,140,54.75
642,7525d8ff531e0f60f61dea5a6e9ccb1c50685d62,0,1,0,0,2,3,0,3,67,26.53
643,3407263f66b0419dda431f04c97d51eea7dad0f2,0,2,0,0,0,29,0,0,574,82.87
644,ddc345efa6c455f61fc1f74f6a9904659b1f7c86,0,5,0,0,0,7,0,0,439,78.56
645,6c89d36cef5fc6830ad0c45defe78c7a47abfc83,3,1,0,0,2,2,0,5,95,90.13
646,23564f2cf68f8d0042536d14c202c355bcd5ba37,0,2,0,0,6,0,0,13,1824,257.91
647,400e183da5fd03923b2600ba116cf4b0f64db912,0,1,0,0,0,1,0,15,914,147.45
648,05a11e7fccf15700e18983a7c9439334114f01b1,0,3,0,0,52,30,0,68,1102,189.8
649,69cbc5d27cdc08f22b66974635a6135af9906b16,0,1,0,0,1,0,0,15,914,133.24
650,69be09bed55bba575a0afc5b66b85c32e910ebff,0,2,0,0,0,0,0,0,161,31.76
651,2826eeeeef571e6e4d7893d953a502213bb24f6f,0,3,0,0,16,0,0,2,1024,174.21
652,95d2837346a1cc1d3bbab3152401144ca6a66a16,0,2,0,0,12,0,0,6,968,147.84
653,2c56399b015c727079b355a5c3a53dbcc4a7e271,0,1,0,0,2,0,0,3,69,20.9
654,baa1af5683c025330d6346c6e3b24d40de719531,0,1,0,0,19,6,0,30,918,128.45
655,19a798b8774c79d616ce422752e6c9a132c30fa7,0,5,0,0,144,11,0,87,1299,241.18
656,2560fc08233e5f2dd99592519d79cd21b2cdf4c8,0,1,0,0,0,2,0,8,301,47.59
657,42a2b6f4f1cca8d41d3fb3c19df89d47be95da87,0,1,0,0,0,2,0,54,955,119.56
658,2ccb234ab326898ac6975652bb280e879a8e89be,0,1,0,0,2,0,0,2,955,121.24
659,b26771d1b2391f05947f68f702d2aca14e5e74ac,1,5,0,0,19,3,0,42,3248,503.07
660,b23d150686cd55fc9ed63c71cadb40cef272deee,0,0,1,0,0,0,0,0,0,28.54
661,87b6cb888013d7187dce91fa6a6b2c9d9540a1c8,0,2,0,0,38,28,0,2,176,62.05
662,9673c4ad7574fe6f8bd189b43ebdf9ae7cd25154,1,4,0,0,27,38,0,54,1177,221.12
663,9f5dd5eca9fd210f1c9c9d7aed1deb30ce21e094,0,1,0,0,2,0,0,17,180,43.14
664,ab7a3d33f2577858c4d993f7e4539bf2c4488de0,0,1,0,0,3,0,0,5,134,32.56
665,d479c750deede9ac4589ce1fbf8d159048e9ebf1,0,3,0,0,3,0,0,3,1359,176.78
666,914e6de8de63c1aa5d9739bc7d884856ebac146d,0,13,0,0,45,23,0,12,4729,739.21
667,a636e1060135225ae68a58d3bd63c166dd41ac77,0,4,0,0,0,0,0,0,1015,133.42
668,838b238999027bfaaaef43ce1cca6f720c8e9234,0,1,0,0,1,1,0,3,411,65.36
669,977f3934d08e80c3951a24b50c90e84b031dcff4,0,2,0,0,28,36,0,34,962,171.25
670,58208a275a7dd6c6ca2b079f9a947b684878dd56,0,3,0,0,7,1,0,5,186,62.48
671,7314c974a73edfecfb8941fbe7b1b13489e134b6,0,1,0,0,0,0,0,0,494,64.63
672,6c33c1b1b3f1f733bb9a9018214e73b3c31e620b,0,1,1,0,15,0,0,2,72,43.69
673,2987febc16a1e0393bb6d18a97a269363ba1625d,0,1,0,0,0,0,0,0,87,23.38
674,4024f5f128e6f3200b7e8f9fe523f4e91ea76e5c,0,2,0,0,8,1,0,8,48,39.83
675,7d7f84b6935f3980d3cc41df1a2be72abc8e9eb8,0,3,0,0,12,0,0,3,445,91.48
676,0f3838e1d1e5d0b058ec82ab7f71c3ae93e00efa,0,1,0,0,2,0,0,2,810,137.91
677,3f80f67db18bef40f6d3dbd0add38d6c54852f55,1,8,0,0,95,11,0,3,2570,439.91
678,2455174c07a834e5ed8e19270a4d6357c5c23976,0,2,0,0,31,1,0,22,1362,192.54
679,6e9aa2affa25425033154de7a53dc860a2206d43,0,1,0,0,0,2,0,0,29,14.11
680,369300f0152e8e0e150870bfa977917398496a4f,0,2,0,0,13,3,0,9,481,114.65
681,053635c1fa9bd5e428376c6d899c7ba5c35b9dd0,0,2,0,0,2,0,0,7,1892,307.97
682,78f6a6c434b70113add68c4aceaff5581693bb87,0,1,0,0,0,0,0,0,0,11.18
683,46eca98e13254c5274889f42862f4c65283766b0,0,4,0,0,27,8,0,0,1230,192.17
684,d63c9ce540055b58f09cd490310a1c411e76fba3,0,5,1,0,34,1,0,4,684,142.94
685,ceab5a272268c5630acc19817b4b25b965e4ae57,0,1,0,0,0,1,0,0,28,13.38
686,cbf0b2d0c4feea87168012bddde3e40f7adddf42,0,0,0,0,0,0,0,0,0,70.22
687,3f47ea124a3723c5b42fbddc981be0440dc11446,0,1,0,0,0,0,0,0,917,121.38
688,bac528818a99b7554ec046f6496528e0794fab7d,0,1,0,0,4,0,0,0,48,23.47
689,a23e45f4b73241e20062c9ec6e2d14853ad1b8e9,0,2,0,0,7,0,0,1,598,95.56
690,80eb7de81d1af33b2bf3072952f89458e5db0cb1,0,1,0,0,3,2,0,9,414,87.19
691,d47bdad4fd56a0d4f89a5e904dace128d5f68bc5,0,9,0,0,68,5,0,22,2854,465.48
692,9220e66c92a0afad63429eab6ffa1aaea2d016bb,0,11,0,1,178,89,0,81,1890,426.84
693,c4aa758efe2d46672d54071cc6a6923d0629e281,0,3,0,0,62,5,0,19,1133,191.45
694,9f9198e21eee3bbf73c609cfd2fb9d8978d46bc3,0,3,0,0,3,0,0,3,963,153.97
695,5c0d3a5ec892b27197f098a97dc2177cb0d8135e,0,1,0,0,3,0,0,32,812,132.05
696,e4db939ffd6566ca66f39c173a374d04a82cde44,3,9,0,0,54,10,0,20,1696,743.17
697,22d184218d86f6e1cbad3fd72227283a443ba28c,0,1,0,0,0,0,0,0,815,119.3
698,dcc59467ca34bbbcc518a2dc46ad6b2d296b2b73,0,1,0,0,0,15,0,0,37,18.19
699,f484944c6cc89c43c0e8974be500053c4e9365b0,0,1,0,0,0,3,0,0,812,125.6
700,0bbcc18c60420ab7184ec4944e4487244d24243b,0,6,0,0,35,0,0,13,2547,415.99
701,c6a0ee0e83e7f319b8ec0bf3dd1b361a674faaa9,0,1,0,0,0,0,0,0,812,115.07
702,491991061e73b2d539f05b3b6e01757e596dfbfc,0,2,0,0,11,16,0,8,882,134.92
703,fe345b23bcc0553d8c192fa858ccaad832209016,0,2,0,0,42,0,0,4,628,119.69
704,18f3f2269bbb4d9a43015e569bca43690ae5a7d9,0,1,0,0,3,0,0,3,125,33.03
705,84b7463032cb8d24e546df9182659d6eda4585df,0,2,0,0,4,0,0,4,899,132.41
706,4dde10431e121184078165cf11519df88df99ca0,0,10,0,0,55,6,0,46,3473,537.61
707,7613afcf752f179e45ce15222311b3ab9d2c5648,0,1,0,0,12,0,0,0,270,48.53
708,079c580042a7ec425c383a6d672c818716d1fa86,0,7,0,0,42,5,0,24,1619,285.07
709,7acb2ad4402259c1b3467153c620c53edd520e22,0,11,0,0,145,80,0,22,3541,560.95
710,fc2157ae44ed05b36127c5284f171e286ffcc4dd,0,2,0,0,1,0,0,11,1852,246.99
711,5833008cb7ddeea1b761adf74580b664e668a1e9,0,1,0,0,0,0,0,0,817,130.05
712,77a128ade07530b4e8816cc32c764ce3cde9e323,0,1,0,0,0,0,0,0,507,61.08
713,d4638f70b2eb9c332c1e7ec350dfaf0801f50006,0,2,0,0,4,0,0,7,832,105.24
714,1381d23645b1fbf881a916f02612bded443b2c7d,0,2,0,0,3,0,0,4,347,54.0
715,5cc3e796fd1f6de453961f820667cd2750003b4d,0,1,0,1,0,0,0,0,559,203.74
716,029b37eade2fd31a4c35c433fd70551effb5198f,0,1,0,0,20,0,0,9,37,32.03
717,03adaea261bcbc46bef141cd110e92a1dca0ed87,0,1,0,0,1,0,0,0,25,18.1
718,2a3f6a5c97c5646906e308032db26806ea0e4e13,0,4,0,0,24,0,0,0,1935,287.54
719,36cadbcef7e4a062e08e813227ec7c9b28a442d3,1,1,0,0,0,0,0,0,80,43.41
720,fae1734cd17c1098bf1edde52ad5de9c8a4524f6,1,0,0,0,0,0,0,0,0,46.45
721,ce2995c49d111b5749a88b4de2065a3a68551386,0,2,0,0,0,1,0,0,105,30.46
722,1f8c2aeeaa0b58b9bae0f8729025e01a7866b7c9,0,1,0,0,2,2,0,11,26,18.66
723,781b10724f244b04103b6fda8ba8954a0d70723f,0,24,0,2,57,5,0,25,2063,411.6
724,7fccb0258ea1bc8fa952a5ebd629d1808ee4e6ee,0,2,0,0,1,9,0,7,96,43.1
725,1dd27a5c8268c73cdb0a9368b563d5cb2bcd0ccf,0,1,0,0,23,3,0,37,318,68.31
726,8bd2b4d7bddea70f89efc02b248806898887e91f,0,1,0,0,0,0,0,0,341,48.34
727,8b53dd039646163f1c45035f527c45ad585e9863,0,1,0,0,1,1,0,1,443,67.96
728,e3665e19679795274e48a1d575ab08bc6e4d706c,0,2,0,0,12,68,0,25,314,66.66
729,7fa5fe946b96baa2d49164024beeca20fa5fa050,39,12,0,0,133,607,0,7,1041,1093.93
730,b634e6a3cbfdd63f4666b3d8a494aeab8609ea60,0,47,0,4,1,4,0,1,5017,877.93
731,542abcf26d5e01e989774c58da22974ddaeaa7f0,0,10,0,0,59,32,0,76,2862,490.13
732,6c78d4e6a635283f52bd8b2b4fc7cc14baaa23ff,0,3,0,0,1,0,0,0,1399,203.48
733,86e3267abbce50993f69aa4bd723161678c3ff9d,0,4,0,0,44,34,0,5,989,198.59
734,f591f1dba61aa8e3f408780a5fe472ee365cafbe,4,10,0,0,57,6,0,25,2550,508.16
735,9aa57a7512cabe37e55e8f9d257ce4069545138f,0,6,1,0,0,0,0,0,1580,285.08
736,0ce43735d1ae078ed43f8cbcbc7a1051f820af0a,1,6,0,0,0,0,0,0,1580,486.7
737,a1433364040cdfd4fc4e851b89ef45a8bf0eceb9,0,9,0,0,97,88,0,40,2666,441.21
738,08805166e8b8226d21476c732136550ae0511ce5,0,2,0,0,49,1,0,15,615,118.8
739,554932bf638a12fe32b11984749688e08a6e293a,0,1,0,0,0,1,0,0,237,33.8
740,b741d8940c3dd7b09dcd4d5ba9285e4d133e0f89,0,4,0,1,0,4,0,0,781,141.64
741,31823ff1a3c83da5fe78df8b27d1a75bab9a57ad,0,2,0,0,25,13,0,3,207,54.05
742,0e83a2224cd7a68f1231a0be1a5b8588f48edf03,0,1,0,0,0,0,0,0,104,19.84
743,be84747ad3cb48e93d94da9d34224d547df58a8e,0,45,0,2,378,180,0,144,8357,1632.93
744,2ec433e990672fc63e8bf251db018f3e1afe62a2,0,1,0,0,0,0,0,0,0,13.91
745,08693f66a877ef782ac706e8425aba6fcb72d267,1,41,0,9,488,176,0,35,8445,2134.23
746,1e3b2548b2acd3f400e940ac587cbcf70386b924,0,3,0,0,53,5,0,13,478,117.68
747,19491b5a208ab72e5ccb2960b244475047f66cca,0,1,0,0,0,0,0,3,1046,153.25
748,7dd31ec417b318d7f92464e9f457708c5582704c,0,1,0,0,0,4,0,11,132,45.94
749,353c716a54460ba9faba3fbc11f1fec51aa78976,0,1,0,0,5,0,0,1,153,33.11
750,f4da3b93404e2aef121e9e48fa3e2399ae21b5ec,0,1,0,0,3,0,0,0,136,26.17
751,1d2810b167276457144ed1bde342ac4c3739c543,0,1,0,0,1,0,0,5,229,42.25
752,094a2030f0d802e3481f623649d52c9930ccf17c,0,3,0,0,13,0,0,4,912,136.38
753,0aafa3ef8f388e8e78cf98528dfa470d4cbde707,0,1,0,0,4,0,0,1,91,43.42
754,f315730de50640ae27e47ce2ddf8968c55f61e0e,0,1,0,0,0,1,0,0,1045,132.69
755,c45dc36738589ff2dae6cefdf53cb1ec84e47cc8,0,1,0,0,4,0,0,7,696,112.61
756,2ae864d6298a381528efa6db280bbb91290f34d7,0,5,0,0,1,1,0,7,1418,209.88
757,eac35b0f2ce9c8963f09fb88522a5c6dd7f5453c,0,5,0,0,74,0,0,0,2550,389.04
758,0336c2067545e3bebc4cd787fbd8ce2ab459cb1c,1,0,0,0,0,0,0,0,0,28.62
759,7461f767a6915fd70e4573be5c89aa6fac1707a8,0,2,0,0,14,3,0,2,1557,226.82
760,d67d131f106ea21d295ad02b501ea28713433f4f,0,2,0,0,7,1,0,0,468,112.14
761,e8520cf5d3cb6b0cb36641e5e8f1984038c76074,0,14,0,0,51,38,0,47,2360,469.36
762,ed32441b0c233e3dfda9dc47d1f6e2cf152824ad,0,1,0,0,0,3,0,0,48,22.5
763,49a2d5c0e9e39e61421d45afbe8884942782cfa0,1,0,0,0,0,0,0,0,0,31.49
764,2aa378fba67b5bd1e03265b37981540c655dfc2e,0,1,0,0,0,0,0,0,78,18.02
765,351e1ad6898d4c7504583288b96318e03552b5f1,0,2,0,0,4,1,0,2,205,55.92
766,c3a68eaf4c98ea446477aca6e0b2e316f6171f39,3,7,0,0,85,20,0,53,2313,497.23
767,35e12fb811d1e9aed21aff65b4dd728a5e0f1247,0,1,0,0,3,0,0,16,1038,164.8
768,04904e3ba89d33f3a12217f14389e15d83a76f56,0,1,0,0,0,2,0,8,1039,141.84
769,4f9c46642634c31d1895d63c8c15792df0b02eb2,0,2,0,0,0,0,0,0,776,124.75
770,d8bf82b9846fc607f337a5795e38b8df778876a1,0,3,0,0,14,10,0,47,294,80.01
771,67427e1d8cfcc3de963179727b503c6461fea128,0,2,0,0,9,0,0,9,914,139.08
772,c6173b63084ca5c2dfd042080e753ae81b2ac888,0,2,0,0,0,0,0,0,1085,154.39
773,99d68d7d455a14b0316e7de688c10d849fe1673f,0,1,0,0,0,4,0,2,1035,144.03
774,89c5b7c524b7174bd8e301ed6d7a4856da362766,0,1,0,0,2,0,0,1,15,21.33
775,18f891cde56f70ca7282c10475e0023362f16798,0,7,0,0,22,3,0,8,1380,259.37
776,f73bd2ce2363aba226b8f073e8741209317d67ec,0,2,0,0,12,0,0,20,769,126.4
777,dd3a140107abcc28274cca22208066b9ae927429,2,1,0,0,0,0,0,0,0,163.61
778,a232c6e8f606e900fad400e9d83cfe295dd518e4,0,1,0,0,2,0,0,0,561,96.12
779,c150f02537baf81282877b483b5f4c59477ac74b,0,4,0,0,13,13,0,7,1999,289.08
780,e1888e57f56de28c7705a58e4c72d7e6ee5a2e73,0,6,0,0,42,8,0,6,1071,257.97
781,90e58571e335ad6b86a86dd9b17abc13808f3b0c,0,1,0,0,5,0,0,0,14,20.93
782,398b5f20ab30712d88324ff17226fbe12caeb5d7,0,2,0,0,44,16,0,27,1296,236.06
783,88a42b8ce6929d7449729fb6a2cc37dee7af8095,0,1,0,0,0,1,0,7,219,67.29
784,90e8591cb4ed45a17a2624c412380c8bc4aa5fef,0,1,0,0,1,0,0,1,563,87.03
785,9046fc04c2c829ce022a8f6962597dbe834ee2f4,0,1,0,0,0,4,0,0,132,29.01
786,44bbcbded751f695c926b0c51f995325c4022418,0,1,0,0,1,1,0,0,392,71.88
787,8aeb808e008d2a96885b6ee67997a70b432624ee,1,1,0,0,69,107,0,46,593,176.21
788,4629b58bd780c878f2d48b2b4a4e9fd215d0ab1c,0,1,0,0,0,0,0,0,533,89.16
789,c671863d64fae759954dd6ad0fa897c29c9f8667,0,1,0,0,1,1,0,1,661,103.25
790,a2fe91696b850bdea3e1f4fa8621188076dba7d0,0,2,0,0,21,1,0,18,563,108.92
791,9a5f753e95cfd692d7459ac9c956a7e8ef4cd8b1,0,2,0,0,3,0,0,0,794,151.78
792,6f966f2caa8f34f96a5da2815af6e545867953bd,0,1,0,0,17,18,0,0,30,28.57
793,4a97e95864aaa1d32f365ce66cd3f9e2ec72b9b4,0,1,0,0,0,0,0,0,533,73.34
794,4dc924c609e19e329b0337f10c98eba6d57b0dad,0,1,0,0,20,0,0,10,95,39.45
795,32e69c91889c2546e807a6d95a6b3d0aa951dd5a,0,1,0,0,0,0,0,0,290,45.53
796,0b8953f29b1f478c8af808b529ebbb75f3a2d417,0,12,0,1,120,24,0,22,4335,785.35
797,b5da2444121cd5ebb649b1d52e018b440c3e6001,0,2,0,0,24,0,0,0,71,33.14
798,0ce8963a4d2d5b24f3ebe19362188d9bbf4ae588,0,3,0,1,3,1,0,7,1151,261.38
799,22f8591fb0a597998617d1b59857e87d6ff4581c,0,1,0,0,47,129,0,30,209,76.12
800,e0ac9731ca1745053358a4e2406a0362c1e9e2c7,0,19,0,3,83,77,0,77,5433,1286.57
801,3db051fba3b65422ea0fc0c283fa45bef8984925,0,1,0,0,0,0,0,0,48,19.35
802,b6ccf3081ae0b7c093ec763db5ee686b755a4a44,0,4,0,0,37,0,0,14,1356,256.56
803,f241c6cc28b82b2f2aab712296d22fc06dba55f6,0,2,0,0,3,2,0,4,343,79.79
804,55d09dcc84c8411101450466aba98ab602915387,1,2,0,0,8,3,0,3,548,137.47
805,6ada5b2db8197ba4e03d4c0103e60e3cb99ddd5d,0,1,0,0,0,0,0,0,535,74.36
806,c8cdf88bf38c02d12cdedc773328fe4347f4bee8,0,5,0,0,82,54,0,86,2517,386.11
807,4ce9bb1e8692d26a5071bd53a7f29db58ffcff98,0,4,0,1,187,23,0,10,1419,312.67
808,3e0be569b2a1895b7a2cd544d70bf8091fadc516,0,1,0,0,0,0,0,0,441,61.66
809,df6e6e4ba6ec50c6c975e9ec398c226b5c5c905c,0,2,0,0,3,3,0,0,121,35.12
810,b15c63f8f70372289fea34bb1521f988e928c503,0,2,0,0,0,3,0,3,1106,175.92
811,4bd6e90b1bf6c53e55dff0faee903f5c507a328b,0,7,0,1,1377,3,0,17,8596,1390.81
812,f1bc7a25928b7561455c1470d634e2e5db0d8ca6,0,7,0,0,0,328,0,0,9645,1212.79
813,06bbb86c204bc7c22ca0edd78a74676bfc5b6baf,0,2,0,0,314,0,0,0,8075,975.22
814,31cd01f656bc0f011ad53525dd3909cecae0326b,0,4,0,0,36,0,0,1,186,72.57
815,08de99e30708b697617295710c92199975d2205c,0,1,0,0,19,0,0,4,309,72.85
816,6d5cbbdc25562fca16dae7e76ec62fe3beb52f90,1,0,0,0,0,0,0,0,0,32.86
817,1a2a1764adad96d79b678f047c5960b8b72f8810,0,1,0,0,1,13,0,4,315,81.46
818,92e5efdcb6746c5a06d67efd5e5eaccc2efc242e,0,1,0,0,2,0,0,2,52,27.09
819,734890772f34e69ba43c9ef8b354a1bc52ae224b,0,5,0,0,17,0,0,1,1570,263.26
820,2597f74d1062ed6ac5ad4c03be65c316ca7720fe,0,2,11,0,0,0,0,0,90,123.99
821,6566301e477734caa00389142eb24ac2b800d609,0,2,0,0,16,6,0,12,354,107.42
822,99de3f73644b586071c401d2989f9af2788c8cbb,0,4,0,0,21,6,0,4,1237,233.91
823,6940db02c9d586b982a574aaf4f1744ccbb06366,0,3,0,0,5839,895,0,1030,7535,2407.8
824,bc6ad67d673dfdebd216b021193f736dcf5a76f8,0,1,0,0,4,0,0,2,1087,240.94
825,90dffef122f00aeed90a89fdd6b193eb9edfca49,0,1,0,0,2,5,0,6,116,49.47
826,806ee8c9de7fc52311db81335529a38c9ca8b907,0,1,0,0,2,2,0,3,363,67.84
827,2e242480b76d2d593be51d9005825063b560d754,0,8,0,1,46,49,0,41,3363,567.34
828,2c6294917924f023e11997a744f5a9ca70fd3ac0,0,1,0,0,0,0,0,0,132,26.36
829,6fdd1525b7788d8c9c8cff1b016ab4c143677991,0,1,0,0,0,0,0,0,67,17.67
830,72c0393ea78c7591c956428bfcdaf737e9c99812,0,1,0,0,1,0,0,3,67,24.67
831,39f470727c1fc0a91d7f4389bd105666c5ee2281,0,1,0,0,6,0,0,1,365,65.92
832,4bb48156bc3c5c31ac6d93044315b8355f158f34,0,4,0,0,6,4,0,8,2144,322.23
833,135daf0c41ddfef1619498ea79882e04b615e784,0,5,0,0,98,24,0,60,1782,289.9
834,0d8fdd93782d3cd75271a4c99528bedc3abf8c0e,0,1,0,0,6,0,0,0,74,23.85
835,58e206e9c80955372853227225d736ea1e992394,0,4,0,0,14,69,0,4,480,99.25
836,62b33ba91052ee138c8110f2ebb858accd8da4ac,0,3,0,0,13,0,0,12,375,82.01
837,f9b6ae1af63c8827f52c53d1067a13e8f80bbb6a,0,2,0,0,8,0,0,0,112,31.07
838,816225f39553871b57b72d6680f7e301b729058d,0,1,0,0,1,5,0,8,111,32.7
839,bf9a5aeb190910be8d4ce0aeaa3e8dad3c481678,1,1,0,0,2,0,0,3,52,70.31
840,81c06b92997a77977a901dbaf1cb7ee527f1014d,0,1,0,0,0,0,0,0,541,107.19
841,734bc8d117493435ba871cc9125737124009a1ab,0,2,0,0,24,0,0,1,620,119.23
842,e81f7f3484ca4fabe5c93654b6f398297cd4ef84,0,1,0,0,5,0,0,4,340,65.34
843,42cae38a26437ec06e87e7daf9c350b7b222e565,0,2,0,0,0,0,0,0,192,34.59
844,f88ad07fe9f77aaa77e53744c323255336f39aa4,0,1,0,0,0,0,0,0,350,46.44
845,e738b7f4a26f45661c02d99d0360b74889a488da,1,6,1,0,0,75,0,0,1348,250.75
846,291383d2d19d019196fef2d1df93ae8b0d32a49d,0,0,1,0,0,0,0,0,0,11.55
847,5ecdfc1ee8f5a72fe0ae69c4f019613c5a4e8d3e,1,0,1,0,0,0,0,0,0,99.21
848,5de255373817901b737171dca7d836044fefa006,0,1,0,0,1,0,0,2,469,74.23
849,02a969d3e1e3b4590c19bdfdccc17206fb57ad71,0,2,0,0,15,7,0,0,181,41.75
850,ac347387abc6df4b5179b4255be55d3bfaf66c73,0,2,0,0,51,7,0,25,338,90.11
851,cff0b8bb04d36a00dea4cac7d0aa4a8aa0ceb00f,0,9,0,0,25,5,0,29,3356,508.68
852,5465455602b7808fa82d02ba586cd48d678753b6,0,1,0,0,5,0,0,4,33,21.3
853,755ea927b4c381d01025e9b66f05d780451b0f23,0,1,0,0,0,0,0,0,12,10.68
854,6eb8f1e58faa8c6963c3d5ab98c447cdaf9da767,0,2,0,0,67,0,0,15,1184,195.09
855,b33dfbeaeaad15279d3c82e9a9bdffcfd7bdcead,0,2,0,0,10,1,0,24,452,114.17
856,d25c8da619622752299369ec627d57f11d53522f,0,2,0,0,1,10,0,23,452,83.93
857,16c92b7ce8d90fac02ab4e8b71fd7065b65860f7,0,1,0,0,0,1,0,0,1132,134.34
858,5af19c7d312c091829769adfdaaf0aa2745bf293,0,1,0,0,0,0,0,0,1132,168.01
859,3e180d7ad063eae1a6c8bcf09d2fc9b66ac908b2,0,1,0,0,23,6,0,4,298,63.58
860,16373cb7118ab1026fe4df2005679eab16c2763c,0,3,0,0,36,22,0,0,451,127.8
861,ef23636954d9ce14ad0e1265969221d537d66100,1,0,0,0,0,0,0,0,0,32.28
862,ba2d19938ce315125541af1ebb40a7d413e5dc24,0,1,0,0,3,3,0,3,571,83.76
863,47a59d15aabd7c70ecbeef15ed952459fe16f851,0,1,0,0,0,0,0,0,0,14.96
864,a16ee0714c9282b64ade6b39931e4dfbc5e27bc0,0,1,0,0,1,0,0,1,23,19.07
865,f37b552cbcff8e69c2f2d39a484a69a445d13462,0,3,0,0,74,6,0,41,984,189.13
866,afe5e4077e951ab6a6bea708e6483e4d5f2bcbf5,0,1,0,0,0,0,0,2,614,73.64
867,2c502c24fcd77d6740edc936e3cf895fbc31d605,0,1,0,0,1,0,0,4,1132,159.82
868,1895a6f0c259fd1114428c04d2133f4f040725b4,0,1,0,0,4,1,0,10,111,35.13
869,b4315595b966bef914ce87fdddabb60770b74be3,0,1,0,0,4,0,0,4,663,96.55
870,0f0e4579a92ac1803d217e4cd05190dc7e144660,0,9,0,0,91,18,0,28,3276,501.0
871,5e1b305116b54ee61e38beb683c809a70f6f5dd1,1,6,0,0,23,0,0,1,1125,234.75
872,981d990af9f83affa6bb3d2e72bfce09cc7c7368,0,1,0,0,5,1,0,27,395,74.56
873,e49a037aebd542f7ef28e93c7ac2417768674d41,0,12,0,0,129,51,0,54,2560,470.34
874,2b47c1528690b6413060401b254c79a9dc89ce85,0,8,0,0,32,16,0,7,3777,594.1
875,839ce86b2773b48e32743175f43d104a9ff71085,1,0,0,0,0,0,0,0,0,108.98
876,7416b4ceaff73e03c5d57c586c25449f2c0f5f8d,0,1,0,0,0,0,0,0,40,15.35
877,e99a716ffeb5081ee6542eb669e320daecc38c09,0,1,0,0,0,0,0,0,280,41.74
878,4c053056950695732ea443c9a21ae3a92d85de51,0,7,0,0,7,30,0,56,1660,344.29
879,60f4df2133de5d27d0c0d1147c6aa3d05a187b92,0,3,0,0,41,0,0,14,800,133.87
880,384e39f999fec6965cb11c581f797fde4e4ff15b,0,2,0,0,20,1,0,5,99,110.63
881,42af3c756c4618ba706826c3dbfa6f8ad7d07985,0,1,0,0,0,7,0,14,467,94.89
882,d6f7ccf4bf4cc2774439822bd2b676333cc2fb71,0,1,0,0,1,0,0,9,310,50.26
883,64217c590bad23bd28262e86e20a148489195f9b,0,1,0,0,0,0,0,0,467,61.99
884,c9d309e5c3ed83600f25f3e3074d11e7901b4f95,0,1,0,0,0,0,0,3,400,61.38
885,0cb1edce6448d92382e4010f46be3eb6ca8a745c,0,1,0,0,2,0,0,10,400,65.72
886,c72bd42fb485672d5790b65f96af351bb63fcc4e,0,2,0,0,44,0,0,37,472,114.29
887,039ec8fb824536a1104b7a891245564a10134f3a,0,1,0,0,0,2,0,13,420,63.17
888,af1175e44e4540bfa02f7bde184731008f7dbbcd,0,1,0,0,0,0,0,0,48,15.94
889,4a1a8de14bc56c7a2bb4ae79b417ccb4d61b7b87,0,25,0,1,582,563,0,143,6619,1257.31
890,d253507e39fa232abfed6bee200a75d12ea03fe0,0,4,0,0,5,16,0,23,1126,187.84
891,a5f6e5f60cf47c7800ea78a3e9d4aeb806d58a70,1,0,0,0,0,0,0,0,0,11.02
892,645553c0db4e087abded28aa863c89fecd9c8ebd,0,28,0,13,142,71,0,23,18438,2594.13
893,d6ec5ed8a284916afb187dc87e5732a17af23c30,0,4,0,0,70,89,0,21,2943,390.81
894,3fcb6f3e69e8a9d572b7cc59649dff15ff901fce,0,1,0,0,30,0,0,0,590,89.68
895,0f67b602c798ef072c63f108e588758e4dec037f,0,10,0,1,1002,500,0,55,2253,660.27
896,3f02e3be7aa75f9f63e439b3625e005fa2fb9658,0,1,0,0,0,0,0,0,95,24.82
897,32a380b12adafc7656c002a9f11181d5861c60c8,0,1,0,0,0,0,0,0,138,26.48
898,65a2c85f2a234f3b2f61bc76d44c6e3666d78f60,0,1,0,0,0,1,0,0,855,108.34
899,e8d66ea28524dd8e761427c54355e29f93bb0d65,0,2,0,0,6,0,0,3,131,40.24
900,aed9c07cd8787e2650289565b16b5b0645d430da,0,4,0,2,112,63,0,11,707,319.0
901,a8167fcffa433e159bbfca5703fc91471d9f6934,1,18,0,0,0,0,0,0,801,198.97
902,ac9a9e01c95c14d5e62e30939664ad0d5cb14836,0,1,0,0,41,37,0,8,189,52.85
903,363d81c247072698e77dec6e2bb166c18d41be8b,0,5,0,1,69,13,0,24,488,166.12
904,b585855217c77b5a847c5fb811126c1978ce2028,0,1,0,0,7,0,0,2,230,47.03
905,306e9851f0180a9d98df3ab7e9d6947a98dfde1a,0,3,0,1,4,0,0,4,278,71.32
906,624b155cf4b433132ec97b980599de8cf19e3f4a,0,2,0,0,28,4,0,4,596,125.17
907,94aa7d724759991d28da56681f3242561a71c2d5,0,1,0,0,4,0,0,0,143,28.26
908,eb6ce6abe0bddf8771a48d27f237e5fa1daf9979,0,1,0,1,0,0,0,0,147,62.07
909,83b3772eb3d81bae6c4525eb712813fa9476e65c,1,0,0,0,0,0,0,0,0,40.44
910,4cd468ff5174530d67e63b2fa8cf803d71d546a3,1,10,0,2,150,6,0,34,3385,694.49
911,eb68e5c053dffa94f60dd70a2c1cafb8f003d254,0,1,0,0,0,4,0,5,87,22.0
912,cfc84a624ff72d78418ad4db1e28d1e9d4db6c5d,0,1,0,0,3,0,0,4,608,108.35
913,3b01f1a469aca3b4a121e02ca7babf75644f3d7b,1,0,0,0,0,0,0,0,0,37.72
914,e1bbd8cbc538aae9acc0eb24b1f0751d88f05365,0,2,0,0,9,0,0,6,607,92.47
915,22e101074b78df529d554ed93e81b925693a7a70,0,1,0,0,3,3,0,15,1134,143.72
916,9c5c2d32dbc86b7c2c2b3540144cda2ac9ad5d8d,0,1,0,0,0,0,0,0,586,96.09
917,6c10644a106a167f04434419ac9d9334410d0dfa,0,2,0,0,10,0,0,2,1446,190.29
918,8fb6662aea193972c1608cc40005dbe3932874c5,2,0,0,0,0,0,0,0,0,53.76
919,f8046be7088be6c176699541d7c5269693a72952,0,6,0,0,8,15,0,9,1857,271.33
920,2bf31afa70c2b6450f94a58ded540176e77fe0ce,0,5,0,2,13,0,0,2,943,262.9
921,88de4001bb3519710e0ba5d5537c429f2a00c47f,0,6,0,2,120,4,0,44,2209,431.54
922,3599514ff658611cd63bf632e397f6db673c2914,0,3,0,0,2,24,0,10,181,58.41
923,fdf64a39888de253227c0d38b62dcf5786b97716,0,1,0,0,0,0,0,0,138,28.18
924,fe66233cfa04efe581b023fe11e98cba33f7c77c,0,1,0,0,5,0,0,0,620,80.25
925,44d6294ed7141b7b2f5be86ddb75c5f1a79f221e,0,2,0,0,12,0,0,30,199,60.91
926,cc920fe6bb0d79516026edbbe639a4559ebe59d5,0,2,0,0,6,0,0,0,96,30.06
927,7886526f30642f8826c80c8c0d6b8e472b236dbb,3,29,4,5,290,307,0,49,8135,2325.71
928,8732e8d44fd82d96e74aa45b3622fde3ba211ad3,0,10,0,0,35,40,0,18,2592,395.93
929,1115f46d1e5c054d3ff31e19c160ccb7a8e443fe,0,1,0,0,8,2,0,9,151,36.63
930,7fb19786ee45203725fc92d69b2b1d30a53bcb84,0,1,0,0,0,0,0,0,625,76.92
931,6ab29a6c47a19bf29dae95b1dd85a330832e7009,2,9,0,1,15,6,0,12,5060,827.52
932,79f31a2f0fde7ce71470f880ec0af00372eac0c0,0,7,0,0,31,12,0,19,4075,597.02
933,49599944be6fa0d5f4d84f5e49e663e8c5c03a49,0,4,0,0,76,28,0,71,1952,308.87
934,9754249af2a3a8531571b62c8d6863dbc36411b7,0,2,0,0,5,0,0,3,923,140.86
935,c92c02b5fcb7c5217bd5dadb3fad489e8b030f14,0,1,0,0,2,0,0,1,192,33.86
936,a65c38840f75806eda0afb8a53aeada27e2e0e70,0,1,0,0,4,0,0,5,99,27.23
937,9be89e60cd5103c28c6e990e8a0bf69564e8ff21,0,6,0,2,226,379,0,11,1388,314.02
938,503b6f28386c3e38f96675c928d374fc7b53e6d6,4,0,0,0,0,0,0,0,0,140.08
939,03e786b0a860cf02561dfd34fafba59d0897e37d,0,1,0,0,4,0,0,0,253,47.43
940,61970dc11e1cf7666f236ed6b7fe1f12c19bfbe8,37,8,2,0,29,8,0,31,4172,1672.07
941,92e136837eb146a55987afe15f5ddfa61a286f25,0,1,0,0,0,0,0,0,246,38.26
942,470ea68d579a5dbb20479c02b709d93c52e1141b,0,5,0,0,0,0,0,0,520,89.68
943,32c74d5048dc22ef4b7948deba4fe9c9c808607e,0,18,0,0,0,0,0,0,1210,203.67
944,184c5c2903d5f285ecbe65761a42c39a34d817df,0,19,0,0,0,0,0,0,1299,238.66
945,250c25a2682561601078faf33d1038624a75cc2e,0,1,0,1,2,0,0,0,228,97.71
946,aa30ac1ba3006ca186d5ae36f944b7b6e25f2387,0,1,0,0,20,0,0,0,230,45.26
947,c786d5d8f43c37554809936f536540f90f0cc41b,0,2,2,0,0,0,0,0,687,118.32
948,a5f471a4ddd439fb110df5b815828e808b0e16da,0,1,0,0,0,0,0,0,430,60.64
949,56661346359a206c015940dfa4040c774503293c,0,1,0,0,20,27,0,0,223,47.23
950,cb9d79ed729402e5023a706869c313b7ca64b135,0,8,0,3,0,0,0,0,675,172.12
951,9880f155e207c3c1a493598af7549560c6508d73,0,4,0,0,57,1,0,3,371,95.05
952,ac9b0d924ffaa6931648cf9ca0504bc0e5361511,0,4,0,0,23,10,0,6,597,140.8
953,a8821d10f7dd93bafc9b3571c2f6b9d29c35ec04,7,15,1,3,10,3,0,4,1834,563.51
954,0ddc91173ac397102a11b6b85d26e4c71f82b79a,0,1,0,0,0,0,0,0,0,7.33
955,94165dbc02294ba7576fd7d3c10c2dce97a3c098,0,19,0,15,212,333,0,11,659,580.53
956,1fdd85b5772d8d4b4e3a337a50ea89b0d905ed5f,10,0,0,0,0,0,0,0,0,208.41
957,89429bc61ed951973ef4c44672a34770b3d8b57b,0,6,0,0,52,13,0,26,2278,373.1
958,31d27e353bb93f4a6b3e474dff11f1f89a2ae0c6,2,8,6,0,29,3,0,5,603,220.11
959,64eabfece185abd0954c5b26f2674317b917894d,0,1,0,0,0,9,0,0,46,18.12
960,de1cc3ec7befee17d1a75a3b4549c92352464957,0,4,0,0,9,0,0,21,1428,230.8
961,ceb0d5e68bc6cbf8015be6d5dd785991fbc81455,0,1,0,0,0,0,0,0,243,39.65
962,ed63b575a0961011cdc1aaa5ff696805821f97c9,0,1,0,1,2,0,0,1,9,54.33
963,ad8968141df4c5f43cc8dbc35fb3ebb47138d317,2,2,2,1,1,1,0,2,63,140.21
964,98e12253543cf24b405aa92a53515f0683ce9023,0,1,0,0,0,0,0,0,74,18.79
965,ea200a9e5c3f720868195b683b7ba06c0395e5ac,0,1,0,0,8,0,0,4,528,84.2
966,a6c48ab299c9a00550fee25767ed7935173075b5,0,26,0,23,24,30,0,18,1445,806.71
967,1f85226103e404f8f63b04a3a1aae4f66484e634,0,6,0,0,22,24,0,0,2489,360.84
968,faacd72a21f362a574bbd8c58c6e21173afa65f7,0,7,0,0,85,0,0,13,2454,397.53
969,0afd4cffa86461566604ed49077552350d27793c,0,15,0,2,12,26,0,38,3208,612.64
970,90366d50f86a6916ccc1df9ac7549540bb1a728b,0,7,0,0,134,105,0,24,584,175.71
971,22aaa2c1185d111deaa22200dcd15ed8d800dff3,1,16,1,0,0,1,0,0,888,167.38
972,b0f7d85f3bf3e2bcfcec4c82f9699e834d718146,0,1,0,1,0,2,0,2,53,39.0
973,619a7243d0f10c9eec29038a371c2b776429a689,0,5,0,0,11,22,0,3,1617,253.12
974,085f87eebb9cde0a98fea0c042f8c74a2318249a,0,1,0,0,45,26,0,0,4,27.45
975,9cf697f4df97e7cdba0d7bf7b7b21042be0e1701,0,2,0,0,10,0,0,0,852,115.7
976,7f4516cc53773373a16f8787904d54cfed4cc7bc,0,1,0,0,0,0,0,0,543,87.43
977,83e462ffdeae6e477025180648e4b611e42a4055,0,2,0,0,7,0,0,0,737,110.73
978,d8607b4e16b43500f29f5cd2334e876f76435694,0,1,0,0,5,1,0,13,114,37.13
979,79e1eed60eaf584b02e79eeeb6717db9cda17a99,0,1,0,0,1,0,0,7,479,78.91
980,b00a7f271fa5d40ac551ab7065c58f4b278dcae3,0,2,0,1,19,0,0,1,260,141.17
981,6a5b635e6fff5ea53db532378f2bd753cd6371c4,0,2,0,0,31,0,0,0,871,155.68
982,6fed28f7c8fc10cf41327a7effbfb93939efc7f9,0,1,0,0,0,0,0,0,737,97.28
983,e59e923ecbb5d3ebdeee4d2cc4373ca8c4976a8f,0,1,0,0,0,3,0,0,734,97.99
984,4695a0a7b1e871381f9911e9e212c739536934e7,0,1,0,0,0,18,0,0,147,49.77
985,ff272e45ad6c6280c11fdf2242df41105ad30986,0,4,0,0,17,1,0,2,145,70.52
986,051bc689bed0e09a5ae5f628a13ef7cca4ec3a1e,1,0,0,0,0,0,0,0,0,23.93
987,2a08fa99ad3bc5caf81187e8e9c4e8afbf76f76f,0,1,0,0,1,0,0,0,376,59.06
988,002e9e8bdc2c842565a4e9bfc4e1dfb28c479bc5,1,2,0,0,37,9,0,4,148,73.99
989,800f623138c7b8576de01a8e953b32d4396d4386,0,1,0,0,0,0,0,0,1147,133.15
990,2ec772096efc5365e5d8678f5d6675f955da353d,0,1,0,0,8,0,0,8,129,33.11
991,732abb77c851374e0e3f58e2948ce53413f4deeb,0,2,0,0,3,1,0,1,1110,156.04
992,60e69c6982298fa61bf7b87e33d4619855eff851,0,1,0,0,0,0,0,0,99,20.32
993,f10f85f0ff001f7f65b141c45fbcddabc9e58225,0,6,0,0,0,0,0,0,558,87.55
994,6691578821ed67774fc226d13ce7135a72942255,0,5,0,0,4,3,0,7,2524,352.44
995,10c178fcb0ce738fb566ac5269964f5ee57b1beb,0,1,0,0,0,2,0,0,97,23.65
996,99f1faf30b109c393b92169a2e8502979b7edf03,0,1,0,0,11,0,0,2,112,35.23
997,a621d508e9fa54b4a6975878ad6444a38a056aa8,0,2,0,1,0,0,0,0,431,125.45
998,f09b21bae20495ca2a83b276f7f7f270d38e2947,0,1,0,0,0,0,0,0,377,80.2
999,c493cd3bcc47fa3c0b04eeb21366e05863bb21f5,0,2,0,0,254,2,0,13,320,145.48
1000,503cc3b9908f9c880206530fa9ce11e3e8db0b7b,0,1,0,0,2,4,0,0,80,68.54
1001,6ac21bbb487fce83e2743e00ccddf63052c9dc4b,0,1,0,0,0,0,0,0,123,23.88
1002,3e6fa5f0b8417d5a34053ae94ea94dccfc097be9,0,2,0,0,19,0,0,19,362,87.7
1003,10c33cc48d0df175aa1c4c9c6a50e5ece7dc81bb,0,4,0,0,67,39,0,8,290,104.84
1004,4dee3ff2e4a59df624238ba692ecb6779f02ad6c,0,2,0,0,2,0,0,2,272,52.19
1005,797e2316bc680874e7e76b682d9f579f4ca4eac9,0,2,0,0,77,8,0,1,972,175.1
1006,64311a292204176f5c5af3559a5a1e255eef1de5,0,2,0,0,15,12,0,10,246,58.66
1007,54d3670219b6a7020a3816c39dd51defd819934a,0,1,0,0,0,0,0,2,119,26.18
1008,8439231fe78fdc5b7c8ffd2efa8c70333709d20f,0,1,0,0,24,19,0,6,100,40.72
1009,53b3084c85da4e86f55478af630bb08677033e70,0,8,0,3,514,1,0,41,2859,859.24
1010,aa4df127a9bfcd9f148917a679dc8fdae19a2f22,0,3,0,0,18,15,0,34,2072,313.45
1011,cf4d1a8a7dac030c158bfb81cfa7cc55aa54a6f8,0,1,0,0,0,33,0,0,973,128.2
1012,6f242ea63f200fe07dd23fc35984e7a9fd7d8215,1,8,0,5,34,34,0,5,1034,450.54
1013,8809929dff82dd4b4e599a7d39e3a9e586d95db1,0,2,0,0,13,11,0,0,289,62.27
1014,dc82f5d093ea4f64d212a65141e70e86fe523439,0,2,0,1,0,0,0,0,926,148.17
1015,c66bdea9bbc41cd649053ab9089264837e7f12e0,0,14,0,2,183,30,0,69,4179,791.46
1016,2b98e7e256baf8adcc97166a871db6ec27056dc8,1,3,1,0,28,0,0,5,463,171.19
1017,26c49c2d3262f276322618c3f56e62f6a206b30b,0,1,0,0,2,6,0,10,244,50.11
1018,cbc87cd00d1fb80c31414092697a9963df180c72,0,1,0,0,2,0,0,6,205,42.54
1019,2fc56ed99852c18222cf4d324967b7d8272c95d3,0,3,0,0,36,0,0,2,571,98.2
1020,9037b2149a5de8d021f03e0f8b8e9b699fe8ad17,0,5,0,0,17,19,0,5,1918,359.19
1021,1bf0e281673af65ed5e9928a595fac07302c49b5,0,2,0,0,3,0,0,3,524,78.9
1022,4d7712c28fd0fac76fceaaa3f9f08052742d4380,1,3,0,1,1,0,0,0,37,84.4
1023,91abbb4793b2aa070323d2f8058f8fb3422d33c5,0,1,0,0,0,0,0,0,0,9.39
1024,924cc198b9cac5d42ba6d2dc85b0f531fe24c787,0,8,0,7,2,0,0,0,675,344.73
1025,817b42e983eff2ed7b28c1c8d02d309e223f2999,0,8,0,1,0,0,0,0,929,155.55
1026,0063bafbc96c9820bb579b54361d1b1ef0ec83b1,0,1,0,0,6,3,0,3,60,31.75
1027,c25c8fe9ea6f062b8a891ce2350d77c7e523caca,0,1,0,0,0,2,0,0,64,20.6
1028,467e48e4b12fac1e26040a99d60830b164ae2d06,0,1,0,0,0,0,0,0,86,18.71
1029,8779790735680ee81665cea78ad0ee470d5ffd3c,0,1,0,0,11,2,0,5,62,57.38
1030,cb6db82e31b05903885cc04cf14ce8f9211699ff,0,2,0,0,1,0,0,2,969,174.76
1031,a1909299819566e994c048a24995ff44745967e8,0,2,0,0,40,25,0,24,296,101.67
1032,97b6100e54a7df41ca55d48c396ad5d7bf925c98,0,1,0,0,0,0,0,0,80,19.73
1033,7ddaccdd61d9a0ef30be4e5072f386c191bcb543,0,1,0,0,0,0,0,0,80,20.4
1034,69f8d4e9357e94928170a43afe6f335c1f817b23,0,15,0,0,147,30,0,20,2819,531.02
1035,a6e3eb94115e9e94037e2b0eeb6f772a67ada4dc,0,1,0,0,0,0,0,0,256,42.31
1036,13a32c2db11a2daa2f133677b6f8b6250d6bfc71,0,1,0,0,0,0,0,0,256,38.21
1037,926a17e3510051a23819e9f02ed8490986f7a3d6,1,0,0,0,0,0,0,0,0,39.09
1038,9b13bf2f336a3d269a2d438ac2790dbe29f9f054,0,1,0,0,0,17,0,2,20,17.71
1039,0159889bba4b1ecd7c7b08c087cbc7b2cb5f27ba,0,1,0,1,1,0,0,1,18,34.51
1040,3184fa297910171c6a982da78a2baaa240fc97ac,0,1,0,0,0,0,0,0,319,91.29
1041,a0f237697e94f6582c582f933f9d7212327cc10d,0,1,0,0,0,0,0,0,319,63.56
1042,247f508b8ec4e25e5ad56525e3a4bedf17ba7938,0,1,0,0,0,0,0,0,192,33.79
1043,64e7770cb7c2a35cbc91161bbf3551c1d5190d0b,0,2,0,0,3,0,0,0,1249,169.46
1044,9823e8677584f43be0c959472b657d071576a382,0,1,0,0,5,1,0,2,482,87.15
1045,e096368480561ceab703c58022bd9a7e310f69f0,0,1,0,0,2,0,0,2,390,79.54
1046,d38846e59a56baa971e294a9e9a225fee2411003,0,7,0,1,64,2,0,45,2447,443.8
1047,5db0a06b3f970765c51cad931b9c9778d33f6dce,0,1,0,0,2,0,0,1,171,34.8
1048,ace2be6b007ae8df8d4f7614a5e99bf784f8aabd,0,1,0,0,27,3,0,10,77,37.96
1049,a6c6f776126b64c74a6a90684bfd3fc7bca4ffa3,0,15,0,3,1051,82,0,124,15111,2274.62
1050,9a23b300681350e07999b92914b7f32582b9fb2e,0,4,0,0,36,0,0,13,1231,189.76
1051,b5ccf99a9b27fe9a0ed40cfa3beb30cf815ac340,0,6,0,0,89,95,0,28,1553,303.51
1052,3086b191dda16c22e7a909f131296f6c060bc639,0,6,0,0,95,89,0,37,1553,316.08
1053,a68b5ee409b927074e482bd60808018b589a1b53,0,12,0,0,73,14,0,54,4483,701.1
1054,fbf3924236e1471750ce0b0cc5a18ab3503d6cdd,0,1,0,0,0,0,0,0,162,27.97
1055,ba467d6712ff71809319eb401901590a894e3bda,0,6,0,0,89,95,0,28,1556,299.36
1056,344da145cf6574013935429bd185f0f2565fac63,0,1,0,0,1,0,0,0,664,97.3
1057,ea183fe2720aefb54cf73227b7855453ea77dc6f,0,3,0,0,3,11,0,4,729,135.6
1058,21d54c0c8c33a2b4af36f022c63a61ffc4432482,0,5,0,0,13,5,0,3,3191,477.25
1059,4267838a0cde02ecbafe323a889c857f37faccb6,0,3,0,0,10,0,0,94,2518,344.8
1060,47b898d0376f5d613a4233257b1eef918a6c2122,0,1,0,0,0,0,0,0,672,129.82
1061,027f01aa9948a615b06857858a3256beac1b80fc,0,1,0,0,0,0,0,0,414,58.84
1062,7e7bf2a9a0d5f07dc672386809b7c2a6babee0f4,0,1,0,0,0,0,0,0,0,8.97
1063,24de2aec2fb84dcfd0f02f85858be2e07d5b6cb5,0,1,0,0,3,0,0,3,1166,159.92
1064,662b0a0eee9a38786aa74b17d2ddc5c69ca2dbeb,0,2,0,0,0,0,0,0,523,72.59
1065,90ab1628d85feb0be285d989c9f0730f9584f05e,0,1,0,0,1,0,0,0,350,49.3
1066,2f98fe462560d628df98d0acdf36e594ebd96d1d,0,1,0,0,0,0,0,0,414,72.83
1067,9246691f44839d7f5479d02b619266fd746f9529,0,1,0,0,0,0,0,0,690,81.46
1068,b3653a62955b9a83ba968fc3a98bae7969df13ce,0,3,0,0,26,0,0,0,1343,177.04
1069,7b355d83c584512243170d3a285571fb73103420,0,2,0,0,16,0,0,4,1265,192.11
1070,069b77e0f941a5b752632cd590abb6ac7ecf002c,0,1,0,0,0,0,0,0,486,67.64
1071,14a7712b0b62a9c1c18067deaf294ed4b458fb31,0,5,0,0,58,17,0,18,338,116.47
1072,5c8fab3cec030d56b682e0aad4fd3ebe0cda1160,0,1,0,0,0,0,0,0,649,95.64
1073,5697ca19e0076ccc3b8f2b56bd739fcc73761d7d,0,2,0,0,14,0,0,28,892,120.37
1074,1ddddec0180252872f3ef595b69745ba253ac800,0,1,0,0,6,6,0,0,156,33.69
1075,53b0527a5dd35cd2e36650a6352b882cc32f714f,0,1,0,0,0,0,0,0,969,123.57
1076,58e3ad8b6c949d283bcd585690ba371dcdeae308,0,1,0,0,2,1,0,4,236,59.68
1077,a37b0a523aea9149c6ad33ee4bbc8a24e799323c,0,1,0,0,71,2,0,18,638,117.14
1078,eab24df54ce9d5a828d96bb7da455c04d97ee849,2,15,0,0,120,195,0,26,6073,1035.06
1079,33c03f67fac01b5bc29833d6ee5725e8a3ec6e49,0,4,0,0,63,2,0,39,859,166.55
1080,2ca35347f3424c9c3bad52ea14b08ed5e0ed3422,0,1,0,0,1,0,0,8,75,70.48
1081,caac328457fb451fda5651f67278fbf8b5365936,0,1,0,0,2,0,0,1,652,115.39
1082,f9c78255bbe86b80633a0883547367a11049bc8a,0,2,0,0,0,0,0,0,1046,136.13
1083,ed8ba5dff378f6ebd3edca10994ca63976af541b,0,2,0,0,0,20,0,5,209,45.44
1084,1e8d2fe9993a6d5472e99d62d53db900a26814f3,0,11,0,2,8,103,0,0,1215,265.19
1085,1bc510afa36aaab39e36d1aa0eb53a30a9d0f06d,3,0,0,0,0,0,0,0,0,44.37
1086,08c60dc517212bad1f9bddeedc52003bbbfc4a62,0,1,0,0,0,0,0,3,238,42.73
1087,6599d13108fdb584094052f3a72c0c39bf3caba5,0,1,0,0,3,0,0,4,41,21.1
1088,fcc84c258f63bf1f0712f0a62a2ba93d42dbf477,0,1,0,0,0,0,0,0,712,87.5
1089,de546af64619208349b8290aca94adb56abb97d0,0,2,0,0,2,2,0,3,1621,228.26
1090,210a157a951e908681b6ced0958adbd779f48bf0,0,1,0,0,0,0,0,0,0,9.28
1091,e25e8b0363dc59915e7c2c2d08bf9d53bd6e9372,0,3,0,0,22,0,0,3,2676,361.55
1092,d86a13dade89b9259b5f007755584f2f4389e7ec,0,1,0,0,0,0,0,0,238,37.72
1093,7fe79fa71c3d6907ab09b0cc1be362eea2632c01,0,3,0,0,5,1,0,6,1138,194.87
1094,61fa81615745446ab67d442b5caf7d6200f32946,0,2,0,0,40,14,0,2,550,103.59
1095,dea3c1207cd0b60ddb3bbda3ae120d5efba97121,0,2,0,0,31,6,0,21,454,93.12
1096,231e0c0043ddbe5297cb8f0716e6de5a7381892d,0,1,0,0,2,0,0,3,709,119.65
1097,9c1869648c19d0abfdb79aa7c6937eb5568d2f66,0,1,0,0,1,0,0,3,711,100.25
1098,ea3b8028c94b56521890d24129c7b630dbc57bf7,0,1,0,0,2,0,0,2,712,93.52
1099,cfaec1e1e3a41e27a19a60e0de80e301b925721a,0,1,0,0,8,1,0,0,38,22.54
1100,7609c497493371b54af718fc9b32b2190932b4b7,8,11,0,0,24,145,0,19,1395,622.12
1101,aa2e21ceb673104899d6254f830bb37b5fb790f3,0,1,0,0,2,0,0,3,414,69.05
1102,2a4532385784ad19cc2e3c4edb57f61ebdc46e05,0,1,0,0,103,9,0,0,368,96.78
1103,d5e3f6c894b1159cea94a74ed505bf26c9e4ac71,0,2,0,0,1,0,0,0,655,90.53
1104,3dcb8b26252a6643df6b92b8df2b602e9aa9d636,0,2,0,0,0,12,0,0,957,126.75
1105,e78ff424120f520917ab7c603cb962d178f91a13,0,1,0,0,7,7,0,6,705,122.67
1106,0593245163f87fbf7537d6190cc9e1c6abb7df1c,0,1,0,0,7,7,0,8,705,110.81
1107,062042ba83651b8495bc0330023ae7c7c47a38d4,0,3,0,0,9,3,0,0,114,64.31
1108,07e4c7264a8eea8796bcf755a186d5a89273333d,3,0,0,0,0,0,0,0,0,45.61
1109,9d1d24095c3fe5cceb8a9cdda82c41638879a963,0,1,0,0,0,0,0,0,49,14.03
1110,9bbcc4a06facc6118eaf51d9172b2e1fcd4ee15c,0,1,0,0,0,4,0,12,154,32.77
1111,91805d792847c00382b07e20dccfcea5553e2295,0,2,0,0,2,0,0,5,305,52.87
1112,cfef20aa1884fb775db11c4a53fc09e22f953b89,0,1,0,0,11,1,0,6,633,111.45
1113,a629f5db3e3f70374e02476b269162c6401bd5e1,0,5,0,0,177,136,0,13,2991,490.8
1114,69bd17fe1b79fe96f9d954b603d6ac4d26a7d1e9,0,3,0,0,35,0,0,35,689,128.54
1115,6383b93ea75271383aa649c79430a611c43e9b2d,0,4,0,1,12,0,0,11,366,117.94
1116,4479b081abfdcb11dde34ba4843c068bd329f667,0,1,0,0,15,0,0,0,1113,154.69
1117,57b8b91af9037677dc2b7bce1f64757b89de80f0,0,2,0,0,38,3,0,23,341,83.5
1118,10b3026dc7b845f4d402f437be3d708bc5110b17,0,1,0,0,0,0,0,0,141,22.84
1119,dd2f3d4654009698887f76b417635eeacea443b2,1,9,0,0,154,49,0,2,4319,782.1
1120,a1ad7e64d33a7bc7505f9b61da9a71e1556f1fd4,0,2,0,0,66,1,0,3,161,110.24
1121,651490942d9a9ee82916465498e6b4f77d989b04,0,1,0,0,2,1,0,15,711,105.44
1122,6cd712c7be93a96efec74da2cc06c42ded831d4c,0,1,0,0,1,1,0,0,712,100.03
1123,b59e375a5c4248fcef724d318c51618b1e4b757f,0,2,0,0,7,32,0,0,364,80.91
1124,e50c404aca679b113a70f52f76a0d96c6ac944f2,0,2,0,0,10,3,0,19,2589,416.33
1125,c3f5e1f55104828b5ae796b1726aaba52a6dc9d6,2,4,0,0,10,2,0,13,186,116.34
1126,ce44c03988c00468b631478f9df8c0709805f119,0,6,1,0,0,38,0,43,3622,491.1
1127,882de7a96248bc97a5cb034a4c5ad9c416fa2968,0,1,0,0,16,1,0,10,1185,151.05
1128,ad29fed7d583de3a453a16a75f1175c6fc491ef2,1,0,0,0,0,0,0,0,0,26.96
1129,f90645dd77e160fb0779f711ad7be60d4eddc123,0,5,0,0,7,2,0,27,2347,333.18
1130,23e790f50b43d59c27d9c75147ddb2f712df5703,1,1,0,0,0,0,0,0,699,118.93
1131,07219dc721d304e1a82631aadf0016417ed4c384,3,3,0,0,0,0,0,0,618,159.5
1132,8525e1ee23a269ba64821d26060a3ef724e307eb,0,1,0,0,0,0,0,3,95,20.96
1133,ebb08cddcf8511e6a62ffbf0fff675e9627cd376,0,1,0,0,2,50,0,18,212,48.43
1134,4e446e768912ca08b30d74b3c570ddb336b837a6,0,2,0,0,29,0,0,18,227,67.34
1135,aa7d11ab0b40e2f8c54f394f2b97f65d6d39f124,0,1,0,0,3,0,0,0,35,15.74
1136,a95bbc96e4b67575a8553ba50b8b7d653e6f6772,0,10,0,0,49,66,0,43,2575,513.81
1137,94b7aaee90e209cc0d18e93088355774a7add536,0,1,0,0,0,0,0,0,498,72.74
1138,128bca90d9b0f458bf6ddc1e5065418ad6c25226,0,1,0,0,0,0,0,0,56,33.94
1139,c2db3972ec47cb68edaca5280c382708645591ef,0,1,0,0,3,0,0,4,21,21.94
1140,9719bcba952e273b37e110992bfab02297f20b12,0,1,0,0,10,3,0,8,696,141.58
1141,26cc7e9a2314fab5fa2df4acbb6598b1145ef152,0,5,0,0,2,18,0,29,572,118.16
1142,2a37e705f7e1ec6225bb2cd747233a74044c02ec,0,1,0,0,0,1,0,0,297,42.05
1143,f7dad3dccc5c7f0c2a6a83220f35f9dfc269dd0b,0,2,0,0,9,5,0,25,1577,234.08
1144,7e41f152334ad8943f94a7ae197ac2fac4b1e9a8,0,1,0,0,0,0,0,0,608,82.58
1145,6213bc3c8e9446ba8a556d195649ee9960dac79c,1,0,0,0,0,0,0,0,0,32.67
1146,7130baf1163bd3e7d6027d845bf26b667af9c7d5,0,10,0,0,22,3,0,36,3849,552.49
1147,3b8bed11a6eddcbe1ea6af7007286b5bf9ba3185,1,3,0,0,66,0,0,4,574,183.9
1148,f370d0ba4105fb557b769adc6831b5b174f1e585,0,7,0,0,21,29,0,7,1089,199.36
1149,360b8bba7e7f1a9e77e53fab6b11de4707f25752,0,4,0,0,11,0,0,5,2342,307.34
1150,e5c85310019080628d83cdda49ab690430faa314,0,11,0,0,107,313,0,34,6181,995.06
1151,7293cefa981f2547e3b5cfe9f2a43cb8aa8348ec,0,4,0,0,11,39,0,3,2314,314.61
1152,a36d212a9a82f87fdd7183ab81293813ebe31fac,1,4,1,0,14,9,0,19,893,221.74
1153,3234662c005ee8d12b2e3471f0e494c7b8c648ad,0,2,0,0,15,0,0,13,584,138.68
1154,5a934ef6e7d503f23308b4cb817ef7eb6371e860,0,1,0,0,76,40,0,1,57,47.0
1155,620bfe40bedc30bfcb08d7dcefd20862b8183973,0,4,0,0,21,5,0,11,1342,235.23
1156,7ffccd0e463b74e4c5c5dea9177a96e4d013dca9,0,1,0,0,16,0,0,0,128,35.33
1157,cfaf4fab71c287877f294187685e26cbb30bc4db,0,1,0,0,20,0,0,1,144,38.93
1158,55afbc46756696a6d763bc280811a0cf67e7c236,0,1,0,0,0,6,0,0,37,29.54
1159,52d79981c6d03249e13b4a24d09769e2b84a1179,0,0,0,0,0,0,0,0,0,44.0
1160,07413e2fb722d7157f322670bedde19a4ef17cf9,0,1,0,0,29,0,0,7,471,126.57
1161,b26cdb24f57660811914e28e3dcdef418647187c,1,2,0,0,3,0,0,0,91,50.99
1162,cb4c76563592ffe116e7a0201f56fc351e6cb9e6,0,8,0,0,185,16,0,18,4490,760.58
1163,27667c858b7d4fb8e5565613aff3260b0235ac9f,0,4,0,0,7,1,0,7,2827,457.06
1164,134c510d116931b3bbe57e9562cace10c18a944c,0,1,0,0,1,1,0,0,41,20.44
1165,f2520488dea07a7502aa8fcf7192a86fc5ea0bf7,3,4,5,0,0,0,0,0,594,905.77
1166,3a591a989ca574f36dd8c92858cd1c8a1d299ca8,0,5,0,0,20,36,0,62,900,182.24
1167,a54c987f0c0e90c6b7f7867a7ae89248d962c704,0,6,4,1,170,8,0,16,2327,517.32
1168,c78806b134ecef5edb8c68cd680a5bbf17abc59f,0,2,0,0,0,0,0,0,117,26.63
1169,6baaba0a2ce0df1c21776548f932fc9970c35e30,0,1,0,0,4,0,0,16,520,110.63
1170,9375e3c8b051a55d8d07d8be967d0cd48e277c13,1,7,0,0,35,0,0,35,1649,299.18
1171,d4cf962c8a490ee200d774763ac3c8cc243179da,0,1,0,0,0,0,0,0,79,18.07
1172,b65f9cc05c479682d46d341b9bbf424f2b095d46,0,75,0,6,58,92,0,87,30246,4388.43
1173,a022320ef9777badddd290653876f5d09bb377a6,0,3,0,0,0,0,0,0,1282,166.86
1174,15fc0d66c6b9747467d43e14d2b18a06517f11f3,6,20,6,0,5,0,0,10,5873,1150.13
1175,e7e57abc47f85afd7bc2745293a72107068d260a,0,1,0,0,0,0,0,0,1170,150.68
1176,42d9fca0d1f50e35c31697ea58198a52307e6a29,0,1,0,0,0,0,0,0,706,80.82
1177,3fe4832c21c7987e2c7cf302953ced381022b62b,0,5,0,0,30,19,0,47,1850,315.19
1178,340cf43e092509fb6e9ceb836af5f96c91e1d33b,0,1,0,0,0,0,0,0,710,92.49
1179,41cb158f0961f159a7672b302242d8b892589834,0,1,0,0,0,0,0,0,611,94.37
1180,a1f63322bb4c38144c76856def9160a7eb2bccca,0,1,0,0,0,0,0,0,319,93.27
1181,98aee5440f29a4eb8bae4c6cebe7453c89424f11,0,2,0,0,30,1,0,1,189,54.37
1182,e5f6c67f0dc3bff76db35d7a3984068e79f991bf,0,1,0,0,1,13,0,6,362,55.45
1183,0d5da71571d9438ba2e09e7d9c619fe7c5a1b2fe,0,2,1,0,46,59,0,79,1644,279.09
1184,fd02c343fa41118d39cc5b1bbc203f7e4c66270c,0,7,0,0,23,84,0,70,3215,451.59
1185,d6adcd04f526f2a1f649af4a5d678f8a8afc1010,0,2,0,0,115,107,0,28,618,153.93
1186,d91ee91b89e9028675ce9162afaefa0eee87d86c,0,4,0,0,3,7,0,60,2466,360.96
1187,e525abf6726fcc010d4f5aca3ec41aacf2a880a8,0,1,0,0,0,4,0,0,334,50.15
1188,66728e6f67f16e3367fa8128f8990c805008529d,0,1,0,0,1,0,0,0,512,79.6
1189,67c1fc3436c6cc6ee521bc1be2c38ea0dfef23fd,0,3,0,0,0,13,0,4,1374,193.49
1190,c7df216c115b94d18a394eba025d11243dea39f0,0,4,0,0,48,22,0,0,1338,193.52
1191,b58a646039f2b8830118be3bb6378bf534256291,0,4,0,0,0,28,0,14,1402,208.8
1192,ecd4cecd196ac8982db048d8badb11658c6672e2,0,1,0,0,2,2,0,6,142,153.02
1193,a5248f95fcaf7bdca33ef4059894c4d371234b0f,0,2,0,0,0,17,0,0,506,77.66
1194,502cfe7b5d88dd765de41175521d664eccbb3151,0,1,0,0,0,0,0,0,1135,133.12
1195,beaac2c27f7d798017dba98a6904c4c7467c534b,0,2,0,0,11,4,0,5,1407,198.87
1196,e30b9d47f22121d448aa2d3651654f1ac418b569,0,1,0,0,0,1,0,9,281,44.06
1197,d493073e548f316567dc190b03e2b4a1a6986d89,0,1,0,0,3,2,0,4,118,35.14
1198,a9680f4e8b6303ec4ff094b863a6a713baa34675,0,1,0,0,2,1,0,5,512,101.21
1199,4631663ed88433f9b0e08d01664a50f74fee157a,0,1,0,0,2,0,0,1,281,50.13
1200,4531ccda9137c9735d751baa4e33c027a950b45d,0,2,0,0,19,0,0,1,286,107.67
1201,99e725c7ff792e017cd31f62429b23eae5625f67,0,1,0,0,0,4,0,0,1132,137.92
1202,24e48ff4c800f310a2ba01b07f09fb1330d0ac84,0,1,0,0,8,0,0,8,159,36.22
1203,1c078c3aadc3a7d3a69062cc00d7eceb15e357f3,0,3,0,0,24,1,0,5,1164,185.56
1204,239ca0c0909bab997bb9f8f5edb4ed6fdbbec2a1,1,4,0,0,75,2,0,7,731,182.26
1205,9ae54b277b43c1d8e99c427703c7e54553d48ee3,0,1,0,0,3,0,0,2,99,30.19
1206,ca1f068c57de95d6439b8bdf71c10fcd60b2ee1c,2,1,0,0,0,0,0,0,0,62.11
1207,6babfad71f00c9cf048e97ff23ca646947d124e6,0,1,0,0,0,0,0,0,108,24.81
1208,d89e5f13b0eb3a4e6354a6e4bddb8f0537d37a1a,0,5,0,0,12,1,0,12,2020,388.6
1209,a6b7d9509794100c91a6e8a9bf5b71ddd0d8f5b9,0,2,0,0,15,0,0,0,149,43.12
1210,efef11e2dc4dec550e37678b4a4117f213139407,0,1,0,0,7,1,0,9,709,118.03
1211,463eea13436265abb1a238c7559552aae9b2da7a,0,1,0,0,0,0,0,0,37,13.54
1212,47c7c89e491c823fea152f57db97ff2847688122,0,1,0,0,0,1,0,4,518,78.02
1213,8dd763874c3293658e6a3f5a8929140b0e5a273d,3,2,0,0,45,42,0,0,212,135.31
1214,41bfe09a492f867a705627c47235fc714f4862fa,0,1,0,0,3,0,0,0,537,86.3
1215,97eb0f0b6f9b60932e04db8c851685087e3ef41b,0,5,0,0,62,1,0,9,1015,205.39
1216,67047d7ec72d363155b5c088f4798db92c34a812,0,1,0,0,53,8,0,10,155,48.95
1217,225fb345f69e95afefe5233c1d845ec55481a08d,0,3,0,0,0,0,0,0,903,120.59
1218,17653dd487fd48a4673be1d0ad4b55337d0ed39d,0,1,0,0,29,0,0,0,299,72.22
1219,c3eb2c844fb149057cfabaf9cd845965fa597705,0,1,0,0,5,0,0,13,1132,155.65
1220,5c6931f26315a3be8579a0483fcd8f4050de954a,0,1,0,0,1,0,0,2,540,138.38
1221,28b6d90a93b4949a054a3b103fb7b34b027f0175,0,1,0,0,3,0,0,3,1137,162.37
1222,d0b61e75ae232507ee5fbcc351da1769159a9974,0,2,0,0,22,0,0,0,561,92.5
1223,7aab1fbc6464593b7545ce5d29636b8744a6b94c,0,1,0,0,0,11,0,14,80,24.64
1224,0db51718ced91fa0b1bcfef2b906596f8383fb94,0,2,0,0,22,3,0,0,254,56.32
1225,5d8688fc3d268ff051c361eb716f39d8fb4a9e8e,0,1,0,0,8,7,0,11,116,34.82
1226,21f80973533b8c64032d864d8299bcb05f54445e,0,1,0,0,5,0,0,16,517,83.29
1227,cacce6c5f69a6d3e0d7bc01697db6ca1a1468455,0,2,0,0,0,0,0,0,805,130.84
1228,04155cac92fdec2ebe3dcaf0cded35b8a46f5430,0,5,1,0,67,0,0,1,1260,209.98
1229,1858f177166fea9c11c3930e14cbfe27f81acb65,0,1,0,0,0,0,0,0,522,89.44
1230,1f9fd80ae601830789bc9cf06b05978cde833ec5,0,1,0,0,0,0,0,0,522,74.0
1231,21bd10825a39534c4f75435ce691be6064ae0cff,0,1,0,0,5,1,0,0,160,33.25
1232,91fa2ad048ff7e964d10dbffe80432e84a528766,0,3,0,0,2,0,0,1,1609,219.14
1233,23cbf39343741a479059af2a91d4357e01531dba,2,7,0,0,36,58,0,43,1592,334.48
1234,e1bc106ffa9d692d43b38f302da205c4324e2599,0,2,0,0,0,0,0,0,317,61.87
1235,575fec9c4adf9d53be921aaea909ab5f4b941db3,0,1,0,0,0,0,0,0,283,41.45
1236,9f45ca97ec3a3230b0bac2fcbb9adf8febfb89da,1,7,0,0,42,0,0,18,2542,394.26
1237,1b3748a994eafc8edd60f4714aefc5feaa36d5eb,0,4,0,0,24,2,0,4,1423,216.55
1238,69b1be1d5037e39af2750740e9645561f88c5691,0,5,0,0,9,8,0,20,1604,253.69
1239,c12028b5b932403ea2ce77a45ad699a013b8d488,0,1,0,0,1,0,0,0,40,14.76
1240,f4406121af4ff600d2ff581e5dbe46ec34b06cca,0,1,0,0,1,0,0,1,112,73.97
1241,3fb9ac02b8bbdacd32ee0f5ece91a1293856e259,0,1,0,0,0,0,0,0,1140,153.63
1242,42411929ff65df452c18160c81cfb6858a7d42cc,0,5,0,0,0,0,0,0,793,117.02
1243,68021818558d028f23b2a81503ce6d181a1fc3b0,0,1,0,0,2,0,0,1,165,34.47
1244,58039a7bc2882c334c4e673354e5cb1bce255f99,0,1,0,0,6,1,0,1,94,26.91
1245,dfd0303cd7e845d8bf4a261d734b5fa5315cbaef,0,3,0,0,4,4,0,0,115,35.92
1246,bd3e171467aa5abb40ecc1ba7e7a616d382608d0,0,1,0,0,2,0,0,5,247,43.58
1247,e99d776a9150645ffafc2dbee88b3b45a98ff731,0,3,0,0,64,1,0,15,1263,225.93
1248,3339e94e8d79fc55c861a1686ce1de0adb9790a8,0,48,0,0,50,13,0,54,10335,1517.27
1249,94464432f8e2b342dcca3da0c4f585a70ca5a1ab,0,13,0,1,2,0,0,2,2096,321.33
1250,70312ea6258a049b7be72663e1548fb3ae73e444,0,3,0,0,29,0,0,6,751,151.82
1251,f4c8d1a06cbd293c80d3b080c4a84563a9d05411,0,6,0,0,8,0,0,18,772,144.39
1252,b378ea615f05e7ed2f4441049dac1b676ed3f5cb,2,2,0,0,0,0,0,0,16,65.04
1253,9cacb67b6997a0345d9ad121b40661a3ceb96c32,0,5,0,0,57,0,0,10,2041,311.09
1254,5e65d6ee2f1a300cccd1354f7a59f27b2c57100c,0,6,0,0,23,3,0,19,2457,426.38
1255,a9482a23820a74328703d558189af1407b134204,0,1,0,0,16,0,0,2,15,23.2
1256,9039e79ec21b4f23766eafc698ceb7d465633a90,0,2,0,0,15,0,0,12,401,85.98
1257,704b52fbe9f0b150fa252aedf31b8a79a6cf202a,0,4,0,0,26,1,0,5,410,83.24
1258,b590cc49acba625d3d076a9722f2ff87a3400be4,0,1,0,0,1,0,0,1,330,45.94
1259,7245829a068b797ccb77c1337113c0702bc838d5,0,2,0,0,0,0,0,0,775,103.87
1260,44572e6a2d9d933783d2c00ff3844d64faa143e9,2,1,1,0,13,0,0,11,595,203.92
1261,3d51be29651f7f95323cc2831d4cd4e535feb0cc,0,2,0,0,8,2,0,5,281,86.26
1262,1c6714733a44dd3a40bf9abd3a6ab2b4db8164dd,0,1,0,0,4,0,0,11,369,58.52
1263,52249bc3aa53158e0bc7e79a873ac581b033f0aa,0,1,0,0,0,0,0,0,497,67.65
1264,4ea95c08531fea21044a89ba5356cad49d948df0,0,1,0,0,41,14,0,10,409,79.7
1265,d189828325aaef5b1934648507bb2cc0a6eebde9,0,1,0,0,3,0,0,8,212,39.5
1266,443686f10167ff5936ed9256b6d76ee4a659fa81,0,12,0,0,105,11,0,30,4242,683.6
1267,10a4154a0635cb98316fd60664c24ac503661ddc,11,0,0,0,0,0,0,0,0,282.22
1268,443d61e41aa3564f72f944621c107ae19a685492,0,15,0,1,17,7,0,16,3378,560.69
1269,d32839d1a01179751f8ea7d66618534cb56a4498,0,1,0,0,8,9,0,1,364,58.41
1270,cdfc6d1c1d74788b90eec3af09e5f61d80295945,0,1,0,0,0,0,0,0,86,17.11
1271,39505bccd0ae97e4ea13364e169ecdd664fb12cb,0,1,0,0,1,0,0,1,562,85.53
1272,af9891965e296f80f97ae4762d4a108b8e7fe95d,0,4,0,0,53,11,0,60,1578,262.16
1273,7b328fbbc5e1dca2f8d6a93f1659c4072912bbca,0,3,0,0,26,0,0,17,219,72.59
1274,c6ee51819a91549a47ef918a7a126680a1605d52,3,9,0,0,99,5,0,9,2394,475.03
1275,f5e8fc90cc68a7f3e16e578253e47235ca440708,0,0,12,0,0,0,0,0,0,99.71
1276,ceebf40c0bc7504624d355a6d4a092fb4f1ad961,1,0,0,0,0,0,0,0,0,21.48
1277,18dc5e84e226754f6fa6b6a9e6d59bb792f1f090,0,1,0,0,2,0,0,2,390,78.25
1278,0faf605ea174e37b67ae4541fe3a0c9b07bf9703,0,1,0,0,1,0,0,2,86,27.51
1279,9afce6678e583525032952ddd8f7ffaa88f6e1ac,0,13,0,0,58,3,0,49,1631,341.25
1280,75718140717988cb3227550e72b0059e1455a7a3,0,1,0,0,2,1,0,0,140,82.97
1281,96c80b48de9d8fda1c554ec0688ff40e663c0192,1,4,0,0,85,46,0,50,190,154.65
1282,4ca0a977831151b3ff15cee3178de7927a7a6481,9,44,0,44,39,2,0,14,2898,1897.48
1283,c1333aa61cdc754f37035ea3b9eea46294633eb7,0,1,0,1,3,0,0,8,374,149.16
1284,961e65362eee6fc49248df4a2ef5ed75a45f57dd,0,2,0,2,18,11,0,9,125,107.91
1285,6c100b6de3489bfb321df472394348d1fabe9c7b,0,1,0,1,6,0,0,4,100,63.61
1286,1d4cace9547a8e0c8e5404cc5c9a60b9c64efe49,0,14,0,2,55,39,0,31,762,274.25
1287,c9cc5f7b33a1b24ed26862ec70aa42b45d87756a,0,1,0,0,4,7,0,5,109,31.86
1288,bfce9fa0ef45bbb99707f091bc917be2246f40cc,1,8,0,8,0,0,0,0,698,381.9
1289,ee6ae40426affac769660004a70607c97731195e,0,1,0,0,0,3,0,3,103,24.23
1290,0f39b8f477d6fb8cac4bda59759533dfd3e4f87b,2,0,0,0,0,0,0,0,0,52.15
1291,db9ca36fb397eb0eeda07bfcd48cd9233e870ed5,2,16,0,14,107,1,0,75,780,648.5
1292,87d2ccc5703526e88925582d882f8d2a70c71be0,0,3,0,3,70,27,0,11,1195,530.13
1293,8cdba28df588d2dfa9a43947b6aea837ea36701b,0,1,0,0,0,0,0,0,995,142.3
1294,cda22507a929b6643aa313d6ad9bc3eeb2b252c4,0,1,0,1,1,0,0,1,559,234.45
1295,a4b99cf687805e4402a15d45757a3f920410de0c,0,1,0,1,1,0,0,0,42,45.0
1296,baef12d73efde693cb0ddb058facff95726d65df,1,28,0,26,671,61,0,178,5103,2458.99
1297,b3f302c30ce0ad5bd162f65d957f8c29bda38204,0,1,0,1,0,0,0,0,14,24.7
1298,3baabbdb8402c2d052d8c0bc338bbbdc4f98d543,0,2,0,1,0,0,0,0,515,289.63
1299,9adc7f52b2b1a502d8f3eecebe887a876c0be320,0,1,0,1,6,2,0,9,627,246.01
1300,29bc8bb519c0b361865e56e31d5a8480025203f4,0,3,0,3,9,0,0,2,197,200.09
1301,11999bd2b38b58d2509a21afc78be55ed5bd82c8,0,1,0,0,9,0,0,1,18,27.16
1302,9013c837e8c399b5c914a0e73b14f5bceebeca47,4,2,0,2,0,110,0,0,105,192.22
1303,e9cc906a81994e571d3e2744e0a07e2f266113c6,6,26,0,6,46,1,0,38,1445,561.63
1304,f1067227748fb2190d0e728f8e4bf5c206730eb1,0,14,0,12,57,26,0,115,6074,2016.59
1305,e1e70fdfc30ffb7c69b50e15f0c1fadaa1431deb,1,0,0,0,0,0,0,0,0,27.5
1306,e2725f70fbb3af699c811efbb61bba735b27ff26,0,9,0,5,67,75,0,21,1086,354.65
1307,4f1ba234d05adc057ef936e84483e8fd56f3c70e,0,1,0,1,193,64,0,28,439,224.22
1308,a03976103d8efe4074542c6f0a1d612e96410788,0,22,0,13,0,0,0,0,1803,725.83
1309,961b0938cbea7b0a926325d27fe2f5211921b60f,0,2,0,1,5,0,0,21,1752,438.86
1310,5e4aa0830fe0fe22fd16f4fdf57d2d52b54b1662,0,4,0,1,3,11,0,7,720,142.69
1311,dc0e68b5cb9d6164b5a094a8f8eadd7f2cab1bec,1,1,0,1,0,1,0,0,89,65.39
1312,59b13bfb7a0dff2661e15ffdf057debdc7678aef,0,1,0,1,0,1,0,1,352,152.27
1313,ee3c65fb58c1a19212f35172e45c1a491a97361f,0,1,0,1,2,0,0,2,31,43.47
1314,a84c14f3e46cf604eb7dff5857649668ec2a9cdc,0,1,0,1,0,0,0,0,28,28.28
1315,4a03a8d641b22d7e7fddb1b1dcecb46d733972c2,0,2,0,1,0,0,0,0,173,61.38
1316,e1b5bff0f0646ea69d5ff29e941d12f3145ed016,0,1,0,1,8,0,0,11,195,83.7
1317,f60e26e77178a34e87c8e5c6d907f70a18207801,0,1,0,1,15,0,0,12,120,70.33
1318,358b82d728141578f3a451d3e8585e2ba4bf1f93,0,1,0,0,2,0,0,2,203,34.41
1319,62db1f1cf6817dff7e8e11d9a8a4ee5a422737ad,0,1,0,0,0,15,0,4,65,22.39
1320,53f0d0db3e48a09787b8b4abdd22fd5f67ffa8cf,2,4,0,3,59,9,0,18,692,505.54
1321,4c5eec3968ec4f5dec3f309fdb145b27d6b0ff5a,4,17,0,15,145,49,0,109,1448,993.95
1322,0b788acf5e3b1b9de736bd19b955627b8e70cdc9,0,4,0,4,93,19,0,15,523,296.35
1323,193476d4c2fd65fa5a77d92bfd64f39ac85f3d2d,0,1,0,1,5,1,0,11,353,134.87
1324,ab55ce3b55b0f6f58c5fbfa95e54b2bc1c16fc49,0,4,0,4,46,0,0,0,91,98.82
1325,469b8a888b538f700158e8d2a6d93a4d3289f929,0,5,0,3,144,129,0,11,383,179.19
1326,5f5e0e05759f507a1dff4ef429a09d23f3bd1322,1,0,0,0,0,0,0,0,0,16.61
1327,b9aeb3e12516c660fdb3945d89fda4f66e9af45d,0,1,0,0,18,0,0,40,1017,152.76
1328,2a8ed43ac1cf632888daa3ef93e30b989074e0d3,0,2,0,1,8,4,0,4,896,259.42
1329,1f58ab7c380456a2ecc87a48c945aff78fe884c0,0,2,0,2,9,18,0,10,80,102.96
1330,0dcf30557513c8764988806fca0eb7a37f994037,0,1,0,1,0,0,0,0,101,48.24
1331,446583b0b136999a65e0a5926449a7cf945f8ff7,0,2,0,2,18,20,0,33,547,235.68
1332,19823394735254b84c7ab2be5ce2835fa51f3c8c,0,2,0,0,9,5,0,8,1594,234.3
1333,98290fec4029887357a3fe9c8afa77567261eb6b,1,2,0,2,5,2,0,10,444,204.59
1334,cc956afc207464a39393de28253b3adc5a7379bd,0,6,0,4,17,6,0,7,1006,358.18
1335,e37f4ecef95ddf8f602b118c9cfc920b361c977f,0,2,0,1,0,0,0,0,393,64.19
1336,5dccb9751cfc107562b8d0ebe6b210251701a29b,0,2,0,0,1,1,0,8,386,64.24
1337,2b88cdcd781ec179ed7bc1a7351ef88c26b2368e,0,1,0,1,7,0,0,1,450,208.32
1338,369056d691eb5a863df9ca83b192bda63cb1d27a,0,3,0,1,10,4,0,12,1233,187.95
1339,895ccff4f350d1e8c7acc121bb9bb118e164adfa,1,2,0,2,0,0,0,0,244,135.34
1340,9ad652e9baf6051431693279a65cff2186e504fd,0,4,0,3,0,7,0,2,229,189.93
1341,27a7acafdeb02766449f37fc1fa4706195c555f1,0,2,0,1,4,0,0,0,110,67.83
1342,d3ce422002bc92858ecb6969582df584cda11325,0,1,0,1,0,0,0,0,206,84.98
1343,196882e2cd68962d64e0a009a6f28496379f55cb,0,11,0,5,207,88,0,26,3352,694.59
1344,40514e7f4f12edaaa009b529a2280d9a442989b1,0,1,0,0,0,0,0,0,117,20.49
1345,9acf2c8d4790f78e12d97f31ef06d3b7f0638e9c,0,3,0,0,1,1,0,3,1849,225.32
1346,14b68ca4c0b21ced1f4ff2bc484e9b2c0f1a17cb,0,2,0,0,1,0,0,7,672,116.01
1347,0d884e15bc64d90b8c2fe367728b8f7fde23930f,0,7,0,5,153,0,0,24,1728,483.27
1348,6dae1e055b7d96b5ff2073ad314d4e0c3c0bc919,0,2,0,1,17,5,0,4,1273,247.92
1349,479c53423c9724046af8c516637fc673509f2219,2,12,1,3,91,51,0,20,3512,718.82
1350,026227e87f6473033c32da262ec5f0e4116e9454,1,2,0,0,3,0,0,4,461,104.61
1351,49d5f14dd6f683b2777017449fdb171f68fd59fd,0,5,0,2,18,15,0,5,1541,326.5
1352,c6b5f4fa0d0e582828c7f6df1920876ae9e806f1,0,1,0,0,0,0,0,0,12,10.79
1353,590c27c2c92318c1784d109e9bcea091ee138711,0,0,10,0,0,0,0,0,0,76.12
1354,635768d28a76131a28467f8b469d74a527dc98b4,0,4,0,0,185,24,0,58,907,238.83
1355,4e080fcbbbb40a1fb29a70758fe762455388e277,0,1,0,0,1,0,0,3,604,82.13
1356,b1f8ce99c18ee41180e90689118c5b7a1073f22b,0,1,0,0,18,16,0,0,76,29.56
1357,8e95593f42c7ed15ed197a9d97df70cde363297d,0,4,0,1,66,8,0,0,2930,408.99
1358,e593f0efbf1144bcb5909d2630321e631a2e66bb,1,9,0,3,264,7,0,22,4713,861.01
1359,a026befba3065faac22d255747f3bf48ca556673,3,16,0,9,328,102,0,153,7852,2353.89
1360,adbcfc3846f28f46d8d5645b20e3e5919a133ec1,0,3,0,0,0,4,0,14,2618,418.68
1361,f65e61c7abe27fd718f1f4abb25fe59a20249aa6,0,4,0,1,36,18,0,11,3316,562.17
1362,1e39459111709b7677cc8a9b2fbc2763a143df4b,0,1,0,0,34,26,0,10,1057,148.49
1363,ef0421d85632817266dc7ccc7edf068785ed0eee,0,1,0,1,9,3,0,3,34,43.41
1364,25580f47a7a875b0474084e20853a4acaa2a17a6,0,2,0,2,0,6,0,0,261,130.47
1365,23ee15f04e8b2099d256704e9b9c01bfc6810f4e,0,1,0,0,4,0,0,13,629,90.83
1366,afd149c7aaf989c88d25b5448e483d749a6b6659,0,5,0,2,63,40,0,21,2206,338.36
1367,e553b2c34a091cc02287c5e773f335b2a87279e8,0,12,0,3,17,26,0,18,3199,534.12
1368,ea52d836b45cb1c77e243b906172738e3a7fa587,0,4,0,0,15,25,0,21,2520,348.7
1369,c83d862620d2895e28179161b456235fd28a3a2b,4,16,0,6,23,81,0,13,2023,590.61
1370,ef92b957cd7e69b1ba318826891dc18d50f79a8a,0,0,1,0,0,0,0,0,0,9.35
1371,561ae3b2268d242b7a22c1aba8052c6b67d7fad6,2,2,0,2,10,10,0,5,58,101.44
1372,8eb75a630c3d1c3d2e13e74fab77a7ab505d7118,2,4,0,0,65,4,0,36,1105,213.84
1373,528b2c2d32a9d2883eee0b21c71cd650fffe9cdc,0,1,0,0,0,0,0,0,626,84.88
1374,ac98087cc65c3d05676c7c456175d3a51e9e259a,5,0,0,0,0,0,0,0,0,177.48
1375,a309d26e8c6636b968f6beb8dab6510a6972f76c,0,2,0,2,0,0,0,0,93,60.47
1376,cb03dcca73dd40e07254c21e5199a2e77ad18f01,0,6,0,6,26,24,0,15,1174,505.69
1377,b2d7b19bc324c8d234bbcad7ef6bf1683182fbbb,0,2,0,0,9,6,0,0,406,62.63
1378,4ae7a642064b27429bee7a8c0ad53bfd7b168342,0,7,0,7,10,2,0,13,2208,861.32
1379,c7ed31b969c2458d659f7809ecb0fef6f35b73f6,0,15,0,12,29,9,0,2,4184,1537.29
1380,46cb0e99ed3d7c1a8e886b3cd128b76489603fcd,1,0,0,0,0,0,0,0,0,124.51
1381,f8ca192f922dfd8b26f515cb1f73461864234760,0,1,0,1,8,1,0,25,1541,570.17
1382,982a15f227729ec6aee5c80f0eef97b1154f7786,1,3,0,2,0,17,0,53,1613,356.36
1383,4d3d22e521fa71fa2eda42cb015ca870a63cce37,0,1,0,0,0,0,0,0,758,97.47
1384,6cdd1822b6667b72d4a9c91ecf13810e354ace36,0,8,0,4,48,40,0,26,2605,643.7
1385,9f7ecc2b02817eda8642fd0c8a5dc3e25be8d520,0,1,0,1,6,0,0,10,105,60.94
1386,c8f365c85b07259f04498a8bc5f0a59843b95989,0,1,0,0,0,0,0,0,758,96.81
1387,677738d3ed219ec37de7bf15219edd37c4d65891,1,12,0,8,27,0,0,3,4276,1047.73
1388,dacf350835e713f6abfb17e1e1898d863e23da86,2,3,0,2,146,144,0,17,864,375.46
1389,8e870fa13ef4e90faf8754b7d6b2922c007496c2,0,2,0,2,16,0,0,1,124,86.78
1390,9abbe3075a951c521927fff45ce86d0bffaf124f,0,7,0,7,715,615,0,17,435,731.44
1391,fc0d79bdfdb68df466a651df87b517867845bb21,0,3,0,3,53,0,0,0,795,359.14
1392,12bf847f7f3f4e0794af1f5f0a21ee7e2120bea4,0,0,1,0,0,0,0,0,0,36.64
1393,5e56bdea4e1a52cfaa941eab1c0d81e82459ec49,1,1,0,0,0,0,0,0,617,105.71
1394,94c6f4c1b8485e47aaca5714a9b807b0794eed4c,0,7,0,4,202,94,0,29,4431,833.69
1395,e9b68fdce6abf4220e80ec9e61d2b768a2d837d9,0,1,0,0,2,0,0,2,1115,165.76
1396,c6cfd1b9a62cc9d182167e76bbf9d4e0172748bb,0,2,0,2,4,0,0,6,161,98.49
1397,e91448f040911f0c326072c3254668f3afd8f887,0,2,0,0,0,0,0,0,806,108.23
1398,e3c6b554ab6a423073d8af51c1ff687d0b11a789,0,1,0,0,1,0,0,6,1624,221.93
1399,9cacbb074cb070d7565e8215df12771a56265d31,2,0,0,0,0,0,0,0,0,67.68
1400,d380a628bfac05b158a059306edf68baa2b33abd,0,2,0,1,2,8,0,7,1164,299.24
1401,3181d96ec864a467d4259e31c64f2b7554afc3d4,0,1,0,1,0,0,0,0,520,187.01
1402,a01c22af1114e0ff56a95922da5036d550244ce2,8,2,0,0,4,5,0,25,2737,474.24
1403,fc52e8d3598a8cf898067bb1e16bc0a1b0906dcc,0,5,0,1,78,34,0,57,3506,540.1
1404,dc641719fa9de2540e457b9c2766d1f633837841,0,1,0,0,0,2,0,0,18,13.81
1405,d3fb45f189a26b58f78d3dd215c6e060290167a9,3,6,1,1,61,1,0,34,2844,519.31
1406,53b32742517d26254d2990eb724cb237437c82f4,0,3,0,0,2,0,0,1,1797,275.39
1407,df71c572698761f8bb62febfe6c949aecbfe93e7,1,1,0,0,1,4,0,0,636,120.66
1408,b1ef73ff1fbb62f9993edd64e622af550d8b089d,10,14,0,7,299,59,0,41,4524,1319.6
1409,84378fa8bf21a06c9daaf23b1c1188f741d02b18,29,0,0,0,0,0,0,0,0,625.87
1410,d92c49629d01eec0db5fd9c0a59932adb7f5c9ee,0,5,0,2,170,0,0,19,3144,1100.94
1411,18a53dfd6b3c70fad26423e5b12d36f8d71dcffc,0,7,0,1,205,51,0,39,4658,738.44
1412,43b0753558d536ed9729e8e407098917d22357d8,0,5,0,2,8,7,0,38,1786,331.21
1413,71f2632f646050c923964c4517cf29de758cc25b,0,1,0,0,1,4,0,0,77,24.02
1414,fef909299afcc72e677a11288d68454eada2ce04,0,6,0,2,178,38,0,16,2228,635.81
1415,3fc439728920c397d1fdd3519b093e91d97d09e9,0,10,0,0,17,1,0,4,4303,557.06
1416,bbe4d7981fb08f27c83720152911818458b4c529,0,2,0,0,1,1,0,2,1493,191.6
1417,7aedf3a36f8adcd50efb37bf1eb4a67cfdf6f67b,2,0,0,0,0,0,0,0,0,43.01
1418,0beea3751b66efbc5cc87cf2b6c52ca9b3b4778c,0,2,0,0,10,1,0,0,337,77.75
1419,9e73f76604b32abe7cf2d741b9b90535af6ce969,0,3,0,0,39,35,0,26,1948,318.72
1420,a5408fc0e758ac61f9c81ee87da5cf1feb58c4c2,0,1,0,1,4,0,0,7,51,148.15
1421,dccbca85614532abc6124de25074efb6f000dc48,0,1,0,0,0,0,0,0,45,17.01
1422,d59d054fc9abeab776d90709f64bb5bb59d1b673,1,1,0,0,5,0,0,17,45,63.93
1423,ca2f1678d75d9d42867f2124fa3e7dfcf1c367f7,0,1,0,0,8,0,0,15,2138,390.68
1424,981573c9e1510a16c0918fe12996cef83f374486,0,5,0,1,5,13,0,4,1783,286.64
1425,ada9be3cf285f1923c307c38ff198a10124276ba,1,5,0,0,44,52,0,6,747,171.53
1426,6aa3261fc52817d2fb042ff5190e7dde12b7a401,0,1,0,0,1,0,0,6,244,42.87
1427,80ab0f97033bae298b43d5bf83f248cb34f3d0c5,1,0,0,0,0,0,0,0,0,69.0
1428,d53780f528e2d4a3e9054268577928d9ecf0dc0a,0,1,0,1,0,0,0,0,491,299.66
1429,97657cccd298b7d71288d1ab41dcd6a45fa6bdd6,0,1,0,1,1,0,0,3,362,143.32
1430,77fcd6cb63ef839fbfb942db9ff20f1c08a36921,1,2,0,0,21,0,0,8,661,139.34
1431,c4654b285acddc828b4898c8fd4d45e6f8024391,0,5,0,2,165,102,0,70,2252,508.42
1432,049120cddeda3680a16df4dcd55a935fd562a4c2,0,3,0,1,28,19,0,13,616,129.21
1433,878f8e5fa3a36e36ca9b6a88cb16fa4ae9776b87,0,1,0,0,7,0,0,1,55,20.78
1434,655f15649429334b618e24b030db8818ab2027ab,0,7,0,5,0,0,0,0,289,142.28
1435,9dd7a6bccc1348be1d871a27bb8e8fdece2c8f51,0,1,0,0,68,0,0,10,234,65.56
1436,7353c3dc0a174474e30607a2db13ad93d9a9c5ba,1,5,0,1,60,37,0,8,1957,342.12
1437,5d710849155e15a13e68d110777a00bb6f0b8af5,0,1,0,1,4,3,0,0,8,27.74
1438,35616d9205e93bd200ce32249c8320579e6145a7,0,14,0,7,134,68,0,20,2714,716.92
1439,c45b3bc413982ead399169ec509936e39d4c72f8,0,3,0,0,10,1,0,3,1347,193.96
1440,3c080bb8cc2cd4b4ce506c9ffb8e0a34f0a865e8,2,10,0,1,185,24,0,29,3227,778.52
1441,d89cb8d0c518d1a32fa5ff4e0d19c3f498e1ec17,0,1,0,0,0,0,0,0,384,52.25
1442,643ae0c985d01e4b5deb9d28a1381de8179926af,0,2,0,0,26,0,0,0,1288,185.14
1443,9a4a3f512c793baa94827ed520915acde9eaeca0,0,6,0,3,181,1,0,18,525,221.81
1444,e880c1fe2cbf25be86b7af728797f8b9bc2ccfce,0,3,0,0,11,0,0,6,805,148.61
1445,dac26ea612277cd507b6c4b03e8842231ab900eb,0,1,0,0,0,0,0,0,280,37.26
1446,e4ee10d24f4be6b27cc126c39519be41c591934b,0,10,0,0,52,144,0,31,5120,710.55
1447,2fd862b403a7a9bcd0617b21c4bd151cd00e271d,0,4,0,0,19,53,0,1,3035,418.96
1448,7557b73e90c6e73dc4147f509acd64c0165639fb,0,12,0,6,15,0,0,8,3060,607.18
1449,509d2160d58111072212d0837609f37394059890,1,0,0,0,0,0,0,0,0,33.36
1450,3ada3242b467beb24959fc66866530454f671702,0,1,0,1,13,0,0,9,22,36.71
1451,6351d3c964c4cbe0342edb893f8314c793179afd,1,0,0,0,0,0,0,0,0,22.86
1452,b6282f55080ae1666b2fbf4c55c5e577764a701d,0,2,0,0,33,5,0,56,1778,248.92
1453,a559c1ea4c38b174318acda616239b4187454be2,0,2,0,0,1,0,0,20,325,73.67
1454,d9d30cd98664edd6de3f11c0b186814904aa2c57,0,1,0,0,49,21,0,44,281,72.49
1455,baf6eb43ff88eb63eee534a02a53b7bba880fdb8,0,12,0,8,82,33,0,72,3217,776.83
1456,9bb7a8ae653ea2905e69022698a520c469aed1cb,0,5,0,5,8,3,0,15,620,328.74
1457,4321ef55467b9bc40c8109baeb58b968e626d5ea,0,2,0,0,4,0,0,8,1811,236.9
1458,07d085c2e51600307ce8d03a59d874a6459b92a4,0,1,0,0,0,0,0,0,262,56.78
1459,65b09b7cd569096b4fdc8398b5c3dfdaa29d7948,1,5,0,0,79,7,0,25,3475,525.13
1460,6dddd674cf29e0076fad0da58b6e8c37cf16c750,0,3,0,0,13,18,0,28,3122,521.51
1461,13cd0101404c80d0b722046ecbc9e462d291c275,0,1,0,0,0,0,0,0,186,35.76
1462,234c458727eaa42382dc48b151a37fda9ef6ac51,0,1,0,0,0,0,0,0,186,33.34
1463,8400698734ea492a5699f70be26522fff8c40944,0,1,0,1,0,0,0,0,85,55.46
1464,b64c40daff566cd32c799121e90eede9a9ee13f2,0,1,0,0,0,0,0,0,552,73.18
1465,ea63f24c5de0b743f2fa9f35e858e57941c7a03e,3,4,0,1,25,0,0,25,708,235.92
1466,24ced568ac50d23f2395892ada91378cd730f871,0,1,0,0,0,1,0,0,632,79.67
1467,5215e49df07ffc1c2f12907792ffd81e3c65634a,0,1,0,0,0,0,0,0,262,38.6
1468,8f5e996795df0d9267639aeb819966058d9328e6,0,1,0,0,0,0,0,0,639,79.07
1469,d0890ff453e2bb9c5012c18c2ff91ad4b7926068,0,1,0,0,0,0,0,0,111,23.15
1470,b3db1e976ec1204cf13a937c48e337e68db638b6,2,3,2,2,0,5,0,3,421,183.48
1471,f7b8d9cf7ab65162d453714914a853eec5c6fd67,0,6,0,0,87,81,0,28,4606,672.89
1472,37af9aab2ec5ad7c30bc3250053e2f038676cf43,0,1,0,1,0,4,0,5,186,88.88
1473,25ffbc5f11cf0b281bb30185a0dd61e0d554efa6,0,2,0,0,27,0,0,5,2148,334.16
1474,f4ed3cd699a467198bcf8504aea16ae7789304c6,0,2,0,0,10,0,0,0,1251,169.94
1475,0530905854df104e50439cd18d950e8bc30d27c2,0,3,0,2,11,0,0,1,453,171.66
1476,e30ddb01aacaeb59de3cf9d1daec483f77415d0e,0,3,0,0,16,0,0,31,1257,185.31
1477,92ffa8580c421fab2cc2972c7f48064f893c9b86,0,2,0,0,36,27,0,9,786,145.1
1478,d80de85a69a6aec4c39463e5440ebd1137d15959,0,1,0,1,5,6,0,0,95,61.79
1479,4784ec1b577e95bf1f85dd348e6943f0e710b345,3,18,0,5,113,9,0,8,2910,744.67
1480,5e9f6d1528ef1020d9d982e2a861db74d48e3105,0,2,0,1,2,0,0,1,45,144.87
1481,831afacddf4e7a10da9185b5c973acde287d87a6,0,3,0,0,10,0,0,11,572,118.17
1482,bdc56078d4d19717ae6d2ca4928044acc6bfcb96,0,3,0,1,27,31,0,51,1480,245.12
1483,6e72b3cef3eb0ceb25dc41c451324f70e2eefb03,0,1,0,0,0,0,0,0,269,40.84
1484,7abfcbc22c5fdec6db44f5fd7f191321a88434b9,0,2,0,0,4,0,0,0,2995,402.58
1485,8586a6238a4fbf1acbb4820f6d0391652dc8eeee,4,11,0,4,127,179,0,12,2638,686.51
1486,6d747b7f385c1fddf5b59914a82505719f4831ca,0,7,0,2,456,974,0,137,3688,877.68
1487,34efa17d46ac9e67dbdbb13830c47f3ba26fbd42,0,3,0,0,48,59,0,3,705,172.23
1488,1e70bfbb006cf33b2b6f1ba7922b2e77c530b5b4,0,3,0,0,239,235,0,85,760,202.97
1489,e3d04984389e22bd990b257613050663b9a77098,1,8,0,4,66,18,0,26,2458,670.07
1490,67f2923810576d7df1444164cc291f6df5ebce4b,0,3,0,2,1,7,0,8,190,108.36
1491,f5521ee5a7ecf9b7ebb4bcfda6d363f12b4a5e6c,0,1,0,0,0,0,0,0,29,13.13
1492,6f4e9c71178ecfc8b49e6f70a59e0c2478dfae1b,0,2,0,0,3,3,0,0,719,140.67
1493,9f12e0d0605e06c59f4054be8313a0b507ecba20,0,10,1,0,116,131,0,7,2511,412.69
1494,72ddbced0c8fdc280928cc6a331069cfa8ffc66a,1,0,0,0,0,0,0,0,0,69.61
1495,f0f9240de4e0ba6f2267d1d371eccf88deabe5cc,0,9,0,5,45,37,0,0,1730,393.75
1496,d98956f9cda1d262e02e908eaa5e2520a561a20a,0,3,0,0,12,0,0,0,783,129.14
1497,b89eb144d1552a30c002a28d7204fce65a18bbf3,0,3,0,0,41,45,0,42,1462,233.1
1498,4481fafee4136f5dc49ca1ee16ca25017911baf7,1,17,0,0,192,6,0,21,4268,880.69
1499,3b16358da3fd4c8db6542a8154f30942f75a1d9d,0,2,0,1,72,31,0,47,717,172.8
1500,74066765bb8ca85864f75bde6091f96207f988cf,0,1,0,0,0,0,0,0,728,222.7
1501,84763cdd0a849ba3decf1743879db49874466c2c,0,1,0,1,3,0,0,35,201,123.58
1502,9453a813d0d426c6d6d33f27176cb9caa0c320ce,0,17,0,1,554,576,0,64,6273,1186.88
1503,1d58b8a3bfe6c220ed677ad6b604de3186b52d24,0,2,0,1,9,84,0,3,394,101.53
1504,02cd4a9b019a8b86b4d077e8bec8c69d7579fae5,2,5,0,3,3,56,0,0,1517,321.18
1505,762e374861d0a8e7a0f6710f05890877f34b4b3a,0,2,0,1,26,0,0,8,793,182.69
1506,fb42084ba91d904bda8c6f3618f9b9f2e7feffef,0,2,0,1,0,0,0,0,719,160.91
1507,eecc426f785abf9976ce070d62e603aa6af155bb,0,1,0,0,5,1,0,26,203,44.31
1508,5581a249e89d7fe614a2f1a4496e58004226a323,0,1,0,1,53,8,0,18,563,211.56
1509,009f46173828bdeaf587533a8a09d1f689198b62,0,8,0,2,25,9,0,25,3739,635.96
1510,191a334487032358caa2b8b447da2696d7a7d8d8,1,0,1,0,0,0,0,0,0,53.01
1511,5b600805b56037d327b7fb53a712f2084d71951e,0,6,0,0,73,2,0,12,3497,525.33
1512,51455471542c372563f24b0099a5a340dfedf96a,0,2,0,1,0,0,0,0,353,86.44
1513,eab3e07e39e5ef5e14db8a77f71a2741dd261ca4,0,1,0,0,0,0,0,0,115,22.48
1514,96f8cbe9e22637b075a725da91aeee43ca9d4d5c,0,7,0,2,0,24,0,0,1974,385.44
1515,e532293310472bc474771d3f5f8c53113eaf4bcb,0,1,0,0,0,0,0,0,793,103.67
1516,46c53f14607363b07ade6246e6612171d57dea9b,0,2,0,0,11,5,0,6,440,86.67
1517,2dfce22970d9e762a86cf2a2df0861e3d6b26848,0,1,0,0,0,0,0,0,101,34.99
1518,467a0e726ddaf115ab9eff3ef58fc7da14ba4d05,0,6,0,1,18,29,0,14,2253,383.54
1519,3a6705b08b2a1b3e1fb2f9f9e23c6eebb85a03bc,0,1,0,0,0,0,0,0,115,24.15
1520,a3856ca9457b0a4a2b0e5f2504b2b0332cbf0e51,0,6,0,2,17,24,0,10,2343,602.21
1521,4f0d6bc6bec400e148bdf1f15c363e10a3174eb1,0,3,0,0,0,0,0,0,851,117.05
1522,14d8fb2ab728e35696088eb663c27feb0867ee73,0,2,0,0,15,11,0,15,1548,221.42
1523,ffedf2c58efcc50debfcd8c7b4700f5b0f90e818,0,25,0,18,48,12,0,2,2828,921.87
1524,af3bf8cad03d83404ad1e9b120899dd588689287,0,2,0,1,0,0,0,0,124,58.32
1525,a46c74894f20e8fb727c0545f645591fbde99559,0,3,0,0,1,1,0,12,872,132.1
1526,17da1d0369a69a73325e3ddc6aa9e131a3a890b3,0,3,0,2,9,3,0,3,160,87.68
1527,0f3c62e19b6ee6e898929434a984984a1275d2b0,0,5,0,0,12,0,0,0,1294,204.99
1528,a85ee11f3bfdeb8d055fc2c772e299d79219876a,0,1,0,0,7,1,0,4,65,27.68
1529,2ecdd83e0d2e42a1d08465d33a3b82bb159ab3e7,0,1,0,1,0,0,0,0,11,23.49
1530,d988546130cdfbf4c0abd0d81a6168fa6631e4f1,0,1,0,0,6,0,0,0,64,25.09
1531,4163b90a87707ef836de9cc08bc06aed8282932a,0,1,0,0,1,0,0,0,404,65.78
1532,b05d9ac93762de5cbb4716736b25718cc074a57a,0,1,0,0,3,0,0,1,21,21.16
1533,d4e9b8f4d9c7708f4877624bf22c2f111a0eaeea,0,1,0,0,2,3,0,15,70,27.25
1534,1339f395d65202e32ea3ac524df507f62e355633,0,6,0,2,30,14,0,21,1356,273.66
1535,10a84f3b886871c5a3a3a2b074a8bbffd1ea1602,0,5,0,1,7,25,0,9,2176,333.3
1536,823cfeac9c08e87c181890259e4b9f6d263231ec,1,15,0,4,97,200,0,91,3296,816.96
1537,7faaf57d1bd67a244a9b9b4c765c9f845fb681f0,0,4,0,0,19,6,0,41,2529,392.67
1538,5affba71710ec7e2dd84c96e468ca98efb6b0e2b,0,1,0,1,3,0,0,0,144,94.13
1539,f4ac670a42adbe42183a07d6cb486d39fbb4eac3,2,3,0,0,38,24,0,5,271,185.24
1540,8032206236b3045526217933cdb76a904888fac0,0,1,0,0,0,8,0,0,82,129.19
1541,d3a8c97ad8c3812c67411daad7b5baeb009c8a92,0,1,0,0,8,0,0,1,82,51.33
1542,4d252750408a819fc0a15bcc273b4797c6d13615,0,1,0,0,2,0,0,2,90,31.32
1543,08fad6672e7d1b9e750b55fc4a042ab4407e9133,0,1,0,0,6,2,0,3,42,25.71
1544,7ce5812dfe569eeb725ae29f7708f0e2068eae8e,0,1,0,1,0,1,0,7,42,38.86
1545,69d1258e12a2da4f47435522c8ac6bf06320b1d4,0,2,0,1,9,0,0,6,69,57.42
1546,dd39498ce4635dd02beed52d072f12081bd4e82d,0,1,0,0,124,45,0,33,400,101.72
1547,3161a555e1e898786041b84b98f0c45630b7c78e,0,2,0,0,7,0,0,0,895,144.57
1548,8ff999cf9a85a1d5cf99411615622ec22521a3c9,0,5,0,1,43,9,0,13,1876,305.56
1549,b70e4b83c1f0b86cdfb054b5fe000a266b2eb2a6,0,4,0,1,15,4,0,5,763,201.69
1550,fdecc9dd9b1f7c4d54e6bc6be0af0ab439ffb0eb,0,1,0,0,1,0,0,2,562,84.47
1551,03873bbe19d2bd46b86ddb852bc1870c684be0ef,0,4,0,2,0,0,0,0,292,88.6
1552,ea1268b468128051af678c49a6d6e38277e7cada,0,2,0,0,3,1,0,2,305,56.91
1553,83802d7f1722ad83251390ffc91ce888d2717b21,0,3,0,1,15,9,0,7,478,138.0
1554,77dc443fc1409e29a35bc5df45eb9915e30c105a,0,1,0,0,0,0,0,0,353,47.96
1555,a246cbbd6ce8111f691eeeb5b78f58ad12d42096,0,1,0,0,0,0,0,0,353,48.36
1556,83470f981a0c2f16658368690276d82e0af3594f,0,3,0,0,14,0,0,0,569,97.81
1557,fc72345b47c31ddd5de2c8c5d83839b52ed64cf8,0,1,0,0,29,3,0,24,416,83.14
1558,66a4faa7b0887e624a008c0b0f317dba76aa1e37,0,5,0,0,12,0,0,30,1352,247.62
1559,1ef046250f2b384275e5fd5279b41f9487084fc8,1,2,0,1,39,9,0,4,494,180.13
1560,38641ec1966f7a17408cdb4103b5dff90bdc85cd,0,5,0,3,63,19,0,52,822,390.42
1561,3745672d942e4171ec842fc36874a4a681e4ff61,0,3,0,0,0,0,0,0,1086,154.48
1562,1e14da3d786e32557f6acb56dcf946dc726271e4,0,3,0,0,43,0,0,0,2803,405.71
1563,a6afa7b49f3c8a1ede0d715d35a7cba2988cd000,0,2,0,1,13,0,0,1,195,73.84
1564,58423039df82346f4ab0a94dfb4ded1195df1dd9,0,2,0,0,1,0,0,0,122,34.84
1565,8570a6af0956d678f8e717cbf6cb034af7d1797e,0,3,0,1,7,0,0,8,295,129.85
1566,c4d59d99dd38e0cc5298c66e6ceb96dcee8bc6a5,0,3,0,0,5,1,0,8,726,128.35
1567,ff2d19229f5823f3a1ce0e92bf4eaaf90d4e0a7b,0,7,0,0,39,20,0,28,1734,311.64
1568,449fd9aa9454f76e9156afb2255f19a5ed31b3ab,0,12,0,9,0,1,0,0,2664,641.72
1569,d46e5634a3bca248e00b4f44e5216cd6607c5a52,0,13,0,5,65,7,0,14,5513,1108.88
1570,9b166c9e33d1f248633b5c6488b5444fb681edf7,0,3,0,1,1,0,0,0,138,54.96
1571,b7f3cfbf0518aa10976e0d84bcc3004d3c852136,0,2,0,0,14,5,0,3,206,55.17
1572,52bbd22187572bb3aae8deb7e38471dc08040988,0,6,0,0,72,14,0,6,1360,229.96
1573,9d3bb109db6e8376b3bd47ca305c0e723ed06b39,0,1,0,0,2,0,0,4,88,21.86
1574,c80154014b6dc0ba53f2db92b3f5d4ba41cafcad,0,1,0,0,0,0,0,0,0,9.87
1575,fb3e4766d22ab21032c7534542d9f5c83f527b62,0,3,0,2,4,0,0,11,584,158.36
1576,50430b219c22249b5477e8669cc4f249097665cf,0,1,0,0,0,0,0,0,449,60.47
1577,fc32ccdb2bdac0964a39cca1f431a6096414fff1,0,1,0,0,0,0,0,0,54,17.58
1578,d405dbeca647b4046cf09be0b3ec14c5e3c3912b,0,1,0,0,3,0,0,0,23,17.29
1579,e695ef3cd02b8d6e3caaeb5c7b966d09da254eef,0,3,0,2,18,0,0,14,360,187.55
1580,c189e8e967be2f064374bc1c55cc24606fbc14a7,0,1,0,0,2,0,0,0,542,192.25
1581,25ae7a7b20024556d7a611911f726895758c3387,0,5,0,0,7,0,0,10,867,154.67
1582,0fcd520eb32cf335de8b407e1f7e5892de17df8a,0,1,0,0,4,0,0,10,55,25.6
1583,b15d5425b9ca5ee1ed3de747838f49b811a0b154,0,2,0,1,8,4,0,10,627,132.87
1584,3d75d323e52d4088c8ff987380b1d7f1d89397e3,0,1,0,1,0,1,0,0,101,51.97
1585,da3cc25adb3e0f4df6415f72ae1bc7e0a37d9147,0,1,0,0,0,3,0,0,98,19.89
1586,bcaa2dea492cc3811d04ee0f37c6f73aa490b6e8,0,1,0,0,3,0,0,14,548,96.95
1587,a5a00687ef4328f99f1a2031193e6ff3d820ab09,0,2,0,0,11,8,0,35,349,66.46
1588,954efa6e766a96ea23fc0c5ab2fe1eb19da72159,0,6,0,2,21,20,0,1,577,141.9
1589,ef94177cd9ea8d0dd2d5af5b7f8996d27a105ee5,0,1,0,0,0,3,0,1,31,19.06
1590,349b7a74c84a7a273e0fbca304fffa7dfe24f58d,0,0,1,0,0,0,0,0,0,9.67
1591,509beae1e2d9a01e952f9eaf0c4a88037076fc63,1,3,0,0,24,10,0,48,1333,222.83
1592,dcbcd4f2d43580f810a8bfc878ce57f2b3389ce5,0,2,0,0,13,0,0,6,788,113.04
1593,0f27ee880ca97eb4886766ac52d5d602c70b16ec,0,4,0,1,89,1,0,19,809,179.07
1594,63ba21eca557ac66937a5cb739b8b64ac1057a36,0,1,0,0,16,3,0,13,1215,170.14
1595,cd9a0cb47314eafa208c1e2d6dd653c0a64b41c8,0,1,0,0,48,0,0,0,491,155.03
1596,113d533ad7b6ee28f94d15a7d8a434e254b85761,0,16,0,2,104,12,0,69,3989,644.27
1597,1b5666c84bb224760913780125b1922bdb7970a5,0,2,0,1,3,4,0,14,123,61.83
1598,d4d7ceef684b359fcd93f64892747c9c298dfce5,0,1,0,0,1,0,0,4,363,54.16
1599,b825581bc41688300fb3c6ac02a2b9ea798dc74b,0,2,0,0,16,0,0,13,168,70.34
1600,368e9c4d19dd0152ab3f8babfcabf6b6d31bb150,0,1,0,0,72,36,0,7,320,192.22
1601,90420894be188e0580feffbef8445744f1e21307,0,1,0,0,2,1,0,3,82,66.16
1602,5200b277800eaa3dec739ebc9df4691a421b1798,0,1,0,0,25,1,0,7,792,121.67
1603,f36d48b04546ec7c4cdfa6b67a2ea02906285d05,2,10,0,0,120,5,0,45,1962,405.91
1604,402b33140d3e4ae3ec67a54f896046f6e51864ff,1,3,0,0,19,1,0,6,1595,249.61
1605,5deb69715c9ceb5feb8b2054e7d13f0948ba3fc0,1,5,0,2,37,1,0,7,3346,539.05
1606,1d6743ae7fa03b6b2f95d75d3d7ef7848a9b41e6,0,4,0,0,9,0,0,14,1663,238.35
1607,a574082d85f5d2ec2d4707d237e83470de7718a0,0,2,0,0,6,0,0,8,261,56.84
1608,d92252312c9c42b598d3e79fb805912e9e061e43,1,2,0,0,48,0,0,4,1389,221.23
1609,a702d2253cc3e25d002b337d5a5390208d28d361,0,1,0,0,0,5,0,0,272,45.01
1610,3846a9c7e4a15c0836407626e7101ccf7d8be3a7,1,1,0,0,25,1,0,10,663,119.15
1611,97f797675512d3ac13df72c1d366c5fcead13efc,1,10,0,0,170,16,0,21,6491,1090.15
1612,f9fda11ec057f27b8406384b9ef617eca6f21048,0,3,0,0,66,29,0,5,826,151.93
1613,3c1c948f45fefb2f6dcb14efdf9cc76ddac85d6d,0,6,0,2,37,8,0,15,976,299.37
1614,3523b66eece09f9a68c3b340c09ad831b413e1fb,1,11,0,0,156,29,0,38,3774,656.71
1615,ddbc879f93b4b79dc0942a2c5d0ad0b5d8e1fd53,0,1,0,1,0,0,0,0,279,129.92
1616,6ed722529007866fd89f6d996b8be5f4129c27a5,0,1,0,1,11,0,0,2,40,52.61
1617,d2cdee5141f4fb8ecd2912f3b7efa5aeacba3048,1,4,0,1,85,5,0,16,804,221.07
1618,0944bd9fb07621a1bd69db9850caa6e74e11a28f,1,12,0,2,92,6,0,85,3847,706.38
1619,7b4eb5b5054a4b74d7f5dd9b668d40f2b09efeeb,0,8,0,1,11,12,0,5,3603,494.37
1620,022f70b7220fdd791fcb5eef23ac69852156201a,0,1,0,0,4,0,0,1,690,222.34
1621,8f3c1a5bc46687e24c2359d6f2891cb630edfd3b,0,3,0,0,11,0,0,15,468,85.67
1622,5abb3867c04b2b5cece0bebe386bb4de5f140ebe,0,2,0,0,13,0,0,29,1466,220.53
1623,f14f3b216ce7ce39d9262686fe16e2bd2717bff3,0,1,0,0,5,1,0,5,693,103.42
1624,590ada408ab5a89a42e07a7d2d0363306a2ee2cd,0,7,0,2,22,0,0,6,2600,414.02
1625,ff7b723c5793a13180cdb6d25f5036778e76272b,0,1,0,0,0,0,0,0,1159,155.17
1626,2fbceee8005f8cd9b52a69f16271b73a8d9e7118,0,1,0,0,0,0,0,0,598,76.43
1627,a2de4f359a502e8f849dc5afbc5b9fe9c2b0243d,4,6,0,3,93,8,0,11,372,246.42
1628,18a78fef4da88584abdb7493c6d1bbcc993ca77a,0,2,0,0,31,12,0,14,91,46.71
1629,b77e6f43191064da95276ce799a27782d620e10c,0,1,0,0,2,0,0,0,105,25.44
1630,1351769c16b5c2f7010105a13ee8a9063ba1bebb,0,3,0,0,4,15,0,17,533,102.63
1631,34db492b4627298cde804a565f076ce1bb3fa2c6,0,5,0,0,91,20,0,71,1039,229.65
1632,f0e0f6c8a79080ae68d43db91f695a6f27f25b36,0,1,0,0,2,1,0,0,456,68.35
1633,10b67e001ab6a1f16d266bd03feb60f0d6bcb495,0,1,0,0,0,0,0,0,74,17.9
1634,03b45ecae925f2ea45dbb4eca090f47ac1a9fabc,0,3,0,0,32,5,0,2,778,154.3
1635,9b91fe211387219c4f2d7ea39c3e0744dd35e113,2,9,1,1,839,895,0,2,551,516.15
1636,e5f4703ca44d2499c73e1068352512652a98d77c,1,0,0,0,0,0,0,0,0,25.93
1637,92e0f47b8bfd6700c95d90859fab89f04dfe4885,0,1,0,0,0,1,0,5,44,18.87
1638,44eab92141c9e984da26bbad393a5ae03f149a7f,0,1,0,0,0,0,0,0,586,93.24
1639,70091702c577bc80f84f3f101a9135c0416d4ca8,0,2,0,0,263,47,0,48,362,136.85
1640,2937265741afe1fea533b86b6706915905256e7a,0,1,0,0,18,0,0,8,696,209.03
1641,ed119ae20dc873c5cf3bdc3bde2236f1d1d01f62,0,1,0,0,4,1,0,16,73,51.19
1642,7b1950ac755eee68930292469b403d9140b1d12b,0,2,0,0,42,0,0,12,907,174.69
1643,d4b41f0940acbfd6e16f6193fce29d23b1906aa6,0,1,0,0,0,0,0,0,378,59.13
1644,5f2c693b59c87c11ec8356dc434a6a789a7495de,0,5,0,1,16,3,0,20,1657,271.16
1645,7975f85146144eeb1fedbf2c2b918a2c26987c73,0,13,0,0,2,27,0,4,1520,307.56
1646,6fd4989c82deeb9af063a96b114a22d756b41a90,0,1,0,0,0,0,0,0,174,29.59
1647,ce7567c23bf357a2ab98a6f11bd112f36f8177ba,0,1,0,0,0,0,0,0,42,15.37
1648,ea5395d62b7e7b34cc95678c3c9bc0cd2ee55404,0,4,0,0,74,16,0,18,1257,224.01
1649,4a4df61776e9ce20f97a07f56040f44128fa6080,0,4,1,0,201,73,0,14,913,217.87
1650,160395c9f793dfa6458bde8bbb2973986e2fa3ff,0,1,0,0,2,0,0,2,601,84.69
1651,a68b2c6645aa92988c7d4feed3119a385be4f519,0,1,0,1,3,0,0,3,43,36.67
1652,4dce2b26bfb8b47d7761dfe87bb79c79f7ebda87,2,2,0,0,23,10,0,13,1034,179.06
1653,43f81f19433254b7808665ea302eac90e69db82f,0,6,0,0,131,67,0,35,1982,349.98
1654,022a7372d02d59ec254b6671becbdef30d4f6d3d,2,0,0,0,0,0,0,0,0,61.03
1655,50d58edca07adebba4f61794eb1b8a31a90b2d32,1,2,0,1,4,0,0,0,278,120.28
1656,934f1e7a41c2c9853f5c855b76c01dd87451079c,0,1,0,0,0,0,0,0,174,28.55
1657,2640b277cc5784c3ab8ad3d7d53538d77feeae7a,0,1,0,0,0,7,0,2,60,20.13
1658,0cb9652dd1da7eecf8584c1806a122391f8ad3ed,2,3,0,0,49,0,0,23,1130,232.83
1659,07ec5bff7b49a97adfab3f782d46b00e453b7527,0,1,0,0,40,8,0,25,356,72.81
1660,fb4b83d41c489039607d83956f8ea74b51c3d663,0,1,0,0,8,1,0,37,602,209.06
1661,3faee0a292ba34751a472320b1d281915b379332,0,3,0,0,0,1,0,1,469,79.6
1662,46ab08420872dd72a7e1f5c261eadad458bfc357,0,1,0,0,0,0,0,0,405,55.85
1663,7e394dcb87bd48ba7756190d9194054e73a4eefb,1,9,0,1,81,29,0,37,2817,551.34
1664,66ca4976a8ab305947536135f19d9932c7070d1e,2,5,0,1,19,3,0,12,1817,320.16
1665,9f9de3410b15cabb345371ef60a1b85221b0bec9,0,1,0,0,0,0,0,0,396,51.85
1666,42a8477e40ee1ce0ac4284c4c822aff2d59ac3b5,0,15,0,2,55,0,0,0,3879,601.19
1667,7dc112823e1d75e9360e96389d775eae585f8e2d,0,1,0,0,0,0,0,0,1177,149.49
1668,6a5a5127733a578106b34d738e1c308226f7d41d,0,2,0,0,7,3,0,1,422,69.69
1669,e4e423bd83d1c9c32f1fcb02a05d1117d713b283,0,39,0,6,169,108,0,67,8198,1375.67
1670,6b7055eb24a5f7dfc2c5fb3292bf97370ce1cd82,0,10,0,2,90,1,0,65,941,290.63
1671,65979de1fb81b2b1da979a5a716f1784648289b3,3,1,1,0,0,0,0,0,445,272.72
1672,63c68273767caa73fe3a39dc89b37a193b9ee367,0,1,0,0,2,0,0,2,60,21.69
1673,13f7d93b563c3aa4b92e7b92ae1d18c7287298bb,0,4,0,1,87,0,0,0,1680,434.35
1674,4bf998de8ebb98da93cd478d195922a09f6ef0fc,1,0,0,0,0,0,0,0,0,20.98
1675,6881c2fac038071de37a09e2287a0ac8d88770f0,0,3,0,0,65,2,0,10,925,160.53
1676,6e80c35a98eb77c310b1a84b5c0d604f298331d5,0,1,0,0,3,0,0,1,694,115.96
1677,433f7a3ff6d7e18b44202cc950478cfac49daae0,0,1,0,0,2,0,0,0,122,24.44
1678,72d855549aacde2be3973221c9ec190b74fff1bc,0,5,0,0,1,3,0,3,2088,298.44
1679,09e1e1820a2187c2c99158ec47da0bfb16b5b8ff,0,4,0,0,2,1,0,4,2583,345.48
1680,443340e181d01e6b300c6c9b5c13494de1e14fc6,0,1,0,0,1,0,0,1,35,122.13
1681,d8c6ed3be515198920394e48f01d643bccec6bf2,1,0,0,0,0,0,0,0,0,49.35
1682,ba3056bb2d95be6791dc7dd1f7f23caecd36d2b4,0,2,0,0,3,0,0,3,980,133.36
1683,aa7b54a702a47d0d2b76e90ac438299cabe5b69f,0,1,0,1,0,0,0,0,27,30.2
1684,3f8eb6e0edec1b21a9c4025729d2bd6bdff90246,0,2,0,0,1,102,0,6,122,36.32
1685,a7b528a712c6c13d2b69e3b0b9da7e46dffc56d8,0,3,0,0,12,2,0,7,350,91.98
1686,899b7093d68a634196ae2b44bb1f4f2286852ca0,0,3,0,0,62,0,0,30,1832,298.48
1687,ea6311a33c831712e10b79a7482e113b4eca184d,0,1,0,0,2,0,0,3,13,19.01
1688,88d2b70c85352fc7ec07c4618f359267629ec92e,0,12,0,1,17,182,0,24,4087,636.3
1689,272806891a2c234698f5f25e9aad0ae38ccab39a,0,1,0,0,0,1,0,0,102,22.2
1690,9b45d9996f8180fc105382de80ad9a08f6e5c1ec,0,1,0,0,1,0,0,0,46,18.73
1691,612c28ea2ee6638fd9bf129b66b2ec85d19ab0d7,6,3,0,1,7,3,0,0,111,164.22
1692,a7dc9f982f2ac2bc2e1c87508167089919cc2729,0,1,0,0,9,0,0,15,1232,189.22
1693,2149277bf3669e9bffbaa05db1d6f5ceff6c0a07,0,4,0,0,31,1,0,2,1502,218.42
1694,1649ad11744493c66957b8c5c398ec330b105ac6,0,1,0,0,0,0,0,0,221,49.54
1695,4b5dcb3b317c67afe6e79f337861508d7b88bf7f,0,1,0,1,0,0,0,0,50,38.06
1696,eb3beb9c2478fcf84bde458c88590d85eff20539,2,0,0,0,0,0,0,0,0,36.53
1697,c3d25923a2082a000ca94f53a77e3719fde2991a,0,6,0,1,71,1,0,44,1044,220.34
1698,8b8d6b9b504ab6ec03636cb0eb4f628e55f0aa4e,0,2,0,0,2,1,0,7,966,181.42
1699,2778fced7580043d58116f83badc8629b290505f,0,1,0,0,5,0,0,0,102,35.8
1700,8b693bf547bc055a83de6aa0f239f481961173a1,0,1,0,0,3,0,0,5,701,208.13
1701,8ab928b4b3a009756844f765b9a9a4a7b018b6f0,0,1,0,0,0,1,0,19,1240,156.53
1702,dd3195ca408f1767464dc7fadba882683e65ba0d,0,1,0,0,3,1,0,2,703,135.03
1703,826fbd99ffa54adbaced59e788da6f7d506e9884,0,19,0,4,139,0,0,8,3793,753.37
1704,621b7d0ed255dc0c208ee87eff2a365f860dc613,0,1,0,0,0,0,0,0,423,58.03
1705,6ce5b63952e54f2957cdcc2604374032901694e8,0,2,0,0,0,1,0,0,679,91.99
1706,2149ccd6d85477ceda7e2cefaea813690b3bfd6d,0,1,0,0,0,0,0,0,706,89.6
1707,8f35221a02572507f22ccfabeba71a38d5df40d4,0,1,0,0,0,0,0,0,90,32.86
1708,1955d5dfe457b7cf9943f3ed30077c190336e1e2,0,2,0,0,34,1,0,37,1413,201.39
1709,fc59f7d77c87bccc107f3fa69d24ca12c73c231e,1,2,0,0,84,67,0,13,949,215.42
1710,2122dafaa41461ccd5a2e0237eb8f676618aa31c,0,2,0,0,1,0,0,2,833,110.61
1711,abd53c354d4f9a478ced3621956cb22afe66f6fa,0,2,0,0,4,0,0,6,924,140.84
1712,1eb39242c49c9a6675a71160a694ac896672bdeb,0,1,0,0,11,0,0,31,1265,183.97
1713,5593052365198b6fbc0f78b9db2893fd4a0852c9,0,1,0,0,3,0,0,6,431,69.28
1714,ab1969fb3603fa32f0aefd33324681afbde73f36,0,2,0,0,0,0,0,0,1710,218.24
1715,138d566b8a9e35aa7ecc63ad079f02b60044a83f,0,2,0,0,0,0,0,0,1710,223.56
1716,bf20fa51e5670f11651a46b50c97a010445d7b9e,0,2,0,0,0,0,0,0,1710,212.78
1717,00c0dec88bcdb52d9abc5939d1ac78a4b2a69d9d,0,2,0,0,11,0,0,11,1381,204.34
1718,fe2e720318bd02a6feaa0cd52079f6f6c50f0da9,0,6,0,0,161,29,0,122,2870,471.78
1719,1da8a78ff9429687f0da6c7a463cbd083aa43479,0,1,0,0,1,0,0,1,423,79.1
1720,b7a9bdf0b405a9f2acffe13d3976000d30ed50cb,0,1,0,0,0,4,0,0,722,208.8
1721,be91a5326f6a289ae9d34437a63c8ba8434fe2b2,0,1,0,0,0,0,0,0,1439,216.18
1722,5441eaa83dcbfb3270c747737ee21fae84d627ba,0,6,0,1,15,11,0,29,1916,424.21
1723,d60262f2a97656ab404b83463a6ef023f5dcb916,0,1,0,0,0,0,0,0,424,58.96
1724,c83a86ec85dad0ff3fe9dcfb402f3272b0d6393a,0,2,0,0,11,6,0,5,694,127.06
1725,564b9d08c0b2cac2773090d81bcb3e3bc24b048d,0,0,0,0,0,0,0,0,0,39.8
1726,8d5248d3d95f80c27cd51c178f5514f4d292f0b5,0,1,0,0,0,0,0,0,435,62.98
1727,a5ce594797eb28b7dddd3af0a9b7e6e8a4301017,0,2,0,0,39,64,0,18,890,182.96
1728,4094cd6ad899cb713ff05bb8f4caf2936f2f8a4e,0,1,0,0,1,0,0,6,89,27.54
1729,ea3c445e2d73b2abcfb29f0e09c379551f86ee8f,0,1,0,0,0,0,0,0,727,93.68
1730,23c9501783899c2e414d302ed1815cfc3015ba79,0,2,0,0,57,0,0,5,314,87.08
1731,325f3cbdfd61bf0c98664a11abef74bb33c1c5df,0,0,1,0,0,0,0,0,0,8.79
1732,afac14fcf052219063b338b18db936bd69f22233,0,1,0,0,3,0,0,2,762,135.25
1733,504eeec96e9a9cdc137f7b50ff16d2c11e59a1a9,0,3,0,2,42,3,0,35,273,162.8
1734,ceaf3ee3d7a0fb30862b227fa5985dc81f8716c1,0,2,0,0,31,1,0,16,1622,241.31
1735,05406e9e424f97f525e1dceca31151d4afd56fcc,0,1,0,0,0,0,0,4,215,37.15
1736,1b7b7a935a4460cdb409b6d2c0a3725f575fcacf,0,1,0,1,0,0,0,0,37,31.23
1737,6c2dd8e749fa0471fdda47b45239f7861ac014e9,0,5,0,1,25,4,0,21,550,149.48
1738,c0c723f660047036027163e6b8510bb0e985a0a8,0,6,0,0,67,33,0,21,1300,272.54
1739,36be388220f11810ac5bb6ce2e40ee98f3e8cf32,0,2,0,0,1,0,0,1,821,122.49
1740,499a74cb8de5be5121c24ef202dac74f12d65e3e,0,1,0,0,0,0,0,0,306,214.52
1741,e6e0eea777aef5e2025de559ccec7b06d9870bb0,0,2,0,0,1,1,0,0,1585,222.88
1742,c74c0975730075fdc9d61f49424414a37c8bdfb3,0,6,0,0,81,44,0,13,4139,619.34
1743,1842a1ee8573b356e4140bf7b47a7102461aacd1,0,8,0,6,187,61,0,144,3431,815.3
1744,39330cff754d9b088523703409698ec2b180df79,0,4,0,0,8,1,0,2,549,105.71
1745,0957e3867abfd0a917703269e0d5124ce7e1bdb0,0,1,0,0,3,0,0,1,285,50.69
1746,605ebb05ec99c26013f29043bc65057d649a7544,0,1,0,0,2,0,0,2,748,120.48
1747,96e37125bacd7dd01df6152f26612b9749409246,0,7,0,3,113,30,0,31,949,256.39
1748,f84ff410bd2a05e692803e6945846aaeb83eeaa8,0,2,0,0,15,0,0,23,707,116.84
1749,8c73db0ebd891ee23f145e4eba83e4de43609c0f,0,1,0,0,0,0,0,0,250,64.17
1750,38a5d8cfd65da5c6fd5bab894aac37818464dfbe,2,0,0,0,0,0,0,0,0,46.1
1751,a59bd1030b7a24fb2f75554504b2238434905fb2,0,0,0,0,0,0,0,0,0,5.36
1752,53914b693e3920a9d50d2f812cb980adf6bf0830,0,1,0,0,0,0,0,0,121,23.51
1753,8f67476c533a9d06f3f9e3d53d0618a8e525b42d,0,3,0,0,90,38,0,11,1509,229.87
1754,bc8d7005b1d6608be451844237fe35d6546fd27d,0,3,0,0,9,0,0,16,644,119.2
1755,15ef67afe513118c56f3dd852c9c03b70f1e3959,0,1,0,0,230,90,0,29,124,96.09
1756,8450cc672153626290093083784620a9f6d3c35b,0,1,0,0,5,0,0,0,136,34.98
1757,94cc5237b0576d9f36f51b7142ef913cc032d9bc,0,1,0,0,1,0,0,8,63,26.99
1758,bfe27f5764b6a9b1b23599e140b6c699bba572ed,0,1,0,0,2,0,0,3,56,26.24
1759,1758553f45e4a38e493f0cb5dee37e483c33905a,0,1,0,0,5,0,0,2,750,109.94
1760,1056d94820d9fd3b7e79595164304451090167b5,0,1,0,0,0,0,0,0,354,158.37
1761,356975ff57e7dc7d1de94bd2afdb6a6369fafc30,0,2,0,0,9,4,0,10,2095,300.89
1762,221e8a807ebaddf390c36a61ff8c099cb25f62a1,0,24,0,0,4,0,0,1,992,253.15
1763,384f4c93dd5674a569d5de694d86ddb7bd9f58f3,0,1,0,0,2,0,0,1,755,112.66
1764,b99c65fa13cce2f149082f43c9cf79a2d3eac653,0,1,0,1,3,0,0,0,50,41.8
1765,b7ece04e0f199af1fde3c1ea347f8244a46bc406,0,1,0,0,4,0,0,4,115,31.87
1766,e89bfb07f3f4143ef1d7e3f3ed07877d9cdd763f,1,5,0,1,26,0,0,4,2002,320.27
1767,857d41472f3c4e5df20ad2f389f847cc57100d9f,0,2,0,0,23,1,0,15,466,117.55
1768,7a678034af96b09ee9035bd40c17e4c9315bbddc,0,2,0,0,9,0,0,11,1972,275.94
1769,f64db932fd2ebf5329294083aa4d5745f59a5f44,1,1,0,0,1,0,0,0,1463,240.5
1770,19008eda3788f99b0a56c750d07239faa23fc52f,0,1,0,0,2,1,0,0,36,19.33
1771,efa5448aa3dd8afae7d1c5f3eb8798befb247e41,0,2,0,0,44,0,0,22,371,92.96
1772,883cb4bcbfec29af3fd24f0bda20983c4970dfde,0,2,0,0,0,44,0,18,371,75.07
1773,0d31ac5f37a2e8866884bb216a3485eea652a822,1,5,0,0,120,6,0,64,892,255.83
1774,8d04c2b297d824093b7bdf6cb82ef20b2c0ae334,0,2,0,0,3,1,0,6,1050,166.29
1775,2e44b84e73de16b8450499b6c99d0bc9a4b62bd5,0,1,0,0,2,0,0,0,168,34.84
1776,ff21baac6086de04cd6c1d1f1408f94b5eb86466,0,1,0,0,0,0,0,0,515,73.23
1777,fb52f98a0111c84a61b4af08a16fb18a20537cb8,1,1,0,0,36,0,0,0,467,175.23
1778,2267af90c9ec3ba867adbf926251f35583649faa,1,0,0,0,0,0,0,0,0,22.48
1779,dab4c397611ba77ce347b769fa91f68fb73e93aa,0,1,0,0,9,0,0,32,1464,191.27
1780,d09a8b5cecc15ad8b19d68ce1a2f40a4d20b3703,0,4,0,0,52,2,0,21,1952,501.93
1781,c8529f0cab8ae44fecbf8b3bb12ba60d28dcc899,0,1,0,0,1,0,0,0,769,118.53
1782,9b0a00401714426057caa47bf92d46ad7a5411f5,0,1,0,0,76,38,0,4,99,49.99
1783,6b30bf2a097e71e11d07649b4ed9f6034d283149,0,2,0,0,40,0,0,9,3274,455.28
1784,3a4f0f3bf189cd6c07ae4796313b8c87c9d9fa9a,0,1,0,0,2,0,0,5,121,37.45
1785,1aa394d882cf48df3e6551257eafcb778f2e62b0,2,1,0,0,0,0,0,0,250,92.08
1786,e8f33fc4ccff6f80d5f8ab11ad117d98ee9abfc6,3,4,0,4,48,0,0,3,152,195.5
1787,f0e8ab83fd32e113be0a026fb4889bdad93ea057,0,1,0,0,3,0,0,0,1476,197.99
1788,1cd8c4ae720198b40947ff70900a2d3d1c40905b,0,2,0,0,19,1,0,36,911,179.5
1789,b8482c13fa5de295e46607712cfa09e5b1169d46,0,1,0,0,9,0,0,0,25,25.37
1790,1ae03f81b98b1530acf1ddba8a8203c2cf771631,0,1,0,0,0,0,0,0,286,50.29
1791,e0dbeec47f271697b5333c99957e1291c3642f43,2,3,0,0,50,3,0,9,1457,338.03
1792,c479f0a984e98a2e07205283b11e7390be603964,0,3,0,0,6,0,0,10,1594,238.59
1793,ba3426321abc327246dd869243eb54de98ba05c4,5,8,0,2,51,0,0,19,3329,787.76
1794,d02659378e8333a74fe320c38553d6815d85bbb9,1,3,0,0,15,1,0,20,1839,276.53
1795,614f8f665f032f9a6e6783150281876d840e9bba,0,1,0,0,6,8,0,0,26,19.12
1796,e692a54414d42a432afd193131b0a444d48f8e8c,0,10,0,1,99,68,0,3,2539,450.37
1797,12fe439b8b77629b1fe1ceb652578f29c62a8a32,0,0,1,0,0,0,0,0,0,6.66
1798,5311df528e2a6cd4a521c83560a908d3eb006890,0,1,0,0,2,0,0,0,123,31.07
1799,6e5f3c70249268f65d232dee0c1d1d2e0106e225,0,1,0,0,20,0,0,11,178,42.84
1800,501afa4ffb8429fa3725f3e7ed5b765e6654a9f1,0,1,0,0,3,8,0,10,845,274.96
1801,94ca0f49fe1080c1e6de2d77440f1007d64e2a2f,0,1,0,0,8,3,0,13,845,135.28
1802,a5057da6cf54d1982f1d97da8eda78e73f5c6187,0,2,0,0,10,0,0,0,767,125.13
1803,0b1af71c7453f8ef57014e9de9a87ec8490ec6a9,0,1,0,0,2,0,0,3,32,37.61
1804,dc5e50b07be678ac49550a0397372ed3e8ca64e3,0,1,0,0,0,0,0,0,245,39.31
1805,44be5806f3d560cc5c3063d420e89645654d2d65,0,1,0,0,0,1,0,0,600,88.24
1806,8607a22a7b5367d653dc321afca36d8348b9f8ee,0,1,0,0,2,0,0,8,117,30.57
1807,1ece6aced29151f440e614b510ebffd53221ed2b,0,1,0,0,0,0,0,0,119,24.58
1808,b4ec6f07eda4cdece2ad8a0387c20c336a3501b1,1,0,0,0,0,0,0,0,0,24.7
1809,6b014bbf3bd34998e6e30eeb42bff5dd2df7394b,0,7,0,2,125,53,0,17,3278,688.13
1810,e07675d2dc1a745c8ca15c3fe1c8f6ae928d1f3b,1,2,1,0,3,8,0,11,1519,235.72
1811,77b276d7d1a21eee27445b8e746a493d921fd01f,0,1,0,0,7,2,0,3,494,90.67
1812,5255748de2807d9ca08fd21a4ee716be61e4fdd1,0,4,0,0,0,0,0,6,2502,351.79
1813,c42b256df412e26727da402b1ef3594fc5f2ea33,0,1,0,0,2,0,0,3,519,78.72
1814,507abe55ff0175f37d91fc75884923ff6d781321,1,2,1,0,8,3,0,13,1519,234.85
1815,b5365c49aa5d5b12676b6291f9189b17a7e49560,0,1,0,0,10,0,0,30,235,49.37
1816,4d28e95a618fb24881708a279f90074b6b9787d9,0,4,0,0,90,4,0,14,1953,304.14
1817,18999eca06fc86b22ffa6034bae8ee2f75f12272,0,2,0,0,29,1,0,16,430,99.44
1818,d4cbacf40c838bff7884430a4047ec4c3f07aaa7,0,1,0,0,0,0,0,0,211,41.21
1819,3d4a1905622847eccacafdbf308c481b70bc1d10,0,2,0,0,23,8,0,14,363,69.18
1820,79eb3c26a2cb49726728ec0d40a17fae57eaf61b,0,2,0,0,3,0,0,2,386,192.77
1821,897890bca1752dfb66656602cb411f3ce8254ade,0,2,0,0,101,0,0,15,173,89.03
1822,896b193079d88ebb85e381586f6ae3c7c8cabe39,0,1,0,0,73,18,0,7,436,106.81
1823,c96566d0224301109716d45992b17f39bfbe1063,0,2,0,0,10,0,0,0,741,120.26
1824,36c3025c974288b8d2322dd9a830d7bff0b155cb,0,1,0,0,3,0,0,4,413,61.14
1825,cfedd4d7dd89c1ce3004a24a94422cc54fc21bc1,0,1,0,0,17,12,0,24,157,50.31
1826,7c8f6406a5150bd380e92920e2191dd58d40a063,0,1,0,0,46,26,0,19,266,89.36
1827,4196e5404c383692c61025ba5a23c30df90494a2,0,5,0,1,56,0,0,44,3325,526.58
1828,6e3c8eed746046002a9d096e03dd0e21f55184a1,1,2,1,0,4,8,0,11,1519,237.75
1829,449e7386bc0d9c4bd1cafbad556e5aa6dce11e8e,1,0,0,0,0,0,0,0,0,20.86
1830,a8beafc5cfa4975288822a9e5b74c293a0f97e2a,0,3,0,0,21,23,0,12,670,127.53
1831,60c70403f84685682810a5090b1f9fbc19469578,0,2,0,0,120,0,0,2,194,93.08
1832,75593fc93ac746b01a034efd949bac7091c514bf,0,2,0,0,2,2,0,4,480,105.07
1833,0f57c35465aae39c96a38f718be31d882c6ff9f1,0,1,0,0,2,0,0,10,385,63.32
1834,8a386e758e720ccebf8911583638b17503808f05,0,1,0,0,40,0,0,0,1838,313.82
1835,c980f1d16a9d9c57a309321f83cf394062bb6bb4,0,4,0,0,0,0,0,0,1853,257.75
1836,cb85bf2e0aa48700bf635183302bdb28a36cb635,0,2,0,0,6,1,0,1,78,38.95
1837,9ad69f3bd048c833b6307582dd3bb4810ab545f0,0,1,0,0,19,0,0,7,522,116.68
1838,c4fb32cc22d1094b3d09fd010c778ea238480193,0,4,0,1,7,0,0,2,709,162.4
1839,f1996d4932f1db7f4c0be06cf8b79db5fc5a0372,0,3,0,1,61,0,0,14,676,174.93
1840,c5eed8a344a68c3a3cdaf46f4dd1ee2e6caa1baf,0,3,0,0,0,61,0,11,676,276.64
1841,d2ccdeb8dd47528162a48f273faa4bf8c1b26a99,0,3,0,0,2,12,0,4,2997,414.0
1842,53a031f00c8c9de7395f96f2cc6cbee94dc910be,0,1,0,0,3,0,0,1,354,60.07
1843,99f9ca542f1ed99bb21e8adb8780dfe2049ca7c4,0,1,0,0,6,0,0,6,872,140.48
1844,c1fcc65b19e6fe17aedd7defacd95773a8a4f1ce,0,1,0,0,8,0,0,14,878,122.97
1845,5c78c1a4a7ef53f3093761c4dd8881ed4e8048cd,1,9,0,1,43,0,0,10,5471,791.33
1846,4b8b1c2ed8bf13f277552e8f46e71b9f6b8cbdca,0,1,0,0,45,19,0,13,186,57.29
1847,a17043496baa2b3bc0743df83f60900e491cddb7,0,7,0,1,85,45,0,29,3581,560.91
1848,237bc82af2992a82d0f71648f68311c4dab25f3e,0,1,0,0,3,0,0,3,186,41.89
1849,cf3284dfb9b7b081193eb35297e2cf5920aa97e3,0,6,0,0,9,14,0,32,1979,323.52
1850,89794648e6e8a2588e0748fb1b6770e37816f008,1,0,0,0,0,0,0,0,0,39.76
1851,ff192229ca88f344919a8e02add91cc6476b2507,0,2,0,1,6,0,0,0,234,69.27
1852,39bb359b5332f0f75ffb761fc4b50845c2c0e5d1,0,1,0,0,2,33,0,10,1322,207.55
1853,a344cd98b78a8b3e0e533789911178c62e4d6016,0,1,0,0,0,5,0,0,49,16.39
1854,4c5978513503a8542c7e24d89915325a30cb5704,0,3,0,0,130,1,0,0,1142,218.78
1855,d82dabaa6ff129cb322cb6242c7c46c1291aa970,0,1,0,0,3,0,0,0,107,26.93
1856,91404d9c5dc01790225587393fcd11b442c8a891,0,1,0,0,3,0,0,0,289,48.18
1857,cad0a1bb9c8ad5abf3850985c5a832bcbd6028b2,0,4,0,0,101,7,0,29,761,158.45
1858,5f69f20011aee48dfe70104f3c66ebe30b92a26b,0,2,0,0,7,0,0,0,37,28.03
1859,4ee3ceefe407a4b4b2e94703d38490c28ca54d0c,2,0,0,0,0,0,0,0,0,61.05
1860,fbf0d7713280acf3760bcbc51fbf924038007a1f,0,2,0,0,0,0,0,0,96,149.33
1861,e64108690eb32ccdc94e672604c08c5aa16ae556,0,3,0,0,12,0,0,27,1000,186.9
1862,0adc6ef09ee6adae3353e31c0ea1f47a3dd16477,0,2,0,0,0,0,0,0,1507,184.92
1863,be4fbee16b3eb3b1efb4ead0073fa0634286e57b,0,1,0,0,0,0,0,0,1324,165.57
1864,edd036b045abe5bd5429984838d34dafdcf74446,0,3,0,0,45,8,0,0,1341,221.04
1865,1685e9b53608da16c48c9fd94ab06e4f3a99a185,0,1,0,0,2,6,0,4,112,30.65
1866,fbd1666643c9d614112b4a6f54ed0ee68b9b1426,0,1,0,0,6,0,0,1,157,37.49
1867,c222e2b4862045d5ef7040103e1c50b6593dda20,0,1,0,0,0,0,0,0,163,27.8
1868,569b5d2335d1e95a779bd003947da14105f1552e,0,1,0,0,2,0,0,12,504,75.08
1869,21e68ab791a7b69c6a1461e72c75694d28f73987,0,1,0,0,1,0,0,0,506,69.48
1870,8ae8903ab74d88f46a34d9046708f1add8ffc9cc,0,1,0,1,0,1,0,0,231,100.17
1871,9e6308c9182826f9581e6404a181224d5a26f194,0,1,0,0,0,0,0,0,163,49.53
1872,d8d4fc8b7cea7b5880d1fcfd1356efbbbc1ff39b,2,1,0,0,0,0,0,0,250,132.78
1873,556fa7340057242fea18a0297336d4448b44c50c,0,6,0,0,51,10,0,86,3503,518.63
1874,371f96335952c3ec957c56bd268fceccc16f3586,0,6,0,0,10,46,0,89,3508,503.98
1875,9bf60eb011fe3d64cd7544a00d3e0ee7bb6a72ed,0,6,0,0,46,10,0,86,3508,502.03
1876,eb791700eedadbac7d8baff5648156bafa08fc01,0,2,0,0,18,0,0,0,485,96.27
1877,1e6b64f3af4e8684be366204695c03fa38ee07b8,0,1,0,0,99,2,0,23,123,59.04
1878,ed64718369bd24d606dd22668a7c73192af7d00d,2,5,0,0,17,6,0,2,3122,476.02
1879,783029da33b39b0909c45bde8348606c3099d2a5,1,1,0,0,1,0,0,0,11,49.31
1880,b9ee682e705e5ed2e0b8ac597270342d73cb2cb9,0,1,0,0,0,0,0,0,507,180.63
1881,ef3073c22d1fa11e9d65fa63633515e7ad0f33a5,1,9,0,1,93,0,0,40,2130,467.61
1882,1596f988357e666df08193bfb7f41a61f6397afe,0,1,0,0,13,26,0,3,40,31.38
1883,9e6f97fd613f1104876757ee49c5b41315e74001,2,4,0,1,19,147,0,157,827,317.95
1884,bea0012d5de7b6c63f90ea8abc468a226832fc01,0,1,0,0,6,1,0,13,306,65.19
1885,4242c86a410601c98eedd83e865a425821a79992,0,1,0,0,3,0,0,1,633,100.44
1886,3dd353aedbfffcc28a13647c8c2367d48309cf27,0,1,0,0,10,1,0,6,402,83.77
1887,420cbdfd9dbca5d3f982f116a8b22c2fd20c8a1d,0,6,0,0,49,4,0,32,522,129.19
1888,2ed9853572397db1b2587e5bcccfbfd30e8cba0f,0,1,0,0,0,0,0,0,54,16.02
1889,a2b2a752b3e61f0e1a15d5add6585aaaed36533b,0,1,0,0,4,0,0,1,509,76.13
1890,daf0bb52cf8de033230a76ff3430cd1d5ee1ce70,0,4,0,0,78,35,0,22,1686,272.77
1891,acbe32c4a73ed1e0eca330909c724fc5feecee15,0,5,0,0,8,0,0,0,846,122.53
1892,f616c0c70964fb4e88c3dc60c59d99b6d1d4759a,0,1,0,0,0,0,0,0,72,16.91
1893,08cb49b04dbbcbb2a37a63023d9163c102f00309,0,1,0,0,10,0,0,3,100,31.26
1894,7df562906b96d7e931078c01d5a333e92fc5a842,0,1,0,0,1,0,0,1,126,31.58
1895,74b9c22b23fc898e57f64ec5f8597735b73bb1b0,1,15,0,2,140,22,0,62,1712,399.78
1896,5486d8df706d3fb203a8d80833f1566e442deda0,0,2,0,1,33,0,0,2,219,103.84
1897,84c44732f91955cc0c63930de13d0cdcdb061b6e,0,1,0,0,7,0,0,21,612,114.99
1898,94ee83f348b287fe1969ff602ba42d1c6635d838,0,1,0,0,0,0,0,0,0,12.18
1899,535e0abc5476dcb9ddeb2eb59043115dd749e8d4,0,1,0,0,0,0,0,0,286,41.42
1900,0dd25bd5385491c84b13276b494ebf3c9f6ac60b,0,4,0,0,46,11,0,5,3123,561.02
1901,ddb730cfbd0304e71951f4c9a45f78980361bb33,0,2,0,0,61,25,0,56,445,112.86
1902,24444f3c8590270cabb0ed63cae3efcc517a5e8d,0,2,0,0,58,5,0,0,2797,482.19
1903,9dbed1e938a2aeb1270ec59f1cebe92d62fdd86b,0,1,0,0,0,2,0,1,617,91.02
1904,49f339cccff25cd979dd55b89f83adccfdca5780,0,1,0,0,0,0,0,0,222,39.94
1905,1183777e8a992af97f2d1ad446f9587a96fca4d9,0,4,0,0,80,0,0,7,3243,569.8
1906,e39618919dd5d7c7c7ae6adbc6817a7addf237eb,2,0,0,0,0,0,0,0,0,114.6
1907,22c70b26a16eca0567e6275972604c42d6664b53,0,1,0,0,18,0,0,9,173,60.89
1908,d8d26cb493a5a19154e2fa4c02bf76bcf89a8af7,0,4,0,0,26,5,0,1,473,99.84
1909,baefac4c42d37bb24c4ac62d2287f041a3102042,0,6,0,5,14,4,0,24,2045,623.71
1910,f1653f9e65637f8145985a3121304c25b98cd21c,0,1,0,0,0,0,0,0,0,12.83
1911,8df30d650ebddb3c8a4d6d2485e1235e3f229309,0,1,0,0,21,0,0,0,92,29.48
1912,fd470dbf23867dcbd978353453007a89e29173f5,2,6,2,0,0,0,0,0,557,214.04
1913,6ad14f3c73cb5689f623350dbeaf453452c4babc,6,0,0,0,0,0,0,0,0,241.74
1914,e01e57ff9209f312a9e03bd4e2aae14a4326e846,0,1,0,0,11,8,0,4,115,38.28
1915,e7b8bd4ab0bea1fefa3f70953cdeafc9d4524aef,0,1,0,0,0,0,0,0,308,40.71
1916,6164a0cb8522b0bc75e3338364d25175d094937b,0,1,0,0,5,0,0,0,617,90.93
1917,95a45d134194f3e58a0f3b7eace15ed8bc4f2879,0,2,0,0,16,17,0,1,352,97.03
1918,df94fbe4f85116137f00e0a11bea8aa34af70f40,0,2,0,0,0,0,0,0,163,33.32
1919,2769a5ffc8b90fde935fe98528cd1f45cfe1dc2a,0,1,0,0,1,0,0,4,919,128.07
1920,6e9210165f74e7eec928e4366466e6e29a61fa4e,0,1,0,0,1,0,0,4,38,140.25
1921,1f01e3054082150bde01c7c1d3246e47b58de761,0,3,0,0,56,29,0,23,1559,325.8
1922,4219e2accb96909eeab1b75a1570ace49f6a39d9,1,7,0,0,68,4,0,24,2044,356.29
1923,52033a212f27414830ba4f5f430f556f535a7268,0,5,0,0,59,53,0,45,1780,287.05
1924,dbccc88d446cd0bc723dd468a1a8db04ba290477,0,1,0,0,0,0,0,0,54,16.8
1925,46d615b21087b75706f77e6d9e5a92640aba27bd,0,2,0,0,15,1,0,1,305,91.42
1926,555b30d224e4f9d870b98be4a37e4586b2aaa6e1,0,1,0,0,32,2,0,9,58,35.45
1927,7d42c217a9ac40054c5b80ae2baee198fc46759c,0,1,0,0,108,95,0,57,1251,199.27
1928,d663e196373d18ef71fd46d446526b35d07aa04c,0,1,0,0,5,3,0,12,122,41.16
1929,47fe311acdd49c609f5e7b47518914cba441509e,1,5,0,0,91,115,0,17,2426,416.53
1930,c80200bded705bf439478b4f7eba24a0998279cb,0,4,0,1,2,5,0,0,1400,253.44
1931,6c32f36250df2538598fcb7c8f99a615a8e4846d,0,1,0,0,0,0,0,0,0,14.35
1932,b6ad337ea15a9957a0a1089ba4dd331013d25f3a,0,1,0,0,11,72,0,7,181,44.68
1933,94d77931b38a2eb62a75f8ea04141e08a19c80c9,0,2,0,0,55,1,0,89,2457,328.13
1934,46d64afcd9d17c9b21559babc861da0c5149aafb,4,2,0,0,21,5,0,29,1923,336.51
1935,7d5d1fe752e3065f6e4e021557310c72eab14653,0,3,0,0,12,4,0,22,1294,227.29
1936,81e9be251879f9dfab9b687231b318e94f423459,0,2,0,0,1,0,0,2,337,64.43
1937,4e4ded4cde5a1596fc9739ea4dec6b1b5dcaff85,0,1,0,1,15,8,0,2,17,42.64
1938,3d6b1485bf93f5d5721e136c9d654df886d8a404,0,3,0,0,136,39,0,33,1024,202.24
1939,dcdeee6ca057a3b76d735f55aff89805674feab5,0,1,0,0,27,0,0,0,54,43.83
1940,f3ebb53efca143fa7aa3e5118e07dfec4a3231cc,0,1,0,0,44,12,0,10,194,197.3
1941,ee4553fc1ae949af5936d93c9699d6baa9239b33,0,1,0,0,10,0,0,6,320,67.73
1942,93a75bb3eb4b015f054e787fd138d7764fe20237,0,2,0,0,5,0,0,1,678,102.63
1943,6fb0428103ae6b75100a32aadffca730d663dbd5,0,1,0,0,0,0,0,0,330,48.79
1944,40cb8dffc2f06bd3645f7c96940d6c2da260c172,0,2,0,0,0,5,0,0,678,93.64
1945,7d03a7dbb6870381cb0b5c97ffd619d443eae146,0,1,0,0,0,0,0,0,138,50.73
1946,1f4eb71478b48e7dc10b85de4d765f90ba3c9097,0,9,2,0,176,104,0,79,4140,701.58
1947,dc2659524af86a060cc31cb6fc8dc6f508eea4a3,0,1,0,0,55,58,0,7,46,44.9
1948,1bf409f05285c855256698f91988202341b2853b,0,1,0,0,22,16,0,55,302,64.59
1949,e218325a6129d658ed6f0598ab2a89a056dc4c37,0,1,0,0,130,4,0,29,618,125.73
1950,e0ad6f0ed1aeeeabee5f7fbfbd692d8e6a93408b,2,2,0,0,55,82,0,2,198,113.73
1951,b1921637010df0abdd52fe54b289388008332889,0,1,0,0,0,0,0,0,20,11.24
1952,557ce312afc31c0eb31f387bcbeb821a55171727,0,2,0,0,5,0,0,6,354,71.98
1953,d5a6c9d1b1b984d4993070b3b5014638fe19b1f1,0,1,0,0,0,0,0,0,126,25.88
1954,5fc468c60c770c751669e98bc003603a0ee36618,0,1,0,0,36,0,0,0,520,97.3
1955,6cc03b35a3889cae87903637e54a911aa5a192e3,0,3,0,0,30,1,0,18,998,155.8
1956,55a7d35c2a962110affd9c3bc8353aaeb336578e,0,7,0,0,15,0,0,0,1105,190.8
1957,5b4cb8c66b9265fead531a4fa2b6270db5beca60,0,1,0,0,12,0,0,10,222,48.22
1958,2ed476e3ddacb3bd91eb2f2797ba96dd19339b03,0,3,0,0,148,81,0,4,227,98.48
1959,5cff071c38a30b097de4d4425252ccc640f0ac29,1,1,0,1,7,0,0,0,50,57.98
1960,222f6836dfe8aa1516585820747030688698e3e8,0,1,0,0,72,0,0,21,674,229.99
1961,06b8461cc52d8f7041ab677d86b8dfc5963e425f,0,1,0,0,9,0,0,10,105,44.0
1962,81aae08c4ad7aa57b8b95a994c4e05851292d039,0,20,0,3,106,37,0,67,5646,1054.95
1963,d3045093c7fe3cd01a43cbce95140d4b434b23f1,0,1,0,0,35,0,0,1,280,54.19
1964,bad71e44ea2b577970250ba84d6ed832be7f3aca,1,0,0,0,0,0,0,0,0,34.13
1965,9f28990e7af32c607fbb455b731ca5a3217602e2,0,2,0,0,26,0,0,2,505,91.61
1966,9d197ae1ce07293352fb0462e12b6e6bf9dd600b,0,7,0,1,81,156,0,15,1950,367.18
1967,92845b63c4fffd4a950963f4083a6d90bef2db62,0,1,0,0,40,0,0,2,211,52.98
1968,182ddeac26c7033e6de2c1c61adbd6627e1bea85,0,1,0,0,0,0,0,0,251,40.67
1969,6bd9abf44d0039ed98d648b86446c12870aa14bc,1,1,0,0,34,0,0,1,199,86.34
1970,f76525456864e8b1cda19ae68019783b8add62a0,0,2,0,0,21,0,0,0,582,102.47
1971,64f6fb52dc7a517b23c8f6937fe92852bbc065dc,0,2,0,1,0,72,0,19,674,109.18
1972,06eba7a579f9cf11b1f76770cf5e46db205dd0c7,0,13,0,0,90,0,0,5,512,206.51
1973,573c0a89bf35f183571a63aad54a8a2394a17a64,0,1,0,0,8,0,0,1,14,19.99
1974,7a55ec9a25655d29f05cc7aa2b409af6542ec0ac,0,82,0,10,900,174,0,478,22147,4410.3
1975,829f254216e28735d0fbe1331a0fc11c018df375,0,1,0,0,2,88,0,21,938,135.64
1976,14bd82872dac0a7b6de487b1c71a332dabfe4243,0,1,0,0,10,0,0,0,122,35.99
1977,09d3d6bed9467cad73bba9c493289c98b7bccf42,0,1,0,0,0,4,0,4,670,127.45
1978,af03bb3a99664700439f5e6dcb77c5f0001a56a2,0,1,0,0,8,0,0,5,538,85.0
1979,d1c070f70795bc14e39bb55a25b0536b306e3201,0,1,0,0,0,0,0,0,670,91.73
1980,1e5deae9e9f5cccd9b3cd6fc0ab892e950b5af1a,0,2,0,0,47,68,0,34,565,277.69
1981,ac2e192ad5cd6ffe32fee877bd568c605266cc5b,0,7,0,1,52,89,0,47,4743,701.95
1982,93038d06aae3cbe4bd8190ed1a5af0593cdea11d,0,1,0,0,9,0,0,11,209,47.24
1983,74eb4dd8b38c6f5142b5557477402278fc692d33,0,5,0,1,82,5,0,64,2529,417.03
1984,a86a4b9dc7492dc8725a079776787214c137e82e,0,1,0,0,7,0,0,4,670,102.05
1985,0c8d19c975778a263d99544d56e8d09de38da58a,0,1,0,0,0,3,0,0,674,111.28
1986,2aade76735960fb41ab05f63ecb63c5548ad45f1,0,1,0,0,0,3,0,15,626,86.49
1987,0a585ffbc86d3d090313e93ce85c65f76006ee9a,0,12,0,1,145,157,0,70,3026,590.94
1988,e636646e919622cad1cb75994efab312721277b4,0,3,0,0,23,0,0,16,1840,291.73
1989,0f15fcac46b9ffb520ca81e736f855bde2731e6f,0,1,0,0,7,0,0,58,324,66.52
1990,bd7c8e327f3e39fb2c10b5b3d192c374f35efb83,0,2,0,0,209,12,0,38,654,178.44
1991,ebb63ef44d42bde034e8a2603ebace7d930e210b,0,7,0,0,254,54,0,55,4281,685.13
1992,791659b27efdbfc3b9d6785f026856e1ea8047aa,0,3,0,1,27,100,0,23,2438,385.29
1993,a6ef251118e1bbb1b1d345f91455bae9fc8e8a6f,0,1,0,0,17,29,0,22,723,111.26
1994,7e87980347b3f7769a9dbb7abe048700628bbd0a,0,1,0,0,0,0,0,0,430,56.87
1995,e56b56a386263a4c186a84fd41681c00fec6e261,0,1,0,1,5,0,0,2,66,51.57
1996,003dcbc657af314e6991656b5ef4d87cc5de5266,0,1,0,0,1,0,0,5,98,45.69
1997,425c3f9aa65a2794d9d79393ffae429778db7481,0,1,0,0,0,0,0,0,1385,168.5
1998,7f2792b11b9bc06c80929f0ef0ef3a0061144951,0,3,0,0,84,7,0,40,2330,339.03
1999,f38986578780553e4b2b35a12cd5c1b152994a82,0,1,0,0,0,0,0,0,71,20.67
2000,7b6f6d6e19a0b3acd2bb1adf1d5c3c2ab31ccdfc,0,5,0,0,67,50,0,19,1272,360.5
2001,e020898266b9be78a9d75feae21a2d40eb872e3a,0,1,0,0,0,0,0,5,71,24.07
2002,1df7e7ac77080be90fd939fd71cea2e96c478c26,0,2,0,0,97,0,0,0,921,159.61
2003,7191604865ce2b1286e3ef7d2941d2dcdca7dd30,0,1,0,0,0,0,0,0,1619,278.38
2004,9460fbb2025df4c9a294a86e44f9e6c036909b54,0,1,0,0,8,0,0,7,397,68.48
2005,51ae4d386ca38ae20d0b3047f763946d851b7a02,0,1,0,1,0,0,0,0,15,29.25
2006,a55c03b23e071670b8f4468313a71bb308ae3fea,0,1,0,1,4,0,0,4,32,50.92
2007,a769d1e10dde113c681c1f92abe3632dbf4aea0d,0,1,0,0,1,0,0,7,547,85.98
2008,93b2e8d2bcf5e5c3413c6496a3c7d6673c4cfcd0,0,3,0,1,4,1,0,3,498,135.84
2009,f9d78265bf3ca71cfd3b6cb268d885e2b649d7ce,0,2,0,0,0,0,0,0,443,69.89
2010,da9613d75c8ac42247a8744103131e562835168b,1,1,0,0,0,0,0,0,233,83.97
2011,70d9045694360f110c2fd5c5dc20e1e6fe8ffc5e,1,12,1,0,40,11,0,81,4070,669.79
2012,f0120d5a47dc59b32ede92454a96c214380f2d19,0,1,0,0,0,2,0,0,40,14.61
2013,9ed65d97c66386c1aaa736131ae34a783ff812d9,0,10,0,0,67,51,0,33,1343,258.12
2014,090b24fb970e97b76ca8fc3709ab9ecfc4662e40,1,8,0,1,99,49,0,26,2833,549.84
2015,d5858c86a1e8d5d82f85e1184d27bfaa76c5fae1,0,9,0,0,24,202,0,19,2882,443.48
2016,fb23289cd15c608fa168416c9a0cb21cff4a3e7a,0,1,0,0,10,13,0,30,1388,208.43
2017,38ee878044202a9594208dcb4a368ad1fac971fd,0,1,0,0,0,0,0,0,289,42.41
2018,1c151dcfac5d01d768795adfe080bffbf7544c00,0,1,0,0,0,0,0,0,254,39.43
2019,8b2948bd62f7b8a066716ad0ed1020c8052579bc,0,1,0,0,0,0,0,0,126,30.52
2020,be7cee5901192310a6cc0e0b00f913fb0ff5ad37,0,1,0,0,3,0,0,2,120,179.23
2021,e3f8560143a0ffbb335e3e3fe762a86865b662f7,0,1,0,0,18,0,0,6,479,82.95
2022,a161fad75122ff8b49659d9ffb7e3ed1fe5dbc30,0,4,0,0,2,0,0,3,646,141.92
2023,3c3169bf0c3c14736d0e3b63e926a58fdf6e0327,0,1,0,0,0,0,0,0,273,44.59
2024,ee97af78425143921ba69959532646819c0423c8,0,1,0,1,0,0,0,0,111,57.78
2025,cf5b80c2eed9db0bf8788e86155f627c42784558,0,1,0,0,6,0,0,17,1619,226.46
2026,fe05e91e420fe9a8d8079736163685f13514c01b,0,1,0,0,4,1,0,8,1624,202.88
2027,6b9b5dbd998bd84768634960cb79a66b56539eed,0,2,0,0,134,5,0,0,174,85.69
2028,f372f3a411a40cf5cdfc173fec9f9dfeddba9e81,0,1,0,0,0,0,0,0,1628,211.0
2029,24c84bd22c1be52373d93e391c86e05ebfd4a9a6,0,1,0,0,0,0,0,0,546,73.21
2030,c08fe0f40e341d0259ac39f1de9e5c0b29ad965c,0,1,0,0,3,0,0,0,166,32.51
2031,0a99255ae1cf505537e5a570518e523859a270e5,0,1,0,0,0,0,0,0,88,19.04
2032,d775dc50c12b8dad8eeaea5dea5ca9cef41aaed8,0,1,0,0,21,0,0,13,238,71.77
2033,f7ea5fe68567c4593588090a8da97b624f3a5361,0,1,0,0,32,24,0,0,118,40.21
2034,1f3a4fefb89d4fa108932270de25e4668e901451,0,1,0,0,6,3,0,4,494,81.08
2035,148627fe9c029405b393a0bbcf5c16cec5cd48a9,0,1,0,0,0,0,0,0,123,25.93
2036,1add4cc5d257e3d58926047e9545cea05aeb4573,0,1,0,0,0,0,0,0,500,69.05
2037,edf2b7901aac3a2d53dfcf88665a5b070597c51c,0,1,0,0,0,0,0,0,500,66.11
2038,aa64a105341cd870c310781414f625e191bdcfca,0,1,0,0,1,0,0,6,76,29.85
2039,53b5b9005e93309000f3ea35dd7c61d1b556ede3,0,2,0,0,6,0,0,60,1743,260.32
2040,7f10f294250639165d17370a19823f5cdb89e42f,0,9,0,1,89,29,0,25,2270,596.22
2041,0a0ce9f1ae26fce71e6564ce1299b83db3a998c4,0,1,0,0,0,0,0,0,279,48.53
2042,f54803aac22aace1cea3d8d787cd36792aff18b1,0,1,0,0,1,0,0,2,279,69.0
2043,1f46c437ddee341732fb919cee3763d7f98cb63e,0,1,0,0,0,0,0,0,71,19.28
2044,cdc62bf6ed54b71c3789d09052943593d3092cdd,0,1,0,0,0,0,0,0,71,18.7
2045,fdd0d9f3e382faa9292869816016c462599c6656,0,2,0,0,0,0,0,5,497,75.46
2046,6b55b8dbe64851ad7e53f2ccba5b73935033da98,0,2,0,0,15,0,0,2,1240,179.42
2047,69bb8b99eccdd3e8f36a2e0fe84d06cbddd986a5,0,1,0,0,33,13,0,13,963,158.07
2048,72c89e6f3cfec3bc46048680a330c1cc65adc1dc,1,0,0,0,0,0,0,0,0,43.88
2049,3b0a7528c93c43c820349ddc638bcc939e775a7f,0,1,0,0,0,34,0,6,57,25.26
2050,8f2fde07c79583b1398f48dd9a37b45c6a260d94,0,1,0,0,0,0,0,0,426,60.98
2051,d757784cbf18ea7b050a5f2d8f40fc89feb4904c,0,1,0,0,2,0,0,2,512,73.99
2052,f2499505de1473d4bb9e448408cf7ccbf6dccee1,0,1,0,0,21,7,0,7,116,41.5
2053,5db7f2f12739921b66584a61aab3d241350f8294,0,1,0,0,0,1,0,0,329,48.37
2054,81897bd47fed4cfe1a337f4d57dbb85b1cdd80dd,0,1,0,0,2,5,0,1,13,22.37
2055,72409650d5d92010eaa658e1a59323a9a5aa2ab3,0,2,0,0,34,1,0,6,553,121.94
2056,5b02ce98a336892d95520a466527b49b6e61497b,0,1,0,0,16,0,0,0,112,33.77
2057,1f9315ff09e4865482db3977bdcaf595b872c85a,2,2,0,0,73,24,0,14,650,166.18
2058,3e343dcd31c6285e4509c3454221bae7ef0412c9,0,1,0,0,0,0,0,0,0,14.27
2059,5f2aa2fea677d644be8e9fb99f6fea4aaec77ff2,1,6,0,0,54,10,0,25,2973,485.43
2060,a02c83a1d7348db118089aa1430194573d3cfbe3,0,2,0,1,4,13,0,9,424,266.67
2061,5148146dafe9a89c5d21af420a179603399e9c40,0,1,0,0,1,4,0,6,328,59.21
2062,6c838dc0ef8d5ddf986017e46c670921ac86016a,0,2,0,0,6,0,0,3,546,95.11
2063,54e4164ce7deb36495f3f812446312675faee8de,0,3,0,0,6,0,0,3,467,89.19
2064,e5bbebc5071d9f9551dd53164d4ee56ea9157b57,0,1,0,0,0,2,0,2,550,90.12
2065,5a8e6ff615db2874c377c83940e64aae21e1732e,0,1,0,0,1,0,0,8,455,66.14
2066,5e4f28c2892052325498c48024445bc9fb329462,0,11,0,1,49,26,0,21,3621,581.81
2067,27daf3e744f248d771ad086249a245477b7b4ded,0,1,0,0,21,5,0,9,551,108.16
2068,488537b2816bb033b948cff71686dc73158a6fb4,0,1,0,0,1,0,0,3,137,32.34
2069,da50b95dd54c6db2a86dca4c1ab596cebe17bad4,0,3,0,0,101,1,0,13,835,159.05
2070,c75e396fb666aaaf3c42447559808e4d3081d6c0,0,2,0,0,1,0,0,0,518,81.95
2071,026b437eff0fdd3cf5a65601450497b092e585cb,0,1,0,0,0,0,0,0,308,43.88
2072,671c7beca466a08d71ac496acfc05ed6330f3d22,0,1,0,1,0,0,0,0,91,54.45
2073,e2f64664a62ab45dc602481ae7d2b3fee3dda468,0,1,0,0,14,2,0,2,403,83.29
2074,121c5b2e471537c94b07348168060b885c91e38d,0,37,0,3,505,920,0,129,8166,1750.46
2075,8e2b477566f006b77db90a6576244d2bb9038ab6,6,0,0,0,0,0,0,0,0,352.96
2076,c30bce0eaa4359df93eb2a7a468149fc8416c231,2,0,1,0,0,0,0,0,0,71.0
2077,d2c1d20bfc02ae69ae4e9dd1e900ebbb599aa109,7,0,0,0,0,0,0,0,0,378.91
2078,3633f06b508a6d4c7fb38bc3743c9886b42099c7,0,1,0,0,0,0,0,3,249,51.64
2079,e389495ac9d2b0de1af0252498ca614378fd07ea,0,1,0,0,0,0,0,0,351,57.06
2080,a9031452f76a7a6f21735507bdd5e92dc4539129,0,1,0,0,1,1,0,2,195,215.17
2081,2c772a97abc16dbf0666349fda3615d238e22748,0,1,0,0,1,1,0,1,195,38.5
2082,4b84ea5a0a6dc95f9b1e8899147da9d42c52fa35,0,3,0,0,0,3,0,1,730,116.52
2083,d8b463d176805f7829ca440e53ea68a1f06980b2,0,3,0,0,59,2,0,20,809,146.67
2084,678a53a6d2910db1fa55a3eaa3e4688a8bfcae2f,0,2,0,0,23,0,0,0,456,84.78
2085,a2d7e57e711f85fda73b37492642254204b9e3ee,2,4,0,0,9,35,0,2,1661,307.93
2086,42ae68691241a2789137272586989acbcfd34f35,1,5,0,0,0,0,0,0,1705,272.26
2087,1185c6c89c1990281dcf98ea02168d34287d49f6,2,6,2,0,15,15,0,0,2598,420.92
2088,b8a46d386288f6c9f75ec1c393b18e9ea2ca84f0,0,1,0,0,12,0,0,4,119,36.17
2089,f3954f993348e037c0c4e5f78689d771a3ad79ef,3,24,0,12,186,3,0,8,920,759.94
2090,4f253b37c27b865c76915321285d471593f7c32d,0,1,0,0,0,0,0,0,128,25.87
2091,3ab49af40fb9d23bcea9d4dee68a5bde4e1cdca7,1,10,0,1,228,40,0,58,7432,1214.86
2092,ba8bf53381b1bae9dbbf38a0177e87874bce55c0,0,1,0,0,2,0,0,3,1418,180.61
2093,5c8f6d6c9e6b42b7e0f36e1f67aeccc973620142,0,1,0,0,0,0,0,0,514,68.65
2094,6969402718c69609e8bc1c758085bfbe882f7293,0,1,0,0,11,0,0,47,313,66.08
2095,f68b180a9f1ed4300cccd5c0b031c93ad7f75146,1,8,0,0,102,111,0,19,5709,820.72
2096,9686b3d4ba93a4e69f8a96464b3d8f6857a36f90,0,1,0,0,0,0,0,0,550,74.04
2097,5b4b4c74e8c6b1404cb2b4b439f59dd107ad9e28,2,21,2,2,37,0,0,14,2585,461.93
2098,284c7a38a87ec423179fbd6ed30e801a1eeb9388,1,2,0,0,66,14,0,10,558,143.41
2099,4c797e7ba95360e0b09ae0d256fa6ae91de8f853,0,2,0,0,47,1,0,24,691,128.5
2100,38a046ea3caf838c1d0e55fe1da5e6a0ecc0a2f1,0,1,0,0,151,0,0,0,0,192.65
2101,1c90f10c7f2035f2c169cf61bc1a8f2183b2d46a,0,1,0,0,16,0,0,1,104,41.66
2102,58dfa28fef3ac6c45dee63c4676ef06300e1e627,0,1,0,0,4,1,0,9,41,30.82
2103,ecd5fcf0d46a5d059a9cf6c764b106ad3c4c1545,0,1,0,0,0,3,0,9,414,62.09
2104,d0de0986254dc76619b30444c66b51257f6c195b,0,1,0,0,2,0,0,2,169,34.89
2105,0e152ad9e23592c643a2dc3a576b83ac9e2832d9,3,6,0,0,50,1,0,2,2184,448.2
2106,d53ddeb1426826426de6b2ca07d6619bb33b4bf1,0,1,0,0,0,0,0,0,660,103.84
2107,f5105f50850f8c107bce27a51ae94009f13abc45,5,4,1,0,4,330,0,0,2042,524.75
2108,2eec39fa48f24f6ca3a075f47fcdf4aa4a8811c9,0,1,0,0,3,0,0,0,151,33.81
2109,c2af155e3580a66d840534344f226c4a83bc2f33,0,4,0,0,10,1,0,5,5059,657.33
2110,27096be10a9d998cac88f6dc6687da61b445ac90,1,0,0,0,0,0,0,0,0,24.93
2111,df360dccde85cc2afcf47578a77d78b519ae79c0,1,19,0,2,44,0,0,18,3958,667.78
2112,cca758c679c131327310c1a2b374ff9922beedd6,1,11,0,0,88,36,0,45,3402,672.36
2113,48bdcd353b4ee970c36e0d1cf4f10d9542d7d693,0,6,0,0,0,0,0,0,1271,196.3
2114,1c5e23f215612ad3c3e30b27bff5369af0e8daf7,0,1,0,0,1,0,0,1,73,23.64
2115,0c02bd374a58083a9becc7aa04bf355c25edaeae,0,1,0,0,0,0,0,0,695,111.42
2116,6f00842284f9ac31e6cb527b40bfba89f5467ccb,0,3,0,0,109,8,0,37,804,166.59
2117,ee55d1e74445f403ce06c0a5457265c1b2544172,0,1,0,0,0,0,0,0,238,39.62
2118,7ede7e9b3990de1c9ea535d2d138c0b254585b61,1,6,0,0,8,66,0,21,1424,284.15
2119,581af1b086b65f89f402b4bcb42773880f3e3137,0,4,0,0,136,2,0,33,2465,410.23
2120,2bcc605a3ff7efb6899333621ddf6c57357129a3,13,11,0,1,78,55,0,2,3464,1103.02
2121,cc93cb0298127fe500136fff0a540119eb75c2a8,1,8,0,0,16,47,0,3,2124,357.63
2122,6b74d558366e6eb2602b7d37fc3a96fb86abf967,0,1,0,0,1,1,0,10,237,51.85
2123,96bb587e8aa0448af368351148e00d6df7b1fd96,0,1,0,0,0,0,0,0,660,115.57
2124,2d25412df71f3a807eb5c90eccaa3f4a156e09d7,2,9,0,0,282,131,0,14,2554,527.58
2125,5ccadb10ba8747eaab87b03bf97c47afedebbf4b,0,5,0,0,90,6,0,35,2642,421.28
2126,385c3e9b69da1e57407d51cee13ef0decabed9b2,1,0,0,0,0,0,0,0,0,17.49
2127,a1ede0c560cc377630789718139c92281a4519d1,0,1,0,0,0,0,0,0,707,99.51
2128,82802e878899e4e2df7bf9459e9d05ff43b300c8,0,1,0,0,0,0,0,0,238,41.43
2129,8400452afd636cefcf722e58561a93ed713ff65e,0,1,0,0,0,0,0,0,261,48.15
2130,f812cfb29e3bbba479083059f20d2f3d5007b4a9,0,1,0,0,0,0,0,0,99,26.49
2131,53e7f73ab9197cfb3f9939b5c2b60c1b4402291b,0,1,0,0,1,1,0,2,53,24.86
2132,cbb6aac2a7ee941bdaa87b7f9b141e875f4568f8,0,1,0,0,4,1,0,0,1034,151.41
2133,5a7215a4518a6898e570553f3dc2bd2e086be677,1,2,0,1,5,0,0,4,118,108.78
2134,7cac21df9c23a49776b040b53b8ef6712c80fa08,0,2,0,0,4,2,0,4,158,46.28
2135,16171a123293f2a8679cd049e2112280f7b1ef20,1,4,0,0,85,0,0,7,317,126.09
2136,48560e089c3a6ed25ae12d068d6ab8f0a90c40f2,2,3,0,0,17,0,0,4,2046,323.04
2137,954b292bbfcf844d3a43498caf57755dcfb78bb2,4,4,0,1,27,4,0,4,2143,424.05
2138,187db8e6245a6500df61e591b1c2a233a7c28a48,0,1,0,0,2,0,0,10,143,33.6
2139,be00c74833a49b6fee06d0b5bc14e24ce50f7bb0,0,2,0,0,14,0,0,2,1080,182.34
2140,67e634f50ac50376c21a09147170a7bbdc9077dc,0,1,0,0,0,2,0,10,143,178.54
2141,9f5580eba2d4121287fbf823c8f49e68cda33c66,0,1,0,0,2,0,0,10,143,40.72
2142,261fcbdd8706c955dce52501ad915cf0419cf389,0,2,0,0,0,9,0,2,1085,163.57
2143,b89393caf215b6c10e0d6163dd960a4c2c9ef711,0,2,0,0,11,0,0,2,1085,160.5
2144,547e9a60a1af45217693662e6b246644f3bca224,0,1,0,0,24,1,0,2,288,60.54
2145,9a66fe79df826ba787ce85df6393d2794c460576,0,1,0,0,3,0,0,6,90,30.59
2146,6fbc5260afcccb813914f37047228c67a8dfe885,0,1,0,0,6,0,0,5,143,35.29
2147,0aa92ed25df502b010a144837844d585d0e23368,0,2,0,0,2,0,0,1,673,110.71
2148,5af490cb6bed065dee0d0e8c2984f2090919fcdf,0,1,0,0,1,0,0,9,1049,141.03
2149,fa5f75ab0e799f839b8eacc8615f7142b9254110,1,9,0,0,45,14,0,16,3297,544.71
2150,077efb37ef48b0bde9c889b6d12f0553533dd181,0,3,0,0,18,3,0,9,274,87.31
2151,58e75dd65c2c452a993bdb3986247f401f722bab,0,1,0,0,1,1,0,0,24,18.77
2152,7994ce3ea9d7d6231c974d755a0b36ffb04f4308,0,2,0,0,1,0,0,0,542,81.44
2153,8efece3ba55a5b8d42fe76aa1a331025c50ad966,0,1,0,0,18,3,0,6,37,30.92
2154,d0e61e30f1c6b8b3a5f4b6e1e283ec61f7b6afca,0,1,26,0,0,0,0,0,326,139.6
2155,ab61758985aef92382e1a781fec229891ba473dc,0,1,0,1,0,3,0,0,82,71.12
2156,5661aada9b604670a3de8c9804584e9187aeb18b,0,9,0,0,133,7,0,45,3554,586.49
2157,73661b9b5ede273dfc8e05db1b161ae1a5d6d670,0,1,0,0,18,0,0,3,22,22.62
2158,76de714e2be8cf69c729d31595468be931c2331b,0,4,0,0,133,72,0,0,2571,384.31
2159,036404ac887d7f90e868942175eef11983b7932e,0,1,0,0,0,0,0,0,0,13.29
2160,1193bc1df0705adf5c410d66df0d4002caacea25,0,7,0,0,202,8,0,103,2823,605.56
2161,9a54fc8a4f5bab2367a365b32731420fe7b7b300,1,0,0,0,0,0,0,0,0,24.74
2162,053493a967700f80752b2a98702a674da4165860,0,9,0,0,4,0,0,0,3705,534.7
2163,9f0a3193d80368a47aa0eef973a1177a070fb4f0,1,9,0,0,138,54,0,60,3655,641.01
2164,3aca4bab246a0dc1a548917b772d0c8bcb4124f8,0,9,1,0,54,138,0,54,3655,563.72
2165,221f017b43ce785fdd3af681a9fbf58812ec51f8,1,17,0,0,133,12,0,65,6340,1044.49
2166,76b123052effa7917be714e661630497e41aedd6,0,2,0,0,3,1,0,10,518,104.76
2167,34f318b62584e41a275d78aab406b2a46e7e9d90,0,4,0,0,61,43,0,28,953,194.72
2168,b043d603175ffd887540bd8becd45d947a9ef3c8,1,0,0,0,0,0,0,0,0,53.12
2169,b723bc4d4de2da504977bab8bb2c05976a3f2e47,0,7,0,0,71,7,0,13,2452,398.87
2170,1145bc1471dd6a4b5e86d93a34936e90ef1923a5,1,1,0,0,0,2,0,33,1643,248.07
2171,75bce302e28e7349e7d4842476320513c065e429,0,1,0,0,0,0,0,0,145,29.57
2172,9ae2f239bc7669cca7948ebf1066660dfe6a0c88,0,2,0,0,13,91,0,0,78,48.62
2173,743d846b9e1802bd4f020adf9f180b4cde2ab761,3,0,0,0,0,0,0,0,0,74.07
2174,699e15b7a1f3db728971c809fb37c250fe448824,3,4,0,0,0,266,0,0,762,178.98
2175,eaa40e323e868bd51b35e5ead0f1f9cc250495d8,2,9,0,3,87,3,0,40,1093,332.59
2176,c9efe7d49569bba0b0960e027d3c06f7dcf232ed,1,2,0,0,26,31,0,2,173,69.24
2177,bcd48464203608c979c8a1f6bf3883cf62769812,0,2,0,0,21,8,0,2,964,186.9
2178,340a3c475c5e079ba20206357c9b8f469d20f12f,0,1,0,0,19,0,0,22,575,101.66
2179,71e8db15fb9d31c751221b03b469da6b3e01dc99,3,0,0,0,0,0,0,0,0,99.93
2180,3bda78ec61b25f49f676e1418472694aa060e1f8,0,4,0,0,92,24,0,3,666,276.56
2181,bf5a6641bfc5416e61384143915a1522169f212e,0,2,0,0,2,0,0,1,90,38.52
2182,a902f9ab1cbb7ca0993db6a0639f28d0d40fbcfc,0,2,0,1,62,3,0,1,197,115.71
2183,1df9e04262ffa53e85a19964b22d1bc93fab1b4b,0,5,0,0,144,66,0,53,1397,305.11
2184,4a448e4d742f4d78506780a56cf7481e75365bff,3,5,0,0,99,65,0,10,2981,545.44
2185,a76a708a20c0c9b56d8c49bfdd68a693bc9dd3c4,0,8,0,0,86,18,0,26,923,210.82
2186,692207c3683b9f01ca360d86df4c9131b56999dc,1,5,0,0,20,10,0,12,981,221.95
2187,f23110b987ef03235784a3ace5c015704689a482,0,2,0,1,0,1,0,1,266,61.51
2188,067b987b3c830776774a72655f99cc293df7c130,0,2,0,0,6,0,0,0,266,49.24
2189,848748b1aea396ec6e29d41ece36195056df5cb9,0,1,0,0,5,4,0,1,83,29.18
2190,eca8e0a8f67e5cda9aac82605ef6c1d2d0d9b49a,0,1,0,0,1,0,0,6,87,24.32
2191,7901848a9abf2d108ace520bd471b35e25fb3de1,0,2,0,0,123,44,0,17,631,148.4
2192,18926f9fed50d4377f62010345e2270fce0cc9fd,0,1,0,0,0,0,0,0,622,100.76
2193,357320de56ee4852e639e44b9307dd72f498fbe3,1,0,0,0,0,0,0,0,0,32.25
2194,8948204c47d66b0ef1d3e3bc9834d1a44e47dca5,0,1,0,0,0,0,0,0,622,85.17
2195,db102ed307e11467d2bc63379e482dbb700a046e,0,8,0,0,7,0,0,3,1968,284.04
2196,879ab1b8fbbf26104184fb2d707b53fcff894df3,0,2,0,0,8,0,0,1,1267,183.78
2197,65713767170f420e8cc7138833c0facc353abb92,0,2,0,0,18,27,0,10,2238,324.05
2198,900a9124c4efab8b47cdadae7cac93e99605cc8e,0,5,0,0,4,0,0,0,1391,184.47
2199,6a7e3c3b8b0d13fc48d8d787cd01eb1e437475da,0,2,0,1,40,0,0,4,132,67.01
2200,9da4ab25b7d247e2077f086f1274f0cf63a128dd,0,2,0,1,3,0,0,0,202,187.6
2201,b86f8dff1943bd56a27b6bc97def3d776357ee85,0,1,0,0,0,0,0,0,0,14.13
2202,f70dd57e1ebee1a4a3251a7c0378789c394843fa,0,21,0,2,102,6,0,6,5534,966.49
2203,cc3e3c0bc81fbd0a556be9eafd4b01c5a1a055e8,0,1,0,0,10,0,0,7,151,36.17
2204,034215f247f4da26ca691ea901eee7a4e93bc4d1,0,1,0,0,10,0,0,0,612,88.79
2205,aa6d6c7a9ee9d996ee984b13e288e5eb30102f7c,0,1,0,0,4,0,0,1,622,92.79
2206,cadd288c29062b8885486f6b337010ab8af21a9d,0,2,0,0,6,0,0,0,46,29.45
2207,e2884211ed7eb42f02f02dbe5821038fbe8c73c0,0,1,0,0,0,0,0,0,31,14.53
2208,e1244033bf77099ec688f54a93ef82a0d3d2889e,0,2,0,0,19,10,0,0,630,118.55
2209,7f0c31e55f3250598a5d3c2caeea8326411f3d36,0,1,0,0,2,0,0,0,477,71.92
2210,bcaecda3711d0f37d7793cf118da925fa18cb37c,0,1,0,0,1,0,0,1,716,103.39
2211,7e6a6538b4ef1a15214d9d51837ac025553e637b,0,6,0,0,25,6,0,18,2829,420.91
2212,76ba002ef708d2f9f80c044e516b13b0c11319e5,0,7,0,0,1,8,0,1,3403,483.36
2213,08d56e35e47f568a5e4b4a43d3530afb0756c25e,0,1,0,0,0,0,0,0,57,14.59
2214,9ab414f1dcbcb64dcb9b0b4a020ff397b0072f47,0,1,0,0,0,0,0,0,55,15.52
2215,2fd0a26de97b8e58ac3887d6555ea0276331a0e7,1,0,0,0,0,0,0,0,0,57.34
2216,a6249ee3b4251f5416217269c80e201057fbda88,0,1,0,0,8,0,0,3,108,37.58
2217,1bd5e4032c9cda7ffc3637f988d1a353b5abc001,0,1,0,0,1,0,0,1,157,34.93
2218,da5f1baa39f0e6dd24942633d6c2e82adeefb097,0,1,0,0,5,0,0,7,602,88.22
2219,abed8ff130b8f83e1493d4971b21c5c489abfadb,0,7,0,0,82,15,0,35,1423,284.61
2220,a170f9ee4e77bc94ed51ff2d143422e27dc1bc01,3,3,0,0,61,14,0,2,1522,427.28
2221,2345d9298eddc68eb9ff499dc1bdd0e4a06f847f,0,2,0,0,0,2,0,3,222,50.91
2222,97e337f3309dd4d41753a2419ab97a667765ddda,0,6,0,0,14,61,0,1,1522,256.27
2223,8c94f9f825eb39d820674f9989134314d4855081,0,1,0,0,1,0,0,2,87,26.73
2224,06484db57512f3f5d86271374de33be459b6459d,0,1,0,0,0,0,0,0,1465,189.23
2225,b0de0129aea864d05b75904a63f4918b5f52d7d9,0,1,0,0,1,0,0,0,249,49.25
2226,86cd2faa0030a3c2734b045878cd8aeee34fe715,0,1,0,0,0,0,0,0,250,65.76
2227,74e7091ab3f29deaeb74c26b4968dd1282556e96,4,5,0,0,170,0,0,28,3111,619.31
2228,d607687eb10ff9d758971be746fb444d53221dba,0,5,4,0,0,170,0,4,3111,436.13
2229,62e8b5d61d9160fc525da0d32f554c01c343d3f1,0,3,0,2,1233,4,0,9,23094,8278.42
2230,b263f75423d4d13bb07c4c501b0db8754caa5be7,0,1,0,0,0,0,0,0,250,42.61
2231,581421a6b2e3b2bd0c09276f604aec53e3910a42,4,5,0,0,170,0,0,28,3111,676.0
2232,9bfdd1d91c9d6de562e349f724b7c00bfe6a7dac,0,6,0,0,9,0,0,16,727,146.56
2233,7416d6015be0370e7ecb48b00999ea453de71cc3,0,15,0,1,62,21,0,60,3979,701.09
2234,29ecdaa84ea74556bd2b08d71827d2291cc1bef6,0,1,0,0,3,3,0,14,714,107.5
2235,2c988abf35a8fd757705b8bb910b256fabf532a0,0,6,0,0,61,14,0,2,1525,265.77
2236,aaa8c0e38e5adf7876d04c44bec127ac74fa9ca3,0,2,0,0,8,2,0,7,1416,208.61
2237,e2da35f66606582705b42a20e7df705f40e1869d,0,11,0,0,78,58,0,12,2918,494.32
2238,b2f62356685f34e56796fde6c0c0f97c1c1413c5,1,4,0,1,30,7,0,24,1270,280.38
2239,3a7bda2cd1fdaaebe00130b34faf81c39f23e944,0,1,0,0,1,0,0,6,654,89.94
2240,2ce873e3d115e4afa5d16b8e0845f13c45071885,0,9,0,1,132,9,0,31,3671,920.47
2241,e960eab7907b3bc76ac87dc434229ad16e1b6fbf,1,0,0,0,0,0,0,0,0,40.84
2242,1d621be994165494c1d4bc4d670868d8e66669ef,2,14,0,1,104,29,0,70,4148,741.4
2243,43f173cf44127edc17061b09f0d10f7d5fd0a6da,2,4,0,0,55,4,0,52,2445,478.68
2244,ba809c3b2920e1226f2953dd7f81337245585ca7,0,7,0,0,9,3,0,16,1227,225.92
2245,f40479ab6365e6cb2915081dd0dbb82ee9c144c5,1,8,5,1,105,103,0,12,824,382.97
2246,c80eaecce16c9a5c1f9dca56013c089bc1a27f7b,0,3,0,0,13,4,0,7,328,80.17
2247,39c0909e3e7e04792a2e6c648feba5664c49df54,0,2,0,0,18,0,0,3,200,57.88
2248,5bbed78d7311c2996694563df750e9b549d048dc,0,2,0,0,16,3,0,9,754,132.13
2249,d4a8c48add142794e65820a8086cee34675092e6,0,3,0,0,20,0,0,9,5109,687.53
2250,ea5ddc5ff7cef7cc05cdbbc9c48decdde63884e8,0,1,0,0,7,0,0,6,494,79.74
2251,6529cf3660967932901c46c61aa04a1abe35dd3a,1,5,0,0,34,4,0,4,1115,275.83
2252,456e7fbb60aa7dd1aca122441dc4137fdca4b8f4,0,1,0,0,2,0,0,2,1164,158.54
2253,1131ebe570d8fb0b8877a484e2186647d943b5a3,0,1,0,0,1,0,0,7,99,45.58
2254,1edf8b65e498032e6e5fab962ae2d23a769348d6,0,1,0,0,2,0,0,3,238,41.47
2255,ead9159ecd6b82b27dafce0ee3891d69444c1704,1,12,1,1,75,31,0,24,2869,520.48
2256,3d156a5a24699b3fd3c76863c99aaf79f7c865c2,0,1,0,0,2,0,0,2,79,30.06
2257,da04d73e70ca946529c5eac032fd8a068701400c,0,2,0,0,21,0,0,52,1068,181.08
2258,82dd6f52352ce62ef868a5aa1712fd1c3ffd22d4,0,7,0,0,19,9,0,10,982,174.95
2259,e95a7409af175f72eabba3c0f0feba9832ddf0f3,0,1,0,0,2,0,0,2,455,71.34
2260,84adbe8b22262d100871619fc5a0689466f4489c,0,1,0,0,0,0,0,0,31,254.08
2261,251df1d35f8a5d6c10b05a102970ac8b69ac4a21,0,1,0,0,0,0,0,0,31,17.25
2262,3d50077db1a8923b6a9a2118d29f2ead72fbf528,1,4,0,0,71,16,0,25,1736,337.8
2263,ed7605b892fb8e111abd6fe5d464d092b65fe024,1,2,0,0,76,64,0,1,357,137.85
2264,202118d3b50778a48674abafcf1e60a3e4fda9b4,2,15,1,0,190,10,0,2,8738,1490.65
2265,bd5d2b2433b2a861613a787c88247aad79172066,2,4,2,0,14,5,0,15,810,196.65
2266,98bc9cc829a7c325628924a007baf9699699e604,0,1,0,0,43,0,0,0,358,74.03
2267,df9b82c082571b7dfca4380bffaa38f3fd058927,0,2,0,0,38,2,0,33,962,178.77
2268,69761be2c2c3d107fca613e36c91e30f690b2513,0,3,0,0,1,0,0,0,412,92.38
2269,fc5c533c593bf6f0347fc183ae04c0578829fd27,0,3,0,1,12,12,0,27,652,139.07
2270,8313263677421959c54df53f56cba949a73d4730,1,2,0,0,11,0,0,12,920,191.25
2271,4d776c28b9f24f6807453dfce2ea51233cb77a78,0,10,0,0,32,40,0,73,2928,533.68
2272,ef6a0f9db3af0d98efac767280d4205025d173c5,0,1,0,0,1,0,0,5,292,56.8
2273,8fa39597956b4290cb95f3b9b1c03a7e4a0d95fd,0,2,0,0,2,0,0,2,940,160.81
2274,03351581d05f135185ba6e487986f14667b25cbe,0,1,0,0,11,5,0,27,752,127.76
2275,712bf529b8d2ef4ac9229cb617846d92be031f34,1,0,0,0,0,0,0,0,0,24.15
2276,9e071332b28c0f346c74b83aac5f002a36254bdc,0,5,0,2,37,0,0,4,363,130.12
2277,a1a1b1b781b42e21d7c924f33c523ba49d2ab618,3,20,0,2,155,0,0,45,7379,1296.1
2278,dcb718d0c5d2f7d62f4b53a6939141c968a81dca,0,2,0,0,32,24,0,4,54,50.98
2279,e6c422defebdb55a30b7580620742ee94a18eb88,0,2,0,0,0,0,0,0,576,81.1
2280,8182ddaaef65f1b7c80e1ac1337aac61f00310ed,1,1,0,0,87,53,0,54,271,352.73
2281,a141ff2a7973b379f6b4d1aa9178f0750d6502fd,1,2,0,0,7,0,0,28,2113,340.65
2282,de797e923776da8d14fb465e1f6ff53411b2be6e,1,3,1,0,15,15,0,5,300,88.98
2283,94e43229377dfbe3cad7673a7306a0fe38cc20be,0,2,0,0,9,7,0,2,485,100.6
2284,0b65addae77bb739bd3179b5b664bd5cec0918b0,0,1,0,0,7,13,0,0,137,38.94
2285,25385fe1e2adb5bb4defd866756803932751f5de,0,2,0,0,47,66,0,13,1758,262.5
2286,c00dbf81396ad9ad9de0a6e736434b82dac5c75f,0,9,0,4,22,14,0,6,257,186.41
2287,4e279461571c8b2ced9c5a3682604570d7add17c,0,1,0,0,0,0,0,0,472,74.56
2288,53c69f2e9f09c81b26f0db9f85a6dab39594b1ff,0,1,0,1,46,0,0,9,138,102.6
2289,f9f3a148d96718fd25db0770c53214122fcfb2bf,1,20,0,0,224,27,0,50,7333,1427.23
2290,bd7ff8ece35ee2a5ee2194c9357c5c099bfc2c02,0,1,0,0,2,0,0,0,51,20.51
2291,e495e04c78a7b217e1bf05aacba7e0fdf4dae145,0,1,0,0,0,11,0,0,70,20.0
2292,9431c3b55ca22515d8996047a246fa1e21a9da66,0,17,0,1,356,140,0,48,4130,873.11
2293,a165e6cd5927cba3e77c50e5b7ce40b320f47b2f,0,1,0,0,0,0,0,1,27,13.96
2294,87d25b15cebf2241cdae87b3d122ce2def550142,0,1,0,0,3,0,0,10,65,24.38
2295,ed76ba8de348f69aa4a8691a44cec1b3d7337f9f,0,7,0,0,150,17,0,13,3537,583.26
2296,9570f3c90796cfe1b1dc487c3718a0caf71a82e3,1,13,0,0,2,16,0,13,5759,817.37
2297,770cc7d5d26a2e367f49202522e78e77798fca16,0,2,0,0,40,5,0,18,2007,340.93
2298,3f2ddc2b1700964567ee6ec6b42b2ff8e219e76b,0,1,0,0,1,0,0,0,632,119.04
2299,421ae8504cb11cdb98803b3e4f3d19dbae914759,2,9,0,1,283,357,0,53,3161,799.41
2300,bf0f06c569d36d7f423b7b8811daf64b9cc807b8,0,18,0,3,48,10,0,11,4157,940.54
2301,2e6de1360a6fe6c94cfff38e322a8b6224a1c4cc,0,1,0,0,3,0,0,1,598,89.88
2302,0e83d7445db057476a2ac3263ba61f9f540bfcae,0,2,0,0,6,0,0,1,745,126.31
2303,b5929431a5b59ae2b9485ab17aa2c6814e2f4848,0,1,0,0,2,1,0,0,458,72.33
2304,804e99e4d0539ee7f4a934094ce7d108c143c073,1,9,0,1,134,40,0,72,4225,748.44
2305,e99dc7fa831f4388990fbd4105ec7722c10a917a,0,1,0,0,0,1,0,2,122,38.13
2306,94d1cc12ab49c77e984f47c4660e91c2e6c754b1,0,1,0,0,3,0,0,19,1803,255.17
2307,45f44dc9ead9d7499fd9f9d3de35ca059daf08ca,0,5,0,1,4,1,0,4,2025,371.35
2308,bdd4b8d012d0a326537bc45b6e56b4c9d3b4ff0c,0,1,0,0,0,3,0,0,289,42.33
2309,8c6f8b4b96319b73e928cf8381b39215cf347650,0,12,0,1,68,30,0,101,3166,715.08
2310,2b021bce111e25dcd1b680e2535232ba446cfca0,0,1,0,0,7,0,0,76,301,60.99
2311,f4109e3a2886095766fb53b2e5496f87bba8b45a,0,1,0,0,0,0,0,0,203,34.73
2312,e32b161c8f7f806dba1aa65f955770c637a76417,2,6,0,0,185,99,0,45,4610,827.57
2313,f6ad8d264713855343ad081d49c3a98def9bfffe,0,1,0,0,1,2,0,0,458,67.41
2314,e29a6c1b3b1816b1450d45b22ce43b90e63f0708,0,5,0,1,45,0,0,8,2043,354.81
2315,9018d028e1e01db93ea0215ed03ef7ee628867c9,0,64,0,2,192,62,0,382,16431,3158.13
2316,a47b0b32938a1de6b0ef65816d81933b6c7d4c14,0,13,0,0,191,104,0,9,1802,400.37
2317,df053660bf3e93bd7fa902c9e3c75528d71fd58e,0,13,0,0,103,186,0,2,1807,352.06
2318,e34c7737929e616cc73e10a9009eabee69aadd16,0,1,0,0,3,0,0,1,104,45.72
2319,61735778e936e4275532235a8b2f061623537e7c,0,1,0,0,5,0,0,0,334,54.83
2320,d8516489fff829a80d00bd51b5f75ad05ecaa37a,0,5,0,0,1,33,0,37,2158,560.89
2321,1b70625b81a0e66510d9d1c0a8bb4ebcabf21d9e,0,3,0,0,90,6,0,39,1153,227.71
2322,8742f64536e53929e2a11e481453a1850a0e7cd5,0,3,0,0,3,90,0,33,1153,208.45
2323,e44d373842da7d16747e1eb13b6ede8f3e63ee18,0,1,0,0,7,9,0,3,450,72.66
2324,850bb134a6e0a6fc744e786be041f3b64d8d05ec,0,1,0,0,0,5,0,0,329,54.03
2325,08a9170236a20323c6627b30934c2cb66b4cfb2b,0,2,0,0,6,2,0,3,543,90.94
2326,930eb4975915906bb8e88c4376ad40954f67c806,0,1,0,0,0,0,0,0,82,19.97
2327,3fab67a8b51f7bea07d5162d73225c0b66f3cfa2,0,1,0,0,8,0,0,5,49,28.76
2328,061c22b302f0890ae2e47f0595a84c7fd2abd96b,6,4,0,0,166,18,0,22,1301,405.23
2329,87a157d9eb30938540cf84e2ce86fb8c62592531,0,1,0,1,0,0,0,0,296,142.13
2330,d6601d1d179b575ba88ed372d9e3241bf47a5855,0,1,0,0,0,9,0,0,754,129.93
2331,119ae0c4ac9de2b5279d151bd458ae8d9414c68d,0,3,0,0,90,3,0,37,1153,211.85
2332,b44e09085c70b6c9e8f1a2e0f36662d4c5a2463e,0,7,0,0,79,10,0,82,2573,454.71
2333,a9992a53c459b48e1b8583d247f18839a238f14b,0,1,0,0,6,3,0,7,152,47.02
2334,92b57170e986e181c3781a5716f3a2a6acec4ebd,2,4,0,0,27,0,0,15,2118,411.4
2335,2ce1d7c97cef82af21d70bb6eacd9b9bb21696e8,0,2,0,0,20,1,0,17,1908,291.94
2336,c775d60de6056505471d49e5027668ed02717ccf,0,1,0,0,0,0,0,0,273,42.83
2337,b508f529984b87d2f58d12def05b889425ea38b3,0,1,0,0,0,2,0,20,759,112.44
2338,7d8d42d01bdfca946425cabf84dedecbf0d8602b,2,13,0,0,175,50,0,53,3940,713.21
2339,d54b1fdee720d8d79a1460ef344754509c7e70f4,0,10,0,0,159,109,0,5,5213,760.1
2340,78ebe94d05b29c84e01895460cdb10d2d3095857,0,5,0,0,78,57,0,32,3812,833.44
2341,076030550f14bbe03cc1a78fc54377b55e14f277,0,1,0,0,0,0,0,0,141,31.55
2342,373c98b0df9b58c6db30615e6cbed6db1e600f34,0,1,0,0,0,0,0,0,3,20.22
2343,04afdf96330744831e29896ff133abc60569fb01,0,4,0,0,64,0,0,11,1851,341.78
2344,274e7c27432377b9dca9f928d9b53920653a3fe4,0,2,0,0,56,11,0,29,326,98.04
2345,45a629cd76b3747f9999b3db7a71b4281ada5d37,0,9,0,1,77,38,0,10,1454,345.51
2346,4206b1e86097b6ba961e791ad3c9bb4b073d6ff9,0,1,0,0,0,0,0,0,754,110.08
2347,a51931de2d5eb50e86bc5f40affb6b50e6e1f787,0,1,0,0,2,0,0,7,309,63.95
2348,571e8f8520be236663536500d0e004a2d8b19f2c,0,10,0,2,44,36,0,4,1569,359.59
2349,902cd7e192e72fdb412f7a6061fd776ff9d517dd,0,3,0,0,26,0,0,11,1131,199.32
2350,62b5c047860202f809a645794a6cb26cf8f4ce5d,0,1,0,0,2,0,0,1,1180,160.71
2351,9cdde5ab683f942143f362999ce736643f37cdc4,0,6,0,0,2,7,0,0,920,182.95
2352,7d23c9afb16e02c721281828d76d95c7314aab00,0,3,0,0,9,24,0,0,365,89.35
2353,1c9f356fca7352a8b7bc7608ced26d21d0bc9d45,0,2,0,0,10,0,0,13,1762,257.97
2354,548a74e9b416f147efaf6384c9a4676628d585f0,5,26,1,0,192,91,0,124,11238,2065.41
2355,dd9c07f1c9a591b870a9744733b0b44a98eb059d,0,1,0,0,0,0,0,0,813,128.84
2356,ed36c7cbdae906b68fa649f5f261187ec9408c99,1,0,1,0,0,0,0,0,0,24.74
2357,48c16d1d6622d020d5f4adc24b3aa4e865dcfddf,0,1,0,0,8,3,0,15,237,57.16
2358,0ab2272833ebc0e7010d5af893c55562b5dfc216,0,1,0,0,0,1,0,1,253,53.79
2359,c9d5a838d05243ffb883cdd10b631b98272e266d,0,2,0,0,13,16,0,4,214,67.01
2360,3039d610149aa9a633141bf41abcbd1923dcdff8,0,1,0,0,0,0,0,0,390,299.44
2361,a9253a71045359d00b22debfc3ccc9fdd8555a8f,0,5,0,1,62,7,0,20,1411,275.7
2362,d116edef936bb1ca5fd194296f16ebfc71597e9f,0,14,0,0,140,6,0,139,5359,882.6
2363,619d1a327ef7a364a994b64cc501fa7f406694fe,0,3,0,0,15,4,0,18,1332,215.46
2364,1e6844043137fcbba7dc24332c6d5b95964e7afc,0,15,0,0,28,18,0,59,4772,771.53
2365,e7fb30c371261d0c10ebb85cf7c07f39305371c4,1,9,1,0,3,3,0,0,6614,1017.76
2366,b5f5e2aeeb93b30710fe3633139612df665fd461,0,2,0,0,5,0,0,13,1582,283.2
2367,a2de91f85b57eaa9f7c40910d24b9574e1ad0af3,0,1,0,1,0,0,0,0,115,62.61
2368,c42e7e1028446ab1f8780dcfc291faf59a0d878e,0,2,0,0,26,0,0,19,880,155.62
2369,eba8dab3ec63b570970dfda7bac8a3b806c3f9e9,0,4,0,0,16,35,0,0,458,93.4
2370,ef6ba2db033f7eea4eebbf05ff861c522c26bea2,0,1,0,0,1,0,0,0,836,133.88
2371,d47fd50da1ec451b4b2804227edcd66e6d3a6c3b,0,1,0,0,1,0,0,2,17,18.71
2372,35981f50f90354f9eb1dc30143348276af765265,0,1,0,0,3,0,0,0,837,112.98
2373,46b1b65cc7fdd1a3ed8402bd9c73190a479a69bb,1,4,0,0,62,3,0,24,1305,294.76
2374,7a8c36be23e61dac80c319fee2599d4d301ea4ce,6,20,0,1,196,21,0,42,4707,1232.4
2375,bba38d9a5f7587ebea374552b03e08fcd7f9480d,0,1,0,0,0,0,0,0,135,26.19
2376,23532b3538c2161f9594442ba5001dd1414d4ed7,0,13,0,1,118,28,0,33,5190,846.83
2377,4a2bea25be9db0a3d823f4934076f92cc678a2e9,0,8,0,0,108,10,0,79,3441,608.4
2378,9f7557729cafafcf71aa7a6f0f7ee54013f7c624,0,1,0,0,16,0,0,0,214,59.55
2379,8cc1870f6fad5e23b40a280d8e01fb9296c01ef1,0,1,0,0,0,0,0,0,179,33.61
2380,2229f7e01606b1f44365333d44689873386f4796,0,1,0,0,0,0,0,0,179,238.07
2381,a5c87acadde8007dd81bfd4656465ced75345c09,0,1,0,0,2,0,0,0,139,41.45
2382,351e75629f32091ce3fa8965739e35fc1aeeaa9f,0,2,0,0,94,0,0,7,3899,572.11
2383,10407c9a165535fd1e585d2a5a7738e49823db06,0,2,0,1,20,1,0,17,92,72.1
2384,b57d5dfd4bd65e85fd24108911a10522db1f7efd,0,1,0,1,2,0,0,3,145,78.42
2385,0d73a879b39be5bd9b0271b189e92e48197afe13,0,2,0,0,49,1,0,11,862,146.17
2386,a01617ba9090a6f5e45838ff5e33583975b0c814,1,1,0,0,3,0,0,0,587,155.44
2387,2fb8275da04d90d13e18c31e48d3db0792238be2,0,1,0,0,0,0,0,0,592,80.58
2388,054c0a24180c2c20c35d0d908432bcee32487641,0,3,0,0,44,12,0,24,2656,405.51
2389,8d056194e11076f0da84e62f63f86d2abcbcbb60,0,9,0,0,9,1,0,13,3942,614.0
2390,5392c55cf657601bde937c60d9af78aa5fef078f,0,1,0,0,1,0,0,9,375,58.5
2391,3ba5e7b31817bf55b4a878411de4a6c21069bd99,0,1,0,0,1,0,0,0,480,71.71
2392,91a19bf59a45106bf7c7d2ed95e317722da836b5,3,4,0,1,122,21,0,33,1423,410.55
2393,f584f1226090b5091d5a054561aa6cc5461ce642,0,1,0,0,1,0,0,0,1601,242.74
2394,26a4ab4a157510572e77e914db6edd0cca79e60b,0,5,0,0,24,7,0,57,1122,214.05
2395,b1159115a43bab01438c2204858d3cfca312c5f4,0,3,0,0,61,0,0,9,1884,313.91
2396,d88f53bced732bec70165724ecc348d375fba668,0,1,0,0,2,0,0,4,550,79.82
2397,228ebc64d853cca75f7071d1d53bbeaca3da4b03,0,1,0,0,5,0,0,2,99,32.17
2398,8db322ebdd5431f372aaec65b2d8065afe9b205e,0,9,0,0,19,5,0,5,3960,579.24
2399,54e463f5198425bae3bed784882d7f481bc43d2b,0,7,0,0,56,46,0,4,3161,477.2
2400,50de126b79a71aeb8ba36f69c497d44e1eab8856,1,4,0,0,35,0,0,10,2952,690.51
2401,31468fa7ac0e9b12b26f119a7b9e53d62717a849,0,1,0,1,1,0,0,1,396,174.73
2402,5a0f0313b9a4d80be9e968e769da2ef07b80b69d,0,1,0,0,6,0,0,1,152,56.6
2403,d9f39151c5aed63e55758d284d214ba281f8248f,1,1,0,0,13,0,0,2,830,148.71
2404,b955fa6c3263e1d5678b2668048f8c5dde083b45,0,4,0,0,114,3,0,3,2034,360.15
2405,7ba1306e5b7d478f54e7d7482677472744d5a732,0,18,0,0,78,2,0,12,5301,1020.16
2406,806ccf03dd3ea1651f86d956a4f32ee63c8e07af,0,8,0,0,5,3,0,2,1225,235.18
2407,e1bfdf16a4ef4a0a0b8553a6502b1c5f0a37f804,0,1,0,0,26,0,0,7,633,95.6
2408,cb4320232d0a0b57b6f0e78bc9eaa72ab375c7a7,1,3,0,0,24,5,0,22,1627,284.72
2409,1f176022feca9f7b898ec6792185b7d284bb7497,0,4,0,0,60,40,0,0,696,149.62
2410,dc104e7669d390a98f7b69f34d375bf5e7048721,0,1,0,0,2,0,0,0,207,36.05
2411,bb7f82ac7162cdecce0805b4d5793d6d917f8849,0,2,0,0,0,0,0,0,465,68.09
2412,7a36cab817ccfd01d2413bb3aca682848fed5e65,0,2,0,0,18,0,0,97,615,114.09
2413,1f12fbf6d32689776cf8486d5ccd9656e2da7cf7,0,1,0,0,3,2,0,4,550,92.34
2414,e167c8ab2890d76bc12314559119880ac1bc7284,1,4,0,0,57,29,0,4,456,162.12
2415,abf897ad42ef106af807ae35111c14b665bcbc6f,0,3,0,0,28,3,0,9,2068,363.31
2416,2704cd8a570c6b448ef7c211d6427c4c22dbb35b,0,1,0,0,6,1,0,6,490,75.99
2417,69b505b4da33d1516e634f09d4f10b7ec21b2bfb,0,1,0,0,0,0,0,0,3,21.01
2418,d855d71ba8fb7f2096f0932f589138fc3a500a59,0,4,0,0,100,8,0,63,2153,396.89
2419,2261fc23c97e596be917253bbaa9afdf9a0c8c6a,0,1,0,0,1,0,0,1,800,148.22
2420,a443b9f338c8eaba4158b1daff1e8f334d7d3ef1,0,1,0,0,0,0,0,0,309,232.3
2421,756aa7ff16eddde2cad2b495d6a1918d6e349200,0,1,0,0,0,0,0,0,0,17.21
2422,c7c688679acae49261fd6105bfa579067b2d149b,0,1,0,0,1,0,0,4,1956,279.72
2423,f4f2d4cf0159605b633c29e549bc362af47538c8,2,0,0,0,0,0,0,0,0,58.08
2424,4b8eb16ea95488916ccc5c0718e931e1403b83cf,0,1,0,0,0,1,0,4,495,71.0
2425,34dc2a4b6641b553ac8c7ebe5d86f8a946fe1f54,0,3,0,0,50,1,0,14,3565,532.86
2426,1b1725188ef4218dad4adbb22c6d6bd61ad44588,0,37,0,0,273,88,0,73,7290,1388.42
2427,4de54f355289e4c15f057df5b27b956515a214b8,0,4,0,0,13,0,0,20,3101,480.94
2428,69b7530f60058d990a60f6573570b16ed2c09f1f,0,6,0,1,6,0,0,0,1529,263.46
2429,cd0c4cffa9629fe31eabedd90b37bbb90481209f,1,16,0,0,59,49,0,28,2334,502.4
2430,9ed28b472ce07a9de7ada7353ae25d7e9fe471fb,0,1,0,0,0,2,0,0,51,18.11
2431,bade2361c94af408a22dfb86227ce391a18545f3,0,3,0,0,9,8,0,22,1367,233.13
2432,6b60585fef3734b16fcad4c781d019f64c52e8ea,0,7,0,0,17,2,0,16,1120,251.88
2433,32490bddcebadf8713bac8b1a06b26cc8a3807b2,0,6,0,0,17,0,0,12,847,182.04
2434,5166afddc5b93bbac5ec7f0ab4ed978471a69046,14,1,0,0,34,0,0,0,374,316.69
2435,7e095fa615f62777fad8ca84c4b56b2f1baf3cc6,0,17,0,0,56,38,0,66,6684,1033.47
2436,15d9af3d42b3fcd6b05c5d1729e3d2b06f88c9c6,0,13,0,0,23,27,0,27,6163,1064.96
2437,d9c8e9954a2c2335cc13c0d4911659d795c51187,0,2,0,0,16,3,0,15,2365,327.34
2438,818adb795b2c063578043dc6c2dfd4506afd2b6b,0,1,0,0,1,0,0,1,592,92.83
2439,a46959a370d0ef056f6c37448d45eff221eee39c,0,3,0,1,12,0,0,3,689,160.91
2440,1f8021eca9c644da922c814ab4c1cb281069a5a6,0,14,0,0,5,0,0,5,6250,1260.86
2441,86a38301759f54658bc76739f921cef1799f77fa,0,1,0,0,1,1,0,0,245,48.87
2442,48ccb28e81d0608e3b13c4dce0cace5a8707d3bf,0,1,0,0,0,0,0,0,246,41.31
2443,2062ea1d004172684a625790c85a459e1ffe3559,0,3,0,0,24,2,0,22,3966,640.09
2444,1222383f1d89688f2eed7d48b02c7a05b59f4ca9,0,2,0,0,2,0,0,1,330,82.15
2445,77e16e80279de8b9f80ca6a3a667fa6fdf6514b3,0,1,0,0,2,0,0,2,92,28.77
2446,8fe40ce0e9c7eeab071050b8c6b10f3189c28100,0,2,0,0,10,3,0,11,2058,345.92
2447,9a0eb6f0c2a407aad3e2e966e0b44a584fb68b9a,0,2,0,0,13,0,0,3,316,84.71
2448,82e376b3ea93cf0e78989aebd57a6bc6300d3b88,0,5,0,0,31,0,0,42,5727,788.71
2449,cd508de041ce99352bec1eae0bf531c07ef669f4,0,1,0,0,0,0,0,0,1986,271.46
2450,f000c951c6fe607169fccf709962cf134b81d9d9,0,1,0,0,6,1,0,42,584,113.43
2451,04dd71214ab6b286619e6dcedbde222dedc47603,0,0,0,0,0,0,0,0,0,38.49
2452,c5b874fff019bbf123eca37505c7df0e0e6f2617,0,1,0,0,0,0,0,0,590,79.02
2453,df77a4b0b35fe443fa77a91cf2a68eb1b50cae24,0,2,0,0,18,0,0,15,782,129.05
2454,30f5a95a6ac16108d28677048892596f65da9535,0,1,0,0,0,0,0,0,590,104.13
2455,72c1f6c8c75091f2fa09cd0665b34462c6e986a3,0,2,0,0,33,0,0,4,737,127.23
2456,fa979ebab265e56f82081e811c0b203f589b893c,0,2,0,0,0,33,0,2,737,110.7
2457,6c97552ee1f6bc3efed7bb89facdce94da6ec461,0,2,0,0,33,0,0,4,737,138.14
2458,7569cea558f3804045d28bd73fb8b316cf8affc7,0,2,0,0,0,33,0,2,737,112.91
2459,0c9fad8f6b94407c44337baaac4b115e9a5950ae,1,2,0,0,11,0,0,8,2243,358.13
2460,cd47ea0562aec9b1b630f500c07560242932a62d,19,39,0,1,660,210,0,92,11626,3250.23
2461,73e8383359c9a1f7e34fa00ccdd6a5015ad832f5,3,0,0,0,0,0,0,0,0,116.74
2462,499d11b741a9d553432506dd1195b70481177151,0,5,0,0,1,8,0,4,179,55.87
2463,300f900354872fcaf29410054d2fa49067ff3319,0,39,22,0,210,658,0,90,11628,2190.72
2464,2fe6ab663c08236e9e660fd7a359728417a81570,0,21,0,0,39,8,0,21,4900,816.38
2465,c8ddab6962f49061d5de86d463cebfb962d3a510,1,0,0,0,0,0,0,0,0,33.34
2466,2dcc010d36ca63a3e626e8e6dd287295d11a84e5,0,2,0,0,62,2,0,14,378,91.96
2467,a2471aa2559ad524aaf89fd7c4c9b0152fcdd33f,1,1,0,0,15,2,0,3,728,142.57
2468,10e6defda5ac67a0a360247f4be78bd6c162692e,0,1,0,0,1,0,0,2,370,60.75
2469,d499eedb3c7ebd3f203e4266f6df46bbcc7000d0,0,2,0,0,21,4,0,0,819,138.94
2470,497b4e781d23565824b334928b39ac1ec2a82bd1,0,1,0,0,1,0,0,5,75,28.65
2471,50d332606d4c0655ae18a76d855943f177019f02,0,2,0,0,4,21,0,1,819,153.16
2472,453de3a66cc8eb91b0c6ed666f7aef0b54358677,0,1,0,0,9,0,0,2,1209,161.73
2473,41e3540ab2fd696bb12cfaa5f5b7e89a4b2a2ad3,0,2,0,0,21,4,0,0,819,146.46
2474,c0c650043634e77eecaf15224c19f4868f415193,0,1,0,0,0,0,0,0,97,24.35
2475,49f35a7756467c682de172776b73f4d9c21ebafb,0,4,0,0,39,0,0,16,2142,317.82
2476,771022eed95849fda841fbb69110a8a826340a4f,0,1,0,0,0,0,0,0,264,35.94
2477,7624bcba266a9b0925137452921805db89b0f665,0,2,0,0,19,2,0,15,916,136.16
2478,492feb2a534828c9b7a1624d8e947c3e8f7f1bcc,0,6,0,0,64,2,0,47,2354,359.13
2479,45b7b8955bcfc43e8f949f78bdeadc3428146e19,0,6,0,0,1,14,0,4,2404,333.67
2480,d821f6fcfce45762ded6139dccca198dc182177d,0,2,0,0,6,0,0,3,913,350.81
2481,8c2a573d487d672c4b02fa50003522a8a9a0f088,0,2,0,0,15,0,0,5,1680,228.27
2482,94342eea889e71d9f42d9a9e0a46c4e43efd9132,1,19,0,2,192,220,0,68,4276,918.89
2483,15c62ed21a28a1ed8d2aa36d52ecf0555b7777e2,0,3,0,0,47,12,0,23,591,119.32
2484,97579d40197fd37b7b8600339238d69d288cde25,0,1,0,0,2,4,0,15,257,54.14
2485,39a1e07ce4969ba700d0a2672711483157e435c3,0,2,0,0,16,2,0,7,808,147.82
2486,5ad571ab6cd849438bf6d438e6ceb5eb46243bbe,0,4,0,0,109,0,0,0,740,169.44
2487,f90f4971bd6cde5c956d8dcb8a467b970a4d3712,0,4,0,0,85,0,0,28,2890,450.01
2488,8d07130c67e0ac5e18608ee0586f547147fb9de8,0,2,0,0,0,0,0,0,7,25.79
2489,0876497eb9d165f9f179a6ac9585b25d30740239,0,1,0,0,3,0,0,2,82,29.59
2490,a9c183ff987a9014de99fe7b5dc3f59b9a235cfc,0,3,0,0,136,65,0,68,918,221.39
2491,174248a26f480765e3a937656e146333bc1313b0,0,18,0,0,99,0,0,23,8877,1344.41
2492,916b3a166ced3ee147655abdcfc54006d13bcd81,0,4,0,0,43,657,0,6,355,133.52
2493,01246cdc99a03deb6696a6f7c3cbaa796007bd4d,0,5,0,0,176,55,0,27,4937,880.94
2494,8ebcadd679d12a2724bb9b2eddeab0a696467bfc,0,1,0,0,15,12,0,4,126,40.44
2495,fc8d2fe64550f94482373e201bb41701b3bbcee4,0,1,0,0,1,0,0,13,1250,165.18
2496,fbf165d34748ce7aaeae2a8ff53e4549fdcc40a1,0,1,0,0,21,5,0,14,585,116.19
2497,33313414295a90a661a438853ac18d48f39a0bc3,0,1,0,0,4,0,0,5,686,99.27
2498,35a60f187dcf7c7719d389398661a0416194fd64,0,1,0,0,1,0,0,4,207,46.61
2499,59b1b68d12446e02eb69a0c0c5b62fd8398b4ef0,0,2,0,0,0,0,0,0,2106,278.72
2500,f4872ddd1fa7fe90343ce8d84c30c09758555007,4,3,0,1,173,0,0,4,735,545.37
2501,f20083b193f17dbc41b6e7b49c0ea46d13a2010e,0,3,4,0,0,170,0,0,738,146.82
2502,07dbe903ded276d61fc64e225cb68c4e698a8ee3,0,7,0,0,66,8,0,2,4761,808.37
2503,36788d1cc258e56f48df68e706db36db53eb484b,0,1,0,0,2,0,0,17,2093,256.02
2504,e06a31d62b470e873c89a66e275aa2a9bfcf1bd8,0,5,0,0,150,104,0,24,1615,339.06
2505,b246e68435e8d86a2a12fb8fe6c5aa9d9896ff92,0,1,0,0,14,0,0,5,56,28.77
2506,457d51bec52e4b4783827a9a0b1eed9c031f20e2,0,2,0,0,0,0,0,0,850,133.79
2507,6bed2d07daf0ae310991c1c1340774f045410878,0,15,0,13,6489,2872,0,36,33664,8944.26
2508,8a6d0fbca1d0e5587e1f3bd1eeb186f789c0af24,0,3,0,0,9,0,0,13,1709,258.41
2509,4b4904a77cb1e4611105308119c56fa4a5a32121,4,4,0,0,45,1,0,17,946,307.55
2510,df4a9d4ad3ad7b3b530be92c8f5c5942aa8d0093,1,5,0,0,22,2,0,7,2605,400.05
2511,a2887a9bb7e532bd37a0e0ff103e31c3353cd3a6,0,4,0,0,2651,0,0,314,27602,4472.47
2512,802d7c86742dcdf49f955809a7d00bac9797cc4f,0,1,0,0,1,0,0,3,1690,235.55
2513,7ef8f6e307839e44486a8eafb0475d9f3f1684d4,0,8,0,2,83,6,0,14,1588,437.5
2514,34b24a2ab7c2a6ca1f5df169670449fdbca77c9e,0,1,0,0,2,0,0,0,115,49.08
2515,c6519ca4c72e51234a9e650d76ca404ed6d4081a,0,2,0,0,120,7,0,47,364,109.38
2516,af0612f8865f479a0c633ea0ff9592667ad5f99c,1,1,0,0,3,0,0,2,766,146.52
2517,8bb23aef171260022f49698ecbe2da89bd18cade,0,3,0,0,0,0,0,0,123,37.11
2518,23b135965f24968457ea8dcac2b27dc51722803a,1,1,1,0,0,0,0,0,72,46.31
2519,0e0394bc353fa5056b05c4722a839e1463658e82,0,5,0,0,84,3,0,30,4576,797.84
2520,b50714c04304a8e15fa9c43ed08ea456ddc41a14,1,3,0,0,180,22,0,22,832,517.06
2521,ce3bae033471a492c52cef7a660aa9c8f41dc6d3,0,1,0,0,3,0,0,5,328,63.42
2522,37735435ec9ae0b01083aad4f068c341c32776f9,0,1,0,0,14,0,0,13,106,47.13
2523,ac0fb8d5ae855e9d598e881225d4386d4c23deb9,0,2,0,0,15,5,0,2,886,142.55
2524,ca6c71acd3d1fecf9959539376bdb2e1cee987fe,0,3,0,2,129,0,0,0,988,328.88
2525,71682997f3bd3a3685ff0006633b2879688f99bd,3,1,0,0,35,0,0,33,285,172.52
2526,fe2a3d022b7a4655bda6c7491467ab11417718c7,0,7,0,6,0,0,0,0,1237,432.74
2527,628e5cd9f26bc7f7924b4db0af02fadd47bbd815,0,2,0,0,14,0,0,16,685,119.59
2528,0a9ab797308bd724d773e3be774d1ce759ad5f2a,0,1,0,0,1,2,0,6,391,69.44
2529,aa7a5b29264263fdcc07a929073ef004584f61d3,0,1,0,0,21,0,0,10,1251,200.97
2530,5994c5014382bb09d040c0f9e9e0aae13d025e8b,0,3,0,0,67,49,0,27,3601,495.69
2531,0caad4616e2c67cc21e50ec4d8efce89f3469006,0,1,0,0,0,2,0,1,2103,288.4
2532,0dd3c22706b7cd0db05edb9a8d45d05cab1797f8,0,1,0,0,1,0,0,2,2103,276.4
2533,9684065bec1c6afbd669cbcf8416130950b8fbf7,0,4,0,0,58,135,0,99,1587,302.75
2534,f1815cf54475d23e296bdde6461e4d2edbc64177,0,1,0,0,2,0,0,14,127,34.99
2535,588206f411b0281eb27f86b8eb9d0a3328fb5f67,0,2,0,0,186,3,0,35,1387,264.96
2536,145d25dfc2e2d1663392cbda007a3c07aea3a93e,0,8,0,0,92,2,0,79,2832,467.96
2537,953d89e3a93bfd9355b421e704cbab0894cf1a0e,0,2,0,0,11,0,0,6,171,65.74
2538,0f708f7370f47b739585b54cd19c8da241fe3f9e,0,6,0,0,0,0,0,0,1527,226.15
2539,c3575d2eb57ad08466c260748c1be0ea09468f98,0,3,0,0,34,2,0,8,1301,220.12
2540,6a80cf5bf9cb75b4124b2918fd0bfaf77486ec15,0,1,0,0,11,0,0,5,431,329.98
2541,b77dca0c7fdeaf695c06bd156646171b1505f564,0,24,0,3,71,20,0,22,9223,1547.08
2542,a4a4e97338e763fdf990f5a23e0ce47e47834360,0,7,0,1,1,3,0,0,1169,189.7
2543,398289ce6e1b7c331604864a6d1eae5147661431,0,4,0,0,26,0,0,4,1211,220.44
2544,a01166ec92b57bdd81d1e5e9f24d8b0a2eade331,0,27,0,1,130,70,0,4,6023,1162.92
2545,ce71b8a1bca3fcf06cbeecc1b28cec82e12fb49b,2,0,0,0,0,0,0,0,0,85.11
2546,e531e2595c0f8104ec596d2c69aa95dc51583f3c,1,6,0,0,50,13,0,0,2628,413.4
2547,a54ec1b7cc55cd087cf84f3e7591b458c07bf48e,0,1,0,0,46,10,0,9,61,40.83
2548,d7050d3541df7d7e56c87ab5ea1f45bfd8bc8b49,6,3,0,0,35,0,0,57,3803,641.56
2549,5b61755b0fcd9b9c81901c1f4b25cb980f8af9d4,0,1,0,0,1,0,0,0,146,40.9
2550,c176d41582c50c95e335d35ed5afc3f4270d2760,0,1,0,0,4,0,0,0,224,38.81
2551,4ef6cb8bc94365ed57466411d4f499d4611f0b77,0,1,0,0,3,0,0,3,51,24.79
2552,ba56d88d6075d48094bbdd0a30348d494340a3aa,0,1,0,0,44,1,0,37,660,139.68
2553,8eab15acf5ff23d04c597d30ea653e8081891ee9,0,2,0,0,1,0,0,0,142,41.13
2554,324a2cfeb4ee7f85c53635d1bb068a2bd0780163,0,2,0,0,13,0,0,20,786,118.17
2555,9ffc74858916eaaf5220f08aa8768bb17cdc7363,0,1,0,0,12,1,0,2,441,76.68
2556,a2392c913e4de8b2ceeb8658b993b04d30e67f51,0,3,0,0,24,4,0,2,1025,199.38
2557,0132176084cfa7b6ff881d2f58399462e39c32da,1,0,0,0,0,0,0,0,0,19.31
2558,ee6f0fb23121584f155cc6445a4e18754eefd6af,0,2,0,0,0,0,0,0,414,74.07
2559,88115f3d8b370efb2a405fda1831f4996972c91b,0,4,0,0,13,3,0,9,1092,221.71
2560,723e8559e399a130bc7a5a589575f72e95de8e8f,0,3,0,0,32,0,0,0,3288,800.48
2561,e4f40224931fee8036f4a2d41a7e1a5d5750c2e4,0,1,0,0,1,1,0,0,504,78.83
2562,edc6696bc5a611a20fb1e713eb00b48d2cb7dd87,0,1,0,0,7,0,0,1,79,28.22
2563,990de61c9bc9c93b2ad254f9c93894e334c5266b,0,2,0,0,14,0,0,41,1109,180.31
2564,c4426b5b797ae718180c8bb902a3c60850c4d6a2,2,1,0,0,83,0,0,6,2107,366.46
2565,7ce77fc5d3efb6170c8c177599f7fd8b03f14e66,0,5,0,0,45,4,0,11,2682,433.28
2566,5d9f98e09d39e8d84c8e54add0695eef84888b29,0,1,0,0,29,0,0,21,2196,311.34
2567,35a36c2c666f298deebdf2a36f32c1ca9984bfc3,1,3,0,0,19,2,0,15,993,227.75
2568,fc08d20ebd1a037c52a9378ae9f2a3fe4f5069a1,0,19,0,0,94,42,0,8,1375,395.64
2569,7d34da889ebe863e06c6e47b1ca26e115cd64d25,0,2,0,0,26,10,0,21,859,147.25
2570,be78e3c4ee08dda7d14f31577ead5bd6fc12d197,0,8,0,1,101,0,0,27,4672,735.5
2571,05423b150bd609b1810c7dbc5173f8471d068bf7,1,8,0,0,52,11,0,40,4602,736.9
2572,2ec60a022e49fe2f28f699f5afa77fe6cff2d7eb,0,10,0,0,117,28,0,91,3924,663.4
2573,273804e658bf53e365bf35e3777d0abf55116286,9,8,0,1,72,0,0,40,2015,595.08
2574,458a3ff0924de06ea28682125902993f6ff478a4,0,11,0,0,5,0,0,7,4117,595.46
2575,1d24d71821f0163977a4d625263c9dcfaabe7bcb,0,10,1,0,58,9,0,41,3022,503.43
2576,6be64072e85dd0341560448c5c710411b46c8a70,4,19,0,14,345,194,0,100,2731,1194.22
2577,2f58da0489c7385d16733a380f6111935af01f4c,0,4,0,0,57,0,0,24,3021,500.78
2578,b4dccf91989551b0fbbf93175c8c41d22dd69c22,0,1,0,0,11,0,0,0,899,137.88
2579,ce36877d30efb21a6c62a72c47cf51b442576fda,6,1,2,0,81,149,0,6,2091,477.5
2580,865b14133b8a2ed985a774e39c6944ae9f1d1dee,0,2,0,0,7,0,0,0,808,363.62
2581,4ba5a9d29e71040f9175422a00624eaaceb3ea7b,0,11,0,3,92,9,0,58,585,335.98
2582,327e2d1f7438f6abfd1b82a65df6a003cd6df264,3,8,0,0,53,29,0,18,3437,629.99
2583,772ecdd23681a8c03989598b3bc2e7f86b3fa668,0,2,0,0,0,0,0,0,949,125.67
2584,6fb055da007c3d2346bfd867bc86924c6056489d,0,2,0,0,4,2,0,3,2416,328.19
2585,536ff218258177d923e8771b44fce2420dc4c9e5,6,0,0,0,0,0,0,0,0,162.56
2586,fa98df639ead80e1d374a134ceb289fa1189114e,1,1,0,0,4,0,0,0,303,70.44
2587,26b2950bc7a9b2c8fbc3dcc53d35485a1e3944ac,0,2,0,0,11,7,0,4,958,157.49
2588,358dc6e6e6fab5be429be33d140affea8d517c80,0,1,0,0,17,0,0,18,293,61.36
2589,5a9f595e7d1f7e23cc87e015562cde879ca5140b,2,7,0,1,37,71,0,16,4071,645.34
2590,1e6c2278831f4b8e19c4488091f7700a3ad90369,0,2,0,0,0,0,0,0,147,29.15
2591,53712ce495995803bdb4aed1e704b4fab160f14f,2,0,0,0,0,0,0,0,0,44.51
2592,accf8ee8621010ce76169a99ce0daee76469c0af,0,5,0,3,366,0,0,121,2209,847.29
2593,82670f81b88814e459b32862168d8b986fccdf44,0,2,0,0,6,30,0,21,269,74.61
2594,1692dde435cbe861f03d1199859228671976a628,0,1,0,1,0,0,0,0,354,164.56
2595,8ea1c8ddd6ad9f1663921871a4a1d5df75e5830d,9,9,0,0,312,110,0,67,3616,954.22
2596,080206de01833e7bdc049f9183b87eb593e71573,1,2,0,0,12,2,0,16,799,168.43
2597,3fd6997380a0e78f522a85d53f596ff73ed50991,0,4,0,0,8,0,0,2,1181,207.57
2598,ef65dde6b3767f3c0e670d5357ff4a17c4f9d4e6,0,1,0,0,8,0,0,0,70,24.1
2599,67ded34626449c6adc8be9966c8108de95e70ac4,0,1,0,0,0,0,0,0,208,47.38
2600,89ea8af04f64dc3080bc345f540693da5d340803,0,1,0,0,0,1,0,3,26,288.06
2601,b291485220a7ec20ca17624a4993eba261ff86f2,0,1,0,0,30,18,0,17,400,69.65
2602,81482cebb82e1bc54234cbb3dc90bc57c3feba92,0,1,0,0,0,0,0,0,430,54.87
2603,277e246110bc94c18ac695420617ec6e6bcb4e8d,0,1,0,0,1,0,0,1,430,59.5
2604,8ecfa1087c269d7096d8482868fa28d02a274574,0,1,0,0,0,1,0,0,430,55.07
2605,06e70aa877d13eddb557abb5d035d80386032018,0,7,0,0,970,311,0,64,2224,609.7
2606,86f8282befd085dc07b43def62a3168666ed8852,0,2,0,0,24,1,0,4,569,101.63
2607,6135aa2d5a4dc08e709dd6ae80a3fd5c7985b617,0,1,0,0,0,0,0,2,711,102.92
2608,fe2f84dbb10fc1a31cf92faca76e83f6a778fae6,0,2,0,0,27,0,0,33,2236,309.64
2609,3e234935438029fb07380257ca20d4b9e33459d6,0,4,0,0,21,2,0,2,4369,607.63
2610,4e99cb492324aa9d9f9ffebd4b5ce931a719363a,2,9,0,1,235,88,0,39,5554,976.06
2611,f9802e4cdfd81e2972101903a703248bdede436e,0,1,0,0,1,0,0,2,154,31.74
2612,450583b9bde70e1af22fa15c5a5fc441739b0042,0,9,0,0,131,7,0,30,1460,295.92
2613,3d7e7f162685c353cdf9e8c244901bae2f006d55,0,1,0,0,0,0,0,0,315,49.38
2614,e72b67e20c536ffcb7d1df0a9ad68316c09d0243,1,4,0,0,94,13,0,51,1436,642.76
2615,72dfa4207d3c3e1af415d4f93a4a5bc3191a8a47,0,3,0,0,17,0,0,4,2361,340.88
2616,de4f4aa9e4b105175940718081020f823b380939,0,22,5,0,32,244,0,44,5505,924.46
2617,1f253c23fa3b5b0491c7ddea73406d555c891ad1,0,1,0,0,1,0,0,2,800,132.58
2618,e1449b553849b9c3d7fb02257d7e2701561ea5c0,0,1,0,0,0,0,0,0,354,51.97
2619,1140530cc228a6c9b13ba3b4d1653962935739dd,0,1,0,0,0,1,0,2,800,121.25
2620,be245101ac4a9456b2e77a93142b4c300fd8a327,0,8,0,0,27,1,0,47,4629,934.66
2621,9b5721518577b8ed421694594dd7d7687506a566,0,5,0,0,44,0,0,4,2463,373.45
2622,4cc08fa5d6123adc34f59a9434b4147f383235b8,1,11,1,0,336,24,0,23,4594,746.0
2623,af91c18d63d795613d036cc4c87e90718dd1fea7,0,5,0,0,570,5,0,0,1571,394.54
2624,6d43887b88bc798db610d34f0f434cec1f1f055a,0,1,0,0,1,0,0,0,1417,175.54
2625,915f2cd40db7434510a4c39dbf817332b88c89a4,0,3,0,0,4,0,0,15,1062,176.73
2626,7a0c1daf6382e484c9c1b2fba6e735a8306f8133,0,3,0,0,67,7,0,31,4872,674.9
2627,00781a6eb181ec379881a624a8b97d7aeabd3651,0,1,0,0,2,0,0,23,354,59.05
2628,2f06c667d378b908724ea4db8b61c59dfe3cbcb4,0,1,0,0,19,0,0,15,505,93.19
2629,720a97479497345c7b966b727335c9845aa96bfc,0,1,0,0,1,7,0,5,305,59.05
2630,00316a4a512976e743b165d79292ceb9d6d752b5,0,3,0,0,25,6,0,2,325,77.25
2631,167f012d64b3e8c13d47ee9278d7b531e4924e18,3,9,0,0,99,64,0,16,4660,894.41
2632,66772ce04356d31aa8d3558624ca777d99f821f0,0,2,0,1,19,0,0,2,676,168.67
2633,1283155ddcb153b90c8788fb38e019d984a8fe1a,0,2,0,0,68,0,0,5,517,103.65
2634,f4ea4f4f07d0dc31b42122449cea9d8fd17ef4e8,0,4,0,0,1,0,0,3,2579,342.43
2635,7d1f7b7f37a6262c564531247e82570c9a3297a7,0,1,0,0,2,0,0,5,428,63.64
2636,814616687abd70d162e4e50286e1efe149e17662,0,2,0,0,5,0,0,16,1725,241.14
2637,a31cb26e5a65f70315e26c574ed94326ba64f644,0,1,0,0,8,5,0,0,120,33.56
2638,135478ca2147889c52a708d4cbbed493ad655e79,0,5,0,0,6,0,0,13,1637,253.76
2639,b7844d9dd0586373de6b028a5848c2192d87a754,0,13,0,0,20,4,0,3,2458,388.32
2640,a2ff41653a422a44c58b599ed2d35f48709607c5,0,4,0,0,316,14,0,59,1641,608.3
2641,8575edd908da86a1f515599506fbf5abf4aa9329,0,13,0,0,10,24,0,11,4999,711.3
2642,51ec5b2b233d146b3801e4ef5e44293101cc87f3,0,2,0,0,78,1,0,20,2887,524.89
2643,38eb4579e44fe15c46bdaa4a3a408277555fec64,0,2,0,0,9,0,0,2,274,68.43
2644,36324e341d854893ccd2a0a4d20486ef8e30545e,0,3,0,0,160,32,0,30,1660,308.65
2645,fc9faf85856ac4964f1a3073af184bd2388b57a9,0,2,0,0,7,0,0,1,620,95.57
2646,0717d134167e165bf6d40845f4f102e8ab2145b9,4,0,0,0,0,0,0,0,0,158.87
2647,1478088b10582849081c7fb4208dddad37cc4020,0,1,0,0,0,0,0,0,112,24.95
2648,ea687c181dc5857fc298eba780595438e5519d53,0,1,0,0,0,0,0,0,46,16.69
2649,3976ec641eea6b5f36d2a8d9c0fc58d97703df85,0,1,0,0,9,0,0,12,33,26.12
2650,401c4ec01456317ebf4d4533e2b892fe5305074c,0,1,0,0,0,0,0,0,112,23.76
2651,b987a52e3652b25b7ce061e9da85fb95dd3dfa06,0,21,0,1,69,29,0,59,4716,861.77
2652,b4a1bb164b378dfac79d6f63b05f90a781d29db6,0,1,0,0,0,12,0,0,34,14.72
2653,a2c1c0cd3e4bea221ec22dc9534390a7e1f5be9e,3,11,0,2,145,135,0,27,4670,878.74
2654,099ddf36ec63a43da4a84721dd997b9a6881254f,0,1,0,0,0,3,0,0,418,66.47
2655,fcfb13e312b881cb196f2d25c545792def75a351,0,1,0,0,0,42,0,2,2164,291.31
2656,9d15d08d717961d1fa63c323cacbf811157456cb,1,0,0,0,0,0,0,0,0,65.02
2657,6858d30b13fcd135dd57cec94d0d4349ad56388d,0,1,0,0,15,0,0,7,79,33.39
2658,ae3cbd06059581485efaf024d8508ff3abfe3ae2,0,1,0,0,17,13,0,0,151,45.18
2659,1e7ca13fda811ca92509f775bca4887bbb0f8d8a,0,0,1,0,0,0,0,0,0,14.59
2660,183e36e43b84071bd641957cac50094956a24f3a,0,1,0,0,23,1,0,23,167,349.0
2661,2a3ca44ea40c06596dee2a47de03e37e2505875c,0,1,0,0,12,0,0,13,190,55.6
2662,421400c2561af04c72617b28a832bc9fdc8af2ae,0,2,0,0,17,0,0,12,302,66.54
2663,34d88b8e234a0748df4d89f84921cb8a555c8ac5,0,2,0,0,31,0,0,17,255,72.32
2664,89a985f28cd2cdddf84b313a7009d400b8968aab,1,1,0,0,1,0,0,1,364,70.94
2665,e8ec0b9f8c1ce0759bf287c21e7f6c87c1cbb376,0,2,0,0,10,5,0,14,1131,186.49
2666,5eb12593994e712596ea087b28472f8137721c01,0,3,0,0,27,46,0,4,2575,371.65
2667,a0a2674c42f0946d46b322d39377e1cf058c012e,0,2,0,0,4,1,0,1,641,107.5
2668,13b35ce82c59b55dcf25833aa046e3664d26d216,0,3,0,0,35,0,0,27,2446,358.76
2669,f9fb38e31c8a197ec8430af81b04565e3cc0a770,1,3,0,0,64,11,0,42,2493,410.55
2670,0b30494edb836ac29202053a5203189f2091eca6,0,2,0,0,60,0,0,24,2578,386.9
2671,e05c21c0cb7e2897e5fa918fc183b23124f9b98a,0,3,0,0,0,11,0,26,647,105.74
2672,144b27d1a319174785e4fbd3e300363730682d19,0,1,0,0,0,0,0,0,377,47.26
2673,b854d1efb11f6a50f452cef4cfe20a22dc6ee6a3,0,19,0,1,58,30,0,51,6999,1105.01
2674,f8c7f1b0fb064fb082f4cb386672ad2cf4a42094,2,40,0,6,1733,864,0,138,22878,6101.26
2675,fabaf478ed42ea3f64ec24c729d95bd75896af5a,1,19,0,0,243,74,0,101,6911,1169.42
2676,6fb905120cad98f0b473d1836128ddb323248ed2,0,1,0,0,0,0,0,0,55,17.07
2677,fd4ce7149f1068ad708f1625366d36ab048c3634,0,1,0,0,23,0,0,3,1574,227.9
2678,77c6b2bd6b4dffccf4645360b123faeeacf7e720,0,1,0,0,0,0,0,0,27,13.95
2679,afcdced021adf973e4e4575acf3d7aa59ba56306,1,1,0,0,0,4,0,4,1593,282.31
2680,9989f8369983ea95db9ea58aa58333bb37b47ddf,0,1,0,0,4,0,0,8,809,390.35
2681,1d6b501c9bd604db4bae6876bb059e3733b1ebe8,1,0,0,0,0,0,0,0,0,44.22
2682,2a853d4a968ddc5d4abf02268147a1589839a2e7,0,1,0,0,0,0,0,0,98,25.3
2683,917a07b73fc3196cd8bb9eba1d6e8ffffa99cc50,1,0,0,0,0,0,0,0,0,20.97
2684,0be3011b5f3b4d8d5adebd9193eac975f35fc845,0,2,0,0,6,1,0,8,2225,302.41
2685,8964098cd8d2b9bea0af89dc9e3d45fb20a98b28,0,2,0,0,30,0,0,2,867,134.92
2686,d7110681df18d369c3b4ddf862a674bd7e95b8c2,0,1,0,0,0,23,0,3,1570,200.57
2687,6d848a194310dc8e3bdc9030b750359c9abcb4b5,0,1,0,0,4,0,0,10,1417,201.17
2688,f854df4223ce2cc13c5c91b34f790440d5b4a0ba,0,6,0,1,61,0,0,14,3979,600.52
2689,b695b64dfa5b77c7168616c3844795ec44fa6f4e,0,3,0,0,29,3,0,3,2289,314.76
2690,87899ccda86ee096e075935e473653e420d33319,0,2,0,0,76,38,0,27,1889,267.94
2691,aee5d1d286ee4ba8e57fcc7f7c85ca235d2d8b49,0,2,0,0,75,48,0,3,4265,582.96
2692,69ffbf247f44bfa2039e337532ba2c13d86d23c7,0,1,0,0,17,3,0,54,2135,291.56
2693,2f3d22f5b7a5fe363db28948a14ae7e1c220c970,1,2,0,0,161,157,0,28,802,224.67
2694,90864888ed104bf127955be32d6b9dc94e35ca9c,0,2,0,0,52,75,0,14,4279,591.73
2695,00cfc8f7f79ee60851bc542fe149560814d8eac1,0,2,0,0,75,48,0,3,4283,595.24
2696,d032ea818beb7578e75e7c286cc58d6e8aad3449,0,4,0,0,376,87,0,21,1277,315.61
2697,3e75a6025d499f18fc4ebecc2740641718154b20,0,1,0,0,0,37,0,12,252,44.73
2698,d45f53a3079c3618ff81a88f4ab39da36b3ee8a2,0,3,0,0,54,2,0,86,3903,544.76
2699,07082e8f694cfd70d000b52ed018d1a1f765d636,0,3,0,0,13,0,0,10,1000,143.26
2700,8c47119bcd6dd82d51836f35daecdb2b3254c758,0,1,0,0,22,0,0,15,158,311.4
2701,49731c73dc222a3e4c7b4b8774417ef2f1206d11,0,1,0,0,23,0,0,3,1605,215.24
2702,9c8d4067ce313d796d837ecd55141db09e027973,0,1,0,0,5,3,0,11,629,93.77
2703,4774650cc11a06e3d87c2e79de0ac7762fa4d33f,0,12,0,0,427,0,0,34,1166,348.77
2704,7d65b7448cb5ff91b70e75c32a0886191401d56b,0,1,0,0,62,0,0,3,414,88.46
2705,d6c82520df968099fe82630b254978740c7beaff,0,11,0,1,1237,29,0,20,3116,796.14
2706,26d737fbc5e11752e264d6d27b25ca74d09077df,0,3,0,0,103,30,0,120,1820,308.21
2707,31e2b2dee5224729f902fb661b701a4bed3ad712,1,1,0,0,3,0,0,7,90,43.22
2708,f179f571a350b0d0ec8c4ca56d1620c2107f3862,2,5,0,0,22,0,0,12,3802,607.59
2709,b259229b5734c71727d671a4d73ec82db58269ad,0,1,0,0,2,0,0,4,165,41.54
2710,cae042bb81c4d920563ec9588196189bd9a46e08,0,0,3,0,0,0,0,0,0,40.62
2711,0498c89c72ce89de44947bca156e5a97a7ccc119,0,1,0,0,24,0,0,0,895,128.44
2712,75bf5b04c4f308736984d05d9e2506f2d11d648b,0,9,0,9,132,54,0,24,1862,950.69
2713,17a5076606bc01c04d2b352ccb2109b0d10372c6,0,8,0,0,611,433,0,165,4337,830.94
2714,9b662f467b0f56f3e2876f25bc4919ffddcee746,0,1,0,0,0,0,0,0,262,41.33
2715,e8560bf97392692463dd44a4a035784ed54fabf9,0,5,0,0,99,1,0,4,2848,412.19
2716,07962e24a57506226ebae18b5f5fd93ef99056f9,0,2,0,0,4,16,0,4,975,138.48
2717,7693a7c9f27c44c7548523c1b182cfee2cd55a91,0,1,0,0,4,0,0,9,1756,245.95
2718,c18eebd8a619bd0491afaf44c9cfda72510755cb,1,6,0,0,119,58,0,7,2364,921.7
2719,022ef75950cb9b4e9f372ce309ae312c36526eef,0,3,0,0,41,56,0,27,1198,214.5
2720,aa5ce08ff1b4ef079956939c964ae34aae2c0f51,0,3,0,0,26,42,0,33,1197,443.89
2721,da7ff6c6c452fef1f391ce86c42e39bf589afbad,0,3,0,0,92,10,0,46,236,128.59
2722,a7083731c8178849af955e0205097774b300cdcc,1,1,0,0,1,0,0,1,164,53.66
2723,eef90a46040c6b4018b699dfc96cb4bc8bc4e82e,0,3,0,0,50,16,0,5,1909,279.61
2724,fe4e7afdd0a98295cce5099b56f8fd18ea2169d8,0,1,0,0,7,0,0,11,120,29.86
2725,4c61d4a9651b64dd3b451813331d58e5c5b66d3c,0,5,0,0,72,30,0,19,2085,334.23
2726,6e77b7eefd54068280e5d1a5dd60470b3b341942,1,0,0,0,0,0,0,0,0,31.26
2727,1a90a79658ae1433c737f0372db420f574553bde,0,1,0,0,3,0,0,6,711,122.72
2728,292e39f392907b1e798f502318366ec5f921d3b6,0,2,0,0,60,1,0,17,1779,271.03
2729,683c005fcae3431dc5da3d7e2c41fb25cb039df3,0,2,0,0,0,23,0,6,1816,244.03
2730,2cac5504670cdc268f9ebcab9a58a35f84241053,0,2,0,0,24,0,0,7,1816,265.79
2731,b36c9ceea2df6c1bbdbba04cefd2e7bd4b3ed8a9,0,3,0,0,18,6,0,16,324,80.06
2732,3e2afde13090743ac15c3bb1d95e7bdf6f08f207,0,19,0,3,27,0,0,9,2647,524.1
2733,6a4496054983d68db1f8b83f6790974e3f055d96,0,1,0,0,6,7,0,0,479,75.38
2734,dfc63998d20a956bf7a44ed6bcd7c495801fc4bf,0,1,0,0,3,0,0,0,70,21.43
2735,be6e4c6593f4ae94e3dfddcb9e359cf611885ee0,0,1,0,0,4,1,0,6,615,86.89
2736,495ecfbc1672c195fcf786fbc1bf0b0a8a2460b7,0,1,0,1,3,0,0,0,27,27.74
2737,6db2eedc9b6a27972a1f69426fc9422c7cb88368,0,9,0,0,355,62,0,44,4637,730.15
2738,ca8882e804d9c9365b05058fa96468607d515ee2,0,10,0,0,2300,0,0,4,7301,1426.17
2739,c35206b420003e1b7ab22845ecf3991123e4f219,1,7,0,0,700,10,0,657,13028,1932.22
2740,93b8418081beaa0daaf3acc4f9e355922878c63b,0,1,0,0,0,0,0,0,75,289.5
2741,1ba1b77ae8cea6192f26170b5d5a9263ce0c1011,0,5,0,0,103,42,0,41,2643,421.47
2742,d5ef991ac44e3180a697482f2b3423699aab70eb,0,1,0,1,16,0,0,8,619,238.34
2743,e17357d77a4f181af1dd9c419c345459efddb655,0,1,0,0,4,0,0,5,635,103.36
2744,3ee5280b6bb160bc54e716fb74cdbbc1f129ff59,0,5,0,5,15,4,0,23,2959,1163.48
2745,5c12d03ddd74990ba251303188e2725368d1a7e4,0,1,0,1,49,0,0,0,303,155.59
2746,fa54aef8551f0ee30826ba228ab2d966470b8f8b,2,7,0,7,124,29,0,8,1465,768.33
2747,ccb9c74400d1614cfbd3f5afe4812166a3c54ab9,0,2,0,2,45,0,0,17,600,288.23
2748,1aad1a456f5c6f66b6d773cc4037d4c1720d9abd,0,1,0,1,82,0,0,1,69,61.94
2749,2a0effdb9fa6811d6c0d74adffd3f46629d86ed8,1,0,0,0,0,0,0,0,0,24.07
2750,522dd51ef9adace2d0b46d8b098f9fa799686ba0,0,2,0,2,0,0,0,0,560,222.05
2751,dfab705a3b0faf7dcea16a38a771ee22c80efbee,0,5,0,5,1002,0,0,0,30691,10961.69
2752,cd8f390d900375f9d598d76ce42a4b1624ea4438,3,0,0,0,0,0,0,0,0,158.94
2753,bb87ad10e07f0be2b0acc0de80b59b90868afd1a,0,1,0,1,29,0,0,4,542,203.3
2754,9bb6236ecc88b08c74e90c2ef0587ff4b315599f,1,3,0,3,36,0,0,0,1064,469.9
2755,31d4659cce428bec7f9c64f63a22fd32cfacee8e,0,11,0,11,0,10,0,22,1177,794.97
2756,b61974d1cef23f70164cf0392fe47377f116b74d,0,4,0,4,236,0,0,25,933,492.65
2757,65fc2953bddc7c3cc04bc009473ee37884765cdc,0,1,0,1,0,0,0,0,468,177.74
2758,a43d806e465fa8809556b1df02123121bb9817a6,0,3,0,3,1,0,0,1,250,154.16
2759,3d586b872208b6f281a798f6ca9d196bd331aaa5,0,2,0,2,32,0,0,12,1207,495.62
2760,17a12aa8e5ea8391b2fd5e6554bc191b4aac3d49,6,1,1,0,0,0,0,0,1492,847.59
2761,bf1470c6c7a657a57aecd4d224589e8e92ff2296,0,1,0,1,4,0,0,1,183,96.86
2762,b3ec7ced77ca583863bd8ff5945a6b344e0b015d,0,6,0,5,76,7,0,95,6079,2202.36
2763,5c8ba16c343cdb6efde28d1c58f250f461fa902e,0,1,0,1,7,0,0,2,154,103.55
2764,15b1bea88353695ab3ed89008ff17d808ea04913,0,1,0,0,20,0,0,0,1492,189.44
2765,ff2bcd476046c76d926639114efdb704fe287356,3,12,0,10,33,43,0,63,4335,1278.82
2766,51d2dd1490495867e80a4bef97ebb0c516d1037b,0,1,0,1,0,1,0,1,15,29.5
2767,968479a34dc42fd9950f4d8ad4693f081c2cf5d9,0,1,0,1,17,0,0,0,701,272.61
2768,705ad5969f9bc8d8371acefb67fcd7e047fdbe11,0,1,0,0,0,1,0,2,717,92.67
2769,9a1ba2926a59ce9fd80e6355fabdeccdec6ad19f,0,1,0,0,0,0,0,0,735,115.97
2770,fc4d7d7a591c20aaffba25fb1ae813c51a84811b,0,5,0,2,147,31,0,25,2030,417.74
2771,8ad8c97c1d630f492b40e30211996406620065e1,1,12,0,9,628,76,0,15,16524,5925.43
2772,5942082548e3a6b5d063fc8f7911db2c530f74ba,0,5,0,4,0,0,0,0,1428,466.25
2773,7407ec5defbe69bf1da69fe63a13ab6d21c40957,0,5,0,0,0,0,0,0,1428,208.35
2774,d2d3122865eeab0e98ed902775d6068cffbbcb8f,0,1,0,0,0,0,0,0,481,72.92
2775,bf5cd8abacd7bda144de7e870f3948837c99f2fa,0,2,0,1,12,0,0,0,1641,426.67
2776,1a7924a2c3cc831750d96879bd44e26520459bb3,0,1,0,0,2,0,0,14,328,58.62
2777,acbac6481e483f68797323d33821220d84624722,0,3,0,1,38,20,0,15,1961,311.23
2778,661070357612d305067e7306f6cfae7061cf2f86,0,2,0,1,17,11,0,13,955,235.33
2779,9975cc0d5f9a4e9bf41fe4bf65403e2fb52a189a,0,2,0,0,57,0,0,14,4400,627.92
2780,1fe9aa0e7a845de386a951b6a9d267c81058a9b1,0,5,0,3,49,0,0,16,1931,841.38
2781,0fdf8126c5a07ff929b93c30c44b6da08eed02d6,0,2,0,1,76,61,0,45,840,238.55
2782,12a1613508db92a73d6332f9a7728cf989cfd424,0,2,0,0,61,0,0,12,4457,624.47
2783,1c8d541b6d01ff155e8352421d112f5182ca8931,1,9,0,7,159,116,0,16,2344,958.77
2784,8c75efb96890e38f4949a0165bf81f153de27c44,0,2,0,2,0,0,0,0,54,55.38
2785,3d26a2c8565cc3e25bf07e097a5219fdc0029519,0,3,0,3,88,8,0,42,333,233.35
2786,8ee16d9aad2cfaaf3c5b261c11e8f2b9b7ee1726,0,2,0,0,74,1,0,60,1968,304.84
2787,52f7000373ae30762ceb7b91ed43a271aafaa994,0,5,0,4,12,0,0,36,1330,445.62
2788,429576673b1784f4cc6c2cf5c8a7dd8e58c5c4ea,0,4,0,2,35,115,0,20,1841,462.21
2789,22f7a385e802d1ff3e09917e90f0e5e256df0d97,0,1,0,1,1,0,0,0,171,91.81
2790,145c4d2583338e9862e9fab453afd52822b79eba,0,1,0,0,23,6,0,54,1536,216.19
2791,3ec92cc8b1627fe017ac5138759899aa41953245,0,2,0,2,0,4,0,7,133,85.0
2792,9aca0a945080f93375b8b3f5ff0b4513b1b1d564,0,5,0,2,6,5,0,1,559,167.01
2793,5487a32813ef647dc5bcf095c242b6c48a3bc252,0,2,0,0,188,141,0,47,1065,213.37
2794,fec5ef0f9823da68a890b63203dd1b76e932c6a9,0,1,0,0,0,2,0,2,219,42.33
2795,4b1a528bddaaeb962e21540d5d726f7d10491cee,0,2,0,0,0,0,0,0,1253,187.92
2796,75d6c71246fb7305c033521383621bd7c759f169,0,3,0,0,56,1,0,37,3784,528.98
2797,2f4c1e7d78f95c1da37da1c186057705b52b1e9d,1,1,0,1,2,0,0,1,6,45.37
2798,877030a5b959273067dcf8edbd2bac1a2e9bd4f6,0,1,0,1,163,9,0,6,651,271.31
2799,f59ddd78c3785e0bf744f19c9e8ed50944ee455d,0,3,0,3,2,0,0,2,1130,427.34
2800,0f558bb126825deab5b9eb317eb09b8c6cfee9c9,0,8,0,0,20,20,0,0,4264,938.56
2801,22ca8dc565dfdcb5fdf49353a20d99910acad18f,0,8,0,5,95,0,0,2,3672,1240.99
2802,9cfae9f15fa698dc3a1ad9d1a9b0f24387411813,0,3,0,1,23,5,0,47,1592,270.45
2803,704d725ac519079bb7fa6227156a40e82cd01ce6,0,1,0,0,28,0,0,11,814,113.15
2804,d0ec4af44aaa2726cd17dbd9ffaff88b699e5ee8,0,1,0,0,0,0,0,0,490,84.92
2805,28c9c4dd6eba484918d6c8b2f6b2bdcf1dfe307c,0,15,0,6,147,400,0,147,10588,3121.41
2806,04a28f262e32cc5df1008aff4220d68a69400e61,1,0,0,0,0,0,0,0,0,28.73
2807,36a903366aac3a576fc5fd7b8e17a0c40e1f8bcf,0,2,0,1,2,0,0,21,954,157.4
2808,c80b254756329d04a9c928553012ce0729e281c3,0,1,0,0,7,1,0,28,302,58.5
2809,9214f95cf4e5d19f5d226245043ea0669d276e59,0,7,0,4,7,6,0,2,4619,822.76
2810,dc9223f3ddcbae5ca2329363b9d56b22787291c5,0,1,0,0,4,0,0,9,1559,195.54
2811,ef55fb21de379b6b9b8975e257d704eaa68123fa,0,2,0,0,25,0,0,9,1947,276.67
2812,cbd82f04403747c11e889b8e5283a180d1ea4fc2,0,9,0,3,16,2,0,19,3186,571.4
2813,65059399704f1d63f33f26f727dc4418f80a5ee1,0,5,0,2,259,177,0,15,6212,994.41
2814,d2ca6bfe633ce351f002af056932ea6c86e7203e,2,6,0,3,275,0,0,917,14862,5125.48
2815,2bd71320b2018f3d0373ef42d3bd6e99c74f14f7,0,1,0,0,0,0,0,0,2225,276.57
2816,c88f04f153d898917203a450fe0d2a62417654c4,0,1,0,0,1,0,0,0,1565,203.4
2817,c733938f1411914978e41e33444b5ef807d1c934,0,2,0,2,4,15,0,0,192,121.41
2818,af21a030c05d3a2dd6cd70eb2eec0d040fc39df3,0,3,0,3,2,38,0,10,982,416.02
2819,e98ec7e447f1b6c05a2d194189878a8d51af173a,0,1,0,1,2,0,0,1,33,41.6
2820,0a35c70f54eb8588887b16d855022cd46735a34b,0,1,0,0,3,0,0,13,224,493.12
2821,0fc4929d66ce84d0bb8807ae92a6bfd59e41cd85,0,3,0,0,38,2,0,10,982,174.83
2822,80c83d8803efe47f37128a364a38cd5f25f51f4b,0,2,0,0,8,0,0,14,1265,191.45
2823,61089268cd03cbcd939c4cfdf2f0ff461acc9980,0,1,0,1,0,0,0,0,334,144.08
2824,edfbb77dc584208c79a346271618ce2e977228b0,0,2,0,2,0,0,0,0,239,146.47
2825,6ff32a1a890f26e42a3c9e75193bae4b3c8c2c4d,0,2,0,1,33,0,0,0,2501,401.15
2826,5236f762ddf7a30bbd0857db8f85f2867d17106d,0,2,0,0,1,0,0,3,3123,423.92
2827,e3447cdf07a51688dafcefca1110e7aef2f67706,0,1,0,0,0,0,0,0,3,151.94
2828,2c6948780bbbd787912eff51539a9b5dbf1d7f23,0,4,0,1,56,0,0,12,2109,347.6
2829,dd1b45a2a2bafb18e1d72a65de7b5b8b8fe73508,0,1,0,0,2,0,0,4,2226,289.11
2830,4c72558f623da14b9a32999d5bd7701987de00f1,0,2,0,0,41,0,0,44,3349,488.56
2831,6d64175d1e1f0e3a338dcd29b7f23416da9a5b1e,0,1,0,0,0,16,0,7,961,125.53
2832,6b3f368bd90e45953327dc8a4e26fe75790a716c,0,1,0,0,25,0,0,40,1564,212.2
2833,0da654d45fa8a1ffa108048f315c7018b0923d99,0,2,0,0,91,2,0,12,2077,315.2
2834,e9aaf12f6e872f5ecd082c2f7455b37d08193535,0,0,0,0,0,0,0,0,0,5.84
2835,1a6834c8c97427f1f2a18ffb190e43ec90be8ce7,0,4,0,3,6,1,0,5,782,326.49
2836,4b07b3985dd7eeeed3d7dbc5ec0914b491d05fdf,0,8,0,5,1489,12,0,17,10589,3666.27
2837,c22888d6d82b43dc4ac94673817bdce8f43703eb,0,1,0,0,3,0,0,0,51,24.76
2838,12470ff307eb42964201fda825a31d716bf18a7d,0,2,0,2,11,2,0,8,241,152.2
2839,c48ac29ca95a59c5add934ca7c4bb6f4537130a6,1,1,0,0,1,0,0,4,227,63.02
2840,889e1136d4734a3245a7eda19f830eabc5bb8e88,0,2,0,1,0,0,0,0,454,616.11
2841,4d99488e58268f7392b94ff15574bea07213e29e,0,1,0,0,4,0,0,26,212,60.63
2842,c5af2aeb18c2455882ea560083a7e0648bcc428c,0,1,0,0,16,0,0,4,206,45.45
2843,c8b6b7ad22c1d315fa94ecb681f868be1df27744,0,1,0,1,0,0,0,0,85,48.67
2844,cee7c32732806e5993fac8e2f177a4e4c8033345,5,9,0,7,834,432,0,101,6320,2385.89
2845,3fd458ad88808e542b211461a49728138c1ebe79,5,15,0,5,163,5,0,71,9682,2662.29
2846,61dd48b303de6ea5a1343fbfece5fbe9052cd8e5,0,4,0,0,38,38,0,6,21080,2714.42
2847,6f542792e3093e426837fb1910f21b1a962f78f8,3,7,0,6,17,2,0,21,2514,594.85
2848,efe471f74b0aab2a807fdd606af256d8eebe3f25,14,15,1,13,7,87,0,8,1283,738.46
2849,018b5ec84d16bbde28d9a986a3763870200ffbb2,3,2,0,2,12,0,0,6,80,135.54
2850,2131ef1cf8fa7e200c6dd3db7909b06b9e8e4632,0,1,0,1,2,0,0,1,918,344.75
2851,87a250924ca8c1a4f839229537f40ba18aa6bc18,0,1,0,0,0,0,0,0,48,13.09
2852,f807add65b904686bb5a5321e22e2eabbba4121c,0,2,0,1,0,6,0,9,215,74.5
2853,5671b5ca862d1b773f8e5a2fac4ef4cad6438a2e,0,2,0,1,18,0,0,4,564,126.3
2854,5876b5b662e83149bd1d726cdb7a1ac0310cc25c,2,2,0,1,872,0,0,333,13056,3196.96
2855,21d473f356ce7b2ab0e6fd776a15cd5054c0ad67,0,1,0,1,0,4,0,11,176,90.6
2856,c106d67381a884964bb95b3f9c85943cf5b3b4c7,0,1,0,0,0,0,0,0,2829,473.84
2857,e64fe02581e53eaa0983cc008598fb68d34105df,1,2,0,0,21,3,0,14,596,140.14
2858,f69a7e8e741b8c208e973432a332bd9628c338c9,1,3,0,0,0,13,0,0,3518,588.79
2859,31564554620d92802c6c45a6e0df8bb05c3b0c37,1,19,0,5,27,1,0,5,12388,2027.76
2860,677ff7e0db2e917eb678e3888160151d120686fe,0,2,0,0,10,0,0,0,1205,697.02
2861,e5b1ae19169d0131a9701fa741393067f0800c47,0,1,0,0,2,3,0,3,2232,294.74
2862,c3d1bb07f8e64191d3dac22fe0a3cb224fad2d52,1,2,0,0,5,0,0,2,3154,441.62
2863,ea61bc702bb87456a70cf1f0262f5b70bd3c1473,0,1,0,0,2,0,0,1,54,21.68
2864,6af9a020b2e799e141820a5b832d82ed24ef8a9f,0,1,0,0,10,0,0,1,657,104.14
2865,7036d7a4e8f7084506153fd8fc6fcdc813cf0ed3,0,1,0,0,0,0,0,0,56,17.35
2866,a7e18a9bfd9ceeb1772597017b840d87a0da9274,0,2,0,1,10,0,0,5,1220,284.49
2867,1908123fbeb46ac13aec8c3a9a7528b8c170a22a,0,6,0,5,44,41,0,0,122,171.63
2868,28e176de82a3a71b4ebe622e96c7269e294195dd,0,0,2,0,0,0,0,0,0,31.89
2869,81f5222ab93dda4431a6a51d8675504fad9d7c0b,0,2,0,0,120,1,0,0,387,91.38
2870,3550392d4ef498c77d7d4fedc88311b555ec289d,2,14,0,4,182,298,0,146,6206,1139.21
2871,49a769b45c71e282a545593ab94bed64b944d155,0,1,0,1,0,0,0,0,166,75.58
2872,634cd51bae41c0d10d67801909a568b75610a172,0,2,0,1,45,0,0,24,2045,400.09
2873,f1b53f6631406f4a05bbd48087f6aa59b49f35cd,0,7,0,3,140,1,0,18,2684,631.44
2874,933c80f7f3e103500338eea14779a1492cb6bef2,1,0,0,0,0,0,0,0,0,73.65
2875,c87c7237c79e999040c34b614a9d05f19eb0a4a4,1,5,0,2,55,4,0,25,602,194.04
2876,94f8d617ddaf989fe071ec712ac077611da69e6f,0,2,0,0,6,0,0,7,1367,211.88
2877,4e765cb5b4ec007f566f5428c13e1695ddb4796d,4,8,0,0,117,5,0,152,12305,1681.23
2878,82609fa7b1b7a024f0f48fc29e0ff1822536b6af,0,8,4,0,1,115,0,132,12307,1559.98
2879,f96e1641cf4ce374ff9ca3fedb33db5d6d4e8b3e,0,3,0,2,4,4,0,14,914,222.6
2880,b02f807aa3c01a7f1d81241f13c098825d5046d3,0,1,0,0,13,0,0,6,742,593.2
2881,2c59e2bba4cb36ca60e018a84be57d574513cf93,0,1,0,0,3,5,0,7,402,71.37
2882,2b7f8503b479c4c0c0e4e6b461c5da5ab0f47786,0,1,0,1,5,0,0,6,124,68.46
2883,5f5f22e30daf703044a6be208a587d7d74a37f2d,0,1,0,0,3,0,0,20,1000,145.81
2884,567723f028fa3594df23f0b1668977405c0df79b,0,1,0,0,1,0,0,8,144,33.61
2885,ee91c8b03cd00619cde5396226642189919da356,0,1,0,1,0,1,0,7,333,134.26
2886,9d107882d3e982c01b408e930d9d85a6257f16c3,0,1,0,1,0,0,0,0,48,35.76
2887,3519920373ef2d8649891b461f5b5226ee41f891,0,2,0,1,17,0,0,0,182,74.9
2888,70f7608afac5bbfbf2c7dc6a564514bfaf199fc2,0,3,0,2,942,0,0,1,221,343.48
2889,37f39c40c35cdf2b43949ae66c475363bad855d7,0,2,0,0,155,1,0,25,1003,189.85
2890,275f0453c5b8fbd485d697acc484ae17f21704a1,0,2,0,0,50,6,0,50,1680,252.22
2891,93e03d7d09da857098cd4a01a991395891c55a41,6,14,3,0,24,6,0,8,1244,357.44
2892,c9b028862a61ee2a96fdef6b55c36b03939ceada,4,38,0,16,531,715,0,294,15493,3243.59
2893,2fd27a77c5ed058229160c64fe6cd08c0d59aefd,1,3,0,1,29,0,0,7,1141,229.55
2894,6d7e438c41bcd0c4e2dd4d0e8dd5dd7c8322e127,0,6,0,6,1172,11,0,12,2700,1194.26
2895,8e7185b507e9b07e21332336944bf1a6df02c268,0,1,0,0,2,0,0,4,770,102.7
2896,e88e87d7fe4179c77e3eff8b784c53dacc8dcc3d,1,0,0,0,0,0,0,0,0,31.06
2897,a2788de6256696bf15d3d7f741fcf4931a34062f,0,7,0,0,115,1,0,147,5225,696.35
2898,8eb8b3a40a0ceebc51bdccb771e737223d8226b8,4,0,0,0,0,0,0,0,0,118.1
2899,f293c94c01ce2e4a372c327cd7df0ae7d3f1214c,0,2,0,0,2,0,0,6,4672,671.09
2900,a9e69cce21453c0cf99235dfa3358b0251311010,0,2,0,0,2,0,0,0,2792,884.29
2901,1da663d1e39b310e2fc69d244a4aefde1ac50647,0,2,0,0,0,0,0,0,2794,343.83
2902,849e17fc1aae0858e094b4d4e2da0e01bf398916,0,2,0,1,19,0,0,0,141,67.31
2903,4559e53e64938bfc2b5b5189927abb8876b8d411,0,5,0,1,26,12,0,4,2979,460.19
2904,844f27c8f8ce8a1e84c80d3abbcc0824079bac6d,4,3,0,3,0,0,0,0,303,294.12
2905,c4f7a53747140b0b2a940c28f071c82d930ad3a3,0,4,0,0,26,5,0,42,3748,521.57
2906,2dbdc1ec15ec0367891ad14a04a41faf076744ca,0,1,0,1,0,0,0,0,234,101.85
2907,8393cf10d6d3cf07793f2750628a4c91724fc485,0,1,0,0,2,0,0,1,449,68.77
2908,9783392fab18554bbe770174bbd5cc8009550295,1,3,0,1,24,2,0,14,2596,460.44
2909,b81581286391e3d974424a5d45f1a3ec80c7d040,0,4,0,0,0,12,0,0,132,43.71
2910,ebae97fc600776313ab19e8dca65970034a00ff5,0,1,0,0,3,0,0,1,336,54.61
2911,f89a1b58ed6c43b8d35d3faccab7a698c40caa40,0,2,0,1,13,0,0,0,847,178.11
2912,c310653a19cbf580d597e4fc8f120f7f5df1daa9,2,12,0,3,1021,119,0,275,16244,2932.93
2913,d44be427d5277c36d213413cc6f3566c93a82fb5,0,3,0,0,74,65,0,11,214,71.91
2914,45f309beff4675d6a2e4ed3e96c01ec08ce6297f,0,3,0,0,65,74,0,12,214,65.63
2915,773650bb0c679af17dd10d01543536bdfb8ce882,3,2,0,1,5,24,0,8,530,216.79
2916,24fa6e4fbe1b44a6c24a22bd13ebe6df237df5ec,1,1,0,0,7,0,0,0,1803,242.22
2917,564fc2e7c3d628ca71f3fd69645386e4a1a926bc,0,15,0,3,120,948,0,278,23034,3091.76
2918,43bfefc3706f05821d719a9e81beba7c8dde51bb,0,3,0,0,109,15,0,32,2397,332.88
2919,476a274729077d2fc0c819c547ad478b742da717,1,29,0,15,169,71,0,0,22280,3352.57
2920,c9d3cb1c3b654776cfd86a9b5322b8c86c1acaa3,2,3,0,1,43,0,0,3,1579,869.34
2921,0dab826f1988e6aa1063c518bba702d5d4178d22,0,1,0,0,1,0,0,0,30,30.82
2922,802f264f4e52bec44d6ce432821bc3ba9e7b52a3,1,4,0,0,0,49,0,0,3797,473.45
2923,929c09a9ba262d015770721f8d7e0ca41c632a95,0,1,0,0,7,1,0,17,1249,166.47
2924,6df04824916fae84e0598fd7d17ad1fc6c4903ce,0,3,0,0,90,85,0,6,194,75.81
2925,86d574eb22b2a698a19ae01140f009b546900f33,0,3,0,0,85,90,0,8,194,69.03
2926,60449458da6e8ca8fbefa3c2c9c379380847767c,0,1,0,1,3,0,0,0,36,27.26
2927,fbfbad4e4d51b0194f62c13b807cf75ec0013ff2,8,25,0,12,3927,4,0,214,25071,4961.51
2928,7c0db342751efda1de3dd85dc7d55b28c9bc30ce,0,1,0,0,0,0,0,0,1256,147.66
2929,2627730b7d06fe2043f70f5aeb475c606c9c169f,27,20,8,6,72,133,0,15,2482,1144.13
2930,053fc8e7baa82bddf7e13d14f25d2950609b168d,12,9,0,0,114,2,0,2,436,365.55
2931,17a2e1663ac6d9f1928922574665805e96b8c610,0,1,0,0,6,0,0,4,1844,237.94
2932,527bf4947b02906cded34e5862acffcc3ec8ca74,0,1,0,0,0,0,0,0,772,91.09
2933,f482cff0c98803d42ecac2320e07555bb87b983f,0,4,0,0,44,0,0,29,4450,582.69
2934,1afea63673603b0737dd304ea81c024f35c6a0b9,1,5,0,0,40,54,0,28,281,133.36
2935,eddc746457d0d25db1b51bef953db684131d4dd0,2,2,0,0,37,10,0,15,1236,203.25
2936,8c393a32a8b38c61785bf3ec89479a567182f2c3,0,18,0,0,20,6,0,0,433,142.29
2937,061fda6ae1e68af5f53a62a9ff8b29139c999dbc,0,2,0,1,0,6,0,0,225,50.58
2938,7c9d6f34400c8c92297ca55428307d51f66f31e4,0,1,0,1,2,0,0,8,174,98.37
2939,c49ee963e6d82c036c0a3fe87dca786c8548c53c,0,2,0,1,28,0,0,8,1013,180.13
2940,529807b0e5ccdf7dcaaef22bb78c3e41f2475b3e,0,1,0,1,0,2,0,0,249,572.73
2941,419a8b8f44717f48793c5da49d59ec91bca114c8,0,2,0,0,51,29,0,28,364,123.05
2942,b6a36ec9ab0fc40594a1bdfff126193a1e8c5efb,0,4,0,0,66,5,0,13,3632,558.48
2943,152904f02645a9850635b85d69624656b08a8b72,2,0,0,0,0,0,0,0,0,57.44
2944,e2d9560d6556da4e721dc8654e356f88f656ccd4,0,1,0,0,0,0,0,0,0,13.04
2945,1acc426e7eb56b5a91044f77c082a9ecc1d5c093,1,8,0,2,10,1,0,15,3909,563.79
2946,b5cf874819894985f3ea0cdb6ec4db00f7b61404,0,7,0,0,0,0,0,0,3483,428.72
2947,db62a5eb0db1b4a65067d1052360eb4bf1d17af1,0,1,0,0,14,0,0,16,118,36.89
2948,040f76eb2ca6ed8575bc81dba5bc55ba33a45eba,0,72,0,28,125,243,0,138,19210,3437.91
2949,98f566edf291d5f642d70b192f0bb8c506d590c9,0,2,0,0,29,0,0,6,651,104.49
2950,7b640037fba4f0b2123a341e6046a5f6f48c72e9,0,2,0,0,37,1,0,11,1317,191.29
2951,c7b246edd29fa7d3bc6ea7c13b6cb85ffac9a9b4,0,1,0,0,19,2,0,22,1055,138.73
2952,7adcc74aeba001d03c1baaeab09c805d3ee2118e,0,1,0,0,3,0,0,10,1074,144.81
2953,d6cca23ed39a07f3ea722396481ec6777abc04a6,0,1,0,1,11,0,0,0,168,75.24
2954,4c514ea23b9140717e56dd423461d88a43f33578,0,2,0,0,50,12,0,33,494,106.08
2955,e0538fe83b5f4621da11bbeabdcb7b5dd3d93195,0,2,0,1,11,11,0,0,228,78.94
2956,e419fee3b41e379b51dbfacc9769b249bd41cdcc,0,2,0,0,2,4,0,8,1933,254.49
2957,6b82ddc9118cd1351121f48cb0ea50ef05ed1b3b,0,16,0,4,0,20,0,0,3540,539.79
2958,2b1ba295d93b71718c129c227197c8c2f3f658f0,0,5,0,2,1,3,0,0,320,92.39
2959,596affcfb696bb3e15c4c801343990308543439c,0,5,1,0,110,78,0,29,243,140.04
2960,7bed701850d87b9ccd7caa0cad8e9ca8ab266b69,0,1,0,0,2,0,0,1,481,602.96
2961,e64430e97054fce7645dd06d212bdb524434321c,0,1,0,0,20,0,0,0,479,92.36
2962,90e0910a486d1b596b58c07b21ad34b5727bcd15,0,3,0,0,23,9,0,26,1131,168.31
2963,7d2479983a2100c55054ee57f089a2c3828e2cb6,0,7,0,3,7,23,0,2,565,192.09
2964,610ea305340cbd1879b95fdb2e477bf5df554181,0,1,0,0,1,0,0,4,499,88.21
2965,07e97d2b32550e3d71cf7ba30c5025fa48286e89,0,1,0,0,8,0,0,2,937,117.32
2966,6f1af4dba4b2bf46722cb1e21f98b06d0476bc0f,0,1,0,0,5,0,0,14,176,36.08
2967,30c7e958ee20256a3d3fb88606eec7302139680f,0,2,0,0,53,5,0,26,2673,351.57
2968,e52314f054e6e714d467b793092039521691cac0,0,1,0,1,0,0,0,0,45,44.8
2969,3fd2ea1de4006242d4c115241a9308df62dee14c,0,2,0,0,58,0,0,8,84,40.12
2970,4992d78820a6d067768b946c9d249a6da458c059,0,1,0,0,0,0,0,0,150,27.47
2971,6d42266145d859d80d06573aa2a70c50448ed818,0,3,0,1,60,0,0,7,3559,580.54
2972,89370eef92aa1db3f5689e20b099ac81ee7f701f,0,1,0,0,9,0,0,0,178,39.17
2973,bb563c3603e16b12888dfd0ad45a8bd15f36e0f8,0,1,0,0,6,2,0,2,249,45.11
2974,9c88d9d9ea2492471d289c3428a7700ccd7670f5,0,2,0,0,27,0,0,6,1327,192.74
2975,d6d73eb286c848e8e5aa140fb55cba8de2ad8e4a,0,5,0,2,40,19,0,49,1321,383.18
2976,6f3cce5220ac9a1e2d14ab15052b484b7d423306,1,3,0,1,32,0,0,8,3794,741.9
2977,1edf2d3bf1a73f24596e58eb04c58ff5a1875407,1,0,0,0,0,0,0,0,0,31.23
2978,c951cfbd3103aa7560c9daf1b269fdcfcc71268c,0,4,0,0,40,60,0,70,4476,637.83
2979,b6ca62328652ab85aa826363b2a64e2a2ae344a7,0,1,0,0,20,5,0,12,65,33.03
2980,7e02b67d30f6499a8defe77df3e0d15b219e879b,0,1,0,1,5,0,0,4,130,640.24
2981,e02139dca78ea913d8530cd80bb2973531629054,0,26,0,23,217,51,0,107,47068,9081.27
2982,a8e4e5c286a5a46efe576a222053abd83da2c3b2,1,1,0,0,9,14,0,5,72,65.95
2983,d115205c13105484f2d314ba3427e1c640c0ebd9,0,1,0,1,32,13,0,0,22,45.19
2984,12315b85974d34d49b17393df9b4915f74c75445,2,1,0,0,8,10,0,16,762,135.09
2985,940b37dc249fc336e639c7f966b344167c3ef22a,3,0,0,0,0,0,0,0,0,330.04
2986,2f06bfd29760937438bedbdac1a0c10a5027fa1a,0,3,0,0,2,273,0,5,4670,593.04
2987,65a7c129428beea47544cfe8ba7255813d8db146,0,3,0,0,61,11,0,231,9213,1137.24
2988,af295f5605983759a4673584982d6ff64aac374c,0,3,0,1,41,18,0,11,540,109.35
2989,08491e4f59350bfedfe17a5929a1c6f58523ff61,0,1,0,0,0,0,0,0,51,13.09
2990,b1595ac86b85c686f10364d248b201ba26700a0c,0,1,0,0,87,75,0,181,1002,170.76
2991,2be66139d6d3189cd126ba146ef52a158b935f4b,0,1,0,1,0,0,0,0,86,40.67
2992,bd7c0c96f98cb38f65de66fb48a225f2c8326c2c,0,8,0,3,142,97,0,6,1111,367.6
2993,c9073c463190d38f3ade7b836101428219dc9c3d,2,6,0,0,82,11,0,565,17641,2214.19
2994,d70e3d818093599b513dff356e7233a822cc1bc7,0,3,0,1,50,33,0,45,1574,245.56
2995,04381e1a6cd40a329937501bad6ba46a9ea04bad,0,1,0,0,0,0,0,0,319,43.44
2996,28fffb91b7103b2f356f9b427981b9795af156bf,0,1,0,0,2,2,0,6,34,20.78
2997,27f9a5cd7bddf43df6ac365507fa96db63d2243e,0,1,0,0,0,0,0,0,1107,180.88
2998,9fda46c126b90f9d76d9e386a93c1a0b57f083d8,0,1,0,0,8,0,0,48,165,47.85
2999,028a672e2096c979f3d478b6d0200c203571fe51,6,11,0,2,108,151,0,84,4845,994.71
3000,1abf20084a3c41fc83953fb470940fae4a4644cf,1,9,6,0,151,79,0,51,4154,1328.59
3001,b31e78a4243d5f19a2c785d293cddbdead28baf1,0,2,0,0,0,2,0,3,718,117.19
3002,fb983be9e3826cc28433e2b211d95f02e5c9fbd0,0,1,0,0,24,2,0,11,705,107.52
3003,756840a814566932f95a86a26bb159eb5d101b93,0,4,0,1,5,6,0,21,1286,227.26
3004,4873d3a441cd9aca9244c527172909a5543dbd47,0,1,0,0,0,0,0,0,421,57.95
3005,09873f9d32564a3a53c5424eb826d22162641bc5,0,1,0,0,1,0,0,6,2196,266.66
3006,5b7f4bb5353977371d95e9ccb8e523f64d1ecd19,1,1,0,0,0,0,0,0,2273,310.14
3007,8cde506fb9213cb0aa062d3ce245bc0e4f7c5ecd,0,1,0,0,0,0,0,0,85,19.04
3008,5dfdc621f14f263eba17517436bec5c84da18a2a,0,1,0,0,1,0,0,11,113,26.5
3009,ddb9e96654df6077332b588bda47ceaded16305b,0,5,0,0,46,12,0,76,2068,320.39
3010,2803eed35e61fc6f53a0b8fd680b2eeab1c20440,0,1,0,0,2,24,0,11,705,104.89
3011,6f6f425a31ca4464f4e252d615efc0e982c01c0d,0,6,0,0,27,0,0,18,2177,310.76
3012,b503dfba3fc1451ec6e7bcb0a093fc1c92a2fb3a,2,59,0,40,12,16,0,18,11151,3078.6
3013,e4a99e979403e856435bc63ca3b4443cf3cced0a,0,1,0,1,1,0,0,0,72,56.1
3014,4ae5cc07c14464f0349857385334769f9822e1bd,0,1,0,0,5,0,0,19,451,74.36
3015,dbddf05a0ad6a8d34276c1fabae085e5b96e0d38,0,2,0,2,18,1,0,16,243,135.6
3016,82ebcfd458412ee871c639031378db0fba930461,0,6,0,2,140,151,0,399,13249,3798.32
3017,3b07b3fdc3baa5188ff44199afb70fdeb7d93404,0,1,0,0,1,0,0,2,172,33.37
3018,85d0b8f3bca73de7dc97eb07684b8f76d386121c,0,1,0,0,4,1,0,2,172,35.67
3019,5497b3c1552d3b58b8437621b11a8ce3d055e74e,0,1,0,0,3,0,0,3,960,123.83
3020,55163522e6210f5bf2b56173ebb3c7b2bc65ef89,0,5,0,0,93,47,0,157,3620,1072.62
3021,b91df27d208b6fd40712c34853894991a0a9ab11,0,2,0,0,114,35,0,15,645,140.42
3022,6f09882c7f670e73bff6a9bf2c2a7f68d2daa1ad,0,1,0,0,2,0,0,1,1767,230.12
3023,4416b25b1e3b1197c68b304b21c76619be533e34,0,13,0,6,6,26,0,20,2407,556.67
3024,5671ab600b2a3236094b9d793db345d4193a44bf,0,1,0,0,3,0,0,2,472,82.13
3025,2b4c3659fa93e8c7027e59313d063ecc6ce37c88,0,1,0,0,67,55,0,8,788,123.05
3026,32f23b3d0e254034fd14a6ab7659cbd956738153,0,2,0,0,76,5,0,6,851,138.42
3027,4c5928faf9fb85ddea248adfda5f469cf55e1b0a,2,10,0,2,98,46,0,18,13824,1891.2
3028,18415285f587f810840b01bd2bffafd8edc07498,0,1,0,0,0,0,0,0,132,22.32
3029,e34f3890f32a7e46b659995ad8bf63a27478058a,0,1,0,0,0,0,0,0,234,37.75
3030,f38ee24ed0261f0aa0a4dc61f43967c2e43325e8,0,1,0,0,0,0,0,0,234,37.98
3031,3989c7238740888c8609833356400425f544bf75,0,1,0,0,0,0,0,0,340,46.5
3032,54093f6560f1b5cd97141b5fb2250bd8ff9396f7,0,1,0,0,0,7,0,0,251,41.42
3033,d322efdeb66ad75b0448b73f804b63d3246a1dc5,0,1,0,0,1,0,0,4,48,22.43
3034,c5b57b4558a2a138e639ddc1f53304c7eb91c0ab,18,15,2,4,126,25,0,4,3594,1271.88
3035,91b304eefe182b209a87c9afebc7a2fa916f010f,0,2,0,0,54,22,0,0,395,89.6
3036,4aeeda43772209f69b6aada8e2f59fe60c5f41d6,0,8,0,1,34,4,0,26,2628,431.34
3037,7fdc88916929efba111c12196310349d6d469f87,7,16,0,13,6,730,0,40,3282,890.22
3038,ba42613a5cbc5afcfc5895690dedf7df9cde7190,0,1,0,0,0,0,0,0,571,73.84
3039,4d7870dcc4d2b26f8344971ea04072d92c438c51,0,3,0,2,54,9,0,6,566,209.07
3040,cff96425fb2535e600935cc66f824086992c4886,1,0,0,0,0,0,0,0,0,996.33
3041,3d759b79c8a49cd0dfb02d3938d413f64f9762ee,5,7,1,0,50,172,0,53,4572,784.45
3042,5d19fcfd8328e89ac9ff5c4a31734d7ed152a501,0,1,0,0,0,0,0,0,820,99.81
3043,8e49c2a45de67cea6b80d466e5d09c1f8a1b9ac9,0,7,5,0,158,50,0,14,4572,670.01
3044,9806433ee9ab44e686622d9435bc105da29ecb9a,5,7,0,0,50,158,0,17,4572,740.61
3045,4d4129231b0dc97e802d9daffca4dcdfd5076ff9,2,3,0,2,85,50,0,34,387,237.89
3046,c4ff575b8972e6612de6b52de1a822943b54b1db,0,3,0,3,41,6,0,7,331,192.65
3047,b79c62dcbd26aae660b29b3e8c919af857925896,0,2,0,0,6,17,0,32,903,150.91
3048,7dc5908e6bcf37240bfd2c95fc1832999b03c476,0,3,0,2,27,8,0,14,2192,340.26
3049,726f822774b44eb0a68d29f2ad147dd7cc497638,2,34,0,20,15,875,0,79,7835,1762.83
3050,ac3c5eb6fa1fda0e64cc86e49411cf2498733f78,0,21,1,5,77,108,0,80,9004,1557.43
3051,51dc20638e858cff778a49ed38acbee6791e0441,0,2,0,0,178,12,0,59,2456,364.01
3052,5a408cf256c530d85e3be416315c8ffffff7440c,0,2,0,0,0,0,0,0,2634,308.94
3053,489726957e98b89035c8b336256ab94f12baf9b0,3,2,1,0,0,0,0,0,3012,460.98
3054,211e4e019b9813001e1ad906e771b6cdcd3cf1d7,0,8,0,4,42,6,0,32,1220,366.69
3055,f7f190a684f6097fcc6f34f85b68c4ea9c597559,2,3,0,0,38,20,0,56,4672,664.85
3056,2e5618b05392f9dd10ad1bcdc76c4dfadceab603,0,2,0,1,14,2,0,0,68,47.85
3057,16084720bb87632e7bbd81bcc407710fec8083f4,0,7,0,0,19,0,0,38,5389,770.27
3058,970b111774e0c6efce391ecd16c77e8387fe7891,0,1,0,0,0,0,0,2,1064,137.24
3059,0d8874982c9718cd67097df3c4367b8123733d24,0,5,0,1,22,26,0,34,3626,547.89
3060,f8cb35d156b8969541692808874d4940c60ed85e,0,5,0,1,6,241,0,296,9326,3137.32
3061,f0f66f4ba98b9b75851083c5aa96a30024108daa,0,1,0,0,4,36,0,10,960,136.71
3062,d6bc735d19df09db5625c822476535f279ed5a5c,0,1,0,0,27,5,0,35,1109,164.45
3063,9f1787fe878b9d30adf07ec3cb9fb317943b99fc,0,12,0,2,218,106,0,1017,18412,5637.99
3064,5184c87734bd53be6843ac895c8ce4b17d2313dc,1,0,0,0,0,0,0,0,0,25.58
3065,315b38becc5ed23f1af29a59e921bf9a56483a14,0,1,0,0,2,0,0,1,424,79.78
3066,fd5c42253611e0a5644433828630331a9419ae15,0,1,0,0,23,19,0,2,287,58.1
3067,fb3663bfd49820bc06d065bfa8b6b7da32a6774f,1,0,0,0,0,0,0,0,0,26.48
3068,9fc960b905cfcec42b8e16b6a5af7035ac895c80,0,0,1,0,0,0,0,0,0,8.44
3069,ef1c657ca6d7932e9b569b3ea9c5649cada85bf9,1,0,0,0,0,0,0,0,0,31.65
3070,e23ba9b3cea9b6fd486628fb906eb5eb22618767,0,1,0,0,1,7,0,12,576,91.3
3071,3b23a837af794a240fb839b5093e482b5232c062,0,1,0,1,1,0,0,1,101,58.15
3072,e0c1dded33bc985356b68dbd2cfa449f4089d33a,0,7,0,3,14,2,0,3,2879,438.91
3073,778ab055a031e26b87a403bf172756a6f6674c3e,0,8,0,1,0,0,0,0,1372,206.96
3074,c9a360e36059aa46d7090e879762d44d54fa2782,0,2,0,1,76,7,0,5,652,188.63
3075,2e3102f703dd73b74b42a992f22004b3eb212409,0,3,0,1,0,30,0,40,1307,308.96
3076,9e9e1ab97d9f4c4a77dc4c5a5a85f7f3d689283b,0,4,0,1,3,28,0,21,2028,310.23
3077,07d670920e225e8b9c6e64bf297822ae5701eeac,0,40,0,11,64,35,0,81,13981,2163.7
3078,4cc31baec3b3fa39347cb8465e0036c92c0b183d,0,52,0,12,200,90,0,7,6947,1538.71
3079,47775d321dcc4fb273f855829dd3b1ba49384beb,0,5,0,2,52,0,0,12,3493,539.41
3080,f3aece94d285bd9accc2199dc536978867f24249,0,1,0,0,1,0,0,1,398,586.36
3081,c001f73c3766a90f63f6d11ed4e41d5586f7c61e,0,1,0,0,0,0,0,0,2236,263.82
3082,115a8fd4395ec863ef3d679d3ae68ee4cd3ea60d,0,3,0,0,42,11,0,12,1394,214.18
3083,96f6aa3b95c4194cc865bdfaa2bd1a4c0c185f69,0,2,0,0,0,0,0,0,1663,203.11
3084,ef1b95bab28cf65553568c479acfd60b1c52e89c,0,1,0,0,45,3,0,6,557,105.58
3085,d4e08292b7dfb2c3bc367c8c1b4067d1dcd29906,0,5,0,1,114,48,0,90,2740,463.71
3086,04b3f13b38a9fb9a40baa0e7f7647fd3568500d2,0,4,0,0,61,1,0,31,3348,445.36
3087,c4957a21d26a889658ca5c9fd7d46ce77117a874,0,3,0,2,33,0,0,6,153,109.96
3088,a7faf0d605668430021de2b50bd9546451ff56fb,1,7,0,5,196,27,0,20,1159,891.52
3089,63760196ee5871d3e305d4d0d6c24bb4ef4be638,0,0,0,0,0,0,0,0,0,5.0
3090,ef20e8a8da4a8b154c75a421ff7c963543296ac8,3,9,0,3,109,24,0,95,2181,542.36
3091,cfafe13c1fc4b7f0f3e8f01f69c91ca2a030b836,0,2,0,2,15,0,0,4,191,121.94
3092,c8486bb7052487867fe9c7221681d4d4bc027541,0,1,0,0,0,0,0,0,427,56.04
3093,1793a0bbcd51ae73047c08c3e308939228eea73f,2,15,0,4,196,86,0,89,7392,1868.6
3094,08671a41297e26461c00842d885d070bb449a4e6,8,43,3,6,14,154,0,30,16464,2687.07
3095,dceffb1bda9445c7269c8affa4fdfbd376dc8356,0,8,0,1,2,37,0,4,1480,255.52
3096,9fac4877d3072c3589370c9d0446342ee2658ab6,0,3,0,1,0,5,0,0,526,109.0
3097,fb5883bea6ad58a3761998b995d9897d30983906,0,2,0,0,49,13,0,50,1388,201.52
3098,5640731663a50b583f7779a62dcfe05385b360ca,0,1,0,0,2,0,0,0,154,29.05
3099,58aa9d60c04ee7c8409203e5a443f0f73f4a5480,0,1,0,0,24,14,0,21,456,92.59
3100,e9555cb36e91c77d5a5fe7abcd74e267165be700,2,1,0,0,0,18,0,0,475,703.71
3101,14e3bed5845a032c9cddf9a8484f10786c27ee8f,0,1,0,0,41,10,0,2,140,96.34
3102,3e600deba265c02283c9a354e25d9f6652240945,0,1,0,0,0,0,0,0,181,31.91
3103,92c98a76d111c4f8870bd8be15f3cff6fd0ff51b,0,15,0,3,4,8,0,22,5110,817.12
3104,5807515e54cf3e936669c151eab561bde101b020,0,5,0,1,0,0,0,0,1410,227.54
3105,0c504ad79fbf88567172308625c63bb65ac0a2cd,0,6,0,1,23,0,0,27,3695,520.11
3106,0c56fe3198c9404c1c1385335a36a2927e366efe,0,1,0,0,1,0,0,0,153,31.97
3107,21e5b5200d1c27834b8048a384c5a1b126ccb8ea,0,1,0,0,1,0,0,2,1075,133.96
3108,8d70de20e0d2e81abebd1f65f4b6d518cf0cf09e,0,1,0,0,3,0,0,11,311,61.79
3109,deeb84ae5a545684d13fc902fbe435073bafe21a,1,11,0,4,79,31,0,73,4639,803.4
3110,bca9450cf2f6c6b9bec641fd05d34b21844d77c5,0,1,0,0,0,1,0,2,313,49.57
3111,74a23195f85675e478db04347bc3b6cb74baaec6,0,11,0,7,63,63,0,36,627,373.07
3112,7beca5364483061b081b8a7f4eefb98abbad9314,0,21,0,9,63,0,0,55,2160,830.97
3113,60007bbe63c9433bbc320b519b7765bb5fda7ee5,0,7,0,0,1,0,0,0,4132,589.2
3114,a1079157eca60ffe5eb79c627d4c17df2c275c14,4,3,0,0,24,0,0,25,2861,487.66
3115,b1e92a474660b7b8a3ca66cea447e053261fd13a,0,2,0,0,25,0,0,0,213,53.75
3116,94bd157d214f05e820d2ea7521e685f4e00f24af,1,1,0,0,5,0,0,1,613,115.53
3117,c543a70e68ffc4c9e3539d4b006ae7c391299d0a,0,1,0,1,5,0,0,5,54,50.71
3118,27739350c08e3f0488c7d9823017cbe18f39817e,0,2,0,0,34,6,0,22,1154,184.25
3119,176ddb066c2011158b5dfb5c036a4af5687a70cd,0,3,0,1,848,35,0,22,1047,471.75
3120,4e0af48fe43bcd8721b7064f894667a12a0c572f,0,17,0,8,15,0,0,4,2956,1520.78
3121,f77e5b5bff0d7718890d2f2b44f65dacf26ac4d1,0,1,0,1,1,0,0,0,40,45.84
3122,369b436bffc1dee149830e5ad47930cc4110d8de,0,2,0,1,64,52,0,3,577,161.3
3123,485cf1a3ce2c29e5e6206df572a30bb16fc416c5,0,1,0,0,2,0,0,1,132,32.96
3124,a7fa6e348afe98b71ff9fe2e4663c656e54f9add,0,2,0,0,23,2,0,14,1495,204.62
3125,39954ddcd4b6e825012f394072d38a92b2171fa1,1,16,0,0,243,1713,0,620,22340,3125.99
3126,36164595bb7b6ef9947396981bab3ac8400517c6,0,1,0,0,6,0,0,4,313,54.67
3127,19b8272c4859db2ba0c434d9d7e43bfc37090458,0,1,0,0,0,1,0,0,969,122.91
3128,f31d7f7eb211e49e25400e5839bb6738a91f7975,0,1,0,0,4,4,0,6,539,101.11
3129,f26e14a1b1e2ef51e8bca9132d98ccd29270ec19,0,1,0,0,3,0,0,1,192,38.91
3130,fcc11f61e5e44f6f94d546a0558feab9c013baf9,0,2,0,0,39,9,0,25,1031,148.1
3131,2ade9c0048e94dc09aa6a1593d76a94a56cc8e48,0,1,0,0,0,2,0,0,233,36.48
3132,641a592b51c968e6d43f6d875e176c406390a53c,1,16,0,1,146,74,0,60,5751,883.24
3133,d4f760429867f3c04b65dd65c6c0ac5840bac356,0,16,1,0,53,146,0,66,5751,808.88
3134,ad853582b47ad26ad4b31a01a6c6af31e6c2d8a3,0,1,0,0,16,0,0,7,519,89.65
3135,e4711dc7143b2ae05a473d3c092769324665fb9a,1,3,0,1,19,15,0,5,1437,287.16
3136,cfb6fbefe2e7376c2644bff90f15ddcebfbe4ae0,0,1,0,0,6,0,0,0,222,49.38
3137,64147bd02fece8342ad01b0e1f89e157eb0b456f,5,4,2,2,3,1,0,4,754,412.55
3138,920153a85984c78271c605e650a2a9867653d168,0,1,0,0,0,0,0,0,199,29.48
3139,9575f0f0a0a1d1d001a1703aa6575718a38431f9,1,16,0,0,148,53,0,65,5751,3243.26
3140,96c32807dd32e2883eef7bf6c95915eca84bc938,2,10,0,1,99,43,0,35,2901,3361.44
3141,2e2eec2d0634aa1d5dd732bcd02147c969460c39,0,1,0,0,0,0,0,0,535,83.03
3142,238bcb34daf1985ec12e36a6e036b348e54a915e,0,1,0,0,2,25,0,13,2216,292.9
3143,2c2e0bc6cff0f2fd38467c6da449dfd6e9034add,0,1,0,0,2,4,0,22,961,276.98
3144,db4a453149521a5e225be5f10183176096b15025,0,1,0,0,0,0,0,0,0,15.96
3145,a06597e34aca16f553406cc7f3663f1fc456816c,0,1,0,0,2,0,0,2,1812,344.61
3146,ee766c07f9550efb41e0f44c54f22e70f6d851b3,0,1,0,0,0,0,0,0,139,27.49
3147,7b17ed9e91f324ad2aac258bc5df0bf375e841d2,0,2,0,0,48,18,0,40,4014,1079.04
3148,7adfd368cb619252fd64a916ad23a8c3218b148b,0,3,0,1,0,0,0,0,3188,427.9
3149,b996b19d8e02787b245f6bdf551cc687e861f36c,1,0,0,0,0,0,0,0,0,31.62
3150,0c9a81436e58f70018f8379677ef09b3f6f75ad8,2,3,0,0,7,32,0,3,535,134.03
3151,c19520a9563929e84fd3657758f827d6519bcf64,0,1,0,0,5,0,0,1,319,56.71
3152,96214c1a7c257d62109f0e4c350da5bc10f1a01b,0,4,0,2,0,94,0,89,8340,2657.88
3153,7409c4ff9ddd8a83c6a7a6c746f4cfc36a410a94,0,1,0,0,31,9,0,3,147,51.2
3154,da18540ea37ad4e80cf0616a2234ff60de0339c4,0,21,1,2,118,140,0,88,8169,1397.75
3155,c56eeb95980893a60e3b382ea560bcf8312671e4,0,3,0,0,0,0,0,0,633,115.84
3156,6298623a2feec5e00730b6bc48a330ebc5cacb4c,0,2,0,0,25,1,0,8,844,142.93
3157,f17016bd5b2bb497e8fa5e1f5090ca56bf138af0,0,21,0,3,150,106,0,62,7681,1208.85
3158,4580a66bbbb69f13738d7d97366c85a3b5b91d6d,0,3,0,1,29,0,0,8,2580,377.85
3159,644cf0f636b3d8df28f79689e0e30731ee649825,2,9,0,3,53,90,0,89,3987,762.91
3160,90417abe51e3a7d187b5b5aa1bc0097c4c480c10,0,9,2,0,90,52,0,95,3988,1286.16
3161,c4fbb3ae2e81edaf95fbdeacbcf7624c994a1cf4,0,9,0,0,52,90,0,88,3988,611.86
3162,3b345cd68472cae7962bb1cdbdb7175c881d7c84,0,1,0,0,11,1,0,2,234,48.48
3163,c3e140cd14c4895160c7eee1a5c9b01664b83477,0,1,0,0,0,11,0,0,234,38.27
3164,f60b8246e737f0f7e686f7bedd7bd376288d03b0,0,1,0,0,11,0,0,0,234,42.46
3165,538798fc95e59ba20a2d602bdb4f30f002f3d6e3,0,4,0,0,66,34,0,12,2629,359.48
3166,29a226e1894df0265b0f1735b8b0e57e5a5e7306,0,4,0,0,34,66,0,8,2629,397.42
3167,3e786cc5484bc6a5d2f144f5e1d501f9356e495d,0,1,0,0,1,0,0,2,181,40.73
3168,6c1aac8f0ef973bf1ce661c94f7740223366c9e3,0,4,0,1,69,34,0,15,2324,437.08
3169,44b054897b1c238ac88536ab04af564e7410152a,0,4,0,1,14,29,0,9,1505,264.29
3170,507565e35fb81d914e4e339668e552d31841b28b,0,1,0,0,1,0,0,2,177,44.51
3171,c637f33c8c3c4b85316f1786d10e8e1ed92d9651,0,4,0,0,30,5,0,28,3070,433.44
3172,963d5f007f2c3cfd0b95cfd4a5e2cc6f08c0a459,0,2,0,0,11,10,0,3,1246,188.17
3173,474163397a4edf231ddcc738df6996a712f0bdc6,1,3,0,0,152,0,0,5,799,243.17
3174,f95692ce655c2194ab3339d80fab26a21ae3b91c,0,10,0,1,1027,343,0,414,11348,1806.21
3175,d222498586de36cc98d6aae84b5aa4136ae7d7d1,0,2,0,0,34,0,0,0,563,109.02
3176,4d7b2824beda162637d8d72c97381d89f1383f59,0,1,0,0,0,0,0,0,1775,209.65
3177,48a565a739b7f9f741ab2238cfeb3e64a8d827e7,0,2,0,0,45,14,0,9,374,97.43
3178,1cdaa710be925a0c18bf90da08339bbec10e3694,0,9,0,1,10,28,0,13,2411,414.56
3179,275382a7c7feae7d990f0ac01c32805b7e135e7b,0,1,0,0,176,179,0,0,0,75.78
3180,8dd5332d5d709651f3632f6c86ce7ccab15deabe,0,1,0,0,0,17,0,2,2223,944.99
3181,1d330c9478499619a548b9bc0277aef90265dbd1,0,1,0,0,0,0,0,0,519,72.07
3182,657c26acb8f78b0d86e0427e1bd75e2cddbd928f,0,2,0,0,44,0,0,7,683,116.26
3183,0d95dc61e80b0660d2efe5a856232a01aba1345c,0,8,3,0,126,109,0,5,2721,480.69
3184,eacea17618933ccec6f26bd213da5cdb2ba71e97,0,2,0,0,0,4,0,7,1780,244.92
3185,808a3378bb457a724eebfb81801c5314076e1a58,0,4,0,0,100,46,0,24,4267,603.51
3186,023a37dd25d9d082f9a3bed699674867f4bbb729,0,1,0,0,0,15,0,0,186,32.05
3187,1641957baa4bd6e27e9b11395edf26ac17ef64b5,0,10,0,0,948,1031,0,963,16545,2578.49
3188,1b5576c69308eb2372c37359ab3a41379424eb18,1,0,0,0,0,0,0,0,0,38.48
3189,e1118764dec7f841f76711071b60b77dbd56ca16,3,9,1,0,59,156,0,26,5311,851.68
3190,8ab32498b9403ac219c6d0af155206efde90d6fb,0,1,0,0,4,1,0,4,2222,271.5
3191,5b665ad594910ee02f50c6a2929d1b666ea2e9b9,0,1,0,0,16,9,0,35,471,95.36
3192,2ade85d0b8935b74d55a5d3a0d0b13fa65f127f2,0,1,0,1,1,0,0,2,17,36.88
3193,157f4eb83dc8b76901bab385137e2aeb1a748323,0,4,0,0,26,0,0,24,1963,307.37
3194,003a05896e9dcf2a5f863acb14c7b33933b35589,0,1,0,0,9,0,0,15,567,91.75
3195,968facdd0a35275adab18ab1126963ab11747130,3,3,0,1,48,0,0,8,458,197.12
3196,b9b6c9293f365caa41526d922068d1af8ddfec12,0,2,0,1,1,0,0,1,450,110.01
3197,419aca3b6c57245a343ea815ba4408316ed00976,1,2,0,0,23,0,0,0,126,62.81
3198,39c81b04e7ddd3e84890b37f1ee6c3f0c21d5812,0,1,0,0,7,6,0,7,89,32.05
3199,6fcae1027d7e866038aeca2886980709c8ed9b68,0,4,0,1,3,26,0,19,971,199.42
3200,7df6eff97002be6531fef2a1877b450e8dd93657,0,3,0,0,58,0,0,50,238,684.4
3201,95bd04444b9f92bea03291396979b0b1cab9c1d5,1,3,1,0,0,8,0,0,935,137.25
3202,ce4595ad674ae3ce40902638312b66a444cedb04,0,2,0,0,11,5,0,9,1251,185.82
3203,609a1d3aa757870730ad828d73fb214eb81e3af4,0,2,0,1,14,2,0,23,1954,298.39
3204,68fb6c687789d659201f60d0cbda2f5eb854b7ee,0,8,0,1,19,23,0,72,3969,619.76
3205,df04846da56ddc6839dd6ab212625f9ec5118c4e,2,15,0,0,101,82,0,55,10569,1524.94
3206,e3b688719c1b9268930f1dc237d9792fb739a469,0,5,0,0,17,6,0,24,1338,227.78
3207,b947807291331c9d4963c691ecdd91c8d2606e23,0,3,0,0,154,72,0,30,2874,433.15
3208,59a2adf71472b5aadfaa5039218e564008411bc3,1,2,0,0,6,5,0,2,1171,221.69
3209,e6ef5ce98152afac8b672f8b8aad454dff096c84,0,1,0,0,0,23,0,0,51,22.59
3210,d2fb5a546fd4c72ca511b2f3910b6494f7c735f8,1,7,0,2,44,68,0,165,3161,568.8
3211,8bd7bffb36ce1d76eb20274e8f130f76cea86bf6,0,9,0,3,67,57,0,9,2355,585.49
3212,a8658d520e28b346eeddbf480326888b5d5e377a,1,20,0,0,41,37,0,1,5305,820.21
3213,c69c94062a74316887c821731b8ba8c62c1c5be7,2,11,0,0,31,105,0,28,5528,906.68
3214,b251b573905b3621242cb6571a7e3b46def3536a,5,5,0,1,3268,608,0,418,18500,5306.71
3215,be33f38ca5cf2d3fc9116cb5837b46b6f7af0f21,3,2,0,0,12,56,0,7,934,340.68
3216,ef53214f0261b1a54f299458af58494d8a27040e,0,1,0,0,0,0,0,0,856,113.68
3217,cb6f28685839dca48b74a1e2949f7c56ee7e52b6,31,11,4,1,386,152,0,176,24214,3924.54
3218,77ef4a85d2d942455eb776ee26deb77f7490732d,7,4,1,0,31,0,0,0,1433,435.9
3219,eb4346f14462e6cbce6e6d9bb98b9ffd2d9b9422,1,3,0,0,1189,0,0,34,14010,2052.27
3220,914cf71b6aad6aa5a0eec1aea4f5d7483220735e,0,3,0,0,102,0,0,4,1325,844.84
3221,71b0e2c0a8e13c584786065944614a6ce31adcb4,0,9,0,0,370,89,0,99,4122,752.27
3222,77d05003e37f17cfc7bd413fd57b0f1cae2469d1,0,7,0,1,66,24,0,5,423,197.97
3223,46b05ab21ff544785333f9c3ca85fe1e84a67214,0,2,0,0,0,0,0,0,53,21.53
3224,eb9353b244a9766e88502a5416c8009016cc5fa0,0,1,0,0,0,0,0,0,157,31.29
3225,03cf01614f0543cbea9955f6dc175a0fb1772f26,0,1,0,0,1,0,0,1,51,26.22
3226,4286acdb2b7e1c4f9de480357c387c8d8c3bc033,0,1,0,1,0,0,0,0,42,33.99
3227,98cc234a18302980ac73e18dde404e97dcd5e595,0,1,0,1,0,0,0,0,45,44.72
3228,98b2a687aa09c364d83b56bd4939acc8e844027f,0,5,0,0,124,145,0,70,1766,341.19
3229,8d1cf84aa026d34f460c06c5a1af8841b287a8cd,0,3,0,0,13,14,0,21,1340,225.83
3230,8da4eec9a4b31e3f81eab7a722c16c58a42b1e0f,0,5,0,3,0,8,0,3,164,108.65
3231,bb5c15894e33ae001d4963d21e07a20ce9cd19e9,1,30,4,5,320,350,0,39,5047,1253.0
3232,1727ddc6c3596ba10fb2b65120e83f522ddf5dc5,0,1,0,1,0,10,0,0,346,148.67
3233,9bc5d78e3a7b4f39dcabf698d29740f210c605f4,0,1,0,0,18,14,0,0,908,121.15
3234,55a44243a93e1138598f17f799ceba3bdb6a6e53,0,7,0,3,104,4,0,23,1861,440.95
3235,c9b3e9b2dafbe2f297e5342cc984d65260cafe01,1,0,0,0,0,0,0,0,0,58.76
3236,82df28fffe7025db6fa20e06343d16f52f40e3f7,2,11,0,1,171,182,0,182,11283,1538.42
3237,10969660fab811327eb9b8c2e29871cacf5e985d,3,2,0,0,27,2,0,4,2348,431.67
3238,b3bdc04f4c7154637f16e3108ee737431098443c,0,1,0,1,0,0,0,0,167,90.07
3239,232fa82451f498fb8f135c6d0479e7d4403a34e9,0,5,0,1,57,47,0,34,1931,372.25
3240,43ddbac4848a8cb1a3a91f634a3707e57661603a,0,5,0,4,11,6,0,12,445,822.96
3241,0dd232a66b436775f919e0a35c9ba1e84d563258,0,2,0,0,14,0,0,2,157,65.3
3242,db5100a75fd2edd34cc9549f0603c3792eaf702e,0,3,0,0,74,16,0,13,1279,219.89
3243,33d7976debe07cd65d465d299b34bb234906f847,0,2,0,1,0,0,0,0,235,72.47
3244,253cc4c21255078385356b9edf4f2b20f72b9a6b,0,9,0,0,111,67,0,52,781,251.63
3245,3aa26c113444f9ac533749ccb234283a082a01bc,0,1,0,0,23,0,0,0,117,31.86
3246,e3ce13909d9d57954fd38ffa7839a66262c83052,0,7,0,1,123,83,0,5,537,202.23
3247,1e414a44133891a66c1556382ff43ae031a00d30,0,8,0,1,3,6,0,14,1898,309.94
3248,0edd9e13d9abe3c30639daa4a2811e0eedefcc3d,0,23,0,6,115,94,0,35,8491,1283.47
3249,6c8228e18b8632d6d28c430e73c2df507f06df40,0,8,0,1,6,1,0,5,1761,277.45
3250,8a67938298d0241dcbe83b72cba4174b1d7694f4,0,1,0,0,51,0,0,0,125,45.28
3251,f70ed5ab6de7cc71592a1714c9a3cc03b115c7fd,0,11,0,0,11,0,0,3,3653,536.32
3252,bc37ac15538ffa6504bd8d7f9b28fc2cbe4d4ccf,0,2,0,0,0,13,0,0,453,72.09
3253,6a254004094d53e1302b27c98de9962d978c4692,0,3,0,0,10,0,0,2,358,72.55
3254,9c73385702d3237b5afd5f3c43453816eb6e3aab,0,1,0,0,1,8,0,1,120,33.32
3255,78a837f00a41c85bfc5516edbdce793139d261e6,0,1,0,0,2,0,0,3,140,32.26
3256,03d5cb8082e3615bfa716c5da5f3635eafb991cc,2,1,0,0,53,0,0,11,93,142.48
3257,d0906be22ceba9f4d6fc5e5d72fb8cb20d73b9a1,0,3,0,0,26,23,0,11,1226,195.4
3258,69523a5ef8a98a13b9d5090404f2421d628fac82,0,2,0,0,13,4,0,9,422,79.32
3259,6522e34e102b94fb6a467de03ec8c4e1bdbb40bd,0,2,0,0,19,10,0,13,139,54.26
3260,0efb9a3603cd99ae414a7706360b9547144bd52c,0,5,0,0,4,1,0,16,532,731.85
3261,3b006f510e98f24d640b63e393a1dfcdf0e69f53,0,2,0,0,7,2,0,2,136,64.56
3262,4405698ee99fe26d0ac9317a2df96096f2731a7b,0,1,0,0,0,0,0,0,109,32.44
3263,465ea7f99ef6922c48316e02421f715bb723ffca,0,4,0,0,18,0,0,3,576,121.86
3264,51a50ea82657fce195d7dc1acad6a0aba528e109,0,2,0,0,0,0,0,0,276,51.83
3265,b96a70d70d07ffb4adf9d06656c7f04e15cc23a5,0,1,0,0,1,0,0,0,159,37.83
3266,11604eed265a3a42f08c8da5bf056ed0696fc102,0,5,0,0,134,134,0,125,2866,497.76
3267,ec857a7cded7e136f40ca5be94d10fb64377d4d7,0,3,0,0,195,233,0,272,4695,668.96
3268,55cf256b36929882707e64762c0c5b5c6f122cb4,0,1,0,0,0,0,0,0,926,114.03
3269,11d986a0effa3317d03d02e7e207338e8ba72281,0,1,0,0,20,2,0,8,100,37.72
3270,851141a35746241636a39315553f49d89643b358,0,1,0,0,3,21,0,2,522,91.13
3271,3fc3bcf275563a827d6ad2e7f3bc7a8687ec4800,0,1,0,0,4,1,0,0,238,45.36
3272,42bfcc10239e40b4ab62521e704b6132b0389731,0,1,0,0,1,0,0,0,146,42.71
3273,bdf35759ed3374d7c56762ee1e6c873f2c85678f,0,2,0,0,4,0,0,1,260,57.18
3274,86c669ff3ea68cfcf1d77f2c4d48b3002ac4d01f,0,2,0,0,2,2,0,0,211,50.11
3275,a0d6e79a4c6beee7b069dad7832ffc93f330bfa1,0,1,0,0,3,0,0,1,1177,151.85
3276,900be56ea11917d6b19ffa1e02b3007993ce5097,0,22,0,1,37,191,0,46,8711,1230.27
3277,c36b6fb32c7de93afbca0ea08f5678453cd2bedf,0,34,0,3,188,53,0,39,4108,807.43
3278,a6f8131f9d4042915b672efc9b35a819634e09a4,3,8,0,0,7,31,0,11,1622,330.03
3279,ae300d6759e958205c376e7763f86c2ddcda694c,0,7,0,0,77,128,0,119,15594,2060.15
3280,1a766c42a1890b04a2991d39276e721c689777f5,0,12,0,0,80,5,0,46,4126,1176.65
3281,154dfdf2edd06376dd7c22ae9e55c7fd4a6d4859,0,6,0,0,59,23,0,9,1449,232.23
3282,d880a60612bcf52a6d7dd2157b35f51b273cbc63,0,2,0,0,0,0,0,0,195,36.16
3283,f66bbf1ca4868bc1be8293cb2ff5134c997bb80a,0,3,0,0,0,0,0,0,90,39.02
3284,eff9b82421df9f654f021b5a0d485b0a7c4e50bb,0,1,0,0,9,0,0,7,487,85.5
3285,78b8109fdc788aca2c5a53e7cb048fa09b3b65c9,0,1,0,0,0,0,0,0,35,14.59
3286,646173a5c5cc5ce06f666b4dc1403777b45db481,0,2,0,0,3,3,0,6,819,119.89
3287,4224209d2803b01176523a8a9f67e257ecd2a192,0,3,0,0,73,5,0,16,333,87.02
3288,b006b61ad55702b687a5637ef846e4386bada3d8,0,1,0,0,0,26,0,0,93,24.21
3289,2eeb5761b3ba472662ddaf7cc4b8f4589488cf71,1,19,1,0,210,130,0,162,5512,924.7
3290,a07485a8d856d48d0e4ec1a79f8f4eb255aebc5a,2,6,0,0,64,0,0,29,3674,542.73
3291,80e3bf8675eb042fa60d2b70d3477374e7d057b1,1,4,0,0,9,0,0,23,652,136.71
3292,2e2d95af144057f3161da033bbb438f3bfa28963,0,2,0,0,17,0,0,41,466,95.66
3293,76314737e317fad11d2b2fed7400bfd81e57cfdf,0,2,0,0,4,0,0,20,391,66.55
3294,21eda243ad699fcd25d9e5f889969b0e0c69ad35,0,1,0,0,1,1,0,12,45,30.77
3295,8046661cd9715a8d69c4cdce03748357ef0f5009,1,1,0,1,11,0,0,0,71,65.86
3296,15a54ea4b4a259b5bee1756bba7c3d84c3309160,0,3,0,0,12,2,0,6,146,44.37
3297,dc470e0be70baaacd84e709eba6e9c2b92685a42,0,2,0,0,0,17,0,35,466,80.11
3298,9051c5554218c322943ec94645bf0737174157a7,0,1,0,1,4,0,0,0,158,82.8
3299,26d688ff95a757b826ff3be0214284c641b2dd45,0,2,0,0,45,89,0,50,2780,373.17
3300,0a0d9310c3f61f1c971d993d7027bc5475d76920,0,3,0,1,34,0,0,1,1491,951.87
3301,8cdefe6bca49885c807ab173a1f941e36689a4e3,0,1,0,0,20,0,0,2,365,69.76
3302,ff0bc7c5ea92cb134283fcfaed78e66dcd6f4e23,0,1,0,0,0,0,0,0,169,40.72
3303,70b1899e888f7eab1ad54f06da72c96901544ee5,0,2,0,1,13,9,0,0,1091,402.05
3304,80273bd8e7b347bc9dafc30ce6a556a2def897f8,0,8,0,0,5,13,0,0,1086,184.7
3305,2634cc1855c58193a1767664ad8bb75b217d39ed,0,2,0,2,6,1,0,5,30,65.09
3306,3a1b53f2fc106a2f73bb6e428682ed659869973b,0,1,0,0,24,0,0,11,975,143.79
3307,95969df094c6d13fa0a7303671e3a188ac685204,0,1,0,0,35,25,0,11,471,89.27
3308,879d5917c97d21b409264367c01867dc653a2700,0,1,0,0,23,15,0,34,491,95.5
3309,1429b373c69dde5c27f1e48f604190288c453198,0,2,0,0,2,0,0,14,395,74.29
3310,d40c5b2e83bebc85da25168326f8c7ecc22021e1,0,3,0,3,0,0,0,0,371,213.87
3311,935e8d57d356bef8fde6f8c817f7bbb4bc8aac68,1,0,0,0,0,0,0,0,0,76.97
3312,d3b6e25aefdf54c80c3910ee5848a8c3ddbcd612,0,3,0,0,0,34,0,0,1491,210.44
3313,748b8f1a4c1a6180548719da5f40e3ab2915dd36,0,2,0,0,23,31,0,4,599,107.7
3314,6ae6e5559bfcf61016055ee31e7ec22cb3bcb40b,0,27,0,4,119,50,0,95,13054,2034.67
3315,e67d82a2a0b95348a176875be87c7e76a07d13f4,1,7,0,0,25,75,0,39,1764,348.27
3316,7f2b36e72f55cbae4a31ad73c2337355e29f4a02,0,3,0,0,24,0,0,59,2516,340.21
3317,57cb60b2ff00d865c481a1cc11ceee32bd685345,0,1,0,0,6,2,0,8,97,32.13
3318,faaa3a6af86874e03539b06293a1ede920c984f1,0,1,0,0,0,0,0,0,103,26.68
3319,2cfb9cae5d20b51863d52a034a40909ad0070c04,0,19,0,2,84,168,0,17,6765,1206.1
3320,3a23adf5abac636f43e26adb95588947799339db,1,49,0,10,250,781,0,174,18465,4158.41
3321,713ec8c4a74ef19bd2f058e5ac64496db9fc2617,0,2,0,0,104,0,0,0,978,167.45
3322,95e4f530900137ac337af6ee4caf72b2327406d2,0,2,0,0,13,1,0,4,225,74.48
3323,c11bd4a4646244b81b3895b7db49e8228db23fd8,0,1,0,0,1,1,0,0,733,109.24
3324,df4748b3691f04121e72fa0513492515d0d9808a,0,2,0,0,37,42,0,33,330,93.19
3325,ffc8e66a5752e952aa8821462cda7234a2c0c788,0,1,0,1,4,0,0,2,23,37.8
3326,16c7c1e769e65c6836526525cc432e83da3de736,0,1,0,1,0,0,0,0,923,321.44
3327,20816c9d476a442b1b189335870fdd82db28a5db,0,1,0,0,1,0,0,0,431,67.69
3328,cff351319f9c43e76c79084f398ea5d32d039c78,0,1,0,0,1,0,0,0,119,28.93
3329,7dbb307f2aa07e70ee6ace1c45bf6ec106c47c0f,0,1,0,0,28,95,0,27,583,107.98
3330,8090a75a5d91eb5c6d286ceabfe935f7a16dce69,0,1,0,1,25,0,0,0,51,66.57
3331,6f97d4b20db45e0c034c482ee39bedf9e7a26030,0,4,0,1,45,4,0,35,2872,418.17
3332,8c68535d1af5bb5d8c08ed3baf168acc1324308e,0,5,0,1,81,1,0,8,3405,668.32
3333,88c3d9da6def57a29135438ad4c38f0ec56ae739,0,3,0,0,91,0,0,23,474,125.42
3334,566989a455f644b033eaf6ef399c68850dc6107d,0,1,0,1,0,2,0,0,123,67.58
3335,9c0656b40a5db1b25347e43c264a6d629e3f12d8,0,1,0,0,0,0,0,0,929,129.98
3336,48debe39f06a896b8abae9be9f17788f80467451,2,2,0,0,99,135,0,44,1055,262.12
3337,aa4092c83d5a5508684fb388bea19a8cc9cc431e,0,3,0,0,26,1,0,4,976,164.5
3338,551c04f173f5f481c245959d63f738d29b2d8cca,0,1,0,0,34,4,0,0,175,52.96
3339,afa31acc6467ae91a8e0b64d552dc1359b5d5edb,0,1,0,0,0,6,0,0,3,28.13
3340,167766c26210d4209c9611082da3faf3ecae661f,0,2,0,0,18,11,0,8,236,631.2
3341,16589af63455f8c251a501acc629eafeecc4fa42,0,6,0,1,2,0,0,5,1920,344.72
3342,eb039567de39891729d3078b65d4338509c61d78,0,22,0,2,156,160,0,163,10241,1557.78
3343,e8b21aad62bdea694446933973c19cecec961003,0,3,0,0,0,16,0,0,970,143.29
3344,839ba8b4c5a9e469519074c2ab71ecc0fd74e92f,0,1,0,0,58,0,0,0,98,40.04
3345,302ce0325b2d1bd81eda216ec2cfef1d329b2991,0,1,0,0,1,0,0,0,188,35.24
3346,a832f774c4b6b067de271710103bb06f6d583b9a,0,7,0,0,268,35,0,104,3954,604.55
3347,dce86001ea86cd17a3e26bf4f1930aab10d38306,0,3,0,0,74,50,0,5,647,134.68
3348,c352a848a1af318df4f0348728fb136ce289d3e4,3,0,0,0,0,0,0,0,0,103.69
3349,01bb6237451a26747db76a85bdc3b39a3de9035b,0,5,0,2,57,16,0,22,510,198.09
3350,fd4c887cd06809d79e9a41c55fd83cfc4f9fc4f3,2,1,0,0,5,16,0,4,153,118.76
3351,76788fd5bf9e5cc79ceaf24739d879ec287faa9c,0,1,0,0,0,0,0,0,57,17.02
3352,6722e26df16039e9c91d791ef58a585d4b63c938,0,4,0,0,37,0,0,55,1891,302.86
3353,d5b03c364882fbedb5ecc2af804328026d59f996,0,5,0,2,60,0,0,35,1097,336.21
3354,e253150cf3699b6ed71b88745323c3079bde493e,0,4,0,0,0,34,0,44,1894,284.49
3355,75105027a1b30f284258938e6bad3f5547452aa6,1,3,0,1,41,43,0,1,240,147.45
3356,5fce119685c9b2db1afb7189dc7bbf631b2933ac,0,7,0,2,101,66,0,69,2321,452.66
3357,66d90f865e967333fa243ab3e5cca081c478d3e8,1,10,0,2,82,22,0,35,3656,620.74
3358,e38dcba6c36e841ae589b7634a7a06d09f908d55,0,10,0,2,161,7,0,100,6122,1483.81
3359,dccb58a92dca5176b33bfcb3eba320dfc0bd6fbc,0,2,0,0,33,22,0,11,2849,438.82
3360,708669b53f70acbd69eaebbdcd5650bed6803a79,0,4,0,0,41,1,0,56,1893,943.59
3361,d37222180205b88f076e563d6669509a7f1e5cdd,0,2,0,0,49,0,0,20,1880,255.47
3362,4742310a5faacc8399b6eba0d4adc3ca22934d4a,0,0,0,0,0,0,0,0,0,32.29
3363,f7d02a07d8c35cc478f43c314611fee6511d78bd,0,1,0,0,7,0,0,7,173,36.22
3364,9066302dcdb0a5f4186937bfd92ee1a0d1529345,0,10,0,0,26,9,0,5,2913,438.64
3365,9a528fbc1715ceed8b7bbbaf786107a499e71065,0,4,0,0,22,1,0,12,464,108.97
3366,0b6546baed3a0cc0c610bc3f30f795fd1a55fb5d,0,4,0,0,5,2,0,8,1093,173.98
3367,3d6dee2c3cd2ff9f0b71eb431a49cabfb26f50fd,0,5,0,2,66,29,0,0,2578,394.02
3368,56fd88fff669763d34395bfa1b1a952d13af6a42,0,3,0,0,178,6,0,2,868,165.3
3369,0d8c61cd88f1f409519b52ff0a0f897536f32486,0,1,0,0,63,0,0,3,74,42.55
3370,3fadf1075b31f20b137421f0451786e8e24bff37,0,2,0,0,16,0,0,10,441,99.12
3371,b0e1395fc62b829658ebfa2b9b53297d7e7bfcb3,0,3,0,0,114,25,0,78,1570,255.41
3372,96a5c023c20209b0875a997228d4c1ea5492b837,0,2,0,0,3,0,0,0,751,105.52
3373,a39bfbde4a32b03e997e0a4e4d1aa290b754e4bd,0,2,0,0,12,10,0,25,883,148.19
3374,973d38db309e1ad89e566de863941acad8452d7c,0,1,0,1,12,0,0,9,37,44.72
3375,b73cacfd8dcb0b4e378e119704286b8a79acf552,0,11,0,1,131,36,0,15,2354,423.95
3376,e4d696d6697757acd1d030c33e0996d3ee1134dd,0,2,0,2,12,0,0,0,182,100.39
3377,534198cd364ac2f8ac821ccfc724ae7c49e3aa42,0,3,0,0,81,10,0,12,3428,468.69
3378,7226bff5c41fe3b69660f9ab5ec3f499b60a6ea2,0,1,0,0,2,0,0,6,1064,149.45
3379,abee4b27563c685a8cb888b170cfd82ad545fbd9,0,1,0,0,1,0,0,2,1046,138.43
3380,bab650d19ff04e358d94d432fd10108461f5e5d1,0,9,0,0,21,14,0,40,2181,1013.7
3381,d814bff21583dc0d6b65d595365609baf210485c,0,2,0,0,49,0,0,2,1283,195.65
3382,2ec0f55f84a63117c99b2e52ceae27d7ff6e1364,0,3,0,0,1,7,0,21,3509,441.48
3383,4f681f6fe953ebbd6376aa4fdec6a2d31febbedc,0,1,0,0,0,5,0,0,76,21.48
3384,b2d42190b2cc1b085555728f8b608703d9715faa,0,2,0,0,26,1,0,9,2378,304.06
3385,b16e84e632e30d2f2e4e5a1a9c6056d7c4541671,0,2,0,2,12,0,0,6,38,61.59
3386,e52f34f21bdd5bee3ea39bd83195be134c039bb2,0,1,0,0,67,0,0,15,121,56.94
3387,6123d2b3d15131b2f64cc52604f2120b843ebbf9,0,1,0,0,0,0,0,0,573,77.08
3388,05defbdce39750ffc8b0e43456cc0f8192fe63f7,0,1,0,0,35,2,0,14,355,70.12
3389,e7bebd470650488cafd94a37462e6c1fd7833edf,7,7,0,3,79,228,0,17,919,558.62
3390,fa51414e9032016806d3aaa7fb6cf3d1fc1e41be,0,7,0,0,68,17,0,46,593,176.89
3391,8465f20316344dbbd84865596edd5a5af6bf9930,0,13,0,2,147,26,0,19,2030,433.62
3392,f357ac700d3eadebdd423579cf9df1abccd11e8e,0,2,0,0,42,0,0,8,1035,170.03
3393,17b1428a111a0df689db7d2bf4dd7ea4859dd5b1,0,2,0,2,57,1,0,1,330,158.45
3394,6debbada44af2858a6b8f61ab72bdc0b72caffe7,0,1,0,0,6,0,0,39,71,28.75
3395,d747617e15f542000d4d987df6efad1296bd1032,0,4,0,0,110,1,0,13,1479,261.62
3396,28d84ea0a85c306902de23dd80311b75106ad338,0,3,0,1,54,0,0,12,174,76.08
3397,bf78ef059fdb9dc35d611240274bd25f9ef2547d,1,0,0,0,0,0,0,0,0,17.19
3398,551cfaf279783e0862aa9c17de40a4c02d6168f8,0,1,0,0,0,0,0,0,2225,271.43
3399,b5559ab1d7c8ec630104c52718ba3be6eac32c8f,0,2,0,1,65,16,0,1,309,95.33
3400,0f46618bdd1e08ed365ed65b8e073a45d6e79d3d,2,6,1,0,6,0,0,0,678,874.85
3401,f6857d59ef432cea54a4896f718470471a08d8f8,0,1,0,0,0,0,0,0,37,18.56
3402,d8a1dfdc69795c3cb6cb2e29b977ccb4adba3053,0,1,0,0,35,5,0,1,153,52.86
3403,bacb37c2b65b08783e7b2e5005ff7de6454c79c2,0,2,0,1,31,3,0,4,412,158.29
3404,6aad836c0e8d6598ac8f97982941b776cb11b5d3,0,2,0,1,13,17,0,31,2428,398.16
3405,52343c551653f6cdfcac49124ef91590fa1dae1d,0,8,0,2,12,7,0,1,5188,839.71
3406,889777bf593d535c2352fd17e484e0454e9dc213,0,15,0,6,14,3,0,32,2873,733.63
3407,a7c40622ae2794accb6f54a25728453d3176dd91,0,1,0,0,23,0,0,38,419,85.76
3408,128134c7f51a76b92787ab00bf3df7fce2e58ae1,0,1,0,0,4,1,0,3,191,40.76
3409,d09a134ad82cd148a9250de2426f3560a6150619,0,3,0,0,27,69,0,24,1291,199.11
3410,f2f552c2236c40a23b72acf8b9cbe43a0ea3bd44,0,3,0,0,69,53,0,0,2061,306.12
3411,cc8e0d3341613446061403852da9f0feb6292037,0,4,0,0,55,9,0,1,375,106.93
3412,6d32cc088144763114f88203ac97a5e20b8fe1c0,0,1,0,0,0,0,0,0,2218,276.93
3413,48ee32824f5b09d26fe3d71183c70b69b54a718e,4,2,0,1,173,97,0,44,762,403.6
3414,3cdfd5def04fca4beca75d42dc07822b3e5848fc,0,2,0,1,0,3,0,0,78,35.78
3415,0623f4b2a5cd362d54cd50bb35cce5be5280b56c,0,1,0,0,2,0,0,6,1108,153.92
3416,3c0f2508d01dd676306e23cfab40ee9c5ff91550,2,77,0,26,851,718,0,1096,39451,7126.76
3417,3f2eb3ae160efda21e9bb8dc91059a129c41c606,0,1,0,0,0,0,0,0,264,44.92
3418,089e876398ce78becb81ad3d0684f6c3949677df,0,1,0,0,14,58,0,19,200,53.81
3419,1c81734163c0a510796ea780c6b7cf2ac82e4210,0,13,0,8,56,35,0,26,3441,720.42
3420,af834c404f7040a0b7bbc434d9cbd3dad11632a6,0,12,0,6,219,55,0,58,8106,2557.74
3421,adae758abe519ff61d3eaf08767c42f7abe80230,1,0,0,0,0,0,0,0,0,46.44
3422,dd52afb4a23614ee12b6155104a4309f38562598,0,1,0,0,1,0,0,1,370,60.37
3423,7667ab541461428bedaaade3e00d20890974b283,0,2,0,0,10,1,0,3,381,74.43
3424,ffd8cab11beb6191158b1661f179d109ddf698b7,0,1,0,0,0,0,0,0,214,41.8
3425,a0aad9686eed42519fd9bd6f100af312bcfcc36f,0,1,0,0,0,0,0,0,123,27.12
3426,fd2b14c873e7563a9b2e5d1b79c0ca774f8c9c86,0,1,0,0,1,0,0,0,123,31.46
3427,8ee50e0a01aa4f4d477a0fd1bb32c70bfcca1963,0,3,0,1,13,0,0,7,1206,234.63
3428,3ba63ba0e739525973953f94d5e0e93e2cb4117d,3,1,1,0,14,0,0,5,188,135.83
3429,c2bb416c710bf6cc89b8594d240f416c3384b525,0,1,0,0,1,0,0,0,265,48.64
3430,7eb77dad7b09efdd30474583090517e6f6ea58d3,0,2,0,0,65,0,0,13,1308,203.64
3431,cfded304c1589b955524acce065a248c7b70131a,0,5,0,0,10,1,0,24,535,130.44
3432,24c6f662c26e6393697fe99f730d99cec529e9f2,0,10,0,1,77,50,0,89,3417,570.81
3433,21f38991652666427fcb405e008ef815ac404f16,0,1,0,0,2,0,0,1,1120,144.29
3434,b7391e54494af5d819af54d21311baca243e9bbd,0,1,0,1,12,12,0,1,75,72.82
3435,efc32c83ba21f59e68bbfd4d56ae777251b42b8b,0,1,0,0,4,0,0,9,264,47.28
3436,e946c2871f1c1dea9b767845f1c529682c6ecd5b,0,2,0,0,2,0,0,0,1733,219.39
3437,a2af3a76a22bf4e8e07396606927b58c6da7c771,0,2,0,0,122,0,0,0,304,100.38
3438,3e6047f5d5c0fe42119ff40924a8bbcb20411832,0,1,0,0,12,0,0,13,856,120.96
3439,f22a9ce1acc418ac2e3e435b9c0eeed09b83f4fb,0,1,0,1,3,0,0,3,470,206.45
3440,4370fd18e461631894f405b3f3b1ac4ac1e57a1d,1,2,0,2,7,0,0,12,271,852.52
3441,87023082bd355961faa2ea8a337c22b873c9f918,0,1,0,0,14,20,0,0,517,83.07
3442,b4dd49f55d2f6650e84203ed0e3f03e6e210de50,3,1,2,0,7,0,0,8,775,205.63
3443,45b0028fbb6d4559f4f1f18ae9430018b22f688c,1,0,0,0,0,0,0,0,0,60.06
3444,e5ea7fb8b3073cee9df75d30b1ccd76b7193f7ad,0,2,0,0,52,0,0,24,484,115.66
3445,0aadc0b0f4f80c237fc67c233e65a72ec4e96f7a,0,3,0,0,7,6,0,87,593,114.82
3446,2b32678420e964146084db2a18c99c4e7e5ef7b5,0,4,0,1,206,27,0,16,1071,322.1
3447,0f30646656428e3f2eb7c3a598fdf9cb1edee919,0,4,0,0,27,165,0,19,1112,189.93
3448,9a758c16681979ac067246f108974a3f790c92d1,0,4,0,0,165,27,0,16,1112,223.79
3449,93477aa6df19175611a0c43e42bdba20f1a33502,0,4,0,1,123,0,0,541,8760,1260.38
3450,2286effcc6c5e46a443a111d1aec322ce252b0fe,0,4,0,0,27,165,0,19,1112,198.46
3451,9b363885979ccde60737f5bb303b54e2824d0195,0,2,0,0,0,17,0,18,519,97.06
3452,d11a58116c1404910c11bd2b1a43ae4cc00110c0,0,2,0,0,17,0,0,27,519,115.94
3453,64ef5da6655a436112373fe3cc21d72ec25bb8df,0,1,0,0,7,0,0,3,390,68.21
3454,374052f071f314b22eb37394c24407377beb5de7,0,1,0,0,0,32,0,0,2938,429.94
3455,8a3cba0cc14e886f9dac7bc37b60a673cdf5dbe8,3,5,1,0,9,140,0,16,752,307.75
3456,4558ca5a79a5106287438df8a737e4a1635e4534,0,3,0,0,61,55,0,0,337,97.01
3457,890850aa91e141092ae0f40a02b04e649d3292d8,0,1,0,0,0,0,0,0,137,33.73
3458,026779686fb2b3636f52ed448ec50d8b42669b4f,0,1,0,0,0,0,0,0,5,13.25
3459,d12209347305273b83e1036dc084ea348cd99724,0,1,0,0,3,0,0,0,87,25.79
3460,0c4416a570c3bbf22b66dc43c6f87e0b12b044d3,2,10,0,1,119,72,0,41,4261,1469.14
3461,b65d39bc9dcc0160fa078c404f8d38ef52b43e0b,0,9,0,1,62,0,0,18,6024,838.22
3462,eb192446a73637e17518eb444eac75f2e914a6cf,1,0,0,0,0,0,0,0,0,18.73
3463,b6aa74ef6393229a9d08ace867cdccdc63a91c64,9,7,0,0,45,43,0,13,1158,431.53
3464,7b8d3a6dc156b28551f6d9329db9399e68036caa,0,1,0,0,0,0,0,0,137,29.62
3465,c0046ba4817f1b39764d3c292d6920ba00872494,0,2,0,1,29,0,0,0,1163,183.39
3466,7b3dc4f7ba5df546b310f446afd65fb53108ab87,0,2,0,1,8,0,0,2,112,67.1
3467,76bae3d62d9deeeabcba8c233fbb5c4876c7e9ae,0,0,0,0,0,0,0,0,0,7.07
3468,f6c699258104702c688e15d669793a1eb998960f,0,2,0,2,122,0,0,0,101,118.79
3469,4e28bd8babc2781f231d2baea3db5968c88140f4,1,9,0,1,19,47,0,33,2620,506.15
3470,e8dfdeb6ecb33ce56b3e35f0edaab7bcdf6efd09,0,2,0,0,14,0,0,0,1273,179.67
3471,efd752b5b40c9ec51bc1e6edaa1c9d34f4956da4,0,1,0,0,2,0,0,6,128,32.9
3472,fa3918d3006abcacc3c8926b1e943d39ac3f3611,0,3,0,0,0,9,0,6,1408,201.69
3473,f027f66b22cd3be7860d6166f86f2dd5887c214b,6,28,1,7,1953,2149,0,860,26718,7015.43
3474,1d8ec61f64611c25a00a171af0c8d393847cb241,0,3,0,0,9,0,0,9,313,73.59
3475,cd8c3820ba471172523b85df486471ee959ec2ce,0,1,0,0,1,0,0,0,1117,134.99
3476,baf55c6e8a1a2aa0c03c56603f0d9860ac8e449b,0,1,0,0,0,1,0,0,1117,141.65
3477,1ac7bd3d921f9b00e2fa336ba0bb65b6e370a896,0,1,0,0,1,0,0,0,88,24.91
3478,7475f9088bf86d1d07957e169b04d16def486a0e,0,2,0,0,32,5,0,2,452,98.02
3479,bdd511c7c1a1930df740f91c8423ef11af6a4837,0,1,0,0,3,0,0,12,1122,155.26
3480,3ca2bd733936b5c21a719930267fa3f09795099c,0,2,0,0,0,0,0,0,899,822.1
3481,515d19c52ecaaba00c310aabb602bdbb8dd4a52c,0,1,0,0,17,0,0,7,321,67.61
3482,e5becce33ed662dd737dbfda1b573ab7c065533d,0,1,0,0,3,1,0,1,89,30.34
3483,c68cea5b456c1949e49fc32d80ed7c9acbee14ec,0,2,0,0,2,0,0,20,2997,388.44
3484,5c5854578779719ce763c0d8ab9ed591254ec5bc,0,4,0,0,19,5,0,25,1429,217.46
3485,6f79d0e25397c2dd925b5dc2a40323f489d5481e,0,2,0,0,312,195,0,14,1320,280.12
3486,6ad28427b1350c3c0445145e373b3a6da158a4d5,0,4,0,3,97,3,0,4,1088,272.89
3487,4dc244ce5a3b3a9da456a3c13f60e3b31579f12c,0,6,0,1,20,8,0,17,2031,322.4
3488,c6f4c60ac42a2e62f8fcc9c1ad3a49e86138fe6d,0,1,0,0,1,0,0,3,49,21.08
3489,be3568fb5b2e29cda603f86f38430206be693c02,0,3,0,1,43,13,0,10,1115,207.63
3490,832a6efa17194000dd99f9a4d52390cca12f2e67,0,11,0,0,102,64,0,48,2120,395.3
3491,6bff9ab3586607268a88fa91ac5ab9e5c4f0c71f,3,4,2,0,39,24,0,36,462,226.76
3492,639bf9cfa9ce37ea5012ee16924b3986e060bab0,0,1,0,1,0,0,0,4,124,70.77
3493,3185729df1e316924bf5958349fd3a3652c42552,0,1,0,0,2,0,0,8,349,59.91
3494,7a7ab8b8da795177f42e434b1ab1b468e5cd035a,6,13,0,1,721,54,0,1174,24027,3504.6
3495,86dc135a343c91d62d9403948fcaf07973c9ace3,0,2,0,0,29,0,0,1,1470,213.49
3496,8e0202945b8aa00f7c70a5509cd9f6383fc710de,0,2,0,0,81,0,0,6,2804,471.65
3497,77a08bbe0a63941afacdf4490b3b4b7f98583637,0,2,0,0,32,17,0,12,909,138.14
3498,90bd4de7cff6ae18ae924b5e790f03e39a274617,0,1,0,0,2,0,0,4,189,36.86
3499,487f1d437f664c8e1c845b70f2d9f279fc44fabe,0,1,0,1,29,8,0,54,333,185.57
3500,d1c5b7cbd2e160e5e8d1edf147fcc3af22203328,0,1,0,0,1,0,0,1,1117,882.15
3501,267e55da403a0ef62b271a6c444d4d40c5ae842c,0,3,0,0,22,0,0,3,1528,237.89
3502,47f4477f79aa9efee585813dab4f53ea6d08d5c2,0,4,0,0,50,20,0,12,1713,260.87
3503,6bf0abbec925914abea13788c2603f02af784860,3,9,0,3,34,64,0,32,3745,724.37
3504,ba37032a7282575507551acfd51910265f64dea3,0,3,0,1,5,2,0,12,669,149.94
3505,0a183765ac6b3093f68122620eb1589ea9db051f,0,1,0,0,1,0,0,5,340,57.08
3506,f19b0360c1ff27df7a0023b27da2076897553483,0,4,0,0,46,21,0,0,309,89.64
3507,2068d57f99d0cf8e0546fee862966e3ce781f758,0,1,0,0,2,0,0,3,421,84.96
3508,a1aa8537a22b7c85ec79e049a3686c1855f41456,0,2,0,0,10,17,0,42,810,137.2
3509,3c4645e7e5342c44c153283cd355139bac12f1dd,0,1,0,0,2,0,0,6,78,29.52
3510,6ebd8e3f2a61591f5d017eb43389efef95ec26a4,1,1,0,0,0,0,0,0,183,74.07
3511,86aad7e82c81173bd62f30f603425790baa2f9b6,0,3,0,0,23,1,0,10,1651,250.05
3512,9ae251a7e2d4eb558448ea228ca2e0fe140f6fbd,1,6,0,0,44,45,0,38,1095,251.63
3513,2c3d36cc10e11e3168cef1c8b38d11aa366a258d,0,1,0,0,10,0,0,2,341,71.1
3514,1a131b9e3c4e9b04078d69525377a3c07cdec115,0,6,0,1,216,41,0,19,1557,334.96
3515,8806f23ee4a83413fd020d532135a347c1b28280,0,2,0,0,45,0,0,0,1030,160.54
3516,b3c97c3e3eee7ab2d2e6e27567ee3de153c4674e,3,6,0,3,6,3,0,2,196,162.63
3517,d783067a3d89dd2938ada3db79d715ad29531d8a,0,1,0,0,440,0,0,45,264,150.65
3518,d5f6d90329eee84ac70ef20f35da15511ca4936e,0,2,0,0,27,0,0,0,18,49.41
3519,aec1857b3757e256bd8dc39a0636df3865de54f3,2,18,0,5,153,246,0,28,2549,748.77
3520,2a5c92c084327563c2f92ebc57bcfa47637928fa,0,2,0,0,0,6,0,2,646,756.16
3521,6b46196c31d6927cecef2803c45e9b647348a147,0,3,0,0,41,22,0,34,1530,240.1
3522,998296008a63ae4f09d8b2619107329b46944f10,0,6,0,1,24,10,0,2,623,140.84
3523,94a3efe1e9f4fd9370822a06131263b75c4b4619,0,2,0,0,511,163,0,37,508,215.83
3524,190aac3613f16dffe8e326f565bd7c35131a09a0,0,2,0,0,132,0,0,95,4088,529.01
3525,aa12c8ac72cd8ecba4f088663b8431bc7f684ae4,0,4,0,0,43,0,0,14,2196,333.3
3526,e89712d29dd91be4bb50ee74e45b7e910a3c49f2,0,1,0,0,11,0,0,5,704,103.28
3527,f0ad092dd6de70967a7f904f8c05b347a5e4d667,0,5,0,1,36,0,0,3,1362,393.84
3528,91148bcc2accc90a3e1046e0424f82d2a49a69db,0,9,0,1,390,177,0,376,17338,2467.73
3529,e2f57c769661092a6f2467191c20d9bdd7d66da0,0,2,0,1,59,0,0,28,325,123.17
3530,f6a5cabe6d2fd1326f453a99c0bf2c2303f2293a,0,1,0,0,6,0,0,2,531,78.18
3531,87a052f08df8c5117fe981b33f12756745fb291c,2,12,0,1,88,0,0,8,5290,825.57
3532,62e1137c94cbcc7976450dbb1bc9a5fb3cfd6d37,0,2,0,0,11,148,0,8,871,164.55
3533,80e0cbd96e5aba8c8b55423f95a34b7086531b0e,0,9,0,0,346,0,0,20,3614,590.49
3534,13084de40573f9832f972e2520c47d1db14f3835,0,5,0,0,31,0,0,0,2563,334.67
3535,8bc438abde16e956223888dd283961bfafd820bf,0,1,0,0,19,0,0,2,80,30.33
3536,bd7b47980740129edf133f6f09023b9ced1e041f,0,9,0,1,11,0,0,31,4630,626.04
3537,23da6d4cd3e948f0bbe65bc9ec24b7d956a0cf05,0,1,0,1,4,0,0,2,77,52.88
3538,65e1acd7a169efac48a830b27da869a8bf6047b9,0,1,0,0,9,0,0,7,114,30.19
3539,12f4d3d3f0278bf9d9e95c74823a2c74cfea71c7,0,1,0,0,26,0,0,0,182,40.81
3540,69798553bc22259a0242bcd5b8f3a2570e9ca4d1,0,1,0,0,67,25,0,0,5,785.34
3541,2f68a2c06b325f9b64b46671c35c251926042513,0,3,0,0,1222,0,0,0,2395,621.45
3542,288306846256483c6e8e08903d8ba7ce23473555,0,3,0,0,1,13,0,1,3604,458.93
3543,83edb0f4ee0f80b35329775a609729960b282f20,1,0,0,0,0,0,0,0,0,27.86
3544,6e68b91ef24ec86ec8f31a555f742a2318908167,0,5,0,0,56,10,0,35,2057,314.33
3545,6bacd6839f1b59d1c122aaed4092a11d6a007924,0,7,0,0,961,11,0,106,10907,1551.08
3546,cea01f41922a99dd48784374d0d384d1213e1ebf,0,5,0,2,32,13,0,0,2930,455.76
3547,bf4a3af4a4fcc89a6b8b5df813318bdf0564d8cc,1,12,0,2,257,100,0,504,20158,2971.61
3548,c19b7ba9d9682ec62fca421aaa0300a756120b97,0,3,0,0,0,0,0,0,2409,303.92
3549,e849b9bfb9ffb25753a573d4ecbd7ae45bb9922b,0,1,0,0,1,0,0,2,1895,240.67
3550,bd7012e3a1fa2c15315963c6e2c78594b7740c0f,1,0,0,0,0,0,0,0,0,25.52
3551,0d5a678ac9d60c6c93c3378bbdf712ed76c73c32,0,2,0,0,3,0,0,22,1920,254.18
3552,957f580d8390ee77673280003bfd5a51b22504c6,0,9,0,0,173,44,0,55,3240,530.36
3553,c920eb3c4c3fba8a52a6be8794e63d865a38196b,0,9,0,0,9,11,0,9,2175,364.81
3554,ac54c557e9d67a90efbc7cf264a26386915b5598,0,1,0,0,0,0,0,0,857,116.15
3555,191ba57a27dd195187fa4dd248d1ce02345e5b1a,7,5,0,2,223,32,0,5,468,429.75
3556,3d88fbbcfde817054449a08eacfa84d0a197cd1b,0,1,0,0,0,5,0,11,1159,145.96
3557,9d4a82e105b49249663e9fa1edb4f1e7c7db8003,0,1,0,0,17,0,0,43,77,32.42
3558,ccb9fd364d1fa291035826bac7852901c2be2fd4,0,3,0,0,16,0,0,17,2224,429.65
3559,f5ecf2c83c8c9987b3414308f80561a807a9f758,0,5,0,0,13,5,0,38,3594,490.49
3560,45da73e18e4d1a04ab1fb15f930a1b1d1e2edc06,0,1,1,0,0,4,0,0,38,805.23
3561,b5bdfb6f3f21d47537546aa49a93ac1a8da677b5,0,7,0,1,29,0,0,0,3755,547.73
3562,d6550253a726e78b9edbbd01401690310aa8e3ac,1,0,0,0,0,0,0,0,0,30.88
3563,a9270d385b64e38df0b5468122a2463c2c99d18f,0,15,0,1,55,21,0,26,786,232.5
3564,0e04fe82e1b6ecbeb6f977db42a475b91c5005e9,0,2,0,0,1,0,0,3,120,35.84
3565,3b317f6f184d1af042ff8e88854df3c38cd764a3,0,1,0,0,2,0,0,2,32,19.29
3566,53419dadca0996b572c30d9c837aa32e34f42d07,0,1,0,0,11,13,0,23,208,53.33
3567,bcc3626301fef4e61ca1840921d95d6194641025,0,1,0,0,0,0,0,0,3,25.78
3568,30c8032cb2d3b359b57261a3c5b0835bb0f84512,1,3,0,0,22,0,0,2,1695,329.95
3569,03dc97a1f415f09c5a9a850a43803cc2f7908bc4,1,4,0,0,227,24,0,17,2749,468.69
3570,fbd8cf7a73a66bf4b29b9797449eea294d93a82c,0,5,0,0,189,27,0,25,526,222.86
3571,3b18accd8eb9ef0e4681cb95c6c46802ea6ad435,0,1,0,0,43,2,0,39,471,89.38
3572,ba8801c2ff3b10499e0ea5b8ec88900e39d247b9,0,9,0,0,16,5,0,17,1283,249.57
3573,e9eff5e6247bafb3ca5018e233c1c3beb1cd536d,1,3,0,0,4,0,0,0,396,94.7
3574,9f1e443ff052c81d53e8d87175b0db6e65c0f042,0,1,0,0,0,0,0,0,1092,142.38
3575,f38b70170e7d04a98c4f7492bc94ce337d4fd760,1,0,0,0,0,0,0,0,0,24.68
3576,f7cd8f75e11017cb93c650c684961e0779b4b966,0,2,0,0,7,0,0,0,1370,191.81
3577,fd4bd0c9907a935dc6fe12a490161d1590f50730,0,2,0,0,0,7,0,0,1370,183.35
3578,6fd96ef4e9eadff68691928c4fd4295be207c727,0,1,0,0,0,0,0,0,343,50.06
3579,a71464bf8427f8b94db8b9e264e07bda85955ad3,0,18,0,1,56,17,0,76,9832,1411.11
3580,84e45319382b6dd7a8182332298005303dfbfc8d,0,1,0,0,0,0,0,0,135,803.91
3581,278659b6e6a0e0b763b49eb28bcbeffe5108b3cd,0,1,0,0,2,0,0,2,537,92.21
3582,559aa12a09e3599bbcb18c7512284384def12f09,2,0,2,0,0,0,0,0,0,59.51
3583,e75a7e868b946a7e0b9e4a056078d0b6b3a525e8,0,3,0,0,60,6,0,10,3053,430.16
3584,181b4c8d03d3108e98844ec231929322973c0153,0,2,0,0,19,1,0,5,208,57.89
3585,acfe2f9fd25fd29d07f79728068d342ab83c0af4,0,1,0,0,9,0,0,45,1293,179.59
3586,5d22eee9f8392eb138d33755a7d6194aeafbfa8e,0,2,0,0,23,3,0,11,188,56.97
3587,fe92821ec33b2f6372104706796b6802b428ecb1,0,7,0,1,54,211,0,49,2178,390.08
3588,dfe84fb1f9ac10a338a4dc1423877715c82df511,0,4,0,0,26,14,0,25,1342,226.44
3589,49627667a0dc63a35421e98ec91100d19f6ee523,0,10,0,0,130,5,0,18,6838,955.68
3590,a34d443c95c37c1342557d7baf046c698bd41592,0,1,0,0,0,0,0,0,3,29.4
3591,9a151d2e73457de02e914e8f1d4da0f8cc9d2432,0,2,0,1,7,0,0,1,158,71.34
3592,04e4855bc84d162593d20db7c89a36dbaf5bebaa,0,1,0,0,5,0,0,1,27,21.63
3593,628177ecee87f3bc61926cb429c9d268047b51dc,0,1,0,0,0,1,0,2,34,15.88
3594,0d98bb4d2b7cdf6681a241f23bf5cde915e0f0cb,0,1,0,0,0,0,0,0,1138,140.78
3595,c5eea46314e21e09327218721e74ec0a803984f7,0,1,0,0,2,0,0,3,1900,256.63
3596,a0e51bc4da673f031c892e2f5cb1127ea789b488,0,5,0,1,4,0,0,6,3917,585.1
3597,fc471152daa22b543607a1edcca2b919efad3cc1,0,1,0,0,0,0,0,0,113,27.75
3598,ed97685c75f41a0d8ce6cf3768a8ccf3b687ddc6,0,3,0,0,12,1,0,9,169,68.37
3599,a7655cccf27d54c9409ff42768111b9ebecd55c1,0,2,0,0,34,0,0,7,598,114.99
3600,d56d41ac6e485cb6ccaade9f957f747ead85541e,0,4,0,0,223,0,0,22,1536,1070.7
3601,8c3a7e4a7dc3a575720b6e812fc91b38cdd211c5,0,1,0,0,25,24,0,0,50,43.3
3602,4a5fecce8837ec68ca685fbdecfca4764e34a240,0,1,0,0,11,1,0,9,171,43.99
3603,f400db0d9b2e1ea03aa26c811f0b8b8ec9cccc61,2,17,0,5,190,8,0,202,14079,2159.8
3604,9ccf16db51a9ac0948459dbc8499ffea9b83632f,0,1,0,0,0,0,0,0,968,140.19
3605,e13718b872dbf7266c4fc4000855441f0397657b,0,2,0,0,51,0,0,2,877,136.51
3606,1095afa36f6417eeb92890be44d47ffe581c14ba,0,4,0,0,75,22,0,8,2172,346.12
3607,4ff281e50d4bba892aa8ef65689565273ed53f2b,0,11,0,3,1917,18,0,226,5538,1271.74
3608,dae8894691649868afdfa3b824a7c603570db861,0,1,0,0,0,0,0,0,202,33.36
3609,3631ba5022548377000cc2753ca29b984abc5caa,0,1,0,0,1,0,0,7,68,25.64
3610,ae7685310b1fbde0f22fb704c8b3a849690df378,0,1,0,0,0,0,0,0,95,18.76
3611,acc6dee5084c2ce47020087b7d0014a85554c977,0,1,0,0,0,0,0,0,90,17.4
3612,8e78536a3b64ea924a828598acc22b4075350803,1,10,0,2,30,4,0,73,4946,786.14
3613,39722ab36acea3adcbe7dfe8be706d5b91927ef4,0,1,0,0,79,1,0,10,323,99.48
3614,2bbb39fc31ff3bd422a0fe3da2849c7128012e73,0,2,0,0,52,0,0,0,3087,475.73
3615,b256284f5186c1d65be289ff5f77f1f1f9b1da10,0,1,0,0,0,0,0,0,483,74.85
3616,5747b899bd75c70f5d0791d8454011694aacb1e5,0,26,0,2,15,12,0,7,4184,789.55
3617,d291f131324ff270ab392727fb4795e117794c5c,0,1,0,0,11,7,0,3,281,66.53
3618,784e45548fb4d953f02fca6b57dc62323cb49bbd,0,0,1,0,0,0,0,0,0,17.08
3619,631b20dfe378904285b5e45b3d2ec968b1675a1f,1,3,0,0,31,0,0,0,469,135.32
3620,022593a9ffaf8139f1657f874a3da4fa56c99396,0,1,0,0,0,0,0,0,159,766.99
3621,60fcb122d5d06b14b8d8a94103fa446268f0d476,0,2,0,0,17,2,0,16,540,103.59
3622,1cf2511b30a8d90e9ae55396813a3b068e4468e4,2,2,0,0,11,0,0,7,125,91.29
3623,ed997ccdebbdd971ca983a095402b94b6830234f,0,17,2,2,0,108,0,28,1876,383.87
3624,b7b840bf596aff81093ad87c53c39c2886d5799d,1,0,0,0,0,0,0,0,0,40.99
3625,37c453f6bcddde2ceb9f2ad52aa587269b359191,0,1,0,0,7,0,0,24,124,37.94
3626,c56f121117487e07d38cbd74301503d1fa80ab64,0,1,0,0,26,0,0,8,159,47.07
3627,bab89d2e5775e7fe62f298bc43f14384f544bd48,0,2,2,0,0,9,0,5,127,50.03
3628,a2516d3bc01b95c343d5a2c6ad60c738c2421809,0,6,0,0,36,0,0,8,785,245.81
3629,457c928d354d72539515133bab787e4aee0465ea,0,27,0,15,1291,3302,0,1985,87162,15721.82
3630,0886b18561335509c0d5f918bdd47f54bde4a63a,0,4,0,1,0,4,0,5,1484,213.47
3631,d3908419126262d3d88a498e45a0bff369793ffa,0,2,0,0,1,0,0,1,466,67.02
3632,552932953f66950469ecb7c65d94d2ad5bfb78c3,0,1,0,0,0,0,0,0,150,24.76
3633,0ab9ab9ce7eeaeb195740d36de05daa0fe3b003c,0,1,0,0,2,0,0,3,150,32.57
3634,0ee14ed05354042fe9d8af9b4656fb66196032e4,0,4,0,0,14,0,0,42,2775,361.88
3635,f92be02b93350f1c5136b78e77edfcea5800faa4,0,3,0,0,0,0,0,0,1787,232.57
3636,4769fd0a6c0f8730f305aac5b0da373ac67d215a,0,2,0,0,0,0,0,0,1283,149.85
3637,b5459be95dac7d8a59347a99dd43151248abb7eb,0,2,0,0,12,0,0,6,1274,170.67
3638,4371bae636da7d6ed8a8e32d2c541c893671d3b6,0,2,0,0,5,0,0,5,1097,168.26
3639,88e4876eb800d39871ba2472017db6bec5e4b055,0,1,0,1,6,0,0,4,148,78.97
3640,9eeeafe824935519032e8817f50d429554b32f99,0,2,0,0,32,0,0,24,1243,949.21
3641,0bed86e6de25d85792110fca5185d66ef7db4e2c,3,8,0,0,128,0,0,132,5771,882.75
3642,9e740fed1ae31eb4937bb7db698aa6bdba35e05d,0,1,0,1,9,0,0,8,54,61.4
3643,b2c835d36927fbe05791300a73b9da188e4d91f9,0,1,0,0,2,0,0,4,1233,164.15
3644,c89c0e25f05ab0f5860a8608f8414a672673b97e,1,0,0,0,0,0,0,0,0,22.89
3645,a39393addd6cb8fdb0109b898a4ad785f7675ce2,0,2,0,1,8,2,0,15,744,155.57
3646,83f51a4d6afa2e32cc1fc9033ac0858fc04fa153,0,3,0,0,2,0,0,6,2716,340.4
3647,8eb2f3709a4c63b056d27f793836b35b86c11f96,0,3,0,0,3,0,0,13,454,85.69
3648,b73d17e4e4f03227d4ccad22291776fba855b68f,0,1,0,0,2,0,0,6,1141,150.09
3649,1356d84fcf963ded339e07f6cacfaf8537b09c1a,0,1,0,0,0,0,0,0,247,37.63
3650,aeb529fc780fbc3eaec8f1f96b1a9edefcd6dd95,0,4,0,0,632,0,0,8,9020,1264.01
3651,d6605b710c9fba2ac7c1dba2b9be8721b14ac561,4,3,2,0,9,3,0,20,397,171.05
3652,e8b5cd0f49d92c0d7b7716d29e832583596bcc27,0,4,0,3,3,21,0,6,253,138.71
3653,c9ca3ceffa65b26bba44f44f8bbb5e3f25153eac,0,1,0,0,11,0,0,29,813,122.7
3654,9e9e4a8c00b06ad94cb31d381ec5f9fec7f57cfb,0,0,1,0,0,0,0,0,0,8.25
3655,c4f38c18f49456f421fb679695b680f53b5f4cd9,0,6,0,0,157,3,0,13,1022,235.08
3656,508cb1bd987530790290dd6ec33bc6007bcc7f27,0,1,0,0,5,0,0,12,125,33.52
3657,25e14c8b4825c8b38a1ed36e6f7488c75efe38f9,2,10,0,2,207,155,0,53,4588,803.33
3658,ac924da7af9b1bd8f3bb0dcd1c3b9b9d641daadf,0,15,0,3,78,260,0,137,6707,1121.87
3659,3ea120a69bef74628f484ccf64f1e8bc223cc395,0,10,0,1,24,20,0,27,4072,567.53
3660,f4872d7ef81672681c40835274f9330a04940f61,0,2,0,0,12,6,0,32,609,862.5
3661,6a1b724e6d9ca1df26809c2df4803d38305633c9,0,2,0,0,9,0,0,8,2350,304.22
3662,54c1e1b517e156380126080b2ba4a92d0bcad586,0,3,0,0,6,0,0,3,303,64.09
3663,581c3f2634e82343ed0d27a4a0ce5d407f445567,0,1,0,0,3,0,0,11,168,36.7
3664,245cd389835d14d817104aab9e1251a5799643d8,0,2,0,0,26,3,0,3,793,128.21
3665,b17b2e46a848884bfb7ceb3cc3d99ed788c23c2a,0,1,0,0,20,0,0,16,525,78.34
3666,4fa2e6c37c6443dae6bde5fb8bc85c5ef9ab8134,0,3,0,0,739,0,0,0,9472,1333.56
3667,53ed511717d473e5e00e178e207cf5f34d1462ad,0,1,0,0,1,0,0,1,174,35.3
3668,a8d6626c674c7fb4b082cff8f157cf5e426cf4eb,0,1,0,0,110,0,0,5,197,70.91
3669,c20b71a83681894bd9f2fafcb74bbd2d6d4cbd9c,0,1,0,0,4,0,0,2,474,79.37
3670,1c60a8ca6ca2967760e34f08019fddacd2c15cbe,0,2,0,0,0,0,0,0,6,14.16
3671,cf3da420d00ffdff62927104cf8a0c434f2d07f6,0,1,0,0,72,88,0,98,2209,310.5
3672,bc34f88ca24353f0eeea1ffb0803d0fe1dcfbf17,0,2,0,0,2,0,0,3,452,77.0
3673,9c1a498432ae74edf247b5409f38f72efa8f9645,0,2,0,0,5,3,0,15,579,90.21
3674,be6adbdd7e3de7188f00abca4246dae1a9b74c1a,1,0,0,0,0,0,0,0,0,35.95
3675,b60e27d9d8c77f798620cc83ac38149ec4889376,0,1,0,0,7,9,0,0,84,25.72
3676,4f132dc361de70b065b1885569457849a3266384,0,3,0,0,0,0,0,0,417,62.48
3677,e5a3842a1239d4488163afaf537b84087494f600,0,2,0,0,20,4,0,55,410,76.83
3678,6ddd020445b55097cb1d91cd4b44aef4c2762cd8,0,12,0,3,3,3,0,7,6077,854.48
3679,de131304723abf56e3aa5b25a9e4410a6c1a48cd,0,2,0,0,1,0,0,1,1726,226.67
3680,387e323de4072e9492135a313480571b55bbebc4,0,1,0,0,16,0,0,3,843,887.73
3681,d435dff5093a30fc448205e3a1dd928d1be768ab,0,1,0,0,0,0,0,0,307,47.77
3682,58df19c1854544b24e7925e9614aa6b728d2ee98,0,5,0,0,433,52,0,83,1920,399.66
3683,afd3480511afa41241cfa98ff28c6baff3ae9fcd,0,5,0,0,56,122,0,110,2231,335.15
3684,d81ace449dcb89f06561455a8926219669d74d9d,1,0,0,0,0,0,0,0,0,23.41
3685,260b8b644d741dc2d8c740c6c87d82fc4de07908,0,1,0,0,2,0,0,12,884,118.17
3686,77fabe73337894a4dba913728144156faffab3b9,0,1,0,0,0,0,0,2,886,122.4
3687,ff5fdb671f0e0d9fc76b6ead1800188569fb2348,5,16,2,0,64,76,0,32,1627,453.55
3688,c001c526ece911e3699ce237220b44d6bc6fbcd3,0,3,0,0,0,0,0,0,215,49.63
3689,13beb54cfe7247998061ab140b47a868f13e98a0,0,1,0,0,7,19,0,2,288,57.76
3690,49a58b7de85fa0a8b5b638fcc603a4d045d87088,0,1,0,0,0,0,0,0,620,76.52
3691,e31e91772f0babbfd951403b51bb6d88c797e2e8,0,1,0,0,0,0,0,0,110,21.62
3692,d42ecb89bd06e06f73a1b48a7b02d23b5e50cdd1,0,9,0,1,47,29,0,45,3241,500.37
3693,cf7b641afa2120a158a84a58df3713e2d0c75be6,0,1,0,0,0,0,0,0,351,51.69
3694,b7833c80f50d789adf916f08ca59233db9c4f3bc,0,1,0,0,0,0,0,0,467,66.05
3695,342b69f4979f4548f06e4523f5c9b9f9d74aca23,0,2,0,1,20,0,0,5,34,47.22
3696,d7810cdbfad64f4c874b99aa9957ddadab03d2c6,0,1,0,0,0,1,0,0,160,31.4
3697,1fc559c37bf2aeca1fdb0bc32b3aa62fbff12d25,0,1,0,0,6,0,0,2,1005,141.41
3698,fd991fe9089afe84a45fa2720d3cd09801cd059f,0,8,0,0,85,12,0,35,3053,468.11
3699,45968ad1b9ab4056e24ccf8e5ce248144bcfb729,0,2,0,0,18,8,0,0,356,68.53
3700,e36fc1400721ba92f3e7d476b9f3b149002dd894,0,0,3,0,0,0,0,0,0,696.7
3701,4a6de45f7655363fc8a0bf656d282a0ae1c73aff,0,1,0,0,48,91,0,39,729,130.46
3702,7c3882ca3cf2b59ca3fe9388ecd6c7b4f63cf1e2,0,5,0,0,10,7,0,2,844,140.67
3703,43a064231ed914c5dcc00b005ada36a81c7c9570,0,3,0,0,1,0,0,12,1083,153.03
3704,b60eb26632dfb61c49de8e84ae84f4f3f83db2ac,0,1,0,0,0,0,0,0,777,103.46
3705,1ed35e4cb64f99cfde9ec3871dd7860980245dbc,0,9,0,0,64,167,0,34,1224,235.87
3706,505b4e9ffd52b18e1211cc923dbc9f6c9e023531,2,4,0,0,74,0,0,11,597,190.95
3707,ab0abfa7116c7d7a3b0d33a12a8efbb8f2df64e4,2,11,0,3,26,7,0,14,4023,726.59
3708,cb1ad44c24e51b5003e32b0a42d7a76e99823b8c,3,4,0,0,27,42,0,18,607,184.07
3709,9ab34a7dd7b1f9b8a177e3c573427edc25344b4e,3,0,0,0,0,0,0,0,0,33.92
3710,744fdf3d238aa25c36c96c49e07a2005c69c2d2b,0,1,0,0,2,0,0,1,182,36.57
3711,1a76ba53369868cb21944e4609130de26202fdc4,0,2,0,0,3,0,0,0,1345,176.1
3712,6b26bb0a8e20a7e0c7cde86dbf00df6281080e43,0,2,0,0,98,32,0,5,205,71.99
3713,d70d599161df5b15b82ffc21ac7aa1a301e76076,0,11,0,0,29,79,0,385,15129,1874.92
3714,3fa804eaf7fd318d3b0a8343bf19fa80f085ad6d,0,1,0,0,3,0,0,5,2280,280.94
3715,f06af44932d31d1a787425f853f142c98d74f143,0,3,0,0,15,79,0,31,1559,219.25
3716,10a25c52cf073362c2e3ce174dca6965c80bebeb,1,22,0,2,153,121,0,78,6522,1033.62
3717,344b028f0e1d6197842e23d4c4e932db8a8cb981,0,4,0,1,0,34,0,13,727,151.76
3718,2581ebb0b280b43ff0d0d758dc7c31c1ec23ced8,0,2,0,0,49,7,0,19,2873,375.06
3719,d20edb96dc42078c9e480e82b46bc627452dec0f,0,12,0,0,143,276,0,527,20137,2721.79
3720,93ea2059d5b72c458f715b0f58a0060c7355fca6,0,1,0,0,2,0,0,6,336,743.09
3721,8f2c6dc14051d26079dbd627f13234f9ca1e6851,0,1,0,0,4,0,0,5,338,60.24
3722,d363e852e6bab171432c5e192916a701b3ddb8ea,0,7,0,0,190,9,0,12,4972,790.2
3723,d5eebc6b021cec1dbc1c358fb05da923419409b3,0,2,0,0,0,0,0,0,163,38.38
3724,953553b45a13b055f594b11c83810ea0a16899db,0,0,1,0,0,0,0,0,0,10.62
3725,eb197cbf04806854ebf0bf59fee8280bf08a139c,0,1,0,0,3,5,0,10,1006,142.37
3726,3bc9e2c95c6e45927ad7fb69383fab30748e669e,0,2,0,0,32,25,0,3,215,71.31
3727,d190372bfca4250206ce4c79d8dac26ad3d6e07d,0,1,0,0,8,0,0,10,247,50.12
3728,4ec30df08f530e34b73343add2155c937d886524,1,0,0,0,0,0,0,0,0,14.1
3729,a63f524831312292989d7b809bcc382d05fabb15,0,2,0,0,43,0,0,0,300,74.43
3730,1dee7837ff4a0880bd7e524fd67f7a5819e87b85,0,1,0,1,0,0,0,0,141,67.81
3731,a1244d73d7fd56e7bee6df67dbf59b5e019a85ca,0,5,0,1,147,31,0,64,2171,365.16
3732,28eb922551190bb9b785cfca70fa65216cc5903c,0,1,0,1,2,0,0,4,91,59.8
3733,e452cfe08a44d0bd79095432e50cbc2855892be7,0,1,0,0,0,0,0,0,1009,128.0
3734,1d4dfa8ddf50e8a2dd56142cef3fd9a30d1a3652,2,7,0,0,120,81,0,50,744,295.5
3735,4dc52261a19ed1055b837b136c97ea36e362ba6e,5,0,0,0,0,0,0,0,0,124.4
3736,af7c9e128049103adc45bea6302b346a195d56d8,6,16,2,15,0,124,0,0,1139,782.97
3737,f50d355b06597bcac76a95697db332bf33c2dd34,4,0,0,0,0,0,0,0,0,351.53
3738,a63fe7babbd701183a728718a46ad21790cff86e,37,0,0,0,0,0,0,0,0,737.05
3739,75b2ecc69564391007900571aa9ad67b8c094553,0,1,0,0,0,0,0,0,186,32.78
3740,a31d8cc4d1f7455335849807c0eac58b9c6b7827,0,1,0,0,0,0,0,0,97,749.3
3741,48c1e7aff357d56badd01fe5e67036a223110e03,0,2,0,0,0,0,0,0,381,54.15
3742,f0dfc4d1ae8c3ce7f1b9dcc8f61699808cc156c6,0,1,0,0,1,0,0,2,209,42.26
3743,6d7fdfd1082f9a64170fffc25215a87f9ed72011,0,12,0,1,5652,42,0,1097,20631,4139.66
3744,1f30fd6f46fd884854adb0ce0ed2dfbad6f21788,0,1,0,1,5,0,0,11,107,78.11
3745,db3824ab5bcb139873fadba16cf288ea2dcf263b,0,5,0,0,146,1,0,7,904,241.39
3746,e79dea8fb42ae8bc5bb8fdad4a7a3ea18714fa29,0,1,0,0,2,0,0,1,1371,182.3
3747,d21859e0482038e7d99f0241656d0ce645546249,1,10,0,6,19,10,0,15,1049,382.65
3748,88de40d738536bb1c917bf3f5e54a7e4a02fecd9,0,15,0,2,211,118,0,40,8287,1281.96
3749,17c120f08c2689e7f62b60906c007fd98b078290,0,4,0,1,13,2,0,4,4467,571.7
3750,5c2a90aa28ca2dee299cb8706d028a51d30e11c0,0,18,0,1,103,27,0,142,10627,1512.73
3751,92190aa97364fc4c8d2da521df049e2b6954aced,0,1,0,0,2,0,0,2,1196,161.11
3752,8c4a9c79d82a86d18e21ab77cced14c9c44052fa,0,2,0,0,0,0,0,0,105,28.11
3753,ef0a0557877bc204c7b1509a721a170212deb5c9,0,1,0,1,0,0,0,0,12,26.75
3754,7170a40decca67ec04534caf7d98a9623f20eed9,0,5,0,1,18,0,0,51,2893,409.79
3755,4dd82c9b1c1714d540937d77df969b94c50626eb,0,26,0,2,239,16,0,50,11333,1753.85
3756,72eacc89f33d3dd91242f73d2c326ac6273b08ea,0,1,0,1,5,0,0,13,35,47.35
3757,b058cdf71003135f0e963ee06cf2087f2773fe80,0,5,0,0,70,49,0,95,2251,365.76
3758,0a9173ea8588ce8eb4290658024a69b284c569ec,0,1,0,0,0,0,0,0,47,17.76
3759,ec6704642485be7c31df21f012688a8a7d9ed1d0,0,5,0,3,116,95,0,10,807,284.95
3760,0a31b4bd8a43185cfcfd1ecd442d77bbe00a69c2,0,1,0,0,15,12,0,12,97,848.59
3761,1b890d3ecd6ad5f3a043da8b712c0c838b90f767,0,2,0,1,6,0,0,6,1487,248.78
3762,b9e92fdf6f06e5689bcd23d62a580076b7b4ea9f,0,17,0,2,42,109,0,41,5171,830.18
3763,dec9876d5fa9d2e2174ac1918037dbadf0fe7970,0,1,0,0,0,0,0,0,1374,161.42
3764,f06592a1abdb6efde224bbcbc57bd17b708fd55f,0,1,0,0,0,0,0,0,131,25.0
3765,e91ef96624ccbaf85a93de8209cef4c0ddcb12ca,0,15,0,6,25,39,0,8,1701,417.98
3766,bf80b04b97d5101d773d7e4673293db87074fa90,0,1,0,0,22,0,0,26,777,108.77
3767,a07a9dbbe6bd340986352971feb4b209d3d336b9,0,1,0,0,6,0,0,2,236,53.73
3768,422e98350ff33464ac89883e17938d2d968479f2,0,15,0,0,148,43,0,72,4541,749.92
3769,327edc6b1d7a35713cab84840ea5539877cdd93e,0,1,0,0,0,0,0,0,1374,165.51
3770,82feee0f82b229b2f72d63710f7e4c0e0f3347f0,0,1,0,0,0,0,0,0,31,14.98
3771,a3c3c54bae4d8c13b37c5e516fdf07ebdcd01814,0,1,0,0,11,0,0,0,736,128.64
3772,568bff83268df2b2fa98b9627c79e53619c7702d,0,1,0,0,12,3,0,18,796,121.03
3773,41db4e539f3389ae3810e6450c0c8b702f8155e3,0,8,0,0,5,1,0,8,3735,513.24
3774,1be8cd2c63a61d7c2071595eb31036552afa2405,0,3,0,0,40,0,0,63,1593,238.64
3775,46539d2d972d44d7221410401153b7792fa8c9dd,0,1,0,0,0,0,0,4,808,101.44
3776,9cb59f527988ec1edf83943c9d0a5301170da22e,0,3,0,1,283,118,0,13,500,230.0
3777,292d1bfb19e2c9772f0988cdf662ef32e694d359,1,14,0,0,41,2,0,23,1583,312.41
3778,3babc19ae1277161c6449ce518e5261480c09270,0,1,0,0,18,0,0,24,1376,188.86
3779,af208097a5915d4e99f2e19dbdd4e72af415828c,0,7,0,1,0,1,0,8,2527,359.03
3780,de60f4999ee394a7e5bc9e6396ab3d915d160e63,0,2,0,0,2,0,0,5,746,856.96
3781,ddedcb9ce41d190e85d7249b8a707173051f2c7f,0,8,0,2,93,19,0,11,2050,440.65
3782,ad89d68798f1f6c2c0f8e111643b741d006295e0,0,21,0,2,197,22,0,105,5024,890.45
3783,5932f728a8ee8bde0120792c6c45ecebff345eee,1,0,1,0,0,0,0,0,0,61.55
3784,40f22a959b0c795aa7817e6b6cc5a6db85d1df02,0,1,0,0,2745,1504,0,731,16628,3061.11
3785,08247bfe76d98cbeb83060e2d6e4d78dd2cb0f9d,3,4,0,0,42,34,0,11,500,272.74
3786,33001ccba974c3d733ec28fba753f461a18e35be,0,1,0,1,3,0,0,10,63,67.64
3787,357fd849bc61d7957593a18f4540157b8e2b1253,0,1,0,0,18,0,0,6,70,42.79
3788,fe67dccca85416f6596863e8d285f2ee6436c090,0,1,0,0,2,0,0,7,77,28.8
3789,91ef1fda93e95413ed5e7fa90df57af9971d5e8f,0,2,0,0,53,24,0,6,94,53.14
3790,54d0f9f8000861f5f89a49edccbb5e14755d5a23,0,1,0,0,7,0,0,9,296,56.87
3791,d6c13b39c232d0c88a53dda53be28a8812b87561,0,1,0,0,2,0,0,2,211,38.6
3792,f6c74ca78d21c4a80296bba4a38b2983e1a17a71,0,1,0,0,8,0,0,7,145,31.56
3793,b936444e34871f81d2cc8d0cea5898d3e3f683df,6,9,0,0,2876,714,0,634,13902,3004.62
3794,e0e38c4e2f49fe969b2bfc6576be7501ce2d5d20,0,0,1,0,0,0,0,0,0,8.84
3795,102f84d272381e899579a0f315058eeced343700,1,3,0,0,11,1,0,2,274,96.06
3796,1e71b567313b9d0b8f4e61fbf905031fcb5505b0,0,7,0,1,50,0,0,16,4123,690.3
3797,9ebaea9f549880a5ce2e0818d1f9d61beeec850e,0,18,0,1,687,285,0,172,9567,1542.79
3798,89df414955d9f4bb5bcadc9eeeeefc860d9766f4,0,1,0,0,9,1,0,15,726,110.37
3799,02de8c40d9bbd800c67f8c909ecb277f71a78a56,1,23,0,3,2328,1550,0,679,24632,4073.84
3800,d196d1b7423fecfdf612860d8319fb950328e75f,0,3,0,0,30,1,0,7,374,869.63
3801,2112f2dc9f3f0a4dc6fdc1a48ffda2a6bcbaa5ae,0,3,0,0,0,0,0,0,135,52.48
3802,b3cfe061e1806bdaf9ecc46def02bfb5769e74bf,0,4,0,2,8,0,0,3,73,86.37
3803,950a552f77f3f303a17084b253bdd68a901c12d0,0,1,0,0,0,0,0,0,3,28.22
3804,20728884b2189b3c24878aa2aef092e0fae1c44d,1,9,0,2,81,68,0,10,1026,242.58
3805,fd407f39d4e44223d7e328d0c3787f1b16e7d460,0,1,0,0,31,25,0,0,101,34.39
3806,103a429f5ca27b954eb9745ad510f5cf06ff381a,0,1,0,0,25,31,0,0,101,30.83
3807,4df029fcca85789e567ad71eb7eb854ad9f2967b,0,1,0,0,31,25,0,0,101,32.43
3808,52ea8f817cbc6d35aa8e18bcc832789654ee7c29,0,17,1,1,101,158,0,130,10798,1503.93
3809,739f4381769e5d1220323e56fd772d7b310f07e5,0,42,0,11,235,397,0,66,9363,2169.34
3810,92e20f9f493b23a15a655d1466c0ae207ef16aea,0,1,0,0,1,0,0,5,130,30.49
3811,031b3d99a956998d36ba593a8b0df4801ef2c66e,0,1,0,0,9,4,0,23,135,41.54
3812,81b756f09b159307861f767780c26a54fc1bba6d,0,1,0,0,14,4,0,13,1034,147.02
3813,ee1562dace45fa276fb183c1ed8b9c314284db73,0,6,0,1,49,37,0,5,419,142.15
3814,813f88a482d40e8c5a6c67318b8d9b9b48ac2607,1,0,0,0,0,0,0,0,0,37.77
3815,f8252c4bb185df1d6ac12de46ac5e103ab14060a,2,21,0,16,45,204,0,0,1307,687.35
3816,2da88f9ce90852de878085347c967cc23a944cbf,0,1,0,0,10,0,0,4,1129,156.87
3817,787a6f8053059e0d89a51ef1f06bd84340fa307c,0,1,0,0,1,2,0,2,283,52.0
3818,99b0f61b9d66a33fc3fcd9cdff712c3d5b854ee9,0,1,0,0,2,0,0,2,1139,139.49
3819,efffa5714e4b53ecf66fcd162441d4c8c6259069,0,1,0,0,0,16,0,0,63,18.96
3820,9de840228101ea5c207e7a22ae8bb8b5d7b12455,0,6,0,0,40,25,0,41,3203,1290.85
3821,87b4bfefa0b59b70059882fce19a8ca0336eb421,0,2,0,0,0,0,0,0,221,60.13
3822,916366615b8719eced12db80da3b940d12d58824,0,8,0,0,11,5,0,19,4584,622.98
3823,da4167c42b6704e2abb39c618e311e0d3ff3ccc8,1,6,0,0,0,0,0,0,468,117.72
3824,0be4e12f719bfe793155c8738aae8813ddc5b845,0,1,0,0,2,0,0,0,134,28.54
3825,4745caaa87a86356c3eacb22a140a2ad090c6c62,0,1,0,0,1,0,0,2,1399,169.78
3826,95b202008dbea92e0fcb05f63fa3e60a94d69ecd,0,53,0,3,144,55,0,41,18300,2896.72
3827,3e25e1b7f571693e4eaa705a12b7c2289f55a0a9,0,56,0,3,148,55,0,26,17883,2775.84
3828,d1d7e80c21dea3bcb660db38a44dedaf48289eca,0,1,0,0,9,0,0,1,218,48.67
3829,e1506729013ed7a50c04baa79297b6f9a88f6003,0,1,0,0,1,0,0,1,1400,187.11
3830,e52a38d50111d7b5ea6d4dd8860e9475e024a69d,0,2,0,0,20,1,0,7,2149,289.77
3831,7fb94c126af28ebb083e0df45ace4dcd7ee0f8ea,2,40,2,3,10660,5730,0,1815,96837,15958.02
3832,a00e6648013adb8abead366cbcbb0694e2a5a50d,0,1,0,0,4,0,0,3,165,43.94
3833,8e2a1d3e37a93564f60d300ccdbb87c1be53d53d,0,2,0,0,0,16,0,0,2153,275.24
3834,37e9a86396a0f07c7e83e2844e2c6e719fe7bd96,0,4,0,0,8,0,0,11,203,73.55
3835,07fd6b6a0441cd51ba679364564ca979709bff54,0,21,0,7,6,8,0,3,656,304.61
3836,a7d7c86955866fe34034ea040d9844ce86b09efc,0,1,0,0,4,0,0,0,156,33.22
3837,1d376ebc0d117b607e254a3942b0fb56b71cd167,0,1,0,0,6,0,0,12,258,56.93
3838,7891b666a43f57512ece4a722585dba97a98184d,0,2,0,2,13,0,0,0,279,157.73
3839,486d9e16a69d3f52189728439b0af89482a5911b,2,0,0,0,0,0,0,0,0,50.61
3840,3583d29fc3d0f6a8ec24ebdfa88fb72ec9adf1a6,0,1,0,0,14,0,0,7,1144,919.73
3841,aaf04f7ea07d5cbfc83676e9f7d34ae457c776c9,6,15,1,1,49,21,0,21,5498,1042.77
3842,a7211896dfdf4685cd607ebdc7a412bcfab28b76,0,1,0,0,2,0,0,2,1158,150.2
3843,ed509f750c968bc3d1cdd5e8646a77b489a12584,0,75,0,4,187,51,0,187,31489,4506.95
3844,b7d127e5e7ac0f9003f0678b787bc4245165d132,0,7,0,0,115,0,0,27,5492,748.38
3845,ee0c193d536e9587b8b700c03b67fcf0dd1bd7a2,3,8,0,0,12,70,0,13,1460,291.8
3846,270aad5d554c8b5e22a2004829265511a16627e6,0,2,0,0,0,0,0,0,1163,142.9
3847,1f969f615535bb2b790e9f369875206d9fcfac68,0,17,0,9,0,0,0,0,2078,521.1
3848,704a00b54401c80ae546ed28ea688e979f4db54a,0,5,0,0,51,94,0,50,3095,458.82
3849,cd63f2055e001e9b3063676cf75b471eae9b3d75,0,67,0,49,43,3,0,12,6486,2081.34
3850,027f7a708f944750d5fc3c1d008e8cbdaefe9868,0,24,0,3,25,9,0,42,10410,1570.43
3851,14f8d46f2fdfc5994b025ba2b4d19ba685f90b2e,0,1,0,0,4,0,0,8,42,21.71
3852,ed90c565ef3ba8ecba8d40edff40bba1f48b6497,0,24,0,2,88,59,0,13,12150,1725.73
3853,e7195a2e3cbc4124f6bde8c281199e7a1e87089d,0,3,0,0,12,0,0,11,2110,388.66
3854,8baf8ebe3a66ca94cd553485b24d364f8fc7919c,0,1,0,0,0,5,0,0,1014,148.68
3855,040b53e09aaf559060d98d296b879804c8236970,0,3,0,0,69,2,0,16,1616,254.58
3856,3d55d10714fe264fc38a71b8393ee079eb4f320f,2,0,0,0,0,0,0,0,0,32.58
3857,161832243a5ed3517e646d7536df04afb936ff6c,1,3,1,1,0,0,0,0,790,242.01
3858,f9db5c89437faffcae13ada6215e99108e9b30e6,0,7,0,0,241,52,0,9,2265,415.32
3859,4e16bc530d5e4ee7daedc00b491b293ffb8b54f7,0,1,0,0,0,0,0,0,531,82.75
3860,d9afde973a55cce5f2e388c594a6fc5e6d1d05c7,0,1,0,0,3,0,0,0,355,857.39
3861,de3d34bd4ab5320b0c80cec3561f8122573f33b8,1,10,0,0,96,0,0,309,20363,2942.71
3862,886a96aed8bf0594e54197e870fc9d53c1282578,4,2,0,0,136,0,0,56,1105,311.23
3863,db0a4b2d07969a742bce90dc7eba8b539215503c,0,1,0,0,4,0,0,2,48,35.44
3864,6bc48464ca10d403474bc6d8ff93c8814caa8c8d,1,2,0,0,26,3,0,15,904,201.22
3865,f56dbe50a513b10d47547d90f4ce7e8713b29cb2,0,4,0,0,8,4,0,4,2732,362.5
3866,3d890a0f4ba3a9326b6b1132b6d4781e3b8c5521,0,0,0,0,0,0,0,0,0,6.7
3867,ab5e4b98d041bbb40dab5b4f3d5845a762e9d188,0,5,0,0,16,8,0,8,1828,294.65
3868,1eb261ab4227ffeaac753e124178a70f5317bcb0,0,1,0,0,0,27,0,5,708,106.31
3869,d2ddf0986aa109f064970f3cc77faa80c6457b48,1,85,0,33,92,45,0,9,4290,1372.74
3870,61e79ff6c96e37d2c03656e5505b79bb8044a258,0,1,0,1,4,0,0,4,326,173.26
3871,ae4205958646f384eec764ab0691a638d53525b3,0,2,0,0,4,0,0,16,381,69.3
3872,d5a76a89270514a83745e5a564bffb933205a266,0,1,0,0,4,2,0,15,94,30.82
3873,5ebfbb9abb2cc45efe4b108c0829027ee81b2af1,0,2,0,0,4,1,0,5,619,100.03
3874,527b15e101840da76c05ce66b44d30130c5779ed,0,1,0,0,1,0,0,2,330,59.74
3875,91508fd56478e73e125c2eb236338afd1c155f23,0,2,0,0,21,16,0,11,399,100.24
3876,f6d44db9c694281ab3df6854c83033cd7dc3d29c,0,2,0,0,166,14,0,45,1036,210.37
3877,31bbc774107a8864b5d151acacb019e6c68c2562,0,0,0,0,0,0,0,0,0,5.91
3878,e08500578c604b88605cda5e011c0aa9ad3c3a5e,0,1,0,0,13,4,0,0,327,64.14
3879,e0768e081488da5ee6ee2efd2facd14d1565bb21,0,11,0,5,18,0,0,0,585,213.42
3880,22b77dc7912e681675de52226f7b1aeb1d78503a,0,16,0,2,113,33,0,32,4009,1489.68
3881,ad2d0f45b66f63b388f280e8d2e7008ac9a4ebcc,0,1,0,0,3,0,0,1,833,125.77
3882,331b585934ecbb60a6d3477aab3533fabb1eef58,0,2,0,0,0,0,0,0,913,115.44
3883,f67903e4d6a8f7b07c0ad5de22435f8903f52904,0,13,0,0,142,55,0,130,21313,2959.54
3884,22ec681004d5c6ce359ac09b46e0ffb238244661,0,1,0,0,31,0,0,6,182,45.56
3885,7cb75d865ebd11f95ac51081e1ffe4f5b6de74c2,0,2,0,0,3,0,0,1,222,60.48
3886,77ca737375ab08c10f3416eea284fbd04f21a9b3,0,1,0,0,46,0,0,6,356,70.95
3887,9f46b8757618d645dca763017ffd7f4b09c0173d,0,3,0,0,2,15,0,9,1121,188.88
3888,ba2e21a4e78e83b56146b17d8c4fc7d4d8797efb,0,1,0,0,2,0,0,1,213,41.38
3889,5cc0fb17294d509dcf2847029456ea59bb10adaf,0,1,0,0,1,0,0,2,351,62.56
3890,999121997a765690871724298574dfdaacbd22b5,0,1,0,0,0,1,0,2,351,61.32
3891,33394d716d8076751ee7d32237c879ee49fb4107,0,1,0,0,38,91,0,0,1096,166.21
3892,289c7e7966135d9a05cbcd74d1260ed5afaf6ac7,0,1,0,0,0,0,0,0,141,25.46
3893,31c21f4a3b12f0a7c29c674ccc065b507da423c4,0,1,0,0,2,0,0,2,142,34.76
3894,18d9251a77a44930ebc431b35a27afbc70d126df,0,2,0,0,76,16,0,13,653,147.14
3895,88d236d364df0bac187875986682ac7130f6b08a,0,2,0,0,49,22,0,15,1441,227.27
3896,de49d0d1ed15630a7bf89f4ead022ae1173b401d,0,1,0,0,1,1,0,1,1133,148.36
3897,ad6a463e4e1352bbfc0629c47d16efa19379d2f9,0,1,0,0,1,0,0,0,215,39.61
3898,04de6764ac1c077d7c8f26d0c9d88ad5bf9a831f,0,19,0,4,189,65,0,8,9588,1722.38
3899,3be068f6da0426750c173a46229e7d91b80fafb6,0,12,0,1,67,96,0,204,5174,814.7
3900,a07ef888e1fed98d035f81b095582ecd28420fcd,0,4,0,2,38,0,0,34,2991,1312.86
3901,b7b14cc80a503a23fa4bce78b917ae8e2b4f97f4,0,2,0,0,2,0,0,2,484,92.6
3902,6b9cbc2e0a772c7069f374d04b76bbe1fd3b99bf,0,1,0,0,1,0,0,0,134,32.59
3903,6366c25d95f0ac89dbd2788bb108498e80fc917c,0,1,0,0,7,0,0,5,217,46.29
3904,7619a444a03cd639605fc33941ac14fb707a6a74,0,1,0,0,1,0,0,5,653,95.94
3905,7dd240c8adb98376b38f89c4135d919f7bd97b1d,1,41,0,5,802,490,0,313,9286,2157.21
3906,a4a73db9321fc58c7db3616c259d5d087036484b,0,1,0,0,4,0,0,3,427,69.51
3907,190313a6ac44196c5c441d28e04c96905e0dbaad,0,1,0,1,25,0,0,3,21,42.1
3908,8c47f899323125da516eb615edaa76a0a27726bc,0,2,0,0,15,0,0,2,882,126.96
3909,71e8021b650a31fbb21c99de0a6b897bec5c9857,0,2,0,0,0,1,0,14,404,68.63
3910,30837458ee43b6c1ff4fc88597fd05aedd2e8362,0,13,2,1,496,194,0,360,10536,1707.96
3911,1be3aeda3861e4974d87d6d7a7159209191654b9,0,4,0,0,14,28,0,6,1488,234.13
3912,8f5417f696f245eeda2bab6dd42916608a183527,0,1,0,0,0,0,0,0,570,96.98
3913,6bf079b92f9849c4f70b0badc17bcf16090cd976,0,1,0,0,38,1,0,10,530,111.24
3914,5f61023e1d8f3973cd27e4ecb04f026d339d092c,0,1,0,0,0,1,0,7,223,38.61
3915,16bf1c48f0385c70b297dbba549beba115275c98,5,8,3,1,76,74,0,19,383,301.32
3916,c610e59c0d65eb689393b53d78104732509f2809,0,2,0,0,104,22,0,33,1788,281.92
3917,743e2fbed972682dcea7894a6de8d038cf2cdaf0,0,2,0,0,14,0,0,6,344,62.97
3918,8b9918454b51e2d84e17a8d8f8e33462866c271a,0,1,0,0,0,0,0,0,181,26.64
3919,bcff872bf1b2a56adea47b6e54326dc3ccf8c754,0,5,0,0,67,90,0,17,1065,208.2
3920,fc15e1ae3917e612159fd3c87af1ae1885143f06,0,1,0,1,7,0,0,1,48,857.26
3921,000596f7c3074c7fbd490a47ac43be6229993941,0,2,0,0,21,0,0,107,1892,275.35
3922,3f496372bf7b0c936393d6d91544a259b96fb809,0,1,0,0,33,0,0,0,779,189.67
3923,6d0eade8b6d29563dece738d2ef45e07ced411f7,0,1,0,0,2,0,0,2,1900,229.56
3924,09ec361d3af8f93c14c6f1a40593903eb4a0252e,0,23,0,2,77,139,0,145,11998,1719.43
3925,0acab6e39d6d7745200ab7a4de60253c0426d0d1,0,1,0,0,5,1,0,2,88,31.08
3926,670bc625b2e1799ae53433ff4ba927ac458f2ace,0,1,0,0,30,0,0,10,246,58.07
3927,f7ed0f18f5ca37295dce13296c68c38a76eb3d4c,0,3,0,2,2,4,0,0,432,176.39
3928,f4c98563b6b2dcdfb59a9288252265e59edd7540,0,2,0,0,1,2,0,9,2104,283.38
3929,10d336a51d3a5a2694f1898e52afa01dc9dc1798,1,1,0,0,1,1,0,31,1969,279.25
3930,5212bba403a0a7dacb15fde7348474739b38b142,2,3,0,0,110,2,0,18,392,182.41
3931,2e6c4737370d487fa52ccb5c48166685878f74a5,0,1,0,0,6,0,0,2,240,64.35
3932,4205ba6777d06f14c545fa939dcc3b6bc7cad9e1,0,2,0,0,18,41,0,3,1107,166.88
3933,fcfefd81b451035db86a11e7de0438834a4dd471,0,1,0,0,265,6,0,30,118,99.39
3934,5738825405495351712be97d0ff82149565d1fc1,0,1,0,0,1,10,0,10,373,62.35
3935,d3a4175a4d88bc3a0c396a3aba261e16a8e50b86,0,1,0,0,1,0,0,2,1072,151.85
3936,5a831da6326647e9b3fe79e530830ce006340904,0,1,0,0,90,52,0,12,191,70.96
3937,19fd1a3310a137eb0059a9757dc3c506c4afc6a8,6,4,0,0,6,29,0,0,1712,567.58
3938,9023d469089a1f9a42f57523e380ca601d703b1a,5,15,0,0,73,8,0,17,3188,762.98
3939,60ce11220f9c5fde48165df8c638ee8c496bfe9f,2,5,0,0,59,7,0,12,659,280.94
3940,322eec45f8b9b26edacea68656b5ef086ba1f14f,2,2,0,0,41,20,0,9,882,1026.39
3941,3bebeca24d8e678bda2700f742c85191c841d559,0,1,0,0,16,0,0,10,107,53.02
3942,53bb2f6be7955508a57e54a6abb6e2c9cae8198d,0,7,0,0,41,19,0,36,4703,676.55
3943,ff23790dd33d61698a2fa88d7abcff27d5c2643c,0,1,0,0,0,0,0,0,88,23.7
3944,b73e8b3b5a525aed6db20a20ae8605ba36ddea5a,0,7,0,3,96,18,0,37,1844,446.51
3945,e5e5dac9a7116fac264df689a48b895cb20fe70e,4,22,1,4,27,6,0,68,10714,1759.56
3946,22b660dda4aea58d014a4ca201533540cc75265f,0,1,0,0,0,0,0,0,26,12.03
3947,991ad04ca102df4f167948c171fb05154e72dea0,1,0,0,0,0,0,0,0,0,33.33
3948,0077c822f719ea1d90350503f3d10a274631aebd,0,1,0,0,1,2,0,0,131,32.75
3949,94aa409410ef21f107e67c5c7fa5931570d8c941,0,1,0,0,1,0,0,2,1073,142.95
3950,68db456397fcf9af90ad571e91984d110cea7702,1,12,0,0,171,17,0,25,2202,478.59
3951,b51e21446ca17238b0c682247a81a252f76d0afa,6,1,0,0,3,1,0,0,4,184.54
3952,dcf61670d4155bcb6033978dcde73bd52b6814e1,1,39,0,13,141,106,0,40,9197,1708.8
3953,8fb1958b67846898b175d3d854c197c1ea25a26d,3,2,0,1,43,0,0,0,161,172.83
3954,336b5c52efaa7e32df76d4578ea1362c5c164074,0,8,0,0,39,1,0,32,3134,462.45
3955,23e6e6b0a19098be22d02b96b197de960b48ee58,1,1,0,0,0,0,0,0,151,52.59
3956,679495a01ce97030a59eb7694655d5db178ba8e3,0,1,0,0,0,0,0,0,34,13.57
3957,b0c406da079ee0e8acd003f8db4fb3ce123b6f8a,0,1,0,0,0,2,0,2,842,111.43
3958,d6bdd54ecc007ec05a2f9eee2e0c896f414c8ecf,1,2,0,1,15,0,0,8,575,134.6
3959,8d3133aa0ff23bf4c3d4b34cd0eb4449cf44187b,0,1,0,0,2,0,0,2,842,121.92
3960,18ecb48662cfb7bded903639f066fbad0f732604,1,13,0,0,267,181,0,40,2542,1446.73
3961,b4921b03b09e7f35bf85c4c98d119ebd92ece3f9,0,8,0,0,186,0,0,71,5692,843.78
3962,ff84a7ae16eb4f8ce41552808d97e9dc28c87f10,0,2,0,0,11,38,0,89,2026,287.68
3963,698650982d9f3abcca2fdf7660950e97cc831627,0,4,0,0,12,31,0,57,2680,405.6
3964,a01ff38061886c99876cb74637e26a1a3d8fc918,0,17,0,1,296,77,0,190,9671,1467.43
3965,138b0a972c532a6ff089640c69bcef6a09cec386,0,2,0,0,6,3,0,5,268,55.98
3966,20c2734f12b5eb117bea33026d4de7f0d4d44c4e,0,1,0,0,10,1,0,0,477,77.41
3967,ff78f217faf4ac36cbbd1f18c6fdf08412939d99,0,11,0,0,30,8,0,4,4200,616.58
3968,ecb4b1017c23086bbc3bd422502ede8350e2c90c,0,6,0,0,3,16,0,4,768,164.84
3969,a12caeebf806ea10b30cced9756d062a8e4fbe40,0,4,0,0,44,0,0,25,780,162.59
3970,d6105b41dbb9a65be13987269b39ecd3da98f1a0,0,44,0,2,190,111,0,33,10100,1666.6
3971,26ddfe10b629dd300021a1a41e0c2118eb9da496,0,2,0,0,54,4,0,26,2223,303.47
3972,477072f7f044971254f0d43a8810d9017afdd762,0,3,0,0,49,0,0,2,454,120.39
3973,c3fcaec3f42399f30c70c22379cd760a530a724d,0,1,0,0,1,0,0,2,1151,143.98
3974,4837c424f330933c075decf2d122b0a2140ca45a,0,1,0,0,5,6,0,35,335,65.03
3975,fe5865d9e3ffc7b0c0fdef4980295f6ca07298a2,0,46,0,0,82,210,0,56,10556,1699.86
3976,feca3e26c468744c91a90ecd4a972a5bd114526c,0,2,0,0,8,0,0,4,190,48.65
3977,c5a3048fecb6be5b3f5b9cca68c0bdbf996ff1be,0,5,0,0,15,13,0,16,2950,414.46
3978,ffd91d7e907f0455e87cf74eb6fe1fa86006ad6f,0,10,0,0,284,40,0,80,2916,541.38
3979,1545a952fa043187ff8e7ad7da0d7693d4ad26e2,0,1,0,0,0,0,0,0,202,29.26
3980,5583310bb19d12d3500ad0769aaa47607ecf4737,0,3,0,1,6,23,0,0,573,954.27
3981,e15f36cdde3850b68d62159b213f50adf778a728,0,1,0,0,4,0,0,2,1970,250.67
3982,6119df9ccbaeea13073ba102e02cafca1d7bf9e1,6,35,0,0,2711,1594,0,1147,31014,5251.18
3983,e1b3edeb614f47c55e102f540fcde23684666ad4,0,1,0,0,0,0,0,0,13,12.7
3984,aecabe7518103f05f894c7b6b581de67932d54f4,1,1,0,0,0,0,0,0,7,36.4
3985,4b87240aa343753056e3578ad83aba710d2d832f,2,6,0,1,59,208,0,3,362,210.75
3986,16b799dae56b54f82a14dc0e0ad24977f06df6f6,0,1,0,0,0,0,0,0,148,38.38
3987,2e0f80c3337c89bac1855e1689ab56464295ab83,2,3,0,0,69,0,0,26,1369,252.71
3988,e1a3d71738fdd63c2af054ffb5877ba8d3655cc8,1,1,0,0,16,0,0,0,222,71.13
3989,4aa3600b7c85a6489aa235928ab486a2f7f04931,0,1,0,0,7,1,0,0,1902,243.17
3990,c28ac79c8286073f025dbcc6fa33f4e6d37b77ce,0,1,0,0,18,1,0,7,226,51.86
3991,a26dd714b53bb1a30234de9ad815db2c82bb660a,8,13,0,1,527,39,0,50,5566,1257.2
3992,dc20322a6a50cb464bb89dc4237fbb94cebb8999,0,2,0,0,0,0,0,0,168,33.0
3993,dc8ecd9a9a2ac788d03d1e7eeec01a585c931120,0,10,0,0,154,5,0,46,8278,1208.7
3994,74f6e25c8f0714ebf12344e3ef8e26493b40261f,2,11,0,3,30,25,0,23,5089,823.94
3995,560f000424a2d73c5054d8138831480d5dc6b4c0,0,1,0,0,0,0,0,0,3,29.94
3996,da89846cf78ff1be7f07bbfee40ebacc23eb9ceb,0,2,0,0,1,0,0,3,1241,208.65
3997,2e5823f61d7da2a43627e1837ece069c88fded17,0,2,0,0,0,0,0,0,2377,314.37
3998,d9b983bb5ee871387ce5f47d6890cf6ef4b9058d,1,0,0,0,0,0,0,0,0,22.62
3999,bc7c3c7daaa115bb557241b0b107d739a7a5907c,0,62,0,8,215,158,0,50,19039,3011.6
4000,eab83c92ed9f101dc981933be8383590491dbff7,0,1,0,1,0,0,0,0,82,826.41
4001,5824f11f5595fb3c94bcff0c269a18c126c41d56,0,1,0,0,139,20,0,32,688,138.27
4002,129ce2523dd4d20b7aea38f09e708e7d1c60b0c4,0,1,0,0,9,11,0,1,1898,238.99
4003,ad5436eaa1730e6222c17270ce6af863e73a1b7f,1,7,0,0,98,34,0,50,4222,714.77
4004,81f21ca409c5a1eec1143cc1ca8b60c286cf8531,0,5,0,0,84,35,0,16,2697,394.46
4005,1b785677ba65bbc2d293c09bb59749da6eda0729,0,1,0,0,3,0,0,0,80,23.18
4006,8c0078d1758ad60c685351313c168e509541e914,0,9,0,1,2,12,0,3,2441,374.88
4007,164c0b29b4e62bb751818bf8c28a578c03407e71,0,1,0,1,0,4,0,0,148,72.7
4008,38d454dc2b5bf8f9b6311dd76971264347a45207,0,14,0,2,73,43,0,33,4909,934.45
4009,4e5847d331d2c01fe868a0f32d593d974cb91f67,1,4,0,3,633,0,0,0,10449,3602.62
4010,60c3ce00814d6e9574ab6052aa007557937049f6,0,3,0,0,9,6,0,0,1148,162.83
4011,260fa3a539719e84473b61ebe51d119d75a03007,0,1,0,0,12,4,0,40,277,58.5
4012,cc0d80fada5241521ed041fe0bd626bc834d3c7e,0,1,0,0,3,0,0,2,105,28.9
4013,fc67c8a8b8210955e8ce9e153e91c107e70ae084,0,1,0,0,2,0,0,3,230,41.87
4014,3874bc7f09b61b0b001f014891d307b5b83a56ea,0,1,0,0,2,0,0,0,83,23.16
4015,67160a89f8bdbf967518bb7c2b420d9530805a72,0,1,0,1,2,0,0,2,63,42.35
4016,69daad5a473dd54b60aaf29d485defd1fc71dc25,0,1,0,0,9,0,0,10,1136,155.77
4017,e77e82c5c1f8648cad6be7415d7f3f5d0f03bc9b,0,1,0,0,4,2,0,2,79,32.56
4018,aa6f26875a98e423692bcd68f2ebf085962ddd14,0,2,0,1,22,0,0,0,195,63.73
4019,770e336ef691c589f40cf81ee97438b37effc7e4,0,10,0,7,856,461,0,166,10566,3092.09
4020,9b43b8f83d431ed72fe668fc54b615dfac394fcf,0,1,0,0,33,0,0,9,1125,996.58
4021,b4f0a38daabc6ba6b607f75e432a29546aeee315,0,2,0,1,30,15,0,8,1062,268.46
4022,bad837066fb9fb4df21d6fd1dac68e3177450545,1,1,0,1,3,0,0,1,30,68.35
4023,93bf3fe0a5ca4b8478a15796d1dbb8dadbfbdd91,0,1,0,0,2,0,0,4,1145,157.96
4024,5f15ae4adef8394ae201c7e32dcc45d261677dea,4,13,0,6,573,24,0,80,4959,1793.57
4025,45e4ec9000f8fbca1a5f04c68c1b516388f02a8f,0,4,0,1,25,21,0,24,1602,297.32
4026,c525383e8db02324307e10b8ce09019402a2408b,0,3,0,1,53,1,0,9,200,104.34
4027,2f18891991569c0145131c20e1d1699641a32f84,0,1,0,1,2,0,0,2,53,47.74
4028,58eb59e7fb8846e7b47335d5f7ac298bcaca6f72,2,6,0,0,75,23,0,44,1384,348.25
4029,fbcb4b23e2ffc6919d7396f7a0c20b796aea23f5,0,1,0,1,6,0,0,0,18,38.73
4030,5fbbef29f307d3b5a8ddc1bfd8506cc7a4663356,3,6,0,2,476,74,0,155,2211,578.46
4031,3fb88f10afe05617baab184fe45985202723966b,0,2,0,0,28,3,0,0,988,141.67
4032,584793fb6f24dbc5bce0a8fa02a55773e89f7d8c,0,1,0,0,0,0,0,0,838,124.27
4033,b95200e31b73ea87d628bb462a9a9e187044f524,0,3,0,0,37,0,0,0,2178,304.22
4034,5f58719fde34e218c53d1f500e07abf988d24c01,0,3,0,0,48,0,0,49,840,152.25
4035,3f58873f08b46894650f60aa5b62988b9ccc40bf,0,13,0,1,35,3,0,14,3143,501.95
4036,0e8a141437a6645deb85a730bc9adfb757bb27b8,0,2,0,0,3,9,0,18,715,120.05
4037,08bd55aab2c12b136e2b75941f0c4819bab2acef,0,1,0,0,9,0,0,6,374,62.91
4038,97191c921b6c729674ba8278a2a7e659110ca6a6,0,7,0,0,59,44,0,31,4564,665.53
4039,0b737248c3857966a57cf0af14bd9cf81e9292f7,0,1,0,0,5,0,0,4,57,26.73
4040,163075379c27c4ef4dd8ad97d5fb0de2a216c386,0,1,0,0,0,0,0,0,227,986.11
4041,4b89daa019fcfc8265217206a11db7e8b948adba,0,1,0,0,19,3,0,38,2371,302.43
4042,155373eb93086363703f2956ea92b0d8dc0168b9,0,1,0,0,3,0,0,0,42,23.39
4043,a604c4224a6a40fc598e9c64a163cee61fb9ade5,0,8,0,3,12,0,0,1,1550,362.68
4044,6985aef8c8fbfc110b300e45ad50a6b7ceeb17b4,0,1,0,0,3,0,0,0,317,49.32
4045,9871ed8a0a34bd41f3e28ddd09c6046d23b78240,1,1,0,0,0,0,0,0,7,32.75
4046,c56d41dc3d5dfa009269c25b48105f886f2a7447,6,9,0,1,87,17,0,42,3335,741.17
4047,c93a61d4d6c3376151cb53e5de7a12ecaa55c06a,0,1,0,0,3,0,0,23,2390,287.47
4048,1e0185468c04ad9ce03605873db54240a8f98b1e,0,5,0,0,0,0,0,0,578,98.55
4049,a28881da2d91b7a6440031b50e9de90ceb83195e,0,1,0,0,0,0,0,3,695,90.41
4050,2124f4054d7684ad36b0a33ff37dd39d153cff2b,0,1,0,0,0,0,0,0,164,28.86
4051,c4ef948ecb012bfa1eaf8a6ef3bd304ab52b490f,0,1,0,0,18,0,0,0,703,102.35
4052,a4c3be377f0e2c4d70476778ad4eddb060780bf3,0,1,0,0,0,2,0,0,73,19.99
4053,4c8631145e13828fc64d55a4b75ce98c007228b5,0,2,0,1,39,14,0,16,345,176.46
4054,4ee8b16d67afc2b02562e303a396970d65eb5163,0,3,0,0,130,85,0,16,644,144.51
4055,763e060db991a419cae7532869479d6b3d11bdb0,0,6,0,0,38,10,0,20,3784,529.62
4056,5fd25ffbc0ea56fefb503714b80f211f0801e5c6,1,1,0,0,0,1,0,0,40,33.04
4057,b021a1a51343761f646a23ba691769b379ebd63a,0,1,0,0,2,3,0,22,173,45.16
4058,378eecbf8fe936425f9343044ac3b306cd083d7b,0,1,0,0,477,0,0,0,2366,415.48
4059,7ea071db1ff949932d87fbb3089ee83583aa078b,0,9,0,1,299,2,0,50,12231,1739.15
4060,fec8ee413b0d3fbcf4d380b4bfa3c800aeb1b03a,2,2,0,0,15,0,0,13,553,1160.25
4061,215899873f3e8292cdfa7f7ab1308d88a0ad3381,0,1,0,1,2,0,0,11,31,44.63
4062,e43b527702178c38eee5ccf38bf55a663c9be159,0,1,0,0,4,1,0,20,130,37.15
4063,3e84d6e6b1408ed3d05db1bc6158540baa08063c,0,1,0,0,20,10,0,10,138,46.5
4064,0b0825ad8ef33064e419e6293731a8ce3331894c,0,2,0,0,129,118,0,44,979,188.71
4065,9101bce0dc0607bb5fb12d8f90dee74909d1ef81,0,4,0,0,2,0,0,1,1132,167.5
4066,c2315c83042881eac60666b1c66a45baacd3943a,0,1,0,0,0,1,0,5,63,20.18
4067,ce58832621e9963a16f92693e6cedfa0cab82bf1,0,3,0,0,47,0,0,45,3459,450.27
4068,9f496164d63b8bd5aa262094efbec26beac217c0,3,7,1,1,179,33,0,70,767,492.38
4069,5ef080e8a702ca52167ca8ca1b50b9c123be5a1e,0,2,0,0,15,3,0,3,114,49.53
4070,5f3672b7cfdda5ebc56903fbfd3deb74ba5c62d1,0,6,0,1,3,0,0,0,2283,359.87
4071,6bd06665f19dbb180d9d570ed50dc6d6231939d5,0,1,0,1,6,0,0,3,57,49.9
4072,edb5f7c0ae639d2116bfa663c457b82cdbde844f,0,5,0,0,18,4,0,29,2103,336.91
4073,28c3e3a61caff611434655912e09e8faee3061e5,0,2,0,0,31,1,0,13,3255,434.02
4074,25b72708a29acfcce497b0b0967551bd4f8a744a,0,1,0,0,3,3,0,10,774,115.56
4075,4acb881d78a7ff5605aa9c103c1e0fb07bd17f78,0,1,0,0,13,0,0,51,2027,261.89
4076,7d411abdfb904fa5e41779cf2393caa9bd73b154,1,16,0,1,221,6,0,64,12175,1709.08
4077,8d7ed731a9549c32e5f52a4efce2653f8a8fa2bc,0,4,0,0,26,2,0,31,4534,698.97
4078,e6b2e7ff45cdbe2058af4376c44df31cbdbb253e,0,1,0,0,62,0,0,18,1923,255.55
4079,f23ae335a46d6e6f460da812371dad12ed86ea47,0,1,0,0,3,0,0,2,1985,246.78
4080,10fbfddf0e716fcd4bccf6ad780ea48ba7e5b3e1,0,3,0,0,21,0,0,4,1678,1118.28
4081,33dbfd2053e94c5ceeef74bdf0465e3bc9304e7e,0,5,0,1,154,0,0,9,5437,793.78
4082,6acf3bf48317eda80c4df063c45fc87c5335b373,1,0,0,0,0,0,0,0,0,12.7
4083,5c6d5731d75433acb94bf63fc5c2b31afb88b86a,0,1,0,0,0,9,0,0,1356,180.42
4084,c5e567a8613d374ebf09128c327e8acfb1ed9146,0,1,0,0,0,0,0,0,1356,177.51
4085,3e57865d0ffbc71a6e793318ca96ba8621920b34,0,1,0,0,9,0,0,1,1356,176.19
4086,6d08655409dc85a7e201b5fce9e65c1f79fdb1d5,0,1,0,0,0,1,0,2,1364,185.0
4087,78a6b1cf0d04b2bb3908c73bb1bcf466ed495e1d,0,5,1,0,0,94,0,0,5496,709.69
4088,5123e922136b023e04751a9e4a72b76814dd9920,0,4,0,1,113,138,0,48,2122,399.43
4089,ea7734dc902d52fde4088a6c5fc0bd0f609a6a7c,0,8,0,0,267,92,0,32,2139,384.84
4090,a2cb8c45bba6be528a5b43efe39d39e8c9d458ed,0,1,0,0,9,0,0,9,144,39.71
4091,8e251aad7043d212f4bd4096b5d22ee7aac04b28,0,2,0,0,46,0,0,14,2500,343.65
4092,f2f316db1fb684a29e051966b7b56201d689ab64,0,2,0,1,7,0,0,3,405,94.49
4093,0277f566162f289b1b5c3bab0e34cabf5c8c566c,0,2,0,0,4,4,0,0,408,70.6
4094,ab5b219ccede01cec695bd4ee1909b9c3f630292,0,1,0,0,26,0,0,6,158,46.25
4095,2b38282f10b9fe88e3827eef3df5e81967c75bbc,0,1,0,0,1,0,0,0,383,65.63
4096,57c8d90ac49aa875bf7429e7c5914a160d24261a,0,1,0,0,0,3,0,0,72,20.82
4097,e47fa6826b0bd3f6037530a151530856abbafff4,4,14,1,3,53,17,0,76,1472,471.32
4098,063243c88012241dc24fbcc39de349f49302d79e,0,1,0,0,2,0,0,2,219,58.26
4099,da5e98485ae795a368eedac5be1f18011b95cb07,0,1,0,0,3,0,0,2,136,30.52
4100,9bc4cec25494c2d5d18fdef6c7a0f28c3528afdf,0,7,0,0,644,0,0,295,2157,1486.32
4101,ae8ad4ac78e48d6de8b8ac58131f5ef97ed6bd4b,0,6,0,0,537,1,0,25,4745,866.16
4102,b7427d664b7393badf58cc3eaeae74f91c2d16c6,0,1,0,0,0,2,0,0,318,55.08
4103,b6a875e83aed413260ec19acb728fe37d5fcd29d,1,5,0,0,95,0,0,7,5623,748.82
4104,3ad57c7195806af015c73c6053a6b4b7d5061256,0,1,0,0,0,0,0,0,131,26.17
4105,ce1641dd805b0fd8636cce33ce290ed880ad60b9,0,2,0,0,69,0,0,16,653,139.8
4106,6b22f6f57ae826f99303b75ff52befc1e294e825,0,1,0,0,12,0,0,9,415,73.7
4107,5a1f9d2e1e4b6837964eeeb398b3e37729b27a22,1,1,0,0,13,24,0,1,200,118.61
4108,3cc835b7e1d7957417c53c0f04c233bbac7affae,6,11,0,0,154,50,0,40,1201,496.11
4109,d39389e2e316ed25946626e9c5dd8e3a4d01c80f,0,1,0,0,0,0,0,0,227,39.49
4110,f9a93ec9df357186276ddb070d2d144f66aa370e,0,2,0,0,16,2,0,6,68,46.22
4111,a041afacff34409cac10939e5749e3a5a4fbb562,0,1,0,0,24,24,0,3,323,64.81
4112,721147acf549958f48cb2d55e693507e3cd209f2,0,3,0,0,165,48,0,17,1207,239.74
4113,33df9fac20c61b28bccdd5493291e4ed1e68680d,0,2,0,0,7,20,0,28,262,68.88
4114,185aec9c24b99c04e4bb8f9568050c9106ae9807,0,1,0,0,4,0,0,4,176,37.3
4115,5f9ef02234e15337ca9e5eaa1909f2a04a71db23,0,8,0,0,64,22,0,46,7574,1024.8
4116,405b51a0eb687d0bcd2f0709a3ca24189bd92897,0,1,0,0,1,0,0,1,347,55.22
4117,d6f2301f2a2d0c71f4c698a6b68828b767763726,0,1,0,0,9,0,0,0,179,37.61
4118,16943fe2ae25d79a08e87e547cb90d0cc29d9f76,0,1,0,0,2,0,0,14,661,94.18
4119,5e859ec8a72b3d0a5bfc821d3e40f8cbd7a6e54d,0,13,0,1,51,31,0,34,3504,585.84
4120,45674150087249e9aaae2468d19faba5ac466ff6,0,15,0,0,49,1,0,44,19739,3517.27
4121,5f3e90573d3ff015efc0ebea892be785f94bdd98,0,1,0,0,3,0,0,32,301,87.73
4122,608d873be0a579cc50f4e21bd7c83b4599860a3e,0,1,0,0,6,0,0,0,188,38.81
4123,a8ec7232cc6217c9310e23ef2088bc67c8596216,3,10,0,3,142,2,0,0,836,430.96
4124,0e47eb67ffc8cd11c2079b91a9313207a6161fc8,0,6,0,0,7,1,0,8,3977,530.57
4125,bebb59dc10a5e1792d1cf5de9fcd3f2d9412a20b,0,1,0,0,4,0,0,20,2430,306.26
4126,8eeb7f3d9a09a76bf38d94f15219d11dcb481172,0,2,0,0,90,0,0,2,3246,518.42
4127,e93012ca836869f6af8d16a15d74d879a675bf7b,0,2,0,0,167,35,0,7,581,154.6
4128,0febbf4c409600e9ac3156e49dd6d602f7e87932,0,2,0,0,27,0,0,13,6071,854.34
4129,ca56b9ca7c829d86de5ef7f40417725f4f0c6265,0,1,0,0,0,0,0,0,981,134.68
4130,a0bb401537741722852f6e52d6c0066b9233caa1,0,1,0,0,0,0,0,0,869,110.26
4131,c079ba4660bd3f20ee9eaa35e5b6ac5fd99e487f,9,10,0,0,24082,88,0,184,14930,7786.65
4132,508f7697a50df82ae2b9800bef7918bc96d715e5,4,16,0,0,91,35,0,67,5930,1050.6
4133,ca59922702991f9163a7bfe4674e0c5ce9a14f28,0,1,0,0,0,2,0,2,132,32.11
4134,6cc0c86133666a249746a61cc6ce68d68a1e3fb7,0,1,0,0,1,0,0,3,2040,256.6
4135,5cd2a757f305d5403e857a993faff3ce757961b4,0,1,0,0,7,0,0,11,1988,240.47
4136,8b49f4297ccc30b86cd723d50884b2e3725162ae,0,1,0,0,37,0,0,20,1995,260.14
4137,0ba78627f25a9e5e285b85a4000f927d6581a860,0,1,0,0,6,0,0,2,38,25.06
4138,581e16d6339a2df78fecc04eee62453c8fb4c774,0,1,0,0,0,0,0,0,147,26.09
4139,bf5c9ad1f4bedeb20f5342bf7f7b06cc2ee31b62,0,1,0,0,0,6,0,1,38,20.1
4140,d3cb5d2f3ed5587b6f858edb046dde0c867f465e,0,1,0,0,1,0,0,1,989,1052.96
4141,d967845f5bc24081cc32c64e3c2fbb676421fac1,1,3,0,0,8,1,0,11,1543,235.24
4142,cf9fd55406e304d2f64cf37e3f5fb457093954fe,0,25,0,1,117,42,0,73,9871,1467.48
4143,2dedc95c9ec6f2b28a8e08e50cb590d7d1ce5519,0,2,0,1,7,1,0,2,291,98.11
4144,b50cc053670a3f053f1c82c1c4ac23de81bedec6,0,1,0,0,2,0,0,1,13,16.48
4145,c2de5398b475166c00b5cc833a59d0e81ede08fd,0,1,0,0,0,0,0,0,52,15.67
4146,f9761a55fc94b5236637defe1dde493c0206e639,0,1,0,0,2,0,0,2,725,106.13
4147,a29dbf4162b8dce6a942f20546655511ee24a483,0,9,0,0,17,14,0,16,2799,442.91
4148,7756ace9a259d79d4d1fbf5958341b3a549962d0,0,9,0,0,117,1,0,115,3021,469.18
4149,e0c10338912886aff82eb5d9f5f92e1ec62b3c1f,1,48,0,3,18,0,0,1,11308,1649.46
4150,475420205c05adf821896d6e4c436a428ee8981a,0,1,0,0,2,0,0,2,224,49.41
4151,3f9f4e00b6349c2524b026ab92234bd8d900c10c,0,3,0,0,9,2,0,27,593,114.7
4152,174f2bd144faa0b7636050007d10f40bb5899a7e,0,25,0,0,27,31,0,56,14088,1892.95
4153,aa41a960d674607dde290bf9da0ece448602ce3f,0,1,0,0,2,1,0,9,221,45.62
4154,a873e206c9f1c116eb64e49e2dd957e2aa027ad8,0,1,0,0,7,1,0,0,260,45.29
4155,7898e68fd46265863df476d5823121341a8e626b,0,11,0,0,368,240,0,94,3209,645.14
4156,8c23d35d504d7a73a75eb88f47ce529569622795,2,4,0,0,13,7,0,15,3093,508.46
4157,87963e7a912990c0139ed8c2419cb4ed4935a658,0,2,0,0,0,0,0,0,90,131.08
4158,3b05134e0d8c1c47022b11cca37d5a3f1822ab6c,0,3,0,0,3,0,0,6,174,50.29
4159,e866faba1aab4d225ffd1389f1131340c969dcc7,1,0,0,0,0,0,0,0,0,19.65
4160,3cc587b961f4630d85b0b70c745f4a74675fc92c,0,2,0,0,0,6,0,0,646,1019.82
4161,d4b82224cc34360731ecb63531a3f1cbd2acd240,4,23,0,3,1125,1303,0,465,16894,3297.01
4162,d8ea476bf1ce0572cf05fc56f5c39dd8df4f99d1,1,5,0,1,1449,13,0,833,16047,2665.92
4163,e3136720ff3e5e466a4bdb99094ead8a62d72800,0,1,0,0,25,0,0,0,425,71.05
4164,481a116e26faea7472328420469b6aa72ce378f1,0,2,0,0,15,1,0,3,621,104.84
4165,6f79ebe884c8b216b39758785e4ef0187b045a7f,0,1,0,1,6,0,0,2,75,53.51
4166,4742456403e6ee99071c634600fdd957ae39cd76,0,26,0,2,148,11,0,69,11384,1725.16
4167,653e682d99f8ea73a9bd615e8d4cbb88d0faa3b0,0,2,0,0,4,0,0,46,256,81.06
4168,fa77c2a3e5596c8e364e851db74ddafd9233178b,2,4,0,1,34,2,0,25,249,212.14
4169,5550e328c4efd25c42cb4cc6c4900dbe7f3518c7,0,1,0,0,0,0,0,0,55,18.1
4170,27cc3f0ed3439e329c062ab210444d6ee4ae304e,2,1,0,0,15,0,0,21,360,117.27
4171,89f1d1a0513ee61dae6e27bc2b012f96f6ba89da,1,5,0,0,105,0,0,8,771,251.69
4172,b6d4bea6fdbf4c3f85dd8ed0c81c7769aad65348,0,2,0,0,80,8,0,4,218,75.17
4173,e6fa0cf92d53fb8c30867496750d765e9c07fc1b,0,2,0,0,4,0,0,4,2394,309.83
4174,34948b947bb6aa0b1d4604cefdafc775ec318929,0,3,0,0,36,0,0,5,521,144.06
4175,998cd1642f4ae3819f18061468755bf992257a52,0,1,0,0,2,0,0,2,139,34.2
4176,d5047681e0e30e60252c32ad255aaeaf3c9b226b,0,1,0,0,13,0,0,1,830,129.67
4177,0bafd16057f7e396153df1feaeb898fb50397f7d,0,4,0,0,23,82,0,67,1978,316.36
4178,f1ad5cb93837e8d07d9d08da7c1a48caf74bbe9f,0,9,0,0,18,30,0,12,972,211.08
4179,d727e505bebc09c6153cf8e36b37f2d8f7b8adf0,0,3,0,0,10,0,0,3,1748,264.73
4180,d6f603a4929d9309269fd9f88340caf41b5d5c81,0,4,0,1,319,1014,0,396,5609,1987.59
4181,aa111b80b7dda81aca97c87a0aae57b4e2cea876,0,1,0,0,0,1,0,0,35,17.77
4182,f3072b07bfdbb0e4c2a9627b7933a83853d5b670,0,1,0,0,960,160,0,107,1090,405.86
4183,fc59a1f66e84da3cb95863391952dc6eb8ebf85e,0,2,0,0,3,0,0,3,296,67.94
4184,6b81ac7c937d8cb0604f7e94f82de15ea4de4f54,0,1,0,0,4,0,0,3,101,31.98
4185,25b6103dadba16e85db0a8c5f2fc44ecf9fc3f2a,0,13,0,0,467,62,0,56,3120,614.04
4186,96a5ef91315916b1107bea4ab9d2f78865a3d875,0,2,0,0,39,13,0,7,474,111.08
4187,b165690999b174f6519eed7dff62450c0d6250b7,0,3,0,0,8,6,0,7,2878,448.84
4188,2e2162ccc80777257836476c3eaf08327f35f244,0,1,0,0,33,0,0,28,843,135.62
4189,3d8ee3a06e26d8535a0a3bac363739d77b11b060,1,12,0,1,825,935,0,404,4220,1063.88
4190,f20938d8ec91f8ca0606461e31e0fefbe239bf36,0,1,0,0,2,2,0,0,178,34.19
4191,1d52d528c9863ff2027f13710f90b54b563d69a7,0,1,0,0,10,8,0,5,1139,162.63
4192,2476afbcb2d17ac2c0d5a541f75d6838a2c7ba37,0,2,0,0,12,41,0,61,1459,212.3
4193,65fa5c4d82298e0933701954182d4e9249437462,0,2,0,0,16,16,0,34,625,120.07
4194,7378dd8521bc7630d4abf97243a07f3564f923a8,0,2,0,0,31,0,0,37,513,112.41
4195,b0c77d1d7e8b8094f532c7b87d1591dcedc957fe,0,7,0,0,190,342,0,228,4873,784.42
4196,e4f8a7419fb4bd0102eaf91e9747de6261e0b5c5,2,1,0,0,0,217,0,0,33,245.22
4197,65e7b7e2e102e7af8d39eeb9de00207273dca34c,0,1,0,0,0,0,0,0,320,47.2
4198,39a174f6af371bff1c295cfa5a57f7c7ff6ac934,0,1,0,0,37,15,0,0,110,41.39
4199,7e1ac022105e0bcb4c2469974a7bea3cc3967778,0,4,0,0,211,98,0,86,3398,505.58
4200,9582b9b34daa9e6f0b25f7d6bbef85b5e2c6ad7d,0,2,0,0,768,222,0,81,668,1209.67
4201,b024de156c66c930d68eee4550db92a32c6e66b4,0,5,0,3,7,4,0,10,673,182.86
4202,64740a5c0769d65dddc4af0dee65179b610270b0,0,1,0,0,3,0,0,1,2052,253.18
4203,3fe9d15c1861a465e7b715ed8ac2640b99c55bd4,0,1,0,0,2,0,0,3,144,35.35
4204,21ddb60dc0af51f018c68e84b2e8969380e177b8,0,25,0,0,95,172,0,78,11364,1640.09
4205,d7d9f8db622049ccff411c7fe2792404b81fa331,4,12,0,0,828,1050,0,240,9834,1777.22
4206,31b8b2d92b524a025ddc7dbf81f2d716a701d73c,2,3,0,0,28,15,0,12,910,205.43
4207,d77ef9a8b553f39d2365aeffb3ebc689ec0db356,0,2,0,0,42,230,0,33,634,142.51
4208,29a526ab733f33570ba66198dca0f52122202adf,0,2,0,0,32,130,0,48,337,84.84
4209,43b5767f6213784c7e4cdfce2bebadd87108b33f,0,13,0,1,52,246,0,47,4129,671.74
4210,7a66576ff79102d98ca773bc3c7d9afa99fc44dc,0,3,0,0,0,0,0,0,786,118.84
4211,196931e022a2c7c0a79a4b3b6787ed3a3caacdcb,0,1,0,0,56,300,0,42,576,134.7
4212,a98f52953a0d8fdde2eb37110436967c7121d52c,0,12,0,0,1588,261,0,355,3192,1042.01
4213,ee48ff48a19edf0ac446a7ed34423bdba75b4bce,0,7,0,0,87,188,0,15,6911,1059.23
4214,c6236a57a559106ecc35cc00ee1fa3e084204695,0,1,0,1,0,0,0,0,52,35.67
4215,8c18ecfba32b2cef79210bbf7dbbf1a6b98c0d14,0,2,0,0,44,5,0,0,1175,175.14
4216,c997c3311e39b218d197c9119bcc42793356fa04,0,1,0,0,40,123,0,50,1033,164.57
4217,aed0216810bcc384a619e31bcbf3c7e70adb40f9,0,1,0,0,3,1,0,0,33,22.79
4218,67712031085709c7cccfef4f84d40ec0175554fb,0,1,0,0,3,0,0,0,340,62.52
4219,e196b203ac981c73638c2f116e29222749465ff4,0,3,0,0,114,897,0,92,653,211.45
4220,fbf2cc53774b0b451b45960e66042b2002a86602,0,1,0,1,1,0,0,0,97,1046.24
4221,84f48f87f8dcc0fc1f8b8670205653dc862276fd,0,1,0,0,3,0,0,3,63,26.01
4222,5ece5d82712f03de81b11bd6a0de5e231c0af2cc,0,2,0,1,7,0,0,1,190,60.53
4223,261478a7e400b2394a4baa2a5d884a2e0431f305,1,0,0,0,0,0,0,0,0,34.05
4224,50f857944e3cc9d650d5fbe7619b26292646cc1e,0,1,0,0,37,23,0,19,355,90.05
4225,bd18c274baac2f1a0cfff42a9c11d7a7ca60d5ac,0,1,0,0,8,0,0,5,373,67.12
4226,78b7dad2c842c1c4532553631e04c8376df8d7ac,0,2,0,0,957,157,0,93,1147,399.1
4227,59f57d9158fc7a2d70cc164b18d25f4d2b179853,0,1,0,0,1,0,0,0,85,22.28
4228,9265f6f762803a540187a398914880cb10d86321,2,3,0,0,20,239,0,9,526,217.18
4229,3ce062eb899f46ccdfa164187560de500148a724,0,1,0,0,34,19,0,6,113,43.38
4230,727b414e352aa9f34c3c4e96f7b7bb165895a8bd,0,2,0,0,0,0,0,0,1059,146.38
4231,b0480db1aefc3d8b20860abe9dfee0f3e89e5893,3,11,0,0,473,861,0,104,1529,563.64
4232,e34dae0c9a1ef8b729d124b328c750487b74d37d,0,6,0,0,816,116,0,194,1998,543.56
4233,c2f6f479adc9fb108ba69e0407799dbdf5eaefa7,3,9,0,0,512,76,0,59,3138,716.11
4234,e2c671183e5df8772050ac9ff35baaff564f0c61,0,1,0,1,0,0,0,0,30,29.33
4235,7f95fccd0670b0b5d72de8f41b60c5824c4a916d,0,2,0,0,8,0,0,6,2167,284.73
4236,f032023ea5b457ea9a521e0bf754090f1de50e92,0,4,0,0,19,0,0,2,594,124.91
4237,f5965ee660a4a263258dbe8a85af5b7fed1ee8af,0,1,0,0,0,0,0,0,794,112.13
4238,6563749a4c2222af9c00cb36a336933d5d19e8db,0,1,0,0,0,0,0,0,1215,148.83
4239,ae1abc8b1b05de57b5ee6bcafec32025153f57ca,0,3,0,0,77,19,0,10,481,123.08
4240,6dab7638507f0aab4c8606f1667749320a73a442,0,1,0,0,15,3,0,34,380,1008.94
4241,829c3725c72b28b3a8d14282a8d8f3680b81aed5,0,7,0,0,18,10,0,22,835,164.8
4242,55a7c872948c583dcbf4c82ebca047dc21e03b98,0,1,0,0,3,0,0,26,772,120.87
4243,fdd4e8a01b66e66d335de22a64962646cd571596,0,1,0,0,4,0,0,0,111,29.09
4244,759cfb83af84e97a6ad30aad811c03b42f99e233,4,8,0,1,206,37,0,79,2051,513.34
4245,f6ae53870f2cec77c5f784aa63727a8c2c6eac83,0,1,0,0,39,6,0,10,89,43.26
4246,d54525ca904140a6629e12d5ad768e5e1eb684ce,6,11,0,1,58,341,0,665,19895,3226.71
4247,748aaefb12dee675adc89a7fbf08790f311525fb,0,1,0,0,1,0,0,0,15,15.08
4248,d723115058f01ee7851d3b652b10cf8eb8b2cf3b,0,1,0,0,16,37,0,9,90,37.96
4249,fa68470fe656d2adbda31767908e37da3aa9fc7c,0,1,0,0,0,2,0,10,845,106.97
4250,a0a474455627c82343da3ab75def6e04b1191422,0,1,0,0,0,8,0,4,445,80.24
4251,db3482c61e3faf81b77e74567437da30982fddb5,0,1,0,0,0,0,0,0,38,15.96
4252,731e2f6541793b476e43d52315169c7425e056e9,0,8,0,0,114,471,0,300,7110,1024.53
4253,5f300467b8454e71782e275ab70ad527e5177485,0,1,0,0,144,332,0,203,1346,251.24
4254,41116848e5a1f9ceb3558ce654f5aff2064e2158,1,4,0,0,61,18,0,26,731,166.08
4255,bb8594380d821e6a3ef71fb2ee73465d45e5cb74,0,4,0,0,333,15,0,13,1451,325.23
4256,72ba78667c12ebefc3a9c6d2fbd07aec593f7ac6,0,1,0,0,18,12,0,2,433,74.72
4257,5c43d3cbedd06cc58ff818ccf54a2a36eb652097,0,1,0,0,0,1,0,1,160,31.09
4258,6b2437de2ccc19fa383442f81b9096c81b2c8bb5,1,7,1,0,765,188,0,91,3416,692.8
4259,575f58f13c80cc01b42dfc9a8155665f07e83fe6,0,2,0,0,25,5,0,3,1912,279.91
4260,ffabf9ba9b70baa679cca6cf804ef4ec275fdccc,0,1,0,0,0,0,0,0,203,923.4
4261,47e3864ee08ef7cd71e46bedc4edad29e7d7146b,3,11,1,1,15,437,0,33,5564,1241.81
4262,f2ff9baa64dacc0532d8b8b9c9509b45124d19e8,0,2,0,1,0,0,0,0,267,53.43
4263,7f35dcd74a56346ffb813758b5369330534a8bc1,0,2,0,0,47,0,0,1,551,113.04
4264,6bf39f535970f3befc82a21c44843ec12dd49527,0,1,0,0,7,0,0,6,313,59.01
4265,7be181e45562908146de7ecf33cd2901070ac0c7,0,14,0,0,133,30,0,485,19895,2693.58
4266,26f20dca6a7ca492528000c4bfe4b4c3a40d4727,0,2,0,0,4,7,0,0,1529,194.42
4267,36d2589461ba239ca581b3494193ded7c3198848,0,1,0,0,1,0,0,0,1123,160.55
4268,53d43e3439e23aea04a4fa8cdf6b02200be6a7e0,0,2,0,0,17,0,0,11,184,57.24
4269,f09ab44cc689e30d56da13ec39d150afa8b63ee9,0,1,0,0,0,0,0,2,203,35.25
4270,3eb0400a318c6feab79efc299f48bac83affacd4,0,1,0,0,9,0,0,3,608,97.23
4271,1f5c0d14fcd8ec8c925c69dd40dd176dd0f14fd5,0,1,0,0,32,16,0,6,40,37.04
4272,bbeaba1ee87562d02ebd089a7a45110dee4b1c16,0,1,0,0,0,0,0,0,153,25.8
4273,c729de9aa0d0c0ba765fe49db891596473bd0383,0,1,0,0,0,36,0,10,1337,175.08
4274,3a84ed22eeda2901fbf5bfec7948c04fec6d4155,0,16,0,0,44,8,0,16,3068,498.05
4275,c4610ecab2f75c10b3bd3a623525fafb1f8c19a6,0,20,0,1,381,480,0,131,5157,941.23
4276,f30de7377d1b766757e92dfcda765c9f2c25f67e,0,1,0,0,0,7,0,0,0,12.45
4277,e165d191309f5efede48597796dadc474dd1f35b,1,5,0,2,5,103,0,7,659,228.95
4278,4a0904502d8707b001ae7ba3ff0c8976c540d3b2,0,1,0,0,17,1,0,14,391,84.09
4279,0e5d21e96ae24e8c658a1b74843b72bddcb7435b,0,1,0,0,17,10,0,19,712,113.07
4280,d59d9b48f446ca5eec6f912fffa8d42a8c988046,0,1,0,0,1,0,0,9,131,973.55
4281,758d68b7cc737d237ccabdfac7f80a6d16b374ad,0,1,0,0,1,0,0,6,275,55.89
4282,8acd72dbbaf23b6d7c52bfbf443c89377b6266f1,0,2,0,0,13,0,0,33,595,105.83
4283,28efa14cc35c3c1d4e86fda1cf00c255f49a6279,0,2,0,0,37,0,0,4,5426,693.17
4284,26eee4c5011ab9254d97572736acf6813afc97e1,0,1,0,0,12,0,0,38,1490,214.37
4285,25932c793d5610f01970c9eaf3cc9bc3fe864f12,0,1,0,0,0,0,0,0,131,27.25
4286,e44d0d8083e5d4087f1c3a32058daa779c1d3fbb,0,9,0,1,0,0,0,0,319,114.66
4287,2fa73bce2b2b4096aa2f13781aa78d6f4da9fbef,0,1,0,0,12,22,0,7,968,138.91
4288,325fcaf4e111ae6a90868611c5bbe0b8649a5ef1,0,14,0,2,115,986,0,86,6190,1081.42
4289,2ddb14299054f9d1b26155cc6e4cdd2fc4f53e01,0,1,0,0,3,0,0,0,103,26.4
4290,20841229961bae97e65a7d7a0b68f3639d28d231,0,1,0,0,21,28,0,9,604,111.97
4291,897554ff3c19789ec79c8afc8ae9e5cb8f2b720b,0,3,0,0,0,0,0,0,1707,224.19
4292,026e89af76f49f55bb9845665e23251ec49a83b8,0,3,0,0,2,0,0,9,2726,334.56
4293,177bbff3919531e87739279e1435d649cfb10cc4,0,1,0,0,5,0,0,0,318,57.93
4294,64dff91895f9df55fe3a07217a333efa4d37d92a,0,1,0,0,0,0,0,0,110,23.73
4295,4fa7db7304f7766ba39bb280585b0836fd83bac1,0,2,0,0,84,0,0,91,2031,311.56
4296,bc42dc04ac674d804b52c7c932655e9de71c6a4b,0,9,0,0,398,1458,0,310,3352,704.61
4297,165a6d679ac5580c3d88ffa3b0fbf51847472208,0,1,0,0,0,0,0,0,305,53.89
4298,e8f7f4660990a668150bfdcb8a18595442fcf3ad,0,1,0,0,12,0,0,0,1159,164.14
4299,50983ad638616cb0c4111edfdca819da55dc36c4,0,1,0,0,0,2,0,6,303,58.38
4300,211ae1d1504c9302e319c0c916a03d2430aef04c,0,5,0,0,11,0,0,11,3218,1335.66
4301,556f7fa07e7cd3cdc4dfc08ba03b14bccda44550,0,2,0,0,7,0,0,17,3085,418.33
4302,e524b5b3305d8acd950527f2c80f3ef34fde15ce,0,2,0,0,9,0,0,42,1954,276.72
4303,7d821d109902e0cf9705b4a1b38dded5185209d2,0,1,0,1,0,0,0,0,97,55.94
4304,3b1c72dfd366698cf2084f0af1c36a9e016aeee8,1,2,0,1,23,0,0,1,829,198.77
4305,e04e61ed77a59bf54408db1f072f8dd1fb61e7d7,1,1,0,0,0,83,0,4,133,103.96
4306,4b762ee841a36ace805f90ed3188140ef54d7536,0,14,0,0,258,92,0,57,8079,1387.18
4307,78cf844cf339def3a3754a425ab9e3bf9c2a77a3,0,2,0,0,11,9,0,4,206,53.97
4308,ad05de172f4df735c56f83b0d590724603b3c2e9,0,16,0,0,290,111,0,127,3392,635.93
4309,7d247524b355c1014453d2a6ef69797ce8f54769,0,10,0,0,521,62,0,291,7085,1144.27
4310,d313103aeb66bd6a8081f76578a35e26d5a0fc78,1,1,0,0,360,92,0,60,533,237.9
4311,e17ef0d87bb92f074e54af27502d88e1913e1664,0,5,0,3,59,0,0,14,1168,262.04
4312,61bce903626cfe775e7b2df32b46568bbc6fe6bd,0,1,0,0,255,25,0,39,435,147.64
4313,579f305bd0fb5673a82d3eeb74660db7a0d6ddd8,0,7,0,0,130,62,0,66,2768,426.95
4314,48ffa4d5e615c78f6db8f6c2beddd93460887642,0,1,0,0,16,0,0,0,1077,136.04
4315,81bebaee8178f83604d895d2c6ad53467a7c0592,0,1,0,1,26,0,0,0,208,106.09
4316,49a3f5e4d10f9dc8ab5369e8279e06b34beb0195,0,2,0,0,15,6,0,22,523,108.08
4317,51c7b82c74db69351ec23e26b678ee83746c1d93,0,4,0,0,92,235,0,81,1441,267.78
4318,32ae460190ed4bba736fd3def55841278ba84a40,0,1,0,0,0,0,0,0,97,20.43
4319,b5867cb327b4cbcce5929841ff00fc19801dd261,0,1,0,0,3,0,0,0,194,35.68
4320,94875900c64ebbeb2b49b2abf087d2c1fd075184,0,1,0,0,7,2,0,3,137,902.54
4321,d1e4cf056646328e9b6a12ef24817fd64eb7dc36,0,1,0,0,15,0,0,0,180,46.53
4322,d16b2016401a1b56b0e257a187191434a7525563,1,2,0,0,5,116,0,7,3455,476.98
4323,224aab57a0c9e3e4588e07b000af9cd61a0cd8ad,0,1,0,0,98,356,0,45,537,137.41
4324,e53b86fe92d86e6264442c945f201f3d41294cac,0,1,0,0,1,1,0,0,97,28.24
4325,b4ad3d27d21e1124f038c9a06f96d4931ff13d8e,0,1,0,0,9,1,0,8,634,107.14
4326,bdef332044a6d62c2593c2966357f36524de10e1,0,1,0,0,2,0,0,4,117,36.61
4327,0045b86b78afdef1413ba1992faac8e824a0f7c2,0,2,0,0,75,55,0,43,1081,210.85
4328,b1afd6e117d20c85befc97050baa70a476d6653e,1,6,0,0,12,18,0,5,3351,451.7
4329,25c7577573d67d32866a6e3432cf07f415464188,0,1,0,0,11,0,0,17,309,59.69
4330,b80a5979973550ac67ac7551ac91b1493a784153,0,1,0,0,0,20,0,0,134,26.97
4331,a262b2424efe1427e78dc731f647e8cbc488991e,0,1,0,0,0,4,0,17,316,63.94
4332,3108c9a01449e967b419d4b1b71436bd654b3dbb,0,32,0,0,84,197,0,39,15568,2165.58
4333,2513370c3ecbe26094e866daf35e615efe9ac691,0,3,0,1,3,14,0,19,488,115.9
4334,f06591f9c0321c58c1bcd7c0830c0a91d5a6efa7,0,1,0,0,0,0,0,0,643,97.78
4335,ff916906a38b79367dfe2817e8a7fb292ee858aa,0,1,0,0,0,1,0,2,94,23.55
4336,4bf297b2d9b07eed64edee82ccad00eee613806f,0,11,0,1,57,0,0,30,1743,328.91
4337,b55ff6d5afd307d62941cb0e4dc3ffb7c9656f7c,0,1,0,0,0,2,0,0,695,105.72
4338,ea4de9d124c34d36171f119ece521151bcd0b709,0,7,0,0,61,99,0,11,2036,348.39
4339,73a0b7ad3cdd3eae5b8f386f879a94f1ee414875,1,1,0,0,0,0,0,0,494,97.81
4340,891b9f6a20624b2ff7b21de2c9baae92a0d505b6,0,10,0,1,89,425,0,363,6117,1836.75
4341,43b9435dcb2dc2247f1827e0dd8028215c9078ea,1,2,0,0,231,0,0,21,9549,1263.91
4342,6a89699f9c3de9b7be5e68ae7e4966ffc4a5103c,2,2,0,0,19,5,0,7,774,181.95
4343,d5db1fb54543bfa1f88a7d3a741ff6571e7fac08,0,21,0,0,104,81,0,52,5157,882.19
4344,ece91da0d2804b2225cd8c4f83c6242b2068d1aa,3,0,0,0,0,0,0,0,0,36.82
4345,f95402a0992c85225cb7a1817096082538da080b,0,1,0,0,5,0,0,1,665,115.89
4346,dcd070dc0ee32ba27e793b2a2ef02036fac69296,0,4,0,1,100,15,0,78,1135,278.5
4347,1021af6aef5a8ba0af0f5c1c8b2f072ee1fd141b,0,1,0,0,1,0,0,0,137,32.01
4348,0b64b9288f90d3ea748e7b687067f1ac20334174,0,4,0,3,29,1,0,19,294,158.09
4349,c028d6ca4f6f80752975f519206aa3bed24d4aed,0,10,0,1,118,261,0,171,2036,463.2
4350,6a127224e6790288beac8fdf5a4ac2187cf3fa02,0,1,0,0,4,1,0,0,669,97.62
4351,e1a767105dd62ae61748c590741cb3568ca9a0ef,0,2,0,0,45,0,0,35,1903,272.64
4352,dcae5488cd2a69f0ffe39487b1375d9057991dfd,1,8,0,0,97,30,0,88,8874,1187.56
4353,ca303c699d95c1545d6ff8621bd831be361cb143,0,4,0,2,1644,0,0,1,31568,11327.39
4354,071b916775c97d1a11f17b7d1a1b0f6d91f68c65,2,2,0,1,14,1,0,1,49,143.09
4355,e86b13f75ad2f1e88dc5f225e1297c1fd3ef954a,0,2,0,0,324,19,0,198,1691,329.86
4356,833fa820416733dc37d7ce3aaa751cfc28f55b77,0,1,0,0,13,0,0,8,673,106.58
4357,d2c279272957b3cad82fe1346e358c6e052e2d7b,0,1,0,0,7,0,0,47,414,74.93
4358,d77f9291cb1a0c98073c23734fd8d19bbb6d4ce4,0,2,0,0,0,0,0,0,59,20.5
4359,a825ca179b38423666cc5223ca26345b35f38a55,0,1,0,0,0,8,0,6,678,110.05
4360,0e367e91e3341b5f428f255d20769c0d38db5e9b,0,1,0,0,15,0,0,11,678,1045.2
4361,c1d32df547c581086c194a203fc3def3c240deed,2,2,0,0,13,0,0,37,297,128.72
4362,86464360f8fca22b956f013c5161cb6603636d8a,1,10,0,2,635,145,0,78,2909,846.98
4363,1b7b4b89982c215f2b28a218b75690121a49ddb2,0,3,0,0,19,8,0,23,388,103.99
4364,4b2a4d10de0b48f8ceb33ae33d1af4f1a081170e,3,12,0,0,144,7,0,11,5964,936.91
4365,4a7cc45f8a443b58f77742031d780ab40f4c2c45,0,2,0,0,70,0,0,0,1438,217.92
4366,de98955c16d71f2486f54f88c9ca6c88b91a3812,2,7,0,0,126,7,0,22,2269,489.13
4367,4325d15edfb74048716dcda60f2c7ce965de9a01,3,37,2,2,52,15,0,0,7420,1259.09
4368,64675ef3c2d52c29cead8bc15ae33534c1948f3c,0,2,0,0,51,21,0,29,588,164.0
4369,788b285e11e28e26682cd0196b369df47d3656c5,2,20,0,0,814,150,0,888,34478,5104.03
4370,d84c863525e9fb1685f3e1c8afe05702454ca217,0,2,0,0,489,95,0,29,441,225.89
4371,f00161be20702ea280a87d545c154642be40f1db,0,2,0,0,25,0,0,41,639,124.13
4372,5732ee52bc5c78b600218e385904c577b4526709,0,1,0,0,2,1,0,1,166,36.93
4373,5be2766ef4b7f915da351725140130a6908b606d,0,6,0,2,16,0,0,2,154,82.95
4374,e1d16e9892772976cb25d811e229dbbf9125aea8,0,5,0,1,1,1,0,2,196,76.04
4375,3fde3c238f482d43f6f129f29bb5bc652f3475b6,0,17,0,2,125,41,0,130,9929,1426.64
4376,76322859a48630f9a738cdc90a4fe0420c293f1d,0,1,0,0,0,0,0,0,33,12.22
4377,01f6b9540b8c386859c8c56f74fb1b2fad551806,2,10,0,2,2,3,0,1,1578,346.77
4378,9be1c514278ce2b966fa95aa5bbaa9d7e4e6e531,0,2,0,0,3,0,0,0,453,67.42
4379,6b1c419445ddd6e706053e21cab07b787455cbf0,0,1,0,0,3,0,0,0,693,109.26
4380,19f6522e1044cff91354775a3d2cc6db33fb3850,0,1,0,0,3,4,0,4,30,922.72
4381,54834e87a85d70092bc06dd3d4806d250292db71,0,1,0,0,1,0,0,2,696,103.38
4382,712ce70e2e4da21a93198880d074bd10617668aa,0,1,0,0,34,20,0,22,203,52.61
4383,4c8510f8528f81a07dd0a9581f44a09df8f7bd52,4,5,0,0,33,152,0,10,547,393.61
4384,25baace0dec1fc4f3b5fb51292c8ec8a6da85ba0,0,10,0,0,11,0,0,7,1262,235.4
4385,247eadc58274cd6e92101e6450c5fe1b6ba5eeed,1,4,0,0,0,0,0,0,1099,166.49
4386,b42fd10a325f9706a48387329e3b2d5b77b7a6a9,0,10,0,0,3,0,0,1,1819,299.06
4387,a5f6c55edd8448c2ce05c025a662984c49f2c87a,0,1,0,0,0,0,0,0,0,8.28
4388,a5cbd502bb7d2f3069db789f314101932068fb2f,0,1,0,0,0,0,0,0,672,105.15
4389,675e004cf1f6630547d60b64b43fdf3acf4b50e0,0,2,0,0,7,0,0,0,497,97.74
4390,b21e7176543607583bbb0726283abb1a52f88161,0,12,0,6,0,0,0,0,542,261.7
4391,021bdae6970499f16ece9f407c7ab587ec700aed,0,4,0,1,12,1,0,3,746,162.25
4392,4d07aa5f1c792bff7bab25ed9fc4ef301ce17fa8,1,1,0,0,0,0,0,0,446,92.71
4393,0ea99974fe398fd0f5373dfb2c791c78aadcca12,0,9,0,2,160,91,0,71,1056,373.42
4394,8a420c52ac99ee5544cc52cf0aeeca922a9d934a,0,1,0,0,17,30,0,6,188,53.35
4395,b6646596c6aac2b6f91976eaad4993802d671f8e,0,7,0,0,40,20,0,10,1153,222.22
4396,71c1d02f0206553e5e234b41ccbb018dbba9d633,0,2,0,0,14,0,0,19,404,94.52
4397,4053868e7245873e284ba1c23f2ac032346bbd61,0,6,0,1,15,1,0,2,1874,295.15
4398,c45ffa4986b387da73633eabbff4f1026a50161e,0,4,0,0,16,30,0,0,293,99.68
4399,cb1428ddca52d7d980be8432cc9d97cc7c8bd6f2,0,1,0,0,6,2,0,4,1204,156.08
4400,1daf8acfc9f48551a4d427bf71fb32f56371391b,0,9,0,1,281,114,0,123,2574,1520.88
4401,58818496daad0572843eacbeabfb95bc6af816ee,2,22,0,0,125,0,0,95,4906,900.7
4402,46e53b089a81c2e1606b1616b1abf64277de50a9,0,4,0,0,0,0,0,0,350,56.83
4403,26387cbf186635c6ccb3fdaf113861e2a05dce5c,0,1,0,0,2,0,0,3,152,38.94
4404,c5d5a5d1bc4ffab220fa9bf93aaa18fed7d6c8c8,9,0,0,0,0,0,0,0,0,175.98
4405,ea0731d60f09859a3d35db011822e676bc9e2dda,0,61,7,0,99,380,0,324,16577,2541.89
4406,9dcebc396bf7dc697fba990c6ee35bc5009a7dc9,0,1,0,0,0,28,0,0,290,49.12
4407,b168b8b2d5dd34e431b12eceac5ac0952144f8d8,0,5,0,2,30,13,0,5,1066,227.53
4408,fd94fcde583c66e9f231342948c3e677a99a6d3b,0,2,0,0,1,74,0,47,1668,236.04
4409,41691e469ae4f59aa04bfec99b1e8a19699f1d04,0,4,0,0,51,1,0,26,549,261.31
4410,edae564856b8aefbede64fd3eb73c30aba30372a,0,3,0,0,32,48,0,24,647,147.98
4411,0b883059ead43e84d691d92066aca5c658101dea,1,0,0,0,0,0,0,0,0,34.83
4412,c61cb7fb55124547a36a6ef56afaec43676039f8,3,13,0,1,180,686,0,145,3259,694.52
4413,f36b42b9e9778e8a267e89c58b78eab7622af319,0,1,0,0,271,21,0,25,205,182.9
4414,220037c465735f3f7c88fa1cdd966a872df714e5,0,1,0,0,5,0,0,6,624,94.02
4415,7ee058bc2092b6c600bc3585f42841bd8b0a0dbc,0,1,0,0,7,21,0,23,2463,320.22
4416,30aab8b5ea667b97f7a161893cf98b82d7f34fc6,0,1,0,0,0,0,0,0,672,99.61
4417,e5ec49b123c4070355182f04397d8c8c347c9aff,0,6,0,0,96,20,0,33,2040,363.36
4418,8e40fa0c41ba24de2f3dad7afc77eb910c0fe7d4,0,1,0,0,4,0,0,4,323,81.76
4419,1ce333901e6ed614c82a21d306dc8310c8fe491b,0,1,0,0,13,0,0,19,354,71.89
4420,1f14726afbb1730b82487a7ea890519fe3cdf697,0,4,0,0,1,3,0,7,610,1099.51
4421,1279ae807c0e2d9b183c145fa553bdc84b6ca1a7,0,2,0,0,6,1,0,1,407,85.33
4422,04b9a0a57376d6cae2b4fdc10a55dcedf5b983ad,0,3,0,0,0,0,0,0,403,62.99
4423,f00d21179c76739ce8480c89fa9ad6b968fc6b7a,0,1,0,0,0,0,0,0,0,14.8
4424,d9739b9e3f749d4190e5b8766dd0b5f6f6a9844c,0,1,0,0,5,0,0,6,266,65.33
4425,ef995efb1aac7fee1d23639128ecb1d85f5a3bec,0,2,0,2,0,0,0,0,0,21.11
4426,ab896f05d1d84f3e634c364a0772ada4c6cd6b9d,3,2,0,0,31,0,0,14,1760,313.01
4427,78f7cd450fe7ad5ed4b4b9634c7499e65968476f,0,8,0,0,12,43,0,32,1878,388.24
4428,cbd39422b4f219c3226436c76695689e42c18a3a,0,13,0,0,41,5,0,25,1368,387.56
4429,cf896d067192328f36a838d73e43f49fe3d689b3,0,1,0,0,4,1,0,0,116,29.32
4430,ee963a994b2dc9cf89cb02fa5446775fc961d342,0,13,0,0,3,39,0,12,1373,298.71
4431,8c7772488c145c34ba7f7d2035deb23ae321666f,0,13,0,0,39,3,0,21,1373,317.14
4432,8c14c7b5bb770cf12597d7b8f81f0a2ff11135f4,0,1,0,0,0,0,0,0,177,27.02
4433,af63fba391afa26545656f6335e75eb3577d5477,0,3,0,0,13,8,0,1,2124,295.8
4434,7f2f7c23a7bd274925f6438d316d8e2e8d8709d6,0,1,0,0,1,0,0,0,1149,159.62
4435,86e5db50992e9b297014e9c9824429e1cefb824b,0,5,0,0,30,81,0,315,10427,1411.43
4436,80557b872fbf31fec94930fc4723d7a459fe52e7,2,0,0,0,0,0,0,0,0,57.61
4437,5419bfdc8e18547a6437d297e3060f20f584cbec,0,1,0,0,4,0,0,2,132,34.18
4438,d824f0b25fbeea555257dab7e5dca7e96e8f4666,0,4,0,0,26,7,0,42,1050,202.62
4439,623cfa33d1007b36d6dc35886c02d233e91227b1,2,12,0,3,119,131,0,69,3536,736.53
4440,b5e660fff4afcefcde0ec635d7830b4f00d65627,0,1,0,0,0,0,0,0,218,960.42
4441,d6cc2fb1ea9203e8f72bba1794e357b507a1b302,0,1,0,0,0,0,0,0,42,15.95
4442,c682d57e92d9f18a02e1fe8dc50c5caa116e5d4a,1,19,0,0,104,33,0,217,10719,1562.23
4443,961919d4433ec0930a18c691397414cc8174542f,0,9,0,0,125,28,0,47,27359,3840.83
4444,548d5061c96f98eedf39f6fec77b53f88e088412,0,1,0,0,3,0,0,4,386,68.69
4445,20874896623694070443ad06e69c302d169c1446,0,1,0,0,3,0,0,2,154,37.57
4446,948b22f082e1c598fc553a34772226de31b8b0b7,0,1,0,0,0,0,0,0,44,13.38
4447,6834c929cc80b55c8c898dbd9b27b0f7a82e973b,0,9,0,0,410,101,0,236,4806,798.13
4448,2ab3b325caefbc649b0cea911728a4776294a76a,0,6,0,1,117,66,0,0,3965,658.86
4449,9944c6031fc9f2f6dfbf2fed24c0c215425f6ffa,0,3,0,0,6,38,0,29,2606,368.1
4450,af9fa42e1b20531bbbd2776c86f55f7d71a57773,0,4,0,0,30,0,0,2,378,96.95
4451,632301f52537f44df0575b5441e3b12fa82b485f,0,6,0,2,58,12,0,0,528,177.51
4452,62a78ab661ef432dfe054d0c15258057250fbc78,0,1,0,0,0,12,0,2,270,47.25
4453,55cecc9679ca04796450d75e72cfc89e1f3b4970,0,27,0,1,286,39,0,633,27953,3892.79
4454,92b494df459d0e3bbbda808c64889471cf915078,0,1,0,0,17,266,0,106,1394,247.69
4455,84ed7cf645885a4d008e067f268d41d5c70cc1ca,0,1,0,0,0,16,0,1,69,22.4
4456,3fa92647d24dc87cc958b33c5becd8dda16d1326,0,2,0,0,41,13,0,6,861,147.46
4457,63f0dffdba6b9e70fc26a653dd8b1ea64a4e2b70,0,3,0,0,85,16,0,22,1678,271.85
4458,5136c70554b6ead2f91e99b53389b10710639127,0,1,0,0,0,0,0,0,946,134.81
4459,f0a32dff9b9cf53707758226f6598ab32cca6b06,0,6,0,0,326,39,0,195,4045,686.2
4460,e476947d3f87708acce630372fef30bc13959b4c,2,5,0,0,91,79,0,157,2448,1427.08
4461,3ed3c5513cc26a2158173caab8d36b6d7f544009,0,16,0,0,87,38,0,1,4225,656.86
4462,79a03c8bcbea49a8301985d105f325f2e6647ded,2,8,0,0,66,84,0,57,1839,440.2
4463,5764df2974e68efd69d581478618cffe1395e547,1,7,0,2,40,0,0,2,369,152.39
4464,b5db1432806ad49a04ea7866856e7321ea252adb,0,4,0,0,162,0,0,12,408,142.12
4465,890618bb11114265d24f6c02de61ff107e481fd6,0,2,0,0,16,0,0,32,1131,198.5
4466,c75afc5b8f5385f331ddbc60e117e4b2d1956121,0,1,0,0,0,0,0,0,460,65.54
4467,008860cb3bd9ddd87d3efe848646dec58ab25708,0,2,0,0,2,0,0,1,197,45.31
4468,3020842d5c4a7c32045c516c8a1d06a9e77688f0,1,0,0,0,0,0,0,0,0,21.97
4469,54a5375710960257cce67783eadcc8b5740b99a4,0,1,0,1,4,0,0,7,32,42.05
4470,092fc71b182f3c364f5cb3b2e793ef5c78a0c4bc,0,1,0,0,1,0,0,0,483,84.45
4471,e991fd8055112e2ddc0bbeade2ef74504e2407dd,0,1,0,0,11,1,0,16,772,116.5
4472,ab72babd97838317fa0a380fc4d49bf2703ad17c,0,7,0,0,26,5,0,30,3257,473.52
4473,62db371321052f0c0dd4b66f8c2a118bb7fbc5aa,0,1,0,0,0,49,0,25,486,77.85
4474,235aaee4fe6931796ff17777d882906af5fa9270,0,1,0,0,19,0,0,6,551,92.47
4475,3aa2b2d638e9517bfa019431f9e6ecf320c9c86d,0,2,0,0,237,80,0,109,908,220.5
4476,07a771866f18e8ec532c14f624fa908815bd88c7,0,3,0,0,104,150,0,49,1218,216.68
4477,b8428a68c36ba5a775d5634cdaeec30a8b439674,0,8,0,0,186,139,0,40,4514,661.36
4478,200579f5fdab6a868f54887c795d007caa5c0d4e,0,1,0,0,87,38,0,35,408,99.64
4479,7f2f4e80c4d67decbe2a9c2a032b70295fe4376f,7,36,2,1,248,184,0,49,4907,1220.48
4480,e04009c9894b1ace20759c5f97f30126f3129aa3,0,2,0,0,3,5,0,11,207,1008.44
4481,34cd00b2912c045fa65d8b99d8d382af5e92dfc0,0,1,0,0,7,0,0,0,131,36.48
4482,20cac213aff85ee1380aef6d42a1042c2bbe5901,0,4,5,1,1,23,0,14,590,195.19
4483,0167558eb31ff48308d592ef70b6d005ba6d21fb,0,4,0,0,415,60,0,103,1352,330.8
4484,0e8e41d0ef5985aa3d424621eb8fcb1ca68838ab,4,2,0,0,41,31,0,6,71,162.96
4485,ad78a9cfded3d65f83f4015120746e5c29436b18,0,1,0,0,29,0,0,4,804,124.74
4486,c88b4c46a40ad8bfd29640395aee12a566080e86,0,1,0,0,29,0,0,18,238,52.48
4487,1d8958685ad94f2705df7205a7baeb055a419ccd,9,0,0,0,0,0,0,0,0,449.04
4488,b79d6bf72989610abdd4d14e0c62d4363b828f6c,0,0,1,0,0,0,0,0,0,10.68
4489,6da1a485fc50f8b75ebce2b582f718dcce0845af,5,9,0,3,64,9,0,3,668,320.16
4490,2416d798facc8e5721940b8ae65597cf48e3cd1f,0,7,0,5,25,1,0,11,482,219.47
4491,62c048660bd3d4062e56646ae7c17b9a2ef15614,2,10,0,1,246,35,0,54,3846,1357.59
4492,c6db30897704af040b73eb0ff3138ce4e7b956d5,0,2,0,0,36,0,0,0,1154,184.38
4493,a04e0b703f1ec2075ad99d93d8b7edd603b14872,0,1,0,0,12,0,0,0,814,106.72
4494,d07bc87cd656b510d7ac610a41bc4195282a006b,0,34,0,2,340,51,0,270,18913,2870.82
4495,36d84a15158057f52c62b14d3bc4fa223f2693e6,1,1,0,0,0,0,0,0,0,24.27
4496,c01e7e50c1047565da1b0c6ed6fe8bfdf25e03b4,1,50,0,0,240,24,0,154,11357,1881.92
4497,fc573634041242c322c29cff722eb0d74d3ab20f,0,6,0,0,172,203,0,110,2040,427.99
4498,f0b9b6bbf253bb0dc8a22a4d07e8ba9a1059478c,0,1,0,0,0,0,0,0,58,19.75
4499,cec30fd8a498d9f0456cf8e43294fa0071a661e3,0,1,0,0,0,2,0,0,155,29.9
4500,09fcdb50af38e0e25a5bdab95b34577bb4d38f49,0,11,0,0,84,3,0,65,12194,2610.17
4501,77554df88190e01d1d6cf71546438bbd0024abfa,0,6,0,0,140,0,0,23,3465,521.62
4502,4f3d5bbab960ac7502fb0c6d9bdb8982b97333c3,0,1,0,0,245,126,0,50,657,192.84
4503,79676f15f4c63504d60ca9b7046cb7346e9c3df6,0,1,0,0,0,0,0,0,1104,130.4
4504,dd9f1cbf3a3f69792733bd853e2191fe18978179,0,1,0,0,0,0,0,0,1104,128.67
4505,f5e13c7460dabd6909146e79f511af5bf7f5f977,0,4,0,1,0,0,0,0,2303,364.7
4506,213e565bced01e8d4ffe5bb3b76d2a7026533aec,0,23,0,1,104,37,0,67,5027,934.58
4507,01a7dda2551a86ce980e58cb0748322e8da930af,0,9,0,0,0,0,0,0,1284,202.25
4508,470d00ea9a56c1a6f9b872d35771d20d6fa06d48,0,2,0,0,0,0,0,0,141,32.49
4509,c61676a1ef5ad62974235a2b02723e6923d4bf98,0,4,0,0,0,0,0,0,114,35.96
4510,e71d69bf00e792115fdc841cf597ed37b5ae4e2a,1,4,0,1,98,46,0,26,795,291.63
4511,4824b0dea721790f7ff14af317620d26d931a18e,1,1,2,0,0,5,0,0,72,59.23
4512,0b22eb07bb8ecfa456f170dc9a1dec418ed01e2a,0,1,0,0,0,0,0,0,118,23.6
4513,96dcd67f565413c0efba38b32ba9d0f277e90fd9,0,6,0,0,55,6,0,30,1309,251.97
4514,c694ec11df3437b2ad24f365e3318dc7e931ddfc,0,1,0,0,0,0,0,0,833,104.61
4515,995a5a6c6838164f5baa5ec96f4395edd1c50d56,0,18,0,2,102,21,0,6,4899,762.37
4516,bb73791dade15f389dfc1bacd20ca8b177bd39e7,0,1,0,0,8,0,0,9,199,45.59
4517,bbe29eb93cc819fbf0287aa2cb343649b72783bf,0,8,0,0,1285,0,0,41,10776,1660.09
4518,58727343f2b7ac4093828ca645084901d7ca568c,0,1,0,0,0,0,0,0,3288,531.99
4519,7487278bafb3f11ab038c165464bf3102589dc90,0,3,0,0,290,22,0,80,2507,447.18
4520,76543f525aa920297c5a730f35b409beddb1e90b,1,1,0,0,124,0,0,16,902,1119.94
4521,782b1456f240ad2fc95555b0f464e6a7e0c1e685,0,1,0,0,0,0,0,0,207,36.02
4522,3455065a75784d38fec348bd413c61dd316208f9,0,1,0,0,1,5,0,4,202,48.07
4523,72ddb74700b5abdd8474130f9061b43d0ea68bd6,0,8,0,0,141,5,0,20,3399,553.82
4524,9f96d91b2e872bf8a362e2e84daa687e4050faed,0,1,0,0,0,1,0,4,1788,223.9
4525,f8153a1456b0970249eaa66f315400aa4bb1bef3,0,1,0,0,0,0,0,0,42,14.12
4526,15815791a67a98e2455880d92853a9bda7a3fc4f,0,1,0,1,0,0,0,0,324,160.55
4527,857c03c166c9c2a62fc79e564fe9f84f2cacce89,0,1,0,0,0,0,0,0,61,17.13
4528,4aeded75883a4f7d1c888b921e69f8bd421a48bb,0,3,0,0,83,2,0,18,1171,188.48
4529,33f210fc8cc59e56faadd9fb7417ca55220e48ea,0,1,0,0,0,46,0,0,109,22.54
4530,d8faab2fffabea369b3346e079c7edafdb504686,0,8,0,0,0,11,0,3,4978,652.23
4531,b81302852f0dc0c26ce400d63ab9fe5716dad98f,0,1,0,0,1,0,0,2,731,102.47
4532,3ea48f73db77df1ad67b5805f6831b73f75a3981,0,1,0,0,0,0,0,0,495,72.61
4533,214694467f3c96152eb1b0320b826f674073c7cf,0,2,0,1,23,0,0,1,191,60.02
4534,0523c343212d365af844c38a515aab96f4d6b6fd,0,11,0,1,61,66,0,3,2157,391.55
4535,7d4dbb18d10ccbc5a431e2bc7b5888f08c37e6ec,0,0,1,0,0,0,0,0,0,9.0
4536,c71d1f6a0233b2aca4514d0ef8f67fcff9e1fa5a,0,1,0,1,5,0,0,14,173,103.75
4537,7f9ec95831d2a5f8a17b45f3bf91d7bd441153a1,0,2,0,1,1,0,0,2,156,52.27
4538,85853f69c88c08db61af7fb6ef3b5432f926e531,0,2,0,0,87,0,0,17,484,127.37
4539,f1c5741f9b3b2c0ab8ed8cc85757098aa51a8728,0,1,0,0,39,0,0,8,129,45.77
4540,22445d0ebb6d8f25b25f522a8e9b43b0433930f3,0,1,0,0,2,0,0,5,557,1091.62
4541,62d51bb377af46c2fefd3e7a441579878744da13,0,1,0,0,1,0,0,8,1393,187.5
4542,1441ec9c0c9157bf326b46df8d6ed56ee6cfe8ec,0,2,0,0,38,16,0,14,150,58.87
4543,1326d329ee0f74dfd3c2c63cf9e5f062a2f7a579,0,1,0,0,0,0,0,0,2600,315.99
4544,19e9b8aa5206a7954d0c02455bf39cfe45fdf6f1,0,9,0,0,289,0,0,202,3977,598.13
4545,aba9f5a7f4067198073f678c81b4e3fbdb4f18ee,0,1,0,0,8,1,0,9,717,104.92
4546,b384c06d35c89642510c097a1afc0228bff774fb,1,6,0,1,104,0,0,159,4178,636.72
4547,4fd3b110f3d35dfd093d3d02ae77699b7c0447f4,0,3,0,1,21,0,0,35,894,175.83
4548,543c64d2e9d2fc608ef65cafd485a910d4b8d480,0,1,0,0,8,0,0,7,725,105.13
4549,4d005b70a0fda4be5a8ead84ff5f54fceb3c637a,0,1,0,0,13,0,0,13,1053,149.08
4550,757b13dea44b93567d761b2ea5346e79de30dfef,0,29,0,9,10,7,0,6,3045,661.64
4551,af4e0a78de53ea43cfb1895ec7df680f3997e003,0,1,0,1,0,0,0,0,120,64.36
4552,8562752143f57744ac522ace1a2b196c45b428d4,0,4,0,0,211,24,0,92,3804,559.73
4553,ab757169a19be668e7a7d2e52c1da01d4810e0c2,0,1,0,0,0,0,0,0,1244,169.61
4554,51cc4fed0a9195a881dc1dea6146a879ee6696fb,0,1,0,0,0,1,0,0,388,62.19
4555,c9d0feb2846668576ab824478177ee15b9be81e2,0,1,0,0,1,0,0,22,145,32.76
4556,cae7d76646856b29b6eb193724d84fb84f2413f7,0,1,0,0,2,0,0,4,178,36.66
4557,e17a3ca0913893d59562d8bfb40da4d70b3e39c7,0,2,0,0,4,0,0,4,961,217.9
4558,12d9697d934df90e0ed0261aa20446120c1086a6,1,10,0,0,72,54,0,26,1241,294.75
4559,8372d9694d79e942570c3a89e531b96c13db1e08,0,1,2,0,1,5,0,35,841,131.54
4560,5e899c68e053d2c07733a89297d5056511e2e802,1,7,0,0,31,2,0,34,1605,1332.63
4561,da01d2f53d0dbb2c1ad6eb79a481058285d91419,0,1,0,0,4,4,0,14,2596,324.77
4562,d7011a9dcc7050d7eaaffcfb78b308a07ff4bdfe,0,3,0,0,46,5,0,3,472,100.12
4563,fa46724f363fc95c183a890b9cab06ed3d2b8dd2,0,2,0,0,53,725,0,214,1622,306.62
4564,3c03dcb1b9422c8afa06fc427c5de1d3dca5ae6c,0,1,0,0,10,0,0,12,147,38.4
4565,c2bfc64719718a8d2743cad91a25a842389062df,0,1,0,0,0,0,0,6,67,19.08
4566,12d4a42e712036dc0b8843cec5c56e366cc157c7,0,4,0,0,3,0,0,0,3970,477.85
4567,783d87b3c022863dc5bd8b86a27f795e41307cd0,0,9,0,2,67,252,0,183,3258,573.62
4568,c60cfbc999e6ae2222064632e297fd361c8c16e4,0,3,0,0,0,3,0,20,1116,151.53
4569,c1660a7962f9712881d2ee46d57cf781f6e1f36e,0,9,0,2,160,45,0,26,2282,551.4
4570,6367074381ebec0f9ca7edbb85d45be95af0746a,0,9,0,1,103,0,0,31,1436,283.53
4571,819b06d62145cdcda0a755497a1bedff0e68a450,0,1,0,0,0,0,0,0,161,32.92
4572,e1e70a7e2f74c45e6b58b0ccace21969a7a29358,0,3,0,0,80,12,0,10,241,97.4
4573,9936b86f70668d1ceff923133b3df056539693ea,0,1,0,0,10,0,0,1,177,38.19
4574,3a82cf238ba287a6dc555e31c01c2dd43e880a1f,0,11,0,1,471,403,0,291,4942,939.55
4575,9db1f2cc37fe664c5d0f13df07456de534469974,0,1,0,0,2,0,0,0,194,36.85
4576,2c5825d897727d95d62ea1465792bb5a7a09db96,0,1,0,0,0,4,0,0,440,63.52
4577,6856e4533e3456f115fad44042343b4d10eb7d0b,0,3,0,0,589,2009,0,0,594,351.74
4578,70696ebf59f9a612a72b4dfff9581ffbd1948320,1,2,0,1,15,0,0,2,398,130.47
4579,c45a8832d2ae8d4354d6f0d87a7874d87fb7ebe9,1,2,0,0,0,306,0,0,1601,294.43
4580,fd4dfb489aa4100b9bd204ad70e4ae590db93b32,0,10,0,0,116,4,0,159,4617,1687.56
4581,3c13e8f3ced049431cff1f9f2c0baa92a1ca5c24,0,1,0,0,3,0,0,0,90,43.96
4582,3b864842c7058d0bb4da92fa73dade937ceb832d,0,6,0,0,13,0,0,37,2387,390.34
4583,aeecd20373bd3810ee8430de3beec81679129614,0,7,0,0,139,41,0,55,1334,289.17
4584,d44e7df5dc1e701fae4b611b9858dfd80499ee35,0,8,0,0,1376,1,0,45,12804,2068.74
4585,e28ec72464ccb266c49e5ef42dd87f938e71ffde,4,11,0,0,155,111,0,149,4284,908.89
4586,062f6a6aac99a11e3f833a6d460d458452624425,8,15,1,1,123,503,0,127,1461,726.39
4587,e05e27f2d52b325765efa5969c934a31303cb66c,0,1,0,0,15,6,0,2,382,73.63
4588,018bbc09931d45afa349a76fcc72283013e1d3a2,0,1,0,1,0,0,0,0,82,47.44
4589,3b57f28dad79e344c2394d93600410aba560ac06,0,1,0,0,7,1,0,2,55,30.35
4590,dd6c21e4d5bdc4e3b733ff25c427bba4a224242b,1,3,0,0,40,49,0,16,693,175.44
4591,d79db4d221309e022d82367cefe1996cee9cc4fc,0,3,0,0,12,6,0,9,579,115.31
4592,582123cd8f15d894a7dceec185739c1c4086d135,0,1,0,0,0,0,0,0,167,31.8
4593,dea6480023e78a3facdaf1cfc00ad6cc35ecb3ea,1,4,0,0,33,3,0,76,3506,530.76
4594,3411f830e350702bb94090fe298df27d508036d8,0,1,0,0,0,0,0,0,158,36.23
4595,57328e112144bd657c01c33d5e3cb2d69bb7e464,1,1,0,0,14,0,0,3,1223,195.46
4596,e5123cc2ced257efa74bd299f0d8c0a5e9ab63df,0,3,0,0,0,71,0,1,1456,204.27
4597,49b526169abc81726034eab77f03010cbcdfb95f,0,0,0,0,0,0,0,0,0,5.38
4598,b7f7514762433a7a02635e141e60d0e2ba333049,0,14,0,0,719,1176,0,407,9980,1586.47
4599,27ba048651eb930175f9b157ee9019e0f08a86aa,0,1,0,0,3,0,0,3,951,128.69
4600,8b5582370ecc9bb8f10e19ae4fd7cf60bb6c2108,0,24,0,0,10,3,0,10,1806,1388.16
4601,1abaacffb5d1f04fca3649984cb9c04a81bf6742,0,17,0,0,171,820,0,14,6902,1072.71
4602,2ceb875957c117460d1d88dd43db0f60577fde8a,4,0,0,0,0,0,0,0,0,258.03
4603,cdfc96f294f4746e6d31b46a63f33dbfb100d8ed,0,5,0,0,10,0,0,6,509,107.57
4604,3bfbd062915d680f653af5b3747dbcfefbd3df12,0,99,0,4,670,398,0,249,35531,5521.36
4605,651b6bab495c4822e676b2da2109112940e49250,0,3,0,0,0,0,0,0,1780,232.31
4606,478bdc8ea50941ef281152f4329cd93843102e50,0,1,0,0,4,1,0,13,981,134.31
4607,5719e4098bc7fc5401d567284d1187d43304f03e,0,2,0,0,39,0,0,3,413,93.78
4608,125f5619b9ba08ce5a44829ceab5177b53d943a9,2,14,1,0,29,25,0,18,10266,1370.72
4609,d16c9d37762014270b4f7e0b3b0c721f82e3bfb5,0,1,0,0,1,1,0,3,339,76.93
4610,310ac4f71d0c8f28aa8dd8aa2b144fcf206dc83f,4,6,1,0,88,89,0,18,613,232.76
4611,211c1e8ad439f2dfbbd2f07ce099c0f948e06df3,1,5,0,1,56,11,0,23,1542,337.1
4612,11ba6ac7c9bc795958e3c614b6f012b37f1917f2,0,1,0,0,7,0,0,0,67,23.5
4613,1a6eea335f16f92e24834369cd98ea01a60b2db7,0,57,0,10,150,125,0,85,16848,2731.19
4614,5c14f749b3196fe5d9e1efe6dd5d6d7356cc72d0,22,6,0,0,46,16,0,1,4290,1283.9
4615,c9e5229294424495794a13d967d28e8ab45b0639,0,5,0,0,192,0,0,333,11358,1531.14
4616,34a5019b426c7bc05422e5549cdf56b5e4d7c6e0,0,11,0,2,205,10,0,34,1166,317.36
4617,e8938c40d6d26ede097f7e2a5397fe45f38e6486,0,5,0,0,2,0,0,1,668,129.36
4618,3e563c5cc72152cec0742956b7ec61b1841e78ac,2,0,0,0,0,0,0,0,0,50.93
4619,0a9bfcaf744a908c1710fec47de073724ec2d8be,0,31,0,5,38,10,0,15,14137,2112.91
4620,27d4ca2f646f727c7a907f374b5ee67a47064495,0,1,0,0,0,0,0,0,192,1098.5
4621,0c86d83e1f966b5e0c72e53664f7e9ff5a71e488,0,1,0,0,0,0,0,0,66,17.83
4622,ee631e19c6cf7f9e81440ae84c033e7910edf590,0,1,0,0,13,0,0,5,62,28.31
4623,0259d2734164343038a99caf3051b42e29fbfcc5,0,2,0,0,32,18,0,0,196,66.21
4624,29b274a1164f49fde420d56d22be22905190e045,0,2,0,0,21,56,0,5,444,90.54
4625,013daadd952e53a1f26237118aa0b5d07a92e730,0,1,0,0,17,0,0,12,239,53.43
4626,eec15bd17218a2543c9f4cbb9a78841a9fdec043,1,17,0,0,248,46,0,162,4051,860.67
4627,686b860f351f23978ef8783e504066bde4bee2ff,0,1,0,0,1,0,0,2,333,64.34
4628,d4850f1f172cd333e9eb3007320207d9f3934a3a,0,5,0,0,76,1,0,0,1263,222.43
4629,a6314e2578fe649af01a0a10fdc3e77e32b6bba4,0,1,0,0,2,0,0,3,775,143.68
4630,c615f223291a1406a7df1ae2a711b4d06e1d61c7,0,1,0,0,0,26,0,0,799,118.95
4631,9f780499bcd549525e4f8a9b506eb1b436aac348,0,1,0,0,4,0,0,4,137,39.87
4632,612f4c1c21bab5f2f399ce558e9ffc40a422fc91,0,2,0,0,0,15,0,6,322,63.19
4633,c0d4b26872fc97b42ace9ad94d47f402f5428190,0,10,0,1,299,312,0,14,1970,444.69
4634,2be3f90fa6dac2447ec3106f0f783c52e294c7d7,0,1,0,0,36,0,0,1,3404,465.21
4635,98be489070622fd01183b7f129caa99d6aaaa1eb,0,1,0,1,0,0,0,0,80,46.56
4636,e5d3850776174a63ddc2e0b5ead58409ca7c8706,0,1,0,0,0,0,0,0,66,17.28
4637,686e1e5bc5a12172276ca3881e240e905829ad64,0,1,0,0,4,0,0,2,2636,335.48
4638,57477fe18cb36f62b8c7267ab6c5230c3a0e7e0b,0,6,0,0,49,7,0,73,3216,489.16
4639,0ff05f46e7c18318b38af0da67800b78e475164a,0,2,0,0,95,27,0,57,188,86.22
4640,5554692871986b0e46c1b97ac3a8eb0945e3705b,0,14,0,0,162,336,0,49,8367,2310.6
4641,8a7326dd45f8b41afd0268db14292d5d89b11ef6,0,2,0,0,3,0,0,0,32,25.25
4642,fc97a1b34c9cd9d5c18758b31712b6e0fe99ac9c,0,1,0,0,7,2,0,2,125,38.28
4643,d147eced575ef9a47c4abdcb87931dd11b4f6c37,0,2,0,0,0,0,0,0,84,26.23
4644,8ed4ee222519a98f6e697c6a138a0e8fae4070f6,0,1,0,0,6,0,0,19,157,42.41
4645,759922ba7e5cea9ec3c5f63605c97010b09d7228,0,8,0,1,56,36,0,9,1125,294.8
4646,74c6b33e84df7fd45875669f401400f02c004dfa,0,4,0,0,11,12,0,27,1801,295.24
4647,f4ecb1816b170e28d9afc96c137c9086222be456,0,2,0,0,62,3,0,7,3365,437.97
4648,2e4218648ade93f6a0172c1d807f63b702064804,0,2,0,0,0,63,0,4,3364,426.66
4649,b4c07e9a80aecdfd829670e513daa8b6469973e7,0,5,0,0,316,124,0,142,2421,492.9
4650,68131674235373d07c1683bb5937c7a81f6ffeac,0,30,0,2,336,72,0,66,4793,989.59
4651,7dbd828a90e36c3b94fcadf659ce047a1ddbce0e,2,6,0,0,27,2,0,13,367,198.65
4652,50501f81004963e1f4619f87e7bef9aa07abe9b4,1,1,0,0,0,0,0,0,20,29.18
4653,26dcd96b608f71959bd344f51d12c1062ecdf75d,0,17,0,0,7,0,0,1,519,146.34
4654,38dfd9c2aa7f86636211f333a0676998ab7a3158,0,1,0,0,0,0,0,0,6,13.22
4655,4d29a21ff72edb0f24ae7f3747b7dcd25ab46da0,0,2,0,0,61,0,0,5,3364,444.63
4656,84e957c875ae971578a5b147775445368ea26188,16,7,0,0,221,14,0,10,1403,821.21
4657,7d0f5eba2d9fc9dcc8c8900ced86560f7443257f,0,15,0,0,80,63,0,115,4484,766.97
4658,94082791af6c612f5b6e4ea0021ee725dd7bca7a,0,1,0,0,3,0,0,3,2636,433.15
4659,ee2821b0a58b276ac60b45129ba07fe53789a2f0,0,0,2,0,0,0,0,0,0,16.9
4660,676a0126bc6dddc17796d18d8b27165312a1f1ed,0,4,0,0,52,0,0,0,3775,1485.52
4661,d568aa22b8dd07073b0a454fc0ca15beac638994,0,7,0,0,51,6,0,28,2892,432.32
4662,2cef840ef43bce36cfa51d8439f9d505c68df97a,0,1,0,0,1,12,0,12,104,35.21
4663,bcbacefdd5c67eb2a06cd8fdededb9899017b317,3,4,2,1,20,10,0,15,1058,298.96
4664,683f3b3d507a2e12a120ab26f857c0324232bc7d,0,20,0,0,297,215,0,453,9476,1484.18
4665,7b7648322b069864151cc1af6b17c3759f4de26c,0,2,0,0,10,8,0,2,705,110.05
4666,791a03b40ff31f92ade454ffe00c57b39d3ccfde,0,15,0,0,99,23,0,33,7402,1052.27
4667,836021df2817a625eb7166ea194c5da26d6d6a47,0,1,0,0,2,0,0,0,148,31.93
4668,564b3d8bc2a2a9277fb8b99ace288f47a9186c6b,0,5,0,0,0,20,0,0,539,92.59
4669,83c2de2575dbbecbe4530af36a34218786cdd7e8,0,1,0,0,15,0,0,13,2636,337.24
4670,ece933fa3e272531ee443265c7aef7326e89e7cd,12,9,0,0,70,11,0,41,2901,795.5
4671,78d532e5f344edda04fb9ce44bef9cd79e0d1935,0,4,0,0,46,57,0,45,1754,286.62
4672,a7f8035ec5ffaa204a47e157cee4ba826eb4afdf,0,1,0,0,3,0,0,0,66,20.64
4673,bcee3609dd512d7194fe05aac0efd687fcb3cf4c,0,1,0,0,16,0,0,15,177,46.09
4674,011bc04416c733e3959cd4cf9f5573d57236b14e,1,10,0,0,504,19,0,681,24676,3553.18
4675,a2e05b9f8f355d3846d91860d968b86417630041,2,11,0,2,14,28,0,27,5868,998.31
4676,44a27c5cd76f44e435671c69d1d8f60c42a2b420,0,6,0,0,100,1,0,24,1563,293.8
4677,31ed817447b4c3edef2019d1580aa3ede83a82da,0,11,0,2,50,49,0,47,1537,425.54
4678,629042f4cefb833ce65ae87a883cb92e2700b7b9,0,23,0,2,140,68,0,16,5014,859.89
4679,3beb168b4fbf7628b40f0cf6030674338e9ea61b,0,25,0,0,47,20,0,11,14225,2015.34
4680,8ee39f197157e2c938b12efaca43ad2bea8205ed,1,4,0,0,7,1,0,11,1802,1326.79
4681,4e56a19cf168e69fe002fe97132bed9a3fbcd0f0,0,2,0,0,2,0,0,0,393,103.95
4682,b48a474988a56c0a4775ec1dfb72473e6eb64140,0,5,0,0,0,47,0,0,654,121.76
4683,8895ee694c7b28d93ad6abc4faaeb805bd211a88,0,1,0,0,0,0,0,0,205,37.55
4684,df2ce0c3896bec9fe128a13490b05f7fea0757c9,1,5,0,0,93,16,0,18,4413,640.5
4685,a36ffdaff7f67e92c7f8f05c480fad1dfc28ef02,0,1,0,0,0,68,0,0,80,23.34
4686,0075528615763812b57338350af936842ba0dee5,1,1,0,0,6,0,0,3,84,47.98
4687,aa432fd68fcf89756ceb3d81922ebb0989fb3423,0,2,1,1,0,0,0,0,109,48.62
4688,8d1a87fabc90bd5d689debb82e92636cd5543aa9,0,3,0,0,23,0,0,42,1107,192.2
4689,a463aef8bce2d2f3f4ce7c5684f28b78767b0bfb,0,15,0,0,65,48,0,297,7311,1104.87
4690,321a6085fb5ca65f91f3c67216d8994897c46019,0,2,0,0,11,0,0,0,1062,182.02
4691,7a064f96ba5bc6a6ece956cb51c28eb5fb44e567,0,1,0,0,1,0,0,2,655,95.52
4692,b5783795cded0f5d52dd9c524d964ec6efc0046a,0,59,0,7,68,89,0,90,16806,2856.1
4693,ff31691c84587c2fc938705e184f2a3238ef3070,0,4,0,1,16,0,0,10,326,96.98
4694,4fac4c1ba6fa1a0b30a798d3d1f2a8f803a5c531,1,19,0,0,108,66,0,58,7896,1173.83
4695,ed441ad814ea278efc08e50d7d58704e20d13559,0,1,0,0,0,0,0,0,0,15.63
4696,962065de726d7f96cf49a96674032c3d0f189e3d,5,9,0,0,128,0,0,18,5346,839.97
4697,387f90e3947d972ee0147c266a8d9d166c4f0215,0,2,0,1,14,4,0,8,1119,204.97
4698,11e28eb76b0f5b55386af08e688c50ce5184c5be,0,1,0,0,3,0,0,4,30,22.37
4699,2c8f6b66cf31d3569de6626686d4ac5bf67e8efe,0,1,0,0,0,0,0,0,203,38.48
4700,ff847978ad9e8d01a66ad6327f924662a9b0d5e8,0,2,0,0,45,0,0,0,214,1143.16
4701,e92036cd54ac313482a5c6cc3416add560c7600c,0,1,0,0,0,0,0,0,214,37.56
4702,0e1e64b821ad052e0f99ed40de12618f76c8465d,3,0,0,0,0,0,0,0,0,89.72
4703,129b93bc0ef1291784752aeaf86e029c13d9a51b,0,1,0,0,14,10,0,2,42,31.17
4704,546f436a4145647e595354372af23cdb6d8a1f28,0,1,0,0,0,0,0,0,214,41.31
4705,8dbf7b22381dab18f9af13318c16181c42824d46,0,1,0,0,25,0,0,6,157,45.98
4706,d8a7b67d798ab5fec399d4a0b97a025d5bff531c,1,2,0,1,590,214,0,108,2250,493.77
4707,5375ff07bcb6451e45c09f23f010a4d051968896,0,3,0,0,11,2,0,18,2745,381.59
4708,bc4f25ff452da5cbb692088b51c6fd19e3f9fdc3,0,1,0,0,102,103,0,0,148,63.87
4709,202bc2934a14e52e009dd274ccd179aae388f131,0,10,0,1,11,16,0,26,6771,926.45
4710,062adcc1885ff58b8e9c55a870a34be8de7a685d,0,1,0,0,17,8,0,3,156,45.89
4711,408de0fbb34f32649ac0175213e3e480a278ece5,0,1,0,0,1,0,0,1,20,18.2
4712,e1b69bd548bf67913ba58ef45f8bd85e743e12ce,0,5,0,0,91,35,0,17,644,181.57
4713,7546f9a4d9be7b0cc3e013b29da9c2536d124c47,0,1,0,0,1,0,0,5,197,43.94
4714,a8be606145b979be89d85e6191a3e3df8ab05545,0,30,0,2,194,119,0,45,15799,2327.92
4715,f2fc311b19f19031e24547a7e4750a17115ac383,0,2,0,0,74,32,0,14,737,153.2
4716,e952e736242cd79f9eae523773ab3b9ce788341c,0,2,0,0,11,2,0,33,391,88.75
4717,3c1fbd2ddfb004db875db92feeec44b78dd60adc,1,2,0,0,7,2,0,10,1006,180.53
4718,e31286bf621273bb8e484f95b1a94fff15df034c,0,1,0,0,1,0,0,1,5,22.58
4719,2c07372c2f923cc8421045915773d33611ce28d8,0,1,0,0,7,0,0,3,1310,171.3
4720,3d84ccbf9c1860ba9f29e2759041d3686c3acb9a,0,2,0,0,15,0,0,4,1290,1230.39
4721,ba20d4df8ced17e175d6a1d57982559d4dce79cd,0,1,0,0,4,0,0,6,495,83.75
4722,d5be58dfd20f11d95a103572e3864cc7bfe09c37,0,8,0,0,140,38,0,18,1668,316.92
4723,712dad814c481a9e377bd3629fbc3c3fda7fbd10,0,2,0,0,121,37,0,20,129,102.74
4724,5420b4c78bd156296e5f02ca6639afdd2b4762a1,0,2,0,0,23,0,0,2,2208,324.05
4725,8915130dd7f3e497083c9fa9a25c511dd3787082,0,1,0,0,7,0,0,1,1439,194.62
4726,06a8bb5bd15b3ee5e710f4096aa2da681dba8ecb,0,19,0,3,44,13,0,106,5443,908.6
4727,3f2e599a994d2a50121137bbce69a03dd31f567e,0,4,0,0,120,6,0,23,439,122.61
4728,8ee55fb339264549a6359471c40a6198aa2266da,4,11,0,0,122,6,0,25,21586,3195.26
4729,ab42b9ffe614ace7e7c9707c6467e168ce055c50,0,1,0,0,1,0,0,0,105,25.29
4730,e3f99578304cb30f1b59c34a4193b9b700f3566a,0,3,0,0,13,16,0,22,397,85.68
4731,3851d05a80cfdebe087faa660ab488da02a6b943,0,1,0,0,0,0,0,0,17,11.25
4732,5c92bded9dbbb9c39c6578bf0a61bc76525f9b6a,1,7,0,0,477,1,0,23,15413,2126.18
4733,6dea02b2605d398e0ab499b9813c4718a9608912,0,3,0,0,13,14,0,9,2260,308.43
4734,904654aa87d18cab4061a1b70553d691f5ba7f64,0,1,0,0,7,0,0,24,142,46.79
4735,728fc543ea918c4b2170f5446565f4e3a9d20c62,0,2,0,0,23,0,0,13,418,83.62
4736,349a56ae2c88e62917ba8923283ad4ca0c83841c,0,2,0,0,0,6,0,0,1914,249.44
4737,49056295ef7763745876c05ae8c04b5a7317d323,0,5,0,0,95,39,0,19,2218,383.21
4738,7ed0260eff425e7e7a57193a67419fae29aa4f30,0,20,0,1,28,12,0,10,4850,764.16
4739,c01d9981d89ba3633377952d132c88536c86ebc5,2,5,0,0,52,8,0,10,885,217.41
4740,ebe8db58691a49a40c0bd43c20e00bc3e40b192c,0,1,0,0,0,3,0,1,108,1073.26
4741,d70e2b12441e7b0a45d2d026be568315c4e4cd88,0,6,0,0,18,7,0,3,1336,229.61
4742,11638a8cf294d57883928c91ab7d8d3d2eea6c7d,0,1,0,0,19,1,0,0,582,101.68
4743,96f84594eee58b4e9a9347541baa3343a4ed3b97,0,1,0,0,0,0,0,0,733,90.45
4744,7df56b20392c563d5b8d65340921b3041843cf96,13,10,0,0,333,80,0,98,4303,1410.92
4745,31c185aad5a4e17e7faecfba4b11ef3ce12f10f4,0,3,0,1,0,0,0,0,67,38.42
4746,2916d4f3568184f92006dba9a1e4ef18492643ea,1,4,0,0,31,3,0,24,1612,296.41
4747,97acb9ef24094042548a2981bdd99767156caeb3,0,4,0,0,33,3,0,10,868,166.82
4748,ff5bc351b24512357292025eb48adef3ec328ba1,0,20,0,0,8,1,0,6,4877,718.74
4749,70a312e53fc798c178f6abc95614a6673e9da244,0,18,0,0,11,5,0,0,5671,784.02
4750,0fb4c4d5f08fd4f59771193c1542c28cf8154f35,1,6,0,0,16,4,0,18,2422,399.24
4751,34f9962618c85ad041ca7eac4913453335a81647,0,1,0,0,0,0,0,0,204,32.16
4752,1d6c4678bb7964af34fb42a6c8bbf0553880bba3,0,1,0,0,54,33,0,0,91,52.93
4753,aea2c67016fb4da4570073d28613119a9a0def84,0,7,0,0,0,10,0,11,7217,1030.55
4754,a411227b0ebf78b4ee8ae7179e162b54734e77de,11,22,0,0,877,268,0,460,24410,3915.37
4755,42ed215c2d29d455646a324707f4c7b2ad925ab1,0,4,0,1,8,0,0,1,155,60.34
4756,cbb334035d87542ed06693bb9c8534f64360672b,0,7,0,0,10,2,0,8,1716,268.37
4757,7cfafe401e18522cbd92a8b06fb2ea380f71ced9,0,1,0,0,0,0,0,0,369,53.86
4758,889333a6fd854cf27b552cf25ff711f2c50f8c08,0,35,1,1,328,286,0,167,12472,1918.93
4759,fba164a1d1f1d38827824a1903c3b7bde18f486a,0,11,0,1,3,7,0,13,4677,700.92
4760,d170088d981b8a588dca9b3d6aa75cb2a19b16e2,0,1,0,0,1,0,0,0,262,1094.71
4761,8b84840d5a0b2cbd03f05bc044574a5eeb61756d,0,1,0,0,36,0,0,2,190,64.2
4762,e5a1b86dbad650f9740eb24a7f544c4a51f05654,0,14,0,0,321,114,0,144,2371,508.56
4763,7886c0b82f0be9ef6536b6972e4487c232aaa1e3,0,1,0,0,0,24,0,3,127,31.78
4764,a404db52ec8099d08bd96455f7ceb1412cd9bb22,1,0,0,0,0,0,0,0,0,33.3
4765,a1f59d8e1b96b7458c110cacc9d860d6b9573ac4,0,1,0,0,0,0,0,0,48,15.34
4766,ff92346f5e8c2a5cf8dedb99738609f14179912d,0,0,1,0,0,0,0,0,0,12.32
4767,3876bb764d6ac2bd8b4d1f5f7b8e73cd36d32e59,0,1,0,0,0,0,0,0,355,40.7
4768,8a8b7de760a33c8195e287975d5b4a337d71b1fa,0,1,0,0,6,0,0,0,95,24.89
4769,b784f7db99f0ac81fb8fe8bee6dce801d5385bb4,0,2,0,0,7,2,0,8,256,59.29
4770,a62f543c651cc53fff91e03799fc9d4befff8700,0,3,0,0,161,19,0,240,6085,798.79
4771,3c06b48181e22eb4ce91d6d8a455a1617f13d85f,0,2,0,0,18,3,0,2,290,66.07
4772,f5d6314c87b0375fd455980b0c18b650a466d840,1,3,0,0,37,11,0,5,1250,200.91
4773,f7adec054845f11236afb7443ab307bb7b39c493,0,13,0,1,28,27,0,1,1935,366.85
4774,008e990debd3f93d2dc8996db10ffab0191d8960,0,1,0,0,0,0,0,0,55,13.93
4775,d4504afdd45ff5d8e834f63658b903f7d5fba3b3,0,1,0,0,21,5,0,7,297,52.62
4776,71f73fcd0b474c600588268cd96c2e1b6982db64,0,1,0,0,11,0,0,16,74,27.54
4777,ab927b8e1a20d81526af4b5a26888e9ca89b6ff0,0,1,0,0,2,0,0,10,256,49.62
4778,3587fe8324a94351fa2f518d3c4bcb15d33d8ab0,0,2,0,0,2,3,0,1,44,30.23
4779,e1b82fe91f6ddaea524c1eeb551e1002d91e4c07,0,2,0,0,3,3,0,0,1289,196.99
4780,e5ca773f781b6b1ec53cc774a224d02a62830c11,0,8,0,2,120,46,0,18,883,1297.11
4781,fb1af86ee1700ca1e6817c0c988ec9d5da1215d2,0,5,0,0,115,44,0,17,1628,293.77
4782,7718390703fb3c193ea58d5287250e14002e9852,0,8,0,0,77,1,0,41,2340,398.51
4783,440767ff55fe601d3c9b5f53fcebfdece0f54da6,0,2,0,0,112,10,0,18,1019,207.49
4784,6c2a2996570d7239dd27481eb2900833d5537e16,0,4,0,0,189,77,0,25,311,148.61
4785,e28774138812411e144de457403678b0efc55496,0,2,0,0,12,18,0,8,1315,200.7
4786,804444f892d31f1a343620be0ba7886a4854c706,0,2,0,0,18,0,0,24,246,52.37
4787,fb6c5c7fe8ea5e18209e3a969b49441ada4b25da,0,9,0,0,267,168,0,237,7471,1149.98
4788,a376c8da9d3fa0e8b600b69cdc30c9fb0d303709,1,1,0,0,2,0,0,0,389,81.43
4789,210f5a3b01e67287c1120d15402a52eb158ddc33,0,3,0,0,0,0,0,0,3962,484.94
4790,c29318c038f0f310562dc8194506b504eae72c1b,0,5,0,0,7,4,0,3,3981,520.01
4791,42c03460e4420572fa6af942b84c6f94a4066961,0,1,0,0,18,0,0,6,327,66.73
4792,0255fc2bf161741efbcddb1d5fa27c5f3ac95a45,0,1,0,0,15,0,0,3,95,35.57
4793,cc8bdcb498e1aba022be9ff0c8fd533a1ea5f83c,0,1,0,0,98,2,0,23,877,142.97
4794,d3e7c3cfa9cd77607e642e4a776969dd1c8a27d5,0,27,0,4,118,68,0,80,11262,1881.67
4795,cd08f8b2bed3605017d4459a26575963973ceff0,0,1,0,0,0,0,0,0,46,17.14
4796,0eb07609b66bec92d2f5479a1939f64ca3c8bdc0,0,1,0,0,13,0,0,9,224,53.09
4797,14dc08c07f2c47fd7dae59ae1a7e558e1324e300,0,1,0,0,0,0,0,0,3,31.15
4798,822bcce91e5d80f778c009dcc6d50089276859df,0,3,0,0,19,0,0,35,974,161.85
4799,22f29ca8efe910540f2912ec35fe307daf5eed0a,0,6,0,0,54,151,0,40,3148,453.4
4800,5f391efda159b690b0e6e03b154ac8e748c947b1,0,26,0,0,170,169,0,56,10232,2692.08
4801,1e77dd9f7a651fa71b8f1acc2f59dcd3f8065778,0,1,0,0,22,0,0,0,133,38.2
4802,3f95fe22e0b8bbcf332766af039d041d3fc8189b,1,1,0,1,0,0,0,0,587,228.16
4803,05ced20a347213c31e46c528e53b93c675f85891,0,3,0,0,21,16,0,7,159,59.98
4804,b6dd9b441fb279bbd7b6c48d809166b2b0235514,0,1,0,0,5,0,0,9,25,22.07
4805,7aea38118e7af7d2c5e1ce54ca135b8c0261a2df,0,1,0,0,0,8,0,0,57,22.28
4806,e4a68606f5b4f179a65cae261b27ef19f32f2252,0,1,0,0,5,0,0,0,1342,168.4
4807,a16b4e0fd5d582a14b78695b2a1acb1135d8fc53,0,1,0,0,4,0,0,0,680,104.94
4808,0166ed2676c65d0e4c2ed94f60f093cdf9cb8f8a,0,1,0,0,0,0,0,0,175,30.26
4809,170eb1e88d51776b093f7b546e4b9b0dc6e2cf52,0,2,0,0,10,0,0,21,419,88.09
4810,10e4ef7402a7b7d0155b74311f61b87cd67bb692,0,1,0,0,0,0,0,0,202,35.39
4811,325cdc0987f8176ac46695f5b0c93b0fc6605ab9,0,14,0,0,1955,14,0,245,32274,4872.7
4812,0df5ed2ca6ce3758b4745f63400fd81d17107038,0,6,0,0,64,8,0,32,4814,702.9
4813,890c067b661aa5912311799867b2defd57d1f9dd,0,7,0,0,50,0,0,5,3343,483.28
4814,882324dbcc224072be6a43a74aa6102637e529f8,1,73,0,21,40,8,0,19,6332,1510.58
4815,7ee4df600bb7ec8d794dd3b4ab2cb933ab15b988,0,1,0,0,10,0,0,4,241,56.95
4816,336c22d581fa9e892c47a6a5158ee4ee5fc1c0f8,0,32,0,0,110,78,0,39,11050,1655.12
4817,7893c013bc4902a5b0e4ea4371aa9232df968578,0,1,0,0,6,0,0,2,19,20.6
4818,54627ea6dc2c42fe0c67e34f69e42bd38386879e,1,2,0,0,7,26,0,77,1830,282.55
4819,24f19328eb4a756b95cb0ab13d089479afc7626d,0,1,0,0,0,49,0,73,480,95.55
4820,b719e7a8c6f768658a39a2e4b16ea605ea42f45d,0,8,0,0,78,21,0,15,5273,1841.39
4821,8b8f2026bda6a329d6d82376dbb884c8f183a967,0,20,0,2,22,106,0,78,10372,1769.75
4822,c57bc080828fca4021449534695bf39afefb7000,0,2,0,0,36,10,0,29,1858,277.85
4823,1350055fcda9dd97d4c2566e432ac1980b2325e4,0,2,0,0,0,15,0,17,712,130.94
4824,d1f39d82469849a8de109b448156e180b983d4b7,0,2,0,0,20,6,0,32,1494,211.65
4825,02963b202ae3c05a6326a194da1f0e23df9aeca0,2,21,0,3,247,92,0,172,9957,1684.78
4826,1c0a06193e145e0ecbef46706553ed1c1b078136,0,1,0,0,23,4,0,5,109,39.52
4827,aa0bd50fd40d8090c5a98cbde063621eadd988f8,0,1,0,0,0,0,0,0,643,88.12
4828,0f8894cd6435ed6962ec3d7c81be4cb0d4f7657e,0,2,0,0,4,0,0,0,679,116.99
4829,58b6b24c2999511daefa0dff2e2ae745cba24e35,0,64,0,26,150,67,0,71,12855,2658.4
4830,f723ffde7ffa93ddd4c40456c917911817f314b1,0,10,0,1,4,37,0,34,7722,1305.91
4831,41041e8d6abcfa0d093ae321081ba01d2154c5ab,0,8,0,0,468,99,0,49,30625,4357.11
4832,b6b88edf9310245f3dbda9cebe9b9f0060f0e13c,3,11,0,0,146,0,0,36,1251,431.32
4833,56a03d736a6fe21651074db0f46e7198d3dcc69b,0,64,0,9,24,129,0,30,8231,1504.53
4834,308db3a5c8b869b41b9ccc8b59d43047b5613945,0,1,0,0,15,0,0,0,93,151.89
4835,94d57f81dc114feba14906b05b3d2c6b78bf3299,0,1,0,0,9,3,0,10,1104,165.35
4836,5cc0714840bf8f7797a118e4bac5dabdd20e3f67,0,1,0,0,4,0,0,2,559,83.94
4837,54f438cee4ffb1e43739feef2397b7d1e099c892,0,2,0,0,17,22,0,3,666,122.67
4838,c5c395b68a1379e3cb85a01e90dcc94c13b1cc6c,0,1,1,0,40,146,0,0,0,49.95
4839,3db5e20834caf2e3f18e6fa9344d9c6b8079287a,0,1,0,0,1,0,0,0,429,77.91
4840,52e35b4473e6b281de0b5ee967cf18b3948fa3d2,0,1,0,0,0,0,0,0,19,1086.74
4841,f67162547d2891ba7e08ad912336f78fae24322b,0,8,0,1,167,60,0,155,6928,1200.27
4842,da0e807dd33725c137bcc28a3d8fa8d6e5b34bae,8,2,0,0,2,11,0,3,66,145.84
4843,e690a83d41118afa29150062de5e39d909cce7b8,0,2,0,0,11,0,0,0,1149,183.3
4844,08754f2c431b829b0d6269bdb23284dd679ed8ca,0,1,0,0,6,0,0,0,251,54.93
4845,09cd3d7bfb9f4c4b279a74441d4059da6b8177d2,1,19,0,0,318,87,0,225,9366,1526.38
4846,f1c41e307e4e55e7849f35e09c3de2fcd4dbbd2b,3,1,0,1,1,0,0,5,145,172.79
4847,1ec6609b978033550d4ead35de0ab5344b789bd1,1,4,1,0,38,37,0,9,633,207.3
4848,b7d1790411a379a27c59514c806f48c91e7186c8,0,1,0,0,0,0,0,0,123,25.76
4849,a8e646185569ac121993c49cea0cfebfadac1b5c,8,21,0,1,31,772,0,58,6916,1329.06
4850,30bc7d5598bc7bce4a4482026a7810e9ec3c04f7,0,2,0,0,20,0,0,4,394,76.78
4851,bb15fd5fe0a89e647cd9cefa0ceae342578f0833,2,5,0,0,47,6,0,34,3734,591.26
4852,9fd6db3703d3e7ec50b32b1e96c65ed9f2b1456d,0,5,0,0,97,9,0,17,3788,571.08
4853,11864c60c721400bfca260143e9c92273893bd3b,4,0,0,0,0,0,0,0,0,170.48
4854,e930510c65fcda1251ffaf509f4e41f188361a9e,0,0,1,0,0,0,0,0,0,16.44
4855,9e9be97af735a27769f4b348b72f065acaa1380c,0,3,0,1,0,0,0,0,1734,292.94
4856,4be2034a26020f16faa85937195710a50c0aa1bf,8,0,0,0,0,0,0,0,0,245.89
4857,b8ab1b176cfa6e5898f6aedea3c2d7af1fa92675,0,21,0,0,763,7,0,8,6940,1145.42
4858,1a27cb7b0ff2194567b04ea5076df47b8128aca3,0,0,8,0,0,0,0,0,0,62.93
4859,b4371252fe71db938b37b7bc6391d0fb87466b36,0,3,0,0,94,24,0,10,4233,591.65
4860,8a2c84156a2829f44307e5aff07323902580af86,0,18,0,0,406,564,0,373,35440,6119.58
4861,0354128780abc41b4a0018a3f0712330952ebd83,0,6,0,0,34,0,0,4,4682,647.8
4862,53493ff5db40dd61eebbcb24a81ac57ff724274f,0,1,0,0,0,0,0,0,37,15.1
4863,e720c835576b6da6421a8796401b71d760155f78,0,11,0,0,20,25,0,43,5736,795.43
4864,1be63539f1e97a70bcd1eb6cbb48891b00146c51,0,1,0,0,15,0,0,0,162,40.24
4865,df22270756be8556085a8f1f3910a2f0d7ebc933,1,5,0,0,54,226,0,26,2292,412.6
4866,3275b964c1c1fbb20ffe646b37317496b265660b,0,5,0,2,79,56,0,7,703,309.01
4867,da2b5a962725d775ed6db8d0db417e5d7af8c561,0,7,0,1,707,12,0,11,4107,1341.48
4868,fe12ad506602d8fc30f9208fee7820e2c805d874,0,1,0,0,0,0,0,0,596,86.58
4869,072b2d659c9513ab95b58c64a91732f1e225edb9,3,4,0,0,52,1,0,8,1026,250.27
4870,1cf852119116a47254c2ce10c1ff8e4a46900163,3,4,0,0,0,0,0,0,1078,215.61
4871,77a7925c32be8e0882ded8d3fc254af84e533af3,1,0,0,0,0,0,0,0,0,58.14
4872,ba86c18f20962f31a90bfecc89d4fdba93dc39d9,1,0,0,0,0,0,0,0,0,43.71
4873,7d10af1254fe6f0b861d6979da8d8e653fee2708,0,1,0,0,7,0,0,0,318,44.91
4874,a0e473730e2cd819e7442dbd2b332d7833755ba2,0,2,0,0,2,0,0,19,2212,284.69
4875,555d14ed4525f9a0d533b90e20afcce0dc8c595f,0,2,0,0,0,0,0,0,129,30.86
4876,c7fad665f34fd3c17999d5cc60b04d3faff6a7f5,5,18,0,5,215,144,0,192,8718,1744.23
4877,65830b096b6f540b7e49ef590dac1ebe2491c126,0,3,0,0,42,0,0,15,1616,259.08
4878,029768287a62452cf99595b513f08133524fa834,0,7,0,0,16,31,0,14,4856,657.94
4879,c1eacd6221218aaedd82c560a8130d119c511ff2,0,2,0,0,7,1,0,3,257,59.0
4880,743d16138e8817164f82026b4ef26fbd02c204bd,0,31,0,8,84,170,0,45,8253,2371.16
4881,afb753ecc3a94a5824a510121aa186948fb317df,0,5,0,0,32,4,0,20,904,186.55
4882,065d03b7840e0091adbb2aa9779b8129ed9883aa,0,1,0,0,6,3,0,0,366,67.82
4883,110c5f593057366509b8480e396cc750d5fd782b,0,2,0,0,13,0,0,1,2449,337.92
4884,96c6b9815ddbc9f2589655df4ad2381af04ac9f8,0,1,0,0,0,0,0,0,401,55.28
4885,885b065683499540f467cb54086a3f60e64b9c8a,0,1,0,0,0,0,0,0,326,51.06
4886,89006f76f7f8b206c3575c146f76a3509a398190,0,5,0,1,37,20,0,11,1726,298.15
4887,f7154e1ac9e6c0bd2dd3c39078a52d49d3485504,0,3,0,0,31,17,0,3,58,45.88
4888,6a042c381a04ccd4b82bc51720af7a043e144445,0,3,0,0,18,20,0,2,69,44.57
4889,422df8a3f430e1e41f971a644eec298f23decaf8,0,1,0,0,0,0,0,0,1483,188.64
4890,d918570c80051ab9046156228f7915cc7e314e04,0,4,3,0,1,52,0,6,1026,200.32
4891,d2c5e4bf748e4d14f5b141c6a74206b5b9162aa9,0,0,1,0,0,0,0,0,0,15.37
4892,47738ff927385157b312ef4dfe61dbcaca05ea68,0,1,0,1,1,1,0,0,71,45.06
4893,58cd2cf6e28af816d55688cd58ed3262a2d3b1f3,0,1,0,1,1,0,0,0,59,36.98
4894,15cf0a6e7b10882f7fd205b65c2ef265a690597d,0,1,0,0,11,0,0,17,79,31.71
4895,a90e64c6373437e109e6d84adbf11ea8bf296e53,1,2,0,0,2,0,0,0,935,155.7
4896,33c27f4e0362e2461db04ee00755ee1735460be9,1,0,1,0,0,0,0,0,0,72.77
4897,9ae615f82bc0521b7301bb5ea99f0367fc20f746,0,1,0,0,13,0,0,2,695,118.37
4898,b24991d7a0dad949a22fb8eee1e1b0c299ce6807,0,1,0,0,0,0,0,0,708,97.55
4899,3caae62390615aa2568794247fb6193582490642,0,1,0,0,0,13,0,0,695,96.47
4900,0c7d22439dfe77e1ffea7bcafbd88ba1ebb92ae9,0,1,0,0,0,0,0,0,447,1046.39
4901,9a7adafcdb3af8b9bcfe7921c680b8e0d928e101,0,1,0,0,0,0,0,0,0,9.54
4902,d3002c6a8e5ad54c944661211d7dfe364dabc27c,0,3,0,0,97,0,0,14,2545,395.19
4903,40fb2e921936a0d207efd5d06c6300fe180c66af,0,1,0,1,3,0,0,0,17,31.28
4904,51334fb951232aa56add118d142e6b82da204494,0,1,0,0,0,0,0,0,842,106.84
4905,fbf8b30aa6c08cf1e70afa0caac0e539d1e2c37b,0,1,0,0,0,0,0,0,1106,157.55
4906,e92a9bf0030fa07e0f279def1f274ed6da90ef84,0,2,0,0,22,1,0,8,151,59.12
4907,4d53fe5dcd7b3bd8ca59e2a0683697e2cddaecfc,0,1,0,0,4,0,0,7,326,66.9
4908,1c45d1cd9d6c585d0e169769ce400034686cf179,2,6,0,0,88,80,0,12,1044,264.48
4909,30424ec73f7f100b233e27196c0a6a90abd62ad2,0,12,0,0,93,125,0,46,2937,528.45
4910,700de7d92c11cb021f025407994080d7704b4759,0,1,0,0,0,0,0,0,166,28.1
4911,9a829dc458505f72702cb8c6942cd952f9d290d0,1,1,0,0,2,136,0,0,39,88.53
4912,042743fff076a66e25c93fce97ab3e75adb8190d,0,5,0,0,46,41,0,53,3528,495.61
4913,baa2d05374efc0f5b95b8f1f779462038a9f96b2,0,5,0,0,0,1,0,1,3573,549.74
4914,a912a56b38fca6aada68dab5ef73613c073cbc6a,0,3,0,0,183,2,0,2,210,124.31
4915,9f1f8c3bc6b09ede3dd9285e3a989337a135505e,0,1,0,0,62,234,0,217,2588,368.52
4916,917adbf0e53903e986ed2270a6b270495428b0fb,0,5,0,0,25,14,0,15,1035,189.68
4917,36bec4fa0778a6b9326e4a7d59acd0dace1bc834,0,0,4,0,0,0,0,0,0,18.92
4918,317d137452c09a9a80491b23e113ee1d0c4c1c86,0,1,0,0,2,0,0,2,267,51.76
4919,9abab54d8e05c9e0426a1d7186815c82923a7abd,0,1,0,0,0,0,0,0,330,55.44
4920,a8766fd623e5679b13600646ac2808e733f98d07,0,2,0,0,24,15,0,2,910,1146.74
4921,e5ec14af04069faf1cc4c671e3c721333f7415b2,0,3,0,0,3,15,0,21,426,88.87
4922,8dac7f9e6c5c22e3d11d22f6a38b7fa9905c6ae8,0,1,0,0,4,0,0,16,563,84.52
4923,8514e2b20e4d9b4c4f1985392d6e93381ab37cc7,0,1,0,0,3,0,0,2,59,24.2
4924,02b03326506d5ffeb191a61a598763a99380e2a0,0,1,0,0,6,2,0,18,328,72.33
4925,0513a21dc8b86f57b5a6c1b742904821632f77f7,0,1,0,0,3,0,0,8,277,53.78
4926,57b1efaabed195c8dfed9823dcca80260cfea946,0,1,0,0,0,5,0,0,2173,260.54
4927,c6002ccd3873f3950df50bef7f4ac4c5760d595f,0,1,0,0,5,0,0,13,334,66.29
4928,305267b8e2c68b6103eb389587394d19d2be3e82,0,2,0,0,20,4,0,6,831,149.85
4929,820f629423f21fbd1dcc7a383955443a2595fd5d,1,9,0,0,32,0,0,22,1402,337.69
4930,ac95cc1fbb951bb9db96f2738f621d1d7cd45739,1,23,0,0,123,149,0,107,11559,1879.32
4931,24bcebdeeb5c8025a1171fd73b5f38e666ae819b,0,2,0,0,1,0,0,2,1519,207.07
4932,37e1bb61f473ecc05af8fb1c547ec566acf7c6fb,0,1,0,0,25,6,0,6,2167,276.05
4933,5b53a187d26ac54b7cd2c3d4a011bcc02931de99,0,2,0,0,3,0,0,3,1324,190.82
4934,c348cd327b9ae3635dc9d9360e2c7088976199c0,0,1,0,1,0,0,0,0,0,15.95
4935,7774f964e62842806d849cae1a6af830c137d737,0,8,0,0,35,0,0,15,901,184.5
4936,45fc2bdd863ff238491f4941b3da04a38731d7e1,1,1,0,0,4,0,0,5,444,95.83
4937,645fbd7d87450b31b67b1e535cdb9c1cf50ffd16,0,4,0,1,34,45,0,27,637,149.6
4938,ee32eebeab38be4e171c6aaf362aff9a584a37f3,0,1,0,0,10,0,0,16,501,87.9
4939,dde713ee4e7845a1bd272b1c318ba0af08577e4d,0,10,0,0,48,0,0,30,4707,648.06
4940,4bfd35aabc83b007871fe9a8537cd5ac9cd84500,0,1,0,0,0,0,0,0,76,1038.53
4941,988cba762a6d99b4b512ff97a607891f4b82f7dc,0,1,0,0,0,0,0,0,0,9.66
4942,f6a017ce6302853ef8421dc6adf1a099059f4e30,0,3,0,0,46,8,0,46,323,106.02
4943,5b850caa801d033d800bf6c1bea32aa2c7bda273,0,5,0,0,115,7,0,49,5349,753.38
4944,c32a2c0b16b1d7e41fd0ad4a2737b7f0f2806c82,0,1,0,0,2,1,0,1,20,20.81
4945,c812d13a471d4f8ee346fb3fc61f3d7763484b94,0,1,0,0,23,0,0,1,56,28.39
4946,e5f3dd682fb8884a947b40b4348bd5d1386a6470,2,3,0,1,805,0,0,21,9624,1686.91
4947,4ac457a7bc909cc92e0a1a0cab21ed0ce6bae893,0,2,0,0,30,0,0,22,1399,214.8
4948,9b7f36b8cf521bcc01ac6476349a9d2f34be8bb3,0,46,0,0,447,126,0,387,17909,2916.71
4949,608025ae6755752de7d1a9f159ddb9e05c060902,0,28,0,2,105,98,0,271,12398,2188.39
4950,854f13afa16984ac60b7461d29909a8d48eb1583,5,13,0,2,151,761,0,15,2303,746.71
4951,eafc07a06d03c00e17bd476fa2b84ba7c8924b1e,0,3,0,0,20,0,0,8,1608,254.09
4952,621b33f2f9677bd30c78de0ada757b4349eb017b,0,2,0,0,8,1,0,10,1384,210.11
4953,092c91eb0fc2a6b4044183e9ece71dd03711045d,0,1,0,0,3,2,0,0,185,43.51
4954,3e777898aa8b93a581f1a82c2ee2a1fcc14c25cc,0,1,0,0,9,11,0,14,106,39.71
4955,f71b980d3715c94478930b614e63250ebb678899,0,4,0,0,15,1,0,9,1262,220.09
4956,9bdb81f0a1db308a8a452379455b6bbfe70ea20d,0,33,0,2,84,39,0,77,6241,1015.19
4957,9824eb7840aa636210f48d7d5969ccabd4e13af6,0,22,0,1,16,40,0,20,7060,1096.88
4958,45fdc0e83558f4400e4df567316fe1a5d9301b9c,1,0,0,0,0,0,0,0,0,26.67
4959,735fe2002995f8628a3c83ebbe8ee4a836a411bd,0,1,0,0,0,0,0,0,256,41.34
4960,8793383b66f06819b8d6d0070185d5bef29a66c8,0,1,0,0,0,0,0,0,1106,1228.84
4961,833feefbf977a8208f8f71f5f3bd9b027d54961f,1,10,0,2,243,142,0,61,1518,504.47
4962,38701ea8ec8c112f31548b7d9697810a8af953ec,0,1,0,0,20,0,0,0,12,21.83
4963,74adb11f4c504abbb6a52de72b53883ad7b952b4,0,2,0,0,6,0,0,2,331,77.27
4964,588b43b06ba9a3434dc2178b5b014283cc959d62,0,1,0,0,11,30,0,5,704,110.46
4965,fbbb3249d9ef6aa5bf12ca2abbf67f4a89c86c18,0,11,1,0,139,53,0,60,1309,364.05
4966,8261d84290b88b4b4609504096dc9dec3fbc788b,5,6,0,1,96,37,0,39,2714,655.74
4967,e05341d01d3d1a5bac08359babfdd9cfad05052e,0,1,0,0,0,3,0,2,102,28.73
4968,a4be1b84e497f25fcae6209d3d82837b47785e05,0,1,0,0,0,0,0,0,289,46.52
4969,2fb19fb95102a7d2746f32c5a5da03eaae142b8f,0,10,0,1,81,7,0,18,1735,377.74
4970,26b8b48b4262695d900207adc13b32af6ed77875,0,1,0,0,2,0,0,1,715,114.37
4971,a85cb0f89a01495897e513df37e435d013e152ce,0,4,0,0,135,74,0,24,180,126.16
4972,cfb0cf72d4b12a22af7a8267de8baaeef6dfc570,0,1,0,0,1,2,0,2,338,66.62
4973,aaeafca9206341761094b1bcd27580f3978356bb,0,2,0,0,63,4,0,0,945,160.35
4974,f7df0990c2d321cffd7ea2e20cb7b280d8cc9db6,0,1,0,0,0,0,0,0,256,46.14
4975,0f6faaf5fc60b7fb3ffe1a77cdd21430efddcc11,0,6,0,0,64,24,0,70,3690,554.79
4976,6b20a0f831b195c6f136a3decee61f1d80ebde29,2,26,0,0,240,17,0,191,15544,2432.57
4977,7c8aa2e963ad1200c74ad6040f554106c4c930c0,0,3,0,0,26,15,0,1,1456,209.2
4978,6bfa8ea977e991c372c0bef7faa49d6142befebc,0,6,0,0,68,0,0,5,1834,294.97
4979,9c37d5dab7a42db72a6fbe66d716dacc69d02188,0,1,0,0,2,0,0,7,547,86.44
4980,538388c2b59cd56dd41a63dabc9eafd8f743ca0c,0,44,0,2,294,125,0,85,9690,2836.51
4981,d3eedb24e1ebf56ce820ea77522b695350fada6c,3,0,0,0,0,0,0,0,0,214.32
4982,ca25a6a870e7a31fa2fd68445cb753aa34edb0a0,1,0,0,0,0,0,0,0,0,49.96
4983,825871431ec48036fd3e3cd9625c451b50cbe308,1,12,0,0,204,11,0,93,8742,1271.58
4984,fef78acf6534f6736c10d2054cf8cb479edd3291,0,1,0,0,4,0,0,4,289,64.28
4985,eb351b9ff8276228e725bcf58675ab75b640fbbf,5,28,0,0,96,20,0,44,10305,1665.49
4986,cf5ad96fcc2ac02889e8a96a5d99cac071e1f25c,0,4,0,0,76,1,0,29,1535,267.13
4987,7861e518efb2dc5d393b07079f4309a91b31dea3,0,2,0,0,30,1,0,7,1144,182.13
4988,4388fed83028325cfe75fc0a8787183db2a58855,1,0,0,0,0,0,0,0,0,27.23
4989,fd0bb89fdf67d996e8cc678d81c6acb799c2cc49,0,0,1,0,0,0,0,0,0,10.74
4990,37ef793fabc633557c994ab0ff8e6024d799d48a,0,1,0,0,0,0,0,0,298,51.67
4991,de9791e91e83005712cd276fce99f354a62c467a,1,62,0,0,1104,153,0,876,36924,5893.67
4992,8aeb3acaf959e2905191fd6c92fa56300f7d3597,1,1,0,0,3,0,0,2,99,54.11
4993,3f4427739d9ff698d39f2687f11f65967c67340d,1,10,0,1,776,580,0,175,26660,3712.21
4994,2c4934eda68e8ed1290c2e3fb50604c2d77bdf64,8,5,0,0,43,271,0,124,2267,747.55
4995,75148385ee5b2065992aea19a810436196576f20,0,2,0,0,8,41,0,65,3890,512.28
4996,3b56d2a0bc36f9dcb901bb709b8d9ae58df955ff,0,3,0,0,8,0,0,1,2306,309.35
4997,57319c536a136d331b925614417a8deba159ad8c,0,2,0,0,32,0,0,0,103,45.76
4998,eddd5739a14ceb5cfc9b9c7d2e357eea96bd9703,0,1,0,0,14,0,0,6,2235,278.22
4999,2f2faa68d1b158f3d44b1ea4f2ef832705933f3f,0,1,0,0,1,0,0,8,55,25.77
5000,7f4146bf4d4df84041b284a76d917d602b5531da,0,1,0,0,0,14,0,3,2235,1283.49
5001,ac175b1bd9ec3878f50458382563810142df032d,0,1,0,0,0,0,0,0,537,67.34
5002,1f830bea892df01bd657aeaab7d34926dbc372b4,0,3,0,1,26,0,0,1,173,76.58
5003,9d6b237ae8676750c97dad2b9d2655dbd43f67fa,0,1,0,0,24,1,0,0,536,77.46
5004,3d692cf044bc25327269328933299053ba19e2df,0,1,0,0,0,0,0,0,844,117.97
5005,1e6afa2f3c7b8515146e7bf2bce032f8f65da7ff,0,3,0,0,6,0,0,0,870,134.88
5006,a3f495f20d492ab491f2af4759b2aef5d5c3bd74,0,4,0,0,86,38,0,14,3235,613.49
5007,fa852c4ce68999cbe30e11820cbfd099d1c5cfaa,1,39,0,1,1626,236,0,662,28986,4442.08
5008,a8d325eed889a36266cd131b4d033a4c099fbc79,0,3,0,0,0,0,0,0,811,98.18
5009,c96df5e240baed7509d77f6349effe0777ebef57,2,5,0,1,71,48,0,5,1519,360.78
5010,16ed345191f5b0977ff34d80b34da700c41b624e,3,16,0,2,1256,19,0,236,8683,1750.82
5011,cfc131e4379b3ac4c9de83e63dda41ce4df01e22,0,1,0,0,0,0,0,0,998,130.06
5012,a98898cf417de71c7250acd0a1c107101c3bb487,0,3,0,0,57,1,0,21,840,172.13
5013,3e10e6e1a61aa2a481a1450fecb94bce23809dfe,2,16,0,0,703,227,0,248,18850,2783.62
5014,332515ed346e1ffc104ce3bac986bb7030747a03,0,6,0,0,153,47,0,16,668,218.55
5015,3babad30e6d1953115f432532f85a143eaf431ad,0,13,0,1,30,125,0,80,7531,1288.37
5016,e99091e97c374a026ba690cf9d6a4592f3c3fbdd,0,4,0,0,30,29,0,52,468,119.54
5017,f286797fbf063a929b0dc841c6071edb8eae2dd6,0,1,0,0,1,1,0,0,272,49.76
5018,b20675f5af2fa3806eb91be1b4506dfcec10fe03,0,3,0,0,31,1,0,13,460,103.78
5019,8f5dae471a9da95b144ecc15010028ba1ce7120c,0,2,0,0,17,0,0,6,69,41.31
5020,31f17b17f0e2d12550b97098ec45ab59c5d98d58,0,13,0,3,24,0,0,20,1861,1430.13
5021,03d8918142681d4c8abe40e8c8fb32307756d8a8,0,1,0,0,1,0,0,1,72,27.59
5022,229b0774c06a3adac1d73f227529f63a8b6d87e2,0,1,0,0,19,6,0,1,204,67.36
5023,9a311303a88d355f8c982d2f3cc77bd6427dfb80,1,1,0,0,104,0,0,0,188,97.52
5024,7af56998c5d42afc84ddf8c81126331715ef6ccf,1,1,0,0,4,4,0,19,1029,158.91
5025,21b366afe1fa73cfee5601db8c661049788e97d7,2,12,0,0,103,0,0,117,3280,784.79
5026,78da65c412076695d516a4afc196551db3eaa6ff,0,1,0,0,0,2,0,0,229,41.41
5027,e405017a31a9253e5eecdd5cc2ba43ab182e16a0,0,5,0,0,96,1,0,42,3688,556.11
5028,70412d886c647d3669827145f2790417fab6d9c1,0,1,0,0,31,11,0,3,1063,151.88
5029,d34620b8b661b17d55dd75d24e56c5a7ee661b4e,0,1,0,0,16,0,0,0,1549,206.7
5030,c651271f5759f39f282099999a50ab88a62d86b7,0,1,0,0,3,0,0,0,188,37.93
5031,1c957b65b16a8706caee140c18b84ea48a0dc0aa,1,1,0,0,0,1,0,3,155,73.36
5032,f670649f0e2cfba8a2112eb5c1d79b8b7f52c3b2,2,1,0,0,1,22,0,0,3,49.77
5033,85bcec3995c571f26e32ea035cf9d322fcbe1411,0,2,0,0,0,0,0,0,278,49.0
5034,d1619bceb3142f3ab8c134365e18a150fbd5b9bf,3,2,0,0,37,245,0,18,167,207.77
5035,bec2b0d320554b0af8c891fddc147a953f35765f,0,3,0,0,45,0,0,0,334,81.33
5036,883d6fd8e512b14c967d2f7acf78d2b1d40e40fe,0,6,0,0,239,8,0,57,5906,871.84
5037,fdb48a7bbeecf891a0fc74171961901fbfdb5664,0,1,0,0,2,0,0,2,22,18.37
5038,d58cce1694c22f8f895dceaaf2b2003f69d04ea4,0,2,0,0,48,0,0,7,3570,469.69
5039,dd78f459e8f10e4587742a049e38d8c6b50dd0cb,0,1,0,0,0,0,0,0,891,105.09
5040,70ecf18817ef219389a9e024ff21ffb99b6615d9,0,1,0,0,0,0,0,0,347,1053.7
5041,4980bfe642ef256eb9c31ff8927ab6f77d110d95,0,3,0,0,59,9,0,39,4626,709.18
5042,d66f88134cfaf93eab50c5d5584f1e36f519c98c,0,1,0,0,1,0,0,1,21,20.84
5043,d2e64032c668da2ce441e28a63e896deedf86e5c,0,1,0,0,0,0,0,0,22,11.23
5044,b9f8616177ecd9425c408b560be54f08a2f1e84d,0,2,0,0,7,0,0,19,988,146.71
5045,0c63eeb5115e7ec538b2d747b8735cb37bae2e69,0,1,0,1,0,0,0,0,0,16.63
5046,daed00fc98167870463e77b620e9adb6ce9b204d,0,1,0,0,0,0,0,0,41,13.87
5047,3897ab05a4630d6351853e17d82944fddd64e664,0,2,0,0,50,73,0,30,3373,461.77
5048,5dfcee0871f13b2657e815aca08416b4bd9d7881,0,2,0,1,12,0,0,14,210,109.51
5049,2124d3df7070045fcd43bffd7b6036dc91a11b40,0,2,0,0,34,0,0,15,231,66.28
5050,9899aab12b419144f7f8a8280bedbccc68ee7452,3,22,0,0,213,108,0,413,28518,4025.47
5051,0d6cac9b1eaa311ee34c84ce00f1a24d4f98d823,3,1,0,0,0,0,0,0,20,72.15
5052,d55405a7cee5747af294c0784e02dc41ef379521,0,1,0,0,1,0,0,0,30,19.98
5053,464e7ce685486e3ede13ec2351b45b0a0b65696c,0,18,0,2,81,65,0,54,3885,709.73
5054,d1ca560ff72bd97faa94fce025bf126702bbdd1b,0,1,0,0,38,1,0,9,3144,411.51
5055,0bdab85b065bd0876152ac30c2ec6d08adae8006,0,3,0,0,7,0,0,19,601,106.2
5056,55f8f56ad28f71a893acb1e5993689499134a018,3,3,0,1,21,4,0,24,1277,288.74
5057,74837d9b1f13b42415395e08ff168aeed0c21676,0,3,3,0,4,21,0,26,1277,221.06
5058,47ed5cd7ed0da2976ab6bf10dec3816fa724bd55,1,11,0,0,268,30,0,38,4009,724.6
5059,45711ebaafe938dc10c97b167c007f64ea492d03,0,2,0,0,21,14,0,18,412,97.27
5060,dae8f236dcb20ed6e411777f69c362aef72ec390,0,2,0,0,81,2,0,43,465,1069.63
5061,8b4671c10e64f7b6fdedcbac7f6f9de3942f79ba,0,4,0,0,103,43,0,0,1006,212.1
5062,be2ad98b1c159c9804f6dd43a69ade49a67366fd,0,1,0,0,19,2,0,0,135,39.02
5063,6d4a4a48fe90b889c39e3ed42448fc7597a46973,0,1,0,0,16,1,0,3,16,25.28
5064,4ac42a2f56b91ce864d1bcb04f1f9950e527aab1,0,5,0,0,264,16,0,44,4409,994.47
5065,9159c82fbf6bf0b31eba58095eeca33348e2c389,3,3,0,0,21,5,0,24,1276,252.44
5066,5845f72ad60a7a7f5a04c01b68d841c78c38f79a,0,6,0,0,0,1,0,3,3896,605.7
5067,95fc53f1056238e0b5f65df7f3015f2aec3d0a20,0,11,0,1,292,93,0,64,3303,680.9
5068,948746ce4ed3bd174927c41bd4884cad70d693ef,0,25,2,1,479,397,0,67,11986,2163.48
5069,fb5e6b3f75ad29ffebeaad1fac4c4fdebd69684f,0,1,0,0,9,0,0,1,894,113.2
5070,5025d3aa91d18310fc4d738114ee2b58e48c46c2,2,9,0,0,137,9,0,16,8448,1235.28
5071,9aa8f0672ea24dd336851cd0e22a26fe775f7720,0,2,0,0,3,0,0,16,154,63.1
5072,be25b0d595371e221da93a1b734dc696d044c9c8,0,2,0,0,23,0,0,0,203,67.07
5073,21b27c865087580d75f08819144067308c4fd80c,0,2,0,0,0,23,0,0,203,41.53
5074,9b53a1c214f87bd0a38b12e8d308e7e3bde6de84,0,19,0,1,2604,829,0,319,22034,3644.93
5075,105f9b328221eef30c61a36593927be9a61200b7,0,1,0,0,0,0,0,0,3331,410.49
5076,eeb8c846d99970f590c695d00732f8c4f02defda,0,4,0,0,44,16,0,52,2035,358.49
5077,cbf03787ea04da8d1c2ceef8fbb4ccbabb7d67ed,0,8,0,1,86,6,0,26,4381,710.95
5078,29104da0139cf05357c001e5ef52190ff04ee561,0,1,0,0,2,0,0,0,27,19.52
5079,7fa1a6b968bfde4f165d69a3840503ab0565349a,0,2,0,0,4,0,0,2,889,143.95
5080,abe3796a9907485c875932caa5f1c82071495c0f,1,15,0,2,664,174,0,628,23586,4877.78
5081,b436db7d70c8a90b0167dc0e0120f503efb37e3c,0,2,0,0,1,0,0,5,1236,174.82
5082,c938267db3bfe95908f97397f64ffc50933e4343,0,4,0,0,1,0,0,0,2067,269.47
5083,ff8840acc3d3f258c933c91b275922d6528b6893,0,1,2,0,0,14,0,0,187,67.22
5084,ba6345f7d15d540943825a2b6f2d2c2177ad1c8c,1,9,0,0,679,168,0,657,21152,3110.79
5085,d45efa72080e9b7ce77c69d1bd8e812e7ef1b698,0,2,0,0,21,0,0,0,228,57.73
5086,3509cc21349cdc54d9aa22f5534207920e8100ff,1,0,0,0,0,0,0,0,0,28.35
5087,1cc11423795723b119bb6ac86076d64dcfb46c67,0,1,0,0,0,0,0,0,37,12.6
5088,d2d4ef14f43d48bb37fc53b5a5ad02265a2b1ac7,0,2,0,0,9,0,0,30,652,121.09
5089,aedd0ebe9b8d1968f7d91772b369829e00606087,0,4,0,0,58,30,0,10,2149,330.67
5090,0505b7941e175d86004daf9a31ef5ce240d4570f,1,1,0,0,8,4,0,0,34,63.27
5091,b7e2daa1dbae67aa7148acdb66a8f131a224d7e7,0,1,0,0,0,0,0,0,42,18.98
5092,2b08653a79a8ed0ae8501a110b79f9ea23e808d4,0,1,0,0,0,0,0,0,3717,476.37
5093,bf9e32d59d65afa6425f03e488959c8883038801,0,1,0,0,6,0,0,2,221,65.68
5094,65ad19ddf7848dcc811b7968fb31fe6fc05885d8,0,1,0,0,0,0,0,0,347,53.13
5095,7b7b0bf9dd08950b314ea60cd2b2d24deff8cd15,0,1,0,0,1,0,0,11,3717,503.39
5096,7a08ad9df8602bc99848489cd3d734b426aded48,0,2,0,0,3,0,0,0,446,89.03
5097,f9a17edc252a88c5a1a2c7764e3f9f65623e0ced,0,2,0,0,92,88,0,20,573,145.99
5098,cf7ef936d20b98482a48926a194772c66d3234c1,0,1,0,0,134,71,0,21,332,92.96
5099,27cf749af884edae55454c885c7fb066f0a33c79,0,3,0,0,0,3,0,0,130,41.71
5100,2bf904f216ab8315c37a65e4860f51c526a3b654,0,1,0,0,96,0,0,0,83,1051.24
5101,6a95dd35511f4216481d8d0ffd4952ed1893a1c4,0,1,0,0,15,0,0,10,1392,193.63
5102,64589abe9936337fcbccdbe82e538d05020c8ee4,0,1,0,0,0,0,0,0,3,33.77
5103,0d766544166fc9630bb00ae14a4a34a69d93f127,0,1,0,0,0,0,0,0,3,35.16
5104,4d5a11e082e3b18100bb533626b51ebefb62fc7e,0,3,0,0,128,87,0,69,3513,528.58
5105,f57dca5e1b0b5c8491e2398e2b26717b480612b1,0,24,1,0,82,179,0,56,9500,1597.19
5106,753ceb6e7641d2b5b2e32d51742bc5246aa48b90,0,1,0,0,3,30,0,53,392,82.42
5107,6d4460341e0d44bfb574180369748e17fbe5f5a1,0,1,0,0,0,0,0,0,99,21.38
5108,f4eb7191be66ada04c94cd555acbfe34efc350c1,0,1,0,0,0,1,0,4,465,68.83
5109,a9b73b600e551749358a61bab27588e9074132d9,0,1,0,0,8,17,0,8,237,69.49
5110,b5c4d9a04f7a3c44728218b913593fd46495f094,0,2,0,0,23,0,0,4,258,65.37
5111,6e9ded51fb2fc4c3e63fb0da5030246f3466db71,0,19,0,6,56,12,0,7,7772,1435.84
5112,5459008ccdc83f09e6d8d7ec90144dc120e1a084,0,1,0,1,0,0,0,0,0,17.83
5113,80d230e1fbeac24d3dfdac8165e24f35ec26f988,0,2,0,0,33,1,0,18,1200,175.48
5114,fcc09dcd38b8543a9dd40212206cb4231620dac9,0,1,0,0,36,0,0,15,1335,201.55
5115,e78aeb24e0cf9d27bc9a8ed17708567e8668a38c,0,1,0,0,6,0,0,8,165,44.41
5116,62d47e175c7c36dc2bd6b225d03978cd6303fc59,2,54,0,0,99,116,0,174,19556,3080.95
5117,227ace9100043613a014d897dc78e97cc214ffac,0,2,0,0,60,4,0,10,925,163.57
5118,8579c6dd49f2a1b17a4a2670070eb23ed644b21f,0,16,0,0,25,1160,0,47,4045,659.61
5119,5a58116bb531f0b256fdbfcabd3fad20663170fd,0,7,0,0,35,156,0,188,2671,456.57
5120,50daed268eb964e09a023d30fe8880441442495f,0,1,0,0,0,0,0,0,0,1045.85
5121,5038fc76c950029c78681dff816d7465f6acbb91,0,2,0,0,106,104,0,131,3580,525.4
5122,578df6dfc04b4a97e911478f546a94ff83f4550e,0,25,3,2,143,182,0,73,11750,2048.0
5123,ced0e324a190e75d8a93b8b09676781853819361,2,7,0,0,10,114,0,417,18382,2615.87
5124,bfb04d26a757aa146c180710545b11856868f08a,0,2,0,0,10,11,0,10,974,166.16
5125,3815a33e3400cee73f63e205afac8f1a2d9c174f,0,2,0,0,3,0,0,0,4533,650.4
5126,61f4ce68801cb310cfa48c0a85dfafe000bcdd1c,0,1,0,0,38,6,0,51,2282,301.23
5127,ffdcc0095232caf7dc98448abb6ff57b0333e962,2,2,0,0,72,48,0,2,121,184.1
5128,619d34487e4426e9405c7c479b89b93869f283dc,0,7,0,0,21,17,0,48,782,186.73
5129,452ce33ef5d76dbb28628fc48476a94320e4af8f,0,1,0,0,34,0,0,3,210,53.07
5130,e156ed619c1e79055f9832456e6523ec6a2ae085,4,15,0,1,101,581,0,81,10444,1905.57
5131,9b2b0abccda2e8fedf17a4bdd3456e95f9c379ec,0,1,0,0,9,0,0,1,1034,191.82
5132,6415742c3757ca72080ca63372d1a0f82ac7607e,1,2,0,0,6,1,0,9,1604,298.76
5133,f1b53d71b8d65244bd7aca2f5b557752b3fc28e2,0,1,0,0,40,5,0,49,745,137.08
5134,874aa9eb85077a4e5ab42d06820692ed379775ca,1,6,0,0,136,0,0,267,7879,1197.29
5135,485800830a58da1af31beaac859d99b56d823f99,0,5,0,0,46,11,0,9,2976,663.44
5136,a609e5e10748db758d91826058806723f97972da,0,1,0,0,0,0,0,0,3368,445.7
5137,d3ed23ecf4670569270ce7f907bca50a39927495,0,1,0,0,0,0,0,0,0,21.05
5138,5789779affcec843657156e4e15dc8baf221d0d5,0,1,0,0,18,0,0,0,44,61.87
5139,f210c2ebba31dd79ffdf819a2c5e45dcd5a36ace,0,1,0,0,36,3,0,22,1078,158.79
5140,5b25a48e7f33ab6e0aa72935462abf4f0e681b77,3,27,6,0,164,73,0,118,6480,2794.17
5141,319666ca5357914dfc3ef6bc83e6ff5f50cd4678,6,27,3,0,64,52,0,70,6592,1421.71
5142,3a2a29616cbe218068518a4a7808039efb087032,3,27,6,0,52,64,0,64,6592,1267.31
5143,6c22333599b9910314f57d0b6a580fb69eb7aa2b,0,14,1,1,82,11,0,71,5017,803.63
5144,e252c30645d416697bbb22f1ca20846b3256a92a,0,3,0,0,111,17,0,19,1958,300.47
5145,8c740f43093671cfd4cc2b1052d8556e0d492c13,0,2,0,1,3,0,0,0,180,71.57
5146,b6756b39c2ff5675f96a6e82dc4d68ec437f01c4,0,2,0,0,6,0,0,1,149,51.65
5147,8c707499baa2a5472680f98b19356bc1e104bcd8,0,2,0,1,20,0,0,0,48,41.13
5148,d5e81523f719d54e44d24cf6ef8112355aa6281a,1,1,0,0,14,11,0,0,76,77.84
5149,9ac3c5f16d8e207d68ce4c2e3ad0157532009f94,0,1,0,0,8,5,0,22,460,76.79
5150,fe389d1f194c47742fba91e5e3424bb2c0eb0fce,0,2,0,0,7,0,0,0,454,84.32
5151,a9d7c49a59087008986334e8a9e4d0d1f5115acd,0,3,0,0,20,3,0,23,397,107.2
5152,682a29a57f73b836859b3d3e1048fc82d64e8fe3,0,2,0,0,31,2,0,41,3100,401.69
5153,e2a90a71143f480621ccd935a0b9477d7ee4016f,0,1,0,0,0,0,0,0,131,28.14
5154,80dbf06651e527ec0421ce51e4712ffb2f1d078b,0,2,0,0,2,4,0,31,1141,200.69
5155,1deadb60d1a684cbc1a45cfeb6eee176ad93958f,0,1,0,0,43,0,0,5,277,63.17
5156,6eeb5b38e135b54bbe901ef3bdb8bc8acbeb4129,0,9,0,0,9,44,0,21,3016,430.36
5157,6a6e3f46fde83d602e2d25cf38bff32c770004fc,1,9,0,1,2793,86,0,1228,32331,5547.3
5158,7f5383368b459913129bc13060e53b5cbb5d4e77,3,3,0,1,631,0,0,23,2662,941.61
5159,ed703762aeebfce9855858834a3fa6a4f51a8977,2,6,0,0,120,45,0,129,3337,759.42
5160,57c70f0af8399d782fda05a6274227c26b811482,4,5,0,3,3088,0,0,5,3332,2589.7
5161,f6512065c2ee84a9c5af7d03f674c57c978b0b68,0,6,0,0,179,21,0,1051,32552,4796.98
5162,66f7bf461532423d92be4e57a26edc2e13a7dbad,0,3,0,0,46,0,0,46,2119,302.93
5163,3cd929eea253afd632b6def7c24df434872a2d7d,0,1,0,0,50,44,0,3,21,40.41
5164,eba8a708a578e47a3fad1b1c0dbae4937c536bb9,0,2,0,0,60,34,0,7,588,127.06
5165,1890bffce3919bfd6fbe143eae99bd3c0bd3b829,0,1,0,0,0,0,0,0,1148,151.08
5166,e994b491aca8ab2edeb60a328c690ddbc88f8b51,0,4,0,3,0,0,0,0,735,270.15
5167,4f151444b58ae85b93f76254961358932e0ffb9b,0,5,0,2,58,20,0,36,932,218.02
5168,679e0e8d2efed297e5b44d17c69952372080b328,0,1,0,0,0,0,0,0,887,127.77
5169,e9da064ccd8dd3c64d99e0863e36cdc1236779f1,1,1,0,1,3,0,0,0,3,53.14
5170,ddab4726f6675943fc31b697a3d974bab74cd9ec,0,2,0,0,46,13,0,10,4915,695.72
5171,d75326a7974881a41993e210b9c5b7d4b0fe5b8b,0,4,0,4,23,0,0,3,849,371.77
5172,4788c6d1a8cd4b6f31416f57e757bcd8738b4772,2,6,0,0,902,28,0,192,8201,1444.5
5173,d314f7d9e018ca8a67e0601a2de9b2bd0a08a5dc,0,1,0,0,2,0,0,2,984,132.59
5174,14261bc9e515bbaf2fa40f5779cb83a3372f0e57,0,3,0,0,10,0,0,30,3655,465.15
5175,2c5dc53a32ff61aa52890fc89158cced36186b55,0,7,0,0,79,0,0,23,2425,384.87
5176,3ccae37866bde3783e1866ce92026a9410860515,0,1,0,0,0,0,0,0,250,46.76
5177,66e55ff38898560385dcd7406e805ed7fad2f000,0,4,0,0,30,1,0,64,2785,387.82
5178,b7abdd61c9058967aeedfeaf0a6a6f5499b99ee8,0,2,0,0,14,0,0,6,429,76.27
5179,176261af788dd4cfb9709b046f84ab67b18149cc,0,2,0,0,33,6,0,11,168,64.95
5180,3baab26d0b8e70ca99ac00bd79d7e6683fa0a2ca,0,1,0,0,1,0,0,3,37,1086.19
5181,3bf69761e172163df320346edfc28f10d4fb9da7,0,3,0,0,7,0,0,6,2830,394.25
5182,702aea5b38ed6ad0942b0c59c3accca476b46873,0,4,0,0,39,0,0,9,1900,304.52
5183,eb82b8b3098d6a9ac62aa50189f9d4b289f38472,0,1,0,0,1,0,0,0,201,40.27
5184,0b4e32a206df7836c5437f7284d63276c17a45dd,0,1,0,0,30,22,0,93,3346,434.07
5185,2ba4c4eb9fe568b962f9d71de829531f51c5375b,1,1,0,0,3,0,0,1,95,37.82
5186,4e0de088c5f2fe13ea12219ffa4b85bdb7e26553,0,3,0,0,14,13,0,47,4363,580.22
5187,91ab1086d62e0a2de5ca8fc65e98ebcbafc82ba7,0,0,1,0,0,0,0,0,0,17.25
5188,afd7a8f4742ddbc575b45fc141a75551b55c56f5,0,4,0,0,95,3,0,15,1293,262.32
5189,23960207527b685609cd01259efbeb98f077b209,0,2,0,0,8,0,0,4,362,67.95
5190,2bf8cda4f68940909e9bcfdf8ae41cc751a49c7d,1,1,0,0,1,0,0,1,97,40.74
5191,ad2b1d8467ba2e79a6775f879bad527d832b3785,0,4,0,1,34,1,0,26,864,188.15
5192,a4202879ad12d797d8c05f3174b824e06cd74279,0,1,0,0,10,9,0,15,1021,144.09
5193,bcb2a279c49213bf4eb90a7602a01ff5d0810915,0,6,0,1,10,5,0,64,5166,693.2
5194,a4fa930843896f6c134fe9372e75e79b03611d73,0,9,0,0,37,15,0,30,2424,372.68
5195,40a80c1fe0b4cf8d64ada406f256e0e289bc9ebc,0,1,0,0,0,0,0,0,0,9.95
5196,4c97d4b244c854ddbb302ecf733a8c4890cd4b69,0,1,0,0,0,0,0,0,479,63.52
5197,b5fb861f76d917010b56113b2d2d201c0292ea89,0,0,4,0,0,0,0,0,0,27.67
5198,0415649f3dda70aef9d7196987d341d11c5c1973,0,2,0,0,14,7,0,14,244,58.03
5199,ba6ba16bc008e3b9bb8dc4b1674891e9e2313fc0,0,9,0,0,8,0,0,1,3224,434.86
5200,807142024f37a117d2ba8a76a274ce0dc64ba075,0,2,0,0,20,29,0,10,1584,1353.66
5201,75507af9f80716a2dac2dd3d1642d70373976915,0,1,0,0,0,0,0,0,1278,174.38
5202,d5ff2b587ca613ccba206269261b4c22a85f4b6c,0,12,0,0,31,31,0,88,5538,824.58
5203,84dd84fc581d2984daf5e523276b76181c1de5e7,0,8,0,0,260,186,0,1089,32637,4633.65
5204,79db6293236ec807dc430d2ada9a6460699b63a3,1,0,0,0,0,0,0,0,0,51.6
5205,2759fd0cdbb8aee928819c9d7306bb61c94126d8,0,1,0,0,0,48,0,2,512,81.28
5206,75bb815d9954e538488c4c549f7261b5be80551b,0,1,0,0,0,0,0,0,986,118.01
5207,ee562faeb3cd0b7a49a1319fdc775f1d43e32341,0,1,0,0,1,0,0,2,844,113.52
5208,5e3127304d65a7d0ad1abdb14c63cf1cbca0d391,0,1,0,0,4,0,0,6,676,106.82
5209,e2f7508afda159293e05c0777da345145fb74bd0,0,3,0,0,9,0,0,7,1179,180.41
5210,167f0f0480bcf862766670ae10cf5da8c0627a26,0,2,0,0,0,0,0,0,99,27.75
5211,4120f657b90906f4c68f8446ddfd8758b2f39453,0,1,0,0,3,0,0,5,73,26.14
5212,3a9c2b0c5510c499371e9f387fa85c5fdeb76628,1,1,0,0,62,19,0,6,672,137.21
5213,81e793e582f93af6edf53620d49de6fa4bb21a6f,2,1,0,0,0,0,0,0,670,143.02
5214,2ad411414901cd10cae220a510db41f45d9ebe12,0,18,0,1,149,123,0,90,5626,951.69
5215,ec51d7b2e600fab2c3490e794dd13e27ec1cee01,0,18,0,0,0,0,0,0,5775,797.18
5216,235dc9734f032945331c5a4a03ff2d69d170669d,0,1,0,0,6,0,0,9,146,46.38
5217,d50d6d967d470d9e7800a6f90dd0a40f713566db,0,19,0,3,15,294,0,488,4931,1011.82
5218,6399cd2c450c6d7db387283fe45e2c1622927cfc,0,1,0,0,0,0,0,0,82,22.05
5219,2e132db85c49373b4086f4e4f7b39dcf2972f24f,0,1,0,0,2,0,0,1,1371,195.47
5220,8bffd45bd50abd36c196f6d79ced5d8ba1cd2042,0,1,0,0,1,0,0,13,104,1076.9
5221,1c4b47f856050796f491db3671349aec3220d237,0,2,0,0,23,0,0,0,1381,202.17
5222,a4799acd6bc6385d91709aa16fe3a1cbba9b6320,0,6,0,1,40,2,0,4,1053,212.7
5223,92e66ef5222391d106bc8adb7afe7d96a7dafac2,0,1,0,0,0,0,0,0,115,26.72
5224,1fcee86978b20ac82647b5213eae389a38735cce,0,6,0,1,0,123,0,1,174,100.54
5225,c3f83a9eff412d8339f1b9fd40fc0a4117185d2c,0,3,0,0,28,0,0,9,184,80.19
5226,bbae9f382613aa821550932d5cf34a4d3363e399,0,1,0,0,137,145,0,7,70,72.97
5227,70b5c9790325ee5129ddd75b5ee3ac72cf6dd244,0,1,0,0,18,0,0,3,82,36.21
5228,c90da7a81c2ea7a3d546fc2008ef80696ab61929,0,5,0,0,174,14,0,17,1112,264.78
5229,86b91997d0590fcf00634e9e90216e77da607fd2,2,10,0,0,94,21,0,25,2372,495.27
5230,7bdacf53f41d7e3c6c6698c5d20fdcebaa10a1bb,0,1,0,0,1,0,0,4,1172,168.2
5231,5732bdb483d6c6882f26a33a247f0544329745eb,0,13,0,0,22,59,0,43,7459,1092.49
5232,8e5a1832562aa9b5c12ddcc1949cbcea33ae85cf,0,13,0,0,0,0,0,0,7481,983.62
5233,315f596798d78d54c09d9d6b3c5751548cd68468,0,1,0,0,3,6,0,0,193,40.93
5234,17b6f59a98b3851be64bee07b5fb3624ef2eb210,0,13,0,0,6,6,0,2,7475,1060.58
5235,b03ff8ccca5786c742098d5bbf6ce06df37e40a4,0,18,0,0,0,9,0,0,5766,801.35
5236,9e131dfa8e1303306bb064aac489d8df43b8459b,0,6,0,0,102,37,0,996,32191,4769.3
5237,89688d4a43f241a8e98d277f9cd7f1b20eaf68af,0,1,0,0,34,0,0,71,1233,176.64
5238,220ac141bfcea7798faa5f73295ec61d8b173af9,0,3,0,0,18,0,0,8,190,66.27
5239,f7c3a3dd55c6adae51840d052434f8daf64b269c,0,1,0,0,0,0,0,0,3,33.72
5240,9ba7337ac82d13b22a1b0c40edaba7873c0bd795,0,7,0,0,54,3,0,25,6936,2028.71
5241,fec091a8073ab000e47120c244238f1b3642d560,1,2,0,0,32,0,0,6,3586,520.67
5242,3a1e101dcd4cf0e7149c0d8b1c13f96adf04278e,0,1,0,0,15,0,0,45,205,54.37
5243,7f2b33dbbf90474a8f73e4d38ea8f6817ee3dcdb,0,1,0,0,6,3,0,2,91,35.79
5244,a1c94c0bdfe31d2d2435a135fc2ff1d36a979e13,0,1,0,0,0,0,0,0,334,47.76
5245,1bfe3879566266a4e2fcd708934c94607163d295,3,4,0,1,1892,271,0,32,10440,2189.06
5246,bc189d0497e4052159242b9a358e8d6e2f4a2f2b,0,1,0,0,11,1,0,13,386,68.2
5247,901714d75dd6da9c3b7dca3f48046119c6f08905,0,1,0,1,10,0,0,33,510,208.2
5248,5e7e626ef54ada9e75b18b31bb49e23b22ae9fe9,3,10,1,2,29,22,0,15,1234,375.74
5249,353b046d6c5cf028ed509d238eafa46b6b3ec7a3,0,2,0,0,49,3,0,0,621,150.54
5250,ed5ac65f22c06947dfda56ac163502ca2af45998,0,1,0,0,0,10,0,0,5,12.87
5251,dc72dad7cd5214f2dd416b89e4bfa1c83625aff0,2,10,0,0,378,16,0,442,22219,3279.07
5252,0ef4a1088224b6fa3a2c85ef1d4efba6b7b48673,0,1,0,0,1,0,0,4,67,28.61
5253,132573792dc4947f2d7846f9e8093c9227c189da,0,2,0,0,15,0,0,0,547,116.46
5254,6529d8833d965fb201b9fe6927eed425bf31607f,0,3,0,0,3,0,0,3,2279,354.89
5255,4cab6963b0c21b480ac23ff45f85925cf878ca8c,0,1,0,0,30,0,0,9,2331,374.51
5256,a016b23e850208dce9e7a85f9b6cf748411d80f4,0,20,0,1,174,173,0,75,3397,784.7
5257,e2e9ea5bd5657f68606e9835d8de95180e4358bb,0,10,2,0,16,211,0,458,22386,3054.66
5258,eddabdd353ba07020d60a3896a36f97b2b361e7d,0,15,0,0,135,30,0,444,18862,2553.31
5259,5e06ede3f7860ed47c7dd38f889b3535e757b257,0,6,0,0,21,24,0,54,803,178.09
5260,5098f365b4071ab860d6850df792b4200b92c197,0,3,0,0,0,0,0,0,63,1141.23
5261,6c3fd34475fa956deb570c92d55a3cc08c71c5f0,0,34,0,7,79,23,0,26,7593,1425.79
5262,cb1ef915df5be4d1be2928cbe84ee9c00c5ea2ac,0,1,0,0,12,0,0,1,92,31.0
5263,e1e8434340f02907976f20566c3e55d8d627d4c4,2,10,0,0,211,16,0,467,22389,3137.65
5264,a9cf353c7581565394eaf2e96c9f99bd829c98d8,0,1,0,0,0,0,0,0,338,74.82
5265,132f65ea1f7b4681809dd5e545b3b3b802f0c469,0,4,0,0,4,3,0,17,600,127.0
5266,c2d73f02ebd8510d42862a15e2fa0633d76136e1,0,3,0,0,6,0,0,8,5497,698.0
5267,7662980798c82a239c4d446c290595836ed3a456,0,1,0,0,55,31,0,21,1247,294.4
5268,e93e1ea73c6ce5f632636c613068ddd877ebb60d,0,2,0,0,2,0,0,0,523,85.44
5269,5428c9fdd3517889e80b80486010d6b6ceb698b4,0,6,0,0,140,3,0,13,1370,312.86
5270,d45e0a7d41923c132985ea207dfb72feccded7a9,0,2,0,0,99,3,0,30,2193,345.02
5271,6388b3baf68f399f2c83c99da9687fd1cf4dcf66,0,3,0,0,11,1,0,0,1528,224.78
5272,942e09b71eef5bd9fdb1c8711125c4bc1193bcdc,2,4,0,0,78,0,0,3,2441,406.47
5273,f0a1ca4a6f176dcac3e82745ae7d536cbef04d94,2,2,0,0,125,17,0,12,236,185.92
5274,ef18d75d001370ae43a6462491b3aae7ccce0703,0,3,0,0,11,0,0,5,3743,490.79
5275,7de4881e3a6a18b00a9d14e24c6aae7f1b64919d,1,4,0,0,122,26,0,6,1689,303.02
5276,cd9c6de023aa783d92f9653301f1c944d95f2e10,0,1,0,0,0,0,0,0,1034,145.55
5277,b31a6acf4c24d55ac74eaf4d669a33078e27ef89,11,29,11,1,364,96,0,41,6042,1788.33
5278,4aa7209826ae42e47089fd20747d014183fccb6f,0,13,0,10,642,195,0,20,3087,1026.22
5279,e61bf1bf2582cad20c54585ceea21ec090984c1a,1,1,0,0,0,0,0,0,831,128.06
5280,325614220f1c208b0846001f903888660096cdb1,3,38,3,4,1136,155,0,123,18487,4292.53
5281,9d3422ed16004da1b0f9a874a98bd140b46b7a6f,2,2,0,0,8,1,0,10,611,179.21
5282,a84e829e127865a5fc3d54db9d02f091fc89f97b,0,1,1,0,11,0,0,1,198,52.09
5283,f35b6c6b77f82499ebcc5eb5843e046014b2f35b,0,2,0,0,30,0,0,5,4970,715.06
5284,d86f2fa3b21bf177756f2d923cce817e86f10adc,1,14,0,2,34,21,0,34,2920,554.23
5285,62b5e578a8bf413117474816a0d24efe9be4577d,0,1,0,0,1,0,0,7,354,51.84
5286,8ac8fb4476b32d156f155d40796183c8d7cc4740,0,1,0,0,12,54,0,0,595,110.67
5287,ee30d050dc9112bc74eb02452bd9b3699d278f07,0,1,0,0,0,0,0,0,282,38.2
5288,b5641d8edf7c01c73cae006790e4482f8112dd4a,0,1,0,0,29,30,0,4,1325,211.87
5289,7693e15b2b34c7caee2cf00887601142b513beff,0,2,0,0,53,17,0,22,1106,167.64
5290,b7c0ac7cd7bebf78e5b6ce14179223fbb653e4c7,0,1,0,0,2,0,0,1,62,24.62
5291,de01553bc480a13b5a9a3c788ca065724522ddae,0,2,0,0,1,0,0,0,3742,467.82
5292,722fd17069a302f4de12c22212d54d80bed81aed,9,6,0,0,79,108,0,7,592,440.03
5293,e8e5a9f6398f5a99f1d89be359212a7a4f1d7b05,0,1,0,0,1,0,0,3,1380,276.11
5294,bb62d5b2e8db1677568723bb8d0d8ea4fd2c6f46,0,5,0,0,15,0,0,1,1872,290.6
5295,47a9ff5d1f4f90fe9ddc05a478cca0d4f82fd30a,0,2,0,1,0,0,0,0,64,45.5
5296,fef6d7f48c81d63b12be4f53031bdbf208635cac,0,8,0,0,31,4,0,14,1773,289.42
5297,587b0b4f20bdc0415b6541023e611b69c87dba15,0,1,0,0,7,0,0,7,565,83.42
5298,9f43a3bea6a996a93f3c960801a0200b52419b34,2,3,0,2,82,27,0,7,190,168.74
5299,13fe542bccea2ac70f052017ac71b99b10dbcda1,0,2,0,0,161,8,0,11,1521,290.25
5300,5c16b34e32256b2ca4667f1bd98a8bf7a8489a15,3,16,0,0,64,132,0,91,13352,3019.13
5301,fe5712f9b4ba9c031042d861a41592183775f98a,0,3,0,0,5,0,0,8,2121,308.55
5302,5f92b91e60c6217e668be596d99065de1a0e276e,0,1,0,0,0,0,0,0,1086,147.27
5303,c19bc6d6e0dee4b60f45350ab7561fd15cfead7d,0,1,0,0,0,1,0,2,1085,140.33
5304,ba348cf5a575d927da186f724406747d67a7c218,0,1,0,0,55,0,0,0,244,62.79
5305,487e4aa74fcc6ef4201f6ffdcfd1a7169c754562,3,20,3,0,230,123,0,49,9432,1467.6
5306,6cc42c8cd16d01cded9936bf53bf35e6e2ff5b66,0,6,0,3,146,13,0,17,1800,409.24
5307,14fe23254a78c52bdaef0da819268c8b405059cb,1,0,0,0,0,0,0,0,0,37.78
5308,4713fc6407450825b1907c833ca60d0cc604b5be,0,1,0,0,9,3,0,8,741,112.21
5309,26893aa451215ef0395b7df16f129414b7b86c86,0,4,0,0,74,11,0,10,1600,274.05
5310,bf3924ed054a7ee05f1214af9cd695d3c036ec3c,0,3,0,0,89,7,0,24,3909,519.22
5311,3ada2345d6a50f26de85cf79b0671f906d2742e0,0,1,0,0,0,0,0,0,420,63.89
5312,349cbe102a130b50852201e84dc7ac3bea4fc1f5,0,3,0,0,38,0,0,20,1660,384.41
5313,399fddddc34802aa755e28806548e10181e5fb92,0,1,0,0,20,1,0,6,1608,218.14
5314,faefb9073f388663df91d0ef2db24b00d6512519,0,1,0,0,10,0,0,7,276,55.83
5315,7595bdfb1ac29e711047d7b45da6a74b894d6bb7,1,18,0,0,76,129,0,44,6992,1100.91
5316,293506c7cdef3e866c75a7b92558a423eb804d11,4,2,0,0,43,2,0,2,1427,528.99
5317,0a227b79d6c92443752a2a0c53514cb7ef02f61b,0,35,0,6,9,96,0,22,9921,1561.25
5318,f51c79076d2d4c87443dc04bc154c57093dade68,0,1,0,0,0,0,0,0,155,53.19
5319,dd086bb22f3131680f1e629d7280ecf1978efe7f,0,1,0,0,0,0,0,0,68,22.98
5320,cba9ea61ddce7f592c2c43ffae9bac5fa0464448,0,1,0,0,45,18,0,1,123,1086.33
5321,84a50393ee56d09abb68f54b44b64f5279bd33c9,0,4,0,0,71,0,0,0,198,62.69
5322,5e6373e8ecfb99bc53860fb153dd4bc7772c911b,0,35,0,0,0,0,0,0,9930,1329.71
5323,b16293b5e2d19b5d5d22549a111cda3f1e6ad55a,0,35,0,0,0,0,0,0,9930,1357.04
5324,2e2742183fac824dcf19c556fdc8ae1da326ba7c,0,2,0,0,41,2,0,7,176,59.67
5325,623fd63827b2953c150597f24c7205737119bebe,1,4,0,0,204,0,0,46,2011,356.87
5326,6a537eb8545c7dd6c01c0d911ad12e789eeab3ae,0,2,0,0,0,4,0,0,1375,194.44
5327,6b37f26280ea7e2f475f9813301543411e71383b,0,2,0,0,0,0,0,0,1375,192.61
5328,1d7c68c086de86ad15997edb5833da6013ec2361,1,1,0,0,0,772,0,0,575,347.45
5329,80b2b85ab2615fa4cd6f0cceb4d41b0b71b78ca6,1,1,0,0,0,0,0,0,575,283.01
5330,1b5ad45b8584afce8f8dc0be558844b7401c0caf,2,1,0,0,0,0,0,0,20,129.51
5331,5b75faefccee87b23344d53e65f7bf6efa957779,0,3,0,0,87,11,0,1,1117,221.46
5332,fedfe878f40ad965c7eee5ea9e0960b88ea54cfa,0,3,0,0,1,3,0,18,345,74.27
5333,8ae4b374e3fa4cd54b8b83bc857d41f0678ad9b6,2,2,0,0,122,0,0,0,360,280.91
5334,db08013ebeeaa85802d9795cc72b4c29c5338a47,0,2,0,0,41,0,0,9,689,130.57
5335,b636c6b1cd454fd5758c3f2efd8b2bf5d7de4448,0,3,0,1,0,0,0,0,770,168.67
5336,04c25e0f355aaa6ded37b0477ce126a693756b81,0,4,0,0,80,75,0,9,1614,259.84
5337,e4d8fab104d6c4edc8721ee14238fcc59bd203d0,2,15,0,0,93,7,0,66,7788,1299.36
5338,43c0647c62437406bac291d57c6c8a9d067a4ec6,0,1,1,0,772,0,0,78,575,354.45
5339,a4bd2b784e6da17e7b81b8666c876ebc716e167b,2,2,0,0,1,3,0,2,1776,292.28
5340,f9b17bfd37624374904ec15b9b1300fe4ae0d8c7,0,4,0,0,4,18,0,11,1934,1308.15
5341,fd37ccb63c545850c08c132b2f6470354a6629f9,10,3,0,0,44,49,0,26,1621,494.65
5342,93640bb798fcde06e928ba0b780a29fce9158223,0,1,0,0,0,0,0,0,1347,176.39
5343,abc2e61eb17f911f6beff2592b81b1165744e16f,0,2,0,0,4,0,0,2,1375,210.66
5344,168c1b1b739ae8e557f824325ce5b8a2b9a82e15,0,1,0,0,3,0,0,5,345,59.37
5345,ba4ba32b0dd5166b1cc2862e55e5c1c6eacfdf43,0,1,0,0,56,0,0,10,258,71.36
5346,edef3d64bce41fffbc5649ffa19b2cf80ce28d7a,0,2,0,0,3,0,0,0,1175,162.71
5347,e6ed79219966ce0dac3bc748261fce9478aa7550,0,5,0,0,117,29,0,61,665,215.04
5348,130817b55904155a300423cd20004dd0531d8b83,0,10,0,0,119,119,0,42,2811,506.09
5349,183fa5d2324dd136cec7b8721df5474849e9f216,0,3,0,0,24,83,0,21,453,84.67
5350,3efde85614e80967557a57b1461b22b101d8a946,0,18,0,1,92,169,0,165,7976,1343.52
5351,7b92d8c06a9eced95c4390f0dae02ebb98aa3ef7,0,2,0,0,0,3,0,0,660,96.85
5352,3f062ee23668020c15f9d06a966a0978ca9373f6,0,2,0,0,35,2,0,27,630,127.82
5353,7a6f269c4dfb6143f430f42239d10eafb5bff777,0,1,0,1,2,0,0,3,49,45.42
5354,3eee7302847b55291cc87820d96e603f5e4d7612,0,2,0,0,63,12,0,0,324,79.13
5355,6ca337cb3eb7496077285c7d9c7ab14c73735ac0,0,2,0,0,0,0,0,0,705,101.0
5356,7e7fbdb84b6173a26169ae995bf55c536f77d9c8,0,1,0,0,5,0,0,0,9,15.75
5357,42d5ef017d3d629e6ca9ee93e15ac4f0f9e00ce1,0,7,0,0,1,23,0,3,6630,905.97
5358,85c278a6a8b25ff86e22c254ffec35e945cd7c66,0,1,0,0,1,0,0,6,315,77.98
5359,5d1be4a3177da357e4495269c0f2f8dcfd6bcfcf,0,2,0,0,43,2,0,19,528,129.53
5360,460d76f623f70f8b17857194362ef351db7151ca,0,1,0,0,0,9,0,0,581,1137.36
5361,fca725a899984f57a6ad48ce9ae9cbc34e8ce752,1,6,0,0,97,3,0,21,2955,514.24
5362,62f56944919b436036dcac740d8a21c56289a164,0,5,0,0,13,10,0,5,1608,256.72
5363,272b025b25fed979da0e59ffd41615bbb9e105ea,0,1,0,0,7,0,0,1,782,128.38
5364,34dfd6c9b4d398074ba9dcc8423cf8a410c4d6b2,0,1,0,0,1,0,0,4,407,69.7
5365,71a523a6197da0abe93469e13d644adb629529db,0,1,0,0,4,0,0,25,1267,177.67
5366,e640f1e76af8f32015f475629610da127897f01e,0,1,0,0,4,0,0,2,134,38.2
5367,17703f03614e0803f46eadb70a2242060d04125c,1,2,0,0,8,0,0,0,333,81.77
5368,74e82c64e5cd0b7e598997199fec432e51d8d267,0,31,0,0,153,112,0,47,10823,1631.85
5369,215290eb76925738550648b2ba9e800ccb7cf0da,0,1,0,0,0,0,0,0,206,42.48
5370,7d3456d8fd027e252b1da7578e943f146626135d,0,3,0,0,34,1,0,5,452,98.26
5371,cff1a5f1f5cc8f5e1e99c6aecb39e2e69f86bf7e,0,5,0,0,142,145,0,19,7874,1177.12
5372,1713f1fcaf9d721a97bc564faaf070f2e6b0b1d1,0,2,0,0,36,0,0,12,467,91.29
5373,f5ad736282c8c9c27b14131919d60b72834ec9e4,0,1,0,0,34,16,0,2,773,131.45
5374,a63e3ac83ffb91948f464e4f62111d29adc02812,0,1,0,0,0,0,0,0,986,124.3
5375,d07ff5ec5a790282015df7329e797f0d7fd7c3e2,1,30,0,2,596,127,0,53,9481,1639.16
5376,f8eaa98962d9623f2b516cf7c48117439d1a00c3,0,3,0,0,59,1,0,72,1282,264.1
5377,87ee37ceb8ea9e1ab64a5522e0eef410580b3145,1,28,0,7,1101,73,0,1342,41358,6955.08
5378,951ec7a0b7ade9ea8aa0b112537a267b5ce693c3,1,28,0,0,29,0,0,0,42459,6007.17
5379,ae1f485ee8cb76965882b7a9c1c1647ec2912d08,1,7,0,1,107,47,0,31,1040,271.38
5380,ff122f80b9b85176adb616306938f64fa62e963f,0,1,0,0,0,0,0,0,3,1361.9
5381,bff911a8e894f59f6efe6a24f39a7aef5d689882,0,2,0,0,0,0,0,0,413,58.27
5382,66082c72244fba501390fc7a5a5228f68624c839,0,2,0,0,0,0,0,0,921,114.81
5383,5e708746b8d301c2fb22a85b8756129147012374,0,2,0,0,43,15,0,7,403,110.82
5384,60d6435ad8f0cad72a025bb9e440132d7f613705,0,28,1,0,21,1091,0,1309,41394,5813.59
5385,a3d30892b41f604ab5a62d4f612fa7c230267dfe,0,75,0,4,447,317,0,95,28540,4698.29
5386,4ce6f486d063553a78ed1d60670e68564d61a483,0,26,0,7,48,19,0,3,2391,648.1
5387,1446d01e98af2366c389676c25c74c4ce89a513a,0,1,0,0,16,0,0,50,2363,301.62
5388,e6bd0c8c155eaf08bb6fe65932fad79fe345c88c,0,3,0,0,129,8,0,15,1778,286.18
5389,ebdac4b52e67614db70b59be8cd8143efe701911,2,27,1,4,177,26,0,18,5732,1086.63
5390,a399ac9c4f76dccebb3476c418aac68667dee545,0,23,0,0,133,83,0,62,5038,880.4
5391,834f87b23de533783ba5f5b858327a6164f17f55,7,48,4,2,229,87,0,81,14240,2742.24
5392,b98598f3638462a55434ea1426351fe78d72f154,0,1,0,0,16,0,0,0,567,92.6
5393,88038cf473a17a6b059902e080f1bc10d338b7c9,0,1,0,0,0,0,0,6,371,59.04
5394,7e4cd5982071540fdb75698a0278aac391ccc540,0,5,0,0,25,3,0,0,1900,266.74
5395,0f614a1c44e1887ca7177b66bb6208b6e69db7e1,1,20,0,1,363,194,0,17,5053,986.75
5396,cceee1b0c3d0d1999da1d3e0d1e21fdc912d9e9d,0,8,0,0,42,60,0,4,2579,386.73
5397,3b6db2686380631027975c46b4a73478e299c82f,0,29,1,0,1043,987,0,788,67334,9664.95
5398,20739542fdca185eb857813bf269d6262c11b652,0,1,0,0,9,0,0,25,105,54.84
5399,4ec69ccf3ae8701727299179ac6b5002bbd72c55,0,1,0,0,43,0,0,96,1232,174.43
5400,dad4cad30e5b0c69694ee90908ad8e74c592d821,1,1,0,0,2,0,0,0,41,1113.01
5401,1566ec5fdc751897b2e931b2b0920c6d503c85ce,0,1,0,0,3,0,0,2,47,27.88
5402,ac08b992c5c85e5ab4e6062a19b66d7478ee5980,0,1,0,0,2,1,0,25,1274,172.35
5403,3f80e0ea4f101298d9dbd574ffcf388afb621d55,3,11,1,0,147,60,0,35,3586,687.34
5404,6b9b7cb8c729aa15b88c1b91c25a3d5a51bbe3ca,0,5,0,0,72,0,0,13,3510,654.74
5405,89d04094626abebf279e9f64d597a7085bfc8fcf,0,5,0,0,0,0,0,0,3582,469.51
5406,e36af70835078be14ae2dff9a302cbf3f11ee0c2,0,5,0,0,1,2,0,5,3580,481.68
5407,30f7d127c3974cff9e3058e13d7c50805ee4482f,7,0,0,0,0,0,0,0,0,172.16
5408,1d4c2452e7ed4bb25591d163c3332c34ad9eeb15,0,4,0,0,12,0,0,3,2515,376.46
5409,05de2ec5801fbba4577fb363f858a6e6f282c104,0,1,0,0,1,0,0,9,309,51.87
5410,ad2c7c6336d157d2372eebbf73c3dc0977939b8a,2,11,0,1,57,3,0,22,534,276.54
5411,5f1129c799e9c273dfd58a7fc87d5e654061607b,1,1,0,0,1,0,0,0,586,122.68
5412,dc9c2efcc9a7d0f00d738b1b7dbd59a208c5a7a9,1,2,0,1,18,0,0,4,896,244.36
5413,20d1fa36e7ffa1c8d274def831223bff9b04fa69,4,0,0,0,0,0,0,0,0,124.26
5414,598cfeb77563a3fea9d0ed467025514662e52ca0,0,13,0,1,128,16,0,28,3736,679.61
5415,931e77d4507e1650c452cefadda450e0bf3f0528,0,1,0,0,5,0,0,2,85,31.07
5416,5d2708f628d4718f6267e9da6c8cbafeda66f4fb,0,1,0,0,11,0,0,5,802,118.19
5417,7a9e10dc11877420c53245c403897d746bebc077,0,7,0,0,15,12,0,4,1639,247.89
5418,f06daaf010e8e1941946de131a11f018b8419307,0,38,0,5,265,41,0,143,15902,2524.9
5419,3d5801602da7cde1f20bdd4b898e8b3cac77f2a3,0,1,0,0,0,0,0,0,880,117.92
5420,ea8833fd63c9ef35292766f646b1e507577e46f5,0,6,0,0,55,20,0,3,645,1229.91
5421,d4fc7cf2ba0d06b040dad435ab72366c4fd44116,0,1,0,0,0,0,0,0,38,17.47
5422,783e20e1a7ca2c796b8d9c9e938e5c5779aa30c7,10,2,0,1,3,0,0,0,38,614.44
5423,ce72ce998f2e9ad23329b48ab8e85912d642fef1,1,1,0,0,1,48,0,0,335,126.27
5424,06989fd1f936f905a94e6e98e462ba72704d05c4,7,4,0,0,14,0,0,5,1386,378.14
5425,e4106b4c4a3b762e5c9c2b35adf3e048a3ab3b2d,0,4,7,0,0,14,0,2,1386,228.01
5426,d49b1f60f4cec6f04768f28f678bf4329bfa7364,1,16,0,1,74,10,0,26,4258,696.77
5427,a2dbe31b269a9813971ffa76af400d303cb85d63,0,2,0,0,12,0,0,0,564,101.9
5428,6db1134cb7b0431e229004d48db082c2c5f8a26b,3,6,0,0,45,10,0,23,3139,554.52
5429,5e5bcceb533e6e4ded65bc778f05da213c07b688,1,13,0,0,1478,0,0,1152,37435,5657.83
5430,643ba90185f20419016080d6d32adba9fe7019dd,0,2,0,1,48,6,0,80,1075,236.29
5431,d7178aa27c55ae06cfbd6db94d6839311dfb4089,0,1,0,0,7,0,0,31,407,78.64
5432,d1262331eb0481ecc128ce78590ca4ff992f94e7,0,2,0,0,108,0,0,12,7228,927.64
5433,54028140f4f19a6af81c8c8f29dda0c52491a0c9,0,6,0,0,147,51,0,57,1912,354.63
5434,f2a9dab30eb339c86222db47430f18f7abf405c2,0,4,0,0,359,196,0,15,1479,306.34
5435,21dfb61bbefeef3783150d97b54a7d219795070f,0,1,0,0,28,40,0,38,717,130.77
5436,2ed7f9bb1dbd988594f231119765e5d80714cb1d,0,1,0,0,0,0,0,0,1384,171.05
5437,395ec5a9bb48324a8b7dd61790a954a2998a8f80,0,2,0,0,6,12,0,76,2313,309.45
5438,bfae44a95235981576da0a569385fd716e613d91,0,3,0,1,4,0,0,0,794,171.23
5439,1bb9e3ae966853db8c4138b4abbe14636d7592db,0,2,0,0,64,22,0,55,625,149.31
5440,16f8d277088987dc8d4bb1614d05ce712bfc245d,0,1,0,0,22,8,0,52,564,1172.34
5441,32b1064c6c372bd8b862ecbeb8877ad23e3e8220,0,1,0,0,0,4,0,0,92,26.25
5442,bcef28eefaf192b0ad48c8011f98b8e944340da5,0,2,0,0,4,20,0,14,124,54.32
5443,9b2325e16fac7f2f37ac3539aee4faf6cdb8d6a6,0,1,0,0,0,0,0,0,98,29.9
5444,902cd172f8a1ace4ad9fb35d4dfb7700fc10de21,0,2,0,0,199,94,0,33,377,163.54
5445,6d7a7fa3aa5a9dc720d4f1238ebf38c53e4875b9,0,2,0,0,54,26,0,0,376,258.28
5446,9c51a4d0c752343b3fb877bd30377993c5af643f,0,2,0,0,6,0,0,5,1792,261.26
5447,c1ac4bb8601f88eb3fe246eb62c3f40e95faf93d,0,5,0,0,8,5,0,6,281,120.43
5448,d31aedb998637ecf29f4c33e4011fca1322e038d,2,1,0,0,36,0,0,66,1036,207.41
5449,d0873f5a8cc060adbc5a1ae0ed52b84a8942a868,1,4,0,0,122,14,0,18,837,240.87
5450,3dacee674c87564aad9c5b18b229ab904c21ff2a,0,8,0,0,12,4,0,7,3169,487.74
5451,dc79b3c5c91b7bc0c230199fe60eb51324770084,6,9,0,1,1627,54,0,1006,39920,6310.17
5452,ff86749caeb63eafcf10cbfba45334757a791384,0,2,0,0,3,2,0,0,2452,344.99
5453,cc1542828de93b8d54cc14497fd5937989ea1b6d,0,1,0,0,1,0,0,3,586,84.2
5454,0d06d8ddd0aa9aff7476fb6a7acd6af1d24ba3fc,3,4,1,0,60,68,0,71,2015,411.01
5455,7b08f4c8be60582cd02ba31161be214c9c9d40f9,1,1,1,0,7,0,0,1,192,132.14
5456,f792ede466eddfbcdd67b8490296bf7712f39119,0,5,0,0,4,2,0,3,731,141.66
5457,15a88d2e1bd03ce26eb3e9f39ba31e95c2b78fc6,0,2,0,0,40,1,0,50,7335,986.05
5458,3341f13e71a25bf3f8eb5a6a57ce330b3d8a3495,1,11,0,0,777,2,0,870,36995,5414.68
5459,5152ac0e208fd5f720734fb2abf3fae07b39c7e2,0,1,0,1,0,0,0,0,55,38.3
5460,e48991970d3d584db8716ceaf9b186c46dce34b4,3,10,0,1,173,6,0,2,949,1389.5
5461,661faf6fe0833726d7ce7ad44a829eba3f8e3e45,4,15,0,2,110,194,0,46,9648,1779.07
5462,54717a6314ef6673f7607091e5f77321c202d49f,0,1,0,0,0,0,0,0,104,24.57
5463,ec4d719f1927576d3de321c2e380e4c4acd099db,0,1,0,0,3,0,0,0,781,121.51
5464,b7a67c6382995bbd71622e6aa42228a460b1ef6b,0,19,0,1,201,4,0,45,5810,953.4
5465,6a8ba22c1681915eb65b755234344ba58be408ee,0,2,0,0,39,0,0,23,88,78.34
5466,a11f5c55b4d247c3ac0950398624383ec38e6f1b,0,1,0,0,0,3,0,0,561,73.93
5467,bada19bb54a358233db2b3e23c86d215ac2dc29b,0,1,0,0,0,6,0,9,109,27.94
5468,e95358a7fc3f554dcbb351c8b7295cafc01e8c23,1,1,0,0,982,0,0,12,9904,1451.99
5469,fda317cebb5d306cabf1899e05cedb0225b2b62b,1,0,1,0,0,0,0,0,0,61.52
5470,903d876f29aeb11a290d0daed6e0778c8f4ac961,0,1,0,0,21,0,0,29,573,93.04
5471,fa730f89c3ed9244384951f7442163b6d860c215,0,2,0,0,0,0,0,0,41,19.16
5472,eb8a8c4fd9f431e86008f374f7f40f9a70c1657d,0,1,0,0,3,1,0,8,91,36.65
5473,27d3ab43efeabe2a0e1173858b6994b17b5c355b,0,2,0,0,0,3,0,0,38,20.31
5474,1a19b0ee17ce8b4fdb1aed1bdd1f2e9ee08f302c,0,1,0,0,5,0,0,3,587,90.58
5475,e770cf34174c8226eaf703c303ee3d8397c38242,1,0,0,0,0,0,0,0,0,30.2
5476,fe2c4f630d3b5f3346c9ee9f95c256186c9e6907,0,4,0,0,20,4,0,33,530,121.69
5477,bf26088d7be4386864148516b151dfb0a858c416,0,1,0,0,1,3,0,5,91,31.98
5478,ae3176b9c0f63644deffc82dc424d219c1472818,0,3,0,0,10,6,0,4,1383,188.93
5479,dff5243c89544de8ed3127a7df5ec79cdab3373b,1,7,0,0,94,23,0,6,3509,608.12
5480,36675c81fb2803418191e44c7eb9560a92a23411,0,1,0,0,2,0,0,2,64,1072.31
5481,a9157379a3046a9d4c377675c932257c4ecb6597,0,3,0,0,6,1,0,2,927,164.71
5482,439ca071ecbbf09d80eca840d8a7279c9dde33de,0,1,0,0,20,0,0,7,96,43.15
5483,e4e906f436894c6f7c2f8d389f43e2d3e8b6f391,0,1,0,0,0,0,0,0,114,24.0
5484,ceff3e242bc71130a7c0dea9828e6763fc0c9fec,0,1,0,0,0,0,0,0,276,42.06
5485,99df022f2c3c811dc68abb2c7a7915b47fe6f5ac,2,7,2,1,41,12,0,4,877,392.68
5486,63a2fb5143ab41d84b6b44001b63806534b26bdd,0,1,0,0,0,1,0,0,113,26.76
5487,d147f8f8f4c0c4436245ea7ea95661d22306f906,0,1,0,0,10,1,0,8,91,37.15
5488,d2e338181800ae3cef55ddca491901b65259dc7f,0,1,0,0,0,0,0,0,992,117.88
5489,8633b26ee5095e82a9792a86dc5c95a4cf23f858,0,1,0,0,0,0,0,0,992,127.24
5490,08eabb89f60b821362efaba2701ddb9db5ff8b32,0,1,0,0,25,1,0,14,510,94.72
5491,17bdf9fa8cbe920578c09c38960dd0450746fe5c,0,7,0,0,24,0,0,2,288,95.71
5492,d81fba59cfab5ed368fe888ff811a7f5064b18cc,0,27,0,8,407,181,0,10,3124,777.88
5493,8cdf4a8e03d348908883e1829b86dbe9e1b30907,0,1,0,0,4,2,0,12,782,144.85
5494,b0f52332651ecbb8af11557df5af3189c7283212,0,1,0,0,14,22,0,54,570,90.62
5495,bf859601317dbf6493818dc2a27e5e813112eb2c,0,3,0,0,32,1,0,14,217,68.51
5496,8765ffb0ca2b1c39d864ac495f0b3ee2abc520ed,0,1,0,0,9,0,0,14,280,54.75
5497,76463a36f5648f42cdcf64019a825c1e3f0c4fe1,0,5,0,0,22,0,0,5,1362,230.74
5498,45d67435adc9195325bfccc78b7e1a0202a446e5,0,1,0,0,0,2,0,12,287,50.43
5499,24370547c500df0026a71944d8be88cd5b51b23e,0,1,0,0,2,41,0,4,745,107.37
5500,487f741721eef2e1f62d026c59b67b02e8be863c,0,2,0,0,1,1,0,27,1619,1259.06
5501,1592750eb108a2c35ee87aef41011e2e28822d42,0,1,0,0,8,0,0,4,115,34.86
5502,27bc559681fbdbc0961eb6a39b279b9713ed33f1,1,40,0,3,150,67,0,37,16355,2708.85
5503,4d8ea10d98f1b04921fd73086170be6b38b27d70,0,1,0,0,0,0,0,0,42,14.28
5504,7b9d88f9d7e469a97098cb45c77e7fc06f3301bf,0,1,1,0,0,1,0,2,286,65.28
5505,b6bd811c76f861b0ffaf4aeb1fc8c5a2465a8a06,0,1,0,0,0,2,0,2,64,22.16
5506,f697d2d312bc04072ccd64c231319e7e571d1aff,0,1,0,0,13,0,0,13,535,95.37
5507,e5d47a976e2b06bd7ec3383d9f86b6fd51947bd1,2,5,0,0,70,21,0,50,1628,354.49
5508,5d9ffffc0783eac4ce71c956eb0699d3b1ce771b,0,18,2,0,87,262,0,18,4811,766.61
5509,5aab961a72ee7e06dc1c9638d866a671d761573b,0,3,0,0,5,2,0,13,777,136.0
5510,5e26ae043dde217aeda29d9b67e290728adade89,0,18,0,0,225,1325,0,30,1649,533.72
5511,d1405322f03eb70c7bb3d5a75810c551b343e60e,0,1,0,0,0,0,0,0,113,23.96
5512,9557bc7dfa3a48b668dda379a25eeaba41d33356,0,1,0,0,0,0,0,0,113,23.19
5513,02699fe967dde00cde3fc96af782401440dfe2ac,0,4,0,0,53,49,0,39,2327,392.23
5514,36f6eb139d0dfd499c75b15e7a337d0e72730817,0,2,0,0,35,15,0,18,964,155.85
5515,33bbe43cf156f373b2d95e66edd07e2ff9ae978b,0,1,0,0,1,0,0,4,481,84.32
5516,32f49fa7fc2bcad0004e249887cc1973becc98db,0,1,0,0,5,1,0,7,583,102.13
5517,085fd765aa7bb4702a38247faae5ab6dbf161ab6,0,2,0,0,7,11,0,7,437,84.49
5518,daccb1c0c22849444cd040f8dfdbb75e49b48807,0,1,0,0,101,0,0,18,396,82.36
5519,526520de0a9d7a29fcf1b4c521f017ca75a46cbc,0,3,0,0,47,1,0,3,1493,244.35
5520,cfce91e514dcb570ca1b3131f340dc01cdbd5e56,0,1,0,0,3,0,0,15,124,1072.04
5521,6ad6273ddaedb7a3a21ef391d4381c19a474e3b3,0,1,0,0,0,0,0,0,55,24.98
5522,d5768d4a50d276cc56a069793e3ba9da2a3277e6,0,1,0,0,74,6,0,4,849,154.36
5523,37877e3f56b038c0821138862813e567390a9ff4,0,9,0,0,321,260,0,241,8792,1343.35
5524,a463984945717bf9cb2881c3d586d5b11d192d65,0,4,0,0,33,31,0,18,1372,229.01
5525,a545d71295e582398b2689ed09d2167d7f118cec,1,16,0,12,0,3,0,0,172,233.19
5526,f3dff052a6a74191f2520a724de483db4c064292,0,1,0,0,1,0,0,2,118,30.63
5527,2e8575bb0ff84c2c3dbefd166213124abe86cdd1,0,3,0,0,22,2,0,13,1572,222.84
5528,83f5663a229955b04a55b9b0d6cca71b4d597933,0,1,0,0,0,0,0,0,187,36.44
5529,dd955fa417e19179f4b4cec30ef5cfdf293ef29f,0,7,0,0,54,12,0,42,691,209.9
5530,de7095841760adca27b2475086d428c0d212660b,0,1,0,0,3,0,0,0,1185,162.76
5531,3b8039ed0f687bd9a37303efd9aca63757183a09,0,1,0,0,3,4,0,8,352,64.89
5532,c5a9895ada8a7505fe3dfec7298edf85e9812ec5,0,2,0,0,7,0,0,2,672,104.13
5533,19045a5ea759392b5a6b8bd8001a3dd9dd5245fe,2,11,0,0,2234,0,0,703,37801,5802.89
5534,b014ba12431dc87903cd5065b14908f6a4ad458d,1,2,0,0,30,0,0,4,309,90.45
5535,7e30436e3fa84525b85b05b9e23cb01b2ada7c12,2,21,0,1,63,4,0,55,4387,831.59
5536,ed4c734b15c83b7f6b8ec1d170abccae9de1b193,1,26,0,1,375,14,0,99,10079,1658.43
5537,23079c02bf40c318fff4f77fa9182ebdfb230e90,0,2,0,0,9,7,0,12,141,54.07
5538,fd6acbbf51998a964b6dc0c7d3ee471399a03baa,0,1,0,0,0,0,0,0,4,8.45
5539,8fcc8155042766121cb4e99433f23affe2d9ae2d,0,1,0,0,0,0,0,0,531,92.93
5540,0ea1f8122709302ee19279aaa438b37dac30c25b,0,1,0,0,0,0,0,0,663,1155.18
5541,406cb58acd720d1e4dd60d82ec72760d0ad5e59c,0,0,1,0,0,0,0,0,0,14.61
5542,298721b259cc63ca13c35c1eb0cffe36fd553ce0,0,1,0,0,36,19,0,0,117,48.37
5543,d80c7e95ec7ef4811b83224a87ee6883f67f2d62,0,1,0,0,10,0,0,5,328,69.69
5544,4e876c59f4137da6f229dec4ba8c4370da3dfd9f,0,1,0,0,0,0,0,0,0,10.28
5545,12cc2005c163216c508074dccb239b3fb8bcdc58,0,2,0,0,1,7,0,1,66,44.24
5546,c8e280ec88ce3b3688e6a1f5bdeddc3d3263067f,0,1,0,0,1,1,0,5,209,45.72
5547,79607bd9f821618e25baea53a625aec1d7985bd8,0,2,0,0,36,5,0,48,3817,505.04
5548,c7efd14726e932235dff52bd73f76cb861b5b1b3,0,1,0,0,0,0,0,0,1016,135.49
5549,4d1d88aa15c73bfe14911a08b0d9c1241f8a980f,0,2,0,0,18,0,0,7,3666,500.13
5550,7c11a06b25fd7c748a1ba9dee2e323e2547d9dcd,0,3,0,0,0,3,0,0,146,75.76
5551,2e8e32f74614bae9c7bb669cd536518f2d81a4e3,0,1,1,0,69,129,0,32,428,128.29
5552,445dbd8a0e45e45bd4a44dee999a6c134c374dfc,0,8,0,1,953,177,0,536,17804,2636.98
5553,2e593a9d3801a42751244ab4478650a581437875,0,1,0,0,1,0,0,7,66,22.47
5554,e37e72c1601cc2006b2587f15e5ba1f790dff64b,0,1,0,0,0,0,0,0,1016,128.68
5555,587f5bc11f9d5d37557baf36c7df110af860a95c,0,1,0,0,62,144,0,26,353,93.88
5556,dadfe7da0484be81ae09ad61f976967b9893c38d,0,3,0,0,3,0,0,0,146,37.81
5557,b9639d1e82658323fbc0f8d179f63ead6ace1213,0,12,0,0,130,130,0,0,2849,592.71
5558,bfcec29dd183b0e59a17ad93037af5916300e5d6,0,1,0,0,1,0,0,0,26,29.31
5559,6143b7694cc02e905b931de86462c6125ca8b3b6,0,1,0,0,7,0,0,9,29,27.65
5560,2ff6d0fe4789857ab51685949711d755dedd459a,0,6,0,0,331,241,0,23,1570,1451.01
5561,2428c5f46712ac026f2523bd12ad9ea88359fca6,0,1,0,0,3,1,0,4,188,49.64
5562,a45cb72ef23e3d1c52091a1a6376e8a3aeceed94,0,2,0,1,5,0,0,11,73,50.6
5563,99e99f3b54bb8801565fbe2a2c071da44281868d,0,2,0,0,15,23,0,4,38,44.81
5564,b63155eac7ec429d584478eed50754abc1c7d935,2,0,0,0,0,0,0,0,0,65.18
5565,657078b353f215ab02ff7ac2b449006090c0c971,0,1,0,0,0,0,0,0,1702,216.27
5566,fbd2ed2e02d3b6c7287331b345d328b9518ec6ba,5,0,1,0,0,0,0,0,0,599.94
5567,874437cc5859b09480e783651004613cabc7510e,0,1,0,0,0,0,0,0,351,56.37
5568,1458798eb593358fe5415596b2958f2f7e451ea5,0,1,0,0,13,0,0,5,87,63.16
5569,e6a271a4fb8696d8dc4e07ece9c2b5fc86f775f9,0,1,0,0,1,2,0,3,189,51.16
5570,4850757386f55d2b3acea879c33c749bee9f7f20,0,1,0,0,0,0,0,0,454,71.36
5571,118ef8b6e55d670b29921d07f9034e7dc0d61fc7,0,1,0,0,0,0,0,0,24,16.26
5572,658d25af25ae911c4409875643079be2c57c9888,0,1,0,0,0,0,0,0,121,27.34
5573,58e3e96dbda3d140355dbe723709d44d77903aaa,0,1,0,0,2,0,0,5,100,38.65
5574,e7defd7d9a76f44e3089db3fe522fe400fe6dcd7,0,9,0,1,6,4,0,4,4373,792.12
5575,e874a31d7503eb4e85dedf22788e3d9f94e03b49,0,22,0,2,60,1,0,51,566,336.71
5576,4321b63f6f62d9d213f62c5f0a249eed3862a1b8,0,5,0,0,129,42,0,60,1327,265.13
5577,2996355e9417faf228a08c4ec88b951a0fcb1ab5,0,1,0,0,0,0,0,0,561,72.97
5578,aa78ebbd5a589efbf979e63e0a7e35f0e410f350,0,1,0,0,0,0,0,0,561,72.0
5579,dae1775a116bdbd4e8554da24dafa00ca8af3fd6,1,2,0,0,36,997,0,24,9948,1580.01
5580,6076ed2a127705ab9301597ee22b1bf2bbbec991,0,1,0,0,1,1,0,2,594,1225.96
5581,d9ee19131881d3730f1fe5dada6160560d953284,0,1,0,0,0,0,0,0,193,37.64
5582,f1b6355fc546888816c08480c0f1b0965a244252,0,1,0,0,0,0,0,0,404,69.98
5583,57fea77074ea319024b00ea1fab9cc6f1068d696,0,6,0,0,132,33,0,53,2004,407.16
5584,ea0cf399b4b665d6a0daa0c4e616e893e377a283,0,1,0,0,0,0,0,0,190,44.69
5585,c1f0442045f44fcbb3935f9244794929a5d0caea,0,1,0,0,10,0,0,8,102,38.77
5586,c9523a569d45e9edc2c2d7b8d4d9cbf05f46a100,0,3,0,0,31,3,0,17,1606,247.27
5587,6e3b7af0efced7351163a5011a44bfc18851fce0,0,3,0,0,15,0,0,12,1623,249.78
5588,f9df3e9229ecb78abc9dd5332095d82fb390eb8d,0,1,0,0,2,0,0,4,177,58.03
5589,094d65e6f52f5b3cb1210c4abbea2fb14bcbdf15,0,43,0,1,176,138,0,131,26914,4223.42
5590,7b73899e9507374ea8023082c86077056486706e,0,1,0,0,10,4,0,8,1615,214.34
5591,39521068e8733b2df0f27832c3da214fe3b19d20,0,1,0,0,5,7,0,0,319,71.39
5592,81e2aba1f9bbe592d9d9284e701af5bedad3cd56,0,1,0,0,1,0,0,6,299,65.51
5593,74d523206532be99c04225b681b428d5ef220049,0,1,0,0,0,0,0,0,561,74.62
5594,93023f544b673ccc99fc0e327f2eca8964128097,0,0,6,0,0,0,0,0,0,115.72
5595,c21e8ed1d860f3b380b260890d04cd2c492ab0a3,0,4,0,0,5,23,0,11,1049,176.88
5596,129c48430e2102bb6f71b56047a8b15b31105fd2,0,0,1,0,0,0,0,0,0,59.48
5597,b4ba615c70e89aa00ec0878d64e6e0f42e437df0,1,0,0,0,0,0,0,0,0,73.99
5598,caae3b2e5fe889d57dc69964e76faffdc16ff7ae,0,2,0,0,11,16,0,20,236,85.41
5599,f34011860e04fd1261b3b30cab0265016a22faa2,0,1,0,0,10,4,0,4,723,122.71
5600,ef7f8467af52cd1d6563ad5b1f6624be6872a165,0,27,0,1,63,64,0,94,3947,1992.12
5601,8b7796b0b661ca960463c9e16034ee8f64494dbd,0,17,0,0,108,22,0,53,6461,1041.21
5602,6875e6d4d4a2b57f49febbf7a10776bdf84b7d6b,0,1,0,0,1,0,0,7,58,28.42
5603,418c4422f7fc99ce58bd10c20090f34211da3b13,0,1,0,0,0,0,0,0,212,49.98
5604,f9efeaad1d5396e7cfca461ddeaa5931dc473f5f,0,27,0,0,59,1,0,77,4009,851.23
5605,80a6fd01a170fd2e4798eaa44f6cd3e0c7b63d4c,1,0,0,0,0,0,0,0,0,50.82
5606,df36aef23c5a4593a3160eb3937c54baf27991d1,0,0,1,0,0,0,0,0,0,16.13
5607,996866d3ae66b28aa6d25b69db7646f9847e9b21,0,18,0,0,23,7,0,29,4684,729.3
5608,f8528f66ec253fbb3c08d2c3352dd73d9832a43b,0,0,1,0,0,0,0,0,0,10.9
5609,899857609c7c2c2b0fd3fa72d3bd585cb2703e0a,0,23,0,0,1,54,0,76,3771,683.3
5610,4c04e8065f205a89b84670a9865149237499dd86,0,2,0,0,7,8,0,6,7481,1018.79
5611,0f6ec611e653eec03cd3d2c516cbfcb202090916,0,3,0,0,0,0,0,0,936,179.91
5612,efb82957da09ab06f5c887b3d62ad055bbba089f,0,13,0,0,93,34,0,49,3545,633.48
5613,ec651bfc7bb004c7a14503bd6ea5dc376975bd3e,0,2,0,0,14,0,0,18,670,115.78
5614,496d20cfca5a30bc72a29e4ef893424964f9fa91,0,0,1,0,0,0,0,0,0,12.68
5615,ac746e09056192e4957766f06b4f94d7c5c34d18,0,1,0,0,0,0,0,0,179,34.36
5616,a321da2039a50cdb8e1b8588b4faa6f1689e2ab3,0,1,0,0,1,0,0,7,348,58.39
5617,f91546f2e69a0452074d781c8df5723bab1fa393,0,2,0,0,45,0,0,378,18039,2470.38
5618,e04e7402cd5df5fc7001101ad50fc2dbf8de5c1e,0,1,0,0,0,0,0,0,3494,440.89
5619,a591df1073c81a0fd1029f4a0db62d7ef8a95207,2,2,0,0,5,4,0,4,934,351.85
5620,dfa05284cfef985e806660de0a1415f0fa7c2211,0,1,0,0,0,0,0,0,1012,1255.92
5621,939697b415201348ff4523321e316dfaf2206630,2,0,0,0,0,0,0,0,0,177.59
5622,0e6dd3257b1bebe3e12c84aace59dd9cf0dcac2b,0,4,0,0,37,0,0,7,1206,193.3
5623,210c3dd93748b5de65301f2cca2342f36e169b78,1,8,0,0,82,1,0,6,4252,739.31
5624,bae94ca9729bec2e0fe3556a31e29a2444737b1f,0,1,0,0,1,0,0,2,1488,197.63
5625,4b018d2a3988a70d98e2388d0013e63857c5e193,0,1,0,0,0,0,0,0,256,42.7
5626,273beceae213b4ea7ee60132b874b5a99ad83e4b,0,11,0,0,4,0,0,0,1996,327.34
5627,68717241040e6dad04958e49e5373887dd677dfd,0,5,0,0,84,6,0,118,20278,2739.05
5628,2288742c10e04d46212dbf70b931e460214992bf,0,0,1,0,0,0,0,0,0,34.37
5629,452e38ff8029ea403c1dcbc5ce9906d96b02f992,0,3,0,0,0,0,0,0,952,242.46
5630,4b91a6425eadc3578ec291496bbf7fde9742f96a,0,14,0,0,61,97,0,40,2855,562.71
5631,eb4e2ee9e2c0e52a02eecb1d7e58b124f55d38e6,0,0,2,0,0,0,0,0,0,42.79
5632,23fa18184cb68ca05246beb2189f8801200bdd7c,0,6,0,0,7,5,0,6,5431,727.17
5633,ebd2df723fb644e750bb8adda5a7258689d35fcc,0,1,0,0,7,0,0,0,11,20.14
5634,c575e18ab82627b5f352caa10d964828fc5c0b6a,0,2,0,0,4,10,0,7,1915,294.07
5635,47659200ac1d53590379ff431c428dffc07fd06a,0,1,0,0,3,0,0,0,108,31.37
5636,6dbb5a8052c5cbff9dfb9ebac68d3200d3543955,0,9,0,1,3,1,0,9,1200,236.52
5637,7368344585ff8414a3f396398c1937602d47d129,0,1,0,0,12,0,0,5,809,123.4
5638,950050e9d61299afa9efcbece053813fdaa4860d,0,1,0,0,0,3,0,0,108,25.17
5639,9630fec2d5004601bcc64db131a422191ecc5b21,0,9,0,0,1,0,0,3,1203,234.18
5640,a9a56ad508fa67d006df7a3b868cece04e10fc2b,2,0,0,0,0,0,0,0,0,1370.46
5641,87cc38f9ab4ca3ae6bb4104201d3824d9505e50e,0,0,2,0,0,0,0,0,0,15.86
5642,f0176d942af26c8423d534d6b806b83817dd98e0,2,0,0,0,0,0,0,0,0,145.41
5643,1b8b612b8bcd700d491443b3d90f4f9d21060f20,0,2,0,0,0,0,0,0,18,16.36
5644,3e45755411f7cc1eb38832b48bf801f5a7947020,1,0,0,0,0,0,0,0,0,66.99
5645,ceddec9141b658c790d2fb995c970982ab082028,0,8,0,0,0,1,0,3,1200,204.29
5646,9cce912de01b7f2c6e968b0c9fdaccd93e44bebf,0,2,0,0,18,2,0,7,933,149.72
5647,cfc5348b5eb60daad812e362c90c74341f10d3e6,0,1,0,0,18,0,0,0,585,101.51
5648,48be35cb7effffa0af9e9f0115e643047c4f242a,0,19,4,3,0,63,0,28,3169,688.7
5649,08963189a298504e4e4ae70a1a139112a2eba59e,0,33,0,0,288,195,0,155,14747,2339.75
5650,086bacd12d1c32a6c1c6736091334185be144a04,0,3,0,0,113,17,0,17,963,181.02
5651,0207da8cee1c4d3dd38d38ac45eda5324a713490,0,5,0,0,0,0,0,0,1113,164.33
5652,1a6ec1bac65fa04a30a57891fb66dd248f3bed9c,0,2,0,0,46,13,0,0,1788,260.94
5653,a48d30984a9afad0b759aba6933e1b9807fdcd26,0,10,0,0,41,15,0,18,2391,379.04
5654,24580ace5eb3637a5f845628599c9bf890a317c2,0,3,0,0,95,2,0,40,764,157.93
5655,867a5ea188269619c3472a84bf97f5676ba3bec2,0,1,0,0,0,0,0,0,22,15.55
5656,1f62a487284b57fca505bc1b3d04c1f86b2e7d76,0,1,0,0,0,0,0,0,344,57.71
5657,b677f2e65d07194702fc181c8fd777804fa967ae,0,2,0,0,43,0,0,9,279,90.25
5658,290ecbe829662775daf7153cc0729a5465d7fb32,0,16,0,0,846,9,0,1116,31722,4517.93
5659,789f8a5a70242c16ce10bc95401c51c7d04debfa,0,2,0,0,0,43,0,8,279,53.32
5660,d6fdf92f9e5f4eaaf9300dce7f1f23adf228949c,0,2,0,0,7,0,0,8,260,1262.14
5661,43506320a1bb6ca2193162edfb5dee21fffc08a9,0,2,0,0,32,10,0,4,3551,474.51
5662,bb6581345fd9ecac964e19cea2293477162801ca,0,3,0,0,0,0,0,0,442,73.11
5663,dd5f454b03b9ccd788398fa52220c7690381eb6f,0,3,0,0,31,0,0,30,442,196.52
5664,b2187c31ab8294215aab46db5dcd3b0dce4fad65,0,1,0,0,2,0,0,1,212,74.19
5665,8b67df69486222641071ebe1cd08e220d840b17f,0,4,0,0,31,0,0,6,517,125.03
5666,d738aade2ec9a837f71cdb37792e3eb516cc53a3,0,4,0,0,39,43,0,6,3093,441.5
5667,ebe5801e0081dcce7f3eb918b39161fcd2298087,0,3,0,0,92,35,0,21,471,172.74
5668,cf81b45f3771002146d6e8c4d995b12963aa685a,3,1,0,0,43,0,0,2,1213,253.03
5669,c92737c0e912563aeba2112ab8df74af976e720a,0,2,0,0,218,7,0,163,2281,397.98
5670,8dbbe96e040cdee2a94b2a0ac53462a5c8f5c233,0,1,0,0,66,1,0,5,132,55.62
5671,f0dc556b7174c18f3174c24364cc80e32195f715,0,1,0,0,0,0,0,0,198,32.99
5672,9647fee3f0f196d064879afd41b9eff51d5aa036,0,1,0,0,23,0,0,0,627,99.78
5673,6b11adbfa4aa565eff1bb141170c8e183aed3e4b,0,3,0,1,1,0,0,0,261,51.93
5674,3a1874f5c41f9aebefa1629a762b8551ee198a8f,0,1,0,0,0,2,0,4,196,36.7
5675,1f999c1e2bba62fda0fb426a168afa338b31c251,5,8,0,3,16,22,0,1,1481,400.35
5676,d8f2ac3e6ee26fc338f43c0512379a0ff98ea236,0,2,0,0,83,4,0,10,67,57.8
5677,9a91f5ac818b078526962e5c64183a2541a064b4,0,2,0,0,11,1,0,2,532,95.95
5678,daba867734b6ce09e61193e90fae2a97755fdb53,0,4,0,0,0,3,0,3,293,69.11
5679,afc5439be59c1ee74df8a6965cc2c4aad408ee3f,0,1,0,0,7,0,0,10,156,34.88
5680,1178c4b89bad28210fe8d2c207cce814d6fd9a21,0,1,0,0,21,0,0,3,65,1282.15
5681,5898b95329ecc042b0798123d656013426f48d14,0,2,0,0,10,0,0,0,150,38.99
5682,0d72849581c1e5a50a2aa7757b909e5531b8d12c,0,3,0,0,14,0,0,13,1170,189.43
5683,6531b465a757f8f6dad08d924c0a7a88bd52e5a9,0,1,0,0,6,0,0,15,127,36.73
5684,b280a41ba661f205eb5de33bb8e03c33e2b005d6,0,1,0,0,1,3,0,10,742,127.98
5685,3bac31b2a49bca153df3b47a198667828b61f36e,0,26,0,1,8,13,0,31,13210,1898.51
5686,999ae691559a49321138eb7718eb204435639db9,0,1,0,0,2,0,0,0,403,51.7
5687,756e6de2a0948c39a4fb3ab880dd9d182d645dbc,0,9,0,1,45,1,0,15,3483,563.58
5688,a7673ed7552542c9848d95f9492bf3a55d2060e2,0,2,0,0,0,0,0,0,720,107.09
5689,d8b30b892561126b02bd5d27dbe11a01f97908d1,0,2,0,0,23,2,0,16,3654,480.72
5690,aa41232a877d7a8485bc361fd62150d7c094e9a4,0,10,0,0,166,2,0,15,2870,469.08
5691,08f90f30b385bbf314f7fb014b810d86330d60b1,0,1,0,0,3,0,0,0,108,82.21
5692,da0cc598feab995eed12527d90805dd627674035,0,1,0,0,6,0,0,8,1627,223.24
5693,cd5ddc5fece7147d55d74117abb272cf8ea08c4d,1,3,0,0,5,9,0,4,2138,289.51
5694,bbd53b846ef6d78740f54f5cea3c73bd992dde09,0,9,0,0,1,24,0,9,3495,490.89
5695,51503efcf05be734c14200233d5f1495e4c2c3f1,0,6,0,1,26,0,0,2,647,136.35
5696,8b3d1f144408e4a7a014c5ac46418c9e91b9b0db,2,22,0,0,304,39,0,165,9904,1803.29
5697,03e4712f0ca08d57586b3fc4d93cf02c999515d8,0,2,0,0,24,4,0,6,311,70.52
5698,157a60f1b396ab9adc7f934a15352f2dbc5493a9,0,1,0,0,0,6,0,6,1627,209.68
5699,a4a44587b3f2236750569f5c032b283dc77942f6,0,1,0,0,6,0,0,8,1627,218.35
5700,c6b8e6f1ac4aebb996d793b1cae0a95dd343db92,0,2,0,0,0,0,0,0,335,1234.09
5701,46198bb9a4f9c78bbf3ccb84f6ae835564ecdc7f,0,1,0,0,0,0,0,0,43,17.92
5702,c9a0148628ca71408710b9f7d68b04b8cf7a0dad,0,1,0,0,6,0,0,20,187,52.24
5703,b1462679e17f9b5827720f3c57eaeff946cfea0e,0,1,0,0,0,0,0,0,43,14.4
5704,9fb53d07c418002c8a03be1e7e664e094f304ba5,0,1,0,0,0,0,0,0,43,14.98
5705,8bf70144e40650ef972f005e2465bd0e2a087c40,0,1,0,0,0,0,0,0,43,15.97
5706,ca7a82fb5704af27459557168afc96e1193ac7cb,0,1,0,0,0,0,0,0,59,23.46
5707,48e217a7db8c23501ea4934d28e57684b82d71fb,4,10,0,0,83,26,0,137,4785,881.97
5708,7bfbb6a3c9af4b0e2853b5ea2580a05bb471211b,3,15,0,0,73,21,0,2,1117,363.86
5709,0e147a9d6e53e71ad2e57f512b4d3e1eeeac0b78,1,1,0,0,18,0,0,9,337,94.06
5710,c1e0fcc26d7e7b10f6ce609e1ff0e4e9378dcf4b,2,18,2,0,61,130,0,52,3577,728.64
5711,bebcc09fb392b3494131c792520406c001dbd511,0,10,0,0,11,147,0,33,4876,693.74
5712,c15e0af84aeb4ab992482a957c2b242d2ab57d76,0,3,0,0,33,5,0,33,3890,540.7
5713,22b95aebcd7fc742412ab514520008fda5e327de,0,2,0,0,0,0,0,0,6,15.19
5714,f34d3e1d2634566959778b4ecf1fcb5cb20d8721,0,1,0,0,1,0,0,4,247,47.99
5715,555d9b70bd650a0df0ed9e382de449c337274493,0,9,0,1,141,46,0,41,2847,496.58
5716,217036d81693f3806d271f6f5d5d7d8f17823745,0,4,0,0,60,5,0,50,2556,382.47
5717,1822bb5d9578e3e650115a220132ab85e7db732a,0,1,0,0,0,1,0,0,360,56.39
5718,60d33ce34191533bb858852584bd9bddfeb16a23,0,5,0,0,171,75,0,58,1490,289.11
5719,abe30b52a8036078f833dc5b3d2b03daa2e93dfc,0,14,0,1,113,28,0,16,2796,504.1
5720,7099ab4c56518024a26f5c499a9a1f2ea6bacd6e,0,1,0,0,1,0,0,0,102,1249.65
5721,a71ce6e7382e8af0c8a005897093a8ab1ac9a492,0,16,0,1,517,29,0,92,4263,938.35
5722,546ac1cbb379acb198b2debabbf14c878ffb8a33,0,1,0,0,0,0,0,0,380,53.88
5723,d78eddfdc8bad5068600e28a039276cc55063ce2,0,1,0,0,0,0,0,0,380,59.13
5724,7cab24729d4585689af745df179d6ae92b2a6248,0,2,0,0,101,11,0,10,1926,317.79
5725,48113d7572bbea2f05ae619882d43aa41827f147,0,3,0,0,23,3,0,20,253,91.92
5726,27160950caebd48b9ea45cdc579ace21d0cb47f6,0,2,0,0,127,127,0,0,1035,223.3
5727,408666a06d1b2da36e650a721cdc26f0db40de1c,0,6,0,0,106,0,0,52,14260,1943.64
5728,ba04e0372da560715bb4b1aa329c0091764340ea,0,0,2,0,0,0,0,0,0,19.22
5729,86a417eeade1fc1b0a7799a48694e6f1d9b4cb1c,1,7,0,0,57,21,0,469,20013,2862.09
5730,8c921ea94f330b91d4fd55aa1706fc64b1646de1,0,1,0,0,4,0,0,0,60,21.03
5731,f56abf730f45823b2b6dd6d2daa5e33c69f3c86b,0,1,0,0,11,0,0,2,23,26.82
5732,95a13b51ee052eb73882682e8f009bfa1e914866,0,1,0,0,0,0,0,0,122,20.58
5733,0bdd6e487fa89ff614593cd3a32e690c1d380e22,0,1,0,0,5,0,0,2,497,75.09
5734,04de427e57d144caf5a9cde3664dac780ed763ab,0,3,0,0,3,0,0,0,846,142.42
5735,6fc2596ab37614fe35ccfebda0564e4721bd4b95,0,5,0,0,21,3,0,3,2111,308.03
5736,9589a7d8be4d29bffcb0c711e5bd6573e8df712c,0,1,0,0,7,0,0,10,542,94.63
5737,3de0b0417c032693e34eb7f61633fdbf042dc5b5,0,6,0,0,120,22,0,53,712,226.14
5738,1c7e9ec124ab19d3c727d8294a8022d7b936bbfc,1,2,0,0,23,0,0,1,255,104.62
5739,b8e2e4a1e7c275752177baf64d6bf01e0da8228c,0,37,0,21,3992,192,0,506,58212,10474.76
5740,5eefe1317336714b409500daaebe003f65fd87b6,1,0,0,0,0,0,0,0,0,1287.57
5741,413d663f9262bcdfce67cbc902f7e3153a161fad,0,4,0,0,52,9,0,1,948,195.68
5742,de69f0df34a6cb00a9fd2e370fdf898274871294,37,15,0,0,35,10,0,34,4468,2099.36
5743,449fb81286f405cd7b373499c5db65ea61f9ffab,0,15,37,0,2,18,0,10,4485,887.35
5744,2fba25b66aabcee199719114eebafdcaf6cc2942,2,0,0,0,0,0,0,0,0,134.27
5745,1e4992c6eccb81166cdda842a68644fa962a3fdc,0,2,0,0,36,13,0,10,172,75.27
5746,92abf8ac5743849d4c32d6abf8fd33f161bab249,1,10,2,1,3,13,0,15,1377,333.99
5747,07b623670647686084f8f5fd2038e2bafcfdac54,0,3,0,0,42,4,0,25,1944,268.62
5748,c1b6d47e7974a5d9d75933bab9a28572e9d95c14,0,12,0,0,44,6,0,29,3709,596.45
5749,ba54af3318a3584cdf685e6be8b5f668aff8a492,0,1,0,0,8,0,0,0,227,97.96
5750,c5f3d17ae3a61cbf77cab89cddd8303e20e5e734,7,14,0,1,43,94,0,18,6051,994.39
5751,a82f7fc94a52e941b139367f1e67c03229213247,0,14,7,0,94,43,0,20,6051,941.07
5752,9997e4ee52136a681faa825dea46bd1162d71eca,0,1,0,0,2,0,0,1,217,49.47
5753,46303dfd751912371539aa41ee8698dfb5e8b304,7,43,0,3,540,185,0,1540,46309,7108.72
5754,e8fbc9b43a3742358e0bdfe441ff4ca9d14e127b,0,1,0,0,0,8,0,4,1228,166.05
5755,7cd09bfb91e829a7595b97842e64cfd8edcd97f9,1,1,0,0,3,0,0,19,108,56.02
5756,073e00c0053cb351dbba265112a6e756c932f875,0,2,0,0,6,1,0,29,544,110.66
5757,893a54c3a40e08b6f50d753fca01688f491893d0,0,1,0,0,23,0,0,81,594,144.65
5758,d65978fceb85dd59e7fd66e2a93832a452e4c648,1,10,1,0,30,7,0,5,3448,525.29
5759,5266b0770843c57e977385d7ea1d0ea40273668a,0,6,0,0,18,0,0,8,1342,235.6
5760,3d3677932a4ec98c12121c879ac5e2ea71925ea5,0,1,0,0,1,0,0,2,253,1219.53
5761,5bde960b9525f97d26f8917041d550eeb0e2b781,0,2,0,0,15,0,0,32,3520,470.95
5762,28c2b18d30de4ce9564e328e5fdf42188e83fb63,2,16,1,0,100,76,0,105,8457,1317.6
5763,6e781a1f342de069868a8a1f95f6a403a6d4c499,0,6,0,0,18,6,0,25,1581,275.98
5764,4a26644245bad6a661442f0eede6850e12d07cc9,0,1,0,0,0,0,0,0,62,16.83
5765,8ee9158b5475b7d5bb6ba646420403820fac1d63,0,1,0,0,5,0,0,60,1328,194.7
5766,894ce84b8330f9e3b1ca5b04e591c7a77cd2ce13,0,1,0,0,2,0,0,6,26,21.31
5767,da932ee38d29a13acb3e3ff6653402d4c8141d04,3,7,0,0,16,19,0,22,2159,410.55
5768,83c506d9d49e900f3d4d5feca2ded135fb19b827,0,11,0,1,129,24,0,2,2893,496.96
5769,c8b9754a5e0372f93d0e9cf1d9ce788c3d0dcda1,1,3,1,0,0,0,0,0,2771,367.09
5770,18a48af2424a9a45d24c08014d4948e3274513a1,3,20,3,2,30,3,0,7,4445,1070.21
5771,df36178062dfa5146c3e8bb14d5a15c46f222119,0,1,0,0,4,0,0,0,35,19.99
5772,4ac8d4ce610a107112acb6aa070157691c022e90,5,6,2,0,18,14,0,29,1905,433.47
5773,cb17c7a97a1e2eb0ebd532f614191e4edbb9e49b,0,2,0,0,0,0,0,0,716,109.07
5774,c516968b8ccd478dcefff07d5f1d82480231c029,0,10,1,0,4,6,0,1,2073,329.77
5775,300fe5e6bfb58cbc3381ea6a04071b25334704c2,1,10,0,0,6,4,0,2,2073,334.34
5776,76bce7732633a0881ff7cb0dfd2f56f13a98303a,0,10,1,0,4,6,0,1,2073,323.18
5777,2d2fdd5a9fd122a76fc71db549b4e10985395dd2,0,1,0,0,0,0,0,0,1237,145.97
5778,79588240c60bf422fb9d9a74e0edd8b47a66b9f9,0,1,0,0,0,0,0,0,1237,159.22
5779,47fc696bc61e10386cf35644d95d2f45246d3269,0,1,0,0,5,0,0,10,50,29.62
5780,9bf26f46d1959e732a68d4e057c9a99701e5a047,0,52,0,2,167,54,0,84,20827,4512.36
5781,eb17f74b9e45146a21584f44e7a811fedeee138f,1,10,1,0,7,30,0,6,3479,509.4
5782,713c6b5b1e0b6918816b73516ff3f4859c31419d,0,15,0,0,206,68,0,31,3383,560.09
5783,93e200d52b29d35ad5a98eed9eea05783960f6b2,0,1,0,0,4,0,0,18,363,67.79
5784,b6f091e0fd02111714ae8820c8a4d3b9b4828343,0,1,0,0,4,0,0,1,271,59.23
5785,4681827d63be77eae1ee83efa7faf15b9fe214bc,0,1,0,0,0,1,0,0,227,37.03
5786,772f30fe2a66e6b7692e292c6f8f1ccf861dd5de,0,10,0,0,97,25,0,70,2762,444.04
5787,6ed3c759d0ee0549e7d9eb77fe71b39409f5e4d9,0,7,0,0,46,6,0,26,4157,571.18
5788,d6b3d838eba382f6b7734ca1f40fa58eb97a4f89,0,2,0,0,0,16,0,4,516,75.35
5789,de62ad150d393188c8c51f3608c151324c30a731,0,4,2,0,37,53,0,13,1362,258.36
5790,47c41479401ea0aadfa3c3776fe2930bb8e9710d,0,1,0,0,1,0,0,2,22,18.9
5791,37ed0f6d0815389e0b368bc98b3a01dd02f193ac,0,1,0,0,1,2,0,5,21,22.22
5792,b3b1ce99c63d79401ddda9c114850dea61af0afb,10,34,5,0,43,10,0,28,12390,2171.54
5793,0de221a19d799ad515f8f4556cacd05e6b4e74f8,0,7,0,0,160,30,0,8,2244,375.56
5794,9ec408e25b70f4ce586340b9396da67a1e38f6ca,0,1,0,0,0,0,0,0,323,46.97
5795,2cc48e039d1f800832ac8880bbc820982e0ac8a5,0,25,0,1,91,17,0,105,15578,2215.93
5796,fc5e698c0a4e9613ab9eddcfc2a2684424806c56,0,1,0,0,4,0,0,9,100,34.58
5797,243e6cc5293dc1e2a4dfd3af4ee29087c84184c8,0,2,0,0,6,0,0,12,410,87.11
5798,ed46591f30d4d66e89bc8157fc866c2aad77ce2c,4,20,0,0,178,287,0,66,15333,2531.43
5799,2f5767376f42c0416e025df412e3d5944a1b2a67,0,4,0,0,2,0,0,1,840,184.31
5800,ecf3efadc04473c36a16d85baafe9d1e3ced355a,0,1,0,0,2,0,0,12,897,1340.86
5801,31f9f2fb67e4c83748d725947ed5eb2cd13df1ef,0,1,0,0,2,0,0,1,1638,220.95
5802,7b33a740b10b05b50f8e9d3b2a1ef37593cb6eb3,0,1,0,0,20,3,0,0,1204,158.04
5803,a69272efe12f7b780fbf2fa14c42d0c0b155205f,1,13,0,0,35,2,0,44,9290,1286.83
5804,d5d26f0804f0f6ed7feb4d23fbc1fddd189b2f71,0,1,0,0,24,0,0,8,260,57.18
5805,c177cfed416e0cf72ae6131c5e98c99672bef3cc,0,1,0,0,2,0,0,4,793,120.83
5806,337f4830770d87e2fe629d742a3dcc64dba0c2cb,0,1,0,0,0,2,0,0,793,120.41
5807,18eff3c1c337003b2a419490e621f931d16936fb,0,1,0,0,2,0,0,4,793,116.07
5808,b80325fb1b6ad4735c8b2cb259b1430eddefd7b7,0,1,0,0,0,0,0,0,284,44.15
5809,f4d9597e1eef3baa9266581cf762ae3b249a1dff,0,1,0,0,0,0,0,0,795,124.25
5810,8f20bc748de60f8da3ab7f66c6a198515d53de35,1,19,0,0,83,305,0,217,13289,2026.98
5811,6f6a8ed71fe98b83e8a8db974fc15b0d8597b174,0,2,0,0,15,0,0,34,3687,473.63
5812,64bac770d4cd3cb780fea58101ea79b96283d320,0,3,0,0,11,0,0,0,690,129.94
5813,7239056c78cc6eb2867c8865ab45821d3e51328a,0,3,0,0,41,4,0,68,3168,447.06
5814,efc7a0d34749091d8efa623e7424956b72d3bb59,0,2,0,1,6,0,0,0,99,81.17
5815,4e44f4f5050bf2720762f754d3756763026c0dbd,0,2,0,0,0,12,0,33,3690,492.57
5816,dfd8a31a130ffdad382a5a6923035b1142ccdb0c,1,1,0,0,42,10,0,3,242,92.45
5817,ec92a8a705dfec076a93454e1042645d466758f0,0,7,0,0,562,723,0,74,7616,1220.9
5818,a8073c4a9819953a2dd13a26bb4dd9405ac8750c,0,5,0,1,42,72,0,8,1179,237.18
5819,25dfc112dd76134a9a3ce1f2e88c4075aef76557,11,12,1,0,23,347,0,14,6961,1344.31
5820,bab812df289a3bb33407446a8910e3bb5c6195e0,0,1,0,0,3,0,0,3,617,1431.01
5821,df829ea7d1b4d2ef745e29d2b25b12966000eeb2,0,1,0,0,20,0,0,23,620,101.19
5822,d53318163be54ff8b0eff44402fdf5b16a233100,0,4,0,0,0,32,0,0,1182,189.19
5823,2963d59ed21de246390426cbdb57c160a4f65303,0,1,0,0,5,6,0,0,634,108.31
5824,1942a99b831bb4c41c0e09d6b93df5e1d060f58e,0,3,0,0,5,0,0,3,628,108.28
5825,fec97338931f2617ddb99bf7faad67d0a0ee2ddf,0,2,0,0,17,0,0,60,3533,483.92
5826,29a192ef3cbe3b9cc12a6ee38f39e1199ac9790f,0,9,0,0,14,34,0,9,4829,831.96
5827,12982d1957d46276882e447c8fe854e0d16a17b0,0,1,0,0,19,0,0,0,603,98.77
5828,454e45f50df0038e2c67368c47f9395ebee7cf69,0,1,0,0,0,20,0,22,619,102.42
5829,1419628881698be9e7dec92424d8a5719d35c1cf,0,1,0,0,13,0,0,0,503,79.58
5830,e3aa71fb76bfdec5b1ec0b5ef31602698330f2d6,0,1,0,0,0,0,0,0,60,16.93
5831,2d8e0a0477cdfc1d13373cde54e0cd080db514f5,0,2,0,0,44,8,0,7,160,68.82
5832,e0fa176f0b3aef8f70e99eca752309810f6eb811,0,1,0,0,0,0,0,0,114,23.6
5833,d2ba87509b8d193f58183beff4ab76c7edf47e11,0,2,0,0,145,10,0,34,1606,288.82
5834,4b1acead42ffc625e398f0cd1cdec9e50f756fa9,0,4,0,0,8,2,0,0,3782,519.29
5835,630a65825ed9a9c00f72bbfcac0588e1ab0cdd72,1,34,1,0,167,232,0,40,3347,805.87
5836,8eedc967515a4d9133068962fe029160d24e6f95,0,1,0,0,29,0,0,27,1273,193.75
5837,afa63a91d6500076178312e86288ac2393800145,3,0,0,0,0,0,0,0,0,141.86
5838,ed290cf829e54cbbff740b205d41417768e04337,0,1,0,0,26,0,0,23,619,105.12
5839,e58c0385a738df63fa3fff287e1ddcfe6da1d046,0,17,0,0,212,0,0,34,3431,608.69
5840,83297f661b80af58190591c57d3cef1e6496e56b,3,0,0,0,0,0,0,0,0,1461.44
5841,5e501123ca7854b18c63674029cdf3e7aeac5cf9,0,2,0,0,0,3,0,2,255,56.43
5842,11740570c1440254a76fae67d318c6a852cb56b8,0,13,0,2,214,606,0,24,2621,783.25
5843,3ba1a7fd23f0b0ca06cf7a9a04cb45975e1c7d91,3,4,0,0,15,5,0,22,845,221.48
5844,58283fa1b1b10beec62cefa40babff6a1424b06c,0,1,0,0,5,0,0,1,185,46.5
5845,f47dba74d498d5d39f124ad8ea5723c437acbc85,0,6,0,0,61,5,0,12,1668,321.06
5846,876a6ab73ecff71b9b4010a532272474ea241daf,1,9,0,0,46,1,0,8,5000,732.98
5847,6e9d355b12a1e666f4d05be02775a01b6754d063,4,0,0,0,0,0,0,0,0,224.52
5848,43f99def670551cfe314c44181c0cb9570cdaaa3,1,11,0,0,94,0,0,22,634,279.23
5849,77133fd225df9f65be87ce97b38676d2bab48a71,0,3,0,0,2,2,0,4,206,58.45
5850,538815d82a62cbcc7aaccec0a3bc4e44cb925277,0,1,0,0,0,0,0,0,1006,124.68
5851,8f2bd06019869a1738bcfd66066737cdb7802ca8,0,42,0,3,271,136,0,351,17325,3001.66
5852,793babf4a4c0156f9e712a2bbf9578e2a1d6e1e4,0,3,0,2,64,1,0,18,996,375.79
5853,99955a3240c5032daae471cacebe595134f71fc3,2,12,0,1,1666,0,0,925,49760,8006.41
5854,f7f96b9fb70f5b2243558cf531ab7fa51162e656,2,5,0,0,516,97,0,5,570,342.79
5855,27cf0c8c365b61fe12a9e85422e30d1f217f6b7b,1,2,0,0,0,10,0,0,119,71.91
5856,8ace5bbfcea01e02c5661f75fe9458e04fa3b60f,1,19,0,0,43,14,0,72,5402,943.71
5857,dc449436662d8520a02628c438d0da665ab6da2e,0,7,3,0,84,28,0,3,474,205.8
5858,9ad13468a0cc48567b0224eba5b0a53e833a2530,0,2,0,0,0,18,0,0,158,48.47
5859,69e442efe4c3e612d5dee6a7f4b0a408395202d3,0,1,0,0,3,0,0,0,139,34.92
5860,bab8d1527b2d1a0d99095cee7e4191a9a7f57aea,0,2,0,1,3,1,0,1,183,1464.55
5861,60b81dc84859901881918d7dc686bf210e20989b,0,2,0,0,26,0,0,9,375,87.72
5862,edc5ab5af9829932108dff90a9ec6a7cd611ff42,0,1,0,0,0,5,0,0,185,36.83
5863,5e395c42941251e1557f5e304eff4f858f320b50,0,1,0,0,1,0,0,2,111,34.57
5864,f658f3ef83f191c50e602800740af464bd9b00cc,0,45,0,3,57,44,0,27,9202,1491.5
5865,4fba1c36275710d9970066310489b927e5d194a1,0,1,0,0,5,0,0,1,185,48.09
5866,7dabcf23e8dd53f563981e1e03f82336fc0a44da,0,3,0,0,2,0,0,2,1176,168.53
5867,7d3a89ce8e07d9fd1c31b4bd2324b71dd10ecef5,0,4,0,0,29,0,0,16,477,132.46
5868,664575598ea81fe2a53d8d88ead4ce318ff89d86,0,3,0,0,53,0,0,9,515,129.76
5869,ef712df944b0745892bc13bcecdfd6e358a71b66,3,19,1,0,837,55,0,305,30308,4601.14
5870,d083e4f29f5ae5698be7cce8414a2c97b6800af4,0,2,0,0,21,31,0,6,403,94.64
5871,8f9e46a640ece73bb126608492f4fa7e39774a12,0,2,0,0,13,26,0,3,1223,177.9
5872,4483b3cbed0c9cc17116af2407d946e605d6d627,0,3,0,0,60,0,0,0,1201,201.11
5873,f30afa05d9274af2301ff7ffdbd8d6e42599ef57,0,8,0,0,123,72,0,28,1927,391.19
5874,05161fcbfdd78f5684b9cb52c49a02be5ad14499,1,0,0,0,0,0,0,0,0,30.0
5875,05c1309b3c4ef5eb2634a84339f608fc4e694318,1,1,0,0,8,0,0,11,206,81.16
5876,dfc650a953c3a43e28a72736cd397c9bd41e787c,0,1,1,0,0,8,0,8,206,46.45
5877,0f14856b01ed14eca9b1cd91087d85732b3ad2d3,0,1,0,0,1,0,0,2,70,26.01
5878,d15ae0e6abea3e25838df6f8850c9593248fe6a4,0,1,0,0,0,0,0,0,395,58.88
5879,e477c143bca83b8ec8e10c65a0e8ef526e24482e,0,1,0,0,9,0,0,3,90,32.08
5880,1c6beb3dc1a651e8d40ac0e9c7191727cf8cf413,0,1,0,0,30,0,0,0,114,1099.88
5881,4f044cf6be191b462ec8b5ca3401e8ca6f956f94,0,1,0,0,0,23,0,0,232,65.65
5882,46cc3d4972d8db478c86e9848afed523cb6dc866,0,5,0,0,82,23,0,8,322,139.51
5883,7e4e8dc3e9e0edb287fe27e488736c906b1d0ff5,0,1,0,0,0,0,0,0,237,35.73
5884,9e967e5c1ddcff46db0b80fb26e1cfe083cd1bfd,0,6,0,0,20,4,0,13,1733,250.23
5885,14217cef247f5ab0f052b54fc569565137e566e0,0,1,0,0,0,0,0,0,2420,293.21
5886,ad9b91a9042607c4528ac79b2aed1254d99f6db4,0,2,0,0,39,0,0,0,512,108.88
5887,97cce850fed130aa263d61f6a3c4f361f2629c7c,0,1,0,0,2,0,0,1,80,54.9
5888,ecec35ae4e6867da3b42d674f6eccbe8a9f7d533,0,6,0,1,70,1,0,40,7074,1113.64
5889,bb5bfe82f2635eddb859f82f66c9c7d5c9a479fb,0,1,0,0,0,0,0,0,395,65.49
5890,6628d2df1183974a4e7d1ac72d73ce0810f5183e,1,5,0,0,0,6,0,0,2153,305.09
5891,eea8b38dfa0180d3e6f93d3e8055d5d4fbf673c3,0,12,0,0,67,18,0,2,2579,553.04
5892,7073f69993e446c2a63308f7827639d675a2da58,0,10,0,2,81,68,0,7,1506,372.55
5893,d7a4499dfc8b3936a0eca867589fc2b23b597866,0,10,0,0,0,0,0,0,1587,276.46
5894,b6b9910e2c768b78c8b734a40e16604d82b8de72,0,1,0,0,0,0,0,0,18,12.49
5895,75252af3a983966de9a488389987a773b59ae4da,0,8,0,0,60,0,0,46,1068,252.45
5896,51259fe4a5357fadbd4b031c924c965951b3b7cf,0,7,0,0,39,3,0,2,5347,765.22
5897,f120602f1e3ac2260bce9d7925f01e79bbf0f6df,0,7,0,0,56,0,0,43,4757,779.13
5898,9eb25bd5c92619257a3ffb3bbbb090a712cf226a,0,1,0,0,2,0,0,2,226,51.96
5899,3bf0945a1149e518a49d14d4cc930383a4f311da,1,2,0,0,12,0,0,2,563,142.46
5900,3adcc750e3f843a12a0985ae64027112a9e1f9e9,0,6,0,1,31,14,0,36,2264,1474.92
5901,925c18596928bc985946ee2f24136a4b34fd21f5,1,4,0,0,68,0,0,94,28158,3658.45
5902,a2c99b133f8ad2a02e8710a4e0f9a448539cc127,0,1,0,0,0,0,0,0,53,18.06
5903,000117ad9fd7eb59074c9bb0da2cf1f9544d4bed,0,22,1,0,112,152,0,105,5428,980.25
5904,12f66e3060339acc569ee425385e2dc255bb3e94,0,22,0,0,0,0,0,0,5540,798.31
5905,8c031e9d6b39d9e385bc545215efc73a3cd6d199,0,7,0,0,1,55,0,33,4758,766.88
5906,3a6d683d63089c1986e68e531939df7328e58300,0,8,0,0,54,0,0,43,5146,751.65
5907,d2d8058ab35ec16e1f27a117aee8baa18e52a136,0,1,0,0,1,1,0,1,102,29.08
5908,dc6cd0bb7412b8746e28886d42f6708b0c5f2322,0,1,0,0,0,0,0,0,845,115.11
5909,f1d453599a944440b8a1075082e2dc7b7676416f,0,5,0,0,28,2,0,22,1311,230.83
5910,797562e6c3a2131f93a1ab5d777abf1867d91383,0,21,0,0,143,41,0,57,9021,1321.88
5911,5fcadb86ab9981b69fba92e590cffc028e2b78b3,0,2,0,0,36,2,0,2,352,90.32
5912,23484785067bb4a31d5d6a180f578cee70ff9276,0,3,0,0,27,1,0,15,454,98.75
5913,47471c35e3a98ba023ef9095b90b4698fd15da3b,0,9,0,1,253,0,0,68,6268,1013.59
5914,b6e1f630743a7e09f319145e357242a56580f0d7,0,1,0,0,0,0,0,0,127,25.06
5915,891569bbd92f95797033c0706c9de9617228415b,0,1,0,0,0,0,0,0,35,14.78
5916,b3fe4ed16c45e6411f7163099a8bc4c18c39779e,0,6,0,0,25,0,0,18,1239,201.18
5917,8af9ed743352b0dc691d30b6902379bdef67df43,0,0,1,0,0,0,0,0,0,13.61
5918,3f3613a23485121ae72959206f4db09a0f557cd1,0,2,0,0,23,0,0,3,1379,202.16
5919,a13d6e000ddef2c524b641e04f7969950b2b1811,0,10,0,0,5,79,0,19,1508,290.27
5920,cadfb21f4bb465d1e305db2a159b8574282c8150,0,2,0,0,45,13,0,0,855,1192.57
5921,7177e4be64d134144ddc64b8635b06c7d3141f0c,0,2,0,0,0,0,0,0,819,118.36
5922,05200976110135abb60f9b879b9b830671c07141,2,37,1,0,314,14,0,142,17027,2878.17
5923,db3ba652f88083b0b1c57b4857f11fce7ae5b131,0,2,0,0,6,0,0,13,1051,185.45
5924,e9c4f12856420b3089665751ea141298580f6c21,0,1,0,0,4,0,0,0,153,38.55
5925,e71bc71c84d3562c9caca8863bbb63fe85c52f12,0,1,0,0,0,0,0,0,331,56.95
5926,07c597c8a2fe4f5b2b5412eea479b75e37de8f1a,0,4,0,0,18,3,0,16,1934,288.6
5927,7f39baf0f4572ff209837d7de5d37554851ecbb7,3,24,0,1,1034,152,0,253,9703,2030.02
5928,11d11d3fcc591227cccf3531b911e46c68774501,7,8,1,0,63,104,0,0,1829,576.29
5929,b865fb9434f3fc700cced9d6cdc5235794f8b5ba,0,2,0,0,8,2,0,19,552,108.55
5930,6ea4994569e05ff44e0fa571e053cef828ab57ed,2,3,0,0,26,3,0,8,619,299.28
5931,cbf9c1e116717972c243abedb53e7d26ef03cc85,0,2,0,0,17,0,0,37,372,82.53
5932,d6fd85945130516ba10fe4854ce080e5a2329983,2,8,0,3,72,29,0,0,428,289.42
5933,afdfd1bd9c938fa4b5c2aa9346e559167d550785,0,1,0,0,1,0,0,1,34,22.91
5934,21301a8a956285179b59b309a31d1155c6673e25,0,2,0,2,0,9,0,0,235,128.46
5935,ff6a3395821fd1a7857b35b11d45b81743a75e61,0,1,0,0,2,0,0,0,1078,134.32
5936,8c7f044efbb8a84561d28a221343c7b65263934e,0,4,0,0,6,0,0,0,2565,336.4
5937,e1d5c3d269129cf8c313ba29d9a9f694b799170b,4,17,2,1,3053,155,0,763,49084,8037.78
5938,89d750166d32f1505c5278fd07d4fb575d6caa3d,0,0,2,0,0,0,0,0,0,21.41
5939,25419d8b18dd8f35a102614cd31b274659f747ef,0,7,0,1,47,21,0,2,959,293.95
5940,7e399883f62fd37e5215ce3a456a917e690c921c,3,2,0,0,1,0,0,1,72,1225.02
5941,c93cffb95c0322fc4244fe78a584ff225bc105c9,0,1,0,0,2,0,0,0,332,54.33
5942,ac8cd373ebe81ed24cab6737154c6902c05ff059,1,1,0,0,28,13,0,0,296,169.24
5943,a9f1c4a87153002629c291312bac4b758ad58204,0,12,0,0,915,14,0,822,48213,7112.37
5944,d393603dea23306cd3f18f6dbd1cf14561d45bd0,0,1,0,0,0,7,0,6,1789,227.96
5945,f60fc9d1a0625970aa2fd14d29e4c1266f9571b7,4,12,0,0,200,187,0,3,2546,701.68
5946,a146a71a332fdd58f9bf4e748861f5b050a5f22f,0,0,1,0,0,0,0,0,0,17.07
5947,e450d94a2c8655330ff1c80a757b39319d9f26d1,0,4,0,0,1,10,0,0,1288,196.51
5948,e0f31ba6e68416db359d31eee21750cd7559909f,1,10,0,1,164,15,0,37,1043,320.86
5949,f7d44e929fd2a8dac5f15c50c2eea1d448e92eb7,0,6,0,0,113,124,0,1,309,171.37
5950,476973654c297198e33405ff7bc588ffe213aae9,0,3,0,0,12,9,0,6,192,126.04
5951,6e3ffd03e7a27274315b859a3b624736ef0ed20b,0,3,0,0,0,0,0,0,204,48.04
5952,3abd52bdc6db926d930fd94cfce5bd7ba6fd005f,1,1,0,0,64,0,0,0,131,94.35
5953,d03cdc795c42cff13a1a9aab3ef72c3f42d9ff47,0,6,0,0,83,4,0,2,748,206.69
5954,7efb9edecbdf8b35046230575d504e4caeb80f34,2,58,0,1,69,588,0,24,17852,2902.39
5955,543e7081f548e1379bbd36a301640ef20d06ccc2,0,1,0,0,0,0,0,0,1640,191.88
5956,ae7e5e29f9be9999b495b7e30331b351b1888d8f,0,6,0,0,80,0,0,6,799,217.44
5957,d815211f5a2583e4b03c627585709872cc711b7e,0,17,0,1,58,27,0,13,2550,485.9
5958,2c26fe37ac5c2be4d7edba618cea8a605f289ad7,1,5,0,1,61,8,0,15,1853,367.09
5959,bd3b9753a9a792b402064ec4fabf2dc3c2eb41f1,0,7,0,0,7,1,0,8,2003,300.28
5960,53d7316075b02e64673b05a3a4a0db49e3756127,0,10,0,0,79,0,0,13,3779,2030.55
5961,ce318a2906817058ae7b2fce6e9b54d9d6230f9b,0,6,0,0,87,30,0,15,1972,328.71
5962,a330a2b5050f0ce9e902a6e23309d003015cbcf7,0,3,0,0,21,0,0,1,106,46.76
5963,b6617b4eb90047d51fb287643c971278ba6b9213,0,4,0,0,38,0,0,63,1184,222.74
5964,a3546a37521e5171b675ab05342c3fc96ca12bac,0,3,0,0,75,32,0,18,925,188.89
5965,58f175f0ea2c824137cb428021cf89b2b0b35968,5,3,0,0,22,100,0,14,288,198.12
5966,fa215a67e20da8c1a450b16db27c73ee3f9d02c0,0,3,0,0,9,0,0,3,1069,168.08
5967,6dd938c20bf4634b5efa1ceca4ded7e54f8d9c0e,0,2,0,0,5,0,0,1,920,128.88
5968,18d70bc680856877a039e6613a3493793fc5960d,10,3,0,0,11,2,0,5,1537,408.67
5969,03f3c392a3ae940f26ddef56e6991a07f2c993f7,0,4,0,0,15,0,0,1,4847,714.59
5970,9ba9cdeb4718daf6c3d1010ae60d58cb12a5a18b,0,1,0,0,1,0,0,1,143,38.67
5971,4c0587134a5334c5da401476dc510c746a301f1e,0,7,0,0,66,0,0,13,191,110.57
5972,1ecb10ce071a4b3aa6cd52bd346bf3c49437ed8d,1,4,0,0,0,129,0,0,901,187.51
5973,bfca2a460694bb2abc720a582318bee4ddc29c0f,0,2,0,0,18,6,0,8,975,140.24
5974,3cfe363f130d8d71d5588e234121bb719f3b52d9,2,4,0,0,17,205,0,3,436,248.38
5975,1eac103ead61d0614c4cce12d40e98f802589489,9,3,6,3,0,0,0,0,435,798.06
5976,4bdd47c52c62340de1ce707e6ca2c95b3660e5e4,0,1,0,0,0,0,0,0,88,21.51
5977,e8b37422c3217bf6794607e3d88d01b99321eda5,0,2,0,0,23,0,0,14,3492,569.54
5978,8a28c234318f86afb017f163375c9b05340f1aea,0,3,0,0,16,0,0,17,348,123.9
5979,47063031866e321655e63fd6c59128409c31b3b1,0,2,0,0,8,0,0,2,1361,211.26
5980,730b077666ba3dc91f894ea3899fe854e6168777,0,1,0,0,0,2,0,11,1236,1268.97
5981,01c0448ccd943186ba8045074a59e53f8f08c364,0,3,0,0,98,56,0,19,456,170.19
5982,ccd8888b4b5cbb5580633bc204c82edb25707287,0,3,0,0,3,38,0,6,516,103.29
5983,15631a76f5404728ee7f9683668038700f3cda4a,0,4,0,0,0,103,0,0,3903,604.49
5984,56358a0fd3e93b7ba8dc2a9cd8d92d961a1c24a9,4,12,0,0,3,361,0,0,376,281.9
5985,bbc7b903350379b3aa50b9d105ff5d43cc166134,0,1,0,0,9,0,0,2,137,59.85
5986,58c4c3d1748378960446af7f70f00c481c24b9f7,1,5,0,0,21,2,0,5,355,119.6
5987,d77972ff16ef884b6cc5651a0000789597ae68bb,0,2,0,0,41,57,0,8,3773,533.58
5988,c06a976a98f04b3c834c2d8ee2e889b7882591d2,5,37,0,0,178,27,0,104,24355,3439.92
5989,c77a153001a59954481929b629a4f78492b3da46,0,2,0,0,4,0,0,0,310,62.55
5990,6abe1879dd5776c887bf2ca704c12b3adc75713f,0,2,0,0,5,2,0,6,549,101.7
5991,f76ffb7f38f003c4e01044eddc5e1d0d970a7efd,2,12,0,0,14,0,0,2,792,231.67
5992,a8a2c516a0752ff782f8338502c8b2005049eda3,2,10,0,0,23,164,0,46,4134,691.83
5993,809ed326f0f39698c9ee7ed8847440ba89e0f5ce,0,1,0,0,0,0,0,0,1006,121.59
5994,0bf065a5d52222f1a53052aaee21ee501e9d6e64,0,35,0,0,38,6,0,7,7343,1115.35
5995,0d252918f65aca8dba070f2da1d32de8b2fd1c1c,0,4,0,0,99,0,0,10,1092,234.2
5996,532b914f08af31d34a9b4ede7e8f5a567a9b211e,0,6,0,0,3,0,0,0,2284,328.64
5997,48b77dbcbccf9683f4da160dedb218bef9ae8bca,0,3,0,0,44,26,0,1,811,178.11
5998,bec81b1977ab3862c424cc0e0768c5d18bda7dee,0,15,0,3,10,0,0,4,4574,858.18
5999,34e9a6ff301f40aa3f6ce33ac1b86f9e50fa6694,0,6,0,0,207,12,0,142,11702,1542.47
6000,513ca3483f1d32450ffa0c034e7a7f97b63ff582,0,15,0,0,1,1,0,1,4603,1860.97
6001,fa033b6a08020282004ec87353f743fc205140ef,5,4,0,0,28,10,0,15,508,166.02
6002,ac31ceb835b303287b367780c17723cb49d54fba,0,1,0,0,0,2,0,0,61,16.89
6003,e71ae601f7ce40c7f917141ff7a4122f6205987b,0,18,0,3,0,20,0,2,1147,264.83
6004,541d1da5fee9e52f3d6dc86f754dbdec9dab1919,0,1,0,0,0,0,0,0,122,20.66
6005,a11091c49cdd67c0ad37e8a55e87f430e24da4f1,0,11,0,0,175,82,0,34,1490,366.27
6006,97ad33c6918dc39811fc86d82b38e43e60361bf5,3,25,0,1,103,85,0,8,7374,1123.87
6007,05378cbf69957b76e8559185ea20235242a8b2e6,0,2,0,0,0,4,0,0,285,52.78
6008,b75b2268046d8b3e872060505260289d8ee43dd5,0,6,0,0,63,17,0,2,1341,243.61
6009,60e19f60a9767db6b145cf9884d2295412baffe0,0,1,0,0,0,5,0,93,1362,194.79
6010,1267f76e9aa9591b462f6e1ba2e50ec4dbf92f8b,4,55,2,6,198,1424,0,89,19098,3442.59
6011,c9ebcd4e296a31e0da43f513db3f5a8c3929c191,0,2,0,0,10,15,0,7,551,104.99
6012,f3fee82ac42228d3c87353508fbd06d28e6414be,0,1,0,0,0,1,0,0,588,78.51
6013,c867858c4437e8159235bd64a53a900a152bb41a,0,1,0,0,1,0,0,0,588,80.47
6014,b353e388bb6bf315818fcde81f11131d6d539c70,0,2,0,0,90,0,0,21,1076,191.93
6015,e0aff109018918514c8f27a8a90159e695e8b542,0,8,0,1,1,17,0,4,2299,319.16
6016,2482062d3475ae2ad9fc32f0f346e83892f81ad0,0,6,0,0,85,20,0,2,812,196.87
6017,c3223a59ffc0f4c8b0f5c7bc452677ef05cdbc11,0,1,0,0,2,0,0,2,159,35.58
6018,00e61d2cfdfbc9d4dcf845f16df88bb31a822047,0,1,0,0,70,0,0,8,274,69.47
6019,e47bfb90786df6fa794af844028a4a0f50b3433c,0,6,0,0,59,0,0,98,5910,920.94
6020,b2b3b1fa4d061b242970b335bbb87892537e5d99,0,6,0,0,0,59,0,93,5910,1876.1
6021,3bd9220f0ca315822ba2f5652add772b8c518f71,0,8,0,0,61,0,0,112,6878,912.71
6022,c1ada0a373561132a3359b48a27975b2e85978da,0,2,0,0,2,2,0,3,516,83.38
6023,5ac54e6abb4e14f3d2fb2e013a7688d7043a60d3,0,14,0,1,157,123,0,22,10544,1513.15
6024,a050e1d9f84eed0b73b5f8ca30d9d93b5bf50057,0,2,0,0,82,39,0,44,602,134.82
6025,4793988aef849625c565e1cc410af39040881f6d,1,3,0,0,6,2,0,5,262,89.79
6026,21e98271c32f0d44106515a72b2c92d518c03668,3,12,0,0,57,10,0,20,2682,574.66
6027,babdedc1b0f0159eb526fb5c9ee08525de7ce404,0,9,0,0,319,125,0,28,1395,354.81
6028,7a84ee262f5a0630009d3a9f9157e64aa1e910f2,0,10,0,0,66,48,0,50,5756,839.98
6029,d34f5d4b96e649929bb47e122611537c5726851f,2,0,2,0,0,0,0,0,0,116.01
6030,58798fc091354e4ee5ebc18f1a6896a3a8d05cee,0,5,0,1,54,1,0,20,2020,369.93
6031,8dc0ae6fb37f514a71a568e9e123dd6908c00e83,0,1,0,0,0,9,0,0,174,42.86
6032,2bb07e209e297f41e35e3773b33fdbefce9522db,0,5,0,0,0,48,0,17,2026,314.59
6033,6063afff5dd7561801565e774e83e8ca2552a6b7,1,2,0,0,47,90,0,0,448,106.11
6034,0e52ac2464afe049b14930eeb3e879698743f27e,0,6,0,0,56,0,0,84,5217,752.12
6035,0671cba65f8cbb133ee27b712dd29b09a8d99efa,0,6,0,0,58,15,0,20,2112,355.94
6036,ae42c65cfde8539da2ccdf7b482f24a83efe829c,0,2,0,0,13,0,0,0,78,33.69
6037,7130a222ce6a70ef14f1eae6c3f06a52ba4b63de,0,2,0,0,9,4,0,22,727,141.6
6038,c03ea895c4c9c9fec59e4b9e14280c5b867ff3eb,2,2,0,0,104,1,0,70,409,414.21
6039,2515b0974d84421f47a18f9e20b5fe215a95cf8f,0,1,0,0,1,0,0,2,24,49.06
6040,f4470af95db383a47d1bd431a32cd8a6949dd7c0,0,4,0,1,0,5,0,6,1101,1306.52
6041,7d9d3ea38a327505a7ac1b65fd4e26072aacb08f,0,36,0,0,140,0,0,20,62231,8318.16
6042,cdd532da8aee8e30ecf389afa3584b7931fb0f7b,0,59,1,3,50,159,0,28,23945,3679.81
6043,94696d4067165b09818615809a10e609321e7f22,0,1,0,0,27,70,0,6,123,46.14
6044,43d1a999fe40ca5fd24fe57a189b10b9acfbbd30,0,2,0,0,33,1,0,19,7482,993.83
6045,fdaf3be84fc0732efba00aff87801a939612f785,0,2,0,0,0,0,0,0,970,130.29
6046,d50cf9972d0bd3e610370669345617c87416e3f4,0,0,5,0,0,0,0,0,0,35.29
6047,a1f0c1cbb3b227c9a4369d4fee45dab52014177a,0,35,0,1,41,73,0,51,13446,2063.95
6048,1a27278624d9752c376929bc97589ca1a97cfba9,0,9,0,2,3,2,0,0,4968,740.39
6049,53eb27bb60bc736f0c56c7a2facfb6e6ccb91be5,0,3,0,0,17,0,0,1,1610,262.05
6050,b557f0bec62a48753e5d01d7a47f3c9e5a6b3ee8,0,1,0,0,57,180,0,42,251,81.64
6051,cd2588001cf31ad2fb2020f9e021c9b1be1b76fc,0,1,0,0,4,0,0,5,74,32.41
6052,7e5d530870f146dfdee52e5a228ad84f0aefafd7,0,2,0,0,89,0,0,42,691,145.0
6053,fc890a2ecb12c3c664ad00f8b2f8788dba04c71d,0,2,0,0,15,0,0,2,240,59.9
6054,72d3f2a86825808af879ed77a9fafe4c42daed6a,0,1,0,0,0,0,0,0,25,12.08
6055,cb118c8de6ddb783e90c07912a5fbdd629eabf06,0,3,0,0,139,27,0,12,1270,242.89
6056,9a53d8b3850f0521c3a4ad194a3b84d7f4145007,1,0,1,0,0,0,0,0,0,83.58
6057,0cbce07626b77d9aa75a16f5e52c19428865dce7,0,2,0,0,34,0,0,13,295,83.04
6058,f0c159b5fed732cdc08bd2fd924ae81677d66a30,0,6,0,0,74,22,0,83,4999,695.07
6059,e0b70c00e74aeaac33570508e3732a53daea839e,0,5,0,0,92,71,0,32,1464,250.16
6060,1125215aad3f5b149f3458ba7019c5920f6dca66,0,3,0,0,10,0,0,4,1356,1322.95
6061,b21c56e7958652ca6e6daf04642eb51abaf2b3d7,0,5,0,0,98,0,0,1,384,102.25
6062,3d7840a173aab97fb72409fa8c0f161fd7ad0e8f,0,21,0,12,97,39,0,56,1533,701.05
6063,15c03fd1c97c271aca6dc30feab35ec0c9f8edbe,0,2,0,1,2,0,0,1,40,32.25
6064,76396714e1dbb3d7c65064c807f4131d0b2f11b8,0,7,0,1,297,1,0,68,1009,322.25
6065,6d5a25935e5ce983e14eff576a699ed1948566d2,0,3,0,0,0,10,0,3,1356,188.89
6066,e66ecd7db68d6ef57084543d08f7774c82f22f45,0,5,0,0,71,92,0,35,1464,243.51
6067,d05a3722c8347363eb04a3e5457d13ae5d0d6de6,1,3,0,0,38,6,0,50,3580,636.64
6068,3ac4a57fd205e1909c874cabd7fda9fb176f3f0f,2,5,0,0,5,0,0,0,196,104.34
6069,d5d9b7d500c4e2bdf67abed462eeee966f7bf7df,1,6,0,0,289,0,0,58,2026,350.43
6070,d9463bcce0e36bfb67c82acd1d7483f63b2764b7,0,17,0,1,49,74,0,48,3242,597.46
6071,a7172d5611f33dde2566a4e140aeddc675a56f3a,0,1,0,0,1,0,0,0,308,52.03
6072,407aa4d4963eb0d4aa3e0950babc8cec31367e11,0,5,2,0,0,5,0,0,196,67.49
6073,031b745001c7d54ef13f3cd6d725d0eb78095785,2,5,0,0,5,0,0,0,196,86.03
6074,2093aadec1433c1376d1a9a6166e94a257a811b2,4,11,1,1,93,22,0,14,1251,443.88
6075,bd45cf34762332a3a51f605798a3e050e7a1e62e,0,1,0,0,0,0,0,0,177,33.87
6076,4c885f4fdbef1efa7f4b6f43bc024db6280cde39,1,4,0,1,17,4,0,23,4140,590.94
6077,2738518d439e881ff57622b10ba835dbaab25c77,0,1,0,0,23,0,0,0,12,19.85
6078,2d0448fa84745991d2447ff78600866873b1fec0,0,1,0,0,0,0,0,0,35,14.09
6079,56c209c8aaf15997888307f8a76767858cb9f470,0,1,0,0,0,0,0,0,35,12.75
6080,fa50d456a8a05517004fec853258e4a01ca35a23,0,1,0,0,0,0,0,0,110,1171.41
6081,e486d274c508bea01b93f7c3175177c35482a5f1,0,1,0,0,2,0,0,4,1320,184.11
6082,17bcf14fea2637fe0e5ca23bb0008c1cca208c98,4,4,0,0,158,98,0,50,1371,422.5
6083,61ff6ced5bea3586129fb0844bbf64b122775b42,0,9,0,0,43,115,0,45,2068,332.38
6084,ee86e91e7eb3d647c89db496baa12a332f2c0c18,1,4,0,0,61,31,0,3,455,166.68
6085,db234bf15dac9c7904a2ad50a86ac4f1a7da3ca1,0,1,0,0,0,0,0,0,264,46.41
6086,6c60bc9f6cf0f62c8557296dcab9335b680951b5,0,1,0,0,8,4,0,1,17,28.72
6087,ae5fe1e61623dd36d33cd7abc94ca5e8229a4672,1,4,0,1,50,0,0,2,2205,375.87
6088,bff35d6387e810bbd79847efceb3c17b65fdb52d,0,9,0,4,56,6,0,17,6519,1242.1
6089,114fe7a81e640b1068e450fa4a1cc20e22e50b3d,0,1,0,0,0,0,0,0,191,32.56
6090,152594560e29549642587b850320f5d66339b747,3,8,0,0,118,146,0,1,1142,331.85
6091,1bad166f677ef565607c1f9660114a7a55c27b7b,0,1,0,0,0,0,0,0,616,90.59
6092,f19f1d9e99c8058f6ef5caa42c1b07a8ae1de53f,0,1,0,0,1,2,0,3,185,40.37
6093,6d02f36ac78426f178b977566c170fb2e4b3503a,0,1,0,0,0,7,0,0,1287,181.64
6094,62a4a2c02985fd7a091c441f10eacc10e29d0395,0,1,0,0,1,0,0,0,149,32.57
6095,d8902ba0e68ec7bc38a8aa8d212353c380e5d378,0,1,0,0,2,0,0,2,240,60.18
6096,5147fb12a5b7f6ba6a59e05cf07e847340cc8b66,0,1,0,0,0,0,0,0,0,11.22
6097,568e37d3831c65dfe4dc90c72fede2671b89cf7a,0,2,0,0,32,0,0,1,849,162.35
6098,81a9c1ac31333f11ad4a5defb9c625daf492513b,0,1,0,0,1,0,0,2,217,44.81
6099,65a8d77433cf72ce67e8b5e2efb35f2c2603c349,1,0,0,0,0,0,0,0,0,22.15
6100,bdb0cc8808af7c3d08af4a506f34b8341726b58e,0,24,2,0,31,438,0,431,18994,3846.41
6101,01684c3417861350a0c82cd2faba039f65ca7a79,0,1,0,0,1,1,0,1,32,24.72
6102,71c8cd5b1fe55b97becec228c13df6dd9d966f95,0,1,0,0,16,1,0,12,1213,163.57
6103,76419df21d168c6fb1d7128ec50332ef5bd90fcb,0,1,0,0,7,0,0,15,141,91.41
6104,313a3d23a8bd815a7197a7225b7e7fe9614e2bbc,0,1,0,0,2,2,0,12,1290,173.64
6105,4ca4cd856ef5b4596aa43c048e2a8478d08dc773,0,3,0,1,31,0,0,6,205,108.92
6106,3de0c631050ea7dfb72fa8e1430aa8e7c0e87088,0,2,0,0,0,0,0,0,143,34.25
6107,b006e41a37de7f87b91d73407978f6b09b12a15b,0,1,0,0,0,0,0,0,240,39.91
6108,f3b3a7c9b5c5e28545fb47dc501d6bfc6a4e1cfe,0,1,0,0,0,1,0,2,241,46.45
6109,6fc71c5d31ddbff7f1cff0dbbbce27fae7d31543,0,1,0,0,1,0,0,0,326,55.81
6110,fc4b8aa89d22961feb1ab7849104e68f6e1c0153,1,4,1,0,31,8,0,22,574,191.92
6111,da09fd0781805e86db1f3022f7dadf40d886b801,0,3,0,0,0,0,0,0,324,58.49
6112,f4cec2e2027baab07537d7e193105b21ca5dc02a,0,9,0,0,55,0,0,9,4493,659.23
6113,0ea4d2f461fcd72592244db115ec5ffc72f6beb7,0,3,0,0,0,0,0,0,324,57.59
6114,d297ecdf3c236fafa28784fd2b4dc9d885953a12,0,3,0,0,0,0,0,0,324,57.98
6115,c1a559a66691c9c0055bf9c320b46e782f45c42a,0,3,0,0,0,1,0,0,123,32.62
6116,d66316fd80fbcdf8d978a22de50783d03d8860e8,0,6,0,0,0,0,0,0,1121,199.48
6117,518faa735b257faabf3e8509b6c2c5fcac86e84e,0,3,0,0,6,0,0,0,154,53.41
6118,96c4054e3b8cf2554d97051eb8d7d649e601b238,1,13,0,2,361,40,0,207,6635,1092.4
6119,1d06850f40033faedc13e7617ac897a4cc27316d,0,13,1,0,12,243,0,59,6753,897.36
6120,e1d130946bd76d38fee421daf167de68d620fd51,1,6,0,0,5,7,0,7,2820,1587.05
6121,ba9286911fc08a1e2c3ec1c7e470fc77a5cade88,0,3,0,3,0,0,0,0,106,101.58
6122,424b789e0394fdc074b1725275e30b04e601b486,0,3,0,0,16,1,0,0,164,66.32
6123,13cf4fb3fc832640d385095eb4ee0b3bc7231370,2,4,0,0,213,25,0,60,3357,547.33
6124,e768c4afac059e96fae76587087cede4baa89577,0,1,0,0,100,1,0,21,461,84.77
6125,8bc4d4131c341338859eecabf4a2a3723cca9b83,0,4,0,0,0,34,0,4,1909,259.83
6126,432868b0383669d11ddef77ed61942fdf9cd4294,0,1,0,0,2,0,0,1,561,75.96
6127,6fb0dd07a81f9e5a109f23c853cd1e0fc1938c2b,0,2,0,0,6,0,0,0,1374,180.84
6128,9b1ecb31f0fdab6208d376fd06ebecdc1d916812,0,6,0,0,40,51,0,5,680,154.54
6129,42106b89b10419aaa557369f4eb9c71962cd2656,0,1,0,0,2,23,0,13,221,59.14
6130,65834a1ced6632e28cd8707f2791c3da9025f01c,0,25,0,3,178,343,0,150,9153,1757.68
6131,e2566eb0ee418cc05f1633f928eaddd365c8e356,0,1,0,0,0,0,0,0,186,29.44
6132,2d93444cb0afad533c0a744cad296ef8fcfff5d2,0,1,0,0,0,0,0,4,96,42.86
6133,744248c131d344e5ddab3cfe032aad919dc0de0f,0,2,0,0,49,3,0,19,566,127.56
6134,139f0ed53cdf5e5310b034d5ccdb69c610c53c60,0,4,0,1,20,7,0,11,450,146.26
6135,bc70dc00bb05580bdc597cedf152f8add1f48d90,0,1,0,1,0,0,0,0,194,97.74
6136,d92a99da0e37563ece782f61f63745b4d8fb9bdf,0,1,0,0,0,0,0,0,489,65.19
6137,af9422c04a343730d9ed6f3cf46cd6fc9d77c04a,0,1,0,0,2,0,0,12,148,36.6
6138,97f2294bfd17f7ae762d2e72ab0f25028b78f3fe,0,3,0,0,3,1,0,4,336,69.59
6139,d22c23c396b79b54d0e33663dc69a178a7d9b104,0,1,0,0,0,0,0,0,95,18.75
6140,7f44dfd85fc1aacd451cb8514fbce6dafd3443ca,0,2,0,0,3,1,0,3,343,1203.1
6141,318751cfd621cfb848d90d623fdd9db1d19894ed,0,3,0,0,28,0,0,18,783,172.4
6142,d016338e45dca183fc05f254e3e1260d04511269,0,2,0,0,44,2,0,8,835,150.66
6143,a33097e067b73be8e877b822afa90b89a0c7974f,0,1,0,0,2,0,0,2,1287,172.29
6144,5e0d97e0e95434b03ba886279180a031ed997dfd,0,1,0,0,4,0,0,14,606,96.13
6145,496fd9837a0fb199a516758a632fecfe59b0b480,0,18,0,0,110,21,0,45,3292,619.38
6146,632969787aa9e9e1d73b83449b93e21f91110b73,0,2,0,0,34,0,0,5,165,60.77
6147,9cf012cd0086e054a66f54cb54771af2381fade0,0,6,0,0,28,1,0,1,1064,196.54
6148,0875c35781f1fcc06d38308b915a01791c7a6a20,0,1,0,0,1,0,0,0,444,77.9
6149,356c1307021e931e871307077f71aab79dc43def,0,4,0,0,0,0,0,0,385,61.64
6150,f292048ffd91503360cb56bb9b5f60fd47e2ebe0,0,2,0,0,4,0,0,3,465,85.02
6151,515c499f951b864035c5772906b2c0750d9a608f,0,3,0,0,110,36,0,8,1053,213.74
6152,8cfaa0e72101176f00fa333e6cf6cbea7b2aca44,1,13,0,0,276,44,0,70,6721,1012.33
6153,6d94925af9d2a3eb2f181d0aa1a875becf258fc8,0,1,0,0,12,0,0,3,20,23.64
6154,911706a8732262b4ce0e060900b76f84f5fdf11b,0,1,0,0,4,0,0,5,403,81.43
6155,3b3c3dc02deaeb3c2c8ca52dd204edbf87da502f,0,3,0,0,57,0,0,4,245,81.13
6156,a07892558b2edbec9b0da4c03426fe8ba8a14a8d,2,7,0,0,33,15,0,20,3715,569.41
6157,84b7010a305791c69d519d37fc0292c013e1a873,0,1,0,0,7,0,0,5,90,40.23
6158,28d8609e5de62de78b6ab7570c7fea2c8f78a856,0,2,0,0,20,1,0,8,1344,175.33
6159,f04eeecffc4ec20a2cfc86ef55f6b724ecbc7e5e,2,25,1,0,934,128,0,1766,57453,8441.58
6160,3978aa3af0f16e612e0705be0983ea621cbdd588,1,1,3,0,0,21,0,0,1301,1373.34
6161,66c68f8ea369bf1a0f85978a49f14838ec345ab8,0,1,0,0,15,4,0,29,160,148.4
6162,60847a2d76163ff40df94a980e1bd3f837ff9d71,2,1,0,0,117,106,0,0,192,145.27
6163,9bc7ecfb9dec6bfe14a12b6d3bfd11392d7752b8,0,1,0,0,0,5,0,18,170,50.01
6164,a1cc2c4bfe567f16cc648e9d5e72e4d923f54804,1,4,0,0,47,1,0,3,1678,277.63
6165,a8dfd8c436edbc0df9508d2a1e5e3a89dd8a2807,1,4,0,0,0,0,0,0,1725,248.55
6166,eb43f0a5d0375a0f33a4b7b62ff91eca42fa4a34,0,3,0,0,8,0,0,3,887,155.99
6167,a0aa017ae9ec11e4668b33ac0fd1e75f5c6c85f3,0,4,1,0,0,48,0,3,1677,242.02
6168,70f330dc844af88b5bd3de69e271181e40bc58be,5,22,2,0,2151,1796,0,480,29488,4955.93
6169,431c8c9ad03336b5ab844d97adc47b8a73d7aa00,0,11,0,0,26,17,0,1,4070,628.75
6170,ce657d591114d1dab4aa4cf65698dfbae29406e3,0,1,0,0,0,0,0,0,451,65.81
6171,9d740f7b8bb8bac7a7317fa5fe80cf274c1b08fc,21,3,12,0,0,0,0,0,21026,8002.1
6172,e5f9df1e2394994323b4a5bfe2d7ba58aa669acd,0,8,0,0,199,141,0,52,1475,371.79
6173,519f87fc2bde21031f95cbb6cab031eccc4ac2e1,0,1,0,0,0,5,0,0,161,33.7
6174,6dbce2a8cb3cf5a0a07b6c3f9825a99af03a6962,0,3,0,0,55,23,0,20,930,178.96
6175,03fe257a641bc42ed98fdff3914950cfe9045f66,0,3,0,0,39,0,0,2,1001,191.16
6176,cc766df28b80827f8951c2c1364443a8c5a39b35,0,5,0,0,8,9,0,6,3854,503.03
6177,cd0b85e0a814821489ddbe9053a8fc222da55609,0,12,0,0,10,909,0,811,48253,6666.86
6178,bdd7782f054a4740bb63f4d9781ffe083d51e4bf,1,13,0,0,565,30,0,1003,43973,6217.16
6179,bcf409e11f081be077f1232c987d05fa78a1793c,1,2,0,0,24,2,0,5,1215,277.79
6180,2df0ef549abe0ee8e58d4290193b5d69b3e8d6c6,1,3,0,0,26,3,0,5,219,1197.96
6181,064271da16efd3e5d9d4787d778fa711b7f9f6ab,4,3,0,0,24,2,0,32,236,160.71
6182,eff38ccf8cf9c61f1bda1005bd19b58c960e3fd2,0,3,4,0,0,21,0,20,239,75.11
6183,abfd584fe646951a9d0b43602052bbe2b82c3364,4,3,0,0,21,0,0,21,239,135.51
6184,00c2a5da7b8794eab5e68207ea3db92c8e9d43d0,0,7,1,0,112,12,0,34,6561,913.99
6185,eef6a4834a8780037513d8fbe024671400fd70b8,0,4,0,0,44,7,0,88,3573,511.1
6186,ce88270340872b43083ee7b79ac3027557597224,0,6,0,0,254,39,0,14,1564,322.77
6187,3729320099eaaab8ef19c9772a24ae5ba868beea,0,2,0,0,21,0,0,1,1363,204.19
6188,26c042668902d297011109d4b382ebfa7007399c,0,4,0,0,326,24,0,162,30038,3945.58
6189,c29024c01780d055c38e5fe3397d93ace5466df5,0,1,0,0,0,0,0,0,17,14.04
6190,aa0235f98c1dd0f730f5e93dfc64e13a12a36f2a,0,3,0,0,42,0,0,4,1117,193.26
6191,b35cf8f93a54b73389431ea7ba2d08f4aae7e104,22,20,10,0,86,56,0,20,5596,1633.76
6192,2c5a0fcf1f216ac5333a2047f6ce69797a5da14b,0,2,0,1,19,0,0,10,184,69.74
6193,78361243c862189924e26581de31909d9ff5b899,0,1,0,0,2,0,0,13,3509,440.85
6194,209b6f74c7f203ff4b5de79420d7115d89b4d9ca,0,2,0,0,0,6,0,0,99,28.21
6195,60b79e2daa41927f5a2e00b78cca855f05048f0a,0,11,0,0,3,0,0,0,4165,643.29
6196,379b86c5df783eaeb53e6913afdde92da5351ec2,0,9,0,5,79,11,0,11,1549,530.29
6197,ed87a81b4b61c4842c12572a47c97ae23773012f,1,47,2,2,281,340,0,200,12118,2044.42
6198,5cadcd59aa57c9566349dc8551c958dc974e774e,2,16,0,0,199,22,0,99,12146,1808.77
6199,6fdf3aa216d34f2f6fc1ffe7bfea94b8e4bc3f8a,0,3,0,2,42,0,0,2,455,201.53
6200,ede9940a7bd254d496b2ef493d4f35540184e96a,0,4,0,0,68,2,0,31,1983,1444.92
6201,550b937bcf0b5a7e030194cca7d90524a0fc0f3d,0,3,0,0,12,0,0,14,1088,192.78
6202,5e23b3aad5fffbb564d793f1d722d152e39f628a,0,1,0,0,0,1,0,14,1398,231.94
6203,19c609fa5e2624e537a445d9204f06e56ae782c2,0,2,0,0,22,0,0,0,1150,248.54
6204,e8f08ba0c7949edb4bc349718d2d6532be2f2360,0,1,0,0,9,0,0,12,206,43.36
6205,4b3e45fceb0d65093f6ca5d821eb1f2cb26398df,0,1,0,0,0,0,0,14,1398,176.43
6206,30d7eeaefe431bc263519064662e6dc8ad8ff05a,0,13,0,0,143,20,0,40,4764,776.38
6207,3c3457c6c07674db19be392a8ddc1d2de1e0f2c8,0,2,0,0,24,23,0,0,488,105.05
6208,45bb6180a3b8d915d8db88b8edf420cdbdcb4c21,3,60,1,0,627,660,0,79,18340,3021.61
6209,50f3c9572c7c9dcf276b19c137ad600f368743ec,0,2,0,0,1,8,0,2,2795,338.94
6210,1ecb0fce342ee878cf96f7a3165007192bedb2ef,0,1,0,0,0,0,0,0,1535,185.82
6211,46defe8e31278f91b5b92c24744b1839da564f27,0,1,0,0,0,2,0,20,1400,192.71
6212,2d203e6053defb52cd3629d49ae6d54460c658dd,0,9,0,0,19,0,0,21,647,174.34
6213,88956676d7e7164f3a5b0dfbb31ad67bd3d5ed87,0,1,0,0,0,0,0,0,132,27.42
6214,7e3251051313d6ef8fd173c7b530c1822667410e,0,1,0,0,0,0,0,0,0,9.64
6215,fb668a0d3f8bde2e228527a9c45d0458ea7597e8,0,10,0,0,0,5,0,5,1659,266.23
6216,285e104176bf848dc81657ac5358ad3beb49cc57,8,13,0,1,53,39,0,9,2401,551.77
6217,65c03b058c7b4a74f991acc07958be5e7d0e05e6,0,3,0,0,7,12,0,4,184,60.48
6218,d5080e82fb47b5499b72fbafbbc52f4f432622d3,0,1,0,0,8,2,0,0,346,64.5
6219,7145e46b7afd6d76df1ef001557c7b60bfc6055b,0,2,0,0,5,0,0,0,841,124.51
6220,a1f760ff763bacbfcfd6eb80d5076ec35e3b27e3,0,7,4,0,328,156,0,5,1025,1467.8
6221,e637a61e26aeb442ea1c1593fdbd0b15b48f5642,0,4,0,3,15,3,0,0,424,140.72
6222,642d2fe0f8d82b8ed5b9738baca0c1e2551272d4,0,2,0,0,55,0,0,34,4475,716.01
6223,cb02be38ab20ec5343fc9a7450bed33461e38f10,0,5,0,0,44,98,0,0,555,123.03
6224,abc64fa69fcdff41611e1b4bd64e67f54617a28a,1,2,0,0,5,0,0,0,1109,213.36
6225,ad16676f9218b5ae3f693f8024e538e1f15e0e9a,0,2,0,1,34,0,0,0,720,221.29
6226,34b668b0a9e02ffb05cb4e25127dee674482520a,0,1,0,0,5,5,0,6,78,32.91
6227,1ca849269d35494e4adcb4868b4e78e9c6502de7,0,1,0,0,0,0,0,0,360,43.94
6228,f174fec391f604f56c12cbc3ad6062d7fe640866,0,11,0,1,67,21,0,29,2908,515.96
6229,2aae923c32528667644c57085a0180bede1ad262,0,1,0,0,0,0,0,0,1154,139.02
6230,2f7b9b5423ea7a5783197f049e5c15f4d544abeb,0,1,0,0,0,0,0,0,1154,131.1
6231,897631f8d194911e0004b9c98d4040e9794bb2e9,1,3,0,0,55,57,0,8,226,122.87
6232,91fee265cfdd59f49fc0e3132af74bdae58f6f8a,0,3,0,0,13,0,0,18,1028,162.04
6233,97b164ac3892991f23fe8a02581ef30336cf5909,0,4,0,1,43,10,0,4,742,175.62
6234,32c21f45942f9f45e34b28df47180fe6498fc337,5,19,0,1,379,94,0,44,6078,1315.53
6235,c11923d8aafbb12a5a837b6e099e164ac5270f8b,0,4,0,0,81,24,0,5,1252,221.41
6236,cbfd6eecbddc8833b11aada3658e589c1bf099d6,0,25,0,1,37,71,0,114,6349,1125.24
6237,dda8f67b2cc9f6ef4ab434beea2a47d461a20a1f,0,1,0,0,2,0,0,2,159,36.04
6238,9cbe516b1f63bc8ed1635412da902b6a90ab09db,0,1,0,0,1,0,0,0,78,22.87
6239,8a692ff189b577dcda85141b7ead708a997dd4ec,0,8,0,0,36,6,0,13,2992,468.22
6240,44c9021d67b0e922e1d2f5f53908742aceab6c80,0,1,0,0,1,0,0,0,121,1167.13
6241,b1ee8a88c3c1ab9ae32984e0f579812cd30a9b5f,0,4,0,0,6,0,0,0,1074,161.08
6242,0d99e827b22f1aedb8595a5d8b76a6085dc5a654,5,2,2,0,0,0,0,0,209,217.4
6243,a63ba09c99fdc5f61a251a11987d33672fac1d65,0,3,0,0,82,1,0,14,205,95.86
6244,e0aee7c74f8c75f2b831a682db6e8152e958bfd8,0,3,0,0,1,82,0,10,205,80.19
6245,1b9af2a2fa1abc4757e8c033c1f2c59906db35a0,1,4,1,0,0,0,0,0,900,149.11
6246,7eaba369e745f8095204a39a037c1d96ae7deac6,0,13,0,0,43,9,0,24,2347,409.38
6247,950d547dae684155020edb879a343bee1bf18e97,0,4,0,0,25,2,0,7,1988,283.43
6248,0d05c75184557d0961aacb0a6923cf804ff2a74c,0,4,0,0,6,4,0,1,208,62.32
6249,c000f29e47b9a6a7ffa71848f0df3d5c1a72312e,1,4,0,0,476,39,0,40,1624,379.91
6250,c66bb48ce87139bf08db21b45677099ea9dba603,2,1,0,1,21,14,0,12,73,155.73
6251,9cb0094bdbecf95455388278430833188bf021ef,0,1,0,0,9,1,0,20,451,84.96
6252,647a65ce01d695bd181c8c5029c4ddd63cab9692,3,7,0,0,24,193,0,0,2318,423.72
6253,2acd788dced837b2daaf66906a862baa6e5b08fa,2,1,0,0,10,150,0,0,794,211.82
6254,4a4f8e704903f02dac38d584ab85a472a9f3d2ce,0,10,0,0,70,13,0,25,3969,614.81
6255,7b95ac117da53ef72a9511e806b2304ebe8a0922,0,4,0,0,0,10,0,2,1070,174.03
6256,45af3831fead400115d32552615ea1f11629b03d,1,11,0,0,666,220,0,27,1783,514.39
6257,c536c85116c98c8f55c8db11ee561ec5e7ff04ed,0,1,0,0,42,1,0,0,916,141.16
6258,5376106d05cd5d5a49a4fd65d90de442777883f9,0,1,0,0,9,15,0,8,615,100.04
6259,847955427528bb9edff44fb6b2969fc9dfd8b9cc,0,1,0,0,6,0,0,1,43,25.03
6260,e30a66b9443618f04ad8cb0aee96ac77b174338b,0,3,0,0,0,4,0,2,319,1262.45
6261,5c7fa12ab31d840955454c76d72b799486036313,0,1,0,0,0,0,0,0,119,27.82
6262,2fcc691b1680b15bf500840a67d1dd28d5e0a438,0,1,1,0,0,3,0,0,36,48.57
6263,f6ccae350203ec35f3b7acd75431a5abd7e9f5a8,0,32,0,0,198,360,0,63,4450,997.71
6264,0b6eccf4c3273dbe4355e179e94814dc6131d87b,0,2,0,0,4,2,0,2,2651,374.4
6265,5e905c02d9ddbedc06cb53e94c8c873aa8032145,0,2,0,0,30,0,0,12,810,151.99
6266,ab07f0087b8c5efcb1b084e42f4941ddb0c8885e,0,1,0,0,0,0,0,0,318,47.6
6267,b6ba13c37715422710a142f6f82ba4817129c3d6,0,4,0,0,47,3,0,11,1299,215.45
6268,78af20944cbe2a65148da1457f1de87cff884858,0,1,0,0,4,0,0,6,933,146.11
6269,7363a76660583492c5c037113ac06cfef92e034e,0,1,0,0,0,0,0,7,937,126.34
6270,fc224ed0eda20f876b3ecd3a858e919afa30ec12,2,6,0,0,18,85,0,2,924,205.69
6271,1574c6ef39ef8e624e5caaf9c378fffe480b0702,4,7,0,3,174,15,0,85,5039,839.28
6272,d7e5c6fa8e9c562d1d66b2da0edb5831b51fe013,0,7,4,0,0,119,0,48,5094,689.07
6273,e11aafae957bc8d71cb622833011f29325049987,0,4,0,0,91,4,0,80,1137,229.38
6274,80d8b2100d9f4dc2a01ea6bdbded6ec52d7e4263,2,4,0,1,65,52,0,3,165,128.17
6275,6f072809eee22a04be35a013ede41986484adc04,0,5,0,3,0,0,0,0,979,192.54
6276,3642287b2f86a7c88c140bc9d9e35a9bff7253c4,0,5,0,0,0,0,0,0,979,124.3
6277,552400e53641991d959da4e27042b2157172e373,0,5,0,0,0,0,0,0,979,133.1
6278,c57acf28e7cabcfcbce8ae0006080088cdc47f50,0,2,0,0,25,0,0,4,429,72.83
6279,8855670cd701fdf9c2ab41907f9525d122608e6d,0,2,0,1,4,0,0,0,1377,204.15
6280,a602aaf9baae779ac654fcb0fcedfdc9f8acc6ce,0,1,0,0,3,13,0,0,227,1195.7
6281,77b327320a72ca01b35f655c42f8c13f659dff31,0,17,0,0,104,88,0,77,2453,471.27
6282,4c6a98bd767f3bec4d2e6107016267a09d58dd12,2,16,0,0,0,184,0,2,2548,424.62
6283,8ef6c76344127f2f4d2f9536d87fa6fc7b5c7132,1,3,0,0,200,23,0,7,742,240.88
6284,da3abbcb3528f42292855851df6de3bfdfc2c106,1,1,0,0,6,0,0,0,243,87.99
6285,56be3ac7c8d203710f844cd799f2fa3496f0515a,0,1,0,0,3,0,0,0,0,14.96
6286,e782d0bbdf265fddfcce5754cf11112e2dbcc4ea,0,3,0,1,20,1,0,4,805,203.04
6287,216e8473668c1a2f5cfb5c5bf05284d4274c8548,0,3,0,1,10,0,0,3,1001,160.44
6288,e19632a19abc52a983d444811852bf0f11cd0d0b,0,7,0,0,27,7,0,12,923,190.47
6289,2597217ae5aa057e1931c772139ce8cc7a2b3efb,0,1,0,0,1,2,0,4,38,23.83
6290,2cf8907db53b84a0118acc1edd1dfb9b37abe8b7,3,5,0,0,67,673,0,24,2565,609.16
6291,1a1003a482d9bfb725fbe1097c794fdb043dcd81,2,14,1,0,302,35,0,111,8289,1379.16
6292,b2eac0da33c4161aa8188213171afb03b72048a4,0,6,0,0,84,12,0,20,2002,320.85
6293,4faa8ea934ba5d9cc8ea4eb0d1e64a38a5e6dc7d,0,1,0,0,1,0,0,0,1290,153.65
6294,6eb6225456f13cce3ab641007737b9ffb0193f24,0,19,0,1,112,14,0,25,9930,1329.79
6295,9c58d26d3bd5bd4e10be1084a24a62ed25722689,0,1,0,0,0,0,0,0,83,20.2
6296,c5b8aababe18f65f5db979128a62d8a0686b9dc5,0,5,0,4,18,0,0,7,779,309.01
6297,348eb2834a2a2d4b12e3dcf435b0fb2c47a85237,0,2,0,0,102,27,0,32,716,155.85
6298,08d9a2b6629162b0cd031e4473dbbf319182b51a,0,1,0,0,25,14,0,10,475,87.67
6299,22dcce571cbd6d06587f7e4b7fc7bb5787f9bcde,0,1,0,0,4,0,0,6,500,91.7
6300,6624c676fe7043a95b47f84db4b21df0728ce359,0,1,0,0,6,0,0,0,1080,1348.46
6301,c67983ebf88d449a67bccd8b213237362a4093f6,0,5,0,0,2,2,0,3,4343,562.63
6302,593fb750835ebf5e74cdd42945d65fcf71b32c1e,0,5,0,1,133,15,0,5,1834,332.83
6303,7b0acc292e1854b09c6cedc4dae1f6dae07779bf,0,1,0,0,0,8,0,3,83,47.33
6304,19bbf44554886652ebf4a67487a27c21bf0e1ea7,0,2,0,0,62,5,0,0,592,102.14
6305,2ff2c0ba6eb99f2c700b4d1f185d63fa71da05fe,0,1,0,0,3,0,0,19,1290,168.85
6306,07ed15598bcc618df74f51c3c3950c543daea788,2,2,0,0,15,54,0,10,172,107.06
6307,96c5a02217c5e0f89983ca216915b88ea07c175e,0,2,0,0,1,0,0,1,1348,178.79
6308,191afc8eb1cd9457242773606cfbf732f17449ec,0,2,0,0,10,10,0,9,1339,177.91
6309,946c1ed8f89967b1f036ee3b0dcc296082eee487,0,1,0,0,30,2,0,39,240,60.67
6310,d2ed74cbc68b5f14447fb4a4dad94655f3294b29,1,2,0,0,15,94,0,2,343,121.0
6311,50b051ade1d38bba0b936db1c751e5045bc103cb,0,14,1,1,51,30,0,54,5324,882.9
6312,eb112783ae11dbb23f74f453f22a0301c6b2b11f,2,14,0,1,117,12,0,10,7932,1217.94
6313,2c7211ec4bd6d83e498ddc82e60d70f411140ee0,0,1,0,0,11,3,0,10,276,56.92
6314,fcef2c02c99a0fd62135aa86e95a03edf1fef3ce,0,8,0,0,30,13,0,28,3908,532.15
6315,09a31bd1e9476106d9c4700e850627f5b2822c18,0,4,0,0,3,0,0,1,2521,349.03
6316,3896d9ed0a87c77330f3f2c998a6fdafe272e2d6,1,1,1,0,4,0,0,1,472,163.47
6317,da37fd9cdc9cd3bffa6a863be45dff4ba49be89e,0,1,0,0,0,0,0,0,29,13.61
6318,890e3f223f778395ada0c008b90630259b5a7e7f,1,1,0,0,157,8,0,0,46,101.07
6319,b9ec59ebbe0ea392bfe742a9f3774d9447722d42,0,1,0,0,1,0,0,1,645,96.52
6320,219c7864575be3ab0a1f67ddd48c5852377c2ed2,0,10,0,0,84,12,0,437,26775,4920.39
6321,aa4a678ebf7e54f84432ec36f3a3e4dd6359315f,0,1,1,0,8,157,0,1,46,47.48
6322,d127d64266baed275a15d39407585a3bca4f6f15,0,2,0,0,12,0,0,3,230,72.58
6323,0f6c79eb123e43133df4f4ba2a123029d62580dc,0,2,0,0,15,0,0,2,255,58.26
6324,b644e0fb8d725b9a09665d7b92544eb32155c689,1,13,1,0,85,25,0,13,3728,611.33
6325,63808a224c8689d07e55f90efd25f9597b0d04dd,0,1,0,0,5,0,0,8,4094,560.95
6326,bf3c928b7499797735f71974992b68c9d876b97c,0,3,0,0,46,0,0,0,256,69.64
6327,c3c82f3558b80b23c8f997d5bacfa78de384208a,0,2,0,0,9,0,0,8,159,47.43
6328,ec0adbd2c0fbe8e367521f85fdd7f94d5a886757,0,1,0,0,0,0,0,0,3554,445.97
6329,250ad644e4445a948d1fdc09a3e292a9dd05ffa9,0,2,0,0,11,0,0,15,1120,162.01
6330,7d0a6a82ab5dde6b11add5a6b57a497e3f151d04,0,3,0,0,89,35,0,35,4307,632.75
6331,9e0c2562a95638600781cb894c0ae7bb404573ca,3,6,0,1,30,10,0,9,1792,420.29
6332,b952e64751d309e920bf6e44caa2b3d5801e3be8,0,6,3,0,10,18,0,8,1804,293.57
6333,6a9b57b39520780441a236df3bb8d4ef208c4edb,0,1,0,0,0,0,0,0,1086,136.76
6334,617dfe18cdc287ea5886e5a9567c9abcd6c0fa28,0,7,0,1,17,4,0,8,1783,367.54
6335,5bc518b38717413c844968a29f817b5c99b9a136,1,6,0,0,39,16,0,12,2735,401.58
6336,b548d4978b0bdbfc6bd4e68c3d13e00f8ea4002e,0,7,0,0,71,94,0,6,6444,1013.12
6337,58e843dae22963e119d6bdc5563921a3e1712812,3,21,0,1,73,15,0,13,3205,687.48
6338,912ed1728683e68cf06c9a30cde0d0f89e87a880,0,11,0,0,62,18,0,7,3565,540.9
6339,97c13338313b6ccf75f3b7988e97f0db5bf5e177,0,1,0,0,12,0,0,37,270,52.46
6340,da5fb27eabed4a4b4d251be973ee945fb52895bf,0,6,0,0,160,160,0,24,625,1392.87
6341,fb2c89b1b3231f80f15437e4a66febc7229ecc79,0,2,0,0,144,168,0,73,886,479.18
6342,96d34f2a79bf977d83f0b9814b253669e6c6e671,0,6,0,0,75,109,0,29,8524,1298.07
6343,62bc0901236267937b1fd7ebe4f1cab8a6033def,0,3,0,0,14,0,0,6,1672,268.1
6344,c7cae6be3dccfaa63033b705ea9845f3f088aab6,0,2,0,0,60,3,0,22,459,107.11
6345,c930bc92f4f2beac4fe1f9a4f6364648317e1eee,0,2,0,0,0,0,0,0,519,86.0
6346,0af10f89426dd97a1d599e29f1e301e74f9f9e99,1,2,0,0,50,0,0,4,898,173.73
6347,e06c3676f1273f033e3e185ee9c1ec52c1c7cb31,0,1,0,0,15,41,0,20,112,40.98
6348,8a8c60889cf67b581d7adb4245e0bcc02cdfdc93,0,2,0,0,25,0,0,0,484,90.95
6349,b8173a548c6bcc86cd4ca77b40bcabe3f0bd85fd,0,3,0,0,6,3,0,9,1390,207.67
6350,bc7e034052dceddd21a8d45ea7b9b131f46a01f9,0,1,0,0,4,0,0,11,1098,141.75
6351,bbc274626748b0b567116a3c7426b194c8a1ad97,0,1,0,0,1,0,0,0,283,64.04
6352,fef3c908d33e6bc100a988e7ab9eeb6d4d2d61ea,0,1,0,0,0,1,0,0,283,47.34
6353,eb52e26822125028587201728f19caff4ae69976,0,0,10,0,0,0,0,0,0,68.18
6354,662a1b241f05f93aee9a5b05d7929a482a5bfcd5,0,6,0,0,116,19,0,52,1943,316.85
6355,f77ff9f96f62222962baa3c3091ac5226fad7adb,0,2,0,0,0,1,0,1,323,57.1
6356,b76b75142df215db8a8b144cf3e7ff00327e9800,0,2,0,0,5,6,0,7,271,61.41
6357,a46134bffc21da91853c4288375e9d4bd00a177d,0,12,0,2,199,856,0,1764,52271,12569.61
6358,92ef234486537b4325641ce47f6fde26d9432710,7,10,2,2,336,482,0,61,3563,900.57
6359,f11aa4542f8f5489823fb72d1e9bc98e5cc6d742,0,2,0,0,6,0,0,0,1583,218.69
6360,193e0d60246441a00ef96a3f4b92b7cfd3b4cb1f,0,2,0,0,0,6,0,0,1583,1419.36
6361,9b13514483991889cd6ebe097c3c8eb0e7983e6d,0,4,0,0,33,0,0,41,7988,1070.23
6362,e1923b7c0c14b435ea0d9eb306d968f1927a0c6e,0,1,0,0,0,1,0,0,3570,454.57
6363,9a94dc90b4a53ca9d82c662f19c0369d3cd9aecf,0,1,2,0,30,10,0,7,650,253.2
6364,4127fd2a7c66f8365586d3c8446f10bf04232ff5,0,3,0,0,12,0,0,0,5153,678.5
6365,39d43ab779a90f28273426ee2887daacaa6b1f48,0,3,0,0,23,2,0,39,1090,213.54
6366,5f75fa0c4f660939d5eea10e3f5418386e90cea1,0,9,0,0,20,20,0,25,6609,944.48
6367,62c84115ec5bcb8303cd650f241a9a34c4de4a7e,2,8,0,1,134,129,0,4,2406,423.38
6368,f555b5be9c4574be7969c734270bd8922f522391,0,1,0,0,1,0,0,1,3571,448.09
6369,13baf4d37a7d3b4b0194dc616c8ac15959efa18f,0,4,0,0,0,33,0,34,7989,1034.63
6370,b972839ca159dc0f873a63e389b898270bf65a9b,0,2,0,0,7,11,0,3,247,76.87
6371,fb15e3d4f580d69ed207e35828be78848cb44300,2,0,0,0,0,0,0,0,0,55.82
6372,0f384158fc3aec9672f4aae4c18fa4d47965567e,0,0,2,0,0,0,0,0,0,15.5
6373,3a0dbf71a9d510bdde2b68e7989ee663f9c7e699,0,2,0,1,12,0,0,0,80,60.56
6374,109db38b6ad091b23593ee46b1e919136aed7886,0,3,0,0,61,0,0,5,619,135.16
6375,bda5fd5a11f8fa127bd0dfdc10e88cd49d51b201,0,3,0,0,0,12,0,0,5139,642.45
6376,1e3d8c822608482b9dc34040fd19333979d1a607,0,3,0,0,12,0,0,0,5139,752.36
6377,c6e9dabe625b910b3b140d9234710f6e8b968b37,3,11,0,0,294,153,0,48,3931,712.83
6378,73e945670270de187be337037f75577ccc1a770b,0,4,0,3,58,0,0,0,147,110.18
6379,10840a51e851d3ea50749a9527310142a967dab3,0,3,0,0,26,13,0,14,699,136.39
6380,b4f6ebde24ef60b35564734067e300c8fc6258af,1,12,0,3,165,62,0,24,3073,1714.07
6381,acc606571bca4e82aec7136cff64bf6187dd71f7,0,3,0,0,43,0,0,0,172,414.14
6382,0d40a52ee82651866ad124183367edb4d9c52dda,0,1,0,0,15,0,0,31,3556,438.84
6383,bb6cc4d43e36fa1d558c6ece2c5c6d1ed414db0c,0,11,0,3,184,130,0,65,2843,663.62
6384,6c89c6251ff611c2f10bfd6f8c9f8a2d717dc71b,0,1,0,0,3,0,0,3,621,91.6
6385,72db95388664fb23314b2e6bb437b961c797f579,0,4,0,0,111,20,0,24,577,158.44
6386,ddc84356dd05b50352edbe75125a9a2c6d025689,0,3,0,0,60,0,0,0,215,90.21
6387,82a2384187180990e1863746bf1793b4409cb305,1,2,0,0,47,6,0,9,340,118.56
6388,d9ee25e82a13d7df1ae097e0f3ae6d12dc9e94fa,0,2,0,0,11,0,0,0,412,70.31
6389,674511875d513ca3c031e63987288c45dacf56d9,0,5,0,0,58,0,0,20,1165,225.89
6390,c02b672e8367cb2258c92637fd1d57bbe4767e44,1,1,0,0,0,32,0,0,427,116.22
6391,52241c90e4eab19b6613278d2e8107ab56c8a57a,1,3,0,0,41,33,0,31,770,215.48
6392,553373671b736540a6f53de4f57fc5e0ca7373a7,0,3,0,0,46,3,0,8,1141,180.44
6393,0ae211eb399e5524196d89af8eac1941c8b61b60,5,11,0,3,1232,59,0,215,5423,2040.32
6394,ac415f85f3dd0ecf01a655f3b72351a4b5c675bd,0,2,0,0,3,3,0,0,0,19.1
6395,2f4c91e41a79b6e4b7fd59b1015d55d3825fc040,0,3,0,0,14,1,0,8,614,119.37
6396,97cb1d71bc4f426ceca1de86b86bafcd9799be20,0,2,0,0,3,3,0,0,0,20.3
6397,3584537b0776b7393d24141dd624fa7551591964,5,3,0,1,22,0,0,3,308,198.55
6398,57184f446d3f35de9df06497e1972710b4e10264,0,1,0,0,0,0,0,7,937,172.81
6399,a4d48b699f6280ba971572523c3da4486e341fb3,0,1,0,0,0,4,0,5,933,131.06
6400,988d1f9bc955de53b9bf520b69be5bedc51f4f7e,4,12,1,0,506,342,0,58,1614,1684.62
6401,4533bb63cf24b13ba3bdb00cb2aa65f1e42cf1a8,2,4,0,4,462,0,0,2,2383,1046.83
6402,c4be87d0508cda019c15f929396d053887bf0e5e,0,1,0,0,151,119,0,0,406,114.34
6403,caa1a8494aef3f87a76d5d4942daa953219df4eb,0,3,0,0,48,18,0,12,610,137.49
6404,9875c699afb552d8190df81750e4496677925417,0,2,0,0,20,0,0,17,711,123.76
6405,36aa41685685f6b7d10fea63787cb8adacecc2e7,0,1,0,0,0,0,0,0,0,14.29
6406,9c6d123b224f63d8456680dcc5c701d04954634e,0,1,0,0,0,0,0,0,0,13.22
6407,8e2d410195b1797e2d7e647db431e4fde98aeaba,0,1,0,0,0,0,0,0,0,14.89
6408,bbe88d942ec4ac673cdaf266d4bf7e15d2b334d8,0,1,0,0,0,0,0,0,3571,414.98
6409,c7c45f2c85cddd860a293fe9364b2b7ab0ab5bba,2,12,0,4,131,19,0,11,4834,1092.66
6410,1eae9aeeac0d20f84902455f14047580f86327f2,0,2,0,0,19,1,0,4,1484,191.11
6411,cd3dd6e018513357d2cf0b5bba073f5a6551f7a4,2,12,0,0,0,0,0,0,4965,836.69
6412,5cee6a39c21966bd82f5778f55295559cd663a31,0,12,2,0,12,109,0,0,4856,776.13
6413,a3f14906017e5bb3ef1cf06b66855b661ef32602,0,3,0,0,6,0,0,1,371,84.3
6414,d0e61b0e9ae3e998074834c500a663f9412629bc,1,0,0,0,0,0,0,0,0,118.89
6415,a9526f6fdb12efc7d6195185cfc2c8e6aa927af1,0,2,0,0,56,0,0,3,149,58.01
6416,738ff821dd092a1206cb39f6a024620df5710256,0,0,1,0,0,0,0,0,0,22.31
6417,ad0e862f78d1bc772e3fa313491bac38018ada3f,1,0,0,0,0,0,0,0,0,75.77
6418,3283bc7c91b61b9687ba6f98e1a28ef6ab81e432,3,4,0,1,0,0,0,0,452,147.36
6419,e108a4f815ba3a8130f6613109d23a774ac50f16,2,38,0,4,2699,394,0,697,54574,15197.66
6420,6127753b65b7724d7a7cbbc668b89f665700f94c,0,5,0,0,71,56,0,10,419,1422.19
6421,9607409fca41edf9484876ddff8bbd6ee9becae5,0,1,0,0,0,0,0,0,92,22.14
6422,17dfa34cfb8e2ec62ea33ee9cb23d47e1fe56dff,0,1,0,0,5,0,0,25,275,53.29
6423,e820e64272220cccfe403814606c1f0b17f287ca,2,4,0,0,77,45,0,54,4946,833.57
6424,ba6d95232401ce533fb8c121ade7f4a864d06f12,1,43,0,1,224,289,0,133,19014,2950.64
6425,45a2594249dcb624eca664c09fcfae414916ac6b,0,12,1,0,137,454,0,38,1497,426.21
6426,6ce05d44e5f6c78df1eae79d682b49ae7d410a89,0,2,0,0,0,8,0,10,626,96.27
6427,79073cd40c3b9a32d4509381c9d2763be42045ba,0,1,0,0,0,0,0,0,139,27.06
6428,6cf9333e978eb91d54935abdd6ebe9152e4ea183,2,7,0,2,244,14,0,3,287,317.35
6429,d4cbff58cc67577ff66507b5d2bc0c7150bbd21b,0,1,0,0,12,0,0,37,282,71.13
6430,fe47ec81f937ad168a3fc26333090733dab9d8f5,0,2,0,0,5,0,0,0,124,41.14
6431,681b7da19698ab31aa7ed9dfa0754803c23da53a,0,1,0,0,0,0,0,0,358,45.97
6432,791052c50a902bda35aed30d6421fb09538119fd,1,1,0,0,1,2,0,5,40,38.91
6433,1c07d1d59187910dd74cfd62137754cb477bc98a,0,1,1,0,0,0,0,0,41,17.52
6434,b7293bf5ad7263b2d835c565f59fe1ccb38d23c7,1,1,0,0,0,0,0,0,41,21.1
6435,6b957b69a7e0b1a01385a2b7be42dd995784dd06,1,4,0,0,168,1,0,25,975,253.68
6436,b1d1dc856952176bd45fea88175a62c65e55004b,0,3,0,0,20,0,0,3,2856,398.49
6437,9564849ba181391d9716acb0172d241675ff25f2,0,1,0,0,2,27,0,6,33,26.86
6438,bb0fc6b602a62045e9b4eb9b617a322b9cf7380f,0,18,0,0,25,13,0,24,5896,849.68
6439,c82fc6e0b2eea7be601a2a6f7fed5e4f4e0bc81a,0,1,0,0,0,0,0,0,234,39.77
6440,281bf9a222a3eae006198fb067f227721f723996,0,5,0,0,8,1,0,50,4559,1851.2
6441,05ee54f665281beaf2291cd1f568bdfac2fb700c,0,4,0,1,4,1,0,1,1776,270.12
6442,00ea7aeafe6f0070dedf86a296eefd5d3c453077,0,10,0,0,32,30,0,21,4726,643.95
6443,7e05d0f161baef581d06f0dd978c3333d2e9b28e,0,4,0,0,3,3,0,12,775,133.42
6444,8b4bb34ec29317da0d7c75c8bb6af89f420d880c,0,1,0,0,0,0,0,0,108,21.7
6445,4ca668dd11aee2a4b4d862ff30080dce2ac6a7ab,0,1,0,0,1,0,0,1,131,30.63
6446,28de528c6ea19c261213ee229381a18ed3b5ef94,0,7,0,0,6,2,0,4,347,113.96
6447,e8e658ed384a5eca5c221e5dd3ebe8bfb947cc59,0,7,0,0,0,0,0,0,353,74.05
6448,e33fd427e4f217612807ebdc6199d23cccedb49f,0,7,0,0,2,6,0,3,347,88.37
6449,f3bed5b0d98b3cb895e81b20f5e3017081b74972,0,1,0,0,0,0,0,0,294,42.97
6450,fd6b0b3dbfd232589b779325d4283082574cdd10,0,1,0,0,0,0,0,0,108,22.25
6451,97ce30d47eb1dc96eabda21bbe00639a0418a86c,0,1,0,0,0,0,0,0,108,20.84
6452,e60a7f6e7d25f86adeed4f0e61d3cd25ec29b0ae,0,1,0,0,0,0,0,0,121,23.16
6453,6b334cd817e37a3727160cc754187e8f40893ced,4,4,0,0,1344,73,0,107,7834,1702.89
6454,59d7b47e60da12e0de8da35f07921582ccdccd80,0,1,0,0,0,0,0,0,446,61.06
6455,004f0abb461cc3ef704824568256bab84b1aa8e7,2,2,0,0,24,2,0,7,201,150.03
6456,b143f6e4a3b3b019623e33fc07561977cda5c90e,0,6,0,0,17,195,0,108,15631,2128.95
6457,0998af01df4b221793f7799922a4b088d951d39a,0,2,0,0,3,1,0,0,91,37.82
6458,03bc884ea085197a651b50ddc21f575560854f1c,0,7,0,0,3,30,0,56,5450,789.22
6459,533470f8c879174d023140a80d2b6d548685733e,11,4,0,1,379,126,0,70,1560,706.88
6460,3b629d632ae660b618422b3e2f67533a6fdc7106,0,9,0,0,186,135,0,62,1782,1695.79
6461,de3a51263d16b14c334b44306751b16b59173b86,1,2,0,0,19,5,0,20,801,219.96
6462,8192a6b6ee16676662ca05aa83e6eea62da08533,0,2,1,0,5,19,0,18,801,135.8
6463,7f08cd0e104f386881f21c4e7148b3b969d8b675,0,4,0,0,36,35,0,71,1193,211.67
6464,fb4c50966e4364cd3b34aeee26e026c3f09390ef,0,3,0,0,46,0,0,0,906,148.98
6465,8a6d6aa23944bbfd5047cf0c09fb4d8045735dab,10,9,1,1,114,96,0,0,790,478.18
6466,fa838b020df0235e9bea448730b3bd034e9bfb65,0,6,0,0,50,0,0,5,756,144.44
6467,dba7ec1b69992b040d699ff9699f9b12d42fc053,0,2,0,0,9,84,0,19,476,106.55
6468,9250bf809155ebe93fd6ae8a0485b22c744fdf70,0,3,0,0,9,2,0,13,1111,187.61
6469,c3685760f004450667920144f926383eb307de53,4,25,2,0,324,31,0,100,8399,1300.76
6470,3f1f587266d999eba3adcf7986e68c4fa0f42a82,0,1,0,0,2,0,0,1,117,27.78
6471,4d1bff9e78884adf689dd587d65afe36a336c56b,0,1,0,0,3,0,0,1,1526,189.97
6472,fa7ed58e1bddc51d339587df99aa929aab53d7cd,0,8,0,0,112,129,0,10,713,185.19
6473,ab55bad89995c5c34ab0e57e6d5fb9b6b799dfb0,0,4,0,0,6,72,0,33,732,135.92
6474,5753d18c705d55e207ef56154ac5f4512d1b01dd,0,3,0,0,4,8,0,5,798,136.7
6475,4dfafd6e508e2e32c6a44e1957065abe2dd65fea,4,6,0,4,1872,42,0,254,47950,18303.0
6476,72438c02237bcaca10939469dc160f0820b5d2aa,0,1,0,1,1,0,0,5,145,102.18
6477,a8ee83c092c5ff22923ac359f2969b6601a01ca3,0,1,0,0,42,195,0,28,1425,217.25
6478,3e9d1a19e25e3e9a2eba87869682cf1cb9023626,0,1,0,0,0,0,0,0,0,9.56
6479,98b4181f43a22c678ef66b6f568f6f19209720b5,8,13,1,0,378,106,0,277,6208,1224.38
6480,50e9825139d9abfd280eb7a930c8c6a96e9e68a6,0,1,1,0,89,78,0,34,788,1541.81
6481,a3a56b6380eedaab60d1dfdb993070d045f87045,0,3,0,0,40,0,0,12,3835,501.58
6482,af4e4b6450e8976c4fd57526649d0cd87b1b825d,0,2,0,0,4,4,0,0,1148,162.47
6483,bb645bcfda74ad1f96b16e6e47543d44fbca5a98,0,2,0,0,47,0,0,3,3875,513.89
6484,768b4119dae6069d4dea7f13018d89aeb7017ce4,0,10,0,1,102,196,0,218,6894,1032.97
6485,549c8d835a4a715e231827ef7674bff5ba2646af,0,1,0,0,0,0,0,0,3,12.33
6486,7ff7b88db591523d100e72ad8cb0d1e0fd2b99a7,0,1,0,0,0,0,0,0,249,38.17
6487,c5172169f23e20fb4df55f803dad115a47164be9,0,3,0,0,195,42,0,33,1593,269.16
6488,47a4e3437bb637522525c0baf3d04a11c0546980,2,30,9,0,112,348,0,351,15429,2470.74
6489,b297f2dae1cf1ef9a6c0aef30977ff1dcc3db9ee,1,1,0,0,2,0,0,8,1457,221.93
6490,6ff19f94fe70f5815214c0d228c748a56468e8b9,3,18,0,1,72,165,0,0,1315,463.07
6491,92b494f117e8de9b4cc30f419e49abd16c37d504,0,1,0,0,0,0,0,0,3,16.71
6492,511398f43a8e0d663a1dea5c8cec0b76396f7d40,0,1,0,0,0,4,0,0,275,54.84
6493,9f5b8a83b70cfb4aaf1e22be666a2516a0aa50ac,0,2,0,0,44,0,0,31,3922,530.33
6494,c50a79a9eea06b592a73d7f689f2f85f025298bc,0,1,0,0,9,0,0,8,138,40.91
6495,01d3473bf09487977689626e7743697544808c2f,4,13,0,0,73,22,0,4,766,336.1
6496,cc03f7ad5320d9b91cd65e0630501d08d341ad74,0,13,0,0,173,0,0,2,676,266.43
6497,346e904a210540ffe11863547319c51a233b43f7,0,1,0,0,0,0,0,0,0,9.46
6498,219d8a1b71e3e1db36e63c1ab61cba09fb00898c,0,1,0,0,19,0,0,19,558,88.52
6499,3f7f1c135385c68243309a99e5f5459b1695dae6,0,9,0,0,263,226,0,0,2959,641.11
6500,030054bcce58a3e0e495233e04338502bed42166,0,8,0,0,77,200,0,28,8054,2447.1
6501,ad857d1b77abb2f4b767238585d305e4712f82eb,0,1,0,0,0,2,0,4,475,71.6
6502,bbb81a7ac376b93249d5994fe23eb205510076e4,0,1,0,0,149,4,0,4,1237,186.95
6503,4b62a52ebcf401d872e6872cf25bdb4556758983,0,1,0,0,18,9,0,24,332,82.81
6504,51d9bac42b30c2b1a81094970a1ce50f70de3192,0,2,0,0,18,0,0,0,354,79.85
6505,d87df9209a5d0ec035b8f6ddbf437193dcbb8515,0,1,0,0,8,0,0,0,1088,125.05
6506,7bcbac91a2385cd3009bcc277bb0f4d94084c926,0,5,0,0,73,0,0,0,455,111.46
6507,7c43a23c07d2af1c236b3153ba932234c3a80d13,0,8,0,0,102,61,0,23,1927,360.38
6508,b71509151e6b079486f9ac76762279d70f1aa0ee,0,1,0,0,42,19,0,32,636,139.45
6509,00b302435536974bc56e72deb406002c3b13669e,0,1,0,0,25,0,0,36,242,57.65
6510,b3d8d06703a34d48d1fd14ab2c77439ce9cfff6c,0,5,0,1,46,18,0,19,764,158.24
6511,8adf6857c7a4ee6b7cb1ebe9dd53af56fe7f61e8,0,1,0,0,4,0,0,1,185,41.87
6512,f2e363b589827eeaad2c22a39b96be714c0e9d41,0,2,0,0,51,5,0,9,568,124.57
6513,37d7b571287ea185b2f6d9a32e40b0fa10afcee2,0,5,0,0,8,0,0,10,1180,234.44
6514,e7d16db2ac06127498d0a056e6b07cbc1cba36bc,0,1,0,0,18,3,0,38,182,85.21
6515,b6f5d5b85ff518defc9ffb64cc1d1ab2669783d2,0,3,0,0,42,0,0,1,803,164.46
6516,b2086873a95b6916d66c1c6734fa0e130c5aff74,0,8,0,0,367,390,0,110,3103,621.81
6517,15fe3d3279e84d9db41b29b5f8ac7ece31490fc3,0,2,0,1,0,2,0,0,172,67.51
6518,1f3c6f4c077b0cf2baa40134bd2384ff417749c9,0,7,0,0,136,84,0,26,2946,538.96
6519,eeaea4aea3dcd3e9e2ec5a05d77fd1dd0f06382b,0,29,0,0,58,75,0,49,10914,1554.65
6520,0a2407784146fbbe24d9ef0101599591a5aa9c21,2,33,0,0,2965,5034,0,2360,82350,14816.52
6521,3b72b69d0e3636eb68d8489c0427b4b4cc2c34cb,0,2,0,0,28,0,0,1,1634,238.91
6522,cb5c4c146f50da6ba75368c2d3fd7ca2d47a532a,0,1,0,0,0,0,0,0,1529,181.58
6523,4b3ffffa097e5a62063e6bc92bec63bcd91bbef6,0,11,0,0,198,37,0,8,3003,544.64
6524,9c13219f0d142051bb31f3523f2f5b8e7f231d90,0,2,0,0,8,0,0,5,536,102.35
6525,f3524a06bbb224b2fb9ceb3675016cf83830f0fc,0,1,0,0,2,0,0,4,475,73.91
6526,4a20361f1a235e0365c7923e64d20b28166cfd4b,0,1,0,0,0,2,0,4,475,68.36
6527,efcd15bf67f155e29b337886fe38eadfce75ffc6,0,3,0,0,18,5,0,9,402,95.68
6528,03423fec6bbb16e049bd1294ec439cf56fd0e785,0,1,0,0,1,0,0,2,304,57.69
6529,f74e051bce94200ae99c7d97c913c1bef658f53c,0,3,0,0,60,46,0,0,627,127.8
6530,c73180d45620287ffcdeeaca57484465d5a3b30b,0,1,0,0,37,19,0,4,822,130.41
6531,c7b8b63cd1fc19e3be722ae6c71791d04ef48b9d,2,0,0,0,0,0,0,0,0,78.31
6532,0d6b872d9dca4c040a172eed7b0153ece36c0a0d,0,3,0,0,19,0,0,11,592,121.53
6533,e10baacd3e3e0c46ad4a0473990b682ed834c5f5,0,11,0,0,9,9,0,36,7384,950.5
6534,94302a3d26702b4ba07af76bf249298edf9118e4,0,3,0,1,3,3,0,0,3305,501.56
6535,1c8822ddff02c0b4f64b42b316900f2a970ff098,0,1,0,0,18,0,0,0,18,23.23
6536,39653862a4d24b5309e972ca38554a7f81bc94fd,1,10,0,0,55,12,0,33,2766,443.54
6537,3190605801fb18ac1c0d47fdc8964a93fab0d8f2,0,1,0,0,2,0,0,1,75,27.02
6538,c1293cc91e29d09c04297f126a76e84edb1af8fd,9,11,4,1,95,33,0,46,4649,1234.39
6539,f112427425b3ddaff40f1d2dc8a94e52d55213e8,0,6,0,0,52,3,0,41,864,158.09
6540,1eb24e4e8e8d2df4ba5cd3aa0223dfd08e1a90aa,0,5,0,0,5,0,0,1,2143,1641.84
6541,61220e4d7c8d7e5fb8ed3bbe2469bc86632c48de,0,5,0,0,44,8,0,22,2954,429.45
6542,b3ae87bd7dd539fd8d5409076933d4528ff6b14c,1,6,0,0,29,6,0,7,498,158.53
6543,b554e054109039bdf92b103243b5f862a0e49cfd,1,1,0,0,31,10,0,21,3588,454.47
6544,bd7c9581f20b864db41dfdf83b6240c8a5dcca9d,0,1,0,0,3,7,0,5,1361,194.31
6545,67420fe21dfd104f23fd74f83f955dea2f971e71,3,2,0,0,9,43,0,5,1371,284.62
6546,adb319f5c23e8813ac8cc5a27a483caf825dfdda,0,2,0,1,17,0,0,7,752,235.82
6547,2333596279b63c045e5fd5be09b2fce8ce5c9980,0,12,0,1,328,297,0,1376,51897,8276.83
6548,a9310436d51f40bae65d53db07c1ed2fb41d6348,0,24,0,1,154,102,0,99,8685,1395.95
6549,691f266fc2f2b3d7bd9b3108f795f12b35e334c3,0,2,0,0,28,0,0,1,539,195.4
6550,a5a48dbd23f3dab0f72635b2422f295a667b9ca4,0,2,0,2,6,0,0,3,116,90.6
6551,a5a6036883d17dea822fb0cc343b2819485a7e92,0,2,0,1,19,3,0,1,298,90.8
6552,f9750f2122afb047d84ef2b8fcbec9b4872ccf30,0,1,0,0,0,11,0,73,3608,457.02
6553,401e83cee383508a2ccdf5b92e7c77a0be2e566a,0,3,0,0,88,0,0,11,3943,555.89
6554,a2a7618d261bfe121f05821d89242d770cd7b7ec,1,13,0,0,244,155,0,62,5819,1008.16
6555,34ba143fc8f484134e229eb3cfff0bd3a1e311d1,28,19,8,0,2292,507,0,288,10463,2852.95
6556,d53f012bb750a9a5970a33a29b685fa078e3568c,0,13,1,0,175,245,0,81,5818,952.68
6557,49b0bab50436433feefd842a223e0656e86df247,0,3,0,0,35,11,0,10,5157,655.53
6558,da356069f244d4a3d35ccf34badda39bc15cf8d7,1,30,0,0,134,700,0,82,6206,1061.46
6559,a5ee36d937e9b1ca551d0733f7b74d19b9bc07b8,0,1,0,0,0,0,0,0,53,12.85
6560,f041306cdae701e91b314234b413af98fd1f6b18,2,6,1,0,3,141,0,0,366,1694.88
6561,665fe3eef17a96da037901cba776880d0499a9c1,1,2,0,0,22,1,0,0,142,84.04
6562,b7bde350a160f2481e8dcbcf00702333d8a978cc,1,1,0,0,5,4,0,2,49,47.14
6563,3826e639672eea11d73da333e6c15f6b7c23a46c,1,5,0,0,45,1,0,41,2855,455.44
6564,a2e967d92f8550981455266634e9eea4435d3d95,1,7,0,0,35,0,0,0,590,203.81
6565,e75dee3a2163182e40400f4eba4599cfbe805c5e,0,2,0,0,10,0,0,0,1642,197.69
6566,f8474c8d4d3e722aa0129e085f6a5287c5e2be89,0,3,0,0,23,18,0,30,1354,253.64
6567,cac0904c16dde9eb7bdbb57e4a33224dd4edb77f,0,2,0,0,40,1,0,31,652,124.47
6568,a1d2ff4646743a9136bb1182c0512bce28e358b7,0,5,1,0,1,15,0,30,2882,403.61
6569,09bb4287631563df934cfe88b16fa6dc03e490e6,1,10,0,1,23,30,0,7,750,268.7
6570,fc93de51aff2c917a2b89694cf16ca37ccde6723,2,9,0,0,105,1189,0,232,2898,813.87
6571,66781864aaf78e8c8afb0978a7f68b6773d69649,0,1,0,0,0,15,0,12,106,29.88
6572,8fa5b0b946c01516076fa944a310b33224ff21a9,2,9,2,0,95,38,0,0,1390,435.23
6573,b3f2bec099994d78d1866751f88d7526d9169995,0,16,0,2,1405,1,0,15,48782,7860.74
6574,8cb55c4080206a651023f6d042fac295192f1c2b,5,15,0,0,228,424,0,148,4733,1071.83
6575,8da7366fc24d633ea98f9ccac1599aa147fbf7fe,0,3,0,0,0,0,0,0,27843,3815.8
6576,463ffa792a23799d8cf2406321d1c8a3acacded1,1,13,0,0,244,148,0,62,5845,970.7
6577,e18e9a22daf32306f966641ea02a72fca96dee32,0,2,0,0,31,0,0,15,509,94.84
6578,5ffbd4a87d73caee3ab27ae8d6a47cd36afc859f,0,2,0,0,3,3,0,0,188,49.01
6579,0e48665641b16cd9b250503696b926a568063654,1,19,0,0,3661,2,0,49,50742,8402.72
6580,319ecd867a2903c4ce03c38f6ffec62ada1a6049,0,5,0,0,178,102,0,40,2031,1779.32
6581,da97569eae662ad90fd3afd98ef148c94eee4ac1,0,5,0,0,22,8,0,18,1648,251.7
6582,05b1d918b0a845ced066a66b187823c357ed673d,0,28,0,0,354,69,0,1194,50364,7369.45
6583,79e5efd35c9f3660b8c58364f25816581fb84d7a,0,13,1,0,153,252,0,62,5840,915.24
6584,a3e0e0df0d0957fc02723aa349f96ba45bda3c7f,0,10,0,1,0,20,0,0,2277,341.0
6585,7a6518f05d1e5b5ef2125fd996b13bdb35b79587,3,10,0,2,178,40,0,35,2417,586.5
6586,001a26d404ca39ab6dbb9efeb59c08f20938f112,0,1,0,0,8,0,0,0,140,34.84
6587,7572e96e3abdc6636b53df3ca8738f467334a9ea,0,19,0,0,143,99,0,27,5867,908.05
6588,1c477b2df9f3cb10063d66d8f14ba9eb83bf9f4c,0,1,0,0,6,0,0,26,1462,199.25
6589,0a93241b61e6183b5671a4e7940e6212a17acd66,0,1,0,1,24,0,0,0,360,177.48
6590,69ce5967fd3b8f33486239bcdd7e5e4a817691b9,2,4,0,0,28,14,0,11,373,127.88
6591,20a7ae28657c41027486f7d2c8e1b260b692f418,0,2,0,0,20,0,0,0,99,45.01
6592,6fecf55a7eb05d4f85a17ad9f56d9728f1c5d3e7,1,1,0,0,8,0,0,0,177,60.98
6593,0583d79346e16962bb35fed7587d56d2ec71c0fa,0,1,0,0,0,24,0,0,360,62.81
6594,05ab41d1bea53295d2c0790fba71c441ff85a6a5,0,1,0,0,24,0,0,0,360,71.13
6595,e02ae7724ddaa147a7cf41dc398e09e456e0dad6,0,9,0,0,2123,2118,0,228,8491,1700.68
6596,df98d8dcd76835e59fe6df43197308215028a41e,0,13,0,0,160,9,0,11,2339,398.64
6597,629b04f44f19b9589c9bcfb84da0cf5e0d4d1f18,0,2,0,0,95,0,0,26,875,166.81
6598,6d48eb06c9cd50259e3137eea8e3554d190f678d,0,1,0,0,0,0,0,0,202,44.72
6599,d7325185ad2864ed8fc78bb362776648a75c951b,0,3,0,0,418,12,0,53,599,291.28
6600,4c98f97c318995593bbe8b67ba856003cb5ed463,0,1,0,0,0,0,0,0,202,1465.75
6601,b2a9be02ac10908438dc84e9d483bc8785d7ce19,0,3,0,0,108,56,0,0,294,117.69
6602,2f8ddf6fc5f904f0273b07469286e01aa02c7da5,0,3,0,0,8,5,0,33,621,108.93
6603,f92a14ade635e4b081f3938620979b5864ac261f,0,8,0,0,145,0,0,33,6873,968.3
6604,f65a439f0188c0811c2ca07b5d830498809a13ab,1,6,0,0,91,16,0,13,1017,249.18
6605,dd1ae37148c13e79ec37817f3953a79dd40e8e87,0,3,0,0,60,13,0,5,278,94.33
6606,bd157ffe9a72cd723f238f1685608da573bb0df7,0,3,0,0,5,8,0,33,621,107.72
6607,ac3b1c9aa9d3ce5514afec0c2e0e34f9ac12d772,1,19,0,0,1416,0,0,203,57903,8836.56
6608,36eeb2c569c574b299f8628bed6b8dd20fb900e2,0,7,0,0,75,30,0,18,2825,446.12
6609,953416eb3411f7361f39283fabd4a555bfc873f0,0,1,0,0,0,0,0,0,177,29.6
6610,f1066cd7744e185044dcc33aae09623d10ed2631,0,1,0,0,1,0,0,2,24,20.24
6611,6c9082fe162c2e940b556c9da5edc36e5501906e,0,8,0,0,207,50,0,127,8631,1176.67
6612,ae21797305188e82f7017ce5675e4fde950461aa,2,37,0,1,273,83,0,226,14260,2211.42
6613,4cb09a494c4148de2b4e8c6cd011bacdf7f33b1a,8,17,0,0,162,15,0,70,8577,2086.68
6614,7794c530bd8dea47e16ca5329270aecc46ea9c8f,0,1,0,1,0,0,0,0,72,47.16
6615,4ab95ebbceb144d90e03bce45afa52bcb8c62c54,2,19,0,0,120,73,0,25,1182,475.04
6616,76dc957f64fa38ce88694054db7dbf590f368ae7,0,39,4,0,182,313,0,174,17706,2509.39
6617,287f95a579ee95a40e0f3a0986a246d29718ee3b,0,1,0,0,1,0,0,1,447,68.53
6618,b779143fdcfb1ae3bfe04f2434d6ca3d5f11b587,1,8,0,0,83,5,0,40,1163,311.2
6619,406f66a4e89f0d3a52225bce6a5a33cf54b9d75c,0,1,0,0,18,0,0,0,169,43.13
6620,8f1d0a2b84e4f4dc96406b4748998c7d6eeacbd3,0,1,0,0,0,0,0,0,0,1514.17
6621,cb9ce2ceafb5467522b1b380956446e40b8250d5,5,4,0,0,88,58,0,0,261,212.66
6622,2ee3c73f76ea80d50fd921fa8cbe84d21f376785,1,3,0,0,14,0,0,0,58,66.43
6623,bff7c4f1fda5517c469db7863706140e3c97e9e0,0,3,4,0,10,320,0,9,4078,691.32
6624,4fdd6ff9aef0979d7b4f07abe159dbe4c755ccff,0,2,5,0,0,1309,0,3,6561,876.02
6625,980c8c204775e789fae057a6383ff4b725067b83,0,23,0,0,167,170,0,63,7140,1086.02
6626,c74cf12925b810b7a59c5b639834508f00054053,0,1,0,0,3,0,0,4,1242,149.94
6627,2285c57a352aa4607636205a8b99ecb8ea1ff51e,0,1,0,0,14,55,0,66,3581,438.65
6628,fb8f9247d0262f9875fee954370fd807dc786bfc,0,2,0,0,0,0,0,0,154,35.53
6629,3abd13dacb57927bd44a47632f4bd0c2e2bb87ea,0,4,0,0,125,102,0,180,2007,332.63
6630,7754a9620eff44d1d570fda534f9159a756310cd,0,2,0,0,40,3,0,0,1004,192.75
6631,07e0a30efa332ab451e5f5729dd8257eced82c4d,2,5,0,0,20,9,0,7,1476,274.72
6632,aa5d9a9ad3e31f579e172e213342a8d73b99dc0e,1,26,0,0,16,21,0,6,9169,1253.43
6633,59fd6eb7f68c6d616a645db078939c6d32da7aaf,0,23,0,6,72,112,0,82,3883,807.41
6634,843ba9e54573e5f3c3e37d3ef39ff2e601979cbf,1,4,0,0,85,74,0,0,2217,337.55
6635,616f4801b06a8427a03ceca9fb8345700ce1ad71,0,1,0,0,0,0,0,0,882,100.54
6636,85d701892ed969380a8bcca9c9f4e306c74af941,1,19,2,0,384,105,0,1269,47344,6767.26
6637,826b9436fbba39ce78650680c71425bc8547cd39,3,7,1,0,72,226,0,19,941,251.07
6638,4254d7edf33d117256f0d8837827b7f0fc578c45,0,1,0,0,192,59,0,20,416,117.01
6639,22fa1cd3df3ed16ddbc0336ac2e52964c1e22665,0,10,0,0,207,9,0,135,9998,1475.22
6640,c64a1d199402d6bf2d6ff4168c00c756dcaa59e4,39,21,2,1,89,28,0,19,4691,2916.43
6641,a8bb27b2e0dac5b3645a8592d357b5918eb3ec2e,1,3,0,0,7,0,0,5,1854,273.35
6642,c725d4d334e3b6ce4ed9cdaa1a84bba101f78ec3,0,6,0,0,7,48,0,17,3124,445.23
6643,e8979c67aa9cf0995b5f1603db72175f3eb222d5,0,3,1,0,0,0,0,0,1861,247.69
6644,07c175b10a6f91ec3fc82339059313a5f9060d3d,1,3,0,0,0,0,0,0,1861,270.73
6645,5ebaadf1a6d8388f3c5633fb76ecfc8c0adc2da2,0,3,0,0,41,0,0,1,325,94.68
6646,87e1ba9a1a67780a7bd1bfbad65d263f83a1fe14,0,2,0,0,9,17,0,5,137,46.35
6647,da5722cb487ea5a7fa8dff94faf459aa0d657c14,0,1,0,1,0,0,0,0,68,43.32
6648,3693d1306d3f42d04298abf682112a6c21fcef74,0,1,0,0,0,0,0,0,608,81.16
6649,b7fc7bf246934cea09e22f55bea62415f7319647,5,4,0,1,41,36,0,0,805,449.77
6650,7fb0ac26e3a85a01b285078c198578216e3e8524,0,2,0,0,78,14,0,81,1677,230.8
6651,52ad310c80d15e01a837e7a36d1342d259756219,1,15,0,0,28,70,0,59,10747,1561.32
6652,ffe7dac53d7824b4fb97b2aa642108a58b23afc8,0,23,0,0,0,0,0,0,3955,658.48
6653,47ce72d78cd5807082919d04d297d861d6e20211,0,8,1,0,24,136,0,77,1441,324.92
6654,81956aa446fdfab032609685442d3ca753c46960,0,1,0,0,18,2,0,17,347,68.0
6655,c6250ecc833528550c9412e3e18e5aeeac062473,0,3,0,0,67,6,0,18,1541,240.11
6656,edbf2bb8dea3e745993079d8ed37073d21b1b419,0,16,0,0,58,56,0,28,2478,453.63
6657,11592965413224abed4156236d7ccd4699ce7e75,1,7,0,0,364,251,0,47,1864,451.03
6658,ef052521cd3b1ae086770aabfad14804ee8d4ac6,0,10,0,0,1482,633,0,1806,45928,7673.93
6659,f8b1f57b057eabfe6aa6434a790c685dd964a513,0,10,0,0,0,0,0,0,47410,6955.37
6660,2c799fb70aa47f9109714dc410862af24b4a0321,0,10,0,0,3,1718,0,901,45692,8368.48
6661,63c819efbe9108c8d20158d2008f83c78a9256ec,0,15,0,0,59,63,0,44,7806,1135.28
6662,9ec0ec492222e55169d97c53bddd674f6dac8a52,2,9,0,1,41,21,0,64,3976,656.18
6663,91b4d2e827e61a4bedae232aae3f8f5a10015ae3,1,4,0,1,138,2,0,14,1429,315.68
6664,4e77b18da2515a14772a456f408ee34376a3c71f,0,2,0,0,22,0,0,0,153,41.44
6665,ffa0cea2a3b1b2e6bb1a57e21f50dbf19159ab04,0,24,4,0,217,157,0,141,11413,1774.75
6666,c55fce00f3a5757c706ce50ed42980c7f6c4b97b,4,1,2,0,258,431,0,7,197,410.16
6667,af9d359b8eb7933bd20f1dcaa2ddb1b27059d23e,0,1,0,0,17,1,0,1,110,65.35
6668,9a78d008841726ec2029215cddf0c0b2141771ae,0,11,0,0,95,20,0,49,4665,752.66
6669,c8f3c8630b7c58a77649021b8c577d3ce4ffb6f2,0,14,0,0,162,177,0,49,6517,1068.19
6670,6c5eec249c6fcedd3d9f7fd810f89656647c1c67,0,8,0,0,21,62,0,4,3180,430.69
6671,8159eae7810a6bf6e13596fed9f8cb7f1aff9dfc,0,2,0,0,0,18,0,2,316,63.85
6672,d0498d979cdb9aa17065c27572f35a80fc7d59c9,0,1,0,0,1,0,0,3,358,60.88
6673,e4c06c120a8bb964fe72412cef216647b147de72,0,1,0,0,1,0,0,1,178,40.13
6674,b23890157c10bf2db347bf5396806295e4532825,0,1,0,0,0,0,0,0,0,12.75
6675,712fe69e4da3ff291244bda55b6656ce3dc51f72,0,9,0,0,35,21,0,21,49282,6697.2
6676,06a260f107ba5ab489e7d28256ee6bc9530d3416,0,1,0,0,0,0,0,0,254,39.51
6677,054acec84009feed94ca6cf3bf20f5af4f6fecac,0,1,0,0,0,0,0,0,275,47.37
6678,9d5d25c88d70b48e9218fd699050e13973b61216,0,3,0,0,6,16,0,3,523,132.15
6679,d51e2878774ebb6107290476264a6612bc3b7dea,0,4,0,0,43,0,0,0,3232,433.49
6680,a05abd83effd8e4c0abff7acf1b5f33f8609295f,0,1,0,0,4,0,0,2,1725,1608.83
6681,e019961150624236615fe7bd4a9017622d9f78d0,1,44,1,6,166,162,0,98,15184,2563.07
6682,c7e605445a495d212136b85db37828b560adf435,0,1,0,0,39,0,0,0,754,122.37
6683,e129e6b65d5c6f9a5b2fbe69c846e602b3c4567d,1,5,0,0,851,3,0,0,338,356.84
6684,d2c083d21ce2b9c6cafe3e30b6093419cacdf118,1,6,0,1,39,0,0,1,1432,317.34
6685,915928287f566c77fb9988ecacb23673e048a026,0,1,0,0,0,0,0,8,933,117.24
6686,a2d2196e89f4228c01724eef09c92f82b33c32ed,0,1,0,0,3,0,0,1,372,57.17
6687,a0da66dc3656237d061735ebb810fdb85389b8c8,1,2,0,0,19,0,0,15,4205,609.08
6688,de23d306ebd1ab4135fcfca6a682f8c167911d05,0,1,0,0,19,0,0,0,188,43.64
6689,0446ed0f0c662608a7816a9c3fc3becacc682fb4,1,0,0,0,0,0,0,0,0,42.91
6690,13af7f8ac6e393dc7895b6fb1d35fac2367c5a17,5,15,0,3,7574,25,0,1011,48280,10041.74
6691,f444b3b54210dd3101c9a3fd22ccea384d1100d5,0,72,5,2,953,531,0,59,19066,3427.69
6692,ce64e7eb6e9a6c3954b8ab6b5441ca6e4f952b26,1,15,1,0,183,222,0,91,1840,456.26
6693,b392de3e315aa260e2825484e418701919eb7622,0,5,0,0,106,81,0,37,920,219.04
6694,697a55a8782d940aa4f1287c2ef4a45ba516cac1,0,5,0,0,62,10,0,3,1147,253.97
6695,7763dd6688254d37ad611f5d290db47c83cf93d3,4,19,2,1,17,6,0,0,5380,977.66
6696,17007685c1ad2c4b7e672afaaf43b50f6c3a7c5c,0,2,0,0,19,2,0,7,4078,545.3
6697,80a1f8fa2aec6687774ffeb03178efcdda2e136b,2,13,0,0,547,2317,0,417,78090,11792.29
6698,3c0750de54276cf19a35feb6351c71b8dea360b7,0,1,0,0,12,0,0,11,150,59.55
6699,c579cf67b0eeb1eadff3188773988824c5c3f2a2,0,1,0,0,16,1,0,2,18,25.58
6700,f037f230fd5a0b6f28e68b02f47efeb4dbc22694,2,11,0,0,93,30,0,15,1082,1730.2
6701,f031b69969003b7b33111312060a73858bada319,0,4,0,0,58,71,0,17,778,228.25
6702,8fb44fae35123ab7ddeecfbb80ae5e051c07e111,1,19,0,0,112,283,0,170,10687,1604.2
6703,ff045cab84ada47ae2d10015649cca8f6edb76ac,0,9,0,0,7,3,0,3,8360,1054.14
6704,62de29e6f29efef5a87c57c6ff0c4995ee790f1f,0,17,0,0,12,35,0,7,1700,405.17
6705,0d656b1394c1bfb702199998d69efbd10f879d2f,0,1,0,0,1,0,0,0,856,132.09
6706,371f2bd9071da0b56565df65c27024c0776942a1,0,2,0,0,30,31,0,0,2587,319.13
6707,a49bc58a5456c2974552c7b6ffab9ea39393ca78,0,12,0,0,57,27,0,24,3297,525.46
6708,201c8382508da1266d11e04d3c7cbef42e0a256a,1,2,0,0,3,3,0,4,942,162.42
6709,f4bf375ea113090e103e9e8d2ca5c58a7be629f2,0,1,0,0,1,1,0,7,1635,222.65
6710,84a9eb3f5c740d56c02a3ba54c9479090cd49f31,0,2,0,0,0,0,0,0,726,122.94
6711,e8f9de7851ca91bc840618e6ca16493b1060f6dc,0,3,0,0,682,0,0,0,14471,1948.93
6712,bbc232e4eed08209f2a51010c29a5c3df1cd792b,0,3,0,0,0,682,0,0,14471,1765.31
6713,eabfa39b27b2198835a2bef2f98ee7fcc29b0538,0,3,0,0,682,0,0,0,14471,1945.68
6714,5a8f1e8aaa026fd33be0bd8a69f0ee78f54392ce,0,14,0,0,242,39,0,125,7438,1137.72
6715,edbd0e494d7abaf50319b7650e350d52b195fcc9,0,3,0,0,287,6,0,45,1856,335.48
6716,613bcb3622ecb1783c030f34ea2975280e1c43c1,0,8,0,0,30,4,0,43,6100,816.2
6717,5645684ec9e77d9af6c75b3378468a167cdc9788,0,2,0,0,22,0,0,0,850,128.56
6718,faf81d5133393656a21ce8614447e4bb2b0d04e3,0,5,0,1,184,16,0,0,2895,509.87
6719,0d3e986f7e8e5052448f08ac08f644bfaadf89e1,0,14,0,0,103,205,0,41,9822,1361.17
6720,06e984b08689c1ee47f2c94d423357f81d935af1,0,4,0,0,8,32,0,25,2160,1696.02
6721,d3bf246421407dd811ac1c96bc5aa7b7a32dc94a,0,1,0,0,3,0,0,12,98,33.31
6722,7fa7156f2cfbc6a5c9a50739d0ea4a3d5ce4c6ce,0,6,0,0,108,119,0,103,3708,534.41
6723,58b6d9759e97f76221ca57a0e399c056fca8ba01,0,2,0,0,0,0,0,0,90,30.0
6724,6bb59382263ad13d9ec2f51087a09266edef170c,0,2,0,0,0,0,0,0,90,25.09
6725,a95570cfa08927d843f488fa798c08b1c4e47057,0,2,0,0,0,0,0,0,90,28.27
6726,3b914df9492401fe21a3daa39a0d4481b64abb45,0,4,0,0,3,252,0,29,1916,291.12
6727,58c76192bdbf1f4863c1c87d165c2e3b9674d4ad,2,7,0,0,35,55,0,21,6113,954.08
6728,93b0cdeaaf2ad78d4a207bc0696a0ac7408d8ae6,0,4,0,0,259,3,0,32,1916,357.85
6729,de25fcbd93c59ebb4a4dfd4058f089cdc781f3ac,0,4,0,0,0,0,0,0,2175,277.39
6730,81cb29801403dd9ae7e94b6f721260cadd6e6950,0,6,0,0,16,4,0,0,405,108.37
6731,4beae9a56e2d5d2992d017ba876d18f78415e067,0,1,0,0,0,0,0,0,472,61.63
6732,fee86ebd7b75e9db1bdbc52355b5dfe58fdfabf7,0,3,0,0,1,5,0,1,173,84.37
6733,dfc6cf307662ad09fa8a9aba417d7e3e7680885e,0,4,0,0,3,259,0,29,1916,269.57
6734,1160315e2f666fd5c51505f55f77399e302885f2,0,5,0,1,264,1,0,50,2831,503.18
6735,b635414e8337be7bc14ca6ae605749c35569b4f7,0,4,0,0,13,0,0,1,1649,229.71
6736,ee1549cc9778af7124e3c7c6b187a0b124385a90,0,1,0,0,25,0,0,11,359,64.55
6737,e239e8d2d317b8f8de652cbf71bf8e33b0807960,0,3,0,0,155,0,0,11,2115,350.75
6738,c42a0665b9f576d0df9aa038b4287e0627704d11,0,2,0,0,14,24,0,0,2591,341.4
6739,9214ad69af486109cc4dd31f60a82ac7ad8d3427,0,4,0,0,0,25,0,9,1919,281.12
6740,e5ea45705472863fb716a2656cf73a671e8fa0da,3,25,0,1,567,91,0,203,4820,2665.95
6741,ed6e5d69995432aec4daf1a550edc8395fbc8930,0,2,0,0,4,1,0,0,886,135.56
6742,7da0feea8dd4236b520bf48b2a84c52bf2910e56,0,1,0,0,0,0,0,0,275,48.93
6743,ab5970773ad187871270bb63f9a37cead4cf2f6a,0,30,0,0,291,145,0,142,12816,2000.6
6744,4b541d63804e752f536560f7d96e222c0ffd877c,0,2,0,0,4,0,0,3,413,71.06
6745,0ecb6782593039af75a45c25481f1dbf7cbd6928,0,2,0,0,18,0,0,11,539,262.53
6746,e2a070cae0ab785b771a923146116c0e9f3452a5,0,2,0,0,18,23,0,0,1571,242.75
6747,44b255889cfb168aaac8adc162f740beb61a7221,2,5,0,1,7,28,0,0,166,126.85
6748,aace02a230a61cc7e91eb240598435c36c9af403,0,4,0,0,47,6,0,18,865,186.8
6749,1849e8a5a77373b5fb8e354c3f20214a80eb8c1a,3,6,0,0,20,107,0,22,889,306.6
6750,53e9a1c43a3861c59d6fc5198982973a1678b65e,0,4,0,0,259,3,0,32,1916,359.8
6751,e67eb6c424d76ee259f5076c277454a73e3a2bf4,0,3,0,0,76,4,0,24,776,169.7
6752,98ace3d586d068db03cba14f3dc904628b917eb9,2,0,0,0,0,0,0,0,0,55.49
6753,a8460b8bad746fc4815845bcaa9740a51bdd3c25,0,3,0,0,22,83,0,6,629,131.49
6754,7f0e6f1c9ec6423aee96dcbdd4240fb76f45d5a9,0,13,0,1,1187,102,0,35,11416,3153.99
6755,a69c23abfeed9246f308bf470b72a9a8afa46f5d,0,3,0,0,0,0,0,0,2125,285.67
6756,0ed50f42e71599a86738643822e1ec4f2e432026,0,4,0,0,3,259,0,29,1916,299.31
6757,9c8f02e4ef3037e8eaf649360ce83a898c3b20e1,0,2,0,0,18,0,0,1,326,71.31
6758,7bb0624bab68d7dd136d0cd54a8f0c74790aca31,0,0,2,0,0,0,0,0,0,21.31
6759,5b4bb8217dd4327a89fa29c93ac37bc887d96c2c,3,14,0,0,86,79,0,25,1340,399.79
6760,fe3c32ebd56da9c7852c70951cb9f8fadfdf7719,0,3,10,0,0,0,0,0,1581,1805.14
6761,cc59fe4e91ab0099f65566bc90e77e37f8147119,0,1,0,0,11,0,0,0,203,49.21
6762,4088f822a449acc39c2408a287f820ec26acabf4,0,2,0,0,7,0,0,19,510,93.6
6763,8f4ae0a0dcb658c4fe669bc4cdc68ad8e6219daf,0,28,2,0,83,34,0,46,4974,921.28
6764,f2d1b8db89cee7dad675639a50dab9f3c08f219f,0,1,0,0,0,0,0,0,280,37.6
6765,6bd3109062060f735c73b268c44022c201e6072b,0,4,0,0,31,33,0,23,1143,224.61
6766,f1c1f258e5b2dee152a46bd7f6887e928e6a6b3e,3,12,0,0,69,15,0,101,6706,1002.71
6767,5b485d14cd6a5bce1bef8329122166153162037e,0,3,0,0,112,19,0,1,559,171.68
6768,c77e2135db07b6417f5fea4577c2c7ae8d6d7008,0,5,0,0,63,66,0,0,948,189.7
6769,cb4fac1d18660094908afd6abaace6e441ec6a49,0,5,0,0,0,0,0,0,1011,159.2
6770,85fda44179c0afba74f52944ae9bb5a38266678c,1,3,0,0,175,0,0,15,2270,364.32
6771,046d4e183bb02c6bc2d00b6e67c1c30d315454a8,0,5,0,0,66,63,0,0,948,181.7
6772,0345fc87759a7d44ecc385327ebb586fc632fb65,4,10,0,7,451,44,0,25,2309,1086.89
6773,f159557eded160680e623b966350ea3442b5f35a,1,1,0,0,4,0,0,1,147,70.78
6774,5f98ad2053ddc31e0abc6863478db594e4447cf8,0,4,0,1,133,0,0,0,552,193.82
6775,752b258b7c30aa375b5bb7a33abf435f37e8c877,0,4,0,1,193,28,0,12,931,373.52
6776,0ec1459467f280280630e5b597bef302ec43cedd,0,3,0,0,27,23,0,2,192,88.12
6777,73e1bcd33515061be2dc2e51e6ad19d9798a8ef6,0,2,0,0,47,0,0,1,731,134.94
6778,9facfa550f1e7386be3a04d84f7e8013f5002965,0,5,0,0,306,122,0,108,3235,529.68
6779,1a701ce44484f45a8a07ea9826b84f0df6f1518e,0,2,0,0,0,0,0,0,1601,209.31
6780,9109803891e256f8c047af72572f07695e604a3f,0,10,0,1,16,19,0,20,6222,3129.73
6781,910b68082c8f200f0ba6395a76b7ee1c8917e401,0,11,0,5,241,155,0,56,1402,703.17
6782,cbcbcf4dcd3401327cc36173f3ca8e5362da1e0c,0,4,0,0,34,6,0,2,557,136.16
6783,18c5ecf6ed57e80b32568ca1a1a12c7af36bab46,0,5,0,1,0,101,0,0,606,148.73
6784,029fa297129f7ced276d19c4877d19bf32dcfde0,0,2,0,0,23,8,0,0,247,72.93
6785,0b5bd78d6e7c51a5c1b6b30a1f385eafcdba8f7b,0,5,0,0,2,7,0,4,4083,602.16
6786,177344cdbf8a08a6d225312b2327ff1ea8a21067,0,1,0,0,0,0,0,0,0,18.43
6787,d7e3116a1744057359ca48d94aa50d7fdf0db974,0,1,0,0,4,0,0,2,27,26.8
6788,af604f0c0cf3c40c56746150ffa860aad07f128a,0,1,0,0,0,0,0,0,18,16.12
6789,48b2502a5fcd4d3cd954c3abf6703422da7cdc2f,0,2,0,0,1,1,0,0,7461,945.57
6790,df96d328fb9fa11f04f84607e9a23f254f513202,1,2,0,0,75,6,0,9,772,167.18
6791,cf3215d343d5c412735f51c68dc3686087736a86,0,2,0,0,0,0,0,0,929,143.28
6792,3aadc675b0f02c3c13be625b40d72fbf6a844964,0,3,0,0,5,0,0,1,556,101.18
6793,23249eb0f5466b3608d80847b398b38b698fcf95,0,1,0,0,0,0,0,0,983,141.98
6794,635c9db81556f7b3a89c76d3be40d9989496d151,0,1,0,0,3,0,0,3,249,52.84
6795,30d0c3fdde39a351912af8484fe48035f4cd9189,0,1,0,0,4,0,0,7,70,33.57
6796,9dd5cda01747ffb91ac084792fa4a8670859e810,0,1,0,0,0,1,0,12,268,63.79
6797,8db9760363890d4d0bfaba25ae6797d45aaf7fec,1,4,0,0,50,162,0,6,672,243.88
6798,43f3fccb7b24d1433434d983e8e60914d8905f8d,0,1,0,0,8,0,0,0,60,29.9
6799,0cd4cec5d24b5e7194a903e4d900f5558ed8b9a7,0,1,0,0,1,0,0,12,268,53.78
6800,c2c2178b2eebe4439eadec6b37fae2566944c16b,4,36,1,4,171,127,0,113,15777,3965.27
6801,3c32032f5ce935eedd2b6d471f20b030c857acbc,0,1,0,0,8,4,0,21,1241,175.19
6802,66b616d7a3d6f4ad6d20962e2dfc0c82a4092ddb,0,65,0,0,287,128,0,212,25601,4081.77
6803,ecdfb82326035ad8221940919bbeb3fe16ec2658,1,36,4,0,52,108,0,71,15838,2358.64
6804,5eda5fb9d7d7fd5ae77d862c2e1666787e72ead0,0,1,0,0,0,0,0,0,1642,208.31
6805,d671a1dbc698160c4da6c8d9ca368832698c690f,2,45,1,0,2449,612,0,241,25683,4512.58
6806,6e962d6f65eebaa8b41e58368aa171a7d4b2910b,0,1,0,0,4,0,0,5,1249,159.5
6807,972e8c8c296d38507077b98c8fc2a33eda9fce66,4,39,1,0,120,142,0,143,16506,2765.75
6808,3acd8e4644c111560502ecc06e10d04dd204a06a,0,1,0,0,3,0,0,4,1253,155.76
6809,b1ef8dd43aa0f0102f296ea9b3eb76b5623052f5,0,3,0,1,13,0,0,3,941,139.67
6810,40cc666ac984e846a8c7105b771ce6bec90c4ad3,1,5,0,0,107,49,0,0,2642,521.93
6811,d39f40e787ecab54ee597ac4463bbbd2f5e944d9,1,4,0,0,43,0,0,0,2514,443.21
6812,ea3a27b18df875284899b04fbc5fb58a3120e6c7,0,3,0,0,73,66,0,69,657,145.74
6813,a3b6f4addc7ec90cbebe681e75e4e60f3e6940a5,0,1,0,0,0,0,0,0,108,29.67
6814,e95cf479c7615ae160a6ba963cc7689f3b440efd,0,2,0,1,16,0,0,0,57,61.85
6815,49f707fba7c6a9f0210f387e31d1be9f108991f8,1,1,0,0,109,1,0,4,141,96.2
6816,eb6ded4849adfc33d68e97a0bc689e7b4ac8c355,7,2,0,0,115,0,0,96,364,255.16
6817,9a1aff447e908c9de351a4f45b869b016ad7821b,0,1,0,0,3,0,0,0,974,131.33
6818,4bc0eb31c36475d51b1ab3ec6652bcdf40dc2cac,0,5,0,0,151,7,0,36,2597,539.83
6819,72fac379815d79fdeac1452b36cd12fb5492f627,0,1,0,0,3,0,0,0,1256,150.15
6820,8973582bc67a8a759310876e41a0348a1e26c89c,0,2,0,0,11,0,0,0,834,1473.17
6821,6bad35e728385e8998a2e8aa6582611a02caa7fb,5,10,0,0,84,7,0,25,3674,830.29
6822,fc68f23a4889271888ca8ba3fde1f6f86d3f0fce,0,1,0,0,0,0,0,0,336,70.5
6823,0fb1fd12005f5c51924aa67d114813be896b5cc1,0,1,0,0,0,0,0,0,275,47.24
6824,053e61541e6f45bbd2866faf4fe6c766a3f0c245,5,30,2,1,117,378,0,10,15413,2543.96
6825,880db3eee4f1908854f4ac9f778758213eaab20a,0,2,0,0,0,14,0,11,826,115.89
6826,03e8f6b56ec184d0bbcff765b1b8f353b853fb0f,0,5,0,0,0,0,0,0,578,117.83
6827,91995749c214135163d96316d915d2a084dfb690,0,5,0,0,108,38,0,21,958,240.78
6828,b81e00f5eabe8d99fd77d74f60e3754add8205da,0,2,0,0,2,22,0,12,1567,234.08
6829,c4cbb419a35043c3397476d32b8197cbacd21863,0,2,0,0,10,1,0,3,990,166.02
6830,01af27061e97dd82de79f6900189c868f8919a2c,0,1,0,0,5,25,0,39,297,68.83
6831,923508c9de065b99b4721acfb582e5a476f48acd,0,3,0,0,0,3,0,0,845,120.79
6832,13b9a1ed01d8115863e09fd09d4628281d1dbb90,0,1,0,0,0,0,0,0,0,10.29
6833,ed618da906c56cfac7b7bcee862413d3ae851b57,0,9,0,0,48,1076,0,65,29187,4286.94
6834,ff998ef74fe7b8d304b2e9e5579b019c62f836db,1,3,0,0,6,13,0,3,3603,696.19
6835,f1a9990328a65c49cdd10af069f67ff5ba5147f9,1,3,0,0,68,1,0,68,1593,264.24
6836,4dbd025ccf0b6962a863b53c9dbf1c2c42e679d4,2,8,0,0,356,324,0,12,1918,540.9
6837,b971b449e8de700d7709df2032a5a1429d369394,1,2,0,0,15,2,0,13,1738,379.34
6838,78f6799f4d53bea368caec77ff32db35109bd96b,0,1,0,0,2,0,0,7,74,25.07
6839,2de6b051f67b6a55eda8d4e247328fda24484adb,0,3,0,0,189,11,0,48,768,185.85
6840,da68537ae63ffbfc784de4dd6159d5d24f23f262,1,5,0,0,33,4,0,2,1648,1648.9
6841,2026540ea347e9359e6ac8cf8b3701cd3872a515,0,3,0,0,138,0,0,0,1848,410.01
6842,fc973d0918156ce92e63e67c433c0b59252908c5,0,3,0,0,54,0,0,18,610,155.99
6843,e99ed99bee66b9719ffb3127710fda486f952048,1,1,0,0,3,90,0,75,1513,252.47
6844,3dc38a4ff1210e662f3d08fe768def9b79f008e9,0,1,0,0,0,40,0,49,1525,207.86
6845,0d0ccc38fe59c555176d73e23595a9b569251329,0,1,0,0,0,0,0,0,373,66.79
6846,51d4c68b7cce43af1190f9195bfb08963375bc27,3,8,0,0,3,296,0,20,2068,420.78
6847,951b23a44cd90ae4afed9b255de0e678fbfba946,1,13,0,0,73,164,0,176,47839,7501.28
6848,c38bf12444aca77c7cb12637147c07dc711acbe9,0,1,0,0,16,0,0,13,918,125.66
6849,959deb0e5c7c43c2cda6fe4b5c4d46ed80d3d8e6,0,2,0,0,17,0,0,15,2630,354.3
6850,815b0f853b8005535219d8e3381d5a44c06887f7,0,10,0,0,60,39,0,1,20888,2992.23
6851,341223d86c567e2124802b0a19e1ba7bdc560cad,4,10,0,0,0,833,0,3,1565,551.45
6852,3bcc475ee245a083f39b346c18dfdd2892aae745,0,1,0,0,0,0,0,0,685,93.38
6853,c5cc81d8e31ba76833adf25b6c357205745c23ad,0,1,0,0,0,0,0,0,244,34.87
6854,0ae0edcd630aa1dcb6c47ea11fa4367ae0a5baa8,1,27,0,0,120,44,0,57,5929,1044.12
6855,5eb1b7b96c6b870959669636057aa16e93646fa6,0,3,0,0,24,1,0,8,378,109.81
6856,c833473619d5a2ff9437d62f2ea14ac772288304,0,1,0,0,0,0,0,0,1545,201.83
6857,d64acfd3045027e219438ff6c45fd72f0ea5140f,0,1,0,0,0,0,0,0,112,23.04
6858,d8d4ba7c59e123dd792c48d2845498e0882a3a76,0,10,0,0,0,633,0,8,20315,2964.12
6859,b3dcfb659e0f96ff1254e13949bbedb56465e700,0,10,0,0,633,0,0,8,20315,3072.48
6860,5e046151d6280e035f4448c72f9a180d59a336e2,0,13,1,0,0,113,0,696,47812,8499.52
6861,b34ab5980ea7a21fd750537476027f9a8665eacc,0,7,0,0,138,0,0,27,2707,456.86
6862,305ffcb04025ea6f7880e9961120d309f55bf8ba,2,9,0,2,139,34,0,48,2202,683.53
6863,5cdaca5c00aca24b21fe5cf4b1fa2cf7f9e1301f,1,2,0,0,58,5,0,0,207,77.25
6864,c1b45a2c45f3bfeb2ec43e395cc2722975bfe39c,0,1,0,0,7,3,0,9,139,36.9
6865,6b60ba8adebd531597d59d361b11fc1e32b40523,0,3,0,0,44,0,0,42,8998,1214.37
6866,62d73230234a524d437b84f3446944fd183cc2cb,0,2,0,0,6,0,0,0,219,57.91
6867,a8775b11d2c9ce822347e151aed603a3041e0233,0,3,0,0,12,0,0,7,874,143.87
6868,ad9ffaaafd074423b54401839da235fe976070a4,0,2,0,0,9,4,0,25,486,97.7
6869,67d1358311ab031ae1d152da4e8d357bed59bebf,0,2,0,0,1,0,0,0,820,122.01
6870,3fe4b28bb07466e6ba245d8c40da425db70f706c,0,5,0,0,63,13,0,5,5494,829.88
6871,712beb305e349e2c6c464e2219cf4cfcf10c592a,0,1,0,0,0,0,0,0,387,59.96
6872,32d2062b5ccfbdb3630a9fceee98200d36a5c885,0,2,0,0,48,0,0,1,1033,188.88
6873,6dc4190c07a6e3039f6c32bdc9a8aeb5483ea192,0,1,0,0,2,0,0,0,207,40.91
6874,140ce1453ec24b5776c26c23fef866406b6344fe,0,3,0,0,0,1,0,2,70,30.52
6875,23ea2c36f52283631ce665e04f2af433fc25ae55,0,1,0,0,8,31,0,3,103,152.33
6876,709f5a1980abe65eb85c638dacaaea8502ee0034,0,3,0,0,19,0,0,4,500,89.51
6877,d137991ccc876988ae8832c316457e525f6bf387,0,2,0,0,1,0,0,0,1319,159.38
6878,958cd2d1b7b1239925912ce148589eeb8a8dd2bc,0,4,0,0,61,3,0,2,1224,215.39
6879,8b70d043e48c2dd5fdf304ee6b1212c3d8006de7,0,1,0,0,4,0,0,6,359,60.17
6880,56cbc68b0da37db6a34e14e2bdc52245b848d173,0,1,0,0,0,0,0,0,204,1403.72
6881,28d619b22bec1b93259a96bfaba3ec1aecb026a2,2,9,0,1,128,54,0,18,1633,450.87
6882,3f75ba195c62b1752f4a3f6a408c74f16ea6b0d4,4,10,0,0,73,191,0,43,1376,388.14
6883,837bb9ece796aee9bc1f82ec45414ea52ac33f80,0,3,0,0,122,3,0,5,507,121.48
6884,80dd8bf51b7bacd9f21f8e725eb016bae1e91871,0,1,0,0,0,0,0,0,5,11.61
6885,8b75e9ed91c0a6c100917d24cdb29e8a4b14390e,0,1,0,0,0,14,0,0,121,24.79
6886,549171465db83600dbdf6d0b5af01c3ad30dc550,0,1,0,0,44,7,0,27,155,56.8
6887,2f1923a8233b0c999494cd4b33f85b70dc5d7b12,2,12,0,1,1028,42,0,1436,46326,7006.39
6888,97484f2aaf3809137fd50180164dc2c741d05ee8,0,7,0,1,6,1,0,0,1438,302.91
6889,3e426b2f851f40dbc4e8d53c607cddebdb8a73e0,0,3,0,0,21,0,0,2,3636,465.23
6890,564c193d61cd1f92688a08a3af6d55ce4c4636d8,0,1,0,0,0,0,0,0,3,38.29
6891,8b5c161cbf0cab4eb250827e20a12acee00b400d,0,1,0,0,4,1,0,0,138,38.02
6892,efc7edc81a0d9da486ca37b8314baf5a7e75bc86,0,4,0,0,57,27,0,11,788,178.96
6893,0d0c330401ade938bf934aafd79ec23705edcc60,0,2,0,0,133,0,0,17,503,224.73
6894,123086edad75308f8682a491ff8affa545babe4c,4,6,0,0,88,280,0,8,1093,391.49
6895,d547feac6b673d59703e1a0ef46db38b26046e4c,1,4,0,0,25,81,0,20,779,223.36
6896,9cf1a08c53b4d3416e10c2b725cbc3abda07590c,1,1,0,0,18,41,0,77,1589,250.24
6897,db8ce0566d1542f5ec7161d31f54026e219eb7d5,0,2,0,0,120,0,0,31,826,195.14
6898,c7a7f880dd99a29183e54f0092c10e7a70186d9d,2,1,2,0,0,0,0,0,317,227.48
6899,07c38e7165cbb21cfb664e1c3b1c0d4fbecc1c44,2,20,0,8,398,265,0,186,4670,1569.94
6900,0b43353bf76f19e020e2831691a832722b590915,0,1,0,0,11,0,0,9,408,1576.54
6901,118429cbac0d71d57d574db825b2f077146a961e,6,11,0,0,24,0,0,10,3273,599.54
6902,da3c023635ef3ea0a70bd9a72b839b1861e1188d,0,2,0,0,92,1,0,15,1078,172.2
6903,f64512bee11112454fc3728fe5d344a838781e26,0,6,0,0,78,19,0,113,6936,940.71
6904,8bfa8aaaca4560855cb672a0e8232d3849d93c85,1,1,0,0,6,0,0,0,129,51.37
6905,1950acc67a2510be370d6fc7859b562e58070942,0,4,0,0,46,13,0,1,1821,295.43
6906,ee0f148c730e0ae1cb616406166487fba78a2298,3,64,1,0,227,634,0,94,22769,3751.98
6907,35693f0583bd358dc5ecae2d09acb1bbf3676cfa,0,1,0,0,76,42,0,7,665,127.47
6908,5224064d4d1370aef1ef5ba16078014ab5c593f1,0,4,0,0,85,16,0,56,2207,367.11
6909,8da6f069c307d7cf0b8d56281189e84108c7430b,0,1,0,0,0,0,0,0,741,98.03
6910,80e15aac21c6b1969373171fce4c7635b991e172,2,11,0,5,274,161,0,13,2189,660.26
6911,1d3252eb59a0e7dbc2f120e68a22d9429bc596a9,0,2,0,0,60,2,0,3,1320,182.61
6912,0eeafa04f26f2388602a7c74b496e6682716f50a,0,1,0,0,2,0,0,6,288,47.51
6913,5716e8d9ed5d3cc86ee6e03c57c1ce46cf18fa82,0,1,0,0,11,0,0,21,290,175.29
6914,3f891a66ca6d329438b6a2b2e4a12f0c09f3e6be,0,1,0,0,0,0,0,0,275,53.7
6915,72cb7d97ccd5a959d30b2c84008d27e6c7597fc1,5,22,0,0,279,505,0,108,9407,1891.81
6916,f54cc1ca51440ee0f445a008f2f31697730fd7fe,0,2,0,0,218,82,0,16,567,251.77
6917,eb2dc5d2a524f816fc5cf707b853117bc6ada01a,0,5,0,0,83,4,0,18,592,154.99
6918,cb88b6462933ae5a5e79b167e3f924eb08472473,4,0,0,0,0,0,0,0,0,111.05
6919,550b6c585e0390bc80516e64df8bd1a3a6e10e23,0,1,0,0,0,0,0,0,419,51.79
6920,c2eebfdb613427fa3314b7ee13c3b9f34ce4c120,0,1,0,0,12,0,0,22,329,1560.78
6921,dd1d81ef5a673deb7fbfbf59c1b51b4f83b1666c,0,2,0,0,71,49,0,60,1787,281.81
6922,d49208b0562a2325a89b8b27b837b4dc131068c1,0,1,0,1,2,0,0,4,250,108.99
6923,af466bf722450ce6f61ee2bc1e26ab202dea7fb5,0,1,0,0,3,0,0,4,111,29.35
6924,020f520d173e2bc8c3bf23a4f5d472c3bb248ca6,0,2,0,0,15,3,0,24,825,170.65
6925,c20d9cb1a25963cb04c54d96f620726b5a17d785,0,1,0,0,2,0,0,22,454,71.59
6926,c6e71f159cbd3f993b7fe361a5e5d50352efb306,4,3,3,0,40,31,0,13,474,354.67
6927,00f657fbeb5c6a19af29de6f159afae8c7ca7c38,0,1,0,0,0,6,0,0,877,121.15
6928,a19e5673d61bbeeb8d0f42aa414567a2c930b508,0,1,0,0,0,0,0,0,29,13.34
6929,0e8e176ebd3bd17d969d17ce2b0aa3dafb93fa22,1,1,0,0,17,0,0,30,1630,290.48
6930,8301734594011e7f94f992e6f8c815580a6b62d8,0,1,0,0,28,105,0,58,772,161.71
6931,d092008766c460de329d14d40e9cfd2377dcaf01,0,7,0,0,259,9,0,19,2875,527.34
6932,a5db120e6090faecb680f3f1e297f78e567ba3a3,1,12,0,1,3374,109,0,212,16614,3453.22
6933,2d781aa15c9535c3845692a275c8babca2c45568,0,15,0,1,253,133,0,22,5246,1003.29
6934,cb5299ae9b3360a6cca93958a74417d663135a60,0,1,0,0,21,0,0,0,328,82.01
6935,873b15ee314bcdef0e3dae68d403dfbc55f05fbe,0,3,0,0,0,0,0,0,2502,512.64
6936,cc4301ca0842d9c3f66dfa39c5627744f5f91a8c,0,4,0,0,6,1,0,12,2610,393.99
6937,0f4ea611e18f15e8eeafb312e5b2f7f356c7d0a6,0,2,0,0,27,3,0,1,479,98.85
6938,141482512a617a2a05c5dcf0c84fd81385d5b008,0,1,0,0,0,0,0,0,741,95.83
6939,293cb87d52d6ccc98f0d03387f9dc07dc4522042,0,2,1,0,209,378,0,22,139,253.52
6940,aef674264ec0262cddc901182dcd3d1b7851b2e1,0,1,0,0,0,0,0,0,189,1496.97
6941,5be05e90d40c5c0236a085269452df7b4f85a4cd,0,16,0,2,3902,533,0,2850,85679,14305.49
6942,21653c31d9cd16de19f72adab9a5b8d6f648a9a2,0,2,0,1,25,60,0,7,27,78.76
6943,73c225a071cb4f77956f7f60ba1985b474028ecd,0,1,0,0,1,0,0,12,249,45.15
6944,92f33ad07628228b31a6251d8c9b96f835609624,0,16,0,0,38,232,0,1064,89349,13893.4
6945,0b26ccdaa1b8700e7958aeebbaf9cad81e737dd0,0,14,0,0,61,41,0,68,3935,684.44
6946,9fe94c11690891eed6470fdb0b9bfcfc9e95a888,6,31,0,1,335,53,0,301,17971,3083.55
6947,f1b97a6aa0206636cdfeafaad70af914e91979d3,0,1,0,0,5,2,0,3,19,22.91
6948,e89baeaf93c36997296f84c600c4065b597365f5,0,1,0,0,0,0,0,0,186,31.04
6949,75d2eca8ace0795bd55ea08b90a0fb784f73fed4,1,7,0,0,133,50,0,104,3218,529.31
6950,14f0423b58256d872a1ddde1712a1fc60b4c5671,1,14,0,0,114,575,0,126,2388,735.7
6951,105331185c0ab34d327fa8e538ed619aeda82679,0,1,0,0,0,0,0,0,186,29.0
6952,99221bd43fa785f510462cd381390c0250f8772c,0,1,0,0,0,0,0,0,186,37.29
6953,63607800cdfd270ae98aea33ac8418a623f6c607,0,1,0,0,7,0,0,23,420,78.46
6954,e71e5ece88caa8f6633b678dbb35d2d12ebc04ec,3,3,0,0,19,6,0,0,724,277.45
6955,8b63eb6fc6bd19efbdc974b7881dfde2c6ef57c8,0,1,0,0,0,0,0,0,40,21.24
6956,8ac4308411df0528a3ef5a3aae0297154940cd9d,0,22,1,0,119,113,0,60,5249,917.78
6957,2843214857f69698c0fc95ae48461ed1ec8f94de,4,0,0,0,0,0,0,0,0,179.27
6958,b0a5fa0c2a119168c4272e5efba16a3ef9e9c329,1,7,0,0,132,1,0,7,4013,714.43
6959,4453472282aa3a676e87fad2395f0f788bb3b981,0,2,0,0,24,0,0,1,363,69.89
6960,c5abb6cabb312a424dc14aa77055339fe5cac5f7,0,31,6,0,0,214,0,212,18068,3943.27
6961,50bb04572371e68726a9176cdcb0668e3fd74feb,0,3,0,0,7,0,0,11,852,122.25
6962,cdc84fe8187e65bddf8d12a5a068e9032ad5a4d4,0,2,2,0,2,20,0,2,204,150.83
6963,51d458872d703acdd853dd7b3149794d585ba285,1,0,0,0,0,0,0,0,0,21.56
6964,4fe73857679ecba89a7edd3c17d9f92e4c0e2164,0,2,0,0,44,6,0,20,409,97.84
6965,7f937297821f5fb27c5ed32a4c0d4e5bc4a18956,1,3,1,0,54,0,0,0,959,297.41
6966,1ddcc07d6522e28ff0c77013680ffaf155b32397,1,6,0,0,99,19,0,0,1128,330.21
6967,c0725ddff11992931fa6e2e5c454177df60da585,0,26,0,1,72,11,0,17,15452,2305.11
6968,c48bb67123e7bd622c567393097d81665dc5fff8,1,5,0,0,72,40,0,124,3725,630.6
6969,81ffd6a13e866e920de6705ba12aa59a56115c60,4,4,0,0,151,0,0,0,1253,389.27
6970,1978b78cdf8b31fc627937a3ef9fdd0010fac08c,0,5,0,0,98,25,0,3,1516,364.09
6971,f8e892d7aaa752db7a835f8969a676a9028c8448,1,4,0,0,27,0,0,4,216,139.94
6972,43492d2d3b2f889273651a2f0159f5071e8ca9ff,1,2,0,0,1,1,0,0,2331,337.69
6973,22dce22e068a541a8436ea27712004b02f8ff84a,0,1,0,0,1,0,0,3,372,60.42
6974,2a9cdd5e75ab6e51e9ca0539caba29cc4350b98e,0,0,0,0,0,0,0,0,0,70.81
6975,8f006582e30b106f0d9841c520250dfd6db4a689,0,33,0,0,161,125,0,161,9574,1463.61
6976,353627b39de73020dd2448b54c0f13f6902b19bf,0,17,0,0,301,40,0,1076,89885,13861.77
6977,cf636e50b9d2afbf0d017f2463b510ec10653a1a,0,2,0,0,7,0,0,7,761,129.74
6978,f3a398953f9f293d09874622551cce8032dbe4a0,0,1,0,1,0,0,0,0,292,126.06
6979,a9352fe9564f57658f918ef63ac4a5ebdc17fb45,0,1,0,0,1,7,0,0,58,27.47
6980,f314b5911bf89a7de729b5850df0c6f57a735ce0,0,2,0,1,28,12,0,10,945,1621.02
6981,31c3edaa29776b63cc69ecd37306ad10836992eb,0,3,0,0,9,6,0,0,2639,343.2
6982,e9d8a7b6d5aa1ee8e523146ae535dcd0d7ca342f,0,15,1,1,37,1738,0,1983,67292,10507.29
6983,1ac4152b1952202f99e216265c9c046e09ecd02e,6,28,0,0,63,21,0,16,7915,1517.14
6984,82591b56fd6c2906bdc0942e52ab0cf072fea486,0,3,0,1,74,0,0,5,1163,213.69
6985,c891642a5f56b67e3e4f2c73e8e262e266786571,0,3,0,0,0,0,0,0,1237,164.23
6986,d0e4a643a0a1085c98485d37fb433bc8865bc0ad,0,2,0,0,47,3,0,0,109,55.53
6987,3574757f74762ba7ba563595d1cda3314312ef8f,0,9,0,0,9,12,0,12,5994,797.06
6988,0c49185c3e95cc91ba6455a404ca4e89f2c2fc20,0,2,0,0,25,0,0,0,156,51.51
6989,7941b83aafc721034b885f635dcb50cfb23ed9eb,0,2,0,0,0,0,0,0,2158,279.17
6990,efd211debd8a37f215b1a6fdb982aa3ca890bc40,0,6,0,0,66,1,0,59,8156,1086.4
6991,f391770f47aebc824b462308c7ef9e508e76e209,0,1,0,0,4,7,0,9,492,87.39
6992,421029d0c73c3a20fef4852692d3779149599f2c,0,10,0,1,28,8,0,49,4145,660.31
6993,8e2f0b2ec203cb085686796350cb2420bb5c5cc7,0,7,0,0,25,52,0,4,261,116.02
6994,74beb5a3b95c64abd8cdceb67db0233b89da0746,0,3,0,0,6,4,0,6,85,120.32
6995,e1cd59bbc4c370375ad71aabfcc02b16c46e5ba2,0,1,0,0,2,0,0,2,1260,155.05
6996,5cd7f630c21c32b183ec23adcfcd16595d7e72a3,0,1,0,0,0,0,0,0,1637,222.07
6997,b737412869ca4b7dc6420a4ac922a2d0df1c7c34,0,3,0,0,0,74,0,0,1163,176.56
6998,1e49decfa2bc72c039ed559055d41b1c2c2b3a61,0,2,0,0,34,59,0,3,256,97.57
6999,3d81f7b9e7b3c15fbe7b987901e521ba01e3e3cf,0,1,0,0,2,0,0,2,73,26.89
7000,2d06a06ba4bbd2f64e28be5973eb1d447114bedc,0,10,0,0,59,14,0,55,4707,1990.7
7001,9a1661832d5f515df2addf706d0e249a8a2bb8cb,0,2,0,0,15,0,0,29,2715,335.39
7002,95808b467287e3510baa13634d8ef14af7a74aa8,0,8,0,0,55,28,0,33,2437,444.06
7003,331a6cface11c4a9706e4a4a9bf07e7f1bc07a1d,0,1,0,0,8,0,0,12,598,90.38
7004,00c1b566658aa2fecde4ce2dbde2464f5771430e,0,8,0,0,22,657,0,465,19489,3018.64
7005,df90ba58db8ce6d6e6bead0c8a5cb2d1a1ad3195,0,1,0,0,4,0,0,2,1262,171.83
7006,cabdbf181a0b44bd1f9c32aa67b8a2ee3b863758,0,25,0,1,179,238,0,123,11447,1862.18
7007,0e32869f01697abf29292aa786d0cdcca10213c6,0,4,0,0,114,9,0,16,1083,213.77
7008,c6ac04ab39dafad8ebc7033b852f535a932d4ce6,0,55,0,9,70,33,0,31,5482,1389.14
7009,855dd48f0a65e7db7263c076d7ed078bf1295ec5,0,1,0,0,0,5,0,0,106,26.15
7010,5915d73a70eb69adc639062f372559c9fc5130be,0,3,0,0,17,44,0,37,771,309.99
7011,a8e0267c00409da7e3e03cfb34168787873ef075,0,1,0,0,104,27,0,51,773,151.21
7012,a7014ce46c15ad5293cc5b124df3463b3c5fa62d,0,9,0,1,86,30,0,20,5173,818.77
7013,4376233e2a7456da752ed1a88ad091163b7dc536,0,2,0,0,1,2,0,1,214,50.65
7014,03390684cc8967f6e733932bb03d33553c6c859a,0,1,0,0,1,0,0,1,877,132.41
7015,8da77b414657f0ee3b093913de5f92eba17ecd2a,0,1,0,0,5,0,0,1,209,49.28
7016,d0941127d424bc76688aec7952388f858d917b14,0,5,0,2,62,0,0,1,326,130.54
7017,624652373e6fb11a7aee0ce8bcfb7a394ed89dcb,3,5,1,0,37,8,0,47,2583,451.62
7018,4dd24c52b84c74a477e00ab6177d081c29462dd8,0,10,0,0,230,16,0,21,10019,1469.56
7019,173dce73471da005fb6780a7e7b65b43bad481e2,0,7,0,0,30,9,0,28,1377,217.56
7020,c835dcc7e70cc13415e60198ed4fb9c0e7339ac4,0,2,0,0,34,17,0,12,408,1498.7
7021,679f34e88108d870b79f3175b195e8e7d803c331,0,8,0,0,101,0,0,75,3060,476.2
7022,2b88edfd8d6c1cb512abf1d9f3316c50ed342cfc,0,1,0,0,0,71,0,37,807,124.36
7023,1070888fff3a89d435018f11bfb2fd5609be8bab,0,1,0,0,0,0,0,0,380,57.75
7024,d37266f63cf90068415a8cef05b1c63dccc0a9d9,0,2,0,0,9,0,0,0,194,41.82
7025,923195c39e872ebca92b5cc5f148e4c1d39718ea,1,11,0,0,237,53,0,55,8343,1313.61
7026,05e6e5695089640006d06c2f74126b50a73363b7,4,14,1,5,247,49,0,14,3214,936.97
7027,c6bf4d51928985517c438d1efcaefdeddc9ac5ef,0,4,0,0,16,0,0,28,1957,285.59
7028,d4317c80e62e4eb0c2e997adf4438b927dfbcd96,0,1,0,0,0,0,0,0,220,32.01
7029,70c4f78ce03cf9e13d148e75445b19d43571a09a,0,6,0,0,0,1,0,0,970,163.34
7030,effd1093b559aeba2bf66a4cf81cd4a0013de184,0,2,0,0,66,5,0,0,179,59.61
7031,59ffb6119b2e4613bc8baec9a0738096184a3d92,0,1,0,0,0,0,0,0,151,49.4
7032,4c74a73d57e09fd2c0ecde862a196c28dc6cd219,3,4,1,0,50,0,0,15,368,139.9
7033,310934d0604605fe361e836fe4277c48b5c493fa,0,2,0,0,23,9,0,34,4225,539.62
7034,acf9b87dca2cd190f4b5318efd5dc48e19b317f4,0,1,0,0,0,0,0,0,912,107.06
7035,665fd0d07e34141c2765f02398eb1ad9e376f32f,0,1,0,0,0,0,0,0,51,17.29
7036,9da4e6906e9d7f62b8a8fe5dc996b066dac4066e,0,2,0,0,41,16,0,3,314,77.84
7037,092dc6de8483eea1b4e0d960cf22e65359379da1,0,6,0,0,0,0,0,0,1003,234.85
7038,4c3a64db13b086ad3d8a6ffa1be8ba2f5a24719c,0,2,0,0,0,18,0,2,184,47.17
7039,1ab6882f6285e0bfa2864a09208edf4f2ae4125d,0,3,0,0,61,0,0,28,1917,267.86
7040,75a6b36849c58d6a751f57226ab0c8f7884a9e87,0,6,0,0,33,36,0,7,691,1482.92
7041,2af2b4c040ca2de9c10ee6dcff92b55c37956faf,0,2,0,0,0,0,0,0,2099,276.32
7042,26e6c2ceb4db80e561ec321dba52673e7f285d1b,20,4,20,1,4,45,0,5,1067,1009.84
7043,56f9e1a60af224f8f3b0453932155ca46d44cf71,0,3,0,0,139,0,0,2,2054,313.0
7044,04f114b85c0a44351556ad0e73f7e65f8e3051a4,0,6,0,0,41,0,0,11,2113,325.81
7045,5895538a32d6bd2d7153e38304523caf6ea7579c,1,2,0,1,3,0,0,1,1069,218.84
7046,70d48b113e3b824e2804164e80edf01522c85272,0,1,0,0,9,0,0,8,196,42.09
7047,13028d71576eebda3f5a831903e2a2e6d5f97ff4,1,2,0,0,8,0,0,3,97,60.58
7048,d12eb7a4aae5c2dc7b230bf2a12d2313b93b8ba9,5,3,0,0,16,0,0,0,173,198.7
7049,192e87309e387ef9fdf7f9808d221ca28ab69889,0,1,0,0,12,0,0,5,71,37.29
7050,fef7e8f7e8242b87f6e1c6b4b8df440af8ca6da5,0,1,0,0,1,0,0,1,83,59.39
7051,70da554183213778911d3ed0537402c6cfeab173,0,1,0,0,0,1,0,1,83,24.54
7052,7b3291fa8b836be9539817876799994fac5de335,0,1,0,0,0,0,0,0,113,29.33
7053,bf343da4a445cd9ed1da953e2b24861a5b869846,0,1,0,0,4,0,0,3,189,50.16
7054,612c23556d4d2b6ef609ce7c487efa9bed35e145,3,1,0,0,17,2,0,0,1800,327.6
7055,3b444a066c0c699aff749713209950198f1b21e4,0,5,0,0,0,7,0,8,738,135.6
7056,1b4e935cec47cf03c18e11b789177a6484661abd,0,3,1,0,23,17,0,52,1633,253.89
7057,6b21f8881be7649dadbdecd28dc2e2abe5c4ebe5,0,19,0,0,27,111,0,15,4966,888.87
7058,7b8cf37c3b7cd82ba2e41947b64bf98bed121c55,0,1,0,0,0,6,0,8,504,77.16
7059,4e7f67717033afb46aac045a8ca81dbd2140bc9e,0,2,0,0,3,0,0,1,1685,236.94
7060,6c0e219dd42f766de345f3bbc991ea8900f0eb2f,0,1,0,0,24,1,0,5,424,1555.28
7061,b5942241cadd79147a5d65457f93aaa39aa7118e,0,1,0,0,2,0,0,12,210,41.53
7062,bcefdf7d186584912b28de0394f2faf56cb0465b,0,1,0,0,0,0,0,0,212,38.44
7063,b03348630c145aa6cc29f0f295442c6deb28a28e,0,76,0,3,270,287,0,198,25508,4379.74
7064,12f2b02a805817bda2800bf1017c6b1c58dba866,0,77,0,0,174,123,0,75,27748,3955.65
7065,25ff9d0bbf36a68cdac99035c8d5ab1eb889ceb9,0,76,0,0,123,174,0,73,25655,3863.35
7066,88356029f17430b77df15aaedbe17651397494a7,0,1,3,0,0,0,0,0,1805,238.25
7067,af2157242759e5e50ddeab3c1c6b03b41080372f,0,3,0,0,14,7,0,12,1333,248.81
7068,08a9522fc1610231c34d4d865777618eb06d9e19,0,2,0,0,0,0,0,0,2764,336.33
7069,3bc64dac951a8bb40e8687dc2e60049ee75856f5,0,5,0,2,0,1,0,3,625,161.71
7070,8d33949b8db072902783f63cd9aaa68cbd6b905f,0,20,1,0,30,86,0,64,8668,1436.11
7071,b2a304ff843d89fcdf0d4c76e00d56fc97c9eb25,1,2,0,0,13,0,0,15,158,89.75
7072,778f507ada6824e6f388f1500dd56787183b1e23,0,3,0,0,0,0,0,0,509,108.6
7073,20d272bce56ba8e586feceb710da159f288aa1e8,0,34,0,1,0,1,0,0,3527,706.9
7074,36371acee79b08dd7b1e069b46cf94bf78763db1,0,7,0,0,87,1,0,3,1389,249.16
7075,e62fdd9db436c970f305ffb18c334dc420f9d75c,0,5,0,0,0,0,0,0,625,117.25
7076,6859d4e207b261a8afb09eed9c94c94a7d7425ad,0,5,0,0,0,0,0,0,625,103.69
7077,439191ece6e024dd736cff000109748672219d18,0,1,0,0,0,0,0,0,15,12.55
7078,8f290c35b7259820de4a7c04256e74a3c3b6e056,0,1,0,0,0,2,0,0,313,40.27
7079,d63a287bfdaed1a9035a3a04db0fef92ddd6bde2,9,15,0,2,150,217,0,56,9675,1610.26
7080,a2b110e0fa82e98e100b70210101efc727f313ec,0,1,0,0,0,1,0,0,492,1572.03
7081,137b105c671c8b0882c7312406e93a2ef5670b11,0,7,0,0,85,4,0,6,3170,472.29
7082,c91af3e7a4e8048a82601864c1949728bd3a2ce5,0,7,0,1,12,9,0,0,2362,342.48
7083,8c9087e6c55882b3408a2f2ca7d4627f95456a84,0,3,0,3,0,0,0,0,389,205.88
7084,6752eba68f69e5d2d279b2b9433e584e1cc9b58b,1,23,0,0,125,63,0,6,14792,2184.19
7085,7465973068f45a78d66394cad7c0858bfeda1b46,5,3,0,2,39,68,0,31,697,532.67
7086,1e28c9be6b040673dcf35bc857f694b80336ad4d,0,1,0,0,0,2,0,12,210,42.38
7087,645e5a5e2b598310513db7ccfa559f8961c65f05,0,4,0,4,18,0,0,21,744,344.26
7088,8a800c3f196fcbc3ed63f0967025c1779c43d486,0,18,0,1,13,133,0,35,11076,1578.48
7089,f362ef709fae35428b9ad80efb2b5fd7700fc3c5,0,9,0,0,22,7,0,10,3077,404.42
7090,9e53f2927b3154eb703560933ddad489c2e232b5,7,27,1,9,31,531,0,10,8639,2276.59
7091,7a1c1216782d534efa409d2c5b3c1dc69b19160b,0,1,0,0,0,0,0,0,554,76.35
7092,32ddb1f604666e020e04a02c6fc213b22e5badef,0,4,0,0,23,46,0,6,890,316.44
7093,19bb4ef487407cdf59a3f3c5bbef6dd8b917b682,0,1,0,1,4,0,0,1,57,75.32
7094,e1eb53296d984ea34cb5c2db5289412062b0c753,0,1,0,0,0,0,0,0,75,17.87
7095,bea5de02b3c353913b6a3de2d5ec0507b901dbdf,0,1,0,1,0,0,0,0,530,231.41
7096,0a3a9a5417932da30d12dda2baa1464d4294ace4,0,3,0,0,0,0,0,0,204,51.24
7097,2f14a054f8d6497dee4a65f0206f5bf522477ef9,0,5,0,0,0,0,0,0,507,82.8
7098,359fed7b4b62e4dc7818a211735630cf0e10fc14,11,73,2,4,541,556,0,114,21661,3957.15
7099,3a9dc8fbd58ab6dc4a895cbcf9644422fb5b8223,1,8,1,0,0,0,0,0,1728,318.84
7100,df34300cd3f89c1efdea43b0b2ecb64c317e1a34,0,2,0,0,82,218,0,21,567,1613.85
7101,5ff04c5e7fdf12946a3f0ae15ed7e83209f0e617,0,2,0,0,35,17,0,7,369,90.09
7102,b8e0a8396f5f6ec02d9382a75f550499d85f3a23,0,37,0,3,190,64,0,22,11149,2300.54
7103,b56760c732f4f72fcc3734cb0133262198d0889c,0,1,0,0,8,0,0,14,197,91.73
7104,331910192af158aac33f883ae132fba444dda003,0,6,0,0,39,37,0,0,800,185.17
7105,87c3ae9314e3a6ba85900cceb06ea34cf295395a,0,0,1,0,0,0,0,0,0,10.88
7106,77ca743d095de11bbe30cdc230d8198f0c3d7d4d,0,10,0,0,56,134,0,19,6197,1121.9
7107,64fe24e687a7255f0d2867625b62c6ba7737c5d5,0,1,0,0,0,0,0,0,185,31.1
7108,9a2e680caeb8c6627357ff5a0963170f09e65414,0,7,0,0,0,6,0,0,3605,530.73
7109,591d86ab29bfebe1e87657c030319d17c7c8ef44,0,3,0,0,0,0,0,0,193,55.69
7110,60350357076af2312706e13ad193c0596ee9f340,0,10,0,0,15,4,0,22,2772,489.78
7111,2359ef518a0863bc5307add7931aa8a0f9cad004,0,10,0,0,0,0,0,0,2787,396.83
7112,61d10feffaa7b96ee46e2a6f1e542d80c1d76f42,1,48,1,2,54,291,0,105,19871,3154.88
7113,cfdbdd2066bf977c951b74b31c0e41dce152f9ef,0,14,0,0,138,3,0,2,8322,1506.29
7114,90c15bae8d5e2acb4d58977bdfbb3425f80466a2,0,9,0,0,8,7,0,17,2770,447.47
7115,93f5624cb9f9d2f8f8d27259ac1d6f44bd99116f,0,1,0,0,4,0,0,2,167,40.66
7116,bebb2a3a458f6908131616c442ffb0888b5f7778,0,1,0,0,0,0,0,0,1034,142.33
7117,e6e52cd80f4ba26b196e2d20cd84ba167b303475,0,14,0,0,2,13,0,0,5922,1002.91
7118,eb5e43673c3aa93a0eb7af82b79c764f351bfcf7,0,21,0,0,58,27,0,51,9823,1403.24
7119,e10d7836ed420754fcf13e3ab7ea1c1c2f1c2098,0,1,0,0,0,0,0,0,275,46.35
7120,780be085eded5d26bff5150362f33f4d4dfa159e,0,9,0,0,99,11,0,8,1536,1949.53
7121,38e983ed4484f60cbfc426c4ec7128c87a145096,0,4,0,0,3,194,0,50,3733,580.24
7122,5d6b20ad187a6564b7c009306257d455e33d9235,0,29,0,1,96,49,0,62,15802,2719.63
7123,58988cb53c6287dc82a7a6242b1fe3f50dbf9dfb,7,9,0,3,59,203,0,16,2826,1062.45
7124,16d483f9003ddee71404f37ce7694003d1a18ac4,0,3,0,3,157,152,0,8,253,334.08
7125,214d21994e5e0c64ca9f463b51a91279deffcef5,0,2,0,1,3,0,0,2,256,115.02
7126,d2792a07fe4fe9b10329e52176a0ad4bc0bd0f79,0,1,0,0,0,0,0,0,278,46.89
7127,5c07dba43a9aacd77037948528b45fce4a42d822,0,2,0,0,0,0,0,0,474,109.44
7128,4341c3f554cf85e73d3bb536bdda33a83f463f16,1,24,0,0,116,51,0,31,5488,980.78
7129,a6d8cedb06eecbdb1d15e8067d470f5b871187c1,0,3,0,0,0,0,0,0,728,101.63
7130,190a660d17c2a2cca6128edb33254e7ff851bbb3,0,6,0,0,0,102,0,82,3909,600.87
7131,81d2927e4cd31a40d091a2f77133cafb394949e6,0,1,0,0,0,0,0,0,9,10.82
7132,11d749527a926de44036154f675eb055190b4fad,0,1,0,0,0,0,0,0,121,27.54
7133,4b208eb2b653add87ebb679da69ff98777bb74a4,0,1,0,0,0,0,0,0,121,29.65
7134,fc13cf7d7843029d807878869e3c64cace5640dd,0,8,0,0,0,0,0,0,3486,469.52
7135,2ee8690b47763fd0ed97d47713b1c516633f597b,0,1,0,0,0,0,0,0,3,70.8
7136,5f238b3ef46e7d5f31a9fb2dfff0111085af835d,2,1,0,0,5,0,0,3,83,69.67
7137,e39359986c4765946cde30da2957324cb7c9705c,0,1,0,1,0,0,0,0,65,43.91
7138,b27f9b582a858fba66036413936debad27737c3a,0,1,1,0,9,72,0,29,3534,654.15
7139,410368b84eeaa31e6e21c69df8361a32763a1c57,0,6,0,0,12,10,0,23,3072,515.6
7140,15404831355f2217669c6d66ff46bdb3229a9643,4,14,0,0,127,64,0,14,5716,2558.56
7141,cfb6a54f69b1d847142afab56bdc1504638f118d,1,2,0,0,23,0,0,52,524,193.57
7142,0ebd4b8433cda51c422260f84cc9f60568a2a45c,0,1,0,1,1,0,0,0,102,74.36
7143,b145286f36d1cdd2cec72ec694bbd3d8b62e3765,0,0,1,0,0,0,0,0,0,17.49
7144,3c7ab8107204e730892951f323a0c231ac769bde,0,14,0,1,22,5,0,34,8409,1234.66
7145,2ceeb54c92cecc80c318af6b1655435b83bf7493,0,1,0,0,1,0,0,0,218,39.33
7146,9e7b16b88ed6e9c2c3f53743bfe5c74098f2b8a4,0,1,0,0,1,0,0,1,1608,189.61
7147,afce850cfdc827cd727418b5f7a2543f2160f790,0,22,0,5,176,268,0,17,6710,1264.87
7148,5df2fe706338c9fdee397284c51df34ddae4cfe7,1,3,0,2,16,8,0,16,551,256.72
7149,976ef508f7c6f758761e438ade59d222f5cb0aa8,0,3,1,0,8,16,0,18,551,129.53
7150,417dad646bf91922fe0117c83ea69aa501f3c2fc,1,3,0,0,16,8,0,16,551,135.77
7151,4aadc5d322884310ce6ef49fb0031bfbd2a096b9,0,12,0,5,73,5,0,16,1738,575.97
7152,f20580a53083b69eec3d766cf2a1f99d0bff9747,0,12,0,0,0,0,0,0,1811,322.99
7153,456057ef90f152315a7f244141f3fca4ff748336,0,4,0,0,217,204,0,98,4845,832.05
7154,bd68551f26832da745d9d38ad2e259f8ca32bfff,2,93,0,4,231,305,0,167,27954,4806.54
7155,74d0adce61fc39ef9d1ec2254dcd0f53181bb62c,0,26,0,9,187,359,0,28,6385,1491.36
7156,2bf5bbd0a2a4a787b6e83615798d43f1526d8956,0,3,1,0,8,16,0,18,551,109.17
7157,7f4c3b3564dfef595780e8b98da5d2dd0b9c5056,0,60,0,1,152,223,0,213,26507,4608.24
7158,bb28a3b4660a64bb513ffe4399e72679fc2dcec5,0,1,0,0,4,1,0,13,364,67.66
7159,3bd824facadd40dabb06e19ccad911be0ea6915a,0,1,0,0,154,82,0,16,219,82.83
7160,6442d30f0f3b4bec791dfa2ebc0cad5938b3b18c,0,1,0,0,0,0,0,0,373,1640.65
7161,ca87d05a518338e64099f42c229d557b93ce51c8,0,4,0,0,73,13,0,21,1314,260.35
7162,0af61dce6576edfb95b41c1959d1947add7dd092,1,42,0,0,50,91,0,0,10422,1780.27
7163,cacf3f58356df41fe15e8375f9b633d3db16f8c6,0,1,0,0,0,0,0,0,9,11.14
7164,63440a9c7d76e82bb0d90e7db098f0b9b5595244,0,5,0,0,3,0,0,5,839,265.84
7165,367dfabf0694a5c72dbd5c30092a1ff9e30fca5c,0,12,0,0,0,110,0,13,1701,326.03
7166,9f1bfbeaab7b8eb4bb9cfbc6ccab959b025fc7cd,2,8,1,0,84,17,0,5,1064,348.78
7167,d35d8376a70a8de63c5d232a46e39657ba739eef,2,90,1,2,450,439,0,69,28248,4760.78
7168,38eaf47fa7dd4b0b3b822e73c9e644370a5cacb6,0,9,0,0,76,39,0,0,4838,687.67
7169,5facaded902a13556952b1f9d26b768cb86e6599,1,36,1,9,119,45,0,17,5053,1335.32
7170,98d1637bcd1954f73817d77b6aba7ebb6fc24890,0,28,0,0,194,153,0,69,13467,2264.7
7171,71a55dcd6418fbff9fb90b94a855897077ac6e4d,0,57,0,10,176,60,0,43,13688,2875.38
7172,50265395d1fd96415162224179dd0ad087e9b8a7,1,5,0,0,87,47,0,28,1347,318.65
7173,1ff90d3b4b82427d4ab984ee937ea4c02b1d5910,0,1,0,0,8,14,0,10,540,89.25
7174,11aa6742f0aa44d6084f95810c675aa387e9ee86,0,15,0,1,66,46,0,0,5564,876.74
7175,c205b5b5ed873a2c503915aa70267ef2800f4d20,0,1,0,1,13,15,0,1,21,49.32
7176,0a24178d06ac3dd5780522d52b5054e7aff1e50f,3,16,0,7,167,83,0,0,4835,1405.38
7177,e2cef8aa805478feb7752fab738ee997e2bf374f,0,6,0,0,35,26,0,12,2414,393.72
7178,c3b3fd78888b8fd51f0dd1864a8cb618f88be16a,0,5,0,0,0,0,0,0,2952,450.14
7179,023d4f1ae8081da3cb9ff54e6b2e545799704ce7,1,7,0,0,115,84,0,62,1878,397.53
7180,9cabf34e7bd9bdd85920f5cd3bdfe5a331166ec4,1,0,0,0,0,0,0,0,0,1596.25
7181,e8fa9cc85f708d8866fdff7b7a502fdeefc8f0d4,0,1,0,0,0,2,0,0,371,53.26
7182,183b3e31bd6255cb7b1e312f37a06fb60d7f21d7,0,2,0,0,82,152,0,21,567,125.84
7183,4eea0d923e37180b25d89db676aed2f699f5e0ba,0,2,0,0,0,11,0,18,638,111.99
7184,f97c0bd8b55a09875dd94a32d8785dcf1944ea5c,0,1,0,0,0,2,0,6,288,42.68
7185,b727ab850cbabcc480d5ede2f1970e896e6f3e46,0,2,0,0,0,104,0,13,532,90.63
7186,202e414eb2e9bf9c825b6ac64a9c2ae50e1dcf5d,0,18,0,0,29,36,0,19,11186,1694.27
7187,4eae5a29749da1c34f1a2dd0b1f6aa6f7a9bbffd,0,6,0,1,366,347,0,124,3872,716.29
7188,a4afa38f7a56aa6c36ee1af21fac8ce6d056a3db,0,1,0,0,3,0,0,18,75,33.1
7189,4e1c7208cbbe27a926a192a9e9526c0d02d0c516,0,1,0,0,0,0,0,0,29,15.55
7190,8597b19b3d7bb2671a6afd7e902aaaea6690a105,0,4,0,0,57,21,0,2,454,154.95
7191,41cc9a125f0074bdb9633d873f5bc2219ca1fb73,0,6,0,0,52,47,0,17,1687,292.53
7192,59275100e1d7889e73169ab0d0a70c710e260b7a,3,2,0,0,207,154,0,6,378,270.22
7193,73b6bd0283eb4a9a9704a15d07974cde829ee2b6,0,2,0,0,0,0,0,0,138,29.51
7194,690ff38f54d0de588465cda410ac4496cd9a3369,0,1,0,0,0,0,0,1,1543,224.07
7195,b4ed130083a26bad455eea2843a2e3075f400260,0,99,0,0,395,474,0,147,36948,6140.6
7196,83af5f2c623cb3180ab21f17f5681d4328acdc76,0,1,0,0,3,3,0,15,3539,474.7
7197,3a0f59d0314cca58c089c1e8b3aa42efdba43ad4,0,12,0,1,26,10,0,1,2339,500.79
7198,81133f89fc9a80fbd03aff5a3b51184eeb90f130,2,3,1,0,0,152,0,0,421,170.46
7199,d78d1ee672ed01f16243c6c4384fb54c41498af6,3,9,0,0,167,182,0,114,6889,1381.73
7200,138a7392e305d61120242bcdcb333b448eeee28b,0,0,1,0,0,0,0,0,0,1562.51
7201,e79a007dd9810b33cd508986037e17d45b55a705,2,35,0,1,119,402,0,77,8043,1535.4
7202,d653c0bc7f84379ae797ad9dd899214f72a58213,2,8,0,0,67,84,0,9,1632,374.18
7203,ffdc0e6851e7172bfd3a31a0d78a92fa712ece0e,0,2,0,0,166,207,0,18,378,115.88
7204,a6c9d371df6243458ef2db17bcfea9af890076b8,0,3,0,0,88,28,0,36,531,134.41
7205,52273aa8f3221e11489004bacba4f4b6eb05f5c3,1,11,0,2,196,178,0,9,3106,964.77
7206,5d9b7a978cf84ed8aed91e93fcc6ddbed50cf47c,0,9,0,0,61,27,0,26,2218,410.5
7207,240b4b16ff14122bb84101d81d5bb263ea7925f3,0,26,0,2,329,279,0,169,17098,2809.67
7208,38879fb3ffa88ca95b15c61656a92e72c0ed996f,7,52,1,1,381,236,0,157,14770,2847.19
7209,51489b2081102b02785c89b6a03d36f54e29657b,0,6,0,0,97,204,0,1,2011,492.59
7210,9a27ac8781ea09ad0890c3f0a6e6676a785818cf,1,1,0,0,4,0,0,0,146,62.66
7211,592d541f5d5e5fea5668915e0400f048fa3f65e3,0,8,0,0,72,90,0,20,3740,714.83
7212,28d81295f37873e20f89f10be5a7ff62d3d0e1a3,0,5,0,0,70,16,0,0,1193,282.09
7213,909e5f2f14186709ceb4697f76103c83125c8b49,0,1,0,0,0,0,0,0,257,41.9
7214,8c6ddc1aa5497a38018fdcf100bd33b385ca2c84,0,2,0,0,168,69,0,2,535,150.03
7215,64d164b86d32f6d6e987722bf223a809743f9f47,0,1,0,0,0,9,0,0,174,28.19
7216,dd70cc308158c435c6d8ec027e2435a29be4326b,0,43,2,2,208,161,0,140,11717,1984.6
7217,3969b853b272c9d898024b3e86308c964e6fe6d0,41,4,21,1,5,4,0,12,2018,1692.12
7218,93bac3de0a5ccd3977fb9d3760efa19481955d80,0,6,0,0,26,29,0,6,1119,279.66
7219,888f2335c952040646ce820f6191f6433ec9411d,0,15,0,0,197,265,0,52,5932,1196.82
7220,4add40ca24405ca029739aaaf0b80cf5fff556f6,0,3,0,0,0,18,0,0,1219,1806.11
7221,c9fdbec772fe7dea06644d86e2854b98047ac9da,2,13,0,0,109,114,0,60,9138,1440.22
7222,880b26d7d8678c688d741d991f55bd2245bee345,0,3,0,0,0,1,0,0,381,64.39
7223,b7db62c702ef27b79365cfa62a8afee9042bcc6b,0,1,0,0,1,0,0,0,3514,456.82
7224,cb506fd4019556ec5535310b38e99b1ebfdf80bb,1,22,0,0,28,75,0,1,8661,1297.62
7225,7cdfbde37dae11261b4be12cc086058826a8037a,2,7,0,0,98,0,0,23,779,218.7
7226,705b3fa98c97806c7eba63617a99f62d829400d1,0,5,0,0,337,237,0,13,677,242.43
7227,3cced094c57d7ecaf4f5b22a01cda58294595ced,0,1,0,0,2,0,0,25,3515,471.72
7228,fc5dc6282cd7d74776a061200fef7cb00b134f03,0,5,0,0,114,177,0,165,4995,749.77
7229,2e6481386b80c2306e0e12a9c7cd137b63eaa006,0,1,0,0,0,1,0,0,134,30.98
7230,43a8ac00158e92c3015af7753edd8e835dc6054b,0,2,0,0,0,0,0,0,80,27.8
7231,82b1c320f072a8032c9727a93ae106b5fcdc8108,1,58,1,1,484,389,0,6,11911,2689.48
7232,0bdfd4f44975414fa9258bbb7daa6edd1682db9c,4,1,0,0,34,13,0,2,11,104.65
7233,482d6bd3a4209b3c642b41ed4e42602a789e8369,0,4,0,0,31,35,0,2,1196,209.7
7234,0acfba0e35933d1008c9ade721055dafc137b50f,0,1,0,0,4,0,0,11,1079,171.76
7235,f41250fb3799ced5559474297727f6f56adfb8af,0,1,0,0,25,25,0,0,102,58.95
7236,377174d3ef95e020573a824e71c530b8391e67c3,2,40,0,0,482,602,0,487,15212,2694.51
7237,8237fdbd1b044b7ea86986902921f12e9e025b71,0,28,1,2,655,633,0,282,19782,3169.02
7238,660ead0118ecce83667a21420285caade2acec2c,0,1,0,1,0,0,0,0,96,56.23
7239,090c10f2a4df298e7778fb2792c8b65334db0916,0,1,0,0,0,0,0,2,96,21.88
7240,4985e273079b1dfe95db0befd49266ad46754b63,0,1,0,0,5,0,0,1,35,1573.2
7241,15b32460f9484fc0c635172c81b6a6315283775a,0,2,0,0,3,13,0,48,3531,589.79
7242,e5e2bde87b43e3b3d897845c8973d717dc495f69,0,1,0,0,12,0,0,0,0,18.45
7243,2a99b87af2ebe289e2fec94c9cdca0942397977d,0,3,0,0,81,1160,0,3,4535,782.69
7244,bfaacfdba306061477d3103754fd5c5ac3612e1b,1,0,0,0,0,0,0,0,0,315.62
7245,afcaa8747f11032a06f2e2dd095b8f6fa003baa1,0,23,0,0,92,236,0,50,15820,2227.7
7246,e0a530e7141f60912f49ccd09166ae74bb17cfa7,2,21,0,1,73,32,0,53,11819,1834.61
7247,dc127df077490640a808d540fa56abbe888c9730,0,2,0,0,22,0,0,6,749,134.28
7248,0356674cd1f59b10ab515058efa948e556fbc79e,2,2,0,0,27,1,0,8,3961,590.17
7249,6712f8f632e6ece032ee45f679db9a42a69f805f,0,5,0,1,16,0,0,15,913,206.01
7250,e5111b860891b2984f879e259c76aecf06bf97ba,0,1,0,0,0,5,0,3,207,38.23
7251,14368c432a6f0fe41f9e627ed53d3317d0853212,0,1,0,0,0,3,0,0,181,30.0
7252,63ad16af0c3544c335646b4d97dbea82c02ee849,0,1,0,0,1,0,0,0,3534,433.53
7253,9382f391c8ce44cc4de22ab5b10a1f4e8046dff7,0,1,0,0,8,0,0,4,415,184.31
7254,2d0da40fff2d3b4873c610015e948ef9167ac202,0,2,0,0,2,11,0,4,1714,230.65
7255,17e7aff37e6b69cae0fb6d15ebeb2037d1ca6acc,4,20,0,0,196,91,0,48,4992,951.05
7256,fad7d01d8f28f2de8e82b27306568c265bd32b41,0,3,0,0,28,7,0,0,443,109.28
7257,9ee8e2714df54345743ddf18bf23899872930b2c,0,43,0,2,65,227,0,23,13839,2189.58
7258,4132314f51951af43f4f56d9886233b3ba417903,0,54,5,0,571,1888,0,281,26887,3942.64
7259,fd86de98e192d55f221f1891b712e927761736d9,0,8,0,0,94,0,0,131,2704,416.38
7260,ac6b998afe033cbb6a307d249c8e18bb97d54c9f,0,1,0,0,2,0,0,0,34,1576.43
7261,114b62e637bf4aff1873cc20f87888f514f40079,0,1,0,0,0,0,0,0,3,10.87
7262,28cdf4afb8a864c0cfccf278960a6597708f7dd6,1,5,0,0,43,11,0,57,1495,856.71
7263,35a2b8e53c357f217280e4a136148ac03276d753,0,5,0,0,5,1,0,20,848,140.48
7264,2085958216281a0df56393f3d40b464ef2a81245,0,17,0,0,181,206,0,39,11681,2011.79
7265,c463e9c8403645597141b18cb9d502623fa7f104,0,1,0,0,0,0,0,0,276,46.01
7266,33ede55164421b40c0bfe1c9d47c1db6701265c2,0,1,0,0,0,0,0,0,205,35.37
7267,0ac18a81262be2b1040455fb878178045bc7764a,0,3,1,0,57,51,0,121,5113,872.39
7268,252ab30820c74409186823a672672d8a03b940ca,0,1,0,0,0,0,0,0,78,36.04
7269,d999d2da2328fecdeb9b249d80ee20a07393db57,0,1,0,0,0,0,0,0,239,38.97
7270,72270866cbacbcfd10f2ad2cce33362577eeef4d,2,59,4,2,143,140,0,63,15859,2634.63
7271,80741e31e8259dba6fc4181726394c6dbd56f026,0,1,0,0,0,2,0,4,72,26.06
7272,bff619ef7b100e8b09f7f5eb0f6e289ca51de096,0,16,0,0,34,138,0,22,3875,594.37
7273,600fdee8449aa1de80c8a78d3bb5e8551d3a0261,2,17,1,0,52,62,0,22,4589,1102.94
7274,5c312667ed9b9b3bbd870c7fcf26591479da000d,0,4,0,0,0,9,0,0,655,200.8
7275,e0580b20d14e47a7941f0ca5a37ee6bbbcf044c8,0,1,0,0,10,36,0,13,59,36.8
7276,b2c2729c42e245d85303782ea8b6a40023ce3d5d,0,1,0,0,6,0,0,4,120,35.02
7277,df98d6848f2848579c1893a42132dee3cc5d907d,0,3,0,0,11,55,0,0,314,81.19
7278,d726492838729a6a0312baa826ea0999253e81db,0,5,0,0,86,65,0,4,956,219.89
7279,f9b19c6e339829db1df9d9953bdb4c134280f117,0,1,0,0,0,0,0,0,268,47.05
7280,570d786ac44a92d5b04cdf0b5ae6a707db486b03,0,3,0,0,0,0,0,0,3535,2023.38
7281,0c4fbcc32973e9fb3840cb2b5e397155044c2b0c,1,8,0,0,64,4,0,26,1802,412.73
7282,7d704874423fbb387ef3251db220d5d2455e343d,0,5,0,0,25,42,0,2,580,132.4
7283,f7212aaebaa024e795707d7af60eb24760e2c55a,0,2,0,0,0,0,0,0,289,53.99
7284,b35e18cccd8e990db458004abefab7fe3c8105c0,0,1,0,0,0,0,0,0,252,45.38
7285,92f53218e32f3aacc1f96ef8a4f2254f47c0bb42,0,4,0,0,21,19,0,23,563,132.47
7286,54827cf6139277c8f7c5cfd6833cd4c33a08e9b1,4,44,4,1,153,49,0,5,4655,1311.45
7287,6f9651b41741ac8c0d3ea0bb48cdeebf2101585e,0,2,0,0,88,18,0,2,40,54.65
7288,ca74ec774040ae78ebe4cca37730144f498ebb14,0,1,0,0,0,0,0,0,29,14.48
7289,08544e54a999df16cb0cef7cf45a17da1eeef42d,0,5,0,0,0,25,0,2,1122,196.05
7290,e8ae6d4b73191a7ce03c99bccc4eb45b611ce844,0,1,0,0,0,0,0,0,3535,450.4
7291,e6e731cb861b6c2412ce06ee87a128998a502d66,0,1,0,0,1,0,0,0,356,56.73
7292,835d15bf9779698bd0b269c2008a496be79090d2,4,6,0,0,37,0,0,48,3625,636.45
7293,777b653b45e54c89dd69e86eff2b261054465623,0,1,0,0,6,0,0,14,867,108.97
7294,e1133d52015ffce9ff6cc2f60d6d48536779d0e4,0,12,0,0,128,88,0,12,4531,913.56
7295,b16e03c130bacf71a22b1c0e61c502e13831e94b,0,2,0,0,15,0,0,2,758,282.96
7296,b4fbf5fe18bc9247106f674580666096fd34d3fa,1,0,0,0,0,0,0,0,0,39.01
7297,9b7b83d86208c30dbb83ea717e694c5389e71671,0,2,0,0,6,0,0,8,1246,180.36
7298,1a4037b9dc1efbfacd81bb38770f3ee42cf5545a,1,3,0,0,31,224,0,2,184,155.26
7299,48cf4c7abeb21e31a0b7701821ced3defe25ffb8,0,1,0,0,3,0,0,0,81,48.97
7300,984e0ecfc41e286d779d1f99d59325d396b7f085,0,27,0,0,69,15,0,20,7453,2582.85
7301,6f0c9fbfd1f17f5f50d90464866d153286b051a5,0,1,0,0,3,0,0,11,1778,290.42
7302,194efe3e5a7d209fccc64d195f5d1f1df41df609,1,6,0,0,58,64,0,37,4939,771.32
7303,ed60e4518dda1172de99db6ace098dd858a3ada8,0,2,0,0,0,18,0,0,209,60.54
7304,e70b628544b377d4107d13c9fdbe95540f4fd9d7,0,6,0,0,17,2,0,20,2924,423.28
7305,2442cbb6ab5b9f1729b74361dd2bbb066d5910bd,0,6,0,0,284,43,0,22,2294,387.87
7306,3e2941a49e58080618fd2d2e6757694c96651e0a,1,15,1,0,133,13,0,63,4225,772.28
7307,f6582400bec7a9b2450437efbfb7139f212e5631,0,5,0,0,39,16,0,0,1045,410.33
7308,0f33931b2acdf8b7aa9fe0b86cf83a8194cf9a6a,0,1,0,0,0,7,0,0,3528,566.83
7309,7c1c370f2fcde83b702011046a8b6fb0b01a263e,0,2,0,0,10,4,0,15,96,45.42
7310,81b95afbee2da5efed4c323ca73144f9bf71df0e,0,20,0,4,74,70,0,30,6024,1152.36
7311,3863559b07fe19ff72f4cf5a326be7e09e70609c,0,3,0,0,12,7,0,4,1436,273.45
7312,9434d52c190386f15188e0473ce005e96bf78413,2,8,0,0,53,57,0,43,865,245.43
7313,b75510284f8af2a70986b7ddf9174fe985d160a9,0,4,0,0,45,6,0,14,803,155.6
7314,abb535eef661dc9cf0f72f18b96151ae7d5d0179,0,8,0,0,0,1,0,2,4086,569.97
7315,5b174b65c0c61e310b8625828fbf3b6e14954827,0,1,0,1,0,0,0,0,61,43.24
7316,e67a3699c463a9f222e5d1319d35994fea2a153d,0,4,0,0,114,79,0,10,819,200.15
7317,b4a4be65ea658f02fdaa2e99532c9b8fecd521cc,0,3,0,1,0,1,0,1,422,98.84
7318,8b32d3792934507c774997cd82dc061b75410f83,0,1,0,0,21,10,0,8,261,61.67
7319,3eb87802c802b553764b38f804f91e87bd27d2b5,0,16,0,1,5,1,0,17,3591,548.03
7320,f81ac42aa316ccde9a6b7d5765cf9c3060543c04,0,5,0,0,7,26,0,14,1159,1892.23
7321,9692b61a0ab572d0d37e01bd262700995e675975,1,5,0,1,46,0,0,0,344,192.86
7322,cc3f804b07213f5e60e6ce775d7b4795eada448a,0,12,0,0,160,0,0,6,4184,642.45
7323,c0da74f7c1fefe1df60c8a3e64534eeda97257ef,0,1,0,0,54,0,0,0,57,33.2
7324,bc321a3bddb153f09c9b3c953b4fce0efeeb2131,0,2,0,0,17,0,0,23,454,87.07
7325,8354a563f78dca090ade6191934f7c2eddc8f9f0,0,2,0,0,0,0,0,0,0,12.61
7326,7a5b0783068415eaca70ea2ca938ecbfe3bed30f,3,8,0,6,11,24,0,4,478,365.56
7327,4c567b3c12240f2990a545d4350ff97c2f6574e2,1,1,0,1,1,0,0,3,364,170.49
7328,f55e81e6c03f8cf1667340bcd3f7fa6890f1a770,0,2,0,0,50,22,0,19,122,65.98
7329,4a2e8b852dceb8f68adf33c940621734cc6e2f12,1,3,0,1,17,0,0,0,118,124.28
7330,8e3714e772599cd1e41e469668e06a775fb2519a,0,6,0,0,59,47,0,1,850,173.29
7331,2c9ef8a471148ece655b881cc490b6b685d634f4,0,4,0,0,1,0,0,1,1093,158.83
7332,6da52052ee37ac1ef74eca0030cc3951aad59f12,0,1,0,0,7,2,0,4,321,69.43
7333,d34e30cad398ad5a0bf86e85d9f923109af45e6b,0,24,0,0,49,118,0,28,8055,1099.2
7334,d107e33fcddf83b49967a677a52f091a5d29d796,0,24,0,0,114,49,0,20,8055,1122.79
7335,75cdbb57001ac6195b10381c7032ba04d55b4577,7,7,3,0,36,98,0,10,2049,670.98
7336,ebd8841e0ee9ca1ab7b6dab55178761360b8d85a,0,1,0,0,0,3,0,0,104,24.26
7337,5e7d16a3ceaeec5057474f9bae2d40d306f6dd8e,0,4,0,0,70,0,0,43,508,147.32
7338,ee3accb37095c61dec23b9216b1f6e160ce3414d,0,2,0,0,11,7,0,32,862,205.35
7339,f90420b3a556952f73d1e7cf76c33abfd06c5919,0,3,0,0,0,0,0,0,0,21.89
7340,d2b1578b735c1d3c42a9cfe9b9be36d9d6fbd7a5,0,13,2,0,99,52,0,12,8220,2586.76
7341,98a21ef1bae01e209cd1816e37f3afd89a6e473b,0,3,0,0,0,0,0,0,278,61.35
7342,a5a77ae3d5bfef9396b6024ec723d83a911692ec,1,54,0,3,155,288,0,114,17628,2823.21
7343,033e64a8b1240dafa67bcba6af8f8d6a478ae295,0,2,0,0,3,1,0,13,2137,289.38
7344,e880946f53a9217f322c75dda8b9285e566c7406,1,7,0,0,14,5,0,1,1802,422.05
7345,82e278be55ff1096684e29e827e0c90c1a2598d1,0,2,0,2,6,57,0,44,1260,473.39
7346,830179600df8b4f254709aaf4cbf6afc9a548268,0,15,0,0,86,44,0,61,3909,706.68
7347,26b69dc45bf3c953905d5ed279e3f691ea802157,0,18,0,14,12,0,0,2,2499,962.07
7348,a0b0bcede0f4daf73b8a0795f0e88bceac368d8b,0,2,0,0,0,0,0,0,254,38.91
7349,2a468d5421f6406e597909d16ec59322020318f9,0,21,0,19,0,0,0,0,0,170.85
7350,eb67ee0d0f4124b0efef20f7d674b5b746a8cc0c,0,1,0,0,0,0,0,0,211,39.11
7351,03e79b79949a63f7320b4c51fecca40f93659bd9,0,7,0,0,256,13,0,27,1234,363.89
7352,010012cbcb3064b78b9e184a2808bbd26ea80903,2,25,0,1,127,94,0,55,11410,1753.94
7353,86043ef62975ca1fff64ca2285d5c6dc326b7d05,0,5,0,0,51,9,0,24,3912,691.08
7354,d0c2329aa8baadfdf9752b0341628075f955f1e8,0,2,0,0,17,0,0,0,604,87.98
7355,7e5f3a516c455790d31b11f8cfdd2c19cdc7b862,0,22,0,0,207,72,0,33,12574,1934.7
7356,677c1f2c635273eb823b91903dffdb2e587f5181,1,6,0,0,27,10,0,29,7369,985.74
7357,59529a78f039965a4c08805c9087d82d64621c20,0,95,0,7,59,63,0,21,11317,1957.36
7358,536187446d617116a2468fdda0e24786c9f06ea5,0,6,1,0,6,2,0,1,1663,244.01
7359,7f586995a8bd2888721e2d9210368494bf8fc957,0,1,0,0,5,0,0,3,261,42.9
7360,736dd93c313862d8601fe1889198dddec22fe421,1,1,0,0,1,1,0,0,233,1611.78
7361,d3aeaeffa455f32b1eb2fbb871b39707457f684d,0,5,0,0,46,25,0,7,2102,317.31
7362,104afd74a664d90fe8e3aa57b0722ab04908525c,0,1,0,0,0,0,0,0,6,8.83
7363,ba5f9ac380a91afa64d2114238a8f5ff3c73819f,0,7,0,1,95,73,0,1,1473,300.81
7364,70f02dbc7ceff51949d7e08438520885e9d6380f,0,20,0,0,44,36,0,49,11484,1708.16
7365,d1fb987265edd5942ab5464dde1c4205e573215a,0,5,0,0,0,0,0,0,2148,252.72
7366,fe316fe7acd5337459547333d9c75f45be1d01c8,2,0,2,0,0,0,0,0,0,81.51
7367,67f9afc722b21d67e81e5d70359b7d55c43689de,7,1,0,0,1,0,0,2,122,227.14
7368,75f512bd717a14e0c7b7bbe5594de9270759706e,0,1,0,0,0,0,0,0,88,21.6
7369,b25c782f0d8cbc159e774633f872f4509d1a840a,1,5,0,0,61,30,0,64,1311,502.81
7370,d5aefbd2c78463bf4b3815f38f43dd745035cc93,0,2,0,0,5,2,0,23,1750,244.22
7371,c8bf03f5fb7f039e6458f0a8b1564ab318dda8de,0,1,0,0,6,0,0,1,992,148.53
7372,018a65b947a7e78fb98a190d75787f50d42d0711,0,9,0,0,9,9,0,2,3366,516.82
7373,11e82de8a1d782be85a776ec08e8cd6a071185bf,0,2,0,0,0,0,0,0,484,78.5
7374,f17198ff199830cba4d888b68720f393c376d3ee,7,13,0,0,222,160,0,37,8887,1652.48
7375,89e2869e225d204b6b19df5b0aee003a61fd10d4,0,0,6,0,0,0,0,0,0,80.0
7376,646770dd51aefab1174ae949230e084402ea8336,0,3,0,0,3,0,0,0,1152,159.82
7377,4d6b928682cc2a17f3dfd0179fb3fd46fd9e0a1f,0,4,0,1,56,65,0,5,2397,398.16
7378,541f8ad8a8515886351cfaa1aacd9cfed1296bf9,1,3,0,0,39,28,0,0,500,414.83
7379,988ea870ed1760976d1596a56a75216b2d9d2762,0,1,0,0,1,0,0,2,105,28.41
7380,d50ae037160cee874017280147263ce0ab07101a,0,17,0,7,0,1,0,0,4343,2417.26
7381,dd00081c26fb4222e223b510e58923118cf9df43,0,8,0,0,11,5,0,3,2100,400.64
7382,0f8ea39a5b88b830ca6280e3262e7aa5fcb6280a,0,10,0,1,47,11,0,10,863,224.02
7383,f46a6d1637bc2c87001f08472e7ae6e39c8caeba,0,16,0,2,0,4,0,8,3462,650.45
7384,7f4bd0d371e9faf59076468e5efe416045eb525a,6,13,1,0,103,95,0,7,5266,931.1
7385,9d0c7c6dfbcba0907cbbc2244eac570fcc4d58a5,0,2,0,0,0,0,0,0,272,163.52
7386,32f6fd41c274a955338b7c43ab80309b9adbba0d,2,2,0,1,16,0,0,13,169,148.47
7387,b4056d267a2f13dc31182f17cb8eaf275d703663,0,54,0,3,308,102,0,38,22965,3362.4
7388,6a9b1480c1a3cf04cc8cc1b108e549a2af76fe99,0,2,0,0,0,0,0,0,1082,141.03
7389,e343b0c3e3affbab44604231486a42dba6ee6f1e,2,0,0,0,0,0,0,0,0,24.38
7390,76a044c5d9c3967c5100f3e8f5761280508216f4,0,1,0,0,0,0,0,0,92,226.13
7391,084e324fb9f769f221236e31aa97382d2677f911,0,2,0,0,7,6,0,21,2109,259.46
7392,70608acf289f6de4aeb8f159667a1f21397ec433,0,1,0,0,7,0,0,4,388,75.01
7393,3c78ad52157576641ee6b42e874b5015b792f34d,0,1,0,0,5,0,0,1,67,26.48
7394,8f5e54a456beb4d821d4f5506e099be0d76dff0d,3,16,2,0,78,266,0,16,3967,792.7
7395,d2534fc5703c3e1a1f70d77a248eb24dffb67880,0,2,0,0,34,1,0,5,670,110.52
7396,17762c60ccd9235214278794c8a22bb2d94a0541,0,3,0,0,116,0,0,0,1308,203.62
7397,62496b5f36b4fe705ad67fffa0ef1d7fb4d07da9,0,1,0,0,5,5,0,0,998,155.4
7398,4d71f4e32fe55fe84e69e745150edd8f6d14c87f,0,1,0,0,0,0,0,0,289,39.89
7399,c811d7f9655a1d424c8d4aeeaf4ef6fdb9d782b6,0,1,0,0,12,5,0,4,316,62.3
7400,448ba3a78f50df2ffac874c3768e9f50d52b15f6,13,50,1,0,418,375,0,136,24947,5624.97
7401,00b0288c96853b8d7879024b2143592e3c33da3a,0,2,0,0,52,0,0,7,284,71.94
7402,7afae593231fa445027c1b09238944cd13ae4384,0,6,0,0,0,0,0,0,221,66.58
7403,59baf12c03303dab2a69352d5f35d38bd464d943,1,7,1,0,38,18,0,4,779,233.67
7404,0dadb45ad7db849d4cd56f64a2a054250909c68b,1,9,0,0,118,55,0,27,1974,564.92
7405,001bce54e7835fd1877bec1976b227dfab45e2e3,0,2,0,0,0,14,0,0,573,90.56
7406,5e6c3035281896404132ed524eab3984cb24b4cd,9,14,1,0,111,89,0,21,2705,797.97
7407,c0c802f62b66a707c704bc945f951debbc57b691,0,1,0,0,0,0,0,0,36,13.96
7408,c24cf2d55ecd479c89b0613b6ebbdaba4eb793ad,0,14,0,0,9,3,0,0,2319,363.93
7409,2f255894223abb51b6f9d5c680e226b25c6d788a,0,1,0,0,0,0,0,0,51,14.96
7410,2ce5dc892710666c9a382fdeece412ecbb8559bb,0,3,5,0,77,81,0,15,1711,303.58
7411,1556939236016bb51e45ffa1e8038c74e0f0db75,0,5,0,0,27,27,0,17,1150,202.47
7412,38472e1c07bc48079f4b9766d45e6b64163bd0d4,0,3,1,0,3,1,0,4,1406,194.68
7413,65eb91f84ed27c47a1e6a7d9aca06c258be59a9d,1,6,1,2,8,11,0,2,848,381.77
7414,7ce1943ef3ef6865d0292364d5d9b51adf3e9827,1,5,0,0,111,20,0,0,718,195.12
7415,f89920a60f797b41dab7a0c9ab27b2a488467571,0,23,1,1,138,166,0,90,3098,714.64
7416,fdc907140bad2cc27ba2646f510f3cb9e05cf4db,1,1,0,0,0,0,0,0,142,61.47
7417,80c7e4ea7994186ab1876bb53bd7239d2559a481,0,1,0,1,0,1,0,0,248,97.27
7418,1025388da6df8516fbbdf0dc21249660602f0b01,0,2,0,0,25,11,0,0,626,102.58
7419,0e7fff58292122512a4aa444a53c71608e9a5bce,0,1,0,0,26,24,0,7,342,85.42
7420,0e85a880fb174b7fa221e24bc1f6ea32a98acc62,0,1,0,0,0,0,0,0,126,1406.69
7421,8580ba7b6f55183f8a5de2580403fb0ef9a01117,0,1,0,0,14,0,0,0,105,62.77
7422,0c4b520d975253524f7fc3a6d79cee93557439f5,0,11,0,0,157,0,0,20,1767,471.91
7423,5fc90244a8dbeb784733fa0db20575ed4361a695,0,1,0,0,8,0,0,0,651,94.4
7424,62a4f5bb4618c4b76a720fa5cd161c14d4da7494,1,3,0,0,32,7,0,24,2655,374.08
7425,467a4667d8417680686fbd754cb52dc52069307a,0,18,0,0,16,199,0,14,5485,797.76
7426,f4703c6ed327f361df371312da8e8edb532048a1,0,20,4,0,67,60,0,56,2757,516.58
7427,6b39062e8667e674fb9d5a7a3578fe7d21e7ef05,4,28,3,1,695,656,0,3,8030,1453.52
7428,2c65f039eddb6733ad2ac2fb89a8f5427495e243,0,5,0,1,0,3,0,0,3889,475.14
7429,1050936ce7fc8e6466453e64d59597443ae07152,0,7,0,0,11,18,0,9,4804,761.06
7430,53233be5a91a1f86c4e35c995a3492d09fde2a37,0,40,0,0,45,96,0,3,15689,2134.16
7431,78013a0c1e7deabbdc59af6b269191ece5546557,0,1,0,0,0,0,0,0,205,35.34
7432,372c88abd6d679a12d020c880e4cc6adec9f353a,0,1,0,0,0,0,0,0,49,29.74
7433,8d0da1a77f50b730b366c28b5b477141aa83cc55,0,5,0,0,21,8,0,74,1768,291.35
7434,28eaf715e890d0491efce9dbdc126946deb25566,0,2,1,0,0,0,0,0,1674,223.13
7435,2dae9d16e2fb4558c92e64e8c091fcfd086c48b9,1,2,0,0,0,0,0,0,1674,247.77
7436,b3a4fca48ffcac44ec1e1d53a99caa18b7e14cbf,0,2,0,0,0,0,0,0,1090,179.51
7437,a5cfc51cbea636a02f8e4bcb8083041ad4866fc4,0,12,1,0,90,110,0,30,5237,745.0
7438,e23f7afe5791c248f1ccdf031788ffc6df2c263b,1,9,0,1,6,4,0,0,2662,389.2
7439,32e0107751f06528d356752a29e41e596c114ebb,0,2,0,0,2,32,0,0,1167,157.9
7440,5a1c36f70ac52e6f4e85f11ea0602d46b4861ac0,0,7,0,0,153,0,0,17,2195,1870.12
7441,0d0964aa6a0edd9b1d6f86dec6ea9176d2d9efcc,0,1,0,0,0,1,0,0,23,16.54
7442,a6081d30f930d9599f7d52ab440b3205c7f2a7bf,0,1,0,0,0,0,0,0,210,34.66
7443,ce82fd0f4765f40ff44357719ffd47cd803f07fb,0,2,0,0,26,20,0,15,601,199.65
7444,6c2aa4c9ccea04ccf5c9c84de9677bd6232856e1,0,2,0,0,50,2,0,6,1590,243.45
7445,cafd4e4ad76f45be912edc9d5021f872de94fd5c,0,3,0,1,38,0,0,5,1318,238.47
7446,73ab51e9460f369abcaf52fa85258781f8a9a30e,0,2,0,0,1,0,0,5,1640,221.06
7447,6708d544782b4e919908ddfdf1a34d02848e9388,0,2,0,0,0,1,0,4,1640,219.83
7448,19707a85dd3287ccd2dc9f70a3a437ece7352722,0,19,0,0,26,34,0,31,5238,767.95
7449,a85a215f36e2760f2bba468ef9bf86e33b2873d4,0,15,0,0,40,67,0,14,2649,436.04
7450,d35792098803aba5c4a51114b25991f44d9f6c94,0,1,0,0,10,2,0,4,23,28.13
7451,d95ee4158347e7bc0d23a4e3c9d97f4b6b34b592,0,1,0,0,27,0,0,0,508,77.38
7452,f6f57d38f750c34e2353f605f815c019c8ba3f88,2,1,0,0,139,59,0,12,730,175.31
7453,4e9f4abb144a92740c212b4c30628d57e5141cf1,0,5,0,1,1,10,0,0,783,144.52
7454,a47afc84cd17e1c01a20760cb3b007ca9afa5d35,0,1,0,0,20,35,0,22,1052,153.79
7455,368db315a63b9d481e3c99ce5d5e294d64f5adba,1,8,3,0,28,43,0,5,4964,705.6
7456,1fa3637b4d0020b1c4387610e8aa6b970c0138b8,0,0,0,0,0,0,0,0,0,104.43
7457,ab0e459693cc7ad3e605c25e4d1267c754dca6cd,1,0,0,0,0,0,0,0,0,35.9
7458,d84c4ec29f1552581fdafbd08defd5b56e983c23,0,1,0,0,4,0,0,0,70,47.03
7459,8eeedf0403ec0da2c35cf184168a7f8dd7aa6990,0,0,1,0,0,0,0,0,0,13.77
7460,301062566ac6e32d5bc3c6dbfd819b5e62742e8c,0,1,0,0,0,10,0,24,859,1556.71
7461,2bd259b445971131526a5e6580363c92dc597b10,0,1,0,0,3,4,0,15,245,46.55
7462,8119acfca7e35cd7c4c203a397b970a50d7d7574,0,80,0,6,215,211,0,85,31216,4996.47
7463,1a89793ee8ffa46d61014d62dc1c813c08f6acc9,0,6,0,0,42,145,0,6,4498,659.32
7464,01f1fc8284a010b275a8bd85d5ee8045b4af6094,0,21,0,0,152,107,0,27,2153,473.21
7465,2d5267331e97f18cc7ac52b1c01d6ed54d721ba8,0,1,0,0,11,1,0,0,658,90.74
7466,ec364d0d6c4369f07a6f22150717b4d62a1b2cc5,0,3,0,0,56,49,0,12,828,143.31
7467,032fdc53de7bc1c59b2a44dda65d9fdf38eb9e3c,0,2,1,0,0,0,0,0,1663,218.98
7468,fc7736eb00bb47d619a1345e32f0136751ea8c0b,1,13,0,2,27,27,0,46,5838,1001.86
7469,5ce93511290d2bcf69e41d7ca5cec7464076d81d,0,13,1,0,164,27,0,64,5838,920.23
7470,e5f7030dedb12e257c1095326b7e3b5e49010c5f,1,2,0,0,0,0,0,0,1663,243.16
7471,032701c96c64d1947393da2031f393fbeb8b7310,0,2,1,0,0,0,0,0,1663,210.35
7472,2bf2b5b2c111f89e8f452b1e9bbf9d2887043441,1,2,0,0,0,0,0,0,1663,224.82
7473,a30d9fe8d9a0bf0aacaf561ec494eaab6427074a,0,2,1,0,0,0,0,0,1663,214.96
7474,eb88b69845a6b8cf0b85c4d235c0e75dc7e906a1,0,4,0,0,0,0,0,0,476,79.34
7475,2f4d0b94bc61b00f1d7c549e8dafb4cc420fab18,0,16,0,1,3,16,0,79,3405,609.65
7476,d5ea926321d8339dbbb761b32bcdc043aed576ee,0,49,0,0,38,0,0,0,2229,496.37
7477,5a66eb978c7ab865dad70ce70690c0b6ca519d2a,0,4,0,0,41,9,0,5,1113,284.29
7478,c5277d5f88e3470dd4b49b30ac073dfdab0d27f5,0,3,0,0,38,0,0,4,660,127.8
7479,f458b89c05e079a0a0c4946a4f965fbb94f9fd8c,1,4,0,0,29,3,0,3,501,226.97
7480,2509a150c0792e914429264453510b9028250c29,1,1,0,0,1,0,0,3,4087,2166.82
7481,afc2cdbaffca6cb1f8495451a0b0940ad1fc4be0,0,1,0,0,0,0,0,0,36,18.83
7482,7ddf79946da4bc8f0dfa673b48f29023e5ff5bcf,2,15,0,0,30,164,0,47,6524,1091.71
7483,ee4f0c506ad583578bd76e7919f2264d7485b48d,0,1,0,0,0,1,0,1,76,20.36
7484,5c2161e390e7dbe59b0fd6ab512e6c140968ded2,0,1,0,0,0,0,0,0,496,61.9
7485,f29260cc4d27e86ea0948e9b9ddfed18a73ff7e0,0,1,0,0,4,0,0,0,582,79.56
7486,81ea657ed14f811c3d1d44aeec82f57786f56689,0,2,0,0,0,43,0,1,438,87.96
7487,8a8be33c71c851fbe0dc57543f49d549e19385a3,0,3,0,0,13,16,0,0,19,28.95
7488,d0aff98a67a5a102d84244334c685e57b16aa164,0,4,0,0,46,60,0,75,3616,497.49
7489,669b08f8ec9d6884ad3814fd7c6bd847852e033a,0,1,0,0,0,0,0,0,67,17.29
7490,88864f3d5de379a8220080b647d551317183c828,0,1,0,0,0,0,0,0,67,18.47
7491,09c11b0ca4c6ee7b2feff6dda67d5105fdcaeff5,0,1,0,0,0,0,0,0,67,16.35
7492,f0d0501d556efb8796138d4aa92ce4f276c93c3b,0,1,0,0,0,0,0,0,114,25.61
7493,a7f9668c339eefecc58f25263c6e7809063a75f2,1,5,0,0,5,4,0,1,467,114.69
7494,b568cf4ebda8ba403fa99fe62e108ad2c9f47fa9,0,2,0,0,0,0,0,0,120,22.9
7495,71a1192d671a93cc17b82e4355f2ace97c41dae5,0,37,0,0,133,124,0,133,16881,2587.8
7496,e0eea94c98fbde4f0ad55d9dd94d6259f19925be,12,1,1,0,521,27,0,0,0,361.06
7497,b3dea0378e792bfa33f3d8b4fb635444ea154829,5,4,0,0,21,89,0,10,349,301.76
7498,0b9dc14dbca98565d29bcd2be5100e29ebcf0e65,0,1,0,0,1,0,0,5,107,31.6
7499,c88e44440826c0f700fd3cd70385a7b25b33521f,0,1,0,0,0,0,0,0,108,22.66
7500,15bb49d803d873c07ebdd6bf77908481f008d07a,0,1,0,0,0,1,0,5,107,1623.1
7501,70515f53112599997348aee1d748838f7a78a7fd,0,1,0,0,11,8,0,7,157,48.79
7502,09ae5abbe78e721a207a64733f2925fa6ce820f0,0,2,0,0,0,0,0,0,6,15.32
7503,be496ba8ea6a60702387f653a4fb7f0d8d11ec34,0,2,0,0,13,0,0,8,1353,195.44
7504,a4a4ce8eac2fb042c87f2a9985cb6e97d41cfa0e,0,1,0,0,8,11,0,8,157,39.67
7505,4bd6ac3e1028c3d9c6c3884b01e875806508ea7a,0,6,0,0,24,15,0,0,1105,181.68
7506,d24fddf3ed4980bf2801b81544b25418133fd60d,0,2,0,0,31,15,0,7,207,58.04
7507,c799b0e69bed5f0e894a703bcfbd208f44c980e7,0,1,0,0,2,0,0,8,137,31.25
7508,ce50830a0af29e0ad2be24528629965923ef1cbf,1,1,0,0,2,0,0,5,962,140.0
7509,f0ba7922f3963276304aee1d354413bcf966e563,0,2,0,0,14,0,0,4,505,92.2
7510,4ddfecac563384de6f087fc7fc8bc62c0362877d,0,13,0,2,12,5,0,21,6370,838.07
7511,b4a1dbf7685b9625419297589c4e849207eaf115,0,5,0,0,135,2,0,10,1113,257.6
7512,d3a306d81d3f087696fc6d45dd8d6bda939378b2,0,1,0,0,0,0,0,0,45,16.11
7513,3b638f7ea1ee050cde1dc0c66d622a3dd96e98cc,0,4,0,0,16,13,0,10,3596,482.77
7514,e546034f095c3e06ccbc7b580bad3b5d419f1842,2,6,1,0,93,136,0,22,1314,317.41
7515,d8d6ecdad1b360f877b290e462cf8bf9b717753b,3,1,1,0,82,6,0,9,57,309.24
7516,c1a8dc09d64ef3f6062aced595c3bb918724025d,0,2,0,0,0,0,0,0,56,19.84
7517,eeb40ff66c7d5b148fd693780be64358e5f7385e,0,1,0,0,0,0,0,0,45,16.04
7518,09ffbb5b68caa395407241eb891d567c98aa49b7,0,1,0,0,10,0,0,3,386,110.03
7519,39b912aae9ba1b7258d7b6d80e7502e7f9f9eede,0,6,0,0,97,33,0,35,4613,706.78
7520,cde1f821ebec14a30214a15aebb02c936f27fd87,1,1,0,0,9,0,0,1,831,1775.49
7521,8b520ce50d0906ce1821f2101da395d222bf6b76,0,1,0,0,5,9,0,6,208,45.92
7522,4bfdcaa3f30dd5e898e54a7b37a7231715cd03cc,0,3,0,0,0,0,0,0,9,18.92
7523,fd43507069e3ae8d9cb689e69e3b5e211cf36e99,0,1,0,0,0,3,0,4,464,69.39
7524,2018ffc943fd93c409a1a267a7dd785439e33bd6,0,1,0,0,0,0,0,0,464,59.93
7525,298dc0c626e3844d9a1551cc3e293f518277e89c,0,1,0,0,5,0,0,0,106,24.93
7526,274b813e1221c366e2c4773910d202b65298768f,4,24,0,0,166,153,0,175,7176,1357.6
7527,579586c6970f63e92e3ca1883f358ce506f14c4a,0,1,0,0,0,1,0,0,173,28.06
7528,fa66c7e28e886857204dc2ce10f65b5fe264564b,0,1,0,0,0,0,0,0,173,28.8
7529,c66b42fd9d1e4336352edf6851e4caa2ce0295d1,0,1,0,0,1,0,0,0,173,32.56
7530,7fe4aa6fe44ce5c43642606af87c4cc4c328fbaa,0,4,0,0,1,6,0,6,2746,341.91
7531,f1a81618fdd6318df5edded64fbb07e085e10853,0,13,0,0,3,10,0,26,8429,1116.94
7532,2acebac00ea51d186737a45da0c5b55050f3de0f,2,27,0,0,507,145,0,201,11122,1990.84
7533,c60359959c68accdac6df12874cee3d2eba21af6,0,1,0,0,5,2,0,5,49,27.93
7534,f3c563fc004b9a373716e7c6159327925ce84c8c,0,2,0,0,0,1,0,3,893,130.64
7535,9a45e0a9ded094d18bdcbbcaf4cf3944e7faf6d9,0,2,0,0,20,17,0,19,1065,174.99
7536,3a1e433adfd4d7961cc04811c460ff71fa750d22,0,1,0,0,3,0,0,5,50,22.86
7537,b577fa081430d0d14d86b0aa274abf15243f0f75,1,2,0,0,1,14,0,18,4018,660.38
7538,d49357f2652ef730a3dcbd40a8b0eb7e2174626a,0,1,0,0,7,0,0,18,239,48.12
7539,57911d02c65b80eb198530b2a7d1fa39dba11a2c,0,5,0,0,10,0,0,9,1380,237.4
7540,9ea152d2351cfb2607a5a861358470969ce24548,0,25,0,0,10,16,0,26,6757,2502.36
7541,b20b45e4e82ea8a04ffb15a039b0da49d9f775b2,0,1,0,0,1,0,0,0,114,100.11
7542,4f547b3817e01a1f98c965a502775de481e6ca96,0,7,0,1,122,189,0,126,3299,598.56
7543,d8842dc3d4245c099e4cc439c1b082f24c1c4e27,3,6,3,0,13,0,0,9,633,223.28
7544,aeffca497bf36ea12f89a5f92d2f918b010741fc,0,37,0,8,74,4,0,2,3756,868.25
7545,4b3b627abe34f8426fddd914e941d12f79da0752,5,0,0,0,0,0,0,0,0,197.1
7546,61358985b15164cbcdc6e58005208c0906c3830a,0,1,0,0,5,48,0,0,202,51.1
7547,1beb687f4e489dff352a746d4544ff1a0a1ed829,0,1,0,0,0,0,0,0,207,35.28
7548,01c34243fe3ba971fff0fd154f444118597533f1,0,1,0,0,0,0,0,0,76,20.78
7549,1481bd9481e087ae491ffa13603f4411bc3e1cdc,0,7,0,0,14,2,0,1,2513,382.65
7550,a5a8c4f3f2ae42eda7d35e1e4410d40674cedb47,0,25,0,0,7,8,0,24,6759,1091.5
7551,f1502a3aca985faf3c9a59578a998e817b79005b,7,2,0,0,3,210,0,4,479,260.96
7552,5b93ea155652292ad06ee3df85e5944191eace9b,0,1,0,0,2,0,0,2,262,64.96
7553,c2236b77cb04cf7b92576113a7c9b87b244ff2e4,0,52,0,25,79,122,0,126,6231,1739.44
7554,80438924ff5066bf809cf0318168025cf646d415,1,4,0,4,0,50,0,0,12,120.6
7555,94dfc7d60ab9997533512e1722b539fc8ed19c56,0,1,0,0,28,2,0,11,192,61.46
7556,f9480a56c74e7f9f42035f6e88c24fed08710e3c,0,1,0,0,0,0,0,0,213,38.46
7557,305da1098a9cfa06942542dd3c314d6732f13bc0,0,1,0,0,0,0,0,0,14,40.54
7558,221eb9576839ecc976120197a4845a9a1e371d9c,0,2,0,0,5,4,0,6,234,74.52
7559,dab51c79009351f4f3e83951d7f90d79c59d4068,0,1,0,0,4,7,0,2,388,70.55
7560,34c6c99041d5f4a217363667b090fb1b5beb7abe,0,4,0,0,2,10,0,27,4601,2055.59
7561,0b9a0dc9519d511908efd28caf2cf010e3a1ff79,0,1,0,0,0,0,0,0,54,17.82
7562,99b9fff07bb2669792f9c1c8a796605971d02592,0,9,0,0,10,12,0,5,3793,566.01
7563,98c9d8f7a1c8155d41fafed0b9ca792cc5fc7098,0,1,0,0,3,0,0,0,108,38.33
7564,194890b69492dcddb9ebdd4e398aeeffc7435fac,0,1,0,0,0,0,0,0,111,21.7
7565,7c318cead902d8aa7c6defe67a6e76509c854d52,4,1,1,0,0,0,0,0,83,157.6
7566,60827fc1ea93ce3c93ea9b86e618e419babed42f,2,0,2,0,0,0,0,0,0,125.97
7567,e17529ba738ff4669abbd549d01a55b0fab13b26,0,1,0,0,0,0,0,0,190,43.1
7568,b9cb1187b50d0ee1bdfb0e2e417d2eae6982305d,0,2,0,0,0,0,0,0,154,42.92
7569,9272f40a5c8afeeaa9569688c0fabfcd9264ee5e,0,1,0,0,0,0,0,0,8,13.68
7570,94dad844af239eafd09dac951bbc9ac2243fac82,5,1,1,0,0,0,0,0,91,111.77
7571,811afad103dacfe50788f08b41d804e216af5afc,0,1,0,0,3,0,0,9,820,123.93
7572,a11258599e7412ea4867ef850cd67bb9e7bd8e67,0,6,0,0,40,21,0,1,723,158.81
7573,fc6d140adf0b382e0b7bfef02ae96be7908036e1,0,51,0,0,129,117,0,55,23291,3262.5
7574,06dec205826a6e96e2286180460e5fe014b46fc8,1,33,0,1,37,154,0,85,14070,2053.13
7575,40250f8c5f8efe3016f0c3300d9728b0ee2056c6,1,0,0,0,0,0,0,0,0,17.72
7576,ad580acc893bc87845a0f65e5d32b2b18cccf9c6,0,1,0,0,0,0,0,0,137,28.04
7577,8de820786ce8d708a6d2fd32b36ab9128bc6fc0f,0,2,0,0,1,0,0,1,2298,318.05
7578,7f7f2b2de53d11dc8ddde6954a4af3599a9e0fa5,0,1,0,0,0,1,0,0,210,37.32
7579,6519b98ac3115c4442a2778f6ed7b39ce5cd3b83,0,0,1,0,0,0,0,0,0,10.81
7580,12f3c82a866eee0436c22136909882581fd19905,0,2,0,0,2,0,0,4,1208,1555.66
7581,bfd74686c75e8481e4662bbdc519bf4f98e9600c,0,1,0,0,0,0,0,0,8,12.21
7582,2e1ec3d3d8dc4ef771463decb814e7c118523bf9,1,4,0,0,61,325,0,270,2839,503.08
7583,e1cd10b002a07a35aa7666fcfbd01b54cfcff1bf,0,2,0,0,8,0,0,3,1729,277.31
7584,b0e998f2a50a50a8d84daa35baff1d4ac99d1c6a,0,1,0,0,2,0,0,4,823,130.26
7585,397d34736e63d7661a2f01524f8b302e1309d40f,0,1,0,0,3,0,0,10,425,67.18
7586,170ffbba683217bdb30e5c99f0e728e0dc660d56,0,1,0,0,1,0,0,0,478,77.24
7587,ab5a26ad5e659b3a536a08c7f7515f0c40cea81d,0,2,0,0,8,0,0,7,2813,368.94
7588,88d6e06a1fe4130b96e0e9f0e2c2b189f0b6affd,0,2,0,0,0,0,0,0,6,14.53
7589,ad3a1ba4955ee8a6d8470f1ad4fcc4f2c69e6787,1,0,0,0,0,0,0,0,0,34.84
7590,c5f86f2ce42eafc5d4b4f83f4471cacd372abae3,0,4,0,0,5,1,0,12,1366,207.05
7591,c245bd5c036dbe84deada8ff94f12a984576ffe4,0,2,0,0,6,0,0,7,95,41.11
7592,9f2149f171e5bcd4e0160458f818fa192c62c082,0,2,0,0,12,0,0,18,323,79.01
7593,3bb8daa60565ec2f7955352e52c2f6379176d8c6,0,1,0,0,2,1,0,12,355,66.38
7594,6307689a6e03f30d7d1490fbf9fe9dff9138a7ff,0,1,0,0,4,0,0,8,139,34.7
7595,d8b999e6950bc01e8aab8ecce437e710e4a98e15,2,1,0,0,32,31,0,27,578,190.21
7596,6d04aa179485f331deff328f511f9b494bdb4d43,0,1,0,0,0,0,0,0,825,122.89
7597,f5197979aaac7e36b6af36b86ea8dc8d7774fabe,0,2,0,0,1,1,0,2,1736,227.36
7598,00e54aae24d88ac9c2b84db5ea1eaf11c3e5d73c,0,5,0,0,36,0,0,11,1111,184.02
7599,77153d4dc69f3cdfc3daeb9b8658c964f3c840d1,0,1,0,0,0,0,0,0,549,80.74
7600,590bee78dc9cb08a7b2d0eb5205d9dae65a8800a,0,1,0,0,0,0,0,0,143,1498.84
7601,001f9cc5ea7d00fceb24cbcbf6399ecf272882e4,0,1,0,0,0,2,0,5,141,35.28
7602,b5ccfecc96fe13ca1db81b5a3d3640deb176647d,0,2,0,0,5,13,0,152,804,167.12
7603,f5dbdf0dab731a986d9aea2ad3dfdb400f1ba46c,0,2,0,0,2,0,0,5,1747,247.87
7604,45bbee4905fb031259c935502444c729b32ddac8,0,0,4,0,0,0,0,0,0,17.75
7605,d95940776e1411531676fd71e45df056b031683d,0,1,0,0,0,0,0,0,115,28.96
7606,277ce3d8a3d68f87e82c98fdeb3a3cb3dee33036,0,1,0,1,0,6,0,4,20,37.24
7607,67b69fb2c70d3a56ac45f59d57b7f2778094a566,2,11,1,0,68,30,0,19,3365,536.53
7608,0a5f26324cfe4eb39eb48947f11364ec39221fa6,0,1,0,0,1,0,0,2,314,61.56
7609,39dd81a7c69763475e5a72f6c84e0f450fd957e5,3,27,1,0,419,204,0,199,7139,1316.02
7610,7cc239fb5ac0ce3f22d93d1dbf7e80609427710a,0,5,0,1,9,65,0,0,2017,337.0
7611,408b41ba6c1093a863b808a11aea551475772a9e,0,1,0,1,4,7,0,4,17,41.82
7612,8ff783f76d370199b81a24c48feaad1aa980285e,0,1,0,0,5,0,0,2,410,64.16
7613,a41c549ca4ff28b97742b608cb20f1059e9054a3,2,11,0,0,236,83,0,265,7392,1155.08
7614,00f88773239b96e256c585fae98d846e2b65b4a4,0,2,0,0,23,0,0,10,322,74.14
7615,9497eac4e01a12acfa6660b5b16e73a45bcf5707,0,1,0,0,34,98,0,87,3537,469.53
7616,24bed6b3fbb54a20ef67201c160de649421cdd51,0,3,0,1,7,0,0,1,111,66.13
7617,f8c3d4568e02ba7c65d0ff82a644e8757c55ff7b,0,3,0,0,0,0,0,0,0,16.43
7618,cf57ea15f1044d69fcfc8edee3c6f710ed78a7e0,1,1,0,0,0,121,0,0,219,91.57
7619,b4622ffad7011b3d29bce6376edb896de6df9f6e,1,1,0,0,0,160,0,0,370,119.17
7620,a9a6eed372fa11dd2851635ac2c4bb6e1ca9dba7,1,5,0,0,58,0,0,0,2002,1895.34
7621,ba402b1e7b446144d4d20f90cb71e6aa19ecce3c,0,5,0,0,45,9,0,3,2017,341.75
7622,8d26736bc2b0c28efd5caa3be7d8c9037dba633a,0,2,0,0,23,6,0,4,413,86.46
7623,51f7b75f1ff368b985fc1932c2be0d7fb004538e,0,2,0,1,34,67,0,132,1687,294.52
7624,6b8439366134b6749895b6019bc068d169865b48,1,7,0,0,32,79,0,68,7273,1037.06
7625,6e35f5eab9799e5d1450f97dec9335800dd39c03,1,1,0,0,0,156,0,0,214,106.54
7626,393ab302ab08b70a839ec87e75fcf4b165765db2,1,2,0,0,5,0,0,4,2168,317.14
7627,2f1b3eab675ac327a6f61b724d5f0bce01ec6e68,0,3,0,0,1,2,0,3,902,122.16
7628,0c97cda2a93b3e64d43e0b61da24dfd7ba31b7d8,0,5,0,1,11,8,0,4,383,145.44
7629,c18e7a963d9c4dc862c4706f128a4e436111669c,6,7,0,0,26,275,0,2,1697,431.12
7630,50c705dad9825d3095352b997be35a2568bd6190,0,4,0,1,15,9,0,3,1049,213.39
7631,07e93458fe69b7701ea2045926b4afe30d166cb5,0,2,0,0,32,1,0,0,512,94.58
7632,01a2869363d45c7692f3984f31ab8c7a50d117fc,3,2,0,0,0,0,0,0,20,59.15
7633,d9b8dcc1d300ae114febc22dbc71866088387111,1,9,0,0,141,115,0,138,2174,460.97
7634,40f8d20cf7b297a9324319190d03d93563230d6e,0,3,0,0,0,1,0,0,440,93.88
7635,dad90f6cce5bc51e43e3778068d5e45bcb1c9de0,0,11,0,0,96,124,0,59,3798,618.84
7636,68d509bc1ff7a3bf69a596aed49f238b42ee0679,0,1,0,0,1,7,0,5,1637,214.38
7637,f3ff55a2b4bb7a8b4980fdbb5b1f7a8d033631f3,0,2,0,0,4,0,0,2,706,117.41
7638,f3bb9b9613beaefbee0a53be1fb66b94fde1ce19,0,56,0,0,199,146,0,101,21866,3242.94
7639,391790ddb05f0db0ffd67e0c2f2f961157af7be3,5,2,0,0,15,91,0,10,2508,438.12
7640,69d2becc73deeb0217a816fe923d4bcd70f3d65f,0,1,0,0,0,3,0,0,3,1670.7
7641,51cea3e2c3c75b82148f14ca7903a88daa3738d9,0,8,0,0,6,4,0,1,2723,361.11
7642,148356a7bfeacce17aa85029348e5548579e78d6,0,2,0,0,0,0,0,0,832,120.57
7643,173a5bf1f1ff2f60ea9ef92bdef7a3026597ec0d,1,2,0,0,9,0,0,7,552,114.74
7644,b328807d25ec0d2537371dd51d8ad79c841c3cec,0,1,0,0,0,0,0,0,257,40.04
7645,5d994a24fc570ee5156df0d1356cb7b12305fb78,1,1,0,0,0,18,0,0,223,59.21
7646,401227ba6aeb3c7767e88d41a7fa2990b3717648,0,2,0,1,6,0,0,3,28,44.06
7647,bf5f034463d357f31e2c7d02c6477c2fcd93d7f4,0,2,0,0,6,0,0,0,91,33.69
7648,3f82098d4b7ae595aa6702d3fb7cc2fac682691b,0,1,0,0,7,0,0,2,84,35.39
7649,8afa49f5d0e28e96c6e1b6c88c6ac976ac0da2b2,0,4,0,0,6,3,0,0,3018,380.71
7650,4cf846d08570256115ac8c2787d0f7fbf162be23,0,1,0,0,2,6,0,1,146,38.68
7651,3a3994223c5d634bdd7ef01ef7f31ff860849575,0,1,0,0,0,0,0,0,120,24.89
7652,13223c217ca6cb84a96f3c70b8c38ec19eca729f,0,1,0,0,0,6,0,3,85,28.55
7653,bdedcc5631fa9c8c400d4daa01b8a1947d4a12dd,12,22,0,0,236,120,0,106,10484,1823.92
7654,68b2f5502a4c23318afce70a0c709178e2e521f7,1,0,0,0,0,0,0,0,0,81.58
7655,11af33af2a5baeecac7fb1773d5a1c27291f68dc,0,1,0,0,1,1,0,2,42,24.27
7656,3d2e9e2125ec29c6959c98157ad378d5c53f911d,0,1,0,0,0,0,0,0,120,23.9
7657,3434e99e6c728d59ba99141df3730f3e70e0059c,0,1,0,0,0,0,0,0,120,23.63
7658,d68f697f39fc0e660eb85dc9ef67a757102169f2,0,2,0,0,0,0,0,2,498,72.84
7659,e86ffedb453afd0554132748ce74a47817e5c2f4,0,2,0,0,11,6,0,5,597,112.54
7660,ad5cd50dfcc34d997a13e6e7fef9abd160893950,0,21,2,1,59,226,0,76,7379,2716.56
7661,216d2d464833c683b07c5d9fb0568f31819261a9,0,12,0,0,2,22,0,30,8286,1099.14
7662,549a6d93d4a0716f2965c6119b6417f4a3634b12,0,28,0,2,39,77,0,13,10795,1484.42
7663,bbbfeae25e9e2a8d91168ea19b09da40ed069c01,0,1,0,0,6,2,0,9,145,42.61
7664,ba5fb53d147ef63415027f776928c478af37f515,0,10,0,0,7,53,0,30,9055,1234.9
7665,8c74d177f68bbd5412cef96dc33f16ba33ff7875,0,2,0,0,1,9,0,0,452,72.24
7666,2beda62a10f0828eb10cec28b0ba53246cd0b671,0,2,0,0,2,15,0,7,267,54.66
7667,0fa5d69fc7602f2760a64e1760fd02be130aa8bd,0,1,0,0,0,2,0,0,249,65.54
7668,73028d5bd9f85655b284654579ddcbbca31e41e8,0,1,0,0,0,0,0,0,249,34.46
7669,f06a89b5317a8e3d4fb220eb462b083bc6e0b5c8,2,6,0,0,41,44,0,15,5570,842.84
7670,197bd790701553bd5c7de8b6af47500e0e028920,0,1,0,0,0,7,0,4,1634,228.35
7671,7cfb46432fbdf9b53592be11efc8a7d79d1a9455,0,1,0,0,4,0,0,9,236,49.16
7672,d272ac908ceb4696e05431066ae02d953fa6fc9d,0,3,0,0,26,8,0,25,1239,188.59
7673,62ee7d9502d599f704ea8c9cf16f9ac4c1b1d22a,0,4,0,0,13,23,0,3,566,102.95
7674,dbd80130578ef2ed3ab1244090d36eab55ef32e6,0,2,0,0,4,2,0,8,95,46.83
7675,7f6e971c4cc2e3906f959c6304fc05faa7703054,0,10,0,0,2,4,0,40,3377,525.1
7676,974200fca1b3643f1f40bbc3df17846a568208ee,0,2,0,0,8,2,0,5,377,78.83
7677,ba063abd2f4b0aaa0622a8665c4ba96ed31eafb8,0,3,0,0,1,0,0,1,860,112.3
7678,6cfa208add6ea424e17cae00114ebd3e7d7967f1,0,6,0,0,50,4,0,16,1269,256.92
7679,4a4c0120494757539d680c2d7d44fe6ab3d71d27,5,13,0,0,222,172,0,28,6903,1175.59
7680,99d3edfc82d89d6da23008f3ab0a203317cec6f2,0,5,0,0,72,3,0,21,891,1565.9
7681,016cf0c64ba867f740a19472f0fe716ee67306b1,0,12,0,0,5,34,0,55,7096,942.08
7682,0732ef5ebfea8e254d4a5dad6fe16ecccca3b799,0,12,0,0,10,5,0,55,7096,1080.39
7683,45794d41562495bfeb64841c9dfd7df03d9d01e7,0,4,0,0,44,0,0,1,1043,187.12
7684,776eb5d9cb1658ee512da21b62d94d9258cf8e50,0,1,0,0,0,0,0,0,1639,197.2
7685,ee1f26c4bbb5490e257eee63933fd3943f102a7d,0,2,0,0,49,1,0,16,730,137.13
7686,fe339860b5c023969f251f4aaa7d3d080139a66d,1,16,0,3,241,54,0,276,7953,1280.74
7687,183b8d0581f82e56e928ca7153ab50558e57045d,4,10,0,0,151,65,0,118,4246,760.16
7688,b7b86839250bf9b295ebc1948826f43a88736d6c,4,32,0,1,159,102,0,74,7749,1366.82
7689,31978c31bbf363d98c50cc6b293105a085888471,8,6,4,0,14,39,0,2,761,523.61
7690,1384da71375427b522b09f06862bb5d629cef52f,0,3,0,0,123,0,0,12,914,190.18
7691,1f5e93a8f85c702f65c27c6162cd10c2035e481d,0,5,0,1,29,3,0,6,1032,199.69
7692,19a396b9c247a5c3c8453293026dcd8535ffd67f,0,1,0,0,6,10,0,19,200,46.73
7693,6b77786dfc46d25ac5bb5f1c8a4a9eb47b52a604,0,4,0,0,25,18,0,12,486,115.45
7694,b7fb2df154871a6a6a38b9de44500ad7cd140fd8,0,1,0,0,1,0,0,1,402,78.6
7695,37d91cdfbb7dcfd46a72d328706cca5a39871381,0,5,0,0,3,14,0,2,1047,177.3
7696,06550bc93b2ed0f39086511cc8dfb1ca279f0d44,1,1,0,0,1,0,0,2,120,52.55
7697,033485dff3998c72be6c4efd04ccf04355951db6,0,1,0,0,1,9,0,8,40,27.37
7698,c7d1085fa27a64621d262aefea825e980e6bc576,0,7,0,0,12,33,0,31,2211,333.8
7699,dd6f4525e7a9eaceb6ed4f97059b2dd3c532d323,0,16,0,0,26,76,0,11,2505,537.22
7700,d5aaeee88b331e064830a2774f4fed238631457c,1,6,0,0,96,28,0,37,1541,1677.16
7701,72c3d27bf6465dd84b99759476acb12eced33196,0,5,0,0,20,1,0,11,1808,261.13
7702,6060d3ba56706d87221f0934d0331a2a73e65167,1,5,1,0,56,81,0,4,648,189.42
7703,62fc7fd3ea080a16c4019e7c67c8629cc9088e19,0,1,0,0,3,0,0,0,94,24.43
7704,1102e1e252bb0bcd04e703e54134c8682dd09a19,0,0,1,0,0,0,0,0,0,6.0
7705,f63a7ff635fa02a8a97d9a36505732f647d2e7ff,0,14,0,1,26,181,0,120,4726,747.03
7706,d0e55429b3a83b3babe705849123bbf19a5c62f1,1,32,0,0,139,140,0,175,10300,1519.0
7707,82483fad7c8374c814f63a0786b5a607c1ab1824,0,1,0,0,4,0,0,7,121,29.13
7708,b7308ee01c653051db4060ba28dadb5bcc74b7de,2,6,0,0,22,15,0,1,2847,484.98
7709,37342220b4468b868933b1acc0af307cedb80b6e,0,1,0,0,2,1,0,7,205,57.18
7710,c200bf8f78ee0698cc063235ffe1eb396bad3962,0,1,0,0,0,0,0,0,130,23.22
7711,000a84cb4afce33e6d6601f65955f2de9924cf8a,0,1,0,0,0,4,0,5,52,19.34
7712,5bfc5745ab8e94d09851980dce2e243620f412ff,0,1,0,0,0,0,0,0,52,14.5
7713,810567f65abde105ec55c4337c68c350e353b2bc,0,1,0,0,4,0,0,7,52,23.06
7714,4f54a66782e1621437a4c8eeea59aec37efa08c4,2,6,0,0,43,48,0,65,6694,1015.57
7715,98ac4f12b5ccec708fc03ddfb96935c8cd7304e1,2,6,0,0,0,0,0,0,6737,1177.6
7716,9a26af37b96332e0785f5ef4b19daa5dff3575cc,0,6,2,0,2,59,0,22,6678,915.09
7717,13f3ba3cee4d8a358c3c5ba653fc12643f000aa7,0,11,0,0,44,2,0,13,3715,607.9
7718,09ed7c7a1004df9fb98e58dd17eb07a479e427f9,0,1,0,0,8,0,0,3,122,62.04
7719,bedf849d83ef2a6b092a57f492ab5b08a7d71b0c,0,16,0,0,122,34,0,61,10025,1405.02
7720,15c398f7d29a1cdf2260aa59eaf513c656e28561,0,59,0,2,128,79,0,48,16193,4224.02
7721,104f58701efd341dca8642b4566653cb93b48c12,0,1,0,0,3,23,0,3,108,40.9
7722,acbdb86bb4e1eaa496bb76b8a6dc77c15a3141c1,1,5,0,0,11,1,0,15,748,182.69
7723,00095a2ef9442e3fd86c04876c9d91f2f8b23ad8,4,6,8,0,0,2,0,0,761,374.18
7724,67f013430c9ba051385c45d72ee680c44eb88470,0,15,0,0,175,76,0,52,2451,502.71
7725,3f906badbed8b7bcb6a74122ca24494f8ec9afa9,0,1,0,0,97,90,0,0,420,92.96
7726,df5de33a022ddf7acc8adc33d9616a742fcaaea0,0,2,0,0,7,0,0,0,2093,270.99
7727,2a3f4a0a4eb7bb67985050b0e007576c468f217e,0,1,0,0,23,3,0,7,108,43.06
7728,8ab7b20f48951d77945181024f5e15842bc253c4,0,3,0,0,9,2,0,1,585,115.97
7729,91075276e7638f64e3e213358edd37198f540e1b,2,2,0,0,15,0,0,2,1204,218.25
7730,17ac2fe9c13d2b567c6bc06690e1491dfba83090,1,17,0,0,110,1,0,45,10032,1604.76
7731,7a1d00c7a0719ccb8d97b42965835f124ef27804,0,5,0,0,99,10,0,11,1487,282.45
7732,64061f896fe21512504e3886a400759e88b519da,2,11,0,0,60,67,0,18,2060,519.33
7733,d7475b92e80b7092d8f9ea49651e49bd3260b4d9,1,1,0,0,0,0,0,0,3622,488.1
7734,4cb40e6d846ce1f28ffb40d388c9efb753197813,0,2,0,0,0,0,0,0,561,75.32
7735,c614b9f3e8fe1400b600fd1c109bca3fc784a382,0,2,0,0,0,0,0,0,561,73.79
7736,d2daada970b424263533517d2a26e36e31ec2746,0,12,0,1,128,47,0,47,3614,705.66
7737,f346a144b970bc51d28ada5eb6fb4568b0151529,0,2,0,0,8,41,0,2,379,117.57
7738,5d1b2110d1bac600d81d8bf04d3a97e5a9bd1268,0,2,0,0,0,0,0,0,561,74.61
7739,b8f999bf33678e6daa7ce8072ae40824c5ea25d1,0,2,0,0,19,0,0,3,436,93.01
7740,c44e88686084a60be7d4dd5afeabab22f7cddfd8,0,1,0,0,1,0,0,1,178,1473.0
7741,e468b4022f76688851b3e0c34722f01a56bd624f,1,1,0,0,0,0,0,0,80,69.01
7742,b50b2e51bff361e28d3522d2f4bc3aedac9b7d86,0,1,0,0,22,0,0,0,144,50.55
7743,3f7222df3699ef11d0782628c8358ad5d0ce108b,1,4,0,0,7,5,0,11,982,183.89
7744,83fa0ad9edcf952a574176b314f3b8c131aa2075,0,7,0,0,114,38,0,42,2756,453.63
7745,e9701a0595a5de8cef8e545a913a0f1249d5d36a,1,1,0,0,6,0,0,1,95,62.19
7746,056c3395d952f9e6d9c08b734c2a970ce935ec85,0,10,0,0,153,19,0,47,849,337.32
7747,64ef12080899dad4ab60652a76c68fb59ded04f2,0,2,0,0,2,0,0,1,397,68.15
7748,69f5d707b64081f2c0d6dc7c097a0f5cc7418d05,1,0,1,0,0,0,0,0,0,58.0
7749,ff5250ca2b9367d9011ae74ce127bc6de579c6bd,0,2,0,0,27,10,0,16,1390,205.34
7750,b1b0db3195e08cd3742767996914e2ffa99f40cb,0,3,0,0,7,2,0,28,1727,255.41
7751,061a31fad1654d9ded96d118e04c14860413fa25,4,11,0,0,68,9,0,113,5193,882.73
7752,f574fd478211f795aa4a3365ae2ba2d368fea54d,0,2,0,1,169,1,0,7,543,195.99
7753,621e2b5f5ee82871ffc344a53c1dc08442cd0cd8,0,1,0,0,0,1,0,2,615,97.05
7754,cbd8b15e6b65d891961df11ccde67ff705f1d210,0,2,0,0,7,2,0,4,115,67.09
7755,e60f34fdb5ea7039e5f1eb69252927605ad1612a,0,1,0,0,2,0,0,0,133,39.54
7756,c88ca54c16625bc7ab7ebf5eae295fc669d08bb7,0,9,0,0,31,18,0,16,2727,436.52
7757,1e56938757d2958631ac1ea07387eaa61997d84a,1,6,0,0,67,6,0,10,1314,275.84
7758,d866e7c658e04a5b3d221137d41e3e277f9991c4,0,9,0,0,48,59,0,74,7238,1022.37
7759,6ca8261fc0d665e4966f12bf0d872761bdfb430e,0,2,0,0,39,6,0,8,2612,345.49
7760,8f6849ff02fa9e37aab9d7bcab5b8d7b8b37a89d,0,1,0,0,11,13,0,4,234,1515.11
7761,17a29ac2313774850f0cce116ee33ef79d007a34,0,1,0,0,4,0,0,8,672,95.61
7762,bc35de597d07b41d7456a38fc2cb771c9292429a,0,1,0,0,2,0,0,6,410,93.85
7763,ba02a8664b23c1d4942fad357b0ef02ec88ec8b5,0,3,0,0,0,0,0,0,1158,148.69
7764,2389c09d75461c1e4d3072bfacf5fbb86a625207,3,12,1,0,139,15,0,27,1686,488.91
7765,828a1c76c71b0179bd9709e3da5d988b18fea631,0,1,0,0,14,3,0,8,152,45.4
7766,a2b91727715e10afa29c759cef20540f29a79228,0,4,0,0,40,37,0,23,1543,247.99
7767,eb40e6dfaa26dec85fc07a9cebedb7dcdc62874a,0,1,0,0,5,0,0,0,170,39.31
7768,35b4adf3ed05a903686cab2b09c3e80c94a81697,0,1,0,0,3,0,0,0,22,51.42
7769,5a69465ea0188b5942baadfee375a1303169f795,0,6,0,0,135,14,0,3,3295,748.77
7770,d57c80c4159ccdd240f01907b79892455713941f,1,5,0,0,43,19,0,76,5804,817.8
7771,42d5447cfbc593becfc26684e03f482eb3a0fc49,2,13,0,0,56,8,0,19,1746,387.29
7772,6df7f2346ca75fe46f95427680aea32aba768cc7,0,1,0,0,4,0,0,2,6,19.44
7773,273d252838e96c4b4af2401743d84e482c4ec565,0,3,0,0,16,1,0,14,1398,230.71
7774,46cb5dfa226892fd2580f26ce9ce77225bd7e67c,0,3,0,0,0,0,0,0,1414,200.6
7775,824ee525df009ce21b96450bdb4a56600403aac1,0,3,0,0,38,0,0,0,760,134.6
7776,5a633adffead3b979f6e1a607994409978b0ea74,0,3,0,0,53,0,0,7,309,95.96
7777,125767b44e93f1094b77a6cf8c2a5ca19b5cabd2,0,1,0,0,1,0,0,0,60,43.33
7778,edf50495022c798666f91e7adccb3b93e4200230,0,2,0,0,8,0,0,15,171,52.94
7779,773aff90fdf9edf4687b373d1c7ba859d166a437,0,3,0,0,40,10,0,18,584,122.53
7780,d91784e6665c61aef96f4307a847aa197bd25587,0,8,0,0,136,24,0,58,1389,1758.24
7781,556b22374423ff087c0583d02ae4298d4d4f2e6b,0,13,0,0,4,29,0,2,1716,299.36
7782,80cbc0d1fefdba1492d7ec6e580ad54a2960cbdb,0,1,0,0,14,7,0,0,73,31.31
7783,5b6c0d277746c9dd58994e470c4cb5facca46718,0,5,0,0,76,2,0,3,207,110.55
7784,758f4296a4a8c99e1b8409b0b0e9319559074bb9,0,10,0,0,54,0,0,0,518,144.32
7785,193359ffd22057ef803b923b8f6e858ba36b7f5f,0,1,0,1,1,0,0,3,25,39.91
7786,eb3f5b2812cfe030690d5d22755f7809566d31a6,0,3,0,0,0,16,0,12,1398,223.52
7787,092efb42749bf7fc6ad338c96aae8e7b9d3a2c74,0,2,0,0,14,0,0,6,1615,323.19
7788,00fca5a4c9bdc73b4e0c962af0cbfcc7db2029fc,0,1,0,0,0,0,0,0,111,28.91
7789,66cced16dc7f097e601ef9bf2f7356933e84e19e,0,1,0,0,1,0,0,1,32,21.17
7790,b2813282280b2bedc8cedcde26e9418f522212ca,1,12,0,0,50,30,0,13,2657,513.45
7791,f39ecac4882cb2f92490c66f385ed4c6387f4510,0,1,0,0,0,0,0,0,68,16.26
7792,12c45cb2e8eb6b8dc1743eea6253ddd21b08a61b,0,1,0,0,3,2,0,7,131,35.98
7793,2d203c447995e53067ac92befd6281534866b4bd,1,6,0,0,45,7,0,27,1528,330.37
7794,26babcf013de696b899d76a3c39434b794440d8d,0,4,0,0,66,6,0,25,935,203.99
7795,96ed407c691ac0686fb14cdcd8680d1849e24ae8,0,2,0,0,2,0,0,6,257,54.51
7796,a110e1eff5cfa6e905dc329719384ea9e39545ba,0,39,0,1,49,53,0,96,13438,2238.21
7797,39cf42be9a9a3bcbf5db90903d2d4b438551d4ce,0,1,0,0,1,0,0,4,142,44.55
7798,6d080762ef795adf02dd0ab236c4b3eb73e19a91,0,3,0,0,4,0,0,2,338,66.25
7799,4be96dd8a61bedc15021740157682605b6445265,0,1,0,0,0,0,0,0,160,40.6
7800,87f5b5f3411d96c31b4cb61b9a57ced22be91d1f,1,2,0,0,66,2,0,39,2631,1907.44
7801,5bdb52af2f8922e21362dd815dfbf92bf8599f2c,1,1,0,0,21,0,0,16,349,107.82
7802,f4ff480387bff40129aefb16e0379ca8062d4ca9,0,1,0,0,0,2,0,19,396,197.34
7803,291dedbf8185ede93808746e4233c2507d86f5cb,0,0,0,0,0,0,0,0,0,93.38
7804,6225b4a492c40a03475b666915b96984b25b3c47,1,4,0,0,4,101,0,2,578,148.35
7805,2e9b96e4f14c2802b59c6037cbfe4a427ec93bea,0,1,0,0,2,0,0,2,257,47.68
7806,060b8aca8601d323c1a623defdac9c04b704c136,1,10,0,0,16,32,0,19,2200,405.51
7807,ae6c90b4ece1ada9e771e7b65033f962b8636c4f,1,5,0,0,103,4,0,27,1087,275.45
7808,09ca6193890e8caffeb2951340b6a6fc10b5cfa0,0,1,0,0,2,0,0,0,27,26.62
7809,b748ea3b0d3a074b976fa0ae59fc591303e805a0,0,1,0,1,0,0,0,0,53,44.27
7810,1825af45b328cd54680c5c552f07bb12c4705fdb,0,0,0,0,0,0,0,0,0,83.54
7811,acd0d1e446c164d9c54bfb461b2d449c8d717c07,0,1,0,0,0,0,0,0,821,131.43
7812,5e14e125b2d930dbe29760d5872fd78e9c8299fe,0,1,0,0,0,9,0,0,46,45.6
7813,021f66d11d2cbb7308308093e29e69d6e7661ee9,2,26,0,0,108,103,0,50,14181,2103.25
7814,8e6ff689e806138e602a46730886d8c5f524fdcd,0,1,0,0,8,0,0,0,118,111.19
7815,3a2a76f6f8c55ac644f2ef0a307689b09c341375,0,1,0,0,4,6,0,20,44,23.66
7816,bb1a935636f4659631fb7b474716561fc5fff401,0,1,0,0,0,0,0,0,94,22.32
7817,102f0bf9c565f70afd272cd5f2cb39305c3783f8,0,2,0,0,47,0,0,14,896,158.19
7818,8a264dfc00ac85d12270e296081697dd6e0709c4,1,2,0,0,9,0,0,0,206,59.23
7819,4f7aa3b71d2ebfa57f890c5ebaaf166fb7128597,0,1,0,0,8,6,0,3,86,30.83
7820,4f2dfd387779968d3b76a22f1f4189d3278b202d,0,2,0,0,7,1,0,0,374,1470.47
7821,32dd633b9899a2cae70c017c33a616701d6cf7bc,0,1,0,0,3,0,0,2,249,140.64
7822,a67909d3d64675f5f557e499cdcc8898fd33e31b,0,1,0,0,8,0,0,14,800,119.52
7823,05f57f4c03c68e3184d6fcfaaa4353a0981125fa,0,10,0,0,47,51,0,37,5610,814.4
7824,8c9825a030ace256343dc6669b6edec22e6f75fd,0,4,0,0,2,0,0,6,3162,378.99
7825,db04a9f9d910caf3976f8a86cdd8bacbafcd78e4,0,3,0,0,72,6,0,3,369,135.62
7826,92460c58aa14c59ddc7c353f45c78f246bff5018,2,0,0,0,0,0,0,0,0,49.5
7827,603110719d9d26705e782ba048db713b18cb076a,0,2,0,0,30,10,0,15,917,161.31
7828,ab53329cb3a56296ad05ee68735eb78896819cd3,0,1,0,0,2,0,0,0,401,60.58
7829,cd61bcc01eb29eb3509f72cf72326605afefabc8,0,1,0,0,9,0,0,20,391,155.16
7830,0836b0719a77a5a4c705d8ecfb135ae49ed1b934,0,1,0,0,3,0,0,4,64,27.38
7831,438af9bf74c915fce9c8f525d986eb581e8cc0da,0,2,0,0,12,4,0,0,161,69.2
7832,cf529f18a9959589fa635f78df4840472526ea2c,0,0,0,0,0,0,0,0,0,93.21
7833,f4006b5039170ca1ac8adb63abbc111184e2e9ee,0,1,0,0,48,0,0,0,58,40.53
7834,60bdaf7846446acb0c4b8208d02687452fdbd2b2,0,1,0,0,10,0,0,8,59,32.31
7835,c9f8c3436f6e38b5c7807677c5c3e7fc3e19e071,0,3,0,0,68,15,0,1,1465,251.76
7836,9fbce1668b1fc1e8a7d4bdb341bbed7bf65936f2,0,1,0,0,11,0,0,7,80,26.38
7837,a8ad61ec88f2d147e557f26543157db54dd7fcef,0,1,0,0,10,1,0,13,204,122.62
7838,b77fb77b322a3a4f3419ff7cadc2c8dae256fe09,0,2,0,0,28,8,0,1,65,45.03
7839,304d3e6fa9f44cb25ab03cb6d949f1c9b74779d1,0,3,0,0,21,26,0,37,883,161.02
7840,079f168c5c17ddef3a5062e7b75acfde9b73c7e6,1,16,0,0,32,44,0,4,7556,2511.7
7841,c323e7bfaa180dc9a9420ece2e191c21cd04b99a,8,3,0,1,39,34,0,1,136,296.39
7842,85901754f82f0b60ade1356f5e45c6e2595f3107,0,1,0,0,38,0,0,0,133,132.65
7843,09dac89908069687c8c34093b7023150ef1ce082,0,2,0,0,118,0,0,8,268,90.26
7844,1fbce10ff45571633755eb27605fae880dc23a6f,0,4,0,0,14,2,0,6,2677,369.68
7845,f67763ffa00ddb3115598dd0047783a8c4d27462,3,23,0,0,157,92,0,4,5124,908.87
7846,c17be2e6223eee15ec926eae160bfa2adebab260,0,1,0,0,0,0,0,0,49,14.75
7847,36f3d9432a335163b8ccea5d8965e779d2c92fb4,0,1,0,0,2,0,0,0,97,24.03
7848,b1089e831074188699178e9d1ad5b5e5cc7effcd,0,2,0,0,77,0,0,15,235,68.85
7849,9bd4b04ca81b87c2686dce04e1175b2ac90a2f41,0,3,0,0,34,10,0,36,1451,243.7
7850,0968668283d9e3b23c2da8c2c4a0a77caee2e9af,1,0,0,0,0,0,0,0,0,55.0
7851,1eabbb42954b94308f85434ed2a9a80ba3e03c5e,0,3,0,0,2,0,0,7,792,119.23
7852,a472f24d17718f85883d7bb7b9bd9bd64a8cb392,5,10,1,0,84,11,0,15,2924,578.21
7853,7ff29d8e00543cf54bb2e663a2566db1c5d3707b,0,2,0,0,21,8,0,0,330,66.31
7854,1cd2b56802a58b833b78ab11093912417c9a226a,0,1,0,0,1,0,0,0,3934,690.12
7855,8d19bbd34781a1b442f9dd382b3db57be2f77c64,0,6,0,0,220,9,0,30,2954,524.64
7856,3de02d57f632d5c2cb2027cca3bd0333210f5619,3,17,0,0,352,84,0,201,4499,1163.3
7857,1b98a96caa09ee9be27d6bf028200fe6790ac726,0,61,0,3,121,197,0,102,13205,1942.93
7858,42be553433775c5985f6c68f8178e51afb0a402e,0,1,0,0,0,0,0,0,3935,534.57
7859,fe73fe8def88a513e53196461bfa845ae91ccf96,0,7,0,0,17,141,0,23,6664,880.23
7860,997747076d8ec0b4346d7cb99c4b0667a7c14905,1,1,0,0,0,0,0,0,119,1493.52
7861,dcfa01448c1693308256b41fe43aca6df41fd3b8,0,1,0,0,9,23,0,17,82,36.53
7862,31ae8dc7f3a8087fd48a9a59ba113f803ea0ea8d,0,1,0,0,0,0,0,0,91,21.64
7863,b889c8a2215258b11d1d9476d5ab12f472e18d67,0,1,0,0,0,0,0,0,91,21.13
7864,7448b045ccc96cea2876ebd39cb6b5ef7b73a207,0,0,0,0,0,0,0,0,0,20.43
7865,d909ec55aa54330e0251593fa0e7c2d2fd61681d,0,3,0,0,8,0,0,0,2731,344.63
7866,44ca13fe07dc5050a2bc98ccd3f65953f06aaef8,6,10,2,0,183,69,0,67,2496,675.12
7867,78e7dd6537801534d02a8bff567e361759b7c5db,4,1,0,0,0,0,0,0,3,190.44
7868,a11701ecc5094d0c8cd96a290d86e52df83a9707,0,4,0,0,18,32,0,15,651,139.6
7869,03c0f7fe1343e681eda350a7a3528b62b28532cc,1,3,0,0,9,0,0,0,180,80.3
7870,9d5004894c0d4d9bd53dbe79c4650833deacc1a4,1,0,1,0,0,0,0,0,0,46.54
7871,a5ed463d48b9bd1785f12a9abdb92de1c76767fd,0,1,0,0,3,0,0,19,538,93.5
7872,7357b0ce9fb4ae0700538c167edbf2c320783490,0,20,0,3,8,0,0,3,2770,625.47
7873,1413522f6f99e2dbbca9a67b6ece78beb2841bc4,0,1,0,0,6,0,0,8,69,28.35
7874,832f67d483985bc6cf488bb8ecef32280fdee668,0,1,0,0,68,9,0,0,202,54.9
7875,7d3750bd9fc9747623549c242cc4171e224b3eaf,0,1,0,0,10,4,0,5,430,61.57
7876,9a809077602f2e339bf484e357ac71bf672bf080,0,1,0,0,0,0,0,0,478,76.24
7877,9e9db3245f2d825837f231c004eac99f83829a95,0,4,0,0,84,4,0,0,700,136.51
7878,30a052b3e5a8611841229198a64e41d74b6a3963,0,1,0,0,3,0,0,1,121,31.49
7879,cfeb26d27a3f5c80e5e8e3d29fd94921251075c4,0,2,0,0,3,0,0,13,1085,160.19
7880,519236b4afa7325d482380e945faf0a7d4c97254,0,5,0,0,20,0,0,13,1113,1597.42
7881,e66a6603e36ecd67237ca16acd5e2de03f0d372d,0,5,0,0,8,0,0,24,1133,190.01
7882,950d6e6fb0fdcf923aea66e17e617c06ecd5a628,0,11,0,0,218,18,0,109,7049,1291.47
7883,5fd16f38533591615aa9afa48bb89bcbd8313caf,0,10,0,0,37,15,0,14,3631,539.05
7884,cc7aefe0bb238712eed1461c792285311259d8aa,0,2,0,0,9,0,0,1,655,107.92
7885,40f0a434626215634ad5922f028b4c54a2e4c895,0,1,0,1,3,0,0,0,115,67.0
7886,edf60b965be903f205ec689b59c55229e0cb1dbf,0,5,0,0,0,28,0,27,1113,160.43
7887,ec66434380aee62289ccf7b173d765bbe7083718,0,3,0,0,12,92,0,36,901,164.0
7888,423a0ab71a4e588f3efd2d2ab96a36c16e8b37b1,0,8,0,1,83,170,0,74,2462,413.62
7889,0b28155d274910b4e667b949d51f78809a1eff0b,0,13,0,0,32,39,0,58,1038,275.24
7890,0e43abc78a5a55c84a7572125d498a950dabfb57,0,1,0,0,0,1,0,2,120,30.12
7891,c08eff67afd8ac696c45a383077d4a42fed85ba2,1,1,0,0,2,0,0,0,1696,233.87
7892,ac5bb8155b618194fe9cf1131f0e72c99b7b534c,0,4,0,0,2,10,0,2,1995,294.75
7893,21684a32fa65fcd1f64612a0b1e0cb4dd952d44e,0,3,0,0,80,125,0,14,2375,328.69
7894,b336da925ac5c5ee3565112de4b808fe2eed08a2,0,3,0,0,112,1,0,30,2126,318.04
7895,6dbbd78aa00ed4877292d9cd48621803a175d51a,1,43,0,2,94,181,0,99,10903,1660.88
7896,4cb70ea9f54c01b38acd5e76f482f8f4350d80bc,0,5,0,0,31,4,0,2,655,153.41
7897,d23a517b6129a90f69062b7558bc777a4b76bf8f,0,1,0,0,0,1,0,3,93,22.17
7898,72784c2d836a4b977667449d3adec5e8d15453f5,0,3,0,0,67,19,0,20,2053,522.72
7899,7b716c964bc7c692c1222812974ae75428d50e65,0,6,0,0,67,83,0,72,3216,510.91
7900,bc9f9ae080c1d6e8f6ed400883cc2d756bbc3fa2,0,1,0,0,0,12,0,4,1015,1620.77
7901,177458d9d0666329c015375627b5093c392f9b4c,1,1,0,0,27,1,0,9,223,103.45
7902,98245ca6e4b6b8cffe22534f32e825c912de2ed3,0,34,0,0,151,13,0,89,9438,1486.47
7903,55147c7eae784ebd9b4c5149112c6ec2623e4d48,0,1,0,0,0,2,0,2,461,66.16
7904,79800e607cb12111101684e5d9fedc4df4e52e1e,0,1,0,0,6,0,0,2,384,55.66
7905,4ba6242a62e6aa0ce96dd9dda9b471cbb357134a,0,1,0,0,1,3,0,13,411,65.26
7906,0db2b628d6db90b5ad300773d81e9cdb7dd0ebcd,0,6,0,0,5,6,0,7,829,142.87
7907,6a0c67344a86a98eaa56586524639fcf84ca1275,1,1,0,0,15,0,0,0,1663,237.71
7908,bb8826ca5f3d5bcd185cf6fe4ebe7d72942b8d6d,0,12,0,1,539,62,0,109,5736,1092.77
7909,f1806a11e69334a132caad54c502b85d57fffe82,1,1,0,0,2,0,0,1,20,32.08
7910,a68dbde941e5471a555a6df0fb5fb2d122e2e98e,0,3,0,0,49,0,0,13,443,109.5
7911,a84cdbd579a6696b49bbf439bdfe739772345073,0,4,1,0,56,2,0,3,272,110.86
7912,74e5c776b30ce6205544bb5e956f01ea9abf41c5,0,3,0,0,13,3,0,13,2204,344.42
7913,0789e15b5e34dcafd6adfb08b4474ea1b4628265,0,3,0,0,23,8,0,19,3842,668.65
7914,ffe430237a44b1ebad31171bdf81ab7487ef5ce3,0,0,0,0,0,0,0,0,0,87.38
7915,0e173d38b05363e1fb5c85955a4964f05958c1fc,0,14,0,0,264,232,0,276,11787,1790.6
7916,a8b16ac907d631a7ac47713290d95620bf7b6522,0,1,0,0,0,0,0,0,1145,152.42
7917,c24a7c446fce11a8aaa5c2706e3211539b735ea1,2,0,0,0,0,0,0,0,0,115.29
7918,63477d6251a597065af4f9619ec68699721123a4,0,0,0,0,0,0,0,0,0,96.19
7919,13e4578be83bd3e76ff1cfc5212ae75de130a007,0,1,0,0,3,0,0,5,264,67.8
7920,1ade4d2f440a629968d41487bf27062a7e22f08b,0,2,0,0,25,15,0,34,3362,1944.96
7921,112d050609184375d8cc6b15ddb80bc7c6b9a19c,0,1,0,0,0,0,0,0,31,20.46
7922,d822ee3a7ccc4959ed5a4b85bb54ff6142aa7d6e,0,19,0,0,157,46,0,64,3829,738.06
7923,cfdabe92672b68cc74fa14b3f5bdc4b95f79538e,0,3,0,0,31,73,0,75,4603,655.57
7924,ad5b4af2c4ae822fc892974fd7e2e9e2106998a6,0,4,0,0,187,83,0,18,135,131.8
7925,66ad9fdef8e8bff3ed2b77cd8865f724b345bd18,2,9,0,0,99,25,0,34,2543,470.3
7926,4366720bd186276322ce8b7167a790608c801d6a,0,3,0,0,60,13,0,28,488,127.75
7927,0f23784182ab88649de340d75804e0ff20dcd0fc,0,1,0,0,27,1,0,2,365,70.3
7928,2d2d9957a7452073fbfc0b4a0624d302d0bc6a1c,0,0,0,0,0,0,0,0,0,12.94
7929,b9413839ab6971eadddb1f5b2a4ad91d7815251e,1,6,0,0,443,6,0,55,17677,2365.68
7930,d7561cee50acf2e3a52b8a38c71259d60b653ed3,0,11,0,0,35,8,0,6,4761,728.57
7931,1804b6d0593e335c126d3f67cbc3a90964dd1639,0,3,0,0,17,8,0,5,1386,241.03
7932,a838f7631f60d5c12736e8dae2856e1cc5a3bd99,0,7,0,0,59,40,0,17,1654,301.12
7933,4a08135dd87324efb48b0104b9a8bde8419fdf20,0,1,0,0,0,0,0,0,595,82.18
7934,724e323494da4f6562b98604560f854ebbd8229b,0,1,0,0,154,0,0,0,6,47.49
7935,51527f551bb5a0c02a4e6115406a90be21ad145d,1,1,0,0,2,0,0,0,577,102.71
7936,c55acb0b0363525f8d3ff52cbcbd05f3bbdb20a4,0,1,0,0,0,41,0,0,328,75.52
7937,2bf5e46a33af9724f4db0376a70a217b5071fc6f,0,1,0,0,26,2,0,0,122,36.74
7938,dbcc80c9e7f33624d68c4961a04a455ecca8480d,0,12,2,3,2,0,0,3,1735,401.34
7939,4bcaf495c2aa10bb11fe9bb670d5015b039eac39,1,6,1,1,98,83,0,12,1853,401.86
7940,1d0fca370bf56a41fc62b72bebe86a7185a2b0c2,0,6,0,1,3,15,0,33,922,1621.42
7941,8c857633271cb844b01deead8c4df9b573bc99e1,0,1,0,0,0,0,0,0,3,44.33
7942,619e0fdab88ab0599ef157b430e85ac0752eb6c7,0,1,0,0,1,0,0,3,56,54.76
7943,7e599428d347e0b175495fbfdb04468948d2149a,0,1,0,0,0,15,0,25,1695,384.0
7944,067388bfd9dccdb42fcbeedc45a3862555603892,0,5,0,0,20,0,0,3,1772,298.46
7945,65149bd8fca269a6e7588b87b02b2861ff67536d,0,1,0,0,0,0,0,0,22,65.14
7946,f3f17fa111f37233ddc42ddb9c38594e35d8d501,0,32,0,0,149,92,0,108,7960,1282.59
7947,4613f3e8c740e881505fcd2c661a0e28462eb459,0,4,0,0,48,0,0,22,750,165.72
7948,1b7e4fdcfc69a99d114910cd77a617f449eb33b1,0,1,0,0,7,8,0,3,117,36.12
7949,37de961f2041f55e90ff9db5fb0aa83308c92515,0,1,0,0,1,0,0,2,164,36.9
7950,4804483f7e55edf91a8e9d7ad30ad8239a96eaf3,1,2,0,0,27,8,0,31,1228,231.95
7951,e7b56c3fa862236153c4a92bfad7a5e6947be8d7,0,1,0,0,1,0,0,1,1019,159.67
7952,b631727bdfaa141d591d6194abba47a19c1dcbde,1,2,0,0,8,1,0,2,751,139.69
7953,3a3855aade174d89087c5959320b7662347c1275,0,6,0,0,1,0,0,1,2302,316.09
7954,336fd14e26e3ae32bfb83ac3c63ff49328066f6e,0,1,0,0,0,0,0,0,94,24.51
7955,44f6ef1c90548304402103d6210c9edc39ebc246,2,9,0,0,4,0,0,0,1701,338.02
7956,8b8de1f8a77b5b9f6d4b8cfb7eeb3d545a69d0f2,0,2,0,0,3,0,0,2,529,75.87
7957,e963694259aa9242aa709e9b954754abd9a681cd,1,4,0,0,37,52,0,2,1067,236.64
7958,d43e28dc8269d19596aaf801de8e63c8bbd8b68f,0,2,0,0,0,3,0,1,529,80.82
7959,80b40a3b588d9d250c1f3fd0ce4ee50376fbe25e,1,1,0,0,5,0,0,4,579,108.83
7960,323907f84fcb5ca2cb33131e212ccda4ace76c68,0,4,0,0,20,20,0,17,940,1624.57
7961,a8e184dc77470bdf9d62e19c5d36bc1de7cf4c6d,0,8,0,0,175,22,0,52,1289,292.59
7962,7178a98258dbb28496c2c4f3fbbf8e552ead8bdb,1,2,1,0,2,0,0,4,887,155.64
7963,7be97980f57ad0a251afc562ef3d6fd7ec15a7b7,0,5,0,0,30,67,0,3,376,116.08
7964,b3e41c9525f0f8537b87bb7bf923cf74c31ee585,1,6,0,0,55,4,0,0,1045,214.56
7965,c365c4084e185cfd4bab711f9ce8924654445ac9,0,6,0,0,9,3,0,25,5538,787.99
7966,5a1e02b6dcf27bb2825bab3d97f50e981f98f91d,0,1,0,0,1,0,0,8,1145,180.59
7967,bd30ca62eff05195b9328aca5f33f69ad0198307,0,3,0,0,145,53,0,14,402,127.18
7968,bd01fa763985491e196e296f0f627274ce04e619,0,2,0,0,20,0,0,0,72,34.01
7969,6f2510299729cff892ce1f28364189b1ab3ccbb3,3,1,3,0,11,11,0,0,1672,343.98
7970,28635d6101956d51580a503270528d44ebbf8612,1,2,0,0,17,8,0,36,405,153.84
7971,48d387413f012cd6bfecc42085f7432647975780,3,4,0,0,49,14,0,8,2804,528.75
7972,4329330cf1e9d03aebe0747b3f3fc77b774e7d32,0,1,0,0,2,0,0,1,57,21.41
7973,3813f0ac3d661f8a9985e6e67283d8556a5d08c1,3,7,0,0,69,5,0,33,4396,721.62
7974,2cfe1e8aef69514acac85cecd3a4abe318314209,0,1,0,0,40,0,0,0,113,40.32
7975,d921262d389ec7178797b817f0cd8a0a873085ac,0,4,3,0,14,47,0,11,2816,469.16
7976,e2fcde2d6f8f57cc28524a855e49c2d65e40b4ba,3,3,0,0,38,15,0,8,2812,504.6
7977,21e02813fedc6846c9ef381e1ff9b49534f20ec9,0,5,0,0,130,0,0,19,1059,242.29
7978,c6ff1de7e2cc08c40785780a4acd65097c8281d9,0,1,0,0,0,5,0,0,11,13.57
7979,699ea4c7d02c4871a57c1cb1a984c3451c54cc6b,0,1,0,0,2,0,0,1,134,31.59
7980,8e1002913decf29c3e156a6d8df69f5ad929f4ea,0,1,0,0,0,0,0,0,160,1480.03
7981,911a6ef4123f0e2118a5853890d4514007306047,0,1,0,0,36,0,0,9,130,48.69
7982,a07e755625382d3904c935c21a4f240ede6d2f43,0,1,0,0,0,3,0,23,880,113.13
7983,1114a1a65e78a00f643ef15b9a13bc710cb80845,0,3,0,0,38,2,0,12,1313,193.73
7984,92fdc8dd51156d1b21424f227fa19105a50b425b,0,1,0,0,2,0,0,9,260,78.65
7985,d159b1f8bb9a29f7786a96c910157e12583768a2,0,1,0,0,0,0,0,0,776,104.17
7986,4d7ed0f94c8dc02522e2629c5bc6cd85421c4bce,0,2,0,0,16,2,0,1,544,111.47
7987,159435ee402d42d2558a657641a21e4925e4d2fb,0,1,0,0,3,0,0,0,345,46.52
7988,e8eb3665142fb157ff000b25c687123908e7f63e,0,6,0,0,71,0,0,42,2446,427.0
7989,d4cc5eef43b7e626c94f4a8aaabf63c17b9a0179,2,2,0,1,16,19,0,0,65,104.58
7990,50055dbf04deee7e850cf71323b64d454aee20ca,0,2,0,0,44,0,0,1,451,94.09
7991,6b18e39f30b30ad2aa027eefbf520f2c5b1de490,0,1,0,0,2,14,0,19,132,42.55
7992,6dd5383033c5b0f84bd1de081a7fdadabe1658b8,1,71,0,8,395,106,0,352,12449,2822.13
7993,f05f116327c1f0dc8479ce238b3a47454dfea13c,0,2,0,0,28,0,0,9,307,78.27
7994,63f2d3cbdc8151f5f61f33e0a078c51b9ac076a5,0,1,0,0,0,0,0,0,134,25.47
7995,c01d4d3a35a53d67d4106fc906629413f8e980a7,0,1,0,0,4,0,0,0,29,18.51
7996,74ea0111696e2a01a478fd7e11cfad14d1bfc3b5,0,1,0,0,2,1,0,4,155,43.01
7997,b0af08bf9bebffdc20e14f28e216b55f298254a7,0,1,0,0,0,0,0,0,157,30.87
7998,064388b4781828bb22c3ef17424d133804edc9b8,0,1,0,0,0,1,0,0,32,12.45
7999,91edbf592a9ec51ea2cbc53feb366dd0d13a915b,1,1,0,0,31,8,0,0,76,60.32
8000,899982c02d455dd02ca493d5473a047358728fb5,0,1,0,0,1,1,0,2,156,1553.49
8001,2d911fdc2f07a9a947b164eaa321a8b52f4b7185,0,5,0,0,19,0,0,1,187,76.7
8002,72b36e1d9aa6b10508b6d87a02fbf7d4ead2d2a2,0,34,0,0,358,0,0,2,4971,1133.49
8003,86b35b26870be3a04304a4483c08fcf7c50d55f5,0,3,0,0,50,1,0,50,4408,705.65
8004,780670ede18ea2c4ff08ef703e2fde35536909e6,0,1,0,0,0,0,0,0,94,28.26
8005,a452487a9b82bfd33bc10683c3f8b8ae74d58883,0,1,0,0,0,0,0,0,143,27.44
8006,409e742ac3bdbff027b136a87339f4f5511da07d,0,1,0,0,0,0,0,0,143,32.55
8007,c372175da4a0be9950b8044b36b648c2254dfb09,0,1,0,0,30,0,0,0,377,66.18
8008,dd9880e0de13fc7dac1c570f90f00bc914d1fad5,0,0,0,0,0,0,0,0,0,86.27
8009,993e74b7471a7fe483eae59ab198bb2533c55031,0,0,0,0,0,0,0,0,0,12.17
8010,9e2732edbbc1e207392bb5e3493dcf1b42a2dbcf,0,1,0,0,6,0,0,0,1151,159.91
8011,3afe9fb7e6ebfa71187cbe131558a83fae61cecd,0,5,0,3,29,246,0,5,546,257.45
8012,fcd883b5dd7f3e2987646407f8f03c5513d93a9b,1,1,0,0,8,0,0,0,267,70.11
8013,7c1fad4992a169a35b4457e6f4afcb30d04406e9,1,5,0,0,96,1,0,29,1624,318.16
8014,e903ae5d5ec98e71c2c28e2cbd55309a17e34612,1,20,1,0,358,118,0,34,7443,1235.02
8015,bb657c2d2e824bd32f1df1fc8a8051bf875b2ff7,1,1,0,1,4,0,0,3,115,95.81
8016,a37c40faa518a66d2bc4c2a2f5def05e38203092,0,1,0,0,11,144,0,105,3812,525.57
8017,245bb44703c6561027b04b11dcc08ecf993babfb,0,36,0,0,20,75,0,0,4368,675.05
8018,83131b1ac40233f6f76c23b2a15e4fa07b4ee020,0,3,0,0,19,52,0,47,1520,326.74
8019,5c1b325b510976fe2955593d95690ba507c32e03,4,15,0,1,77,5,0,23,5955,1102.1
8020,dc767c06d27c57e02d8963515317d54e89ddc718,0,5,0,0,144,12,0,15,2004,1827.29
8021,3ac32494231ca70aa5e4997aede4497f224ce5ec,0,7,0,0,11,4,0,22,3420,484.09
8022,bdc168713dc505d82812de12dd5855f0a06c2124,0,6,0,0,12,0,0,0,235,72.9
8023,855f4bbb28a5d573afb9e489640617041c2d9c85,12,1,1,0,0,0,0,0,142,169.57
8024,c8067aaa64fbdf176523b7701a913a4d752f01ff,0,1,0,0,0,2,0,0,169,43.08
8025,f8b12805bbff18fc94e2ac6894f92276b1453350,0,1,0,0,0,0,0,0,105,37.98
8026,aab3a8a870b7bbe2d48e2909fd1dad4b20988e00,0,2,0,0,0,0,0,0,420,68.95
8027,08c4d70aaf0079fa1d0d74d5874f0f2639474138,0,4,0,1,85,14,0,62,3497,513.08
8028,b04b4b0fd127db81f8186ff55091fd033cf1b0c4,0,1,0,0,5,0,0,3,107,30.75
8029,0075093d21c3534b7e39da2f359b0815038bd378,0,2,0,0,1,27,0,3,219,55.45
8030,c3419be003baefabd26aeff26323049e1374ad88,0,3,0,0,15,3,0,6,9179,1203.04
8031,9af7bc6204fba6d44fbd9078dfa8d017f0ff993f,0,1,0,0,0,9,0,0,410,67.93
8032,dc3ada2614ebdb13a07efc26bd803758e272b548,1,3,0,0,30,4,0,41,2197,399.09
8033,c59ecfb9616e28bfec29b8de9f95ddbef98df7be,1,5,0,1,48,6,0,3,794,221.8
8034,dc1dedb073f390a5cb98bcd1b57358900d69867c,0,1,0,0,18,0,0,0,83,27.88
8035,76199a0a29bfcde5b282f779f9d3b2036147722c,0,2,0,0,3,1,0,11,515,79.23
8036,6d7bc0e98b25215e79f67f107fd0d3306dfcf352,0,10,0,0,57,71,0,16,5500,822.18
8037,3a0fcd56cf9ac0769eca74c23f0690740d1bbcfa,0,8,0,0,56,33,0,0,3588,800.63
8038,9da20a4116aea2a65b4579670718b0e94288e3ea,0,1,0,0,2,0,0,12,94,32.88
8039,1cf920db4395926c634ed0946a57dfa52227472f,0,3,0,0,8,28,0,61,2863,410.6
8040,1010992ee87f4cf9aec8fbdbcc4dcf1794846251,0,1,0,0,1,0,0,0,215,1484.39
8041,aa9e1d0511a9367448e921f014bc4f044ab471f0,1,8,0,1,44,1,0,31,2176,434.0
8042,cebb725a9f4ab8dd9d3f306d21d53d6f56161c51,0,2,0,0,10,4,0,3,1235,189.43
8043,ddd30a2241ce625e178571bb7fc8984846b5432b,0,2,0,0,63,14,0,79,2249,348.41
8044,69431c75c16d8d863932815f0460322153a25dbb,0,1,0,0,1,0,0,3,834,128.84
8045,cd161d976ef47b84e904f2d54bac65d2f3417c2a,0,1,0,0,17,0,0,0,487,82.57
8046,98909f4a9dfb342746c595b28989334d6d5e0507,0,1,0,0,0,1,0,2,1086,152.76
8047,8eaaa63114a64bcaeaf0ed9bdd88615ee22255c1,3,9,0,0,47,12,0,12,5916,864.78
8048,b8134fe5b6ce4a411c79d5bd63404906bf174c3d,0,1,0,0,3,0,0,3,594,107.71
8049,d7e08317d2f214e4cca7b67578aba0ed7a567d54,1,3,0,0,25,1,0,6,199,87.79
8050,22ac655704c75cefd28ad9449d2345fca381ca4c,1,2,0,0,14,0,0,20,1315,194.45
8051,d39ea25d444e64403fb397bfac82eccd1a83dfa1,0,2,0,0,2,0,0,0,309,62.54
8052,6bc7089f9e0793efc9bdd46a84f5ccd9bc4579ad,0,2,0,0,8,0,0,2,168,50.95
8053,3baafbed52413de48c55d86a7cc0275969902e35,2,2,0,2,26,23,0,16,234,205.66
8054,71be251ef27fc8ac5dd6193b736231df2fad5961,0,1,0,0,0,18,0,0,83,22.57
8055,f9d51b67e45f1f213c37b14bfe96e442bc71a995,1,2,0,0,6,18,0,10,232,105.76
8056,fdbaa4c3f0253700d12b6bd61cacf29ca7fbc19f,2,2,0,0,15,0,0,0,245,84.52
8057,4d7235ec547d512a41ff205d8be1253121c626ef,0,1,0,0,25,0,0,1,311,56.86
8058,4508f670b136ae36325016e8d51b784ab0ec490b,0,1,0,0,12,0,0,24,180,64.81
8059,e42741e0858a59961ae0900b5ef073e16ef6126c,6,3,2,0,145,532,0,4,263,457.85
8060,ce29e9ea5c048a57e877d53e9c3e6081ff91dd78,0,1,0,0,0,0,0,0,105,1456.91
8061,118b0746849c886fc64b0a53014f3186e2db4d9d,2,12,0,1,117,592,0,30,3735,781.8
8062,f122328758c62dfd9f5d16ff948c7293417daa73,0,1,0,0,74,216,0,32,274,93.53
8063,e8df847d4ed16b8432221d28bcfc00e1621df586,0,1,0,0,0,0,0,0,1749,222.2
8064,a1f28f3ca77d1cd9777d694e246b57d642dfcdb8,1,3,0,0,22,15,0,0,429,125.42
8065,bc7628a8c34994529011206ee889fb616525ec80,1,10,0,0,53,33,0,116,7658,1148.19
8066,e52039920112d2002832559b8c248582e8bade32,0,3,0,0,208,112,0,4,1728,331.78
8067,db9a5b7da76d0876c9515720a8a60acb299ab217,0,1,0,0,13,22,0,3,119,38.48
8068,9e9a1e0f0d58d6c276bf5ad4df96285e87854d54,1,10,0,0,106,83,0,62,4137,632.95
8069,fa5fa6ecdd071b72b58971058ff3ab9d28c3e709,0,1,0,0,7,5,0,12,426,85.67
8070,4a043126b1bc9ef92ddbe04732ec5ac769d15b0f,0,4,0,0,21,1,0,36,2019,290.08
8071,da63ebb2c034f3cce25b390377e9dd9f70d9acae,1,2,0,0,17,7,0,8,1091,210.57
8072,e73616856706c695cf3e2fac9b4d2a2c10666f75,0,0,0,0,0,0,0,0,0,103.61
8073,0d9982901acc3e8ebd5ada892eeef307d2e69eec,0,14,0,0,94,27,0,40,2805,538.46
8074,6781918ca8e8a845f7e84d190f7a137a19a3a941,13,2,3,0,5,0,0,8,52,305.17
8075,fa652cc610a3c8b6c4c53ddcbbdc55b209f7d6a3,1,3,0,0,10,0,0,0,579,106.81
8076,3b91ae5b2ab8b6ef404c9cf7ea2a8de00c4230bf,0,6,0,0,15,0,0,41,2430,394.52
8077,fc7a6a64c2b5c250fee3b9dadb2bed99904b4a74,19,1,2,0,9,0,0,0,3,377.44
8078,8cc56bd18c40ba9a7131336e97c74f8d97d8b2be,0,3,0,0,44,38,0,51,930,193.26
8079,821e4d7de2d576189f4288d1c2acf9e9a9471f5c,0,3,0,0,62,0,0,11,1390,205.17
8080,5efa5f6de4388fc79919d977b58a351debcc8555,1,2,0,0,8,0,0,3,450,1537.31
8081,132bea9a1c189f9ac6bb02c99902d5473a9a49bf,0,2,0,0,21,0,0,0,1077,167.83
8082,3a75505cf25e2558ab3d74e0a9aa68f971c9e1c1,1,0,0,0,0,0,0,0,0,15.54
8083,5fbb227deb365fe812d433fe39b85ac4b0ddee20,1,20,0,0,81,13,0,16,7452,1175.22
8084,21b98e107531a33c41c997340a8b1a95bd73d0d3,0,4,0,0,2,8,0,9,2116,304.72
8085,05d22ed960204183fbd9bd16f1dbca6410ccde76,0,1,0,0,4,0,0,6,66,29.07
8086,c0b994b0c6dcf7b8f6bf9b44491c0a312953c014,1,1,0,0,16,0,0,41,1692,244.03
8087,b723ce105174825a19b391e7d64ac2b32d0aad63,0,4,0,0,43,9,0,3,2514,390.67
8088,3b66b65b9f4b0d226b18019635b55147c62f8ef6,2,7,0,0,22,390,0,23,3428,579.78
8089,7adf590106826b9e4432cfeee06acdc0ccff8c6e,2,7,0,0,3,1,0,7,3449,634.02
8090,77ac352a9510ac3806cf234358b31b6ab6db5dae,0,2,0,0,28,3,0,9,1535,235.09
8091,7d7293049ac5268d40eb2de4d6564c6bc9d18a39,0,7,2,0,387,21,0,33,3431,569.68
8092,d0e7367c8d631fcfe95b6d8b3a49759b2b1c0538,0,1,0,0,1,6,0,0,1168,172.6
8093,931156f66b1decc19d89f8bb3ce9e5f355fb4fb2,0,1,0,0,0,0,0,0,1749,222.77
8094,807736fcf153d0d83eab50fd20d096d37c651ca9,0,1,0,0,2,1,0,22,737,107.15
8095,86f23128b0d66deb70790785e63d2f7e01d5ab8d,1,3,0,0,20,0,0,15,1283,256.89
8096,603bf4c55106de17e559f37d24df2b5dea6e64e4,0,1,0,0,3,0,0,6,383,55.99
8097,3b68e5393edba011146962c7457faffc1e3c0ee7,0,1,0,0,39,27,0,0,208,49.29
8098,6830a1c1a06021c7dae39532b18fcbeb141e1c4d,0,0,0,0,0,0,0,0,0,53.2
8099,b2fcf765ae9c2764b52151523863d9f2f1f835bb,0,6,0,0,52,25,0,0,1434,246.53
8100,23b7510ae22933f91d8c5b55b5bda4241cf86723,2,1,0,0,49,15,0,26,3654,1994.98
8101,3fe8649b2c9ba1271c25e8f476548907e4c7a90d,0,3,0,1,6,0,0,3,386,132.56
8102,614612a9d8b38ea1b8b960ee9ff55e90c09e45e1,0,4,0,0,16,22,0,27,1456,202.97
8103,66469733ec9bffb236c143b858e5748182ad71b3,0,3,0,0,4,0,0,0,1418,178.17
8104,cd943419b60ec84c69be091207a3e618697746f7,1,1,0,0,5,8,0,24,559,146.27
8105,5d32e80f9ecd74c0a89c81b57f02e1ad400c2a2f,0,2,0,0,10,0,0,0,1080,201.81
8106,0ab7c3a18906fcf33af38da29c211ac7fcb46492,0,1,0,0,12,1,0,1,84,40.66
8107,02f5f171f51b7ed801355c8acdcfc4ad47c23a3e,1,2,0,0,0,0,0,0,82,64.19
8108,385e39810f4114393c6dbd4cc3a7c3fdaafee7f7,0,1,0,0,27,39,0,1,207,57.19
8109,e5ba79816a21036654a62e2f51bd2fbcb6b34ca0,1,1,0,0,3,2,0,0,232,65.13
8110,7cdb52519236966a7cb6dff7fbd0609c87545f75,0,2,0,0,11,0,0,0,428,74.9
8111,116eee6747e55c97efa5e04ff22b99c73e421f1e,0,5,0,0,51,2,0,0,1934,363.61
8112,12786f80c14c6f2c3c111a55bbf431fb2e81e828,0,9,0,0,151,87,0,50,3391,604.09
8113,f17382792fc9d9eb7aeedbaa7faa48ce6dbd42d4,0,7,0,0,1,1,0,12,3102,456.23
8114,6bdaedd7ce806d3ec3d5a9a4540b544594898374,1,4,0,0,15,18,0,71,3801,522.02
8115,d5e4faacc354c1bc4d93efa71ca97ee3a056123e,2,13,0,0,41,35,0,20,3401,544.27
8116,2ae3b4883b9e404d1a525f078364123899c53954,0,2,0,0,133,62,0,0,92,189.74
8117,6786aca666592dadc9d5c4de6d473025de72cdca,0,1,0,0,13,0,0,1,462,79.6
8118,62fe3659349800b0fcbfcafd140ae6a3f57c5804,4,3,1,0,34,88,0,28,2704,539.72
8119,e7f6c2972dba2bc1eff8a5ae39893603508336ea,0,5,0,0,94,21,0,25,1783,274.52
8120,c8574ba3c52274ed5a93e46f7af30dd8b46fb878,2,6,1,0,79,51,0,17,368,1675.38
8121,01603278a39e0659a4de3947ac7c5798dfebd198,0,2,0,0,42,11,0,19,219,84.74
8122,7395ffac447bdb159b5c9a2bc65f95af0eea11fe,0,3,0,0,25,0,0,6,647,121.43
8123,a31458bdee4353d99682cb4e108e265ec45f8944,0,1,0,0,0,0,0,0,66,69.95
8124,6d46b8d256bcd63349ea83e4a588b879a122854a,1,1,0,0,1,0,0,2,101,69.24
8125,fe2265fa4a1e828b2e68ff8e42639c5942dccb1b,0,2,0,0,108,7,0,42,785,166.74
8126,362b5dd25980af11ed6dde9c046bb10893a20a56,0,7,0,0,78,128,0,8,2975,482.57
8127,55fa8f4b3359e00009e8739ecb974e475c2f1ecc,1,6,0,0,28,98,0,53,3134,546.39
8128,a8b642067d208fa2a55f72e607f3639137c07985,0,2,0,0,0,0,0,0,419,91.46
8129,64c4861272aa03f714b4029ae7725f4286b77062,0,2,0,1,3,3,0,4,497,183.73
8130,050caf425e2957e6aea93c5d7460480a78c5f75f,0,2,0,0,50,8,0,21,3786,637.58
8131,130057f13774f6b213cdb06952c805a29d59396e,3,21,1,0,245,200,0,120,5804,1276.83
8132,9e42a9e3103944f3ab338d8e79f05faefc0ac093,1,3,0,0,6,1,0,0,114,76.12
8133,43a10df70fcf36999ce28e1ba0ac06e0d62ccaf1,0,4,0,0,6,0,0,10,3536,894.11
8134,825e14b68eefb232482dbc2a416c9844f03d01c4,0,1,0,1,13,0,0,41,95,85.22
8135,f555258e7abab1337ee4d39aaa1dafff72be287b,1,6,0,0,16,0,0,37,1358,269.1
8136,b329e6e3f271bc22ec4a6f4dd71a8e8b422db3d0,1,3,0,0,4,2,0,46,1890,329.09
8137,405bf5e6383a09f435baadbac6c389e9f6c43ac6,1,3,0,0,3,0,0,6,1030,193.09
8138,b8271c06d50f985245ce3214a88d5ddacffadd30,0,2,0,0,0,3,0,2,225,46.47
8139,83dc38a1dffed76ea4d36f18409dd5bc86a3e19e,0,2,0,0,3,0,0,3,225,48.51
8140,6d0dc960e6a937b0c1ad1a1dfc0597382aa11221,1,6,0,0,55,50,0,10,926,1935.96
8141,1acbd36c903b048141866b143507bfce124a5c5f,1,44,1,1,98,312,0,104,16593,2853.94
8142,27c0bf5c6373e805db8552b9aae46a887f5cc0a9,0,3,0,0,0,88,0,9,216,72.03
8143,a0e3cb6c0cddcb27ac82d01b21aeb0f547c6f13c,1,11,0,2,83,391,0,36,3581,734.2
8144,d6e1d18be901bd969be976ad8d20359e876e6cd0,0,2,0,0,18,15,0,3,1836,256.62
8145,6f15cecaed2f1f76bfe1880b7c578ed369daa5d5,0,1,0,0,2,0,0,2,40,21.33
8146,766aa1bfccb48b4d228dd86c100fb48e9c9d61fa,1,3,0,0,10,50,0,0,271,125.63
8147,1971d02e725341fdee79b7ee2308a9870debe2f6,1,53,1,1,164,356,0,313,21127,3973.61
8148,fdddc47e77d57ce1a95d9c194655f0a86d589124,0,1,0,0,7,0,0,14,1015,150.13
8149,8a68f0d65636bb35e768d9e80e8d3d48d00b58c9,0,1,0,0,0,2,0,3,902,124.77
8150,3ad2a89fdfb1e330e8e743ddb46f61e346cf15ba,0,2,0,0,17,17,0,7,1983,310.5
8151,30c131b5f7eff84d895f78ad91f23bf1fe1065af,2,27,0,3,264,122,0,219,7733,1656.98
8152,d525ec6a1214f97bda560095f9775ca96d82f030,0,1,0,0,6,0,0,0,265,55.9
8153,2446f0026bd0601c3813d45e4897274ce5729a5b,0,6,0,1,71,4,0,40,4301,790.25
8154,dec49135a36c5dfb4154eb0cc98a2a44e143bb30,0,1,0,0,2,1,0,0,270,87.79
8155,8bf966c8e936dec4d83bcbe85c5aab543f14a0df,1,34,0,0,127,321,0,106,11679,1900.83
8156,dfb9ae8e0e69ad84962b8768190f6891827767fa,0,1,0,0,0,0,0,0,444,78.0
8157,5d872d34225157bfbc18a6600c958c93d96636fd,1,6,0,1,79,175,0,8,2522,462.23
8158,170df27b8858c93ea22a38f28f653c347cb8ce7f,0,6,0,0,95,2,0,83,1215,305.75
8159,e0e0694fa18372e6551420687bcf28ffe0bbc1f8,1,2,0,0,19,0,0,2,314,105.98
8160,79d90c87b5bc6d4aa50e6edc52a3f20da708ee29,1,7,0,0,113,36,0,87,5683,2626.59
8161,482b505796e1dfe33551c1d20af2ff9d1d6a38dc,0,20,0,0,383,96,0,108,5723,1099.3
8162,b09b87d143730db00ec56114a752d3a74f8982c4,0,7,0,0,153,67,0,17,266,288.97
8163,7593e86c5fa161ce39007183dab4cb077a37e43c,0,6,0,0,125,69,0,64,1900,479.53
8164,4640ff5959af4865966126a503a7cd15e26a7408,0,1,0,0,7,0,0,20,415,63.72
8165,ac0b3bb5477612cb8844c4ef10fa2be0f1d1a025,4,1,0,0,0,0,0,0,113,83.61
8166,cb1966dc2d94fba10d9b6af3c5719e03f621df92,0,1,0,0,4,0,0,0,463,77.28
8167,1b08ba7385d0dd914a6fb9722b786e4ece116b28,0,2,0,1,49,6,0,2,167,83.18
8168,c448604ceb987d113913f0583452b2abce04db0d,0,9,0,0,112,9,0,16,3077,566.65
8169,bc0fb66e224c639f5a0b0d5ed940446a667cab7f,0,1,0,0,19,58,0,50,1692,245.44
8170,8991877bb250ee1fe66c2b9a491645973927d674,0,1,0,0,0,0,0,3,790,110.93
8171,b2bf22e209d2e87121986b35c5749b2b8ae45fa2,0,2,0,0,18,0,0,11,243,51.62
8172,97fd647de20e6c8df0cd6df248ec1365abc37378,0,2,0,0,20,3,0,9,112,41.52
8173,4281cb3b9574333fab0e7c028c9c0d7e5b320c73,0,2,0,0,0,5,0,8,3863,526.08
8174,c2d5991b82e3b807cb11f5735ef5068b73720725,0,4,0,0,102,13,0,18,4083,615.16
8175,f5ea00f72442e5c80f2a5fc6e99506127fa8d16b,0,5,0,0,94,53,0,11,6224,949.32
8176,b620334c20e84a4876226b508213ce11b8b187a0,0,42,0,8,14708,0,0,60,65146,12626.67
8177,ec948f5d90fdaf51da7a7a0f7d9013a0c366492e,1,1,0,0,4,0,0,9,262,73.62
8178,04f737d9bd5e57c0272802f7676787a9122585b4,0,5,0,0,16,3,0,6,390,182.43
8179,db66e6cc9e1c6ea027631388aba688cb623b7d0a,4,18,0,0,255,203,0,36,1534,727.62
8180,e4b6b4afb933a961f543537875f87a2dc62d3757,6,11,1,0,554,377,0,9,2314,2765.13
8181,77db1fae090bc20de62d8a86e9816c69dfb97b7a,3,19,0,0,242,135,0,13,9720,1865.16
8182,281d6429e55149cc4c05430dcc1d1dc136d8b245,6,16,0,0,70,0,0,100,5236,1052.63
8183,d957f0fa1926c13355c8cca01bbfd7133866e05d,0,2,0,0,0,0,0,0,171,31.59
8184,e9dae2adc381550eb3e2b65be246309b309e7f06,0,1,0,0,4,7,0,5,55,32.74
8185,4f0514e39aeed5aa12c0399faedbed7298a975c7,0,2,0,0,20,2,0,10,342,87.98
8186,a5a61163f1931c452f952745d494b5a4a81ba99d,0,1,0,0,1,0,0,0,44,19.44
8187,5c902b48e57609975ab5f5d09076276586b59581,0,1,0,0,4,0,0,8,1740,430.74
8188,f053003ce7e8d9c86b2ff762b646d69e5e04cfe2,5,42,0,0,760,11,0,68,80818,11340.75
8189,620d70d6186fb800299bcc62ad7179fccfd1be41,0,2,0,0,69,14,0,7,260,83.7
8190,7bebdff6a254b1ee8d58ef2a1d5a8200f69446de,0,5,0,0,18,0,0,0,1181,203.96
8191,a1903ea8ab70dd0580b720f1a004a3be4fcdf9ab,0,3,2,0,18,274,0,22,548,201.84
8192,52bc6db0502cd1e37a55fa97fe5ab32232b787cc,0,4,0,0,9,0,0,0,841,151.79
8193,a5bcf7d6c715987697dc8b77677e9650cca7981b,0,3,0,0,6,28,0,7,531,171.25
8194,fbf79373e649d7cf3926b873e426fe0121f078c6,2,14,0,0,50,121,0,8,1444,478.83
8195,d005d6f30aa91f58e1d0f974d8e23d2813a9aff4,5,8,3,0,217,296,0,34,906,552.75
8196,c5691a9f602a04ae2e010a90c8ab61aeb764405e,0,2,0,0,15,2,0,0,374,197.29
8197,7795af00571a2ecee29b983a03d94c63dbc65fb0,0,11,0,0,9,51,0,74,1900,541.27
8198,44dc872b7b44b8a5c26e30b8c67d2b62e9628110,0,4,0,0,29,5,0,4,297,106.97
8199,88adfa327845e8703aec96a87b4210b7216cd8eb,0,1,0,0,8,4,0,11,524,94.93
8200,51c58e083ca89a33de79c8531a16f7072c488d6d,0,6,0,0,0,29,0,9,651,1947.66
8201,6363efcf8f9ca92bfe9c52a707cffa18b1d7d3c5,0,1,0,0,0,2,0,4,334,64.93
8202,594341d6fede3f04cc8c52a2002fa71711f7e768,1,12,1,0,25,46,0,0,2667,629.6
8203,3e92cd5771d20ee3bd60049ddb6d14c7fff3a647,0,1,0,0,3,5,0,15,183,43.48
8204,882bd564f4d20c0682872af6c0e12d04af3f7e22,1,3,0,0,23,0,0,0,25,54.05
8205,b0131e19f4b9ced05f501c61596191cb8a86b660,0,2,0,0,15,18,0,9,238,59.59
8206,281558a3ab1678d3027069b4a7bc09eae9b77051,0,22,0,0,287,15,0,51,6996,1132.59
8207,35df6147eef0baf25e127df358f6e50bbf967e2c,0,22,0,0,54,1,0,37,7454,1086.67
8208,250431144f43239da274d314c60b6f6fdc55e894,0,3,0,0,0,0,0,0,848,105.65
8209,35ed5d6c39b21d637bbe78b4d276629acd7ea23a,0,19,0,0,131,36,0,28,11008,1552.18
8210,dfad304ddb4c5e42ddb5b924ac6b9c6cb568439c,1,3,0,0,36,26,0,0,598,324.9
8211,fa3946fbeaaffd6acfbd8530e22f85e0bf3321eb,0,1,0,0,22,0,0,7,433,74.59
8212,d4085d11bc2ff1c0b329f603052e94d35a7e2ad0,0,0,0,0,0,0,0,0,0,105.13
8213,b5619a2a26a41c423d6c7af1f1feaa990b63c58c,1,15,0,0,47,0,0,2,898,241.58
8214,416b70f461694bf981d508b49368cc66881c2ef3,1,7,0,0,115,144,0,8,169,199.79
8215,54093b0d1f30a3b6f1b103e365668710b0422310,1,16,0,0,94,60,0,22,7888,1138.44
8216,d187af00caace4c86ec52ee79effff86f631fc94,1,2,0,0,6,0,0,7,450,117.74
8217,4f3b95b318996aae4f25c78fb1fcc20b8fd80b24,0,9,0,1,62,3,0,31,3298,551.96
8218,91dffb043a2d854d22f78d4be7847e6fb10e931c,2,6,0,0,3,6,0,0,306,95.44
8219,b322d0a3e552dc228893408161fd3fb20f6b8bf1,0,2,0,0,69,12,0,30,603,160.52
8220,e92b62be547261e197c945bbb6d62be616e32e67,0,2,0,0,20,0,0,6,1652,1859.26
8221,1995f61d7fe5f44a679674a887055906652ed3b7,2,3,0,0,10,11,0,8,876,215.02
8222,274e4ccea8f2b0f1f9ff33afe636a45f186a568e,0,2,0,0,26,18,0,2,2616,337.06
8223,7dc69b61287d66641f0ae3d251b1d106d2a00ccf,0,1,4,1,0,26,0,0,46,90.54
8224,f99725234464612d14eaa3b4d043d4291026c622,0,17,0,0,171,52,0,70,9579,1588.32
8225,abaeeace004caa73a585ba1120e21d162f4556fb,0,4,0,0,16,35,0,14,306,93.08
8226,81ebe6d40d485a3aee4451acc340cf6db62609b7,0,10,0,1,30,18,0,42,6829,1020.74
8227,593745e8ac5fc372afcd8fb33d657f4bb42edcbf,1,6,0,0,43,0,0,11,1669,334.02
8228,c90e9ff5efe26427cb489e455a29f05e7efd0e1b,0,4,0,0,14,2,0,13,1437,232.48
8229,4b185664aa56255bcb694e12a1599a7c022c801d,0,1,0,0,0,0,0,0,379,60.5
8230,2776bc0151051c8d20d9b1c2ac6142ade6a31b62,0,1,0,0,18,0,0,0,148,34.17
8231,729072e8ef988d657c468129b70abd63f8f49867,0,1,0,0,3,6,0,0,302,94.12
8232,72d9f8747fd1b27470365384883a98aba420989b,1,36,1,1,389,720,0,266,11213,2072.34
8233,2182bfb94203bf78335a07e64ce72be50cb48bbb,7,31,7,0,639,371,0,87,9403,2198.89
8234,89c02dc0cc5997df17ff240ecec23f801a81e09d,1,1,1,0,1,0,0,1,45,90.95
8235,2b1b79f08bf4b8fab84d7e7eb7b46580de60169c,0,24,0,0,34,21,0,6,2399,660.09
8236,f26e1bb588cd24d30580bf2080bdd2f704b83b6c,0,1,0,0,1,0,0,0,3869,487.48
8237,af923225d0a874ecf3c7deddbc0d7bc82184e1d1,0,2,0,0,16,44,0,51,274,85.3
8238,6b60c426900bd71b3f4582f3485d1dc6fa724133,2,0,0,0,0,0,0,0,0,60.17
8239,a155d17fa6b0afab2c21d404af7ea92f195dcef0,0,1,0,1,0,0,0,3,23,34.75
8240,6f16836c20802ff50ed3b0ab4bc4f1bfa791465e,0,3,0,0,30,1,0,9,847,1578.37
8241,f1e5999ad2c3ff9f3fec0b90b9a75de405a520b3,0,5,0,0,13,0,0,0,534,274.47
8242,c48438fcb0ada2ecb07bd8e905650422e38b8edb,1,2,0,0,0,0,0,0,972,150.01
8243,78d3d5628a6c69b1ea22a2c234c8eb558da5d45b,0,3,4,1,27,31,0,104,2320,524.52
8244,b7793d7d1d4d283c710cbec693c227a9281b36fc,0,77,1,1,361,1025,0,259,22556,3563.1
8245,3d4e1d57e57edd9c23e83048e5d376bff2270859,0,64,0,7,111,108,0,54,12943,2429.31
8246,4273e42ce56dd49437ffe25aede4a4f826ee53c9,0,1,0,0,0,0,0,0,183,33.87
8247,cd6042e020cef06ca38208a6a4ff9e70c79aa3d5,1,3,0,0,32,63,0,49,1770,275.81
8248,e06beb0d7276bb58daf9f061ef3a2013468c8f67,0,3,0,0,8,0,0,3,331,90.73
8249,b73cffb10a192edd6e993f328bef34d8fdca0a80,0,4,0,1,82,22,0,10,561,185.5
8250,dedab71381e14d96da61485f859e0792d8ebc3f9,0,9,0,0,78,50,0,13,1518,345.95
8251,d0e4912f678abd2efe497ff8a52eae115cc74d8a,0,64,0,0,4,0,0,2,13054,2038.9
8252,532ebfb7a55db887241c82df48f53363f9b587a5,3,27,3,0,204,130,0,218,4583,1059.59
8253,35b818606ffb4e67cf9acf3b55af4ea9e3ce8c32,0,30,0,0,330,128,0,101,7918,1434.18
8254,d00a1da976f86b564bb19ce4ced05cba34772134,0,3,0,0,73,49,0,11,860,168.51
8255,61764719570c0e86083c7b6bafe2f99a029f720e,2,10,0,0,58,0,0,2,1285,489.52
8256,e218874e9b5f1b4017b1eabac732899f33c019a9,0,1,0,0,1,0,0,4,1711,224.04
8257,e257f4698c6f2c6f6bbaa433430fcb1736dee11f,1,2,0,0,0,0,0,0,329,112.36
8258,a551149ca7af79c7a3958f5f450310ca6b3d7aae,0,3,0,0,3,0,0,6,408,86.63
8259,9a55cbb2c1dfe5a13a6ceb323ac7edd23532f4b5,1,20,0,1,273,24,0,48,10202,1783.81
8260,dfb95cfd833233671543a20189c8dd8ed0a0b7e8,0,6,0,0,28,23,0,29,2310,1799.79
8261,449ed0834b220bcc4047135af23a6c0677248991,0,2,0,0,0,5,0,0,350,63.48
8262,a47c1ddcd27483e47732fdbe1a34ee21c29dcab7,0,1,0,0,13,0,0,1,119,76.54
8263,18f07455ea9be4166dabb9b590f5a037374830b6,1,7,0,0,151,95,0,20,466,249.8
8264,0fc5173eefa73b49e53122f9c12cc9ee1cd022d1,0,62,1,1,2678,872,0,1505,82453,12519.6
8265,aa7d3ce39fa7f477f025343b6d9cca139c462292,0,4,0,0,24,4,0,2,832,202.47
8266,92e0d2c246fb508af32416f06b7976213a16f685,1,1,0,0,1,2,0,1,218,71.72
8267,9370347efea5b09e2fa8f4e5d82fa32491e1181b,2,5,0,0,114,103,0,8,1222,509.28
8268,8408e26d26e88462dc2f6f61efb6e5ecaa98063d,0,2,0,0,8,20,0,0,1390,197.37
8269,929a8aa5e83ee3fef8c53d32ec7e7047866b7792,0,9,0,0,115,1,0,2,864,212.82
8270,c4f5d3c50810c9c5352ad35fbab6de14f7d21eae,4,0,2,0,0,0,0,0,0,117.8
8271,d725d33c4c4c42bce8f5c7ff36d3309cafe760f0,0,1,0,0,0,0,0,2,426,64.81
8272,fd152c265e4441053f449c0927cf7635e8d82755,0,1,0,0,6,0,0,11,63,32.21
8273,f748e489c5d28e5aaf7a0d30f200c6b67db6b57f,0,8,0,0,121,17,0,17,2245,436.46
8274,c19bc5911b31552eb5f84628e78675cf1907959d,2,7,0,0,22,228,0,10,498,238.1
8275,cbdbe6572b7813e756bca6dcf0a4b7ec3238233a,1,0,0,0,0,0,0,0,0,53.85
8276,841a45afb7d0fc90a7cebc5632ded38dcce667a7,1,11,0,0,39,6,0,0,5562,1068.99
8277,1e12e884925f09abbc8c1231c7e000e875e961c6,1,1,0,0,0,0,0,0,46,40.23
8278,177d43d8db8ee90273db1d7c317725f0792a4cd0,0,3,0,0,88,0,0,35,833,200.68
8279,5c2b0854a54c614905b8540216a8a84dbe1d1574,0,1,0,0,2,0,0,4,426,73.6
8280,70558174f0bd2b7b7b9c4ff11c33c724ac2162cd,0,1,0,0,0,0,0,0,240,1497.95
8281,4a78deb616dbf19f376681508cc359546124e06a,0,1,0,0,0,0,0,0,190,37.26
8282,63d0e6ed4ab81f114fd6c4575412d4eaa9312ef6,0,1,0,0,0,0,0,0,56,34.02
8283,763202d48eaf8163f26840ea206a63b125aa3770,4,1,2,0,21,44,0,13,757,244.2
8284,fd6bc5d900717471e26828a5ea659059f99cdcae,4,1,0,0,0,0,0,0,778,167.97
8285,18d02ffd5df01433d9e15c7a84fb225adf2a22e0,0,1,0,0,1,1,0,0,1711,213.12
8286,908dea8e416f383b40e4fb21d6867fd43e8a47ac,0,3,0,0,68,0,0,10,3838,501.01
8287,6b87a4ce98d18a7f1237d39918c69651fd568e55,6,83,5,7,623,756,0,303,23282,4610.75
8288,8d3e7517e6b6fb19ebc88d5e4e078fdfab43d84d,0,1,0,0,1,0,0,0,46,22.28
8289,6e3987cf025421420945b8445c16b32371ff51ad,2,3,0,1,15,105,0,0,486,332.62
8290,d9793c311c914c1a88b101edad5bbaa482eba62a,2,1,4,0,0,2,0,0,776,153.95
8291,637764ab7b76353144be704a31b7c03356c7f647,0,1,0,0,0,1,0,2,427,105.42
8292,e4fe0b6feb6716d554df145dec2e668b461619b6,2,2,0,0,15,36,0,12,828,237.89
8293,10ca598004ae7db38945145b232a1c809e4ef6b1,0,5,0,0,151,39,0,0,1028,353.47
8294,3ff2847457423920fd20f0bc3946e5b14e21dabf,0,2,0,0,5,2,0,4,1239,210.58
8295,36f0929efc0ddb5f56138428d289f7a639ed7ae7,0,4,0,0,76,3,0,22,319,105.35
8296,a54f0bfb8f9a0b7d6ec4e4585cd30b9e674bfde8,0,1,0,0,6,0,0,7,346,105.51
8297,d4c37778ee35f6e7c4129e2f6e33630154fc61ad,0,2,0,0,49,61,0,25,672,154.38
8298,3f1498ddb4236db021185ef69ae735bdabaaca2c,0,1,0,0,0,6,0,0,541,78.08
8299,f1ebbb928babab4225028559d4c16306e259f3fb,0,2,0,0,9,0,0,0,492,221.07
8300,b4b4854371e837ca52325612fd7402cf3075cc40,0,1,0,0,0,0,0,0,263,1461.72
8301,c144c814b0ddd82a194f56f7836bd1dc8d06c353,0,3,1,0,23,14,0,4,395,106.51
8302,cc55835d039855e2ad543d12ec3198c588eba8b4,0,6,0,0,34,118,0,52,3712,806.56
8303,d857c9160e8a891d2d336d96f57e824b2748f08b,0,1,0,0,5,0,0,2,147,33.55
8304,86dd92cccbe6b8ceada0a4d2484fbe01ef42f3cb,0,23,0,0,99,254,0,40,9049,1557.11
8305,c52dd9efa0607f922be5147f029fb0da4fa3f07b,0,1,0,0,11,0,0,0,374,63.45
8306,556b98101c746b5824de271ab8a4bc09b80ba3b0,0,1,0,0,0,0,0,0,137,42.16
8307,cbd9c9b2e19d10334214a0b2037e8fd196bbed14,0,3,0,0,15,0,0,2,675,238.11
8308,659bc9ddfd92496eacfb9d97bd59901bd43a6449,0,1,0,0,2,0,0,0,205,40.14
8309,bb75773ba2d5ea7d362e75282d74075c6416f1d7,0,1,0,0,0,0,0,0,3725,520.27
8310,f8524b8f8e7fcb27f81fd03880a09dd3ba11d348,0,3,0,0,163,0,0,18,645,158.98
8311,7e3ca7063cc1a4b431e0b07e8db91537252db3c3,0,7,0,0,169,0,0,1,2888,473.04
8312,44f8abd5c65c59e9d09f6ad14b3c825f145d8e4f,0,1,1,0,1,0,0,2,23,23.17
8313,21cb00eef6e56f5227b34b673982c74b80df371d,0,7,0,0,0,14,0,10,3378,492.25
8314,386703811d5595e491ffad80405bef32cbc5e7ca,0,7,0,0,0,176,0,0,2881,412.88
8315,7b3ff562027d6987ba814d8042896d75061f3a26,2,18,0,0,110,96,0,44,11462,2110.84
8316,5f6143ebde701cb4dbb99d774aa671438b449348,1,20,0,0,205,344,0,49,7067,1263.39
8317,caa9650a703d7585c66a1b3e3b8501a61370f74f,0,2,0,0,12,3,0,1,310,209.94
8318,56dd309b21f1df295cc39fa93f7b50efad7fe1a7,0,4,0,0,0,14,0,0,924,278.52
8319,51dda380a6dd0fce0edddb5856bcdb107821cdf9,0,1,0,0,4,0,0,0,264,179.02
8320,32250e55ba7deff5a1b50f9b861a5077c6677956,6,4,0,0,129,53,0,6,268,1982.86
8321,d32f924ef4a6ffe10bddef5b3daf69bc0f85405c,0,19,0,0,246,115,0,29,11521,1837.44
8322,541f223de4a9b3d9c861c1ba11c368fdf666492a,0,1,0,0,2,0,0,0,50,39.17
8323,1c4e705592d2035111d1535f104686181dc5249e,1,4,0,0,26,100,0,5,412,122.69
8324,a3faad76e1780abc1d1bd53222f23b0024ca559b,0,3,0,0,14,0,0,15,318,79.99
8325,d1eb6171f9bfdd6adf2a4805ab0b7fcccf452d26,0,15,0,0,231,23,0,42,5032,881.22
8326,7dedb5625a9215acddb56bc98f9436f3f94e97a7,1,6,1,0,8,3,0,13,1587,381.98
8327,387a5da46210b109321b2606bbd155c43bb59394,0,1,0,0,2,0,0,1,1827,327.52
8328,04937baf7b7f072c0f3c2544ef9183416b8dd00b,1,0,0,0,0,0,0,0,0,160.65
8329,3e8152837e6803061117b42e2484202efc45ee8f,0,2,0,0,0,0,0,0,29,116.19
8330,773c0d66354ade824af9dfa2f2782929a3b3542a,0,11,0,3,228,144,0,34,571,350.56
8331,b2587c874bdf2a95e4bacccf2aecc91859120590,0,1,0,0,0,0,0,0,56,18.86
8332,a871d3139a9275950bc7a8bc1c48330843c94325,0,1,0,0,4,1,0,7,144,42.17
8333,20f72f5e252233361ee474e58b4a8fef69926b8b,0,2,0,0,6,0,0,4,548,93.46
8334,bc58adac5b46778164d6d35fbcb5747d9f42b37b,0,6,0,0,184,6,0,56,2024,401.71
8335,bd2f04dd5407400fff08ca62e1ea1082c5f79fa3,0,7,0,0,175,0,0,1,2924,538.7
8336,74112e53c97933b7e8a93844b186147d461bff21,0,1,0,1,1,0,0,5,37,66.75
8337,942f8c45cd1a1e0a8956fc10b811dd2add510645,0,1,0,0,5,6,0,6,238,92.38
8338,cfd74a68ad98ae65320d27571e4dc7c5add5cee6,0,1,0,0,0,0,0,0,243,90.41
8339,48aca4db30a50f159298871ce1698051c0040ccf,3,27,1,1,68,251,0,26,5212,1035.17
8340,94d9dc1e84f57c722de60398f0fd7fc7f83726a0,1,28,1,2,7,0,0,19,8053,2882.65
8341,12bcb879da45c8ed2ff7011409914f4d12bca6af,0,6,0,1,37,6,0,14,1327,286.83
8342,a74e1ecad981d9a8f90d758b3f76eddb2c87cb5f,8,0,1,0,0,0,0,0,0,169.72
8343,f227eb7aac3310ddcd598dcf134e4943a0b99c09,0,1,0,0,3,0,0,0,211,46.64
8344,fe7cf10272a74992e4186b1763c5194ecabc7c62,0,4,0,0,203,0,0,9,771,202.25
8345,d64d015f5138b5496f20875cfc108f64b904ce55,2,50,0,4,172,120,0,174,11401,2482.66
8346,37e93c311a73cd091c8d90de9a63b40403981f2e,0,1,0,0,0,0,0,0,31,16.02
8347,9c13dde84b494164995ec3f1cd1d308cb78cb5a2,0,0,1,0,0,0,0,0,0,12.64
8348,e4e561b37fe5ff623bcf53ad096b30610f36dab2,0,1,0,0,6,5,0,4,238,90.67
8349,f30d6c958a17cfa90081e363e96a87e5b51f8a6e,0,88,0,4,314,166,0,26,6857,1662.81
8350,1f0e43a27a2b5dc0dd4b6edce608a398d33b1807,0,23,0,0,258,157,0,17,7656,1300.57
8351,01c26c5311d462a0d78fbf88dfd79dbcceeb3a21,0,6,0,0,1,0,0,0,500,100.43
8352,4bc2edadeb9a5270378fb7e5778f453a947c2bd4,0,1,0,0,0,0,0,0,87,28.67
8353,d1487fcfad2d4d7607d244cdfd877195242522e4,2,3,1,0,11,0,0,1,169,114.68
8354,a50154dd0af488d1a953118af5e5035c6d2b4707,0,1,0,0,13,17,0,3,79,36.05
8355,cb84b2788aeed6aad2bc4b1acb98290e060861e2,0,1,0,0,0,0,0,0,180,35.62
8356,c3e1d5eccd77c285897e779c8a623f9363609a4c,0,1,0,0,0,0,0,0,38,17.82
8357,7d1399caa77ebcfddb0f8fdf225b114015781a6c,0,1,0,0,0,3,0,0,14,14.04
8358,88de644736f02bae5f2be43ca08af25bb3cdc884,0,1,0,0,0,3,0,0,344,51.74
8359,bd109506f356db49e67e897cafa193dceb5b04ab,1,2,0,0,50,7,0,5,184,94.5
8360,d5a64339374aabc43b4a49fc3ff3c2c02d867bde,0,3,0,0,0,15,0,0,298,1533.73
8361,409523b110d3b2e871d8406b62014dec4ce56b77,0,1,1,0,0,0,0,0,49,19.79
8362,375ac55d777b7fc68d44401691dbefe05a3ab488,0,1,0,0,0,0,0,0,238,38.81
8363,ca92378e4245937761ab31bbe823841ae4b52629,2,10,0,0,55,12,0,17,2811,530.28
8364,3dfa98ffc1f624f04936c04540cdb447b994df53,0,1,0,0,0,18,0,2,79,28.67
8365,f4aaf735e4dca168955a56cb02339a88f56915d7,0,1,0,0,0,3,0,0,107,20.93
8366,09f484b1a07a8668d4ca820ebc0f66773eeb862e,0,1,0,0,3,3,0,0,7,28.92
8367,a3d2a2df3a0837f39d586f5f2018fd630883fa10,0,10,0,0,61,94,0,18,2259,411.06
8368,f62028593f3facf5244195806c97f048c72845e7,0,33,0,0,198,187,0,17,3836,732.28
8369,268bcce76f861ced708ebb683e236c1e73b3c1ad,1,17,0,0,34,89,0,53,9685,1605.32
8370,d3bf9c0a772a912d5e655c8081017f02c717178e,0,4,0,0,0,0,0,0,1783,243.57
8371,5b01e613fbbb92e243e99a1d199b4ffbb21ed2d9,0,36,0,0,1,76,0,2,6091,837.2
8372,226c90c058e15b7a896222bd00b8a246dec73c60,0,0,1,0,0,0,0,0,0,9.21
8373,0645d5a0337c649c17860a733476e81e1186a328,2,8,0,0,82,134,0,8,2528,538.48
8374,eb912bb1dab793248f47d6ed8ee6f8abb467d10b,1,4,0,0,51,1,0,6,538,156.81
8375,c3c48f30f7450c3a04950805bba7fb1536db7c9d,0,9,0,0,64,0,0,2,2335,430.6
8376,38ff46f88fc7bc2746b03cf31bef2b1897489021,0,0,0,0,0,0,0,0,0,131.0
8377,77cef7490bf7516f6e5262d2bbcbf64e978edf04,0,13,0,0,26,55,0,7,4374,663.79
8378,8af2dd3da2bacbd93965edb9de9d5ba3a8bf9ca4,0,1,0,0,3,0,0,2,3725,464.18
8379,d77e90c00673ad85dd80a7675e79d89647f6fe85,0,0,0,0,0,0,0,0,0,190.07
8380,c8391809fcb2a37b60dc2b68a26a51be6bb5a6d5,0,2,0,0,0,25,0,23,751,1546.36
8381,7617b71f00510ac5593cb1924d7453a2844aa590,1,5,0,0,0,20,0,9,3682,466.78
8382,ab3d6cf811ea1c40e570551281e91571a038f2d1,0,1,0,0,2,0,0,11,127,34.24
8383,5bc7eda1c15aa405feec0b74596895014b3363f2,0,1,0,0,5,3,0,2,212,45.09
8384,d5bd8417d5f8ec69833ccc33f29594dc567b9fb5,0,1,0,0,1,0,0,1,180,48.61
8385,184568caddb1ece90645453a5e4e232120971901,0,1,0,0,0,0,0,0,3,38.57
8386,ec363726490236dbbb9d7a999d407aba9ec134e8,0,1,0,0,0,0,0,0,28,11.13
8387,6855d5837955c31f4774d42694d64a6d921bc1f5,1,1,0,0,6,8,0,9,242,85.18
8388,a8f8a4a1c9f400df893923d611078aac92aed295,0,11,0,0,40,33,0,21,2687,470.95
8389,a185be8a13437bc4caef8c88df4f803e68ab803f,0,1,0,0,6,0,0,1,130,37.93
8390,0db0491a9e4436ad3a68e7b3e1b542114a19a7c7,0,4,0,0,0,187,0,3,787,148.51
8391,5b07ee9953b0bdcdd5993b0c87b06661c6ae3098,0,4,0,0,195,0,0,4,787,219.88
8392,4477dd5de804d467d5d5371cb4e157c64b532929,1,8,0,0,50,99,0,17,1280,276.98
8393,f9f63543933616ca887fa2dc954dfd7e649d0461,1,14,0,0,52,0,0,11,1177,469.94
8394,97476ed2e0bc12ecd90424d6fe985c27af22e99f,0,11,0,0,79,88,0,51,2352,409.44
8395,65b8179c2294359f97744db38b57579f743a996c,0,12,0,0,4,22,0,1,868,192.79
8396,3f40df8085d74c6cdecd2daa0a9e88e4defb8c86,0,1,0,0,1,0,0,0,78,24.96
8397,a95eb6559d69781c20e05b88b5b9ba773328c691,0,1,0,0,0,0,0,0,141,30.75
8398,4489598a8e4cd920d2fa36d7f84f195d8aa40736,0,1,0,0,3,10,0,8,81,37.16
8399,94122f6a742a430b61869f07ed721bdf93185efd,0,2,0,0,60,14,0,41,525,120.58
8400,1a5c2a0257807318d1cce8128e6d004d1f8fd5cb,0,1,0,0,3,0,0,2,56,1443.72
8401,e8ef8ad42f535131a5866704635c36edbd8db8b0,0,1,0,0,0,0,0,0,317,52.17
8402,9a4a8ef27449a596a1bc33b6347267bbad0acdea,0,2,0,0,2,10,0,5,1136,194.04
8403,6de308c5bca1a7f225a6757970ceb4fc7a65b937,0,48,0,1,17,17,0,0,82132,11032.49
8404,d9491c0b65aa1031df8d8f2a3df6f7ef51e56386,0,1,0,0,17,8,0,21,1716,214.85
8405,6ea6573b74041429454073c291c27e9ab552474d,0,2,0,0,251,28,0,12,78,146.25
8406,6668098900546acc5febd58f3a651fbbbf52011f,0,1,0,0,0,0,0,0,236,43.09
8407,420fbba6aefa58bb6ff252ff0c33e9b4ccae64b0,0,1,0,0,0,0,0,0,505,85.39
8408,b8365e5110ff3533eb289158479326d4c1b7d84a,0,3,0,0,6,3,0,3,5402,738.81
8409,62ad94c2b5d278210d24329850402c22c26c928c,1,4,0,0,61,32,0,17,426,233.24
8410,df278209588a8bf08b46f28d99a6fa903a0c825d,0,5,0,0,38,11,0,4,382,133.46
8411,083605df8f68ba5bfb702c11f4bd152c9b259182,0,1,0,0,0,2,0,0,25,15.18
8412,0b8493f88672dd93ac042d8dd1c8eca899139b38,0,2,0,0,10,0,0,3,108,47.35
8413,fab2e15ae43c08792f557d03a8a68f1e671bea9b,1,2,0,0,30,2,0,4,1048,172.74
8414,7188a3bd3d77cc565fb5c16670c31b48bc7ba6bc,0,7,0,0,40,24,0,4,1414,246.61
8415,a9de9f5f28124072ededc5401e4d45dd32860208,0,17,0,0,602,8,0,14,40850,5708.75
8416,81953d3e00908fc7389cca781e480cee8e3049c3,0,1,0,0,0,0,0,0,148,56.71
8417,6ddf893a34039338ce6387728c416d05ae4a7c00,0,1,0,0,0,0,0,0,528,74.67
8418,930691a846c217976081a220f6560f94e03726a4,0,2,0,0,19,162,0,2,600,129.0
8419,f773043f87a5da115e138811248755642884cc55,0,1,0,0,5,0,0,0,1760,221.57
8420,b1fee0ebdd5f5ecda18c6bc8a1a4b36a741d4230,0,3,0,0,11,0,0,2,1157,1633.84
8421,2e3a3d67769bf3e6112eef58e8102364b011c1c9,0,1,0,0,0,4,0,11,236,47.22
8422,2bf7ad4e4fc40d024c29ccb6d110c1f5ddeab0ea,0,1,0,0,152,50,0,15,618,138.68
8423,8e47c8e73943b9595b2a8bfea131b106a3947fbd,0,1,0,0,12,15,0,16,778,112.64
8424,858d30dd30159de70ac62d44c0ee0278708f2dec,1,2,0,2,9,0,0,3,170,175.21
8425,27c02a0b95f3bc89fcdcce1d7b4bd59197cf120f,5,2,0,0,5,141,0,11,191,168.97
8426,1c1638f698036d6b63cb52fb94a42464d8cc1211,0,4,0,0,9,36,0,0,252,69.34
8427,5dcfe5f8d85198bac81793c42d3ebceb47154bd7,0,1,0,0,2,0,0,3,141,35.86
8428,962554d34085795f3974c04d633195459c13ca72,1,8,0,0,110,167,0,41,3719,597.08
8429,ca00cbeed21c639622b86967d82a70338689b347,0,11,0,0,29,6,0,0,3220,498.35
8430,25c6cd3a4fb632eb04decac5e1aa0992337e0166,0,1,0,0,0,0,0,0,168,24.92
8431,1be93fcaec41d4f36cc9c2109f314386d743906b,1,1,0,0,22,4,0,0,42,48.62
8432,5b363a6140f4f7a5862987e0d6eac68f2324c705,1,20,0,2,8,32,0,9,4279,800.84
8433,78e4aea3c59a480507e9ac1e9ec113ef508d9a86,0,5,0,0,15,15,0,0,98,51.24
8434,97c1158421e8ce5530960040944cb99cd156c688,0,3,0,0,37,9,0,2,1499,222.19
8435,98a15526875c024e0c66b239a243e0c9643bef32,0,10,0,0,29,0,0,22,1971,333.21
8436,f83c919587a0fd0bb287661d6ed241058739cd76,0,1,0,0,0,0,0,0,114,21.26
8437,04e5bf96d84ff2f111b1e879c8daa5360b621922,0,2,0,0,20,32,0,6,2137,275.84
8438,492a105e5d934fde27a3d99178f7f67ebcb8090a,0,1,0,0,4,0,0,4,221,44.17
8439,073de44445eb9a74d73ec64647d5bb9f877127f3,0,2,0,0,3,0,0,0,509,82.73
8440,26037854adc980483d1a094ad3d7fa14b394910e,2,31,1,6,51,93,0,38,2049,2115.66
8441,9b23e1d00cbf65cb9f80a71cd6d2b9721c543991,0,1,0,0,12,0,0,0,371,68.39
8442,dd99ea8d14f27f982e9ee231b23d1899760a7b9b,0,1,0,0,5,0,0,4,92,28.9
8443,0ad4b4e16008340b25bc7853752022262b39a145,0,1,0,1,5,0,0,2,23,38.26
8444,0445186f1aa2955f575227fbd2dca316bcd70aa2,0,2,0,0,15,3,0,3,382,77.39
8445,4157d1e3cdc96e17f794e7f9e0342cd163a490e8,0,1,0,0,39,15,0,2,121,46.39
8446,2e9087bfb737c4a1a028afff13a6e15fc9c88dc6,0,1,0,0,0,0,0,0,220,36.56
8447,6278c98f5d0b19ff830368c47204232760e2b4ea,0,5,0,1,69,35,0,4,850,241.84
8448,80281127cb95b3a4a03997b38b2c1670342d0470,3,1,0,0,14,0,0,1,385,262.41
8449,621dc88c7940ac8ab3719872e4cc1643dcf87da8,0,1,0,0,1,0,0,15,141,40.55
8450,b32e716bee03ce5a2eca1d5b908f71a7bd9399c7,0,1,0,1,0,0,0,0,16,33.01
8451,8db9c84cd001d4402051a893b6864fe461c8ff57,0,1,0,0,25,25,0,23,166,60.56
8452,0838c356d46cffa3b09a32c49b739772a1fc423d,0,1,0,0,0,0,0,0,111,23.81
8453,454edddd77aa8c57bba501ebacc06778dea3cfed,0,1,0,0,0,0,0,0,441,86.63
8454,876d2acf9ac7a9859a4b2677bd93dbe0928aa377,0,1,0,0,0,0,0,0,138,24.07
8455,934d469fd57e714b03680ea2bc410ceb15635ad3,0,1,0,0,9,0,0,0,165,39.67
8456,04a91f961e3d7641f25914be4c9f3c5e3c1e1e8f,0,1,0,0,34,32,0,0,247,62.45
8457,9ba7651889844cb36ea8928a9f20f1c2e4d54721,0,3,0,0,33,15,0,6,1211,204.09
8458,d64c3a2611a0845f7c659204d039a32b0d6b20df,3,16,0,0,149,50,0,23,4994,873.76
8459,ccabbdd40aff886899a12744de0f6591dd49c6af,0,2,0,0,16,0,0,0,1018,147.15
8460,ab4453158a41e29bb75e219079584997be756cbe,0,1,0,0,6,0,0,12,222,1530.38
8461,ac3d09e7fd0a003d2805456d16de2ba3abbf13d2,0,2,0,0,10,12,0,6,83,43.35
8462,47a96444da3a427ed072145fe5c29880c6c9d6a0,0,68,0,4,384,188,0,168,23334,3785.18
8463,ed30909d27fd89bbc90fc83eadbb1e39db735eba,0,12,4,0,0,9,0,12,2197,421.73
8464,9b413cf262eff3e3039265c5cb086cbf43dc3c7c,0,26,0,0,150,305,0,30,7758,1446.39
8465,686847cb79038d2fe91aee277f3827fbe5341b49,0,2,0,0,16,0,0,2,362,71.34
8466,214553d17a69ef846136a9b03fe70c1dc5c78329,0,1,0,0,15,55,0,23,286,58.23
8467,5da5deb59d51678d299263c7bf25cd5e1596ce1f,0,31,0,2,0,1,0,0,8627,1314.19
8468,c7c6140396528f8f9d4dff43035a516e7ba2f22a,0,1,0,0,30,22,0,16,1711,227.49
8469,74731c2a46294da6da57a81258c3d82188c63889,0,3,0,0,136,66,0,8,694,189.67
8470,2e414360bd7aee15769eb46a00b2fa108b3bcbb5,0,5,0,0,13,0,0,1,3442,509.07
8471,9aee88e03a376702cad4f5e84acefafad2abf99c,0,1,0,0,1,22,0,0,490,69.8
8472,c1e5350be794180ce43bdc420b880f21160197d7,3,5,0,0,35,5,0,22,2346,651.12
8473,531d2902cbb3f244d840ca5e3a6518d1aa76d279,0,5,0,0,0,0,0,0,1356,200.43
8474,9ac9505f2a7c41a9e01f94455d7431884451fefa,0,1,0,0,95,18,0,0,271,116.81
8475,15ac781057c2909dfa7867eadd5075e16d16ee65,0,1,0,0,16,0,0,0,243,51.35
8476,a4738e5184b836d779c0bf41418980e744e9253b,0,4,0,0,60,191,0,17,2090,344.11
8477,0c8dc5d97e3b5e36ad837d68bb73132fd7714695,0,1,0,0,0,0,0,0,317,54.0
8478,cc38de1a391234a176796bbc4ea8a1c5053a4e3d,0,2,0,0,122,22,0,6,422,140.69
8479,fabf2b8282402aecb3568205256cfdd13d47e611,0,17,0,2,3,60,0,1,1886,395.28
8480,b22459c37c1d70534d899fbf8b4eec59e4e9156b,0,1,0,0,0,0,0,0,117,1669.32
8481,64e732dc8bfeda39e3ea782004182de3a8936b1f,1,16,0,1,123,26,0,19,4876,984.82
8482,d36436408e04795e1d29ef58e7ddd829d6722ca3,0,6,1,0,30,55,0,1,3078,589.75
8483,53a8c2675f3afd44ab8fbb87e3414e2ba29bf544,1,0,0,0,0,0,0,0,0,23.95
8484,3032c713e11fcde3f8bf0c9dc4de84380d5ae2cd,2,3,2,0,0,3,0,5,368,254.49
8485,f0cbdf8bebf405f5e33d49ab9e1696e0557bc99f,1,0,0,0,0,0,0,0,0,108.65
8486,836f26976e1ad8b35d778c563067ed0614c026e9,1,2,0,0,26,0,0,4,994,175.38
8487,9f343c2efae752d18bc049cc00f54a763e19225f,0,22,0,0,49,22,0,38,11725,1622.39
8488,8defea9561ed8e7a45440cc8bb973663541883d6,0,17,0,1,2,13,0,5,4202,658.17
8489,202d2adba1cf397a6416cb6b59358f19d46a927e,0,6,0,0,21,22,0,9,1510,258.29
8490,7f68591767119abad079fb306b2b9b6970389132,0,1,1,0,1,108,0,3,2540,316.88
8491,fbd5b5e32753104f88600b0f4c803ab5659bce64,0,1,0,0,7,0,0,3,90,31.78
8492,82ea04dbab5da6e875a71384000ee2397c2bfe39,0,2,0,0,54,3,0,13,1001,173.47
8493,9d5e5adaf08aeb1673e6a1576ea2bb7cabf754a9,0,4,0,0,85,31,0,8,928,208.51
8494,48c623c808e953015eb56f3197e1f2e8bff399e3,0,5,0,0,11,145,0,1,2110,323.47
8495,00075ea4fc0ca13a763a1acf8bcb52b7f168018a,0,3,0,0,28,1,0,1,960,142.62
8496,aa9679ddbc1f3c38ac2f1afd7c04ec4abb4a5f13,0,0,1,0,0,0,0,0,0,13.03
8497,9615c644f595b03cabd18bb0f1bf865ddf5aeb30,2,10,0,0,60,36,0,9,4165,873.3
8498,f7bbdde9756e67f23a11efd0a6dac9dc58843058,22,0,21,0,0,0,0,0,0,1278.87
8499,fe450b50c1c0060773f5e3f3b884da2cf45beadc,0,1,0,0,15,8,0,2,69,38.31
8500,0e34dcbf4b98140cf00945aa5e235f9c2dca6959,0,1,0,0,0,2,0,2,82,1578.46
8501,06f5c43de340da62e765a753c10caba5465eeae2,0,1,0,0,2,0,0,2,82,39.89
8502,0c80d5b42b986babecb2a297ce302e07fa34e4c1,1,7,0,0,237,33,0,26,3946,767.65
8503,e74d501df95fbcf41f0da8a81c05389831fc466c,1,0,0,0,0,0,0,0,0,23.35
8504,6705d4ffdf45af174a0a1430626f81ff024bf394,3,9,0,2,3,543,0,0,3408,720.81
8505,542ae477977c966b8f7e72b34e37614c7d65f810,0,0,0,0,0,0,0,0,0,164.07
8506,a399a1452b4840f1a147f84566a76a85f5994904,1,3,0,0,38,0,0,8,647,146.89
8507,e28afec9ecfc146598f83c9abc81a3afb416f1cf,0,5,0,0,0,0,0,0,426,117.01
8508,de98fee288814c2b62666acda1fb538dd69cbc82,0,1,0,1,0,0,0,0,232,106.69
8509,747d000808bc9d93d9ee54b751f4bff84a9042f9,0,1,0,0,1,0,0,2,504,98.48
8510,fa77c758483c1f10c3a60fd76076e9d49fe89133,0,0,0,0,0,0,0,0,0,203.22
8511,cf8114a82e3b5499af014b1d7b05218d14c42118,2,1,1,0,6,0,0,16,1644,377.19
8512,3318b4bc6d58a6f058b9163fb2a1712f346cff53,0,2,0,0,0,6,0,1,525,99.33
8513,064f5f1394faa8e84ad64488345e3bf46629ce59,1,4,0,0,2,75,0,1,439,136.66
8514,7294af8b1514d8bf8a2ddb8211be310b9c0e8f5b,0,4,0,0,221,75,0,26,1350,336.16
8515,e273d0bc3afbb171f44e56b1fdf0025fce71e0d3,0,3,0,0,0,22,0,3,4335,542.7
8516,c68e2f274a2bede1c6d0b20f7793821c1859758a,0,3,0,0,0,3,0,0,565,87.03
8517,41490e792ad7673dcba327b16b095f2355e4a863,0,1,0,0,0,14,0,0,120,23.0
8518,11f30de2cf90f1be787fcfce9933053bc1139e2b,1,1,0,0,14,0,0,7,37,48.45
8519,373c2dc13fbb1066de08fe4f291c9a4fc8b59530,0,2,0,0,31,0,0,1,359,75.2
8520,46a432386eaa9333013541ea0931b882cae61c07,0,2,0,0,0,7,0,0,3830,2151.17
8521,e3a54e703506efbd716a87f6935c0d965a3abd52,0,1,0,0,0,1,0,0,60,19.84
8522,f9fd5b65fab4fa82a98c4af91b0f87e4d2fc8dd6,0,1,4,0,0,3,0,0,1806,278.08
8523,4a61c8b10a912b10ba516b34f1c94aa4aa849aa8,0,6,5,0,0,36,0,2,2298,398.6
8524,5ce31dd120d4fa8cdb240954b734edaff82a9af5,0,1,0,0,4,0,0,0,83,25.4
8525,08677143e86113482f0318614e05cdaeffb74fbc,0,2,0,1,17,0,0,0,1274,306.8
8526,30805be07801dc2077cbe2b8660f4e38e2489186,2,8,0,0,54,32,0,4,6682,1033.65
8527,586e177ded822b9fe527f05d815cbbc49009e706,0,1,2,0,0,3,0,1,1803,238.47
8528,24b970ec514b22ebc8bfeb043e301b565db4a59c,5,6,0,0,20,0,0,2,2298,610.55
8529,35acf3cb78a8a70a60a96b5d31c2df814f55a338,2,5,2,0,13,15,0,0,3062,565.45
8530,237229cade90f0b138745e1ba4242044e70b671c,1,5,0,0,49,3,0,0,2752,534.98
8531,1b168cd6de4763e2580e475d100f5a32f42ec6a7,1,24,0,0,165,175,0,91,11977,1964.71
8532,eab7d3d502be9a2ac58852c6743f3c7536bbf0c3,1,24,0,0,102,218,0,103,5185,1093.01
8533,abb60faa6cd9ce2dc9f855e22d5f5f156b986859,0,10,0,0,46,15,0,7,962,207.91
8534,d0e5ea1b87f4716eb7e7137d496f0192c87d38b6,2,0,0,0,0,0,0,0,0,35.42
8535,ff96485396859beaa3464c0a3833d19923a31229,0,0,0,0,0,0,0,0,0,96.47
8536,f6ece8d8e314d4206ca4851967e5656fe9f22ccc,0,1,0,0,0,0,0,0,126,28.33
8537,32434d12002502149df9df2876791c88aca4adb0,0,1,0,0,0,50,0,7,1047,191.33
8538,773414ff53215a2a4dc70e168ce5378b0fe71896,0,1,0,0,0,0,0,0,253,43.19
8539,b021c364fe87a900d9783ab4c0783b57d36f59e1,0,18,0,1,68,30,0,2,1514,367.04
8540,da114ac72728e5c21d5827a0fe9bd886a188bd6c,0,12,0,3,0,0,0,0,108,1947.5
8541,3f524abdeb62f0c3f9e835b5f0cfcf8abe7373ab,0,1,0,0,0,5,0,0,90,25.11
8542,3b0013ded9e550a65b3a42a0a19aae414c1e751d,0,1,0,0,8,0,0,8,336,99.07
8543,07c6bb16e7289a5ff2d6d6076ec3bcb0745a3d3f,0,1,0,0,15,0,0,0,1228,185.13
8544,49839e4075ca39e9b17c9e3d5d9e59e3119190ba,0,1,0,0,9,1,0,7,314,68.35
8545,7da61ff174753cbacbdd6177145c7f12dc44f567,0,2,0,0,118,0,0,0,971,197.81
8546,547cec4078a04d9380b5c3a976f7713f65f63897,0,3,0,0,19,2,0,13,382,81.76
8547,0e5dc6d7cee92524bf648b6f49d1565e098e5bc4,0,5,0,0,450,256,0,27,1426,415.7
8548,eb92b2565254a2783b8a6bfbb043cf7d01ab7ad3,0,3,0,0,59,3,0,7,1425,281.34
8549,928ecfb443630ee954896d90add14469c1f4ba9e,0,3,0,0,31,45,0,11,459,119.0
8550,989e09a2d5149cd7913b5d22827414309cb95502,0,2,0,0,4,1,0,4,243,59.87
8551,c8f57bf678fa4eb617074f8296e25cb8a147a5d5,0,8,0,0,163,0,0,17,9581,1523.85
8552,0553aa44519041941c95663cc7cae5355f49675e,0,1,0,0,0,4,0,3,25,20.49
8553,ef887e52927a391e820d7c22188c16f6ee9853e3,0,1,0,0,0,3,0,0,349,98.97
8554,15c903b3f8312189fd488ffdba41604b90a681ba,0,12,0,1,17,5,0,2,8271,1220.3
8555,e9382154f32d7b552eb42e262a22bc44f57a7f1b,0,3,0,0,10,22,0,4,309,98.34
8556,3867fae04da0ab571e3c666484b8aecda63d7244,0,2,0,0,0,19,0,6,1190,196.8
8557,009851d680e1bb58791715d5d3ad0387b5efbc72,0,1,0,0,12,3,0,0,54,32.11
8558,43a0ec80fa1157c5b5449b1da6dd4c19e44c5383,0,1,0,0,20,0,0,0,75,272.38
8559,e69af5affe28abdbdb54ca242338eda6adacc04f,0,1,0,0,0,0,0,0,797,128.39
8560,27ed2ac071f0867df315a7e5d8acf49aabcd9399,0,1,0,0,3,0,0,0,3740,2227.65
8561,edf6f68cb2d0c10c9ecd2977c5f9c6f3b3579000,0,1,0,0,0,83,0,0,843,130.54
8562,8ffc45ab8b9b658d12ae09aec558654339a6bd82,0,5,0,1,18,6,0,18,1757,381.22
8563,0b3db5099c2930a81931793cec1550842371e772,0,1,0,0,0,4,0,0,3894,582.64
8564,60971bee66df3a3c19f53b27c70c7a7d64bc28dc,0,2,0,0,11,1,0,8,820,162.1
8565,78f5d8ebb2a8399a2ecaec9db532dd617e560f27,0,4,0,0,69,12,0,0,1217,270.54
8566,97ec5d53c015b1ba4bbc96f25b38f979ddc229fa,0,2,0,0,38,19,0,14,388,130.74
8567,67382809d348c8d48a4e6bc51ac86ce576e47c98,0,1,0,0,0,55,0,0,194,41.15
8568,ab28f9d8c74c22f60acd6c526e09b980d059a151,0,1,0,0,0,0,0,0,843,123.07
8569,5aa8d3a20b6e540f4ac361e70690d57e579ea061,1,2,0,0,6,843,0,0,163,376.37
8570,1b50404f34401e0508264aa7ae7eeb044b380ca5,0,10,0,2,3,0,0,0,95,97.54
8571,61a3a9ffbb997c2c0ca81789252d07f99e14df2e,0,1,0,0,2,0,0,1,344,61.69
8572,84ee378df1e96dcadd8e35c02ee66d9ee6c17061,1,5,0,0,3,0,0,17,2342,404.33
8573,808f051b8a0ac645566ce1f5ab19b64abf8b8321,0,5,0,1,0,10,0,0,936,223.29
8574,1ea5d8be9ee26237e9bf00fa2b5baa11e415db16,1,1,0,0,0,23,0,0,3871,671.3
8575,554b2531cacc63b2b50ecdd125d93ad545b0b938,7,1,1,0,88,0,0,6,234,312.11
8576,a12545380b6c781f9846ec9e305dced9f004792a,0,1,0,0,0,0,0,0,56,18.43
8577,9196a15de9d1fbbfe9c23e0ed7599a737e01f61a,1,7,0,0,72,9,0,18,1114,269.07
8578,64f88906f7cc7265fe0c42a4c42530dbd660c70b,0,1,0,0,3,0,0,38,101,36.86
8579,5106f2826ef650f67977497b305b35953213a045,0,6,5,0,0,20,0,2,2298,362.86
8580,3e2cfc1140e66c032ff289e83e9b54fa1e53bdc9,0,12,1,2,3,4,0,0,1070,1916.63
8581,56980fb097494af05805db09b1c2f442d139da81,0,1,0,0,4,0,0,0,3871,525.56
8582,2b3c9b18dde65ab5e1b305e3e04ed02fef9c8ef5,0,2,0,0,14,0,0,7,174,62.72
8583,f6a4c66d13e655fa947c69bccf0c755e3437729f,0,1,0,0,32,639,0,73,300,109.78
8584,090c55f3ff40dea807dc7e67240f19dcafb3865f,0,1,0,1,0,48,0,0,379,164.91
8585,b642ee0418b665f4dd64f520d35d412067f8fc72,1,1,0,0,0,18,0,0,7,36.46
8586,93f39a78183f34b450f8204015db6235d1a5b09b,1,2,0,0,18,0,0,10,615,159.31
8587,97fbaa658e54f32b387ad090a306048c817bdce5,0,14,0,0,11,17,0,4,3915,564.99
8588,345c21dbe7a663cc0364dc1e3642103ac21751cf,0,2,0,0,14,0,0,3,439,88.82
8589,13b2edc1be9b389140974ce8d5150aa60407277d,0,1,0,0,4,0,0,17,119,47.12
8590,d32bf8daed82947716cb0b4cc6913c6039a3ca57,0,2,0,0,14,0,0,9,435,85.16
8591,9bed419cb0b0f2a1ed3b63b4e364b0ccdf475f91,1,1,0,0,11,6,0,40,1234,219.85
8592,4e09e4f88f0f3360ce89caa8fcb3fab63389e75c,0,2,0,2,76,44,0,12,556,313.27
8593,43e732c177392956523dbf3865eac4ddd4e66888,1,0,0,0,0,0,0,0,0,36.43
8594,1d1813de485af447c31dbd21065df1419e3b003b,0,1,0,0,3,0,0,0,179,42.86
8595,58dee3ea5bdbab714ac38f1bb73a612f06b8d948,0,5,0,0,10,0,0,4,1968,297.0
8596,960a5fdc2a34d2aa96dda00f37665224c2d8767c,0,2,0,0,3,0,0,0,478,100.22
8597,0f0a3a22733cdef8a65fb707294a8d36ed0b591d,0,1,0,0,2,12,0,1,396,80.14
8598,0d338a1820d93382a936061b91f87476e18f9812,0,1,0,0,0,2,0,0,396,61.09
8599,018396d84cfe1008308f341562154452f4a45ac9,0,1,0,0,12,16,0,14,407,88.39
8600,78bae9e3d02e259cd9596fd72b1c985c2962c1c3,72,0,0,0,0,0,0,0,0,3475.13
8601,7648855e59cef0723fb6bc38de6d68a352fdeabf,0,8,0,0,7,1,0,2,621,180.82
8602,693f201f3d474ee216f590e013f9df49dd1503df,0,2,0,0,17,1,0,16,392,84.6
8603,fb7230c3f1a3b68b9f88afc19532b2f58c1f47f5,0,10,0,0,106,30,0,16,2203,385.33
8604,ac8fe1627a7db7e31f54318a3e94da06b30f0760,0,1,0,0,20,0,0,1,6,23.33
8605,5a37c98a29938d5e8d5b723ff3abb39179b69e38,0,5,0,0,0,10,0,4,1968,276.73
8606,64581fa33b1bed3c9fb952e311818bb2ab261721,0,7,1,0,9,72,0,17,1114,211.36
8607,4a22c74b3c9cddc96507f9c34302f88f6e0580ed,0,2,0,0,19,38,0,13,388,91.06
8608,1c150e09470aa0fb9ee47c89bb260292822ab178,0,3,0,0,45,31,0,4,459,103.68
8609,936bb82908fd0525273222cd50d23c91d11d8f72,0,24,1,0,218,98,0,73,5189,963.53
8610,124ac4d6c4a19881170d01a374502057ac1a22a6,21,0,22,0,0,0,0,0,0,1026.38
8611,c2c9984c353b3dd3a275e8e947a580cff0f188a9,2,3,2,0,0,0,0,0,368,186.12
8612,4ca760fe9dd373b8d8a4c48db15e42424920653c,1,6,0,0,0,9,0,0,3082,447.83
8613,a58149827b44d379efd57ec5eb11a0006366ff94,0,5,0,0,33,11,0,14,1040,211.72
8614,3330e5c2e2c405874b3ac522b9312c055c5657a8,0,1,0,0,0,0,0,0,327,54.74
8615,c0908d4be44823b7b1d028ccc0144af71a7370ed,0,3,0,1,54,0,0,14,715,169.89
8616,1dcc8ee50cd2120496ec768e09e7f368b6bc26b6,1,14,0,0,140,29,0,15,6475,1170.23
8617,a09c0c88b694af25575fb50812e14fb667f5ac5b,0,2,0,0,5,0,0,24,581,103.46
8618,f31301dcf8e1e5d15a4b9939063e5514d810804b,0,2,0,0,24,0,0,1,1855,278.18
8619,91985255012268ad909173b39437a33dc12a0393,0,3,0,0,16,26,0,10,426,106.86
8620,0dbae8f0e19dbe1d508ca2ed033f23e2a8f59ce3,0,16,0,0,62,682,0,44,6139,2626.22
8621,ab076b07313fe7b86a010eca38ac8db7de405969,0,1,0,0,4,5,0,1,343,91.8
8622,25bcc91dab89db60c1171d083909c5ceabe0f0a0,0,3,0,1,5,0,0,28,580,156.36
8623,20bfb43db6871678bc805e42bc09875dc9480631,0,2,0,0,48,27,0,1,1214,215.14
8624,1655360951470b526688ddbeb2402054d9bf1f70,0,3,0,0,15,18,0,15,255,74.92
8625,343a6a791321e571c434ff6236887b23b1c78288,0,4,0,0,17,1,0,2,702,127.82
8626,a85c6b48672552136ead76a682458c884a558dc2,0,1,0,0,0,1,0,0,68,19.25
8627,0ec0a9403fe8ebf4399b8caa4f5a783792d4fb61,2,5,1,0,0,41,0,0,363,156.07
8628,5848e149f43c2b176baa25c0fa14744a88c9c217,0,1,0,0,8,0,0,14,669,168.64
8629,3ae353cbf45c11b057386cc3cb74d6e9c8430a08,1,11,0,0,34,3,0,49,8833,1304.36
8630,cb04c6c1a678bb274e75dc4ca8f3099ddcf202c2,0,2,0,0,29,0,0,31,462,87.32
8631,537c5f0660fa6ce0b59cd7bb93de95fd3975cd25,0,1,0,0,0,0,0,0,396,68.85
8632,a8e3d23cca4d98d1c288bca0da056f92c49b453f,2,4,0,0,49,0,0,14,3984,710.67
8633,b45c0d0efa261509ac101748587051ba1c9184bb,0,2,0,0,3,2,0,7,1801,237.29
8634,f0dddd1cc2a6749760c47bf31aed600e6474fcd8,2,11,0,0,94,3,0,3,1017,304.08
8635,c1a476c49281e4b7fde8f9638918bcebcbde25e3,0,3,0,0,0,6,0,0,100,77.56
8636,ca0d9f3cd29cd63ab45bfbb2540245cd0b4c1e4c,1,1,0,0,10,0,0,0,148,61.79
8637,52176184df595cf591e7c13fe18d959b2ba039a8,1,29,0,0,58,142,0,82,9918,1724.52
8638,2ebdcbc3b0c1da438889c9cce5f38bf92bc031a0,0,29,1,0,124,40,0,61,9936,1689.62
8639,800c35a30e647ee6a87bab67b528e2634b38d0c4,0,2,0,0,7,0,0,0,1445,193.04
8640,06ff478674867204282899987cc8d3e5bef8bdac,0,2,0,0,5,0,0,8,1020,1770.6
8641,ff529940766f6ead5aea6cafd5797c3f3a91a245,1,2,0,0,13,0,0,17,323,100.94
8642,6e3a45588762f621669c61914f6750193a153536,0,1,0,0,0,0,0,0,276,58.18
8643,fec4c5249968e112b5ab6f4154d0e6c1fe428abc,0,13,0,0,83,0,0,10,7581,1122.44
8644,16da123df45af712f604cff32897d6c1166b86b4,2,4,0,0,5,1,0,8,943,236.56
8645,2f0b3ac91c4d483f0d90ff323c17f86910288b8d,0,15,0,0,165,214,0,33,6609,1194.88
8646,38b06c75170830f3f92eac3f03b3870e22d2c9b0,0,13,0,0,0,37,0,7,7627,1073.88
8647,1aee5f0552c93a1e27820b9468771f838a0712c0,2,3,0,0,12,0,0,19,1880,349.69
8648,73d69c6157515c28479fc78f224c8065d0c00abc,0,1,0,0,3,0,0,0,760,108.41
8649,6aec958d66fe88be8cbc175f52162645d22e996f,0,1,0,0,14,6,0,0,1166,188.49
8650,7924ba39e7ce573369deda84f55e2a0e6ecb4872,0,2,0,0,13,0,0,3,517,97.81
8651,17495d812df945d0b6238910fe37f82d294c1308,0,1,0,0,0,0,0,0,574,63.4
8652,395cfceb0b730351df316e33def69f0e08f4f9cd,0,3,0,0,27,0,0,20,359,101.86
8653,af1910ccf35f9974d699c7cf2d17762cfa7f3ddf,0,2,0,0,16,1,0,13,1141,186.25
8654,0043dfebc5e43705818071c3de062211943829f1,0,4,0,0,34,2,0,33,1546,278.43
8655,4d414020bb3bfd7f214d2a599426be700df772b2,0,13,0,0,45,0,0,10,7627,1229.95
8656,2ad62b016279198645d886b3553ba6d8c205d9fb,0,23,0,2,86,230,0,19,11690,1760.0
8657,59fc163e942c0981376478f5b3fe4ff14ae998dd,9,7,0,0,71,50,0,7,396,382.15
8658,14dcf1d0c6fa6ed4fe95070b0de440c083668551,2,14,0,0,76,1,0,57,5567,990.68
8659,b14ba58c5a1cbf6a331dffa145162ccaef46164f,0,1,0,0,4,0,0,4,3749,467.62
8660,42d535a57a75b58f585b48df9af9c966e6c7e46a,3,1,0,0,0,0,0,0,763,1918.02
8661,d7b90b319908113bb90ae871cf4a5843bbf6bbaa,0,1,0,0,0,15,0,0,70,26.56
8662,4c75485f117d7efd253b7394ff1c909313ce1ff5,0,1,0,0,0,0,0,0,21,15.69
8663,7b4dd9587b91a49d3f4d6e78023f4b55005718a8,0,1,0,0,15,0,0,0,70,37.22
8664,0a4c0b2dd614621ff6d31885f7d480d559efc571,0,1,0,0,2,0,0,1,208,52.55
8665,538a4c51ff8464f57e26cc22f9c559c1a30b5864,0,1,0,0,14,0,0,5,693,98.64
8666,0108e57309a9ef5bc2131750c1cdf510dbd9b8b6,0,1,0,0,3,0,0,0,85,25.92
8667,e1b4a2a895d138015f42c34273e3113648a95f0e,0,28,0,1,243,89,0,142,16229,2531.1
8668,ea5c572963727888a1ca137f9871081918086977,0,1,0,0,0,14,0,4,693,97.05
8669,b8a4504a2609d6d6d26e0b839a368912b3276feb,0,1,0,0,50,71,0,2,476,102.48
8670,bc2f16274930e272767ce20ede27eb8fa4117241,1,2,0,0,1,0,0,0,161,140.58
8671,10cc64a7d690429174405517b3e7d75e4f0998fa,2,3,0,0,10,0,0,17,1733,321.36
8672,56e63b106ca1fb2af4b917ead178704f8e23bf2b,0,1,0,0,34,115,0,0,150,58.79
8673,d2142a8ebb00eafb69e00147afa51fff4331014c,13,7,0,0,44,3,0,2,244,363.78
8674,12c19a6e5105d898e93e385e0cded5eabceb8a40,1,26,1,1,86,145,0,141,9975,1572.08
8675,02f264321b72530b84e7d75707d3a23d502a23c3,1,1,0,0,6,0,0,3,801,153.03
8676,c2e01f2398424104a6faae901b12f782ca74c284,2,1,0,0,6,0,0,1,1691,258.93
8677,34661050c84a5b6666d5c092dfb60df9f34aa900,5,48,0,2,216,357,0,328,18362,3487.48
8678,77490f815a9d51014891b32453d65c4093aa478d,0,10,0,0,76,3,0,17,4792,748.42
8679,9494c12e357940073244700f9d463c323854d9a9,0,6,0,0,14,12,0,0,163,57.28
8680,73f3e1d4a4c15211bc85cc25ba8b99893fc26f24,0,1,0,0,1,0,0,2,141,1620.82
8681,f8f9a26cb3a4331a397a77dcc7709c0929ae2a17,2,7,0,1,49,31,0,41,2668,698.91
8682,b292ffd14df7d4c8a516d13f76283d6d0bd7fd28,0,8,0,0,7,3,0,11,316,98.86
8683,8bfdfe1b8522b4aa01de2cc988f3cee6d5024df6,0,5,0,2,0,0,0,0,1163,161.54
8684,a3efa5911d071a6848459b37a220d36177aec490,0,10,0,1,5,54,0,22,2480,412.16
8685,29d1a97482a1b84c2372c1ad93190431ef558454,7,31,0,0,353,6,0,41,7391,1413.35
8686,b5e8727617f91211ec268904318853b22922f72c,2,1,0,0,25,0,0,0,58,98.01
8687,ca6e67a6de242d681b6e6f3d53a0db5b10d1450a,0,7,0,0,12,1,0,10,2505,383.68
8688,bcd2aa9a9e5d2c1d4829d586ef2488b23a58ffe4,0,2,0,0,73,17,0,8,113,69.5
8689,33bedf8d4d7ec320c5cc01c1c031035a1523f973,0,18,0,0,26,44,0,49,9924,1578.4
8690,77b4e8c97286cdc66f2468ff8d62bca1b30cbd67,0,7,0,0,38,23,0,7,2501,456.3
8691,834ccb4bf6c22fc2a8aab172490fba75c7a40f1c,0,3,0,0,15,0,0,14,402,125.27
8692,4ea792246fbbc5adf9f4cede38c0513e2669b45b,4,3,1,0,5,33,0,18,850,226.26
8693,3b0c276aa3ac36d1257bfebaa7592363181f5cb7,0,1,0,0,0,78,0,1,658,116.2
8694,8e52339cb802723d85dbcf5802a5c269915c2130,0,7,0,0,17,0,0,20,2301,347.24
8695,ee730c8c7939bb9869f15a16b01c6f75869e2934,0,1,0,0,2,0,0,2,127,33.64
8696,dbbba7932c2f3de8d25aa4f37be943bf07bbc464,0,3,0,0,0,3,0,0,311,59.43
8697,17468efb88a99c6b5237575b784b8c105fc5c46c,0,10,0,0,16,0,0,9,1028,247.34
8698,0d7a6b9725154d5b3285c9ae38f62309db5db80b,0,3,0,0,22,0,0,1,1985,278.14
8699,d6539350ed0ceb187b0f265e99bc97164e0561bb,0,1,0,0,21,0,0,12,345,71.72
8700,d69ecf6092c08323f49d8bb4131312b8f4981aa9,0,3,0,0,5,0,0,3,130,1792.43
8701,f7839f5eb66df34323ff1877f78227301b6eb29c,4,6,2,2,54,97,0,5,1374,467.71
8702,ad607a1d76b445f0d7e84c6b8add1a7d53217208,0,1,0,0,0,2,0,3,761,106.55
8703,5e34a59d90e56be190a855fe68f2c85f5deb2ce2,0,2,0,0,7,0,0,0,214,49.83
8704,570cc3c4a4d30bdd3dd11e6b4db4329fe207925c,0,1,0,0,10,0,0,23,192,45.64
8705,bc8f1210ffd3b126b5bd1b7882b3f4f6795e77cf,0,1,0,0,0,0,0,0,419,57.36
8706,6d251efa04a63c01d880fbf59eaf349b8d1d808f,0,1,0,0,0,13,0,0,189,33.2
8707,3be8ae2167bc5433e6f71540e115727f71b040cf,0,1,0,0,4,24,0,16,706,119.91
8708,8548463e749d24f13cbcc0b7dda5b4340c47a2b9,0,1,0,0,7,0,0,1,40,22.33
8709,60d94301956c56b42eaba97013263e893cf1286c,1,2,0,0,41,27,0,11,285,99.42
8710,978546b2f247b29dd63bad55b17fdc2e7a31e55d,3,3,0,0,33,1,0,7,786,194.39
8711,dff7fffe8537427cb9ed1c0dceefd2a1c30a1a85,1,4,0,0,59,3,0,3,618,178.38
8712,a580b1d2e9ff5b8a3cf55376a83b98c31cb9ebb4,0,1,0,0,0,2,0,1,948,131.71
8713,f87428e70469fdca8d40728f5d54a908bfc6e2c9,1,2,0,0,5,0,0,3,2072,334.49
8714,d561130e82c5956f0dd9fff5c6f6240a686d3d6a,0,3,0,0,66,41,0,8,1473,260.11
8715,c39339c0046560b8f2083af513f384127e3f46d1,0,1,0,0,21,3,0,12,707,114.37
8716,72ab1c119314a640af8ca8d454b29091f4190e7d,0,1,0,0,0,5,0,2,137,35.51
8717,fc816ac1b127019ea9ca832262151dfb32a2437e,0,3,0,0,57,11,0,3,1975,301.0
8718,ec9bd20ec8423d49641d0d30704eaee178480d0e,0,3,0,0,41,53,0,4,1486,246.95
8719,85a081925b3cdab3a2df5e4d6094f04b497698f8,0,2,0,0,95,83,0,0,772,158.13
8720,b38446c0177fe2b7a86ccd2db94cb50e655b48df,0,3,0,0,10,1,0,3,1010,1849.64
8721,efa4fe901a3c050b0db087c45d47d250c7ca1039,0,5,0,0,0,20,0,1,137,57.7
8722,ec317a6629dd7d9b8b19f29d9efbf45ac3292bc7,0,2,0,0,7,0,0,0,671,136.0
8723,eee9480cb40fe3fe1d88b333d451c1128789cb7b,0,3,0,0,53,41,0,4,1486,236.65
8724,9ff250730351e228f250dfb48866fab1dab77e47,0,0,0,0,0,0,0,0,0,66.96
8725,1b049a2d340636b8f508cc2414db7b731ca93668,18,24,6,0,124,463,0,29,8946,2345.65
8726,56f9db98d12be4206a13040608736cfb78e2ef4b,0,2,0,0,0,0,0,0,68,21.5
