idx,sha,A,M,D,boot,adds,removes,updates,moves,matched,wall_ms
0,89af8294f42a9a16b91a09f7808653a71648718f,0,1,0,1,0,0,0,0,298,374.38
1,ec9a568764ec7a2ff39c27b4ee7d35b0c703bc2d,4,25,0,24,410,102,0,140,2518,2099.3
2,add0c0c5a02d3d3a2864a5713545d7d06217d0eb,6,26,0,2,775,189,0,375,2794,1010.92
3,3a70f2f97b5888d6b12bd26f066e23f84f7eaee6,0,11,0,0,145,79,0,24,2544,449.49
4,a6b7be60d6833d9416db90cf46ec5e18d84ab5c0,7,17,1,0,618,672,0,148,2974,881.87
5,ba1ef8c0c3380e264256a3e06b7eff798aa29e0e,0,3,0,0,0,0,0,0,186,44.48
6,8a53c236b9f576893175d0f6f33318ea473574d9,0,1,0,0,4,3,0,0,648,108.99
7,356f3919e9c10a56146ab1884c2b3432c9f1f4d9,0,1,0,0,0,0,0,0,108,30.04
8,47bf7fd8bbaca22a89e7429e52dcac5a5126d38a,0,3,0,0,2,2,0,9,1332,190.09
9,e3e22fe37eae6b22ba80ae24dfc7a219a119d92a,0,2,0,0,88,3,0,116,1098,193.13
10,a65898973081b8415fb7931452011ef28f2efaa0,2,3,1,0,0,16,0,1,564,157.77
11,19099c98b12f67747af78ca0b436a899a26467b0,0,15,0,0,28,10,0,22,3325,545.14
12,23f836454d9c5a495111b068f45d6aa89a2a724a,1,3,0,0,0,1,0,2,1026,158.04
13,e4194e10e51f0df323d14e297d0408770255e213,0,2,0,0,9,3,0,16,799,131.76
14,66839c4c17b169f5f2b6f39374558d9a5c3bc2e2,2,8,0,0,576,209,0,92,2112,570.89
15,7c3d11974bf7c2b4beb1a385cbab68d8175731b3,3,0,1,0,0,0,0,0,0,59.05
16,ac718209e5e31b0a001af3a623ffdb454193b1c7,5,16,0,0,195,213,0,192,3949,753.49
17,3509f88c48bea3e669ba5f3e8cb7d3ab6ff44375,0,2,0,0,16,0,0,5,969,148.54
18,3f5229c66f93e6e36c36cd6793a0daefcadb55ca,0,1,0,0,5,3,0,14,405,67.93
19,0dd5f2759eccb8d206ec2eaaa477d72cb9a2b8c1,1,0,1,0,0,0,0,0,0,81.64
20,cc8d45bd4779cf764760c83cec834193c8883adc,0,1,0,0,41,5,0,22,670,102.82
21,13c1e482530f8bcf62035449b12fe99014f186b3,10,0,0,0,0,0,0,0,0,286.34
22,e78644ed10f069a428fa28d8c6a2d6242e496430,0,6,0,1,158,47,0,196,1860,388.24
23,f503143412cb3c8e65141a05c7c3db69c907bf31,1,5,0,1,59,1,0,34,627,199.86
24,eef130fc9153a1958d0658fe3b6fbe6e20256737,0,33,0,3,126,126,0,176,4697,934.39
25,2447ce192239ef10f7a39e92e914e663bf2402ae,1,0,0,0,0,0,0,0,0,26.73
26,d1f85d739e5ef236930e59c137de9dd33a1dbfaf,0,8,0,0,0,0,0,0,545,106.43
27,31a8ba569be8bfbef08dcd0646fca6eb74b2c19d,0,6,0,1,13,26,0,13,778,147.8
28,6455364281ea565214b35d7092dd2fbddb0edf72,0,6,0,0,32,6,0,2,2654,368.42
29,a31d0e5f31faf73b9d1b29e0099cb53220d2a523,0,2,0,0,0,0,0,0,592,80.91
30,2fa16d4fdf8f638009bbf92bbbf6c3fae4d5ed23,0,1,1,0,4,0,0,0,7,19.62
31,96c64712e655ca456a3d3b0104d6c09e5f64074b,0,1,0,0,7,0,0,0,712,102.46
32,60a2e629d16b77fc8a3b7ee8f4533f68e6911f6e,12,8,1,0,14,2,0,6,2289,714.84
33,655728f3bf87f21104a6f02f4564901d79cf6bf2,0,4,0,0,13,4,0,8,1518,268.9
34,9eb369c26699fc265c2a0e780318513bd01b85a5,0,5,0,0,20,5,0,13,625,186.39
35,73183e6b975ea3817fad83a4cf779c6c545f652d,7,4,0,0,44,0,0,50,1701,490.92
36,a3073cc6dacc03756387a788de62498f1a64a411,2,0,0,0,0,0,0,0,0,37.93
37,2e49c9451bb1867454a7e16074ba8ba913872f2f,1,5,0,0,37,0,0,25,819,181.5
38,eaf0a7b1541f50c126d8e95129b14a5a55c790c4,1,16,0,0,13,3,0,17,4184,649.92
39,f613907a98a732364c5a2a5f1f4ece7bc99f555e,1,2,0,0,59,42,0,109,1638,273.06
40,87f5d5dffd96e09d789a9063f8f6d98a75fb24dd,25,0,0,0,0,0,0,0,0,667.18
41,19d1b8ea36ffe7826b4aa77be2dea9627ddfd111,0,3,0,0,0,0,0,0,85,32.21
42,d14fa818912e49ed6b23beb09495d9f66c03aa25,0,4,0,0,271,58,0,279,2118,409.7
43,14dd64dacef318966ac251af07c4983fe19d7e1f,0,5,0,0,34,9,0,25,1956,294.91
44,8c14bab2c421887218139622b7e0ba4129f1b423,0,3,0,0,38,35,0,0,81,43.96
45,4ed118700d5a8355fb8613c85ee87ec0ab2d0023,1,5,0,0,7,0,0,0,532,157.69
46,5463de47b3f41a254eb3159b6963f3c92f660388,1,1,0,0,21,0,0,15,813,135.44
47,cbb844d5f0be591c76e84e325b40fc313851d57c,3,5,0,0,80,0,0,25,1472,285.38
48,6a64ae1542cba6564450a63788181adcf0851f93,0,12,0,0,14,10,0,14,2450,423.56
49,bf798cca50a330d9807671c62378245710887e4a,0,2,0,0,12,20,0,32,1550,215.15
50,377bf72458b3708f4078b043dce9425ebb807a46,5,0,0,0,0,0,0,0,0,107.67
51,43e253359a010a763da3686f9271bdf17e955d2a,0,2,0,0,33,0,0,6,595,127.93
52,5b1bd1f8f2d614c945f6a5889a9d4f25b87fe172,0,9,0,0,81,102,0,206,1886,392.7
53,a9acbeab0800dd1d3c13aaaea07d2975b0f49cb4,0,4,0,0,234,207,0,46,1292,266.5
54,4fa87a0cbbf6927df54853aa4f46c9174aa63344,1,2,0,2,36,15,0,75,674,299.33
55,b205cac36d9af1bf610b1d6f07900690ce4e4c33,0,54,0,5,157,24,0,28,1941,587.23
56,931d452cb2cc069bbb97e45dca094e9b163275c3,1,21,0,4,712,315,0,381,4121,1142.25
57,0c7ac6795f6f37dc014341efe184998ccbeb59bc,0,20,0,1,92,127,0,84,4524,753.42
58,391379a6fb4474428faeecfa8336b28503ca0400,0,11,0,0,34,914,0,58,3010,517.47
59,6c8e71367141628445b4cc843ad60afdfb5bb7c7,0,3,0,0,0,0,0,0,360,63.02
60,9dedf26b0f5bdb6790a466d8991eca31d7151656,0,16,0,0,3,3,0,18,556,178.72
61,e220809017200e6a515218f6ecb36a4f48d1a940,0,2,0,0,0,2,0,5,72,30.58
62,b7f01dce989c91e7d50cc80ee88042e5d995dab9,1,21,2,1,214,135,0,149,3945,793.23
63,17cc1759fceb3ee260e18c5e11ce7598cb8c31aa,0,1,0,0,0,0,0,0,242,63.97
64,00c1b877e8bb104516139dbad4d70e27c67c688b,0,6,0,0,60,96,0,17,2479,410.68
65,4ebd558b41cc10348a97a2cafa03e6055a079129,0,1,0,0,2,0,0,4,535,85.96
66,e41859593baae5a556e6bf7376a7d59b70474bf7,0,3,0,0,5,28,0,3,578,99.53
67,ec2d29c90270e16ec9a41706713d1722602838d7,0,1,0,0,24,20,0,24,1186,165.02
68,1756a22f03e9469db6d1c6ca6312fafb395018be,0,14,0,0,47,3,0,101,3726,619.84
69,5e3c5037b4bc07f69bffb86c29796345d56542b1,0,6,0,0,34,14,0,68,2991,448.96
70,07224fe303a3dccee5bb407d195d93901c75c8ec,1,6,0,0,12,2,0,1,556,159.72
71,e9aafde1f124c396f629749d9d78968614c0ad34,0,3,0,0,2,1,0,3,1993,295.17
72,f56ee6b375ec904beb37d1a3c303d8d6c9bd71b3,0,4,0,0,54,28,0,0,610,121.62
73,660bce1d278f3eb471b75bb85864efdc5e53f354,0,1,0,0,12,0,0,1,1232,164.58
74,5dc1ee32c0364dbe40dd3c08d6137776f811b6a6,0,1,0,0,4,0,0,0,130,27.31
75,59825ac875d90ae0083b992b72dc9a57f9c5941d,1,6,0,0,58,96,0,3,1753,330.91
76,7d48b5f7d52c7fd246d32a158d0ecba9d946f383,0,2,0,0,0,0,0,0,147,40.38
77,aba565a22873439f7ee8f6d53091b3ce709fc96c,0,2,0,0,4,2,0,10,649,108.2
78,a1689adf0e0e4b92dc4909431e7ee757020e0a7f,0,15,1,0,2,0,0,1,2927,440.69
79,844e56e70451e9226fb0cb20ebdfcf1042099109,0,26,0,0,12,1,0,9,3393,662.18
80,49d4f333f4781c9b4b518d177d33523f49aec8e6,1,1,0,0,0,0,0,0,343,74.93
81,1d19158ac5333a39c8c50fbd852133bb99ac4906,0,4,0,0,94,64,0,10,678,192.4
82,84ef0f95efccfe4416a6542df666686c4d3343bb,0,2,0,0,0,25,0,0,513,78.15
83,6626ee072ac86fc843e1f720f288c5404a0aec75,0,16,1,1,9,88,0,43,982,301.1
84,135670ccf4a72557d1166deb7f441bed3a67f195,0,12,0,0,5,12,0,1,841,198.26
85,361f74c0c267904ec270bf3a636706663abee17f,2,6,0,0,89,42,0,48,2497,446.59
86,2cc1c9f65b136ae77eb79600e23e5b2b5fa8f0f0,0,20,0,0,286,73,0,86,2577,551.38
87,5df7ca8c432c1671407e29188ff6c033db435eb8,0,0,1,0,0,0,0,0,0,14.3
88,223a3e46d03c539d58e7c55b5ab2a4f1f429eaa1,0,1,0,0,1,0,0,1,50,21.25
89,a214798763e78b6434d87bb75b798d222b950c0d,0,1,0,0,0,1,0,1,50,18.93
90,5fe41420e62f259a4ba48484633b574d080a769c,0,1,0,0,0,1,0,1,49,17.71
91,d60908dcf9c8c0cfb3701d1b9b5f52e8239691df,0,2,0,0,0,0,0,0,878,112.66
92,aeceb916fce5eae892932898c9641ec045eec62c,0,4,0,0,2,18,0,13,76,53.56
93,d660cfc5269085dcc5da75ab2f8fab098a31f177,5,27,0,0,494,143,0,39,922,585.53
94,1596f8aa10e3af2549c406a90a04ab85447830ea,0,5,0,0,19,9,0,44,1959,290.86
95,83298b472161b20be5a670fc9fdcbce6fe15ee2a,0,10,0,0,176,298,0,217,2617,479.03
96,7ce0506c27df35f9cce4b797ebd493585accffd4,5,0,0,0,0,0,0,0,0,69.09
97,b271048e2f86b9d186be6b71c504c0dda92c0966,1,5,0,0,9,2,0,3,2588,381.33
98,20a6c00b5cafd152c84a5d35ab66420805d75e15,0,5,0,0,13,11,0,22,1455,230.3
99,4404e14c16c64e5599e739cac7ede0e48e7f98e1,0,5,0,0,23,11,0,0,808,215.25
100,1657302ec155567b777ae8106725efc5264d40b1,1,0,0,0,0,0,0,0,0,40.92
101,f81060229f3a70c3ea9d56d56d364ec2a2c1a2e8,0,12,0,0,26,4,0,40,2711,436.86
102,8f3b423b73a76914af2bee72db94f177b2a3add8,0,5,0,0,9,0,0,5,637,116.41
103,2cf41fe53512875a1baef933492b3961030f3fc7,1,6,0,0,15,25,0,19,983,214.08
104,87f305b608f7449ba2b622d764dbb80ab870602b,0,2,1,0,23,4,0,25,742,124.84
105,ccf42acf70609e8086c3f46b5c18ca8f6c13117d,0,2,0,0,7,0,0,1,28,29.44
106,7acd7d074a33a62c306f51de3cf2ec568dbc7652,0,7,0,0,48,44,0,44,1749,291.78
107,1236b87f48fb81f26afd331038047647f60eddad,7,0,1,0,0,0,0,0,0,256.46
108,354c848546084ecf47f53fe47a5e6a48622df45f,2,17,1,0,57,15,0,30,3158,634.72
109,188f9e6f23d4f8c14d2c51a03fef0006d0a0fb95,1,2,0,0,14,21,0,32,742,170.54
110,c56582d19b3060270c3f95443d1945a2db9b8892,0,3,0,0,31,2,0,63,593,132.89
111,af8131b86df62a693834d92371f1485c2485e2b2,1,8,1,0,15,11,0,16,2065,334.54
112,1acbfbde1f0f3e7a656bd343c7000c24f48d15d4,0,1,0,0,2,0,0,0,153,33.93
113,6e4efdf6970d9e3aef1a1517d92169e9f916e8b6,0,2,0,0,18,9,0,37,1686,245.97
114,6c9ddf9f37bc9ab5dcc8296b977e706193d3fb47,0,38,0,0,173,107,0,49,4056,955.46
115,eb22494fb48711888be644829a44069489eaff61,8,0,2,0,0,0,0,0,0,184.38
116,79b3b1c6b2e0c0d56a8839f3ac7ef4ea6ccd61fe,0,2,0,0,3,0,0,0,69,30.74
117,c9f105acd5754b52d2f11107ba86b9fb5ac7cf4c,0,6,0,0,62,46,0,26,1397,255.62
118,642dd4294eea44b6f04160f2d7ea85b4298f729a,0,2,0,0,14,0,0,7,248,57.51
119,8b387823be8fc3659782445fea63ba36bf4e0659,0,3,0,0,4,0,0,2,807,135.34
120,8faa2ea9c672aff198eb02b9c31cda8fbaa1bfc8,1,1,2,0,0,1,0,0,1207,195.04
121,920c6b2021d71c204543840a35ca972f9b89abb1,0,3,0,0,9,1,0,5,1307,202.02
122,f07a9fd89af4824f8816c4d58093d613a5620c59,0,1,0,0,1,0,0,0,311,43.79
123,8a381624d96ea284016f304625d6f46dae06bae5,0,3,0,0,12,6,0,4,226,67.21
124,ab813c36736e7903649fe1b4ff7b3d39616572ef,2,0,0,0,0,0,0,0,0,141.35
125,04cac52745075093f9b5052e46950f76c8aeafdf,0,1,0,0,8,0,0,2,49,24.86
126,0b92e8826afb00476e98837f35ba083fa164cc69,0,2,0,0,14,0,0,20,220,48.8
127,fa1c77bd3ee4cc4f5468b1ca9de167261444a381,0,10,0,0,36,10,0,45,3176,496.32
128,1aeb23aeee8c0a3d20c9f20a21a9ddd5c66e6c2d,1,12,0,0,16,67,0,24,2593,428.98
129,0c8412cb79a7269ed34100760431cafcaee5f9db,1,3,0,0,0,17,0,3,115,75.8
130,e92a4023d50f0f71c9c97c348373bb49fd718ecc,0,1,0,0,2,0,0,15,108,30.14
131,2bd1e2cac215ffdb6ee558639d0bb164b50af3e7,0,2,0,0,0,0,0,0,1224,167.99
132,d8f4792f8e20bf7c0c0ca7a057245c3fd1e2a75d,0,1,1,0,7,0,0,0,44,26.17
133,ad743978ed62cdf18bb3f8d580deb27b9b2195a4,0,1,0,0,0,0,0,0,1219,148.54
134,41c71508dbc40d690cfbaa511226a703693ac87e,0,1,0,0,6,0,0,37,1219,165.11
135,334402af58e1dac05291f210f7acdad402df105b,0,1,0,0,22,2,0,7,40,27.69
136,cda8c597fc7c51050a154d42b38d23dffdfb2e1e,0,6,0,0,28,0,0,2,1216,225.15
137,9be624fc933db5f47af82652fc0d8bf6a6db6398,0,40,0,0,5,0,0,1,5604,950.34
138,656cee4138f56ab0e2caea198a63fe531c6a0916,0,3,0,0,11,0,0,9,267,68.33
139,5c869d23e977fa431a4658305d56ac496e417e67,0,4,0,0,3,0,0,3,226,63.49
140,26b3d9442d5aa4d0a55e74037960604eda2ce2bc,0,9,0,0,1,1,0,0,3701,506.28
141,33ab394d4ac5212659f9760d6435ea1ae8a6837b,0,1,0,0,0,0,0,0,327,51.61
142,bf4262e220ca8b1710866571a969dd2377f896c8,0,1,0,0,2,0,0,1,66,23.21
143,025ac21ab112772d00cb0a0e911f2193b260a465,0,1,0,0,4,0,0,2,340,69.28
144,8a5b3da29267f4510432436a1a42d14d027c67f5,0,29,2,0,678,575,0,186,4847,1117.55
145,9052780e2d9c71128ab5b49577a4bdb02eef8602,0,1,0,0,0,0,0,0,24,12.59
146,cbe167c981f9b2733552933f1aab6c9a32664bcc,2,20,0,0,597,472,0,141,3454,823.04
147,c64eb9ebdcc3f0ba78f185ffa21a89c392b9f396,0,2,0,0,11,29,0,75,1866,289.51
148,d11960feef2d28bd45dbe754c8884c3a8584b003,0,7,0,0,29,0,0,28,293,121.15
149,0eb95f5c54e30a3850206b9ea59543e6843e04a1,0,1,0,0,0,11,0,6,73,21.82
150,3786f399a65183058e16b0ddf17e34c56c7b6d36,0,2,0,0,2,0,0,5,1877,241.27
151,70004192f1c5760b13ddc924d69596af4f6012bf,0,3,0,0,15,1,0,21,697,134.53
152,3bff065d34da5603d136a7c133f28eb9068cd626,0,1,0,0,11,0,0,6,73,40.06
153,72414e6c91cbfea5b4ef308b011cdeee69716a3f,0,3,0,0,3,18,0,22,1898,316.55
154,175f44ac81d877b4556dbb7d00d39e25ca4ff188,28,7,0,0,145,43,0,8,876,893.46
155,7102265285d719b55e61112224914532266ffbac,0,1,0,0,2,0,0,1,796,105.4
156,6f14e60b7fc14890ef2396c732126b29d4ffa080,0,2,0,0,8,0,0,15,366,67.14
157,b8291d673e065fdc24d82aca9e1e4e110e8d81c2,0,7,0,0,17,0,0,10,2155,317.87
158,bf176b63f3ec725ec73f995b6051a689a5de8a9b,0,1,0,0,3,4,0,1,41,25.64
159,5a465ae05b0dc8c9bea6412f130d02cdd1a0f54d,0,1,0,0,1,0,0,3,338,53.67
160,05d4458b4787555d98fd2fb2f2ab02a94af26ec2,0,24,0,0,14,0,0,15,589,218.51
161,e24940438a894a6f323f247e8376624912e8c5e8,2,0,0,0,0,0,0,0,0,25.56
162,7fff3ab5f629e07a7b6d8ff56fc32dd68c9766f3,0,1,0,0,4,0,0,13,1247,166.93
163,c22dd06d1475fd275909af96eb8593c464a2f64d,0,3,0,0,18,11,0,1,1012,262.2
164,f1f6738e2cef14787880a9ac15d76767aa7419dd,0,4,0,0,12,0,0,2,1438,214.83
165,6b159e940ef53bdca472ce71586c2a931bfbf771,5,1,0,0,7,3,0,0,68,156.33
166,fdff7385a6f420378d2136b763560c565d1613c8,0,1,0,0,0,9,0,1,641,99.32
167,7ac136887acd01631c855cb9c36fc918bf63c6d4,0,8,0,0,45,0,0,20,2110,372.35
168,ffe660105ab9f1766d400d459f959aa4585e5b1a,0,2,0,0,12,2,0,4,447,82.74
169,79e64fcc4fa035d753133cbf8d81c30b6e2c30ee,0,1,0,0,0,0,0,0,38,13.65
170,30eb6606016a86bf8966369bb02a4aacd2bafa1d,0,4,0,0,8,0,0,0,1008,238.56
171,c7574f8f322539ee7fbf4ec58b6a944379360f37,0,2,0,0,29,0,0,0,113,34.14
172,c5eee12d4cf6743be2f8b54131ec6f080da4b825,0,2,0,0,8,4,0,2,610,136.64
173,0d7a01cb8a1c15a8bfbb5814d2ae2c75eb8cf68f,2,1,0,0,0,0,0,0,19,51.96
174,7f52d2e951c93a3b1904f695798b0a5b8cca4424,0,10,0,1,74,31,0,50,1263,298.1
175,afeed7bfc63d9ce4d83fbf423fe034353b155854,0,5,0,0,1,10,0,6,293,83.93
176,0ce1829c73fd8ae0e37717d0ece2edb92870b7ec,0,4,0,0,26,40,0,54,2665,387.57
177,6fb46437057e4934603154a2ef320a554af5acfe,0,2,0,0,0,0,0,0,39,17.02
178,bccf1dc26f0af20b0ec70d420990e7fd9e01c4d7,0,4,0,0,6,9,0,2,945,176.44
179,612f446dbdd151a02700839705c5ebfd1fc33e2a,0,5,0,0,123,83,0,158,1951,370.9
180,02022f99315a204b7ebfac3ccece5d913f373518,0,1,0,0,3,0,0,7,103,48.94
181,3c80b8c75e65c64e49b8aec3704dd265d61df61e,0,5,0,0,59,2,0,7,2268,332.25
182,870cb3b5cf98f0bd85a2c1035f4e35e147028061,1,6,0,0,51,3,0,20,1803,326.31
183,3ac4baf9b6cbcff6d12f27fcc84e451f90668769,1,0,0,0,0,0,0,0,0,38.12
184,faada59eb7feafe7dfff8cd96ed2bb0a746d008d,1,4,0,0,30,0,0,0,1546,260.4
185,6a65a514a8d6ffad5497775f86e606f29d14ce18,0,4,0,0,17,27,0,52,2264,322.21
186,f9fc02ba8b484c904a2171c19595f91dd21d9219,0,4,0,0,26,6,0,12,1310,228.46
187,29e68d505cdc1e5b19f5566032583189dbccbd20,0,6,0,0,74,0,0,0,1584,242.45
188,aa5e98f98d15857138d7e0c6015c6481c2a955ed,0,1,0,0,0,0,0,0,384,53.48
189,c70f6c51220cd62f2ef282e256f451f899221cec,0,1,0,0,7,1,0,1,575,121.26
190,c499da8b7b0b2d9b32a3b9adc96091738ff899b6,0,7,0,0,21,34,0,26,2178,372.65
191,f8a906f49f8e26cf8710e62efa894f57f90415ed,0,2,0,0,17,0,0,12,32,27.53
192,91de46cac15c5784aac2aac51bc6b6f54b125e04,0,3,0,0,22,0,0,41,180,76.27
193,a24a76ca8384528ee3c122c79738b089a32d7100,0,3,0,0,14,1,0,16,2434,331.72
194,438b82450a5f0714a3c581852274c94f6b9f8704,0,3,0,0,13,0,0,21,315,78.69
195,b36f712736dfb89067e237dcf3837de8853a3c0a,0,1,0,0,6,0,0,2,675,113.91
196,9b68f4bf4197894c5f3eff1baf035da9eb828c59,0,1,0,0,12,7,0,36,1247,202.45
197,6da6ebed1ec106734a344d3f25c08fdcc615ab9a,0,3,0,0,2,7,0,0,900,136.51
198,c73ddd1aa894e944a37cbcfb6e29782ccbaabcab,0,1,0,0,1,1,0,0,63,26.98
199,c55f90590abe7d164e10f7dcdbf9ea1c5d0e4918,0,1,0,0,0,0,0,0,519,84.28
200,2630fd3ceebecba5932d146bc222ab8899736ece,0,1,0,0,0,0,0,0,53,24.8
201,83c09ebccc58a625088ed7de4b25cfddfdf30a47,0,2,0,0,2,4,0,2,1532,214.38
202,db809b2145521ad8a86a21d4a1aaa7619c183908,0,1,0,0,1,0,0,0,62,19.76
203,3b36d543de62262fb9bfd1b8d86b3355de0f9f9e,0,9,0,0,30,1,0,7,3583,521.58
204,0465b18a358e956a9d3d9a93ac708d5c83f420e2,0,1,0,0,41,10,0,2,203,64.3
205,87273adb1c1c4be497e7867a6d70540c4c0f7044,0,5,0,0,0,8,0,0,1727,253.72
206,bbae5a575fe8f953d51d4a9059364f567736b089,2,0,0,0,0,0,0,0,0,49.51
207,164bc44b58d21aecf752d82254fdec60377af4d1,0,2,0,0,5,2,0,6,1083,169.32
208,6b005b4f3fa444d82c71fa6810ee0c0ef5ae4052,0,1,0,0,0,0,0,0,106,30.26
209,0e8bbbf2f79b631fdb68411c50a26e41cedf724d,2,11,0,0,20,9,0,9,3169,538.86
210,9ebe18e2b494180629a7e91351832d53fb7eaf28,0,2,0,0,0,0,0,0,112,28.67
211,b0f524f3d75f36e61a1bf8f12c9f74630796be94,0,5,28,0,7,111,0,2,875,345.74
212,c89219b47bf858541070475763dbdd5d3e3cea74,1,2,0,0,14,9,0,17,133,83.77
213,13239f413eb95d9ac808a027686ee8b0e0e48039,0,1,0,0,0,0,0,0,75,30.15
214,07eb878e5aaa93df5396d2601323150d26b23760,0,2,0,0,0,0,0,0,118,44.2
215,3f4e2cd235cce246a169d90f47140f97f6e556e1,0,1,0,0,0,0,0,0,147,36.01
216,56fa3392a18add8b5739eda9e395613cc15634f2,0,8,0,0,31,29,0,0,984,281.36
217,24958ffd44cc3d79c96299a0ced1f2a881b8b35b,1,0,0,0,0,0,0,0,0,27.68
218,5893f72c17e6f11886899955cd67f18766dd5033,1,1,0,0,0,31,0,2,207,75.52
219,5a804bf5f311a524d6217967192e1712be411aa0,0,12,0,0,4,0,0,2,888,204.9
220,f5bfeea89288e354eb53182aa18f8ac6e0736ef5,0,1,0,0,11,0,0,14,84,47.16
221,450fe7b100c172d32f2f99aa7f999f6e60b4ca15,0,5,0,0,4,0,0,13,1006,246.99
222,a22bf5e1e262f98738977906bd72fbe1eb9358ae,0,6,0,0,17,0,0,1,2269,314.62
223,3d80b1a4982cca2a90e56f245e02eb329686b33e,0,3,0,0,6,0,0,7,468,85.14
224,765ee86279f90aa6660e8d14bb4d20c7fc41a80f,1,3,1,0,41,45,0,4,295,137.34
225,df0f5658a5dda48843e4502aca5a517128adfa4d,0,7,0,0,0,1,0,0,1572,252.35
226,e3031f035f121f90591032606f46b16cb158a9f4,0,1,0,0,0,0,0,0,117,23.83
227,d004f6e545fc0d1bf575435623dfae6952ac54a8,0,1,0,0,4,0,0,5,117,29.35
228,979da3823a77f6dcb6bb124eed9aab1e49d0d092,0,7,0,0,0,14,0,0,191,61.12
229,d7de304808a0484476671765c5e7fb9cde4397e7,0,5,0,0,12,5,0,13,1005,244.64
230,fed1075104f33057ee43188b8b38b1999c497a3f,0,4,0,0,24,9,0,29,2556,378.71
231,27afba4ead9b34eaf32fc783cae409d7a6763ebb,0,13,0,1,335,223,0,75,3146,647.28
232,728cb9c5df957a54fad064f24c37d8cd2678557e,0,5,0,0,21,85,0,1,362,97.97
233,830df67181827218ed8525ac924b073cffe4536f,0,1,0,0,0,0,0,0,106,25.58
234,ff4aac71c3921d9258f84e35951fe6ea380588eb,36,3,35,0,0,8,0,2,176,1493.68
235,7d09aec4f8edd298dd83c17793fffdbaa44c73e1,0,2,0,0,0,1,0,8,972,166.76
236,ea6f5071daee738708eb63aa09f11681fb3daa9f,0,6,0,0,29,0,0,27,2858,448.7
237,615fe2bbc747af5e05d0c3dc72b3b951a2a8ea36,0,1,0,0,30,84,0,8,192,56.02
238,f8269a1e47e9c8c0379f5dc0423653ab7bab06d1,0,3,0,0,20,2,0,26,1672,258.14
239,5f5472e631a4e63cde1757a8c1b9a92c38e76304,0,2,0,0,13,2,0,10,1004,157.87
240,246d4b80ab0384deba0b013c33fa5548e9de0b4a,0,2,0,1,74,46,0,0,265,148.76
241,74df13a369672a333a0a5cb6f0e6f7c47c2cf0a0,0,1,0,0,2,0,0,3,40,21.02
242,40ed226cf1c078c31885513cb2868b7f8da8c93f,0,1,0,0,1,0,0,3,696,95.21
243,d3a9d1d74559dc0a323785c25078b4be2d44fb53,0,1,0,0,8,0,0,7,559,94.05
244,ad1e1f9ca9ab7bc18626d3bbc5c1a2f907e7ae92,0,1,0,0,1,10,0,26,1260,180.6
245,5ea6853f90c61cbb248ee90fb3819f6ec65c433d,0,5,0,1,23,0,0,20,1468,291.86
246,6487762f94d66aa56213abfefc0fd3ee2fd646dd,0,8,0,0,14,6,0,13,2929,397.02
247,af3ca764702a3a53af22b8a14b099d3ca840942c,0,5,0,1,88,5,0,18,2034,335.23
248,52b268a09c5b8a7c7c3c1253ce7135939a748cfa,0,6,0,0,15,15,0,10,1973,293.56
249,0d8c1bfdfca57d55b57ad0a4a7daf9c788d224b6,0,2,0,0,24,41,0,50,1440,242.78
250,a8a0d00a4a6f5d0e88819d4c5f1d16cd0d0f055e,0,1,0,0,2,0,0,2,42,27.77
251,73d71a09a874a2df8c5a88678de6fba0a0aba884,0,1,0,0,1,0,0,14,576,100.61
252,2f06f08d95fb2c24fe14722a19b108b76de57547,0,2,0,0,2,2,0,2,337,70.33
253,d929e0c34a81b3430add1b8ca806abe5a8995698,0,3,0,0,19,9,0,56,1942,272.4
254,f0da1b58aaabef40d3a07f02f2780cdcc5b7d6fa,0,1,0,0,1,1,0,0,7,13.35
255,de2e8d5028915112545a86b450f03484663f119c,0,2,0,0,2,2,0,2,534,86.31
256,6e2273979652cae743e1f58d18fd4ff97e0a40fa,0,1,0,0,0,0,0,0,12,12.33
257,d374f82519fa43800ab80f69c905099d513b8c57,0,1,0,0,1,1,0,0,7,20.43
258,4cb3e64bff92c4caea26aa0a9fe9333c556c8c03,0,1,0,0,1,1,0,0,7,22.48
259,234d8552cfbbdf2a1377ab6d44f42e36dfac4904,0,1,0,0,0,0,0,0,405,66.16
260,d70a0b0a7c14971deeb07048d227762d03951261,0,1,0,0,0,4,0,0,401,67.82
261,5a033b71f43e90e60b869e59492357589a1aef0e,0,1,0,0,36,146,0,10,255,66.14
262,3e351091b6695c6344ad382ee28db8af0627e2e5,0,8,0,0,94,117,0,76,2620,465.23
263,b7d932f4dc1d1cee73142376baaee212df9d6ae0,0,1,0,0,3,0,0,1,914,123.73
264,e9230096ee3698e601d746259dbb0ab75190401e,0,2,0,0,0,0,0,0,283,48.95
265,678403c4fe99baa676cc89ba24d6af8f7c3917b3,0,1,0,0,1,0,0,1,1242,183.93
266,5d2ec2506d3fb9d95b3f3e3449870d5ec4dde306,2,15,0,2,87,1,0,25,2608,768.48
267,c6b29235e798d68cebbc87d8602da6706ef23c3a,0,10,0,0,0,45,0,14,1689,312.32
268,24a864704d5e9032bc0d2e859d8bfb4b24539db1,0,1,0,0,0,1,0,2,25,16.91
269,d20233e87b7c5ec02a0ada0df12d96c81510c491,0,1,0,0,3,0,0,1,89,25.86
270,39bff3580b018d0efe00ab39d78da6930c47c43c,2,2,0,0,2,0,0,1,139,57.65
271,9a88155bf0e8ffb7ae31e6aaf388dd76d03a6d01,0,5,1,0,0,11,0,1,930,224.87
272,0fdd555ace87f9d9b45635e9aa4d0f44d56b8807,0,3,0,0,28,68,0,7,1953,266.94
273,5f63bc11eba30e938a49b0a35a37021f240f6d6f,0,13,0,0,32,54,0,31,3456,560.1
274,bfce24ce252892626d9219443df3b2ae1e6b0af7,0,2,0,0,0,0,0,0,570,103.86
275,51707644ed6604097c303a2b335f60a2dbd1bbb2,0,2,0,0,15,0,0,0,84,61.03
276,97f0bea9d0a4c6fc12ea08c35cb2e9fe92a4977a,0,3,0,1,70,0,0,11,3534,1262.04
277,93a31f6a165d5530349dc1794dda9d457ca28c2b,0,2,0,0,2,1,0,6,250,57.02
278,aa12579a3c07c6233980d6f6f3ef6901de01c46a,1,5,0,0,2,3,0,11,117,92.47
279,ea98b03b76a13931673df7726cff50868a6c3bba,0,2,0,0,20,0,0,13,366,102.12
280,b2be058d68b602265d38bf61b6bfcc910c267ff3,0,1,0,0,1,0,0,3,63,33.7
281,2c59895f0bf0113c929c227a7baa5792ef16882c,0,7,0,0,0,84,0,50,912,188.74
282,1bc3a436dcc1362db9c49b8da185ee93b67239b4,0,12,0,1,18,0,0,1,2445,369.14
283,fcc06c0fef5484e12035412fa35ef389c021d976,0,1,0,0,0,3,0,0,15,11.07
284,ef9a7c1017c72783164b3a050a76947cc49b496f,17,5,0,2,0,714,0,4,1193,933.72
285,8b2c345d4ca71975c79d8f629bbda50fb24f7fa3,0,1,0,0,7,0,0,6,671,108.43
286,e6c687d1593377a8b66b0a2ba4284ebdc8658978,0,3,0,0,14,5,0,44,368,120.27
287,3067b43dc2707e696add243db6cffe3474c15188,2,1,0,0,1,1,0,0,275,111.55
288,6b8c95d8cd564d3873422c6c8acdd3565e16a19e,0,1,0,0,2,0,0,2,276,60.31
289,3df6443caf6cc96e15a70fcdd31dc340f9de0224,0,1,0,0,1,0,0,2,51,29.01
290,21932c59813e409653a4014af4b17acdcf03b9b5,0,2,0,0,2,0,0,12,1206,194.2
291,51a7b53e5b5bb6a7f2ea5958d4074b0b8ce1aebc,8,48,8,0,9,0,0,9,4393,1276.25
292,e714fed123722d200b35907c23d307af91b97907,0,1,0,0,1,0,0,0,16,14.13
293,377fb93ca793c9de4f6f7978cb317acb61dc07e7,0,4,0,0,15,6,0,12,2406,348.12
294,9b37593ad64c59f28ea3a6db52b657c914a6dd4e,0,0,0,0,0,0,0,0,0,19.52
295,79d04a0252227c9a49a848667b51fe1b67b3e971,0,1,0,0,1,0,0,8,529,90.3
296,8edc162bf6dd163ffa41d346a5fd58dabff94fc8,2,1,0,0,0,0,0,0,64,50.47
297,65bad043eb725068d5ddd65be7d53c8f69717a0a,0,0,2,0,0,0,0,0,0,12.72
298,c180c47e3ff6c22cf4013b03284c3704e65ed77c,0,1,0,0,2,10,0,3,58,31.93
299,30e6c8c0705cdeeeceaa28149ecad2e9b67d1cb8,0,9,0,0,42,32,0,29,931,215.57
300,1635b759186463483a20c9f21ae38bcfd4affbda,2,16,0,0,67,337,0,40,1317,471.23
301,dcbc0773fc84b1feb7be2a1c0a68020e83d603be,30,49,29,1,4,0,0,1,4282,2616.85
302,8e6a233085be3a9bb868391c4430cd342820d0c7,0,6,0,0,0,0,0,0,1433,218.78
303,4c9a4b4cb02bbe3f5879bbbc69baef83acb57b5d,0,1,0,0,0,0,0,0,42,15.79
304,d280d4d0ecc0c4281b0c0a25cee03bc3d51540c2,1,43,1,0,2,0,0,3,6877,1246.81
305,f48c1d7893cb45178abdfc9722c31bf77222bcbb,4,1,0,0,5,179,0,1,501,215.8
306,dee0ea4c7a16afa4a376bbcc82aeca0dfa5634d3,3,21,2,0,0,0,0,0,2953,509.88
307,1dc387a0a6f6b35b063bc6686eecc87691aaa986,0,5,0,0,13,12,0,0,748,132.77
308,8aa6130bb4826ec002640ddde4057f79a354e9e5,0,1,0,0,1,0,0,3,70,27.55
309,4e2efbe8019733fa35de3edf327fc089982b1ec3,0,1,0,0,58,3,0,7,140,71.83
310,36b5f4791ffd086b431f8eff4669a2bc5ef649b1,0,5,0,0,0,0,0,0,404,74.86
311,a0f73c7efd6ec61dca558ffcd36368e3b3d2b9d7,0,2,0,0,3,0,0,0,353,120.52
312,57d1bde0e0efdd1f4299da5014504052411d8ed0,0,1,0,0,0,3,0,6,911,119.01
313,da6dde97ce9d62bd60d3d7557f3cbef7f06b3780,0,2,0,0,0,4,0,29,380,76.92
314,dc6e91f6153767adb40749ff39f204f21961f36d,1,16,0,0,15,16,0,12,3912,653.28
315,6fb7767fc6a7169ec0e982039911204acb413da9,0,8,0,0,71,2,0,14,2523,453.34
316,9057e559a18d4aa1ab6cb2e3d7e2094bbf494b6a,1,6,0,0,22,26,0,37,829,174.26
317,8c815c72f4ea0c2b578b58e17a0a7bbd85de87e3,5,2,0,0,9,391,0,0,569,278.9
318,4ea64897feedf564027812413b46e1eb814f5a15,0,1,0,0,6,0,0,2,14,21.26
319,97d4b9fd3cc1191b376b734b723ed3389af8ea94,0,1,0,0,3,0,0,3,275,50.63
320,5d4ed8436d0cf5c89bde8849cb685c0dbe132ba2,0,1,0,0,1,0,0,0,245,57.43
321,37cf8a8cfbef72cc34dd135bafdfe77b21f6098d,0,1,0,0,8,0,0,3,267,54.92
322,f8fc7bdd771a0f87b242026dd66b712f12a53370,0,1,0,0,1,4,0,13,506,96.44
323,ea1ac1f75cb2a23bf283f4116e88a1257258ca55,0,4,0,0,77,20,0,6,877,180.69
324,f66e157e5ee393c2cf9e7fcec984a4a13a09a864,0,1,0,0,26,0,0,23,195,52.0
325,feb4f2d2b67979c7fb28e358fc3d6bd7d6a9c57d,0,8,0,0,122,28,0,18,2294,428.08
326,9fa72c0177683d34ab1187c89902041acc1ac07c,0,1,0,0,0,0,0,0,583,97.55
327,a9d8d5166365807ce15ffc3bb25f76d4357ecf42,4,14,0,1,145,154,0,22,2939,748.86
328,e7b705a80869b9949931b1533e527b5c6708bf67,0,1,0,0,9,0,0,21,274,55.11
329,aabe9f09a91b5612170975d7085c73636f51d2d1,2,9,0,0,5,3,0,28,1162,256.7
330,65d961ae783475b04e2b25b13d38871c4f4d13b7,2,17,0,0,71,232,0,20,1019,402.84
331,46ff7775f6f07511471ca9bb0cf9f506956f06b2,0,3,0,0,3,0,0,0,972,146.26
332,7f0818ede20aedde8a5f93435caeb22fa038b8e9,0,1,0,0,0,1,0,13,282,55.8
333,53a6abfe6eaa663f00b38b2e7491673b9adfb635,0,1,0,0,7,0,0,17,578,91.77
334,f15048d4d0d2f552690b53d1413db9d0c81448f5,0,4,0,0,6,0,0,9,1923,301.49
335,6c124cd285a56f78bbc7fbc78cda6039beabdba6,0,1,0,0,5,0,0,0,95,26.44
336,92a8e04b8518ae9463540a4e794d52af95726c73,0,3,0,0,14,0,0,23,789,137.8
337,0e825ebaff0ef7e8218e8e153a6c2b63dc8026db,1,0,0,0,0,0,0,0,0,10.0
338,6e225dd7f18ae8724fea0037f7099b3f12cce8f2,0,20,2,0,191,152,0,143,3523,750.32
339,2a38a13eaaa7896a92461ed7ef34884ca1e623e7,0,0,3,0,0,0,0,0,0,19.21
340,228fd03bac1a09c8794d67ed9e1e727676b82b1e,1,14,0,0,129,51,0,16,2316,512.98
341,0c3d5abbc8fcd3f21c1bd660289464ca647e1ee8,0,16,0,0,11,89,0,24,1604,401.93
342,bb8dce00f274cce2ce75b2ba3ba3de7f47023640,0,8,0,0,1,24,0,1,2774,421.57
343,9c3fba564ca4c860c1d6783458fb988883ef4f8c,0,1,0,0,0,2,0,0,51,20.46
344,2da5e018afb3cc0b1a23b807012da36bbb6e7d46,1,6,0,0,90,142,0,11,456,181.04
345,7813444a9b949b46b718d4d025dbe5a8db93f521,0,1,0,0,3,0,0,4,612,99.74
346,49e0eaf8d949f84df528fd227aa799c21cb640e6,1,4,0,0,55,26,0,5,675,153.08
347,6410feb071118aa32212b79e47657c4e475695ac,0,1,0,0,1,3,0,11,622,103.32
348,efce1b3d092f84017e9995e76bcd967ac04e1300,2,50,2,0,103,125,0,49,5889,1307.63
349,278bd7e772665af9cbd9368fdbc6222f3c8317e7,0,1,0,0,13,0,0,6,524,91.03
350,73f126dbe9451b98e0b1cf0549e0a9a075942b9a,0,2,0,0,0,0,0,0,40,19.58
351,9a80650d97ad0f00bece4b416a6d8a5bc912b590,0,1,0,0,9,0,0,3,221,47.57
352,82901024c9f4013550d1e5e8a82513d803c4493d,0,3,0,0,8,1,0,9,849,148.98
353,863ac0c60597b3ca9131936df751796768cd11f5,2,1,0,0,0,0,0,0,0,37.86
354,baa84cb4a16c4ab4d118515d8faf689553d8a441,1,2,0,0,12,0,0,18,308,75.88
355,9ad31220217bf1d697d429e4ab8c751f2cbea2c6,0,1,0,0,4,0,0,4,625,105.26
356,ef5bb6f316cec3af6d3e8de0a7caa89c1b976e53,0,4,0,0,63,90,0,4,1458,280.37
357,5af9719de39034761244823cdd77b45ca0fa6d2e,0,4,0,0,44,31,0,14,706,143.0
358,628124f7edd42e8a7c414d4b1deb43717b8360a7,0,1,0,0,6,0,0,14,202,41.7
359,e411d3c61f8a8759dd73fefa60f6c1876a330208,0,2,0,0,5,3,0,6,752,133.18
360,cffa3a254e26f9101e9339a69671aed51b8c6735,0,11,0,0,68,83,0,74,2355,511.91
361,2bf301a4dfbdb8bf275d79a26758d14bbc35af28,0,1,0,1,0,0,0,0,131,68.06
362,3607d3e0db9bd4aea7c653c9c92698a36be23679,0,15,0,0,177,187,0,1,1126,319.89
363,e1da900df86527dfa376e824bdc12f2e9f63b705,2,8,1,0,110,55,0,29,2203,429.39
364,cecc9e99ffc9386557d2e97ee24cdd49f6c8c4f7,1,1,0,0,0,27,0,3,14,44.74
365,495467870bb0ed4951d4e6a158080721032c9622,0,1,0,0,0,12,0,9,262,43.16
366,21da84cfea2e93c9403c1c6bbb84c346f10d55f0,0,3,1,0,0,50,0,5,500,102.94
367,0c08836299d84beeb9d918708c82e09c7813f376,0,1,0,0,0,0,0,0,537,86.99
368,c70e4fa9841998e92511133a9032e461bc7039eb,0,4,0,0,0,0,0,0,552,88.92
369,ab778e22e4051a9b31e4138d424d1d89f2c162ca,0,4,0,0,19,181,0,0,246,87.34
370,8df7f797818e5e74c701598c9e1d5653c404cb1f,0,1,0,0,0,1,0,0,11,15.05
371,2eef957d3686ffadbb6b235aa9201b7c941cbbf0,0,18,0,0,198,0,0,93,2400,603.85
372,20ee89aa4c37e15c404ef3b8599508a70cad750d,0,2,0,0,8,8,0,4,1295,205.59
373,eaa03f245b095b907f820323125cad63586de282,0,6,0,0,0,102,0,21,278,87.93
374,4aa78f4f281cef2acfa3109f4c52a2182cc4c200,0,1,0,0,9,0,0,2,106,38.28
375,64842079e043034492ac0c36a4b062d58f7000a2,0,1,0,0,0,0,0,0,115,28.33
376,a390d36ef546cd48cd4998f11bc043c6fcc752a8,0,2,0,0,1,0,0,2,1303,192.61
377,8544e3d1f36e66a066986c771e57f86acdc9f8f0,0,2,0,0,8,26,0,1,599,139.71
378,4e03053213814690150f1613d158c88e5deb448e,0,15,1,0,16,24,0,10,1405,308.27
379,8d5e1e702520f72566dcef5e7ab852ed03680759,0,3,0,0,14,7,0,20,1068,191.78
380,595b75b10536279115292a841f4df8ebded5bba0,2,6,0,2,35,73,0,16,415,216.63
381,822ba8bc3ba3f472047b916c9809aa657ac450b0,0,5,0,0,28,3,0,0,1026,177.86
382,3f3e2c575620d78c1df34b15a1c4815f16dfb1ee,0,1,0,0,3,2,0,10,273,48.22
383,1eda3c24396baa2067d8a048fd98a6ac13785a55,0,1,0,0,0,0,0,0,208,31.57
384,db289cb669d5a3c5c5db89543afb9a3082f9d713,0,5,1,0,16,54,0,44,1576,329.78
385,b365b0bf619e43e2fb628311f855a183c71aa3b9,0,1,0,0,8,0,0,0,231,53.29
386,bf4536f713120c489aa9f02e233617f59600c8c3,0,4,0,0,7,5,0,17,971,168.82
387,6c53f19fd4e794713c9dc97a9d18efc46794d3f0,0,1,0,0,4,0,0,0,212,46.37
388,a7f415b7d2898ff9452d682c68f182046f2e9a41,1,0,0,0,0,0,0,0,0,12.03
389,64a2a3e505ed108f62eae66618128e86baf264cf,2,1,0,0,0,5,0,3,104,54.05
390,192e43828959bc081e6c2a68232d4a98d72a4cf5,0,22,1,0,42,22,0,11,3162,645.84
391,423fca2f16ef73c1e4bce7cf11660a510be1456e,0,2,0,0,1,0,0,9,370,70.88
392,cb9d5865138a114afcaddc51522ee9f0f3f91477,0,0,37,0,0,0,0,0,0,188.62
393,c37590cd99bc5995c73ca4f16dd4fe8bcc4505e6,0,2,0,0,2,4,0,4,615,113.53
394,6829ba8a01fde34d3606a108da13d5299c6b2824,0,1,0,0,0,0,0,0,231,43.16
395,8b292ae202e2e6d7ee44b8f099539e1b70a37313,0,2,0,0,12,0,0,5,896,164.05
396,6061624031afa4c2fbf9ba68773deeb9128f4eed,0,2,0,0,14,0,0,14,1313,192.01
397,8d0665881e97734b395e6dda26fea2abbb85f7eb,0,2,0,0,12,8,0,5,910,147.59
398,f4d0096a0624a49e4938e82823d666986306baaa,0,4,0,0,24,18,0,8,1029,170.04
399,f328681e00d79703c99e661d4d3b603e6f5b8ef5,3,9,0,1,112,80,0,77,1050,371.81
400,359fdf6238f5cfc432f39aa9d65b5a7b3ef199ca,0,7,0,0,42,6,0,37,1029,263.78
401,7e0dd33fb7b816b0f5dbac13157bd91a20d1f8ed,0,5,0,0,3,35,0,2,246,63.84
402,3d1b788109ea007d0c68d5dce9f967eef574ca13,1,10,0,0,46,8,0,2,468,151.03
403,2a543ce103d9cc7b36ad0b09d0751ab441b27433,0,1,0,0,1,0,0,7,648,107.13
404,fc7351288ae2f11709a7500600808d6a8d29d31e,0,3,0,0,57,3,0,0,1148,229.83
405,3dec8def1cf558dbc0518fec40cabd3705f09d8f,0,10,0,0,111,58,0,41,1440,351.28
406,0271ef616d35cf0d1ed79f0ac7242368c14f38b4,1,0,0,0,0,0,0,0,0,33.35
407,1a7c2fc882d311855517d8b25132f0600c30e716,0,3,0,2,22,10,0,8,94,68.84
408,be8ef48869f73a5a625897ce33ac617f5b51e88b,0,11,0,0,36,31,0,70,2396,438.67
409,a55aa0c51752d62fb8eff9779e74e43c9fd5708b,0,1,0,0,6,6,0,1,54,36.08
410,fb9dc18b02c2c227638e2810679430ebd576c564,0,1,0,0,3,0,0,5,658,139.17
411,a3aa3548c41a0862997631aa14aec7925b3fa3ed,0,1,0,0,0,6,0,0,218,51.58
412,4400995ff81d4c8b6eb6267de77e038ef74419bb,0,3,0,0,9,5,0,1,676,117.62
413,9e2352ae39280d091678a2d777e295e9b06d19b5,0,0,1,0,0,0,0,0,0,8.36
414,5582a057456a1150a208dc441c2a4434f1f02c90,0,1,0,0,5,0,0,0,545,87.94
415,b5ae8db868a2f79d2bc3af6799ac3a570a5f6f48,0,2,0,0,5,0,0,0,879,167.2
416,c32f6e31bd50103f47465aa58a3320fd49ce3e04,0,5,0,2,44,12,0,2,606,193.56
417,a6457d7c042a96ec4e807bcb2e7c73806a5cd78c,0,1,0,0,0,0,0,0,56,22.1
418,c3bb630ef23429f66f271e44d19d371ed5cdbb00,0,1,0,0,0,7,0,2,216,60.73
419,545a21579af875addc7ef248a30026f748db40fc,0,1,0,0,0,0,0,0,239,34.31
420,d2c38ff650fce3d259f80b0cf354ba4bbfd6e2eb,0,1,0,0,0,0,0,0,238,59.98
421,4a04330d7f303a75768cf0eda4949dcd8b8c3907,0,4,0,0,24,20,0,9,321,88.73
422,43841d04f059fc767360d98abce83ee59a557285,0,1,0,0,0,0,0,0,122,31.15
423,390233511b52b92991f619fbe1c96cdc99b5d37e,0,4,0,0,2,0,0,0,173,52.6
424,1bc0a2a0a37e689685d1c69a29c24999890deaa0,0,1,0,0,3,0,0,3,275,48.6
425,b58c15a6d75cee6bf73c1bc3bd24a63dd146e07f,0,4,0,0,1,0,0,0,418,94.7
426,132a6442602dc68281c6e08a4d0392daeffec1e5,0,2,0,0,18,0,0,0,377,76.2
427,542bff9b3bd59784d866bea89675e5015d21d7a2,0,3,0,0,20,4,0,8,1280,231.18
428,00cd1d2ca3e99ec3dcd1ab670ef522c44f1fbde9,0,11,0,1,8,2,0,2,1565,287.4
429,de39e81f3a68fedc185c9c53894e869fc42a39aa,0,2,0,0,121,91,0,1,789,180.01
430,1342ed9b5c11a286d114f18b912f73670ef310db,0,2,0,0,2,0,0,2,294,75.07
431,76d4d811ebeb86b63efd08bde811cc4fac4fc45d,0,1,0,0,1,0,0,3,99,32.66
432,d27aeca2e5be628e15ee07f2b14cdc9d5378f8a1,0,7,0,0,4,0,0,0,429,91.59
433,b3437875a64e38b232b400e8464f3ba08b252c9a,0,5,0,0,5,2,0,0,816,155.52
434,d5b1dfe30c20f697105a89124042ba11ea7e3657,0,1,0,0,0,1,0,0,17,15.56
435,3af4f2f2f56717ece1e6a7d78247156a10464b2c,0,6,0,0,2,12,0,0,506,101.23
436,d09a69762070ba960698f0284cd92afb2e2075f7,0,1,0,0,6,0,0,0,220,56.59
437,b33ad41da317f24b6b578b32967ed7b763f70aa5,0,1,0,0,3,6,0,0,225,54.69
438,ae97400be0dffe56c3f4263afa8fdc4a1dee382f,0,3,0,0,0,3,0,6,844,186.58
439,a3c07a40356829c4051bd8c0f155096efd0b6d09,0,1,0,0,0,0,0,0,132,30.65
440,bcbcbc79f4817dc78dbf405f5337af9381d85d1c,0,7,0,0,36,7,0,23,1098,250.61
441,acac3a8a952c3c4f397e323042b9af8f406ea098,0,5,0,0,69,117,0,26,693,217.56
442,1901b253653f424d15ad354f1d909534fca03289,0,1,0,0,13,1,0,10,683,134.3
443,070112eef28c82b500ad7fa82cd06364a7de4e3c,0,1,0,0,0,0,0,0,11,19.34
444,3224f18ba7e8db44c1c18b8e59e31eda5bd9039e,0,2,0,0,6,0,0,2,1374,229.93
445,94eba4e517687d29b974113351be9c3b313c89b3,0,3,0,0,17,13,0,3,881,152.09
446,1f93bb57083b4c85dd7ff12051f9b2f869fd99f9,0,3,0,0,8,7,0,9,1652,273.24
447,20f56cc97dedfb52fd2169aa0bbfbcc23e14df70,0,1,0,0,11,0,0,0,145,38.96
448,e157ffc9c60cdfc40db4f67a021383936025e235,0,3,0,0,31,0,0,1,906,178.22
449,6fe7bfb4815b7fdbcea68558a66d470dbba69ee5,0,2,0,0,15,4,0,19,552,99.48
450,b022dd6a5645948738fe036f5394b38e4f70629c,0,3,0,0,5,0,0,3,1030,162.2
451,f3549073a7c80908139a12610d2616c0e1c470b0,0,1,0,0,2,0,0,0,190,42.31
452,ffa8d836cd1193341220677fe74ee72bed483463,0,1,0,0,1,0,0,0,31,17.83
453,e652891ce1d43ede7f5a36f4bc8feb260d243cce,0,1,0,0,1,0,0,0,192,45.52
454,36f0d36de99c5001b12626a366912e459827004b,0,17,2,0,79,112,0,60,2810,571.52
455,e60307ea31ab407c18dff465ab9c7fe840e8ba1b,0,1,0,0,0,0,0,0,6,8.05
456,5162324ef948ebd7c1db2735e9d1ebc1713b9476,0,1,0,0,0,0,0,0,127,25.38
457,8c2399fee88efa07ccf53f901a465825de7337a0,0,3,0,0,17,2,0,3,123,51.33
458,e545586c0d295fb21b2222be3e255c030e8b5984,0,1,0,0,1,0,0,1,6,16.95
459,34f05ef4ae72ae99a877805b3a01d9230f1cf643,0,2,0,0,25,0,0,5,585,118.93
460,d37bbd20d1926e49bb415203dad4a3d8f897ce6f,0,1,0,0,0,0,0,0,256,60.88
461,422c3ff6057f2fb90916ca514fcc30e4a453f993,1,0,0,0,0,0,0,0,0,43.82
462,fbd80780bf53876f75222d8352090a5329f648d3,0,2,0,0,13,0,0,0,229,65.1
463,d136ccecaffad74a69b841ad1b2130f74da3ca65,0,3,0,0,12,121,0,9,420,102.73
464,f656ae19230bdaf55348ceb760173b7d88b6b368,0,2,0,0,22,22,0,11,156,50.71
465,d6522ebe2d343868284ebd6a8f6658055ca5864b,0,1,0,0,0,0,0,0,195,48.2
466,d5f2595ceee450a92734bfcc9665a8a604cb5bbe,0,2,0,0,12,2,0,17,390,93.54
467,5fe3fb7d0bc58ec70d4e213fc178a8eaafb286f7,0,1,0,0,48,0,0,1,12,45.81
468,f3b2cef9e06335b047903e2a76da6772d9924e63,0,9,0,0,37,32,0,15,1089,283.89
469,a34a37985f43b9101a3921aa54b0e7b0e58ba377,0,2,0,0,12,1,0,29,701,122.18
470,4f88dbf419cfa96874b7e7c8859277b4d65ac787,0,2,0,0,0,0,0,0,101,37.98
471,a44cb5bef8697eb3f9bfcf3605ebeb68fae86c17,0,1,0,0,0,0,0,0,166,33.18
472,3d8fc40fbbb285aa42bbcb9b3508528bdbebd99d,0,1,0,0,21,0,0,24,677,136.02
473,27f37b6365d13cb26b33109ba4924cd2bd69b513,0,2,0,0,2,3,0,0,392,65.47
474,ec38a78ca8c45621b9c2d920d45edd1fdd9ab8c7,1,1,1,0,6,6,0,0,57,48.97
475,be3f1a6ea3b773fac90f11eb3537259feeb50421,0,4,0,0,152,46,0,12,220,116.08
476,80843cd04dcf2bc2a7950945195289293df939f3,0,1,0,0,2,0,0,3,146,36.14
477,440f7256eb272a3794552ab63b3dc433bcb9838b,0,1,0,0,27,0,0,14,661,137.9
478,92f0ed2a2af2766f4efd7517f2f3b52e71aa1d36,0,1,0,0,27,4,0,1,32,37.52
479,16de09b3ad949b2f6b2b5e2a51fd2bbf3e4aca4c,0,1,0,0,0,0,0,0,95,31.91
480,f84b20bdf5664bf968ec0f374f420e2d5f91121c,0,1,0,0,0,0,0,0,23,23.61
481,0330ea17c1b47df84d4c3020f297baebc27f7b88,0,1,0,0,0,0,0,12,688,92.56
482,f8c8835c7df699bfb6bd99100e7fa55916393b85,1,1,0,0,38,20,0,6,99,56.69
483,febd92015a0882dbf8a553e4a028df10585f50d9,0,1,0,0,2,0,0,3,688,112.55
484,3b544ee93ccf94bc15504e761c988c7dbd4776ab,0,2,0,0,0,2,0,0,876,134.75
485,f08923b0d65074cda3c4e04b318be34d068ed1de,0,2,0,0,289,0,0,0,3315,613.28
486,a68ef955d136e7b24de271b9e1f079f725d042a8,0,2,0,0,10,3,0,0,161,49.85
487,37b6f7e42e6f5132c9c916b0f6ab3f5ed2623cde,0,1,0,0,2,0,0,0,56,21.96
488,0a9f7e62f6927faef7f9ef813885c93327df7e67,0,2,0,0,21,0,0,4,205,56.43
489,e4449cfc8f58b997765d1450e8e97f1c36927c97,0,3,0,0,12,2,0,2,521,112.91
490,809180eef2f86d7efab042487bb730de5668dfcb,0,2,0,0,12,0,0,12,1388,199.73
491,5710476a73129e1498cca1c86333971aec707bc0,0,1,0,0,0,1,0,0,33,17.1
492,70e8c417d09319cd51880b8b72d1801c516d164c,1,7,0,0,224,144,0,12,1394,362.12
493,b3bdd512f35bd9a52d0aec18c4362b34cf250c73,0,5,0,0,52,71,0,65,2004,345.95
494,92bd62bf589a7e2c24b6cda932ce1644744ccd0e,0,1,0,0,0,0,0,0,663,108.35
495,165e2ed915e53ada83705fa456732b0287bfe91a,0,1,0,0,0,1,0,4,718,116.85
496,4c86428312cfe1dc1200229a344342f92e1a16d0,0,1,0,0,0,0,0,0,718,122.93
497,942c54cf565894e55c33f615f20db571754948fa,0,2,0,0,6,3,0,11,792,146.24
498,4f57d5b496c9e6dfee34246ea5e07eff7648e3b0,0,3,0,0,2,3,0,2,367,79.26
499,fa86731a5bc01ee63a650a072c7e19a8733679f3,0,3,0,0,0,3,0,0,766,127.68
500,f34578157ccd05c5e821f85872c522a85400888b,0,1,0,0,19,10,0,2,48,50.57
501,0c3bd478b32da8c469c91c3bf091c3571c37ad9e,0,3,0,0,10,0,0,5,326,71.76
502,6cab23c4a04acd76edc31b96b3c35ea5a113484d,0,2,0,0,22,38,0,2,407,100.89
503,a28a8219cb720145c0e7bc0c1038a56abece9157,0,1,0,0,6,0,0,14,663,130.75
504,7a33adc9745220b910568de04720e7a91f576e9f,0,1,0,0,0,0,0,0,722,150.17
505,14160de524803cc36d6ca9a7865810cf81806c17,0,1,0,0,12,8,0,1,714,129.04
506,c41834a778dc7d0c0b472af9a4401867505c6718,0,1,0,0,0,0,0,0,570,82.17
507,0ce4989273f161df5670bd5b293d13ce7671d251,0,4,0,0,90,70,0,6,159,96.38
508,991dd0ee762ef6dca91793d43a4f05c236757f15,0,1,0,0,0,0,0,0,228,37.73
509,daccae3d26235040ec35f452bec4334be159348c,1,0,0,0,0,0,0,0,0,42.71
510,e1ab934e5d80c32b63db7569f76b12375fe2a6f7,0,14,0,2,107,0,0,7,3072,759.57
511,e1f22ab39981e3478e36097d753418a10f889372,0,1,0,0,0,0,0,0,228,44.48
512,78b53558b82d157a160faa98f065b947b07b42ff,0,4,0,0,111,83,0,19,1922,340.25
513,aabc02c44b12963921eb8d01cd84c8dabe4425bf,0,1,0,0,0,12,0,8,292,52.86
514,282810c65ea65671e6d346cb14ed11d901b3a0c8,0,2,0,0,4,0,0,1,853,154.62
515,1fb69ec11a9d1dbc72a70d0d6a078bb4d609b80e,0,2,0,0,0,0,0,0,337,58.84
516,9460067fd85568f9eff7c57bb93aacfa01c9d6d0,0,1,0,0,3,0,0,1,638,92.44
517,e30ed932bb10814527d16483059c6247cb9178b5,0,13,0,9,1696,249,0,22,3783,1292.29
518,fddd62e6c513fa576a648e0f270746aabca0044d,0,1,0,0,20,1,0,25,130,43.79
519,462fe1e5dc76247cdfbfdb07c63a9a285a6c4069,18,10,0,0,108,36,0,42,2821,1083.01
520,6cb9d9ff7fa8ba9636d49eb42c105202f5ff3315,0,4,0,0,0,0,0,0,305,93.43
521,ed98d6bc25ef019d1f93e7ed7ef7314fe392f291,1,0,1,0,0,0,0,0,0,57.79
522,3e28fa30b7416cd46f95c6fcb215dc861c6ab9d9,0,3,0,0,34,2,0,18,981,191.5
523,90685d499c02bed3f5fcdcb4591d1a0832f559e4,0,1,0,0,2,0,0,0,181,39.58
524,f277d7d3b0ceb67e306c1e11a863d50b1f8c53a0,0,11,0,0,10,16,0,5,2588,487.23
525,bd74b7d721c8b28e3240f88c852c75fde96d7e27,0,1,0,0,1,0,0,1,59,31.25
526,a1f8ee8ac1b5c9c484c1d578c89a52e52072b421,0,2,0,0,11,4,0,2,108,43.23
527,1491efc79bffcd15ddb9b240bcfc8bd1687ec8a8,0,16,0,0,50,42,0,27,2024,413.02
528,7632f2b7631d5871f60f1e547060e569165017e1,0,1,0,0,0,3,0,2,163,39.25
529,d1adcf16293b7a8bef100dd58806f74c38be2a85,0,5,0,0,67,84,0,10,1780,301.66
530,93ab23183b488c0999e2edc70d88fa5f2776db21,0,1,0,0,0,1,0,8,645,98.86
531,99f695beda613181aa5f16bfc26fddaa3da752ff,0,2,0,0,24,0,0,66,1420,214.31
532,776b740aa4dcee9c4e61746376b436d1f901c06c,0,1,0,0,0,3,0,56,665,94.46
533,15406ddda7ff65fee59d58504c25ab8e2d0a277e,0,3,0,0,2,2,0,7,1495,257.06
534,78eb75fdbb96aa08f082df92423ec3300f2b4972,0,1,0,0,0,0,0,0,667,101.63
535,003025211919b377f09251a01ec590805ac546a6,0,7,0,0,59,0,0,14,1284,276.66
536,3e7dd73cd1834e0f8ea3a04fab7880390f047717,0,1,0,0,0,1,0,3,775,146.24
537,65852deff9539aba7fa3595a8abff7057ea3df7b,0,1,0,0,0,0,0,0,22,19.04
538,d49952f979ee15a5c40677b684fae7217cc3491a,0,1,0,0,0,0,0,0,76,28.09
539,1bc2142c542b52d816617687e2446adc5af93cfe,0,8,0,0,0,0,0,0,1924,337.84
540,9553b1c946bcea6cc066f7cb65d6cda44d9702c9,1,0,0,0,0,0,0,0,0,31.75
541,2e13c047ab34bd6a60b1c05c35fec782aed32aca,0,6,0,0,16,2,0,2,835,201.46
542,3b540886dfdbe7ad508e60e946bbc8eb17cbb467,0,13,0,0,21,5,0,29,3002,570.63
543,6b32dfcf0e9fb695a7cb9ad9950ff842bf619ea5,0,9,0,0,13,1,0,23,2606,442.8
544,7c0a0af77c58bcb69e3af47957b08318fe72661d,0,1,0,0,0,0,0,0,257,44.12
545,16a2c45780fd8be50f0c5a856409a8d94342cb82,0,1,0,0,2,0,0,5,119,30.09
546,748b21e94a7ae3f8a18f94f8aa0bc3d33f3223ec,0,2,0,0,8,0,0,1,92,35.93
547,62c4e4b5b41015b64f0385d04bf52d1758956995,0,2,0,0,13,0,0,1,100,39.48
548,42b368a2c545422109fc570aac95499e83aa7cda,0,1,0,0,1,0,0,8,150,35.36
549,8f96de140a9cbcc835e6754e6d5577b41eead4d8,0,1,0,0,0,0,0,0,0,12.02
550,5982c95d8e9fd168dff581490a1377757245c947,1,1,0,0,4,0,0,1,628,112.41
551,c912849278dded960d2c9831f5f66c9b99abf810,0,1,0,0,0,0,0,0,60,17.34
552,aa419f96dd626ce49ccfc5f4cc73bbbbc782a715,0,1,0,0,0,0,0,0,350,49.18
553,2dbdd19cccce73c09d877ae7a6fecbf2ecf13dc4,1,7,0,0,0,11,0,0,158,76.19
554,d65e0b2bd61d88a69b6d7c386a704b06c0f7ffd3,0,7,0,0,20,1,0,17,1266,250.53
555,804155c5419b8dfec63acc70591fe3181e61c005,0,13,0,2,16,2,0,1,1319,420.13
556,97867f9a951e4700046f3b2c783da0f4052961a8,0,1,0,0,7,0,0,0,59,21.94
557,4f99f3a9e8f7871a0df3955afa78804849360f21,1,1,4,0,2,66,0,8,97,129.95
558,c3542a31ed5a2ecbc92dcc69bddb249119a13f69,0,1,0,0,0,0,0,0,152,42.49
559,67c748bf1a01843c4a9f0aef108dfcac41a08d74,0,2,0,1,0,0,0,0,16,37.99
560,6ae1f385dc268745c7700a199112b10793714bad,0,2,0,0,7,2,0,1,210,81.27
561,b45191d2d9c5c0481042f29e4e909e375cb9f356,0,2,0,0,22,0,0,0,116,52.29
562,70dac88e1f43c4c7d6b4fff2b7f4bd024be639fb,0,1,0,0,0,0,0,0,216,41.23
563,b99382cd1addb11824465a0aa67550b62a95216a,0,1,0,0,0,0,0,0,216,51.74
564,e45a93170d58a8c838db791c9517a51216836dfa,0,1,0,0,9,6,0,5,165,47.6
565,9607acc45e252d6865997f092c5d8a36b09f4123,0,1,0,0,0,0,0,0,67,22.5
566,c75ea989d657b10616b7a2230501b7021f7ebe18,0,8,0,0,72,10,0,39,523,181.2
567,0a3560ccea49af95751f73efeb67b28ebe2d65f8,0,1,0,0,4,2,0,9,172,52.18
568,99c892f030c3666f60930f28644c35a0b7186946,1,0,0,0,0,0,0,0,0,68.03
569,609ff27c831383077c68b5f40484ab713c7a3cda,0,7,0,0,0,6,0,0,584,188.71
570,89fd7417f7ff6f5dbdcc22de1eb32d58b0c81bc1,0,2,0,0,0,0,0,0,164,34.21
571,de4573e592088f614d0987b8021bdea317053074,0,1,0,0,0,0,0,0,117,30.21
572,3e498e2ca60767fef4db937b88eaee2f685daa1a,0,1,0,0,0,0,0,0,121,20.5
573,2a4f9bfa2a575841a985a7904f25d6dd33775ff3,0,2,0,0,3,0,0,3,291,63.41
574,0e1e284dc2b0ca8adbb26595a7ea690a444d4340,0,2,0,0,8,7,0,1,270,58.87
575,767f6057ffff460082478258e8259776a13b2a10,0,1,0,0,2,0,0,5,634,97.6
576,fb1659cf07434d4b179c7df7621fcf454f83ab2a,0,1,0,0,0,3,0,0,11,11.12
577,db217e6a153928cfab79b030ceb351b6fb543642,0,2,0,0,1,0,0,0,488,95.17
578,5b2e15021c2bf891154fa455be928680c9aa84da,0,2,0,0,1,2,0,6,827,142.53
579,ca07a6f30b0311d82cff75f2e1e30b6b825e70e6,0,1,0,1,0,2,0,0,2,53.17
580,44b55114b4dd65c26952ecee8b9f9ffed24c4b9c,0,1,0,0,4,0,0,9,246,84.58
581,a0cffd6f12ef25cbbb19580418eac71ed0ed5c69,0,1,0,0,0,0,0,0,250,63.54
582,a171d577659234d5367a77db8779b843c6611d54,0,1,0,0,7,5,0,45,631,113.21
583,a3b452e9b07793fb8446f75f1a93966dab1961cb,0,11,0,0,150,17,0,29,2744,515.12
584,5e3815484cde31fd975423b6b1d423198dadf90d,0,1,0,0,1,0,0,0,60,19.62
585,fd5543190c43feb8ede2056338ccf4622e94c99a,0,2,0,0,9,0,0,5,150,62.99
586,b5200e0ea6123450d42c7f9c904e18d9b5d13dd7,0,1,0,0,0,0,0,0,678,101.9
587,0eb54f38b789a4e56864bda3de89003eeed8fd94,1,12,0,0,69,9,0,2,2702,533.43
588,4357226cd408faf6ea8a1758b754bea4676eb2ce,0,5,0,0,6,2,0,11,591,135.57
589,d0ce40d1ec9f08b769559a1eb6b4bf5adff98138,0,4,0,0,8,0,0,9,1768,296.5
590,d5e81859e1c713d8d96c966be4fff3203e73b16f,0,4,0,0,43,29,0,18,1004,192.85
591,8b6b089f45aae345d22c9b58933d84e25cecda9e,0,2,0,0,25,4,0,2,141,50.85
592,ae1653c001f5d3b5ed478311443984ac54169b93,0,5,0,0,15,7,0,12,940,192.67
593,ce3e6ccdff56430cedf05c250c3c02117df9b3b4,0,4,0,0,9,0,0,3,167,76.24
594,75183498b87a0ab08510c705b5deb5e9d2d9d198,0,1,0,0,0,3,0,0,13,20.12
595,2ee2b85eacfc54516fd1ea28b3a3ee52bc164096,0,1,0,0,0,9,0,0,246,48.63
596,7e1d49358de61a0ba14165aa60398a187cd1b388,5,5,0,0,1,65,0,0,588,188.06
597,cf7ae9adcb6b21efea3bf528ce229d073e91a8d9,2,7,1,0,4,1,0,19,1873,375.69
598,2de525ab3352363b16e3bc51ca8f28b40db44cdd,0,1,0,0,9,16,0,2,265,72.07
599,4c550fb6b94e083b258829fb0485506b3f30d35d,0,1,0,0,30,3,0,10,367,77.67
600,85fcfc11cad934a80f303a5ac2faa9a28fd6e8ac,0,2,0,0,3,1,0,1,819,147.98
601,fa829b301ebee9fa16b60bd5e2b5818df6fd1155,0,1,0,0,8,0,0,4,260,61.51
602,c18a71372616eb52a6dc4911974689eeede0bd42,0,1,0,0,0,0,0,0,60,15.99
603,cb41078c8d4b68eea2f240a42b333b7fcf1cc66c,0,2,0,0,18,0,0,5,111,70.4
604,52b20f4b18505bf1636827ba4bcddf272b5b5780,0,1,0,0,0,0,0,0,0,11.46
605,ae27a2bc3f7681fadf1bb8e9a6bd9c79e4d20d29,0,1,0,0,0,0,0,0,60,20.92
606,8083c6a0b2e5e03279243443361034f7a4147b6c,0,3,0,0,61,0,0,21,235,107.23
607,48079011942f8871bdef228b8e46fbce61ff1a3e,0,3,0,0,0,11,0,20,1706,281.95
608,e95b049d337ed16f8f4652e67f3551ced4941447,2,6,0,0,27,0,0,44,2227,419.62
609,aeda522393ae88209f152d3ca8ec528c8eab930a,0,3,0,0,9,0,0,7,986,169.91
610,ac1074b8cec46626417f3744c3f74a2a647fe335,0,1,0,0,5,0,0,25,687,130.32
611,5a0a0df8bbfb73082739b6379ab45403622a4a78,0,20,0,0,5,1,0,0,2460,558.59
612,e352c5dfe125ec69e59fcea51ac472d9dbecea4f,0,3,0,0,1,22,0,0,643,133.56
613,9dbddf3da40e30a3658a60bde2337bf3a2f8207c,0,1,0,0,0,57,0,2,18,21.62
614,ea06419301661f1cb5eaf3dcb8f5e682ede261d9,0,1,0,0,2,3,0,1,15,23.47
615,ad3c964f421de5c3bd86d7032859753e1d589252,0,1,0,0,0,0,0,0,69,23.41
616,5418547132684f1a7fa4ed42508f85dba70e830f,0,2,1,0,21,0,0,0,805,144.14
617,59a2ad7eace94c6152c68744f1e9fa6a45380a0b,0,1,1,0,1,1,0,4,151,44.36
618,f806f7fdea7638f197fd0d2dfb785ea045dc5057,0,1,0,0,3,0,0,0,17,17.77
619,97fbf7da76a06a39a0503476290abd459bd6e79f,0,1,0,0,6,6,0,49,686,131.98
620,d6997a949f366ba8669e7432fcc95ea81666d748,4,9,0,0,70,201,0,69,2175,569.95
621,062e954a03e04749b608270fd2ba28099ce4c17c,0,5,0,0,8,49,0,8,955,188.25
622,8a7a750b2ef897fe3dcc4a5c66a9f0b57d921686,0,1,0,0,4,0,0,1,75,31.87
623,e408380bd1f59d99a281b631e3e4345f0ea7ff91,0,1,0,0,9,0,0,0,681,120.31
624,f78f944026075f7fd22a1f1dbfb7f7e8ac8f2364,0,2,0,0,0,0,0,0,73,28.55
625,8fd65c9fbf51884794882c071a994b712f88b232,0,9,0,0,149,0,0,18,3028,593.16
626,bf53013be5c549244f5bfc79f9d88bf3c2a6baa1,0,1,0,0,5,0,0,4,343,63.65
627,d2e77503f864ebafd681342e214ba105c5f1b501,0,2,0,0,0,1,0,0,409,68.02
628,5ec924f50b0262dba2fa61106aba4e65845bc434,0,3,0,0,17,1,0,9,1554,268.02
629,4171e160163621fcf9580dfcaf6539f3b0c92dcc,0,1,0,0,4,0,0,3,64,33.06
630,2492b8b6599e7424625756f4b6a37abf7d4f7d2c,1,2,0,0,7,0,0,1,11,52.73
631,78ce1b10c99e206776b8f2834114eaf85306ab92,0,1,0,0,0,0,0,0,18,14.71
632,cbb74b4630168e2f793333dc8bd81b60d3132749,0,1,0,0,0,0,0,0,179,37.81
633,b396f6b5f6d902d5995d6ce2fccb67a170c6d07b,1,8,0,0,0,13,0,6,1547,291.32
634,01f09c10366ac917ca04b3a84ee8a6f430f5586a,0,4,0,0,13,5,0,8,1135,184.13
635,67fc6fdb020295cc3d79b8172e7a9513904d45aa,0,2,0,0,27,12,0,5,87,55.57
636,8e24a9fa031304b4fcbc06da1952d84788f46053,0,5,0,0,1,8,0,13,1881,303.64
637,ad9b391811b372eb7a42db2ae5c7c014933e2ce8,0,2,0,0,0,0,0,0,1114,167.35
638,b5bdaf2c1f5ade0e5b6d529d5235277dadd65858,0,6,0,0,8,1,0,0,1157,216.45
639,79be2d87f7ae88f3ced2c48d826409a6b8c7b3ff,0,7,0,0,48,4,0,30,2434,433.97
640,fc56f9ca0df6cadee38a03ce3ab5ab0d86a7261b,12,5,0,0,43,0,0,4,790,459.23
641,83cef9ee786ae1d4d933fc092355acdb325179b8,0,3,0,0,4,4,0,1,82,47.66
642,7525d8ff531e0f60f61dea5a6e9ccb1c50685d62,0,1,0,0,2,2,0,3,66,31.09
643,3407263f66b0419dda431f04c97d51eea7dad0f2,0,2,0,0,0,24,0,0,344,75.28
644,ddc345efa6c455f61fc1f74f6a9904659b1f7c86,0,5,0,0,0,5,0,0,294,72.46
645,6c89d36cef5fc6830ad0c45defe78c7a47abfc83,3,1,0,0,2,3,0,2,57,75.17
646,23564f2cf68f8d0042536d14c202c355bcd5ba37,0,2,0,0,5,0,0,17,1507,351.63
647,400e183da5fd03923b2600ba116cf4b0f64db912,0,1,0,0,0,2,0,13,718,152.6
648,05a11e7fccf15700e18983a7c9439334114f01b1,0,3,0,0,46,35,0,51,985,214.15
649,69cbc5d27cdc08f22b66974635a6135af9906b16,0,1,0,0,2,0,0,13,718,121.44
650,69be09bed55bba575a0afc5b66b85c32e910ebff,0,2,0,0,0,0,0,0,119,34.93
651,2826eeeeef571e6e4d7893d953a502213bb24f6f,0,3,0,0,11,0,0,2,863,167.38
652,95d2837346a1cc1d3bbab3152401144ca6a66a16,0,2,0,0,10,0,0,6,754,148.79
653,2c56399b015c727079b355a5c3a53dbcc4a7e271,0,1,0,0,1,0,0,1,68,25.79
654,baa1af5683c025330d6346c6e3b24d40de719531,0,1,0,0,17,6,0,21,721,131.73
655,19a798b8774c79d616ce422752e6c9a132c30fa7,0,5,0,0,91,4,0,58,1037,210.96
656,2560fc08233e5f2dd99592519d79cd21b2cdf4c8,0,1,0,0,0,2,0,6,276,56.13
657,42a2b6f4f1cca8d41d3fb3c19df89d47be95da87,0,1,0,0,0,2,0,37,749,121.14
658,2ccb234ab326898ac6975652bb280e879a8e89be,0,1,0,0,2,0,0,2,749,123.72
659,b26771d1b2391f05947f68f702d2aca14e5e74ac,1,5,0,0,22,1,0,35,2688,465.41
660,b23d150686cd55fc9ed63c71cadb40cef272deee,0,0,1,0,0,0,0,0,0,24.32
661,87b6cb888013d7187dce91fa6a6b2c9d9540a1c8,0,2,0,0,31,21,0,2,122,63.71
662,9673c4ad7574fe6f8bd189b43ebdf9ae7cd25154,1,4,0,0,13,33,0,43,865,189.1
663,9f5dd5eca9fd210f1c9c9d7aed1deb30ce21e094,0,1,0,0,2,0,0,3,128,46.52
664,ab7a3d33f2577858c4d993f7e4539bf2c4488de0,0,1,0,0,4,0,0,4,119,35.77
665,d479c750deede9ac4589ce1fbf8d159048e9ebf1,0,3,0,0,3,0,0,7,1091,191.95
666,914e6de8de63c1aa5d9739bc7d884856ebac146d,0,13,0,0,21,23,0,10,3809,677.11
667,a636e1060135225ae68a58d3bd63c166dd41ac77,0,4,0,0,0,1,0,0,784,149.57
668,838b238999027bfaaaef43ce1cca6f720c8e9234,0,1,0,0,1,1,0,4,340,78.74
669,977f3934d08e80c3951a24b50c90e84b031dcff4,0,2,0,0,23,36,0,34,738,153.33
670,58208a275a7dd6c6ca2b079f9a947b684878dd56,0,3,0,0,7,1,0,5,172,68.78
671,7314c974a73edfecfb8941fbe7b1b13489e134b6,0,1,0,0,0,0,0,0,283,60.89
672,6c33c1b1b3f1f733bb9a9018214e73b3c31e620b,0,1,1,0,10,0,0,1,70,32.57
673,2987febc16a1e0393bb6d18a97a269363ba1625d,0,1,0,0,0,0,0,0,80,21.93
674,4024f5f128e6f3200b7e8f9fe523f4e91ea76e5c,0,2,0,0,8,1,0,6,40,34.81
675,7d7f84b6935f3980d3cc41df1a2be72abc8e9eb8,0,3,0,0,10,0,0,4,316,85.28
676,0f3838e1d1e5d0b058ec82ab7f71c3ae93e00efa,0,1,0,0,2,0,0,0,729,112.8
677,3f80f67db18bef40f6d3dbd0add38d6c54852f55,1,8,0,0,63,6,0,2,1999,426.22
678,2455174c07a834e5ed8e19270a4d6357c5c23976,0,2,0,0,30,1,0,23,1078,185.82
679,6e9aa2affa25425033154de7a53dc860a2206d43,0,1,0,0,0,3,0,0,17,15.4
680,369300f0152e8e0e150870bfa977917398496a4f,0,2,0,0,12,1,0,15,383,112.6
681,053635c1fa9bd5e428376c6d899c7ba5c35b9dd0,0,2,0,0,0,0,0,2,1555,234.01
682,78f6a6c434b70113add68c4aceaff5581693bb87,0,1,0,0,0,0,0,0,0,9.31
683,46eca98e13254c5274889f42862f4c65283766b0,0,4,0,0,21,7,0,0,1049,190.89
684,d63c9ce540055b58f09cd490310a1c411e76fba3,0,5,1,0,23,1,0,1,553,129.07
685,ceab5a272268c5630acc19817b4b25b965e4ae57,0,1,0,0,0,1,0,0,16,14.16
686,cbf0b2d0c4feea87168012bddde3e40f7adddf42,0,0,0,0,0,0,0,0,0,50.21
687,3f47ea124a3723c5b42fbddc981be0440dc11446,0,1,0,0,0,0,0,0,792,132.74
688,bac528818a99b7554ec046f6496528e0794fab7d,0,1,0,0,2,0,0,0,41,22.73
689,a23e45f4b73241e20062c9ec6e2d14853ad1b8e9,0,2,0,0,3,0,0,0,363,86.9
690,80eb7de81d1af33b2bf3072952f89458e5db0cb1,0,1,0,0,3,3,0,1,385,71.34
691,d47bdad4fd56a0d4f89a5e904dace128d5f68bc5,0,9,0,0,19,6,0,15,2367,422.28
692,9220e66c92a0afad63429eab6ffa1aaea2d016bb,0,11,0,1,134,61,0,65,1648,442.74
693,c4aa758efe2d46672d54071cc6a6923d0629e281,0,3,0,0,62,6,0,26,910,192.34
694,9f9198e21eee3bbf73c609cfd2fb9d8978d46bc3,0,3,0,0,1,0,0,2,757,133.64
695,5c0d3a5ec892b27197f098a97dc2177cb0d8135e,0,1,0,0,4,0,0,44,731,158.13
696,e4db939ffd6566ca66f39c173a374d04a82cde44,3,9,0,0,50,17,0,14,1439,704.22
697,22d184218d86f6e1cbad3fd72227283a443ba28c,0,1,0,0,0,0,0,0,735,121.42
698,dcc59467ca34bbbcc518a2dc46ad6b2d296b2b73,0,1,0,0,0,14,0,0,29,16.54
699,f484944c6cc89c43c0e8974be500053c4e9365b0,0,1,0,0,0,3,0,0,732,101.02
700,0bbcc18c60420ab7184ec4944e4487244d24243b,0,6,0,0,22,0,0,4,1969,359.54
701,c6a0ee0e83e7f319b8ec0bf3dd1b361a674faaa9,0,1,0,0,0,0,0,0,732,127.31
702,491991061e73b2d539f05b3b6e01757e596dfbfc,0,2,0,0,8,14,0,3,735,140.48
703,fe345b23bcc0553d8c192fa858ccaad832209016,0,2,0,0,23,0,0,2,386,97.55
704,18f3f2269bbb4d9a43015e569bca43690ae5a7d9,0,1,0,0,4,0,0,1,136,37.42
705,84b7463032cb8d24e546df9182659d6eda4585df,0,2,0,0,2,0,0,2,819,138.41
706,4dde10431e121184078165cf11519df88df99ca0,0,10,0,0,17,7,0,16,2752,532.58
707,7613afcf752f179e45ce15222311b3ab9d2c5648,0,1,0,0,4,0,0,0,194,46.16
708,079c580042a7ec425c383a6d672c818716d1fa86,0,7,0,0,35,6,0,17,1333,253.1
709,7acb2ad4402259c1b3467153c620c53edd520e22,0,11,0,0,128,56,0,19,2933,538.43
710,fc2157ae44ed05b36127c5284f171e286ffcc4dd,0,2,0,0,0,0,0,0,1544,241.19
711,5833008cb7ddeea1b761adf74580b664e668a1e9,0,1,0,0,0,0,0,0,734,101.04
712,77a128ade07530b4e8816cc32c764ce3cde9e323,0,1,0,0,0,0,0,0,370,57.92
713,d4638f70b2eb9c332c1e7ec350dfaf0801f50006,0,2,0,0,3,0,0,1,670,113.46
714,1381d23645b1fbf881a916f02612bded443b2c7d,0,2,0,0,3,0,0,1,235,54.42
715,5cc3e796fd1f6de453961f820667cd2750003b4d,0,1,0,1,0,0,0,0,488,184.16
716,029b37eade2fd31a4c35c433fd70551effb5198f,0,1,0,0,18,0,0,5,34,26.58
717,03adaea261bcbc46bef141cd110e92a1dca0ed87,0,1,0,0,1,0,0,0,21,16.58
718,2a3f6a5c97c5646906e308032db26806ea0e4e13,0,4,0,0,14,0,0,0,1576,255.47
719,36cadbcef7e4a062e08e813227ec7c9b28a442d3,1,1,0,0,0,0,0,0,62,38.56
720,fae1734cd17c1098bf1edde52ad5de9c8a4524f6,1,0,0,0,0,0,0,0,0,39.23
721,ce2995c49d111b5749a88b4de2065a3a68551386,0,2,0,0,0,1,0,0,83,32.39
722,1f8c2aeeaa0b58b9bae0f8729025e01a7866b7c9,0,1,0,0,2,2,0,7,22,21.83
723,781b10724f244b04103b6fda8ba8954a0d70723f,0,24,0,2,37,4,0,12,1499,402.73
724,7fccb0258ea1bc8fa952a5ebd629d1808ee4e6ee,0,2,0,0,1,8,0,5,75,40.96
725,1dd27a5c8268c73cdb0a9368b563d5cb2bcd0ccf,0,1,0,0,17,4,0,28,278,59.2
726,8bd2b4d7bddea70f89efc02b248806898887e91f,0,1,0,0,0,0,0,0,295,45.41
727,8b53dd039646163f1c45035f527c45ad585e9863,0,1,0,0,1,1,0,2,407,75.2
728,e3665e19679795274e48a1d575ab08bc6e4d706c,0,2,0,0,9,87,0,21,233,69.76
729,7fa5fe946b96baa2d49164024beeca20fa5fa050,39,12,0,0,101,385,0,8,724,1054.77
730,b634e6a3cbfdd63f4666b3d8a494aeab8609ea60,0,47,0,4,1,1,0,0,3765,962.78
731,542abcf26d5e01e989774c58da22974ddaeaa7f0,0,10,0,0,53,35,0,56,2306,436.31
732,6c78d4e6a635283f52bd8b2b4fc7cc14baaa23ff,0,3,0,0,0,0,0,0,1212,193.87
733,86e3267abbce50993f69aa4bd723161678c3ff9d,0,4,0,0,33,34,0,1,778,151.99
734,f591f1dba61aa8e3f408780a5fe472ee365cafbe,4,10,0,0,51,4,0,14,2028,519.57
735,9aa57a7512cabe37e55e8f9d257ce4069545138f,0,6,1,0,0,0,0,0,1286,276.42
736,0ce43735d1ae078ed43f8cbcbc7a1051f820af0a,1,6,0,0,0,0,0,0,1286,467.68
737,a1433364040cdfd4fc4e851b89ef45a8bf0eceb9,0,9,0,0,81,84,0,29,2102,423.8
738,08805166e8b8226d21476c732136550ae0511ce5,0,2,0,0,35,0,0,0,454,96.46
739,554932bf638a12fe32b11984749688e08a6e293a,0,1,0,0,0,1,0,0,152,32.79
740,b741d8940c3dd7b09dcd4d5ba9285e4d133e0f89,0,4,0,1,0,1,0,0,527,149.41
741,31823ff1a3c83da5fe78df8b27d1a75bab9a57ad,0,2,0,0,19,12,0,5,164,62.1
742,0e83a2224cd7a68f1231a0be1a5b8588f48edf03,0,1,0,0,0,0,0,0,66,22.86
743,be84747ad3cb48e93d94da9d34224d547df58a8e,0,45,0,2,274,143,0,71,6383,1481.66
744,2ec433e990672fc63e8bf251db018f3e1afe62a2,0,1,0,0,0,0,0,0,0,13.04
745,08693f66a877ef782ac706e8425aba6fcb72d267,1,41,0,9,333,117,0,27,6413,1904.76
746,1e3b2548b2acd3f400e940ac587cbcf70386b924,0,3,0,0,49,3,0,14,390,140.51
747,19491b5a208ab72e5ccb2960b244475047f66cca,0,1,0,0,0,0,0,3,823,152.51
748,7dd31ec417b318d7f92464e9f457708c5582704c,0,1,0,0,0,4,0,7,117,45.97
749,353c716a54460ba9faba3fbc11f1fec51aa78976,0,1,0,0,4,0,0,0,99,28.34
750,f4da3b93404e2aef121e9e48fa3e2399ae21b5ec,0,1,0,0,1,0,0,0,72,21.89
751,1d2810b167276457144ed1bde342ac4c3739c543,0,1,0,0,1,0,0,1,196,42.66
752,094a2030f0d802e3481f623649d52c9930ccf17c,0,3,0,0,8,0,0,7,622,126.66
753,0aafa3ef8f388e8e78cf98528dfa470d4cbde707,0,1,0,0,4,0,0,0,86,25.59
754,f315730de50640ae27e47ce2ddf8968c55f61e0e,0,1,0,0,0,0,0,0,823,136.63
755,c45dc36738589ff2dae6cefdf53cb1ec84e47cc8,0,1,0,0,5,0,0,7,625,107.86
756,2ae864d6298a381528efa6db280bbb91290f34d7,0,5,0,0,2,0,0,6,1127,188.92
757,eac35b0f2ce9c8963f09fb88522a5c6dd7f5453c,0,5,0,0,66,0,0,0,1973,332.44
758,0336c2067545e3bebc4cd787fbd8ce2ab459cb1c,1,0,0,0,0,0,0,0,0,27.22
759,7461f767a6915fd70e4573be5c89aa6fac1707a8,0,2,0,0,11,1,0,0,1196,211.13
760,d67d131f106ea21d295ad02b501ea28713433f4f,0,2,0,0,4,0,0,0,419,101.58
761,e8520cf5d3cb6b0cb36641e5e8f1984038c76074,0,14,0,0,40,36,0,54,1903,389.66
762,ed32441b0c233e3dfda9dc47d1f6e2cf152824ad,0,1,0,0,0,3,0,0,28,17.68
763,49a2d5c0e9e39e61421d45afbe8884942782cfa0,1,0,0,0,0,0,0,0,0,26.85
764,2aa378fba67b5bd1e03265b37981540c655dfc2e,0,1,0,0,0,0,0,0,50,26.07
765,351e1ad6898d4c7504583288b96318e03552b5f1,0,2,0,0,1,1,0,0,168,60.14
766,c3a68eaf4c98ea446477aca6e0b2e316f6171f39,3,7,0,0,70,12,0,66,1874,434.81
767,35e12fb811d1e9aed21aff65b4dd728a5e0f1247,0,1,0,0,4,0,0,28,906,134.94
768,04904e3ba89d33f3a12217f14389e15d83a76f56,0,1,0,0,0,3,0,16,907,155.9
769,4f9c46642634c31d1895d63c8c15792df0b02eb2,0,2,0,0,0,0,0,0,598,104.68
770,d8bf82b9846fc607f337a5795e38b8df778876a1,0,3,0,0,8,6,0,16,228,66.52
771,67427e1d8cfcc3de963179727b503c6461fea128,0,2,0,0,9,0,0,1,645,124.76
772,c6173b63084ca5c2dfd042080e753ae81b2ac888,0,2,0,0,0,0,0,0,941,138.74
773,99d68d7d455a14b0316e7de688c10d849fe1673f,0,1,0,0,0,6,0,1,901,141.38
774,89c5b7c524b7174bd8e301ed6d7a4856da362766,0,1,0,0,3,0,0,1,12,21.65
775,18f891cde56f70ca7282c10475e0023362f16798,0,7,0,0,22,4,0,10,1130,249.16
776,f73bd2ce2363aba226b8f073e8741209317d67ec,0,2,0,0,8,0,0,18,641,144.66
777,dd3a140107abcc28274cca22208066b9ae927429,2,1,0,0,0,0,0,0,0,135.34
778,a232c6e8f606e900fad400e9d83cfe295dd518e4,0,1,0,0,2,0,0,0,428,75.94
779,c150f02537baf81282877b483b5f4c59477ac74b,0,4,0,0,15,7,0,1,1583,274.76
780,e1888e57f56de28c7705a58e4c72d7e6ee5a2e73,0,6,0,0,15,6,0,3,879,186.48
781,90e58571e335ad6b86a86dd9b17abc13808f3b0c,0,1,0,0,4,0,0,0,5,16.24
782,398b5f20ab30712d88324ff17226fbe12caeb5d7,0,2,0,0,41,18,0,16,1019,179.66
783,88a42b8ce6929d7449729fb6a2cc37dee7af8095,0,1,0,0,0,1,0,6,127,36.4
784,90e8591cb4ed45a17a2624c412380c8bc4aa5fef,0,1,0,0,2,0,0,1,430,85.95
785,9046fc04c2c829ce022a8f6962597dbe834ee2f4,0,1,0,0,0,6,0,0,90,27.99
786,44bbcbded751f695c926b0c51f995325c4022418,0,1,0,0,0,0,0,0,329,71.18
787,8aeb808e008d2a96885b6ee67997a70b432624ee,1,1,0,0,75,101,0,42,529,142.92
788,4629b58bd780c878f2d48b2b4a4e9fd215d0ab1c,0,1,0,0,0,0,0,0,301,66.41
789,c671863d64fae759954dd6ad0fa897c29c9f8667,0,1,0,0,1,1,0,2,603,102.83
790,a2fe91696b850bdea3e1f4fa8621188076dba7d0,0,2,0,0,9,1,0,11,431,87.18
791,9a5f753e95cfd692d7459ac9c956a7e8ef4cd8b1,0,2,0,0,1,0,0,0,724,105.66
792,6f966f2caa8f34f96a5da2815af6e545867953bd,0,1,0,0,10,13,0,0,20,24.29
793,4a97e95864aaa1d32f365ce66cd3f9e2ec72b9b4,0,1,0,0,0,0,0,0,301,65.81
794,4dc924c609e19e329b0337f10c98eba6d57b0dad,0,1,0,0,24,0,0,11,90,39.42
795,32e69c91889c2546e807a6d95a6b3d0aa951dd5a,0,1,0,0,0,0,0,0,202,51.63
796,0b8953f29b1f478c8af808b529ebbb75f3a2d417,0,12,0,1,89,19,0,11,3155,761.55
797,b5da2444121cd5ebb649b1d52e018b440c3e6001,0,2,0,0,9,0,0,0,48,32.65
798,0ce8963a4d2d5b24f3ebe19362188d9bbf4ae588,0,3,0,1,4,1,0,5,925,239.95
799,22f8591fb0a597998617d1b59857e87d6ff4581c,0,1,0,0,46,126,0,35,200,100.22
800,e0ac9731ca1745053358a4e2406a0362c1e9e2c7,0,19,0,3,67,61,0,60,4163,1093.26
801,3db051fba3b65422ea0fc0c283fa45bef8984925,0,1,0,0,0,0,0,0,28,16.25
802,b6ccf3081ae0b7c093ec763db5ee686b755a4a44,0,4,0,0,42,0,0,13,1048,237.25
803,f241c6cc28b82b2f2aab712296d22fc06dba55f6,0,2,0,0,1,0,0,0,294,74.49
804,55d09dcc84c8411101450466aba98ab602915387,1,2,0,0,12,1,0,1,449,137.95
805,6ada5b2db8197ba4e03d4c0103e60e3cb99ddd5d,0,1,0,0,0,0,0,0,280,71.37
806,c8cdf88bf38c02d12cdedc773328fe4347f4bee8,0,5,0,0,78,56,0,86,2046,349.87
807,4ce9bb1e8692d26a5071bd53a7f29db58ffcff98,0,4,0,1,134,19,0,8,1142,302.25
808,3e0be569b2a1895b7a2cd544d70bf8091fadc516,0,1,0,0,0,0,0,0,287,53.0
809,df6e6e4ba6ec50c6c975e9ec398c226b5c5c905c,0,2,0,0,1,1,0,0,79,27.9
810,b15c63f8f70372289fea34bb1521f988e928c503,0,2,0,0,0,1,0,2,958,151.41
811,4bd6e90b1bf6c53e55dff0faee903f5c507a328b,0,7,0,1,970,2,0,16,6022,1237.42
812,f1bc7a25928b7561455c1470d634e2e5db0d8ca6,0,7,0,0,0,230,0,0,6762,993.51
813,06bbb86c204bc7c22ca0edd78a74676bfc5b6baf,0,2,0,0,225,0,0,0,5593,884.66
814,31cd01f656bc0f011ad53525dd3909cecae0326b,0,4,0,0,33,0,0,0,100,57.27
815,08de99e30708b697617295710c92199975d2205c,0,1,0,0,24,0,0,4,229,51.96
816,6d5cbbdc25562fca16dae7e76ec62fe3beb52f90,1,0,0,0,0,0,0,0,0,20.92
817,1a2a1764adad96d79b678f047c5960b8b72f8810,0,1,0,0,1,16,0,3,237,49.56
818,92e5efdcb6746c5a06d67efd5e5eaccc2efc242e,0,1,0,0,3,0,0,0,41,18.53
819,734890772f34e69ba43c9ef8b354a1bc52ae224b,0,5,0,0,8,0,0,0,1169,250.74
820,2597f74d1062ed6ac5ad4c03be65c316ca7720fe,0,2,11,0,0,0,0,0,65,244.67
821,6566301e477734caa00389142eb24ac2b800d609,0,2,0,0,12,2,0,10,238,102.68
822,99de3f73644b586071c401d2989f9af2788c8cbb,0,4,0,0,18,6,0,3,909,190.12
823,6940db02c9d586b982a574aaf4f1744ccbb06366,0,3,0,0,2754,734,0,592,5118,1654.55
824,bc6ad67d673dfdebd216b021193f736dcf5a76f8,0,1,0,0,3,0,0,0,865,123.59
825,90dffef122f00aeed90a89fdd6b193eb9edfca49,0,1,0,0,0,5,0,2,78,24.38
826,806ee8c9de7fc52311db81335529a38c9ca8b907,0,1,0,0,3,1,0,1,255,63.4
827,2e242480b76d2d593be51d9005825063b560d754,0,8,0,1,40,41,0,36,2823,543.38
828,2c6294917924f023e11997a744f5a9ca70fd3ac0,0,1,0,0,0,0,0,2,120,29.37
829,6fdd1525b7788d8c9c8cff1b016ab4c143677991,0,1,0,0,0,0,0,0,61,29.17
830,72c0393ea78c7591c956428bfcdaf737e9c99812,0,1,0,0,0,0,0,0,61,21.17
831,39f470727c1fc0a91d7f4389bd105666c5ee2281,0,1,0,0,3,0,0,1,258,65.81
832,4bb48156bc3c5c31ac6d93044315b8355f158f34,0,4,0,0,4,6,0,3,1891,345.63
833,135daf0c41ddfef1619498ea79882e04b615e784,0,5,0,0,74,25,0,45,1345,273.68
834,0d8fdd93782d3cd75271a4c99528bedc3abf8c0e,0,1,0,0,4,0,0,0,44,19.69
835,58e206e9c80955372853227225d736ea1e992394,0,4,0,0,10,62,0,6,368,100.55
836,62b33ba91052ee138c8110f2ebb858accd8da4ac,0,3,0,0,13,0,0,11,276,81.5
837,f9b6ae1af63c8827f52c53d1067a13e8f80bbb6a,0,2,0,0,4,0,0,0,70,37.63
838,816225f39553871b57b72d6680f7e301b729058d,0,1,0,0,1,5,0,6,109,35.81
839,bf9a5aeb190910be8d4ce0aeaa3e8dad3c481678,1,1,0,0,3,0,0,1,38,80.77
840,81c06b92997a77977a901dbaf1cb7ee527f1014d,0,1,0,0,0,0,0,0,283,94.06
841,734bc8d117493435ba871cc9125737124009a1ab,0,2,0,0,8,0,0,0,318,108.18
842,e81f7f3484ca4fabe5c93654b6f398297cd4ef84,0,1,0,0,4,0,0,2,286,72.76
843,42cae38a26437ec06e87e7daf9c350b7b222e565,0,2,0,0,0,0,0,0,125,33.73
844,f88ad07fe9f77aaa77e53744c323255336f39aa4,0,1,0,0,0,0,0,0,285,43.59
845,e738b7f4a26f45661c02d99d0360b74889a488da,1,6,1,0,0,27,0,0,1150,246.19
846,291383d2d19d019196fef2d1df93ae8b0d32a49d,0,0,1,0,0,0,0,0,0,11.94
847,5ecdfc1ee8f5a72fe0ae69c4f019613c5a4e8d3e,1,0,1,0,0,0,0,0,0,101.99
848,5de255373817901b737171dca7d836044fefa006,0,1,0,0,1,0,0,3,421,72.78
849,02a969d3e1e3b4590c19bdfdccc17206fb57ad71,0,2,0,0,7,6,0,0,113,37.39
850,ac347387abc6df4b5179b4255be55d3bfaf66c73,0,2,0,0,44,9,0,21,281,94.23
851,cff0b8bb04d36a00dea4cac7d0aa4a8aa0ceb00f,0,9,0,0,25,1,0,15,2720,454.07
852,5465455602b7808fa82d02ba586cd48d678753b6,0,1,0,0,1,0,0,3,22,22.84
853,755ea927b4c381d01025e9b66f05d780451b0f23,0,1,0,0,0,0,0,0,2,11.86
854,6eb8f1e58faa8c6963c3d5ab98c447cdaf9da767,0,2,0,0,52,0,0,12,1009,191.26
855,b33dfbeaeaad15279d3c82e9a9bdffcfd7bdcead,0,2,0,0,10,1,0,16,386,86.14
856,d25c8da619622752299369ec627d57f11d53522f,0,2,0,0,1,10,0,14,386,99.07
857,16c92b7ce8d90fac02ab4e8b71fd7065b65860f7,0,1,0,0,0,1,0,0,901,123.71
858,5af19c7d312c091829769adfdaaf0aa2745bf293,0,1,0,0,0,0,0,0,901,125.25
859,3e180d7ad063eae1a6c8bcf09d2fc9b66ac908b2,0,1,0,0,18,5,0,2,276,76.32
860,16373cb7118ab1026fe4df2005679eab16c2763c,0,3,0,0,23,20,0,0,338,119.94
861,ef23636954d9ce14ad0e1265969221d537d66100,1,0,0,0,0,0,0,0,0,26.7
862,ba2d19938ce315125541af1ebb40a7d413e5dc24,0,1,0,0,3,3,0,0,419,73.09
863,47a59d15aabd7c70ecbeef15ed952459fe16f851,0,1,0,0,0,0,0,0,0,13.33
864,a16ee0714c9282b64ade6b39931e4dfbc5e27bc0,0,1,0,0,2,0,0,1,22,18.35
865,f37b552cbcff8e69c2f2d39a484a69a445d13462,0,3,0,0,52,5,0,31,790,176.1
866,afe5e4077e951ab6a6bea708e6483e4d5f2bcbf5,0,1,0,0,0,0,0,0,447,69.3
867,2c502c24fcd77d6740edc936e3cf895fbc31d605,0,1,0,0,2,0,0,4,901,132.89
868,1895a6f0c259fd1114428c04d2133f4f040725b4,0,1,0,0,5,1,0,8,109,56.65
869,b4315595b966bef914ce87fdddabb60770b74be3,0,1,0,0,5,0,0,2,602,116.68
870,0f0e4579a92ac1803d217e4cd05190dc7e144660,0,9,0,0,75,18,0,20,2639,480.71
871,5e1b305116b54ee61e38beb683c809a70f6f5dd1,1,6,0,0,18,0,0,0,837,221.33
872,981d990af9f83affa6bb3d2e72bfce09cc7c7368,0,1,0,0,4,1,0,22,334,71.18
873,e49a037aebd542f7ef28e93c7ac2417768674d41,0,12,0,0,118,55,0,58,2095,462.23
874,2b47c1528690b6413060401b254c79a9dc89ce85,0,8,0,0,23,16,0,2,3104,526.07
875,839ce86b2773b48e32743175f43d104a9ff71085,1,0,0,0,0,0,0,0,0,93.61
876,7416b4ceaff73e03c5d57c586c25449f2c0f5f8d,0,1,0,0,0,0,0,0,36,12.51
877,e99a716ffeb5081ee6542eb669e320daecc38c09,0,1,0,0,0,0,0,0,223,38.71
878,4c053056950695732ea443c9a21ae3a92d85de51,0,7,0,0,5,27,0,54,1305,284.38
879,60f4df2133de5d27d0c0d1147c6aa3d05a187b92,0,3,0,0,45,0,0,12,621,132.49
880,384e39f999fec6965cb11c581f797fde4e4ff15b,0,2,0,0,16,0,0,0,78,95.53
881,42af3c756c4618ba706826c3dbfa6f8ad7d07985,0,1,0,0,0,7,0,19,418,72.4
882,d6f7ccf4bf4cc2774439822bd2b676333cc2fb71,0,1,0,0,1,0,0,6,223,50.95
883,64217c590bad23bd28262e86e20a148489195f9b,0,1,0,0,0,0,0,0,418,64.37
884,c9d309e5c3ed83600f25f3e3074d11e7901b4f95,0,1,0,0,0,0,0,0,338,69.21
885,0cb1edce6448d92382e4010f46be3eb6ca8a745c,0,1,0,0,2,0,0,7,338,68.3
886,c72bd42fb485672d5790b65f96af351bb63fcc4e,0,2,0,0,29,0,0,13,398,96.92
887,039ec8fb824536a1104b7a891245564a10134f3a,0,1,0,0,0,2,0,13,350,66.23
888,af1175e44e4540bfa02f7bde184731008f7dbbcd,0,1,0,0,0,0,0,0,27,14.56
889,4a1a8de14bc56c7a2bb4ae79b417ccb4d61b7b87,0,25,0,1,429,532,0,91,4923,1182.62
890,d253507e39fa232abfed6bee200a75d12ea03fe0,0,4,0,0,5,14,0,24,885,200.23
891,a5f6e5f60cf47c7800ea78a3e9d4aeb806d58a70,1,0,0,0,0,0,0,0,0,11.88
892,645553c0db4e087abded28aa863c89fecd9c8ebd,0,28,0,13,97,61,0,9,11480,2375.53
893,d6ec5ed8a284916afb187dc87e5732a17af23c30,0,4,0,0,52,71,0,20,2369,378.52
894,3fcb6f3e69e8a9d572b7cc59649dff15ff901fce,0,1,0,0,26,0,0,0,445,82.58
895,0f67b602c798ef072c63f108e588758e4dec037f,0,10,0,1,603,490,0,34,1644,625.17
896,3f02e3be7aa75f9f63e439b3625e005fa2fb9658,0,1,0,0,0,0,0,0,92,22.19
897,32a380b12adafc7656c002a9f11181d5861c60c8,0,1,0,0,0,0,0,0,127,29.74
898,65a2c85f2a234f3b2f61bc76d44c6e3666d78f60,0,1,0,0,0,2,0,0,708,109.32
899,e8d66ea28524dd8e761427c54355e29f93bb0d65,0,2,0,0,3,0,0,1,80,40.66
900,aed9c07cd8787e2650289565b16b5b0645d430da,0,4,0,2,83,68,0,11,458,324.02
901,a8167fcffa433e159bbfca5703fc91471d9f6934,1,18,0,0,0,0,0,0,523,209.67
902,ac9a9e01c95c14d5e62e30939664ad0d5cb14836,0,1,0,0,27,21,0,6,130,53.42
903,363d81c247072698e77dec6e2bb166c18d41be8b,0,5,0,1,61,10,0,12,346,151.69
904,b585855217c77b5a847c5fb811126c1978ce2028,0,1,0,0,2,0,0,1,157,51.01
905,306e9851f0180a9d98df3ab7e9d6947a98dfde1a,0,3,0,1,6,0,0,0,174,90.82
906,624b155cf4b433132ec97b980599de8cf19e3f4a,0,2,0,0,19,1,0,2,452,124.72
907,94aa7d724759991d28da56681f3242561a71c2d5,0,1,0,0,2,0,0,0,143,36.24
908,eb6ce6abe0bddf8771a48d27f237e5fa1daf9979,0,1,0,1,0,0,0,0,99,63.93
909,83b3772eb3d81bae6c4525eb712813fa9476e65c,1,0,0,0,0,0,0,0,0,40.27
910,4cd468ff5174530d67e63b2fa8cf803d71d546a3,1,10,0,2,105,4,0,17,2331,661.02
911,eb68e5c053dffa94f60dd70a2c1cafb8f003d254,0,1,0,0,0,2,0,0,81,21.76
912,cfc84a624ff72d78418ad4db1e28d1e9d4db6c5d,0,1,0,0,1,0,0,2,338,75.49
913,3b01f1a469aca3b4a121e02ca7babf75644f3d7b,1,0,0,0,0,0,0,0,0,47.73
914,e1bbd8cbc538aae9acc0eb24b1f0751d88f05365,0,2,0,0,5,0,0,6,456,89.79
915,22e101074b78df529d554ed93e81b925693a7a70,0,1,0,0,3,2,0,9,900,149.85
916,9c5c2d32dbc86b7c2c2b3540144cda2ac9ad5d8d,0,1,0,0,0,0,0,0,506,75.15
917,6c10644a106a167f04434419ac9d9334410d0dfa,0,2,0,0,6,0,0,0,1221,191.06
918,8fb6662aea193972c1608cc40005dbe3932874c5,2,0,0,0,0,0,0,0,0,61.63
919,f8046be7088be6c176699541d7c5269693a72952,0,6,0,0,6,9,0,7,1451,264.97
920,2bf31afa70c2b6450f94a58ded540176e77fe0ce,0,5,0,2,8,0,0,0,572,209.57
921,88de4001bb3519710e0ba5d5537c429f2a00c47f,0,6,0,2,85,0,0,18,1521,456.49
922,3599514ff658611cd63bf632e397f6db673c2914,0,3,0,0,0,16,0,4,114,64.94
923,fdf64a39888de253227c0d38b62dcf5786b97716,0,1,0,0,0,0,0,0,127,36.04
924,fe66233cfa04efe581b023fe11e98cba33f7c77c,0,1,0,0,7,0,0,1,346,91.54
925,44d6294ed7141b7b2f5be86ddb75c5f1a79f221e,0,2,0,0,12,0,0,34,173,67.94
926,cc920fe6bb0d79516026edbbe639a4559ebe59d5,0,2,0,0,2,0,0,0,54,35.48
927,7886526f30642f8826c80c8c0d6b8e472b236dbb,3,29,4,5,159,174,0,29,6084,2042.88
928,8732e8d44fd82d96e74aa45b3622fde3ba211ad3,0,10,0,0,28,26,0,11,1678,387.53
929,1115f46d1e5c054d3ff31e19c160ccb7a8e443fe,0,1,0,0,6,2,0,3,102,41.91
930,7fb19786ee45203725fc92d69b2b1d30a53bcb84,0,1,0,0,0,0,0,0,353,84.29
931,6ab29a6c47a19bf29dae95b1dd85a330832e7009,2,9,0,1,8,1,0,2,3610,708.23
932,79f31a2f0fde7ce71470f880ec0af00372eac0c0,0,7,0,0,14,5,0,5,2944,528.21
933,49599944be6fa0d5f4d84f5e49e663e8c5c03a49,0,4,0,0,69,23,0,73,1546,289.82
934,9754249af2a3a8531571b62c8d6863dbc36411b7,0,2,0,0,5,0,0,3,559,133.81
935,c92c02b5fcb7c5217bd5dadb3fad489e8b030f14,0,1,0,0,4,0,0,1,143,38.99
936,a65c38840f75806eda0afb8a53aeada27e2e0e70,0,1,0,0,3,0,0,1,59,27.79
937,9be89e60cd5103c28c6e990e8a0bf69564e8ff21,0,6,0,2,128,246,0,4,1069,309.06
938,503b6f28386c3e38f96675c928d374fc7b53e6d6,4,0,0,0,0,0,0,0,0,139.03
939,03e786b0a860cf02561dfd34fafba59d0897e37d,0,1,0,0,4,0,0,0,148,43.87
940,61970dc11e1cf7666f236ed6b7fe1f12c19bfbe8,37,8,2,0,10,11,0,18,2968,1561.18
941,92e136837eb146a55987afe15f5ddfa61a286f25,0,1,0,0,0,0,0,0,161,37.33
942,470ea68d579a5dbb20479c02b709d93c52e1141b,0,5,0,0,0,0,0,0,346,100.0
943,32c74d5048dc22ef4b7948deba4fe9c9c808607e,0,18,0,0,0,0,0,0,806,218.77
944,184c5c2903d5f285ecbe65761a42c39a34d817df,0,19,0,0,0,0,0,0,861,247.71
945,250c25a2682561601078faf33d1038624a75cc2e,0,1,0,1,2,0,0,0,154,111.94
946,aa30ac1ba3006ca186d5ae36f944b7b6e25f2387,0,1,0,0,20,0,0,20,156,57.08
947,c786d5d8f43c37554809936f536540f90f0cc41b,0,2,2,0,0,0,0,0,506,114.4
948,a5f471a4ddd439fb110df5b815828e808b0e16da,0,1,0,0,0,0,0,0,354,65.17
949,56661346359a206c015940dfa4040c774503293c,0,1,0,0,17,27,0,0,149,49.15
950,cb9d79ed729402e5023a706869c313b7ca64b135,0,8,0,3,0,0,0,0,455,162.56
951,9880f155e207c3c1a493598af7549560c6508d73,0,4,0,0,60,0,0,2,243,89.3
952,ac9b0d924ffaa6931648cf9ca0504bc0e5361511,0,4,0,0,6,4,0,2,442,128.74
953,a8821d10f7dd93bafc9b3571c2f6b9d29c35ec04,7,15,1,3,6,4,0,1,1330,532.66
954,0ddc91173ac397102a11b6b85d26e4c71f82b79a,0,1,0,0,0,0,0,0,0,9.56
955,94165dbc02294ba7576fd7d3c10c2dce97a3c098,0,19,0,15,164,255,0,0,414,566.05
956,1fdd85b5772d8d4b4e3a337a50ea89b0d905ed5f,10,0,0,0,0,0,0,0,0,208.07
957,89429bc61ed951973ef4c44672a34770b3d8b57b,0,6,0,0,42,10,0,10,1369,335.97
958,31d27e353bb93f4a6b3e474dff11f1f89a2ae0c6,2,8,6,0,26,3,0,3,464,219.35
959,64eabfece185abd0954c5b26f2674317b917894d,0,1,0,0,0,8,0,0,26,18.94
960,de1cc3ec7befee17d1a75a3b4549c92352464957,0,4,0,0,3,0,0,19,1072,193.64
961,ceb0d5e68bc6cbf8015be6d5dd785991fbc81455,0,1,0,0,0,0,0,0,166,35.9
962,ed63b575a0961011cdc1aaa5ff696805821f97c9,0,1,0,1,1,0,0,0,3,50.05
963,ad8968141df4c5f43cc8dbc35fb3ebb47138d317,2,2,2,1,1,1,0,2,30,116.12
964,98e12253543cf24b405aa92a53515f0683ce9023,0,1,0,0,0,0,0,0,41,16.28
965,ea200a9e5c3f720868195b683b7ba06c0395e5ac,0,1,0,0,7,0,0,1,406,84.58
966,a6c48ab299c9a00550fee25767ed7935173075b5,0,26,0,23,18,26,0,2,878,724.96
967,1f85226103e404f8f63b04a3a1aae4f66484e634,0,6,0,0,15,11,0,0,1737,353.43
968,faacd72a21f362a574bbd8c58c6e21173afa65f7,0,7,0,0,87,0,0,6,2065,388.71
969,0afd4cffa86461566604ed49077552350d27793c,0,15,0,2,5,16,0,20,2345,533.69
970,90366d50f86a6916ccc1df9ac7549540bb1a728b,0,7,0,0,111,91,0,10,450,173.52
971,22aaa2c1185d111deaa22200dcd15ed8d800dff3,1,16,1,0,0,1,0,0,514,174.68
972,b0f7d85f3bf3e2bcfcec4c82f9699e834d718146,0,1,0,1,0,2,0,0,25,37.2
973,619a7243d0f10c9eec29038a371c2b776429a689,0,5,0,0,6,15,0,1,1295,268.94
974,085f87eebb9cde0a98fea0c042f8c74a2318249a,0,1,0,0,38,21,0,0,2,31.18
975,9cf697f4df97e7cdba0d7bf7b7b21042be0e1701,0,2,0,0,7,0,0,0,670,109.88
976,7f4516cc53773373a16f8787904d54cfed4cc7bc,0,1,0,0,0,0,0,0,419,65.81
977,83e462ffdeae6e477025180648e4b611e42a4055,0,2,0,0,6,0,0,0,612,113.69
978,d8607b4e16b43500f29f5cd2334e876f76435694,0,1,0,0,5,1,0,13,113,35.58
979,79e1eed60eaf584b02e79eeeb6717db9cda17a99,0,1,0,0,2,0,0,7,431,75.04
980,b00a7f271fa5d40ac551ab7065c58f4b278dcae3,0,2,0,1,15,0,0,1,182,119.35
981,6a5b635e6fff5ea53db532378f2bd753cd6371c4,0,2,0,0,12,0,0,0,473,121.87
982,6fed28f7c8fc10cf41327a7effbfb93939efc7f9,0,1,0,0,0,0,0,0,381,94.19
983,e59e923ecbb5d3ebdeee4d2cc4373ca8c4976a8f,0,1,0,0,0,1,0,0,380,90.08
984,4695a0a7b1e871381f9911e9e212c739536934e7,0,1,0,0,0,6,0,0,98,30.02
985,ff272e45ad6c6280c11fdf2242df41105ad30986,0,4,0,0,10,1,0,0,96,61.39
986,051bc689bed0e09a5ae5f628a13ef7cca4ec3a1e,1,0,0,0,0,0,0,0,0,19.21
987,2a08fa99ad3bc5caf81187e8e9c4e8afbf76f76f,0,1,0,0,1,0,0,0,262,57.76
988,002e9e8bdc2c842565a4e9bfc4e1dfb28c479bc5,1,2,0,0,25,6,0,2,115,83.28
989,800f623138c7b8576de01a8e953b32d4396d4386,0,1,0,0,0,0,0,0,908,130.91
990,2ec772096efc5365e5d8678f5d6675f955da353d,0,1,0,0,8,0,0,0,88,33.23
991,732abb77c851374e0e3f58e2948ce53413f4deeb,0,2,0,0,4,1,0,1,790,156.49
992,60e69c6982298fa61bf7b87e33d4619855eff851,0,1,0,0,0,0,0,0,59,18.71
993,f10f85f0ff001f7f65b141c45fbcddabc9e58225,0,6,0,0,0,0,0,0,419,87.14
994,6691578821ed67774fc226d13ce7135a72942255,0,5,0,0,5,2,0,4,2080,321.85
995,10c178fcb0ce738fb566ac5269964f5ee57b1beb,0,1,0,0,0,1,0,0,58,22.77
996,99f1faf30b109c393b92169a2e8502979b7edf03,0,1,0,0,6,0,0,2,82,38.58
997,a621d508e9fa54b4a6975878ad6444a38a056aa8,0,2,0,1,0,0,0,0,292,94.61
998,f09b21bae20495ca2a83b276f7f7f270d38e2947,0,1,0,0,0,0,0,0,263,56.71
999,c493cd3bcc47fa3c0b04eeb21366e05863bb21f5,0,2,0,0,117,0,0,7,217,120.82
1000,503cc3b9908f9c880206530fa9ce11e3e8db0b7b,0,1,0,0,2,2,0,0,50,63.06
1001,6ac21bbb487fce83e2743e00ccddf63052c9dc4b,0,1,0,0,0,0,0,0,88,23.19
1002,3e6fa5f0b8417d5a34053ae94ea94dccfc097be9,0,2,0,0,9,0,0,8,233,87.64
1003,10c33cc48d0df175aa1c4c9c6a50e5ece7dc81bb,0,4,0,0,44,38,0,4,233,121.24
1004,4dee3ff2e4a59df624238ba692ecb6779f02ad6c,0,2,0,0,2,0,0,0,218,55.38
1005,797e2316bc680874e7e76b682d9f579f4ca4eac9,0,2,0,0,62,5,0,1,789,172.32
1006,64311a292204176f5c5af3559a5a1e255eef1de5,0,2,0,0,12,7,0,5,201,58.53
1007,54d3670219b6a7020a3816c39dd51defd819934a,0,1,0,0,0,0,0,2,118,27.63
1008,8439231fe78fdc5b7c8ffd2efa8c70333709d20f,0,1,0,0,25,22,0,7,96,52.04
1009,53b3084c85da4e86f55478af630bb08677033e70,0,8,0,3,303,0,0,33,2088,670.67
1010,aa4df127a9bfcd9f148917a679dc8fdae19a2f22,0,3,0,0,23,18,0,35,1661,266.92
1011,cf4d1a8a7dac030c158bfb81cfa7cc55aa54a6f8,0,1,0,0,0,24,0,0,557,137.48
1012,6f242ea63f200fe07dd23fc35984e7a9fd7d8215,1,8,0,5,28,23,0,8,713,388.99
1013,8809929dff82dd4b4e599a7d39e3a9e586d95db1,0,2,0,0,9,6,0,0,180,61.98
1014,dc82f5d093ea4f64d212a65141e70e86fe523439,0,2,0,1,0,0,0,0,760,130.83
1015,c66bdea9bbc41cd649053ab9089264837e7f12e0,0,14,0,2,151,21,0,47,3246,748.56
1016,2b98e7e256baf8adcc97166a871db6ec27056dc8,1,3,1,0,21,0,0,4,347,139.85
1017,26c49c2d3262f276322618c3f56e62f6a206b30b,0,1,0,0,2,6,0,9,203,51.96
1018,cbc87cd00d1fb80c31414092697a9963df180c72,0,1,0,0,2,0,0,6,161,41.44
1019,2fc56ed99852c18222cf4d324967b7d8272c95d3,0,3,0,0,27,0,0,1,452,100.49
1020,9037b2149a5de8d021f03e0f8b8e9b699fe8ad17,0,5,0,0,11,20,0,4,1484,287.55
1021,1bf0e281673af65ed5e9928a595fac07302c49b5,0,2,0,0,1,0,0,2,405,84.98
1022,4d7712c28fd0fac76fceaaa3f9f08052742d4380,1,3,0,1,1,0,0,0,26,76.05
1023,91abbb4793b2aa070323d2f8058f8fb3422d33c5,0,1,0,0,0,0,0,0,0,10.47
1024,924cc198b9cac5d42ba6d2dc85b0f531fe24c787,0,8,0,7,4,0,0,1,511,319.98
1025,817b42e983eff2ed7b28c1c8d02d309e223f2999,0,8,0,1,0,0,0,0,574,148.79
1026,0063bafbc96c9820bb579b54361d1b1ef0ec83b1,0,1,0,0,6,3,0,2,47,28.71
1027,c25c8fe9ea6f062b8a891ce2350d77c7e523caca,0,1,0,0,0,3,0,0,50,19.81
1028,467e48e4b12fac1e26040a99d60830b164ae2d06,0,1,0,0,0,0,0,0,75,17.22
1029,8779790735680ee81665cea78ad0ee470d5ffd3c,0,1,0,0,10,2,0,1,48,32.13
1030,cb6db82e31b05903885cc04cf14ce8f9211699ff,0,2,0,0,1,0,0,2,566,129.25
1031,a1909299819566e994c048a24995ff44745967e8,0,2,0,0,29,22,0,7,243,72.7
1032,97b6100e54a7df41ca55d48c396ad5d7bf925c98,0,1,0,0,0,0,0,0,59,19.78
1033,7ddaccdd61d9a0ef30be4e5072f386c191bcb543,0,1,0,0,0,0,0,0,59,21.33
1034,69f8d4e9357e94928170a43afe6f335c1f817b23,0,15,0,0,98,11,0,15,1965,494.67
1035,a6e3eb94115e9e94037e2b0eeb6f772a67ada4dc,0,1,0,0,0,0,0,0,213,43.86
1036,13a32c2db11a2daa2f133677b6f8b6250d6bfc71,0,1,0,0,0,0,0,0,213,40.5
1037,926a17e3510051a23819e9f02ed8490986f7a3d6,1,0,0,0,0,0,0,0,0,40.5
1038,9b13bf2f336a3d269a2d438ac2790dbe29f9f054,0,1,0,0,0,11,0,0,12,15.52
1039,0159889bba4b1ecd7c7b08c087cbc7b2cb5f27ba,0,1,0,1,0,0,0,0,12,33.81
1040,3184fa297910171c6a982da78a2baaa240fc97ac,0,1,0,0,0,0,0,0,258,76.44
1041,a0f237697e94f6582c582f933f9d7212327cc10d,0,1,0,0,0,0,0,0,258,42.04
1042,247f508b8ec4e25e5ad56525e3a4bedf17ba7938,0,1,0,0,0,0,0,0,146,41.59
1043,64e7770cb7c2a35cbc91161bbf3551c1d5190d0b,0,2,0,0,3,0,0,1,952,153.06
1044,9823e8677584f43be0c959472b657d071576a382,0,1,0,0,5,1,0,3,438,82.65
1045,e096368480561ceab703c58022bd9a7e310f69f0,0,1,0,0,4,0,0,1,282,63.36
1046,d38846e59a56baa971e294a9e9a225fee2411003,0,7,0,1,46,2,0,48,1692,383.87
1047,5db0a06b3f970765c51cad931b9c9778d33f6dce,0,1,0,0,4,0,0,1,130,40.8
1048,ace2be6b007ae8df8d4f7614a5e99bf784f8aabd,0,1,0,0,29,3,0,9,68,43.21
1049,a6c6f776126b64c74a6a90684bfd3fc7bca4ffa3,0,15,0,3,534,59,0,64,8971,1893.35
1050,9a23b300681350e07999b92914b7f32582b9fb2e,0,4,0,0,28,0,0,9,1000,202.36
1051,b5ccf99a9b27fe9a0ed40cfa3beb30cf815ac340,0,6,0,0,79,69,0,16,1189,274.72
1052,3086b191dda16c22e7a909f131296f6c060bc639,0,6,0,0,69,79,0,24,1189,304.55
1053,a68b5ee409b927074e482bd60808018b589a1b53,0,12,0,0,67,7,0,35,3475,647.58
1054,fbf3924236e1471750ce0b0cc5a18ab3503d6cdd,0,1,0,0,0,0,0,0,111,26.74
1055,ba467d6712ff71809319eb401901590a894e3bda,0,6,0,0,79,69,0,17,1193,308.57
1056,344da145cf6574013935429bd185f0f2565fac63,0,1,0,0,1,0,0,4,580,94.5
1057,ea183fe2720aefb54cf73227b7855453ea77dc6f,0,3,0,0,0,15,0,0,585,111.88
1058,21d54c0c8c33a2b4af36f022c63a61ffc4432482,0,5,0,0,6,2,0,5,2557,382.78
1059,4267838a0cde02ecbafe323a889c857f37faccb6,0,3,0,0,11,0,0,77,2027,318.4
1060,47b898d0376f5d613a4233257b1eef918a6c2122,0,1,0,0,0,0,0,0,587,120.37
1061,027f01aa9948a615b06857858a3256beac1b80fc,0,1,0,0,0,0,0,0,304,55.74
1062,7e7bf2a9a0d5f07dc672386809b7c2a6babee0f4,0,1,0,0,0,0,0,0,0,10.75
1063,24de2aec2fb84dcfd0f02f85858be2e07d5b6cb5,0,1,0,0,4,0,0,3,933,146.62
1064,662b0a0eee9a38786aa74b17d2ddc5c69ca2dbeb,0,2,0,0,0,0,0,0,359,75.7
1065,90ab1628d85feb0be285d989c9f0730f9584f05e,0,1,0,0,1,0,0,0,285,50.51
1066,2f98fe462560d628df98d0acdf36e594ebd96d1d,0,1,0,0,0,0,0,0,304,54.07
1067,9246691f44839d7f5479d02b619266fd746f9529,0,1,0,0,3,0,0,3,518,103.94
1068,b3653a62955b9a83ba968fc3a98bae7969df13ce,0,3,0,0,20,3,0,1,1010,185.48
1069,7b355d83c584512243170d3a285571fb73103420,0,2,0,0,12,0,0,0,963,154.99
1070,069b77e0f941a5b752632cd590abb6ac7ecf002c,0,1,0,0,0,0,0,0,442,65.08
1071,14a7712b0b62a9c1c18067deaf294ed4b458fb31,0,5,0,0,36,25,0,7,214,123.47
1072,5c8fab3cec030d56b682e0aad4fd3ebe0cda1160,0,1,0,0,0,0,0,0,379,73.01
1073,5697ca19e0076ccc3b8f2b56bd739fcc73761d7d,0,2,0,0,12,0,0,20,568,136.83
1074,1ddddec0180252872f3ef595b69745ba253ac800,0,1,0,0,2,2,0,0,109,38.38
1075,53b0527a5dd35cd2e36650a6352b882cc32f714f,0,1,0,0,0,0,0,0,795,116.89
1076,58e3ad8b6c949d283bcd585690ba371dcdeae308,0,1,0,0,1,0,0,3,202,41.21
1077,a37b0a523aea9149c6ad33ee4bbc8a24e799323c,0,1,0,0,61,2,0,12,486,113.17
1078,eab24df54ce9d5a828d96bb7da455c04d97ee849,2,15,0,0,91,184,0,16,4229,969.99
1079,33c03f67fac01b5bc29833d6ee5725e8a3ec6e49,0,4,0,0,52,2,0,30,620,178.22
1080,2ca35347f3424c9c3bad52ea14b08ed5e0ed3422,0,1,0,0,1,0,0,2,32,62.46
1081,caac328457fb451fda5651f67278fbf8b5365936,0,1,0,0,3,0,0,0,384,80.54
1082,f9c78255bbe86b80633a0883547367a11049bc8a,0,2,0,0,0,0,0,0,624,135.21
1083,ed8ba5dff378f6ebd3edca10994ca63976af541b,0,2,0,0,0,18,0,1,153,47.9
1084,1e8d2fe9993a6d5472e99d62d53db900a26814f3,0,11,0,2,4,68,0,0,843,283.52
1085,1bc510afa36aaab39e36d1aa0eb53a30a9d0f06d,3,0,0,0,0,0,0,0,0,47.52
1086,08c60dc517212bad1f9bddeedc52003bbbfc4a62,0,1,0,0,0,1,0,3,202,39.56
1087,6599d13108fdb584094052f3a72c0c39bf3caba5,0,1,0,0,4,0,0,3,36,33.54
1088,fcc84c258f63bf1f0712f0a62a2ba93d42dbf477,0,1,0,0,3,0,0,3,537,86.89
1089,de546af64619208349b8290aca94adb56abb97d0,0,2,0,0,3,4,0,0,1176,196.5
1090,210a157a951e908681b6ced0958adbd779f48bf0,0,1,0,0,0,0,0,0,0,11.63
1091,e25e8b0363dc59915e7c2c2d08bf9d53bd6e9372,0,3,0,0,10,0,0,0,1734,340.38
1092,d86a13dade89b9259b5f007755584f2f4389e7ec,0,1,0,0,0,0,0,0,202,45.15
1093,7fe79fa71c3d6907ab09b0cc1be362eea2632c01,0,3,0,0,4,1,0,0,825,150.66
1094,61fa81615745446ab67d442b5caf7d6200f32946,0,2,0,0,30,12,0,1,464,107.89
1095,dea3c1207cd0b60ddb3bbda3ae120d5efba97121,0,2,0,0,19,6,0,12,401,95.17
1096,231e0c0043ddbe5297cb8f0716e6de5a7381892d,0,1,0,0,4,0,0,0,547,96.67
1097,9c1869648c19d0abfdb79aa7c6937eb5568d2f66,0,1,0,0,1,0,0,1,551,104.45
1098,ea3b8028c94b56521890d24129c7b630dbc57bf7,0,1,0,0,2,0,0,2,540,100.43
1099,cfaec1e1e3a41e27a19a60e0de80e301b925721a,0,1,0,0,8,1,0,0,28,20.29
1100,7609c497493371b54af718fc9b32b2190932b4b7,8,11,0,0,24,90,0,15,1092,562.97
1101,aa2e21ceb673104899d6254f830bb37b5fb790f3,0,1,0,0,4,0,0,3,304,66.0
1102,2a4532385784ad19cc2e3c4edb57f61ebdc46e05,0,1,0,0,58,4,0,0,259,75.02
1103,d5e3f6c894b1159cea94a74ed505bf26c9e4ac71,0,2,0,0,0,0,0,0,386,80.17
1104,3dcb8b26252a6643df6b92b8df2b602e9aa9d636,0,2,0,0,0,8,0,0,561,120.88
1105,e78ff424120f520917ab7c603cb962d178f91a13,0,1,0,0,8,6,0,4,546,98.23
1106,0593245163f87fbf7537d6190cc9e1c6abb7df1c,0,1,0,0,6,8,0,4,546,102.46
1107,062042ba83651b8495bc0330023ae7c7c47a38d4,0,3,0,0,9,0,0,0,66,53.23
1108,07e4c7264a8eea8796bcf755a186d5a89273333d,3,0,0,0,0,0,0,0,0,57.65
1109,9d1d24095c3fe5cceb8a9cdda82c41638879a963,0,1,0,0,0,0,0,0,24,27.54
1110,9bbcc4a06facc6118eaf51d9172b2e1fcd4ee15c,0,1,0,0,0,8,0,15,144,40.9
1111,91805d792847c00382b07e20dccfcea5553e2295,0,2,0,0,2,0,0,2,230,65.4
1112,cfef20aa1884fb775db11c4a53fc09e22f953b89,0,1,0,0,10,1,0,4,537,97.17
1113,a629f5db3e3f70374e02476b269162c6401bd5e1,0,5,0,0,102,83,0,5,2192,437.68
1114,69bd17fe1b79fe96f9d954b603d6ac4d26a7d1e9,0,3,0,0,15,0,0,20,406,135.06
1115,6383b93ea75271383aa649c79430a611c43e9b2d,0,4,0,1,15,0,0,12,305,115.89
1116,4479b081abfdcb11dde34ba4843c068bd329f667,0,1,0,0,16,0,0,0,630,137.52
1117,57b8b91af9037677dc2b7bce1f64757b89de80f0,0,2,0,0,37,2,0,20,278,88.04
1118,10b3026dc7b845f4d402f437be3d708bc5110b17,0,1,0,0,0,0,0,0,97,26.48
1119,dd2f3d4654009698887f76b417635eeacea443b2,1,9,0,0,105,39,0,0,3387,657.86
1120,a1ad7e64d33a7bc7505f9b61da9a71e1556f1fd4,0,2,0,0,36,0,0,0,127,93.68
1121,651490942d9a9ee82916465498e6b4f77d989b04,0,1,0,0,2,1,0,9,551,99.85
1122,6cd712c7be93a96efec74da2cc06c42ded831d4c,0,1,0,0,1,0,0,1,553,106.17
1123,b59e375a5c4248fcef724d318c51618b1e4b757f,0,2,0,0,1,17,0,0,147,65.98
1124,e50c404aca679b113a70f52f76a0d96c6ac944f2,0,2,0,0,10,4,0,13,2110,392.13
1125,c3f5e1f55104828b5ae796b1726aaba52a6dc9d6,2,4,0,0,12,3,0,5,111,123.14
1126,ce44c03988c00468b631478f9df8c0709805f119,0,6,1,0,0,37,0,39,2911,445.96
1127,882de7a96248bc97a5cb034a4c5ad9c416fa2968,0,1,0,0,12,1,0,6,948,142.67
1128,ad29fed7d583de3a453a16a75f1175c6fc491ef2,1,0,0,0,0,0,0,0,0,31.0
1129,f90645dd77e160fb0779f711ad7be60d4eddc123,0,5,0,0,5,4,0,28,1881,319.94
1130,23e790f50b43d59c27d9c75147ddb2f712df5703,1,1,0,0,0,0,0,0,531,108.33
1131,07219dc721d304e1a82631aadf0016417ed4c384,3,3,0,0,0,0,0,0,419,168.47
1132,8525e1ee23a269ba64821d26060a3ef724e307eb,0,1,0,0,0,0,0,0,55,19.61
1133,ebb08cddcf8511e6a62ffbf0fff675e9627cd376,0,1,0,0,2,43,0,18,157,42.46
1134,4e446e768912ca08b30d74b3c570ddb336b837a6,0,2,0,0,19,0,0,13,163,63.31
1135,aa7d11ab0b40e2f8c54f394f2b97f65d6d39f124,0,1,0,0,1,0,0,0,19,15.74
1136,a95bbc96e4b67575a8553ba50b8b7d653e6f6772,0,10,0,0,46,40,0,20,1834,452.47
1137,94b7aaee90e209cc0d18e93088355774a7add536,0,1,0,0,0,0,0,0,335,79.4
1138,128bca90d9b0f458bf6ddc1e5065418ad6c25226,0,1,0,0,0,0,0,0,32,18.91
1139,c2db3972ec47cb68edaca5280c382708645591ef,0,1,0,0,4,0,0,3,15,31.39
1140,9719bcba952e273b37e110992bfab02297f20b12,0,1,0,0,10,4,0,9,527,131.6
1141,26cc7e9a2314fab5fa2df4acbb6598b1145ef152,0,5,0,0,4,10,0,2,387,109.34
1142,2a37e705f7e1ec6225bb2cd747233a74044c02ec,0,1,0,0,0,1,0,0,243,46.62
1143,f7dad3dccc5c7f0c2a6a83220f35f9dfc269dd0b,0,2,0,0,5,3,0,25,1306,229.47
1144,7e41f152334ad8943f94a7ae197ac2fac4b1e9a8,0,1,0,0,0,0,0,0,517,82.99
1145,6213bc3c8e9446ba8a556d195649ee9960dac79c,1,0,0,0,0,0,0,0,0,38.16
1146,7130baf1163bd3e7d6027d845bf26b667af9c7d5,0,10,0,0,16,1,0,32,3092,533.66
1147,3b8bed11a6eddcbe1ea6af7007286b5bf9ba3185,1,3,0,0,52,0,0,3,494,194.48
1148,f370d0ba4105fb557b769adc6831b5b174f1e585,0,7,0,0,19,18,0,6,639,184.69
1149,360b8bba7e7f1a9e77e53fab6b11de4707f25752,0,4,0,0,8,0,0,3,1888,284.79
1150,e5c85310019080628d83cdda49ab690430faa314,0,11,0,0,71,151,0,22,4678,899.39
1151,7293cefa981f2547e3b5cfe9f2a43cb8aa8348ec,0,4,0,0,8,31,0,3,1865,289.81
1152,a36d212a9a82f87fdd7183ab81293813ebe31fac,1,4,1,0,17,5,0,21,700,210.26
1153,3234662c005ee8d12b2e3471f0e494c7b8c648ad,0,2,0,0,13,0,0,6,477,114.39
1154,5a934ef6e7d503f23308b4cb817ef7eb6371e860,0,1,0,0,50,32,0,1,44,51.85
1155,620bfe40bedc30bfcb08d7dcefd20862b8183973,0,4,0,0,13,2,0,6,1080,230.68
1156,7ffccd0e463b74e4c5c5dea9177a96e4d013dca9,0,1,0,0,16,0,0,0,92,40.29
1157,cfaf4fab71c287877f294187685e26cbb30bc4db,0,1,0,0,19,0,0,1,108,44.88
1158,55afbc46756696a6d763bc280811a0cf67e7c236,0,1,0,0,0,5,0,0,23,16.07
1159,52d79981c6d03249e13b4a24d09769e2b84a1179,0,0,0,0,0,0,0,0,0,55.36
1160,07413e2fb722d7157f322670bedde19a4ef17cf9,0,1,0,0,27,0,0,4,317,122.16
1161,b26cdb24f57660811914e28e3dcdef418647187c,1,2,0,0,1,0,0,0,57,42.05
1162,cb4c76563592ffe116e7a0201f56fc351e6cb9e6,0,8,0,0,125,18,0,8,3318,690.52
1163,27667c858b7d4fb8e5565613aff3260b0235ac9f,0,4,0,0,5,1,0,6,2274,411.84
1164,134c510d116931b3bbe57e9562cace10c18a944c,0,1,0,0,1,0,0,0,20,23.61
1165,f2520488dea07a7502aa8fcf7192a86fc5ea0bf7,3,4,5,0,0,0,0,0,462,751.12
1166,3a591a989ca574f36dd8c92858cd1c8a1d299ca8,0,5,0,0,20,22,0,39,684,178.92
1167,a54c987f0c0e90c6b7f7867a7ae89248d962c704,0,6,4,1,135,3,0,9,1804,481.74
1168,c78806b134ecef5edb8c68cd680a5bbf17abc59f,0,2,0,0,0,0,0,0,48,28.07
1169,6baaba0a2ce0df1c21776548f932fc9970c35e30,0,1,0,0,2,0,0,6,423,76.48
1170,9375e3c8b051a55d8d07d8be967d0cd48e277c13,1,7,0,0,22,0,0,24,1289,274.43
1171,d4cf962c8a490ee200d774763ac3c8cc243179da,0,1,0,0,0,0,0,0,54,21.31
1172,b65f9cc05c479682d46d341b9bbf424f2b095d46,0,75,0,6,57,58,0,68,20065,3906.11
1173,a022320ef9777badddd290653876f5d09bb377a6,0,3,0,0,0,0,0,0,771,158.89
1174,15fc0d66c6b9747467d43e14d2b18a06517f11f3,6,20,6,0,5,0,0,8,4656,1139.64
1175,e7e57abc47f85afd7bc2745293a72107068d260a,0,1,0,0,0,0,0,0,931,139.87
1176,42d9fca0d1f50e35c31697ea58198a52307e6a29,0,1,0,0,0,0,0,0,537,79.22
1177,3fe4832c21c7987e2c7cf302953ced381022b62b,0,5,0,0,28,20,0,40,1468,330.87
1178,340cf43e092509fb6e9ceb836af5f96c91e1d33b,0,1,0,0,0,0,0,0,553,84.94
1179,41cb158f0961f159a7672b302242d8b892589834,0,1,0,0,0,0,0,0,521,85.23
1180,a1f63322bb4c38144c76856def9160a7eb2bccca,0,1,0,0,0,0,0,0,258,75.32
1181,98aee5440f29a4eb8bae4c6cebe7453c89424f11,0,2,0,0,23,0,0,1,151,70.64
1182,e5f6c67f0dc3bff76db35d7a3984068e79f991bf,0,1,0,0,2,13,0,10,245,66.72
1183,0d5da71571d9438ba2e09e7d9c619fe7c5a1b2fe,0,2,1,0,46,60,0,44,1301,240.51
1184,fd02c343fa41118d39cc5b1bbc203f7e4c66270c,0,7,0,0,13,85,0,64,2549,462.76
1185,d6adcd04f526f2a1f649af4a5d678f8a8afc1010,0,2,0,0,80,95,0,32,461,164.54
1186,d91ee91b89e9028675ce9162afaefa0eee87d86c,0,4,0,0,1,8,0,48,1695,304.56
1187,e525abf6726fcc010d4f5aca3ec41aacf2a880a8,0,1,0,0,0,5,0,0,280,48.91
1188,66728e6f67f16e3367fa8128f8990c805008529d,0,1,0,0,1,0,0,0,410,74.63
1189,67c1fc3436c6cc6ee521bc1be2c38ea0dfef23fd,0,3,0,0,0,14,0,5,1123,168.67
1190,c7df216c115b94d18a394eba025d11243dea39f0,0,4,0,0,33,11,0,0,983,192.26
1191,b58a646039f2b8830118be3bb6378bf534256291,0,4,0,0,0,29,0,15,1140,189.6
1192,ecd4cecd196ac8982db048d8badb11658c6672e2,0,1,0,0,2,2,0,4,118,155.93
1193,a5248f95fcaf7bdca33ef4059894c4d371234b0f,0,2,0,0,0,8,0,0,351,112.09
1194,502cfe7b5d88dd765de41175521d664eccbb3151,0,1,0,0,0,0,0,0,893,128.44
1195,beaac2c27f7d798017dba98a6904c4c7467c534b,0,2,0,0,6,3,0,2,1088,180.19
1196,e30b9d47f22121d448aa2d3651654f1ac418b569,0,1,0,0,0,1,0,5,199,44.67
1197,d493073e548f316567dc190b03e2b4a1a6986d89,0,1,0,0,2,2,0,5,101,33.82
1198,a9680f4e8b6303ec4ff094b863a6a713baa34675,0,1,0,0,4,1,0,4,410,84.14
1199,4631663ed88433f9b0e08d01664a50f74fee157a,0,1,0,0,3,0,0,0,199,45.72
1200,4531ccda9137c9735d751baa4e33c027a950b45d,0,2,0,0,14,0,0,0,190,136.58
1201,99e725c7ff792e017cd31f62429b23eae5625f67,0,1,0,0,0,2,0,3,892,128.6
1202,24e48ff4c800f310a2ba01b07f09fb1330d0ac84,0,1,0,0,6,0,0,5,122,33.21
1203,1c078c3aadc3a7d3a69062cc00d7eceb15e357f3,0,3,0,0,27,1,0,3,937,174.33
1204,239ca0c0909bab997bb9f8f5edb4ed6fdbbec2a1,1,4,0,0,46,2,0,1,588,207.49
1205,9ae54b277b43c1d8e99c427703c7e54553d48ee3,0,1,0,0,3,0,0,2,47,31.64
1206,ca1f068c57de95d6439b8bdf71c10fcd60b2ee1c,2,1,0,0,0,0,0,0,0,92.1
1207,6babfad71f00c9cf048e97ff23ca646947d124e6,0,1,0,0,0,0,0,0,64,28.48
1208,d89e5f13b0eb3a4e6354a6e4bddb8f0537d37a1a,0,5,0,0,10,0,0,8,1600,381.04
1209,a6b7d9509794100c91a6e8a9bf5b71ddd0d8f5b9,0,2,0,0,11,0,0,0,91,50.84
1210,efef11e2dc4dec550e37678b4a4117f213139407,0,1,0,0,6,1,0,3,552,103.46
1211,463eea13436265abb1a238c7559552aae9b2da7a,0,1,0,0,0,0,0,0,30,22.0
1212,47c7c89e491c823fea152f57db97ff2847688122,0,1,0,0,0,1,0,4,417,80.68
1213,8dd763874c3293658e6a3f5a8929140b0e5a273d,3,2,0,0,14,14,0,0,135,113.56
1214,41bfe09a492f867a705627c47235fc714f4862fa,0,1,0,0,1,0,0,0,464,72.69
1215,97eb0f0b6f9b60932e04db8c851685087e3ef41b,0,5,0,0,42,0,0,0,726,189.18
1216,67047d7ec72d363155b5c088f4798db92c34a812,0,1,0,0,45,8,0,6,107,53.22
1217,225fb345f69e95afefe5233c1d845ec55481a08d,0,3,0,0,0,0,0,0,712,118.83
1218,17653dd487fd48a4673be1d0ad4b55337d0ed39d,0,1,0,0,21,0,0,0,240,55.12
1219,c3eb2c844fb149057cfabaf9cd845965fa597705,0,1,0,0,10,0,0,7,892,156.12
1220,5c6931f26315a3be8579a0483fcd8f4050de954a,0,1,0,0,2,0,0,1,465,115.5
1221,28b6d90a93b4949a054a3b103fb7b34b027f0175,0,1,0,0,4,0,0,2,902,134.64
1222,d0b61e75ae232507ee5fbcc351da1769159a9974,0,2,0,0,16,0,0,0,479,96.24
1223,7aab1fbc6464593b7545ce5d29636b8744a6b94c,0,1,0,0,0,9,0,10,77,26.47
1224,0db51718ced91fa0b1bcfef2b906596f8383fb94,0,2,0,0,9,1,0,0,148,50.65
1225,5d8688fc3d268ff051c361eb716f39d8fb4a9e8e,0,1,0,0,6,4,0,7,84,36.91
1226,21f80973533b8c64032d864d8299bcb05f54445e,0,1,0,0,7,0,0,15,417,77.99
1227,cacce6c5f69a6d3e0d7bc01697db6ca1a1468455,0,2,0,0,0,0,0,0,626,119.76
1228,04155cac92fdec2ebe3dcaf0cded35b8a46f5430,0,5,1,0,50,0,0,0,971,236.25
1229,1858f177166fea9c11c3930e14cbfe27f81acb65,0,1,0,0,1,0,0,1,424,77.4
1230,1f9fd80ae601830789bc9cf06b05978cde833ec5,0,1,0,0,0,0,0,0,425,79.84
1231,21bd10825a39534c4f75435ce691be6064ae0cff,0,1,0,0,6,0,0,0,120,35.82
1232,91fa2ad048ff7e964d10dbffe80432e84a528766,0,3,0,0,4,0,0,1,1269,200.63
1233,23cbf39343741a479059af2a91d4357e01531dba,2,7,0,0,16,30,0,17,1245,310.93
1234,e1bc106ffa9d692d43b38f302da205c4324e2599,0,2,0,0,0,0,0,0,215,51.74
1235,575fec9c4adf9d53be921aaea909ab5f4b941db3,0,1,0,0,0,0,0,0,202,43.37
1236,9f45ca97ec3a3230b0bac2fcbb9adf8febfb89da,1,7,0,0,33,0,0,23,1975,397.19
1237,1b3748a994eafc8edd60f4714aefc5feaa36d5eb,0,4,0,0,20,3,0,5,1110,224.36
1238,69b1be1d5037e39af2750740e9645561f88c5691,0,5,0,0,12,7,0,21,1250,258.45
1239,c12028b5b932403ea2ce77a45ad699a013b8d488,0,1,0,0,1,0,0,0,37,18.64
1240,f4406121af4ff600d2ff581e5dbe46ec34b06cca,0,1,0,0,0,0,0,0,69,70.51
1241,3fb9ac02b8bbdacd32ee0f5ece91a1293856e259,0,1,0,0,0,0,0,0,906,127.17
1242,42411929ff65df452c18160c81cfb6858a7d42cc,0,5,0,0,0,0,0,0,628,133.98
1243,68021818558d028f23b2a81503ce6d181a1fc3b0,0,1,0,0,2,0,0,3,126,40.51
1244,58039a7bc2882c334c4e673354e5cb1bce255f99,0,1,0,0,9,1,0,0,64,26.15
1245,dfd0303cd7e845d8bf4a261d734b5fa5315cbaef,0,3,0,0,2,3,0,0,69,38.96
1246,bd3e171467aa5abb40ecc1ba7e7a616d382608d0,0,1,0,0,3,0,0,3,163,43.24
1247,e99d776a9150645ffafc2dbee88b3b45a98ff731,0,3,0,0,36,0,0,6,1003,191.83
1248,3339e94e8d79fc55c861a1686ce1de0adb9790a8,0,48,0,0,70,12,0,45,8076,1444.5
1249,94464432f8e2b342dcca3da0c4f585a70ca5a1ab,0,13,0,1,3,0,0,0,1497,278.16
1250,70312ea6258a049b7be72663e1548fb3ae73e444,0,3,0,0,23,0,0,5,606,141.02
1251,f4c8d1a06cbd293c80d3b080c4a84563a9d05411,0,6,0,0,4,0,0,6,611,174.05
1252,b378ea615f05e7ed2f4441049dac1b676ed3f5cb,2,2,0,0,0,0,0,0,8,93.42
1253,9cacb67b6997a0345d9ad121b40661a3ceb96c32,0,5,0,0,36,0,0,4,1600,271.93
1254,5e65d6ee2f1a300cccd1354f7a59f27b2c57100c,0,6,0,0,15,3,0,11,1827,413.15
1255,a9482a23820a74328703d558189af1407b134204,0,1,0,0,25,0,0,2,11,23.85
1256,9039e79ec21b4f23766eafc698ceb7d465633a90,0,2,0,0,14,0,0,17,318,73.61
1257,704b52fbe9f0b150fa252aedf31b8a79a6cf202a,0,4,0,0,7,0,0,1,269,73.92
1258,b590cc49acba625d3d076a9722f2ff87a3400be4,0,1,0,0,1,0,0,1,265,45.08
1259,7245829a068b797ccb77c1337113c0702bc838d5,0,2,0,0,0,0,0,0,571,108.96
1260,44572e6a2d9d933783d2c00ff3844d64faa143e9,2,1,1,0,10,0,0,14,445,181.83
1261,3d51be29651f7f95323cc2831d4cd4e535feb0cc,0,2,0,0,5,2,0,3,184,54.95
1262,1c6714733a44dd3a40bf9abd3a6ab2b4db8164dd,0,1,0,0,4,0,0,8,257,53.32
1263,52249bc3aa53158e0bc7e79a873ac581b033f0aa,0,1,0,0,0,0,0,0,334,60.97
1264,4ea95c08531fea21044a89ba5356cad49d948df0,0,1,0,0,38,13,0,7,325,83.62
1265,d189828325aaef5b1934648507bb2cc0a6eebde9,0,1,0,0,1,0,0,6,153,36.54
1266,443686f10167ff5936ed9256b6d76ee4a659fa81,0,12,0,0,61,10,0,8,3379,587.56
1267,10a4154a0635cb98316fd60664c24ac503661ddc,11,0,0,0,0,0,0,0,0,264.31
1268,443d61e41aa3564f72f944621c107ae19a685492,0,15,0,1,11,3,0,6,2512,496.04
1269,d32839d1a01179751f8ea7d66618534cb56a4498,0,1,0,0,8,12,0,1,249,59.59
1270,cdfc6d1c1d74788b90eec3af09e5f61d80295945,0,1,0,0,0,0,0,0,53,27.25
1271,39505bccd0ae97e4ea13364e169ecdd664fb12cb,0,1,0,0,2,0,0,2,480,80.88
1272,af9891965e296f80f97ae4762d4a108b8e7fe95d,0,4,0,0,38,8,0,39,1261,210.54
1273,7b328fbbc5e1dca2f8d6a93f1659c4072912bbca,0,3,0,0,27,0,0,23,192,75.44
1274,c6ee51819a91549a47ef918a7a126680a1605d52,3,9,0,0,68,2,0,5,1946,406.07
1275,f5e8fc90cc68a7f3e16e578253e47235ca440708,0,0,12,0,0,0,0,0,0,81.16
1276,ceebf40c0bc7504624d355a6d4a092fb4f1ad961,1,0,0,0,0,0,0,0,0,14.58
1277,18dc5e84e226754f6fa6b6a9e6d59bb792f1f090,0,1,0,0,3,0,0,1,265,55.48
1278,0faf605ea174e37b67ae4541fe3a0c9b07bf9703,0,1,0,0,2,0,0,0,53,20.74
1279,9afce6678e583525032952ddd8f7ffaa88f6e1ac,0,13,0,0,45,3,0,30,1183,300.09
1280,75718140717988cb3227550e72b0059e1455a7a3,0,1,0,0,2,0,0,0,130,71.51
1281,96c80b48de9d8fda1c554ec0688ff40e663c0192,1,4,0,0,69,36,0,34,149,121.36
1282,4ca0a977831151b3ff15cee3178de7927a7a6481,9,44,0,44,31,0,0,6,1961,1601.5
1283,c1333aa61cdc754f37035ea3b9eea46294633eb7,0,1,0,1,3,0,0,4,295,124.37
1284,961e65362eee6fc49248df4a2ef5ed75a45f57dd,0,2,0,2,14,1,0,4,113,90.2
1285,6c100b6de3489bfb321df472394348d1fabe9c7b,0,1,0,1,5,0,0,4,73,64.04
1286,1d4cace9547a8e0c8e5404cc5c9a60b9c64efe49,0,14,0,2,45,42,0,29,628,248.89
1287,c9cc5f7b33a1b24ed26862ec70aa42b45d87756a,0,1,0,0,4,7,0,2,89,29.99
1288,bfce9fa0ef45bbb99707f091bc917be2246f40cc,1,8,0,8,0,0,0,0,462,367.59
1289,ee6ae40426affac769660004a70607c97731195e,0,1,0,0,0,4,0,2,74,21.25
1290,0f39b8f477d6fb8cac4bda59759533dfd3e4f87b,2,0,0,0,0,0,0,0,0,42.52
1291,db9ca36fb397eb0eeda07bfcd48cd9233e870ed5,2,16,0,14,92,0,0,60,646,522.2
1292,87d2ccc5703526e88925582d882f8d2a70c71be0,0,3,0,3,42,25,0,7,976,448.28
1293,8cdba28df588d2dfa9a43947b6aea837ea36701b,0,1,0,0,0,0,0,0,797,136.68
1294,cda22507a929b6643aa313d6ad9bc3eeb2b252c4,0,1,0,1,0,0,0,0,450,188.73
1295,a4b99cf687805e4402a15d45757a3f920410de0c,0,1,0,1,0,0,0,0,26,35.98
1296,baef12d73efde693cb0ddb058facff95726d65df,1,28,0,26,365,20,0,54,2981,1984.21
1297,b3f302c30ce0ad5bd162f65d957f8c29bda38204,0,1,0,1,0,0,0,0,9,23.08
1298,3baabbdb8402c2d052d8c0bc338bbbdc4f98d543,0,2,0,1,0,0,0,0,394,253.77
1299,9adc7f52b2b1a502d8f3eecebe887a876c0be320,0,1,0,1,8,2,0,20,530,219.65
1300,29bc8bb519c0b361865e56e31d5a8480025203f4,0,3,0,3,6,0,0,1,148,179.42
1301,11999bd2b38b58d2509a21afc78be55ed5bd82c8,0,1,0,0,8,0,0,0,6,18.01
1302,9013c837e8c399b5c914a0e73b14f5bceebeca47,4,2,0,2,0,66,0,0,65,180.94
1303,e9cc906a81994e571d3e2744e0a07e2f266113c6,6,26,0,6,42,1,0,41,1192,574.63
1304,f1067227748fb2190d0e728f8e4bf5c206730eb1,0,14,0,12,43,28,0,69,4333,1753.57
1305,e1e70fdfc30ffb7c69b50e15f0c1fadaa1431deb,1,0,0,0,0,0,0,0,0,26.01
1306,e2725f70fbb3af699c811efbb61bba735b27ff26,0,9,0,5,50,55,0,6,818,329.74
1307,4f1ba234d05adc057ef936e84483e8fd56f3c70e,0,1,0,1,106,56,0,14,286,201.49
1308,a03976103d8efe4074542c6f0a1d612e96410788,0,22,0,13,0,0,0,0,1353,734.91
1309,961b0938cbea7b0a926325d27fe2f5211921b60f,0,2,0,1,4,0,0,22,1384,373.71
1310,5e4aa0830fe0fe22fd16f4fdf57d2d52b54b1662,0,4,0,1,1,7,0,3,551,140.56
1311,dc0e68b5cb9d6164b5a094a8f8eadd7f2cab1bec,1,1,0,1,0,0,0,0,55,67.17
1312,59b13bfb7a0dff2661e15ffdf057debdc7678aef,0,1,0,1,0,2,0,2,293,135.87
1313,ee3c65fb58c1a19212f35172e45c1a491a97361f,0,1,0,1,3,0,0,2,36,43.8
1314,a84c14f3e46cf604eb7dff5857649668ec2a9cdc,0,1,0,1,0,0,0,0,24,28.94
1315,4a03a8d641b22d7e7fddb1b1dcecb46d733972c2,0,2,0,1,0,0,0,0,143,63.95
1316,e1b5bff0f0646ea69d5ff29e941d12f3145ed016,0,1,0,1,6,0,0,6,172,100.01
1317,f60e26e77178a34e87c8e5c6d907f70a18207801,0,1,0,1,17,0,0,11,115,77.12
1318,358b82d728141578f3a451d3e8585e2ba4bf1f93,0,1,0,0,3,0,0,1,178,36.13
1319,62db1f1cf6817dff7e8e11d9a8a4ee5a422737ad,0,1,0,0,0,12,0,0,49,21.28
1320,53f0d0db3e48a09787b8b4abdd22fd5f67ffa8cf,2,4,0,3,40,8,0,18,521,491.31
1321,4c5eec3968ec4f5dec3f309fdb145b27d6b0ff5a,4,17,0,15,113,69,0,85,1049,1016.42
1322,0b788acf5e3b1b9de736bd19b955627b8e70cdc9,0,4,0,4,81,17,0,16,390,311.18
1323,193476d4c2fd65fa5a77d92bfd64f39ac85f3d2d,0,1,0,1,5,0,0,10,289,145.72
1324,ab55ce3b55b0f6f58c5fbfa95e54b2bc1c16fc49,0,4,0,4,29,0,0,0,44,114.83
1325,469b8a888b538f700158e8d2a6d93a4d3289f929,0,5,0,3,33,36,0,10,273,193.12
1326,5f5e0e05759f507a1dff4ef429a09d23f3bd1322,1,0,0,0,0,0,0,0,0,18.18
1327,b9aeb3e12516c660fdb3945d89fda4f66e9af45d,0,1,0,0,16,0,0,33,818,135.17
1328,2a8ed43ac1cf632888daa3ef93e30b989074e0d3,0,2,0,1,6,3,0,0,660,257.67
1329,1f58ab7c380456a2ecc87a48c945aff78fe884c0,0,2,0,2,9,22,0,9,52,83.26
1330,0dcf30557513c8764988806fca0eb7a37f994037,0,1,0,1,0,0,0,0,54,45.12
1331,446583b0b136999a65e0a5926449a7cf945f8ff7,0,2,0,2,24,12,0,34,384,229.7
1332,19823394735254b84c7ab2be5ce2835fa51f3c8c,0,2,0,0,11,8,0,6,1276,210.81
1333,98290fec4029887357a3fe9c8afa77567261eb6b,1,2,0,2,5,2,0,4,308,194.47
1334,cc956afc207464a39393de28253b3adc5a7379bd,0,6,0,4,12,5,0,5,777,341.1
1335,e37f4ecef95ddf8f602b118c9cfc920b361c977f,0,2,0,1,0,0,0,0,267,61.39
1336,5dccb9751cfc107562b8d0ebe6b210251701a29b,0,2,0,0,1,2,0,9,310,63.42
1337,2b88cdcd781ec179ed7bc1a7351ef88c26b2368e,0,1,0,1,4,0,0,0,363,159.19
1338,369056d691eb5a863df9ca83b192bda63cb1d27a,0,3,0,1,10,2,0,10,980,199.73
1339,895ccff4f350d1e8c7acc121bb9bb118e164adfa,1,2,0,2,0,0,0,0,187,158.16
1340,9ad652e9baf6051431693279a65cff2186e504fd,0,4,0,3,0,7,0,8,179,175.55
1341,27a7acafdeb02766449f37fc1fa4706195c555f1,0,2,0,1,1,0,0,0,70,61.53
1342,d3ce422002bc92858ecb6969582df584cda11325,0,1,0,1,0,0,0,0,151,79.22
1343,196882e2cd68962d64e0a009a6f28496379f55cb,0,11,0,5,122,85,0,10,2606,675.76
1344,40514e7f4f12edaaa009b529a2280d9a442989b1,0,1,0,0,0,0,0,0,73,23.44
1345,9acf2c8d4790f78e12d97f31ef06d3b7f0638e9c,0,3,0,0,0,2,0,2,1428,219.53
1346,14b68ca4c0b21ced1f4ff2bc484e9b2c0f1a17cb,0,2,0,0,2,0,0,11,497,116.75
1347,0d884e15bc64d90b8c2fe367728b8f7fde23930f,0,7,0,5,135,0,0,22,1208,453.05
1348,6dae1e055b7d96b5ff2073ad314d4e0c3c0bc919,0,2,0,1,14,3,0,3,1032,236.32
1349,479c53423c9724046af8c516637fc673509f2219,2,12,1,3,64,39,0,17,2638,706.88
1350,026227e87f6473033c32da262ec5f0e4116e9454,1,2,0,0,2,0,0,2,389,110.16
1351,49d5f14dd6f683b2777017449fdb171f68fd59fd,0,5,0,2,15,18,0,8,1141,331.74
1352,c6b5f4fa0d0e582828c7f6df1920876ae9e806f1,0,1,0,0,0,0,0,0,4,15.73
1353,590c27c2c92318c1784d109e9bcea091ee138711,0,0,10,0,0,0,0,0,0,69.17
1354,635768d28a76131a28467f8b469d74a527dc98b4,0,4,0,0,184,19,0,42,675,232.48
1355,4e080fcbbbb40a1fb29a70758fe762455388e277,0,1,0,0,1,0,0,2,434,80.68
1356,b1f8ce99c18ee41180e90689118c5b7a1073f22b,0,1,0,0,12,18,0,0,62,29.4
1357,8e95593f42c7ed15ed197a9d97df70cde363297d,0,4,0,1,47,6,0,0,2372,400.93
1358,e593f0efbf1144bcb5909d2630321e631a2e66bb,1,9,0,3,191,4,0,22,3525,822.83
1359,a026befba3065faac22d255747f3bf48ca556673,3,16,0,9,221,80,0,84,5503,2134.74
1360,adbcfc3846f28f46d8d5645b20e3e5919a133ec1,0,3,0,0,0,5,0,2,1825,370.61
1361,f65e61c7abe27fd718f1f4abb25fe59a20249aa6,0,4,0,1,32,16,0,6,2235,512.28
1362,1e39459111709b7677cc8a9b2fbc2763a143df4b,0,1,0,0,17,19,0,5,857,139.67
1363,ef0421d85632817266dc7ccc7edf068785ed0eee,0,1,0,1,7,4,0,2,20,46.71
1364,25580f47a7a875b0474084e20853a4acaa2a17a6,0,2,0,2,0,2,0,0,166,108.1
1365,23ee15f04e8b2099d256704e9b9c01bfc6810f4e,0,1,0,0,6,0,0,16,529,100.31
1366,afd149c7aaf989c88d25b5448e483d749a6b6659,0,5,0,2,56,41,0,11,1727,337.34
1367,e553b2c34a091cc02287c5e773f335b2a87279e8,0,12,0,3,13,23,0,20,2352,534.58
1368,ea52d836b45cb1c77e243b906172738e3a7fa587,0,4,0,0,10,17,0,20,1958,303.96
1369,c83d862620d2895e28179161b456235fd28a3a2b,4,16,0,6,27,26,0,10,1525,634.39
1370,ef92b957cd7e69b1ba318826891dc18d50f79a8a,0,0,1,0,0,0,0,0,0,9.35
1371,561ae3b2268d242b7a22c1aba8052c6b67d7fad6,2,2,0,2,7,7,0,7,38,88.07
1372,8eb75a630c3d1c3d2e13e74fab77a7ab505d7118,2,4,0,0,59,3,0,31,887,219.58
1373,528b2c2d32a9d2883eee0b21c71cd650fffe9cdc,0,1,0,0,0,0,0,0,527,74.49
1374,ac98087cc65c3d05676c7c456175d3a51e9e259a,5,0,0,0,0,0,0,0,0,152.88
1375,a309d26e8c6636b968f6beb8dab6510a6972f76c,0,2,0,2,0,0,0,0,49,51.24
1376,cb03dcca73dd40e07254c21e5199a2e77ad18f01,0,6,0,6,17,12,0,4,777,436.79
1377,b2d7b19bc324c8d234bbcad7ef6bf1683182fbbb,0,2,0,0,4,2,0,0,238,67.87
1378,4ae7a642064b27429bee7a8c0ad53bfd7b168342,0,7,0,7,9,2,0,14,1757,771.17
1379,c7ed31b969c2458d659f7809ecb0fef6f35b73f6,0,15,0,12,18,9,0,5,3103,1328.37
1380,46cb0e99ed3d7c1a8e886b3cd128b76489603fcd,1,0,0,0,0,0,0,0,0,93.11
1381,f8ca192f922dfd8b26f515cb1f73461864234760,0,1,0,1,7,0,0,14,950,444.03
1382,982a15f227729ec6aee5c80f0eef97b1154f7786,1,3,0,2,0,0,0,0,1292,293.84
1383,4d3d22e521fa71fa2eda42cb015ca870a63cce37,0,1,0,0,0,0,0,0,584,100.06
1384,6cdd1822b6667b72d4a9c91ecf13810e354ace36,0,8,0,4,30,34,0,24,1984,552.1
1385,9f7ecc2b02817eda8642fd0c8a5dc3e25be8d520,0,1,0,1,5,0,0,11,84,66.56
1386,c8f365c85b07259f04498a8bc5f0a59843b95989,0,1,0,0,0,0,0,0,584,111.06
1387,677738d3ed219ec37de7bf15219edd37c4d65891,1,12,0,8,26,0,0,0,3396,940.43
1388,dacf350835e713f6abfb17e1e1898d863e23da86,2,3,0,2,130,151,0,19,673,342.18
1389,8e870fa13ef4e90faf8754b7d6b2922c007496c2,0,2,0,2,13,0,0,0,74,70.53
1390,9abbe3075a951c521927fff45ce86d0bffaf124f,0,7,0,7,510,436,0,17,310,624.24
1391,fc0d79bdfdb68df466a651df87b517867845bb21,0,3,0,3,44,0,0,0,520,300.76
1392,12bf847f7f3f4e0794af1f5f0a21ee7e2120bea4,0,0,1,0,0,0,0,0,0,11.61
1393,5e56bdea4e1a52cfaa941eab1c0d81e82459ec49,1,1,0,0,0,0,0,0,441,94.34
1394,94c6f4c1b8485e47aaca5714a9b807b0794eed4c,0,7,0,4,127,59,0,33,3171,754.61
1395,e9b68fdce6abf4220e80ec9e61d2b768a2d837d9,0,1,0,0,3,0,0,4,895,137.07
1396,c6cfd1b9a62cc9d182167e76bbf9d4e0172748bb,0,2,0,2,2,0,0,3,115,91.13
1397,e91448f040911f0c326072c3254668f3afd8f887,0,2,0,0,0,0,0,0,639,110.2
1398,e3c6b554ab6a423073d8af51c1ff687d0b11a789,0,1,0,0,1,0,0,0,1008,185.79
1399,9cacbb074cb070d7565e8215df12771a56265d31,2,0,0,0,0,0,0,0,0,58.94
1400,d380a628bfac05b158a059306edf68baa2b33abd,0,2,0,1,2,6,0,4,932,254.4
1401,3181d96ec864a467d4259e31c64f2b7554afc3d4,0,1,0,1,0,0,0,0,357,162.81
1402,a01c22af1114e0ff56a95922da5036d550244ce2,8,2,0,0,2,4,0,0,1903,410.26
1403,fc52e8d3598a8cf898067bb1e16bc0a1b0906dcc,0,5,0,1,66,25,0,29,2520,483.78
1404,dc641719fa9de2540e457b9c2766d1f633837841,0,1,0,0,0,2,0,0,8,12.68
1405,d3fb45f189a26b58f78d3dd215c6e060290167a9,3,6,1,1,38,2,0,26,2100,458.6
1406,53b32742517d26254d2990eb724cb237437c82f4,0,3,0,0,1,0,0,1,1469,225.68
1407,df71c572698761f8bb62febfe6c949aecbfe93e7,1,1,0,0,1,2,0,1,539,113.65
1408,b1ef73ff1fbb62f9993edd64e622af550d8b089d,10,14,0,7,265,57,0,29,3461,1240.21
1409,84378fa8bf21a06c9daaf23b1c1188f741d02b18,29,0,0,0,0,0,0,0,0,499.07
1410,d92c49629d01eec0db5fd9c0a59932adb7f5c9ee,0,5,0,2,108,0,0,28,2447,977.55
1411,18a53dfd6b3c70fad26423e5b12d36f8d71dcffc,0,7,0,1,175,54,0,11,3408,617.88
1412,43b0753558d536ed9729e8e407098917d22357d8,0,5,0,2,7,7,0,29,1390,311.67
1413,71f2632f646050c923964c4517cf29de758cc25b,0,1,0,0,1,1,0,0,43,22.62
1414,fef909299afcc72e677a11288d68454eada2ce04,0,6,0,2,125,29,0,7,1413,533.5
1415,3fc439728920c397d1fdd3519b093e91d97d09e9,0,10,0,0,12,0,0,4,3295,544.65
1416,bbe4d7981fb08f27c83720152911818458b4c529,0,2,0,0,1,1,0,2,1125,189.42
1417,7aedf3a36f8adcd50efb37bf1eb4a67cfdf6f67b,2,0,0,0,0,0,0,0,0,40.16
1418,0beea3751b66efbc5cc87cf2b6c52ca9b3b4778c,0,2,0,0,6,0,0,0,196,79.32
1419,9e73f76604b32abe7cf2d741b9b90535af6ce969,0,3,0,0,25,37,0,27,1602,283.75
1420,a5408fc0e758ac61f9c81ee87da5cf1feb58c4c2,0,1,0,1,4,0,0,7,38,118.91
1421,dccbca85614532abc6124de25074efb6f000dc48,0,1,0,0,0,0,0,0,36,14.02
1422,d59d054fc9abeab776d90709f64bb5bb59d1b673,1,1,0,0,6,0,0,15,36,39.81
1423,ca2f1678d75d9d42867f2124fa3e7dfcf1c367f7,0,1,0,0,8,0,0,2,1650,325.82
1424,981573c9e1510a16c0918fe12996cef83f374486,0,5,0,1,4,5,0,2,1432,252.51
1425,ada9be3cf285f1923c307c38ff198a10124276ba,1,5,0,0,32,40,0,3,519,175.59
1426,6aa3261fc52817d2fb042ff5190e7dde12b7a401,0,1,0,0,1,0,0,8,190,50.12
1427,80ab0f97033bae298b43d5bf83f248cb34f3d0c5,1,0,0,0,0,0,0,0,0,77.58
1428,d53780f528e2d4a3e9054268577928d9ecf0dc0a,0,1,0,1,0,0,0,0,386,264.59
1429,97657cccd298b7d71288d1ab41dcd6a45fa6bdd6,0,1,0,1,1,0,0,3,300,121.64
1430,77fcd6cb63ef839fbfb942db9ff20f1c08a36921,1,2,0,0,16,0,0,6,477,126.27
1431,c4654b285acddc828b4898c8fd4d45e6f8024391,0,5,0,2,120,87,0,63,1793,463.58
1432,049120cddeda3680a16df4dcd55a935fd562a4c2,0,3,0,1,20,11,0,14,391,145.19
1433,878f8e5fa3a36e36ca9b6a88cb16fa4ae9776b87,0,1,0,0,8,0,0,1,37,23.98
1434,655f15649429334b618e24b030db8818ab2027ab,0,7,0,5,0,0,0,0,196,143.54
1435,9dd7a6bccc1348be1d871a27bb8e8fdece2c8f51,0,1,0,0,51,0,0,3,176,58.04
1436,7353c3dc0a174474e30607a2db13ad93d9a9c5ba,1,5,0,1,42,31,0,8,1379,345.95
1437,5d710849155e15a13e68d110777a00bb6f0b8af5,0,1,0,1,1,0,0,0,3,24.26
1438,35616d9205e93bd200ce32249c8320579e6145a7,0,14,0,7,73,41,0,14,2029,671.43
1439,c45b3bc413982ead399169ec509936e39d4c72f8,0,3,0,0,8,0,0,2,990,183.12
1440,3c080bb8cc2cd4b4ce506c9ffb8e0a34f0a865e8,2,10,0,1,136,19,0,20,2145,758.31
1441,d89cb8d0c518d1a32fa5ff4e0d19c3f498e1ec17,0,1,0,0,0,0,0,0,259,49.58
1442,643ae0c985d01e4b5deb9d28a1381de8179926af,0,2,0,0,26,0,0,0,993,176.47
1443,9a4a3f512c793baa94827ed520915acde9eaeca0,0,6,0,3,115,1,0,12,364,215.23
1444,e880c1fe2cbf25be86b7af728797f8b9bc2ccfce,0,3,0,0,10,0,0,2,435,109.03
1445,dac26ea612277cd507b6c4b03e8842231ab900eb,0,1,0,0,0,0,0,0,209,35.92
1446,e4ee10d24f4be6b27cc126c39519be41c591934b,0,10,0,0,30,81,0,19,3570,651.33
1447,2fd862b403a7a9bcd0617b21c4bd151cd00e271d,0,4,0,0,18,32,0,1,2080,359.6
1448,7557b73e90c6e73dc4147f509acd64c0165639fb,0,12,0,6,9,0,0,6,2071,550.9
1449,509d2160d58111072212d0837609f37394059890,1,0,0,0,0,0,0,0,0,28.44
1450,3ada3242b467beb24959fc66866530454f671702,0,1,0,1,7,0,0,2,13,41.57
1451,6351d3c964c4cbe0342edb893f8314c793179afd,1,0,0,0,0,0,0,0,0,30.35
1452,b6282f55080ae1666b2fbf4c55c5e577764a701d,0,2,0,0,31,4,0,42,1371,250.31
1453,a559c1ea4c38b174318acda616239b4187454be2,0,2,0,0,1,0,0,8,238,75.61
1454,d9d30cd98664edd6de3f11c0b186814904aa2c57,0,1,0,0,31,20,0,23,207,81.57
1455,baf6eb43ff88eb63eee534a02a53b7bba880fdb8,0,12,0,8,61,26,0,62,2629,707.91
1456,9bb7a8ae653ea2905e69022698a520c469aed1cb,0,5,0,5,8,0,0,6,402,273.87
1457,4321ef55467b9bc40c8109baeb58b968e626d5ea,0,2,0,0,6,0,0,4,1402,219.64
1458,07d085c2e51600307ce8d03a59d874a6459b92a4,0,1,0,0,0,0,0,0,156,33.14
1459,65b09b7cd569096b4fdc8398b5c3dfdaa29d7948,1,5,0,0,57,2,0,10,2272,447.64
1460,6dddd674cf29e0076fad0da58b6e8c37cf16c750,0,3,0,0,16,18,0,23,2504,457.08
1461,13cd0101404c80d0b722046ecbc9e462d291c275,0,1,0,0,0,0,0,0,141,32.4
1462,234c458727eaa42382dc48b151a37fda9ef6ac51,0,1,0,0,0,0,0,0,141,33.77
1463,8400698734ea492a5699f70be26522fff8c40944,0,1,0,1,0,0,0,0,80,47.27
1464,b64c40daff566cd32c799121e90eede9a9ee13f2,0,1,0,0,0,0,0,0,454,67.19
1465,ea63f24c5de0b743f2fa9f35e858e57941c7a03e,3,4,0,1,24,0,0,33,639,208.3
1466,24ced568ac50d23f2395892ada91378cd730f871,0,1,0,0,0,1,0,0,392,79.78
1467,5215e49df07ffc1c2f12907792ffd81e3c65634a,0,1,0,0,0,0,0,0,156,39.65
1468,8f5e996795df0d9267639aeb819966058d9328e6,0,1,0,0,0,0,0,0,456,80.94
1469,d0890ff453e2bb9c5012c18c2ff91ad4b7926068,0,1,0,0,0,0,0,0,86,26.9
1470,b3db1e976ec1204cf13a937c48e337e68db638b6,2,3,2,2,0,6,0,3,338,157.37
1471,f7b8d9cf7ab65162d453714914a853eec5c6fd67,0,6,0,0,67,71,0,21,3321,604.52
1472,37af9aab2ec5ad7c30bc3250053e2f038676cf43,0,1,0,1,0,4,0,3,115,82.93
1473,25ffbc5f11cf0b281bb30185a0dd61e0d554efa6,0,2,0,0,16,0,0,4,1370,268.23
1474,f4ed3cd699a467198bcf8504aea16ae7789304c6,0,2,0,0,4,0,0,0,1020,162.73
1475,0530905854df104e50439cd18d950e8bc30d27c2,0,3,0,2,6,0,0,1,299,189.5
1476,e30ddb01aacaeb59de3cf9d1daec483f77415d0e,0,3,0,0,16,0,0,40,954,172.4
1477,92ffa8580c421fab2cc2972c7f48064f893c9b86,0,2,0,0,27,22,0,2,622,137.38
1478,d80de85a69a6aec4c39463e5440ebd1137d15959,0,1,0,1,3,5,0,0,49,68.49
1479,4784ec1b577e95bf1f85dd348e6943f0e710b345,3,18,0,5,94,9,0,6,2104,708.18
1480,5e9f6d1528ef1020d9d982e2a861db74d48e3105,0,2,0,1,4,0,0,0,29,129.17
1481,831afacddf4e7a10da9185b5c973acde287d87a6,0,3,0,0,5,0,0,2,364,92.15
1482,bdc56078d4d19717ae6d2ca4928044acc6bfcb96,0,3,0,1,32,36,0,59,1130,228.65
1483,6e72b3cef3eb0ceb25dc41c451324f70e2eefb03,0,1,0,0,0,0,0,0,183,36.76
1484,7abfcbc22c5fdec6db44f5fd7f191321a88434b9,0,2,0,0,4,0,0,0,2093,351.73
1485,8586a6238a4fbf1acbb4820f6d0391652dc8eeee,4,11,0,4,129,138,0,10,2106,592.8
1486,6d747b7f385c1fddf5b59914a82505719f4831ca,0,7,0,2,338,737,0,113,2869,782.35
1487,34efa17d46ac9e67dbdbb13830c47f3ba26fbd42,0,3,0,0,28,46,0,2,521,138.84
1488,1e70bfbb006cf33b2b6f1ba7922b2e77c530b5b4,0,3,0,0,191,192,0,101,622,197.75
1489,e3d04984389e22bd990b257613050663b9a77098,1,8,0,4,48,11,0,18,1942,554.0
1490,67f2923810576d7df1444164cc291f6df5ebce4b,0,3,0,2,0,7,0,0,128,97.61
1491,f5521ee5a7ecf9b7ebb4bcfda6d363f12b4a5e6c,0,1,0,0,0,0,0,0,17,12.9
1492,6f4e9c71178ecfc8b49e6f70a59e0c2478dfae1b,0,2,0,0,4,4,0,0,601,103.66
1493,9f12e0d0605e06c59f4054be8313a0b507ecba20,0,10,1,0,120,104,0,9,2027,393.65
1494,72ddbced0c8fdc280928cc6a331069cfa8ffc66a,1,0,0,0,0,0,0,0,0,57.36
1495,f0f9240de4e0ba6f2267d1d371eccf88deabe5cc,0,9,0,5,28,24,0,0,1367,388.84
1496,d98956f9cda1d262e02e908eaa5e2520a561a20a,0,3,0,0,4,0,0,0,499,100.47
1497,b89eb144d1552a30c002a28d7204fce65a18bbf3,0,3,0,0,25,37,0,17,1125,223.25
1498,4481fafee4136f5dc49ca1ee16ca25017911baf7,1,17,0,0,132,8,0,31,3317,745.2
1499,3b16358da3fd4c8db6542a8154f30942f75a1d9d,0,2,0,1,56,22,0,36,560,152.41
1500,74066765bb8ca85864f75bde6091f96207f988cf,0,1,0,0,0,0,0,0,580,159.91
1501,84763cdd0a849ba3decf1743879db49874466c2c,0,1,0,1,4,0,0,43,144,88.46
1502,9453a813d0d426c6d6d33f27176cb9caa0c320ce,0,17,0,1,485,528,0,32,4730,1120.67
1503,1d58b8a3bfe6c220ed677ad6b604de3186b52d24,0,2,0,1,10,83,0,2,292,95.35
1504,02cd4a9b019a8b86b4d077e8bec8c69d7579fae5,2,5,0,3,1,52,0,0,1213,327.88
1505,762e374861d0a8e7a0f6710f05890877f34b4b3a,0,2,0,1,12,0,0,6,614,193.87
1506,fb42084ba91d904bda8c6f3618f9b9f2e7feffef,0,2,0,1,0,0,0,0,626,140.41
1507,eecc426f785abf9976ce070d62e603aa6af155bb,0,1,0,0,3,1,0,22,147,45.19
1508,5581a249e89d7fe614a2f1a4496e58004226a323,0,1,0,1,45,9,0,20,495,220.06
1509,009f46173828bdeaf587533a8a09d1f689198b62,0,8,0,2,27,4,0,25,2686,573.51
1510,191a334487032358caa2b8b447da2696d7a7d8d8,1,0,1,0,0,0,0,0,0,53.17
1511,5b600805b56037d327b7fb53a712f2084d71951e,0,6,0,0,73,0,0,8,2818,452.15
1512,51455471542c372563f24b0099a5a340dfedf96a,0,2,0,1,0,0,0,0,235,83.47
1513,eab3e07e39e5ef5e14db8a77f71a2741dd261ca4,0,1,0,0,0,0,0,0,91,21.99
1514,96f8cbe9e22637b075a725da91aeee43ca9d4d5c,0,7,0,2,0,16,0,0,1487,395.11
1515,e532293310472bc474771d3f5f8c53113eaf4bcb,0,1,0,0,0,0,0,0,609,118.61
1516,46c53f14607363b07ade6246e6612171d57dea9b,0,2,0,0,10,8,0,5,306,123.22
1517,2dfce22970d9e762a86cf2a2df0861e3d6b26848,0,1,0,0,0,0,0,0,64,23.74
1518,467a0e726ddaf115ab9eff3ef58fc7da14ba4d05,0,6,0,1,10,12,0,13,1824,345.18
1519,3a6705b08b2a1b3e1fb2f9f9e23c6eebb85a03bc,0,1,0,0,0,0,0,0,91,21.65
1520,a3856ca9457b0a4a2b0e5f2504b2b0332cbf0e51,0,6,0,2,14,17,0,3,1780,547.69
1521,4f0d6bc6bec400e148bdf1f15c363e10a3174eb1,0,3,0,0,0,0,0,0,568,116.51
1522,14d8fb2ab728e35696088eb663c27feb0867ee73,0,2,0,0,12,13,0,20,1210,195.79
1523,ffedf2c58efcc50debfcd8c7b4700f5b0f90e818,0,25,0,18,37,7,0,1,2034,874.03
1524,af3bf8cad03d83404ad1e9b120899dd588689287,0,2,0,1,0,0,0,0,87,49.8
1525,a46c74894f20e8fb727c0545f645591fbde99559,0,3,0,0,0,1,0,12,617,128.05
1526,17da1d0369a69a73325e3ddc6aa9e131a3a890b3,0,3,0,2,8,4,0,2,108,73.69
1527,0f3c62e19b6ee6e898929434a984984a1275d2b0,0,5,0,0,7,0,0,0,822,182.75
1528,a85ee11f3bfdeb8d055fc2c772e299d79219876a,0,1,0,0,6,2,0,5,38,28.13
1529,2ecdd83e0d2e42a1d08465d33a3b82bb159ab3e7,0,1,0,1,0,0,0,0,5,21.98
1530,d988546130cdfbf4c0abd0d81a6168fa6631e4f1,0,1,0,0,3,0,0,0,34,23.47
1531,4163b90a87707ef836de9cc08bc06aed8282932a,0,1,0,0,0,0,0,0,265,57.24
1532,b05d9ac93762de5cbb4716736b25718cc074a57a,0,1,0,0,4,0,0,2,13,24.53
1533,d4e9b8f4d9c7708f4877624bf22c2f111a0eaeea,0,1,0,0,2,3,0,9,72,27.4
1534,1339f395d65202e32ea3ac524df507f62e355633,0,6,0,2,26,12,0,16,958,228.83
1535,10a84f3b886871c5a3a3a2b074a8bbffd1ea1602,0,5,0,1,9,26,0,5,1652,296.69
1536,823cfeac9c08e87c181890259e4b9f6d263231ec,1,15,0,4,34,166,0,37,2424,674.01
1537,7faaf57d1bd67a244a9b9b4c765c9f845fb681f0,0,4,0,0,32,6,0,44,2024,386.45
1538,5affba71710ec7e2dd84c96e468ca98efb6b0e2b,0,1,0,1,1,0,0,0,101,53.63
1539,f4ac670a42adbe42183a07d6cb486d39fbb4eac3,2,3,0,0,24,21,0,5,219,139.84
1540,8032206236b3045526217933cdb76a904888fac0,0,1,0,0,0,6,0,0,55,92.2
1541,d3a8c97ad8c3812c67411daad7b5baeb009c8a92,0,1,0,0,6,0,0,0,55,24.26
1542,4d252750408a819fc0a15bcc273b4797c6d13615,0,1,0,0,1,0,0,2,61,25.13
1543,08fad6672e7d1b9e750b55fc4a042ab4407e9133,0,1,0,0,2,2,0,3,26,23.48
1544,7ce5812dfe569eeb725ae29f7708f0e2068eae8e,0,1,0,1,0,1,0,6,26,39.6
1545,69d1258e12a2da4f47435522c8ac6bf06320b1d4,0,2,0,1,6,0,0,1,49,53.22
1546,dd39498ce4635dd02beed52d072f12081bd4e82d,0,1,0,0,85,31,0,24,265,90.3
1547,3161a555e1e898786041b84b98f0c45630b7c78e,0,2,0,0,2,0,0,0,732,132.92
1548,8ff999cf9a85a1d5cf99411615622ec22521a3c9,0,5,0,1,33,5,0,17,1565,272.13
1549,b70e4b83c1f0b86cdfb054b5fe000a266b2eb2a6,0,4,0,1,11,4,0,2,520,171.27
1550,fdecc9dd9b1f7c4d54e6bc6be0af0ab439ffb0eb,0,1,0,0,1,0,0,2,491,80.4
1551,03873bbe19d2bd46b86ddb852bc1870c684be0ef,0,4,0,2,0,0,0,0,232,84.19
1552,ea1268b468128051af678c49a6d6e38277e7cada,0,2,0,0,4,1,0,2,206,51.94
1553,83802d7f1722ad83251390ffc91ce888d2717b21,0,3,0,1,10,7,0,6,360,118.25
1554,77dc443fc1409e29a35bc5df45eb9915e30c105a,0,1,0,0,0,0,0,0,273,45.21
1555,a246cbbd6ce8111f691eeeb5b78f58ad12d42096,0,1,0,0,0,0,0,0,273,47.47
1556,83470f981a0c2f16658368690276d82e0af3594f,0,3,0,0,15,0,0,0,385,95.06
1557,fc72345b47c31ddd5de2c8c5d83839b52ed64cf8,0,1,0,0,30,2,0,12,251,70.11
1558,66a4faa7b0887e624a008c0b0f317dba76aa1e37,0,5,0,0,14,0,0,25,1019,214.85
1559,1ef046250f2b384275e5fd5279b41f9487084fc8,1,2,0,1,35,12,0,3,388,170.06
1560,38641ec1966f7a17408cdb4103b5dff90bdc85cd,0,5,0,3,38,15,0,33,609,338.83
1561,3745672d942e4171ec842fc36874a4a681e4ff61,0,3,0,0,0,0,0,0,817,139.71
1562,1e14da3d786e32557f6acb56dcf946dc726271e4,0,3,0,0,32,0,0,0,1702,383.43
1563,a6afa7b49f3c8a1ede0d715d35a7cba2988cd000,0,2,0,1,8,0,0,1,140,68.04
1564,58423039df82346f4ab0a94dfb4ded1195df1dd9,0,2,0,0,1,0,0,0,80,29.9
1565,8570a6af0956d678f8e717cbf6cb034af7d1797e,0,3,0,1,5,0,0,3,238,119.73
1566,c4d59d99dd38e0cc5298c66e6ceb96dcee8bc6a5,0,3,0,0,4,0,0,3,574,106.13
1567,ff2d19229f5823f3a1ce0e92bf4eaaf90d4e0a7b,0,7,0,0,25,20,0,13,1279,264.47
1568,449fd9aa9454f76e9156afb2255f19a5ed31b3ab,0,12,0,9,0,0,0,0,1690,573.57
1569,d46e5634a3bca248e00b4f44e5216cd6607c5a52,0,13,0,5,37,6,0,5,3780,918.63
1570,9b166c9e33d1f248633b5c6488b5444fb681edf7,0,3,0,1,0,0,0,0,80,42.99
1571,b7f3cfbf0518aa10976e0d84bcc3004d3c852136,0,2,0,0,11,4,0,3,148,59.11
1572,52bbd22187572bb3aae8deb7e38471dc08040988,0,6,0,0,47,10,0,2,1061,227.7
1573,9d3bb109db6e8376b3bd47ca305c0e723ed06b39,0,1,0,0,2,0,0,2,76,26.01
1574,c80154014b6dc0ba53f2db92b3f5d4ba41cafcad,0,1,0,0,0,0,0,0,0,10.53
1575,fb3e4766d22ab21032c7534542d9f5c83f527b62,0,3,0,2,4,0,0,7,397,149.46
1576,50430b219c22249b5477e8669cc4f249097665cf,0,1,0,0,0,0,0,0,301,56.62
1577,fc32ccdb2bdac0964a39cca1f431a6096414fff1,0,1,0,0,0,0,0,0,36,17.49
1578,d405dbeca647b4046cf09be0b3ec14c5e3c3912b,0,1,0,0,4,0,0,1,12,20.57
1579,e695ef3cd02b8d6e3caaeb5c7b966d09da254eef,0,3,0,2,15,0,0,10,259,155.36
1580,c189e8e967be2f064374bc1c55cc24606fbc14a7,0,1,0,0,2,0,0,0,365,153.19
1581,25ae7a7b20024556d7a611911f726895758c3387,0,5,0,0,10,0,0,5,598,156.16
1582,0fcd520eb32cf335de8b407e1f7e5892de17df8a,0,1,0,0,5,0,0,3,37,28.42
1583,b15d5425b9ca5ee1ed3de747838f49b811a0b154,0,2,0,1,4,2,0,9,540,118.6
1584,3d75d323e52d4088c8ff987380b1d7f1d89397e3,0,1,0,1,0,1,0,0,70,49.9
1585,da3cc25adb3e0f4df6415f72ae1bc7e0a37d9147,0,1,0,0,0,3,0,0,61,22.33
1586,bcaa2dea492cc3811d04ee0f37c6f73aa490b6e8,0,1,0,0,4,0,0,16,373,103.56
1587,a5a00687ef4328f99f1a2031193e6ff3d820ab09,0,2,0,0,13,12,0,39,320,77.76
1588,954efa6e766a96ea23fc0c5ab2fe1eb19da72159,0,6,0,2,15,16,0,2,437,141.34
1589,ef94177cd9ea8d0dd2d5af5b7f8996d27a105ee5,0,1,0,0,0,4,0,1,23,18.83
1590,349b7a74c84a7a273e0fbca304fffa7dfe24f58d,0,0,1,0,0,0,0,0,0,10.6
1591,509beae1e2d9a01e952f9eaf0c4a88037076fc63,1,3,0,0,25,8,0,48,1074,186.7
1592,dcbcd4f2d43580f810a8bfc878ce57f2b3389ce5,0,2,0,0,10,0,0,5,548,118.19
1593,0f27ee880ca97eb4886766ac52d5d602c70b16ec,0,4,0,1,63,0,0,13,541,153.32
1594,63ba21eca557ac66937a5cb739b8b64ac1057a36,0,1,0,0,15,1,0,14,977,183.91
1595,cd9a0cb47314eafa208c1e2d6dd653c0a64b41c8,0,1,0,0,41,0,0,0,386,128.01
1596,113d533ad7b6ee28f94d15a7d8a434e254b85761,0,16,0,2,72,6,0,31,3072,614.62
1597,1b5666c84bb224760913780125b1922bdb7970a5,0,2,0,1,3,0,0,4,65,56.67
1598,d4d7ceef684b359fcd93f64892747c9c298dfce5,0,1,0,0,1,0,0,2,301,51.59
1599,b825581bc41688300fb3c6ac02a2b9ea798dc74b,0,2,0,0,12,0,0,15,115,48.67
1600,368e9c4d19dd0152ab3f8babfcabf6b6d31bb150,0,1,0,0,62,35,0,11,221,150.94
1601,90420894be188e0580feffbef8445744f1e21307,0,1,0,0,4,1,0,2,64,29.22
1602,5200b277800eaa3dec739ebc9df4691a421b1798,0,1,0,0,20,1,0,3,608,122.44
1603,f36d48b04546ec7c4cdfa6b67a2ea02906285d05,2,10,0,0,93,7,0,44,1373,360.7
1604,402b33140d3e4ae3ec67a54f896046f6e51864ff,1,3,0,0,14,1,0,4,1253,220.65
1605,5deb69715c9ceb5feb8b2054e7d13f0948ba3fc0,1,5,0,2,38,1,0,3,2668,478.83
1606,1d6743ae7fa03b6b2f95d75d3d7ef7848a9b41e6,0,4,0,0,8,0,0,6,1308,214.46
1607,a574082d85f5d2ec2d4707d237e83470de7718a0,0,2,0,0,4,0,0,6,147,50.69
1608,d92252312c9c42b598d3e79fb805912e9e061e43,1,2,0,0,44,0,0,4,1096,191.4
1609,a702d2253cc3e25d002b337d5a5390208d28d361,0,1,0,0,0,6,0,2,225,40.52
1610,3846a9c7e4a15c0836407626e7101ccf7d8be3a7,1,1,0,0,7,1,0,4,455,111.94
1611,97f797675512d3ac13df72c1d366c5fcead13efc,1,10,0,0,156,17,0,15,5079,954.93
1612,f9fda11ec057f27b8406384b9ef617eca6f21048,0,3,0,0,48,22,0,3,568,139.54
1613,3c1c948f45fefb2f6dcb14efdf9cc76ddac85d6d,0,6,0,2,25,9,0,10,718,263.38
1614,3523b66eece09f9a68c3b340c09ad831b413e1fb,1,11,0,0,129,30,0,34,2769,590.71
1615,ddbc879f93b4b79dc0942a2c5d0ad0b5d8e1fd53,0,1,0,1,0,0,0,0,210,87.8
1616,6ed722529007866fd89f6d996b8be5f4129c27a5,0,1,0,1,12,0,0,1,25,42.34
1617,d2cdee5141f4fb8ecd2912f3b7efa5aeacba3048,1,4,0,1,83,4,0,4,648,183.91
1618,0944bd9fb07621a1bd69db9850caa6e74e11a28f,1,12,0,2,82,4,0,65,3023,607.39
1619,7b4eb5b5054a4b74d7f5dd9b668d40f2b09efeeb,0,8,0,1,8,7,0,6,2927,458.73
1620,022f70b7220fdd791fcb5eef23ac69852156201a,0,1,0,0,0,0,0,0,463,157.3
1621,8f3c1a5bc46687e24c2359d6f2891cb630edfd3b,0,3,0,0,7,0,0,13,356,76.04
1622,5abb3867c04b2b5cece0bebe386bb4de5f140ebe,0,2,0,0,8,0,0,20,1184,196.65
1623,f14f3b216ce7ce39d9262686fe16e2bd2717bff3,0,1,0,0,5,1,0,6,462,93.94
1624,590ada408ab5a89a42e07a7d2d0363306a2ee2cd,0,7,0,2,12,0,0,10,2010,372.68
1625,ff7b723c5793a13180cdb6d25f5036778e76272b,0,1,0,0,0,0,0,0,963,132.37
1626,2fbceee8005f8cd9b52a69f16271b73a8d9e7118,0,1,0,0,0,0,0,0,498,73.18
1627,a2de4f359a502e8f849dc5afbc5b9fe9c2b0243d,4,6,0,3,78,8,0,0,319,213.73
1628,18a78fef4da88584abdb7493c6d1bbcc993ca77a,0,2,0,0,17,2,0,4,69,44.7
1629,b77e6f43191064da95276ce799a27782d620e10c,0,1,0,0,2,0,0,1,85,27.25
1630,1351769c16b5c2f7010105a13ee8a9063ba1bebb,0,3,0,0,7,7,0,27,377,104.68
1631,34db492b4627298cde804a565f076ce1bb3fa2c6,0,5,0,0,62,9,0,46,702,191.83
1632,f0e0f6c8a79080ae68d43db91f695a6f27f25b36,0,1,0,0,3,0,0,0,306,63.13
1633,10b67e001ab6a1f16d266bd03feb60f0d6bcb495,0,1,0,0,0,0,0,0,57,17.64
1634,03b45ecae925f2ea45dbb4eca090f47ac1a9fabc,0,3,0,0,27,5,0,1,606,140.29
1635,9b91fe211387219c4f2d7ea39c3e0744dd35e113,2,9,1,1,604,646,0,0,398,477.07
1636,e5f4703ca44d2499c73e1068352512652a98d77c,1,0,0,0,0,0,0,0,0,23.01
1637,92e0f47b8bfd6700c95d90859fab89f04dfe4885,0,1,0,0,0,1,0,4,33,21.93
1638,44eab92141c9e984da26bbad393a5ae03f149a7f,0,1,0,0,0,0,0,0,515,75.23
1639,70091702c577bc80f84f3f101a9135c0416d4ca8,0,2,0,0,245,52,0,25,277,122.26
1640,2937265741afe1fea533b86b6706915905256e7a,0,1,0,0,19,0,0,7,473,180.4
1641,ed119ae20dc873c5cf3bdc3bde2236f1d1d01f62,0,1,0,0,3,0,0,13,57,25.76
1642,7b1950ac755eee68930292469b403d9140b1d12b,0,2,0,0,28,0,0,3,684,140.15
1643,d4b41f0940acbfd6e16f6193fce29d23b1906aa6,0,1,0,0,0,0,0,0,265,55.94
1644,5f2c693b59c87c11ec8356dc434a6a789a7495de,0,5,0,1,13,2,0,10,1320,244.41
1645,7975f85146144eeb1fedbf2c2b918a2c26987c73,0,13,0,0,1,21,0,3,1083,286.18
1646,6fd4989c82deeb9af063a96b114a22d756b41a90,0,1,0,0,0,0,0,0,102,28.1
1647,ce7567c23bf357a2ab98a6f11bd112f36f8177ba,0,1,0,0,0,0,0,0,27,16.03
1648,ea5395d62b7e7b34cc95678c3c9bc0cd2ee55404,0,4,0,0,58,11,0,13,866,203.54
1649,4a4df61776e9ce20f97a07f56040f44128fa6080,0,4,1,0,147,73,0,18,726,205.98
1650,160395c9f793dfa6458bde8bbb2973986e2fa3ff,0,1,0,0,2,0,0,2,486,83.66
1651,a68b2c6645aa92988c7d4feed3119a385be4f519,0,1,0,1,4,0,0,2,26,37.65
1652,4dce2b26bfb8b47d7761dfe87bb79c79f7ebda87,2,2,0,0,21,13,0,14,854,170.79
1653,43f81f19433254b7808665ea302eac90e69db82f,0,6,0,0,75,43,0,29,1422,296.48
1654,022a7372d02d59ec254b6671becbdef30d4f6d3d,2,0,0,0,0,0,0,0,0,53.36
1655,50d58edca07adebba4f61794eb1b8a31a90b2d32,1,2,0,1,1,0,0,0,165,95.74
1656,934f1e7a41c2c9853f5c855b76c01dd87451079c,0,1,0,0,0,0,0,0,102,27.28
1657,2640b277cc5784c3ab8ad3d7d53538d77feeae7a,0,1,0,0,0,6,0,2,48,21.82
1658,0cb9652dd1da7eecf8584c1806a122391f8ad3ed,2,3,0,0,45,0,0,16,1010,210.2
1659,07ec5bff7b49a97adfab3f782d46b00e453b7527,0,1,0,0,41,10,0,23,252,67.37
1660,fb4b83d41c489039607d83956f8ea74b51c3d663,0,1,0,0,9,1,0,26,487,184.89
1661,3faee0a292ba34751a472320b1d281915b379332,0,3,0,0,0,1,0,1,345,68.79
1662,46ab08420872dd72a7e1f5c261eadad458bfc357,0,1,0,0,0,0,0,0,295,49.95
1663,7e394dcb87bd48ba7756190d9194054e73a4eefb,1,9,0,1,72,26,0,35,2161,478.35
1664,66ca4976a8ab305947536135f19d9932c7070d1e,2,5,0,1,15,2,0,12,1452,277.67
1665,9f9de3410b15cabb345371ef60a1b85221b0bec9,0,1,0,0,0,0,0,0,293,47.07
1666,42a8477e40ee1ce0ac4284c4c822aff2d59ac3b5,0,15,0,2,40,0,0,0,2874,617.4
1667,7dc112823e1d75e9360e96389d775eae585f8e2d,0,1,0,0,0,0,0,0,982,146.75
1668,6a5a5127733a578106b34d738e1c308226f7d41d,0,2,0,0,4,1,0,1,273,64.75
1669,e4e423bd83d1c9c32f1fcb02a05d1117d713b283,0,39,0,6,137,91,0,54,6225,1377.84
1670,6b7055eb24a5f7dfc2c5fb3292bf97370ce1cd82,0,10,0,2,96,0,0,62,711,418.23
1671,65979de1fb81b2b1da979a5a716f1784648289b3,3,1,1,0,0,0,0,0,334,219.68
1672,63c68273767caa73fe3a39dc89b37a193b9ee367,0,1,0,0,2,0,0,0,35,19.01
1673,13f7d93b563c3aa4b92e7b92ae1d18c7287298bb,0,4,0,1,54,0,0,0,1143,367.29
1674,4bf998de8ebb98da93cd478d195922a09f6ef0fc,1,0,0,0,0,0,0,0,0,16.16
1675,6881c2fac038071de37a09e2287a0ac8d88770f0,0,3,0,0,43,2,0,8,632,157.22
1676,6e80c35a98eb77c310b1a84b5c0d604f298331d5,0,1,0,0,4,0,0,0,466,87.6
1677,433f7a3ff6d7e18b44202cc950478cfac49daae0,0,1,0,0,3,0,0,1,97,25.37
1678,72d855549aacde2be3973221c9ec190b74fff1bc,0,5,0,0,1,6,0,2,1484,250.16
1679,09e1e1820a2187c2c99158ec47da0bfb16b5b8ff,0,4,0,0,2,1,0,6,2141,312.42
1680,443340e181d01e6b300c6c9b5c13494de1e14fc6,0,1,0,0,1,0,0,1,24,125.82
1681,d8c6ed3be515198920394e48f01d643bccec6bf2,1,0,0,0,0,0,0,0,0,29.02
1682,ba3056bb2d95be6791dc7dd1f7f23caecd36d2b4,0,2,0,0,3,0,0,2,730,133.51
1683,aa7b54a702a47d0d2b76e90ac438299cabe5b69f,0,1,0,1,0,0,0,0,27,31.42
1684,3f8eb6e0edec1b21a9c4025729d2bd6bdff90246,0,2,0,0,1,88,0,0,84,38.49
1685,a7b528a712c6c13d2b69e3b0b9da7e46dffc56d8,0,3,0,0,17,2,0,4,250,81.27
1686,899b7093d68a634196ae2b44bb1f4f2286852ca0,0,3,0,0,58,0,0,26,1472,264.01
1687,ea6311a33c831712e10b79a7482e113b4eca184d,0,1,0,0,1,0,0,3,8,18.93
1688,88d2b70c85352fc7ec07c4618f359267629ec92e,0,12,0,1,8,134,0,9,3268,552.56
1689,272806891a2c234698f5f25e9aad0ae38ccab39a,0,1,0,0,0,1,0,0,86,22.9
1690,9b45d9996f8180fc105382de80ad9a08f6e5c1ec,0,1,0,0,1,0,0,0,35,18.58
1691,612c28ea2ee6638fd9bf129b66b2ec85d19ab0d7,6,3,0,1,7,5,0,0,72,170.08
1692,a7dc9f982f2ac2bc2e1c87508167089919cc2729,0,1,0,0,11,0,0,13,1037,145.55
1693,2149277bf3669e9bffbaa05db1d6f5ceff6c0a07,0,4,0,0,19,1,0,2,1061,218.12
1694,1649ad11744493c66957b8c5c398ec330b105ac6,0,1,0,0,0,0,0,0,160,37.46
1695,4b5dcb3b317c67afe6e79f337861508d7b88bf7f,0,1,0,1,0,0,0,0,43,37.7
1696,eb3beb9c2478fcf84bde458c88590d85eff20539,2,0,0,0,0,0,0,0,0,35.58
1697,c3d25923a2082a000ca94f53a77e3719fde2991a,0,6,0,1,59,1,0,21,781,198.69
1698,8b8d6b9b504ab6ec03636cb0eb4f628e55f0aa4e,0,2,0,0,2,1,0,5,663,129.89
1699,2778fced7580043d58116f83badc8629b290505f,0,1,0,0,5,0,0,0,86,28.96
1700,8b693bf547bc055a83de6aa0f239f481961173a1,0,1,0,0,3,0,0,5,472,208.86
1701,8ab928b4b3a009756844f765b9a9a4a7b018b6f0,0,1,0,0,0,1,0,25,1047,148.16
1702,dd3195ca408f1767464dc7fadba882683e65ba0d,0,1,0,0,4,1,0,2,474,93.83
1703,826fbd99ffa54adbaced59e788da6f7d506e9884,0,19,0,4,106,0,0,4,2686,678.09
1704,621b7d0ed255dc0c208ee87eff2a365f860dc613,0,1,0,0,0,0,0,0,381,54.72
1705,6ce5b63952e54f2957cdcc2604374032901694e8,0,2,0,0,0,2,0,0,531,98.43
1706,2149ccd6d85477ceda7e2cefaea813690b3bfd6d,0,1,0,0,0,0,0,0,478,83.42
1707,8f35221a02572507f22ccfabeba71a38d5df40d4,0,1,0,0,0,0,0,0,82,19.33
1708,1955d5dfe457b7cf9943f3ed30077c190336e1e2,0,2,0,0,30,0,0,18,1149,195.08
1709,fc59f7d77c87bccc107f3fa69d24ca12c73c231e,1,2,0,0,75,70,0,13,703,186.51
1710,2122dafaa41461ccd5a2e0237eb8f676618aa31c,0,2,0,0,1,0,0,2,609,106.99
1711,abd53c354d4f9a478ced3621956cb22afe66f6fa,0,2,0,0,3,0,0,6,628,138.16
1712,1eb39242c49c9a6675a71160a694ac896672bdeb,0,1,0,0,10,0,0,33,1066,157.94
1713,5593052365198b6fbc0f78b9db2893fd4a0852c9,0,1,0,0,4,0,0,5,314,75.15
1714,ab1969fb3603fa32f0aefd33324681afbde73f36,0,2,0,0,0,0,0,0,1394,192.71
1715,138d566b8a9e35aa7ecc63ad079f02b60044a83f,0,2,0,0,0,0,0,0,1394,180.48
1716,bf20fa51e5670f11651a46b50c97a010445d7b9e,0,2,0,0,0,0,0,0,1394,200.86
1717,00c0dec88bcdb52d9abc5939d1ac78a4b2a69d9d,0,2,0,0,10,0,0,11,1161,177.1
1718,fe2e720318bd02a6feaa0cd52079f6f6c50f0da9,0,6,0,0,179,36,0,103,2125,455.37
1719,1da8a78ff9429687f0da6c7a463cbd083aa43479,0,1,0,0,2,0,0,4,381,68.24
1720,b7a9bdf0b405a9f2acffe13d3976000d30ed50cb,0,1,0,0,0,4,0,0,494,172.87
1721,be91a5326f6a289ae9d34437a63c8ba8434fe2b2,0,1,0,0,0,0,0,0,1198,175.73
1722,5441eaa83dcbfb3270c747737ee21fae84d627ba,0,6,0,1,12,12,0,18,1385,380.55
1723,d60262f2a97656ab404b83463a6ef023f5dcb916,0,1,0,0,0,0,0,0,383,58.67
1724,c83a86ec85dad0ff3fe9dcfb402f3272b0d6393a,0,2,0,0,9,4,0,4,537,121.45
1725,564b9d08c0b2cac2773090d81bcb3e3bc24b048d,0,0,0,0,0,0,0,0,0,39.13
1726,8d5248d3d95f80c27cd51c178f5514f4d292f0b5,0,1,0,0,0,0,0,0,319,72.47
1727,a5ce594797eb28b7dddd3af0a9b7e6e8a4301017,0,2,0,0,38,62,0,15,657,153.02
1728,4094cd6ad899cb713ff05bb8f4caf2936f2f8a4e,0,1,0,0,1,0,0,4,55,28.73
1729,ea3c445e2d73b2abcfb29f0e09c379551f86ee8f,0,1,0,0,0,0,0,0,499,92.31
1730,23c9501783899c2e414d302ed1815cfc3015ba79,0,2,0,0,42,0,0,5,258,87.38
1731,325f3cbdfd61bf0c98664a11abef74bb33c1c5df,0,0,1,0,0,0,0,0,0,11.01
1732,afac14fcf052219063b338b18db936bd69f22233,0,1,0,0,3,0,0,1,403,98.05
1733,504eeec96e9a9cdc137f7b50ff16d2c11e59a1a9,0,3,0,2,41,3,0,22,186,157.24
1734,ceaf3ee3d7a0fb30862b227fa5985dc81f8716c1,0,2,0,0,24,2,0,15,1312,221.47
1735,05406e9e424f97f525e1dceca31151d4afd56fcc,0,1,0,0,0,0,0,3,140,40.9
1736,1b7b7a935a4460cdb409b6d2c0a3725f575fcacf,0,1,0,1,0,0,0,0,23,34.78
1737,6c2dd8e749fa0471fdda47b45239f7861ac014e9,0,5,0,1,27,4,0,15,424,140.78
1738,c0c723f660047036027163e6b8510bb0e985a0a8,0,6,0,0,34,21,0,14,971,237.36
1739,36be388220f11810ac5bb6ce2e40ee98f3e8cf32,0,2,0,0,3,0,0,1,564,111.8
1740,499a74cb8de5be5121c24ef202dac74f12d65e3e,0,1,0,0,0,0,0,0,281,135.36
1741,e6e0eea777aef5e2025de559ccec7b06d9870bb0,0,2,0,0,1,1,0,0,1359,200.06
1742,c74c0975730075fdc9d61f49424414a37c8bdfb3,0,6,0,0,67,35,0,8,3366,531.89
1743,1842a1ee8573b356e4140bf7b47a7102461aacd1,0,8,0,6,192,37,0,141,2790,695.1
1744,39330cff754d9b088523703409698ec2b180df79,0,4,0,0,7,1,0,2,409,101.93
1745,0957e3867abfd0a917703269e0d5124ce7e1bdb0,0,1,0,0,4,0,0,1,201,53.09
1746,605ebb05ec99c26013f29043bc65057d649a7544,0,1,0,0,2,0,0,2,505,129.46
1747,96e37125bacd7dd01df6152f26612b9749409246,0,7,0,3,71,1,0,20,716,224.49
1748,f84ff410bd2a05e692803e6945846aaeb83eeaa8,0,2,0,0,17,0,0,20,549,118.29
1749,8c73db0ebd891ee23f145e4eba83e4de43609c0f,0,1,0,0,0,0,0,0,245,48.27
1750,38a5d8cfd65da5c6fd5bab894aac37818464dfbe,2,0,0,0,0,0,0,0,0,55.81
1751,a59bd1030b7a24fb2f75554504b2238434905fb2,0,0,0,0,0,0,0,0,0,5.47
1752,53914b693e3920a9d50d2f812cb980adf6bf0830,0,1,0,0,0,0,0,0,59,24.51
1753,8f67476c533a9d06f3f9e3d53d0618a8e525b42d,0,3,0,0,72,43,0,6,1256,233.79
1754,bc8d7005b1d6608be451844237fe35d6546fd27d,0,3,0,0,10,0,0,11,555,129.75
1755,15ef67afe513118c56f3dd852c9c03b70f1e3959,0,1,0,0,184,80,0,19,105,92.47
1756,8450cc672153626290093083784620a9f6d3c35b,0,1,0,0,7,0,0,0,104,32.62
1757,94cc5237b0576d9f36f51b7142ef913cc032d9bc,0,1,0,0,1,0,0,5,37,24.69
1758,bfe27f5764b6a9b1b23599e140b6c699bba572ed,0,1,0,0,3,0,0,0,34,22.9
1759,1758553f45e4a38e493f0cb5dee37e483c33905a,0,1,0,0,5,0,0,1,507,100.66
1760,1056d94820d9fd3b7e79595164304451090167b5,0,1,0,0,0,0,0,0,289,129.63
1761,356975ff57e7dc7d1de94bd2afdb6a6369fafc30,0,2,0,0,7,1,0,2,1741,253.67
1762,221e8a807ebaddf390c36a61ff8c099cb25f62a1,0,24,0,0,1,0,0,1,501,242.3
1763,384f4c93dd5674a569d5de694d86ddb7bd9f58f3,0,1,0,0,3,0,0,2,512,99.87
1764,b99c65fa13cce2f149082f43c9cf79a2d3eac653,0,1,0,1,1,0,0,0,31,40.29
1765,b7ece04e0f199af1fde3c1ea347f8244a46bc406,0,1,0,0,5,0,0,3,92,36.05
1766,e89bfb07f3f4143ef1d7e3f3ed07877d9cdd763f,1,5,0,1,16,0,0,3,1717,293.58
1767,857d41472f3c4e5df20ad2f389f847cc57100d9f,0,2,0,0,23,0,0,11,414,87.07
1768,7a678034af96b09ee9035bd40c17e4c9315bbddc,0,2,0,0,6,0,0,4,1697,239.72
1769,f64db932fd2ebf5329294083aa4d5745f59a5f44,1,1,0,0,1,0,0,0,1228,198.35
1770,19008eda3788f99b0a56c750d07239faa23fc52f,0,1,0,0,2,0,0,0,16,19.8
1771,efa5448aa3dd8afae7d1c5f3eb8798befb247e41,0,2,0,0,22,0,0,17,300,92.33
1772,883cb4bcbfec29af3fd24f0bda20983c4970dfde,0,2,0,0,0,22,0,13,300,70.09
1773,0d31ac5f37a2e8866884bb216a3485eea652a822,1,5,0,0,137,4,0,36,632,233.41
1774,8d04c2b297d824093b7bdf6cb82ef20b2c0ae334,0,2,0,0,1,1,0,9,820,144.59
1775,2e44b84e73de16b8450499b6c99d0bc9a4b62bd5,0,1,0,0,2,0,0,3,128,32.33
1776,ff21baac6086de04cd6c1d1f1408f94b5eb86466,0,1,0,0,0,0,0,0,430,67.45
1777,fb52f98a0111c84a61b4af08a16fb18a20537cb8,1,1,0,0,25,0,0,0,318,147.87
1778,2267af90c9ec3ba867adbf926251f35583649faa,1,0,0,0,0,0,0,0,0,20.97
1779,dab4c397611ba77ce347b769fa91f68fb73e93aa,0,1,0,0,8,0,0,21,1229,179.96
1780,d09a8b5cecc15ad8b19d68ce1a2f40a4d20b3703,0,4,0,0,40,2,0,17,1452,382.62
1781,c8529f0cab8ae44fecbf8b3bb12ba60d28dcc899,0,1,0,0,1,0,0,0,522,97.02
1782,9b0a00401714426057caa47bf92d46ad7a5411f5,0,1,0,0,52,25,0,5,93,55.01
1783,6b30bf2a097e71e11d07649b4ed9f6034d283149,0,2,0,0,27,0,0,4,2368,412.49
1784,3a4f0f3bf189cd6c07ae4796313b8c87c9d9fa9a,0,1,0,0,2,0,0,3,88,30.8
1785,1aa394d882cf48df3e6551257eafcb778f2e62b0,2,1,0,0,0,0,0,0,245,83.59
1786,e8f33fc4ccff6f80d5f8ab11ad117d98ee9abfc6,3,4,0,4,35,0,0,2,89,172.29
1787,f0e8ab83fd32e113be0a026fb4889bdad93ea057,0,1,0,0,3,0,0,0,1240,171.33
1788,1cd8c4ae720198b40947ff70900a2d3d1c40905b,0,2,0,0,14,1,0,24,704,131.68
1789,b8482c13fa5de295e46607712cfa09e5b1169d46,0,1,0,0,7,0,0,0,15,22.85
1790,1ae03f81b98b1530acf1ddba8a8203c2cf771631,0,1,0,0,0,0,0,0,167,40.59
1791,e0dbeec47f271697b5333c99957e1291c3642f43,2,3,0,0,38,3,0,8,1071,284.61
1792,c479f0a984e98a2e07205283b11e7390be603964,0,3,0,0,4,0,0,10,1340,217.86
1793,ba3426321abc327246dd869243eb54de98ba05c4,5,8,0,2,41,0,0,24,2648,723.25
1794,d02659378e8333a74fe320c38553d6815d85bbb9,1,3,0,0,13,1,0,26,1501,248.01
1795,614f8f665f032f9a6e6783150281876d840e9bba,0,1,0,0,3,6,0,0,16,24.16
1796,e692a54414d42a432afd193131b0a444d48f8e8c,0,10,0,1,94,66,0,2,2089,425.78
1797,12fe439b8b77629b1fe1ceb652578f29c62a8a32,0,0,1,0,0,0,0,0,0,9.75
1798,5311df528e2a6cd4a521c83560a908d3eb006890,0,1,0,0,2,0,0,0,90,31.76
1799,6e5f3c70249268f65d232dee0c1d1d2e0106e225,0,1,0,0,26,0,0,13,146,47.94
1800,501afa4ffb8429fa3725f3e7ed5b765e6654a9f1,0,1,0,0,2,10,0,2,656,202.16
1801,94ca0f49fe1080c1e6de2d77440f1007d64e2a2f,0,1,0,0,10,2,0,3,656,134.9
1802,a5057da6cf54d1982f1d97da8eda78e73f5c6187,0,2,0,0,4,0,0,0,523,103.18
1803,0b1af71c7453f8ef57014e9de9a87ec8490ec6a9,0,1,0,0,2,0,0,0,19,18.48
1804,dc5e50b07be678ac49550a0397372ed3e8ca64e3,0,1,0,0,0,0,0,0,150,36.69
1805,44be5806f3d560cc5c3063d420e89645654d2d65,0,1,0,0,0,1,0,0,526,85.23
1806,8607a22a7b5367d653dc321afca36d8348b9f8ee,0,1,0,0,2,0,0,8,84,33.92
1807,1ece6aced29151f440e614b510ebffd53221ed2b,0,1,0,0,0,0,0,0,86,24.65
1808,b4ec6f07eda4cdece2ad8a0387c20c336a3501b1,1,0,0,0,0,0,0,0,0,26.2
1809,6b014bbf3bd34998e6e30eeb42bff5dd2df7394b,0,7,0,2,81,53,0,11,2371,588.54
1810,e07675d2dc1a745c8ca15c3fe1c8f6ae928d1f3b,1,2,1,0,2,10,0,2,1256,219.97
1811,77b276d7d1a21eee27445b8e746a493d921fd01f,0,1,0,0,6,3,0,4,302,70.88
1812,5255748de2807d9ca08fd21a4ee716be61e4fdd1,0,4,0,0,0,0,0,6,1535,279.82
1813,c42b256df412e26727da402b1ef3594fc5f2ea33,0,1,0,0,4,0,0,4,434,71.42
1814,507abe55ff0175f37d91fc75884923ff6d781321,1,2,1,0,10,2,0,3,1256,221.16
1815,b5365c49aa5d5b12676b6291f9189b17a7e49560,0,1,0,0,6,0,0,12,174,45.39
1816,4d28e95a618fb24881708a279f90074b6b9787d9,0,4,0,0,95,4,0,17,1610,276.77
1817,18999eca06fc86b22ffa6034bae8ee2f75f12272,0,2,0,0,25,1,0,12,302,93.52
1818,d4cbacf40c838bff7884430a4047ec4c3f07aaa7,0,1,0,0,0,0,0,0,146,50.79
1819,3d4a1905622847eccacafdbf308c481b70bc1d10,0,2,0,0,27,8,0,16,283,76.55
1820,79eb3c26a2cb49726728ec0d40a17fae57eaf61b,0,2,0,0,1,0,0,1,310,150.54
1821,897890bca1752dfb66656602cb411f3ce8254ade,0,2,0,0,54,0,0,9,128,70.69
1822,896b193079d88ebb85e381586f6ae3c7c8cabe39,0,1,0,0,58,16,0,3,396,93.1
1823,c96566d0224301109716d45992b17f39bfbe1063,0,2,0,0,4,0,0,0,531,116.59
1824,36c3025c974288b8d2322dd9a830d7bff0b155cb,0,1,0,0,3,1,0,0,301,57.68
1825,cfedd4d7dd89c1ce3004a24a94422cc54fc21bc1,0,1,0,0,18,15,0,18,136,55.54
1826,7c8f6406a5150bd380e92920e2191dd58d40a063,0,1,0,0,39,17,0,24,208,71.36
1827,4196e5404c383692c61025ba5a23c30df90494a2,0,5,0,1,40,0,0,29,2697,481.67
1828,6e3c8eed746046002a9d096e03dd0e21f55184a1,1,2,1,0,2,10,0,2,1256,215.6
1829,449e7386bc0d9c4bd1cafbad556e5aa6dce11e8e,1,0,0,0,0,0,0,0,0,24.19
1830,a8beafc5cfa4975288822a9e5b74c293a0f97e2a,0,3,0,0,13,25,0,5,459,115.64
1831,60c70403f84685682810a5090b1f9fbc19469578,0,2,0,0,92,0,0,1,121,96.45
1832,75593fc93ac746b01a034efd949bac7091c514bf,0,2,0,0,1,3,0,0,338,84.1
1833,0f57c35465aae39c96a38f718be31d882c6ff9f1,0,1,0,0,2,0,0,5,267,66.75
1834,8a386e758e720ccebf8911583638b17503808f05,0,1,0,0,25,0,0,0,1155,223.38
1835,c980f1d16a9d9c57a309321f83cf394062bb6bb4,0,4,0,0,0,0,0,0,1345,239.17
1836,cb85bf2e0aa48700bf635183302bdb28a36cb635,0,2,0,0,6,0,0,0,45,37.41
1837,9ad69f3bd048c833b6307582dd3bb4810ab545f0,0,1,0,0,12,0,0,2,439,78.85
1838,c4fb32cc22d1094b3d09fd010c778ea238480193,0,4,0,1,5,0,0,1,538,132.5
1839,f1996d4932f1db7f4c0be06cf8b79db5fc5a0372,0,3,0,1,56,0,0,13,430,165.28
1840,c5eed8a344a68c3a3cdaf46f4dd1ee2e6caa1baf,0,3,0,0,0,56,0,9,430,192.12
1841,d2ccdeb8dd47528162a48f273faa4bf8c1b26a99,0,3,0,0,4,11,0,4,2526,342.13
1842,53a031f00c8c9de7395f96f2cc6cbee94dc910be,0,1,0,0,3,0,0,2,289,56.26
1843,99f9ca542f1ed99bb21e8adb8780dfe2049ca7c4,0,1,0,0,6,0,0,0,579,118.66
1844,c1fcc65b19e6fe17aedd7defacd95773a8a4f1ce,0,1,0,0,8,0,0,15,585,113.78
1845,5c78c1a4a7ef53f3093761c4dd8881ed4e8048cd,1,9,0,1,27,1,0,4,4252,712.74
1846,4b8b1c2ed8bf13f277552e8f46e71b9f6b8cbdca,0,1,0,0,47,23,0,6,150,49.08
1847,a17043496baa2b3bc0743df83f60900e491cddb7,0,7,0,1,74,51,0,17,2967,469.57
1848,237bc82af2992a82d0f71648f68311c4dab25f3e,0,1,0,0,1,0,0,1,123,35.34
1849,cf3284dfb9b7b081193eb35297e2cf5920aa97e3,0,6,0,0,8,17,0,26,1382,271.56
1850,89794648e6e8a2588e0748fb1b6770e37816f008,1,0,0,0,0,0,0,0,0,27.05
1851,ff192229ca88f344919a8e02add91cc6476b2507,0,2,0,1,2,0,0,0,141,51.7
1852,39bb359b5332f0f75ffb761fc4b50845c2c0e5d1,0,1,0,0,3,33,0,8,1119,150.72
1853,a344cd98b78a8b3e0e533789911178c62e4d6016,0,1,0,0,0,5,0,0,26,14.27
1854,4c5978513503a8542c7e24d89915325a30cb5704,0,3,0,0,90,0,0,0,866,179.24
1855,d82dabaa6ff129cb322cb6242c7c46c1291aa970,0,1,0,0,1,0,0,0,87,32.78
1856,91404d9c5dc01790225587393fcd11b442c8a891,0,1,0,0,3,0,0,0,204,48.22
1857,cad0a1bb9c8ad5abf3850985c5a832bcbd6028b2,0,4,0,0,78,3,0,27,506,157.57
1858,5f69f20011aee48dfe70104f3c66ebe30b92a26b,0,2,0,0,4,0,0,0,21,32.83
1859,4ee3ceefe407a4b4b2e94703d38490c28ca54d0c,2,0,0,0,0,0,0,0,0,60.15
1860,fbf0d7713280acf3760bcbc51fbf924038007a1f,0,2,0,0,0,0,0,0,67,117.46
1861,e64108690eb32ccdc94e672604c08c5aa16ae556,0,3,0,0,7,0,0,6,778,163.27
1862,0adc6ef09ee6adae3353e31c0ea1f47a3dd16477,0,2,0,0,0,0,0,0,1277,167.65
1863,be4fbee16b3eb3b1efb4ead0073fa0634286e57b,0,1,0,0,0,0,0,0,1122,152.96
1864,edd036b045abe5bd5429984838d34dafdcf74446,0,3,0,0,35,9,0,2,998,193.11
1865,1685e9b53608da16c48c9fd94ab06e4f3a99a185,0,1,0,0,2,2,0,4,76,40.78
1866,fbd1666643c9d614112b4a6f54ed0ee68b9b1426,0,1,0,0,8,0,0,1,121,37.77
1867,c222e2b4862045d5ef7040103e1c50b6593dda20,0,1,0,0,0,0,0,0,129,30.07
1868,569b5d2335d1e95a779bd003947da14105f1552e,0,1,0,0,2,0,0,14,344,70.48
1869,21e68ab791a7b69c6a1461e72c75694d28f73987,0,1,0,0,1,0,0,0,346,62.14
1870,8ae8903ab74d88f46a34d9046708f1add8ffc9cc,0,1,0,1,0,1,0,0,106,75.15
1871,9e6308c9182826f9581e6404a181224d5a26f194,0,1,0,0,0,0,0,0,129,32.24
1872,d8d4fc8b7cea7b5880d1fcfd1356efbbbc1ff39b,2,1,0,0,0,0,0,0,245,124.05
1873,556fa7340057242fea18a0297336d4448b44c50c,0,6,0,0,31,6,0,79,2806,462.05
1874,371f96335952c3ec957c56bd268fceccc16f3586,0,6,0,0,6,29,0,79,2808,436.83
1875,9bf60eb011fe3d64cd7544a00d3e0ee7bb6a72ed,0,6,0,0,29,6,0,79,2808,450.01
1876,eb791700eedadbac7d8baff5648156bafa08fc01,0,2,0,0,12,0,0,0,352,79.4
1877,1e6b64f3af4e8684be366204695c03fa38ee07b8,0,1,0,0,70,2,0,16,90,57.06
1878,ed64718369bd24d606dd22668a7c73192af7d00d,2,5,0,0,10,4,0,0,2584,412.76
1879,783029da33b39b0909c45bde8348606c3099d2a5,1,1,0,0,1,0,0,0,8,54.72
1880,b9ee682e705e5ed2e0b8ac597270342d73cb2cb9,0,1,0,0,0,0,0,0,347,150.24
1881,ef3073c22d1fa11e9d65fa63633515e7ad0f33a5,1,9,0,1,83,0,0,28,1723,386.9
1882,1596f988357e666df08193bfb7f41a61f6397afe,0,1,0,0,9,19,0,3,34,30.39
1883,9e6f97fd613f1104876757ee49c5b41315e74001,2,4,0,1,14,215,0,84,741,279.74
1884,bea0012d5de7b6c63f90ea8abc468a226832fc01,0,1,0,0,9,1,0,16,281,58.51
1885,4242c86a410601c98eedd83e865a425821a79992,0,1,0,0,4,0,0,3,511,93.76
1886,3dd353aedbfffcc28a13647c8c2367d48309cf27,0,1,0,0,14,1,0,6,288,64.11
1887,420cbdfd9dbca5d3f982f116a8b22c2fd20c8a1d,0,6,0,0,39,4,0,17,445,146.47
1888,2ed9853572397db1b2587e5bcccfbfd30e8cba0f,0,1,0,0,0,0,0,0,42,18.15
1889,a2b2a752b3e61f0e1a15d5add6585aaaed36533b,0,1,0,0,2,0,0,0,454,87.47
1890,daf0bb52cf8de033230a76ff3430cd1d5ee1ce70,0,4,0,0,50,24,0,21,1221,241.13
1891,acbe32c4a73ed1e0eca330909c724fc5feecee15,0,5,0,0,8,0,0,1,755,163.28
1892,f616c0c70964fb4e88c3dc60c59d99b6d1d4759a,0,1,0,0,0,0,0,0,37,18.43
1893,08cb49b04dbbcbb2a37a63023d9163c102f00309,0,1,0,0,3,0,0,1,86,33.6
1894,7df562906b96d7e931078c01d5a333e92fc5a842,0,1,0,0,1,0,0,1,102,32.6
1895,74b9c22b23fc898e57f64ec5f8597735b73bb1b0,1,15,0,2,66,8,0,0,1137,356.65
1896,5486d8df706d3fb203a8d80833f1566e442deda0,0,2,0,1,22,0,0,1,171,104.24
1897,84c44732f91955cc0c63930de13d0cdcdb061b6e,0,1,0,0,7,0,0,10,539,95.67
1898,94ee83f348b287fe1969ff602ba42d1c6635d838,0,1,0,0,0,0,0,0,0,10.85
1899,535e0abc5476dcb9ddeb2eb59043115dd749e8d4,0,1,0,0,0,0,0,0,167,41.9
1900,0dd25bd5385491c84b13276b494ebf3c9f6ac60b,0,4,0,0,33,13,0,3,2547,505.33
1901,ddb730cfbd0304e71951f4c9a45f78980361bb33,0,2,0,0,52,23,0,43,310,95.48
1902,24444f3c8590270cabb0ed63cae3efcc517a5e8d,0,2,0,0,39,4,0,0,2111,433.06
1903,9dbed1e938a2aeb1270ec59f1cebe92d62fdd86b,0,1,0,0,0,3,0,2,543,88.42
1904,49f339cccff25cd979dd55b89f83adccfdca5780,0,1,0,0,0,0,0,0,160,38.3
1905,1183777e8a992af97f2d1ad446f9587a96fca4d9,0,4,0,0,50,0,0,2,2429,480.46
1906,e39618919dd5d7c7c7ae6adbc6817a7addf237eb,2,0,0,0,0,0,0,0,0,91.63
1907,22c70b26a16eca0567e6275972604c42d6664b53,0,1,0,0,23,0,0,12,164,45.83
1908,d8d26cb493a5a19154e2fa4c02bf76bcf89a8af7,0,4,0,0,23,6,0,0,303,103.68
1909,baefac4c42d37bb24c4ac62d2287f041a3102042,0,6,0,5,14,2,0,16,1546,580.44
1910,f1653f9e65637f8145985a3121304c25b98cd21c,0,1,0,0,0,0,0,0,0,18.65
1911,8df30d650ebddb3c8a4d6d2485e1235e3f229309,0,1,0,0,5,0,0,0,33,33.19
1912,fd470dbf23867dcbd978353453007a89e29173f5,2,6,2,0,0,0,0,0,270,179.63
1913,6ad14f3c73cb5689f623350dbeaf453452c4babc,6,0,0,0,0,0,0,0,0,209.35
1914,e01e57ff9209f312a9e03bd4e2aae14a4326e846,0,1,0,0,11,10,0,3,93,40.51
1915,e7b8bd4ab0bea1fefa3f70953cdeafc9d4524aef,0,1,0,0,0,0,0,0,259,40.11
1916,6164a0cb8522b0bc75e3338364d25175d094937b,0,1,0,0,4,0,0,0,543,101.22
1917,95a45d134194f3e58a0f3b7eace15ed8bc4f2879,0,2,0,0,14,12,0,1,308,69.89
1918,df94fbe4f85116137f00e0a11bea8aa34af70f40,0,2,0,0,0,0,0,0,72,31.87
1919,2769a5ffc8b90fde935fe98528cd1f45cfe1dc2a,0,1,0,0,0,0,0,0,608,111.45
1920,6e9210165f74e7eec928e4366466e6e29a61fa4e,0,1,0,0,1,0,0,0,18,96.38
1921,1f01e3054082150bde01c7c1d3246e47b58de761,0,3,0,0,49,29,0,13,1103,224.1
1922,4219e2accb96909eeab1b75a1570ace49f6a39d9,1,7,0,0,46,1,0,26,1595,310.66
1923,52033a212f27414830ba4f5f430f556f535a7268,0,5,0,0,49,30,0,22,1243,259.75
1924,dbccc88d446cd0bc723dd468a1a8db04ba290477,0,1,0,0,0,0,0,0,31,19.11
1925,46d615b21087b75706f77e6d9e5a92640aba27bd,0,2,0,0,11,2,0,0,202,58.13
1926,555b30d224e4f9d870b98be4a37e4586b2aaa6e1,0,1,0,0,16,0,0,4,40,37.32
1927,7d42c217a9ac40054c5b80ae2baee198fc46759c,0,1,0,0,84,99,0,49,1049,166.21
1928,d663e196373d18ef71fd46d446526b35d07aa04c,0,1,0,0,5,1,0,10,105,35.84
1929,47fe311acdd49c609f5e7b47518914cba441509e,1,5,0,0,88,103,0,12,1945,382.85
1930,c80200bded705bf439478b4f7eba24a0998279cb,0,4,0,1,1,3,0,1,992,221.79
1931,6c32f36250df2538598fcb7c8f99a615a8e4846d,0,1,0,0,0,0,0,0,0,13.59
1932,b6ad337ea15a9957a0a1089ba4dd331013d25f3a,0,1,0,0,8,55,0,2,133,46.31
1933,94d77931b38a2eb62a75f8ea04141e08a19c80c9,0,2,0,0,49,2,0,60,1880,298.38
1934,46d64afcd9d17c9b21559babc861da0c5149aafb,4,2,0,0,18,5,0,27,1610,310.85
1935,7d5d1fe752e3065f6e4e021557310c72eab14653,0,3,0,0,8,0,0,1,915,189.36
1936,81e9be251879f9dfab9b687231b318e94f423459,0,2,0,0,0,0,0,0,244,55.38
1937,4e4ded4cde5a1596fc9739ea4dec6b1b5dcaff85,0,1,0,1,10,5,0,3,9,41.91
1938,3d6b1485bf93f5d5721e136c9d654df886d8a404,0,3,0,0,88,34,0,23,762,191.36
1939,dcdeee6ca057a3b76d735f55aff89805674feab5,0,1,0,0,21,0,0,0,31,25.9
1940,f3ebb53efca143fa7aa3e5118e07dfec4a3231cc,0,1,0,0,30,7,0,10,139,139.18
1941,ee4553fc1ae949af5936d93c9699d6baa9239b33,0,1,0,0,13,0,0,5,257,53.34
1942,93a75bb3eb4b015f054e787fd138d7764fe20237,0,2,0,0,2,0,0,1,452,97.77
1943,6fb0428103ae6b75100a32aadffca730d663dbd5,0,1,0,0,0,0,0,0,270,46.29
1944,40cb8dffc2f06bd3645f7c96940d6c2da260c172,0,2,0,0,0,2,0,0,452,86.6
1945,7d03a7dbb6870381cb0b5c97ffd619d443eae146,0,1,0,0,0,0,0,0,107,41.63
1946,1f4eb71478b48e7dc10b85de4d765f90ba3c9097,0,9,2,0,166,98,0,60,3344,631.91
1947,dc2659524af86a060cc31cb6fc8dc6f508eea4a3,0,1,0,0,48,62,0,4,33,54.05
1948,1bf409f05285c855256698f91988202341b2853b,0,1,0,0,10,15,0,39,223,63.38
1949,e218325a6129d658ed6f0598ab2a89a056dc4c37,0,1,0,0,96,3,0,20,544,119.4
1950,e0ad6f0ed1aeeeabee5f7fbfbd692d8e6a93408b,2,2,0,0,28,63,0,0,127,94.42
1951,b1921637010df0abdd52fe54b289388008332889,0,1,0,0,0,0,0,0,8,12.79
1952,557ce312afc31c0eb31f387bcbeb821a55171727,0,2,0,0,6,0,0,6,250,66.51
1953,d5a6c9d1b1b984d4993070b3b5014638fe19b1f1,0,1,0,0,0,0,0,0,92,24.93
1954,5fc468c60c770c751669e98bc003603a0ee36618,0,1,0,0,17,0,0,0,357,87.51
1955,6cc03b35a3889cae87903637e54a911aa5a192e3,0,3,0,0,31,1,0,13,736,146.97
1956,55a7d35c2a962110affd9c3bc8353aaeb336578e,0,7,0,0,11,0,0,0,779,177.39
1957,5b4cb8c66b9265fead531a4fa2b6270db5beca60,0,1,0,0,12,0,0,9,160,46.97
1958,2ed476e3ddacb3bd91eb2f2797ba96dd19339b03,0,3,0,0,86,44,0,5,140,90.12
1959,5cff071c38a30b097de4d4425252ccc640f0ac29,1,1,0,1,4,0,0,0,25,51.36
1960,222f6836dfe8aa1516585820747030688698e3e8,0,1,0,0,59,0,0,21,600,192.93
1961,06b8461cc52d8f7041ab677d86b8dfc5963e425f,0,1,0,0,7,0,0,12,85,30.91
1962,81aae08c4ad7aa57b8b95a994c4e05851292d039,0,20,0,3,90,31,0,47,4470,925.06
1963,d3045093c7fe3cd01a43cbce95140d4b434b23f1,0,1,0,0,39,0,0,0,211,51.82
1964,bad71e44ea2b577970250ba84d6ed832be7f3aca,1,0,0,0,0,0,0,0,0,36.19
1965,9f28990e7af32c607fbb455b731ca5a3217602e2,0,2,0,0,16,0,0,0,344,83.32
1966,9d197ae1ce07293352fb0462e12b6e6bf9dd600b,0,7,0,1,50,109,0,17,1493,332.62
1967,92845b63c4fffd4a950963f4083a6d90bef2db62,0,1,0,0,46,0,0,0,147,48.08
1968,182ddeac26c7033e6de2c1c61adbd6627e1bea85,0,1,0,0,0,0,0,0,193,34.94
1969,6bd9abf44d0039ed98d648b86446c12870aa14bc,1,1,0,0,37,0,0,0,152,66.42
1970,f76525456864e8b1cda19ae68019783b8add62a0,0,2,0,0,12,0,0,0,415,100.42
1971,64f6fb52dc7a517b23c8f6937fe92852bbc065dc,0,2,0,1,0,59,0,20,600,97.55
1972,06eba7a579f9cf11b1f76770cf5e46db205dd0c7,0,13,0,0,66,0,0,3,373,191.96
1973,573c0a89bf35f183571a63aad54a8a2394a17a64,0,1,0,0,9,0,0,1,14,19.87
1974,7a55ec9a25655d29f05cc7aa2b409af6542ec0ac,0,82,0,10,608,123,0,258,16149,3844.65
1975,829f254216e28735d0fbe1331a0fc11c018df375,0,1,0,0,2,81,0,16,626,131.07
1976,14bd82872dac0a7b6de487b1c71a332dabfe4243,0,1,0,0,10,0,0,0,85,28.49
1977,09d3d6bed9467cad73bba9c493289c98b7bccf42,0,1,0,0,0,5,0,3,544,90.25
1978,af03bb3a99664700439f5e6dcb77c5f0001a56a2,0,1,0,0,8,0,0,5,363,72.61
1979,d1c070f70795bc14e39bb55a25b0536b306e3201,0,1,0,0,0,0,0,0,544,92.77
1980,1e5deae9e9f5cccd9b3cd6fc0ab892e950b5af1a,0,2,0,0,37,48,0,32,519,197.04
1981,ac2e192ad5cd6ffe32fee877bd568c605266cc5b,0,7,0,1,44,73,0,50,3554,628.07
1982,93038d06aae3cbe4bd8190ed1a5af0593cdea11d,0,1,0,0,10,0,0,10,163,48.95
1983,74eb4dd8b38c6f5142b5557477402278fc692d33,0,5,0,1,63,3,0,36,2090,371.71
1984,a86a4b9dc7492dc8725a079776787214c137e82e,0,1,0,0,6,0,0,4,544,107.64
1985,0c8d19c975778a263d99544d56e8d09de38da58a,0,1,0,0,0,1,0,0,549,84.62
1986,2aade76735960fb41ab05f63ecb63c5548ad45f1,0,1,0,0,0,3,0,13,522,76.03
1987,0a585ffbc86d3d090313e93ce85c65f76006ee9a,0,12,0,1,134,103,0,48,2156,554.58
1988,e636646e919622cad1cb75994efab312721277b4,0,3,0,0,15,0,0,6,1348,222.7
1989,0f15fcac46b9ffb520ca81e736f855bde2731e6f,0,1,0,0,6,0,0,29,233,62.57
1990,bd7c8e327f3e39fb2c10b5b3d192c374f35efb83,0,2,0,0,140,9,0,22,472,146.36
1991,ebb63ef44d42bde034e8a2603ebace7d930e210b,0,7,0,0,217,44,0,43,3327,595.43
1992,791659b27efdbfc3b9d6785f026856e1ea8047aa,0,3,0,1,22,92,0,30,1860,344.3
1993,a6ef251118e1bbb1b1d345f91455bae9fc8e8a6f,0,1,0,0,22,20,0,22,624,102.76
1994,7e87980347b3f7769a9dbb7abe048700628bbd0a,0,1,0,0,0,0,0,0,311,59.33
1995,e56b56a386263a4c186a84fd41681c00fec6e261,0,1,0,1,3,0,0,2,34,48.67
1996,003dcbc657af314e6991656b5ef4d87cc5de5266,0,1,0,0,1,0,0,3,78,29.68
1997,425c3f9aa65a2794d9d79393ffae429778db7481,0,1,0,0,0,0,0,0,1156,152.81
1998,7f2792b11b9bc06c80929f0ef0ef3a0061144951,0,3,0,0,71,4,0,23,1899,311.31
1999,f38986578780553e4b2b35a12cd5c1b152994a82,0,1,0,0,0,0,0,0,37,17.6
2000,7b6f6d6e19a0b3acd2bb1adf1d5c3c2ab31ccdfc,0,5,0,0,51,33,0,20,934,327.79
2001,e020898266b9be78a9d75feae21a2d40eb872e3a,0,1,0,0,0,0,0,2,37,19.21
2002,1df7e7ac77080be90fd939fd71cea2e96c478c26,0,2,0,0,69,0,0,2,677,146.36
2003,7191604865ce2b1286e3ef7d2941d2dcdca7dd30,0,1,0,0,0,0,0,0,1338,184.41
2004,9460fbb2025df4c9a294a86e44f9e6c036909b54,0,1,0,0,5,0,0,4,325,55.68
2005,51ae4d386ca38ae20d0b3047f763946d851b7a02,0,1,0,1,0,0,0,0,1,14.74
2006,a55c03b23e071670b8f4468313a71bb308ae3fea,0,1,0,1,2,0,0,3,22,36.47
2007,a769d1e10dde113c681c1f92abe3632dbf4aea0d,0,1,0,0,1,0,0,3,452,85.65
2008,93b2e8d2bcf5e5c3413c6496a3c7d6673c4cfcd0,0,3,0,1,6,1,0,2,378,115.54
2009,f9d78265bf3ca71cfd3b6cb268d885e2b649d7ce,0,2,0,0,0,0,0,0,320,66.73
2010,da9613d75c8ac42247a8744103131e562835168b,1,1,0,0,0,0,0,0,146,68.16
2011,70d9045694360f110c2fd5c5dc20e1e6fe8ffc5e,1,12,1,0,40,14,0,65,3219,561.58
2012,f0120d5a47dc59b32ede92454a96c214380f2d19,0,1,0,0,0,2,0,0,24,14.03
2013,9ed65d97c66386c1aaa736131ae34a783ff812d9,0,10,0,0,50,13,0,18,1056,227.54
2014,090b24fb970e97b76ca8fc3709ab9ecfc4662e40,1,8,0,1,79,49,0,26,1860,476.63
2015,d5858c86a1e8d5d82f85e1184d27bfaa76c5fae1,0,9,0,0,18,157,0,20,1904,386.74
2016,fb23289cd15c608fa168416c9a0cb21cff4a3e7a,0,1,0,0,9,13,0,31,1162,176.99
2017,38ee878044202a9594208dcb4a368ad1fac971fd,0,1,0,0,0,0,0,0,206,36.4
2018,1c151dcfac5d01d768795adfe080bffbf7544c00,0,1,0,0,0,0,0,0,225,36.84
2019,8b2948bd62f7b8a066716ad0ed1020c8052579bc,0,1,0,0,0,0,0,0,92,25.08
2020,be7cee5901192310a6cc0e0b00f913fb0ff5ad37,0,1,0,0,2,0,0,2,96,135.47
2021,e3f8560143a0ffbb335e3e3fe762a86865b662f7,0,1,0,0,14,0,0,10,349,73.18
2022,a161fad75122ff8b49659d9ffb7e3ed1fe5dbc30,0,4,0,0,4,0,0,2,446,116.15
2023,3c3169bf0c3c14736d0e3b63e926a58fdf6e0327,0,1,0,0,0,0,0,0,183,38.65
2024,ee97af78425143921ba69959532646819c0423c8,0,1,0,1,0,0,0,0,61,44.17
2025,cf5b80c2eed9db0bf8788e86155f627c42784558,0,1,0,0,10,0,0,6,1338,171.92
2026,fe05e91e420fe9a8d8079736163685f13514c01b,0,1,0,0,5,1,0,10,1347,196.88
2027,6b9b5dbd998bd84768634960cb79a66b56539eed,0,2,0,0,51,5,0,0,94,58.58
2028,f372f3a411a40cf5cdfc173fec9f9dfeddba9e81,0,1,0,0,0,0,0,0,1352,186.46
2029,24c84bd22c1be52373d93e391c86e05ebfd4a9a6,0,1,0,0,0,0,0,0,371,63.49
2030,c08fe0f40e341d0259ac39f1de9e5c0b29ad965c,0,1,0,0,4,0,0,0,73,28.5
2031,0a99255ae1cf505537e5a570518e523859a270e5,0,1,0,0,0,0,0,0,55,16.67
2032,d775dc50c12b8dad8eeaea5dea5ca9cef41aaed8,0,1,0,0,16,0,0,11,169,49.63
2033,f7ea5fe68567c4593588090a8da97b624f3a5361,0,1,0,0,12,8,0,0,64,31.67
2034,1f3a4fefb89d4fa108932270de25e4668e901451,0,1,0,0,8,3,0,5,360,81.35
2035,148627fe9c029405b393a0bbcf5c16cec5cd48a9,0,1,0,0,0,0,0,0,98,21.8
2036,1add4cc5d257e3d58926047e9545cea05aeb4573,0,1,0,0,0,0,0,0,368,63.54
2037,edf2b7901aac3a2d53dfcf88665a5b070597c51c,0,1,0,0,0,0,0,0,368,60.92
2038,aa64a105341cd870c310781414f625e191bdcfca,0,1,0,0,1,0,0,2,79,25.64
2039,53b5b9005e93309000f3ea35dd7c61d1b556ede3,0,2,0,0,7,0,0,33,1452,217.55
2040,7f10f294250639165d17370a19823f5cdb89e42f,0,9,0,1,57,21,0,25,1713,506.24
2041,0a0ce9f1ae26fce71e6564ce1299b83db3a998c4,0,1,0,0,0,0,0,0,191,43.83
2042,f54803aac22aace1cea3d8d787cd36792aff18b1,0,1,0,0,0,0,0,0,191,44.99
2043,1f46c437ddee341732fb919cee3763d7f98cb63e,0,1,0,0,0,0,0,0,37,19.04
2044,cdc62bf6ed54b71c3789d09052943593d3092cdd,0,1,0,0,0,0,0,0,37,18.92
2045,fdd0d9f3e382faa9292869816016c462599c6656,0,2,0,0,0,0,0,2,366,82.37
2046,6b55b8dbe64851ad7e53f2ccba5b73935033da98,0,2,0,0,16,0,0,1,1014,162.29
2047,69bb8b99eccdd3e8f36a2e0fe84d06cbddd986a5,0,1,0,0,32,12,0,11,644,126.91
2048,72c89e6f3cfec3bc46048680a330c1cc65adc1dc,1,0,0,0,0,0,0,0,0,33.59
2049,3b0a7528c93c43c820349ddc638bcc939e775a7f,0,1,0,0,0,33,0,0,37,16.03
2050,8f2fde07c79583b1398f48dd9a37b45c6a260d94,0,1,0,0,1,0,0,1,329,61.57
2051,d757784cbf18ea7b050a5f2d8f40fc89feb4904c,0,1,0,0,3,0,0,2,383,72.38
2052,f2499505de1473d4bb9e448408cf7ccbf6dccee1,0,1,0,0,20,8,0,6,90,41.08
2053,5db7f2f12739921b66584a61aab3d241350f8294,0,1,0,0,0,2,0,0,268,44.94
2054,81897bd47fed4cfe1a337f4d57dbb85b1cdd80dd,0,1,0,0,3,3,0,0,7,18.45
2055,72409650d5d92010eaa658e1a59323a9a5aa2ab3,0,2,0,0,27,1,0,6,405,84.81
2056,5b02ce98a336892d95520a466527b49b6e61497b,0,1,0,0,13,0,0,0,74,40.9
2057,1f9315ff09e4865482db3977bdcaf595b872c85a,2,2,0,0,65,25,0,12,575,138.86
2058,3e343dcd31c6285e4509c3454221bae7ef0412c9,0,1,0,0,0,0,0,0,0,11.25
2059,5f2aa2fea677d644be8e9fb99f6fea4aaec77ff2,1,6,0,0,50,15,0,31,2333,413.95
2060,a02c83a1d7348db118089aa1430194573d3cfbe3,0,2,0,1,3,4,0,1,300,165.9
2061,5148146dafe9a89c5d21af420a179603399e9c40,0,1,0,0,0,3,0,0,268,58.38
2062,6c838dc0ef8d5ddf986017e46c670921ac86016a,0,2,0,0,7,0,0,1,371,80.08
2063,54e4164ce7deb36495f3f812446312675faee8de,0,3,0,0,0,0,0,0,384,75.01
2064,e5bbebc5071d9f9551dd53164d4ee56ea9157b57,0,1,0,0,0,3,0,2,375,67.83
2065,5a8e6ff615db2874c377c83940e64aae21e1732e,0,1,0,0,1,0,0,9,421,63.37
2066,5e4f28c2892052325498c48024445bc9fb329462,0,11,0,1,36,24,0,15,2938,522.69
2067,27daf3e744f248d771ad086249a245477b7b4ded,0,1,0,0,19,6,0,8,428,83.51
2068,488537b2816bb033b948cff71686dc73158a6fb4,0,1,0,0,2,0,0,4,110,30.47
2069,da50b95dd54c6db2a86dca4c1ab596cebe17bad4,0,3,0,0,84,2,0,14,677,156.33
2070,c75e396fb666aaaf3c42447559808e4d3081d6c0,0,2,0,0,1,0,0,0,402,72.07
2071,026b437eff0fdd3cf5a65601450497b092e585cb,0,1,0,0,0,0,0,0,259,38.51
2072,671c7beca466a08d71ac496acfc05ed6330f3d22,0,1,0,1,0,0,0,0,54,43.36
2073,e2f64664a62ab45dc602481ae7d2b3fee3dda468,0,1,0,0,18,2,0,1,328,63.19
2074,121c5b2e471537c94b07348168060b885c91e38d,0,37,0,3,310,713,0,75,5695,1414.16
2075,8e2b477566f006b77db90a6576244d2bb9038ab6,6,0,0,0,0,0,0,0,0,288.44
2076,c30bce0eaa4359df93eb2a7a468149fc8416c231,2,0,1,0,0,0,0,0,0,60.42
2077,d2c1d20bfc02ae69ae4e9dd1e900ebbb599aa109,7,0,0,0,0,0,0,0,0,274.22
2078,3633f06b508a6d4c7fb38bc3743c9886b42099c7,0,1,0,0,0,0,0,2,162,40.32
2079,e389495ac9d2b0de1af0252498ca614378fd07ea,0,1,0,0,0,0,0,0,288,62.01
2080,a9031452f76a7a6f21735507bdd5e92dc4539129,0,1,0,0,1,1,0,2,126,132.4
2081,2c772a97abc16dbf0666349fda3615d238e22748,0,1,0,0,1,1,0,1,126,32.62
2082,4b84ea5a0a6dc95f9b1e8899147da9d42c52fa35,0,3,0,0,0,6,0,1,536,92.42
2083,d8b463d176805f7829ca440e53ea68a1f06980b2,0,3,0,0,39,2,0,22,692,117.67
2084,678a53a6d2910db1fa55a3eaa3e4688a8bfcae2f,0,2,0,0,9,0,0,0,346,80.94
2085,a2d7e57e711f85fda73b37492642254204b9e3ee,2,4,0,0,5,40,0,0,1268,256.62
2086,42ae68691241a2789137272586989acbcfd34f35,1,5,0,0,0,0,0,0,1313,227.88
2087,1185c6c89c1990281dcf98ea02168d34287d49f6,2,6,2,0,2,2,0,0,2053,363.51
2088,b8a46d386288f6c9f75ec1c393b18e9ea2ca84f0,0,1,0,0,4,0,0,3,86,33.34
2089,f3954f993348e037c0c4e5f78689d771a3ad79ef,3,24,0,12,121,0,0,0,581,673.68
2090,4f253b37c27b865c76915321285d471593f7c32d,0,1,0,0,0,0,0,0,87,27.29
2091,3ab49af40fb9d23bcea9d4dee68a5bde4e1cdca7,1,10,0,1,139,27,0,44,5544,1029.56
2092,ba8bf53381b1bae9dbbf38a0177e87874bce55c0,0,1,0,0,2,0,0,4,1183,149.03
2093,5c8f6d6c9e6b42b7e0f36e1f67aeccc973620142,0,1,0,0,0,0,0,0,386,61.62
2094,6969402718c69609e8bc1c758085bfbe882f7293,0,1,0,0,9,0,0,33,247,72.77
2095,f68b180a9f1ed4300cccd5c0b031c93ad7f75146,1,8,0,0,86,97,0,24,4232,701.97
2096,9686b3d4ba93a4e69f8a96464b3d8f6857a36f90,0,1,0,0,0,0,0,0,375,65.71
2097,5b4b4c74e8c6b1404cb2b4b439f59dd107ad9e28,2,21,2,2,13,0,0,4,1647,454.26
2098,284c7a38a87ec423179fbd6ed30e801a1eeb9388,1,2,0,0,50,14,0,9,422,134.28
2099,4c797e7ba95360e0b09ae0d256fa6ae91de8f853,0,2,0,0,50,0,0,13,538,127.12
2100,38a046ea3caf838c1d0e55fe1da5e6a0ecc0a2f1,0,1,0,0,121,0,0,0,0,141.61
2101,1c90f10c7f2035f2c169cf61bc1a8f2183b2d46a,0,1,0,0,6,0,0,0,85,27.6
2102,58dfa28fef3ac6c45dee63c4676ef06300e1e627,0,1,0,0,5,1,0,5,23,28.05
2103,ecd5fcf0d46a5d059a9cf6c764b106ad3c4c1545,0,1,0,0,0,3,0,7,343,57.34
2104,d0de0986254dc76619b30444c66b51257f6c195b,0,1,0,0,2,0,0,1,77,30.16
2105,0e152ad9e23592c643a2dc3a576b83ac9e2832d9,3,6,0,0,32,0,0,0,1680,411.83
2106,d53ddeb1426826426de6b2ca07d6619bb33b4bf1,0,1,0,0,0,0,0,0,456,84.16
2107,f5105f50850f8c107bce27a51ae94009f13abc45,5,4,1,0,2,245,0,0,1549,482.82
2108,2eec39fa48f24f6ca3a075f47fcdf4aa4a8811c9,0,1,0,0,1,0,0,0,121,29.92
2109,c2af155e3580a66d840534344f226c4a83bc2f33,0,4,0,0,10,1,0,14,3783,615.98
2110,27096be10a9d998cac88f6dc6687da61b445ac90,1,0,0,0,0,0,0,0,0,21.42
2111,df360dccde85cc2afcf47578a77d78b519ae79c0,1,19,0,2,30,0,0,8,2980,616.49
2112,cca758c679c131327310c1a2b374ff9922beedd6,1,11,0,0,64,36,0,30,2717,809.11
2113,48bdcd353b4ee970c36e0d1cf4f10d9542d7d693,0,6,0,0,0,0,0,0,1037,220.7
2114,1c5e23f215612ad3c3e30b27bff5369af0e8daf7,0,1,0,0,1,0,0,1,62,25.86
2115,0c02bd374a58083a9becc7aa04bf355c25edaeae,0,1,0,0,0,0,0,0,563,106.0
2116,6f00842284f9ac31e6cb527b40bfba89f5467ccb,0,3,0,0,84,7,0,25,637,160.24
2117,ee55d1e74445f403ce06c0a5457265c1b2544172,0,1,0,0,0,0,0,0,182,41.0
2118,7ede7e9b3990de1c9ea535d2d138c0b254585b61,1,6,0,0,8,45,0,15,1104,277.6
2119,581af1b086b65f89f402b4bcb42773880f3e3137,0,4,0,0,88,2,0,17,1956,379.84
2120,2bcc605a3ff7efb6899333621ddf6c57357129a3,13,11,0,1,65,21,0,1,2587,1013.51
2121,cc93cb0298127fe500136fff0a540119eb75c2a8,1,8,0,0,8,47,0,1,1571,364.2
2122,6b74d558366e6eb2602b7d37fc3a96fb86abf967,0,1,0,0,1,0,0,0,182,45.16
2123,96bb587e8aa0448af368351148e00d6df7b1fd96,0,1,0,0,0,0,0,0,472,80.21
2124,2d25412df71f3a807eb5c90eccaa3f4a156e09d7,2,9,0,0,254,142,0,13,1811,504.72
2125,5ccadb10ba8747eaab87b03bf97c47afedebbf4b,0,5,0,0,65,3,0,16,2093,411.7
2126,385c3e9b69da1e57407d51cee13ef0decabed9b2,1,0,0,0,0,0,0,0,0,18.55
2127,a1ede0c560cc377630789718139c92281a4519d1,0,1,0,0,0,0,0,0,573,94.44
2128,82802e878899e4e2df7bf9459e9d05ff43b300c8,0,1,0,0,0,0,0,0,183,39.9
2129,8400452afd636cefcf722e58561a93ed713ff65e,0,1,0,0,0,0,0,0,159,33.39
2130,f812cfb29e3bbba479083059f20d2f3d5007b4a9,0,1,0,0,0,0,0,0,79,27.84
2131,53e7f73ab9197cfb3f9939b5c2b60c1b4402291b,0,1,0,0,2,1,0,0,32,22.32
2132,cbb6aac2a7ee941bdaa87b7f9b141e875f4568f8,0,1,0,0,4,0,0,0,708,149.07
2133,5a7215a4518a6898e570553f3dc2bd2e086be677,1,2,0,1,7,0,0,2,79,100.02
2134,7cac21df9c23a49776b040b53b8ef6712c80fa08,0,2,0,0,5,2,0,4,103,50.44
2135,16171a123293f2a8679cd049e2112280f7b1ef20,1,4,0,0,62,0,0,8,217,120.14
2136,48560e089c3a6ed25ae12d068d6ab8f0a90c40f2,2,3,0,0,13,0,0,3,1693,322.75
2137,954b292bbfcf844d3a43498caf57755dcfb78bb2,4,4,0,1,20,4,0,3,1750,416.81
2138,187db8e6245a6500df61e591b1c2a233a7c28a48,0,1,0,0,3,0,0,14,117,40.05
2139,be00c74833a49b6fee06d0b5bc14e24ce50f7bb0,0,2,0,0,11,0,0,2,748,167.26
2140,67e634f50ac50376c21a09147170a7bbdc9077dc,0,1,0,0,0,3,0,13,117,145.38
2141,9f5580eba2d4121287fbf823c8f49e68cda33c66,0,1,0,0,3,0,0,14,117,36.53
2142,261fcbdd8706c955dce52501ad915cf0419cf389,0,2,0,0,0,10,0,2,749,142.46
2143,b89393caf215b6c10e0d6163dd960a4c2c9ef711,0,2,0,0,11,0,0,2,749,150.22
2144,547e9a60a1af45217693662e6b246644f3bca224,0,1,0,0,23,0,0,1,206,78.85
2145,9a66fe79df826ba787ce85df6393d2794c460576,0,1,0,0,4,0,0,7,67,33.15
2146,6fbc5260afcccb813914f37047228c67a8dfe885,0,1,0,0,7,0,0,0,92,36.41
2147,0aa92ed25df502b010a144837844d585d0e23368,0,2,0,0,3,0,0,1,549,94.56
2148,5af490cb6bed065dee0d0e8c2984f2090919fcdf,0,1,0,0,2,0,0,10,719,130.75
2149,fa5f75ab0e799f839b8eacc8615f7142b9254110,1,9,0,0,40,13,0,20,2393,519.82
2150,077efb37ef48b0bde9c889b6d12f0553533dd181,0,3,0,0,11,0,0,6,181,68.46
2151,58e75dd65c2c452a993bdb3986247f401f722bab,0,1,0,0,1,1,0,0,10,17.7
2152,7994ce3ea9d7d6231c974d755a0b36ffb04f4308,0,2,0,0,1,0,0,0,363,76.59
2153,8efece3ba55a5b8d42fe76aa1a331025c50ad966,0,1,0,0,11,3,0,0,19,28.26
2154,d0e61e30f1c6b8b3a5f4b6e1e283ec61f7b6afca,0,1,26,0,0,0,0,0,242,110.69
2155,ab61758985aef92382e1a781fec229891ba473dc,0,1,0,1,0,1,0,0,58,61.41
2156,5661aada9b604670a3de8c9804584e9187aeb18b,0,9,0,0,107,8,0,41,2745,545.53
2157,73661b9b5ede273dfc8e05db1b161ae1a5d6d670,0,1,0,0,14,0,0,4,23,25.83
2158,76de714e2be8cf69c729d31595468be931c2331b,0,4,0,0,96,56,0,0,2013,377.41
2159,036404ac887d7f90e868942175eef11983b7932e,0,1,0,0,0,0,0,0,0,16.72
2160,1193bc1df0705adf5c410d66df0d4002caacea25,0,7,0,0,175,5,0,68,2015,563.94
2161,9a54fc8a4f5bab2367a365b32731420fe7b7b300,1,0,0,0,0,0,0,0,0,19.6
2162,053493a967700f80752b2a98702a674da4165860,0,9,0,0,5,0,0,1,2854,547.26
2163,9f0a3193d80368a47aa0eef973a1177a070fb4f0,1,9,0,0,94,7,0,41,2852,566.93
2164,3aca4bab246a0dc1a548917b772d0c8bcb4124f8,0,9,1,0,7,94,0,33,2852,537.37
2165,221f017b43ce785fdd3af681a9fbf58812ec51f8,1,17,0,0,107,4,0,55,4604,963.78
2166,76b123052effa7917be714e661630497e41aedd6,0,2,0,0,3,0,0,7,365,87.4
2167,34f318b62584e41a275d78aab406b2a46e7e9d90,0,4,0,0,52,38,0,22,777,180.4
2168,b043d603175ffd887540bd8becd45d947a9ef3c8,1,0,0,0,0,0,0,0,0,46.92
2169,b723bc4d4de2da504977bab8bb2c05976a3f2e47,0,7,0,0,40,3,0,10,1940,372.98
2170,1145bc1471dd6a4b5e86d93a34936e90ef1923a5,1,1,0,0,0,1,0,22,1359,250.47
2171,75bce302e28e7349e7d4842476320513c065e429,0,1,0,0,1,0,0,2,120,61.96
2172,9ae2f239bc7669cca7948ebf1066660dfe6a0c88,0,2,0,0,5,28,0,1,60,44.47
2173,743d846b9e1802bd4f020adf9f180b4cde2ab761,3,0,0,0,0,0,0,0,0,56.83
2174,699e15b7a1f3db728971c809fb37c250fe448824,3,4,0,0,0,225,0,0,554,182.04
2175,eaa40e323e868bd51b35e5ead0f1f9cc250495d8,2,9,0,3,57,3,0,29,887,335.26
2176,c9efe7d49569bba0b0960e027d3c06f7dcf232ed,1,2,0,0,25,33,0,4,149,74.6
2177,bcd48464203608c979c8a1f6bf3883cf62769812,0,2,0,0,13,6,0,1,526,161.4
2178,340a3c475c5e079ba20206357c9b8f469d20f12f,0,1,0,0,20,0,0,25,497,93.72
2179,71e8db15fb9d31c751221b03b469da6b3e01dc99,3,0,0,0,0,0,0,0,0,82.48
2180,3bda78ec61b25f49f676e1418472694aa060e1f8,0,4,0,0,52,19,0,0,428,230.36
2181,bf5a6641bfc5416e61384143915a1522169f212e,0,2,0,0,0,0,0,0,52,26.14
2182,a902f9ab1cbb7ca0993db6a0639f28d0d40fbcfc,0,2,0,1,36,1,0,0,150,100.79
2183,1df9e04262ffa53e85a19964b22d1bc93fab1b4b,0,5,0,0,76,13,0,34,986,235.91
2184,4a448e4d742f4d78506780a56cf7481e75365bff,3,5,0,0,94,64,0,7,2379,526.94
2185,a76a708a20c0c9b56d8c49bfdd68a693bc9dd3c4,0,8,0,0,57,22,0,20,663,186.1
2186,692207c3683b9f01ca360d86df4c9131b56999dc,1,5,0,0,14,8,0,10,806,202.12
2187,f23110b987ef03235784a3ace5c015704689a482,0,2,0,1,0,0,0,2,224,62.14
2188,067b987b3c830776774a72655f99cc293df7c130,0,2,0,0,1,0,0,0,224,44.87
2189,848748b1aea396ec6e29d41ece36195056df5cb9,0,1,0,0,4,5,0,2,63,30.54
2190,eca8e0a8f67e5cda9aac82605ef6c1d2d0d9b49a,0,1,0,0,2,0,0,4,59,25.19
2191,7901848a9abf2d108ace520bd471b35e25fb3de1,0,2,0,0,81,27,0,9,540,133.09
2192,18926f9fed50d4377f62010345e2270fce0cc9fd,0,1,0,0,0,0,0,0,541,81.68
2193,357320de56ee4852e639e44b9307dd72f498fbe3,1,0,0,0,0,0,0,0,0,42.42
2194,8948204c47d66b0ef1d3e3bc9834d1a44e47dca5,0,1,0,0,0,0,0,0,541,82.22
2195,db102ed307e11467d2bc63379e482dbb700a046e,0,8,0,0,5,0,0,3,1458,258.58
2196,879ab1b8fbbf26104184fb2d707b53fcff894df3,0,2,0,0,6,0,0,1,923,203.5
2197,65713767170f420e8cc7138833c0facc353abb92,0,2,0,0,17,27,0,0,1448,290.78
2198,900a9124c4efab8b47cdadae7cac93e99605cc8e,0,5,0,0,4,0,0,1,1026,196.32
2199,6a7e3c3b8b0d13fc48d8d787cd01eb1e437475da,0,2,0,1,36,0,0,1,117,71.75
2200,9da4ab25b7d247e2077f086f1274f0cf63a128dd,0,2,0,1,0,0,0,0,80,155.09
2201,b86f8dff1943bd56a27b6bc97def3d776357ee85,0,1,0,0,0,0,0,0,0,17.01
2202,f70dd57e1ebee1a4a3251a7c0378789c394843fa,0,21,0,2,45,3,0,3,4260,839.91
2203,cc3e3c0bc81fbd0a556be9eafd4b01c5a1a055e8,0,1,0,0,6,0,0,4,104,33.69
2204,034215f247f4da26ca691ea901eee7a4e93bc4d1,0,1,0,0,4,0,0,0,377,85.15
2205,aa6d6c7a9ee9d996ee984b13e288e5eb30102f7c,0,1,0,0,2,0,0,0,381,78.33
2206,cadd288c29062b8885486f6b337010ab8af21a9d,0,2,0,0,2,0,0,0,18,22.89
2207,e2884211ed7eb42f02f02dbe5821038fbe8c73c0,0,1,0,0,0,0,0,0,13,12.95
2208,e1244033bf77099ec688f54a93ef82a0d3d2889e,0,2,0,0,18,11,0,0,520,95.93
2209,7f0c31e55f3250598a5d3c2caeea8326411f3d36,0,1,0,0,1,0,0,0,326,86.13
2210,bcaecda3711d0f37d7793cf118da925fa18cb37c,0,1,0,0,1,0,0,2,582,108.0
2211,7e6a6538b4ef1a15214d9d51837ac025553e637b,0,6,0,0,16,9,0,19,2145,401.66
2212,76ba002ef708d2f9f80c044e516b13b0c11319e5,0,7,0,0,0,2,0,0,2577,444.53
2213,08d56e35e47f568a5e4b4a43d3530afb0756c25e,0,1,0,0,0,0,0,0,16,14.61
2214,9ab414f1dcbcb64dcb9b0b4a020ff397b0072f47,0,1,0,0,0,0,0,0,21,14.52
2215,2fd0a26de97b8e58ac3887d6555ea0276331a0e7,1,0,0,0,0,0,0,0,0,50.04
2216,a6249ee3b4251f5416217269c80e201057fbda88,0,1,0,0,3,0,0,0,67,27.38
2217,1bd5e4032c9cda7ffc3637f988d1a353b5abc001,0,1,0,0,0,0,0,0,126,28.0
2218,da5f1baa39f0e6dd24942633d6c2e82adeefb097,0,1,0,0,6,0,0,7,481,78.34
2219,abed8ff130b8f83e1493d4971b21c5c489abfadb,0,7,0,0,36,3,0,23,1067,254.59
2220,a170f9ee4e77bc94ed51ff2d143422e27dc1bc01,3,3,0,0,49,16,0,2,1226,341.34
2221,2345d9298eddc68eb9ff499dc1bdd0e4a06f847f,0,2,0,0,1,2,0,2,154,63.46
2222,97e337f3309dd4d41753a2419ab97a667765ddda,0,6,0,0,16,49,0,2,1226,228.6
2223,8c94f9f825eb39d820674f9989134314d4855081,0,1,0,0,1,0,0,2,82,28.34
2224,06484db57512f3f5d86271374de33be459b6459d,0,1,0,0,0,0,0,0,1204,191.24
2225,b0de0129aea864d05b75904a63f4918b5f52d7d9,0,1,0,0,1,0,0,0,185,45.75
2226,86cd2faa0030a3c2734b045878cd8aeee34fe715,0,1,0,0,0,0,0,0,186,38.47
2227,74e7091ab3f29deaeb74c26b4968dd1282556e96,4,5,0,0,223,0,0,94,2598,653.74
2228,d607687eb10ff9d758971be746fb444d53221dba,0,5,4,0,0,223,0,6,2598,415.65
2229,62e8b5d61d9160fc525da0d32f554c01c343d3f1,0,3,0,2,785,4,0,7,14525,6935.48
2230,b263f75423d4d13bb07c4c501b0db8754caa5be7,0,1,0,0,0,0,0,0,186,42.79
2231,581421a6b2e3b2bd0c09276f604aec53e3910a42,4,5,0,0,223,0,0,94,2598,554.71
2232,9bfdd1d91c9d6de562e349f724b7c00bfe6a7dac,0,6,0,0,2,0,0,4,570,133.81
2233,7416d6015be0370e7ecb48b00999ea453de71cc3,0,15,0,1,61,19,0,66,3051,677.5
2234,29ecdaa84ea74556bd2b08d71827d2291cc1bef6,0,1,0,0,2,1,0,5,582,110.87
2235,2c988abf35a8fd757705b8bb910b256fabf532a0,0,6,0,0,49,16,0,2,1230,270.53
2236,aaa8c0e38e5adf7876d04c44bec127ac74fa9ca3,0,2,0,0,6,3,0,12,1044,201.46
2237,e2da35f66606582705b42a20e7df705f40e1869d,0,11,0,0,67,59,0,0,2299,421.12
2238,b2f62356685f34e56796fde6c0c0f97c1c1413c5,1,4,0,1,25,7,0,25,920,262.66
2239,3a7bda2cd1fdaaebe00130b34faf81c39f23e944,0,1,0,0,1,0,0,6,542,86.22
2240,2ce873e3d115e4afa5d16b8e0845f13c45071885,0,9,0,1,108,3,0,27,2706,781.29
2241,e960eab7907b3bc76ac87dc434229ad16e1b6fbf,1,0,0,0,0,0,0,0,0,33.9
2242,1d621be994165494c1d4bc4d670868d8e66669ef,2,14,0,1,65,32,0,62,2997,766.74
2243,43f173cf44127edc17061b09f0d10f7d5fd0a6da,2,4,0,0,36,2,0,29,1979,444.47
2244,ba809c3b2920e1226f2953dd7f81337245585ca7,0,7,0,0,6,3,0,4,959,203.03
2245,f40479ab6365e6cb2915081dd0dbb82ee9c144c5,1,8,5,1,66,78,0,6,590,379.01
2246,c80eaecce16c9a5c1f9dca56013c089bc1a27f7b,0,3,0,0,10,4,0,7,255,86.95
2247,39c0909e3e7e04792a2e6c648feba5664c49df54,0,2,0,0,16,0,0,6,148,50.99
2248,5bbed78d7311c2996694563df750e9b549d048dc,0,2,0,0,15,3,0,5,619,146.49
2249,d4a8c48add142794e65820a8086cee34675092e6,0,3,0,0,10,0,0,8,3829,663.97
2250,ea5ddc5ff7cef7cc05cdbbc9c48decdde63884e8,0,1,0,0,6,0,0,3,332,81.34
2251,6529cf3660967932901c46c61aa04a1abe35dd3a,1,5,0,0,26,5,0,4,714,255.02
2252,456e7fbb60aa7dd1aca122441dc4137fdca4b8f4,0,1,0,0,2,0,0,1,822,148.49
2253,1131ebe570d8fb0b8877a484e2186647d943b5a3,0,1,0,0,1,0,0,5,79,33.25
2254,1edf8b65e498032e6e5fab962ae2d23a769348d6,0,1,0,0,1,0,0,3,202,45.78
2255,ead9159ecd6b82b27dafce0ee3891d69444c1704,1,12,1,1,74,19,0,24,1854,531.05
2256,3d156a5a24699b3fd3c76863c99aaf79f7c865c2,0,1,0,0,2,0,0,2,50,27.08
2257,da04d73e70ca946529c5eac032fd8a068701400c,0,2,0,0,22,0,0,29,684,165.98
2258,82dd6f52352ce62ef868a5aa1712fd1c3ffd22d4,0,7,0,0,22,11,0,3,642,213.85
2259,e95a7409af175f72eabba3c0f0feba9832ddf0f3,0,1,0,0,3,0,0,2,328,80.35
2260,84adbe8b22262d100871619fc5a0689466f4489c,0,1,0,0,0,0,0,0,13,151.01
2261,251df1d35f8a5d6c10b05a102970ac8b69ac4a21,0,1,0,0,0,0,0,0,13,15.15
2262,3d50077db1a8923b6a9a2118d29f2ead72fbf528,1,4,0,0,57,17,0,24,1245,321.06
2263,ed7605b892fb8e111abd6fe5d464d092b65fe024,1,2,0,0,81,73,0,0,209,134.01
2264,202118d3b50778a48674abafcf1e60a3e4fda9b4,2,15,1,0,149,5,0,1,6624,1382.44
2265,bd5d2b2433b2a861613a787c88247aad79172066,2,4,2,0,14,5,0,1,483,203.01
2266,98bc9cc829a7c325628924a007baf9699699e604,0,1,0,0,34,0,0,0,291,72.16
2267,df9b82c082571b7dfca4380bffaa38f3fd058927,0,2,0,0,26,2,0,29,765,149.91
2268,69761be2c2c3d107fca613e36c91e30f690b2513,0,3,0,0,1,0,0,1,314,67.87
2269,fc5c533c593bf6f0347fc183ae04c0578829fd27,0,3,0,1,9,10,0,18,429,133.8
2270,8313263677421959c54df53f56cba949a73d4730,1,2,0,0,13,0,0,8,729,167.06
2271,4d776c28b9f24f6807453dfce2ea51233cb77a78,0,10,0,0,17,31,0,38,2146,493.19
2272,ef6a0f9db3af0d98efac767280d4205025d173c5,0,1,0,0,2,0,0,4,199,54.2
2273,8fa39597956b4290cb95f3b9b1c03a7e4a0d95fd,0,2,0,0,1,0,0,0,776,129.35
2274,03351581d05f135185ba6e487986f14667b25cbe,0,1,0,0,3,4,0,37,655,113.68
2275,712bf529b8d2ef4ac9229cb617846d92be031f34,1,0,0,0,0,0,0,0,0,21.0
2276,9e071332b28c0f346c74b83aac5f002a36254bdc,0,5,0,2,20,1,0,4,274,140.99
2277,a1a1b1b781b42e21d7c924f33c523ba49d2ab618,3,20,0,2,120,0,0,28,5697,1188.47
2278,dcb718d0c5d2f7d62f4b53a6939141c968a81dca,0,2,0,0,24,21,0,1,27,52.93
2279,e6c422defebdb55a30b7580620742ee94a18eb88,0,2,0,0,0,0,0,0,450,78.18
2280,8182ddaaef65f1b7c80e1ac1337aac61f00310ed,1,1,0,0,48,27,0,22,229,247.15
2281,a141ff2a7973b379f6b4d1aa9178f0750d6502fd,1,2,0,0,9,0,0,24,1734,331.41
2282,de797e923776da8d14fb465e1f6ff53411b2be6e,1,3,1,0,10,18,0,2,190,89.44
2283,94e43229377dfbe3cad7673a7306a0fe38cc20be,0,2,0,0,7,5,0,0,366,78.71
2284,0b65addae77bb739bd3179b5b664bd5cec0918b0,0,1,0,0,3,6,0,0,70,34.66
2285,25385fe1e2adb5bb4defd866756803932751f5de,0,2,0,0,48,59,0,4,1308,257.82
2286,c00dbf81396ad9ad9de0a6e736434b82dac5c75f,0,9,0,4,13,17,0,5,121,142.8
2287,4e279461571c8b2ced9c5a3682604570d7add17c,0,1,0,0,0,0,0,0,366,74.96
2288,53c69f2e9f09c81b26f0db9f85a6dab39594b1ff,0,1,0,1,38,0,0,12,129,99.74
2289,f9f3a148d96718fd25db0770c53214122fcfb2bf,1,20,0,0,142,12,0,37,5226,1345.05
2290,bd7ff8ece35ee2a5ee2194c9357c5c099bfc2c02,0,1,0,0,0,0,0,0,30,21.2
2291,e495e04c78a7b217e1bf05aacba7e0fdf4dae145,0,1,0,0,0,6,0,0,46,20.68
2292,9431c3b55ca22515d8996047a246fa1e21a9da66,0,17,0,1,267,100,0,32,2875,795.0
2293,a165e6cd5927cba3e77c50e5b7ce40b320f47b2f,0,1,0,0,0,0,0,0,15,12.19
2294,87d25b15cebf2241cdae87b3d122ce2def550142,0,1,0,0,2,0,0,3,37,23.43
2295,ed76ba8de348f69aa4a8691a44cec1b3d7337f9f,0,7,0,0,119,8,0,5,2738,521.46
2296,9570f3c90796cfe1b1dc487c3718a0caf71a82e3,1,13,0,0,2,14,0,12,4534,782.92
2297,770cc7d5d26a2e367f49202522e78e77798fca16,0,2,0,0,23,3,0,5,1587,282.14
2298,3f2ddc2b1700964567ee6ec6b42b2ff8e219e76b,0,1,0,0,1,0,0,0,392,82.8
2299,421ae8504cb11cdb98803b3e4f3d19dbae914759,2,9,0,1,185,223,0,30,2411,639.35
2300,bf0f06c569d36d7f423b7b8811daf64b9cc807b8,0,18,0,3,28,4,0,8,3281,784.87
2301,2e6de1360a6fe6c94cfff38e322a8b6224a1c4cc,0,1,0,0,2,0,0,1,381,86.45
2302,0e83d7445db057476a2ac3263ba61f9f540bfcae,0,2,0,0,4,0,0,0,576,125.5
2303,b5929431a5b59ae2b9485ab17aa2c6814e2f4848,0,1,0,0,0,0,0,0,333,59.87
2304,804e99e4d0539ee7f4a934094ce7d108c143c073,1,9,0,1,125,43,0,53,3335,677.88
2305,e99dc7fa831f4388990fbd4105ec7722c10a917a,0,1,0,0,0,1,0,2,95,28.28
2306,94d1cc12ab49c77e984f47c4660e91c2e6c754b1,0,1,0,0,2,0,0,18,1507,227.46
2307,45f44dc9ead9d7499fd9f9d3de35ca059daf08ca,0,5,0,1,1,1,0,0,1659,283.2
2308,bdd4b8d012d0a326537bc45b6e56b4c9d3b4ff0c,0,1,0,0,0,3,0,0,186,37.03
2309,8c6f8b4b96319b73e928cf8381b39215cf347650,0,12,0,1,57,26,0,95,2441,606.04
2310,2b021bce111e25dcd1b680e2535232ba446cfca0,0,1,0,0,6,0,0,70,237,59.18
2311,f4109e3a2886095766fb53b2e5496f87bba8b45a,0,1,0,0,0,0,0,0,147,37.71
2312,e32b161c8f7f806dba1aa65f955770c637a76417,2,6,0,0,144,75,0,17,3687,783.68
2313,f6ad8d264713855343ad081d49c3a98def9bfffe,0,1,0,0,0,0,0,0,333,61.05
2314,e29a6c1b3b1816b1450d45b22ce43b90e63f0708,0,5,0,1,28,0,0,10,1438,326.04
2315,9018d028e1e01db93ea0215ed03ef7ee628867c9,0,64,0,2,168,48,0,232,11287,2917.28
2316,a47b0b32938a1de6b0ef65816d81933b6c7d4c14,0,13,0,0,106,66,0,4,1406,358.78
2317,df053660bf3e93bd7fa902c9e3c75528d71fd58e,0,13,0,0,65,103,0,0,1409,346.78
2318,e34c7737929e616cc73e10a9009eabee69aadd16,0,1,0,0,1,0,0,1,57,32.86
2319,61735778e936e4275532235a8b2f061623537e7c,0,1,0,0,5,0,0,0,271,50.92
2320,d8516489fff829a80d00bd51b5f75ad05ecaa37a,0,5,0,0,2,25,0,18,1756,405.85
2321,1b70625b81a0e66510d9d1c0a8bb4ebcabf21d9e,0,3,0,0,61,1,0,14,821,223.77
2322,8742f64536e53929e2a11e481453a1850a0e7cd5,0,3,0,0,0,61,0,8,821,174.25
2323,e44d373842da7d16747e1eb13b6ede8f3e63ee18,0,1,0,0,5,7,0,0,326,66.6
2324,850bb134a6e0a6fc744e786be041f3b64d8d05ec,0,1,0,0,0,5,0,0,266,47.59
2325,08a9170236a20323c6627b30934c2cb66b4cfb2b,0,2,0,0,7,3,0,5,432,91.05
2326,930eb4975915906bb8e88c4376ad40954f67c806,0,1,0,0,0,0,0,0,44,16.8
2327,3fab67a8b51f7bea07d5162d73225c0b66f3cfa2,0,1,0,0,6,0,0,2,40,24.88
2328,061c22b302f0890ae2e47f0595a84c7fd2abd96b,6,4,0,0,134,8,0,20,1053,369.27
2329,87a157d9eb30938540cf84e2ce86fb8c62592531,0,1,0,1,0,0,0,0,149,130.41
2330,d6601d1d179b575ba88ed372d9e3241bf47a5855,0,1,0,0,0,9,0,0,649,103.36
2331,119ae0c4ac9de2b5279d151bd458ae8d9414c68d,0,3,0,0,61,0,0,13,821,247.92
2332,b44e09085c70b6c9e8f1a2e0f36662d4c5a2463e,0,7,0,0,82,9,0,79,2042,435.94
2333,a9992a53c459b48e1b8583d247f18839a238f14b,0,1,0,0,0,5,0,0,83,34.36
2334,92b57170e986e181c3781a5716f3a2a6acec4ebd,2,4,0,0,25,0,0,11,1549,362.29
2335,2ce1d7c97cef82af21d70bb6eacd9b9bb21696e8,0,2,0,0,18,1,0,18,1596,257.46
2336,c775d60de6056505471d49e5027668ed02717ccf,0,1,0,0,0,0,0,0,176,39.72
2337,b508f529984b87d2f58d12def05b889425ea38b3,0,1,0,0,0,2,0,14,532,118.8
2338,7d8d42d01bdfca946425cabf84dedecbf0d8602b,2,13,0,0,156,56,0,50,3161,683.38
2339,d54b1fdee720d8d79a1460ef344754509c7e70f4,0,10,0,0,108,71,0,3,4241,711.77
2340,78ebe94d05b29c84e01895460cdb10d2d3095857,0,5,0,0,53,49,0,35,3112,662.5
2341,076030550f14bbe03cc1a78fc54377b55e14f277,0,1,0,0,0,0,0,0,91,30.9
2342,373c98b0df9b58c6db30615e6cbed6db1e600f34,0,1,0,0,0,0,0,0,0,21.55
2343,04afdf96330744831e29896ff133abc60569fb01,0,4,0,0,41,0,0,11,1369,299.98
2344,274e7c27432377b9dca9f928d9b53920653a3fe4,0,2,0,0,47,8,0,22,216,82.14
2345,45a629cd76b3747f9999b3db7a71b4281ada5d37,0,9,0,1,73,30,0,1,1064,306.21
2346,4206b1e86097b6ba961e791ad3c9bb4b073d6ff9,0,1,0,0,0,0,0,0,649,104.92
2347,a51931de2d5eb50e86bc5f40affb6b50e6e1f787,0,1,0,0,3,0,0,12,219,60.22
2348,571e8f8520be236663536500d0e004a2d8b19f2c,0,10,0,2,25,25,0,0,954,308.34
2349,902cd7e192e72fdb412f7a6061fd776ff9d517dd,0,3,0,0,20,0,0,14,871,183.54
2350,62b5c047860202f809a645794a6cb26cf8f4ce5d,0,1,0,0,2,0,0,1,835,152.15
2351,9cdde5ab683f942143f362999ce736643f37cdc4,0,6,0,0,2,4,0,0,540,161.67
2352,7d23c9afb16e02c721281828d76d95c7314aab00,0,3,0,0,7,20,0,2,225,84.26
2353,1c9f356fca7352a8b7bc7608ced26d21d0bc9d45,0,2,0,0,12,0,0,14,1438,255.95
2354,548a74e9b416f147efaf6384c9a4676628d585f0,5,26,1,0,120,86,0,50,8190,1857.14
2355,dd9c07f1c9a591b870a9744733b0b44a98eb059d,0,1,0,0,0,0,0,0,591,106.65
2356,ed36c7cbdae906b68fa649f5f261187ec9408c99,1,0,1,0,0,0,0,0,0,24.07
2357,48c16d1d6622d020d5f4adc24b3aa4e865dcfddf,0,1,0,0,11,0,0,12,169,49.2
2358,0ab2272833ebc0e7010d5af893c55562b5dfc216,0,1,0,0,0,1,0,0,167,58.73
2359,c9d5a838d05243ffb883cdd10b631b98272e266d,0,2,0,0,6,8,0,2,132,57.06
2360,3039d610149aa9a633141bf41abcbd1923dcdff8,0,1,0,0,0,0,0,0,298,171.66
2361,a9253a71045359d00b22debfc3ccc9fdd8555a8f,0,5,0,1,50,5,0,17,1099,247.13
2362,d116edef936bb1ca5fd194296f16ebfc71597e9f,0,14,0,0,107,3,0,90,4129,862.38
2363,619d1a327ef7a364a994b64cc501fa7f406694fe,0,3,0,0,10,3,0,17,1037,199.5
2364,1e6844043137fcbba7dc24332c6d5b95964e7afc,0,15,0,0,28,12,0,56,3753,703.42
2365,e7fb30c371261d0c10ebb85cf7c07f39305371c4,1,9,1,0,1,1,0,0,4776,874.16
2366,b5f5e2aeeb93b30710fe3633139612df665fd461,0,2,0,0,7,0,0,19,1314,222.73
2367,a2de91f85b57eaa9f7c40910d24b9574e1ad0af3,0,1,0,1,0,0,0,0,84,55.43
2368,c42e7e1028446ab1f8780dcfc291faf59a0d878e,0,2,0,0,15,0,0,9,653,149.23
2369,eba8dab3ec63b570970dfda7bac8a3b806c3f9e9,0,4,0,0,12,29,0,0,353,92.54
2370,ef6ba2db033f7eea4eebbf05ff861c522c26bea2,0,1,0,0,1,0,0,0,605,116.3
2371,d47fd50da1ec451b4b2804227edcd66e6d3a6c3b,0,1,0,0,1,0,0,0,10,17.48
2372,35981f50f90354f9eb1dc30143348276af765265,0,1,0,0,1,0,0,0,606,127.03
2373,46b1b65cc7fdd1a3ed8402bd9c73190a479a69bb,1,4,0,0,39,1,0,15,904,244.8
2374,7a8c36be23e61dac80c319fee2599d4d301ea4ce,6,20,0,1,164,21,0,38,3522,1099.46
2375,bba38d9a5f7587ebea374552b03e08fcd7f9480d,0,1,0,0,0,0,0,0,90,30.93
2376,23532b3538c2161f9594442ba5001dd1414d4ed7,0,13,0,1,71,23,0,30,3923,774.51
2377,4a2bea25be9db0a3d823f4934076f92cc678a2e9,0,8,0,0,82,9,0,53,2641,567.78
2378,9f7557729cafafcf71aa7a6f0f7ee54013f7c624,0,1,0,0,6,0,0,0,107,54.79
2379,8cc1870f6fad5e23b40a280d8e01fb9296c01ef1,0,1,0,0,0,0,0,0,101,32.76
2380,2229f7e01606b1f44365333d44689873386f4796,0,1,0,0,0,0,0,0,101,140.99
2381,a5c87acadde8007dd81bfd4656465ced75345c09,0,1,0,0,2,0,0,0,87,35.15
2382,351e75629f32091ce3fa8965739e35fc1aeeaa9f,0,2,0,0,44,0,0,8,2835,532.71
2383,10407c9a165535fd1e585d2a5a7738e49823db06,0,2,0,1,19,0,0,13,64,71.08
2384,b57d5dfd4bd65e85fd24108911a10522db1f7efd,0,1,0,1,3,0,0,1,113,74.44
2385,0d73a879b39be5bd9b0271b189e92e48197afe13,0,2,0,0,48,1,0,16,707,180.26
2386,a01617ba9090a6f5e45838ff5e33583975b0c814,1,1,0,0,1,0,0,0,411,126.55
2387,2fb8275da04d90d13e18c31e48d3db0792238be2,0,1,0,0,0,0,0,0,418,78.18
2388,054c0a24180c2c20c35d0d908432bcee32487641,0,3,0,0,33,6,0,13,2201,363.94
2389,8d056194e11076f0da84e62f63f86d2abcbcbb60,0,9,0,0,11,1,0,8,3149,579.36
2390,5392c55cf657601bde937c60d9af78aa5fef078f,0,1,0,0,0,0,0,0,228,44.61
2391,3ba5e7b31817bf55b4a878411de4a6c21069bd99,0,1,0,0,2,0,0,0,444,73.98
2392,91a19bf59a45106bf7c7d2ed95e317722da836b5,3,4,0,1,92,18,0,29,1013,392.1
2393,f584f1226090b5091d5a054561aa6cc5461ce642,0,1,0,0,1,0,0,0,1332,205.85
2394,26a4ab4a157510572e77e914db6edd0cca79e60b,0,5,0,0,16,3,0,22,794,207.73
2395,b1159115a43bab01438c2204858d3cfca312c5f4,0,3,0,0,62,0,0,7,1432,286.04
2396,d88f53bced732bec70165724ecc348d375fba668,0,1,0,0,2,0,0,1,419,76.52
2397,228ebc64d853cca75f7071d1d53bbeaca3da4b03,0,1,0,0,4,0,0,0,62,49.24
2398,8db322ebdd5431f372aaec65b2d8065afe9b205e,0,9,0,0,16,1,0,5,2910,523.84
2399,54e463f5198425bae3bed784882d7f481bc43d2b,0,7,0,0,55,48,0,2,2495,480.4
2400,50de126b79a71aeb8ba36f69c497d44e1eab8856,1,4,0,0,20,0,0,5,2385,535.59
2401,31468fa7ac0e9b12b26f119a7b9e53d62717a849,0,1,0,1,1,0,0,0,265,147.75
2402,5a0f0313b9a4d80be9e968e769da2ef07b80b69d,0,1,0,0,7,0,0,2,133,39.64
2403,d9f39151c5aed63e55758d284d214ba281f8248f,1,1,0,0,15,0,0,3,654,145.93
2404,b955fa6c3263e1d5678b2668048f8c5dde083b45,0,4,0,0,91,3,0,2,1629,370.46
2405,7ba1306e5b7d478f54e7d7482677472744d5a732,0,18,0,0,66,1,0,4,3544,919.82
2406,806ccf03dd3ea1651f86d956a4f32ee63c8e07af,0,8,0,0,2,1,0,0,794,195.48
2407,e1bfdf16a4ef4a0a0b8553a6502b1c5f0a37f804,0,1,0,0,24,0,0,5,393,140.39
2408,cb4320232d0a0b57b6f0e78bc9eaa72ab375c7a7,1,3,0,0,17,5,0,24,1138,283.22
2409,1f176022feca9f7b898ec6792185b7d284bb7497,0,4,0,0,38,26,0,5,431,144.34
2410,dc104e7669d390a98f7b69f34d375bf5e7048721,0,1,0,0,2,0,0,0,164,36.12
2411,bb7f82ac7162cdecce0805b4d5793d6d917f8849,0,2,0,0,4,0,0,4,344,80.0
2412,7a36cab817ccfd01d2413bb3aca682848fed5e65,0,2,0,0,15,0,0,47,486,122.29
2413,1f12fbf6d32689776cf8486d5ccd9656e2da7cf7,0,1,0,0,3,2,0,6,419,95.22
2414,e167c8ab2890d76bc12314559119880ac1bc7284,1,4,0,0,51,20,0,1,330,169.96
2415,abf897ad42ef106af807ae35111c14b665bcbc6f,0,3,0,0,23,3,0,13,1696,293.02
2416,2704cd8a570c6b448ef7c211d6427c4c22dbb35b,0,1,0,0,8,2,0,7,453,90.94
2417,69b505b4da33d1516e634f09d4f10b7ec21b2bfb,0,1,0,0,0,0,0,0,0,22.39
2418,d855d71ba8fb7f2096f0932f589138fc3a500a59,0,4,0,0,74,1,0,24,1459,388.31
2419,2261fc23c97e596be917253bbaa9afdf9a0c8c6a,0,1,0,0,0,0,0,0,683,101.82
2420,a443b9f338c8eaba4158b1daff1e8f334d7d3ef1,0,1,0,0,0,0,0,0,203,160.56
2421,756aa7ff16eddde2cad2b495d6a1918d6e349200,0,1,0,0,0,0,0,0,0,16.66
2422,c7c688679acae49261fd6105bfa579067b2d149b,0,1,0,0,1,0,0,2,1631,235.47
2423,f4f2d4cf0159605b633c29e549bc362af47538c8,2,0,0,0,0,0,0,0,0,68.5
2424,4b8eb16ea95488916ccc5c0718e931e1403b83cf,0,1,0,0,0,2,0,3,459,91.71
2425,34dc2a4b6641b553ac8c7ebe5d86f8a946fe1f54,0,3,0,0,34,1,0,6,2971,456.86
2426,1b1725188ef4218dad4adbb22c6d6bd61ad44588,0,37,0,0,207,50,0,30,4562,1330.68
2427,4de54f355289e4c15f057df5b27b956515a214b8,0,4,0,0,11,0,0,8,2075,436.48
2428,69b7530f60058d990a60f6573570b16ed2c09f1f,0,6,0,1,2,0,0,0,1125,247.41
2429,cd0c4cffa9629fe31eabedd90b37bbb90481209f,1,16,0,0,48,38,0,8,1590,478.29
2430,9ed28b472ce07a9de7ada7353ae25d7e9fe471fb,0,1,0,0,0,1,0,0,29,20.24
2431,bade2361c94af408a22dfb86227ce391a18545f3,0,3,0,0,3,10,0,12,972,193.82
2432,6b60585fef3734b16fcad4c781d019f64c52e8ea,0,7,0,0,11,3,0,9,732,231.2
2433,32490bddcebadf8713bac8b1a06b26cc8a3807b2,0,6,0,0,17,0,0,11,574,197.51
2434,5166afddc5b93bbac5ec7f0ab4ed978471a69046,14,1,0,0,27,0,0,0,282,398.83
2435,7e095fa615f62777fad8ca84c4b56b2f1baf3cc6,0,17,0,0,31,15,0,59,4695,1037.83
2436,15d9af3d42b3fcd6b05c5d1729e3d2b06f88c9c6,0,13,0,0,23,15,0,12,4524,1029.06
2437,d9c8e9954a2c2335cc13c0d4911659d795c51187,0,2,0,0,11,4,0,15,1963,314.72
2438,818adb795b2c063578043dc6c2dfd4506afd2b6b,0,1,0,0,0,0,0,0,418,75.41
2439,a46959a370d0ef056f6c37448d45eff221eee39c,0,3,0,1,9,0,0,2,552,151.6
2440,1f8021eca9c644da922c814ab4c1cb281069a5a6,0,14,0,0,5,0,0,3,4586,1117.97
2441,86a38301759f54658bc76739f921cef1799f77fa,0,1,0,0,0,1,0,0,180,44.82
2442,48ccb28e81d0608e3b13c4dce0cace5a8707d3bf,0,1,0,0,0,0,0,0,180,39.76
2443,2062ea1d004172684a625790c85a459e1ffe3559,0,3,0,0,15,3,0,27,3093,608.22
2444,1222383f1d89688f2eed7d48b02c7a05b59f4ca9,0,2,0,0,3,0,0,2,248,67.64
2445,77e16e80279de8b9f80ca6a3a667fa6fdf6514b3,0,1,0,0,4,0,0,2,62,45.01
2446,8fe40ce0e9c7eeab071050b8c6b10f3189c28100,0,2,0,0,7,3,0,11,1699,285.71
2447,9a0eb6f0c2a407aad3e2e966e0b44a584fb68b9a,0,2,0,0,10,0,0,0,253,98.64
2448,82e376b3ea93cf0e78989aebd57a6bc6300d3b88,0,5,0,0,24,0,0,23,4320,728.01
2449,cd508de041ce99352bec1eae0bf531c07ef669f4,0,1,0,0,0,0,0,0,1658,245.38
2450,f000c951c6fe607169fccf709962cf134b81d9d9,0,1,0,0,3,0,0,29,491,86.93
2451,04dd71214ab6b286619e6dcedbde222dedc47603,0,0,0,0,0,0,0,0,0,61.1
2452,c5b874fff019bbf123eca37505c7df0e0e6f2617,0,1,0,0,0,0,0,0,494,75.41
2453,df77a4b0b35fe443fa77a91cf2a68eb1b50cae24,0,2,0,0,23,0,0,17,671,127.99
2454,30f5a95a6ac16108d28677048892596f65da9535,0,1,0,0,0,0,0,0,494,81.39
2455,72c1f6c8c75091f2fa09cd0665b34462c6e986a3,0,2,0,0,36,0,0,6,625,136.63
2456,fa979ebab265e56f82081e811c0b203f589b893c,0,2,0,0,0,36,0,4,625,107.02
2457,6c97552ee1f6bc3efed7bb89facdce94da6ec461,0,2,0,0,36,0,0,6,625,123.81
2458,7569cea558f3804045d28bd73fb8b316cf8affc7,0,2,0,0,0,36,0,4,625,121.06
2459,0c9fad8f6b94407c44337baaac4b115e9a5950ae,1,2,0,0,7,0,0,5,1843,315.43
2460,cd47ea0562aec9b1b630f500c07560242932a62d,19,39,0,1,493,163,0,66,8375,3158.3
2461,73e8383359c9a1f7e34fa00ccdd6a5015ad832f5,3,0,0,0,0,0,0,0,0,145.25
2462,499d11b741a9d553432506dd1195b70481177151,0,5,0,0,6,4,0,5,99,79.7
2463,300f900354872fcaf29410054d2fa49067ff3319,0,39,22,0,163,489,0,67,8379,2060.06
2464,2fe6ab663c08236e9e660fd7a359728417a81570,0,21,0,0,19,6,0,11,3516,767.6
2465,c8ddab6962f49061d5de86d463cebfb962d3a510,1,0,0,0,0,0,0,0,0,34.36
2466,2dcc010d36ca63a3e626e8e6dd287295d11a84e5,0,2,0,0,58,6,0,8,350,89.65
2467,a2471aa2559ad524aaf89fd7c4c9b0152fcdd33f,1,1,0,0,11,3,0,2,605,125.46
2468,10e6defda5ac67a0a360247f4be78bd6c162692e,0,1,0,0,1,0,0,0,349,58.5
2469,d499eedb3c7ebd3f203e4266f6df46bbcc7000d0,0,2,0,0,16,3,0,0,541,135.06
2470,497b4e781d23565824b334928b39ac1ec2a82bd1,0,1,0,0,1,0,0,1,47,25.65
2471,50d332606d4c0655ae18a76d855943f177019f02,0,2,0,0,3,16,0,0,541,120.71
2472,453de3a66cc8eb91b0c6ed666f7aef0b54358677,0,1,0,0,7,0,0,0,860,165.72
2473,41e3540ab2fd696bb12cfaa5f5b7e89a4b2a2ad3,0,2,0,0,16,3,0,0,541,144.44
2474,c0c650043634e77eecaf15224c19f4868f415193,0,1,0,0,0,0,0,0,62,26.18
2475,49f35a7756467c682de172776b73f4d9c21ebafb,0,4,0,0,27,0,0,24,1719,325.82
2476,771022eed95849fda841fbb69110a8a826340a4f,0,1,0,0,0,0,0,0,187,37.82
2477,7624bcba266a9b0925137452921805db89b0f665,0,2,0,0,17,0,0,0,761,145.47
2478,492feb2a534828c9b7a1624d8e947c3e8f7f1bcc,0,6,0,0,60,1,0,44,1839,445.72
2479,45b7b8955bcfc43e8f949f78bdeadc3428146e19,0,6,0,0,1,7,0,3,1892,316.53
2480,d821f6fcfce45762ded6139dccca198dc182177d,0,2,0,0,4,0,0,3,796,253.35
2481,8c2a573d487d672c4b02fa50003522a8a9a0f088,0,2,0,0,6,0,0,3,1390,239.59
2482,94342eea889e71d9f42d9a9e0a46c4e43efd9132,1,19,0,2,145,211,0,48,3080,891.46
2483,15c62ed21a28a1ed8d2aa36d52ecf0555b7777e2,0,3,0,0,41,10,0,10,460,147.87
2484,97579d40197fd37b7b8600339238d69d288cde25,0,1,0,0,2,4,0,1,189,57.1
2485,39a1e07ce4969ba700d0a2672711483157e435c3,0,2,0,0,12,1,0,4,663,135.34
2486,5ad571ab6cd849438bf6d438e6ceb5eb46243bbe,0,4,0,0,63,0,0,0,348,163.16
2487,f90f4971bd6cde5c956d8dcb8a467b970a4d3712,0,4,0,0,57,0,0,27,2376,440.09
2488,8d07130c67e0ac5e18608ee0586f547147fb9de8,0,2,0,0,0,0,0,0,1,27.26
2489,0876497eb9d165f9f179a6ac9585b25d30740239,0,1,0,0,4,0,0,2,65,34.76
2490,a9c183ff987a9014de99fe7b5dc3f59b9a235cfc,0,3,0,0,117,58,0,57,747,219.41
2491,174248a26f480765e3a937656e146333bc1313b0,0,18,0,0,66,1,0,21,6901,1302.5
2492,916b3a166ced3ee147655abdcfc54006d13bcd81,0,4,0,0,34,544,0,4,252,132.33
2493,01246cdc99a03deb6696a6f7c3cbaa796007bd4d,0,5,0,0,166,46,0,20,3857,823.71
2494,8ebcadd679d12a2724bb9b2eddeab0a696467bfc,0,1,0,0,13,11,0,3,77,48.72
2495,fc8d2fe64550f94482373e201bb41701b3bbcee4,0,1,0,0,1,0,0,12,902,159.4
2496,fbf165d34748ce7aaeae2a8ff53e4549fdcc40a1,0,1,0,0,28,6,0,17,488,117.78
2497,33313414295a90a661a438853ac18d48f39a0bc3,0,1,0,0,2,0,0,6,559,99.27
2498,35a60f187dcf7c7719d389398661a0416194fd64,0,1,0,0,1,0,0,2,95,40.37
2499,59b1b68d12446e02eb69a0c0c5b62fd8398b4ef0,0,2,0,0,0,0,0,0,1757,265.15
2500,f4872ddd1fa7fe90343ce8d84c30c09758555007,4,3,0,1,114,0,0,0,459,426.06
2501,f20083b193f17dbc41b6e7b49c0ea46d13a2010e,0,3,4,0,0,113,0,0,460,147.23
2502,07dbe903ded276d61fc64e225cb68c4e698a8ee3,0,7,0,0,44,4,0,0,3595,749.54
2503,36788d1cc258e56f48df68e706db36db53eb484b,0,1,0,0,3,0,0,21,1752,267.24
2504,e06a31d62b470e873c89a66e275aa2a9bfcf1bd8,0,5,0,0,117,84,0,15,1239,334.48
2505,b246e68435e8d86a2a12fb8fe6c5aa9d9896ff92,0,1,0,0,11,0,0,4,37,27.97
2506,457d51bec52e4b4783827a9a0b1eed9c031f20e2,0,2,0,0,0,0,0,0,721,116.75
2507,6bed2d07daf0ae310991c1c1340774f045410878,0,15,0,13,4794,2072,0,30,21224,7976.61
2508,8a6d0fbca1d0e5587e1f3bd1eeb186f789c0af24,0,3,0,0,7,0,0,4,1253,278.65
2509,4b4904a77cb1e4611105308119c56fa4a5a32121,4,4,0,0,22,0,0,5,730,272.69
2510,df4a9d4ad3ad7b3b530be92c8f5c5942aa8d0093,1,5,0,0,16,3,0,6,2132,384.41
2511,a2887a9bb7e532bd37a0e0ff103e31c3353cd3a6,0,4,0,0,2049,0,0,316,17793,4091.91
2512,802d7c86742dcdf49f955809a7d00bac9797cc4f,0,1,0,0,2,0,0,2,1402,206.47
2513,7ef8f6e307839e44486a8eafb0475d9f3f1684d4,0,8,0,2,43,4,0,5,1110,340.97
2514,34b24a2ab7c2a6ca1f5df169670449fdbca77c9e,0,1,0,0,2,0,0,0,68,30.18
2515,c6519ca4c72e51234a9e650d76ca404ed6d4081a,0,2,0,0,75,11,0,53,289,103.46
2516,af0612f8865f479a0c633ea0ff9592667ad5f99c,1,1,0,0,1,0,0,1,506,131.44
2517,8bb23aef171260022f49698ecbe2da89bd18cade,0,3,0,0,0,0,0,0,77,36.08
2518,23b135965f24968457ea8dcac2b27dc51722803a,1,1,1,0,0,0,0,0,51,57.86
2519,0e0394bc353fa5056b05c4722a839e1463658e82,0,5,0,0,64,1,0,22,3427,749.63
2520,b50714c04304a8e15fa9c43ed08ea456ddc41a14,1,3,0,0,143,26,0,15,603,369.49
2521,ce3bae033471a492c52cef7a660aa9c8f41dc6d3,0,1,0,0,5,0,0,9,313,62.79
2522,37735435ec9ae0b01083aad4f068c341c32776f9,0,1,0,0,16,0,0,8,102,36.16
2523,ac0fb8d5ae855e9d598e881225d4386d4c23deb9,0,2,0,0,14,5,0,2,721,137.59
2524,ca6c71acd3d1fecf9959539376bdb2e1cee987fe,0,3,0,2,81,0,0,0,628,304.86
2525,71682997f3bd3a3685ff0006633b2879688f99bd,3,1,0,0,37,0,0,36,274,137.45
2526,fe2a3d022b7a4655bda6c7491467ab11417718c7,0,7,0,6,0,0,0,0,801,368.5
2527,628e5cd9f26bc7f7924b4db0af02fadd47bbd815,0,2,0,0,10,0,0,20,548,133.89
2528,0a9ab797308bd724d773e3be774d1ce759ad5f2a,0,1,0,0,1,0,0,4,258,64.23
2529,aa7a5b29264263fdcc07a929073ef004584f61d3,0,1,0,0,23,0,0,15,903,161.0
2530,5994c5014382bb09d040c0f9e9e0aae13d025e8b,0,3,0,0,77,59,0,22,2789,503.43
2531,0caad4616e2c67cc21e50ec4d8efce89f3469006,0,1,0,0,0,0,0,0,1764,269.59
2532,0dd3c22706b7cd0db05edb9a8d45d05cab1797f8,0,1,0,0,0,0,0,0,1764,261.54
2533,9684065bec1c6afbd669cbcf8416130950b8fbf7,0,4,0,0,41,110,0,37,1196,316.64
2534,f1815cf54475d23e296bdde6461e4d2edbc64177,0,1,0,0,2,0,0,8,63,36.33
2535,588206f411b0281eb27f86b8eb9d0a3328fb5f67,0,2,0,0,109,1,0,4,1001,227.48
2536,145d25dfc2e2d1663392cbda007a3c07aea3a93e,0,8,0,0,90,2,0,43,2248,471.67
2537,953d89e3a93bfd9355b421e704cbab0894cf1a0e,0,2,0,0,7,0,0,7,146,56.42
2538,0f708f7370f47b739585b54cd19c8da241fe3f9e,0,6,0,0,0,0,0,0,1213,196.17
2539,c3575d2eb57ad08466c260748c1be0ea09468f98,0,3,0,0,28,2,0,5,985,234.41
2540,6a80cf5bf9cb75b4124b2918fd0bfaf77486ec15,0,1,0,0,6,0,0,3,269,212.62
2541,b77dca0c7fdeaf695c06bd156646171b1505f564,0,24,0,3,61,17,0,4,6270,1467.76
2542,a4a4e97338e763fdf990f5a23e0ce47e47834360,0,7,0,1,2,3,0,0,776,182.11
2543,398289ce6e1b7c331604864a6d1eae5147661431,0,4,0,0,18,0,0,0,808,191.41
2544,a01166ec92b57bdd81d1e5e9f24d8b0a2eade331,0,27,0,1,85,33,0,1,4200,1160.96
2545,ce71b8a1bca3fcf06cbeecc1b28cec82e12fb49b,2,0,0,0,0,0,0,0,0,72.76
2546,e531e2595c0f8104ec596d2c69aa95dc51583f3c,1,6,0,0,37,12,0,0,2152,457.69
2547,a54ec1b7cc55cd087cf84f3e7591b458c07bf48e,0,1,0,0,40,11,0,9,49,43.64
2548,d7050d3541df7d7e56c87ab5ea1f45bfd8bc8b49,6,3,0,0,28,0,0,72,2990,589.78
2549,5b61755b0fcd9b9c81901c1f4b25cb980f8af9d4,0,1,0,0,1,0,0,0,120,37.68
2550,c176d41582c50c95e335d35ed5afc3f4270d2760,0,1,0,0,2,0,0,0,176,35.93
2551,4ef6cb8bc94365ed57466411d4f499d4611f0b77,0,1,0,0,3,0,0,1,40,22.13
2552,ba56d88d6075d48094bbdd0a30348d494340a3aa,0,1,0,0,42,1,0,38,536,132.63
2553,8eab15acf5ff23d04c597d30ea653e8081891ee9,0,2,0,0,1,0,0,0,91,34.17
2554,324a2cfeb4ee7f85c53635d1bb068a2bd0780163,0,2,0,0,12,0,0,23,648,108.63
2555,9ffc74858916eaaf5220f08aa8768bb17cdc7363,0,1,0,0,8,2,0,2,273,84.44
2556,a2392c913e4de8b2ceeb8658b993b04d30e67f51,0,3,0,0,16,5,0,3,799,199.89
2557,0132176084cfa7b6ff881d2f58399462e39c32da,1,0,0,0,0,0,0,0,0,33.01
2558,ee6f0fb23121584f155cc6445a4e18754eefd6af,0,2,0,0,0,0,0,0,287,69.09
2559,88115f3d8b370efb2a405fda1831f4996972c91b,0,4,0,0,6,3,0,4,842,184.03
2560,723e8559e399a130bc7a5a589575f72e95de8e8f,0,3,0,0,23,0,0,0,2486,663.63
2561,e4f40224931fee8036f4a2d41a7e1a5d5750c2e4,0,1,0,0,0,1,0,0,471,85.68
2562,edc6696bc5a611a20fb1e713eb00b48d2cb7dd87,0,1,0,0,5,0,0,1,43,32.31
2563,990de61c9bc9c93b2ad254f9c93894e334c5266b,0,2,0,0,17,0,0,22,741,176.57
2564,c4426b5b797ae718180c8bb902a3c60850c4d6a2,2,1,0,0,80,0,0,3,1765,367.69
2565,7ce77fc5d3efb6170c8c177599f7fd8b03f14e66,0,5,0,0,32,6,0,4,2198,388.05
2566,5d9f98e09d39e8d84c8e54add0695eef84888b29,0,1,0,0,32,0,0,15,1851,278.14
2567,35a36c2c666f298deebdf2a36f32c1ca9984bfc3,1,3,0,0,12,2,0,7,803,183.36
2568,fc08d20ebd1a037c52a9378ae9f2a3fe4f5069a1,0,19,0,0,58,52,0,1,875,417.26
2569,7d34da889ebe863e06c6e47b1ca26e115cd64d25,0,2,0,0,27,5,0,23,746,146.95
2570,be78e3c4ee08dda7d14f31577ead5bd6fc12d197,0,8,0,1,48,0,0,9,3818,670.2
2571,05423b150bd609b1810c7dbc5173f8471d068bf7,1,8,0,0,39,11,0,41,3505,692.89
2572,2ec60a022e49fe2f28f699f5afa77fe6cff2d7eb,0,10,0,0,97,22,0,64,2938,646.62
2573,273804e658bf53e365bf35e3777d0abf55116286,9,8,0,1,68,0,0,36,1451,652.52
2574,458a3ff0924de06ea28682125902993f6ff478a4,0,11,0,0,4,0,0,8,3083,565.1
2575,1d24d71821f0163977a4d625263c9dcfaabe7bcb,0,10,1,0,45,4,0,27,2210,486.26
2576,6be64072e85dd0341560448c5c710411b46c8a70,4,19,0,14,280,157,0,61,2041,1166.86
2577,2f58da0489c7385d16733a380f6111935af01f4c,0,4,0,0,55,0,0,20,2462,524.58
2578,b4dccf91989551b0fbbf93175c8c41d22dd69c22,0,1,0,0,8,0,0,0,715,120.75
2579,ce36877d30efb21a6c62a72c47cf51b442576fda,6,1,2,0,89,166,0,6,1727,497.73
2580,865b14133b8a2ed985a774e39c6944ae9f1d1dee,0,2,0,0,3,0,0,0,664,249.84
2581,4ba5a9d29e71040f9175422a00624eaaceb3ea7b,0,11,0,3,75,0,0,51,506,281.33
2582,327e2d1f7438f6abfd1b82a65df6a003cd6df264,3,8,0,0,33,22,0,18,2514,565.59
2583,772ecdd23681a8c03989598b3bc2e7f86b3fa668,0,2,0,0,0,0,0,0,734,132.3
2584,6fb055da007c3d2346bfd867bc86924c6056489d,0,2,0,0,5,2,0,2,2034,308.32
2585,536ff218258177d923e8771b44fce2420dc4c9e5,6,0,0,0,0,0,0,0,0,108.49
2586,fa98df639ead80e1d374a134ceb289fa1189114e,1,1,0,0,2,0,0,0,229,65.04
2587,26b2950bc7a9b2c8fbc3dcc53d35485a1e3944ac,0,2,0,0,7,4,0,2,730,168.85
2588,358dc6e6e6fab5be429be33d140affea8d517c80,0,1,0,0,18,0,0,11,201,68.91
2589,5a9f595e7d1f7e23cc87e015562cde879ca5140b,2,7,0,1,27,77,0,12,3207,635.56
2590,1e6c2278831f4b8e19c4488091f7700a3ad90369,0,2,0,0,0,0,0,0,112,34.5
2591,53712ce495995803bdb4aed1e704b4fab160f14f,2,0,0,0,0,0,0,0,0,30.84
2592,accf8ee8621010ce76169a99ce0daee76469c0af,0,5,0,3,255,0,0,74,1503,706.37
2593,82670f81b88814e459b32862168d8b986fccdf44,0,2,0,0,5,0,0,0,150,77.67
2594,1692dde435cbe861f03d1199859228671976a628,0,1,0,1,0,0,0,0,320,154.02
2595,8ea1c8ddd6ad9f1663921871a4a1d5df75e5830d,9,9,0,0,239,78,0,33,2917,882.59
2596,080206de01833e7bdc049f9183b87eb593e71573,1,2,0,0,14,2,0,12,651,150.32
2597,3fd6997380a0e78f522a85d53f596ff73ed50991,0,4,0,0,7,0,0,0,928,191.54
2598,ef65dde6b3767f3c0e670d5357ff4a17c4f9d4e6,0,1,0,0,3,0,0,0,48,23.93
2599,67ded34626449c6adc8be9966c8108de95e70ac4,0,1,0,0,0,0,0,0,96,34.25
2600,89ea8af04f64dc3080bc345f540693da5d340803,0,1,0,0,0,1,0,3,26,153.34
2601,b291485220a7ec20ca17624a4993eba261ff86f2,0,1,0,0,29,21,0,20,325,72.42
2602,81482cebb82e1bc54234cbb3dc90bc57c3feba92,0,1,0,0,0,0,0,0,354,51.29
2603,277e246110bc94c18ac695420617ec6e6bcb4e8d,0,1,0,0,0,0,0,0,354,51.45
2604,8ecfa1087c269d7096d8482868fa28d02a274574,0,1,0,0,0,0,0,0,354,49.99
2605,06e70aa877d13eddb557abb5d035d80386032018,0,7,0,0,873,298,0,46,1592,570.4
2606,86f8282befd085dc07b43def62a3168666ed8852,0,2,0,0,18,1,0,1,356,106.49
2607,6135aa2d5a4dc08e709dd6ae80a3fd5c7985b617,0,1,0,0,0,0,0,0,580,98.69
2608,fe2f84dbb10fc1a31cf92faca76e83f6a778fae6,0,2,0,0,19,0,0,19,1876,291.26
2609,3e234935438029fb07380257ca20d4b9e33459d6,0,4,0,0,12,2,0,0,3571,607.52
2610,4e99cb492324aa9d9f9ffebd4b5ce931a719363a,2,9,0,1,206,99,0,39,4387,930.1
2611,f9802e4cdfd81e2972101903a703248bdede436e,0,1,0,0,0,0,0,0,122,28.54
2612,450583b9bde70e1af22fa15c5a5fc441739b0042,0,9,0,0,105,5,0,27,1217,286.44
2613,3d7e7f162685c353cdf9e8c244901bae2f006d55,0,1,0,0,0,0,0,0,203,48.73
2614,e72b67e20c536ffcb7d1df0a9ad68316c09d0243,1,4,0,0,67,13,0,37,1229,587.78
2615,72dfa4207d3c3e1af415d4f93a4a5bc3191a8a47,0,3,0,0,14,0,0,2,1780,306.08
2616,de4f4aa9e4b105175940718081020f823b380939,0,22,5,0,32,195,0,52,4002,924.66
2617,1f253c23fa3b5b0491c7ddea73406d555c891ad1,0,1,0,0,1,0,0,0,529,101.58
2618,e1449b553849b9c3d7fb02257d7e2701561ea5c0,0,1,0,0,0,0,0,0,320,52.13
2619,1140530cc228a6c9b13ba3b4d1653962935739dd,0,1,0,0,0,1,0,0,529,101.99
2620,be245101ac4a9456b2e77a93142b4c300fd8a327,0,8,0,0,26,2,0,31,3599,833.04
2621,9b5721518577b8ed421694594dd7d7687506a566,0,5,0,0,32,0,0,3,1823,418.84
2622,4cc08fa5d6123adc34f59a9434b4147f383235b8,1,11,1,0,230,19,0,19,3637,760.54
2623,af91c18d63d795613d036cc4c87e90718dd1fea7,0,5,0,0,331,1,0,0,1189,317.24
2624,6d43887b88bc798db610d34f0f434cec1f1f055a,0,1,0,0,0,0,0,0,1227,173.01
2625,915f2cd40db7434510a4c39dbf817332b88c89a4,0,3,0,0,2,0,0,1,819,177.34
2626,7a0c1daf6382e484c9c1b2fba6e735a8306f8133,0,3,0,0,46,9,0,33,3621,657.29
2627,00781a6eb181ec379881a624a8b97d7aeabd3651,0,1,0,0,4,0,0,29,320,67.68
2628,2f06c667d378b908724ea4db8b61c59dfe3cbcb4,0,1,0,0,16,0,0,16,471,85.54
2629,720a97479497345c7b966b727335c9845aa96bfc,0,1,0,0,1,5,0,2,217,74.57
2630,00316a4a512976e743b165d79292ceb9d6d752b5,0,3,0,0,12,2,0,2,199,77.47
2631,167f012d64b3e8c13d47ee9278d7b531e4924e18,3,9,0,0,89,60,0,9,3589,855.09
2632,66772ce04356d31aa8d3558624ca777d99f821f0,0,2,0,1,17,0,0,2,573,174.42
2633,1283155ddcb153b90c8788fb38e019d984a8fe1a,0,2,0,0,52,0,0,1,350,118.46
2634,f4ea4f4f07d0dc31b42122449cea9d8fd17ef4e8,0,4,0,0,1,0,0,3,2118,331.77
2635,7d1f7b7f37a6262c564531247e82570c9a3297a7,0,1,0,0,3,0,0,9,350,63.96
2636,814616687abd70d162e4e50286e1efe149e17662,0,2,0,0,2,0,0,11,1423,239.17
2637,a31cb26e5a65f70315e26c574ed94326ba64f644,0,1,0,0,6,3,0,0,81,35.36
2638,135478ca2147889c52a708d4cbbed493ad655e79,0,5,0,0,7,0,0,5,1060,237.02
2639,b7844d9dd0586373de6b028a5848c2192d87a754,0,13,0,0,17,5,0,0,1926,411.58
2640,a2ff41653a422a44c58b599ed2d35f48709607c5,0,4,0,0,244,10,0,37,1365,453.21
2641,8575edd908da86a1f515599506fbf5abf4aa9329,0,13,0,0,9,22,0,15,3749,680.05
2642,51ec5b2b233d146b3801e4ef5e44293101cc87f3,0,2,0,0,48,1,0,15,2187,492.31
2643,38eb4579e44fe15c46bdaa4a3a408277555fec64,0,2,0,0,6,0,0,0,185,57.1
2644,36324e341d854893ccd2a0a4d20486ef8e30545e,0,3,0,0,137,34,0,28,1342,275.81
2645,fc9faf85856ac4964f1a3073af184bd2388b57a9,0,2,0,0,4,0,0,0,470,105.13
2646,0717d134167e165bf6d40845f4f102e8ab2145b9,4,0,0,0,0,0,0,0,0,220.79
2647,1478088b10582849081c7fb4208dddad37cc4020,0,1,0,0,0,0,0,0,98,27.98
2648,ea687c181dc5857fc298eba780595438e5519d53,0,1,0,0,0,0,0,0,21,16.33
2649,3976ec641eea6b5f36d2a8d9c0fc58d97703df85,0,1,0,0,10,0,0,8,29,26.16
2650,401c4ec01456317ebf4d4533e2b892fe5305074c,0,1,0,0,0,0,0,0,98,25.96
2651,b987a52e3652b25b7ce061e9da85fb95dd3dfa06,0,21,0,1,61,21,0,50,3361,797.64
2652,b4a1bb164b378dfac79d6f63b05f90a781d29db6,0,1,0,0,0,8,0,0,13,17.21
2653,a2c1c0cd3e4bea221ec22dc9534390a7e1f5be9e,3,11,0,2,130,114,0,22,3620,864.22
2654,099ddf36ec63a43da4a84721dd997b9a6881254f,0,1,0,0,0,4,0,0,298,64.34
2655,fcfb13e312b881cb196f2d25c545792def75a351,0,1,0,0,0,38,0,3,1801,272.87
2656,9d15d08d717961d1fa63c323cacbf811157456cb,1,0,0,0,0,0,0,0,0,71.2
2657,6858d30b13fcd135dd57cec94d0d4349ad56388d,0,1,0,0,19,0,0,6,71,32.04
2658,ae3cbd06059581485efaf024d8508ff3abfe3ae2,0,1,0,0,13,10,0,0,122,40.02
2659,1e7ca13fda811ca92509f775bca4887bbb0f8d8a,0,0,1,0,0,0,0,0,0,15.49
2660,183e36e43b84071bd641957cac50094956a24f3a,0,1,0,0,20,1,0,15,134,209.88
2661,2a3ca44ea40c06596dee2a47de03e37e2505875c,0,1,0,0,14,0,0,13,154,57.11
2662,421400c2561af04c72617b28a832bc9fdc8af2ae,0,2,0,0,12,0,0,4,186,75.59
2663,34d88b8e234a0748df4d89f84921cb8a555c8ac5,0,2,0,0,20,0,0,13,157,69.26
2664,89a985f28cd2cdddf84b313a7009d400b8968aab,1,1,0,0,1,0,0,1,251,66.2
2665,e8ec0b9f8c1ce0759bf287c21e7f6c87c1cbb376,0,2,0,0,11,3,0,14,867,178.19
2666,5eb12593994e712596ea087b28472f8137721c01,0,3,0,0,15,30,0,4,2098,437.57
2667,a0a2674c42f0946d46b322d39377e1cf058c012e,0,2,0,0,1,0,0,0,472,92.4
2668,13b35ce82c59b55dcf25833aa046e3664d26d216,0,3,0,0,20,0,0,16,1819,327.6
2669,f9fb38e31c8a197ec8430af81b04565e3cc0a770,1,3,0,0,36,11,0,35,2057,399.15
2670,0b30494edb836ac29202053a5203189f2091eca6,0,2,0,0,49,0,0,10,2057,361.28
2671,e05c21c0cb7e2897e5fa918fc183b23124f9b98a,0,3,0,0,0,10,0,12,420,107.34
2672,144b27d1a319174785e4fbd3e300363730682d19,0,1,0,0,0,0,0,0,229,50.81
2673,b854d1efb11f6a50f452cef4cfe20a22dc6ee6a3,0,19,0,1,50,23,0,41,5218,1069.74
2674,f8c7f1b0fb064fb082f4cb386672ad2cf4a42094,2,40,0,6,1272,589,0,107,15872,5705.56
2675,fabaf478ed42ea3f64ec24c729d95bd75896af5a,1,19,0,0,278,64,0,101,4950,1181.55
2676,6fb905120cad98f0b473d1836128ddb323248ed2,0,1,0,0,0,0,0,0,39,19.01
2677,fd4ce7149f1068ad708f1625366d36ab048c3634,0,1,0,0,16,0,0,5,1319,213.07
2678,77c6b2bd6b4dffccf4645360b123faeeacf7e720,0,1,0,0,0,0,0,0,18,14.67
2679,afcdced021adf973e4e4575acf3d7aa59ba56306,1,1,0,0,0,4,0,2,1331,214.95
2680,9989f8369983ea95db9ea58aa58333bb37b47ddf,0,1,0,0,5,0,0,13,661,283.21
2681,1d6b501c9bd604db4bae6876bb059e3733b1ebe8,1,0,0,0,0,0,0,0,0,47.91
2682,2a853d4a968ddc5d4abf02268147a1589839a2e7,0,1,0,0,0,0,0,0,69,25.27
2683,917a07b73fc3196cd8bb9eba1d6e8ffffa99cc50,1,0,0,0,0,0,0,0,0,26.26
2684,0be3011b5f3b4d8d5adebd9193eac975f35fc845,0,2,0,0,6,1,0,5,1664,293.05
2685,8964098cd8d2b9bea0af89dc9e3d45fb20a98b28,0,2,0,0,21,0,0,1,585,130.07
2686,d7110681df18d369c3b4ddf862a674bd7e95b8c2,0,1,0,0,0,16,0,5,1315,220.84
2687,6d848a194310dc8e3bdc9030b750359c9abcb4b5,0,1,0,0,4,0,0,8,1003,177.04
2688,f854df4223ce2cc13c5c91b34f790440d5b4a0ba,0,6,0,1,51,0,0,16,3274,580.25
2689,b695b64dfa5b77c7168616c3844795ec44fa6f4e,0,3,0,0,25,3,0,6,1905,340.73
2690,87899ccda86ee096e075935e473653e420d33319,0,2,0,0,63,26,0,27,1584,266.71
2691,aee5d1d286ee4ba8e57fcc7f7c85ca235d2d8b49,0,2,0,0,69,47,0,2,3179,589.8
2692,69ffbf247f44bfa2039e337532ba2c13d86d23c7,0,1,0,0,16,2,0,51,1788,289.58
2693,2f3d22f5b7a5fe363db28948a14ae7e1c220c970,1,2,0,0,145,142,0,19,568,218.33
2694,90864888ed104bf127955be32d6b9dc94e35ca9c,0,2,0,0,49,69,0,11,3193,564.0
2695,00cfc8f7f79ee60851bc542fe149560814d8eac1,0,2,0,0,69,47,0,2,3195,589.31
2696,d032ea818beb7578e75e7c286cc58d6e8aad3449,0,4,0,0,253,75,0,8,772,306.48
2697,3e75a6025d499f18fc4ebecc2740641718154b20,0,1,0,0,0,30,0,7,144,45.48
2698,d45f53a3079c3618ff81a88f4ab39da36b3ee8a2,0,3,0,0,48,3,0,77,3271,578.95
2699,07082e8f694cfd70d000b52ed018d1a1f765d636,0,3,0,0,7,0,0,0,674,153.84
2700,8c47119bcd6dd82d51836f35daecdb2b3254c758,0,1,0,0,11,0,0,13,121,205.64
2701,49731c73dc222a3e4c7b4b8774417ef2f1206d11,0,1,0,0,16,0,0,5,1340,210.14
2702,9c8d4067ce313d796d837ecd55141db09e027973,0,1,0,0,7,3,0,7,446,112.87
2703,4774650cc11a06e3d87c2e79de0ac7762fa4d33f,0,12,0,0,344,0,0,20,865,343.76
2704,7d65b7448cb5ff91b70e75c32a0886191401d56b,0,1,0,0,14,0,0,0,287,82.11
2705,d6c82520df968099fe82630b254978740c7beaff,0,11,0,1,822,17,0,7,2172,722.39
2706,26d737fbc5e11752e264d6d27b25ca74d09077df,0,3,0,0,88,33,0,62,1304,286.37
2707,31e2b2dee5224729f902fb661b701a4bed3ad712,1,1,0,0,3,0,0,8,69,50.02
2708,f179f571a350b0d0ec8c4ca56d1620c2107f3862,2,5,0,0,13,0,0,10,3171,628.49
2709,b259229b5734c71727d671a4d73ec82db58269ad,0,1,0,0,3,0,0,4,96,40.09
2710,cae042bb81c4d920563ec9588196189bd9a46e08,0,0,3,0,0,0,0,0,0,38.32
2711,0498c89c72ce89de44947bca156e5a97a7ccc119,0,1,0,0,14,0,0,0,645,137.78
2712,75bf5b04c4f308736984d05d9e2506f2d11d648b,0,9,0,9,106,52,0,21,1253,849.32
2713,17a5076606bc01c04d2b352ccb2109b0d10372c6,0,8,0,0,486,385,0,116,3333,819.68
2714,9b662f467b0f56f3e2876f25bc4919ffddcee746,0,1,0,0,0,0,0,0,193,40.01
2715,e8560bf97392692463dd44a4a035784ed54fabf9,0,5,0,0,59,1,0,4,2147,402.01
2716,07962e24a57506226ebae18b5f5fd93ef99056f9,0,2,0,0,1,20,0,2,742,133.02
2717,7693a7c9f27c44c7548523c1b182cfee2cd55a91,0,1,0,0,4,0,0,5,1416,239.98
2718,c18eebd8a619bd0491afaf44c9cfda72510755cb,1,6,0,0,99,56,0,1,1667,683.38
2719,022ef75950cb9b4e9f372ce309ae312c36526eef,0,3,0,0,31,51,0,22,925,207.21
2720,aa5ce08ff1b4ef079956939c964ae34aae2c0f51,0,3,0,0,23,31,0,26,925,344.67
2721,da7ff6c6c452fef1f391ce86c42e39bf589afbad,0,3,0,0,96,11,0,36,187,109.86
2722,a7083731c8178849af955e0205097774b300cdcc,1,1,0,0,1,0,0,3,119,64.49
2723,eef90a46040c6b4018b699dfc96cb4bc8bc4e82e,0,3,0,0,34,9,0,1,1378,286.31
2724,fe4e7afdd0a98295cce5099b56f8fd18ea2169d8,0,1,0,0,9,0,0,9,118,39.22
2725,4c61d4a9651b64dd3b451813331d58e5c5b66d3c,0,5,0,0,62,19,0,20,1675,367.02
2726,6e77b7eefd54068280e5d1a5dd60470b3b341942,1,0,0,0,0,0,0,0,0,32.76
2727,1a90a79658ae1433c737f0372db420f574553bde,0,1,0,0,4,0,0,7,580,124.88
2728,292e39f392907b1e798f502318366ec5f921d3b6,0,2,0,0,37,0,0,0,1252,237.12
2729,683c005fcae3431dc5da3d7e2c41fb25cb039df3,0,2,0,0,0,13,0,0,1276,237.03
2730,2cac5504670cdc268f9ebcab9a58a35f84241053,0,2,0,0,15,0,0,0,1276,261.68
2731,b36c9ceea2df6c1bbdbba04cefd2e7bd4b3ed8a9,0,3,0,0,6,6,0,12,225,80.14
2732,3e2afde13090743ac15c3bb1d95e7bdf6f08f207,0,19,0,3,19,0,0,7,1764,532.18
2733,6a4496054983d68db1f8b83f6790974e3f055d96,0,1,0,0,6,12,0,0,297,78.43
2734,dfc63998d20a956bf7a44ed6bcd7c495801fc4bf,0,1,0,0,4,0,0,1,48,29.3
2735,be6e4c6593f4ae94e3dfddcb9e359cf611885ee0,0,1,0,0,5,1,0,4,518,91.72
2736,495ecfbc1672c195fcf786fbc1bf0b0a8a2460b7,0,1,0,1,1,0,0,0,14,30.81
2737,6db2eedc9b6a27972a1f69426fc9422c7cb88368,0,9,0,0,267,50,0,30,3694,723.97
2738,ca8882e804d9c9365b05058fa96468607d515ee2,0,10,0,0,1154,0,0,5,5408,1350.74
2739,c35206b420003e1b7ab22845ecf3991123e4f219,1,7,0,0,508,3,0,453,8662,1947.03
2740,93b8418081beaa0daaf3acc4f9e355922878c63b,0,1,0,0,0,0,0,0,56,185.18
2741,1ba1b77ae8cea6192f26170b5d5a9263ce0c1011,0,5,0,0,77,38,0,30,1957,416.5
2742,d5ef991ac44e3180a697482f2b3423699aab70eb,0,1,0,1,20,0,0,7,523,248.08
2743,e17357d77a4f181af1dd9c419c345459efddb655,0,1,0,0,4,0,0,6,543,92.09
2744,3ee5280b6bb160bc54e716fb74cdbbc1f129ff59,0,5,0,5,12,1,0,13,2226,1090.33
2745,5c12d03ddd74990ba251303188e2725368d1a7e4,0,1,0,1,26,0,0,0,163,136.53
2746,fa54aef8551f0ee30826ba228ab2d966470b8f8b,2,7,0,7,109,32,0,7,1077,751.66
2747,ccb9c74400d1614cfbd3f5afe4812166a3c54ab9,0,2,0,2,32,0,0,9,420,274.41
2748,1aad1a456f5c6f66b6d773cc4037d4c1720d9abd,0,1,0,1,55,0,0,0,35,60.87
2749,2a0effdb9fa6811d6c0d74adffd3f46629d86ed8,1,0,0,0,0,0,0,0,0,28.39
2750,522dd51ef9adace2d0b46d8b098f9fa799686ba0,0,2,0,2,0,0,0,0,468,215.69
2751,dfab705a3b0faf7dcea16a38a771ee22c80efbee,0,5,0,5,599,0,0,0,20137,9802.99
2752,cd8f390d900375f9d598d76ce42a4b1624ea4438,3,0,0,0,0,0,0,0,0,182.5
2753,bb87ad10e07f0be2b0acc0de80b59b90868afd1a,0,1,0,1,28,0,0,3,506,224.11
2754,9bb6236ecc88b08c74e90c2ef0587ff4b315599f,1,3,0,3,20,0,0,0,775,450.56
2755,31d4659cce428bec7f9c64f63a22fd32cfacee8e,0,11,0,11,0,10,0,16,837,862.55
2756,b61974d1cef23f70164cf0392fe47377f116b74d,0,4,0,4,184,0,0,21,651,431.82
2757,65fc2953bddc7c3cc04bc009473ee37884765cdc,0,1,0,1,0,0,0,0,378,181.44
2758,a43d806e465fa8809556b1df02123121bb9817a6,0,3,0,3,3,0,0,1,217,205.19
2759,3d586b872208b6f281a798f6ca9d196bd331aaa5,0,2,0,2,16,0,0,6,744,427.93
2760,17a12aa8e5ea8391b2fd5e6554bc191b4aac3d49,6,1,1,0,0,0,0,0,1053,651.8
2761,bf1470c6c7a657a57aecd4d224589e8e92ff2296,0,1,0,1,4,0,0,1,163,93.13
2762,b3ec7ced77ca583863bd8ff5945a6b344e0b015d,0,6,0,5,59,8,0,68,4497,2047.45
2763,5c8ba16c343cdb6efde28d1c58f250f461fa902e,0,1,0,1,8,0,0,0,120,96.33
2764,15b1bea88353695ab3ed89008ff17d808ea04913,0,1,0,0,17,0,0,0,1053,206.09
2765,ff2bcd476046c76d926639114efdb704fe287356,3,12,0,10,32,49,0,32,3081,1303.43
2766,51d2dd1490495867e80a4bef97ebb0c516d1037b,0,1,0,1,0,1,0,1,8,43.34
2767,968479a34dc42fd9950f4d8ad4693f081c2cf5d9,0,1,0,1,16,0,0,0,575,241.39
2768,705ad5969f9bc8d8371acefb67fcd7e047fdbe11,0,1,0,0,0,1,0,2,590,110.91
2769,9a1ba2926a59ce9fd80e6355fabdeccdec6ad19f,0,1,0,0,0,0,0,0,604,98.92
2770,fc4d7d7a591c20aaffba25fb1ae813c51a84811b,0,5,0,2,113,21,0,10,1612,418.45
2771,8ad8c97c1d630f492b40e30211996406620065e1,1,12,0,9,347,73,0,11,10559,5173.38
2772,5942082548e3a6b5d063fc8f7911db2c530f74ba,0,5,0,4,0,0,0,0,1030,462.98
2773,7407ec5defbe69bf1da69fe63a13ab6d21c40957,0,5,0,0,0,0,0,0,1030,204.93
2774,d2d3122865eeab0e98ed902775d6068cffbbcb8f,0,1,0,0,0,0,0,0,340,78.32
2775,bf5cd8abacd7bda144de7e870f3948837c99f2fa,0,2,0,1,8,0,0,0,1161,430.1
2776,1a7924a2c3cc831750d96879bd44e26520459bb3,0,1,0,0,3,0,0,12,228,57.38
2777,acbac6481e483f68797323d33821220d84624722,0,3,0,1,30,21,0,14,1634,308.62
2778,661070357612d305067e7306f6cfae7061cf2f86,0,2,0,1,19,11,0,5,648,263.83
2779,9975cc0d5f9a4e9bf41fe4bf65403e2fb52a189a,0,2,0,0,35,0,0,4,3303,584.6
2780,1fe9aa0e7a845de386a951b6a9d267c81058a9b1,0,5,0,3,28,0,0,17,1342,685.91
2781,0fdf8126c5a07ff929b93c30c44b6da08eed02d6,0,2,0,1,64,65,0,32,677,227.55
2782,12a1613508db92a73d6332f9a7728cf989cfd424,0,2,0,0,39,0,0,4,3338,581.09
2783,1c8d541b6d01ff155e8352421d112f5182ca8931,1,9,0,7,128,106,0,16,1624,914.13
2784,8c75efb96890e38f4949a0165bf81f153de27c44,0,2,0,2,0,0,0,0,36,62.42
2785,3d26a2c8565cc3e25bf07e097a5219fdc0029519,0,3,0,3,66,0,0,37,220,223.39
2786,8ee16d9aad2cfaaf3c5b261c11e8f2b9b7ee1726,0,2,0,0,55,1,0,56,1645,280.09
2787,52f7000373ae30762ceb7b91ed43a271aafaa994,0,5,0,4,16,0,0,16,849,433.36
2788,429576673b1784f4cc6c2cf5c8a7dd8e58c5c4ea,0,4,0,2,27,108,0,11,1186,428.78
2789,22f7a385e802d1ff3e09917e90f0e5e256df0d97,0,1,0,1,1,0,0,0,127,90.83
2790,145c4d2583338e9862e9fab453afd52822b79eba,0,1,0,0,27,7,0,50,1048,219.34
2791,3ec92cc8b1627fe017ac5138759899aa41953245,0,2,0,2,0,8,0,6,122,90.26
2792,9aca0a945080f93375b8b3f5ff0b4513b1b1d564,0,5,0,2,1,9,0,3,531,158.84
2793,5487a32813ef647dc5bcf095c242b6c48a3bc252,0,2,0,0,133,113,0,18,595,218.81
2794,fec5ef0f9823da68a890b63203dd1b76e932c6a9,0,1,0,0,0,3,0,3,167,42.74
2795,4b1a528bddaaeb962e21540d5d726f7d10491cee,0,2,0,0,0,0,0,0,728,161.16
2796,75d6c71246fb7305c033521383621bd7c759f169,0,3,0,0,44,1,0,13,3100,500.66
2797,2f4c1e7d78f95c1da37da1c186057705b52b1e9d,1,1,0,1,0,0,0,0,4,58.33
2798,877030a5b959273067dcf8edbd2bac1a2e9bd4f6,0,1,0,1,107,2,0,3,416,278.34
2799,f59ddd78c3785e0bf744f19c9e8ed50944ee455d,0,3,0,3,4,0,0,2,874,406.8
2800,0f558bb126825deab5b9eb317eb09b8c6cfee9c9,0,8,0,0,13,13,0,0,3310,870.37
2801,22ca8dc565dfdcb5fdf49353a20d99910acad18f,0,8,0,5,69,0,0,1,2853,1121.04
2802,9cfae9f15fa698dc3a1ad9d1a9b0f24387411813,0,3,0,1,25,4,0,43,1383,256.29
2803,704d725ac519079bb7fa6227156a40e82cd01ce6,0,1,0,0,28,0,0,6,523,134.71
2804,d0ec4af44aaa2726cd17dbd9ffaff88b699e5ee8,0,1,0,0,0,0,0,0,352,72.05
2805,28c9c4dd6eba484918d6c8b2f6b2bdcf1dfe307c,0,15,0,6,98,249,0,72,7681,2876.3
2806,04a28f262e32cc5df1008aff4220d68a69400e61,1,0,0,0,0,0,0,0,0,27.28
2807,36a903366aac3a576fc5fd7b8e17a0c40e1f8bcf,0,2,0,1,1,0,0,6,739,158.15
2808,c80b254756329d04a9c928553012ce0729e281c3,0,1,0,0,6,1,0,14,226,61.53
2809,9214f95cf4e5d19f5d226245043ea0669d276e59,0,7,0,4,5,2,0,2,3353,793.65
2810,dc9223f3ddcbae5ca2329363b9d56b22787291c5,0,1,0,0,6,0,0,10,1075,195.06
2811,ef55fb21de379b6b9b8975e257d704eaa68123fa,0,2,0,0,18,0,0,6,1344,288.82
2812,cbd82f04403747c11e889b8e5283a180d1ea4fc2,0,9,0,3,11,2,0,35,2290,574.98
2813,65059399704f1d63f33f26f727dc4418f80a5ee1,0,5,0,2,247,163,0,0,4737,971.71
2814,d2ca6bfe633ce351f002af056932ea6c86e7203e,2,6,0,3,224,0,0,751,10991,4661.8
2815,2bd71320b2018f3d0373ef42d3bd6e99c74f14f7,0,1,0,0,0,0,0,0,1880,276.52
2816,c88f04f153d898917203a450fe0d2a62417654c4,0,1,0,0,0,0,0,0,1082,191.11
2817,c733938f1411914978e41e33444b5ef807d1c934,0,2,0,2,2,1,0,0,122,107.72
2818,af21a030c05d3a2dd6cd70eb2eec0d040fc39df3,0,3,0,3,2,30,0,3,658,372.4
2819,e98ec7e447f1b6c05a2d194189878a8d51af173a,0,1,0,1,1,0,0,1,36,41.13
2820,0a35c70f54eb8588887b16d855022cd46735a34b,0,1,0,0,4,0,0,19,194,344.51
2821,0fc4929d66ce84d0bb8807ae92a6bfd59e41cd85,0,3,0,0,30,2,0,3,658,147.54
2822,80c83d8803efe47f37128a364a38cd5f25f51f4b,0,2,0,0,6,0,0,20,733,229.78
2823,61089268cd03cbcd939c4cfdf2f0ff461acc9980,0,1,0,1,0,0,0,0,269,115.91
2824,edfbb77dc584208c79a346271618ce2e977228b0,0,2,0,2,0,0,0,0,193,132.84
2825,6ff32a1a890f26e42a3c9e75193bae4b3c8c2c4d,0,2,0,1,20,0,0,0,1688,441.62
2826,5236f762ddf7a30bbd0857db8f85f2867d17106d,0,2,0,0,0,0,0,0,2577,394.42
2827,e3447cdf07a51688dafcefca1110e7aef2f67706,0,1,0,0,0,0,0,0,0,186.57
2828,2c6948780bbbd787912eff51539a9b5dbf1d7f23,0,4,0,1,46,0,0,8,1727,335.85
2829,dd1b45a2a2bafb18e1d72a65de7b5b8b8fe73508,0,1,0,0,3,0,0,8,1880,284.92
2830,4c72558f623da14b9a32999d5bd7701987de00f1,0,2,0,0,38,1,0,38,2370,451.78
2831,6d64175d1e1f0e3a338dcd29b7f23416da9a5b1e,0,1,0,0,0,13,0,9,793,137.95
2832,6b3f368bd90e45953327dc8a4e26fe75790a716c,0,1,0,0,16,0,0,40,1361,192.96
2833,0da654d45fa8a1ffa108048f315c7018b0923d99,0,2,0,0,71,1,0,9,1728,317.69
2834,e9aaf12f6e872f5ecd082c2f7455b37d08193535,0,0,0,0,0,0,0,0,0,6.71
2835,1a6834c8c97427f1f2a18ffb190e43ec90be8ce7,0,4,0,3,2,1,0,5,515,293.97
2836,4b07b3985dd7eeeed3d7dbc5ec0914b491d05fdf,0,8,0,5,779,10,0,21,6312,3098.84
2837,c22888d6d82b43dc4ac94673817bdce8f43703eb,0,1,0,0,1,0,0,0,29,19.52
2838,12470ff307eb42964201fda825a31d716bf18a7d,0,2,0,2,8,2,0,5,171,142.48
2839,c48ac29ca95a59c5add934ca7c4bb6f4537130a6,1,1,0,0,1,0,0,4,198,57.33
2840,889e1136d4734a3245a7eda19f830eabc5bb8e88,0,2,0,1,0,0,0,0,316,409.91
2841,4d99488e58268f7392b94ff15574bea07213e29e,0,1,0,0,6,0,0,27,157,50.07
2842,c5af2aeb18c2455882ea560083a7e0648bcc428c,0,1,0,0,12,0,0,3,119,46.24
2843,c8b6b7ad22c1d315fa94ecb681f868be1df27744,0,1,0,1,0,0,0,0,78,53.77
2844,cee7c32732806e5993fac8e2f177a4e4c8033345,5,9,0,7,485,309,0,54,4985,2131.64
2845,3fd458ad88808e542b211461a49728138c1ebe79,5,15,0,5,140,7,0,59,7281,2560.02
2846,61dd48b303de6ea5a1343fbfece5fbe9052cd8e5,0,4,0,0,13,13,0,0,15244,2617.13
2847,6f542792e3093e426837fb1910f21b1a962f78f8,3,7,0,6,9,3,0,21,2030,552.3
2848,efe471f74b0aab2a807fdd606af256d8eebe3f25,14,15,1,13,2,79,0,4,957,796.41
2849,018b5ec84d16bbde28d9a986a3763870200ffbb2,3,2,0,2,8,0,0,2,55,125.1
2850,2131ef1cf8fa7e200c6dd3db7909b06b9e8e4632,0,1,0,1,2,0,0,0,511,289.14
2851,87a250924ca8c1a4f839229537f40ba18aa6bc18,0,1,0,0,0,0,0,0,23,13.99
2852,f807add65b904686bb5a5321e22e2eabbba4121c,0,2,0,1,0,6,0,9,187,76.13
2853,5671b5ca862d1b773f8e5a2fac4ef4cad6438a2e,0,2,0,1,9,0,0,4,317,115.9
2854,5876b5b662e83149bd1d726cdb7a1ac0310cc25c,2,2,0,1,553,0,0,175,8623,2782.66
2855,21d473f356ce7b2ab0e6fd776a15cd5054c0ad67,0,1,0,1,0,3,0,9,129,88.69
2856,c106d67381a884964bb95b3f9c85943cf5b3b4c7,0,1,0,0,0,0,0,0,2100,418.74
2857,e64fe02581e53eaa0983cc008598fb68d34105df,1,2,0,0,16,1,0,12,415,153.04
2858,f69a7e8e741b8c208e973432a332bd9628c338c9,1,3,0,0,0,9,0,0,2546,570.95
2859,31564554620d92802c6c45a6e0df8bb05c3b0c37,1,19,0,5,19,1,0,3,9306,1871.65
2860,677ff7e0db2e917eb678e3888160151d120686fe,0,2,0,0,6,0,0,0,841,475.39
2861,e5b1ae19169d0131a9701fa741393067f0800c47,0,1,0,0,1,1,0,2,1887,275.59
2862,c3d1bb07f8e64191d3dac22fe0a3cb224fad2d52,1,2,0,0,1,0,0,0,2401,498.54
2863,ea61bc702bb87456a70cf1f0262f5b70bd3c1473,0,1,0,0,1,0,0,0,30,22.12
2864,6af9a020b2e799e141820a5b832d82ed24ef8a9f,0,1,0,0,8,0,0,1,658,90.86
2865,7036d7a4e8f7084506153fd8fc6fcdc813cf0ed3,0,1,0,0,0,0,0,0,31,15.36
2866,a7e18a9bfd9ceeb1772597017b840d87a0da9274,0,2,0,1,7,0,0,5,982,245.6
2867,1908123fbeb46ac13aec8c3a9a7528b8c170a22a,0,6,0,5,29,28,0,0,106,134.28
2868,28e176de82a3a71b4ebe622e96c7269e294195dd,0,0,2,0,0,0,0,0,0,27.39
2869,81f5222ab93dda4431a6a51d8675504fad9d7c0b,0,2,0,0,60,0,0,0,214,84.92
2870,3550392d4ef498c77d7d4fedc88311b555ec289d,2,14,0,4,148,214,0,91,4669,1093.34
2871,49a769b45c71e282a545593ab94bed64b944d155,0,1,0,1,0,0,0,0,100,67.12
2872,634cd51bae41c0d10d67801909a568b75610a172,0,2,0,1,43,0,0,27,1717,359.56
2873,f1b53f6631406f4a05bbd48087f6aa59b49f35cd,0,7,0,3,118,1,0,14,1952,599.69
2874,933c80f7f3e103500338eea14779a1492cb6bef2,1,0,0,0,0,0,0,0,0,71.64
2875,c87c7237c79e999040c34b614a9d05f19eb0a4a4,1,5,0,2,47,5,0,23,502,178.45
2876,94f8d617ddaf989fe071ec712ac077611da69e6f,0,2,0,0,4,0,0,3,873,221.78
2877,4e765cb5b4ec007f566f5428c13e1695ddb4796d,4,8,0,0,112,3,0,98,8293,1569.85
2878,82609fa7b1b7a024f0f48fc29e0ff1822536b6af,0,8,4,0,0,112,0,86,8293,1431.97
2879,f96e1641cf4ce374ff9ca3fedb33db5d6d4e8b3e,0,3,0,2,4,5,0,6,725,205.58
2880,b02f807aa3c01a7f1d81241f13c098825d5046d3,0,1,0,0,13,0,0,4,517,428.14
2881,2c59e2bba4cb36ca60e018a84be57d574513cf93,0,1,0,0,3,1,0,3,279,69.57
2882,2b7f8503b479c4c0c0e4e6b461c5da5ab0f47786,0,1,0,1,4,0,0,4,87,68.1
2883,5f5f22e30daf703044a6be208a587d7d74a37f2d,0,1,0,0,4,0,0,21,817,144.58
2884,567723f028fa3594df23f0b1668977405c0df79b,0,1,0,0,1,0,0,4,88,34.01
2885,ee91c8b03cd00619cde5396226642189919da356,0,1,0,1,0,1,0,5,324,148.34
2886,9d107882d3e982c01b408e930d9d85a6257f16c3,0,1,0,1,0,0,0,0,30,40.8
2887,3519920373ef2d8649891b461f5b5226ee41f891,0,2,0,1,11,0,0,1,127,87.2
2888,70f7608afac5bbfbf2c7dc6a564514bfaf199fc2,0,3,0,2,736,0,0,3,151,317.98
2889,37f39c40c35cdf2b43949ae66c475363bad855d7,0,2,0,0,102,3,0,27,870,179.48
2890,275f0453c5b8fbd485d697acc484ae17f21704a1,0,2,0,0,34,4,0,17,1192,265.27
2891,93e03d7d09da857098cd4a01a991395891c55a41,6,14,3,0,18,3,0,4,930,326.51
2892,c9b028862a61ee2a96fdef6b55c36b03939ceada,4,38,0,16,438,535,0,155,11614,3202.93
2893,2fd27a77c5ed058229160c64fe6cd08c0d59aefd,1,3,0,1,24,0,0,3,819,227.29
2894,6d7e438c41bcd0c4e2dd4d0e8dd5dd7c8322e127,0,6,0,6,682,7,0,12,1760,1047.94
2895,8e7185b507e9b07e21332336944bf1a6df02c268,0,1,0,0,4,0,0,0,540,118.36
2896,e88e87d7fe4179c77e3eff8b784c53dacc8dcc3d,1,0,0,0,0,0,0,0,0,33.44
2897,a2788de6256696bf15d3d7f741fcf4931a34062f,0,7,0,0,112,0,0,95,3916,685.04
2898,8eb8b3a40a0ceebc51bdccb771e737223d8226b8,4,0,0,0,0,0,0,0,0,98.83
2899,f293c94c01ce2e4a372c327cd7df0ae7d3f1214c,0,2,0,0,4,0,0,7,3507,691.14
2900,a9e69cce21453c0cf99235dfa3358b0251311010,0,2,0,0,3,0,0,0,2288,672.77
2901,1da663d1e39b310e2fc69d244a4aefde1ac50647,0,2,0,0,0,0,0,0,2291,367.56
2902,849e17fc1aae0858e094b4d4e2da0e01bf398916,0,2,0,1,18,0,0,0,99,70.47
2903,4559e53e64938bfc2b5b5189927abb8876b8d411,0,5,0,1,30,21,0,6,2483,434.95
2904,844f27c8f8ce8a1e84c80d3abbcc0824079bac6d,4,3,0,3,0,0,0,0,243,306.76
2905,c4f7a53747140b0b2a940c28f071c82d930ad3a3,0,4,0,0,23,8,0,52,3156,493.04
2906,2dbdc1ec15ec0367891ad14a04a41faf076744ca,0,1,0,1,0,0,0,0,138,100.5
2907,8393cf10d6d3cf07793f2750628a4c91724fc485,0,1,0,0,3,0,0,4,335,75.19
2908,9783392fab18554bbe770174bbd5cc8009550295,1,3,0,1,19,2,0,9,2098,437.56
2909,b81581286391e3d974424a5d45f1a3ec80c7d040,0,4,0,0,0,4,0,0,66,43.67
2910,ebae97fc600776313ab19e8dca65970034a00ff5,0,1,0,0,4,0,0,2,329,58.41
2911,f89a1b58ed6c43b8d35d3faccab7a698c40caa40,0,2,0,1,6,0,0,0,579,187.35
2912,c310653a19cbf580d597e4fc8f120f7f5df1daa9,2,12,0,3,623,99,0,155,11943,2718.97
2913,d44be427d5277c36d213413cc6f3566c93a82fb5,0,3,0,0,45,52,0,0,163,86.95
2914,45f309beff4675d6a2e4ed3e96c01ec08ce6297f,0,3,0,0,52,45,0,0,163,68.55
2915,773650bb0c679af17dd10d01543536bdfb8ce882,3,2,0,1,1,16,0,5,375,218.32
2916,24fa6e4fbe1b44a6c24a22bd13ebe6df237df5ec,1,1,0,0,8,0,0,3,1476,284.85
2917,564fc2e7c3d628ca71f3fd69645386e4a1a926bc,0,15,0,3,94,745,0,249,17318,3208.51
2918,43bfefc3706f05821d719a9e81beba7c8dde51bb,0,3,0,0,83,8,0,38,1950,352.34
2919,476a274729077d2fc0c819c547ad478b742da717,1,29,0,15,103,33,0,0,16753,3429.94
2920,c9d3cb1c3b654776cfd86a9b5322b8c86c1acaa3,2,3,0,1,31,0,0,3,1226,666.92
2921,0dab826f1988e6aa1063c518bba702d5d4178d22,0,1,0,0,1,0,0,0,18,18.68
2922,802f264f4e52bec44d6ce432821bc3ba9e7b52a3,1,4,0,0,0,24,0,0,3060,497.86
2923,929c09a9ba262d015770721f8d7e0ca41c632a95,0,1,0,0,10,1,0,11,890,170.39
2924,6df04824916fae84e0598fd7d17ad1fc6c4903ce,0,3,0,0,50,61,0,0,154,71.22
2925,86d574eb22b2a698a19ae01140f009b546900f33,0,3,0,0,61,50,0,0,154,95.4
2926,60449458da6e8ca8fbefa3c2c9c379380847767c,0,1,0,1,1,0,0,0,10,24.98
2927,fbfbad4e4d51b0194f62c13b807cf75ec0013ff2,8,25,0,12,2555,7,0,184,18640,4762.69
2928,7c0db342751efda1de3dd85dc7d55b28c9bc30ce,0,1,0,0,0,0,0,0,900,167.15
2929,2627730b7d06fe2043f70f5aeb475c606c9c169f,27,20,8,6,46,80,0,7,1657,1068.01
2930,053fc8e7baa82bddf7e13d14f25d2950609b168d,12,9,0,0,70,1,0,0,229,397.11
2931,17a2e1663ac6d9f1928922574665805e96b8c610,0,1,0,0,7,0,0,2,1502,228.34
2932,527bf4947b02906cded34e5862acffcc3ec8ca74,0,1,0,0,0,0,0,0,544,108.51
2933,f482cff0c98803d42ecac2320e07555bb87b983f,0,4,0,0,25,0,0,15,3662,636.24
2934,1afea63673603b0737dd304ea81c024f35c6a0b9,1,5,0,0,22,42,0,6,119,123.81
2935,eddc746457d0d25db1b51bef953db684131d4dd0,2,2,0,0,25,4,0,2,1013,226.61
2936,8c393a32a8b38c61785bf3ec89479a567182f2c3,0,18,0,0,10,8,0,0,282,145.37
2937,061fda6ae1e68af5f53a62a9ff8b29139c999dbc,0,2,0,1,0,4,0,1,166,56.38
2938,7c9d6f34400c8c92297ca55428307d51f66f31e4,0,1,0,1,0,0,0,0,154,84.66
2939,c49ee963e6d82c036c0a3fe87dca786c8548c53c,0,2,0,1,20,0,0,6,683,180.09
2940,529807b0e5ccdf7dcaaef22bb78c3e41f2475b3e,0,1,0,1,0,0,0,0,145,413.62
2941,419a8b8f44717f48793c5da49d59ec91bca114c8,0,2,0,0,31,25,0,33,313,93.32
2942,b6a36ec9ab0fc40594a1bdfff126193a1e8c5efb,0,4,0,0,42,2,0,3,2647,568.49
2943,152904f02645a9850635b85d69624656b08a8b72,2,0,0,0,0,0,0,0,0,62.42
2944,e2d9560d6556da4e721dc8654e356f88f656ccd4,0,1,0,0,0,0,0,0,0,16.5
2945,1acc426e7eb56b5a91044f77c082a9ecc1d5c093,1,8,0,2,13,1,0,25,3201,573.11
2946,b5cf874819894985f3ea0cdb6ec4db00f7b61404,0,7,0,0,0,0,0,0,2890,452.0
2947,db62a5eb0db1b4a65067d1052360eb4bf1d17af1,0,1,0,0,10,0,0,0,76,31.63
2948,040f76eb2ca6ed8575bc81dba5bc55ba33a45eba,0,72,0,28,99,157,0,83,15289,3500.21
2949,98f566edf291d5f642d70b192f0bb8c506d590c9,0,2,0,0,19,0,0,3,462,104.26
2950,7b640037fba4f0b2123a341e6046a5f6f48c72e9,0,2,0,0,26,0,0,9,981,177.51
2951,c7b246edd29fa7d3bc6ea7c13b6cb85ffac9a9b4,0,1,0,0,20,4,0,16,775,152.96
2952,7adcc74aeba001d03c1baaeab09c805d3ee2118e,0,1,0,0,4,0,0,9,795,155.48
2953,d6cca23ed39a07f3ea722396481ec6777abc04a6,0,1,0,1,7,0,0,0,178,81.09
2954,4c514ea23b9140717e56dd423461d88a43f33578,0,2,0,0,50,6,0,24,362,110.3
2955,e0538fe83b5f4621da11bbeabdcb7b5dd3d93195,0,2,0,1,7,7,0,0,227,84.83
2956,e419fee3b41e379b51dbfacc9769b249bd41cdcc,0,2,0,0,3,4,0,8,1483,316.71
2957,6b82ddc9118cd1351121f48cb0ea50ef05ed1b3b,0,16,0,4,0,2,0,0,2311,525.55
2958,2b1ba295d93b71718c129c227197c8c2f3f658f0,0,5,0,2,2,1,0,1,228,93.9
2959,596affcfb696bb3e15c4c801343990308543439c,0,5,1,0,59,59,0,10,171,89.51
2960,7bed701850d87b9ccd7caa0cad8e9ca8ab266b69,0,1,0,0,2,0,0,1,366,379.71
2961,e64430e97054fce7645dd06d212bdb524434321c,0,1,0,0,10,0,0,0,336,85.57
2962,90e0910a486d1b596b58c07b21ad34b5727bcd15,0,3,0,0,14,4,0,19,957,178.38
2963,7d2479983a2100c55054ee57f089a2c3828e2cb6,0,7,0,3,5,14,0,0,279,185.15
2964,610ea305340cbd1879b95fdb2e477bf5df554181,0,1,0,0,0,0,0,0,346,82.72
2965,07e97d2b32550e3d71cf7ba30c5025fa48286e89,0,1,0,0,7,0,0,2,640,113.36
2966,6f1af4dba4b2bf46722cb1e21f98b06d0476bc0f,0,1,0,0,3,0,0,12,129,36.21
2967,30c7e958ee20256a3d3fb88606eec7302139680f,0,2,0,0,35,1,0,4,1777,339.05
2968,e52314f054e6e714d467b793092039521691cac0,0,1,0,1,0,0,0,0,31,33.32
2969,3fd2ea1de4006242d4c115241a9308df62dee14c,0,2,0,0,27,0,0,3,54,37.48
2970,4992d78820a6d067768b946c9d249a6da458c059,0,1,0,0,0,0,0,0,119,29.94
2971,6d42266145d859d80d06573aa2a70c50448ed818,0,3,0,1,48,0,0,1,2585,560.32
2972,89370eef92aa1db3f5689e20b099ac81ee7f701f,0,1,0,0,5,0,0,0,114,63.08
2973,bb563c3603e16b12888dfd0ad45a8bd15f36e0f8,0,1,0,0,3,0,0,0,145,38.03
2974,9c88d9d9ea2492471d289c3428a7700ccd7670f5,0,2,0,0,15,0,0,1,985,174.82
2975,d6d73eb286c848e8e5aa140fb55cba8de2ad8e4a,0,5,0,2,38,21,0,47,1129,385.42
2976,6f3cce5220ac9a1e2d14ab15052b484b7d423306,1,3,0,1,23,0,0,4,2848,709.55
2977,1edf2d3bf1a73f24596e58eb04c58ff5a1875407,1,0,0,0,0,0,0,0,0,29.15
2978,c951cfbd3103aa7560c9daf1b269fdcfcc71268c,0,4,0,0,33,54,0,52,3729,591.16
2979,b6ca62328652ab85aa826363b2a64e2a2ae344a7,0,1,0,0,10,6,0,8,59,32.07
2980,7e02b67d30f6499a8defe77df3e0d15b219e879b,0,1,0,1,7,0,0,3,122,375.06
2981,e02139dca78ea913d8530cd80bb2973531629054,0,26,0,23,132,45,0,120,30617,8394.03
2982,a8e4e5c286a5a46efe576a222053abd83da2c3b2,1,1,0,0,8,13,0,5,67,60.65
2983,d115205c13105484f2d314ba3427e1c640c0ebd9,0,1,0,1,15,7,0,0,12,46.08
2984,12315b85974d34d49b17393df9b4915f74c75445,2,1,0,0,9,11,0,23,533,149.19
2985,940b37dc249fc336e639c7f966b344167c3ef22a,3,0,0,0,0,0,0,0,0,277.28
2986,2f06bfd29760937438bedbdac1a0c10a5027fa1a,0,3,0,0,1,187,0,3,3516,563.65
2987,65a7c129428beea47544cfe8ba7255813d8db146,0,3,0,0,49,3,0,108,6631,1099.55
2988,af295f5605983759a4673584982d6ff64aac374c,0,3,0,1,34,19,0,2,296,117.64
2989,08491e4f59350bfedfe17a5929a1c6f58523ff61,0,1,0,0,0,0,0,0,56,14.55
2990,b1595ac86b85c686f10364d248b201ba26700a0c,0,1,0,0,79,55,0,139,744,164.25
2991,2be66139d6d3189cd126ba146ef52a158b935f4b,0,1,0,1,0,0,0,0,59,46.52
2992,bd7c0c96f98cb38f65de66fb48a225f2c8326c2c,0,8,0,3,87,56,0,2,850,373.75
2993,c9073c463190d38f3ade7b836101428219dc9c3d,2,6,0,0,65,6,0,465,13186,2222.99
2994,d70e3d818093599b513dff356e7233a822cc1bc7,0,3,0,1,43,35,0,49,1185,237.37
2995,04381e1a6cd40a329937501bad6ba46a9ea04bad,0,1,0,0,0,0,0,0,201,44.47
2996,28fffb91b7103b2f356f9b427981b9795af156bf,0,1,0,0,1,2,0,2,25,23.53
2997,27f9a5cd7bddf43df6ac365507fa96db63d2243e,0,1,0,0,0,0,0,0,831,179.99
2998,9fda46c126b90f9d76d9e386a93c1a0b57f083d8,0,1,0,0,6,0,0,53,138,40.44
2999,028a672e2096c979f3d478b6d0200c203571fe51,6,11,0,2,87,138,0,69,3780,988.68
3000,1abf20084a3c41fc83953fb470940fae4a4644cf,1,9,6,0,138,62,0,43,3300,1085.28
3001,b31e78a4243d5f19a2c785d293cddbdead28baf1,0,2,0,0,0,1,0,4,504,105.21
3002,fb983be9e3826cc28433e2b211d95f02e5c9fbd0,0,1,0,0,14,0,0,9,461,114.82
3003,756840a814566932f95a86a26bb159eb5d101b93,0,4,0,1,6,7,0,21,1050,209.97
3004,4873d3a441cd9aca9244c527172909a5543dbd47,0,1,0,0,0,0,0,0,283,71.18
3005,09873f9d32564a3a53c5424eb826d22162641bc5,0,1,0,0,1,0,0,6,1853,269.28
3006,5b7f4bb5353977371d95e9ccb8e523f64d1ecd19,1,1,0,0,0,0,0,0,1508,312.42
3007,8cde506fb9213cb0aa062d3ce245bc0e4f7c5ecd,0,1,0,0,0,0,0,0,64,24.12
3008,5dfdc621f14f263eba17517436bec5c84da18a2a,0,1,0,0,1,0,0,6,57,31.37
3009,ddb9e96654df6077332b588bda47ceaded16305b,0,5,0,0,38,8,0,65,1511,342.19
3010,2803eed35e61fc6f53a0b8fd680b2eeab1c20440,0,1,0,0,0,14,0,8,461,97.01
3011,6f6f425a31ca4464f4e252d615efc0e982c01c0d,0,6,0,0,27,0,0,12,1525,296.01
3012,b503dfba3fc1451ec6e7bcb0a093fc1c92a2fb3a,2,59,0,40,13,16,0,19,7853,2899.61
3013,e4a99e979403e856435bc63ca3b4443cf3cced0a,0,1,0,1,1,0,0,0,43,48.67
3014,4ae5cc07c14464f0349857385334769f9822e1bd,0,1,0,0,4,0,0,7,338,64.95
3015,dbddf05a0ad6a8d34276c1fabae085e5b96e0d38,0,2,0,2,18,1,0,7,146,116.62
3016,82ebcfd458412ee871c639031378db0fba930461,0,6,0,2,113,111,0,302,8770,3312.49
3017,3b07b3fdc3baa5188ff44199afb70fdeb7d93404,0,1,0,0,1,0,0,0,145,34.46
3018,85d0b8f3bca73de7dc97eb07684b8f76d386121c,0,1,0,0,6,1,0,4,145,39.88
3019,5497b3c1552d3b58b8437621b11a8ce3d055e74e,0,1,0,0,3,0,0,2,661,153.85
3020,55163522e6210f5bf2b56173ebb3c7b2bc65ef89,0,5,0,0,86,29,0,106,2974,978.78
3021,b91df27d208b6fd40712c34853894991a0a9ab11,0,2,0,0,98,28,0,11,453,149.96
3022,6f09882c7f670e73bff6a9bf2c2a7f68d2daa1ad,0,1,0,0,1,0,0,1,1461,219.21
3023,4416b25b1e3b1197c68b304b21c76619be533e34,0,13,0,6,2,27,0,10,1695,523.93
3024,5671ab600b2a3236094b9d793db345d4193a44bf,0,1,0,0,3,0,0,1,366,69.74
3025,2b4c3659fa93e8c7027e59313d063ecc6ce37c88,0,1,0,0,65,55,0,2,496,117.87
3026,32f23b3d0e254034fd14a6ab7659cbd956738153,0,2,0,0,34,2,0,8,573,147.52
3027,4c5928faf9fb85ddea248adfda5f469cf55e1b0a,2,10,0,2,61,32,0,11,8520,1962.61
3028,18415285f587f810840b01bd2bffafd8edc07498,0,1,0,0,0,0,0,0,78,23.62
3029,e34f3890f32a7e46b659995ad8bf63a27478058a,0,1,0,0,0,0,0,0,194,37.97
3030,f38ee24ed0261f0aa0a4dc61f43967c2e43325e8,0,1,0,0,0,0,0,0,194,38.45
3031,3989c7238740888c8609833356400425f544bf75,0,1,0,0,0,0,0,0,228,46.85
3032,54093f6560f1b5cd97141b5fb2250bd8ff9396f7,0,1,0,0,0,10,0,2,181,42.35
3033,d322efdeb66ad75b0448b73f804b63d3246a1dc5,0,1,0,0,1,0,0,0,30,20.19
3034,c5b57b4558a2a138e639ddc1f53304c7eb91c0ab,18,15,2,4,83,22,0,0,2493,1143.53
3035,91b304eefe182b209a87c9afebc7a2fa916f010f,0,2,0,0,43,20,0,0,281,85.67
3036,4aeeda43772209f69b6aada8e2f59fe60c5f41d6,0,8,0,1,26,1,0,1,1747,403.44
3037,7fdc88916929efba111c12196310349d6d469f87,7,16,0,13,1,619,0,25,2205,782.84
3038,ba42613a5cbc5afcfc5895690dedf7df9cde7190,0,1,0,0,0,0,0,0,497,72.4
3039,4d7870dcc4d2b26f8344971ea04072d92c438c51,0,3,0,2,37,9,0,2,430,203.62
3040,cff96425fb2535e600935cc66f824086992c4886,1,0,0,0,0,0,0,0,0,812.2
3041,3d759b79c8a49cd0dfb02d3938d413f64f9762ee,5,7,1,0,27,157,0,44,3578,745.23
3042,5d19fcfd8328e89ac9ff5c4a31734d7ed152a501,0,1,0,0,0,0,0,0,610,97.33
3043,8e49c2a45de67cea6b80d466e5d09c1f8a1b9ac9,0,7,5,0,146,27,0,8,3578,623.88
3044,9806433ee9ab44e686622d9435bc105da29ecb9a,5,7,0,0,27,146,0,8,3578,703.02
3045,4d4129231b0dc97e802d9daffca4dcdfd5076ff9,2,3,0,2,59,27,0,27,285,226.75
3046,c4ff575b8972e6612de6b52de1a822943b54b1db,0,3,0,3,14,2,0,4,193,159.97
3047,b79c62dcbd26aae660b29b3e8c919af857925896,0,2,0,0,7,13,0,6,755,157.13
3048,7dc5908e6bcf37240bfd2c95fc1832999b03c476,0,3,0,2,33,11,0,11,1868,334.06
3049,726f822774b44eb0a68d29f2ad147dd7cc497638,2,34,0,20,13,676,0,94,6133,1677.01
3050,ac3c5eb6fa1fda0e64cc86e49411cf2498733f78,0,21,1,5,50,53,0,35,6460,1437.1
3051,51dc20638e858cff778a49ed38acbee6791e0441,0,2,0,0,129,11,0,49,2001,351.64
3052,5a408cf256c530d85e3be416315c8ffffff7440c,0,2,0,0,0,0,0,0,2130,308.51
3053,489726957e98b89035c8b336256ab94f12baf9b0,3,2,1,0,0,0,0,0,2489,470.94
3054,211e4e019b9813001e1ad906e771b6cdcd3cf1d7,0,8,0,4,28,6,0,19,1080,366.35
3055,f7f190a684f6097fcc6f34f85b68c4ea9c597559,2,3,0,0,31,8,0,18,3547,601.29
3056,2e5618b05392f9dd10ad1bcdc76c4dfadceab603,0,2,0,1,7,0,0,0,38,39.79
3057,16084720bb87632e7bbd81bcc407710fec8083f4,0,7,0,0,21,0,0,28,4193,751.46
3058,970b111774e0c6efce391ecd16c77e8387fe7891,0,1,0,0,0,0,0,2,876,122.12
3059,0d8874982c9718cd67097df3c4367b8123733d24,0,5,0,1,8,20,0,20,2777,541.25
3060,f8cb35d156b8969541692808874d4940c60ed85e,0,5,0,1,4,229,0,155,6656,2708.23
3061,f0f66f4ba98b9b75851083c5aa96a30024108daa,0,1,0,0,3,29,0,5,660,120.79
3062,d6bc735d19df09db5625c822476535f279ed5a5c,0,1,0,0,21,5,0,22,834,152.93
3063,9f1787fe878b9d30adf07ec3cb9fb317943b99fc,0,12,0,2,207,58,0,834,13362,5158.86
3064,5184c87734bd53be6843ac895c8ce4b17d2313dc,1,0,0,0,0,0,0,0,0,21.77
3065,315b38becc5ed23f1af29a59e921bf9a56483a14,0,1,0,0,2,0,0,0,286,71.73
3066,fd5c42253611e0a5644433828630331a9419ae15,0,1,0,0,13,11,0,0,175,50.22
3067,fb3663bfd49820bc06d065bfa8b6b7da32a6774f,1,0,0,0,0,0,0,0,0,27.67
3068,9fc960b905cfcec42b8e16b6a5af7035ac895c80,0,0,1,0,0,0,0,0,0,9.51
3069,ef1c657ca6d7932e9b569b3ea9c5649cada85bf9,1,0,0,0,0,0,0,0,0,29.94
3070,e23ba9b3cea9b6fd486628fb906eb5eb22618767,0,1,0,0,2,6,0,12,449,89.64
3071,3b23a837af794a240fb839b5093e482b5232c062,0,1,0,1,0,0,0,0,82,52.84
3072,e0c1dded33bc985356b68dbd2cfa449f4089d33a,0,7,0,3,10,3,0,2,2149,429.53
3073,778ab055a031e26b87a403bf172756a6f6674c3e,0,8,0,1,0,0,0,0,811,196.9
3074,c9a360e36059aa46d7090e879762d44d54fa2782,0,2,0,1,68,3,0,2,428,168.87
3075,2e3102f703dd73b74b42a992f22004b3eb212409,0,3,0,1,0,35,0,37,842,282.6
3076,9e9e1ab97d9f4c4a77dc4c5a5a85f7f3d689283b,0,4,0,1,1,30,0,18,1745,287.72
3077,07d670920e225e8b9c6e64bf297822ae5701eeac,0,40,0,11,61,34,0,76,11401,2119.77
3078,4cc31baec3b3fa39347cb8465e0036c92c0b183d,0,52,0,12,139,44,0,6,5049,1486.95
3079,47775d321dcc4fb273f855829dd3b1ba49384beb,0,5,0,2,37,0,0,11,2877,559.03
3080,f3aece94d285bd9accc2199dc536978867f24249,0,1,0,0,0,0,0,0,281,520.5
3081,c001f73c3766a90f63f6d11ed4e41d5586f7c61e,0,1,0,0,0,0,0,0,1916,262.65
3082,115a8fd4395ec863ef3d679d3ae68ee4cd3ea60d,0,3,0,0,7,0,0,7,1030,187.37
3083,96f6aa3b95c4194cc865bdfaa2bd1a4c0c185f69,0,2,0,0,0,0,0,0,1459,208.07
3084,ef1b95bab28cf65553568c479acfd60b1c52e89c,0,1,0,0,33,4,0,4,350,104.23
3085,d4e08292b7dfb2c3bc367c8c1b4067d1dcd29906,0,5,0,1,77,30,0,22,1782,479.85
3086,04b3f13b38a9fb9a40baa0e7f7647fd3568500d2,0,4,0,0,41,0,0,36,2638,512.13
3087,c4957a21d26a889658ca5c9fd7d46ce77117a874,0,3,0,2,27,0,0,0,90,92.39
3088,a7faf0d605668430021de2b50bd9546451ff56fb,1,7,0,5,121,21,0,11,858,864.48
3089,63760196ee5871d3e305d4d0d6c24bb4ef4be638,0,0,0,0,0,0,0,0,0,6.33
3090,ef20e8a8da4a8b154c75a421ff7c963543296ac8,3,9,0,3,84,22,0,72,1687,553.56
3091,cfafe13c1fc4b7f0f3e8f01f69c91ca2a030b836,0,2,0,2,12,0,0,1,139,121.23
3092,c8486bb7052487867fe9c7221681d4d4bc027541,0,1,0,0,0,0,0,0,403,58.94
3093,1793a0bbcd51ae73047c08c3e308939228eea73f,2,15,0,4,141,45,0,40,5872,1733.91
3094,08671a41297e26461c00842d885d070bb449a4e6,8,43,3,6,13,109,0,17,12463,2762.83
3095,dceffb1bda9445c7269c8affa4fdfbd376dc8356,0,8,0,1,3,31,0,6,948,250.11
3096,9fac4877d3072c3589370c9d0446342ee2658ab6,0,3,0,1,0,4,0,0,431,118.69
3097,fb5883bea6ad58a3761998b995d9897d30983906,0,2,0,0,40,13,0,28,965,201.96
3098,5640731663a50b583f7779a62dcfe05385b360ca,0,1,0,0,3,0,0,0,113,36.85
3099,58aa9d60c04ee7c8409203e5a443f0f73f4a5480,0,1,0,0,24,17,0,16,321,112.59
3100,e9555cb36e91c77d5a5fe7abcd74e267165be700,2,1,0,0,0,11,0,0,302,603.98
3101,14e3bed5845a032c9cddf9a8484f10786c27ee8f,0,1,0,0,31,10,0,1,109,51.71
3102,3e600deba265c02283c9a354e25d9f6652240945,0,1,0,0,0,0,0,0,140,37.62
3103,92c98a76d111c4f8870bd8be15f3cff6fd0ff51b,0,15,0,3,4,9,0,14,3823,798.11
3104,5807515e54cf3e936669c151eab561bde101b020,0,5,0,1,0,0,0,0,1085,240.75
3105,0c504ad79fbf88567172308625c63bb65ac0a2cd,0,6,0,1,21,0,0,18,2951,531.75
3106,0c56fe3198c9404c1c1385335a36a2927e366efe,0,1,0,0,1,0,0,0,99,31.52
3107,21e5b5200d1c27834b8048a384c5a1b126ccb8ea,0,1,0,0,2,0,0,2,884,135.29
3108,8d70de20e0d2e81abebd1f65f4b6d518cf0cf09e,0,1,0,0,4,0,0,8,208,54.36
3109,deeb84ae5a545684d13fc902fbe435073bafe21a,1,11,0,4,76,23,0,55,3480,778.04
3110,bca9450cf2f6c6b9bec641fd05d34b21844d77c5,0,1,0,0,0,1,0,0,211,47.94
3111,74a23195f85675e478db04347bc3b6cb74baaec6,0,11,0,7,62,58,0,34,573,368.97
3112,7beca5364483061b081b8a7f4eefb98abbad9314,0,21,0,9,63,0,0,19,1673,849.54
3113,60007bbe63c9433bbc320b519b7765bb5fda7ee5,0,7,0,0,1,0,0,0,3211,542.77
3114,a1079157eca60ffe5eb79c627d4c17df2c275c14,4,3,0,0,23,0,0,30,2376,493.0
3115,b1e92a474660b7b8a3ca66cea447e053261fd13a,0,2,0,0,14,0,0,0,148,54.01
3116,94bd157d214f05e820d2ea7521e685f4e00f24af,1,1,0,0,6,0,0,1,526,135.12
3117,c543a70e68ffc4c9e3539d4b006ae7c391299d0a,0,1,0,1,2,0,0,2,43,45.86
3118,27739350c08e3f0488c7d9823017cbe18f39817e,0,2,0,0,29,1,0,13,934,180.92
3119,176ddb066c2011158b5dfb5c036a4af5687a70cd,0,3,0,1,646,38,0,18,762,401.92
3120,4e0af48fe43bcd8721b7064f894667a12a0c572f,0,17,0,8,18,0,0,4,1922,1119.86
3121,f77e5b5bff0d7718890d2f2b44f65dacf26ac4d1,0,1,0,1,0,0,0,0,25,49.28
3122,369b436bffc1dee149830e5ad47930cc4110d8de,0,2,0,1,62,30,0,1,367,134.66
3123,485cf1a3ce2c29e5e6206df572a30bb16fc416c5,0,1,0,0,3,0,0,1,100,31.52
3124,a7fa6e348afe98b71ff9fe2e4663c656e54f9add,0,2,0,0,27,2,0,9,1095,215.22
3125,39954ddcd4b6e825012f394072d38a92b2171fa1,1,16,0,0,179,1340,0,478,16518,3026.83
3126,36164595bb7b6ef9947396981bab3ac8400517c6,0,1,0,0,2,0,0,2,211,54.39
3127,19b8272c4859db2ba0c434d9d7e43bfc37090458,0,1,0,0,0,1,0,0,804,122.69
3128,f31d7f7eb211e49e25400e5839bb6738a91f7975,0,1,0,0,3,5,0,2,354,89.07
3129,f26e14a1b1e2ef51e8bca9132d98ccd29270ec19,0,1,0,0,5,0,0,0,177,41.72
3130,fcc11f61e5e44f6f94d546a0558feab9c013baf9,0,2,0,0,34,7,0,22,844,153.95
3131,2ade9c0048e94dc09aa6a1593d76a94a56cc8e48,0,1,0,0,0,2,0,0,150,36.28
3132,641a592b51c968e6d43f6d875e176c406390a53c,1,16,0,1,128,74,0,70,4723,922.4
3133,d4f760429867f3c04b65dd65c6c0ac5840bac356,0,16,1,0,59,128,0,78,4723,834.53
3134,ad853582b47ad26ad4b31a01a6c6af31e6c2d8a3,0,1,0,0,13,0,0,6,414,78.92
3135,e4711dc7143b2ae05a473d3c092769324665fb9a,1,3,0,1,7,17,0,6,983,296.82
3136,cfb6fbefe2e7376c2644bff90f15ddcebfbe4ae0,0,1,0,0,3,0,0,0,131,42.95
3137,64147bd02fece8342ad01b0e1f89e157eb0b456f,5,4,2,2,3,1,0,2,673,425.4
3138,920153a85984c78271c605e650a2a9867653d168,0,1,0,0,0,0,0,0,146,31.43
3139,9575f0f0a0a1d1d001a1703aa6575718a38431f9,1,16,0,0,131,59,0,80,4723,903.34
3140,96c32807dd32e2883eef7bf6c95915eca84bc938,2,10,0,1,76,30,0,29,2434,955.82
3141,2e2eec2d0634aa1d5dd732bcd02147c969460c39,0,1,0,0,0,0,0,0,427,71.46
3142,238bcb34daf1985ec12e36a6e036b348e54a915e,0,1,0,0,3,24,0,9,1901,282.48
3143,2c2e0bc6cff0f2fd38467c6da449dfd6e9034add,0,1,0,0,1,3,0,11,681,155.83
3144,db4a453149521a5e225be5f10183176096b15025,0,1,0,0,0,0,0,0,0,17.32
3145,a06597e34aca16f553406cc7f3663f1fc456816c,0,1,0,0,1,0,0,0,1521,248.77
3146,ee766c07f9550efb41e0f44c54f22e70f6d851b3,0,1,0,0,0,0,0,0,61,30.3
3147,7b17ed9e91f324ad2aac258bc5df0bf375e841d2,0,2,0,0,46,17,0,46,3409,536.35
3148,7adfd368cb619252fd64a916ad23a8c3218b148b,0,3,0,1,0,0,0,0,2633,436.52
3149,b996b19d8e02787b245f6bdf551cc687e861f36c,1,0,0,0,0,0,0,0,0,31.38
3150,0c9a81436e58f70018f8379677ef09b3f6f75ad8,2,3,0,0,2,23,0,3,378,118.71
3151,c19520a9563929e84fd3657758f827d6519bcf64,0,1,0,0,2,0,0,0,213,53.99
3152,96214c1a7c257d62109f0e4c350da5bc10f1a01b,0,4,0,2,0,76,0,53,5248,2359.86
3153,7409c4ff9ddd8a83c6a7a6c746f4cfc36a410a94,0,1,0,0,26,9,0,1,107,66.98
3154,da18540ea37ad4e80cf0616a2234ff60de0339c4,0,21,1,2,71,90,0,59,6150,1337.75
3155,c56eeb95980893a60e3b382ea560bcf8312671e4,0,3,0,0,0,0,0,0,402,96.15
3156,6298623a2feec5e00730b6bc48a330ebc5cacb4c,0,2,0,0,32,1,0,3,630,138.57
3157,f17016bd5b2bb497e8fa5e1f5090ca56bf138af0,0,21,0,3,102,66,0,24,6179,1230.63
3158,4580a66bbbb69f13738d7d97366c85a3b5b91d6d,0,3,0,1,20,0,0,5,2154,382.45
3159,644cf0f636b3d8df28f79689e0e30731ee649825,2,9,0,3,53,73,0,52,3193,799.18
3160,90417abe51e3a7d187b5b5aa1bc0097c4c480c10,0,9,2,0,73,52,0,50,3194,1008.69
3161,c4fbb3ae2e81edaf95fbdeacbcf7624c994a1cf4,0,9,0,0,52,73,0,51,3194,601.49
3162,3b345cd68472cae7962bb1cdbdb7175c881d7c84,0,1,0,0,6,1,0,3,204,48.82
3163,c3e140cd14c4895160c7eee1a5c9b01664b83477,0,1,0,0,0,6,0,0,204,39.65
3164,f60b8246e737f0f7e686f7bedd7bd376288d03b0,0,1,0,0,8,0,0,0,204,43.53
3165,538798fc95e59ba20a2d602bdb4f30f002f3d6e3,0,4,0,0,64,41,0,6,2218,366.56
3166,29a226e1894df0265b0f1735b8b0e57e5a5e7306,0,4,0,0,41,64,0,6,2218,375.99
3167,3e786cc5484bc6a5d2f144f5e1d501f9356e495d,0,1,0,0,1,0,0,0,132,37.69
3168,6c1aac8f0ef973bf1ce661c94f7740223366c9e3,0,4,0,1,66,41,0,9,1917,431.22
3169,44b054897b1c238ac88536ab04af564e7410152a,0,4,0,1,7,20,0,2,1014,236.92
3170,507565e35fb81d914e4e339668e552d31841b28b,0,1,0,0,1,0,0,2,105,63.33
3171,c637f33c8c3c4b85316f1786d10e8e1ed92d9651,0,4,0,0,26,6,0,28,2629,424.42
3172,963d5f007f2c3cfd0b95cfd4a5e2cc6f08c0a459,0,2,0,0,10,8,0,2,1004,183.27
3173,474163397a4edf231ddcc738df6996a712f0bdc6,1,3,0,0,98,0,0,5,577,240.23
3174,f95692ce655c2194ab3339d80fab26a21ae3b91c,0,10,0,1,769,216,0,367,8320,1714.8
3175,d222498586de36cc98d6aae84b5aa4136ae7d7d1,0,2,0,0,27,0,0,0,424,89.76
3176,4d7b2824beda162637d8d72c97381d89f1383f59,0,1,0,0,0,0,0,0,1500,247.39
3177,48a565a739b7f9f741ab2238cfeb3e64a8d827e7,0,2,0,0,37,15,0,11,251,82.2
3178,1cdaa710be925a0c18bf90da08339bbec10e3694,0,9,0,1,5,16,0,13,1639,403.76
3179,275382a7c7feae7d990f0ac01c32805b7e135e7b,0,1,0,0,99,97,0,0,0,58.07
3180,8dd5332d5d709651f3632f6c86ce7ccab15deabe,0,1,0,0,0,18,0,3,1914,714.66
3181,1d330c9478499619a548b9bc0277aef90265dbd1,0,1,0,0,0,0,0,0,391,75.43
3182,657c26acb8f78b0d86e0427e1bd75e2cddbd928f,0,2,0,0,33,0,0,9,536,115.26
3183,0d95dc61e80b0660d2efe5a856232a01aba1345c,0,8,3,0,65,80,0,2,1911,478.02
3184,eacea17618933ccec6f26bd213da5cdb2ba71e97,0,2,0,0,0,4,0,6,1498,241.81
3185,808a3378bb457a724eebfb81801c5314076e1a58,0,4,0,0,66,35,0,6,3122,615.0
3186,023a37dd25d9d082f9a3bed699674867f4bbb729,0,1,0,0,0,5,0,0,81,34.62
3187,1641957baa4bd6e27e9b11395edf26ac17ef64b5,0,10,0,0,721,608,0,787,12214,2584.92
3188,1b5576c69308eb2372c37359ab3a41379424eb18,1,0,0,0,0,0,0,0,0,30.81
3189,e1118764dec7f841f76711071b60b77dbd56ca16,3,9,1,0,48,121,0,11,4178,826.8
3190,8ab32498b9403ac219c6d0af155206efde90d6fb,0,1,0,0,3,0,0,2,1914,291.4
3191,5b665ad594910ee02f50c6a2929d1b666ea2e9b9,0,1,0,0,15,8,0,22,337,87.26
3192,2ade85d0b8935b74d55a5d3a0d0b13fa65f127f2,0,1,0,1,1,0,0,0,9,32.66
3193,157f4eb83dc8b76901bab385137e2aeb1a748323,0,4,0,0,25,0,0,28,1492,299.86
3194,003a05896e9dcf2a5f863acb14c7b33933b35589,0,1,0,0,9,0,0,13,494,99.52
3195,968facdd0a35275adab18ab1126963ab11747130,3,3,0,1,37,0,0,2,299,185.94
3196,b9b6c9293f365caa41526d922068d1af8ddfec12,0,2,0,1,1,0,0,1,285,103.85
3197,419aca3b6c57245a343ea815ba4408316ed00976,1,2,0,0,18,0,0,3,94,69.61
3198,39c81b04e7ddd3e84890b37f1ee6c3f0c21d5812,0,1,0,0,7,6,0,9,70,30.76
3199,6fcae1027d7e866038aeca2886980709c8ed9b68,0,4,0,1,4,19,0,16,733,199.2
3200,7df6eff97002be6531fef2a1877b450e8dd93657,0,3,0,0,57,0,0,31,166,476.41
3201,95bd04444b9f92bea03291396979b0b1cab9c1d5,1,3,1,0,0,6,0,0,712,131.18
3202,ce4595ad674ae3ce40902638312b66a444cedb04,0,2,0,0,13,4,0,6,947,192.03
3203,609a1d3aa757870730ad828d73fb214eb81e3af4,0,2,0,1,9,1,0,16,1665,295.67
3204,68fb6c687789d659201f60d0cbda2f5eb854b7ee,0,8,0,1,9,16,0,52,3071,588.97
3205,df04846da56ddc6839dd6ab212625f9ec5118c4e,2,15,0,0,76,68,0,38,7822,1536.83
3206,e3b688719c1b9268930f1dc237d9792fb739a469,0,5,0,0,9,6,0,18,1038,201.94
3207,b947807291331c9d4963c691ecdd91c8d2606e23,0,3,0,0,113,61,0,22,2288,455.8
3208,59a2adf71472b5aadfaa5039218e564008411bc3,1,2,0,0,3,4,0,0,831,193.9
3209,e6ef5ce98152afac8b672f8b8aad454dff096c84,0,1,0,0,0,18,0,0,32,16.27
3210,d2fb5a546fd4c72ca511b2f3910b6494f7c735f8,1,7,0,2,21,54,0,92,2435,530.0
3211,8bd7bffb36ce1d76eb20274e8f130f76cea86bf6,0,9,0,3,50,21,0,1,1882,468.46
3212,a8658d520e28b346eeddbf480326888b5d5e377a,1,20,0,0,25,17,0,0,3710,790.72
3213,c69c94062a74316887c821731b8ba8c62c1c5be7,2,11,0,0,18,70,0,23,4548,829.04
3214,b251b573905b3621242cb6571a7e3b46def3536a,5,5,0,1,2022,468,0,356,11585,4548.95
3215,be33f38ca5cf2d3fc9116cb5837b46b6f7af0f21,3,2,0,0,9,54,0,5,684,237.0
3216,ef53214f0261b1a54f299458af58494d8a27040e,0,1,0,0,0,0,0,0,583,112.05
3217,cb6f28685839dca48b74a1e2949f7c56ee7e52b6,31,11,4,1,308,125,0,115,15637,3789.71
3218,77ef4a85d2d942455eb776ee26deb77f7490732d,7,4,1,0,19,0,0,0,1136,398.75
3219,eb4346f14462e6cbce6e6d9bb98b9ffd2d9b9422,1,3,0,0,715,0,0,18,8328,1908.26
3220,914cf71b6aad6aa5a0eec1aea4f5d7483220735e,0,3,0,0,84,0,0,2,1069,615.61
3221,71b0e2c0a8e13c584786065944614a6ce31adcb4,0,9,0,0,260,52,0,40,2865,643.1
3222,77d05003e37f17cfc7bd413fd57b0f1cae2469d1,0,7,0,1,51,18,0,2,251,164.8
3223,46b05ab21ff544785333f9c3ca85fe1e84a67214,0,2,0,0,0,0,0,0,27,19.54
3224,eb9353b244a9766e88502a5416c8009016cc5fa0,0,1,0,0,0,0,0,0,111,28.44
3225,03cf01614f0543cbea9955f6dc175a0fb1772f26,0,1,0,0,1,0,0,0,36,35.54
3226,4286acdb2b7e1c4f9de480357c387c8d8c3bc033,0,1,0,1,0,0,0,0,24,31.94
3227,98cc234a18302980ac73e18dde404e97dcd5e595,0,1,0,1,0,0,0,0,28,34.32
3228,98b2a687aa09c364d83b56bd4939acc8e844027f,0,5,0,0,81,120,0,51,1277,322.07
3229,8d1cf84aa026d34f460c06c5a1af8841b287a8cd,0,3,0,0,6,8,0,10,910,207.36
3230,8da4eec9a4b31e3f81eab7a722c16c58a42b1e0f,0,5,0,3,0,3,0,2,104,92.02
3231,bb5c15894e33ae001d4963d21e07a20ce9cd19e9,1,30,4,5,256,304,0,24,3990,1172.15
3232,1727ddc6c3596ba10fb2b65120e83f522ddf5dc5,0,1,0,1,0,12,0,0,284,165.08
3233,9bc5d78e3a7b4f39dcabf698d29740f210c605f4,0,1,0,0,17,18,0,0,613,120.03
3234,55a44243a93e1138598f17f799ceba3bdb6a6e53,0,7,0,3,95,0,0,13,1478,448.6
3235,c9b3e9b2dafbe2f297e5342cc984d65260cafe01,1,0,0,0,0,0,0,0,0,53.93
3236,82df28fffe7025db6fa20e06343d16f52f40e3f7,2,11,0,1,123,151,0,162,8040,1551.58
3237,10969660fab811327eb9b8c2e29871cacf5e985d,3,2,0,0,17,2,0,1,1993,413.26
3238,b3bdc04f4c7154637f16e3108ee737431098443c,0,1,0,1,0,0,0,0,89,76.37
3239,232fa82451f498fb8f135c6d0479e7d4403a34e9,0,5,0,1,43,32,0,33,1347,354.55
3240,43ddbac4848a8cb1a3a91f634a3707e57661603a,0,5,0,4,8,3,0,11,350,636.2
3241,0dd232a66b436775f919e0a35c9ba1e84d563258,0,2,0,0,11,0,0,0,102,44.05
3242,db5100a75fd2edd34cc9549f0603c3792eaf702e,0,3,0,0,64,9,0,5,884,198.63
3243,33d7976debe07cd65d465d299b34bb234906f847,0,2,0,1,0,0,0,0,164,63.91
3244,253cc4c21255078385356b9edf4f2b20f72b9a6b,0,9,0,0,87,62,0,48,547,226.15
3245,3aa26c113444f9ac533749ccb234283a082a01bc,0,1,0,0,23,0,0,0,67,34.0
3246,e3ce13909d9d57954fd38ffa7839a66262c83052,0,7,0,1,87,61,0,4,320,184.62
3247,1e414a44133891a66c1556382ff43ae031a00d30,0,8,0,1,5,1,0,11,1369,305.31
3248,0edd9e13d9abe3c30639daa4a2811e0eedefcc3d,0,23,0,6,78,74,0,25,6665,1244.33
3249,6c8228e18b8632d6d28c430e73c2df507f06df40,0,8,0,1,4,1,0,2,1397,261.5
3250,8a67938298d0241dcbe83b72cba4174b1d7694f4,0,1,0,0,42,0,0,0,83,39.89
3251,f70ed5ab6de7cc71592a1714c9a3cc03b115c7fd,0,11,0,0,5,0,0,2,2964,482.63
3252,bc37ac15538ffa6504bd8d7f9b28fc2cbe4d4ccf,0,2,0,0,0,8,0,0,330,66.4
3253,6a254004094d53e1302b27c98de9962d978c4692,0,3,0,0,4,0,0,2,269,65.03
3254,9c73385702d3237b5afd5f3c43453816eb6e3aab,0,1,0,0,0,9,0,0,80,24.89
3255,78a837f00a41c85bfc5516edbdce793139d261e6,0,1,0,0,1,0,0,2,90,30.12
3256,03d5cb8082e3615bfa716c5da5f3635eafb991cc,2,1,0,0,43,0,0,7,57,116.62
3257,d0906be22ceba9f4d6fc5e5d72fb8cb20d73b9a1,0,3,0,0,19,16,0,6,846,183.74
3258,69523a5ef8a98a13b9d5090404f2421d628fac82,0,2,0,0,18,5,0,11,284,74.48
3259,6522e34e102b94fb6a467de03ec8c4e1bdbb40bd,0,2,0,0,19,12,0,15,88,54.86
3260,0efb9a3603cd99ae414a7706360b9547144bd52c,0,5,0,0,4,1,0,12,392,498.26
3261,3b006f510e98f24d640b63e393a1dfcdf0e69f53,0,2,0,0,2,2,0,2,94,44.01
3262,4405698ee99fe26d0ac9317a2df96096f2731a7b,0,1,0,0,0,0,0,0,70,23.76
3263,465ea7f99ef6922c48316e02421f715bb723ffca,0,4,0,0,11,0,0,4,475,98.19
3264,51a50ea82657fce195d7dc1acad6a0aba528e109,0,2,0,0,0,0,0,0,178,52.5
3265,b96a70d70d07ffb4adf9d06656c7f04e15cc23a5,0,1,0,0,1,0,0,0,119,32.76
3266,11604eed265a3a42f08c8da5bf056ed0696fc102,0,5,0,0,125,119,0,97,2377,424.2
3267,ec857a7cded7e136f40ca5be94d10fb64377d4d7,0,3,0,0,165,170,0,235,3954,607.98
3268,55cf256b36929882707e64762c0c5b5c6f122cb4,0,1,0,0,0,0,0,0,631,125.99
3269,11d986a0effa3317d03d02e7e207338e8ba72281,0,1,0,0,26,0,0,8,94,35.74
3270,851141a35746241636a39315553f49d89643b358,0,1,0,0,3,15,0,1,350,86.62
3271,3fc3bcf275563a827d6ad2e7f3bc7a8687ec4800,0,1,0,0,3,1,0,0,172,41.58
3272,42bfcc10239e40b4ab62521e704b6132b0389731,0,1,0,0,1,0,0,0,85,29.41
3273,bdf35759ed3374d7c56762ee1e6c873f2c85678f,0,2,0,0,5,0,0,0,187,53.11
3274,86c669ff3ea68cfcf1d77f2c4d48b3002ac4d01f,0,2,0,0,1,3,0,0,126,40.98
3275,a0d6e79a4c6beee7b069dad7832ffc93f330bfa1,0,1,0,0,4,0,0,2,881,161.36
3276,900be56ea11917d6b19ffa1e02b3007993ce5097,0,22,0,1,28,132,0,57,6851,1168.78
3277,c36b6fb32c7de93afbca0ea08f5678453cd2bedf,0,34,0,3,134,39,0,28,2949,789.23
3278,a6f8131f9d4042915b672efc9b35a819634e09a4,3,8,0,0,3,16,0,0,1228,295.01
3279,ae300d6759e958205c376e7763f86c2ddcda694c,0,7,0,0,42,90,0,84,9313,1815.07
3280,1a766c42a1890b04a2991d39276e721c689777f5,0,12,0,0,46,3,0,22,3364,975.39
3281,154dfdf2edd06376dd7c22ae9e55c7fd4a6d4859,0,6,0,0,49,12,0,7,983,238.07
3282,d880a60612bcf52a6d7dd2157b35f51b273cbc63,0,2,0,0,0,0,0,0,123,35.95
3283,f66bbf1ca4868bc1be8293cb2ff5134c997bb80a,0,3,0,0,0,0,0,0,76,43.3
3284,eff9b82421df9f654f021b5a0d485b0a7c4e50bb,0,1,0,0,9,0,0,7,352,77.36
3285,78b8109fdc788aca2c5a53e7cb048fa09b3b65c9,0,1,0,0,0,0,0,0,24,16.18
3286,646173a5c5cc5ce06f666b4dc1403777b45db481,0,2,0,0,3,3,0,3,673,125.85
3287,4224209d2803b01176523a8a9f67e257ecd2a192,0,3,0,0,37,5,0,14,217,91.45
3288,b006b61ad55702b687a5637ef846e4386bada3d8,0,1,0,0,0,10,0,0,42,23.58
3289,2eeb5761b3ba472662ddaf7cc4b8f4589488cf71,1,19,1,0,131,109,0,118,4388,914.87
3290,a07485a8d856d48d0e4ec1a79f8f4eb255aebc5a,2,6,0,0,47,0,0,39,2986,518.44
3291,80e3bf8675eb042fa60d2b70d3477374e7d057b1,1,4,0,0,7,0,0,18,467,154.5
3292,2e2d95af144057f3161da033bbb438f3bfa28963,0,2,0,0,15,0,0,32,337,137.82
3293,76314737e317fad11d2b2fed7400bfd81e57cfdf,0,2,0,0,5,0,0,23,369,75.18
3294,21eda243ad699fcd25d9e5f889969b0e0c69ad35,0,1,0,0,1,2,0,9,46,27.42
3295,8046661cd9715a8d69c4cdce03748357ef0f5009,1,1,0,1,7,0,0,0,60,77.53
3296,15a54ea4b4a259b5bee1756bba7c3d84c3309160,0,3,0,0,16,2,0,1,94,46.89
3297,dc470e0be70baaacd84e709eba6e9c2b92685a42,0,2,0,0,0,14,0,26,337,89.04
3298,9051c5554218c322943ec94645bf0737174157a7,0,1,0,1,4,0,0,2,134,91.72
3299,26d688ff95a757b826ff3be0214284c641b2dd45,0,2,0,0,36,67,0,23,2385,371.88
3300,0a0d9310c3f61f1c971d993d7027bc5475d76920,0,3,0,1,26,0,0,0,1016,721.71
3301,8cdefe6bca49885c807ab173a1f941e36689a4e3,0,1,0,0,12,0,0,1,253,64.48
3302,ff0bc7c5ea92cb134283fcfaed78e66dcd6f4e23,0,1,0,0,0,0,0,0,130,33.04
3303,70b1899e888f7eab1ad54f06da72c96901544ee5,0,2,0,1,11,8,0,0,879,367.13
3304,80273bd8e7b347bc9dafc30ce6a556a2def897f8,0,8,0,0,2,9,0,0,807,171.05
3305,2634cc1855c58193a1767664ad8bb75b217d39ed,0,2,0,2,6,1,0,0,17,58.15
3306,3a1b53f2fc106a2f73bb6e428682ed659869973b,0,1,0,0,12,0,0,7,671,137.88
3307,95969df094c6d13fa0a7303671e3a188ac685204,0,1,0,0,29,15,0,10,346,88.37
3308,879d5917c97d21b409264367c01867dc653a2700,0,1,0,0,18,20,0,23,355,85.3
3309,1429b373c69dde5c27f1e48f604190288c453198,0,2,0,0,2,0,0,15,374,84.33
3310,d40c5b2e83bebc85da25168326f8c7ecc22021e1,0,3,0,3,0,0,0,0,247,162.92
3311,935e8d57d356bef8fde6f8c817f7bbb4bc8aac68,1,0,0,0,0,0,0,0,0,64.4
3312,d3b6e25aefdf54c80c3910ee5848a8c3ddbcd612,0,3,0,0,0,26,0,0,1016,204.19
3313,748b8f1a4c1a6180548719da5f40e3ab2915dd36,0,2,0,0,15,27,0,3,432,95.62
3314,6ae6e5559bfcf61016055ee31e7ec22cb3bcb40b,0,27,0,4,69,42,0,87,9824,1848.72
3315,e67d82a2a0b95348a176875be87c7e76a07d13f4,1,7,0,0,16,54,0,28,1266,321.29
3316,7f2b36e72f55cbae4a31ad73c2337355e29f4a02,0,3,0,0,30,0,0,48,1986,326.75
3317,57cb60b2ff00d865c481a1cc11ceee32bd685345,0,1,0,0,2,0,0,0,53,24.02
3318,faaa3a6af86874e03539b06293a1ede920c984f1,0,1,0,0,0,0,0,0,55,21.64
3319,2cfb9cae5d20b51863d52a034a40909ad0070c04,0,19,0,2,51,130,0,14,5191,1094.41
3320,3a23adf5abac636f43e26adb95588947799339db,1,49,0,10,187,577,0,119,14327,3506.07
3321,713ec8c4a74ef19bd2f058e5ac64496db9fc2617,0,2,0,0,88,0,0,0,643,149.22
3322,95e4f530900137ac337af6ee4caf72b2327406d2,0,2,0,0,10,1,0,5,153,61.63
3323,c11bd4a4646244b81b3895b7db49e8228db23fd8,0,1,0,0,1,2,0,0,602,111.19
3324,df4748b3691f04121e72fa0513492515d0d9808a,0,2,0,0,35,35,0,15,212,82.88
3325,ffc8e66a5752e952aa8821462cda7234a2c0c788,0,1,0,1,4,0,0,1,14,34.62
3326,16c7c1e769e65c6836526525cc432e83da3de736,0,1,0,1,0,0,0,0,628,274.84
3327,20816c9d476a442b1b189335870fdd82db28a5db,0,1,0,0,1,0,0,0,300,69.44
3328,cff351319f9c43e76c79084f398ea5d32d039c78,0,1,0,0,1,0,0,0,78,28.59
3329,7dbb307f2aa07e70ee6ace1c45bf6ec106c47c0f,0,1,0,0,21,82,0,26,411,91.42
3330,8090a75a5d91eb5c6d286ceabfe935f7a16dce69,0,1,0,1,21,0,0,0,17,36.09
3331,6f97d4b20db45e0c034c482ee39bedf9e7a26030,0,4,0,1,34,6,0,20,2121,414.46
3332,8c68535d1af5bb5d8c08ed3baf168acc1324308e,0,5,0,1,59,1,0,6,2545,687.49
3333,88c3d9da6def57a29135438ad4c38f0ec56ae739,0,3,0,0,85,1,0,26,353,121.31
3334,566989a455f644b033eaf6ef399c68850dc6107d,0,1,0,1,0,2,0,0,80,55.63
3335,9c0656b40a5db1b25347e43c264a6d629e3f12d8,0,1,0,0,0,0,0,0,630,103.46
3336,48debe39f06a896b8abae9be9f17788f80467451,2,2,0,0,62,82,0,24,709,242.38
3337,aa4092c83d5a5508684fb388bea19a8cc9cc431e,0,3,0,0,17,1,0,0,641,159.31
3338,551c04f173f5f481c245959d63f738d29b2d8cca,0,1,0,0,19,4,0,0,128,86.03
3339,afa31acc6467ae91a8e0b64d552dc1359b5d5edb,0,1,0,0,0,2,0,0,0,37.54
3340,167766c26210d4209c9611082da3faf3ecae661f,0,2,0,0,9,9,0,5,173,459.99
3341,16589af63455f8c251a501acc629eafeecc4fa42,0,6,0,1,1,0,0,6,1418,325.38
3342,eb039567de39891729d3078b65d4338509c61d78,0,22,0,2,98,111,0,125,7557,1537.45
3343,e8b21aad62bdea694446933973c19cecec961003,0,3,0,0,0,10,0,0,639,117.96
3344,839ba8b4c5a9e469519074c2ab71ecc0fd74e92f,0,1,0,0,40,0,0,0,61,38.31
3345,302ce0325b2d1bd81eda216ec2cfef1d329b2991,0,1,0,0,1,0,0,0,120,34.47
3346,a832f774c4b6b067de271710103bb06f6d583b9a,0,7,0,0,221,25,0,44,2795,562.62
3347,dce86001ea86cd17a3e26bf4f1930aab10d38306,0,3,0,0,57,47,0,9,460,111.84
3348,c352a848a1af318df4f0348728fb136ce289d3e4,3,0,0,0,0,0,0,0,0,83.73
3349,01bb6237451a26747db76a85bdc3b39a3de9035b,0,5,0,2,43,14,0,13,428,191.06
3350,fd4c887cd06809d79e9a41c55fd83cfc4f9fc4f3,2,1,0,0,4,14,0,2,116,197.2
3351,76788fd5bf9e5cc79ceaf24739d879ec287faa9c,0,1,0,0,0,0,0,0,34,28.39
3352,6722e26df16039e9c91d791ef58a585d4b63c938,0,4,0,0,35,0,0,40,1378,327.89
3353,d5b03c364882fbedb5ecc2af804328026d59f996,0,5,0,2,46,0,0,14,648,367.49
3354,e253150cf3699b6ed71b88745323c3079bde493e,0,4,0,0,0,30,0,30,1383,291.3
3355,75105027a1b30f284258938e6bad3f5547452aa6,1,3,0,1,40,30,0,2,155,125.77
3356,5fce119685c9b2db1afb7189dc7bbf631b2933ac,0,7,0,2,74,60,0,38,1785,415.03
3357,66d90f865e967333fa243ab3e5cca081c478d3e8,1,10,0,2,77,21,0,20,2882,608.7
3358,e38dcba6c36e841ae589b7634a7a06d09f908d55,0,10,0,2,128,11,0,87,4821,1473.3
3359,dccb58a92dca5176b33bfcb3eba320dfc0bd6fbc,0,2,0,0,34,23,0,8,2370,343.61
3360,708669b53f70acbd69eaebbdcd5650bed6803a79,0,4,0,0,33,0,0,40,1383,725.88
3361,d37222180205b88f076e563d6669509a7f1e5cdd,0,2,0,0,36,0,0,21,1303,263.28
3362,4742310a5faacc8399b6eba0d4adc3ca22934d4a,0,0,0,0,0,0,0,0,0,23.29
3363,f7d02a07d8c35cc478f43c314611fee6511d78bd,0,1,0,0,8,0,0,7,94,40.55
3364,9066302dcdb0a5f4186937bfd92ee1a0d1529345,0,10,0,0,24,6,0,4,2080,417.72
3365,9a528fbc1715ceed8b7bbbaf786107a499e71065,0,4,0,0,14,1,0,2,381,107.87
3366,0b6546baed3a0cc0c610bc3f30f795fd1a55fb5d,0,4,0,0,2,2,0,6,848,183.78
3367,3d6dee2c3cd2ff9f0b71eb431a49cabfb26f50fd,0,5,0,2,48,18,0,0,1931,376.71
3368,56fd88fff669763d34395bfa1b1a952d13af6a42,0,3,0,0,113,7,0,4,596,168.28
3369,0d8c61cd88f1f409519b52ff0a0f897536f32486,0,1,0,0,37,0,0,0,45,53.82
3370,3fadf1075b31f20b137421f0451786e8e24bff37,0,2,0,0,14,0,0,8,340,150.4
3371,b0e1395fc62b829658ebfa2b9b53297d7e7bfcb3,0,3,0,0,57,14,0,71,1195,249.06
3372,96a5c023c20209b0875a997228d4c1ea5492b837,0,2,0,0,1,0,0,0,547,105.32
3373,a39bfbde4a32b03e997e0a4e4d1aa290b754e4bd,0,2,0,0,13,11,0,24,569,182.97
3374,973d38db309e1ad89e566de863941acad8452d7c,0,1,0,1,13,0,0,8,35,103.16
3375,b73cacfd8dcb0b4e378e119704286b8a79acf552,0,11,0,1,92,32,0,8,1544,403.98
3376,e4d696d6697757acd1d030c33e0996d3ee1134dd,0,2,0,2,10,0,0,0,119,172.23
3377,534198cd364ac2f8ac821ccfc724ae7c49e3aa42,0,3,0,0,60,12,0,3,2701,450.62
3378,7226bff5c41fe3b69660f9ab5ec3f499b60a6ea2,0,1,0,0,2,0,0,4,720,140.48
3379,abee4b27563c685a8cb888b170cfd82ad545fbd9,0,1,0,0,1,0,0,2,643,127.92
3380,bab650d19ff04e358d94d432fd10108461f5e5d1,0,9,0,0,15,12,0,23,1401,692.9
3381,d814bff21583dc0d6b65d595365609baf210485c,0,2,0,0,29,0,0,5,856,208.07
3382,2ec0f55f84a63117c99b2e52ceae27d7ff6e1364,0,3,0,0,2,7,0,5,2755,479.27
3383,4f681f6fe953ebbd6376aa4fdec6a2d31febbedc,0,1,0,0,0,4,0,0,58,24.56
3384,b2d42190b2cc1b085555728f8b608703d9715faa,0,2,0,0,13,1,0,13,1983,343.3
3385,b16e84e632e30d2f2e4e5a1a9c6056d7c4541671,0,2,0,2,18,0,0,4,20,55.77
3386,e52f34f21bdd5bee3ea39bd83195be134c039bb2,0,1,0,0,60,0,0,18,100,48.16
3387,6123d2b3d15131b2f64cc52604f2120b843ebbf9,0,1,0,0,0,0,0,0,420,80.17
3388,05defbdce39750ffc8b0e43456cc0f8192fe63f7,0,1,0,0,21,2,0,15,345,69.88
3389,e7bebd470650488cafd94a37462e6c1fd7833edf,7,7,0,3,52,175,0,24,676,574.26
3390,fa51414e9032016806d3aaa7fb6cf3d1fc1e41be,0,7,0,0,61,19,0,26,396,179.68
3391,8465f20316344dbbd84865596edd5a5af6bf9930,0,13,0,2,70,18,0,13,1598,411.35
3392,f357ac700d3eadebdd423579cf9df1abccd11e8e,0,2,0,0,25,0,0,5,760,186.35
3393,17b1428a111a0df689db7d2bf4dd7ea4859dd5b1,0,2,0,2,47,1,0,0,200,186.74
3394,6debbada44af2858a6b8f61ab72bdc0b72caffe7,0,1,0,0,5,0,0,21,55,29.38
3395,d747617e15f542000d4d987df6efad1296bd1032,0,4,0,0,77,0,0,6,1179,233.63
3396,28d84ea0a85c306902de23dd80311b75106ad338,0,3,0,1,47,0,0,6,121,79.65
3397,bf78ef059fdb9dc35d611240274bd25f9ef2547d,1,0,0,0,0,0,0,0,0,20.81
3398,551cfaf279783e0862aa9c17de40a4c02d6168f8,0,1,0,0,0,0,0,0,1896,265.81
3399,b5559ab1d7c8ec630104c52718ba3be6eac32c8f,0,2,0,1,45,13,0,1,184,111.3
3400,0f46618bdd1e08ed365ed65b8e073a45d6e79d3d,2,6,1,0,4,0,0,2,456,634.08
3401,f6857d59ef432cea54a4896f718470471a08d8f8,0,1,0,0,0,0,0,0,31,18.7
3402,d8a1dfdc69795c3cb6cb2e29b977ccb4adba3053,0,1,0,0,29,4,0,0,116,44.17
3403,bacb37c2b65b08783e7b2e5005ff7de6454c79c2,0,2,0,1,32,2,0,2,311,128.71
3404,6aad836c0e8d6598ac8f97982941b776cb11b5d3,0,2,0,1,16,8,0,23,2050,422.95
3405,52343c551653f6cdfcac49124ef91590fa1dae1d,0,8,0,2,12,9,0,2,4095,838.03
3406,889777bf593d535c2352fd17e484e0454e9dc213,0,15,0,6,11,3,0,16,1922,819.63
3407,a7c40622ae2794accb6f54a25728453d3176dd91,0,1,0,0,21,0,0,23,327,92.42
3408,128134c7f51a76b92787ab00bf3df7fce2e58ae1,0,1,0,0,6,0,0,3,118,46.91
3409,d09a134ad82cd148a9250de2426f3560a6150619,0,3,0,0,14,50,0,3,868,188.35
3410,f2f552c2236c40a23b72acf8b9cbe43a0ea3bd44,0,3,0,0,45,38,0,0,1409,280.78
3411,cc8e0d3341613446061403852da9f0feb6292037,0,4,0,0,52,15,0,1,281,141.85
3412,6d32cc088144763114f88203ac97a5e20b8fe1c0,0,1,0,0,0,0,0,0,1899,275.1
3413,48ee32824f5b09d26fe3d71183c70b69b54a718e,4,2,0,1,150,77,0,39,588,465.83
3414,3cdfd5def04fca4beca75d42dc07822b3e5848fc,0,2,0,1,0,1,0,0,46,52.72
3415,0623f4b2a5cd362d54cd50bb35cce5be5280b56c,0,1,0,0,2,0,0,4,747,136.02
3416,3c0f2508d01dd676306e23cfab40ee9c5ff91550,2,77,0,26,614,591,0,811,28724,6776.58
3417,3f2eb3ae160efda21e9bb8dc91059a129c41c606,0,1,0,0,0,0,0,0,197,39.26
3418,089e876398ce78becb81ad3d0684f6c3949677df,0,1,0,0,14,56,0,18,145,63.79
3419,1c81734163c0a510796ea780c6b7cf2ac82e4210,0,13,0,8,41,13,0,9,2713,723.11
3420,af834c404f7040a0b7bbc434d9cbd3dad11632a6,0,12,0,6,165,49,0,37,5836,2161.99
3421,adae758abe519ff61d3eaf08767c42f7abe80230,1,0,0,0,0,0,0,0,0,29.64
3422,dd52afb4a23614ee12b6155104a4309f38562598,0,1,0,0,1,0,0,1,245,56.95
3423,7667ab541461428bedaaade3e00d20890974b283,0,2,0,0,5,1,0,3,269,90.95
3424,ffd8cab11beb6191158b1661f179d109ddf698b7,0,1,0,0,0,0,0,0,159,40.24
3425,a0aad9686eed42519fd9bd6f100af312bcfcc36f,0,1,0,0,0,0,0,0,80,21.86
3426,fd2b14c873e7563a9b2e5d1b79c0ca774f8c9c86,0,1,0,0,1,0,0,0,80,31.81
3427,8ee50e0a01aa4f4d477a0fd1bb32c70bfcca1963,0,3,0,1,12,0,0,6,999,199.72
3428,3ba63ba0e739525973953f94d5e0e93e2cb4117d,3,1,1,0,14,0,0,2,145,139.14
3429,c2bb416c710bf6cc89b8594d240f416c3384b525,0,1,0,0,1,0,0,0,195,46.5
3430,7eb77dad7b09efdd30474583090517e6f6ea58d3,0,2,0,0,51,0,0,16,1020,204.77
3431,cfded304c1589b955524acce065a248c7b70131a,0,5,0,0,7,0,0,18,408,154.02
3432,24c6f662c26e6393697fe99f730d99cec529e9f2,0,10,0,1,61,45,0,75,2550,530.93
3433,21f38991652666427fcb405e008ef815ac404f16,0,1,0,0,4,0,0,2,929,198.78
3434,b7391e54494af5d819af54d21311baca243e9bbd,0,1,0,1,10,4,0,0,31,47.14
3435,efc32c83ba21f59e68bbfd4d56ae777251b42b8b,0,1,0,0,2,0,0,3,192,44.41
3436,e946c2871f1c1dea9b767845f1c529682c6ecd5b,0,2,0,0,3,0,0,0,1469,217.57
3437,a2af3a76a22bf4e8e07396606927b58c6da7c771,0,2,0,0,129,0,0,0,220,106.92
3438,3e6047f5d5c0fe42119ff40924a8bbcb20411832,0,1,0,0,6,0,0,11,561,145.05
3439,f22a9ce1acc418ac2e3e435b9c0eeed09b83f4fb,0,1,0,1,6,0,0,1,345,198.48
3440,4370fd18e461631894f405b3f3b1ac4ac1e57a1d,1,2,0,2,11,0,0,12,245,599.14
3441,87023082bd355961faa2ea8a337c22b873c9f918,0,1,0,0,9,19,0,0,329,76.18
3442,b4dd49f55d2f6650e84203ed0e3f03e6e210de50,3,1,2,0,9,0,0,6,597,182.21
3443,45b0028fbb6d4559f4f1f18ae9430018b22f688c,1,0,0,0,0,0,0,0,0,56.62
3444,e5ea7fb8b3073cee9df75d30b1ccd76b7193f7ad,0,2,0,0,54,0,0,20,316,102.99
3445,0aadc0b0f4f80c237fc67c233e65a72ec4e96f7a,0,3,0,0,8,7,0,71,486,107.28
3446,2b32678420e964146084db2a18c99c4e7e5ef7b5,0,4,0,1,120,31,0,13,796,324.02
3447,0f30646656428e3f2eb7c3a598fdf9cb1edee919,0,4,0,0,31,95,0,13,821,172.36
3448,9a758c16681979ac067246f108974a3f790c92d1,0,4,0,0,95,31,0,13,821,208.57
3449,93477aa6df19175611a0c43e42bdba20f1a33502,0,4,0,1,109,0,0,380,5653,1170.08
3450,2286effcc6c5e46a443a111d1aec322ce252b0fe,0,4,0,0,31,95,0,13,821,178.02
3451,9b363885979ccde60737f5bb303b54e2824d0195,0,2,0,0,0,14,0,25,356,130.0
3452,d11a58116c1404910c11bd2b1a43ae4cc00110c0,0,2,0,0,14,0,0,28,356,106.53
3453,64ef5da6655a436112373fe3cc21d72ec25bb8df,0,1,0,0,6,0,0,4,366,60.57
3454,374052f071f314b22eb37394c24407377beb5de7,0,1,0,0,0,25,0,0,2177,418.65
3455,8a3cba0cc14e886f9dac7bc37b60a673cdf5dbe8,3,5,1,0,5,98,0,18,550,266.78
3456,4558ca5a79a5106287438df8a737e4a1635e4534,0,3,0,0,48,46,0,0,265,105.22
3457,890850aa91e141092ae0f40a02b04e649d3292d8,0,1,0,0,0,0,0,0,82,35.98
3458,026779686fb2b3636f52ed448ec50d8b42669b4f,0,1,0,0,0,0,0,0,2,10.27
3459,d12209347305273b83e1036dc084ea348cd99724,0,1,0,0,4,0,0,0,41,25.08
3460,0c4416a570c3bbf22b66dc43c6f87e0b12b044d3,2,10,0,1,99,62,0,32,3342,1043.54
3461,b65d39bc9dcc0160fa078c404f8d38ef52b43e0b,0,9,0,1,43,0,0,19,4923,814.17
3462,eb192446a73637e17518eb444eac75f2e914a6cf,1,0,0,0,0,0,0,0,0,19.7
3463,b6aa74ef6393229a9d08ace867cdccdc63a91c64,9,7,0,0,43,32,0,11,874,426.48
3464,7b8d3a6dc156b28551f6d9329db9399e68036caa,0,1,0,0,0,0,0,0,116,29.9
3465,c0046ba4817f1b39764d3c292d6920ba00872494,0,2,0,1,18,0,0,0,952,262.74
3466,7b3dc4f7ba5df546b310f446afd65fb53108ab87,0,2,0,1,5,0,0,1,63,129.49
3467,76bae3d62d9deeeabcba8c233fbb5c4876c7e9ae,0,0,0,0,0,0,0,0,0,7.98
3468,f6c699258104702c688e15d669793a1eb998960f,0,2,0,2,64,0,0,0,58,121.03
3469,4e28bd8babc2781f231d2baea3db5968c88140f4,1,9,0,1,19,50,0,32,1848,472.92
3470,e8dfdeb6ecb33ce56b3e35f0edaab7bcdf6efd09,0,2,0,0,7,0,0,0,846,165.94
3471,efd752b5b40c9ec51bc1e6edaa1c9d34f4956da4,0,1,0,0,1,0,0,6,78,29.49
3472,fa3918d3006abcacc3c8926b1e943d39ac3f3611,0,3,0,0,0,4,0,6,928,180.45
3473,f027f66b22cd3be7860d6166f86f2dd5887c214b,6,28,1,7,1349,1473,0,612,18402,6314.46
3474,1d8ec61f64611c25a00a171af0c8d393847cb241,0,3,0,0,11,0,0,13,228,79.34
3475,cd8c3820ba471172523b85df486471ee959ec2ce,0,1,0,0,1,0,0,0,753,133.41
3476,baf55c6e8a1a2aa0c03c56603f0d9860ac8e449b,0,1,0,0,0,1,0,0,753,167.55
3477,1ac7bd3d921f9b00e2fa336ba0bb65b6e370a896,0,1,0,0,1,0,0,0,69,25.09
3478,7475f9088bf86d1d07957e169b04d16def486a0e,0,2,0,0,15,5,0,1,349,94.2
3479,bdd511c7c1a1930df740f91c8423ef11af6a4837,0,1,0,0,4,0,0,18,933,145.61
3480,3ca2bd733936b5c21a719930267fa3f09795099c,0,2,0,0,0,0,0,0,589,601.32
3481,515d19c52ecaaba00c310aabb602bdbb8dd4a52c,0,1,0,0,13,0,0,7,203,58.53
3482,e5becce33ed662dd737dbfda1b573ab7c065533d,0,1,0,0,1,2,0,0,43,26.15
3483,c68cea5b456c1949e49fc32d80ed7c9acbee14ec,0,2,0,0,1,0,0,4,2020,356.4
3484,5c5854578779719ce763c0d8ab9ed591254ec5bc,0,4,0,0,15,6,0,24,1176,217.21
3485,6f79d0e25397c2dd925b5dc2a40323f489d5481e,0,2,0,0,178,169,0,8,1043,254.28
3486,6ad28427b1350c3c0445145e373b3a6da158a4d5,0,4,0,3,59,1,0,1,575,218.81
3487,4dc244ce5a3b3a9da456a3c13f60e3b31579f12c,0,6,0,1,16,7,0,3,1500,328.81
3488,c6f4c60ac42a2e62f8fcc9c1ad3a49e86138fe6d,0,1,0,0,1,0,0,0,31,20.53
3489,be3568fb5b2e29cda603f86f38430206be693c02,0,3,0,1,44,13,0,10,634,204.03
3490,832a6efa17194000dd99f9a4d52390cca12f2e67,0,11,0,0,78,62,0,28,1668,385.54
3491,6bff9ab3586607268a88fa91ac5ab9e5c4f0c71f,3,4,2,0,30,19,0,22,348,200.36
3492,639bf9cfa9ce37ea5012ee16924b3986e060bab0,0,1,0,1,0,0,0,0,93,59.09
3493,3185729df1e316924bf5958349fd3a3652c42552,0,1,0,0,2,0,0,8,290,57.42
3494,7a7ab8b8da795177f42e434b1ab1b468e5cd035a,6,13,0,1,592,49,0,809,16365,3331.22
3495,86dc135a343c91d62d9403948fcaf07973c9ace3,0,2,0,0,24,0,0,1,1100,206.05
3496,8e0202945b8aa00f7c70a5509cd9f6383fc710de,0,2,0,0,52,0,0,4,2265,417.95
3497,77a08bbe0a63941afacdf4490b3b4b7f98583637,0,2,0,0,25,16,0,7,693,146.62
3498,90bd4de7cff6ae18ae924b5e790f03e39a274617,0,1,0,0,2,0,0,3,148,49.7
3499,487f1d437f664c8e1c845b70f2d9f279fc44fabe,0,1,0,1,14,10,0,41,193,145.95
3500,d1c5b7cbd2e160e5e8d1edf147fcc3af22203328,0,1,0,0,1,0,0,1,753,626.16
3501,267e55da403a0ef62b271a6c444d4d40c5ae842c,0,3,0,0,11,0,0,1,1152,211.1
3502,47f4477f79aa9efee585813dab4f53ea6d08d5c2,0,4,0,0,36,18,0,12,1323,245.77
3503,6bf0abbec925914abea13788c2603f02af784860,3,9,0,3,29,69,0,24,2983,686.16
3504,ba37032a7282575507551acfd51910265f64dea3,0,3,0,1,4,1,0,4,462,140.11
3505,0a183765ac6b3093f68122620eb1589ea9db051f,0,1,0,0,1,0,0,3,217,52.67
3506,f19b0360c1ff27df7a0023b27da2076897553483,0,4,0,0,33,14,0,11,278,89.82
3507,2068d57f99d0cf8e0546fee862966e3ce781f758,0,1,0,0,3,0,0,1,301,86.94
3508,a1aa8537a22b7c85ec79e049a3686c1855f41456,0,2,0,0,11,15,0,35,674,131.52
3509,3c4645e7e5342c44c153283cd355139bac12f1dd,0,1,0,0,4,0,0,7,59,32.51
3510,6ebd8e3f2a61591f5d017eb43389efef95ec26a4,1,1,0,0,0,0,0,0,28,66.42
3511,86aad7e82c81173bd62f30f603425790baa2f9b6,0,3,0,0,24,0,0,5,1227,248.49
3512,9ae251a7e2d4eb558448ea228ca2e0fe140f6fbd,1,6,0,0,32,23,0,18,855,203.76
3513,2c3d36cc10e11e3168cef1c8b38d11aa366a258d,0,1,0,0,7,0,0,3,218,59.63
3514,1a131b9e3c4e9b04078d69525377a3c07cdec115,0,6,0,1,156,27,0,9,989,293.55
3515,8806f23ee4a83413fd020d532135a347c1b28280,0,2,0,0,27,0,0,0,707,165.04
3516,b3c97c3e3eee7ab2d2e6e27567ee3de153c4674e,3,6,0,3,2,4,0,1,144,146.88
3517,d783067a3d89dd2938ada3db79d715ad29531d8a,0,1,0,0,317,0,0,18,197,124.33
3518,d5f6d90329eee84ac70ef20f35da15511ca4936e,0,2,0,0,14,0,0,0,5,46.24
3519,aec1857b3757e256bd8dc39a0636df3865de54f3,2,18,0,5,123,207,0,17,1982,688.72
3520,2a5c92c084327563c2f92ebc57bcfa47637928fa,0,2,0,0,0,8,0,1,443,575.73
3521,6b46196c31d6927cecef2803c45e9b647348a147,0,3,0,0,40,18,0,28,1150,260.55
3522,998296008a63ae4f09d8b2619107329b46944f10,0,6,0,1,14,4,0,0,362,115.97
3523,94a3efe1e9f4fd9370822a06131263b75c4b4619,0,2,0,0,461,159,0,40,407,202.03
3524,190aac3613f16dffe8e326f565bd7c35131a09a0,0,2,0,0,102,0,0,105,3471,526.8
3525,aa12c8ac72cd8ecba4f088663b8431bc7f684ae4,0,4,0,0,30,0,0,8,1623,295.73
3526,e89712d29dd91be4bb50ee74e45b7e910a3c49f2,0,1,0,0,9,0,0,3,514,111.73
3527,f0ad092dd6de70967a7f904f8c05b347a5e4d667,0,5,0,1,24,0,0,3,1024,376.37
3528,91148bcc2accc90a3e1046e0424f82d2a49a69db,0,9,0,1,234,161,0,269,12932,2283.69
3529,e2f57c769661092a6f2467191c20d9bdd7d66da0,0,2,0,1,52,0,0,0,151,104.81
3530,f6a5cabe6d2fd1326f453a99c0bf2c2303f2293a,0,1,0,0,2,0,0,1,338,84.53
3531,87a052f08df8c5117fe981b33f12756745fb291c,2,12,0,1,72,0,0,3,3868,786.83
3532,62e1137c94cbcc7976450dbb1bc9a5fb3cfd6d37,0,2,0,0,13,97,0,8,617,162.41
3533,80e0cbd96e5aba8c8b55423f95a34b7086531b0e,0,9,0,0,207,0,0,18,2525,626.42
3534,13084de40573f9832f972e2520c47d1db14f3835,0,5,0,0,15,0,0,0,2057,349.98
3535,8bc438abde16e956223888dd283961bfafd820bf,0,1,0,0,19,0,0,1,60,32.2
3536,bd7b47980740129edf133f6f09023b9ced1e041f,0,9,0,1,15,0,0,22,3761,647.33
3537,23da6d4cd3e948f0bbe65bc9ec24b7d956a0cf05,0,1,0,1,6,0,0,5,46,56.65
3538,65e1acd7a169efac48a830b27da869a8bf6047b9,0,1,0,0,15,0,0,3,76,33.89
3539,12f4d3d3f0278bf9d9e95c74823a2c74cfea71c7,0,1,0,0,21,0,0,0,143,47.84
3540,69798553bc22259a0242bcd5b8f3a2570e9ca4d1,0,1,0,0,57,29,0,0,3,553.02
3541,2f68a2c06b325f9b64b46671c35c251926042513,0,3,0,0,1051,0,0,4,1949,525.58
3542,288306846256483c6e8e08903d8ba7ce23473555,0,3,0,0,0,9,0,0,2991,428.64
3543,83edb0f4ee0f80b35329775a609729960b282f20,1,0,0,0,0,0,0,0,0,27.79
3544,6e68b91ef24ec86ec8f31a555f742a2318908167,0,5,0,0,38,6,0,17,1526,317.65
3545,6bacd6839f1b59d1c122aaed4092a11d6a007924,0,7,0,0,744,9,0,101,8360,1551.26
3546,cea01f41922a99dd48784374d0d384d1213e1ebf,0,5,0,2,27,13,0,0,2437,431.2
3547,bf4a3af4a4fcc89a6b8b5df813318bdf0564d8cc,1,12,0,2,199,87,0,393,15371,2866.27
3548,c19b7ba9d9682ec62fca421aaa0300a756120b97,0,3,0,0,0,0,0,0,1939,289.08
3549,e849b9bfb9ffb25753a573d4ecbd7ae45bb9922b,0,1,0,0,1,0,0,3,1563,228.01
3550,bd7012e3a1fa2c15315963c6e2c78594b7740c0f,1,0,0,0,0,0,0,0,0,26.77
3551,0d5a678ac9d60c6c93c3378bbdf712ed76c73c32,0,2,0,0,3,0,0,17,1577,261.35
3552,957f580d8390ee77673280003bfd5a51b22504c6,0,9,0,0,178,49,0,57,2737,523.75
3553,c920eb3c4c3fba8a52a6be8794e63d865a38196b,0,9,0,0,12,7,0,3,1623,377.59
3554,ac54c557e9d67a90efbc7cf264a26386915b5598,0,1,0,0,0,0,0,0,547,108.3
3555,191ba57a27dd195187fa4dd248d1ce02345e5b1a,7,5,0,2,146,18,0,0,255,481.46
3556,3d88fbbcfde817054449a08eacfa84d0a197cd1b,0,1,0,0,0,6,0,5,956,145.23
3557,9d4a82e105b49249663e9fa1edb4f1e7c7db8003,0,1,0,0,15,0,0,23,60,32.57
3558,ccb9fd364d1fa291035826bac7852901c2be2fd4,0,3,0,0,8,0,0,8,1954,281.43
3559,f5ecf2c83c8c9987b3414308f80561a807a9f758,0,5,0,0,13,6,0,31,2979,483.28
3560,45da73e18e4d1a04ab1fb15f930a1b1d1e2edc06,0,1,1,0,0,4,0,0,34,485.14
3561,b5bdfb6f3f21d47537546aa49a93ac1a8da677b5,0,7,0,1,18,0,0,0,3049,520.16
3562,d6550253a726e78b9edbbd01401690310aa8e3ac,1,0,0,0,0,0,0,0,0,28.74
3563,a9270d385b64e38df0b5468122a2463c2c99d18f,0,15,0,1,44,19,0,17,474,246.21
3564,0e04fe82e1b6ecbeb6f977db42a475b91c5005e9,0,2,0,0,0,1,0,2,79,33.41
3565,3b317f6f184d1af042ff8e88854df3c38cd764a3,0,1,0,0,3,0,0,2,21,21.31
3566,53419dadca0996b572c30d9c837aa32e34f42d07,0,1,0,0,10,5,0,21,159,47.5
3567,bcc3626301fef4e61ca1840921d95d6194641025,0,1,0,0,0,0,0,0,0,26.46
3568,30c8032cb2d3b359b57261a3c5b0835bb0f84512,1,3,0,0,11,0,0,0,1195,320.33
3569,03dc97a1f415f09c5a9a850a43803cc2f7908bc4,1,4,0,0,164,28,0,12,2205,445.9
3570,fbd8cf7a73a66bf4b29b9797449eea294d93a82c,0,5,0,0,150,18,0,19,351,217.04
3571,3b18accd8eb9ef0e4681cb95c6c46802ea6ad435,0,1,0,0,36,2,0,26,349,95.21
3572,ba8801c2ff3b10499e0ea5b8ec88900e39d247b9,0,9,0,0,10,4,0,11,878,233.06
3573,e9eff5e6247bafb3ca5018e233c1c3beb1cd536d,1,3,0,0,1,0,0,0,313,83.45
3574,9f1e443ff052c81d53e8d87175b0db6e65c0f042,0,1,0,0,0,0,0,0,669,129.99
3575,f38b70170e7d04a98c4f7492bc94ce337d4fd760,1,0,0,0,0,0,0,0,0,17.58
3576,f7cd8f75e11017cb93c650c684961e0779b4b966,0,2,0,0,3,0,0,0,906,188.03
3577,fd4bd0c9907a935dc6fe12a490161d1590f50730,0,2,0,0,0,3,0,0,906,179.35
3578,6fd96ef4e9eadff68691928c4fd4295be207c727,0,1,0,0,0,0,0,0,131,52.79
3579,a71464bf8427f8b94db8b9e264e07bda85955ad3,0,18,0,1,56,18,0,92,7914,1305.41
3580,84e45319382b6dd7a8182332298005303dfbfc8d,0,1,0,0,0,0,0,0,118,573.29
3581,278659b6e6a0e0b763b49eb28bcbeffe5108b3cd,0,1,0,0,3,0,0,2,340,77.5
3582,559aa12a09e3599bbcb18c7512284384def12f09,2,0,2,0,0,0,0,0,0,52.65
3583,e75a7e868b946a7e0b9e4a056078d0b6b3a525e8,0,3,0,0,49,6,0,7,2527,435.71
3584,181b4c8d03d3108e98844ec231929322973c0153,0,2,0,0,14,1,0,6,151,62.35
3585,acfe2f9fd25fd29d07f79728068d342ab83c0af4,0,1,0,0,12,0,0,63,991,179.87
3586,5d22eee9f8392eb138d33755a7d6194aeafbfa8e,0,2,0,0,27,3,0,11,162,58.15
3587,fe92821ec33b2f6372104706796b6802b428ecb1,0,7,0,1,47,188,0,23,1528,364.02
3588,dfe84fb1f9ac10a338a4dc1423877715c82df511,0,4,0,0,22,12,0,27,1098,212.1
3589,49627667a0dc63a35421e98ec91100d19f6ee523,0,10,0,0,92,8,0,19,4819,935.91
3590,a34d443c95c37c1342557d7baf046c698bd41592,0,1,0,0,0,0,0,0,0,28.36
3591,9a151d2e73457de02e914e8f1d4da0f8cc9d2432,0,2,0,1,8,0,0,0,138,54.96
3592,04e4855bc84d162593d20db7c89a36dbaf5bebaa,0,1,0,0,6,0,0,0,17,18.58
3593,628177ecee87f3bc61926cb429c9d268047b51dc,0,1,0,0,0,1,0,1,30,17.63
3594,0d98bb4d2b7cdf6681a241f23bf5cde915e0f0cb,0,1,0,0,0,0,0,0,697,155.72
3595,c5eea46314e21e09327218721e74ec0a803984f7,0,1,0,0,3,0,0,1,1568,239.56
3596,a0e51bc4da673f031c892e2f5cb1127ea789b488,0,5,0,1,7,0,0,9,2961,563.79
3597,fc471152daa22b543607a1edcca2b919efad3cc1,0,1,0,0,0,0,0,0,84,24.89
3598,ed97685c75f41a0d8ce6cf3768a8ccf3b687ddc6,0,3,0,0,9,1,0,1,106,68.88
3599,a7655cccf27d54c9409ff42768111b9ebecd55c1,0,2,0,0,35,0,0,10,473,106.72
3600,d56d41ac6e485cb6ccaade9f957f747ead85541e,0,4,0,0,181,0,0,24,1072,717.74
3601,8c3a7e4a7dc3a575720b6e812fc91b38cdd211c5,0,1,0,0,9,14,0,0,34,32.51
3602,4a5fecce8837ec68ca685fbdecfca4764e34a240,0,1,0,0,5,1,0,5,93,43.47
3603,f400db0d9b2e1ea03aa26c811f0b8b8ec9cccc61,2,17,0,5,123,10,0,146,9450,1935.43
3604,9ccf16db51a9ac0948459dbc8499ffea9b83632f,0,1,0,0,0,0,0,0,655,108.78
3605,e13718b872dbf7266c4fc4000855441f0397657b,0,2,0,0,37,0,0,3,611,131.33
3606,1095afa36f6417eeb92890be44d47ffe581c14ba,0,4,0,0,61,18,0,7,1657,300.92
3607,4ff281e50d4bba892aa8ef65689565273ed53f2b,0,11,0,3,1481,10,0,208,4327,1285.86
3608,dae8894691649868afdfa3b824a7c603570db861,0,1,0,0,0,0,0,0,126,35.35
3609,3631ba5022548377000cc2753ca29b984abc5caa,0,1,0,0,1,0,0,3,48,26.49
3610,ae7685310b1fbde0f22fb704c8b3a849690df378,0,1,0,0,0,0,0,0,58,19.68
3611,acc6dee5084c2ce47020087b7d0014a85554c977,0,1,0,0,0,0,0,0,47,21.71
3612,8e78536a3b64ea924a828598acc22b4075350803,1,10,0,2,32,3,0,62,4157,796.58
3613,39722ab36acea3adcbe7dfe8be706d5b91927ef4,0,1,0,0,53,1,0,4,161,78.84
3614,2bbb39fc31ff3bd422a0fe3da2849c7128012e73,0,2,0,0,45,0,0,0,2310,499.88
3615,b256284f5186c1d65be289ff5f77f1f1f9b1da10,0,1,0,0,0,0,0,0,375,65.78
3616,5747b899bd75c70f5d0791d8454011694aacb1e5,0,26,0,2,11,11,0,5,2850,733.15
3617,d291f131324ff270ab392727fb4795e117794c5c,0,1,0,0,11,3,0,3,166,68.79
3618,784e45548fb4d953f02fca6b57dc62323cb49bbd,0,0,1,0,0,0,0,0,0,13.05
3619,631b20dfe378904285b5e45b3d2ec968b1675a1f,1,3,0,0,17,0,0,0,292,131.47
3620,022593a9ffaf8139f1657f874a3da4fa56c99396,0,1,0,0,0,0,0,0,92,466.25
3621,60fcb122d5d06b14b8d8a94103fa446268f0d476,0,2,0,0,13,2,0,12,311,120.33
3622,1cf2511b30a8d90e9ae55396813a3b068e4468e4,2,2,0,0,8,0,0,9,88,94.03
3623,ed997ccdebbdd971ca983a095402b94b6830234f,0,17,2,2,0,104,0,14,1458,414.63
3624,b7b840bf596aff81093ad87c53c39c2886d5799d,1,0,0,0,0,0,0,0,0,47.06
3625,37c453f6bcddde2ceb9f2ad52aa587269b359191,0,1,0,0,7,0,0,15,93,48.97
3626,c56f121117487e07d38cbd74301503d1fa80ab64,0,1,0,0,14,0,0,6,92,54.64
3627,bab89d2e5775e7fe62f298bc43f14384f544bd48,0,2,2,0,0,5,0,8,91,55.76
3628,a2516d3bc01b95c343d5a2c6ad60c738c2421809,0,6,0,0,33,0,0,5,549,187.18
3629,457c928d354d72539515133bab787e4aee0465ea,0,27,0,15,833,2386,0,1331,56940,14237.54
3630,0886b18561335509c0d5f918bdd47f54bde4a63a,0,4,0,1,0,1,0,3,1230,225.34
3631,d3908419126262d3d88a498e45a0bff369793ffa,0,2,0,0,1,0,0,0,416,72.72
3632,552932953f66950469ecb7c65d94d2ad5bfb78c3,0,1,0,0,0,0,0,0,109,26.32
3633,0ab9ab9ce7eeaeb195740d36de05daa0fe3b003c,0,1,0,0,0,0,0,0,109,28.34
3634,0ee14ed05354042fe9d8af9b4656fb66196032e4,0,4,0,0,15,0,0,31,2041,375.41
3635,f92be02b93350f1c5136b78e77edfcea5800faa4,0,3,0,0,0,0,0,0,1344,210.61
3636,4769fd0a6c0f8730f305aac5b0da373ac67d215a,0,2,0,0,0,0,0,0,943,147.92
3637,b5459be95dac7d8a59347a99dd43151248abb7eb,0,2,0,0,16,0,0,5,860,180.82
3638,4371bae636da7d6ed8a8e32d2c541c893671d3b6,0,2,0,0,3,0,0,3,774,153.25
3639,88e4876eb800d39871ba2472017db6bec5e4b055,0,1,0,1,4,0,0,1,97,70.09
3640,9eeeafe824935519032e8817f50d429554b32f99,0,2,0,0,33,0,0,13,858,701.72
3641,0bed86e6de25d85792110fca5185d66ef7db4e2c,3,8,0,0,99,0,0,72,4229,856.48
3642,9e740fed1ae31eb4937bb7db698aa6bdba35e05d,0,1,0,1,11,0,0,9,47,53.83
3643,b2c835d36927fbe05791300a73b9da188e4d91f9,0,1,0,0,3,0,0,8,1063,154.61
3644,c89c0e25f05ab0f5860a8608f8414a672673b97e,1,0,0,0,0,0,0,0,0,22.89
3645,a39393addd6cb8fdb0109b898a4ad785f7675ce2,0,2,0,1,11,2,0,12,554,142.53
3646,83f51a4d6afa2e32cc1fc9033ac0858fc04fa153,0,3,0,0,2,0,0,10,2274,351.21
3647,8eb2f3709a4c63b056d27f793836b35b86c11f96,0,3,0,0,3,0,0,6,384,102.51
3648,b73d17e4e4f03227d4ccad22291776fba855b68f,0,1,0,0,0,0,0,0,698,132.18
3649,1356d84fcf963ded339e07f6cacfaf8537b09c1a,0,1,0,0,0,0,0,0,161,35.97
3650,aeb529fc780fbc3eaec8f1f96b1a9edefcd6dd95,0,4,0,0,384,0,0,5,5721,1107.47
3651,d6605b710c9fba2ac7c1dba2b9be8721b14ac561,4,3,2,0,8,5,0,10,354,171.98
3652,e8b5cd0f49d92c0d7b7716d29e832583596bcc27,0,4,0,3,4,22,0,7,205,129.84
3653,c9ca3ceffa65b26bba44f44f8bbb5e3f25153eac,0,1,0,0,12,0,0,17,603,141.59
3654,9e9e4a8c00b06ad94cb31d381ec5f9fec7f57cfb,0,0,1,0,0,0,0,0,0,14.11
3655,c4f38c18f49456f421fb679695b680f53b5f4cd9,0,6,0,0,81,2,0,6,708,242.52
3656,508cb1bd987530790290dd6ec33bc6007bcc7f27,0,1,0,0,3,0,0,13,124,32.18
3657,25e14c8b4825c8b38a1ed36e6f7488c75efe38f9,2,10,0,2,143,149,0,45,3714,782.46
3658,ac924da7af9b1bd8f3bb0dcd1c3b9b9d641daadf,0,15,0,3,75,193,0,65,5070,996.37
3659,3ea120a69bef74628f484ccf64f1e8bc223cc395,0,10,0,1,21,21,0,6,3045,569.18
3660,f4872d7ef81672681c40835274f9330a04940f61,0,2,0,0,11,6,0,37,561,627.11
3661,6a1b724e6d9ca1df26809c2df4803d38305633c9,0,2,0,0,10,0,0,6,1924,314.91
3662,54c1e1b517e156380126080b2ba4a92d0bcad586,0,3,0,0,7,0,0,1,238,76.56
3663,581c3f2634e82343ed0d27a4a0ce5d407f445567,0,1,0,0,3,0,0,7,138,37.22
3664,245cd389835d14d817104aab9e1251a5799643d8,0,2,0,0,21,4,0,3,617,125.63
3665,b17b2e46a848884bfb7ceb3cc3d99ed788c23c2a,0,1,0,0,18,0,0,13,309,72.5
3666,4fa2e6c37c6443dae6bde5fb8bc85c5ef9ab8134,0,3,0,0,484,0,0,0,5927,1239.79
3667,53ed511717d473e5e00e178e207cf5f34d1462ad,0,1,0,0,0,0,0,0,116,30.93
3668,a8d6626c674c7fb4b082cff8f157cf5e426cf4eb,0,1,0,0,71,0,0,2,145,63.54
3669,c20b71a83681894bd9f2fafcb74bbd2d6d4cbd9c,0,1,0,0,6,0,0,0,350,68.69
3670,1c60a8ca6ca2967760e34f08019fddacd2c15cbe,0,2,0,0,0,0,0,0,2,14.9
3671,cf3da420d00ffdff62927104cf8a0c434f2d07f6,0,1,0,0,59,85,0,65,1888,295.76
3672,bc34f88ca24353f0eeea1ffb0803d0fe1dcfbf17,0,2,0,0,2,0,0,4,384,72.68
3673,9c1a498432ae74edf247b5409f38f72efa8f9645,0,2,0,0,5,0,0,4,352,81.88
3674,be6adbdd7e3de7188f00abca4246dae1a9b74c1a,1,0,0,0,0,0,0,0,0,33.99
3675,b60e27d9d8c77f798620cc83ac38149ec4889376,0,1,0,0,6,5,0,0,41,27.09
3676,4f132dc361de70b065b1885569457849a3266384,0,3,0,0,0,0,0,0,399,76.72
3677,e5a3842a1239d4488163afaf537b84087494f600,0,2,0,0,25,5,0,70,393,85.57
3678,6ddd020445b55097cb1d91cd4b44aef4c2762cd8,0,12,0,3,5,4,0,11,4899,935.38
3679,de131304723abf56e3aa5b25a9e4410a6c1a48cd,0,2,0,0,1,0,0,3,1321,212.67
3680,387e323de4072e9492135a313480571b55bbebc4,0,1,0,0,10,0,0,2,562,658.47
3681,d435dff5093a30fc448205e3a1dd928d1be768ab,0,1,0,0,0,0,0,0,216,47.06
3682,58df19c1854544b24e7925e9614aa6b728d2ee98,0,5,0,0,335,22,0,52,1304,379.67
3683,afd3480511afa41241cfa98ff28c6baff3ae9fcd,0,5,0,0,26,90,0,114,1549,309.49
3684,d81ace449dcb89f06561455a8926219669d74d9d,1,0,0,0,0,0,0,0,0,16.99
3685,260b8b644d741dc2d8c740c6c87d82fc4de07908,0,1,0,0,2,0,0,13,760,124.78
3686,77fabe73337894a4dba913728144156faffab3b9,0,1,0,0,0,0,0,0,762,116.4
3687,ff5fdb671f0e0d9fc76b6ead1800188569fb2348,5,16,2,0,46,61,0,17,1306,470.13
3688,c001c526ece911e3699ce237220b44d6bc6fbcd3,0,3,0,0,0,0,0,0,182,42.49
3689,13beb54cfe7247998061ab140b47a868f13e98a0,0,1,0,0,7,20,0,0,196,54.41
3690,49a58b7de85fa0a8b5b638fcc603a4d045d87088,0,1,0,0,0,0,0,0,441,71.38
3691,e31e91772f0babbfd951403b51bb6d88c797e2e8,0,1,0,0,0,0,0,0,73,20.83
3692,d42ecb89bd06e06f73a1b48a7b02d23b5e50cdd1,0,9,0,1,18,22,0,20,2267,490.68
3693,cf7b641afa2120a158a84a58df3713e2d0c75be6,0,1,0,0,0,0,0,0,292,53.24
3694,b7833c80f50d789adf916f08ca59233db9c4f3bc,0,1,0,0,0,0,0,0,336,69.66
3695,342b69f4979f4548f06e4523f5c9b9f9d74aca23,0,2,0,1,19,0,0,3,31,67.15
3696,d7810cdbfad64f4c874b99aa9957ddadab03d2c6,0,1,0,0,0,1,0,0,120,35.86
3697,1fc559c37bf2aeca1fdb0bc32b3aa62fbff12d25,0,1,0,0,4,0,0,0,714,171.16
3698,fd991fe9089afe84a45fa2720d3cd09801cd059f,0,8,0,0,56,4,0,23,2201,459.6
3699,45968ad1b9ab4056e24ccf8e5ce248144bcfb729,0,2,0,0,12,8,0,0,307,67.03
3700,e36fc1400721ba92f3e7d476b9f3b149002dd894,0,0,3,0,0,0,0,0,0,484.89
3701,4a6de45f7655363fc8a0bf656d282a0ae1c73aff,0,1,0,0,42,109,0,26,505,138.86
3702,7c3882ca3cf2b59ca3fe9388ecd6c7b4f63cf1e2,0,5,0,0,9,7,0,0,547,162.41
3703,43a064231ed914c5dcc00b005ada36a81c7c9570,0,3,0,0,1,0,0,12,949,159.21
3704,b60eb26632dfb61c49de8e84ae84f4f3f83db2ac,0,1,0,0,0,0,0,0,547,103.32
3705,1ed35e4cb64f99cfde9ec3871dd7860980245dbc,0,9,0,0,40,123,0,13,824,240.4
3706,505b4e9ffd52b18e1211cc923dbc9f6c9e023531,2,4,0,0,59,0,0,7,421,202.48
3707,ab0abfa7116c7d7a3b0d33a12a8efbb8f2df64e4,2,11,0,3,16,3,0,10,2848,743.85
3708,cb1ad44c24e51b5003e32b0a42d7a76e99823b8c,3,4,0,0,20,33,0,14,541,201.87
3709,9ab34a7dd7b1f9b8a177e3c573427edc25344b4e,3,0,0,0,0,0,0,0,0,36.86
3710,744fdf3d238aa25c36c96c49e07a2005c69c2d2b,0,1,0,0,3,0,0,1,133,36.82
3711,1a76ba53369868cb21944e4609130de26202fdc4,0,2,0,0,1,0,0,0,943,161.39
3712,6b26bb0a8e20a7e0c7cde86dbf00df6281080e43,0,2,0,0,101,40,0,6,164,79.58
3713,d70d599161df5b15b82ffc21ac7aa1a301e76076,0,11,0,0,28,65,0,260,11611,1945.42
3714,3fa804eaf7fd318d3b0a8343bf19fa80f085ad6d,0,1,0,0,4,0,0,5,1945,259.84
3715,f06af44932d31d1a787425f853f142c98d74f143,0,3,0,0,5,57,0,7,1160,235.37
3716,10a25c52cf073362c2e3ce174dca6965c80bebeb,1,22,0,2,92,70,0,20,5020,991.32
3717,344b028f0e1d6197842e23d4c4e932db8a8cb981,0,4,0,1,0,51,0,12,448,167.95
3718,2581ebb0b280b43ff0d0d758dc7c31c1ec23ced8,0,2,0,0,42,7,0,16,2291,384.22
3719,d20edb96dc42078c9e480e82b46bc627452dec0f,0,12,0,0,117,206,0,411,15355,2616.18
3720,93ea2059d5b72c458f715b0f58a0060c7355fca6,0,1,0,0,3,0,0,5,341,581.88
3721,8f2c6dc14051d26079dbd627f13234f9ca1e6851,0,1,0,0,4,0,0,2,344,70.22
3722,d363e852e6bab171432c5e192916a701b3ddb8ea,0,7,0,0,136,3,0,6,3556,777.01
3723,d5eebc6b021cec1dbc1c358fb05da923419409b3,0,2,0,0,0,0,0,0,128,81.87
3724,953553b45a13b055f594b11c83810ea0a16899db,0,0,1,0,0,0,0,0,0,16.35
3725,eb197cbf04806854ebf0bf59fee8280bf08a139c,0,1,0,0,1,6,0,7,712,146.64
3726,3bc9e2c95c6e45927ad7fb69383fab30748e669e,0,2,0,0,30,27,0,2,166,66.64
3727,d190372bfca4250206ce4c79d8dac26ad3d6e07d,0,1,0,0,8,0,0,2,161,47.18
3728,4ec30df08f530e34b73343add2155c937d886524,1,0,0,0,0,0,0,0,0,13.33
3729,a63f524831312292989d7b809bcc382d05fabb15,0,2,0,0,30,0,0,0,269,67.71
3730,1dee7837ff4a0880bd7e524fd67f7a5819e87b85,0,1,0,1,0,0,0,0,105,90.61
3731,a1244d73d7fd56e7bee6df67dbf59b5e019a85ca,0,5,0,1,62,22,0,45,1493,338.01
3732,28eb922551190bb9b785cfca70fa65216cc5903c,0,1,0,1,2,0,0,3,79,56.7
3733,e452cfe08a44d0bd79095432e50cbc2855892be7,0,1,0,0,0,0,0,0,713,119.83
3734,1d4dfa8ddf50e8a2dd56142cef3fd9a30d1a3652,2,7,0,0,111,69,0,29,598,286.45
3735,4dc52261a19ed1055b837b136c97ea36e362ba6e,5,0,0,0,0,0,0,0,0,111.93
3736,af7c9e128049103adc45bea6302b346a195d56d8,6,16,2,15,0,75,0,0,713,741.95
3737,f50d355b06597bcac76a95697db332bf33c2dd34,4,0,0,0,0,0,0,0,0,334.04
3738,a63fe7babbd701183a728718a46ad21790cff86e,37,0,0,0,0,0,0,0,0,657.23
3739,75b2ecc69564391007900571aa9ad67b8c094553,0,1,0,0,0,0,0,0,111,31.19
3740,a31d8cc4d1f7455335849807c0eac58b9c6b7827,0,1,0,0,0,0,0,0,88,532.37
3741,48c1e7aff357d56badd01fe5e67036a223110e03,0,2,0,0,0,0,0,0,283,58.58
3742,f0dfc4d1ae8c3ce7f1b9dcc8f61699808cc156c6,0,1,0,0,1,0,0,0,199,45.29
3743,6d7fdfd1082f9a64170fffc25215a87f9ed72011,0,12,0,1,3762,31,0,541,12504,3668.05
3744,1f30fd6f46fd884854adb0ce0ed2dfbad6f21788,0,1,0,1,6,0,0,9,84,69.52
3745,db3824ab5bcb139873fadba16cf288ea2dcf263b,0,5,0,0,111,1,0,10,669,315.36
3746,e79dea8fb42ae8bc5bb8fdad4a7a3ea18714fa29,0,1,0,0,3,0,0,1,1144,178.91
3747,d21859e0482038e7d99f0241656d0ce645546249,1,10,0,6,17,16,0,10,771,300.38
3748,88de40d738536bb1c917bf3f5e54a7e4a02fecd9,0,15,0,2,151,97,0,26,5994,1283.1
3749,17c120f08c2689e7f62b60906c007fd98b078290,0,4,0,1,10,2,0,5,3737,590.13
3750,5c2a90aa28ca2dee299cb8706d028a51d30e11c0,0,18,0,1,100,18,0,102,8789,1512.38
3751,92190aa97364fc4c8d2da521df049e2b6954aced,0,1,0,0,2,0,0,1,1011,143.54
3752,8c4a9c79d82a86d18e21ab77cced14c9c44052fa,0,2,0,0,0,0,0,0,87,24.68
3753,ef0a0557877bc204c7b1509a721a170212deb5c9,0,1,0,1,0,0,0,0,4,18.59
3754,7170a40decca67ec04534caf7d98a9623f20eed9,0,5,0,1,23,0,0,55,2272,410.55
3755,4dd82c9b1c1714d540937d77df969b94c50626eb,0,26,0,2,131,9,0,51,8115,1588.37
3756,72eacc89f33d3dd91242f73d2c326ac6273b08ea,0,1,0,1,7,0,0,7,22,42.65
3757,b058cdf71003135f0e963ee06cf2087f2773fe80,0,5,0,0,40,34,0,65,1676,471.78
3758,0a9173ea8588ce8eb4290658024a69b284c569ec,0,1,0,0,0,0,0,0,29,18.16
3759,ec6704642485be7c31df21f012688a8a7d9ed1d0,0,5,0,3,100,95,0,3,558,262.06
3760,0a31b4bd8a43185cfcfd1ecd442d77bbe00a69c2,0,1,0,0,14,12,0,10,67,622.92
3761,1b890d3ecd6ad5f3a043da8b712c0c838b90f767,0,2,0,1,4,0,0,9,1116,259.21
3762,b9e92fdf6f06e5689bcd23d62a580076b7b4ea9f,0,17,0,2,17,91,0,29,3667,772.03
3763,dec9876d5fa9d2e2174ac1918037dbadf0fe7970,0,1,0,0,0,0,0,0,1149,174.99
3764,f06592a1abdb6efde224bbcbc57bd17b708fd55f,0,1,0,0,0,0,0,0,100,29.44
3765,e91ef96624ccbaf85a93de8209cef4c0ddcb12ca,0,15,0,6,20,24,0,3,1107,447.64
3766,bf80b04b97d5101d773d7e4673293db87074fa90,0,1,0,0,20,0,0,15,547,110.17
3767,a07a9dbbe6bd340986352971feb4b209d3d336b9,0,1,0,0,0,0,0,0,127,33.9
3768,422e98350ff33464ac89883e17938d2d968479f2,0,15,0,0,121,27,0,36,3550,829.85
3769,327edc6b1d7a35713cab84840ea5539877cdd93e,0,1,0,0,0,0,0,0,1149,198.89
3770,82feee0f82b229b2f72d63710f7e4c0e0f3347f0,0,1,0,0,0,0,0,0,19,14.79
3771,a3c3c54bae4d8c13b37c5e516fdf07ebdcd01814,0,1,0,0,4,0,0,0,606,98.59
3772,568bff83268df2b2fa98b9627c79e53619c7702d,0,1,0,0,7,1,0,15,566,106.8
3773,41db4e539f3389ae3810e6450c0c8b702f8155e3,0,8,0,0,5,2,0,13,2885,481.75
3774,1be8cd2c63a61d7c2071595eb31036552afa2405,0,3,0,0,30,0,0,44,1347,227.12
3775,46539d2d972d44d7221410401153b7792fa8c9dd,0,1,0,0,0,0,0,4,573,105.83
3776,9cb59f527988ec1edf83943c9d0a5301170da22e,0,3,0,1,183,79,0,16,370,268.53
3777,292d1bfb19e2c9772f0988cdf662ef32e694d359,1,14,0,0,50,2,0,27,1325,308.62
3778,3babc19ae1277161c6449ce518e5261480c09270,0,1,0,0,16,0,0,19,1151,173.12
3779,af208097a5915d4e99f2e19dbdd4e72af415828c,0,7,0,1,0,1,0,8,1951,377.43
3780,de60f4999ee394a7e5bc9e6396ab3d915d160e63,0,2,0,0,2,0,0,6,545,683.69
3781,ddedcb9ce41d190e85d7249b8a707173051f2c7f,0,8,0,2,67,10,0,5,1259,408.77
3782,ad89d68798f1f6c2c0f8e111643b741d006295e0,0,21,0,2,105,12,0,67,3465,961.92
3783,5932f728a8ee8bde0120792c6c45ecebff345eee,1,0,1,0,0,0,0,0,0,68.46
3784,40f22a959b0c795aa7817e6b6cc5a6db85d1df02,0,1,0,0,1923,939,0,465,9780,2775.62
3785,08247bfe76d98cbeb83060e2d6e4d78dd2cb0f9d,3,4,0,0,32,32,0,11,400,324.34
3786,33001ccba974c3d733ec28fba753f461a18e35be,0,1,0,1,3,0,0,6,47,59.86
3787,357fd849bc61d7957593a18f4540157b8e2b1253,0,1,0,0,14,0,0,2,41,33.91
3788,fe67dccca85416f6596863e8d285f2ee6436c090,0,1,0,0,2,0,0,6,57,25.91
3789,91ef1fda93e95413ed5e7fa90df57af9971d5e8f,0,2,0,0,45,21,0,6,53,48.14
3790,54d0f9f8000861f5f89a49edccbb5e14755d5a23,0,1,0,0,6,0,0,2,219,55.03
3791,d6c13b39c232d0c88a53dda53be28a8812b87561,0,1,0,0,2,0,0,2,183,42.56
3792,f6c74ca78d21c4a80296bba4a38b2983e1a17a71,0,1,0,0,5,0,0,9,116,32.47
3793,b936444e34871f81d2cc8d0cea5898d3e3f683df,6,9,0,0,2063,447,0,533,9441,2669.54
3794,e0e38c4e2f49fe969b2bfc6576be7501ce2d5d20,0,0,1,0,0,0,0,0,0,10.46
3795,102f84d272381e899579a0f315058eeced343700,1,3,0,0,10,0,0,3,158,85.31
3796,1e71b567313b9d0b8f4e61fbf905031fcb5505b0,0,7,0,1,55,0,0,2,3101,651.05
3797,9ebaea9f549880a5ce2e0818d1f9d61beeec850e,0,18,0,1,537,187,0,141,7367,1412.44
3798,89df414955d9f4bb5bcadc9eeeeefc860d9766f4,0,1,0,0,6,1,0,10,477,99.28
3799,02de8c40d9bbd800c67f8c909ecb277f71a78a56,1,23,0,3,1415,759,0,610,18640,3737.13
3800,d196d1b7423fecfdf612860d8319fb950328e75f,0,3,0,0,30,0,0,2,286,559.89
3801,2112f2dc9f3f0a4dc6fdc1a48ffda2a6bcbaa5ae,0,3,0,0,0,0,0,0,98,61.15
3802,b3cfe061e1806bdaf9ecc46def02bfb5769e74bf,0,4,0,2,8,0,0,3,44,76.3
3803,950a552f77f3f303a17084b253bdd68a901c12d0,0,1,0,0,0,0,0,0,0,29.78
3804,20728884b2189b3c24878aa2aef092e0fae1c44d,1,9,0,2,80,76,0,12,750,234.69
3805,fd407f39d4e44223d7e328d0c3787f1b16e7d460,0,1,0,0,23,19,0,0,86,36.4
3806,103a429f5ca27b954eb9745ad510f5cf06ff381a,0,1,0,0,19,23,0,0,86,32.37
3807,4df029fcca85789e567ad71eb7eb854ad9f2967b,0,1,0,0,23,19,0,0,86,34.54
3808,52ea8f817cbc6d35aa8e18bcc832789654ee7c29,0,17,1,1,71,118,0,64,7910,1407.15
3809,739f4381769e5d1220323e56fd772d7b310f07e5,0,42,0,11,174,248,0,19,6416,1773.16
3810,92e20f9f493b23a15a655d1466c0ae207ef16aea,0,1,0,0,1,0,0,4,115,29.84
3811,031b3d99a956998d36ba593a8b0df4801ef2c66e,0,1,0,0,7,4,0,17,113,39.6
3812,81b756f09b159307861f767780c26a54fc1bba6d,0,1,0,0,6,2,0,3,721,151.53
3813,ee1562dace45fa276fb183c1ed8b9c314284db73,0,6,0,1,46,53,0,9,326,135.93
3814,813f88a482d40e8c5a6c67318b8d9b9b48ac2607,1,0,0,0,0,0,0,0,0,32.78
3815,f8252c4bb185df1d6ac12de46ac5e103ab14060a,2,21,0,16,30,72,0,0,784,716.23
3816,2da88f9ce90852de878085347c967cc23a944cbf,0,1,0,0,4,0,0,0,709,130.24
3817,787a6f8053059e0d89a51ef1f06bd84340fa307c,0,1,0,0,1,3,0,0,205,45.21
3818,99b0f61b9d66a33fc3fcd9cdff712c3d5b854ee9,0,1,0,0,3,0,0,1,713,143.93
3819,efffa5714e4b53ecf66fcd162441d4c8c6259069,0,1,0,0,0,13,0,0,45,20.82
3820,9de840228101ea5c207e7a22ae8bb8b5d7b12455,0,6,0,0,30,15,0,22,2438,994.79
3821,87b4bfefa0b59b70059882fce19a8ca0336eb421,0,2,0,0,0,0,0,0,178,65.15
3822,916366615b8719eced12db80da3b940d12d58824,0,8,0,0,8,4,0,16,3781,572.88
3823,da4167c42b6704e2abb39c618e311e0d3ff3ccc8,1,6,0,0,0,0,0,0,372,99.05
3824,0be4e12f719bfe793155c8738aae8813ddc5b845,0,1,0,0,1,0,0,0,110,24.83
3825,4745caaa87a86356c3eacb22a140a2ad090c6c62,0,1,0,0,1,0,0,0,1175,164.79
3826,95b202008dbea92e0fcb05f63fa3e60a94d69ecd,0,53,0,3,107,45,0,26,13756,2673.28
3827,3e25e1b7f571693e4eaa705a12b7c2289f55a0a9,0,56,0,3,95,19,0,13,13168,2701.28
3828,d1d7e80c21dea3bcb660db38a44dedaf48289eca,0,1,0,0,6,0,0,1,178,47.61
3829,e1506729013ed7a50c04baa79297b6f9a88f6003,0,1,0,0,0,0,0,0,1176,165.38
3830,e52a38d50111d7b5ea6d4dd8860e9475e024a69d,0,2,0,0,18,0,0,1,1429,267.78
3831,7fb94c126af28ebb083e0df45ace4dcd7ee0f8ea,2,40,2,3,7106,3287,0,1463,65354,14227.89
3832,a00e6648013adb8abead366cbcbb0694e2a5a50d,0,1,0,0,4,0,0,0,139,34.1
3833,8e2a1d3e37a93564f60d300ccdbb87c1be53d53d,0,2,0,0,0,13,0,0,1434,281.25
3834,37e9a86396a0f07c7e83e2844e2c6e719fe7bd96,0,4,0,0,8,0,0,5,145,62.56
3835,07fd6b6a0441cd51ba679364564ca979709bff54,0,21,0,7,2,5,0,3,424,223.51
3836,a7d7c86955866fe34034ea040d9844ce86b09efc,0,1,0,0,1,0,0,0,75,27.91
3837,1d376ebc0d117b607e254a3942b0fb56b71cd167,0,1,0,0,9,0,0,4,210,52.1
3838,7891b666a43f57512ece4a722585dba97a98184d,0,2,0,2,7,0,0,0,223,117.74
3839,486d9e16a69d3f52189728439b0af89482a5911b,2,0,0,0,0,0,0,0,0,36.04
3840,3583d29fc3d0f6a8ec24ebdfa88fb72ec9adf1a6,0,1,0,0,17,0,0,7,720,733.8
3841,aaf04f7ea07d5cbfc83676e9f7d34ae457c776c9,6,15,1,1,32,10,0,9,4301,841.56
3842,a7211896dfdf4685cd607ebdc7a412bcfab28b76,0,1,0,0,3,0,0,0,737,140.57
3843,ed509f750c968bc3d1cdd5e8646a77b489a12584,0,75,0,4,128,29,0,118,23512,4231.76
3844,b7d127e5e7ac0f9003f0678b787bc4245165d132,0,7,0,0,86,0,0,23,4104,730.75
3845,ee0c193d536e9587b8b700c03b67fcf0dd1bd7a2,3,8,0,0,4,60,0,23,1140,259.71
3846,270aad5d554c8b5e22a2004829265511a16627e6,0,2,0,0,0,0,0,0,963,191.41
3847,1f969f615535bb2b790e9f369875206d9fcfac68,0,17,0,9,0,0,0,0,1570,457.9
3848,704a00b54401c80ae546ed28ea688e979f4db54a,0,5,0,0,42,85,0,46,2410,442.73
3849,cd63f2055e001e9b3063676cf75b471eae9b3d75,0,67,0,49,33,3,0,5,4442,1583.58
3850,027f7a708f944750d5fc3c1d008e8cbdaefe9868,0,24,0,3,15,7,0,23,7222,1542.37
3851,14f8d46f2fdfc5994b025ba2b4d19ba685f90b2e,0,1,0,0,2,0,0,6,31,19.45
3852,ed90c565ef3ba8ecba8d40edff40bba1f48b6497,0,24,0,2,66,54,0,8,9048,1629.92
3853,e7195a2e3cbc4124f6bde8c281199e7a1e87089d,0,3,0,0,13,0,0,20,1557,284.4
3854,8baf8ebe3a66ca94cd553485b24d364f8fc7919c,0,1,0,0,0,3,0,0,719,129.29
3855,040b53e09aaf559060d98d296b879804c8236970,0,3,0,0,48,3,0,12,1336,250.38
3856,3d55d10714fe264fc38a71b8393ee079eb4f320f,2,0,0,0,0,0,0,0,0,21.73
3857,161832243a5ed3517e646d7536df04afb936ff6c,1,3,1,1,0,0,0,0,535,196.61
3858,f9db5c89437faffcae13ada6215e99108e9b30e6,0,7,0,0,186,49,0,8,1651,415.44
3859,4e16bc530d5e4ee7daedc00b491b293ffb8b54f7,0,1,0,0,0,0,0,0,392,76.69
3860,d9afde973a55cce5f2e388c594a6fc5e6d1d05c7,0,1,0,0,1,0,0,0,248,546.62
3861,de3d34bd4ab5320b0c80cec3561f8122573f33b8,1,10,0,0,74,0,0,350,15141,2724.24
3862,886a96aed8bf0594e54197e870fc9d53c1282578,4,2,0,0,107,0,0,40,884,342.84
3863,db0a4b2d07969a742bce90dc7eba8b539215503c,0,1,0,0,3,0,0,0,25,23.01
3864,6bc48464ca10d403474bc6d8ff93c8814caa8c8d,1,2,0,0,23,2,0,8,557,183.06
3865,f56dbe50a513b10d47547d90f4ce7e8713b29cb2,0,4,0,0,7,4,0,5,1758,332.26
3866,3d890a0f4ba3a9326b6b1132b6d4781e3b8c5521,0,0,0,0,0,0,0,0,0,5.84
3867,ab5e4b98d041bbb40dab5b4f3d5845a762e9d188,0,5,0,0,16,4,0,5,1165,280.04
3868,1eb261ab4227ffeaac753e124178a70f5317bcb0,0,1,0,0,0,23,0,7,460,99.76
3869,d2ddf0986aa109f064970f3cc77faa80c6457b48,1,85,0,33,42,24,0,5,2637,1218.49
3870,61e79ff6c96e37d2c03656e5505b79bb8044a258,0,1,0,1,5,0,0,2,203,137.47
3871,ae4205958646f384eec764ab0691a638d53525b3,0,2,0,0,4,0,0,16,257,61.08
3872,d5a76a89270514a83745e5a564bffb933205a266,0,1,0,0,5,1,0,8,81,32.53
3873,5ebfbb9abb2cc45efe4b108c0829027ee81b2af1,0,2,0,0,4,0,0,2,451,94.86
3874,527b15e101840da76c05ce66b44d30130c5779ed,0,1,0,0,1,0,0,2,208,55.58
3875,91508fd56478e73e125c2eb236338afd1c155f23,0,2,0,0,16,11,0,6,296,90.45
3876,f6d44db9c694281ab3df6854c83033cd7dc3d29c,0,2,0,0,131,10,0,36,683,192.51
3877,31bbc774107a8864b5d151acacb019e6c68c2562,0,0,0,0,0,0,0,0,0,4.76
3878,e08500578c604b88605cda5e011c0aa9ad3c3a5e,0,1,0,0,7,5,0,0,204,57.69
3879,e0768e081488da5ee6ee2efd2facd14d1565bb21,0,11,0,5,8,0,0,0,314,191.22
3880,22b77dc7912e681675de52226f7b1aeb1d78503a,0,16,0,2,61,27,0,28,3120,1098.12
3881,ad2d0f45b66f63b388f280e8d2e7008ac9a4ebcc,0,1,0,0,2,0,0,1,639,119.7
3882,331b585934ecbb60a6d3477aab3533fabb1eef58,0,2,0,0,0,0,0,0,701,110.97
3883,f67903e4d6a8f7b07c0ad5de22435f8903f52904,0,13,0,0,123,43,0,111,15002,2664.68
3884,22ec681004d5c6ce359ac09b46e0ffb238244661,0,1,0,0,31,0,0,0,104,39.3
3885,7cb75d865ebd11f95ac51081e1ffe4f5b6de74c2,0,2,0,0,4,0,0,0,141,58.82
3886,77ca737375ab08c10f3416eea284fbd04f21a9b3,0,1,0,0,25,0,0,2,232,69.63
3887,9f46b8757618d645dca763017ffd7f4b09c0173d,0,3,0,0,2,10,0,6,621,167.84
3888,ba2e21a4e78e83b56146b17d8c4fc7d4d8797efb,0,1,0,0,2,0,0,1,135,34.53
3889,5cc0fb17294d509dcf2847029456ea59bb10adaf,0,1,0,0,1,0,0,2,292,56.41
3890,999121997a765690871724298574dfdaacbd22b5,0,1,0,0,0,1,0,2,292,53.57
3891,33394d716d8076751ee7d32237c879ee49fb4107,0,1,0,0,16,40,0,0,784,146.04
3892,289c7e7966135d9a05cbcd74d1260ed5afaf6ac7,0,1,0,0,0,0,0,0,112,24.16
3893,31c21f4a3b12f0a7c29c674ccc065b507da423c4,0,1,0,0,2,0,0,2,132,36.39
3894,18d9251a77a44930ebc431b35a27afbc70d126df,0,2,0,0,71,16,0,16,464,151.19
3895,88d236d364df0bac187875986682ac7130f6b08a,0,2,0,0,54,25,0,7,1203,231.58
3896,de49d0d1ed15630a7bf89f4ead022ae1173b401d,0,1,0,0,0,1,0,0,799,125.32
3897,ad6a463e4e1352bbfc0629c47d16efa19379d2f9,0,1,0,0,1,0,0,0,137,36.07
3898,04de6764ac1c077d7c8f26d0c9d88ad5bf9a831f,0,19,0,4,152,43,0,9,7532,1532.6
3899,3be068f6da0426750c173a46229e7d91b80fafb6,0,12,0,1,31,28,0,6,3499,734.23
3900,a07ef888e1fed98d035f81b095582ecd28420fcd,0,4,0,2,24,0,0,31,2382,948.86
3901,b7b14cc80a503a23fa4bce78b917ae8e2b4f97f4,0,2,0,0,2,0,0,2,364,94.32
3902,6b9cbc2e0a772c7069f374d04b76bbe1fd3b99bf,0,1,0,0,1,0,0,0,73,32.46
3903,6366c25d95f0ac89dbd2788bb108498e80fc917c,0,1,0,0,4,0,0,0,155,43.51
3904,7619a444a03cd639605fc33941ac14fb707a6a74,0,1,0,0,1,0,0,6,477,90.68
3905,7dd240c8adb98376b38f89c4135d919f7bd97b1d,1,41,0,5,576,381,0,83,6309,1857.08
3906,a4a73db9321fc58c7db3616c259d5d087036484b,0,1,0,0,4,0,0,2,271,64.37
3907,190313a6ac44196c5c441d28e04c96905e0dbaad,0,1,0,1,19,0,0,4,16,39.0
3908,8c47f899323125da516eb615edaa76a0a27726bc,0,2,0,0,11,0,0,2,689,130.78
3909,71e8021b650a31fbb21c99de0a6b897bec5c9857,0,2,0,0,0,1,0,8,314,63.48
3910,30837458ee43b6c1ff4fc88597fd05aedd2e8362,0,13,2,1,419,109,0,293,8410,1659.36
3911,1be3aeda3861e4974d87d6d7a7159209191654b9,0,4,0,0,8,19,0,7,1067,194.4
3912,8f5417f696f245eeda2bab6dd42916608a183527,0,1,0,0,0,0,0,0,483,96.45
3913,6bf079b92f9849c4f70b0badc17bcf16090cd976,0,1,0,0,35,1,0,11,391,89.56
3914,5f61023e1d8f3973cd27e4ecb04f026d339d092c,0,1,0,0,0,1,0,8,186,38.82
3915,16bf1c48f0385c70b297dbba549beba115275c98,5,8,3,1,60,67,0,6,255,285.37
3916,c610e59c0d65eb689393b53d78104732509f2809,0,2,0,0,69,15,0,44,1413,251.44
3917,743e2fbed972682dcea7894a6de8d038cf2cdaf0,0,2,0,0,10,0,0,2,232,56.63
3918,8b9918454b51e2d84e17a8d8f8e33462866c271a,0,1,0,0,0,0,0,0,102,32.29
3919,bcff872bf1b2a56adea47b6e54326dc3ccf8c754,0,5,0,0,39,58,0,9,647,175.19
3920,fc15e1ae3917e612159fd3c87af1ae1885143f06,0,1,0,1,3,0,0,0,27,568.61
3921,000596f7c3074c7fbd490a47ac43be6229993941,0,2,0,0,27,0,0,118,1482,263.78
3922,3f496372bf7b0c936393d6d91544a259b96fb809,0,1,0,0,18,0,0,0,625,181.78
3923,6d0eade8b6d29563dece738d2ef45e07ced411f7,0,1,0,0,3,0,0,0,1624,221.41
3924,09ec361d3af8f93c14c6f1a40593903eb4a0252e,0,23,0,2,59,117,0,102,8954,1612.89
3925,0acab6e39d6d7745200ab7a4de60253c0426d0d1,0,1,0,0,7,0,0,3,85,29.94
3926,670bc625b2e1799ae53433ff4ba927ac458f2ace,0,1,0,0,28,0,0,8,243,60.14
3927,f7ed0f18f5ca37295dce13296c68c38a76eb3d4c,0,3,0,2,3,0,0,1,317,147.87
3928,f4c98563b6b2dcdfb59a9288252265e59edd7540,0,2,0,0,1,2,0,7,1764,249.87
3929,10d336a51d3a5a2694f1898e52afa01dc9dc1798,1,1,0,0,1,1,0,43,1638,265.05
3930,5212bba403a0a7dacb15fde7348474739b38b142,2,3,0,0,95,1,0,13,298,165.79
3931,2e6c4737370d487fa52ccb5c48166685878f74a5,0,1,0,0,5,0,0,2,169,46.7
3932,4205ba6777d06f14c545fa939dcc3b6bc7cad9e1,0,2,0,0,10,27,0,3,813,159.3
3933,fcfefd81b451035db86a11e7de0438834a4dd471,0,1,0,0,244,6,0,28,105,90.65
3934,5738825405495351712be97d0ff82149565d1fc1,0,1,0,0,1,7,0,9,342,66.37
3935,d3a4175a4d88bc3a0c396a3aba261e16a8e50b86,0,1,0,0,2,0,0,3,740,147.03
3936,5a831da6326647e9b3fe79e530830ce006340904,0,1,0,0,47,30,0,2,97,58.59
3937,19fd1a3310a137eb0059a9757dc3c506c4afc6a8,6,4,0,0,2,12,0,0,1124,487.9
3938,9023d469089a1f9a42f57523e380ca601d703b1a,5,15,0,0,39,5,0,7,2305,703.77
3939,60ce11220f9c5fde48165df8c638ee8c496bfe9f,2,5,0,0,49,4,0,4,471,255.78
3940,322eec45f8b9b26edacea68656b5ef086ba1f14f,2,2,0,0,39,13,0,7,664,754.92
3941,3bebeca24d8e678bda2700f742c85191c841d559,0,1,0,0,8,0,0,0,48,31.77
3942,53bb2f6be7955508a57e54a6abb6e2c9cae8198d,0,7,0,0,37,18,0,26,3675,619.01
3943,ff23790dd33d61698a2fa88d7abcff27d5c2643c,0,1,0,0,0,0,0,0,68,19.22
3944,b73e8b3b5a525aed6db20a20ae8605ba36ddea5a,0,7,0,3,55,14,0,30,1194,302.19
3945,e5e5dac9a7116fac264df689a48b895cb20fe70e,4,22,1,4,14,5,0,27,8594,1519.1
3946,22b660dda4aea58d014a4ca201533540cc75265f,0,1,0,0,0,0,0,0,8,11.15
3947,991ad04ca102df4f167948c171fb05154e72dea0,1,0,0,0,0,0,0,0,0,28.14
3948,0077c822f719ea1d90350503f3d10a274631aebd,0,1,0,0,1,3,0,0,87,40.92
3949,94aa409410ef21f107e67c5c7fa5931570d8c941,0,1,0,0,0,0,0,0,742,124.73
3950,68db456397fcf9af90ad571e91984d110cea7702,1,12,0,0,147,7,0,14,1594,418.75
3951,b51e21446ca17238b0c682247a81a252f76d0afa,6,1,0,0,1,0,0,0,2,138.04
3952,dcf61670d4155bcb6033978dcde73bd52b6814e1,1,39,0,13,140,94,0,26,6542,1559.03
3953,8fb1958b67846898b175d3d854c197c1ea25a26d,3,2,0,1,27,0,0,0,122,151.69
3954,336b5c52efaa7e32df76d4578ea1362c5c164074,0,8,0,0,39,1,0,21,2244,420.97
3955,23e6e6b0a19098be22d02b96b197de960b48ee58,1,1,0,0,0,0,0,0,94,46.6
3956,679495a01ce97030a59eb7694655d5db178ba8e3,0,1,0,0,0,0,0,0,17,15.32
3957,b0c406da079ee0e8acd003f8db4fb3ce123b6f8a,0,1,0,0,0,3,0,0,645,103.37
3958,d6bdd54ecc007ec05a2f9eee2e0c896f414c8ecf,1,2,0,1,12,0,0,9,433,144.99
3959,8d3133aa0ff23bf4c3d4b34cd0eb4449cf44187b,0,1,0,0,3,0,0,1,645,114.71
3960,18ecb48662cfb7bded903639f066fbad0f732604,1,13,0,0,211,148,0,15,1779,1058.49
3961,b4921b03b09e7f35bf85c4c98d119ebd92ece3f9,0,8,0,0,153,0,0,56,4449,830.3
3962,ff84a7ae16eb4f8ce41552808d97e9dc28c87f10,0,2,0,0,10,44,0,82,1541,275.91
3963,698650982d9f3abcca2fdf7660950e97cc831627,0,4,0,0,17,25,0,29,2065,362.51
3964,a01ff38061886c99876cb74637e26a1a3d8fc918,0,17,0,1,208,56,0,73,7145,1329.82
3965,138b0a972c532a6ff089640c69bcef6a09cec386,0,2,0,0,4,3,0,4,173,62.58
3966,20c2734f12b5eb117bea33026d4de7f0d4d44c4e,0,1,0,0,4,0,0,0,384,68.29
3967,ff78f217faf4ac36cbbd1f18c6fdf08412939d99,0,11,0,0,15,4,0,3,2849,565.91
3968,ecb4b1017c23086bbc3bd422502ede8350e2c90c,0,6,0,0,2,16,0,1,464,131.7
3969,a12caeebf806ea10b30cced9756d062a8e4fbe40,0,4,0,0,42,0,0,30,589,171.19
3970,d6105b41dbb9a65be13987269b39ecd3da98f1a0,0,44,0,2,136,65,0,28,7205,1662.54
3971,26ddfe10b629dd300021a1a41e0c2118eb9da496,0,2,0,0,37,3,0,29,1848,286.81
3972,477072f7f044971254f0d43a8810d9017afdd762,0,3,0,0,30,0,0,1,316,100.86
3973,c3fcaec3f42399f30c70c22379cd760a530a724d,0,1,0,0,0,0,0,0,819,131.22
3974,4837c424f330933c075decf2d122b0a2140ca45a,0,1,0,0,5,7,0,34,339,59.63
3975,fe5865d9e3ffc7b0c0fdef4980295f6ca07298a2,0,46,0,0,61,152,0,46,7568,1613.26
3976,feca3e26c468744c91a90ecd4a972a5bd114526c,0,2,0,0,9,0,0,5,166,47.05
3977,c5a3048fecb6be5b3f5b9cca68c0bdbf996ff1be,0,5,0,0,9,9,0,19,2220,370.31
3978,ffd91d7e907f0455e87cf74eb6fe1fa86006ad6f,0,10,0,0,197,39,0,39,2097,483.94
3979,1545a952fa043187ff8e7ad7da0d7693d4ad26e2,0,1,0,0,0,0,0,0,96,27.27
3980,5583310bb19d12d3500ad0769aaa47607ecf4737,0,3,0,1,4,22,0,0,418,626.56
3981,e15f36cdde3850b68d62159b213f50adf778a728,0,1,0,0,1,0,0,1,1640,242.19
3982,6119df9ccbaeea13073ba102e02cafca1d7bf9e1,6,35,0,0,1835,1077,0,1196,23086,4755.63
3983,e1b3edeb614f47c55e102f540fcde23684666ad4,0,1,0,0,0,0,0,0,6,12.17
3984,aecabe7518103f05f894c7b6b581de67932d54f4,1,1,0,0,0,0,0,0,1,27.85
3985,4b87240aa343753056e3578ad83aba710d2d832f,2,6,0,1,37,175,0,5,280,193.71
3986,16b799dae56b54f82a14dc0e0ad24977f06df6f6,0,1,0,0,0,0,0,0,83,25.82
3987,2e0f80c3337c89bac1855e1689ab56464295ab83,2,3,0,0,38,0,0,20,971,274.19
3988,e1a3d71738fdd63c2af054ffb5877ba8d3655cc8,1,1,0,0,14,0,0,0,172,65.39
3989,4aa3600b7c85a6489aa235928ab486a2f7f04931,0,1,0,0,5,0,0,0,1627,230.24
3990,c28ac79c8286073f025dbcc6fa33f4e6d37b77ce,0,1,0,0,15,1,0,7,183,48.73
3991,a26dd714b53bb1a30234de9ad815db2c82bb660a,8,13,0,1,353,38,0,30,4199,1178.06
3992,dc20322a6a50cb464bb89dc4237fbb94cebb8999,0,2,0,0,0,0,0,0,91,33.0
3993,dc8ecd9a9a2ac788d03d1e7eeec01a585c931120,0,10,0,0,118,5,0,33,6026,1083.67
3994,74f6e25c8f0714ebf12344e3ef8e26493b40261f,2,11,0,3,22,21,0,11,4058,802.01
3995,560f000424a2d73c5054d8138831480d5dc6b4c0,0,1,0,0,0,0,0,0,0,28.83
3996,da89846cf78ff1be7f07bbfee40ebacc23eb9ceb,0,2,0,0,1,0,0,3,991,190.21
3997,2e5823f61d7da2a43627e1837ece069c88fded17,0,2,0,0,0,0,0,0,1995,321.6
3998,d9b983bb5ee871387ce5f47d6890cf6ef4b9058d,1,0,0,0,0,0,0,0,0,22.31
3999,bc7c3c7daaa115bb557241b0b107d739a7a5907c,0,62,0,8,138,130,0,32,13630,2775.18
4000,eab83c92ed9f101dc981933be8383590491dbff7,0,1,0,1,0,0,0,0,49,550.17
4001,5824f11f5595fb3c94bcff0c269a18c126c41d56,0,1,0,0,103,16,0,16,444,120.47
4002,129ce2523dd4d20b7aea38f09e708e7d1c60b0c4,0,1,0,0,3,7,0,0,1625,246.67
4003,ad5436eaa1730e6222c17270ce6af863e73a1b7f,1,7,0,0,67,21,0,37,3450,639.45
4004,81f21ca409c5a1eec1143cc1ca8b60c286cf8531,0,5,0,0,101,29,0,19,2008,381.22
4005,1b785677ba65bbc2d293c09bb59749da6eda0729,0,1,0,0,1,0,0,0,54,25.81
4006,8c0078d1758ad60c685351313c168e509541e914,0,9,0,1,3,13,0,2,1666,344.39
4007,164c0b29b4e62bb751818bf8c28a578c03407e71,0,1,0,1,0,5,0,2,104,65.62
4008,38d454dc2b5bf8f9b6311dd76971264347a45207,0,14,0,2,56,32,0,43,3822,842.01
4009,4e5847d331d2c01fe868a0f32d593d974cb91f67,1,4,0,3,399,0,0,0,6631,3016.22
4010,60c3ce00814d6e9574ab6052aa007557937049f6,0,3,0,0,7,6,0,0,857,154.52
4011,260fa3a539719e84473b61ebe51d119d75a03007,0,1,0,0,18,4,0,21,202,56.03
4012,cc0d80fada5241521ed041fe0bd626bc834d3c7e,0,1,0,0,3,0,0,3,80,27.68
4013,fc67c8a8b8210955e8ce9e153e91c107e70ae084,0,1,0,0,2,0,0,3,132,37.07
4014,3874bc7f09b61b0b001f014891d307b5b83a56ea,0,1,0,0,3,0,0,1,52,24.4
4015,67160a89f8bdbf967518bb7c2b420d9530805a72,0,1,0,1,3,0,0,1,43,40.35
4016,69daad5a473dd54b60aaf29d485defd1fc71dc25,0,1,0,0,13,0,0,12,945,146.31
4017,e77e82c5c1f8648cad6be7415d7f3f5d0f03bc9b,0,1,0,0,6,2,0,0,50,28.5
4018,aa6f26875a98e423692bcd68f2ebf085962ddd14,0,2,0,1,13,0,0,0,122,58.58
4019,770e336ef691c589f40cf81ee97438b37effc7e4,0,10,0,7,621,287,0,111,6669,2718.29
4020,9b43b8f83d431ed72fe668fc54b615dfac394fcf,0,1,0,0,23,0,0,10,900,687.33
4021,b4f0a38daabc6ba6b607f75e432a29546aeee315,0,2,0,1,24,10,0,15,691,254.83
4022,bad837066fb9fb4df21d6fd1dac68e3177450545,1,1,0,1,3,0,0,1,14,52.86
4023,93bf3fe0a5ca4b8478a15796d1dbb8dadbfbdd91,0,1,0,0,3,0,0,2,958,134.7
4024,5f15ae4adef8394ae201c7e32dcc45d261677dea,4,13,0,6,488,9,0,91,3509,1560.71
4025,45e4ec9000f8fbca1a5f04c68c1b516388f02a8f,0,4,0,1,24,19,0,17,1230,274.91
4026,c525383e8db02324307e10b8ce09019402a2408b,0,3,0,1,51,1,0,4,126,102.06
4027,2f18891991569c0145131c20e1d1699641a32f84,0,1,0,1,3,0,0,3,57,47.76
4028,58eb59e7fb8846e7b47335d5f7ac298bcaca6f72,2,6,0,0,64,13,0,33,933,327.28
4029,fbcb4b23e2ffc6919d7396f7a0c20b796aea23f5,0,1,0,1,1,0,0,0,1,19.1
4030,5fbbef29f307d3b5a8ddc1bfd8506cc7a4663356,3,6,0,2,390,76,0,91,1395,525.22
4031,3fb88f10afe05617baab184fe45985202723966b,0,2,0,0,20,4,0,3,732,138.63
4032,584793fb6f24dbc5bce0a8fa02a55773e89f7d8c,0,1,0,0,0,0,0,0,596,95.39
4033,b95200e31b73ea87d628bb462a9a9e187044f524,0,3,0,0,23,0,0,0,1715,285.85
4034,5f58719fde34e218c53d1f500e07abf988d24c01,0,3,0,0,38,1,0,36,717,144.44
4035,3f58873f08b46894650f60aa5b62988b9ccc40bf,0,13,0,1,20,1,0,8,2275,448.55
4036,0e8a141437a6645deb85a730bc9adfb757bb27b8,0,2,0,0,4,8,0,11,592,110.82
4037,08bd55aab2c12b136e2b75941f0c4819bab2acef,0,1,0,0,8,0,0,8,343,57.68
4038,97191c921b6c729674ba8278a2a7e659110ca6a6,0,7,0,0,46,29,0,14,3628,601.58
4039,0b737248c3857966a57cf0af14bd9cf81e9292f7,0,1,0,0,7,0,0,7,38,25.66
4040,163075379c27c4ef4dd8ad97d5fb0de2a216c386,0,1,0,0,0,0,0,0,154,577.12
4041,4b89daa019fcfc8265217206a11db7e8b948adba,0,1,0,0,16,4,0,47,1991,342.97
4042,155373eb93086363703f2956ea92b0d8dc0168b9,0,1,0,0,4,0,0,2,33,21.81
4043,a604c4224a6a40fc598e9c64a163cee61fb9ade5,0,8,0,3,10,0,0,0,1059,303.55
4044,6985aef8c8fbfc110b300e45ad50a6b7ceeb17b4,0,1,0,0,4,0,0,0,202,49.18
4045,9871ed8a0a34bd41f3e28ddd09c6046d23b78240,1,1,0,0,0,0,0,0,1,42.33
4046,c56d41dc3d5dfa009269c25b48105f886f2a7447,6,9,0,1,56,13,0,44,2532,648.01
4047,c93a61d4d6c3376151cb53e5de7a12ecaa55c06a,0,1,0,0,4,0,0,37,2007,276.65
4048,1e0185468c04ad9ce03605873db54240a8f98b1e,0,5,0,0,0,0,0,0,322,90.2
4049,a28881da2d91b7a6440031b50e9de90ceb83195e,0,1,0,0,0,0,0,2,421,81.01
4050,2124f4054d7684ad36b0a33ff37dd39d153cff2b,0,1,0,0,0,0,0,0,108,28.45
4051,c4ef948ecb012bfa1eaf8a6ef3bd304ab52b490f,0,1,0,0,8,0,0,0,536,87.33
4052,a4c3be377f0e2c4d70476778ad4eddb060780bf3,0,1,0,0,0,1,0,0,40,18.94
4053,4c8631145e13828fc64d55a4b75ce98c007228b5,0,2,0,1,31,13,0,19,301,114.01
4054,4ee8b16d67afc2b02562e303a396970d65eb5163,0,3,0,0,125,82,0,24,537,142.08
4055,763e060db991a419cae7532869479d6b3d11bdb0,0,6,0,0,39,8,0,11,3064,496.4
4056,5fd25ffbc0ea56fefb503714b80f211f0801e5c6,1,1,0,0,0,0,0,0,35,25.71
4057,b021a1a51343761f646a23ba691769b379ebd63a,0,1,0,0,2,2,0,17,152,43.29
4058,378eecbf8fe936425f9343044ac3b306cd083d7b,0,1,0,0,314,0,0,0,1599,395.14
4059,7ea071db1ff949932d87fbb3089ee83583aa078b,0,9,0,1,181,3,0,38,9086,1522.98
4060,fec8ee413b0d3fbcf4d380b4bfa3c800aeb1b03a,2,2,0,0,14,0,0,15,524,733.65
4061,215899873f3e8292cdfa7f7ab1308d88a0ad3381,0,1,0,1,3,0,0,12,22,45.23
4062,e43b527702178c38eee5ccf38bf55a663c9be159,0,1,0,0,7,1,0,21,103,48.12
4063,3e84d6e6b1408ed3d05db1bc6158540baa08063c,0,1,0,0,14,10,0,4,118,46.12
4064,0b0825ad8ef33064e419e6293731a8ce3331894c,0,2,0,0,98,87,0,61,633,181.24
4065,9101bce0dc0607bb5fb12d8f90dee74909d1ef81,0,4,0,0,3,0,0,2,680,156.88
4066,c2315c83042881eac60666b1c66a45baacd3943a,0,1,0,0,0,1,0,4,53,20.45
4067,ce58832621e9963a16f92693e6cedfa0cab82bf1,0,3,0,0,34,0,0,38,2726,429.4
4068,9f496164d63b8bd5aa262094efbec26beac217c0,3,7,1,1,163,28,0,77,688,408.02
4069,5ef080e8a702ca52167ca8ca1b50b9c123be5a1e,0,2,0,0,13,3,0,1,77,42.39
4070,5f3672b7cfdda5ebc56903fbfd3deb74ba5c62d1,0,6,0,1,1,0,0,0,1578,337.36
4071,6bd06665f19dbb180d9d570ed50dc6d6231939d5,0,1,0,1,8,0,0,2,43,46.33
4072,edb5f7c0ae639d2116bfa663c457b82cdbde844f,0,5,0,0,30,1,0,47,1313,293.91
4073,28c3e3a61caff611434655912e09e8faee3061e5,0,2,0,0,32,2,0,12,2685,485.02
4074,25b72708a29acfcce497b0b0967551bd4f8a744a,0,1,0,0,4,4,0,5,526,108.08
4075,4acb881d78a7ff5605aa9c103c1e0fb07bd17f78,0,1,0,0,15,0,0,44,1685,244.57
4076,7d411abdfb904fa5e41779cf2393caa9bd73b154,1,16,0,1,168,8,0,57,9694,1610.18
4077,8d7ed731a9549c32e5f52a4efce2653f8a8fa2bc,0,4,0,0,24,4,0,45,3650,581.34
4078,e6b2e7ff45cdbe2058af4376c44df31cbdbb253e,0,1,0,0,52,0,0,18,1641,266.17
4079,f23ae335a46d6e6f460da812371dad12ed86ea47,0,1,0,0,4,0,0,2,1693,279.25
4080,10fbfddf0e716fcd4bccf6ad780ea48ba7e5b3e1,0,3,0,0,11,0,0,3,1120,784.73
4081,33dbfd2053e94c5ceeef74bdf0465e3bc9304e7e,0,5,0,1,131,0,0,9,4253,758.83
4082,6acf3bf48317eda80c4df063c45fc87c5335b373,1,0,0,0,0,0,0,0,0,10.93
4083,5c6d5731d75433acb94bf63fc5c2b31afb88b86a,0,1,0,0,0,10,0,0,811,157.34
4084,c5e567a8613d374ebf09128c327e8acfb1ed9146,0,1,0,0,0,0,0,0,811,161.34
4085,3e57865d0ffbc71a6e793318ca96ba8621920b34,0,1,0,0,10,0,0,1,811,169.42
4086,6d08655409dc85a7e201b5fce9e65c1f79fdb1d5,0,1,0,0,0,1,0,2,820,161.02
4087,78a6b1cf0d04b2bb3908c73bb1bcf466ed495e1d,0,5,1,0,0,62,0,0,4321,660.01
4088,5123e922136b023e04751a9e4a72b76814dd9920,0,4,0,1,65,113,0,33,1355,353.68
4089,ea7734dc902d52fde4088a6c5fc0bd0f609a6a7c,0,8,0,0,211,78,0,15,1417,402.49
4090,a2cb8c45bba6be528a5b43efe39d39e8c9d458ed,0,1,0,0,6,0,0,12,120,33.19
4091,8e251aad7043d212f4bd4096b5d22ee7aac04b28,0,2,0,0,38,0,0,14,2097,329.25
4092,f2f316db1fb684a29e051966b7b56201d689ab64,0,2,0,1,4,0,0,1,390,99.59
4093,0277f566162f289b1b5c3bab0e34cabf5c8c566c,0,2,0,0,2,2,0,0,392,80.75
4094,ab5b219ccede01cec695bd4ee1909b9c3f630292,0,1,0,0,36,0,0,4,132,42.69
4095,2b38282f10b9fe88e3827eef3df5e81967c75bbc,0,1,0,0,2,0,0,2,351,55.56
4096,57c8d90ac49aa875bf7429e7c5914a160d24261a,0,1,0,0,0,2,0,0,44,18.42
4097,e47fa6826b0bd3f6037530a151530856abbafff4,4,14,1,3,41,21,0,50,1157,432.85
4098,063243c88012241dc24fbcc39de349f49302d79e,0,1,0,0,2,0,0,3,169,40.88
4099,da5e98485ae795a368eedac5be1f18011b95cb07,0,1,0,0,4,0,0,2,111,27.6
4100,9bc4cec25494c2d5d18fdef6c7a0f28c3528afdf,0,7,0,0,373,0,0,172,1995,962.86
4101,ae8ad4ac78e48d6de8b8ac58131f5ef97ed6bd4b,0,6,0,0,417,1,0,18,3289,815.64
4102,b7427d664b7393badf58cc3eaeae74f91c2d16c6,0,1,0,0,1,1,0,1,204,57.03
4103,b6a875e83aed413260ec19acb728fe37d5fcd29d,1,5,0,0,64,0,0,1,4344,765.92
4104,3ad57c7195806af015c73c6053a6b4b7d5061256,0,1,0,0,0,0,0,0,100,23.84
4105,ce1641dd805b0fd8636cce33ce290ed880ad60b9,0,2,0,0,66,0,0,12,449,129.06
4106,6b22f6f57ae826f99303b75ff52befc1e294e825,0,1,0,0,10,0,0,4,275,69.68
4107,5a1f9d2e1e4b6837964eeeb398b3e37729b27a22,1,1,0,0,10,18,0,0,141,99.78
4108,3cc835b7e1d7957417c53c0f04c233bbac7affae,6,11,0,0,143,52,0,41,1007,409.91
4109,d39389e2e316ed25946626e9c5dd8e3a4d01c80f,0,1,0,0,0,0,0,0,154,36.47
4110,f9a93ec9df357186276ddb070d2d144f66aa370e,0,2,0,0,15,1,0,7,41,42.28
4111,a041afacff34409cac10939e5749e3a5a4fbb562,0,1,0,0,20,21,0,4,248,65.69
4112,721147acf549958f48cb2d55e693507e3cd209f2,0,3,0,0,124,42,0,29,787,252.66
4113,33df9fac20c61b28bccdd5493291e4ed1e68680d,0,2,0,0,10,9,0,12,160,54.29
4114,185aec9c24b99c04e4bb8f9568050c9106ae9807,0,1,0,0,4,0,0,4,151,30.49
4115,5f9ef02234e15337ca9e5eaa1909f2a04a71db23,0,8,0,0,49,12,0,41,5694,938.68
4116,405b51a0eb687d0bcd2f0709a3ca24189bd92897,0,1,0,0,1,0,0,0,268,52.68
4117,d6f2301f2a2d0c71f4c698a6b68828b767763726,0,1,0,0,7,0,0,0,115,34.36
4118,16943fe2ae25d79a08e87e547cb90d0cc29d9f76,0,1,0,0,2,0,0,13,587,91.49
4119,5e859ec8a72b3d0a5bfc821d3e40f8cbd7a6e54d,0,13,0,1,49,19,0,30,2844,548.18
4120,45674150087249e9aaae2468d19faba5ac466ff6,0,15,0,0,47,1,0,50,13608,3028.33
4121,5f3e90573d3ff015efc0ebea892be785f94bdd98,0,1,0,0,4,0,0,41,299,61.51
4122,608d873be0a579cc50f4e21bd7c83b4599860a3e,0,1,0,0,2,0,0,0,122,30.21
4123,a8ec7232cc6217c9310e23ef2088bc67c8596216,3,10,0,3,105,2,0,0,526,358.37
4124,0e47eb67ffc8cd11c2079b91a9313207a6161fc8,0,6,0,0,8,1,0,7,3210,602.41
4125,bebb59dc10a5e1792d1cf5de9fcd3f2d9412a20b,0,1,0,0,4,0,0,26,2056,346.39
4126,8eeb7f3d9a09a76bf38d94f15219d11dcb481172,0,2,0,0,55,0,0,3,2703,496.59
4127,e93012ca836869f6af8d16a15d74d879a675bf7b,0,2,0,0,131,29,0,0,397,135.64
4128,0febbf4c409600e9ac3156e49dd6d602f7e87932,0,2,0,0,21,0,0,16,4796,839.18
4129,ca56b9ca7c829d86de5ef7f40417725f4f0c6265,0,1,0,0,0,0,0,0,607,132.57
4130,a0bb401537741722852f6e52d6c0066b9233caa1,0,1,0,0,0,0,0,0,683,102.2
4131,c079ba4660bd3f20ee9eaa35e5b6ac5fd99e487f,9,10,0,0,14863,76,0,155,10656,6262.28
4132,508f7697a50df82ae2b9800bef7918bc96d715e5,4,16,0,0,71,22,0,19,4390,956.39
4133,ca59922702991f9163a7bfe4674e0c5ce9a14f28,0,1,0,0,0,4,0,1,117,38.72
4134,6cc0c86133666a249746a61cc6ce68d68a1e3fb7,0,1,0,0,2,0,0,1,1698,229.09
4135,5cd2a757f305d5403e857a993faff3ce757961b4,0,1,0,0,11,0,0,17,1697,225.96
4136,8b49f4297ccc30b86cd723d50884b2e3725162ae,0,1,0,0,31,0,0,7,1708,242.43
4137,0ba78627f25a9e5e285b85a4000f927d6581a860,0,1,0,0,8,0,0,0,16,18.83
4138,581e16d6339a2df78fecc04eee62453c8fb4c774,0,1,0,0,0,0,0,0,107,25.43
4139,bf5c9ad1f4bedeb20f5342bf7f7b06cc2ee31b62,0,1,0,0,0,8,0,0,16,13.19
4140,d3cb5d2f3ed5587b6f858edb046dde0c867f465e,0,1,0,0,0,0,0,0,719,712.18
4141,d967845f5bc24081cc32c64e3c2fbb676421fac1,1,3,0,0,4,0,0,4,1246,210.65
4142,cf9fd55406e304d2f64cf37e3f5fb457093954fe,0,25,0,1,106,62,0,52,7245,1432.8
4143,2dedc95c9ec6f2b28a8e08e50cb590d7d1ce5519,0,2,0,1,5,1,0,0,224,79.2
4144,b50cc053670a3f053f1c82c1c4ac23de81bedec6,0,1,0,0,3,0,0,0,5,13.74
4145,c2de5398b475166c00b5cc833a59d0e81ede08fd,0,1,0,0,0,0,0,0,53,15.31
4146,f9761a55fc94b5236637defe1dde493c0206e639,0,1,0,0,3,0,0,1,459,104.95
4147,a29dbf4162b8dce6a942f20546655511ee24a483,0,9,0,0,8,12,0,8,1915,385.54
4148,7756ace9a259d79d4d1fbf5958341b3a549962d0,0,9,0,0,86,2,0,140,2183,431.7
4149,e0c10338912886aff82eb5d9f5f92e1ec62b3c1f,1,48,0,3,7,0,0,0,8024,1644.59
4150,475420205c05adf821896d6e4c436a428ee8981a,0,1,0,0,3,0,0,0,193,40.85
4151,3f9f4e00b6349c2524b026ab92234bd8d900c10c,0,3,0,0,9,0,0,26,529,112.53
4152,174f2bd144faa0b7636050007d10f40bb5899a7e,0,25,0,0,27,32,0,65,11127,1771.24
4153,aa41a960d674607dde290bf9da0ece448602ce3f,0,1,0,0,3,1,0,11,145,39.22
4154,a873e206c9f1c116eb64e49e2dd957e2aa027ad8,0,1,0,0,3,1,0,0,165,35.31
4155,7898e68fd46265863df476d5823121341a8e626b,0,11,0,0,306,202,0,50,1994,543.12
4156,8c23d35d504d7a73a75eb88f47ce529569622795,2,4,0,0,16,6,0,22,2406,432.37
4157,87963e7a912990c0139ed8c2419cb4ed4935a658,0,2,0,0,0,0,0,0,67,22.64
4158,3b05134e0d8c1c47022b11cca37d5a3f1822ab6c,0,3,0,0,3,0,0,2,132,47.49
4159,e866faba1aab4d225ffd1389f1131340c969dcc7,1,0,0,0,0,0,0,0,0,18.18
4160,3cc587b961f4630d85b0b70c745f4a74675fc92c,0,2,0,0,0,2,0,0,486,720.71
4161,d4b82224cc34360731ecb63531a3f1cbd2acd240,4,23,0,3,760,933,0,394,11722,2889.75
4162,d8ea476bf1ce0572cf05fc56f5c39dd8df4f99d1,1,5,0,1,1000,6,0,993,12004,2346.74
4163,e3136720ff3e5e466a4bdb99094ead8a62d72800,0,1,0,0,10,0,0,0,218,72.06
4164,481a116e26faea7472328420469b6aa72ce378f1,0,2,0,0,8,1,0,0,459,98.05
4165,6f79ebe884c8b216b39758785e4ef0187b045a7f,0,1,0,1,5,0,0,1,33,51.39
4166,4742456403e6ee99071c634600fdd957ae39cd76,0,26,0,2,141,10,0,84,9398,1625.63
4167,653e682d99f8ea73a9bd615e8d4cbb88d0faa3b0,0,2,0,0,4,0,0,28,201,51.45
4168,fa77c2a3e5596c8e364e851db74ddafd9233178b,2,4,0,1,13,3,0,10,158,138.91
4169,5550e328c4efd25c42cb4cc6c4900dbe7f3518c7,0,1,0,0,0,0,0,0,30,16.75
4170,27cc3f0ed3439e329c062ab210444d6ee4ae304e,2,1,0,0,18,0,0,23,362,117.21
4171,89f1d1a0513ee61dae6e27bc2b012f96f6ba89da,1,5,0,0,86,0,0,11,679,238.79
4172,b6d4bea6fdbf4c3f85dd8ed0c81c7769aad65348,0,2,0,0,44,4,0,0,130,62.63
4173,e6fa0cf92d53fb8c30867496750d765e9c07fc1b,0,2,0,0,3,0,0,1,2018,289.85
4174,34948b947bb6aa0b1d4604cefdafc775ec318929,0,3,0,0,29,0,0,5,367,101.77
4175,998cd1642f4ae3819f18061468755bf992257a52,0,1,0,0,3,0,0,1,103,33.21
4176,d5047681e0e30e60252c32ad255aaeaf3c9b226b,0,1,0,0,12,0,0,0,547,114.06
4177,0bafd16057f7e396153df1feaeb898fb50397f7d,0,4,0,0,23,80,0,53,1497,282.3
4178,f1ad5cb93837e8d07d9d08da7c1a48caf74bbe9f,0,9,0,0,16,18,0,9,734,172.01
4179,d727e505bebc09c6153cf8e36b37f2d8f7b8adf0,0,3,0,0,5,0,0,3,1460,241.95
4180,d6f603a4929d9309269fd9f88340caf41b5d5c81,0,4,0,1,283,858,0,360,4663,1580.05
4181,aa111b80b7dda81aca97c87a0aae57b4e2cea876,0,1,0,0,0,1,0,0,26,16.82
4182,f3072b07bfdbb0e4c2a9627b7933a83853d5b670,0,1,0,0,808,134,0,102,900,371.74
4183,fc59a1f66e84da3cb95863391952dc6eb8ebf85e,0,2,0,0,1,0,0,0,194,52.05
4184,6b81ac7c937d8cb0604f7e94f82de15ea4de4f54,0,1,0,0,6,0,0,3,84,29.8
4185,25b6103dadba16e85db0a8c5f2fc44ecf9fc3f2a,0,13,0,0,333,53,0,32,2085,510.34
4186,96a5ef91315916b1107bea4ab9d2f78865a3d875,0,2,0,0,31,13,0,5,354,104.85
4187,b165690999b174f6519eed7dff62450c0d6250b7,0,3,0,0,9,2,0,12,2409,379.07
4188,2e2162ccc80777257836476c3eaf08327f35f244,0,1,0,0,33,0,0,20,559,123.54
4189,3d8ee3a06e26d8535a0a3bac363739d77b11b060,1,12,0,1,699,755,0,325,3146,897.24
4190,f20938d8ec91f8ca0606461e31e0fefbe239bf36,0,1,0,0,2,0,0,2,154,32.77
4191,1d52d528c9863ff2027f13710f90b54b563d69a7,0,1,0,0,10,5,0,10,956,180.19
4192,2476afbcb2d17ac2c0d5a541f75d6838a2c7ba37,0,2,0,0,14,23,0,38,959,186.49
4193,65fa5c4d82298e0933701954182d4e9249437462,0,2,0,0,0,0,0,0,359,79.66
4194,7378dd8521bc7630d4abf97243a07f3564f923a8,0,2,0,0,25,0,0,29,385,100.44
4195,b0c77d1d7e8b8094f532c7b87d1591dcedc957fe,0,7,0,0,151,292,0,215,3831,736.78
4196,e4f8a7419fb4bd0102eaf91e9747de6261e0b5c5,2,1,0,0,0,173,0,0,11,261.77
4197,65e7b7e2e102e7af8d39eeb9de00207273dca34c,0,1,0,0,0,0,0,0,181,44.97
4198,39a174f6af371bff1c295cfa5a57f7c7ff6ac934,0,1,0,0,30,13,0,0,86,36.93
4199,7e1ac022105e0bcb4c2469974a7bea3cc3967778,0,4,0,0,185,71,0,60,2624,465.9
4200,9582b9b34daa9e6f0b25f7d6bbef85b5e2c6ad7d,0,2,0,0,627,196,0,58,569,866.31
4201,b024de156c66c930d68eee4550db92a32c6e66b4,0,5,0,3,7,4,0,7,504,157.4
4202,64740a5c0769d65dddc4af0dee65179b610270b0,0,1,0,0,3,0,0,1,1715,243.17
4203,3fe9d15c1861a465e7b715ed8ac2640b99c55bd4,0,1,0,0,3,0,0,3,134,33.34
4204,21ddb60dc0af51f018c68e84b2e8969380e177b8,0,25,0,0,73,112,0,68,8808,1616.37
4205,d7d9f8db622049ccff411c7fe2792404b81fa331,4,12,0,0,617,895,0,175,7314,1610.27
4206,31b8b2d92b524a025ddc7dbf81f2d716a701d73c,2,3,0,0,17,20,0,14,687,195.57
4207,d77ef9a8b553f39d2365aeffb3ebc689ec0db356,0,2,0,0,35,204,0,24,507,126.21
4208,29a526ab733f33570ba66198dca0f52122202adf,0,2,0,0,19,75,0,45,257,80.38
4209,43b5767f6213784c7e4cdfce2bebadd87108b33f,0,13,0,1,48,148,0,39,2979,640.55
4210,7a66576ff79102d98ca773bc3c7d9afa99fc44dc,0,3,0,0,0,0,0,0,633,127.67
4211,196931e022a2c7c0a79a4b3b6787ed3a3caacdcb,0,1,0,0,41,181,0,28,411,107.3
4212,a98f52953a0d8fdde2eb37110436967c7121d52c,0,12,0,0,1264,186,0,283,2469,919.54
4213,ee48ff48a19edf0ac446a7ed34423bdba75b4bce,0,7,0,0,78,155,0,10,5246,1002.36
4214,c6236a57a559106ecc35cc00ee1fa3e084204695,0,1,0,1,0,0,0,0,31,35.67
4215,8c18ecfba32b2cef79210bbf7dbbf1a6b98c0d14,0,2,0,0,43,0,0,0,798,164.02
4216,c997c3311e39b218d197c9119bcc42793356fa04,0,1,0,0,26,103,0,34,708,132.74
4217,aed0216810bcc384a619e31bcbf3c7e70adb40f9,0,1,0,0,1,1,0,0,33,17.54
4218,67712031085709c7cccfef4f84d40ec0175554fb,0,1,0,0,4,0,0,1,211,53.84
4219,e196b203ac981c73638c2f116e29222749465ff4,0,3,0,0,78,752,0,64,489,191.73
4220,fbf2cc53774b0b451b45960e66042b2002a86602,0,1,0,1,1,0,0,0,88,604.22
4221,84f48f87f8dcc0fc1f8b8670205653dc862276fd,0,1,0,0,4,0,0,1,45,25.95
4222,5ece5d82712f03de81b11bd6a0de5e231c0af2cc,0,2,0,1,3,0,0,0,166,54.03
4223,261478a7e400b2394a4baa2a5d884a2e0431f305,1,0,0,0,0,0,0,0,0,39.41
4224,50f857944e3cc9d650d5fbe7619b26292646cc1e,0,1,0,0,35,22,0,22,300,81.88
4225,bd18c274baac2f1a0cfff42a9c11d7a7ca60d5ac,0,1,0,0,8,0,0,3,284,68.38
4226,78b7dad2c842c1c4532553631e04c8376df8d7ac,0,2,0,0,802,130,0,90,948,378.2
4227,59f57d9158fc7a2d70cc164b18d25f4d2b179853,0,1,0,0,1,0,0,0,46,19.19
4228,9265f6f762803a540187a398914880cb10d86321,2,3,0,0,8,170,0,7,357,213.99
4229,3ce062eb899f46ccdfa164187560de500148a724,0,1,0,0,23,16,0,2,101,41.35
4230,727b414e352aa9f34c3c4e96f7b7bb165895a8bd,0,2,0,0,0,0,0,0,910,130.19
4231,b0480db1aefc3d8b20860abe9dfee0f3e89e5893,3,11,0,0,321,708,0,66,1190,448.51
4232,e34dae0c9a1ef8b729d124b328c750487b74d37d,0,6,0,0,695,80,0,146,1532,475.6
4233,c2f6f479adc9fb108ba69e0407799dbdf5eaefa7,3,9,0,0,372,62,0,37,2023,636.43
4234,e2c671183e5df8772050ac9ff35baaff564f0c61,0,1,0,1,0,0,0,0,20,26.36
4235,7f95fccd0670b0b5d72de8f41b60c5824c4a916d,0,2,0,0,8,0,0,5,1799,281.21
4236,f032023ea5b457ea9a521e0bf754090f1de50e92,0,4,0,0,14,0,0,2,405,112.82
4237,f5965ee660a4a263258dbe8a85af5b7fed1ee8af,0,1,0,0,0,0,0,0,608,96.96
4238,6563749a4c2222af9c00cb36a336933d5d19e8db,0,1,0,0,0,0,0,0,787,132.66
4239,ae1abc8b1b05de57b5ee6bcafec32025153f57ca,0,3,0,0,67,12,0,4,335,117.77
4240,6dab7638507f0aab4c8606f1667749320a73a442,0,1,0,0,17,4,0,49,384,649.36
4241,829c3725c72b28b3a8d14282a8d8f3680b81aed5,0,7,0,0,17,8,0,25,711,172.4
4242,55a7c872948c583dcbf4c82ebca047dc21e03b98,0,1,0,0,2,0,0,11,693,118.31
4243,fdd4e8a01b66e66d335de22a64962646cd571596,0,1,0,0,3,0,0,0,96,26.12
4244,759cfb83af84e97a6ad30aad811c03b42f99e233,4,8,0,1,174,46,0,79,1455,511.86
4245,f6ae53870f2cec77c5f784aa63727a8c2c6eac83,0,1,0,0,33,9,0,0,65,34.76
4246,d54525ca904140a6629e12d5ad768e5e1eb684ce,6,11,0,1,36,200,0,780,14680,3400.97
4247,748aaefb12dee675adc89a7fbf08790f311525fb,0,1,0,0,1,0,0,1,12,16.36
4248,d723115058f01ee7851d3b652b10cf8eb8b2cf3b,0,1,0,0,13,26,0,13,86,36.79
4249,fa68470fe656d2adbda31767908e37da3aa9fc7c,0,1,0,0,0,1,0,5,730,109.67
4250,a0a474455627c82343da3ab75def6e04b1191422,0,1,0,0,0,10,0,4,355,60.98
4251,db3482c61e3faf81b77e74567437da30982fddb5,0,1,0,0,0,0,0,0,23,12.82
4252,731e2f6541793b476e43d52315169c7425e056e9,0,8,0,0,111,360,0,243,5339,961.7
4253,5f300467b8454e71782e275ab70ad527e5177485,0,1,0,0,106,285,0,191,1129,252.09
4254,41116848e5a1f9ceb3558ce654f5aff2064e2158,1,4,0,0,60,23,0,20,618,163.25
4255,bb8594380d821e6a3ef71fb2ee73465d45e5cb74,0,4,0,0,257,11,0,7,1006,283.07
4256,72ba78667c12ebefc3a9c6d2fbd07aec593f7ac6,0,1,0,0,13,11,0,2,344,71.35
4257,5c43d3cbedd06cc58ff818ccf54a2a36eb652097,0,1,0,0,0,0,0,0,101,26.78
4258,6b2437de2ccc19fa383442f81b9096c81b2c8bb5,1,7,1,0,623,155,0,61,2735,646.22
4259,575f58f13c80cc01b42dfc9a8155665f07e83fe6,0,2,0,0,19,5,0,1,1515,243.21
4260,ffabf9ba9b70baa679cca6cf804ef4ec275fdccc,0,1,0,0,0,0,0,0,160,626.3
4261,47e3864ee08ef7cd71e46bedc4edad29e7d7146b,3,11,1,1,14,344,0,10,3902,1125.56
4262,f2ff9baa64dacc0532d8b8b9c9509b45124d19e8,0,2,0,1,0,0,0,0,140,47.22
4263,7f35dcd74a56346ffb813758b5369330534a8bc1,0,2,0,0,41,0,0,0,399,99.62
4264,6bf39f535970f3befc82a21c44843ec12dd49527,0,1,0,0,6,0,0,6,260,50.17
4265,7be181e45562908146de7ecf33cd2901070ac0c7,0,14,0,0,111,23,0,470,13738,2552.36
4266,26f20dca6a7ca492528000c4bfe4b4c3a40d4727,0,2,0,0,4,3,0,1,1276,208.47
4267,36d2589461ba239ca581b3494193ded7c3198848,0,1,0,0,1,0,0,0,781,136.14
4268,53d43e3439e23aea04a4fa8cdf6b02200be6a7e0,0,2,0,0,9,0,0,13,112,56.45
4269,f09ab44cc689e30d56da13ec39d150afa8b63ee9,0,1,0,0,0,0,0,0,160,31.39
4270,3eb0400a318c6feab79efc299f48bac83affacd4,0,1,0,0,6,0,0,0,434,87.49
4271,1f5c0d14fcd8ec8c925c69dd40dd176dd0f14fd5,0,1,0,0,27,12,0,4,30,38.62
4272,bbeaba1ee87562d02ebd089a7a45110dee4b1c16,0,1,0,0,0,0,0,0,72,28.15
4273,c729de9aa0d0c0ba765fe49db891596473bd0383,0,1,0,0,0,28,0,7,870,171.86
4274,3a84ed22eeda2901fbf5bfec7948c04fec6d4155,0,16,0,0,34,3,0,6,2231,452.01
4275,c4610ecab2f75c10b3bd3a623525fafb1f8c19a6,0,20,0,1,322,465,0,112,4117,835.36
4276,f30de7377d1b766757e92dfcda765c9f2c25f67e,0,1,0,0,0,2,0,0,0,12.1
4277,e165d191309f5efede48597796dadc474dd1f35b,1,5,0,2,3,77,0,4,479,206.26
4278,4a0904502d8707b001ae7ba3ff0c8976c540d3b2,0,1,0,0,13,0,0,9,335,70.3
4279,0e5d21e96ae24e8c658a1b74843b72bddcb7435b,0,1,0,0,17,9,0,22,624,103.66
4280,d59d9b48f446ca5eec6f912fffa8d42a8c988046,0,1,0,0,1,0,0,10,116,666.1
4281,758d68b7cc737d237ccabdfac7f80a6d16b374ad,0,1,0,0,1,0,0,2,197,66.76
4282,8acd72dbbaf23b6d7c52bfbf443c89377b6266f1,0,2,0,0,11,0,0,34,446,99.63
4283,28efa14cc35c3c1d4e86fda1cf00c255f49a6279,0,2,0,0,23,0,0,9,4088,676.54
4284,26eee4c5011ab9254d97572736acf6813afc97e1,0,1,0,0,13,0,0,30,1235,195.73
4285,25932c793d5610f01970c9eaf3cc9bc3fe864f12,0,1,0,0,0,0,0,0,100,25.01
4286,e44d0d8083e5d4087f1c3a32058daa779c1d3fbb,0,9,0,1,0,0,0,0,260,94.85
4287,2fa73bce2b2b4096aa2f13781aa78d6f4da9fbef,0,1,0,0,12,16,0,5,703,143.69
4288,325fcaf4e111ae6a90868611c5bbe0b8649a5ef1,0,14,0,2,84,831,0,99,5056,1005.47
4289,2ddb14299054f9d1b26155cc6e4cdd2fc4f53e01,0,1,0,0,3,0,0,0,83,27.19
4290,20841229961bae97e65a7d7a0b68f3639d28d231,0,1,0,0,17,32,0,8,420,100.68
4291,897554ff3c19789ec79c8afc8ae9e5cb8f2b720b,0,3,0,0,0,0,0,0,1396,229.79
4292,026e89af76f49f55bb9845665e23251ec49a83b8,0,3,0,0,1,0,0,4,1949,309.86
4293,177bbff3919531e87739279e1435d649cfb10cc4,0,1,0,0,4,0,0,0,237,53.76
4294,64dff91895f9df55fe3a07217a333efa4d37d92a,0,1,0,0,0,0,0,0,95,21.63
4295,4fa7db7304f7766ba39bb280585b0836fd83bac1,0,2,0,0,58,0,0,42,1265,318.73
4296,bc42dc04ac674d804b52c7c932655e9de71c6a4b,0,9,0,0,320,1200,0,243,2779,637.81
4297,165a6d679ac5580c3d88ffa3b0fbf51847472208,0,1,0,0,0,0,0,0,213,48.77
4298,e8f7f4660990a668150bfdcb8a18595442fcf3ad,0,1,0,0,8,0,0,0,932,154.2
4299,50983ad638616cb0c4111edfdca819da55dc36c4,0,1,0,0,0,0,0,0,213,48.38
4300,211ae1d1504c9302e319c0c916a03d2430aef04c,0,5,0,0,9,0,0,10,2741,1007.09
4301,556f7fa07e7cd3cdc4dfc08ba03b14bccda44550,0,2,0,0,7,0,0,6,2072,397.84
4302,e524b5b3305d8acd950527f2c80f3ef34fde15ce,0,2,0,0,9,0,0,36,1550,249.52
4303,7d821d109902e0cf9705b4a1b38dded5185209d2,0,1,0,1,0,0,0,0,66,51.47
4304,3b1c72dfd366698cf2084f0af1c36a9e016aeee8,1,2,0,1,23,0,0,2,574,204.12
4305,e04e61ed77a59bf54408db1f072f8dd1fb61e7d7,1,1,0,0,0,70,0,4,82,91.58
4306,4b762ee841a36ace805f90ed3188140ef54d7536,0,14,0,0,216,67,0,37,5923,1242.59
4307,78cf844cf339def3a3754a425ab9e3bf9c2a77a3,0,2,0,0,11,7,0,0,215,49.36
4308,ad05de172f4df735c56f83b0d590724603b3c2e9,0,16,0,0,205,88,0,97,2300,548.96
4309,7d247524b355c1014453d2a6ef69797ce8f54769,0,10,0,0,410,61,0,229,5242,1150.93
4310,d313103aeb66bd6a8081f76578a35e26d5a0fc78,1,1,0,0,290,88,0,43,349,190.4
4311,e17ef0d87bb92f074e54af27502d88e1913e1664,0,5,0,3,60,0,0,12,677,252.81
4312,61bce903626cfe775e7b2df32b46568bbc6fe6bd,0,1,0,0,235,24,0,29,365,134.33
4313,579f305bd0fb5673a82d3eeb74660db7a0d6ddd8,0,7,0,0,129,57,0,51,1816,387.11
4314,48ffa4d5e615c78f6db8f6c2beddd93460887642,0,1,0,0,16,0,0,0,737,129.16
4315,81bebaee8178f83604d895d2c6ad53467a7c0592,0,1,0,1,20,0,0,0,141,79.63
4316,49a3f5e4d10f9dc8ab5369e8279e06b34beb0195,0,2,0,0,19,2,0,13,405,105.17
4317,51c7b82c74db69351ec23e26b678ee83746c1d93,0,4,0,0,63,144,0,51,876,234.98
4318,32ae460190ed4bba736fd3def55841278ba84a40,0,1,0,0,0,0,0,0,70,19.12
4319,b5867cb327b4cbcce5929841ff00fc19801dd261,0,1,0,0,1,0,0,0,165,32.22
4320,94875900c64ebbeb2b49b2abf087d2c1fd075184,0,1,0,0,5,0,0,6,115,625.95
4321,d1e4cf056646328e9b6a12ef24817fd64eb7dc36,0,1,0,0,8,0,0,0,119,52.36
4322,d16b2016401a1b56b0e257a187191434a7525563,1,2,0,0,2,83,0,3,2367,452.55
4323,224aab57a0c9e3e4588e07b000af9cd61a0cd8ad,0,1,0,0,94,286,0,41,353,117.38
4324,e53b86fe92d86e6264442c945f201f3d41294cac,0,1,0,0,1,1,0,0,88,30.16
4325,b4ad3d27d21e1124f038c9a06f96d4931ff13d8e,0,1,0,0,9,1,0,8,446,101.99
4326,bdef332044a6d62c2593c2966357f36524de10e1,0,1,0,0,2,0,0,2,81,30.2
4327,0045b86b78afdef1413ba1992faac8e824a0f7c2,0,2,0,0,61,44,0,23,741,163.74
4328,b1afd6e117d20c85befc97050baa70a476d6653e,1,6,0,0,7,6,0,2,2140,428.89
4329,25c7577573d67d32866a6e3432cf07f415464188,0,1,0,0,4,0,0,0,228,49.64
4330,b80a5979973550ac67ac7551ac91b1493a784153,0,1,0,0,0,12,0,0,93,24.11
4331,a262b2424efe1427e78dc731f647e8cbc488991e,0,1,0,0,0,1,0,0,231,44.16
4332,3108c9a01449e967b419d4b1b71436bd654b3dbb,0,32,0,0,72,130,0,23,11141,2084.57
4333,2513370c3ecbe26094e866daf35e615efe9ac691,0,3,0,1,3,5,0,18,371,113.2
4334,f06591f9c0321c58c1bcd7c0830c0a91d5a6efa7,0,1,0,0,0,0,0,0,455,83.25
4335,ff916906a38b79367dfe2817e8a7fb292ee858aa,0,1,0,0,0,1,0,2,94,22.86
4336,4bf297b2d9b07eed64edee82ccad00eee613806f,0,11,0,1,41,0,0,18,1243,299.21
4337,b55ff6d5afd307d62941cb0e4dc3ffb7c9656f7c,0,1,0,0,0,2,0,0,495,86.36
4338,ea4de9d124c34d36171f119ece521151bcd0b709,0,7,0,0,49,82,0,9,1519,319.32
4339,73a0b7ad3cdd3eae5b8f386f879a94f1ee414875,1,1,0,0,0,0,0,0,358,92.88
4340,891b9f6a20624b2ff7b21de2c9baae92a0d505b6,0,10,0,1,74,371,0,305,5027,1456.56
4341,43b9435dcb2dc2247f1827e0dd8028215c9078ea,1,2,0,0,131,0,0,23,6180,1130.25
4342,6a89699f9c3de9b7be5e68ae7e4966ffc4a5103c,2,2,0,0,19,2,0,8,512,144.26
4343,d5db1fb54543bfa1f88a7d3a741ff6571e7fac08,0,21,0,0,68,53,0,19,3906,781.94
4344,ece91da0d2804b2225cd8c4f83c6242b2068d1aa,3,0,0,0,0,0,0,0,0,29.05
4345,f95402a0992c85225cb7a1817096082538da080b,0,1,0,0,4,0,0,1,481,88.7
4346,dcd070dc0ee32ba27e793b2a2ef02036fac69296,0,4,0,1,70,13,0,51,919,216.01
4347,1021af6aef5a8ba0af0f5c1c8b2f072ee1fd141b,0,1,0,0,1,0,0,0,119,31.06
4348,0b64b9288f90d3ea748e7b687067f1ac20334174,0,4,0,3,12,1,0,0,243,131.62
4349,c028d6ca4f6f80752975f519206aa3bed24d4aed,0,10,0,1,100,145,0,129,1529,411.79
4350,6a127224e6790288beac8fdf5a4ac2187cf3fa02,0,1,0,0,1,0,0,0,485,97.61
4351,e1a767105dd62ae61748c590741cb3568ca9a0ef,0,2,0,0,37,0,0,23,1194,257.15
4352,dcae5488cd2a69f0ffe39487b1375d9057991dfd,1,8,0,0,59,17,0,54,6652,1136.64
4353,ca303c699d95c1545d6ff8621bd831be361cb143,0,4,0,2,1103,0,0,0,20649,9575.87
4354,071b916775c97d1a11f17b7d1a1b0f6d91f68c65,2,2,0,1,13,1,0,0,33,99.12
4355,e86b13f75ad2f1e88dc5f225e1297c1fd3ef954a,0,2,0,0,280,15,0,185,1331,313.97
4356,833fa820416733dc37d7ce3aaa751cfc28f55b77,0,1,0,0,16,0,0,8,486,98.92
4357,d2c279272957b3cad82fe1346e358c6e052e2d7b,0,1,0,0,7,0,0,45,356,135.79
4358,d77f9291cb1a0c98073c23734fd8d19bbb6d4ce4,0,2,0,0,0,0,0,0,52,24.37
4359,a825ca179b38423666cc5223ca26345b35f38a55,0,1,0,0,0,8,0,8,494,93.78
4360,0e367e91e3341b5f428f255d20769c0d38db5e9b,0,1,0,0,18,0,0,13,494,690.17
4361,c1d32df547c581086c194a203fc3def3c240deed,2,2,0,0,11,0,0,19,206,113.14
4362,86464360f8fca22b956f013c5161cb6603636d8a,1,10,0,2,482,160,0,67,1908,675.29
4363,1b7b4b89982c215f2b28a218b75690121a49ddb2,0,3,0,0,18,6,0,5,258,90.95
4364,4b2a4d10de0b48f8ceb33ae33d1af4f1a081170e,3,12,0,0,90,8,0,14,4265,837.03
4365,4a7cc45f8a443b58f77742031d780ab40f4c2c45,0,2,0,0,48,0,0,0,1003,192.01
4366,de98955c16d71f2486f54f88c9ca6c88b91a3812,2,7,0,0,84,5,0,20,1896,454.52
4367,4325d15edfb74048716dcda60f2c7ce965de9a01,3,37,2,2,17,3,0,0,5051,1091.09
4368,64675ef3c2d52c29cead8bc15ae33534c1948f3c,0,2,0,0,20,24,0,8,437,109.21
4369,788b285e11e28e26682cd0196b369df47d3656c5,2,20,0,0,508,124,0,871,21848,4611.99
4370,d84c863525e9fb1685f3e1c8afe05702454ca217,0,2,0,0,313,60,0,14,278,191.75
4371,f00161be20702ea280a87d545c154642be40f1db,0,2,0,0,22,0,0,42,457,113.96
4372,5732ee52bc5c78b600218e385904c577b4526709,0,1,0,0,0,1,0,3,121,30.26
4373,5be2766ef4b7f915da351725140130a6908b606d,0,6,0,2,10,0,0,2,94,70.62
4374,e1d16e9892772976cb25d811e229dbbf9125aea8,0,5,0,1,1,1,0,2,129,75.99
4375,3fde3c238f482d43f6f129f29bb5bc652f3475b6,0,17,0,2,74,27,0,68,7428,1398.77
4376,76322859a48630f9a738cdc90a4fe0420c293f1d,0,1,0,0,0,0,0,0,16,10.72
4377,01f6b9540b8c386859c8c56f74fb1b2fad551806,2,10,0,2,2,1,0,0,1076,308.83
4378,9be1c514278ce2b966fa95aa5bbaa9d7e4e6e531,0,2,0,0,3,0,0,0,437,66.84
4379,6b1c419445ddd6e706053e21cab07b787455cbf0,0,1,0,0,1,0,0,0,512,87.4
4380,19f6522e1044cff91354775a3d2cc6db33fb3850,0,1,0,0,5,3,0,6,20,607.25
4381,54834e87a85d70092bc06dd3d4806d250292db71,0,1,0,0,1,0,0,2,513,110.19
4382,712ce70e2e4da21a93198880d074bd10617668aa,0,1,0,0,25,9,0,12,139,48.75
4383,4c8510f8528f81a07dd0a9581f44a09df8f7bd52,4,5,0,0,19,91,0,10,386,246.14
4384,25baace0dec1fc4f3b5fb51292c8ec8a6da85ba0,0,10,0,0,13,0,0,7,947,225.58
4385,247eadc58274cd6e92101e6450c5fe1b6ba5eeed,1,4,0,0,0,0,0,0,735,161.54
4386,b42fd10a325f9706a48387329e3b2d5b77b7a6a9,0,10,0,0,3,0,0,0,1235,276.32
4387,a5f6c55edd8448c2ce05c025a662984c49f2c87a,0,1,0,0,0,0,0,0,0,8.87
4388,a5cbd502bb7d2f3069db789f314101932068fb2f,0,1,0,0,0,0,0,0,509,89.7
4389,675e004cf1f6630547d60b64b43fdf3acf4b50e0,0,2,0,0,6,0,0,0,358,97.41
4390,b21e7176543607583bbb0726283abb1a52f88161,0,12,0,6,0,0,0,0,352,238.57
4391,021bdae6970499f16ece9f407c7ab587ec700aed,0,4,0,1,8,3,0,0,498,134.57
4392,4d07aa5f1c792bff7bab25ed9fc4ef301ce17fa8,1,1,0,0,0,0,0,0,367,92.36
4393,0ea99974fe398fd0f5373dfb2c791c78aadcca12,0,9,0,2,125,69,0,27,714,332.62
4394,8a420c52ac99ee5544cc52cf0aeeca922a9d934a,0,1,0,0,10,15,0,1,97,45.35
4395,b6646596c6aac2b6f91976eaad4993802d671f8e,0,7,0,0,26,11,0,11,827,213.89
4396,71c1d02f0206553e5e234b41ccbb018dbba9d633,0,2,0,0,14,0,0,16,308,76.82
4397,4053868e7245873e284ba1c23f2ac032346bbd61,0,6,0,1,11,0,0,1,1425,254.01
4398,c45ffa4986b387da73633eabbff4f1026a50161e,0,4,0,0,11,22,0,0,188,62.35
4399,cb1428ddca52d7d980be8432cc9d97cc7c8bd6f2,0,1,0,0,6,0,0,2,990,170.91
4400,1daf8acfc9f48551a4d427bf71fb32f56371391b,0,9,0,1,233,88,0,98,1847,1089.05
4401,58818496daad0572843eacbeabfb95bc6af816ee,2,22,0,0,96,0,0,69,3414,801.84
4402,46e53b089a81c2e1606b1616b1abf64277de50a9,0,4,0,0,0,0,0,0,192,60.15
4403,26387cbf186635c6ccb3fdaf113861e2a05dce5c,0,1,0,0,2,0,0,2,120,41.46
4404,c5d5a5d1bc4ffab220fa9bf93aaa18fed7d6c8c8,9,0,0,0,0,0,0,0,0,196.5
4405,ea0731d60f09859a3d35db011822e676bc9e2dda,0,61,7,0,64,300,0,253,12292,2324.97
4406,9dcebc396bf7dc697fba990c6ee35bc5009a7dc9,0,1,0,0,0,22,0,0,183,42.91
4407,b168b8b2d5dd34e431b12eceac5ac0952144f8d8,0,5,0,2,22,9,0,1,894,270.88
4408,fd94fcde583c66e9f231342948c3e677a99a6d3b,0,2,0,0,0,70,0,52,1205,215.42
4409,41691e469ae4f59aa04bfec99b1e8a19699f1d04,0,4,0,0,47,0,0,36,495,129.41
4410,edae564856b8aefbede64fd3eb73c30aba30372a,0,3,0,0,21,38,0,16,535,137.48
4411,0b883059ead43e84d691d92066aca5c658101dea,1,0,0,0,0,0,0,0,0,29.52
4412,c61cb7fb55124547a36a6ef56afaec43676039f8,3,13,0,1,140,548,0,114,2372,657.21
4413,f36b42b9e9778e8a267e89c58b78eab7622af319,0,1,0,0,179,20,0,25,176,85.52
4414,220037c465735f3f7c88fa1cdd966a872df714e5,0,1,0,0,8,0,0,1,443,94.13
4415,7ee058bc2092b6c600bc3585f42841bd8b0a0dbc,0,1,0,0,8,14,0,7,2080,336.29
4416,30aab8b5ea667b97f7a161893cf98b82d7f34fc6,0,1,0,0,0,0,0,0,509,101.64
4417,e5ec49b123c4070355182f04397d8c8c347c9aff,0,6,0,0,75,17,0,28,1295,313.14
4418,8e40fa0c41ba24de2f3dad7afc77eb910c0fe7d4,0,1,0,0,4,0,0,2,174,54.64
4419,1ce333901e6ed614c82a21d306dc8310c8fe491b,0,1,0,0,15,0,0,25,348,73.0
4420,1f14726afbb1730b82487a7ea890519fe3cdf697,0,4,0,0,2,1,0,15,556,667.79
4421,1279ae807c0e2d9b183c145fa553bdc84b6ca1a7,0,2,0,0,5,1,0,1,285,80.75
4422,04b9a0a57376d6cae2b4fdc10a55dcedf5b983ad,0,3,0,0,0,0,0,0,363,66.07
4423,f00d21179c76739ce8480c89fa9ad6b968fc6b7a,0,1,0,0,0,0,0,0,0,13.39
4424,d9739b9e3f749d4190e5b8766dd0b5f6f6a9844c,0,1,0,0,4,0,0,5,208,49.14
4425,ef995efb1aac7fee1d23639128ecb1d85f5a3bec,0,2,0,2,0,0,0,0,0,19.31
4426,ab896f05d1d84f3e634c364a0772ada4c6cd6b9d,3,2,0,0,27,0,0,3,1465,291.76
4427,78f7cd450fe7ad5ed4b4b9634c7499e65968476f,0,8,0,0,12,35,0,18,1325,299.07
4428,cbd39422b4f219c3226436c76695689e42c18a3a,0,13,0,0,38,3,0,13,935,286.45
4429,cf896d067192328f36a838d73e43f49fe3d689b3,0,1,0,0,2,1,0,0,95,26.65
4430,ee963a994b2dc9cf89cb02fa5446775fc961d342,0,13,0,0,1,34,0,7,940,283.76
4431,8c7772488c145c34ba7f7d2035deb23ae321666f,0,13,0,0,34,1,0,10,940,262.38
4432,8c14c7b5bb770cf12597d7b8f81f0a2ff11135f4,0,1,0,0,0,0,0,0,132,25.33
4433,af63fba391afa26545656f6335e75eb3577d5477,0,3,0,0,16,7,0,0,1632,274.71
4434,7f2f7c23a7bd274925f6438d316d8e2e8d8709d6,0,1,0,0,1,0,0,2,970,149.33
4435,86e5db50992e9b297014e9c9824429e1cefb824b,0,5,0,0,24,62,0,301,7102,1161.21
4436,80557b872fbf31fec94930fc4723d7a459fe52e7,2,0,0,0,0,0,0,0,0,52.23
4437,5419bfdc8e18547a6437d297e3060f20f584cbec,0,1,0,0,8,0,0,6,113,35.47
4438,d824f0b25fbeea555257dab7e5dca7e96e8f4666,0,4,0,0,19,4,0,36,743,180.72
4439,623cfa33d1007b36d6dc35886c02d233e91227b1,2,12,0,3,67,117,0,43,2775,651.23
4440,b5e660fff4afcefcde0ec635d7830b4f00d65627,0,1,0,0,0,0,0,0,184,628.17
4441,d6cc2fb1ea9203e8f72bba1794e357b507a1b302,0,1,0,0,0,0,0,0,14,16.08
4442,c682d57e92d9f18a02e1fe8dc50c5caa116e5d4a,1,19,0,0,100,34,0,182,8080,1466.38
4443,961919d4433ec0930a18c691397414cc8174542f,0,9,0,0,80,25,0,52,16905,3521.09
4444,548d5061c96f98eedf39f6fec77b53f88e088412,0,1,0,0,2,0,0,0,304,60.81
4445,20874896623694070443ad06e69c302d169c1446,0,1,0,0,2,0,0,2,122,35.1
4446,948b22f082e1c598fc553a34772226de31b8b0b7,0,1,0,0,0,0,0,0,22,13.31
4447,6834c929cc80b55c8c898dbd9b27b0f7a82e973b,0,9,0,0,377,82,0,225,4029,747.11
4448,2ab3b325caefbc649b0cea911728a4776294a76a,0,6,0,1,41,39,0,0,3154,523.81
4449,9944c6031fc9f2f6dfbf2fed24c0c215425f6ffa,0,3,0,0,3,38,0,17,2090,360.59
4450,af9fa42e1b20531bbbd2776c86f55f7d71a57773,0,4,0,0,28,0,0,0,254,76.89
4451,632301f52537f44df0575b5441e3b12fa82b485f,0,6,0,2,19,4,0,0,341,125.45
4452,62a78ab661ef432dfe054d0c15258057250fbc78,0,1,0,0,0,7,0,2,189,43.55
4453,55cecc9679ca04796450d75e72cfc89e1f3b4970,0,27,0,1,223,36,0,661,19719,3678.6
4454,92b494df459d0e3bbbda808c64889471cf915078,0,1,0,0,16,241,0,122,1163,251.1
4455,84ed7cf645885a4d008e067f268d41d5c70cc1ca,0,1,0,0,0,14,0,1,50,18.81
4456,3fa92647d24dc87cc958b33c5becd8dda16d1326,0,2,0,0,21,11,0,3,644,124.55
4457,63f0dffdba6b9e70fc26a653dd8b1ea64a4e2b70,0,3,0,0,60,12,0,20,1191,268.22
4458,5136c70554b6ead2f91e99b53389b10710639127,0,1,0,0,0,0,0,0,797,135.16
4459,f0a32dff9b9cf53707758226f6598ab32cca6b06,0,6,0,0,308,39,0,194,3143,668.27
4460,e476947d3f87708acce630372fef30bc13959b4c,2,5,0,0,73,65,0,85,2011,993.95
4461,3ed3c5513cc26a2158173caab8d36b6d7f544009,0,16,0,0,38,24,0,0,2952,596.85
4462,79a03c8bcbea49a8301985d105f325f2e6647ded,2,8,0,0,55,66,0,32,1382,333.67
4463,5764df2974e68efd69d581478618cffe1395e547,1,7,0,2,36,0,0,0,243,147.52
4464,b5db1432806ad49a04ea7866856e7321ea252adb,0,4,0,0,109,0,0,5,300,124.82
4465,890618bb11114265d24f6c02de61ff107e481fd6,0,2,0,0,15,0,0,26,926,174.0
4466,c75afc5b8f5385f331ddbc60e117e4b2d1956121,0,1,0,0,0,0,0,0,387,63.44
4467,008860cb3bd9ddd87d3efe848646dec58ab25708,0,2,0,0,1,0,0,1,170,40.16
4468,3020842d5c4a7c32045c516c8a1d06a9e77688f0,1,0,0,0,0,0,0,0,0,18.83
4469,54a5375710960257cce67783eadcc8b5740b99a4,0,1,0,1,6,0,0,5,23,39.66
4470,092fc71b182f3c364f5cb3b2e793ef5c78a0c4bc,0,1,0,0,1,0,0,0,387,68.01
4471,e991fd8055112e2ddc0bbeade2ef74504e2407dd,0,1,0,0,12,1,0,13,568,116.32
4472,ab72babd97838317fa0a380fc4d49bf2703ad17c,0,7,0,0,29,4,0,24,2708,459.44
4473,62db371321052f0c0dd4b66f8c2a118bb7fbc5aa,0,1,0,0,0,41,0,15,361,69.79
4474,235aaee4fe6931796ff17777d882906af5fa9270,0,1,0,0,15,0,0,2,408,85.12
4475,3aa2b2d638e9517bfa019431f9e6ecf320c9c86d,0,2,0,0,199,60,0,57,740,211.98
4476,07a771866f18e8ec532c14f624fa908815bd88c7,0,3,0,0,106,143,0,57,986,184.03
4477,b8428a68c36ba5a775d5634cdaeec30a8b439674,0,8,0,0,99,75,0,43,3448,640.75
4478,200579f5fdab6a868f54887c795d007caa5c0d4e,0,1,0,0,51,30,0,27,337,84.11
4479,7f2f4e80c4d67decbe2a9c2a032b70295fe4376f,7,36,2,1,188,124,0,42,3367,1059.22
4480,e04009c9894b1ace20759c5f97f30126f3129aa3,0,2,0,0,4,5,0,12,170,623.1
4481,34cd00b2912c045fa65d8b99d8d382af5e92dfc0,0,1,0,0,6,0,0,0,100,39.2
4482,20cac213aff85ee1380aef6d42a1042c2bbe5901,0,4,5,1,0,16,0,12,396,172.99
4483,0167558eb31ff48308d592ef70b6d005ba6d21fb,0,4,0,0,360,67,0,81,1103,305.7
4484,0e8e41d0ef5985aa3d424621eb8fcb1ca68838ab,4,2,0,0,36,31,0,7,44,125.08
4485,ad78a9cfded3d65f83f4015120746e5c29436b18,0,1,0,0,27,0,0,0,654,104.56
4486,c88b4c46a40ad8bfd29640395aee12a566080e86,0,1,0,0,19,0,0,19,164,55.12
4487,1d8958685ad94f2705df7205a7baeb055a419ccd,9,0,0,0,0,0,0,0,0,402.95
4488,b79d6bf72989610abdd4d14e0c62d4363b828f6c,0,0,1,0,0,0,0,0,0,8.97
4489,6da1a485fc50f8b75ebce2b582f718dcce0845af,5,9,0,3,30,3,0,0,456,256.53
4490,2416d798facc8e5721940b8ae65597cf48e3cd1f,0,7,0,5,11,1,0,5,319,178.04
4491,62c048660bd3d4062e56646ae7c17b9a2ef15614,2,10,0,1,204,39,0,38,2985,1067.42
4492,c6db30897704af040b73eb0ff3138ce4e7b956d5,0,2,0,0,28,0,0,0,676,163.12
4493,a04e0b703f1ec2075ad99d93d8b7edd603b14872,0,1,0,0,12,0,0,0,537,105.71
4494,d07bc87cd656b510d7ac610a41bc4195282a006b,0,34,0,2,258,32,0,204,13720,2609.6
4495,36d84a15158057f52c62b14d3bc4fa223f2693e6,1,1,0,0,0,0,0,0,0,20.38
4496,c01e7e50c1047565da1b0c6ed6fe8bfdf25e03b4,1,50,0,0,205,15,0,136,8034,1592.97
4497,fc573634041242c322c29cff722eb0d74d3ab20f,0,6,0,0,131,171,0,53,1425,341.73
4498,f0b9b6bbf253bb0dc8a22a4d07e8ba9a1059478c,0,1,0,0,0,0,0,0,26,15.6
4499,cec30fd8a498d9f0456cf8e43294fa0071a661e3,0,1,0,0,0,2,0,2,113,39.28
4500,09fcdb50af38e0e25a5bdab95b34577bb4d38f49,0,11,0,0,68,4,0,54,9395,2197.82
4501,77554df88190e01d1d6cf71546438bbd0024abfa,0,6,0,0,107,0,0,24,2788,464.91
4502,4f3d5bbab960ac7502fb0c6d9bdb8982b97333c3,0,1,0,0,193,125,0,27,455,142.85
4503,79676f15f4c63504d60ca9b7046cb7346e9c3df6,0,1,0,0,0,0,0,0,934,152.96
4504,dd9f1cbf3a3f69792733bd853e2191fe18978179,0,1,0,0,0,0,0,0,934,134.05
4505,f5e13c7460dabd6909146e79f511af5bf7f5f977,0,4,0,1,0,0,0,0,1863,322.99
4506,213e565bced01e8d4ffe5bb3b76d2a7026533aec,0,23,0,1,85,31,0,40,3310,816.03
4507,01a7dda2551a86ce980e58cb0748322e8da930af,0,9,0,0,0,0,0,0,1048,192.01
4508,470d00ea9a56c1a6f9b872d35771d20d6fa06d48,0,2,0,0,0,0,0,0,116,29.34
4509,c61676a1ef5ad62974235a2b02723e6923d4bf98,0,4,0,0,0,0,0,0,65,32.95
4510,e71d69bf00e792115fdc841cf597ed37b5ae4e2a,1,4,0,1,78,39,0,17,611,274.45
4511,4824b0dea721790f7ff14af317620d26d931a18e,1,1,2,0,0,7,0,2,46,51.4
4512,0b22eb07bb8ecfa456f170dc9a1dec418ed01e2a,0,1,0,0,0,0,0,0,68,22.84
4513,96dcd67f565413c0efba38b32ba9d0f277e90fd9,0,6,0,0,42,6,0,13,880,216.81
4514,c694ec11df3437b2ad24f365e3318dc7e931ddfc,0,1,0,0,0,0,0,0,681,111.25
4515,995a5a6c6838164f5baa5ec96f4395edd1c50d56,0,18,0,2,57,12,0,4,3710,756.54
4516,bb73791dade15f389dfc1bacd20ca8b177bd39e7,0,1,0,0,12,0,0,7,142,42.61
4517,bbe29eb93cc819fbf0287aa2cb343649b72783bf,0,8,0,0,945,0,0,37,8122,1548.59
4518,58727343f2b7ac4093828ca645084901d7ca568c,0,1,0,0,0,0,0,0,2231,413.36
4519,7487278bafb3f11ab038c165464bf3102589dc90,0,3,0,0,225,22,0,62,2017,390.81
4520,76543f525aa920297c5a730f35b409beddb1e90b,1,1,0,0,55,0,0,13,648,827.39
4521,782b1456f240ad2fc95555b0f464e6a7e0c1e685,0,1,0,0,0,0,0,0,154,36.43
4522,3455065a75784d38fec348bd413c61dd316208f9,0,1,0,0,1,8,0,0,146,40.16
4523,72ddb74700b5abdd8474130f9061b43d0ea68bd6,0,8,0,0,112,6,0,20,2735,507.57
4524,9f96d91b2e872bf8a362e2e84daa687e4050faed,0,1,0,0,0,1,0,0,1512,214.6
4525,f8153a1456b0970249eaa66f315400aa4bb1bef3,0,1,0,0,0,0,0,0,14,16.23
4526,15815791a67a98e2455880d92853a9bda7a3fc4f,0,1,0,1,0,0,0,0,306,146.38
4527,857c03c166c9c2a62fc79e564fe9f84f2cacce89,0,1,0,0,0,0,0,0,26,17.63
4528,4aeded75883a4f7d1c888b921e69f8bd421a48bb,0,3,0,0,51,3,0,20,812,181.1
4529,33f210fc8cc59e56faadd9fb7417ca55220e48ea,0,1,0,0,0,43,0,0,70,20.52
4530,d8faab2fffabea369b3346e079c7edafdb504686,0,8,0,0,0,11,0,2,4046,642.2
4531,b81302852f0dc0c26ce400d63ab9fe5716dad98f,0,1,0,0,1,0,0,2,643,94.33
4532,3ea48f73db77df1ad67b5805f6831b73f75a3981,0,1,0,0,0,0,0,0,388,67.46
4533,214694467f3c96152eb1b0320b826f674073c7cf,0,2,0,1,19,0,0,0,161,53.04
4534,0523c343212d365af844c38a515aab96f4d6b6fd,0,11,0,1,33,34,0,1,1401,364.65
4535,7d4dbb18d10ccbc5a431e2bc7b5888f08c37e6ec,0,0,1,0,0,0,0,0,0,10.25
4536,c71d1f6a0233b2aca4514d0ef8f67fcff9e1fa5a,0,1,0,1,7,0,0,18,173,89.61
4537,7f9ec95831d2a5f8a17b45f3bf91d7bd441153a1,0,2,0,1,2,0,0,1,73,40.25
4538,85853f69c88c08db61af7fb6ef3b5432f926e531,0,2,0,0,44,0,0,0,296,102.08
4539,f1c5741f9b3b2c0ab8ed8cc85757098aa51a8728,0,1,0,0,24,0,0,8,99,40.79
4540,22445d0ebb6d8f25b25f522a8e9b43b0433930f3,0,1,0,0,1,0,0,0,373,706.68
4541,62d51bb377af46c2fefd3e7a441579878744da13,0,1,0,0,1,0,0,1,916,172.12
4542,1441ec9c0c9157bf326b46df8d6ed56ee6cfe8ec,0,2,0,0,18,8,0,3,85,59.19
4543,1326d329ee0f74dfd3c2c63cf9e5f062a2f7a579,0,1,0,0,0,0,0,0,2212,314.09
4544,19e9b8aa5206a7954d0c02455bf39cfe45fdf6f1,0,9,0,0,192,0,0,15,3342,558.25
4545,aba9f5a7f4067198073f678c81b4e3fbdb4f18ee,0,1,0,0,9,1,0,10,542,97.27
4546,b384c06d35c89642510c097a1afc0228bff774fb,1,6,0,1,87,0,0,181,3057,589.25
4547,4fd3b110f3d35dfd093d3d02ae77699b7c0447f4,0,3,0,1,18,0,0,30,605,225.91
4548,543c64d2e9d2fc608ef65cafd485a910d4b8d480,0,1,0,0,8,0,0,10,551,93.91
4549,4d005b70a0fda4be5a8ead84ff5f54fceb3c637a,0,1,0,0,10,0,0,12,721,126.12
4550,757b13dea44b93567d761b2ea5346e79de30dfef,0,29,0,9,12,3,0,1,2269,633.71
4551,af4e0a78de53ea43cfb1895ec7df680f3997e003,0,1,0,1,0,0,0,0,81,55.97
4552,8562752143f57744ac522ace1a2b196c45b428d4,0,4,0,0,186,17,0,64,3000,525.22
4553,ab757169a19be668e7a7d2e52c1da01d4810e0c2,0,1,0,0,0,0,0,0,874,145.0
4554,51cc4fed0a9195a881dc1dea6146a879ee6696fb,0,1,0,0,0,0,0,0,306,67.1
4555,c9d0feb2846668576ab824478177ee15b9be81e2,0,1,0,0,1,0,0,12,107,33.4
4556,cae7d76646856b29b6eb193724d84fb84f2413f7,0,1,0,0,4,0,0,7,180,37.63
4557,e17a3ca0913893d59562d8bfb40da4d70b3e39c7,0,2,0,0,5,0,0,2,680,119.95
4558,12d9697d934df90e0ed0261aa20446120c1086a6,1,10,0,0,37,35,0,21,889,280.34
4559,8372d9694d79e942570c3a89e531b96c13db1e08,0,1,2,0,0,4,0,23,727,120.46
4560,5e899c68e053d2c07733a89297d5056511e2e802,1,7,0,0,23,2,0,30,1081,914.82
4561,da01d2f53d0dbb2c1ad6eb79a481058285d91419,0,1,0,0,2,3,0,17,2209,326.23
4562,d7011a9dcc7050d7eaaffcfb78b308a07ff4bdfe,0,3,0,0,33,3,0,3,284,90.8
4563,fa46724f363fc95c183a890b9cab06ed3d2b8dd2,0,2,0,0,35,565,0,198,1321,274.83
4564,3c03dcb1b9422c8afa06fc427c5de1d3dca5ae6c,0,1,0,0,11,0,0,10,124,39.94
4565,c2bfc64719718a8d2743cad91a25a842389062df,0,1,0,0,0,0,0,5,64,20.18
4566,12d4a42e712036dc0b8843cec5c56e366cc157c7,0,4,0,0,1,0,0,0,3333,454.18
4567,783d87b3c022863dc5bd8b86a27f795e41307cd0,0,9,0,2,47,215,0,221,2575,552.28
4568,c60cfbc999e6ae2222064632e297fd361c8c16e4,0,3,0,0,0,3,0,12,776,148.29
4569,c1660a7962f9712881d2ee46d57cf781f6e1f36e,0,9,0,2,113,50,0,19,1568,459.64
4570,6367074381ebec0f9ca7edbb85d45be95af0746a,0,9,0,1,57,0,0,21,1014,260.83
4571,819b06d62145cdcda0a755497a1bedff0e68a450,0,1,0,0,0,0,0,0,115,28.73
4572,e1e70a7e2f74c45e6b58b0ccace21969a7a29358,0,3,0,0,58,8,0,12,159,75.63
4573,9936b86f70668d1ceff923133b3df056539693ea,0,1,0,0,10,0,0,10,132,33.37
4574,3a82cf238ba287a6dc555e31c01c2dd43e880a1f,0,11,0,1,337,260,0,282,4020,842.17
4575,9db1f2cc37fe664c5d0f13df07456de534469974,0,1,0,0,3,0,0,2,155,36.7
4576,2c5825d897727d95d62ea1465792bb5a7a09db96,0,1,0,0,0,1,0,0,348,55.45
4577,6856e4533e3456f115fad44042343b4d10eb7d0b,0,3,0,0,238,2033,0,8,275,338.11
4578,70696ebf59f9a612a72b4dfff9581ffbd1948320,1,2,0,1,11,0,0,1,279,126.08
4579,c45a8832d2ae8d4354d6f0d87a7874d87fb7ebe9,1,2,0,0,0,1,0,0,1340,230.08
4580,fd4dfb489aa4100b9bd204ad70e4ae590db93b32,0,10,0,0,92,3,0,182,3367,1326.8
4581,3c13e8f3ced049431cff1f9f2c0baa92a1ca5c24,0,1,0,0,1,0,0,0,38,19.6
4582,3b864842c7058d0bb4da92fa73dade937ceb832d,0,6,0,0,22,0,0,67,1987,413.85
4583,aeecd20373bd3810ee8430de3beec81679129614,0,7,0,0,110,29,0,47,1063,255.82
4584,d44e7df5dc1e701fae4b611b9858dfd80499ee35,0,8,0,0,1027,1,0,41,9497,1897.38
4585,e28ec72464ccb266c49e5ef42dd87f938e71ffde,4,11,0,0,132,96,0,155,3375,845.63
4586,062f6a6aac99a11e3f833a6d460d458452624425,8,15,1,1,68,411,0,94,1149,649.97
4587,e05e27f2d52b325765efa5969c934a31303cb66c,0,1,0,0,10,6,0,3,300,69.75
4588,018bbc09931d45afa349a76fcc72283013e1d3a2,0,1,0,1,0,0,0,0,47,41.6
4589,3b57f28dad79e344c2394d93600410aba560ac06,0,1,0,0,11,1,0,1,31,30.6
4590,dd6c21e4d5bdc4e3b733ff25c427bba4a224242b,1,3,0,0,30,36,0,6,472,166.25
4591,d79db4d221309e022d82367cefe1996cee9cc4fc,0,3,0,0,13,8,0,7,368,98.05
4592,582123cd8f15d894a7dceec185739c1c4086d135,0,1,0,0,0,0,0,0,120,30.32
4593,dea6480023e78a3facdaf1cfc00ad6cc35ecb3ea,1,4,0,0,31,1,0,69,2870,545.5
4594,3411f830e350702bb94090fe298df27d508036d8,0,1,0,0,0,0,0,0,89,24.06
4595,57328e112144bd657c01c33d5e3cb2d69bb7e464,1,1,0,0,9,0,0,4,989,218.7
4596,e5123cc2ced257efa74bd299f0d8c0a5e9ab63df,0,3,0,0,0,66,0,3,1162,191.18
4597,49b526169abc81726034eab77f03010cbcdfb95f,0,0,0,0,0,0,0,0,0,6.21
4598,b7f7514762433a7a02635e141e60d0e2ba333049,0,14,0,0,626,896,0,422,7265,1441.91
4599,27ba048651eb930175f9b157ee9019e0f08a86aa,0,1,0,0,2,0,0,2,732,115.64
4600,8b5582370ecc9bb8f10e19ae4fd7cf60bb6c2108,0,24,0,0,12,4,0,8,1157,987.38
4601,1abaacffb5d1f04fca3649984cb9c04a81bf6742,0,17,0,0,103,817,0,15,5262,1035.14
4602,2ceb875957c117460d1d88dd43db0f60577fde8a,4,0,0,0,0,0,0,0,0,229.49
4603,cdfc96f294f4746e6d31b46a63f33dbfb100d8ed,0,5,0,0,2,0,0,1,383,108.54
4604,3bfbd062915d680f653af5b3747dbcfefbd3df12,0,99,0,4,561,324,0,181,26916,5075.2
4605,651b6bab495c4822e676b2da2109112940e49250,0,3,0,0,0,0,0,0,1494,222.05
4606,478bdc8ea50941ef281152f4329cd93843102e50,0,1,0,0,6,0,0,11,716,132.19
4607,5719e4098bc7fc5401d567284d1187d43304f03e,0,2,0,0,24,0,0,2,284,76.7
4608,125f5619b9ba08ce5a44829ceab5177b53d943a9,2,14,1,0,30,15,0,13,7626,1319.5
4609,d16c9d37762014270b4f7e0b3b0c721f82e3bfb5,0,1,0,0,1,0,0,2,206,64.7
4610,310ac4f71d0c8f28aa8dd8aa2b144fcf206dc83f,4,6,1,0,86,91,0,15,502,208.32
4611,211c1e8ad439f2dfbbd2f07ce099c0f948e06df3,1,5,0,1,50,12,0,12,870,289.73
4612,11ba6ac7c9bc795958e3c614b6f012b37f1917f2,0,1,0,0,5,0,0,0,64,22.29
4613,1a6eea335f16f92e24834369cd98ea01a60b2db7,0,57,0,10,118,112,0,44,12017,2623.56
4614,5c14f749b3196fe5d9e1efe6dd5d6d7356cc72d0,22,6,0,0,38,19,0,3,3463,1096.94
4615,c9e5229294424495794a13d967d28e8ab45b0639,0,5,0,0,147,0,0,327,7855,1386.62
4616,34a5019b426c7bc05422e5549cdf56b5e4d7c6e0,0,11,0,2,94,7,0,3,795,268.93
4617,e8938c40d6d26ede097f7e2a5397fe45f38e6486,0,5,0,0,1,0,0,0,412,138.11
4618,3e563c5cc72152cec0742956b7ec61b1841e78ac,2,0,0,0,0,0,0,0,0,49.53
4619,0a9bfcaf744a908c1710fec47de073724ec2d8be,0,31,0,5,29,7,0,7,10552,1937.42
4620,27d4ca2f646f727c7a907f374b5ee67a47064495,0,1,0,0,0,0,0,0,159,680.73
4621,0c86d83e1f966b5e0c72e53664f7e9ff5a71e488,0,1,0,0,0,0,0,0,51,15.96
4622,ee631e19c6cf7f9e81440ae84c033e7910edf590,0,1,0,0,12,0,0,4,46,27.3
4623,0259d2734164343038a99caf3051b42e29fbfcc5,0,2,0,0,5,12,0,0,31,53.82
4624,29b274a1164f49fde420d56d22be22905190e045,0,2,0,0,13,32,0,6,332,82.15
4625,013daadd952e53a1f26237118aa0b5d07a92e730,0,1,0,0,14,0,0,10,222,50.56
4626,eec15bd17218a2543c9f4cbb9a78841a9fdec043,1,17,0,0,185,41,0,92,2767,777.22
4627,686b860f351f23978ef8783e504066bde4bee2ff,0,1,0,0,1,0,0,0,219,53.06
4628,d4850f1f172cd333e9eb3007320207d9f3934a3a,0,5,0,0,70,1,0,0,791,254.58
4629,a6314e2578fe649af01a0a10fdc3e77e32b6bba4,0,1,0,0,3,0,0,9,695,111.08
4630,c615f223291a1406a7df1ae2a711b4d06e1d61c7,0,1,0,0,0,19,0,0,525,110.16
4631,9f780499bcd549525e4f8a9b506eb1b436aac348,0,1,0,0,4,0,0,3,78,32.02
4632,612f4c1c21bab5f2f399ce558e9ffc40a422fc91,0,2,0,0,0,11,0,6,276,55.78
4633,c0d4b26872fc97b42ace9ad94d47f402f5428190,0,10,0,1,271,250,0,6,1571,404.71
4634,2be3f90fa6dac2447ec3106f0f783c52e294c7d7,0,1,0,0,27,0,0,0,2316,487.82
4635,98be489070622fd01183b7f129caa99d6aaaa1eb,0,1,0,1,0,0,0,0,57,43.38
4636,e5d3850776174a63ddc2e0b5ead58409ca7c8706,0,1,0,0,0,0,0,0,51,16.46
4637,686e1e5bc5a12172276ca3881e240e905829ad64,0,1,0,0,6,0,0,0,2239,312.39
4638,57477fe18cb36f62b8c7267ab6c5230c3a0e7e0b,0,6,0,0,18,11,0,67,2335,456.63
4639,0ff05f46e7c18318b38af0da67800b78e475164a,0,2,0,0,69,16,0,44,167,74.64
4640,5554692871986b0e46c1b97ac3a8eb0945e3705b,0,14,0,0,111,257,0,52,6281,1782.97
4641,8a7326dd45f8b41afd0268db14292d5d89b11ef6,0,2,0,0,1,0,0,0,14,47.71
4642,fc97a1b34c9cd9d5c18758b31712b6e0fe99ac9c,0,1,0,0,3,2,0,2,106,51.48
4643,d147eced575ef9a47c4abdcb87931dd11b4f6c37,0,2,0,0,0,0,0,0,57,26.73
4644,8ed4ee222519a98f6e697c6a138a0e8fae4070f6,0,1,0,0,9,0,0,16,124,42.11
4645,759922ba7e5cea9ec3c5f63605c97010b09d7228,0,8,0,1,47,33,0,6,965,252.74
4646,74c6b33e84df7fd45875669f401400f02c004dfa,0,4,0,0,13,11,0,25,1364,267.38
4647,f4ecb1816b170e28d9afc96c137c9086222be456,0,2,0,0,55,4,0,4,2707,423.57
4648,2e4218648ade93f6a0172c1d807f63b702064804,0,2,0,0,0,55,0,5,2707,398.43
4649,b4c07e9a80aecdfd829670e513daa8b6469973e7,0,5,0,0,255,103,0,149,1830,414.83
4650,68131674235373d07c1683bb5937c7a81f6ffeac,0,30,0,2,207,54,0,36,3375,848.23
4651,7dbd828a90e36c3b94fcadf659ce047a1ddbce0e,2,6,0,0,12,3,0,10,265,207.84
4652,50501f81004963e1f4619f87e7bef9aa07abe9b4,1,1,0,0,0,0,0,0,11,26.74
4653,26dcd96b608f71959bd344f51d12c1062ecdf75d,0,17,0,0,6,0,0,0,346,129.73
4654,38dfd9c2aa7f86636211f333a0676998ab7a3158,0,1,0,0,0,0,0,0,1,12.44
4655,4d29a21ff72edb0f24ae7f3747b7dcd25ab46da0,0,2,0,0,52,0,0,6,2707,410.2
4656,84e957c875ae971578a5b147775445368ea26188,16,7,0,0,174,13,0,11,1103,707.68
4657,7d0f5eba2d9fc9dcc8c8900ced86560f7443257f,0,15,0,0,81,45,0,106,3275,704.97
4658,94082791af6c612f5b6e4ea0021ee725dd7bca7a,0,1,0,0,1,0,0,1,2239,306.07
4659,ee2821b0a58b276ac60b45129ba07fe53789a2f0,0,0,2,0,0,0,0,0,0,14.83
4660,676a0126bc6dddc17796d18d8b27165312a1f1ed,0,4,0,0,40,0,0,0,3065,1144.21
4661,d568aa22b8dd07073b0a454fc0ca15beac638994,0,7,0,0,29,6,0,13,1990,389.6
4662,2cef840ef43bce36cfa51d8439f9d505c68df97a,0,1,0,0,2,7,0,10,89,35.22
4663,bcbacefdd5c67eb2a06cd8fdededb9899017b317,3,4,2,1,20,10,0,0,746,260.97
4664,683f3b3d507a2e12a120ab26f857c0324232bc7d,0,20,0,0,232,199,0,340,7241,1371.57
4665,7b7648322b069864151cc1af6b17c3759f4de26c,0,2,0,0,4,12,0,0,517,96.55
4666,791a03b40ff31f92ade454ffe00c57b39d3ccfde,0,15,0,0,44,7,0,21,5854,940.46
4667,836021df2817a625eb7166ea194c5da26d6d6a47,0,1,0,0,2,0,0,0,110,35.93
4668,564b3d8bc2a2a9277fb8b99ace288f47a9186c6b,0,5,0,0,0,9,0,0,336,125.09
4669,83c2de2575dbbecbe4530af36a34218786cdd7e8,0,1,0,0,5,0,0,5,2240,359.98
4670,ece933fa3e272531ee443265c7aef7326e89e7cd,12,9,0,0,46,11,0,43,2046,666.99
4671,78d532e5f344edda04fb9ce44bef9cd79e0d1935,0,4,0,0,29,45,0,24,1310,250.81
4672,a7f8035ec5ffaa204a47e157cee4ba826eb4afdf,0,1,0,0,1,0,0,0,51,16.66
4673,bcee3609dd512d7194fe05aac0efd687fcb3cf4c,0,1,0,0,0,0,0,0,141,27.22
4674,011bc04416c733e3959cd4cf9f5573d57236b14e,1,10,0,0,391,13,0,819,18184,3424.31
4675,a2e05b9f8f355d3846d91860d968b86417630041,2,11,0,2,4,16,0,4,4047,880.19
4676,44a27c5cd76f44e435671c69d1d8f60c42a2b420,0,6,0,0,48,1,0,12,1051,236.2
4677,31ed817447b4c3edef2019d1580aa3ede83a82da,0,11,0,2,32,29,0,33,973,287.49
4678,629042f4cefb833ce65ae87a883cb92e2700b7b9,0,23,0,2,111,35,0,1,3851,780.51
4679,3beb168b4fbf7628b40f0cf6030674338e9ea61b,0,25,0,0,24,15,0,3,9757,1909.93
4680,8ee39f197157e2c938b12efaca43ad2bea8205ed,1,4,0,0,5,2,0,9,1159,918.93
4681,4e56a19cf168e69fe002fe97132bed9a3fbcd0f0,0,2,0,0,2,0,0,0,239,99.9
4682,b48a474988a56c0a4775ec1dfb72473e6eb64140,0,5,0,0,0,23,0,0,425,113.76
4683,8895ee694c7b28d93ad6abc4faaeb805bd211a88,0,1,0,0,0,0,0,0,115,36.78
4684,df2ce0c3896bec9fe128a13490b05f7fea0757c9,1,5,0,0,64,13,0,9,3441,606.06
4685,a36ffdaff7f67e92c7f8f05c480fad1dfc28ef02,0,1,0,0,0,42,0,0,53,22.44
4686,0075528615763812b57338350af936842ba0dee5,1,1,0,0,6,0,0,2,56,41.41
4687,aa432fd68fcf89756ceb3d81922ebb0989fb3423,0,2,1,1,0,0,0,0,75,44.11
4688,8d1a87fabc90bd5d689debb82e92636cd5543aa9,0,3,0,0,2,0,0,4,969,146.03
4689,a463aef8bce2d2f3f4ce7c5684f28b78767b0bfb,0,15,0,0,68,55,0,307,5826,1098.45
4690,321a6085fb5ca65f91f3c67216d8994897c46019,0,2,0,0,5,0,0,0,853,166.07
4691,7a064f96ba5bc6a6ece956cb51c28eb5fb44e567,0,1,0,0,0,0,0,0,490,79.75
4692,b5783795cded0f5d52dd9c524d964ec6efc0046a,0,59,0,7,55,58,0,52,12179,2738.66
4693,ff31691c84587c2fc938705e184f2a3238ef3070,0,4,0,1,10,0,0,3,226,83.83
4694,4fac4c1ba6fa1a0b30a798d3d1f2a8f803a5c531,1,19,0,0,72,24,0,44,6351,1077.69
4695,ed441ad814ea278efc08e50d7d58704e20d13559,0,1,0,0,0,0,0,0,0,13.61
4696,962065de726d7f96cf49a96674032c3d0f189e3d,5,9,0,0,82,0,0,12,4392,823.52
4697,387f90e3947d972ee0147c266a8d9d166c4f0215,0,2,0,1,12,2,0,7,762,180.47
4698,11e28eb76b0f5b55386af08e688c50ce5184c5be,0,1,0,0,1,0,0,3,16,18.35
4699,2c8f6b66cf31d3569de6626686d4ac5bf67e8efe,0,1,0,0,0,0,0,0,147,33.66
4700,ff847978ad9e8d01a66ad6327f924662a9b0d5e8,0,2,0,0,34,0,0,0,180,761.0
4701,e92036cd54ac313482a5c6cc3416add560c7600c,0,1,0,0,0,0,0,0,143,35.7
4702,0e1e64b821ad052e0f99ed40de12618f76c8465d,3,0,0,0,0,0,0,0,0,83.69
4703,129b93bc0ef1291784752aeaf86e029c13d9a51b,0,1,0,0,12,7,0,2,24,26.21
4704,546f436a4145647e595354372af23cdb6d8a1f28,0,1,0,0,0,0,0,0,143,37.24
4705,8dbf7b22381dab18f9af13318c16181c42824d46,0,1,0,0,28,0,0,4,135,45.22
4706,d8a7b67d798ab5fec399d4a0b97a025d5bff531c,1,2,0,1,418,132,0,68,1387,434.29
4707,5375ff07bcb6451e45c09f23f010a4d051968896,0,3,0,0,14,1,0,16,2404,382.91
4708,bc4f25ff452da5cbb692088b51c6fd19e3f9fdc3,0,1,0,0,82,83,0,0,93,66.63
4709,202bc2934a14e52e009dd274ccd179aae388f131,0,10,0,1,9,10,0,19,5693,893.88
4710,062adcc1885ff58b8e9c55a870a34be8de7a685d,0,1,0,0,12,5,0,4,81,39.65
4711,408de0fbb34f32649ac0175213e3e480a278ece5,0,1,0,0,1,0,0,0,12,15.46
4712,e1b69bd548bf67913ba58ef45f8bd85e743e12ce,0,5,0,0,80,25,0,15,502,147.45
4713,7546f9a4d9be7b0cc3e013b29da9c2536d124c47,0,1,0,0,1,0,0,0,147,36.66
4714,a8be606145b979be89d85e6191a3e3df8ab05545,0,30,0,2,131,93,0,23,12161,2258.03
4715,f2fc311b19f19031e24547a7e4750a17115ac383,0,2,0,0,53,21,0,8,541,128.63
4716,e952e736242cd79f9eae523773ab3b9ce788341c,0,2,0,0,11,3,0,24,292,78.19
4717,3c1fbd2ddfb004db875db92feeec44b78dd60adc,1,2,0,0,8,2,0,11,838,180.19
4718,e31286bf621273bb8e484f95b1a94fff15df034c,0,1,0,0,1,0,0,1,3,19.48
4719,2c07372c2f923cc8421045915773d33611ce28d8,0,1,0,0,8,0,0,3,1110,152.2
4720,3d84ccbf9c1860ba9f29e2759041d3686c3acb9a,0,2,0,0,11,0,0,2,757,823.27
4721,ba20d4df8ced17e175d6a1d57982559d4dce79cd,0,1,0,0,5,0,0,4,388,83.89
4722,d5be58dfd20f11d95a103572e3864cc7bfe09c37,0,8,0,0,103,37,0,8,1157,297.0
4723,712dad814c481a9e377bd3629fbc3c3fda7fbd10,0,2,0,0,90,31,0,16,108,93.48
4724,5420b4c78bd156296e5f02ca6639afdd2b4762a1,0,2,0,0,19,0,0,0,1506,290.19
4725,8915130dd7f3e497083c9fa9a25c511dd3787082,0,1,0,0,2,0,0,0,936,212.58
4726,06a8bb5bd15b3ee5e710f4096aa2da681dba8ecb,0,19,0,3,36,18,0,80,4215,861.78
4727,3f2e599a994d2a50121137bbce69a03dd31f567e,0,4,0,0,56,3,0,6,270,104.78
4728,8ee55fb339264549a6359471c40a6198aa2266da,4,11,0,0,61,2,0,29,16042,2998.48
4729,ab42b9ffe614ace7e7c9707c6467e168ce055c50,0,1,0,0,1,0,0,0,89,24.64
4730,e3f99578304cb30f1b59c34a4193b9b700f3566a,0,3,0,0,15,8,0,18,271,86.54
4731,3851d05a80cfdebe087faa660ab488da02a6b943,0,1,0,0,0,0,0,0,14,16.81
4732,5c92bded9dbbb9c39c6578bf0a61bc76525f9b6a,1,7,0,0,244,0,0,14,10417,2037.92
4733,6dea02b2605d398e0ab499b9813c4718a9608912,0,3,0,0,11,8,0,4,1924,293.32
4734,904654aa87d18cab4061a1b70553d691f5ba7f64,0,1,0,0,5,0,0,17,109,41.85
4735,728fc543ea918c4b2170f5446565f4e3a9d20c62,0,2,0,0,14,0,0,13,310,77.77
4736,349a56ae2c88e62917ba8923283ad4ca0c83841c,0,2,0,0,0,5,0,0,1628,226.87
4737,49056295ef7763745876c05ae8c04b5a7317d323,0,5,0,0,68,33,0,13,1535,360.64
4738,7ed0260eff425e7e7a57193a67419fae29aa4f30,0,20,0,1,19,12,0,2,3420,750.96
4739,c01d9981d89ba3633377952d132c88536c86ebc5,2,5,0,0,39,6,0,3,649,196.69
4740,ebe8db58691a49a40c0bd43c20e00bc3e40b192c,0,1,0,0,0,2,0,0,67,656.81
4741,d70e2b12441e7b0a45d2d026be568315c4e4cd88,0,6,0,0,11,5,0,1,1092,207.55
4742,11638a8cf294d57883928c91ab7d8d3d2eea6c7d,0,1,0,0,16,1,0,1,426,92.9
4743,96f84594eee58b4e9a9347541baa3343a4ed3b97,0,1,0,0,0,0,0,0,551,101.15
4744,7df56b20392c563d5b8d65340921b3041843cf96,13,10,0,0,246,54,0,57,3435,1147.47
4745,31c185aad5a4e17e7faecfba4b11ef3ce12f10f4,0,3,0,1,0,0,0,0,52,40.45
4746,2916d4f3568184f92006dba9a1e4ef18492643ea,1,4,0,0,19,1,0,18,1297,295.35
4747,97acb9ef24094042548a2981bdd99767156caeb3,0,4,0,0,20,1,0,0,751,143.59
4748,ff5bc351b24512357292025eb48adef3ec328ba1,0,20,0,0,8,1,0,1,3438,697.29
4749,70a312e53fc798c178f6abc95614a6673e9da244,0,18,0,0,11,10,0,3,4331,744.81
4750,0fb4c4d5f08fd4f59771193c1542c28cf8154f35,1,6,0,0,15,5,0,10,2012,388.74
4751,34f9962618c85ad041ca7eac4913453335a81647,0,1,0,0,0,0,0,0,173,31.72
4752,1d6c4678bb7964af34fb42a6c8bbf0553880bba3,0,1,0,0,42,35,0,0,47,36.57
4753,aea2c67016fb4da4570073d28613119a9a0def84,0,7,0,0,0,9,0,0,5274,1018.13
4754,a411227b0ebf78b4ee8ae7179e162b54734e77de,11,22,0,0,607,243,0,426,18300,3714.01
4755,42ed215c2d29d455646a324707f4c7b2ad925ab1,0,4,0,1,5,0,0,2,107,51.86
4756,cbb334035d87542ed06693bb9c8534f64360672b,0,7,0,0,10,0,0,11,1243,254.52
4757,7cfafe401e18522cbd92a8b06fb2ea380f71ced9,0,1,0,0,0,0,0,0,227,52.81
4758,889333a6fd854cf27b552cf25ff711f2c50f8c08,0,35,1,1,263,239,0,157,9371,1793.58
4759,fba164a1d1f1d38827824a1903c3b7bde18f486a,0,11,0,1,1,11,0,7,3981,670.13
4760,d170088d981b8a588dca9b3d6aa75cb2a19b16e2,0,1,0,0,1,0,0,0,220,684.09
4761,8b84840d5a0b2cbd03f05bc044574a5eeb61756d,0,1,0,0,32,0,0,0,155,53.74
4762,e5a1b86dbad650f9740eb24a7f544c4a51f05654,0,14,0,0,187,94,0,111,1821,471.53
4763,7886c0b82f0be9ef6536b6972e4487c232aaa1e3,0,1,0,0,0,17,0,2,88,28.36
4764,a404db52ec8099d08bd96455f7ceb1412cd9bb22,1,0,0,0,0,0,0,0,0,28.49
4765,a1f59d8e1b96b7458c110cacc9d860d6b9573ac4,0,1,0,0,0,0,0,0,31,14.11
4766,ff92346f5e8c2a5cf8dedb99738609f14179912d,0,0,1,0,0,0,0,0,0,9.39
4767,3876bb764d6ac2bd8b4d1f5f7b8e73cd36d32e59,0,1,0,0,0,0,0,0,217,38.1
4768,8a8b7de760a33c8195e287975d5b4a337d71b1fa,0,1,0,0,2,0,0,0,49,19.48
4769,b784f7db99f0ac81fb8fe8bee6dce801d5385bb4,0,2,0,0,7,1,0,2,154,49.79
4770,a62f543c651cc53fff91e03799fc9d4befff8700,0,3,0,0,131,20,0,305,4926,769.26
4771,3c06b48181e22eb4ce91d6d8a455a1617f13d85f,0,2,0,0,15,1,0,2,181,59.42
4772,f5d6314c87b0375fd455980b0c18b650a466d840,1,3,0,0,21,10,0,2,843,184.65
4773,f7adec054845f11236afb7443ab307bb7b39c493,0,13,0,1,12,13,0,0,1348,345.51
4774,008e990debd3f93d2dc8996db10ffab0191d8960,0,1,0,0,0,0,0,0,34,16.24
4775,d4504afdd45ff5d8e834f63658b903f7d5fba3b3,0,1,0,0,20,2,0,3,188,48.29
4776,71f73fcd0b474c600588268cd96c2e1b6982db64,0,1,0,0,11,0,0,11,62,27.39
4777,ab927b8e1a20d81526af4b5a26888e9ca89b6ff0,0,1,0,0,2,0,0,9,236,53.65
4778,3587fe8324a94351fa2f518d3c4bcb15d33d8ab0,0,2,0,0,2,1,0,1,29,26.43
4779,e1b82fe91f6ddaea524c1eeb551e1002d91e4c07,0,2,0,0,1,1,0,0,1032,169.5
4780,e5ca773f781b6b1ec53cc774a224d02a62830c11,0,8,0,2,128,55,0,12,564,959.87
4781,fb1af86ee1700ca1e6817c0c988ec9d5da1215d2,0,5,0,0,104,36,0,21,1202,298.2
4782,7718390703fb3c193ea58d5287250e14002e9852,0,8,0,0,55,2,0,39,1693,363.32
4783,440767ff55fe601d3c9b5f53fcebfdece0f54da6,0,2,0,0,58,15,0,22,819,200.61
4784,6c2a2996570d7239dd27481eb2900833d5537e16,0,4,0,0,134,52,0,22,219,160.25
4785,e28774138812411e144de457403678b0efc55496,0,2,0,0,9,12,0,11,848,181.97
4786,804444f892d31f1a343620be0ba7886a4854c706,0,2,0,0,16,0,0,21,212,50.0
4787,fb6c5c7fe8ea5e18209e3a969b49441ada4b25da,0,9,0,0,165,86,0,240,5254,940.33
4788,a376c8da9d3fa0e8b600b69cdc30c9fb0d303709,1,1,0,0,1,0,0,0,361,71.6
4789,210f5a3b01e67287c1120d15402a52eb158ddc33,0,3,0,0,0,0,0,0,3205,489.11
4790,c29318c038f0f310562dc8194506b504eae72c1b,0,5,0,0,8,1,0,3,3252,489.01
4791,42c03460e4420572fa6af942b84c6f94a4066961,0,1,0,0,11,0,0,6,178,55.74
4792,0255fc2bf161741efbcddb1d5fa27c5f3ac95a45,0,1,0,0,10,0,0,4,65,49.03
4793,cc8bdcb498e1aba022be9ff0c8fd533a1ea5f83c,0,1,0,0,96,3,0,21,762,134.86
4794,d3e7c3cfa9cd77607e642e4a776969dd1c8a27d5,0,27,0,4,99,47,0,54,8499,1745.23
4795,cd08f8b2bed3605017d4459a26575963973ceff0,0,1,0,0,0,0,0,0,31,16.31
4796,0eb07609b66bec92d2f5479a1939f64ca3c8bdc0,0,1,0,0,14,0,0,14,196,51.59
4797,14dc08c07f2c47fd7dae59ae1a7e558e1324e300,0,1,0,0,0,0,0,0,0,38.33
4798,822bcce91e5d80f778c009dcc6d50089276859df,0,3,0,0,20,0,0,25,689,154.43
4799,22f29ca8efe910540f2912ec35fe307daf5eed0a,0,6,0,0,22,69,0,34,2520,442.49
4800,5f391efda159b690b0e6e03b154ac8e748c947b1,0,26,0,0,142,140,0,19,7620,2074.5
4801,1e77dd9f7a651fa71b8f1acc2f59dcd3f8065778,0,1,0,0,16,0,0,0,119,42.76
4802,3f95fe22e0b8bbcf332766af039d041d3fc8189b,1,1,0,1,0,0,0,0,415,270.19
4803,05ced20a347213c31e46c528e53b93c675f85891,0,3,0,0,15,10,0,5,109,57.59
4804,b6dd9b441fb279bbd7b6c48d809166b2b0235514,0,1,0,0,8,0,0,5,21,20.34
4805,7aea38118e7af7d2c5e1ce54ca135b8c0261a2df,0,1,0,0,0,4,0,0,29,21.47
4806,e4a68606f5b4f179a65cae261b27ef19f32f2252,0,1,0,0,4,0,0,1,866,166.06
4807,a16b4e0fd5d582a14b78695b2a1acb1135d8fc53,0,1,0,0,3,0,0,0,460,87.21
4808,0166ed2676c65d0e4c2ed94f60f093cdf9cb8f8a,0,1,0,0,0,0,0,0,110,28.94
4809,170eb1e88d51776b093f7b546e4b9b0dc6e2cf52,0,2,0,0,11,0,0,15,341,85.63
4810,10e4ef7402a7b7d0155b74311f61b87cd67bb692,0,1,0,0,0,0,0,0,140,34.16
4811,325cdc0987f8176ac46695f5b0c93b0fc6605ab9,0,14,0,0,1287,8,0,203,19647,4418.57
4812,0df5ed2ca6ce3758b4745f63400fd81d17107038,0,6,0,0,42,7,0,20,3743,623.21
4813,890c067b661aa5912311799867b2defd57d1f9dd,0,7,0,0,25,0,0,2,1850,405.91
4814,882324dbcc224072be6a43a74aa6102637e529f8,1,73,0,21,23,3,0,20,4681,1370.05
4815,7ee4df600bb7ec8d794dd3b4ab2cb933ab15b988,0,1,0,0,5,0,0,1,160,69.49
4816,336c22d581fa9e892c47a6a5158ee4ee5fc1c0f8,0,32,0,0,107,61,0,20,8317,1585.1
4817,7893c013bc4902a5b0e4ea4371aa9232df968578,0,1,0,0,6,0,0,0,12,16.51
4818,54627ea6dc2c42fe0c67e34f69e42bd38386879e,1,2,0,0,6,21,0,31,1216,253.83
4819,24f19328eb4a756b95cb0ab13d089479afc7626d,0,1,0,0,25,24,0,52,339,124.58
4820,b719e7a8c6f768658a39a2e4b16ea605ea42f45d,0,8,0,0,37,21,0,7,3777,1544.74
4821,8b8f2026bda6a329d6d82376dbb884c8f183a967,0,20,0,2,12,71,0,40,7425,1700.92
4822,c57bc080828fca4021449534695bf39afefb7000,0,2,0,0,21,8,0,8,1207,270.83
4823,1350055fcda9dd97d4c2566e432ac1980b2325e4,0,2,0,0,9,7,0,11,540,120.75
4824,d1f39d82469849a8de109b448156e180b983d4b7,0,2,0,0,17,3,0,21,962,191.09
4825,02963b202ae3c05a6326a194da1f0e23df9aeca0,2,21,0,3,151,81,0,84,7122,1494.54
4826,1c0a06193e145e0ecbef46706553ed1c1b078136,0,1,0,0,16,2,0,2,72,39.13
4827,aa0bd50fd40d8090c5a98cbde063621eadd988f8,0,1,0,0,0,0,0,0,460,91.98
4828,0f8894cd6435ed6962ec3d7c81be4cb0d4f7657e,0,2,0,0,4,0,0,0,490,111.57
4829,58b6b24c2999511daefa0dff2e2ae745cba24e35,0,64,0,26,130,71,0,73,9471,2361.03
4830,f723ffde7ffa93ddd4c40456c917911817f314b1,0,10,0,1,5,29,0,19,6201,1199.82
4831,41041e8d6abcfa0d093ae321081ba01d2154c5ab,0,8,0,0,234,97,0,28,19337,3935.03
4832,b6b88edf9310245f3dbda9cebe9b9f0060f0e13c,3,11,0,0,138,0,0,34,1028,432.64
4833,56a03d736a6fe21651074db0f46e7198d3dcc69b,0,64,0,9,16,82,0,27,6365,1458.08
4834,308db3a5c8b869b41b9ccc8b59d43047b5613945,0,1,0,0,7,0,0,0,63,28.51
4835,94d57f81dc114feba14906b05b3d2c6b78bf3299,0,1,0,0,10,0,0,18,935,133.6
4836,5cc0714840bf8f7797a118e4bac5dabdd20e3f67,0,1,0,0,2,0,0,4,409,75.81
4837,54f438cee4ffb1e43739feef2397b7d1e099c892,0,2,0,0,13,19,0,3,478,110.81
4838,c5c395b68a1379e3cb85a01e90dcc94c13b1cc6c,0,1,1,0,19,137,0,0,0,43.36
4839,3db5e20834caf2e3f18e6fa9344d9c6b8079287a,0,1,0,0,1,0,0,0,371,67.29
4840,52e35b4473e6b281de0b5ee967cf18b3948fa3d2,0,1,0,0,0,0,0,0,12,660.13
4841,f67162547d2891ba7e08ad912336f78fae24322b,0,8,0,1,162,60,0,152,5337,1095.4
4842,da0e807dd33725c137bcc28a3d8fa8d6e5b34bae,8,2,0,0,3,11,0,0,35,134.63
4843,e690a83d41118afa29150062de5e39d909cce7b8,0,2,0,0,9,0,0,0,916,178.44
4844,08754f2c431b829b0d6269bdb23284dd679ed8ca,0,1,0,0,0,0,0,0,165,44.94
4845,09cd3d7bfb9f4c4b279a74441d4059da6b8177d2,1,19,0,0,257,71,0,160,7028,1416.12
4846,f1c41e307e4e55e7849f35e09c3de2fcd4dbbd2b,3,1,0,1,1,0,0,5,114,149.12
4847,1ec6609b978033550d4ead35de0ab5344b789bd1,1,4,1,0,23,27,0,9,428,184.89
4848,b7d1790411a379a27c59514c806f48c91e7186c8,0,1,0,0,0,0,0,0,93,24.27
4849,a8e646185569ac121993c49cea0cfebfadac1b5c,8,21,0,1,26,676,0,71,5389,1247.07
4850,30bc7d5598bc7bce4a4482026a7810e9ec3c04f7,0,2,0,0,11,0,0,4,236,69.03
4851,bb15fd5fe0a89e647cd9cefa0ceae342578f0833,2,5,0,0,44,4,0,32,3177,630.92
4852,9fd6db3703d3e7ec50b32b1e96c65ed9f2b1456d,0,5,0,0,90,6,0,12,2786,560.93
4853,11864c60c721400bfca260143e9c92273893bd3b,4,0,0,0,0,0,0,0,0,80.49
4854,e930510c65fcda1251ffaf509f4e41f188361a9e,0,0,1,0,0,0,0,0,0,11.55
4855,9e9be97af735a27769f4b348b72f065acaa1380c,0,3,0,1,0,0,0,0,1264,260.49
4856,4be2034a26020f16faa85937195710a50c0aa1bf,8,0,0,0,0,0,0,0,0,188.93
4857,b8ab1b176cfa6e5898f6aedea3c2d7af1fa92675,0,21,0,0,676,3,0,5,5412,1051.35
4858,1a27cb7b0ff2194567b04ea5076df47b8128aca3,0,0,8,0,0,0,0,0,0,50.08
4859,b4371252fe71db938b37b7bc6391d0fb87466b36,0,3,0,0,79,22,0,4,3368,559.47
4860,8a2c84156a2829f44307e5aff07323902580af86,0,18,0,0,307,306,0,286,21966,5506.94
4861,0354128780abc41b4a0018a3f0712330952ebd83,0,6,0,0,19,0,0,5,3645,587.77
4862,53493ff5db40dd61eebbcb24a81ac57ff724274f,0,1,0,0,0,0,0,0,22,14.42
4863,e720c835576b6da6421a8796401b71d760155f78,0,11,0,0,16,20,0,4,4247,724.62
4864,1be63539f1e97a70bcd1eb6cbb48891b00146c51,0,1,0,0,4,0,0,0,109,34.42
4865,df22270756be8556085a8f1f3910a2f0d7ebc933,1,5,0,0,35,221,0,21,1764,380.68
4866,3275b964c1c1fbb20ffe646b37317496b265660b,0,5,0,2,70,47,0,4,619,276.74
4867,da2b5a962725d775ed6db8d0db417e5d7af8c561,0,7,0,1,434,12,0,8,2880,1145.53
4868,fe12ad506602d8fc30f9208fee7820e2c805d874,0,1,0,0,0,0,0,0,435,85.29
4869,072b2d659c9513ab95b58c64a91732f1e225edb9,3,4,0,0,39,0,0,5,855,219.53
4870,1cf852119116a47254c2ce10c1ff8e4a46900163,3,4,0,0,0,0,0,0,894,222.69
4871,77a7925c32be8e0882ded8d3fc254af84e533af3,1,0,0,0,0,0,0,0,0,44.28
4872,ba86c18f20962f31a90bfecc89d4fdba93dc39d9,1,0,0,0,0,0,0,0,0,33.99
4873,7d10af1254fe6f0b861d6979da8d8e653fee2708,0,1,0,0,4,0,0,0,208,40.56
4874,a0e473730e2cd819e7442dbd2b332d7833755ba2,0,2,0,0,2,0,0,16,1920,276.27
4875,555d14ed4525f9a0d533b90e20afcce0dc8c595f,0,2,0,0,0,0,0,0,71,28.13
4876,c7fad665f34fd3c17999d5cc60b04d3faff6a7f5,5,18,0,5,191,87,0,158,6908,1642.25
4877,65830b096b6f540b7e49ef590dac1ebe2491c126,0,3,0,0,32,0,0,11,999,239.1
4878,029768287a62452cf99595b513f08133524fa834,0,7,0,0,18,15,0,13,3747,763.35
4879,c1eacd6221218aaedd82c560a8130d119c511ff2,0,2,0,0,7,1,0,4,209,58.47
4880,743d16138e8817164f82026b4ef26fbd02c204bd,0,31,0,8,74,137,0,35,6588,2137.75
4881,afb753ecc3a94a5824a510121aa186948fb317df,0,5,0,0,35,2,0,4,685,173.17
4882,065d03b7840e0091adbb2aa9779b8129ed9883aa,0,1,0,0,4,1,0,0,226,61.79
4883,110c5f593057366509b8480e396cc750d5fd782b,0,2,0,0,9,0,0,2,1656,319.45
4884,96c6b9815ddbc9f2589655df4ad2381af04ac9f8,0,1,0,0,0,0,0,0,274,69.04
4885,885b065683499540f467cb54086a3f60e64b9c8a,0,1,0,0,0,0,0,0,249,52.34
4886,89006f76f7f8b206c3575c146f76a3509a398190,0,5,0,1,21,16,0,9,1133,316.88
4887,f7154e1ac9e6c0bd2dd3c39078a52d49d3485504,0,3,0,0,14,5,0,2,30,43.87
4888,6a042c381a04ccd4b82bc51720af7a043e144445,0,3,0,0,6,8,0,1,36,47.12
4889,422df8a3f430e1e41f971a644eec298f23decaf8,0,1,0,0,0,0,0,0,961,172.95
4890,d918570c80051ab9046156228f7915cc7e314e04,0,4,3,0,0,39,0,3,855,200.51
4891,d2c5e4bf748e4d14f5b141c6a74206b5b9162aa9,0,0,1,0,0,0,0,0,0,24.38
4892,47738ff927385157b312ef4dfe61dbcaca05ea68,0,1,0,1,1,0,0,0,55,58.43
4893,58cd2cf6e28af816d55688cd58ed3262a2d3b1f3,0,1,0,1,1,0,0,0,48,53.19
4894,15cf0a6e7b10882f7fd205b65c2ef265a690597d,0,1,0,0,8,0,0,12,54,31.51
4895,a90e64c6373437e109e6d84adbf11ea8bf296e53,1,2,0,0,3,0,0,1,773,164.08
4896,33c27f4e0362e2461db04ee00755ee1735460be9,1,0,1,0,0,0,0,0,0,85.34
4897,9ae615f82bc0521b7301bb5ea99f0367fc20f746,0,1,0,0,9,0,0,0,490,107.29
4898,b24991d7a0dad949a22fb8eee1e1b0c299ce6807,0,1,0,0,0,0,0,0,499,96.36
4899,3caae62390615aa2568794247fb6193582490642,0,1,0,0,0,9,0,0,490,102.13
4900,0c7d22439dfe77e1ffea7bcafbd88ba1ebb92ae9,0,1,0,0,0,0,0,0,389,697.48
4901,9a7adafcdb3af8b9bcfe7921c680b8e0d928e101,0,1,0,0,0,0,0,0,0,10.86
4902,d3002c6a8e5ad54c944661211d7dfe364dabc27c,0,3,0,0,73,0,0,5,1714,360.26
4903,40fb2e921936a0d207efd5d06c6300fe180c66af,0,1,0,1,1,0,0,0,7,26.28
4904,51334fb951232aa56add118d142e6b82da204494,0,1,0,0,0,0,0,0,710,110.16
4905,fbf8b30aa6c08cf1e70afa0caac0e539d1e2c37b,0,1,0,0,0,0,0,0,876,156.31
4906,e92a9bf0030fa07e0f279def1f274ed6da90ef84,0,2,0,0,10,1,0,3,104,65.33
4907,4d53fe5dcd7b3bd8ca59e2a0683697e2cddaecfc,0,1,0,0,3,0,0,0,249,58.96
4908,1c45d1cd9d6c585d0e169769ce400034686cf179,2,6,0,0,58,59,0,12,875,261.95
4909,30424ec73f7f100b233e27196c0a6a90abd62ad2,0,12,0,0,68,89,0,26,2066,520.89
4910,700de7d92c11cb021f025407994080d7704b4759,0,1,0,0,0,0,0,0,123,28.36
4911,9a829dc458505f72702cb8c6942cd952f9d290d0,1,1,0,0,2,110,0,0,15,86.64
4912,042743fff076a66e25c93fce97ab3e75adb8190d,0,5,0,0,40,24,0,4,2833,510.8
4913,baa2d05374efc0f5b95b8f1f779462038a9f96b2,0,5,0,0,0,0,0,0,2873,442.77
4914,a912a56b38fca6aada68dab5ef73613c073cbc6a,0,3,0,0,117,3,0,0,142,157.97
4915,9f1f8c3bc6b09ede3dd9285e3a989337a135505e,0,1,0,0,56,190,0,194,2198,367.19
4916,917adbf0e53903e986ed2270a6b270495428b0fb,0,5,0,0,15,9,0,8,756,174.11
4917,36bec4fa0778a6b9326e4a7d59acd0dace1bc834,0,0,4,0,0,0,0,0,0,19.94
4918,317d137452c09a9a80491b23e113ee1d0c4c1c86,0,1,0,0,3,0,0,4,216,48.01
4919,9abab54d8e05c9e0426a1d7186815c82923a7abd,0,1,0,0,0,0,0,0,252,58.32
4920,a8766fd623e5679b13600646ac2808e733f98d07,0,2,0,0,25,15,0,4,647,816.11
4921,e5ec14af04069faf1cc4c671e3c721333f7415b2,0,3,0,0,4,17,0,25,362,87.86
4922,8dac7f9e6c5c22e3d11d22f6a38b7fa9905c6ae8,0,1,0,0,5,0,0,15,411,89.45
4923,8514e2b20e4d9b4c4f1985392d6e93381ab37cc7,0,1,0,0,4,0,0,2,46,29.16
4924,02b03326506d5ffeb191a61a598763a99380e2a0,0,1,0,0,8,4,0,9,248,72.84
4925,0513a21dc8b86f57b5a6c1b742904821632f77f7,0,1,0,0,4,0,0,6,204,52.31
4926,57b1efaabed195c8dfed9823dcca80260cfea946,0,1,0,0,0,3,0,0,1880,238.63
4927,c6002ccd3873f3950df50bef7f4ac4c5760d595f,0,1,0,0,5,0,0,9,256,74.69
4928,305267b8e2c68b6103eb389587394d19d2be3e82,0,2,0,0,15,4,0,3,607,171.1
4929,820f629423f21fbd1dcc7a383955443a2595fd5d,1,9,0,0,24,0,0,17,1134,298.17
4930,ac95cc1fbb951bb9db96f2738f621d1d7cd45739,1,23,0,0,106,108,0,51,8302,1868.69
4931,24bcebdeeb5c8025a1171fd73b5f38e666ae819b,0,2,0,0,2,0,0,1,978,184.64
4932,37e1bb61f473ecc05af8fb1c547ec566acf7c6fb,0,1,0,0,20,8,0,5,1872,269.32
4933,5b53a187d26ac54b7cd2c3d4a011bcc02931de99,0,2,0,0,3,0,0,1,942,187.56
4934,c348cd327b9ae3635dc9d9360e2c7088976199c0,0,1,0,1,0,0,0,0,0,13.5
4935,7774f964e62842806d849cae1a6af830c137d737,0,8,0,0,18,0,0,18,580,177.88
4936,45fc2bdd863ff238491f4941b3da04a38731d7e1,1,1,0,0,5,0,0,5,351,110.71
4937,645fbd7d87450b31b67b1e535cdb9c1cf50ffd16,0,4,0,1,16,32,0,13,460,149.68
4938,ee32eebeab38be4e171c6aaf362aff9a584a37f3,0,1,0,0,8,0,0,16,393,81.58
4939,dde713ee4e7845a1bd272b1c318ba0af08577e4d,0,10,0,0,37,0,0,32,3437,643.3
4940,4bfd35aabc83b007871fe9a8537cd5ac9cd84500,0,1,0,0,0,0,0,0,72,771.0
4941,988cba762a6d99b4b512ff97a607891f4b82f7dc,0,1,0,0,0,0,0,0,0,15.95
4942,f6a017ce6302853ef8421dc6adf1a099059f4e30,0,3,0,0,39,8,0,25,249,231.27
4943,5b850caa801d033d800bf6c1bea32aa2c7bda273,0,5,0,0,89,5,0,39,4204,672.16
4944,c32a2c0b16b1d7e41fd0ad4a2737b7f0f2806c82,0,1,0,0,2,1,0,1,14,21.25
4945,c812d13a471d4f8ee346fb3fc61f3d7763484b94,0,1,0,0,21,0,0,0,37,23.46
4946,e5f3dd682fb8884a947b40b4348bd5d1386a6470,2,3,0,1,544,0,0,0,6042,1535.76
4947,4ac457a7bc909cc92e0a1a0cab21ed0ce6bae893,0,2,0,0,23,0,0,5,1219,226.75
4948,9b7f36b8cf521bcc01ac6476349a9d2f34be8bb3,0,46,0,0,341,98,0,279,13355,2788.11
4949,608025ae6755752de7d1a9f159ddb9e05c060902,0,28,0,2,65,67,0,127,8370,2049.49
4950,854f13afa16984ac60b7461d29909a8d48eb1583,5,13,0,2,71,678,0,10,1910,658.66
4951,eafc07a06d03c00e17bd476fa2b84ba7c8924b1e,0,3,0,0,18,0,0,4,1279,243.35
4952,621b33f2f9677bd30c78de0ada757b4349eb017b,0,2,0,0,9,0,0,15,1066,202.78
4953,092c91eb0fc2a6b4044183e9ece71dd03711045d,0,1,0,0,4,1,0,2,147,45.43
4954,3e777898aa8b93a581f1a82c2ee2a1fcc14c25cc,0,1,0,0,6,6,0,8,71,46.72
4955,f71b980d3715c94478930b614e63250ebb678899,0,4,0,0,13,1,0,10,1027,273.77
4956,9bdb81f0a1db308a8a452379455b6bbfe70ea20d,0,33,0,2,51,34,0,77,4408,961.24
4957,9824eb7840aa636210f48d7d5969ccabd4e13af6,0,22,0,1,13,33,0,20,5672,1093.14
4958,45fdc0e83558f4400e4df567316fe1a5d9301b9c,1,0,0,0,0,0,0,0,0,22.09
4959,735fe2002995f8628a3c83ebbe8ee4a836a411bd,0,1,0,0,0,0,0,0,202,39.18
4960,8793383b66f06819b8d6d0070185d5bef29a66c8,0,1,0,0,0,0,0,0,876,946.75
4961,833feefbf977a8208f8f71f5f3bd9b027d54961f,1,10,0,2,234,108,0,45,1263,510.61
4962,38701ea8ec8c112f31548b7d9697810a8af953ec,0,1,0,0,17,0,0,0,4,31.23
4963,74adb11f4c504abbb6a52de72b53883ad7b952b4,0,2,0,0,3,0,0,0,268,83.39
4964,588b43b06ba9a3434dc2178b5b014283cc959d62,0,1,0,0,13,37,0,3,433,152.7
4965,fbbb3249d9ef6aa5bf12ca2abbf67f4a89c86c18,0,11,1,0,83,48,0,28,935,282.8
4966,8261d84290b88b4b4609504096dc9dec3fbc788b,5,6,0,1,75,41,0,27,2318,613.72
4967,e05341d01d3d1a5bac08359babfdd9cfad05052e,0,1,0,0,1,2,0,4,60,29.17
4968,a4be1b84e497f25fcae6209d3d82837b47785e05,0,1,0,0,0,0,0,0,270,47.07
4969,2fb19fb95102a7d2746f32c5a5da03eaae142b8f,0,10,0,1,49,8,0,9,1225,327.74
4970,26b8b48b4262695d900207adc13b32af6ed77875,0,1,0,0,3,0,0,6,446,94.4
4971,a85cb0f89a01495897e513df37e435d013e152ce,0,4,0,0,87,43,0,17,107,100.43
4972,cfb0cf72d4b12a22af7a8267de8baaeef6dfc570,0,1,0,0,0,3,0,0,241,60.14
4973,aaeafca9206341761094b1bcd27580f3978356bb,0,2,0,0,48,4,0,0,713,144.0
4974,f7df0990c2d321cffd7ea2e20cb7b280d8cc9db6,0,1,0,0,0,0,0,0,202,40.79
4975,0f6faaf5fc60b7fb3ffe1a77cdd21430efddcc11,0,6,0,0,24,17,0,45,2630,501.92
4976,6b20a0f831b195c6f136a3decee61f1d80ebde29,2,26,0,0,185,17,0,171,12337,2230.23
4977,7c8aa2e963ad1200c74ad6040f554106c4c930c0,0,3,0,0,22,15,0,1,1243,220.6
4978,6bfa8ea977e991c372c0bef7faa49d6142befebc,0,6,0,0,43,0,0,0,1484,268.28
4979,9c37d5dab7a42db72a6fbe66d716dacc69d02188,0,1,0,0,1,0,0,3,438,79.92
4980,538388c2b59cd56dd41a63dabc9eafd8f743ca0c,0,44,0,2,160,87,0,52,6719,2251.92
4981,d3eedb24e1ebf56ce820ea77522b695350fada6c,3,0,0,0,0,0,0,0,0,185.78
4982,ca25a6a870e7a31fa2fd68445cb753aa34edb0a0,1,0,0,0,0,0,0,0,0,45.82
4983,825871431ec48036fd3e3cd9625c451b50cbe308,1,12,0,0,149,8,0,83,6957,1246.31
4984,fef78acf6534f6736c10d2054cf8cb479edd3291,0,1,0,0,4,0,0,1,270,54.71
4985,eb351b9ff8276228e725bcf58675ab75b640fbbf,5,28,0,0,86,14,0,39,7743,1615.25
4986,cf5ad96fcc2ac02889e8a96a5d99cac071e1f25c,0,4,0,0,64,0,0,27,1302,254.75
4987,7861e518efb2dc5d393b07079f4309a91b31dea3,0,2,0,0,20,0,0,1,834,166.33
4988,4388fed83028325cfe75fc0a8787183db2a58855,1,0,0,0,0,0,0,0,0,29.07
4989,fd0bb89fdf67d996e8cc678d81c6acb799c2cc49,0,0,1,0,0,0,0,0,0,11.32
4990,37ef793fabc633557c994ab0ff8e6024d799d48a,0,1,0,0,0,0,0,0,203,54.84
4991,de9791e91e83005712cd276fce99f354a62c467a,1,62,0,0,910,157,0,945,27356,5568.6
4992,8aeb3acaf959e2905191fd6c92fa56300f7d3597,1,1,0,0,5,0,0,3,92,73.48
4993,3f4427739d9ff698d39f2687f11f65967c67340d,1,10,0,1,644,539,0,171,18474,3518.57
4994,2c4934eda68e8ed1290c2e3fb50604c2d77bdf64,8,5,0,0,24,236,0,90,1777,685.22
4995,75148385ee5b2065992aea19a810436196576f20,0,2,0,0,8,36,0,50,3287,509.11
4996,3b56d2a0bc36f9dcb901bb709b8d9ae58df955ff,0,3,0,0,4,0,0,0,1917,288.11
4997,57319c536a136d331b925614417a8deba159ad8c,0,2,0,0,27,0,0,0,74,43.69
4998,eddd5739a14ceb5cfc9b9c7d2e357eea96bd9703,0,1,0,0,10,0,0,3,1930,277.63
4999,2f2faa68d1b158f3d44b1ea4f2ef832705933f3f,0,1,0,0,1,0,0,0,35,22.77
5000,7f4146bf4d4df84041b284a76d917d602b5531da,0,1,0,0,0,10,0,0,1930,886.38
5001,ac175b1bd9ec3878f50458382563810142df032d,0,1,0,0,0,0,0,0,330,62.91
5002,1f830bea892df01bd657aeaab7d34926dbc372b4,0,3,0,1,17,0,0,1,102,77.62
5003,9d6b237ae8676750c97dad2b9d2655dbd43f67fa,0,1,0,0,22,1,0,0,329,93.34
5004,3d692cf044bc25327269328933299053ba19e2df,0,1,0,0,0,0,0,0,712,181.97
5005,1e6afa2f3c7b8515146e7bf2bce032f8f65da7ff,0,3,0,0,2,0,0,0,439,133.79
5006,a3f495f20d492ab491f2af4759b2aef5d5c3bd74,0,4,0,0,52,26,0,5,1989,430.33
5007,fa852c4ce68999cbe30e11820cbfd099d1c5cfaa,1,39,0,1,1172,199,0,620,20790,4254.87
5008,a8d325eed889a36266cd131b4d033a4c099fbc79,0,3,0,0,0,0,0,0,517,101.72
5009,c96df5e240baed7509d77f6349effe0777ebef57,2,5,0,1,50,26,0,3,1037,360.76
5010,16ed345191f5b0977ff34d80b34da700c41b624e,3,16,0,2,937,4,0,290,7028,1539.31
5011,cfc131e4379b3ac4c9de83e63dda41ce4df01e22,0,1,0,0,0,0,0,0,621,128.81
5012,a98898cf417de71c7250acd0a1c107101c3bb487,0,3,0,0,43,1,0,18,551,182.11
5013,3e10e6e1a61aa2a481a1450fecb94bce23809dfe,2,16,0,0,636,212,0,266,14223,2783.34
5014,332515ed346e1ffc104ce3bac986bb7030747a03,0,6,0,0,99,35,0,13,460,220.11
5015,3babad30e6d1953115f432532f85a143eaf431ad,0,13,0,1,21,99,0,59,5580,1238.0
5016,e99091e97c374a026ba690cf9d6a4592f3c3fbdd,0,4,0,0,23,35,0,45,404,112.62
5017,f286797fbf063a929b0dc841c6071edb8eae2dd6,0,1,0,0,0,0,0,0,198,49.23
5018,b20675f5af2fa3806eb91be1b4506dfcec10fe03,0,3,0,0,20,1,0,6,393,114.98
5019,8f5dae471a9da95b144ecc15010028ba1ce7120c,0,2,0,0,19,0,0,3,57,46.68
5020,31f17b17f0e2d12550b97098ec45ab59c5d98d58,0,13,0,3,16,0,0,1,1345,1036.51
5021,03d8918142681d4c8abe40e8c8fb32307756d8a8,0,1,0,0,1,0,0,1,56,30.05
5022,229b0774c06a3adac1d73f227529f63a8b6d87e2,0,1,0,0,22,3,0,1,151,60.89
5023,9a311303a88d355f8c982d2f3cc77bd6427dfb80,1,1,0,0,101,0,0,0,151,96.07
5024,7af56998c5d42afc84ddf8c81126331715ef6ccf,1,1,0,0,5,5,0,15,912,163.25
5025,21b366afe1fa73cfee5601db8c661049788e97d7,2,12,0,0,89,0,0,96,2476,582.97
5026,78da65c412076695d516a4afc196551db3eaa6ff,0,1,0,0,0,1,0,0,198,44.03
5027,e405017a31a9253e5eecdd5cc2ba43ab182e16a0,0,5,0,0,96,0,0,40,3160,530.42
5028,70412d886c647d3669827145f2790417fab6d9c1,0,1,0,0,25,9,0,1,734,146.09
5029,d34620b8b661b17d55dd75d24e56c5a7ee661b4e,0,1,0,0,13,0,0,0,995,200.66
5030,c651271f5759f39f282099999a50ab88a62d86b7,0,1,0,0,1,0,0,0,94,35.42
5031,1c957b65b16a8706caee140c18b84ea48a0dc0aa,1,1,0,0,0,1,0,2,100,72.48
5032,f670649f0e2cfba8a2112eb5c1d79b8b7f52c3b2,2,1,0,0,1,17,0,0,1,49.06
5033,85bcec3995c571f26e32ea035cf9d322fcbe1411,0,2,0,0,0,0,0,0,216,49.35
5034,d1619bceb3142f3ab8c134365e18a150fbd5b9bf,3,2,0,0,34,122,0,14,133,163.78
5035,bec2b0d320554b0af8c891fddc147a953f35765f,0,3,0,0,23,0,0,0,252,82.62
5036,883d6fd8e512b14c967d2f7acf78d2b1d40e40fe,0,6,0,0,215,8,0,52,4918,971.67
5037,fdb48a7bbeecf891a0fc74171961901fbfdb5664,0,1,0,0,2,0,0,0,17,18.63
5038,d58cce1694c22f8f895dceaaf2b2003f69d04ea4,0,2,0,0,36,0,0,7,2898,441.41
5039,dd78f459e8f10e4587742a049e38d8c6b50dd0cb,0,1,0,0,0,0,0,0,518,86.83
5040,70ecf18817ef219389a9e024ff21ffb99b6615d9,0,1,0,0,0,0,0,0,298,714.35
5041,4980bfe642ef256eb9c31ff8927ab6f77d110d95,0,3,0,0,51,6,0,17,3416,769.42
5042,d66f88134cfaf93eab50c5d5584f1e36f519c98c,0,1,0,0,0,0,0,0,14,13.8
5043,d2e64032c668da2ce441e28a63e896deedf86e5c,0,1,0,0,0,0,0,0,14,11.86
5044,b9f8616177ecd9425c408b560be54f08a2f1e84d,0,2,0,0,3,0,0,2,603,127.67
5045,0c63eeb5115e7ec538b2d747b8735cb37bae2e69,0,1,0,1,0,0,0,0,0,20.08
5046,daed00fc98167870463e77b620e9adb6ce9b204d,0,1,0,0,0,0,0,0,17,14.92
5047,3897ab05a4630d6351853e17d82944fddd64e664,0,2,0,0,49,75,0,25,2853,449.33
5048,5dfcee0871f13b2657e815aca08416b4bd9d7881,0,2,0,1,10,0,0,15,160,102.0
5049,2124d3df7070045fcd43bffd7b6036dc91a11b40,0,2,0,0,20,0,0,12,154,61.4
5050,9899aab12b419144f7f8a8280bedbccc68ee7452,3,22,0,0,174,89,0,433,20426,3676.51
5051,0d6cac9b1eaa311ee34c84ce00f1a24d4f98d823,3,1,0,0,0,0,0,0,11,64.54
5052,d55405a7cee5747af294c0784e02dc41ef379521,0,1,0,0,1,0,0,0,30,20.44
5053,464e7ce685486e3ede13ec2351b45b0a0b65696c,0,18,0,2,54,53,0,47,2820,676.07
5054,d1ca560ff72bd97faa94fce025bf126702bbdd1b,0,1,0,0,41,1,0,9,2707,500.54
5055,0bdab85b065bd0876152ac30c2ec6d08adae8006,0,3,0,0,1,0,0,4,466,108.03
5056,55f8f56ad28f71a893acb1e5993689499134a018,3,3,0,1,16,8,0,23,1053,273.75
5057,74837d9b1f13b42415395e08ff168aeed0c21676,0,3,3,0,8,16,0,23,1053,204.1
5058,47ed5cd7ed0da2976ab6bf10dec3816fa724bd55,1,11,0,0,218,23,0,32,2958,669.52
5059,45711ebaafe938dc10c97b167c007f64ea492d03,0,2,0,0,17,9,0,8,271,92.86
5060,dae8f236dcb20ed6e411777f69c362aef72ec390,0,2,0,0,71,0,0,23,327,784.88
5061,8b4671c10e64f7b6fdedcbac7f6f9de3942f79ba,0,4,0,0,74,36,0,0,792,213.15
5062,be2ad98b1c159c9804f6dd43a69ade49a67366fd,0,1,0,0,17,0,0,0,87,36.92
5063,6d4a4a48fe90b889c39e3ed42448fc7597a46973,0,1,0,0,12,1,0,0,8,24.44
5064,4ac42a2f56b91ce864d1bcb04f1f9950e527aab1,0,5,0,0,245,16,0,33,3769,672.96
5065,9159c82fbf6bf0b31eba58095eeca33348e2c389,3,3,0,0,16,8,0,23,1053,239.14
5066,5845f72ad60a7a7f5a04c01b68d841c78c38f79a,0,6,0,0,0,1,0,2,3287,504.18
5067,95fc53f1056238e0b5f65df7f3015f2aec3d0a20,0,11,0,1,236,74,0,43,2296,606.03
5068,948746ce4ed3bd174927c41bd4884cad70d693ef,0,25,2,1,372,320,0,48,8596,1822.74
5069,fb5e6b3f75ad29ffebeaad1fac4c4fdebd69684f,0,1,0,0,6,0,0,0,518,109.25
5070,5025d3aa91d18310fc4d738114ee2b58e48c46c2,2,9,0,0,116,7,0,18,6651,1214.52
5071,9aa8f0672ea24dd336851cd0e22a26fe775f7720,0,2,0,0,3,0,0,12,132,61.86
5072,be25b0d595371e221da93a1b734dc696d044c9c8,0,2,0,0,20,0,0,0,142,51.73
5073,21b27c865087580d75f08819144067308c4fd80c,0,2,0,0,0,20,0,0,142,49.09
5074,9b53a1c214f87bd0a38b12e8d308e7e3bde6de84,0,19,0,1,1962,597,0,391,16991,3396.51
5075,105f9b328221eef30c61a36593927be9a61200b7,0,1,0,0,0,0,0,0,2891,407.87
5076,eeb8c846d99970f590c695d00732f8c4f02defda,0,4,0,0,27,15,0,28,1273,324.36
5077,cbf03787ea04da8d1c2ceef8fbb4ccbabb7d67ed,0,8,0,1,58,2,0,15,3281,600.99
5078,29104da0139cf05357c001e5ef52190ff04ee561,0,1,0,0,3,0,0,0,24,17.52
5079,7fa1a6b968bfde4f165d69a3840503ab0565349a,0,2,0,0,6,0,0,2,734,136.36
5080,abe3796a9907485c875932caa5f1c82071495c0f,1,15,0,2,503,128,0,629,17819,3986.18
5081,b436db7d70c8a90b0167dc0e0120f503efb37e3c,0,2,0,0,0,0,0,0,1043,157.06
5082,c938267db3bfe95908f97397f64ffc50933e4343,0,4,0,0,1,0,0,0,1684,245.51
5083,ff8840acc3d3f258c933c91b275922d6528b6893,0,1,2,0,0,9,0,0,125,49.59
5084,ba6345f7d15d540943825a2b6f2d2c2177ad1c8c,1,9,0,0,401,118,0,687,15345,2838.75
5085,d45efa72080e9b7ce77c69d1bd8e812e7ef1b698,0,2,0,0,17,0,0,0,157,57.47
5086,3509cc21349cdc54d9aa22f5534207920e8100ff,1,0,0,0,0,0,0,0,0,27.31
5087,1cc11423795723b119bb6ac86076d64dcfb46c67,0,1,0,0,0,0,0,0,20,14.07
5088,d2d4ef14f43d48bb37fc53b5a5ad02265a2b1ac7,0,2,0,0,11,0,0,28,458,124.24
5089,aedd0ebe9b8d1968f7d91772b369829e00606087,0,4,0,0,39,20,0,13,1736,328.23
5090,0505b7941e175d86004daf9a31ef5ce240d4570f,1,1,0,0,6,4,0,0,15,47.52
5091,b7e2daa1dbae67aa7148acdb66a8f131a224d7e7,0,1,0,0,0,0,0,0,21,12.47
5092,2b08653a79a8ed0ae8501a110b79f9ea23e808d4,0,1,0,0,0,0,0,0,2542,490.41
5093,bf9e32d59d65afa6425f03e488959c8883038801,0,1,0,0,4,0,0,0,143,39.82
5094,65ad19ddf7848dcc811b7968fb31fe6fc05885d8,0,1,0,0,0,0,0,0,292,45.96
5095,7b7b0bf9dd08950b314ea60cd2b2d24deff8cd15,0,1,0,0,1,0,0,8,2542,509.9
5096,7a08ad9df8602bc99848489cd3d734b426aded48,0,2,0,0,1,0,0,0,404,70.62
5097,f9a17edc252a88c5a1a2c7764e3f9f65623e0ced,0,2,0,0,75,85,0,15,384,129.3
5098,cf7ef936d20b98482a48926a194772c66d3234c1,0,1,0,0,121,66,0,15,306,87.42
5099,27cf749af884edae55454c885c7fb066f0a33c79,0,3,0,0,0,3,0,0,83,37.96
5100,2bf904f216ab8315c37a65e4860f51c526a3b654,0,1,0,0,71,0,0,0,52,735.25
5101,6a95dd35511f4216481d8d0ffd4952ed1893a1c4,0,1,0,0,11,0,0,3,805,169.73
5102,64589abe9936337fcbccdbe82e538d05020c8ee4,0,1,0,0,0,0,0,0,0,35.1
5103,0d766544166fc9630bb00ae14a4a34a69d93f127,0,1,0,0,0,0,0,0,0,37.96
5104,4d5a11e082e3b18100bb533626b51ebefb62fc7e,0,3,0,0,61,42,0,58,3036,489.29
5105,f57dca5e1b0b5c8491e2398e2b26717b480612b1,0,24,1,0,80,118,0,50,7155,1463.75
5106,753ceb6e7641d2b5b2e32d51742bc5246aa48b90,0,1,0,0,4,25,0,58,391,78.78
5107,6d4460341e0d44bfb574180369748e17fbe5f5a1,0,1,0,0,0,0,0,0,92,21.04
5108,f4eb7191be66ada04c94cd555acbfe34efc350c1,0,1,0,0,0,2,0,7,425,71.33
5109,a9b73b600e551749358a61bab27588e9074132d9,0,1,0,0,12,8,0,2,171,64.03
5110,b5c4d9a04f7a3c44728218b913593fd46495f094,0,2,0,0,14,0,0,3,169,81.7
5111,6e9ded51fb2fc4c3e63fb0da5030246f3466db71,0,19,0,6,46,18,0,11,5773,1285.59
5112,5459008ccdc83f09e6d8d7ec90144dc120e1a084,0,1,0,1,0,0,0,0,0,18.81
5113,80d230e1fbeac24d3dfdac8165e24f35ec26f988,0,2,0,0,35,1,0,9,1041,171.8
5114,fcc09dcd38b8543a9dd40212206cb4231620dac9,0,1,0,0,28,0,0,4,952,181.37
5115,e78aeb24e0cf9d27bc9a8ed17708567e8668a38c,0,1,0,0,7,0,0,8,126,39.54
5116,62d47e175c7c36dc2bd6b225d03978cd6303fc59,2,54,0,0,90,71,0,123,14599,3001.59
5117,227ace9100043613a014d897dc78e97cc214ffac,0,2,0,0,46,1,0,5,758,160.0
5118,8579c6dd49f2a1b17a4a2670070eb23ed644b21f,0,16,0,0,9,746,0,33,2621,718.34
5119,5a58116bb531f0b256fdbfcabd3fad20663170fd,0,7,0,0,28,85,0,124,1751,457.33
5120,50daed268eb964e09a023d30fe8880441442495f,0,1,0,0,0,0,0,0,0,697.64
5121,5038fc76c950029c78681dff816d7465f6acbb91,0,2,0,0,58,66,0,99,3074,544.3
5122,578df6dfc04b4a97e911478f546a94ff83f4550e,0,25,3,2,106,137,0,58,8221,2001.03
5123,ced0e324a190e75d8a93b8b09676781853819361,2,7,0,0,14,96,0,511,13846,2410.27
5124,bfb04d26a757aa146c180710545b11856868f08a,0,2,0,0,6,10,0,6,794,141.5
5125,3815a33e3400cee73f63e205afac8f1a2d9c174f,0,2,0,0,1,1,0,0,3367,754.37
5126,61f4ce68801cb310cfa48c0a85dfafe000bcdd1c,0,1,0,0,37,9,0,43,1980,293.92
5127,ffdcc0095232caf7dc98448abb6ff57b0333e962,2,2,0,0,60,44,0,2,110,177.39
5128,619d34487e4426e9405c7c479b89b93869f283dc,0,7,0,0,12,17,0,15,452,152.04
5129,452ce33ef5d76dbb28628fc48476a94320e4af8f,0,1,0,0,26,0,0,1,123,55.23
5130,e156ed619c1e79055f9832456e6523ec6a2ae085,4,15,0,1,52,415,0,58,7815,1624.29
5131,9b2b0abccda2e8fedf17a4bdd3456e95f9c379ec,0,1,0,0,5,0,0,1,918,135.09
5132,6415742c3757ca72080ca63372d1a0f82ac7607e,1,2,0,0,3,1,0,5,1333,236.06
5133,f1b53d71b8d65244bd7aca2f5b557752b3fc28e2,0,1,0,0,50,1,0,34,539,135.83
5134,874aa9eb85077a4e5ab42d06820692ed379775ca,1,6,0,0,117,0,0,309,5825,1170.69
5135,485800830a58da1af31beaac859d99b56d823f99,0,5,0,0,28,6,0,2,2075,463.43
5136,a609e5e10748db758d91826058806723f97972da,0,1,0,0,0,0,0,0,2917,406.21
5137,d3ed23ecf4670569270ce7f907bca50a39927495,0,1,0,0,0,0,0,0,0,19.6
5138,5789779affcec843657156e4e15dc8baf221d0d5,0,1,0,0,14,0,0,0,35,25.92
5139,f210c2ebba31dd79ffdf819a2c5e45dcd5a36ace,0,1,0,0,26,4,0,19,736,146.23
5140,5b25a48e7f33ab6e0aa72935462abf4f0e681b77,3,27,6,0,131,68,0,64,4726,2138.52
5141,319666ca5357914dfc3ef6bc83e6ff5f50cd4678,6,27,3,0,63,43,0,53,4814,1407.56
5142,3a2a29616cbe218068518a4a7808039efb087032,3,27,6,0,43,63,0,44,4814,1206.72
5143,6c22333599b9910314f57d0b6a580fb69eb7aa2b,0,14,1,1,64,14,0,42,4165,835.7
5144,e252c30645d416697bbb22f1ca20846b3256a92a,0,3,0,0,99,15,0,33,1385,308.1
5145,8c740f43093671cfd4cc2b1052d8556e0d492c13,0,2,0,1,1,0,0,0,134,70.6
5146,b6756b39c2ff5675f96a6e82dc4d68ec437f01c4,0,2,0,0,3,0,0,0,107,43.82
5147,8c707499baa2a5472680f98b19356bc1e104bcd8,0,2,0,1,10,0,0,0,26,39.75
5148,d5e81523f719d54e44d24cf6ef8112355aa6281a,1,1,0,0,16,15,0,0,52,69.08
5149,9ac3c5f16d8e207d68ce4c2e3ad0157532009f94,0,1,0,0,8,4,0,25,421,78.1
5150,fe389d1f194c47742fba91e5e3424bb2c0eb0fce,0,2,0,0,2,0,0,0,321,72.14
5151,a9d7c49a59087008986334e8a9e4d0d1f5115acd,0,3,0,0,19,1,0,23,323,96.69
5152,682a29a57f73b836859b3d3e1048fc82d64e8fe3,0,2,0,0,30,2,0,35,2601,372.2
5153,e2a90a71143f480621ccd935a0b9477d7ee4016f,0,1,0,0,0,0,0,0,92,28.04
5154,80dbf06651e527ec0421ce51e4712ffb2f1d078b,0,2,0,0,1,6,0,44,949,190.36
5155,1deadb60d1a684cbc1a45cfeb6eee176ad93958f,0,1,0,0,30,0,0,5,196,57.19
5156,6eeb5b38e135b54bbe901ef3bdb8bc8acbeb4129,0,9,0,0,4,18,0,16,2324,398.33
5157,6a6e3f46fde83d602e2d25cf38bff32c770004fc,1,9,0,1,1792,90,0,1044,20392,4746.27
5158,7f5383368b459913129bc13060e53b5cbb5d4e77,3,3,0,1,485,0,0,28,2201,882.72
5159,ed703762aeebfce9855858834a3fa6a4f51a8977,2,6,0,0,132,36,0,138,2376,759.39
5160,57c70f0af8399d782fda05a6274227c26b811482,4,5,0,3,2351,0,0,0,2665,1984.12
5161,f6512065c2ee84a9c5af7d03f674c57c978b0b68,0,6,0,0,121,18,0,1068,20380,4135.99
5162,66f7bf461532423d92be4e57a26edc2e13a7dbad,0,3,0,0,38,0,0,38,1456,292.56
5163,3cd929eea253afd632b6def7c24df434872a2d7d,0,1,0,0,40,40,0,1,10,44.16
5164,eba8a708a578e47a3fad1b1c0dbae4937c536bb9,0,2,0,0,62,28,0,13,455,144.12
5165,1890bffce3919bfd6fbe143eae99bd3c0bd3b829,0,1,0,0,0,0,0,0,928,203.91
5166,e994b491aca8ab2edeb60a328c690ddbc88f8b51,0,4,0,3,0,0,0,0,443,217.95
5167,4f151444b58ae85b93f76254961358932e0ffb9b,0,5,0,2,59,16,0,48,674,231.23
5168,679e0e8d2efed297e5b44d17c69952372080b328,0,1,0,0,0,0,0,0,731,120.28
5169,e9da064ccd8dd3c64d99e0863e36cdc1236779f1,1,1,0,1,1,0,0,0,1,43.85
5170,ddab4726f6675943fc31b697a3d974bab74cd9ec,0,2,0,0,27,13,0,6,3862,705.44
5171,d75326a7974881a41993e210b9c5b7d4b0fe5b8b,0,4,0,4,15,0,0,0,696,342.06
5172,4788c6d1a8cd4b6f31416f57e757bcd8738b4772,2,6,0,0,728,20,0,218,6150,1316.88
5173,d314f7d9e018ca8a67e0601a2de9b2bd0a08a5dc,0,1,0,0,3,0,0,1,684,128.41
5174,14261bc9e515bbaf2fa40f5779cb83a3372f0e57,0,3,0,0,10,0,0,31,3101,472.89
5175,2c5dc53a32ff61aa52890fc89158cced36186b55,0,7,0,0,63,0,0,29,1997,380.29
5176,3ccae37866bde3783e1866ce92026a9410860515,0,1,0,0,0,0,0,0,139,39.95
5177,66e55ff38898560385dcd7406e805ed7fad2f000,0,4,0,0,25,1,0,48,2324,376.34
5178,b7abdd61c9058967aeedfeaf0a6a6f5499b99ee8,0,2,0,0,14,0,0,4,316,79.54
5179,176261af788dd4cfb9709b046f84ab67b18149cc,0,2,0,0,22,4,0,5,107,55.98
5180,3baab26d0b8e70ca99ac00bd79d7e6683fa0a2ca,0,1,0,0,1,0,0,3,25,695.01
5181,3bf69761e172163df320346edfc28f10d4fb9da7,0,3,0,0,5,0,0,0,2383,368.3
5182,702aea5b38ed6ad0942b0c59c3accca476b46873,0,4,0,0,30,0,0,13,1471,306.54
5183,eb82b8b3098d6a9ac62aa50189f9d4b289f38472,0,1,0,0,1,0,0,0,124,39.54
5184,0b4e32a206df7836c5437f7284d63276c17a45dd,0,1,0,0,31,17,0,95,2900,407.23
5185,2ba4c4eb9fe568b962f9d71de829531f51c5375b,1,1,0,0,4,0,0,0,40,35.82
5186,4e0de088c5f2fe13ea12219ffa4b85bdb7e26553,0,3,0,0,7,8,0,50,3782,608.5
5187,91ab1086d62e0a2de5ca8fc65e98ebcbafc82ba7,0,0,1,0,0,0,0,0,0,13.6
5188,afd7a8f4742ddbc575b45fc141a75551b55c56f5,0,4,0,0,58,1,0,20,937,227.43
5189,23960207527b685609cd01259efbeb98f077b209,0,2,0,0,6,0,0,6,302,63.97
5190,2bf8cda4f68940909e9bcfdf8ae41cc751a49c7d,1,1,0,0,1,0,0,0,69,44.85
5191,ad2b1d8467ba2e79a6775f879bad527d832b3785,0,4,0,1,37,2,0,20,701,210.58
5192,a4202879ad12d797d8c05f3174b824e06cd74279,0,1,0,0,12,12,0,5,733,161.65
5193,bcb2a279c49213bf4eb90a7602a01ff5d0810915,0,6,0,1,8,3,0,68,4246,667.77
5194,a4fa930843896f6c134fe9372e75e79b03611d73,0,9,0,0,38,12,0,19,1678,362.67
5195,40a80c1fe0b4cf8d64ada406f256e0e289bc9ebc,0,1,0,0,0,0,0,0,0,9.1
5196,4c97d4b244c854ddbb302ecf733a8c4890cd4b69,0,1,0,0,0,0,0,0,317,69.26
5197,b5fb861f76d917010b56113b2d2d201c0292ea89,0,0,4,0,0,0,0,0,0,24.54
5198,0415649f3dda70aef9d7196987d341d11c5c1973,0,2,0,0,8,4,0,13,162,61.23
5199,ba6ba16bc008e3b9bb8dc4b1674891e9e2313fc0,0,9,0,0,7,0,0,0,2318,424.96
5200,807142024f37a117d2ba8a76a274ce0dc64ba075,0,2,0,0,18,21,0,0,972,887.19
5201,75507af9f80716a2dac2dd3d1642d70373976915,0,1,0,0,0,0,0,0,739,176.58
5202,d5ff2b587ca613ccba206269261b4c22a85f4b6c,0,12,0,0,29,24,0,87,4534,835.08
5203,84dd84fc581d2984daf5e523276b76181c1de5e7,0,8,0,0,174,142,0,1080,20425,4216.2
5204,79db6293236ec807dc430d2ada9a6460699b63a3,1,0,0,0,0,0,0,0,0,46.23
5205,2759fd0cdbb8aee928819c9d7306bb61c94126d8,0,1,0,0,18,39,0,2,312,77.13
5206,75bb815d9954e538488c4c549f7261b5be80551b,0,1,0,0,0,0,0,0,687,115.28
5207,ee562faeb3cd0b7a49a1319fdc775f1d43e32341,0,1,0,0,2,0,0,1,712,126.03
5208,5e3127304d65a7d0ad1abdb14c63cf1cbca0d391,0,1,0,0,6,0,0,5,428,92.97
5209,e2f7508afda159293e05c0777da345145fb74bd0,0,3,0,0,12,0,0,7,819,188.42
5210,167f0f0480bcf862766670ae10cf5da8c0627a26,0,2,0,0,0,0,0,0,72,31.48
5211,4120f657b90906f4c68f8446ddfd8758b2f39453,0,1,0,0,3,0,0,5,60,29.62
5212,3a9c2b0c5510c499371e9f387fa85c5fdeb76628,1,1,0,0,47,25,0,2,511,118.34
5213,81e793e582f93af6edf53620d49de6fa4bb21a6f,2,1,0,0,0,0,0,0,333,128.94
5214,2ad411414901cd10cae220a510db41f45d9ebe12,0,18,0,1,119,105,0,27,3880,874.04
5215,ec51d7b2e600fab2c3490e794dd13e27ec1cee01,0,18,0,0,0,0,0,0,3999,823.42
5216,235dc9734f032945331c5a4a03ff2d69d170669d,0,1,0,0,8,0,0,13,115,39.78
5217,d50d6d967d470d9e7800a6f90dd0a40f713566db,0,19,0,3,13,238,0,156,3570,906.01
5218,6399cd2c450c6d7db387283fe45e2c1622927cfc,0,1,0,0,0,0,0,0,58,24.24
5219,2e132db85c49373b4086f4e4f7b39dcf2972f24f,0,1,0,0,1,0,0,0,980,176.19
5220,8bffd45bd50abd36c196f6d79ced5d8ba1cd2042,0,1,0,0,1,0,0,4,81,683.54
5221,1c4b47f856050796f491db3671349aec3220d237,0,2,0,0,10,0,0,0,955,183.45
5222,a4799acd6bc6385d91709aa16fe3a1cbba9b6320,0,6,0,1,28,1,0,4,762,169.49
5223,92e66ef5222391d106bc8adb7afe7d96a7dafac2,0,1,0,0,0,0,0,0,77,24.23
5224,1fcee86978b20ac82647b5213eae389a38735cce,0,6,0,1,0,107,0,0,114,100.29
5225,c3f83a9eff412d8339f1b9fd40fc0a4117185d2c,0,3,0,0,18,0,0,10,139,67.71
5226,bbae9f382613aa821550932d5cf34a4d3363e399,0,1,0,0,99,96,0,8,45,62.86
5227,70b5c9790325ee5129ddd75b5ee3ac72cf6dd244,0,1,0,0,12,0,0,1,58,32.29
5228,c90da7a81c2ea7a3d546fc2008ef80696ab61929,0,5,0,0,121,14,0,14,811,212.15
5229,86b91997d0590fcf00634e9e90216e77da607fd2,2,10,0,0,64,20,0,30,1670,453.58
5230,7bdacf53f41d7e3c6c6698c5d20fdcebaa10a1bb,0,1,0,0,1,0,0,6,976,149.14
5231,5732bdb483d6c6882f26a33a247f0544329745eb,0,13,0,0,21,34,0,13,6007,991.72
5232,8e5a1832562aa9b5c12ddcc1949cbcea33ae85cf,0,13,0,0,0,0,0,0,6028,942.46
5233,315f596798d78d54c09d9d6b3c5751548cd68468,0,1,0,0,1,2,0,0,156,35.67
5234,17b6f59a98b3851be64bee07b5fb3624ef2eb210,0,13,0,0,6,6,0,0,6022,950.55
5235,b03ff8ccca5786c742098d5bbf6ce06df37e40a4,0,18,0,0,0,3,0,0,3996,735.27
5236,9e131dfa8e1303306bb064aac489d8df43b8459b,0,6,0,0,57,13,0,983,20097,4066.7
5237,89688d4a43f241a8e98d277f9cd7f1b20eaf68af,0,1,0,0,33,0,0,79,1080,185.95
5238,220ac141bfcea7798faa5f73295ec61d8b173af9,0,3,0,0,18,0,0,8,155,59.82
5239,f7c3a3dd55c6adae51840d052434f8daf64b269c,0,1,0,0,0,0,0,0,0,34.99
5240,9ba7337ac82d13b22a1b0c40edaba7873c0bd795,0,7,0,0,28,3,0,26,5681,1611.03
5241,fec091a8073ab000e47120c244238f1b3642d560,1,2,0,0,29,0,0,7,3111,483.63
5242,3a1e101dcd4cf0e7149c0d8b1c13f96adf04278e,0,1,0,0,17,0,0,27,152,46.52
5243,7f2b33dbbf90474a8f73e4d38ea8f6817ee3dcdb,0,1,0,0,2,1,0,2,83,25.24
5244,a1c94c0bdfe31d2d2435a135fc2ff1d36a979e13,0,1,0,0,0,0,0,0,220,42.5
5245,1bfe3879566266a4e2fcd708934c94607163d295,3,4,0,1,1172,130,0,0,6690,1765.86
5246,bc189d0497e4052159242b9a358e8d6e2f4a2f2b,0,1,0,0,19,1,0,8,349,64.5
5247,901714d75dd6da9c3b7dca3f48046119c6f08905,0,1,0,1,20,0,0,36,448,174.71
5248,5e7e626ef54ada9e75b18b31bb49e23b22ae9fe9,3,10,1,2,24,17,0,7,894,347.78
5249,353b046d6c5cf028ed509d238eafa46b6b3ec7a3,0,2,0,0,47,1,0,1,442,110.4
5250,ed5ac65f22c06947dfda56ac163502ca2af45998,0,1,0,0,0,8,0,0,3,12.0
5251,dc72dad7cd5214f2dd416b89e4bfa1c83625aff0,2,10,0,0,280,9,0,518,16936,2956.19
5252,0ef4a1088224b6fa3a2c85ef1d4efba6b7b48673,0,1,0,0,1,0,0,4,39,25.01
5253,132573792dc4947f2d7846f9e8093c9227c189da,0,2,0,0,13,0,0,2,407,105.72
5254,6529d8833d965fb201b9fe6927eed425bf31607f,0,3,0,0,3,0,0,2,1833,285.81
5255,4cab6963b0c21b480ac23ff45f85925cf878ca8c,0,1,0,0,30,0,0,5,2027,276.47
5256,a016b23e850208dce9e7a85f9b6cf748411d80f4,0,20,0,1,136,118,0,68,2558,694.75
5257,e2e9ea5bd5657f68606e9835d8de95180e4358bb,0,10,2,0,9,177,0,534,17039,2806.48
5258,eddabdd353ba07020d60a3896a36f97b2b361e7d,0,15,0,0,79,34,0,476,12675,2365.49
5259,5e06ede3f7860ed47c7dd38f889b3535e757b257,0,6,0,0,17,9,0,23,623,151.21
5260,5098f365b4071ab860d6850df792b4200b92c197,0,3,0,0,0,0,0,0,59,745.58
5261,6c3fd34475fa956deb570c92d55a3cc08c71c5f0,0,34,0,7,34,20,0,20,5970,1334.99
5262,cb1ef915df5be4d1be2928cbe84ee9c00c5ea2ac,0,1,0,0,9,0,0,0,79,30.69
5263,e1e8434340f02907976f20566c3e55d8d627d4c4,2,10,0,0,177,9,0,544,17041,2932.66
5264,a9cf353c7581565394eaf2e96c9f99bd829c98d8,0,1,0,0,0,0,0,0,242,62.17
5265,132f65ea1f7b4681809dd5e545b3b3b802f0c469,0,4,0,0,2,2,0,6,482,117.97
5266,c2d73f02ebd8510d42862a15e2fa0633d76136e1,0,3,0,0,3,0,0,3,4564,642.1
5267,7662980798c82a239c4d446c290595836ed3a456,0,1,0,0,51,22,0,18,717,187.16
5268,e93e1ea73c6ce5f632636c613068ddd877ebb60d,0,2,0,0,2,0,0,0,410,86.17
5269,5428c9fdd3517889e80b80486010d6b6ceb698b4,0,6,0,0,90,3,0,3,1001,299.31
5270,d45e0a7d41923c132985ea207dfb72feccded7a9,0,2,0,0,70,1,0,16,1668,317.87
5271,6388b3baf68f399f2c83c99da9687fd1cf4dcf66,0,3,0,0,6,2,0,0,1127,209.48
5272,942e09b71eef5bd9fdb1c8711125c4bc1193bcdc,2,4,0,0,66,0,0,3,1896,370.87
5273,f0a1ca4a6f176dcac3e82745ae7d536cbef04d94,2,2,0,0,102,17,0,12,182,182.19
5274,ef18d75d001370ae43a6462491b3aae7ccce0703,0,3,0,0,5,0,0,5,3041,463.97
5275,7de4881e3a6a18b00a9d14e24c6aae7f1b64919d,1,4,0,0,77,20,0,10,1097,280.3
5276,cd9c6de023aa783d92f9653301f1c944d95f2e10,0,1,0,0,0,0,0,0,650,131.18
5277,b31a6acf4c24d55ac74eaf4d669a33078e27ef89,11,29,11,1,237,58,0,20,4269,1656.3
5278,4aa7209826ae42e47089fd20747d014183fccb6f,0,13,0,10,477,145,0,12,2422,885.56
5279,e61bf1bf2582cad20c54585ceea21ec090984c1a,1,1,0,0,0,0,0,0,637,113.4
5280,325614220f1c208b0846001f903888660096cdb1,3,38,3,4,888,117,0,88,14036,3617.63
5281,9d3422ed16004da1b0f9a874a98bd140b46b7a6f,2,2,0,0,6,0,0,8,431,148.87
5282,a84e829e127865a5fc3d54db9d02f091fc89f97b,0,1,1,0,11,0,0,0,120,41.97
5283,f35b6c6b77f82499ebcc5eb5843e046014b2f35b,0,2,0,0,33,0,0,1,3897,690.1
5284,d86f2fa3b21bf177756f2d923cce817e86f10adc,1,14,0,2,26,17,0,31,1959,487.96
5285,62b5e578a8bf413117474816a0d24efe9be4577d,0,1,0,0,1,0,0,3,225,46.51
5286,8ac8fb4476b32d156f155d40796183c8d7cc4740,0,1,0,0,12,55,0,0,457,108.88
5287,ee30d050dc9112bc74eb02452bd9b3699d278f07,0,1,0,0,0,0,0,0,180,38.06
5288,b5641d8edf7c01c73cae006790e4482f8112dd4a,0,1,0,0,18,22,0,4,1036,181.87
5289,7693e15b2b34c7caee2cf00887601142b513beff,0,2,0,0,49,12,0,18,964,173.59
5290,b7c0ac7cd7bebf78e5b6ce14179223fbb653e4c7,0,1,0,0,1,0,0,0,49,24.14
5291,de01553bc480a13b5a9a3c788ca065724522ddae,0,2,0,0,2,0,0,1,3042,456.29
5292,722fd17069a302f4de12c22212d54d80bed81aed,9,6,0,0,63,87,0,2,389,356.57
5293,e8e5a9f6398f5a99f1d89be359212a7a4f1d7b05,0,1,0,0,1,0,0,3,984,268.08
5294,bb62d5b2e8db1677568723bb8d0d8ea4fd2c6f46,0,5,0,0,13,0,0,0,1200,256.92
5295,47a9ff5d1f4f90fe9ddc05a478cca0d4f82fd30a,0,2,0,1,0,0,0,0,38,46.28
5296,fef6d7f48c81d63b12be4f53031bdbf208635cac,0,8,0,0,25,2,0,9,1384,271.55
5297,587b0b4f20bdc0415b6541023e611b69c87dba15,0,1,0,0,10,0,0,7,540,94.22
5298,9f43a3bea6a996a93f3c960801a0200b52419b34,2,3,0,2,70,14,0,2,129,157.18
5299,13fe542bccea2ac70f052017ac71b99b10dbcda1,0,2,0,0,124,4,0,12,1101,256.05
5300,5c16b34e32256b2ca4667f1bd98a8bf7a8489a15,3,16,0,0,51,105,0,79,10635,2571.32
5301,fe5712f9b4ba9c031042d861a41592183775f98a,0,3,0,0,5,0,0,10,1765,295.45
5302,5f92b91e60c6217e668be596d99065de1a0e276e,0,1,0,0,0,0,0,0,943,143.37
5303,c19bc6d6e0dee4b60f45350ab7561fd15cfead7d,0,1,0,0,0,1,0,1,942,135.23
5304,ba348cf5a575d927da186f724406747d67a7c218,0,1,0,0,40,0,0,0,149,52.99
5305,487e4aa74fcc6ef4201f6ffdcfd1a7169c754562,3,20,3,0,162,100,0,26,7038,1410.2
5306,6cc42c8cd16d01cded9936bf53bf35e6e2ff5b66,0,6,0,3,103,7,0,10,1387,377.38
5307,14fe23254a78c52bdaef0da819268c8b405059cb,1,0,0,0,0,0,0,0,0,33.21
5308,4713fc6407450825b1907c833ca60d0cc604b5be,0,1,0,0,2,1,0,5,462,104.61
5309,26893aa451215ef0395b7df16f129414b7b86c86,0,4,0,0,48,9,0,13,1210,262.6
5310,bf3924ed054a7ee05f1214af9cd695d3c036ec3c,0,3,0,0,31,5,0,29,3264,507.6
5311,3ada2345d6a50f26de85cf79b0671f906d2742e0,0,1,0,0,0,0,0,0,416,69.4
5312,349cbe102a130b50852201e84dc7ac3bea4fc1f5,0,3,0,0,37,0,0,14,1006,273.15
5313,399fddddc34802aa755e28806548e10181e5fb92,0,1,0,0,16,0,0,2,1033,193.42
5314,faefb9073f388663df91d0ef2db24b00d6512519,0,1,0,0,11,0,0,5,228,67.86
5315,7595bdfb1ac29e711047d7b45da6a74b894d6bb7,1,18,0,0,54,110,0,32,5426,1093.63
5316,293506c7cdef3e866c75a7b92558a423eb804d11,4,2,0,0,30,2,0,1,984,507.16
5317,0a227b79d6c92443752a2a0c53514cb7ef02f61b,0,35,0,6,8,79,0,20,7785,1415.39
5318,f51c79076d2d4c87443dc04bc154c57093dade68,0,1,0,0,0,0,0,0,141,29.56
5319,dd086bb22f3131680f1e629d7280ecf1978efe7f,0,1,0,0,0,0,0,0,52,18.05
5320,cba9ea61ddce7f592c2c43ffae9bac5fa0464448,0,1,0,0,35,10,0,3,72,743.47
5321,84a50393ee56d09abb68f54b44b64f5279bd33c9,0,4,0,0,57,0,0,0,121,57.74
5322,5e6373e8ecfb99bc53860fb153dd4bc7772c911b,0,35,0,0,0,0,0,0,7793,1282.55
5323,b16293b5e2d19b5d5d22549a111cda3f1e6ad55a,0,35,0,0,0,0,0,0,7793,1287.51
5324,2e2742183fac824dcf19c556fdc8ae1da326ba7c,0,2,0,0,24,2,0,5,114,59.44
5325,623fd63827b2953c150597f24c7205737119bebe,1,4,0,0,133,1,0,27,1571,340.79
5326,6a537eb8545c7dd6c01c0d911ad12e789eeab3ae,0,2,0,0,0,4,0,1,1060,185.04
5327,6b37f26280ea7e2f475f9813301543411e71383b,0,2,0,0,0,0,0,0,1060,168.41
5328,1d7c68c086de86ad15997edb5833da6013ec2361,1,1,0,0,16,766,0,2,278,341.42
5329,80b2b85ab2615fa4cd6f0cceb4d41b0b71b78ca6,1,1,0,0,0,0,0,0,294,260.57
5330,1b5ad45b8584afce8f8dc0be558844b7401c0caf,2,1,0,0,0,0,0,0,11,124.6
5331,5b75faefccee87b23344d53e65f7bf6efa957779,0,3,0,0,64,14,0,0,809,185.95
5332,fedfe878f40ad965c7eee5ea9e0960b88ea54cfa,0,3,0,0,1,0,0,2,263,73.63
5333,8ae4b374e3fa4cd54b8b83bc857d41f0678ad9b6,2,2,0,0,99,0,0,0,281,271.76
5334,db08013ebeeaa85802d9795cc72b4c29c5338a47,0,2,0,0,26,0,0,4,510,126.05
5335,b636c6b1cd454fd5758c3f2efd8b2bf5d7de4448,0,3,0,1,0,0,0,0,626,159.01
5336,04c25e0f355aaa6ded37b0477ce126a693756b81,0,4,0,0,71,73,0,0,1206,242.05
5337,e4d8fab104d6c4edc8721ee14238fcc59bd203d0,2,15,0,0,75,3,0,53,6434,1046.15
5338,43c0647c62437406bac291d57c6c8a9d067a4ec6,0,1,1,0,766,16,0,0,278,287.37
5339,a4bd2b784e6da17e7b81b8666c876ebc716e167b,2,2,0,0,1,3,0,3,1211,254.39
5340,f9b17bfd37624374904ec15b9b1300fe4ae0d8c7,0,4,0,0,3,4,0,3,1393,954.06
5341,fd37ccb63c545850c08c132b2f6470354a6629f9,10,3,0,0,36,44,0,20,1343,443.92
5342,93640bb798fcde06e928ba0b780a29fce9158223,0,1,0,0,0,0,0,0,1044,163.28
5343,abc2e61eb17f911f6beff2592b81b1165744e16f,0,2,0,0,4,0,0,0,1060,182.07
5344,168c1b1b739ae8e557f824325ce5b8a2b9a82e15,0,1,0,0,5,0,0,3,191,55.85
5345,ba4ba32b0dd5166b1cc2862e55e5c1c6eacfdf43,0,1,0,0,54,0,0,8,238,65.96
5346,edef3d64bce41fffbc5649ffa19b2cf80ce28d7a,0,2,0,0,4,0,0,1,1017,157.1
5347,e6ed79219966ce0dac3bc748261fce9478aa7550,0,5,0,0,93,13,0,40,514,186.33
5348,130817b55904155a300423cd20004dd0531d8b83,0,10,0,0,74,75,0,9,2100,529.05
5349,183fa5d2324dd136cec7b8721df5474849e9f216,0,3,0,0,22,44,0,11,303,84.72
5350,3efde85614e80967557a57b1461b22b101d8a946,0,18,0,1,82,77,0,79,5578,1217.91
5351,7b92d8c06a9eced95c4390f0dae02ebb98aa3ef7,0,2,0,0,0,1,0,0,417,90.47
5352,3f062ee23668020c15f9d06a966a0978ca9373f6,0,2,0,0,21,3,0,35,488,120.38
5353,7a6f269c4dfb6143f430f42239d10eafb5bff777,0,1,0,1,2,0,0,3,37,43.83
5354,3eee7302847b55291cc87820d96e603f5e4d7612,0,2,0,0,50,15,0,0,275,78.36
5355,6ca337cb3eb7496077285c7d9c7ab14c73735ac0,0,2,0,0,0,0,0,0,528,107.28
5356,7e7fbdb84b6173a26169ae995bf55c536f77d9c8,0,1,0,0,3,0,0,0,3,15.49
5357,42d5ef017d3d629e6ca9ee93e15ac4f0f9e00ce1,0,7,0,0,0,15,0,0,5233,791.78
5358,85c278a6a8b25ff86e22c254ffec35e945cd7c66,0,1,0,0,0,0,0,0,277,49.65
5359,5d1be4a3177da357e4495269c0f2f8dcfd6bcfcf,0,2,0,0,34,2,0,8,318,97.28
5360,460d76f623f70f8b17857194362ef351db7151ca,0,1,0,0,0,3,0,0,406,805.74
5361,fca725a899984f57a6ad48ce9ae9cbc34e8ce752,1,6,0,0,81,1,0,8,2467,442.83
5362,62f56944919b436036dcac740d8a21c56289a164,0,5,0,0,6,4,0,7,1283,245.93
5363,272b025b25fed979da0e59ffd41615bbb9e105ea,0,1,0,0,7,0,0,2,589,118.7
5364,34dfd6c9b4d398074ba9dcc8423cf8a410c4d6b2,0,1,0,0,2,0,0,2,314,73.17
5365,71a523a6197da0abe93469e13d644adb629529db,0,1,0,0,6,0,0,25,1113,187.04
5366,e640f1e76af8f32015f475629610da127897f01e,0,1,0,0,6,0,0,2,95,34.86
5367,17703f03614e0803f46eadb70a2242060d04125c,1,2,0,0,5,0,0,0,220,68.67
5368,74e82c64e5cd0b7e598997199fec432e51d8d267,0,31,0,0,129,88,0,24,8091,1489.02
5369,215290eb76925738550648b2ba9e800ccb7cf0da,0,1,0,0,0,0,0,0,143,35.47
5370,7d3456d8fd027e252b1da7578e943f146626135d,0,3,0,0,33,1,0,3,353,97.34
5371,cff1a5f1f5cc8f5e1e99c6aecb39e2e69f86bf7e,0,5,0,0,127,125,0,10,6226,973.62
5372,1713f1fcaf9d721a97bc564faaf070f2e6b0b1d1,0,2,0,0,29,0,0,14,324,76.47
5373,f5ad736282c8c9c27b14131919d60b72834ec9e4,0,1,0,0,28,13,0,1,583,133.41
5374,a63e3ac83ffb91948f464e4f62111d29adc02812,0,1,0,0,0,0,0,0,687,109.76
5375,d07ff5ec5a790282015df7329e797f0d7fd7c3e2,1,30,0,2,394,69,0,10,7226,1458.33
5376,f8eaa98962d9623f2b516cf7c48117439d1a00c3,0,3,0,0,65,1,0,44,892,213.63
5377,87ee37ceb8ea9e1ab64a5522e0eef410580b3145,1,28,0,7,846,40,0,1450,26377,6237.25
5378,951ec7a0b7ade9ea8aa0b112537a267b5ce693c3,1,28,0,0,8,0,0,0,27223,5257.28
5379,ae1f485ee8cb76965882b7a9c1c1647ec2912d08,1,7,0,1,100,19,0,31,736,244.18
5380,ff122f80b9b85176adb616306938f64fa62e963f,0,1,0,0,0,0,0,0,0,728.84
5381,bff911a8e894f59f6efe6a24f39a7aef5d689882,0,2,0,0,0,0,0,0,191,54.87
5382,66082c72244fba501390fc7a5a5228f68624c839,0,2,0,0,0,0,0,0,574,116.7
5383,5e708746b8d301c2fb22a85b8756129147012374,0,2,0,0,31,19,0,3,247,87.45
5384,60d6435ad8f0cad72a025bb9e440132d7f613705,0,28,1,0,10,839,0,1413,26391,5240.64
5385,a3d30892b41f604ab5a62d4f612fa7c230267dfe,0,75,0,4,268,174,0,40,20298,4285.27
5386,4ce6f486d063553a78ed1d60670e68564d61a483,0,26,0,7,34,9,0,4,1603,523.87
5387,1446d01e98af2366c389676c25c74c4ce89a513a,0,1,0,0,17,0,0,55,2060,285.59
5388,e6bd0c8c155eaf08bb6fe65932fad79fe345c88c,0,3,0,0,97,10,0,0,1096,249.38
5389,ebdac4b52e67614db70b59be8cd8143efe701911,2,27,1,4,118,11,0,16,4546,951.6
5390,a399ac9c4f76dccebb3476c418aac68667dee545,0,23,0,0,100,65,0,32,3647,803.54
5391,834f87b23de533783ba5f5b858327a6164f17f55,7,48,4,2,163,54,0,56,10310,2588.26
5392,b98598f3638462a55434ea1426351fe78d72f154,0,1,0,0,17,0,0,0,416,79.95
5393,88038cf473a17a6b059902e080f1bc10d338b7c9,0,1,0,0,0,0,0,6,322,57.21
5394,7e4cd5982071540fdb75698a0278aac391ccc540,0,5,0,0,9,1,0,0,1285,272.2
5395,0f614a1c44e1887ca7177b66bb6208b6e69db7e1,1,20,0,1,206,105,0,8,3530,916.41
5396,cceee1b0c3d0d1999da1d3e0d1e21fdc912d9e9d,0,8,0,0,24,52,0,2,1857,380.7
5397,3b6db2686380631027975c46b4a73478e299c82f,0,29,1,0,727,675,0,823,47091,9144.4
5398,20739542fdca185eb857813bf269d6262c11b652,0,1,0,0,3,0,0,11,81,49.82
5399,4ec69ccf3ae8701727299179ac6b5002bbd72c55,0,1,0,0,42,0,0,91,1021,185.17
5400,dad4cad30e5b0c69694ee90908ad8e74c592d821,1,1,0,0,3,0,0,1,25,774.26
5401,1566ec5fdc751897b2e931b2b0920c6d503c85ce,0,1,0,0,3,0,0,0,35,21.74
5402,ac08b992c5c85e5ab4e6062a19b66d7478ee5980,0,1,0,0,4,1,0,29,1062,188.12
5403,3f80e0ea4f101298d9dbd574ffcf388afb621d55,3,11,1,0,124,55,0,29,2521,718.56
5404,6b9b7cb8c729aa15b88c1b91c25a3d5a51bbe3ca,0,5,0,0,48,0,0,13,2445,484.48
5405,89d04094626abebf279e9f64d597a7085bfc8fcf,0,5,0,0,0,0,0,0,2493,500.76
5406,e36af70835078be14ae2dff9a302cbf3f11ee0c2,0,5,0,0,1,2,0,2,2491,488.45
5407,30f7d127c3974cff9e3058e13d7c50805ee4482f,7,0,0,0,0,0,0,0,0,151.48
5408,1d4c2452e7ed4bb25591d163c3332c34ad9eeb15,0,4,0,0,9,8,0,6,1751,354.26
5409,05de2ec5801fbba4577fb363f858a6e6f282c104,0,1,0,0,1,0,0,8,275,50.74
5410,ad2c7c6336d157d2372eebbf73c3dc0977939b8a,2,11,0,1,42,3,0,11,294,184.92
5411,5f1129c799e9c273dfd58a7fc87d5e654061607b,1,1,0,0,1,0,0,0,426,108.28
5412,dc9c2efcc9a7d0f00d738b1b7dbd59a208c5a7a9,1,2,0,1,10,0,0,1,613,200.38
5413,20d1fa36e7ffa1c8d274def831223bff9b04fa69,4,0,0,0,0,0,0,0,0,156.74
5414,598cfeb77563a3fea9d0ed467025514662e52ca0,0,13,0,1,100,5,0,29,3049,628.27
5415,931e77d4507e1650c452cefadda450e0bf3f0528,0,1,0,0,7,0,0,1,60,36.64
5416,5d2708f628d4718f6267e9da6c8cbafeda66f4fb,0,1,0,0,11,0,0,2,609,126.07
5417,7a9e10dc11877420c53245c403897d746bebc077,0,7,0,0,8,10,0,10,1197,231.9
5418,f06daaf010e8e1941946de131a11f018b8419307,0,38,0,5,221,33,0,116,12404,2473.19
5419,3d5801602da7cde1f20bdd4b898e8b3cac77f2a3,0,1,0,0,0,0,0,0,726,117.43
5420,ea8833fd63c9ef35292766f646b1e507577e46f5,0,6,0,0,45,19,0,7,492,851.44
5421,d4fc7cf2ba0d06b040dad435ab72366c4fd44116,0,1,0,0,0,0,0,0,26,18.88
5422,783e20e1a7ca2c796b8d9c9e938e5c5779aa30c7,10,2,0,1,1,0,0,0,22,537.98
5423,ce72ce998f2e9ad23329b48ab8e85912d642fef1,1,1,0,0,1,20,0,0,175,86.97
5424,06989fd1f936f905a94e6e98e462ba72704d05c4,7,4,0,0,8,0,0,3,903,283.85
5425,e4106b4c4a3b762e5c9c2b35adf3e048a3ab3b2d,0,4,7,0,0,8,0,0,903,194.18
5426,d49b1f60f4cec6f04768f28f678bf4329bfa7364,1,16,0,1,67,3,0,25,3195,653.46
5427,a2dbe31b269a9813971ffa76af400d303cb85d63,0,2,0,0,5,0,0,1,419,108.28
5428,6db1134cb7b0431e229004d48db082c2c5f8a26b,3,6,0,0,39,11,0,12,2164,491.56
5429,5e5bcceb533e6e4ded65bc778f05da213c07b688,1,13,0,0,1005,0,0,1251,23946,5530.2
5430,643ba90185f20419016080d6d32adba9fe7019dd,0,2,0,1,50,4,0,46,851,220.76
5431,d7178aa27c55ae06cfbd6db94d6839311dfb4089,0,1,0,0,6,0,0,30,316,76.89
5432,d1262331eb0481ecc128ce78590ca4ff992f94e7,0,2,0,0,73,0,0,10,5572,995.79
5433,54028140f4f19a6af81c8c8f29dda0c52491a0c9,0,6,0,0,128,42,0,38,1382,368.67
5434,f2a9dab30eb339c86222db47430f18f7abf405c2,0,4,0,0,185,101,0,14,1053,287.47
5435,21dfb61bbefeef3783150d97b54a7d219795070f,0,1,0,0,24,38,0,30,604,129.55
5436,2ed7f9bb1dbd988594f231119765e5d80714cb1d,0,1,0,0,0,0,0,0,1060,214.0
5437,395ec5a9bb48324a8b7dd61790a954a2998a8f80,0,2,0,0,2,10,0,32,1465,345.51
5438,bfae44a95235981576da0a569385fd716e613d91,0,3,0,1,6,0,0,1,627,150.09
5439,1bb9e3ae966853db8c4138b4abbe14636d7592db,0,2,0,0,37,20,0,34,456,141.41
5440,16f8d277088987dc8d4bb1614d05ce712bfc245d,0,1,0,0,30,8,0,60,542,860.83
5441,32b1064c6c372bd8b862ecbeb8877ad23e3e8220,0,1,0,0,0,6,0,0,70,37.03
5442,bcef28eefaf192b0ad48c8011f98b8e944340da5,0,2,0,0,5,19,0,8,86,61.91
5443,9b2325e16fac7f2f37ac3539aee4faf6cdb8d6a6,0,1,0,0,0,0,0,0,73,32.42
5444,902cd172f8a1ace4ad9fb35d4dfb7700fc10de21,0,2,0,0,196,112,0,32,317,184.63
5445,6d7a7fa3aa5a9dc720d4f1238ebf38c53e4875b9,0,2,0,0,32,17,0,0,237,94.08
5446,9c51a4d0c752343b3fb877bd30377993c5af643f,0,2,0,0,6,0,0,5,1166,231.3
5447,c1ac4bb8601f88eb3fe246eb62c3f40e95faf93d,0,5,0,0,11,3,0,5,164,118.74
5448,d31aedb998637ecf29f4c33e4011fca1322e038d,2,1,0,0,49,0,0,55,758,217.21
5449,d0873f5a8cc060adbc5a1ae0ed52b84a8942a868,1,4,0,0,89,15,0,20,617,226.23
5450,3dacee674c87564aad9c5b18b229ab904c21ff2a,0,8,0,0,7,2,0,4,2507,464.98
5451,dc79b3c5c91b7bc0c230199fe60eb51324770084,6,9,0,1,1144,48,0,1109,26286,5827.87
5452,ff86749caeb63eafcf10cbfba45334757a791384,0,2,0,0,4,2,0,3,2090,345.91
5453,cc1542828de93b8d54cc14497fd5937989ea1b6d,0,1,0,0,2,0,0,2,572,85.59
5454,0d06d8ddd0aa9aff7476fb6a7acd6af1d24ba3fc,3,4,1,0,51,50,0,93,1660,367.73
5455,7b08f4c8be60582cd02ba31161be214c9c9d40f9,1,1,1,0,7,0,0,4,132,83.06
5456,f792ede466eddfbcdd67b8490296bf7712f39119,0,5,0,0,0,3,0,6,514,114.64
5457,15a88d2e1bd03ce26eb3e9f39ba31e95c2b78fc6,0,2,0,0,26,1,0,38,5644,1034.82
5458,3341f13e71a25bf3f8eb5a6a57ce330b3d8a3495,1,11,0,0,461,1,0,824,23572,4812.85
5459,5152ac0e208fd5f720734fb2abf3fae07b39c7e2,0,1,0,1,0,0,0,0,28,31.77
5460,e48991970d3d584db8716ceaf9b186c46dce34b4,3,10,0,1,96,1,0,0,619,1065.21
5461,661faf6fe0833726d7ce7ad44a829eba3f8e3e45,4,15,0,2,92,151,0,52,7401,1543.36
5462,54717a6314ef6673f7607091e5f77321c202d49f,0,1,0,0,0,0,0,0,62,22.82
5463,ec4d719f1927576d3de321c2e380e4c4acd099db,0,1,0,0,5,0,0,2,658,114.09
5464,b7a67c6382995bbd71622e6aa42228a460b1ef6b,0,19,0,1,107,3,0,21,4024,835.14
5465,6a8ba22c1681915eb65b755234344ba58be408ee,0,2,0,0,40,0,0,28,88,93.5
5466,a11f5c55b4d247c3ac0950398624383ec38e6f1b,0,1,0,0,0,3,0,3,412,79.33
5467,bada19bb54a358233db2b3e23c86d215ac2dc29b,0,1,0,0,0,8,0,6,74,27.28
5468,e95358a7fc3f554dcbb351c8b7295cafc01e8c23,1,1,0,0,739,0,0,0,6370,1342.77
5469,fda317cebb5d306cabf1899e05cedb0225b2b62b,1,0,1,0,0,0,0,0,0,64.71
5470,903d876f29aeb11a290d0daed6e0778c8f4ac961,0,1,0,0,25,0,0,23,513,97.91
5471,fa730f89c3ed9244384951f7442163b6d860c215,0,2,0,0,0,0,0,0,23,26.81
5472,eb8a8c4fd9f431e86008f374f7f40f9a70c1657d,0,1,0,0,5,1,0,6,75,52.2
5473,27d3ab43efeabe2a0e1173858b6994b17b5c355b,0,2,0,0,0,1,0,0,22,31.67
5474,1a19b0ee17ce8b4fdb1aed1bdd1f2e9ee08f302c,0,1,0,0,7,0,0,4,574,99.91
5475,e770cf34174c8226eaf703c303ee3d8397c38242,1,0,0,0,0,0,0,0,0,27.06
5476,fe2c4f630d3b5f3346c9ee9f95c256186c9e6907,0,4,0,0,19,6,0,14,388,109.87
5477,bf26088d7be4386864148516b151dfb0a858c416,0,1,0,0,1,5,0,5,75,31.15
5478,ae3176b9c0f63644deffc82dc424d219c1472818,0,3,0,0,6,6,0,19,898,175.32
5479,dff5243c89544de8ed3127a7df5ec79cdab3373b,1,7,0,0,77,20,0,5,2543,605.48
5480,36675c81fb2803418191e44c7eb9560a92a23411,0,1,0,0,3,0,0,6,38,807.52
5481,a9157379a3046a9d4c377675c932257c4ecb6597,0,3,0,0,8,1,0,3,628,151.83
5482,439ca071ecbbf09d80eca840d8a7279c9dde33de,0,1,0,0,16,0,0,3,73,38.75
5483,e4e906f436894c6f7c2f8d389f43e2d3e8b6f391,0,1,0,0,0,0,0,0,76,27.66
5484,ceff3e242bc71130a7c0dea9828e6763fc0c9fec,0,1,0,0,0,0,0,0,186,38.98
5485,99df022f2c3c811dc68abb2c7a7915b47fe6f5ac,2,7,2,1,20,12,0,1,608,234.94
5486,63a2fb5143ab41d84b6b44001b63806534b26bdd,0,1,0,0,0,1,0,0,75,30.0
5487,d147f8f8f4c0c4436245ea7ea95661d22306f906,0,1,0,0,13,1,0,6,75,43.35
5488,d2e338181800ae3cef55ddca491901b65259dc7f,0,1,0,0,0,0,0,0,689,114.52
5489,8633b26ee5095e82a9792a86dc5c95a4cf23f858,0,1,0,0,0,0,0,0,689,118.65
5490,08eabb89f60b821362efaba2701ddb9db5ff8b32,0,1,0,0,24,1,0,16,400,89.2
5491,17bdf9fa8cbe920578c09c38960dd0450746fe5c,0,7,0,0,14,0,0,2,160,77.91
5492,d81fba59cfab5ed368fe888ff811a7f5064b18cc,0,27,0,8,244,121,0,5,2073,735.85
5493,8cdf4a8e03d348908883e1829b86dbe9e1b30907,0,1,0,0,4,2,0,12,661,143.03
5494,b0f52332651ecbb8af11557df5af3189c7283212,0,1,0,0,15,30,0,57,551,98.19
5495,bf859601317dbf6493818dc2a27e5e813112eb2c,0,3,0,0,38,1,0,6,156,68.64
5496,8765ffb0ca2b1c39d864ac495f0b3ee2abc520ed,0,1,0,0,9,0,0,15,230,54.38
5497,76463a36f5648f42cdcf64019a825c1e3f0c4fe1,0,5,0,0,13,0,0,4,1112,203.75
5498,45d67435adc9195325bfccc78b7e1a0202a446e5,0,1,0,0,0,3,0,14,236,47.9
5499,24370547c500df0026a71944d8be88cd5b51b23e,0,1,0,0,3,35,0,1,630,103.54
5500,487f741721eef2e1f62d026c59b67b02e8be863c,0,2,0,0,1,1,0,22,1372,948.78
5501,1592750eb108a2c35ee87aef41011e2e28822d42,0,1,0,0,12,0,0,6,99,37.41
5502,27bc559681fbdbc0961eb6a39b279b9713ed33f1,1,40,0,3,95,40,0,13,11987,2537.45
5503,4d8ea10d98f1b04921fd73086170be6b38b27d70,0,1,0,0,2,0,0,4,31,29.25
5504,7b9d88f9d7e469a97098cb45c77e7fc06f3301bf,0,1,1,0,0,2,0,0,234,66.93
5505,b6bd811c76f861b0ffaf4aeb1fc8c5a2465a8a06,0,1,0,0,0,3,0,6,38,34.46
5506,f697d2d312bc04072ccd64c231319e7e571d1aff,0,1,0,0,16,0,0,15,424,93.36
5507,e5d47a976e2b06bd7ec3383d9f86b6fd51947bd1,2,5,0,0,45,16,0,13,825,302.18
5508,5d9ffffc0783eac4ce71c956eb0699d3b1ce771b,0,18,2,0,53,173,0,18,3361,730.06
5509,5aab961a72ee7e06dc1c9638d866a671d761573b,0,3,0,0,7,3,0,12,533,156.3
5510,5e26ae043dde217aeda29d9b67e290728adade89,0,18,0,0,120,844,0,6,1035,544.18
5511,d1405322f03eb70c7bb3d5a75810c551b343e60e,0,1,0,0,0,0,0,0,75,22.54
5512,9557bc7dfa3a48b668dda379a25eeaba41d33356,0,1,0,0,0,0,0,0,75,23.87
5513,02699fe967dde00cde3fc96af782401440dfe2ac,0,4,0,0,14,76,0,4,1442,354.12
5514,36f6eb139d0dfd499c75b15e7a337d0e72730817,0,2,0,0,36,17,0,6,800,165.33
5515,33bbe43cf156f373b2d95e66edd07e2ff9ae978b,0,1,0,0,1,0,0,0,277,84.83
5516,32f49fa7fc2bcad0004e249887cc1973becc98db,0,1,0,0,7,1,0,5,565,80.67
5517,085fd765aa7bb4702a38247faae5ab6dbf161ab6,0,2,0,0,6,19,0,5,303,73.85
5518,daccb1c0c22849444cd040f8dfdbb75e49b48807,0,1,0,0,80,0,0,4,280,78.08
5519,526520de0a9d7a29fcf1b4c521f017ca75a46cbc,0,3,0,0,42,1,0,1,806,233.3
5520,cfce91e514dcb570ca1b3131f340dc01cdbd5e56,0,1,0,0,3,0,0,19,128,790.79
5521,6ad6273ddaedb7a3a21ef391d4381c19a474e3b3,0,1,0,0,0,0,0,0,28,16.25
5522,d5768d4a50d276cc56a069793e3ba9da2a3277e6,0,1,0,0,42,2,0,0,495,119.49
5523,37877e3f56b038c0821138862813e567390a9ff4,0,9,0,0,253,220,0,212,6673,1290.39
5524,a463984945717bf9cb2881c3d586d5b11d192d65,0,4,0,0,25,26,0,13,1119,204.32
5525,a545d71295e582398b2689ed09d2167d7f118cec,1,16,0,12,0,1,0,0,76,223.58
5526,f3dff052a6a74191f2520a724de483db4c064292,0,1,0,0,1,0,0,0,83,34.54
5527,2e8575bb0ff84c2c3dbefd166213124abe86cdd1,0,3,0,0,10,0,0,10,1028,238.88
5528,83f5663a229955b04a55b9b0d6cca71b4d597933,0,1,0,0,0,0,0,0,117,34.79
5529,dd955fa417e19179f4b4cec30ef5cfdf293ef29f,0,7,0,0,57,10,0,33,507,298.93
5530,de7095841760adca27b2475086d428c0d212660b,0,1,0,0,1,0,0,0,1028,154.61
5531,3b8039ed0f687bd9a37303efd9aca63757183a09,0,1,0,0,3,4,0,9,258,68.5
5532,c5a9895ada8a7505fe3dfec7298edf85e9812ec5,0,2,0,0,7,0,0,2,521,113.32
5533,19045a5ea759392b5a6b8bd8001a3dd9dd5245fe,2,11,0,0,1265,0,0,690,24041,5312.28
5534,b014ba12431dc87903cd5065b14908f6a4ad458d,1,2,0,0,31,0,0,0,196,77.42
5535,7e30436e3fa84525b85b05b9e23cb01b2ada7c12,2,21,0,1,54,4,0,53,3467,784.32
5536,ed4c734b15c83b7f6b8ec1d170abccae9de1b193,1,26,0,1,152,13,0,46,6318,1524.74
5537,23079c02bf40c318fff4f77fa9182ebdfb230e90,0,2,0,0,12,8,0,15,118,58.55
5538,fd6acbbf51998a964b6dc0c7d3ee471399a03baa,0,1,0,0,0,0,0,0,2,11.25
5539,8fcc8155042766121cb4e99433f23affe2d9ae2d,0,1,0,0,0,0,0,0,370,77.96
5540,0ea1f8122709302ee19279aaa438b37dac30c25b,0,1,0,0,0,0,0,0,340,864.96
5541,406cb58acd720d1e4dd60d82ec72760d0ad5e59c,0,0,1,0,0,0,0,0,0,12.77
5542,298721b259cc63ca13c35c1eb0cffe36fd553ce0,0,1,0,0,20,6,0,0,59,43.34
5543,d80c7e95ec7ef4811b83224a87ee6883f67f2d62,0,1,0,0,8,0,0,1,199,65.34
5544,4e876c59f4137da6f229dec4ba8c4370da3dfd9f,0,1,0,0,0,0,0,0,0,11.28
5545,12cc2005c163216c508074dccb239b3fb8bcdc58,0,2,0,0,1,8,0,1,36,34.61
5546,c8e280ec88ce3b3688e6a1f5bdeddc3d3263067f,0,1,0,0,1,1,0,8,186,40.77
5547,79607bd9f821618e25baea53a625aec1d7985bd8,0,2,0,0,27,4,0,46,3268,502.19
5548,c7efd14726e932235dff52bd73f76cb861b5b1b3,0,1,0,0,0,0,0,0,710,122.25
5549,4d1d88aa15c73bfe14911a08b0d9c1241f8a980f,0,2,0,0,18,0,0,2,3123,474.93
5550,7c11a06b25fd7c748a1ba9dee2e323e2547d9dcd,0,3,0,0,0,1,0,0,87,35.95
5551,2e8e32f74614bae9c7bb669cd536518f2d81a4e3,0,1,1,0,45,85,0,2,314,107.23
5552,445dbd8a0e45e45bd4a44dee999a6c134c374dfc,0,8,0,1,758,141,0,619,12982,2348.34
5553,2e593a9d3801a42751244ab4478650a581437875,0,1,0,0,1,0,0,2,53,26.86
5554,e37e72c1601cc2006b2587f15e5ba1f790dff64b,0,1,0,0,0,0,0,0,710,122.09
5555,587f5bc11f9d5d37557baf36c7df110af860a95c,0,1,0,0,40,103,0,2,256,100.77
5556,dadfe7da0484be81ae09ad61f976967b9893c38d,0,3,0,0,1,0,0,0,87,40.92
5557,b9639d1e82658323fbc0f8d179f63ead6ace1213,0,12,0,0,47,47,0,0,1725,416.08
5558,bfcec29dd183b0e59a17ad93037af5916300e5d6,0,1,0,0,1,0,0,0,18,42.48
5559,6143b7694cc02e905b931de86462c6125ca8b3b6,0,1,0,0,10,0,0,11,27,25.86
5560,2ff6d0fe4789857ab51685949711d755dedd459a,0,6,0,0,338,269,0,26,998,1110.56
5561,2428c5f46712ac026f2523bd12ad9ea88359fca6,0,1,0,0,3,0,0,0,123,51.49
5562,a45cb72ef23e3d1c52091a1a6376e8a3aeceed94,0,2,0,1,4,0,0,1,43,45.13
5563,99e99f3b54bb8801565fbe2a2c071da44281868d,0,2,0,0,11,20,0,1,25,41.48
5564,b63155eac7ec429d584478eed50754abc1c7d935,2,0,0,0,0,0,0,0,0,61.43
5565,657078b353f215ab02ff7ac2b449006090c0c971,0,1,0,0,0,0,0,0,1099,196.32
5566,fbd2ed2e02d3b6c7287331b345d328b9518ec6ba,5,0,1,0,0,0,0,0,0,477.69
5567,874437cc5859b09480e783651004613cabc7510e,0,1,0,0,0,0,0,0,270,57.03
5568,1458798eb593358fe5415596b2958f2f7e451ea5,0,1,0,0,16,0,0,5,64,35.81
5569,e6a271a4fb8696d8dc4e07ece9c2b5fc86f775f9,0,1,0,0,0,2,0,0,124,42.18
5570,4850757386f55d2b3acea879c33c749bee9f7f20,0,1,0,0,0,0,0,0,314,80.53
5571,118ef8b6e55d670b29921d07f9034e7dc0d61fc7,0,1,0,0,0,0,0,0,15,14.44
5572,658d25af25ae911c4409875643079be2c57c9888,0,1,0,0,0,0,0,0,93,29.5
5573,58e3e96dbda3d140355dbe723709d44d77903aaa,0,1,0,0,2,0,0,5,80,37.24
5574,e7defd7d9a76f44e3089db3fe522fe400fe6dcd7,0,9,0,1,6,2,0,4,3308,778.63
5575,e874a31d7503eb4e85dedf22788e3d9f94e03b49,0,22,0,2,75,1,0,33,361,338.07
5576,4321b63f6f62d9d213f62c5f0a249eed3862a1b8,0,5,0,0,133,48,0,43,962,266.36
5577,2996355e9417faf228a08c4ec88b951a0fcb1ab5,0,1,0,0,0,0,0,0,412,77.54
5578,aa78ebbd5a589efbf979e63e0a7e35f0e410f350,0,1,0,0,0,0,0,0,412,79.43
5579,dae1775a116bdbd4e8554da24dafa00ca8af3fd6,1,2,0,0,28,747,0,8,6403,1440.69
5580,6076ed2a127705ab9301597ee22b1bf2bbbec991,0,1,0,0,1,2,0,2,578,884.24
5581,d9ee19131881d3730f1fe5dada6160560d953284,0,1,0,0,0,0,0,0,115,38.43
5582,f1b6355fc546888816c08480c0f1b0965a244252,0,1,0,0,0,0,0,0,284,64.12
5583,57fea77074ea319024b00ea1fab9cc6f1068d696,0,6,0,0,123,34,0,43,1594,357.27
5584,ea0cf399b4b665d6a0daa0c4e616e893e377a283,0,1,0,0,0,0,0,0,124,38.07
5585,c1f0442045f44fcbb3935f9244794929a5d0caea,0,1,0,0,6,0,0,5,82,36.29
5586,c9523a569d45e9edc2c2d7b8d4d9cbf05f46a100,0,3,0,0,19,3,0,13,1211,269.79
5587,6e3b7af0efced7351163a5011a44bfc18851fce0,0,3,0,0,9,0,0,5,1103,228.67
5588,f9df3e9229ecb78abc9dd5332095d82fb390eb8d,0,1,0,0,0,0,0,0,146,33.49
5589,094d65e6f52f5b3cb1210c4abbea2fb14bcbdf15,0,43,0,1,111,66,0,82,20006,3905.84
5590,7b73899e9507374ea8023082c86077056486706e,0,1,0,0,3,1,0,5,1059,214.74
5591,39521068e8733b2df0f27832c3da214fe3b19d20,0,1,0,0,3,3,0,0,206,63.05
5592,81e2aba1f9bbe592d9d9284e701af5bedad3cd56,0,1,0,0,2,0,0,9,235,55.96
5593,74d523206532be99c04225b681b428d5ef220049,0,1,0,0,0,0,0,0,412,73.07
5594,93023f544b673ccc99fc0e327f2eca8964128097,0,0,6,0,0,0,0,0,0,76.0
5595,c21e8ed1d860f3b380b260890d04cd2c492ab0a3,0,4,0,0,5,17,0,6,688,157.51
5596,129c48430e2102bb6f71b56047a8b15b31105fd2,0,0,1,0,0,0,0,0,0,47.88
5597,b4ba615c70e89aa00ec0878d64e6e0f42e437df0,1,0,0,0,0,0,0,0,0,61.78
5598,caae3b2e5fe889d57dc69964e76faffdc16ff7ae,0,2,0,0,17,19,0,9,183,73.5
5599,f34011860e04fd1261b3b30cab0265016a22faa2,0,1,0,0,12,4,0,4,574,116.4
5600,ef7f8467af52cd1d6563ad5b1f6624be6872a165,0,27,0,1,45,59,0,52,2538,1503.2
5601,8b7796b0b661ca960463c9e16034ee8f64494dbd,0,17,0,0,77,24,0,36,5075,1053.6
5602,6875e6d4d4a2b57f49febbf7a10776bdf84b7d6b,0,1,0,0,0,0,0,0,55,20.29
5603,418c4422f7fc99ce58bd10c20090f34211da3b13,0,1,0,0,0,0,0,0,155,38.14
5604,f9efeaad1d5396e7cfca461ddeaa5931dc473f5f,0,27,0,0,59,0,0,50,2583,779.58
5605,80a6fd01a170fd2e4798eaa44f6cd3e0c7b63d4c,1,0,0,0,0,0,0,0,0,41.72
5606,df36aef23c5a4593a3160eb3937c54baf27991d1,0,0,1,0,0,0,0,0,0,14.81
5607,996866d3ae66b28aa6d25b69db7646f9847e9b21,0,18,0,0,10,6,0,18,3254,716.18
5608,f8528f66ec253fbb3c08d2c3352dd73d9832a43b,0,0,1,0,0,0,0,0,0,11.24
5609,899857609c7c2c2b0fd3fa72d3bd585cb2703e0a,0,23,0,0,0,54,0,50,2458,656.7
5610,4c04e8065f205a89b84670a9865149237499dd86,0,2,0,0,4,4,0,2,5738,944.41
5611,0f6ec611e653eec03cd3d2c516cbfcb202090916,0,3,0,0,0,0,0,0,680,144.24
5612,efb82957da09ab06f5c887b3d62ad055bbba089f,0,13,0,0,91,28,0,32,2727,636.53
5613,ec651bfc7bb004c7a14503bd6ea5dc376975bd3e,0,2,0,0,9,0,0,16,418,117.47
5614,496d20cfca5a30bc72a29e4ef893424964f9fa91,0,0,1,0,0,0,0,0,0,12.44
5615,ac746e09056192e4957766f06b4f94d7c5c34d18,0,1,0,0,0,0,0,0,101,34.08
5616,a321da2039a50cdb8e1b8588b4faa6f1689e2ab3,0,1,0,0,1,0,0,3,222,50.23
5617,f91546f2e69a0452074d781c8df5723bab1fa393,0,2,0,0,36,0,0,459,13454,2369.78
5618,e04e7402cd5df5fc7001101ad50fc2dbf8de5c1e,0,1,0,0,0,0,0,0,3027,432.29
5619,a591df1073c81a0fd1029f4a0db62d7ef8a95207,2,2,0,0,6,1,0,4,612,285.22
5620,dfa05284cfef985e806660de0a1415f0fa7c2211,0,1,0,0,0,0,0,0,640,894.77
5621,939697b415201348ff4523321e316dfaf2206630,2,0,0,0,0,0,0,0,0,156.6
5622,0e6dd3257b1bebe3e12c84aace59dd9cf0dcac2b,0,4,0,0,36,0,0,14,881,214.44
5623,210c3dd93748b5de65301f2cca2342f36e169b78,1,8,0,0,73,0,0,4,3500,638.15
5624,bae94ca9729bec2e0fe3556a31e29a2444737b1f,0,1,0,0,2,0,0,1,1241,180.15
5625,4b018d2a3988a70d98e2388d0013e63857c5e193,0,1,0,0,0,0,0,0,166,47.62
5626,273beceae213b4ea7ee60132b874b5a99ad83e4b,0,11,0,0,1,0,0,0,1330,322.83
5627,68717241040e6dad04958e49e5373887dd677dfd,0,5,0,0,62,3,0,150,15499,2613.94
5628,2288742c10e04d46212dbf70b931e460214992bf,0,0,1,0,0,0,0,0,0,32.72
5629,452e38ff8029ea403c1dcbc5ce9906d96b02f992,0,3,0,0,0,0,0,0,651,139.04
5630,4b91a6425eadc3578ec291496bbf7fde9742f96a,0,14,0,0,30,69,0,24,2037,521.44
5631,eb4e2ee9e2c0e52a02eecb1d7e58b124f55d38e6,0,0,2,0,0,0,0,0,0,43.87
5632,23fa18184cb68ca05246beb2189f8801200bdd7c,0,6,0,0,7,2,0,2,4477,701.4
5633,ebd2df723fb644e750bb8adda5a7258689d35fcc,0,1,0,0,7,0,0,1,6,24.03
5634,c575e18ab82627b5f352caa10d964828fc5c0b6a,0,2,0,0,1,3,0,3,1254,245.92
5635,47659200ac1d53590379ff431c428dffc07fd06a,0,1,0,0,2,0,0,0,63,32.7
5636,6dbb5a8052c5cbff9dfb9ebac68d3200d3543955,0,9,0,1,3,0,0,4,764,237.24
5637,7368344585ff8414a3f396398c1937602d47d129,0,1,0,0,14,0,0,6,615,129.77
5638,950050e9d61299afa9efcbece053813fdaa4860d,0,1,0,0,0,2,0,0,63,31.54
5639,9630fec2d5004601bcc64db131a422191ecc5b21,0,9,0,0,0,0,0,0,767,198.42
5640,a9a56ad508fa67d006df7a3b868cece04e10fc2b,2,0,0,0,0,0,0,0,0,913.46
5641,87cc38f9ab4ca3ae6bb4104201d3824d9505e50e,0,0,2,0,0,0,0,0,0,21.01
5642,f0176d942af26c8423d534d6b806b83817dd98e0,2,0,0,0,0,0,0,0,0,139.24
5643,1b8b612b8bcd700d491443b3d90f4f9d21060f20,0,2,0,0,0,0,0,0,6,20.43
5644,3e45755411f7cc1eb38832b48bf801f5a7947020,1,0,0,0,0,0,0,0,0,46.63
5645,ceddec9141b658c790d2fb995c970982ab082028,0,8,0,0,0,0,0,0,766,198.91
5646,9cce912de01b7f2c6e968b0c9fdaccd93e44bebf,0,2,0,0,9,0,0,7,760,139.7
5647,cfc5348b5eb60daad812e362c90c74341f10d3e6,0,1,0,0,6,0,0,0,337,87.2
5648,48be35cb7effffa0af9e9f0115e643047c4f242a,0,19,4,3,0,32,0,15,2097,635.43
5649,08963189a298504e4e4ae70a1a139112a2eba59e,0,33,0,0,201,126,0,76,10494,2184.49
5650,086bacd12d1c32a6c1c6736091334185be144a04,0,3,0,0,76,5,0,24,785,193.29
5651,0207da8cee1c4d3dd38d38ac45eda5324a713490,0,5,0,0,0,0,0,0,728,147.55
5652,1a6ec1bac65fa04a30a57891fb66dd248f3bed9c,0,2,0,0,28,12,0,0,1175,232.55
5653,a48d30984a9afad0b759aba6933e1b9807fdcd26,0,10,0,0,32,17,0,16,1605,372.13
5654,24580ace5eb3637a5f845628599c9bf890a317c2,0,3,0,0,86,3,0,35,632,158.3
5655,867a5ea188269619c3472a84bf97f5676ba3bec2,0,1,0,0,0,0,0,0,18,14.4
5656,1f62a487284b57fca505bc1b3d04c1f86b2e7d76,0,1,0,0,0,0,0,0,304,54.37
5657,b677f2e65d07194702fc181c8fd777804fa967ae,0,2,0,0,28,0,0,1,179,69.88
5658,290ecbe829662775daf7153cc0729a5465d7fb32,0,16,0,0,697,9,0,1254,22906,4295.17
5659,789f8a5a70242c16ce10bc95401c51c7d04debfa,0,2,0,0,0,28,0,1,179,59.15
5660,d6fdf92f9e5f4eaaf9300dce7f1f23adf228949c,0,2,0,0,8,0,0,6,193,824.06
5661,43506320a1bb6ca2193162edfb5dee21fffc08a9,0,2,0,0,24,12,0,6,3051,460.41
5662,bb6581345fd9ecac964e19cea2293477162801ca,0,3,0,0,0,0,0,0,313,71.73
5663,dd5f454b03b9ccd788398fa52220c7690381eb6f,0,3,0,0,24,0,0,7,313,109.69
5664,b2187c31ab8294215aab46db5dcd3b0dce4fad65,0,1,0,0,3,0,0,0,111,47.41
5665,8b67df69486222641071ebe1cd08e220d840b17f,0,4,0,0,22,0,0,10,410,138.23
5666,d738aade2ec9a837f71cdb37792e3eb516cc53a3,0,4,0,0,29,20,0,0,2039,413.65
5667,ebe5801e0081dcce7f3eb918b39161fcd2298087,0,3,0,0,56,28,0,12,343,166.33
5668,cf81b45f3771002146d6e8c4d995b12963aa685a,3,1,0,0,47,0,0,2,1051,256.39
5669,c92737c0e912563aeba2112ab8df74af976e720a,0,2,0,0,149,2,0,118,1736,369.41
5670,8dbbe96e040cdee2a94b2a0ac53462a5c8f5c233,0,1,0,0,43,1,0,1,89,49.36
5671,f0dc556b7174c18f3174c24364cc80e32195f715,0,1,0,0,0,0,0,0,132,46.71
5672,9647fee3f0f196d064879afd41b9eff51d5aa036,0,1,0,0,10,0,0,0,353,91.57
5673,6b11adbfa4aa565eff1bb141170c8e183aed3e4b,0,3,0,1,1,0,0,0,162,89.0
5674,3a1874f5c41f9aebefa1629a762b8551ee198a8f,0,1,0,0,0,1,0,0,131,34.33
5675,1f999c1e2bba62fda0fb426a168afa338b31c251,5,8,0,3,6,8,0,0,1231,359.1
5676,d8f2ac3e6ee26fc338f43c0512379a0ff98ea236,0,2,0,0,64,6,0,14,56,70.63
5677,9a91f5ac818b078526962e5c64183a2541a064b4,0,2,0,0,8,1,0,5,353,101.98
5678,daba867734b6ce09e61193e90fae2a97755fdb53,0,4,0,0,0,4,0,0,181,65.15
5679,afc5439be59c1ee74df8a6965cc2c4aad408ee3f,0,1,0,0,9,0,0,14,139,42.68
5680,1178c4b89bad28210fe8d2c207cce814d6fd9a21,0,1,0,0,17,0,0,4,46,780.53
5681,5898b95329ecc042b0798123d656013426f48d14,0,2,0,0,4,0,0,0,120,45.6
5682,0d72849581c1e5a50a2aa7757b909e5531b8d12c,0,3,0,0,11,0,0,7,825,211.86
5683,6531b465a757f8f6dad08d924c0a7a88bd52e5a9,0,1,0,0,2,0,0,9,131,36.97
5684,b280a41ba661f205eb5de33bb8e03c33e2b005d6,0,1,0,0,2,3,0,3,527,110.31
5685,3bac31b2a49bca153df3b47a198667828b61f36e,0,26,0,1,7,17,0,27,10889,1731.09
5686,999ae691559a49321138eb7718eb204435639db9,0,1,0,0,3,0,0,0,249,48.53
5687,756e6de2a0948c39a4fb3ab880dd9d182d645dbc,0,9,0,1,32,0,0,15,2712,493.15
5688,a7673ed7552542c9848d95f9492bf3a55d2060e2,0,2,0,0,0,0,0,0,590,94.94
5689,d8b30b892561126b02bd5d27dbe11a01f97908d1,0,2,0,0,14,3,0,21,3125,472.06
5690,aa41232a877d7a8485bc361fd62150d7c094e9a4,0,10,0,0,130,0,0,17,2059,445.17
5691,08f90f30b385bbf314f7fb014b810d86330d60b1,0,1,0,0,2,0,0,0,63,31.39
5692,da0cc598feab995eed12527d90805dd627674035,0,1,0,0,4,0,0,4,1067,210.39
5693,cd5ddc5fece7147d55d74117abb272cf8ea08c4d,1,3,0,0,7,9,0,5,1671,286.62
5694,bbd53b846ef6d78740f54f5cea3c73bd992dde09,0,9,0,0,0,11,0,9,2724,457.03
5695,51503efcf05be734c14200233d5f1495e4c2c3f1,0,6,0,1,12,0,0,3,336,139.83
5696,8b3d1f144408e4a7a014c5ac46418c9e91b9b0db,2,22,0,0,257,48,0,91,7812,1601.4
5697,03e4712f0ca08d57586b3fc4d93cf02c999515d8,0,2,0,0,10,3,0,2,173,69.73
5698,157a60f1b396ab9adc7f934a15352f2dbc5493a9,0,1,0,0,0,4,0,5,1067,192.33
5699,a4a44587b3f2236750569f5c032b283dc77942f6,0,1,0,0,4,0,0,4,1067,207.25
5700,c6b8e6f1ac4aebb996d793b1cae0a95dd343db92,0,2,0,0,0,0,0,0,183,836.03
5701,46198bb9a4f9c78bbf3ccb84f6ae835564ecdc7f,0,1,0,0,0,0,0,0,14,19.63
5702,c9a0148628ca71408710b9f7d68b04b8cf7a0dad,0,1,0,0,5,0,0,14,175,47.85
5703,b1462679e17f9b5827720f3c57eaeff946cfea0e,0,1,0,0,0,0,0,0,14,21.37
5704,9fb53d07c418002c8a03be1e7e664e094f304ba5,0,1,0,0,0,0,0,0,14,18.52
5705,8bf70144e40650ef972f005e2465bd0e2a087c40,0,1,0,0,0,0,0,0,14,13.61
5706,ca7a82fb5704af27459557168afc96e1193ac7cb,0,1,0,0,0,0,0,0,55,19.23
5707,48e217a7db8c23501ea4934d28e57684b82d71fb,4,10,0,0,82,15,0,145,3835,749.06
5708,7bfbb6a3c9af4b0e2853b5ea2580a05bb471211b,3,15,0,0,44,18,0,0,627,292.96
5709,0e147a9d6e53e71ad2e57f512b4d3e1eeeac0b78,1,1,0,0,22,0,0,9,253,100.39
5710,c1e0fcc26d7e7b10f6ce609e1ff0e4e9378dcf4b,2,18,2,0,40,95,0,28,2859,660.77
5711,bebcc09fb392b3494131c792520406c001dbd511,0,10,0,0,13,55,0,9,3108,661.49
5712,c15e0af84aeb4ab992482a957c2b242d2ab57d76,0,3,0,0,24,5,0,23,3334,524.8
5713,22b95aebcd7fc742412ab514520008fda5e327de,0,2,0,0,0,0,0,0,2,17.42
5714,f34d3e1d2634566959778b4ecf1fcb5cb20d8721,0,1,0,0,1,0,0,0,165,41.88
5715,555d9b70bd650a0df0ed9e382de449c337274493,0,9,0,1,124,48,0,20,2166,489.12
5716,217036d81693f3806d271f6f5d5d7d8f17823745,0,4,0,0,35,10,0,31,2144,355.2
5717,1822bb5d9578e3e650115a220132ab85e7db732a,0,1,0,0,0,1,0,0,257,130.8
5718,60d33ce34191533bb858852584bd9bddfeb16a23,0,5,0,0,140,59,0,45,1137,306.55
5719,abe30b52a8036078f833dc5b3d2b03daa2e93dfc,0,14,0,1,93,19,0,8,1942,477.86
5720,7099ab4c56518024a26f5c499a9a1f2ea6bacd6e,0,1,0,0,0,0,0,0,59,803.07
5721,a71ce6e7382e8af0c8a005897093a8ab1ac9a492,0,16,0,1,284,22,0,76,2951,748.98
5722,546ac1cbb379acb198b2debabbf14c878ffb8a33,0,1,0,0,0,0,0,0,299,53.84
5723,d78eddfdc8bad5068600e28a039276cc55063ce2,0,1,0,0,0,0,0,0,299,51.34
5724,7cab24729d4585689af745df179d6ae92b2a6248,0,2,0,0,46,8,0,4,1300,255.31
5725,48113d7572bbea2f05ae619882d43aa41827f147,0,3,0,0,15,1,0,17,217,69.31
5726,27160950caebd48b9ea45cdc579ace21d0cb47f6,0,2,0,0,89,89,0,0,742,179.99
5727,408666a06d1b2da36e650a721cdc26f0db40de1c,0,6,0,0,88,0,0,48,10188,1743.36
5728,ba04e0372da560715bb4b1aa329c0091764340ea,0,0,2,0,0,0,0,0,0,17.77
5729,86a417eeade1fc1b0a7799a48694e6f1d9b4cb1c,1,7,0,0,46,15,0,506,15140,2604.94
5730,8c921ea94f330b91d4fd55aa1706fc64b1646de1,0,1,0,0,2,0,0,0,38,22.03
5731,f56abf730f45823b2b6dd6d2daa5e33c69f3c86b,0,1,0,0,9,0,0,0,12,24.1
5732,95a13b51ee052eb73882682e8f009bfa1e914866,0,1,0,0,0,0,0,0,73,20.7
5733,0bdd6e487fa89ff614593cd3a32e690c1d380e22,0,1,0,0,6,0,0,1,360,70.49
5734,04de427e57d144caf5a9cde3664dac780ed763ab,0,3,0,0,4,0,0,0,797,128.94
5735,6fc2596ab37614fe35ccfebda0564e4721bd4b95,0,5,0,0,14,6,0,4,1561,293.42
5736,9589a7d8be4d29bffcb0c711e5bd6573e8df712c,0,1,0,0,1,0,0,0,439,99.18
5737,3de0b0417c032693e34eb7f61633fdbf042dc5b5,0,6,0,0,70,16,0,40,490,196.39
5738,1c7e9ec124ab19d3c727d8294a8022d7b936bbfc,1,2,0,0,23,0,0,1,198,76.56
5739,b8e2e4a1e7c275752177baf64d6bf01e0da8228c,0,37,0,21,2637,55,0,16,38284,9182.27
5740,5eefe1317336714b409500daaebe003f65fd87b6,1,0,0,0,0,0,0,0,0,790.11
5741,413d663f9262bcdfce67cbc902f7e3153a161fad,0,4,0,0,28,11,0,0,859,169.5
5742,de69f0df34a6cb00a9fd2e370fdf898274871294,37,15,0,0,35,10,0,48,3705,2208.76
5743,449fb81286f405cd7b373499c5db65ea61f9ffab,0,15,37,0,2,23,0,23,3717,916.44
5744,2fba25b66aabcee199719114eebafdcaf6cc2942,2,0,0,0,0,0,0,0,0,89.06
5745,1e4992c6eccb81166cdda842a68644fa962a3fdc,0,2,0,0,20,20,0,7,100,63.82
5746,92abf8ac5743849d4c32d6abf8fd33f161bab249,1,10,2,1,0,10,0,8,880,322.65
5747,07b623670647686084f8f5fd2038e2bafcfdac54,0,3,0,0,33,5,0,22,1576,324.47
5748,c1b6d47e7974a5d9d75933bab9a28572e9d95c14,0,12,0,0,30,4,0,15,2885,575.93
5749,ba54af3318a3584cdf685e6be8b5f668aff8a492,0,1,0,0,5,0,0,2,147,51.23
5750,c5f3d17ae3a61cbf77cab89cddd8303e20e5e734,7,14,0,1,28,78,0,10,4524,937.24
5751,a82f7fc94a52e941b139367f1e67c03229213247,0,14,7,0,78,28,0,23,4524,826.08
5752,9997e4ee52136a681faa825dea46bd1162d71eca,0,1,0,0,3,0,0,3,183,49.44
5753,46303dfd751912371539aa41ee8698dfb5e8b304,7,43,0,3,358,181,0,1456,29201,6451.37
5754,e8fbc9b43a3742358e0bdfe441ff4ca9d14e127b,0,1,0,0,0,9,0,9,1044,158.91
5755,7cd09bfb91e829a7595b97842e64cfd8edcd97f9,1,1,0,0,4,0,0,17,87,51.18
5756,073e00c0053cb351dbba265112a6e756c932f875,0,2,0,0,5,1,0,25,424,101.12
5757,893a54c3a40e08b6f50d753fca01688f491893d0,0,1,0,0,34,0,0,87,538,177.56
5758,d65978fceb85dd59e7fd66e2a93832a452e4c648,1,10,1,0,28,3,0,3,2813,535.4
5759,5266b0770843c57e977385d7ea1d0ea40273668a,0,6,0,0,12,0,0,2,1112,202.81
5760,3d3677932a4ec98c12121c879ac5e2ea71925ea5,0,1,0,0,0,0,0,0,199,816.66
5761,5bde960b9525f97d26f8917041d550eeb0e2b781,0,2,0,0,14,0,0,37,3044,541.53
5762,28c2b18d30de4ce9564e328e5fdf42188e83fb63,2,16,1,0,91,69,0,67,6780,1257.83
5763,6e781a1f342de069868a8a1f95f6a403a6d4c499,0,6,0,0,17,4,0,15,1278,264.17
5764,4a26644245bad6a661442f0eede6850e12d07cc9,0,1,0,0,2,0,0,2,45,29.1
5765,8ee9158b5475b7d5bb6ba646420403820fac1d63,0,1,0,0,6,0,0,57,1124,185.87
5766,894ce84b8330f9e3b1ca5b04e591c7a77cd2ce13,0,1,0,0,2,0,0,3,27,22.3
5767,da932ee38d29a13acb3e3ff6653402d4c8141d04,3,7,0,0,17,11,0,7,1530,402.43
5768,83c506d9d49e900f3d4d5feca2ded135fb19b827,0,11,0,1,103,30,0,1,1898,453.32
5769,c8b9754a5e0372f93d0e9cf1d9ce788c3d0dcda1,1,3,1,0,0,0,0,0,2333,397.37
5770,18a48af2424a9a45d24c08014d4948e3274513a1,3,20,3,2,16,1,0,3,3182,931.07
5771,df36178062dfa5146c3e8bb14d5a15c46f222119,0,1,0,0,3,0,0,0,15,24.61
5772,4ac8d4ce610a107112acb6aa070157691c022e90,5,6,2,0,13,16,0,27,1609,437.22
5773,cb17c7a97a1e2eb0ebd532f614191e4edbb9e49b,0,2,0,0,0,0,0,0,583,110.75
5774,c516968b8ccd478dcefff07d5f1d82480231c029,0,10,1,0,2,7,0,1,1627,316.2
5775,300fe5e6bfb58cbc3381ea6a04071b25334704c2,1,10,0,0,7,2,0,2,1627,340.32
5776,76bce7732633a0881ff7cb0dfd2f56f13a98303a,0,10,1,0,2,7,0,1,1627,321.51
5777,2d2fdd5a9fd122a76fc71db549b4e10985395dd2,0,1,0,0,0,0,0,0,1038,178.62
5778,79588240c60bf422fb9d9a74e0edd8b47a66b9f9,0,1,0,0,0,0,0,0,1038,192.3
5779,47fc696bc61e10386cf35644d95d2f45246d3269,0,1,0,0,6,0,0,12,38,32.26
5780,9bf26f46d1959e732a68d4e057c9a99701e5a047,0,52,0,2,129,45,0,81,17013,4010.44
5781,eb17f74b9e45146a21584f44e7a811fedeee138f,1,10,1,0,3,28,0,2,2839,560.6
5782,713c6b5b1e0b6918816b73516ff3f4859c31419d,0,15,0,0,125,47,0,4,2174,515.49
5783,93e200d52b29d35ad5a98eed9eea05783960f6b2,0,1,0,0,2,0,0,0,256,70.41
5784,b6f091e0fd02111714ae8820c8a4d3b9b4828343,0,1,0,0,4,0,0,0,215,53.54
5785,4681827d63be77eae1ee83efa7faf15b9fe214bc,0,1,0,0,0,2,0,0,178,39.73
5786,772f30fe2a66e6b7692e292c6f8f1ccf861dd5de,0,10,0,0,71,22,0,54,2200,445.23
5787,6ed3c759d0ee0549e7d9eb77fe71b39409f5e4d9,0,7,0,0,19,7,0,18,2309,521.31
5788,d6b3d838eba382f6b7734ca1f40fa58eb97a4f89,0,2,0,0,0,24,0,2,324,70.88
5789,de62ad150d393188c8c51f3608c151324c30a731,0,4,2,0,27,38,0,8,1138,273.35
5790,47c41479401ea0aadfa3c3776fe2930bb8e9710d,0,1,0,0,2,0,0,2,19,27.01
5791,37ed0f6d0815389e0b368bc98b3a01dd02f193ac,0,1,0,0,1,2,0,6,19,26.73
5792,b3b1ce99c63d79401ddda9c114850dea61af0afb,10,34,5,0,28,7,0,12,9428,2184.43
5793,0de221a19d799ad515f8f4556cacd05e6b4e74f8,0,7,0,0,96,21,0,5,1561,356.49
5794,9ec408e25b70f4ce586340b9396da67a1e38f6ca,0,1,0,0,0,0,0,0,166,47.4
5795,2cc48e039d1f800832ac8880bbc820982e0ac8a5,0,25,0,1,75,11,0,70,12475,2412.92
5796,fc5e698c0a4e9613ab9eddcfc2a2684424806c56,0,1,0,0,5,0,0,6,67,34.72
5797,243e6cc5293dc1e2a4dfd3af4ee29087c84184c8,0,2,0,0,6,0,0,5,299,81.41
5798,ed46591f30d4d66e89bc8157fc866c2aad77ce2c,4,20,0,0,151,200,0,23,11778,2482.23
5799,2f5767376f42c0416e025df412e3d5944a1b2a67,0,4,0,0,0,0,0,0,612,286.15
5800,ecf3efadc04473c36a16d85baafe9d1e3ced355a,0,1,0,0,2,0,0,0,659,934.02
5801,31f9f2fb67e4c83748d725947ed5eb2cd13df1ef,0,1,0,0,3,0,0,0,1075,202.7
5802,7b33a740b10b05b50f8e9d3b2a1ef37593cb6eb3,0,1,0,0,18,0,0,0,1023,154.17
5803,a69272efe12f7b780fbf2fa14c42d0c0b155205f,1,13,0,0,24,4,0,39,7772,1282.18
5804,d5d26f0804f0f6ed7feb4d23fbc1fddd189b2f71,0,1,0,0,35,0,0,18,163,60.46
5805,c177cfed416e0cf72ae6131c5e98c99672bef3cc,0,1,0,0,4,0,0,3,682,124.52
5806,337f4830770d87e2fe629d742a3dcc64dba0c2cb,0,1,0,0,0,4,0,1,682,124.23
5807,18eff3c1c337003b2a419490e621f931d16936fb,0,1,0,0,4,0,0,3,682,118.51
5808,b80325fb1b6ad4735c8b2cb259b1430eddefd7b7,0,1,0,0,0,0,0,0,198,46.58
5809,f4d9597e1eef3baa9266581cf762ae3b249a1dff,0,1,0,0,0,0,0,0,686,117.67
5810,8f20bc748de60f8da3ab7f66c6a198515d53de35,1,19,0,0,56,188,0,287,10517,1786.37
5811,6f6a8ed71fe98b83e8a8db974fc15b0d8597b174,0,2,0,0,10,0,0,45,3166,472.04
5812,64bac770d4cd3cb780fea58101ea79b96283d320,0,3,0,0,7,0,0,0,545,121.87
5813,7239056c78cc6eb2867c8865ab45821d3e51328a,0,3,0,0,48,4,0,64,2505,462.78
5814,efc7a0d34749091d8efa623e7424956b72d3bb59,0,2,0,1,4,0,0,0,88,62.91
5815,4e44f4f5050bf2720762f754d3756763026c0dbd,0,2,0,0,0,9,0,44,3167,488.04
5816,dfd8a31a130ffdad382a5a6923035b1142ccdb0c,1,1,0,0,22,10,0,1,166,97.05
5817,ec92a8a705dfec076a93454e1042645d466758f0,0,7,0,0,486,692,0,49,5695,1274.21
5818,a8073c4a9819953a2dd13a26bb4dd9405ac8750c,0,5,0,1,31,48,0,9,975,222.0
5819,25dfc112dd76134a9a3ce1f2e88c4075aef76557,11,12,1,0,10,279,0,8,4825,1206.09
5820,bab812df289a3bb33407446a8910e3bb5c6195e0,0,1,0,0,3,0,0,0,572,938.0
5821,df829ea7d1b4d2ef745e29d2b25b12966000eeb2,0,1,0,0,16,0,0,14,575,97.57
5822,d53318163be54ff8b0eff44402fdf5b16a233100,0,4,0,0,0,23,0,0,966,195.56
5823,2963d59ed21de246390426cbdb57c160a4f65303,0,1,0,0,5,6,0,6,585,102.2
5824,1942a99b831bb4c41c0e09d6b93df5e1d060f58e,0,3,0,0,6,0,0,2,471,113.41
5825,fec97338931f2617ddb99bf7faad67d0a0ee2ddf,0,2,0,0,15,0,0,82,2964,437.33
5826,29a192ef3cbe3b9cc12a6ee38f39e1199ac9790f,0,9,0,0,7,31,0,3,3298,650.11
5827,12982d1957d46276882e447c8fe854e0d16a17b0,0,1,0,0,11,0,0,0,343,89.74
5828,454e45f50df0038e2c67368c47f9395ebee7cf69,0,1,0,0,0,16,0,15,574,89.6
5829,1419628881698be9e7dec92424d8a5719d35c1cf,0,1,0,0,6,0,0,0,399,77.29
5830,e3aa71fb76bfdec5b1ec0b5ef31602698330f2d6,0,1,0,0,0,0,0,0,44,17.14
5831,2d8e0a0477cdfc1d13373cde54e0cd080db514f5,0,2,0,0,26,4,0,7,108,68.51
5832,e0fa176f0b3aef8f70e99eca752309810f6eb811,0,1,0,0,0,0,0,0,67,23.53
5833,d2ba87509b8d193f58183beff4ab76c7edf47e11,0,2,0,0,89,7,0,34,1232,262.58
5834,4b1acead42ffc625e398f0cd1cdec9e50f756fa9,0,4,0,0,4,0,0,4,3114,491.68
5835,630a65825ed9a9c00f72bbfcac0588e1ab0cdd72,1,34,1,0,108,112,0,19,2193,826.16
5836,8eedc967515a4d9133068962fe029160d24e6f95,0,1,0,0,35,0,0,33,1122,193.03
5837,afa63a91d6500076178312e86288ac2393800145,3,0,0,0,0,0,0,0,0,92.74
5838,ed290cf829e54cbbff740b205d41417768e04337,0,1,0,0,21,0,0,14,574,100.14
5839,e58c0385a738df63fa3fff287e1ddcfe6da1d046,0,17,0,0,123,0,0,13,2316,544.24
5840,83297f661b80af58190591c57d3cef1e6496e56b,3,0,0,0,0,0,0,0,0,881.95
5841,5e501123ca7854b18c63674029cdf3e7aeac5cf9,0,2,0,0,0,4,0,2,193,59.11
5842,11740570c1440254a76fae67d318c6a852cb56b8,0,13,0,2,128,429,0,8,1780,661.61
5843,3ba1a7fd23f0b0ca06cf7a9a04cb45975e1c7d91,3,4,0,0,13,9,0,30,654,241.34
5844,58283fa1b1b10beec62cefa40babff6a1424b06c,0,1,0,0,8,0,0,1,157,44.68
5845,f47dba74d498d5d39f124ad8ea5723c437acbc85,0,6,0,0,57,5,0,10,1343,314.03
5846,876a6ab73ecff71b9b4010a532272474ea241daf,1,9,0,0,27,2,0,7,4070,784.86
5847,6e9d355b12a1e666f4d05be02775a01b6754d063,4,0,0,0,0,0,0,0,0,206.86
5848,43f99def670551cfe314c44181c0cb9570cdaaa3,1,11,0,0,64,0,0,15,430,236.88
5849,77133fd225df9f65be87ce97b38676d2bab48a71,0,3,0,0,4,3,0,0,139,56.52
5850,538815d82a62cbcc7aaccec0a3bc4e44cb925277,0,1,0,0,0,0,0,0,852,142.96
5851,8f2bd06019869a1738bcfd66066737cdb7802ca8,0,42,0,3,225,91,0,214,13055,3295.83
5852,793babf4a4c0156f9e712a2bbf9578e2a1d6e1e4,0,3,0,2,55,1,0,18,758,335.43
5853,99955a3240c5032daae471cacebe595134f71fc3,2,12,0,1,949,0,0,833,32851,7190.94
5854,f7f96b9fb70f5b2243558cf531ab7fa51162e656,2,5,0,0,349,63,0,3,399,296.38
5855,27cf0c8c365b61fe12a9e85422e30d1f217f6b7b,1,2,0,0,0,14,0,0,78,66.26
5856,8ace5bbfcea01e02c5661f75fe9458e04fa3b60f,1,19,0,0,45,11,0,78,3839,884.24
5857,dc449436662d8520a02628c438d0da665ab6da2e,0,7,3,0,41,12,0,1,285,151.3
5858,9ad13468a0cc48567b0224eba5b0a53e833a2530,0,2,0,0,0,15,0,0,108,40.85
5859,69e442efe4c3e612d5dee6a7f4b0a408395202d3,0,1,0,0,1,0,0,0,118,29.68
5860,bab8d1527b2d1a0d99095cee7e4191a9a7f57aea,0,2,0,1,4,1,0,0,122,953.6
5861,60b81dc84859901881918d7dc686bf210e20989b,0,2,0,0,15,0,0,2,229,119.03
5862,edc5ab5af9829932108dff90a9ec6a7cd611ff42,0,1,0,0,0,8,0,0,157,40.01
5863,5e395c42941251e1557f5e304eff4f858f320b50,0,1,0,0,0,0,0,0,45,25.59
5864,f658f3ef83f191c50e602800740af464bd9b00cc,0,45,0,3,42,14,0,17,6081,1532.51
5865,4fba1c36275710d9970066310489b927e5d194a1,0,1,0,0,8,0,0,1,157,53.45
5866,7dabcf23e8dd53f563981e1e03f82336fc0a44da,0,3,0,0,3,0,0,3,889,166.38
5867,7d3a89ce8e07d9fd1c31b4bd2324b71dd10ecef5,0,4,0,0,19,0,0,3,325,122.14
5868,664575598ea81fe2a53d8d88ead4ce318ff89d86,0,3,0,0,48,0,0,4,424,134.05
5869,ef712df944b0745892bc13bcecdfd6e358a71b66,3,19,1,0,682,54,0,307,23174,4457.43
5870,d083e4f29f5ae5698be7cce8414a2c97b6800af4,0,2,0,0,15,26,0,5,349,87.08
5871,8f9e46a640ece73bb126608492f4fa7e39774a12,0,2,0,0,8,17,0,2,821,172.87
5872,4483b3cbed0c9cc17116af2407d946e605d6d627,0,3,0,0,53,0,0,0,857,181.86
5873,f30afa05d9274af2301ff7ffdbd8d6e42599ef57,0,8,0,0,78,46,0,17,1500,360.64
5874,05161fcbfdd78f5684b9cb52c49a02be5ad14499,1,0,0,0,0,0,0,0,0,30.23
5875,05c1309b3c4ef5eb2634a84339f608fc4e694318,1,1,0,0,9,0,0,7,154,83.87
5876,dfc650a953c3a43e28a72736cd397c9bd41e787c,0,1,1,0,0,9,0,5,154,63.51
5877,0f14856b01ed14eca9b1cd91087d85732b3ad2d3,0,1,0,0,1,0,0,0,46,27.43
5878,d15ae0e6abea3e25838df6f8850c9593248fe6a4,0,1,0,0,0,0,0,0,310,57.54
5879,e477c143bca83b8ec8e10c65a0e8ef526e24482e,0,1,0,0,7,0,0,1,57,36.38
5880,1c6beb3dc1a651e8d40ac0e9c7191727cf8cf413,0,1,0,0,27,0,0,0,67,841.78
5881,4f044cf6be191b462ec8b5ca3401e8ca6f956f94,0,1,0,0,20,4,0,7,124,76.47
5882,46cc3d4972d8db478c86e9848afed523cb6dc866,0,5,0,0,64,24,0,0,219,136.28
5883,7e4e8dc3e9e0edb287fe27e488736c906b1d0ff5,0,1,0,0,0,0,0,0,139,39.24
5884,9e967e5c1ddcff46db0b80fb26e1cfe083cd1bfd,0,6,0,0,9,4,0,10,1259,240.81
5885,14217cef247f5ab0f052b54fc569565137e566e0,0,1,0,0,0,0,0,0,2110,283.82
5886,ad9b91a9042607c4528ac79b2aed1254d99f6db4,0,2,0,0,32,0,0,1,401,107.61
5887,97cce850fed130aa263d61f6a3c4f361f2629c7c,0,1,0,0,0,0,0,0,61,24.55
5888,ecec35ae4e6867da3b42d674f6eccbe8a9f7d533,0,6,0,1,43,1,0,26,5747,1079.2
5889,bb5bfe82f2635eddb859f82f66c9c7d5c9a479fb,0,1,0,0,0,0,0,0,310,60.91
5890,6628d2df1183974a4e7d1ac72d73ce0810f5183e,1,5,0,0,0,2,0,0,1594,307.82
5891,eea8b38dfa0180d3e6f93d3e8055d5d4fbf673c3,0,12,0,0,37,14,0,1,2035,412.62
5892,7073f69993e446c2a63308f7827639d675a2da58,0,10,0,2,51,27,0,6,1101,365.2
5893,d7a4499dfc8b3936a0eca867589fc2b23b597866,0,10,0,0,0,0,0,0,1152,277.29
5894,b6b9910e2c768b78c8b734a40e16604d82b8de72,0,1,0,0,0,0,0,0,8,14.37
5895,75252af3a983966de9a488389987a773b59ae4da,0,8,0,0,67,0,0,36,835,273.68
5896,51259fe4a5357fadbd4b031c924c965951b3b7cf,0,7,0,0,22,5,0,0,4406,738.69
5897,f120602f1e3ac2260bce9d7925f01e79bbf0f6df,0,7,0,0,36,0,0,26,3661,704.26
5898,9eb25bd5c92619257a3ffb3bbbb090a712cf226a,0,1,0,0,3,0,0,1,156,49.39
5899,3bf0945a1149e518a49d14d4cc930383a4f311da,1,2,0,0,5,0,0,2,342,144.97
5900,3adcc750e3f843a12a0985ae64027112a9e1f9e9,0,6,0,1,27,10,0,28,1733,1237.13
5901,925c18596928bc985946ee2f24136a4b34fd21f5,1,4,0,0,49,0,0,99,20081,3494.3
5902,a2c99b133f8ad2a02e8710a4e0f9a448539cc127,0,1,0,0,0,0,0,0,51,22.24
5903,000117ad9fd7eb59074c9bb0da2cf1f9544d4bed,0,22,1,0,76,120,0,70,3855,915.45
5904,12f66e3060339acc569ee425385e2dc255bb3e94,0,22,0,0,0,0,0,0,3931,794.33
5905,8c031e9d6b39d9e385bc545215efc73a3cd6d199,0,7,0,0,2,35,0,25,3662,652.11
5906,3a6d683d63089c1986e68e531939df7328e58300,0,8,0,0,34,0,0,26,3908,739.13
5907,d2d8058ab35ec16e1f27a117aee8baa18e52a136,0,1,0,0,2,1,0,0,73,32.39
5908,dc6cd0bb7412b8746e28886d42f6708b0c5f2322,0,1,0,0,0,0,0,0,756,112.11
5909,f1d453599a944440b8a1075082e2dc7b7676416f,0,5,0,0,25,0,0,26,949,229.75
5910,797562e6c3a2131f93a1ab5d777abf1867d91383,0,21,0,0,115,26,0,30,7121,1333.01
5911,5fcadb86ab9981b69fba92e590cffc028e2b78b3,0,2,0,0,30,2,0,6,234,103.91
5912,23484785067bb4a31d5d6a180f578cee70ff9276,0,3,0,0,21,2,0,5,298,98.32
5913,47471c35e3a98ba023ef9095b90b4698fd15da3b,0,9,0,1,94,0,0,49,3697,878.93
5914,b6e1f630743a7e09f319145e357242a56580f0d7,0,1,0,0,0,0,0,0,83,25.38
5915,891569bbd92f95797033c0706c9de9617228415b,0,1,0,0,0,0,0,0,15,15.51
5916,b3fe4ed16c45e6411f7163099a8bc4c18c39779e,0,6,0,0,12,0,0,6,704,193.95
5917,8af9ed743352b0dc691d30b6902379bdef67df43,0,0,1,0,0,0,0,0,0,14.43
5918,3f3613a23485121ae72959206f4db09a0f557cd1,0,2,0,0,16,0,0,3,1132,215.62
5919,a13d6e000ddef2c524b641e04f7969950b2b1811,0,10,0,0,8,49,0,8,1103,296.45
5920,cadfb21f4bb465d1e305db2a159b8574282c8150,0,2,0,0,32,10,0,0,643,1027.58
5921,7177e4be64d134144ddc64b8635b06c7d3141f0c,0,2,0,0,0,0,0,0,627,123.18
5922,05200976110135abb60f9b879b9b830671c07141,2,37,1,0,168,9,0,38,12322,2546.69
5923,db3ba652f88083b0b1c57b4857f11fce7ae5b131,0,2,0,0,9,0,0,16,856,159.65
5924,e9c4f12856420b3089665751ea141298580f6c21,0,1,0,0,1,0,0,0,79,34.99
5925,e71bc71c84d3562c9caca8863bbb63fe85c52f12,0,1,0,0,0,0,0,0,211,56.12
5926,07c597c8a2fe4f5b2b5412eea479b75e37de8f1a,0,4,0,0,11,1,0,17,1412,270.2
5927,7f39baf0f4572ff209837d7de5d37554851ecbb7,3,24,0,1,800,125,0,232,7275,1784.32
5928,11d11d3fcc591227cccf3531b911e46c68774501,7,8,1,0,47,90,0,0,1261,530.14
5929,b865fb9434f3fc700cced9d6cdc5235794f8b5ba,0,2,0,0,2,5,0,6,426,99.27
5930,6ea4994569e05ff44e0fa571e053cef828ab57ed,2,3,0,0,22,3,0,15,450,263.5
5931,cbf9c1e116717972c243abedb53e7d26ef03cc85,0,2,0,0,18,0,0,38,367,90.32
5932,d6fd85945130516ba10fe4854ce080e5a2329983,2,8,0,3,47,30,0,0,316,258.39
5933,afdfd1bd9c938fa4b5c2aa9346e559167d550785,0,1,0,0,1,0,0,0,22,21.2
5934,21301a8a956285179b59b309a31d1155c6673e25,0,2,0,2,0,3,0,0,137,117.99
5935,ff6a3395821fd1a7857b35b11d45b81743a75e61,0,1,0,0,2,0,0,0,768,140.99
5936,8c7f044efbb8a84561d28a221343c7b65263934e,0,4,0,0,2,0,0,0,1921,320.51
5937,e1d5c3d269129cf8c313ba29d9a9f694b799170b,4,17,2,1,2574,129,0,779,31898,7208.19
5938,89d750166d32f1505c5278fd07d4fb575d6caa3d,0,0,2,0,0,0,0,0,0,20.55
5939,25419d8b18dd8f35a102614cd31b274659f747ef,0,7,0,1,34,21,0,2,754,281.93
5940,7e399883f62fd37e5215ce3a456a917e690c921c,3,2,0,0,1,0,0,0,28,925.7
5941,c93cffb95c0322fc4244fe78a584ff225bc105c9,0,1,0,0,1,0,0,0,251,60.12
5942,ac8cd373ebe81ed24cab6737154c6902c05ff059,1,1,0,0,26,15,0,0,179,94.97
5943,a9f1c4a87153002629c291312bac4b758ad58204,0,12,0,0,522,15,0,788,31081,6095.31
5944,d393603dea23306cd3f18f6dbd1cf14561d45bd0,0,1,0,0,0,3,0,0,994,208.57
5945,f60fc9d1a0625970aa2fd14d29e4c1266f9571b7,4,12,0,0,146,142,0,1,1801,576.38
5946,a146a71a332fdd58f9bf4e748861f5b050a5f22f,0,0,1,0,0,0,0,0,0,13.91
5947,e450d94a2c8655330ff1c80a757b39319d9f26d1,0,4,0,0,2,7,0,0,964,195.62
5948,e0f31ba6e68416db359d31eee21750cd7559909f,1,10,0,1,119,9,0,22,825,278.5
5949,f7d44e929fd2a8dac5f15c50c2eea1d448e92eb7,0,6,0,0,78,109,0,5,272,174.97
5950,476973654c297198e33405ff7bc588ffe213aae9,0,3,0,0,5,9,0,1,112,82.9
5951,6e3ffd03e7a27274315b859a3b624736ef0ed20b,0,3,0,0,0,0,0,0,117,62.29
5952,3abd52bdc6db926d930fd94cfce5bd7ba6fd005f,1,1,0,0,51,0,0,0,92,84.45
5953,d03cdc795c42cff13a1a9aab3ef72c3f42d9ff47,0,6,0,0,43,0,0,3,444,188.19
5954,7efb9edecbdf8b35046230575d504e4caeb80f34,2,58,0,1,46,423,0,7,12674,2715.85
5955,543e7081f548e1379bbd36a301640ef20d06ccc2,0,1,0,0,0,0,0,0,1078,186.1
5956,ae7e5e29f9be9999b495b7e30331b351b1888d8f,0,6,0,0,51,0,0,4,597,176.26
5957,d815211f5a2583e4b03c627585709872cc711b7e,0,17,0,1,31,22,0,15,1815,483.87
5958,2c26fe37ac5c2be4d7edba618cea8a605f289ad7,1,5,0,1,46,7,0,15,1514,341.76
5959,bd3b9753a9a792b402064ec4fabf2dc3c2eb41f1,0,7,0,0,3,1,0,5,1510,285.43
5960,53d7316075b02e64673b05a3a4a0db49e3756127,0,10,0,0,36,0,0,6,2262,1360.91
5961,ce318a2906817058ae7b2fce6e9b54d9d6230f9b,0,6,0,0,54,21,0,7,1574,336.53
5962,a330a2b5050f0ce9e902a6e23309d003015cbcf7,0,3,0,0,13,0,0,0,57,49.46
5963,b6617b4eb90047d51fb287643c971278ba6b9213,0,4,0,0,34,0,0,38,959,216.93
5964,a3546a37521e5171b675ab05342c3fc96ca12bac,0,3,0,0,54,34,0,12,768,166.6
5965,58f175f0ea2c824137cb428021cf89b2b0b35968,5,3,0,0,16,63,0,4,157,196.56
5966,fa215a67e20da8c1a450b16db27c73ee3f9d02c0,0,3,0,0,4,0,0,1,796,169.25
5967,6dd938c20bf4634b5efa1ceca4ded7e54f8d9c0e,0,2,0,0,3,0,0,1,678,127.2
5968,18d70bc680856877a039e6613a3493793fc5960d,10,3,0,0,8,2,0,6,1273,367.98
5969,03f3c392a3ae940f26ddef56e6991a07f2c993f7,0,4,0,0,6,0,0,0,3617,699.33
5970,9ba9cdeb4718daf6c3d1010ae60d58cb12a5a18b,0,1,0,0,0,0,0,0,104,27.94
5971,4c0587134a5334c5da401476dc510c746a301f1e,0,7,0,0,33,0,0,6,112,94.85
5972,1ecb10ce071a4b3aa6cd52bd346bf3c49437ed8d,1,4,0,0,0,40,0,0,562,181.92
5973,bfca2a460694bb2abc720a582318bee4ddc29c0f,0,2,0,0,16,7,0,5,802,159.92
5974,3cfe363f130d8d71d5588e234121bb719f3b52d9,2,4,0,0,14,138,0,4,345,213.15
5975,1eac103ead61d0614c4cce12d40e98f802589489,9,3,6,3,0,0,0,0,388,766.4
5976,4bdd47c52c62340de1ce707e6ca2c95b3660e5e4,0,1,0,0,0,0,0,0,60,23.44
5977,e8b37422c3217bf6794607e3d88d01b99321eda5,0,2,0,0,20,0,0,8,2950,551.78
5978,8a28c234318f86afb017f163375c9b05340f1aea,0,3,0,0,14,0,0,13,292,122.17
5979,47063031866e321655e63fd6c59128409c31b3b1,0,2,0,0,6,0,0,0,955,205.9
5980,730b077666ba3dc91f894ea3899fe854e6168777,0,1,0,0,0,0,0,0,1052,990.26
5981,01c0448ccd943186ba8045074a59e53f8f08c364,0,3,0,0,73,53,0,16,338,152.58
5982,ccd8888b4b5cbb5580633bc204c82edb25707287,0,3,0,0,1,18,0,5,393,125.64
5983,15631a76f5404728ee7f9683668038700f3cda4a,0,4,0,0,0,96,0,0,2997,671.76
5984,56358a0fd3e93b7ba8dc2a9cd8d92d961a1c24a9,4,12,0,0,1,310,0,0,273,286.39
5985,bbc7b903350379b3aa50b9d105ff5d43cc166134,0,1,0,0,8,0,0,1,114,39.29
5986,58c4c3d1748378960446af7f70f00c481c24b9f7,1,5,0,0,19,2,0,3,270,116.56
5987,d77972ff16ef884b6cc5651a0000789597ae68bb,0,2,0,0,42,56,0,8,3143,584.3
5988,c06a976a98f04b3c834c2d8ee2e889b7882591d2,5,37,0,0,127,10,0,52,16964,3594.64
5989,c77a153001a59954481929b629a4f78492b3da46,0,2,0,0,4,0,0,1,245,63.64
5990,6abe1879dd5776c887bf2ca704c12b3adc75713f,0,2,0,0,10,2,0,4,372,103.54
5991,f76ffb7f38f003c4e01044eddc5e1d0d970a7efd,2,12,0,0,15,0,0,0,504,213.97
5992,a8a2c516a0752ff782f8338502c8b2005049eda3,2,10,0,0,11,131,0,26,3096,715.34
5993,809ed326f0f39698c9ee7ed8847440ba89e0f5ce,0,1,0,0,0,0,0,0,852,146.8
5994,0bf065a5d52222f1a53052aaee21ee501e9d6e64,0,35,0,0,29,7,0,6,5802,1141.09
5995,0d252918f65aca8dba070f2da1d32de8b2fd1c1c,0,4,0,0,63,0,0,1,784,224.11
5996,532b914f08af31d34a9b4ede7e8f5a567a9b211e,0,6,0,0,1,0,0,0,1382,371.61
5997,48b77dbcbccf9683f4da160dedb218bef9ae8bca,0,3,0,0,33,18,0,2,562,163.23
5998,bec81b1977ab3862c424cc0e0768c5d18bda7dee,0,15,0,3,5,0,0,9,3016,745.37
5999,34e9a6ff301f40aa3f6ce33ac1b86f9e50fa6694,0,6,0,0,152,9,0,142,9118,1756.59
6000,513ca3483f1d32450ffa0c034e7a7f97b63ff582,0,15,0,0,1,0,0,1,3396,1457.57
6001,fa033b6a08020282004ec87353f743fc205140ef,5,4,0,0,18,9,0,7,444,206.66
6002,ac31ceb835b303287b367780c17723cb49d54fba,0,1,0,0,0,2,0,0,38,23.46
6003,e71ae601f7ce40c7f917141ff7a4122f6205987b,0,18,0,3,28,11,0,43,952,312.79
6004,541d1da5fee9e52f3d6dc86f754dbdec9dab1919,0,1,0,0,0,0,0,0,73,23.05
6005,a11091c49cdd67c0ad37e8a55e87f430e24da4f1,0,11,0,0,108,58,0,14,1273,375.02
6006,97ad33c6918dc39811fc86d82b38e43e60361bf5,3,25,0,1,91,83,0,1,5096,1182.07
6007,05378cbf69957b76e8559185ea20235242a8b2e6,0,2,0,0,0,5,0,0,194,71.01
6008,b75b2268046d8b3e872060505260289d8ee43dd5,0,6,0,0,46,7,0,0,923,238.17
6009,60e19f60a9767db6b145cf9884d2295412baffe0,0,1,0,0,0,6,0,77,1149,214.47
6010,1267f76e9aa9591b462f6e1ba2e50ec4dbf92f8b,4,55,2,6,185,988,0,81,14696,3572.36
6011,c9ebcd4e296a31e0da43f513db3f5a8c3929c191,0,2,0,0,10,13,0,10,463,119.75
6012,f3fee82ac42228d3c87353508fbd06d28e6414be,0,1,0,0,0,1,0,0,417,79.57
6013,c867858c4437e8159235bd64a53a900a152bb41a,0,1,0,0,1,0,0,0,417,87.33
6014,b353e388bb6bf315818fcde81f11131d6d539c70,0,2,0,0,75,0,0,12,783,203.6
6015,e0aff109018918514c8f27a8a90159e695e8b542,0,8,0,1,0,6,0,0,1717,352.45
6016,2482062d3475ae2ad9fc32f0f346e83892f81ad0,0,6,0,0,61,19,0,1,562,190.37
6017,c3223a59ffc0f4c8b0f5c7bc452677ef05cdbc11,0,1,0,0,3,0,0,7,103,40.25
6018,00e61d2cfdfbc9d4dcf845f16df88bb31a822047,0,1,0,0,51,0,0,7,187,70.47
6019,e47bfb90786df6fa794af844028a4a0f50b3433c,0,6,0,0,49,0,0,95,4568,831.98
6020,b2b3b1fa4d061b242970b335bbb87892537e5d99,0,6,0,0,0,49,0,88,4568,1743.39
6021,3bd9220f0ca315822ba2f5652add772b8c518f71,0,8,0,0,51,0,0,106,5469,967.22
6022,c1ada0a373561132a3359b48a27975b2e85978da,0,2,0,0,3,3,0,7,324,86.52
6023,5ac54e6abb4e14f3d2fb2e013a7688d7043a60d3,0,14,0,1,80,73,0,13,8342,1516.74
6024,a050e1d9f84eed0b73b5f8ca30d9d93b5bf50057,0,2,0,0,61,45,0,21,534,138.15
6025,4793988aef849625c565e1cc410af39040881f6d,1,3,0,0,4,3,0,3,174,97.57
6026,21e98271c32f0d44106515a72b2c92d518c03668,3,12,0,0,37,8,0,4,1964,533.52
6027,babdedc1b0f0159eb526fb5c9ee08525de7ce404,0,9,0,0,282,117,0,15,1004,341.73
6028,7a84ee262f5a0630009d3a9f9157e64aa1e910f2,0,10,0,0,44,44,0,25,3818,815.29
6029,d34f5d4b96e649929bb47e122611537c5726851f,2,0,2,0,0,0,0,0,0,107.95
6030,58798fc091354e4ee5ebc18f1a6896a3a8d05cee,0,5,0,1,52,1,0,22,1484,350.07
6031,8dc0ae6fb37f514a71a568e9e123dd6908c00e83,0,1,0,0,0,3,0,0,118,30.53
6032,2bb07e209e297f41e35e3773b33fdbefce9522db,0,5,0,0,0,43,0,15,1493,299.45
6033,6063afff5dd7561801565e774e83e8ca2552a6b7,1,2,0,0,24,59,0,0,296,107.49
6034,0e52ac2464afe049b14930eeb3e879698743f27e,0,6,0,0,31,0,0,80,3793,791.76
6035,0671cba65f8cbb133ee27b712dd29b09a8d99efa,0,6,0,0,49,15,0,15,1562,346.38
6036,ae42c65cfde8539da2ccdf7b482f24a83efe829c,0,2,0,0,6,0,0,0,43,30.9
6037,7130a222ce6a70ef14f1eae6c3f06a52ba4b63de,0,2,0,0,16,2,0,28,583,124.45
6038,c03ea895c4c9c9fec59e4b9e14280c5b867ff3eb,2,2,0,0,78,0,0,17,274,349.45
6039,2515b0974d84421f47a18f9e20b5fe215a95cf8f,0,1,0,0,1,0,0,0,19,15.11
6040,f4470af95db383a47d1bd431a32cd8a6949dd7c0,0,4,0,1,5,2,0,7,898,1034.63
6041,7d9d3ea38a327505a7ac1b65fd4e26072aacb08f,0,36,0,0,109,0,0,25,41168,7165.77
6042,cdd532da8aee8e30ecf389afa3584b7931fb0f7b,0,59,1,3,35,88,0,30,18008,3356.25
6043,94696d4067165b09818615809a10e609321e7f22,0,1,0,0,26,40,0,4,75,44.94
6044,43d1a999fe40ca5fd24fe57a189b10b9acfbbd30,0,2,0,0,21,0,0,4,5657,935.05
6045,fdaf3be84fc0732efba00aff87801a939612f785,0,2,0,0,0,0,0,0,903,133.61
6046,d50cf9972d0bd3e610370669345617c87416e3f4,0,0,5,0,0,0,0,0,0,36.17
6047,a1f0c1cbb3b227c9a4369d4fee45dab52014177a,0,35,0,1,37,49,0,24,9691,1910.62
6048,1a27278624d9752c376929bc97589ca1a97cfba9,0,9,0,2,1,2,0,0,3360,656.78
6049,53eb27bb60bc736f0c56c7a2facfb6e6ccb91be5,0,3,0,0,18,0,0,3,1236,217.61
6050,b557f0bec62a48753e5d01d7a47f3c9e5a6b3ee8,0,1,0,0,45,81,0,19,187,77.2
6051,cd2588001cf31ad2fb2020f9e021c9b1be1b76fc,0,1,0,0,6,0,0,7,60,31.82
6052,7e5d530870f146dfdee52e5a228ad84f0aefafd7,0,2,0,0,75,0,0,36,614,132.73
6053,fc890a2ecb12c3c664ad00f8b2f8788dba04c71d,0,2,0,0,13,0,0,2,191,52.09
6054,72d3f2a86825808af879ed77a9fafe4c42daed6a,0,1,0,0,0,0,0,0,20,11.85
6055,cb118c8de6ddb783e90c07912a5fbdd629eabf06,0,3,0,0,112,15,0,10,956,248.81
6056,9a53d8b3850f0521c3a4ad194a3b84d7f4145007,1,0,1,0,0,0,0,0,0,77.0
6057,0cbce07626b77d9aa75a16f5e52c19428865dce7,0,2,0,0,31,0,0,8,259,78.3
6058,f0c159b5fed732cdc08bd2fd924ae81677d66a30,0,6,0,0,53,20,0,11,3621,660.89
6059,e0b70c00e74aeaac33570508e3732a53daea839e,0,5,0,0,65,66,0,22,1163,228.73
6060,1125215aad3f5b149f3458ba7019c5920f6dca66,0,3,0,0,7,0,0,7,1104,996.41
6061,b21c56e7958652ca6e6daf04642eb51abaf2b3d7,0,5,0,0,89,0,0,0,210,88.88
6062,3d7840a173aab97fb72409fa8c0f161fd7ad0e8f,0,21,0,12,100,39,0,42,1243,686.18
6063,15c03fd1c97c271aca6dc30feab35ec0c9f8edbe,0,2,0,1,3,0,0,0,17,35.28
6064,76396714e1dbb3d7c65064c807f4131d0b2f11b8,0,7,0,1,193,0,0,69,816,265.35
6065,6d5a25935e5ce983e14eff576a699ed1948566d2,0,3,0,0,0,7,0,6,1104,185.1
6066,e66ecd7db68d6ef57084543d08f7774c82f22f45,0,5,0,0,66,65,0,27,1163,245.85
6067,d05a3722c8347363eb04a3e5457d13ae5d0d6de6,1,3,0,0,40,10,0,67,3014,597.32
6068,3ac4a57fd205e1909c874cabd7fda9fb176f3f0f,2,5,0,0,3,0,0,0,114,110.73
6069,d5d9b7d500c4e2bdf67abed462eeee966f7bf7df,1,6,0,0,222,0,0,59,1521,324.66
6070,d9463bcce0e36bfb67c82acd1d7483f63b2764b7,0,17,0,1,27,57,0,29,2409,578.18
6071,a7172d5611f33dde2566a4e140aeddc675a56f3a,0,1,0,0,1,0,0,0,232,48.77
6072,407aa4d4963eb0d4aa3e0950babc8cec31367e11,0,5,2,0,0,3,0,0,114,69.45
6073,031b745001c7d54ef13f3cd6d725d0eb78095785,2,5,0,0,3,0,0,0,114,85.2
6074,2093aadec1433c1376d1a9a6166e94a257a811b2,4,11,1,1,80,21,0,14,892,439.98
6075,bd45cf34762332a3a51f605798a3e050e7a1e62e,0,1,0,0,0,0,0,0,145,33.62
6076,4c885f4fdbef1efa7f4b6f43bc024db6280cde39,1,4,0,1,10,1,0,30,3530,572.06
6077,2738518d439e881ff57622b10ba835dbaab25c77,0,1,0,0,8,0,0,0,4,21.37
6078,2d0448fa84745991d2447ff78600866873b1fec0,0,1,0,0,0,0,0,0,12,13.19
6079,56c209c8aaf15997888307f8a76767858cb9f470,0,1,0,0,0,0,0,0,12,15.1
6080,fa50d456a8a05517004fec853258e4a01ca35a23,0,1,0,0,0,0,0,0,71,809.3
6081,e486d274c508bea01b93f7c3175177c35482a5f1,0,1,0,0,3,0,0,7,1176,188.62
6082,17bcf14fea2637fe0e5ca23bb0008c1cca208c98,4,4,0,0,122,96,0,40,1134,360.93
6083,61ff6ced5bea3586129fb0844bbf64b122775b42,0,9,0,0,34,111,0,39,1748,333.48
6084,ee86e91e7eb3d647c89db496baa12a332f2c0c18,1,4,0,0,49,32,0,1,302,144.42
6085,db234bf15dac9c7904a2ad50a86ac4f1a7da3ca1,0,1,0,0,0,0,0,0,184,43.92
6086,6c60bc9f6cf0f62c8557296dcab9335b680951b5,0,1,0,0,6,1,0,0,7,24.37
6087,ae5fe1e61623dd36d33cd7abc94ca5e8229a4672,1,4,0,1,42,0,0,3,1730,371.55
6088,bff35d6387e810bbd79847efceb3c17b65fdb52d,0,9,0,4,30,6,0,5,5020,1135.68
6089,114fe7a81e640b1068e450fa4a1cc20e22e50b3d,0,1,0,0,0,0,0,0,98,27.23
6090,152594560e29549642587b850320f5d66339b747,3,8,0,0,95,110,0,2,816,334.22
6091,1bad166f677ef565607c1f9660114a7a55c27b7b,0,1,0,0,0,0,0,0,439,76.61
6092,f19f1d9e99c8058f6ef5caa42c1b07a8ae1de53f,0,1,0,0,2,2,0,1,114,42.19
6093,6d02f36ac78426f178b977566c170fb2e4b3503a,0,1,0,0,0,9,0,0,1072,157.45
6094,62a4a2c02985fd7a091c441f10eacc10e29d0395,0,1,0,0,1,0,0,0,98,34.48
6095,d8902ba0e68ec7bc38a8aa8d212353c380e5d378,0,1,0,0,3,0,0,2,215,47.73
6096,5147fb12a5b7f6ba6a59e05cf07e847340cc8b66,0,1,0,0,0,0,0,0,0,11.84
6097,568e37d3831c65dfe4dc90c72fede2671b89cf7a,0,2,0,0,29,0,0,0,707,131.03
6098,81a9c1ac31333f11ad4a5defb9c625daf492513b,0,1,0,0,1,0,0,0,122,40.72
6099,65a8d77433cf72ce67e8b5e2efb35f2c2603c349,1,0,0,0,0,0,0,0,0,21.03
6100,bdb0cc8808af7c3d08af4a506f34b8341726b58e,0,24,2,0,25,300,0,506,13571,3165.89
6101,01684c3417861350a0c82cd2faba039f65ca7a79,0,1,0,0,1,1,0,1,19,31.43
6102,71c8cd5b1fe55b97becec228c13df6dd9d966f95,0,1,0,0,14,1,0,11,820,151.86
6103,76419df21d168c6fb1d7128ec50332ef5bd90fcb,0,1,0,0,6,0,0,11,119,40.94
6104,313a3d23a8bd815a7197a7225b7e7fe9614e2bbc,0,1,0,0,2,2,0,11,1088,168.92
6105,4ca4cd856ef5b4596aa43c048e2a8478d08dc773,0,3,0,1,26,0,0,10,162,101.59
6106,3de0c631050ea7dfb72fa8e1430aa8e7c0e87088,0,2,0,0,0,0,0,0,132,32.7
6107,b006e41a37de7f87b91d73407978f6b09b12a15b,0,1,0,0,0,0,0,0,155,35.2
6108,f3b3a7c9b5c5e28545fb47dc501d6bfc6a4e1cfe,0,1,0,0,0,1,0,0,150,40.82
6109,6fc71c5d31ddbff7f1cff0dbbbce27fae7d31543,0,1,0,0,1,0,0,0,184,50.66
6110,fc4b8aa89d22961feb1ab7849104e68f6e1c0153,1,4,1,0,29,12,0,8,394,172.72
6111,da09fd0781805e86db1f3022f7dadf40d886b801,0,3,0,0,0,0,0,0,263,57.0
6112,f4cec2e2027baab07537d7e193105b21ca5dc02a,0,9,0,0,37,0,0,9,3608,611.58
6113,0ea4d2f461fcd72592244db115ec5ffc72f6beb7,0,3,0,0,0,0,0,0,263,56.57
6114,d297ecdf3c236fafa28784fd2b4dc9d885953a12,0,3,0,0,0,0,0,0,263,56.03
6115,c1a559a66691c9c0055bf9c320b46e782f45c42a,0,3,0,0,0,0,0,0,58,31.12
6116,d66316fd80fbcdf8d978a22de50783d03d8860e8,0,6,0,0,0,0,0,0,878,162.81
6117,518faa735b257faabf3e8509b6c2c5fcac86e84e,0,3,0,0,5,0,0,0,86,47.48
6118,96c4054e3b8cf2554d97051eb8d7d649e601b238,1,13,0,2,289,41,0,200,4776,1099.99
6119,1d06850f40033faedc13e7617ac897a4cc27316d,0,13,1,0,12,188,0,42,4877,831.75
6120,e1d130946bd76d38fee421daf167de68d620fd51,1,6,0,0,8,6,0,4,1747,1181.99
6121,ba9286911fc08a1e2c3ec1c7e470fc77a5cade88,0,3,0,3,0,0,0,0,87,97.58
6122,424b789e0394fdc074b1725275e30b04e601b486,0,3,0,0,16,0,0,0,122,66.49
6123,13cf4fb3fc832640d385095eb4ee0b3bc7231370,2,4,0,0,200,20,0,45,2830,527.68
6124,e768c4afac059e96fae76587087cede4baa89577,0,1,0,0,80,1,0,13,282,79.08
6125,8bc4d4131c341338859eecabf4a2a3723cca9b83,0,4,0,0,0,10,0,0,1535,261.34
6126,432868b0383669d11ddef77ed61942fdf9cd4294,0,1,0,0,3,0,0,0,362,58.02
6127,6fb0dd07a81f9e5a109f23c853cd1e0fc1938c2b,0,2,0,0,1,0,0,0,930,175.82
6128,9b1ecb31f0fdab6208d376fd06ebecdc1d916812,0,6,0,0,18,21,0,4,467,140.01
6129,42106b89b10419aaa557369f4eb9c71962cd2656,0,1,0,0,4,25,0,13,161,58.31
6130,65834a1ced6632e28cd8707f2791c3da9025f01c,0,25,0,3,82,239,0,75,6287,1494.11
6131,e2566eb0ee418cc05f1633f928eaddd365c8e356,0,1,0,0,0,0,0,0,116,27.2
6132,2d93444cb0afad533c0a744cad296ef8fcfff5d2,0,1,0,0,0,0,0,2,87,21.94
6133,744248c131d344e5ddab3cfe032aad919dc0de0f,0,2,0,0,30,3,0,12,415,113.07
6134,139f0ed53cdf5e5310b034d5ccdb69c610c53c60,0,4,0,1,20,4,0,4,279,129.31
6135,bc70dc00bb05580bdc597cedf152f8add1f48d90,0,1,0,1,0,0,0,2,146,83.18
6136,d92a99da0e37563ece782f61f63745b4d8fb9bdf,0,1,0,0,0,0,0,0,420,77.02
6137,af9422c04a343730d9ed6f3cf46cd6fc9d77c04a,0,1,0,0,2,0,0,8,125,38.92
6138,97f2294bfd17f7ae762d2e72ab0f25028b78f3fe,0,3,0,0,6,1,0,5,225,63.0
6139,d22c23c396b79b54d0e33663dc69a178a7d9b104,0,1,0,0,0,0,0,0,65,17.59
6140,7f44dfd85fc1aacd451cb8514fbce6dafd3443ca,0,2,0,0,4,1,0,2,273,876.8
6141,318751cfd621cfb848d90d623fdd9db1d19894ed,0,3,0,0,15,0,0,16,689,158.64
6142,d016338e45dca183fc05f254e3e1260d04511269,0,2,0,0,25,2,0,4,600,155.58
6143,a33097e067b73be8e877b822afa90b89a0c7974f,0,1,0,0,5,0,0,5,1072,161.67
6144,5e0d97e0e95434b03ba886279180a031ed997dfd,0,1,0,0,4,0,0,8,414,94.86
6145,496fd9837a0fb199a516758a632fecfe59b0b480,0,18,0,0,79,18,0,43,2386,603.57
6146,632969787aa9e9e1d73b83449b93e21f91110b73,0,2,0,0,26,0,0,4,136,55.64
6147,9cf012cd0086e054a66f54cb54771af2381fade0,0,6,0,0,15,1,0,0,666,173.8
6148,0875c35781f1fcc06d38308b915a01791c7a6a20,0,1,0,0,0,0,0,0,380,63.96
6149,356c1307021e931e871307077f71aab79dc43def,0,4,0,0,0,0,0,0,244,58.64
6150,f292048ffd91503360cb56bb9b5f60fd47e2ebe0,0,2,0,0,6,0,0,3,352,85.49
6151,515c499f951b864035c5772906b2c0750d9a608f,0,3,0,0,75,33,0,8,736,204.01
6152,8cfaa0e72101176f00fa333e6cf6cbea7b2aca44,1,13,0,0,221,46,0,53,4843,947.97
6153,6d94925af9d2a3eb2f181d0aa1a875becf258fc8,0,1,0,0,9,0,0,2,16,23.37
6154,911706a8732262b4ce0e060900b76f84f5fdf11b,0,1,0,0,8,0,0,5,278,61.86
6155,3b3c3dc02deaeb3c2c8ca52dd204edbf87da502f,0,3,0,0,49,0,0,3,172,73.07
6156,a07892558b2edbec9b0da4c03426fe8ba8a14a8d,2,7,0,0,20,14,0,23,2993,574.83
6157,84b7010a305791c69d519d37fc0292c013e1a873,0,1,0,0,7,0,0,1,68,29.31
6158,28d8609e5de62de78b6ab7570c7fea2c8f78a856,0,2,0,0,11,1,0,5,969,179.99
6159,f04eeecffc4ec20a2cfc86ef55f6b724ecbc7e5e,2,25,1,0,740,118,0,1688,38221,7556.95
6160,3978aa3af0f16e612e0705be0983ea621cbdd588,1,1,3,0,0,19,0,0,1160,1150.27
6161,66c68f8ea369bf1a0f85978a49f14838ec345ab8,0,1,0,0,8,1,0,22,120,52.55
6162,60847a2d76163ff40df94a980e1bd3f837ff9d71,2,1,0,0,114,90,0,0,146,142.0
6163,9bc7ecfb9dec6bfe14a12b6d3bfd11392d7752b8,0,1,0,0,0,4,0,18,124,39.04
6164,a1cc2c4bfe567f16cc648e9d5e72e4d923f54804,1,4,0,0,32,1,0,1,1397,276.41
6165,a8dfd8c436edbc0df9508d2a1e5e3a89dd8a2807,1,4,0,0,0,0,0,0,1429,250.22
6166,eb43f0a5d0375a0f33a4b7b62ff91eca42fa4a34,0,3,0,0,5,0,0,2,645,134.76
6167,a0aa017ae9ec11e4668b33ac0fd1e75f5c6c85f3,0,4,1,0,0,33,0,0,1396,227.57
6168,70f330dc844af88b5bd3de69e271181e40bc58be,5,22,2,0,1466,1177,0,491,21975,4508.74
6169,431c8c9ad03336b5ab844d97adc47b8a73d7aa00,0,11,0,0,21,16,0,3,3077,579.64
6170,ce657d591114d1dab4aa4cf65698dfbae29406e3,0,1,0,0,0,0,0,0,358,64.95
6171,9d740f7b8bb8bac7a7317fa5fe80cf274c1b08fc,21,3,12,0,0,0,0,0,15625,6657.55
6172,e5f9df1e2394994323b4a5bfe2d7ba58aa669acd,0,8,0,0,166,121,0,28,1126,343.98
6173,519f87fc2bde21031f95cbb6cab031eccc4ac2e1,0,1,0,0,0,8,0,0,130,36.85
6174,6dbce2a8cb3cf5a0a07b6c3f9825a99af03a6962,0,3,0,0,47,17,0,32,677,166.42
6175,03fe257a641bc42ed98fdff3914950cfe9045f66,0,3,0,0,22,0,0,1,603,166.25
6176,cc766df28b80827f8951c2c1364443a8c5a39b35,0,5,0,0,7,7,0,5,3147,490.59
6177,cd0b85e0a814821489ddbe9053a8fc222da55609,0,12,0,0,15,517,0,780,31170,6094.34
6178,bdd7782f054a4740bb63f4d9781ffe083d51e4bf,1,13,0,0,332,30,0,971,28366,5795.39
6179,bcf409e11f081be077f1232c987d05fa78a1793c,1,2,0,0,31,2,0,14,876,190.87
6180,2df0ef549abe0ee8e58d4290193b5d69b3e8d6c6,1,3,0,0,14,0,0,3,130,914.3
6181,064271da16efd3e5d9d4787d778fa711b7f9f6ab,4,3,0,0,19,2,0,24,167,149.71
6182,eff38ccf8cf9c61f1bda1005bd19b58c960e3fd2,0,3,4,0,0,17,0,16,169,82.04
6183,abfd584fe646951a9d0b43602052bbe2b82c3364,4,3,0,0,17,0,0,17,169,129.1
6184,00c2a5da7b8794eab5e68207ea3db92c8e9d43d0,0,7,1,0,47,2,0,4,5250,831.63
6185,eef6a4834a8780037513d8fbe024671400fd70b8,0,4,0,0,35,9,0,73,2606,497.06
6186,ce88270340872b43083ee7b79ac3027557597224,0,6,0,0,204,29,0,7,1248,325.01
6187,3729320099eaaab8ef19c9772a24ae5ba868beea,0,2,0,0,10,0,0,0,1194,192.51
6188,26c042668902d297011109d4b382ebfa7007399c,0,4,0,0,265,12,0,168,20497,3488.15
6189,c29024c01780d055c38e5fe3397d93ace5466df5,0,1,0,0,0,0,0,0,8,15.1
6190,aa0235f98c1dd0f730f5e93dfc64e13a12a36f2a,0,3,0,0,25,0,0,4,821,202.19
6191,b35cf8f93a54b73389431ea7ba2d08f4aae7e104,22,20,10,0,57,44,0,13,3722,1708.28
6192,2c5a0fcf1f216ac5333a2047f6ce69797a5da14b,0,2,0,1,13,0,0,5,122,71.38
6193,78361243c862189924e26581de31909d9ff5b899,0,1,0,0,3,0,0,20,2974,414.24
6194,209b6f74c7f203ff4b5de79420d7115d89b4d9ca,0,2,0,0,0,4,0,0,88,30.36
6195,60b79e2daa41927f5a2e00b78cca855f05048f0a,0,11,0,0,1,0,0,0,2810,523.65
6196,379b86c5df783eaeb53e6913afdde92da5351ec2,0,9,0,5,78,5,0,7,1127,510.42
6197,ed87a81b4b61c4842c12572a47c97ae23773012f,1,47,2,2,225,284,0,132,8851,2009.64
6198,5cadcd59aa57c9566349dc8551c958dc974e774e,2,16,0,0,165,29,0,91,9067,1719.13
6199,6fdf3aa216d34f2f6fc1ffe7bfea94b8e4bc3f8a,0,3,0,2,31,0,0,2,336,191.87
6200,ede9940a7bd254d496b2ef493d4f35540184e96a,0,4,0,0,54,2,0,21,1578,1080.37
6201,550b937bcf0b5a7e030194cca7d90524a0fc0f3d,0,3,0,0,12,0,0,8,781,188.76
6202,5e23b3aad5fffbb564d793f1d722d152e39f628a,0,1,0,0,0,2,0,28,1189,173.03
6203,19c609fa5e2624e537a445d9204f06e56ae782c2,0,2,0,0,17,0,0,0,840,241.49
6204,e8f08ba0c7949edb4bc349718d2d6532be2f2360,0,1,0,0,10,0,0,8,154,44.06
6205,4b3e45fceb0d65093f6ca5d821eb1f2cb26398df,0,1,0,0,0,0,0,16,1189,185.31
6206,30d7eeaefe431bc263519064662e6dc8ad8ff05a,0,13,0,0,101,16,0,19,3289,714.63
6207,3c3457c6c07674db19be392a8ddc1d2de1e0f2c8,0,2,0,0,20,19,0,0,357,112.74
6208,45bb6180a3b8d915d8db88b8edf420cdbdcb4c21,3,60,1,0,381,398,0,68,13784,2820.13
6209,50f3c9572c7c9dcf276b19c137ad600f368743ec,0,2,0,0,2,6,0,1,2335,345.06
6210,1ecb0fce342ee878cf96f7a3165007192bedb2ef,0,1,0,0,0,0,0,0,1275,180.71
6211,46defe8e31278f91b5b92c24744b1839da564f27,0,1,0,0,0,4,0,28,1189,185.13
6212,2d203e6053defb52cd3629d49ae6d54460c658dd,0,9,0,0,19,1,0,10,438,173.12
6213,88956676d7e7164f3a5b0dfbb31ad67bd3d5ed87,0,1,0,0,0,0,0,0,100,29.28
6214,7e3251051313d6ef8fd173c7b530c1822667410e,0,1,0,0,0,0,0,0,0,10.37
6215,fb668a0d3f8bde2e228527a9c45d0458ea7597e8,0,10,0,0,1,3,0,5,1231,269.23
6216,285e104176bf848dc81657ac5358ad3beb49cc57,8,13,0,1,38,31,0,10,1615,509.61
6217,65c03b058c7b4a74f991acc07958be5e7d0e05e6,0,3,0,0,2,9,0,2,132,57.06
6218,d5080e82fb47b5499b72fbafbbc52f4f432622d3,0,1,0,0,8,1,0,1,195,62.89
6219,7145e46b7afd6d76df1ef001557c7b60bfc6055b,0,2,0,0,4,0,0,0,570,124.14
6220,a1f760ff763bacbfcfd6eb80d5076ec35e3b27e3,0,7,4,0,282,94,0,3,890,1087.8
6221,e637a61e26aeb442ea1c1593fdbd0b15b48f5642,0,4,0,3,7,3,0,0,288,145.18
6222,642d2fe0f8d82b8ed5b9738baca0c1e2551272d4,0,2,0,0,41,0,0,26,3126,597.41
6223,cb02be38ab20ec5343fc9a7450bed33461e38f10,0,5,0,0,29,56,0,0,319,121.24
6224,abc64fa69fcdff41611e1b4bd64e67f54617a28a,1,2,0,0,2,0,0,0,875,200.54
6225,ad16676f9218b5ae3f693f8024e538e1f15e0e9a,0,2,0,1,19,0,0,0,562,208.5
6226,34b668b0a9e02ffb05cb4e25127dee674482520a,0,1,0,0,3,2,0,4,56,32.91
6227,1ca849269d35494e4adcb4868b4e78e9c6502de7,0,1,0,0,0,0,0,0,232,46.82
6228,f174fec391f604f56c12cbc3ad6062d7fe640866,0,11,0,1,45,17,0,25,2158,486.45
6229,2aae923c32528667644c57085a0180bede1ad262,0,1,0,0,0,0,0,0,695,133.33
6230,2f7b9b5423ea7a5783197f049e5c15f4d544abeb,0,1,0,0,0,0,0,0,695,127.29
6231,897631f8d194911e0004b9c98d4040e9794bb2e9,1,3,0,0,42,48,0,5,149,119.0
6232,91fee265cfdd59f49fc0e3132af74bdae58f6f8a,0,3,0,0,7,1,0,5,806,155.18
6233,97b164ac3892991f23fe8a02581ef30336cf5909,0,4,0,1,34,7,0,2,503,163.79
6234,32c21f45942f9f45e34b28df47180fe6498fc337,5,19,0,1,265,62,0,24,4126,1398.0
6235,c11923d8aafbb12a5a837b6e099e164ac5270f8b,0,4,0,0,19,6,0,1,782,195.05
6236,cbfd6eecbddc8833b11aada3658e589c1bf099d6,0,25,0,1,22,67,0,55,4560,1051.38
6237,dda8f67b2cc9f6ef4ab434beea2a47d461a20a1f,0,1,0,0,2,0,0,1,110,42.39
6238,9cbe516b1f63bc8ed1635412da902b6a90ab09db,0,1,0,0,1,0,0,0,56,28.55
6239,8a692ff189b577dcda85141b7ead708a997dd4ec,0,8,0,0,33,4,0,13,2367,451.0
6240,44c9021d67b0e922e1d2f5f53908742aceab6c80,0,1,0,0,1,0,0,0,72,818.62
6241,b1ee8a88c3c1ab9ae32984e0f579812cd30a9b5f,0,4,0,0,6,0,0,0,862,162.37
6242,0d99e827b22f1aedb8595a5d8b76a6085dc5a654,5,2,2,0,0,0,0,0,101,202.16
6243,a63ba09c99fdc5f61a251a11987d33672fac1d65,0,3,0,0,37,0,0,0,135,97.9
6244,e0aee7c74f8c75f2b831a682db6e8152e958bfd8,0,3,0,0,0,37,0,2,135,89.71
6245,1b9af2a2fa1abc4757e8c033c1f2c59906db35a0,1,4,1,0,0,0,0,0,550,148.63
6246,7eaba369e745f8095204a39a037c1d96ae7deac6,0,13,0,0,29,6,0,14,1880,388.4
6247,950d547dae684155020edb879a343bee1bf18e97,0,4,0,0,26,2,0,4,1577,281.97
6248,0d05c75184557d0961aacb0a6923cf804ff2a74c,0,4,0,0,6,6,0,1,114,72.38
6249,c000f29e47b9a6a7ffa71848f0df3d5c1a72312e,1,4,0,0,339,38,0,31,1244,360.54
6250,c66bb48ce87139bf08db21b45677099ea9dba603,2,1,0,1,13,10,0,10,46,146.48
6251,9cb0094bdbecf95455388278430833188bf021ef,0,1,0,0,5,0,0,17,359,84.81
6252,647a65ce01d695bd181c8c5029c4ddd63cab9692,3,7,0,0,17,141,0,0,1993,422.41
6253,2acd788dced837b2daaf66906a862baa6e5b08fa,2,1,0,0,3,121,0,0,571,208.01
6254,4a4f8e704903f02dac38d584ab85a472a9f3d2ce,0,10,0,0,32,9,0,15,2612,545.3
6255,7b95ac117da53ef72a9511e806b2304ebe8a0922,0,4,0,0,0,12,0,0,856,150.67
6256,45af3831fead400115d32552615ea1f11629b03d,1,11,0,0,388,137,0,11,1027,438.32
6257,c536c85116c98c8f55c8db11ee561ec5e7ff04ed,0,1,0,0,26,2,0,0,555,137.09
6258,5376106d05cd5d5a49a4fd65d90de442777883f9,0,1,0,0,6,5,0,7,559,90.02
6259,847955427528bb9edff44fb6b2969fc9dfd8b9cc,0,1,0,0,6,0,0,3,29,26.75
6260,e30a66b9443618f04ad8cb0aee96ac77b174338b,0,3,0,0,0,3,0,0,215,874.65
6261,5c7fa12ab31d840955454c76d72b799486036313,0,1,0,0,0,0,0,0,96,33.78
6262,2fcc691b1680b15bf500840a67d1dd28d5e0a438,0,1,1,0,0,1,0,0,17,17.36
6263,f6ccae350203ec35f3b7acd75431a5abd7e9f5a8,0,32,0,0,129,224,0,39,2538,1157.35
6264,0b6eccf4c3273dbe4355e179e94814dc6131d87b,0,2,0,0,2,0,0,2,1785,363.48
6265,5e905c02d9ddbedc06cb53e94c8c873aa8032145,0,2,0,0,17,0,0,8,706,128.19
6266,ab07f0087b8c5efcb1b084e42f4941ddb0c8885e,0,1,0,0,0,0,0,0,227,44.78
6267,b6ba13c37715422710a142f6f82ba4817129c3d6,0,4,0,0,37,3,0,7,945,200.05
6268,78af20944cbe2a65148da1457f1de87cff884858,0,1,0,0,4,0,0,6,726,134.89
6269,7363a76660583492c5c037113ac06cfef92e034e,0,1,0,0,0,0,0,6,730,135.62
6270,fc224ed0eda20f876b3ecd3a858e919afa30ec12,2,6,0,0,12,73,0,3,669,207.66
6271,1574c6ef39ef8e624e5caaf9c378fffe480b0702,4,7,0,3,141,14,0,76,4219,799.91
6272,d7e5c6fa8e9c562d1d66b2da0edb5831b51fe013,0,7,4,0,0,92,0,41,4268,709.84
6273,e11aafae957bc8d71cb622833011f29325049987,0,4,0,0,78,4,0,54,927,226.71
6274,80d8b2100d9f4dc2a01ea6bdbded6ec52d7e4263,2,4,0,1,57,49,0,3,121,243.52
6275,6f072809eee22a04be35a013ede41986484adc04,0,5,0,3,0,0,0,0,464,188.25
6276,3642287b2f86a7c88c140bc9d9e35a9bff7253c4,0,5,0,0,0,0,0,0,464,132.66
6277,552400e53641991d959da4e27042b2157172e373,0,5,0,0,0,0,0,0,464,161.79
6278,c57acf28e7cabcfcbce8ae0006080088cdc47f50,0,2,0,0,24,0,0,0,286,78.23
6279,8855670cd701fdf9c2ab41907f9525d122608e6d,0,2,0,1,2,0,0,0,1126,232.83
6280,a602aaf9baae779ac654fcb0fcedfdc9f8acc6ce,0,1,0,0,3,11,0,0,144,889.04
6281,77b327320a72ca01b35f655c42f8c13f659dff31,0,17,0,0,93,55,0,28,1715,496.63
6282,4c6a98bd767f3bec4d2e6107016267a09d58dd12,2,16,0,0,0,111,0,2,1599,457.8
6283,8ef6c76344127f2f4d2f9536d87fa6fc7b5c7132,1,3,0,0,153,24,0,3,519,232.62
6284,da3abbcb3528f42292855851df6de3bfdfc2c106,1,1,0,0,1,0,0,0,135,83.5
6285,56be3ac7c8d203710f844cd799f2fa3496f0515a,0,1,0,0,0,0,0,0,0,14.06
6286,e782d0bbdf265fddfcce5754cf11112e2dbcc4ea,0,3,0,1,17,1,0,2,713,192.13
6287,216e8473668c1a2f5cfb5c5bf05284d4274c8548,0,3,0,1,9,0,0,2,799,172.96
6288,e19632a19abc52a983d444811852bf0f11cd0d0b,0,7,0,0,13,6,0,6,553,216.34
6289,2597217ae5aa057e1931c772139ce8cc7a2b3efb,0,1,0,0,1,1,0,4,25,21.93
6290,2cf8907db53b84a0118acc1edd1dfb9b37abe8b7,3,5,0,0,44,608,0,12,1745,655.53
6291,1a1003a482d9bfb725fbe1097c794fdb043dcd81,2,14,1,0,255,27,0,111,5673,1362.72
6292,b2eac0da33c4161aa8188213171afb03b72048a4,0,6,0,0,74,12,0,17,1579,351.16
6293,4faa8ea934ba5d9cc8ea4eb0d1e64a38a5e6dc7d,0,1,0,0,1,0,0,0,1079,166.7
6294,6eb6225456f13cce3ab641007737b9ffb0193f24,0,19,0,1,37,9,0,33,8027,1486.06
6295,9c58d26d3bd5bd4e10be1084a24a62ed25722689,0,1,0,0,1,0,0,3,65,41.77
6296,c5b8aababe18f65f5db979128a62d8a0686b9dc5,0,5,0,4,16,0,0,0,658,329.16
6297,348eb2834a2a2d4b12e3dcf435b0fb2c47a85237,0,2,0,0,78,29,0,25,492,193.5
6298,08d9a2b6629162b0cd031e4473dbbf319182b51a,0,1,0,0,24,15,0,4,374,95.25
6299,22dcce571cbd6d06587f7e4b7fc7bb5787f9bcde,0,1,0,0,6,0,0,9,398,90.52
6300,6624c676fe7043a95b47f84db4b21df0728ce359,0,1,0,0,9,0,0,2,770,1022.81
6301,c67983ebf88d449a67bccd8b213237362a4093f6,0,5,0,0,4,1,0,4,3689,634.83
6302,593fb750835ebf5e74cdd42945d65fcf71b32c1e,0,5,0,1,93,10,0,0,1229,336.16
6303,7b0acc292e1854b09c6cedc4dae1f6dae07779bf,0,1,0,0,0,3,0,2,46,28.25
6304,19bbf44554886652ebf4a67487a27c21bf0e1ea7,0,2,0,0,23,4,0,0,374,99.04
6305,2ff2c0ba6eb99f2c700b4d1f185d63fa71da05fe,0,1,0,0,3,0,0,9,1079,218.33
6306,07ed15598bcc618df74f51c3c3950c543daea788,2,2,0,0,6,23,0,3,95,117.27
6307,96c5a02217c5e0f89983ca216915b88ea07c175e,0,2,0,0,0,0,0,0,1130,178.54
6308,191afc8eb1cd9457242773606cfbf732f17449ec,0,2,0,0,12,7,0,7,1123,203.46
6309,946c1ed8f89967b1f036ee3b0dcc296082eee487,0,1,0,0,34,3,0,21,215,69.88
6310,d2ed74cbc68b5f14447fb4a4dad94655f3294b29,1,2,0,0,9,62,0,2,211,120.08
6311,50b051ade1d38bba0b936db1c751e5045bc103cb,0,14,1,1,58,25,0,37,3882,963.14
6312,eb112783ae11dbb23f74f453f22a0301c6b2b11f,2,14,0,1,79,18,0,20,6035,1430.31
6313,2c7211ec4bd6d83e498ddc82e60d70f411140ee0,0,1,0,0,5,3,0,3,171,63.28
6314,fcef2c02c99a0fd62135aa86e95a03edf1fef3ce,0,8,0,0,21,13,0,46,3195,616.81
6315,09a31bd1e9476106d9c4700e850627f5b2822c18,0,4,0,0,2,0,0,2,1931,357.7
6316,3896d9ed0a87c77330f3f2c998a6fdafe272e2d6,1,1,1,0,6,0,0,4,398,167.98
6317,da37fd9cdc9cd3bffa6a863be45dff4ba49be89e,0,1,0,0,0,0,0,0,14,18.07
6318,890e3f223f778395ada0c008b90630259b5a7e7f,1,1,0,0,72,4,0,0,25,78.13
6319,b9ec59ebbe0ea392bfe742a9f3774d9447722d42,0,1,0,0,2,0,0,1,457,116.48
6320,219c7864575be3ab0a1f67ddd48c5852377c2ed2,0,10,0,0,68,12,0,518,20404,4633.14
6321,aa4a678ebf7e54f84432ec36f3a3e4dd6359315f,0,1,1,0,4,72,0,1,25,80.31
6322,d127d64266baed275a15d39407585a3bca4f6f15,0,2,0,0,9,0,0,11,131,91.6
6323,0f6c79eb123e43133df4f4ba2a123029d62580dc,0,2,0,0,13,0,0,2,204,65.42
6324,b644e0fb8d725b9a09665d7b92544eb32155c689,1,13,1,0,44,20,0,7,2282,644.02
6325,63808a224c8689d07e55f90efd25f9597b0d04dd,0,1,0,0,7,0,0,7,2783,583.9
6326,bf3c928b7499797735f71974992b68c9d876b97c,0,3,0,0,31,0,0,0,170,80.03
6327,c3c82f3558b80b23c8f997d5bacfa78de384208a,0,2,0,0,6,0,0,8,136,69.09
6328,ec0adbd2c0fbe8e367521f85fdd7f94d5a886757,0,1,0,0,0,0,0,0,3013,475.09
6329,250ad644e4445a948d1fdc09a3e292a9dd05ffa9,0,2,0,0,11,0,0,16,787,199.68
6330,7d0a6a82ab5dde6b11add5a6b57a497e3f151d04,0,3,0,0,97,34,0,26,2938,713.23
6331,9e0c2562a95638600781cb894c0ae7bb404573ca,3,6,0,1,31,9,0,12,1232,405.58
6332,b952e64751d309e920bf6e44caa2b3d5801e3be8,0,6,3,0,9,23,0,11,1240,290.12
6333,6a9b57b39520780441a236df3bb8d4ef208c4edb,0,1,0,0,0,0,0,0,779,154.01
6334,617dfe18cdc287ea5886e5a9567c9abcd6c0fa28,0,7,0,1,10,7,0,11,1351,379.54
6335,5bc518b38717413c844968a29f817b5c99b9a136,1,6,0,0,26,10,0,3,1698,435.59
6336,b548d4978b0bdbfc6bd4e68c3d13e00f8ea4002e,0,7,0,0,42,61,0,5,4635,1138.33
6337,58e843dae22963e119d6bdc5563921a3e1712812,3,21,0,1,66,16,0,8,2385,734.06
6338,912ed1728683e68cf06c9a30cde0d0f89e87a880,0,11,0,0,34,16,0,0,2225,544.47
6339,97c13338313b6ccf75f3b7988e97f0db5bf5e177,0,1,0,0,14,0,0,27,249,59.25
6340,da5fb27eabed4a4b4d251be973ee945fb52895bf,0,6,0,0,166,163,0,20,406,1048.22
6341,fb2c89b1b3231f80f15437e4a66febc7229ecc79,0,2,0,0,77,111,0,31,538,199.09
6342,96d34f2a79bf977d83f0b9814b253669e6c6e671,0,6,0,0,53,88,0,46,6782,1286.39
6343,62bc0901236267937b1fd7ebe4f1cab8a6033def,0,3,0,0,21,6,0,13,1300,308.68
6344,c7cae6be3dccfaa63033b705ea9845f3f088aab6,0,2,0,0,47,3,0,11,342,118.62
6345,c930bc92f4f2beac4fe1f9a4f6364648317e1eee,0,2,0,0,0,0,0,0,389,87.93
6346,0af10f89426dd97a1d599e29f1e301e74f9f9e99,1,2,0,0,42,0,0,0,383,207.49
6347,e06c3676f1273f033e3e185ee9c1ec52c1c7cb31,0,1,0,0,9,31,0,0,59,36.86
6348,8a8c60889cf67b581d7adb4245e0bcc02cdfdc93,0,2,0,0,14,0,0,0,345,88.1
6349,b8173a548c6bcc86cd4ca77b40bcabe3f0bd85fd,0,3,0,0,4,1,0,12,1181,211.75
6350,bc7e034052dceddd21a8d45ea7b9b131f46a01f9,0,1,0,0,5,0,0,11,836,144.96
6351,bbc274626748b0b567116a3c7426b194c8a1ad97,0,1,0,0,1,0,0,0,222,57.12
6352,fef3c908d33e6bc100a988e7ab9eeb6d4d2d61ea,0,1,0,0,0,1,0,0,222,68.57
6353,eb52e26822125028587201728f19caff4ae69976,0,0,10,0,0,0,0,0,0,61.4
6354,662a1b241f05f93aee9a5b05d7929a482a5bfcd5,0,6,0,0,114,20,0,42,1565,330.89
6355,f77ff9f96f62222962baa3c3091ac5226fad7adb,0,2,0,0,0,0,0,0,220,74.11
6356,b76b75142df215db8a8b144cf3e7ff00327e9800,0,2,0,0,3,4,0,6,175,67.42
6357,a46134bffc21da91853c4288375e9d4bd00a177d,0,12,0,2,155,575,0,1991,39402,12831.62
6358,92ef234486537b4325641ce47f6fde26d9432710,7,10,2,2,213,374,0,24,2706,897.65
6359,f11aa4542f8f5489823fb72d1e9bc98e5cc6d742,0,2,0,0,4,0,0,0,1039,237.14
6360,193e0d60246441a00ef96a3f4b92b7cfd3b4cb1f,0,2,0,0,0,4,0,0,1039,1088.46
6361,9b13514483991889cd6ebe097c3c8eb0e7983e6d,0,4,0,0,44,0,0,49,6043,1229.71
6362,e1923b7c0c14b435ea0d9eb306d968f1927a0c6e,0,1,0,0,0,1,0,0,3041,502.08
6363,9a94dc90b4a53ca9d82c662f19c0369d3cd9aecf,0,1,2,0,21,7,0,7,591,140.66
6364,4127fd2a7c66f8365586d3c8446f10bf04232ff5,0,3,0,0,8,0,0,0,4080,733.43
6365,39d43ab779a90f28273426ee2887daacaa6b1f48,0,3,0,0,20,2,0,25,775,203.47
6366,5f75fa0c4f660939d5eea10e3f5418386e90cea1,0,9,0,0,10,8,0,0,5087,978.41
6367,62c84115ec5bcb8303cd650f241a9a34c4de4a7e,2,8,0,1,116,116,0,1,1870,443.43
6368,f555b5be9c4574be7969c734270bd8922f522391,0,1,0,0,1,0,0,1,3042,532.08
6369,13baf4d37a7d3b4b0194dc616c8ac15959efa18f,0,4,0,0,0,44,0,45,6044,1157.2
6370,b972839ca159dc0f873a63e389b898270bf65a9b,0,2,0,0,2,7,0,0,178,75.72
6371,fb15e3d4f580d69ed207e35828be78848cb44300,2,0,0,0,0,0,0,0,0,59.31
6372,0f384158fc3aec9672f4aae4c18fa4d47965567e,0,0,2,0,0,0,0,0,0,16.98
6373,3a0dbf71a9d510bdde2b68e7989ee663f9c7e699,0,2,0,1,6,0,0,0,50,72.05
6374,109db38b6ad091b23593ee46b1e919136aed7886,0,3,0,0,32,0,0,4,465,145.92
6375,bda5fd5a11f8fa127bd0dfdc10e88cd49d51b201,0,3,0,0,0,8,0,0,4055,701.76
6376,1e3d8c822608482b9dc34040fd19333979d1a607,0,3,0,0,8,0,0,0,4055,705.24
6377,c6e9dabe625b910b3b140d9234710f6e8b968b37,3,11,0,0,231,146,0,41,2887,764.0
6378,73e945670270de187be337037f75577ccc1a770b,0,4,0,3,32,0,0,0,68,113.91
6379,10840a51e851d3ea50749a9527310142a967dab3,0,3,0,0,21,14,0,17,455,146.24
6380,b4f6ebde24ef60b35564734067e300c8fc6258af,1,12,0,3,93,49,0,9,2197,1518.04
6381,acc606571bca4e82aec7136cff64bf6187dd71f7,0,3,0,0,16,0,0,0,94,73.33
6382,0d40a52ee82651866ad124183367edb4d9c52dda,0,1,0,0,26,0,0,42,3016,497.29
6383,bb6cc4d43e36fa1d558c6ece2c5c6d1ed414db0c,0,11,0,3,123,68,0,37,2030,669.8
6384,6c89c6251ff611c2f10bfd6f8c9f8a2d717dc71b,0,1,0,0,4,0,0,1,594,97.04
6385,72db95388664fb23314b2e6bb437b961c797f579,0,4,0,0,95,17,0,19,434,193.07
6386,ddc84356dd05b50352edbe75125a9a2c6d025689,0,3,0,0,37,0,0,0,110,100.5
6387,82a2384187180990e1863746bf1793b4409cb305,1,2,0,0,39,6,0,7,201,134.17
6388,d9ee25e82a13d7df1ae097e0f3ae6d12dc9e94fa,0,2,0,0,10,0,0,0,227,74.85
6389,674511875d513ca3c031e63987288c45dacf56d9,0,5,0,0,41,0,0,9,923,221.94
6390,c02b672e8367cb2258c92637fd1d57bbe4767e44,1,1,0,0,0,22,0,0,368,97.83
6391,52241c90e4eab19b6613278d2e8107ab56c8a57a,1,3,0,0,30,30,0,39,557,235.69
6392,553373671b736540a6f53de4f57fc5e0ca7373a7,0,3,0,0,29,6,0,3,870,179.22
6393,0ae211eb399e5524196d89af8eac1941c8b61b60,5,11,0,3,863,41,0,198,4086,2051.15
6394,ac415f85f3dd0ecf01a655f3b72351a4b5c675bd,0,2,0,0,0,0,0,0,0,16.57
6395,2f4c91e41a79b6e4b7fd59b1015d55d3825fc040,0,3,0,0,10,1,0,7,483,127.8
6396,97cb1d71bc4f426ceca1de86b86bafcd9799be20,0,2,0,0,0,0,0,0,0,15.44
6397,3584537b0776b7393d24141dd624fa7551591964,5,3,0,1,20,0,0,2,187,200.64
6398,57184f446d3f35de9df06497e1972710b4e10264,0,1,0,0,0,0,0,6,730,150.38
6399,a4d48b699f6280ba971572523c3da4486e341fb3,0,1,0,0,0,4,0,5,726,152.79
6400,988d1f9bc955de53b9bf520b69be5bedc51f4f7e,4,12,1,0,392,235,0,25,1103,1392.11
6401,4533bb63cf24b13ba3bdb00cb2aa65f1e42cf1a8,2,4,0,4,355,0,0,0,1852,1056.2
6402,c4be87d0508cda019c15f929396d053887bf0e5e,0,1,0,0,160,128,0,0,292,123.49
6403,caa1a8494aef3f87a76d5d4942daa953219df4eb,0,3,0,0,29,14,0,10,411,132.22
6404,9875c699afb552d8190df81750e4496677925417,0,2,0,0,16,0,0,14,559,145.09
6405,36aa41685685f6b7d10fea63787cb8adacecc2e7,0,1,0,0,0,0,0,0,0,18.47
6406,9c6d123b224f63d8456680dcc5c701d04954634e,0,1,0,0,0,0,0,0,0,15.46
6407,8e2d410195b1797e2d7e647db431e4fde98aeaba,0,1,0,0,0,0,0,0,0,15.13
6408,bbe88d942ec4ac673cdaf266d4bf7e15d2b334d8,0,1,0,0,0,0,0,0,3042,444.56
6409,c7c45f2c85cddd860a293fe9364b2b7ab0ab5bba,2,12,0,4,81,24,0,11,3657,1079.35
6410,1eae9aeeac0d20f84902455f14047580f86327f2,0,2,0,0,13,1,0,3,1238,238.85
6411,cd3dd6e018513357d2cf0b5bba073f5a6551f7a4,2,12,0,0,0,0,0,0,3738,882.85
6412,5cee6a39c21966bd82f5778f55295559cd663a31,0,12,2,0,13,68,0,0,3670,852.92
6413,a3f14906017e5bb3ef1cf06b66855b661ef32602,0,3,0,0,6,0,0,2,280,90.24
6414,d0e61b0e9ae3e998074834c500a663f9412629bc,1,0,0,0,0,0,0,0,0,79.71
6415,a9526f6fdb12efc7d6195185cfc2c8e6aa927af1,0,2,0,0,40,0,0,5,102,62.0
6416,738ff821dd092a1206cb39f6a024620df5710256,0,0,1,0,0,0,0,0,0,20.32
6417,ad0e862f78d1bc772e3fa313491bac38018ada3f,1,0,0,0,0,0,0,0,0,59.8
6418,3283bc7c91b61b9687ba6f98e1a28ef6ab81e432,3,4,0,1,0,0,0,0,288,153.11
6419,e108a4f815ba3a8130f6613109d23a774ac50f16,2,38,0,4,1734,250,0,569,37828,15130.24
6420,6127753b65b7724d7a7cbbc668b89f665700f94c,0,5,0,0,52,41,0,3,313,1142.55
6421,9607409fca41edf9484876ddff8bbd6ee9becae5,0,1,0,0,0,0,0,0,48,29.87
6422,17dfa34cfb8e2ec62ea33ee9cb23d47e1fe56dff,0,1,0,0,4,0,0,8,187,70.01
6423,e820e64272220cccfe403814606c1f0b17f287ca,2,4,0,0,50,38,0,41,4054,828.17
6424,ba6d95232401ce533fb8c121ade7f4a864d06f12,1,43,0,1,147,214,0,43,13514,3141.83
6425,45a2594249dcb624eca664c09fcfae414916ac6b,0,12,1,0,115,317,0,25,1123,417.77
6426,6ce05d44e5f6c78df1eae79d682b49ae7d410a89,0,2,0,0,0,3,0,2,399,105.34
6427,79073cd40c3b9a32d4509381c9d2763be42045ba,0,1,0,0,0,0,0,0,101,45.78
6428,6cf9333e978eb91d54935abdd6ebe9152e4ea183,2,7,0,2,207,7,0,2,189,288.78
6429,d4cbff58cc67577ff66507b5d2bc0c7150bbd21b,0,1,0,0,12,0,0,27,263,61.16
6430,fe47ec81f937ad168a3fc26333090733dab9d8f5,0,2,0,0,2,0,0,0,86,34.04
6431,681b7da19698ab31aa7ed9dfa0754803c23da53a,0,1,0,0,0,0,0,0,236,48.89
6432,791052c50a902bda35aed30d6421fb09538119fd,1,1,0,0,0,3,0,5,30,36.37
6433,1c07d1d59187910dd74cfd62137754cb477bc98a,0,1,1,0,0,0,0,0,30,24.11
6434,b7293bf5ad7263b2d835c565f59fe1ccb38d23c7,1,1,0,0,0,0,0,0,30,26.07
6435,6b957b69a7e0b1a01385a2b7be42dd995784dd06,1,4,0,0,115,0,0,20,809,231.43
6436,b1d1dc856952176bd45fea88175a62c65e55004b,0,3,0,0,15,0,0,5,2406,401.07
6437,9564849ba181391d9716acb0172d241675ff25f2,0,1,0,0,3,17,0,5,25,32.31
6438,bb0fc6b602a62045e9b4eb9b617a322b9cf7380f,0,18,0,0,20,10,0,14,4845,1067.87
6439,c82fc6e0b2eea7be601a2a6f7fed5e4f4e0bc81a,0,1,0,0,0,0,0,0,204,44.73
6440,281bf9a222a3eae006198fb067f227721f723996,0,5,0,0,7,1,0,26,3784,1574.75
6441,05ee54f665281beaf2291cd1f568bdfac2fb700c,0,4,0,1,6,0,0,1,1512,312.58
6442,00ea7aeafe6f0070dedf86a296eefd5d3c453077,0,10,0,0,14,26,0,11,3099,693.35
6443,7e05d0f161baef581d06f0dd978c3333d2e9b28e,0,4,0,0,3,2,0,6,481,141.6
6444,8b4bb34ec29317da0d7c75c8bb6af89f420d880c,0,1,0,0,0,0,0,0,80,27.61
6445,4ca668dd11aee2a4b4d862ff30080dce2ac6a7ab,0,1,0,0,2,0,0,0,114,36.99
6446,28de528c6ea19c261213ee229381a18ed3b5ef94,0,7,0,0,0,0,0,0,280,81.62
6447,e8e658ed384a5eca5c221e5dd3ebe8bfb947cc59,0,7,0,0,0,0,0,0,280,92.72
6448,e33fd427e4f217612807ebdc6199d23cccedb49f,0,7,0,0,0,0,0,0,280,82.15
6449,f3bed5b0d98b3cb895e81b20f5e3017081b74972,0,1,0,0,0,0,0,0,275,46.29
6450,fd6b0b3dbfd232589b779325d4283082574cdd10,0,1,0,0,0,0,0,0,80,24.78
6451,97ce30d47eb1dc96eabda21bbe00639a0418a86c,0,1,0,0,0,0,0,0,80,22.46
6452,e60a7f6e7d25f86adeed4f0e61d3cd25ec29b0ae,0,1,0,0,0,0,0,0,81,29.69
6453,6b334cd817e37a3727160cc754187e8f40893ced,4,4,0,0,909,58,0,99,5503,1550.11
6454,59d7b47e60da12e0de8da35f07921582ccdccd80,0,1,0,0,0,0,0,0,393,81.37
6455,004f0abb461cc3ef704824568256bab84b1aa8e7,2,2,0,0,13,0,0,0,135,115.91
6456,b143f6e4a3b3b019623e33fc07561977cda5c90e,0,6,0,0,12,180,0,123,12048,2457.11
6457,0998af01df4b221793f7799922a4b088d951d39a,0,2,0,0,1,0,0,0,57,25.89
6458,03bc884ea085197a651b50ddc21f575560854f1c,0,7,0,0,3,23,0,86,4584,797.77
6459,533470f8c879174d023140a80d2b6d548685733e,11,4,0,1,279,127,0,45,1188,747.44
6460,3b629d632ae660b618422b3e2f67533a6fdc7106,0,9,0,0,174,129,0,46,1319,1323.48
6461,de3a51263d16b14c334b44306751b16b59173b86,1,2,0,0,17,4,0,13,621,241.79
6462,8192a6b6ee16676662ca05aa83e6eea62da08533,0,2,1,0,4,17,0,7,621,145.0
6463,7f08cd0e104f386881f21c4e7148b3b969d8b675,0,4,0,0,32,29,0,50,976,254.12
6464,fb4c50966e4364cd3b34aeee26e026c3f09390ef,0,3,0,0,27,0,0,0,631,178.21
6465,8a6d6aa23944bbfd5047cf0c09fb4d8045735dab,10,9,1,1,73,55,0,0,552,496.16
6466,fa838b020df0235e9bea448730b3bd034e9bfb65,0,6,0,0,40,0,0,3,468,170.73
6467,dba7ec1b69992b040d699ff9699f9b12d42fc053,0,2,0,0,12,67,0,15,326,103.31
6468,9250bf809155ebe93fd6ae8a0485b22c744fdf70,0,3,0,0,14,2,0,12,793,210.63
6469,c3685760f004450667920144f926383eb307de53,4,25,2,0,209,19,0,70,6581,1526.13
6470,3f1f587266d999eba3adcf7986e68c4fa0f42a82,0,1,0,0,1,0,0,0,65,32.54
6471,4d1bff9e78884adf689dd587d65afe36a336c56b,0,1,0,0,0,0,0,0,1263,219.33
6472,fa7ed58e1bddc51d339587df99aa929aab53d7cd,0,8,0,0,67,79,0,7,493,210.51
6473,ab55bad89995c5c34ab0e57e6d5fb9b6b799dfb0,0,4,0,0,2,54,0,22,644,154.35
6474,5753d18c705d55e207ef56154ac5f4512d1b01dd,0,3,0,0,5,5,0,4,674,176.5
6475,4dfafd6e508e2e32c6a44e1957065abe2dd65fea,4,6,0,4,1226,27,0,244,29562,17463.6
6476,72438c02237bcaca10939469dc160f0820b5d2aa,0,1,0,1,1,0,0,3,95,97.77
6477,a8ee83c092c5ff22923ac359f2969b6601a01ca3,0,1,0,0,27,126,0,21,1121,229.61
6478,3e9d1a19e25e3e9a2eba87869682cf1cb9023626,0,1,0,0,0,0,0,0,0,13.67
6479,98b4181f43a22c678ef66b6f568f6f19209720b5,8,13,1,0,275,86,0,209,4797,1246.82
6480,50e9825139d9abfd280eb7a930c8c6a96e9e68a6,0,1,1,0,59,63,0,31,567,1164.99
6481,a3a56b6380eedaab60d1dfdb993070d045f87045,0,3,0,0,20,0,0,8,3223,570.15
6482,af4e4b6450e8976c4fd57526649d0cd87b1b825d,0,2,0,0,3,3,0,0,734,165.05
6483,bb645bcfda74ad1f96b16e6e47543d44fbca5a98,0,2,0,0,26,0,0,3,3243,604.57
6484,768b4119dae6069d4dea7f13018d89aeb7017ce4,0,10,0,1,87,170,0,147,5186,1101.05
6485,549c8d835a4a715e231827ef7674bff5ba2646af,0,1,0,0,0,0,0,0,0,14.4
6486,7ff7b88db591523d100e72ad8cb0d1e0fd2b99a7,0,1,0,0,0,0,0,0,43,67.18
6487,c5172169f23e20fb4df55f803dad115a47164be9,0,3,0,0,126,27,0,27,1230,273.31
6488,47a4e3437bb637522525c0baf3d04a11c0546980,2,30,9,0,64,205,0,86,11296,2630.05
6489,b297f2dae1cf1ef9a6c0aef30977ff1dcc3db9ee,1,1,0,0,3,0,0,11,1242,254.63
6490,6ff19f94fe70f5815214c0d228c748a56468e8b9,3,18,0,1,49,129,0,0,954,444.27
6491,92b494f117e8de9b4cc30f419e49abd16c37d504,0,1,0,0,0,0,0,0,0,18.23
6492,511398f43a8e0d663a1dea5c8cec0b76396f7d40,0,1,0,0,0,4,0,0,217,54.88
6493,9f5b8a83b70cfb4aaf1e22be666a2516a0aa50ac,0,2,0,0,34,0,0,34,3269,674.06
6494,c50a79a9eea06b592a73d7f689f2f85f025298bc,0,1,0,0,10,0,0,8,86,49.59
6495,01d3473bf09487977689626e7743697544808c2f,4,13,0,0,50,23,0,1,479,333.0
6496,cc03f7ad5320d9b91cd65e0630501d08d341ad74,0,13,0,0,89,0,0,0,435,189.5
6497,346e904a210540ffe11863547319c51a233b43f7,0,1,0,0,0,0,0,0,0,10.91
6498,219d8a1b71e3e1db36e63c1ab61cba09fb00898c,0,1,0,0,20,0,0,10,372,108.25
6499,3f7f1c135385c68243309a99e5f5459b1695dae6,0,9,0,0,131,93,0,0,1864,478.21
6500,030054bcce58a3e0e495233e04338502bed42166,0,8,0,0,68,122,0,18,6340,2126.14
6501,ad857d1b77abb2f4b767238585d305e4712f82eb,0,1,0,0,1,2,0,7,331,80.2
6502,bbb81a7ac376b93249d5994fe23eb205510076e4,0,1,0,0,77,4,0,0,754,197.12
6503,4b62a52ebcf401d872e6872cf25bdb4556758983,0,1,0,0,13,5,0,16,281,79.21
6504,51d9bac42b30c2b1a81094970a1ce50f70de3192,0,2,0,0,15,0,0,0,276,77.74
6505,d87df9209a5d0ec035b8f6ddbf437193dcbb8515,0,1,0,0,4,0,0,0,556,118.98
6506,7bcbac91a2385cd3009bcc277bb0f4d94084c926,0,5,0,0,43,0,0,0,247,115.48
6507,7c43a23c07d2af1c236b3153ba932234c3a80d13,0,8,0,0,72,48,0,9,1208,374.64
6508,b71509151e6b079486f9ac76762279d70f1aa0ee,0,1,0,0,30,14,0,21,452,118.26
6509,00b302435536974bc56e72deb406002c3b13669e,0,1,0,0,23,0,0,15,190,64.48
6510,b3d8d06703a34d48d1fd14ab2c77439ce9cfff6c,0,5,0,1,29,21,0,19,467,152.67
6511,8adf6857c7a4ee6b7cb1ebe9dd53af56fe7f61e8,0,1,0,0,3,0,0,0,163,43.86
6512,f2e363b589827eeaad2c22a39b96be714c0e9d41,0,2,0,0,39,1,0,11,382,137.53
6513,37d7b571287ea185b2f6d9a32e40b0fa10afcee2,0,5,0,0,7,0,0,9,945,197.44
6514,e7d16db2ac06127498d0a056e6b07cbc1cba36bc,0,1,0,0,19,1,0,31,159,58.14
6515,b6f5d5b85ff518defc9ffb64cc1d1ab2669783d2,0,3,0,0,22,0,0,1,507,160.68
6516,b2086873a95b6916d66c1c6734fa0e130c5aff74,0,8,0,0,305,297,0,82,2500,643.65
6517,15fe3d3279e84d9db41b29b5f8ac7ece31490fc3,0,2,0,1,0,3,0,0,102,84.97
6518,1f3c6f4c077b0cf2baa40134bd2384ff417749c9,0,7,0,0,113,53,0,27,2187,530.93
6519,eeaea4aea3dcd3e9e2ec5a05d77fd1dd0f06382b,0,29,0,0,38,56,0,38,8892,1668.4
6520,0a2407784146fbbe24d9ef0101599591a5aa9c21,2,33,0,0,1976,2977,0,2302,53576,14908.87
6521,3b72b69d0e3636eb68d8489c0427b4b4cc2c34cb,0,2,0,0,17,0,0,0,1276,245.11
6522,cb5c4c146f50da6ba75368c2d3fd7ca2d47a532a,0,1,0,0,0,0,0,0,1263,200.25
6523,4b3ffffa097e5a62063e6bc92bec63bcd91bbef6,0,11,0,0,123,19,0,3,2021,572.37
6524,9c13219f0d142051bb31f3523f2f5b8e7f231d90,0,2,0,0,11,0,0,7,412,99.88
6525,f3524a06bbb224b2fb9ceb3675016cf83830f0fc,0,1,0,0,2,1,0,7,331,76.95
6526,4a20361f1a235e0365c7923e64d20b28166cfd4b,0,1,0,0,1,2,0,7,331,82.34
6527,efcd15bf67f155e29b337886fe38eadfce75ffc6,0,3,0,0,8,5,0,4,313,91.93
6528,03423fec6bbb16e049bd1294ec439cf56fd0e785,0,1,0,0,0,0,0,0,260,57.89
6529,f74e051bce94200ae99c7d97c913c1bef658f53c,0,3,0,0,34,25,0,0,382,139.48
6530,c73180d45620287ffcdeeaca57484465d5a3b30b,0,1,0,0,20,19,0,1,505,127.33
6531,c7b8b63cd1fc19e3be722ae6c71791d04ef48b9d,2,0,0,0,0,0,0,0,0,77.98
6532,0d6b872d9dca4c040a172eed7b0153ece36c0a0d,0,3,0,0,15,0,0,7,430,121.9
6533,e10baacd3e3e0c46ad4a0473990b682ed834c5f5,0,11,0,0,5,7,0,49,5969,1011.93
6534,94302a3d26702b4ba07af76bf249298edf9118e4,0,3,0,1,1,1,0,0,2573,444.63
6535,1c8822ddff02c0b4f64b42b316900f2a970ff098,0,1,0,0,14,0,0,0,8,25.73
6536,39653862a4d24b5309e972ca38554a7f81bc94fd,1,10,0,0,19,3,0,11,2088,444.76
6537,3190605801fb18ac1c0d47fdc8964a93fab0d8f2,0,1,0,0,3,0,0,1,44,34.15
6538,c1293cc91e29d09c04297f126a76e84edb1af8fd,9,11,4,1,77,26,0,32,3807,1283.69
6539,f112427425b3ddaff40f1d2dc8a94e52d55213e8,0,6,0,0,48,6,0,46,628,190.67
6540,1eb24e4e8e8d2df4ba5cd3aa0223dfd08e1a90aa,0,5,0,0,3,0,0,0,1251,1266.8
6541,61220e4d7c8d7e5fb8ed3bbe2469bc86632c48de,0,5,0,0,23,4,0,14,2303,471.8
6542,b3ae87bd7dd539fd8d5409076933d4528ff6b14c,1,6,0,0,26,11,0,3,385,164.66
6543,b554e054109039bdf92b103243b5f862a0e49cfd,1,1,0,0,21,9,0,5,3055,556.35
6544,bd7c9581f20b864db41dfdf83b6240c8a5dcca9d,0,1,0,0,1,7,0,5,1196,209.54
6545,67420fe21dfd104f23fd74f83f955dea2f971e71,3,2,0,0,11,38,0,2,1144,316.01
6546,adb319f5c23e8813ac8cc5a27a483caf825dfdda,0,2,0,1,14,0,0,12,558,245.3
6547,2333596279b63c045e5fd5be09b2fce8ce5c9980,0,12,0,1,258,176,0,1477,38065,8780.13
6548,a9310436d51f40bae65d53db07c1ed2fb41d6348,0,24,0,1,104,73,0,49,5967,1394.95
6549,691f266fc2f2b3d7bd9b3108f795f12b35e334c3,0,2,0,0,21,0,0,1,359,100.1
6550,a5a48dbd23f3dab0f72635b2422f295a667b9ca4,0,2,0,2,6,0,0,0,47,80.14
6551,a5a6036883d17dea822fb0cc343b2819485a7e92,0,2,0,1,14,0,0,0,208,94.7
6552,f9750f2122afb047d84ef2b8fcbec9b4872ccf30,0,1,0,0,0,13,0,85,3063,535.61
6553,401e83cee383508a2ccdf5b92e7c77a0be2e566a,0,3,0,0,59,0,0,1,3296,719.53
6554,a2a7618d261bfe121f05821d89242d770cd7b7ec,1,13,0,0,177,123,0,31,4459,1030.95
6555,34ba143fc8f484134e229eb3cfff0bd3a1e311d1,28,19,8,0,1560,442,0,198,7471,2698.72
6556,d53f012bb750a9a5970a33a29b685fa078e3568c,0,13,1,0,150,179,0,57,4457,1023.66
6557,49b0bab50436433feefd842a223e0656e86df247,0,3,0,0,32,11,0,8,4227,730.13
6558,da356069f244d4a3d35ccf34badda39bc15cf8d7,1,30,0,0,93,439,0,47,4264,1116.97
6559,a5ee36d937e9b1ca551d0733f7b74d19b9bc07b8,0,1,0,0,0,0,0,0,24,18.99
6560,f041306cdae701e91b314234b413af98fd1f6b18,2,6,1,0,5,134,0,1,225,1191.02
6561,665fe3eef17a96da037901cba776880d0499a9c1,1,2,0,0,18,2,0,2,69,97.51
6562,b7bde350a160f2481e8dcbcf00702333d8a978cc,1,1,0,0,6,6,0,0,29,48.03
6563,3826e639672eea11d73da333e6c15f6b7c23a46c,1,5,0,0,36,0,0,34,2398,510.14
6564,a2e967d92f8550981455266634e9eea4435d3d95,1,7,0,0,14,0,0,0,350,189.47
6565,e75dee3a2163182e40400f4eba4599cfbe805c5e,0,2,0,0,11,0,0,0,1359,236.67
6566,f8474c8d4d3e722aa0129e085f6a5287c5e2be89,0,3,0,0,10,10,0,25,1160,228.28
6567,cac0904c16dde9eb7bdbb57e4a33224dd4edb77f,0,2,0,0,16,0,0,25,599,124.31
6568,a1d2ff4646743a9136bb1182c0512bce28e358b7,0,5,1,0,0,9,0,25,2424,432.12
6569,09bb4287631563df934cfe88b16fa6dc03e490e6,1,10,0,1,17,24,0,3,551,289.04
6570,fc93de51aff2c917a2b89694cf16ca37ccde6723,2,9,0,0,93,1044,0,164,2182,832.15
6571,66781864aaf78e8c8afb0978a7f68b6773d69649,0,1,0,0,0,14,0,11,90,37.24
6572,8fa5b0b946c01516076fa944a310b33224ff21a9,2,9,2,0,39,18,0,0,910,437.03
6573,b3f2bec099994d78d1866751f88d7526d9169995,0,16,0,2,731,2,0,13,30017,7857.74
6574,8cb55c4080206a651023f6d042fac295192f1c2b,5,15,0,0,121,329,0,71,3415,1021.26
6575,8da7366fc24d633ea98f9ccac1599aa147fbf7fe,0,3,0,0,0,0,0,0,17936,3750.59
6576,463ffa792a23799d8cf2406321d1c8a3acacded1,1,13,0,0,177,119,0,31,4488,908.25
6577,e18e9a22daf32306f966641ea02a72fca96dee32,0,2,0,0,19,0,0,10,392,97.79
6578,5ffbd4a87d73caee3ab27ae8d6a47cd36afc859f,0,2,0,0,1,1,0,0,156,45.21
6579,0e48665641b16cd9b250503696b926a568063654,1,19,0,0,2293,2,0,14,31158,8067.43
6580,319ecd867a2903c4ce03c38f6ffec62ada1a6049,0,5,0,0,153,78,0,18,1671,1284.17
6581,da97569eae662ad90fd3afd98ef148c94eee4ac1,0,5,0,0,11,8,0,13,1401,235.68
6582,05b1d918b0a845ced066a66b187823c357ed673d,0,28,0,0,285,56,0,1366,37803,6898.04
6583,79e5efd35c9f3660b8c58364f25816581fb84d7a,0,13,1,0,124,184,0,36,4483,860.11
6584,a3e0e0df0d0957fc02723aa349f96ba45bda3c7f,0,10,0,1,0,19,0,0,1573,332.62
6585,7a6518f05d1e5b5ef2125fd996b13bdb35b79587,3,10,0,2,121,20,0,17,1662,512.54
6586,001a26d404ca39ab6dbb9efeb59c08f20938f112,0,1,0,0,10,0,0,0,117,34.36
6587,7572e96e3abdc6636b53df3ca8738f467334a9ea,0,19,0,0,139,89,0,20,4630,946.81
6588,1c477b2df9f3cb10063d66d8f14ba9eb83bf9f4c,0,1,0,0,5,0,0,15,1252,213.78
6589,0a93241b61e6183b5671a4e7940e6212a17acd66,0,1,0,1,10,0,0,0,200,141.15
6590,69ce5967fd3b8f33486239bcdd7e5e4a817691b9,2,4,0,0,24,9,0,7,259,125.26
6591,20a7ae28657c41027486f7d2c8e1b260b692f418,0,2,0,0,10,0,0,0,88,44.45
6592,6fecf55a7eb05d4f85a17ad9f56d9728f1c5d3e7,1,1,0,0,6,0,0,0,94,52.17
6593,0583d79346e16962bb35fed7587d56d2ec71c0fa,0,1,0,0,0,10,0,0,200,58.97
6594,05ab41d1bea53295d2c0790fba71c441ff85a6a5,0,1,0,0,10,0,0,0,200,60.57
6595,e02ae7724ddaa147a7cf41dc398e09e456e0dad6,0,9,0,0,1547,1542,0,202,5628,1576.89
6596,df98d8dcd76835e59fe6df43197308215028a41e,0,13,0,0,76,4,0,5,1761,352.93
6597,629b04f44f19b9589c9bcfb84da0cf5e0d4d1f18,0,2,0,0,79,0,0,25,650,184.22
6598,6d48eb06c9cd50259e3137eea8e3554d190f678d,0,1,0,0,0,0,0,0,130,29.81
6599,d7325185ad2864ed8fc78bb362776648a75c951b,0,3,0,0,296,3,0,38,442,205.65
6600,4c98f97c318995593bbe8b67ba856003cb5ed463,0,1,0,0,0,0,0,0,130,977.41
6601,b2a9be02ac10908438dc84e9d483bc8785d7ce19,0,3,0,0,74,46,0,0,210,107.87
6602,2f8ddf6fc5f904f0273b07469286e01aa02c7da5,0,3,0,0,5,4,0,23,535,98.25
6603,f92a14ade635e4b081f3938620979b5864ac261f,0,8,0,0,122,0,0,15,4818,934.16
6604,f65a439f0188c0811c2ca07b5d830498809a13ab,1,6,0,0,63,15,0,10,674,230.73
6605,dd1ae37148c13e79ec37817f3953a79dd40e8e87,0,3,0,0,55,9,0,4,171,85.73
6606,bd157ffe9a72cd723f238f1685608da573bb0df7,0,3,0,0,4,5,0,22,535,102.45
6607,ac3b1c9aa9d3ce5514afec0c2e0e34f9ac12d772,1,19,0,0,968,0,0,190,36128,8359.3
6608,36eeb2c569c574b299f8628bed6b8dd20fb900e2,0,7,0,0,68,33,0,9,2080,447.08
6609,953416eb3411f7361f39283fabd4a555bfc873f0,0,1,0,0,0,0,0,0,151,32.08
6610,f1066cd7744e185044dcc33aae09623d10ed2631,0,1,0,0,1,0,0,0,19,18.95
6611,6c9082fe162c2e940b556c9da5edc36e5501906e,0,8,0,0,154,29,0,125,5737,1164.78
6612,ae21797305188e82f7017ce5675e4fde950461aa,2,37,0,1,192,61,0,163,11106,2158.35
6613,4cb09a494c4148de2b4e8c6cd011bacdf7f33b1a,8,17,0,0,83,15,0,42,4762,1832.15
6614,7794c530bd8dea47e16ca5329270aecc46ea9c8f,0,1,0,1,0,0,0,0,45,38.38
6615,4ab95ebbceb144d90e03bce45afa52bcb8c62c54,2,19,0,0,57,33,0,16,794,400.14
6616,76dc957f64fa38ce88694054db7dbf590f368ae7,0,39,4,0,128,248,0,147,13488,2397.86
6617,287f95a579ee95a40e0f3a0986a246d29718ee3b,0,1,0,0,2,0,0,1,323,64.29
6618,b779143fdcfb1ae3bfe04f2434d6ca3d5f11b587,1,8,0,0,58,4,0,22,784,263.72
6619,406f66a4e89f0d3a52225bce6a5a33cf54b9d75c,0,1,0,0,9,0,0,0,78,30.35
6620,8f1d0a2b84e4f4dc96406b4748998c7d6eeacbd3,0,1,0,0,0,0,0,0,0,905.31
6621,cb9ce2ceafb5467522b1b380956446e40b8250d5,5,4,0,0,62,54,0,2,130,187.86
6622,2ee3c73f76ea80d50fd921fa8cbe84d21f376785,1,3,0,0,8,0,0,0,34,81.59
6623,bff7c4f1fda5517c469db7863706140e3c97e9e0,0,3,4,0,8,279,0,4,2747,568.6
6624,4fdd6ff9aef0979d7b4f07abe159dbe4c755ccff,0,2,5,0,0,996,0,5,4336,852.94
6625,980c8c204775e789fae057a6383ff4b725067b83,0,23,0,0,133,141,0,46,5111,1034.0
6626,c74cf12925b810b7a59c5b639834508f00054053,0,1,0,0,4,0,0,2,841,156.89
6627,2285c57a352aa4607636205a8b99ecb8ea1ff51e,0,1,0,0,14,57,0,80,3037,449.27
6628,fb8f9247d0262f9875fee954370fd807dc786bfc,0,2,0,0,0,0,0,0,161,36.67
6629,3abd13dacb57927bd44a47632f4bd0c2e2bb87ea,0,4,0,0,127,115,0,165,1632,336.16
6630,7754a9620eff44d1d570fda534f9159a756310cd,0,2,0,0,21,4,0,0,670,156.3
6631,07e0a30efa332ab451e5f5729dd8257eced82c4d,2,5,0,0,10,8,0,9,1029,271.82
6632,aa5d9a9ad3e31f579e172e213342a8d73b99dc0e,1,26,0,0,9,10,0,5,6296,1187.35
6633,59fd6eb7f68c6d616a645db078939c6d32da7aaf,0,23,0,6,48,62,0,37,2692,745.73
6634,843ba9e54573e5f3c3e37d3ef39ff2e601979cbf,1,4,0,0,78,78,0,0,1271,332.96
6635,616f4801b06a8427a03ceca9fb8345700ce1ad71,0,1,0,0,0,0,0,0,723,102.06
6636,85d701892ed969380a8bcca9c9f4e306c74af941,1,19,2,0,253,59,0,1380,35166,6648.98
6637,826b9436fbba39ce78650680c71425bc8547cd39,3,7,1,0,40,119,0,17,666,207.26
6638,4254d7edf33d117256f0d8837827b7f0fc578c45,0,1,0,0,101,33,0,17,317,87.83
6639,22fa1cd3df3ed16ddbc0336ac2e52964c1e22665,0,10,0,0,163,3,0,147,6772,1438.29
6640,c64a1d199402d6bf2d6ff4168c00c756dcaa59e4,39,21,2,1,58,20,0,3,2845,2285.48
6641,a8bb27b2e0dac5b3645a8592d357b5918eb3ec2e,1,3,0,0,4,0,0,3,1394,276.35
6642,c725d4d334e3b6ce4ed9cdaa1a84bba101f78ec3,0,6,0,0,3,41,0,11,2421,406.38
6643,e8979c67aa9cf0995b5f1603db72175f3eb222d5,0,3,1,0,0,0,0,0,1398,262.06
6644,07c175b10a6f91ec3fc82339059313a5f9060d3d,1,3,0,0,0,0,0,0,1398,248.6
6645,5ebaadf1a6d8388f3c5633fb76ecfc8c0adc2da2,0,3,0,0,28,0,0,2,218,80.83
6646,87e1ba9a1a67780a7bd1bfbad65d263f83a1fe14,0,2,0,0,4,55,0,3,106,49.89
6647,da5722cb487ea5a7fa8dff94faf459aa0d657c14,0,1,0,1,0,0,0,0,38,45.56
6648,3693d1306d3f42d04298abf682112a6c21fcef74,0,1,0,0,0,0,0,0,418,66.99
6649,b7fc7bf246934cea09e22f55bea62415f7319647,5,4,0,1,27,28,0,0,486,366.11
6650,7fb0ac26e3a85a01b285078c198578216e3e8524,0,2,0,0,60,7,0,94,1392,249.14
6651,52ad310c80d15e01a837e7a36d1342d259756219,1,15,0,0,17,77,0,55,8066,1431.56
6652,ffe7dac53d7824b4fb97b2aa642108a58b23afc8,0,23,0,0,0,0,0,0,2740,591.25
6653,47ce72d78cd5807082919d04d297d861d6e20211,0,8,1,0,21,132,0,72,1068,290.78
6654,81956aa446fdfab032609685442d3ca753c46960,0,1,0,0,14,2,0,10,313,70.6
6655,c6250ecc833528550c9412e3e18e5aeeac062473,0,3,0,0,47,6,0,7,1330,244.67
6656,edbf2bb8dea3e745993079d8ed37073d21b1b419,0,16,0,0,39,43,0,9,1708,419.05
6657,11592965413224abed4156236d7ccd4699ce7e75,1,7,0,0,273,179,0,29,1272,409.34
6658,ef052521cd3b1ae086770aabfad14804ee8d4ac6,0,10,0,0,741,428,0,1756,28309,6904.52
6659,f8b1f57b057eabfe6aa6434a790c685dd964a513,0,10,0,0,0,0,0,0,29050,6897.63
6660,2c799fb70aa47f9109714dc410862af24b4a0321,0,10,0,0,3,896,0,860,28154,7817.58
6661,63c819efbe9108c8d20158d2008f83c78a9256ec,0,15,0,0,33,43,0,62,6382,1027.98
6662,9ec0ec492222e55169d97c53bddd674f6dac8a52,2,9,0,1,38,17,0,57,3232,730.07
6663,91b4d2e827e61a4bedae232aae3f8f5a10015ae3,1,4,0,1,97,2,0,4,1092,289.73
6664,4e77b18da2515a14772a456f408ee34376a3c71f,0,2,0,0,20,0,0,0,129,39.89
6665,ffa0cea2a3b1b2e6bb1a57e21f50dbf19159ab04,0,24,4,0,169,136,0,107,8100,1638.06
6666,c55fce00f3a5757c706ce50ed42980c7f6c4b97b,4,1,2,0,233,423,0,4,159,341.21
6667,af9d359b8eb7933bd20f1dcaa2ddb1b27059d23e,0,1,0,0,9,1,0,0,74,54.64
6668,9a78d008841726ec2029215cddf0c0b2141771ae,0,11,0,0,76,15,0,19,3231,690.71
6669,c8f3c8630b7c58a77649021b8c577d3ce4ffb6f2,0,14,0,0,138,163,0,59,4879,1062.48
6670,6c5eec249c6fcedd3d9f7fd810f89656647c1c67,0,8,0,0,11,51,0,6,2067,400.14
6671,8159eae7810a6bf6e13596fed9f8cb7f1aff9dfc,0,2,0,0,0,14,0,0,263,53.1
6672,d0498d979cdb9aa17065c27572f35a80fc7d59c9,0,1,0,0,0,0,0,0,184,47.24
6673,e4c06c120a8bb964fe72412cef216647b147de72,0,1,0,0,1,0,0,0,131,35.02
6674,b23890157c10bf2db347bf5396806295e4532825,0,1,0,0,0,0,0,0,0,12.9
6675,712fe69e4da3ff291244bda55b6656ce3dc51f72,0,9,0,0,31,20,0,5,37102,6597.29
6676,06a260f107ba5ab489e7d28256ee6bc9530d3416,0,1,0,0,0,0,0,0,199,36.64
6677,054acec84009feed94ca6cf3bf20f5af4f6fecac,0,1,0,0,0,0,0,0,217,42.44
6678,9d5d25c88d70b48e9218fd699050e13973b61216,0,3,0,0,3,10,0,0,403,96.58
6679,d51e2878774ebb6107290476264a6612bc3b7dea,0,4,0,0,37,0,0,2,2019,406.57
6680,a05abd83effd8e4c0abff7acf1b5f33f8609295f,0,1,0,0,4,0,0,1,1139,1255.81
6681,e019961150624236615fe7bd4a9017622d9f78d0,1,44,1,6,128,107,0,71,9569,2283.5
6682,c7e605445a495d212136b85db37828b560adf435,0,1,0,0,22,0,0,0,413,107.9
6683,e129e6b65d5c6f9a5b2fbe69c846e602b3c4567d,1,5,0,0,564,1,0,0,187,266.05
6684,d2c083d21ce2b9c6cafe3e30b6093419cacdf118,1,6,0,1,20,0,0,0,1178,268.81
6685,915928287f566c77fb9988ecacb23673e048a026,0,1,0,0,0,0,0,4,726,121.17
6686,a2d2196e89f4228c01724eef09c92f82b33c32ed,0,1,0,0,3,0,0,0,371,60.5
6687,a0da66dc3656237d061735ebb810fdb85389b8c8,1,2,0,0,14,0,0,10,3453,627.63
6688,de23d306ebd1ab4135fcfca6a682f8c167911d05,0,1,0,0,13,0,0,0,146,44.83
6689,0446ed0f0c662608a7816a9c3fc3becacc682fb4,1,0,0,0,0,0,0,0,0,32.62
6690,13af7f8ac6e393dc7895b6fb1d35fac2367c5a17,5,15,0,3,4830,13,0,937,29985,8488.12
6691,f444b3b54210dd3101c9a3fd22ccea384d1100d5,0,72,5,2,205,88,0,24,13384,3044.08
6692,ce64e7eb6e9a6c3954b8ab6b5441ca6e4f952b26,1,15,1,0,142,174,0,39,1379,429.34
6693,b392de3e315aa260e2825484e418701919eb7622,0,5,0,0,87,62,0,14,746,215.03
6694,697a55a8782d940aa4f1287c2ef4a45ba516cac1,0,5,0,0,39,11,0,1,733,240.29
6695,7763dd6688254d37ad611f5d290db47c83cf93d3,4,19,2,1,11,5,0,1,3561,870.28
6696,17007685c1ad2c4b7e672afaaf43b50f6c3a7c5c,0,2,0,0,10,2,0,2,2746,537.39
6697,80a1f8fa2aec6687774ffeb03178efcdda2e136b,2,13,0,0,308,1613,0,377,49088,11117.61
6698,3c0750de54276cf19a35feb6351c71b8dea360b7,0,1,0,0,12,0,0,12,146,41.57
6699,c579cf67b0eeb1eadff3188773988824c5c3f2a2,0,1,0,0,9,1,0,0,11,22.72
6700,f037f230fd5a0b6f28e68b02f47efeb4dbc22694,2,11,0,0,75,37,0,17,694,1202.65
6701,f031b69969003b7b33111312060a73858bada319,0,4,0,0,50,74,0,4,556,151.39
6702,8fb44fae35123ab7ddeecfbb80ae5e051c07e111,1,19,0,0,69,192,0,111,8498,1502.15
6703,ff045cab84ada47ae2d10015649cca8f6edb76ac,0,9,0,0,5,1,0,0,6254,979.91
6704,62de29e6f29efef5a87c57c6ff0c4995ee790f1f,0,17,0,0,4,25,0,3,1106,341.94
6705,0d656b1394c1bfb702199998d69efbd10f879d2f,0,1,0,0,1,0,0,0,525,109.04
6706,371f2bd9071da0b56565df65c27024c0776942a1,0,2,0,0,25,25,0,0,1575,311.5
6707,a49bc58a5456c2974552c7b6ffab9ea39393ca78,0,12,0,0,38,24,0,13,2421,473.98
6708,201c8382508da1266d11e04d3c7cbef42e0a256a,1,2,0,0,2,4,0,2,668,140.94
6709,f4bf375ea113090e103e9e8d2ca5c58a7be629f2,0,1,0,0,1,1,0,7,1361,201.8
6710,84a9eb3f5c740d56c02a3ba54c9479090cd49f31,0,2,0,0,0,0,0,0,487,93.85
6711,e8f9de7851ca91bc840618e6ca16493b1060f6dc,0,3,0,0,434,0,0,0,9181,1882.44
6712,bbc232e4eed08209f2a51010c29a5c3df1cd792b,0,3,0,0,0,434,0,0,9181,1596.3
6713,eabfa39b27b2198835a2bef2f98ee7fcc29b0538,0,3,0,0,434,0,0,0,9181,1695.83
6714,5a8f1e8aaa026fd33be0bd8a69f0ee78f54392ce,0,14,0,0,196,17,0,104,5034,1132.35
6715,edbd0e494d7abaf50319b7650e350d52b195fcc9,0,3,0,0,195,8,0,29,1390,318.43
6716,613bcb3622ecb1783c030f34ea2975280e1c43c1,0,8,0,0,19,1,0,29,4854,769.61
6717,5645684ec9e77d9af6c75b3378468a167cdc9788,0,2,0,0,10,0,0,0,663,126.1
6718,faf81d5133393656a21ce8614447e4bb2b0d04e3,0,5,0,1,111,19,0,2,1749,464.64
6719,0d3e986f7e8e5052448f08ac08f644bfaadf89e1,0,14,0,0,75,110,0,19,8046,1320.44
6720,06e984b08689c1ee47f2c94d423357f81d935af1,0,4,0,0,11,17,0,21,1585,1180.95
6721,d3bf246421407dd811ac1c96bc5aa7b7a32dc94a,0,1,0,0,2,0,0,9,89,29.29
6722,7fa7156f2cfbc6a5c9a50739d0ea4a3d5ce4c6ce,0,6,0,0,96,104,0,82,2985,515.2
6723,58b6d9759e97f76221ca57a0e399c056fca8ba01,0,2,0,0,0,0,0,0,64,36.89
6724,6bb59382263ad13d9ec2f51087a09266edef170c,0,2,0,0,0,0,0,0,64,47.3
6725,a95570cfa08927d843f488fa798c08b1c4e47057,0,2,0,0,0,0,0,0,64,30.84
6726,3b914df9492401fe21a3daa39a0d4481b64abb45,0,4,0,0,2,178,0,18,1418,269.82
6727,58c76192bdbf1f4863c1c87d165c2e3b9674d4ad,2,7,0,0,32,45,0,24,4923,829.0
6728,93b0cdeaaf2ad78d4a207bc0696a0ac7408d8ae6,0,4,0,0,183,2,0,17,1418,323.94
6729,de25fcbd93c59ebb4a4dfd4058f089cdc781f3ac,0,4,0,0,0,0,0,0,1601,270.22
6730,81cb29801403dd9ae7e94b6f721260cadd6e6950,0,6,0,0,9,4,0,0,346,97.33
6731,4beae9a56e2d5d2992d017ba876d18f78415e067,0,1,0,0,0,0,0,0,314,65.84
6732,fee86ebd7b75e9db1bdbc52355b5dfe58fdfabf7,0,3,0,0,1,2,0,0,119,48.14
6733,dfc6cf307662ad09fa8a9aba417d7e3e7680885e,0,4,0,0,2,183,0,18,1418,263.42
6734,1160315e2f666fd5c51505f55f77399e302885f2,0,5,0,1,216,1,0,62,2419,436.51
6735,b635414e8337be7bc14ca6ae605749c35569b4f7,0,4,0,0,9,0,0,0,1197,222.46
6736,ee1549cc9778af7124e3c7c6b187a0b124385a90,0,1,0,0,13,0,0,3,184,61.9
6737,e239e8d2d317b8f8de652cbf71bf8e33b0807960,0,3,0,0,122,0,0,15,1478,306.0
6738,c42a0665b9f576d0df9aa038b4287e0627704d11,0,2,0,0,14,19,0,0,1574,318.68
6739,9214ad69af486109cc4dd31f60a82ac7ad8d3427,0,4,0,0,0,13,0,3,1420,259.74
6740,e5ea45705472863fb716a2656cf73a671e8fa0da,3,25,0,1,396,73,0,106,3415,2097.08
6741,ed6e5d69995432aec4daf1a550edc8395fbc8930,0,2,0,0,6,2,0,1,629,133.5
6742,7da0feea8dd4236b520bf48b2a84c52bf2910e56,0,1,0,0,0,0,0,0,216,42.92
6743,ab5970773ad187871270bb63f9a37cead4cf2f6a,0,30,0,0,196,90,0,44,9126,1782.86
6744,4b541d63804e752f536560f7d96e222c0ffd877c,0,2,0,0,5,0,0,4,295,70.24
6745,0ecb6782593039af75a45c25481f1dbf7cbd6928,0,2,0,0,16,0,0,20,409,99.98
6746,e2a070cae0ab785b771a923146116c0e9f3452a5,0,2,0,0,9,19,0,2,1153,320.72
6747,44b255889cfb168aaac8adc162f740beb61a7221,2,5,0,1,3,22,0,0,109,101.5
6748,aace02a230a61cc7e91eb240598435c36c9af403,0,4,0,0,28,7,0,17,688,166.33
6749,1849e8a5a77373b5fb8e354c3f20214a80eb8c1a,3,6,0,0,24,103,0,27,668,277.55
6750,53e9a1c43a3861c59d6fc5198982973a1678b65e,0,4,0,0,183,2,0,17,1418,326.53
6751,e67eb6c424d76ee259f5076c277454a73e3a2bf4,0,3,0,0,71,6,0,13,612,148.39
6752,98ace3d586d068db03cba14f3dc904628b917eb9,2,0,0,0,0,0,0,0,0,68.74
6753,a8460b8bad746fc4815845bcaa9740a51bdd3c25,0,3,0,0,14,52,0,1,454,120.29
6754,7f0e6f1c9ec6423aee96dcbdd4240fb76f45d5a9,0,13,0,1,899,85,0,14,6931,2647.37
6755,a69c23abfeed9246f308bf470b72a9a8afa46f5d,0,3,0,0,0,0,0,0,1583,273.95
6756,0ed50f42e71599a86738643822e1ec4f2e432026,0,4,0,0,2,183,0,18,1418,280.12
6757,9c8f02e4ef3037e8eaf649360ce83a898c3b20e1,0,2,0,0,7,0,0,0,223,55.75
6758,7bb0624bab68d7dd136d0cd54a8f0c74790aca31,0,0,2,0,0,0,0,0,0,16.43
6759,5b4bb8217dd4327a89fa29c93ac37bc887d96c2c,3,14,0,0,72,75,0,19,966,342.34
6760,fe3c32ebd56da9c7852c70951cb9f8fadfdf7719,0,3,10,0,0,0,0,0,1293,1165.26
6761,cc59fe4e91ab0099f65566bc90e77e37f8147119,0,1,0,0,11,0,0,0,163,44.2
6762,4088f822a449acc39c2408a287f820ec26acabf4,0,2,0,0,5,0,0,11,354,83.0
6763,8f4ae0a0dcb658c4fe669bc4cdc68ad8e6219daf,0,28,2,0,92,26,0,19,2908,795.37
6764,f2d1b8db89cee7dad675639a50dab9f3c08f219f,0,1,0,0,0,0,0,0,141,34.44
6765,6bd3109062060f735c73b268c44022c201e6072b,0,4,0,0,17,19,0,20,828,206.29
6766,f1c1f258e5b2dee152a46bd7f6887e928e6a6b3e,3,12,0,0,72,9,0,97,5456,981.39
6767,5b485d14cd6a5bce1bef8329122166153162037e,0,3,0,0,70,11,0,1,336,120.47
6768,c77e2135db07b6417f5fea4577c2c7ae8d6d7008,0,5,0,0,61,57,0,0,669,161.22
6769,cb4fac1d18660094908afd6abaace6e441ec6a49,0,5,0,0,0,0,0,0,730,136.36
6770,85fda44179c0afba74f52944ae9bb5a38266678c,1,3,0,0,136,0,0,19,1600,329.12
6771,046d4e183bb02c6bc2d00b6e67c1c30d315454a8,0,5,0,0,57,61,0,0,669,159.59
6772,0345fc87759a7d44ecc385327ebb586fc632fb65,4,10,0,7,364,40,0,12,1665,959.44
6773,f159557eded160680e623b966350ea3442b5f35a,1,1,0,0,5,0,0,1,119,56.08
6774,5f98ad2053ddc31e0abc6863478db594e4447cf8,0,4,0,1,81,0,0,0,312,177.64
6775,752b258b7c30aa375b5bb7a33abf435f37e8c877,0,4,0,1,126,14,0,9,582,346.57
6776,0ec1459467f280280630e5b597bef302ec43cedd,0,3,0,0,30,26,0,1,122,101.42
6777,73e1bcd33515061be2dc2e51e6ad19d9798a8ef6,0,2,0,0,37,0,0,0,575,122.7
6778,9facfa550f1e7386be3a04d84f7e8013f5002965,0,5,0,0,240,107,0,75,2638,475.37
6779,1a701ce44484f45a8a07ea9826b84f0df6f1518e,0,2,0,0,0,0,0,0,946,183.27
6780,9109803891e256f8c047af72572f07695e604a3f,0,10,0,1,9,7,0,10,4311,2363.96
6781,910b68082c8f200f0ba6395a76b7ee1c8917e401,0,11,0,5,194,147,0,53,1113,534.09
6782,cbcbcf4dcd3401327cc36173f3ca8e5362da1e0c,0,4,0,0,23,2,0,2,387,96.64
6783,18c5ecf6ed57e80b32568ca1a1a12c7af36bab46,0,5,0,1,0,39,0,0,357,110.25
6784,029fa297129f7ced276d19c4877d19bf32dcfde0,0,2,0,0,15,9,0,0,164,56.95
6785,0b5bd78d6e7c51a5c1b6b30a1f385eafcdba8f7b,0,5,0,0,2,8,0,3,3405,523.55
6786,177344cdbf8a08a6d225312b2327ff1ea8a21067,0,1,0,0,0,0,0,0,0,17.14
6787,d7e3116a1744057359ca48d94aa50d7fdf0db974,0,1,0,0,1,0,0,1,14,18.6
6788,af604f0c0cf3c40c56746150ffa860aad07f128a,0,1,0,0,0,0,0,0,8,12.62
6789,48b2502a5fcd4d3cd954c3abf6703422da7cdc2f,0,2,0,0,1,1,0,0,5674,1021.55
6790,df96d328fb9fa11f04f84607e9a23f254f513202,1,2,0,0,58,6,0,7,606,160.22
6791,cf3215d343d5c412735f51c68dc3686087736a86,0,2,0,0,0,0,0,0,676,140.4
6792,3aadc675b0f02c3c13be625b40d72fbf6a844964,0,3,0,0,5,0,0,1,464,89.0
6793,23249eb0f5466b3608d80847b398b38b698fcf95,0,1,0,0,0,0,0,0,578,118.77
6794,635c9db81556f7b3a89c76d3be40d9989496d151,0,1,0,0,4,0,0,3,203,54.55
6795,30d0c3fdde39a351912af8484fe48035f4cd9189,0,1,0,0,5,0,0,7,56,28.86
6796,9dd5cda01747ffb91ac084792fa4a8670859e810,0,1,0,0,0,0,0,0,214,44.67
6797,8db9760363890d4d0bfaba25ae6797d45aaf7fec,1,4,0,0,26,104,0,2,352,195.78
6798,43f3fccb7b24d1433434d983e8e60914d8905f8d,0,1,0,0,6,0,0,0,41,24.21
6799,0cd4cec5d24b5e7194a903e4d900f5558ed8b9a7,0,1,0,0,0,0,0,0,214,52.09
6800,c2c2178b2eebe4439eadec6b37fae2566944c16b,4,36,1,4,112,81,0,30,10903,3291.38
6801,3c32032f5ce935eedd2b6d471f20b030c857acbc,0,1,0,0,8,4,0,19,841,196.38
6802,66b616d7a3d6f4ad6d20962e2dfc0c82a4092ddb,0,65,0,0,238,97,0,134,19201,3931.92
6803,ecdfb82326035ad8221940919bbeb3fe16ec2658,1,36,4,0,48,75,0,30,10938,2270.2
6804,5eda5fb9d7d7fd5ae77d862c2e1666787e72ead0,0,1,0,0,0,0,0,0,1364,198.56
6805,d671a1dbc698160c4da6c8d9ca368832698c690f,2,45,1,0,1733,440,0,150,17867,4100.93
6806,6e962d6f65eebaa8b41e58368aa171a7d4b2910b,0,1,0,0,4,0,0,6,849,142.07
6807,972e8c8c296d38507077b98c8fc2a33eda9fce66,4,39,1,0,91,131,0,86,11438,2407.15
6808,3acd8e4644c111560502ecc06e10d04dd204a06a,0,1,0,0,3,0,0,2,853,202.58
6809,b1ef8dd43aa0f0102f296ea9b3eb76b5623052f5,0,3,0,1,10,0,0,3,668,201.53
6810,40cc666ac984e846a8c7105b771ce6bec90c4ad3,1,5,0,0,84,58,0,0,1514,596.91
6811,d39f40e787ecab54ee597ac4463bbbd2f5e944d9,1,4,0,0,23,0,0,0,1383,438.96
6812,ea3a27b18df875284899b04fbc5fb58a3120e6c7,0,3,0,0,67,57,0,23,459,132.35
6813,a3b6f4addc7ec90cbebe681e75e4e60f3e6940a5,0,1,0,0,0,0,0,0,70,37.58
6814,e95cf479c7615ae160a6ba963cc7689f3b440efd,0,2,0,1,15,0,0,0,46,63.07
6815,49f707fba7c6a9f0210f387e31d1be9f108991f8,1,1,0,0,77,1,0,5,91,90.33
6816,eb6ded4849adfc33d68e97a0bc689e7b4ac8c355,7,2,0,0,33,0,0,56,242,168.32
6817,9a1aff447e908c9de351a4f45b869b016ad7821b,0,1,0,0,5,0,0,1,814,139.06
6818,4bc0eb31c36475d51b1ab3ec6652bcdf40dc2cac,0,5,0,0,96,4,0,7,1437,549.97
6819,72fac379815d79fdeac1452b36cd12fb5492f627,0,1,0,0,3,0,0,0,856,159.12
6820,8973582bc67a8a759310876e41a0348a1e26c89c,0,2,0,0,9,0,0,0,607,1048.56
6821,6bad35e728385e8998a2e8aa6582611a02caa7fb,5,10,0,0,73,5,0,19,2757,753.81
6822,fc68f23a4889271888ca8ba3fde1f6f86d3f0fce,0,1,0,0,0,0,0,0,342,51.95
6823,0fb1fd12005f5c51924aa67d114813be896b5cc1,0,1,0,0,0,0,0,0,217,43.71
6824,053e61541e6f45bbd2866faf4fe6c766a3f0c245,5,30,2,1,74,328,0,2,10249,2374.98
6825,880db3eee4f1908854f4ac9f778758213eaab20a,0,2,0,0,0,6,0,6,717,113.66
6826,03e8f6b56ec184d0bbcff765b1b8f353b853fb0f,0,5,0,0,0,0,0,0,473,125.8
6827,91995749c214135163d96316d915d2a084dfb690,0,5,0,0,81,24,0,5,690,214.67
6828,b81e00f5eabe8d99fd77d74f60e3754add8205da,0,2,0,0,2,20,0,6,1185,221.76
6829,c4cbb419a35043c3397476d32b8197cbacd21863,0,2,0,0,7,1,0,1,759,141.53
6830,01af27061e97dd82de79f6900189c868f8919a2c,0,1,0,0,3,0,0,0,188,48.64
6831,923508c9de065b99b4721acfb582e5a476f48acd,0,3,0,0,0,1,0,0,515,106.56
6832,13b9a1ed01d8115863e09fd09d4628281d1dbb90,0,1,0,0,0,0,0,0,0,9.32
6833,ed618da906c56cfac7b7bcee862413d3ae851b57,0,9,0,0,22,684,0,72,19185,3937.63
6834,ff998ef74fe7b8d304b2e9e5579b019c62f836db,1,3,0,0,4,12,0,4,2370,564.63
6835,f1a9990328a65c49cdd10af069f67ff5ba5147f9,1,3,0,0,53,1,0,28,1262,238.54
6836,4dbd025ccf0b6962a863b53c9dbf1c2c42e679d4,2,8,0,0,315,297,0,9,1389,471.23
6837,b971b449e8de700d7709df2032a5a1429d369394,1,2,0,0,10,0,0,7,1447,268.69
6838,78f6799f4d53bea368caec77ff32db35109bd96b,0,1,0,0,3,0,0,10,61,25.81
6839,2de6b051f67b6a55eda8d4e247328fda24484adb,0,3,0,0,174,9,0,38,660,159.96
6840,da68537ae63ffbfc784de4dd6159d5d24f23f262,1,5,0,0,22,4,0,0,1271,1191.18
6841,2026540ea347e9359e6ac8cf8b3701cd3872a515,0,3,0,0,117,0,0,0,1423,412.58
6842,fc973d0918156ce92e63e67c433c0b59252908c5,0,3,0,0,43,0,0,16,356,126.08
6843,e99ed99bee66b9719ffb3127710fda486f952048,1,1,0,0,1,63,0,33,1295,230.19
6844,3dc38a4ff1210e662f3d08fe768def9b79f008e9,0,1,0,0,0,35,0,28,1217,190.82
6845,0d0ccc38fe59c555176d73e23595a9b569251329,0,1,0,0,0,0,0,0,153,46.27
6846,51d4c68b7cce43af1190f9195bfb08963375bc27,3,8,0,0,0,195,0,8,1656,387.34
6847,951b23a44cd90ae4afed9b255de0e678fbfba946,1,13,0,0,47,138,0,190,29417,6972.57
6848,c38bf12444aca77c7cb12637147c07dc711acbe9,0,1,0,0,23,0,0,17,720,115.36
6849,959deb0e5c7c43c2cda6fe4b5c4d46ed80d3d8e6,0,2,0,0,10,0,0,3,2269,400.85
6850,815b0f853b8005535219d8e3381d5a44c06887f7,0,10,0,0,30,15,0,2,13507,2818.07
6851,341223d86c567e2124802b0a19e1ba7bdc560cad,4,10,0,0,0,743,0,4,1102,522.56
6852,3bcc475ee245a083f39b346c18dfdd2892aae745,0,1,0,0,0,0,0,0,328,85.86
6853,c5cc81d8e31ba76833adf25b6c357205745c23ad,0,1,0,0,0,0,0,0,165,36.74
6854,0ae0edcd630aa1dcb6c47ea11fa4367ae0a5baa8,1,27,0,0,123,40,0,52,4117,970.18
6855,5eb1b7b96c6b870959669636057aa16e93646fa6,0,3,0,0,19,3,0,12,253,78.33
6856,c833473619d5a2ff9437d62f2ea14ac772288304,0,1,0,0,0,0,0,0,1317,197.34
6857,d64acfd3045027e219438ff6c45fd72f0ea5140f,0,1,0,0,0,0,0,0,97,26.24
6858,d8d4ba7c59e123dd792c48d2845498e0882a3a76,0,10,0,0,0,333,0,0,13204,2816.09
6859,b3dcfb659e0f96ff1254e13949bbedb56465e700,0,10,0,0,333,0,0,0,13204,2837.89
6860,5e046151d6280e035f4448c72f9a180d59a336e2,0,13,1,0,0,82,0,726,29388,7925.72
6861,b34ab5980ea7a21fd750537476027f9a8665eacc,0,7,0,0,95,0,0,15,1978,419.57
6862,305ffcb04025ea6f7880e9961120d309f55bf8ba,2,9,0,2,117,31,0,41,1692,537.16
6863,5cdaca5c00aca24b21fe5cf4b1fa2cf7f9e1301f,1,2,0,0,38,2,0,0,99,72.05
6864,c1b45a2c45f3bfeb2ec43e395cc2722975bfe39c,0,1,0,0,4,1,0,0,76,34.14
6865,6b60ba8adebd531597d59d361b11fc1e32b40523,0,3,0,0,34,0,0,18,7287,1270.13
6866,62d73230234a524d437b84f3446944fd183cc2cb,0,2,0,0,5,0,0,0,144,54.88
6867,a8775b11d2c9ce822347e151aed603a3041e0233,0,3,0,0,12,0,0,5,697,159.79
6868,ad9ffaaafd074423b54401839da235fe976070a4,0,2,0,0,8,7,0,15,396,99.63
6869,67d1358311ab031ae1d152da4e8d357bed59bebf,0,2,0,0,1,0,0,0,520,124.55
6870,3fe4b28bb07466e6ba245d8c40da425db70f706c,0,5,0,0,45,14,0,3,4024,799.65
6871,712beb305e349e2c6c464e2219cf4cfcf10c592a,0,1,0,0,0,0,0,0,298,76.1
6872,32d2062b5ccfbdb3630a9fceee98200d36a5c885,0,2,0,0,36,0,0,2,767,167.13
6873,6dc4190c07a6e3039f6c32bdc9a8aeb5483ea192,0,1,0,0,3,0,0,1,136,42.9
6874,140ce1453ec24b5776c26c23fef866406b6344fe,0,3,0,0,0,1,0,0,51,27.36
6875,23ea2c36f52283631ce665e04f2af433fc25ae55,0,1,0,0,4,18,0,1,86,164.31
6876,709f5a1980abe65eb85c638dacaaea8502ee0034,0,3,0,0,13,0,0,8,326,93.18
6877,d137991ccc876988ae8832c316457e525f6bf387,0,2,0,0,0,0,0,0,934,161.06
6878,958cd2d1b7b1239925912ce148589eeb8a8dd2bc,0,4,0,0,48,1,0,1,863,206.47
6879,8b70d043e48c2dd5fdf304ee6b1212c3d8006de7,0,1,0,0,4,0,0,1,184,76.68
6880,56cbc68b0da37db6a34e14e2bdc52245b848d173,0,1,0,0,0,0,0,0,173,931.14
6881,28d619b22bec1b93259a96bfaba3ec1aecb026a2,2,9,0,1,95,40,0,17,1265,431.49
6882,3f75ba195c62b1752f4a3f6a408c74f16ea6b0d4,4,10,0,0,53,144,0,27,1101,354.69
6883,837bb9ece796aee9bc1f82ec45414ea52ac33f80,0,3,0,0,83,1,0,8,368,111.86
6884,80dd8bf51b7bacd9f21f8e725eb016bae1e91871,0,1,0,0,0,0,0,0,4,11.21
6885,8b75e9ed91c0a6c100917d24cdb29e8a4b14390e,0,1,0,0,0,13,0,0,70,37.69
6886,549171465db83600dbdf6d0b5af01c3ad30dc550,0,1,0,0,39,10,0,30,148,55.06
6887,2f1923a8233b0c999494cd4b33f85b70dc5d7b12,2,12,0,1,701,29,0,1622,34470,6629.49
6888,97484f2aaf3809137fd50180164dc2c741d05ee8,0,7,0,1,6,1,0,0,1090,277.65
6889,3e426b2f851f40dbc4e8d53c607cddebdb8a73e0,0,3,0,0,21,0,0,2,3083,550.87
6890,564c193d61cd1f92688a08a3af6d55ce4c4636d8,0,1,0,0,0,0,0,0,0,44.08
6891,8b5c161cbf0cab4eb250827e20a12acee00b400d,0,1,0,0,1,0,0,0,93,31.72
6892,efc7edc81a0d9da486ca37b8314baf5a7e75bc86,0,4,0,0,22,10,0,17,630,173.14
6893,0d0c330401ade938bf934aafd79ec23705edcc60,0,2,0,0,91,0,0,9,344,131.77
6894,123086edad75308f8682a491ff8affa545babe4c,4,6,0,0,45,250,0,8,812,389.3
6895,d547feac6b673d59703e1a0ef46db38b26046e4c,1,4,0,0,26,76,0,30,565,226.09
6896,9cf1a08c53b4d3416e10c2b725cbc3abda07590c,1,1,0,0,14,39,0,81,1348,251.56
6897,db8ce0566d1542f5ec7161d31f54026e219eb7d5,0,2,0,0,94,0,0,36,717,164.54
6898,c7a7f880dd99a29183e54f0092c10e7a70186d9d,2,1,2,0,0,0,0,0,265,195.22
6899,07c38e7165cbb21cfb664e1c3b1c0d4fbecc1c44,2,20,0,8,290,209,0,94,3066,1448.38
6900,0b43353bf76f19e020e2831691a832722b590915,0,1,0,0,12,0,0,8,330,959.95
6901,118429cbac0d71d57d574db825b2f077146a961e,6,11,0,0,14,0,0,2,2330,572.25
6902,da3c023635ef3ea0a70bd9a72b839b1861e1188d,0,2,0,0,38,1,0,3,799,166.86
6903,f64512bee11112454fc3728fe5d344a838781e26,0,6,0,0,74,15,0,113,5685,909.61
6904,8bfa8aaaca4560855cb672a0e8232d3849d93c85,1,1,0,0,7,0,0,1,99,49.37
6905,1950acc67a2510be370d6fc7859b562e58070942,0,4,0,0,41,7,0,0,1296,263.5
6906,ee0f148c730e0ae1cb616406166487fba78a2298,3,64,1,0,197,459,0,58,16569,3502.57
6907,35693f0583bd358dc5ecae2d09acb1bbf3676cfa,0,1,0,0,47,33,0,6,493,113.93
6908,5224064d4d1370aef1ef5ba16078014ab5c593f1,0,4,0,0,59,9,0,52,1632,326.34
6909,8da6f069c307d7cf0b8d56281189e84108c7430b,0,1,0,0,0,0,0,0,540,88.8
6910,80e15aac21c6b1969373171fce4c7635b991e172,2,11,0,5,221,123,0,10,1639,583.99
6911,1d3252eb59a0e7dbc2f120e68a22d9429bc596a9,0,2,0,0,41,3,0,4,889,183.92
6912,0eeafa04f26f2388602a7c74b496e6682716f50a,0,1,0,0,4,0,0,3,228,47.9
6913,5716e8d9ed5d3cc86ee6e03c57c1ce46cf18fa82,0,1,0,0,13,0,0,12,232,49.26
6914,3f891a66ca6d329438b6a2b2e4a12f0c09f3e6be,0,1,0,0,0,0,0,0,217,52.97
6915,72cb7d97ccd5a959d30b2c84008d27e6c7597fc1,5,22,0,0,185,406,0,28,6314,1650.43
6916,f54cc1ca51440ee0f445a008f2f31697730fd7fe,0,2,0,0,115,50,0,9,402,131.71
6917,eb2dc5d2a524f816fc5cf707b853117bc6ada01a,0,5,0,0,48,2,0,10,468,141.08
6918,cb88b6462933ae5a5e79b167e3f924eb08472473,4,0,0,0,0,0,0,0,0,105.21
6919,550b6c585e0390bc80516e64df8bd1a3a6e10e23,0,1,0,0,0,0,0,0,342,49.24
6920,c2eebfdb613427fa3314b7ee13c3b9f34ce4c120,0,1,0,0,11,0,0,17,206,972.25
6921,dd1d81ef5a673deb7fbfbf59c1b51b4f83b1666c,0,2,0,0,65,43,0,80,1466,259.79
6922,d49208b0562a2325a89b8b27b837b4dc131068c1,0,1,0,1,3,0,0,4,161,92.72
6923,af466bf722450ce6f61ee2bc1e26ab202dea7fb5,0,1,0,0,6,0,0,4,89,28.97
6924,020f520d173e2bc8c3bf23a4f5d472c3bb248ca6,0,2,0,0,5,4,0,20,600,158.88
6925,c20d9cb1a25963cb04c54d96f620726b5a17d785,0,1,0,0,2,0,0,22,364,70.43
6926,c6e71f159cbd3f993b7fe361a5e5d50352efb306,4,3,3,0,26,21,0,10,374,306.81
6927,00f657fbeb5c6a19af29de6f159afae8c7ca7c38,0,1,0,0,0,7,0,0,748,129.66
6928,a19e5673d61bbeeb8d0f42aa414567a2c930b508,0,1,0,0,0,0,0,0,23,15.6
6929,0e8e176ebd3bd17d969d17ce2b0aa3dafb93fa22,1,1,0,0,13,0,0,30,1387,250.72
6930,8301734594011e7f94f992e6f8c815580a6b62d8,0,1,0,0,33,101,0,66,647,130.19
6931,d092008766c460de329d14d40e9cfd2377dcaf01,0,7,0,0,150,9,0,16,2149,458.72
6932,a5db120e6090faecb680f3f1e297f78e567ba3a3,1,12,0,1,2426,74,0,178,12666,3321.28
6933,2d781aa15c9535c3845692a275c8babca2c45568,0,15,0,1,128,80,0,15,3597,982.84
6934,cb5299ae9b3360a6cca93958a74417d663135a60,0,1,0,0,15,0,0,0,220,76.09
6935,873b15ee314bcdef0e3dae68d403dfbc55f05fbe,0,3,0,0,0,0,0,0,1731,420.75
6936,cc4301ca0842d9c3f66dfa39c5627744f5f91a8c,0,4,0,0,2,1,0,4,1873,344.97
6937,0f4ea611e18f15e8eeafb312e5b2f7f356c7d0a6,0,2,0,0,22,1,0,2,342,94.55
6938,141482512a617a2a05c5dcf0c84fd81385d5b008,0,1,0,0,0,0,0,0,540,89.46
6939,293cb87d52d6ccc98f0d03387f9dc07dc4522042,0,2,1,0,168,317,0,13,97,185.03
6940,aef674264ec0262cddc901182dcd3d1b7851b2e1,0,1,0,0,0,0,0,0,139,926.32
6941,5be05e90d40c5c0236a085269452df7b4f85a4cd,0,16,0,2,2788,348,0,2778,55456,13273.17
6942,21653c31d9cd16de19f72adab9a5b8d6f648a9a2,0,2,0,1,12,49,0,5,14,78.12
6943,73c225a071cb4f77956f7f60ba1985b474028ecd,0,1,0,0,1,0,0,12,163,46.7
6944,92f33ad07628228b31a6251d8c9b96f835609624,0,16,0,0,38,195,0,1136,58049,13057.89
6945,0b26ccdaa1b8700e7958aeebbaf9cad81e737dd0,0,14,0,0,22,25,0,25,2550,602.17
6946,9fe94c11690891eed6470fdb0b9bfcfc9e95a888,6,31,0,1,256,35,0,173,13136,2768.22
6947,f1b97a6aa0206636cdfeafaad70af914e91979d3,0,1,0,0,5,1,0,6,14,21.93
6948,e89baeaf93c36997296f84c600c4065b597365f5,0,1,0,0,0,0,0,0,132,33.35
6949,75d2eca8ace0795bd55ea08b90a0fb784f73fed4,1,7,0,0,113,36,0,63,2351,472.98
6950,14f0423b58256d872a1ddde1712a1fc60b4c5671,1,14,0,0,69,371,0,58,1620,648.83
6951,105331185c0ab34d327fa8e538ed619aeda82679,0,1,0,0,0,0,0,0,132,28.21
6952,99221bd43fa785f510462cd381390c0250f8772c,0,1,0,0,0,0,0,0,132,36.01
6953,63607800cdfd270ae98aea33ac8418a623f6c607,0,1,0,0,9,0,0,14,416,75.25
6954,e71e5ece88caa8f6633b678dbb35d2d12ebc04ec,3,3,0,0,6,2,0,0,381,237.78
6955,8b63eb6fc6bd19efbdc974b7881dfde2c6ef57c8,0,1,0,0,0,0,0,0,29,21.58
6956,8ac4308411df0528a3ef5a3aae0297154940cd9d,0,22,1,0,79,82,0,32,3752,833.86
6957,2843214857f69698c0fc95ae48461ed1ec8f94de,4,0,0,0,0,0,0,0,0,140.79
6958,b0a5fa0c2a119168c4272e5efba16a3ef9e9c329,1,7,0,0,81,2,0,4,2694,676.67
6959,4453472282aa3a676e87fad2395f0f788bb3b981,0,2,0,0,8,0,0,1,268,67.05
6960,c5abb6cabb312a424dc14aa77055339fe5cac5f7,0,31,6,0,0,180,0,135,13197,3316.77
6961,50bb04572371e68726a9176cdcb0668e3fd74feb,0,3,0,0,10,0,0,9,683,135.42
6962,cdc84fe8187e65bddf8d12a5a068e9032ad5a4d4,0,2,2,0,3,11,0,2,153,106.23
6963,51d458872d703acdd853dd7b3149794d585ba285,1,0,0,0,0,0,0,0,0,18.82
6964,4fe73857679ecba89a7edd3c17d9f92e4c0e2164,0,2,0,0,40,5,0,10,279,92.55
6965,7f937297821f5fb27c5ed32a4c0d4e5bc4a18956,1,3,1,0,18,0,0,0,432,248.63
6966,1ddcc07d6522e28ff0c77013680ffaf155b32397,1,6,0,0,49,14,0,0,521,311.74
6967,c0725ddff11992931fa6e2e5c454177df60da585,0,26,0,1,68,8,0,7,10773,2093.34
6968,c48bb67123e7bd622c567393097d81665dc5fff8,1,5,0,0,31,18,0,42,2016,574.51
6969,81ffd6a13e866e920de6705ba12aa59a56115c60,4,4,0,0,53,0,0,0,560,370.06
6970,1978b78cdf8b31fc627937a3ef9fdd0010fac08c,0,5,0,0,72,7,0,2,785,335.01
6971,f8e892d7aaa752db7a835f8969a676a9028c8448,1,4,0,0,18,0,0,5,156,121.22
6972,43492d2d3b2f889273651a2f0159f5071e8ca9ff,1,2,0,0,1,1,0,0,1727,305.26
6973,22dce22e068a541a8436ea27712004b02f8ff84a,0,1,0,0,0,0,0,0,280,55.77
6974,2a9cdd5e75ab6e51e9ca0539caba29cc4350b98e,0,0,0,0,0,0,0,0,0,90.28
6975,8f006582e30b106f0d9841c520250dfd6db4a689,0,33,0,0,110,79,0,121,6542,1324.96
6976,353627b39de73020dd2448b54c0f13f6902b19bf,0,17,0,0,225,40,0,1152,58388,13128.28
6977,cf636e50b9d2afbf0d017f2463b510ec10653a1a,0,2,0,0,2,0,0,0,605,111.29
6978,f3a398953f9f293d09874622551cce8032dbe4a0,0,1,0,1,0,0,0,0,161,102.1
6979,a9352fe9564f57658f918ef63ac4a5ebdc17fb45,0,1,0,0,0,8,0,0,35,18.7
6980,f314b5911bf89a7de729b5850df0c6f57a735ce0,0,2,0,1,28,17,0,2,624,1024.55
6981,31c3edaa29776b63cc69ecd37306ad10836992eb,0,3,0,0,3,2,0,0,1615,403.78
6982,e9d8a7b6d5aa1ee8e523146ae535dcd0d7ca342f,0,15,1,1,14,1158,0,2045,42232,9563.04
6983,1ac4152b1952202f99e216265c9c046e09ecd02e,6,28,0,0,43,22,0,12,5422,1373.94
6984,82591b56fd6c2906bdc0942e52ab0cf072fea486,0,3,0,1,36,14,0,9,734,194.78
6985,c891642a5f56b67e3e4f2c73e8e262e266786571,0,3,0,0,0,0,0,0,770,164.11
6986,d0e4a643a0a1085c98485d37fb433bc8865bc0ad,0,2,0,0,36,6,0,0,82,52.12
6987,3574757f74762ba7ba563595d1cda3314312ef8f,0,9,0,0,5,13,0,9,5012,872.24
6988,0c49185c3e95cc91ba6455a404ca4e89f2c2fc20,0,2,0,0,18,0,0,0,118,56.17
6989,7941b83aafc721034b885f635dcb50cfb23ed9eb,0,2,0,0,0,0,0,0,1183,268.65
6990,efd211debd8a37f215b1a6fdb982aa3ca890bc40,0,6,0,0,61,1,0,47,6173,1029.2
6991,f391770f47aebc824b462308c7ef9e508e76e209,0,1,0,0,0,5,0,4,358,73.44
6992,421029d0c73c3a20fef4852692d3779149599f2c,0,10,0,1,22,2,0,43,3350,601.29
6993,8e2f0b2ec203cb085686796350cb2420bb5c5cc7,0,7,0,0,18,51,0,1,165,101.58
6994,74beb5a3b95c64abd8cdceb67db0233b89da0746,0,3,0,0,2,3,0,2,63,41.45
6995,e1cd59bbc4c370375ad71aabfcc02b16c46e5ba2,0,1,0,0,2,0,0,0,858,141.13
6996,5cd7f630c21c32b183ec23adcfcd16595d7e72a3,0,1,0,0,0,0,0,0,1395,209.8
6997,b737412869ca4b7dc6420a4ac922a2d0df1c7c34,0,3,0,0,14,36,0,10,734,188.36
6998,1e49decfa2bc72c039ed559055d41b1c2c2b3a61,0,2,0,0,20,40,0,2,179,63.22
6999,3d81f7b9e7b3c15fbe7b987901e521ba01e3e3cf,0,1,0,0,3,0,0,1,54,27.26
7000,2d06a06ba4bbd2f64e28be5973eb1d447114bedc,0,10,0,0,36,23,0,45,3835,1507.52
7001,9a1661832d5f515df2addf706d0e249a8a2bb8cb,0,2,0,0,14,0,0,21,2369,331.7
7002,95808b467287e3510baa13634d8ef14af7a74aa8,0,8,0,0,32,28,0,8,1977,404.8
7003,331a6cface11c4a9706e4a4a9bf07e7f1bc07a1d,0,1,0,0,10,0,0,9,436,85.03
7004,00c1b566658aa2fecde4ce2dbde2464f5771430e,0,8,0,0,12,382,0,431,12961,2848.77
7005,df90ba58db8ce6d6e6bead0c8a5cb2d1a1ad3195,0,1,0,0,6,0,0,0,860,142.98
7006,cabdbf181a0b44bd1f9c32aa67b8a2ee3b863758,0,25,0,1,122,164,0,38,8116,1706.82
7007,0e32869f01697abf29292aa786d0cdcca10213c6,0,4,0,0,60,3,0,13,809,196.7
7008,c6ac04ab39dafad8ebc7033b852f535a932d4ce6,0,55,0,9,58,26,0,19,3691,1275.52
7009,855dd48f0a65e7db7263c076d7ed078bf1295ec5,0,1,0,0,0,5,0,0,64,21.46
7010,5915d73a70eb69adc639062f372559c9fc5130be,0,3,0,0,17,44,0,33,616,146.35
7011,a8e0267c00409da7e3e03cfb34168787873ef075,0,1,0,0,100,32,0,58,648,149.78
7012,a7014ce46c15ad5293cc5b124df3463b3c5fa62d,0,9,0,1,67,27,0,18,4234,779.57
7013,4376233e2a7456da752ed1a88ad091163b7dc536,0,2,0,0,0,1,0,0,162,44.25
7014,03390684cc8967f6e733932bb03d33553c6c859a,0,1,0,0,1,0,0,1,748,112.98
7015,8da77b414657f0ee3b093913de5f92eba17ecd2a,0,1,0,0,4,0,0,1,181,47.69
7016,d0941127d424bc76688aec7952388f858d917b14,0,5,0,2,45,0,0,0,217,105.93
7017,624652373e6fb11a7aee0ce8bcfb7a394ed89dcb,3,5,1,0,13,4,0,8,2060,421.93
7018,4dd24c52b84c74a477e00ab6177d081c29462dd8,0,10,0,0,140,16,0,12,7116,1368.15
7019,173dce73471da005fb6780a7e7b65b43bad481e2,0,7,0,0,18,9,0,10,880,196.37
7020,c835dcc7e70cc13415e60198ed4fb9c0e7339ac4,0,2,0,0,20,20,0,2,255,984.6
7021,679f34e88108d870b79f3175b195e8e7d803c331,0,8,0,0,54,0,0,61,2298,448.66
7022,2b88edfd8d6c1cb512abf1d9f3316c50ed342cfc,0,1,0,0,0,71,0,46,678,115.35
7023,1070888fff3a89d435018f11bfb2fd5609be8bab,0,1,0,0,0,0,0,0,223,61.25
7024,d37266f63cf90068415a8cef05b1c63dccc0a9d9,0,2,0,0,3,0,0,0,108,38.23
7025,923195c39e872ebca92b5cc5f148e4c1d39718ea,1,11,0,0,155,42,0,34,5522,1208.27
7026,05e6e5695089640006d06c2f74126b50a73363b7,4,14,1,5,165,35,0,17,2339,825.41
7027,c6bf4d51928985517c438d1efcaefdeddc9ac5ef,0,4,0,0,12,0,0,29,1462,255.93
7028,d4317c80e62e4eb0c2e997adf4438b927dfbcd96,0,1,0,0,0,0,0,0,144,32.93
7029,70c4f78ce03cf9e13d148e75445b19d43571a09a,0,6,0,0,0,0,0,0,352,150.04
7030,effd1093b559aeba2bf66a4cf81cd4a0013de184,0,2,0,0,39,4,0,1,121,69.16
7031,59ffb6119b2e4613bc8baec9a0738096184a3d92,0,1,0,0,0,0,0,0,98,54.76
7032,4c74a73d57e09fd2c0ecde862a196c28dc6cd219,3,4,1,0,41,1,0,14,294,146.09
7033,310934d0604605fe361e836fe4277c48b5c493fa,0,2,0,0,27,4,0,27,3431,543.79
7034,acf9b87dca2cd190f4b5318efd5dc48e19b317f4,0,1,0,0,0,0,0,0,628,103.51
7035,665fd0d07e34141c2765f02398eb1ad9e376f32f,0,1,0,0,0,0,0,0,40,19.36
7036,9da4e6906e9d7f62b8a8fe5dc996b066dac4066e,0,2,0,0,38,14,0,3,134,61.94
7037,092dc6de8483eea1b4e0d960cf22e65359379da1,0,6,0,0,0,0,0,0,511,245.53
7038,4c3a64db13b086ad3d8a6ffa1be8ba2f5a24719c,0,2,0,0,0,24,0,0,93,37.16
7039,1ab6882f6285e0bfa2864a09208edf4f2ae4125d,0,3,0,0,44,0,0,15,1574,266.82
7040,75a6b36849c58d6a751f57226ab0c8f7884a9e87,0,6,0,0,26,26,0,8,505,1056.22
7041,2af2b4c040ca2de9c10ee6dcff92b55c37956faf,0,2,0,0,0,0,0,0,1748,259.66
7042,26e6c2ceb4db80e561ec321dba52673e7f285d1b,20,4,20,1,4,40,0,0,827,786.67
7043,56f9e1a60af224f8f3b0453932155ca46d44cf71,0,3,0,0,102,0,0,1,1280,300.86
7044,04f114b85c0a44351556ad0e73f7e65f8e3051a4,0,6,0,0,23,0,0,3,1410,270.65
7045,5895538a32d6bd2d7153e38304523caf6ea7579c,1,2,0,1,4,0,0,1,707,196.71
7046,70d48b113e3b824e2804164e80edf01522c85272,0,1,0,0,9,2,0,7,156,41.12
7047,13028d71576eebda3f5a831903e2a2e6d5f97ff4,1,2,0,0,9,0,0,3,75,54.09
7048,d12eb7a4aae5c2dc7b230bf2a12d2313b93b8ba9,5,3,0,0,6,0,0,0,97,146.67
7049,192e87309e387ef9fdf7f9808d221ca28ab69889,0,1,0,0,10,0,0,0,57,26.07
7050,fef7e8f7e8242b87f6e1c6b4b8df440af8ca6da5,0,1,0,0,1,0,0,0,67,21.68
7051,70da554183213778911d3ed0537402c6cfeab173,0,1,0,0,0,1,0,0,67,23.19
7052,7b3291fa8b836be9539817876799994fac5de335,0,1,0,0,0,0,0,0,74,24.96
7053,bf343da4a445cd9ed1da953e2b24861a5b869846,0,1,0,0,4,0,0,2,159,42.4
7054,612c23556d4d2b6ef609ce7c487efa9bed35e145,3,1,0,0,12,3,0,0,1175,284.1
7055,3b444a066c0c699aff749713209950198f1b21e4,0,5,0,0,0,6,0,2,520,132.5
7056,1b4e935cec47cf03c18e11b789177a6484661abd,0,3,1,0,18,9,0,32,1310,215.54
7057,6b21f8881be7649dadbdecd28dc2e2abe5c4ebe5,0,19,0,0,18,91,0,11,3899,721.29
7058,7b8cf37c3b7cd82ba2e41947b64bf98bed121c55,0,1,0,0,0,1,0,0,324,73.89
7059,4e7f67717033afb46aac045a8ca81dbd2140bc9e,0,2,0,0,3,0,0,2,1411,210.81
7060,6c0e219dd42f766de345f3bbc991ea8900f0eb2f,0,1,0,0,21,1,0,0,308,972.91
7061,b5942241cadd79147a5d65457f93aaa39aa7118e,0,1,0,0,2,0,0,9,187,39.29
7062,bcefdf7d186584912b28de0394f2faf56cb0465b,0,1,0,0,0,0,0,0,189,33.93
7063,b03348630c145aa6cc29f0f295442c6deb28a28e,0,76,0,3,176,239,0,91,18495,3830.5
7064,12f2b02a805817bda2800bf1017c6b1c58dba866,0,77,0,0,139,87,0,36,19737,3696.36
7065,25ff9d0bbf36a68cdac99035c8d5ab1eb889ceb9,0,76,0,0,87,139,0,34,18584,3634.36
7066,88356029f17430b77df15aaedbe17651397494a7,0,1,3,0,0,0,0,0,1179,219.4
7067,af2157242759e5e50ddeab3c1c6b03b41080372f,0,3,0,0,10,3,0,11,985,186.09
7068,08a9522fc1610231c34d4d865777618eb06d9e19,0,2,0,0,0,0,0,0,2417,324.8
7069,3bc64dac951a8bb40e8687dc2e60049ee75856f5,0,5,0,2,0,1,0,1,463,149.02
7070,8d33949b8db072902783f63cd9aaa68cbd6b905f,0,20,1,0,17,54,0,35,6367,1355.06
7071,b2a304ff843d89fcdf0d4c76e00d56fc97c9eb25,1,2,0,0,20,0,0,21,135,72.23
7072,778f507ada6824e6f388f1500dd56787183b1e23,0,3,0,0,0,0,0,0,321,81.02
7073,20d272bce56ba8e586feceb710da159f288aa1e8,0,34,0,1,0,1,0,0,1972,665.57
7074,36371acee79b08dd7b1e069b46cf94bf78763db1,0,7,0,0,63,1,0,4,852,229.13
7075,e62fdd9db436c970f305ffb18c334dc420f9d75c,0,5,0,0,0,0,0,0,463,103.47
7076,6859d4e207b261a8afb09eed9c94c94a7d7425ad,0,5,0,0,0,0,0,0,463,106.05
7077,439191ece6e024dd736cff000109748672219d18,0,1,0,0,0,0,0,0,12,14.84
7078,8f290c35b7259820de4a7c04256e74a3c3b6e056,0,1,0,0,0,2,0,0,139,33.15
7079,d63a287bfdaed1a9035a3a04db0fef92ddd6bde2,9,15,0,2,125,216,0,18,7376,1456.0
7080,a2b110e0fa82e98e100b70210101efc727f313ec,0,1,0,0,0,1,0,0,416,973.35
7081,137b105c671c8b0882c7312406e93a2ef5670b11,0,7,0,0,48,16,0,10,2085,448.77
7082,c91af3e7a4e8048a82601864c1949728bd3a2ce5,0,7,0,1,4,3,0,0,1810,342.72
7083,8c9087e6c55882b3408a2f2ca7d4627f95456a84,0,3,0,3,0,0,0,0,306,196.02
7084,6752eba68f69e5d2d279b2b9433e584e1cc9b58b,1,23,0,0,60,37,0,5,10462,1957.69
7085,7465973068f45a78d66394cad7c0858bfeda1b46,5,3,0,2,24,61,0,10,491,468.39
7086,1e28c9be6b040673dcf35bc857f694b80336ad4d,0,1,0,0,0,2,0,9,187,42.53
7087,645e5a5e2b598310513db7ccfa559f8961c65f05,0,4,0,4,12,0,0,16,544,326.27
7088,8a800c3f196fcbc3ed63f0967025c1779c43d486,0,18,0,1,9,101,0,33,8503,1479.73
7089,f362ef709fae35428b9ad80efb2b5fd7700fc3c5,0,9,0,0,8,7,0,9,1938,359.44
7090,9e53f2927b3154eb703560933ddad489c2e232b5,7,27,1,9,22,432,0,8,6349,1865.17
7091,7a1c1216782d534efa409d2c5b3c1dc69b19160b,0,1,0,0,0,0,0,0,418,66.8
7092,32ddb1f604666e020e04a02c6fc213b22e5badef,0,4,0,0,10,18,0,0,570,260.68
7093,19bb4ef487407cdf59a3f3c5bbef6dd8b917b682,0,1,0,1,0,0,0,0,35,43.41
7094,e1eb53296d984ea34cb5c2db5289412062b0c753,0,1,0,0,0,0,0,0,50,16.49
7095,bea5de02b3c353913b6a3de2d5ec0507b901dbdf,0,1,0,1,0,0,0,0,423,208.65
7096,0a3a9a5417932da30d12dda2baa1464d4294ace4,0,3,0,0,0,0,0,0,117,45.46
7097,2f14a054f8d6497dee4a65f0206f5bf522477ef9,0,5,0,0,0,0,0,0,309,66.54
7098,359fed7b4b62e4dc7818a211735630cf0e10fc14,11,73,2,4,313,386,0,55,13737,3570.1
7099,3a9dc8fbd58ab6dc4a895cbcf9644422fb5b8223,1,8,1,0,0,0,0,0,1140,319.38
7100,df34300cd3f89c1efdea43b0b2ecb64c317e1a34,0,2,0,0,50,115,0,5,402,1130.1
7101,5ff04c5e7fdf12946a3f0ae15ed7e83209f0e617,0,2,0,0,23,13,0,7,287,86.2
7102,b8e0a8396f5f6ec02d9382a75f550499d85f3a23,0,37,0,3,111,45,0,6,7860,1984.94
7103,b56760c732f4f72fcc3734cb0133262198d0889c,0,1,0,0,7,0,0,5,132,45.27
7104,331910192af158aac33f883ae132fba444dda003,0,6,0,0,36,25,0,0,603,165.24
7105,87c3ae9314e3a6ba85900cceb06ea34cf295395a,0,0,1,0,0,0,0,0,0,13.04
7106,77ca743d095de11bbe30cdc230d8198f0c3d7d4d,0,10,0,0,20,107,0,3,4288,1009.29
7107,64fe24e687a7255f0d2867625b62c6ba7737c5d5,0,1,0,0,0,0,0,0,118,26.72
7108,9a2e680caeb8c6627357ff5a0963170f09e65414,0,7,0,0,1,5,0,1,3005,480.09
7109,591d86ab29bfebe1e87657c030319d17c7c8ef44,0,3,0,0,0,0,0,0,110,39.28
7110,60350357076af2312706e13ad193c0596ee9f340,0,10,0,0,6,3,0,17,2107,407.02
7111,2359ef518a0863bc5307add7931aa8a0f9cad004,0,10,0,0,0,0,0,0,2113,389.17
7112,61d10feffaa7b96ee46e2a6f1e542d80c1d76f42,1,48,1,2,47,162,0,105,14508,2799.17
7113,cfdbdd2066bf977c951b74b31c0e41dce152f9ef,0,14,0,0,84,1,0,0,5009,1262.96
7114,90c15bae8d5e2acb4d58977bdfbb3425f80466a2,0,9,0,0,4,6,0,12,2103,402.21
7115,93f5624cb9f9d2f8f8d27259ac1d6f44bd99116f,0,1,0,0,2,0,0,2,93,32.73
7116,bebb2a3a458f6908131616c442ffb0888b5f7778,0,1,0,0,0,0,0,0,647,142.41
7117,e6e52cd80f4ba26b196e2d20cd84ba167b303475,0,14,0,0,3,9,0,0,3629,794.07
7118,eb5e43673c3aa93a0eb7af82b79c764f351bfcf7,0,21,0,0,68,21,0,45,7866,1293.59
7119,e10d7836ed420754fcf13e3ab7ea1c1c2f1c2098,0,1,0,0,0,0,0,0,217,45.24
7120,780be085eded5d26bff5150362f33f4d4dfa159e,0,9,0,0,75,8,0,2,1168,1427.54
7121,38e983ed4484f60cbfc426c4ec7128c87a145096,0,4,0,0,1,32,0,34,1925,408.04
7122,5d6b20ad187a6564b7c009306257d455e33d9235,0,29,0,1,86,37,0,33,11896,2291.41
7123,58988cb53c6287dc82a7a6242b1fe3f50dbf9dfb,7,9,0,3,49,199,0,13,1928,848.72
7124,16d483f9003ddee71404f37ce7694003d1a18ac4,0,3,0,3,108,88,0,5,178,215.8
7125,214d21994e5e0c64ca9f463b51a91279deffcef5,0,2,0,1,3,0,0,2,178,98.76
7126,d2792a07fe4fe9b10329e52176a0ad4bc0bd0f79,0,1,0,0,0,0,0,0,188,46.29
7127,5c07dba43a9aacd77037948528b45fce4a42d822,0,2,0,0,0,0,0,0,313,76.97
7128,4341c3f554cf85e73d3bb536bdda33a83f463f16,1,24,0,0,91,46,0,22,4355,809.27
7129,a6d8cedb06eecbdb1d15e8067d470f5b871187c1,0,3,0,0,0,0,0,0,450,78.06
7130,190a660d17c2a2cca6128edb33254e7ff851bbb3,0,6,0,0,0,31,0,48,2561,501.16
7131,81d2927e4cd31a40d091a2f77133cafb394949e6,0,1,0,0,0,0,0,0,3,9.17
7132,11d749527a926de44036154f675eb055190b4fad,0,1,0,0,0,0,0,0,56,26.49
7133,4b208eb2b653add87ebb679da69ff98777bb74a4,0,1,0,0,0,0,0,0,56,23.79
7134,fc13cf7d7843029d807878869e3c64cace5640dd,0,8,0,0,0,0,0,0,2133,405.72
7135,2ee8690b47763fd0ed97d47713b1c516633f597b,0,1,0,0,0,0,0,0,0,34.78
7136,5f238b3ef46e7d5f31a9fb2dfff0111085af835d,2,1,0,0,7,0,0,1,67,57.77
7137,e39359986c4765946cde30da2957324cb7c9705c,0,1,0,1,0,0,0,0,46,34.44
7138,b27f9b582a858fba66036413936debad27737c3a,0,1,1,0,10,84,0,38,2991,440.89
7139,410368b84eeaa31e6e21c69df8361a32763a1c57,0,6,0,0,15,5,0,9,2078,411.84
7140,15404831355f2217669c6d66ff46bdb3229a9643,4,14,0,0,117,32,0,10,3220,1950.07
7141,cfb6a54f69b1d847142afab56bdc1504638f118d,1,2,0,0,22,0,0,43,393,147.85
7142,0ebd4b8433cda51c422260f84cc9f60568a2a45c,0,1,0,1,1,0,0,0,95,50.55
7143,b145286f36d1cdd2cec72ec694bbd3d8b62e3765,0,0,1,0,0,0,0,0,0,12.04
7144,3c7ab8107204e730892951f323a0c231ac769bde,0,14,0,1,13,2,0,26,5212,1031.43
7145,2ceeb54c92cecc80c318af6b1655435b83bf7493,0,1,0,0,1,0,0,0,155,35.49
7146,9e7b16b88ed6e9c2c3f53743bfe5c74098f2b8a4,0,1,0,0,3,0,0,3,1274,190.78
7147,afce850cfdc827cd727418b5f7a2543f2160f790,0,22,0,5,166,179,0,20,4786,1058.41
7148,5df2fe706338c9fdee397284c51df34ddae4cfe7,1,3,0,2,13,10,0,1,396,207.58
7149,976ef508f7c6f758761e438ade59d222f5cb0aa8,0,3,1,0,10,13,0,8,396,99.96
7150,417dad646bf91922fe0117c83ea69aa501f3c2fc,1,3,0,0,13,10,0,1,396,125.92
7151,4aadc5d322884310ce6ef49fb0031bfbd2a096b9,0,12,0,5,66,3,0,12,1209,458.96
7152,f20580a53083b69eec3d766cf2a1f99d0bff9747,0,12,0,0,0,0,0,0,1275,277.37
7153,456057ef90f152315a7f244141f3fca4ff748336,0,4,0,0,196,171,0,74,3979,746.03
7154,bd68551f26832da745d9d38ad2e259f8ca32bfff,2,93,0,4,186,238,0,130,20058,4020.22
7155,74d0adce61fc39ef9d1ec2254dcd0f53181bb62c,0,26,0,9,106,223,0,4,4055,1157.79
7156,2bf5bbd0a2a4a787b6e83615798d43f1526d8956,0,3,1,0,10,13,0,8,396,95.26
7157,7f4c3b3564dfef595780e8b98da5d2dd0b9c5056,0,60,0,1,81,170,0,85,19614,3759.79
7158,bb28a3b4660a64bb513ffe4399e72679fc2dcec5,0,1,0,0,6,0,0,12,327,61.71
7159,3bd824facadd40dabb06e19ccad911be0ea6915a,0,1,0,0,70,50,0,9,195,65.95
7160,6442d30f0f3b4bec791dfa2ebc0cad5938b3b18c,0,1,0,0,0,0,0,0,265,996.27
7161,ca87d05a518338e64099f42c229d557b93ce51c8,0,4,0,0,59,7,0,21,942,234.04
7162,0af61dce6576edfb95b41c1959d1947add7dd092,1,42,0,0,22,40,0,0,6870,1481.67
7163,cacf3f58356df41fe15e8375f9b633d3db16f8c6,0,1,0,0,0,0,0,0,1,8.8
7164,63440a9c7d76e82bb0d90e7db098f0b9b5595244,0,5,0,0,0,0,0,0,553,242.85
7165,367dfabf0694a5c72dbd5c30092a1ff9e30fca5c,0,12,0,0,0,97,0,6,1178,286.24
7166,9f1bfbeaab7b8eb4bb9cfbc6ccab959b025fc7cd,2,8,1,0,33,6,0,3,820,276.81
7167,d35d8376a70a8de63c5d232a46e39657ba739eef,2,90,1,2,264,277,0,36,19980,3958.19
7168,38eaf47fa7dd4b0b3b822e73c9e644370a5cacb6,0,9,0,0,39,19,0,0,2566,561.79
7169,5facaded902a13556952b1f9d26b768cb86e6599,1,36,1,9,67,35,0,6,3269,1043.87
7170,98d1637bcd1954f73817d77b6aba7ebb6fc24890,0,28,0,0,139,129,0,52,10481,1853.58
7171,71a55dcd6418fbff9fb90b94a855897077ac6e4d,0,57,0,10,114,35,0,18,8557,2308.78
7172,50265395d1fd96415162224179dd0ad087e9b8a7,1,5,0,0,45,35,0,4,804,240.61
7173,1ff90d3b4b82427d4ab984ee937ea4c02b1d5910,0,1,0,0,5,6,0,4,412,84.0
7174,11aa6742f0aa44d6084f95810c675aa387e9ee86,0,15,0,1,48,32,0,0,3853,735.95
7175,c205b5b5ed873a2c503915aa70267ef2800f4d20,0,1,0,1,14,9,0,1,10,42.69
7176,0a24178d06ac3dd5780522d52b5054e7aff1e50f,3,16,0,7,96,64,0,0,3559,1179.88
7177,e2cef8aa805478feb7752fab738ee997e2bf374f,0,6,0,0,27,20,0,5,1712,347.7
7178,c3b3fd78888b8fd51f0dd1864a8cb618f88be16a,0,5,0,0,0,0,0,0,1808,358.71
7179,023d4f1ae8081da3cb9ff54e6b2e545799704ce7,1,7,0,0,90,68,0,32,1452,418.95
7180,9cabf34e7bd9bdd85920f5cd3bdfe5a331166ec4,1,0,0,0,0,0,0,0,0,969.48
7181,e8fa9cc85f708d8866fdff7b7a502fdeefc8f0d4,0,1,0,0,0,0,0,0,265,44.31
7182,183b3e31bd6255cb7b1e312f37a06fb60d7f21d7,0,2,0,0,50,70,0,5,402,173.12
7183,4eea0d923e37180b25d89db676aed2f699f5e0ba,0,2,0,0,0,13,0,10,439,95.63
7184,f97c0bd8b55a09875dd94a32d8785dcf1944ea5c,0,1,0,0,0,4,0,2,228,40.56
7185,b727ab850cbabcc480d5ede2f1970e896e6f3e46,0,2,0,0,0,71,0,9,364,81.01
7186,202e414eb2e9bf9c825b6ac64a9c2ae50e1dcf5d,0,18,0,0,14,18,0,8,8275,1407.93
7187,4eae5a29749da1c34f1a2dd0b1f6aa6f7a9bbffd,0,6,0,1,279,327,0,81,3106,612.93
7188,a4afa38f7a56aa6c36ee1af21fac8ce6d056a3db,0,1,0,0,3,0,0,19,76,24.79
7189,4e1c7208cbbe27a926a192a9e9526c0d02d0c516,0,1,0,0,0,0,0,0,13,13.43
7190,8597b19b3d7bb2671a6afd7e902aaaea6690a105,0,4,0,0,27,7,0,0,234,128.37
7191,41cc9a125f0074bdb9633d873f5bc2219ca1fb73,0,6,0,0,49,54,0,19,1242,257.28
7192,59275100e1d7889e73169ab0d0a70c710e260b7a,3,2,0,0,136,154,0,4,210,224.93
7193,73b6bd0283eb4a9a9704a15d07974cde829ee2b6,0,2,0,0,0,0,0,0,51,20.15
7194,690ff38f54d0de588465cda410ac4496cd9a3369,0,1,0,0,0,1,0,0,1167,193.96
7195,b4ed130083a26bad455eea2843a2e3075f400260,0,99,0,0,367,368,0,103,26965,5029.16
7196,83af5f2c623cb3180ab21f17f5681d4328acdc76,0,1,0,0,0,3,0,6,2999,418.11
7197,3a0f59d0314cca58c089c1e8b3aa42efdba43ad4,0,12,0,1,18,7,0,1,1510,411.1
7198,81133f89fc9a80fbd03aff5a3b51184eeb90f130,2,3,1,0,0,127,0,0,276,134.69
7199,d78d1ee672ed01f16243c6c4384fb54c41498af6,3,9,0,0,145,153,0,101,5296,1094.42
7200,138a7392e305d61120242bcdcb333b448eeee28b,0,0,1,0,0,0,0,0,0,937.48
7201,e79a007dd9810b33cd508986037e17d45b55a705,2,35,0,1,116,305,0,43,5787,1399.1
7202,d653c0bc7f84379ae797ad9dd899214f72a58213,2,8,0,0,49,53,0,4,1107,321.96
7203,ffdc0e6851e7172bfd3a31a0d78a92fa712ece0e,0,2,0,0,168,136,0,1,210,110.79
7204,a6c9d371df6243458ef2db17bcfea9af890076b8,0,3,0,0,66,26,0,9,380,122.53
7205,52273aa8f3221e11489004bacba4f4b6eb05f5c3,1,11,0,2,81,88,0,11,2170,790.94
7206,5d9b7a978cf84ed8aed91e93fcc6ddbed50cf47c,0,9,0,0,51,17,0,17,1536,346.45
7207,240b4b16ff14122bb84101d81d5bb263ea7925f3,0,26,0,2,292,251,0,132,13436,2265.16
7208,38879fb3ffa88ca95b15c61656a92e72c0ed996f,7,52,1,1,206,163,0,89,10351,2279.23
7209,51489b2081102b02785c89b6a03d36f54e29657b,0,6,0,0,33,89,0,1,1197,399.27
7210,9a27ac8781ea09ad0890c3f0a6e6676a785818cf,1,1,0,0,5,0,0,1,106,64.84
7211,592d541f5d5e5fea5668915e0400f048fa3f65e3,0,8,0,0,60,52,0,12,2775,635.59
7212,28d81295f37873e20f89f10be5a7ff62d3d0e1a3,0,5,0,0,26,8,0,0,676,175.28
7213,909e5f2f14186709ceb4697f76103c83125c8b49,0,1,0,0,0,0,0,0,175,44.3
7214,8c6ddc1aa5497a38018fdcf100bd33b385ca2c84,0,2,0,0,107,30,0,4,420,135.12
7215,64d164b86d32f6d6e987722bf223a809743f9f47,0,1,0,0,0,3,0,0,26,23.86
7216,dd70cc308158c435c6d8ec027e2435a29be4326b,0,43,2,2,185,122,0,100,8825,1697.82
7217,3969b853b272c9d898024b3e86308c964e6fe6d0,41,4,21,1,3,1,0,7,1649,1307.78
7218,93bac3de0a5ccd3977fb9d3760efa19481955d80,0,6,0,0,13,18,0,5,863,212.26
7219,888f2335c952040646ce820f6191f6433ec9411d,0,15,0,0,96,199,0,42,3666,1027.53
7220,4add40ca24405ca029739aaaf0b80cf5fff556f6,0,3,0,0,0,8,0,0,538,1086.23
7221,c9fdbec772fe7dea06644d86e2854b98047ac9da,2,13,0,0,87,118,0,53,7147,1216.26
7222,880b26d7d8678c688d741d991f55bd2245bee345,0,3,0,0,0,0,0,0,170,52.41
7223,b7db62c702ef27b79365cfa62a8afee9042bcc6b,0,1,0,0,1,0,0,1,2972,426.31
7224,cb506fd4019556ec5535310b38e99b1ebfdf80bb,1,22,0,0,15,38,0,1,6206,1137.42
7225,7cdfbde37dae11261b4be12cc086058826a8037a,2,7,0,0,73,0,0,10,498,199.83
7226,705b3fa98c97806c7eba63617a99f62d829400d1,0,5,0,0,234,228,0,4,399,212.19
7227,3cced094c57d7ecaf4f5b22a01cda58294595ced,0,1,0,0,3,0,0,31,2973,531.32
7228,fc5dc6282cd7d74776a061200fef7cb00b134f03,0,5,0,0,115,60,0,67,2651,607.31
7229,2e6481386b80c2306e0e12a9c7cd137b63eaa006,0,1,0,0,1,0,0,1,74,26.52
7230,43a8ac00158e92c3015af7753edd8e835dc6054b,0,2,0,0,0,0,0,0,34,17.1
7231,82b1c320f072a8032c9727a93ae106b5fcdc8108,1,58,1,1,363,333,0,4,8064,2124.68
7232,0bdfd4f44975414fa9258bbb7daa6edd1682db9c,4,1,0,0,21,7,0,1,8,123.31
7233,482d6bd3a4209b3c642b41ed4e42602a789e8369,0,4,0,0,22,25,0,1,665,179.46
7234,0acfba0e35933d1008c9ade721055dafc137b50f,0,1,0,0,6,0,0,7,796,141.48
7235,f41250fb3799ced5559474297727f6f56adfb8af,0,1,0,0,27,27,0,0,67,31.97
7236,377174d3ef95e020573a824e71c530b8391e67c3,2,40,0,0,423,541,0,343,12128,2284.61
7237,8237fdbd1b044b7ea86986902921f12e9e025b71,0,28,1,2,594,549,0,147,13942,2843.61
7238,660ead0118ecce83667a21420285caade2acec2c,0,1,0,1,0,0,0,0,73,48.78
7239,090c10f2a4df298e7778fb2792c8b65334db0916,0,1,0,0,0,0,0,0,73,17.62
7240,4985e273079b1dfe95db0befd49266ad46754b63,0,1,0,0,6,0,0,0,24,1020.46
7241,15b32460f9484fc0c635172c81b6a6315283775a,0,2,0,0,4,15,0,43,2983,470.6
7242,e5e2bde87b43e3b3d897845c8973d717dc495f69,0,1,0,0,7,0,0,0,0,15.34
7243,2a99b87af2ebe289e2fec94c9cdca0942397977d,0,3,0,0,52,712,0,9,3379,715.01
7244,bfaacfdba306061477d3103754fd5c5ac3612e1b,1,0,0,0,0,0,0,0,0,256.53
7245,afcaa8747f11032a06f2e2dd095b8f6fa003baa1,0,23,0,0,62,174,0,14,11672,2339.44
7246,e0a530e7141f60912f49ccd09166ae74bb17cfa7,2,21,0,1,34,17,0,28,8543,1692.47
7247,dc127df077490640a808d540fa56abbe888c9730,0,2,0,0,15,0,0,7,623,123.57
7248,0356674cd1f59b10ab515058efa948e556fbc79e,2,2,0,0,20,0,0,1,2687,632.99
7249,6712f8f632e6ece032ee45f679db9a42a69f805f,0,5,0,1,14,0,0,9,722,210.12
7250,e5111b860891b2984f879e259c76aecf06bf97ba,0,1,0,0,0,6,0,0,155,35.19
7251,14368c432a6f0fe41f9e627ed53d3317d0853212,0,1,0,0,0,1,0,0,103,29.29
7252,63ad16af0c3544c335646b4d97dbea82c02ee849,0,1,0,0,1,0,0,1,2987,440.98
7253,9382f391c8ce44cc4de22ab5b10a1f4e8046dff7,0,1,0,0,3,0,0,0,309,70.53
7254,2d0da40fff2d3b4873c610015e948ef9167ac202,0,2,0,0,3,11,0,1,1350,223.14
7255,17e7aff37e6b69cae0fb6d15ebeb2037d1ca6acc,4,20,0,0,141,47,0,30,3395,888.39
7256,fad7d01d8f28f2de8e82b27306568c265bd32b41,0,3,0,0,14,2,0,0,263,107.31
7257,9ee8e2714df54345743ddf18bf23899872930b2c,0,43,0,2,46,192,0,18,9915,2172.57
7258,4132314f51951af43f4f56d9886233b3ba417903,0,54,5,0,465,1585,0,151,19942,3918.71
7259,fd86de98e192d55f221f1891b712e927761736d9,0,8,0,0,72,0,0,50,1702,376.68
7260,ac6b998afe033cbb6a307d249c8e18bb97d54c9f,0,1,0,0,2,0,0,0,27,977.71
7261,114b62e637bf4aff1873cc20f87888f514f40079,0,1,0,0,0,0,0,0,1,10.44
7262,28cdf4afb8a864c0cfccf278960a6597708f7dd6,1,5,0,0,42,14,0,27,885,343.73
7263,35a2b8e53c357f217280e4a136148ac03276d753,0,5,0,0,1,2,0,0,676,126.88
7264,2085958216281a0df56393f3d40b464ef2a81245,0,17,0,0,79,106,0,27,7589,1767.56
7265,c463e9c8403645597141b18cb9d502623fa7f104,0,1,0,0,0,0,0,0,216,45.1
7266,33ede55164421b40c0bfe1c9d47c1db6701265c2,0,1,0,0,0,0,0,0,132,26.31
7267,0ac18a81262be2b1040455fb878178045bc7764a,0,3,1,0,56,34,0,104,4267,688.01
7268,252ab30820c74409186823a672672d8a03b940ca,0,1,0,0,0,0,0,0,42,24.37
7269,d999d2da2328fecdeb9b249d80ee20a07393db57,0,1,0,0,0,0,0,0,157,37.56
7270,72270866cbacbcfd10f2ad2cce33362577eeef4d,2,59,4,2,126,101,0,48,12108,2416.61
7271,80741e31e8259dba6fc4181726394c6dbd56f026,0,1,0,0,0,1,0,0,48,26.2
7272,bff619ef7b100e8b09f7f5eb0f6e289ca51de096,0,16,0,0,27,118,0,13,2787,587.84
7273,600fdee8449aa1de80c8a78d3bb5e8551d3a0261,2,17,1,0,47,26,0,10,3286,1000.63
7274,5c312667ed9b9b3bbd870c7fcf26591479da000d,0,4,0,0,0,3,0,0,284,201.66
7275,e0580b20d14e47a7941f0ca5a37ee6bbbcf044c8,0,1,0,0,5,34,0,2,31,36.35
7276,b2c2729c42e245d85303782ea8b6a40023ce3d5d,0,1,0,0,3,0,0,0,71,34.42
7277,df98d6848f2848579c1893a42132dee3cc5d907d,0,3,0,0,5,35,0,0,191,71.13
7278,d726492838729a6a0312baa826ea0999253e81db,0,5,0,0,71,64,0,2,571,210.62
7279,f9b19c6e339829db1df9d9953bdb4c134280f117,0,1,0,0,0,0,0,0,196,40.58
7280,570d786ac44a92d5b04cdf0b5ae6a707db486b03,0,3,0,0,0,0,0,0,2940,1453.57
7281,0c4fbcc32973e9fb3840cb2b5e397155044c2b0c,1,8,0,0,53,2,0,34,1496,387.35
7282,7d704874423fbb387ef3251db220d5d2455e343d,0,5,0,0,14,12,0,1,383,116.09
7283,f7212aaebaa024e795707d7af60eb24760e2c55a,0,2,0,0,0,0,0,0,214,48.58
7284,b35e18cccd8e990db458004abefab7fe3c8105c0,0,1,0,0,0,0,0,0,176,45.44
7285,92f53218e32f3aacc1f96ef8a4f2254f47c0bb42,0,4,0,0,25,12,0,27,423,149.81
7286,54827cf6139277c8f7c5cfd6833cd4c33a08e9b1,4,44,4,1,70,28,0,4,2976,1191.81
7287,6f9651b41741ac8c0d3ea0bb48cdeebf2101585e,0,2,0,0,84,10,0,1,19,60.98
7288,ca74ec774040ae78ebe4cca37730144f498ebb14,0,1,0,0,0,0,0,0,23,13.89
7289,08544e54a999df16cb0cef7cf45a17da1eeef42d,0,5,0,0,0,21,0,0,715,182.51
7290,e8ae6d4b73191a7ce03c99bccc4eb45b611ce844,0,1,0,0,0,0,0,0,2940,424.66
7291,e6e731cb861b6c2412ce06ee87a128998a502d66,0,1,0,0,0,0,0,0,203,60.96
7292,835d15bf9779698bd0b269c2008a496be79090d2,4,6,0,0,39,0,0,31,2991,547.96
7293,777b653b45e54c89dd69e86eff2b261054465623,0,1,0,0,7,0,0,16,604,128.36
7294,e1133d52015ffce9ff6cc2f60d6d48536779d0e4,0,12,0,0,55,24,0,10,3259,854.2
7295,b16e03c130bacf71a22b1c0e61c502e13831e94b,0,2,0,0,17,0,0,4,564,151.01
7296,b4fbf5fe18bc9247106f674580666096fd34d3fa,1,0,0,0,0,0,0,0,0,38.58
7297,9b7b83d86208c30dbb83ea717e694c5389e71671,0,2,0,0,8,0,0,2,820,175.66
7298,1a4037b9dc1efbfacd81bb38770f3ee42cf5545a,1,3,0,0,21,153,0,0,101,128.86
7299,48cf4c7abeb21e31a0b7701821ced3defe25ffb8,0,1,0,0,4,0,0,0,43,31.09
7300,984e0ecfc41e286d779d1f99d59325d396b7f085,0,27,0,0,23,13,0,0,4495,1944.7
7301,6f0c9fbfd1f17f5f50d90464866d153286b051a5,0,1,0,0,3,0,0,8,1174,214.12
7302,194efe3e5a7d209fccc64d195f5d1f1df41df609,1,6,0,0,46,50,0,20,3339,840.17
7303,ed60e4518dda1172de99db6ace098dd858a3ada8,0,2,0,0,0,6,0,0,131,48.86
7304,e70b628544b377d4107d13c9fdbe95540f4fd9d7,0,6,0,0,14,2,0,14,1957,377.74
7305,2442cbb6ab5b9f1729b74361dd2bbb066d5910bd,0,6,0,0,234,47,0,22,1746,394.19
7306,3e2941a49e58080618fd2d2e6757694c96651e0a,1,15,1,0,121,10,0,65,3416,755.0
7307,f6582400bec7a9b2450437efbfb7139f212e5631,0,5,0,0,19,11,0,0,586,395.08
7308,0f33931b2acdf8b7aa9fe0b86cf83a8194cf9a6a,0,1,0,0,0,8,0,0,2932,431.69
7309,7c1c370f2fcde83b702011046a8b6fb0b01a263e,0,2,0,0,5,6,0,8,66,43.61
7310,81b95afbee2da5efed4c323ca73144f9bf71df0e,0,20,0,4,46,18,0,17,4001,949.1
7311,3863559b07fe19ff72f4cf5a326be7e09e70609c,0,3,0,0,13,8,0,3,1146,225.75
7312,9434d52c190386f15188e0473ce005e96bf78413,2,8,0,0,56,59,0,32,622,252.1
7313,b75510284f8af2a70986b7ddf9174fe985d160a9,0,4,0,0,33,5,0,3,561,138.49
7314,abb535eef661dc9cf0f72f18b96151ae7d5d0179,0,8,0,0,0,0,0,2,3301,559.48
7315,5b174b65c0c61e310b8625828fbf3b6e14954827,0,1,0,1,0,0,0,0,41,39.88
7316,e67a3699c463a9f222e5d1319d35994fea2a153d,0,4,0,0,113,84,0,7,486,213.48
7317,b4a4be65ea658f02fdaa2e99532c9b8fecd521cc,0,3,0,1,0,1,0,0,334,87.42
7318,8b32d3792934507c774997cd82dc061b75410f83,0,1,0,0,15,6,0,10,217,52.41
7319,3eb87802c802b553764b38f804f91e87bd27d2b5,0,16,0,1,3,1,0,14,2510,533.76
7320,f81ac42aa316ccde9a6b7d5765cf9c3060543c04,0,5,0,0,11,23,0,12,1021,1162.23
7321,9692b61a0ab572d0d37e01bd262700995e675975,1,5,0,1,16,0,0,0,214,140.42
7322,cc3f804b07213f5e60e6ce775d7b4795eada448a,0,12,0,0,120,0,0,1,2618,622.31
7323,c0da74f7c1fefe1df60c8a3e64534eeda97257ef,0,1,0,0,67,0,0,0,22,32.26
7324,bc321a3bddb153f09c9b3c953b4fce0efeeb2131,0,2,0,0,21,0,0,14,410,92.01
7325,8354a563f78dca090ade6191934f7c2eddc8f9f0,0,2,0,0,0,0,0,0,0,12.66
7326,7a5b0783068415eaca70ea2ca938ecbfe3bed30f,3,8,0,6,4,12,0,0,354,334.76
7327,4c567b3c12240f2990a545d4350ff97c2f6574e2,1,1,0,1,1,0,0,8,324,167.95
7328,f55e81e6c03f8cf1667340bcd3f7fa6890f1a770,0,2,0,0,37,21,0,9,102,63.12
7329,4a2e8b852dceb8f68adf33c940621734cc6e2f12,1,3,0,1,10,0,0,0,67,99.05
7330,8e3714e772599cd1e41e469668e06a775fb2519a,0,6,0,0,53,46,0,0,554,161.48
7331,2c9ef8a471148ece655b881cc490b6b685d634f4,0,4,0,0,1,0,0,2,916,154.92
7332,6da52052ee37ac1ef74eca0030cc3951aad59f12,0,1,0,0,7,2,0,4,254,63.86
7333,d34e30cad398ad5a0bf86e85d9f923109af45e6b,0,24,0,0,35,82,0,23,5472,1082.2
7334,d107e33fcddf83b49967a677a52f091a5d29d796,0,24,0,0,77,35,0,13,5472,1105.01
7335,75cdbb57001ac6195b10381c7032ba04d55b4577,7,7,3,0,24,61,0,5,1398,566.89
7336,ebd8841e0ee9ca1ab7b6dab55178761360b8d85a,0,1,0,0,0,1,0,0,107,19.81
7337,5e7d16a3ceaeec5057474f9bae2d40d306f6dd8e,0,4,0,0,72,0,0,30,314,133.83
7338,ee3accb37095c61dec23b9216b1f6e160ce3414d,0,2,0,0,11,8,0,20,598,143.01
7339,f90420b3a556952f73d1e7cf76c33abfd06c5919,0,3,0,0,0,0,0,0,0,19.38
7340,d2b1578b735c1d3c42a9cfe9b9be36d9d6fbd7a5,0,13,2,0,61,29,0,8,5991,2011.81
7341,98a21ef1bae01e209cd1816e37f3afd89a6e473b,0,3,0,0,0,0,0,0,104,51.56
7342,a5a77ae3d5bfef9396b6024ec723d83a911692ec,1,54,0,3,74,192,0,70,13049,2704.85
7343,033e64a8b1240dafa67bcba6af8f8d6a478ae295,0,2,0,0,3,0,0,3,1477,278.48
7344,e880946f53a9217f322c75dda8b9285e566c7406,1,7,0,0,8,3,0,0,844,252.26
7345,82e278be55ff1096684e29e827e0c90c1a2598d1,0,2,0,2,3,75,0,36,853,433.31
7346,830179600df8b4f254709aaf4cbf6afc9a548268,0,15,0,0,101,55,0,77,2781,638.73
7347,26b69dc45bf3c953905d5ed279e3f691ea802157,0,18,0,14,30,0,0,53,1876,897.39
7348,a0b0bcede0f4daf73b8a0795f0e88bceac368d8b,0,2,0,0,0,0,0,0,155,41.14
7349,2a468d5421f6406e597909d16ec59322020318f9,0,21,0,19,0,0,0,0,0,227.69
7350,eb67ee0d0f4124b0efef20f7d674b5b746a8cc0c,0,1,0,0,0,0,0,0,188,42.22
7351,03e79b79949a63f7320b4c51fecca40f93659bd9,0,7,0,0,232,11,0,40,1037,314.98
7352,010012cbcb3064b78b9e184a2808bbd26ea80903,2,25,0,1,118,82,0,49,8657,1668.17
7353,86043ef62975ca1fff64ca2285d5c6dc326b7d05,0,5,0,0,35,6,0,20,3027,622.36
7354,d0c2329aa8baadfdf9752b0341628075f955f1e8,0,2,0,0,8,0,0,0,466,102.93
7355,7e5f3a516c455790d31b11f8cfdd2c19cdc7b862,0,22,0,0,130,54,0,36,9076,1925.48
7356,677c1f2c635273eb823b91903dffdb2e587f5181,1,6,0,0,15,9,0,12,5925,951.55
7357,59529a78f039965a4c08805c9087d82d64621c20,0,95,0,7,52,52,0,22,7268,1896.33
7358,536187446d617116a2468fdda0e24786c9f06ea5,0,6,1,0,5,3,0,2,1090,236.28
7359,7f586995a8bd2888721e2d9210368494bf8fc957,0,1,0,0,7,0,0,1,226,41.73
7360,736dd93c313862d8601fe1889198dddec22fe421,1,1,0,0,1,1,0,0,77,992.12
7361,d3aeaeffa455f32b1eb2fbb871b39707457f684d,0,5,0,0,33,28,0,8,1334,293.44
7362,104afd74a664d90fe8e3aa57b0722ab04908525c,0,1,0,0,0,0,0,0,1,8.77
7363,ba5f9ac380a91afa64d2114238a8f5ff3c73819f,0,7,0,1,88,72,0,0,1279,285.53
7364,70f02dbc7ceff51949d7e08438520885e9d6380f,0,20,0,0,28,20,0,38,8574,1681.16
7365,d1fb987265edd5942ab5464dde1c4205e573215a,0,5,0,0,0,0,0,0,1367,260.21
7366,fe316fe7acd5337459547333d9c75f45be1d01c8,2,0,2,0,0,0,0,0,0,46.97
7367,67f9afc722b21d67e81e5d70359b7d55c43689de,7,1,0,0,1,0,0,3,73,156.34
7368,75f512bd717a14e0c7b7bbe5594de9270759706e,0,1,0,0,0,0,0,0,53,19.19
7369,b25c782f0d8cbc159e774633f872f4509d1a840a,1,5,0,0,48,22,0,69,1104,282.72
7370,d5aefbd2c78463bf4b3815f38f43dd745035cc93,0,2,0,0,3,3,0,16,1433,242.91
7371,c8bf03f5fb7f039e6458f0a8b1564ab318dda8de,0,1,0,0,5,0,0,1,800,153.57
7372,018a65b947a7e78fb98a190d75787f50d42d0711,0,9,0,0,5,8,0,2,2709,474.52
7373,11e82de8a1d782be85a776ec08e8cd6a071185bf,0,2,0,0,0,0,0,0,426,81.04
7374,f17198ff199830cba4d888b68720f393c376d3ee,7,13,0,0,146,78,0,30,6761,1307.48
7375,89e2869e225d204b6b19df5b0aee003a61fd10d4,0,0,6,0,0,0,0,0,0,62.88
7376,646770dd51aefab1174ae949230e084402ea8336,0,3,0,0,3,0,0,0,908,143.64
7377,4d6b928682cc2a17f3dfd0179fb3fd46fd9e0a1f,0,4,0,1,23,27,0,5,1906,346.14
7378,541f8ad8a8515886351cfaa1aacd9cfed1296bf9,1,3,0,0,13,11,0,0,171,364.48
7379,988ea870ed1760976d1596a56a75216b2d9d2762,0,1,0,0,2,0,0,2,81,29.48
7380,d50ae037160cee874017280147263ce0ab07101a,0,17,0,7,0,1,0,0,3236,1894.53
7381,dd00081c26fb4222e223b510e58923118cf9df43,0,8,0,0,4,3,0,3,1269,384.31
7382,0f8ea39a5b88b830ca6280e3262e7aa5fcb6280a,0,10,0,1,23,3,0,4,458,234.49
7383,f46a6d1637bc2c87001f08472e7ae6e39c8caeba,0,16,0,2,0,7,0,1,2456,669.32
7384,7f4bd0d371e9faf59076468e5efe416045eb525a,6,13,1,0,52,67,0,11,4088,874.37
7385,9d0c7c6dfbcba0907cbbc2244eac570fcc4d58a5,0,2,0,0,0,0,0,0,209,147.37
7386,32f6fd41c274a955338b7c43ab80309b9adbba0d,2,2,0,1,17,0,0,13,140,108.4
7387,b4056d267a2f13dc31182f17cb8eaf275d703663,0,54,0,3,181,78,0,36,16373,3152.5
7388,6a9b1480c1a3cf04cc8cc1b108e549a2af76fe99,0,2,0,0,0,0,0,0,634,126.19
7389,e343b0c3e3affbab44604231486a42dba6ee6f1e,2,0,0,0,0,0,0,0,0,28.03
7390,76a044c5d9c3967c5100f3e8f5761280508216f4,0,1,0,0,0,0,0,0,34,250.18
7391,084e324fb9f769f221236e31aa97382d2677f911,0,2,0,0,7,2,0,12,1449,262.96
7392,70608acf289f6de4aeb8f159667a1f21397ec433,0,1,0,0,5,0,0,3,237,62.43
7393,3c78ad52157576641ee6b42e874b5015b792f34d,0,1,0,0,7,0,0,1,51,34.61
7394,8f5e54a456beb4d821d4f5506e099be0d76dff0d,3,16,2,0,49,206,0,11,3064,754.19
7395,d2534fc5703c3e1a1f70d77a248eb24dffb67880,0,2,0,0,21,0,0,4,546,114.02
7396,17762c60ccd9235214278794c8a22bb2d94a0541,0,3,0,0,77,0,0,0,895,207.17
7397,62496b5f36b4fe705ad67fffa0ef1d7fb4d07da9,0,1,0,0,0,5,0,0,803,145.47
7398,4d71f4e32fe55fe84e69e745150edd8f6d14c87f,0,1,0,0,0,0,0,0,199,36.35
7399,c811d7f9655a1d424c8d4aeeaf4ef6fdb9d782b6,0,1,0,0,12,6,0,5,295,76.56
7400,448ba3a78f50df2ffac874c3768e9f50d52b15f6,13,50,1,0,265,236,0,84,18826,5069.54
7401,00b0288c96853b8d7879024b2143592e3c33da3a,0,2,0,0,31,0,0,2,96,63.72
7402,7afae593231fa445027c1b09238944cd13ae4384,0,6,0,0,0,0,0,0,107,67.3
7403,59baf12c03303dab2a69352d5f35d38bd464d943,1,7,1,0,16,23,0,4,495,209.69
7404,0dadb45ad7db849d4cd56f64a2a054250909c68b,1,9,0,0,75,65,0,13,1368,578.84
7405,001bce54e7835fd1877bec1976b227dfab45e2e3,0,2,0,0,0,12,0,0,435,77.32
7406,5e6c3035281896404132ed524eab3984cb24b4cd,9,14,1,0,61,64,0,12,1937,743.69
7407,c0c802f62b66a707c704bc945f951debbc57b691,0,1,0,0,0,0,0,0,23,16.31
7408,c24cf2d55ecd479c89b0613b6ebbdaba4eb793ad,0,14,0,0,13,1,0,24,1807,384.86
7409,2f255894223abb51b6f9d5c680e226b25c6d788a,0,1,0,0,0,0,0,0,34,18.1
7410,2ce5dc892710666c9a382fdeece412ecbb8559bb,0,3,5,0,55,36,0,2,1375,278.66
7411,1556939236016bb51e45ffa1e8038c74e0f0db75,0,5,0,0,19,19,0,13,954,189.94
7412,38472e1c07bc48079f4b9766d45e6b64163bd0d4,0,3,1,0,4,1,0,5,974,193.87
7413,65eb91f84ed27c47a1e6a7d9aca06c258be59a9d,1,6,1,2,6,10,0,5,780,359.87
7414,7ce1943ef3ef6865d0292364d5d9b51adf3e9827,1,5,0,0,61,18,0,0,432,176.14
7415,f89920a60f797b41dab7a0c9ab27b2a488467571,0,23,1,1,106,135,0,72,2400,695.75
7416,fdc907140bad2cc27ba2646f510f3cb9e05cf4db,1,1,0,0,0,0,0,0,107,58.48
7417,80c7e4ea7994186ab1876bb53bd7239d2559a481,0,1,0,1,0,1,0,1,225,97.31
7418,1025388da6df8516fbbdf0dc21249660602f0b01,0,2,0,0,20,11,0,6,501,104.04
7419,0e7fff58292122512a4aa444a53c71608e9a5bce,0,1,0,0,22,15,0,7,271,67.03
7420,0e85a880fb174b7fa221e24bc1f6ea32a98acc62,0,1,0,0,0,0,0,0,62,988.1
7421,8580ba7b6f55183f8a5de2580403fb0ef9a01117,0,1,0,0,10,0,0,0,67,68.88
7422,0c4b520d975253524f7fc3a6d79cee93557439f5,0,11,0,0,99,0,0,24,1201,333.46
7423,5fc90244a8dbeb784733fa0db20575ed4361a695,0,1,0,0,7,0,0,0,476,104.25
7424,62a4f5bb4618c4b76a720fa5cd161c14d4da7494,1,3,0,0,21,8,0,21,2192,381.37
7425,467a4667d8417680686fbd754cb52dc52069307a,0,18,0,0,6,124,0,9,3564,780.89
7426,f4703c6ed327f361df371312da8e8edb532048a1,0,20,4,0,54,38,0,36,2024,520.56
7427,6b39062e8667e674fb9d5a7a3578fe7d21e7ef05,4,28,3,1,316,310,0,1,5921,1374.34
7428,2c65f039eddb6733ad2ac2fb89a8f5427495e243,0,5,0,1,0,1,0,0,3180,514.46
7429,1050936ce7fc8e6466453e64d59597443ae07152,0,7,0,0,10,26,0,8,4057,625.62
7430,53233be5a91a1f86c4e35c995a3492d09fde2a37,0,40,0,0,22,73,0,2,10838,2175.73
7431,78013a0c1e7deabbdc59af6b269191ece5546557,0,1,0,0,0,0,0,0,139,38.94
7432,372c88abd6d679a12d020c880e4cc6adec9f353a,0,1,0,0,0,0,0,0,35,15.6
7433,8d0da1a77f50b730b366c28b5b477141aa83cc55,0,5,0,0,22,10,0,48,1242,306.29
7434,28eaf715e890d0491efce9dbdc126946deb25566,0,2,1,0,0,0,0,0,1278,216.05
7435,2dae9d16e2fb4558c92e64e8c091fcfd086c48b9,1,2,0,0,0,0,0,0,1278,230.41
7436,b3a4fca48ffcac44ec1e1d53a99caa18b7e14cbf,0,2,0,0,0,0,0,0,807,172.71
7437,a5cfc51cbea636a02f8e4bcb8083041ad4866fc4,0,12,1,0,42,82,0,15,4286,712.75
7438,e23f7afe5791c248f1ccdf031788ffc6df2c263b,1,9,0,1,4,1,0,0,2009,379.55
7439,32e0107751f06528d356752a29e41e596c114ebb,0,2,0,0,3,43,0,1,519,144.01
7440,5a1c36f70ac52e6f4e85f11ea0602d46b4861ac0,0,7,0,0,107,0,0,12,1401,1325.94
7441,0d0964aa6a0edd9b1d6f86dec6ea9176d2d9efcc,0,1,0,0,0,0,0,0,8,12.74
7442,a6081d30f930d9599f7d52ab440b3205c7f2a7bf,0,1,0,0,0,0,0,0,162,28.95
7443,ce82fd0f4765f40ff44357719ffd47cd803f07fb,0,2,0,0,14,17,0,12,457,113.97
7444,6c2aa4c9ccea04ccf5c9c84de9677bd6232856e1,0,2,0,0,23,2,0,6,954,227.82
7445,cafd4e4ad76f45be912edc9d5021f872de94fd5c,0,3,0,1,30,0,0,1,906,223.28
7446,73ab51e9460f369abcaf52fa85258781f8a9a30e,0,2,0,0,2,0,0,7,977,225.57
7447,6708d544782b4e919908ddfdf1a34d02848e9388,0,2,0,0,0,2,0,6,977,202.48
7448,19707a85dd3287ccd2dc9f70a3a437ece7352722,0,19,0,0,20,28,0,21,4188,725.98
7449,a85a215f36e2760f2bba468ef9bf86e33b2873d4,0,15,0,0,38,62,0,13,2050,450.27
7450,d35792098803aba5c4a51114b25991f44d9f6c94,0,1,0,0,8,2,0,4,12,30.31
7451,d95ee4158347e7bc0d23a4e3c9d97f4b6b34b592,0,1,0,0,27,0,0,0,413,78.48
7452,f6f57d38f750c34e2353f605f815c019c8ba3f88,2,1,0,0,129,74,0,14,603,168.19
7453,4e9f4abb144a92740c212b4c30628d57e5141cf1,0,5,0,1,1,6,0,0,543,157.88
7454,a47afc84cd17e1c01a20760cb3b007ca9afa5d35,0,1,0,0,21,43,0,30,764,156.68
7455,368db315a63b9d481e3c99ce5d5e294d64f5adba,1,8,3,0,25,37,0,4,4187,685.56
7456,1fa3637b4d0020b1c4387610e8aa6b970c0138b8,0,0,0,0,0,0,0,0,0,101.2
7457,ab0e459693cc7ad3e605c25e4d1267c754dca6cd,1,0,0,0,0,0,0,0,0,26.15
7458,d84c4ec29f1552581fdafbd08defd5b56e983c23,0,1,0,0,2,0,0,0,57,24.5
7459,8eeedf0403ec0da2c35cf184168a7f8dd7aa6990,0,0,1,0,0,0,0,0,0,12.32
7460,301062566ac6e32d5bc3c6dbfd819b5e62742e8c,0,1,0,0,1,15,0,35,717,1118.02
7461,2bd259b445971131526a5e6580363c92dc597b10,0,1,0,0,2,8,0,23,220,47.76
7462,8119acfca7e35cd7c4c203a397b970a50d7d7574,0,80,0,6,144,118,0,52,22197,4727.06
7463,1a89793ee8ffa46d61014d62dc1c813c08f6acc9,0,6,0,0,24,126,0,3,3270,641.43
7464,01f1fc8284a010b275a8bd85d5ee8045b4af6094,0,21,0,0,128,90,0,17,1546,416.25
7465,2d5267331e97f18cc7ac52b1c01d6ed54d721ba8,0,1,0,0,10,2,0,0,481,83.75
7466,ec364d0d6c4369f07a6f22150717b4d62a1b2cc5,0,3,0,0,60,47,0,10,668,166.36
7467,032fdc53de7bc1c59b2a44dda65d9fdf38eb9e3c,0,2,1,0,0,0,0,0,1272,220.34
7468,fc7736eb00bb47d619a1345e32f0136751ea8c0b,1,13,0,2,23,18,0,46,4194,989.65
7469,5ce93511290d2bcf69e41d7ca5cec7464076d81d,0,13,1,0,141,24,0,48,4193,940.74
7470,e5f7030dedb12e257c1095326b7e3b5e49010c5f,1,2,0,0,0,0,0,0,1272,229.2
7471,032701c96c64d1947393da2031f393fbeb8b7310,0,2,1,0,0,0,0,0,1272,208.11
7472,2bf2b5b2c111f89e8f452b1e9bbf9d2887043441,1,2,0,0,0,0,0,0,1272,216.07
7473,a30d9fe8d9a0bf0aacaf561ec494eaab6427074a,0,2,1,0,0,0,0,0,1272,216.34
7474,eb88b69845a6b8cf0b85c4d235c0e75dc7e906a1,0,4,0,0,0,0,0,0,314,79.43
7475,2f4d0b94bc61b00f1d7c549e8dafb4cc420fab18,0,16,0,1,1,14,0,36,2481,515.4
7476,d5ea926321d8339dbbb761b32bcdc043aed576ee,0,49,0,0,23,0,0,5,1248,528.95
7477,5a66eb978c7ab865dad70ce70690c0b6ca519d2a,0,4,0,0,23,3,0,0,861,255.99
7478,c5277d5f88e3470dd4b49b30ac073dfdab0d27f5,0,3,0,0,28,0,0,1,472,131.36
7479,f458b89c05e079a0a0c4946a4f965fbb94f9fd8c,1,4,0,0,15,3,0,0,187,228.69
7480,2509a150c0792e914429264453510b9028250c29,1,1,0,0,1,0,0,0,3106,1620.0
7481,afc2cdbaffca6cb1f8495451a0b0940ad1fc4be0,0,1,0,0,0,0,0,0,17,13.58
7482,7ddf79946da4bc8f0dfa673b48f29023e5ff5bcf,2,15,0,0,25,141,0,48,4780,1088.08
7483,ee4f0c506ad583578bd76e7919f2264d7485b48d,0,1,0,0,0,1,0,1,44,18.97
7484,5c2161e390e7dbe59b0fd6ab512e6c140968ded2,0,1,0,0,0,0,0,0,358,62.7
7485,f29260cc4d27e86ea0948e9b9ddfed18a73ff7e0,0,1,0,0,2,0,0,0,421,76.62
7486,81ea657ed14f811c3d1d44aeec82f57786f56689,0,2,0,0,0,22,0,2,334,78.15
7487,8a8be33c71c851fbe0dc57543f49d549e19385a3,0,3,0,0,11,12,0,0,7,36.7
7488,d0aff98a67a5a102d84244334c685e57b16aa164,0,4,0,0,39,71,0,42,2910,583.78
7489,669b08f8ec9d6884ad3814fd7c6bd847852e033a,0,1,0,0,0,0,0,0,50,17.24
7490,88864f3d5de379a8220080b647d551317183c828,0,1,0,0,0,0,0,0,50,21.23
7491,09c11b0ca4c6ee7b2feff6dda67d5105fdcaeff5,0,1,0,0,0,0,0,0,50,16.83
7492,f0d0501d556efb8796138d4aa92ce4f276c93c3b,0,1,0,0,0,0,0,0,72,28.48
7493,a7f9668c339eefecc58f25263c6e7809063a75f2,1,5,0,0,4,5,0,0,326,90.09
7494,b568cf4ebda8ba403fa99fe62e108ad2c9f47fa9,0,2,0,0,0,0,0,0,61,23.62
7495,71a1192d671a93cc17b82e4355f2ace97c41dae5,0,37,0,0,106,97,0,84,12341,2401.31
7496,e0eea94c98fbde4f0ad55d9dd94d6259f19925be,12,1,1,0,361,17,0,0,0,325.54
7497,b3dea0378e792bfa33f3d8b4fb635444ea154829,5,4,0,0,16,85,0,9,298,203.62
7498,0b9dc14dbca98565d29bcd2be5100e29ebcf0e65,0,1,0,0,1,0,0,8,65,31.64
7499,c88e44440826c0f700fd3cd70385a7b25b33521f,0,1,0,0,0,0,0,0,66,25.94
7500,15bb49d803d873c07ebdd6bf77908481f008d07a,0,1,0,0,0,1,0,8,65,1008.81
7501,70515f53112599997348aee1d748838f7a78a7fd,0,1,0,0,5,3,0,6,120,44.27
7502,09ae5abbe78e721a207a64733f2925fa6ce820f0,0,2,0,0,0,0,0,0,1,17.57
7503,be496ba8ea6a60702387f653a4fb7f0d8d11ec34,0,2,0,0,10,0,0,10,971,198.11
7504,a4a4ce8eac2fb042c87f2a9985cb6e97d41cfa0e,0,1,0,0,3,5,0,6,120,43.32
7505,4bd6ac3e1028c3d9c6c3884b01e875806508ea7a,0,6,0,0,19,5,0,0,607,177.52
7506,d24fddf3ed4980bf2801b81544b25418133fd60d,0,2,0,0,16,8,0,6,153,82.71
7507,c799b0e69bed5f0e894a703bcfbd208f44c980e7,0,1,0,0,1,0,0,5,139,36.75
7508,ce50830a0af29e0ad2be24528629965923ef1cbf,1,1,0,0,3,0,0,4,773,142.49
7509,f0ba7922f3963276304aee1d354413bcf966e563,0,2,0,0,11,0,0,2,365,91.13
7510,4ddfecac563384de6f087fc7fc8bc62c0362877d,0,13,0,2,5,4,0,15,4869,857.8
7511,b4a1dbf7685b9625419297589c4e849207eaf115,0,5,0,0,114,2,0,9,890,224.58
7512,d3a306d81d3f087696fc6d45dd8d6bda939378b2,0,1,0,0,0,0,0,0,25,19.19
7513,3b638f7ea1ee050cde1dc0c66d622a3dd96e98cc,0,4,0,0,16,11,0,12,2885,440.6
7514,e546034f095c3e06ccbc7b580bad3b5d419f1842,2,6,1,0,75,76,0,29,1009,301.83
7515,d8d6ecdad1b360f877b290e462cf8bf9b717753b,3,1,1,0,71,5,0,5,51,229.76
7516,c1a8dc09d64ef3f6062aced595c3bb918724025d,0,2,0,0,0,0,0,0,22,19.9
7517,eeb40ff66c7d5b148fd693780be64358e5f7385e,0,1,0,0,0,0,0,0,25,20.1
7518,09ffbb5b68caa395407241eb891d567c98aa49b7,0,1,0,0,7,0,0,3,244,61.79
7519,39b912aae9ba1b7258d7b6d80e7502e7f9f9eede,0,6,0,0,67,17,0,38,3623,638.64
7520,cde1f821ebec14a30214a15aebb02c936f27fd87,1,1,0,0,7,0,0,0,717,1149.56
7521,8b520ce50d0906ce1821f2101da395d222bf6b76,0,1,0,0,4,17,0,7,172,45.91
7522,4bfdcaa3f30dd5e898e54a7b37a7231715cd03cc,0,3,0,0,0,0,0,0,1,20.48
7523,fd43507069e3ae8d9cb689e69e3b5e211cf36e99,0,1,0,0,0,5,0,6,389,70.94
7524,2018ffc943fd93c409a1a267a7dd785439e33bd6,0,1,0,0,0,0,0,0,389,58.95
7525,298dc0c626e3844d9a1551cc3e293f518277e89c,0,1,0,0,4,0,0,0,83,27.81
7526,274b813e1221c366e2c4773910d202b65298768f,4,24,0,0,121,137,0,132,5047,1254.32
7527,579586c6970f63e92e3ca1883f358ce506f14c4a,0,1,0,0,1,1,0,1,96,34.08
7528,fa66c7e28e886857204dc2ce10f65b5fe264564b,0,1,0,0,0,0,0,0,97,29.94
7529,c66b42fd9d1e4336352edf6851e4caa2ce0295d1,0,1,0,0,1,1,0,0,96,35.17
7530,7fe4aa6fe44ce5c43642606af87c4cc4c328fbaa,0,4,0,0,1,9,0,5,2190,331.67
7531,f1a81618fdd6318df5edded64fbb07e085e10853,0,13,0,0,5,9,0,16,6349,1049.15
7532,2acebac00ea51d186737a45da0c5b55050f3de0f,2,27,0,0,327,134,0,135,7061,1949.92
7533,c60359959c68accdac6df12874cee3d2eba21af6,0,1,0,0,5,3,0,1,36,31.23
7534,f3c563fc004b9a373716e7c6159327925ce84c8c,0,2,0,0,0,1,0,2,764,121.55
7535,9a45e0a9ded094d18bdcbbcaf4cf3944e7faf6d9,0,2,0,0,24,13,0,33,890,184.84
7536,3a1e433adfd4d7961cc04811c460ff71fa750d22,0,1,0,0,2,0,0,3,24,21.53
7537,b577fa081430d0d14d86b0aa274abf15243f0f75,1,2,0,0,0,18,0,33,3294,534.83
7538,d49357f2652ef730a3dcbd40a8b0eb7e2174626a,0,1,0,0,7,0,0,10,157,49.02
7539,57911d02c65b80eb198530b2a7d1fa39dba11a2c,0,5,0,0,10,0,0,6,869,202.8
7540,9ea152d2351cfb2607a5a861358470969ce24548,0,25,0,0,7,8,0,2,4482,2038.64
7541,b20b45e4e82ea8a04ffb15a039b0da49d9f775b2,0,1,0,0,1,0,0,0,72,34.51
7542,4f547b3817e01a1f98c965a502775de481e6ca96,0,7,0,1,113,161,0,70,2401,535.42
7543,d8842dc3d4245c099e4cc439c1b082f24c1c4e27,3,6,3,0,5,0,0,5,410,191.48
7544,aeffca497bf36ea12f89a5f92d2f918b010741fc,0,37,0,8,56,4,0,0,2635,802.91
7545,4b3b627abe34f8426fddd914e941d12f79da0752,5,0,0,0,0,0,0,0,0,167.66
7546,61358985b15164cbcdc6e58005208c0906c3830a,0,1,0,0,4,16,0,0,118,43.96
7547,1beb687f4e489dff352a746d4544ff1a0a1ed829,0,1,0,0,0,0,0,0,122,46.48
7548,01c34243fe3ba971fff0fd154f444118597533f1,0,1,0,0,0,0,0,0,65,21.48
7549,1481bd9481e087ae491ffa13603f4411bc3e1cdc,0,7,0,0,5,1,0,1,1834,360.67
7550,a5a8c4f3f2ae42eda7d35e1e4410d40674cedb47,0,25,0,0,0,7,0,2,4482,1034.8
7551,f1502a3aca985faf3c9a59578a998e817b79005b,7,2,0,0,0,93,0,0,317,196.84
7552,5b93ea155652292ad06ee3df85e5944191eace9b,0,1,0,0,2,0,0,1,180,47.86
7553,c2236b77cb04cf7b92576113a7c9b87b244ff2e4,0,52,0,25,87,101,0,114,4410,1556.17
7554,80438924ff5066bf809cf0318168025cf646d415,1,4,0,4,0,24,0,0,4,107.11
7555,94dfc7d60ab9997533512e1722b539fc8ed19c56,0,1,0,0,14,0,0,0,113,47.1
7556,f9480a56c74e7f9f42035f6e88c24fed08710e3c,0,1,0,0,0,0,0,0,150,37.01
7557,305da1098a9cfa06942542dd3c314d6732f13bc0,0,1,0,0,0,0,0,0,5,14.8
7558,221eb9576839ecc976120197a4845a9a1e371d9c,0,2,0,0,5,2,0,2,167,70.54
7559,dab51c79009351f4f3e83951d7f90d79c59d4068,0,1,0,0,5,5,0,2,237,68.97
7560,34c6c99041d5f4a217363667b090fb1b5beb7abe,0,4,0,0,2,10,0,21,3203,1610.54
7561,0b9a0dc9519d511908efd28caf2cf010e3a1ff79,0,1,0,0,0,0,0,0,44,14.99
7562,99b9fff07bb2669792f9c1c8a796605971d02592,0,9,0,0,8,8,0,2,2592,510.05
7563,98c9d8f7a1c8155d41fafed0b9ca792cc5fc7098,0,1,0,0,1,0,0,0,65,26.38
7564,194890b69492dcddb9ebdd4e398aeeffc7435fac,0,1,0,0,0,0,0,0,66,24.51
7565,7c318cead902d8aa7c6defe67a6e76509c854d52,4,1,1,0,5,0,0,5,52,105.61
7566,60827fc1ea93ce3c93ea9b86e618e419babed42f,2,0,2,0,0,0,0,0,0,68.12
7567,e17529ba738ff4669abbd549d01a55b0fab13b26,0,1,0,0,0,0,0,0,104,34.8
7568,b9cb1187b50d0ee1bdfb0e2e417d2eae6982305d,0,2,0,0,0,0,0,0,97,37.32
7569,9272f40a5c8afeeaa9569688c0fabfcd9264ee5e,0,1,0,0,0,0,0,0,6,16.19
7570,94dad844af239eafd09dac951bbc9ac2243fac82,5,1,1,0,0,0,0,0,52,105.19
7571,811afad103dacfe50788f08b41d804e216af5afc,0,1,0,0,3,0,0,7,483,129.48
7572,a11258599e7412ea4867ef850cd67bb9e7bd8e67,0,6,0,0,28,18,0,3,477,138.17
7573,fc6d140adf0b382e0b7bfef02ae96be7908036e1,0,51,0,0,114,93,0,60,17238,3292.53
7574,06dec205826a6e96e2286180460e5fe014b46fc8,1,33,0,1,36,83,0,59,10767,1857.89
7575,40250f8c5f8efe3016f0c3300d9728b0ee2056c6,1,0,0,0,0,0,0,0,0,13.15
7576,ad580acc893bc87845a0f65e5d32b2b18cccf9c6,0,1,0,0,0,0,0,0,102,26.24
7577,8de820786ce8d708a6d2fd32b36ab9128bc6fc0f,0,2,0,0,0,0,0,0,1827,287.71
7578,7f7f2b2de53d11dc8ddde6954a4af3599a9e0fa5,0,1,0,0,0,2,0,0,160,48.51
7579,6519b98ac3115c4442a2778f6ed7b39ce5cd3b83,0,0,1,0,0,0,0,0,0,9.63
7580,12f3c82a866eee0436c22136909882581fd19905,0,2,0,0,0,0,0,0,885,1136.18
7581,bfd74686c75e8481e4662bbdc519bf4f98e9600c,0,1,0,0,0,0,0,0,4,12.25
7582,2e1ec3d3d8dc4ef771463decb814e7c118523bf9,1,4,0,0,37,175,0,139,2059,446.44
7583,e1cd10b002a07a35aa7666fcfbd01b54cfcff1bf,0,2,0,0,3,0,0,0,1158,216.65
7584,b0e998f2a50a50a8d84daa35baff1d4ac99d1c6a,0,1,0,0,3,0,0,3,486,129.89
7585,397d34736e63d7661a2f01524f8b302e1309d40f,0,1,0,0,4,0,0,14,352,71.21
7586,170ffbba683217bdb30e5c99f0e728e0dc660d56,0,1,0,0,1,0,0,0,336,72.61
7587,ab5a26ad5e659b3a536a08c7f7515f0c40cea81d,0,2,0,0,7,0,0,1,2415,360.94
7588,88d6e06a1fe4130b96e0e9f0e2c2b189f0b6affd,0,2,0,0,0,0,0,0,2,16.18
7589,ad3a1ba4955ee8a6d8470f1ad4fcc4f2c69e6787,1,0,0,0,0,0,0,0,0,41.73
7590,c5f86f2ce42eafc5d4b4f83f4471cacd372abae3,0,4,0,0,5,0,0,0,973,213.72
7591,c245bd5c036dbe84deada8ff94f12a984576ffe4,0,2,0,0,5,0,0,2,64,47.83
7592,9f2149f171e5bcd4e0160458f818fa192c62c082,0,2,0,0,6,0,0,6,210,71.23
7593,3bb8daa60565ec2f7955352e52c2f6379176d8c6,0,1,0,0,0,1,0,1,235,57.22
7594,6307689a6e03f30d7d1490fbf9fe9dff9138a7ff,0,1,0,0,6,0,0,9,140,40.77
7595,d8b999e6950bc01e8aab8ecce437e710e4a98e15,2,1,0,0,24,51,0,17,537,203.75
7596,6d04aa179485f331deff328f511f9b494bdb4d43,0,1,0,0,0,0,0,0,489,108.12
7597,f5197979aaac7e36b6af36b86ea8dc8d7774fabe,0,2,0,0,1,1,0,0,1160,225.17
7598,00e54aae24d88ac9c2b84db5ea1eaf11c3e5d73c,0,5,0,0,35,0,0,23,841,197.81
7599,77153d4dc69f3cdfc3daeb9b8658c964f3c840d1,0,1,0,0,0,0,0,0,382,76.17
7600,590bee78dc9cb08a7b2d0eb5205d9dae65a8800a,0,1,0,0,0,0,0,0,146,1017.12
7601,001f9cc5ea7d00fceb24cbcbf6399ecf272882e4,0,1,0,0,0,3,0,5,143,33.48
7602,b5ccfecc96fe13ca1db81b5a3d3640deb176647d,0,2,0,0,3,8,0,38,618,134.7
7603,f5dbdf0dab731a986d9aea2ad3dfdb400f1ba46c,0,2,0,0,2,0,0,0,1171,215.48
7604,45bbee4905fb031259c935502444c729b32ddac8,0,0,4,0,0,0,0,0,0,19.19
7605,d95940776e1411531676fd71e45df056b031683d,0,1,0,0,0,0,0,0,73,28.55
7606,277ce3d8a3d68f87e82c98fdeb3a3cb3dee33036,0,1,0,1,0,9,0,4,11,37.29
7607,67b69fb2c70d3a56ac45f59d57b7f2778094a566,2,11,1,0,54,21,0,13,2434,547.35
7608,0a5f26324cfe4eb39eb48947f11364ec39221fa6,0,1,0,0,1,0,0,2,214,52.4
7609,39dd81a7c69763475e5a72f6c84e0f450fd957e5,3,27,1,0,300,176,0,154,4755,1311.58
7610,7cc239fb5ac0ce3f22d93d1dbf7e80609427710a,0,5,0,1,4,35,0,0,1615,340.89
7611,408b41ba6c1093a863b808a11aea551475772a9e,0,1,0,1,5,3,0,3,12,46.22
7612,8ff783f76d370199b81a24c48feaad1aa980285e,0,1,0,0,5,0,0,1,314,76.15
7613,a41c549ca4ff28b97742b608cb20f1059e9054a3,2,11,0,0,193,77,0,184,6165,1162.12
7614,00f88773239b96e256c585fae98d846e2b65b4a4,0,2,0,0,20,0,0,0,232,78.07
7615,9497eac4e01a12acfa6660b5b16e73a45bcf5707,0,1,0,0,26,72,0,73,2948,442.21
7616,24bed6b3fbb54a20ef67201c160de649421cdd51,0,3,0,1,4,0,0,0,80,67.76
7617,f8c3d4568e02ba7c65d0ff82a644e8757c55ff7b,0,3,0,0,0,0,0,0,0,17.34
7618,cf57ea15f1044d69fcfc8edee3c6f710ed78a7e0,1,1,0,0,0,91,0,0,163,113.37
7619,b4622ffad7011b3d29bce6376edb896de6df9f6e,1,1,0,0,0,113,0,0,287,122.04
7620,a9a6eed372fa11dd2851635ac2c4bb6e1ca9dba7,1,5,0,0,37,0,0,0,1442,1439.64
7621,ba402b1e7b446144d4d20f90cb71e6aa19ecce3c,0,5,0,0,24,4,0,0,1615,308.0
7622,8d26736bc2b0c28efd5caa3be7d8c9037dba633a,0,2,0,0,17,5,0,2,297,84.37
7623,51f7b75f1ff368b985fc1932c2be0d7fb004538e,0,2,0,1,37,58,0,94,1402,266.97
7624,6b8439366134b6749895b6019bc068d169865b48,1,7,0,0,34,68,0,78,5608,991.29
7625,6e35f5eab9799e5d1450f97dec9335800dd39c03,1,1,0,0,0,120,0,0,167,95.91
7626,393ab302ab08b70a839ec87e75fcf4b165765db2,1,2,0,0,4,0,0,3,1502,307.32
7627,2f1b3eab675ac327a6f61b724d5f0bce01ec6e68,0,3,0,0,2,2,0,1,610,132.85
7628,0c97cda2a93b3e64d43e0b61da24dfd7ba31b7d8,0,5,0,1,4,5,0,3,291,113.29
7629,c18e7a963d9c4dc862c4706f128a4e436111669c,6,7,0,0,20,157,0,1,1201,402.64
7630,50c705dad9825d3095352b997be35a2568bd6190,0,4,0,1,13,8,0,0,717,199.46
7631,07e93458fe69b7701ea2045926b4afe30d166cb5,0,2,0,0,26,1,0,0,352,89.84
7632,01a2869363d45c7692f3984f31ab8c7a50d117fc,3,2,0,0,0,0,0,0,10,55.11
7633,d9b8dcc1d300ae114febc22dbc71866088387111,1,9,0,0,114,103,0,65,1598,415.72
7634,40f8d20cf7b297a9324319190d03d93563230d6e,0,3,0,0,0,0,0,0,287,84.95
7635,dad90f6cce5bc51e43e3778068d5e45bcb1c9de0,0,11,0,0,79,98,0,79,2617,576.06
7636,68d509bc1ff7a3bf69a596aed49f238b42ee0679,0,1,0,0,0,4,0,2,1288,198.07
7637,f3ff55a2b4bb7a8b4980fdbb5b1f7a8d033631f3,0,2,0,0,5,0,0,2,441,109.24
7638,f3bb9b9613beaefbee0a53be1fb66b94fde1ce19,0,56,0,0,117,97,0,61,15804,2939.41
7639,391790ddb05f0db0ffd67e0c2f2f961157af7be3,5,2,0,0,7,70,0,10,1990,579.7
7640,69d2becc73deeb0217a816fe923d4bcd70f3d65f,0,1,0,0,0,2,0,0,1,1208.12
7641,51cea3e2c3c75b82148f14ca7903a88daa3738d9,0,8,0,0,2,5,0,1,1985,367.9
7642,148356a7bfeacce17aa85029348e5548579e78d6,0,2,0,0,0,0,0,0,650,111.29
7643,173a5bf1f1ff2f60ea9ef92bdef7a3026597ec0d,1,2,0,0,14,0,0,9,352,118.68
7644,b328807d25ec0d2537371dd51d8ad79c841c3cec,0,1,0,0,0,0,0,0,175,44.94
7645,5d994a24fc570ee5156df0d1356cb7b12305fb78,1,1,0,0,0,17,0,0,145,66.24
7646,401227ba6aeb3c7767e88d41a7fa2990b3717648,0,2,0,1,8,0,0,1,18,52.22
7647,bf5f034463d357f31e2c7d02c6477c2fcd93d7f4,0,2,0,0,2,0,0,0,53,30.24
7648,3f82098d4b7ae595aa6702d3fb7cc2fac682691b,0,1,0,0,8,0,0,2,50,38.99
7649,8afa49f5d0e28e96c6e1b6c88c6ac976ac0da2b2,0,4,0,0,5,1,0,0,2379,377.36
7650,4cf846d08570256115ac8c2787d0f7fbf162be23,0,1,0,0,1,6,0,3,76,48.3
7651,3a3994223c5d634bdd7ef01ef7f31ff860849575,0,1,0,0,0,0,0,0,75,25.05
7652,13223c217ca6cb84a96f3c70b8c38ec19eca729f,0,1,0,0,0,8,0,0,50,22.38
7653,bdedcc5631fa9c8c400d4daa01b8a1947d4a12dd,12,22,0,0,172,101,0,66,7955,1779.53
7654,68b2f5502a4c23318afce70a0c709178e2e521f7,1,0,0,0,0,0,0,0,0,45.96
7655,11af33af2a5baeecac7fb1773d5a1c27291f68dc,0,1,0,0,0,1,0,2,21,24.52
7656,3d2e9e2125ec29c6959c98157ad378d5c53f911d,0,1,0,0,0,0,0,0,75,28.33
7657,3434e99e6c728d59ba99141df3730f3e70e0059c,0,1,0,0,0,0,0,0,75,30.63
7658,d68f697f39fc0e660eb85dc9ef67a757102169f2,0,2,0,0,0,0,0,2,354,73.19
7659,e86ffedb453afd0554132748ce74a47817e5c2f4,0,2,0,0,6,4,0,1,378,106.83
7660,ad5cd50dfcc34d997a13e6e7fef9abd160893950,0,21,2,1,37,155,0,58,5378,2160.33
7661,216d2d464833c683b07c5d9fb0568f31819261a9,0,12,0,0,3,24,0,19,6265,1021.4
7662,549a6d93d4a0716f2965c6119b6417f4a3634b12,0,28,0,2,29,59,0,11,8392,1434.15
7663,bbbfeae25e9e2a8d91168ea19b09da40ed069c01,0,1,0,0,10,0,0,4,93,38.9
7664,ba5fb53d147ef63415027f776928c478af37f515,0,10,0,0,10,30,0,20,7181,1156.43
7665,8c74d177f68bbd5412cef96dc33f16ba33ff7875,0,2,0,0,2,6,0,1,342,94.13
7666,2beda62a10f0828eb10cec28b0ba53246cd0b671,0,2,0,0,0,12,0,4,200,55.84
7667,0fa5d69fc7602f2760a64e1760fd02be130aa8bd,0,1,0,0,0,4,0,0,170,37.45
7668,73028d5bd9f85655b284654579ddcbbca31e41e8,0,1,0,0,0,0,0,0,170,36.55
7669,f06a89b5317a8e3d4fb220eb462b083bc6e0b5c8,2,6,0,0,24,34,0,12,4451,788.43
7670,197bd790701553bd5c7de8b6af47500e0e028920,0,1,0,0,0,8,0,1,1384,219.16
7671,7cfb46432fbdf9b53592be11efc8a7d79d1a9455,0,1,0,0,6,0,0,7,189,52.22
7672,d272ac908ceb4696e05431066ae02d953fa6fc9d,0,3,0,0,11,4,0,20,824,177.75
7673,62ee7d9502d599f704ea8c9cf16f9ac4c1b1d22a,0,4,0,0,18,23,0,1,387,104.28
7674,dbd80130578ef2ed3ab1244090d36eab55ef32e6,0,2,0,0,4,0,0,3,72,44.73
7675,7f6e971c4cc2e3906f959c6304fc05faa7703054,0,10,0,0,1,2,0,18,2702,505.06
7676,974200fca1b3643f1f40bbc3df17846a568208ee,0,2,0,0,4,1,0,3,271,77.79
7677,ba063abd2f4b0aaa0622a8665c4ba96ed31eafb8,0,3,0,0,0,0,0,0,524,107.32
7678,6cfa208add6ea424e17cae00114ebd3e7d7967f1,0,6,0,0,34,4,0,10,1010,246.42
7679,4a4c0120494757539d680c2d7d44fe6ab3d71d27,5,13,0,0,160,117,0,10,5087,1203.54
7680,99d3edfc82d89d6da23008f3ab0a203317cec6f2,0,5,0,0,49,3,0,13,740,1129.12
7681,016cf0c64ba867f740a19472f0fe716ee67306b1,0,12,0,0,7,28,0,72,5587,935.69
7682,0732ef5ebfea8e254d4a5dad6fe16ecccca3b799,0,12,0,0,7,7,0,72,5587,891.6
7683,45794d41562495bfeb64841c9dfd7df03d9d01e7,0,4,0,0,35,0,0,0,838,171.11
7684,776eb5d9cb1658ee512da21b62d94d9258cf8e50,0,1,0,0,0,0,0,0,1287,186.57
7685,ee1f26c4bbb5490e257eee63933fd3943f102a7d,0,2,0,0,38,0,0,10,530,137.88
7686,fe339860b5c023969f251f4aaa7d3d080139a66d,1,16,0,3,209,44,0,236,6436,1248.09
7687,183b8d0581f82e56e928ca7153ab50558e57045d,4,10,0,0,129,64,0,60,3311,726.69
7688,b7b86839250bf9b295ebc1948826f43a88736d6c,4,32,0,1,113,63,0,59,5467,1340.64
7689,31978c31bbf363d98c50cc6b293105a085888471,8,6,4,0,12,24,0,0,531,487.98
7690,1384da71375427b522b09f06862bb5d629cef52f,0,3,0,0,90,0,0,11,569,182.03
7691,1f5e93a8f85c702f65c27c6162cd10c2035e481d,0,5,0,1,24,3,0,5,694,177.11
7692,19a396b9c247a5c3c8453293026dcd8535ffd67f,0,1,0,0,5,10,0,14,150,46.41
7693,6b77786dfc46d25ac5bb5f1c8a4a9eb47b52a604,0,4,0,0,23,18,0,13,393,127.19
7694,b7fb2df154871a6a6a38b9de44500ad7cd140fd8,0,1,0,0,0,0,0,0,212,65.41
7695,37d91cdfbb7dcfd46a72d328706cca5a39871381,0,5,0,0,3,10,0,2,708,164.3
7696,06550bc93b2ed0f39086511cc8dfb1ca279f0d44,1,1,0,0,1,0,0,1,76,47.52
7697,033485dff3998c72be6c4efd04ccf04355951db6,0,1,0,0,0,8,0,4,27,27.08
7698,c7d1085fa27a64621d262aefea825e980e6bc576,0,7,0,0,9,38,0,16,1815,319.54
7699,dd6f4525e7a9eaceb6ed4f97059b2dd3c532d323,0,16,0,0,17,59,0,14,1784,451.56
7700,d5aaeee88b331e064830a2774f4fed238631457c,1,6,0,0,78,25,0,31,1198,1252.39
7701,72c3d27bf6465dd84b99759476acb12eced33196,0,5,0,0,12,1,0,5,1229,385.11
7702,6060d3ba56706d87221f0934d0331a2a73e65167,1,5,1,0,28,80,0,7,521,268.91
7703,62fc7fd3ea080a16c4019e7c67c8629cc9088e19,0,1,0,0,1,0,0,0,56,25.68
7704,1102e1e252bb0bcd04e703e54134c8682dd09a19,0,0,1,0,0,0,0,0,0,8.19
7705,f63a7ff635fa02a8a97d9a36505732f647d2e7ff,0,14,0,1,24,121,0,84,3102,1009.76
7706,d0e55429b3a83b3babe705849123bbf19a5c62f1,1,32,0,0,112,115,0,112,7172,1458.62
7707,82483fad7c8374c814f63a0786b5a607c1ab1824,0,1,0,0,5,0,0,4,77,29.13
7708,b7308ee01c653051db4060ba28dadb5bcc74b7de,2,6,0,0,19,12,0,2,2078,448.18
7709,37342220b4468b868933b1acc0af307cedb80b6e,0,1,0,0,1,2,0,2,153,43.76
7710,c200bf8f78ee0698cc063235ffe1eb396bad3962,0,1,0,0,0,0,0,0,100,23.25
7711,000a84cb4afce33e6d6601f65955f2de9924cf8a,0,1,0,0,0,7,0,4,46,22.16
7712,5bfc5745ab8e94d09851980dce2e243620f412ff,0,1,0,0,0,0,0,0,46,16.29
7713,810567f65abde105ec55c4337c68c350e353b2bc,0,1,0,0,7,0,0,6,46,25.58
7714,4f54a66782e1621437a4c8eeea59aec37efa08c4,2,6,0,0,42,33,0,58,5562,945.67
7715,98ac4f12b5ccec708fc03ddfb96935c8cd7304e1,2,6,0,0,0,0,0,0,5604,889.07
7716,9a26af37b96332e0785f5ef4b19daa5dff3575cc,0,6,2,0,0,58,0,20,5546,883.89
7717,13f3ba3cee4d8a358c3c5ba653fc12643f000aa7,0,11,0,0,35,2,0,11,2652,532.34
7718,09ed7c7a1004df9fb98e58dd17eb07a479e427f9,0,1,0,0,6,0,0,1,105,33.16
7719,bedf849d83ef2a6b092a57f492ab5b08a7d71b0c,0,16,0,0,79,44,0,58,8033,1371.82
7720,15c398f7d29a1cdf2260aa59eaf513c656e28561,0,59,0,2,100,69,0,47,12150,3427.72
7721,104f58701efd341dca8642b4566653cb93b48c12,0,1,0,0,1,29,0,2,72,33.7
7722,acbdb86bb4e1eaa496bb76b8a6dc77c15a3141c1,1,5,0,0,1,0,0,0,539,132.43
7723,00095a2ef9442e3fd86c04876c9d91f2f8b23ad8,4,6,8,0,0,0,0,0,528,332.76
7724,67f013430c9ba051385c45d72ee680c44eb88470,0,15,0,0,143,49,0,49,1886,472.45
7725,3f906badbed8b7bcb6a74122ca24494f8ec9afa9,0,1,0,0,74,74,0,0,239,84.66
7726,df5de33a022ddf7acc8adc33d9616a742fcaaea0,0,2,0,0,8,0,0,2,1730,253.3
7727,2a3f4a0a4eb7bb67985050b0e007576c468f217e,0,1,0,0,29,1,0,5,72,37.74
7728,8ab7b20f48951d77945181024f5e15842bc253c4,0,3,0,0,4,0,0,0,478,97.35
7729,91075276e7638f64e3e213358edd37198f540e1b,2,2,0,0,18,0,0,0,817,199.15
7730,17ac2fe9c13d2b567c6bc06690e1491dfba83090,1,17,0,0,62,3,0,28,7348,1383.61
7731,7a1d00c7a0719ccb8d97b42965835f124ef27804,0,5,0,0,64,6,0,10,1196,250.03
7732,64061f896fe21512504e3886a400759e88b519da,2,11,0,0,44,66,0,13,1397,450.87
7733,d7475b92e80b7092d8f9ea49651e49bd3260b4d9,1,1,0,0,0,0,0,0,3014,452.7
7734,4cb40e6d846ce1f28ffb40d388c9efb753197813,0,2,0,0,0,0,0,0,366,66.15
7735,c614b9f3e8fe1400b600fd1c109bca3fc784a382,0,2,0,0,0,0,0,0,366,71.18
7736,d2daada970b424263533517d2a26e36e31ec2746,0,12,0,1,66,32,0,36,2511,582.52
7737,f346a144b970bc51d28ada5eb6fb4568b0151529,0,2,0,0,6,23,0,1,289,82.76
7738,5d1b2110d1bac600d81d8bf04d3a97e5a9bd1268,0,2,0,0,0,0,0,0,366,66.72
7739,b8f999bf33678e6daa7ce8072ae40824c5ea25d1,0,2,0,0,17,0,0,1,314,71.4
7740,c44e88686084a60be7d4dd5afeabab22f7cddfd8,0,1,0,0,0,0,0,0,147,998.82
7741,e468b4022f76688851b3e0c34722f01a56bd624f,1,1,0,0,0,0,0,0,70,62.18
7742,b50b2e51bff361e28d3522d2f4bc3aedac9b7d86,0,1,0,0,14,0,0,0,74,44.14
7743,3f7222df3699ef11d0782628c8358ad5d0ce108b,1,4,0,0,3,7,0,12,757,163.76
7744,83fa0ad9edcf952a574176b314f3b8c131aa2075,0,7,0,0,74,30,0,16,1932,389.53
7745,e9701a0595a5de8cef8e545a913a0f1249d5d36a,1,1,0,0,4,0,0,0,59,52.95
7746,056c3395d952f9e6d9c08b734c2a970ce935ec85,0,10,0,0,111,15,0,31,599,231.31
7747,64ef12080899dad4ab60652a76c68fb59ded04f2,0,2,0,0,2,0,0,1,271,62.33
7748,69f5d707b64081f2c0d6dc7c097a0f5cc7418d05,1,0,1,0,0,0,0,0,0,42.76
7749,ff5250ca2b9367d9011ae74ce127bc6de579c6bd,0,2,0,0,22,14,0,22,965,183.3
7750,b1b0db3195e08cd3742767996914e2ffa99f40cb,0,3,0,0,5,2,0,33,1436,228.49
7751,061a31fad1654d9ded96d118e04c14860413fa25,4,11,0,0,58,8,0,76,4136,811.35
7752,f574fd478211f795aa4a3365ae2ba2d368fea54d,0,2,0,1,157,1,0,5,496,175.26
7753,621e2b5f5ee82871ffc344a53c1dc08442cd0cd8,0,1,0,0,0,1,0,0,457,102.71
7754,cbd8b15e6b65d891961df11ccde67ff705f1d210,0,2,0,0,5,3,0,3,61,39.6
7755,e60f34fdb5ea7039e5f1eb69252927605ad1612a,0,1,0,0,2,0,0,2,83,31.02
7756,c88ca54c16625bc7ab7ebf5eae295fc669d08bb7,0,9,0,0,16,17,0,10,1901,379.01
7757,1e56938757d2958631ac1ea07387eaa61997d84a,1,6,0,0,61,2,0,11,865,254.04
7758,d866e7c658e04a5b3d221137d41e3e277f9991c4,0,9,0,0,33,41,0,61,5855,921.43
7759,6ca8261fc0d665e4966f12bf0d872761bdfb430e,0,2,0,0,35,6,0,10,2281,319.86
7760,8f6849ff02fa9e37aab9d7bcab5b8d7b8b37a89d,0,1,0,0,8,12,0,4,189,1001.53
7761,17a29ac2313774850f0cce116ee33ef79d007a34,0,1,0,0,6,0,0,14,603,87.45
7762,bc35de597d07b41d7456a38fc2cb771c9292429a,0,1,0,0,1,0,0,8,271,70.65
7763,ba02a8664b23c1d4942fad357b0ef02ec88ec8b5,0,3,0,0,0,0,0,0,815,150.67
7764,2389c09d75461c1e4d3072bfacf5fbb86a625207,3,12,1,0,123,17,0,27,1296,427.05
7765,828a1c76c71b0179bd9709e3da5d988b18fea631,0,1,0,0,18,3,0,7,126,43.04
7766,a2b91727715e10afa29c759cef20540f29a79228,0,4,0,0,37,41,0,21,1055,219.13
7767,eb40e6dfaa26dec85fc07a9cebedb7dcdc62874a,0,1,0,0,5,0,0,0,149,33.71
7768,35b4adf3ed05a903686cab2b09c3e80c94a81697,0,1,0,0,1,0,0,0,13,13.02
7769,5a69465ea0188b5942baadfee375a1303169f795,0,6,0,0,77,7,0,0,2160,656.03
7770,d57c80c4159ccdd240f01907b79892455713941f,1,5,0,0,30,16,0,77,4608,720.36
7771,42d5447cfbc593becfc26684e03f482eb3a0fc49,2,13,0,0,28,5,0,17,1379,343.71
7772,6df7f2346ca75fe46f95427680aea32aba768cc7,0,1,0,0,6,0,0,0,2,15.97
7773,273d252838e96c4b4af2401743d84e482c4ec565,0,3,0,0,8,0,0,11,1112,212.87
7774,46cb5dfa226892fd2580f26ce9ce77225bd7e67c,0,3,0,0,0,0,0,0,1120,194.66
7775,824ee525df009ce21b96450bdb4a56600403aac1,0,3,0,0,22,0,0,0,483,124.05
7776,5a633adffead3b979f6e1a607994409978b0ea74,0,3,0,0,38,2,0,1,166,97.41
7777,125767b44e93f1094b77a6cf8c2a5ca19b5cabd2,0,1,0,0,1,0,0,0,36,20.54
7778,edf50495022c798666f91e7adccb3b93e4200230,0,2,0,0,6,0,0,6,123,51.88
7779,773aff90fdf9edf4687b373d1c7ba859d166a437,0,3,0,0,27,9,0,21,447,114.15
7780,d91784e6665c61aef96f4307a847aa197bd25587,0,8,0,0,105,13,0,43,1029,1259.75
7781,556b22374423ff087c0583d02ae4298d4d4f2e6b,0,13,0,0,2,11,0,1,1228,374.52
7782,80cbc0d1fefdba1492d7ec6e580ad54a2960cbdb,0,1,0,0,12,7,0,0,60,33.64
7783,5b6c0d277746c9dd58994e470c4cb5facca46718,0,5,0,0,62,0,0,4,134,95.46
7784,758f4296a4a8c99e1b8409b0b0e9319559074bb9,0,10,0,0,27,0,0,0,308,115.71
7785,193359ffd22057ef803b923b8f6e858ba36b7f5f,0,1,0,1,1,0,0,2,18,36.37
7786,eb3f5b2812cfe030690d5d22755f7809566d31a6,0,3,0,0,0,8,0,11,1112,202.4
7787,092efb42749bf7fc6ad338c96aae8e7b9d3a2c74,0,2,0,0,5,0,0,0,1199,216.34
7788,00fca5a4c9bdc73b4e0c962af0cbfcc7db2029fc,0,1,0,0,0,0,0,0,71,25.68
7789,66cced16dc7f097e601ef9bf2f7356933e84e19e,0,1,0,0,0,0,0,0,28,12.81
7790,b2813282280b2bedc8cedcde26e9418f522212ca,1,12,0,0,42,20,0,13,2081,430.47
7791,f39ecac4882cb2f92490c66f385ed4c6387f4510,0,1,0,0,0,0,0,0,47,17.39
7792,12c45cb2e8eb6b8dc1743eea6253ddd21b08a61b,0,1,0,0,5,2,0,14,111,36.9
7793,2d203c447995e53067ac92befd6281534866b4bd,1,6,0,0,35,6,0,18,1175,280.81
7794,26babcf013de696b899d76a3c39434b794440d8d,0,4,0,0,45,1,0,4,663,147.39
7795,96ed407c691ac0686fb14cdcd8680d1849e24ae8,0,2,0,0,2,0,0,3,195,50.76
7796,a110e1eff5cfa6e905dc329719384ea9e39545ba,0,39,0,1,40,47,0,44,9291,1856.49
7797,39cf42be9a9a3bcbf5db90903d2d4b438551d4ce,0,1,0,0,1,0,0,2,90,44.54
7798,6d080762ef795adf02dd0ab236c4b3eb73e19a91,0,3,0,0,5,0,0,1,221,61.8
7799,4be96dd8a61bedc15021740157682605b6445265,0,1,0,0,0,0,0,0,127,36.85
7800,87f5b5f3411d96c31b4cb61b9a57ced22be91d1f,1,2,0,0,65,2,0,48,2300,1291.5
7801,5bdb52af2f8922e21362dd815dfbf92bf8599f2c,1,1,0,0,24,0,0,13,235,95.55
7802,f4ff480387bff40129aefb16e0379ca8062d4ca9,0,1,0,0,0,2,0,10,331,56.32
7803,291dedbf8185ede93808746e4233c2507d86f5cb,0,0,0,0,0,0,0,0,0,77.56
7804,6225b4a492c40a03475b666915b96984b25b3c47,1,4,0,0,4,48,0,1,371,138.45
7805,2e9b96e4f14c2802b59c6037cbfe4a427ec93bea,0,1,0,0,0,0,0,0,175,36.79
7806,060b8aca8601d323c1a623defdac9c04b704c136,1,10,0,0,10,23,0,15,1654,347.02
7807,ae6c90b4ece1ada9e771e7b65033f962b8636c4f,1,5,0,0,94,4,0,32,892,254.59
7808,09ca6193890e8caffeb2951340b6a6fc10b5cfa0,0,1,0,0,1,0,0,0,19,16.8
7809,b748ea3b0d3a074b976fa0ae59fc591303e805a0,0,1,0,1,0,0,0,0,41,40.17
7810,1825af45b328cd54680c5c552f07bb12c4705fdb,0,0,0,0,0,0,0,0,0,91.15
7811,acd0d1e446c164d9c54bfb461b2d449c8d717c07,0,1,0,0,0,0,0,0,506,108.18
7812,5e14e125b2d930dbe29760d5872fd78e9c8299fe,0,1,0,0,0,3,0,0,28,19.31
7813,021f66d11d2cbb7308308093e29e69d6e7661ee9,2,26,0,0,55,61,0,59,10283,1989.19
7814,8e6ff689e806138e602a46730886d8c5f524fdcd,0,1,0,0,4,0,0,0,70,104.14
7815,3a2a76f6f8c55ac644f2ef0a307689b09c341375,0,1,0,0,2,4,0,0,16,19.9
7816,bb1a935636f4659631fb7b474716561fc5fff401,0,1,0,0,0,0,0,0,73,28.04
7817,102f0bf9c565f70afd272cd5f2cb39305c3783f8,0,2,0,0,40,0,0,29,745,141.46
7818,8a264dfc00ac85d12270e296081697dd6e0709c4,1,2,0,0,5,0,0,0,176,51.5
7819,4f7aa3b71d2ebfa57f890c5ebaaf166fb7128597,0,1,0,0,4,6,0,5,70,28.04
7820,4f2dfd387779968d3b76a22f1f4189d3278b202d,0,2,0,0,4,0,0,0,242,1059.54
7821,32dd633b9899a2cae70c017c33a616701d6cf7bc,0,1,0,0,6,0,0,4,201,48.36
7822,a67909d3d64675f5f557e499cdcc8898fd33e31b,0,1,0,0,11,0,0,13,680,127.01
7823,05f57f4c03c68e3184d6fcfaaa4353a0981125fa,0,10,0,0,48,17,0,24,3348,716.23
7824,8c9825a030ace256343dc6669b6edec22e6f75fd,0,4,0,0,0,0,0,0,1713,333.85
7825,db04a9f9d910caf3976f8a86cdd8bacbafcd78e4,0,3,0,0,42,2,0,12,235,89.12
7826,92460c58aa14c59ddc7c353f45c78f246bff5018,2,0,0,0,0,0,0,0,0,38.99
7827,603110719d9d26705e782ba048db713b18cb076a,0,2,0,0,33,0,0,29,755,140.37
7828,ab53329cb3a56296ad05ee68735eb78896819cd3,0,1,0,0,2,0,0,0,338,63.32
7829,cd61bcc01eb29eb3509f72cf72326605afefabc8,0,1,0,0,8,0,0,16,390,62.61
7830,0836b0719a77a5a4c705d8ecfb135ae49ed1b934,0,1,0,0,4,0,0,2,54,21.93
7831,438af9bf74c915fce9c8f525d986eb581e8cc0da,0,2,0,0,9,6,0,0,138,43.07
7832,cf529f18a9959589fa635f78df4840472526ea2c,0,0,0,0,0,0,0,0,0,85.31
7833,f4006b5039170ca1ac8adb63abbc111184e2e9ee,0,1,0,0,24,0,0,0,37,34.18
7834,60bdaf7846446acb0c4b8208d02687452fdbd2b2,0,1,0,0,7,0,0,7,58,25.14
7835,c9f8c3436f6e38b5c7807677c5c3e7fc3e19e071,0,3,0,0,48,16,0,0,1125,228.75
7836,9fbce1668b1fc1e8a7d4bdb341bbed7bf65936f2,0,1,0,0,8,0,0,3,57,25.55
7837,a8ad61ec88f2d147e557f26543157db54dd7fcef,0,1,0,0,13,1,0,9,168,50.29
7838,b77fb77b322a3a4f3419ff7cadc2c8dae256fe09,0,2,0,0,35,12,0,0,36,40.6
7839,304d3e6fa9f44cb25ab03cb6d949f1c9b74779d1,0,3,0,0,21,39,0,36,704,164.74
7840,079f168c5c17ddef3a5062e7b75acfde9b73c7e6,1,16,0,0,18,27,0,1,5752,2009.06
7841,c323e7bfaa180dc9a9420ece2e191c21cd04b99a,8,3,0,1,20,29,0,0,82,253.31
7842,85901754f82f0b60ade1356f5e45c6e2595f3107,0,1,0,0,30,0,0,0,78,111.5
7843,09dac89908069687c8c34093b7023150ef1ce082,0,2,0,0,76,0,0,9,182,77.23
7844,1fbce10ff45571633755eb27605fae880dc23a6f,0,4,0,0,11,3,0,3,2141,343.6
7845,f67763ffa00ddb3115598dd0047783a8c4d27462,3,23,0,0,122,64,0,1,4099,868.01
7846,c17be2e6223eee15ec926eae160bfa2adebab260,0,1,0,0,0,0,0,0,37,15.47
7847,36f3d9432a335163b8ccea5d8965e779d2c92fb4,0,1,0,0,2,0,0,0,82,23.75
7848,b1089e831074188699178e9d1ad5b5e5cc7effcd,0,2,0,0,33,0,0,0,133,58.74
7849,9bd4b04ca81b87c2686dce04e1175b2ac90a2f41,0,3,0,0,41,10,0,21,1088,237.41
7850,0968668283d9e3b23c2da8c2c4a0a77caee2e9af,1,0,0,0,0,0,0,0,0,26.11
7851,1eabbb42954b94308f85434ed2a9a80ba3e03c5e,0,3,0,0,1,0,0,6,547,117.37
7852,a472f24d17718f85883d7bb7b9bd9bd64a8cb392,5,10,1,0,65,12,0,7,1891,487.02
7853,7ff29d8e00543cf54bb2e663a2566db1c5d3707b,0,2,0,0,7,2,0,0,216,58.66
7854,1cd2b56802a58b833b78ab11093912417c9a226a,0,1,0,0,1,0,0,0,2688,489.05
7855,8d19bbd34781a1b442f9dd382b3db57be2f77c64,0,6,0,0,99,5,0,25,1536,393.39
7856,3de02d57f632d5c2cb2027cca3bd0333210f5619,3,17,0,0,275,69,0,133,3403,897.03
7857,1b98a96caa09ee9be27d6bf028200fe6790ac726,0,61,0,3,87,164,0,53,10306,1823.16
7858,42be553433775c5985f6c68f8178e51afb0a402e,0,1,0,0,0,0,0,0,2689,491.29
7859,fe73fe8def88a513e53196461bfa845ae91ccf96,0,7,0,0,13,60,0,19,4591,811.91
7860,997747076d8ec0b4346d7cb99c4b0667a7c14905,1,1,0,0,2,0,0,3,98,1047.14
7861,dcfa01448c1693308256b41fe43aca6df41fd3b8,0,1,0,0,4,21,0,10,66,34.97
7862,31ae8dc7f3a8087fd48a9a59ba113f803ea0ea8d,0,1,0,0,0,0,0,0,70,20.01
7863,b889c8a2215258b11d1d9476d5ab12f472e18d67,0,1,0,0,0,0,0,0,70,18.85
7864,7448b045ccc96cea2876ebd39cb6b5ef7b73a207,0,0,0,0,0,0,0,0,0,24.46
7865,d909ec55aa54330e0251593fa0e7c2d2fd61681d,0,3,0,0,8,0,0,0,2400,322.09
7866,44ca13fe07dc5050a2bc98ccd3f65953f06aaef8,6,10,2,0,153,49,0,42,1850,563.7
7867,78e7dd6537801534d02a8bff567e361759b7c5db,4,1,0,0,0,0,0,0,0,154.01
7868,a11701ecc5094d0c8cd96a290d86e52df83a9707,0,4,0,0,11,32,0,17,526,134.51
7869,03c0f7fe1343e681eda350a7a3528b62b28532cc,1,3,0,0,5,0,0,0,87,55.16
7870,9d5004894c0d4d9bd53dbe79c4650833deacc1a4,1,0,1,0,0,0,0,0,0,37.49
7871,a5ed463d48b9bd1785f12a9abdb92de1c76767fd,0,1,0,0,3,0,0,18,422,85.58
7872,7357b0ce9fb4ae0700538c167edbf2c320783490,0,20,0,3,12,0,0,16,1767,575.87
7873,1413522f6f99e2dbbca9a67b6ece78beb2841bc4,0,1,0,0,7,0,0,8,65,27.73
7874,832f67d483985bc6cf488bb8ecef32280fdee668,0,1,0,0,39,8,0,0,110,48.02
7875,7d3750bd9fc9747623549c242cc4171e224b3eaf,0,1,0,0,9,5,0,5,272,55.17
7876,9a809077602f2e339bf484e357ac71bf672bf080,0,1,0,0,0,0,0,0,342,61.32
7877,9e9db3245f2d825837f231c004eac99f83829a95,0,4,0,0,59,2,0,2,540,127.46
7878,30a052b3e5a8611841229198a64e41d74b6a3963,0,1,0,0,4,0,0,0,70,32.38
7879,cfeb26d27a3f5c80e5e8e3d29fd94921251075c4,0,2,0,0,4,0,0,8,751,132.7
7880,519236b4afa7325d482380e945faf0a7d4c97254,0,5,0,0,8,0,0,7,623,1106.29
7881,e66a6603e36ecd67237ca16acd5e2de03f0d372d,0,5,0,0,4,0,0,15,631,153.28
7882,950d6e6fb0fdcf923aea66e17e617c06ecd5a628,0,11,0,0,147,11,0,93,5385,1190.97
7883,5fd16f38533591615aa9afa48bb89bcbd8313caf,0,10,0,0,21,6,0,15,2575,490.55
7884,cc7aefe0bb238712eed1461c792285311259d8aa,0,2,0,0,6,0,0,2,483,106.04
7885,40f0a434626215634ad5922f028b4c54a2e4c895,0,1,0,1,1,0,0,0,84,57.97
7886,edf60b965be903f205ec689b59c55229e0cb1dbf,0,5,0,0,0,12,0,19,623,141.46
7887,ec66434380aee62289ccf7b173d765bbe7083718,0,3,0,0,16,87,0,33,720,149.74
7888,423a0ab71a4e588f3efd2d2ab96a36c16e8b37b1,0,8,0,1,56,120,0,40,1859,384.95
7889,0b28155d274910b4e667b949d51f78809a1eff0b,0,13,0,0,17,41,0,57,783,236.03
7890,0e43abc78a5a55c84a7572125d498a950dabfb57,0,1,0,0,0,1,0,2,87,26.07
7891,c08eff67afd8ac696c45a383077d4a42fed85ba2,1,1,0,0,3,0,0,0,1420,220.76
7892,ac5bb8155b618194fe9cf1131f0e72c99b7b534c,0,4,0,0,1,5,0,0,1469,256.97
7893,21684a32fa65fcd1f64612a0b1e0cb4dd952d44e,0,3,0,0,62,100,0,15,1879,309.14
7894,b336da925ac5c5ee3565112de4b808fe2eed08a2,0,3,0,0,93,0,0,20,1648,303.07
7895,6dbbd78aa00ed4877292d9cd48621803a175d51a,1,43,0,2,60,136,0,55,7301,1595.11
7896,4cb70ea9f54c01b38acd5e76f482f8f4350d80bc,0,5,0,0,24,1,0,4,500,109.04
7897,d23a517b6129a90f69062b7558bc777a4b76bf8f,0,1,0,0,0,1,0,2,61,22.82
7898,72784c2d836a4b977667449d3adec5e8d15453f5,0,3,0,0,40,17,0,4,1535,369.66
7899,7b716c964bc7c692c1222812974ae75428d50e65,0,6,0,0,52,59,0,42,2206,524.38
7900,bc9f9ae080c1d6e8f6ed400883cc2d756bbc3fa2,0,1,0,0,1,12,0,4,677,1071.89
7901,177458d9d0666329c015375627b5093c392f9b4c,1,1,0,0,28,2,0,7,191,83.79
7902,98245ca6e4b6b8cffe22534f32e825c912de2ed3,0,34,0,0,106,14,0,86,6917,1294.85
7903,55147c7eae784ebd9b4c5149112c6ec2623e4d48,0,1,0,0,0,2,0,0,337,59.04
7904,79800e607cb12111101684e5d9fedc4df4e52e1e,0,1,0,0,6,0,0,3,253,52.52
7905,4ba6242a62e6aa0ce96dd9dda9b471cbb357134a,0,1,0,0,0,5,0,19,358,61.76
7906,0db2b628d6db90b5ad300773d81e9cdb7dd0ebcd,0,6,0,0,6,12,0,7,655,149.03
7907,6a0c67344a86a98eaa56586524639fcf84ca1275,1,1,0,0,15,0,0,0,1303,220.34
7908,bb8826ca5f3d5bcd185cf6fe4ebe7d72942b8d6d,0,12,0,1,443,51,0,90,4251,1042.87
7909,f1806a11e69334a132caad54c502b85d57fffe82,1,1,0,0,3,0,0,0,5,32.81
7910,a68dbde941e5471a555a6df0fb5fb2d122e2e98e,0,3,0,0,35,0,0,9,283,100.78
7911,a84cdbd579a6696b49bbf439bdfe739772345073,0,4,1,0,42,3,0,3,191,93.99
7912,74e5c776b30ce6205544bb5e956f01ea9abf41c5,0,3,0,0,11,4,0,7,1649,292.42
7913,0789e15b5e34dcafd6adfb08b4474ea1b4628265,0,3,0,0,18,6,0,26,3155,629.89
7914,ffe430237a44b1ebad31171bdf81ab7487ef5ce3,0,0,0,0,0,0,0,0,0,89.88
7915,0e173d38b05363e1fb5c85955a4964f05958c1fc,0,14,0,0,196,268,0,146,8496,1650.49
7916,a8b16ac907d631a7ac47713290d95620bf7b6522,0,1,0,0,0,0,0,0,854,140.28
7917,c24a7c446fce11a8aaa5c2706e3211539b735ea1,2,0,0,0,0,0,0,0,0,99.98
7918,63477d6251a597065af4f9619ec68699721123a4,0,0,0,0,0,0,0,0,0,103.42
7919,13e4578be83bd3e76ff1cfc5212ae75de130a007,0,1,0,0,3,0,0,4,182,52.38
7920,1ade4d2f440a629968d41487bf27062a7e22f08b,0,2,0,0,20,15,0,28,2727,1388.27
7921,112d050609184375d8cc6b15ddb80bc7c6b9a19c,0,1,0,0,0,0,0,0,26,15.1
7922,d822ee3a7ccc4959ed5a4b85bb54ff6142aa7d6e,0,19,0,0,124,39,0,33,2618,634.94
7923,cfdabe92672b68cc74fa14b3f5bdc4b95f79538e,0,3,0,0,32,70,0,72,3734,604.74
7924,ad5b4af2c4ae822fc892974fd7e2e9e2106998a6,0,4,0,0,104,56,0,8,68,108.75
7925,66ad9fdef8e8bff3ed2b77cd8865f724b345bd18,2,9,0,0,74,23,0,33,2050,452.33
7926,4366720bd186276322ce8b7167a790608c801d6a,0,3,0,0,58,9,0,27,422,119.51
7927,0f23784182ab88649de340d75804e0ff20dcd0fc,0,1,0,0,17,0,0,3,249,69.9
7928,2d2d9957a7452073fbfc0b4a0624d302d0bc6a1c,0,0,0,0,0,0,0,0,0,13.91
7929,b9413839ab6971eadddb1f5b2a4ad91d7815251e,1,6,0,0,343,4,0,50,11526,2222.6
7930,d7561cee50acf2e3a52b8a38c71259d60b653ed3,0,11,0,0,19,2,0,3,3606,633.96
7931,1804b6d0593e335c126d3f67cbc3a90964dd1639,0,3,0,0,13,7,0,6,910,223.87
7932,a838f7631f60d5c12736e8dae2856e1cc5a3bd99,0,7,0,0,45,34,0,19,1131,280.9
7933,4a08135dd87324efb48b0104b9a8bde8419fdf20,0,1,0,0,0,0,0,0,378,79.06
7934,724e323494da4f6562b98604560f854ebbd8229b,0,1,0,0,55,0,0,0,2,39.61
7935,51527f551bb5a0c02a4e6115406a90be21ad145d,1,1,0,0,3,0,0,3,343,90.46
7936,c55acb0b0363525f8d3ff52cbcbd05f3bbdb20a4,0,1,0,0,0,33,0,0,256,59.5
7937,2bf5e46a33af9724f4db0376a70a217b5071fc6f,0,1,0,0,22,4,0,0,87,35.4
7938,dbcc80c9e7f33624d68c4961a04a455ecca8480d,0,12,2,3,0,0,0,0,1260,367.85
7939,4bcaf495c2aa10bb11fe9bb670d5015b039eac39,1,6,1,1,75,65,0,10,1292,365.07
7940,1d0fca370bf56a41fc62b72bebe86a7185a2b0c2,0,6,0,1,1,6,0,15,696,1137.67
7941,8c857633271cb844b01deead8c4df9b573bc99e1,0,1,0,0,0,0,0,0,0,40.93
7942,619e0fdab88ab0599ef157b430e85ac0752eb6c7,0,1,0,0,1,0,0,2,38,25.78
7943,7e599428d347e0b175495fbfdb04468948d2149a,0,1,0,0,1,15,0,42,1417,218.64
7944,067388bfd9dccdb42fcbeedc45a3862555603892,0,5,0,0,12,0,0,0,1355,252.92
7945,65149bd8fca269a6e7588b87b02b2861ff67536d,0,1,0,0,0,0,0,0,10,14.59
7946,f3f17fa111f37233ddc42ddb9c38594e35d8d501,0,32,0,0,125,91,0,73,5420,1148.81
7947,4613f3e8c740e881505fcd2c661a0e28462eb459,0,4,0,0,34,0,0,2,502,133.37
7948,1b7e4fdcfc69a99d114910cd77a617f449eb33b1,0,1,0,0,7,3,0,2,64,36.95
7949,37de961f2041f55e90ff9db5fb0aa83308c92515,0,1,0,0,2,0,0,1,99,34.0
7950,4804483f7e55edf91a8e9d7ad30ad8239a96eaf3,1,2,0,0,18,3,0,9,947,211.91
7951,e7b56c3fa862236153c4a92bfad7a5e6947be8d7,0,1,0,0,1,0,0,1,811,150.19
7952,b631727bdfaa141d591d6194abba47a19c1dcbde,1,2,0,0,6,0,0,2,465,132.94
7953,3a3855aade174d89087c5959320b7662347c1275,0,6,0,0,1,0,0,1,1653,299.66
7954,336fd14e26e3ae32bfb83ac3c63ff49328066f6e,0,1,0,0,0,0,0,0,73,24.2
7955,44f6ef1c90548304402103d6210c9edc39ebc246,2,9,0,0,6,0,0,1,1198,287.5
7956,8b8de1f8a77b5b9f6d4b8cfb7eeb3d545a69d0f2,0,2,0,0,3,0,0,2,425,75.93
7957,e963694259aa9242aa709e9b954754abd9a681cd,1,4,0,0,34,34,0,4,915,190.52
7958,d43e28dc8269d19596aaf801de8e63c8bbd8b68f,0,2,0,0,0,3,0,2,425,83.1
7959,80b40a3b588d9d250c1f3fd0ce4ee50376fbe25e,1,1,0,0,4,0,0,7,346,101.65
7960,323907f84fcb5ca2cb33131e212ccda4ace76c68,0,4,0,0,7,14,0,1,612,1128.71
7961,a8e184dc77470bdf9d62e19c5d36bc1de7cf4c6d,0,8,0,0,113,17,0,48,838,294.21
7962,7178a98258dbb28496c2c4f3fbbf8e552ead8bdb,1,2,1,0,1,0,0,2,680,144.74
7963,7be97980f57ad0a251afc562ef3d6fd7ec15a7b7,0,5,0,0,20,55,0,1,244,124.87
7964,b3e41c9525f0f8537b87bb7bf923cf74c31ee585,1,6,0,0,30,6,0,0,691,190.08
7965,c365c4084e185cfd4bab711f9ce8924654445ac9,0,6,0,0,9,1,0,30,4511,722.33
7966,5a1e02b6dcf27bb2825bab3d97f50e981f98f91d,0,1,0,0,2,0,0,10,854,147.87
7967,bd30ca62eff05195b9328aca5f33f69ad0198307,0,3,0,0,76,34,0,8,311,102.68
7968,bd01fa763985491e196e296f0f627274ce04e619,0,2,0,0,16,0,0,0,49,36.46
7969,6f2510299729cff892ce1f28364189b1ab3ccbb3,3,1,3,0,8,8,0,0,1313,312.91
7970,28635d6101956d51580a503270528d44ebbf8612,1,2,0,0,23,5,0,22,304,126.8
7971,48d387413f012cd6bfecc42085f7432647975780,3,4,0,0,34,11,0,0,2277,484.71
7972,4329330cf1e9d03aebe0747b3f3fc77b774e7d32,0,1,0,0,3,0,0,0,34,20.59
7973,3813f0ac3d661f8a9985e6e67283d8556a5d08c1,3,7,0,0,33,6,0,19,3098,632.99
7974,2cfe1e8aef69514acac85cecd3a4abe318314209,0,1,0,0,28,0,0,0,71,35.8
7975,d921262d389ec7178797b817f0cd8a0a873085ac,0,4,3,0,11,30,0,1,2287,451.76
7976,e2fcde2d6f8f57cc28524a855e49c2d65e40b4ba,3,3,0,0,25,12,0,0,2286,447.89
7977,21e02813fedc6846c9ef381e1ff9b49534f20ec9,0,5,0,0,81,0,0,18,609,215.26
7978,c6ff1de7e2cc08c40785780a4acd65097c8281d9,0,1,0,0,0,5,0,0,4,13.85
7979,699ea4c7d02c4871a57c1cb1a984c3451c54cc6b,0,1,0,0,4,0,0,0,75,31.08
7980,8e1002913decf29c3e156a6d8df69f5ad929f4ea,0,1,0,0,0,0,0,0,57,985.56
7981,911a6ef4123f0e2118a5853890d4514007306047,0,1,0,0,30,0,0,4,100,42.4
7982,a07e755625382d3904c935c21a4f240ede6d2f43,0,1,0,0,0,3,0,19,676,103.84
7983,1114a1a65e78a00f643ef15b9a13bc710cb80845,0,3,0,0,27,1,0,0,924,177.19
7984,92fdc8dd51156d1b21424f227fa19105a50b425b,0,1,0,0,3,0,0,16,207,48.94
7985,d159b1f8bb9a29f7786a96c910157e12583768a2,0,1,0,0,0,0,0,0,600,95.08
7986,4d7ed0f94c8dc02522e2629c5bc6cd85421c4bce,0,2,0,0,5,4,0,1,399,113.09
7987,159435ee402d42d2558a657641a21e4925e4d2fb,0,1,0,0,4,0,0,1,195,45.74
7988,e8eb3665142fb157ff000b25c687123908e7f63e,0,6,0,0,57,0,0,37,1791,385.19
7989,d4cc5eef43b7e626c94f4a8aaabf63c17b9a0179,2,2,0,1,12,13,0,2,43,84.65
7990,50055dbf04deee7e850cf71323b64d454aee20ca,0,2,0,0,35,0,0,1,250,82.3
7991,6b18e39f30b30ad2aa027eefbf520f2c5b1de490,0,1,0,0,2,14,0,6,82,36.19
7992,6dd5383033c5b0f84bd1de081a7fdadabe1658b8,1,71,0,8,358,74,0,168,8548,2388.63
7993,f05f116327c1f0dc8479ce238b3a47454dfea13c,0,2,0,0,12,0,0,0,184,65.96
7994,63f2d3cbdc8151f5f61f33e0a078c51b9ac076a5,0,1,0,0,0,0,0,0,84,24.89
7995,c01d4d3a35a53d67d4106fc906629413f8e980a7,0,1,0,0,2,0,0,0,16,18.45
7996,74ea0111696e2a01a478fd7e11cfad14d1bfc3b5,0,1,0,0,2,2,0,2,79,43.39
7997,b0af08bf9bebffdc20e14f28e216b55f298254a7,0,1,0,0,0,0,0,0,81,30.28
7998,064388b4781828bb22c3ef17424d133804edc9b8,0,1,0,0,0,1,0,0,17,17.01
7999,91edbf592a9ec51ea2cbc53feb366dd0d13a915b,1,1,0,0,12,5,0,0,21,49.76
8000,899982c02d455dd02ca493d5473a047358728fb5,0,1,0,0,2,1,0,1,80,1011.23
8001,2d911fdc2f07a9a947b164eaa321a8b52f4b7185,0,5,0,0,12,0,0,0,115,66.25
8002,72b36e1d9aa6b10508b6d87a02fbf7d4ead2d2a2,0,34,0,0,228,0,0,5,3417,1026.33
8003,86b35b26870be3a04304a4483c08fcf7c50d55f5,0,3,0,0,36,0,0,35,3705,551.05
8004,780670ede18ea2c4ff08ef703e2fde35536909e6,0,1,0,0,0,0,0,0,60,29.8
8005,a452487a9b82bfd33bc10683c3f8b8ae74d58883,0,1,0,0,0,0,0,0,91,29.42
8006,409e742ac3bdbff027b136a87339f4f5511da07d,0,1,0,0,0,0,0,0,91,32.74
8007,c372175da4a0be9950b8044b36b648c2254dfb09,0,1,0,0,19,0,0,0,285,85.09
8008,dd9880e0de13fc7dac1c570f90f00bc914d1fad5,0,0,0,0,0,0,0,0,0,90.98
8009,993e74b7471a7fe483eae59ab198bb2533c55031,0,0,0,0,0,0,0,0,0,13.19
8010,9e2732edbbc1e207392bb5e3493dcf1b42a2dbcf,0,1,0,0,9,0,0,0,861,160.8
8011,3afe9fb7e6ebfa71187cbe131558a83fae61cecd,0,5,0,3,32,134,0,12,347,228.29
8012,fcd883b5dd7f3e2987646407f8f03c5513d93a9b,1,1,0,0,4,0,0,0,185,71.51
8013,7c1fad4992a169a35b4457e6f4afcb30d04406e9,1,5,0,0,105,1,0,19,1155,286.56
8014,e903ae5d5ec98e71c2c28e2cbd55309a17e34612,1,20,1,0,273,62,0,35,5924,1256.2
8015,bb657c2d2e824bd32f1df1fc8a8051bf875b2ff7,1,1,0,1,5,0,0,5,104,85.15
8016,a37c40faa518a66d2bc4c2a2f5def05e38203092,0,1,0,0,11,191,0,22,2517,498.27
8017,245bb44703c6561027b04b11dcc08ecf993babfb,0,36,0,0,9,75,0,0,2866,668.14
8018,83131b1ac40233f6f76c23b2a15e4fa07b4ee020,0,3,0,0,17,30,0,13,1128,301.7
8019,5c1b325b510976fe2955593d95690ba507c32e03,4,15,0,1,49,4,0,8,4631,1022.75
8020,dc767c06d27c57e02d8963515317d54e89ddc718,0,5,0,0,97,9,0,13,1575,1298.92
8021,3ac32494231ca70aa5e4997aede4497f224ce5ec,0,7,0,0,11,2,0,22,2774,489.35
8022,bdc168713dc505d82812de12dd5855f0a06c2124,0,6,0,0,6,0,0,0,143,71.28
8023,855f4bbb28a5d573afb9e489640617041c2d9c85,12,1,1,0,0,0,0,0,98,168.41
8024,c8067aaa64fbdf176523b7701a913a4d752f01ff,0,1,0,0,0,3,0,0,134,37.98
8025,f8b12805bbff18fc94e2ac6894f92276b1453350,0,1,0,0,0,0,0,0,81,25.44
8026,aab3a8a870b7bbe2d48e2909fd1dad4b20988e00,0,2,0,0,0,0,0,0,355,64.56
8027,08c4d70aaf0079fa1d0d74d5874f0f2639474138,0,4,0,1,55,11,0,39,2841,484.56
8028,b04b4b0fd127db81f8186ff55091fd033cf1b0c4,0,1,0,0,6,0,0,0,76,29.46
8029,0075093d21c3534b7e39da2f359b0815038bd378,0,2,0,0,2,2,0,3,120,58.73
8030,c3419be003baefabd26aeff26323049e1374ad88,0,3,0,0,7,0,0,0,6991,1101.45
8031,9af7bc6204fba6d44fbd9078dfa8d017f0ff993f,0,1,0,0,0,15,0,0,410,80.42
8032,dc3ada2614ebdb13a07efc26bd803758e272b548,1,3,0,0,20,1,0,25,1457,381.58
8033,c59ecfb9616e28bfec29b8de9f95ddbef98df7be,1,5,0,1,15,1,0,0,500,210.62
8034,dc1dedb073f390a5cb98bcd1b57358900d69867c,0,1,0,0,8,0,0,0,57,27.59
8035,76199a0a29bfcde5b282f779f9d3b2036147722c,0,2,0,0,2,1,0,9,412,95.66
8036,6d7bc0e98b25215e79f67f107fd0d3306dfcf352,0,10,0,0,28,51,0,6,4232,790.04
8037,3a0fcd56cf9ac0769eca74c23f0690740d1bbcfa,0,8,0,0,37,15,0,0,2730,649.11
8038,9da20a4116aea2a65b4579670718b0e94288e3ea,0,1,0,0,1,0,0,4,60,30.25
8039,1cf920db4395926c634ed0946a57dfa52227472f,0,3,0,0,8,27,0,44,2150,401.56
8040,1010992ee87f4cf9aec8fbdbcc4dcf1794846251,0,1,0,0,1,0,0,0,191,1038.16
8041,aa9e1d0511a9367448e921f014bc4f044ab471f0,1,8,0,1,41,0,0,26,1751,395.11
8042,cebb725a9f4ab8dd9d3f306d21d53d6f56161c51,0,2,0,0,12,1,0,0,1000,164.3
8043,ddd30a2241ce625e178571bb7fc8984846b5432b,0,2,0,0,50,12,0,75,1804,332.73
8044,69431c75c16d8d863932815f0460322153a25dbb,0,1,0,0,0,0,0,0,726,122.53
8045,cd161d976ef47b84e904f2d54bac65d2f3417c2a,0,1,0,0,11,0,0,0,363,77.74
8046,98909f4a9dfb342746c595b28989334d6d5e0507,0,1,0,0,0,1,0,1,861,161.2
8047,8eaaa63114a64bcaeaf0ed9bdd88615ee22255c1,3,9,0,0,29,14,0,8,4626,822.92
8048,b8134fe5b6ce4a411c79d5bd63404906bf174c3d,0,1,0,0,3,0,0,0,403,102.85
8049,d7e08317d2f214e4cca7b67578aba0ed7a567d54,1,3,0,0,11,2,0,1,128,75.68
8050,22ac655704c75cefd28ad9449d2345fca381ca4c,1,2,0,0,7,0,0,25,962,169.42
8051,d39ea25d444e64403fb397bfac82eccd1a83dfa1,0,2,0,0,1,0,0,0,162,62.04
8052,6bc7089f9e0793efc9bdd46a84f5ccd9bc4579ad,0,2,0,0,5,0,0,0,137,42.56
8053,3baafbed52413de48c55d86a7cc0275969902e35,2,2,0,2,9,16,0,1,115,179.07
8054,71be251ef27fc8ac5dd6193b736231df2fad5961,0,1,0,0,0,8,0,0,57,22.62
8055,f9d51b67e45f1f213c37b14bfe96e442bc71a995,1,2,0,0,0,10,0,0,94,82.83
8056,fdbaa4c3f0253700d12b6bd61cacf29ca7fbc19f,2,2,0,0,9,0,0,0,115,82.26
8057,4d7235ec547d512a41ff205d8be1253121c626ef,0,1,0,0,23,0,0,0,181,56.66
8058,4508f670b136ae36325016e8d51b784ab0ec490b,0,1,0,0,12,0,0,36,148,44.41
8059,e42741e0858a59961ae0900b5ef073e16ef6126c,6,3,2,0,88,383,0,2,173,414.04
8060,ce29e9ea5c048a57e877d53e9c3e6081ff91dd78,0,1,0,0,0,0,0,0,81,994.97
8061,118b0746849c886fc64b0a53014f3186e2db4d9d,2,12,0,1,83,498,0,30,2722,750.41
8062,f122328758c62dfd9f5d16ff948c7293417daa73,0,1,0,0,72,215,0,18,205,83.3
8063,e8df847d4ed16b8432221d28bcfc00e1621df586,0,1,0,0,0,0,0,0,1156,209.43
8064,a1f28f3ca77d1cd9777d694e246b57d642dfcdb8,1,3,0,0,19,9,0,2,264,113.64
8065,bc7628a8c34994529011206ee889fb616525ec80,1,10,0,0,41,38,0,100,6237,1083.4
8066,e52039920112d2002832559b8c248582e8bade32,0,3,0,0,104,137,0,1,1257,274.27
8067,db9a5b7da76d0876c9515720a8a60acb299ab217,0,1,0,0,13,27,0,1,116,41.71
8068,9e9a1e0f0d58d6c276bf5ad4df96285e87854d54,1,10,0,0,87,77,0,45,3245,615.84
8069,fa5fa6ecdd071b72b58971058ff3ab9d28c3e709,0,1,0,0,3,5,0,8,354,72.35
8070,4a043126b1bc9ef92ddbe04732ec5ac769d15b0f,0,4,0,0,17,1,0,41,1637,274.37
8071,da63ebb2c034f3cce25b390377e9dd9f70d9acae,1,2,0,0,12,10,0,0,827,201.53
8072,e73616856706c695cf3e2fac9b4d2a2c10666f75,0,0,0,0,0,0,0,0,0,108.15
8073,0d9982901acc3e8ebd5ada892eeef307d2e69eec,0,14,0,0,67,29,0,26,1778,512.16
8074,6781918ca8e8a845f7e84d190f7a137a19a3a941,13,2,3,0,4,0,0,6,36,306.61
8075,fa652cc610a3c8b6c4c53ddcbbdc55b209f7d6a3,1,3,0,0,9,0,0,0,466,103.92
8076,3b91ae5b2ab8b6ef404c9cf7ea2a8de00c4230bf,0,6,0,0,15,0,0,30,1790,358.9
8077,fc7a6a64c2b5c250fee3b9dadb2bed99904b4a74,19,1,2,0,5,0,0,0,1,461.24
8078,8cc56bd18c40ba9a7131336e97c74f8d97d8b2be,0,3,0,0,37,40,0,60,788,189.19
8079,821e4d7de2d576189f4288d1c2acf9e9a9471f5c,0,3,0,0,23,0,0,10,1008,187.63
8080,5efa5f6de4388fc79919d977b58a351debcc8555,1,2,0,0,4,0,0,0,236,1053.81
8081,132bea9a1c189f9ac6bb02c99902d5473a9a49bf,0,2,0,0,5,0,0,0,821,133.37
8082,3a75505cf25e2558ab3d74e0a9aa68f971c9e1c1,1,0,0,0,0,0,0,0,0,19.35
8083,5fbb227deb365fe812d433fe39b85ac4b0ddee20,1,20,0,0,50,11,0,18,5591,1124.45
8084,21b98e107531a33c41c997340a8b1a95bd73d0d3,0,4,0,0,7,6,0,10,1731,302.53
8085,05d22ed960204183fbd9bd16f1dbca6410ccde76,0,1,0,0,6,0,0,5,61,29.91
8086,c0b994b0c6dcf7b8f6bf9b44491c0a312953c014,1,1,0,0,12,0,0,59,1414,241.57
8087,b723ce105174825a19b391e7d64ac2b32d0aad63,0,4,0,0,28,4,0,0,1704,359.91
8088,3b66b65b9f4b0d226b18019635b55147c62f8ef6,2,7,0,0,11,334,0,8,2429,532.75
8089,7adf590106826b9e4432cfeee06acdc0ccff8c6e,2,7,0,0,4,1,0,4,2439,474.22
8090,77ac352a9510ac3806cf234358b31b6ab6db5dae,0,2,0,0,14,2,0,9,1108,214.1
8091,7d7293049ac5268d40eb2de4d6564c6bc9d18a39,0,7,2,0,330,10,0,14,2433,540.52
8092,d0e7367c8d631fcfe95b6d8b3a49759b2b1c0538,0,1,0,0,0,9,0,1,876,143.99
8093,931156f66b1decc19d89f8bb3ce9e5f355fb4fb2,0,1,0,0,0,0,0,0,1156,204.63
8094,807736fcf153d0d83eab50fd20d096d37c651ca9,0,1,0,0,1,2,0,17,528,104.48
8095,86f23128b0d66deb70790785e63d2f7e01d5ab8d,1,3,0,0,20,0,0,8,975,228.53
8096,603bf4c55106de17e559f37d24df2b5dea6e64e4,0,1,0,0,1,0,0,5,214,52.2
8097,3b68e5393edba011146962c7457faffc1e3c0ee7,0,1,0,0,37,29,0,0,148,52.29
8098,6830a1c1a06021c7dae39532b18fcbeb141e1c4d,0,0,0,0,0,0,0,0,0,53.47
8099,b2fcf765ae9c2764b52151523863d9f2f1f835bb,0,6,0,0,40,35,0,1,1162,224.89
8100,23b7510ae22933f91d8c5b55b5bda4241cf86723,2,1,0,0,46,17,0,13,3034,1443.6
8101,3fe8649b2c9ba1271c25e8f476548907e4c7a90d,0,3,0,1,8,0,0,4,274,108.17
8102,614612a9d8b38ea1b8b960ee9ff55e90c09e45e1,0,4,0,0,5,29,0,10,1062,175.23
8103,66469733ec9bffb236c143b858e5748182ad71b3,0,3,0,0,5,0,0,1,1008,168.05
8104,cd943419b60ec84c69be091207a3e618697746f7,1,1,0,0,3,6,0,8,343,116.0
8105,5d32e80f9ecd74c0a89c81b57f02e1ad400c2a2f,0,2,0,0,7,0,0,0,798,163.84
8106,0ab7c3a18906fcf33af38da29c211ac7fcb46492,0,1,0,0,7,2,0,3,43,31.9
8107,02f5f171f51b7ed801355c8acdcfc4ad47c23a3e,1,2,0,0,0,0,0,0,20,58.06
8108,385e39810f4114393c6dbd4cc3a7c3fdaafee7f7,0,1,0,0,29,37,0,0,140,51.36
8109,e5ba79816a21036654a62e2f51bd2fbcb6b34ca0,1,1,0,0,4,2,0,2,167,70.01
8110,7cdb52519236966a7cb6dff7fbd0609c87545f75,0,2,0,0,8,0,0,4,313,77.24
8111,116eee6747e55c97efa5e04ff22b99c73e421f1e,0,5,0,0,33,3,0,0,1410,357.97
8112,12786f80c14c6f2c3c111a55bbf431fb2e81e828,0,9,0,0,127,44,0,20,2298,538.3
8113,f17382792fc9d9eb7aeedbaa7faa48ce6dbd42d4,0,7,0,0,1,1,0,6,2133,427.03
8114,6bdaedd7ce806d3ec3d5a9a4540b544594898374,1,4,0,0,21,22,0,51,3027,492.62
8115,d5e4faacc354c1bc4d93efa71ca97ee3a056123e,2,13,0,0,34,33,0,16,2301,500.1
8116,2ae3b4883b9e404d1a525f078364123899c53954,0,2,0,0,52,24,0,0,33,86.04
8117,6786aca666592dadc9d5c4de6d473025de72cdca,0,1,0,0,19,0,0,1,384,70.23
8118,62fe3659349800b0fcbfcafd140ae6a3f57c5804,4,3,1,0,30,49,0,27,1926,463.09
8119,e7f6c2972dba2bc1eff8a5ae39893603508336ea,0,5,0,0,57,23,0,20,1247,255.74
8120,c8574ba3c52274ed5a93e46f7af30dd8b46fb878,2,6,1,0,52,26,0,2,232,1173.75
8121,01603278a39e0659a4de3947ac7c5798dfebd198,0,2,0,0,42,9,0,6,177,62.82
8122,7395ffac447bdb159b5c9a2bc65f95af0eea11fe,0,3,0,0,14,0,0,5,467,113.24
8123,a31458bdee4353d99682cb4e108e265ec45f8944,0,1,0,0,0,0,0,0,41,61.34
8124,6d46b8d256bcd63349ea83e4a588b879a122854a,1,1,0,0,1,0,0,0,73,46.05
8125,fe2265fa4a1e828b2e68ff8e42639c5942dccb1b,0,2,0,0,96,7,0,34,562,153.74
8126,362b5dd25980af11ed6dde9c046bb10893a20a56,0,7,0,0,34,121,0,0,2013,405.17
8127,55fa8f4b3359e00009e8739ecb974e475c2f1ecc,1,6,0,0,28,59,0,45,2323,485.83
8128,a8b642067d208fa2a55f72e607f3639137c07985,0,2,0,0,0,0,0,0,307,60.11
8129,64c4861272aa03f714b4029ae7725f4286b77062,0,2,0,1,0,0,0,0,304,129.36
8130,050caf425e2957e6aea93c5d7460480a78c5f75f,0,2,0,0,29,4,0,19,3133,482.78
8131,130057f13774f6b213cdb06952c805a29d59396e,3,21,1,0,156,171,0,70,4091,1108.02
8132,9e42a9e3103944f3ab338d8e79f05faefc0ac093,1,3,0,0,4,1,0,0,62,62.66
8133,43a10df70fcf36999ce28e1ba0ac06e0d62ccaf1,0,4,0,0,6,0,0,10,2881,445.09
8134,825e14b68eefb232482dbc2a416c9844f03d01c4,0,1,0,1,9,0,0,8,62,64.93
8135,f555258e7abab1337ee4d39aaa1dafff72be287b,1,6,0,0,14,0,0,25,939,253.04
8136,b329e6e3f271bc22ec4a6f4dd71a8e8b422db3d0,1,3,0,0,3,1,0,31,1463,278.72
8137,405bf5e6383a09f435baadbac6c389e9f6c43ac6,1,3,0,0,4,2,0,5,854,163.82
8138,b8271c06d50f985245ce3214a88d5ddacffadd30,0,2,0,0,0,4,0,3,175,43.44
8139,83dc38a1dffed76ea4d36f18409dd5bc86a3e19e,0,2,0,0,4,0,0,4,175,57.97
8140,6d0dc960e6a937b0c1ad1a1dfc0597382aa11221,1,6,0,0,55,45,0,14,650,1226.8
8141,1acbd36c903b048141866b143507bfce124a5c5f,1,44,1,1,51,249,0,62,12613,2601.7
8142,27c0bf5c6373e805db8552b9aae46a887f5cc0a9,0,3,0,0,0,58,0,7,140,56.91
8143,a0e3cb6c0cddcb27ac82d01b21aeb0f547c6f13c,1,11,0,2,81,230,0,23,2519,598.79
8144,d6e1d18be901bd969be976ad8d20359e876e6cd0,0,2,0,0,13,10,0,2,1435,251.25
8145,6f15cecaed2f1f76bfe1880b7c578ed369daa5d5,0,1,0,0,2,0,0,0,31,20.2
8146,766aa1bfccb48b4d228dd86c100fb48e9c9d61fa,1,3,0,0,3,41,0,0,144,99.18
8147,1971d02e725341fdee79b7ee2308a9870debe2f6,1,53,1,1,98,336,0,150,15486,3202.89
8148,fdddc47e77d57ce1a95d9c194655f0a86d589124,0,1,0,0,8,0,0,13,678,139.51
8149,8a68f0d65636bb35e768d9e80e8d3d48d00b58c9,0,1,0,0,0,4,0,10,630,114.64
8150,3ad2a89fdfb1e330e8e743ddb46f61e346cf15ba,0,2,0,0,15,7,0,2,1310,249.82
8151,30c131b5f7eff84d895f78ad91f23bf1fe1065af,2,27,0,3,163,84,0,143,5117,1284.41
8152,d525ec6a1214f97bda560095f9775ca96d82f030,0,1,0,0,5,0,0,0,158,43.41
8153,2446f0026bd0601c3813d45e4897274ce5729a5b,0,6,0,1,38,6,0,42,3491,593.43
8154,dec49135a36c5dfb4154eb0cc98a2a44e143bb30,0,1,0,0,2,0,0,1,163,45.97
8155,8bf966c8e936dec4d83bcbe85c5aab543f14a0df,1,34,0,0,110,212,0,69,8495,1561.32
8156,dfb9ae8e0e69ad84962b8768190f6891827767fa,0,1,0,0,0,0,0,0,352,59.09
8157,5d872d34225157bfbc18a6600c958c93d96636fd,1,6,0,1,68,129,0,10,1930,429.59
8158,170df27b8858c93ea22a38f28f653c347cb8ce7f,0,6,0,0,128,3,0,30,659,210.77
8159,e0e0694fa18372e6551420687bcf28ffe0bbc1f8,1,2,0,0,22,0,0,1,201,83.28
8160,79d90c87b5bc6d4aa50e6edc52a3f20da708ee29,1,7,0,0,37,29,0,54,3497,1686.09
8161,482b505796e1dfe33551c1d20af2ff9d1d6a38dc,0,20,0,0,252,82,0,84,4309,932.03
8162,b09b87d143730db00ec56114a752d3a74f8982c4,0,7,0,0,104,46,0,12,150,149.77
8163,7593e86c5fa161ce39007183dab4cb077a37e43c,0,6,0,0,93,65,0,69,1561,441.9
8164,4640ff5959af4865966126a503a7cd15e26a7408,0,1,0,0,7,0,0,15,328,61.21
8165,ac0b3bb5477612cb8844c4ef10fa2be0f1d1a025,4,1,0,0,0,0,0,0,81,69.11
8166,cb1966dc2d94fba10d9b6af3c5719e03f621df92,0,1,0,0,2,0,0,0,361,66.36
8167,1b08ba7385d0dd914a6fb9722b786e4ece116b28,0,2,0,1,60,2,0,12,134,79.69
8168,c448604ceb987d113913f0583452b2abce04db0d,0,9,0,0,78,6,0,11,2100,505.66
8169,bc0fb66e224c639f5a0b0d5ed940446a667cab7f,0,1,0,0,18,45,0,49,1414,231.39
8170,8991877bb250ee1fe66c2b9a491645973927d674,0,1,0,0,0,0,0,0,596,98.39
8171,b2bf22e209d2e87121986b35c5749b2b8ae45fa2,0,2,0,0,12,0,0,0,199,45.63
8172,97fd647de20e6c8df0cd6df248ec1365abc37378,0,2,0,0,18,3,0,4,80,48.38
8173,4281cb3b9574333fab0e7c028c9c0d7e5b320c73,0,2,0,0,0,4,0,2,3188,476.11
8174,c2d5991b82e3b807cb11f5735ef5068b73720725,0,4,0,0,74,12,0,17,3405,551.25
8175,f5ea00f72442e5c80f2a5fc6e99506127fa8d16b,0,5,0,0,80,47,0,5,4811,833.57
8176,b620334c20e84a4876226b508213ce11b8b187a0,0,42,0,8,9034,0,0,57,43073,10375.66
8177,ec948f5d90fdaf51da7a7a0f7d9013a0c366492e,1,1,0,0,4,0,0,5,199,70.58
8178,04f737d9bd5e57c0272802f7676787a9122585b4,0,5,0,0,8,3,0,0,249,119.87
8179,db66e6cc9e1c6ea027631388aba688cb623b7d0a,4,18,0,0,205,157,0,40,986,730.22
8180,e4b6b4afb933a961f543537875f87a2dc62d3757,6,11,1,0,409,294,0,10,1489,1844.38
8181,77db1fae090bc20de62d8a86e9816c69dfb97b7a,3,19,0,0,117,55,0,3,6127,1630.39
8182,281d6429e55149cc4c05430dcc1d1dc136d8b245,6,16,0,0,29,0,0,47,4141,952.57
8183,d957f0fa1926c13355c8cca01bbfd7133866e05d,0,2,0,0,0,0,0,0,128,35.43
8184,e9dae2adc381550eb3e2b65be246309b309e7f06,0,1,0,0,3,10,0,11,57,33.85
8185,4f0514e39aeed5aa12c0399faedbed7298a975c7,0,2,0,0,13,4,0,3,202,90.95
8186,a5a61163f1931c452f952745d494b5a4a81ba99d,0,1,0,0,1,0,0,0,22,22.94
8187,5c902b48e57609975ab5f5d09076276586b59581,0,1,0,0,3,0,0,6,1375,376.41
8188,f053003ce7e8d9c86b2ff762b646d69e5e04cfe2,5,42,0,0,611,16,0,71,52887,9711.22
8189,620d70d6186fb800299bcc62ad7179fccfd1be41,0,2,0,0,67,16,0,12,229,75.78
8190,7bebdff6a254b1ee8d58ef2a1d5a8200f69446de,0,5,0,0,11,0,0,0,793,177.97
8191,a1903ea8ab70dd0580b720f1a004a3be4fcdf9ab,0,3,2,0,22,206,0,23,426,119.03
8192,52bc6db0502cd1e37a55fa97fe5ab32232b787cc,0,4,0,0,3,0,0,0,622,123.25
8193,a5bcf7d6c715987697dc8b77677e9650cca7981b,0,3,0,0,8,22,0,11,405,98.8
8194,fbf79373e649d7cf3926b873e426fe0121f078c6,2,14,0,0,33,81,0,5,949,390.91
8195,d005d6f30aa91f58e1d0f974d8e23d2813a9aff4,5,8,3,0,183,254,0,31,668,359.14
8196,c5691a9f602a04ae2e010a90c8ab61aeb764405e,0,2,0,0,13,3,0,0,263,187.02
8197,7795af00571a2ecee29b983a03d94c63dbc65fb0,0,11,0,0,4,57,0,65,1393,344.34
8198,44dc872b7b44b8a5c26e30b8c67d2b62e9628110,0,4,0,0,23,5,0,3,189,103.88
8199,88adfa327845e8703aec96a87b4210b7216cd8eb,0,1,0,0,6,5,0,2,463,93.58
8200,51c58e083ca89a33de79c8531a16f7072c488d6d,0,6,0,0,0,22,0,9,531,1142.02
8201,6363efcf8f9ca92bfe9c52a707cffa18b1d7d3c5,0,1,0,0,1,0,0,0,239,66.1
8202,594341d6fede3f04cc8c52a2002fa71711f7e768,1,12,1,0,9,36,0,0,1343,592.28
8203,3e92cd5771d20ee3bd60049ddb6d14c7fff3a647,0,1,0,0,2,4,0,9,157,48.17
8204,882bd564f4d20c0682872af6c0e12d04af3f7e22,1,3,0,0,13,0,0,0,8,63.36
8205,b0131e19f4b9ced05f501c61596191cb8a86b660,0,2,0,0,11,12,0,7,157,60.53
8206,281558a3ab1678d3027069b4a7bc09eae9b77051,0,22,0,0,185,15,0,32,4047,1041.09
8207,35df6147eef0baf25e127df358f6e50bbf967e2c,0,22,0,0,41,2,0,9,5475,1066.92
8208,250431144f43239da274d314c60b6f6fdc55e894,0,3,0,0,0,0,0,0,466,104.05
8209,35ed5d6c39b21d637bbe78b4d276629acd7ea23a,0,19,0,0,119,23,0,24,7998,1469.38
8210,dfad304ddb4c5e42ddb5b924ac6b9c6cb568439c,1,3,0,0,15,11,0,2,362,396.95
8211,fa3946fbeaaffd6acfbd8530e22f85e0bf3321eb,0,1,0,0,20,0,0,5,357,83.42
8212,d4085d11bc2ff1c0b329f603052e94d35a7e2ad0,0,0,0,0,0,0,0,0,0,97.09
8213,b5619a2a26a41c423d6c7af1f1feaa990b63c58c,1,15,0,0,38,0,0,5,578,270.27
8214,416b70f461694bf981d508b49368cc66881c2ef3,1,7,0,0,69,105,0,5,76,185.29
8215,54093b0d1f30a3b6f1b103e365668710b0422310,1,16,0,0,71,44,0,19,6079,1126.49
8216,d187af00caace4c86ec52ee79effff86f631fc94,1,2,0,0,6,0,0,3,278,104.36
8217,4f3b95b318996aae4f25c78fb1fcc20b8fd80b24,0,9,0,1,41,1,0,15,2044,476.85
8218,91dffb043a2d854d22f78d4be7847e6fb10e931c,2,6,0,0,0,2,0,0,218,96.34
8219,b322d0a3e552dc228893408161fd3fb20f6b8bf1,0,2,0,0,50,15,0,23,539,141.5
8220,e92b62be547261e197c945bbb6d62be616e32e67,0,2,0,0,14,0,0,6,1201,1248.32
8221,1995f61d7fe5f44a679674a887055906652ed3b7,2,3,0,0,9,4,0,4,616,205.37
8222,274e4ccea8f2b0f1f9ff33afe636a45f186a568e,0,2,0,0,22,13,0,2,1706,336.99
8223,7dc69b61287d66641f0ae3d251b1d106d2a00ccf,0,1,4,1,0,15,0,0,31,78.08
8224,f99725234464612d14eaa3b4d043d4291026c622,0,17,0,0,81,24,0,52,5633,1499.44
8225,abaeeace004caa73a585ba1120e21d162f4556fb,0,4,0,0,11,38,0,5,195,92.97
8226,81ebe6d40d485a3aee4451acc340cf6db62609b7,0,10,0,1,24,5,0,28,5116,973.15
8227,593745e8ac5fc372afcd8fb33d657f4bb42edcbf,1,6,0,0,24,0,0,11,952,311.64
