idx,sha,A,M,D,boot,adds,removes,updates,moves,matched,wall_ms
0,cf56f8f3acbeac0ddff9ee3131ad7abe2a919ba3,0,3,0,3,4,18,4,2,745,1691.94
1,e90036f6e1b2c799bef4842f69a0df9ee5b08ec9,0,4,0,4,65,7,25,57,1556,1909.86
2,16f30f16749fe4f75c94b17aa4a4b63df4ddb825,0,5,0,2,0,4,0,4,1830,1743.53
3,283f3a08755f0f1d121c87a25ee7679b64d35d8b,0,1,1,0,0,33,0,0,747,513.97
4,5bea7e1772e9fd042b10abebb1e0c78579942b26,0,2,0,2,0,33,0,1,1161,1647.16
5,ff2cf35afff5a0735b1f6410f44a2a59cb7a5ca9,0,1,0,1,0,16,0,0,260,533.76
6,da5c6b8fc6ce179e22fb344a2dd528403fc11385,0,1,0,0,69,5,2,10,34,319.45
7,0237abc7659b9897f5bd90527de38c0a2fba2e54,0,1,0,0,1,16,0,0,87,189.22
8,01b415a15d4b6548d15ec9539dc40bc791e0a1f0,0,2,0,0,0,30,0,0,121,226.81
9,5506a44d0a1e04a3d471b43dcf00b21608edd50f,0,1,0,1,1,0,0,0,273,569.42
10,74dcfb263ca695534ec631d8cf11f909e54a9765,0,1,0,1,8,0,0,1,218,549.12
11,c25dae0a2f5292661dcd90dd5ca68cd6cbaed3ed,0,1,0,1,7,1,3,2,4038,3989.73
12,af47dc8476a6e4e4856476e4acff1ac8321a6a39,0,1,0,0,0,1,0,0,225,185.57
13,f25041afddf97b00e9a3bd46ce3650010f240c54,0,13,0,10,3,0,0,0,2816,4369.45
14,c08117f4cd496c2203aa01c7a3c66f7a39d1f3f9,0,7,0,3,1,3,0,3,797,994.13
15,f4f3ca50d84e165a909dca5608babb32df199f44,0,4,0,1,3,3,0,0,1282,925.81
16,76bc3cc8380dfdcad05348cf87af492f1a4a2206,0,4,0,0,9,12,3,4,708,567.61
17,e9e08ff6b572c851ecfcfe49bc63de43dfe3ed04,0,1,0,0,2,0,0,9,54,134.45
18,39d3f833f9c4e154eb157336f5e7b2a1ce9a79a3,0,5,0,2,11,0,0,6,1540,1237.88
19,fe825730bfae8f619247605ea0027a9c195c45fd,0,1,0,1,0,5,2,0,102,370.83
20,ce5595793578e53cad3019f132d6ac2bdad60d31,0,1,0,0,6,15,1,3,100,255.13
21,abc75388a3df8de72b28a5edb830e1c19ed9ec80,0,1,0,1,2,5,0,0,51,258.54
22,8f56a96a699050c7cd0a29973d36a9c62166321f,1,2,0,2,0,0,0,0,51,388.38
23,def1edd1fe90a4a9c9eef4ef26f422ba3a21d28f,0,2,0,1,2,5,2,6,61,305.27
24,22c52627201873086c38ee020838f0ed4e96f843,0,1,0,0,0,0,0,0,52,90.02
25,07c2d3c29dd4ef87ae0a0299a711565bfb7c30b0,0,2,0,1,1,0,0,0,320,488.45
26,a9c09a85922e9962f7b7f9bb362d9f56e1e8e673,0,2,0,2,0,0,0,0,669,1039.14
27,ce8a73f2be0406f954f39aa6f6e20863e99e5461,0,2,0,0,0,5,0,0,702,433.48
28,c5b1b8ba21a434f61867b5551390da3be0a37107,0,1,0,0,2,15,3,5,213,215.4
29,66dee7aaab26556561614ab056469ade85de5ebd,0,8,0,1,83,109,30,84,2344,1950.52
30,a996c8214baa4fa886071a24b8058ed1ca284686,15,9,0,3,20,195,2,6,1802,3070.01
31,41598bfead845723d5eaaacc0cf4f9372825f3a4,0,4,0,0,27,73,4,7,717,641.69
32,2aa0bba0d5c56289ba6ce7969d267a58e3b3e074,0,1,0,0,4,0,2,1,449,334.46
33,4cff66a0eebd138271f3fa5f23fae3df07a7adf7,0,2,0,1,0,4,0,0,631,443.91
34,ad1cc13f5613ae4b6bb07c1367750ecbf29e0477,0,7,0,6,0,0,0,0,703,1424.3
35,20e081f2901384f0786a56fb21a181033aa8e839,3,14,0,6,46,269,12,30,2757,2571.12
36,8ce795a0a98cf18444af4c1c1528e6a12caf1320,0,13,0,7,6,663,29,54,2853,3005.35
37,dd61d5119d951d94da28256e5482d580a0685030,3,28,3,7,18,56,6,8,2901,4085.81
38,bf684eea956dbbbf7a35ef3deca8b4462b139136,0,5,0,2,74,58,8,7,1000,960.3
39,4c194aa8d14cc8b473939d3496cd576c4cb397e7,2,9,0,0,70,34,10,17,2631,1992.77
40,09bc045e2674e91f57d3244b1aaeae0c1cd2c6f5,0,1,0,0,2,0,0,3,482,356.75
41,76f33027535a192ab2d76ac1f01a5a8829c845af,0,1,0,0,0,0,0,0,214,175.53
42,1866e3802bb16dd582cf5a95bc41bb13e808a0ba,0,2,0,0,3,3,0,0,668,447.72
43,2249a6a745f63873b89b2bc8d70df4d185d99298,0,1,0,1,4,1,1,4,17,218.34
44,6c189f73d70f641d7bfc01eb3f0414c0fd1039a8,0,1,0,0,0,38,0,0,0,106.8
45,2b27a9faded31d3315cf835e2e476227ee5c3029,6,0,0,0,0,0,0,0,0,454.77
46,d19877f286c734ca3edcea292e2371a8077329dc,0,4,0,0,52,2,0,6,302,434.79
47,f5d1a1289c88dcefd226e9ffcca2a1cd2d145892,0,3,0,3,20,3,0,2,204,642.99
48,52062900caf861e237355c297709976036c70404,0,6,0,6,32,0,0,3,380,1066.1
49,1cc4294d349e4d24c8a0894e3b4748d5f3798f00,0,11,1,1,466,71,20,33,1759,2101.59
50,bd884e4d986ebfa5568a431abc55813a6a903bb5,2,28,8,0,773,33,16,44,3541,4143.03
51,d3e63d19aab783a6b2aeb9f7f50cf4775f5e4e43,1,0,0,0,0,0,0,0,0,228.2
52,0b6c661e42689e5c161b1663296ae06db6afeb77,1,0,0,0,0,0,0,0,0,155.41
53,574f8b563d650e0a320fc4a62ea32982e40a3099,0,12,0,0,103,60,10,33,2655,1913.46
54,2f8268cd099ce32a8a6cdeb9e0518902d1315026,0,4,0,0,237,100,47,107,1048,1207.09
55,5ef45143b8d7dadc437063daf7ffa7b1fbc3bc7a,0,4,0,0,9,12,3,4,708,593.4
56,6ba824e430086ae2ad6e120f066c439e1770bf68,0,1,0,0,0,0,0,0,56,113.2
57,66871216cee579ae911313e4c07b7889199fd745,0,5,0,0,11,8,0,6,1540,923.59
58,4cb9bf678fdf672c6a2dab2e09c75103ea50ba4c,0,1,0,0,0,5,2,0,102,152.64
59,4945acd35a275519556da05cf06b2854e37b792d,0,1,0,0,6,15,1,3,100,181.08
60,9049d5919dfcfca6a536caa9007172d01a2730b4,0,1,0,0,0,0,0,0,53,135.76
61,2ee9f9e44a2e3b642f9502516ca45b211d39d3df,1,3,0,0,0,0,0,0,130,342.83
62,21c1d6b9c7c72ed6d75cc0b3203a3c651ae3af6b,0,2,0,0,0,5,0,1,63,323.2
63,c139871286d9a5858aec0f6e14db70379a5ced62,0,1,0,0,0,0,0,0,52,86.94
64,340cdf4670686cd847958425bf8a5f0a253a646e,0,2,0,0,0,0,0,0,321,212.12
65,c58588945c4a1f19127aeccee88924ebaa55f919,0,2,0,0,0,0,0,0,669,353.06
66,d20023172e9ffe50a1643642d59428522770549b,0,2,0,0,0,5,0,0,702,406.26
67,fe708caa69cccecf5f373624fbf8e73a00a18983,0,1,0,0,2,15,3,5,213,253.1
68,ecfe313d50e59e43edea8c12c60abf62838a3ffd,0,8,0,0,83,109,30,84,2501,1797.37
69,7a6f4210c0735d1cac7b0f1cd32d2bf3597cdb1a,0,0,15,0,0,0,0,0,0,299.53
70,7e648c89a0bbd059b9ca9b73e30e0f27549e535f,15,9,0,0,20,195,2,6,1802,2330.84
71,7888174d2c33c3f8a60084d8ef78f52ea8fa3b0c,0,1,0,0,0,38,0,0,0,98.85
72,63b5310b6b06ad050fa596c9efdd19224ae35e6e,0,2,0,0,3,0,0,0,725,434.87
73,cbcfb44bbe9e067f9c4b50f2a3b450236a130caa,0,1,0,0,4,65,2,1,449,411.34
74,983f2cf56cbe134481162ea9bf1eb7459f5269ea,0,2,3,0,0,4,0,0,631,453.85
75,d85921934acdc84bc9e09a4eca037b97880d4311,0,7,0,0,0,0,0,0,703,576.72
76,d24be7d5e7595513f298299450746acec1feb14a,0,1,0,0,4,1,1,4,17,177.77
77,fd95061db0069255a4539eb7801633762d3672a7,0,1,0,0,3,0,0,1,6,124.04
78,69eee12505aad14377f9a46a4d00ea5e3f601788,0,10,2,0,5,322,19,30,3208,1904.39
79,6931092e511fa7032bed1d8ebb97aea74ba6d345,1,1,0,0,3,0,0,1,106,263.89
80,0eef9edf1a6e7561b9e8b644f00a2dbee9891b5f,0,12,0,6,0,0,0,0,1154,1591.97
81,cd6f16e80996ec0ee265cd2875eb0f1d34c7b6ea,0,3,0,0,29,11,6,12,305,480.87
82,ce5e583b4b2d9fb64af55c9416e5ef1d412e742c,1,3,0,0,0,20,0,0,1016,772.53
83,4a6f633ec21ed7e9ec9e0dbfbb963836f1fb2290,0,1,0,0,0,7,0,0,207,257.71
84,332f2c8427fd58723db6fa970144829aa15ea035,0,1,0,0,0,0,0,0,693,319.15
85,8632f05518ee1a3a6c4fe800ca8eeeb95fcc5b07,0,0,0,0,0,0,0,0,0,70.57
86,c386d36a69d3abf744d4c3b1d070168f56900080,0,1,0,0,3,3,0,0,43,166.49
87,6fc6e048a3dbdcee6a741e740243c661d053bcaa,0,1,0,1,0,1,0,0,57,240.04
88,8ef8b192dd3ddd27fccbcbf5af4e2fb7a4f1f109,0,1,0,0,0,12,0,0,45,121.9
89,de2673759aef6a2088588101da55153e22a6987f,0,2,0,0,48,29,0,0,735,541.45
90,7a24b51296a85e7565271844e744d582c4dbe1bf,0,3,0,1,0,5,0,0,408,474.08
91,58fce86d31cf0ada9c79c9d7b736a711227d179e,0,1,0,0,0,0,0,0,667,321.38
92,cfb3115f09fcc2f016b53f7ae6331a15ef6ab27e,0,1,0,0,0,6,2,0,661,441.2
93,238758b32a4ae47887844880870f9033453831d0,0,3,0,1,0,2,0,0,801,698.85
94,b9bc065e3d9a81b2cb0a0063af8589b642dc00ea,0,1,0,1,0,0,0,0,47,246.08
95,9cdc839ee84b3a75b858558b9e7ba04ee237f681,0,1,0,0,74,45,0,0,71,280.96
96,eec2f8aa031c54cd4dd1b051bf1794e2445d283e,0,1,0,0,0,0,0,0,693,352.24
97,960b9164e6afdb5be85ec507a171cfcaea71396b,0,1,0,0,0,4,0,0,689,402.6
98,28cf5d73305a2921b9f46a42b1975ce47be001fa,0,1,0,0,0,45,15,46,644,403.92
99,27013dad7946b12fd9d0131da9f487f9e7b4701b,0,1,0,0,0,0,0,0,56,117.1
100,49d75c4303d6f300a3303144ed14cbf51d807251,0,3,0,0,1,4,0,29,1170,699.77
101,1068ee7b0c6fe0d6b2f6272a2ff95078ae0c9304,0,1,0,0,68,71,5,19,570,468.25
102,e6b830c3be6c866bdaf64c156a6f077d5d5c6d84,0,3,0,0,0,29,0,9,1083,1042.59
103,9452cad27703946871c5a2118045185c4830eb3c,0,3,0,0,0,27,3,4,532,970.03
104,fc72d4305818aa4f6d55e07195be9af211645c10,0,1,0,0,29,1,5,4,144,292.28
105,d1e78cbf843fe7a9e76a423fa3087e48aadbe568,0,6,0,2,0,0,0,0,1673,1206.98
106,85c9bda6532af3b40c149a83d90f8e881f6fcdeb,0,9,0,0,0,54,0,0,3294,1741.52
107,21f4bd568bc1a49588d0ec90a89c2a7c09ded600,0,1,0,0,1,0,0,0,173,188.76
108,40fa7d4a669e7ef0b57423b25972e503391fca87,0,13,1,0,106,252,2,7,2506,1811.91
109,db2fdd87409bea70b01b52608923f9c9378494e8,0,2,0,0,17,35,10,17,442,394.13
110,768d2d1493f559db478b0133a25fca34887e6561,0,5,0,0,11,35,13,19,1004,739.22
111,a7d5c6506b0901716eacdf015083f171fa9851a3,0,2,0,0,34,6,0,0,276,279.8
112,50c1987265f8ddaf5032a7ace07b2462aba4f09b,0,2,0,0,11,0,0,0,796,436.96
113,a1ef3b5be5be5c35f5f2620cf3b62499f87baa98,0,3,0,0,18,8,0,5,870,660.7
114,732695503b8cdb7ea4afc8da5729cb90505caaa2,0,2,0,0,1,0,0,0,661,367.38
115,31e3033afd7484f69db4a9258e8e6e39e8360050,0,2,0,1,16,0,0,1,619,432.51
116,137a28fc07cef2467259fea5235944a2b1a69aa2,0,2,0,0,0,0,0,0,663,373.98
117,a332fad07d085297ae4e4926d58456ef1f2b8fd8,1,3,0,0,6,9,0,0,862,578.57
118,49b45026bda4ca112215e10c91d64ad5868025cc,2,0,0,0,0,0,0,0,0,316.17
119,4c76970c4afdb2e6d66830f785fb6d52f7fb9775,0,1,0,0,0,1,0,0,10,148.65
120,5e72feef0e2355830b7c22572d81de7e4fa07dd1,0,15,0,11,3400,323,250,144,6552,7662.35
121,2b4a0e426631a5899c35066e516839f6c05fba43,0,2,0,0,17,10,2,4,195,345.32
122,040bfd4c2903778c27093184a99fdd367810373a,0,1,0,0,0,6,0,0,194,194.33
123,cb7cacfea70bdba83c3ff8406054c826a47be832,0,1,0,0,31,8,4,8,134,236.25
124,39de2d0d3339d6fa9d3247bd77e6289cf0f44bf6,0,3,0,0,221,57,6,9,7819,2987.45
125,4ed201b99f168e7a71b7bd9236082d1ce7a1a225,0,1,0,0,0,14,1,0,416,291.31
126,3cf306a37fea9a45b30142cff20d144ec06f423b,0,2,0,0,9,9,0,2,376,371.89
127,1228ec0c67892b61d4fac02db59488d9a6580f44,0,1,0,0,45,15,0,0,178,245.99
128,1e15ccf5c95e1b1690d7e0c1c595f6c9ccb29950,0,2,0,0,27,17,2,1,1010,615.28
129,20dfd0682bcd163569e8bfa87ca0b1e21278ef65,0,12,0,2,4,7,3,11,1683,1716.54
130,2b0b61a7b046af305e41fe109ded48bc4b4a0b26,0,5,0,0,24,14,11,9,1515,899.89
131,3705cc4c7794696ec786576bd102b69888eb0a91,0,8,0,2,37,2,0,13,1816,1486.79
132,560dc2a10f4ee8c621d3568051e6005f79e21ee4,0,1,0,0,22,63,12,12,353,324.06
133,fa1f80f40da0bb629c40bf09791c6c90f2608774,0,2,0,0,3,0,0,0,871,524.77
134,200d4937fa0d86bc92c17d0da27e53257198f725,0,2,0,0,33,2,2,0,403,326.72
135,04344cbb03fb4844f8aabc4b78db2f25040815d8,1,0,0,0,0,0,0,0,0,208.07
136,7f256c32cbc4884a6e7d3d128fa5595b67c84637,0,1,0,1,0,129,0,0,148,401.09
137,674eaf5cf53d11bda1128af40f1f5342ea79e531,0,8,0,3,7,7,0,0,1254,1267.59
138,0c0c6e5fda0d264b927da379a93194b5e7f21ceb,3,3,0,1,39,137,1,1,124,622.68
139,6be087a80a04ea6a3fd1a6913a0aacb0822c6707,0,1,0,0,6,0,7,10,605,366.65
140,234d0895ad470c5adef3f071a01ce26efb6580b7,0,1,0,0,0,0,0,0,611,328.32
141,8e72ac4f9fbb11cd6aab12f2d262743dcb394f49,1,8,1,0,23,23,0,0,2296,1653.28
142,657882579da9595d1797637452bf936199d3090f,1,5,1,0,0,0,0,10,1496,1016.65
143,df95fb88dc79015b0b880d2e7968530d8b816806,0,6,0,0,6,33,5,0,753,691.51
144,d14f8146676d849d669b90e15bedcf8f581059a1,0,2,0,0,21,0,0,0,102,227.03
145,20748a879befa65c766ec06996d80e2ac962fb21,1,1,0,0,0,1,0,0,219,265.74
146,fb0e28d66484ad3e1dfc3432547f0ff0827dd138,0,3,0,0,11,0,3,4,328,428.41
147,807b89ed7c66c802a984b84eb7f5bde069ba4529,0,3,0,0,0,11,3,1,328,388.22
148,b0dde7139adea0e0085e9c61569e7d0f86159783,0,4,0,0,6,1,0,2,518,494.43
149,0f7e1c30126993be023d4e0992ae32d326fe0642,0,1,0,0,1,78,14,33,297,283.0
150,478f0bef14fc9cf245307e18e6650b2d0d7b8c63,0,1,0,0,0,6,5,10,55,172.03
151,589d72a7f9261dc084405181cf13ba804e75a88a,0,1,0,0,0,2,0,2,519,307.45
152,9292af8860f11ae20cf3f9c57b059927c7cf3af2,0,2,0,0,1,0,1,1,667,418.33
153,99451c730b8f3939a04283b4ba1c8f8bdb01518f,0,1,0,0,0,7,0,1,142,181.4
154,3c6fcf8d65edf361c72cf2606be2acca57a275b3,0,3,0,0,112,0,6,16,453,612.49
155,ba7f6907f300b7ad74bd93b1ab1d61d425ab5841,0,1,0,0,0,2,0,1,190,198.67
156,ef293c1a6ad591958254f8916814f9ee74cc5ffb,0,11,1,2,1393,725,260,752,7942,5045.05
157,f06a9da69a4d2bd8d3ae39bcc1f844ecb2c7c0d9,0,5,0,2,3,12,0,2,1042,1085.95
158,0bf69f8cce2f708c5bbefda9a63db1caa358be1d,0,11,0,2,11,10,0,0,1246,1171.99
159,e2a4ea7f7e26489bb7c5a1ce63aecc14caf3b7d6,5,12,0,0,82,318,9,25,2564,2489.03
160,1453a906efa363d16c7d4385435dc4ceadca9acd,0,1,0,0,0,1,0,0,47,174.26
161,91afe8b6e9e9f0a808261b72c8532841b871ba45,3,3,3,0,0,0,0,0,1040,948.16
162,63a748ccf9ab5192456baca9dd90b4c0cf2a2038,0,2,0,0,0,31,0,0,551,351.47
163,2e9466c3052fb4411139d973b64977824e4a43be,0,2,0,0,0,70,0,5,92,230.37
164,907d92e21b8ce79e6a224933764e3b7215a94454,4,26,1,2,28,65,6,10,2394,2698.54
165,ec7f04b4df62b87231d9cacca754a209bd8fcc59,0,8,0,0,10,21,0,0,1370,1020.96
166,bfb2e952204f9879133826305b2b5dfda3e61776,0,9,0,1,6,6,0,0,1338,1106.64
167,d2a61c67b09ed70ee3e5dfc9bf15fb74a4876f56,0,10,1,4,64,7,4,8,1866,1836.17
168,7bb094f08672a0f3400d6a7bfde05c686ab70de6,1,5,0,4,0,144,0,0,164,870.78
169,6b5e9404c5e6aee4b5233f33c814b5e19010319b,0,8,0,8,12,0,0,36,8899,35277.71
170,4280ab57b3e945d2483945ba583540143aff31a7,0,14,0,3,1,19,7,11,2759,2302.32
171,0d348cab2160fd26104c19e7e1f9f8e4a38e6490,0,1,0,0,1,7,0,1,114,240.01
172,d32b1a7a96158ed65ffbd611c5d92b5c80deeaf4,0,5,0,2,23,98,4,9,782,1057.82
173,fe6b6466f79fe5e4daf14dd1ae7ef7464577c359,0,2,0,0,0,8,6,16,288,303.58
174,f836610fe041830ce7e020e57043fd59261f26c1,0,3,0,1,2,3,0,1,394,625.94
175,e181fdc4e0db71ec4abfb5bfa2b59a69b8c9ce5b,0,2,0,0,6,1,1,7,408,392.8
176,ef2f631ebef835d3fe9cfc80f1d31b2f312acedb,0,1,0,0,0,0,0,0,40,113.27
177,898eebaa593179cd3944a818fd74bdaad4164a6e,0,2,0,0,2,1,0,0,517,368.46
178,ec291721ddeb66c88ba2d86d45ee27de84013e95,0,5,0,5,8,0,0,0,954,1510.56
179,ebcbeb5af9c988f877951bfd991c8c9b8421b7f3,0,1,0,1,3,0,0,0,442,644.64
180,4a5620dea228470397cea696a75a849050efe03b,0,2,0,2,16,3,5,8,853,1284.25
181,22525a8e12b7af6370caa7d42b9f416a43c7832f,0,1,0,1,0,0,0,0,272,504.48
182,e4e5629b13bc0df4bd4d45719498a69b1085b217,0,2,0,2,0,0,0,0,417,851.46
183,93abe8d3e5b61139c994481ad86e1b7d8d6bcd0a,0,1,0,1,0,3,1,2,106,437.38
184,bbe89e795bbc631c2b626766840d943498304630,0,2,0,1,2,0,0,0,547,462.03
185,f70a5a0c8cff203b17285494fbbd99176bbee649,0,2,0,2,0,12,1,2,993,1351.46
186,3a4a0595da64dc8875d84ba63033fc42f0eec1a5,0,2,0,1,0,0,0,0,256,561.55
187,3bc3e4c3352b9c0065c20484e63e6980086dbda1,0,10,0,8,3,0,0,0,1431,2084.05
188,bcf4dcc666694b80b4ead2adb4a02486f9078e75,1,3,1,2,6,16,3,1,666,1310.72
189,e044410ccd3428dd5596df581657de77f5587e1b,0,0,0,0,0,0,0,0,0,49.33
190,49211d5e927df9cbbd9fd29d978a8143f0f2ab7d,0,38,0,34,8,32,2,9,3124,7006.82
191,219293b2b35453320c78514f9de7724da164638e,1,8,0,2,74,38,16,30,2391,2022.92
192,62ed2cbc1617d101533cef76e400938032c1dad7,0,1,0,0,0,0,0,0,216,162.87
193,7b2589ddb078cc8ce753030e43e665a0f482860d,0,3,0,1,3,2,2,3,495,529.97
194,494de4435523b88925739705513af6a21bac83e8,0,2,0,0,6,6,0,0,653,400.43
195,fce0ee0d7b89576c7f49c2f24a90e8f26e10314a,0,3,0,1,11,21,3,2,1101,1004.76
196,7779df6ce4633752a0f6768da94627aee2162103,0,2,0,0,0,0,0,0,661,388.97
197,017b576fbafa18d835e106c75d64660cc6eb93ac,0,2,0,1,80,86,0,0,89,437.07
198,f17487c541dfae03858ae703015d4049094a0f55,0,3,0,1,22,10,4,9,922,898.88
199,8dcf76ab27f9c7ac615fbaf5cd17fdfbd17cb9be,0,4,0,3,5,0,0,2,1289,1468.88
200,362f287c84f19ae5cdd774f2fc013db5339d49ec,0,13,0,9,0,0,0,1,1641,2455.97
201,28e548a31c1c3941045650785bdf77239c1c09b4,0,1,0,0,0,0,0,0,216,197.86
202,8042a4e4415190707a1a3d102aa342fb39e1b659,1,4,0,1,12,3,0,7,1070,916.74
203,c568dc733ea47f59be74b2b624673485228d7595,1,0,0,0,0,0,0,0,0,144.79
204,3ed4e051b89b7fa6e42d665cf1f47cdda13175bc,1,16,0,9,20,31,5,7,2203,2650.0
205,65f66e982dac58fd76cd91d3231cf2a4819aaf33,0,3,0,0,10,0,0,1,1103,675.36
206,c3f0d10a8e22cc9a4f76b88ec647a1075f322e0a,3,6,0,1,21,38,14,9,1146,1170.18
207,4a2ba89fe3d392dcc41080dbac9c0f3a7415542e,0,2,1,0,0,46,0,3,784,506.4
208,3395efdb30be0e57dd3039993ade1d5ed691187d,0,1,0,0,1,0,1,0,190,202.82
209,fb347bd3d16e35c50df5fca14ed3c0611e80985b,0,6,0,3,7,1,0,0,721,1273.66
210,c129b6d5d70195ee6961f5b06027e96ca4ba4232,0,9,0,1,31,46,5,15,860,1159.87
211,ccfe2d7c9e1147b9211377239ad9493b6bd1bd04,0,2,0,0,0,0,0,0,49,149.52
212,85c7c39ad1ae6cfba07ecc8d287b6c990ffc1719,0,1,0,0,1,0,0,2,191,249.76
213,750d0a16b04364de7b8da76dc3e14c0d956e3215,0,1,0,0,0,6,0,0,671,389.0
214,f2260f107bd2d71aed96e1199edfa5186b8b308f,0,1,0,0,6,0,0,6,247,258.19
215,61a81504209e508f84b399d1f5009c176f4f9116,0,1,0,1,10,6,0,0,82,526.15
216,44a0a3a54df3bf7236806266e9b9be37ce13cbaf,0,3,0,1,4,0,0,0,647,524.55
217,761e953afa4a10831a1675bbc6c0fb26a09588fb,0,6,0,2,9,13,4,14,1219,1211.58
218,69bc7e97c8dfac3dc6bd3cbfd7fcb05de8d0aedc,0,3,0,0,53,24,21,30,974,784.79
219,dfa41ec103130c173bcc210396f19c89f993086b,0,2,0,0,21,3,0,0,372,351.57
220,fe3e1a8a097d2f78dfab6644750acefc6860b5b5,0,1,0,0,2,0,0,1,92,285.06
221,dd1f0972bb9a422455bb5a51fb13078643573caf,0,2,0,0,0,0,0,0,1020,564.94
222,ad2cd9a9bad9c663563ab17d2751c6e950af2a3d,0,3,0,0,7,11,20,64,786,724.52
223,8054e4e7152299d47159b7e3016df16d50780fa4,0,2,0,1,20,6,0,2,293,439.4
224,97fc5cb8ef412b6ba145165e45be3e3c64229685,2,19,2,7,3,0,0,0,778,1858.59
225,2fd856de35de88681319ba5c2fa19307113887b2,0,2,0,0,8,0,1,1,227,590.53
226,41ee512d6f1cc906faea9e278f25c8f479aee7e4,0,3,1,0,31,6,2,2,1300,695.41
227,5886b7c9ac6776538227be1fb90e566e1e2a7c81,0,3,0,1,2,16,2,7,746,648.83
228,b460bd71c5484d3579dfccaa77a2d2cb0381aea2,0,3,0,1,58,42,0,3,1103,795.63
229,da441aed29e03135016c2f84a9b300b5ed93d519,0,2,0,0,0,3,0,0,1137,599.43
230,3aca0737cb6b6b7c3217ddb6b05c99f5f4a5e170,0,1,0,1,6,2,0,0,45,225.13
231,ae70cea79afff1093fc8369ebb6e4e4ca3c40c38,0,1,0,0,34,0,0,0,0,132.63
232,f86d47c242ffd6834a52985aed90abd8dd5aa9a5,0,1,0,0,3,0,2,1,197,206.42
233,bd3c6acf3333b351b99628d81693a3a981e95179,0,2,0,1,0,5,0,0,693,440.08
234,735008dafce518bcc54f645fe7af30d2344b060a,0,5,0,1,0,6,2,6,574,686.07
235,3d7203266a3719edd178e995f817b28edde2388c,0,4,0,0,51,77,6,20,1689,1046.42
236,324c3c32a14edbd1e2be1aa539bb49ed47e9fe4c,0,3,0,0,9,0,0,2,320,375.6
237,20f7d032c7c31618ac46e5a8df8263012fbb4f58,0,6,0,1,1906,1184,24,33,7329,3976.7
238,784d968db9655784b7ce26cadb35e15c3faa6c7e,1,0,0,0,0,0,0,0,0,168.54
239,d52a1109745a147c5d623f68bd2bcc9735cc286e,0,1,0,0,2,0,0,1,313,246.5
240,88edbed30c5c6ea4acec1e507e76d95bcad379de,0,83,1,48,0,240,0,0,2406,8505.59
241,0ae07f299eb94da8e01e9e4910eebbe00199e864,0,7,0,1,79,76,0,5,9339,4156.08
242,d03d80b6ed6114f4ff762a468c8b72d0ace05eca,0,4,0,0,13,13,18,33,1141,931.83
243,a432e180776ae4efbdc7e1aba6dec411e6fbf854,0,3,0,0,2,13,6,9,1118,691.32
244,4ac9118f7c7b9162b7ab3ca29ef64c1bbde346a0,3,12,0,1,898,28,2,8,11370,5688.54
245,56b499044b675c2962f28825fe4eb55cec23db68,0,4,0,1,0,0,0,3,207,381.75
246,97c022f5ee5622420e03724efe7bdc312128bc8c,0,1,0,0,7,0,0,3,318,237.9
247,bb0d6dfa20b4fe01af977921693c965de5cd4905,0,7,0,0,90,2,13,26,9735,3901.69
248,7acfcb0e459603d06d1dff2cd10ec721804b9f4c,0,8,0,1,8,70,0,1,1772,1391.65
249,edacc67c266fc2bef360356d360f394ea9b46154,0,1,0,0,1,1,2,2,750,454.23
250,f116a3e4e5496653987276c2d31ba683990057b8,0,5,0,0,1,8,4,6,1572,975.26
251,04dcee09bac42de8f85d28d513776518755e4834,0,9,0,4,0,25,0,15,1256,1608.92
252,30b1f5f3d32d3c04b921133435b556bfecfc502a,0,1,0,0,37,0,0,0,207,229.28
253,a087b97c96bd9911d45d65d476bde41cc629c9b3,0,2,0,0,176,176,0,0,9069,3179.49
254,8f9e6a4516a58a8684886604b5c45c95e50f81ed,0,2,0,1,3,0,0,0,403,390.38
255,f6d0154e235befc1b120c384fcdf82a1acd1bf1d,0,11,2,1,3,321,7,11,12394,4953.36
256,d342288f36c73855db26a7572c54c4ef14210671,1,5,0,3,1,20,1,0,631,972.42
257,b244a2e64527ea168dc4ac235933c23fb350ec09,0,3,0,0,13,13,0,0,867,583.99
258,f685f4dec8ff0173394737cb7196b6bd2d111ed5,0,2,0,0,6,0,0,0,405,323.26
259,72e6eea9e4ce1fcf30754534216586bcf9e7b041,0,16,2,3,160,192,12,17,3156,3142.56
260,16306e02de35a171ec3339957dd9146b229ce864,0,1,0,0,0,2,6,6,48,325.32
261,cd2139ee7c91b2ed48afc98202d79e864db3e450,0,1,0,1,2,0,0,1,46,226.18
262,6a2da229752f6809330fe5344a98d0ba70049aff,0,0,1,0,0,0,0,0,0,53.92
263,24fcbf4a95b3635c48d7a9858dce2494f109fbd3,0,1,0,0,0,3,1,0,54,154.79
264,b3565371962dfcbb0d5c73c473a21c3d73ab4aaf,0,2,1,0,0,22,0,0,881,490.62
265,01adb7a1aa008372423e4549f9e59bba79c560ca,1,0,0,0,0,0,0,0,0,299.72
266,c1545f5214644b47efeac2001e3d3542efa9193b,0,2,0,1,4,0,0,0,68,294.52
267,a116ef72e850b6e6830938003ae34681384a8948,0,1,0,0,3,0,1,4,739,407.38
268,03f6f244a3354e7be895323d0d6825c4be8af253,0,1,0,0,0,0,0,0,274,258.13
269,15955bf03e352e464b8d23c3bc763d2b93643335,0,4,0,0,9,8,0,0,747,500.07
270,a0c2b2a3809152591d5c5b89fd4b6f1c0a5c9108,0,8,0,1,50,23,1,2,1708,1301.11
271,d9e69b4024a155ccc138856ce3c47a16d69e7fdb,0,5,0,1,33,145,7,23,476,892.32
272,1a23f9934f7e2a4253ed77c6a39c7c657a0c7b87,0,2,0,0,0,0,0,0,614,355.18
273,b6645156bc659a12336ee2dac4a164617843b563,0,2,0,1,0,0,0,0,335,354.32
274,38f6446d08a6a93ab17a4243cebe185891a0c595,0,2,0,0,16,16,0,0,9047,3240.32
275,1a66c1069520fc21984a1fe5399ea3c83b04a532,0,1,0,0,1,3,0,1,198,249.79
276,3673e2818603a1c77ae22f8e2180fc42415f5151,0,15,0,1,180,129,13,20,3626,2973.48
277,cc373761dc025711eeb7c35bc64fe0881654d255,0,10,0,0,10,5,0,37,2101,1709.07
278,9aeef94db8309764fa241b92c8ee92380e39cafa,0,30,0,0,122,132,19,69,5526,4347.63
279,5ccebd43c920619928d7e890d7593247e9f77ef9,0,2,0,0,2,65,1,5,651,750.12
280,509cbb85de257a9c67311c7dd2fea18ed1b8f096,1,12,0,0,115,103,15,23,2086,1880.45
281,bf660bb97f10df4ccf1a24fa70692cdde4acbd41,0,5,0,0,8,7,0,2,836,671.94
282,d48d8fcbf781e8745b81d5f0ccb8e1b10976c560,0,6,0,0,24,213,10,12,2267,1253.73
283,a2f9b401830fa2edddc3ffaaadeb6c4433a33f9a,0,4,0,0,10,7,2,0,1135,691.76
284,2f322a8bd0a716b6010594ba4bb7cba9019a6ebc,0,10,0,0,53,93,31,59,2191,1593.28
285,2493c9a5651a72aa4c36ff0f080ee3f6c6978dc8,0,8,0,0,56,19,28,44,1601,1283.84
286,f9a1343d92237e6a9553a4fd96db0208b6789126,1,13,1,0,41,69,25,49,2143,1822.57
287,a89e7825565829504e4e5a7b24136e4fce6caafc,0,4,0,1,9,0,0,2,427,464.11
288,5cdc75d7603d1051c9d78d6ee11dd9cd44056f44,0,6,0,0,7,12,2,13,1671,1360.98
289,682736ee5ebf33ed344abd1c6e04dc408a07bfe6,0,5,12,0,0,10,0,0,1641,1234.39
290,b516ce8176c4ff90f4f1696aba9315941b67f0d0,0,6,1,1,49,52,2,3,950,1101.51
291,064a59cdb00361c6b92ce098922b87357cae7736,0,2,0,0,0,13,0,3,797,490.18
292,81dd8ee5f6e224c550bdf956e0bec3ec2c92cbee,0,6,1,1,1,47,0,0,707,690.72
293,4283f0d879ed551859650f94d6eb0009daaa5361,0,1,0,0,4,2,1,2,285,272.43
294,4e7f8deac0b4cfdbb24b6b8a304ca5bd289454fe,0,6,0,0,15,15,3,8,1320,1066.38
295,27d66d8269d5f52dd29b98cac0b41574291f16ad,0,3,0,0,4,14,2,15,627,516.7
296,963a1b3bfdeedeea8f93bc0ab682195119d08b72,0,3,0,0,63,11,0,3,649,526.58
297,6342512a34bb21f8f197a2e3002915a8923a9e05,0,16,1,4,55,728,36,14,9748,4221.22
298,3a7a33ce0f9046e386dada63f28e2b5e091760dd,0,1,0,0,1,0,6,2,55,175.68
299,68564e154913fb7e5ed74685748544641bf65513,0,3,0,1,12,12,0,0,629,467.38
300,b9da215e06303540824bb86fdd7c1f3e8295fce3,3,2,0,1,1,1,1,1,170,684.5
301,479c1a40af3ebcf24df4bd177477747347e0ea80,0,1,0,0,16,0,0,0,48,166.3
302,f55dd06ec5388a1fbec990ed283c1cf3c474f090,0,10,0,0,1,77,7,28,1533,1547.77
303,fe2bd0103f825c173c9010f379c7d32021f8a64d,0,2,0,0,0,1,1,1,170,212.33
304,261340a3425343c02970082ab6a5248a0d1d84c3,0,4,5,1,0,11,3,1,973,999.96
305,af82ca7ae16751641c051ef0ed7f76d01024d76e,0,3,0,0,131,1,6,16,8623,3366.7
306,0077af40fd1294cc226d18bb4ad07bfd99b90158,0,38,0,7,110,0,0,104,4856,6000.92
307,f2cab86892103a8a20b674592c654329ac009513,0,2,0,0,3,6,0,1,198,241.72
308,83b203e61e722c16ad5001294c82063f708a5f92,1,2,0,0,55,55,2,0,152,393.54
309,ef203cf00070fd719f87db9dd2384b8bc116ebd6,0,1,0,0,2,2,4,0,8304,2602.92
310,0172497ad24e4b31ce4e70fee8bc69def99a9fe6,0,17,0,6,15,44,0,9,2272,2247.17
311,cdd8b170628176924c21db1cb6dcbecf4c7f2148,0,10,0,0,111,0,6,9,10281,3973.48
312,26aefa2f4a04083c42f5338eda24a5bb09ab04ed,0,2,0,0,2,8,0,11,1027,594.4
313,013d59fc00d7d241abdf5bc0448ce55425c5f112,0,2,0,0,7,0,0,9,505,689.92
314,d6c0b0f2596de169186d3584474d8d5a34c3c9de,2,19,0,1,4,259,3,4,2503,2473.05
315,b54de30a0226daafaa6ecf0257371e6e8c2a0742,0,9,0,0,15,3,2,2,1935,1297.65
316,e324ef90519ffe2b9068ad852c8115ff8a7a1075,0,1,0,0,0,0,0,0,219,181.66
317,23fa1bc0bd52c3167dbaaea40a94f16f9a823c73,0,11,3,0,202,675,30,48,9742,4305.18
318,2b18bade5551637b967264b500d28e675bcfb293,0,8,0,0,17,55,11,13,8640,3085.18
319,4e3a4404c9e19d41db4de4f6c4bf85404e514c7f,0,41,0,8,0,8,1,1,5161,4508.2
320,aaa6eee87d491ac9632bd822e4a49a54caf9115d,0,4,0,0,66,0,0,3,1245,1038.98
321,8c04ffd52a43358a8eb56a68fa7aeae0bfa94577,0,2,0,0,3,0,0,0,753,528.67
322,0e4135933ad8b6628057aa30c3c294e8573b8653,0,1,0,0,4,0,1,1,196,270.67
323,f5a787af7298e107ea452fe3b188a3da24fb943c,0,2,1,0,0,3,1,0,74,291.02
324,7762e06571fc3ab1164c5e45d61e4cd03648a96c,0,1,0,0,0,0,0,0,756,475.71
325,4d1395e0fa7e96c2540bd2aff00dadaa68b57c34,1,2,0,0,35,60,0,0,1058,892.07
326,7b6fb2b36c0f2af56cc0d79dd9645b2328fce9fe,2,3,1,1,55,45,0,5,523,1241.41
327,dd4f4be2b426361b1c50b784f8e3c6557e765497,1,22,2,0,16,275,16,27,2834,3219.07
328,4b4459c0d1aef5d22477755c2d20083fc3c51012,0,2,0,0,0,9,0,0,631,415.88
329,9c5274b4cd0448af42cb3da8dc6d9a4422355a06,0,2,0,1,0,0,0,0,293,426.82
330,f2da00fb0f2c92351b136ac13082b278c534c6ab,10,46,10,6,1440,1407,80,102,10330,10742.01
331,85ba194e7cfd24ba81baa68ab7d7ea901f17084a,0,2,0,0,7,1,1,5,301,390.74
332,0b1aeda97cf9810bef35a68e976bdff6794c44ca,0,3,0,0,16,17,0,0,515,423.38
333,ff764ff22b488206bf102a0155e55de85efd8aa9,0,13,0,1,1,112,18,0,9923,4191.24
334,840a64dcb9cefe927c681424e12284a1ef40452e,0,9,0,0,70,42,2,20,1837,1502.55
335,f04b9d3ed4472eb788cb795829aa3a1363d05253,0,3,2,0,0,13,1,1,948,657.76
336,bad8fb5fae2a9e95b4e8811af05f2078ce9a1dc4,0,2,0,0,8,0,3,6,269,367.27
337,7435fc82c05089741cd03df3679128c8fc073fe9,1,10,0,0,0,5,0,0,512,691.55
338,986cee6806c5798c1c826d965ecadad0cfc70cc7,8,69,2,5,255,896,46,104,13356,10104.92
339,e425474af2e08dd4a54db2316cb6758f972fa778,1,12,0,0,19,5,0,1,1735,1524.28
340,985d96a52ca9abe2a5e7522435aa488bb1f9505a,0,6,0,0,4,4,0,0,1464,994.52
341,438f387705a82ec4d1a3017d74ab38a132ce5476,1,1,0,0,0,13,0,0,5,187.61
342,32d964ff54cf1c2947ccb00f4cc6c1fcda3510e0,0,1,0,1,1,0,0,0,42,196.59
343,878991bb32c5dc5c9d3b50bb993a90c7adb07401,0,1,0,0,0,0,0,0,205,152.74
344,058eef0806ce7f60d3910c7d2c8761fc9dc96132,0,1,0,0,13,0,0,6,240,253.61
345,8d4b161f09445357a0ce5ea8b874ec31032b9bbe,0,1,0,0,1,0,2,0,182,161.68
346,cf01ea1c49f1168292cca9faa860617ab973334e,0,2,0,0,15,0,0,1,450,367.51
347,67deae8e40edd3325028cffba70ada621e9193f9,0,1,0,0,0,0,0,0,172,143.29
348,38d81587acfff4e97e632967ff86e05c3e6d6492,0,7,0,0,75,6,1,5,1937,1280.1
349,e3aef8e0edeedc1071dec2fc10c305427ff87930,1,6,0,0,9,4,3,11,396,560.62
350,d76bbca3e2f3572ad83daa8de3db40560148de9e,1,4,0,0,1374,1338,7,13,6807,3369.7
351,1332c0ed656696c4a5e0dee843f02b33a35bdbf9,0,1,0,0,0,0,0,0,691,318.98
352,bf9caf8feb167aedf045008012ae721bcc5cfc78,0,1,0,0,3,0,1,3,183,207.89
353,5e5d8385be8fb1320e90211dc69e9a015dd42a3c,1,5,0,1,0,100,0,0,593,848.68
354,88a30f182a23da55084358e052afd962fbb48f3e,0,1,0,0,50,24,4,2,162,288.41
355,35ff447ba47fd2318b89488b1c9dfc4cc43dbe57,1,1,0,0,22,17,0,0,195,337.23
356,68bd9489b77da56fdbf15a58aaec9bf99c562254,0,2,0,0,16,43,4,2,274,297.5
357,574cb8f549e8aa0514bab5316360e0202c094a14,0,2,0,0,70,31,4,3,220,372.51
358,fbe6c4a854cdf53ec2df092202375bbc2ee81155,0,3,0,0,25,12,1,12,701,599.16
359,acd50bd901367f6506495580d5c11b9bf0be2b67,0,8,0,0,396,12,47,49,8303,3490.82
360,ab6d4b9a64eb5d6113d9d40a56aa373619496570,0,1,0,0,0,0,0,0,257,334.67
361,f8563642748ca5fec3e2e19982c67b7bacd00023,0,21,0,1,45,1,3,39,3580,2772.35
362,bfb5006420b7b945b410f83b662fca77a0e49d71,0,4,0,0,17,0,0,11,774,534.62
363,51dbca6927af69fd8f116910c5288ff2a0a6b6ec,0,2,0,0,13,7,0,1,643,633.79
364,bd055211312b12a4acf6858692b250ca7f020c01,0,2,0,0,7,13,0,2,643,473.32
365,56a846ba1c4eedefb39b3c82903d92a1e37ecc37,0,2,0,0,13,8,0,0,642,469.66
366,572b5f852dc20d954100a75f6029418873bf198d,1,28,1,0,579,579,0,0,9051,4456.9
367,5782d175a0144dac99086b4d1de21f13cb2c1f76,0,1,0,0,0,0,0,0,20,86.0
368,edf2226079d61a0e23f803bc3f064b9e360fb141,0,2,0,0,2,0,0,1,490,395.86
369,9164940f41972e3611d1ad38a903ca39562e6feb,0,5,0,0,21,13,7,0,696,615.26
370,70ce402fddc5361d249d161ba119f3fd2784cced,0,15,0,1,31,2,2,10,1375,1474.57
371,c31d44ae89c6c723eb9eaa23b082674f8f4aa9a6,0,4,0,0,17,40,1,1,481,496.97
372,0f95411c030f89dd4274cc4e9fdd14b1fda32b2e,2,16,0,0,39,52,27,38,2278,2050.05
373,8203a6cfb22b3f1a3e61544a2b4dd985e3b212a8,0,3,0,0,18,5,24,6,477,543.18
374,4c2d91c213c00ec9b3c3ab4caf83507883b093bd,0,2,0,0,3,8,1,2,237,367.96
375,b2397a763eb18fc8d3c53121c6306ad3c7c1a968,0,3,0,0,54,74,2,22,317,547.25
376,28df101aaaec461e11f01f3fa68d0f0740f6b5a5,0,5,0,0,28,52,5,8,533,648.78
377,d1f4234d26ba7289233df9245a54774be551186b,0,7,2,0,81,0,0,0,808,890.66
378,45514cf1be89387be5779e9cc1c142ea95093eef,0,4,1,0,5,0,0,0,334,323.39
379,2514d6dc649c3b215b1c4921968b61f38511e2ed,0,2,0,0,0,0,0,0,284,244.22
380,b6858825356dab747ed44b3a59e8740213fa43cc,0,6,0,0,8,4,1,5,1435,1188.94
381,07330c1cfa4fb83a0f7d455d01858cec90b66c21,0,12,0,0,0,3,0,2,2802,1761.12
382,7bd9590c0743dd1f7a88c386f9b00832a3767cbe,2,1,1,0,2,0,0,1,12,325.84
383,939709f977311add1cdc89cdd51bb19dc694d8f7,0,2,0,0,1,0,0,3,809,491.32
384,ee3e388a80e1ce37772ebdeead1c2d9ac8d4b225,0,1,0,0,0,4,0,1,167,176.68
385,88b0ee7be461abf54236eda862920e9f006b9855,0,12,0,1,4,19,0,8,1289,1452.67
386,e1e6a6c55463c540e43c3ffeafa9285323cef926,0,1,0,0,0,0,0,0,53,106.7
387,449a444c7d1cfa13e1a7d25865227e1ba8c300e2,0,4,0,0,10,0,5,11,619,680.6
388,b3b9cd8d5105f33d4c0dd73d8ad00624bc271b21,0,1,0,0,6,4,4,0,239,233.85
389,0f2a76bb5b2b5b5ea72124b820221778f5194660,0,3,0,0,11,50,7,14,276,417.58
390,a9c6a1e7d6a71f11511f3f0efbd8bc64c2fdd011,0,5,1,0,40,118,12,13,458,693.24
391,c011c671828401cb82ab0fc96a18ae7fcc5fea18,0,5,0,0,20,34,8,9,258,465.59
392,4a0860e4fe3c1410455f589eaaee836d847d5b9d,0,1,0,0,0,1,4,2,88,432.89
393,671912ef57e7c0b28b6e7aaf8a511f11a6d2419e,0,5,0,0,12,25,1,6,684,539.92
394,1dd5f60422dd53072097ec8f0010c00e4cea9536,0,1,0,0,33,16,2,2,228,220.42
395,d221a417199968c8eda9096a061c35b5adec5784,0,4,0,0,57,60,15,5,379,637.5
396,cb0e6a348ff026b25a813bc19c705c15e212652e,0,1,0,0,0,0,0,0,221,199.14
397,9a9371d1efd93117b16bda9caf48238a9001c75c,0,1,0,0,6,0,2,2,673,330.65
398,fba03ce69122e7a1bd6f2d5709eaa06c1ada0bc1,0,6,0,0,57,52,1,5,1035,750.11
399,8a9c25ae0e849409a752b4d6eaf5a9bfbb3b3ca0,0,11,0,1,36,22,5,22,1041,1161.81
400,e24925d49ee4301bab9791884f79a474fcbae3fd,0,2,0,0,6,0,0,0,290,450.95
401,fa53f58871c1b47b0fcea1a6adae85a19ddefb9c,1,2,0,0,1,0,0,0,57,236.55
402,d748648b235bd7dc95bfb2672ee156e0eb132bd8,1,1,0,0,2,0,0,0,422,327.22
403,a7f0fb64ae984f323b53f49c17837656670ac7d9,0,0,1,0,0,0,0,0,0,65.66
404,9d6f4752b6353c1374469fa78649b9bcda1e2e46,0,2,0,0,0,0,0,0,296,301.45
405,15354b4906fd654d58fe50fd01ebf95b69434ba9,3,9,2,0,1077,3686,17,26,5043,3858.34
406,cee37599f6526b9a33df3d2d8d9d87315af0f7c5,0,4,0,0,24,22,0,0,800,613.42
407,ceb4a10808a25fa7b9a20ad113242e8c4ab6ad76,1,8,0,0,10,4,2,8,1399,1293.56
408,bf6236ddf661ebb896c069daf930abe3e9bb3b35,0,2,0,0,9,0,0,4,289,375.49
409,38c2556834d758ea9029dba1bd75303f4c794017,1,3,0,2,3,41,2,4,242,666.89
410,8455ebfe873c70de562747c6ffc594663c414cdc,0,15,12,0,110,378,2,91,7432,3856.64
411,5a31842278c1649e9cf1347a1e04f7f741126be6,0,2,0,0,12,0,0,7,110,217.61
412,6b7a1c300f0d59ad689767307cffd0e9ef3b8523,0,11,0,0,17,19,0,2,1910,1241.39
413,7f63092fed4341a726efc100449d7e2568dd90e7,0,1,0,0,0,0,0,0,229,141.72
414,480650b8264162fa9ee18584c00f78609266d602,0,2,0,0,4,0,0,0,243,281.59
415,9f570c192d258aef749ce1edbc084da465fd7888,0,2,0,0,16,0,1,1,55,248.95
416,7ea2c96852f1b3f4fceda17a70cb2ccbc95060e7,0,5,0,0,7,0,0,4,644,550.49
417,850e86544004bdddd31fd63d62525412e1f47ce7,0,2,1,0,9,0,0,0,779,467.38
418,ac414f9a52f9ffb023cf3690cd782e4ecb976140,0,3,0,0,12,4,6,13,947,702.2
419,a461792de9bf885b205686161161c2b62294be25,1,14,1,0,10,41,0,4,1773,1417.08
420,3ec8258db67ef4c5afc35e71ca63435681cf9e87,0,1,0,0,15,0,0,3,222,352.69
421,cd66ac83260f8479d90317f93a116226d3cf564e,0,4,1,0,0,0,0,0,5461,2091.91
422,ddf00a509a4793bc69bf11cf10cc8155a9371f2d,0,1,0,0,0,1,0,0,333,222.68
423,7158863861cf16d65bc4244b8c787375b29cbe5d,0,4,0,0,0,3,0,3,694,532.55
424,5f4734eaa8d860d6a49d1fcbbe0f89d92edb291f,0,1,0,0,26,26,0,0,307,248.26
425,eb886e99995713f3ed563142107e765f880a4fcc,0,3,0,0,17,5,1,2,482,438.59
426,db18318c0a4a32570fdd1eb4989b41dff94e7162,0,4,0,0,51,33,3,5,636,664.56
427,00046230298396c206170d91b2dbcc7363184da9,0,1,0,0,0,0,0,0,239,214.58
428,007df950fc9e9fad255167db74517095a8326f25,0,1,0,0,1,0,0,4,224,193.52
429,bb464c1f3703fc8b31be7859ca32e83e755a60dd,0,4,0,0,6,0,0,6,80,351.16
430,0c5cd149a38e927021f53ba0c109f1da15cb3546,1,17,0,1,143,57,8,21,2397,2211.9
431,8a72a27cf199e8f810c6c84d48775fcf3df9cfcb,0,2,0,0,6,6,0,0,508,360.18
432,c0df773c99cf8b65a735870a02ca90995304b460,2,4,0,0,7,6,0,0,342,458.25
433,6be6f84d39ce526d8c818475a05da1018f6a4e90,0,7,0,0,45,25,2,10,748,890.21
434,51401247c1a2e00638aa3f12a0e924ff85e49ab6,0,4,3,0,0,8,4,5,751,640.46
435,568933f5c4f7bf7e373663a414dd890cdc93ec2b,0,1,0,0,0,0,0,0,16,85.63
436,dcabc0e3431ccff56b20caef7f7805e49a6aac13,0,1,0,0,6,0,6,9,237,238.88
437,3917094f04a76878c56947e745154c708ff99632,0,1,0,0,20,4,3,6,329,287.25
438,5fd4ff77472ffd2d20c22b801d1c8d6ad37138f8,0,1,0,0,4,5,2,9,220,237.46
439,12cbf7528031b6802ece8ffb1cd3b24daceb5468,0,1,0,0,2,1,0,7,223,229.02
440,39d97f389207d4a294750ae4ff975682fc5b47e2,0,1,0,0,5,2,2,3,223,373.14
441,a2899de1374fc084364184cb97eeb9526f7ddf47,0,1,0,0,2,5,2,3,223,250.45
442,c4992f48ce9c26ce4fd028240447b4cbe85ecf26,2,4,0,0,10,0,0,0,799,754.07
443,0fc2d87e2b51fb23fcb3d027cd4a0ed7886fba83,0,6,1,0,7,448,0,3,5514,2209.5
444,489143566d1e258b0568ad000be64733893d2c0c,0,1,0,0,4,0,2,9,225,238.44
445,847f3b029329729c72eb4a72f19d5efc1ca29585,0,6,0,0,89,27,2,1,230,652.86
446,f8fa6d243111c41fe5c32afa49973892e4b136fc,5,11,0,1,74,20,0,0,631,1203.66
447,eb6d11d54932ea929e983d3f986314e1e3ef0d33,0,1,0,0,0,0,0,0,35,116.2
448,866b06ec3d545092db1ec0b16c9534939b186ece,0,1,0,0,1,0,0,0,35,142.49
449,ba88f55d1f18f5d3a93aaf9d030a75c2d640316a,0,1,0,0,9,3,0,1,127,196.78
450,0f56a255539e884721afe5a31ec605e935774b71,0,12,0,0,764,21,89,23,6426,3543.61
451,6690c5135943b2d15155a92fa9bc4d7f46fc8cdc,0,8,1,0,1862,139,12,69,6006,3685.08
452,40641c73a64e79ee1fb9b991f16f61eff4f438d7,0,2,0,0,0,556,0,0,6587,2190.25
453,59ec4109e45d8b84f6f18ea66179840f50de6b25,0,8,0,0,23,164,0,11,7670,2981.08
454,29515c11d799fa36706935a9352d293612a5d815,0,1,0,0,0,0,0,0,36,103.83
455,dc794169b8ffdce004036568619bd27b590ee1b9,0,10,0,1,44,2,2,4,2674,1794.35
456,8c3693c6b08a29ada08f6b0dd9c43fa54871e628,0,1,0,0,3,1,0,0,88,155.76
457,86abfe10279ce957e3dad221b2ca6e58eea1758d,0,1,0,0,0,5,0,2,296,242.23
458,eb83251bda8caedd69d07f1f7aa8857a27f87fe9,1,8,3,0,88,143,3,0,905,1200.84
459,533dcad919703e36581bb400cfb07b4f2485abc0,0,1,0,0,0,1,0,0,50,119.1
460,fa1d99ac96a0939b6ca811c0edc0f25da6075464,0,2,0,0,62,1,9,5,6466,2420.9
461,35cd1761f69be5849515994f02f07478cd2cf249,0,1,0,0,0,0,0,0,245,207.67
462,bbd170187bc6d08c77473fcd843e20ecc84642dc,0,1,0,0,0,0,0,0,67,123.55
463,7bf57616e626513ae5800ec0874105fd2170104d,0,1,0,0,0,0,0,0,67,243.69
464,781dfe4b6bdaa81ea7c0304d521c33b12dbb7cc9,0,2,0,0,5,0,0,0,418,324.22
465,33ac4dddb02c4b99dda34eefe842b2fcf4e81c6b,0,1,0,0,0,4,0,0,185,189.66
466,64c38a2657ae363b22dcbf9bf3ea0b518d75681d,0,3,1,0,96,17,8,18,6653,2818.89
467,e2af28a6e361ccd5bfea40171dfb84f2d0ac2291,0,1,0,0,0,0,0,0,282,220.17
468,fe28c474066929a04f3091e699d19ccb14eb3e98,0,6,0,0,1,9,2,2,1153,916.18
469,ab392a6ee7db31fe7a4cf8093e7308057cd47493,0,7,0,0,0,16,2,10,1487,1041.77
470,204bec65ef40015c450835cd439e9b4e86b46af3,0,2,0,0,1,4,1,3,898,605.55
471,53895adf954714db3fc11917ebf058b921c42558,1,14,0,0,216,20,0,20,9188,4665.37
472,67fc385718006d7f050c8f23a7d26f836b461174,0,1,0,0,2,0,3,5,252,233.22
473,8be0d7de6a8a5862be23d1733a458592b1f55946,0,4,0,0,11,16,0,0,1217,593.31
474,090b6a21d2a81c339e4d7224f4c46ed59cab1cfc,0,1,0,0,25,46,14,19,667,438.34
475,dec8490e5ee399beb93e02fe269c51bdbfd4e7de,0,1,0,0,0,4,0,0,688,351.7
476,313f053ecd8c7f74caf8c639754f26849d30d3fc,0,2,0,1,8,19,1,0,30,268.71
477,71b3b3c7364445ed508a8ee52050ca39b9c5de66,0,1,0,0,4,0,0,0,170,164.1
478,95e7ed26bb9030cd0e6ef0ca455c1971e4d71186,0,1,0,0,60,34,12,18,654,480.85
479,d1674646482a2f8f67e2e575242a85c6c4fee350,0,2,0,0,12,13,0,2,709,442.3
480,40c154ab4b3d8f31eedd47ebd6005db70564a3f6,0,3,1,0,6,60,4,6,880,778.0
481,d540cbf195f7698e20db2df78a0098ea212cfeb9,2,0,0,0,0,0,0,0,0,307.45
482,3e96baefd134b8f50edebb6b9e45e1c66cdfd35b,0,0,3,0,0,0,0,0,0,102.64
483,4da540024a429f0c0a3f73161086d1f7997d5b95,0,4,0,0,13,16,1,2,1197,701.78
484,87bd4a24a42fd990ed4ea881cf5bbaf3c8e7e0cb,0,1,0,0,0,0,0,0,695,365.28
485,bee816c68a81b0812959c5f58e393e0b167a287f,1,9,0,0,83,79,21,35,1744,1435.14
486,adcbd5b402fd9895dc573a524a68c0569c41ff55,0,1,0,0,1,0,0,1,61,145.91
487,39982f3649705623edb8593c7b6cb5665c156f48,0,6,0,0,27,38,0,8,1201,948.28
488,91acae3dfb4a3e8550ca024b91957f695337c6d0,0,3,1,0,10,5,3,2,376,457.28
489,a14ed1c455097ee7bbabcd0b7c2fc89d8b6a5012,2,0,2,0,0,0,0,0,0,287.64
490,effc0ecee398ea3978623a6d0c0a5e115f15cbfa,0,2,0,0,38,0,0,3,322,332.27
491,0c84342d3ab4dec0c528c814eced4f9cad3affcc,2,6,1,0,0,0,0,0,1328,1000.36
492,bb5a2700d7189de187e732d1fcc9ea65e3b95ae6,0,2,0,0,1,1,0,0,444,334.98
493,254e6a2c237506198820e5837cbb06766852cb17,1,6,0,0,56,7,2,2,1172,1033.74
494,a45bb97cc09835a2d8d073f4811c38e86d2e533a,0,3,0,0,0,0,0,0,714,390.56
495,b618106f3cd55a7fb4f2fd2b3aa7da7715cdc034,1,6,2,0,13,108,10,21,1228,909.23
496,6e709a28633813d730170c2d6911b63419c73550,0,2,0,0,10,9,6,4,727,450.92
497,d293b77bedb0d196065f6b5a93d086923b6a9114,0,8,0,0,27,29,4,33,980,987.87
498,c8cb217548173fe7424b92dee438e7b5bc90723a,0,3,0,0,1,11,0,0,1100,618.83
499,767e0235b0ce6c6cbbf6a1912ba96d3e202e3f40,0,1,0,0,0,5,1,0,561,309.6
500,aee7b0c4df80b88f8a4ed06d61be55f478c08b25,0,2,0,0,0,5,0,2,295,428.76
501,6b142021d8696c51d86a345d2cae0b5a19a20961,0,1,0,0,0,0,0,0,101,145.03
502,1c547a2aa9bfc8ed536ddd875be88de887b39909,0,5,0,0,14,15,5,4,962,828.34
503,e279ccd874bedc79d61512ebfa2a62b4b2a03084,0,1,2,0,13,52,4,3,296,322.14
504,767467724a5191b10b1bbc5f19951afa19f18ecc,0,4,0,0,0,2,2,2,1011,583.47
505,d7bd37af1531087f5343c3af636b7699c4687a79,1,10,0,0,0,0,0,0,1750,1113.22
506,93df28fcb4b61a61186852cbdaf77f24aa199808,2,5,0,0,55,43,4,5,1035,904.16
507,4c0df722db110e2ac173e3b5d876957e0c3107ce,0,1,0,0,0,4,0,0,53,111.42
508,1d0cf136f6871730c663db143ada9a9b66034286,0,4,0,0,0,0,0,0,1010,611.9
509,d309c5dc7723b023ed12eeb6ae331747695c6ee1,0,4,0,0,14,1,5,2,628,655.68
510,e849e977736c8acd8deb73fd80b955b6040adbf3,0,3,0,0,19,1,6,11,312,370.78
511,aee70135ef001ee13d3aa3f3da5e0d1da7183699,0,4,0,0,15,20,0,0,765,605.32
512,778f1dec9b90d22b6b27b8268b404ff65cd7eb8e,0,2,0,0,1,10,1,0,94,191.26
513,32dc02cad64bd557808a639d9430c1a8ba9afedc,0,1,0,0,0,0,0,0,28,94.27
514,ac5a194d4e3f237bf34c134f81b95cc86e0f63bc,0,5,0,0,12,0,0,2,373,428.69
515,de8318315f51a1cc5d8d0e7c7535c0290870a742,0,5,2,0,17,12,0,4,821,663.72
516,60839fea8577a135b623c3dcc002351137c7fb45,0,3,0,0,13,4,2,12,604,505.55
517,f48c5b612af2f73e3fa5a4ddc0732b9eabbd3513,0,10,0,1,21,51,10,19,938,1403.92
518,ce27422729599086dffb197608ddf3e8c4b541cf,0,3,0,0,2,2,6,17,368,438.0
519,a215c38bfb5164f68f1ffe5d92166b701cd823dc,0,4,0,1,118,6,0,1,202,590.34
520,d50facfb4901cb2ceeb50677a0b3ae1bda602f9f,0,1,0,0,0,0,0,0,35,229.92
521,362178c204ea3c20fd7ea86e4e43fc154fd17061,0,3,0,1,4,0,3,4,76,359.65
522,e7e3d23d26322973c9d4242ff225185f87b7d7f5,0,2,0,0,3,8,0,0,458,500.26
523,a917588bb26c3007cbde435542bdf6fa1d0c2a64,0,6,0,0,18,20,0,3,1539,1097.43
524,f82eb0bb54f8734ecd859b86cd4208dbe47b959f,0,2,0,0,7,2,0,0,128,227.77
525,09269836f60fb26d8493bb41d1da0103dcef9405,0,1,0,0,1,2,2,3,428,321.19
526,becb0b1c7ab966572843da6ddbe665ef3c107e65,0,5,0,0,6,15,0,0,748,605.92
527,4a0378eb85397c9ff6a9cf2e85cd97f74cbb30bd,0,2,0,0,46,20,0,0,160,303.88
528,ece6e6d4592ff68e8153770160d3c8e20a058591,0,3,0,0,6,21,0,0,679,498.91
529,d1a8e1322fd5580e4e4b1178257057718ee1209c,0,6,0,0,13,11,7,21,919,779.93
530,02a569e384b37f17049c3d2799738a3be1f556f2,0,4,0,0,15,4,4,10,769,623.94
531,5e9b35cc8c056cbc36516f679fbd01314598675b,0,21,0,0,78,113,3,4,2701,2144.31
532,fe1aa5b52ded59198f98d9d915276c04dad4a7cb,0,3,0,0,5,2,0,0,802,555.37
533,ff3dd4dcec517e72b61e35d1b3bf19dd021a2da0,0,2,0,0,19,1,2,1,574,460.41
534,303951c4584cc6db4e71f404e4622dc2d07acf54,0,4,0,0,2,30,13,21,1258,708.26
535,3329f5ec9880e1008e48a70958b12d2bd2b52b64,0,1,0,0,13,9,9,23,557,351.6
536,294bfa9a2106feeb5ad94ef0819001a7ca05e292,0,2,0,0,10,0,0,5,817,500.72
537,ba98fa4797f43e12185bc1aad9d3fd878497b4c3,0,1,0,0,0,0,0,0,232,192.63
538,6d070498beeba4d431a09043fd83abb96f5eff9d,0,3,0,0,1,15,3,3,507,503.77
539,3e3ebc3fb39ef56da87661057359aa997f49e0ab,0,4,0,0,25,0,3,3,361,509.58
540,51ec66cccbfc0d7ffbedac930475de5bb5a4b9a6,1,10,1,0,188,167,9,4,2096,1894.31
541,4a4b8bebf76e7b4bc494a020435277f47b0bcfaf,0,5,0,0,6,0,0,5,1297,883.17
542,735435be69a03a3c4506b50facd771316e1b355c,0,2,0,0,4,0,0,2,665,465.6
543,f6b95bf0e5177bfa7830845dd05c6d91f74bf53c,0,1,0,0,0,0,0,0,572,262.29
544,816a45b62acdedecd65ecf036b379b5376d9b86c,0,1,0,0,0,0,0,0,70,126.4
545,c12b11b566a6521e8ed877fe99ee9565aab4406b,0,1,0,0,0,0,0,0,70,114.98
546,78f7a35ae364b6741c6a2c7757faec6b3e54493d,0,2,0,0,1,1,0,0,172,252.53
547,93ad8a2e42d9b6a17f009ca85d5d1a5e671a157e,0,1,0,0,2,6,2,0,69,133.78
548,1782c886fa051ea5e2708159d774c92c72c73883,0,6,0,1,0,27,1,0,590,600.56
549,bdb7bda5e07b22fe91679ce3e7c4c10a9380d5f4,0,4,0,0,10,10,3,4,130,372.16
550,417e7c03732dbfd77326469dce8fc6ed27cc2285,1,0,0,0,0,0,0,0,0,241.49
551,360d3559ec7c13a20e4ac32c7f06ac03ad3e2876,0,1,0,0,6,3,0,0,91,178.56
552,eeb164e2c031a58a5c1c6c071236037b5f5e7835,0,1,0,0,6,21,0,0,91,166.01
553,d4a8f07cd81d19c7146093ce89cb54291872414a,0,1,0,0,16,20,2,2,27,169.53
554,e659b06f3a500a5b8a4faee5e132946c82679281,0,1,0,0,0,0,1,6,43,155.23
555,34207f0a92e784322743e1fd2f04234d1fbdd2f7,0,1,0,0,1,0,0,0,45,119.76
556,dcdb8e1b85e934bbdf945b9c70fa6970feb754ce,0,1,0,0,34,0,1,13,80,243.92
557,93b0b062c2e6eaa36dda8a99da196d64e5c13871,0,1,0,0,0,0,0,0,434,233.03
558,d5eaa4e141ea830bbbacc7c249198e58169882e7,0,6,0,0,67,104,1,7,743,826.18
559,1f63a4aac12b4c97d1f0193e0f65999a14930652,0,1,0,0,3,0,0,0,19,304.05
560,9b892b186ab5767d1f9b98e5d3850d7f92234216,0,2,0,0,0,8,0,0,317,432.65
561,c44e9d05ca1d2baf33333a90548d84bed230bec0,0,5,0,2,0,6,4,4,617,766.57
562,694a6115c7d3e45f2b448b308b10cce10b700442,1,10,0,2,26,47,0,12,1108,1144.92
563,b767bf7e7d94fb8f81a784a97662a74816ec6754,0,79,3,13,54,78,12,44,6561,7440.92
564,924c7e5fcb40c9c5afc789db9fe6c6f42ef706b8,0,15,0,0,161,164,0,5,1340,1681.27
565,5987e304e55c8bb287a46b68c22765caccd80f75,4,0,0,0,0,0,0,0,0,677.56
566,26971fb3ffe3036a0d552a72f65a3c9f13a4153e,0,7,0,0,30,13,4,11,1347,1014.17
567,7518f7ce9f012cf5a5bbcf976a1590a1b5531db0,0,4,0,0,51,3,0,12,806,663.27
568,296f15804cb7c9debfcb244357073e019404fa2b,0,3,0,0,22,13,3,8,600,489.97
569,e1b622e869e983133fcc8c9eb6de15c5b5c9fafa,0,6,0,0,45,30,0,3,361,618.0
570,bb32068268a2d6e999a2c13992a09470a3d4f1fc,0,3,0,0,10,7,0,3,327,405.72
571,d2c2365a78e52424a88baf30448c1148d1ee787e,4,7,0,0,9,0,0,1,744,1394.94
572,4d2b25713f1105403a3c6ca40c5a9f18c8937367,0,3,0,0,1,7,0,0,646,455.83
573,ad01178e373756e90c136bac4d30a6a79ef140b9,0,3,0,0,1,3,0,0,647,479.36
574,0287d0dd8749d7bbb0e8474b3b5d42f7a77b303a,0,9,0,0,59,53,6,15,1391,1415.69
575,160483cd19efcc51a66f361d3b015c32743eec81,0,2,0,0,23,13,0,0,434,337.1
576,4856460f0e927761d8b321092c877092bce41569,0,4,3,0,88,59,3,10,545,823.59
577,128cb03a5f3eb77b6015840f87ac6dc8bf01e0d9,0,3,0,0,0,4,2,2,527,448.84
578,aa0b3d182a3dd24f9e1697bca41a3b9bd61af848,0,2,0,0,300,17,18,62,6744,2541.56
579,f6b54dfc6bad86912ca8944d4d4944cd9a41c230,0,1,0,0,0,0,0,0,277,217.74
580,ccafdada1384428f42e3da3e9a507759ff170993,0,4,0,0,9,1,15,13,432,710.28
581,f170a9dfadbab924996e4ecaf1bf16f6a2f1bf10,0,3,0,0,4,4,0,3,390,433.75
582,1794fbed23a83abb7c6285ecb69628f90382686f,0,2,0,0,3,0,0,0,463,319.23
583,4d256f66550c34d047d30faf3ac7392c2977b047,0,1,0,0,8,0,2,13,576,343.16
584,3678daa0be6e88821b3a61e20c78493d6f119449,0,9,0,0,45,68,23,42,1187,1294.58
585,46e5f23e1bb6cf374d0d89ecff40c84a1824b998,0,3,0,0,9,6,0,3,661,531.97
586,7ee47b49c6c557256d001ad9446c4db95f786eba,0,4,0,0,9,5,5,11,627,629.58
587,e946c6380637b10dc8ec9e257fbfdf47b175dfd3,0,7,0,0,48,91,5,5,681,787.74
588,a08630fce0e430800d4beb0235ab199301be4f71,0,4,0,0,68,23,0,1,700,599.92
589,e488d2666603adba491e5eb2b41681e8ef7d9fe3,0,7,0,0,2,1,0,1,860,682.28
590,f6b71a507dc203360f0b122e5f470d27400ce2b3,0,1,0,0,22,0,0,0,61,146.23
591,98719aa7c68d102a3ec7555e08bb130bd275de3f,0,1,0,0,30,28,0,2,556,353.49
592,538dc69515f517303c6ba19e6fdab35f8a25b2e4,0,5,0,0,28,11,3,1,1043,684.39
593,23dd57230d9ef539a622291d92d92e4e4dfc9f01,0,1,0,0,5,53,0,1,473,312.54
594,f77ec79a8b2b36a7928d13df7393509aa3859f97,0,4,0,0,7,1,1,1,835,624.52
595,b3b58932f352a01c87bfe66590044c99d16b4a5f,0,3,0,0,5,23,2,2,413,444.23
596,1e7b673cbea63fbfee742401e24c255ddc606eb4,0,1,0,0,8,3,4,1,122,214.85
597,d6977789cdfb66d80a4ec50a8541bb6807aff0c4,0,5,0,0,23,19,0,14,938,777.96
598,3d6d023e68c337e553718028b949524b4edabbb3,0,1,0,0,2,0,0,1,217,203.9
599,8f85a51e643c904ab4f80ba98234dcb1e384dd40,0,1,0,0,0,0,0,0,26,91.37
600,b294cd555a99b40756d5ce5a5aac96dcca890c19,0,4,0,1,7,31,0,0,172,456.59
601,4d44ddfc995bf53d6e1fb8f224589f71ac235be4,0,1,0,0,0,0,0,0,593,303.89
602,a905e9b3bcf87b8834128d2e90303d2fb7eefad7,0,2,0,0,20,15,1,3,577,557.77
603,93c5afa5c98de25aecc9a13ff9a9ec833785c184,0,6,0,0,9,8,0,3,650,669.72
604,321848d09c86fd8d78331fe0ef59c5b97a3afa8e,1,2,0,0,7,56,0,0,77,268.33
605,d0db57ad10e09564e58753c789f01c006c0f2168,1,5,1,0,95,97,0,2,666,714.99
606,4c877f9124bc9734bc0e74bcc5074be3d98cf2c7,0,5,0,0,25,12,1,15,1340,985.66
607,2b8c1cec9ac40273a1491ebd697caf8431dc83a2,0,3,0,0,88,4,2,7,561,548.71
608,0485f532a49b507b1e9eb5d0e9e8ffcc683d9ba5,0,2,0,0,1,0,0,2,538,387.93
609,183f51dc2167a3ade932413505712543a690315e,0,4,0,0,2,10,6,9,975,669.32
610,01a2b07711d25f867ade855c5977f927afcddef2,0,1,0,0,5,21,10,12,203,229.76
611,6ede8c5d91f334ff0e06197a3d1fbc4ec9480137,0,1,0,0,0,1,0,0,443,270.49
612,f3cdaa96b70d3b1b558abeedd4a893a9ead30d01,0,10,2,0,102,68,17,33,1422,1392.08
613,e734d837a09a82e43d2e04a53c6921ccd3bc11ac,0,1,0,0,5,1,0,11,135,484.55
614,f21052e91684e16ef2511f288718ccbf19ec13fd,0,1,0,0,6,0,5,9,209,207.3
615,266e94f320b47532761bad3972e5e2a5a664ae70,0,3,0,0,6,0,0,1,962,619.74
616,b5f326383980fd3a2f9eb883189c29d54fe1f972,0,1,0,0,7,0,7,7,95,236.89
617,b2b4260c68631ea3e89c1435174254078daaed22,0,1,0,0,3,0,2,4,151,197.97
618,050752c70360fe8cae9803f3db15dad2fec224fc,0,1,0,0,21,8,9,19,262,258.0
619,0801f420e5ca7a03f2fc5b9c9f67e5b037f99ebb,0,4,0,0,18,4,6,16,853,703.27
620,58f585f6056b4990b010d84337ed2e91b27f2e33,0,1,0,0,2,0,0,0,283,343.25
621,f1279e961829fce958df6e9e68742798562f4ec0,0,4,0,0,20,15,0,6,1033,766.2
622,6691b2c295ffdc324cf460c73016b319c36e11cb,0,12,0,0,23,6,2,11,1357,1116.1
623,43bf9e237c0b67da750a60edec8fb436d1a02bf2,0,4,0,0,11,0,6,13,877,617.0
624,b7a1c44333e32d765c47ded53f761fb746e4b4a6,0,3,0,0,1,0,0,0,69,204.13
625,d5cdd6d0431ef2cbb545747ec1d9617dd50a4146,0,1,1,0,0,1,0,0,291,228.12
626,a5bd08f421c647c3a472d231b24ae0d0a7101b9e,1,9,1,0,68,41,3,17,1371,1310.61
627,6c37fb8b736ea2e6157f1c7f9ee7737de69a2ca9,2,1,2,0,0,0,0,0,95,320.91
628,fc518cbb6a098f4f3adcd96a851155b4f6742349,4,7,0,0,940,1,1,7,8555,4602.59
629,51fa96187c5fb0383cdfbcde5047f11803440263,0,1,0,0,0,0,0,0,98,121.4
630,eb32e2775162b0171ec45a4babec254d3ad09c2b,0,1,0,0,0,0,0,0,236,209.51
631,ea10f851ba535b81456ea9ba98e50a4e2c87cf98,0,1,0,0,1,2,2,6,260,260.42
632,8ec9b7bd95c5e09227a67893a944945fd0a37707,0,3,0,0,0,0,0,0,894,461.53
633,bae22eae6b81d79e035f43eedc012bb8bf09a9a1,0,1,0,0,13,6,1,1,465,315.37
634,5f343039334a5d89a0f3f78d77c7df373261ef18,0,1,0,0,4,0,0,1,478,314.37
635,cb3b171079f248370206218df9e0b6aa658225f8,0,1,0,0,15,8,1,7,474,323.25
636,9c386dff60abf08d01cdd5a8559eaefc55d74a5f,0,1,0,0,0,0,0,0,470,245.28
637,e0f5809386760f29147ccc16910dfe4ad83e1c31,0,2,0,0,4,1,0,1,236,297.68
638,f92915ffd53348415b848ba27729caffd917dbd3,1,0,0,0,0,0,0,0,0,254.37
639,36edc09be8479803b9cfe4fa9700ecc1c95f1f78,0,2,0,0,30,1,0,12,169,315.4
640,e65ce8dcd7c5d212c5325c57d5fae39c6bbca502,3,2,0,0,5,0,0,0,231,639.9
641,afda4ac49dd272bf3253c1c00f56b1d156bd8e74,0,1,0,0,0,2,0,3,67,152.17
642,8e08487c26f719c1e41ae36daafb7d0be76d70b1,0,2,0,0,4,19,0,2,699,451.52
643,8648d3fa0125ac12f5e894f05f369479151d4b6a,0,1,0,0,0,6,0,0,230,230.91
644,5da5bf9ae5e9e0fe315c88ce9168125a891363d3,0,5,0,0,19,8,0,1,949,721.26
645,578fd0ef3288792cd0ea09e122bbd460f4ade0fb,0,1,0,0,48,0,0,1,154,291.02
646,eccbe75a382345ece044596feb5b706f6106f45b,0,5,0,0,72,37,2,10,1298,985.96
647,360d9b6a9807e76f8d9ff71b388008127f029683,2,5,0,0,51,0,3,5,867,901.6
648,0a7e6d10879221549f0b451e9b5235629c7485fd,0,2,0,0,4,20,1,3,610,412.13
649,9cc162d77695e4f457884c7d3dd1ef30f75e06b4,0,1,0,0,0,0,0,0,33,99.01
650,83cce240bf61efe41c2074b8da4958794f15b123,0,8,0,0,14,12,0,2,1126,884.78
651,ad4ef2f87e6ad795be17e26d5c82afd9187013cd,0,3,0,0,44,9,1,0,585,489.66
652,6c6f0c138e096dc50806132702a350d9fb642f3a,0,2,0,0,0,3,0,0,198,218.14
653,eff8c611575685b6df70eaf0e46639886c283ef9,0,2,0,0,0,6,1,0,498,318.34
654,02a562a3a0fba04c94f48cd56b66af587481077a,0,1,0,0,0,1,0,3,509,286.2
655,6d96f53add0c0fc9193a0dfac8c42ac18a6a97e7,0,4,0,0,29,45,5,37,449,598.53
656,23aa01beca4d7637b037ee85b87090cb1dff8bcf,0,9,0,0,33,17,0,11,1599,1250.1
657,9e0ee8f269e0a389517b480a7cc9693f9073e742,1,5,0,1,40,9,3,14,961,946.6
658,75db7b59b7ff63d04a6d455ffadf6356be6accf8,0,1,0,0,2,1,0,0,61,141.32
659,601d939e9b223320d00e93684ff20d80cba42fb8,0,1,0,0,3,0,2,4,202,229.04
660,f2e18632fd99130eacf79f60eeedb335c1f69156,0,1,0,0,31,9,1,5,196,397.46
661,94b55880bfed741fef559a0d43331cde8338b568,0,1,0,0,0,6,0,1,221,224.36
662,bf6ac62695b781793c5781fd3191d5a0a31dfa4d,0,1,0,0,6,0,1,0,221,203.68
663,bbfcb18ae596fd314abdeaa3078352e22e11cf87,1,1,0,0,9,0,0,2,54,231.91
664,987aed491c30a1e4aa2a9d9200dd6627478a803e,0,1,0,0,0,0,0,0,227,151.25
665,b8c65fadeb558a0bbd937cd4b15082547e62697c,0,1,0,0,0,0,0,0,227,159.05
666,fb2cbc892206268e0f7d2d825956fa2c5757fd2a,0,0,3,0,0,0,0,0,0,153.27
667,c2709044d377ac880edf74748a1ad0688ee1135f,2,0,0,0,0,0,0,0,0,872.1
668,f62d4ec14c1d1f9cd0571f664e2fe27335d473c1,2,2,0,0,19,11,0,2,89,404.08
669,ac398bd0a755cbd9ba34a99a99351214784f9018,2,3,0,0,98,43,4,7,772,1137.19
670,b169800b9081896975bf8a057b74ae8c81ad2f36,0,0,1,0,0,0,0,0,0,60.64
671,b6aa09fa148305668cbd8024c394ae68ca6235e5,0,1,0,0,2,0,0,6,676,347.4
672,08479960ee33534926c282d42f8c7b0b4e8ff5dc,0,2,0,0,39,15,1,3,641,444.96
673,4a6b002090bed02d91465821fe00fa61fcba26c7,0,10,0,1,113,108,3,2,381,1026.31
674,c8664861b7c3744bb29925646d1bc61862d1aaaf,0,1,0,0,0,0,2,2,678,338.2
675,b1810fd428e90a85705aedb82bdf002c9e7a27ab,1,5,0,0,22,30,4,9,687,712.36
676,71084e306eed1415b6f83bd5d05f4d7fc2d69949,0,8,1,0,62,5,4,4,1189,1058.83
677,8417db8fa9b75ed27dcfa1e56263d92ab97c80f0,0,2,0,0,1,0,0,2,767,523.15
678,ccdb63acfed5dd12a203d69b0ad2310901224e0b,0,1,0,0,0,1,0,0,678,369.79
679,27ca0567253db73a44e8224fe6fa4346d2b562dd,0,1,0,0,23,32,0,3,508,323.67
680,44bd6cfe6a8a5520f1c41d82610ca76152f49eb1,0,1,0,0,18,1,3,5,226,392.45
681,dc750650cc879e344e33ce2fc33e0e9029983568,0,1,0,0,3,1,2,4,243,251.6
682,6f00a24296179b0abc9673c94f76d1e551ebdeab,0,4,0,0,5,9,0,4,1285,768.0
683,e3ec99843325c1326e31e3f33eb418fa5b7c0d91,0,2,0,0,0,2,4,3,281,267.21
684,d267cf77bd9f87389997d0c4b990aa799bc6cfda,0,1,0,0,1,3,0,17,327,272.16
685,5b86c3dc0085c1c9f35f9c5e410fabb0bdf366f5,0,1,0,0,0,1,0,0,294,225.24
686,e98ecd7afc6cba61503a26ee44dfe49452ad2b86,0,3,0,0,0,0,0,0,805,440.43
687,27cadba02769ec7761b9f7a60c4e18f3f5a750c8,3,4,3,0,5,7,0,3,1105,992.45
688,ea30613ff7d3f59b643de2c98c6b1b4b7fc72238,0,3,0,0,65,0,6,17,820,708.31
689,798af777aea81a3fb671fab17b78a373f2e562ea,0,1,0,0,0,0,0,0,323,228.41
690,03dd532cab804535a4b9d182e66259ac835e5901,0,1,0,0,11,0,0,4,676,386.61
691,65e99f98d257fd5873f831bf97a173309acbb9b9,0,1,0,0,0,0,0,0,13,84.27
692,b4cae0372064886989d0e6446d4c70598aa1dcfc,0,15,0,2,20,34,0,7,1885,1594.35
693,0967566af3321900ff704ed89cb3d0775038b700,0,1,0,0,4,2,2,4,156,249.79
694,d4d8381daad40da264a86a7e7fe59cc30e9401dd,0,1,0,0,10,0,3,12,259,257.29
695,a176698bdf3d08a38806182284e5f94d285a41e6,0,1,0,0,0,0,0,0,685,327.3
696,2444d3b07b6133f9de4231ac034a0c121981ce66,0,3,1,0,0,27,0,0,411,409.02
697,704c9157fe5a56edcf44cffbef2506e17910c75c,0,22,1,1,20,41,3,13,2457,3165.98
698,6317ab06c2bc70d43580be29cec792045db437a2,0,1,0,0,0,0,0,0,106,137.75
699,b4cf34e1f8dce69c0f1a3dfb4eadb3298232556b,0,2,0,0,2,6,3,9,365,378.56
700,5bcdbcfa271643579d75f5d7a4328df93064ead9,0,3,0,0,0,7,0,0,108,400.14
701,db9a22aea179879fc648f232f616f7f488135c4a,0,1,0,0,1,2,2,2,103,227.54
702,d223e7d12f9d0fa0d79cad3e6b6301dbf8b07b8f,0,3,0,0,6,0,2,1,276,407.95
703,70e0eee7918b02a08886332d03f41f9343678073,0,1,0,0,0,0,0,0,323,231.69
704,da65fdaf5f9a07e0ee6c0a0ec946c9778eba6da8,0,10,0,0,37,76,1,3,1819,1352.94
705,040f924ded78f158c9882732c2b6007278c7a70a,0,0,2,0,0,0,0,0,0,97.09
706,477755128b87289c41a8f7ee1a706e893dff203e,0,2,0,0,0,0,0,0,127,205.18
707,93d9a81dcf7523261598d0c68cb3f3ebb4a26e62,0,2,0,0,0,0,0,0,197,226.56
708,b49b66994fff6d14145521fb2a69c266e444cb52,0,1,0,0,0,0,0,0,67,210.49
709,cf6a75e1774965afa44da45f908a6860541c06dd,0,2,0,0,1,1,3,0,361,318.78
710,82d843bad887b2858c94f559d66a55bce37fc3a9,0,1,0,0,0,0,0,0,86,130.95
711,9e63f55890fb19108cb177318098a2e4f021f5b1,0,1,0,0,0,0,0,0,86,130.96
712,dc519a18e01db7182babe13e47e6d3ac82b09361,0,1,0,0,1,0,0,1,130,236.78
713,77879d5b0633e822371df750e524b400304e65b0,0,2,0,0,13,12,0,2,151,246.17
714,f2413f7e34aab3ead05fe16ef3cdbe1c79ca73a4,0,2,0,0,25,53,5,5,596,536.9
715,c10813c98b9dafc269e2dfb7ae38671ea3898f64,0,7,0,0,118,62,7,33,1162,1260.18
716,746be6746f03477f66e120cd70875583f80329f7,0,3,0,0,12,13,0,2,812,564.35
717,d9663f5eb6aed9b61b1d92200d5d0646c6a20c3e,0,2,0,0,0,0,0,0,265,243.31
718,beba91e885c450a4542823da955c677b01d66a17,2,5,0,0,1417,76,34,124,8332,4540.96
719,720c49a277e8d609b271cf94c3b75dee46f9da16,1,8,0,0,117,27,2,27,1424,1649.34
720,0eea2131c0ed8cc68bee8082cf81b40c8a7872e2,1,8,0,0,2,48,0,3,917,1058.85
721,be98e4f5b50dd16ad816c5506f4fc9ce3aedaaf2,0,1,0,0,1,1,0,0,57,154.38
722,e90d7790e7d7611a0101ab2eecf69bd78b7595a2,0,1,0,1,0,0,0,0,55,201.53
723,693a8a9db8df9a59034ce23011026c48c8436e8a,0,1,0,0,0,0,0,0,296,189.51
724,547aea8fe71d93d39c5cc92d035aed9bdd6bf83a,0,2,0,0,0,15,0,2,881,489.77
725,f3f28f8273f2d299eba2024d2b3bc33b255920c9,0,1,0,0,0,0,0,0,684,314.32
726,efae42b47e0136cb284802bfee61922472b346b5,0,1,0,0,1,1,0,1,46,169.56
727,0cf4bcdfe6807f67671fbc60e558f6ff81f0d7c2,0,5,0,0,6,0,0,7,1134,658.81
728,278f77eafd6a03805a3635da0d50cb387a348494,0,3,0,0,27,5,1,3,884,655.15
729,453c8171d9b3472c40d946254d6a6fe1ae59fe87,0,12,0,0,303,288,8,22,1651,2063.79
730,b4c7f55afe4ecfc98bc88ec3e54d5f79cbf3b244,2,10,1,0,3,26,1,2,2091,1423.68
731,090e9f8f10e890f4c1e3177e945d8facccc95cd8,0,5,0,0,31,8,0,7,1527,848.23
732,1954f8252b3122fd467dc2d6c599ee6d56ce1e33,0,3,0,0,8,1,1,4,818,585.49
733,b2b057ffde14e4bb15a8d13f87cdca2d22c1a3b2,0,6,0,0,69,11,13,22,978,885.57
734,76de711564fd7fb4ec1036ad57e844275df0d986,0,2,0,0,24,4,0,0,332,331.36
735,0642a536ba8402c1debd63d6a04481419265a8cc,0,6,0,0,8,3,0,8,1226,836.48
736,31c564a0ac7357621be5414016c2199e72a6a31e,0,1,0,0,0,0,0,0,95,122.45
737,ced475ad6ef5d27733b4656ab636a1cce017d774,0,2,0,0,13,22,0,2,630,410.16
738,7d4e29bc4111ca22664bb3684ce8cb42ad8c4d96,0,1,0,0,0,5,0,0,301,263.55
739,ca5e5f0e9d6f1413bdde3fcfbdfef552bcb105d3,0,1,0,0,0,0,0,0,225,153.16
740,95eb8717509e8058e67c3c5893a14cc4548c7f94,0,2,0,0,10,12,0,2,626,608.84
741,1cb079400f80b716fbb0ad4448a427ca94c8460c,0,22,2,1,16,50,14,43,1682,2272.67
742,bcfd76081d937b205889b7d197d098ca454ae166,0,0,0,0,0,0,0,0,0,45.27
743,3655e91f56a5ef3bfcadc3d0c48601cc78c17d14,1,5,0,1,24,18,0,0,508,785.52
744,6b1e0a42a9cc6404770d3bce71c97aa9eff3c47e,1,10,0,0,130,154,0,0,2427,1960.0
745,325a7c1af6bcd40cef7bc4a2e27138868cc6eb6f,0,7,0,0,0,0,0,0,622,507.39
746,433a0f9089d6c6fc728bfb0d9af779c29e14e55e,0,1,0,0,3,1,0,2,30,143.2
747,c7b8853246cae06c0b7ede8f3657e2db92991840,0,0,0,0,0,0,0,0,0,109.77
748,0e52162d492a7e9141b484bb317451559933c106,0,1,0,0,0,0,0,0,225,171.6
749,d6d4a4fe185c332e1e8f6de5e2f1385f89f74451,0,3,0,0,18,81,4,11,517,543.77
750,7594c1ba49744d9e6ed3a797e1b3b8dc5fe8f244,0,1,0,0,0,0,0,0,30,94.18
751,7a58ca6d8df4fc9fd61f5da7ba190ee9bc93c1ef,1,4,0,1,0,4,0,0,508,687.7
752,ded4585812a540f99189247cb0134f276d821ad0,1,7,0,0,44,3,5,9,727,1155.36
753,b2c2a6031a8e686092801b12f649b498623b667c,0,12,0,0,92,19,10,18,1560,1599.21
754,89490e39b4df040f353df0fa8c5c8c03f17dd7a6,0,1,0,0,0,1,0,3,23,126.41
755,d0c1a8431930359350bd2f536223d5615e5cfc22,0,1,0,0,0,0,0,0,95,131.97
756,8c4bc9f6222b77f6f29f3e42c279647645924219,0,1,0,0,16,0,0,3,246,255.79
757,4aff8fadb7611aa60cfbb0edae5e6347ec46be68,0,3,0,0,0,6,0,0,529,372.13
758,b72fb58000f17815c60ee9816b281eb0bb08b82f,0,1,0,0,1,7,2,2,288,254.65
759,2b37194d05958b1e508e6e3e1891a4e09ea2d00d,0,1,0,0,0,3,1,0,286,220.51
760,a96bdf32395b82e791692d82c5c91f77bc8ef193,0,1,0,0,1,6,1,4,280,406.24
761,c065da73ee8eb58ec9c8c1b800f843dbed8c08d5,0,2,0,0,5,0,0,0,905,650.72
762,04d5ec33b2011f6d275b8d2f9ee29dcafde203cb,0,17,0,1,1451,207,327,638,11208,7090.32
763,aee99e3b91f425cc811f3432c360caa42223db10,1,8,0,0,0,0,0,1,1915,1263.69
764,24f3751f2bba20366c25774f51cdbff976074908,1,4,1,0,0,0,0,0,778,627.68
765,790ad96c50b8d91def38d98231f0142f6d6c0656,0,1,0,0,0,0,0,0,55,144.63
766,775d0522ef359ed6571911235a65271b8af13eb1,0,1,0,0,0,0,0,0,29,106.95
767,e40894eff1a86e995baa6c5683d23d3e86440ae1,0,2,0,0,3,3,0,1,641,382.19
768,dcaf84e356d1538092c1cc9b68034a55bc1eba4f,0,8,0,0,0,7,0,3,1266,944.41
769,d6bdce610d2cdf7d319279c7f2b31f91faa4a4d7,0,5,0,0,37,1,9,27,496,601.24
770,33acfcd657bfdd844960de2d6c816a9be1e6f0aa,0,2,0,0,18,14,10,27,540,477.37
771,2f3d2c0e4845faf62e33c191d152cb1b3fa62806,0,10,0,0,44,16,2,6,1137,974.54
772,b40af751144c1859d3a866195a92ad3ecdd35b63,0,4,0,0,30,37,3,10,1101,769.09
773,2884f888e62dcaee42a09345614998302e3388e6,0,5,0,0,28,20,6,9,735,703.32
774,7b76180c77fb5f5efbb499b96376b6b4374fcd4c,0,4,0,0,1,21,0,0,465,369.53
775,c57d509272f2b32ea2667b35cc4b6889c6ed8d2e,0,1,0,0,0,1,0,0,210,174.07
776,20c1c12804d1d329e0f69b0f9cacc3ef664aa2b6,0,1,0,0,0,4,1,0,138,181.93
777,1fd3a574a14730ffec536fad1183b6dc7653c042,0,3,0,0,30,33,0,7,938,567.16
778,98c267fe9c01223279c8968197acac6df2435467,0,10,0,6,14,5,0,4,311,1068.27
779,c30c366885f4921a310e23fe5129a3cb44a350b5,0,1,0,0,11,2,2,11,101,209.11
780,facfe74ac968d952c1fac258433ab46bae2c8757,0,2,0,0,6,11,0,9,626,562.12
781,53854bb68cb08eeaccd0ddcb59c896b20ceca3b9,0,5,0,0,0,0,0,0,837,507.84
782,d89a63c1157ab956b7f6e1da2dba0ddac42e4354,0,1,0,0,0,0,0,0,250,222.29
783,f0a78bf6d85c4c1f447f0e37f7870b460241b4b3,0,1,0,0,3,0,2,0,86,179.24
784,6b5d8bf8028c04db5d167543d006da901eb01663,0,18,0,0,29,38,3,3,2943,2078.34
785,a6cd2727d02a88a10c910b4b62267aba82367efd,0,7,3,0,3,1,0,0,1362,887.84
786,915bccd356b5512d6a55ee8d35b85a8f01426544,0,2,0,0,6,4,1,4,485,424.89
787,2826d3a586b82ddb227952ad4235f94622a010d0,0,4,1,0,2,1,2,2,574,534.75
788,bffe9edae1de49ce2c627deed6606b7d93a7af17,0,2,0,0,0,49,0,2,273,239.27
789,e6df900909f262177956651c1aa30aa07cacb51f,0,3,0,0,84,61,1,9,694,918.67
790,ab800ad8e49b01558f29c32cbacb00c2e4dee7f1,2,1,0,0,0,0,0,0,548,435.67
791,9a486949a7d4dc941e05462504e5dabbbc391950,0,10,0,0,37,4,1,7,1958,1352.4
792,27f17db6f8f5f6675d5af5f2261f8d75c2a74bec,0,2,0,0,3,10,1,5,749,467.46
793,f306ebf31dd5ea22685ade4f07129c6e1c05f888,0,2,1,0,0,20,1,2,1175,617.83
794,580039208ae12b07bb94e1a924f201e5e923b19f,0,1,0,0,10,7,2,3,276,282.88
795,5f94fe125f2460ab903f203daa452a3d96c7338c,0,1,0,0,0,0,0,0,299,202.55
796,3f56f6b4dd975e4eaed65c9f27d0d50b1b6b5788,0,1,0,0,3,0,0,1,255,281.21
797,6c73383ee2f4d858b5ebe1bf44b00e7b4c635f37,0,2,0,0,0,4,2,2,438,379.74
798,70e1ee304c8b92c50e014944cf5955b438352c24,0,2,0,0,4,0,0,2,790,445.04
799,0e276b5ab0eacfdd4c96d101cf76a0ae7dde4113,0,2,0,0,13,12,1,2,725,438.56
800,22abad7a67a57f26f3bc1a26af4e26d9286e6d69,0,1,0,0,5,0,0,0,141,328.42
801,b0d6e5c9f7b75e876cdf89659a21cb817d032556,0,3,0,0,28,28,0,0,427,408.1
802,820390faf1491004edcd9dcc1706faaa647e18da,0,3,0,0,42,0,0,2,294,423.85
803,a2e2c03435d453306446d19c1000a95089fd8d22,0,28,0,0,0,47,0,7,4456,3505.17
804,4af857ec1162869f0b5a8898097bf2d19474ab15,1,0,0,0,0,0,0,0,0,261.9
805,52ea6c60d27a8588efca28bdd3de7d11a30ddc31,0,1,0,0,0,0,0,0,0,118.98
806,25278e78ed2f51668d35f5c992e305ad43d7f6d8,0,2,0,0,0,0,0,0,268,267.72
807,f5db0f05faaa732f9480a9bde6c4239dcce08c99,0,1,1,0,0,0,0,0,0,124.46
808,1dc4279584a38c1c92d31ec4d6a4331aad0ac909,4,5,2,0,0,3,0,2,949,1050.69
809,15e5d1c80c3eb1793826dc19c8dd88dfd61a5836,5,2,1,0,0,5,0,0,559,753.08
810,72a9a4eaae36c3acd59a46461e1ceaf88bfce356,0,4,0,0,36,0,0,0,933,802.12
811,27101e9626b4a97d4e34ba5ecf3abc52309f1e19,0,2,0,0,3,0,1,4,801,533.22
812,45b9525c1c1a3a3f7a5da0e56be93bdfeb8aab9a,0,2,0,0,4,0,0,0,25,177.96
813,3473ca4ef04c33a2ef4e96d313c3af0f1ca676ba,0,2,0,0,5,0,0,0,24,158.81
814,4a601646726908197a622f01bd7ec194652a22b8,0,2,0,1,0,0,0,0,0,201.84
815,edc48c258d3cad3f876f713a88f22ec43f94a24e,0,2,1,0,0,0,0,0,409,292.42
816,311c3e9095b8da22d684466088edbaae85e1e15d,0,5,0,0,12,0,2,10,1468,1137.36
817,a7c5c6f764100f516573c2f8b965374a4e56c3f8,0,2,0,0,0,3,0,0,327,279.39
818,2f0e62c1a8fb1afd149ed125ebbfa5618c20e453,6,3,0,0,491,0,2,5,10170,5060.0
819,721aaf0befddf81fc88f71f0a53a726e60268b9c,0,1,0,0,2,0,0,1,333,248.62
820,afbead3015c3f32a13b973d6203d971503c38a06,0,1,0,0,0,0,0,4,66,291.64
821,3e06414b61dbfdfd8a05a80d4c591dff18ff5d5f,1,1,0,0,0,56,0,0,43,289.88
822,0e3f8dd1091c221ee479eed1499f388bd7791005,1,0,0,0,0,0,0,0,0,621.67
823,2126f608ed6497d05b97d27cf2862ec2cd4ec54e,0,18,0,0,14,62,1,5,2662,1921.75
824,69588b56b61bf19692c9d07c7c3e94125389d60c,1,3,9,0,11,52,1,0,378,596.18
825,592976b4f202980b25f4b140fc507c81beb1f120,2,2,2,0,1,14,0,0,221,454.44
826,6522483594337fb3f25a4a2b2fb88de03ead440f,1,3,0,0,33,4,0,5,239,409.21
827,5b522404d6fa7a6517d114c2de35ce1119f84e8a,2,4,5,0,0,27,0,5,1310,930.77
828,32e73238c11ea6913315145566d4c758c0d47c1e,0,3,0,0,16,7,6,2,241,405.19
829,b41b238e60d18077dc71189c2237984626294513,0,1,0,0,11,6,0,1,129,199.2
830,96d9c335788a066c569359d77e6649d00ddf559a,1,4,2,0,4,14,2,2,531,722.2
831,dc1f78b6fbfc73d00b9516d24362985148348fd3,0,1,0,0,1,15,2,1,320,308.78
832,944a2a1338a3c027d2ec9bae6da95a112f694db3,0,7,0,0,7,15,3,2,1667,1026.41
833,001b80b803fd9d88fa262642745b7af96bd6bde2,0,4,0,0,13,59,0,18,917,846.38
834,0a062926630fd54a187d0ab91379671fc191e0bd,0,4,0,0,9,853,0,9,9835,3597.41
835,12efa878b8d7fd042c39f7c5578af0ca1120d3c7,0,1,0,0,3,3,0,2,25,154.76
836,76a6da8d266395ea63a3aaf8e592a18c19a20633,1,1,0,0,0,108,4,0,189,347.86
837,e519290e436cc873933ca8c7deced46593eeb758,0,2,0,0,197,128,0,3,156,497.44
838,4cc136fca81bd33339af4dd5c4da88f154859237,0,2,0,0,3,0,0,0,136,167.81
839,4b71dc0ebc1ddaf58d7d1104a0b703bc0c6294ca,1,0,0,0,0,0,0,0,0,181.57
840,9c7e277720d34f3245e06bfdcf4f9d2bfd341a09,0,3,0,0,44,28,8,2,217,628.32
841,a47296f7f97b02170673598bc3d146847f922167,0,1,0,0,12,15,0,0,304,226.51
842,a89d676f826b935baf66f51e9921522f5726910e,0,2,0,0,7,0,0,0,492,341.35
843,38ee5fcecd6aafbef7108c00ff555af240dce823,0,5,0,0,42,1,1,12,1304,823.14
844,2d7132069c3f8cbea3b8cef187abce10059677f8,0,1,0,0,3,0,0,0,69,131.81
845,cfdf3e69006f6b25ae7b0ba7742ca265984bd30e,0,3,0,0,0,14,0,0,896,508.88
846,b69f63afe3e75a203c49c1399bb14cc56fcd9c8f,0,2,0,0,2,7,3,10,261,425.59
847,d6682ffb7b3594491151e664b070f8526fc4fece,0,4,0,0,1,2,0,3,903,621.16
848,56053d3b7164e09fc508593d381051e20fcfb157,0,2,0,0,43,0,2,12,356,354.02
849,a6e720390caee30b88f92da3014fe8b3eea7ead2,1,2,0,0,11,0,1,1,526,422.94
850,7dfcfd11c596143d720fc834e8061c93d4e7a17c,0,1,0,0,5,0,9,25,237,231.7
851,59aa4c658d3288cc3616f60509d0a49190dd6a57,0,1,0,0,0,0,0,0,63,104.33
852,1fec6d186b5bfb11dc3d2384c59506af3f81396c,0,2,0,0,2,0,0,2,97,242.86
853,59a976c463124f38504bc42325d6e109bf45f9ac,0,2,0,0,12,9,0,0,525,380.41
854,9c0f845129ba5d5ebcf2aa25ee1244b0595e27e6,0,2,0,0,0,0,0,0,39,138.72
855,1604c6f3f9d725fe8846cb13fcd0f8cb348bbe97,0,1,0,0,37,0,1,1,63,182.55
856,6fc12bef5cb83b2692519d433f8eec7bf6cf6290,0,1,0,0,0,7,0,0,45,120.02
857,496ab23d515462bc04165db013c3429821d772d3,0,5,0,0,35,12,0,0,291,444.37
858,9b642a54b835595e6eb8343a0d03a10cd0b15cd9,5,0,0,0,0,0,0,0,0,858.99
859,4a354d037c3bf12d725e7766a11a541ada8b1be0,0,1,0,0,18,9,0,0,294,229.8
860,d6c2bb0907efd2514a03d117ac1cc4fa60d3bfc4,0,5,0,1,7,6,0,8,512,1226.11
861,8b7038b2acd8a7f15df9f45fc8beeced5682916c,0,3,0,0,22,39,2,4,516,568.47
862,49cca0d9f516aadd2051413843604890ea8ad751,0,3,0,0,2,4,0,3,907,568.46
863,cc9737abaf6b6e5a117385cfe627c0a9a90b5988,11,9,7,0,1,1,0,0,1707,2416.28
864,c14e573cc03731d83fc7cd7c25afe464d18857ca,2,11,1,0,27,32,0,0,1741,1352.28
865,9e695b576560663a101f7c89bb78a989a2e44241,3,9,2,0,0,0,0,0,231,940.91
866,a75ebdd267c03d46886935faa0aa5bf021292b49,0,3,0,0,6,25,0,0,110,324.47
867,007d365b7da38fb71d4f0d2fa9747a35d6235f47,1,6,0,0,0,42,0,0,173,427.35
868,6224d8b25dcfdcf8a1771a77cbf8619a1d1e6d59,3,11,3,0,0,0,0,0,1539,1396.08
869,210c98ee3f376576af3c6f83ab643fa5752917fe,0,9,1,0,0,0,0,0,292,571.64
870,449e33cdf1c43e75f33b1f2da429a2a26edc8694,1,0,0,0,0,0,0,0,0,134.65
871,c553ed0779604d87f787107a7ef25b962b65e10d,0,1,0,0,1,0,0,3,117,173.5
872,cb239d089f2e185b8f877dd07d57499414b6c747,0,4,0,0,6,6,0,0,1220,678.25
873,1d2d51b3a1711a7d2418e4a35cc6de2ba5115beb,0,2,0,0,21,8,0,0,233,251.7
874,4922a87b54c8ddcc47ef8a3c7542bc40dde435c2,0,11,0,1,28,24,0,1,2455,1604.82
875,77335589c85f65b91c5e31482088ba85969020f4,0,7,0,0,25,83,7,10,1836,1229.41
876,3852009c14e9129f68786262bcedb9c00dc0df7e,0,11,0,0,4,6,0,5,860,908.13
877,30f0216a8fafe8a95b68f45cf0ee34f2e0b9aaac,0,7,0,0,19,6,0,3,2019,1145.42
878,cef74a8db0578dc9edebdb20dabf25fdbcff6929,0,2,0,0,11,16,5,9,564,425.93
879,979d92fa45ee10811cf17ca4474ab9c4aeb7c6f7,1,0,0,0,0,0,0,0,0,143.64
880,8380b2412e52f5a83787f8f6dd905653647464c7,0,3,0,0,6,5,1,5,549,670.45
881,f30ca092fc96ea0e50d0a3301bd2e848c143ca5b,0,8,0,1,51,25,3,29,2095,1408.64
882,86a5180d72bccbaf6bdf50b6351ee4cf94882fa1,0,1,0,0,10,0,0,3,670,368.34
883,71e742267d1fefa724cdcefe7217efcc2165b621,0,2,0,0,1,2,1,2,939,595.64
884,3f1cd1e2fd7943995936aa2475627bdd5ca9f509,0,2,0,0,0,11,0,0,462,370.83
885,6d8adfea897e805d56d7a8bb518b908c17f5eeec,0,1,0,0,10,0,2,5,678,393.14
886,b8030f2661c83595ebaaaf78426780629020ad88,0,1,0,0,2,0,0,3,688,347.05
887,478ba67b49496b2656f53671559612eac861190f,0,2,0,0,108,20,0,0,65,330.2
888,2f99e71f304b3663f2cc7d8bb79172a999525062,2,9,0,0,89,63,5,33,1328,1567.9
889,6877a05efe91c417bf5bdb07d71d5262aca03fc1,0,5,0,0,34,47,21,39,1019,878.82
890,6a72aa100576e0a8a4130462017c13a055df4a52,0,3,0,0,3,14,1,5,1064,620.61
891,c325fcab720418f68cccdf1046afff24d86c3542,1,5,0,3,1315,1,0,0,10336,9722.9
892,75daa13317fffdf96c168d40b8cb712b5413518d,0,1,0,0,6,2,0,3,671,374.31
893,c8889a7087c87df47b0008b665a8e7c6d3fe2a12,2,0,0,0,0,0,0,0,0,222.55
894,1c3c91f9e34d38e68f0c87e6518b83fa4d0ec6ff,0,2,0,0,16,15,4,2,721,519.08
895,2ab1fca35a6d2e89db0ad79b8920807cbb8a4b9b,0,5,0,2,5,12,0,1,1094,1304.95
896,84bfddff34be1f979815f7530dc87d9fe0715612,0,1,0,0,0,0,0,0,255,221.2
897,17bf5d8ef0302240a78299d4f77d5781b5072e73,0,4,0,0,41,1,2,1,943,724.19
898,04dd3262770fc52df2be7bda59ade2abe6de6722,0,1,0,0,0,1,0,0,69,152.4
899,2ac485b64c4a854a6a63c67bdfc58553c57f7afe,0,5,0,0,2,2,0,23,1170,958.06
900,509d6308c76866b2563abc6355799f9391b7420d,0,1,0,0,10,11,0,3,99,461.67
901,dade352715f80a0c74ee688a13cb5c8aafd5c7c5,2,10,0,0,115,3,2,17,1356,1776.52
902,fd446ab90b68beead2b3d97b294d19c5ea22781c,0,1,0,0,0,0,0,0,88,147.43
903,03da50d62cc607b154d801b3709b2f6663d86ac5,0,5,1,0,45,130,6,28,291,622.17
904,ad6ad92e6ffd7d287b350cbf86b65e108b6632ee,2,0,0,0,0,0,0,0,0,299.43
905,4e163c23bb6bd55b8e764d774732177dd211a22d,3,1,0,0,1,0,0,0,161,626.55
906,1e6ccecd47f92e895834e11de8f92a54b0903ef1,2,2,0,0,42,32,0,0,283,568.07
907,f64fe14270ad38e3e78d0a6aa5ecc43070ec31be,0,4,0,0,40,8,2,5,215,546.44
908,43b86fe61f69abba40cdd37519e69ca537d9405f,0,7,0,0,1379,22,0,4,11909,5677.65
909,128821e5b90654aee60c2c37c5e068c63a94445c,0,1,0,0,1,0,0,0,101,183.06
910,9cc51b5f2cc31cea6ace8deae81356fea4d9ed22,2,10,0,1,153,47,3,26,1530,2074.07
911,5e4c5ce61bf5fafd5ea73ccc3da09f5147e456d0,0,6,1,0,53,29,1,0,274,622.98
912,cc549fbecb98766e14368a83292bda4d3eaa675b,0,1,0,0,5,0,0,2,153,197.57
913,41635b264612e474c4c345a91f2cd9d6ec109862,0,1,0,0,5,1,3,13,272,264.37
914,b55b26d790bee95fa53078e85d8aa5dc86fc6193,0,4,0,0,21,23,0,1,688,507.68
915,7b8542c8ba2f5d19bec343248a720d6a924bfa2b,0,2,0,0,6,14,0,0,640,440.98
916,8b6138827d5583880f4cb7fea01aa36e3a54c55d,0,1,0,0,0,0,0,0,86,113.19
917,5a5f9aa3d26723f1a5985515a80a4a4aa6485acc,0,7,0,0,21,7,5,12,613,713.99
918,ce4978f14d6005098b44192ae437c5afc8808c3e,0,1,0,0,0,1,0,0,55,105.71
919,b3680921f4c58c7e57b6c5eea063e9dd41b09abf,0,3,0,0,4,2,5,11,628,518.4
920,81d713a7cf921b6c67a39aaa7946d44a57dabf2c,0,18,0,0,118,72,3,11,1690,2096.94
921,796d8ff8bb950f37d4a77b4c70efb53f96268bdc,0,1,0,0,4,0,1,2,41,217.6
922,713710b5fe90d0416fc81b99809b12b17a8d54c3,0,1,0,0,4,0,0,3,90,136.1
923,fbda616f682362053f3a11b9f4bbdd725c9b38fa,1,7,0,0,204,8,2,9,1304,1350.26
924,d2127c7c804c371a34d6be37b2928a22711354fc,0,1,0,0,22,21,0,0,254,234.22
925,03278afe5914f8bef96d24f2481826d372d6f0ff,0,1,0,0,0,0,0,0,213,145.88
926,633fd56aa1e9259885f12512dc952ecdf24fb68a,0,3,0,0,15,2,1,7,87,287.85
927,c9c6a2e11bab1cee04fa3d95a3d7322882a4e354,0,2,0,0,7,0,2,2,336,372.07
928,211c77fa5a6414a6333564ea14ed908f81714c86,0,2,0,0,0,0,0,0,1029,526.11
929,84b39205eb67d9445d3cdffd99a8ac510b294ea5,0,2,0,0,0,0,0,0,426,311.06
930,24dbb2d08f1e9ef5776e381a4079573554b3a1f3,0,1,0,0,0,0,0,0,13,87.07
931,b87be16012a1a4184c88f73563e5feb55f1bf75f,0,2,0,0,1,0,0,0,131,164.3
932,1de68638ec1112521b2d7229f080674753c09f0e,0,2,0,0,5,0,0,0,251,270.06
933,5086f498d4d23c3f1838e95f6dc25a0a8254f1fe,0,0,3,0,0,0,0,0,0,110.55
934,29a5d5e2d3db58954068a289edced56fb664c3f8,0,1,0,0,0,0,0,0,216,140.18
935,73b7a02fe6363f5293187730bd063cae7c1d80dc,0,1,0,0,0,0,0,0,273,198.37
936,2b69c401cb80ced5b14860d96a76ba01660d71ee,0,21,0,18,297,118,397,853,15914,11558.91
937,c1758b2a7aaf745d99dd81753dcf3d5e4de566df,0,3,0,0,11,25,2,0,518,399.6
938,8c26d832a2c943bb2604715697676471c91e4e1a,0,1,0,0,0,5,0,1,84,142.54
939,75c031da3729588f6a796f095f71738d47b82d6e,0,1,0,0,1,0,0,0,150,156.92
940,7d2115bf8bad64f69a23647dc05be817d5f1a684,0,15,0,1,238,14,12,36,14390,6028.73
941,0c9a3ec33fbf14658c48170ee92793b318572459,1,0,0,0,0,0,0,0,0,120.98
942,937d5c5887de5034f00d4ed956d64224ab5318d8,2,0,0,0,0,0,0,0,0,193.11
943,da9bb888d6afbcb683682f7f268cdd199f161d5a,0,6,0,2,53,91,5,8,896,1226.61
944,317cb6e1f7fbccdbdb663d036274dda0a48a2f2e,0,3,0,0,9,2,5,20,516,506.89
945,6675da3b1346f1a3b29d18d8bac9dcd9b62a7655,1,2,0,0,1,4,0,4,769,527.27
946,86eaf906b7fcb33081fc505bea7e54ee29243bff,9,30,9,0,43,13,2,19,3628,4442.01
947,9f7ceaebec5d21a8ae5d0b9134ffed1a5cf9eec5,2,10,0,0,26,250,2,0,2250,1733.85
948,e7e41d2838cad427a9351abfc56210f7cc83cec0,0,1,0,0,3,1,0,0,168,212.26
949,57eb17f1af6d55059131b62ee7e6e5e7b7bcb191,1,4,0,0,5,57,3,6,230,532.61
950,424b79babb6d9c2020460970fa271bf7d275e77a,0,1,0,0,3,0,0,2,78,150.41
951,d837a3bdacb7b12058c4f34d35754a15a110fade,0,3,0,0,13,4,0,0,68,243.91
952,6d785c1841ee0c274bd9e4cd885b44de44e583ce,0,4,0,0,22,0,1,8,175,379.75
953,af399a537fc606ad6c6686268bf481483f2a4bff,0,3,0,0,13,9,0,0,348,366.31
954,700be6e093b5b67a41f3a5caf2171453a00aee6c,0,1,0,0,1,0,0,0,97,147.81
955,443d244ab81fed15ee1874e6355fa921f4f6c1c1,1,2,1,0,0,0,0,0,210,397.94
956,bcd22dfed16505baadecd2afe4838565398a10cf,0,1,0,0,1,0,0,11,98,160.94
957,65b918e03a7e88d524feee512d6c6380292264d4,1,7,0,0,44,11,1,13,1424,1456.34
958,6e9a373b107854fdcfdbea3ad7f2e0803454f936,0,2,0,0,0,1,0,0,452,346.38
959,e98796632b8a564e5e30eb00e78dc80466894f3d,0,6,0,2,65,1,2,3,807,923.3
960,b2beaf4bc6a7eb176898d30a3be20040f4e8b232,0,9,0,0,117,0,3,15,1588,1551.8
961,3395bd0a817c1d0a8e8cba6c71e6bcc56aa5e8d2,0,9,0,0,126,17,0,5,1069,1188.2
962,60a3008cd76e9fab7e959f91f6c4527f80d50dac,0,3,0,0,102,93,2,6,289,629.95
963,443d534198a793eb295b483e8083efaf673beb02,0,10,0,0,1,11,2,3,282,735.06
964,0095f0c68f640a8aa8c4f8a8f24c0876861c004c,0,86,0,0,51,127,0,32,8760,7027.65
965,e7daed25ae7e76b0b794dff0457f630e832ff42b,0,1,0,0,0,0,0,0,385,337.08
966,906b486d7f5abeed8d0a18b7ddb457a5ed2ad9fc,0,1,0,0,0,3,0,0,382,325.53
967,49263937681fd4f395722f349e04d3f6aaf8e3d4,0,8,0,0,22,0,0,3,1410,1189.11
968,17f3dbb11bd8b3571bae657b83512742f567ac74,0,6,0,0,6,9,0,4,1844,1222.69
969,0298fcabd47ef02b2d58217e1d33f1aecf9f170d,0,4,0,0,24,0,9,16,1586,1047.06
970,468fde03e092322e457e4c8a9b93e70991db52f5,0,14,0,0,23,6,4,13,1753,1640.34
971,58a1710edc83ac2a7bf0e61c4f611a9bb5d1ef6e,0,3,0,0,22,4,3,2,186,386.59
972,3f33496c8f5f1b96a4b119a4d9ee717efad0e12f,0,1,0,0,16,5,0,2,51,194.72
973,50e6df689e1f0c69c07bc4079d18ea3ab340e5fa,0,6,0,0,60,11,2,8,1251,1031.44
974,6e41b41adfec8ebe065081e82e57f53be8e71b60,0,2,0,0,0,25,0,0,203,233.53
975,3c19232a7c8dc881843e8e89f8118ab4a1371996,0,5,0,0,0,0,0,0,1012,693.56
976,b13a63474e0cf379795ba5480e8d683f4ed2f259,0,2,0,0,33,5,4,5,213,400.31
977,3aaecf9aa4baa4396af8eb153dd081dd05ac2061,0,5,0,0,182,45,0,7,545,1087.1
978,405524ee6d87f088c121b797775ab8e5bbf1b57b,1,5,3,0,1,0,0,0,12293,4222.75
979,ce72431d4efbf8f4d6fdfeb5b188c0799cb81728,1,10,0,0,23,29,3,22,2299,1601.09
980,1f9dd393f1cc9a5620714534ccb8f3e87dbaa9ac,1,1,0,0,58,1,4,14,11966,4583.42
981,17feb0172488542c7f7c40e977a5599f41bf53e1,0,1,0,0,1,2,0,0,64,207.12
982,5630eb378d927bba8eb0ccfa083436b2a2052c32,0,1,0,0,9,8,0,6,374,427.68
983,c613fea68837729dd122721d319faa6cc1670028,0,5,0,0,5,2,0,0,521,510.0
984,2e09ef319bdd04a681e936d4bc51e257e0d85ace,0,1,0,0,4,0,2,9,37,155.82
985,5fceac17438e4c8c176445b0b65b025be9e2627c,1,2,0,0,0,0,0,0,164,362.2
986,a8bf985be53318807ac8fb28cb32146677a716ab,1,0,0,0,0,0,0,0,0,230.52
987,bf98ec94eca061d2dbe6eba0472134cb334978a6,1,27,0,1,62,35,6,21,2806,2646.36
988,59c09e2834f7cd13c831d5db66734215f26200de,0,1,0,0,4,0,4,16,148,218.25
989,d5ae4c4bf3ede8129346c2f2c026d11ee123e8ee,0,3,1,0,2,6,0,3,1115,657.73
990,4d99ad4bd9ad1f91b41dd87bdde85c944591c4df,1,0,0,0,0,0,0,0,0,222.14
991,bc2529f1b3e045fe7e042439a85786b677fec866,0,3,0,0,23,13,2,12,435,433.42
992,081538ad0db4e961fe975ae0a3146802e1a942c2,0,3,0,0,15,3,2,5,817,714.83
993,9f65dd42188698fe6862d42aa1540e496716089a,0,4,0,0,10,1,0,0,452,417.41
994,cb0415d424a7c9ab5caf9692107445b634f44579,0,1,0,0,7,0,0,0,73,157.16
995,8e5dba18513b49ea14da0b9a0d586eb1573173fd,0,3,0,0,95,0,0,0,290,486.22
996,0de8e54bbe27db2df3f7a89d2d6a62741f68383c,1,1,0,0,4,0,0,2,163,258.28
997,7fd4228c84f7e1eb43dd870239e1a79e9b0e95d4,0,7,0,0,44,12,4,9,1604,1114.6
998,caf057f3ca676381d09775bdb70cc7f81bfea654,0,3,0,0,0,28,3,2,1228,648.93
999,a89fd2a3388a2f222a78d28e4715d37ed60c3975,8,10,0,0,80,157,2,1,1997,2531.51
1000,4d4ef96cd2268d9616df98b83cc1bb2564f786d9,1,11,0,0,0,3,0,0,973,1170.7
1001,82bd54dbdaac502c87805d569f24a98daf720c7d,2,4,0,0,27,8,3,12,1452,1147.27
1002,201b7599b2c0976cd0f0b6173e959518ad538efe,2,2,0,0,2496,0,0,0,12357,6198.82
1003,7a75b63b2659db34306f7000a885c102859720f7,1,19,0,0,74,26,5,33,2066,2018.69
1004,8d72fdc817e044075e6e61069954de0185b55c92,0,2,0,0,96,6,3,16,751,654.83
1005,b3e1e7a569c4ff2297bc1f512c4c53452527cbb7,0,13,0,0,31,22,4,3,1040,1207.69
1006,33a9f349f3421a7516c5ca7328834064155c21c2,0,1,0,0,2,0,1,1,67,169.89
1007,1dbcd39b45b5c3a8284a3fccfeb5bab9f85f4216,0,1,0,0,2,0,2,8,764,427.29
1008,fe34d59766a84185c6d7943c556f59dc4635e04a,0,9,0,0,11,787,2,12,15567,5769.21
1009,d411227715059d07ad73ab1f31d6e0dd96bb1fce,0,3,0,0,9,2,0,12,465,492.92
1010,8a010c82cc390fde157bb1d5c3192b0205c7a802,0,1,0,0,0,5,0,0,32,114.89
1011,52a4105d32a894f2f6c9f35e6feef4767cfa419d,0,1,0,0,2,0,0,0,8,127.78
1012,6fdad7fd0e8c887dcaebd07b5ee274a3886b1976,0,2,0,0,34,66,0,3,696,499.47
1013,d931457cf57f2daa3b46af84620184abc7319ff6,0,1,0,0,0,0,0,0,217,173.31
1014,d20d24adc1b642b1c114f7a2e5885d5a0e2c0ede,1,4,0,0,47,21,0,14,586,694.43
1015,9811668a10cd6b8960378aacf31156adb4a4f8b9,1,1,0,0,7,0,0,0,38,204.23
1016,c1d34fbf48492155dded21a04fcace617cb43c31,0,10,0,1,13,10,0,0,1443,1226.53
1017,f3bb9acfd5549aaec76e4e5ebbe84e4b54b23f6e,0,12,1,0,85,43,5,14,944,1332.39
1018,790cca1e45d4687b43119036501454ed70479cee,0,9,0,0,25,25,6,12,800,915.33
1019,f3a4e1736b2fedb84abc27c23ae1f299fde3def6,0,13,0,0,84,1,77,125,15550,6005.47
1020,64f443aa9652fe6d7e37b8ea928b5a439c399eec,0,3,0,0,3,7,0,3,342,650.99
1021,a07e71cd1bacaa3d7dcc16b340e0b1ecf51d36e2,0,10,0,1,15,9,2,3,791,943.16
1022,999fb4d3c32f1a3744440124e29d283efba8d71c,0,2,0,0,9,0,2,9,492,396.8
1023,dd787f7fcba042a87b7627f96ea808c5e7e6b1ef,0,3,0,0,0,7,5,13,524,527.71
1024,a77423c22a3a315f0b21764b748bfb5c988006c1,0,1,0,0,3,3,0,1,52,164.58
1025,ec14dda39a548887a3e0d95a234c03f50880a941,0,3,0,0,7,4,0,1,57,226.35
1026,368e2a84f40397f3f7efa84ba4a0495fd786f925,0,4,0,0,23,2,3,6,348,536.37
1027,784a71ff6c722de2f3e950eedf17ce31ca43711a,0,3,0,0,7,14,0,1,296,376.13
1028,970a15a52f6fdc68ae75f276c05bfdb98ff813b2,0,1,0,0,0,0,0,0,32,97.42
1029,1fb70ac9310aa0c97aa44bfd2b9011c5af2a69fc,0,1,1,0,70,0,0,0,104,276.9
1030,0a9a17e5cbf202a26b3cc21f71b389c149fd71f2,2,1,1,0,0,0,0,0,33,315.06
1031,79e9a80b2f6ca205b5895075ba93180129197594,0,13,0,0,28,46,6,28,2565,1782.32
1032,5bf3ad0760dbf3372315ac54293c8c9693e070dc,1,6,0,0,12,32,1,4,670,729.74
1033,16ba403a0f68e1cb3a8542b9f9d2c91b01113519,1,12,0,0,138,104,14,45,15611,6745.09
1034,2e1b1a53c953f183210052ea10b06c0818e427ed,7,31,0,1,269,281,0,0,3212,4551.22
1035,3c0c5a60790ffd6623285e3659be4814c8493042,0,0,7,0,0,0,0,0,0,170.23
1036,a5fa451c2b3eaf3d98b1d158ecc9367718e98941,0,4,0,0,8,0,0,0,768,556.77
1037,7a4a7090cbeda4fac08c606ed52cb29a9946ccfa,2,12,2,0,63,63,0,0,952,1391.91
1038,c59a4fc4bb2265bfc20dfa3d69cd53f8aa4100dc,1,0,0,0,0,0,0,0,0,157.54
1039,bc83a65a616ca2f7b995cd4bea12729c03acee33,0,3,0,0,874,2,4,12,14432,5667.44
1040,0f2caaa4e92feb076a76142cd0d08b0e103f7026,0,8,0,3,28,50,0,4,271,1277.13
1041,034619317ae8d1206c7b5325a1f8bb6c3b17a0b1,0,2,0,0,0,57,6,13,696,420.45
1042,c75230c3a1b607570486547b0c2f2c64c2a9c76b,1,0,0,0,0,0,0,0,0,310.99
1043,6ceaa06d93e7f00cc70fd2afbf74f0a6359feb51,3,0,0,0,0,0,0,0,0,200.34
1044,71c51f11ddf7314953f87ed482979357dd0d7d3a,0,8,0,0,142,111,6,11,2832,1792.17
1045,d338a977e3ae0f36917ccc29ae4a19e40e8a0402,0,2,0,0,0,0,0,0,348,265.3
1046,cb3455f30ed23aec7968411e1df2377b25608c31,0,7,0,0,31,627,133,259,14793,5604.81
1047,c68853a5bf6aa82e78f1d35749316a6da3685f6a,0,1,0,0,3,4,4,2,114,207.87
1048,250706accd0e9ac923cbebb926ffde1152ed2a8d,0,3,0,0,74,18,4,9,391,548.3
1049,899cfec721f1d53506f489b6866efd8cfe989b4d,0,1,0,0,23,0,0,5,114,172.3
1050,bbaaaab9816fabbb56d2a93107ea330b21f08dbd,0,2,0,0,3,0,0,0,281,239.29
1051,40193d2ef68695601b951530a0ca3ad3ec46fcac,0,8,0,0,27,0,0,39,1152,989.48
1052,a63f5b67d7376cef48da2b2f6e0eaec159f7a8ab,0,1,0,0,3,0,0,0,28,123.38
1053,c5e97fdee4a44b5be71d832e3ffd91c91f8dd2ac,0,1,0,0,0,0,0,0,350,186.54
1054,40df0ce87e4caea897164a1b93dbb72714521836,0,3,0,0,0,0,0,0,229,309.22
1055,2acfb43599fd06f8d422478c023e35e2e56bcd4c,1,3,1,1,14,1,2,3,125,583.02
1056,45d8fc50cfdd35a9c1087d0ad2f9268a0d243536,0,3,0,0,3,10,0,0,1322,627.99
1057,f731c92081c4fd724b8bbc542a3cff39072b723b,0,1,0,0,0,2,0,2,158,212.25
1058,969bdbe4f429596d09c75a502495224cb8e7e753,0,2,0,0,10,4,0,1,165,256.41
1059,78cbce144c86cd376fa30830a82b94a35d2d93b0,6,3,1,0,15,12,1,11,374,1020.35
1060,f2c38f8feba906e0bea73a9a49e37d7c4bfcad23,2,3,0,1,20,0,0,0,505,889.63
1061,29ec9f6aa05cc7343bb2323c3580830573a53e5c,0,1,0,0,4,0,0,0,87,165.27
1062,e649d0f4d549746c695dc135230b1985af145e73,0,8,0,0,372,736,11,32,14329,5610.96
1063,2db783096aed6c76a1b16afcd2d3c44e49a4f11d,1,1,0,0,12,0,0,0,19,231.17
1064,2ffd301aeaa6eb4f106481f2a01df2e5d97bc307,0,10,0,0,48,17,2,22,766,1083.12
1065,d03ff00ec8c15e581d484fc1e904d350e563e7e7,0,3,0,0,3,0,0,0,411,364.66
1066,1a7aaf5fa96965b6ada2418c72ce0084efbbe8a1,0,3,0,0,42,13,6,5,184,388.34
1067,f69947c2fa7cd5a2a3d085b67346c8976f9b5864,0,1,0,0,4,4,7,10,493,342.36
1068,79edac4893a0e4e13617f86917c46ac6e9a47516,0,2,0,0,2,0,0,0,264,255.86
1069,656bc4d777c057e7074b5d7c527b816025c9ff54,1,16,0,0,12,18,0,8,2777,2000.95
1070,a49a66e8f1cf2ae108e95478bd52edde65868227,0,1,0,0,2,0,2,10,772,461.23
1071,3536c6b5518c6e82d573bb8ead16a82d6d8e2b97,0,1,0,0,21,11,2,0,102,194.71
1072,ff59b8ebdaae0f0de6d4f3143c8f637def7c6b69,0,3,0,0,25,1553,0,4,12504,4184.03
1073,14bdc6570d08567f1d8f8697b6be3984425f94e1,0,4,0,0,31,35,3,3,722,649.43
1074,7ecd33ace493c9b8964a0bdba55235c547804f99,0,2,0,0,3,3,7,15,545,461.98
1075,8d71923e7fdc854a1913a050da77bfb9a6b75c2b,0,8,0,0,6,2,0,4,2425,1395.2
1076,06fad6a83d8a9c01a89941c954315d7c0e43784f,0,2,0,0,0,0,0,0,456,302.04
1077,cb1ef7617092530761a32ecef97617d990a2d6b7,0,8,0,0,20,20,0,0,493,624.1
1078,940527d66484aa18a70820b908a096d097e05e9e,0,3,0,0,15,0,0,0,152,287.79
1079,48cc1f161f55e83dc1877d841aea8a4e203a61b7,0,1,0,0,0,4,0,0,77,128.08
1080,5152a59552a12f5af47f3b4e5a52770ea5c7b7fe,1,2,0,0,2,0,1,0,125,569.99
1081,35fee5d6419ccc375eee4cfad34170723dcd4ed1,0,4,0,0,5,0,0,7,154,401.91
1082,b540d6962a2854fa83e9dbb29f9e761c878a7220,0,1,0,0,12,0,0,0,193,206.38
1083,45ecc390e56920cb2bf36d86ce4f3cc2bbccc544,0,3,0,0,66,43,0,0,355,516.65
1084,90862ff5c8f3eea68ae685836b92b98059653b38,0,2,0,0,21,4,2,0,328,311.72
1085,cb347ed50fba3b861209e51ab7a26d0fab744e3c,0,1,0,0,26,0,0,0,215,211.98
1086,1f37cd5a5722872c027c948914ddd9770aea2692,0,2,0,0,0,0,0,0,375,248.73
1087,5f02798d9e1f297c5ab3aea8cbe6bfc42bae061f,0,1,0,0,0,0,0,0,241,196.1
1088,5751e2344e65755a1704ffadef5686b6f3bb5dcd,0,1,0,0,3,0,3,5,241,267.17
1089,fcba8b889750d25fffc045b86936f5f98967caa5,0,2,1,0,3,30,1,2,139,310.44
1090,75e832aa7ae2f6e38050b9c8c87f1c7a8e84bce7,0,2,0,0,3,13,1,1,247,315.6
1091,e70502c094194fd41d69c1bf8356255a8783a21c,0,1,0,0,0,0,0,0,345,225.38
1092,d087f862efc0429f702033c298a462747e38baf9,0,3,0,0,0,49,0,12,321,384.14
1093,124047102e3e4a53a7907a76c0c8235bca4e4238,0,1,0,0,8,0,0,0,244,264.31
1094,21b617af39abf6cc95276f4f7606285fd614083a,0,2,0,0,9,0,0,1,112,260.42
1095,934c30cdb8c39a82f705fb2d2d25329194f98b84,0,4,0,0,18,12,0,2,186,414.3
1096,2e85d518f02533dcdaf35af9a1915c7c8ca9c767,0,1,0,0,1,0,0,0,69,198.71
1097,42c84ccfe1ba845b5a3c3f58376ff444eaa079b8,0,1,0,0,3,0,0,0,252,219.35
1098,31297cb736fc9013d0906a2f7f93d52769b66461,0,1,0,0,3,3,0,0,252,277.31
1099,39fd4c240e09b99d9988fda537965a85075e8827,0,1,0,0,3,0,2,2,233,244.4
1100,e83ddb6f98e2394ec51a6c4e78dadeb58d2c9d49,0,1,0,0,44,54,2,7,46,504.54
1101,e9fd49d190183e2eb41b60ddd744ebc33dd244b8,0,2,0,0,17,0,0,0,536,339.94
1102,ea9dbc8a18ac77f56025d6d25f63d99431d872b2,1,6,0,0,964,28,1,23,14224,6012.49
1103,261885ea2a016c606436b43bf84c17bee922d62a,0,2,0,0,354,6,12,72,13419,5112.28
1104,2bff10641963474a73a989237b7325775f001ca9,0,3,0,0,17,7,2,3,1067,764.57
1105,71b84e43f0582bd878c6d1be3462086bfcb7b067,0,6,0,0,20,12,0,6,1139,1150.11
1106,6ebc3723eaaaa4b998fd1141964c200e3e8a8780,0,9,0,0,34,41,4,19,1236,1305.68
1107,3affe78cda8259242bba77a8ab8973347c827ef8,0,1,0,0,0,3,0,1,176,225.73
1108,44e6a2843b0cdc47efd26b78728b6d2e77d3f165,0,3,0,0,25,0,0,1,238,463.97
1109,c71d1818c517097a9c6bfe71f4b9895b689d95a7,0,3,0,0,0,4,0,4,109,300.34
1110,1bb9e74a90ec6f2c8a1ee316483289fc13979e0a,0,1,0,0,0,0,0,0,776,358.87
1111,87cebcd7765e88afff76d5c88c5235921a3aba82,0,1,0,0,2,0,0,1,267,256.74
1112,4ed5281bf54c4f2032950bd7e99187bb9b9dafd3,0,3,0,0,57,5,0,2,1172,888.13
1113,00bc8da0f3ec08aba0e43b6527f234ba80b7e2fc,0,2,0,0,0,0,0,0,442,248.18
1114,b87681eeb7455178ed1c79727b898130b124e1b8,0,2,0,0,0,2,0,1,271,288.62
1115,b91c4d406b70c9b8fc4afe155ee7e8369b1f4423,0,4,0,1,25,0,2,8,475,587.4
1116,cba59a81e6dd08f72e920f55b28752f979a35cea,4,88,0,1,420,94,54,134,24888,14774.55
1117,bec8845a46e97a27903cdb14daa6b5ce1b0c9db3,0,1,0,0,16,2,0,2,33,172.56
1118,1631beed8c4f4052771f725d114e1ae9d618fc4f,0,1,0,0,0,0,0,0,114,128.1
1119,c924ce55eb25e712a71ec57b09ab79ea098c7323,1,3,0,0,32,32,2,0,359,587.26
1120,8c323b80e87d90e1eb381ba9f331b780d578fdc1,0,2,0,0,4,0,1,3,131,501.4
1121,676f1cd96737e19c8455feca3d2fdfbf92ad1c1b,0,1,0,0,0,0,0,0,59,119.26
1122,7c9191f66a985df6f0726c0d0df07c8cd8b04860,0,3,0,0,3,12,0,5,1589,886.7
1123,3f92ee2f0d7364f0368426a3fae51e883746e08d,0,2,0,0,0,0,0,0,86,171.81
1124,e9d32d80ed81207d7a41ca750d6d96b4e84e6528,0,1,0,0,0,0,0,0,95,103.19
1125,7cd412bba16d39dfab04bdfdc401dd6b5c517094,0,8,0,0,102,27,7,18,14831,5524.21
1126,342f628a0a724fdf916945348eeb018eb9e333c3,0,8,0,0,0,0,0,0,740,629.62
1127,95a03671bae0a0adb9c890c5f40823cec056cac8,0,3,0,0,3,0,0,0,895,504.53
1128,242b717f3d3367e0db61b39a35e8083d5bd9af84,0,19,0,0,60,16,2,4,1538,1867.86
1129,d8342a7736f11f6023f8e9c06d5daa93faadeaa8,0,7,0,0,8,4,2,6,723,681.84
1130,7860b138e3a67bb5e795623b27774bab199da2d1,3,16,0,0,132,12,17,44,3386,2732.72
1131,24372e1de1d2fb6a3597cfb93110af22d9d1e724,0,1,0,0,0,0,0,0,95,117.64
1132,f4d36dbede829bd30bc40d2603cd8d6b103e541c,0,1,0,0,0,2,0,0,450,284.51
1133,0f2c4777b85f7bb4a78b1ad183b842982c74fae7,0,1,0,0,0,2,0,0,269,237.26
1134,40d3fe48d6ac3db4102316a6a2d9920086031705,0,5,0,0,52,0,3,7,909,697.25
1135,acbcc4b52d26f7c74c6870bffb8a62fe367735c5,0,3,0,0,10,39,0,1,857,519.92
1136,fd5ac001560a2c514f87ab9b0ffe97059d1ed670,0,0,1,0,0,0,0,0,0,75.32
1137,f0a396947afcd40d8ee397c1b4515d0b9c9c4304,3,15,0,2,59,176,6,17,1296,2186.02
1138,b26f8ea4335a474bc0d2f45c856e03b6e69f7ece,1,2,0,0,12,0,0,0,523,502.36
1139,8656417964680c23ea431ad1889561cd37691cff,0,4,0,0,184,25,29,87,541,1003.9
1140,5f10c6f089a54605b18da65326efe68a276e66b1,0,1,0,0,0,0,0,0,181,418.16
1141,38b4b1dcf1b70047ddaae89bbfeb66fd6832d59e,0,3,0,0,0,174,6,14,13806,4725.02
1142,4ec42b90a0e878ae1f34679f8ac4a71bab9b58e4,0,2,0,0,24,23,0,0,72,273.88
1143,88fc353f67832e8a32d5747af0789ad14c43b557,0,4,0,0,3,10,1,0,351,397.94
1144,219050858aad38efaf99ad6ef94bf1fa394d0be7,0,2,0,0,7,0,0,0,62,199.08
1145,1e616a129bfb7b05fc23c55c38ab0d8571199464,3,5,0,0,28,81,3,14,1562,1321.6
1146,b39c578581d9bcc340743a98c189462af210ebbf,0,1,0,0,1,0,2,1,119,249.12
1147,f8d43ed460ce8170013113534dba79707de71d73,0,4,0,0,3,0,0,0,579,470.95
1148,34e241accdc2ce771a9dcb0a8b1946c142d6786d,2,13,0,1,140,111,0,5,1352,1867.83
1149,442b1975602b30e2d664dd3753fdaad69f54b341,0,3,2,0,213,0,0,0,161,575.93
1150,78efa02458c5008560717d70ed42bfd53d29ad7e,0,2,0,0,54,0,5,10,1178,636.76
1151,2797a473f98bc5c614df0fc5100b5cf67b4af842,2,3,0,0,3,40,2,3,142,415.38
1152,7cabd731af38ee15ec5f5c421975fa2727a8bb4f,0,1,0,0,0,0,0,0,775,352.22
1153,47237ec23e4405308ae6de975b79cc1240c42dc8,0,3,0,0,0,32,0,3,848,541.74
1154,48ed0496a2afe849173141b918407d08027105ac,0,1,0,0,0,0,0,0,36,100.74
1155,3cc4ee3df22e0a09d9ee2606e7d15913677fdbd0,0,1,0,0,1,0,1,4,269,254.2
1156,bfd9ce9b39383d9a468ab66e3d2132f2db4acfb2,0,1,0,0,0,27,0,0,243,227.33
1157,4b4762e30b4b7cc0a61e34c569bd3d30e96c0d55,0,2,0,0,17,0,0,0,377,345.0
1158,d8755b3a13c39b2ebc4a3d6257fbd24d14b019a7,0,7,0,0,23,26,1,0,1208,992.64
1159,d5968e6b6098305f0b5c4889dfc790ed82ca908f,2,5,0,0,22,24,2,3,893,914.94
1160,7665b762a9439a4b9d7561a7557b709b0a65376d,0,1,0,0,46,47,0,0,5,471.89
1161,034e7a07b836d40035cfcb1d6e83d6d78e4acb0d,0,5,0,0,3,17,7,13,537,557.61
1162,35db73cf758657fa018d00d5b56961749d421c72,3,11,0,1,90,11,4,15,861,1566.51
1163,9c06e5380693ee3cf07858e6c53d118c70d00827,0,12,0,0,9,1,0,8,1390,1445.77
1164,0ed749425cb1d9c315e6fd58eacdc26055bfee5f,0,5,0,0,4,8,1,6,947,747.85
1165,72854b428332451ede48971cefbcacc7233edce9,0,2,0,0,12,12,0,0,125,223.96
1166,059e5f166b7956ca3127d4e1c4fd05d0ceeabaf2,0,2,0,0,2,2,0,2,392,374.74
1167,b6e8b98993e5c4c160d9ef0cccb9dfcb46ae908f,8,1,0,0,0,0,0,0,73,1054.61
1168,9e63ce251a0f3e5330a3158f9b8eb73cee146e46,0,2,0,0,47,0,0,1,394,414.46
1169,e24a9aad46905097099b53c655e57f09eb84f7b1,0,1,0,0,5,0,0,0,288,242.16
1170,b10562b003523036d74589c69241c95909836d33,0,1,0,0,0,0,0,0,293,183.65
1171,86af3709eac62149affe6a6fa69da964cea46563,0,3,0,0,19,2,0,3,538,495.13
1172,5a45c551014a5f2950715eef1ef0954cf9f62b08,0,1,0,0,2,5,0,1,300,271.11
1173,ad838b00a5d9e108f328374a6997124fcf137e16,0,1,0,0,0,0,0,0,302,260.45
1174,5d7bdca55c32af006c54196317c49b06e445c0c4,0,2,0,0,6,3,0,0,365,288.21
1175,1067d37302e07d0130bbe6ec6beb4bab32ea1a66,1,9,0,0,0,80,0,0,896,939.1
1176,d0056e8ef2d947a9769593cd9c01c229ee406187,0,1,0,0,2,1,0,0,54,150.66
1177,e34bc868d0bd42cfa07e8a924a720077f44c209c,0,8,0,0,84,30,5,7,552,785.59
1178,aadfa6a334135e1f9f7b8eff827941ab6e588d2f,0,25,0,1,112,77,7,24,2055,2978.04
1179,048eafffbbc25d238de89006bd748271614bcc41,0,8,0,0,2,26,2,10,308,704.0
1180,5531a7f5db05adad04d393b4ccffb6d87d806ec9,2,6,0,0,14,7,3,8,543,1168.72
1181,cb00345edca00a2cdb3b74d5ca0ef2ee97e59e16,0,2,0,0,3,0,0,0,310,308.88
1182,97b45898c0261bcda1ba2245147f3de517e44a74,2,3,0,0,52,0,0,6,744,801.87
1183,4ef44c62172744352d02fcac8f0f42710b1a037e,1,2,1,0,0,0,0,0,276,340.0
1184,45254e10cc06caf47be2457c1e371ae91e81750e,0,1,0,0,0,0,0,0,551,304.88
1185,6352995c8accf1be84a781d091625a4ee8033f90,0,1,0,0,3,0,0,0,551,321.63
1186,18fe1ebeb3071ffa0e2cf9723fd4a41a2568f9c1,0,2,0,0,0,1,0,0,396,299.48
1187,31c40fbe18fc04870595ae2a7111c72bf7f33b4c,0,2,0,0,1,0,0,0,396,327.31
1188,524290bf738f658d94e0cdaa4c8ee8902288ed42,0,1,0,0,23,0,0,0,20,131.74
1189,7dffa83a0619613a17deb3f0d08858006f320e03,0,4,0,0,3,43,2,7,539,661.4
1190,c8f7e9b19c7f0cb476e1a11fba7b56e6d6f53dd4,0,4,0,0,43,49,5,10,1227,958.53
1191,0b2ba99325b379cd5ba4a79b66f3eec46850e776,0,8,0,0,40,37,11,40,1746,1318.05
1192,16c934812b2395da7fb3968965b03d2f6aa8c8a3,0,2,0,0,40,76,3,18,371,504.09
1193,5ab5e1bbd19cd392901bc6222daaf0180c26cafb,0,9,0,0,30,26,8,24,927,1028.34
1194,9c0ad8147de1d84319eb08dd5030f03ff7a9eaf2,0,4,0,0,15,59,0,1,336,469.94
1195,f4be8971efbd282cadccd322d55a3815894cbcbc,0,8,0,0,0,1,0,0,1052,821.06
1196,9f7285664c33520c008748095b09204170989ad3,0,1,0,0,0,5,0,1,8,134.11
1197,14e2a114adfd3f0b3d2ea7e87a35e59851b0dabf,0,1,0,0,0,0,0,0,238,172.02
1198,ed623da76d08da4921db6f37d48ce28eecb033df,0,2,0,0,8,3,1,1,443,685.52
1199,0789a58a46f25b2b22d91b3f570e3425a2a51c23,0,8,0,0,82,49,5,6,803,1129.39
1200,32ed1343d2cd12127b53e688c4808d027e8356cd,0,9,0,1,52,26,0,0,506,1004.51
1201,9249a6c3bc07ebc9ec64c999e8088e6a712fb870,5,13,0,0,158,3,3,14,16425,6975.69
1202,7b3fdb2506ebe8bb1543c2f7f6883772fdac25d1,0,10,0,0,23,31,3,9,1975,1310.12
1203,f9ef8396361e3c1eed07b8bb358b43199844be39,0,6,1,0,3,0,0,0,1033,745.4
1204,7c3f9a46d5852c4fffdf4c38b71fe74bcafdfc87,0,2,0,0,0,1,3,3,959,524.49
1205,2e0633612ac4a4ba7eeb54f4afefc99efcb49645,0,8,2,1,27,75,3,7,1298,1216.36
1206,972812c700068d11f7fe7dc2be55eb3de7eb68ec,1,5,0,0,0,0,0,1,836,588.03
1207,16ff779db9dbcca97d935e4ae7f9834b21d10466,0,1,0,0,0,7,0,0,225,165.94
1208,8250594efd7ba67526a5455579fba208dcdbf577,1,3,0,0,8,3,2,0,549,523.78
1209,b011752e150967db5241641b2592422a51f8ce18,0,1,0,0,6,0,0,1,308,223.47
1210,c4b0006dc5bdd44dc77f2a038063b7ddacafb567,0,1,0,0,0,20,0,1,42,135.17
1211,92f7c71cd3349b9173fb8111f59b81c739c761a6,0,1,0,0,25,0,0,0,78,146.49
1212,f250aecf87ea50f55135386f9ed31dc3bdb0234e,0,1,0,0,64,27,0,1,428,416.8
1213,e349f3f82326891cf70535660657249c7e10c822,0,4,0,0,14,0,8,17,1145,675.83
1214,8a75efed3f8e732bddf5654a08abbb8f71399aab,0,1,0,0,22,0,0,14,379,296.41
1215,0da82f321c6c662cbd72f0d9895a916cf0aa71a4,4,4,0,0,46,0,5,8,1218,1073.81
1216,d062a9650adb186d7849f214ba428e2c788960b7,1,0,0,0,0,0,0,0,0,88.29
1217,cb806f5c12947d0e1ef28b46e50290644c8752cf,0,2,0,0,4,0,2,7,285,319.53
1218,67c57208ab9cbec1200723533d9e62f3a67de004,5,9,0,0,54,18,1,4,727,1457.04
1219,c6b166836a67f2e5f67c5583692dea6fb351e0ac,0,2,0,0,7,0,2,0,150,247.76
1220,fc73007f3d966312c1c8330925a3027950ae8bbd,0,9,0,0,20,71,16,29,1248,1543.94
1221,1217e2f133a7b33334fb0297f1a0cb3a8c6dc8e0,0,2,0,0,44,16,4,9,337,414.89
1222,6a8c248da5cd299495dfaee4fae69e643652a612,0,1,0,0,1,0,0,1,508,544.23
1223,d849c697a57453f535e28e2372eb79ee5dc641ef,0,28,0,4,2722,0,52,203,20555,11144.57
1224,dcdcb3fd6c5cfb6975305efcac2ddb565fe3e078,0,1,0,0,0,0,0,0,427,252.54
1225,663eebda7471c8b8df5730e9c9a2dfe92b8239d8,0,3,0,0,21,17,0,3,454,509.0
1226,4dc9d5667672291fd355cec7a668bb483801fafb,0,2,0,0,30,0,0,0,190,316.01
1227,81e55bfbab7a9f27416a711803c3c35472d58434,0,3,0,0,0,14,1,0,426,337.75
1228,dbe2de34ea9a5325c99b9c6f6cd1f9771d956e85,0,1,0,0,17,0,0,0,40,151.07
1229,0b0c523581a2223777422d335289e593d9c58de6,0,4,0,0,9,0,3,9,660,592.95
1230,9e7d7f527ceb48829ef9bc927174e0c39bcb1246,0,2,0,0,0,1,0,0,398,265.6
1231,70d94e1cc01c31f4099143be045fe03b76163d77,0,3,0,0,9,9,0,1,469,392.8
1232,60d7cfa6bb93bc449145ea4580cd41d3a8e74ac8,0,1,0,0,0,0,0,0,33,97.27
1233,9fc4b0696c3113f420b8b9563caff13b1cbfffe9,0,5,0,0,19,8,0,3,1525,894.89
1234,13e335789942becc068c3931c7810bc085ea0dad,0,1,0,0,0,1,3,2,73,181.79
1235,095ceeb6226a53ab3957a4ba9929dcf583e6a9b4,0,1,0,0,0,0,0,0,131,120.11
1236,9801cee296e48aa7f957f171291da0f2b11bacdb,0,1,0,0,0,0,0,0,105,140.89
1237,a393b92731c8eae9672f4e21442a38a998e9970b,0,12,0,0,74,15,10,18,1145,1059.92
1238,714eab0c4079276eefcdd5a1d8d9ca7b225c9f80,0,5,0,4,0,0,0,0,235,547.58
1239,7d8e2166e09cd1af8f7ccd54a671a801cefa5742,0,1,0,0,1,1,0,0,395,275.17
1240,5be6ca1555554802f1cc3e23dcebfdb3d9989158,0,1,0,1,0,3,0,0,36,531.71
1241,ebfc6951435e76848cb17b291ff23c39510d25ca,0,1,0,0,2,0,0,2,105,200.32
1242,67b39ac85dbfcfde6d21228e1bb91d74b1c56a85,0,1,0,0,8,0,0,3,605,357.97
1243,4a583ce84932083b8d6c1b1b564462cd4770dd25,0,1,0,0,2,1,2,5,61,172.95
1244,d25c336656e5d5e3dbeab81e10842b3ff7947c55,0,1,0,0,2,0,0,2,323,258.61
1245,d6f2119c136c735aeb73dcba808cc02e03f7ec04,2,3,2,0,0,0,0,0,601,527.71
1246,c2d748c061f58ad5fa0e022ae6116fd92a1a93f3,1,1,0,0,6,19,0,0,17,227.14
1247,3876de74dba7d5b96a6103514b3665726b0670be,1,0,0,0,0,0,0,0,0,139.16
1248,7405e8f6a1726ea42345b59f0c5b3078465c590a,0,12,0,0,105,127,6,14,1091,1495.08
1249,4b4f2e93dac401cc46decaff7e2ccf663b664b36,0,2,0,0,1,1,0,0,1230,722.21
1250,580e920df50d83f417590cfb351955143dff60ed,0,2,0,0,0,0,0,0,1231,564.58
1251,31b5382c3b4f6fa6d68ff067f5cd5ba3e5910957,0,2,0,0,27,18,1,4,648,455.79
1252,2bee26f1577cdb99013dcdcb6d0085359db7fed7,0,1,0,0,0,6,0,0,97,146.66
1253,f5fbfccdcf4910417efaf04fbb10111f69201c2a,0,3,0,0,13,9,3,10,1116,693.72
1254,930645c660e318deaf5c9ff7de0422851d2ec6c9,0,2,0,0,15,0,0,2,267,255.5
1255,395c3caa0cadc71fb7d1fec45011b5a59b679f6c,0,16,0,0,90,40,11,38,3921,2506.89
1256,c00a5c1f5800ba3b369cd47ec97a6cd241b1cb91,1,14,0,0,124,12,3,5,2210,2072.3
1257,e3f05adf36e4e83de87747cc5c64e4ae7ae7314b,0,4,0,0,23,23,0,0,935,573.05
1258,a6777492280ae481392cd4cb4ba613923f84989d,2,4,0,0,54,5,0,0,1166,908.86
1259,2441f798ca41f610a25fc55d7f24685473085f54,0,2,0,0,40,1,1,1,789,532.99
1260,4fb3d1864162a906de470a10741d02dbe2dceee8,0,17,0,0,39,208,12,12,19812,7938.01
1261,6d9de2454fd03741134bda79bc18726bf6523f6d,0,2,0,0,10,0,0,2,104,296.92
1262,e4f579f717acf1be24fc66a76c290fa46a5d0520,0,7,0,0,390,43,3,3,17182,6656.9
1263,1babf7602bf7fe271ce9f2d0031f8a94d9766350,0,5,0,0,25,22,0,5,933,705.25
1264,cf39b740d0fadd042ba5aefd824885db6b43ca9f,0,6,0,0,39,45,7,12,744,837.23
1265,d52fcb17775a3e76e6fb593a48e3a1cbb490da48,0,1,0,0,0,0,0,0,12,76.29
1266,77e3578577f3de782bda524a00863f1826d23377,0,1,0,0,39,46,2,1,365,377.14
1267,619cbd124d248c8a9e27e9ebb7eaa4e7d8e31046,0,1,0,0,1,2,0,7,402,296.94
1268,93f71af6b3fedd7a4f35804df6a150aaae66ed64,0,2,0,0,9,4,2,14,470,426.11
1269,291846dc0565730e67c02081caaf347223b386bc,0,2,0,0,76,7,1,0,38,286.69
1270,257177b421d0930f889e96a7601053b210c05ef0,0,1,0,0,0,0,0,0,73,107.33
1271,774c2143362353b910ad68f22bac64884cdd39f8,0,1,0,0,0,0,0,0,115,145.89
1272,529aa2ebd869dacae79837eaad05483ee4dae512,0,2,0,0,17,9,0,0,88,233.32
1273,3a044a9140abd8f77c935d8551ee6a62ecbdc934,2,0,0,0,0,0,0,0,0,425.09
1274,e4fe6f3bcf385659e322cb644567919729f658a4,0,1,0,0,0,1,0,3,407,413.47
1275,76de427e4287389654f72e2e9feb451f520b555d,0,2,0,0,40,23,1,20,1335,738.16
1276,c1d3fdf48cff97aedc356a6aa41242269c52f682,0,1,0,0,2,0,0,0,55,137.03
1277,c618c213d81e64719f6cf4612a7a8f1a9760289b,0,3,0,0,0,0,0,0,187,255.72
1278,ccc51f1a8fa6a5580c5458cd90265a072258880d,0,1,0,0,11,28,1,1,481,347.99
1279,8a17df1b66d91e5b5cf7ec4cee2e13430667f684,0,1,0,0,5,0,1,6,121,184.61
1280,de5715e14f88ac3d1c6f32cbae50bb35e699c2af,0,17,0,0,30,10,1,4,18626,7203.26
1281,cdc48e527bb71e4bf3fa08b6df0e522f5281ac98,0,4,0,0,287,4,2,32,955,853.76
1282,a149163699cc8872bf161bd10fa538e862c109a0,0,1,0,0,0,13,0,6,603,307.27
1283,b43e536f96be9e962514563da1d12a762d0d9bfa,0,1,0,0,0,0,0,0,109,123.35
1284,ab6b05f820738c98b76b62e34deec8c6706b1656,0,2,0,0,0,2,0,2,702,419.35
1285,3adc03e6e4373f5d5a514f4eab81386f48b3533a,0,1,0,0,44,0,1,3,57,224.12
1286,b4386e7c2486f5b26b1e2e3ed7c557bbdd9419a9,1,14,0,0,81,14,13,26,2624,2047.33
1287,f3516171e1aab2b61e5c794e92745c2fe86538bb,0,2,0,0,84,0,11,35,16651,5498.26
1288,ea06b0fe23bb8d7c404042577086c5deabae89ff,0,1,0,0,40,37,0,0,77,185.04
1289,6d60623b2d842f2fc093a81313d606ba798933e3,0,2,0,0,35,0,0,0,139,225.36
1290,91e4b6524a9b1763298b739c740e0ad7a0e9e42e,5,14,3,2,3,1,1,0,1329,1955.07
1291,66b014e8fdbcde16d8699d35c5bb639858ee18b7,2,2,0,0,0,112,1,4,112,465.96
1292,0ec33805acdbf23421f128b74a1cba6101647f12,0,5,0,0,88,50,3,5,239,720.05
1293,00c108a1a55affecc2ab109848f5e1ec95855762,0,7,0,0,10,0,4,8,453,600.15
1294,25b8945abf3b456bda03499eddcd6ee3f76175b0,0,6,0,0,1,6,1,3,345,544.41
1295,46af695250e6ddb5290dd6e1883409980fe7c25a,0,1,0,0,4,0,0,0,29,136.61
1296,849bb95ed909db0b571c4d9b8551be8c1b6b572d,0,10,0,0,101,118,1,8,688,1170.49
1297,0973239570dd614a6e0f2bff39b1a4d7ce68b6c6,0,6,0,0,24,23,0,8,2099,1465.05
1298,1b5577b254580b610105b0350397c0524c0c97ec,0,7,0,0,82,80,1,11,1655,1338.02
1299,49f34a25feb501103d3c56047bbc1a642e2fcd8d,0,8,0,0,741,1533,6,18,17175,6365.79
1300,5e1abef0b013de1069c7c2f2f7bb1b76920b5725,0,2,0,0,7,0,0,2,1358,1089.32
1301,fe1fec0ddc9cf3fc866d450c957f4dfe2a183186,0,2,0,0,7,0,0,0,364,332.43
1302,2540e34a1310d5f8abbbe6f970413df2badec435,1,2,0,0,19,0,5,30,269,389.47
1303,ec5d3bddfdf956b6642b937c80123863c19e2763,0,1,0,0,2,1,0,0,284,221.73
1304,2c87b5f5623ac4c8981e37fe60382b261e5b50f1,0,1,0,0,1,0,2,3,874,471.67
1305,73644f16af8aaac5659ea1398b83b64f984239cd,0,1,0,0,21,0,0,0,43,131.72
1306,c26e89c11286f1948adc42443e560410fea94383,0,1,0,0,1,0,1,3,25,160.28
1307,8bda57384005236a330c73d78e36acd3ef47b4bc,1,0,0,0,0,0,0,0,0,127.33
1308,7aacffdc9c196c04679d5639384d39d91cfb1073,0,0,1,0,0,0,0,0,0,69.22
1309,1208a20baf698b79e73d87a3efc001a306fc5a2c,0,1,0,0,18,13,0,1,51,150.99
1310,8b9beaaad8142c566f1f8505f625128580594cf4,4,16,6,0,211,104,4,18,1728,2648.15
1311,fce7c1551c352d9c207a0a852176030a41a89935,0,1,0,0,0,0,0,0,34,92.48
1312,c8f66193ac5d96989fb683c50db0ed7540c0e7e5,0,5,0,0,38,19,3,2,221,584.74
1313,ed9f7909fc3082f8229e3417da9c0cb7a9c36a0f,0,7,0,0,70,65,16,48,16839,6252.77
1314,72303359928221279586fb518c68bb46dfc02e8a,0,4,0,0,45,26,0,0,153,353.99
1315,d94d553278622a03f33206884c69d83812e8098a,0,4,0,0,24,41,0,2,157,345.51
1316,36650a2d9a4186c38b8925ab38d959bcda70c1df,0,1,0,0,8,0,0,3,411,317.69
1317,d1498dd5b9f16ba0b7facabfc9085585d4d6cc1b,0,1,0,0,0,0,0,0,26,102.88
1318,1defd006c34201c9027555216ccc29aee6df7ec9,0,8,1,0,22,20,2,13,1663,1257.81
1319,f3d196d61bf75fe582e7522d48d3604016f5562d,0,1,0,0,0,0,0,0,188,142.92
1320,e3c27033c9f79e31990e770b9f5976900ccb8041,0,1,0,0,0,0,0,0,56,430.62
1321,927136634449e66adc222f42b2063071295cf08b,0,1,0,0,2,0,0,8,320,257.97
1322,b07301dddce919290a5062101ee8cea940a8315c,0,2,0,0,46,24,0,1,36,266.16
1323,c4debf4cacd53b874008d48c0d96483a862397ec,0,1,0,0,2,0,2,5,22,141.96
1324,8bb23e0130a156b51ed97eb480e3e5740bc5e71e,0,1,0,0,1,0,0,0,45,118.37
1325,bc693a63af153b4e4921137bddc9d9a400cd7bd0,0,1,0,0,0,17,0,0,51,109.25
1326,916c810b54943695cedfcdb46a3eb8eba2d90536,7,16,7,1,72,72,40,53,2221,3309.34
1327,d5a21efbf489a5288afa535a5de8f75130279b00,0,2,0,0,2,2,0,0,160,218.53
1328,4ac23ca0e0ca7c52657134869c8613b09e72cf2e,2,10,0,1,67,79,6,24,1532,1783.62
1329,477deb3a090735a28cf7537b1280a77d071a1c52,0,2,0,0,14,1,0,1,60,292.04
1330,96e0ed42c1677a1ab8eb4353e516d4c166691f3d,0,2,0,0,3,1,0,1,111,307.29
1331,27c72dd66efb7a1dbcb002b9ef0caab30af76954,0,1,0,0,1,0,0,1,625,388.49
1332,e17e22a80ad1064c4c505f5bab7ffb7ea37db02f,0,3,0,0,53,19,4,17,934,822.56
1333,5dbee3c72153977ebea121704c34228a7eb51074,0,2,0,0,1,0,0,1,711,437.28
1334,0690ea0b244414be90990d550dbef35587ff0010,0,11,0,0,7,3,0,2,2503,1672.76
1335,283e365196cdad3fb352de0b6d7a8c0ddd1d784a,0,5,0,1,45,0,0,0,976,866.9
1336,29c38c803524127922349204f78bf1e5648f1e64,0,1,0,0,3,0,0,2,41,196.95
1337,66d32c8e283b89eee16940bfce7fa2c12f540527,0,1,0,0,0,1,0,0,21,147.2
1338,35ee5347f8d8a344f62389f9bcc3f028351818b6,0,8,0,0,611,6,4,14,16810,6494.96
1339,3289c4809152e988ca0afa25aeeb21bcc1998f52,0,2,0,0,17,28,1,2,913,570.53
1340,4cd3e3af5a5fcdcbe05eadcfef8a6393534f5b91,0,3,0,0,22,0,9,20,400,771.97
1341,f93ebf4fa06f355aa1aea653a5b00f7d66b59501,0,3,0,0,1,0,0,0,423,396.8
1342,0b68a77325dc80bdd4d573dc55cba01c456a0b99,0,4,0,1,21,13,1,7,411,585.79
1343,d41656b14a523fe190e7cae942ead7d80304a78b,0,1,0,0,0,0,0,0,100,180.98
1344,d2667f651d3f10c5a8c910535f63b4073862a5a1,0,3,0,0,14,0,5,4,298,484.36
1345,8f4441deddba8aa365fcf514ce3e1be4fbe1ef53,0,3,0,0,42,0,3,17,967,738.97
1346,c92d3ee82c5ff16742af357743af5e15e2ce2dfe,0,2,0,0,130,0,0,2,379,575.35
1347,7b692b809dc28a63036f1d27a1d527a2f771bc4b,0,3,0,0,0,42,3,16,967,701.15
1348,ac57d9d082e1688a1bd75a9b7ec37db4f0e6c4d2,0,1,0,0,3,0,0,0,443,293.05
1349,3e7343e1059b32b2313e9be8e43db07ac223326e,0,2,0,0,44,0,3,16,837,638.53
1350,b2a8d8954b36fd361bd30437e135c75a8a141d59,0,12,1,0,7,37,1,1,2365,1696.65
1351,775293210c8488f3ce708ccc3a09fe7ee639d436,0,3,0,0,13,19,0,0,165,528.53
1352,6055d1b696ea2e3085947afe22344b8d7a1d3589,0,2,0,0,11,0,1,11,358,365.05
1353,312aaf0f561ee3eba51625ebd81ee8b67bca90db,0,3,0,0,3,0,0,0,736,468.24
1354,70809e8b921ce5acf1466db15637321723b423d2,0,1,0,0,25,0,3,18,155,244.31
1355,7173a088f44596c727eb5403de78aa3aaa2cacbf,0,2,0,0,13,13,0,0,447,347.82
1356,afc3031513feb77fc7a239fbf333de975dfa1f4f,0,2,0,0,21,15,9,15,101,332.8
1357,3939a02b0bdad1247c507da44e325e4abfb37f86,0,11,0,0,0,0,0,0,1313,1005.97
1358,349956bccd829d3420cde9d8832f40c0aaa5bb8c,0,1,0,0,3,2,0,0,114,186.3
1359,3866585e87cbdfc706a83b9b9d7d790b8aa47465,0,5,0,0,0,1,0,0,176,326.59
1360,d28cab41a067803b6e2fa2b5e88f6a4f4103f1ce,0,9,0,0,67,20,7,23,3408,2303.57
1361,a455a8dca923dfd4fb3f82b36d97ae522172e092,0,2,0,0,2,669,17,29,15523,5142.09
1362,f8f6fb2165d7e5d520403b3715fcfcbe5610bc7e,4,4,0,0,50,77,1,3,499,931.73
1363,ac485c57edbb4a5bd58a0a536acf445cf139ec8a,0,4,0,0,34,40,4,10,855,713.27
1364,f51781533dc395687120001bf0ba4d9f7ddc6e62,0,3,0,0,5,0,5,10,577,483.12
1365,2a2c4ce11077fbe2ded0a055b638cb37cc362daa,1,3,0,0,2,30,0,1,976,697.44
1366,cfa5ffdd59c5adbd72f27414abfd7965455bca66,0,4,0,0,41,24,0,0,157,342.62
1367,8c003b97355ed1f04d94f0e325ab7ffb69bd4771,0,1,0,0,0,0,0,0,42,106.26
1368,4c451cd1345045d939b17df85b41861ce33fd15c,0,1,0,0,3,0,2,3,126,206.56
1369,e766e15265b42e5717957df6af014ee72221efd8,0,3,0,0,1,15,4,12,525,469.63
1370,ea6fb4695e73aeedeaae56f6373cbfa260f4739a,0,1,0,0,1,3,0,1,119,201.92
1371,fab33fb4e87decb71b3169cdc12e48f4cae104c1,0,10,0,0,38,83,3,22,2023,1617.42
1372,4e410c9d1ca1d0b7304256e29827978b835c2959,0,0,1,0,0,0,0,0,0,63.25
1373,799ca241b96f2928e3f748daa4c390ef699d658d,1,4,0,0,0,0,0,1,69,292.33
1374,798a47d4ed809234dde7fad44a26468c83bbefe6,0,2,0,0,0,7,1,2,901,555.57
1375,47069290ecc9909a0732eed13a1380362da2d791,0,1,0,0,0,0,0,0,437,232.8
1376,441450395e17df0062f80e2700380cce66429454,0,1,0,0,2,14,5,14,423,403.57
1377,1c123a1b2776fd0a35ab853d2dfe6f97edd89352,0,1,0,0,14,0,0,0,425,280.21
1378,94c45e7107c0b249d8899cb70dd22eacac216898,0,5,0,0,10,0,4,4,542,505.61
1379,ede60f9f4619ac5fdc51297ec9adc4057b48a265,0,1,0,0,27,0,0,0,445,306.68
1380,d40f112aab4f61159f3812d61a85daa16e38f3f3,0,2,0,0,45,0,0,0,572,677.39
1381,e0b5e87484c2a8f5112f65fa97f2a5efeb84ecd6,0,1,0,0,8,0,0,0,500,343.41
1382,84bc8e656182e4d9296adc7cb937a1f602c0d9b5,0,3,0,0,69,0,0,0,777,708.79
1383,a63360c88d50129d7b39482da31c0e2eaaf837e4,0,4,0,0,35,5,0,0,701,577.97
1384,e696035f61035f21e8f7dfbd9b755985e2611e61,0,2,0,0,56,0,1,1,722,575.42
1385,521fea03023d62512060b450e9c03060f4e62cd8,0,2,0,0,0,0,0,0,723,369.0
1386,45d2beafd99793c074916203530624d0e579b249,0,1,0,0,2,0,5,3,599,380.49
1387,78a68f26751ffd9d6955a3cf526c98e94828c00d,0,1,0,0,0,2,5,2,599,650.61
1388,2c87ce39007390ed33415c766ec2febdba6f0da6,0,2,0,0,0,30,0,0,693,377.3
1389,bd585702d1e44ea2254c5069d8575976e07f9754,0,1,0,0,0,0,0,0,179,140.24
1390,4aaf061217bcc8a9d6715d6421b59a85d888b106,0,1,0,0,0,1,1,1,181,227.84
1391,f795534553168bbe4023ca324c07e4cde5106a6b,0,3,0,0,0,0,0,0,15800,5057.89
1392,4ae579639bcc4d0722faee605996f5c406632549,0,3,0,0,984,0,1,11,16781,6351.82
1393,d6b55b5f207c578b5791f51cc5e4184b4bf4619a,1,3,0,0,44,1,0,1,855,679.59
1394,cf720abd86457f56877344f76339f3046b38e1ea,1,4,0,0,158,15,0,1,1115,1152.98
1395,44733f013ad500cab6db80478cc63a926db3495d,0,2,0,0,95,22,0,3,712,663.31
1396,8c5069fba2a09575972bfe2ea674e17325b514dc,0,2,0,0,19,1,3,6,136,341.14
1397,2893b7f7a5a15ccfefbcdbba8db6c524d8494fb7,0,11,1,0,42,29,6,3,2599,1837.11
1398,1e31b709edd0dfbf08658e2d4c5c6b9bc484d8f6,0,1,1,0,0,0,0,0,396,244.76
1399,5dbdf3a9db69b72fc4acf2f2c02cc40a66340a4c,0,9,0,0,23,19,0,3,1920,1508.23
1400,52b6edc41366eb7fa3cd7691dc35d65989d3c1dd,1,26,0,1,16,61,2,1,4518,5107.8
1401,4023c3b6f9d4cd66d56024b07962968f2424815f,0,17,0,0,0,12,3,2,2817,2105.97
1402,b324537e99e4fe784357ee2cf12f26bbf58471ce,1,11,0,0,67,103,6,22,1866,2130.3
1403,6eb55e1ab905598c6ade96160cfdc830e1c955ce,0,2,0,0,0,0,0,0,15,149.52
1404,2d26e6298d14e50186e765fcbe69cf94cac3cf12,0,1,0,0,1,1,9,23,206,289.48
1405,62c0774a1e2c05364acb9118d30854bcb04de630,0,2,0,0,0,1,0,2,1591,878.66
1406,087cc84f2c3d2f420c06b80eac45c4faebf75bf9,0,1,0,0,2,0,1,0,12,143.44
1407,f3798a09dc99262d7c26556a4caae95787b3a1a7,0,1,0,0,0,0,0,0,592,423.02
1408,d03c2b4c2dab88fbaf164a0ef15441b24d60985a,0,1,0,0,2,1,0,1,24,187.49
1409,7cb9e08f777dc4420e4c40d39f2ded02832c51d1,2,0,0,0,0,0,0,0,0,242.18
1410,ec7476c58d4d5eb7b56cfb5cdd35cb2cb5054b80,0,4,0,0,3,61,6,8,17355,6926.06
1411,780a58a9d04ab83dfd6af9bafe974ae475e94650,0,4,0,0,41,41,0,0,17612,6030.86
1412,dc33a2d9f75c29ba56d1b3fed3472d4db462cbbe,0,2,0,0,9,3,0,1,422,381.8
1413,3d61dae55b2e5cbfe44a752d8a84ecfcdcd809fd,0,1,0,0,0,0,0,0,880,369.42
1414,4dd8fa51ff1a6db46346111be008792304ebcbbd,0,9,0,0,80,35,10,10,1681,1438.03
1415,9680a3febc9e1a3e06b9e1369bb8626e80770f44,0,2,0,0,8,0,0,2,132,213.51
1416,d6378a85b46f25b07919d3d48423b8d61fb18d98,0,1,0,0,0,6,0,0,102,163.48
1417,cac6a28adda97e9f63cf2486476ebab7f29ae5ab,0,2,0,0,15,13,0,4,1248,644.2
1418,629fa9eb111b210f24776fa72c7c124bf5362553,0,11,0,0,30,10,0,10,2327,1590.52
1419,89fbc1b031dd5f045601a862c751c269082aea40,1,12,0,0,0,46,0,5,2311,1494.43
1420,122894e26629c391b52dbd9ff8a93354fb28ae0f,0,1,0,0,1,0,0,0,81,446.82
1421,64cfe8dede938172fa48948cdee92a6bd93320c4,0,3,0,0,34,65,8,7,110,318.08
1422,dbbe856c563fd09519cc6373d448dd36055668cd,0,5,0,0,0,3,1,0,525,451.01
1423,1ab976be2a46ca8bba16177a2246da496616a910,0,1,0,0,3,0,0,2,82,161.99
1424,a8e5c1894544b9b45765c3ca2624aa65993211c3,0,3,0,0,0,0,0,0,433,324.39
1425,2c71f6fc685daf701aea86986721c04b949ca88a,0,2,1,2,0,0,0,0,147,490.8
1426,58ab5331bacb71aa12f1e696999b51551f6adf33,2,7,2,0,0,0,0,0,522,837.89
1427,de034ffee003c63e2ba610067b94ea139b440bcb,0,11,0,0,48,33,0,29,692,1038.27
1428,4b0964eaf627f0dede7b909af3b458826a92d963,0,1,0,0,0,3,0,1,76,165.94
1429,b34385aa53f3b4205ed7b3a932d2fd75cea55659,0,1,1,0,17,0,0,2,47,171.69
1430,0191b2819b61544c381ede2b57ef5a6c5dad80e3,0,1,0,0,0,0,0,0,0,84.41
1431,89970e8a967a25904c868af666f2ccb6ed2f2cff,0,4,0,0,20,2,6,32,1364,829.33
1432,dc5da90c71ae7fe542543179d655791ad8ece946,0,2,0,0,2,3,0,1,799,439.31
1433,e97db28277e3f9953d7dcb4ff65004ae2ccca4fc,0,3,0,0,3,2,2,3,1039,610.15
1434,fef82b5e3527b70b10f29202314a3cfb8fd46bf2,0,8,0,0,36,26,3,10,1241,1095.25
1435,ca8fa16c5edf7f98706c5562212df53342f2beda,0,12,0,0,74,134,4,14,730,1176.65
1436,ac4157a748244e503b22a6a70af733ca1120a16b,0,1,0,0,0,0,0,0,0,108.32
1437,21cacf960f02c8043c969ce51137ae4c2dc41008,0,1,0,0,0,0,0,0,0,90.73
1438,c6f383ceb11cee0aafcefd4de997c6947e16ca3c,1,3,0,0,9,0,0,0,431,484.29
1439,ec0316708be4788e2a3e0175bb5447a1aa04d790,0,3,0,0,386,386,0,0,16305,5711.66
1440,f16a14dd3f4e1b07ac69daa9728a9821383c1933,0,1,0,0,0,22,0,0,95,486.04
1441,267c76a65528b856737830f78da01a89f547505d,0,13,0,0,160,17,18,40,4608,2728.8
1442,aa95d4adbc26d6e4f3d9f1b29061d58843a0036e,0,1,0,0,0,1,0,7,369,275.38
1443,123ad329c5744ca05610e46ee6309db603480d48,0,1,0,0,0,1,0,2,86,170.49
1444,5e94c48452eceb8a9bbe89689c6839aa5b3158c2,0,1,0,0,22,0,0,0,95,166.74
1445,375a12441738816f4c8c0d5be63724f8dd928855,0,1,0,0,0,0,0,0,30,113.09
1446,d966ed08610940da1a590ce7a83897b9a1dc02ec,0,43,1,0,942,275,84,150,27621,12803.22
1447,ce9179ed530494d2b68316a1e1b6f3ad0e28e585,0,7,0,1,0,3,0,0,1096,792.59
1448,12bcf35ea24c62289c0fa2863c45f55410f4f103,0,1,0,0,0,0,0,0,482,279.01
1449,bf0087ff843e46f91f316af25659f8771e83f0bd,0,1,0,0,0,0,0,0,76,110.15
1450,9dd05be37caec08c568aa1823baccb5c092775ea,0,2,0,0,18,0,0,2,149,216.81
1451,c82a820a09a82b287689415d2054a2c3f861e941,0,1,0,0,0,8,0,2,42,116.0
1452,8520c3811cdb664bfef8ed0210381ad88f8a1382,0,1,0,0,1,0,0,2,30,147.01
1453,e6865f6c180884ad279540f2cc351362327c5c48,0,1,0,0,0,0,0,0,399,271.72
1454,4c530a1e88c628ea5824fd95fc9adc79684b91e5,2,6,0,0,52,44,3,16,970,1066.98
1455,ff5bbbc597b9a87fee51d34aa72eb5ae7d187cad,0,2,0,0,10,9,0,6,939,534.65
1456,8e68f3b9a0cda1c3038ef2be95e58ad6d07c1e52,2,12,0,0,66,9,0,11,2812,1903.2
1457,b182e5e90ac7aa73fe9136cabc0970c45709282c,0,11,0,0,113,79,0,6,1672,1543.46
1458,cebdb3007f1efe4e1a0fb2d3601c18d83a29c9ac,0,4,1,0,35,17,0,0,1345,809.95
1459,03720401e6d9472a6466cca37953e4570ed5ba47,0,5,0,0,15,17,4,16,1638,1107.33
1460,971e879e2d08d7c922365b2d796e6ff55db3f6f1,0,1,0,0,17,4,0,7,57,467.83
1461,df57aee3987e1ccee2ade1a9beb068470b0f9278,0,2,0,0,16,5,5,9,394,364.34
1462,c70e17fdf705fabe2236548033f8780ed55b049c,0,1,0,0,7,0,1,2,874,443.26
1463,946a63c9196964ea94dec26e0ca7de519e71ea97,0,1,0,0,0,0,0,0,46,104.48
1464,93d3a22e10f90be828ee87b898caf4c71ccd07a7,0,5,0,0,32,15,6,4,1135,739.21
1465,cee4d2059815e2f5157a1facee8861d8773bcd39,0,2,0,0,13,0,0,0,68,217.94
1466,8b38ee280661fa9254b38d80671cd0247850b477,0,3,0,0,343,0,0,0,17242,6191.88
1467,a7c8b9124f2fd0b0a2d7ebf588e32d6944e4d928,0,3,0,0,35,0,0,0,295,360.96
1468,1549efe96d0dff61ee57d4f99609b6701a8662d0,0,2,0,0,0,5,0,0,1177,613.88
1469,a0d72043e22a617d0fca48346b57bbc9445a66cb,0,4,0,0,24,17,0,5,490,583.52
1470,0a62baaa22025ba33ebb8ab9889aaee9a113fb32,0,1,0,0,1,3,0,0,249,227.31
1471,61f4b37e9b6158960717fd728f9e5f9d4b94c680,1,0,0,0,0,0,0,0,0,109.18
1472,de53f980eb7a1c89c53add66e7b659c2b864fbef,0,5,0,0,18,0,4,7,460,787.86
1473,60e97bbfeb32707a0b37e9698b9643ddd445e93b,2,1,0,0,3,0,0,0,399,446.93
1474,17cbb3daa57be73bb31e17da8e8aae9112f94dd5,0,7,0,0,57,0,12,11,2643,1851.8
1475,70f060ec15284e6cb77d805d090da6cad88bf427,0,3,0,0,51,8,1,13,144,456.71
1476,3132f7ab05dab62ea3f0ce2ef194784842aabce1,0,0,5,0,0,0,0,0,0,183.63
1477,e5a422c11a7be4bf35efcdb2d45a7da886c616e6,0,4,0,0,77,47,7,4,170,566.59
1478,e2ffe2b0d0c1459111a2e1eef1fcb037d7343aba,0,1,0,0,1,0,0,0,616,332.81
1479,136deea357576a191d4c1dff6e7bbde0535e1767,0,1,0,0,0,32,0,31,585,358.81
1480,f289d69561f48480065610ba316ce9ec14c3fc2e,0,1,0,0,5,0,3,8,280,560.71
1481,d9403c5f635e96d06a17b64a9e322410a648c8c4,0,2,0,0,22,4,2,24,615,737.73
1482,1eea19ee2a1d75a9afc08ccc5ca39a62728e603f,0,1,0,0,0,0,0,0,129,137.48
1483,72770ac00c35a6be0eee42402693970b7c2c61db,0,13,0,0,160,28,15,59,3251,2451.38
1484,0511668766c791bca15b1629ac65d75f477fbc74,0,1,0,0,0,0,0,0,244,174.33
1485,3a544f767fd6934fbac1f263518c6a26703a058e,0,1,0,0,7,15,0,2,78,199.45
1486,dd802b3a6cfff46d29b788052e73b46b1f09837b,0,3,0,0,16,4,0,10,1067,680.67
1487,5d79a29d9bed4b5975dfc982faeaa13caacc6e99,0,4,0,0,13,12,4,13,1205,849.49
1488,cec1d5157a17eda04a7302829c03c9d462c35f42,0,3,0,0,20,6,1,8,664,589.44
1489,0cb207f83d55ddecc1ce4507cbdf0e1d2efb91fe,1,1,0,0,8,0,2,4,21,230.97
1490,a62d9785cffc3f1534e182ad8a6763cec23bc6ee,0,5,0,0,142,0,6,31,18321,6636.57
1491,dd2c7b1e91a2d70cc87e4e311488433eec10e7bc,0,1,0,0,0,0,0,0,31,101.57
1492,b856f52c3e8f91b964799fbc89d8a5616795cf7e,0,1,0,0,0,0,0,0,0,77.66
1493,f9f97d4292bcb9af083263220278825e1158aca9,0,3,0,0,20,13,0,0,968,628.64
1494,5a1dccfa4b6b23c89de4d8225bb402cf788e68a4,0,1,0,0,7,0,2,2,99,194.65
1495,1a29b2cfd3b9fedd301ea2777302288157d1e4af,0,2,1,0,41,94,6,17,1055,674.41
1496,ee9729733156f02c9172c0643d6f96dfa577f4ca,0,2,0,0,6,1,0,4,1095,574.31
1497,446103ff74d3598843ea22b1ff0b221635dc9b36,0,1,0,0,50,46,0,3,265,325.17
1498,43eae6fa3b9324a68a2fbb5078443d55fa05bf82,0,19,0,1,40,2,6,14,4011,2332.77
1499,a34b7617dda75d29253d4c172fd69f2802375271,0,3,0,0,9,0,0,0,455,390.9
1500,7596861435603a2a298ce2588900b038abd67fc7,0,3,0,0,54,0,6,17,1497,1113.47
1501,a03fa7e69b1cd065df78f63cf2467acd3e8b544a,0,1,0,0,8,8,0,1,145,211.41
1502,f4bc671f7ed27d7ef34596898c251bef319890fe,0,1,0,0,2,0,0,10,90,155.63
1503,14062b968520a058432eac0bc17527b18928712a,0,4,0,0,5,6,0,6,1589,861.17
1504,a61c338d9db83492ff6dba2c7009cce6cbd5cd7a,0,1,0,0,0,2,0,0,205,160.37
1505,1fd85af789c16c222a37fef6b2d329d255a836e6,0,1,0,0,2,0,0,0,42,150.8
1506,e2391469146d85fe5791c7269b2aa03aaab43ab7,0,4,0,0,15,7,0,0,1114,779.79
1507,55db0394d16dca24c090ea870e9636679108d241,1,10,1,0,24,22,2,0,2281,1427.88
1508,c7810a8e17e924838972cabf1a10f341825dbd79,0,2,0,0,13,15,4,7,1017,618.56
1509,f7f5877481dc3ca4700bb61214091a92fd49547d,0,6,0,0,7,0,0,0,564,620.82
1510,e34283c63655279caf88754e93d3af97d8ec2e78,0,16,0,0,0,15,0,2,2194,1567.54
1511,67198f00bc294c7450933477d16f26aa808e3a6e,0,1,0,0,26,0,3,9,29,223.9
1512,c293406703939dc25ce4707919d50b3e9cab43b8,0,3,0,0,26,22,0,5,1123,626.72
1513,bbf1afa0ddbcff717e64621a69b8313f81dd7122,0,1,0,0,5,0,0,0,14,119.02
1514,e7591fc3c011c2b2ebb51fa4595ca782b55a15f6,0,2,0,0,45,0,0,3,445,611.1
1515,297c2f36390c9d9997305f2626f6632e90e4242b,0,2,0,0,0,6,0,0,1081,566.04
1516,0c123957bfdb8113fc2429ebad54ba9a20ab943c,0,4,0,0,10,3,0,2,784,590.83
1517,5c44cc166e1baea7062bb660d96a253e20989ff8,0,15,0,0,141,22,19,44,3777,2531.43
1518,d03463df2255f5fbaab53197a830c9a7064e0778,0,2,0,0,8,0,2,3,985,513.66
1519,49af30a77758282bc648496972b944d60bb9e185,0,5,0,0,31,21,0,2,1238,704.39
1520,a857b73834520157fe1c853493fb09334badf699,0,3,0,0,24,2,0,1,441,758.01
1521,406f4b3c6eccddfb65aadfb2cfe423cfe8cef062,0,3,0,0,4,8,1,10,368,395.14
1522,39a5d29cb5ed5c2cfa92290a27b1e16a424a5af7,0,2,0,0,0,0,0,0,417,301.79
1523,2e81dc863033113aed1e4f336b6df0b792a1fda2,0,2,0,0,48,0,0,8,642,507.91
1524,389bac77f0cb00cb8914d05512151116dd3db027,2,10,1,0,43,45,2,6,1302,1447.57
1525,7c71db801387d01946d9497467a56b5a35f4bb57,0,6,0,0,111,48,8,16,1474,1162.98
1526,298a51d2193b16642d1956db0c21e27405b6db16,0,1,0,0,5,2,0,3,675,386.32
1527,babde20876269872a21ee879e424da593475bf1b,0,4,0,0,125,53,2,42,819,767.83
1528,6cb26c377f863de1389ba0768b8591a4ded9e3a9,0,1,0,0,0,0,0,0,417,244.44
1529,3d1cc889456b840496fad028f1e7c115279de191,0,2,0,0,13,1,2,3,484,402.97
1530,2ea27a02f86f0c2e44cfe75707fd1c7b9706e631,0,1,0,0,0,6,0,5,582,349.87
1531,eb7cb663fd2f1f9feb0d896feff5ac316df50d1f,0,1,0,0,8,15,3,5,978,508.46
1532,894e0132fa0c2df02a0942f6fe2d7e7b8fd3065f,0,1,0,0,0,0,0,0,306,184.49
1533,2c2c134abb586d59291b869d5f59a33f2531ab78,0,1,0,0,1,2,0,4,984,508.44
1534,b22169d6ca238b19452c02ac5ae7cfb38139a18d,0,4,0,0,10,28,5,12,1521,892.48
1535,efbf82220c8b73cd5b80ff8d32a25390e7ccedfd,0,1,0,0,17,0,0,4,754,372.5
1536,9d32382b3fd48a9362a07c2865e93e2cbfb8ee61,0,65,6,1,39,141,2,21,7822,6427.33
1537,9170ea25f1106874bb653cdc003874562711a79e,0,1,0,0,10,16,2,3,969,502.58
1538,5a99df8c71944d4cba8218340c995571dead5ed0,0,2,0,0,0,0,0,0,1117,507.8
1539,c47d780921dbab4a0800d43186102400d998b54e,0,3,0,0,32,1,0,1,504,446.2
1540,7aac7930c3b3873780255730e2d1ed11db130aed,0,5,0,0,5,7,0,5,184,742.79
1541,0f89876424ed482d5200e74f00f623f42581ca8c,0,2,0,0,26,14,2,3,351,368.29
1542,af8a19befda32f0b0a7d9645894c5fa616e99528,0,1,0,0,76,0,1,13,771,756.98
1543,bb0dc512d8cf7f11984cdee58d1cec590caa3044,0,13,0,0,365,21,17,59,4596,2855.98
1544,be80a71073bdc061d8aaf6029480f8f85e5b0c40,0,2,0,0,84,4,4,16,962,636.11
1545,9d947ea4df5f0e1a123acdbaa4bdf66c93224a31,0,1,0,0,8,0,3,5,183,230.17
1546,72548aca3e6962d51239aec6c2d8bc11ee4bcadd,0,2,0,0,4,0,0,0,1007,529.75
1547,04562e2097fab4fb20b21f8d0e48c3782670a09f,0,1,0,0,1,0,0,1,60,167.17
1548,c91a3bbd93a27bd379a6659bcdfcc0717f81d6d3,0,2,0,0,10,0,1,3,825,461.32
1549,70c7a69e48bfd1ce12d9ca6c055be983c7ba4e6b,0,2,0,0,0,44,0,0,1016,528.08
1550,42b3233f9a724fb966486e315ced00b185fea1b4,0,1,0,0,0,28,0,14,899,478.98
1551,26c3e1444bdecff8a60f3c978a6b150034846659,0,2,0,0,0,2,0,0,120,206.56
1552,d1ec03b0d3729ccfa6cc5e259e931baddf68c982,1,2,0,0,29,17,6,20,107,372.22
1553,b732d4a35f20b29b0aa033aab613b2ed314eddb2,0,4,0,0,30,9,4,11,138,418.55
1554,3f83c10ef103a485d12489cdcf62c702f859339c,0,3,0,0,22,5,0,5,1438,776.72
1555,1fd6af347ab1c8d989b903f3a8a18e3a33c616fe,0,2,0,0,13,3,3,28,925,550.21
1556,00ff744620d5e9482c71ead358cb59e21d70b232,0,2,0,0,3,1,0,8,394,427.25
1557,8a6140d0dc0bc8bc4f6f1c47c02f09b44251ca1d,0,3,0,0,88,21,1,12,954,769.18
1558,fad1f92bdb1ac50b374c3380eb18a06e8dcfddf6,0,1,0,0,6,0,0,0,961,468.5
1559,da5a3dfebab7d3ff04a12498efc61237ecf7acc0,0,1,0,0,4,0,2,6,967,543.16
1560,6ae1adf91fe65cf3c6a01229da0c189e91a67712,0,1,0,0,1,0,2,13,96,550.61
1561,c4a3fd422bb304b101d50f0501108ac936ac76f4,0,1,0,0,0,11,1,0,129,175.86
1562,543f49d3a2169cd3cebc025511c7be94ae6fead4,0,1,0,0,6,5,0,7,966,507.98
1563,1e3e7c5fed82c26d0f9390eccf0509030e3350f1,0,1,0,0,1,0,0,4,972,603.24
1564,cd114940c0b87f1039d13520fc823c339dcc86fc,0,1,0,0,1,7,0,0,966,525.88
1565,8959c1f1fc064bcf1f55febb3359c32ed748d1fc,0,1,0,0,0,0,0,0,979,430.74
1566,09d3507fb3c4794e310862ac2b27271798a45b37,0,1,0,0,0,0,0,0,408,283.93
1567,77efbe1e4f58b49b2aecc42ad3f8b23e1249cd1d,0,2,0,0,0,13,0,1,144,277.89
1568,00554e90b84074139060ccf2c32fa3130211136b,0,9,0,0,18,36,0,1,1973,1427.34
1569,1ca527f844c5138fc458074bbb98162ab196e049,0,3,0,0,18,3,3,11,166,465.24
1570,187761a3229a9d6853090295d966731fb1170458,0,28,0,5,138,77,5,14,4556,4267.7
1571,8319b3909d47022fae3089d7a2bd446c84b28b57,0,4,0,0,27,0,8,7,1262,708.3
1572,26974cdb865c9df2610f6aa38e1e57c84a224416,0,1,0,0,12,17,0,21,965,527.02
1573,98d2f208d7b231bf53bcdda4a56866f21d2d64c8,0,1,0,0,0,0,0,0,34,86.3
1574,e2409452b5b13906c729f5156f6be34297618a8b,0,5,0,0,14,26,6,26,1600,931.69
1575,cdb07b193f1da88be90198ee1764697f0e050fb0,0,9,0,0,6,20,2,1,1766,1175.46
1576,0e97a3869fe1e9b32ecdd2def0a751bd397aee8b,0,4,0,0,5,0,0,3,1233,1028.23
1577,729022c655c278f823537453dc33344eb8bcb78f,0,10,0,0,36,115,61,48,5199,2639.84
1578,7a32ca47a819caaeeb5860a5215d81ac34cc3c33,0,1,0,0,2,0,0,0,968,420.11
1579,6af572671bcdd8d254bf12528661d751ac499452,0,11,0,0,4,32,3,9,2469,1589.23
1580,34302c394434dfda2d0d243e0fdcf7718a6cfe9b,0,1,0,0,0,0,0,0,43,427.0
1581,cf1a65498b6c01405e47511df76402a08ab7127d,0,2,0,0,6,6,0,0,674,483.94
1582,228d11eae70a5d82dcaa5b445c496dc6ff970b20,0,1,0,0,0,13,2,9,161,179.67
1583,c75abc8e568bbd38f9d9336cecee7c7975562e19,0,6,0,0,0,1,0,0,680,546.24
1584,60b9f9ed1693915af9a21baaaf8c177d602573b2,1,0,0,0,0,0,0,0,0,341.66
1585,4ad62ff9139327527609883103ed432462f8b247,0,4,0,0,199,420,7,19,803,958.21
1586,3be62c5ddaa330be97c718ac1d4cae0029bdcf81,0,2,0,0,7,0,0,1,975,498.8
1587,7a418c2c3b967ed5162c8ecf1edbbe08496a9e50,0,1,0,0,1,1,1,1,327,290.31
1588,15da7af65ffc60cf8d11880a923302aa84e1dfd6,0,1,0,0,0,1,1,1,32,136.41
1589,80a53534033b674abf8d19e0766e59d3bf07ad19,0,1,0,0,0,0,0,3,32,95.15
1590,ab8da9552c7aad711dd814cf7b4a2d04a65857fc,0,1,0,0,0,0,0,4,58,129.4
1591,7e982eba1fedc3713349bd765e6112f6d0fa1707,0,1,0,0,0,8,0,0,24,105.03
1592,05331936ba83682d0d03d574cf1af290db5bbe77,0,0,1,0,0,0,0,0,0,72.37
1593,26ad322358df31a6f9d6f078e45ebfb2beb52b56,0,1,0,0,0,0,0,0,36,104.32
1594,1f039c407080b280dd3eacd1157480e800386a8b,0,1,0,0,0,0,0,0,36,97.57
1595,acbf34e8a0743d3482fc341ca1751010b22a9b44,0,0,0,0,0,0,0,0,0,287.32
1596,9f7f02c520c0d0da0b4c09d192c0e758318b0eba,0,1,0,0,0,0,0,0,219,316.71
1597,f6deb516ae2009232a94d27a595c8eed367f1aaa,11,2,0,0,19,0,0,0,709,1403.93
1598,b4e5a714546889fefb74c724cd8e3c6fced063e5,1,0,1,0,0,0,0,0,0,164.83
1599,399d1461915d183b8e0e82adf1cd213153c1df0b,0,12,0,0,42,9,12,21,868,1105.29
1600,f39be9702e182b70e73d690076998a09151e74b4,0,3,0,0,4,0,0,15,680,746.94
1601,55b166012ec9c37641b572725e701f75cc1971bf,0,2,0,0,6,6,0,0,135,241.67
1602,7c1f5ea0aebb20e9bbb1a55ff660ac464e9fc10e,0,3,0,0,57,61,12,16,137,401.82
1603,52dbb877ea53119be168d39f91c07f3ebbf5e61b,0,10,0,0,7,0,8,8,393,668.38
1604,08af7aca1c08b1cee8ded5d1ef6bca7153eb4797,0,1,0,0,0,0,0,0,744,345.02
1605,e58f6e521141d52d00133aaab6ac224cafc7dc92,0,2,0,0,0,0,0,0,963,451.86
1606,91a4751f716c90651b3121d88186b89b2d3509b5,0,1,0,0,6,0,0,2,9,171.66
1607,4909415a3ea35bf7807a66afbb137a6853b02c76,0,4,0,0,13,20,3,13,799,709.14
1608,2e27927111b6152ed960119e90ceb2a57053cb6d,0,1,0,0,0,2,2,4,370,315.13
1609,976ac6a1c6f5b82e6b13cedf7776f5a5feb931c6,0,2,0,0,0,7,0,0,975,488.05
1610,b5d9ac6e7c84d220995ff0103d4947b21c5d02e9,0,5,0,0,5,0,0,2,963,687.37
1611,85d6ce67f3b57eb95444ae631841f460617e64a0,0,6,0,0,38,38,0,0,1382,873.62
1612,c075f12e13356638d9fbfcb256cba664170bf1bc,0,1,0,0,2,0,0,0,32,141.41
1613,733a971c091834e17eada49463021c0e42308b9b,0,1,0,0,0,0,0,0,50,118.86
1614,8720e2e3322b4b6a04ecbf3f1a99746ca557b9bb,0,2,0,0,32,2,0,13,775,486.1
1615,133e8d5ec50592fe2361e5af1dc287692e668e97,0,4,0,0,36,1,5,9,635,589.93
1616,c8bdd5414f986e9278a1f5fd9d14442fe8d95ec5,0,1,0,0,6,0,2,7,370,282.26
1617,9d7568282babd4811c9433ef066d8cea15fe3452,0,2,0,0,21,0,5,24,1030,626.53
1618,5c51569c6924e25912f57618480c109e252638d4,0,1,0,0,3,0,1,3,772,411.79
1619,8fde113b665521a7f9af466ebcbb953a4bfbb105,0,3,0,0,11,0,5,13,524,403.56
1620,8499625733b45ade79e7ceaddae47796613acdb4,0,1,0,0,1,0,2,4,775,958.93
1621,7a98d7bd2c6ee8df54efa2c9deca29209e06bc69,0,2,0,0,2,4,0,4,629,463.05
1622,6879422aae675cfe26a7f3be0d748b97d91b40cc,0,1,0,0,2,1,1,0,57,166.16
1623,5915c1e89785000e2fdfa64eff168e2f675ff0ae,0,1,0,0,0,1,3,3,308,307.21
1624,a7d9ef1972dfb0ec9ba8dbce19a1ca83ff263825,0,1,0,0,0,0,0,0,308,201.44
1625,fc61e9399dd3f13eceb945063a076e3397bab368,0,1,0,0,1,0,2,4,308,257.31
1626,c720ea584b90dc8bcd5686ab9c2e8e33fdca0661,0,2,0,0,3,0,0,0,854,448.8
1627,b186a5cd486044249cdc2cdeff5a395cdf077985,0,1,0,0,0,0,0,0,34,100.5
1628,b5538dc4d41d6cf2d377d814c15c40bcccdb4809,0,1,0,0,1,0,0,2,309,244.26
1629,940141e34330297c397958ef104d36c43500caef,0,1,0,0,0,2,2,6,308,263.28
1630,c6ee15ec486e71db528f00c6f649fd668f6bba13,0,2,0,0,6,0,0,0,142,254.38
1631,d97f3f19397339ef056929fc0224c4efd6940578,0,3,0,0,45,0,0,15,1030,634.39
1632,018310e2708f19260ad1f31ff9e9da2b3bd85b23,0,3,0,0,23,5,3,9,1070,715.96
1633,110280aedaff8d817a302c4c985d0b955c93167c,0,1,0,0,7,2,0,0,818,448.0
1634,e74a7af5ab1e1a53a3db42dd188d1e3b2fb6eecc,0,1,0,0,0,2,0,0,234,181.85
1635,29f7f0623e0f9192ce140ff4b812542a1a3195f7,0,1,0,0,1,0,0,2,48,154.84
1636,84d91c65e42bca3f8870e87a46451f53e6d4cbc3,0,1,0,0,5,0,0,4,947,456.13
1637,37dc267fc643cd2e095a92e6a88a7f6478f98384,1,4,0,0,113,95,6,19,130,657.47
1638,4a3436e4658cf63d9e7c5fb6381f09da084d181e,1,4,0,0,0,65,5,14,904,720.51
1639,a7de735e6da742d0841d6edd7c66d89f43ab632a,0,1,0,0,2,0,5,5,113,194.59
1640,81ffee3e99af039400d5079213a54202a9be4f4c,0,3,0,0,58,14,8,16,160,687.64
1641,80840a076033b68d23129f7da9eacd93244e97a9,0,2,0,0,2,0,0,0,199,207.94
1642,0939780a0c4f235dd8186d44141aaad46a501e17,0,2,0,0,12,0,6,16,201,337.58
1643,4bef73bf4b976b76a07c292c176d86bb75b2677c,0,1,0,0,0,0,0,0,825,363.34
1644,111a80cb1053ef44c866b67e2c588ed7daae6f78,0,1,0,0,0,0,0,0,825,425.85
1645,6e9a2e98294e49397796f70ee4d07978c7cbed78,0,1,0,0,0,0,0,0,125,175.91
1646,37ade53595c46e2a6cee3d40b7e00e6462ed38b9,0,1,0,0,5,0,2,2,825,474.19
1647,a0fabc5d2b1451cd35bf151df28c6cedff494f46,0,1,0,0,2,0,0,2,11,136.77
1648,ae7ddced332068f7920c355ed1b61bd050f402c7,0,1,0,0,0,7,1,1,326,271.08
1649,f6c107bac6bd09baf20ebeff0903c2a6ed2a6e76,0,1,0,0,0,10,0,0,200,170.13
1650,0b591df6fa170720ef6c5c096db39abf09a7f3f0,0,1,0,0,1,0,0,0,31,139.34
1651,f1c716f015c3f030db3cd86a426816adb261680a,0,2,0,0,1,5,4,9,971,570.38
1652,8ef5d503390d77b95c1639d7b139980597315c34,0,2,0,0,2,0,0,0,867,476.12
1653,9b5c44caf3046c72808d053d2e7045d0f775be79,0,8,0,0,9,21,0,2,677,748.92
1654,0d78b5c6261171833a4b181823f60876ae6ac883,0,4,0,0,39,1,0,4,1402,885.74
1655,0b74986a3f9b29ab698a3961c440601b5adf6845,0,2,2,0,24,18,2,0,162,328.68
1656,b98e03a0bce35f83a043c41a8e8b97e0a7c2bc9c,1,3,0,0,13,1,0,3,185,394.62
1657,4e7bcd0d3b8aeaadb470b6f56aac2b8eacab7702,0,1,0,0,2,1,0,3,873,447.52
1658,66d2bd02548a9a70b9d873501715da1dfb4d3d63,2,2,0,0,0,0,0,0,392,407.95
1659,138d28cd6de07103718afb586749fe922f217650,0,1,0,0,0,9,7,10,944,469.08
1660,96588d4f322dfbb1f5ff9328afe4377babfb1d2c,2,1,0,0,34,0,8,3,875,897.14
1661,3dc8066547de9c31be09cba912ddbb3262fd4870,0,9,0,0,128,50,28,37,4022,2496.59
1662,b0fd9e83b73a88f144f3a9bbe27e06c041e38d1f,0,2,0,0,17,11,2,11,1211,706.26
1663,5ea3dc3f61010ccf8591bc52460a7ba419978eaa,0,6,0,0,50,47,29,9,2157,1350.87
1664,13e73255d8eb429050e714971b47aaf6d8cc36c0,0,5,0,0,2,6,0,6,1481,847.54
1665,3c58e6848ba94b054b7e157f0c9b726d974208f3,0,2,0,0,13,18,0,9,1210,609.55
1666,78bfb1ea24927b0daf2c2ab925c123640df3ad2a,0,3,0,0,14,9,13,25,1144,984.33
1667,53b49b1180dd2299b76709b4e7cf2ac184d2190e,1,3,0,0,6,9,7,18,1115,748.13
1668,7e6ff7fef22b60e38bac659b1129e6b695b371cd,0,1,0,0,6,0,0,0,171,189.43
1669,9a9df3007ecf6f393ec9de61c53ba2139674817e,0,1,0,0,41,8,4,13,318,324.57
1670,2bb1021b295c8116db2c0fb3ca7816f282043710,0,5,0,0,47,37,5,7,1462,1043.55
1671,bd841173edfc3b7aa8ef953c1627199ebccd350b,0,1,0,0,0,1,0,1,95,151.46
1672,2564647db8e97a701072ccedf16218e499a9aa44,0,10,0,0,63,10,0,2,1672,1309.64
1673,19879f0cbfb6f8f48fceecdfd3a1b080cde553a2,0,1,0,0,15,0,9,26,832,434.53
1674,ec9f3d9c80f5d4ed7dc13a6deb2e63d6119ae6ed,0,1,0,0,3,0,0,1,61,171.26
1675,440f0399b565aaa0450d62e0c45329ecdc545be4,0,1,0,0,1,0,0,0,906,451.71
1676,6f51828ebcf5d62aa2461489fab08aafd3a6ceef,0,3,0,0,18,0,0,1,854,635.74
1677,c5781b849d4fb0b503e838a0a37954f281cc0fab,0,1,0,0,0,0,0,0,45,117.3
1678,2d51d59a93c389ab35e80449b2608aa71c348207,0,2,0,0,28,0,0,0,750,485.72
1679,b37328a090e21857fb163533b85b9a1dcbb556e8,0,2,0,0,0,0,0,0,490,290.24
1680,ac4d0161471bc5bd6971226a30074f3e8ef4879c,0,12,0,0,18,0,1,3,2393,1858.77
1681,3940d8eed167c1bf6e3a7514ffa5c3b1de83f449,0,1,0,0,0,0,0,0,315,196.13
1682,8a47cff66bcb51fe733818ecaaa30eadbb98e3cb,0,2,0,0,10,0,0,1,177,249.13
1683,549945b26a8bd089f7a2de180cdf83633c489929,0,5,0,0,54,25,7,25,1904,1222.19
1684,6d368bb87de51c5931184286db9a85f764089efd,0,4,0,0,0,0,0,0,1450,827.39
1685,a44a150e9cd322aaffda68628ea3ff608519b12c,0,4,0,0,25,0,0,5,351,605.44
1686,a161f9f0639c1fa594d1f9cdfd92565dc35a965e,0,4,0,1,33,27,1,4,346,732.1
1687,0c5abc427c6b9987475f2403a0a67e51d675572f,0,4,0,0,1,4,6,7,1375,899.74
1688,6f1a1a798f8750bcef0c58778b864098894dc7ac,0,1,0,0,11,9,0,0,73,197.07
1689,e3c78f80a2c977bcac4c48333cee01865a13f431,0,1,0,0,0,0,0,2,904,427.45
1690,d3b4d6b622e6ffef305849bab54ec78467d18f4a,0,4,0,0,14,9,2,1,452,533.71
1691,58d05cd57ec5f6d27a3c4dcbc9cf3e944071492e,0,7,0,0,8,7,8,12,1529,1220.42
1692,9f34a147ac8ea4678696094c1591570ea048b6aa,0,1,0,0,0,0,0,1,217,181.26
1693,4e90bc9ea0883d620aaf3555e8b2bd5d505264e1,0,1,0,0,0,5,1,3,408,316.01
1694,a9e3fa1c54580a01132bed0c2401ced7706a9e7e,0,1,0,0,0,0,0,0,77,140.6
1695,2e0ff83749545622dbdfe416d812de2a41f64b8f,0,1,0,0,1,0,0,0,72,152.0
1696,8fbf2e78f7fc2ba5ec8343101ccb586af43124c9,0,4,0,0,8,0,0,0,512,546.36
1697,cfa0b3395cfcd0ff48059325b6cb87b8d9c356c3,0,4,0,0,4,21,2,4,773,653.82
1698,af5e0b7dd449d3cfdd941b54896e6fe7fe623f4a,0,3,0,0,79,12,2,16,549,733.84
1699,f0104cdce5ec423ea4b47f0b3bbd8a7b8c8440a6,0,3,0,0,8,63,2,14,565,577.52
1700,56770fc8070f15188e80e85978e235d75dc9f39f,0,2,0,0,0,0,0,0,876,808.45
1701,5856ee9e6e7732922bc2c331f4cdf7ee741bd661,0,2,0,0,1,1,0,0,875,770.1
1702,4ea000beb0561ad8dbd01cd44ac318ab5e6961a9,0,1,0,0,6,10,0,12,447,337.75
1703,bf22c526c60d3f4bb2b23216af78dc178b4ac02e,0,1,0,0,1,0,0,2,453,306.62
1704,2c6f56ddcb1248b14a27c6a1462de25c29177acf,1,10,0,0,37,17,4,25,1446,1483.81
1705,0b5d59ee5169e8f4e40c7b3c8c11f6f9e41ee4a4,0,10,0,0,45,6,0,1,1358,1092.13
1706,5362293ed2b1075a243185691ecb0d4c7fdbc876,0,1,0,0,0,0,0,0,408,218.31
1707,91eea35343c1a6347f8ae98739ce2f6deff83ed9,0,1,0,0,0,0,0,0,408,238.89
1708,306a2332fbac2e8a46ab277faa8e74b74acc88c7,0,1,0,0,6,0,0,0,60,130.16
1709,9cb32b628881f88df5dbfbf8b2001cca4523cd70,0,1,0,0,0,0,0,0,66,96.05
1710,0aa85e9398065fd604012303fbc194055d0065f4,0,1,0,0,0,0,0,0,89,138.48
1711,7c384e254f200172a872a2d5d95855f3944b733c,0,1,0,0,0,0,0,0,89,141.91
1712,2fefb714b51787f8a238ccd759e48c692b6e2f51,0,2,0,0,15,0,4,26,572,460.04
1713,3a63f3e2e00abd7d9c5adcdb185208a96c35a800,0,2,0,0,0,0,0,0,587,322.98
1714,371801b7e047e5aecffa808495c0579b85ca7480,0,1,0,0,5,15,0,0,74,222.34
1715,55d8d53876486344ac425428e42ee570cc86bf4e,0,1,0,0,0,0,0,0,234,138.62
1716,a4ebfe322cf1eedf7afa2da3fbec92d85a6a96e7,0,10,0,0,142,3,0,2,237,992.01
1717,fe9762db2085a5b1229584aefeb8202ac6b7500d,0,4,0,0,6,22,0,0,1416,810.96
1718,d32fd5567a164d850e9490347b71624a1a17aadf,0,1,0,0,5,1,3,6,951,506.82
1719,2c438e5881b7abdc013ac2d1ac449683261f09d9,1,8,0,0,105,97,6,36,2958,2008.6
1720,0ff4d09d6452911eadf4edf620e957434925f13d,0,5,0,0,0,0,0,0,2446,1380.32
1721,8e23331f76609a987eee5306cde28986031e0e05,0,1,0,0,10,0,0,1,321,246.54
1722,1a37ebf553f39387971fe1f2df2c9da31a21a01d,0,1,0,0,0,3,3,4,952,459.83
1723,1ae56a66e4a5b5272783edaeefa33d193c7647dc,0,3,0,0,12,0,0,5,1110,646.27
1724,6aa5925733429ae64505b68352a28a91b9b77d7d,0,1,0,0,3,0,0,0,848,497.15
1725,115d63cfb466729672e91793da663749f53374a2,0,1,0,0,1,0,0,1,904,416.16
1726,8124bdccab47bb10d86ce845ce71da7ec9f9ba73,0,1,0,0,0,0,0,0,905,387.97
1727,c48abe4c1fbebe1052a53840fee98be91316f3f2,0,2,0,0,6,2,1,2,229,351.04
1728,789f625bf32454f133601560ebc86b6aecec1936,0,1,0,0,0,0,0,0,31,101.4
1729,f1783319fb21d334f285568427f5b478793edf49,0,1,0,0,0,4,2,0,27,158.5
1730,d208e0359c75cfe033acda885720fcf83f06e620,0,1,0,0,1,0,0,0,79,140.34
1731,6e682c0e793e576431f3222631dc661fe8b916f2,0,1,0,0,4,0,2,2,27,169.0
1732,a421e2501b5f42d89dbe2335114664026c3b81c3,0,1,0,0,0,4,2,0,27,135.23
1733,b4e5898403ef193cd613f1ff90fc4633b8b68c89,0,1,0,0,0,0,0,0,359,218.1
1734,91133a474934aa9871873368eb9c791cdc011b9a,0,6,0,0,11,13,6,8,1653,980.87
1735,e4e375b3cb51b757dfdf94e565be1058a0cdc48b,0,1,0,0,3,2,0,0,54,148.86
1736,5be0a1da6bf2e463b14403dd7d1ceff3498819c3,0,2,0,0,9,1,0,1,216,313.4
1737,c9e6991b2d46b9c224a56f06355c88fb5d996997,0,1,0,0,90,0,0,0,197,371.17
1738,49d8b3f49a444261e03b60bf4c8f260808d00fab,0,3,0,0,8,0,1,6,345,403.87
1739,e231f71f0fd542e4d7399f655a96fca97369fae8,0,2,0,0,0,0,0,0,990,507.83
1740,e856470fa159040128540a104618fb1cc1bdb6f9,0,2,0,0,2,0,0,0,112,557.2
1741,19dd60b093c1ff94de1fc3c5342aa6199ac51dfe,0,1,0,0,0,12,2,7,150,198.17
1742,91048502a6f8daa3fd857ecfec70ceae35ab708d,0,1,0,0,0,3,0,2,36,130.0
1743,fa74f2fbe0633a0af2bfe76f7f27df9c1f4e51fd,0,8,0,0,0,0,0,0,2763,1452.04
1744,fb2ce875415d5258fa92b835c91c3688c95e070d,0,1,0,0,3,6,0,23,144,211.39
1745,33add1f65b654be24b8a373eaa7b7247a0120de1,0,1,0,0,0,0,0,0,147,133.98
1746,486864605ce3fff26ff4988492afa5258ca9a5ec,0,1,0,0,12,0,0,2,191,211.72
1747,033d51a590ac383d4b0b05faeeb51b24f3980ca7,0,1,0,0,5,0,0,3,359,262.55
1748,24246c222d8eedf40b245016b538f0f794a048f5,0,1,0,0,8,0,6,22,147,218.56
1749,1664307756df90a4125a5fa8b18b11cc994c8c36,0,3,0,0,19,1,2,13,832,601.88
1750,b5cc27121bb5203fab1f550a336b62fc62d1a45e,0,1,0,0,0,0,0,0,56,131.06
1751,6c2cef0ae0954a0b8d8063254a9c5b08955ab925,0,1,0,0,0,0,0,0,109,148.59
1752,9ebc4001b23c698ed68af55b13f96c3d5ad6e590,0,8,0,0,10,10,5,8,1520,1384.73
1753,a3384f39273ed53a693ba72f13da3042d4811d05,0,4,0,0,6,3,3,18,583,557.87
1754,e9b1acc5f40adca7de1a97763f1f9816635fabe6,0,4,0,0,54,0,10,9,1364,967.77
1755,9d291b0d12f348c1b315f74cd6971f6b4e5f1e27,0,2,0,0,5,5,3,4,67,307.84
1756,213b4291afb53143263633b9cc62af758a982239,0,12,0,1,17,20,19,30,2121,1905.13
1757,b17aefbcf56b60d1994b90fe7fba45c79ce2732e,0,1,0,0,0,0,0,0,97,110.19
1758,a8b89fba35ef51f0b7e649fc4c8f59ece7865b05,0,4,0,0,67,2,1,15,596,818.02
1759,f0709a4956392d307219f545dba08c641e99f462,0,1,0,0,0,0,0,0,34,109.85
1760,0ed735570d80c42f4f279c54d652d9b1a2833e3d,0,2,0,0,0,0,0,0,888,783.53
1761,3991fba440756ce5174f54dd544302a0591e61c8,0,13,0,0,116,35,13,18,2023,1727.75
1762,6cb811b454779ae34df509b09abb69134795a4cf,9,18,2,0,109,82,1,3,1083,3182.69
1763,c08a71d53100e7b25f52bd179c5f8685ceeec017,0,1,0,0,0,3,0,0,320,225.12
1764,88f47b80c53a4d4587130ecc4e5fb6e94eca2659,0,1,0,0,0,0,0,0,97,126.11
1765,c933bb326899b83dd136f8a31b090849c802084c,9,0,0,0,0,0,0,0,0,1511.6
1766,5b9abe18549f97f77d7f0b82af7c68546e3f696c,0,1,0,0,0,0,0,0,124,126.31
1767,14d0647748618e44128c796ade3829f2f877d1ce,1,6,0,0,29,13,6,10,359,701.19
1768,5995b48e8263902607fc618c429e2b4ec2be00bf,0,6,0,0,34,0,3,14,2137,1187.11
1769,718b65e6aeae12e814864ed05ece5180bd310fbe,0,2,0,0,58,31,0,3,48,372.23
1770,d4251422d9ae5a3fa9f896c6083f1796b323fc50,0,1,0,0,15,2,8,8,90,205.82
1771,47f4c02caa74d2210194c679043aa350e5349f7e,0,2,0,0,2,5,0,0,158,218.4
1772,db05807b0457bba7cf86c7dd98d36e2bc1ae9d93,0,1,0,0,6,7,5,9,98,214.3
1773,c57e7c9e87f8d6b2ddb0f6e44822e550d325720f,0,1,0,0,0,17,6,10,87,162.2
1774,671de68026394162108c05b74f5595c1c8bd23c7,0,2,0,0,11,11,1,2,384,358.14
1775,4f9dbf5b08e8b72010774b209b525fecfea5688b,0,1,0,0,0,0,0,0,55,95.25
1776,fd104360058df4272b93cd318c7c7ac44a422b96,0,1,0,0,0,0,0,0,331,204.08
1777,23067c7bf1132c6146e3c83943cef6cb202da9f1,0,6,0,0,1,0,0,0,284,438.08
1778,414d2e4fec08a9f32b6a55b11907c21f8ae68075,1,0,0,0,0,0,0,0,0,190.71
1779,9b3fbc816c254e3da4f39b45a3e061d31f6926d9,0,2,0,0,4,0,0,1,1287,648.69
1780,29e64c8975c46a95cca6779eea1439fd41534bdf,0,3,0,0,0,5,0,1,299,607.0
1781,df9e121fd904a3405939f70d3b2eafcc8d0fdd75,0,2,0,0,10,0,0,0,107,201.48
1782,1d8ba59c9be863b4a06c15cb329e27244c7506da,0,3,0,0,6,2,0,6,259,318.06
1783,d5c257edd96d12e04ba60ab32954a38354bee2c3,0,3,0,0,8,0,0,0,1427,793.51
1784,ebdc7cd9a46c652ccfd78ee47cc637d9a41fae98,1,3,0,0,91,62,0,3,701,715.97
1785,a2e21dc731bdb2d73965f60911c14339a534252b,0,1,0,0,0,0,0,0,388,215.62
1786,8110c63b16563e930504afaad800fb7b84b69410,1,3,0,0,0,0,0,0,792,592.05
1787,e5f87d1d91340db050a9a4efa954a82ee371aafa,0,3,0,0,28,13,2,0,413,435.73
1788,37ec7d326d0a5125b197291234a462eda31a5883,0,30,0,2,9,9,0,7,3832,3246.75
1789,5630e15e2851f4e1c6a52822cd1435277997cedb,4,1,0,0,5739,1690,48,157,15546,9486.92
1790,ed6594e877023504482d009296b77e02c619aa08,0,4,0,0,215,76,2,3,1344,1058.5
1791,910b09f6556ece6caa9f27a7d09281ea4a2b6e89,0,1,0,0,3,0,1,0,48,176.7
1792,c1f3c9e9aca69193099092175ba3f4d0bb763e3f,0,3,0,0,19,3,0,0,158,260.21
1793,bde3781da53adef3929e08e3e51228b0faf0f1bb,0,4,0,0,54,0,4,16,1541,1131.78
1794,d718dddd6ea1eb4584c4b17151cfdcb11da9236e,0,1,0,0,9,2,3,12,424,406.08
1795,d650fb6af2c74e14e33b934c3b73f9be495e8751,0,2,0,0,5,10,2,5,111,317.14
1796,e5477338458c3a0229d4fbe659231002ac154583,0,6,1,0,98,120,1,3,1474,1300.28
1797,dcb61125e665c7a955ba293fbda11f3fad472ef0,2,3,2,0,5,5,0,0,556,754.1
1798,8953630bc5b2fb4b604e20f6a59968042ebde0a9,1,0,0,0,0,0,0,0,0,121.29
1799,361f8504a066c543dc9c6d87d07cd0d1357a814c,3,1,0,0,9,34,1,1,17,474.49
1800,9694494e7f3dc184edb2d3d583ed48c6f0d7a711,6,0,0,0,0,0,0,0,0,1379.67
1801,d36ec10152b29ed052e12acdde1ae74b726698b3,0,5,0,0,0,0,0,0,179,404.36
1802,336921d0a1d0489e820e51be12742e61ffeb7731,0,1,0,0,0,0,0,0,344,227.05
1803,8d28548efb8c3afc496e98a400c3a4418119e168,0,3,0,0,7,2,0,0,329,370.32
1804,9ef94ebc6d8da1afff6d1a6d6c154999c45ead4b,0,5,0,3,156,138,7,21,824,2081.39
1805,f5236e4aee02b68e26092bc7926001319f127d4a,0,3,0,0,45,0,0,5,474,451.75
1806,53c2e123cd09df189cdd234951725b7d87a20c62,1,0,0,0,0,0,0,0,0,305.48
1807,a043125eb54193512c86086fcd90fbe798bc0367,0,9,0,0,25,8,4,17,1523,1247.19
1808,e134e51ba6d2cf8024d6b60c9328cead202a3f90,0,2,0,0,0,5,0,0,315,256.3
1809,f6f5e0e7c0b7667055adaff5242b71f2b77c90a7,1,7,0,0,44,6,2,0,646,740.46
1810,eb39ab7b4e0c566f5cfb72e13a28ab7948df04b7,0,1,0,0,90,27,1,0,172,320.04
1811,8dffb10d6c4730e94e9746162f9cd861ac6413e0,0,2,0,0,9,0,0,1,924,517.28
1812,33a66405831af0ca2a5ad0e3a244c6f246902479,0,4,0,0,130,32,4,17,340,739.73
1813,936b46427a0623a540f0ab20f14aa46e4efb4d19,0,2,0,0,0,9,0,0,924,451.15
1814,71f002849b2b1c029614c25b6346085c4f68f183,0,2,0,0,9,0,0,1,924,599.51
1815,eed707191faed2cce1df859ed5f500e6d2aa6f2d,0,1,0,0,1,0,0,1,44,126.11
1816,29a373bb798ca5dd5a3beb62ea5cc7879a707d5a,2,0,0,0,0,0,0,0,0,317.89
1817,27042c2289b690765f3b0e1fa7f95e72ee37f24a,0,2,0,0,19,0,0,2,1008,537.89
1818,d4ab52d4346cfe41d86249b1c4a68ca17c1a42b2,0,1,0,0,0,0,0,0,80,112.1
1819,1ed43c141acd3d8d96a9e99d36aed84fb363d365,0,9,0,0,10,2,7,11,1218,1027.5
1820,e4d9524efcb4d3e2c0f336a151c86e169975a338,0,0,6,0,0,0,0,0,0,541.09
1821,9696928064ee2797b9f850521e5d1e07d4e1b08d,0,3,0,0,3,1,4,11,217,340.11
1822,ef9c9f3f3ccb4c5bbf007680be3756ae43659b83,0,1,0,0,0,1,0,0,79,148.51
1823,2a3a497fd8b12160faf81edce1d7e2cbac953b95,0,2,0,0,10,6,4,14,304,334.78
1824,5db8757602842f2a73bdfe28774f43f593625025,0,1,0,0,0,0,0,0,37,97.56
1825,43d330ddd8facd692502315c3dfe641e788f2733,0,28,0,0,126,107,12,15,4902,3555.52
1826,13cf4f4d9fc628f6cedb6b6c348376189619e391,0,1,0,0,0,0,0,0,344,225.72
1827,b2024a1a4a86e30b72fd3f358007b91f3802d4ea,3,7,0,0,183,80,8,24,2348,2083.42
1828,a4294410b84af2576af928501e983f5b9fa7f6fb,0,1,0,0,0,0,0,0,189,148.18
1829,67047232b29a5ebeedaa8f8f7db82af031cf3226,0,9,0,0,0,0,0,0,1251,910.97
1830,66918126ea49ba2221fb3c1c26239e3c42ad5d44,0,1,0,0,6,0,0,1,34,180.2
1831,ea678af514ebf9e9255811e550fd6df516c44b57,0,1,0,0,3,0,0,2,434,274.35
1832,154eec90baa5a2a8b2a3e04fe1f7ac2d9a8cb3b6,0,12,0,0,9,17,0,0,1716,1327.09
1833,fe57cc5e37a1af282d9a0e97ea14876507bca170,0,22,0,0,79,142,1,5,2230,2106.55
1834,e4c38689a75639c3f81c6eb1ee1bbcbef3dffb2d,0,3,0,0,14,14,0,0,454,416.57
1835,6350c16e6d32ff318189bc861b25e4677e80a91a,0,21,0,1,76,184,9,23,3613,2608.0
1836,9f36c577af8f8ab756cf172e11943f4a1b6e78a0,0,2,0,0,1,0,0,1,444,442.85
1837,96916e29afe8884f3d8a8c4beb00f20b07fcbf3e,0,1,0,0,0,0,0,0,167,169.79
1838,c538b9503809aa6221ea498e395f235af721a29c,0,2,0,0,6,2,0,5,1030,577.3
1839,0be34cec4130b2b39b7a4dc7ef9ad2b2c0000f7f,0,6,0,0,10,7,5,10,1406,899.34
1840,98aaa38ec8ae50cd6b95279e432ab0b606d81d41,0,1,0,0,14,1,0,3,36,532.57
1841,78ba84972546d45ed98092b9720be62fad27dec6,0,2,0,0,1,0,0,0,999,518.19
1842,6f6cd971a4a7c0595403751f8e1dea4e7e5effe4,0,1,0,0,1,3,0,2,42,170.85
1843,281cbbffec5df6ad9793dae5544995f9d58c53bd,0,1,0,0,0,0,0,0,156,127.99
1844,ef34db673735def1b4a52f1b3c623a5a4e674ddb,0,1,0,0,0,0,0,0,156,162.7
1845,96e530594a65b2b09abda9ad0716324a39222de6,0,1,0,0,1,1,0,0,982,510.08
1846,60b848b43f016091c89c77eb1713ea563136dbf2,0,6,0,0,37,5,7,13,1310,952.43
1847,73d2ad1447e51ecde25f768460e8442b198c4186,0,1,0,0,0,0,0,0,100,129.79
1848,e191a7e6d34f4e63d341504e77f118ade95eafdb,0,1,0,0,1,0,1,1,411,361.03
1849,a3d120ac1e1a89a08e898de0b41a71b5d9be5cb7,0,1,0,0,0,0,0,0,412,267.25
1850,d9a32437a58fba25db6c19e0121827da1fa2a93e,0,1,0,0,10,17,0,1,164,214.57
1851,3ce5126fdab0e6f1f05bc5513273f65e17ec5ffd,0,1,0,0,16,16,0,2,158,196.34
1852,03b528aa2eb469b94e45c0ee305bb41b7cdbb095,0,2,0,0,5,0,2,5,1104,591.44
1853,7b553a8eb5b42395ac1683c1bc362671b5c1a7ec,0,1,0,0,3,0,2,4,156,490.37
1854,862ae834e18d98fc3646720df292197b0604718f,0,2,0,0,1,10,6,7,1394,675.29
1855,b4709dc5004d962f9914ea300b800e01b4b27eef,0,1,0,0,0,0,0,0,973,407.17
1856,e288eefe597d860232e872467a5ab8dcd273b15a,0,2,0,0,46,32,0,2,941,624.54
1857,4826e8c8a52ffe2f3e01fafee410e7303d464255,0,7,0,0,44,26,8,27,968,870.89
1858,ebc25c187be12487ae8ec11ff8f18af5549912b6,0,3,0,0,7,4,0,6,362,394.47
1859,42d14c03bda03811710122aabdd0c9cbec973822,0,10,0,0,34,3,0,0,542,906.79
1860,c3d3e6393381eb5836895b3a9bd08277bd58a7e6,0,3,0,0,3,0,1,3,229,688.78
1861,eaaff94934998110e865fb5772f51622a7edc3bf,0,1,0,0,0,0,0,0,160,151.72
1862,d19c9e96c669157dc5c057e52f177e3486938be4,0,1,0,0,4,3,2,7,153,229.34
1863,f3a286d46755f71899cd2722a89cd9a54aeb616f,0,1,0,0,3,0,0,4,157,181.1
1864,c00f241fcca7b185b49f50b6775b7e6ad2852a19,1,0,0,0,0,0,0,0,0,221.83
1865,6c06aa9e9ad110f0c86d23a30919b6729028998c,0,1,0,0,0,4,1,0,86,149.99
1866,434636a6d7d40d0460acdd9f9063ce81f26d7bbf,7,1,0,0,0,0,0,0,60,1165.9
1867,fa8c3e4b8300ad49aef3fcb6067d9f6ffabe206f,0,1,0,0,1,0,0,1,987,440.81
1868,16cb2f559fb45e8f97c8c6a33e9752b03ead7f3f,0,1,0,0,1,1,1,4,987,525.93
1869,5ba872bd89904e6126ca379f1d305b5d8edcd3e6,0,1,0,0,0,0,0,0,988,418.68
1870,7d567af62cf07e40b8f9f6d600857bdd2f486008,0,5,0,0,11,0,1,2,631,565.74
1871,9069cac57d91016c89bf5f3473e54040e517910f,0,1,0,0,0,0,1,0,988,502.03
1872,07fb48e51424ec325f83a90639085cc99f14ad3b,0,3,0,0,11,0,0,9,482,433.77
1873,00ecb0fac214c4a8c6a58647e3b177ab7708af93,0,3,0,0,37,0,2,4,942,644.01
1874,4b92b79532fec22e7c0df9676394357354b1fe6f,0,1,0,0,2,3,0,11,441,292.28
1875,baf30db1f1ea8c20261d0fd407c2184d081d6c7d,0,1,0,0,1,0,5,3,88,177.14
1876,1506731fa04a6d5a1e6d92d53b0fa4796badce38,0,10,0,1,123,73,1,0,1171,1315.22
1877,e9f265cee6c4e805d9c40f325977318fdc1922eb,0,6,0,0,63,24,5,6,1322,977.03
1878,f3630a65e168db8310f726f0d9ae8f1dd92b84d1,0,22,0,6,154,202,16,47,2425,3295.04
1879,86369f8d6310632491ad6d02143c3a69f2504dc8,0,6,0,0,14,0,2,7,953,699.13
1880,e8151edc282a8ce0fd22f5b3b0b0714b96bd003e,0,1,0,0,0,19,0,0,103,477.36
1881,f50bd32da48c89f36c7e6474589ea7a65c68d599,0,1,0,0,19,0,0,0,103,156.61
1882,48a154719683776af3e14b4f4441819d94f441af,0,1,0,0,0,19,0,0,103,137.82
1883,6aa5b81d24881f11cf218468b7a4267fd054b1ad,0,4,0,0,5,34,0,1,396,483.11
1884,a923d91558526c4be1e09b18c54e21623cb63e1d,0,1,0,0,34,0,17,12,189,259.93
1885,924deb091f94aa83e62bf5920b59ad5c8112122b,1,2,0,0,0,1,19,14,222,339.53
1886,745fb44accae3f9f5859c9e73e5caeef4bb1beb5,0,9,1,0,26,64,5,28,1065,1337.11
1887,c7b4740a762c13556c044f3e8bf750c196847698,0,2,0,0,9,0,0,0,148,175.84
1888,569feedfe9f49e1de0c176431d11f5d0dc9045fe,0,7,0,1,9,8,1,1,1042,950.36
1889,93126cb17960a5dce1e98983f122a26267d631f4,0,2,0,0,0,0,0,3,252,216.89
1890,73ad88aeeb869c8e58f68eb988ee708d40b1d536,0,2,0,0,12,5,1,2,339,363.51
1891,83843966bf232cde624903c593cd31543e2a450d,0,1,0,0,52,7,0,0,15,211.05
1892,1916943ab33dfb60d52f78715a26bc8597d51990,0,3,0,0,140,79,6,0,208,523.01
1893,974b4acc4ee7e0d50aaa4033c54012cba3dc3f07,1,0,0,0,0,0,0,0,0,167.1
1894,99b030a9579de323d4e789dd28b3323799ef3b31,0,1,0,0,0,0,0,0,412,244.39
1895,eb85a30616b89a5dbd38aebde2b2fb2f3e23ec70,0,3,0,0,19,0,0,0,1531,750.08
1896,59f87afa7a61fc2d865468d23fc46b98c77c123d,0,1,0,0,9,5,0,0,116,195.9
1897,d3329d28a1cf9c4bb440efb93e8f443e4369ae0d,0,1,0,0,3,4,1,1,260,242.79
1898,b45ef3f5928407f2e6be336f4c893bce1f56c7d5,0,3,0,0,19,0,1,9,713,505.5
1899,9fa7a327d038066fb7761d35c2f61ff5611294d7,0,5,0,0,0,2,0,3,1358,769.18
1900,a2a2dda3119a28df4a5760ac22027b85705d736c,0,1,0,0,1,3,0,2,119,504.73
1901,2fdc5ef5e85c6527b9c693adc2b981edf846e734,1,2,0,0,59,7,6,7,1134,765.81
1902,1151e5548465e84dd52494ebdfeae9c9f19443b9,0,1,0,0,0,0,0,2,164,171.16
1903,778d33d4aa83b1871d551245a5ba1693f4e1e68f,0,1,0,0,2,0,0,0,41,128.9
1904,8c1105eea3f0db8f973315668fbf852e5d253682,0,1,0,0,10,0,0,14,239,224.95
1905,158826375ffc3ac977b0ba28de9178576a4d5439,0,1,0,0,35,0,0,0,363,276.57
1906,4921acdb32216f6c7903e6be68a45ba5d22aee2e,0,1,0,0,25,10,0,1,57,209.49
1907,a23547d9aed3a9c29429cbf36be30055bd40c8ad,0,1,0,0,0,2,5,17,444,310.62
1908,88c94a711086f32c2010efae1feb5a18f8ae0df8,0,1,0,0,1,0,0,5,16,133.27
1909,b2978d2fc1b5c2ab0d845ebb99e503f64f9fe5e8,1,3,1,0,14,8,0,0,1980,945.44
1910,25f1ed51247b966d9acf1209d6ad47f41dac03aa,0,3,0,0,18,0,5,17,732,596.0
1911,6d3aacdc49c4fb4d277c27ac3aac99068de099ab,1,3,1,0,8,14,0,1,1980,991.73
1912,15cf72c55f06cbd9fc57ecc0a4decb9f52b59948,0,2,0,0,11,5,3,13,1441,746.51
1913,ecbd71f6b4bb004d26e585ca8a7e642436a5c1a4,0,4,0,0,15,2,4,20,435,655.49
1914,34f735d1c34001eecd81dbc3e9b997a2469a7d93,0,1,0,0,0,0,0,0,46,120.85
1915,4082c1ddfe995980736a13d5271e7bd7b8524442,0,1,0,0,5,4,5,8,1014,539.18
1916,75f9d6604197cb4978283bfca42b2c5483284410,0,1,0,0,0,0,0,0,249,198.55
1917,a8c2274780c6d1b2a961c4e1e42db7f7abe8afd0,0,1,0,0,0,0,0,0,249,181.55
1918,46ea05fa121f7c5f412deaa2e65f21e49358960d,0,11,0,0,25,60,1,10,2111,1806.47
1919,9c646d896180d6387325a09e495f66adc4819b25,0,1,0,0,52,88,6,26,346,408.05
1920,7f8de5520a843c6aa4ec93d5cc97162f2670ce90,0,1,0,0,0,0,0,0,398,609.5
1921,d935e680aeb430d79c3cbebef9db3a5891f0d7e4,1,7,0,0,34,47,1,5,2055,1630.99
1922,5348ee4126a933841ec8e88962b86b5ac7999677,0,1,0,0,0,0,0,0,398,243.6
1923,617369abc3b3be70a6f193a2ad27262901407bd6,0,1,0,0,0,0,0,0,403,320.54
1924,23192ce16c51eae68cb4a5a3a6bb8e6c427f0907,0,1,0,0,6,6,0,0,438,340.48
1925,72a2437bd7eea8ada4397fcc7b8b3b01a31e785b,0,1,0,0,21,11,2,0,236,253.92
1926,6ab2b2337959a54468f1598b0e2d1db923c311ef,0,10,0,1,4,0,1,0,511,904.65
1927,5d02c51253a4f96ae3b116b62594e3685165e336,2,30,0,1,229,97,11,34,4353,4268.07
1928,1ecdd7f91b6ff5a8b8b3339a21950221450bdd47,0,68,0,3,94,40,3,12,4910,5301.38
1929,96e3e721bfeeedc0cd8890b4ed03182bd8a91330,0,1,0,0,12,0,0,2,30,155.91
1930,15127a31ae3c0a931d269f451bc4fb6f35291a0b,0,1,0,0,29,0,22,20,222,289.13
1931,8e680ea52cf8d5e58a1227b392b5c2c5dc9a2c83,0,1,0,0,20,0,0,1,42,157.01
1932,d0cadc9644494e1384422b38f60855a158d95dd5,0,1,0,0,6,0,0,0,26,115.45
1933,7f4e3ebc31f8ce94d59903c53ad1e04b82b84355,0,27,0,1,92,216,14,52,1664,2384.82
1934,e7edf4a323faae59feed940e5733c65056a0c6ff,0,1,0,0,2,2,0,0,134,168.61
1935,badf73123a8f4bb969f1c4fcc12f590cb2728488,0,1,0,0,3,1,0,0,67,165.27
1936,b869c85d3f94b21197e38c5dcf3e254353bf748f,0,4,0,0,5,5,2,1,367,464.67
1937,22ce1dd1ac19711d730e563ff01f6c0a669f1159,0,1,0,0,1,0,0,0,70,160.96
1938,3dbf1495f401c845257469ab67d30a501eedadbe,1,0,1,0,0,0,0,0,0,212.87
1939,03d7b48c5e650a3ecdf9df7abd89b04fae2ad18a,0,1,0,0,10,0,6,10,403,338.17
1940,1f7b42e35f98eb61871fe2f4e8ee1d891e45961e,0,1,0,0,1,0,0,1,197,658.11
1941,5728a2062610112eb523bed1dd2fed2dc7d127a4,1,2,0,0,0,23,0,0,345,356.29
1942,29a8b40ac3e88960c5a09430eb937b16f7b5113e,0,2,0,0,12,0,0,13,664,442.37
1943,c5ee059b06827db76dc1a6fa296f1c583916cbbf,1,39,0,0,208,73,12,41,2719,3068.78
1944,13bf76c64991ad030babb262f6570b4809faafaa,0,6,0,0,166,201,23,64,2050,1476.47
1945,15c2bb3c89e38186c5a59950fdb9c7d9c78fb351,0,1,0,0,35,33,14,34,127,292.79
1946,f213c672923062544b8325386804dea029815ff6,0,1,0,0,0,0,0,1,942,442.32
1947,9b81dec1273922c972461d855e4bc7f93e41579d,0,1,0,0,1,1,0,0,436,286.49
1948,40488a027a9d70ac285f7369be28483688e2a4a0,0,1,0,0,0,0,0,0,437,243.9
1949,7ed416d6aaf936ec58dd925033ea1e1e9d8cf6cc,0,1,0,0,1,1,0,0,436,292.66
1950,019f6e1f1c80430a150065839c78adf3078cf39d,0,1,0,0,0,0,0,0,404,238.26
1951,b3ba15b45b126f4b27ca7907f4a00d2a799adb34,0,1,0,1,2,0,0,0,50,312.88
1952,752295b68d2a4aadb1d13000a4897b41f3222778,0,1,0,1,2,0,0,0,53,323.66
1953,feca0aaadf36e712d5a66f6cab78359e1f7a0f24,0,11,0,1,64,91,6,28,883,1100.88
1954,995f7651284b38fa4e11d1ea3e0f3b19617ab46e,0,1,0,0,11,26,2,3,248,235.18
1955,e708c46b348bee9005123d6dcde8416b528159a2,0,0,0,0,0,0,0,0,0,124.6
1956,5e1820487de0308e22bd8edb756a4e76dd6afdcb,0,6,0,0,78,29,0,11,2562,1487.8
1957,448dbc6bd21183277114cc90e176669e791de647,0,1,0,0,33,35,14,34,127,290.26
1958,53f2414fde0a9433075531f037466914b105ba2b,0,1,0,0,0,25,0,0,164,175.26
1959,f2507f0d0835aef58947da8ab6e53c173d7d775a,0,1,0,0,1,2,0,0,162,173.95
1960,e10d3475fd088d7a72a80199ecc9e85de2e4cb55,0,4,0,0,10,0,12,17,1369,1211.05
1961,a6fa41e5f11dd7cb16fc7af37d6a65216d5bdabe,0,3,0,0,20,0,0,11,1188,707.22
1962,324ad8b8869fc32af201dbc5bf6972754714dd0b,0,1,0,0,11,0,4,7,156,243.33
1963,64e1c79501028d6d8d3e835f72f73c7c5e8c7f11,0,2,0,0,9,0,1,9,1235,637.46
1964,04af85b0648e627a1c00759a283e6a9bc67aa6e9,0,1,0,0,6,0,0,4,924,454.08
1965,fcf21d2d6d3415ae098edd1c2f0a7832a927d3ad,0,1,0,0,41,33,14,34,127,282.09
1966,0cb95c2913cac4d747ca15d190363c230d87f6fe,0,1,0,0,0,0,0,0,168,143.66
1967,dee2bc52a10867223c7693630dfaf9ac3a98c1d8,8,0,0,0,0,0,0,0,0,1539.48
1968,f6b726632c782363c206371938922278c1550664,0,1,0,0,92,62,6,28,345,419.42
1969,2dbe35010ffea57995d264041ba20eddbff6a577,0,1,0,0,0,0,0,0,445,236.41
1970,80ddc29b7d872a26d59455bc12e5a7a1cff3f86f,2,0,2,0,0,0,0,0,0,314.2
1971,ab4430fd2b7fce66eec1e231cfbd1f0ea388663e,0,3,0,0,0,0,0,0,274,278.92
1972,28eabffc48111d2574d9203a7e19e8baefd4681e,1,2,0,0,12,0,0,1,251,444.08
1973,ed02fee1df8f4dbad920c587684553933e91e7af,0,4,0,0,0,0,0,4,201,301.18
1974,6a1ad132026cf610e8fb8c1be0fd1a29b4743518,0,1,0,0,61,88,6,28,349,383.45
1975,6facf088692293adc0d30e9a308be1d70236f28e,0,1,0,0,4,0,2,6,36,152.9
1976,f840e42b50f61a8b14a8cdd6401857e6f6b7d6ef,0,19,0,1,349,195,23,87,3150,3204.87
1977,e46543efabd352e5b1534345266fc9c06d9025cd,1,0,0,0,0,0,0,0,0,153.04
1978,c5f7cb97527439cbe8d199a4058c1810981f2976,1,2,0,0,27,0,0,1,263,375.63
1979,da5ff984d214fc081a8c37c20999d6cc293857ad,0,1,0,0,4,0,7,6,405,307.15
1980,9bd4881555288e13a1b14e9c27dedff9e806412d,0,1,0,0,0,9,0,0,62,455.27
1981,4f26622d542e1ec677653f3dbb79b25ac21aefe1,0,1,0,0,2,0,0,1,89,138.1
1982,6ebebbf59e0db4e2670b4c7da0a5c3be2584dc87,0,1,0,0,0,0,0,1,91,138.65
1983,74c464a36d1fe951ceaa6d0107f93cd46cf21572,0,1,0,0,3,0,0,0,17,112.82
1984,af1b67b97238b71fe0e441e60644d3e3105c5898,0,1,0,0,11,0,1,5,167,218.95
1985,534d24faa60da96c0d8e14d1d6d3057e2fe168c3,0,3,0,0,7,0,0,1,866,813.62
1986,8b5c7a82c610d215334810d8078c1fa9e2ae3341,0,1,0,0,10,0,1,2,930,492.42
1987,50ac8d461abadc39b5695f2007ebf6b7c3393f89,0,1,0,0,5,6,2,2,157,232.62
1988,c16a51827b477cd76434236562bfa312620fcb5c,1,0,0,0,0,0,0,0,0,259.18
1989,4a873cde2ecef4e4ea6054c921d1ec8e9fbf7f80,0,1,0,0,28,25,0,0,146,193.56
1990,18084b7933c473c1800fbe8f824338d00bb20cfb,0,5,0,0,30,65,13,32,1902,1076.69
1991,70688be04093e9076aef261a4722bb17d489596f,0,8,0,0,28,101,6,10,1153,1047.75
1992,2a4a0502960ee13e2ddeb0cba58ac5113e29e9f3,0,1,0,0,0,33,0,0,318,225.58
1993,1b18906cff9bae6b6d84d7a8ac96ddc6ea65bcbc,0,13,0,0,80,180,1,1,1594,1507.66
1994,660a757b3d472b3f5628b5cf1c29fec6fb179b38,0,2,0,0,0,3,0,0,197,186.75
1995,b9444ca9fbf2269bb6ac42ff19fe8a1f2d9dbda9,0,1,0,0,0,0,0,0,109,129.98
1996,8b26e1b75155b9582ed19f2564d5b6ce79fe8ed7,0,2,0,0,0,6,0,0,485,435.25
1997,085da5d095f01ef459e6473167e8b008597fd134,0,1,0,0,25,0,0,0,74,160.24
1998,9efe2f795157267fac53b6791734ca7a7a51fe31,0,1,0,0,8,0,0,1,446,290.81
1999,b9495d8e8e991fb82c6e5fe938116b40ae2d6128,0,1,0,0,1,6,0,7,162,227.13
2000,92d5315bb43a13409b579222677af09ce7cb1e49,0,2,0,0,14,0,0,0,279,614.88
2001,e027fd4215f0f2137c2c74c7e2906ee433c015c4,0,1,0,0,3,0,2,4,404,344.94
2002,c280e204d1e54188ae930c5fa5784cf8441bea53,1,13,0,0,114,70,16,33,3778,2465.89
2003,26be0652f3d705501ce4764e0901caf6a5a4c650,0,1,0,0,0,3,0,1,318,260.92
2004,e6d74c13466afdcdaa433661245aac67e4a5888a,0,8,0,0,122,85,10,38,1783,1451.93
2005,1a279c0b5fcaa9d688fdd54d32299c416a77aed1,0,6,0,0,6,10,1,7,2042,1082.01
2006,5ceedfd57f4f5432154038eec61b522a0cf66a52,0,6,0,0,6,6,1,4,2042,1090.03
2007,7ff40061958006bd45ede949ceeb09e813d654e6,0,1,0,0,0,0,0,0,170,156.02
2008,e79224c914a33d08b7f78b4147cd6414dd85cfa0,0,1,0,0,0,0,0,0,63,106.19
2009,75ac81d5a28e383ccdf6d0ad155568c9509ec0e9,0,3,0,0,1,0,0,0,691,508.27
2010,d344ec749b6bc7d3ae91ff544ba91940d33b1a99,0,1,0,0,0,0,0,0,404,284.06
2011,84404cd5b43c0d6b435a35041141be9464b64cbf,0,2,0,0,0,1,0,0,287,274.59
2012,496bffdc161be49f79cd53cf881c8e9b6ad96cf7,0,1,0,0,0,0,0,0,404,247.87
2013,1fb2d3be433ca784f1d3e492a08b91c6811c226f,0,2,0,0,11,3,0,3,81,240.43
2014,1d3c25c402ce0aba278970046b07a49db41ff4b4,0,1,0,0,0,1,0,0,212,156.07
2015,ca42b04a4e83475992f1db987ff01beaf5f46044,0,1,0,0,2,0,0,1,212,194.01
2016,2ce810082ad28753cdfaa6e0c7befc47b6b3f0b9,0,1,0,0,0,4,0,14,526,318.92
2017,914b217da39715fdb0a23956046d81daf0a8ca71,1,0,0,0,0,0,0,0,0,207.17
2018,b419eb05c6b2ce5edcf9a2848a84e5f7c57193f1,0,2,0,0,5,4,6,14,1191,599.31
2019,09a1dd5e4af316fdacfb93463b20e29fff8d99db,0,5,0,0,50,26,1,2,1459,1167.99
2020,079276622158fdfabe0cd8f727e55e0f963a388a,1,4,0,0,36,36,12,14,549,1031.39
2021,9fd0cd4a0a872a0c942ae1f50420e5372ef69471,0,2,0,0,39,5,9,17,964,629.83
2022,dab8cc2d9fb7efc9effd023c2f71534f128c6b7a,0,1,0,0,22,0,0,1,203,269.78
2023,4420a2b4cb790b25d56bd206e611b33bdafc682f,0,1,0,0,0,2,0,1,223,195.19
2024,4f996b76e92f3d19d2ea65c5cdf07591799b2381,0,1,0,0,13,0,21,44,290,249.83
2025,8083405b38083087df320b99270b7ae29159a4b0,1,0,0,0,0,0,0,0,0,124.94
2026,ae0275b8e2b72376835caf23b84f9a05e89a7900,0,6,0,1,9,27,0,3,561,874.8
2027,98e9449d94c3322c8368762073c5317fe135c2df,0,1,0,0,41,7,2,28,383,327.48
2028,7364c09843942bba7ef4ed363b91b54e6251b56d,0,5,0,0,90,6,0,11,513,728.52
2029,96d0a86fd983d840dee7c88b998f6ae80c847b89,0,1,0,0,4,0,4,15,125,252.06
2030,8097545140716f0cbde4c9112a0de2d0b75698d3,0,4,0,0,59,0,6,30,772,775.95
2031,2b414b1e95472dc79d1ce2807a442f6c87be04d5,0,1,0,0,211,36,0,0,63,376.37
2032,ece6605e9ffd4ba3e3130cc63e070e86edb1508c,0,1,0,0,36,211,0,0,63,314.7
2033,bca6a246699dae7d3bf405caf2833e0d7619f338,0,2,0,0,250,41,0,4,256,582.67
2034,ba29c6b8bef1435545cad70cd71ecd75277f8a83,0,2,0,0,33,0,0,1,303,357.03
2035,72896eece23ec9064e09905912705be97f62ad24,0,1,0,0,20,17,11,26,319,312.84
2036,1565a20774963eb5dd054ceaa2b342b22d52f84b,0,1,0,0,8,0,0,0,339,291.82
2037,f8ead6d70b6746449cf809aea4c163c1ccf98718,0,1,0,0,0,0,0,0,347,245.1
2038,1f073123f61dd7245d1412adbccd4be2337705cf,0,2,0,0,67,0,0,0,506,493.9
2039,ed2a60707a70e21f1a2a61416f6ce3c3f1e0865e,0,2,0,0,6,1,0,1,1289,815.17
2040,5bce4fe321773dee1affab9a2df3f6c6bebc75c9,0,1,0,0,0,0,0,0,162,494.18
2041,688ff5bcc0f4c2223eb388ce6199d01403290f5e,0,2,0,0,0,0,0,0,540,348.03
2042,82dd73b3a549b7d101aea9ee07dd31cf756035c6,0,6,0,0,15,0,4,8,699,762.63
2043,3eaa985e261b1033b1ef4fa810edd8a50b480190,0,1,0,0,100,13,2,0,46,351.39
2044,0798f0fa038248a290191ba883c6b227f831a8cc,0,1,0,0,13,0,1,15,424,401.27
2045,0d6db4a68f1d66da789c037d8340c682f21253ba,0,4,0,0,64,2,1,9,161,531.84
2046,d96b41aee801b75956adc7e78e38513d047e8695,0,3,0,1,7,5,4,13,155,532.88
2047,7ed395de8ed30fc865fe7077d98b106dd6475114,2,26,0,0,194,35,16,27,4340,3435.66
2048,cb71747c88efc7ad3e7dda67316855d6571aadfc,0,5,0,0,17,0,0,2,1857,1057.03
2049,1729edd64b933685386abd1140fc83c657b9a6a7,0,1,0,0,10,0,0,0,146,156.27
2050,7eb445bfc9cbec31c239209cc5ca0699a83b9ac4,0,2,0,0,138,18,5,28,1491,948.25
2051,fffecb84f9aeb55bd4576d914e87ad7834504023,0,5,0,0,74,269,13,45,1939,1205.23
2052,46c014d9ec2374c28d9f39f37b678a631868c67b,0,1,0,0,2,0,0,0,91,146.73
2053,8b441c4c28e87e0c12fa7af123285f885d548323,0,1,0,0,48,11,7,28,1005,560.43
2054,756471f7f3f51affee1fc2aaec19d4f9ce6df546,0,1,0,0,4,1,5,4,435,341.74
2055,5e75a7f9f079e363e6ce5f5e95cd36765ffad95c,0,30,0,1,18,10,0,4,1917,2295.18
2056,05d8ffdabb60d85d41ff943c3703ebe234817cc6,0,12,0,1,78,4,0,0,554,1065.02
2057,c4302a8d7553313a9e25a1b9e6f8072973ff1d79,0,1,0,0,1,1,0,3,28,161.37
2058,189133ec9a57a11476fb556afce11559c26cb74e,0,1,0,0,16,0,0,1,67,174.95
2059,a2c89b264d813e5c849b21f7852733d119601840,0,2,0,0,4,0,0,0,1136,624.97
2060,c70623936a4cdfa1f3085817f373bbfe6e2d821e,0,2,0,0,23,0,0,2,126,618.02
2061,0bf285bd6eae2c80a14b340a74abe9cd3610a187,0,1,0,0,1,0,1,0,66,160.99
2062,531b00ec5b66732fec067fc1e898f7a930e269d3,0,1,0,0,0,0,0,0,67,109.71
2063,e8154be6ce30e0bdeef2162b7647565e2c5664c3,0,1,0,0,0,0,0,0,67,141.92
2064,556cdcf380f7843ab7ccfe7639fb0d1d11b13c1f,0,1,0,0,0,1,1,0,66,171.3
2065,703fce390f5deff5c323ecc2e8126bac80eeed74,0,1,0,0,0,0,0,0,156,137.95
2066,2303abc1ef3e7163eab99ae600696b445bfc4e6c,0,1,0,0,0,0,0,0,66,118.49
2067,135b0e0c08d1263e96ededd30713ff84b384b521,0,1,0,0,0,0,0,0,109,130.17
2068,5947c5907258c81fce0ff8e8333fa9852ed31eaf,0,4,0,0,7,0,0,3,922,672.59
2069,55a1e170d2aad5ae29b4e0e64ca764d3719fe3e8,0,4,0,0,0,0,0,0,929,535.34
2070,fc4502acf0d3a2d9bdf8f26cbe63b9309705bca1,0,27,2,0,27,225,20,45,5421,3568.92
2071,942a432cc367437c7dc36017d59bea9589fc8946,0,2,0,0,2,17,5,9,2069,1175.48
2072,5dc407716c79288e9372aa49a0edde3504bc6b7d,0,1,0,0,1,0,1,0,66,480.08
2073,ca062168e10d1b366bb7e8f3df1684a81f4825a0,4,3,1,0,14,1,2,4,932,3114.56
2074,07ca8f6196a8d7946427328347ad9d607e37ea13,0,1,0,0,13,26,0,1,56,288.81
2075,37feea22fb4807bf1813e8c714837c92f9d16c4b,0,1,0,1,0,0,0,0,43,324.92
2076,63410fe0fd26d2fd9c8f7de15f1867cc8b53c113,13,0,15,0,0,0,0,0,0,3698.0
2077,97e82b194dcd1fe585923978169fcd8fc66f4a81,0,2,0,0,18,3,18,25,764,831.61
2078,1d50f5f37818206bbed1c5c15858d782db8da33a,0,1,0,0,2,0,0,1,62,212.7
2079,c07088f755d435bf9fe7ad1d45b8821db9d7e368,0,1,0,0,0,5,0,5,59,149.22
2080,57b83afa0d5a968810ea74b2ab71a163aae3cd4a,0,5,0,0,30,15,0,25,551,1150.63
2081,df235c12ccdc0e0027aa0d88a9a839a9126dfc7a,0,1,0,0,2,0,0,0,25,148.36
2082,ddcf6855afd57ff1cb63b70dd47604557be2f0e4,0,1,0,0,8,0,0,0,89,170.24
2083,64a71547b0b877f9d928988525dcd5bc94634126,0,1,0,0,2,0,0,1,97,198.11
2084,7ff0eae2268d9d01c9d9124638fce75e769eac45,0,1,0,0,0,3,0,1,43,346.93
2085,c4b4109f240d1450f17f76ea9b421c0400ae44db,0,1,0,0,0,0,0,0,43,91.65
2086,20082c5db68b1c8785e6425a22c92687a7af46b2,0,1,0,0,0,1,0,1,42,202.89
2087,5996eb5d4bd5c2a3ad6a3b7f9a691d6c889fac25,0,1,0,0,0,0,0,0,83,112.52
2088,c361d204ae2394d3e7d5e621521ab1bb67c1e4ad,0,1,0,0,0,0,0,0,42,109.73
2089,45766ede2e16f670e46dbbf3ea602c143d7d59a6,0,2,0,0,17,2,5,11,2069,1413.8
2090,a7e8d6e2a87c73efe8fa3ad9df798499eb517cc1,2,4,0,0,40,4,15,35,361,1128.66
2091,2c9fb38e14af1f4dc876ab446ead0390ecdd0182,0,1,0,0,3,0,0,1,156,239.61
2092,e40b07dc2992f715016ee8106fdcd2e30ad368a2,0,1,0,0,0,6,0,0,17,108.89
2093,1946cfdfdd5501768ed1e60625ad54fa23a7fb0f,0,5,0,0,219,39,1,1,850,1158.31
2094,402e1edeb7302112e6ea532bf77f1d6a3eb81c78,0,3,0,0,24,0,0,0,321,503.47
2095,7a0ebb9cb565cc99e80d9a688a385b0cdb0f6294,0,5,0,0,3,11,6,21,1730,1012.24
2096,c8600fcdcb5b72cd4ba3768119a572b3f7d52d7f,0,2,0,0,0,0,0,0,1428,678.15
2097,6a5baa564e5e6aa0ed361f9092e556e39669f173,0,3,0,0,8,3,0,7,2487,1136.64
2098,d0f1835d19238a6e9d65806dc5a9578187d581e0,0,2,0,0,4,0,0,6,115,372.81
2099,650039220b0c021a903d221a66c409d40fbb897f,0,1,0,0,10,8,31,59,349,363.51
2100,f3de30de14da6c79bfd83d59d36092ade6f4cce2,0,1,0,0,0,0,0,0,45,479.2
2101,b3817177b5dc05e8639133df51922039c44c1ff8,0,1,0,0,8,34,5,22,143,1406.06
2102,f8203c87006632c41ed543628eb5f2636b2b3253,2,4,1,0,97,1,1,7,1051,1085.96
2103,dbf795c41f97c1174da8ec78852de43dffea90be,0,4,0,0,15,0,0,0,788,478.33
2104,34a3c9d251c62fba99139bcb645875e5f0d7dd4e,0,1,0,0,0,4,2,3,147,245.14
2105,efac0ca03f457205cc91674c591e0d550218dac8,0,3,0,0,8,0,2,3,353,459.58
2106,f84aed6d44976b1017b5139e151ac1ed701a0ca7,0,1,0,0,11,6,0,2,1023,564.16
2107,7b03e7e6f1c3cadc69b9bb89422930ba6039d284,0,2,0,0,15,9,0,0,145,285.74
2108,6184b17aab814bb5d7ea8b68e53e005554b0bb7d,0,2,0,0,3,0,2,11,1165,655.55
2109,4dfe8eadec5d9271520e6117f412c9a2496f65b6,1,2,0,0,536,0,18,91,21303,7782.17
2110,c39993139772a926cc1b858ff029eb165e742912,0,3,0,0,8,0,0,2,548,398.49
2111,97558dc103bbc7be4fdb05ea552223878bb97ac6,0,1,0,0,2,0,0,0,943,428.3
2112,653dcc63e0f6b0c5b3c3592beb1e0dd3bc1ee0cf,0,1,0,0,0,0,0,0,6,84.69
2113,e9e0191ea65719b805df6ef6e4f1cbf2e3531cdf,3,0,0,0,0,0,0,0,0,431.41
2114,840aae0f51a345e4154574a05d8d28ef5d9f1a3b,0,1,0,0,46,31,0,7,172,295.65
2115,27619afb03be30c0b5d644810101266a818b1be7,0,1,0,0,3,0,0,0,455,249.89
2116,ebc7278d7845edb149f3a0169408deefeb86f6a5,0,19,4,0,449,308,35,94,4964,4331.82
2117,7c4d54b34f75f3dba5ddda4730710fb7cfd4105f,0,2,0,0,0,6,3,0,560,362.11
2118,d4c800b1c86afa1a77742206abd41db34dfc299c,2,14,1,0,286,50,0,4,1207,1669.0
2119,e197605757a91de98ab4a5e9a922fe9e126ed810,0,4,0,0,28,0,0,6,1159,753.2
2120,95d72596cc26d4cd3b7c21003094fed856322872,0,2,0,0,19,0,19,8,1004,935.5
2121,06fd5c163f2200b076203cb589dbb772dddec3aa,0,3,0,0,2,8,0,8,889,503.25
2122,a05f951a6c4ef4240fc7b8afcdaf76bfabf40dce,0,1,0,0,15,0,0,0,357,313.42
2123,99661fb1984a94c0fef4776640f3d71eefc84857,0,4,0,0,8,0,0,8,229,518.04
2124,e9446aee7514972e0d00cfd8e7c97226c879e6c7,0,1,0,0,0,3,0,0,369,257.01
2125,2ba513058af9f5bc4106649c7f58a192d8e18661,0,1,0,0,1,0,0,12,369,331.98
2126,456c98922101e2496074b5fde903c424327da948,0,4,0,0,0,0,0,0,237,307.63
2127,fff525d552c2e5043b0c157902021e8b5b8f2c8f,0,1,0,0,0,0,0,0,92,158.6
2128,166943d833a9c3ef01d791d77b24e72bba327c4d,0,1,0,0,0,0,0,0,370,213.87
2129,acc1e1dc5b426400e3ea5edc314100d80cedae04,0,3,0,0,19,16,2,11,1190,765.82
2130,4d7a3522ba2c40d22fbd04b03f3f6b093fa70aa2,0,2,0,0,28,12,0,3,247,388.62
2131,4b646596204d70d2943619e07ed72b784f695b6c,0,5,0,1,138,71,21,60,1120,1149.75
2132,d01e56f05574a7637a4c65582564803675843389,0,1,0,0,0,0,0,0,58,111.25
2133,0d443b037611bd3576b21fa17fecd27366eb7878,0,1,0,0,2,28,0,1,162,241.4
2134,e8b42ca60c72bc8e8309476bd2088891576ce24d,0,4,0,0,119,3,12,42,1235,1084.29
2135,abebf52c9575d2016a0b2cfe1a7bc060d6b2698d,0,3,0,1,0,13,17,0,182,501.49
2136,7a7dd17d0d00e226208eabb9c916c31287350a9b,0,1,0,0,0,6,0,2,29,143.37
2137,25509b87e5cf262feb86b0311197075be6b75ae1,0,1,0,0,6,0,0,0,56,145.92
2138,7d7de37d91310b8c8bac679ebce0c3b9dacc036e,0,1,0,0,3,93,12,22,939,529.34
2139,c7f6f168fb3bd09a65c3c9beb5c7328b7d6ce190,0,1,0,0,0,0,0,0,296,206.57
2140,253b34fe967f4aefa3d4798f31caebafd14fbc90,0,4,0,0,0,0,0,0,61,586.63
2141,0393675c9ed422a0104a3e6e3448bbbd25fe2758,0,1,0,0,0,8,0,1,362,336.61
2142,e05fb25675bf20567b530ed862116d0607841ad1,0,1,0,0,3,0,0,4,20,174.36
2143,1b59d283af1753ab3a1dae9f2fa9cfbb5351e484,0,2,0,0,0,0,0,0,362,258.14
2144,793ffe11690543e359514a751e2652cb5defe33e,0,1,0,0,0,0,0,0,362,224.44
2145,8f9592bee69fd33530f4e3ae3229d8828a3ca89a,0,1,0,0,0,0,0,0,281,186.87
2146,a590dac59c8a8893e98360bd9bc04bd05b348b49,0,1,0,0,3,2,0,0,162,211.09
2147,9b2972a41a69545774a215ad416d3fbcf409e73e,0,1,0,0,30,5,0,0,160,195.33
2148,84acaa2ec51869316b2de0e1c1d3b3bf4ad63be1,0,1,0,0,45,143,13,25,900,544.92
2149,b62b0aedd67a387b8d4b5f8bc083803e2fd99dae,0,51,0,3,523,103,32,95,5754,6082.38
2150,8e180e8764d2dffd6c71ca399b51c24dcee268d6,0,7,0,0,23,47,4,7,638,886.63
2151,979ce41ef44a0444188f73ab0ab4ce8253d1c3fe,0,9,0,0,161,91,18,55,1663,1775.67
2152,323ee4606cf4bd20cc98d2a2e7986386e9a83822,0,1,0,0,3,4,3,7,1039,477.13
2153,660e633dffb42141c5974c8115402d4dd07a1568,0,1,0,0,32,0,1,2,161,262.07
2154,e6c5a28da940a086d0e786f1ad0288c0b0efa27d,0,1,0,0,6,0,0,4,29,149.76
2155,f60187d4d56395f25c45ab26422ac8e7d72f5c9c,0,5,0,1,52,37,14,31,1695,1137.42
2156,28a4b070a0a215ce586103fd50827eae7865b252,0,4,0,0,8,17,4,32,1724,1136.85
2157,c81aab65e10bf915748318bc67ed232d42830703,0,1,0,0,13,0,0,2,359,275.31
2158,6a78ab1839c39758c3238df93640321476c43a71,0,3,0,0,10,0,0,14,497,467.0
2159,69ccc915cec623f7dc49d4006336993bc74e1ec2,0,1,0,0,7,1,1,0,95,190.99
2160,8f6eee0eae78b265387805822b6477b348765500,0,1,0,0,7,0,0,0,197,510.48
2161,b1ed2d1520ff9445f5d250362608b524995c3aa0,0,5,0,0,91,2,1,1,930,865.94
2162,725bfa95c78d832f5e9c3b74192790f558c458a3,0,11,0,0,34,19,0,0,533,882.68
2163,31dc6e30c704f880960ec5cd7cac417fde862f82,2,9,0,0,70,200,2,5,1464,1741.25
2164,3a0efde8d3fed5fcabd9de7ca6030ff9f54a19a6,0,1,0,0,0,0,0,0,40,90.63
2165,acde48fb3db47e3c523b9e2b5fddb1517d7d9f64,0,1,0,0,0,7,2,1,191,219.91
2166,d10d8783057fb72ae3e7e103bd9104e86c81c9ea,0,1,0,0,0,0,0,0,35,96.32
2167,cd1b798fa852b9a038ae234c5639c643a3c98d0a,0,1,0,0,0,19,0,0,205,185.68
2168,f02b2ed0c16c74c91ccbad4135decc90340ef2c7,0,1,0,0,0,0,0,1,205,168.05
2169,2953e788bc3a1df918c7ced590fecd9be779ca90,0,2,0,0,14,0,1,5,170,275.96
2170,8c925375a32d833ea846449287a8956352e12870,0,2,0,0,0,14,1,4,170,264.85
2171,04bb3e4b10498e1425a831070618dec7b0f51d32,2,2,2,0,14,0,1,5,170,820.71
2172,6ea9d2af58a9e39f8f91c190ebe6631984d9339e,0,0,2,0,0,0,0,0,0,94.31
2173,944ed31f60499fcb6e5558ac3feb1c2ef0729288,14,0,18,0,0,0,0,0,0,2849.7
2174,358475ae24a350e23e5c4a71d3d4f8ea49583fc5,10,0,10,0,0,0,0,0,0,2058.18
2175,f75e364cba4b31a8d78574dc6cb62ad1a402660b,0,1,0,0,0,5,0,0,54,139.71
2176,11787dcef9142ac87732e06c9c0d3551d0ef5334,0,3,0,0,70,141,13,17,1350,827.17
2177,264c7f01a3194313b14c311aeeb68b07bc80e89d,0,1,0,0,0,0,0,0,133,118.79
2178,f674bcc07220ea7accc086406f1d99cfa6578a5f,0,1,0,0,0,20,0,12,261,218.71
2179,5e8361bbcb142e06b46bd72263b0826acc5b390f,0,12,0,0,159,108,3,15,980,1546.25
2180,6d777b46f49e3f8af9b96911a4455bbeaac86ab2,0,1,0,0,3,6,0,2,44,513.82
2181,6fc5ccaeb77e1183c95adfa60709b74fced44626,0,1,0,0,0,0,0,0,47,114.15
2182,adbff64e2d345a5653d5b46cf8a08f8c35d2f5e7,0,1,0,0,0,0,0,0,262,207.03
2183,4d1af49b98e6c0cb6b1908645d321bd21b448e4c,7,18,6,0,364,36,16,40,6752,4476.54
2184,ffa00a673f7a916c956ea231272f313da094c0ac,0,5,0,0,42,0,0,0,1222,774.23
2185,a234853e5ad12b3217a8d2f8d3282dd55222f5ec,0,1,0,0,1,0,0,0,950,395.54
2186,bdba69ff8d59c975bdfb5ba60d3435c757633209,0,1,0,0,2,1,0,1,75,173.93
2187,edc2dafdf4d4bb2240404061ef85c661eda4fcb7,0,1,0,0,0,3,0,0,201,167.47
2188,7e1e4b95195251bd6f56d30f504ade09ef6a7b3f,0,1,0,0,2,0,0,14,262,229.75
2189,a287f42ceb1d5eac033e2db2201422801b772e99,2,8,0,0,77,8,1,5,3039,1909.02
2190,16651d9ca86fb6ec5f6b8d11e7f98be8ec1908ff,0,3,0,0,15,44,0,6,1225,729.03
2191,6d2f24cd63fd68732258849800e71637d70ec482,0,8,2,0,7,64,1,3,3052,1541.93
2192,c048a5f07198b4e4a929a1bdb35335ce69fee8c1,0,1,0,0,0,0,0,0,1034,560.08
2193,cc0322fef8cfa526932d72784e261f0dea519516,0,1,0,0,4,35,0,1,262,278.66
2194,80d3decdfe70b12422c24cd71405aecc5a02b97e,6,8,0,0,58,7,0,5,1932,1737.15
2195,2b3585a0327fb43f4e086dab536c28264a4dcf91,0,1,0,0,0,0,0,0,19,75.59
2196,9f5880cc59031044a19f915d56dbabb846a9b436,0,1,0,0,0,0,0,0,534,287.97
2197,381401af7095c9244abe81ff2c13617c1fdf975a,0,2,0,0,56,143,9,34,409,445.95
2198,51a07442885360168fdad33b6da792911e07dd83,0,2,0,0,14,1,1,4,172,279.77
2199,9026700d7162acb4726585c5cf7c14123998d4d8,0,2,0,0,0,0,0,0,186,184.58
2200,22fc25b9a223205f89293c7143aeb15de3ce6cfb,1,9,0,0,30,39,18,55,2303,2109.31
2201,48a072dac26e89991bed9e0a0226d3880389db99,0,1,0,0,1,3,4,18,574,371.25
2202,47cd73ef46ba851731491381582027966f590a27,0,3,0,0,0,2,0,0,650,432.54
2203,d988e11e29358a4a22df5d3a62e1c1884a2f531e,0,1,0,0,1,0,0,0,11,132.33
2204,701828fd6a32387aa8ee63c9c725cf77062f7f2b,0,1,0,0,5,0,1,2,608,380.28
2205,be43a7c099436ae141d7390de9df53bc2942230f,0,1,0,0,4,94,10,21,940,507.31
2206,32f85c5bc0df3f1ba0d5904f9c1af45e45bbfa98,2,0,0,0,0,0,0,0,0,502.26
2207,5b9c40245786cd043bd0ae80b164bf61010a4f53,0,1,0,0,0,0,0,0,111,126.23
2208,de2ae8f91d58b92de5629131b904966fa58d801e,0,5,0,0,43,6,0,4,586,605.49
2209,798db242c4480446df52481954e19994e39dcac5,0,1,0,0,0,0,0,0,102,138.72
2210,9a0bbc542b7dc73e30e6a648a82cf38ff2e39df9,0,10,0,0,1047,3288,56,59,22641,9892.04
2211,6f4daeac59e8e5c4b7abe39c20aab24be1f6689a,0,2,0,0,7,0,1,3,85,252.43
2212,8c7bc2fe8718d612fdbcf0f8b7e33554f17efcaa,0,28,0,1,158,234,58,125,5007,5219.65
2213,264ffbe9b3e5996ccc05d3a5d9a93cb11a26cc7e,0,1,0,0,0,0,0,0,102,175.6
2214,5a07cb0b7a14116494696b54f0d9a7c7d6a85cf0,0,1,0,0,1,0,0,0,102,216.62
2215,beac419bd36a033c6376d3b91455abdeddc85685,1,15,1,1,229,109,9,91,4546,3776.79
2216,32ac6ee760c979b0094c8f9e9a710bf27326253b,0,8,0,0,77,4,6,22,2881,781.14
2217,448e64e448b26b434561ac421dfe89b45b133150,0,2,0,0,9,30,0,1,1604,358.76
2218,eed330ec086f36b36ab7ac2fc74693db43ae86bf,0,2,0,0,30,0,0,0,1613,269.55
2219,61fe5d4884fb04d0f6e10746353eb3a0e11d6770,0,1,0,0,2,0,0,3,201,117.08
2220,76fa3204383cb2cb306ea381a163471a392f578e,0,1,0,0,42,6,0,0,127,228.11
2221,f33c4fdc5d883f5dc2252c0d0dfbd6dfa73deefc,0,5,0,0,0,7,1,1,1102,399.75
2222,643ef396d7c95b0930cf4528a78182f8550736fd,0,1,0,0,53,95,9,53,523,201.54
2223,b4682e26627ae81abb3f1145f75b177f5054bf08,0,1,0,0,96,53,9,57,523,253.29
2224,c9499e85813970a65796356189e9356083018dbc,0,1,0,0,2,0,0,1,38,114.75
2225,2c06b0c9fd62f011969378304501770ef1fb24c0,0,1,0,0,9,5,1,3,35,147.95
2226,58307994b53b38e880173205a59e0c64c5169199,0,16,0,0,3,15,6,33,4729,1149.59
2227,bda0f39cef98f9eefc8105ed19169188ff716263,0,1,0,0,9,0,0,2,264,142.22
2228,6e22489616ca0a1bc904f6d350e37c9f299fe3b1,1,3,0,0,25,283,8,6,1194,438.56
2229,5cd241d0a5672a9b564d08f50d4581d3105f7793,0,1,0,0,3,0,3,6,200,142.81
2230,12260cf42157af2afdc0412a0c62642e370d4566,0,1,0,0,61,0,8,12,534,301.15
2231,8a6feefe8f0a8b591d7417a6bae907d2ea4f7050,2,14,0,0,153,56,8,29,4055,1219.43
2232,aaef16ed122fa3cac60f9e7ac7448ce9f062c574,0,4,0,1,31,4,4,9,1281,433.88
2233,0fb4df971685d7616131063205b93007330a4ad6,0,1,0,0,48,121,1,0,162,199.42
2234,ac7c83535f05dfc55daf3c77e7aa22d08e35a278,0,5,0,0,85,34,11,22,1308,573.88
2235,0654df403f65a6c93794c3132c89f34bcb1d25cc,0,1,0,0,53,0,0,2,286,210.62
2236,ca1c8bf247fa3fd65fefb31adfe5b1f6c29ec1a0,0,1,0,0,1,1,0,6,438,153.51
2237,0dbe8baa84767e3728bc3b9f14d69ad776ab816e,0,7,0,0,60,37,9,7,624,601.23
2238,d951f52538fc6423f0ac221ccb72473954465ca3,0,1,0,0,6,13,0,4,294,164.12
2239,20f83e459a05a938b523dbe643b00914109dfe8a,0,1,0,0,31,17,2,14,283,227.32
2240,f5b030a657c1263e0b15856991b239f9d3c15214,0,1,0,0,19,31,1,16,283,298.13
2241,ca988efcad86d27045ef18c57e9263eb15775c5e,0,1,0,0,31,17,2,14,285,240.06
2242,3f71a98aac5bcf1c3e4ce506ffa5fa513f2a0c40,0,2,0,0,2,1,0,2,279,198.66
2243,b2128060de185ed1d9391628ed0547a41be009af,0,3,0,0,2,16,3,9,538,295.35
2244,057aadfd7cdf2eb7bb8c0d008c1579d8d36dffb8,0,3,0,0,14,1,0,3,310,224.97
2245,a28d130f13aa45b4aeba5c9c51d1c65b205248f8,0,4,0,0,31,0,0,7,1944,442.86
2246,4f6f703ccebde81a7becb96094b29c225aa49695,0,1,0,0,32,223,21,37,372,248.24
2247,e045267730a38d0b27671cb086313d3d3bd2c3a4,0,1,0,0,223,32,21,37,372,297.97
2248,3edbee223fed6aebe33ed8c5e168b4c79efead7e,0,1,0,0,1,1,1,0,112,135.68
2249,3e44d450a344ebad4373f2454d6675aa13f438b0,0,1,0,0,10,8,3,2,109,148.47
2250,b8534fa167cee43ffd02c79d76a8fb22b802368d,0,1,0,0,0,0,0,0,119,102.46
2251,e771943253c899105c883b6dbb224cf73e7771d9,0,9,0,0,309,47,24,38,880,1013.43
2252,1adcd1c52e87a2f59d9006a29fb9476174968a60,0,45,0,3,155,38,37,87,9186,3206.79
2241,ca988efcad86d27045ef18c57e9263eb15775c5e,0,1,0,0,31,17,2,14,285,695.69
2242,3f71a98aac5bcf1c3e4ce506ffa5fa513f2a0c40,0,2,0,0,2,1,0,2,279,286.18
2243,b2128060de185ed1d9391628ed0547a41be009af,0,3,0,0,2,16,3,9,538,351.54
2244,057aadfd7cdf2eb7bb8c0d008c1579d8d36dffb8,0,3,0,0,14,1,0,3,310,351.82
2245,a28d130f13aa45b4aeba5c9c51d1c65b205248f8,0,4,0,0,31,0,0,7,1944,697.8
2246,4f6f703ccebde81a7becb96094b29c225aa49695,0,1,0,0,32,223,21,37,372,298.42
2247,e045267730a38d0b27671cb086313d3d3bd2c3a4,0,1,0,0,223,32,21,37,372,222.95
2248,3edbee223fed6aebe33ed8c5e168b4c79efead7e,0,1,0,0,1,1,1,0,112,198.01
2249,3e44d450a344ebad4373f2454d6675aa13f438b0,0,1,0,0,10,8,3,2,109,197.59
2250,b8534fa167cee43ffd02c79d76a8fb22b802368d,0,1,0,0,0,0,0,0,119,84.9
2251,e771943253c899105c883b6dbb224cf73e7771d9,0,9,0,0,309,47,24,38,880,1157.36
2252,1adcd1c52e87a2f59d9006a29fb9476174968a60,0,45,0,3,155,38,37,87,9186,3796.51
2253,211e2b1cd55aa4a27411b15766d523db82766dac,0,1,0,0,4,33,0,1,262,211.62
2254,6d7887acca06c185f660e03c4d4c987329c91356,0,9,0,0,61,0,0,5,453,870.79
2255,9a0ff7ba4797a20ef8d637b8044cdb6d37d897f7,0,2,0,0,6,0,0,0,109,207.43
2256,3c93525db9605c7beb6c6c65de22801c4d933b07,0,9,0,0,0,103,0,5,870,562.87
2257,eaaf864e25a9a028f887fa2ad605ee6fd16c849d,0,9,0,0,103,4,0,10,866,697.66
2258,8fcbeb9f984f1b6994fe7375ef49afbb992c352f,0,1,0,0,0,97,0,0,74,141.42
2259,606c9d9baa095e393304ed20ebb770164ae47217,0,5,0,0,76,104,4,6,1172,693.5
2260,20cdc0f4751b8b140498316a7be80c05a02932c6,0,5,0,0,0,0,0,0,1248,374.71
2261,4e9cdccaacdf741d1db498d5bfb6f275e57e65da,0,1,0,0,0,0,0,0,169,146.77
2262,02d3edae90b26e39e8e99bbf314c2462a3d17be9,0,3,0,0,10,15,0,3,91,338.12
2263,17bad060117cdb1a8098a0faa849d83c1b5f4020,0,1,0,0,0,0,0,0,54,95.19
2264,2d95cb4957ffb83a0b643929c3221cae6d71a0b1,0,23,0,0,22,12,0,1,2855,1052.15
2265,6dc75ce2f3305d9568f9a7e7078bd87c04009218,0,5,0,0,299,463,41,90,2632,983.38
2266,64621c76a3b99a9655bb708f88f434b6f158795e,0,5,0,0,465,293,41,87,2638,828.32
2267,c948fd286495616988cf707b043baf63540b4585,0,5,0,0,0,0,0,0,3103,471.9
2268,aa98dec33fe79af93e89c13a1811f20622025cd6,0,2,0,0,4,7,0,0,156,227.89
2269,9e8e192e6e7fd28ad09fa3b580c29c639df50dc5,0,1,0,0,64,91,3,26,348,284.69
2270,937599575cbf9811940337122dabd14cf36ab2bb,0,2,0,0,10,42,0,2,357,304.96
2271,1b24a02c4cf8d4fce042e3f9b2f34945b729fcef,0,5,0,0,157,143,29,43,1512,708.66
2272,8832e7bcc394cc8b48ebbc167b2b7aefc84fae23,0,6,0,0,36,10,0,2,2597,677.01
2273,22a7358ff94f249fab018b0662d8b1a52ab60309,0,6,0,0,0,2,0,1,2631,533.51
2274,359d12e5e633427edf0367f4ffffca11b1fb7f37,0,1,0,0,2,0,0,1,456,147.39
2275,d9d4176fdf352633c8f6bab9f5df987dea26b312,0,1,0,0,19,0,2,12,470,177.35
2276,299b7be0258dbd5ba55a105e70ddfb919f12ea09,2,4,0,1,52,21,13,41,424,605.55
2277,e4d7c803aa6aad5df0f547941753bb5fafdb6535,0,0,1,0,0,0,0,0,0,55.8
2278,cd62c0fef1329bf7f834b72fd5bb9bda31186b20,0,3,0,0,19,24,1,13,455,334.6
2279,f05d1881ae392b0f18cac927d7e7202dc0728dc8,0,5,0,0,216,258,9,40,2854,844.87
2280,76853c8b8ddb71bb38d228f310470ee2195e046d,0,1,0,0,16,3,0,2,59,239.57
2281,ffb04056c829756f019f1be534bdee7143179377,0,1,0,0,0,2,0,0,73,87.12
2282,741c616ce95df93fac5c5cf4aebcf8bc3cc9a0f5,0,1,0,0,66,91,3,26,348,193.8
2283,847aca1caa63ce4b9fc767d4ac8ea65c4d7a4436,0,1,0,0,30,6,17,62,359,201.56
2284,cf0f55e578f3f1cfa2f0cc259014aef809456e07,0,1,0,0,2,0,0,1,73,99.89
2285,5e6539addbca00d82484a60d0ca574f0223bfe05,0,7,0,2,2,14,0,2,214,616.48
2286,0251a8f0f66055960c2dc5502b6496313bf074f3,0,2,0,0,14,13,0,0,95,183.19
2287,8cd4dcd2117b42de75958573c6cb7b98f02ba71a,0,5,0,0,27,28,12,56,496,463.67
2288,6ef7817d568845cde8a0bde12af1eabfc8d4426c,0,1,0,0,49,46,0,4,573,306.31
2289,27a5111811706c4ae6b4ccaf114b51d7cb6cbf7c,0,1,0,0,2,0,0,2,120,174.16
2290,2641bd25204e3e28c5cfabc7321a8f3c1e98eff2,0,1,0,0,0,0,0,0,122,85.78
2291,d24d7ce6c47637512864892c222f396dd6eaa6e7,0,2,0,0,62,228,7,23,625,343.92
2292,832a45d89c42869769e159a1154759edeaf5b5ef,0,2,0,0,233,65,7,26,622,356.72
2293,7a49fb07979f7f8edaa638e5decce2366dda4102,0,3,0,0,49,54,0,6,973,428.41
2294,ffb82b0539248644062d50543f5f555017cb6996,0,2,0,0,0,6,0,0,444,213.21
2295,086fafe362819d399bf874e9adc411ac52377274,0,2,0,0,52,46,0,5,679,339.01
2296,b179af1399fe5fef7afaae02c7821e409a32624b,0,6,0,0,11,4,0,4,945,617.91
2297,1984e8e615772394766b6919f9001add29034cd6,0,1,0,0,2,0,0,1,322,161.72
2298,a8d233cae1455a7ee1d99259fec94ebc92531939,0,1,0,0,0,0,0,0,324,111.37
2299,55b1a56e76d6d400560b979954b90a23fa88e861,0,1,0,0,0,3,0,2,54,138.33
2300,c473679a233ba60e18be3daeb327becc439939cd,0,4,0,0,6,51,0,1,648,478.41
2301,d719e5787cfbae2201384cb94290f673879fc56f,0,1,0,0,8,25,0,3,384,225.18
2302,282bd51f64772e9208c2bcc1751b8e1abe321ad0,0,1,0,0,1,0,0,0,1045,172.45
2303,575dd72257690aae09668f1ed720d7e7ea82ba34,0,1,0,0,79,140,14,20,906,292.18
2304,e1a6cc02626c29f647c8c35dc22f69c41dacc046,0,1,0,0,0,0,0,0,81,127.86
2305,67112752cf1a314f50c98b583a5dbf1d9eed02e9,0,1,0,0,0,0,0,0,81,76.27
2306,5f0970484f22fd3e00d3299a964d24a32b974c88,0,2,0,0,39,14,0,7,791,250.53
2307,05187d5792adb132e0706c04806da8e427318dcb,0,1,0,0,12,35,0,3,306,156.59
2308,62cd28dfef1086607bef8d4b714ceb9be8dde250,0,1,0,0,0,0,0,1,318,158.37
2309,94f5a6a12b2d17a5e68abd3f63cfc7736b63d6e2,1,0,1,0,0,0,0,0,0,247.36
2310,1033f8a32746657c74db79692aee6764b8ff8094,0,1,0,0,0,0,0,0,244,93.91
2311,8d3922771b1b593b79445058f26b9c9da568fcb2,0,3,0,0,50,10,12,53,454,352.12
2312,dec698f840e56ecf32e0c813cd5183e6051aa869,1,16,1,0,324,250,11,68,3159,15089.91
2313,79174de4b7f96d1aff7e80099f15be6a132c20fc,0,2,0,0,0,0,0,0,348,130.75
2314,00ba8dc79bd2139f9eb50a1c400be43f4a2f8453,1,5,1,0,14,855,0,0,467,643.71
2315,db814b3cb681cd1c2b12712156118ef84dd21761,1,15,1,0,157,55,0,0,1870,1024.51
2316,a5e5cef9cd97a5b16b9b73e08421bae2311d2b78,1,1,0,0,9,432,4,1,304,309.64
2317,63a33d2a5af5a34ac3fb9e623eae4ed175f250ed,0,4,0,0,43,59,0,2,911,337.46
2318,155df4534ab544fbf357af1fcf876ea7455895ea,0,2,0,0,0,12,0,0,345,144.23
2319,9268478f085b1ba7c30db2adf802dc86cfddd529,0,2,0,0,8,13,0,2,318,185.07
2320,5ab7cda3c7058c03a6382d96e8ee69c242185f6e,0,3,0,0,9,15,0,0,614,302.96
2321,a76f6b8a204ed3a13423615e7ef7b709a94874ad,0,1,0,0,3,0,0,0,597,154.19
2322,835669aee8dc0ba14a37594e1ff07d056c74a3ea,4,38,0,0,10,25,11,53,6059,1930.52
2323,0241333e03e3f21655cf9677461deab9b9986bf3,0,0,1,0,0,0,0,0,0,66.66
2324,edba1e815145d823edc4ebe61bb9de39311620a2,0,1,0,0,4,76,8,4,288,244.31
2325,f759cb193308f1f6eef1b42d7ff6cc7c3dfafb27,0,1,0,0,0,0,0,0,292,92.9
2326,fed37661245b15f8b8b0f3a7fd19b72a0a9ee78d,0,1,0,0,0,0,0,1,173,99.65
2327,1e026e5686b9d7472aa92e6520f937abbbd65d12,0,1,0,0,0,0,0,0,173,84.51
2328,446e30d51c568064c4fd6cc6aa2df31ca0a019ff,0,2,0,0,76,233,12,26,622,5132.89
2329,522d0dd1e4e0b76cb36907d13595b31e231543d6,3,5,0,0,10,20,0,0,2072,646.02
2330,5d98581e9c30bbd226fee9087bdde0ac7bae6f86,5,2,0,0,7,6,0,0,259,584.94
2331,a1c1abfba6989872ac354ff9528c0f088cff4887,0,7,0,0,136,29,41,106,1531,852.97
2332,0427c832b07e8c6f6983093ffcac79e3ff76c993,0,7,0,0,7,26,7,48,1641,452.63
2333,fcd02e3a6600bcfbbd1a6a9aca01743c0bc72efc,1,5,0,0,10,3,1,6,548,399.67
2334,5c288ccd1531a329c8f303b383363dec3264e848,0,4,0,0,9,13,0,0,222,382.78
2335,bb5b4f10ffe76ed7239d282121a06c7b842546be,0,4,0,0,232,108,0,16,1314,485.53
2336,d450b39206036be6274ff4c24116c89321eb6600,0,1,0,0,0,0,0,0,39,80.4
2337,921f4994f3197b77774c75fd84fa806139561ba0,0,10,0,0,1,0,11,19,2214,639.74
2338,ce1dcdf34b5d06b9af1183fbbd55d94604cbc6f0,0,4,0,0,51,9,0,0,151,295.98
2339,8752029ae216c259929a527ede757aba31ded73e,0,1,0,0,5,0,0,2,303,147.61
2340,c8f2414688e11b457be8305017fe34db0e85ffe5,0,1,0,0,2,0,4,4,1063,313.06
2341,c5bb46756a2a2b5d89a9e58cf438f52a00892687,0,1,0,0,0,46,0,0,163,161.43
2342,022208bf0f3099b91143a76e8b57d5fa63671269,0,1,0,0,11,11,5,53,190,161.21
2343,d2c98b024d85bf72a6ce3e03d0b8d2994199c254,0,2,0,0,28,54,3,17,347,279.6
2344,054404ba43d2e673adbd3da0317ed17b5c91701e,0,2,0,0,101,71,5,23,467,354.72
2345,0ac6e6d128fc68eaf6ac8c501df4013d15677c6c,0,5,0,0,0,0,0,0,815,273.31
2346,287729981e2a1695e05ded1e66da8fc80d89ac4b,0,2,0,0,48,0,0,3,1315,293.08
2347,2ec1f8824ea5f48f7b02db2f1464a9e85deea93e,0,3,0,0,35,10,5,49,390,299.4
2348,50b490e046bdc23b23fbb268400abcc41a0de72c,0,7,0,0,14,14,2,3,454,592.6
2349,c2cf5c4bececf7c2c46c6dfc5ffb9f702835127a,0,6,0,0,8,8,2,2,425,417.17
2350,0699fd171407236dfa4e6e3fc40fda32bcbc16a8,0,1,0,0,67,92,4,25,351,201.6
2351,5f38849a240b778627e4177d2b849c592d0f372b,0,2,0,0,1,0,0,4,1109,245.79
2352,8ea183969b90633f79ec017659348415c2e842ff,0,1,0,0,6,0,0,1,58,120.96
2353,259f06eff57b97e50404614e7ef8278fb4f19cbe,0,1,0,0,0,0,0,0,64,81.53
2354,6db62b56018094540db72100973f8a01e0780ad4,0,2,0,0,41,14,3,2,299,370.93
2355,f07f71df6df022287dbef31098952f96e9186852,0,2,0,0,35,0,1,11,1103,322.36
2356,fc3cc03d3e81297e8f9ee6a7aebdf9e315afbaf2,0,1,0,0,0,12,0,0,608,149.95
2357,4e6c0f6c6bc51ab0e35dbdd0b07017085682bc95,0,1,0,0,29,170,16,46,927,256.16
2358,0db8b6407654f9cdf297569c17cebd6b07643d74,0,1,0,0,172,19,11,35,937,287.9
2359,8aeead39036eafd09c8748b4e9d52492ae9dc59f,0,1,0,0,0,28,0,2,1081,191.9
2360,e23fff1d73a017cd0e0a95295721e73b8034846a,0,1,0,0,0,1,1,5,1080,331.99
2361,050d129179b99fa88d25a65afed78d0fedb24f1e,0,3,0,0,105,76,4,19,1476,462.18
2362,46dc52ba991bf516c2cdd61767abd2b06757235a,0,1,0,0,0,0,0,0,25,69.55
2363,fe122c8c7d9ca0f002d5f394b4414dc91f278d1f,0,9,0,0,32,8,1,8,3150,847.61
2364,d7823c873ac268fd9c9639a75da6b450602173b3,0,1,0,0,26,9,7,50,390,228.1
2365,252451c38b8a30701b9dacc8d8281bb23447d454,1,8,0,0,32,62,4,29,2268,866.58
2366,b76a5b5c04db7f5abecbb80124a65ca933ed1df9,1,8,0,0,0,0,0,0,2300,522.32
2367,2691fcdb0664952445673eb8d74ddef98820167e,0,2,0,0,11,2,2,7,134,312.74
2368,03e329bede79b7ef9647a99219c2cbae45857860,0,8,0,2,59,19,2,4,848,675.55
2369,3de3c21dc6a9164868eecac11578ed054d2ffc51,0,8,0,0,0,0,0,0,907,323.27
2370,83fc44b2950e738ad3dd49c1a6e158b2f5192f80,2,7,0,0,248,115,10,45,1492,947.26
2371,14f9520276761d8781946cbe64ff0a9734411d94,0,3,2,0,0,35,0,0,412,265.41
2372,8cf1b2d769504c5e725ce11a4458301285c5a36c,0,2,0,0,8,4,1,0,139,177.12
2373,43c05d9951696ca2ba66f37c2abd5f6d356d8d25,0,3,0,0,41,55,0,2,261,291.24
2374,17b2451fea40d2037a76efa5deb535c82aed5d67,1,0,0,0,0,0,0,0,0,118.37
2375,cf22ca808b1ed080c00031e6b4d69c159f1eaae5,0,31,0,2,398,1050,73,120,27436,8309.9
2376,96641d448ddb8aa998ede0e6cca11b08a6820d62,0,1,0,0,0,6,2,3,588,167.37
2377,e496f0deb44a71fdea8512405bfbd33e7907bbd0,0,1,0,0,3,0,0,4,587,181.5
2378,85e5c375731c7b74630bc9a0fbdc6ffe4c0e635d,0,1,0,0,10,2,7,5,434,182.65
2379,5841048f62f8b53a08f7cfaf717094ab97e083ea,0,1,0,0,32,214,19,39,374,205.81
2380,653a940cc05c23786f82f87d057ca613ab023499,0,1,0,0,212,52,19,38,354,314.8
2381,c6aa1094595ccfa7fce9d67074fcd1aa63498ddb,0,1,0,0,0,0,0,0,566,127.29
2382,a2665b174cea49365ac97b86d608792b5f5532f0,3,4,0,0,0,0,0,0,1563,444.51
2383,8610e8d7409e68d89e272bb4c8c3c65ca33e6cfe,0,2,0,0,26,0,1,6,736,315.46
2384,5a4cfb1b1e7ea36d59e30b74873ebba4f62d25fa,0,6,0,0,97,1,12,15,871,557.59
2385,ea6ec429142ee2a31c4871d32ffe42061c8da892,0,8,0,0,0,0,0,0,1730,426.26
2386,d15972e82d557afbde631a7880c7be7f9e27cb7a,0,2,0,0,3,0,4,9,1150,274.0
2387,e485f346afcf55ac4503082ba4a4d3760d6d1130,0,2,0,0,0,0,0,0,1153,328.93
2388,9c9c2edc569864bd8000c1385dd8e11343364252,0,1,0,0,0,16,0,1,22,208.33
2389,840c56cb6b330f8de8754991828e577519719e93,0,1,0,0,217,226,5,49,364,303.61
2390,24c4119e7c5eafcea88f87c7c392749d5c4d7b43,0,2,0,0,0,1,4,2,522,365.82
2391,2ae4267b531422b372f289039566dd5dcb93264e,0,2,0,0,3,0,0,1,222,237.58
2392,e970b03c65ffa2267236c636a10712e3ca448f94,0,5,0,0,0,0,0,0,1578,351.32
2393,1da12e2e853a0562e37caa9b8c4f981450ab4152,0,1,0,0,0,4,1,1,37,164.64
2394,c33acda220c6171c0b28359e9e786961ea9f273a,0,1,0,0,0,0,0,0,37,63.98
2395,7c557e25038db45d1e5e8555d11608a5cbb390c4,0,2,0,0,15,32,0,1,293,350.0
2396,fc9c3b0067ebf4282d74a65047c0ffcce7d90d85,0,1,0,0,0,0,0,0,109,96.43
2397,a6be23463d4c0edbbfb709a88481e3ea04911816,0,1,0,0,1,1,0,1,1136,275.21
2398,5fe482029e771a3ae5cad4f51a475181460ffe4d,0,1,0,0,11,0,1,1,126,204.17
2399,992cc99cec0a94c0df9c0119f252d5973711565c,0,2,0,0,9,0,0,22,762,337.64
2400,3d9305b505471db21bd73d79a95d7d4a4981433b,0,2,0,0,15,9,0,4,637,495.03
2401,a7e632771b62b7a11594f494c405f9dfba4b4b7e,0,2,0,0,10,0,0,5,88,229.3
2402,7e40e39a4e42d13887f4bb6771238ccd8f11f05c,0,1,0,0,4,0,0,5,993,220.24
2403,7f9d14178a83ccaeb3b5a5a8f5733c4f894f844b,0,1,0,0,0,0,0,0,997,151.1
2404,ede7b55b4d1aad287d4ec3dacdbe6148b2275355,0,3,0,0,16,17,8,60,502,339.56
2405,8ed913bd38ca0d2e82889bd96829131b3a0fb152,0,3,0,0,0,16,0,1,502,222.61
2406,4552c59388a4bd73abf35ea9f3c2366be416555a,0,1,0,0,0,0,0,0,566,135.03
2407,86f608f3eab0292e317029ef29339deefd87c368,0,3,0,0,26,3,0,0,1842,372.23
2408,cd60613ae03642a841c0fd460205bcf78b10249c,0,4,0,0,179,131,14,42,1813,707.8
2409,afa784716907eea84c4fd88ed5a435d695aed58c,0,1,0,0,33,4,0,21,179,258.53
2410,00f9868d94d03ca4f7d47e7ffb530cf5f95a56f0,1,3,0,0,16,0,0,1,502,305.59
2411,ca85af79b3b4a8a843ad6b45ce2704882a49b099,0,4,0,0,24,0,4,8,568,843.34
2412,d1185914ba34ea11c2bc6bbc4686070a9a9e67a8,3,10,0,0,26,62,13,45,674,1941.93
2413,a8b65ff8e0779778553c49b1b5f1399cc2b913bf,0,1,0,0,0,0,0,0,266,111.64
2414,398a47cd4d7b2a1eedb7c938b504e1c151cd2c6f,0,2,0,0,2,7,1,0,348,283.79
2415,3f72d0906f17b948f2650018136bc3a449cb5f8c,0,7,0,0,85,140,14,26,1067,575.19
2416,a7bc6ee07cbe6f2952a60d47786d6b152cddfbde,0,1,0,0,4,6,2,8,59,197.88
2417,baef22287bc5b5aaadf6b87c9ca86f1753a6d13d,1,6,0,0,23,35,3,6,685,481.6
2418,8b24d813b586cbc16783d7b7a384ebfaef4ca3ec,0,6,0,0,56,2,8,44,1930,645.23
2419,a73383ebd70124ea5dd413fa29346b8d587fec59,1,0,0,0,0,0,0,0,0,115.5
2420,9ca7de92762450970fd035c8060a57081e631234,1,0,0,0,0,0,0,0,0,181.33
2421,1196163b6c726fd6fca1717a56bd0f85ea82f420,3,26,6,0,18,22,5,6,5103,2426.8
2422,992a81bb48e62466a456cb5d92d7cdbaaa805c58,7,11,7,0,138,96,0,2,3411,1495.56
2423,3c4687c6d8c8bc2989c8cc9e951a1804796428b2,10,29,0,0,0,0,0,0,5803,1962.55
2424,77b7ab228ea9207bd20311d04995d45e2592ce88,3,0,0,0,0,0,0,0,0,746977.54
2425,b7a173ab0768f67d86ef97943a63317b76cd4527,3,0,0,0,0,0,0,0,0,505.96
2426,592634c6460624fe58adaf53f5ad39635f629a17,0,10,0,0,34,22,0,5,2409,16476.98
2427,5703b6b05645537016220c29a21b72c676f2189d,0,1,0,0,12,9,3,0,21,885.16
2428,57d856f730a22c16dd84fed48d2ab5bfa1182a08,1,0,0,0,0,0,0,0,0,2713.16
2429,e6499d8dd1828547563936f8e4f0096d71c42f71,1,1,0,0,0,0,0,0,33,2036.76
2430,31f0ee95e927c09183dca77be7739305ba2eeab0,0,11,0,0,61,7,0,3,1820,10613.57
2431,063c8f6cf7b12e976b0d7067037c52c548c6c0db,0,11,0,0,7,22,0,5,1859,1405.67
2432,2cec2c90165d7707acb3781930f016b0f7e20cd4,0,0,17,0,0,0,0,0,0,994.56
2433,8bec40c48a57a9fefdcefa4d15fd9155c93673d2,0,0,1,0,0,0,0,0,0,107.09
2434,e883372816724d74cccaa3219b6e809320f2935c,0,3,0,0,27,0,0,0,433,437.63
2435,b43abac8b2819f4d1633e2b55f464b4ed2eb51d9,1,0,0,0,0,0,0,0,0,424.06
2436,e70e73352d8d9d49b88bd9a71d666328cae2cad6,0,10,0,1,38,175,11,50,2431,14463.9
2437,8365a292913ff6cfd41cfb5d742fe226d1f4a957,0,1,0,0,14,1,0,1,438,3956.5
2438,41510386fcd4edcada3713890a66115758bc4e28,0,8,0,0,47,3,27,70,1406,14886.88
2439,e1a1ec5dbed98b5215682fce82a1e9cf2ae4b7fa,0,41,0,1,1138,50,23,47,32323,9845.45
2440,2fa8f2fb7b8f74c897df990984a81e48c577fc87,0,1,0,0,0,60,24,43,1763,732.03
2441,eafd19e59b2f8fde3b4e13b6835fa2b30b9c0056,1,12,1,0,7,20,5,7,1940,1295.18
2442,56997214b6c5c7f32095f6f85af82d18ebe53e90,2,19,1,0,28,0,0,1,3432,1778.43
2443,1a26564400d5ce1cb14ce950c9858ead6c9067be,0,1,0,0,2,0,2,1,279,189.86
2444,5dda04f238ea552b4e679c498c71c64ccda937c2,0,1,0,0,0,0,0,0,281,94.2
2445,67949f63f19f6397f4aaac7bf0f199b136d4addb,0,1,0,0,147,12,2,55,466,310.75
2446,b602f6e2a51d6cc408420e5442dff843680b1584,0,1,0,0,3,1,0,0,315,159.24
2447,bc15e804530e87b1c5cc8c96fdf939dcaaa8efd9,0,1,0,0,0,0,0,0,96,74.52
2448,102546162af4d26f0baa85ac96dc85a47c36fb28,0,8,2,0,28,17,0,0,830,1571.63
2449,45d1dc7d2a1ffc2380f93bfd22aeb556c15a60b6,0,3,0,0,0,4,3,0,616,935.37
2450,21bc3c217ecea552f0226b8b492d774a95ed7bc9,0,1,0,0,2,0,0,1,392,644.43
2451,27f189c6d244a7601a6587d37e89870b03c9c0c8,0,1,0,0,0,1,0,3,612,272.11
2452,d8b1fc3952caa22be53e20d0e145aa3137ffc58e,1,13,2,1,120,243,17,58,2169,27950.27
2453,35d9347bcc475f0ac024b0a8ff9f61ce75792ae3,1,0,0,0,0,0,0,0,0,174.81
2454,63fa8711a3764951ac5ffe0cff4623c665ab6885,0,3,0,0,8,0,2,3,2701,537.49
2455,dc76b2764a6b70cfd3d41862e413a0f8e6f095f4,0,3,0,0,0,0,0,0,620,238.79
2456,33983738fabb4624881a1cca2d2b4406c2ea6330,0,4,0,1,13,22,0,5,829,455.85
2457,b20e796b5eb7996212bb6154b3ab81bc582bfa4e,0,1,0,0,0,0,5,0,79,325.03
2458,82ca7c54452b83bd1c069e98e91831517425ed47,0,1,0,1,11,20,0,8,143,250.8
2459,5d2e61dc45cf62072564b021081f1b7d4b34821c,0,1,0,0,3,0,0,2,1136,222.6
2460,28610e42863df218c569cfd342d5c8c5243a09dc,0,1,0,0,0,3,0,0,1136,271.68
2461,3353a57d84509329628998d029f4807f0daa7c3a,0,3,0,0,12,4,0,7,226,373.24
2462,6b0760c34ecc9b3c5cdd213bb74762e0cee88b2c,4,1,0,0,9,1,1,6,329,541.74
2463,818432c04317b50d79367b5095665010194771b0,0,1,0,0,1,2,1,5,336,193.93
2464,a06b32842087d944388d9c90a79fc0e82fc35df6,0,0,0,0,0,0,0,0,0,111.74
2465,021d2a83813cf53d9173caf6615f0ef10a43db17,0,1,0,0,0,9,0,0,115,143.75
2466,8d348a4d4b1db2d239b1f1c0ae43278de1279208,0,1,0,0,0,9,0,0,121,133.11
2467,7754f8266fce069936891800fed3937680137fdb,0,1,0,0,0,0,0,0,48,72.35
2468,84fee69634d0ab26eff5834896f44bd9fede6666,0,1,0,0,66,92,4,25,351,219.7
2469,a419a26739d3c5b894a88649191a72b2da9e56b2,0,1,0,0,1,9,0,3,1109,285.24
2470,db640f9d43b5a406b950eded93c56db4e4fa9c00,0,5,0,1,3,27,0,1,986,601.34
2471,81555f9e378cabc90a6d2a7af71f6737245ed1b9,0,1,0,0,97,32,1,3,358,279.56
2472,03cab0948da6fc5daad3b09889e3d5aae1fd56c4,2,2,0,0,0,70,0,3,694,528.49
2473,4ac5d67a7f98ceadc89f68a05b49487c5ece9ddf,0,2,0,0,31,0,3,6,95,319.0
2474,2cfb33271a9ad0d9910afbf2f61aaf303c10ea24,0,1,0,0,0,0,0,0,50,79.42
2475,7001cc606b3cbb6cb10f46491c58d3a1f1eea0a2,0,1,0,0,0,0,0,0,85,82.95
2476,749843507d1872e28f6cdb5fa67c305d4fc600ea,0,1,0,0,0,0,0,0,85,96.58
2477,5a684c8caf9f982ada2b6cfc8c2ccf4e79175923,0,1,0,0,1,0,2,16,105,192.25
2478,c0ee29d25393c2ed6d8f961ae37404e4f12d4867,0,1,0,0,69,0,0,1,212,225.05
2479,de9dae0e825b9bc1eed21f5b99d9a8d585ce36ee,0,1,0,0,22,16,0,1,28,268.27
2480,e17513b927522a4182e9812100979bb37ccb51d9,0,11,0,0,47,3,4,25,2709,1429.08
2481,d910cdb2db1919a4aa7c73b78d8107434df82223,0,1,0,0,2,1,1,5,336,199.63
2482,b117c27fcdb36db8ebfddbf0ec9cd2cc15878e52,0,6,0,0,28,0,0,0,873,508.75
2483,80bfd0b552f2ae27244cf4d84d08b1f15afda961,0,6,0,0,0,0,0,0,901,280.81
2484,14f3714f0504e4c6ff3914d93512f590dd5aa5d2,0,1,0,1,0,0,0,0,595,411.31
2485,5a9a0c743d77d88a4fa4c4412f57be62eac61286,0,1,0,0,0,0,0,0,124,88.89
2486,b15070c091e1c24268e4a3344c1c1b6dfdb16ba7,0,1,0,0,0,3,0,0,20,121.44
2487,bf879002cd11a869656bcde769fe9893880c91be,0,1,0,0,3,0,0,0,18,142.35
2488,d12de23b4c8e4fadfd9512cf5cf908571722d10c,0,4,0,0,14,0,0,1,1907,501.36
2489,0f4dd380e7e2da67165bf61e96a8942ed9ab0538,0,1,0,0,1,0,0,0,83,145.46
2490,0cc90903e4fee7f33e5a30da7bf2387f3626a3f0,0,5,0,0,45,136,1,6,1118,690.69
2491,2d7ed1c20062f3d6d327b57348234118b2913f1a,0,5,0,0,0,3,0,0,2002,416.25
2492,59b46bfaa953b879821424600c5545982519e2ec,0,5,0,0,734,637,3,14,19561,4708.72
2493,62afb54215bdc82fa6145d3d25e2344f686b9f3d,0,1,0,0,2,5,0,4,172,207.35
2494,66583186283fa4f22e61d85c1c0d2be16831f7db,0,1,0,0,12,0,0,2,77,877.17
2495,8a80faf41e1179a31b7a42434f363e5c8e306aff,0,1,0,0,1,0,0,1,195,149.58
2496,ebe9815431255fceba3b2238814be92360caada7,0,2,0,0,5,7,0,2,119,616.0
2497,2f160464807686494e224417ccce8bb86a2f4e20,0,1,0,0,43,0,0,0,163,140.18
2498,27e2772b1d187d206278ee1645aeca49721451f7,0,1,0,0,0,0,0,0,206,90.5
2499,85ae73d98ed31ead1a9d123c30c9dcb4fa72212f,0,1,0,0,1,0,0,2,485,574.74
2500,99a680de3a9a9f6d12ba193b6279bfbd64a4f040,0,1,0,0,0,0,0,0,275,230.26
2501,1f75bfa1a854fdf9a6a635cba6ff6abd9d9dd814,0,1,0,0,178,100,15,63,865,373.12
2502,dba4e0b9224ac9bb8f1e0fe536c9cb7fc890ff50,0,1,0,0,92,172,8,27,871,3378.07
2503,127c02856d297ee9d2584227549b64f48414f6a2,0,68,0,1,42,35,6,26,8607,13076.32
2504,320b5eff985d43955e0c51fb8eb94d75048b6e51,0,1,0,0,182,92,11,54,871,364.62
2505,6d244e003624fcea4167fd3531d18cede65c0533,0,1,0,0,92,172,8,27,881,316.93
2506,e63168da75623328c54e1b11207696b2599a6ba9,0,5,0,0,15,728,2,6,19576,2214.66
2507,36638db022ee422c344630f44ce2f7e2096e05c4,0,1,0,0,21,34,3,22,283,1548.14
2508,f2f860e3d01c4a492fe1aca6206dec763746bb92,0,1,0,0,34,19,2,13,285,2221.02
2509,b3513dfa76b176ce52415688c46a68c83e766b65,0,1,0,0,25,34,0,3,289,1286.93
2510,c2bc2240c65d5108103a197546f69ba3c7f8d43f,0,1,0,0,14,2,0,0,369,1724.5
2511,9e58703187e2ca410e63a184a89ae14684374225,0,1,0,0,1,5,0,2,481,1726.27
2512,afc444d8f56d9a17ae9913ce978690689db69ceb,0,9,0,0,30,16,0,3,614,1279.94
2513,d64e8058726cbf46307075537c36fd03e41815ff,0,1,0,0,1,0,0,4,1110,232.26
2514,8e701e01cdb656b65f8efa9c8264baf9f4a373f2,0,1,0,0,12,0,2,3,159,244.49
2515,9075d8988d7d5f99e5358f4ade97e68f5758904a,0,4,0,0,28,0,5,5,226,418.37
2516,df9308f2afd2c1602e08c5ab0beb922215db6e4f,0,1,0,0,6,0,0,0,1111,206.47
2517,dbcfe673224bb0f9670ada2bf6a3fcbdc23a6565,0,2,0,0,7,0,0,0,109,199.38
2518,c6f74b6180d629c4409384eb5d8b1868a177d584,0,1,0,0,1,0,0,0,27,105.76
2519,c2106fa776293f865975e9e591807f1b0213be9b,0,9,0,0,39,11,0,4,2398,1076.71
2520,52674498cd9641563e430cf55214c8e60ed8fb1f,0,1,0,0,0,0,0,0,88,237.38
2521,6a9a336ad4a4621aeb7bf73a4e6cd15aaf74323d,0,9,0,0,337,326,12,48,2207,4037.18
2522,e93778a9fab0872cb1a12a97a52513319ebcc6a5,0,1,0,0,261,0,0,0,0,209.42
2523,2d2105d6c40fbe2ff54add89a393f53830764db5,0,2,0,0,12,0,0,0,117,207.72
2524,5a7c2e52d122bfee3c20431a333b42e73e4cc9e0,0,6,0,0,13,268,4,7,180,460.03
2525,bf77ac53da6022f017102b495fb1b810b2392014,0,2,0,0,33,32,1,1,95,245.16
2526,42e0de38aea1b4c85b20daedc11b7c00fc26d015,0,1,0,0,2,0,0,0,56,106.74
2527,19658abf4126a869146ae57648c3c61319f60890,0,1,0,0,2,0,0,0,1117,208.66
2528,c02f8ead54e5c1dcb3134bd06f2d08fe1b79e9e9,0,2,0,0,42,0,3,5,192,312.1
2529,5dd1654699046f19dbce42827080bdbe1787caa6,0,6,0,0,92,122,5,8,587,714.19
2530,b834dde2874ea6ec6b136d1fbb3618a5ee151b2c,0,1,0,0,27,35,1,1,151,211.33
2531,ed18ee0c728ae069b7e41161bb301c9688491cbf,0,9,0,0,138,38,14,37,1055,1126.75
2532,4629648899e637e8e03938935f126689cce5ad48,0,2,0,0,1,1,0,0,276,211.92
2533,273c53831faede08b6f539ea80517a454ab50a3a,0,1,0,0,46,0,0,0,30,126.46
2534,fcb7e7a7c51778cac7f5e82461b968bfffaefd3c,0,2,0,0,12,0,0,0,1069,241.36
2535,65dcec661a1cade3ccd5adb1fa0b47b5df7b972d,0,2,0,0,27,190,9,33,970,388.08
2536,ab72dc9270bc14235ea81f7fc73da1b780f657e5,0,2,0,0,190,21,9,38,976,500.7
2537,1ade3939e596ebce0f7dae0d19d18439e3ab06c3,0,1,0,0,1,0,0,1,584,202.75
2538,22ceeb3dc2e79d377f771a922be44aeceb97b6fc,0,2,0,0,6,0,0,0,1611,495.79
2539,c5fb79b77576cbdb84496aacc4d4417b05e20f9d,0,2,0,0,0,0,0,1,1166,257.35
2540,6eb154ba5616e0df3ce4f11c88dbb1c92d317465,0,2,0,0,70,93,5,30,426,1957.81
2541,83f9f455d76ec831666f8ed6d6dcbe811145e830,0,1,0,0,29,184,9,33,941,2649.08
2542,bf36603ea27e3093eeb7de5970323d65fceeee44,0,1,0,0,0,1,0,0,196,660.63
2543,56045fc3a1386f8b8e8d197f9ee12d8f008839b3,3,0,0,0,0,0,0,0,0,4485.74
2544,1d027c8b018efcf10d0e7ddca2849c78caedf5ad,0,1,0,0,0,0,0,0,51,1250.58
2545,647e3e5a3106667e79c23e22fb7abfb0241dc5f4,0,1,0,0,0,0,0,1,41,745.42
2546,f3dd96507a53524ea507d1e0d701512c96b9bde3,0,1,0,0,1,3,3,6,198,2339.36
2547,c9b29e2091768e1083dffdf08922703ffc15259b,0,1,0,0,1,0,0,0,99,1218.26
2548,d20f76251e63b0f763df130152f46942a653a5e7,0,1,0,0,205,115,6,34,966,4699.66
2549,43a1f3584b8ca8f4683f4e7c84c83c9fadd83b05,0,1,0,0,9,53,11,18,575,369.18
2550,365f11ce06c5b196f08851a9d89c122c24941743,0,5,0,0,208,79,17,77,2068,3549.22
2551,a720178032af2b32bbf571784f414a909f738c28,0,1,0,0,1,0,0,1,585,172.04
2552,37326e75f1541f6f7b6ab1a60338666df30ab0f5,0,1,0,0,4,10,4,2,256,204.63
2553,be22ee49b7156d57378cd4812c38e8b4d0dd03b0,0,3,0,0,40,66,1,6,349,350.49
2554,8736fb6c5b116bc3d8922aac6c3ada7c7df66f1f,0,2,0,0,0,2,0,1,294,152.05
2555,bb629258475b528b94f803ae08c108230c6e8b76,0,1,0,0,18,17,4,17,53,198.72
2556,d3890470cf71fbad887a5c4bc256bbdce92c654a,2,19,1,1,175,268,34,80,2906,7988.19
2557,ba1fb81ff92f5e9379257eac6d1dcdbd2f4119c2,0,2,0,0,79,16,14,21,1050,1098.21
2558,4a7c2c76e22c1c6677fcef52b851a0a290911be8,0,2,0,0,33,58,11,15,1071,903.68
2559,bc09ebf50d646d4d0bd2a6ffb325360f09546673,0,1,0,0,0,0,0,0,418,112.42
2560,2c000d92f2985a90e3cdb262e30cb86d99da4517,0,1,0,0,0,0,0,0,586,623.14
2561,e0b88b0d944a04223d58a605addcc3e8a304b805,0,1,0,0,0,0,0,0,418,1052.14
2562,97630596fb983d10c8259f299ce0d6ef649c219a,0,1,0,0,12,0,1,0,489,2205.19
2563,b9dc6a60049118c2949ec4dc122ddc779a4973c6,0,6,0,0,76,15,2,21,1957,7934.65
2564,7343adaef2a39596dc13c56a117312319bb3f650,0,1,0,0,8,23,3,13,1154,2413.98
2565,9f925e92215069b7ef8f3551d19dc4a57b06ba6e,0,5,0,0,12,17,4,8,2127,866.96
2566,4b0192a30073c8a00940a054ae4bc84dd6d8bbf7,0,0,2,0,0,0,0,0,0,89.12
2567,3ac0d33e31d1829af7cbd0e3ff127357975716f0,0,1,0,0,0,0,0,0,316,91.97
2568,e688815e5a05ba75b7a78c2da58d11a22d95b65c,0,16,0,0,1005,43,20,68,24651,4279.05
2569,8efd3688645abcc24422713350022f32a0c664f4,0,1,0,0,20,1,0,6,106,173.81
2570,37135cff132e671372f04475f7a81eaee1e93c05,0,1,0,0,3,6,2,2,25,166.31
2571,cb2ff66af9b5a0b54a6ca70231319de1b7a1d7b0,0,3,0,0,22,8,2,10,1169,379.26
2572,d04a8b514302d23ddfd28a181f21a78d9b2c40e5,0,2,0,0,59,24,1,3,261,239.22
2573,31e0a2aed934ba723d1e18157ba22ee1f1beaf9e,0,1,0,0,3,0,0,0,88,105.63
2574,6ca7d50df5e3cc2aa7bed2c329ebd7d240c05954,0,1,0,0,8,26,3,7,1154,283.56
2575,7dedd603babad5813a7b28a4c7ffd0e485daaba3,0,1,0,0,6,3,1,0,88,151.13
2576,d033b1f8e79db07416f075fe84c72406a21e4393,0,1,0,0,0,30,0,0,59,87.08
2577,08d598e3e2628549a8fb544bc194e1f731ded24e,0,1,0,0,36,27,1,0,45,154.71
2578,7dfef3e017637ef21f3a4c1ba715e3bfec636ed4,1,4,0,0,12,3,1,0,154,480.84
2579,99f0cf7480ee12d07e6d65b74b7d3557aa68379e,0,2,0,0,46,24,6,12,340,13020.09
2580,4cdc4f133cbe0719a1e25610df5e2d47b3fdd744,0,1,0,0,2,30,2,0,291,854.6
2581,6bdc779f723e67cc129321b3dc28ce6daa4db4cc,0,3,0,0,20,5,2,11,1685,1359.81
2582,6d10bb7f701587b1a3e5ab25894e8ea68f19b00e,0,1,0,0,0,0,0,0,293,102.72
2583,b53554f5c32e132ecf4bfc410e2f52ea6347e008,0,1,0,0,1,0,0,0,1141,221.97
2584,b043d68211052e31dac24ab2f27dde16d356a784,4,5,0,0,54,87,4,6,1054,1456.11
2585,a7595918ec46a5dfa24c216418596ab462356692,0,3,0,0,40,23,7,9,587,901.93
2586,c6741f30fa448906a27b976a03559d23e77ccfed,0,3,0,0,18,2,0,1,130,383.55
2587,51be0c068dd07a9a3e0e943309ddf29f1b5061f2,0,1,0,0,0,0,0,0,293,246.02
2588,5f474da8ee68a306816d2134190996b118b65d96,0,5,0,0,29,13,0,2,758,911.83
2589,3ada8a517dc2afe9d5822c59e162e0ecd242dfc7,0,5,0,0,3,17,0,2,770,899.97
2590,ab2fc1f9e4c378e2f793c204435b1b728191d450,0,1,0,0,30,0,0,0,594,639.4
2591,6015414a8bb8d6b4b04cfc0270bfc3ed2a3a64a2,0,1,0,0,10,3,0,1,1173,990.68
2592,7f31a12c90d52f151788a3b293f2d9c6531d86dc,1,2,0,0,26,0,0,1,199,689.12
2593,8906a0aab5f3a1630c63a18f0a5ae158490530fb,0,3,0,0,58,5,0,7,359,458.77
2594,826eab0e457841c2209742e3d0e56fd87225f5ca,0,5,0,2,53,8,0,1,610,793.14
2595,c918570674c2c0106b3df328cc5aa89fb41372dc,0,1,0,0,2,0,0,2,1183,559.17
2596,797fb638150765ce35fa5979bcc74eebf45bc8fd,0,1,0,0,3,10,0,0,1175,548.12
2597,53142fe48143ee45f89a0a8ea743472ac2cfbb07,0,1,0,0,0,9,0,3,1133,493.18
2598,388c690c228b3e93ca870d5f6bdfe3554bd5c6e0,0,7,0,0,56,3,9,44,771,897.19
2599,caea7ffd6b7e71bd6bb12409cb619545d30366c2,0,7,0,0,77,57,1,9,829,1038.86
2600,640deaa8746631d3b3a6e278ab7a913c83f69c2b,0,7,0,0,63,24,0,0,882,1217.35
2601,058a6ac0e444512f7306097a2f8302690629c2ee,0,3,0,0,0,3,0,0,145,194.58
2602,2816bd471f619bdb25ea5efb824475904d6c1166,1,5,0,0,7,0,0,1,1782,707.21
2603,455dcc54ec470b210ecf895f479581db6fad20fb,0,5,0,0,0,0,0,0,848,579.15
2604,c024da47b4f975e2005a93d7f5c8add651a679f5,0,2,0,2,1,0,0,0,167,462.45
2605,90548386ef011c016bac70c4876ac51ddab648cf,0,2,0,1,11,0,0,0,479,467.05
2606,3193fd526bd4dfb1b4441d3aba621f2413399ead,0,1,0,0,1,4,5,5,54,366.47
2607,602523f7b8fe818fa96854f92c263a8577ad4975,2,0,0,0,0,0,0,0,0,335.93
2608,c715b6d9be15c637dddd156456616bb4cf598c47,1,10,0,0,44,42,1,5,890,1477.91
2609,5dc93856fd052607bfbfd8c394fbc57ee44e87d9,0,4,0,0,36,36,6,15,1838,984.87
2610,032b476c522e7d78c244b6a132027197b7434a08,0,5,0,0,36,11,0,0,1863,1092.93
2611,76e0b6827282693252c0065fed7127f120b78315,0,5,0,0,23,153,1,6,309,666.86
2612,4ebba00095cb428c6d9ba9d3eb0f7e3b173b90da,0,2,0,0,11,0,0,1,219,331.43
2613,931c2f1208dee513634cde9b701ef8a00c566d89,0,1,0,0,2,0,0,2,470,342.17
2614,784e5b53ab0ac750da982b07ded6157032bc8230,0,1,0,0,0,0,0,0,472,251.46
2615,3199735bf3323a6bf97f6d5d1ed4e7c5c4b7a1c7,0,3,0,0,1,23,7,18,1706,1022.99
2616,e11fe50bc74a644a97908b84e80a568b2a9e5f35,0,5,0,0,75,81,1,1,314,650.01
2617,26dfdac558a32c41b366ae6ba5afd5e00a3eda5e,0,5,0,0,62,47,1,2,342,610.62
2618,65bfd9c1374b00b3340f898a58cbf3e3516119cb,0,1,0,0,0,5,0,0,61,201.87
2619,64d3409556de0b305cd478877c6afc108d8f02b0,0,1,0,0,5,0,0,1,61,182.63
2620,53dc854ba75612213f88ce50c48c5874205a3868,1,3,1,0,11,9,0,3,742,1096.83
2621,8a8a2bd2e2c2f7a562914d860d389456b6d57475,0,3,0,0,116,0,0,7,1180,856.02
2622,b6ea29d251fad924ac18a5bc6195352ceefb776f,0,1,0,0,11,3,0,0,1199,566.55
2623,ba1821f87c0e757a4a1882d071c99952b7bd4695,1,7,0,4,103,17,6,0,939,1783.06
2624,016068ab27cd6735309e44837b09d77a2387d4c2,4,23,0,0,148,77,2,34,3891,3684.36
2625,c9ff755776931c8d999699401b3a73bc796fcf3c,0,1,0,0,10,35,6,40,492,203.94
2626,1bafcf91d4863470aaaf4116f60f7bf11512b794,0,1,0,0,12,1,4,15,1248,274.81
2627,98fb5641edcb603ce3ecbc66f56d2afc69bd61ce,0,2,0,0,4,0,0,4,413,239.32
2628,8fdc12e5e3da9ba229cd91fb2bb6dd1bc1385a36,0,1,0,0,30,0,5,4,270,169.04
2629,4d9d9a91c244a1e0d3a399e49abe7dd16f6ab5be,0,1,0,0,6,0,1,1,191,173.65
2630,25dd19c9b4387b8bd5039d2217dd01444e097799,0,1,0,0,35,49,6,15,978,241.99
2631,0bbc22c00dfcce3d0945e61e94dd91d78ed51a26,0,2,0,0,3,23,1,1,377,225.49
2632,f599559221ad074d9af0a99d7ffdd482c2b6b10c,0,4,0,0,97,239,8,27,1246,532.02
2633,453a67130bed7990fe018561f292ece899a5e3a0,0,5,0,0,65,31,7,40,938,923.09
2634,4069d8af44241b84cfdfa60dc362868ef5241ecf,0,4,0,0,232,77,11,26,1266,447.06
2635,9ede4975ba35136763a2fcf36c5447d9bf1e2290,0,1,0,0,4,0,0,2,1031,202.57
2636,336476f88d107d54ef9534be1e6c0bd81e148484,0,4,0,0,58,232,8,21,2026,502.48
2637,664d2516f33f0eb033f17e63ac82e180c8faf01c,0,1,0,0,232,53,8,25,799,281.37
2638,66c41a374fe6593a70d27ac375f80042e3462c42,0,1,0,0,49,232,8,21,799,269.09
2639,3b198d148546d2cd124a64a42353430ee176559c,0,1,0,0,0,0,0,0,58,87.44
2640,b8d65836a9dec07b355cdf91a4a9e74180f2aa87,0,2,0,0,0,0,0,0,152,266.87
2641,a6ecfb9689fb757e7dac1c31dbb78534d81f8fde,1,1,1,0,3,11,0,0,1199,405.44
2642,f9d057edbd56776f73c83a3998664f1334c32a17,0,1,0,0,0,0,0,0,385,256.55
2643,9795e845d2e0350974e41fc24f2b2447a8ed18f5,0,2,0,0,1,0,0,0,83,257.91
2644,0ff74edcd6e1d782d98f76e241fe790cfd04e36e,0,1,0,0,1,0,6,15,224,346.28
2645,e987e3b88fb8ca88d1c69bbe48235dd770d8042a,0,6,0,0,13,7,2,9,1530,1247.64
2646,2fde44b25cb234ebbdd2389b59daf69a2456b176,0,1,0,0,11,25,1,1,1235,665.85
2647,24bf5a20ea168e387b9537654b169f1156a32c1b,0,6,0,0,342,78,12,34,2750,1888.02
2648,01883da5fc68b6570fac934fbfe5e5340b5b98de,2,30,0,0,25,18,10,17,3308,3581.33
2649,4deb77971a43cf5a55bd2e2835255ff044137fc5,1,5,0,0,8,59,2,9,1771,1225.35
2650,4ce338af735fdde13ec2a77be7ec9b97a804c04d,0,3,0,0,62,290,10,30,993,880.28
2651,aeaab2445e3fcc022ee3d1c92eda8a56dd509b5a,0,1,0,0,6,45,4,10,50,286.96
2652,4921e6b691b0a0da510b44a6948bfeafb52c632a,0,4,0,0,7,3,8,31,878,944.92
2653,79ec1bf35269139cbeae15cf17529aab4a32f261,0,6,0,0,59,7,2,5,2849,1325.01
2654,b95a49c5f9e22225fc0ebc703fd62bd8241bd9d7,3,39,0,1,389,253,21,48,4694,6319.25
2655,266a213453b85b4293e566d87cfd6419c0c08c19,0,10,0,1,8,1,0,1,1836,1451.1
2656,6139767e9095fecabf38cade374a3817f9858be8,0,5,0,0,38,6,1,24,937,1129.79
2657,e7be5e64ddc0c48512a5d8cfc831d9399203da94,0,1,0,0,1,1,2,9,54,348.97
2658,a9e9b720fb04aa7218a0815ea4cfeaa1ef60c065,0,3,0,0,33,83,2,5,923,777.86
2659,055a98ebf1d9e9fa8cc349024c94384d715fcfb3,0,7,0,0,97,14,7,20,1636,1167.4
2660,8a8e1746dd4b4cebadd1543371bfef013233324d,0,2,0,0,26,23,5,13,1264,1173.97
2661,db2d62c22ab514efcb3c137f3b09f2270df84aa6,0,4,0,0,4,0,0,1,1167,814.1
2662,351c0244b5c7057b64c45575bae20e6fe808034d,0,1,0,0,1,15,0,0,130,204.94
2663,5001907f77a0c5f70bf1cdd6acd50242b37b47b5,0,14,0,0,20,74,0,0,2758,2102.87
2664,791a78f92c8318991cd9207bbca99b470174044a,1,9,0,0,125,57,3,1,2021,1802.36
2665,477bb5f34b8e2599d759f9548df940a3e0a28280,0,2,0,0,15,1,1,8,262,1049.92
2666,34e2ae59a9f8040d8c33a274fd0dd35822beee5c,0,1,0,0,5,0,1,0,56,155.32
2667,2e0a805f15bcbb6fbaa6c08a01efc4dc99a28648,0,2,0,0,54,0,0,0,278,264.01
2668,ab04470b27eba55c270280a5efc1d19a7edcd558,0,1,0,0,126,254,16,43,956,508.97
2669,c953ee622b90d4eacc916461a2ae31d3f052b331,0,1,0,0,0,1,2,4,56,186.93
2670,cea0342823bd306ff469d61c37fc851c9088daea,0,1,0,0,0,1,0,0,55,177.06
2671,428eaec33857126b2fe32e0918ee809e868fe8d4,0,1,0,0,248,114,14,54,968,666.77
2672,b1899ee46e2a8b44886010685de475f6374899f1,0,1,0,1,0,0,0,0,23,188.48
2673,38e3e85b121ba6308ba3ceb26312d12ed0d609ec,1,18,0,0,201,315,15,33,2641,2466.34
2674,1a0134376b2a6e0aa5ba9b308f2a5306b7abf605,0,1,0,0,0,0,0,0,55,173.22
2675,91b5dd0e10802327406df84fdd66b5c3c40e7af4,0,7,0,1,37,14,6,15,3276,1896.06
2676,b6e29b44e128c024cbd2051be9239958471d355b,0,1,0,0,0,0,0,0,163,163.98
2677,7c08ecde3b91e9ecfc0fc48555e5ae4551c792fc,0,5,0,0,1,0,0,2,737,661.86
2678,38a55bab7ee054bce83028b5f0abda3e9e9e7ebf,0,2,0,0,25,28,5,17,1262,750.02
2679,ed0df5f4786854a7cc9596c43925156629fd1ba2,12,11,0,1,115,10,28,63,2565,3048.7
2680,f9497f4b4c18c6c47ebf14c525bdce4c1f0fe1ed,0,11,12,0,10,115,28,59,2565,2369.83
2681,cbd6eb804cdffe735deab7a64e438f50ae9f64f0,0,1,0,0,9,0,6,15,361,333.08
2682,3d4e07f7eccd607529c9323c2b0a474e76f1d6ce,0,8,0,0,118,26,18,65,2427,1704.41
2683,0a4b1667bee674f7c0a22057cbdab97e368a20d1,0,3,0,0,91,88,1,7,1249,880.7
2684,bb7196312dae9807f42324ec36707b07fba4ad12,0,1,0,0,1,0,0,0,530,298.32
2685,86cbff7af6df6a3eea2f27b7ba01ad57e8436990,0,3,1,0,12,0,0,2,1577,792.64
2686,e3e95622446e7e41b07418813d4450cdd0044e10,0,3,0,0,18,0,0,0,190,284.77
2687,8fd5ed8014837ddccbb1d5dd794257038e052eec,0,3,0,0,26,24,11,38,1023,672.62
2688,ea5a3d15f03802c38eed19e8f9a0011ceccedf6e,0,2,0,0,112,2,2,5,307,702.05
2689,fd0cee84b4f580dab5f7121d0c2ec3c9396a1d7a,1,0,0,0,0,0,0,0,0,92.75
2690,4f7ed5a7c26d1897f6e00e0a0f2fb018a3c475fe,0,2,0,0,4,3,0,0,87,255.15
2691,ffdfe1b102c164cb46885befb845057aa07102a4,0,3,0,0,6,49,2,6,415,457.57
2692,16d73851665146c763b24c947e7a157fe24e666b,0,47,0,1,237,948,8,27,31723,13574.16
2693,2cdda7688166d9ec84063ec907510597359c3090,0,1,0,0,7,4,0,2,332,326.34
2694,64f933791b022fe356e2d55fd668683068dacc84,0,5,0,0,24,141,2,3,1248,945.69
2695,dec9eec41f7a1c060db8a6bc946aa012c81b73f0,0,9,0,1,119,48,6,10,2392,2070.04
2696,9361543f8021c5e8c2156fdb8b6b9a39ce852667,0,3,0,2,11,0,0,1,557,796.98
2697,7ee366f5fb5a61ce86e89aa56a144e19295a296b,0,5,0,1,4,0,0,0,716,696.64
2698,32182f09e115236d391f3d2f86a21ac2d408313e,0,1,0,0,4,0,0,1,64,154.76
2699,2e3975ce778f7cf441f72c8f89cbef2d2f604ad9,0,1,0,0,0,0,0,0,68,88.65
2700,994a03cdee262e533d42422084f5066bc8cc7cbf,0,3,0,0,29,11,5,18,1737,1199.04
2701,107d16741315792b48f1b9a0ec5920f1df95ae13,0,1,0,0,1,0,0,12,124,251.64
2702,55f10a86234c1cecf9abe4b2c8848af5bb875dd3,0,1,0,0,5,2,0,2,337,385.87
2703,6e325c5ab3bddec33a3083bf6e079e218e460d59,0,1,0,0,0,1,2,4,57,227.9
2704,c8afd769e5baec91f20508d0a37bf1bba93f09ff,4,40,0,0,1077,16,26,32,30721,13598.61
2705,dd7c8552c330e4d8a8d147ae7f31e39f3a6de62e,0,1,0,0,27,0,0,3,306,292.29
2706,7cf0efc0d65028e7cf6730fe38b9e8b2a5638c97,1,0,0,0,0,0,0,0,0,132.52
2707,8c89038a38d5b856c39b11fc8265a3abd0362217,0,1,0,0,19,32,1,1,301,287.93
2708,01f32820fba5d036adf6f491a49a1cf431e12dc2,1,0,0,0,0,0,0,0,0,105.27
2709,273dc7e6dbfa9d8db717b9d90e6b8f117e982e7e,1,6,0,0,27,29,0,1,802,815.61
2710,b87e2a7582de7fd5f87c6aa64150fd3e7f7e230a,0,2,0,0,14,16,5,11,1207,637.59
2711,c927a41a3692ddc31ff952188870bc087c6cfd65,0,1,0,0,1,0,0,0,55,122.29
2712,08e638ff0c9dbddf60d97dc5d11ef58e08524284,0,1,0,0,0,0,0,0,1221,504.98
2713,e4e19931e228d24988b37c2dd21429126551ddf0,1,6,0,0,129,47,13,43,2092,1737.58
2714,7182c50820f09eb39214225ab45a8376446baccc,0,1,0,0,0,0,0,0,132,125.44
2715,333a24d90d24b05443f9b6ac9d00674616fd6a1a,0,4,0,0,29,1,3,12,2036,1040.45
2716,6d0d57e29b6dc44988c5f23b90f129181ec1c94e,0,3,0,0,11,3,0,0,88,289.08
2717,19b8a60d419341fe2e23bbcf162a1d2dc9479c53,0,3,0,0,0,0,0,0,99,173.02
2718,8eb0a938938ca12448ee7944a802589d86b8b66f,0,3,0,0,1,0,3,6,222,309.84
2719,f35a6b59fad445d268d9705ed3527492f05e95ff,17,0,0,0,0,0,0,0,0,1337.03
2720,35a026cbd5c4991cbddc748f0974ad5a03a13c81,0,5,0,5,14,4,0,2,1236,2007.19
2721,a0d45f7f3185215f72e7d9e9104d2055d262cb8b,0,17,1,0,0,321,0,0,914,1269.8
2722,a8c6e6224324a48eadf60a10d2181828a3fae4e4,1,1,0,1,0,0,0,0,30,251.16
2723,2ba21e1fcdd8682d5ce0fd404bc3ab0d3f0f9683,0,4,0,0,52,15,2,7,707,600.0
2724,45a369468db084af2203c640c18a1b8d02ea3ded,0,8,0,5,0,0,0,0,2127,1647.02
2725,62cc775015c5da79b6bc94ef40ad78d7b504571c,0,11,0,0,78,37,5,31,3305,2522.7
2726,3e77792d31344be0253c89355c1d96ffe03c0659,0,9,0,0,49,87,12,29,23700,8680.12
2727,c11eeb43a49af512e6da64e32731840b265f0ae9,0,20,0,0,8,91,0,2,921,1502.42
2728,a8ed29baec96c76bbfda1d878758e82b0323d0e7,16,18,17,0,0,0,0,0,1917,7072.84
2729,6c467fd6718f59757234d32e604dfd9a13d4a296,2,3,2,0,0,0,0,0,111,388.89
2730,9404c65f72b3334c5a44e525401a8959e3aa6f00,2,11,1,0,13,0,0,0,518,1432.42
2731,cc83c44a307b216b2a06f69dd80a58dd561918ec,1,15,0,3,112,44,29,97,22892,10038.36
2732,447e45fd446bc11b9eb5d3d4cff5104936c9f02f,2,1,0,0,0,0,0,0,116,1152.88
2733,04bd02682b38e6197628b8374b140be5d3b34e90,0,1,0,0,1,1,0,2,70,1299.89
2734,44a566d32f84a8cd28cb3519feba6fca3b30f049,0,1,0,0,12,3,3,42,473,1467.51
2735,a1d5e939ade32288c8a6b6bd87077449df663c30,0,4,0,0,13,5,0,0,1805,1617.36
2736,476cecf9a717bb39eee80db1bb12856791f7a550,0,4,0,2,17,15,1,0,1270,2521.56
2737,fafc0ad7dd11e05c7f807b96b5ca70a3126d13da,1,0,0,0,0,0,0,0,0,168.31
2738,afeeefabeacb8ac53095efdbc6b7e05c94480cb3,0,2,0,0,1,2,0,2,87,1126.66
2739,1ce8b0ddfbbd7a2723bb5e8af44cad2482e1edbb,0,2,0,0,5,0,0,2,1316,2358.52
2740,206294be76b609f8c540281863c6e4a6ff1d8332,0,2,0,0,26,2,0,3,646,850.94
2741,a19f7f1c6ef78ccdb935b9834f153573bc9de837,0,22,0,0,9,0,0,0,1180,2303.27
2742,b788d192ffd106bb4f5adec0408dc99de13eb090,0,14,0,0,24,249,61,89,6004,4567.74
2743,2f8b4b7e23b4c633c8d0ec31f641e8a021252b7e,0,2,0,0,0,12,4,15,1608,924.24
2744,1ee25ee5949adf550b6ef4323b470c7ca8988c11,0,1,0,0,0,0,0,0,116,186.63
2745,fa212738583856895f7de79d17914eb570a2faaa,0,9,0,0,31,3,2,6,3110,1781.99
2746,d4ca52415e299b7d2f10fbf5fe0306578d626fab,0,2,0,0,2,0,3,24,584,382.21
2747,ceabffaa22ece914c989a40a2e4e852cf26d91fe,1,12,1,2,36,18,6,26,3367,2128.49
2748,39b4b93b06a967af8cfca140986aa81c6f6cf60b,0,1,0,0,1,0,0,0,28,127.68
2749,680798e032660c068fae19f4e19ad0833b53d25f,0,1,0,0,0,0,0,0,61,119.97
2750,be1c748396697f9d0bc4bc1b985bce822a4a9a02,0,6,0,1,12,0,0,0,1389,864.67
2751,f5f0b8ada4c1f7148e0b96c1db04fc65719e0774,0,3,0,1,6,9,14,45,661,1483.28
2752,4da5761464f34fd20c596b51118bbe44fb686eeb,0,3,0,0,9,6,14,47,661,629.02
2753,a549e2ba98e3c2f143eae31c647055a7f05ae5f6,0,1,0,0,0,0,0,0,242,201.61
2754,2acbcb768adb276e673bcaf97423ebfff7d1ca87,0,4,0,0,2,5,9,42,730,795.62
2755,4befd97237e0e8426555af441316705860b073c7,0,5,0,0,6,0,0,0,769,530.05
2756,58a2427d4b719a8896eeffef03465db92786e7c6,0,2,0,0,2,13,0,0,213,270.53
2757,392ff8686baf74675ee23a13cbf4ceb0f1524464,0,3,0,0,3,1,0,1,657,413.08
2758,c7cdc317c9a14e29699f9842424388aee77d0e1a,2,11,0,1,83,41,8,38,2799,3051.37
2759,1ce7ac2f5d88bc21ec016f3916b1412d414a70ce,1,11,0,0,105,0,4,11,24312,12461.93
2760,d6415078b04246b48b92b04e7989cc1e2e2e86f8,0,1,0,0,26,20,4,18,50,687.69
2761,b391600dcece42b77ae73cb6cb48c5ab56849c72,1,11,0,0,0,1,1,0,24416,7921.84
2762,f6183e8c256a39999c3385cdbc4169873a1c00c5,0,6,0,0,8,6,15,14,21741,2504.16
2763,c2e3b071e207a6680ed2ffb124b7eb7c0ca56e2f,0,1,0,0,1,7,0,5,109,240.35
2764,c2709ba27757e5aabee28ff5c7affd0f87164fd6,0,1,0,0,0,0,0,0,75,89.8
2765,0d37eb1b6161c2231df16f3454a6c61819536107,0,3,0,0,2,4,0,4,566,283.78
2766,471938238e56b52e8291c537655092fd8bfe47c9,0,3,0,0,0,0,0,0,568,190.17
2767,2f998d02c587314a3539846a3fc35ff145daabfd,0,5,0,0,23,7,0,2,1237,502.85
2768,8a7ab59d10c1d82e649398202b955b30dc5ff1c3,0,5,0,0,0,0,0,0,1260,317.16
2769,8165671565372a25eee41161aed67c45935db34b,0,1,0,0,0,0,0,0,528,122.52
2770,acf93f044bc698f84c91a8601f96194eb549e97a,0,1,0,0,0,0,0,0,132,89.38
2771,effb653450a11abd5e0fdc221f9b2c7a046e829a,0,11,0,0,37,48,6,10,25615,3116.51
2772,1f7ff16210dbdb96ac387341bdf3350e52c3208b,0,1,0,0,17,43,16,42,1205,387.47
2773,71ebcafb49033dc895db971ddf7b702bed55a8cd,0,1,0,0,0,0,0,0,57,82.97
2774,e1995c12568b9a638f47b61085c1a39d08a9a756,0,1,0,0,0,1,2,12,75,179.86
2775,95da430b39c51eae5540d61af742990a1613e7ad,0,2,0,0,1,1,2,0,19304,1932.29
2776,3c2db692f2fb45b5920d27fd2ea1e3e6ac974f53,0,1,0,0,0,0,0,0,19305,1767.73
2777,a3545d398e4118b8286327e4e59b25de0f4c39fc,0,2,0,0,24,22,5,19,104,657.41
2778,d23655b4c416970c494b6ab5e3946da97ac116ef,0,5,0,0,54,16,15,43,2358,645.93
2779,27a20bf8a8afb221f25a0c892251c94ac39fe10c,0,2,0,0,21,20,5,21,108,232.66
2780,ae5722c2379614e4657088cfef38e7bec521c211,0,2,0,0,0,0,0,0,1314,381.81
2781,8d979918a70ab9a58c33a32cad2734ae2bf54382,0,1,0,0,0,2,1,5,92,163.38
2782,ba9a8832d043d876fd18b2027cc933fc6689ca9c,0,1,0,0,1,0,0,2,125,165.23
2783,2e84be2474b10adb04c13fc622483be04ee3be4d,0,1,0,0,0,1,0,0,125,111.45
2784,ef6b9fec8eba38c93c597b574e72ff8ec8599449,0,1,0,0,0,0,2,4,1250,221.36
2785,e202c1995902a2f5c76dbcfe554aa5b21a6718b8,0,1,0,0,4,0,4,10,1250,567.14
2786,00f93741072d8013566e9763b58816f9e657b8c4,0,1,0,0,28,27,2,11,355,655.11
2787,5ef053f6d11ade21fb8e98c8282d076ed51bee4f,0,1,0,0,39,0,0,2,85,149.07
2788,7316f1813954414e1b858f7867c5a9b2724d67e7,0,4,0,0,21,19,0,1,220,310.96
2789,de829f17f272fced625e6aa448225bcbc5931476,0,2,0,0,0,1,2,9,1389,317.43
2790,aab97ff162882476f968c059846e3120f6fe2a94,0,3,0,1,31,24,6,26,1088,591.47
2791,c0f6905eedc1ff934ec62e07fa26b5cb221c390f,0,3,0,0,30,14,6,10,1289,445.24
2792,24d98d43aaec998d96145d7cf41df98f5debeaf7,0,3,0,0,14,30,6,11,1289,350.03
2793,1b0df3897595cf62426e4811670d092b823d3455,0,3,0,0,30,14,6,10,1289,429.08
2794,c3b5073b063ed291cf9b7aee27b3b62286ca4eec,0,1,0,0,27,28,2,15,355,197.84
2795,a4f75e2c909c89c504538cd7050602adc3696266,0,6,0,0,21,34,0,0,478,731.5
2796,2a585c0942aaab9fde65a836bd887b03f589d3a4,0,9,0,0,44,0,0,0,687,918.58
2797,84a461acf9dff96ace30b54c788e4211f80e8b91,0,4,0,0,8,0,0,6,276,479.13
2798,53698034e3f2ec83747a80891506b6e82526151c,0,5,0,0,20,0,1,0,317,674.14
2799,4fbcdea75f8e087f2a2da9f600e3fc656b5d4f4a,1,0,0,0,0,0,0,0,0,153.38
2800,ea82722776c43967878180199ab54ba485575eb2,0,9,0,0,3,21,0,0,710,1242.22
2801,f0b70cdf6bf6074c436bd07f0dea4aaf902f493f,0,1,0,0,0,0,0,0,1271,845.7
2802,5c78fa1ff66b7e38016242025a96171c1ad82d4a,0,1,0,0,0,0,0,0,110,186.88
2803,bab73597ab93bb7477d1a22ebf206e78279232cf,0,1,0,0,2,0,0,1,60,301.42
2804,bd885cbd44a3cca8d1125a4d6d2c68d5706f855e,0,1,0,0,0,0,0,0,196,227.54
2805,85a0b46f835bc70fea42477feda6798af37da43b,0,1,0,0,0,0,0,0,196,185.16
2806,faaff141b28b0581277ccfa4f67b6754b641586d,0,4,0,0,11,3,12,28,1224,972.52
2807,3ad3e73f59276f166720939902435ca17cbf9ad1,0,6,0,0,20,0,0,0,1263,909.13
2808,bbbe5024370d892d7d082568df2a1f27a79bfa6c,0,1,0,0,5,1,0,6,248,320.67
2809,74c0557fdbee4db11562c75cf39916aec0f020a7,0,1,0,0,3,1,0,3,381,336.65
2810,790187c541709b10e7f3bc5532eaf894dcfbf65e,0,1,0,0,0,0,0,0,384,221.18
2811,d44758d10249ef100a1e9990c34ef27b9e0235b1,0,1,0,1,0,0,0,0,42,237.89
2812,c41c0fe81ac5deacb1fd2253023213846e43d832,0,1,0,0,0,0,0,0,42,104.39
2813,4708aa0c9cd1a2daa03d5b4e20894f3b2e62eb8a,0,1,0,0,0,1,0,0,89,171.51
2814,a6e5b6dd33f5ceb6c73b33bf69d52c6ca7d0bcf9,0,4,0,0,20,20,0,0,180,674.52
2815,31f4e627a723d5a48bf5dd3a38c84dd192511459,0,4,0,0,0,0,0,0,200,282.59
2816,bd2a4aa378dfe9f338e839bbd740dd16641ad9b6,0,1,0,0,67,0,4,0,260,340.73
2817,c56b488b736a60c5342e08f8f82645ddc7ed4ec3,0,1,0,0,0,0,0,4,1253,637.22
2818,1e7cde5e75ce18cbd88c9119fef58d97f83cc74e,1,1,0,0,25,0,5,9,22,536.61
2819,370b64115525019bf63b860f0eea4e7a532d1a3c,0,2,0,0,2,0,0,3,526,408.18
2820,f1767bd3ac835fcffade3016e7030cdcf6f98655,0,1,0,0,28,0,0,4,84,624.65
2821,6e4eccdc26cb06689b924a6be4f5073c723abd0a,0,1,0,0,2,0,0,2,208,314.8
2822,160cb28d97b3d14094e60f53cb760f3f145f72e3,0,1,0,0,2,0,0,3,637,419.08
2823,2dbde4357ba52b73b4245feb12061718b24839d8,0,1,0,0,1,2,0,8,208,319.24
2824,b42139c41abb17ffffd99b960adb73d3f9599fd9,0,1,0,0,3,0,0,4,164,279.02
2825,cb389ba6c27fd7e5999a90917e9fd9b49091aa72,0,1,0,0,0,0,0,0,167,192.3
2826,e3252b7d3543fca07fd2719123a379874f14b2b1,0,1,0,0,310,90,15,53,775,817.25
2827,d28fd1fc2d116e520751976d679e03c46900820f,0,1,0,0,0,37,1,6,602,412.5
2828,2a4e2487b4acdeea6dfd5af92c17f81cba5da01a,0,3,0,0,127,337,16,46,1462,1011.18
2829,a26fa838e6ebed29d7fbb8690c7346f1fca2138e,0,3,0,0,13,0,3,4,1589,732.36
2830,94cdf8b6b00da0a1a0d37b3e259d224c469feee5,0,1,0,0,2,0,0,2,209,237.76
2831,496649031f5a35906273293ae97b37e79da86ab6,0,1,0,0,0,0,0,0,211,193.23
2832,9e04de6ac093925402a9e42f7cbb239c92f949ab,0,2,0,0,9,8,4,13,811,672.24
2833,bca5ec2216d5cf56238b4e737bbf94bd3fdb8531,0,1,0,0,3,0,5,5,1253,627.45
2834,31ba435576d4d9ace92a3174888f6316e110b043,0,1,0,0,4,0,0,0,487,327.48
2835,3682eb7ec102c12693fba305dbec108897a7d39f,0,1,0,0,1,1,0,1,74,256.71
2836,a4d656b86c2a40fff8174e6dc6c67f919fa9f244,0,1,0,0,1,3,0,2,104,199.26
2837,4cdd5650466cef5c32a7c10bc0c19cbad946012b,0,1,0,0,17,1,1,2,130,231.26
2838,e5f7b37e001a76ca0e53b07a8ff8f37e20c69ca9,0,3,0,0,30,1,1,3,611,655.57
2839,048a4ab9f976fa57f78f8fa14c16efe933b82534,0,1,0,0,3,0,0,0,109,251.72
2840,7c602fed5318ee90af726794e6e406e14870175c,0,1,0,0,0,0,0,0,112,522.39
2841,064ac93da28e61ca87f6cbc81cece3c6243dc489,0,5,0,0,23,0,0,0,1675,889.75
2842,67b6f83b3bb028f9854ff6cd18972e3ebed31d7f,0,2,0,0,18,0,2,9,1305,634.89
2843,90f0e9a44fb28ec2ad2fc1d5aa7f5ef0125574e9,0,1,0,0,3,7,0,7,501,356.08
2844,b4ea3a73cafca1995c36248cd9a21a73b36bb34d,0,1,0,0,3,0,33,70,485,191.52
2845,078a605a5e60e2b138a8b9d41c8d53465360188d,0,1,0,0,0,8,0,0,54,97.97
2846,4bbf048e3761ed4924be7a051f105768ae8f2a1d,0,5,0,0,12,19,2,11,1254,785.35
2847,467e89b12f62bbe3a2e05407383d2cac0b8e88eb,0,1,0,0,75,115,5,17,1171,4859.85
2848,9494d31e294ddfad04cdc5a7c1d3ef0fb9aadd5d,0,2,0,0,9,1,4,7,392,2446.27
2849,127dc355259a769518d877b0cc2f3123856bb6ef,0,2,0,0,9,0,0,0,266,177.95
2850,6fa1eaacc7c7bbacffbef264b2120dce1901400f,1,6,0,0,13,18,0,1,622,575.64
2851,5310620826fadd5f68975feb77e01d87b386b19a,0,1,0,0,2,1,21,32,493,224.86
2852,16fe609aec30250d8919c9f8a45c756ac93aa62c,0,1,0,0,0,0,0,0,192,95.61
2853,78446d67ac40ac3ba39c181a6c41587482c18c42,0,2,0,0,0,0,0,0,662,169.38
2854,173d0d846953b4205f375d73ff1833dedeea2807,0,1,0,0,0,0,0,0,205,80.87
2855,b907e59e1aa5ef7857e5ed38fae804253e0f4c6b,0,1,0,0,0,2,0,0,203,97.93
2856,e3812748ecb0b02436ebf82b7169c2c1c75b6627,0,2,0,0,0,0,0,0,326,140.94
2857,0d9fdad0b515d1c7ce0d1a8abb4bf391e3c44330,2,5,3,0,127,88,5,25,1526,793.62
2858,2eba60e1fd79cf3bfea48c8ebf647317fb3e05ed,0,4,0,0,17,13,13,37,398,455.3
2859,21eb905986115b705a4743e61823e927b39d1ae1,0,0,0,0,0,0,0,0,0,41.4
2860,a4362ca906efa77799b8a4845810e9c5dfa8a682,0,1,0,0,0,0,0,0,326,210.89
2861,d790ed1bc871a9bd3a8c8640629532c0bed77656,0,7,0,1,13,3,1,0,2021,761.3
2862,56492f50329d50c9aabda6a824f856e181657b64,2,14,0,1,33,54,0,0,2086,1270.52
2863,2ede7fc4beb1c19969700ce5079e8c764740e05a,2,12,0,0,0,0,0,0,1627,756.21
2864,90d4c337bfc57745db48313ef9964b754b9a7aa5,0,1,0,0,0,0,0,0,326,117.83
2865,9e153f64208042008a11856d0d56a3dd0fa2bfcd,0,1,0,0,0,2,0,0,1284,211.61
2866,657c119b4925e42e338b908d87a0a226423a6a8d,0,1,0,0,0,0,0,0,488,124.9
2867,ab95f980f4ea13a60a03b0bdf90479c7c36c54e8,0,4,0,0,34,1,1,6,2200,520.88
2868,dcd94976b6c6f7db11f1dc03624b16c4d750e5a0,0,1,0,0,13,0,1,2,147,150.47
2869,787f9d65a3f5d3b0dfcf6751e6a076c60aa21526,0,14,0,0,74,18,2,3,1517,1144.35
2870,e2fe59d7b614141f3b63e7d46bcc0b305ea9c920,0,2,0,1,2,0,0,6,360,336.58
2871,bc281a7fa0abb665bd5675dc449d53440239e91f,0,2,0,0,0,0,0,0,362,158.14
2872,84de35d2d7a06875937086655e364633a849e9d1,0,2,0,0,0,0,0,0,362,197.84
2873,fe2905b48ae2c07d70ee7d7f29b4ae3f34e8b7ae,0,1,0,0,78,115,5,17,1169,312.33
2874,2c1d414e06306d32a32cbf1bd5e90f5cf1846e5f,0,0,15,0,0,0,0,0,0,395.96
2875,71ba6998b504966690e099c03e04f9876dc1060e,0,1,0,0,0,0,0,0,495,122.01
2876,757e1273c9ea7fd836b7a5cac03f1e7e8128f68b,0,1,0,0,0,0,0,0,495,134.49
2877,51966ae69605afdce4e261785f635e83d5864711,0,1,0,0,0,0,0,0,495,120.85
2878,1a7d83126f17b0ac369674aac93de925e59cdc82,0,1,0,0,5,0,1,1,105,169.47
2879,9574ef562ec43fb11bc11bcdc5015dab63164588,0,7,0,0,33,38,5,6,856,815.61
2880,5faba469bb2adfd109c7f989e0e28b461df7cf9d,0,1,0,0,1,0,2,6,558,314.01
2881,43fffffcea7732d4a61fd4d68428b2981e34adc0,0,1,0,0,0,3,0,7,485,184.77
2882,374280fbfd618695ac6d76ab6715d30efc4a67ca,0,1,0,0,18,1,1,10,317,208.53
2883,c4fabbbb304aa5a01af4674cf1b3a2fa4604a709,0,1,0,0,126,78,5,25,1169,305.7
2884,642ff8f07921e40f4b24c3ef811c98754862bb21,0,1,0,0,0,0,0,0,867,160.51
2885,5d1768a1cf03af2ae226c2b223105de60ee83e23,0,4,0,0,12,4,0,4,1447,571.36
2886,71abe093a8186532218e4cba406ce9773fc6d3ba,0,2,0,0,3,0,0,0,458,206.64
2887,957e98504ecebf1b8a8af5bc7d2d478bdf27f01e,0,1,0,0,0,1,0,2,51,125.91
2888,6b5e7a1564498f7646f4fd410a34d3f0a81eb977,0,1,0,0,0,0,0,0,167,102.18
2889,8b8a928e04bd091a6d774a9d5b9937d2002d7882,0,2,2,0,101,119,4,12,592,453.28
2890,25faad4e09eaf41dbc2b832e98b5465590198b90,0,3,0,0,23,0,43,112,639,753.4
2891,7cbfaf92d232d211946737d3e122dcca28761638,0,1,0,0,78,126,5,17,1169,301.29
2892,8cc192ff8a1ce72f87c1c5cee88b89c8723f6ebf,0,11,0,0,35,112,6,8,2712,1290.05
2893,5fbb89087afa757d62bb006324d40cd64686c49e,0,10,0,0,142,81,5,27,2452,848.77
2894,6d67ca18de18b95aeb8ac85ce025704a913fa10a,0,1,0,0,0,0,0,0,1296,188.6
2895,25ea6c56831bbf2c672664bf4cfb525a9ea3da88,0,1,0,0,0,8,0,0,341,128.2
2896,bca27bd391fa5964aacb5b360110765d1a382848,0,6,0,0,5,9,0,6,1685,555.21
2897,368aa0e965cfc1dac1da5736ba6329cf55f2a867,0,2,0,0,4,0,0,0,951,250.43
2898,cf81df7ac50068772c15ae9f302af5534f14b573,0,1,0,0,78,126,5,17,1170,444.61
2899,00202c449787c87c311dd6fd1a40a1fbadf74bfa,0,1,0,0,9,1,0,2,340,192.84
2900,9bfed83ecfa7af3834a716b694a085cce48013e9,0,1,0,0,104,21,3,14,230,832.08
2901,0a2ad5d2b684cc6a0b6a9217f25426b5869be68d,0,1,0,0,21,104,4,11,230,219.84
2902,41db0443331f8ed1d11886d5f2f5a00800f93818,0,3,0,0,127,78,5,25,1744,524.49
2903,46aebe9b84340922195a737943d538b58b0fe49c,0,2,0,0,1,1,0,2,237,202.1
2904,ad2ae452c937cc31f142f40ff7f42ee25ee38d1f,0,1,0,0,6,2,4,9,171,200.65
2905,4e1be7d02ec723005623147dbc8e9d2a2f1e1122,0,2,0,0,1,0,0,1,792,245.47
2906,7577dfa334036a91fdabfe0380269d4faceba828,0,1,0,0,5,0,0,0,523,166.49
2907,3bf9c79d8d073e49e1f4a89be9b4b3155b0c142e,0,3,0,0,3,6,0,28,679,305.37
2908,a67606fa7fcad6b34092e847f9c774efc05a1d75,0,1,0,0,1,0,0,0,61,102.59
2909,7da6d2cbcdb3f1c39b059d54f53f20c850244092,0,1,0,0,0,0,0,0,62,68.71
2910,9afc37e82f68c1897c8e8eed841822c851341b59,0,1,0,0,0,0,0,0,299,116.49
2911,663d9ac1754dc3b7fd1bfa80037bb17b91c0fb77,0,1,0,0,0,0,0,0,61,101.15
2912,a4602b34433e039f1eda81b555056137aa9e105f,0,1,0,0,2,0,0,2,513,432.81
2913,1518af16073cf4cafbe20e564a2b7ab3a11eba40,0,3,0,0,0,0,0,1,963,509.74
2914,8d555cf2b9a54c609c568fbc8bd8f793dcf0c59c,0,1,0,0,0,13,0,1,859,188.63
2915,c93ca8e1a92513450d8e6ca6d0b2b9d92114421f,0,1,0,0,31,26,2,12,358,222.86
2916,4408d0c162823d644b0531d980b411a5530f508f,0,1,0,0,27,28,2,14,361,220.6
2917,9807dce0a1f6b91bb9e76c6ea0d7c8f9bc07270a,0,1,0,0,0,0,0,0,388,108.53
2918,cb5d567086b6fd28a8e5f3dda1ce96f903f4e145,0,6,0,0,0,0,0,6,2653,616.05
2919,4669c40deea91ca07e2c073fb5d707fb9e818fd1,0,6,0,0,3,2,23,52,2651,572.23
2920,c7455fbfcc0807ee8a78e666057d3eadec896448,0,1,0,0,0,3,0,0,56,190.69
2921,f1adb7cdee05fc0bebc92e2319a9e7c0b33d0d45,0,3,0,0,0,0,0,0,375,176.42
2922,2308b10186666cec8a2b741dcb113adbe18fccce,0,3,0,0,0,0,0,0,375,152.61
2923,c8b6763b1d0377a9d42d0625792762f460185397,0,2,0,0,33,89,6,9,329,391.02
2924,e8fa4aeba256a49d6d7e9b4d8a7157d36e569b4a,0,2,0,0,0,68,8,13,880,336.0
2925,fa70ed507492951c850f5f3d7fc178d4731b0a4d,0,8,0,1,34,19,13,16,864,710.81
2926,7d2fbf985447da336ac1fe2ee8f626c8b3b987be,0,1,0,0,3,0,0,0,47,94.19
2927,5c752cd09467c3fc4b683958b227c33ede2cee17,0,5,0,0,31,1,2,3,966,438.64
2928,16e1875d7d074f1f95cb776c6ad40aea168ded1c,0,2,0,0,8,0,2,6,401,222.77
2929,7a21ad27047e346924e36cb9af587dbd25f9fc12,0,1,0,0,246,184,7,5,344,247.74
2930,7980429c52dded61e4e89eca16d0ea739d6626b1,0,1,0,0,7,0,0,7,94,123.63
2931,b04b0a6e2293f64685ce5b69be0e0977cc552fb7,0,1,0,0,4,0,2,1,1270,246.95
2932,0f96794ce4f690e50a32090972de8a80f81412b4,0,1,0,0,0,0,0,0,1274,185.5
2933,124cc2803d01dc71ae4adb2d96b98e12f659d9c1,0,2,0,0,17,0,3,25,1340,349.96
2934,32f21794ed8020055458bda7e62043ad644b8861,0,1,0,0,1,0,0,2,590,164.14
2935,609bc4e123f08b8f65dbb45da3243719b7ccfdde,0,14,0,0,61,65,6,27,3203,1241.5
2936,982789691a48afb69dd6dcd9448aa10f8882c3c7,0,1,0,0,0,0,0,0,304,93.68
2937,6e34dc3effabb0efd3945ee1dd359a24cb941e2b,0,1,0,0,4,2,0,0,320,155.1
2938,2284ee0eb82eda0906676b44e6566a108f6154f5,0,1,0,0,2,0,0,2,513,158.15
2939,eba903a2fa6ec3484868dbf8e3d6f806485831c9,1,1,0,0,11,0,1,0,83,226.59
2940,b0fff6d29f0012a3997398371f8ea7808e0a07fb,0,1,0,0,13,2,0,14,487,289.85
2941,e4790d5397a4e01c583fca9a5371cde993678334,0,7,0,0,12,12,0,0,1191,557.38
2942,2224f8185a26a5f1ace942652bf3df8dbb8ba8c5,0,1,0,0,0,0,0,0,1312,191.88
2943,259807bfa54b07828ea7e6b2c5fd3a9078e2a8b9,0,1,0,0,17,23,2,9,52,189.86
2944,510bfd357f136048e4cb072d4b3fec5ce753f2b6,0,1,0,0,1,4,2,1,65,283.7
2945,59e2f30a553dd9678f833a699e1ec461c00cb3a2,0,3,0,0,21,3,1,3,1659,457.6
2946,b70beda7e9d6a830214bce12d5fa1dc242a9876b,0,1,0,0,3,7,0,0,59,148.21
2947,ed5091388aa09fc4633f5fac06394ae515590982,0,1,0,0,1,3,0,1,57,194.04
2948,5cf72b7c53f88411158afb91a98369201a79290b,0,2,0,0,5,0,1,5,305,268.62
2949,2d81358cefe2505a63901c2f5e85faa345a121af,0,2,0,0,0,0,0,0,310,129.3
2950,6faf3410447ae81f5b77ce0570d6dbcb99bc8abf,0,3,0,0,40,5,6,11,644,337.23
2951,103d63697d313fe406ba1278b0039dc64a9f0860,1,0,0,0,0,0,0,0,0,132.57
2952,59a314bc9a1fb04b3ef060a2ea9f93664f707c6b,1,0,0,0,0,0,0,0,0,88.94
2953,4f6350f9e91e81757b6272cdffae2b75cf83c108,0,2,0,0,18,14,0,2,1349,288.14
2954,d4beddc060e405d9170c4c393ba48ad03b87abff,0,1,0,0,0,0,0,0,867,140.74
2955,5f3e3cacfe083b9c64fd9c87b7179bd8a563aae4,0,1,0,0,0,0,0,0,867,141.27
2956,cc0ad2a0c81be678202f48ab13341d167608adfc,0,1,0,0,1,0,0,10,160,137.78
2957,287601d7f4d894687721aa54be8e822f3346d45a,0,12,0,0,687,620,34,136,2770,594690.57
2958,1fa626407f4712e002cec8c02e7b0516b05d3dc0,0,12,0,0,739,837,35,113,2620,5421.0
2959,222d414bc1aabd9a68b90c9061d2547291ece2ad,0,4,0,0,15,38,1,1,1161,1154.07
2960,adac1e680bb3e2c77bfe8a2a31ba47984494ceea,0,4,0,0,0,3,0,0,1173,651.63
2961,514a54018036f959cdefef711e68cd7cc18e7e85,0,3,0,0,38,8,4,4,414,1048.83
2962,6adc7b78b8343d4ddf4951adde005540b65755bd,0,3,0,0,8,38,4,4,414,1045.31
2963,a853d7e40f75bec7046a04d83b9c9a01d72a3cef,0,1,0,0,0,4,23,53,491,294.51
2964,a439b7ed7156dcd2b3279aab8e3d5830ab01c0b5,0,1,0,0,0,14,1,1,147,219.34
2965,e2c2ed61a27428b2b67e7dd06e6fef760b72c6de,0,1,0,0,0,0,0,0,147,414.09
2966,1d9269618022b5cd95c6fdc6b1af7f4e17975143,0,2,0,0,0,13,0,1,1820,588.76
2967,e6f11f43bc48aa2ce9a5c01c0215b0c9838f1295,0,1,0,0,2,0,0,6,491,320.61
2968,84a03abdcea3c893a975f34ee75f436a4dcc99c7,0,10,0,1,62,30,12,15,2626,2207.09
2969,00e13685ba0b4f6dd6eaf65e9ac8d1d9836a6f38,0,1,0,0,29,0,0,2,1312,353.36
2970,b47233bc829f11316c5b4b68b1d92065e95126ef,0,4,0,0,57,15,3,5,471,1000.99
2971,401c488a4de53b954ff6410f0cc5b2bfb32e5dd9,0,4,0,0,0,0,0,1,528,296.59
2972,41c7424a0c6299cfcec331c0d9161c06db50b03f,0,10,0,0,0,40,6,1,2662,1304.88
2973,45edba697f915fedae33f415afec2e5900e82a6d,0,3,0,1,1,15,2,1,215,579.42
2974,74459de4dd1b9e55e502f2b7296bc2fcaca365fa,0,4,0,0,10,8,0,1,990,711.16
2975,88bb07b8cefa837e5b57d2b48082f7ac34deee9f,0,1,0,0,59,21,3,2,162,436.37
2976,759fb2403be2de96a2d9ec5e0319a8d3b748146c,0,1,0,0,16,59,3,3,162,434.94
2977,0b54c99e22f53042d04df449d38ae91548df752d,0,10,0,0,33,0,5,2,2157,1137.45
2978,0f61444ff9ae25246fd18669cd095e6b3d6e006b,0,1,0,0,23,0,3,4,147,1108.79
2979,d0b37192d549856176c33edd98cf647eb8f037c5,0,1,0,0,0,0,0,0,170,90.42
2980,5771a1c836d2251e2b7acc5c8c88704f53ea7d40,0,1,0,0,0,0,0,0,217,188.73
2981,ce6460cdfc77a19fbc090b2ab871a9bf728c4b99,0,1,0,0,0,1,2,10,100,949.59
2982,d5723b08bd22e1ea2e8a3abe0485b6d4e96c205c,0,2,0,0,4,0,0,0,1038,271.21
2983,52a99ccbcd67ee5b7a86d7010f08dbffff2772f1,0,1,0,0,4,11,1,27,489,275.66
2984,9f7a83d1b1881ff23ed2c5ed53b33d252993e821,0,4,0,0,5,12,0,3,769,380.02
2985,19b55ff83c037b559c54deb1e12e82a48f5ec212,0,1,0,0,0,0,0,0,1341,205.87
2986,0dfd8c97b2ed8d99ebdd78ed5d9928da8c1276c8,1,0,0,0,0,0,0,0,0,159.76
2987,d8f5842c0ba91a3045fb9b9f00b5332cc65b60a8,0,1,0,0,0,0,0,0,108,84.58
2988,8f2c5f792c532855c397894d373be1b520a7c4cc,0,1,0,0,0,0,0,0,108,79.8
2989,dd1fee7b3c43f255c538345974fa4c5b1daee6b2,0,1,0,0,2,0,0,4,512,224.68
2990,68e224b51425af2475eaab751b249a38dd4203e0,0,2,0,0,31,2,1,3,135,323.06
2991,504d4d7fce9cfe7963ffd1b80949ce0a739d7a29,0,1,0,0,2,0,0,0,86,126.73
2992,3b944ed78a186d3fc16ae3d0d8330b133b14aa60,0,4,0,0,10,6,2,3,850,543.54
2993,bafa3059cc404045c570050081f7263f3fcc35a9,0,8,0,0,41,15,2,28,22741,3408.84
2994,943fd92c9c0e16601a1445181462bde5466d55b4,0,3,0,0,0,18,0,0,528,338.41
2995,6c3a28970549f66e20eb7b449706f1ef2fba11e2,0,1,0,0,4,0,3,11,71,159.75
2996,be1b02b95bd9c847cdfb01a0979d1cce7c581845,0,7,0,0,134,113,8,22,1879,1220.49
2997,136a1e53ad8e04374a6c54dd07d61d1a595a033f,0,1,0,0,0,1,0,5,74,215.48
2998,181ca1bc548c54a29e74f6fa5c81d097ec8df557,0,1,0,0,11,0,0,0,1268,201.87
2999,8c5f95845ee14c71d74b603323ebe83c9a3d7062,0,1,0,0,5,1,0,1,83,175.18
3000,c80468f1e2452c18b2743e87f3c206e6de3c09e1,0,1,0,0,0,7,0,0,77,204.78
3001,fcb54ce339ea11932e20e08e77825fafeee6184e,0,1,0,0,0,0,0,0,147,1262.78
3002,d0f952dc75c1de25be38da75ecf2f320ca8882f3,0,1,0,0,34,103,10,25,317,872.45
3003,3e584c7561ae4c7fb61ce2f6ab564bfb49f398f1,0,2,0,0,3,3,0,0,986,220.35
3004,1c78dd9ce4a356418962bdf83205791b8cfc10e7,0,2,0,0,54,0,1,9,633,435.28
3005,4d8ae4d2040b94348cfb84ab480b0ceecc5c47b0,0,2,0,0,0,0,0,0,687,182.08
3006,35ec26055584ff228ec79392d1e8f71608c84334,0,2,0,0,5,1,2,17,350,295.8
3007,dc342de3711a5000be536cae6a661bbd44733398,0,6,0,0,100,136,7,8,310,957.17
3008,7d0db867588309a5e00c455e6752ac90e8e35bf2,0,7,0,0,138,105,1,3,501,984.35
3009,55624ad6044d4e5448c71f567623efa9bbea2977,0,4,0,0,115,34,10,24,1709,591.8
3010,48d1284a6438f1d6d7858a147149fff0f560f691,0,4,0,0,46,37,2,18,1103,733.86
3011,dcbe1e4d671f6243e826313048cda68971e0235e,0,1,0,0,2,0,0,1,110,248.18
3012,d3e115156f6e809a6a115098c9b56c2d8fadf1a2,0,1,0,0,0,0,0,0,112,83.14
3013,789aa15fc1990643a1162e0ac93f1487446328db,0,5,0,0,24,26,5,12,780,747.7
3014,b1e6799d3b8bf3d8047e913924451628eaad74dd,0,5,0,0,32,8,4,4,796,404.98
3015,545cd657526cb92be4c7d677df943bd7c2646136,0,1,0,0,234,271,0,5,30,382.29
3016,c42280177000210383194175e1b5d5811c0c3d3a,0,4,0,0,67,105,12,61,602,769.51
3017,9afaebb57637d492aae5a6291447123f34f84135,0,1,0,0,35,35,0,0,72,251.49
3018,21417a7bc5e6678a10c5eb45bf91a854c2014e68,0,1,0,0,35,35,0,0,72,172.26
3019,052e9ff98a2d2fb130fb3af4de3a5ce81d10d0a1,0,1,0,0,0,0,0,0,107,82.66
3020,5fc19f48c6defc6c0fe8f33c2857735474e33252,0,11,0,0,100,47,1,35,1641,1403.78
3021,ba0f2bc33ec98c6b1f83683cfb4a8eb7a16933b0,0,11,0,0,48,61,1,10,1680,837.7
3022,ba326770f77c9b279fe130fc7d5db1c731c5bcc9,0,1,0,0,72,23,9,61,486,212.45
3023,206800e979e7338182dbe370265d7036631af5cb,1,0,0,0,0,0,0,0,0,1100.19
3024,e651d55f520022f463918aa3a13834334b2212dd,0,3,0,0,43,0,0,0,305,270.2
3025,90d7063a4771ef26407e558572ba3bdefe6a3407,1,0,0,0,0,0,0,0,0,84.97
3026,cd8612121d81c1feea4d3da5bca95d1af27caf3b,2,11,0,0,89,41,5,31,1086,1537.63
3027,ed1c9a26de39e17cc84f4cdbf1c96d22a327533d,0,4,0,0,7,0,21,50,652,324.04
3028,27a97d79e1b2ace2e48cf3596adec30c3cf08db3,0,1,0,0,0,0,0,0,1279,187.63
3029,268a540ff0f90db51639cb7f53e56d6139f792e3,0,1,0,0,6,2,1,1,401,244.89
3030,cef35c0c68f8eae76fbb99424fa0cc8712e4d7d8,0,4,0,0,78,87,10,15,1838,786.94
3031,ee54540ebf1bac99c19815301499213cf60d140d,0,1,0,0,8,0,0,0,316,143.92
3032,8be8ff512c06f6f2758c425f6864a134bf12c300,0,2,0,0,38,6,3,13,741,309.22
3033,76b5f8e63ac0b117b4f26d878f77c9a4e5128438,0,1,0,0,3,0,0,0,101,132.1
3034,eaca5341522a079dcecc181d229728da418ff2d6,0,12,0,0,38,40,1,18,2105,1227.92
3035,562cd1391d24a5d43e1eb63c355c773be03ea73a,0,1,0,0,31,60,16,54,193,332.72
3036,c2626cdf241ff1e380255eab58155ac45fa1d4ce,0,1,0,0,0,0,0,1,558,171.37
3037,16097db1f2afac9e5098d67e9709552f4f7ef9a0,0,4,0,1,74,34,4,6,460,817.76
3038,7b99df114536732ad4b21a5ce275e58dbe911510,0,1,0,0,0,0,0,0,525,147.54
3039,0d805c7455494f32f906e97ed294f7d7d4525450,0,4,0,0,5,11,0,4,628,478.18
3040,3d5a5957a83beb21b72be1ae4c11aaa28960c5e0,0,2,0,0,10,0,0,0,42,375.12
3041,fe1e7fce60fbe2652a44e535e9bbd9bf04a0ef39,0,3,0,0,33,1,5,9,470,373.33
3042,09ac4bc05bbc2ef7f0fb68895fafb858ff7cfeb0,0,1,0,0,3,0,0,0,109,175.8
3043,8480f06e324e0bc2e042b7c1c483e08132d81eb4,0,1,0,0,21,84,8,47,474,325.36
3044,2ffe87e9d257e0c6cc584c11a4b55a3bb7fa1470,0,1,0,0,9,17,1,7,191,1380.9
3045,b9a3d66dd4781842c077daa1a1f4cd906835f04e,0,1,0,0,72,21,8,57,474,652.6
3046,050c6b3f595b07c7dd7c6f25a0c03ace74318bad,0,10,1,0,0,38,0,29,1711,1126.33
3047,d3f868395450cf8562328b7422b5d3bd3a140562,0,2,0,0,16,0,0,0,638,320.37
3048,c0adddd077c20e57231b87ce9f681b3d8b1d3415,7,3,0,0,14,0,10,14,434,1239.58
3049,a97be906ffb4698e43310a241ab0e2b06c62dbaa,0,1,0,0,2,0,2,9,33,273.06
3050,fc42891a3a174545658c1b20b09006d824e990ee,0,1,0,0,3,0,0,0,8,136.38
3051,aef5e6aa25edd3ec7dbeb063e882db16cae08537,0,5,0,0,55,4,0,10,829,554.45
3052,c898b070a169fed7fcd7c84cfa5a7d042847f064,0,1,0,0,0,0,0,0,131,179.9
3053,425e524ab75cdaededb74703b03fb3223ba50f3d,0,1,0,0,0,0,0,1,342,135.04
3054,ec624f50957776a444c28d6fea028786fe97640c,0,16,0,0,85,16,0,3,2095,1448.99
3055,508503d1672a9ec876cf9134cea0a1099c6d9070,1,4,0,0,91,71,2,34,633,826.96
3056,3459b3f8287a38d28cf08597a6e930d3298e4b1c,0,1,0,0,0,25,0,1,622,156.19
3057,114314df3c2d0219692022da5f4024289681d575,0,1,0,0,0,0,0,1,546,137.04
3058,bf0f80cbb67b1fe6b190cdeeee135d0dc73c4e52,0,2,0,0,29,0,0,0,515,164.32
3059,250e63bc74c948aea68c06fd2b684d77ff25762c,0,0,7,0,0,0,0,0,0,178.51
3060,27b733efe27943768064c60867ed6a9a8a1633f5,0,3,0,0,29,168,21,49,1886,616.56
3061,2dec842fdd380687bd58d3e0575c7e5d68c0c748,0,3,0,0,197,23,21,56,1892,558.94
3062,4b0a0a75b1728df522dca662d8d73990cd936366,0,4,0,0,5,2,0,3,2123,408.79
3063,8cf9f2deda1fa2d1300813b6a0a4f3a23e00f011,0,3,0,0,8,3,3,6,1912,384.08
3064,db0d3131c2afa9f5bf75e30774d04e6bc56a1d52,0,1,0,0,2,0,0,1,315,124.87
3065,e37bd7e8d344332ff41bd1015e6018c81ca81fa3,0,1,0,0,5,0,2,4,336,139.16
3066,00436c08bfe682b727c77c1d734c3c73a78a9590,0,2,0,0,6,89,6,19,308,193.87
3067,5fa71cce0be9dc8a86cee957c00fd890fd660237,0,2,0,0,14,0,6,11,1412,303.12
3068,1596ae9057956706a9c9630072567ab615fe844b,0,1,0,0,18,1,0,0,75,115.78
3069,9bec1e42a60e4e7e8c3d16cd45ac44447704ef65,0,13,0,0,442,269,3,18,1512,1046.14
3070,e15f3aa028baa1d239bb82b2e200b4cad5a55345,1,2,0,0,1343,0,0,0,19305,2308.74
3071,e4163cbad655db183acf60dcc7a3218a2f7e825d,0,2,0,0,275,281,0,3,965,348.47
3072,cff12a848ca81584ba7a9e514aeaf75c7b9354b9,0,1,0,0,0,2,0,0,592,142.64
3073,ef2c94af859fb5809d1b33b4ec46851d124c4f02,0,2,0,0,4,0,0,1,736,215.41
3074,16da34e1bab8ea9990473f1d92b9986596512e58,0,1,0,0,0,0,0,0,93,76.14
3075,ce29659ae29f8449023a27b6d80f1034767d302c,0,1,0,0,95,721,35,10,19927,1886.15
3076,0860058edaa8c07dc9bf627601e5580132a00110,0,1,0,0,1,61,1,9,486,220.04
3077,76454268062351e408d5c520b840e8ec2ba229ea,0,1,0,0,61,0,1,9,487,179.65
3078,8bef247f3da043b73eeddafbef7eb3adb92f5b6f,0,1,0,0,0,0,0,0,386,105.05
3079,b98c8ca1958b1ae13e3813c9581fe9dd04b1b538,0,1,0,0,26,2,1,1,28,171.77
3080,be313935e54be450d9aaabda7965a2f266e922c9,0,2,0,0,38,0,1,0,229,316.79
3081,66031419626e8258690ca3bd534f388535f35d68,0,1,0,0,0,0,0,0,592,145.03
3082,7f4ee8839ae60e086595ae37ff21906a4f5a96f7,0,3,0,0,5,70,0,1,614,298.56
3083,6979113b9de80f842f63acc1a4046fd78a988818,0,1,0,0,0,3,4,0,85,111.68
3084,4c2efec96c1fb57b7e945c9a789990c77b93d854,0,1,0,0,0,1,0,0,878,162.28
3085,5cdfaab72c6c8a2a9fab0d1a97fd1cdeafd6c2df,0,1,0,0,2,0,0,0,335,130.35
3086,9e6087c0138eb434e3fee769bae2cdc72b863ba5,0,1,0,0,0,0,0,0,337,160.18
3087,04abad6166246c8cb908aa4767dcdf80871468bb,0,2,0,0,0,38,1,0,229,224.74
3088,e3c5d5d4335150e76b3e7e5ea7147f33ddc49910,0,6,0,0,33,56,10,19,1862,666.07
3089,76020d689354897a6b409062bf7f2cf0cefbd0ee,0,1,0,0,12,0,0,2,520,172.29
3090,4020da3b9f31ecdde3e4facb14fce4612b58b1bb,0,1,0,0,5,0,3,4,233,164.07
3091,0a61bac3e8a6aadc882a82edd586c1755e58b3bb,0,1,0,0,1,29,0,4,1312,264.86
3092,f198582a7ca0de8d15337a569e036e6dcec14104,0,1,0,0,46,86,2,16,561,246.83
3093,490ca770e8cc87f345c2a8d1ef7a85e74ca03581,0,1,0,0,37,15,1,11,592,266.02
3094,a9c820b43238abbef0636660d67ea76871ce4aca,0,4,0,0,18,0,0,14,2174,526.01
3095,acfacbd8d4e79ddb1285a1cb65c8ec8b61b99d2b,0,1,0,0,14,0,0,5,1328,251.87
3096,b41e645ea3c3bfb03a7cc5e138ce4f727d7a3c2e,0,1,0,0,1,1,2,4,56,151.29
3097,23e1aa4c047061da3ab32f222f2172979967fd45,0,7,0,0,54,47,2,12,3082,771.86
3098,6ea00a304733d851759c7c788e66951d26592451,0,20,1,0,95,30,0,3,3516,1476.68
3099,00b314d152c6d9c67c2d8da7c64edddbe746739a,0,2,0,0,0,7,0,0,226,140.25
3100,d38aea143338939c887a0bd7c28225f77f310e90,0,6,0,0,757,1393,40,20,22494,3041.61
3101,76897cdcffb50377bff9bbb4365f8d55a95064e1,0,1,0,0,14,3,1,12,110,169.23
3102,bad90afc6f5be37fae11358c949802503e77caef,2,13,1,0,78,76,6,1,1436,1166.11
3103,02346a1e6a4523077f1e7d6fdc0c931f53abbc59,0,2,0,0,1,0,0,0,1642,288.16
3104,7f747c9d9addb87d3e6f9747483c413ea2918724,0,2,0,0,21,23,0,3,140,225.74
3105,c66f439f78983cdac04584b0f4913fee673acc87,0,1,0,0,32,2,3,4,316,202.54
3106,952c6e536b90abe94874813030033975e33672a4,0,1,0,0,3,8,2,3,340,174.43
3107,c0af7f604189f9e2a21fed397ad32c43a8aff89f,0,10,0,0,89,101,7,50,4104,1033.55
3108,b9813ed388f9672ac4099d4a72c6362edc442ede,0,8,0,0,1537,530,95,172,23869,3202.5
3109,a1f156ddf80b0ae374028cd1e981400970e208f0,0,1,0,0,25,34,0,0,67,121.66
3110,2a7786e452caa57d650f3aa8a0b509108bbc900e,0,1,0,0,4,0,0,0,482,138.63
3111,de333791e81ae5364e2454af1e2fbf674bacb761,0,1,0,0,4,0,2,2,80,133.1
3112,7ab6cb1e500ecdd0c1c7a920c066373ae5b06cc9,0,1,0,0,22,0,6,36,1296,238.85
3113,70a350e6e975c8c1aaaa5ed732f090974621355c,0,2,0,0,16,12,2,0,113,217.58
3114,eca0c4856fbc42d833aead796c82fc2939cbfd5b,0,3,0,0,9,3,0,0,871,280.2
3115,0d0939582ceda20de2f7765e3496bda3d5318520,0,1,0,0,67,51,0,1,137,154.06
3116,b90462aefbab4e443a4a4d83da7a30cd4516697f,0,7,0,0,73,26,1,8,947,507.55
3117,89e54091fd2b55363f3a4917d0883d688c9e8a9c,0,4,0,0,156,111,8,14,1001,460.54
3118,bd00a2355ac576afb57e5f3fe73093c729ed79ed,0,7,0,0,24,70,0,3,950,441.68
3119,9a11e424efeaa67a5d0081a93319b5ed9fddc516,0,8,0,0,70,24,0,5,1044,535.97
3120,bcc87a9ee83d3975919a12fdb95106f79f9c62a5,0,1,0,0,0,0,0,0,486,215.78
3121,f64c17e428ce4fc73bca4119b4513762cd0120af,0,2,0,0,7,0,0,1,280,195.16
3122,a3f2e9c3bf59b31bdb122a24527904b8ca27ada0,0,0,2,0,0,0,0,0,0,292.91
3123,d48a6c14f370dfe97eb4e45c567ea9d1923914c6,0,1,0,0,12,13,1,5,58,140.14
3124,ea4296932c6be69d7a1a995367bcf7e2130e962b,0,3,0,0,0,69,0,2,296,216.81
3125,10a8f67783d9987063424212129be29690628bca,0,1,0,0,7,0,1,2,205,135.9
3126,185eca5d1fa7e384bb888c144d06abbced0fd577,0,9,0,0,65,91,8,32,2160,924.17
3127,bb7b64312d80d9dc3864cf6b09d565cbd6a14c14,0,1,0,0,0,2,0,2,53,100.55
3128,452ddf63c530fc573551e6fc9c79c1a876f11dd0,0,1,0,0,4,0,0,1,318,129.38
3129,1e750138177e9cd9cbd6537451a4b5cd301dab3a,0,2,0,0,5,3,0,2,400,216.24
3130,c1f125b9b61a1aafb65c0466a43ceddbf9e8e9f9,0,1,0,0,0,0,0,0,238,88.31
3131,cafeeebd17b208e12313bea9da0972e6f4c5cdf8,0,1,0,0,0,0,0,0,204,83.26
3132,58fe9e9f56638d00858aebb65bf4b2dc69721291,0,1,0,0,0,0,0,0,42,66.56
3133,6a1ed6205cad8d019eb6eda326d7796a8a0dd67b,0,2,0,0,38,1,1,2,218,231.4
3134,890fcc90a66065233b09f733ba70b34d294d0517,1,2,0,0,3,48,1,8,113,266.27
3135,f458cc1ad94acb06cc8a7b59d15b03d4150ad353,0,2,0,0,37,0,1,0,111,182.67
3136,9ad560d2fbb7f4a9a2cbac5741fe9301919b6319,0,1,0,0,19,27,0,10,1298,245.45
3137,0456b7eb231275fba368d35fb861b09096fdd8fb,0,15,0,1,406,274,15,41,2360,1326.75
3138,35f7bc597a8d26ca88526cf0d5208c13bdda523d,2,10,0,0,253,31,2,10,2953,1216.9
3139,9bfdb01f00bdd88165fac9d07e7f6b60700ca40b,0,1,0,0,2,0,0,3,1317,224.88
3140,2bc0d4db9d1b8fe074c7f79e90420072d5890ace,0,47,0,0,69,78,9,54,6740,2630.08
3141,739848602dc01b4f4d1893bf3aa38f5ddcf13267,0,1,0,0,1,0,0,0,238,137.98
3142,83119656a2f54db064ec1479eddb826d8fcaf7de,0,1,0,0,0,0,0,0,239,92.8
3143,e86469ee058fb73acebbae5f0ff64e5eae55e613,0,3,0,0,0,0,0,0,321,173.63
3144,d51d6f0b43b006b40ec3c1d6d13e2155b58136c0,0,5,0,0,19,16,6,11,1672,502.41
3145,5409af4535e483103686a4913ea69ab2c68a4b1b,0,2,0,0,0,0,0,0,163,111.12
3146,ee5dbdb8d355bd1fa5de535fdbebbfcb7344810b,0,2,0,0,12,0,1,6,163,236.81
3147,27b818386cdb123691702726f35d3ed6876c8b25,0,4,0,0,8,0,0,1,419,267.72
3148,341611095a884f9222326af6207e838888b5764d,0,1,0,0,2,7,0,1,86,126.68
3149,f6edaa8555307dc94c905e5627e79c97d06b254e,0,1,0,0,7,0,0,0,88,90.59
3150,2f115d4342e3830fbf320cb4a4f34f4c3613b29d,0,1,0,0,0,0,0,0,95,71.22
3151,7c374547793c30f62366b2a28a2ca2c1d914f146,0,1,0,0,0,7,0,0,88,81.78
3152,b318404e539bf82197211ef931a78463944dcf6c,0,4,0,0,272,319,0,33,1292,531.22
3153,372a3ade515b307209ea078358fa8777eda10599,0,1,0,0,9,0,0,1,86,107.97
3154,5c66bd9d388f59243b852be0fa4da58b60c1af30,0,1,0,0,0,7,0,0,88,84.81
3155,86a7a3d1a0ba38e9c1f110814517f1b7630cfa51,0,2,0,0,18,17,2,4,450,257.5
3156,86637d43cb4019d5f6747349d9d7315ff2236017,0,5,0,1,259,64,4,12,825,582.72
3157,8142a2fe93d1ac517e2056b61d4c53c6a4da57ea,2,1,0,0,4,0,8,14,1319,378.9
3158,fba541c0c33a2e966c0cb23cb1cdabce9c330d26,0,7,0,0,1962,1524,8,140,20375,2911.98
3159,cf0b69ff5d09d91c91f7663011c48a5a5178243f,0,2,0,0,50,0,0,0,344,219.03
3160,eec2309266be044acd4538a9b445301ae3a02f41,0,3,0,0,0,1,5,13,758,383.12
3161,f5f3065843da6d5d1ba173f433873c10f9a27f80,0,1,0,1,3,0,0,31,450,325.26
3162,26083f71f1fa39b74fbc6ffbad1a0abfb60fdd9b,0,1,0,0,0,8,1,5,204,130.93
3163,b663210576a2ca9534d17d2c757e87a8726a8d0c,0,1,0,0,8,0,1,6,204,134.26
3164,54d9fbb031dced55299133d0e103bd4efcb95c14,0,1,0,1,0,0,8,10,138,198.27
3165,48fbdb34a9c5c548e68726f56d3c32b6ac2028e7,0,2,0,0,0,0,8,10,591,184.72
3166,d49113fad1bf7a15ca052156b872b9bdc01b6d73,0,1,0,0,233,148,9,40,305,228.63
3167,0fdab63d366810c4225221624082a30c332d3d3d,0,8,0,0,163,0,14,15,1142,587.34
3168,e10eb19e85834aeea4514a968613d41e1dc0d247,1,15,0,12,280,251,21,96,22276,3689.14
3169,96ecaff517418c63b93688865dbb435b2186372f,0,4,0,0,3,7,0,3,945,340.86
3170,93fa8d8ad6f721cb107e9bb0a618f4ec39bb9f94,0,2,0,1,1,3,0,0,537,328.77
3171,32075c4aecf06bf28cc415ea5ae3fa3cbc805983,1,0,0,0,0,0,0,0,0,110.5
3172,68d4e28d94a69bfa954a04c4e2fbdb75252db47b,0,1,0,0,1,0,0,0,24,92.01
3173,998dbcef21e1075b4d64031281c467b2172fa8f9,0,1,0,0,0,4,0,0,104,92.11
3174,006137294999d1713956a99abfe7cd41807c73c3,0,3,0,0,0,0,0,0,1306,240.33
3175,a5b3abb667928e231b9dc9cfcb9184024f23f8d5,0,1,0,0,5,1,2,2,666,197.74
3176,2c62adab36a589e9ff9e9169fd2125272e067918,0,1,0,0,52,3,2,11,76,183.8
3177,b10d5bd705fbbf07c567f61b2d6f68a4c8d22b0b,0,2,0,0,33,24,8,22,1603,414.46
3178,4fb3963197761244e86eab7e92883fa0ca0bb687,0,1,0,0,25,27,10,22,1300,272.07
3179,46adb0db9ceeafb166012632d20d61d1d85ce5bc,0,1,0,0,21,0,8,33,1303,252.42
3180,119fa050307a9ea768ef5c9fcb90124950feb56b,0,1,0,0,0,4,2,12,124,237.74
3181,43003f06a37c93ab8fdc44f9b31decafa039972d,0,1,0,0,17,0,0,0,20,95.15
3182,0d1991eec4781afc1f6673949d306cfe02ab8fa9,0,1,0,0,0,17,0,0,20,74.64
3183,2deee7a4e70c3e17344f7bbd53e9a72a8ac99dba,1,8,0,0,19,47,2,20,2486,804.86
3184,f4064b5ff1c1d14736afdb35493ade0db033668f,0,1,0,0,4,0,2,13,124,148.29
3185,3d55a2b033ee7c7333230af5ef7c83b44bd8c8f7,0,1,0,0,2,2,0,1,836,183.9
3186,a277fbedb9ac5d109527848a77f470f22ea1ff00,0,3,0,0,134,4,2,9,1585,450.98
3187,6173fa9e3443909474e14f5695e705df5b10dbcc,0,1,0,0,13,24,1,8,332,166.2
3188,dbd8ced107fad720c416d7e4919cb33884378a02,0,1,0,0,0,0,0,0,345,102.13
3189,e6b3cbbe28feaa6102c94d3717539a828cedd543,0,1,0,0,1,0,0,0,537,146.29
3190,5c459243415118e3e1866d07f2620f29fa62e56d,0,1,0,0,0,1,0,0,45,93.51
3191,089eacf600b32b84ea197b0f1f3d58a1a50ca701,0,5,0,0,4,26,8,44,2295,536.3
3192,defe66a16a53b29bfaa2193a87f7c7e165938fa9,0,6,0,0,34,86,12,47,2320,593.96
3193,0074d64915fbff95794ed81263f15d0116b4e8d3,0,6,0,0,4,2,0,2,2352,493.66
3194,cba4087cf696e6520082313bc575d88858f5e260,0,3,0,0,17,0,0,0,92,193.45
3195,35aad40b05442b4c827cf8d373c65954d4b36748,0,1,0,0,23,6,2,3,88,152.14
3196,cbac7af793f8a726f051d6dbf36a382fac595c45,0,1,0,0,0,0,0,0,671,125.23
3197,a35f8787cfbfb2ad60ee7795c104ee05661227dd,0,4,0,0,5,28,9,19,465,369.63
3198,270850d793aa1a8ed408f682479117f3f8ff3f6b,0,1,0,0,47,72,0,0,35,128.74
3199,8eccb80a317082897dc04d033fce500ac43e70aa,0,3,0,0,37,13,4,5,1361,363.5
3200,fdd3721fbaee64e404feaa72806ff89d04878b4e,0,1,0,0,4,0,0,2,111,224.82
3201,54528835775460f427989138529624f8a6b6e34c,0,5,0,0,238,196,8,47,1504,578.98
3202,7b1dd3d8f0191c7d53211a6312e591cd29128184,0,2,0,0,25,13,0,3,354,199.53
3203,2216a3dce05e5b91c99b0aa98d2c1ce588f665df,0,1,0,0,2,5,2,10,1317,255.9
3204,ba637b4d1f1b0c48c62498cc35ac6f5665cf4f27,0,5,0,0,151,178,10,37,2921,831.21
3205,7108f3ed318f3be0afaf4bed109226d3373215c2,0,2,0,1,7,0,6,15,144,273.22
3206,6c70b83d055d9212c9ec8ad9437ed9d8a63a7882,0,4,0,1,6,0,1,8,873,382.18
3207,d9ed0378786b4bbd6e07e5ea2801cd34d35a2258,0,2,0,0,166,127,9,40,980,355.01
3208,96afdba855f94bce44f5747121e6019529dc8c07,0,1,0,0,9,4,0,1,227,140.82
3209,c3dc7894159ad413f9c8fa0cc0024c6ed0984831,0,2,0,0,6,38,2,14,611,260.23
3210,a85bbdf633d302ded4861ed95a69375d50566904,0,2,0,0,121,77,6,46,932,318.75
3211,12d26f869d966a842e6b01b13e338051c9c85f68,0,9,0,0,189,199,9,47,3524,931.13
3212,742648c821bb5922018423ff5f360233017a08ba,0,1,0,0,13,1,0,1,344,152.82
3213,ced22f76b3a0495257c26d861ab3b85a94727d47,0,12,0,0,264,79,34,71,25131,3114.48
3214,4e6a4c016a9efe60c053318b4da81e6a90b9588b,0,12,0,0,0,0,0,0,25395,2629.33
3215,c49a1497eafc5ab5c16b03b3f97842c5ab1e64c8,0,1,0,0,3,0,0,2,140,121.1
3216,2a5547981dad7e59be2c26aeb52f5d49d2195b9c,0,1,0,0,0,0,0,0,143,74.92
3217,79050449e7e953a301e275a755a2b5f3a5b0d06a,0,3,0,0,16,12,0,0,1715,315.57
3218,e48b29a6b0b15f9e1c8d8e462a573daa04d1ec5e,0,1,0,0,77,31,9,10,326,184.52
3219,d2c22a855c260a9c4e51ac41f42b7b3de46a0a7b,0,9,0,0,225,38,3,3,2041,726.01
3220,5dac2086dcd4cb6845b814384d04952c986ac240,0,3,0,0,26,0,0,1,353,357.63
3221,5d6c1bdad7107618fc165bec74fc0444078910f8,0,1,0,0,6,0,0,4,403,161.14
3222,1ae32c93eca24a5bdab7332a56418a12b4e6586b,0,8,0,1,177,69,5,43,4197,1032.75
3223,e28e7e9675ddb3bd949d86e25b5a9f3638226c36,0,8,0,0,9,107,6,22,4267,877.85
3224,b3bc28bdb49d1c683de61b0ac0d63fead3cf5c3b,0,1,0,0,3,0,0,16,500,147.94
3225,212fd417f3e622449725d83e8dacab9506318dff,0,1,0,0,27,2,4,4,321,175.21
3226,ddee43e8463777b0419fac2423a59511202c8fab,0,9,0,0,107,11,4,21,4341,963.41
3227,10b3dcc9672c9e748469eb5df5826639d8c88c8d,0,1,0,0,0,0,0,0,73,60.48
3228,c0a342bc85482eb2ae14c15a349188ef27ed98f5,0,2,0,0,8,92,6,17,691,311.3
3229,636e41dc3c1827ce438c98fb7a45c2a511083842,0,2,0,0,24,4,0,2,360,194.27
3230,78142cb790f921395273233eea5e2016b9148d36,0,1,0,0,0,0,0,0,40,67.16
3231,94860c6c3713cda4f17dabb2ac2ce30cfe92f6e2,0,1,0,0,2,0,0,1,49,113.9
3232,8f570ea68e50246ae825fa895f0e7fcf934e191b,0,2,0,0,24,15,2,8,983,298.52
3233,14d57389bf4bead6e52d3d0b45ac536b9ff232ed,0,4,0,0,50,1,5,56,2233,497.0
3234,058307b65ebf6d85027c8960e26ed10a4f4bfd80,0,1,0,0,7,0,0,1,509,157.64
3235,712cfb12dd01b368a34e6b19d16c21edcaac1487,0,1,0,0,0,0,0,0,135,76.65
3236,83cfa9dd16d3f3bce8c60d7872d415ba58da8652,0,1,0,0,0,0,0,0,118,80.63
3237,527d590d435073ebefab7369f77e7d3a04d5b651,0,4,0,0,103,22,1,5,1631,555.8
3238,f943a6edf20a62f08c17cdb1c392478fc9846987,0,3,0,0,0,2,0,1,563,256.69
3239,8413d831d12099e8f2764438f0f31ec8ea1830b0,0,2,0,0,6,6,0,0,96,192.25
3240,5030f78a5aa9bfa52915812dceb78a717db1ee86,0,7,0,0,13,133,88,115,23937,2603.57
3241,e376bc02eca6f75489d2aff41e0cc36105eb8567,0,7,0,0,63,14,0,41,2719,755.76
3242,9dbb1b7757b1601e78254fde5a7142e93f46b620,0,12,0,0,311,552,12,52,1403,1259.72
3243,44d6f49bb051a3a49fb2b758b6fb8016a1845f13,0,2,0,0,8,5,0,1,341,245.77
3244,5888fcd6aff4e8c00ad7f4c629c5feb1cf9663a0,0,3,0,0,7,2,0,5,1615,351.27
3245,38ee718ee6edc0116a3727d9186b64272daa1018,0,31,0,1,207,81,8,38,7958,2921.52
3246,3a896db908927dc3fae18859fdd804f5c1400e7a,1,2,0,0,1,0,0,2,354,294.0
3247,8ad7840b336f47cf4d6c33da3459121c98db2d48,0,0,0,0,0,0,0,0,0,39.35
3248,e2ac5303a26ed631af23408400185d8d8dc42f06,0,0,1,0,0,0,0,0,0,59.82
3249,f95fc45cef72b20566748572207e1869a932440a,0,20,0,1,33,6,0,14,1943,1203.72
3250,18c5441cc83fb4fae5e537ad63453e5319453da8,0,2,0,0,18,0,4,9,1351,360.85
3251,9020f20133d8d7297f833102c603d8775fa5b141,0,0,1,0,0,0,0,0,0,70.48
3252,5cc12f37f6419a80efaa7341e8a284e19165ef30,0,1,0,0,9,3,0,4,201,165.04
3253,185e0250ab7e21462149f337497ea24d5da01719,0,6,0,0,119,32,10,16,804,474.59
3254,cbd46f11c1ba0597d6d66842619b7c133e24570c,0,6,0,0,0,0,0,0,923,305.98
3255,b2b8a5349a6306f75cd69aa2ed081221b92f3a7f,0,3,0,0,8,0,0,0,916,293.29
3256,1ed6065b5b9d87ef6223683e1d45bebbf0463283,0,1,0,0,0,0,0,0,409,112.55
3257,a043998c98cdbcafad248311b11295b7675911a7,0,1,0,0,1,5,7,20,205,166.57
3258,c44a19a8090d105d1ecc417c8dce6319b6bf80f9,0,1,0,0,1,18,4,6,1306,310.63
3259,930721d71a2beb6a0c90b56577eafcc3479c25c1,0,3,0,0,602,0,2,30,2244,608.93
3260,aa75168470b433c818b77d150d6e77991491c7fb,0,1,0,0,0,2,0,2,1389,348.3
3261,24939a58b381589461677e03c2b19a2035d9c727,0,1,0,0,2,0,0,2,1389,250.29
3262,d079c8204e5e187b36b8d0cf66556c60cf33043e,0,1,0,0,0,1,0,0,19,88.61
3263,4e17ac4699e59637f20cd4cfcf2258eec5c42c5a,3,41,2,1,279,189,47,109,4107,3487.05
3264,0d40edb40f695dbda1e5da6787424ac067a8f081,0,1,0,0,0,2,0,2,1389,231.78
3265,f7629d8498d4d857128ee1697428d9d5fd9c9273,0,1,0,0,0,0,0,0,1389,203.15
3266,40617c8be6ea85287f1c75d07c87e8315aa1ed4c,0,1,0,0,0,0,0,0,1389,207.28
3267,c9270f4e3ae5f94d46070f1c7e585c90bc68df7c,2,16,0,0,127,47,3,19,1784,1149.19
3268,9483e147ec675c6024b5f1a55c799cc15aa2239e,0,12,0,0,87,148,21,46,1362,1195.83
3269,3f8db24e4ae5d17442e15ad485d03021628e91c1,0,1,0,0,3,0,0,3,1389,227.2
3270,061595fafd01f412c2922aae360b95da8d8ee086,0,1,0,0,5,0,3,7,206,143.86
3271,ba7b0bddfd381be2262111cb6c3351ee31b94c78,0,3,0,0,21,0,1,0,653,244.24
3272,9252ee95b9f8e30f94ffb2eaf3a3828dadee3610,0,3,1,0,15,26,0,7,796,358.35
3273,bc05b5960ac14e9412f81d7f4ca1cc04035ca60f,0,1,0,0,18,4,8,34,1303,258.52
3274,0c2d2ccd962ded0f536c04f841bf22f45763e430,0,1,0,0,2,0,0,1,237,133.07
3275,a3c07ee4165ee68dc4aa1a4a61c198026149f22f,0,1,0,0,0,0,0,0,220,85.9
3276,4299d07f5ee0237e6e02de7ed6711facacd5de17,0,1,0,0,0,0,0,0,220,84.26
3277,1c56ec2da2664abaab63b504b34767a1a5e8386e,0,1,0,0,1,0,0,0,210,131.1
3278,53fb52ac713e5471edd988b59cbd75f202a4f57b,0,1,0,0,8,6,1,6,205,161.36
3279,5d03d6029ac7b439c64348f429dec2ad6a6077d0,0,1,0,0,0,8,1,5,205,151.72
3280,ef01ca5bcf42fcf6c6a43a77eb4f0a90a93bbc1d,0,1,0,0,49,105,14,39,1287,373.32
3281,e5040e4fd525f4d14944b11779d154816317c376,0,1,0,0,107,42,14,42,1294,568.12
3282,154daa03a660a62b228000354319390305568b21,1,2,0,0,13,2,2,10,1947,460.44
3283,9c5ac8ff69db65dd5197062bbf60c10dc2371390,1,2,0,0,2,0,0,2,1960,376.27
3284,e58540fe368ed5f3d3c0d877fdaacc245fbce3bb,0,1,0,0,5,1,0,2,204,129.0
3285,4fe3bb13eb096666b16830a9d5e95524fd7430fd,0,1,0,0,0,0,0,0,82,69.7
3286,edb105ded294a78e30b416ec75e83b0e76a30e02,0,1,0,0,0,0,0,0,83,72.52
3287,e4f710108918babc76ff9127f87761b28e57ad96,0,1,0,0,0,3,2,4,113,123.6
3288,e8b444269ffea05d7077deb54ccff55bb4ceae33,0,1,0,0,0,0,0,0,113,78.03
3289,c7895e99fb86ae3c36b4d63634498662ba20c220,0,1,0,0,9,6,1,7,203,150.42
3290,048c8a98d83b41d463b557ede8a0bf98d3def022,0,9,0,1,293,317,25,93,1993,984.12
3291,f2399074465357fefd60521da644d65adc54651d,0,2,0,0,9,7,0,0,1074,215.49
3292,6b2ea264702f80518a1147ab0aac44e0cf40dfc3,3,16,0,1,180,68,17,47,1752,1512.98
3293,837ee0ec5659afae2d3f138ee55d3bc7a60bdebf,0,2,0,0,170,190,15,31,924,351.66
3294,3f40c6e63e06b27402aa60830ffc4fd1b4172993,0,4,0,0,0,0,0,0,670,241.04
3295,28a9a15e1cbc2422d56ed28fc6fa7093328c7764,0,1,0,0,2,1,0,1,17,154.83
3296,d0964715d4d5f6d71c1139bd247962d278aa167c,0,1,0,0,0,0,0,0,19,56.32
3297,d6a13a68e163e23e0e3dd7087c0fd45fa063e376,0,1,0,0,0,0,0,0,19,59.45
3298,b7a8b57ca653843e14bad544745a1ee7f0df5f44,0,4,1,0,9,40,0,0,312,331.49
3299,f16becfc29ef7e8bbf5f92913be51e33a99ba537,0,3,0,0,45,1,1,8,289,266.74
3300,a7b9d09b05f263f2e9629b4c5432d6044b1f15e2,0,2,0,0,11,0,2,1,58,293.5
3301,3db0a75d5bc971b219d08d0d514c97d6ac9c7aaf,1,1,0,0,7,56,0,0,34,196.47
3302,d8742aa46242c128b73d82f397e303f5a79692ac,0,1,0,0,2,0,0,1,77,123.14
3303,6423bfe791fb7fc9f1b84cd18e614c7725797aaa,0,2,0,0,142,139,10,21,1343,391.27
3304,65c33fac9c974fe93b617cc8f3e77c929733df21,0,1,0,0,1,0,0,2,111,110.18
3305,522730a0fc7ec0847c05867e769c275a160ba171,0,16,0,3,386,378,28,83,2612,1656.32
3306,86f5eaa9b68e3dda0052bb92658fb86ac5fddc48,0,16,0,0,2,15,24,59,2983,955.9
3307,d765b246e72e7bb455e9ec9440ae735b1ee8543f,3,20,0,0,241,126,13,49,1484,1775.38
3308,02a302a9396653f0f1f389d6d53f34869de2d46f,0,1,0,0,24,16,12,44,1305,258.69
3309,0e2706a7f1eec0ba161177002e6e25bb58678607,0,1,1,0,56,7,0,0,34,141.81
3310,cd806ddd266d69f83f5a5a12283945a7c9fd4e8d,1,4,0,0,18,0,4,5,310,349.37
3311,78304fe24abfb4184243f54c9b9dcdd38b51ff65,0,1,0,0,0,0,0,0,130,80.09
3312,c573c46e34b952e3147e36e8a7b097f701f2b0e4,0,1,0,0,29,32,1,2,306,166.16
3313,1e18538c9868e92622e9e0acf87b2e88b9bd6182,0,3,0,0,53,41,5,37,746,394.05
3314,5a3d4c14b2f7e804c74c04c6e0b229c50649e7bd,0,1,0,0,175,167,8,26,720,242.7
3315,772c4f1a7939e1bf236c5bf3e7bf624f7078c80b,0,4,0,0,45,3,0,10,458,332.24
3316,18b55642821d26f3507f08e8b3f71e1f23db5ae1,0,1,0,0,0,0,0,0,43,68.96
3317,45af95ab30d63829342f26c237b5c2cd186cf5e3,0,3,0,0,231,220,19,35,1040,473.26
3318,f11e4f2a1c3387083637efc85bcfa7a9d0c3248a,0,2,0,0,87,61,1,24,446,220.87
3319,0aa128a9a61d068067ce049ac04349a6d76e9c4a,0,1,0,0,0,1,0,0,94,88.32
3320,b1d12db7338ecf1eb6f5aa4905ddadb0500e9445,0,1,0,0,1,1,0,1,139,230.3
3321,8b23dcaef922a9c343bfdb7595d618da4efc9a2d,0,2,0,0,3,1,0,0,26,217.67
3322,959764186ac64e450d7f5566070da32e1b567146,0,1,0,0,0,3,0,2,38,135.2
3323,56302ceccf0571b1f2c7373fe9331d9b7d1b05b4,0,4,0,0,46,230,1,6,779,362.08
3324,c38d32638eea94114c578c3c9f400fd581aade39,0,4,0,0,39,23,1,4,2279,520.18
3325,5a6f0b852935e7da957e5cfc397fd0a55b9516b6,2,55,2,3,680,418,29,76,6022,4562.72
3326,021ec71be5c32788347cee077034df690a279a34,0,38,0,1,31,0,3,14,5234,1696.06
3327,a06be23fbe7859063039767ce0dff64922445f39,0,58,2,1,75,154,13,33,3619,3380.11
3328,5b9fc26c51161837f01a9383aad8a2786445a4bd,0,18,0,5,194,39,3,5,1546,1595.82
3329,b4af12b43ba9aef71613274a12d037b0caaffd4b,0,1,0,0,2,1,0,2,880,177.46
3330,417b175fa4bfc80994b3d4e85c9f8d93f3d9ab60,0,2,0,0,42,14,7,33,504,264.71
3331,731af1a4323314dc31020deec9fd04b97a79519c,0,2,0,0,219,36,1,3,309,233.48
3332,a59a5f59ce3042324b68a37b2392775cb191712e,0,2,0,0,3,0,0,0,528,154.65
3333,57b9a346cb023da3d3a2cea09d9fed9298be7cc9,0,3,0,0,31,13,13,57,768,359.3
3334,211bc0ca3d01475a8780c73cd4e6c26c7dcc04be,0,1,0,0,0,0,0,0,201,87.39
3335,46689e51b4c5479e7875bf918a820c5e74c3b418,0,1,0,0,97,249,18,52,1240,296.38
3336,3ee8682eb8e32f04979f44984911cf3547ead206,2,12,0,0,197,178,21,59,2402,1272.1
3337,25828cacef62576faf247a2ef4f7ae261bb1250f,0,2,0,0,5,3,3,2,523,200.8
3338,e12840e2182dfd12cb70df9a5aca4111a3a13217,0,2,0,0,3,0,0,0,528,160.19
3339,2b44e546096a8b2dc1f20be2165e6044b15dd276,0,2,0,0,5,0,2,8,207,228.5
3340,190e27bb5cc910d020b3828c1fbe83f009534b89,2,5,0,0,58,11,0,4,2190,763.25
3341,33f66e4fb13b17be08c368424aac07f532bdbab8,0,1,0,0,0,0,0,0,152,75.11
3342,ef50e8f12a81986407351f5b7e3125dab2d4ffa1,0,1,0,1,8,0,1,1,74,182.71
3343,d69d304c4e4788daa201539e5e8441d30bb02396,0,6,0,0,14,72,13,41,1230,583.92
3344,5cde93d9607ddbdb5316afaa2be9b9132d1bec3f,0,2,0,0,0,0,0,0,110,108.16
3345,e5a324e31e0da3e5e57d3bd87e06f20aaf108a3d,0,1,0,0,7,19,0,0,863,184.33
3346,08345fabbc7536051d57ec4cde615704e5426788,0,3,0,0,26,3,0,19,1470,387.42
3347,98a70bdebb26955ea629fe3a21212253fc7b7d17,0,10,0,0,71,41,18,54,3177,938.58
3348,1b79d815555aeb749f17f246a317b05812b6b937,0,1,0,0,5,2,4,9,1327,249.04
3349,f81cc74f5cb749cb68b34c724f50b1200dcf3ad6,0,21,0,0,151,49,4,10,1603,1377.1
3350,68dc7d0e393b587fd93d4efa0dbb55e74fe71981,0,3,0,0,44,24,5,13,672,361.08
3351,b69fd1aff7e34363298aece693c4be5a3a603c71,0,4,0,0,80,60,0,0,2200,510.47
3352,031e894174475ae98a728bfcf33b97217b39fe45,0,1,0,0,9,0,0,2,261,127.67
3353,030d4718e5596884c766b6e3e5b1c54fe23f6dd8,0,1,0,0,4,0,1,3,108,123.04
3354,7e3bb8644d0b6e9bd3528fb589550f7d3971ab63,0,1,0,0,0,0,0,0,112,71.48
3355,f956569dbd7848eadbe5e70b12fadb7e25e0fc4a,0,1,0,0,0,0,0,0,112,69.6
3356,374f511eb484fabdf904000d27ca4b5f24e9d91f,0,2,0,2,0,0,0,0,72,200.23
3357,dd020e1fd97019af4a2be66813071540b3d1be28,0,2,0,0,15,11,1,0,356,213.49
3358,1a42cf3f8e3ef33b22c3f7cf32c981eb2eb3de93,0,1,0,0,75,287,20,51,1149,277.62
3359,1ea2a60e846a24318a993d72bf88d2d784d593d0,0,20,0,0,65,348,117,63,27500,3567.27
3360,5f1e66a15cd8392ba1042445ce0189e0b9b0de48,0,0,0,0,0,0,0,0,0,182.14
3361,acc9823220d9dae190a9dca5ec2fe537071ad241,0,1,0,0,0,0,0,0,27,75.06
3362,25da034fb3bb8edb393ae7908ee0d292efbb4ed9,0,2,0,0,3,0,0,2,151,154.86
3363,016244785802c29cace8d89b6c3f022af668ee1b,0,3,0,0,47,226,1,6,370,291.84
3364,0cc97d91c0cf92cd8476b5a5d0bdf7d3d66a45fc,0,1,0,0,2,0,1,2,159,136.43
3365,4884c1f96f1cd52a4c12e7c4710b66dffb870490,0,1,0,0,0,3,0,0,164,97.93
3366,587cb5829f5858cf9e0faf7e6aca50b5e62dff7a,0,60,0,2,232,340,32,66,6038,3887.44
3367,16f6b0ca10de59a1b6e1eb2eb7c899b700890680,0,0,1,0,0,0,0,0,0,57.92
3368,eef93e7d6854569f99118104f7544ac83b33f0bb,0,2,0,0,428,0,0,0,21742,2156.98
3369,7321adf4326381ab7ce89346dbd0703a56af0c4e,0,1,0,0,0,0,0,0,89,96.97
3370,a3fe297510acdaefbb40b0a91aaf8c38843f9a8b,0,1,0,0,0,0,0,0,45,153.66
3371,dbc0f599fe83651369802b98b8349331d1f617b8,0,1,0,0,1,1,2,4,238,441.63
3372,97aa922a7476dce06121ae289877abccf161afae,0,4,0,0,34,17,11,29,1297,1446.17
3373,f774b7fc396f4fec611247159023c58863de5f85,0,5,0,0,20,28,4,31,827,849.18
3374,142e8c1a2967947a3ed5314e4577f4be3cfe4bd3,0,5,0,0,258,178,13,35,1068,1166.41
3375,fc7e86404a27963071e416ff4deb0c7143e68bfc,0,10,0,0,249,228,18,33,3389,2016.94
3376,34c1fc0b7cbdf568ec7869a564fe614f96dcbe9b,0,5,0,0,279,79,20,60,1565,1141.55
3377,b289de1a7cf3ed491ee952f1c177e11d13cd04be,0,1,0,0,18,0,0,2,1417,743.96
3378,2eaea5be96461b1d9e405d26229b9803a96d3abf,0,2,0,0,0,0,0,0,167,142.76
3379,33cdcaf73463c351ada6e64dcd158a4823bdb902,0,2,0,0,0,0,0,0,167,126.34
3380,c215a4c96436303c9644f19c95db67ba88d871c3,0,1,0,0,0,7,1,1,74,767.49
3381,20bd8281fab66852659201a76a9c525cdf64b710,0,3,0,0,270,62,6,12,486,589.48
3382,f3d3b43940b53bb6a90411ffec96abdf20929618,0,3,0,0,18,29,4,10,727,354.42
3383,f0805119410092235a311a9b82ade268e9065597,0,1,0,0,5,1,8,24,210,201.63
3384,5b024bd256fa4ca9a19dab0dc4dd77f6e47a5019,0,3,0,0,41,1,10,45,715,427.99
3385,67b340becd1aa369c71af10e5b76570e73809e2e,0,3,0,0,37,9,4,23,415,355.29
3386,3f8372c1f5225afe83dced250660c4314e8d86b0,0,1,0,0,5,0,1,0,130,152.68
3387,e48b94098efca6d1abea86c07210492315359737,0,1,0,0,30,7,0,8,864,380.83
3388,b184972b0f83487cb44ce7c211d3ca7cd5dbb3eb,0,1,0,0,2,2,3,5,250,253.89
3389,a6302d6d7dd35d6b59e9911850f6bd2e69da088b,0,1,0,0,56,2,3,8,441,257.59
3390,5b57673c962a2d9451356877b9f825b4ee003509,0,6,0,0,0,20,1,3,1333,697.74
3391,7b38d6a4dff57b666d9a882029e3dbfddd92a412,0,1,0,0,16,0,0,0,1435,816.17
3392,4797b40339e101d829e8ad15c923d36ce0e0ce8f,0,6,0,0,27,29,5,24,2600,1514.47
3393,6fcd1f4704610f5073028faa5ccf027d81b0f470,0,2,0,0,19,0,0,10,339,272.67
3394,f2152dd4bb18be694c6e505fa99d5933373b1c11,0,2,0,0,0,0,0,0,358,136.98
3395,726f6827dfd2059a793ec433653b2fe2ddc74266,0,2,0,0,10,13,4,27,914,425.88
3396,09b4e7bdfb113715b3e1ae0be179415fab79d4b7,0,1,0,0,0,9,0,0,201,117.45
3397,65d51bb747cc5b7f60a58793026529cb4c6bdf1d,0,1,0,0,3,0,0,0,201,133.53
3398,bfe2dfb50d5b8f1f322a7b3380df3f74f24ab960,0,3,0,0,84,65,0,0,316,308.69
3399,36a9f9bd8f70b35a13fe510576635c619b2b81ff,0,1,0,0,0,0,0,0,74,74.44
3400,3868cf5f2996818ca702e1c409a856e2d285558f,0,1,0,0,122,19,2,11,1313,2818.49
3401,189e133a586a5b4afb1021440def9c02d14d17bb,0,1,0,0,3,0,3,7,1435,1138.43
3402,04874186892c86a20181a2f64c5dc24285021b2c,0,7,0,0,102,15,8,31,945,2259.05
3403,8dd6a3449a090266951424bc6307515ed8c9c93c,0,1,0,0,15,1,0,11,102,284.95
3404,150b3167f2f9952a4537e0d3c754d094a9a097b2,0,2,0,0,4,1,0,3,1004,799.19
3405,808d7c9f32a9b3c623506a4d26febf70c1770f0d,1,0,0,0,0,0,0,0,0,268.97
3406,7daa6625a19e7556e0514e7c46efe6dab0b9de14,0,1,0,0,1,0,0,0,252,117.44
3407,2af8591bd71838b9782c552c6724f1efe1cc836e,0,1,0,0,9,1,0,3,201,833.15
3408,a725f80fce2be6880db9572b35339d68acc398a7,0,1,0,0,1,9,0,2,201,332.29
3409,5fd5864249707e2a88bf27641d40ed675c8c9e14,0,2,0,0,1,4,0,0,479,208.78
3410,46e422a9417b5b513ceae4c9652ba413e2ede474,2,13,0,0,193,147,19,83,2433,4616.68
3411,cb25a8fcdd9626c6b29a3b1a94dfda5fd0375928,5,40,1,1,176,59,6,25,3688,4412.68
3412,934570398108b4e3732f59c5d28d245ca2502cd9,0,1,0,0,8,0,0,0,109,167.41
3413,30e78d6dc98b7e425c121c9a40c4b803dd9a9e7b,0,1,0,0,3,0,0,0,117,130.36
3414,116d8a1a7cfe585affbd8ab09115cc5ff620d56e,0,2,0,0,0,5,0,0,249,374.76
3415,3a04d85488b32c106ccfec76092b187f5728b3dd,1,1,0,0,16,0,6,18,100,338.18
3416,263f192b65db18e3cfb5126e86358f374a0be5fa,0,3,0,0,31,34,0,1,832,568.93
3417,606e666f846a7be65716bdfad0afb2083cf4f797,1,0,0,0,0,0,0,0,0,170.36
3418,bf9a72265fc5262df8b3eee6ce907dd48185f99d,0,1,0,0,0,1,0,1,23,152.85
3419,087f902d6e03af46d77f2a3c1af535ab776de867,0,1,0,0,1,0,0,1,23,164.14
3420,712ffeb4a518e1758c127da80beb3a6b1cb9928d,0,6,0,0,29,0,2,1,1906,1439.67
3421,ad685c4615b08725488fdf26c1dd248cfe196cf8,0,13,0,0,187,44,19,88,4143,3185.08
3422,0a5267e5c9c5b8282a4ccf056be1f203f83b687b,0,3,0,0,3,6,8,29,1080,741.69
3423,dfd05673cd59dcd18ffea6c7f26dec4f880d5085,0,8,0,0,106,68,0,2,3429,1943.2
3424,f20badb685393e60f74b236edf623c7c9264f1eb,0,2,0,0,18,0,2,4,154,329.34
3425,5f1c5ad393a0ce5e455f865a7883303ca5e51690,0,3,0,0,7,5,0,47,744,634.2
3426,6d38881430c9010b2249a91953fe1bae038b0364,0,4,0,0,9,0,0,6,314,464.29
3427,a75b708decc25372949f3c764e4f500735fdd452,0,1,0,0,2,0,0,1,557,365.76
3428,f960f13a5405addb861bcf5dc6512efa7b18226d,0,4,0,0,30,37,2,5,900,813.3
3429,b4e520c3b668360d08f6f0c6dbc86fc0d7e29cc7,0,1,0,0,0,0,0,0,194,121.47
3430,ad72c578ea8daed05f987ae1933276fa4a8ea5bf,0,7,0,0,31,26,0,0,971,836.74
3431,aea4510e42d38f4091b2b01aa6666d9bf0c57fe0,0,1,0,0,0,31,2,42,578,335.37
3432,655a748502cdef15ffddc4fa17b68c49b0f11ea8,0,1,0,0,1,0,2,1,92,211.84
3433,2e851032b702de50419e0123bbfc799efe905177,0,1,0,0,14,10,0,0,14,183.82
3434,e24681e70ca130643908508eac9550ed26f78a4e,0,1,0,0,0,0,0,0,161,147.17
3435,4e2e547d2e4cee403a4ff68a86f52a7cf898f6ef,0,2,0,0,0,10,0,0,76,243.77
3436,5435c4fd6075c54c0ad8c4c3016d780c631e563c,0,1,0,0,0,1,0,0,10,148.22
3437,1ab4ec1748617e7d2bd0f7d0037fecba0226e7b2,0,1,0,0,13,13,0,0,30,185.8
3438,8b81c8f2fb93a051fbd317c03af727ab919034f2,0,3,0,1,60,27,10,13,665,794.67
3439,4dbecb3023c7f660f0c5d8245820cdc74b93dbbf,0,1,0,0,6,0,0,0,204,172.73
3440,2ae527218d2878b8fe874d2c05064351419ee832,1,58,1,0,111,109,1,1,5240,5145.84
3441,70554b2a31706eb272eab0245c8ef25cbfdf6bf5,0,21,0,0,54,81,0,6,2058,2302.46
3442,641346b0dc85a723f1bd755007c334b310c71e67,0,1,0,0,11,0,6,51,578,2623.81
3443,033486158a8ee2ed3af870bd17e2734632a796ff,0,1,0,0,0,0,0,1,45,171.5
3444,16d4c6c320cd98e3e7628a68bd6b4f20f9a365f4,0,2,0,0,9,0,0,1,731,941.68
3445,fd66ccf21f1331fd2bd07611ad8dd5bf4be5f83b,0,3,0,0,8,21,0,3,121,441.35
3446,452619cd07ca7985bff6f6fa8fe6f9764ea7fa4a,0,1,0,0,16,65,12,75,524,372.27
3447,146f4bd9e730425db1065a86bb4303d38a7e84ac,0,1,0,0,0,0,0,0,94,133.64
3448,d4ec6d2bb758bab37773d36a0e9db8edc029e500,0,1,0,0,0,0,0,0,94,148.38
3449,67ed39fa9bf71be4cfc13fccbdd7b76dcb46c062,0,1,0,0,3,1,0,0,114,192.42
3450,08848e7956f5fd08525a08498205637b2652f2a7,0,6,0,0,19,5,3,6,1650,1107757.46
3451,4d7e703561bc68a79d856e28b3f710455b1c70bf,0,6,0,0,0,0,0,0,1669,1447.29
3452,a2a28a4081d244b8e6c2da90b4f63beefdbccfaf,0,2,0,0,0,13,0,1,343,623.43
3453,374fa2c2f27a1a51c820eeeb7cfab9875d79be08,0,1,0,0,0,0,0,0,130,194.56
3454,47783861abf556f37cd2ab2f9cc6a30942213ab0,0,1,0,0,35,21,0,2,72,465.91
3455,68bae31313161848116d13b10f78639f4252f71a,0,1,0,0,1,0,0,2,578,400.28
3456,6633eb4ebc20265cea41d017d29dbd911dd49e25,0,7,0,0,23,23,0,0,971,969.15
3457,96d6aa269bfa03cd3afc0da60424ca97886aa2ce,0,2,0,0,6,0,0,0,359,241.33
3458,5979bce8ec6338f3aaf88ce193da01e10249b12e,0,3,0,0,5,4,0,2,1564,1772.56
3459,0077edc946a3f8520b3366ee3ace0d6f029651e5,0,1,0,0,1,0,0,2,540,369.52
3460,1e8685d836fee9f65f976d4587da88bda3dbeca2,0,1,0,0,12,3,0,0,255,851.64
3461,7dae25d87e77208c471c59b1851981bf34acaafb,0,1,0,0,1,0,1,0,901,1060.13
3462,e6610e4692800485501e316df3dab53a6e9e34b2,0,18,0,2,227,37,12,48,2740,3170.33
3463,a0e0e2c13cbce65c1eaee47ed0d0286e82da5178,0,10,0,0,104,8,5,30,22804,9951.64
3464,90170d1594c3a88f0a7b6a25da7161bb7af2e552,0,30,0,1,200,128,4,62,5537,7919.23
3465,2db61ab9e0a5fe7f764236ec060ee370c19bd593,0,3,0,0,74,46,4,3,188,776.32
3466,bbe105cfa556831041efc27a56b4584bc5b5e143,0,4,0,0,41,64,4,5,250,832.55
3467,d90f0f3e7a2597a4327d39b3047bd34ab9af0c70,0,5,0,0,18,19,0,6,1370,997.72
3468,7007a8510247f88a27d54abb9e67f11ea337a38e,0,1,0,0,99,16,12,75,525,597.85
3469,89e7a57427dd4f27e433788a2e95a6bf769b4d9f,0,1,0,0,0,31,2,44,593,485.69
3470,f211e507bf6b7d3ca5bbefba984dd1472e1ac697,0,3,0,0,31,1,3,46,673,633.75
3471,490a0998738d07f72257a637752557a2a9626a8c,0,4,0,0,28,39,5,35,489,889.14
3472,1693a9b51289d09519ab67a8b24fb36d4827317a,0,4,0,0,7,35,3,6,982,952.01
3473,29d97dc2ab8aa14e3d83c1ad48674ed0c89e4939,0,1,0,0,0,0,0,0,404,402.14
3474,b5f99a3364a6b0a8531d8bb1c240a8f0603b4f56,0,2,0,0,39,79,12,23,1975,1179.39
3475,bd32d4f0b9f0f88fed97e8ddf2ee41b5b048d31d,0,1,0,0,0,25,0,0,560,362.34
3476,820411fe4653697528bcbb210ca9e4171579b36f,0,7,0,0,20,24,0,12,1007,1023.31
3477,512d97f3bddb450681af4d05e0815618533fcb89,0,4,0,0,1,31,2,15,737,893.59
3478,c37fe54f1a170dbf29fd112fd9ea62c4058b735c,0,4,0,0,0,0,0,0,738,435.43
3479,a4f06c237f0d7c62d10ce9f2ad0592b202f35917,0,1,0,0,0,0,0,0,675,381.81
3480,f77cd11373a85c4136e76f004c5bf8c45e875f09,1,2,0,1,43,3,12,49,592,1551.3
3481,5ab69b62cce884266e0e1ba5a8a0e64137b1098f,0,1,0,0,134,1,3,1,8,908.69
3482,853a75936c886136e9c7d5e0be42583e0305a6bd,0,1,0,0,25,60,2,5,65,389.96
3483,cf9a581bf7957d9404a6a5f33f77cf32468c6336,1,1,0,0,1,0,0,1,54,595.26
3484,00a553438623945117066d4adfc2826c17d59ccb,0,1,0,0,199,203,16,40,699,2754.76
3485,1bfb68518a20abdfd7fd1c3e3422df9214df6b05,0,1,0,0,200,194,16,38,704,1838.97
3486,99ad7d60012c05e98754ca8c5730d865ffe024e8,0,4,0,0,89,122,17,77,771,3447.27
3487,043d1808366a40b81d5275090060b7372ae4cbf5,0,1,0,0,196,200,16,42,704,1324.53
3488,db68e03f7de49935b2f0e43a91a4a8d2ca134a08,0,1,0,0,89,1,4,5,496,586.77
3489,1d9b7f5597f2cd090e312e270431ab56c81de9d9,0,7,0,0,170,93,17,88,1087,1253.67
3490,5177d56f35698c00d58224df65c3b2fa550fc25f,0,1,0,0,0,0,0,0,87,151.12
3491,cfe585c2c420c6e8445eb4c3309b09db8cf134ac,0,13,0,1,374,273,31,86,3310,2883.52
3492,5cda764a9f956c35feba0a4cf3138037fcf39a76,0,5,0,0,52,95,14,98,2284,1538.59
3493,59f349de705f38daa8869c64817e27e9657ccc45,0,1,0,0,4,0,0,0,101,186.8
3494,267690a140ae7d6dfba169448654f9d15ba2b98e,0,4,0,0,68,18,8,32,827,748.13
3495,5c275310f95637f6cc49aefe2154503b743bac94,0,1,0,0,5,7,0,0,197,229.62
3496,1f36de1c7f2bdb10819b9de52bb3c5f3aac84784,0,1,0,0,5,1,2,1,82,367.46
3497,604a38645cbb958d4bb32db8a25b6093ee4cd68e,0,0,2,0,0,0,0,0,0,227.89
3498,90ce0257827a93cbdfab893c21bd0b5b31c02ec8,0,1,0,0,1,1,2,1,524,469.24
3499,625e61396b9e91d86ca989761c43da726f2e71b2,0,5,0,0,28,42,20,31,832,1221.05
3500,ac8bbb17ee86e2aede17672da5ee64824ae01381,0,2,0,0,13,0,0,0,53,1087.1
3501,39aae3d8309e8cc4ba46feb24711f65796dbd88e,0,1,0,0,0,0,0,0,234,266.69
3502,c82a9d9b96667cc2afeb2609fbff955b4232fc2b,0,6,0,0,102,79,13,22,1229,2031.68
3503,6a858a30d61fb6a575521bce9afa9448b5c309c1,0,12,0,0,99,60,12,26,3924,3827.82
3504,0042426f3735c2456f0faef2b4a97fd89ef355fa,0,18,0,0,205,120,37,92,3123,3692.02
3505,b61d2d6c24586526b706171d64d8828e638fc532,0,1,0,0,0,0,0,0,618,408.34
3506,72a74c3cbbf32e3dd1313bf1252b09578ad38615,0,1,0,0,31,0,2,46,603,430.98
3507,6352edb3fe0a3a678e83ba11002e4cdde2cac468,0,6,0,0,57,64,5,4,769,1022.41
3508,2d0b14e9156a5dabc92c6e3835d97da661f38329,0,1,0,0,2,0,0,7,30,277.7
3509,21aef92905678f98675fc34aeb4edb0e34a1d6af,3,9,0,0,103,25,12,18,954,2858.87
3510,2820f050db002d653e3e6474ea5351db198ac71b,0,1,0,0,6,0,1,2,207,257.39
3511,760214577c1ef9534d84402f51c2ad4d2a914aae,0,1,0,0,0,4,1,1,209,280.1
3512,b3915f51fd85ff3e62abb2b57e790f81450e9d21,0,1,0,0,0,3,0,0,96,135.77
3513,1280c6c7dd7103955a728f8f274f26ab6f85b528,0,1,0,0,0,1,0,0,26,138.75
3514,a4fab90af0063110e1118fb69b9c5923a415b9d3,0,1,0,0,25,9,4,15,216,359.43
3515,b993eecfb033d01345718d396a2c32c5120b5e0e,0,4,0,0,17,9,2,8,807,728.96
3516,aae0dfc92aa6e17e1b977788ec8a4280cd4fce42,0,1,0,0,19,1,3,2,358,445.18
3517,55d5c041382a3185387def648f6a7c7a76847f75,0,1,0,0,0,28,0,0,183,154.23
3518,95b833d42f9b6bec8f18aa0cdeca42c620b360b7,0,1,0,0,0,0,0,0,49,125.67
3519,f74ed12a70ba0e59efef20a2207ef6bf4df0ae04,0,1,0,0,16,0,0,6,241,230.3
3520,8aaaacd09d8e34c93271383a0c86ecce38ef1965,0,8,0,0,25,9,1,3,525,1391.36
3521,45c8f53a2c42f48317110908734119a7cb24baf1,0,2,0,0,8,2,0,2,74,284.65
3522,e6530cc3723a7d2fdc84400bf8cd722474eed589,0,4,0,0,15,0,8,14,1962,1690.45
3523,930fdc59ecd5eb5b1e3e45d85fc8c8c65f205efb,0,1,0,0,1,0,0,0,1499,952.41
3524,b4e47bca8c80de488a305ce679d2bbece5da7e9c,0,1,0,1,0,0,0,0,218,420.39
3525,ced78f3c405419de02559556d6a99238fb711b1c,0,1,0,0,0,0,0,0,30,114.89
3526,84bfdf27dfbd8aa3c030fd77b188c245db9bf705,0,1,0,0,2,0,0,6,218,233.12
3527,9cf915fd464b6f8a6aa9d54a762ad8796872681a,0,1,0,0,35,0,6,21,561,441.93
3528,5868cee0f4766afdf3b0fec78fd1fdbe9d46a74a,0,1,0,0,27,6,0,11,669,428.14
3529,f17fbac1934721c4a90c86745f8481b2d8a8b223,0,1,0,0,0,0,0,0,596,373.93
3530,f422b98140dcec99d93858148415d43f01fa70d1,0,2,0,0,6,16,1,0,446,473.3
3531,71a50b73d274a4878feb5446ee79275118a87560,0,2,0,0,0,3,0,0,449,349.4
3532,2ce8274c600dba00228c4c14116840a8ec6dceb0,0,6,0,0,24,13,3,14,833,957.66
3533,80d7d43e2952d7612ab4406bca800c2b6f30c85f,0,6,0,0,36,25,5,11,832,1247.49
3534,27a816e5ff5e605e9154bd5a32ece7e112dbc30e,0,1,0,0,3,0,2,0,135,294.66
3535,ae76bda569442ecc7ee06d50a5f26b21f04b59cf,0,1,0,0,0,0,0,0,916,384.88
3536,de5575790920364561ac476b3dabf534cdb36227,1,1,0,0,0,0,0,0,130,303.87
3537,0240cc9dfaac62660af61bfee2df42f71a1d4b3e,0,1,0,0,2,0,0,3,143,267.82
3538,98dc41393fc6cc2b2b8756f6d8b33f86c45c0726,0,2,0,0,20,10,2,4,276,475.51
3539,bc2dea8b67e783514f42d148541043c3d9fed1f3,0,1,0,0,5,1,3,11,60,304.21
3540,dd8506836ccdeef16a5518fcf2b605084c0e7e98,0,1,0,0,36,16,1,10,515,866.04
3541,dcc4793036809383a1b9ee2d7d186f34d8f01365,0,1,0,0,0,0,0,0,12,177.16
3542,4725bf71e18550ac60f90d9c3561d81c38894124,0,1,0,0,6,0,0,1,261,222.49
3543,57998976f0024776bab6b2301f2436ea60e38fe0,1,7,0,1,18,11,6,12,805,2467.5
3544,a4add95732163ffe9b15f49ffd250379872d47e4,0,2,0,0,1,0,0,0,91,470.94
3545,67c26d4715a2ad699eccd749971671aa7e487a4d,0,3,0,0,1,4,0,8,375,432.57
3546,88b48df21d0bbfa7412a66f6ecf85ea0a0932368,0,3,0,0,20,15,2,9,513,631.28
3547,09e54430d57647178bfae911cf0f5de1c64f335b,0,1,0,0,14,0,0,2,268,441.33
3548,b1c60d2b33815d7ba2136b5c3318f7dbae3ee062,1,17,0,0,102,9,40,95,1034,2087.6
3549,44f4cac62e33238461274b6aec6790d623b70484,0,7,0,1,68,97,16,20,1487,1529.04
3550,8bd1729833882474722e80b5a76dda8d45fce5ce,0,1,0,0,0,0,0,0,228,157.32
3551,67dec69f53d2bfd3818fea4ede40e5d5a6b2356b,0,5,0,0,49,25,6,6,490,758.59
3552,5bcfcbc3ed1bbaadcd0f6e373d0d207db38ec6c2,0,5,0,0,51,69,1,4,283,602.94
3553,583cc97f3bd587e8cb1ea00731793dd416dd115c,0,2,0,0,2,1,1,2,1378,745.43
3554,8674784932ee80d06d3df6526fabe74e1bba4dcc,0,1,0,0,4,0,0,3,916,543.37
3555,76ada1106f6a8306c1f3abd3b334380d4e4818d3,0,2,0,0,9,21,4,13,2399,1211.0
3556,893d1da990b4f31462ad241dc0c4b6a91cf3dbee,0,7,0,0,97,8,101,78,2844,2078.51
3557,9688a79d0c315395772d15d92e051d00e18b966b,0,2,0,0,47,4,0,2,107,444.99
3558,e0f4c7cccff023140b33ae2223fbb2f36e20265f,0,5,0,1,59,55,1,5,592,856.36
3559,e7d323009526fd3ef7347537eddb168809cbc5a6,0,1,0,0,6,0,0,0,596,397.74
3560,45ad66895d0e5b99feaa74ec061b887c1a9688a3,0,1,0,0,0,0,0,0,116,631.02
3561,2ff33abebf2520cbff50f4ade8a717568349edd6,0,1,0,0,84,71,11,36,526,632.08
3562,4fd6fe3fa6a1371f5f9c16a7199fbf81320d98c7,0,1,0,0,82,48,11,30,562,545.91
3563,9a8a8902b223db00fa18c55ecf8f33c269325ea5,0,1,0,0,4,0,0,0,24,153.72
3564,aa2c28eadea7009361b46d95ee86a46fff291c0b,0,2,0,0,23,45,22,42,518,440.32
3565,2e7d1f83f53d0aa2ffc52af6d8531c0355318484,0,4,0,0,93,34,5,11,2459,1822.05
3566,b9df12c173ed62a3c367bbee919b056d349e6b68,0,1,0,0,0,0,0,0,109,142.47
3567,df8f823ef4c73920f2b52085c5235e214bfa3bf8,0,2,0,0,48,86,11,29,810,548.68
3568,a2bdc8ff9c88b2a6062f23cc5ae1d4931163538e,0,1,0,0,0,13,0,0,96,197.94
3569,c716fc7fa03c75f9029d35a2b80ee729f605814e,0,1,0,0,1,0,0,0,164,169.06
3570,e85afdc5b6a691591834bd32f766087560c60a39,0,4,0,0,66,38,4,21,1990,1390.41
3571,19a45370da1d46ffc6bc609181648170858af6d1,2,0,0,0,0,0,0,0,0,486.25
3572,84a1d6059bbaab375817a33179bb8de63121176b,0,2,0,0,31,54,1,2,245,1813.86
3573,629dac6c8aeeb5649ebb640ab0c6334b24eee85d,0,1,0,0,200,0,0,0,618,1668.07
3574,346ac03c29cd1fe763bd01077a5e0c59f12181b3,0,1,0,0,43,18,0,0,131,1267.18
3575,326312b5db746ecfac19275d560a19c1bfc6362f,0,2,0,0,0,3,0,0,822,622.87
3576,200ba86477f49939630b75f989afe07a2d91185a,0,2,0,0,3,0,0,0,771,647.15
3577,c9a13c3c452d3e9e49bca158da93f9a9bbae7379,0,14,0,0,83,34,9,27,23863,13831.02
3578,13f8eee99d0acb7063eab5dab7a8980d1b71a3b9,0,1,0,0,2,0,0,0,674,537.98
3579,d569f873de40f0336a9a34e260c1942866e48950,0,4,0,0,181,14,12,45,549,2713.01
3580,7f6cc5ef6cad831061dc5cb75f5623f949ab7ca2,0,1,0,0,24,1,0,7,584,1011.7
3581,0091af932c6ef65a0a5917f123fe24398b79c079,0,6,0,0,201,34,4,8,656,989.04
3582,ff1ba870726d9c0de24ff8dad3e23aa96465290e,0,2,0,0,147,191,7,39,1596,1207.72
3583,202f3940dc35411f9b2351a026e859e487b94591,0,2,0,0,18,23,3,21,715,607.85
3584,6a6b7ec1f00d8084fb29379111a798c09c35e6d6,0,6,0,0,84,98,9,54,1646,1611.27
3585,8c09e87e40020139611088cf836f8f079bffb0ce,0,1,0,0,207,74,12,56,1374,984.26
3586,4f9fd76db3b63cea98426097e424524dc07237ad,0,4,0,0,138,36,11,85,2575,1577.42
3587,201fe94413db0125d73e01afff45fa6bd7b295a0,0,1,0,0,26,0,2,9,1574,800.94
3588,e220efa2a87c8232d87bdca9f2a02cfcef9f1a4c,0,1,0,0,2,0,0,0,687,380.91
3589,7af91424d9b2929a72138c3f8ee75e09256aa5ef,0,1,0,0,106,119,3,3,176,463.03
3590,8f40f38e1a2c4ceb0dc07089dd5ccbf036529c67,0,1,0,0,23,19,3,17,670,517.24
3591,864e03671abf3e99410175df21106efa1a463772,0,1,0,1,0,0,0,0,125,327.97
3592,8d6fe24ce490847aaf3fdb472095279850bbfbd8,0,1,0,0,0,0,0,0,760,503.61
3593,655a76face34c18370d49c4fb0a1232395187ea1,0,1,0,0,13,0,2,8,693,583.02
3594,41c9ba63d624d1d6863b67a0cbcf4144bfbea29c,0,1,0,0,0,0,4,4,220,330.68
3595,d0d1b2cf3cd2bb2ddf66aa9fcdab5566954683ab,0,1,0,0,0,0,0,0,220,191.37
3596,795174611b7a9bea4ee2d64f8640c8bfebe07cfb,0,7,0,2,100,53,21,89,1787,2043.7
3597,f46232c0b02f27c5177bd453a6d0b0f6441c2499,0,1,0,0,0,0,0,0,0,99.29
3598,732d83b7581b89394bd28a8c03124bff733efe7c,0,1,0,1,0,0,0,1,55,182.23
3599,bce2d6c35753929c62a557159f944ace82896869,1,5,0,0,107,75,4,12,532,886.8
3600,27cd2bfda07ac9dc2b336a45aadfb96a168a2d2b,0,1,0,0,1,16,0,0,44,632.51
3601,bcc7f7b0fbd0eabfc1ae985009cce7fca985b613,0,2,0,0,75,78,0,0,62,316.71
3602,dc071e702e20bf49f05b70fd75de0e63474707c5,0,1,0,1,0,0,0,0,95,217.23
3603,7ff8e3c384df32eaca361cbb77632d04cc64060b,0,1,0,0,71,118,13,64,441,500.25
3604,652ae9a6456dd8cdd38e3eebdfbbfad51b2ad197,0,5,0,0,0,4,0,2,605,558.88
3605,203d0d109e00cc6c6cbf076bac70e6cee1a93d36,0,1,0,0,0,0,0,0,172,133.25
3606,5dab451afc6a9b63206bf2428022d641682b60b2,0,1,0,0,3,6,0,0,166,220.59
3607,8227f43a7553d492b63d297733baef38f1f433ce,0,1,0,0,0,0,0,0,169,146.82
3608,3d23188a0e7a526992aa3dcb756e75d7d0870fcc,0,3,0,0,0,19,0,0,326,371.82
3609,7d857e68a484410140e8ed7ada0e16553972e87a,0,7,0,0,6,4,2,17,1312,1795.6
3610,c3fdb6cc915a69fed2f96b28b1acb291074b22f0,0,1,0,0,0,6,0,0,698,688.07
3611,c517c628f882593c46ba467d4f7a0f4dcb308ab2,0,1,0,0,21,14,17,49,1586,1088.69
3612,7588f74d01afe5f65ee3ce7afe2b4423ece0970d,0,37,0,4,327,129,28,74,5427,6722.77
3613,844b9c46c9ceb08a52da7738c8312e8c0b599737,0,1,0,0,0,0,0,0,42,214.98
3614,8b6ce324bf35210196e0f0ec0665ba87b0f3991f,0,1,0,0,45,100,2,5,153,292.13
3615,953bcb345d46eb982bf97a285c00c4dadbedbf7a,0,1,0,0,106,45,2,6,153,328.76
3616,1f556183bb7cbe499799d0b5ec3b79614f9eb91e,0,1,0,0,1,3,2,3,256,277.32
3617,f775e624281c87c483bb36d271e21d55f0d1ca00,0,1,0,0,0,0,0,0,257,148.81
3618,b93960e2899c9238a46545221ebca71771a9627d,0,1,0,0,0,0,0,0,80,148.13
3619,bef8eef1b12b6ea8e9f6ee3ce12547c7302d7bb9,0,2,0,2,11,0,0,1,164,502.09
3620,8e6962f018aa9e5ec0ce38bd9c6ebbd972d8a515,0,1,0,0,15,41,3,2,333,666.5
3621,afb2c00e5864e9a7b60a1ff4b60740c321faee28,0,1,0,0,41,15,3,2,333,349.55
3622,22fbc4e413da1c61f6d0381be8cfa9972a4a1385,0,1,0,0,51,0,0,0,215,193.51
3623,f199fa39bb7a536a203a5154de24ae67c137ec23,4,12,0,10,79,48,0,3,669,2544.0
3624,dec5eedd38cb64093a965ce96b22c50bc5397b11,0,1,0,0,33,24,1,12,674,518.29
3625,115f380a86912e5918f534db2ec2935253909fad,0,1,0,0,0,0,0,0,158,184.35
3626,ce368f812cc494e13221a208aba20f91019716e8,0,1,0,0,0,0,0,0,158,181.65
3627,9fb63a2f93997ffa5b70a291f5045c7f6100eea9,0,2,0,0,0,0,0,0,281,235.87
3628,5e5fbc6853468e47abe5d25817be1220e90c980f,0,6,0,4,172,47,2,53,848,1702.53
3629,ba231f4eb53f01ceb297f85d52592600f14a9bbb,0,3,0,1,38,2,0,5,259,820.37
3630,6ce498f5ad5879fdc58dc0c92af6cc52002fd198,0,1,0,0,0,2,0,1,168,177.57
3631,d14717504ba1e05e06c6a820166f0c86b4c4f6f5,0,2,0,0,0,3,0,0,224,266.08
3632,1124615a65329a4991a5a610fa78af56b0502627,0,1,0,0,44,37,1,2,83,465.82
3633,f5619bbfdc7e17e33fc27c9e2d06293cde14c800,0,1,0,0,6,0,0,0,174,234.45
3634,a343c85b79419d47a9fc05eb555fae7740bfbfb5,0,1,0,0,0,5,0,1,219,266.84
3635,7db46ef80acc567a6ac3e4edcfcf39a6b22b73fa,2,4,0,0,25,3,4,9,638,858.38
3636,413a177dfca61123813ec3e77592210d3c33fa74,0,1,0,0,0,0,0,0,56,113.53
3637,f41684fdef7a9e8628cb40f66c13a88fcf7502e3,2,1,0,0,3,88,0,0,0,420.88
3638,08b3091914e99cc3c4ebded66184bb0882e5dd8a,0,3,0,0,29,5,2,15,899,577.62
3639,0f52874ab5fa857e8f8ead1a52fbb5f0ff27027f,0,1,0,1,0,1,0,0,35,244.18
3640,dbf99d6740917cdecc342d84e1e3bec03613d8ba,0,2,0,0,27,201,12,61,938,1165.8
3641,a89ef1ffd4cd2ee39a2751f37044dba3015d72f1,2,3,1,0,172,26,0,0,42,737.6
3642,8bd1c1f86e875a34cf717c95706a29955fd6d2bd,0,1,0,0,0,4,2,8,255,238.86
3643,3925aba84260063618bf85db6d51b409116f4050,0,5,0,0,14,40,23,39,1521,1099.21
3644,58c5533e956cab461a4122e63212cee1f8275713,0,1,0,0,0,0,0,0,468,234.22
3645,99605d9f8db9a64ce58a738de5aa236103ec8f66,0,17,0,3,463,157,59,138,3283,4248.37
3646,44f599866aa09bfa6ee07fc0f5beff2ab5837568,1,0,0,0,0,0,0,0,0,163.95
3647,d9c70e1d321c9428ed618790e6c0b49d6aa0fa13,0,2,0,0,3,3,0,0,750,373.27
3648,e1ee636026ffc1bfde2a500a766ddcfda2a52b4d,0,2,0,0,1,0,0,0,158,285.57
3649,4764a379e295bdc68612359a26bf96a8833823c8,0,1,0,0,20,7,10,23,199,338.95
3650,70754af41e3e3d38f66b55cb7eaa4b79bccc794b,0,1,0,0,7,16,10,22,203,275.93
3651,b0c2fa7a8b6f13b11f5ad6e088e4d2490f51d476,0,1,0,0,3,0,0,2,190,179.15
3652,501d7134f587c333034ccb2607502c23c61d3efd,0,1,0,0,0,8,0,0,107,157.48
3653,846b14019de484e9bf36e8907c48d3518f09e32f,0,2,0,0,157,106,3,5,395,514.83
3654,4e6167da57915e803946f35f039d7a33680f4693,0,1,0,0,90,86,1,0,31,276.0
3655,ad52ce4fa303d2c63cbd9833b7245ab2cdff28b3,0,1,0,0,180,18,12,60,585,682.19
3656,5b6a2b11bc8a9499ac012d745869e3d814cc91ad,0,1,0,0,6,1,1,5,909,566.36
3657,8a1b93d79f39b80979f5403de1fac4f7e8d7cb02,0,27,0,2,434,240,24,44,4305,4885.52
3658,9cd53fba648ae5a30a181f8a06786f33db95a0fe,0,1,0,0,3,1,0,2,487,376.45
3659,d7468ea1444ddf9e1616050e46d4832f0a66290d,0,16,0,0,79,45,4,18,2075,2145.27
3660,e49d140bb72264a503a634d5603c25766c78e50d,0,1,0,1,1,0,0,0,28,719.55
3661,9c80f37d5eb3ec505341347631a430ffc03b0071,0,1,0,0,5,5,0,0,152,231.52
3662,ae6a58fd71fc6b98316cdfcbfaecb74f595c3ece,0,1,0,0,0,0,0,0,157,148.03
3663,73317c4427e25c131a95095781b8ddb3c95d133e,0,1,0,0,0,0,0,0,0,125.92
3664,3282cb5242bc9d29f5492f144fb5d593921779dc,0,1,0,0,0,0,0,0,0,131.97
3665,b475bc69b7e6d08e6d12527578552e67e8c0f88a,1,12,0,0,94,32,104,105,3519,3119.98
3666,e1b10590e84189b92af168e33a63c14c3ca1f5fa,1,7,0,0,25,147,8,23,409,1026.66
3667,769fe895a36868c47101f681f5fdd721bee1ad62,0,5,0,0,41,22,15,51,1009,1123.36
3668,5df7b2512de1f851d2add08d699c948f3d95d9c8,0,2,0,0,15,1,7,4,185,393.63
3669,1e289fa0ebfc1e329e4a047d176d6c35d4939afc,0,1,0,0,2,4,0,8,138,255.24
3670,a9d4e649ffee05d8ce50685bdbc08a6572657194,0,1,0,0,0,1,0,0,79,184.03
3671,b7fdc674a9882db9e46078c0532add4493233377,0,1,0,0,1,0,0,0,531,364.81
3672,ec1c64ab5a00fd9823e6cbb50adbca326669f7d9,0,1,0,0,0,0,0,0,123,6710.58
3673,978d7bb7d59492129aee2747308d55f949003b02,1,8,0,0,23,36,8,3,940,9237.78
3674,7371e10be40d9a01167d36eb2db69526b6b0ce50,0,8,0,0,28,63,7,29,940,1602.09
3675,8e03f7bdf26558dc397628c885c5b6ab0cfde3e0,0,1,0,0,128,129,7,67,518,684.43
3676,76e092b2d3785ac1549f1af16702839bee570c69,0,1,0,0,18,2,2,20,644,566.9
3677,e681a1a62280dca648b8dd1b6a1d386cb1a2788e,0,1,0,0,131,117,7,79,545,637.15
3678,f1711794cf911c349a3b60e0104064adb8124148,0,6,0,2,13,32,1,1,355,829.96
3679,ceca1997d045c8f09b198e73a956bfaddc11485a,0,2,0,0,12,0,7,16,999,600.45
3680,2c69e2ea757be9492a095aa22b5d51234c4b4102,0,1,0,0,21,29,0,2,33,699.63
3681,429fa7a80e22757a55c03e99c27c157824a666af,0,1,0,0,32,21,0,2,33,216.28
3682,19800189d76453cf08af60e21a544729565714ba,0,1,0,0,18,85,0,2,211,249.2
3683,e395307893d93a01e976656f6e0f5cee1acf3c3b,0,1,0,0,1,0,0,0,107,197.02
3684,8b374b206991255bde336911c68a7f988ab62a61,0,11,0,1,11,7,0,1,2822,8669.99
3685,18962d7b28e1d471c59e0e95c99b2a09b6a9402c,0,1,0,0,0,0,0,0,423,2797.07
3686,39570be0fbedb71dafc19c3e6bb2b4f7b98ecb2e,0,4,0,0,996,0,0,0,22039,13557.03
3687,5831fe7936315bb7049a9cf9a4f9b6f68f989b5a,1,1,0,0,12,45,0,1,720,834.5
3688,aba5a37650232dbf10b505c04b257f73b6c9b579,6,25,0,3,353,424,64,221,3735,7410.07
3689,bcec7a5e225ccc5be16c224b397abab267fe2a46,6,22,0,0,567,307,68,278,2962,5328.74
3690,500a529e7dc8947149b419adbac922596bb341b7,0,1,0,0,9,27,0,1,137,269.71
3691,02769d5b69d5a5a7512c0f605793f21750b2c4ca,0,4,0,0,16,1,22,54,473,10549.25
3692,b2dcd9406b779a2ef28041263a3580156b015dfd,0,3,0,2,86,54,1,25,732,2917.19
3693,e172a9b735ef8f99cf45ba86c9850943829d14fb,0,1,0,0,27,29,1,2,117,886.71
3694,c20b33c93775f62a638a8725dc07b00142aae252,0,4,0,0,72,23,3,20,333,2608.03
3695,73a4b4685c61068986e597c1a9adb8641d4de793,0,3,0,0,51,109,0,6,1085,1176.15
3696,93685a4780f2b03319f49a6cba17ef98ea22728e,0,1,0,0,3,4,0,1,72,294.19
3697,203b3ad04b63345373f9ad5473b2b30b8b467b03,0,1,0,0,0,7,3,8,203,322.98
3698,c5df208327826dd197f1a9f743243bcd53de50f5,0,3,0,0,20,0,6,19,347,808.73
3699,c64d975cdf9eebddb04801573035a7272f779fed,0,5,0,0,26,4,1,9,2081,1551.99
3700,c74a871e7a5882802de46550ea5bab0220f16883,1,15,0,0,109,107,1,39,1250,4641.73
3701,1e126dadac0498a8fac9841da6d216d2510a2a1c,3,6,0,0,15,64,1,8,853,5366.63
3702,71845d214babc5a1eba9e9fcfccb898853030f9b,0,1,0,0,5,4,1,6,94,405.4
3703,aa8989d9b98f35a95c988f0b664a0b4ffd232bac,0,5,0,0,72,51,6,18,1549,1793.18
3704,1f365196f3e08c201c7e985ed0a7c0abb9a8c84e,0,1,0,0,48,27,10,26,1574,1083.75
3705,9f643a4ae62200d47fbe64f2b44260b767449767,0,2,0,0,39,0,0,3,2045,1344.83
3706,a02bbf50eb09f1364de21eb41d91e6521610092b,0,5,0,0,285,150,3,11,2278,2106.32
3707,398b1d263379a5b3ae080b3d985e00b032ca1ddf,1,6,0,0,9,0,0,0,2917,1997.03
3708,f1aec3d5f6eb817d883325d8bb9204ce8c91bf27,0,1,0,0,176,34,7,40,526,2065.37
3709,aa7dafaca4843fcd2eea70bca51bd303910f756e,0,1,0,0,0,0,0,0,0,118.69
3710,6ad7d45ad56482707ecd541984894e4e2a278cfb,0,2,0,0,14,26,1,2,388,755.33
3711,1693ee22fe70049ee3dd45eb211fb4f902dc8d9f,0,2,0,0,0,0,0,1,159,1316.36
3712,b43cc362aa568a46bc53e545c68518b0bd350b76,0,3,0,0,101,384,20,105,1445,2377.55
3713,96a46771b287a265a4d9faf61543163e342f6d87,0,1,0,0,188,61,13,70,558,951.96
3714,c565b64fe1566ed29a260ca0ff0b777ed533c717,0,1,0,0,61,188,13,62,558,889.61
3715,f31dbee7d60c1f8e343ef16c68360af8c9485733,0,1,0,0,188,61,13,70,558,797.63
3716,0ada184628b4a1c86b35b73c51d9eb9f635f7ca0,0,1,0,0,0,0,0,0,746,440.1
3717,84c06577dcfdfb227c2440d6100515e6f05d698c,0,8,1,0,208,54,10,45,1094,1750.12
3718,dc97a8ff524ce9fa56e3dc0932d9074006495596,0,9,0,0,34,23,0,7,1643,1611.54
3719,117d91ae2f13b5f6e602c754820973a5ce47d888,0,3,0,0,69,203,15,43,761,821.76
3720,ebae28ec27e14083026cc9006381a0fe3e7c703f,0,2,0,0,201,63,15,72,1055,1440.58
3721,98eb543a9829c1e857612edc6376a192f7ce4cff,0,2,0,0,30,20,1,0,241,2175.91
3722,ef8620f8839f7f5278dbfb5b817c3656396966a4,0,1,0,0,0,0,0,0,291,222.24
3723,fa9bbf7e196835ea9c4aad684b840aeac85e8eda,0,1,0,0,0,0,0,0,703,417.36
3724,103d9fba48cf2c486b6bcde11877c1ffb1158aba,0,1,0,0,13,6,1,0,69,506.4
3725,db45670a3e0650738fee52ebba5bbe9b43af26c0,0,1,0,0,6,10,1,0,72,323.48
3726,ccca5f1e39c220ddc7ce68883622667229e28113,2,11,0,2,68,21,1,5,1639,5427.58
3727,2d76556742998ca332e562aba3398ab49c803d67,0,2,0,0,8,11,0,1,1012,1722.71
3728,ee4a26d8659f4ab09d2646de0b68d39db958bdb9,0,1,0,0,118,131,7,88,549,2862.56
3729,b03ae12cb58da9bc77dc88151da47d26223051de,0,1,0,0,15,2,5,16,201,1209.87
3730,e752de96f7e3ae676b5dba0564e1321d6661a0cc,0,1,0,0,0,0,0,0,216,306.9
3731,16f3d33f3356b1694bdd448db7c3d3194d6dd064,0,1,0,0,0,0,0,0,130,266.88
3732,b781ee7d52c9f30136ae2ce851c4af6def8df38e,0,2,0,0,0,0,0,0,88,721.07
3733,cc68336cac161156abc0c37279cd8e91df226643,0,7,0,0,58,15,4,10,2894,5361.81
3734,822ee88a38b3862d60b50748382ddf7957907cec,0,1,0,0,1,0,0,0,97,194.09
3735,988ea81d409968614d84dacb3a022dcb156172c3,0,3,0,0,47,40,4,6,412,2282.73
3736,6ca75ef9ba0fff52741f25b1b1350a0c10f17b68,0,7,0,1,1,9,32,34,1301,4163.04
3737,0b94b191d803f2a59e39c0e14fca45f5fb2ceb65,4,4,0,0,67,7,1,13,3176,5156.99
3738,480cb2f5a29a271b91008becaa68a7c11caf2024,0,1,0,0,6,0,0,0,61,455.12
3739,c7ce11f0031c81311a359de03380860fa4e366a5,0,1,0,0,13,0,1,10,1438,966.19
3740,c710edf07b8bda7c2456fa615ce61a7d490f89a4,0,3,0,0,67,92,12,48,660,2333.14
3741,ccd1a3d38c998d000b2ff12df9045425932adc17,0,2,0,1,4,0,7,11,659,708.34
3742,732d82b4d4f66f5ae45c7eb24912d612f4505c17,0,1,0,0,15,0,2,5,210,1143.14
3743,297f530c246a8dcfa3372d33204f17c2edee7b45,0,24,0,1,2526,257,26,146,25787,16267.77
3744,5dc8ba837a706be7f4f8e180b9bafdb61aa4ccac,0,5,0,0,36,41,2,23,1090,1162.46
3745,e05a5fc12648f315002c9939a2a0748d74525589,0,3,0,0,10,4,0,1,317,536.71
3746,d41d5f6db29721726765723a1cba8d38bb52ce22,0,5,0,0,13,15,0,6,1494,971.93
3747,5eb53085398af4d30002785ee21f50b894208735,0,6,0,0,35,0,0,1,3452,1691.91
3748,ab13579a3cfde211437987a889b25f8ae6d94725,0,4,0,0,16,12,6,25,411,684.27
3749,6ddcf0388b5e968b52ec3dee5b2d9a4482e371e5,0,1,0,0,142,169,10,81,530,807.8
3750,59a6a5d82dc088dac8f1d98bc48a6426d75dc1a2,2,3,0,0,16,0,5,11,240,827.41
3751,447fcef48630ea3f60a2c97f76910dbfa1a334f5,0,1,0,0,0,0,0,0,98,170.77
3752,88ae22f3851fc253e3d02b34d53ea56c7fefe97f,0,1,0,0,0,3,0,0,95,188.98
3753,7833db26050eafcee928f6ca7b8becf64a9c5563,0,1,0,0,5,0,0,0,250,194.5
3754,637af9d78272d4c849d865a5cfe4b041ba86f35e,0,3,0,0,42,6,6,4,1029,916.26
3755,d170a7a99dfc04499e8bb8cbca0fc4e14aa1fc26,0,1,0,0,0,0,0,0,12,160.97
3756,5df99327e6c3b7cf809f6a5088580ae8dad5e669,0,1,0,0,0,0,0,0,98,160.16
3757,e863c2b71cbf917dde2d0c5f236b749f0070c1dc,0,3,0,0,6,5,10,27,726,574.33
3758,2ce7b9b3ada14182067c934c475c6ab899086355,3,6,0,0,105,102,27,82,774,1916.73
3759,eff4b686653fb15593c7fecd2033f60b65c9ee8f,0,1,0,0,6,0,0,2,672,400.56
3760,0d44159e63a2f5b56d621ba71a2f3fadd7f5a301,0,1,0,0,1,0,0,0,228,987.73
3761,d54a93f2d4696e146ef7b58cf81c40a66443058d,0,3,0,0,0,0,0,0,170,348.65
3762,8b00f3a258fcc04f0350d4f46760eacacbfed3df,0,8,0,3,67,1,0,1,633,2893.13
3763,d5ec013cee4f3d923d9618694716a265ab04fe1b,0,4,0,0,27,15,2,7,2797,1445.91
3764,2a91a48181b269684d491d961a0c513bf81baf25,0,1,0,0,59,23,12,36,448,539.55
3765,b7716c76b338ad8eea0a19822ec9ba99de1699b6,0,1,0,0,0,0,0,0,287,180.5
3766,e232407adf534e54950c2766347d4a0321c039ad,0,3,0,0,21,32,3,10,189,546.43
3767,e3f642b8c50db3af3f398d40dbad26f4c417eb16,0,2,0,0,0,7,1,0,532,386.02
3768,c2a8f1288f8985cdec374c88a063ac84cec60181,0,2,0,0,0,0,0,0,1041,465.53
3769,11f7d72536c3acf2ecdb255ddbcee545f29d6742,1,15,0,0,221,58,15,49,2752,2893.15
3770,074f4befaa0e5b7a7a3bf8dbaabdc3388ff61f8e,0,1,0,1,0,1,0,0,121,501.1
3771,8264eb21ccb20423ff7bdae0fbef6d88fe2b2529,2,5,0,0,52,127,17,26,768,1210.27
3772,801d7d3f5c5ce31e1335d2633e82111faa512716,0,3,0,0,12,85,1,7,1394,1378.38
3773,5b5b20a8787ef004751e8c7ee18a31e8b30d1fab,0,5,2,0,20,31,3,8,789,972.03
3774,fa56af1336073ea19950b37d2403a761690d0ab1,0,2,0,0,7,7,2,11,119,412.46
3775,5160de59149b61ffb8f63c133c64d899fcf33130,1,0,0,0,0,0,0,0,0,184.99
3776,7a2b45ae4205572e6b8b4309bbac80859c709c2b,0,2,0,1,14,0,4,11,139,734.22
3777,b7296316d992d87ddd1043b19388ce1c1fec5a3a,0,1,0,0,10,28,1,8,1423,992.08
3778,0d12493721fdf3212ecfe58a341ca07ba83453cd,1,1,0,0,0,0,0,0,216,316.08
3779,52ecf41d2d48be2bfb5a92f743275951e6a2a982,0,1,0,0,2,15,2,0,154,215.38
3780,488f83466c6e30b5f432ebe496d6db0c8986634c,0,3,2,0,1,13,19,18,243,1568.72
3781,ed6d24e592b3d84cac520295a5ae9f1161e2d829,0,1,0,1,0,0,0,0,13,928.64
3782,f34bd79b9a92f23c1fc5e185e074d7faa880fc0b,0,1,0,0,0,3,1,9,288,1341.48
3783,2a3076bf77d063402c5d3afa93e1398a1f03833b,0,17,0,1,208,355,21,89,2221,3347.03
3784,4f5d072a28ecca654eabbc9a88f5a18a51c4e0b3,0,1,0,0,0,0,0,0,775,410.19
3785,f75026a17fb6f4437b808b76f4adb089d1321743,0,1,0,0,0,0,0,0,234,226.42
3786,9d58b71583b4de7228a1cc106f02ecdad8778efd,1,1,0,0,0,46,0,0,27,498.86
3787,4355aa877f29b653614cb801a2b57861f4cef428,0,1,0,0,18,4,5,12,607,552.81
3788,63a5e4ef892d4a11edc0e273fc9440e7c43e944c,0,1,0,0,4,1,0,3,624,483.07
3789,4881221363f984ab6610756cab38e1a016b79e15,0,4,0,0,41,29,8,16,701,1336.65
3790,f81864ebae0f7e098a21ab957921a7a3f4ad1b3f,0,3,0,0,64,21,8,13,369,697.77
3791,5c5fe91f3a9e05bd51e1582818643a4e85c0cf35,0,7,0,1,55,39,7,19,983,1217.07
3792,5e91088040a05599c2ba1a01a147fb881b368069,0,1,0,0,3,3,1,0,157,250.18
3793,fe5e4aef2e463acc157b41ef4a7f9fab9a61050e,0,1,0,0,0,3,1,0,157,202.87
3794,3b8bff78d40804b37fa0658b0a8e4342dd98366f,0,4,0,0,197,162,15,112,882,1212.57
3795,d525cf969c042b21a9375446f5449ee82d7d1484,0,1,0,0,1,0,0,1,1724,1040.32
3796,18acbef1356e1130f816eceacdff49c9ebf3c50c,0,1,0,0,6,3,5,45,696,525.82
3797,4376ce702182aa1e97761f995595a73b9ed745d4,0,1,0,0,0,2,0,1,136,204.38
3798,8c471240d0ffafeef53df2fd69693294257ed730,0,1,0,0,1,0,2,5,91,225.32
3799,b8874ad1a892cfc45c87ed1187d43df356f48315,0,2,0,0,29,25,1,2,138,328.41
3800,f5dda349b36521819d26402661e1a9e5b9f76d03,0,1,0,0,1,0,0,0,836,903.35
3801,954dc5e5b7475ccde4001526312b430e2afa8bcf,0,2,0,0,8,7,0,0,186,271.87
3802,eb775fe7c225699a8ea61901b6dc887716780909,0,6,0,0,14,34,16,34,2887,1982.57
3803,c866c805b3d379794bc063dfe3f300f061d01d68,0,1,0,0,4,0,0,1,68,185.54
3804,1d489dc5599efbc2283786e9cc6d466394dff213,0,1,0,0,12,1,1,1,26,262.07
3805,ffbcb4b11b40c52253b02098ca0225b9cf426cd2,0,1,0,0,4,10,0,0,43,173.9
3806,8495560c2ba71621ab4326de7a87e9f3222ab8e4,2,11,0,0,225,23,24,47,1562,2007.68
3807,e400d0eca27f3c00e36e3871a30ac5c97891abbe,0,1,0,0,50,36,8,41,892,662.89
3808,1b8c47524029b37e7f9309bc1d3169769e5fee62,0,1,0,0,12,0,0,1,47,218.26
3809,487c9168fce9a40f6906ee4a7ee250a9bd390fde,0,2,0,0,26,33,1,3,123,296.73
3810,e63a1ae1c00acf130d33c1e8161f66a194b9bfa4,0,2,0,0,29,22,1,2,127,371.67
3811,a28a2ba93764c602268d17ce4e5604ba179428f4,0,3,0,0,8,0,1,3,732,492.62
3812,0bb3a064f3dd34823145124360c049f5d29b91ad,0,1,0,0,12,0,4,10,255,257.47
3813,533bf3f6a8c3a1802c5a88a79dba34027a60075a,1,7,0,0,869,3738,39,114,23911,10901.12
3814,f22e2c4596d67138b3da64d3b163743cbbbf82fc,0,1,0,0,0,0,0,0,120,163.3
3815,81209f1c80c61f6965391e04510bb57f5d25a95e,1,7,0,0,3784,195,36,150,24815,11155.92
3816,a58b87020b4315eab48482666450049fb7cf0674,0,1,0,0,0,5,0,5,219,243.82
3817,95fb613bf996c715392f9aa1f491609b6acaeff5,0,2,0,0,113,238,15,48,611,792.81
3818,69ad77d8c6a1e2c78255d54477798d5619a3a84d,0,4,0,0,25,5,0,0,2143,1386.79
3819,269c0cdac3d0457e6f00f6f055b5aa280a21e8b2,0,1,0,0,0,0,0,0,372,201.1
3820,8c99a376980b90faf7b1ca1aa33d9fde0a356cda,0,1,0,0,3,1,0,0,20,672.08
3821,312ca136a78e3335ffa869af518dadf0badf6121,0,3,0,0,56,8,3,1,372,636.57
3822,5eb9e1c1576edb90f5b6e2ef975686e87a8c93af,0,3,0,0,0,2,0,1,426,341.62
3823,880334b6368ef529827864efc34a18db6cd5e9c2,0,3,0,0,7,48,3,1,378,468.1
3824,36b40be64f56d1bffb31fb75b9a0f11b586686b4,0,13,0,1,86,99,19,76,2512,2476.06
3825,95f94a4da0b31ffbf6f8c1e17e720b5e3ae70e91,0,64,0,10,446,186,30,155,4872,6313.97
3826,0f255da32f23b5e00dcd08dcbd8bca02bf190d8e,0,1,0,0,27,0,0,0,149,191.31
3827,0d10424a7f577c9f7c654e87f05e83ad36373e35,0,1,0,0,0,0,0,0,937,479.13
3828,6adf52c94d5c819bd1b4c38be9cdc234d40aa1fd,0,10,0,0,16,10,5,24,1398,1292.4
3829,c54fe4c41e18ffcedb3a849aead4d7576cd73167,0,5,0,0,3,0,0,0,563,440.72
3830,10777f2cc8d0ab51fd760427a6f11a1d41aee596,0,5,0,0,10,0,3,5,307,572.25
3831,14afcc7d76f9b60228f4c76b696294835027c1a4,2,1,0,0,0,0,0,0,47,540.58
3832,438e75335f57d5cb8c60e42c21efa8adbb900346,0,1,0,0,0,78,0,2,180,187.29
3833,98721bfcaebd90672a7a94d566a07ca1619152d3,0,2,0,0,2,8,0,0,68,221.58
3834,af97b0f3ae080b01cbf1a3db934087082eeedb89,1,4,1,0,0,0,0,0,258,402.29
3835,900e62177282c969c0771ae7757653f2ea60f982,0,3,0,0,19,3,17,40,1556,907.57
3836,f593717ace884befa16e6753942c3f734c88f379,1,1,1,0,0,0,0,0,305,299.18
3837,f3b636fc24e1b00f299a7c4ae29995d680c99fad,0,2,0,0,13,13,0,0,999,446.54
3838,ab2614ca15c509fafdbc3ba084dd9c1e85d6660c,0,1,0,0,2,27,3,0,42,201.04
3839,171c661e773bcc0f50dc5ad09290eba700e4d00d,0,2,0,0,0,3,0,0,982,429.31
3840,a15500e742b7c18804ead7ef338d6fa39b9ba984,2,39,2,0,248,137,37,76,7510,6515.93
3841,37cf942c1128dfff392ce2947cc4c652a957c318,1,7,0,0,15,9,0,11,2528,1604.06
3842,38bfc6dca06bd0192167ae5e9bd51d593542f03e,0,6,0,0,83,52,13,40,2522,1858.37
3843,7ca60b464651af3a3ab47b3449594638d8bec83f,0,3,0,0,19,5,1,1,842,758.03
3844,b8be661e7367dec9888d84018591905c2717a6a8,0,1,0,0,0,0,0,0,5,113.38
3845,63a8bfe030ece2497c839bb34148b73e416466f4,1,6,0,0,81,50,6,29,2205,1480.83
3846,99b245d3184c26bd29f4e17120a55bdb1a4b2912,0,2,0,1,8,63,3,1,122,350.16
3847,a850abd16e2d87200e942e9523548f17ba3a6e7b,0,1,0,0,1,1,2,5,1779,976.23
3848,3b0aa84ca3d70caeb2d818989ba9145fd836cd04,0,3,0,0,2,5,0,2,355,426.21
3849,d401d9f1deaad08ff0a76e3795ec4b1c0fa72421,0,2,0,0,10,9,7,14,178,333.11
3850,dc37dea745fe89d70819d649c823d9bfcb0d7577,4,18,0,1,55,11,0,1,1639,2289.79
3851,25f8b6faebe9e0b9f7ccf3bb18492e9542727612,0,3,0,0,1,2,0,3,378,383.44
3852,a653dc818aacb1bbe2979a21107725d8ccf8eeeb,0,1,0,0,0,3,0,0,18,149.46
3853,78d6f64f33c592890051c690ddf5d26b7b2af027,0,1,0,0,0,0,0,0,37,118.29
3854,998131635c630459e6bc8bf898788d4d7c752e9b,0,10,0,1,0,9,2,0,27798,9605.36
3855,110f69c3b857483162c7e86c7ad63061a13dab7f,0,3,0,0,239,527,30,63,2156,1707.77
3856,f0114cfe7ead3ada6aa3525a9be8ea7833d42140,0,1,0,0,62,41,12,10,317,458.46
3857,a412ebd5b863a2b1a8b3bd16f89d3f90d203cdba,0,1,0,0,43,62,12,11,317,374.12
3858,c7399e97e83cf737ead696fda8824de1d3487afb,0,1,0,0,0,0,0,0,360,222.48
3859,3d3d93cef4e1d078eedefc67c5890296bd19567a,0,2,0,0,69,44,12,10,378,499.52
3860,c1d1ab7caa23293b0cd5ebe40a04ad45f81fb2e2,0,1,0,0,2,0,0,0,253,676.49
3861,f725ed1390f0a9eb049b0c7c4761073e9a55f124,0,1,0,0,0,0,0,3,167,174.96
3862,a37c2564f80af99f5652c621d12dfc8c96e4c2f0,0,4,0,0,25,12,7,16,1307,805.9
3863,2fb5e2ea11c109bfd687836cf2b22b37b33f6893,0,1,0,0,0,0,0,0,943,423.53
3864,015358c178da70046c2cb9cadc4b39b0142de6c4,0,1,0,0,3,0,7,8,943,540.11
3865,018ea85df3d391c348f1073b04e78d77a65798d2,0,2,0,0,2,1,0,0,1069,588.94
3866,f8e52ea98d10d643e8a8afb38affd9ac95dda6fe,0,1,0,0,0,31,0,2,289,285.5
3867,c51dc91caca823c51a56704f084ce2131ade2eb5,0,1,0,0,0,0,0,0,947,430.73
3868,c7e8a631a7a7b2581c86a1ec33820525392f7a33,0,1,0,0,0,0,0,0,947,398.85
3869,a20edf96118f2557e7f64c7847d77cf432bc6eb0,0,1,0,0,0,2,7,6,146,237.73
3870,617a4ab6fd1ee76820a95de5fe32a5b283e07c06,0,1,0,0,2,0,0,6,41,195.21
3871,0aef004896951372b0d9f7a755d0ad906cc810b2,0,2,0,0,413,115,21,68,1520,1307.62
3872,d909fb4faf7de41b3cf19f19b48f962ab0e6fb32,0,1,0,0,4,0,2,9,264,210.85
3873,3b425b5911c5d610537f8c18222d0c6f59e1635d,0,1,0,0,0,0,0,0,128,165.6
3874,f32110c6c3ad53aa18aff02565722af82f68533a,0,20,5,0,394,756,73,253,2730,3351.7
3875,d564a2f02bcbfd850b51e9eea5297b79a4bd369c,0,1,0,0,169,148,10,88,530,540.71
3876,d7ff10d8293529b4f30e462ffd08aae5aff4bc97,0,20,1,1,80,15,9,19,3619,2343.39
3877,c016b31844668b6031bf8674a01691683b20ef78,0,1,0,0,0,0,0,0,234,155.34
3878,9a89eefe11828bd33e198f447071b06d9852df7d,0,3,0,0,20,5,0,11,1673,874.98
3879,e27a9558737f4f0d18104fd57169f681bcfc1703,0,7,0,0,69,5,1,10,569,858.4
3880,08e289177906b15f28c7a60ddcf6c21f69ad4d45,0,6,0,0,32,0,0,0,1319,1200.79
3881,566e20637d117c2907a4f81197fa59c8a19bc979,1,2,0,0,19,9,11,25,1571,904.64
3882,5c81f4b928b3a94d317c2e3829a07447ea21ea77,0,2,1,0,65,1,0,2,1464,820.28
3883,e6ee1faff6417084dd24466dc4226d0679b3a6f0,0,1,0,0,0,1,13,11,167,232.41
3884,fc5f877fb2c17e3003ba4b31817bd2ac10ee5f6a,0,1,0,0,45,9,10,30,113,296.5
3885,686a17cf444011bd9e95ce73b4ba875cacffe770,0,2,0,1,2,0,1,1,279,497.12
3886,e0a0eb751f01b3deca3a1d02e77913b222453e3a,0,3,0,0,3,0,1,0,662,384.49
3887,880188384f83ef673d5f02099be91e8da07a57b2,0,1,0,0,0,1,0,0,356,227.63
3888,dda7aee34f31ebbb039fb57c0b434291b1e72dfb,0,1,0,0,0,0,0,0,356,276.04
3889,792bd184f57407d2853cd7233c2732eacc551761,0,1,0,0,20,58,2,1,508,405.34
3890,4549a98b4ef6c293c200cbd8e226aee2e574c2c0,0,3,1,0,38,5,4,5,212,450.96
3891,de6260ddcbc5a532a1aa96f648bc44b55dedf6f2,0,1,0,0,0,0,0,0,155,165.76
3892,6773383df800b8b5099b09f1fc71518619c0aa1b,0,2,0,0,16,3,0,1,502,361.95
3893,edcc7f137f573eb6aa38fe4f5b79c22de7811342,1,6,0,0,33,27,3,7,664,1033.98
3894,39066b722607fa88e75d5bc772bd52f1ec8914a0,2,1,0,0,27,5,4,27,108,698.87
3895,91187643babfa9d52ba64161cd109765a1a3a3ad,0,1,0,0,1,0,0,1,1466,760.47
3896,a05f6766e292769fde3b7536e5586cf324a1cb17,0,1,0,0,65,55,5,22,394,504.37
3897,660016658f033875f4a442b5f9fdd5875f610cb9,0,1,0,0,7,0,1,6,690,534.33
3898,6677d075e9cadc073633fd84f810b9fc5174db45,0,2,0,1,20,0,0,3,377,529.47
3899,de7aed52cf5c4f07839d953d498c6722c08bed92,1,1,0,0,12,0,0,0,29,240.76
3900,53943180a4a41ecc5e145d1e08b0ea4a9d849c8c,0,4,0,0,1,23,7,6,1125,1240.68
3901,01c9e1050bfbc6fcd884f1e9814d4c03ba328905,0,2,0,0,31,0,0,2,998,607.88
3902,91a10fa58e0218739e09498c2d90fa858cea85d6,0,1,0,0,0,0,0,0,163,162.82
3903,901a54a6d6c7b6f7276088e67b45f95dcc7b57f7,0,12,0,0,25,36,11,22,935,1799.2
3904,acda52799297ab4676905577e3954df8e7a58ea5,0,1,0,0,0,3,0,0,117,168.4
3905,9dffa57360d4fc08729bb68046d45dcd535bc342,0,1,0,0,2,0,0,1,138,192.2
3906,be559a38b1887ca104baefdcdd98d5f19e886acc,0,1,0,0,5,0,4,59,775,445.6
3907,f1ea0ab8db5d4e1e70f4737b4be4417c19010c08,0,1,0,0,0,0,0,0,112,131.97
3908,c4cca2d8bba20a7651b956e1893727391bf5f10a,0,3,0,0,13,0,0,0,1169,691.74
3909,60027c4ccabaab390dbf4c4bba83ac3a843b3a48,0,9,0,0,107,25,10,37,5745,3147.1
3910,309666b4dddd7e0292d8dfc5661901d9cb9fc549,0,2,0,0,23,32,0,7,2210,1173.04
3911,8dd1d56b4307302bf0ebd1687df28cb3cdd3f711,0,1,0,1,0,0,0,0,3,163.1
3912,a8e848241a5eab8947cb521dd631da91deaa1d5d,3,4,0,0,127,20,15,28,851,943.8
3913,fab61e309fd4ddf312f033f3458a9aa067279090,0,2,0,0,34,15,7,15,847,520.59
3914,edf63d8a5110aaaa1efa708343d1dce071d031cd,0,2,0,0,4,3,1,2,188,291.47
3915,553b9e86d0da87738cbce9c39a5a8de8f5ed12d2,0,1,0,0,1,0,1,5,1758,731.96
3916,b4f2f2014e088b293fc7305f9c3e6409ee428495,1,6,0,1,95,64,0,1,460,984.95
3917,e39bf7a3df66a0062716632e6a3cd28ae1a633cb,0,1,0,0,0,0,0,0,699,314.01
3918,a32eb9f7d2f2868e8154d178e96e045859e1d855,0,19,0,0,44,29,19,41,4693,2894.52
3919,cc166a525bf278b6d6c89de7774ee36a526baa05,0,1,0,0,234,88,15,76,613,687.97
3920,8c24d019fced1bb6039310c192208721462d280a,0,8,0,0,18,3,6,14,4087,2506.91
3921,d0292ef45ad215e3980fc92fe0ef1e9cf5604fa8,0,1,0,0,8,10,0,0,162,215.91
3922,6fb751240013799a13890282e1af1f7dc85d9e8d,0,1,0,0,10,0,0,0,698,368.12
3923,27db966539f6912e38b100a1c7c62b2ab93df8b7,0,1,0,0,0,0,0,0,708,409.6
3924,3a097ccff5420cdb3aa853e3cbc272b2187ebd8a,0,1,0,0,52,0,6,16,68,280.21
3925,f5a4a1dfc5f708141209a4e15d51f82da3217a42,0,1,0,0,2,0,0,16,158,193.9
3926,b44abadafb5e54e579c2e726036ca07c8f74b3f4,0,1,0,0,4,0,0,38,708,510.43
3927,763305b49e98756c3b85cad02cf68c36f5059994,0,1,0,0,147,178,10,95,534,523.92
3928,24cf1d1256dd837cfb9b310195c83f9bb1aa697a,0,9,0,0,0,5,6,6,1601,1127.16
3929,e3f48f2e341fe7425401c42d45bec1e23bd4eae5,0,9,0,0,4,0,5,5,1601,1080.21
3930,a0db8ffc53cdaf85fc991807f9173a8c1269796a,0,5,0,1,5,4,7,6,843,847.92
3931,37067495cfa818b9adeea0c6a08898dbec088c80,0,2,0,0,99,234,15,49,733,782.02
3932,5a3eb1a6c3e61bd217e23e5d1e7c27f03fab4f08,10,23,4,2,462,332,49,177,2460,5064.87
3933,853456da588657e66285a1683ecd8dd6616d6f4d,0,11,0,0,24,52,10,12,3974,2501.02
3934,e4d5d3393767efa2777122254ff2b8c7d7f8ceab,0,20,0,0,82,69,6,33,6316,3239.86
3935,188f0792858167da48f59bdc8f07844d2ef82e18,0,1,0,0,0,0,0,0,384,169.15
3936,40d2ad14b9282ac8056e2a0e05ab8b51c78442ed,0,12,0,1,99,3,22,46,5389,3084.53
3937,6a5c9ed87995059e8cb824608fd5907432fa7ab4,0,26,0,1,133,83,28,69,36720,15202.62
3938,25bf3bf04e9a43006114be520c99a953ac90bb3f,0,1,0,0,1,4,1,4,49,212.86
3939,7abc634d520dc926de3559e234ba38857a51cc26,0,1,0,0,0,0,0,0,50,102.8
3940,ae9faf080d215cb52a5ae6047d155cf38bc9b65e,0,1,0,0,0,0,0,0,119,553.05
3941,f07effb1c3f22d29f1fc10492d4658fd944c0ea1,0,1,0,0,0,0,0,0,119,148.89
3942,85d9ce1ba079f12c1a42a9d402ea3e8f038e262e,0,15,0,0,39,6,42,114,1055,1585.31
3943,b475602be82230ad3d20da8d0b56b99f47b9d192,0,15,0,0,0,0,0,0,1094,953.78
3944,91f36f6dcadcc7260265028e912aeaa6e6129a8e,0,1,0,0,0,8,0,0,119,146.01
3945,2e271233ffeaef9881fdc38704051d4879879021,0,1,0,0,46,55,0,0,133,293.15
3946,0d699016734014761a214261a7fdebb600a499ea,0,1,0,0,51,43,0,0,136,309.13
3947,8a96ec702168430eea7400d41fc476b93c7e7404,0,3,0,0,3,4,5,5,1013,604.43
3948,21581315760d8d6764da120dd07dd9d4cf53093e,0,1,0,0,0,46,6,6,709,415.38
3949,ba8dfe300c6e52766ad7f98afdd6e2ff8e67b79b,0,2,0,0,10,16,5,28,229,327.96
3950,54ab2d2cf5022d23a1682e82b71480e61eb89e83,0,1,0,0,1,0,0,0,144,147.26
3951,5a90123eb5b275e35eb0e5777bae383c41d03b24,0,1,0,0,0,0,0,0,145,144.05
3952,5abeecc8b51b896742403d48019300b68caceecb,0,10,0,0,120,404,45,151,2169,1624.35
3953,d6d4151ee24791aa35a983de1c39cc4f895d6a55,1,9,0,0,407,117,46,147,2111,2072.93
3954,6e61c4cddd51e1a1bae33239e50dc603f3b12010,0,1,1,0,0,0,0,0,3,124.71
3955,c533b888510c1e6f78b9f3100e259a7b784bddbb,0,1,0,0,0,0,0,0,3,90.31
3956,2f3b5bfb2da968b408062d56b9d41ab420b95ba2,0,10,0,0,3,13,9,13,2662,1332.69
3957,7ec4f5a6e5256b135c8fbf7df2eb110a133c159a,0,2,0,0,0,0,0,0,192,186.83
3958,a41b7806a627e5253cead31ae30300f862a331da,0,1,0,0,0,0,0,0,260,144.18
3959,94e37b4e411f043f9950fe3d7e4f6bffe3bf7e85,0,1,0,0,0,0,0,0,120,139.4
3960,989dd44c078bcfd4a1fbe825b104e3b9bce1435c,0,1,1,0,0,0,0,0,12,504.95
3961,7322f8238bb53efbac2a078585c4582cb1fc5e4a,0,3,0,0,10,0,0,4,2805,1291.33
3962,8d55474febf31980f2eb158ae0ff9717b0761f1e,0,1,0,0,58,58,0,0,129,274.58
3963,1ac90589ead4b95a922d783ead75412dd46c0f28,0,1,0,0,31,58,9,34,1420,874.63
3964,248d6266e67bae97a0a6f27776645768704df201,0,1,0,0,1,1,1,0,144,214.82
3965,b49ca58b2a7fb272e21dd2acd00996483a36ddcc,0,1,0,0,0,0,0,0,145,147.15
3966,f91001a085886a75f62c7eef019fd32bdc4c9fe1,0,3,0,0,20,10,0,1,205,444.1
3967,442a7b3a60c5cc765221cc6f07add3546a8e9c3d,0,2,0,0,142,439,24,80,1522,1115.08
3968,c9ce1f0111202044d686f335fc2ebf0fe771ed79,0,2,0,0,0,0,0,0,1664,978.2
3969,36389f7d8d59881cad309b078fc89df5864fd6d1,0,2,0,0,490,180,24,86,1484,1497.24
3970,5e4629793b41674bc4056e87e00eaa6bf30133fa,0,2,0,0,180,492,24,80,1482,1305.54
3971,ec7a5f1040545905016feb18ee5e31224eae624c,0,2,0,0,0,0,0,0,1662,756.4
3972,5b511b62136d3bcb230a282fa433a122d061ee22,0,2,0,0,73,60,5,32,791,778.76
3973,bddfa9e120bdafc204bde97bb51de1f86bf9695b,9,26,0,1,109,55,9,34,3247,4246.81
3974,62b9037d1a2baa859b8bef27a4329f60a3bf356b,0,5,0,0,6,0,0,0,239,372.19
3975,dbbca5e296d969550caca3519125dfe9f3f9a657,0,1,0,0,6,4,0,0,35,156.27
3976,6b8a0d9f15fa4147100f9218056fda8ba7ffabe9,0,1,0,0,23,68,13,40,448,362.08
3977,9b61606a5d450df15261cc2f04c006323ae2881e,0,1,0,0,18,8,0,2,296,229.2
3978,dd5a4bf0e9d8a511d8c2e2c16913abf8f2b1990d,0,1,0,0,0,0,0,0,314,157.89
3979,b241bcd08da55d03d54095acdc3246a59884f7fc,0,1,0,0,0,0,0,1,314,193.29
3980,dfe3ef9a3b7a9c81585e1a6c22f74d4026155b28,0,1,0,0,0,0,0,0,332,620.71
3981,1bb78b0c45f410588189932ae968791f659deb59,0,1,0,0,0,0,0,0,712,309.07
3982,158376963b10f2cba75d76f9d0f4f330dfeb53e7,0,6,0,0,36,16,0,0,1373,779.63
3983,3e27a320b41179e9b14c006271827fb79ca5c229,0,1,0,0,19,12,0,0,250,199.9
3984,4885bfccf1841def0c86b46302133cf2924d7acd,0,1,0,0,2,33,1,4,112,210.27
3985,9b217e4676187cd6b4f05b6724c199dd15e03f73,0,6,0,0,476,227,25,91,2906,1988.28
3986,3e70d3ac41af9167a7e883c3989a1e69703437eb,0,1,0,0,0,3,0,0,915,329.31
3987,d67816bee5271a4f65116561950bbd2b6fcf51a4,0,1,0,0,4,3,0,1,1770,691.79
3988,82db56699c63ed95a5c07fda59409aabcb82addf,0,1,0,0,9,3,0,0,17,164.44
3989,e792187bce376756284f784ef6c66e8d4331cef1,0,1,0,0,3,4,0,3,190,189.49
3990,de2495c2c9bf8d8387d241df2962ae52f092b145,0,2,0,0,63,39,0,6,1037,680.04
3991,45310c068fcc8868e3d4bdb877b2b62ec1bfdb98,0,1,0,0,1,0,0,0,12,202.3
3992,986893e424677964e7e44baeffdb3ae0f2a914da,0,1,0,1,15,0,0,0,42,211.39
3993,6018709abf41c112b7d28d17fcc46672e787b23f,0,2,0,0,89,241,15,49,643,678.8
3994,38757c4b2782bbfc837faee00199d373b645cb76,0,2,0,0,6,11,14,0,168,277.48
3995,e19cdaa1f1c7eee106417ea8fa80058157db8720,0,1,0,0,3,0,4,3,29,195.77
3996,26a9ab1f07a4ed20fb9e02fcb757793754a3d150,0,2,0,0,8,0,7,22,241,352.74
3997,8a3b29174b7b6ed921b93fe604fac95afd1d8924,0,1,0,0,29,10,0,2,262,238.32
3998,ac9f4786e4d7b3b1a414838eec465f8553bf43b2,0,21,0,1,296,119,33,79,3685,3447.0
3999,1772b1c2ecea1f2a167aef2c572d5543cd3ea4a0,0,1,0,0,0,14,0,3,42,181.4
4000,1d96e32b871efaa484246f2a4b6b195648302688,0,1,0,0,4,0,3,14,121,690.48
4001,8219195d0af457a5343c989496fca2edc4f53ff7,0,4,0,0,38,0,1,1,522,515.52
4002,119c726f490bcc94b4dcbcbe9d8f8f9cc1464edc,0,4,0,0,44,0,3,9,352,586.69
4003,f6a8cc53fdad0e5ff620c1f97848a07bcce97880,0,1,0,0,17,23,0,9,900,469.7
4004,a56906ada6e4f075a83776df40a03620efbcba53,0,1,0,0,0,2,7,7,45,212.2
4005,c2812f38a4eea8124786e3753c4e45a7e07a9fd1,0,1,0,0,0,0,0,0,528,311.96
4006,2575275a04938e361a874ba685e50ac0e88df246,2,6,0,0,235,208,0,2,1019,1214.09
4007,49cb6901b269ff3ea2b5e388aec2c8fcb9879194,0,1,0,0,61,222,13,65,558,507.21
4008,e1206f3b8793b4dfa5b34815c4bf921da35e218a,0,1,0,0,5,9,60,34,324,378.5
4009,3034eeecbfd2680556378fec64b73d190908c01b,0,1,0,0,5,2,0,3,637,431.93
4010,3d787b78c155773edcf29af8290ef1bea62a4206,1,9,2,1,19,3,0,3,1180,1424.3
4011,0d6131c400cc296796f132f802f4156408e84ace,0,1,0,0,181,147,10,100,534,578.23
4012,55f936f1da13dc732da52735f1d1becc18546b0b,0,1,0,0,4,20,1,3,41,220.21
4013,4460e2865dabb1d11950c04b5a4c9b79a12301e1,0,4,0,0,3,0,1,1,287,478.4
4014,0906b7cc5173770e04932432d40503f7c39eb61f,0,5,0,0,282,510,25,89,2742,1949.95
4015,dc94f3730f50005524edf946772e00bdb7c80327,0,5,0,0,251,90,15,77,817,1033.68
4016,0d2410e78ae9ca03b102c562a8412507cdd35408,0,1,0,0,0,0,0,1,291,187.8
4017,ccdb632d4005165efdc65dfa3aa0a1799ae0a87b,0,1,0,0,0,2,0,0,289,176.98
4018,4c25eef0d7aca92144c8570f3d2e8cee5ebf9ddf,0,1,0,0,8,0,0,1,852,441.55
4019,3cc8656f8fbb67c7e665fe27642076ae0109c2b5,0,2,0,0,241,203,14,63,839,897.05
4020,5262098a0b7770e5b105d03b539a8c65a03c9fbf,0,1,0,0,0,0,0,0,220,569.19
4021,374524b5b3932e73cd78054d9c57ad9f6828ffe3,0,2,0,0,2,2,9,15,262,326.9
4022,713bba5af085273650b8202b4a7c225b5a094b5f,2,2,0,0,5,40,6,14,1550,1024.23
4023,7de6f9666b0b6dd18f8496f549a61279d7ba58ec,0,1,0,0,15,6,36,46,388,357.32
4024,4ff5b0ff22e5b00039691fe3a5348cf3a2168870,0,1,0,0,11,0,66,33,329,299.82
4025,fc0f2472d874db1cdbf8f49da61fa70b08da17f8,0,2,0,0,92,116,10,49,1030,596.91
4026,e90dcd51d010fbe4fa2e2de6b91a7b93cb3ac9ec,1,2,0,0,4,18,3,1,65,386.62
4027,ec35427fdfbc46a8adeafc042651f552b9bcc1a0,0,2,0,0,471,144,24,97,1665,1174.95
4028,dcddfaf5e16479b735235bb4a29ce8742cea56ba,0,1,0,0,10,6,0,0,13,157.78
4029,bc575ae28f26ac7be239839ffbb191045cce8b8c,0,1,0,0,1,0,0,2,1803,710.54
4030,233ea266c841f100345c30666c32bd2be29cd43b,0,0,0,0,0,0,0,0,0,62.21
4031,993945833ce3d7edf2fdc694d3907cace8f5f149,1,2,0,0,10,4,0,6,65,371.97
4032,83c014777a8d4597ca9b6cfc0f3dd9c77bd39d50,0,0,0,0,0,0,0,0,0,57.98
4033,1108ede0ff459d62add74487aa949139ed11d3ab,0,2,0,0,23,5,0,6,359,357.86
4034,994d2625b1eb40ded5da310f3080ce1a2d5d2ba3,0,1,0,0,200,191,0,0,432,391.62
4035,526711288c30a6824a8e29805af7a2b1d72b9129,1,25,1,0,198,95,26,53,5038,3636.93
4036,2354d62e3709ac4d73eb7bcf11504f9d93f9ff0d,0,1,0,0,2,2,0,2,36,204.44
4037,1cc0f1f30d7404f13aa02c2715f028e6e1c47c61,0,2,0,0,5,4,0,5,570,474.61
4038,2dc444851afe8e76d648f6d54031fa80bdb03437,0,2,0,0,0,0,0,0,575,301.8
4039,551da4cfa5448d076edc529596c73f9180a60c6d,0,2,0,0,3,0,5,5,110,346.97
4040,afed8ccddf2f5f32eebfa04a697da15fd3e07d2d,0,1,0,0,0,0,0,0,755,929.82
4041,8be7e5c0eb6b0df2e28c5a1038ef0da0f7e0902e,0,9,0,0,144,47,0,69,1324,1419.79
4042,19972bdd91d6f8117eb8baa957b547000e995de3,0,1,0,0,2,0,0,5,755,447.36
4043,056f38cc185702c865eb1d4a2f1ed1599300e1d3,0,1,0,0,3,1,0,0,859,547.61
4044,e6b6eaa583e8fc15f03c3e27664bf7fc06b3af0a,0,3,0,0,10,12,0,0,2159,1176.32
4045,43c9e8156a5b9ae3fd5fce07f885365538d6ca50,0,2,0,0,6,0,1,10,2334,1200.94
4046,9dcec00dbbe19b4f8090eb023bb754021d228a19,0,1,0,0,0,23,0,0,57,160.41
4047,a71e526e3d1f69e46f25f3822341e631690b40a2,0,1,0,0,8,5,0,4,39,258.55
4048,a7da0295d575124032c2f2a0a96ce45ebe2d5df6,0,1,0,0,1,1,0,0,36,200.41
4049,85443ec5c160e1778cc49edb791f48ad3fa5b535,0,2,0,0,19,6,0,17,960,623.09
4050,59e3f3b9e4acb3f9f82f021ac7568b9db5654802,0,1,0,0,21,23,0,5,266,308.32
4051,fc1daa3a7fb7328c70b3f07e3234f129ddfa56af,0,1,0,0,17,52,8,14,108,273.47
4052,09634692718a92fbc435c30012c22a709667c343,0,1,0,0,54,16,9,17,109,300.8
4053,11d1414628c18d07f7449af0aa9374406077b9a8,0,3,0,0,63,142,21,28,468,665.89
4054,db8705294ba96fe2b746fea4f26a919538653ebd,0,2,0,0,80,17,9,18,154,431.52
4055,360d1a2224c8e3614cd665393e0241dc0ba06a58,0,8,0,0,119,16,6,5,2062,1671.52
4056,d49bae6c9bb108a9350866a3759f92807c88e43a,0,2,0,1,0,0,0,0,159,301.55
4057,cc66c73ba60ec3f062e3fd699b76e352f8b10f6d,0,3,0,0,39,8,2,4,2307,1255.43
4058,cc8d1602329c1ea1e63d57d58a1aca890f15454b,0,1,0,0,0,0,0,0,73,116.3
4059,7752f018b1cf4bbc03db77e251cd6272356087a9,0,1,0,0,0,0,0,1,305,174.38
4060,73d828e4e8023b9f7ca8fafd12becec34eb59211,0,6,0,0,17,0,2,1,604,970.0
4061,c25a6a14c8d0592c9e842d42d1362042e7109599,1,16,0,0,975,477,108,143,6402,4756.64
4062,a67f77922a5aba36540abd4526adf4ded1d6e8c7,1,38,1,2,266,26,19,97,5182,4987.02
4063,d4ce7bee1c773378518634527283318c5181e8dc,0,1,0,0,3,0,0,0,94,171.04
4064,21f63a916dbab243a5104d12587bb29dcbbb6201,0,9,0,0,395,983,95,92,5218,152560.25
4065,22f515b3760279046f051c083c8c2fe66bb80d56,0,47,0,1,10388,4809,173,70,33542,25973.57
4066,639b314d2ef2d95cfef2ffd4bc597540fa83f3cf,1,6,0,0,109,24,9,16,775,1010.89
4067,aa90c88be14b337714739cd857c12cad2a9fedeb,0,10,0,0,269,144,5,31,3475,2164.37
4068,0467c19d9df454e40710cf8fa0ac9703360b4528,0,2,0,0,125,29,15,59,2200,1184.89
4069,0d4923f246d5f6450d2908b59b4b7e70f9ebbfbe,0,4,0,0,23,10,11,23,912,693.88
4070,082ea28cd7286e9882e60913444b322ea691fc3d,0,2,0,0,7,16,2,7,27,258.52
4071,ddab67d37bb9ebd8ca3a14180cea78e8a45c381a,0,1,0,0,0,0,0,0,3,107.99
4072,6bddbb2dd242cacd50cf1b98643385c7b22c1939,0,3,0,0,9,1,2,4,1511,850.19
4073,29915e845b96c7c10bfd861ea62fd457b97aceb1,0,6,0,1,13,2,0,2,691,614.05
4074,60acf0d792cb761da06bf1fc91d9f2b57fcc065c,1,6,0,0,85,111,23,81,2196,1519.9
4075,b251e7aec03273ac14eeae79bee13422068d508b,0,1,0,0,5,0,0,0,109,146.42
4076,2dd226875282ada1e99e3e0d0bb384da26488185,0,1,0,0,0,5,0,0,109,158.18
4077,1c79426ab86a1d26e7214d8d86b8eb24d67c0ab0,0,2,0,0,0,18,0,0,321,238.09
4078,baca0bc7fe4b13bf8970f974c15d83701e02c048,2,3,0,0,6,2,10,13,536,665.22
4079,7a90c7466fc3a4c372eb1d864bdb8229fdba6391,0,2,0,0,7,0,0,8,486,349.05
4080,cef8eb07dfb4b81cd4e985bc86c5506602650c93,0,4,0,0,329,74,15,90,3271,2471.06
4081,22d8e8448a5db16a2c550664773780748e801bf7,0,1,0,0,0,0,0,0,89,144.66
4082,27ccc433f36f99ce42f3dd2463d2248f398fb19e,0,1,0,0,1,0,0,0,142,183.24
4083,5632a56c469ca49d43842a399de687e47f9be1db,0,1,0,0,11,0,0,0,268,203.17
4084,aa7c7d9cd74a8626cfac95c01a9f6ff9801bf45f,2,0,0,0,0,0,0,0,0,366.84
4085,c3f9ee7d918fef6542f82c35c41edf0918f0fc60,2,0,0,0,0,0,0,0,0,1176.38
4086,440987ed5dbdc5511f470a542a6fcad0a734ce94,0,1,0,0,111,29,7,34,729,1163.86
4087,ce8b379c2ad1c7cb1b8c67620b9ead1a17d28adc,0,4,0,0,70,61,0,2,292,816.31
4088,4b1fca7dcbc91c7429b5502614ef0b66c32a2116,0,1,0,1,0,0,0,0,19,221.78
4089,d0f7e9e14a80ce29510672dd21cd04156b073514,0,6,0,0,29,6,2,11,1707,1341.14
4090,c1e5b0ffafd28411ef2c36ace94bf011c0484b3f,1,2,0,0,10,0,4,9,422,649.84
4091,e531be77a417e45d5a4f8fe7149b489d4e6cf3b1,0,1,0,0,1,2,3,2,226,423.26
4092,265964064bd5012b871101e884d7e2032a44e32a,0,11,0,0,79,126,8,48,4160,3091.94
4093,3925f56061307971008fdd0db48c4e29e0700443,0,1,0,0,1,1,0,1,1856,765.08
4094,ee0be0624b0ee1b2151b9be92a5d4e6334801cde,1,1,0,0,1,0,1,0,155,532.69
4095,0b83682b40d3bace7bc0d604db46ddec78f2cd4a,2,14,2,0,9,5,2,0,418,2124.95
4096,0d30c8ceaef95e05979a0271b8b11baac4ee5502,0,1,0,1,0,0,0,0,138,408.02
4097,9828c63b49b98ef3530ef03a075208d4e40c906d,0,1,0,0,104,105,1,3,26,434.82
4098,86063aa2087b5b0bb9eff6458b528f74a39eaf02,0,1,0,0,15,26,2,10,917,544.95
4099,068b53dd5de928fd80815b54963af796f51f1c38,0,1,0,0,0,0,2,1,187,205.01
4100,aef01d1627a4ed303da76f751c7c8c98418e6d45,0,1,0,0,0,2,0,0,463,1167.44
4101,0e284787294221982d21c17b27c0a4e1ae0971e7,2,15,0,0,324,263,13,69,3285,5908.2
4102,5bd57cbbbf0d98c1c0d8321b95618d2a6fa0d0c9,0,15,2,0,117,153,4,27,3456,2600.72
4103,278a5e86001b1fd094da2e0d05ea48e8f7eb9e1f,2,15,0,0,153,117,4,34,3456,2868.52
4104,686f516ccb887fe977238b53b9be307b56432b8c,0,10,0,0,98,114,10,65,2212,2029.89
4105,d72e9381fa8f992e182b415d6060128b567808be,0,20,0,0,225,248,22,97,6220,4546.16
4106,4cd813632d7e03adae1f8b519be65e0d65b7eaad,0,7,0,0,2,0,0,0,422,538.49
4107,89e250b8b347876a5c9f74e738e182b66495d61b,0,1,0,0,1,0,0,0,1485,956.81
4108,03b4c2794c4c0f5e11ec9a24b52b523d8746fbb5,0,1,0,0,25,101,8,97,627,499.59
4109,89ab670eb54fe267afa83a56f9d90bb4cd10b9e5,0,1,0,0,17,13,0,5,639,404.42
4110,1954345297dddd4fde9da5c5850f7fa81f32c481,0,1,0,0,1,3,5,0,43,195.81
4111,00748405bc374ee8f5ade4891a6a1445df072344,0,5,0,0,256,831,40,159,2776,1847.45
4112,3b98e63ddb551fd4f8dfb1025fc3cb0400ed0a2b,0,1,0,0,0,0,0,0,620,333.46
4113,b20795679b5bf9ff1f2fa757a9f361ddd291ee23,0,15,0,0,13,0,0,1,1102,1373.41
4114,6d3002fecb5c84a99b1110d49257021491e10e67,0,1,0,0,530,150,26,98,1341,1086.94
4115,ab23afa521327ce5bf46a078e6bbd0591e00e778,0,2,0,0,2,0,1,1,85,365.33
4116,4b2a9c1b07871eb259ed1f0bd6c54c297a384673,0,1,0,0,0,0,0,0,187,149.47
4117,273309babc66f563d01965d7f9185fd94873713b,0,1,0,0,16,39,5,4,148,324.8
4118,a9b075d5fa9d6ee9df1d30a6ee969896b3b99f63,0,18,0,0,72,102,45,47,3008,3633.97
4119,7c920b0bb88dffca61602c849df777725cc3153c,0,1,0,0,2,0,0,1,138,211.48
4120,71b2bd15d2957e04eae8cc650a6b48b75deabe58,0,1,0,0,24,6,2,0,47,1058.11
4121,8261aa0837646c1d50bcb0fcd0809cde84fe63c5,0,1,0,0,3,41,1,9,70,233.0
4122,1a473094c170e24a8c763fb811e5e8c2bc8ed268,0,2,0,0,1,1,21,28,421,393.9
4123,1936648a1188b8948048610eb2ccea316a39c647,0,40,0,0,121,144,25,57,3404,3803.35
4124,3a3f1d947462c7c5bdefd661f9e5c9738eab5c31,0,1,0,1,0,0,0,0,44,201.44
4125,ef574569a23d33e18c3d9893a323a891a96215db,0,7,0,5,73,25,3,57,1403,2304.47
4126,6d5e0831a42541a3ce4b1bac32d1285fb1004241,1,0,0,0,0,0,0,0,0,178.39
4127,ecaa6cd1b74b8caeec03e505f04d676414bb633d,0,18,0,0,40,2,35,16,3078,2816.29
4128,d12184d558475e88e34baf528694a3808fbc71d0,0,18,0,0,2,40,35,16,3078,2412.99
4129,0ce9220a5d638bda3ccd37a81e270ae054a41ff9,0,1,0,0,1,1,1,1,376,295.12
4130,ccc5971e03ffc72766d7f8c02bfef8c5c08a2e32,0,1,0,0,7,15,12,37,1471,712.53
4131,934339acd660bd986224036104ab9ec5db46f756,0,4,0,0,52,38,0,6,336,577.46
4132,b1abbf2d05d8cdf46c08a7a6e5289c9ade98dd3b,0,1,0,0,0,0,0,0,1478,615.85
4133,2d16e2811f26096ddfbf8d25a6eac17e0c9c9e32,0,1,0,0,2,0,0,3,46,188.58
4134,c315745c92dcee3954dad830bf8756307e3c6bf5,0,15,0,0,60,25,1,11,2723,2134.27
4135,06699d47b62d8af8dbb60481ab36e5ed1805e0a0,1,11,0,0,93,74,43,64,892,2139.15
4136,86e2cc579d4627f45334e401e3dda65f9cf3dbb5,0,1,0,0,17,21,0,4,150,211.47
4137,2b87bfe55293ce1f2541a1ea17be67828a13ccdf,0,2,0,0,68,31,4,16,516,550.76
4138,bf8c1ce9aea60349b21284861051f47fafc54180,0,12,0,0,118,474,17,12,1784,1987.19
4139,018e82b5eff17b50301a01069664ef37a4ae142f,0,9,0,0,352,86,5,8,1613,1724.95
4140,814c05e14b90bd420e916f5c6a16883b73b51edd,2,0,0,0,0,0,0,0,0,927.53
4141,54601f1927a70ef11bf5707b65cf08f81f070873,2,0,0,0,0,0,0,0,0,284.32
4142,ec921a9ff8af1531dcc7ae5cb2bd8d60b265d50f,2,9,0,0,122,27,0,2,1938,1801.1
4143,4cd67af552bace64096dbc53d2b3d153a360e583,0,1,0,0,0,0,0,0,29,131.89
4144,593807007415b28ffb128f408c44cac2023930dc,0,1,0,0,0,4,2,1,108,217.22
4145,8daa5d2df72c40e75efeaa32dba83e0cb49a8034,0,1,0,0,8,3,1,36,154,257.67
4146,d1e91a771dc30516a0dfb8a6d021869ae135cdac,0,1,0,0,9,0,2,18,162,282.55
4147,416f80d82eabc2c65ece41a0d781f101625582f2,0,2,0,0,2,8,26,77,813,471.97
4148,dc0bc878ee1af3d78fa7d9b3fb7538f4554f541a,0,2,0,0,180,198,2,18,617,617.57
4149,3a6125db8782f09c291ec3625af65c624e16df3a,0,1,0,0,219,316,0,0,308,514.1
4150,aadc5e500d4b4080e56e706b8df826328fd87088,0,1,0,0,150,26,24,56,501,539.27
4151,b6ae2e72539f72904f83d5cb7b62e43258d173a7,0,1,0,0,171,198,0,0,453,447.47
4152,712d46868ac7e3d3b9f79df38e15005467a8540c,0,1,0,0,219,316,0,0,308,460.23
4153,61465c39a9ce602214975ca9d311f30fb2ce7e3d,0,1,0,0,108,39,0,2,208,425.94
4154,37ba434efba9e307850711ec71b4ddc7b23d7d7a,0,1,0,0,0,0,0,0,254,148.81
4155,e79d9fbf84a35021cafa21d428e08fdd9bee584e,0,8,0,0,389,277,3,4,2520,2046.07
4156,a8c104369858dfe7581ff848880d1550b3c51e27,0,1,0,0,228,327,0,0,289,413.9
4157,c65f9e7ed7ecbc2b338ebff1ade45f7730da7b14,0,2,0,0,313,228,0,0,301,494.46
4158,b5f172624af4083b3b7683060a595ca437daf4c7,0,1,0,0,13,0,0,0,1858,777.39
4159,2513480ccddc2f8c6164b85b0732606e3e521610,0,3,0,0,12,0,0,4,228,346.53
4160,ba06e4128b4cc66edb3e8e3ea02ce5cb5eae211c,0,1,0,0,16,48,1,0,81,625.23
4161,3346771a03fa334f2375fc585694bb768bb7b0d8,0,2,0,0,93,119,12,19,460,645.7
4162,585619443baae8ec9cfc6051ad37cd086457c0b0,0,1,0,0,0,8,0,1,87,161.97
4163,2e63d096c3d80a9c7be7fc76d9949c941b6b1f9e,0,1,0,0,41,108,0,4,208,322.0
4164,28be383769448520e80fa9df067f09b044f4c819,0,1,0,0,1,0,0,2,129,174.18
4165,4d29c709a88b2c6d55011554e79205115277dc65,0,3,0,0,6,5,0,0,71,311.09
4166,6a7a28852bee26903dbaf1ca02f0b89a5438898c,0,2,0,0,6,17,4,6,256,372.07
4167,f8fd169220bdcef90fb97955971ba8cfcdd14281,0,2,0,0,2,2,4,2,260,301.62
4168,1fc218ff78053d49ed4f73b03f915e6702046382,0,1,0,0,2,2,4,2,131,243.19
4169,f3a93f95ba1374986ea6d4ed12a84b888d22aa94,0,1,0,0,247,59,13,77,561,725.28
4170,87d936251df056211673b90d62f37b9fe3440d83,0,1,0,0,65,44,12,10,316,365.73
4171,d224c2beb6cee67a4ab390026697a2fd7e8c7fd5,0,1,0,0,79,82,0,4,137,299.72
4172,27ed655fd0552055bd1c26c62c098c16501bc32b,0,23,0,0,378,272,29,70,3460,3508.04
4173,9f268d1687a1c6ccd5138ad1cf88d82d23756984,0,7,0,0,30,0,0,7,641,784.87
4174,effdb08b341e7c3799a50983c6086d7f4bbaf120,0,3,0,0,42,64,5,13,685,686.89
4175,4937ac7e5776cf72e4c3b266fbffb29ff97c807a,2,16,0,0,131,142,10,52,1952,2817.0
4176,01d81d27651c9608fa1344ea1ca769ea8ec4e4d6,0,1,0,0,1,0,2,14,111,196.04
4177,f13f2579e152358ef35082e0de1ea73ca4011c01,0,1,0,0,0,0,0,0,0,133.24
4178,e2ecb8ab5863c1d1541f5be84a2bb7b67c5c9bb0,0,7,1,0,0,19,1,4,2699,1526.86
4179,b60bc58e6d259a5ec69a354eb7a096525e5a8763,0,2,0,0,0,0,0,0,85,185.74
4180,3d4c2f9414d58117052b26f2b002bed7546a937a,0,6,1,0,8,8,0,0,500,1146.85
4181,29231238073d15e7ab826a75a7a4ea3faf7960cf,1,6,1,0,0,0,0,0,2670,1441.67
4182,aebe612db3abe8a22b27cd4619dece10a536cc96,0,1,0,0,0,3,0,1,13,183.05
4183,de0707432d92bdcf9b846a1135f64e1777ab56d6,0,1,0,0,0,1,0,0,85,155.95
4184,ae80948025ef336117508c731b508506b650c33b,1,7,1,0,70,11,1,1,3353,2186.02
4185,8744c04d323bebd5b08c03ae8241e3bf24fc95a6,0,1,0,0,6,0,0,0,75,171.23
4186,2ab0c720f800292fc705f277b90097f6d0b16f26,0,2,0,0,0,8,8,19,648,385.04
4187,ac965a60eeb931d0d97346157004681d76e2a0d6,0,6,0,0,78,15,8,24,1207,983.77
4188,dda7b2b432c94f4a7040f935a9faf746cd208d5b,0,1,0,0,3,1,0,4,84,208.77
4189,925023432c7b305e7d0c9802cddf7e3e56027cc2,0,1,0,0,0,4,3,26,169,212.7
4190,a2ccd2f706c03f5053e09c2a8bdaa23eb1795121,0,1,0,0,9,0,2,19,169,258.86
4191,37010e9d75c695d9e538873dadc3984e11eb3b25,0,6,0,0,143,160,8,50,4432,2411.34
4192,e580ef10472a52c1e96c153a8e93c7164812d563,0,1,0,0,0,2,0,0,929,420.59
4193,d394ab14a91300ac017f233db6a40b71ff048214,0,41,0,0,0,0,0,0,42762,14618.73
4194,01bc564bb2e89684b445f217a83c39f32113560a,0,23,0,0,38,107,17,51,3774,2703.25
4195,175b22c153c9a0dee6f1c61df7ad9f93c1fb0128,0,1,0,0,12,12,0,0,159,201.95
4196,5b157e47695dd5cb656d9354ed8a00033e22e9e8,0,2,0,0,2,0,0,0,262,235.96
4197,b79b236d0009ed9c4037642d9cc3325d5f56c521,0,2,0,0,0,2,0,0,262,255.8
4198,f4b87e69621a90515b2945bdb1fc4a3de33259ae,0,4,0,0,0,33,10,8,464,580.21
4199,17d40b726097a2d9a57ad24ab92a3d8ce1131a6a,0,3,0,0,0,26,0,0,198,310.04
4200,c3569d05b8d28d3b3481d2e661320071dc30431c,0,5,0,1,33,20,1,8,646,1634.38
4201,60d9c7f2f9bf3fc65dc486847815ebcb978c70f7,0,74,0,2,283,157,24,101,7848,7350.62
4202,29564517a3b059cb5242d7337aa18d694bb99dfc,0,1,1,0,5,1,1,0,197,259.98
4203,b14fc6d0cda035633590dbe495e9ba08c21d26cc,0,2,0,0,17,0,1,0,219,274.12
4204,193e56607bc26d8cbba404fd4197ec279bc073b8,0,1,0,0,11,0,0,29,682,372.21
4205,61e329f7aea6a502c274277ca448c6207072a376,0,1,0,0,6,4,0,0,165,179.83
4206,b72af485f625b734cecaa8556578890f346cd274,0,6,0,3,21,0,0,0,461,972.36
4207,1d3ad3047ed04b5810f9896acdffcf55f2d9d5e3,0,1,0,0,0,0,0,0,150,131.33
4208,0ab3d60fb78194ab2d7dd04ae590f871a9286c31,0,1,0,0,0,2,0,2,301,207.46
4209,a143966e1cfe3f782f6237d67d216ef8bc2d4713,0,4,0,0,20,10,9,12,580,641.41
4210,be2726b39d54bb0f00d2479070b39b939db4a3cb,0,1,0,0,0,0,0,0,479,236.37
4211,f70339682524026a3955bf56ac7a0d4f4f1e1114,0,1,0,0,0,0,0,0,479,236.89
4212,6de0495e53adef564141eeb312d7e61e951a9ebc,0,8,0,0,110,135,7,50,3324,1977.02
4213,338fa9a30747d18befc0ff66b5cb5265f7bb65f1,0,9,0,0,5,22,0,8,3505,1675.96
4214,cc6429e2722e764dce8cad77660732146ed596ab,0,1,0,0,3,0,4,6,53,186.74
4215,ed3215d7655a7c4fdb01d7d585377726c351fe4f,0,1,0,0,13,1,0,0,1869,752.97
4216,9f8526fefe6def2a10accbe8e9b514884192b6c1,0,1,0,0,60,40,12,27,507,456.96
4217,65b9093d4905da489e472dfd565417c6865d44c8,0,1,0,0,4,0,0,2,185,175.84
4218,0b20e139d64faa3147ba068c367df4bffb278c47,0,1,0,0,0,0,0,0,189,166.3
4219,b82027ccbc315bfd46f760204c71358e5f85b254,0,2,0,0,2,0,0,1,253,285.12
4220,81cbdc531265a6279c9584719a6d2f807bc9d2c4,2,0,0,0,0,0,0,0,0,958.77
4221,aa76394764bcb4af54150f12528fed9ddfa66044,2,64,1,0,379,414,23,103,11011,25490.88
4222,8b1395a94c07b523ad0eac28a80000df010900b4,0,1,0,0,0,0,0,0,162,135.69
4223,abbb8601ee75174519b3b33776a37e1db20f3fd4,0,1,0,0,0,0,0,2,125,157.64
4224,4271d19a1580b717fa7f548b00b27fef54949898,0,2,0,0,0,0,0,0,981,504.55
4225,e306a87b7d8e1ef15a5269006d7706a4c97d1798,0,3,0,0,42,0,0,1,774,514.25
4226,6a03b1103513bffbf8bc4dacb5abb6b5b3726e37,0,15,0,0,78,209,22,58,3194,2900.01
4227,213063399cee1433ed73b563ba38f91e9374aacf,0,5,0,0,25,7,7,14,542,843.98
4228,128177c41248734e76499ef382152fd3c40378bd,0,1,0,0,1,0,2,3,56,243.73
4229,6a4af0c77ac0aa3600e0a778497e6856d3e356cb,1,3,0,0,63,10,5,8,596,659.56
4230,cf84ea718f84da3071cce0e66d6a9dc753ea4952,0,5,0,0,39,114,0,5,578,732.25
4231,a7b2ff65ac1946ca8e7e52e00374a83ebe922627,2,3,0,0,21,24,0,0,2780,1365.05
4232,a19a15a2bacd12c758180da0cf51e0af5e0411c1,0,3,0,0,1,6,0,8,442,442.85
4233,8a52dc0727578de0ceb59694b89950df669c1de0,0,1,0,0,12,31,0,10,278,235.12
4234,c3ab05f3936b1bedd2e28ebf86790c0eaa45eaba,0,1,0,0,1,0,2,1,85,177.81
4235,b27c61ba5f48f0d719ed95d2254693cf41d343d0,0,4,2,0,11,22,2,2,2865,1330.09
4236,4a010ed912711d7b8da16d248f32703ec001e4a2,2,3,0,0,88,213,30,61,813,870.61
4237,530f5ba1e490457239e76b9472ee7c3bf8fd2138,0,2,0,0,18,0,8,60,1291,611.38
4238,26bcbeea1a2a7af74aa830290b03ecdb56ed16f3,0,1,0,0,0,0,0,0,290,159.29
4239,56f35dbf79e33c9fdc2c7350ee663cc72499e7ec,0,66,0,6,375,225,34,86,8182,7600.06
4240,69f05a704aafa90f2151db721312f3c5907abb2f,0,1,0,0,0,1,1,4,688,847.01
4241,22d107ff5276658a9d2927c29e9ecc53d63b150e,0,2,0,0,0,0,0,0,154,190.07
4242,75d5639014a4680f2a734b4ec9b452ed0cfff058,0,13,0,0,126,119,11,68,3372,2551.2
4243,220a828b7045c1e178d23bc6820b15e7725598d1,0,1,0,0,0,20,0,0,413,292.29
4244,4902bdc7b97d8f514724ebf1ccb2598f8e69d64d,0,6,0,0,0,0,0,0,2011,932.34
4245,3e0b21c45aead137250c30bba1224d213debe73b,0,1,0,0,48,22,0,1,13,271.87
4246,efbdee23705fed6be49a2fb20a79f1aaaa8c98ff,0,5,0,0,11,0,1,10,1162,922.92
4247,ebefb77c6e8a5046a8c1b1bb0edd258aaf0ad8b7,0,17,0,0,232,76,24,81,7636,4838.5
4248,38fdcd1986d5b8f5bfb9a78cd68b837342ec1d32,0,1,0,0,1,0,0,3,178,192.22
4249,87b350ff777983cdd2f4136c5b649c8dfb11b685,0,1,0,0,0,9,2,16,170,266.7
4250,a5647ad5c70c3b2bf25ca0901e461ee9bdb41299,1,1,0,0,0,52,0,2,175,350.78
4251,61bbae106931499ab24ec6d87fe5d4826efe9e21,0,1,0,0,0,0,0,0,175,133.02
4252,2fde93d7e8b9a53eb1f913f669f8e6fe9d653b9a,0,1,0,0,0,2,3,2,173,185.36
4253,162675983c0a41edd29220e6cbc061f04830142b,0,2,0,0,65,62,0,0,286,338.19
4254,08b2bc5963a8732b5444f42ee421f15df9c838ea,0,1,0,0,7,6,0,0,144,181.14
4255,6f8d73711a5d9d64947a1f5d51284bfda3d5d127,0,1,0,0,8,6,0,4,82,189.92
4256,b31f48d30e1b667c657bd0d5faf907a171073231,0,1,0,0,3,12,2,2,181,270.65
4257,576efcd8121e70e7d550fdce9432be43690a4b1d,2,4,0,0,87,55,14,11,2813,1558.72
4258,4ab0dacade95fcca81d032d5b23fb40d45606325,0,1,0,0,1,0,0,1,63,157.95
4259,f5ec4c7c3620d453db39d44217cfeca4f775b47b,0,0,1,0,0,0,0,0,0,100.21
4260,eba27a641341878c08180c88814e33287ca8b05b,0,2,0,0,24,5,7,7,261,834.55
4261,8ce9edf0409945c81f36c08f0e8e39c1ccb7db4b,0,3,0,0,11,7,1,3,394,487.33
4262,6b4f2ee591e63b435300cd602aa5a8c66aaabfb5,0,1,0,0,0,0,0,0,61,115.69
4263,8d6ed07b5bb97c6b82fd8962061f7c38439fb3aa,0,1,0,0,83,61,3,15,489,415.02
4264,ca63545887f283bc6b84b1d103674f4a532c5b5b,0,1,0,0,12,61,6,8,104,236.55
4265,112014a4c8e2a164299db069a4bf9d1a0cbdcb26,0,1,0,0,0,4,2,8,264,210.98
4266,260dc757fc9da97cc5005def87bf8eefd2cd92e2,0,1,0,0,37,8,5,7,108,282.64
4267,822bda77aba24fda8b234590bedb292e32443aa5,0,1,0,0,0,0,0,0,642,280.16
4268,6db8ac3898f1263dd33f159835999cdfd1f09a07,0,1,0,0,9,49,10,28,115,260.55
4269,40e7aba6b2f694017df5fbba90fd44caa0d43fc9,0,1,1,0,2,19,0,2,260,299.04
4270,35ef47ec0c73d882e53dfde51bd61f27f76a2b83,0,1,0,0,22,0,0,0,162,162.25
4271,57e51b4bd99173fde8656b902900c5a251853806,0,4,0,0,6,5,0,9,1125,574.02
4272,67f5d6f1c9398cc8b69b244c583ed64b16f19431,0,1,0,0,0,0,0,0,0,107.93
4273,da93a1cfe483a1522b2c149d287279a74e43a8a9,3,12,0,1,141,69,5,6,673,1978.21
4274,883c34b7c513eb36f2a45d591db706fa7e36e145,0,5,0,0,84,27,11,20,2287,1353.68
4275,bf2ee04431fa3f8142ad43cbf514b69741002f7e,0,17,0,3,9,0,0,4,996,1375.02
4276,9fc071a39971d7e2a4b17399b07630f6f2438484,0,2,0,0,1,0,0,0,140,205.37
4277,455a0fccfb6f2e679c4d69857ccca2899a5a1d33,0,2,0,0,6,0,0,0,159,209.31
4278,2762f484c90152eb23c641732ecf6f650e937bfc,0,1,0,0,36,66,5,12,105,240.02
4279,262e006eb76ca7fce366fd51310a980fd5312837,0,1,0,0,66,25,8,16,116,280.95
4280,e2aeb7474a5295796bc011ddd477715021cb1637,0,1,0,0,0,0,0,0,73,600.48
4281,7d36c1e025abbcdd4ed50c580bbd990fd262bbed,0,2,0,0,52,53,0,2,193,332.15
4282,798470e051af794b605cce28031b33b589cfc6d8,0,10,0,1,64,119,40,70,1321,1811.67
4283,17034c0878659ea99e24b665c71e0b454f21809e,0,10,0,0,50,30,16,28,1355,1285.79
4284,d7a09825025374b6a49a250467039dc15f36d053,0,13,0,0,55,63,17,36,1806,1654.11
4285,317ab72a8cc067bd16db63d9e6c19390e96075f9,0,2,0,0,0,0,0,0,95,157.75
4286,3d557240ae85f626852fe7eb14bf8cfb1077d1b2,1,0,0,0,0,0,0,0,0,249.19
4287,811f82c5b151bb1f6178392470981883d5e1dfc5,0,2,0,0,3,0,0,0,126,217.76
4288,6968f68cd7c8d4a1ab4a6d4638c547e9de33a560,0,4,0,0,27,28,4,10,639,665.8
4289,8bb5487eab3d91398c6a8f1f3d78b6a41aae697d,0,1,0,0,0,0,0,0,57,142.11
4290,b59ca1fc8944f4d8cf81b21041be4a7ab722419e,0,1,0,1,0,0,0,0,40,215.55
4291,7746225dc5bfc07297cc485c8035fd7441e38e88,0,15,0,0,60,40,11,32,1919,1977.91
4292,98b5195f7eb1f3a88bb86aa95211403dbd73c98d,0,4,0,0,3,11,0,1,1188,1226.5
4293,e30c730355363dd72cb5dec12b19cf22cda705e6,0,1,0,0,13,10,0,0,90,190.37
4294,573ddbfb057ac1858e910f569d7204df1d87519e,0,8,0,0,12,12,1,1,992,774.99
4295,1af5865edc448a1ae1117f2254285ebc79ae6a68,0,1,0,0,11,1,0,6,1877,850.77
4296,a9ec77eb7011b52bd68d9c4feff8857b9d05501d,0,1,0,0,100,281,4,37,664,571.94
4297,6dc32424ceb325e39ba314f3fab26d5a49e2a788,0,1,0,0,35,13,1,5,138,286.8
4298,a6edfa56962c55d7a84eea31fe8fec7c29454f83,0,1,0,0,18,12,0,5,1876,729.52
4299,784738e6ae57bc6046ca2341ec1a1897008f2c92,0,1,0,0,0,0,0,0,136,160.17
4300,79c2ff7c7ee194a8f9bf083bf9302a96743c6a72,0,1,0,0,0,8,5,10,117,653.98
4301,3c93e8c6b5e96dcf4487e1b8f8cfe2a327237c6f,0,1,0,0,0,0,0,0,1894,708.58
4302,32f4e2ccec259c3a7c9527b538d53464c52cfc11,0,1,0,0,0,2,0,1,40,161.94
4303,68444f9b2f573425bdd38b378e14cd6a8c16821c,0,1,0,0,0,0,0,0,386,184.54
4304,dc5b1e9b86b42c786b4e1e3752a08d45e6e447e8,0,1,0,0,2,1,0,0,142,186.11
4305,1aa987402d43b4a6ca7af8725e0e9fcb5477b6d2,0,2,0,0,51,36,7,81,2546,1250.48
4306,e26b726ccbc140f3971ce24371bd555db497e94e,0,6,0,0,60,239,8,11,2834,1870.25
4307,9851b73fc3bbaf61ec80b54c64483bcf56aaa396,1,7,0,0,35,90,6,15,1536,1213.33
4308,4439b4117dad85b206f3cd8d4bfbb4a5d1a9e822,0,9,0,0,167,82,24,39,4063,2915.12
4309,385ce13f5ac3be91e40caa4f2cb34ec0ce654719,1,2,0,0,0,0,0,0,800,441.5
4310,6c8b3ad0efaabd0e728eadd437ae0ed45237d01d,0,1,0,0,0,2,0,0,1497,740.62
4311,0749c0415edb480f98da501b09a212af4ed6d9d7,0,1,0,0,0,4,0,0,414,278.87
4312,383d35ea516deb4f127c1c9884ee64561da3cb2b,0,1,0,0,0,1,0,0,22,177.25
4313,524261f88cd2adcd623de3604e735b282dd5caac,0,7,0,1,497,329,13,97,893,1887.37
4314,7eae57aeac291799d54d5a1b5a444e27336215f1,0,1,0,0,17,0,0,0,191,199.29
4315,2f3f620ed1bdd1bbcf5564b75885b9aaf02c0359,0,1,0,0,4,6,0,4,258,237.71
4316,1227751661e653fb39be1ada369a9eda8f1e9d7f,0,6,0,1,128,45,11,35,1391,1454.85
4317,56237c91646e75149ebc9c2161bad656942715d9,0,1,0,0,0,0,0,0,849,499.21
4318,2b0797b24e2d4a433c0e17506a0d8bb812f8f2dd,2,13,0,0,150,199,31,90,2051,2325.44
4319,74f37b5a398fea0d60c5dc87124208a28580e8c3,0,17,0,1,199,183,24,83,2226,2387.41
4320,faf75d4d5b99a11bd9708e75972104f887c1a46c,2,0,0,0,0,0,0,0,0,737.91
4321,559674593d836b1fd90d3e5f00bb47728a42f4cd,0,1,0,0,0,1,0,0,1879,790.59
4322,5dad16045eaa71240b4d190ee9166ef7b1db2788,0,1,0,0,0,136,0,0,21,152.23
4323,3f394828f9c6cca20d8e376b9465fa2069efd542,0,1,0,0,0,12,0,2,139,200.15
4324,a861c53e60402e4c7a5663d387c8f991285b3d98,0,3,0,0,10,4,0,1,1274,594.4
4325,e2506f1d0f14d8719e5f4fde8020b0c5a31383fd,0,6,0,0,32,33,1,12,1565,961.49
4326,b6be6835d15c1c709d503d7f03aad2355ea60f40,0,2,0,0,37,0,8,8,337,323.82
4327,57c75a7c296c1952704b8347eb8ce6f1d3d3704b,0,1,0,0,0,14,0,0,176,170.77
4328,976c388ef1bb927d05b8e7e2f8f026804ba39aa4,0,1,0,0,0,6,0,0,178,180.61
4329,1405912a00cf82135fbee0fe4804d50fb6c54cac,0,0,1,0,0,0,0,0,0,83.65
4330,0b18bee403c52729fd16f889a4ddcc78ca1bd3a3,0,1,0,0,37,47,10,92,682,600.2
4331,25f30559b541002456cef2874373ae5a89ca9204,0,1,0,0,0,1,0,0,25,125.03
4332,c33ccd9e38cae018022bec16e66489428bfc8912,1,10,0,0,69,32,6,8,1446,1368.4
4333,bdf08364a60d9b05d0b45cb47ddd73adb08b4196,1,2,0,0,0,33,1,0,1917,1010.47
4334,a7b80d78ab181c3eb1c51b94621a74023bc5d76f,0,1,0,0,60,37,1,3,306,384.72
4335,64c0d1e7d508367c91da8f5fa835635e0524a37d,1,2,0,0,26,11,1,5,153,391.55
4336,c007102c5b2fe2b6abd09a19cbc4b69f5e83ad0b,0,1,0,0,1,1,2,0,142,211.99
4337,bfa06db1ac4755ce8dc01856eeaefebbf9c7a892,0,4,0,0,0,0,0,0,244,326.9
4338,b460b565e20fdb4739fc92ce387136b39d16e2f1,0,2,0,0,6,7,2,1,379,333.72
4339,0f4ce2fb68f6bb9957877a76a3a5bee80b4c5a8c,0,1,0,0,0,0,0,0,125,130.62
4340,b638370d3a07a980bcc833a233fe57ed91aa8c06,0,1,0,0,0,0,0,0,1497,1222.89
4341,5b0ec50cc389d1ca27eebe18256fcc2c1f91f8a2,0,11,0,0,177,216,4,43,2890,1665.21
4342,45e6d912cca3de66a3af02e9df2c3484992d0a2e,0,1,0,0,3,0,0,2,81,168.25
4343,3c06ff0a8ee64742416c4b8a5ec083ea5a390e34,0,1,0,0,3,0,1,5,840,399.89
4344,df723af8a6c04536abd2b4a48cd101f3b2e96746,0,3,0,0,25,1,1,6,273,422.1
4345,08df0b8604cd34c4f1fb384f9f6eaba86203d116,1,5,0,1,38,62,4,70,1084,1260.39
4346,f1c9bc612e2df5ffacec0debedb2021f1a9171e7,0,28,0,0,69,150,17,50,6663,4135.49
4347,dbc8bd85f23acd78de70e22b50c7168ca338dc2e,0,9,0,0,12,69,0,4,2108,1472.51
4348,782536176e24fdb34635e024b48085343dada337,0,1,0,0,0,0,0,0,177,147.72
4349,ae0d6ebd26389d9504456cf96582eb76c24c9ff3,0,1,0,0,0,1,8,8,602,322.9
4350,a5a3a28fc8cf69fa985b6c59fecb28578f12f4cf,0,1,0,0,1,11,2,4,173,272.45
4351,95cf9a5f0d5c437a9e042018eadc698e3fd5f9e0,0,3,0,0,30,10,1,5,470,596.82
4352,0e4bf0916d971a1e3194b2b9dbb0654eedc863ce,0,1,0,0,0,0,0,0,602,302.11
4353,ce8bc33d438dc0877a2bcb0049d4c1d84db508d5,0,0,1,0,0,0,0,0,0,94.2
4354,d349787515554087efc92231599e270c2c3aa29b,0,1,0,0,2,21,9,28,1476,844.74
4355,2e2dd48ff911a84ef46dae3fe05331ce8f669791,0,1,0,0,0,0,0,0,210,184.88
4356,c5dc0292e0689f2e714e23495944f6a6a58b5028,0,1,0,0,0,9,0,0,201,187.83
4357,2effc40edb798fc3e39b0511b5be39e6d0738f59,0,21,0,1,323,416,13,32,6082,4022.66
4358,740e344c7fc1ee0283744fefd659db999b48c71f,0,1,0,0,5,13,6,20,411,325.41
4359,56927973fea9112a5d3aa704e82af45af457772c,0,2,0,0,40,10,4,40,1276,862.14
4360,31d991a2551278de629ef38ed7e31b483ca67157,0,1,0,0,5,0,7,13,125,700.53
4361,e76ce2161e9213ce16b5b8a2f8c559e3d7f2db2c,0,1,0,0,11,51,6,12,99,266.16
4362,10cc4e0c37190b92ed80a04cdb59a664f8cfe2e8,0,1,0,0,0,0,0,0,53,125.71
4363,4adb583c207b83b3b57725ba3d1ccd862ff5c087,0,1,0,0,4,33,13,7,90,262.03
4364,2dcbf0673e01e0977bf18814dc99d93b63b2a2be,0,2,0,0,0,0,0,0,883,471.63
4365,793d58a197eded203a7bae5ec49c60d347eb2d14,0,1,0,0,0,0,0,0,262,179.04
4366,5612b93611bb82342e4da73975188fe740d0d1ca,0,1,0,0,0,1,0,1,121,175.84
4367,177bf5f4fcfab34f868268ae802c1f7fe08f8b64,0,5,0,0,0,30,0,2,336,462.76
4368,245ad45a55eb2bf9a34983d848ea86b48143ab73,0,6,1,0,20,67,6,13,454,697.71
4369,a3d64339550e0f12a98e7a5d1771ef7f114033e2,0,1,1,0,59,40,0,0,148,323.48
4370,b397187850f6e6a131d5d418473cc68ebe5ed5ea,0,3,0,0,25,14,0,0,409,388.51
4371,42a39b5d642efc6c593b27e26642a9acb5b84a2f,0,5,0,0,4,0,0,0,1505,737.94
4372,ad191c55d207e4c2f5fc683133fbbfd966eeb905,0,3,0,0,17,26,0,4,411,397.71
4373,9bb3441fe23ddff2ccf12469860e37492e1092d6,0,1,0,0,2,0,2,0,95,169.9
4374,61567e7b4676a7075979e005b54c3c1f7ff8d04b,0,2,0,0,4,15,0,0,914,464.91
4375,6d04ef0383eb09716377f649b4c6f903624a31ac,1,5,0,0,21,2,1,1,567,785.77
4376,8b96334a0c107216604d85d59ff50b1edbec89fa,0,3,0,0,105,173,14,36,1013,767.06
4377,b6a0284fb909c976f4bcf61c7623dd75de2cdd32,0,1,0,0,0,1,0,0,96,199.69
4378,439ce7e4cc90fc7daf9e6d32f549a28627d3cc3d,0,4,0,0,68,84,4,2,437,560.24
4379,997ab95936c3527252a20f92d7deafcda493ec4e,0,38,0,1,12,151,7,23,4630,4158.37
4380,72a6cff6e883320a6ceec88e41b42ca15dff1e2e,3,30,0,0,1574,116,63,146,41946,20689.74
4381,410142b06a9c7575def0e73a807540e8cfdf8e9f,0,1,0,0,0,0,0,0,108,128.79
4382,c22c685ffa7da67b7ee069b37e7b3c770ee23263,0,1,0,0,0,0,0,0,3,115.86
4383,cfe4c5963b8bfde21f197fc25e223bae88c94e0e,0,1,0,0,0,2,0,0,31,156.14
4384,2d99a7d774c069c89a181e96fc266875a3eefca8,0,2,0,0,37,59,3,5,1057,752.33
4385,6f467d920fc79569dd39cd651889b44efb1fd332,0,4,0,0,11,0,4,10,758,723.45
4386,1d2c12242f20dfcc0b787129b4ad8eeef2768d6b,0,32,0,0,181,88,28,54,7776,4775.64
4387,ac19c121524c928ff6f3237e12a26e42766ae836,0,7,0,1,242,345,2,2,948,1373.46
4388,e66ec49f810c009ba2e6bf98fbaebb76f9de622e,0,5,1,0,20,12,2,7,1243,895.07
4389,3a51ccf2d12a5fcfaa1378eff0209526c9a33278,0,5,0,0,168,224,18,63,1006,1229.54
4390,de2ee6e28fc65340c1702583fef343d7d81bbc3b,0,1,0,0,52,27,8,22,151,355.78
4391,93cfbc187133d90d88a28826ad5989a53bde3e2f,0,1,0,0,4,48,0,22,155,248.94
4392,bf28e8d4b84afd5f9821ad965274768b8d4ca179,0,1,0,0,3,4,2,22,170,260.57
4393,369936c2c3f67b3023c2f33620f2f26ad7b70539,0,1,0,0,161,66,13,50,696,1008.94
4394,c48c7ef16610b1ef86fc3c784a0659de9b5effd4,0,2,0,0,10,1,0,0,161,299.98
4395,a583123e8a8c07d5cd1fee06cb1a15af267eeee0,0,1,0,0,0,15,0,0,76,162.71
4396,49f220cbe0a1774066a048cdfd8682d214a6df68,0,1,0,0,21,206,2,0,56,272.12
4397,b70639187e1ee5e3aebb489baa07aaa2771fb4ed,0,6,0,0,279,299,32,98,2058,1679.96
4398,c4c9626f8b3ba941aa51860a7d10a6e686362f85,0,6,0,0,0,0,0,0,2337,885.55
4399,44c462cb7a231c1e99226e4a3cac3f05a3a99669,0,1,0,0,0,0,0,0,350,201.14
4400,2d0dff7acec0c36f43536c92480892d9c92bd27f,0,1,0,0,39,85,21,41,508,866.67
4401,57e6888e6aa8cc726fadb4087fe0cb77853c12eb,0,1,0,0,1,0,0,0,125,157.63
4402,6abb1d499e850ebc7d3d5ee140a868d743f9f441,0,1,0,0,0,0,0,0,350,192.0
4403,f5cc4760b993355c695253dca925aa58fffb582f,0,1,0,0,22,53,5,7,145,228.34
4404,cc301de4f7236f411a621566f749ff53ad962ca9,0,3,0,0,23,3,26,46,346,536.37
4405,03f0116611795836009ea488dd8035b70641ecb3,0,2,0,0,116,77,6,14,350,582.11
4406,0ad499e9a82afa23f17672e25678d065b421e0d8,1,26,0,0,307,161,40,103,4166,3776.78
4407,22d1173021772cfb445cd60c7d6b8f2ef5ca193b,0,1,0,0,0,2,0,0,127,155.64
4408,54c15d826b4c414e0f22f5eedf023dfe53d2eae4,0,1,0,0,0,0,0,0,140,130.14
4409,d106950ec049fc7dfef7e64b124dc8c050b06af4,0,1,0,0,1,1,0,0,84,173.52
4410,1b5edee00faeb03ec4fc5dff779a031f7093241b,0,3,0,0,26,6,0,4,234,433.61
4411,bc3597d3549850997fd137cc8b74700c62cebf64,0,9,0,1,373,25,18,48,32125,13223.49
4412,bef5209d60a0d69e9e712e785d39002b0040c83e,0,1,0,0,6,0,9,13,136,251.48
4413,6d7404bc2eec2c34feb6e2b9db938f9e0e5ae208,0,1,0,0,21,0,17,28,640,595.31
4414,19d2782c715a0d0f73958edce3f4be3709f92d18,0,1,0,0,0,0,0,0,229,153.07
4415,22be25b89c22f3a77a73b20ce1b819b257914d20,0,1,0,0,314,240,0,0,279,536.7
4416,eb4fa4a621db43ad9d48b146ee16caf09db7a853,19,10,1,0,188,657,11,35,3703,4883.7
4417,2f72f8bc57bb96fa4434fb395373a73b259dcce5,0,2,0,0,8,7,25,33,450,550.6
4418,6f5d8a56fc026fbf7173cfc364346def3806c7d5,0,3,1,0,23,55,0,1,251,367.26
4419,d0dc597261b0b9949ecd26150cd30ef89ecc7a21,0,1,0,0,25,25,4,11,847,456.18
4420,079ae68fb7086259439491e6a10bc2d8a947f52c,0,3,0,0,78,47,3,3,1588,1175.92
4421,401b46bb3c5c27717d6f64af3aab349817485322,3,8,0,0,85,6,4,10,1611,1573.99
4422,1a70df0c0eaf301117ba78600e1ebc2727f52167,1,5,0,0,5,0,0,1,390,497.06
4423,496035585a5a9b115a23ba311459e5e08b494334,2,4,2,0,3,0,0,0,309,598.8
4424,1ea5059fe3976ce8f660b46520859c31bb433fda,0,2,0,0,28,6,0,7,251,395.71
4425,f6e08ddf0560fab0193527ddcde842e2c8222483,0,1,0,0,1,1,0,0,127,205.77
4426,fa7d87de8d04da8af6b0e85c464115d52e8da7c6,0,1,0,0,0,0,0,0,126,126.03
4427,12537ca7289db7aed7c7b6135a3cc1bd9ff56800,0,1,0,0,0,25,0,0,952,528.46
4428,880ce10bf16c96f8b5ceb419890948223d174c6c,0,2,0,0,26,26,3,28,255,354.83
4429,4303dfa5e14331092efcef602fa91fd5b1904cc2,1,0,0,0,0,0,0,0,0,143.28
4430,19ad1ca4beca31ded9ee7111fc302b0f3e21a269,0,3,0,0,14,2,0,13,955,606.41
4431,11eb35291643d99bf5a3a1879a3b7356ff3d4bdd,1,2,0,0,26,9,2,20,272,445.71
4432,88f2ebc5fe2a31bd4bf79aaaab87a455421f6e11,0,1,0,0,0,0,0,0,127,137.32
4433,9e8691c26283f2532be3101486a8290ed5128c18,0,1,0,0,1,1,0,3,87,191.98
4434,1f48695301695eb7b2c0753a105b9af776c19db2,0,1,0,0,1,21,0,5,121,203.28
4435,ca3c75ecb22fa13e2f58129df83073800ff451ef,0,1,0,0,0,0,0,0,49,125.91
4436,6193fefbf7d92c0b909dccf5a2519b9266983091,1,4,0,0,20,9,4,9,1364,1007.39
4437,e301c38d3a592ff943ea0703403542dd2b7f499d,1,5,0,0,123,199,17,62,2057,1748.96
4438,b4b30cf87cbf3f7957c64f625f0f90d24b43b49c,0,2,0,0,3,0,0,0,96,364.86
4439,1c038f50446e4ee0da23bb86a032e591e1899265,0,2,0,0,0,3,0,0,96,388.08
4440,a5c04842ab68643e76926ff21da640b116339dc8,0,5,1,0,199,134,21,70,2046,2164.3
4441,4c0be33ea00d292557ce76ced241df84e6582c9e,1,6,0,0,24,0,10,18,2341,1553.83
4442,90052d5a460efefd2dca7a0a5c5fbd54c9674d75,12,8,0,0,37,237,4,7,647,2966.45
4443,b973a3336949be81dc10ca16dca29e4b2fb237ec,0,3,1,0,0,5,0,0,266,304.04
4444,9b0c3de85c37ebde3d0130eb29d000702ad509dc,0,1,0,0,0,0,0,0,12,107.18
4445,fd6d19bd5cdf764ce6667d1bd974795bb1d871fc,0,1,0,0,0,0,0,0,12,95.01
4446,a2436f07a45ba81cd32b0f915a32d0f83f19538e,0,1,0,0,1,2,0,3,140,196.0
4447,ff5b8304431477eb82fc13ab1344a2fc92c66a57,0,1,0,0,0,0,0,0,141,138.88
4448,02a7ba817cb70ce1e0807e97f33ad14ac5accbde,4,3,4,0,32,32,0,0,128,1246.44
4449,a0047797638b9c0d30ebf225e8a00a029e05be0a,4,3,0,0,0,0,0,0,160,900.94
4450,47ac188a3f73b74e1581c18f986488e005f4921c,0,1,0,0,6,67,1,5,132,251.89
4451,30b093a715e61fd7773ebee3a49096cf9544421f,0,2,0,0,224,208,1,4,683,699.63
4452,9c4be2928a80ab503aab54afc1805894bcef4fc8,0,1,0,0,0,8,0,1,75,165.72
4453,4ef8a8a19412adcca4b0225756d5940a2cb1427a,0,1,0,0,47,2,2,5,29,292.29
4454,7eec23eb27d1f6a75f55a0aeb89aaccde3a6bda0,0,1,0,0,0,0,0,0,76,122.19
4455,0c81eaecb2572d9c70e033aa2c76288611386d8f,0,3,0,0,70,206,22,65,815,708.24
4456,ed4d45565789cbfb1fafcfee8527e24790e4803d,0,10,0,1,22,13,0,3,1423,1050.84
4457,f1004e9b175d6593b816e72058b2dbea14257a43,0,4,0,0,28,27,2,9,318,448.06
4458,2b86c9a4fd76254ca74e872e85c1ada4ebe981bc,0,2,0,0,28,17,1,9,979,1031.56
4459,e5c34d7c29e9ec6dc162210b90fc69ea11a4c331,0,1,0,0,1,0,4,7,749,385.44
4460,2397bc8c334142ddaa6ef8e34f18bbecffba4f4f,0,2,1,0,4,3,0,1,167,688.32
4461,df063449a88655018a94aabf494b3e604f1e4cd9,0,1,0,0,164,76,0,0,3,290.44
4462,62295f68c7b7b10cc7d41d72f0817e17133a9b36,0,1,0,0,1,0,0,3,88,172.91
4463,26c4262233c0fb1b4593683bf7829d42ca3e12b8,0,2,0,0,2,28,9,38,1524,728.4
4464,b1d7405fd1263a04d8cc4bbfcba3ec1928b75738,0,4,0,0,22,25,4,14,1000,754.55
4465,7861f1731feb18f8bd0e87963e53c89a2dac45ed,0,1,0,0,156,21,8,36,1740,981.08
4466,00126da7b59cd1083e8a345acd7ba99b7d9fd40e,0,1,0,0,27,21,5,13,524,383.11
4467,2188d6472d87b9320f913ead3bf608d8170c2f6a,2,7,0,0,20,8,0,4,1795,1207.28
4468,9ba0ff03e211554df6b01fd860159cc74bf95026,0,1,0,0,1,2,3,2,1894,863.2
4469,fbe8a6eb213ee3558be701c73c31a0da79446657,2,8,0,0,144,26,7,33,1105,1447.13
4470,3814af8087c8b5541bea563344afcc344f5efa2a,2,0,0,0,0,0,0,0,0,422.98
4471,72b1a1b4989212267dba9a8d389af21d24423533,0,1,0,0,0,1,0,1,41,189.22
4472,1f061f94906884efca0213014516fbdeb82f8005,0,1,0,0,24,4,11,84,703,488.61
4473,24da2bcc5d74dfe02ad0148eafc9e22368be34f5,0,1,0,0,0,0,0,0,54,133.52
4474,998fe96766a8c826ab0483e657885eb10a9293ae,0,2,0,0,2,0,0,2,110,297.52
4475,7dc2eb95c1752eb661b93c72a831ceb783d42ce4,0,1,0,0,10,8,0,0,33,165.72
4476,56d2296adf281b774aea6598bd8baaa9e77685f3,0,1,0,1,0,0,0,0,21,161.65
4477,0ba5cf12b9e1b7558ccf0c3a8bbd663f028024ce,0,18,0,0,400,181,65,155,40009,18077.0
4478,b73f9d42315311e3573018749aeba34f77f1419e,0,6,0,0,42,8,1,7,299,2094.44
4479,18f3a79fdd2414698817aa4c35d0f9b44d5a7e55,0,4,0,0,4,5,1,3,369,670.87
4480,ded233ef0c93ecfe0c1bf582cfa004e5ca574934,1,2,0,0,0,61,0,0,58,711.12
4481,e75e33fa6dc5e2a3fe061d747cc98679a65ef960,1,2,0,0,0,0,0,0,58,231.69
4482,110d283afd780774a44368b17177b5e8e781e37f,0,1,0,0,0,3,3,0,104,175.04
4483,b8b96bdb733aed87197df3f01834fe47cc756ae8,0,1,0,0,0,0,0,0,104,119.06
4484,b7e13b89c265c28acfb624a984b97a06a837c3ea,0,1,0,0,19,13,0,3,538,309.9
4485,043a63c63b92b0bf68047da6b5e379da35f3c688,0,1,0,0,0,1,0,0,556,278.04
4486,c06e0b57784690af9a30e639b09d7169d5fa1588,0,1,0,0,1,0,0,0,127,157.36
4487,5c5fdd40ebac875ee0b4f9de1a7d1eea3b3788b9,0,2,0,0,0,0,0,0,108,196.3
4488,e8970976ce91f29faa7b7e24e1ae11b2d15fa475,0,1,0,0,0,0,0,0,54,136.54
4489,67ccdabfe8c48229e184d1374f9c6435ccea93ec,0,9,0,8,173,110,1,19,485,3915.12
4490,57eb87b57cc7c69d99238ced08e50cc23b0127ba,0,1,0,0,1,0,0,0,49,208.95
4491,921761575c2e01356bcd1165decdd7b5adc9a510,0,1,0,0,0,0,0,0,62,140.37
4492,c0547983d39eab6a16f4974a1871873b5b8116fa,0,1,0,0,0,0,0,0,89,335.43
4493,36ef643e423e3683fd8cef339cdd95357140af4f,0,2,0,0,68,2,1,2,174,755.69
4494,b48bd56e78788f0cd20735fdb7d9bfcbfb999cf7,0,1,0,0,0,17,0,2,86,220.51
4495,15df6691caf9e681727338d66d8f8b0d42843177,0,12,0,1,40,219,2,37,3802,2771.17
4496,07c627aaed6d381aee79e2e7e388fd115e3cd410,0,1,0,0,54,1,1,26,158,369.43
4497,81619fe9c6bd8f0ab82837598f72ba49f0afc104,0,1,0,0,0,0,0,0,212,179.35
4498,76462036843b51f0e875154b2e150a7a52b0e84f,0,2,0,2,0,1,0,1,186,605.76
4499,8c062d807e4a4c497dbc9a07c5d256ebf92e80fa,0,2,0,0,28,0,2,13,109,377.04
4500,29232a88d174d331a982e5abc01b0d441ed1c248,0,1,0,0,61,32,0,7,913,1102.89
4501,54266ea705b20e12a6f03dab69fa5d6b05e160a7,0,1,0,0,0,0,0,0,118,146.43
4502,33a3d2ca57e855ff5484fb039f14d424132db93b,2,2,0,0,20,258,6,21,663,1148.41
4503,e22de4316e05a6bb4ec5c1621904f55332b7371a,0,1,0,0,4,0,18,33,157,202.89
4504,764bcd3f3da32da77deb052e1a22987d326e46e5,2,2,0,0,13,0,1,6,683,1263.86
4505,9668535debed61e3c13d4b0305e2ac0d3e21c7c6,0,1,0,0,74,124,8,92,611,456.62
4506,c06244916ad3b3527345f4a6b6130214ddc987fb,0,1,0,0,1,1,1,1,75,272.12
4507,93a03feacebb34b639558b8e6400398b3ae26f37,0,3,0,0,0,0,0,0,271,257.83
4508,39355875f383f733850c1203512042ebdc93be15,0,1,0,0,194,94,13,40,854,566.29
4509,296da81fc809f71e8e08bda612ba89925880fb6c,0,1,0,0,36,9,4,17,173,303.51
4510,c432e673377d0b4b8f265fdb2e90fa7c77745260,0,3,0,0,1,1,0,2,2120,859.21
4511,cc83177af8a81499d4dfa2ba182427f2c2443359,0,0,1,0,0,0,0,0,0,115.47
4512,6e81f816c730de1798fede6073b0908bf49ee5c0,2,20,0,1,437,189,62,83,2374,3723.62
4513,88f65a182450c8b08d372166f879ac33ef9a1ea2,2,25,0,1,317,549,63,110,3810,5149.82
4514,ff339c58cc6726c676039e8a7ed4c2f6a0ea4f14,0,2,0,0,11,40,0,2,109,314.3
4515,66f301457f90a49ffbd3cc4c0964f36c86871ff5,0,9,0,0,0,0,0,0,477,608.03
4516,09ea746207a448d8ede85e7905f05e5f9535fb1f,0,1,0,0,6,11,1,8,851,591.75
4517,5fe804c46fcdaa0f2a864917b142b77966ac4df3,0,2,0,0,9,26,0,6,257,304.27
4518,8e003d842619bfce3585761684e7ba4114be89db,0,5,0,1,20,22,3,41,1771,1380.31
4519,dad2f11aa660de36896859ca27b454cce26b4590,0,8,0,0,261,75,17,125,1475,1681.64
4520,b068a9c4fa80ed85c463c6cb95102d2233fdf161,1,29,0,6,131,66,9,65,3592,4700.93
4521,ec3b8f8173e6bdae313bf7f3814e3718a0cd3348,0,1,0,0,0,0,0,0,209,142.46
4522,bfe1e1cef71baa6dc2a4bccbe0848f06f52474ec,1,13,0,0,15,41,18,41,38438,13894.45
4523,cc9ac8277db09058823d7b9599219324e49e9f51,0,3,0,1,141,1,0,8,61,573.49
4524,6158c6428ea72311d7dc477df871aa99857d567a,0,2,0,0,2,0,0,0,376,261.32
4525,47ac42fdbbd0e2944f44beeb52a8881af98cc341,0,1,0,1,4,0,0,0,20,211.54
4526,b7e49b3ab16ad601df76b57ba47a6c685f28578d,0,1,0,0,0,0,0,0,409,248.21
4527,1a2f35731fb3e7804176fad44fb505e02a43f517,0,1,0,0,0,0,0,0,141,162.83
4528,9ec7b808ac6786db74b5cbad0a63f6a9cdfdc5bd,2,10,0,0,39,25,0,2,1149,1666.62
4529,4cd087f44a0fdaaaa49ea82745d4f7aeaeace1fa,0,1,0,0,27,0,0,1,278,246.75
4530,f8c072e974eef21ca7287e21db33f09788cb56c0,0,1,0,0,1,5,4,8,144,269.7
4531,e9c674242b617588651ecbb79669e97a612cd25b,23,59,20,3,167,214,13,46,9720,10618.37
4532,fc8b76f79ec725c1082b18a0d6b19bdd080bb033,23,59,22,0,96,88,0,0,9359,9203.73
4533,f57b89a9c2271367151fee7747913a74936cc830,0,1,0,0,31,4,1,5,807,543.28
4534,0beab74df98cf4022717a686ea087e546e67dbf8,0,3,0,0,95,182,9,111,788,710.98
4535,db4da73e58424de64d56d61a7bca10d33fe213d1,0,5,0,0,33,0,7,2,1493,1158.41
4536,626b0783c70f69e35861cfbbd523632d8d91537c,0,1,0,0,4,38,14,93,800,496.72
4537,39a38e675987d3bcb99a7d2cd8d5e606de6b56f1,0,3,0,0,194,377,23,105,1497,1481.76
4538,829688f9ebf941f90d2168fcfaa8b9385eb14318,1,0,0,0,0,0,0,0,0,169.6
4539,daff1fce0f17c03d51e06d1d9a27a70d9785a5a6,0,54,0,0,57,383,8,23,2470,4935.63
4540,71afb93d9a7862705914cd0420cfda8f23c83797,0,1,0,0,0,0,0,0,64,684.77
4541,c048f97cb02c136d98ba6f711a904881e99e6f5c,0,1,0,0,150,75,8,96,629,581.31
4542,0a6e5fb44e791dfa6989522e1b3f326424afcd51,0,4,0,0,0,0,0,0,958,538.0
4543,920fc9c3005ba14f8918ae4ba5dfe53e38154403,0,1,0,0,0,0,0,0,1497,791.4
4544,872e1218d8ab86b05682ff83363f1a99cefcb0c6,0,1,0,0,0,0,0,0,31,109.87
4545,295984dbd08598793cf2d072705010302fed205c,0,2,0,0,1,1,1,2,95,258.53
4546,b60f63d5438be5ea3f564e7d00e32d1fdb4001de,0,2,0,0,183,96,9,33,1050,754.34
4547,663bdfbd67fab42ccb7d5a6c75af3c61b8dbef2d,2,11,2,2,16,52,4,9,1443,1816.54
4548,20c0baf08565fbae1b6fb52f80155039a847f93a,0,3,0,0,0,0,0,0,289,275.72
4549,f5b224cf9aa0f319d51078ef4b78d55e36613963,0,2,0,0,23,21,0,1,466,330.09
4550,40cf7b00f892d757235d23cedb785aaf45331d90,0,4,0,1,2,7,0,1,1313,706.74
4551,ba6396a20c642108447c0c9820e2585ed6f6adb0,0,1,0,0,161,20,8,61,1743,1162.84
4552,d6145668c6cee8e30246f912ee58e8cd2ffdb9ba,0,1,0,0,8,0,0,0,635,268.81
4553,e7061901a108a9388f270323d327881fc83098ab,0,1,0,0,0,0,0,0,1904,702.02
4554,66599611d585ec600bfdceed14868889e0cb423b,0,1,0,0,4,0,0,0,346,210.98
4555,b2daab711cd8dc03afb39a6464f21325ba0193ee,0,1,0,0,1,0,0,0,350,238.86
4556,3280fb087801de8b66eaf32e7b73a9e74a07d0ce,0,1,0,0,0,0,0,0,1904,927.52
4557,57f1ad3a39ad60e37d5981c77a31776a3ccb0efe,0,1,0,0,0,5,0,0,404,337.57
4558,9382c4b4c505f89ad23df0455ea0c7001317eb3c,0,1,0,0,3,21,9,30,1476,821.89
4559,2b53cf78f53b333f90f0b3d55e209483d0434f75,0,2,0,0,187,70,16,71,713,705.79
4560,681983a1fc83c1bc7f110dc07ab7250f4269eee7,0,1,0,0,0,0,0,0,643,843.4
4561,4f0d7b456a2ba14f9b63e41982daa7868cc82e63,0,3,0,1,196,195,8,18,592,1069.97
4562,d881024eeff2406809732c7a24016e02ab129d34,0,13,0,0,188,351,9,49,3730,3198.78
4563,76ad645a3a8591dd7d5062dc97e2590631bf5970,0,3,0,0,22,18,0,5,611,859.07
4564,373c0336e3e902d2332765ce712546a9e1bef837,0,1,0,0,206,70,5,35,1700,1110.21
4565,dc51727a15f0a5936fc70083356ca2a48d4d39ef,0,1,0,0,0,1,0,0,109,142.36
4566,4c129ae7ef02180bb9dc961420f1f2572c215163,0,3,0,0,34,0,0,1,84,368.65
4567,57769f6bb511282d7d9918f5cceabe7dbb6e8dcc,0,6,0,0,14,0,0,11,1404,1025.18
4568,27efded38d855b24f41e5332ffb29cd13d98f8da,0,1,0,0,6,6,0,30,1900,1068.83
4569,b257109a77e13ff154ded9b75b5e18263eab7bab,0,1,0,0,76,164,0,0,3,265.47
4570,f8be23a8154e8c1d1159ff8ea1dadc82ce89bd2c,0,26,0,1,355,377,11,47,1436,4030.94
4571,c3171085ac520d2119146cb81b67efd7d1b61961,0,1,0,0,23,2,9,28,1477,739.99
4572,5ac5676282eb7f6ac12ef0629e565ab4c983173b,0,2,0,1,5,0,5,9,252,385.58
4573,5a18e3706424270439aaacbf8ef9b57547510459,0,23,0,0,270,160,10,46,1235,2973.71
4574,ed645f32aaa0247f010840170594f5b214c6c185,0,1,0,0,0,0,0,0,305,197.04
4575,0cc0d8ded34051bf94e936dc4564b634a68ea864,0,1,0,0,0,0,0,0,420,201.08
4576,0396ff4785ff98956c4aa161cece9fb3d2c8a9fe,0,1,0,0,67,47,3,4,542,416.14
4577,86a077a190a1cec89112b9f1fd991f0fe06d2423,0,6,0,0,457,527,13,57,1039,1739.92
4578,b0f7bab7da7511b8b26332a3b436967ae75cecca,0,1,0,0,99,153,9,104,627,596.25
4579,37130b5998e060b52c379fbd726d61e3e7926a3c,0,3,0,0,32,0,0,2,522,468.17
4580,fbe63ab3d9d71107261126616fce4199fdd61e36,0,1,0,0,0,0,0,0,880,792.82
4581,dfc9faf28bccdd0e0da0681698ca5223968369d1,1,5,0,3,34,10,6,21,352,981.95
4582,371e7bf69bbfdca0f5415e32a8c0f652711f5257,0,1,0,0,18,0,0,2,285,279.52
4583,e0eacd28183beb6f2b7c995b4cde4e85b7b30e4b,0,1,0,0,0,0,0,0,18,112.3
4584,76664d2c1cbd94fb902c4867f28f7e07e2c284a6,0,1,0,0,46,37,3,12,115,320.94
4585,1c686b21722c8ce4b9b4baf56f45b4b21aa8886b,0,4,0,1,426,215,6,31,1208,1169.5
4586,0f0a11c979d5ed8503dbba87894e685245cc1b41,0,1,0,0,42,4,14,95,800,525.73
4587,25a46eae5d1f6b48a490a4e77eb4df7c81a436d9,0,1,0,0,0,0,0,0,726,316.3
4588,9ae960a1a4f57e3c9ec018f3cbb32fd3312d7a6e,0,1,0,0,10,3,0,1,67,203.68
4589,ce4e4b9b5b29b0e0518aafe02544de3765ea9dd7,0,6,0,0,86,19,1,8,526,772.72
4590,1e73b330aca294b924e5045905db615e77b13690,0,10,0,5,33,7,0,13,646,1489.21
4591,843e92c96b0ce5a8418ba42bbef5a6c26750fe79,0,1,0,0,0,0,0,0,303,269.62
4592,a2a31244a7434cd93409754d6bbeb180147d3df1,0,1,0,0,0,0,0,0,144,167.66
4593,4fbed40c6c7f2dc9af8feb222139d06adc0eecbf,0,1,0,0,1,0,0,0,49,152.21
4594,bfd73beaf1554370eb23897a403991b3e2467dd1,1,28,0,1,289,246,71,200,38717,17600.21
4595,a3dbc3ddc720f9ca4a9075fa542b3a8af54187fc,0,3,0,0,54,30,3,8,963,732.6
4596,1a45fcbaa331c768edb083f5682b4f559f4de33d,0,4,0,0,29,2,0,1,512,549.69
4597,491098e797d01b99275b98109392455f4a5bc2bd,0,4,0,0,2,25,0,0,516,470.02
4598,afe4d555bb070a7f2fe4b864727d27843f9b6482,0,1,0,0,0,0,0,1,218,153.09
4599,dc457c5ebca5654c86b4df8a7574e579bae00b7e,0,4,0,0,107,424,10,112,981,914.99
4600,2548e5aca3a1ddc0c8b1e9ebe345d4be7d4a54c8,0,1,0,0,256,26,2,2,53,776.74
4601,6d6a5e330bfdbda911f8ad0df393dedfbf648632,0,1,0,0,0,0,0,0,287,178.86
4602,605c640aae57c2c8ea456e4a457032bee2130be3,0,1,0,0,0,0,0,5,1500,665.29
4603,6decaf4e868658fc79a29cc4ce91d09d490b389f,0,1,0,0,2,0,0,0,242,215.46
4604,d28034916f2cc52a52912fda6c32417b00c3c053,0,6,0,0,0,0,0,0,1858,967.44
4605,f2be80c6170f469a42b0f01d91b4ad206b5c1cf3,0,1,0,0,20,17,1,7,212,294.58
4606,d2f43e41cad76fccc666b0d90ef9a20df221e22e,0,1,0,0,1,1,0,0,146,165.07
4607,e7ea389a32d85c2cfe5121256aa0a4823f25c2b3,0,1,0,0,0,0,0,0,147,123.76
4608,d47d4b79921fdde93b95dc4b9697141b817a58da,0,3,0,0,177,214,0,7,1410,917.13
4609,1795e1b1cdef53d12e30ff24d7f934a1f0b4a814,0,1,0,0,0,7,0,0,45,127.45
4610,6f217f7fe86cd06b23033f9efe678bde2e08d4d8,0,53,0,3,166,201,17,55,4382,4970.64
4611,6b3b62f98e5243b0bf9ecf65cda78989619ae792,0,1,0,0,0,1,0,0,198,182.26
4612,af1a9fef29be8220973834f89b21bd539efdf055,0,1,0,0,6,0,0,0,254,240.59
4613,aa518998c9114f6cc8de4bb43d5dae7eaa6b06f8,0,1,0,0,3,0,0,0,144,274.45
4614,2ccbe3c6f547511e79454b79cbef682ef8a6973a,0,1,0,0,1,1,0,0,94,184.52
4615,22bf2c40e46ddf11e1ae0faf0db9e58578c662c4,0,1,0,0,2,1,0,2,30,190.67
4616,7a39421074d3d14bfc1a4fa1ab986b4fa614f324,0,2,0,0,38,6,9,7,492,554.81
4617,a7202effa7067604ef23eae441caa8b9480a63f4,0,2,0,0,0,0,0,0,530,284.54
4618,0f49210cb6af7a57b9d8a37cab4f3b1edbd64ec1,0,1,0,0,0,17,4,3,147,215.99
4619,5c2895881b8f4ff080f1f7236f5d759f0323ea91,0,0,1,0,0,0,0,0,0,99.34
4620,4cdd75a5887f39cc6f2cb7971b06699d534663d4,0,1,0,0,2,0,0,0,971,1123.24
4621,dbe53c811fea105f0a98adbb21850348ce37d336,0,1,0,0,1,3,2,2,31,256.22
4622,9ff7d6f0296c3f304cb9ab18966686daf72dffb7,0,1,0,0,70,200,16,73,693,599.6
4623,a11724366d3706a5fb079c75ef844ee3c808ac90,0,1,0,0,93,194,13,39,854,554.36
4624,ec673ac99708ba6c0d62a50f6c870d846a7435ba,0,1,0,0,0,0,0,0,32,114.8
4625,703bd684ca79f817392acfed5c26ad0871660735,0,3,0,1,153,73,7,85,748,909.59
4626,65daaf9d6ae90c1cd01cdbe23e36998411f0f2ed,0,1,0,0,4,8,0,2,197,439.97
4627,c552c29dffc848dfb91216bf520d379b5a25e150,0,1,0,0,2,0,1,0,47,192.65
4628,75d0ac9b270a8a82c72e37dfb4b73607b75664cd,0,1,0,1,0,0,0,0,164,427.89
4629,6851c81867f317110487b05b509841f5c159aaf1,0,2,0,0,55,14,1,6,315,550.82
4630,bf6c3aaba3657b7b57ebfac2de42f6ee27138bed,0,2,0,0,0,0,0,0,370,194.84
4631,3d95cad4f014deb7868a7cbd816351a6bdfacf32,0,1,0,0,0,0,0,0,311,163.67
4632,913edd65090cf4d38aa8bd3b3966e56fc52caecb,0,1,0,0,0,0,0,0,311,182.08
4633,ed4a06771f555f49882c37f02ae45a58c2301105,0,6,0,0,177,2,5,6,706,992.83
4634,238139cda53eae51516c477f7ac10c5397df02a4,0,1,0,0,109,116,0,0,21,321.46
4635,18f0234bf908d1f970bb694d0bb58539ab427387,2,5,0,0,154,26,4,6,923,1194.18
4636,f022354cb44a15d034b3a28dec5d38cc97084faf,0,1,0,0,0,0,1,0,57,146.3
4637,e533d5afbc0cc1c321060dc40224422d23578b4f,0,1,0,0,26,5,2,8,142,279.81
4638,23d7bd85758762dbc2b717af56c4f590702a8b30,0,1,0,0,54,81,6,18,528,484.38
4639,93f838d18518b42427f6596041a7d7edecda4ff4,0,1,0,0,1,9,4,37,174,219.46
4640,50b40e91f0605f5dea56994fe4de47dfd6e46b36,0,1,0,0,0,0,0,0,175,702.41
4641,a0d6ed1290540673b0336418cbca0dd2f07e64a8,6,3,0,0,38,30,0,0,504,1134.08
4642,815b2382a34dc25f005c9cc1bde78e10bc5d2ae0,0,8,0,0,32,3,13,11,603,861.09
4643,2bcfab03c6621114178cd3c248667373bc6a970a,0,2,0,0,0,0,0,0,103,183.69
4644,f5d632fa7ad94021bde4f4f6401a1bfcc2759c2a,0,4,0,0,55,26,2,5,967,718.78
4645,c27a161920a2227cd04f8338a75732920694b1db,1,41,0,9,572,345,41,129,4789,5627.12
4646,cb0a0cd2f8295a526068b7f6c52860e707e7665a,0,1,0,0,215,422,4,35,551,719.01
4647,a34790085ae7f79615f7225911ba9cf8ceb8f3e2,0,1,0,0,5,0,1,3,24,185.21
4648,89fc57674e68c834564cbcfd42e158fcb0aa4d33,0,1,0,0,0,2,1,0,83,168.51
4649,2d2099751c63149f21b5635e0e290722b2ae92d3,0,1,0,0,98,104,0,0,81,330.68
4650,e15dee2f4a92b1d0822f229488d89a405b4ef0cb,0,1,0,0,2,0,0,0,179,180.64
4651,82081c7b4b2ad2d602374f0817abc4cfc2c86c98,0,2,0,0,110,7,3,11,527,563.56
4652,c651f83627b4bc491e2ebe6c8f29c311d40ed2a6,0,2,0,0,0,0,0,0,60,197.02
4653,9e846d9ff69f825f6200f7f75fdfc53926bfc255,1,5,0,0,204,100,16,51,2128,1782.02
4654,65f189b9d0520ce9d6a2ed8742d227e60a3e76d4,0,1,0,0,0,0,0,0,83,132.76
4655,1db8a221b30362d11799b20bf1b699d28022114a,0,1,0,0,17,37,16,86,805,601.15
4656,a2006b6d8992ebac9eab6fee890cd7b4004872f3,0,1,0,1,0,5,0,0,178,415.3
4657,873ce0cb3f05d55753f205092e681c963cd20fc4,0,1,0,0,2,0,0,22,176,241.57
4658,e7c96c438ca9d4ac43030306127a8698659ac033,0,1,0,0,0,0,0,0,178,157.1
4659,29605aedd9e19f2f07042cd0aa6b31b6c94a4aea,0,6,0,0,82,235,7,32,2169,1616.76
4660,bc12d73a5a0f31ab8258b3d2a35063b5750df91c,0,5,0,0,88,1,4,13,1306,1643.46
4661,ea712bbbe8bb66ceb439dad0ddbb10da18a19c22,0,1,0,0,2,0,0,1,83,177.47
4662,ebab9d39196384f2b9f37cb241b276f8112ab281,0,1,0,0,210,169,0,1,435,439.04
4663,5dabd1cc0c65b329ff518d7ad3f09e4c11494f18,0,2,0,0,3,0,0,0,175,206.15
4664,3529ac711e5588918afcc8b514aa03c67a9adac7,0,1,0,0,72,156,8,90,651,481.05
4665,8de7c1f5de0fea4d2e49920eea0f08c33fdb56f8,0,1,0,0,3,14,0,2,187,241.02
4666,bc98886d4bbb15eec28f2e8f059dddbd47999985,0,1,0,0,56,106,6,19,540,453.86
4667,7a300c2a5e84cc39d1ac7e97dbf2f16a5e0013bc,0,1,0,0,0,0,0,0,303,162.93
4668,dbb55ebd685ca36dc962e07d1a33b3354a1ce433,0,5,0,0,382,312,33,170,3832,2250.91
4669,fcc51ea49bb45b5862acdb458a5c9a96880597bc,0,2,0,0,2,0,0,1,297,271.88
4670,a606c6c5ed25ddb87ffc3f6ca5dfa18d34a46a25,0,1,0,0,38,3,2,9,98,308.42
4671,b362aebd304144235121350913839b9a7ba3a5b0,0,3,0,0,171,75,10,89,1086,998.52
4672,5fe46e145adfe54a1fc4521fd274833e3bce4ac2,0,1,0,0,8,0,0,5,948,434.01
4673,647e0678db7c4a112a605754459e3d67973275c3,0,1,0,0,1,0,4,8,232,206.35
4674,d60ead8eeabda1edbb622b9a73f81e835ed69ba8,0,1,0,0,0,0,0,0,233,141.38
4675,3f5322f02af3ef7e93706cd80ca65c5b127478e0,0,1,0,0,0,0,0,0,116,149.79
4676,407980c76bee05f91d9cc7d6ce5f664f11b08318,0,1,0,0,0,0,0,0,0,110.25
4677,cc1072473bf4908ac24ee279111d8ffa6146f78b,0,1,0,0,0,0,0,0,142,129.93
4678,8d1fc58276c9e79eaccb35720b804fa4cc048927,0,1,0,0,76,209,5,25,1695,908.1
4679,cd6aa2d1ef16a8af2e5e3de20e2389575d8021e1,0,24,0,1,592,615,29,79,5024,3797.37
4680,65cd5801f53e2d9abe3cd9d557e39a425976cc6a,0,1,0,0,0,0,0,0,165,648.67
4681,02d9238e2ac664ded1db7b923201bd4d9730f9b3,0,1,0,0,10,0,0,0,3,178.17
4682,741aa31a08976093b8adcfe0881232220d63af94,0,2,0,0,0,3,0,0,615,290.55
4683,625d43f83ecad4957aef5ef36bca10f559ddf9c8,0,1,0,0,3,0,0,0,39,131.98
4684,f5c9b4a8b9a7cabfd99e1f9b3978498a6bd55c39,0,5,0,0,87,85,8,18,588,748.33
4685,cf1de311224dce9c3db51db9dcbeae30bb22cfd0,0,1,0,0,17,0,0,0,25,148.61
4686,4b805adc54007498d7ddd63ce0de43bfe126675f,0,5,0,0,278,181,1,1,613,943.01
4687,a4dd7aa39277c6c7426b9e05e2d3676bc428692a,0,1,0,0,111,102,8,57,376,479.94
4688,db381eaa0823e2d36bec664722fd17714efeecc8,0,3,0,0,1,0,0,3,1224,689.5
4689,c2847864c6ec05320f18ba380104742b41ca4023,0,1,0,1,0,0,0,0,152,369.82
4690,47b2cd6620894bf0c4c4584036eab49a2e14a50e,0,1,0,0,2,5,4,8,136,280.88
4691,6ad62c3f4a44ccbf1b462075610487e771e56f73,0,2,0,0,3,1,0,0,697,460.37
4692,254d315d52e0d442212b4a3840ae225dcb4086e2,0,8,0,0,309,276,25,163,3762,2785.04
4693,14da6bca01754fc4b4cee1398f5f603a1c5543f6,0,4,0,0,18,33,4,27,649,738.23
4694,3205e5dbbc8fb8f365b72137cf1c1ea50f15cab6,0,42,1,0,371,243,35,139,5113,4391.91
4695,1a5021525bb68434daa8f7a3f47828b8475b4e89,0,1,0,0,1,0,0,0,872,427.87
4696,83a43f121485a66c6862baca52e740cc479910e0,0,39,0,1,189,85,13,15,3948,3657.22
4697,b14273b4352ac814946d8e1b9f9be479ddae8d0b,0,1,0,0,19,4,4,8,104,256.19
4698,7375c03aa6b6b8c97b9485e8a94b26a9ca1ee465,0,1,0,0,4,13,4,9,110,199.78
4699,3380fa7baf76998b7c2fdbcb85b23fa3f0099f7c,0,1,0,0,72,200,16,74,696,523.36
4700,4e52e0d2add1358c5d80bf9bf805a987dfb4dc5d,2,25,0,0,460,259,4,29,7070,4762.08
4701,31f6ec1bf5ac642ea0e47e40e62add46901135fc,0,1,0,0,17,0,0,0,31,156.89
4702,d1595b2175f09d69400c4287994845412f8a8e87,0,1,0,0,1,2,0,1,1056,474.05
4703,06dc4d0fd278ce0b4b8f86eaca1ff45269c0da17,0,2,0,0,35,27,4,10,106,366.99
4704,edc753127311fefa8de47fb9cc42a30cd783c24a,0,4,0,0,12,6,0,4,1120,770.63
4705,b248b1ae390bcbe81724c499882435a4a5eda4d8,0,4,0,1,5,0,0,1,202,563.54
4706,41798b6f693fb14b0a1bf2fc212714eadc973719,0,1,0,0,0,0,0,1,40,244.63
4707,04cd81cdbb16e4f64b950325b581c6ba573b14a8,0,1,0,0,203,70,16,71,698,627.62
4708,30f5e561312ef7359d9a8ad0c3803e0ae150a4b7,0,1,0,0,0,14,0,5,113,190.6
4709,52678a284382d4da911c007fe8bc84b47057925f,0,1,0,0,0,0,0,0,36,110.8
4710,4f5242cfbfb302e8099cb514ea78f134fef84d45,0,6,1,0,30,75,6,20,1224,1165.59
4711,caef32e5d67c3b093de53bf99479cd457169178c,0,2,0,0,149,218,19,63,950,830.62
4712,1ff0d8e9f653b7575caa0f2c09e59ff51c79a8ad,0,1,0,0,12,54,6,13,97,293.14
4713,70297f9ad44d52cc9612cd91e7305969fc86e204,0,2,0,0,81,13,0,1,592,631.82
4714,fd129664ca482181d2c794a68bbd5a5bcc2b01be,0,5,0,0,33,15,0,3,638,685.11
4715,f5618e36dcec78c0fb791327defad14b4488b235,0,3,0,0,57,10,14,31,1075,676.86
4716,4f119341eabcbe276d4409e8ec314ea337f10822,0,1,0,0,0,0,0,0,412,215.44
4717,8cc28a1477e19545bd0f6dca9180c937f9c85c8d,0,1,0,0,18,21,5,17,212,286.77
4718,53e48edc3062bafb7a8b5c3c301add5cd6a2cb19,0,1,0,0,78,206,16,73,695,646.69
4719,f663a996c799bd93963a50b418ed5fcde2e48a40,1,2,0,0,15,11,0,5,304,480.69
4720,2ce932761afd9f0b0949dcd97d360927c3a2c007,0,1,0,0,21,0,4,4,147,757.39
4721,fa70e064c41b13c1528359485c0e2bffcf3b23f6,0,1,0,0,1,0,0,5,111,177.23
4722,e546e33872426be0db084b2eee1f9ffac0994772,0,6,3,0,208,145,17,76,1654,1507.97
4723,50c9d77e1b2be206a765e7f86cd4b8ecf3d232df,0,2,0,1,206,70,19,75,728,974.2
4724,806a45225bb5fdfd5f21cbc90456dc9dbe7c4461,0,1,0,0,111,104,8,57,376,512.34
4725,0e18f23c5cb7080b3bbaee15b87001b323fd1c29,0,5,0,0,105,204,20,110,2763,2115.97
4726,b281dd15db9139a50493aa35c85ea270cc9e84ef,0,1,0,0,1,0,1,1,116,219.71
4727,6ec4eef2b0d7c7ef235299d47016dd64ff2ace04,0,2,0,1,221,73,16,72,712,835.46
4728,bab28e4ae4cf420f24433c24ea64177d78a7307b,0,5,0,1,3,4,2,2,1449,598.06
4729,a05f6309d16ce6943442c4f5734000d34ab313e9,0,1,0,0,0,0,0,0,114,99.16
4730,56b5c6f3024625b90f7a1deef1def7a7002b6e28,0,1,0,0,26,9,1,0,47,139.17
4731,dc95c8c0beb9309cfdfbabbd32ea1b74084daafd,0,7,0,0,138,235,22,59,1824,1448.23
4732,dfe49376097cf73c04c0d8506782263a2e820cb0,2,4,0,0,8,1,13,29,862,715.26
4733,07b4878b046aa1a3a4717643095c03d9134878cb,0,4,2,0,1,8,13,31,862,617.01
4734,e638acec945924d31c35fa6308b62ab6873bec6a,0,1,0,0,10,0,0,3,388,295.11
4735,8d6271ddf22115da4032247f1fabbcea1b9a9d07,0,1,0,0,12,9,4,7,105,266.08
4736,d19f802a296862010f26e09892351d923d31a23c,0,1,0,0,0,0,0,0,117,125.69
4737,e93578b3bd9776b99d4068201b1f872f8f8689e2,2,4,0,0,35,94,7,56,1117,1378.66
4738,7161aec42c5bdb9e007587e20bc71603a505a95d,0,10,0,0,194,116,24,37,2126,1631.91
4739,9d7bb1e0c27fd5076afc750150ab4b86f228efb5,0,2,0,0,64,83,8,22,1025,595.87
4740,eb390d02e57894bc04505571e1d0c1d0a08b3dd4,1,12,0,0,9,14,0,0,257,1445.87
4741,a552b305f3d1b17e394744b18efd7f40599f3c2e,6,13,0,0,706,400,5,44,3183,10723.57
4742,a886e34909c313a1c3fa5dff48b77f1cee2c6847,0,2,0,0,253,527,10,42,742,2176.36
4743,caf047b8581709ba57327f9e3c4607f273771840,0,2,0,1,12,2,1,0,42,1035.55
4744,df046d6b4262c3a879b60d1b6f082aea792e09a0,0,5,0,0,274,202,5,22,1996,5936.57
4745,2336d94ef3a286bc9b7331086085eca56f915e76,0,8,0,0,11,9,15,25,713,2243.69
4746,72be2a4360caa0f9c315097bbd5d9199a032821c,0,2,0,0,186,225,0,0,452,1480.34
4747,5a7cc11f29c69265d6302a54690476b7ef2de61a,0,2,0,0,111,56,8,18,561,1290.92
4748,e5cbde9d62d7cb3a4755099750107aea77b157be,0,3,0,0,25,8,2,13,302,808.72
4749,fb43309b4741372f777e8ce910cd496299a1ebbf,0,1,0,0,42,9,0,18,346,695.41
4750,5dc508645759f6f45f837ae38bbefc631b2209a6,0,1,0,0,0,0,0,0,128,279.19
4751,2267c20942feb486fbbf1bd54d7a0fbbe468ae10,0,8,0,0,323,256,2,16,3601,4360.06
4752,2980796a7df00499f6011c1d5db349521c9c5a50,0,1,0,0,2,1,0,0,127,766.31
4753,ba59423b69b6d3c8c8372ee1ee40ffddf0f9d2ad,0,1,0,0,2,0,0,1,303,623.29
4754,3448ca57f3714521b5b7fc88fac43e31d0adcafa,0,1,0,0,10,41,0,5,347,825.93
4755,326d5454dd22a40117791952a80fad37e9161d89,0,11,0,0,21,72,1,9,695,1557.25
4756,fa8d92312e2f881fab8e58c8afc7265bd0d52bab,0,1,0,0,3,0,0,1,877,476.54
4757,1b79d6ed4f19752369a0345ae8d611ec107746d5,0,1,0,0,0,0,0,2,185,174.5
4758,546485310e20dd2c6c67f863cba4b5acd1bae586,0,1,0,0,0,0,0,0,185,130.87
4759,ed9d11a72feac5840b1c725e71e22f56a72c8dca,0,1,0,0,0,0,0,0,961,333.3
4760,102e9119b8f9cad55ac84bb65cf0d620b3e17533,0,1,0,1,2,0,0,1,50,1115.77
4761,25926d0946ff04243dab6876dcdd76b05c57e472,0,1,0,0,2,0,0,16,671,725.35
4762,5d08a2518d3c538ba7c6a91893424493b28fd9ac,0,1,0,0,14,16,0,1,187,318.66
4763,308a3e41e7a70be90ab3335601f3a67aa93d8927,0,1,0,0,0,13,15,33,443,269.28
4764,00e871d0fa4f34e0024d82934d7ec9649ab62680,0,1,0,0,1,0,0,0,90,204.47
4765,389ff55e2bbc3046a6ad1aba85bdaab0e38dc6e8,0,3,0,0,72,71,0,3,1048,600.03
4766,20c419b9480e0e5b3c1da53a106b2a6760be35b9,0,3,0,0,103,80,1,10,998,1067.41
4767,7a87fc1186f39678382cf9b3e1dd224d9c71aead,0,1,0,0,0,0,0,0,119,147.82
4768,8693a26e42851b99716317f8c44d571f674fb697,0,6,0,0,640,317,19,68,2658,1858.25
4769,8d3d67e5f2ce2a215dc9f72ca252e5f0efdadc6e,0,1,0,0,0,0,0,0,185,188.4
4770,ee553f32d31afc0c9ac627f713050bfcbc24ab36,0,1,0,0,0,0,0,0,45,138.23
4771,c8915cea4ba58174208c083b145fecaf93c7e69a,0,7,0,0,47,25,10,21,2612,2732.65
4772,c3b7669d003cc18fbba5f8c9bd3258c624f54c4d,1,0,0,0,0,0,0,0,0,509.25
4773,d7bf566aed0cd8add3707f97aa309b2bba9b28ee,0,1,0,0,0,0,0,0,975,508.57
4774,65773b1cdcec02eef0d73c15890fd0071bb78949,1,4,0,0,18,2,0,7,1506,1213.16
4775,898ce5f046fe2405a521f3128252d28ae9748f58,0,3,0,0,4,2,0,1,970,548.57
4776,00f6173f5d80bbdfd05b725236ba96cbbca58746,0,1,0,0,0,0,0,1,1070,392.29
4777,705e8d5a7d179b4b9b4e002cb549af3848920236,0,1,0,0,0,0,0,0,1070,345.58
4778,672131d97fe31a7c724a236fc4f040d4c241769d,0,1,0,0,14,2,0,0,467,309.12
4779,8f88670f721f4ab4206c9b2d5594eabf1b46cebe,0,1,0,0,1,0,0,1,60,186.06
4780,dc7221f0bfd44dfb70d0f9256c9cb1fe91462c50,1,8,0,0,369,507,8,37,2305,4680.71
4781,32c3f44a684a1208bf9d43c18079ba45aa8e2fa6,0,1,0,0,1,4,2,44,181,447.8
4782,88944ffcd85ae59fc92202a5a547b3c65efa03f0,0,5,0,0,14,14,2,6,2868,3077.5
4783,546cbf5ffc8205e361ed9cf57b44faa384097c45,0,2,0,0,6,6,0,0,195,341.1
4784,70239e17b55b9e13b7f356683d78887f0c9a83c4,0,1,0,0,0,0,0,0,213,155.32
4785,5440a0a6767544d6ea1ba34f5d2a3e223f260fb5,1,3,0,0,128,228,17,86,1055,1258.61
4786,76cb10ca92d46ccf9bb3f81f0ad897c6fb9bbf53,0,1,0,0,22,17,0,0,109,260.92
4787,c7af3040c6ecd7a7fa7288ac56ba0c7fe0602e40,0,1,0,0,0,0,0,0,126,127.53
4788,b3647d9e7e30668370b701bb0b3724a111e24795,0,1,0,0,193,21,6,2,889,692.44
4789,31a9a2fd1e93e41632b729b43c0894c0e8e0c4e9,0,1,0,0,0,0,0,0,213,153.13
4790,55a55000526bc24313bbc7afc08f758d35dda03a,0,1,0,0,5,42,15,99,838,588.95
4791,71c89128279af4ef9f1a990b022f77e05f5aafb8,0,1,0,0,0,0,0,0,843,406.76
4792,8dfd75de160a29516af315166649d5c66cec3113,0,5,0,0,23,31,0,0,908,734.84
4793,56b0e7bbbd9223830ff755684a1a7113d083539b,0,1,0,0,213,69,16,74,714,619.05
4794,a28b4300c53dfcb8b5a23b0b0295252e0788ee21,0,3,0,0,56,26,9,41,1208,760.3
4795,6529d7309a72916d9efd126a281801b9cfae7d68,0,1,0,0,0,0,0,0,91,131.95
4796,5b7dd5e62897d0ac13f96330e360d2262aeb0650,1,3,0,0,112,203,13,40,930,890.28
4797,89428ae268d2be5371a50c77d0e21bb5e952db77,0,1,0,0,0,0,0,0,970,398.2
4798,8d9b5fdaedcd06462882212781fe8d86f34c4c44,0,1,0,0,5,2,0,2,1498,595.89
4799,4784e6717a7217f0d82cbf73d0d3883ec52211d4,0,1,0,0,10,14,0,10,112,225.95
4800,d396fd47df2c04d75504208eb1de9d683747f5ee,0,2,0,0,0,0,0,0,873,995.97
4801,e43b82ba6c02d305020959adfcb2189389c82261,0,1,0,0,0,0,0,0,1503,530.77
4802,9d31ac14dfec10ede53cbd6fecfd9a08c39bfa45,0,1,0,0,66,263,25,93,707,571.23
4803,3633aea42d7689fa0252c104f62b0646d0858624,0,3,0,0,5,3,0,2,1117,638.95
4804,bdb7bb16facda0fbe266390bd3213f092d02c0dc,0,3,0,0,0,0,0,0,1122,493.73
4805,a2b12784fe3785fe96d9c0e2d7e8c72bfc88ac7c,1,8,0,0,172,147,10,114,3375,2003.79
4806,b77fdcc3df540ce5f735844eec0cd4cc7909ec07,0,1,0,0,0,6,0,1,369,225.53
4807,6a543407835fd40f007a9210d1f837d621d446c7,0,2,0,0,10,35,0,0,169,260.19
4808,fe56518d94bb53cf931a4700d9c5e4e56fc6f703,0,2,0,0,14,0,0,0,141,192.67
4809,241c70a37a89334657c9983736b35db0611fb874,0,2,0,0,83,13,6,14,172,444.62
4810,102c3c123ed52bff6d2e2418bb393b9fdc427f7e,0,2,0,0,0,0,0,0,255,185.43
4811,f31e399abe01c0e78f3b8289c562c2f279f04c2c,0,2,0,0,42,19,17,88,840,675.74
4812,111c74ef94d4d75c19611ca3e77d7c54552810f0,0,3,0,0,232,107,16,82,1087,831.59
4813,1bba280b790a9abf1f96048e3566a0fbaa854141,0,1,0,0,9,6,0,9,43,187.48
4814,6fae7a6509c516c403c8b343ab208225669095d7,0,3,0,0,0,0,0,1,1448,691.83
4815,9644f098967d6ba9154725148a383b3502ef62c2,0,1,0,0,0,4,3,3,96,180.68
4816,490135213d9cca5fbffc145d94222ec74dc65b6a,0,1,0,0,19,40,17,88,842,450.14
4817,8a506e66a66c004a7a253e3dd28845517da8a967,0,1,0,0,0,3,0,0,39,144.14
4818,7290abd198d6c63f1109094cf237d9c84f617f7d,0,3,0,0,330,648,22,77,1469,1254.25
4819,639c01a3504ba2e2a55061093651a9973ad68d11,0,3,0,0,73,39,4,19,1077,737.22
4820,bc8e2475fa71f4bbbf95d4294d78b96a1aa1211c,0,3,0,0,1,0,0,6,1150,1009.48
4821,5fab1276cae60d59dfbeafab98b9c6d1bce2e7f0,0,1,0,0,12,3,0,1,322,294.64
4822,d40f3c8d7f826e88c4e2d23dfa2712b258b9857f,0,1,0,0,7,17,0,3,276,255.5
4823,4e35969795793159075cd9368f3dd595b265584f,5,3,0,0,28,1,3,31,1150,1648.76
4824,b1c60a0c083fd79141e9cab071ac222b8fe0eb8e,0,9,0,0,138,234,0,49,1387,1283.19
4825,d6d35ba31e193cfd6f73019c3dbe97670f782e61,0,1,0,0,4,1,2,46,181,246.21
4826,8dcdce4e904d419e821aa80a9d21f61ef8803911,0,1,0,0,83,19,23,109,842,587.45
4827,4a0f26c1315ef3a9c1fd7cac5d43bbdb91f36131,0,12,0,0,219,390,16,21,1606,1725.88
4828,5c0c84b3d115880e786063df3b6e5f59eff402a0,0,12,0,0,0,0,0,0,1825,926.46
4829,8d319b06a1086f31271c451f67a3d78b48aa0820,0,1,0,0,2,0,4,60,925,478.62
4830,c9528f9c9c6c53779959419625ac6aaf3ed86025,0,7,0,0,34,26,1,4,386,938.42
4831,aefa20d0fe2360ab9ee8db6d2c535f5eed498669,0,1,0,0,0,0,0,3,641,239.3
4832,886f16ca1c14f1209151579408b59cd699832cbf,0,1,0,0,0,3,11,30,638,270.75
4833,4e53d1e75c1f327ece05cf4445dff4d3f2cdf44c,0,1,0,0,4,6,0,3,388,281.01
4834,c5368c70f2febb2f37682baf8c013ad856d56a46,0,1,0,0,8,26,6,9,142,211.33
4835,f19610c1a9357e217d156908386b7c04c865758c,0,1,0,0,26,4,2,10,146,287.04
4836,351d43ef120a725cf83d29f80fd243ad9fc30fc2,0,6,0,0,541,304,18,129,3132,2132.91
4837,4dc5d690f1483ed8e112c0d7834af1e46b982b05,0,1,0,0,85,207,5,31,1727,855.14
4838,16bb89810df5d1b0d8c7262c1f6c426e36866372,0,4,0,0,11,10,0,0,210,360.24
4839,6bcf28edcb1d59253113102efd7ac25ffb35037f,0,1,0,0,6,5,0,0,1807,631.54
4840,91bd207ffb3bb8fb1071488a372f65ea168cf222,0,1,0,0,5,6,0,0,1807,1268.08
4841,44f8ba4f702bce85265bf841daf32204e9ee8221,2,1,0,0,5,0,0,0,351,672.37
4842,4a382ff4565f6c85e36587683051257e1abb590d,0,1,0,0,208,85,5,39,1727,800.26
4843,558483dd20439d1bc74dec6ebed0b4632ef5a1ca,0,1,0,0,0,0,0,0,1935,700.28
4844,99bef9dfe8bbf83526b5a3686a7eb1aaf7cb9b94,0,1,0,0,85,207,5,31,1728,968.51
4845,2bc30e4ba50f8f21d357d88ae4cf70e15df270bd,0,1,0,0,0,0,0,0,1813,677.1
4846,db275f4075dd9b870bd30ee7deccbb072c625a03,0,1,0,0,1,0,0,5,1813,723.84
4847,e983ef13b0cc4c16aad2c63590f3e42e6bc2d732,0,1,0,0,207,87,6,42,1727,952.94
4848,30205558335d7ea547842db033d9d8f5e8834973,0,3,0,0,9,20,44,64,898,580.61
4849,232906d7e01587c32739c61cd72079715c0abb3c,0,1,0,0,3,0,2,3,96,288.76
4850,6f0b88002ecef88e31074356125f28f81a22a98a,0,1,0,0,4,1,0,0,17,191.64
4851,0c65759ef4cb91bbca60881c9e3aae39ce9ddc2f,0,1,0,0,1,0,0,0,83,160.67
4852,abe1395cbc29b21856d06b4bb3857fa7ae95eb18,0,1,0,0,2,13,1,8,254,245.9
4853,fa155248eeb88fabe2a67fd9b591bc3401c1bae6,0,1,0,0,0,0,0,0,256,135.84
4854,9afac241090ee961bd1bcd3c9e78798ac1868d37,0,1,0,0,8,0,15,24,168,224.72
4855,d00a2336b7163ad8b4a0c0f4a848ad79c3652903,0,2,0,0,90,207,5,35,1780,766.16
4856,df188cc8d286b3ad17e21332dd5633d9f974108e,0,1,0,0,0,3,0,0,19,202.58
4857,edd1226fda7408f97ded52a8cdab0ba1dea8d0df,0,4,0,0,46,47,21,94,2318,1099.96
4858,189a60728db1e01bfeaa664b41431701fd684f5f,0,5,0,0,66,127,3,29,533,764.79
4859,b365edc46266925a6aec028345f6a47d415a1f0d,0,2,0,0,3,3,0,0,1437,555.73
4860,7e057f504613e68082a76642983d353f3f0400fb,0,1,0,0,0,0,0,0,129,589.94
4861,a9b403e649aaa4de5e28d3bd4c562568d0ae3fbc,0,1,0,0,110,109,8,57,379,462.33
4862,db9bc6929657fac40cf25af94bf919f1b213655a,0,35,0,0,240,163,38,133,7486,4385.03
4863,4768daa9d0ad55f026615d1aef330c38203d80d1,0,2,0,0,44,60,1,1,454,517.96
4864,66fe5bdaaa1f5e22d33528c3d2313cc23e7621d8,0,1,0,0,419,219,4,28,556,669.63
4865,7159ec10046fd4dce58ca9406ef096fdb965700d,0,1,0,0,0,0,0,0,667,300.32
4866,59bf44dd94939cea513a74250f6002357d1f9f2c,0,2,0,0,21,3,0,5,417,333.06
4867,4155afd510828770c2d666a7e4cea28062964130,0,2,0,0,41,29,12,41,2384,1064.35
4868,86b26b67fe9dd804b84a56c2535726b966d28d13,0,2,0,0,9,5,0,0,256,547.41
4869,854de4ed5681a5b7772d313bb5b44ade21ae4b72,0,1,0,0,1,0,0,0,39,142.83
4870,c040759da53e70c2cb9ed93186bcdba2b55405ec,0,1,0,0,0,0,0,0,260,147.18
4871,4adfd5c5aa82ec676a57cc4964f35e8a88700caf,0,1,0,0,0,0,0,0,975,342.97
4872,721c4a5ecccd45b2d9ca046d86c350e2fa6a76e1,0,1,0,0,0,0,0,0,40,114.81
4873,a2b224a45975286ce4db5133d3a8f4b19e05ec63,0,1,0,0,0,0,0,0,1828,605.3
4874,9eddaa8ffa212c42f32f7d1e8b485d5aa0e2f10f,0,1,0,0,208,101,13,70,1727,895.77
4875,2faac19e1746d179c04596cb6885d1cb52663e77,0,1,0,0,11,11,0,0,34,181.64
4876,dcbf35c552a53e7779d7da917cbce78ecf109021,0,1,0,0,0,0,0,0,87,111.13
4877,9cdc755f8570e774a1bfb4dbbac8cd4a9c8b9bf9,0,1,0,0,58,58,29,0,114,270.6
4878,e6b4fcf24c46019dae955aba54939ad18afad8ba,0,1,0,0,0,0,0,0,34,114.65
4879,f1c0524347190dc28db21c3b27e2c05fb36dae43,10,3,0,0,93,29,44,108,620,1367.6
4880,46f71866a1dde31d499f7875833210dcb7bf3d04,0,2,0,0,3,0,2,7,1286,1168.14
4881,27da625fb2b67edd7615427c679db1b62695d82a,0,1,0,0,21,17,5,15,217,308.99
4882,b5d563ec3c7d569e626119bd5900026c07f247b6,0,1,0,0,5,0,0,5,924,470.88
4883,5eddf185465a0e2dde18df179faefb9a68fba29a,0,9,0,0,136,237,14,66,3071,1854.93
4884,37285304ee484122410c977399024f2af132753c,0,4,0,1,157,8,5,7,854,1060.29
4885,786672edb6b4156e69bb3daecb9bcca0cba7db21,0,4,0,0,0,0,0,0,1011,449.6
4886,9a9449406ede4e9efcd14de0fbc5c0e43272cee5,0,1,0,0,3,0,0,3,165,205.67
4887,f3a75035ac105d032988d8b26e562458ac469699,0,2,0,0,0,0,0,0,179,191.76
4888,7187a8af05b53d5318f3e4fa47122b232c4c7e52,0,4,0,1,25,17,0,1,444,607.44
4889,d4b5b0dbc541b4b6249ccd1b507c777d7fc0bc4f,0,6,0,0,32,17,21,26,627,778.28
4890,36cdf34bd92ede5ad99447e10d90e6caa1fd743a,0,16,3,0,346,386,11,56,1970,2275.38
4891,620bb80eccda228573e0c8f821d766c16f89d2ea,0,1,0,0,232,191,0,1,450,453.97
4892,4169aa3d448c402da32ff5b10f687fbd460fc1e1,0,5,0,0,29,24,3,5,631,699.17
4893,3d00fe6cd5577ee92e5659a1abe9bd9f8d735012,0,1,0,0,17,19,0,1,157,200.85
4894,47b8fc422f3978c7173c91e7324953d81e5f5b63,0,1,0,0,21,0,0,0,174,165.29
4895,ddb8bc68a9e6198c6eb5d49afdaff2bdc57a1ede,0,1,0,0,0,0,0,0,195,124.93
4896,81219d4f39ef0e2b27a22cd91ec4f688d48d8cd4,0,1,0,0,0,3,0,1,413,263.27
4897,7918718c8ce53c6d0958aa969fc813e586463d08,0,1,0,0,0,0,0,0,15,127.1
4898,144ee9a2164c445f3d08d590ab99de5d8b059796,0,6,0,0,352,176,17,76,3119,1823.73
4899,91fa4672248e4f5c3e829d312564d1cd5e1750bc,0,3,0,0,6,9,0,0,259,361.98
4900,84b47c89a1520f41bdf2cb1e0da8ec18a1cbfd21,0,2,0,0,9,42,1,2,303,780.01
4901,54e91e551c73a923ec89a3abb2701a5945d5f80d,0,1,0,0,0,0,0,0,1832,631.96
4902,c0ba85a40012ef65b7f563a09817da3c0cf04e5c,0,2,0,0,0,0,0,0,251,234.84
4903,ce206e20142024dbeff9ed68cb0ff4aeb4aaf0b8,0,15,0,0,42,0,0,1,4482,2405.29
4904,6c9efb0e16ebb65fb1989ae4c28074c83f792946,0,1,0,0,4,2,0,0,230,193.15
4905,4a439d22c53c658a1f05bf84f56a319312669a96,0,3,0,0,232,246,3,5,559,711.68
4906,e76819135163836ce687cc26d4a085d73e6fbfd0,0,2,0,0,56,70,1,5,272,331.79
4907,c3c8a241a8a3313f531771fefdc713c8f5d79d68,2,0,0,0,0,0,0,0,0,271.65
4908,c28fe781606f92e0e3005a3901ff97f0c8633e9a,2,2,0,0,8,49,12,29,1858,1065.42
4909,a4fc13c052fd816585bcb15793495ca74643aa2c,0,2,0,0,60,2,4,28,1438,840.56
4910,cd7b05ffb6d2859eb4fbb9567d1fe38af3f39d27,0,1,0,0,3,0,1,3,137,477.0
4911,dc71d2200339f9cf781346afc4b95b60dd3cd88f,0,1,0,0,0,0,0,0,140,134.94
4912,8c2404493a6efc109cd621c02a4de6ef1f1f46aa,0,1,0,0,47,22,2,7,344,333.6
4913,66df206d8df74fa9c5380e2ecfd3746fd6b3316e,0,1,0,0,37,0,0,3,142,216.3
4914,eb577459df33ef2fd0b19c4eb567b4d0395575d6,0,1,0,0,0,1,0,0,396,198.26
4915,3c229c0d90ecfa6cf011e495be4cc73a2f97c389,0,1,0,0,0,0,0,0,179,150.98
4916,863428c2b523695275897291d2da3de6f12dd0bd,0,2,0,0,6,5,0,1,1953,738.19
4917,d37696ca74fdf2306e4d78d52ae1142768716be9,0,7,0,0,6,3,6,9,1014,922.72
4918,7fb2d24fa35d01eab2ff6e5ebaa6885c795a80b8,0,1,0,0,14,0,2,9,224,467.25
4919,c20dd29923ea9e99122d75cb8f3b1d91e199fc15,0,1,0,0,1,1,2,3,651,301.0
4920,5008507ca21265e0c6be53d61024baa7eaf187fc,0,6,0,0,56,13,0,0,552,758.13
4921,1d3a4dd44facefa68696ead7fb89077811676c85,0,1,0,0,0,0,0,0,1505,257.89
4922,d12a0d7b0299786bf1d0484f3770bae6a94cb0c9,2,11,0,0,209,92,13,39,2452,1408.9
4923,f388c9d69b855f0c3b146864717a971034fd3dc5,0,18,0,0,32,41,0,3,4670,1163.91
4924,08167d6ac784274a48ff8428f3ef4f6e92cd8ab0,0,1,0,0,5,14,4,7,667,182.81
4925,2b1fb0ff4b49dc6f511dd7aa9996e1e103c223d7,0,1,0,0,103,217,16,44,855,584.85
4926,a301ea14293f046dc4ff10c84aaef192fbc70c0a,0,1,0,0,2,0,0,0,82,132.24
4927,34645c37d1e47b60cb20d3e3cd0e0376e8f92ae5,0,1,0,0,94,194,9,36,776,528.85
4928,0ffa5c20af381b697d25f19b7a987fef8fcc2e92,0,6,0,0,450,673,18,138,790,1468.79
4929,1ac601980382516419bfe45b01ce1b8eccf4d9ce,0,1,0,0,0,0,0,0,870,328.3
4930,b678035ed1a9f0046ea16e78205996d8f58c5ecd,0,1,0,0,0,0,0,1,84,148.73
4931,582a16eff5fb7f94f936c9d6163f0a526c6ec4e4,1,0,0,0,0,0,0,0,0,116.59
4932,0a5a766d52f3c06399bfa8826df836b3dc070a20,0,1,0,0,2,2,2,0,27,170.81
4933,47724e6b732b1ec97d7736ba75f314a96311d489,0,1,0,0,121,0,0,0,18,280.16
4934,eeb8d1bdc6ea67f472bcbc5225cdaca5a3199650,0,1,0,0,3,0,38,29,394,345.41
4935,39e3a5e039a61e649827950bb36f67617e0bd884,0,1,0,0,2,0,0,0,481,214.6
4936,1bad5ed9f7e159f93ffa68d27dc1b9e8674b4f8a,0,1,0,0,1,0,0,2,672,328.96
4937,b3ae77d7baa16673d749c8ab8beae09e0b319c00,0,6,0,0,90,53,5,12,820,894.62
4938,e01224ede63e941fffa7b9b3906c1d54fb699bea,0,2,0,0,12,13,3,6,145,302.44
4939,03e3d15e97b27766c42211b65079ec3794435232,0,1,0,0,0,13,0,0,1069,506.19
4940,ed8117ff9b69511c0c3a715030daa7da004afe86,0,1,0,0,0,0,0,0,23,599.82
4941,d8691649845c138f0c9ffca8ac6c65edd410bd5d,0,1,0,0,0,0,0,0,62,138.83
4942,08f2e9797fc518f44c198e4f4ffd76fa43987565,0,1,0,0,63,11,0,4,119,279.99
4943,fdbddc13272bed6dfa3019e77acfb5f9107d6dce,0,1,0,0,6,5,5,19,204,240.38
4944,3c9760bdb986f6c2430adfc13c86ecb75c3246ac,0,1,0,0,16,2,3,14,124,233.85
4945,f3dc188e203b3db980ee81df05390968043cb601,0,1,0,0,1,1,3,2,263,229.74
4946,9ebb0918293196bd4edf1e88bf8d28443d252157,0,1,0,0,0,0,0,0,18,110.01
4947,9f3a7f8a698aaaa9be44bed01aaf526567df8aca,0,1,0,0,90,90,0,0,82,280.16
4948,8145c83566450feb68a12352ac88efe9983ec266,0,2,0,0,27,27,2,2,577,488.65
4949,cc8a05ab6ac22f019e60ec79c11338d4c77d49c3,0,1,0,0,0,2,1,0,190,171.21
4950,5f62610969a83a1c33e06a3cf20a136961bd0a08,0,2,0,0,0,0,0,0,552,252.9
4951,f15681b6795d8a0b192100e37bec4080db2b7edb,0,1,0,0,0,0,0,0,479,209.37
4952,e178ff45c0510c56257c26da2dc8d082ba301522,0,6,0,0,267,221,21,61,2728,2098.86
4953,7ea5b40b7172ec9f3fdecca533e19d8a165de7df,0,1,0,1,2,0,0,2,189,388.98
4954,4fae76c146f2856063927c9a8d1c34bd86b30a58,0,1,0,1,0,0,0,0,43,189.08
4955,351d49b06bd6887447eecb149b3cdf1697ab41ac,0,2,0,0,43,1,2,25,386,354.99
4956,69c1ee96025dd35ed37bce2a2ccc0c2ca5a3dfed,0,1,0,0,0,10,2,8,228,273.23
4957,4bdd7f8f8abd6d7aaef619776952bdbd7e867e97,0,1,0,0,66,5,0,0,52,270.44
4958,a322b645e6725fae4b4b765ff1b6e6375efe24d5,0,1,0,0,12,61,0,6,121,221.93
4959,58bcdd493280252d69151361676e60ce8974736d,0,4,0,0,17,60,5,7,1359,941.15
4960,d41a746a699fcbb2591c27cfebe344a5310831a6,0,2,0,0,25,12,0,5,1251,1152.59
4961,36f54f939caeeb57f4583bb526fe3b9f73296cf6,0,2,0,0,66,58,12,34,2125,1271.54
4962,6724964308f70df72cc2ebd1827b8d318e5df7f0,0,1,0,0,0,0,0,0,109,153.1
4963,7ad39601dd3c248595d84f016c41ac35abd786ed,0,1,0,0,12,3,0,1,106,218.18
4964,ecd94221a25494ece1af22e9fa8c1f8d34eaf48d,0,1,0,0,0,0,0,0,118,141.73
4961,36f54f939caeeb57f4583bb526fe3b9f73296cf6,0,2,0,0,66,58,12,34,2125,2790.43
4962,6724964308f70df72cc2ebd1827b8d318e5df7f0,0,1,0,0,0,0,0,0,109,121.63
4963,7ad39601dd3c248595d84f016c41ac35abd786ed,0,1,0,0,12,3,0,1,106,195.59
4964,ecd94221a25494ece1af22e9fa8c1f8d34eaf48d,0,1,0,0,0,0,0,0,118,68.69
4965,f634ac7eae468b944d22951fc7c9d05aa6c7f447,0,4,0,0,88,12,6,6,151,746.59
4966,e978034259de12619f2e4c32e29b034e9d6a2149,0,2,0,1,56,0,8,22,227,482.14
4967,d63d07b9270d73a289086c69002b5a0023b2d233,1,35,0,2,978,807,55,302,5197,7062.94
4968,d8c4e89b3e85e8cb41a438963845cb10a923a3d6,0,1,0,0,2,0,62,19,338,340.53
4969,57613dc8c14d7213ee2d46d41bd642dd7cf697ab,0,1,0,0,8,3,0,3,125,251.17
4970,f7efaffadace3e344eeb4a1384fa72c73d8422b0,0,6,0,4,6,55,19,46,1253,1424.19
4971,86e949f321cb1ce3b0bc0c9ed387218cc8a2b7b9,0,6,0,0,4106,8761,113,116,26871,8384.67
4972,74258e2dc1a9720c4de172d9d2342d552f7ac3f7,0,12,0,1,326,66,6,42,1861,19301.42
4973,8010d77eb0790326fae56fb1c633e530b7e51eec,0,1,0,0,0,0,0,0,42,118.1
4974,3edb62bf773617aeb3a348edc5667a6b0bad0ffe,0,13,0,0,79,100,8,17,2767,1923.06
4975,4e9a7b8c7fa55df9cda4ac06f77ee9c69b85314d,0,1,0,0,1,2,2,4,101,453.04
4976,f7f7598a20e20ff3c4ee8e0e5b425680a480d9e0,0,1,0,0,67,224,16,75,705,392.72
4977,0d8da2ee3c9de7b890b5630c3e0c74b8c80e63dc,0,1,0,0,0,0,0,0,102,73.27
4978,b1711488801781106c90e9143678f94d102e11dd,0,1,0,0,10,10,4,4,92,172.92
4979,c4d3a313885f14e802247b9354aafa4caaae9804,0,2,0,0,3,0,0,0,381,174.19
4980,343a6472d8e26bc846c575c03d0af7d8b66e6dfa,0,8,0,1,21,16,0,5,1661,874.8
4981,84d85ee70bacdf7db92d52e5c738bf7722625d83,0,1,0,0,0,1,0,1,388,151.26
4982,5d167cf3df23c728034e43a01e7f5e6561094df4,0,1,0,0,0,12,0,0,252,163.98
4983,13348c47a415bb0887ee722af33384cf18362497,0,1,0,0,12,0,0,0,479,204.6
4984,0b42b0e76267aa4101b1634bd5d96c9b85997b56,0,3,0,0,20,7,3,47,1250,445.4
4985,ecec863d1fe3b1b249b7d2948b482104f5ff1ef3,0,8,0,0,40,14,5,25,1012,1040.88
4986,1d6052810df9363ed8dee308444b8466be112b5d,0,1,0,0,33,31,0,10,342,192.92
4987,53af91e650d3fd881df6e811f5d4c5e46a039119,0,1,0,0,0,0,0,0,375,101.8
4988,079f1e81166579c5da0bdde76be7c9201d2e1711,0,2,0,0,3,28,0,7,75,264.64
4989,7c32ffbbfae9959edc89ec5fcf9fced1b75c495b,0,6,0,1,28,9,2,10,319,538.94
4990,1a5ebd6a7d65af8393c9d5c67e7de8088bbb1d0f,0,1,0,0,0,0,0,0,33,65.51
4991,b73178d8626ec7fb404c8ded442ecff23192f14f,0,3,0,0,15,11,1,6,863,406.34
4992,21bb5314603eb4b4f2b23aca82dca29ebfd7b4f4,0,1,0,0,63,11,0,4,122,188.86
4993,1b2a190379141094a986495bd1386e720786c9b7,0,1,0,0,58,2,1,3,211,214.77
4994,4a6f8a6610aacbe2c518bb6f8533ee5bdb943f41,1,0,0,0,0,0,0,0,0,122.67
4995,d276d0a0638ff6d80ce8749d2afc1eaa5cfbb14a,0,2,0,0,20,6,0,2,355,305.54
4996,c2294aa21eb6310b6d5c05d6d9ff505f59b376c2,1,2,0,0,5,11,0,4,118,364.26
4997,4b72dae2da715ef84df7f25197ac9a70e14e876d,0,1,0,1,0,0,0,0,120,152.27
4998,a4895c551fb31bea90111a960f2c51634950536c,0,1,0,0,234,222,0,1,450,274.56
4999,2aeb30cf778de079f3a473c167c534085f95714d,0,1,0,0,84,50,4,13,102,251.61
5000,5d1d70a07b16bd8226ca79eab6efbcb102135f98,0,1,0,0,198,92,9,38,783,408.04
5001,a462083fc4f74e508ee0e5234c7bc34a6bdb618e,0,1,0,0,16,1,2,4,139,148.45
5002,4d36bbfbbb1692ef6038189fdd4981f23431cef0,0,1,0,0,0,0,0,0,155,73.49
5003,7bf14648ee6ed344acc0afe68e23d0b484826b24,0,1,0,0,4,4,3,3,977,224.86
5004,b97c5233e17b73232be3554cf06b8ae6e472b145,0,11,0,0,550,628,25,167,1695,1259.18
5005,92449234519374d49585fec3d2940c9d5e7851f4,0,1,0,0,0,0,0,0,133,73.03
5006,4fb06b33d4fb742ce0aeb3fe569d7d513314311f,0,1,0,0,0,3,0,0,128,126.22
5007,388cbfae0c08cb1664bed52b044062ff5d6db617,0,1,0,0,1,1,0,5,146,129.15
5008,486f0792d43f03c059f4d2dc501db8b8183c4ea2,0,1,0,1,6,0,0,1,173,184.86
5009,142e13f34031167cae61991de468613d905eb76f,0,4,0,0,154,268,29,124,3156,1111.88
5010,b34ed0db535068525e59f5c3ec20e2c29155467b,0,1,0,0,0,1,2,6,190,167.63
5011,6bbb13b9b0fe62de2a2140055af2ea6968c73ccc,2,91,2,7,956,634,90,230,14207,8783.8
5012,d0ab7519c95a16c6452337d8f748545f7c99f3f8,0,2,0,0,42,0,0,0,535,164.98
5013,34235ad7b5722a5a5ee9680ba3a2d563a67ecc6f,0,1,0,0,8,3,0,12,302,224.75
5014,7c182811b0c1e199a7628a642249141f2f3c4b7a,0,1,0,0,3,3,0,0,60,138.04
5015,2111a20b4b44e557357f81146ead6cf7493a8d31,0,2,0,0,27,0,0,1,252,245.84
5016,b2933717c423e5510e35a096e38d084e139cb141,0,1,0,1,0,0,0,0,221,168.23
5017,e603555636bc04e5a87d0457f4f10824b6cf94be,0,7,0,2,102,206,0,2,183,802.34
5018,ecbf0fd6f9e2b0dd9c5f0c5439b677388d4caf9c,0,2,0,0,16,8,3,2,314,309.84
5019,e085e82b3cd78e6df154995bfa6779887fce9a0c,0,1,0,0,0,0,0,2,60,121.24
5020,3eef54097b8ec96d0bdd71499f944f0484787021,0,1,0,0,1,0,0,1,160,261.46
5021,604e31b60998d5df349f8cc84d06bbae1391dc0e,0,5,0,0,45,42,4,74,1713,521.15
5022,23bc52386bd13fddf01037ac7e9cfb234f52ec43,0,1,0,0,0,0,0,0,43,68.01
5023,2f63bbadfa2fad66e04bc17edc66ce8be7497157,0,1,0,0,71,40,26,132,882,260.74
5024,c5ca8de4dfd512e971f9bba100dfcc3709f70786,0,1,0,0,34,39,24,121,914,244.48
5025,80548b359ae254048145483b22e3fbe93fc90379,0,1,0,0,0,0,0,0,201,150.69
5026,7171b7a2c621c2a0b4f876bef23e4f1ebc5332b0,0,1,0,0,2,16,1,1,123,182.22
5027,7aa3364e04b286ac7b41cfadda568df41e4e2821,0,4,0,0,7,7,2,3,247,294.79
5028,af3ad31c3056fc5c54a3860e5e9d7f9662fa15f0,0,1,0,1,0,0,0,0,57,117.67
5029,4260736e1eed08b49a31a9328d6823ae3fc86d0d,0,2,0,1,5,1,1,0,149,225.84
5030,412b053ca171495b33dd92eaa692df40d83a35c4,9,3,1,0,75,6,0,1,274,1080.01
5031,b65481b1d09c9829521aac838a2d9e082eaf2154,0,1,0,0,16,29,2,12,1054,217.89
5032,be9a70eb3bd7a454cc5d26fc22858fe90e311e05,3,3,3,0,0,0,0,0,242,455.13
5033,25777e1f462e153a5670a107eeb65fb186bf9530,0,2,0,0,0,0,0,0,363,122.01
5034,2a7c20ea9111c05964400fe0a30e7b75ff719277,0,3,0,0,28,20,0,4,804,332.09
5035,e674abe8eca6157b5c72c1dbdba2ecd122185274,0,1,0,0,0,0,0,0,116,108.06
5036,694988015f67685dc2decaf950153f557f7f598f,0,1,0,0,0,0,0,2,983,163.62
5037,ae0a1e0f5a88d66974582f383a942f6bf42b6ac5,0,2,0,0,16,8,1,15,2123,412.63
5038,5fa6055107e5d54eff1e2bbdfdbbd511cd555a4b,1,2,0,0,63,19,1,8,169,281.46
5039,32d7cb5066050ef6123f50a25c6e9b4c9e180ea0,0,2,0,0,9,24,3,12,251,273.81
5040,de19f963aeed2752374d2f84c1b230f6cab253f1,0,1,0,0,49,3,0,21,161,335.27
5041,3e31143e1c8658e9ab529fe6f705bf836e7f7a64,0,1,0,0,10,0,5,19,996,217.4
5042,0bfe9efd859eccd6bb6c6a253ad3912650831ec0,0,1,0,0,2,0,0,4,1070,183.22
5043,be2141757010aacbcb2c6ebaa00623db14e192bd,0,2,0,0,38,9,2,9,743,381.72
5044,4be62009490e2d736c803ea11753f9437ed2db3f,0,1,0,0,47,27,5,19,572,285.13
5045,29d5dd03ae7f6b4741e07ce01014acaca93a6e6e,0,1,0,0,0,1,0,0,223,104.76
5046,eca02fd2551d36ccbcf7a2f5e7aeafed12b0a869,0,2,0,0,0,0,0,0,140,116.74
5047,5977e7b6d61a9dab2a6e699b4cb75eb9d93cffc8,0,2,0,0,228,141,23,96,2117,540.62
5048,cd381f0696e45884ce60459dd272b248fcd504df,0,1,0,0,27,47,5,21,572,194.44
5049,1997b7b409d12d04f4726ea2631a89601551356c,0,1,0,0,0,0,0,0,412,112.26
5050,fbd51b77a047f2a04a94c4b474881c2be9bf1171,0,1,0,0,0,0,0,0,412,128.3
5051,2bfaf8f8d991588de43fe3d194a447fe4279cb44,0,1,0,0,0,0,0,0,412,114.42
5052,9d837e50b082dae8adb59c8db5e084df1f49392b,0,1,0,0,0,0,0,0,210,97.95
5053,5c86f362165e81759fd0c5cfcb70025fc286398b,0,1,0,0,1,0,0,0,193,153.2
5054,34058783f50b8c81096075b01d093e7aceec2b73,0,1,0,0,1,0,0,3,726,162.11
5055,db69dceeb3aa92e23d22668ea3bfa953d33ada83,0,1,0,0,0,0,0,0,412,113.37
5056,8b8c159f4de8f657a7bee73a96f05c307eb2e8c0,0,1,0,0,47,26,5,19,573,213.14
5057,d1361502ac45e74b60dcc98046caacb6d483a83d,0,1,0,0,147,211,23,85,1722,380.47
5058,5edf94842e04aff89a88856bc6dad0918d59c8c0,0,1,0,0,0,0,0,0,64,71.83
5059,2fd2d89782b7d6fa36c0cb9c710711af39da35ed,0,4,0,0,5,1,6,12,523,295.12
5060,0e55e9ff6695504c4698115d8856620b752cf713,0,1,0,1,0,2,0,0,151,298.33
5061,f6f50ddffe0821617fe29482f9ec918608560381,0,1,0,0,0,2,1,0,193,115.75
5062,0d38b25f6fa3b7b52f5e64780f6591eabc7fc76d,0,1,0,0,211,146,23,88,1723,328.08
5063,ea565aac9702698b2bfc2db7c3ca84da3f96121a,0,5,0,0,17,21,0,1,1338,556.32
5064,05f120991cfbfa6eb019d2cb78b9afe41e26e3bf,0,1,0,0,1,0,0,0,44,122.44
5065,2966852a03faecf4ef2dbbc99da98f414826d0cf,0,1,0,0,7,0,0,0,190,100.88
5066,63c490af9cbe392ba025f15854173eb4f7fbbfad,0,3,0,0,3,9,0,1,1120,355.97
5067,5f635782a8cbe45f1d00ec4f2ed50e1827d3d498,0,1,0,0,4,0,0,2,1934,267.95
5068,eb4eb656e3a8038a59ef95f0b9c95283fa388ed9,0,1,0,0,146,216,23,84,1722,337.6
5069,49439ac9afa639aa16a76b8ca4168f3cf59aaf6b,0,1,0,0,6,0,0,0,63,101.24
5070,d3a9e8f13fc304daf9cedf6e8a21b1d76575020c,0,1,0,0,0,12,0,0,258,100.36
5071,83cd80b277fa6e73be1c7d66b80669731f0f92c0,0,13,0,2,411,547,90,34,1546,1466.58
5072,b168f3e294e7db6abfbfda777a567acd76bfa863,0,1,0,0,222,146,27,103,1722,350.39
5073,49427cd8696eb1578cb234972f4aea4811d827c2,0,1,0,0,0,50,2,0,195,119.33
5074,c8a0a3a689d965af8de683f2d831f2c422105670,0,18,1,3,57,137,1,8,4989,1789.99
5075,b0b168f0690f7e1d2c0e3401ea0e74d3bbccd164,1,1,0,0,23,5,1,1,128,214.95
5076,68baaedd6f0adf4719f0c65296433d5f006c74c4,0,2,0,0,10,21,2,42,283,243.53
5077,9be437bd7b268c88901745b361aba271f2dbe5ec,0,1,0,0,73,64,1,7,311,181.7
5078,0b6f03f12b41423d4c7d3a995050c62fa1ef3009,0,1,0,0,0,3,0,0,246,97.04
5079,719103b649c1c5459683a8ffd1c013664f1ffbb6,0,7,0,1,265,216,23,84,4676,1146.44
5080,7822733658b5614549ccad8c7c51463b159aa923,1,0,0,0,0,0,0,0,0,263.66
5081,c0c31ed0f654da1a73aeae4e51440332495fdbec,0,1,0,0,14,0,0,0,147,434.58
5082,9771cea2186977adf406ad35cb54a10feae69591,0,1,0,0,0,0,0,0,121,72.1
5083,f49fc3a6dddb4aae60892178f56a67ae2a07cce1,0,1,0,0,0,0,0,0,201,77.09
5084,714c423360c36da2a2b365efaf9c5c4f623ed133,4,47,1,2,897,610,37,114,13693,5004.63
5085,b38a905c63b94fce60e7369d4ec727bd0f76bd7a,0,1,0,0,0,4,0,2,860,187.38
5086,c612a364951c02d95ead41fb54048fa8fcb35265,0,2,0,0,221,178,21,95,2140,417.91
5087,f5d542c5a8c3dbdd80304220c9e2a7b030616daf,0,1,0,0,0,0,0,0,860,151.17
5088,4d13d09985722e1a06e45f1e96dff7d771959068,1,1,0,0,26,33,7,7,333,286.76
5089,b010cb791b70634bf77fcfb39210d85fa40918d4,0,1,0,0,4,0,0,2,860,195.77
5090,0254741772262972a6d0535b3c88e5240be41ae7,0,2,0,0,1,3,0,17,290,161.9
5091,41ffca1281dcdc69b1b843b47a5bb6dc3c462aac,0,2,0,0,11,8,4,8,166,264.85
5092,41de0bd4e422c1b5959823caccb39a6f9a262df1,0,1,0,0,22,7,2,39,190,157.44
5093,752415ed91842da61ceda8a0095da0c035b1fbc1,0,1,0,0,7,20,2,40,192,162.25
5094,55211bca799cba0b9bb443c5111102216d416591,1,1,0,0,3,0,1,0,155,193.02
5095,1a24611ee378e9afaf990230f0eeef038a10f186,0,1,0,0,0,0,0,0,88,69.67
5096,0be42463b756ede298c099cf1661f02e198b3344,0,1,0,0,0,0,0,0,89,110.55
5097,b1cb582a259ba2b601958ba3a2e295c2ddbf44d2,0,3,0,0,95,16,3,6,1183,389.74
5098,652ec6a5c36feae346c71f0ff009ec3b8457448b,0,7,0,0,274,236,17,123,1222,803.53
5099,81fcc33d9d483d27d38348f7aed582f3621cedbd,0,2,0,0,16,0,2,6,220,188.82
5100,6ad995e8fa7703e082ea9ce67dc4c1ed0b1fd18a,0,2,0,0,3,0,0,7,196,381.39
5101,88bef0cbf39dd5c87ca9575d47123c99b0f6e1f7,0,1,0,0,0,1,0,0,39,129.29
5102,e7b23cc741622ccf8b1487d8622cca47dcb9cc34,0,2,0,0,45,1,3,10,409,392.17
5103,52e1def7a2e1870ad3999b4eeaaa62ee5c9a2a40,0,1,0,0,14,0,0,30,1943,306.16
5104,811de14eccbcadffe3dba740d8747fd8eac0248f,0,1,0,0,102,65,2,30,1041,303.04
5105,5200d45a9e7c317c7bd7cb3893810844a62d7dce,0,2,0,0,80,96,8,79,1836,421.19
5106,5f6c5ce68f53e8943a171679f595e99ff06afa49,0,3,0,0,0,0,0,0,69,230.51
5107,3d64d3ad2793a86c8b162ee6a5be0698ac0d2d52,0,1,0,0,35,3,0,0,263,134.49
5108,016a2b052b9aa71be9d2d4e9afa60525d19f322d,0,3,0,2,41,7,3,8,326,619.68
5109,72507b7a17b4815677acc030a903f03099bdafee,0,1,0,0,7,0,0,0,157,110.72
5110,6643dbdb1e1aef61c016b3f0c7d01c2c82ad91c0,0,1,0,1,0,0,0,0,6,171.84
5111,8085e6df2311a64e3284952e9514b06d4dabfe56,0,2,0,0,0,0,0,0,245,182.52
5112,02fb218930aaf35d6c1101c4a2156e4663048fa1,0,52,0,4,220,163,15,39,5365,5369.03
5113,b71372146135fdcee6353ec8254ebfd87c42f907,0,1,0,0,19,31,0,1,332,199.27
5114,fc91071c01c33500774de83944bf5f937397c089,0,5,0,1,55,13,1,8,742,625.49
5115,728c4fa9bf2b2c11dbc61c8e5536b1542abc1ccb,0,9,0,0,305,403,28,132,5090,1658.53
5116,0842681e214229b5d83283574911d70b5b050586,0,1,0,0,0,0,0,0,147,140.52
5117,723fcd1936ad792b8e85490312cbe3edc9d4099e,0,1,0,0,1,0,0,1,1890,284.44
5118,ed5cac1d2ab18f03ec2fe211c46b5382729b4c4d,0,2,0,0,227,178,21,95,1916,10277.71
5119,93bd89fbba7d76821d3d85ae371cb2e665176b6a,0,2,0,0,143,220,17,81,1923,434.87
5120,adcb713d597302a868b6224a87ea6ce38e718e5d,0,3,0,0,144,66,10,16,414,525.54
5121,812504713523c2b8fbff394fbf4448ea30b5e4a3,0,10,0,0,141,197,6,11,1944,816.7
5122,fc01759f41f253f7c850ed17e939b610812925e5,0,0,1,0,0,0,0,0,0,65.48
5123,9fb44ee55bd14043f307cc320ecc277010a42953,0,4,0,0,24,0,12,26,557,432.16
5124,ab6eaed8f6bdef21323be561a22e9fdb16bbd0fc,0,18,0,0,1391,466,102,127,7042,2291.28
5125,43e6e184b0bc4881a3324fa1caad987207a95e9e,0,1,0,0,42,0,0,5,949,204.43
5126,45955e6829a765cb12671f628480e9c397cb695d,0,4,0,0,16,39,3,20,2097,637.72
5127,5f64af63ae063c055c214d8925098f34f4111474,0,3,0,0,10,0,0,33,3434,523.86
5128,d5c5734c89a62869ee0c207306543b7f1e9cdf27,0,3,0,0,98,11,18,38,3302,557.21
5129,7a3e697d836ca6fd7f41215678c977cb48a2ce1f,0,3,0,0,11,4,0,4,792,457.28
5130,6e0ce7a0507f58aab61343bdc6e8d955834cb321,0,1,0,0,0,12,3,4,165,160.97
5131,31414fb871c073a19a02dce5dda70bf3df0e5888,0,1,0,0,14,3,0,2,173,133.42
5132,3d5b5c3a7e37532017e910ffc680e4f42d918c30,0,1,0,0,21,6,2,37,193,157.4
5133,d69529c3e5a3734e97254190d2049124c6f897e4,0,1,0,0,76,24,0,2,259,191.64
5134,ab5372f0f3b3650556242a21a9d463b4f1e93efd,0,1,0,0,20,31,10,20,217,153.5
5135,2dd55c7d31829b7746201fd86b647296b0c8ae58,0,1,0,0,1,0,2,2,418,157.18
5136,0ced33c6ee2469c68862a90cae7be477274f3be0,0,1,0,0,0,0,0,0,1089,154.73
5137,4336a1917c32737bac9e5ef87b31926784065cdc,0,1,0,0,0,54,0,0,1035,173.83
5138,a4ed367eadb35b5b6df373db80b22898ebc0751b,0,1,0,0,0,17,0,0,137,94.08
5139,887558f7a3c6a5bbb38a1cf0bacad90f8baa4f0e,0,1,0,0,0,2,2,3,200,125.76
5140,bcfaeaa9c88c056cc36b47ae2df49062316cac83,0,2,0,0,0,23,2,14,1163,390.69
5141,b75ed1c34b11bfbe7cbb3af72e08d5f9843c2dbe,5,0,0,0,0,0,0,0,0,330.83
5142,cca65d7c1638dcd9370b080f08fd55faefc2733e,0,2,0,0,7,117,1,3,157,308.07
5143,319877fda8989d14c06220919d854451521a4ffe,0,2,0,1,0,0,0,0,663,495.19
5144,0e43885ab24768177cc1e758e1ab69b6dc1b23db,0,10,0,0,49,59,0,3,2223,827.92
5145,c5627008a2c87ab960da98f4d5b8ca4aca6eebdd,0,1,0,0,0,0,0,0,187,79.17
5146,1b8b7b54087dd2dc2aeb2b9a0b06fbb4f13030be,0,1,0,0,0,0,0,1,61,87.72
5147,4b83a6f9d9c00fe662ddb9db4533df8b9b96883d,0,1,0,0,0,0,0,0,61,64.15
5148,5204575022030ce2e899edf36847fc3744f3d0ca,0,33,1,1,141,132,5,22,4464,1963.27
5149,55b5605b7afcb7ae9bcb9b61959b91502f769db4,0,2,0,0,102,195,8,3,170,258.7
5150,9381b8d569ae17cf2760bca266b5253e4bcd6ac2,0,9,0,0,93,118,42,89,3209,1010.91
5151,7a6e5f043670353848fa1373656445c5ca8e4671,0,2,0,0,88,12,7,28,508,272.06
5152,5a3ffc0904e75152eb3e8fafd0b84ae499a94c77,1,0,0,0,0,0,0,0,0,107.07
5153,662f546aa76b7f6473b8da8b9ea675a9fd9757e1,1,0,0,0,0,0,0,0,0,90.24
5154,fb1c6b9cded56e63dfcc765515edbc94ee9f67a0,0,2,0,0,148,23,5,6,252,228.18
5155,6de2fd9bfd4c20e47495d171da7175c1a9e92c68,0,2,0,0,3,5,3,18,372,190.34
5156,7787deab72fe5772170c0cf6b6712ed2211158ed,0,1,0,0,33,284,2,9,53,150.83
5157,00a8b1e6ece0f89ae038589f36c7b9a9012fb7f7,0,1,0,0,213,164,11,74,1748,339.49
5158,cf6b4888242d9f4ce891d051b02e6f9eb529d300,0,1,0,0,0,0,0,0,1961,281.96
5159,5cf381f57da41e986e7434fb7a46531c42c2cdd3,0,9,2,0,36,13,12,14,2143,841.75
5160,10b617364e9f639358f82c70056e31533a1ec11c,0,18,0,12,285,112,24,41,776,1822.36
5161,84f2b8908e9cdc418a03322db41c9db1ac4f6d6f,0,17,0,0,2,0,0,3,1012,553.41
5162,cafaa8eeadd8adae348234773040ef97fe712609,0,1,0,0,0,0,0,1,214,101.35
5163,b2dfaed3170c8b5b96a7ea8e7df6129490ead3be,0,1,0,0,0,3,0,0,184,96.54
5164,0d0acac6c59d3fa703a3d504f9cfd063e4d111b7,0,1,0,0,0,0,0,0,57,77.72
5165,efec07e1134ea176ea5820e725be6603eb250333,0,1,0,0,164,211,17,86,1750,396.76
5166,c6c686f4138e6646bad233e89a630be0aada08ae,0,2,0,0,10,0,0,1,528,236.59
5167,de6a74a2d5a475cdb1c3e51f65562880ed705378,0,2,0,0,0,5,0,0,533,148.81
5168,f66b9eb27d88e6f438d4e9d4d4bb8885f78c7bf1,0,1,0,0,9,24,0,0,110,102.86
5169,5f60fcc39c9ac8958bd2d8565404515f919d8124,0,1,0,0,0,3,1,1,70,115.38
5170,951fc855496826f9785ad0df66e8d30badf51e4b,0,1,0,0,0,0,0,0,33,63.55
5171,4334f99f4bbe0f8361d2063f53b1d10cbc4ba8d0,0,3,0,0,0,0,0,0,421,201.58
5172,15ee94897d7d8dae5b23c2a2112eb1564fada22b,0,1,0,0,19,6,0,5,252,156.67
5173,79c6ecccc0760c2c19d3e83f5815307690ec0bdf,0,4,0,0,0,5,0,0,506,227.11
5174,de72e7fc0a750fdb2fcd752092e5a07a7f47046e,0,3,0,0,124,71,6,22,559,365.95
5175,e9f8fc7164aac0c7a746b74911afda9e0f02dbd8,0,2,0,0,22,20,2,46,289,268.74
5176,ee477cc4ddd1ab8ba4c7c2338d31060119735e7a,0,25,0,3,664,102,121,200,10564,2945.36
5177,5b0eb01c9da6a2c27e419e19210f0bfebf5ac216,0,1,0,0,92,0,0,1,66,165.97
5178,c9ade9dc67f1193c1c417a8709b6e0f85568fc68,0,1,0,0,197,243,16,131,530,226.06
5179,4b08be49a3ee18a4d02db7c52a56dd37e3a187ea,0,1,0,0,1,0,0,0,296,119.16
5180,b0954a0c1a4c3b888eafdd3b7d4c6da293e7a242,0,2,0,0,0,3,0,1,373,327.6
5181,fc503dd52fd743a7e519dccc1be3a8bfd7606aef,0,1,0,0,0,6,0,0,1058,167.4
5182,f10148f4f1719f99bc3888b93f5a285c8af997d1,0,13,0,0,209,191,33,64,3124,1306.66
5183,f64b31c426b53c264e65180e858f0c283cf5edb2,0,7,0,0,59,0,0,2,3176,724.19
5184,ee020c94465a1f43e5df26659f858720b33b8b60,0,7,0,0,0,52,0,1,3183,616.97
5185,4112a7fa279b340fb5f0f28f68ec0bf43f1479bf,0,4,0,1,95,60,22,39,745,438.16
5186,94bda1f7d39adc631cfc8ef316730b54df040cdc,0,4,0,0,57,70,27,51,770,347.26
5187,b041a9339d5dd79e81054554c6c32e35a46241cd,0,1,0,0,5,18,0,0,40,101.42
5188,97859b0a74017ec008025feade05d26fc9fc747c,0,1,0,0,0,3,0,0,220,100.39
5189,ea28d36892b72480495629d8df3468f8ecfc9764,0,1,0,0,0,0,0,0,45,72.2
5190,9639f95923233a1c8647da688d9f0fa4a15b12a7,0,52,0,0,80,34,4,19,6595,3084.31
5191,110990401e22d4842d11cd549979b289958dcdfa,0,1,0,0,9,0,0,0,1058,186.81
5192,9ea99491e846db82777bfdc740e409b827c07238,0,3,0,0,265,202,16,125,729,414.73
5193,1828b929c2ea11b3a39373cf50dcdb17eecf10d0,0,1,0,0,0,1,3,6,169,125.93
5194,5f82aa3b03031c9aa7439b4cb745a6c5641a7b76,0,6,0,1,33,37,4,25,694,496.77
5195,26217071280f909f81fc3711df406a572b547c58,0,27,24,4,9920,3443,36,53,26188,6835.39
5196,500c62d6b98f5b5c15b91f1d38f0132b846c6b48,0,7,0,0,88,174,35,145,3141,800.05
5197,f30b772006e43e0c2905638e1e271854f2a71f69,0,7,0,0,59,141,19,52,3748,827.89
5198,6a34b56515add399999d612e3b5a379c54d554a7,1,2,0,0,21,28,1,6,187,303.69
5199,ad3a4f824e6d0f1484883f78498e3a07592259b3,0,2,0,0,3,42,4,15,206,240.36
5200,e67a0a9819c7cd4facfb4448eea78a29b44d4cf5,0,1,0,0,0,0,0,0,26,233.0
5201,84103bbe2894706d224dc5975ca6bdaaa6f7f6c4,0,2,0,0,138,271,1,25,1271,337.16
5202,657e16006e56b52cdb06a6014e4a2a8bfd87d77c,0,1,0,0,32,0,2,4,869,200.42
5203,54a7e0034148f451ff493f9f5363c26f10a21f20,0,5,0,1,422,51,5,19,425,640.54
5204,5223c4797cbb46d5df427d72bb115f96af342d60,0,2,0,0,13,0,2,4,351,183.93
5205,6ed241acb33087e6cedf8f4637aca5dce0fe502c,0,4,0,0,36,21,2,6,724,299.14
5206,3d7019cc3c93acd0c4f3556f10497a2bd07c3a05,0,2,0,1,5,0,0,7,291,229.94
5207,edf16c950dadcf2b75c8faed33269881b58b1de6,0,2,0,0,10,2,6,26,202,240.53
5208,e30f11143abfe3b03fe43aadf99a0804a62f3091,0,7,0,0,121,48,3,24,657,527.07
5209,cd2c43884d600f9d444fbacd05f56c3581c10aa0,0,5,0,0,131,116,1,7,439,480.67
5210,e0857f2dc6d2ad1a35a88a4f33c4d49bd0186727,0,1,0,0,93,90,0,0,103,135.17
5211,47a787a9183278d928dff5b06ce5eb6e1a83582e,0,1,0,0,11,0,0,9,31,123.84
5212,d21c0c932c7d962feb958159578cf2cfb471a648,0,2,0,0,11,32,5,5,191,216.23
5213,d0c38591bbf340ad4e998b66201b8e41a36dba8a,0,1,0,0,3,1,0,0,297,132.22
5214,5b6d2e40c85f6f9770c03a22e9b11ea5fb0fbe4c,0,1,0,0,3,1,0,0,12,144.42
5215,f145fa496ce0264708ff8525dfd45ddfb65a39f1,0,1,0,0,75,0,0,0,300,124.68
5216,583041f541e5622ffe8aa569b6c6e4b693649a14,0,1,0,0,1,0,0,0,104,102.99
5217,15728ad8dfbc8991acaf2bee6ad213a39330606a,0,3,0,3,3,1,0,0,101,296.61
5218,cdd3625db6a2fed0735329cc1571c72dbab47b64,0,1,0,0,1,0,0,0,147,103.25
5219,4eb21ea7aad3dedcb32621e8f04f4a763a4d0a7c,0,1,0,0,1,1,0,2,1104,207.31
5220,9a62ef339c2fc7f25cde102a052899438ef08927,0,2,0,0,3,4,1,4,204,324.59
5221,163049391f4696705161d00a14dbe673e8614559,0,1,0,0,0,1,0,3,113,105.05
5222,7d8092b6602d2d92bd3ef215153ff5e686fab106,0,1,0,0,12,12,2,3,363,167.33
5223,04395312745805ed7e4fd201b88bcd3d46b3a601,0,1,0,0,24,0,0,0,79,124.62
5224,ab2717b6f6475a5d925058338549d31bb2776e6e,0,1,0,0,21,10,2,43,196,153.13
5225,630d3b9c777e4b9e371300f9b3578312412970d0,0,1,0,0,7,7,2,0,189,419.77
5226,60fb923018a6fd2dabf04a1d4500f7b29a23a6f1,3,4,0,0,800,0,0,0,34475,3861.25
5227,b173ce207b311a57f288269eebf13375a2459a99,0,1,0,0,14,14,7,8,204,159.63
5228,773fade9aee009170c7062d174f2b78211061fce,0,17,0,0,274,136,40,116,4007,1614.29
5229,ba95ca0db52567b875e5be0d10f8523b706385c5,0,2,0,1,6,0,6,0,166,247.85
5230,485feefb2503fa58f92a10ea5f310bf5a29029f2,2,8,6,0,102,107,4,25,1467,1086.58
5231,84626372c0ae007bb55e0072d981d856f5a8e72c,0,1,0,0,61,24,11,46,1890,346.58
5232,edd6636e054b0a60ba88da6262b8d439feaa6bcc,0,1,0,0,0,0,0,0,24,104.3
5233,f3be42fc1a81b01dca2aa2de331083810d8b35e5,0,2,0,2,3,0,0,0,147,276.91
5234,893c11f5451b199365f2edecc9914a20879ac552,0,6,0,0,105,48,31,112,3006,874.17
5235,89bccb6f7b34667668db6a41f34fa24c94faf0d2,0,1,0,0,36,2,4,2,44,191.35
5236,572d328762bee9100549963a6826fdb9f633af2a,0,3,0,0,0,2,0,1,352,212.19
5237,1e1129c61db7e410816854c8f62f1c600d10644f,0,1,0,0,35,55,0,0,496,166.52
5238,57f6f9291d5d8351dce2d493e87fdc5e62c4ebcd,0,1,0,0,44,88,25,124,913,274.64
5239,67ba0507cdde9389bdd79044be6bf8960a8d67c1,0,1,0,0,5,1,1,6,900,237.21
5240,639ddace4d314919650459ed2065ea8e73ed3e2e,0,1,0,0,1,2,11,12,1949,474.65
5241,91d220b350f512ef283748dfcbcc304bde2f9db2,0,1,0,0,22,29,2,10,928,254.9
5242,553401d2fef2a8ab66b2da7a79d865be4dd669d9,1,1,0,0,183,260,15,35,816,369.06
5243,f7eca98a7487b5e4013fbc07e43ebf0055520856,1,1,0,0,0,0,0,0,913,222.26
5244,b4f262e1b0520a683666186d952f9913f568a71b,0,1,0,0,0,0,0,0,62,76.54
5245,8e360f80f4454c1c40edfefdf44b92bfbb9be6f1,1,5,0,5,66,51,4,10,313,785.71
5246,2037a8d7acb4d3a3a44204f077663fbd5869995c,0,1,0,0,60,59,6,10,218,171.48
5247,31cbdfd7ba9e7ff2ae5f99f3f0f1a7831cd88147,0,1,0,1,1,0,0,0,50,134.23
5248,ed93ad4d8c7ecba8a40ab51b0ecec491629458dd,0,1,0,0,11,0,0,0,851,169.05
5249,9405ce0e2d95424544561d088d3167cf328964ec,0,5,0,0,55,53,10,7,627,632.64
5250,2e00ba8bfebfa196283b9abbec73d2edd49af541,1,0,0,0,0,0,0,0,0,115.08
5251,773dda7d547453b3e24c5827d7b43d73751bfdec,0,1,0,0,146,56,4,7,91,212.25
5252,6041433108e9968f0612378c22cd96c274554ac5,0,1,0,0,12,12,2,3,363,235.21
5253,0cb1e3d248eb3d14f197217256d8ec29c4b3717c,1,4,0,0,15,0,6,10,380,372.28
5254,948964b52fc58d6aa08f369be9e2d3a058cfea95,0,4,0,0,17,13,3,4,530,362.2
5255,3e2c610577fc1716e6ee41ef6af0976587344615,0,36,0,10,196,39,5,37,2518,2740.96
5256,8a52f5af4f97a9a3062fca2db914ad2fe7e93162,0,10,0,1,68,56,8,24,1023,832.94
5257,92381fd26970f53a3f45454a036db20592a72f34,0,7,0,1,9,0,2,5,678,424.97
5258,89338a160b2d912edba92a607f5e51b5e4c69d6a,0,2,0,1,8,0,2,6,169,269.84
5259,cbf304ebd0436a321753e81231545b705aa8dd23,0,33,0,0,154,129,5,30,2209,2287.35
5260,5ddeba3365a41e682e3e9fa19e7a790f6b2bcd34,0,1,0,0,1,0,4,4,237,293.22
5261,8c52cc0e7f67378d66093c958558e765b682888f,0,1,0,0,1,1,0,0,105,146.75
5262,57c5969e1dac82c6a676668edf1dc5ba64bcbf1f,0,1,0,0,10,29,2,1,195,155.72
5263,47675ce7598ed07dc227fd2ebe3e169180f3b0a8,0,1,0,0,51,2,2,1,203,169.61
5264,593bd619acff2303e648b48d8a630dfc8d65be93,0,1,0,0,20,0,2,6,178,134.78
5265,32c15c2fb0d31a8f061a8fb812c2d4851d52ef2f,1,1,0,0,0,0,0,2,77,146.3
5266,b74c2ade5c7f633262f7c292b21e3f77727a281f,0,9,0,0,79,73,1,8,1839,696.75
5267,b4f2ff17ad59e80c173f95f5f73419b989108c65,0,3,0,0,8,27,0,2,170,349.54
5268,850cd59ca4f409a9c9a2dc0edd7bf02f52308a35,0,3,0,0,28,11,2,43,408,269.97
5269,17945ab0d0bd65d35f99e4577f5c516aa60423f1,0,7,0,0,429,199,7,58,5052,1085.43
5270,5b3b52f596eaa50a5eff7e31bec7f1243e34ade2,0,5,0,0,35,0,1,5,741,359.72
5271,75ff51e12485c16f3c408d40f357e07bb26905ea,0,3,0,0,107,13,2,22,1021,421.91
5272,aabc43973eaa097d004e7d2cd09ff1576b38c0eb,0,2,0,0,12,12,2,3,375,211.09
5273,283175ee6032a652080f3767fa1fcac0ca74af0e,0,1,0,0,1,1,0,0,47,96.3
5274,2639ac2ae94f8a2d773cf333a2631772df479325,0,1,0,0,0,2,0,0,186,101.24
5275,4ce44df4d346124013e322fdbb13993f7d0689ab,0,1,0,0,12,1,1,3,118,142.42
5276,f1f8384a0c449e600b62280bbd601d6da08c3e74,0,1,0,0,5,1,1,3,385,162.49
5277,9ef3eeec13b1cd30b35780def9cc35923193dfe9,0,2,0,0,0,2,0,0,54,163.36
5278,48c9db60526cea38be4a442694b1aa843a85d257,0,1,0,1,0,0,0,0,30,126.86
5279,922f5af10357a1933aadfa70ccb649ee3f0b6188,0,1,0,0,16,40,0,3,257,142.28
5280,269f81052e42d36f9a3bee684464543b7074b6b9,0,8,0,2,47,30,2,15,1628,981.16
5281,3b708f9989274cbe9e0e2a5fda6f1d0a3d96ebee,2,4,0,1,343,0,6,23,511,581.32
5282,c843b6b85cf828fde16d8d8a04411cba515f715e,0,4,0,0,155,199,3,36,2306,588.59
5283,6b6139cc8bf903f76dfc422d1f45a800a84b9000,0,3,0,0,19,75,24,52,2085,481.26
5284,21a1d525bd97de6f5ae0e5c54d779fbcfb733e96,0,3,0,0,70,39,20,53,2498,426.01
5285,e682c0370e68af75779bf2b0cd1622fce6e03eab,0,1,0,0,1,5,0,1,65,131.0
5286,4347982974176bd20bfa69d72a72f895e1b05d25,0,2,0,0,2,0,0,8,980,241.23
5287,44ed78aaaa150c9de74331944fdcc37a22262e4c,0,1,0,0,41,55,3,3,80,152.88
5288,26b8f4ac9d50b2e9dfd3cc4e608ee38fa46d4279,0,1,0,0,1,0,2,6,950,207.27
5289,6f24097f66b1575045e5f222cd5de6bc70c505e6,0,1,0,0,0,1,0,1,86,104.03
5290,5baa72f7f299b4ec190ddb30b897d5519a6a2a75,0,1,0,1,0,0,0,0,137,138.31
5291,35d4b5de8f3ee18ec98b01f3aa0951df0e11e8d2,0,3,0,0,6,2,3,1,244,316.88
5292,69bfca06f2b048c43b0dc4c3423227946b7f6523,0,15,0,3,279,250,26,43,2256,1484.68
5293,8a2a0c3d4ba674e345f9b2f8c8b2dec8f5782254,0,23,0,2,313,306,6,21,2950,1556.86
5294,91130373f474c8a8d8f5100044507553d2a9b872,0,1,0,0,0,0,0,0,146,84.34
5295,13910dc40077d5d0dadb541c043047f1b7a37be2,0,5,0,0,376,168,24,114,2242,728.38
5296,24e71dbff4e08878c94ad8cadaf9c5c6de8ae658,0,3,0,0,51,19,4,15,398,369.53
5297,b0841d8fee4c89647894f056b1106b9ac67be8b9,0,4,2,0,0,343,6,5,511,308.99
5298,ad81cabdce6c7dae46f1a207b0ed4b4bfa479618,0,1,0,0,2,0,0,2,153,109.35
5299,58e524e77f218cc75d01acc8f41c8ee6eef86207,0,2,0,0,29,18,5,11,143,208.63
5300,1a3b5dbcb5fbee5066ceaa2467536119893f7e7f,2,41,0,10,288,222,24,91,5926,3383.16
5301,3bb87d1699584e4ffe412479ae898e52c67654a6,0,2,0,0,0,0,0,1,441,144.58
5302,0ac36ea86bb9773997856ff897842bf66d69f5fc,0,1,0,0,0,0,0,0,73,67.61
5303,33c78d54b8f5300a6566121fcc99b9209677daae,0,1,0,0,3,0,4,7,140,129.99
5304,76101027eef2fa097b2b55cdc037a3bfbe235753,0,1,0,0,10,7,0,3,1948,290.79
5305,ebaa755b1b05e2b4c3671efa242afbf59dfd0497,0,1,0,1,0,1,2,2,81,183.84
5306,e615960c16b69fcbcb77c917ade30850912d3ede,0,1,0,1,0,0,0,0,207,153.6
5307,1cd818c6b4b36e1b4c55e52bb7d4bcc2af1dc322,0,2,0,0,0,0,0,0,461,135.99
5308,07a451ea0274ab75f4772aef741bf8aa83e86f91,0,1,0,0,0,23,0,0,176,105.89
5309,6d796c7956e0b1bc49a11a54e761d123cc53f966,0,2,0,0,8,11,0,0,450,168.77
5310,5749fb1eaa81e4c6c6ba06bce38e3b29d17d398e,0,1,0,0,2,0,0,1,1234,193.86
5311,180bb757164ae1c938ac0335ea4cfc83b54bd740,0,1,0,0,4,0,0,1,23,132.12
5312,48e8dcc8f0f15864c2ffafd41f54d713dd5e2f3e,0,17,0,0,102,87,27,31,7003,1667.27
5313,6e6863d4d14161027a419ef606916c95f59e7f41,0,1,0,0,0,0,0,0,247,80.24
5314,47bbfe35afd750ef110311725f6b2824a91552fd,0,3,0,0,178,290,4,32,1413,474.89
5315,bef9526d1b89ccd8bf3f42664aebf05d587a0411,0,2,0,0,2,0,0,1,122,170.5
5316,6874aaa0db16513299d18b381166044f9735c31f,0,1,0,0,0,0,0,0,179,80.07
5317,d049017ac85ce22e7dcf87879e94b386987b19e6,0,2,0,0,193,221,12,33,956,323.7
5318,b7ac8f96c169a3cfe18dd50ca1f27ce2b21fd78b,0,4,0,0,69,30,9,44,1447,434.89
5319,a79d54eeafc7880e0257775e344b11c1252a8e89,0,2,0,0,62,35,13,32,418,238.19
5320,abc6565e260d07614a400b0a83a56a20a7a0722f,0,1,0,0,4,0,1,2,51,387.95
5321,d8c29a3f7e482c99a075f581902c0ed7d142cd6e,0,1,0,0,2,0,2,4,55,125.78
5322,55fba6ab0b5521711ed5c33a2d8ddadd2edd8906,0,1,0,0,0,18,0,4,152,152.1
5323,79da4a6e0e1b33f880f6228e93905d85122238a2,0,1,0,0,1,0,0,0,151,100.29
5324,b42feea6432905946083e0e287b3545a5799e4a7,0,14,0,2,116,75,3,47,3277,1352.12
5325,486cc4cc0a1aae49ef8d09fd884d7e4095c05f1b,0,2,0,0,5,0,0,2,305,156.19
5326,b218536dbc55232a73a81f6288d82ef2b0fa0e6f,0,5,0,0,174,18,6,10,1410,553.55
5327,d4ec31f21eb83502bd523c057bce2d3b249b3d80,0,3,0,0,16,19,0,5,486,299.87
5328,f4f7417735e179c73334ecfb3df6aeb1467b6842,0,2,0,0,4,0,0,1,521,200.93
5329,5ab1a341a47d43f74398443f1ec1c17edb95e550,0,9,0,0,45,31,9,60,872,846.52
5330,4f47a44d05a1c9b8e284c2d8c084edb7c0376d1d,0,3,0,0,19,3,0,3,499,254.16
5331,133cfd399e15a2061f4759188726e875e288e625,0,1,0,0,14,56,4,37,904,219.06
5332,a4d7e227dc22714c47f7e362fed4b72b4ae9ab18,0,1,0,0,233,226,18,83,1732,341.32
5333,3ca740119e7b402a453a2fb43ee904a0ee313ff0,0,1,0,0,10,3,0,2,26,143.02
5334,5e51aa4e6d1d868bb82a1aa2ffaed4613b24ffc1,0,1,0,0,4,7,0,0,29,102.93
5335,43d35a651c83e52113bbf25b405c3329dc963e58,1,0,0,0,0,0,0,0,0,104.67
5336,05b08822c0aa060eb7ec5afd234e459f8f5ea05e,1,0,0,0,0,0,0,0,0,95.46
5337,6e9140ab6004e6eb6eac6f05073d158a40c0645f,2,10,0,0,165,23,8,21,1486,863.11
5338,4ebf82cc306ce4ef719abbb960d3f44b33f173af,0,1,0,0,2,2,0,1,321,135.97
5339,38db6e44640982feb6397936eafecfee68fa3552,0,4,0,0,244,102,2,37,1572,489.4
5340,e6e596d1a86272b70d759aad18f561e84e2854be,0,4,0,0,67,56,5,7,571,512.6
5341,04fd84c3d536a82b1e20a6295bc09d9250b76d29,1,5,0,2,33,36,7,17,368,530.92
5342,9cd68230b2430a2782d2b7062eaa7ed4f3437d62,0,1,0,0,0,0,0,0,22,61.23
5343,28d82160fc9e1082755ff770d189dacbabbeef80,0,1,0,0,0,4,0,0,29,78.97
5344,bc8951726e4830e6b9248b4417570f3363ff5eed,0,1,0,0,0,0,0,0,29,55.15
5345,4b09b8deb33bd87d0714797e2e862221bd8735ab,0,1,0,0,2,0,0,1,29,98.57
5346,57b18e600c6d79d19d29f3569b81cb946ef9ee57,0,11,0,2,78,15,6,23,1525,872.24
5347,655ae7a8f9c4582eb6c303e005df6edbe76bd732,0,1,0,0,4,8,0,0,45,105.1
5348,5ebadc11e36749e6479f9aba19406db3aacdaf41,0,12,0,0,91,55,5,18,2276,933.67
5349,c18ce589efdf480ad4623298ffb7038eb4091afb,0,10,0,0,105,105,12,18,997,1056.13
5350,1755f65a647da1816e2bd8229ba656a26cfcff1d,0,2,0,0,11,0,0,4,2149,346.91
5351,97a6e36bcdb6e186c07acac8ab9baaafd37d43ad,0,1,0,0,0,0,0,0,1967,234.72
5352,b1a307047768980b5fdfcb0cffef5acea6924362,0,1,0,0,0,0,0,0,47,70.62
5353,d7ae79427e1153e0065933cdd9df43b08da3fabc,0,1,0,0,203,235,23,106,1732,409.1
5354,d41c075721428b4beece0d8b22086a8017664280,0,1,0,0,25,16,10,31,194,199.5
5355,76db70e9d46688a6ef57f963dae0dad3d7c04ca7,0,1,0,0,78,37,20,59,1898,319.61
5356,8a5b90ede0701e05f776e6adccc71f6fbd43e3aa,1,8,0,0,132,13,9,10,2550,907.96
5357,f6671a7ac42515b057615ae3ac38bdb81715f98e,0,1,0,0,0,0,0,0,71,76.54
5358,333986428e6556f68c5889046d79afad8cb8e8f9,0,1,0,0,1,0,0,1,323,122.71
5359,66a6990aa076bbcdebee952f47c95ccdad735dbc,0,1,0,0,0,0,0,0,45,102.93
5360,9d08e50daaed83fc8e9321b6ae1d44f8e8137d8a,0,1,0,0,4,5,0,6,821,346.16
5361,6658a6e03cb4062036f84e78aba6fc3114499c80,0,1,0,0,0,0,0,0,825,142.75
5362,b69f5e363b75543429a25b0909b45dff735c64b2,0,2,0,0,222,198,12,34,937,361.12
5363,de8a479f2e1a8b536dedf2e6470301709bc3d9dc,1,4,0,0,36,0,0,9,1296,474.47
5364,87097066e7c3c133e333804c4e4b00457b6c989d,0,9,0,0,422,853,61,210,2504,1983.66
5365,8d1acd93fe86030bdb84bba5251f7999ba70e1b7,0,1,0,0,1,2,2,12,949,215.27
5366,48d7e408085ff4f56a718487dedb05c23dfe57c9,0,1,0,0,0,0,0,0,152,77.24
5367,a2e74354ca51809a11b62dd7995c026807683b0a,0,7,0,0,201,28,1,7,1318,628.09
5368,75c185199d403dbd6d1220a4f4dcd1553c98c15f,0,2,0,0,7,0,0,3,336,182.95
5369,44f4e790196ff6425255cd12cfd100ddf9415524,0,1,0,0,28,19,0,0,100,109.3
5370,0547d16d5f5475e66c339ed779cf561c52869445,0,2,0,0,51,158,4,5,204,247.26
5371,8b8042b032fd93103fa6c74fc4b751e0dd9a207b,0,2,0,0,0,0,0,0,193,140.08
5372,c320cb34019710895a3570d001c73688fa948c2b,0,1,0,0,2,5,2,8,892,230.18
5373,2890cc5be986740cadf491bb5efbb49af2b11c57,0,3,0,0,78,92,1,10,709,314.77
5374,a16adba9b89661f95d167d056d128ed388c4e7a7,0,3,0,0,2,10,0,5,369,295.32
5375,15e7ac7d37a49c7ff852057f6f124aee611470da,0,2,0,0,7,0,22,47,1078,215.24
5376,b3a225ef101d8ac2de183279843f94a54a38c907,0,1,0,0,0,4,22,47,763,159.93
5377,c1eb74ce47988c1e75d20ccb9a0320dd305c4b1c,1,4,0,0,258,132,34,113,1055,587.65
5378,072b488cfcc4603d467bee6ea601c16cf92efc3e,0,2,0,0,23,15,9,28,630,260.03
5379,c3550fe40c298bb7d31735ac1aedfc9fab84c169,0,1,0,0,198,221,12,33,800,262.66
5380,647bfc6d7985a9e07734315424fa6cc89e587df3,0,4,0,0,11,106,19,49,630,515.26
5381,c8dcc7515e9f1d7f73f2d5e6651862a1b1023bea,0,1,0,0,101,114,0,10,461,187.52
5382,86382f6427803854e24e7ae198f2292e1b9edf09,0,1,0,0,5,4,0,12,859,190.11
5383,c0c2de53a075e00f3ee8b32db23a3cb3b289943a,0,1,0,0,0,3,0,0,20,109.82
5384,a4f5794222f2a69ea4502085f928e3d413dba1d7,0,1,0,0,8,0,0,2,61,113.16
5385,08a9d384d87d472d7f8383fa1d9b457190309b27,0,1,0,0,52,13,4,13,116,155.85
5386,7c0c34b1a5635990751ce4ebbbf308673536cd41,0,1,0,0,11,0,0,0,15,441.94
5387,acf1b1801352cdc6103325ff4498c2020dcc1c32,0,37,0,4,237,189,14,61,2915,2943.43
5388,63ba5886e3ee3d6e5b5ab538c4b2e5890bfebeb3,0,1,0,0,0,0,0,0,950,153.67
5389,95e09f262ce8d448e8bbbd17aa9c77f6546d5ed1,0,3,0,0,20,12,3,6,417,265.3
5390,fccc123af1a1f120fd86db65dfa09fe4c85a18d6,0,1,0,0,34,27,7,4,134,148.01
5391,9881ea6b3e4c48fab071bf3e1cf3535775adefa2,0,17,0,0,653,454,38,139,2833,1384.6
5392,9002e76d6971c3035a439209a9f2e5b8c2465247,0,1,0,0,125,255,3,34,974,235.32
5393,7f019804ca82c727062c2a787fe534690e9dbf6d,0,1,0,0,0,1,0,0,161,131.85
5394,0a20f5f170b3596e6e74bba7daddebd4c1f5963a,0,4,0,0,177,190,48,179,3352,696.65
5395,6f919368c87f1c4c3531843fb8f7f5c80d21f51a,0,1,0,0,0,0,0,0,3,90.77
5396,90d086a152643b19b9a80f2446c6e8b1747722f9,0,1,0,0,4,0,0,0,128,101.1
5397,a4664328c2be71a39301b1fe92eb9fb4e2d4755b,0,1,0,0,0,3,0,0,129,104.12
5398,1b51bec1455265de050fa85f1a2f90c26d28f591,0,1,0,0,0,0,0,0,186,87.06
5399,02ffaff69df86eab4f3f026732466b9eb1578314,0,1,0,0,59,14,9,42,903,225.05
5400,6b5b7f5193c63d19fe644c708efe100f6f520fa1,0,2,0,2,0,0,0,0,146,365.59
5401,10527498a340feb7333b3c2b0252029fe6a840c7,0,2,0,0,313,680,21,76,1331,443.45
5402,74e96b460ae779e5823178108001871d4a10be7a,0,1,0,0,0,0,0,0,10,63.47
5403,dbf3e1c574d08dee0450feaf8cc7e0d4df0e0ba8,0,1,0,0,0,0,0,0,10,63.66
5404,cf3f5b6efbe80a95bfc57e40e60ef5531eddc71e,0,1,0,0,0,0,0,0,10,60.66
5405,b573d0fb51a91b053d11d5693eae5a397019d288,0,1,0,0,5,0,0,2,160,165.66
5406,70fd478271fe13afeb85f05b8897b91058967b96,0,1,0,0,0,0,0,0,153,79.55
5407,68961a6a9089a8cd374dc90577f2d48b515aa0a7,0,1,0,0,42,0,1,0,38,182.16
5408,43f19eb576004ac7694e76425d37cf876c01673c,0,2,0,1,0,0,0,0,222,205.06
5409,e78b002b131bb34792dd7a04f26d9a3a57c531c1,0,1,0,0,94,53,20,62,1907,342.64
5410,233761e53988301222dfaa590dc7fd8ee396c9b4,0,2,0,0,149,29,3,8,103,269.49
5411,742682833259e0bd48243211253dd6a2469e95e2,0,1,0,1,0,1,0,0,35,128.71
5412,44fa2cdb48cf6b4e589d5c48f5c57f0a93c03b60,1,17,0,4,74,28,15,47,1303,1814.29
5413,ad404512dd30b4c0030e94c78fee4179ea683708,2,0,0,0,0,0,0,0,0,216.08
5414,18d3b52d478c31a9091bb328f8cf5adaa7879a66,0,1,0,0,0,0,0,0,301,94.98
5415,73ef82f384ca9c95933cd92d0e389f2f0dff7ab8,0,1,0,0,0,0,0,0,73,129.17
5416,62af7d0c9d12c642fcc749f64f3db096013d2e41,0,1,0,0,0,0,0,0,3,76.74
5417,562a22fcd29b215f921ed3a4f4fe26b6f2290530,0,1,0,0,257,285,30,148,1716,410.06
5418,837bded794f23975414eb81a73a7120aaabc13ea,0,1,0,0,0,0,0,0,1973,261.57
5419,af96d405b42a9e4ae23cba841b7a5d83ee8f7ec8,2,1,0,0,14,63,9,40,899,533.32
5420,6f4853e78a289c5fd55c523290309b6e87f2014b,2,0,0,0,0,0,0,0,0,444.9
5421,3fb2dcdf06fa74db14891abb76a447c040f32436,0,1,0,0,0,0,0,0,3,71.54
5422,65cd825d0d423b7473b7197b2d22a3dc169e2bb1,0,1,0,0,0,0,0,0,102,131.22
5423,f486193ab5654881986a7f7b655fee3aedabad15,1,2,2,0,104,34,9,45,1041,751.69
5424,2f32783bd60081b7798b73c58f9d973776dfd7b5,0,1,0,0,0,0,0,0,75,130.95
5425,c454807a75a55bf7a12dbe7c641266bcaf33d6e1,0,1,0,0,2,0,0,0,75,103.32
5426,3aa41fbce807d07e3952cbc78beec7cbc2d743e7,0,1,0,0,1,2,0,0,39,127.4
5427,9d06ea6f144c3a1327d9c1322f1543067852701e,1,17,0,0,253,220,7,51,2675,2020.12
5428,4791d9814d97c6bc373b5b126774e4d1381732a6,0,1,0,0,18,44,0,4,145,217.22
5429,69e65be8d77716c4ddf318d63f180aceb2393133,0,1,0,0,0,0,0,0,3,74.73
5430,f4460a55b85759d2a631a2d931f10106e1748770,0,1,0,0,18,0,0,17,1973,316.29
5431,0a09edc8180d4b0dae8c56dd64a1b1c531d684f8,0,1,0,0,224,235,23,108,1756,471.2
5432,9030693180b1e6484ae7d1d44ef6964ca9491f49,0,1,0,0,2,0,0,0,88,117.06
5433,bc4b008bf138f3542f228624b9e9a4a4301ea8b2,0,5,0,0,58,2,3,12,677,700.49
5434,ef35641edd2682b6e6ee177dce0b93849dbe8c4f,0,1,0,0,91,78,1,10,317,317.99
5435,c7e472e8c1eb5739866e8c93957738676cc744bc,0,1,0,0,78,87,1,8,321,275.15
5436,32e1b16b81af5afb244860af9dad368575d69988,0,1,0,0,27,0,0,3,178,178.66
5437,2e61cd5e07f3983d262ec6bba2aea329e28c5fdc,0,2,0,0,1,0,0,0,593,191.77
5438,60dbe8b700ee0ee1a15fbcb94f9543d1477de7a3,0,1,0,0,18,40,1,23,348,264.03
5439,dceb739f32b7d8a8525b3af99cf51b7acdd3b7f6,0,1,0,0,0,6,1,1,28,164.4
5440,ce7bf5e99405ce08dbd2b4955fd76582c27db403,0,3,0,0,293,133,3,46,1408,700.4
5441,39b0d0e3efe3f0b58c317a0fa8766dc99ad5ec11,0,1,0,0,2,0,0,0,1240,177.21
5442,d267cf88c870a05efc9109a53b51b8628b4dfe48,0,1,0,0,2,0,0,1,1242,229.08
5443,d839350f42405ccd85ff478bd13bad9920522dee,0,1,0,0,1,0,0,1,62,147.39
5444,79a4dd58cd060cc28f32e0fc17001fe1179552a2,0,2,0,1,368,192,15,67,694,590.1
5445,3b299c4ca123e66172163bacc05e7ce8e096164c,0,4,0,0,59,27,1,11,143,1230.26
5446,134e0226e42d977e8e73477b1ff24d51e64b4436,0,7,0,0,301,40,24,61,718,939.51
5447,0b26c778bcdbef83cb5e0480a8c7b38d58d2aec6,0,3,0,0,0,3,0,6,368,249.55
5448,d13f78ab82c6fe4a6fbb5293126670fb7032203f,0,1,0,0,2,13,1,1,44,237.86
5449,259e17df3bd39d1cedf5e3a40c88b1d0d8efdc33,0,2,0,0,0,0,0,0,374,113.56
5450,361ad681ecdde12e299026ccee5e17c184f943d8,0,1,0,0,2,0,0,1,69,126.33
5451,7484bd41918cc042642753f1ad1eaf468c6fc3af,0,1,0,0,10,20,1,3,261,244.59
5452,65a46265df79593c684efceba0ebb93e37339e0e,0,1,0,0,0,0,0,0,246,78.29
5453,820f0eb60b89e043761a8c882ff8a016c3ea2212,0,1,0,0,1,0,0,2,18,157.73
5454,81bf2b08895336b7f650624b7a581ccc5e2dbf26,0,1,0,1,1,0,0,0,20,188.29
5455,5a79f56316f426942c63e7899744a5a219fdc7b3,0,2,0,1,41,0,0,6,382,349.24
5456,2e456f56a604402a4c176c0995f62147a129149a,0,1,0,0,0,1,0,2,64,133.11
5457,db9ef0b6db3b3198cc0c67eb00505f0ef53b87e3,0,9,0,0,755,344,13,63,1217,1310.6
5458,1147ee3a81e483b26b4b8c5d7cc7e55fcc2baeec,0,24,0,0,751,661,50,188,5310,3068.91
5459,362e54803434053fea25f874f64c69bdc1db78da,0,10,0,0,156,166,6,105,1557,695.42
5460,541a20dbb2ef258705c0632cddc3361ea533995c,0,1,0,0,2,0,0,0,207,283.87
5461,c6efd35cf20db59c917b590100a7d09555fa4854,0,1,0,0,47,0,2,2,138,138.3
5462,92c38c0e6a5e23bdb77c23073a28f118a9f23add,0,1,0,0,3,0,0,0,227,102.61
5463,33bc1e8f8e44fa61f87d47add52f5bda3456f62c,0,3,0,0,77,18,6,6,2323,395.11
5464,a01eb5a9458e03e7e53509d738b8717d0975141b,0,1,0,0,1,0,5,63,1012,210.4
5465,3ce2ce7144df8ac4cc6d6c401f1c6c4f4c2b51c5,0,0,0,0,0,0,0,0,0,64.65
5466,401ed436ab0ca1f9294fbdd26d3da78ee70e9c3f,0,1,0,0,2,0,0,1,19,123.98
5467,7879e7f9b6f0d95b85f24923bb93229ab129fca2,0,1,0,0,0,0,0,0,128,81.64
5468,c045690b126e6b1f594291c6eff3957a6d9079ea,0,3,0,0,3,3,0,9,291,237.97
5469,7eefbf8b9d8602181acddb799103f64583c8a5ef,0,1,0,0,25,109,2,2,89,137.86
5470,eaa78e0857b30662c55cd72d5bc635a4d9d1a23a,0,1,0,0,16,69,0,0,6,142.4
5471,58dc48889536878bab2dfc67ed892b27cde03558,0,1,0,0,27,92,27,69,671,198.23
5472,590b3b23ac2db333048c52c5323b78d0630605ae,0,6,0,0,157,85,0,0,188,447.63
5473,e3a88b9f80ea9ba59cf3da8f7b5cc81ccb32e24a,0,2,0,0,113,219,5,34,572,280.3
5474,51583ad3dc2fab9ba9e667b6ca73d3773642ce05,0,2,0,0,26,61,1,26,533,265.82
5475,b9802ffbc4d22e5a6a608f16113d8a0d7914a319,0,1,0,0,0,0,0,0,24,65.41
5476,e141694e2bcaecf3c604f3c60b622f8cc63f3b46,0,1,0,0,0,0,0,0,24,55.9
5477,de1f7ee1eebc0ed9a092940874ac5868b16ef930,0,1,0,0,262,308,30,137,1731,355.75
5478,ba08eb3577dfe00885b024e66738d294f431129b,0,1,0,0,23,22,0,0,1155,244.31
5479,76139e42693959c5975f46803b9897f009656846,0,1,0,0,225,236,23,109,1757,633.53
5480,a42b4e584842a3104652fa2c0092f9306f935f26,0,1,0,0,0,0,0,0,105,243.01
5481,ca213ccdc029e74f548115dfbb61c65d221e5e42,0,1,0,0,128,269,1,30,975,259.61
5482,484d2816940cd2eb22d2365fcb376dd27e059e2e,0,2,0,0,17,13,0,2,169,162.21
5483,2635632270289fbbab2f3e3181f20aa98c34a879,1,5,0,0,16,39,0,5,212,535.67
5484,e00878d9558d9220ef864c6dfb69293ada36e2bd,0,2,0,0,98,33,24,71,691,261.21
5485,6127f85670e9aeb569d5cc74468a2e17cc93b0bb,0,1,0,0,30,17,1,8,213,155.66
5486,36cc02ca76fa11b6b1d2cb24fb068d2a5dfaa842,0,1,0,0,73,19,0,2,133,136.91
5487,028f539eaa7f5ebcda42495145686dc1fa40acd9,0,4,0,0,405,252,16,86,1068,532.14
5488,465a09c468679548cb4884f6a219c4335bb39350,0,1,0,0,0,2,0,0,84,88.63
5489,dfcb73426c9e87b0e4c263d0739d6856c3119c05,0,1,0,0,2,1,1,2,387,159.49
5490,926f639a53fdd260bc789a3cd69a49186b7e7c76,0,1,0,0,19,73,0,3,133,135.23
5491,ca7e9d5c49b08fa4981d5986ef68c82b3777e282,0,2,0,0,12,6,1,7,205,221.39
5492,ea5b6246d24c6092cda17c28610f76b17b0be25c,0,1,0,0,3,0,1,1,627,161.07
5493,f5ee620bf9f47194b4326a4194c8d85e35ca4545,0,1,0,0,10,0,0,0,894,173.61
5494,367c741931c2a20eb2213650313dc238e8b0f3aa,0,2,0,0,71,10,4,9,324,278.48
5495,4e67631ef84464ee4a1c141719521e835ddcd529,0,1,0,0,236,225,23,110,1757,346.13
5496,b59ae73cf20e7ddb7ed656ad968419e06e4a82e4,0,1,0,0,0,0,0,0,143,79.72
5497,35efdc1e391bf6f7d9ab1b27bd428902478a7923,0,1,0,0,8,23,3,13,269,205.42
5498,5767757abc98759c7c3cf955b03e972d29fda633,0,1,0,0,3,0,0,0,137,95.99
5499,d92a79f5b3287ee26e45b666b2c4c5feec823f74,0,1,0,1,0,2,0,0,154,190.06
5500,78e91c4cacb7128a994a7a8ca16f5a9e20b576ce,0,21,0,1,523,375,34,207,3544,1935.52
5501,a4bea74aeb9dcd8a2104ae1a7d4660a65af7420f,0,2,0,0,14,1,7,11,295,190.41
5502,ea26dbd730b0b340f65cdebd5ba9e899d367aa53,0,1,0,0,4,17,0,9,138,135.69
5503,6574de53429e923121e1ee6df197bfa149208742,0,2,0,1,137,91,7,76,1606,526.68
5504,7216639e512c2f5d4834bd5213d7e30af68aefa3,0,2,0,0,6,0,0,2,43,229.35
5505,5420b7a2296d230e7fd5bc2f41fc6472a9c8b55e,9,17,1,0,183,113,11,37,2906,2023.58
5506,ee950b4103459740329dd91b07738b4e6003f977,0,13,0,0,216,184,38,89,3234,1034.46
5507,e68ac31f3fc5a1a44bdb36a4124bf921a65f2be4,0,1,0,0,0,0,0,0,277,85.7
5508,d48a1871d8cd79c3330b355e153567828b0bfbeb,0,3,0,0,15,55,0,3,257,260.17
5509,f66689db9705fe5ebb0a6d2fe5063e23b0c2af0c,0,1,0,0,0,0,0,0,103,77.52
5510,1c33ea3677ce788dacc3e158991cf99452c0325a,0,1,0,0,0,0,0,0,154,78.42
5511,371507a121209ceb8d3d6774f36cbb34175d4347,0,1,0,0,3,0,0,0,15,86.97
5512,58bb974a330ab71d2ee34cace565f489e26629c7,0,1,0,0,6,2,0,4,49,127.05
5513,0f2d7d0b9540efa3ea3dfe4f8270c3635afdc63c,0,6,0,0,34,22,2,12,831,492.14
5514,f2a656e9d6eb43fd5e6ca13603453bebd6fa210c,1,0,0,0,0,0,0,0,0,79.59
5515,2800c7fdb8c4a913ad08670a1597036aa79d7ead,0,2,0,0,21,30,1,5,390,231.41
5516,1dc157afe7da3dce57f7657e445ba12f16073d49,0,2,0,0,125,376,28,117,736,371.26
5517,6a4144b41897b87d824fb76e483d6ce81c62f5ef,1,1,0,0,0,0,0,0,49,143.0
5518,1def02f19dee6781ae28e5443be9fc0bb098f43d,0,68,0,5,520,201,10,47,6970,3962.67
5519,00b5c36cc55f8ed65c9d769e93035f2fc8fb1eb0,0,1,0,0,1,0,0,4,161,131.41
5520,285c369ac7910d24b7260a3d96a67de9257cb9bd,0,1,0,0,4,0,1,2,187,300.06
5521,1e49abaf9cbc0833146f30c32ab574cd892aa0a4,0,1,0,0,19,30,1,10,213,162.25
5522,4722fe70aa9ae1b62772cfa1a1de58ef289445d5,0,13,0,0,438,126,36,141,2429,1242.76
5523,60be74230e48bb7f3aba132e247d054a8b8b8a0d,0,1,0,0,8,0,6,19,757,164.41
5524,cd9e4638fa878d4d6ef286918d33a25835436bbc,0,1,0,0,0,0,0,0,33,61.3
5525,512c3d1a4e9f236f22308eab12d5374d24d48a8c,0,3,0,0,6,9,0,2,376,227.08
5526,f72738125339c21a6981ecd2bfe86035244e8257,0,1,0,0,5,0,0,6,85,143.18
5527,ce98b2de09641772f4466593c6b650906e66fad7,0,1,0,0,0,0,0,0,164,79.91
5528,68c92652aec5934c5050520f060c07a91057c3c0,1,1,0,0,1,0,0,1,118,190.01
5529,5fe7557627fac6ace2554a4f8ef552c9d9512490,0,7,0,2,285,111,10,47,1174,724.18
5530,2d6babbcc992dce30028f2cb4ca61bdb0962f0e8,0,1,0,0,34,46,4,2,122,161.31
5531,b48a17bfbb033d30ed0fd7d66d83129dbcbcf1fa,0,1,0,0,9,1,4,7,155,140.14
5532,b93f287c869c1da5158a7961b3ee1281a11a2b9e,0,1,0,0,2,0,0,0,318,103.23
5533,fa601bdff0bbd98605db6ff17591724aefc16245,0,1,0,0,23,2,0,0,318,121.82
5534,c94caec1b5266af4f20290b9d3d82faff4977aa7,0,7,0,0,6,13,0,2,1446,468.07
5535,29a89d818a8befa95408e7c6c0a1347e107c3a26,0,1,0,0,262,333,0,3,432,210.56
5536,d509fe1a5f8798f23f248fd0421fe15d04a53e32,0,1,0,0,2,1,0,5,161,125.47
5537,61b13b0e6a8396e77f37f5c86b33fbaf9e4546c3,0,1,0,0,0,0,0,0,151,75.6
5538,68dd6349551f5b26b399a80f38624e02bf89a9b4,1,0,0,0,0,0,0,0,0,109.26
5539,6eda57c1b612346d7936f6749b684882ec46d68e,0,1,0,0,2,0,0,1,183,114.61
5540,7065b1bdf119e07f2e64735f60ab3e3d036c00de,1,1,0,0,2,0,0,1,190,382.13
5541,a4504388a8761b42f4f28604d98ac668ca496d55,0,1,0,0,0,0,0,0,192,79.98
5542,cecd1da318f19139446db526be035fb25e1c5b12,1,1,0,0,4,6,2,10,179,204.38
5543,f1aa49b9f80f532307195932e6bf34f4705e6ccb,0,0,0,0,0,0,0,0,0,74.38
5544,55c48c2a001ff659722236df5636a45a000fdb46,0,1,0,0,7,4,4,10,179,141.22
5545,be79ba500e6e63ade6e337374f935e69a691086e,0,1,0,0,4,6,2,10,180,144.84
5546,cc276fb198cbc1cddd880736a5d99f49cfcc9592,0,1,0,0,0,1,2,2,183,123.64
5547,9baae7b80767b077403a75cd1c1e2589ae38b0ba,0,2,0,0,42,4,2,8,263,199.44
5548,a8f5278c8c7253ff5bd707a6b8b9fd508545fe73,0,1,0,0,1,0,0,0,120,93.48
5549,593bba94f68ce6fe5220264d5323693ce80ef6fb,0,1,0,0,0,50,0,0,71,81.83
5550,45afe1d935be9057fe3aa08f2d7b9300501402ff,0,1,0,0,271,127,1,40,976,268.98
5551,a14a01c924e4db8e084ba313149d35149dc53825,1,4,0,0,17,3,8,10,968,488.01
5552,9afc2097ef8e806b9916e623815202b0f43d1cfc,0,1,0,0,80,55,3,7,99,154.47
5553,4b3a17cda6f46b444ec54b719bf6ac7c246c513f,0,2,0,0,7,20,0,1,454,214.14
5554,498ee24b52a6876a008c3d3d3ef4870e4bd9842c,0,1,0,0,4,0,0,6,56,114.3
5555,20fffa9993ba79d99109e037582b488963567777,0,1,0,0,35,59,3,22,571,202.01
5556,7bceedf47017f625779c00df3d483a88010681f5,0,1,0,0,55,26,3,20,580,185.58
5557,b34237150afc15c50ca0a281f77a67e73b229bd6,0,1,0,0,0,0,0,0,635,114.8
5558,c1b5c270df35bd9554d565c44cd409ec9d96b44f,0,1,0,0,0,0,0,0,1013,162.54
5559,93c99a65e70cd21c8b4e26c161b990b0155449b9,0,38,0,1,134,161,19,67,11221,3119.81
5560,303ff22dd608d4971a12de52f91184dcd82895c0,0,5,0,0,106,104,20,25,841,712.84
5561,434b5d683ec7520acf1a5a2d421ee5aba2ede0e8,0,3,0,0,91,221,19,67,3005,6329.71
5562,4f381a2a60c95bba9b3d7153aab8db504b3b7720,0,1,0,0,1,0,0,0,387,116.38
5563,6858dd3e3ab354c517503d310e50319be93cf6a2,0,15,0,3,107,83,1,19,1992,1187.58
5564,eb56b490bad44f2ffa04e6b52f3cf0eaaa9c7e4a,0,1,0,0,23,6,7,11,129,143.95
5565,2fe6de6a11850f2b92c5364d8b78625f297c7f55,0,17,0,0,86,55,2,3,1124,1241.56
5566,93f54fc44461c995ff30d42f284c78d1a9a02723,0,1,0,0,42,21,1,2,158,147.99
5567,ee401cf8131a779069805cbe9ef4ab05d4a63b9a,1,4,0,0,99,38,10,11,478,485.04
5568,bf9b49ca8443b020cee6f0e1550763fed5a36363,0,2,0,0,3,8,2,11,315,219.53
5569,2420cb46bf3b5c07069a24f56af73d8a00d9673f,0,1,0,0,0,4,0,6,56,90.07
5570,d4833593bed5db45fe718e37b685537b5a4ace9e,0,17,0,5,97,231,0,1,791,1348.98
5571,2a3e2021f134ad51de0f025b253907ee5f391a86,0,3,0,0,1,0,6,8,150,194.59
5572,e39e9e59309ee650caa210f8cae7e6b6d028a105,0,5,0,0,353,558,19,89,1182,617.49
5573,94ff639429a65acb5f122ed559e98dd60a40e42d,0,6,0,0,300,134,21,79,1763,694.92
5574,5b8ac8cbc5ff9e0dffb6ebc0485e0e2bc2a679fe,0,6,0,0,324,137,8,79,1926,702.78
5575,a224e583ab2fcda98b0428ab0c41d6bb6e5ee09a,0,1,0,0,1,0,5,0,48,109.37
5576,6e4dca02a720ac9277370ba1d4cf387ef1a3cfd4,0,1,0,0,15,13,11,33,996,226.78
5577,d84b692eb1cc0fbc55f047ec61c6a1c2cabe8b46,0,2,0,0,240,241,19,96,2448,649.3
5578,23893ead557989bb74d699e1028c9c6a1b689f3b,1,1,0,0,0,0,0,0,48,136.17
5579,2b973b9ed1c1c6bd1c5b0c756cae12db434f02c0,0,1,0,0,19,77,13,60,900,219.63
5580,9da949bbeed9d924f98e7cc977e864162caba2c9,0,4,0,0,5,16,1,4,1019,495.47
5581,536ae7ae98a5901cf1aa6ae6ac60a17e2518fcb7,0,1,0,0,9,0,1,7,148,129.34
5582,ef4a07b4b62eb448b6c1752250896fc861ff29a4,0,4,0,0,12,4,5,12,822,500.58
5583,da3606e180411e88774a9f24e7884147a202fea8,0,7,0,0,370,271,0,5,1146,693.85
5584,e77ea1252092bc0e589cfbc2341c2194cb750b08,0,32,0,8,376,105,22,123,5852,3050.96
5585,6aa81a5b378938bcd9d1201af191685dcbf4a96b,0,1,0,0,0,2,0,1,227,142.72
5586,135513cf9b95edadf7ab52be8b05c2d83019f3cd,0,3,0,0,43,116,1,6,529,344.76
5587,e90c493cb27e563d473befd1c932284d40df4f9c,0,1,0,0,4,0,0,0,141,106.11
5588,92cb551ae3787d3d1e33d6e2eb5571d045a2a21b,0,6,0,1,12,8,8,29,2958,729.97
5589,9b539f966f56a98775eacadd6495b4482b0e87a9,0,5,0,0,156,33,4,12,416,427.73
5590,cbe4fd02aec75a359df34b48bafdf7361796f527,0,1,0,0,1,9,1,15,561,184.68
5591,0c6fad4a8a8d30198283f36f35077d52e8122cee,0,3,0,0,145,89,8,69,1220,374.1
5592,8d87e0e25e7252926bbe8b671bd86262ba7bc246,1,5,0,0,28,4,2,6,741,529.09
5593,d13a996e45a3294a7c16102bf9d3da881ae2c732,1,8,0,0,69,23,13,32,1629,917.04
5594,871de53a83639922d6dcbe0b5a0c52ddc7591fe2,0,1,0,0,0,0,0,0,151,82.49
5595,61ee287bc7d56008c3b7851f0f2e2413325d81f4,0,1,0,0,0,0,0,0,309,99.56
5596,8f7678967c4a042f8e351e8948a44e8b54671240,0,1,0,0,0,0,0,0,309,92.59
5597,0bc4663aad3257f359058465dccbb36141fc75c6,1,3,0,1,31,2,0,0,241,358.53
5598,d5265bb326bcf4703e866ca96241842d9dce974f,0,1,0,0,2,0,0,5,904,206.88
5599,eb4032e5fb4b5c7ec4f59989c0e62ebc431c1e21,0,2,0,0,416,267,32,149,1815,529.8
5600,ae03e1bab709bcadcd973899be04e0c06a7df7a9,0,3,0,0,59,49,8,10,845,578.06
5601,581ce631026b98ee9438d54ef144df89bc91100b,1,5,0,0,104,31,2,31,745,602.38
5602,11351e3c0dd20e60e1f21be6cfa966377a999f83,0,1,0,0,8,0,1,2,63,135.27
5603,5e4b8f535fb2b176335ba29a59302b08c3c23766,0,2,0,0,21,0,6,52,794,218.16
5604,1630ebf6afa6c3ceb4751dfd9bb3e444b99211e2,0,1,0,0,70,122,20,56,1930,362.68
5605,88f9c92f4561c77b40ca25594f3b926824d506c9,0,5,0,0,92,120,5,13,845,537.0
5606,8a2d8a138d5ac1fc38b24bc7fd7513f6dbe86b24,4,1,0,0,2,0,0,0,206,339.68
5607,ca431888efd91bb8a7900c0219bd821744153686,0,1,0,0,0,0,0,0,16,65.15
5608,ae25812e39cb29c6ad0d0625eec9268e55c2fb38,0,2,0,0,7,0,1,1,191,190.61
5609,bd0eafd5853a446b0db79547231a0a9653a74293,0,2,0,0,0,0,0,0,198,95.32
5610,3adf59486a4e55f409fcc62a4c942a070b98dd8f,0,2,0,0,0,14,2,45,801,204.46
5611,233bd3c0340d6bd19fe0c25072bd3b4931be0e1f,0,2,0,0,0,0,0,0,801,150.64
5612,fad5ad5a6af5a9ed2954a6395149f0ca95d34603,0,1,0,0,0,0,4,37,775,159.17
5613,6319dc804f073b65b011c5ff87f6c320df6b7e8b,0,1,0,0,0,0,0,0,208,83.64
5614,e60b4e6d1d8fb94586ec3e277e77a6d2aef0be2e,0,1,0,0,0,2,0,0,206,101.63
5615,721afaead6bdf02107a88f650edf1be5b1127268,0,1,0,0,2,0,3,5,906,206.54
5616,c7f3a238e7fcc09292c0316b4df3279a4d241b2d,0,4,0,0,28,4,0,1,391,274.9
5617,2a661195fe0fb5fb43b0295266d0decf40820442,0,7,0,0,53,26,0,6,1573,632.04
5618,43c2c169b7bd8f6d5ec16557532c34f3ebcc995a,0,1,0,0,0,0,0,0,908,167.25
5619,337e4a8292d29ea1a07c932d8853ca62939548ed,0,2,0,0,16,0,0,0,149,187.93
5620,33719e759aa600149b4b1286c63e4f895a920b4e,0,1,0,0,3,4,0,7,227,311.36
5621,3d2da7987e3a6d0f1e088af9c661068335cc9f67,0,1,0,0,21,0,0,0,122,108.05
5622,453292f3c6a443aed72a4b53203f1a46b26d9aaf,0,1,0,1,0,0,0,0,202,175.06
5623,4f6e108e146f5226a6a20ad83fb5c46c7d18d046,0,1,0,0,18,0,0,3,101,117.19
5624,ef894c2aad85fbb980be20f5c42f735966871d47,0,1,0,0,20,5,0,0,40,106.2
5625,fe1ed96d74094fd779dfdc4bcb1fec019dd8c4bc,0,6,0,3,46,55,11,30,469,498.46
5626,1e2a5b0ee334327f1ed62e181542328a0824c27c,1,7,0,0,359,284,1,0,1159,632.9
5627,7f571b57abe6e93493a1406a582d5b0ababc0118,0,1,0,0,0,2,2,3,170,123.44
5628,67ce78fcc70422b7d831f6fc4a6e5512ca4d5ffa,0,1,0,0,2,0,0,1,168,136.12
5629,d9cc6c1bf610f13533df23f1b5fa99f955abd85f,0,1,0,0,22,0,0,0,60,110.0
5630,2b35d4b94affac7662858f7642880d89c9a70a31,0,1,0,0,0,0,0,3,82,80.26
5631,60e56d4bebdd7889df88274540d58159b17a3364,0,1,0,0,0,0,0,2,82,78.9
5632,d2934049b4693af3d90a60e30002e9f7bd16d8fc,0,1,0,0,0,0,0,2,82,78.0
5633,8bf6974b4b9c1be035bb6b10350d190166c39379,0,1,0,0,0,0,0,1,82,82.41
5634,638c40e817a0d4c4e52956491b99c2699bedc80c,0,1,0,0,0,0,0,0,981,150.36
5635,3744d7792941785e6e38fefa2b50b1df5cda8791,0,1,0,0,2,0,2,3,170,138.48
5636,a5bc52eee90e342efcdc53282612008d3dbaeaeb,0,5,1,0,22,100,2,23,745,375.93
5637,892bf5551c06e669b02d161439463ebf2de0793c,0,3,0,0,32,12,12,21,527,331.0
5638,440d23603855d25592bd36a8832ea3af522fb923,0,7,3,0,53,268,7,44,4048,1060.53
5639,cc3e0dbda284b814e492c620b7875f2b75c03e91,0,7,0,0,199,85,25,75,3913,796.32
5640,70c72b7ec56367f9701ccf971363fc179bf2db50,0,1,0,0,2,5,8,9,337,341.03
5641,da3fd5d7ac2bb0f64a32176c3722b857b71bc654,0,2,0,0,46,39,0,0,470,195.27
5642,cde5666290a89fcfff0c6a4bf2a421caa615de36,0,3,0,0,76,48,13,28,511,379.38
5643,d4d62468462ac854c4855d31a363deab6a41692d,0,1,0,0,1,0,0,0,103,92.56
5644,0947fb8a91ddbf9785a675bafaac51c02dd1f27e,1,1,0,0,0,0,0,1,1247,248.28
5645,1879d9928b506845f45578580f2a902d41409c8d,0,1,0,0,0,0,0,0,339,104.68
5646,46326737288ae1d4d05a80d7074126e0502465e8,0,3,0,0,45,8,0,7,572,283.18
5647,d667556d060068a4a93e5331372b92468f0996d8,0,2,0,1,1,0,0,3,202,174.3
5648,1921b98599aa5190c74737c4e8a1092c63f842dc,0,1,0,0,0,0,0,0,203,83.57
5649,60eab4e45e18d6b08350187acf56deed9654fda7,0,4,0,0,204,456,26,94,2052,586.47
5650,2f48723bfff605af31102fcfcd767b3dc878e097,0,1,0,0,36,0,0,0,81,133.58
5651,a48b3c42255d99eb22b826a3abffea8409f7feea,0,2,0,0,1,23,3,7,2070,353.64
5652,41a85afe65e059662c3247de694481a405bc87b1,0,2,0,0,36,49,0,0,214,173.98
5653,85b74382782767b82cf9b5393770cdf93dd0645d,0,1,0,0,3,0,0,0,124,90.03
5654,57abab1f2551fb5e3792bc9f3828af3c04d52636,0,1,0,0,0,3,0,3,1054,184.3
5655,f47863e13c91566aca5f8a25cfa247b7ea27ec59,0,3,0,0,18,0,0,0,319,175.3
5656,5009ee31b933fcc5843417fd65ab9ff91bb74e73,0,4,0,0,92,41,0,7,1432,407.16
5657,5151fd5bcc369540d83914cdcb5cc01f4d739f96,0,1,0,0,0,0,0,0,340,89.15
5658,2d211608e4e8b334fbfe2c8b69880287377f99f5,0,1,0,0,0,0,0,0,309,87.28
5659,9f1e9575cb946cf2aa4efd403606474e070c3cc9,0,1,0,0,3,0,0,0,340,114.08
5660,4b6d6ebd8cb613d1975ef3fc6e7ba4218143364c,0,1,0,0,0,0,0,0,343,262.17
5661,ef2785137618672614f40618e99a57ce98671335,0,1,0,0,0,0,0,0,343,96.79
5662,9faf905743696264ef0fdf6f962378ce95829e50,0,1,0,0,0,0,0,0,343,91.63
5663,b4741d04b57591f35292a9929951cd515109c8d6,0,1,0,0,0,3,0,0,340,124.4
5664,1adc39f1713a826e833b393798b4eea4a64f9e3a,0,1,0,0,3,0,0,1,262,125.32
5665,73eb68c516a291e2f8a816abab20b67999eb851b,0,1,0,0,22,8,0,0,7,136.67
5666,7e71d01a036fc0338b0f5ad1b9d61792ed190caa,0,1,0,0,0,8,1,2,21,115.11
5667,f7598815059bad05b6c6a4af53c8f5f5c8800a04,0,1,0,0,0,0,0,0,340,97.29
5668,bd191f18e0317df1040567d5de9a3744dfc32aba,0,1,0,0,3,0,0,0,340,110.93
5669,91d61b3276ec5ffda85a99009a779f1ebcb4358a,0,6,0,0,46,0,1,2,980,441.34
5670,cd84cc9ec63a1b7831262b87f29e0f4313a6eab2,0,3,0,0,28,4,0,1,459,252.34
5671,266f6b7b50b1ee9b13d533af9e3406f8797c4af5,0,1,0,0,3,0,0,0,5,123.81
5672,d1c4d50ee05cb6be19d60c2e58a19b0e1fb93023,0,5,0,0,94,199,35,116,4099,752.71
5673,f83909e04161675addcf7454cea52aa8122dcfef,0,1,0,0,0,3,0,0,9,86.38
5674,f4551eb91cfbf40c32f32cbabaed75e664b12ed1,0,0,3,0,0,0,0,0,0,97.35
5675,b4aa75012276c4d78253bf95a4fc6f0c5f342c04,0,0,0,0,0,0,0,0,0,36.11
5676,a21e655ebd4f7d63926f00ce6b2a86390c35dfb9,0,1,0,0,0,0,0,0,718,112.9
5677,1993702a311a894c01c7a7190953b5891390d95c,0,0,0,0,0,0,0,0,0,35.07
5678,368b63f06d86edbcbdd87e0fddd7ca662da6b367,0,1,0,0,0,0,0,0,343,102.52
5679,41f3677841b0e959b912091e4ad36d8f388649fa,0,1,0,0,0,0,0,0,343,100.56
5680,a1924ba3946c9f7f0cc67ef119768b2d9251bc63,0,1,0,0,0,0,0,0,343,260.27
5681,e0c4c6e60b682630ecc1285d4def1a652d9203dc,0,5,0,0,298,113,50,135,3968,819.18
5682,f3f69cb47319bbc7d3c1e1aa1d48076e4a155e8c,0,1,0,0,24,12,7,21,168,184.08
5683,6fdcd3b616b262c0a5c266e765046a57602be1b8,0,3,0,0,3,30,4,4,715,623.53
5684,939994064bad12f6687ac1031b92e44a8f30bc11,0,4,0,0,0,0,0,0,780,309.68
5685,756c85e86fc9e2de492c23c3e6c10e4b4511293a,0,1,0,0,3,0,0,0,56,114.99
5686,b3ada2bc453e84a470b070b56e35a13e0913662b,1,1,0,0,0,0,0,0,214,160.96
5687,4f475d12e99f6760f139cf7fcb031a31152c2ff7,0,2,0,1,13,0,0,0,90,198.32
5688,5bd37b92d2a8c75163ca51a0cfde908a299b7ca1,0,2,0,0,86,75,11,14,512,255.31
5689,d93b8519100076321228935b853829ac78df44ac,0,1,0,0,1,0,0,1,359,128.23
5690,25411bf1d15a35bf17002cf7664173357c6dc6cf,7,17,0,0,192,55,2,29,3097,1850.44
5691,6976d82ed64f7b48a6d2d465de176abf3c040f81,0,1,0,0,228,223,10,34,791,259.15
5692,bd0bb6df4613588967ab0c67c268a231c112b321,0,1,0,0,20,3,5,34,100,141.61
5693,52df514dd1a95d4fc4d699d6ffa9d3bf7e844854,0,4,0,0,71,3,2,14,1084,376.76
5694,9be6576f24e52ca6553981976ac589bf6966e804,0,3,0,0,36,0,0,5,1541,319.22
5695,c7834d3dab82860ef8d87b043b8d6a7150419edb,0,2,0,0,298,133,1,42,1135,378.33
5696,6caf4265a41f61e9fbb9b11428702ead8ddb6c69,0,1,0,0,1,0,0,0,309,101.1
5697,f774b2a931949c2fc1485733fdc88ab674db870e,0,1,0,0,6,0,0,0,186,109.29
5698,f7e88033452ae2fee18a4fc4ec104d14bbddefbe,0,1,0,0,33,96,25,59,685,184.92
5699,7049ee0e2bdb37a0dc82fa849462ffd375a20e85,0,1,0,0,3,3,0,2,269,130.14
5700,7ddcf3e2ed71116e3cbbe05de6986e28f43941d2,0,1,0,0,0,0,0,0,272,253.32
5701,67889d6a639e09b76e0c07216223134a868ab544,1,0,0,0,0,0,0,0,0,101.62
5702,6e73a51795e1f3c87788a27e656ce326a2f75244,0,2,0,0,14,0,0,0,319,157.64
5703,fe4c8c2c5709d1c909fcacd8af081a8394c99554,0,2,0,0,1,2,1,0,358,180.16
5704,b6ce0a6bbbadfeba5dc5a0fd9ddfe227aa0ac5fd,0,3,0,0,12,0,0,0,395,213.54
5705,22a4629d2569d448f8156dcc384154fcc1571cac,0,1,0,0,211,293,5,36,278,232.27
5706,88ad4f4514765c62351ea02553769047a6c1e24c,2,6,0,0,8,135,1,4,588,638.21
5707,44764c03e892bfdb7294ad32d9ff703909186917,4,6,0,0,0,4,0,1,592,507.56
5708,e4e56c2fd08037b4ddc7459f341e2c86c272e803,0,1,0,0,4,0,0,0,117,97.97
5709,4c510dc6cc1ea3fdb21180cfc74ab6c29b78c24f,0,1,0,0,24,0,0,7,906,200.18
5710,04a1fc6e10ba6ffd774c3d5a67a650520a0ac896,0,1,0,0,110,33,27,81,685,421.93
5711,563cea14b4bb87cd37ab10399904f08757c34d27,3,8,0,0,52,71,12,41,986,858.43
5712,561f6ef5cfb50878dff2ea3ceb182b48f400a23e,0,1,0,0,50,0,2,4,328,146.95
5713,f26e86c6c2a31d8428343e794dfa12ef6eb3c2b6,0,1,0,0,4,0,1,3,930,216.82
5714,8e42d5fe86f6b2f4dd636ed77793d6ab69792895,0,2,0,0,15,1,4,9,70,226.02
5715,c44526b2961fb9d91ceab17c1f32b2bf58af186d,0,2,0,0,24,4,10,31,1198,361.87
5716,56db00180f588cd3a5da7ae5861eefda00fbac56,0,2,0,0,19,30,0,10,335,218.89
5717,44fa12ec435451710cf37463820b708ea637993a,6,28,5,1,585,525,15,90,3480,2912.44
5718,384d4f0e202d5492aaced9311f5ecb302ac7ff00,1,2,0,0,0,6,0,2,213,181.81
5719,76adf0e12ed91ee7c75164872202bff29a2ad7f4,0,2,0,0,14,0,2,6,94,254.72
5720,7554eb5316c63ef3eeda652e84daabed705eb5a8,0,1,0,0,15,72,0,3,259,318.33
5721,1ed1af5b9baaecf5810ce3ca176ed3b14c8893b8,0,1,0,1,2,0,0,2,71,165.25
5722,296903bd3c75cf35a4e0ec8cfc1a02e805c87f2f,0,1,0,0,121,138,6,69,906,250.25
5723,4fc417c404aab0713a7d9747d22ce7eceb777859,0,1,0,0,8,10,1,3,41,135.28
5724,48d6950c181987952a4b05e60f918646445d62f9,0,2,0,0,6,31,0,0,171,190.29
5725,37f5175935a37ce2c005335c2f486efb827b6eba,0,5,0,0,463,213,7,44,747,572.56
5726,a4e108c40b234fa754a56a21b63635b83f90aceb,0,2,0,1,26,0,0,0,102,223.8
5727,44cfd958a4b59c2e13881b42e2ba34db64dd64e8,0,1,0,0,231,232,10,34,797,276.48
5728,7269e465bcd47b2ce22cda2f87f77f220fdfe57e,0,1,0,0,0,8,2,3,264,147.85
5729,e6668bee488f6749068d35f9c6b142cb09b40d82,0,2,0,0,0,0,0,0,421,140.66
5730,a41d5270fb39a5aaddf72a015aab44eb7e2db4a1,0,1,0,0,3,0,0,2,38,144.8
5731,fd8f5b9f7e88bebf180c6142f772ba2808bc8b01,0,2,0,0,80,48,9,34,526,274.3
5732,a5617d689c8feee40f9412c373d02c9f1770d359,0,2,0,1,28,30,0,1,45,201.32
5733,508db1e9ddfac1abb49cf29a5e6618fba4aab275,0,1,0,0,227,225,10,39,803,259.94
5734,43e113b39049b71db7706394aefe815e81ac5944,0,1,0,0,0,1,0,1,121,33712.16
5735,209d1dbd980178762019691071c07fb99e098b84,0,1,0,0,0,1,0,0,25,123.03
5736,0ce9abd78c8712ad4fba28734214b18f617a2aac,0,1,0,0,10,0,0,0,51,119.01
5737,0a0ee442fdb13ec8a04c2990635dc389d3ba98a2,0,17,0,1,244,262,9,103,4514,1527.35
5738,3ca9576c91386e920a0a3356fc9fa10e2f9c580b,0,25,0,1,259,202,11,73,4212,2023.97
5739,618441b9776bf1da3dcda76ce20dd04734dfab59,0,1,0,0,225,227,10,34,803,304.83
5740,c489a4e37aeb46be7b91f740c22cb4d6feac57f5,0,1,0,0,227,225,10,39,803,471.5
5741,591a2779a7f4213fd7f0e7eee8d2a844359d65bb,1,5,0,0,12,10,1,5,1586,594.06
5742,3fa5a9ea7a33b3f9347927706a8eba394ab78775,0,1,0,0,0,0,0,0,45,68.26
5743,e5bd1c38ea0978710f3059e81ba87b98980423d6,0,1,0,0,0,0,0,0,45,63.15
5744,5d4740c5841c9c3a8d6c24578c1c6fb512524321,0,1,0,0,23,81,14,67,900,249.61
5745,20150727b49b5c4f2c5b35fd17b908054a5fd2d5,0,1,0,0,121,138,6,68,908,309.8
5746,7f9e9a87188ccbc16bbb1630fe0720d6b366569d,0,4,0,0,143,319,13,31,380,490.48
5747,86e3012633866d049ac3898ed710ee278b7de3ee,0,4,0,0,18,35,0,0,646,321.01
5748,9219361b62134ec6773f06ce9aeb8b9d04180052,0,1,0,0,227,230,10,35,803,390.75
5749,1be0bbf71355b3b6cbd24c441e51873376bf3911,1,5,0,1,154,737,0,1,518,569.1
5750,ce3fcbe5f810cf1ebe0d86b702996b71e3ba03ec,1,1,0,0,7,1,0,6,200,256.31
5751,44a9d8cc689ffe9f3a5628a1e816730e75736bbf,0,3,0,0,0,0,0,0,351,153.62
5752,36ecc69cbf3cc3734cf0602c60f101de95032a44,0,1,0,0,3,0,0,17,120,136.24
5753,e48e6f33ab8f0f2259f3b7172698eb6b8bf74b23,0,1,0,0,74,40,1,24,327,206.09
5754,5642baf5ea1899ab5168e403be75b3043f05f830,0,1,0,0,0,0,0,0,114,85.15
5755,ebb97579ee19faa19eb3e8ad2241e0ce95ba8dad,0,2,0,0,263,81,1,13,367,295.8
5756,f92d00cc70d020e875215f55ba0f0216faccf64f,0,2,0,0,0,0,0,0,61,109.17
5757,02be0dedd9773f1f2f7ce19dfeca82eed5456ca1,0,4,0,0,94,24,0,2,546,380.9
5758,a88a78380ea26a25457a58a115195eb944bf0420,0,4,0,0,41,5,0,5,452,360.0
5759,511129ddbda694bebcd7502d1760f3587b8adf8b,2,3,0,0,108,42,3,6,198,459.43
5760,77b036a876d64d3cd12902d90db2f652e3e33d88,0,2,0,0,16,11,0,2,1213,569.89
5761,d304b7cabd6ab69b737c978c4436b14f262f4b62,0,1,0,0,4,0,3,0,49,109.0
5762,45014886e89e5bd47bf2f4c9871391d77702ad82,0,4,0,0,43,69,4,13,3103,684.72
5763,46ef9628fa4035c26d81c4a070ebd270e59e5520,0,1,0,0,69,128,22,58,1835,351.52
5764,838151caba98f88ff583e01bad087d4ead4a764d,0,2,0,0,26,61,3,11,594,257.4
5765,182051c453c30f6941b49c030092008918cfa2e2,0,15,0,2,5,0,0,9,4449,1290.78
5766,0d11731178ca409a36f4ff67f441a5190eea21fe,0,1,0,0,26,6,0,0,16,127.97
5767,ad3056199c46d22edd67ddce2f61fb2e2ff9eed9,0,1,0,0,1,0,0,2,15,152.75
5768,5cc7a11ab8684af2f9b127341f4029657b5fa3b2,0,5,0,1,0,0,0,0,745,307.07
5769,bd889dc41f97dcbf6d2b223b73f934a64c261c5c,0,1,0,0,3,3,0,0,106,130.94
5770,0580fb2b7707beaa69019a73a6c53d86fe088a0a,8,45,1,33,329,270,40,104,2016,5613.22
5771,eec381e0d658cc467b75d1abc0d8a89de9826e04,0,3,0,1,36,0,1,8,255,316.46
5772,a44d641e8ff877be7f758221d125c7b94d6fd1e4,0,1,0,0,0,0,0,0,32,60.4
5773,d641053ab83d37d089155fef69fd53c9e9bc7535,0,1,0,1,0,0,0,0,75,152.94
5774,6860d6fad9e6af90ff7c2f4359a0bdc1226135b5,0,1,0,0,34,19,0,10,255,147.28
5775,f099e086f3f002789e24bd6c58e52b7553cd5381,0,2,0,0,1,0,0,4,80,144.05
5776,1fc8899e23042fc8d9d7c2c11453db370fdcc574,0,7,0,0,78,19,15,54,2193,660.95
5777,c1d2b86a4cc6e219eee1cd78c582d5dc2ed27234,0,1,0,0,1,1,0,8,307,162.43
5778,2170ac4d3922425f008f441d2d92e3233449c765,0,5,0,1,45,7,0,1,363,409.57
5779,42b91d4453a3f7ac698c9a871c5d75fcbf8a578f,2,2,0,0,10,0,0,0,351,418.0
5780,6eec29ed80de11e820dfcb0f3b3812553dd14246,0,1,0,0,11,74,3,0,544,361.27
5781,12ac7eaf6f26ae8001954841c9b2120d02cbdcdd,0,1,0,0,1,0,4,0,37,112.14
5782,530c9f52c341fccfc8744307c359566697e54a0a,0,8,0,0,19,4,7,13,731,460.98
5783,73b2dcc165155fd90ecc978c7281276e536d317d,0,5,0,0,15,7,0,0,276,296.33
5784,25eb83091e03bb3ca9393fdec220727ac3e340ab,0,1,0,0,2,0,0,0,21,94.68
5785,314b1f177063a314ccba219c4406ad6df529dc4a,0,1,0,0,0,0,0,0,194,81.96
5786,ec1f8f9e2bf931a7627361b6499672e0740bf288,0,1,0,1,0,0,0,0,66,170.44
5787,d93a580d73f733b5b40e768c5c838a219b552bde,0,1,0,0,1,0,2,0,102,121.2
5788,796ddbc060a2e7ef444fd65da2ee92db2854afe1,0,1,2,1,5,0,0,0,14,202.12
5789,1cef273ed3d77505bf3ad2afc9eef1a0b37405b3,0,1,0,0,9,0,5,12,934,210.52
5790,d002c7edc58b3a01e57392eb4f5aab367b1a5512,0,2,0,0,150,69,28,97,2778,513.94
5791,0e652e7548edbfda2dbf47ce2272bb707a14a089,2,7,0,1,171,32,6,11,1850,868.37
5792,eea042b0b0abfb09f60b672c8930a924c5d7f25b,0,4,0,2,43,0,5,15,359,424.94
5793,a6678a273d61b4db54e0b7afeeab8b1b0f7d82a1,0,1,0,0,2,0,0,3,43,108.41
5794,e4e6e907c856f17d927e19e2ff22c99f9f3bf7d9,0,2,0,0,5,8,2,0,84,180.54
5795,cbc36e019b589ea7a08433853160a582fc579c93,0,1,0,0,0,0,0,0,962,192.08
5796,2c28fded11d70f5880db4077b0d9702df0c7fcf3,0,1,0,0,0,0,0,0,962,165.37
5797,db3cc3e65163dbb6ef0f75a158f632d168e314d9,0,1,0,0,1,0,0,5,962,261.83
5798,52d09eaa7b7f6707902dd2db9816a24730af5f9f,0,1,0,0,79,16,1,3,261,163.09
5799,fb6c28514c5aabf56d64042652c1c079ec1642c8,0,1,0,0,3,8,3,5,1965,294.85
5800,094aa8ef2be1f1c832b6baa7e2f25a1f220b279e,0,1,0,0,10,3,3,16,1965,476.56
5801,028880e74ceef57b33b858fbd78d8aa9ac3b9680,0,8,0,0,235,240,10,39,2577,772.5
5802,6bff5a3318c46d09f1338665d0d0251bf5bda3a1,0,1,0,0,1,1,4,5,101,135.93
5803,b3573f3d3bc8ab18ee82534625868dae12f7234c,0,2,0,0,6,0,0,5,283,167.27
5804,1ba959391c77e41a1a60c2afca38b77576907ddf,0,1,0,0,0,0,0,0,963,159.12
5805,ff6042968ca84d3b78bb441a04d20c842dd60410,0,1,0,0,0,0,0,0,228,99.93
5806,4efb6dc8c13e56b4d93ac7799a6edaa7dfc07e6f,0,4,0,0,23,8,0,2,318,311.54
5807,5f37e9fa57189b6f9fd30f1c5f1894686d076b34,0,1,0,0,5,0,4,18,133,122.24
5808,38d5178a3714d04d557b05dc6e76a5cb97f3c93b,0,1,0,0,0,0,0,0,138,71.88
5809,19c6cc1982d2146a99ccaf6dccc087fe88d5785f,1,2,0,0,29,76,0,9,285,446.95
5810,f19b4cb807d30cc7fdb1869c407ee9a5e9e3acce,0,2,1,0,0,20,0,4,294,170.39
5811,90a2114551bf2052e2abccbc04c654ceec74c2d3,1,1,0,0,138,20,0,2,131,250.04
5812,50c27cca4084e1e65ac51af6e7125cf2be918d76,0,1,0,0,9,0,0,0,269,106.18
5813,05920cb38bc8559704450965ce4bb326a917c86a,0,1,0,0,2,0,0,1,635,153.02
5814,125b4642db63a37c560dec4615ea04662c6e45ef,0,3,0,0,162,7,2,2,3071,537.58
5815,a079779000a9e4479d5a035a9ffba8fabfdf5222,0,1,0,0,0,3,0,0,960,171.16
5816,ad89d4437bd2997f0c9b7bc1812e27d29a41b8db,2,1,1,0,5,14,0,1,264,287.84
5817,5ba1f80a2509e8301bcda3502f9757ca1bbfda55,0,3,0,0,4,2,0,0,328,221.61
5818,549f035b925d6b49400667401bef96baaceb31fd,1,3,0,0,57,121,27,79,906,389.42
5819,74877bb6aa26d6caa96ba9dd1954b7dac1c612e2,0,1,0,0,0,2,3,5,1994,291.21
5820,3f79af23e735571bf1a14fd73c81942ef2b6203a,0,2,0,0,90,165,25,91,2466,644.93
5821,cbc705d419d0db54d5a94e181e0f50916eb57dbc,0,2,0,0,43,81,0,8,232,235.17
5822,e1bc6b4a4594083b7e875d1a296402981f26e7d0,0,1,0,0,8,0,0,0,269,136.38
5823,75e4acbe20a248c01fb340f6d59d7582e8b57803,0,2,0,0,3,0,0,0,110,121.07
5824,0e831007760bffced8687f51b99525b650d7e193,0,8,0,1,110,107,6,35,1476,826.05
5825,488e775cc13044ac1a2b4bd9c4e5d544a4d15bae,0,1,0,0,0,1,0,0,276,115.0
5826,d143487cb198051d0eaccc7f587f35cc63fc85a9,0,3,0,0,9,3,0,16,136,268.94
5827,eecc034b686b4f2998fbc8045cbc4c7a1e4f0902,0,2,0,0,32,28,2,7,211,269.44
5828,d96485ff16d8b90173007a8d6601aba8d105b8f0,0,1,0,0,0,0,0,0,132,88.75
5829,85401dc76c6e5c4d155b52d308686a5579f5d910,0,2,0,1,3,0,0,1,101,209.08
5830,62db20a779fac3235c0e4dbade8c3d340d3c310b,0,2,0,0,59,259,14,37,796,331.45
5831,c2c9835f7a431d4d267e501f6b31fdc7a7e0b5fc,1,1,0,0,22,0,0,1,325,187.92
5832,6618bd89d3d51b06a6c12ec947cce089807a4190,1,3,0,0,18,3,1,1,590,335.34
5833,2a12e057464fff44d2d229fe2dc7bf5bcd6d7fc9,0,1,0,0,2,0,2,6,23,126.32
5834,dad0bfac6e885176d83f802bc75763c5ba21d68e,1,3,2,0,37,6,0,3,306,408.64
5835,24b18a9e5d050a28c3f359ee29d496fda4b38e98,1,1,0,1,2,0,2,1,34,239.47
5836,380273826d05913d4b80b73e0db2ea49711b17c7,0,8,12,0,7,62,6,6,1137,893.66
5837,04f0d412b271af0dbe7665976a4165dfd0dfcb66,0,1,0,0,5,0,0,2,960,201.97
5838,6b8b8e0f924b53b9f99854f88ff9ba84073cb295,0,1,0,0,0,0,0,0,1911,247.78
5839,3ece6f2399fa15c97d889c5d43b4a7457825e8e1,0,1,0,0,174,76,25,91,1835,355.99
5840,31235bc39e662065f06eca0909be0f00d8bc69e9,0,1,0,0,2,0,0,1,358,308.07
5841,ada8d8b60b61653112073538a6335bb30027838a,0,6,0,0,180,78,31,92,2931,739.06
5842,1a096efebb51a782bc31e4dfd35e4b7fb8dba56f,0,3,0,0,73,91,0,0,75,245.57
5843,b701dd52fd3b2a53edc995308260d56641cce3d3,0,2,0,0,2,10,3,0,220,176.99
5844,0793e569b4ae5f3a74fbff272fed8ef8332f0557,0,2,0,0,17,2,4,15,185,226.7
5845,1c39320860f2de747a35a922cb04b59585cd74b6,0,1,0,0,46,0,0,3,139,119.22
5846,dd8c129a90becd44365210cf4613e2715445a4e4,0,1,0,0,5,0,0,0,185,100.4
5847,ca224b323975da298c41d4f5f8c7b17d0cd63e0a,0,1,0,0,0,0,0,0,40,94.99
5848,2279d49e96aa7cabf2702f239a8b6500c58a7bac,0,1,0,0,0,0,0,0,33,68.38
5849,9783777c2a257599a65bd0f058537b98d1512025,0,1,0,0,2,0,5,5,1015,211.56
5850,e68f52b8d163ce0a9409ba23fd520f28e12b2a48,0,3,0,0,289,54,14,36,1680,438.85
5851,7785e12a656fbcb0166c1dfa8f3fd5a66b0553f5,0,2,0,0,9,0,0,0,469,152.34
5852,aca80da38c3d86a40cc63d9a122f7d45258e4685,0,2,0,0,6,0,0,3,271,238.26
5853,a8052d7c812fd232d7a249aa5a72afdeaa9f4583,0,2,0,0,3,1,0,3,322,217.07
5854,dacddd266808e70edc65c86f5d7c34809a213572,0,1,0,0,5,0,1,5,170,172.6
5855,0de0b8c0372e825e834b1ffd9685d3db87d21378,0,22,0,1,81,44,20,56,2418,1565.59
5856,0cad81aeb9ddaf5dad8b2ab9c6ff6955402c9310,6,11,0,0,381,260,14,92,1647,1297.89
5857,67d476d7c3d8f1f2d2d033141d6022ee5b9ed2eb,0,1,0,0,1,4,0,9,45,145.96
5858,ba50db4297364877eb40c1b51e5e747f39dcfae8,0,1,0,0,1,0,0,0,71,88.95
5859,24c181ff754d629094f5210f5a53bcad1d0aa81d,0,3,0,0,77,6,0,14,1273,347.49
5860,186e994e28d24e43989d41f271266dc6e5bc9c43,0,1,0,0,9,0,0,17,115,295.23
5861,816c905ae2a3d98f877babc72c1f8d8650aa5d24,1,4,0,0,101,1,0,6,691,411.85
5862,861c4cf2de9075c721945fb7ef84a23030a4f35a,1,1,0,0,5,4,2,49,212,212.37
5863,1452134707e2a143def3c03d1db416b1c8197565,1,21,0,1,127,43,44,129,5894,2141.01
5864,708adca7d702ce2466e80c4bf83f3c5b7cecca46,0,1,0,0,0,0,0,0,63,69.59
5865,1bae25ace7cd25487aa5cff83447069cd80d3e42,0,1,0,0,0,0,0,0,175,80.54
5866,b7adf9810aa07a9b9eb2a58d9c53d298696b0403,0,1,0,0,3,0,0,0,28,86.98
5867,0393c306331e6b46182b0693ff192be13d20698e,0,1,0,0,33,139,0,22,141,143.24
5868,77dae508cf65d847e56dafdb77059c72448711a6,3,0,0,0,0,0,0,0,0,301.0
5869,abde62d04a6ea333b5107e03b0e1a983f9b3b733,0,1,0,0,0,0,0,0,264,84.64
5870,63cb95e012ae3cc197b42b9aa881f905449437b1,1,1,1,0,24,12,0,0,217,223.27
5871,b94c87a1816b5fc370d14dbc001eaca5b7c720e8,0,1,0,0,12,0,0,0,264,125.32
5872,7e53db0b927ad2f7bd25dbebc6c01a942afd79da,11,4,3,1,68,73,3,33,1409,1566.45
5873,c5cbd58a3ba4d8aa1594970b1506dffa388a6592,0,4,0,0,2,8,3,7,2453,533.8
5874,d828643f555aac14be59e7f8b35ac67cb06da20b,0,1,0,0,5,17,3,4,68,161.38
5875,cc8eeefe8895e01a2a5f387788bb3772b4dabbc9,0,1,0,0,1,0,0,2,73,122.21
5876,6801cb0415f40d6be1333262ae95befd8abd9175,0,13,3,0,238,157,19,50,5560,1375.2
5877,c55cbc763506d8c48ae251fc806316ac055de696,0,1,0,0,0,0,0,0,126,75.63
5878,6c0ee30ea7c57066aa15c25a40a217ca83aff248,0,2,0,0,11,0,0,0,87,153.51
5879,8be8a086cb40f3280e9af5543d7b170241b268d8,0,1,0,0,32,36,1,7,617,204.13
5880,5555311d182c24f830924501fde6474438e82b41,0,1,0,0,0,1,0,0,648,317.61
5881,f16507dd1608456da0b9826b47e21c04699f0393,0,1,0,0,5,0,1,2,128,128.68
5882,ba79107aefb8a40047c4068b8d3a3f838ddb62fc,0,1,0,0,10,0,0,2,176,254.83
5883,027006dcb0931e5b93f5378494831aadc3baa809,0,3,0,0,24,13,2,30,3014,630.83
5884,98bcf40226db7c8dbafa6eacee9ce5ef3feaeb1b,0,3,0,0,138,231,32,125,2062,1000.8
5885,1bd6960db9d0b91298ae08f5cbfa826392bd93dc,0,4,0,0,57,116,24,102,1314,1502.13
5886,96f433d5a2c36c9786525e293b0c6610778fd5b5,0,4,0,0,0,0,0,0,1371,286.59
5887,ca16e5be37cd6eff83a86e141ff6201fd11767ef,0,4,0,0,127,28,20,76,1343,691.95
5888,67db1bf2786679b71dad8a32894346abdf59206e,1,0,0,0,0,0,0,0,0,159.95
5889,e916dff8ba032d878ad4435eb7175c6a56f79ef4,0,3,0,0,102,162,1,9,2045,725.08
5890,049ace4c1847d39af5724538476971cbccce3ea9,0,1,0,0,0,5,0,0,185,192.87
5891,9c316e7858f6dbf9df892aff78431044aa104ed9,1,2,0,0,18,0,2,14,1039,1100.2
5892,42f85904221aeaf0181f75af2fa5d469b8cbcee7,0,1,0,0,0,0,0,0,648,126.08
5893,c6867c2c25e1a220abef24e54a86eeb64dab28c5,0,14,0,0,135,130,16,26,4319,2356.96
5894,be3b3807e0681a405d0be83fd2c076bf3992f8e0,0,1,0,0,0,0,0,0,294,93.14
5895,c235603475358e458c6ce9fed983b68e604d5e25,1,0,0,0,0,0,0,0,0,159.32
5896,18cd3e3205ac3301ebce0b047aa444e50388083b,0,3,0,1,74,10,0,23,1300,516.39
5897,f2673082ce379d2be72871d017b9f47be4dcfa87,0,4,0,0,84,39,23,20,576,583.26
5898,c774ea3463b06a1347b16e73fdb4a75ab80aa777,0,4,0,0,0,3,1,2,657,353.97
5899,b10c2ab86ecece22409d5072a79bcb3ea60c552c,0,1,0,0,0,16,1,4,260,202.41
5900,35648e8cbdca376e4543a0df2f82d1401a5c2ed9,0,1,0,0,0,0,0,0,168,798.42
5901,1d5d30327541e1f91cd6f4e8cd9fc5a39a146aa2,0,1,0,0,0,1,0,0,259,572.17
5902,abbf634dd3001bce3c2ad205c32338256fcebf43,0,1,0,0,0,0,0,0,259,732.56
5903,d4df271f754ac4d5afd785d4043ccaaeb907a6ad,2,5,0,0,48,13,3,14,521,1586.88
5904,82e26b217dab3c327bab882be8cc6b8c0c257139,0,1,0,0,5,0,0,0,63,211.7
5905,f25da979f605d2484042e275284d55ce7d6f9142,0,42,0,4,132,71,59,208,9906,7777.78
5906,95f96669755b3971c9829ef034948515344cd110,0,1,0,0,19,12,24,62,788,524.17
5907,e60a06cc866e5e85d3e58f25b98f8c048d07ad24,0,12,0,2,366,202,32,141,4158,4460.5
5908,c93765772e97b5807fe037c7208b2a412ea9b3db,0,1,0,0,17,9,4,6,202,178.62
5909,f13ce558cc410f959634a6f0d31fcf7bd69be85d,0,3,0,0,52,5,1,2,259,484.91
5910,bb8cc621467b1bc17ae3ac23e230a6df769829a7,0,1,0,0,0,0,0,0,28,119.38
5911,84bc49e900772b04cda4c21e48f23b84f0e0b2cd,0,3,0,0,2,0,0,1,311,434.64
5912,fbb6b8abfa359be3475ba55912d939096637b8f8,0,3,0,0,9,0,0,0,313,350.0
5913,2e37655f945e6ed464b65a190fd544970975d129,0,1,0,0,0,4,0,0,107,91.45
5914,a29ee07e301e1d3985529676ab04d5f4743c25f4,0,1,0,0,3,20,1,27,211,259.0
5915,399a4ecf9e0974488bc5a60fcff90c7f84e5b044,0,2,0,0,20,7,0,5,605,315.13
5916,83d4762a6d6c28c792fadc1d7f228600097d924f,0,4,0,0,160,297,34,168,3353,1159.22
5917,fe8e92f8f1ff3adec119c8eb219e024886561196,0,4,0,0,261,88,27,101,3366,900.13
5918,827d93e22fed93d5701b8b69a4818d0cc955dcce,0,1,0,0,2,0,0,1,244,132.45
5919,e88bcfeb15266756c7543beb97aad6c1be74dabe,0,1,0,0,1,1,0,7,245,433.42
5920,8d640fb1494027b4e028141a230db475f8d8caf7,0,1,0,0,0,0,0,0,209,1484.85
5921,071b8e391f985e5815bcec977079d5529ad41cca,0,1,0,0,0,0,0,0,177,79.19
5922,684b4f96fa7c9abcfa8a2d3483a4501cd9902bd5,0,2,0,0,20,0,6,7,373,547.64
5923,52a701f295490cf10850b2a6ad8fb3fdcbc57211,0,14,0,0,232,124,1,23,2985,2540.47
5924,5117a5d5baca409a0510dac61d479827920cdfbc,1,23,0,2,112,242,1,46,5547,1983.87
5925,c345f81e7fca246677efb9f3073eb903ce8054f0,0,6,0,1,52,95,1,1,485,563.32
5926,b3c1e147b5cdeaba283e082f9091d907cdfdcfee,0,2,0,0,237,11,2,2,282,305.71
5927,7bfb34714a19ff3ab44f253e55cc47ffd77baba3,0,1,0,0,47,33,18,0,1181,304.42
5928,e019760783e4d4ebf2d3ed60c33e7e63c226fa71,0,5,0,0,237,472,11,79,1580,736.11
5929,5acc7a9ed72f0862cc87927014e8de131826cd23,0,4,0,0,414,207,17,88,1587,638.85
5930,11e657189addf1a7da3c5f32719f1cedbcf3d2e3,1,13,0,3,279,222,18,184,2058,1637.79
5931,ea0cd4caadfb5e8f049376cf2dc1ecfbd7d7ab36,0,1,0,0,37,0,1,0,301,141.83
5932,32da3c8cdae4d48511345bc44081759a6b7268c7,0,1,0,0,225,230,10,34,814,262.67
5933,40ba9fe2f12d785c8706bebd276115d5384e3574,0,1,0,0,232,225,10,40,814,274.25
5934,89257bc12d38e9a701e14262766c955b71705d6a,0,2,0,0,0,6,0,0,283,140.99
5935,4f863be3f7d3c28d090ce5a428211906d95ff4f8,0,2,0,0,44,86,0,0,297,195.2
5936,65f7990085230dd9da9bbae584c6502c8b6c8bf3,0,1,0,0,79,77,7,6,100,161.67
5937,9685622b32d19ffc9315e764a224f41cbe6b6d4a,0,2,0,0,35,10,8,25,1285,352.52
5938,6b3f3e9607c6e1113dd1e475b5b7c3ad91de6c03,0,1,0,0,4,0,2,3,73,197.74
5939,a94b173e2c0b2ac230ec55e5f76de288e36d5f74,0,15,0,0,217,273,0,20,3439,1154.06
5940,c3a809584a131bb665f32e93256b3c473570139f,0,1,0,0,0,2,0,3,440,319.02
5941,7920ebebe2640ffb59225b7d32d5d818ce76dd12,0,1,0,0,34,52,2,9,388,180.88
5942,f44110c7fc2ab43fb4cb8d1ae3ac6aa52dcc8eea,0,12,0,0,167,138,6,30,1054,939.96
5943,feb26752b2671801a9d6139c2dc9217ee257505d,0,2,0,0,31,33,1,18,192,240.2
5944,a6802aa479a46b6f3fb1855786f72f6e3b08e0b9,0,2,0,0,77,180,24,85,1935,362.94
5945,611d1baecc448cde9f4e359e639287fed6f8e357,1,35,0,1,644,398,43,153,10834,3251.83
5946,b93f48a5db321bf7c9fb55a800ed6ab2d6f6b102,0,4,0,0,70,70,4,13,372,415.03
5947,37d33b2086abb8e073a3ec7f9de23150eb49fb32,0,4,0,0,0,0,0,0,442,201.52
5948,1470cee58872b89ee8ae5d2f7e287ad7f32ed50b,0,1,0,0,3,18,2,38,215,177.58
5949,93824864022825c5a22d000e78afe86ea5aed796,0,1,0,0,1,0,0,1,139,130.22
5950,7c93b04b34844afdc3a502af9e7fb296f43dc068,0,1,0,0,8,15,2,15,1234,231.6
5951,4ff6e7dfff58eaca02c49a13d82058665cfad23b,0,10,0,0,107,33,5,6,959,748.76
5952,3484181e2b68ce04acfe4e9028d5d1d76335094a,0,2,0,0,38,37,5,8,380,248.06
5953,abbcfc5f72323d0c6040a3cc02aba8f2c0058d95,0,2,0,0,32,2,1,2,129,173.72
5954,b4d7f3bed0687b449f6a275d9dd675e25d794aeb,0,35,0,0,659,381,15,142,5060,2608.64
5955,cbbc1191ce1656a92354a4fa3859626cb10083e5,0,3,0,1,0,60,0,5,1433,380.07
5956,1b21aef8152d96a180e75f2fcc5afad9ded6c595,0,1,0,0,175,3,0,9,871,226.12
5957,105360cb14513ee77b1d9145d7367690a3ad2dc4,0,1,0,0,4,0,0,0,250,145.09
5958,9c564f10fddce15746e81f003798ddddd023522b,0,1,0,0,1,1,3,0,12,126.1
5959,2c3f9ba048af3f4f4bb144f7fdb41a84df5346e2,0,8,0,0,42,194,0,17,5085,903.43
5960,b1062929185690567e4567e0e657b361c5105482,0,3,0,0,142,65,2,20,1291,649.92
5961,1945384fdf1d0bac18d6f75e5f864f1aca5b49db,1,6,0,0,249,254,11,112,1547,836.69
5962,2291a60e9eded4486528acc0a8d12a062b21fc26,0,9,0,0,252,195,25,105,4393,1430.04
5963,4397c34476070ea15ee0d2b9c625887a8b08b622,1,20,0,0,101,99,10,22,7107,2004.12
5964,07893d704598f7cbbc316c9a65a8c415e5404dfa,0,65,6,6,703,303,27,156,12679,10285.61
5965,1bb2dd906c1da04be602aa1cec988c4e15bf1ffc,0,7,1,0,270,130,2,66,2831,1874.03
5966,0e3d9fc14bfcb38b9f179c0428cf586890c4a8ab,1,7,0,0,189,154,15,62,1246,1548.56
5967,29436845f8dfe0ab6d26ca1cd11ad22e2861bb1a,0,1,0,0,2,0,0,1,182,235.05
5968,e0dff2b808789c4c2a0751d00eff3e3d066c87dc,0,1,0,0,30,4,0,0,94,174.7
5969,29259cb22c2ba02d5c2beba6c6512173f8b5b3f9,0,2,0,0,64,50,0,13,482,423.99
5970,8b5cf64043e2d002fdb91921319110911e332042,0,12,0,0,605,1033,73,219,4160,3334.81
5971,c5cec004628c2b669d48c4cf565bfa5482a766f3,0,1,0,1,1,0,0,0,37,220.74
5972,d15c9187a4b66645bf0575a7c3bfdbb9b10a263d,0,3,0,0,249,173,11,45,1339,1065.82
5973,7a14a77f2cbe2ce10ac35d5853ddf9496a86e16e,0,14,0,0,158,385,27,78,3671,2685.9
5974,630e47ba4cd7fe7264f7373b3432ca96a38a6610,0,1,0,0,67,3,4,6,62,253.63
5975,0ff9c3cb222be634e46c378bb357ba0658e0e55b,0,1,0,0,17,0,0,8,1927,800.94
5976,1850ec7275e6262660698a3651d46f6634f06b5d,0,1,0,0,0,0,0,0,74,110.44
5977,f0ea366b3d7733572e7de6a2eb3c9c197f484864,0,2,0,0,9,5,2,1,64,288.4
5978,7add7ead1884325c9c648802b66af45a258104ee,0,2,0,0,9,0,0,1,98,265.94
5979,54b4b99e1e12328005df51feb71448a320a9b7d6,0,4,0,0,19,88,7,28,3530,1758.92
5980,dd1dd8eb76767d4d81feb3d5c35b78a12bb61162,0,3,0,0,262,91,27,105,2408,2151.93
5981,eb0424ecdef4fae4dd54050862c096b9976a9b01,0,2,0,0,12,21,6,16,604,493.59
5982,4030088ec1df44a666ce73306eae5daf664b25ab,0,1,0,0,1,0,1,1,1114,454.75
5983,6d9d175a44a6beb7be17ffebcbee45112d48eeea,0,4,0,0,36,8,1,16,1073,740.98
5984,f5866ca2bac8ce530bb4e20832ff61e622206815,0,22,0,2,396,257,41,149,5504,3999.04
5985,ceed3a20ef78b402a7a734e63d758aff105fa2de,0,2,0,0,127,221,5,21,1486,821.05
5986,58c88b7d54ca2290cee9cfb322d8b34e873a370c,0,1,0,0,0,3,0,0,73,146.67
5987,a910930272a4a6443e6c5a2969d5add8b76fe752,0,1,0,0,0,0,0,0,1129,408.38
5988,773a38f79c30a0e270c46de7bc6430c835e5e995,0,1,0,0,0,0,0,0,1027,442.62
5989,5d41dab152ef9047270e8b76a1a499f73860e9ac,0,1,0,0,10,14,6,26,1003,598.89
5990,576a75f28a19cc43e207212cf72cd460c49f2ad8,0,2,0,0,297,138,4,49,1269,818.43
5991,c1610f6daf01ca280692491b07ab6599dc3f0467,0,1,0,0,0,0,0,0,14,103.28
5992,578430952789bbc2dc7d9b17f4f4b41495d0757f,0,1,0,0,0,0,0,0,35,109.72
5993,451c514a3a02f4e889f040176453beefbcd75843,0,1,0,0,66,131,17,64,896,552.35
5994,cdba5aac9b0166bef0474e5cf8aced010762992a,1,9,0,1,21,20,10,14,753,1200.05
5995,6c579a0102fa3e67215fef5d9f8aa97191e3a216,0,49,1,9,143,125,18,35,3124,2959.53
5996,ac9cfbd9aeb91c3391d78724fe8cb1e49ada55aa,0,1,0,0,2,0,0,1,177,113.19
5997,51f7cad480c335f07cfd74511c4aae91175b1bb7,0,1,0,0,38,22,0,3,53,136.13
5998,d5e5f980093c20b42b89fec7bef8e31808fd37f6,0,2,0,0,310,77,15,37,991,359.64
5999,597a1d5db27ef9e37f7066868e76cc9450fc3c9c,2,1,0,0,0,0,0,0,32,261.98
6000,2fdd1d59c6e8934803f3c3d5629c41a8ca6a8a14,0,1,0,0,0,0,0,0,91,268.34
6001,c3ac6baac7bfea790a74fe7bc0a62a65202cb67e,0,1,0,0,55,11,9,20,230,174.18
6002,254d6f7e9c689c639f85f3f5119f4a812d295f05,0,3,0,0,15,17,0,0,460,255.09
6003,6d8862b00ed60a24387beb642609c03fcee095e9,0,6,0,1,90,136,26,48,2804,709.28
6004,a6c6d0f60c74a9b9889f49ca1cba41e855cad091,0,4,0,0,11,0,1,0,260,275.99
6005,345e69e1c197faf73f303034c9a895b1dac65402,0,1,0,0,0,0,0,1,52,82.68
6006,93f679e00f0dbd81972acf641c5a47f3ee4727ee,0,2,0,0,10,0,3,5,141,161.42
6007,987191418849191258519464665223f48620920c,0,1,0,0,17,23,3,6,787,197.61
6008,1fec4a4281be94f8ef2f9f8a5eaccee56d70e87e,0,17,1,1,267,293,29,57,3565,1537.4
6009,ffa806733e7492d3d4b54957f911af501e043df9,1,0,0,0,0,0,0,0,0,75.67
6010,3e9d345f0078922950157de4fd4c7992512b43b8,2,49,2,2,893,1059,69,215,10945,4663.56
6011,f852401166cdd1e6b2136b5e70b85a771f6f2a8f,0,3,0,0,1,7,0,2,426,245.18
6012,33a3a09cbf2f0a31a823b6ef8f5e9fcc1546c9f5,1,0,0,0,0,0,0,0,0,127.24
6013,a7c1729c17a9f1eaa26b23338357b364ba986c77,0,1,0,0,0,0,0,0,111,84.13
6014,3f55c35b8c6bc8240e34573f2fe45709c64e566f,3,9,0,2,218,55,1,15,711,1123.35
6015,9775a9c6808b8ed3cf37ca04d3b701284b459893,0,1,0,0,18,129,4,6,392,186.14
6016,382834d4e49dbd305bb299ce911592838a5e1e3e,0,1,0,0,0,0,0,0,149,81.46
6017,58529c77f4a2159fbfbe696c619787c327c80763,0,1,0,0,84,2,2,2,376,191.92
6018,c0e3f66d60a77abec11afc8464abbcc7680139a1,0,5,0,0,26,33,0,0,2648,502.31
6019,bf599fb5b062cbcc652da78b7d699e7a01b949ad,0,2,0,0,0,0,0,0,51,102.57
6020,29ff2d26f87f5977aa919d037ca3bbb67e40bdb0,0,2,0,0,5,0,0,1,104,351.01
6021,5cff788efcc63ac738e16ca8cd912e1108d5c1be,0,1,0,0,12,3,2,0,82,124.94
6022,b5a232b04eb61fef4d722dae67147f686e07b503,0,4,0,0,0,0,0,0,72,275.93
6023,12b96915c3e37edc1ea6b584ebc406f44426d4ec,0,1,0,0,4,0,0,5,155,113.45
6024,cfee3da908c685dad3103a497dd70eb9a884df3d,0,1,0,0,32,0,5,16,75,130.24
6025,dcc3bb054167eb5f408cea79935855780fd56285,1,17,1,3,802,191,15,21,2969,5161.15
6026,e20810c7bdf81b2ea225d1356ac3237994fb5349,0,3,0,0,222,379,36,93,2283,1624.36
6027,e27cdf935c73f5d51ce920cf3245eca58219ceb1,0,3,0,0,20,2,1,7,510,1138.9
6028,3679b1bd270fcfbbae4c8ac9eb5114cc98fbe4de,0,10,0,0,63,105,21,24,1003,3243.74
6029,905273e3e419ba12d8130f56943b8f4f6818d544,0,1,0,0,39,27,5,6,143,986.28
6030,bdbb071f4f87131d6996aac52f2b75a5833d5238,0,2,0,0,12,32,8,26,272,1569.88
6031,eeaa3e01235c98421fecc46eaed877b207fb5a33,0,2,0,0,3,0,2,0,83,1139.66
6032,493859bf617ac80f560d02ad6d471aefd6a0ef91,1,7,0,7,91,18,4,2,692,4937.54
6033,6afab52b27de4b5d8b377d4fb7d15012bc43527c,0,1,0,0,0,0,0,0,1107,317.79
6034,1eea314602d50491093cf63bef6a26eed9df3ceb,0,1,0,0,0,0,0,0,26,127.79
6035,ad3753309776fb0b7096d15a7535ac76511779e3,0,1,0,0,3,6,0,1,163,538.73
6036,b8dd3bd75f61c20350db37b784a667636fb6a24d,0,2,0,0,52,0,1,9,299,510.77
6037,5e797ebbad60fee3d7c3686de23d68d7611611a0,0,2,0,0,54,40,3,3,245,310.33
6038,bd3c47ca739a9b84ba68a19387bef8233e1f90e1,0,1,0,0,2,4,4,9,115,177.58
6039,e750ab238e07daa61180d2451ba90f819a4cf5a1,1,4,1,0,127,192,24,74,845,699.91
6040,ed54e80855a37f88a8625e1ecf9ce574f0d4081d,0,1,0,0,0,0,0,0,99,978.06
6041,a289e71bd883bce6b78169b64c95cd6c2e1a8853,0,1,0,0,2,2,6,3,244,234.26
6042,910170c9d10bb6a71922a529b2f070cf27891a10,6,27,0,0,1196,769,102,312,8201,6054.04
6043,c6525da86eb1ac668206553336056f90e7bfcdaa,2,16,0,0,106,22,2,61,3385,1476.47
6044,c20d415833b785bfa5f49d3dd2a7468e111fb5d0,0,3,0,0,63,44,9,28,409,284.6
6045,f6d0f436b39f78f2b4fee5e84190a53259ff677b,0,3,0,0,2,1,0,1,529,229.8
6046,2424dd133bd971de4b19e5030619d7be79e261e0,0,1,0,0,35,8,8,15,193,168.72
6047,1c9c47d26f2da98d1a923254858bcde550122445,1,5,0,1,32,46,15,32,1438,736.32
6048,0a17c0fd7d31e6ff6ea4d4ae901ded72bb2fe113,0,1,0,0,0,0,0,0,1108,162.47
6049,92f753957325413e2aba67f36b4305fb0316b501,0,1,0,0,27,11,10,14,198,159.49
6050,064144bd403e0327bf8e340ba54e857513078869,0,1,0,0,2,0,0,0,460,122.81
6051,e16d76dc84022a37dc544183732bfe9e9fb3fd94,0,1,0,0,5,1,2,3,224,143.18
6052,2ff913767437ae919a72ec00c2437aa7ce904f6e,0,4,0,0,258,3,10,19,848,487.65
6053,e245ba7af9801696db733fa3f88aa37135b5ae36,0,0,1,0,0,0,0,0,0,72.67
6054,895ec3ea1e68b74ee025317f57a09c1ef0b512dd,1,16,1,2,185,39,11,13,1450,1585.43
6055,17624248efc316de125d1bc3c6be4f0cb4e174a2,0,21,0,0,220,193,12,34,4320,1960.39
6056,d314c07a1fd621362d7b6bb80d7f551943018d44,0,1,0,0,0,0,0,0,59,74.73
6057,5a849764791f7bedd737666a48b53e536f9816ab,0,2,0,0,145,85,0,10,1141,299.68
6058,2445d4d09f24c266075617fc5a572415e07045fc,0,2,0,0,15,2,4,15,210,220.3
6059,e2d140fff752e757f40c812dcd1b7bed3ea5fed2,0,5,0,0,25,29,3,2,296,626.78
6060,faf91818b46fb51ed576664a1119315e7b7c3383,2,5,0,0,178,119,22,85,3184,1109.52
6061,0c2eaa9cbb51f064b439c4d098adb5aa76b65b0f,0,1,0,0,6,0,1,3,1108,241.0
6062,dfd78d0e90b9995872b00f6f33afc180f2b7cba1,3,14,0,0,244,161,36,118,2843,1837.65
6063,39108df7c8e0ffae3b39ad4adfefcd18f38667f7,0,1,0,0,0,0,0,0,535,112.92
6064,cc5fb19e5c864110b798375f43ec1597904d03ab,1,4,0,0,352,613,10,54,1407,706.57
6065,222ea958352dc191a3684e23e526c2289c24582d,0,22,0,1,69,69,12,24,4145,1760.55
6066,136abcc7afb101a78b592081ebc29bc30afa5777,0,2,0,0,13,22,3,2,1673,407.35
6067,2bf63f61e33587a8ba94fce3a1433e8cd866d1f0,0,6,0,0,131,176,46,159,1360,642.92
6068,c468c8b4369c76612a1fc821e8e77fe1da8b8011,0,2,0,0,7,0,1,7,1686,336.19
6069,1bb0c149eb9657be1dc4c488156ced617b622ceb,0,1,0,0,0,0,0,0,1034,193.15
6070,1e865ed6b2b54bb26506a3dd5fa52f799174d9db,0,1,0,0,0,0,0,0,63,69.19
6071,b30cdd9a7e1178014ae90c01795e680b3041c0b7,0,86,0,5,343,401,23,116,9352,5052.68
6072,c87b6a30f21a6d7cfcebd2e1399dfb6069f402fa,0,25,0,1,162,135,20,7,5795,1920.29
6073,194bad22f71da3007a7f9ab5561d6f211d140c45,4,3,0,0,149,37,2,47,567,570.64
6074,b077cda83bb1d32d5e6836027cfdfe3009b266b4,0,1,0,0,1,9,2,6,218,152.21
6075,3e5edb82c73b7b7c6e1d1e970fb764c3e3158da6,0,1,0,0,118,33,24,67,697,202.63
6076,02367e78b573925a864ab8f94ba0a69950ca74f5,0,1,0,0,0,21,0,0,167,92.6
6077,2b028b2b248e945d28a73537db9e41643138bcd7,0,1,0,1,0,0,0,0,43,119.4
6078,ca1b06500c54aed0c67659b5d9e697ae1ae050a4,0,2,0,0,136,119,0,5,872,289.56
6079,d47d2b1e2b66e239b8cf81e8c254dd3fbdf32052,0,0,1,0,0,0,0,0,0,55.75
6080,160cbc1276503a50fe42f63996211094da5cafbd,0,1,0,0,7,0,0,0,19,281.31
6081,71ccc87a79d161cdf5cf219a276f5bd7313f9c80,1,0,0,0,0,0,0,0,0,108.92
6082,1650dd51d4c6c41d19dbaac64ae4527e45190ad3,0,2,0,0,8,3,2,1,221,208.94
6083,31324eefbde219395dd2b9e49e8252f4498db676,0,2,0,0,0,5,1,3,224,183.05
6084,48a7e645d871bdb91e082f3ad3cdb61ba3f16199,0,1,0,0,202,201,0,0,164,159.0
6085,3ad0d3a8f2ff4a2f5207b47620b52c192f4e5d82,0,4,0,0,78,79,9,81,879,437.24
6086,6ae8adaa3c9eef3606ef1f6a27b828066225aac2,0,2,0,0,8,1,3,8,223,191.27
6087,a2d10c45076d0cc920c6649fcc797697102280f2,0,2,0,0,5,0,1,3,231,198.5
6088,1e5a0e19a90a365096846d67f678498a2aea1bd8,0,1,0,0,0,0,0,0,153,72.01
6089,05bbefd50b98de2e502e38023c9ea496a7719af3,0,1,0,0,23,25,0,5,265,148.55
6090,f1232532e61080096a92e0044b572a1314be2bf5,0,1,0,0,10,6,0,1,120,125.63
6091,2e4ad069d552167d0fc06d39bc8d622573f14792,0,2,0,1,8,4,2,5,303,386.28
6092,d0005a83ef9bfc1042747cbe45708ded1f2002ba,0,6,0,0,573,213,15,72,1034,777.58
6093,2dd6944f1cf9236e2ca63f6a1fa67b020c175f8f,0,1,0,0,5,8,1,9,178,153.3
6094,8c003a2a5ab261db06fbda784b5353d38982f488,0,1,0,0,34,27,0,8,164,139.62
6095,217721ae95ce1a48d9cedbb8de8f3eb76c77d88c,4,23,3,10,159,72,0,13,804,2310.87
6096,2d8bddb064f2a6f9292878e2d40805d9db74a09d,0,1,0,0,6,8,0,7,205,135.99
6097,0f5ab577bcc106aa487dd5b05ca0b991c9a96a04,0,1,0,0,0,0,0,0,86,83.99
6098,e60089db08c7675dd507aa668bff862d437382d0,1,4,0,0,430,362,15,95,1414,688.01
6099,49f1a629d0c79c5aa7bda1b8aadbde343e52ecb6,0,1,0,0,3,0,2,3,40,115.52
6100,2d5d30114107bfb6bb7b6f9571264eef6ad4985f,0,1,0,0,0,0,0,0,43,274.7
6101,b15113411a6efa725d3f420a7e0f6bc796aa9780,0,1,0,0,0,0,0,0,149,71.86
6102,98905809c87cc8fef01621bdcfd069d6edc75324,0,1,0,0,0,0,0,0,815,122.14
6103,82a8c2372388bb0289a6a57f6c01f9e04172f7c9,0,1,0,0,125,122,1,5,760,225.55
6104,9072757b52d9a6c443871c5fba443c27606b8e57,0,8,0,0,47,15,9,28,413,480.7
6105,ca41972ea011ee9e082c02afb1c37e1151b8cd2d,0,1,0,0,0,2,1,0,307,126.5
6106,fd6f9c6f9c15ab28d0db0edef1f84faaa7ea42c5,0,1,0,0,0,1,1,0,218,124.24
6107,97da271b29941596da7b401c2ed7352de111dc10,0,4,0,0,27,37,3,9,1664,477.9
6108,307e4f24294f659239d55e8b43637104cbc0a713,0,1,0,0,8,5,1,7,178,142.14
6109,9649594c761dbb72e58ddd71a10f0794378337ca,1,2,0,0,988,307,10,90,941,593.35
6110,708b0ce6dab76c94d2fc22726ef8339c754bb857,0,1,0,0,0,0,0,0,123,82.13
6111,857ee0ac3765e12140a0e072cee3fd32b1ad1b3d,0,4,0,0,237,163,9,31,1730,580.84
6112,207751c8ac9800b7e004ec72096c478a30aafebc,3,0,0,0,0,0,0,0,0,227.79
6113,9d4909ee362be5082a6677bdbfba9d2b29848bfd,0,9,0,0,155,136,1,0,1234,844.3
6114,a72869c7f01d7be7b3535a6f4dd673b085a4d71e,0,1,0,0,2,32,0,2,132,128.74
6115,c643bbc8d11626d2609d622c9d0893c3ea43d9de,0,0,0,0,0,0,0,0,0,72.5
6116,f57ec8c464cc3941510cfb996e0335f7a5330b49,0,1,0,0,13,0,1,3,157,131.31
6117,cf3e748cbf1faaed68870f22a45edc603eb1b4e8,0,1,0,0,0,0,0,0,815,128.08
6118,4eb9fa78bd233f5f9b901dd677636842b351330b,0,4,0,0,186,44,38,45,567,515.98
6119,107a794d5e215c4d71a643c8e5b2afa3e9c43190,0,2,0,0,13,0,7,4,287,186.4
6120,97acfb091732369e935fd4bab20080b36f7396f7,0,1,0,0,56,41,1,0,608,366.63
6121,c14a7d51e601b40cd0be03576dfcb9dba5a0abe9,0,4,0,0,138,428,29,65,908,468.13
6122,2a167ea21ea1db1903ccdf01172eb55c39b4f506,0,2,0,0,1,0,1,2,103,144.7
6123,e3c01862881362bba2b39ec01fe25e4945eafa36,1,11,0,0,135,47,0,18,1941,876.0
6124,2f7077c06ccbd5e8e7259c6891fe98d83ec3359d,0,3,0,0,338,164,9,60,1782,513.84
6125,7f10cbd8ad7b4ea1f7471084eeb935fe911845bb,0,1,0,0,114,250,7,21,371,224.77
6126,48563e0be186dbeca2933f874d0030d7671d02ab,0,1,0,0,9,9,0,0,655,168.02
6127,2732752bebc38ec5a3df7f032284ca6c6c82ece5,1,9,0,0,134,71,22,13,865,757.69
6128,c86fc854f55d8deed5773a5e6231464ffa4f54c3,0,1,0,0,0,0,0,0,0,64.33
6129,6db2a2e8a25751fceaf1fc6e48b2095fa93e991f,0,1,0,0,156,325,5,40,981,247.07
6130,36dc512ad4771b8e85c1e095822455012f75e1ee,0,1,0,0,11,5,6,3,241,147.96
6131,6065f2c8a79ccbd2b203929dda7237af1ca80402,0,1,0,1,4,4,0,0,36,157.91
6132,dfd695c14b64abc50eb38859f43bd55691207ae9,4,1,0,0,0,0,0,0,89,308.79
6133,18d8f26ddd556d6b689a7460053c1518a86d7288,1,18,1,0,282,156,17,57,1795,1336.67
6134,3e43ea46e86228e9132859c29f38d41241f1f5a9,1,0,1,0,0,0,0,0,0,111.35
6135,766d8c01033bfe0f1f9713e129fe07d157874fec,0,1,0,1,2,0,0,0,135,160.14
6136,649a5cd12fc1797c03aab3da42a6775e39ad69a3,0,1,0,0,2,2,2,13,214,142.34
6137,66a5d3bbe4b05c2bc615257d48e0736d55f22b4e,0,7,2,0,12,28,7,4,814,512.84
6138,b3c4c0a2a7050711e4b50c44c50f4ea2928523ff,0,1,0,0,9,11,27,53,161,153.55
6139,aa7c7362a94dd3da81ff521589cd2e6f998ae4c1,0,1,0,0,47,11,8,13,109,146.16
6140,7310c054f29e80a124a105320a165e465e3bd124,0,1,0,0,1,0,0,0,24,308.37
6141,33279dd8c567ce6bcc6fa1c60b1304708a880abc,0,1,0,0,0,0,0,0,25,61.23
6142,f6d0cf395fe33bc3d13af75d5a34cbf1a9017276,0,3,0,0,0,73,4,1,271,263.11
6143,fb67c41ad7faeff7a5f33e9e0bca6493a3febe89,1,3,0,0,23,13,1,4,333,381.6
6144,d201a2518a9dfd0aa4fca43c919a7a99cfb46412,0,1,0,0,17,1,10,27,1033,239.31
6145,b32ce687e713de8d8535b0607c9edd9b55a7b6aa,2,7,0,0,44,95,16,60,1003,570.29
6146,93b365cdcff34418bdac56473997f0a6d2b2aaaf,0,1,0,1,2,0,0,2,51,139.85
6147,9499f7cb98f678b6dde0c24ce87c39bc13b24ac5,0,4,0,0,365,124,28,68,899,712.16
6148,3f8806d233e556ae224472b3a058c2ec71468b9a,0,1,0,0,1,1,1,2,24,163.11
6149,3c3fefa04f027a1ecbede1d41c1bf3df25218a5d,2,7,0,1,641,308,19,91,3393,1248.12
6150,f3c0e11e2ddb0b0666e7723a3fca005707b778ea,1,11,0,1,269,66,26,51,1956,1157.13
6151,034e0179b8da63e74e871030387948dd861beba6,0,3,0,0,0,0,0,0,394,170.72
6152,ec7fba44e613815c472e6cd2744058ba324df056,0,7,0,0,49,16,19,24,2972,721.13
6153,a1e2978f9f6d2e9a318f44a5b6c625659b86efe8,0,4,0,0,72,34,9,21,859,434.03
6154,7376f42fc183bde6a03f1d94e04556d90ef6e525,0,2,0,0,19,6,0,5,487,219.37
6155,213b06695775718ebcecd738c95107f5be7b026f,0,1,0,0,0,0,0,0,59,75.62
6156,4176f9e78cd4d8c64ad791cf97b32b0a86448874,0,1,0,0,0,0,0,0,59,70.1
6157,0d2ec11c7e0abfb84d872289af6d3ac386cf381f,0,7,3,0,7,10,2,8,1650,555.73
6158,e56d9efb7c18138fac9059207568598bbb964eb9,1,5,0,0,196,372,40,128,1714,689.95
6159,90a012a1fe29edbb70de30d5f683e10cc27e1602,1,2,0,0,168,62,15,102,1867,695.81
6160,4ce409e33ffce7b0976d95b66b0a43c68f2a7d88,0,1,0,0,0,0,0,0,59,259.87
6161,e8fbfc0822db4f7635549e5f6c45e103562d0c0c,0,2,0,0,102,22,0,1,1619,344.34
6162,a1b574e52e363e1f9cf46496d4acc5bcd3436d96,0,3,0,0,4,0,0,0,243,208.73
6163,fd0bdef5abb9c7fb4318b7c4c989cb90d352a19b,0,1,0,0,8,1,10,5,116,141.02
6164,107545b3929c32c61e7d00c6ca448c10046db792,8,5,0,0,116,87,0,13,517,1025.49
6165,9ee34b6e656428299a98eb2f1403b2246be3190f,0,1,0,0,2,0,0,0,1306,189.37
6166,d6ea0ff1f1c01390a4240ddfbbfb5c5b63ee4260,0,1,0,0,5,0,0,0,115,99.29
6167,24915cd48e9e13d99df4d08610e382d3c424dd35,0,1,0,0,51,104,3,16,1906,307.2
6168,6d266253a5bdaf3a25eef14e54deb56aba9b2944,0,4,0,0,240,103,2,8,189,476.54
6169,bf9c5031301ef9ad310d5bb01142b5a67ce7f415,0,5,0,0,34,11,2,2,640,420.54
6170,6bbfb5574e0487d490eb5872c70853c4c56d2940,0,22,0,1,113,6,26,49,1447,1395.27
6171,b7563f823ed5cacd553721016ab4609e85685afd,2,0,0,0,0,0,0,0,0,189.42
6172,97d65d6d3689ef3fd47d760004377486ad00d631,1,0,0,0,0,0,0,0,0,93.36
6173,69542a99c670bd5619e3b3c271512635dc7f9b76,0,21,0,0,212,191,4,24,5977,2135.3
6174,d76adf50024a064f5c66b8457113e903cf05296e,0,2,0,0,13,11,0,3,89,203.9
6175,dca37a612cfba1b0eae07a5dd4f16a37407a2a51,0,12,0,0,451,931,33,78,1843,1197.15
6176,d06fd788e590734671fc913b4c09114025d0889c,0,7,0,0,19,23,9,24,1249,483.17
6177,be13d35b2a2ea1626800aa6653f26f9d25edc605,0,4,0,1,37,21,1,0,506,351.71
6178,f3399a292e64a8a00d4240e1c9395c65caa1ad92,0,3,0,0,32,3,2,60,1145,289.11
6179,2f3fd416fa3b2d254a479f6339993713efdbcc16,3,5,0,0,5,3,0,0,811,496.09
6180,699b57523b31e93fd0d0ed6fd580ae8b052c248b,0,1,0,0,0,0,0,0,73,250.73
6181,77c66bf9f50228306d4bf76bb2721c731875f261,0,3,0,1,68,79,6,5,161,310.27
6182,bc7941c9da7ad17fdf4793de411541876a1248ff,1,15,0,0,167,83,42,37,1553,1209.32
6183,4646014851b42327402d51f7bc5edab0d2c22a8d,0,1,0,0,1,0,0,1,50,108.24
6184,cbd4de8f51cf0da1579abcd8d93803c4e8845024,0,1,0,0,2,0,1,0,303,134.34
6185,c059a56890dd7b9aca0addca75a05bcce6b65a77,1,20,0,0,230,141,16,103,2621,1483.46
6186,5fd4a01165586f1c4e273e08595238bd1bc2d5ea,0,1,0,0,8,8,1,0,46,123.74
6187,d97e7cb69ebe8794adeb5be00b58a1b828bffd26,0,1,0,0,8,0,2,10,193,132.81
6188,d919cc998e80eacec09ba374ee0b92248eb8bad1,1,4,0,0,187,75,24,65,764,431.64
6189,fd67615be32daa559b4b7d16ad12300494eda389,0,3,0,0,10,0,0,2,678,306.66
6190,c9a6d7ce05ff75412d5f40c740b33b33a7e813a0,0,1,0,0,0,0,0,0,401,102.19
6191,ac306218848f62be71db8cea5ce90c4835c626c6,0,2,0,0,0,0,0,0,1135,230.25
6192,89cdfd8e075d8883d776d7f881735f1c25e3cb54,0,4,0,0,162,77,19,68,888,434.08
6193,642546abac7527b640e228cdeb1993c53fc71582,1,4,2,0,34,43,1,4,1522,506.65
6194,4a4f83334265b1c2200e818b3439c146e77d46be,0,1,0,0,4,0,2,0,269,122.91
6195,5a09483df399b9e498e30624d0e3227fb60d7fa1,0,2,0,0,5,1,0,0,277,195.15
6196,201004d9a62307af1a0a419caadbfe99d8b72c66,0,3,0,0,6,3,3,6,596,349.11
6197,3608bd2494a82ede56471f1cbe5356f90d0a95d1,0,1,0,0,0,0,0,0,115,71.8
6198,593886a12062429d752e58a27baba4fb6ba7ac76,0,1,0,0,0,0,0,0,35,71.8
6199,69f794aca680cff079c1419f46f04316d4262a23,0,6,0,0,6,342,0,10,1188,453.98
6200,21bdf8700601f8150e8c13e0b4f71e061822c802,3,9,0,0,208,309,15,39,5456,1502.47
6201,828496492c51d7437b690999205ecc941f41a0a9,4,4,0,0,44,70,4,17,1127,744.8
6202,144644bbf77a546c45db384e2dbc18e13f65c9ce,0,7,0,0,68,72,8,10,1645,693.88
6203,7bef6f93aea3a6897b53e909688f5948c018ccdf,0,1,0,0,0,0,0,0,94,69.4
6204,572ef50dd11fcb501ebe46f1dde6656e42cb96bb,0,7,0,0,228,20,6,20,617,756.25
6205,f36fe9fb18b37656dbffd4f136edb31dc3abc45e,0,1,0,0,4,0,0,0,193,115.04
6206,690fbf3ba90cee726eb58ed1f69700d178993f75,2,8,0,0,95,249,1,12,2824,1230.42
6207,b06218011ecb7db15e765f0185c5ec000ba2233c,0,3,0,0,13,21,5,13,1250,432.53
6208,9b9dda6bbbabeab2ce235a3f261e995ed0683e15,0,1,0,0,10,16,4,6,296,180.74
6209,1279009e0e29267d8fc3300071034e2ede6065ca,0,1,0,0,0,3,0,13,110,124.74
6210,b25adc765769869d16410f1ca156227745d9b17b,0,9,3,0,0,69,0,0,5599,1018.1
6211,e8276aa539ae618a41acb8b0250886e773b73ef3,0,2,0,0,7,0,0,2,1067,296.41
6212,b11fba750c610de5e97acba070cc571cf0a96416,3,12,0,7,895,250,62,160,3679,2680.92
6213,86b04ad0d4682bc49bd294d4d598d131f4da1158,0,1,0,0,0,0,0,0,104,114.25
6214,b7d0238f6765638f18e00fdd8f5fc49df63b9d17,0,2,0,0,0,0,0,0,150,122.56
6215,c6ba2beddc5a7170ee449b43ce4a41a14f312791,0,1,0,0,20,71,2,6,185,217.53
6216,540e9cf75243888f878760d5488dda3a0bcfdc86,0,19,0,1,323,320,18,60,8147,2071.02
6217,a672097db4cdddc78baa16de6990c45bfc2e25aa,0,1,0,0,0,0,0,0,250,87.12
6218,789aa72e56b3bbb8811c96f82ec96a10207b8a0e,1,11,0,0,110,256,17,53,2665,963.19
6219,bf1ea024d50dc0243bb8cec2a23b01a709b4e705,0,1,0,0,71,25,6,3,52,162.49
6220,4eef4499ba24dd5168fdd759f4e2587892e4394b,0,1,0,0,25,31,4,1,138,361.89
6221,6b979f31912e2e823bc22511dc3a5746d05f276e,0,1,0,0,10,0,0,5,197,135.59
6222,9ff82706f206d135b1795bf84cbcab23915617f4,1,2,0,0,0,31,18,5,145,300.31
6223,507a36305481c9dff8f4784626d34a871faa5106,0,1,0,0,14,0,14,5,110,157.3
6224,469764412706af185d8b2bece5c6d985d67c3ef7,0,2,0,0,4,0,0,2,383,197.13
6225,e5b5a91fb6148010c31337cb074c37ec8fff2438,2,5,0,0,103,9,3,12,3631,893.0
6226,44f8254df850f17d0c9c940d69af7a2305beb4b0,5,18,2,2,356,410,52,109,2400,2120.33
6227,8a03181dd58c02f4297f4918c7fdc80da5f63fb3,1,8,1,0,0,0,0,0,1831,495.69
6228,7c98030a7d4551780377cfa6b3442868b62b4b20,0,1,0,0,28,113,13,44,142,158.4
6229,2433068c157cd21d4217c98ec5c0b9a2c07e288d,1,1,0,0,47,43,1,45,207,227.67
6230,c041ea8b3748089937168839791a6d64382b34de,1,1,0,0,14,23,2,63,231,202.46
6231,922a2c49b6de281c95b0ef05481c076bf2abd077,0,5,0,0,37,136,1,10,926,458.1
6232,6ee4b0989d9a3ae3e704918622024fa57fdf63e7,0,1,0,0,10,9,0,1,145,126.97
6233,1b1acae9afbd6faf2f628d5ae7ba0763aaac1e86,0,1,0,0,6,0,0,0,123,94.93
6234,bd4842410e73574dff8f3a51bd95e414f76ed506,0,1,0,0,3,0,0,5,45,107.48
6235,7ff25f0df55bf492e741730473b94bcba8ac6c0b,0,5,0,0,47,11,6,19,1474,561.29
6236,b66092f904c380d943f75b2a7cef033929631309,0,1,0,0,6,0,0,3,148,116.59
6237,f7856c225857e8bb975289f46e2b9b001888ea0c,0,1,0,0,1,0,1,0,128,117.16
6238,9c482fdcf5be36167d60843f6360b3c64c04f0c8,0,1,0,0,77,59,0,0,166,141.06
6239,4e7fbfe6d31fbcfc2975f62827ad967234c49d2c,0,1,0,0,44,46,0,0,32,122.07
6240,102f59c64925f23a3db8a34090f976e28ec04113,0,1,0,0,40,98,3,7,267,355.89
6241,d3258f6152eda3be4cba0a021ea34fcb34b7a569,0,1,0,0,0,0,0,0,305,97.23
6242,7ea642c89c124f0515754ceb8a163370e8d74578,0,1,0,0,4,42,3,13,178,206.37
6243,ce643ff99f57784577f2067f2ae4c95d3a02ecff,0,1,0,0,2,1,3,10,1091,254.71
6244,04389ad5ef879ae809db925bf46bad60b60fa454,0,1,0,0,100,38,2,7,269,174.44
6245,ff5ed7a03f7b9968c0156b05226af67882e5670e,0,7,0,0,132,46,2,59,3201,833.17
6246,3e6fe8bd2874dbbbfe9dbe29e0cc073249d42001,0,4,0,0,2,0,0,1,1228,288.51
6247,f6217ae198861d95225f6201dceae679b3304cc0,1,16,0,0,209,76,4,20,1851,1257.71
6248,1e09482a38cbd9bcf4d056781332f8d6e84a624b,0,1,0,0,268,345,5,41,872,277.67
6249,2cf4ca3a94ff972b422f1be1a2d601d07ff31a12,0,1,0,0,28,20,6,28,135,155.03
6250,f7116c91b237d920249e5bcae653b47631f206c9,0,2,0,0,40,32,1,1,233,214.73
6251,2d7909dc12dc038a65742ca03d375140c5257158,3,11,0,0,420,279,5,48,5489,1346.11
6252,963dd54b71bdcac29c484d89a826773a3f090496,0,1,0,0,1,0,0,0,25,88.48
6253,88b2f383268467cb1756edad0ec50c5bead802a4,1,1,0,0,481,150,7,26,562,364.57
6254,16499ca9b0080ea4d3c4ed3bc55c753bacc3c24e,6,48,2,1,237,89,5,17,7909,3626.12
6255,8b3221a8fcdcafc78e4cee908768b9f8612df31e,2,4,0,2,7,4,1,0,532,496.61
6256,ec958f05e493d6b59ada4e71572466baeb7b1467,0,3,0,0,8,47,10,34,458,323.16
6257,0352a15a318e8121f8ec977d28379961a9aec387,1,3,0,0,26,15,6,22,354,345.93
6258,e4b158f6ad2d9f59a06d722bc97a3d423486e298,0,1,0,0,0,0,0,0,137,72.98
6259,7f0a8542d684d3bd9b597b5eab332355315c4942,0,1,0,0,0,3,0,0,995,180.08
6260,3d0c4e78c6bb3f8767aa0720b7de579908e2bf59,0,2,0,0,59,17,0,0,256,382.07
6261,0ba5f2721b8d6b57592532654d8533acb9964807,0,2,0,0,8,0,0,1,315,189.5
6262,82a526863b03f533318cfe00d74508cd3da235f3,0,1,0,0,6,0,0,4,78,108.33
6263,e617d84616893c974e6132f9dab7748645466632,0,1,0,0,0,0,0,0,84,74.62
6264,cc672f36158c2dee3abad1fa6f51488f14ffb902,0,2,0,0,30,5,0,16,279,221.98
6265,30f3899f212a499f22a54426c67790f9d84d422a,0,1,0,0,2,0,0,3,469,154.98
6266,0655217ea5168c01c1a829321906f3e8630cee64,0,1,0,0,1,1,5,4,103,144.84
6267,86f51fd4f042851b03f5bf602477de84d92a3172,0,1,0,0,5,0,1,3,406,156.79
6268,2e6492a1839040d5b417ab934490c453c92896d7,0,2,0,0,12,17,10,3,180,199.54
6269,1dff098e4c6d42b80ee05c7a444127752f112d08,0,1,0,0,0,0,0,0,673,124.75
6270,868457de21388f224f7c0e871f1fa4aa7a9f7146,0,1,0,0,8,0,0,0,157,100.89
6271,c2ecfe7b7bffbced652b4da9dcf4ca263d345695,1,7,0,0,25,33,0,0,1187,455.45
6272,4e29b7a9a4736e7e70757dc514849c5af7e2d7d1,0,28,0,0,223,90,26,62,4502,2252.98
6273,345455dee2b154e5a9b10a7a615bcc0c7092775d,0,1,0,0,12,6,0,1,959,194.41
6274,7f161667dfd7f12190442adf7b010111e0a42cd6,1,1,0,0,1,19,0,0,208,183.04
6275,5bffaf850ca3e978baaa8664acc65612d7460d3f,2,0,0,0,0,0,0,0,0,185.15
6276,bade5cfd931de938cbda0674f3fde524f3850fdb,2,0,0,0,0,0,0,0,0,136.38
6277,ba71c4707fb315493deef3e63b49d56776bd8677,0,1,0,0,0,3,0,0,107,90.59
6278,70b51ff327ec5d984f14e5fdb7862ed50dcd92b4,0,1,0,0,4,4,10,3,158,145.03
6279,a6549440f30997273f0b1a073b1493684715c43b,0,2,0,0,40,1,2,0,176,165.9
6280,b449126fee2fd6a9a927846b2b2a4f89222b78b7,0,2,0,0,0,0,0,0,216,290.7
6281,944e3be4e34a4f9ee160e5f41275f1ad65b81fcb,0,2,0,0,24,12,0,0,41,141.24
6282,77b5da7cc5fa93a8a0c64ee2dae1cd4ae8fe9764,0,1,0,0,1,0,17,0,111,112.39
6283,8ec1da211830762ebf571f12d9cbd505d2a1fada,0,1,0,0,0,0,0,0,112,65.81
6284,1caa4f942662cd49609e86e2cd747421a9d71700,0,1,0,0,0,0,0,0,226,81.69
6285,b24bd08616ed4b0395af5d96f27f378202bef0ee,0,1,0,0,105,58,1,0,336,170.47
6286,59ba098d29fd492a715b7b5c13e6be17cebd33d9,0,1,0,0,0,0,2,2,119,111.7
6287,866afef295df84030a2bd6ba8a002bd1e5a8fdf6,0,1,0,0,0,0,0,0,313,95.12
6288,8fc61eb5e9c2079fa00faaec9b846d92dbfec43f,0,3,0,0,168,124,8,31,1866,502.42
6289,4b43684ac0391a4b07e884da1c24f65dec6cd933,0,1,0,0,6,2,12,31,1501,288.66
6290,2f6d416339864e336945474bbb44c90b60ea29bc,0,3,0,0,25,6,0,1,719,260.64
6291,def4835e6b7de2b6523e2f69f53d9070e4a54a6c,0,3,0,0,97,175,4,18,797,356.61
6292,d908bf431af7abe68aa69e6fd0ab50e30f01e607,0,2,0,0,52,50,13,54,611,280.66
6293,958166766558e9df367fadfc2331d2d7d3b34bd8,0,1,0,0,0,1,6,8,103,129.55
6294,d19a6af6674c883721cbc966757027edda26bcc3,0,1,0,0,4,0,6,16,150,144.45
6295,c5b02422e00aa0015d9dc399bf5ec71555b38a56,1,5,0,1,26,21,12,37,2611,892.02
6296,afd6cf2cbbb549c4672a2a6d987745bfaecbc0d7,0,1,0,0,6,0,0,0,202,113.49
6297,4a3ca5c70e94d6b9329b7289f61ffbe708828ebf,0,1,0,0,0,0,0,0,871,123.02
6298,ac46747f84e62f6c9cbad0fb2e67a0eb95f43b01,0,1,0,0,232,299,26,95,1713,406.83
6299,cba1b68dbececb2aba500d56059e99bdab058b10,0,1,0,0,211,80,24,100,1865,458.16
6300,dcde8cac0d6d96c342c6409a189edc372ddcb203,0,1,0,0,166,202,13,39,1874,560.55
6301,f59df2893b66b3a8715b9792679e51815982a542,0,4,0,0,344,273,25,76,3467,978.53
6302,cb5897f3cb425334e693773fc88988de944fe247,4,45,0,7,452,187,11,45,5324,4585.5
6303,d26bfe9a4dd50f1f6f949b4ef114b45640001fbe,0,1,0,0,15,0,2,6,239,161.83
6304,ca076140472bfde1209423946441f1bd5a35efc1,0,2,0,0,37,5,0,3,189,221.52
6305,700e3279e68c9c72d50e821a855cae38b5e5b169,0,1,0,1,0,0,0,0,24,121.84
6306,b38a6683f97abeef64cee8f45e05c90e1db2e8df,0,1,0,0,0,2,1,2,421,152.51
6307,e502fe5b1bf2020936197ed1953f9e3023c7d85a,0,1,0,0,0,0,0,0,100,72.9
6308,b2c62bb20be52a698a5683ef8ffcdefe560dbc9a,0,5,0,0,143,217,25,95,2657,678.2
6309,84b28460da99b583561a8308b263e174f4fa9e2b,0,1,0,0,0,0,0,0,700,141.44
6310,543a89909be849c4ff1ca38d435a246d87be2c50,0,1,0,0,0,0,0,0,700,133.18
6311,e3e2de0c439b2ae10e2f95074926f74b834c75a3,0,1,0,0,0,0,0,0,700,129.09
6312,8e1bdf3e8eedc33045ca577b0e5a69446429353c,1,0,0,0,0,0,0,0,0,357.04
6313,a64bc43f8da05114fa1d9e9c6409e82361d659f0,0,1,0,0,0,0,0,0,700,138.77
6314,b325316f58a4df07d8037b179fe53c03f97dfd2e,0,3,0,0,93,152,22,9,1528,469.89
6315,67b7c3a394453303e7b4a95988c17a4a9fd0a723,0,1,0,0,1,0,2,0,248,129.89
6316,9bbcbf5052286b84e2a6acaf677c992f30bc1182,0,1,0,0,12,96,0,0,153,121.6
6317,9bba842c1c50bf944f449d2662a54284b4d5f74b,0,1,0,0,0,3,0,0,868,139.24
6318,5d88ff4e41210f95d0e3e53ded779765b0136c2a,0,1,0,0,0,0,0,0,36,64.19
6319,724384ab05e4a6bf3cacb1732641968d37e8c391,0,1,0,0,0,0,0,0,141,79.5
6320,11dfc025305113f5cfeac4151fb72cee2e6f83f9,2,0,2,0,0,0,0,0,0,509.6
6321,54140bfde562361562489879f720e78e0ea0eac7,0,1,0,0,0,0,0,0,39,105.33
6322,738229bd7900b21a83ea322b1e394b8c20c0b82f,0,1,0,0,0,0,0,0,39,69.02
6323,57b5578396bec8d54eea0b9d051125f5b9873880,0,1,0,0,5,12,5,28,120,154.67
6324,bf51f24a6ffd01f330a6251e3a62ad32a1f31b9a,2,3,0,2,6,1170,1,5,101,574.34
6325,48f644686b48357354f16c74b02b6d2c450a8c2d,1,30,0,2,800,1016,35,66,5360,2759.41
6326,1fab7b785dc5e440a773828ff17e927a1f3c2e5f,0,15,0,0,81,91,12,33,3233,969.87
6327,7f29201ce2b003ee67658afaa1a1f9840e8c6d3a,0,5,8,0,58,70,0,2,572,528.51
6328,10ff8c9f892c978a2b0eb0000d907c3d688f5d8d,0,1,0,0,40,31,0,3,128,134.55
6329,5e68fcec4329c4751789290059891c03b99be4a6,0,3,0,0,84,32,8,22,939,296.98
6330,f56244d21a331cec7da5b751a4de9effad49952b,0,3,0,0,33,67,0,10,327,297.42
6331,3510bdb503c2a9d97cb12fd7d9e1a01fd91fa879,0,9,0,0,156,76,23,13,3089,896.55
6332,5023e620db0c975150d40dbd4c4bc86200c3527d,0,3,0,0,132,73,0,0,75,254.47
6333,75e858a66de48a7579fa396ea2e46326c7155f29,0,2,0,0,6,53,0,2,291,215.61
6334,d9fcb397478aa1a2bf8c03a551c0ea65de83a33c,0,5,0,0,1,7,3,0,520,302.84
6335,246f07b6806f48deb371a4a8ec47131c0f0a606d,0,12,0,1,106,200,8,24,2890,1044.5
6336,cc5128a02e01c3dad1f658f7dc6281e4f55eeb9a,1,1,0,0,0,0,0,0,284,146.46
6337,08dbbd689ee7db7443c6920dfcd402710c1dd964,0,2,0,0,67,66,1,14,698,265.88
6338,0db1431e33659392b11060451c71d006941a0dda,0,1,0,0,326,231,26,96,1719,401.64
6339,58f25d526c60fc6c8805332ea48e611d0aa871ac,0,2,0,0,7,29,11,30,266,234.89
6340,cefaa4eb7168a63bbe5b04ad7b9bc093a34f4bb8,0,5,0,0,83,83,2,12,1168,696.61
6341,3c09adec72dbdc6d27479ca7f681ee2406e21e64,0,1,0,0,0,0,0,0,165,77.82
6342,16a7fcfb78556b23bf8b9b6dae5bb9a6756b83c9,0,1,0,0,0,1,1,1,15,122.82
6343,01880a470c31c6c27bb82d73727623fe253eef9f,0,14,0,0,15,179,1,5,2958,1126.89
6344,774bd0bceeee56abd97a122c563852210cf54bbc,0,5,0,0,14,2,0,4,678,341.71
6345,593a7257b5d5243c4ceb75b5417fb05e8a98cc90,0,3,0,0,147,176,28,62,435,378.45
6346,a7fed2995e7c1830b2bb957162a52a864839b758,0,1,0,0,10,3,5,27,161,145.62
6347,f5f59123769a0aa71d07b22518367d35c481d711,0,1,0,0,2,0,0,0,37,87.46
6348,9b6f55bdec6d9b7c08d7cae267b2fefbf60d7afc,0,2,0,0,21,13,0,6,191,166.49
6349,a11bc78656dd4740960c0a1eb6265f910337a16b,0,1,0,0,2,1,0,1,20,118.84
6350,253ce00a64a59210b5a6bffc4999ce23921d73c5,0,1,0,0,127,28,13,42,142,172.3
6351,6f1e38cc2d037017b1fdfdca0fbcfc63f830577c,0,2,0,0,1,1,0,0,353,153.3
6352,739f3e37cc988626038a0c98642975071a8ece78,0,6,0,0,65,24,3,2,718,425.49
6353,e6f027979a3ec4221438bd2a21db8053cb3c1ad7,0,1,0,0,81,0,0,3,112,128.85
6354,3bee990ca2e46bf0fd5742c56b5d00cc0566950b,1,12,0,1,126,55,16,33,1097,1030.39
6355,ebd05ddbe1fca8c70e9790628c0cce47327e4708,0,1,0,0,11,29,3,1,194,155.56
6356,1a0262f2472450821178a4b61c0c1ecb0193f888,0,1,0,0,17,0,0,0,41,90.72
6357,1dea6b0201545c16d4b29af51ce1bb5e77fc02d2,0,2,0,0,16,0,0,0,733,184.17
6358,2096bcefd510fd1e41f0b6a172805547ed06e9d4,0,1,0,0,0,10,0,5,185,113.29
6359,4c7c5be798e2a7d1e72d086bc5011242ea0173dc,0,6,0,0,183,60,21,80,1512,580.39
6360,8f4c43db021c75a8d790f0fa2f93282952fffb71,0,1,0,0,204,89,1,5,350,408.59
6361,4dbe1e0c72763a2eeda66bee2f11487034566108,0,1,0,0,57,0,1,4,198,147.34
6362,aa811c393653e92212458ef147a675f396f53173,0,0,3,0,0,0,0,0,0,106.86
6363,a3e041848bd6410f0627dce52725811602fd579f,3,0,0,0,0,0,0,0,0,331.81
6364,c31aef689f456533c6baf96514e2bb3445ecec07,0,1,0,0,66,35,12,17,123,198.12
6365,ce3ce44a5379f7de162b059fb99641fc4e6a344a,0,1,0,0,0,0,0,0,32,75.44
6366,5012463b60e31c78a5a2af5e0ca78b64e4dc38a6,0,2,0,0,51,42,13,63,2253,484.44
6367,b14236f946337cab5f78407253bd296a6f3fbb22,0,1,0,0,0,6,13,28,141,149.42
6368,aedce5fc6ba46ca734e91190cfaaeb23ba47a846,0,10,0,1,77,20,13,16,629,677.34
6369,6ab0c301edaf16544de7f839ffcd345dadef1cf6,0,4,0,0,90,135,18,1,1637,505.99
6370,917068dcbfb9909b5f1695dc18e9a7b250264b42,0,1,0,0,22,31,2,19,294,165.94
6371,58de86bff5e9383b679d9bb48cc95ec444275ca7,0,4,0,0,114,11,4,33,293,389.26
6372,4047dd1213ed99b3d7bec253b551b4cae911990a,0,1,0,0,16,0,3,6,164,126.55
6373,9e9846e73d2e9c702c8652d9e8744de31923ef6d,0,2,0,0,220,181,17,54,1903,448.56
6374,3f0702509b3f12cfc159fc33a114bcf52ecf9fc9,0,4,3,0,44,845,18,1,34561,3670.58
6375,f45e4a556a0e617f0d6a68da45bca889b49f6159,3,4,0,0,802,0,0,0,34605,3947.15
6376,93478ab46c88d6fd198db67ed3ba25251cc30c8c,1,5,0,0,78,68,3,32,2813,830.28
6377,15235ee63be2d8f39486ff97dbbdd8ed24bb9812,0,5,0,0,772,155,16,58,528,716.12
6378,b66475c4e0b7eb39e0225bbb69a67eff6e6405f8,0,1,0,0,0,0,0,0,134,77.28
6379,def6b5fa19c27d74bc69710b4e26d74dde9dd609,0,1,0,0,0,0,0,0,134,75.47
6380,40a7e8606eed7664de07653eb962cee3fa77d72b,0,3,0,0,12,3,0,8,442,520.24
6381,6cb19216f84454c521e2b99c41b517ccdfd0bb40,0,1,0,0,1,0,0,2,63,112.04
6382,16bf51211594fada8115ca70e3731aa3d4440191,0,1,0,0,1,0,0,1,64,101.86
6383,7df3a5c99da4a352b3b8599b2965a86dec1777e5,1,20,1,0,514,784,64,248,5577,2643.44
6384,ed0026fed868dff61601a073b649ed8b9d5e6311,0,1,0,0,1,6,0,7,46,123.23
6385,116de2bee5920bc6842300a3f686d88f443b281d,0,2,0,0,0,0,0,0,91,118.63
6386,37d81b9dcb08dd8c16a560591f46481b5d316841,0,2,0,0,0,0,0,0,91,103.4
6387,86c9c00e98a1867deff3b8acc883d224b532197b,0,1,0,0,19,1,9,3,129,145.79
6388,a7cae3255cc7a8014804c7642eaefc6f35099a3e,0,2,0,0,1,4,0,1,103,152.15
6389,d306144282595be6818fa386a3fbb4aece040884,0,2,0,0,3,1,2,2,263,194.9
6390,33cf701d1d6b8112b66d02416224bb782e48b287,0,1,0,0,79,203,22,53,665,211.99
6391,ea1d1614211b01d86d440dce8fe1a60a0bc3c7c1,0,2,0,0,66,117,1,3,532,269.76
6392,4012134f6e03b61bbf5ce64cc456cf7592675d67,0,1,0,0,0,0,0,0,180,96.53
6393,9f7ab09f733659c94e918db03d72e6a860d654b4,0,9,0,0,190,115,15,24,2077,892.6
6394,e379f978b6b00f4dc7c2b37a8bda6cdc52d32b8a,1,4,0,0,235,80,27,55,733,407.31
6395,b7be1980b1b41731f27433cd80743ec76b4beab1,0,7,0,1,311,74,3,13,812,810.43
6396,a01d2d33d8180b52d038fb151dbd7c6413b34364,0,1,0,0,0,0,0,0,114,80.89
6397,2b3bcb710ceff44ffce40b0d586805a9267c896b,0,1,0,0,2,2,2,25,242,161.21
6398,f4ec535db47234a2cdcadabf5c4f98d8e85d9ee2,0,1,0,0,0,0,0,0,1507,205.57
6399,68722e7e594d228b4bf14c8cd8cbee19b50835ec,2,7,0,0,65,26,10,32,1842,725.4
6400,b2abcb7fc9afde553a071c4050ba4573122c2329,0,11,0,0,132,264,0,0,1296,1069.89
6401,6288dd9d2388e13fbaabb7bcbfc5a97bff5feb37,0,1,0,0,0,0,0,0,221,90.1
6402,4a5c282f7615cc97929d76f36fe82e190fecbb89,1,4,0,2,13,0,0,12,241,405.63
6403,01087489ed5484a2f7c5e7d55e8adb8bcf51b7a7,1,4,0,0,8,1,0,5,299,317.45
6404,311cb7783b140ef74589b6790a5fc7f09759a3bf,0,1,0,0,0,0,0,0,216,80.97
6405,bdbc61ff722db1ad7a0803ba82024345adb17f2a,0,1,0,0,41,103,12,38,600,214.26
6406,81b0acb2a9a67dd122087a00d2ec70e2b48b0a38,0,1,0,0,4,0,0,2,49,137.17
6407,1644e82f757024df8833668e54cb75e309d9f427,0,1,0,0,24,50,5,13,91,165.92
6408,35a945e2bf04437db0201c942000bdb98ef4ddef,4,11,0,1,95,8,0,2,1854,1108.75
6409,0282cd550ca119b7fab1d8c6d8ccc1054c316c03,0,2,0,0,215,26,5,6,634,301.88
6410,7d6a60ddd0e156f6028c05d97fa9179f86fe02ee,0,2,0,0,64,67,26,74,1757,357.68
6411,1937bed9035e953b4cb9099ddeb581d3bf38bca3,0,16,0,0,198,37,0,4,3093,1220.18
6412,6c0a4626249af927077bed552533eac2e3ed16a8,0,4,0,0,9,0,0,2,1074,318.27
6413,8ad70cf257c63114b65cb1c32f56caf14290579f,0,1,0,0,2,0,0,0,525,125.45
6414,8704006bfa75a78cb904e35662e4c8bafc1f2330,5,52,0,1,669,421,90,181,7021,4413.86
6415,e994805749f62afd3bfd9cc962250aeb016ddfaa,0,4,0,1,303,3,0,4,973,401.47
6416,a61cc887758487d7d7b9f8d7173a8864cca703e0,0,1,0,0,0,0,0,0,202,90.88
6417,7acd0e69dfaef9dd1ca2950038aa6feef836c097,0,1,0,0,31,18,9,28,497,184.94
6418,7af9c6ac88278d34202fea922606905b326f7811,1,1,0,0,2,0,0,1,38,163.93
6419,59b8e171e91e4d714acac5ec195f40158e2e2971,0,1,0,0,2,5,0,2,129,123.43
6420,f9b6d3dac7d60b4409f05c25e743dfbbf32a50f4,0,1,0,0,37,0,0,0,23,306.12
6421,be9eff573342cd4993eb4fc8ee694dc885e8a8e4,0,9,0,0,536,1121,82,235,5242,1412.97
6422,2248780eae46d98be8a9414d3e833fb6c16c7137,0,1,0,0,3,0,0,1,125,103.5
6423,52dc63b6c75ca3f68e4c90dc76f8e1cc65690fb5,0,14,0,2,497,245,40,98,1634,1193.54
6424,e194fe9d8ca01718277ec316e2d19b5c75e387cd,0,14,0,0,0,0,0,0,2131,579.49
6425,2b1e6aba405002ce86d5badf4223de9751bf867d,0,1,0,0,2,2,2,25,242,161.08
6426,0088e5f1e85bd344cbbc7f7ab2200b238fc855c4,0,1,0,1,1,0,0,0,54,144.62
6427,66772b7ab5396f373a77c8f9a02e14aad5669065,0,1,0,0,0,0,0,0,55,64.22
6428,6eea3ea395957d1e799952de3423cc29fd469e3e,0,5,0,0,31,13,1,2,1465,521.01
6429,e4eba2538255fdc23cad59642be69c8b27f04218,0,10,1,0,94,97,5,9,860,694.72
6430,f970de55746dd074843d8cfd5385b12acda56ee9,0,1,0,0,1,0,0,0,189,110.35
6431,0d24b1a802f67641b534cf2a407342f6129862ef,0,1,0,0,10,1,8,9,189,150.97
6432,4362e71e55295067fd8de3a3206e0ff179bfcaf9,0,1,0,0,38,87,10,29,603,206.59
6433,744db701467e42cf19f9251d942fd9e3a4af2dd0,0,1,0,0,15,34,0,0,133,115.29
6434,dc35dc92214b1886550e949b199927eb0cb3c396,0,1,0,0,20,2,0,4,79,123.23
6435,20257310ba16da954609481ef9b0a6d53f548e8a,0,1,0,0,0,0,0,3,99,84.18
6436,9b10928c159317160fb3049727679a48232b6041,0,2,0,0,13,0,7,7,125,201.65
6437,7f383006f575577b64f61013d3bbee7570e0a7a0,0,1,0,0,1,1,11,13,735,193.9
6438,5a571c6291678d7f92c120d1f9b366374e51c07d,0,1,0,0,18,18,29,49,187,154.68
6439,d85bf4a02ea5e36ada901d2c60f9da029975e341,0,1,0,0,17,23,27,49,182,160.86
6440,f3ca3686d669c6423384dc8be2b896b1d252f851,0,1,0,0,16,12,21,42,187,348.86
6441,3adfd1575cc3cf81397a7d148d5b2ed768b67014,2,19,0,0,164,94,21,27,2010,1377.01
6442,2385dc2d912391190d4f834bd43f6c1fdf368e4d,2,6,2,0,68,94,0,7,936,639.78
6443,248ea0b3459eed6283418c63c467f5bf4e487206,0,1,0,0,6,0,0,2,732,182.17
6444,2beb66e87e9a8115ab81f3274be0f29f4257641a,0,1,0,0,4,0,0,0,22,91.87
6445,3e4ed96663ed784e4cb1df17d4a9a7b2eff9e60b,0,2,0,0,11,30,1,8,273,177.49
6446,91187b542eb41ad137f1897a9c3f6c08239bf09d,1,10,0,1,76,68,9,38,1987,798.73
6447,eaeabffc8e0153922fda9b3d5f79abfd8dc1c119,0,3,0,0,160,118,33,89,1239,407.88
6448,f1662b1479c64213c06ac921631f7e1186619698,0,1,0,0,36,12,1,10,246,150.68
6449,1de8e39ed5a00795ea16111931ca081024b4f325,0,13,0,0,224,70,0,5,1996,1036.64
6450,7d0676215ea1f834f9475f18f5853d80b261e29d,0,1,0,0,103,41,12,38,600,207.96
6451,f55a4f451227564d01bda77620a28d848a219f16,0,5,0,0,95,0,3,3,209,299.17
6452,48c25ba2e6595331191b8bdb7787bf8a593d8607,0,1,0,0,0,6,0,0,70,105.41
6453,1352ebd61d2b0949baa9cfb6132985cbfcb58fca,2,0,0,0,0,0,0,0,0,206.12
6454,b6a31fb5b9f955a159752a09014a13c776fe3e1f,0,2,0,0,587,238,8,25,897,428.34
6455,06e742fc7ff531de4d3a6d17ec916a519182b671,0,1,0,0,0,0,0,0,1245,222.32
6456,842f1509d46bf068abca1e064f23454892347e60,0,8,0,0,62,33,5,47,773,643.07
6457,23d7a558ee824a22d382e1b645814638a2cd2985,0,2,0,0,410,301,31,110,2352,535.24
6458,8fcb620d95e913d58a8bf072be8b8a7f6630497e,0,1,0,0,21,45,2,18,297,164.18
6459,6250065089b80d02d54908212d2b5f45037720f2,0,1,0,0,323,164,5,46,976,287.34
6460,b9a89a3accbf804807ef2887b37e50e7b89f0044,0,1,0,0,0,0,0,0,1299,369.12
6461,99da210229b9ddab8ce46d0664c46fe92282c6e3,0,5,0,5,13,3,3,7,686,754.53
6462,304eae3b799759d334fcc50cbc3439608e1a2647,0,1,0,0,13,5,0,3,36,116.66
6463,be3e3895863211fa79556170be1a584db71f8543,1,1,0,0,2,37,0,0,297,199.84
6464,16b02887df63ab7c4c6ced6c28225928fbe05451,0,6,0,0,93,50,5,7,2512,713.04
6465,4df4f79c563232285137ab2d506836de4e4efa1d,1,21,0,0,285,32,0,1,1995,1471.87
6466,0022e153fa4915c0fbf83b7479b54f0809c5a272,0,2,0,0,7,2,2,3,104,165.51
6467,07bb8f98e07f10308d65c264fe29f8c5ee8d4f4f,1,4,0,0,9,1,0,3,947,399.22
6468,96677ca1252cea37cfb8f1aa51f40b095e060d3b,0,2,0,0,3,12,6,30,2292,430.59
6469,514dcd944c400a8a540962f54e16561d56496425,0,2,0,0,9,11,0,11,516,220.09
6470,f32cff8e1fb69317219ffaee81b5861a54b83a1b,3,3,0,0,47,18,0,23,1336,574.01
6471,4a61ca6878c0895486fe84c075708da0514a2a5e,0,3,0,0,138,144,13,35,1500,418.18
6472,76cbddebc7c8cd8bc944c0631cce326da9396a90,0,1,0,0,0,0,0,0,208,84.9
6473,706b3b80453de38fb5518bba447cffef9eef164f,0,1,0,0,3,0,0,0,209,98.43
6474,675a0f4713f3b25edcb6b8108ed4dc879fa0ec53,0,8,0,0,78,22,16,18,880,594.85
6475,8e4a6b7e5c86a0ef97f743113674819fbb6add15,0,1,0,0,0,0,0,0,222,87.03
6476,44c7bdec9ad2085db1c99230e49adfbd8eb2e0c9,0,1,0,0,4,0,0,2,490,149.39
6477,8462377f3e094559906c26dfecb54b6c74c8a740,0,1,0,0,0,0,0,13,880,148.4
6478,26bd5124efbc08a657e703b3f9776d9fd6ba6c22,0,1,0,0,2,2,5,8,79,137.6
6479,99a84bcafa215ae99b84b28a916764bb48512161,0,4,0,0,10,2,2,2,482,347.45
6480,446e2537895c15b404a74107069a12f3fc404b15,0,7,11,0,432,303,3,1,423,11130.51
6481,79a9d437442c37b1cf49700ce1d618d25cab8a52,0,2,0,0,10,12,2,11,1943,372.21
6482,17dd4ccc785426d756949f00001b78dc8b76ea66,7,20,7,0,101,85,6,20,2740,2174.38
6483,cab33a60957525854238c61f9360ba58d04d318b,0,1,0,0,7,0,1,4,2051,332.45
6484,d1dd3ce721dcc0a5175740e6510361595a16328e,0,2,0,1,4,1,0,0,119,267.41
6485,89afc956d8b6281ca29de8df3f7949574c6b34f5,0,1,0,0,0,0,0,0,369,90.53
6486,622e001c93c311afbdf9239db477738077b031a2,0,1,0,0,0,0,0,0,128,77.01
6487,c08aaabd95d4872593c29807de6ec1485cefa7fa,2,8,1,1,107,49,1,11,1519,943.12
6488,b1abcd048e3780f11256e455e6024dcf05887f71,0,1,0,0,0,0,0,0,177,72.36
6489,8c19fd638da7d5525e85d0cce41aa86e02798108,1,4,1,0,24,22,0,0,168,299.29
6490,452d6a445a6935d3e7d0e0fdf59e87d2a2ff95e7,0,4,0,0,170,412,56,129,1118,743.74
6491,17d43fa55eca29be492a716f04d9ceff1989762d,0,1,0,0,0,2,5,14,194,124.35
6492,1491a40b7b4ea2723bcf22d870ee514b47ea901b,2,10,0,0,145,55,0,2,1227,831.63
6493,ec52e77ecde749e7c5a483b26cbd8041f2a5a33c,0,3,0,0,465,771,31,133,1426,550.62
6494,5ea5949f9870c2d1fbd8176c16b11daf12c74ea7,0,1,0,0,0,0,0,0,194,85.17
6495,5786b3204d6da352124338c0130451e27dd056b0,1,3,0,2,59,68,1,7,458,502.45
6496,ad8047abdf5db6652b9586e039debb1e855db09a,1,1,2,0,22,16,3,3,164,233.17
6497,4c4c4327a2f7653b27dd89a9a1f1ae024d7c76be,0,1,0,0,0,0,0,0,128,73.29
6498,94be12c6fdfe48f042f63c1b5985ec59f772f005,0,6,0,0,6,9,0,1,2439,610.39
6499,a13399279b4e863779af938fb4f7da9abc4755d2,0,1,0,0,0,0,0,0,321,122.51
6500,42ea6e1f3751845bd0d1326ab789a53a20783a53,0,1,0,0,411,138,29,68,567,455.29
6501,f778c1f88f4deb075b383f3a8b24ef279585bd32,0,1,0,0,0,10,0,0,32,98.39
6502,2deb68ede4b1eaf45eddaeb15e3af704daa1bbff,0,1,0,1,2,0,0,2,28,162.0
6503,3504a50bb4bd93edeb2941dccd9444d53a85a1ed,0,6,0,1,91,257,2,11,2083,660.55
6504,d6312c5f4d6b1dbc16518becef1b7a785cea73b3,0,4,0,0,25,3,1,6,2100,589.94
6505,affb10ce3a477c5630dd672af6e7b21ce9079761,0,2,0,0,3,8,25,49,392,265.87
6506,d6d32d26ffd9aa17aa991c8c003e53632e5ba1c0,1,6,0,0,68,57,6,91,3422,809.23
6507,9a3fa887cfa03c082f249d1d4003d87c14ba5d24,5,15,0,2,124,8,7,32,4479,1856.05
6508,3caf0e02970b8da90d154d81d769662057d7c772,0,2,0,0,363,187,11,66,1112,419.28
6509,c8d3cc1493a0ca47fa34e88d9a113440611dce3b,3,2,0,0,5,0,1,5,256,414.65
6510,cb062839ff2480dd868a82ec37e54d502e82fc0d,0,8,0,1,66,208,13,24,654,1100.47
6511,7392fb96dbe4d1d9d70a691b721c1bb7b359dd78,0,1,0,0,0,0,0,0,128,76.18
6512,f797bfa4da53315b49f8d97b784047f33ba1bf5f,29,15,16,0,597,666,36,172,5720,8974.56
6513,a384faaa8aa2c5f0f313011a30ef64e7e795ab1e,2,2,0,0,0,3,0,5,488,305.56
6514,fe65707f09dd2c17cc6339407c689b42ac487256,0,4,0,0,37,26,0,4,1688,419.03
6515,a7f41345ac71826574d09d56ebd402d0ddc3ea3f,0,14,0,0,332,125,20,54,1792,1074.83
6516,c233270643d0a887dc84ae90573176eb52f8ca93,0,2,0,0,12,30,0,2,211,182.02
6517,353d4a052c866cb230e06e69e99d9c5c8c8d955c,0,5,0,0,113,81,4,18,787,502.64
6518,bd4a9d18e1317dcb8542bd4adc5a9f99b108d6c6,3,0,0,0,0,0,0,0,0,258.56
6519,ad8cad7c4d05fd5dea68fb274c81a102533ebe36,1,60,0,10,1402,3497,243,480,10536,8027.34
6520,6d29ed0662cec6fef2e920ac83b8d075ea47a31e,0,8,0,0,17,3,22,35,1147,1771.25
6521,492c65a677c02727c6186be801eb81763b7a312d,0,3,0,0,91,53,16,41,1104,1454.05
6522,921eb7e8065221be586f63c64f9b1de582136ca5,0,3,0,0,60,79,16,42,1140,437.73
6523,fae9d3beac5b64bb9d16a412c4db1734f838b631,0,3,0,0,135,153,15,54,1014,665.93
6524,c1e7643aa6c1a02e79104e86dfe1c4fee22bd0a8,0,1,0,0,3,0,0,2,316,192.98
6525,35668435090eb47cf8c5e704243510b6cee35a7b,2,23,1,3,380,367,4,43,4587,3436.83
6526,b6dd6b48dba7baa82bed9a7b8514e18bd8b3b942,0,2,0,0,0,32,1,0,348,166.48
6527,2f2b58da22e610cfcd7b994938a9a717cbda1bdc,1,9,1,1,10,21,0,7,1885,861.66
6528,478ef57ad98ea05c2b83a4fb326026e4bd9d2cb2,0,1,0,0,13,0,0,0,21,108.25
6529,6e1033bc964227566e952b3b68604a6b74a984a6,1,24,0,1,154,129,7,66,5925,2264.79
6530,31e3f612b113a76ca8c04a3a86aa6df3915ad055,2,91,2,8,853,800,132,142,14868,7209.2
6531,1ecccede7d9252dd4eacdc31da6b5120d0fded9c,0,5,0,0,347,289,29,163,3256,952.1
6532,7813dee0cf7f9aa8107aba92b40b7caee79f3528,1,9,0,5,262,323,20,32,1063,1246.86
6533,a89597da137ad55a5a1b5268ff414c3c1effce10,1,41,1,0,455,302,43,98,10462,2848.57
6534,3623ea437ee4b22f450a25e670cffe6c00001cb0,0,2,0,0,113,106,1,1,1371,321.47
6535,22590c72a52eb1704b266a5713320532a8646cf1,0,1,0,0,15,3,5,0,825,259.67
6536,6092b01e329246fc524400aaced63c82d55e017a,0,1,0,0,91,9,2,3,116,179.41
6537,b757db1484473b264bf25ca5541f080d54a579a2,0,8,0,2,491,173,17,28,1933,1068.46
6538,07d38b03aed48d733faa06f16eb69954322f10fc,0,1,0,0,228,272,9,33,781,301.56
6539,ee6fb19eebd03fb0da019fd7b28574a920e60ad4,0,1,0,0,0,0,0,0,113,78.88
6540,16044a6f4c19a899172efc8b2d0ac3e4723d4c88,2,11,1,3,437,648,21,35,2420,1952.56
6541,f708c1e41676fab2bfd4ea65172b0e1910890bcf,0,2,0,0,0,0,0,0,95,111.95
6542,98ac45a8a43566311bb760f1275f2a7b2bbe0766,0,1,0,0,14,12,0,1,277,145.29
6543,2595e74f68a019f116d2dabaf1febc95d1ca5d38,0,8,0,0,350,227,34,137,2178,1114.08
6544,b7ae07e5c3e4e87c374ee580890c9a00c113f320,1,9,0,0,256,156,60,183,2594,1159.62
6545,557bbbccb0eddc9f2ba6431b023b3ded253de056,9,48,0,16,2214,1868,89,171,6868,6297.51
6546,23fd75f27c40462636f09920719b5dcbef5b8f36,0,13,0,0,297,131,6,24,1536,1025.13
6547,ec320e8a1dd01b547d2e2cb3f0d1b994e814bda0,0,5,0,0,72,49,15,56,2234,604.91
6548,aa8a7b5576417c0469417eace131f270afc29923,0,1,0,0,2,0,4,7,550,170.07
6549,d97695b0fe00a461e8e0b2966cf88a0fe3f7b559,0,3,0,0,0,0,0,0,585,173.94
6550,6f0c12f3a4668a5dcae162969843f02498ee7e6d,1,10,0,2,179,172,15,32,1775,1231.23
6551,87c6daf6e3d64b532bcdca09f6de22c3b6f56bf7,1,2,0,2,15,0,0,0,645,555.11
6552,0f5dd225de6ae995ddbc6d8d099260ed6eabd501,0,4,0,0,152,43,22,63,1116,588.09
6553,177e0dcbe43f494f458e11adf0fd3ec413627772,0,3,0,1,6,108,0,0,99,277.67
6554,4cd5b8ef65a47555ac79e62e5be6065c94350ce5,0,3,0,3,13,0,0,1,615,663.57
6555,1f9d74c91318e974f70b2456969d4c75ce2dbfb9,1,1,0,0,0,0,0,0,68,266.99
6556,8c22b4a81f6a8d6dabdca9745ac559302604571a,0,8,2,0,7,37,3,4,1446,663.82
6557,a55fd76ddd96e3ed2d967910f0572804fcfacc2f,0,1,0,0,5,0,0,1,89,123.98
6558,9d44186ee3d95ae5e75ce5fa88961dadf5a03016,0,2,0,0,42,0,0,4,204,176.15
6559,53a177a9150586e56408f25c959f75110a2997e7,9,22,4,5,541,323,45,149,6295,3348.61
6560,a827a37171b14ec1446196733eb941e7da42a96a,0,1,0,0,0,0,0,0,419,308.85
6561,c734cb8b60c9bc96303d0cf5b77a7eabec5a49e4,0,4,0,0,164,277,1,13,1418,596.62
6562,fc202a756e666aff36811d995bb95956a1daeff8,0,3,0,0,241,203,0,41,1036,428.43
6563,3b7934f1aa20d2210866afd9b88472e9cb1aed8d,0,4,0,0,143,102,7,69,408,434.7
6564,4c12f1961b1a84f37c3eab8fc83a8640693d5665,0,6,0,1,0,37,4,21,2205,631.92
6565,e338d2fa8ba1eeb085290612559ab6782fecdd1d,0,2,0,0,36,16,10,5,599,376.71
6566,a59be2693e33e899264bc29b37b669d4bb645a74,0,11,0,5,98,67,4,19,2336,1467.81
6567,54470a25f3c3c9ce6cb600c798ddcfe5e3962768,0,2,0,0,328,474,36,123,2335,593.43
6568,b16d8c9caa8afa0c03cd6e4077d272b0c575404b,0,4,0,0,63,117,4,14,175,526.17
6569,5250d7ffd2df9e75219ce5a544ae0209ba3446a4,6,24,3,5,958,605,20,45,3454,3335.26
6570,4cea221f957fe6f35237895550d65c7d402d2cee,0,1,0,0,0,4,0,0,263,132.09
6571,07103ddb7211efce8150fc91d2449cc0adbcef11,1,0,0,0,0,0,0,0,0,148.04
6572,1d54fc339722400b05cc256b21a244c860b9a1bf,0,1,0,0,0,0,0,0,29,92.04
6573,376e552c42e3120638249369029bfa2b9398395c,0,1,0,0,7,0,0,0,16,102.22
6574,43c3ab44573dee5fd099895146f4a008b54901f6,0,1,0,0,0,10,0,0,744,183.06
6575,ba9a69ea21b6cf2e70408ba62522a4a58b695e3f,0,1,0,0,8,15,0,0,696,187.84
6576,c29001b94df769fe428f414c042daffbb6dd209d,1,2,0,0,3,14,0,1,503,353.11
6577,9ff5d44c4286a8fdb433e4b580d3f6129745b93b,0,1,0,0,0,0,0,0,57,73.63
6578,4fcd7d4d366d001cf5f1f7d926c608c902e3f0af,1,1,0,0,0,32,0,0,34,157.94
6579,b087897efff811950afd38bd88c08806e2933c38,0,2,0,0,2,0,0,0,81,153.38
6580,40f4daa36769d4aba4f1d7aa291546b44cad8f77,1,2,0,0,13,2,0,0,70,469.68
6581,0bd5170c4ff55c9f3307602de031d77883731883,1,38,1,9,677,1314,112,245,8172,3960.22
6582,2b99b5d3542f8695e419e851c2f07758ef46373d,0,6,0,0,90,34,0,5,799,576.42
6583,f60e4ad4298725dac57c36da8427d992be19eb8a,0,1,0,0,12,0,4,8,206,151.61
6584,8d7c608bac9440911f4803db04f306f0616f2a22,0,13,0,0,133,112,3,19,3598,1196.81
6585,dc8523819ff549acd0c902dc1d118cc404718003,0,14,0,3,153,123,5,14,3136,1404.92
6586,1b5fa8ce3cbd238b0e735ed067eb95c83b67f262,0,6,0,1,66,15,0,6,2577,833.2
6587,fa7103ffddd85ab38092c2aa01971d88f5c5ef3f,0,2,0,0,49,0,0,3,306,218.97
6588,506068b181075281f160fde5fd7ffecf45177b2d,0,1,0,0,7,52,5,4,390,184.09
6589,e651fdd5f6bb5fee89dbfcb203a47c6a6dc79872,0,2,0,0,10,0,2,2,205,186.64
6590,6249a3b1e6f9f758cbdbd79ffc775e10874b3a56,0,5,0,0,111,62,4,6,1084,467.0
6591,b87103befe6af24698a12c530cf7aa5df932bd39,0,1,0,0,398,115,14,17,936,318.25
6592,5e89136d100f92384914c281cbe57b25fa1f3cbb,0,2,0,0,8,0,1,4,255,178.43
6593,9ddce25ff79efae6edd42c1f2f4c78deba19b4e7,0,2,0,1,9,38,6,15,289,330.44
6594,29687a8bb93a1df637e0ef32d3784e338afeecd9,0,12,0,1,146,189,15,26,1598,1066.75
6595,07b89d45198cc336e2adebdd554c964b0c08e605,0,3,0,1,15,2,3,5,441,439.89
6596,f713be4aa2c80c1a72927a74c19c3adfafb55994,0,5,0,2,11,14,2,27,1852,740.56
6597,2cd18ef5a01a06d90e13e61971e5601c7de61e7c,0,1,0,0,6,0,1,9,42,160.5
6598,2d55c1e8465015fd18cc71a1228489aaf5c6eea8,0,2,0,0,32,21,1,1,506,244.95
6599,639d4b240c084900b6589222a0984babfc1890b1,1,37,1,12,624,614,35,79,7195,3930.79
6600,16576390351abe987c236825523608ce79e6e91a,0,1,0,0,1192,27,3,1,75,21663.03
6601,1c80b04be1d47d03bbde888cea960f5ff8a95d58,0,2,0,2,6,7,2,1,264,389.3
6602,15265689f529f05fd3f4065b3f098864de686edb,0,1,0,0,2,1,0,0,46,106.85
6603,eae3b02649789f1993147d5580a7b20794212319,0,3,0,0,0,0,0,0,740,187.35
6604,5790b4a44ba85e7e8ece64613d9e6a1b737a6cde,6,11,2,0,439,317,33,140,2843,1856.36
6605,7a6c3272e3bb6b69ec55bb362ddad5978b4fb35f,0,1,0,0,0,0,0,0,12,80.26
6606,573a1d115b86abbe3fb53ff930464d7d8fd95600,1,3,0,0,116,84,9,19,411,476.38
6607,9ed0f30a4df488e644cb048d39e31e7ae8c23c5b,1,3,0,0,14,7,1,2,520,312.73
6608,6f0c7d9f451c653f3a728bd8ee597fc32bd48d2c,1,3,0,0,72,80,1,5,454,392.47
6609,8f70bb2f5d820079134cdef570d3c16083bc8c91,0,3,0,0,141,182,22,69,957,404.55
6610,dce303bcb5748d302448769177a245a30ec3cc19,0,5,0,1,39,73,1,15,829,577.12
6611,ce63ccc842dc6e7129765391c611402eb02a3a23,7,41,5,7,884,740,55,122,5269,4956.5
6612,ace28c9283358da75538c4e2250f8437efb7168f,1,3,0,1,12,76,1,6,895,533.13
6613,9dbf32cd824002b678b03afde8c441a85418a943,0,4,0,0,155,247,32,88,1153,515.18
6614,de420e50e819343fa1a5336324f7309870e52175,0,1,0,0,29,4,0,1,47,124.25
6615,3879bfd1ebe41c3e503928cb74fc58b56f62183e,0,2,0,0,3,0,0,0,360,141.41
6616,59a28615c4f7e746b4dce09f907e875bcd761f65,0,11,0,0,92,21,8,22,2338,1427.79
6617,85c6b2edb82bdc797a47c29a1d4af0ad2739e0f5,0,1,0,0,166,14,1,0,18,176.33
6618,eca7cbb2e20858625c39cf0f9a5a76c6cc905dc0,0,1,0,0,6,0,1,1,144,137.76
6619,878d6164278257fae05adba7402d849b7735162e,0,2,0,0,310,773,34,101,1544,458.02
6620,5726625a5c7cf47a67509540f7146d05b668bc20,3,41,0,2,917,2157,65,240,7951,4602.56
6621,e51f83b60edf1f9ee12ef6a3083d3acbf85805f7,4,57,2,6,1436,727,90,198,10680,5218.85
6622,fb34b7950483abc5a15c09e802852183699c0ecb,0,2,0,0,1,0,0,1,158,150.18
6623,5f4cc45cdb9c4da3bd78c1714738dd39b4768ace,0,1,0,0,9,0,0,0,49,115.25
6624,2fea59d5e37abba93280dd9231d6dd9fcd9fff96,0,11,0,0,94,231,3,28,2340,902.55
6625,fe388d40c0b019c55c63c914ef5708f245af6cdd,0,13,0,1,1158,559,27,83,3212,2204.13
6626,3bdcaa336a6e6a9727c333b433bb9f5d3afc0fb1,17,36,0,1,623,372,62,247,13148,6356.07
6627,b93f05d7d1490c6146576a35f5a572d9d0e72399,0,1,0,0,0,0,0,0,678,181.0
6628,ce3d9af33102eb36dd03e04d022725a551d3c039,0,1,0,0,0,0,0,0,678,160.36
6629,24d185d72bfa3052a0b10089534e30165afc169e,1,36,17,0,26,419,28,96,13352,3732.64
6630,f0be8904dfc18b01e65a33945cd163df22190c69,0,1,0,0,74,0,0,0,604,191.63
6631,b5045356dcd0cd87398057ebcf84bab42c2e5d6f,0,1,0,0,0,2,0,0,676,187.59
6632,0a4728f62b51095706bf7155e8f60b39ec5fa082,0,2,0,0,4,0,2,1,312,270.68
6633,b44a773b916074d345348923eac0f5c6274b69ca,0,1,0,0,0,0,0,0,119,75.07
6634,16bc74a679e50aa127c45e3e37dbe50ea0680ea8,0,1,0,0,8,0,0,0,168,99.03
6635,f9947ff6ac02f0a487fa109f62d033959e90806b,0,1,0,0,47,0,0,2,408,163.77
6636,d645bfd464fcae3e8aef59a08f5eb6c7846ac11c,0,1,0,0,0,0,0,0,455,115.86
6637,df3b6027bc90c658963e7bf72933b1507c6c6beb,0,4,0,0,39,11,2,9,1535,471.47
6638,d12d2d496540c698f30e9b528b66e8f6636842d3,2,4,2,0,93,67,7,15,682,689.58
6639,fce8478ff43232d7e3623e457b1252f9700b451d,2,3,0,0,36,56,3,0,513,504.72
6640,37160e109ede17c8cbffd553fcb24efa8d43b141,8,2,0,0,18,3,0,0,940,1019.21
6641,47341eb6aaca318d0ffc0e9f906b98db50b9e9ff,8,2,0,0,3,5,0,0,953,648.33
6642,765ab3fc3b9f4e891c257f36f117ddf4232da6be,8,2,0,0,11,3,0,0,953,671.82
6643,1774eb9a8632fc68ec5e4ea0fd4ce237b74d0f51,18,2,0,0,15,0,4,17,419,1769.38
6644,762db474273f764b189d3613fce33943cd64701b,0,7,0,0,214,120,6,16,2984,967.03
6645,6aa7d6ce89f155b72111bffce54e9bee66080b03,0,6,0,1,100,16,5,21,2717,964.19
6646,e2c6341898fa43b0e262ef031f267587050b8d0f,4,45,0,3,1148,359,60,292,9546,45008.04
6647,8f9ca07e9a0140d93224bf941fa4f6315e5093cf,0,1,0,0,276,368,28,83,1823,519.96
6648,313d9c9b530d03ff750220f275e4691c2af6ce3c,0,2,0,1,23,43,0,10,281,487.69
6649,ecb2b4b0473c019d1132c89887734792c75e0895,0,2,0,0,0,0,0,0,304,134.99
6650,b724d1ea5139140935b56fd8397d85419ed85408,1,1,0,0,0,0,0,0,204,247.31
6651,e37d577b6cfc2d3e11252cef87ab9ebba72e1d52,0,5,0,0,33,95,14,43,1349,925.8
6652,72f5fbd23665f527305d6e32280acec209e749ff,0,2,8,0,0,7,0,0,957,626.61
6653,0be8cb665248982ea9a1f773d845cea926dd683f,0,2,0,2,3,3,0,0,372,409.63
6654,1a2c1bcdc7267abec9b19d77726aedbb045d79a8,0,1,0,0,99,19,0,0,0,228.81
6655,98a08ebcf11a5124ddf865b5337c781a11377588,0,2,0,0,6,20,3,5,71,385.76
6656,489a9e8fa91ab6680b2a3857ed4e97f7cf2677ba,2,23,0,2,129,273,7,20,6338,3646.31
6657,64e93a76d8065e2cadeffbc04d28c995dcc9bc0c,0,6,0,0,108,262,16,49,2562,1391.4
6658,c9587cd2bd1ac60d8cd8552592ac16f9c7ddd3b2,0,1,0,0,48,17,5,30,198,404.55
6659,5aca7d79aaf88f9c34dcae52f24bb62a28add91e,0,6,0,0,1321,475,24,73,1631,1851.16
6660,6aa83990530dbfe5e8a2c3a194c4dcbb3ffd4b59,0,4,0,0,64,49,2,3,108,4003.77
6661,028df729b7bc0f63359990d9cc7ebb7d653232d5,0,1,0,0,0,3,0,0,121,127.09
6662,bd7d1198ac1e02785e912c7cfbb504ddaab6bb93,0,2,0,0,118,67,0,9,134,530.27
6663,90e0013126e4875d696891c67d1b22fdb2b8ba7a,0,1,0,0,0,0,0,0,499,138.32
6664,f512995e09bf2364c0a9d7c22e34e30c231a5836,0,2,0,2,6,0,0,0,94,769.03
6665,f54580d0715a9189ba1658ad036e7d19cecdc3c8,0,2,0,0,0,0,0,0,100,88.74
6666,e1bb79260a9bdf478895724ea180cf0c2efb37ff,0,2,0,0,99,155,0,0,149,1812.62
6667,f8ccb39ec4884023693925b3982d23a864a8d717,0,2,0,0,0,6,0,0,94,254.87
6668,e9b975c279578fe2d6f25368fe2839e1d0572371,0,1,0,0,0,21,0,2,1352,343.79
6669,ef5962442e7e00646ed5e67486f2cfee504ce961,0,2,2,0,0,0,0,0,957,193.79
6670,0dd50a6cdc81ec9ff1367238876d476affcf60e2,2,23,0,2,88,248,17,98,2980,3998.42
6671,07a7e80c321b6667cc44a236f999c7837fe48e20,0,3,0,0,362,377,11,57,1143,1234.57
6672,9ed2727739c73d64086d09a86a407a77390f081a,2,49,0,2,397,765,38,122,7099,5840.49
6673,2a656e6bd5e1f5ac8161b65a211dd8bed74b7def,0,2,0,0,1,1,0,0,198,159.23
6674,ed4fad19ecd9b02892623ffd538c0c45dcdc5a56,0,1,0,0,1,0,0,0,72,151.29
6675,028e7cb5afb633cfb5197b7d29224b67b083b670,1,1,0,0,45,4,7,2,70,327.79
6676,3be99eeaa3546fecaf474d848eecca6aa0254a22,0,1,0,0,0,0,0,0,1187,198.27
6677,4d1b8b418609bd2c431a0ea905a667ddaaa50bbe,0,1,0,0,0,0,0,0,437,110.17
6678,2fcfc7c58aafb59b51580a7fdef5f849f38dc637,0,2,0,2,30,0,0,1,700,477.09
6679,1a9286c07a5c168df677da9d6be7178d087ea005,0,5,0,3,25,11,0,9,857,765.48
6680,de84a5c770ac1a429152dd79f0895b27aa544368,0,6,0,3,948,334,45,26,1481,3606.28
6681,06c130e3cb85577041b475084400c08c505d8f9e,2,39,1,1,938,1106,43,114,9929,12633.15
6682,c645b1193444fdfae7ded2ce01bddc0de2813429,0,2,0,2,56,75,0,0,232,559.24
6683,76ca69717c3072996095057115133ca3b6ca25cd,0,3,0,0,45,18,2,7,658,714.77
6684,dea15092e5470b72786868d23413290068644c21,0,1,0,0,0,0,0,0,218,133.27
6685,67269f6992737f206e1257a83d33f7d7217cadbd,0,1,0,0,2,0,0,1,75,486.01
6686,fec40fd43b9a1fd694a88ff5186ff614a28ef895,0,2,0,0,26,30,0,4,562,285.13
6687,f8f6fd2d7e51be7d0450d3a264136d1d93454203,0,13,0,0,187,141,25,53,2467,1491.83
6688,4623aa66fec4187fd870705b288e4cf695153fa3,0,1,0,0,0,0,0,0,192,85.33
6689,5c88651a41c55b2ee2c3b387e92b1864386df46c,0,1,0,0,21,28,5,7,84,159.11
6690,e769324220ccfb2e48063d639e378a8a34814651,0,1,0,0,324,291,12,50,764,303.99
6691,1fc31216cbf2fc4b2fa687cca20c59eb3c4246e3,0,6,0,3,52,19,11,33,1924,819.58
6692,9a6ee93f63301d03ff1d20032e6d80f806a14d5d,0,6,0,1,107,83,3,6,602,541.45
6693,ab1433600ffa4abffb8f23f9c509879a99e6253c,0,1,0,0,0,2,4,0,103,127.34
6694,2d8ccf077e0143ed2d25f244b53be54d215f7c42,0,1,0,0,76,14,4,0,144,151.41
6695,a3fc425dff25c42a49af38e87aa33501d4224195,0,5,0,0,105,28,5,16,565,437.04
6696,d96d1758813c2800cee53b990463f3dc5d9565ad,0,2,0,0,19,14,6,9,2174,438.53
6697,17042f19b084d93bd3bcc35c7282812f456b7640,0,3,0,0,27,37,14,8,343,311.4
6698,5ebf2b0ee065ee0918aef2a21e5582f779d8c2aa,0,1,0,0,26,49,0,0,30,106.94
6699,d2da7606abebd98b11f8b7ec692aa7dcf5388151,0,1,0,0,0,0,0,0,56,62.48
6700,0d74c3ebf76f4f7875f2a2e5dd25a7a1c1edfc0a,0,21,0,0,85,167,11,41,4528,1706.31
6701,00bcccc8c9f0c2819c162a49367d5072b0c49de5,0,2,0,0,0,0,0,0,733,162.12
6702,4c6411f083b9448114a0ba349fc02e60299f6541,0,1,0,0,23,5,8,32,203,172.14
6703,6d9fa3755daf6b21b1a7b2043730bcd9fb2643c4,0,1,0,0,0,0,0,0,473,144.77
6704,5241160652a1b24ee0a20eb3dcd7b76282087c02,0,1,0,0,0,0,0,0,141,81.82
6705,ff6e3e7842cbe869ec5134909ba17c69fbac2b8d,0,1,0,0,0,0,0,0,456,99.16
6706,0d7b232bdb406c2a49784f175ea4c8ab9e245cef,0,1,0,0,0,0,0,1,723,161.98
6707,be45eb6bea4a0419dd058e1787a482263b2ff198,0,6,0,1,40,8,2,3,1615,610.52
6708,f60322a7171d7be10a16f282f9437e695eda89fa,0,1,0,0,12,14,0,1,245,145.56
6709,db782362aaf25214a94c393b20cdbade829c5291,0,4,0,0,42,27,2,4,1459,476.5
6710,f009272ba6ffb94579a443733f5cfe25ec9606fa,0,7,0,1,105,14,5,19,847,712.07
6711,7a85c8b8fbf753858c4334c4249475e6bb1a24e4,0,2,0,0,56,29,1,1,300,242.87
6712,4cc2b67df369bc3e9587b9e4864b8058ca78cdf7,0,3,0,1,33,3,4,29,1140,388.55
6713,c997c08c47b049f4278a08b2d0ad9329fdf4a455,0,1,0,0,0,0,0,0,74,86.01
6714,4fc58513dce5ee6acb83ba07d9f31c26812075f9,0,4,0,0,101,22,2,5,827,422.28
6715,941a5dd8a1ca9b759e2091ca151bb339bc947c58,0,1,0,0,4,11,6,3,208,166.32
6716,ab6287612e8c7d8b944d3833ca90bd8b887b9709,0,1,0,0,7,1,0,7,169,138.36
6717,dd19a7fcfdfcb9270dc517313012e97d1e24710c,0,1,0,0,3,2,0,2,224,136.95
6718,9658ee9fac43b6fd3b7726b7b49eb0046add8873,1,4,0,0,64,4,2,7,2281,586.92
6719,0790e48191f5cbe040a286881fbfb9e6de375303,0,9,0,0,44,46,1,7,2954,921.34
6720,70819bf77c5a52921f3686eb7db1adeb1e6d0609,0,5,0,0,23,3,4,9,504,736.26
6721,9c02625292ec36519824a5ce4ef2af94db84ecd3,0,0,0,0,0,0,0,0,0,86.64
6722,707b2da11c9f3e16a62bb9e6271c02253e8a2c04,0,1,0,0,1,0,2,4,25,124.74
6723,147fe6d69d2efac8db47da9058e9a19f8ddc99fd,0,4,0,0,360,1051,13,70,1131,714.2
6724,e6a9afbb8a759fefc83334e470f5b8965f12a467,0,1,0,1,4,1,0,12,65,220.8
6725,b5b32a4291590f61d39877eaa3b39c40f7710218,0,2,0,0,12,0,0,8,810,206.7
6726,978660d99806d4894fe360cf415e07abdaf8803a,0,1,0,0,29,94,2,6,61,147.11
6727,8afc76ae63cd97fb7188653b6e58e4b2149f5d77,0,1,0,0,47,10,1,0,23,158.4
6728,715c1513c322ea627163027c65785ea99f7d526d,2,1,0,0,28,7,7,18,992,508.41
6729,c000da13563907b99fe220a7c8bde3c1dec74ad5,0,3,0,0,216,30,5,9,626,464.82
6730,7e1ea4c8c1af0809b990c27648edbff2efb2434a,0,1,0,0,14,0,0,0,12,120.18
6731,d3691cb4c76512125e9437c2b8634275eca4c32c,0,2,0,0,0,7,0,3,146,195.91
6732,e097efc5f6f76a0da8d15b307301dffff79e4a35,1,11,0,2,1349,1235,25,76,2884,1565.13
6733,aa5762633a06e229cd9122983eec94bdb74fc23a,0,27,0,1,80,111,14,37,4857,1838.88
6734,f00a3da835a43a43d6606e0a2544c12554a6a425,0,3,0,1,72,3,2,3,736,367.1
6735,88b05ef4b01bda523ea93211e30401df4d040fdd,0,1,0,0,255,243,26,71,1856,377.1
6736,25373e9945a3de7a7caf76281098e44bf8c6a8a0,0,2,0,1,55,94,15,27,2022,427.84
6737,27754c0a41087a2419c09fd99707fd7235cce4ad,0,2,0,0,1172,181,17,52,1998,686.02
6738,5bc56c3e407f9deb0c931f63b5d6e4c768a0632d,0,2,0,0,87,228,31,152,2942,558.09
6739,ffe53de8d4f265ac3b4c5b3e285c6efda3514770,0,2,0,0,24,26,0,1,489,243.9
6740,408746c9032628ecee6522150cd4f5cc642442c6,0,1,0,0,0,2,0,4,174,360.4
6741,2af4fba7e586b17f9e7bc54b761ef2909d690b12,0,1,0,0,1,0,0,1,263,144.71
6742,0c0f1ff1b1051627f38a8bf6cb0776241586dfce,0,2,0,0,62,127,13,52,992,316.06
6743,196b7ab5406abcc21bb12b6a562fec86adc69231,0,1,0,0,1,0,0,1,74,115.21
6744,8360f4bf148344960dfd156f6217f7657f070365,0,1,0,0,12,12,0,0,244,128.65
6745,520089b52faef1abbd270c6de130bf6c576ab1c0,0,7,0,0,19,1,0,7,810,476.97
6746,c3bc85641bc3297d151cdd983666544dd240f941,0,7,0,0,0,0,0,0,829,279.61
6747,264cf3647b33109e44babc0aa397ee7b492265ed,0,1,0,0,0,2,0,0,1067,195.96
6748,fcdf191f51572d60df3b889fd11ad37db8c1503a,0,1,0,0,2,0,0,2,99,100.76
6749,56ec3c86d7d1664dadca0038499b5e2c1828a7f6,0,1,0,0,0,4,0,0,143,87.72
6750,8bc32ba081d7da6b2f39b500de09ef1a4c44ac9d,0,1,0,0,0,1,18,31,916,206.66
6751,e5db3f2b1d77a00308c0e2ef3b5460a8e636388c,0,1,0,0,7,0,14,18,45,176.19
6752,57d48a9ba074810ebb25324d3bfc4db086a1c44d,1,2,0,0,124,88,0,2,1618,404.64
6753,542bb1fa4741aaad62ce9e239fc4220bdc893ee0,0,2,1,0,0,3,0,0,1739,290.1
6754,80a141ce01c9f5780be20d55fd546c9a7abaae00,0,2,0,0,1,8,0,0,319,157.7
6755,959b96efee613363fde28de1e2b34aa9201efd7a,0,5,0,3,473,271,35,110,1976,945.65
6756,00f0feb31b3e03c9be479dde6f6a3c80f661c4ea,0,1,0,0,0,0,0,0,247,95.4
6757,0a4ce4449f137a959b02fee14e1fdd427ccd520e,0,1,0,0,7,1,2,22,62,179.82
6758,7374e9b5ab08c1f1e612bf72293ea14c959b0c3c,8,16,0,2,361,245,34,80,2237,2589.25
6759,dc5b268d084b0ecc21a0a0a5e028cdadb05c7386,0,2,0,0,33,0,0,12,602,246.89
6760,c457dce647c1b1b16ab95a920ab12aa36a55cb7e,0,1,0,0,2,11,0,2,23,355.69
6761,f7644f265aec236d1daf825a7d55e9695c06b73d,0,1,0,0,0,0,0,0,916,153.08
6762,6a86d221a5b4dc11784a022917d0e4c6845e03aa,0,1,0,0,0,33,2,1,715,180.1
6763,66b0e1d7889d0858753c6e364e77d86fe278eee4,0,1,0,0,3,0,0,0,70,93.49
6764,966bea74bd031f92f953fa66bb1d6da3867b06b9,0,1,0,0,0,0,0,0,73,91.96
6765,e25453ba55d35cac802719c6fb906460f13a9c36,2,16,1,3,198,167,26,39,4453,2065.69
6766,9b8e1870294d4b3b277e74e7bef13e52b6b3d57e,2,5,0,0,283,40,12,29,1220,852.3
6767,8ebd5904734d102e580c95dd2cdeba22de332991,2,5,0,0,39,277,12,32,1641,712.34
6768,c7557bdecda6ffe76bb5ee62be4c2d6c53804681,0,1,0,1,2,0,0,1,24,151.21
6769,7c0bfe99223566af961fcb4f426ba8c3342ed473,0,1,0,0,0,0,0,0,189,89.22
6770,a22db5be2d07fddd6529d8a11a5409593af6e4c2,0,2,0,0,0,3,0,0,411,144.03
6771,8f249a67d99b11367ff28be86443e20d61caba47,0,1,0,0,0,0,0,0,81,89.27
6772,2e3727e3ff682dbab734aaccf641360bc62a8561,8,25,0,2,1058,344,18,64,4481,3254.39
6773,a7895cfb2cdc667041402648bf922265cb0d34c3,2,6,0,0,228,110,25,78,4116,1109.69
6774,967a2cfe179548835d5e8c1640889420ce0d40ce,0,4,0,0,14,27,3,1,758,316.04
6775,cedcf07c542235815c023b66f151ad8c7aa9ba9a,0,2,0,0,51,13,0,5,311,251.05
6776,04e789bbcf283fe1d3b16613321ee169fa9f4e27,0,3,0,0,93,213,18,49,887,393.56
6777,d769fcb397b6c5937561194b9e8f9dd596ffcd18,0,3,0,0,157,58,13,46,922,423.48
6778,64e2f5ddaa5a659c5b4109017a06d481290ec27d,3,13,0,2,189,41,7,39,2872,1489.02
6779,b22ad4210cbf9c0c0bd6e595265b162f391da3a1,0,2,0,0,26,23,1,3,653,287.52
6780,99617a529378f00cb86ab733959c7be9966860c9,0,3,0,0,19,0,14,15,408,567.32
6781,b99c8631586e734532dfd9fa84e7d88551edd229,1,24,0,1,350,213,4,39,4291,1882.83
6782,7b083a4e083442cb6e6bf34735753c6103d88654,0,2,0,0,4,7,0,0,56,180.7
6783,c163d0bc365239f4960ab2e19fb72a0ff785afa8,0,11,0,0,47,106,9,4,1074,825.14
6784,665f74740ce48bf476a9941793d44d9c588eca3c,0,21,0,1,155,110,19,46,6778,1818.64
6785,813eb23576221179b3d66862302602dee10ae9ef,0,1,0,0,4,0,10,19,226,151.42
6786,9dd847135ffdde384b48bdb8a147b27d8bb8b6a4,0,2,0,0,58,167,14,56,688,334.6
6787,ce0ec43a0c4a72fcf55fa7169957ff906ea5746e,0,1,0,1,1,0,0,0,148,169.6
6788,cc559af66c1da0458ae4b75448d85c6d8f7b8237,0,1,0,0,0,0,0,0,132,80.84
6789,7d8663da7702cb009e44594b2b040cff81f15dea,0,2,0,1,4,14,6,13,174,269.21
6790,a64bcfd731fae39a620b884a828dd144360f65dd,0,2,0,0,3,0,7,18,178,167.28
6791,8439e74e6f39317c1731aeb438b6ee17c09fa57d,0,20,0,0,79,114,9,28,4723,1873.87
6792,c12abfb697dabd249c37b578bde675c0f52d4e34,0,5,0,0,162,69,5,2,1367,613.42
6793,15334f40c6ff20dc6032bcfcd8c48e0c1ee5c955,0,1,0,0,9,3,3,19,273,209.76
6794,b263af93a2899cf12ee5f35f0518460683fdac18,2,3,0,0,159,26,0,4,445,538.77
6795,df3972e9496599f26b76d73df9f4e14f6877c0ce,1,9,1,0,57,107,9,40,1967,954.08
6796,e9f36042cd07459df8f50a1cc7cf621eaf183657,0,1,0,0,30,56,0,10,258,163.89
6797,488db6f50662e5e63c382c793d2c7ad69b8c74fc,0,3,0,0,93,226,27,66,913,409.21
6798,4fb559b58a8a8419e91a786e44f25f6506f4d037,0,17,0,4,450,158,23,61,3359,1908.06
6799,4b4d69f7786549f33cfd5f71c34b00fef3d6fc91,0,1,0,0,0,0,0,0,230,77.84
6800,d68325bfd3eec7c84515c81b417524c6e60b98d2,0,2,0,0,7,6,0,0,293,384.4
6801,ff27eb304c84a5b542b8a5da1712f289fa45ba81,0,8,0,0,141,60,2,21,962,743.03
6802,51b1a1c6d3faf2a2bee97fe10c9399119784675d,1,10,0,0,142,41,20,25,916,869.95
6803,2db8370fdfff7353a8f12e75c47cc1e80eee1e9a,0,2,0,0,5,0,0,0,873,235.81
6804,6e805caed9be650cbd12bc0afd5d564f6fe5185a,0,1,0,0,10,7,0,3,360,148.83
6805,c7b40735789c840529002eb3c11d8731f460d61c,0,7,0,1,345,308,14,56,846,786.48
6806,c0a1cce4c89d0ce816237dc240c4f62cfb0f41cf,0,1,0,0,3,6,8,0,75,134.93
6807,a29d206532a44f99457af9ddd81d2bc3ed65e63e,1,2,0,0,96,34,6,24,1179,420.88
6808,a22d16b7a347ea43631d343eec47209904bd42d3,0,1,0,0,0,2,0,4,99,108.9
6809,4c51b359e0b6faf47ddcb5e38770ebf581301655,0,1,0,0,1,0,5,5,144,135.74
6810,7fba3d299060f08bffbc9f58ee72df37ff28d8a5,0,1,0,0,16,0,2,2,186,133.32
6811,753a9433228cb4579f0602b9292dd16944339607,0,9,0,0,36,34,0,0,1118,636.04
6812,0c53c3a9e5bcb04b951ddec0f22eca894dc3013f,0,1,0,0,3,1,5,11,141,153.99
6813,649a106c39b6a166c988fb647eaa33341e7371c4,0,18,0,0,127,82,7,26,3332,1427.72
6814,fde97c3b3d93901722ee2975552909e013b48b65,0,23,0,0,167,141,15,51,5286,1878.59
6815,0c1432ac7b4b0464351fb23196cf9070c05d0bd3,0,1,0,0,1,0,0,0,40,101.84
6816,91e250146156eda8ef9f89a25b43184d4e49c1b4,0,2,0,0,1,0,0,0,380,143.99
6817,8b2dc1f258ee94a1bd574c0fd364c630671e415b,0,1,0,0,93,32,3,7,188,179.88
6818,c37562e345c24720c55428a8644191df68319812,1,8,0,1,773,272,35,82,993,1070.09
6819,e889ee408bec5330c312ff6b72a81a0012fdf2a5,1,22,0,0,1986,1509,72,304,6717,3193.93
6820,718e47f084019f1b22d8a66d911a6cbbcaf6483c,0,1,0,0,3,16,2,3,186,410.64
6821,106b1cdabe90bd28e8b6accac232746dc023987c,0,2,0,1,20,2,2,16,118,281.05
6822,416ba6e8b2729c671d66be43cbcbc7c76d1c8a91,0,5,0,0,71,5,0,4,422,394.96
6823,a90de7c61df62adba6af753b28653c241ddd27fb,0,7,0,0,6,17,0,4,772,426.69
6824,caadcf69ee3160458db0eae9e3810127709b3717,0,2,0,1,24,0,0,4,663,405.58
6825,98c4a7cd02022c55f174da16d074e3fc62203aac,0,9,0,0,95,182,2,13,1096,772.17
6826,d0c166f9260bcfde8d159c24e4c6cef5ddb61f20,0,1,0,0,14,6,2,13,698,222.56
6827,762b48f2de02497e97a31210b285eb6d39f236c1,0,1,0,0,12,2,1,12,746,210.04
6828,41731b84fd51bcd6bf1cb17ea22eaa6877df23a0,0,1,0,0,0,0,0,0,224,84.61
6829,5a4253b6a17de9810fbc4e1c3b8d4980e26adcca,1,44,0,2,1277,750,19,107,7528,4223.83
6830,aba97fc265a796ea0ac76c1a4a4953501fe4ab95,0,1,0,0,2,0,0,1,758,181.08
6831,d6e14b34b0dad387140da3fef8522b3cd215e6d6,0,1,0,0,0,1,0,3,369,122.82
6832,340df43fb74f7f3ef021d10ad1b4510636ee3f14,2,21,0,2,1237,1507,19,67,3408,2574.98
6833,96eb58a0fb6ac6dd4ba438120b2cd2725e815e95,0,1,0,0,4,0,0,0,507,158.3
6834,4a849efeb7c7c1a54bc12094d2d6a9f3f008a2fa,0,95,0,9,1695,2036,138,415,17472,8896.38
6835,53dc42d4243766f0a828dc167175c7036c1b3942,0,1,0,0,65,110,3,6,44,172.57
6836,32d7616846cb02b89fdecd087e6fbdf53e50fcb2,0,1,0,0,0,0,0,0,281,85.16
6837,958aa7c959cb6c2bca4ed62d78974e83a5371787,0,4,0,0,138,94,0,0,580,374.31
6838,d867ac1f41c59b31f8fb4f54a06c0118018cfc81,0,7,0,0,78,91,20,40,2598,818.91
6839,2d991a7e4cc73b522f2c8adf14b5ff37a7947427,0,11,0,0,83,42,3,7,2201,854.0
6840,6039d0ef74a1d4c3333a699626302596d621ab04,0,3,0,0,13,6,0,0,2777,660.25
6841,62ffa355ee0431c87ee9ec665c35f881bcad4c74,0,9,0,2,405,275,21,77,2164,1090.93
6842,39ab9e05248ab346482f34c875cff6b9b9b6cad5,0,2,0,0,11,10,0,0,79,206.92
6843,6c3fa8e30de21aecce35032762470bfa0fb3cb5e,0,2,0,1,1,0,0,7,1125,533.01
6844,127f7c5844f938649de0f3a5dec630b3c5cda256,0,40,0,3,455,223,47,83,4700,2945.78
6845,e77730179c96593e97750f272a2da2491a11c388,0,38,0,0,17,12,2,2,5026,1763.55
6846,3ae01ddcc0c11a77f34eb48d334e7d3746a26381,1,6,0,0,24,36,0,4,696,608.29
6847,f6cab37d5ee42313c7a5618c5d0694f312c9c194,0,2,0,0,66,154,7,8,279,320.5
6848,92c57879f7148e86574aedd259cbdce2ec988a31,0,2,0,0,3,0,0,0,2118,385.42
6849,bd46463fbb7d6b0998c837450ce61df13eda041d,0,1,0,0,73,46,5,76,208,248.46
6850,a1b04c49e6b5a4762344c0e5b8e04db839a75adc,0,1,0,0,0,1,0,0,67,101.22
6851,1fe594d834bb3f8fa72db6a5d38ba5372f889d1b,0,4,0,0,206,88,8,28,1476,657.54
6852,2d472370b4a6dbf5c6c6f892b9036ef027842dbf,0,1,0,0,80,0,0,0,159,191.36
6853,5ffae4f45a0b8ca7d8eef7d5fc08c32905c67dae,0,3,0,0,39,0,0,0,519,316.45
6854,00b7efa6ff68fc533925ebeb0e956c8a130d0b09,0,1,0,0,2,0,2,2,760,229.35
6855,4f4918f6ff02ab3c232a71ebd80073f407afcb58,0,2,0,0,63,0,0,0,436,270.6
6856,30e14a30da24f326c4ccf91a66a7794271b6fc33,0,1,0,0,4,1,1,0,46,136.69
6857,483c745334619ff19df8469f565b5346e7b2a5d0,0,2,0,0,79,29,8,28,162,254.81
6858,ff9b6bb973db7f6ebe650d909d24dcf5aebcfae5,0,2,0,0,21,6,15,31,337,324.33
6859,cc2478d4ce5d0cabb150489ebec5cda1442bc174,0,2,0,0,26,1,2,4,161,280.95
6860,566799f567b319fdc62c94adfb8ffe4b96085649,0,1,0,0,221,74,29,65,788,533.05
6861,a61fc01f418426847e3aad133127da3615813236,1,2,0,0,195,106,7,11,38,505.67
6862,36d0f55d46ac0edb5a4f140c7993c6d207605fe7,0,2,0,0,22,7,0,4,1088,302.31
6863,94b6471b93cc55dd078158e7eb00416b79e5d034,0,1,0,0,25,0,0,0,71,97.26
6864,3573faf49e356a0530cac9f0a8ec02297011fe15,0,1,0,0,7,0,0,1,96,123.56
6865,4acc3a69d319b0e7e00cbd37b27e988ebfa4df4f,0,1,0,1,0,1,0,0,20,173.83
6866,0556fbfa595e07859f74f905779c42ee85575533,0,1,0,0,5,0,0,0,24,112.77
6867,711870e3484a7ebec5fe47b2a90bf8f8b3d1e0af,0,1,0,0,149,147,0,4,311,191.04
6868,20c0acc149c2e1a921ca1e7d64a017207077687b,0,2,0,0,197,149,3,14,814,338.26
6869,26c88928598e9746ca5fd3cf3b0582ed4db6ea2a,0,1,0,0,21,0,2,0,303,126.32
6870,9aefe13abd2fae9067e58027079e1959bf897e9b,0,1,0,0,3,1,1,1,188,163.91
6871,a52597d81396e09274ecf6d05ebbf0e24c259fc6,0,1,0,1,1,0,0,0,165,200.8
6872,0c92c52307f920908c119b8af84f741e7ef6afd7,0,1,0,0,0,2,0,0,222,135.41
6873,bee48ebe206bd02c231266858e9ae137a928689d,0,1,0,0,2,34,3,6,236,159.05
6874,fda3d8ee25adc4837bb5754f718062e522c04788,0,1,0,0,1,0,0,1,238,162.98
6875,d413ddff8b0bdaef600a31d81da227be99072574,0,2,0,0,40,0,0,0,624,222.57
6876,e1fb18a00b598431f52b88d12e2eddbe07233e88,0,2,0,0,108,423,10,48,1079,414.48
6877,df7c6581be66bd5f3bb1f7bf0e8a1a7f0a96069e,0,2,0,0,14,1,0,8,1440,349.82
6878,def58031d54fef239a4051201d097349da05ad50,0,2,0,1,0,0,0,0,640,216.43
6879,56cfc6ea35d1410f2f5a8ae711ae33342f286d79,0,0,10,0,0,0,0,0,0,285.75
6880,f587397c9c41c1a68b4e46fc16bad8d48c975e4d,0,7,0,0,947,585,19,57,1663,1323.34
6881,aad3ae2cbec85ca36d3caacbe68aebe1e552f41b,0,10,0,0,58,17,0,1,1800,749.9
6882,5d6455f29c7919d6b08667755f90428984524a22,0,1,0,0,0,2,2,1,760,186.74
6883,289b7b7cefd7ee5e1c41f7527a41fa40141ee7f7,0,1,0,0,17,9,0,2,19,131.71
6884,b84ed1176c015552550f30629e240c320a00001b,0,1,0,0,79,88,1,3,366,201.82
6885,3cd750012e0cf3b55442c036627fb032c29c16bc,1,4,0,0,105,1086,8,14,842,556.59
6886,fb463c79e0cb63114a2f220182e7c7ed3e0f4205,1,0,1,0,0,0,0,0,0,119.0
6887,615945d275efe1899634f7db6f240f4c1f90b495,0,3,0,0,14,0,0,0,766,281.4
6888,79097d75cd320eda9cf29cc56e254687b4a0162e,0,1,0,0,40,101,3,6,180,175.51
6889,29ff1f2ac2a3da16f75ce87555df8f6014c8303e,0,1,0,0,0,0,0,0,460,107.56
6890,e4467a0f6d3f9c616fa6f3fc3e51c99aa3925878,3,6,0,0,14,0,4,16,555,769.18
6891,079890579ba2997b270d8a42bdf7a708f4907aa2,0,3,0,0,15,0,0,2,539,210.88
6892,3674ad9dab8f29173d7d4ee82488a8e9ea586240,0,2,0,0,59,13,3,8,247,273.62
6893,87f43ac51de7f34c2e65c5bb2e65d82393ea9442,0,1,0,0,532,159,16,60,846,336.96
6894,1e4d44e18e4cc1fd3f7e4eaf00c89ebc798e142c,0,2,0,0,208,10,0,3,306,259.51
6895,1e8007b1a0a1baac6282d142fbb54a7d0860e751,0,2,0,0,0,5,0,0,509,157.0
6896,535c3ac759ffd24d2324027bce3d0d6228823ba5,0,3,0,0,149,60,7,3,181,330.23
6897,c10ae57d967b7f7b2342b1ff9b66e14b7ad7a0f2,0,1,0,0,12,0,0,0,61,97.83
6898,73781a9a497de99d8cf2088d804173a11a3982f0,2,16,0,3,420,128,11,17,2780,1844.23
6899,f3eb4ce40b3a57768c6368546ed0ca16d8634f54,0,1,0,0,0,0,0,0,175,82.37
6900,986a1a769437bf1e47248e257772a074c27bac92,0,3,0,0,24,61,4,10,404,579.43
6901,4d00468cc38014ed1bd7f9da93ef3a339682f7c1,0,1,0,0,275,79,24,64,923,328.14
6902,cba5ef609d6d25380afcb0dff06fe325101c727c,0,1,0,0,10,0,0,2,1053,216.24
6903,a320737b18c19e3ec59035e5e487f2af1dcd0172,0,5,0,0,145,40,0,11,413,394.03
6904,8a8427d73044646488d3700d2b967f0dfa3c7148,0,5,0,0,15,18,0,0,167,366.51
6905,4a00438a27cfa5bcd29cdcd9b30eb6d69e836a1f,0,3,0,0,17,5,4,10,631,259.97
6906,32a6f2059aa3888fc0223cabcdff2ea2c9b97b21,0,2,0,0,54,113,6,2,160,179.98
6907,2c9976150fa2f033f8e10c906d699d966b1c437a,1,1,0,0,2,0,0,0,1063,256.85
6908,3615da58310a778c7ee6d9b2d77fd3fb7a6700f4,1,1,0,0,4,11,0,0,262,199.0
6909,7f1fec19080c423d89ce3af823e2b1532b755035,0,5,0,0,280,335,37,101,1456,799.87
6910,83fcc926eb6e5f8667f31dfec3605d7358e0cfd0,0,1,0,0,27,117,15,60,892,233.45
6911,a8e8a67306c0b26b8fe9c74a1fb00bacfa224cf7,0,2,0,0,27,58,26,22,2415,467.64
6912,2ca7599023a1e507f263b0c4854ab26b3ba283ac,0,3,0,0,9,24,3,17,2616,498.06
6913,2cbd776250553a4e5d3dbb4dc286a3ceb7724158,0,27,0,1,462,244,34,128,3193,2558.08
6914,fd59549a39542386e681524b8760a8533d9c227d,0,1,0,0,0,115,0,0,0,80.67
6915,6d15a6da7da8fc41f97d4346d65f6bf9d0e1637f,2,1,0,0,37,222,0,0,93,363.82
6916,1bd2c94252b52d99b0c49257d2365f7c85935dcd,0,1,0,0,0,0,0,0,26,78.72
6917,0ad0de139b562cca243f572dcedaa424e156edbe,0,2,0,0,0,14,5,9,495,207.17
6918,2f41243191c381193a3bf6ec3730ff6555325d06,6,54,0,8,998,675,62,205,9112,5088.36
6919,0ff13d2a6847f7ecba1ac9a26b66714d9e58b60d,0,1,0,0,10,0,2,21,84,126.92
6920,18e2fca8b47f9e2dc84ad43c957f0d226dd883d7,0,3,0,0,9,0,0,1,441,428.81
6921,454f32dcb67dda3151da993dc74b5b0d0f5817b0,0,2,0,0,44,19,0,0,143,176.78
6922,6367987f49a25512dbf715df9b6d564d53f27235,0,2,0,0,195,244,16,49,2175,485.3
6923,5289a564cf929fe2ca9e8a37e1b8df53f2be0c6e,0,1,0,0,21,25,0,1,27,152.18
6924,4db577abf8e0cfda655d16abc5d99aeaafba02d0,0,1,0,0,0,0,0,0,83,68.87
6925,962aa2b5cce685f32b106d70df35e66ea46e6817,0,1,0,0,49,41,2,3,719,228.75
6926,0b83c188b9e2d0d975258e41e5fc16a478330fc9,0,1,0,0,6,0,0,16,759,212.96
6927,e94032a2346ac07b4d2c0d2e4de6d88b16da05d2,2,15,0,0,227,47,1,2,2427,1446.29
6928,f81a91d3fe0d1cd93f093c74356a1d7d018ed22f,2,21,0,0,315,693,25,78,3611,1687.18
6929,8385bb639ad8a6a86393a05813fd9b0b45876a2e,0,5,0,0,74,44,8,18,347,483.15
6930,177f607057a9d4c4b3746cec51e8e283938a5363,0,3,0,1,8,2,5,19,892,541.45
6931,d766f4fb20af4914b54420e22af0de909eb180ed,0,1,0,0,10,6,2,6,124,160.36
6932,99b82dbb43277035562e7b82bb9bdebd84510e96,0,4,0,0,43,9,4,26,2407,567.65
6933,1e978df3a80a8201ce95253e3fd822fd804993d7,1,3,0,0,165,109,0,0,439,360.35
6934,5414950d6a42a2f7d41dec6427cbf210dd7d99af,0,2,0,0,14,75,8,35,205,242.91
6935,1c3ff9242a0bfc5c544c69f68ee7b17a464a5ab3,1,8,0,0,719,375,31,110,1445,1115.86
6936,6bb6bb005197c33fa94026d472ff78d4f36613cc,1,8,0,0,113,73,3,13,3262,981.29
6937,9a90e9894e9e079058876cf2b16a47d29ba0a32a,1,8,0,0,121,68,14,23,3307,768.0
6938,246cb883ab09bc69e842b8124c1537b38bb54335,0,2,0,0,33,43,1,5,351,244.88
6939,9a78608193f766af76cacfafc4f9a6635b1db4ee,0,2,0,0,0,10,3,5,935,224.92
6940,582b66fbdfbedd8eb14b16c9f6522067ea921a13,0,1,0,0,63,72,1,4,655,445.35
6941,ed424bdd65ccf11742f2016ae5bc0b3ad5a99571,0,1,0,0,9,0,0,5,1100,227.4
6942,73a730f926d25a7d4f693507937b8565b701259c,0,1,0,0,35,52,5,9,158,150.86
6943,c2320c92fdae6815b8952ba98b1e8e5239b5be2a,0,1,0,0,0,3,0,0,451,160.18
6944,836a30b17d5ab7d9b0c1f22be27c6469cbdf583b,0,2,0,0,85,8,0,6,615,269.67
6945,269c5d4f85d6e4edd1a100533c9adb88a36ade70,2,9,0,0,219,155,0,7,1527,932.41
6946,4a94f75b0177cab18539317c3f58db2014091a9b,0,1,0,0,13,52,5,6,138,156.51
6947,c0480d8bbddf111e4cd7c67ef7c0daeec3ece2dc,0,1,0,0,0,1,0,0,527,150.59
6948,6312f33559b3e66b5e4e2573a776eda0fc8e67dc,0,2,0,1,27,2,2,2,288,249.79
6949,07c6a36cc3c9661348688256dff69ef1b795f30a,0,1,0,1,30,0,0,2,14,150.38
6950,9b977660570cfac754d40b84439f1f4cd57b8a9f,0,1,0,0,97,137,5,10,85,160.19
6951,fffa6d8e668dbc10b6e79e4aa1bec54c35978212,0,4,0,0,12,34,0,3,689,397.19
6952,a0076e70eed5501ac9d8c3ff41ce8018710a1585,0,2,0,0,30,4,5,13,147,240.27
6953,0693db7b83e8e8c23cdd6822c7691f47b37d2915,0,3,0,0,59,4,9,53,1137,374.32
6954,9803d66040df29b8d3e1c10325d7f180527c8551,0,3,0,0,3,12,1,9,1184,319.34
6955,df342b952c5dc873eef192317bd0eb11cd3efebb,0,3,0,0,300,371,13,65,917,482.45
6956,f13a7dfb149a8dd8ef9da050b73504a04c20fadc,0,3,0,0,38,62,0,25,1155,362.16
6957,b2f38ef177b5c19288f96d9bfe5304ec94391f73,0,8,0,1,499,266,20,86,3556,1219.88
6958,a018bcb7d7ae74f9fa3f33cce2f0cc0deed6a442,0,10,0,0,52,46,9,29,2897,965.05
6959,11716547f87f4c88a2790323744b0ed97175854d,0,2,0,0,47,63,8,10,238,263.37
6960,c7e74f349455bbdb6efd88e1b68a75ac1da83284,0,3,0,1,13,44,0,0,303,553.01
6961,dbfeeac177074692bdf71d98ffb2cacb14802fb3,0,3,0,0,124,140,14,43,1121,430.77
6962,15f03ab446854cf4d2999c3785d145c89bc3a3e4,0,4,0,0,228,412,33,91,3727,1059.84
6963,c184e8c14b28eddc20cbdd098f5e47d1ed832898,0,3,0,1,22,41,8,39,1178,396.39
6964,f3668e15537426eaca63f0395cec18c3b7cba83a,0,4,0,1,242,14,2,3,481,435.36
6965,cdf0485b23de6d2b746393237da3cfea9d0dc4b9,0,1,0,0,5,146,0,1,279,149.89
6966,fa92ae66d3ac6966bd08e7eda06183695dc34905,0,1,0,0,11,13,2,17,398,190.59
6967,4901af68aa12c9a482c5e8c4ef7e7d0fb23a5afe,0,1,0,0,2,0,0,0,25,94.96
6968,7e6c1d5483b35ab911113dff0f5fd559760d733b,0,3,0,0,343,958,10,17,711,436.41
6969,94c361d1a7a63490f1b66f5b10e02579516c5eae,0,7,0,0,175,219,12,66,3822,945.31
6970,f8fc0311b65b3d82737352f3d01483c0334a6867,0,9,0,0,84,87,11,18,1558,712.94
6971,4c56c89a1e47927d6006a6f4294c8a84035fe623,0,8,0,0,337,139,8,10,2355,877.38
6972,7650fc196341bd673626054593f2ce6e895d7783,1,10,0,2,749,734,50,150,3826,1747.61
6973,a013f3e05aebb3e4b6c4d2a19bbd6f2a95df6208,0,1,0,0,0,0,0,0,0,65.36
6974,1c62850c9e49e318eab70ab0c59b05bfea3f37ca,2,2,0,0,26,0,0,7,804,450.44
6975,0b26ca68747cdecb907d7c238e04b39836efe3d1,0,8,0,0,423,283,51,83,1019,971.36
6976,3864b2114ab11a02cf55e91c1e5553c9c4f854bc,0,2,0,0,5,0,0,5,494,196.82
6977,ff5b7099afa0c459c63bd2993387d966c01d7fcf,0,1,0,0,0,0,0,0,224,81.27
6978,51753263a4c4d50c5bbe7bb80636cca5b6458ecf,0,6,0,0,23,20,0,0,4344,696.82
6979,d0da9e7612e6fb94fea8298a88215783a8125311,0,2,0,0,19,0,0,1,563,275.95
6980,1538c0921444d7969ebd07ca1abda9a7e40e4c73,0,2,0,0,28,23,0,10,204,481.55
6981,a9a2d75b269cf5e53c40c69064d3478c1cd43643,0,2,0,0,68,6,1,4,93,232.41
6982,7c3966bfe3d42daf97fb3b551060958d1c9c017a,0,1,0,0,14,12,0,1,282,159.8
6983,c8493c41ec7acda6b38c18218633301115e98b19,0,2,0,0,6,6,3,6,689,250.19
6984,83f8ccc6685bf81a5264c3dfa1969ce061d2bc61,1,7,0,0,434,641,18,81,1940,2081.05
6985,05300b26e7918a2c329f902ed0022680f981a3ab,0,4,0,1,12,48,0,0,709,547.63
6986,c8136b98f20f5bb93bae81444ac4ad9247d9042a,0,9,0,1,100,56,11,15,2521,1412.0
6987,f6deca3db2ec173c8d0b2cd33ef2660012ae3f69,0,1,0,0,156,157,0,4,303,283.0
6988,879c49bb7d28946187a04e5cd76236d652825579,0,3,0,0,104,134,3,62,700,654.21
6989,a4da379bb042fcf171a560af5edd9e785d6f8e4e,0,3,0,0,115,70,3,66,734,602.4
6990,fc7075a41837301f3866333e0eb5c464715d888c,1,5,0,0,56,159,4,18,1104,891.19
6991,71bac92cf1df08de194a8283f382a7950b3a78ed,0,2,0,0,127,76,14,47,862,472.65
6992,485c23d29b558b1561df3dc219e4e8f887c09234,0,2,0,0,20,0,0,0,151,194.34
6993,3c8d87f4324e5ff8bf6b1c3652e9c5eacf03bc20,0,2,0,0,53,2,1,31,1144,427.0
6994,a808769fc6cc73162109453f30202d86936e1492,0,3,0,0,37,0,5,24,714,369.44
6995,dff2214595c5e2b0b8f3781186df55bd90c6728c,0,1,0,0,46,73,5,70,209,295.67
6996,f54eab71d299429e17f315734484fb176f542167,0,5,0,0,136,27,15,62,1118,535.53
6997,a8b9e533fd4c394111d506b94fbda28759a2604b,0,1,0,0,0,30,1,13,1118,222.39
6998,03e6f450875173717014c2299915a10199307790,0,1,0,0,81,125,15,45,585,320.21
6999,c20566fa64031dd30a1f731eee1394264977eb6f,3,13,0,4,39,29,5,10,1878,2580.78
7000,c9ef25fd81501005b6484baf064081efc557f3f4,0,6,0,0,61,29,4,15,1639,3672.66
7001,b03ce9fd479d3da9c51d118c50480ea96df0d73e,4,3,0,0,9,16,9,17,369,1304.73
7002,ed96322a0dfc106e2270a7d0b9930a5311eadcbf,0,1,0,0,0,0,0,0,83,123.06
7003,ce7f5cc332a3f5f8c49a4bc22dbb33bddb813a3d,0,2,0,0,8,2,0,4,229,1129.98
7004,9dafa438a5dcce8674aaa945b1495e70f95d2839,0,1,0,0,15,0,0,21,100,767.87
7005,0f5e780781ce3f0cb3732515dacc7e467571a7c9,0,41,0,2,460,316,24,94,8596,4273.8
7006,0e63000c3fd0029e5b620a7923ea2ac54771e8e9,2,2,0,0,13,111,4,12,481,591.27
7007,0f27d68fc23a942c0fa27ba4662621891939eaed,0,3,0,0,6,8,5,15,1011,508.68
7008,8bc567b3ca40199f6d4a7b6f32971f2fea56a6b9,1,3,0,0,6,12,9,14,457,559.68
7009,ebbd516985bc3e2859ae00e63a024b837cb4b429,0,3,0,0,3,10,0,0,123,268.92
7010,21103bea23fa07ab4e38092e788a9a37b5707334,0,1,0,0,103,425,10,47,924,359.83
7011,fd74a03602421ca07b6b1087803c54577adae4dd,1,14,0,1,220,200,7,26,3867,1825.41
7012,270e986264392b1ea10689768dcbb9403e449fd9,0,1,0,0,0,2,0,0,275,103.1
7013,cae395026af3f82afbbee6d2ab090f985ee006d3,0,3,0,0,209,81,15,47,641,353.07
7014,796db6e09c2c5f462df7d75513b3b765ed0404da,0,2,0,0,10,0,0,1,318,320.23
7015,d40ac784d3a8ddaf71a2df8b21745827392294cc,5,28,0,4,1518,589,129,354,7978,27959.81
7016,867fd8e2e9c33e8f2ee1d13c3b7dd177434ec645,0,1,0,0,1,0,1,2,97,130.55
7017,8bafc180b62f9bb60ac50a1d87e510bfa9952fcf,0,1,0,0,1,6,0,4,201,164.38
7018,bd5c8bbc04e017089743b27cce55635dac00b98e,0,2,0,0,0,1,0,1,1158,244.55
7019,ffcb0be3fc899289526124ff270ad33da09118a2,0,1,0,0,0,0,0,0,231,87.09
7020,b6868fbb82226046b0208939005fbecfd20895a9,0,1,0,0,47,35,5,25,921,473.32
7021,7bd577375ca5b661eb1fdb92954363546e864655,0,1,0,0,0,0,0,0,968,152.08
7022,4675b2089f727c015bd6ea446f9896ac2f17c9a5,0,1,0,0,0,0,0,2,109,99.48
7023,3f053121f12aa7cf059d14414769bc96d0ee6b37,0,2,0,0,48,130,24,76,2269,412.62
7024,6bd0f7ac1037f7171291e2a8a92d9b013b1a5626,0,1,0,0,0,4,0,1,242,126.22
7025,1d7bacc45fa1cd6cac36d7f9ece30ba1ed430f2a,0,5,0,1,133,136,13,12,1084,596.01
7026,21191e6efa8a31292791717295f460faacec54ae,0,1,0,0,0,0,0,0,124,68.83
7027,6536c05b48b08de9048f68967a5f69d17d56d6fd,0,13,0,1,151,132,5,10,1783,778.44
7028,260163994e4ac71fafb0578cb143ab4f0f22d6ad,0,1,0,0,27,130,15,55,711,256.64
7029,6d6d1890425e0372debc3acc21f86dce7c08cf37,0,6,0,0,1622,573,32,98,2649,1242.66
7030,bcbb53b7deb9d45a2833eb4755a2f39860ae05b6,0,1,0,0,0,0,0,1,109,91.61
7031,b551b8e1e6ac37698b78e4ee65a658bd446e7f05,0,1,0,0,0,7,0,0,2147,274.26
7032,80c51c03b6d923cabf11ba713ec89aef4a446097,0,1,0,0,0,7,0,1,98,103.95
7033,6b7db8a534797d0ca7ebae506b265efd03e679ee,0,31,0,6,78,110,7,22,5229,2160.14
7034,90033b921be41cbebab99bdcd50a4753a07b2e1b,5,7,0,0,86,56,6,6,555,959.86
7035,b5d6d4f72299a0b08ce3279aade507e2a999acc6,1,4,0,0,88,187,19,22,570,607.6
7036,e4eabd901522742550074d5c3c5f25b642037891,0,3,0,0,121,6,2,8,1665,498.56
7037,01d26dd3fc35a6b22a538f75545b0d9b739ee48d,4,19,0,1,528,364,43,94,5674,2089.09
7038,5fe7097068ae5cb1272b28c2bfe0ef3f48e2ba61,0,1,0,0,0,2,0,0,25,89.47
7039,73793d6f0e03f72e561b994577f48e119715d353,0,1,0,0,0,0,0,0,39,68.16
7040,3962149ac8a66083e8c0cdf9c1dab001b2b1d6dd,0,1,0,0,6,0,1,4,392,412.42
7041,6ff1cbb3ee1b7e6f261aeb454854dd249ab605df,0,2,0,0,73,121,15,37,2565,478.07
7042,e0c1b0bb7121df1cc0185ffc0b35547f75daa281,3,0,0,0,0,0,0,0,0,255.78
7043,12b6c0a5264138a6f569e5e957362ddaf1a4a0be,0,1,0,0,0,0,0,0,167,76.82
7044,202cf9b0bed8bbff41318f1f10043aabf3a7cd4d,0,2,0,0,49,51,5,9,244,241.1
7045,85b8d02aaebae25fa430b3d036058323a42c8e4e,0,2,0,0,58,47,4,11,246,253.67
7046,52d8197d1bba774b2165fc73f9279f237e27d3d4,0,1,0,0,3,0,0,0,34,84.87
7047,f13bebe52e5a1f11635e9eb4f300b2a36d936d24,0,2,0,0,58,0,4,9,288,209.9
7048,85ad12275f5012ed77af4ac4b0921d95e74a7d8e,2,5,0,0,337,1180,21,46,3720,1034.5
7049,ffc0840d03014331035f24be3c76aa812973089f,0,2,0,0,14,58,0,1,2714,390.85
7050,5bf69abe137ffeb89abaa07590dd0e1a2eaa54e1,3,0,0,0,0,0,0,0,0,189.68
7051,23123f04fd5e5381742b2bae16bb3e03225598c3,0,5,0,0,417,177,0,7,1549,645.22
7052,9c1679d1bd83d1d25fda6dbf29d1738d8e966da5,0,5,0,0,175,101,1,1,1865,580.96
7053,caedc8fdcf1a449531e03c96b82db629809e10ab,0,2,0,0,31,18,5,1,679,253.23
7054,3c55732fa414c7835536dc42ff489461a7441bfe,1,1,0,0,1,0,0,1,715,247.85
7055,3c6dfa4aa0b9ffb0a48a02b949bff2a8406764e6,0,1,0,0,34,3,1,1,768,216.97
7056,67330bec1d26e378ac47ffc65b50201f620cbe0d,0,1,0,0,79,9,4,49,242,171.75
7057,0ad1adb3b327320c362b25be9d43cd7231fe096e,0,1,0,0,0,0,0,0,23,71.06
7058,20e6750df73cf5cb483659b996911445489ef322,0,2,0,0,66,27,6,17,330,203.47
7059,101cd72e55168f6a97bbb2556aed9f23cef80f42,0,1,0,0,36,51,9,17,687,218.84
7060,98cc2c8d6cc27f1a2e675030a13b46fd336812f8,0,1,0,0,0,4,2,1,199,397.98
7061,5e5ea772ed346b5197a6a7be3046953686a8975a,0,4,0,0,70,10,2,2,1012,410.94
7062,d2c41b1b3c6e7ffddbccca3c8e7fba1f11fb46e1,0,1,0,0,0,0,0,2,242,103.4
7063,367dfd50558d2c5d09e778e3c2b2ba247302f707,0,1,0,0,96,207,9,35,966,321.67
7064,582bdba4b201e6ab8e2a9a05cff3566f1bab9dce,0,8,0,0,37,67,20,43,620,788.86
7065,dba2e16c95951216d401358180b309eec34eb7e5,0,1,0,0,10,0,0,0,2191,279.39
7066,66d3428e3fe64851fa7587ee69b53e20bb7c09b5,0,5,0,0,65,2,8,42,2863,658.72
7067,8f8801515def9eb74dbc220a67263f29189020a2,0,2,0,0,1,4,0,4,192,166.29
7068,c1a113a9e3381d5278ca2254b0d0b062cfa7551b,0,1,0,0,1,1,0,6,1064,211.55
7069,c7cbde218de62aa47d9e942957ee4444bd9c7568,0,2,0,0,22,0,0,3,812,229.33
7070,ee9e38b7dc20a3b98e5a68904be35d727ed9c09c,0,9,0,0,135,27,30,42,4743,1134.0
7071,b8408f068bf2fc73f632d09239ba892a9835416f,0,1,0,0,2,0,1,1,56,151.57
7072,cb21f28ecadceaac78aba1c2de4670afc2c38daa,0,1,0,0,4,0,0,0,317,125.82
7073,eb12770076fd7bfcc5c00900854d2c1258b51022,0,2,0,0,33,0,1,2,622,272.33
7074,3e37b4a90d4e5a036f24ac3d9a3aa804df6e6969,0,18,0,2,58,87,13,20,5151,1620.47
7075,b6661ac52c5f8b2fe9640defbc7d86fad693fdf5,2,3,0,1,2,21,2,14,105,462.76
7076,38dde32ef40251c2d3dcf7015521c60c28c5c426,0,1,0,0,8,2,2,4,341,187.46
7077,b214722770113398d22c6c00d46ce0510d868ff9,0,1,0,0,0,0,0,0,593,134.88
7078,dd2006b0c1053e9b536ac5ec66f38646d764cb6f,0,2,0,0,81,207,19,42,2774,539.42
7079,8408c76aff1a5fbb7ea8984aaeced55c076b00a9,0,1,0,0,204,171,16,53,1953,447.23
7080,0a1cfaaceade1317e9fc802d77e39371e745dee3,0,1,0,0,0,0,0,0,240,358.21
7081,392866546e6377aafd018c3fcb2e124674a318dc,0,28,0,14,405,108,22,46,4817,3886.78
7082,4ac433517ad6d6aab5b6e2aadec56cc82437a479,0,2,0,0,0,0,0,0,387,163.42
7083,670b6c6d183109bb799f9b1f1973cbd962a3553d,0,1,0,0,0,0,0,0,225,112.59
7084,b554cb3da327a7522dbd60209421073bbe10317c,0,1,0,0,1,0,0,0,410,141.3
7085,fa2fa602d989ed911b60247e3dd8f2d580188782,0,1,0,0,36,26,2,1,15,183.34
7086,c83d108a30f3c6b670b32d94359df251bf931234,0,1,0,0,3,0,0,0,173,125.31
7087,8bc8fa36907188440579aaf88b2bd397ec4dcf8c,0,1,0,0,2,0,0,1,55,126.35
7088,f51e98399ea3b78bdea81c6fb8bd62fda14af43c,0,1,0,0,2,0,0,1,61,113.06
7089,839a5bab2a7f5385a878e5dc5f8b01bda28fa777,0,5,0,0,48,42,6,29,779,585.94
7090,30d3b29ab2b4aea486323a966d6169cfdc2e2113,0,1,0,0,27,23,3,0,273,253.13
7091,df3d0b00b0d9a0725b3f1681e6ce9ffe6d330de4,0,2,0,0,0,1,0,2,273,365.12
7092,bc3ea66925429b743b672d417700d17e9936b187,0,1,0,0,15,0,0,0,448,163.4
7093,3ec7d8c056c71b3032b1ca1d1fd07462c5091900,0,2,0,0,0,3,0,0,75,118.73
7094,577accd879001186fac830c3e2aa56a1a418358e,0,1,0,0,0,3,0,0,35,83.46
7095,c4d83f1ba31735963b451beb38a553c92145d5d4,0,1,0,0,3,0,0,0,177,100.78
7096,5f1e4bcad7d36feb97096c6149ad3c43f26f0fd9,0,3,0,0,27,29,3,4,501,356.9
7097,b9bdd9ec648ad42d88b1377fe0e1e4ff3d162a91,0,3,0,0,3,3,0,3,525,369.84
7098,64cfcf05568e1d0216ee7b1d8719417291dd752a,0,4,0,0,42,25,1,2,1146,479.97
7099,e4fb1deff791a6c57265dc69bf0486f7fbbda9d4,0,1,0,0,63,62,1,0,654,230.04
7100,f8e86eb341aa5bb36e747ce4f31f56dcbaea7089,1,8,0,0,54,34,4,9,2299,1183.61
7101,58821cefb2cc2b1bed0d28533dddea0323ecf487,0,1,0,0,10,0,0,0,463,138.51
7102,ed0a07c386658395803886ac5f1cf243cd413cbe,0,8,0,0,114,110,26,53,1366,869.31
7103,29525005071dd7321c5d444cb7e898a18057ba67,0,5,0,0,49,9,7,5,147,499.77
7104,f3b7599e3b615f26cc81affa97569f6a7395cccc,0,3,0,0,303,295,34,99,2602,639.11
7105,90fc8969a656b183e81496e479db35f321c8a3aa,0,12,0,1,1603,870,6,11,1483,2020.38
7106,7709c2a7f5e88a6b93410bfa8f9673cd04416ed5,0,2,0,0,0,7,0,0,1007,258.68
7107,2954b18354b0b3952e40276013852f31c61bb6ff,0,2,0,0,33,0,0,3,225,162.16
7108,6b1bd1745ab9f04f9e379e6d22764b97693ba2ad,0,7,0,1,121,22,2,0,955,693.82
7109,2d420e6c2a362c69d1a66076ac7dd2db37ee9306,0,3,0,0,53,23,19,49,1105,372.01
7110,621f446ca4a319adcb50d2479e3fa7121eac6ebd,0,3,0,0,1,41,13,40,1117,272.24
7111,965ee082da2b8a3ff5e932e91d261018d9232c75,0,3,0,0,41,1,13,40,1117,293.47
7112,f3b5ff8422adbf2f896656b06f26b2749a24a41b,0,1,0,0,1,0,0,1,95,121.05
7113,ac7e2793debe6de27d5ca50ce9afc3ff9a17f88d,0,2,0,0,18,3,0,0,151,154.95
7114,106750c78e21c6d7ad85ee2d0819a36cd65726b3,0,1,0,0,8,0,0,3,67,127.9
7115,4b27287cd93088148d85d1a6ec9df34601f0c741,2,5,0,0,116,37,12,22,1855,899.6
7116,27ac6a836228d66c32ade3c7ba9da3483ff31f27,0,1,0,0,8,0,0,4,145,122.64
7117,186777aac55b1aa95c5c9e9cdaff2b981cf9d5af,2,7,0,0,26,124,2,4,1156,621.26
7118,434dfc97a72e5d3ab4350b87dba787e105a6805d,0,1,0,0,2,0,1,8,329,156.92
7119,c00395155e2420002db493ca69784d0fe723b55d,0,1,0,0,3,3,0,1,728,188.04
7120,db68ac9fd791d777df0241ef9bd381eca46bbd20,0,37,0,2,450,447,61,238,8624,3432.21
7121,37680ee4e2a1b129900ff3c58b153e5a7661b757,0,2,0,0,444,153,12,79,1006,432.57
7122,e06d411f6a6a459503f09fe80208d1ee261ed772,1,5,0,0,41,0,0,0,490,326.43
7123,a76a8efcc7665068434fc105e174e22ede0ee5be,0,23,0,0,69,28,0,1,1355,944.25
7124,b3eeadf924d2f886a2ae5a2c8708549afac4282c,0,0,0,0,0,0,0,0,0,35.14
7125,a28389087abf7e8df2964bf212ab27d07a26849a,0,0,0,0,0,0,0,0,0,34.67
7126,67637d1bbaf638162b479ed33a75e4ab3fb06e49,0,1,0,0,100,242,12,44,578,232.27
7127,14a2157bc7e56b46785bc1a572155e584c972f4a,0,1,0,0,1,0,0,0,283,123.47
7128,5a4ff90456ae36fb1e289ae06cd5d8bec96ed233,0,1,0,0,3,0,3,7,448,176.63
7129,477014b8cddb8cf1a73a7e8b408f130b64a37c6b,0,1,0,0,129,63,10,44,615,237.29
7130,7b0c7164aa22c156811a5d1a001c43d099aad8e4,9,11,0,1,204,98,19,83,3162,1706.01
7131,bf25e668f416b1c279986d1b23fee2a0192d8022,3,7,0,0,11,33,1,5,593,680.27
7132,f8b3a15881c411ff766425084776e2339fe6a17b,0,2,0,0,0,2,0,0,392,144.16
7133,1a73af7686e41cf8c2c0a031c9ef466b13a4b794,0,4,0,0,244,220,0,10,890,492.52
7134,a20a0f724bee67ccf010cfbb72dbc1f90a1d5b4a,0,1,0,0,27,182,15,38,2162,345.02
7135,30bb255ec9fb36ace2aab51474bd3bfb9bbd3bed,13,38,2,2,834,482,39,60,6474,4008.17
7136,232e12b94c57f50c9ac91f630c9f29f03317f4cc,4,16,0,0,47,56,10,33,1303,1184.37
7137,f27ab2908a06056b332e3a87008f0f8560a9620b,4,16,0,0,4,6,4,7,1344,931.45
7138,733d1ee6427cef1042f6c2f864caef81c1a5d32f,0,10,0,6,6,10,6,7,1237,929.62
7139,90fd8deed0d1eaa12906bc80aaf54daf837f3a81,0,13,0,0,725,595,17,51,3473,1549.35
7140,9c3855b5fd83b9fa9ffb2e5495e43cbea9855dee,0,14,0,0,759,442,15,52,4804,1951.18
7141,a956e9fe0c1172241892d9e80cb23b12a19a8419,0,1,0,0,26,162,20,52,900,224.67
7142,1543290f14ef73ee496532610fe027bb29060b29,0,1,0,0,123,27,15,62,899,231.24
7143,ad8673cc6b021e9dac188cfc3ec18ea6f9c0bfdc,0,1,0,0,41,1,13,40,1021,230.11
7144,0ac2072bb2cc6d8e069e07f5cbcdf2e83cdc5b5c,0,1,0,0,26,162,20,52,900,219.47
7145,e01b3a94abcd13063e2d28116b534aeaabcaab97,0,1,0,0,0,0,0,0,176,75.17
7146,e94a2a0341fc01a864968283073a0839823f3643,0,1,0,0,0,8,3,6,228,139.8
7147,48bdb41db545f76980ed620dafae89c5d8703696,0,1,0,0,28,141,4,14,37,167.76
7148,0a5e2204ce74390bfbeb3fa3d74914cf47a13258,0,2,0,0,3,3,0,0,328,155.32
7149,60b23b1252e600189d11c614d971a4c2c3055edc,0,2,0,0,36,42,0,0,137,142.06
7150,11910c6c9206407c2de60f38566120bddde79eba,0,11,0,0,237,465,16,79,2675,1150.37
7151,86ba227477b9f8595eb610ecaf950cfbc29dd36b,2,24,1,1,188,455,20,77,5884,2497.95
7152,e24da8f7faea0e764ab4653343085adf6edcd75f,0,4,0,1,50,24,9,24,1736,467.95
7153,11b7dc113ff5f73b1bbf889f306ad2aa72d01160,0,2,0,0,4,0,0,1,1367,271.0
7154,2bc5f0c61ddb428b4826d83d42dad473eaeac002,0,12,0,0,319,48,34,101,3843,1332.03
7155,4ecd8542d7bbc8b9f613cc58c3e2ffe51df4937a,0,1,0,0,2,0,0,0,376,114.61
7156,9995521fb9b3f510ee9c7012d75e6970ec7d5fb7,1,4,0,0,37,16,0,0,551,350.58
7157,e4a0a4bf65a87c3aabae4ee0cc35009879e2d455,0,5,0,0,7,6,0,2,550,398.44
7158,e739f60570aaeb7cd8194c8cbed4bbe1ea9ca006,0,1,0,0,15,0,4,14,73,137.58
7159,b210bd2344b93ea6f7f95cecc1e5514ecff547df,0,3,0,0,27,0,0,0,348,225.24
7160,77b27f33e2bc4a99435fdddb78f887085c094ddd,0,2,0,0,22,0,2,9,225,476.86
7161,70437440853c8af6a2c6c63214bc1bd477e3e504,0,3,0,0,50,39,5,8,355,402.33
7162,01d863619c8b301770751b7c4feda23f18bef697,0,1,0,0,84,291,25,61,2049,386.61
7163,b06bcf73fb50c8e887d4469042543a9d78f7848c,0,1,0,0,0,0,0,0,2133,267.31
7164,6f067af5157be9ed8df566d0a5df042c694215e2,0,2,0,0,3,4,9,4,242,382.37
7165,1d1bfae580d44d3b8a4678c5af5767ff17102128,0,1,0,0,43,41,10,18,703,237.62
7166,5c4d5c731f1299ba310c81603914a1a8956e644c,3,12,0,8,136,460,5,17,1490,1722.79
7167,3fda52f247415c1eace35af80c74bc433a57254b,0,5,0,0,512,333,29,30,1443,771.41
7168,87fdc9b667d68602ccb9d0ef27233d801b600cae,0,1,0,0,0,0,0,0,145,76.83
7169,99ea2ee716d54ac2045b3882c6dc1fe6dca0d65f,0,2,0,0,11,1,5,9,170,219.69
7170,97dbc7a2aabc1d2b6eb311a764fcbb0f30dfef8f,0,1,0,0,0,0,0,0,2133,253.13
7171,03b42a299b878264479068a3fae03aa2ca28d6b7,0,1,0,0,4,0,0,0,816,219.32
7172,a0a949440e9025300e4574a07628cbe5a95e517c,0,3,0,0,132,54,3,11,690,346.18
7173,5477083a2f087758034703674c49e8012f295c42,0,3,0,0,19,3,1,4,587,342.37
7174,1ff9df75c46edb02bf1f994e7ecc651e29b277fb,0,1,0,0,6,2,8,20,131,158.3
7175,2ca2fffee80c75e3d1aa38badbefbd3b35851901,1,16,0,5,89,0,25,26,2751,1600.74
7176,e31e216234c6b57a531cae607e0355666007deb2,13,51,3,1,980,678,79,237,10021,5783.2
7177,c9c9c42263f1d477e45e9c2053bc1bbedc08bf8e,0,2,0,0,17,5,0,0,70,148.33
7178,ca2e71c3814025dea776f84ab72c1d563eb888d5,1,2,0,0,147,12,9,58,207,343.47
7179,5beedbc6628fa00f6c38906cac441d7b6d260fff,0,1,0,0,17,0,13,22,296,161.39
7180,7f6d70d707e672baa0b43416350fe843c7f2fc67,0,2,0,0,8,1,0,0,428,461.66
7181,fc972b9f29a630adab30524387904d54f6740e74,0,1,0,0,29,19,0,0,390,156.41
7182,b189a7f6c955908d8b79d2b4104562a38ea62979,1,1,0,0,0,10,0,0,45,143.05
7183,bdae4520c5bd19caf607ed92eea3e8c02a694bd0,0,11,0,0,74,36,16,26,3994,1026.68
7184,9b48a0bf430b995332e1a4dde20ba7482175ef99,0,4,0,0,44,177,12,32,697,386.24
7185,21448c50891642f95097a9e5ed0a3802bd90a877,1,10,0,0,332,88,33,100,4161,1256.02
7186,e5c40278001bf3a9582085a58941e5f4765f118c,0,13,0,0,421,562,44,146,2811,1612.06
7187,ea9b42e7d7bf9003dd6ed911035d3a85a2d99bac,0,1,0,0,154,48,2,2,24,188.97
7188,b7d1d447bb52ed912fdd1199086cce34a2d82c45,0,9,0,1,154,64,26,26,2373,995.34
7189,cc90d0423cb64bcf61ad37126c32de85fbca22c6,0,5,0,0,194,143,5,31,705,522.59
7190,45f1db0d19e3c5513955d1435a02373f61eff36e,0,1,0,1,0,0,0,0,101,125.98
7191,ac6ca9c501975ee9fc3d8982d651c9109a51644b,0,1,0,0,4,123,18,75,1021,232.74
7192,2fbddbd9926eac07031196f74c637730a3953dce,0,4,0,0,40,27,6,19,1842,512.79
7193,3557d2e05c8d1059562de2a91c1b33b4fcfcc6eb,2,3,0,0,96,261,18,55,2428,703.48
7194,2cc26eba7a742eb23e95b027bc611c924c233e1e,3,43,0,8,573,478,46,120,11015,5062.17
7195,ee4bada2fcbf7ae00f137ac4b7580d4ad50a06a8,0,1,0,0,30,13,0,0,55,136.99
7196,d9083a9c2946dfc9d82e9784369abc3387c445a7,0,2,0,0,28,0,0,2,163,172.1
7197,c19066ee0251fc9d3d7d8217949b93a65088a8e9,0,1,0,0,0,12,0,0,127,101.72
7198,e1e692a75451c239b8ef489db7d2c233d3d63e4e,0,2,0,0,0,11,2,6,798,279.58
7199,d3db33c008542c7044f3ed8c19f3a45679fcf52e,0,1,0,0,461,234,19,72,914,387.05
7200,c2acf47168d3f03af0cd68cbd5570c84a321d713,0,1,0,0,35,31,2,5,213,440.12
7201,677230df694752c7ecf6d5459eee60ad7cf45ecf,0,44,0,1,1000,261,37,120,8961,7295.6
7202,1e92ce43a5a730f81d3f6cfd72e7f4b126db788a,1,29,0,0,624,117,18,24,3688,3138.61
7203,2dd244b439049baa1a9f175237acf802e1946d74,0,1,0,0,49,110,3,4,102,371.35
7204,fc92db2b9b56c143516026ba29cecdec37e286bb,19,50,4,10,1812,1105,115,290,6573,11026.27
7205,1dd33eca1b72e6cf1261471f88e7c3990be3f097,2,3,0,0,49,48,8,36,724,499.19
7206,5288d434b3b559c7006fa001a2dc56f4f4b2e2c3,2,23,0,0,73,6,1,5,1654,1262.61
7207,d8036f93617e318bf930885981cc75104bf523a2,0,1,0,0,6,0,0,1,483,155.33
7208,69edeaa46b78bb168f7e9d0b1c991c07b90f41ca,0,3,0,0,325,466,11,33,1208,580.95
7209,6ad874509d6c7edd53bb3a4b897477d6a2753c19,0,3,0,0,422,304,13,36,1229,554.41
7210,5805a76ca092648146ba71af744c8bce357bdc39,5,1,0,0,4,27,40,31,141,475.26
7211,95d927d38fbb13bfdcfc8e5a7475eb3e44082aaa,0,4,0,1,240,420,50,108,2786,725.94
7212,831bebdba86ac1956852bd216a4cc62d898c87d7,6,9,6,0,371,281,11,24,818,1765.17
7213,a600920cb5ee2866b09ee6c1ebae9518096e5bc4,0,4,0,0,110,150,5,7,1557,553.4
7214,fd44a69fce135c6ddf7ebcba25d032a36a1d9064,0,6,0,0,764,350,64,176,2273,941.86
7215,ba926ff6d8c09834d5c45f4eae8d75d9051b1058,0,2,0,0,6,0,1,3,159,185.49
7216,0f1e838d17ac90d4d44e3369309b245afa969f33,0,7,0,0,27,15,2,2,722,489.01
7217,cc75de6912ca5d72b5465e69b2b571af11bde3d3,0,3,0,0,96,61,3,34,552,396.03
7218,a17120adffe6889ebbc4e76adb493898b6799a0d,0,2,0,0,38,93,5,26,372,292.66
7219,c83729f41d358ce3ca2ac0323704ef516dff9298,0,3,0,0,15,3,1,2,1576,443.2
7220,60997c2dedc23a80dcc15fe6b1e2e7769ad2d383,0,1,0,0,0,65,1,2,359,415.0
7221,6528fbf250fdd2c75c8f9464e279628234a5fef4,2,8,0,0,333,598,29,91,2747,2001.44
7222,a123e984c3236b2a188411cad5c29f16e662c369,2,7,0,0,220,42,20,95,2889,1900.83
7223,c83f20a3e426cc2c3ee957409898f0b41f19916e,0,2,0,0,33,3,0,0,129,245.2
7224,5a77bd1f11823c64e7258ae03b98d539eabc7555,0,1,0,0,0,0,0,0,65,82.0
7225,ef5bbedd687d75923e9a20fde9d2f78b4535241d,3,31,2,1,991,574,17,41,5358,3715.56
7226,c42f5f68532a9e42e3f228b9dba5fdc9de5c37ca,0,1,0,0,0,0,0,0,224,86.72
7227,a4e1182816909761c98355b1079b2f9de8efc4bd,0,15,0,0,306,760,59,163,4728,1522.14
7228,b73f5813559e5356f2dd50e4c3c15e520d7db0cc,2,1,0,0,0,5,1,1,67,355.44
7229,aefa580d09442aa2d326d717b3a0761ef4f19fc3,0,1,0,0,9,20,0,4,261,168.58
7230,f294750f535f2a73c71eba589dcaf19074f91bbf,0,1,0,0,24,14,0,0,424,159.65
7231,26e0a33fafd77c900abad1db4d43a29985d3341f,0,0,0,0,0,0,0,0,0,69.41
7232,c08eeafdcfe4b5d0fb1a8aa34ca5df27be7934ce,0,2,0,0,33,8,0,18,464,252.06
7233,487c8f79de0a8cdd357e1cd23e03783db1623c54,0,1,0,0,0,0,0,0,41,78.11
7234,88f22b9692c6fdddf837556f13140d949afe0d28,0,2,0,0,4,0,0,0,455,204.74
7235,ff4d0f9abe79ef0925c150d92e6123650e07629b,0,4,0,0,6,0,0,2,716,281.76
7236,b15983e83bd8e7ee7ddb12871da62fdf72401ba2,0,1,0,0,0,3,0,2,314,130.52
7237,d62b2cf7c77b01723c4d312bcc249c91a73b4e45,0,6,0,0,89,27,0,0,1047,496.85
7238,fc40cb181764599d39f78587a5e21eb0f193b8e0,0,1,0,0,89,0,0,0,3,109.57
7239,7b42636a790fb23478faeff25821b59c9d3738e8,0,1,0,0,0,0,0,1,231,107.95
7240,68b915644a70aea5064c3294d30ae939f3a248e6,0,1,0,0,31,18,2,15,238,424.75
7241,b2b2b0caf9eec9afded6dedd81a7ec3996605be0,0,1,0,0,0,1,0,0,268,111.22
7242,a529e6ae6a695a0f58ade9ca38f8066c9739b509,0,1,0,0,1,1,13,30,185,170.21
7243,ad7e36b8ad52c56ea33376faf57afecbb2e58630,0,1,0,0,0,0,0,0,108,77.18
7244,89464ead48278f8e3ecfeaeaf9571714978b4f72,0,38,0,2,305,637,19,52,4639,3474.87
7245,9581209b35922a0758c6bd158d4336a17cfe86aa,0,3,0,0,24,13,2,15,1403,426.89
7246,30789036330e84f41630a80171fd24835cacaf2d,0,3,0,0,0,4,2,27,314,223.23
7247,e16d8a7a667d50271a183a95be894126cb2a5414,1,8,0,0,345,175,30,79,2163,1105.69
7248,fe7eee00661272bb29608e8e2cf5dea6a7511cef,0,9,0,2,3,0,0,2,2335,962.06
7249,e8907c16abcd84021a39cdaac79b609fcc64a43c,0,19,0,0,276,201,59,120,2931,1735.85
7250,6663c5ff898ff502fc3c69b9f36328c1d9f517e8,0,3,0,0,85,116,9,27,1715,390.12
7251,e8a0d0aac5bdcd468e334a46b5aade4d4559ef76,0,7,0,0,73,27,3,7,1023,517.24
7252,f4233eb77c4703c951050b864abec40f4b7b03f2,0,4,0,0,0,1,0,0,938,246.38
7253,594183b0360aa252624f04e0e29fc12815fa39f4,0,3,0,0,2,19,2,36,338,333.66
7254,aacd4526309693233f7f41e966e06ffcc0edf4d0,0,1,0,0,561,257,25,74,841,363.26
7255,408066c57a66e0d5a6691af1695742ef49786bf2,0,4,0,0,248,171,2,1,157,395.28
7256,ac9844b99decbcda5ed279203884154011cda618,0,2,0,0,12,23,0,0,147,162.35
7257,8120bcf0b1f9a2f01ea3c549ed80b3bda59e99c9,0,1,0,0,1,1,0,0,278,117.34
7258,c662d876b95d67a911dfe549d8a0d38ee6fbb904,0,1,0,0,0,0,0,0,95,73.33
7259,c17cbe1875a974a00822ffbfad716abde363c8da,0,3,0,0,11,5,6,23,468,312.48
7260,755c783f1786be18766b422b1cf4253cb5af1465,0,1,0,0,1,0,0,0,241,371.9
7261,590d20b0a1e1b1fb71e97508bb6b475f8aac205a,0,2,0,0,91,27,2,9,184,221.95
7262,eda763b473abddc90e06e95661cd448f41da07ea,0,8,0,0,364,913,60,155,2353,1095.72
7263,922dbdb658b1693973926026b213153d05b4077c,0,19,0,2,980,390,23,66,3060,2051.28
7264,d473a2811e97e6f395e23f9c795fa1b4b1251788,0,1,0,0,0,0,0,0,121,75.55
7265,f5baa9c712c283d7f9897dfbb9ca269b2f5a3de3,0,1,0,0,0,1,0,0,50,88.86
7266,904cb5d10e0de1a6ca89249be8c257ed38a80ef0,3,30,0,3,805,923,49,112,6123,3298.78
7267,89f275c6587150907b90ed03ca515b12c0c6ae11,0,19,2,0,137,46,23,51,1166,1256.61
7268,2837ec65b91abd78ec1bb37f1d69565b976e42e6,0,1,0,0,481,156,17,62,934,343.81
7269,675591d1c55805c13db95692c78f5feb63538eb5,1,2,0,0,140,202,12,49,747,426.94
7270,d27f9b0b772ba60fece3f3b1101ff63aabdad1fb,0,2,0,0,68,118,6,18,258,245.65
7271,04afa2bf52ce6f5a534323678defd625dca67336,1,4,0,0,76,7,2,6,620,473.8
7272,b851792c4e3ae32b8d863d9079cca6d135f1cf23,2,3,0,0,83,259,12,83,516,576.28
7273,5dc741497046c5c5b92ad2441db3865b90dc035e,1,2,0,0,17,36,2,11,225,315.36
7274,47d3b7e7a013b485a2906fc7f0f2fc90e1143966,1,31,0,0,780,712,51,114,3947,3041.58
7275,9b47dd50fceb552acd3ca77cff88f4041511bf48,0,7,0,0,90,0,2,52,1386,598.73
7276,93b3aa8a469f76a49e4d0975d0b6ad6e85432a47,0,1,0,0,32,0,0,0,69,114.79
7277,f463fed234ce5bd9c536ac5fdf51c3555b9af805,0,1,0,0,70,131,14,35,2075,428.77
7278,54cbdd73c46f85113d947e702bec33ef43d59b8d,0,7,0,0,43,11,2,38,2452,783.13
7279,6100eb2c1c73b197ea276e8ece232962a0e7b9d2,0,2,0,0,25,57,1,11,166,250.06
7280,85cc390189f45be54dec9b146f66eeb7737fb0eb,1,13,0,0,113,308,34,101,2588,1901.11
7281,4ed00607df060a3cdcc685c4fc0c1967f62b37f1,3,60,0,0,950,304,30,225,11295,5153.12
7282,6c867f00309a61af12fa452020c45dc0f2748aa1,3,2,0,0,22,34,0,0,321,425.26
7283,72acbcd00fe7c46e54cd267f42868531e99e39df,0,4,0,0,253,299,37,108,1913,618.82
7284,863dbc78777101eab08f23877a4d9ffc92ffb6b4,0,2,0,1,32,30,0,0,166,203.82
7285,7eb464734b0732ab3c6cd2a5c3409085c81f95a7,0,3,0,0,51,129,13,29,1311,364.73
7286,66c8f2b7f79fe794cc1e0594d9add260c209a9a2,0,1,0,0,434,117,17,63,982,337.33
7287,5af5bafc87f3efe0388c003b3923ca3452e1e261,0,1,0,0,136,71,14,39,2074,373.38
7288,49d60450136a71abb3de08c26e5b8a7cf41e9004,0,5,0,0,32,76,6,34,740,487.43
7289,5794fb3556a07a662a8a79cfd692eaa459e9066b,0,1,0,0,0,24,3,17,275,142.55
7290,3c8421a3304d44c064c230c329a999373feb0607,0,3,0,0,113,20,6,20,904,396.76
7291,8540415a6b5a44b86c62fc46450bb21866dab2dc,0,1,0,0,0,0,0,0,275,85.15
7292,eb5a59a311a14cc0a3c37a13d10abc8c5a0f6d1b,0,2,0,0,3,0,2,1,672,241.18
7293,5a7ff5e32312426b63d9a8a5dc7fd58fa2ffb8ce,0,4,0,0,450,208,44,107,1221,730.79
7294,6c445d6b7f3c8933a0bfd599ba8455b7254a323d,1,11,0,0,214,92,11,35,1330,1109.5
7295,ecaf3b079dad89e220885791fefb1372c3d2f9d6,0,3,0,0,14,4,0,0,340,202.2
7296,60eed63462f90dfd58b61fb333971595142c3d60,0,1,0,0,2,3,7,11,84,152.26
7297,fed476f9c049128674841d1c46b868979352b1a5,0,23,0,1,374,523,39,121,8783,2264.3
7298,9530b27ade1098d6a648ee4f6abe4ce8c43c94d8,0,2,0,1,32,16,0,3,81,200.27
7299,bc23632f201f760147d8bd1fbee68533fc3f6dfa,0,11,0,0,142,286,22,74,3063,1170.65
7300,458b36b5a5390a2dd6ddc24af3a85179e95faebf,0,2,0,0,4,0,1,0,198,402.83
7301,1d2d0749a8b72c4c8cdd5b85b210157e8d7d6a41,0,3,0,0,289,497,0,18,646,459.31
7302,2f74831f4218142f6e118678a3c74c79c1f7e1ed,0,3,0,0,286,466,37,105,2272,629.31
7303,0ebc0e4c8ccea4095ddf775a23dde3edc9d4108c,0,1,0,0,12,0,0,0,339,161.89
7304,fe5ef557c076c9730e6d71efafc711c43194905c,0,1,0,0,10,0,3,10,312,142.85
7305,f2251aa41a766bf65363540608909238685a6b1a,0,1,0,0,0,1,0,1,92,99.55
7306,5895280968d4476330806e571fca06080dce858b,0,1,0,0,0,0,0,0,52,67.15
7307,b83b084df203d6d68452d1a09655f6f14ebfd9f0,0,1,0,0,0,0,0,0,33,64.52
7308,91b12fc4b31fb77e69705cc6e4899156b5639f14,0,1,0,0,0,0,0,0,160,72.56
7309,9c6c072d93811a300cff754f00b5178035bf7112,0,1,0,0,0,0,2,0,291,106.61
7310,ed538f90efde68cda8571798d2a402e852fcba51,0,1,0,0,6,4,0,3,141,124.35
7311,0e9d6bfe1a182b5ce12e7772ade3433b440aa2c6,0,4,0,0,93,1,3,8,544,393.51
7312,cee22ad54d7c28aaf0868dd45aeb9b5b708b0e78,2,12,0,0,611,295,56,120,2786,1474.3
7313,ff96739207d94a3e18339566c6abf8108196f95f,0,1,0,0,0,0,0,0,169,91.56
7314,27395e78befd3694535736c9756c0380c6a00516,0,2,0,0,0,0,0,0,277,122.76
7315,057c32997442b5df8842fe46aa2ebe9b178d8647,0,1,0,0,0,0,0,0,160,76.3
7316,f00e7a77313eb4e5d4d7159747bc88e1978adbe0,1,4,0,0,8,8,1,2,118,412.37
7317,4754cddfb980226326994b60383ef83baed06714,0,1,0,0,2,0,0,0,52,83.65
7318,b39d984f7bd682c7638415d65dcc4ac9bcb74e5f,0,5,0,0,175,373,42,127,3447,817.66
7319,7ede582fbd55dc959c3d3d26b4634b7472451e74,0,2,0,0,5,9,9,13,277,267.66
7320,471552e0429267ae62c292487ddbb4d15a7daa49,0,1,0,0,2,0,0,0,351,409.58
7321,79c5bc314b09e8cbcc353798945f67b409301999,0,10,0,2,173,99,8,19,1672,899.41
7322,68398ada7e35cccc5f3818bb47b741ee25243e08,0,1,0,0,95,114,3,6,85,150.63
7323,b671522d008017bc46e48ffee4c43375d96c4f26,0,2,0,0,3,3,1,3,484,252.69
7324,774e59dc3d1e51b700413642416c202376bcb061,0,3,0,0,14,80,0,1,639,307.86
7325,85f2bbfd1c6803977ecc1c2053527363078bce22,0,3,0,0,395,381,9,70,1671,519.28
7326,063e91754b22a28a43efccb0c238c577a6bd0b8a,0,5,0,0,391,297,9,65,1756,660.91
7327,9343bd4070d69f9c1558656deccfd8e3692c2c80,0,3,0,0,50,22,6,23,235,283.17
7328,dc9ed463417aa8028e77e91718e4f3d6ea563210,6,27,0,0,281,152,26,53,5448,2464.67
7329,017ec3e99e704db5e1a36ad153af08d6e7eca523,0,6,0,0,1500,993,16,115,1574,1163.38
7330,4ae198765b21c644494cd902f6d127400d126de1,0,1,0,0,4,0,0,3,136,109.51
7331,578c85dc74522668e5c1e89119d25117cba5abf4,0,2,0,0,11,54,1,2,669,272.71
7332,82ef1cfc3d5a62c4d0f6163e09a9690b43959a92,0,1,0,0,349,73,16,67,795,278.46
7333,2e90259669bddf04b6c1dba38b604aa6a33dcd47,2,3,1,1,0,45,0,0,475,466.37
7334,5fae533f3ead3d91317752f83826fbada98b2ec9,0,2,0,0,0,0,0,4,172,135.28
7335,f147ca91c759b8013c5226774bc974c342bee3f0,0,7,0,0,101,26,6,12,584,496.84
7336,fbbedcee81920d17ac2b857eefe1c2b4a9d94b9f,0,2,0,0,8,0,3,5,261,230.72
7337,a13add64fe586ba16041db71f0a200a52da924be,0,4,0,0,76,65,21,43,1727,558.84
7338,0e624238c15558155a57bcfa7ada9b3b84067658,0,1,0,0,4,0,0,12,140,123.66
7339,33f2f844b6bef7b3e5977f649bb2bfaf2e4db904,0,1,0,0,80,33,7,83,223,172.53
7340,98cbd561e286ca3191c3d64527ff649256f2e3a6,0,1,0,0,0,14,2,9,289,413.81
7341,f1cabcade8b718bcccf027ca6b7c0773cef5224e,0,1,0,0,0,0,0,0,99,76.7
7342,eb82861c8d4c497d64b5e61a1606bdd270e8e109,0,2,0,2,18,0,0,0,108,267.48
7343,7d857b46fb070548bf5e5f6ff81db588f08ec22a,5,34,0,4,519,288,24,83,6150,3596.48
7344,79a2875a70efc98f2cda32dcb7c439d07dc7480d,0,1,0,0,0,1,0,0,68,87.84
7345,5bc2f0130986b98beca40e4e18a27d2803248725,0,1,0,0,0,0,0,0,136,78.01
7346,fb221095cb2a18cf8f027a8a084700d606bb9ca3,2,21,0,0,87,86,7,11,3254,1578.64
7347,716264c72f0980e763da540f59912d11bbfb4695,0,2,0,0,16,39,3,3,395,299.14
7348,2811f15bc9117fed4fb38de490d25d68df4e85b7,0,5,0,2,236,168,11,14,762,683.15
7349,341b3fbfb444bc0af81700cdc5a30d5bafea04a1,0,1,0,0,0,4,0,0,194,104.38
7350,5a9820d4a4e3f911a4ec9735bae24261f2652d0f,0,2,0,0,15,16,0,0,267,195.6
7351,9eae8d340cb00fcabcab9b1c8c0d85943eac061b,0,2,0,0,37,2,0,3,371,241.08
7352,cb0d1ca4514be44ddf65221b0d7cf75b026be2e8,0,2,0,0,5,47,0,0,1166,361.07
7353,6c16d2745b403d0192c780886b875cc629c0227c,0,1,0,0,0,0,0,0,171,79.58
7354,b27e2f93cc9bc33a95d531f43442b93e85ba4a30,0,1,0,0,0,0,0,0,171,82.17
7355,73b5cabbcdf476632300c8d73fa5edf3fb447bdc,1,3,0,0,0,2,0,0,561,256.71
7356,c57d0d4fabb8b1c8b9b312010a706245a203be57,0,2,0,0,17,32,3,19,1107,328.28
7357,2217695166a61f576b36993b36a6bde8c8952fde,0,1,0,0,0,0,0,0,201,84.45
7358,1465f43c2ef7398b1ac29b8889f54d8d89d4640f,0,2,0,0,2,9,6,1,280,203.34
7359,864e009b0853741fc33de5ab4e6384cacef48ca8,0,1,0,0,4,0,0,10,1099,194.5
7360,d5a15e45b080756bb553ad4f03ecb51edfed8400,0,1,0,0,4,0,0,0,187,644.54
7361,98f5f77bb3c5d50e52cbb6f577a463ca8a5134ad,0,2,0,0,232,66,62,23,412,322.46
7362,b4133f38d5ef5fc50047eb4a31307ac97c5b72ee,8,36,5,0,323,251,35,50,6850,3273.9
7363,f28409bb9730c0318c3243f9d0febbb05ec0c2dc,0,1,0,0,9,46,2,36,2138,320.48
7364,d019136ee4830a4022354d473a6290d827793057,0,3,0,0,0,0,0,0,508,172.77
7365,3bf8bdceb8ad15de5711da383f1ec3e39ecba2e7,0,1,0,0,0,0,0,0,124,97.25
7366,ae4d705db38b713400292fc46ae0858fb0545fe3,0,2,0,0,3,2,0,0,220,141.33
7367,cb9865c940fbba1abdcc64d151ee79c22f6d3371,0,1,0,0,0,0,0,2,415,129.01
7368,e983590d303c9c19577b3bd5b5c95adc9f5abb8a,0,1,0,0,6,3,0,6,139,160.83
7369,997cb663e8c8f164873515f81bb779e435aead6d,1,4,0,0,296,221,2,27,851,574.0
7370,1f74142d756b3201acf0fe684943c972e7471782,0,9,0,0,126,120,14,14,1054,782.14
7371,f0d1d75ebf10beff6d24323c03c57e29dcd38c15,0,3,0,0,42,227,17,61,1057,337.09
7372,019d43734d30499242af621541cf1c48958046e3,0,1,0,0,0,0,0,2,956,155.7
7373,de73b5c7bef402782ff775fba772cb3f870bbc16,0,1,0,0,0,0,0,0,347,100.4
7374,91392edbe812c722adcf35cf167bf400d25dc99a,0,1,0,0,0,0,0,0,433,98.04
7375,7abae2b3fd0f8464b8f1bb0efef59009348c2360,0,3,0,0,13,10,5,5,303,287.85
7376,e9da85723a8dd40872c4bca087a03b655bd2cacb,2,14,0,0,1038,704,22,119,1958,1562.82
7377,1e478d380bd497a3fe635b35b6e87e002cabf617,5,4,0,0,233,128,4,16,886,877.1
7378,7751588f7715386db0a92bfc4b5db9f151e15133,7,4,0,0,41,34,4,10,1085,788.32
7379,adffb3602033273efdbb8b5303c62dbf33c36903,0,27,0,4,225,87,9,20,1495,2010.98
7380,da995b72e3577a058606afbbb82a873089c47a80,0,1,0,0,0,3,0,0,72,368.62
7381,7bd65a129c63091d6885f92afe77a41c4fc46a6f,0,2,0,0,40,0,2,1,112,194.01
7382,677aaf0f7916f2f23108d378e20859c0aae4d913,0,2,0,0,37,18,2,6,156,260.58
7383,bc0d1da0ce2d1ddc766ba99110470c50e7fd8bbe,0,1,0,0,3,6,0,0,11,108.19
7384,84426d183ae095107bb264b92d828f231d0a9826,0,2,0,0,3,117,0,0,399,187.03
7385,3c00a0674a4e8b71ae25439dc2a0dece2f460d21,0,3,0,0,79,18,5,38,1692,423.54
7386,8049bc8869939a0b083377cf4c38f1274e9e1f3a,0,1,0,0,8,0,0,0,297,125.53
7387,78a05d4f7c60605e0e57d2d9d5e72e19081e4e40,0,2,0,0,3,4,2,0,1227,254.51
7388,b0ab12f4d52f78d30bb514d7a5ebb49c34a399b4,0,2,0,0,0,0,0,0,1230,206.63
7389,f6ca482516d3915b9a0b87a787d0c7893e39c92b,0,8,0,1,633,542,25,64,3955,1096.56
7390,70fd80ae43f3902e651c956b6d4d07cbc203d30a,0,5,0,0,33,17,8,49,1929,543.46
7391,0a5603789d09a946a22f6928269590c284d80e40,0,1,0,0,2,0,3,7,231,135.07
7392,12911352de32c948282779a70848211008409441,0,4,0,0,26,100,0,1,813,360.16
7393,c481e8dc84c713bda21724368094850ff9150011,0,4,0,0,140,40,8,19,1572,530.09
7394,9659a389ca7fe8e96779a73448cb078375f0880a,0,2,0,0,1,123,0,0,436,173.78
7395,b447ffc4242c1514dd33e4ace96b719d892ff4a2,0,2,0,0,19,12,4,13,412,213.9
7396,9ed4877760b3b8acacac2dea833477ec14ba1d28,0,1,0,0,0,1,2,10,289,150.94
7397,0297cbe97f73c3de9f10154f7ade72d8470ffa73,0,1,0,0,7,10,5,24,279,162.25
7398,fa4255f06b0cc37051a69be20fd20e8e57798702,0,5,0,0,84,27,7,26,3158,698.43
7399,3ae5a4d679aa52c890221be19b1401c77a5aa109,0,1,0,0,2,0,0,1,109,118.7
7400,eaf4b91ae33cf623eed2fc0a934ce658a7ec49bb,1,2,0,0,17,0,0,3,150,496.85
7401,e865e8875370db8349f8d836594f45978b855943,0,2,0,0,0,24,0,0,620,166.54
7402,ba068472b33dc4e68aeb05deb480811b37582a46,0,1,0,0,0,2,1,0,237,116.66
7403,26838063de6246e3a1e18062114ca92fb81c00cf,2,29,1,0,230,392,23,36,5019,2563.22
7404,ed9014818cb747ab9d3899d0d5bc5305feb388ee,0,1,0,0,2,1,13,16,245,188.78
7405,286f6a143573de267c1595fe4dd83108ed5356fc,0,5,1,0,20,91,13,22,2630,665.41
7406,8d317b1d305e173cd432518218e38d3cc9e6fc5e,0,1,0,0,10,19,11,24,263,159.58
7407,e7064b2d49e24ea44a44809d644274a2712d9869,0,1,0,0,6,0,0,0,113,93.78
7408,eaa06942a6b5f54fb72bc7fe53d469cd034c2106,0,1,0,0,36,8,2,1,198,158.36
7409,c8a365309cdffc61f4e07aea4f4e566bd6283a3e,0,1,0,0,0,0,0,0,189,78.06
7410,0f6461849c0acf146a019094dce55249113678b5,0,1,0,0,0,0,0,3,268,99.9
7411,a5cbb026195ace450a514db22a64dc9c7c8fa66e,0,2,0,0,35,21,0,0,618,223.8
7412,0bb133e39d95486a897ff375f081cc814f78181b,0,6,0,0,65,221,23,97,2684,760.23
7413,3cda6829ccbbfaac08092773b55c9ee315dd5bbd,0,1,0,0,6,23,3,46,263,175.88
7414,3f9b9ffe6b83987f7a1feb9a1d269e0f7c112161,0,3,0,0,78,5,3,4,760,402.01
7415,5051c0f6eb3f984600600c9577d6b5ece9038c74,0,2,0,0,146,2,0,7,605,264.99
7416,f5078b19c509d52d32659aef714bf9288540bfc4,0,2,0,0,98,53,1,7,1040,351.72
7417,d9322a17189567d2c117cb3e69c456dd0781931e,1,10,0,0,98,3,6,30,1713,874.61
7418,938faa21697a95d7ec87dccd5750a8a80986509f,0,31,0,2,355,14,3,24,2131,2236.84
7419,1823c84b827ff5f38862757db58001105f1d753f,0,1,0,0,2,0,0,0,1109,185.8
7420,e89028d34c699916b8c94b52f4cb3e086d8b81c1,0,2,0,0,6,10,1,0,542,528.19
7421,c6cb31e5f841f19eaccf6995fa7bd643b1e9acc3,0,1,0,0,27,0,0,0,347,155.69
7422,f59a78b7625f7679794c3db1a185344af1353ebd,0,2,0,0,0,0,0,0,439,173.15
7423,10649b1ce5aba1683e024c0f9cf23bd9c42704b7,0,9,0,0,184,3,31,58,2243,925.9
7424,1d51512effadf57c0f88a17ca67cbed015e2aa99,0,1,0,0,2,1,0,1,244,138.57
7425,bd6654733dded3513c2c7acf96df2c364b0c043e,4,1,1,0,592,298,23,64,813,650.64
7426,3431934b4d97472882fd90d112ec5db1bf757b0d,0,1,0,0,0,3,1,6,448,192.21
7427,7dccb3137375ce310a5827ffd493dbde93ad147a,0,11,0,0,27,0,0,3,3586,868.58
7428,f97e410495d7bef19708ba088e56bea8f4c24206,0,1,0,0,1,0,0,2,310,134.6
7429,f531c67d687a004bcda57582e68f90b1901e992d,0,1,0,0,35,0,1,4,48,122.19
7430,0e23d175ae0538e2360d1f18f30619d537d82ed2,0,1,0,0,0,0,0,0,199,78.36
7431,05483a962c64c350315fc738c697980b22361cc3,0,1,0,0,0,20,11,14,137,122.7
7432,a5d095e62ed459aefbc8c25e2bbcd46969a48eec,0,10,0,0,523,625,28,111,5498,1392.84
7433,54836ec0c5f41fed53c1010acb27f311e615a7f3,0,24,0,1,186,123,29,153,6567,1825.25
7434,5847222d9b2428c201a534876f86a0ec6f6f436f,0,2,0,0,4,34,1,1,870,254.42
7435,4205011c0fb92bfb6a7456ab620f5d6b40cb9160,6,30,0,1,1476,1690,38,132,6648,4421.53
7436,19245e5faccdd4c1b926e94c38b7a7faad005453,0,1,0,0,3,3,0,0,15,118.45
7437,ee609411a8e154255812b157788a79bbdf076566,0,2,0,1,16,0,0,0,84,215.16
7438,ffdf6c79c8644877cd35dc642e151486ed165a1d,0,1,0,0,8,9,3,4,110,168.91
7439,221f27a6d510e0820718b0669754d6d9b42e2d2d,0,1,0,0,25,0,0,19,1171,256.63
7440,3472cf06ce9a811381a1548934b7a0b343616197,0,5,0,0,39,8,6,11,3707,943.74
7441,b29736c27acff3a62a1416a7c6cd7f77deb96b84,0,11,0,0,46,0,3,18,3425,911.75
7442,c9df18c2e2470d42a818c447b6fc9b23af8935be,0,1,0,0,0,1,0,2,74,108.73
7443,ae816cb84f24de410a5e4b0b2e73507eca37f655,0,1,0,0,6,1,0,20,1125,222.84
7444,fa113167956a6163156a0f475171d1c41f9ed7c2,0,5,0,1,56,6,1,4,1473,539.37
7445,f2c5ad743933498e60e7eef55e8daaa6ce338a03,0,8,0,0,148,190,11,24,2606,905.19
7446,143a7d9590d12e8ff61cd008d4247312b0165f27,0,14,0,1,9,2,0,1,1718,811.37
7447,2c4b3016413de3f329c8128b138827f828c86dd0,0,1,0,0,0,0,0,0,132,82.49
7448,6966fcda9b5ce657760dfe103e5812862306ff7a,0,9,0,0,202,78,8,5,2664,941.39
7449,824cb768d2aa45e1889653ab2c98cc0bc63e594e,0,5,0,0,47,4,3,18,3217,625.83
7450,5694a2ac3f227bdd22f1532059b566820deaf23e,0,1,0,0,0,9,0,0,793,154.59
7451,ead27d9e664726da7695fa11ea7e022c11ee7590,0,2,0,0,85,31,2,12,653,320.19
7452,465def8e295b453dc22430dc4bb7039f6921151e,0,2,0,0,6,37,0,3,553,289.17
7453,22a9bf0d4e2e2ff45e3db56d87012642ba64a615,0,1,0,0,0,3,0,0,276,112.46
7454,5cef78af9214308ef817de43ec36054a2549329c,1,3,0,0,87,217,21,34,1440,597.48
7455,86a73d439c56faf1c0309e1b808368f8d04bc734,0,1,0,0,69,54,1,1,22,165.17
7456,83cc2ed3af284c8d82bd80e27bf9f7848f0b1548,0,1,0,0,5,15,3,7,16,140.59
7457,e86d531ec2bf831a68d0bb448e5ed6ad623bbcf7,0,1,0,0,257,400,9,77,807,297.55
7458,315356c1de7e4d7db5e0f159daebe9a528a8e04d,0,1,0,0,146,11,5,1,151,182.76
7459,d052c90483e44ab8b280c4507d5c11202367dffd,0,1,0,0,2,0,0,3,268,126.36
7460,88b3cfc3b6b4417a913a512b461897378b48c039,0,1,0,0,13,0,0,0,30,367.34
7461,f092f7be2f315b9804d7160cb7f5a40f1df38155,0,1,0,1,2,0,1,1,39,181.61
7462,77924b37c9bd28af8bfdc77edc9c7d6717c8085d,0,2,0,0,7,27,3,1,489,210.62
7463,e83f9e69e2c4abd295645eaf0289772a15eb4a85,0,4,0,0,35,6,0,2,752,371.14
7464,f2d5cd0f7e269ac6e048c8cdcf275db69591940e,0,5,0,0,82,15,0,3,653,497.5
7465,858004791977f0db56da201f1ab84c4efe75d974,0,1,0,0,12,0,4,4,240,131.25
7466,be6e6ea662b7da556a9e4ba5fd402b7451bdde10,0,8,0,0,350,710,62,186,4367,1149.77
7467,8bd629942ca7014ff5b6e001db10290691f6cc08,1,2,0,0,28,39,2,5,432,327.35
7468,39df31a06a35b221f55f17ed20947a1a2e33ee1a,2,18,0,1,555,278,13,91,2520,1463.18
7469,6808e7555762236b6222f65bf066f90f7597405e,0,2,0,0,38,56,12,21,552,292.59
7470,f56c0c6685a490c9237f5f8ff0baa84f3441b545,0,4,0,1,368,325,3,12,1392,605.79
7471,e4f6045806906332b6c1ed3cf2ceece8f5bb922b,2,1,0,0,26,0,0,0,228,242.15
7472,768e717d7ab8c629d7623c619aff1ef99ca8eaf8,2,1,0,0,1,39,0,0,6,257.96
7473,48d4f6080d882f9d08561f64fdbb5ab91dea080d,0,1,0,0,35,0,0,0,478,154.69
7474,fe3f3da25912ab6da1dcad26946b74505674257b,0,1,0,0,0,2,2,7,368,166.45
7475,5a249362e2160bd54064756304f14f17b7c05d9f,0,1,0,0,1,0,0,0,549,133.33
7476,9484783a868279439e8d5a658b27a7c63a0482b7,0,6,0,0,6,13,0,0,623,412.93
7477,acd46ab7c4e185e474026a0bfecdd2c5e77bf46d,0,1,0,0,6,10,15,26,177,151.45
7478,5f6a124853e55db9953e4e2fc717f9e9fe76d1d7,0,1,0,0,492,158,18,63,928,351.46
7479,0fd07e832be6e9c97ca968977ba2abdf9d5cd809,0,2,0,0,0,0,0,0,224,127.01
7480,fdfc2d8d371c7411cdeffdc0bd43d1a2a725ff6b,0,1,0,0,3,4,0,0,192,401.34
7481,df0cd441e2293977b5a2584e1b80fae6c9853e81,0,1,0,0,4,0,0,8,381,155.71
7482,c92928bb9c2441254b51e2ea4dc742c9245b9f4c,0,1,0,0,12,0,14,30,183,140.93
7483,da07130e4e08cd8645001c6f7fa9ea2acb2072ca,0,5,0,0,19,87,2,7,490,440.55
7484,a8743c6e3b2876af3f028097ae3115db160e72e3,0,5,0,0,21,3,2,17,801,411.9
7485,29239c765c22a7c1cb3a64476ebf0dfa9e2f9da0,0,13,0,0,220,184,20,31,3538,1178.87
7486,af4ebfffcfad203563c8eeadf68b2c3b0ecf2f1c,0,1,0,0,3,0,1,6,448,174.95
7487,d600f51ee1a3eb7b30ce3c409129567b70c22012,0,2,0,0,23,10,4,11,1358,360.83
7488,71640f1e323a806fc06620b24c174080edc9a628,0,1,0,0,0,0,0,0,173,77.9
7489,ac24b88e56275583b71bd6a1feba443e05e88c39,0,1,0,0,0,0,0,0,173,77.24
7490,0628099c6df70b862472c5945aaa49c97929360e,0,1,0,0,0,0,0,0,57,83.69
7491,58abe8a808fc2d9f400c09b4a7cf96b93577bded,0,2,0,0,2,9,13,71,196,472.09
7492,8af61ac311b8b6e8bbff410f5f0e29bc73ca8daa,1,11,0,0,149,20,12,26,3334,1124.93
7493,1d7466425b96dcf4e1ebf68eceed4858fbbd6e29,2,1,0,0,12,0,0,0,963,301.63
7494,262f1673d7b62e7578c14b9399e32285cd14aee9,0,1,0,0,3,1,7,15,95,161.54
7495,cdf02f6680e803fd9b5f6d5cd1a49df69e5b05dc,0,1,0,0,13,3,0,11,157,136.8
7496,4bc3aa93337474a29bc4ad43ff4438755c9c7ab8,0,4,0,0,116,29,1,4,763,408.99
7497,0026e4eeec23367c74c44b23a9586562b939f6f8,1,15,0,0,21,48,7,6,1623,1066.3
7498,fa14804543e9ed2cc781d9f8511ab7a5c22f8dd7,0,1,0,0,2,2,2,6,268,177.33
7499,3c95d4731cfc1ad575f92e6c1944bf6f881e74d2,0,6,0,0,2,0,1,9,1173,391.1
7500,ea77d00bf05682972b0a60ed5f16ebc7a93ee649,0,2,0,0,0,0,0,0,44,1843.28
7501,932f3ebbe9005582a4e253c84f4f20aef3a0abac,0,2,0,0,8,45,1,3,959,533.49
7502,3f49c328f202e68b67a9caaa63522e333ea5006f,0,18,0,0,538,19,3,20,5127,3938.6
7503,c5cc2867d515cde05e16385a0d30cb1ac832eb1a,0,1,0,0,0,0,0,0,27,70.26
7504,2dc2bb808634be9aaf5ee1d65eb968f8c5514305,0,24,0,0,745,276,66,143,7385,3090.06
7505,81f6c784ce967fadb6ed7f58de1328e713eaf53c,0,1,0,0,0,0,0,0,2446,288.48
7506,c1a9a47df292dbbde3c675c10d68043e7b212c28,0,2,0,0,27,3,0,10,470,308.7
7507,1096f9f5e77ff7b17cc7f9fe5aba008834899251,1,3,0,0,25,7,0,2,142,378.27
7508,d43b9ce5092f8879a1a66afebab74d86e9e127fb,12,12,0,1,216,1,7,26,3356,3350.96
7509,bf0906b92cf65161d828e31bc46436d427bbb4b8,0,4,0,0,147,430,34,93,2822,968.52
7510,8206839328e665108e33de8b48926942d46cf12e,0,4,0,0,2,0,0,0,1625,327.04
7511,ec604875886a5790b627f0fa22cea4fca34532dd,0,3,0,0,113,77,11,40,756,856.75
7512,bcd274f7c04e2cb9fe9a8155428dfa7212fe3a70,0,2,0,0,1,69,0,0,1715,481.62
7513,0ac1079a4b2ef252618a67cfd04d88aec4c112aa,0,2,0,0,13,1,0,1,81,452.86
7514,2f0e365dc495336332e174b30e2d15e56fc344e2,0,2,0,0,14,2,1,2,891,384.59
7515,c1f62390239f792f010feb07b02218062e34cee0,0,1,0,1,14,0,1,2,5,280.73
7516,57e9a83b2abf08d7a1261e8f7a9f435d221a1f81,0,4,0,1,35,19,0,3,662,605.29
7517,979af884ee4ecef78a21c4bd58992d053256f8f0,2,7,0,0,411,117,28,85,5043,1607.53
7518,cfa90c065f649ea5fac5507cf6c06c9a3d3254de,0,2,0,0,171,0,0,0,316,288.41
7519,6dc595dd2ebf8477b4775473d1d2417fa3a0fcfd,0,8,0,0,64,426,5,20,888,1080.49
7520,9fc14bc5a5467da3305668958f9fcd7e5d4dad7a,0,12,0,1,370,521,33,69,2833,1504.22
7521,b80ef9b2580c123da90879b4456606ef5b01b6f2,0,1,0,0,0,0,0,0,878,151.46
7522,4eed687d3b3c33b1b52a7c000ba10ba1c7f7222e,0,1,0,0,3,0,0,0,10,104.4
7523,3a79a027c7db2b8007a8ae4e19002c3edbf63d8e,0,2,0,0,12,0,0,0,966,892.32
7524,c7fb95c98d2c370fcdb8e0389528ce6668f3a58c,0,1,0,0,14,0,0,3,336,375.2
7525,5115c106db198e684b47c614b237925c45c71da8,0,6,0,0,108,484,34,124,4810,44484.24
7526,cd8a98a2dd2d7e4993cd1aa3c282602b48be73c8,0,8,0,0,20,123,0,1,2663,671.8
7527,02404115e0db1762473556f985c8e5388db92da6,0,8,0,0,219,64,16,24,2619,1053.37
7528,7efe1ccc5b9fda790b469ac96bc8c86599b08357,0,1,0,0,0,1,0,0,39,114.72
7529,56e01770bf556f3cfde84539da880235243cabef,0,1,0,0,3,1,3,6,105,152.43
7530,87cb1c6e8705ae359bb58e1a73c793a31992366f,0,1,0,0,6,3,2,4,632,194.06
7531,033f2565ef25bc764141dc0fc64088fab6de89c9,0,2,0,0,12,10,0,0,474,168.03
7532,9fd0d0747bd46a09ec3567f4ec94fa3d63eca9aa,0,1,0,0,302,63,22,79,2191,424.51
7533,b3a4e2005efca1b732f1ab30f89ec8b9541ca81b,0,9,0,0,14,39,22,63,3186,849.44
7534,7872318d63009193415ba1365beedc2303a92386,0,2,0,0,172,79,4,7,937,365.17
7535,f4da90aca0e79664ea06212283f6cd5f9288d441,0,2,0,0,17,18,0,0,142,150.71
7536,95d0b671d1af154eaf1c1e81992c7f3f51469eee,0,4,0,0,118,143,10,23,1051,517.78
7537,76f175028544fe20f30ae873f23cba559097cef1,0,3,0,0,30,2,3,8,464,272.4
7538,45c0f860f3c7f8e0a7c80809c4ff47f4acf65557,0,9,0,1,277,150,20,74,986,1021.68
7539,c6ec31bada33b9b803d09a863414ea9cad72752e,3,3,1,0,21,1,0,3,447,529.48
7540,c510e001481637e1f74d9ad176f8dc3ab7ebd1e3,2,1,0,0,213,179,0,9,200,766.62
7541,ce8c9b559f48e72cb4488e75211be338d28bdb13,3,32,0,0,995,741,56,228,8370,4266.98
7542,6c6407411f4955967297331798e9d0c57644b311,0,2,0,1,2,1,0,0,659,219.81
7543,e2a0d75b024463ad481333bdae826928b55ac589,5,14,0,0,86,159,1,2,1423,1274.55
7544,bc9a0793944f7dd481646c4014d13b844439906c,1,1,0,1,0,0,0,0,3,190.51
7545,f2a354763877cfeaf1dd017b84a7c8ee9eafd885,0,9,0,0,97,32,6,31,3185,892.05
7546,bfd57d13b7914ad909c75e1e126802e9867cc735,4,18,0,0,483,137,3,53,4556,2058.61
7547,ecf05b882658d78f0ce6b87b57c982aa776c5104,4,18,0,0,0,36,0,0,5003,1295.87
7548,f7aa37142087d93e180b7f7ef8a744543044548f,0,1,0,0,0,0,0,0,121,80.63
7549,55568c17d6100cedc77747dfe1ad05a40191216b,0,1,0,0,0,0,0,0,191,91.12
7550,9b356409572298373558fe5cc0e249f63c0d3a93,0,4,0,1,2,13,1,4,838,383.39
7551,c9ca441bde92f7497e85eba2f69e2b70dc9bcf25,0,4,0,0,0,0,0,0,840,214.25
7552,4ba91cdadd42334c98dc1bb16b072c8ed59e4ba8,0,1,0,0,0,2,0,1,19,108.69
7553,8b04ec908854f8301533107b81e7508de993b671,0,1,0,0,6,27,7,3,214,177.32
7554,ddb3e6a7344371a918119749c221b7140dbe57bc,0,1,0,0,27,6,7,5,214,161.67
7555,456c0280e90c92724669c4aba6ae9461af02d663,0,1,0,0,0,0,0,0,241,87.07
7556,f51ee61f9dfef4288381f2133f6859c6a57a0693,0,1,0,0,0,0,0,0,241,85.55
7557,7c759e2c326357a241e63c19cd4cd329f7920ea3,0,3,0,0,19,1,0,0,319,236.07
7558,312e21bda7c50f05fc5f8868740b513022385951,0,2,0,0,23,27,2,4,224,270.29
7559,49ce0a49571de31094959fa0f86da5492bd7fc0e,0,1,0,0,2,0,0,6,2493,333.92
7560,9d9a1a12248eb37affd0cb131c8aa4f658c3bcc9,0,17,1,0,98,16,10,54,3361,1387.07
7561,cbb9d5d8284d91d84c331c90780a9c5ce2c22b75,0,4,0,0,108,0,13,27,3158,552.96
7562,3de6e9d327fc13cdb1b81cec918ab90a1a524fbe,0,1,0,0,98,210,0,0,102,142.61
7563,8ae31392d66a9004b01bc40a267f0c8b34fc028f,0,1,0,0,15,15,0,0,12,117.06
7564,f60ab23731e4d7d6aa021f62b5a73dcedfa3e2f1,0,3,0,0,1,1,0,0,322,187.75
7565,c39a9b08d94ebcb22e6f4e400fc79f169564b3ce,0,2,0,1,1,4,0,1,242,239.28
7566,5e4198ffdad57aebd7c4b3a8cc01a7ce88eac99c,0,1,0,0,18,0,0,0,217,102.39
7567,77eee181c5627446a86c10b9ee996806f0dceaa1,0,1,0,0,0,2,0,1,25,97.47
7568,ebf350740581cf0811fa78e10ae70e9640fa1476,0,1,0,0,0,0,1,0,235,94.95
7569,8f15eb1b717548816a9ee8314269d4d1e2ee7084,0,2,0,0,21,1,3,4,772,330.98
7570,84b9e72788816b571cb50404ccb9fb9b5f19ba4f,0,3,0,0,163,70,3,15,355,443.58
7571,2256778726319fb76b6d85c4a47a957116c78147,0,3,0,0,9,147,4,24,1217,427.67
7572,4bbf99372e677979c46de432d3b849895fb433ee,0,2,0,0,19,0,0,1,442,227.73
7573,490c1c27c9b700f14212d9591a516ddb8d0865c7,0,34,5,0,133,240,7,41,6428,2529.36
7574,3fd4c68803ddf0d20d23b37d4b936258f8420209,1,7,0,0,72,1,0,0,200,564.61
7575,a449e8f70f047081b2fd5892219ad2659d0027bd,0,1,0,0,140,475,37,76,2050,374.23
7576,8b3de2f4908c4651491b0f20b80f7bb96cff26ed,11,38,0,0,1047,265,1,15,5914,4093.21
7577,55e8f5185194044a5c734d4a664a0f1f274ac9a3,0,1,0,0,0,0,0,0,48,81.12
7578,595f1da9ef11c92419add15df7c8172c54fd1dbc,0,1,0,0,0,0,0,0,48,71.65
7579,9e2fe3d0bae3bb36157ab43e6485a5d33be2cb41,0,1,0,0,0,0,0,0,48,77.18
7580,5de016fd7802fd541142fd1b5a10a82395b2bac9,0,1,0,0,11,1,2,10,85,450.68
7581,afbc2e8502a8a8d1d6a319017dfc3c2a45bebaca,0,1,0,0,0,0,0,0,511,135.44
7582,11601e4f407a26e84eb5deb815ad27f97d4b9939,0,1,0,1,0,0,0,0,14,112.74
7583,6f90e55e7e23cbe814a3232c8d1ec67f2ff2a537,1,2,0,0,67,157,21,29,1302,430.89
7584,bcb676223d24ae6acdff7c8df70f9926b46dfe0b,0,1,0,0,0,50,0,0,49,88.38
7585,0e357991b27645fd760823b98e46a96b85f9c020,0,2,0,0,7,0,0,0,128,144.71
7586,67cda763b270a56bf5a7c73c6b30c3f9d651daab,0,2,0,0,0,0,0,0,135,95.83
7587,e9b7a0f2546579244ffc167c56122b0a47d4b4b0,0,1,0,0,174,95,21,40,2095,382.11
7588,4aa09eb7a750ec179674fd51387d30be1bd94b03,0,4,0,0,93,48,7,39,1088,490.63
7589,b6e83fc200fa9e4c0e4f26491597188305cddd21,0,4,0,0,0,0,0,0,1181,225.26
7590,36a3ba0d0bd58e7fc48896557cb33caa4ae5f73f,0,1,0,0,0,0,0,0,104,78.15
7591,4901e4b1e97975a9fbc57d004bd8fe668ebc5d57,0,9,0,0,525,78,38,114,4323,1433.27
7592,7b1e2ed6e3d97e445cfdc877b190feafa1550fd5,0,1,0,0,0,0,0,1,101,107.16
7593,4d67639d38b3e3a6fd0a3487a99b9755abda469d,0,5,0,0,102,137,27,68,3821,818.11
7594,0b97c5d1f717be30a04c59c766465d9c62a4e9ee,2,1,0,0,3,442,0,2,363,507.78
7595,dd415263cc698d8b7b7165cb77add233302fcdfe,0,3,0,0,315,536,1,3,758,444.37
7596,1cbaceaaa6e4cbd16149ef3ab9852050c041c7cc,0,3,0,0,377,53,0,3,881,458.65
7597,d9b06e8af41c42244f76058641aeecda53a9bf75,0,3,0,0,53,332,0,1,926,340.25
7598,7eac22dd41cb09e6d64fb5ac48b2cca3c8840cc8,0,1,0,0,0,1,0,0,128,92.77
7599,0e9e0a4a8319b1b165c21d58a8fe9d9be43fe5a4,1,2,0,0,6,34,0,1,234,328.85
7600,07f990bc2d786fb2693369eed1a77c37fa0fd953,0,1,0,0,0,0,0,0,234,393.8
7601,8d1c33fa920c8e0897448b4390c66cec5ec56cde,0,1,0,0,1,0,0,1,5,110.81
7602,edf446c8c898af6a60c69942e2d6fdbdb523c905,0,1,0,0,0,0,0,0,6,71.78
7603,9a5aef09fe51592713d0fa38bfb9e42e21e7644d,0,1,0,0,24,95,0,9,557,193.25
7604,3b84de4da4243eaf5d1353c7154fb22c866eff7b,4,4,0,0,21,5,5,10,1500,812.14
7605,c0e7110f97d8fc03b0f2fcc991c4ab0650937b92,0,1,0,0,2,0,0,3,93,146.61
7606,7f668c6fe117f892cd79863fb9805ea5d5a2823c,0,9,0,0,186,577,72,181,3074,1114.95
7607,249e4b195de0d5351c4bfdd600bcd74b4fa085a5,0,1,0,0,6,3,0,1,184,185.36
7608,83ba3b7f37b1f1931879d3724b8aef4eb4a1da76,0,1,0,0,0,0,0,0,190,91.62
7609,36ce4e02b429b1297d71c5c8a963623c62d9e159,0,3,0,1,87,28,2,17,662,470.49
7610,707c36430918b27f0c392dc0bf077af23be06c70,1,31,0,3,521,161,55,146,6420,3021.8
7611,cecbe17e3eafc052acc13950494f7dddf026aa54,1,31,0,0,9,0,2,3,6941,1621.35
7612,1a0c0d375bffcd757a5ccec20190114798b31fba,0,1,0,0,0,0,0,3,893,169.7
7613,0c56d6c2230bafb800360a0fc1e09a112b2862aa,0,1,0,0,0,13,3,2,372,156.39
7614,c25fcabe2451d763c192cb808a38a009c16967f8,0,1,0,0,71,45,6,12,188,181.1
7615,e5a55333978dec926b40ae381ee489649d2cf365,0,2,0,0,1209,103,8,7,294,565.83
7616,48abc0369799acca0521150e2c88d4032e01c3b5,0,2,0,0,12,8,1,1,56,178.15
7617,9fc1ffb631a5a44bc11b55061288758e39a9d20a,0,9,0,0,271,220,15,51,3155,1389.66
7618,5d48b0d38d996cde1954c3c0df0f0f0a5eecfb81,0,6,0,0,110,116,25,68,1862,733.56
7619,a3008c879e8606d3f83bd6aaa5e308dc3c03bfd7,0,15,0,0,172,37,11,57,2338,1128.6
7620,2218d216368212ea571a82ba5cb39e5387a22c14,0,15,0,0,4,83,0,3,2427,1092.18
7621,38725802456dfcfcc2584cdfd061ac22215c2dfb,0,4,0,0,51,99,14,20,942,445.55
7622,fee2a3a0958b801e1c3b26b7ad7d4ce1a79868bd,0,1,0,0,66,306,24,78,2204,47008.51
7623,12103653f313d6f1ef030a535986123ddcffea9c,0,3,0,0,20,78,16,66,1442,487.13
7624,39d77f43e38ae085d6049740d3d86c629b3b5f94,0,1,0,0,321,66,28,89,2204,429.03
7625,a605f4258885850d8fb315831ac00d071cf6f274,0,1,0,0,0,0,0,0,173,79.24
7626,187636c471d375cf8c4f11d4ae6857c6943770fa,0,1,0,0,3,11,3,10,255,181.74
7627,eaced9a541d09d55973b6f88d720e16ac948a559,0,0,0,0,0,0,0,0,0,79.53
7628,5f3b35981d28179606c52599d502de7a08b9b690,0,4,0,0,13,18,11,25,2885,532.97
7629,8a5e88f635fdb984505a99a553b5799cedccd06d,0,4,0,0,34,47,9,27,2851,487.2
7630,95c4320baf468c32085676607521e0f33410c351,0,8,0,0,3,1,0,6,1530,532.28
7631,c607d76413be81a0e125c5780e068d7ab7594612,1,11,1,1,26,69,1,7,1098,998.71
7632,8a112ca8ae58df5b85d67f901ca6093917859941,0,1,0,0,1,85,2,16,194,161.09
7633,d81dc27c7bde7c44a3c00526d803d9d5c7fe2604,0,2,0,0,0,27,4,5,152,162.84
7634,d8eec1cd6d095961b3754b0de41ffc9061cba370,0,1,0,0,14,23,13,23,134,145.17
7635,dbe039f628220e5141836ecb9aab05d4da60589a,0,1,0,0,9,15,9,16,133,147.34
7636,6f360b6d239a7b3d3b625e1bcefcaeb2f6b2be1d,0,1,0,0,2,0,2,0,50,119.55
7637,8cb8c63e029b453c706922443d187d029d687af0,0,6,0,0,4,7,0,1,787,361.36
7638,858cb25a007accf007f76f81a3a20e1e4af5d0f9,0,1,0,0,44,88,0,0,278,161.41
7639,f0178266ee4287baaf061144f78e8f56f82ae611,0,1,0,0,0,0,0,0,212,74.51
7640,cc02e9059797e9c84940237503e8257d49defb4f,0,1,0,0,0,0,0,0,318,370.04
7641,db2c50d8113c10da7b6a31de5c979a41eb3d9a1d,0,1,0,0,2,0,0,2,21,116.11
7642,5725e2c422d21d8efe5ae3bc4389842939553650,0,5,0,0,70,3,6,16,1637,498.83
7643,48fed80162592f741bf29298e2064452d53de4d8,0,7,0,1,38,46,26,1,926,725.85
7644,52bf7acb0520411f420ccf36b9a3770674f604f6,0,1,0,0,4,1,0,0,275,119.1
7645,7e05f393f39c90ec0447b1cc893ff46901ae3071,0,2,0,0,18,0,0,1,385,189.15
7646,7a06df79d829ac073264045eb9420a61c5ba939a,0,3,0,0,97,17,2,6,599,380.41
7647,85e4df4bbf0ed5447c7328faa7495ad0b0f1cc22,0,1,0,0,4,0,0,1,146,139.42
7648,09dd72a8d61999d7d71bbc2a37e60f9cbdec7b80,0,1,0,0,0,0,0,0,157,76.64
7649,bb8283850c41fba247f5d77c9c22385098ce70f0,0,1,0,0,0,17,0,0,93,87.96
7650,5b95ebdafdc742d80ae6b2408387c179677f7572,0,14,0,1,624,506,15,35,1871,1216.13
7651,065d87a3e22c52beac75e624bde2d69026d27882,0,0,1,0,0,0,0,0,0,58.21
7652,237e14dd99cf3975d54cb1e41126c40bc183f3b4,0,1,0,0,12,0,0,0,183,122.86
7653,91564abaddce59b06c024e8959c46ec1e4d19eda,0,2,0,0,17,0,0,1,335,263.2
7654,84d836137d02f7703e9efae44f499b0a9413226d,0,2,1,0,41,1,4,4,176,268.3
7655,70e33d96e1f1236788afb50c1f02fbc64d760281,0,2,0,0,122,126,0,30,963,375.27
7656,e71a49e81f97864641f406461425a74ca4c56df1,7,8,7,0,538,28,2,34,1428,1718.61
7657,6ed9134336bb48d04284cefd303d8374ed901c0a,0,1,0,0,75,313,35,97,2196,391.02
7658,03662bb360a3cc3ab052083285de7c12adeee2bb,0,1,0,0,10,3,0,0,62,115.55
7659,619178bc866f8908123631553270ae6393090d43,0,11,0,1,431,345,47,123,4561,1484.46
7660,e96ce6d132129025ff6b923129cb67eed2f97931,0,68,0,4,351,607,39,101,7852,4977.39
7661,3cf415279c171fe20802ad90f181eed7da04c58d,0,2,0,1,5,16,0,3,1554,511.85
7662,1a4696c3c590e63e3ae10938a00eb70aaf02317a,0,1,0,0,0,2,0,0,97,86.24
7663,a70b0d4d37851891ec1c8af96063985a5122edda,0,1,0,0,30,26,0,6,574,216.35
7664,883c9f0f743139d78996f5faf191508a9be338b5,0,1,0,0,1,1,2,10,269,147.15
7665,0409abc26a9bd0dba59bccb37c668f6608dd6ab9,1,11,0,0,207,76,0,0,1005,862.83
7666,bd14400a95c94b43f2a992d2263d81ae994721f2,0,2,0,2,0,0,0,0,274,251.42
7667,0cc1c1b2a8e66905d3f672645e820664d2220e10,0,3,0,0,2,7,1,4,256,258.25
7668,74fdfe0a5f9bd8d3c525e771e2ba2cd3cfc18697,0,1,0,0,4,12,2,14,1146,254.2
7669,3a570d744e938077784d8a24b1334c7b567543ed,0,2,0,0,37,4,0,18,144,221.02
7670,e885886d5c92bfd8d2fa1596bfa86d6a5a8d89bb,0,1,0,0,5,0,0,1,97,120.59
7671,a6237bf65a95d654b7e702e81fd0d353460d0c89,0,1,0,0,20,9,8,16,211,157.75
7672,27efbf2fc55ff064767814067ef50396eb2403f0,0,1,0,0,7,0,0,0,34,88.48
7673,a5ce963117acf5e4cf0a31057551f2f42385c398,1,10,0,0,69,107,22,19,1176,983.65
7674,f02f154e47be13dd481fe7afe18183c615f39c71,0,1,0,0,0,1,0,3,317,135.27
7675,260846685b6129a324a7cb7396da135fee85ec04,1,23,0,2,783,392,58,124,4670,2626.6
7676,c878b6968be88fa89fb1d1d0212411bcbc4fae7c,2,8,0,5,8,3,0,0,1244,1006.45
7677,aea8bbff3b3a9fade3358c56e2c3f32a5f64862f,0,1,0,0,12,18,5,18,881,237.19
7678,0c5faef664aa403998f59cc77c9b39861890cfa1,0,4,0,0,15,0,0,0,167,259.61
7679,aa9b84995ffafa4325ea009d6748ca143aa6d236,0,1,0,0,0,0,0,0,246,82.84
7680,1f7a1dde5ee5fdea108fb50a5ab86af1e86207d7,0,1,0,0,26,114,1,5,203,439.87
7681,6991556e431a51575744248a4c484270c4f918c9,0,1,0,0,0,0,0,0,604,162.43
7682,3c2f87610de0f11071f3d5c005c1d14c06c832f8,0,1,0,0,78,70,5,66,178,169.64
7683,bb9aa098813b7f047f450086e18a78b149bb5349,0,5,0,0,128,75,8,26,515,435.13
7684,6487876dde14c46d5753f972909e5acec854cb53,0,12,0,0,276,80,0,14,4530,1329.02
7685,ab7174849599c62f4bef3cb719c644bae13e9321,1,4,0,0,79,20,0,4,967,459.61
7686,4cfaf855c404256a9dd281d5066cc076232d72ff,3,49,0,6,527,188,31,112,4865,4045.4
7687,b953f9eb2a3a1ba992fbb561b1e35531607739f3,0,3,0,0,124,71,1,3,673,366.77
7688,e4be2d06b756106d7ad31b36b3cc46bc97088064,0,1,0,0,1,0,1,1,20,121.77
7689,14c3edcce46bfb541b66b75ba451d15367ef15e6,0,3,0,0,115,148,3,12,623,341.7
7690,9ba3185b60fa9cbd4fd8effe55b0935f1736fc2f,0,1,0,0,0,0,0,0,224,89.86
7691,adbe2cc4df0134955a2c83ae4ebd0086ea5e9164,0,7,0,0,0,38,0,0,869,345.49
7692,6f647aaa0df6f90ee298d372e624c9e3c1ae937e,1,11,0,0,134,134,38,130,2745,1389.76
7693,e3968cfd1e786f260029cf8cde4164719ae56c53,4,4,0,0,24,14,1,1,324,591.39
7694,387ba4f309d38223769a3d9501f6baada4ded8bf,0,1,0,0,0,3,0,1,108,104.09
7695,b9b63925f9b818637b986a300aee658df03a5500,0,7,0,0,28,18,7,8,712,682.3
7696,1ba68a1e5d681c091e2c53e7720029f10591e7ef,0,2,0,0,11,0,0,1,706,217.45
7697,1dcb3131a4d7417634551456f1fe3f519fa17fd0,0,3,0,0,47,456,5,4,480,395.19
7698,28b838ed667abbf5043667a8842c2e0ac4c3566e,0,1,0,0,3,2,0,0,134,135.59
7699,46283cdc5b76ea053387a00254d27315027cd5b8,0,2,0,0,0,7,1,0,1202,231.18
7700,f3cd28d8595774b70027997fff06d11b1b88c651,0,4,0,1,83,80,0,0,672,708.67
7701,60d3292b04f35f4cd27801448b089110cc7b5b19,0,1,0,0,9,76,7,19,810,238.63
7702,31dec3d548ae2c76d7c8bf4bffa9d506f670f756,0,2,0,0,152,3,0,0,703,250.39
7703,9efa682b3e72c76818be582080bd3329ecdf74e3,0,1,0,0,0,0,1,0,1150,253.13
7704,2c111d15bb080283b9b98d48fab4bcf4db515b5a,1,8,0,2,151,7,4,10,1963,965.07
7705,65fb17a88bd096b1e952ccca31ad709759644a1b,7,17,1,1,640,117,44,113,3647,2159.01
7706,6e76bbb3faeb91c953cb7717dbc39105eed22da9,0,1,0,0,0,0,0,0,3,73.9
7707,5918375e88bcacfab47e44cbfa2dd202ec634725,0,1,0,0,2,0,2,7,1150,226.97
7708,2846b22a70d48bae25203be945e02dd3b6cfda56,23,38,0,24,412,71,15,60,5514,6051.6
7709,f53e502c3c484481a296d9fdbff5fde4b709a9fc,0,5,0,0,69,17,6,13,1322,449.44
7710,cc26c8304b4d4312213a0175dcd5f1531e7934ad,0,4,2,0,10,136,7,20,2866,627.02
7711,0493545dd08d29c34d757bb2f1d90052d03d24c6,0,2,0,0,288,158,3,5,309,300.48
7712,091e5fbe418004fd04390eeeea0b1a3486167360,0,1,0,0,9,46,0,0,96,117.18
7713,5262bb17b46fc8c02f9f836ddf9317d0de2698cd,0,6,0,0,38,57,0,24,754,423.02
7714,39bf436faa3e17de6f1bcf8e47ab7fa80fe5c0c8,0,1,0,0,10,0,1,1,380,154.98
7715,e9cc5878a1cfea77bbf8316c9e5b0013d1aa9b82,0,1,0,0,0,0,0,0,232,87.83
7716,f5e0a7cdba7c361c04ac21f49f6e5e20af502b9e,0,3,0,0,4,6,0,1,257,225.06
7717,8eeea07f5f74eb86403e84464107b75c5063cf6b,0,2,0,0,1,11,1,2,211,200.94
7718,d8871bd5b41038849c77ddd9950bd1e4dcf77a78,0,7,0,0,0,17,0,0,669,390.92
7719,82d3cdcd6cfeff043c92ea7a060498942130feb5,0,4,0,0,99,0,2,2,1148,474.36
7720,5978f9d5f719455ceb79d5f077cdd1b72b4e1876,0,1,0,0,34,3,0,1,42,427.34
7721,732d1af866b91e5ba63e7e2a467d99d4cb90e11f,1,8,0,0,367,267,34,92,2092,1385.79
7722,595d58694e095d1a8a180853eb464937f36d1af0,0,1,0,0,13,0,7,28,91,157.04
7723,41befde2273724e2070a28cd6c47a407e3e4426a,0,2,0,0,21,0,6,10,421,292.27
7724,9b8692c6a4c75b7df29a58b5d3d1d1ee5cb0c3a4,6,17,6,1,136,163,17,107,2441,2808.3
7725,ea708c47e927ad082b553713738dbc7de48edf41,0,1,0,0,5,15,2,9,93,213.66
7726,f45f55b55e2a2f3985baec22275fb51f2b5b1f6a,0,1,0,0,0,0,0,0,102,105.09
7727,2f1ab4a4248ac24c890e195cd5714ca54510c19a,0,3,0,0,57,22,14,14,680,610.44
7728,f87ec773fe1c698d738e9735f6e8ee513c2ba510,0,3,0,0,118,41,0,4,667,442.14
7729,9723db27171c014911a8a3f2b0db9454a91dd936,1,1,0,0,2,0,0,2,61,317.19
7730,462b9cf63bf986671f8a080ef1802f0c27e7c772,0,1,0,0,1,0,2,7,1152,283.87
7731,5d8b5cce497fc602f4bb55086aa5096fd51fe38b,0,1,0,0,11,0,11,17,71,240.6
7732,3110d27dde2d518297e118c2f1f6b6bccfed7899,0,1,0,0,6,0,0,2,125,146.69
7733,cfee3e93bec7e527391da93f5b810b0ef4fb0fc8,0,4,0,0,61,9,1,7,367,519.54
7734,4d15f2d065649c62b55625f739f61eadb0fac174,0,1,0,0,0,0,0,0,124,75.26
7735,5e130209d38cd7e483d025d798895afe21f2a6bd,0,7,0,0,91,22,7,9,1579,821.23
7736,9308159bc87d29c33e64dbcfcefa948d7f5643dd,0,32,0,0,67,165,8,55,4449,2413.66
7737,fbf14a5ebde737eff3b4e6c06ddfb6a4652a6c77,0,2,0,0,14,0,0,1,1303,331.62
7738,06da35fdda32781e620d5d28c514ee480212a108,5,3,3,0,9,8,4,11,419,779.58
7739,8a6fc4e2ac8012ae2d3e4abf6c6502cbeda5159c,0,2,0,0,4,0,0,0,168,126.47
7740,1f533260a01552790aff0f5f2f8f2f0aee8dbf10,0,15,0,0,64,94,11,20,2463,1351.96
7741,74bdf633e9d6e03237b9b5285ce23b39d6846c3f,0,10,0,0,96,105,9,28,2206,853.78
7742,2381be31404403285948a3097c9ed55e7f901135,0,2,0,1,18,0,0,1,805,333.38
7743,335d8371a4953694d5d3753593a541f17100e1dd,0,1,0,0,8,0,7,15,372,160.37
7744,175e4f8ce868ea04a5e11a8d5212d8c397ea0d12,0,1,0,0,13,0,0,0,85,92.22
7745,42904c65381d69351b130f64f9b2ba2425513a04,0,1,0,0,0,0,0,0,98,74.51
7746,b687641f78c85f266bae2475da8622c06c39dd0f,0,1,0,0,4,7,0,3,91,121.63
7747,4ef0bf8861ee12f5c7e826298c42fe3ddb29c198,0,3,0,2,9,0,0,4,504,323.94
7748,263740daa4c8162a157aa6fbb97793f158d142d1,0,1,0,0,64,161,0,0,523,183.89
7749,b0db519b79701cecac92a7a2c93101cf17fb928d,0,2,0,0,72,249,0,8,416,229.79
7750,ba325955463076987eca476309043fcdd59dad7c,0,7,0,0,157,21,0,18,764,591.06
7751,2160a3a53c85e20763db1d93ceb0732f0b94257a,0,1,0,0,34,12,8,12,145,188.11
7752,bf911cc6a852f9ef068318a3545611d9daa5112c,2,1,0,0,19,0,0,3,136,307.87
7753,981e3b3c76b7cd6ed1ef318e4cd7ddfb2910be31,2,2,0,0,11,0,0,0,838,332.79
7754,b77e754a0cbaa9225d100a4361c3893c2d481611,0,1,0,0,12,0,0,0,696,190.28
7755,415d06b1da7062c48e735c1c20ded031fa0349d2,0,1,0,0,15,55,4,13,203,179.93
7756,41388a4b3c0a8f22f1d83fb4f3a5ae42c255ca94,0,1,0,0,18,0,2,3,133,148.86
7757,cff8dadbe853c43fc53a827fce965d85e30d5de7,0,4,0,0,428,129,4,25,1955,721.01
7758,07c11ca45b8b55b11a91812a741e85a930ac537e,0,8,0,1,24,12,5,13,1012,620.57
7759,113ba2a533d98f2adb8e2a6bf022891abc382b34,0,1,0,0,0,4,0,0,1158,249.81
7760,62092e45c8bbb75ac9f680188b3746913602507b,0,2,0,0,54,41,4,11,476,613.2
7761,8028d4bdd646058f18f45cad10b5de74efc415e6,0,5,0,0,48,1,8,16,4516,782.12
7762,122bf06e4006198ff2615b8df80640a936abc032,0,1,0,0,4,0,0,3,131,134.47
7763,8ffdd26cbee33c5dc1205c0f7292628e1a2c69e3,0,3,0,0,74,99,0,0,304,220.0
7764,95635f3123d4ba84465fb57df837074b2121176c,0,1,0,0,191,31,0,0,97,171.85
7765,2aeed037e0f105e72366e15afa012257e910a25d,1,7,0,0,94,38,14,22,1287,701.19
7766,173dbab24b9acba46279ca3477f080e57f52636c,0,7,0,0,105,4,5,22,1775,688.87
7767,e368cf91a54d0af30fe7afef6919371a1beb969b,0,1,0,0,0,0,0,0,155,89.73
7768,d8836d4856599375951ef77f8189fb71a4335ada,0,2,0,0,16,1,3,11,385,249.65
7769,9c49fbcc5ccb03e64bb95c43fc7134ddb281cec4,0,2,0,0,0,0,0,0,427,132.98
7770,20d5ce8b9b587be2f0b7bc5765254e8dc6e0bd3b,0,7,0,0,105,6,21,49,3825,1066.95
7771,f96a5dc5840c7d1fea99aa450543af8e889c161e,0,1,0,0,0,0,0,0,604,161.57
7772,1f54aa424fd8a79089f76951a93560e6bca9d459,1,5,0,0,69,154,5,29,1266,758.67
7773,e22cb278b63a6ee5f03c7213071d07fd3b198659,2,13,0,0,64,175,50,89,3334,1713.92
7774,4ebab66163e136773ae68216585a5c587eba7006,4,36,0,1,910,348,12,57,5122,3793.92
7775,948fdfc67922ae7ecd410149b8d386c224ca4a95,0,1,0,0,0,0,0,0,116,103.12
7776,f415b736d6cdbfcf71ffeaa4ebbdce406584ad25,0,97,0,55,17,164,6,9,1244,6243.75
7777,74e3f152229078f31591a15761d35d119733aa45,0,1,0,0,0,0,0,0,24,69.71
7778,41ef972b181e442f41b53f5cce4def27ceac9e49,0,1,0,0,3,0,0,0,33,93.7
7779,587c67e3b999a9320ac26754c0d29155fab31511,0,2,0,1,4,3,0,1,96,210.83
7780,62d39f6544e3fbcbc268aecbb3a46950dcba2bf0,0,5,0,0,46,6,3,5,3975,1028.12
7781,7251c9559805d83423ca5ddbe4f955ce668c3d9a,1,10,0,4,74,10,6,3,889,1039.79
7782,3e8f3c5ed06242a6aedf76c216b1c48c105f84e6,0,1,0,0,2,0,0,3,140,153.03
7783,ff29d609979aae2c584ec6e6cd370da56945dc18,0,2,0,0,10,0,0,3,223,167.82
7784,176f2a444cd2a6ed7c3be6ac126b6ca2c4f255cf,0,3,0,0,20,0,4,16,749,303.73
7785,6608bea00f4c96a4c587efd4c0b0262aca7e56e1,0,2,0,0,44,5,2,5,240,217.43
7786,dfbe3fabd266493e698c194ef90b4dfc7d62b030,0,3,0,0,28,32,14,36,2351,487.42
7787,679c31718b709f5619bba80eeb6f388484b94c3c,1,14,0,0,227,120,32,45,5529,1668.35
7788,9a47974d6378b62dd2cdb2d3e509374b002caa2c,0,2,0,0,87,0,0,0,293,195.61
7789,6a7fad6011dcc586344334c95aa9601477b9c5a3,0,1,0,0,0,0,0,0,203,80.69
7790,33ab4902a1bef5aa662b80b89b5dd9a318f67db5,1,5,1,0,50,51,4,23,670,575.68
7791,3234c0704a4fef08dedc4ff78f4ded3b9226fe80,0,5,0,1,3,7,0,13,877,418.17
7792,af37489092ca90bca336538adad02fb5ba859945,0,4,0,0,31,0,0,3,1049,339.47
7793,613a8b43d2b5a425080653898b28bde6cd7eb9ba,2,6,0,0,18,35,6,4,4747,911.84
7794,4c80eeece37d79f434078224a0504400ae10a20d,4,18,0,0,569,261,44,116,7497,2520.06
7795,ebd0aaefe54d8a1349a54d904831e1d9e5e812bf,0,1,0,0,19,28,5,23,890,231.18
7796,1b36740ebe66b8ed4c3d6cb64eb2419a9279dfbf,1,22,0,3,219,663,35,150,5744,2583.92
7797,e9cc805db1133982c022657f8cab86cd24b3686f,1,5,0,0,62,6,5,6,1473,564.59
7798,ba71289778369e71d9abbdb93cb6b91ba67f9c85,0,6,0,0,35,28,0,21,3244,702.17
7799,465cfd5be2e92bd9553e1ac4987bfa579d8efca3,0,3,0,0,51,0,2,1,946,360.61
7800,b08843de67b3c63fa9c0efe10bb9eda07c007f6c,0,5,0,0,123,30,0,13,709,751.67
7801,71bfab64ba4b7fbc923accb7a99a418e6043ea6b,0,0,0,0,0,0,0,0,0,84.87
7802,c3373012d4cf0f574bad03ce179b137f4f2aa29e,0,1,0,0,13,0,3,4,135,135.25
7803,12d4e2f189fb228250edc876963d0c74b5ab0d4f,0,1,0,0,0,0,0,0,22,79.19
7804,cf4a0576a6f2b8f2d828a8b14140f212803adb7c,0,3,0,0,42,113,22,52,3617,640.44
7805,5e57dd14eb37adf06d2105227e0105d871ea6f76,0,5,0,0,54,11,0,0,1379,513.77
7806,6dfd11c30a9c85581b77c93cfcdbef37a5d497c6,0,4,0,1,328,82,9,29,287,544.67
7807,16a5e8217f95dfd9f644718259269b68e27185f0,0,1,0,0,153,0,0,3,7,149.52
7808,9dc896f4ea51276de4ea76ffca3fd719e0c8b8a1,0,3,0,0,369,474,1,3,989,526.63
7809,9ac01baef5c8f689e96307da9b29314bc0672462,0,1,0,0,0,1,1,1,224,159.26
7810,d9eabd3d0cbf1287aa7d01bc23dd8e39c3acf232,0,2,0,1,11,1,0,0,609,309.15
7811,918667929f87a2e8e74913fe6d6e5dd137fe4e4f,0,1,0,0,0,3,0,0,75,98.61
7812,bcdbee5cdce6e22e6c97c5cab23fb2cf3265aa0d,0,1,0,0,0,0,0,0,3,65.6
7813,8ef71f3f29fb040cce18ba158ff5f289b388c30b,2,2,0,0,5,3,4,5,134,430.02
7814,e1a1b80d424e31eeb5805c710ce010953160e3a4,0,5,0,0,224,36,8,36,1576,583.59
7815,7f297bcf8aced983cbc9c4103d0ebefc1789f0dd,0,14,0,0,327,239,11,41,4110,1421.66
7816,256a74faa31fcf25bdae753c563fa2c69f7f355c,0,1,0,0,0,0,0,0,58,71.83
7817,14d67d81c57d6387c77bd85c57b342d285880835,2,5,0,0,102,20,7,10,496,611.21
7818,c066f126e20180ae0230b7d6a61666152149a79f,0,2,0,0,0,13,0,0,361,151.66
7819,6b7d73a49695c0ceb78bc7a003ace606a806c13a,0,2,0,0,61,9,0,1,247,34796.16
7820,b740efa731ff2b684491ba4ef0cac2b000f96149,0,5,0,0,117,86,4,58,1432,944.86
7821,e1aa7d32c95ff3f06de97803a186ff432237ecab,0,2,0,0,88,133,6,3,431,309.46
7822,0b50887989a6c17e90f1f749206172cecd89c2d0,1,1,0,0,0,0,0,0,113,174.76
7823,6a1b1f26b7174e8c9bf86a96514ab626ce2a4117,0,1,0,0,2,47,17,34,164,204.66
7824,6bea7de50418a7a7b9e2b8dcf2446701d9cc5b69,0,3,0,0,2,5,0,1,862,276.73
7825,975c3d81b67e9c1e1dcefdda3f90e8edf6be5efa,0,5,0,0,86,5,2,2,1161,456.65
7826,d2dcd7f884cc997905c820d7cef8c9fc886ff4f7,0,2,0,0,82,39,15,17,1291,319.69
7827,cf0b6d107bade419dada49a5da40d2579c80ade8,2,9,0,0,137,184,3,12,3039,1078.06
7828,a5f70ad4b84fa301c6e46b68549b4326f09fd9cf,0,2,0,0,9,60,0,0,248,211.25
7829,425880ffb2e6bd5aeaa509fdbfa553db58b74c43,0,3,0,0,233,36,0,16,929,489.28
7830,c6dec2f0e02eb3ae9b9d070ec09cf822eda6bd2a,0,2,0,1,0,0,0,0,236,139.98
7831,5dc79aafceb8dd1b7a985b262f128c59bedb5bf6,1,4,0,0,15,12,0,3,3310,658.8
7832,3cec208c40b85e1be0ff8c68fc9d9017945a1ed8,1,14,0,0,125,42,16,46,3056,1294.87
7833,5e7f60f6bf5da386076faa08cefb3970a6ba5cc0,1,1,0,0,15,18,0,3,78,213.69
7834,1c3a2d247a31eceef8893be7249119604a9c1b96,1,12,0,1,36,20,2,39,3030,1115.2
7835,95b43b195e4074533100f863344c182a118a8b6c,0,26,0,0,372,260,14,73,5218,2301.63
7836,5469f2120423504374900eada2f7b0bcae603c47,0,1,0,0,5,12,0,1,36,135.8
7837,f93e6e3401c343dec74687d8b079b5697813ab28,0,2,0,0,110,161,17,36,1229,432.3
7838,d32c474f6d29efc6324886b08ac52b27d92c1434,0,1,0,1,0,0,0,0,97,145.69
7839,46036009376eaba548bbb4ac4ddf2531c720ed92,0,1,0,0,0,0,0,0,130,72.53
7840,34dec4c791dc86105af906fd649897484d4735d8,0,3,0,0,86,574,1,23,758,690.96
7841,428eaa3e37cab7227c81fdf124d29dfc1db4257c,0,1,0,0,81,31,5,20,257,190.78
7842,55d70173b8945987308e8c89166cfbcf6b2e3f06,0,2,0,2,24,0,0,0,632,398.51
7843,c406c456c007e59d50919eb23b5d887e7e647f10,1,1,0,0,0,0,0,0,322,155.25
7844,6651b027149ff4970785820f93c4470116da15c1,0,1,0,0,0,0,0,0,22,79.72
7845,6c0e6693f44753fde87fdec36c648aa0ff02097c,0,1,0,0,8,0,0,0,90,93.32
7846,5ea2c6b8e963a061e41f2dedec7955a21860f54a,0,4,0,2,48,4,0,15,1266,521.81
7847,8fc9275d3020fa0c80ed1852726be0a5a63e487c,0,2,0,0,388,527,3,8,1105,403.43
7848,9882cd825ff95c88264c78dfcdc481aad6fc3522,0,1,0,0,62,0,0,0,156,107.57
7849,de7c24b395265ff619c622ed6be8d88453f158ac,2,33,0,0,578,1828,16,44,5801,3108.76
7850,a8e2dc52409ce0dc7476d60b3adee34c547f0b14,0,1,0,0,12,20,2,4,232,167.67
7851,c22ee2bd451d030e99cfb65be839bbc735a5352f,0,4,0,0,67,251,1,1,538,348.01
7852,48562536f17a6e88aaf18d46e5ffa0a54c6b5be6,0,1,0,0,0,0,0,4,390,129.97
7853,2b897d2ded8604c6340aed1fba3f7495ce36439b,0,1,0,0,56,117,0,2,171,174.15
7854,f1b7d6e8eaec73c255a55ddd98b69c4db4334e9a,0,1,0,0,10,0,0,0,227,109.05
7855,b32a9e6452c78e6ad08e371314bf1ab7492d0773,0,6,0,0,116,55,3,7,829,4673.42
7856,30ed83d9266a03debad98ffac5610dcb3ae30934,3,32,0,1,531,426,9,62,4455,17753.37
7857,e296ff0632a41d5bbd29b407a83d886c10787f51,0,1,0,0,0,2,0,1,320,1028.58
7858,6c29ee84a2f62ccd05c328bbaa0c364eb1a7a821,1,29,0,0,446,565,44,214,5232,7221.66
7859,4864ccf61811f0469dfc77fc83c5313bb77213ee,0,1,0,0,22,0,7,6,159,143.05
7860,5d4335e8f8affc738cc72eacec2f01a8ea18a5b3,0,5,0,0,13,14,0,13,573,4403.84
7861,e400b976751110d41405bac614189152bf88f7ef,0,2,0,0,31,5,14,32,253,1434.34
7862,d97d95ff13cf5749d37ecf7604a08947eccba2b3,0,5,0,0,4,62,3,3,430,1147.38
7863,5378ba27ff66b4f39e34d613f99b0f2eddf7990d,0,2,0,0,13,2,0,6,1468,374.78
7864,9110c08f47782ff8ed05067c0931af1bc020608b,0,2,0,0,27,1,3,16,311,415.47
7865,2b507c03c5190c744c5e84d7ca5cf7afa2b5c2ae,0,1,0,0,3,0,1,0,30,106.23
7866,b8697441d7a051e7ff68def6aa9cf14bd92ace9e,0,3,0,0,9,0,0,0,1254,357.77
7867,912fdb3ea4ff58ae9e1fe0c9b230ec76273ff601,0,2,0,0,56,15,6,20,123,276.97
7868,05cb556f90dbd1929a180254809e05620265419b,1,11,0,1,177,79,23,25,1961,1593.4
7869,3fe31ffddb6a57e0ff89a813f724cd74133052db,1,1,0,0,2,0,0,1,61,254.35
7870,14e46e462cfee15cd06419ee81eb6d9571b6805e,3,10,0,0,462,400,77,174,5644,3354.49
7871,ae837806bd07dbb8b881960feeeeb90c1a665d93,11,10,0,0,616,353,6,32,2714,3723.91
7872,5b09543f64eafb1344f7814a80b73d312d5bbc37,1,1,0,0,25,19,0,2,5,389.05
7873,6186ad97a8239c9062363c2a4a23cf31c4e6e3c2,0,1,0,0,0,0,0,0,112,81.83
7874,f767d35ae92ccc513684a484a895aeb1a2239734,0,1,0,0,0,0,0,0,83,98.59
7875,4a2b516a3488ab04ee3338e74397b8c6d69e6d43,0,2,0,1,50,19,0,2,1166,475.43
7876,f3f90c1896eab4f3fb5507b0cf348e2f149db5d1,7,6,0,0,166,128,21,45,1960,1966.2
7877,39807ba48ed2e02223014fbf47dce21d4124b380,19,5,8,0,33,67,3,7,1757,3587.52
7878,eb05025c0a768241ea61fd86db9a88cfd8f6e93e,0,1,0,0,3,0,0,0,50,125.92
7879,a7141e6c9df03287567c22c76372e166fc83d18e,0,1,0,0,42,14,2,0,42,226.31
7880,c253ed4fa7b7b5667879bb41be09fe9658224c4e,1,5,0,0,24,18,5,16,1192,2594.48
7881,25e46f05294fd42c111f2f1d5881082d97c572ea,1,10,0,0,123,79,24,86,5138,2376.19
7882,df51d0cbbaaa99aea9bc2a582f788f9170dbdc03,0,4,0,0,206,153,24,52,1905,1188.19
7883,9337ca316a24a2a08f3c19cec2170ca1db80976b,0,3,0,0,4,0,3,4,414,450.3
7884,d2e4ce48959bc56d9c366de20cd4c0f3c9bdf16b,0,1,0,0,15,2,2,2,204,399.8
7885,88b244a1380c44d36861b6d0be9c78c968d292c2,0,1,0,0,0,0,0,0,44,116.77
7886,69052a05597a9c3571356d8c39232512c9f3f393,0,1,0,0,9,0,0,5,124,226.58
7887,d577918ba93fe9e761ca9fdbe1b4fe1f32dcac7b,0,1,0,0,0,1,0,0,132,144.69
7888,b885e9c0547709152b5a118af30508bf287d3844,0,2,0,0,0,0,0,0,182,132.75
7889,6f30902bff7fd063a0dacd08f5adb91ac9e3f084,0,0,1,0,0,0,0,0,0,101.95
7890,2c150980cc1bfea81fd039f304e74fc2fb30fb45,0,2,0,0,52,599,2,17,1117,761.1
7891,d274c6ac02145110329f3bfd8cf1e1166dd5d79c,0,1,0,0,0,0,0,0,133,125.61
7892,32287169fc483f2959259cacc4c5a72a85ea381c,0,1,0,0,9,0,0,0,1292,210.89
7893,16bcbb9256392dc5364f2bd592f45649080935dc,0,1,0,0,91,154,13,38,370,369.67
7894,d73f45bad4cd6d8cf1cea7d9b35b76075dc277e1,0,6,0,0,58,80,2,10,877,885.55
7895,8547f74711c14591bd796e1209712a0e4c4b6623,0,1,0,0,1,0,0,2,1190,235.95
7896,db788fe860dfd69f06ab97ae35fa67fcf2517b6d,3,6,0,0,387,590,4,8,905,1439.92
7897,02aba7343ce300397ab672bbb1788aa8182d8a48,0,4,0,0,61,61,4,26,231,707.03
7898,e646e5032b68622f7ec1dd0c53137be08baabed9,0,15,0,1,230,159,11,30,5208,2557.41
7899,e208a6a210d172b991b40fb66a4763e30b3e4d7d,0,3,0,0,4,6,1,2,1606,372.81
7900,54de771e643e9cc64d1f5dd28b5de8a9a91a219e,10,19,0,0,1120,745,40,100,4710,3111.19
7901,419552a93f4e164dfce3cb6fea15328abade5d3f,0,3,0,0,65,0,2,5,831,363.37
7902,5b4485b29ecf36b750a75435580d82e749a825e8,0,1,0,0,6,19,6,21,87,215.39
7903,e7b9c1f50a9875682b480a3ab69e662f4b097d4d,0,5,0,0,293,320,31,69,3142,1820.4
7904,5133526733f7ff24062acb5aa57fcfff050ac424,0,3,0,0,141,285,30,54,1251,556.92
7905,b3d2940a073f98c7776e1d0a391749b44df04ace,1,2,0,0,6,0,0,3,21,335.69
7906,88c0e29caaffab41422adc673182bb9549e735ab,0,1,0,0,93,30,0,8,159,214.5
7907,d6e508f33c1a7274b5826ad9d5ce814d719bd848,0,3,0,0,26,21,2,7,581,278.01
7908,8587b0ceb47fa54308dfa9b0bfdc320e6afdc311,0,5,0,0,29,71,2,6,579,465.9
7909,7533ff089ab913262e7a540cc778d7f67ce17ce1,1,8,3,0,84,119,16,47,1513,1338.79
7910,d6cc5943250a7c19adb42ef86dc9a186d4e52166,1,12,0,0,81,47,6,11,1826,1123.46
7911,7e362e78c342d8ca016de12218732a3e5f7dcc36,0,1,0,0,11,1,10,30,49,208.03
7912,bfecdf52054a4da472af22b0c35c5db5f1132bbc,2,6,0,0,259,127,30,60,2870,1192.81
7913,28bd6c2a031e76b725dd773b949070962555698a,0,2,0,0,76,10,0,4,566,435.12
7914,69db2359ee0889cb4a57aec179b9821ff442d26b,0,1,0,0,165,52,0,2,36,281.1
7915,edcb90f0813b88bbd42e9ebc55507b0f03ccb7bc,0,2,0,0,61,64,8,41,904,388.71
7916,58e6c55e17d6b75328b065e093d51c08b8844004,0,3,0,0,108,140,13,29,2286,545.65
7917,6b00767427706124e016e4f471c2266899387163,0,1,0,0,0,0,0,0,3,68.27
7918,d30bfcaf3430b8eb11cca913105b01364502348e,1,8,0,0,193,100,10,9,2662,1157.95
7919,da58565ebc717b63fff4f4883559b5daf20cb6fa,0,5,0,1,0,13,0,0,485,468.39
7920,0f58f6c6501518e57ba021cb959b288fd533f472,0,5,0,0,196,78,18,29,1518,3515.02
7921,3fc381d5cb603e81eb70c80788aee02af7ba6d31,0,1,0,0,28,26,2,6,63,283.89
7922,0d26879a955a3045441a5016c73c750faab03c46,0,1,0,0,173,28,15,44,165,233.37
7923,7df36056b12a13b60097b7a9a4f8155a1d02ff62,0,1,0,0,0,0,0,0,130,91.08
7924,65440409b4d22e7bdae99ca8232fb5eaf38f4449,0,10,0,0,582,215,56,167,5772,3444.93
7925,21978bf9bba520c3d7e838ee6b15536d5b807ef4,0,4,0,0,78,243,12,53,544,681.75
7926,f2fc2e96738505118d9ad161ec77d66a2369fe44,0,1,0,0,0,18,0,2,38,214.43
7927,3891598e61ecb3fe2a029e27061ac28f4b58c29e,0,1,0,0,0,16,1,0,2600,333.46
7928,473e8dfd7be95815ee10502f021bd7deb8734fba,1,7,0,1,219,80,2,13,2894,1241.6
7929,9d649d69a56a91fcb06a3582b22606f0fe361f49,0,3,0,0,596,141,3,34,755,931.23
7930,b8fb29a6ba1304010ac78df3cecba6ab2fece4cd,0,3,0,0,214,133,9,14,662,815.98
7931,518ddbf9d21491d341a3d7e2f2a2e65409595e07,0,4,0,0,17,22,2,2,1867,386.47
7932,fa39b6e2775abef6323598461f8fadbcbbe793e5,0,2,0,0,2,0,1,1,134,307.3
7933,f88ec9357de406daad0f795951f17e5f854ade10,0,4,0,0,171,303,24,78,2024,836.6
7934,c0aa79e5453d64a583ba2197b2ac76d04ecd7020,0,3,0,0,7,14,0,2,854,459.12
7935,127cfff26bbed97d2ae9cb3b0a65824d130ec78b,2,9,0,0,269,41,15,39,5304,1696.23
7936,0ab9fc4b73eeadff369435bcdf8b03310a34940c,0,1,0,0,4,0,0,7,88,136.58
7937,cc436770010034f5e9fbde06b9a2e713ddbffcee,0,1,0,0,22,33,3,5,2594,396.06
7938,4c6a10af8bd5247348d5445e6fd3a2f141e50bc1,3,0,0,0,0,0,0,0,0,565.87
7939,15bd10afbfc5eda024e7048438b00bfc81a9e3ea,0,2,0,0,18,36,8,11,203,276.82
7940,f109f200a3a7f6002d7e1f6cc67e9ef5bf5cb2df,0,2,0,0,39,8,3,5,213,4391.17
7941,29d6237a00b577400c4b4a63989d41f1baa2aa60,0,2,0,0,0,3,0,0,249,154.28
7942,f56871b88be1e8965f166769c12cfa43313bac74,20,57,2,1,829,474,34,241,11033,11679.76
7943,b86801e95a58c5f1a9c779b21fa57136e0225d61,5,11,0,1,89,140,7,55,5329,2364.45
7944,00e5a3d508eb41944ce01c6cc96ae18cb16dad8c,0,1,0,0,0,11,5,8,137,156.29
7945,4e744e7688e01d35a6acac1cf8a7a3ff2573836f,1,4,0,0,166,31,4,10,420,731.71
7946,ddaaf924e9aea7d283385995ea8e9503504d79c5,0,1,0,1,0,0,0,0,15,297.34
7947,d6a67598f196214bc30d22e1b6b4e3586fe6f057,7,7,2,0,47,270,13,19,2657,1942.62
7948,d4dfbb5c678415e63bb7cf7dfd78518dfa6ea7b9,0,5,0,1,12,1,7,24,873,821.39
7949,d7740052ff6cee74fb6ab973f1052422180d75bc,0,1,0,0,6,11,1,5,120,329.46
7950,c5a7fcaa8e00083d6f74967c40474aef07b0d21a,10,11,3,0,249,170,19,55,3873,3212.17
7951,3153c630c499edf3c523d8e5a3db6f1d6c52ad4c,0,4,0,1,127,8,0,11,524,720.36
7952,1f19d5f7a243cc4227da923459f5eb2f66066778,0,8,0,3,226,75,6,18,1441,1894.04
7953,22bb413ba29aa6a95034b7dac833a8273983fa42,0,2,0,0,322,718,64,159,3079,1020.33
7954,d14a9266c7ddff0589fdbe7a1836217b8bb8b394,0,14,0,2,648,234,23,121,4607,2711.71
7955,1d05bdab2329a8d30772e079ccd9e64ed80438eb,0,1,0,0,0,0,0,0,126,76.52
7956,11496039fb18bb45407246602e31740c56d28157,0,14,0,0,241,73,6,18,3394,1512.47
7957,19d26bcb80219bce0089fbe8942a34e3a331fd17,0,1,0,0,983,25,1,6,100,503.21
7958,d31ed0f51b23d8fce892695ecd82d4f843f31f4c,6,11,0,0,201,125,30,62,2902,1862.92
7959,2fcd29b830e7b201e7047d283de385d5f1c427b5,0,23,2,2,197,180,6,22,2948,2481.92
7960,eda2613bcca7e4734b3bb4e04c6a4df39eb59ca2,0,7,0,0,88,57,1,2,288,1036.29
7961,31bcefe7369291a2b71a9815f32e40bad604fbb6,0,1,0,0,8,0,0,0,122,99.27
7962,4991ca26aa424286ebdee89742d35e813f9e9259,0,7,0,0,73,47,0,3,241,503.05
7963,e75c5171964b3211776136c50f0d8514b85d6295,2,1,2,0,0,4,0,0,1180,385.22
7964,946aaa7b06f2ccd697e31dcc15c29468da523311,0,52,0,1,95,123,9,11,4073,2945.71
7965,c90b0d62bc32c91c3a98ab691cb36c8177f12871,4,6,0,0,51,152,3,19,685,803.77
7966,2e5e11d66d41038bee8d2f81eb013f735d233def,0,2,0,0,13,55,0,1,587,239.98
7967,eb68c3126270e27fd9c88ef867bbcb8c7942a8e8,0,2,0,0,144,93,2,10,570,308.09
7968,23787b5f8b42cf2cce430ead3445528941e39aac,0,52,0,0,0,0,0,0,4168,1952.6
7969,478c1a9fdf027af0f373f9e26521803ae8775fdb,0,2,0,0,64,0,0,9,298,171.14
7970,06b3521acdb21dd3d85902d59146b9d08ad7d752,1,1,0,0,139,325,1,11,361,257.88
7971,b3e99085a5c34754fbbc2350f0e69c1691b06a11,0,1,0,0,0,2,0,3,194,109.7
7972,38b49904dd1c71fcb16abfbc205edfd6ce008b76,0,22,0,1,1361,643,90,236,5618,2533.46
7973,60563f4e8910fb59af141fd24f1fc1f98f34f705,0,1,0,0,0,0,0,0,142,72.31
7974,9192e4dff3e800749e0da1f8853d2144bdd8c938,0,3,0,0,2,0,0,0,329,162.74
7975,40aeaf0c12b24dbc0f554fbd00a42fe739767ac7,0,6,0,0,336,348,18,80,3969,797.36
7976,3747a6cd993c1a4d1a4a9345f8efe3ebc6cb482b,0,4,0,0,12,0,2,1,621,292.83
7977,bdb52801c7384ef07f7fc0b4f3b965bdf35d821d,0,5,0,0,223,35,12,23,1356,578.39
7978,8a5e1cbe293ee7c83efba0d0101ada0a80cfaf00,0,1,0,0,0,2,18,9,319,139.88
7979,eaf9bf18b2ec50713170a9ca472c34586b17a5a3,0,1,0,0,15,0,0,1,84,105.25
7980,a8be43e45424950abaabed4e450d125e91ecaab2,0,10,0,0,85,983,1,14,500,916.45
7981,4af23348ecd6fc8dbef44ac5ebdb6ae60d599283,0,1,0,0,35,34,0,0,135,136.37
7982,93012e43ea03411456c20e7cec1ede73ff46b7d2,0,2,0,0,15,1,0,1,546,211.47
7983,6970ac2154b77d6856a05183df0ab70fa6d661f8,0,2,0,0,0,0,0,0,6,89.62
7984,87e886789a6d4fe1f1ea9a232a2763a16b39c001,0,4,0,0,5,1,0,2,416,228.04
7985,3b6c93828c2d90b7bdadb4ff199dd70660e73188,0,9,0,0,439,44,24,56,5179,1172.55
7986,81b6c9e994d16e114457dafb85886e03e5d6d2a7,0,1,0,0,16,20,5,22,226,153.1
7987,28058608f13d2a5bbc0da2af344b92d3acad7e26,0,1,0,0,4,0,1,4,369,138.15
7988,cc12665bb7645d17ba70edcf952ee6a1ea63127b,4,9,0,0,126,121,0,0,608,844.18
7989,76ef78b7d74972bd235159ca304648ab439fb715,0,8,0,1,23,6,4,9,2219,668.52
7990,1b0b113facb2d8ad125b9baa0127ffe5abe8a16e,0,1,0,0,0,0,0,0,321,96.48
7991,01439740bc26804b10c4cf6f6061925175598241,0,50,0,1,526,43,2,37,8307,3214.16
7992,a79e5903b552e40f77c151e23172f054ffb7f39e,11,4,0,0,104,3,8,11,4207,1407.93
7993,0f79427758c58cf9768898115c1da28fd71e3550,1,8,0,0,371,273,37,84,3609,1156.78
7994,d91cccddeaac38d097c950df241ad477a8c1053b,0,1,0,0,0,0,0,0,577,113.5
7995,5fbb938adaafd91e7bea1672f09a03c7ac5b9b9d,5,24,0,6,973,1116,34,128,5621,2985.54
7996,644676b088be5177ef1d0cdaf450306ea28d8a12,3,15,1,0,702,834,13,73,3120,1821.99
7997,0d464cd25ffbb5734f96c3082f9cc35011de3667,15,54,0,2,457,444,35,155,12732,5399.51
7998,4413fdbd3e9350c5f5dac5ef4dc517fd9b5064ad,1,4,0,0,24,12,0,4,963,406.73
7999,5d8767765090cd968c39008f76b0cd795d6e5032,1,21,0,1,300,99,29,42,6654,1930.2
8000,06209037ea56b5a2a49615a99f1542d6ea1b2947,3,7,0,2,154,85,5,20,529,1152.87
8001,4d8fc5b050efaef3da818605c31e62b508425972,0,19,0,0,208,110,14,62,5190,1711.12
8002,7bb88deb4c6387fd67114543986774c903860de9,0,1,0,0,8,0,0,0,267,114.3
8003,2e59ea8c7f21cb11b7ce71a5cdf303a8ed453bc0,1,4,1,1,161,41,6,29,1093,646.73
8004,1143bc113dc456675a2f3a89c93fba8ce117ac3f,0,1,0,0,0,0,0,0,321,89.58
8005,a6196a3a79b67dc6577747e591456328e57c314f,0,5,0,0,430,1049,61,170,2710,824.22
8006,53c71949d4a49d6062e43ff3b1a9ca3e94496cfb,3,9,1,2,316,73,1,21,1104,1093.65
8007,0f5443d9ceb3dd5f6f5aa4bb9741c73093fe404c,0,5,0,1,15,0,5,7,748,379.35
8008,4e23c9e4dba6ee772531d82980f73234bd41869a,3,3,0,0,614,61,4,9,663,698.25
8009,46a5514c2aa7f377e8dc4cfd0d701b940f3137c7,1,3,0,0,9,3,0,0,102,238.63
8010,062ca4c7ca753ce1cee08cdc264588208ee2a23c,0,2,0,1,16,0,0,0,232,214.23
8011,d5ae2ae481545b1fb2332b46013088f2f8cea636,1,16,2,1,286,86,0,42,4371,1685.28
8012,45c3b461ec28abdb24353c7317dfa7544c415f11,1,1,0,0,0,0,0,0,3,140.94
8013,4cb83cb81abe6990820f76c0addbd172d9f248a6,0,1,0,0,3,0,1,1,21,121.72
8014,47a12c52a313258307ab88392f75c5866d9a2bb1,14,39,0,9,596,441,25,52,6255,4019.76
8015,a4b8d1e9bc67eb0eff159b5b35902cab19e3fc11,0,1,0,0,0,0,0,0,153,76.28
8016,8ead7af140c778542d3ea1244675320cd22b3042,0,2,0,0,9,37,4,5,212,191.05
8017,d52c7b8c595cc0d06fc3607bf16e3f595f016bb6,0,4,0,0,260,104,2,11,1532,524.41
8018,8bc2fba3e5038ab47bc75accfea0fa55f6e208f6,0,1,0,0,0,0,0,0,77,69.48
8019,13150b001a8ddf82a77ac9525c446b7e9e32325c,0,2,0,0,45,3,16,21,917,307.14
8020,9abeff38c4bdcd6e640642c38b5f253f0955e6b0,0,3,0,0,7,6,0,0,275,544.84
8021,176d4bac22c356c80e275dcb4040bc5cbd0da1c2,0,3,0,0,0,14,2,6,1396,299.73
8022,e225c88a65f2e8091f8ea6212c291416674882a1,0,28,1,0,387,354,12,30,5602,2214.43
8023,7bdea449c320c8a47a4e253e5cf6aa854d7a968d,0,2,0,0,43,8,0,3,515,259.55
8024,3d48cbc74cb50e02e85ed51ccf6a3a46690c3a99,0,1,0,0,7,8,0,3,91,152.77
8025,cba5d5131e75c0631b2f8845ad63b413ab4f420f,3,6,0,0,159,158,13,28,2441,949.57
8026,6d1446ff062ac322b203e16ea0bf0ed8fd1fa5ca,0,1,0,0,2,0,0,1,13,104.04
8027,7925f91dc842834c39504b5f9a68db9b5c9fd879,0,1,0,1,2,0,0,1,9,161.7
8028,35750e80589e61dbef0c85f20691764a6c7c3f81,0,3,0,0,0,0,0,0,52,154.79
8029,994da255cec95982f52d20c91cb18eb7f9e45fc3,2,1,0,0,0,0,0,0,3,241.02
8030,68dbeb34c9404ee3cd7db00cc112e27c9a4b1f6f,0,2,0,0,3,0,0,3,1259,250.77
8031,07b0aca6d3b423f9af405b2d64cd285c597023c4,0,5,0,0,66,73,2,2,1555,536.86
8032,49adbe7e0f0c8a83f3b843b65612528498b5c9a5,1,5,0,0,42,73,0,0,516,510.33
8033,ac1bb75867a9a878a86d9b659234f78772627287,0,2,0,0,12,0,0,0,54,172.09
8034,f25a765b6daf4d08694303f47bfe5f38185dd7aa,7,8,1,1,111,240,1,0,736,1150.34
8035,7b61b0be88ef1fcc29646ae8bdbb05da825bc1b2,2,8,0,0,869,355,59,140,4305,1143.29
8036,7082b64fc9a9a14c9f9cb9a492c0b25d109f4edc,0,1,0,0,27,0,3,3,1257,244.82
8037,6a473c4dbe31a64e6fcccdb6760347949d1d321a,0,1,0,0,0,0,0,0,359,97.15
8038,6e35cf340a4da8409482230b170a8b7546a6569b,0,1,0,1,0,0,0,0,171,154.29
8039,5c4ce600c4e24a656fd538f14ec5f4951d231e6e,0,1,0,0,5,5,0,0,26,144.2
8040,f83bd5ac2bbc6755213a6ad0675e7e5400c79670,15,0,1,0,0,0,0,0,0,1685.88
8041,d049c6b9b4af4f663aac2bf90d860c3b0c20684a,0,1,0,0,0,0,0,0,31,84.54
8042,1e2f5244e5e341f32d23872104fad3b55dbf0cb0,4,3,0,0,28,0,0,1,181,627.46
8043,aed682513cc381b80705d1f971fddc394e8a62a5,0,12,0,1,128,110,4,15,2302,1160.3
8044,5b645de13f8bea775d5a979712b3bea910960255,0,10,0,0,163,117,10,24,1100,779.13
8045,960174da67eb6008c73340e61700ea34ec550a12,1,6,2,0,16,21,1,2,170,374.23
8046,0841353e90f1cc94dc47b435af87e4d5876478ea,4,14,1,4,110,115,23,31,1369,1397.81
8047,ab2faa8a48c0e97f309b0221b31e41d009f0f3b4,0,7,0,2,100,29,3,4,848,665.28
8048,8d443805f06e7abb25f768f6c800b7ae71bd4a41,0,9,0,0,15,0,11,17,1782,553.69
8049,8a73427c6543c94ce49da0ed1f833ec5b8ed4f18,0,8,0,1,59,21,1,10,540,645.67
8050,2046c30adec194fb07bc5dd1c31fc19a64e7895c,0,6,0,0,169,172,5,57,2564,750.82
8051,047bcd7ad171d6a4aa89128c5e6c6ed5f012b1c0,3,53,0,9,840,594,23,90,8591,4592.44
8052,e645b9172c5d50fc2af407de724e46121edfe109,0,33,0,7,1392,1316,54,117,7663,3642.26
8053,06c55f779ae68de98cce531e0b78be5716849003,0,2,0,0,23,0,2,3,1262,285.37
8054,261e75f19f5348ea2b4e8f23fda00be3bf7c0436,0,2,1,0,1,0,0,0,177,152.34
8055,287a960afb10332b3521399d8ae35f892b58c995,0,1,0,0,4,0,1,0,100,116.4
8056,45937def313bbb32024ae890f830e23bcc6ccae5,0,2,0,0,58,103,5,21,499,283.94
8057,914c66685c5bebe1624d827a9b4562b73a08c297,0,3,0,0,85,120,2,5,681,362.29
8058,167ebbcf4304512fa538e9cfc18da4295511d16c,0,4,0,0,36,187,0,2,328,276.71
8059,c277fc56b586d7c6db1f0d42fd2253f5484ca3d8,1,7,0,3,109,119,1,8,715,758.55
8060,322f7e9bb4177d0ba2b7fbc710ad7d3b1e023f42,0,1,0,0,19,23,1,0,81,445.18
8061,a0636881f4c8d5e79b179825f07fabf25c325db5,0,2,0,0,18,0,0,0,245,159.34
8062,a05785d82c621c9cd04d8a064c38fd2012ef981c,1,7,0,0,82,66,1,2,503,670.96
8063,bd0cef9a369ae9245b45040796a6e10f51e522ce,0,7,0,0,88,31,17,25,760,503.56
8064,47a10649dadbdea6960836a7c0fe6d271a476204,0,1,0,0,9,0,0,0,105,91.33
8065,ab0e30e75904e4d637f07b2ec64334073eb061ec,0,2,0,0,28,15,10,17,386,221.71
8066,f24e23c5f42f27cf74297e5c12de370fc6a724bc,0,1,0,0,12,2,2,6,57,134.04
8067,eea68a2cfeb0134510deaaa5540afdf6d0c6ee7e,1,3,0,1,28,0,0,7,292,342.9
8068,285153f621a1e67212ef61686188eff3e9c80a4e,0,2,0,0,35,1,4,11,413,228.97
8069,73ff199df34805355db0870b923c94f6b11563e0,1,6,0,0,97,4,2,11,671,521.55
8070,d8164c643395e3b6579a2fe6ce6ff0423df2f520,0,1,0,0,15,11,0,5,362,158.95
8071,caf50de31b034ed77140b3c1597e7ca6ddc44e17,0,3,0,0,9,48,0,0,737,260.73
8072,877b08eaf0e02542c9f6d9f8cd457a8e44b4febf,0,5,0,0,72,0,0,10,1231,451.95
8073,bc18b4dd4e33020d0d58c3701077d0af5c39bce6,0,9,0,0,341,456,38,89,2649,1059.35
8074,d60c78358b6f599a83f3c112bfd6ce72c1129c9f,0,7,0,0,121,38,6,19,1040,570.17
8075,e04efab3f9a60e5e8c34c845548b6ab6d0570376,0,1,0,0,2,0,0,0,174,100.72
8076,7bf617165e910f08db81917742ab8036215ab300,0,4,0,0,0,49,0,0,610,282.65
8077,3539a07884d0a94c1432d7dda0ec17676195cc53,1,14,0,0,275,561,46,55,3210,1348.16
8078,84ffcb82a74667b957201f2cdae2d6b308956549,1,14,0,0,0,0,0,0,3485,755.15
8079,a03424ef95559c9df2bb7f86e1ac1edca1436058,0,7,0,0,318,204,25,89,2876,819.42
8080,9eee7aa7874c17ab28d43ff58c97da889c87e397,0,2,0,0,23,31,0,3,299,508.51
8081,a270ee78207cc2d889bd0bb4aa95d1367496f560,0,1,0,0,0,0,0,0,160,82.95
8082,1d5e0301f36b5c0dbd8fa8b5e599d2bb413f1b4e,16,34,0,1,2303,3915,128,398,8779,5225.8
8083,f22fec927de7ac291266660c2f34de5b8cc1c695,14,45,0,1,4315,2821,139,469,9759,6222.29
8084,60a8cfe115b78cee7e4d8024984fa1f8367685db,0,1,0,0,0,0,0,0,201,92.85
8085,f46762eeca9f5d7e32e731573a8c3e521b70fc05,0,4,0,0,26,3,0,0,650,281.2
8086,dccf53061a61e7c632669c60cd94626e405518e9,2,12,0,0,94,68,8,15,1306,932.42
8087,4a70a9a982f8b34b4ccc7744c074863aa1c5b63b,0,1,0,0,10,103,16,33,290,174.23
8088,0a7fbee43f25b6ad3172825cd29bae455223ab33,0,2,0,0,31,0,5,9,1459,306.82
8089,82305d1c3ef045ab96df6e7d8c6d0a2f33b14024,0,1,0,0,6,0,0,0,159,100.97
8090,d5005627b02b4e716947fa05a40473368017c0f9,0,13,0,1,114,78,4,23,2650,1024.0
8091,0a79f9f5c970dcb8265814cd5dc361eb2d4bec6b,2,5,0,0,100,25,3,4,1590,615.82
8092,3ddfbc8f5871c78bde26e96a936e96deeccb4366,0,1,0,0,74,0,0,1,21,116.93
8093,c100f1ac40137a0d6d0793930cdfce3845880a12,28,5,13,0,460,946,4,10,987,2554.21
8094,6e27e65f150ed6cc6a7205b9d7c89a763f3256fa,4,41,0,2,441,120,28,76,8351,3463.77
8095,3dcde0821a40eb2bc633082916d8f3ff861efdb5,0,1,0,1,0,5,0,0,57,138.37
8096,00fff3ee6e6c0142529de621bcaeee5790a0c235,0,5,0,3,188,127,0,1,767,558.87
8097,fdb17350109d8cf4d5a4b1deab0220fd271acc63,0,7,0,1,124,178,2,1,726,537.27
8098,3bb8f88c85d35667a530254015e8b1b52f7a7a0c,0,3,0,0,0,0,0,0,1303,239.74
8099,e871903d41d9f19c966a52bf643ec2efab6f63f1,0,0,0,0,0,0,0,0,0,37.92
8100,ff73c33ab78f70cd0e70280c89e8d8a46f5536d8,0,47,0,1,582,436,31,68,9078,3503.49
8101,7f634feb7cf1fdb135133946ffd75efa681b8cb7,0,6,0,0,58,15,5,5,2117,564.77
8102,44785dd2eec5697eec7e496ed3a73d2573f4fe6a,3,5,0,0,314,520,20,58,1178,769.91
8103,c94a6aa7e5dd6d46f99dd07bec1645b01c5c6176,0,1,0,0,4,0,2,3,106,125.3
8104,e0c10fd76b38dea49ad3159fd4690e0ed4b55e1f,0,5,0,0,87,14,0,0,58,294.15
8105,16ef9ac37c21c4f9091cd1f3658e54abddab8ad8,0,11,0,0,862,329,4,10,2988,1022.98
8106,0706d32b0bd478160deb0143deb9811d49050b10,0,6,0,0,348,152,19,47,2508,760.83
8107,4bb4e6054b7ded291316e8fb514a9920778d072f,0,1,0,0,7,0,0,4,1190,204.98
8108,fd860b953ff1cea85e66577bac3f866935cf715b,0,1,0,0,0,1,2,5,211,128.38
8109,9063ceabc9a41825a09db811f74821537dfe726b,0,1,1,0,27,26,2,8,137,275.16
8110,e191aff385053bdb5325f15bc6d16d2dc0ee0589,0,1,0,0,3,0,0,1,122,119.16
8111,aa762c6d5253e0cc2947d3bf2b6149197e106036,0,2,0,0,3,0,1,0,117,176.54
8112,7d2c3c215f65ee41f86886304257647fc24b1f70,0,5,0,0,34,4,1,0,373,367.01
8113,d27c3ad0d2d006a5f156f0a2f2a24286d31c5069,1,2,0,0,721,475,5,5,419,479.54
8114,daf6c85b0530fb45ad1d8433efa0c5e13d7e182c,1,8,0,1,26,5,0,14,4116,910.93
8115,9af57a508da637f85b32ada0f54e91c72aca0104,0,2,0,0,208,311,20,61,740,329.98
8116,47dfb6642e7fc3e1e3fef57d8c56c3db577e193a,0,1,0,0,8,1,2,4,68,155.47
8117,c07f3c88a4ba164bf01b0450b2463746b40c0d48,1,1,0,0,4,0,1,2,455,260.5
8118,7df67eff2d66dba4bed2b4f6aeabf05144d9b057,1,16,0,2,184,36,24,90,6493,1828.38
8119,5bc7a375a3cac85e79543e7e30d620faeb891955,0,1,0,0,10,0,16,49,325,157.55
8120,7f4ecb01247088e27ff2ae15aa5375805bada53a,0,1,0,0,1,0,4,0,80,451.08
8121,07ff9e57344f1d837e4aef3cbca26b953745bcd7,1,1,0,0,0,0,0,0,3,156.62
8122,0d48503c8c99d715164cdc59de646366408889ff,3,0,0,0,0,0,0,0,0,282.48
8123,f4b6e1d51f683e0c77c6ff7f199373052b082b9e,1,8,1,0,26,13,2,12,4129,1030.28
8124,f9ff88437742675db5c53f5834884b43f8937e00,2,35,2,12,430,229,5,24,3031,3166.63
8125,58456fc15d047810f0010e64ca496fd3223376ab,0,1,0,0,32,32,0,0,0,116.15
8126,802989dce75847f87a5a47e2fe5d590d02f086fa,0,1,0,0,35,0,11,12,494,181.8
8127,0240a4659d761f06f94f8cd97097f2d0ad2d220c,1,3,0,0,60,27,1,3,1775,486.34
8128,a339aa9e9811723e52896ec3c96395461cad0fd0,0,5,0,3,55,62,0,0,615,672.39
8129,860de83a02f3b7711e842a58a073802b9920a1a1,4,41,1,4,816,1114,51,158,13676,4540.64
8130,73a65d6ae045f6a1fd3ef06d23044d945f121639,0,1,0,0,3,11,0,1,221,131.01
8131,6d037b678188ef06ec183fbcd8439d24a004fc50,0,1,0,0,18,2,0,6,345,155.95
8132,7c5904753f4ede492f1a5a5e68edfe37651a5be6,0,4,2,1,0,10,0,0,625,351.67
8133,2374a74eba6a4df84f9bda3fd311916c820e9cd6,0,1,0,0,0,11,0,2,113,106.32
8134,068d2d37c6fbdb60546821c4d408a84161fd1cb6,0,7,0,0,58,39,16,38,1952,635.53
8135,d60e7988736ed4358595e9c781b110a5bbb5f812,0,2,0,0,19,0,0,0,327,264.35
8136,9a175a1697b1107fb63480fb86ffe37b02122267,0,3,0,0,77,36,0,0,156,212.14
8137,8dcaa12baa97ce870f23ff9045f968f2fa28b2cc,3,35,0,2,2380,2456,105,342,6244,3643.96
8138,b97fc302b10d0ec5303421b3b185675872672c46,1,28,1,0,1743,1758,81,227,10079,3067.36
8139,aaa4a602ef1f658bd3898ceeedc3dc1f0fdc4fcd,1,2,0,0,0,9,3,1,375,228.46
8140,eb2c549940baf0e30a8c07ea51fe4a1d828ca3ac,0,1,0,0,28,0,1,0,100,425.88
8141,58a5ce14ba80a0a4eeef0f6b18e58d63113e1159,5,13,0,0,722,1047,59,138,2294,1442.78
8142,a7a0e7fe40cd375c647d2f5e56d04fd98963cff2,2,0,0,0,0,0,0,0,0,164.23
8143,311891f35e538f4a8be0309f6d7045fef59dee71,0,2,0,0,6,0,4,7,1221,306.97
8144,39a431d9d821cf6bcb54da7198b6a64e09b0f120,0,1,0,0,256,134,21,52,2095,395.03
8145,cbecd5f2834f233f1c7c912407343cc3a9b517bb,0,1,0,0,7,0,4,2,127,133.99
8146,50b7094278241f389d3b0b49b02e893fd4322b12,1,14,0,0,252,164,8,15,1190,1067.38
8147,c98a31bef0d3071bc8ebfd358584aadf9e787fb8,2,7,0,0,194,91,6,68,866,803.87
8148,3a8300e0b86c4acfb7b7702197d36cc39ebe94bc,2,36,0,7,276,161,56,118,6570,3299.81
8149,53f604dc1789a800dbcbc3c8aee77f8f36b8b5db,1,3,0,0,59,5,11,23,1479,464.7
8150,3522b54f2d7f34c3dc8234c8981a4629ebcf9a50,0,1,0,1,5,2,0,0,221,220.24
8151,f05cf4f21a938bffea27b9d31e1fb79f37c44e81,0,1,0,0,63,1,0,1,56,126.73
8152,9b1f3796a65db46f15f2f2ad8af4180f71e3f53f,0,2,0,0,9,59,0,1,81,195.25
8153,7e878c1eb61b180227d6f1b70c4223e3ee71a754,1,6,0,0,291,153,2,16,3134,866.58
8154,cf10df00eb5c805a0cc4bdfeb5d72c3478c13613,0,1,0,0,0,0,0,0,89,77.89
8155,647bdd6a11970f80666d7f20b53af76fbda4ff14,4,11,0,0,102,27,2,19,1744,1166.18
8156,5459c121d5d688ec1571dd72550bd6faaeb087eb,4,6,0,0,110,336,1,20,1215,825.75
8157,546331037ee8218208b61a26ecbc12ab8dd7eace,0,5,0,0,360,149,17,42,2528,589.05
8158,8202845facd741f01fbfbbec93d6a3c8e6078644,0,4,0,0,66,10,0,1,367,306.94
