idx,sha,A,M,D,boot,adds,removes,updates,moves,matched,wall_ms
0,62f30afabae369ce4a81e03457ee5999c59b9fb0,0,3,0,3,8,1,0,20,410,1397.48
1,816369425177cedc696f93b6daeedc31e601dd52,0,3,0,0,0,0,0,0,418,76.6
2,944511cfc3ea634b0e9f6cabcf3deb630d25ae8e,0,16,0,16,24,37,0,24,1864,1755.94
3,1dfad89e70b40f49ea724bf274ac2561d033a7d3,1,6,0,5,0,1,0,2,538,329.88
4,b843f1851c334bd6019fe50a29dd6e460183f69d,1,6,0,0,0,0,0,0,538,99.44
5,717a37751aa46a8fcd8b46ec5a0c92d7ac43198d,0,22,0,19,74,51,0,41,1441,1588.63
6,7ddfb16a047c6de2e8a7f7be6ac43bf66e248e39,5,0,0,0,0,0,0,0,0,247.18
7,4cdb77107316f9ece891a9b5781ecf4c10fcb041,0,1,0,1,0,2,0,0,102,88.77
8,5cf06bdfb63382cef07b26db0a63045e0e3004de,0,1,0,0,0,0,0,0,102,19.94
9,ffbc7e177bca0a84d892514b138d6d208a87f64f,11,7,10,0,0,103,0,16,538,1339.6
10,54ee5fa3d278fbfd4ee6850b6e20d04d0d10aea5,1,5,5,0,16,3,0,12,417,604.63
11,e5a3a59b33d4d5877588e159db2f5bcea6bad7f4,0,3,0,2,18,0,0,33,101,199.9
12,fcf2afebfb123527f2a72be2392efb35c45ceb2a,0,25,0,19,9,7,0,0,2664,1218.21
13,03ce1925cde3637bf51209da8d0a9dbf9fbb4eab,0,1,0,1,6,1,0,17,76,144.92
14,290c6a92260ed47abf88f7c701b22fa25b633cbf,0,1,0,1,0,0,0,0,0,15.35
15,3d19b6c24b60bdb8147d1b9f04184cb56a5e74d7,0,1,0,1,0,0,0,0,0,13.56
16,d224c48e136ef290dbf40dee8e29b21032922a31,0,1,0,1,0,0,0,0,58,41.9
17,6f52786e44bffd08973fc8a3a45e4a176f53ca41,0,4,0,4,3,3,0,0,289,234.41
18,78cee55f0fc0c43885fc2254e2b14939e17224ee,0,1,0,0,0,0,0,0,132,23.39
19,6b360ebff0da7eaf5551bd6c0542a71b95efacf0,1,4,0,4,37,39,0,18,455,508.62
20,0558b39878360dade9baf0d3bdc2256ee38e396a,0,1,0,1,0,2,0,5,20,97.78
21,ade23c2c463f248e6cdf30e80643abe3bb332eb3,0,0,0,0,0,0,0,0,0,5.79
22,ad802effff6a33ee7f83bb50a1099eae3c697956,0,5,0,5,0,17,0,20,1191,812.36
23,19b933c7552f94cebb57bcd82e69a43cec9fc803,0,4,0,2,44,27,0,19,342,387.45
24,058f5ec785c29a580216c12faab9bd7f320efdf2,0,1,0,1,0,12,0,0,589,260.26
25,b5e21190354a1f5a8438902f0ba36d4365c28c5a,0,1,0,1,0,1,0,2,319,223.02
26,33eda2a6ab654e501c149adf8810cef83e3491e7,4,22,0,19,69,69,0,0,3382,1928.19
27,2f8a5a4df0e2ffbd477909ace0f4c57e4f2fe2d3,0,4,0,1,39,0,0,13,1148,312.06
28,40bbce2e97083ad4b766d783281b02228c476035,0,2,0,1,14,7,0,11,439,249.21
29,5c46e10e5c78a697f054d85d48b066c3f8fa8911,0,2,0,1,0,17,0,4,372,227.85
30,ad3a3d6f68887a6a9ff4d7ecb833f5e4d982c4c6,1,5,0,3,34,26,0,31,494,595.02
31,a9cd8d18f8a6b67a39212138f85d93ef6d79aefa,0,1,0,1,33,0,0,2,575,254.63
32,c32ad03289a65039dc694861fd456f5815ec9e71,0,1,0,0,1,0,0,0,299,90.92
33,991844b95a54903c4b8d07dad219b7e34cf9115f,0,1,0,0,4,0,0,2,132,91.72
34,94afc4b3c4d19404fb03da7a8846cf4543197f6f,1,1,0,0,41,60,0,15,44,184.37
35,af9289d75b047b38f2b4c53f785940c37b431d01,0,1,0,0,0,0,0,0,85,20.12
36,8164cf97af1888f9677975f7086b02c51f6ae253,0,1,0,1,0,0,0,0,0,13.81
37,d377efc3b3ff0dc792e694c00289ec80340deac0,0,1,0,0,0,0,0,0,20,12.14
38,db604f7d749374ca56eca33dcf9129cf6d034291,0,3,0,3,16,13,0,12,267,242.93
39,106566cd53d391fa99b3cf82fe1d70aa2acf693d,1,0,0,0,0,0,0,0,0,70.64
40,5a906dedb3d3c0300b8165bb0a31df087a3e1860,0,6,0,0,2,0,0,5,468,164.53
41,a790a6bcd8dbd2314cc1e01bf922adb87f4a977e,0,0,0,0,0,0,0,0,0,5.32
42,4db616f96612173258550fed83518d9455308085,0,2,0,0,0,1,0,3,157,85.49
43,d89ffca1e3a9ff53756914c45241234501435b1a,0,8,0,8,0,0,0,0,515,292.03
44,ff6ce7a99e9ab065c6a705e1720967c7cd22978b,0,7,0,4,0,0,0,0,334,111.76
45,937c81b48cebe1f047ddc6c30d1e6f9846de5833,0,9,0,5,0,0,0,0,853,311.26
46,7ddf336b84c89ebf58ac25696f1aa49c7c39f20e,0,1,0,1,0,0,0,0,92,58.86
47,71f23deff26349f2cb650db128ffb850dc75741b,0,5,0,5,0,0,0,0,433,252.32
48,ce0325c3d9e456265ae78effa23d82e6f378909b,0,11,0,6,0,0,0,0,233,172.97
49,f06f1959d8c8a2b9ff09a269b459b1b06867f2f6,2,9,0,3,35,13,0,33,1507,785.01
50,fc128deffd2ef57f9de46cf9da247bfafa9898d7,5,10,1,4,4,15,0,6,1259,809.55
51,d864723baa3696a30e7cfd0816e3f452e3a17de7,0,7,0,0,22,39,0,0,928,312.75
52,bda4f9385210cf981b8c6b4626dba49ca6f68f3b,0,1,0,0,0,0,0,0,92,22.71
53,b91c8192472605010747c424acbfc902bf097659,0,12,0,3,120,3,0,22,835,615.53
54,dd6162c361dceea4bafedda3c11f78af366d9cab,0,6,0,0,0,43,0,0,132,182.02
55,49db2ba8e846f29b116799ddae69c5434001755e,0,11,0,2,107,149,0,28,1768,857.04
56,9d1c38eabe0932682a1da8d7bd8442b563a4d3a4,0,1,0,0,0,0,0,0,307,48.6
57,b0d572990477a1db22ca08b325a285991875822d,0,4,0,0,134,22,0,4,409,266.27
58,a6a1af411a23b2998218a202feaaea28805d25ef,2,1,0,0,0,0,0,0,301,145.6
59,db4ee7270f1f714ec38450e5011b95138785f88b,1,4,0,0,29,2,0,13,751,346.41
60,9e12c3ce0f368c9bd76090c6c9871a417c4d7760,0,11,0,0,62,55,0,25,1127,589.61
61,e50e1ec768c6fba6f07ca183711761c0b9ff8717,0,10,0,4,14,111,0,13,1732,797.5
62,f56fb85529a00eac1d8bb5d3dcc004715b9b019b,0,11,0,7,27,0,0,5,810,579.9
63,7c10d4284811e000e8aa1c39780ddf44c60f1170,0,12,0,4,5,5,0,0,743,281.36
64,8d3861fdcff77f3fbab70247995df8eb410b04d6,1,11,0,4,53,9,0,22,1264,877.42
65,777f7aea2b4504b67aaf64158ad4cce751b494da,3,2,0,1,4,0,0,2,191,466.07
66,33252df8fd56096055225328b9721485438356ce,1,18,0,8,0,42,0,0,1309,681.52
67,f850e77d4ba974eab8ec51636ac58a90ab472d40,0,1,0,0,0,0,0,0,31,17.4
68,d9a2914d0c3fc866e16a2cc4b67f83198a71a16c,0,1,0,0,0,0,0,0,55,13.49
69,6035b3dd181b5143f9c95b223d2e81cdfe285bca,0,2,0,2,191,191,0,0,14,324.75
70,b7da564a568c38d7d2f8c43dd4388892eb2def3c,0,1,0,0,0,0,0,0,205,44.71
71,558f8e80b761c53e1dde10c07d84cc486feb6711,0,1,0,0,3,0,0,5,132,87.19
72,a962be010651a5a21d9e30fa23a58be9b20951d6,0,1,0,0,0,0,0,0,6,12.29
73,62e9820fdea79c82163031e8d415e5fe7a11f98c,1,0,0,0,0,0,0,0,0,97.02
74,cc7c32127d0419ddddadba4864ac123f0f2c0845,0,2,0,0,7,0,0,0,159,108.84
75,0ab06d2c21f28200b4aa303fe52bc02e97d29790,0,1,0,0,0,0,0,0,359,47.92
76,25bf5dc8be5cd2ae6459a543b27893c61eaa5c8a,3,0,0,0,0,0,0,0,0,197.59
77,c59afdfdb62efc1aff6d0d78e49818d0455556d1,1,2,0,2,24,10,0,0,30,202.26
78,f51cd18f807308dfca8b92d64d3d65aab8155786,2,0,0,0,0,0,0,0,0,109.96
79,23c0a8711807460e7eb059333ae76e120c0c91f8,0,5,0,2,0,0,0,0,654,189.92
80,a4ec025e609f850e3285f23c46985959976a386f,1,0,0,0,0,0,0,0,0,73.58
81,cb1e77871fc50ab40e010d5ce4d4ca1dd74f5f4e,0,1,0,0,0,1,0,2,94,78.66
82,59a383cde2cbe84f6235fd17afbaab28db9a1169,2,1,0,1,55,6,0,22,223,410.1
83,f90d0575df79362c4f719a70e8d46bb1d0d9d29f,18,3,15,2,0,0,0,0,273,1813.75
84,f32d3ca3ee781946a4d87909917af4f50fcc0c56,0,11,0,9,7,45,0,19,949,854.53
85,d4e9af3971d2462690ce3e8d18b55e162d8c5691,0,1,0,0,0,0,0,0,153,30.1
86,f05dc535c83768fc6a8c91e290b0d723f02a49c2,0,13,0,9,77,77,0,0,489,313.32
87,d5c7493124f49b06ed5fea518a764c9665be2380,0,4,3,0,0,0,0,0,318,150.07
88,ae110453452322675913d911c9cea522c03ad434,4,0,0,0,0,0,0,0,0,215.54
89,1d908cbcefe5b9e02a1def42a2cf4ec9b930987a,1,11,0,7,24,10,0,7,1033,742.23
90,c54d769f41354da7fd2953ac3d7eaea2b1ab568a,0,1,0,0,2,0,0,0,42,129.86
91,3b219b1f33d1cde3b72012029a0f0cfd0145ef28,1,2,0,0,52,7,0,7,124,202.9
92,47e2ecc2f615230a3f9620286030f45e2ef76a7d,0,2,0,1,12,11,0,0,146,122.05
93,f412988a18f8dea85fb34935b24159124ec27c1c,0,2,0,1,9,1,0,18,257,189.51
94,a95dd4ac8c508926f6d70f76073a63d4662ed2b5,1,13,0,0,166,108,0,86,2887,1316.97
95,4ef753d4aa8e69e341653513c61d18d8d08fe424,0,2,0,2,0,0,0,0,118,89.01
96,016e2c83f358f10daa5d89eb0dedbdc3e6ba2fa4,0,2,0,0,4,0,0,6,293,164.51
97,1fe936076aa5274125328761308ae5d72e4de5c1,0,1,0,0,1,0,0,0,36,41.01
98,ab960f264f4ce2cdbe130c0c5b83d20e05c42823,0,1,0,0,1,0,0,0,301,76.35
99,f4efd998e53d8d715c6eafbd41892244a6c1a7a9,0,2,0,1,26,22,0,15,127,201.1
100,5dcf6f4f773555797e9b4a18904a66de8bba4561,3,1,0,0,52,150,0,156,457,365.26
101,bdc5e5d3452e9d0d07004ad18c146bd152b137c8,0,1,0,1,4,0,0,5,189,168.02
102,daecab83a2212f1f3fd1e0b3809bad80be7caa6a,0,9,0,3,91,0,0,1,1410,551.6
103,2e700e98735802563c9d1408d6f44154a2ed2bab,0,2,0,0,2,0,0,3,153,94.68
104,1761b5ce4719e5948ff98af8ca1eb358cf98327f,0,2,0,1,145,150,0,21,119,326.56
105,e01366aba32a0ae5c8effad7a43575f5f7b5771a,0,1,0,0,32,1,0,2,70,109.42
106,1f1d293c3728f7156bcbde91ec164e42afc06d92,0,1,0,0,17,0,0,0,26,49.09
107,bb6be13ed4caf84c6da6df5646fa9d1a3c6d1aae,2,0,0,0,0,0,0,0,0,115.44
108,a3c110c6cb67b871630d3b94a56b6516e8476b07,0,3,0,0,0,11,0,12,162,149.85
109,93c2ef1c75f6e646cf5addcf5e4623a6be370ecb,1,3,0,1,60,0,0,0,64,201.71
110,bd5b40e6301d8a4bf3a284975229bc3c1dea384f,0,4,0,0,4,7,0,19,605,425.49
111,9aa425319fa22b80ec495190c4ffac27b57a9099,0,2,0,0,2,0,0,0,84,59.79
112,e2291d4ffcd7b60512dd604d945bb65cbbcecac7,0,4,0,1,11,26,0,24,248,295.61
113,453291f3e9771133a082514b1c68180d701c06b6,1,1,1,0,0,0,0,0,47,125.31
114,b914aac3e51c8d16be647d7d17e397370da1c8fb,0,18,0,7,20,6,0,25,2645,1107.45
115,e62a943b461104ae11846f4a73856fa18c05b402,0,6,0,6,9,1,0,14,480,500.4
116,dcebe41393d1ea05cc4a4160d2a7708cb973bcbb,1,0,0,0,0,0,0,0,0,75.66
117,320367fce123f68f51f58d93e70f1dcc80802b14,1,0,0,0,0,0,0,0,0,60.14
118,6867efb02dbea63024dc171b431b170d35fb9989,1,0,0,0,0,0,0,0,0,72.03
119,2f5f706bbde9421e93b668214fcf90ba8568567f,0,1,0,0,9,5,0,9,94,108.04
120,3a2bb02a62c91e65fc7745b5171a3b18f91a4257,2,0,0,0,0,0,0,0,0,126.27
121,1f83abb12498d9cac67a49cb25f730ab1a73466c,1,0,0,0,0,0,0,0,0,53.6
122,9567c621289e43282ccb1a95e21d6f26c0dad3df,0,0,2,0,0,0,0,0,0,60.58
123,f11a8b7622b87221fb451f088a40d53150b21471,0,5,0,4,33,8,0,6,240,379.42
124,47798dda38b58ac298891cf3f2086a7b1cfe823f,0,0,0,0,0,0,0,0,0,5.35
125,ec8c2afec88b949e6f5fa11e841734d235eac6b2,0,3,0,3,6,0,0,0,180,164.95
126,73f3101ad57d465eafbc3138b3a458b6adc2c690,1,0,0,0,0,0,0,0,0,75.95
127,9061811b63f63fdcc0b29c23a368e4ccbcb0d9a3,0,1,0,0,0,1,0,0,56,40.15
128,7196a0987edeef010d269f3e5c055090a6708611,1,3,0,3,29,4,0,3,332,371.61
129,33cd83657501755466a31da681f7e96ebbbed08c,1,7,0,2,93,26,0,10,585,517.86
130,bfbdf48d2331b056795d93c7885863fbcc31fd32,1,1,0,0,0,12,0,0,175,116.88
131,bb9ddb90c5ca3dc373b8bb04510ebfaa7ef11ac9,1,2,0,2,85,33,0,0,95,228.56
132,ee3996d49c2939ccf7cfe7ef9fac417377fa5d09,2,0,0,0,0,0,0,0,0,131.43
133,d1e225ccb1c014f951b997a1a906fe0f97770641,8,0,0,0,0,0,0,0,0,447.68
134,2efdb7a4c43243c3c59b6ab378d03bb2cb28fc90,16,0,0,0,0,0,0,0,0,981.51
135,60b9d8095d48ee2a423a0935d3540b4b139c4014,2,0,0,0,0,0,0,0,0,263.56
136,22caf310b241855c1691480b1f158856d99b0864,0,2,0,0,7,10,0,8,145,234.61
137,8fb2306050b085fd7712f0bee25dc17588e21a66,0,2,0,0,0,3,0,0,32,44.79
138,8f900758c320a6a77c3e1b62978d569957ad3dfc,0,2,0,0,10,0,0,1,146,135.44
139,7fd9521a362837ddc33aceb0a2ccf8805d442da2,2,2,0,0,3,0,0,2,486,493.43
140,320122915409470a1e00d61d3caa2f7a4cc1a509,1,8,0,6,23,1,0,26,789,1013.91
141,bd003d23b4bd412484201c6cb2615f091bda2b2f,0,7,0,0,45,1,0,10,774,524.6
142,33c84a57eb69c4f2c699f2233df22924d0945acc,0,1,0,0,20,9,0,0,205,138.21
143,b467c4cb1e2008c3b590c486d7b74afc2df3a6b4,1,0,0,0,0,0,0,0,0,120.77
144,77285c233f95111d4fa9d5febec08cefc639b082,0,1,0,0,0,0,0,0,59,18.18
145,1dd3ee6137660cbe3c1b4ecae2bc3bc5f2056403,0,1,0,0,0,3,0,0,56,41.7
146,08627ab3f6595c4147b01c8b7fc7239d6d2fde0f,0,2,0,0,20,18,0,1,43,296.24
147,086361962443c727c4fe02f9bd1f7328c30a14ae,7,16,2,6,11,10,0,0,1223,824.51
148,ca197e6d6517d01c6b1afce7ccf14dbb8bfa4cdd,3,3,0,0,8,6,0,15,183,373.09
149,6ae66029c7ac5403fa9669f68c7678ff7d469c3c,0,2,0,0,3,0,0,1,61,81.2
150,9c4d6ff9391cd72b633922a011c4554a87c9280e,0,6,0,0,1,1,0,16,790,210.95
151,4bc41ed5e8f1eb7aebf9052ec4e4ab8aacd9882b,1,1,0,0,2,1,0,5,165,176.08
152,df55350c9066f016a3a921c1d6dc2b41bcbc718f,0,1,0,0,0,0,0,0,64,18.63
153,3924a8e7d80c00e4fade39e32e0a47b70e822c23,0,1,0,0,0,1,0,0,63,43.15
154,c72d88cc7aeeb98043d8d988a812d8eaf353dcd0,2,9,0,2,67,88,0,14,1108,644.42
155,35a239b029c5f4c8ac7ccebc93be79f9b281e7d1,3,0,0,0,0,0,0,0,0,153.26
156,4fe75a1e911b10e47427c8ffe4051e6c1af3dcf4,3,0,0,0,0,0,0,0,0,133.72
157,dc4d67fd0afa8fb9d9d4b0af1fd5a88647a37a82,1,14,0,1,60,55,0,21,1328,985.08
158,d5dd8af1e71599656b167bec0a1ddaa05102ff69,0,6,0,0,6,29,0,7,260,287.26
159,ec3b9bd5f50ba008c1e26f826d61600db1af9df8,0,2,0,0,14,3,0,11,291,165.96
160,a18b96858ab41cca1c690703eef387276fd9e795,0,1,0,0,3,0,0,3,336,134.07
161,b4731cf3273fbad51e9132724aaae54a885af033,1,2,0,0,1,10,0,3,305,179.17
162,ac0bae37ac1d2b3456a6169fb745a179689ca409,0,1,0,0,0,0,0,0,225,46.5
163,a29851539b6ea901a6ae1668327f27d7150e716f,0,1,0,0,27,0,0,3,107,91.88
164,93f0fae9a1016cb67a49e3895acae13da6f752bd,0,1,0,0,0,0,0,0,134,22.26
165,c3629a9d9d790a0d7faf253539c08df5d5372b70,3,5,2,0,435,66,0,0,121,665.04
166,1f6e9fc90330e42be9bde1b1bbe2fa01c299e256,0,8,1,0,86,265,0,32,578,614.51
167,8380b7b269c59784330aca107ac218c8150f61cf,0,8,0,0,0,0,0,0,664,121.35
168,3f177b3319a5375ea07d9a22d927a9f62f6ba353,0,4,0,2,2,15,0,14,304,287.93
169,e070297e16b236c52d653379c6cb174efb6906f1,14,0,0,0,0,0,0,0,0,655.28
170,66347ba292d05107701feac3bd62a20b2ff4e9a3,0,13,0,0,0,0,0,0,113,74.57
171,d1f364811638179dabc53b531aac22aba7f6ddef,0,1,0,0,0,0,0,0,83,22.08
172,acba2b60d98bef4125f04396d6e4510003abafd8,1,1,0,0,0,0,0,0,42,71.43
173,2cd9d80b0dbdbf3b655abbd522e13e5605366da4,0,2,0,2,10,1,0,0,171,180.88
174,3fbd838817985e937ce0821c7d186c4087ee8d8c,1,0,0,0,0,0,0,0,0,75.1
175,1dedcaf309f0b2028c11815f752882c397ab0b7b,0,1,0,0,0,0,0,0,61,29.2
176,7dcddf925c0e868313d97eb812aa8908752fdb79,0,1,0,0,6,1,0,3,40,100.54
177,4cbfcdd0b10a5987d4efda9923973337b3093471,0,6,0,0,0,16,0,6,775,362.33
178,f34c9d61ad48c1355e123c5930470ca175bc7dc9,0,1,0,0,2,0,0,0,47,44.2
179,c65e9288f89b05f5a77356de53885e20e927d5c1,1,6,0,0,59,0,0,17,1659,474.32
180,ec6ef390e9b96064bd7bc1f61bde973ba736d61e,0,1,0,0,4,8,0,2,169,144.25
181,59a53f119da13d37f49b3e0032c833d2fc1912b4,0,6,0,1,7,42,0,3,617,323.25
182,cba7ccb093f782c5dd1fcfc3be98e1147f9330b6,0,2,0,0,85,0,0,1,57,128.46
183,42249a04163f6fc36f89f6fd581a568a0d70e80c,0,11,0,0,17,2,0,14,2080,526.57
184,85e59c215d762c7bb6d8671e6b2ef5bb2e854aad,0,1,0,0,0,0,0,0,33,12.32
185,6e81614c6ce3d2d6cdf0ea818f4236ff9df88ca3,0,1,0,0,2,1,0,1,104,105.38
186,37ce8ddba22848ae81132777e6f5611bc0945423,1,20,0,6,190,58,0,103,2252,1379.84
187,cd9abb089fb0abcbee877360b44ac18fb2fe4d58,0,1,0,0,4,0,0,0,173,62.49
188,4fd5480f8528ea0dbfa4fddcda3c3ac86cd313bd,0,1,0,1,0,3,0,3,66,103.96
189,f0783f831fc9202549d8899e93eabfaf9eca0ccd,0,2,0,0,0,0,0,0,112,25.89
190,616a86a80cd22744d451cd8256534ea6370eb826,0,3,0,0,35,4,0,34,666,350.56
191,687e68d94bba622a2de1a9f28dad88ac979dc304,1,3,0,0,10,0,0,0,116,116.14
192,257a364717caefe15114c5ce97c685108839c235,1,5,0,1,39,0,0,8,643,405.4
193,34757ffe6c67fe9ee7d6bc38d842e071a15a8c48,0,4,0,2,0,18,0,8,1132,408.82
194,e214c7e17bb935d99ba1c22de5ba33ce84ace532,0,1,0,0,0,0,0,0,61,32.54
195,ff775ded34f16aaf36c37f94132fe904e484bea9,0,5,0,0,0,2,0,1,167,118.64
196,600ed291e5850fd0ed56d65692cb56725b087b05,0,14,0,0,0,0,0,0,194,90.07
197,1efe9bae68155f853b4285fedffbabc1f3f2d16d,1,0,0,0,0,0,0,0,0,51.41
198,5bdb4c05e3950374fdf1beac651c7df85deab3da,0,8,0,1,10,4,0,6,1032,468.86
199,54a645f6a2bed827f31b7d71629bf4892c1eb906,0,5,0,0,6,9,0,0,260,174.85
200,c0f4d0693965ce53703c251ea92fa3f81def6588,0,1,0,0,1,8,0,0,36,101.84
201,4df3622bffdf324e2ad2ee444db73c5a9ee38b40,0,2,0,0,0,0,0,0,56,21.29
202,2d0c3a53ccfebf08c3c073acb9aa997b0c18c07e,1,10,0,7,116,70,0,39,488,776.1
203,05502b70acc457dabcc327895048ceb69a19a417,0,6,0,1,7,29,0,19,1055,427.19
204,e101fff06c1baa5b982826392de4136d96a1b581,0,1,0,0,2,0,0,3,307,105.47
205,215cd50949e9baba47a93d5dabb7387ac16cd994,0,1,0,0,31,4,0,48,298,150.01
206,2417f343536cdac38986221bd8dfab36ff0bf8bb,0,1,0,0,0,0,0,0,307,44.01
207,f51ad0a8a2c0dbae59bb435587a22934eeb3b886,0,1,0,0,0,0,0,0,153,27.26
208,83e2433cf920bee9f311123fe0f560e24a8418d8,0,1,0,1,0,0,0,0,51,41.58
209,1508071fc1803db3f8725c5fd4e5990aeac1cc97,0,1,0,0,3,8,0,26,188,122.85
210,7947d78d53cb6c254f0d4a36ef51ac889e3b41c8,0,2,0,0,1,0,0,2,116,80.66
211,f39950c9b2c95d726e33c78c9fafc562e18c19a6,0,10,0,0,48,52,0,21,1348,523.7
212,89eeb3b940185c6852290c0f895deee2de974a58,0,1,0,0,0,0,0,0,82,21.61
213,db790d1c3c361ea0f91e49a98a7535ebe8c91e8f,3,0,0,0,0,0,0,0,0,260.07
214,0dcbb2280df7201072c6339bbe58ddb9f6652a60,0,2,0,0,8,2,0,4,307,216.74
215,9b9212ef05cdc1a0d5dd67ea91f3fed30579c337,0,1,0,0,4,0,0,0,237,72.0
216,3069821aa2183732c345f9c19e1e23f388eb6740,0,1,0,0,1,0,0,0,101,54.29
217,5a29a2e9bf5c0d7223805e3a54a652c44d9b5bc3,0,4,0,0,140,97,0,81,767,459.89
218,3e4a21ef45468cd919c4b0538a0b25fa00694426,0,2,0,0,3,3,0,15,136,210.74
219,b89402d7cc104dba568a7001438d2a51e7987b40,0,20,0,4,56,108,0,18,1321,881.15
220,4829ffe818c96cda2c337ed15945f8145039b077,0,2,0,0,4,0,0,2,192,132.76
221,8e73a0893bc03c0210c25582c97271b582313bb1,0,1,0,0,0,0,0,0,132,40.93
222,5d7c5620804eddd59206b24c87ffc89c12fd1184,0,20,0,7,28,22,0,57,3118,1172.09
223,cbb57f8e176b9f54d6c3545276313cb972f226a3,0,1,0,0,0,0,0,0,102,27.23
224,d6b7493b110fda2790845e55409593b09f859c6b,0,1,0,0,0,1,0,0,219,66.86
225,403168e18e400f1d6595211b83bc029cfab70152,0,10,0,1,137,59,0,102,977,928.4
226,e1e5d4ec0eb85f55516d84358fba832236373256,0,3,0,1,48,0,0,0,188,121.11
227,34070726f6493cb423af3c3697a8d848c753a596,0,11,0,0,104,6,0,108,1470,741.37
228,906e6251d5be73790a6a8cf1fafdab0d85206c64,0,6,0,2,26,12,0,12,1034,377.22
229,a809322546c91fd5f9b6270d4eaf81b97612cd28,0,1,0,0,44,2,0,3,91,120.51
230,f2d758b2693347701e6cc67b1316825dbe2a8af6,0,1,0,0,4,0,0,4,316,112.4
231,54ca0e042ae0d2f058911da1e6d9905d576f5224,0,1,0,1,0,0,0,0,6,27.85
232,7d4e1eef17c32eef647c0f49e60f56484b8c2a87,0,1,0,0,1,1,0,1,69,97.34
233,bbc8c3cddef2fc6d2ff40e77aeb114ecdf34166a,0,4,0,0,10,12,0,70,760,359.52
234,c8817968e91de284e64092d6b57ec2ee1cf34eeb,0,1,0,0,3,0,0,0,27,42.59
235,5128882a6ca5ed40c3b24a077a338712e0fcf1e8,0,1,0,0,0,2,0,14,284,94.22
236,7715a537d8ac42ac5732164c3b81eb41ce3524bd,0,1,0,0,26,2,0,5,133,117.16
237,aff72d3374b14258abe79f41fa3bc2e7e1dffcee,0,2,0,1,4,4,0,16,199,184.7
238,853753233348e44e18ef95297015fbdb8080b193,1,0,1,0,0,0,0,0,0,110.77
239,e75d779f5652e229d14d093996af053fd1d867bc,0,21,0,2,72,14,0,65,2264,683.11
240,6f1db57050a39a88294aaf651469b8d8816eaa2d,0,2,0,0,60,23,0,44,206,270.83
241,0e50a57c5cc48761cc2000528720f4079270926a,2,0,0,0,0,0,0,0,0,129.53
242,203945628ea70f74406524672e1349ac6394d999,0,2,0,0,13,1,0,4,392,173.64
243,cb7a0e80415ef4c34545066a8684294f3e8788ff,0,13,0,3,8,0,0,31,2075,423.2
244,f71f0517650147ad2f88967a1b0a15c8d53028e3,0,1,0,0,23,24,0,37,340,172.5
245,9a868daf2a392b5ea8abf2b1a1e35dc05f0bc436,0,1,0,0,3,3,0,6,367,138.08
246,cb9ccde5fcef9b474261b352e8b84db992f1d318,0,1,0,0,0,1,0,2,109,82.73
247,cbf6ad8e2c9dfb3cafab4c605d23665d7e9ca38f,0,9,0,1,6,1,0,43,1699,419.91
248,f8cef27b90fd1989dac1a4e7633fbed94dec2724,1,12,1,0,51,50,0,21,2043,924.8
249,d50ce6dcd3ee45c40aa664c164fdb95365dcec86,0,2,0,0,0,0,0,0,591,98.14
250,a7a40541e496d0170c034a6626ccf3cc537d8a9d,2,10,0,2,22,64,0,47,757,568.24
251,5f5f8df655c09028e36e51b24527185d97107fad,1,5,0,1,47,36,0,65,570,606.06
252,f77cd2448790a57eccb2213f2dd0f847012619e3,1,0,0,0,0,0,0,0,0,96.66
253,aa49018e7d766968544492a83f8be390f3d83655,4,0,0,0,0,0,0,0,0,248.15
254,35caa77db00c1dc58d50bf88ea331818a1608a7d,1,16,0,3,47,25,0,30,1526,716.19
255,141e550169d2693b95a7ac294d912e490713555e,0,2,0,0,0,1,0,0,125,64.07
256,7591dbe90801cec6719045e75c3f254ebcf90703,0,2,0,1,3,3,0,0,86,113.6
257,df5d0e0d6eb23430020eb3a81cc1fc2cf10dcec5,0,1,0,0,4,0,0,7,183,105.44
258,18e70c729776a52ca10f2383ebcf1a9840627b0f,0,1,0,0,6,0,0,6,363,131.94
259,d2a28e6cc88322f1fa3604ba3f387590999e41f1,0,1,0,0,0,2,0,0,367,86.15
260,0a6b2e2ed9f607d3ff3888f1f584ff7a64aa31ae,0,2,0,0,27,1,0,13,469,236.62
261,a3e2205f379e61611918cd74d00c4b61d532d015,0,1,0,0,4,1,0,15,368,149.47
262,0cf3b16f84d4d354037b21758584ffe76020c23a,0,2,0,0,4,0,0,1,499,142.45
263,5f69dcee51507861f8018a43c690437ec81ce386,0,1,0,0,0,0,0,0,131,30.05
264,cb7e8e6e30fa349874c6a93080c88c6d6a10dc25,2,14,0,1,23,230,0,11,1425,850.05
265,945ff09105f8cbfca2d5c65db19c51fec2e54c04,4,0,0,0,0,0,0,0,0,94.33
266,6cb24343768b0dec95cc155a540cd86bcb150ccd,5,11,3,0,0,0,0,0,941,545.43
267,ff18e20870412268cc957c1e0095e24e5e413da4,2,39,1,9,168,155,0,56,3146,2009.91
268,83f3b683b65e882381198a820ca09f7999e47f93,3,2,0,0,57,0,0,0,87,279.42
269,b8f114a42986c14225edee58f02138b93fc1318d,0,2,0,0,31,43,0,5,114,212.52
270,41613ae76df5c278f911c32e100f184f74c1cb27,9,0,0,0,0,0,0,0,0,506.57
271,f933fd5dca13010904f9b08f5631478bb20ef9c2,0,5,0,0,94,62,0,79,769,639.98
272,2d2ce8a179193f5a64ad035ce7ba806a0f6e737f,0,1,0,0,2,2,0,0,24,72.82
273,9aeb917507c8c2fa316eb38e5d2ffff9675f4520,1,12,0,0,137,37,0,7,1092,740.46
274,c75fca44dd6d96654d67b43877ae0023af6aa6bd,0,6,0,0,0,67,0,55,1851,454.72
275,9f75677507e21cf472d96bda52054a99b5d198c0,0,2,0,0,0,0,0,0,38,17.86
276,c190a702a88d102c33a0ef191031f3bc79e06148,0,9,0,0,82,67,0,50,987,634.83
277,e3318e51680010caff692581f91e1a5e06c3c3ec,0,1,0,0,12,21,0,0,37,81.57
278,8d584e3f8af66f5ba61e326b34dab0d484751b7d,0,1,0,0,3,0,0,9,348,123.6
279,2c9bbf4d6b3a20ff63e50051652b90a38d60c6ed,0,13,0,1,491,48,0,47,1449,1176.6
280,409e078955fd7aa6d6232908a37a013fdc68c9c4,0,8,0,0,44,44,0,36,1049,453.32
281,9441c68f56d5df35835519587dafeb287ae6c54f,0,5,0,0,36,1,0,13,449,343.56
282,b3c90b12fbb1103358200e158757ec5e6526b734,0,1,0,1,2,0,0,28,172,147.68
283,d65f09417cc83878d2dacb46308d8a92063f0411,0,1,0,0,0,2,0,27,172,85.74
284,d2faae2918fba7a07599c16efb7480d5aba05f76,0,1,0,0,0,8,0,4,90,88.51
285,5ee3280862760ef39749b634d4b118c406f8545b,4,2,0,0,10,2,0,19,408,397.06
286,5816f712f7152d2829545adca504bb913270f422,0,14,0,0,144,69,0,13,851,807.65
287,9604b53eb8b129cad69d4a1de0fd9d91f6bee67e,0,3,0,0,16,1,0,9,621,222.17
288,a733182146a6d5ad3f18894137bd8e74979955f6,0,1,0,0,6,4,0,8,364,151.24
289,20c7daf33e5670e2c64b49ad47fb10a811027cdf,0,1,0,0,2,0,0,2,103,80.05
290,d5efeb96d424d238f4f0c22256846386a95e589c,0,1,0,0,11,0,0,0,188,73.32
291,3e2f7e98b813006d972b53a98a939cf8e8d94574,0,1,0,0,0,0,0,0,112,24.42
292,ebfe519e84b953ba58b48a056d4fc90238dee55c,0,1,0,0,2,0,0,12,46,74.51
293,8dbf35f1bf420b8b9c5b23f67d3774b8820df244,0,2,0,0,49,12,0,44,406,221.67
294,7921bb3d4e851e9542c006f0c7484642fbf5fa41,0,1,0,0,2,0,0,0,199,67.81
295,eeac9fc9e0a14bea541548f54066ac25318d33ea,0,4,0,0,16,2,0,28,488,372.11
296,02e360878fb20d6ce72d50526e7319387795e42e,0,1,0,0,1,0,0,1,105,79.26
297,f33e439246d00dfb8981bce7a54c801a9b9d53a0,6,0,0,0,0,0,0,0,0,293.26
298,942ee1e10c1edbebf77d2ca06fca2cb66fb3756d,0,2,0,0,46,44,0,10,182,224.09
299,606e3d5b0bd3bc07a91bc468da694e6d93ca05d2,0,9,0,0,289,149,0,25,1131,665.95
300,864ad6a752b033b20292ff7ef42ca54eea81e311,0,1,0,0,19,0,0,0,153,105.79
301,913eafbe0c476509ca6445eefe6660973a5049da,0,1,0,0,0,0,0,0,62,20.5
302,9fc5f986ac21d54195332def0f9755e37ced4fbf,0,1,0,0,12,49,0,32,360,154.18
303,f906d608e79c6f7cf06ba3dadad2480b4f337aa3,1,2,0,0,4,19,0,9,353,249.79
304,e06f497e6390c47d3ffb437f792e6fc1cdcc1f48,0,1,0,0,0,1,0,3,182,100.02
305,17dc9afd5f796c8752f5703da87e3b0ddef14e88,0,1,0,0,0,2,0,0,107,52.51
306,a5a7e1a44550b7ee1384a8ab6d252fd8b12d1550,0,1,0,0,7,0,0,1,94,81.2
307,b7f1fdb55e474bbc7b1ea8575b87b87dd0f2f4fe,0,1,0,0,14,0,0,3,102,85.95
308,613b896af736e3e16c8836d09d26c14d6236e9db,1,0,1,0,0,0,0,0,0,107.99
309,05ca709522c3cc48bb8bff98c673543400e20aa9,0,2,0,0,29,0,0,19,145,129.47
310,9788c0dec8edf72356cbbd94a5134f22112df69d,0,1,0,0,0,0,0,0,221,36.75
311,9b2c2fe122a4d10ea24d5f17a913d6658579edb1,0,1,0,1,0,10,0,15,57,120.75
312,aaa5fb5b0f96c92cbca1742b61b9fcc62a00053c,0,2,0,0,70,0,0,24,166,180.45
313,f37f441c4c9fa6a0b7784c003392bbe43c215692,0,0,0,0,0,0,0,0,0,6.7
314,c0c3a74b4f69f38432521f37852c873b7f31307d,0,4,0,0,17,8,0,13,186,253.12
315,c8e1ba93c14dde92c1dafa568f51a4c8c6745877,1,43,9,5,223,246,0,281,5551,3451.43
316,9bd66c59debd78b7f9dc418023fa3563b3c1adf0,0,1,0,0,0,0,0,0,372,47.73
317,580848888816479cce85dc0bdd42e9e59accd952,0,4,0,1,3,33,0,10,154,257.08
318,8c8161cfb1b0502f145c837cc6d71f57e8d7ba04,0,4,0,0,4,0,0,0,451,105.5
319,7d1da7b1bd6f3976fed00d1f0c2e77b8f08cd369,0,2,0,0,0,1,0,0,91,53.6
320,528e38fea965e4614a6007e51b514cd47f4a8d6f,0,2,0,0,67,0,0,1,233,196.47
321,75b49820ebfcac7aea000e5491c501e80f88eaae,0,5,0,0,8,0,0,2,1074,262.15
322,aa1aeb5c51772e3f4d6dc60bbe2238d77d6ddb2f,1,0,0,0,0,0,0,0,0,54.33
323,9780ca4ced6c113c876916061a05e89b8ec5e128,0,31,0,2,118,36,0,117,1817,1134.36
324,e31fe4e3449ac13b873a204ddeb2795c561f5d37,0,4,0,0,0,0,0,0,188,47.3
325,58ed7fdf920ceadd957f88f903e4e84eddec67c0,0,2,0,0,5,0,0,9,606,220.67
326,90eaca21028591f525ae0bbd4d17e476da11f271,1,8,0,0,0,0,0,0,194,115.89
327,aca768c9ce087180537fc5b46b561f0736b41763,0,1,0,0,0,9,0,0,0,36.36
328,c28337316a10053daba7ae8f512ee8526175602c,0,0,1,0,0,0,0,0,0,35.26
329,9c7aec3957130ac751d7eca72cad2133e7ff032a,0,12,0,0,38,18,0,13,1373,630.68
330,cb9a0165ea9eac2cb245b18accc1fa9f8a52282e,3,1,0,0,45,0,0,0,241,227.4
331,41d7ea655de5345c022932a561775bd43d432bd7,0,5,0,0,63,12,0,28,712,287.03
332,06b91f1903d305205a8509ef05c5858546593689,0,2,0,0,1,7,0,12,593,221.12
333,cb09f91977ab8be551e638202384422c921f6daf,0,1,1,0,20,0,0,27,221,149.84
334,4de8e471513386e345323f10dc532d4d018a6abb,1,23,0,6,281,141,0,107,2842,2105.1
335,2673a69b5d3fcd1faf4debdaee4b1cb87c44ffa9,1,0,0,0,0,0,0,0,0,71.42
336,3ce748e3756513bac7a796dec2852f7ab371449c,0,2,0,0,18,0,0,11,439,142.36
337,ee07cbb82ced38626e1af87db9e656f172f21e3f,0,3,0,0,34,1,0,2,789,274.99
338,bc41f0fa5aee39af8d229df8377964a443409698,0,6,1,0,20,71,0,31,640,558.92
339,aa9f8bae8be32a078bf899bdd8da3dd50d4ae68e,1,3,0,0,17,0,0,19,520,260.03
340,584d1fb543c9bc89d12d14a897ca1cfec9bdbfd5,0,2,0,0,0,0,0,0,173,71.26
341,0579273c2535ad84253462cb2240a89fee06f16e,0,1,0,0,18,0,0,56,131,105.11
342,f34f2831b5be5709736da9c173e13d550382b5b5,0,3,0,0,9,2,0,19,684,320.79
343,0374555a6f650df7d0d4105182cb065f284aed83,0,1,0,0,0,0,0,0,155,30.74
344,0465f8193cf84a05b4df0bc1b135abb69321777e,0,2,0,0,4,0,0,1,242,104.24
345,4f02a2e1b3026c2a321d5ea1e9724daa7430c5f0,0,1,0,0,0,46,0,0,121,56.63
346,835acc6460e649bb198ee435c0835386f1b951ba,0,3,0,0,33,39,0,11,517,215.03
347,720d07454f37889f99beeb1588e127c7b08b3cc1,0,1,0,1,0,0,0,0,115,69.09
348,a532e51d75aff1c46e87525416c9a7aed92c514c,0,1,0,0,0,0,0,0,113,24.3
349,cbca60c1049e8d60891e4740f3821ccf2c33e301,0,1,0,0,1,0,0,1,80,79.3
350,245b7d102bb79e0b33f304601550e24dec9b22d9,0,12,0,1,119,35,0,35,2103,1159.53
351,d98abc02da6b790bdd35ef4617a5a4a5159d98f1,0,2,0,0,131,14,0,24,311,195.86
352,f4002d622f8825e8c0f3b6752b7ddbea03b5de09,0,3,0,0,26,0,0,5,616,293.94
353,8f5c25b693f1ccf6d4dc9255734e439f2cc5c6ab,0,1,0,0,168,132,0,1,307,203.94
354,87326237a8dbb8a0bd927becc4a72f59cbd25a01,0,2,0,0,0,0,0,0,166,41.76
355,b9f10e9c636d490e670ca41c4b3dc88fb3b67a29,0,2,0,0,0,2,0,0,300,90.62
356,cb8788f0cfde49434700c226b341db388840d68d,0,2,0,0,7,6,0,2,194,151.04
357,63864e7bcff21b161d46bc3d8ada1d34b84788eb,0,1,0,0,12,0,0,20,106,92.07
358,08a004f8dd7a7c3523e7f68a468f6c71af2a2231,0,5,0,0,0,3,0,0,699,159.5
359,6ff49d21e91508f59d11a643b426101ee3bc062e,0,14,0,0,329,194,0,51,1145,787.84
360,249b02d10dfb9aa4b74878862ba603881c5171e8,2,0,0,0,0,0,0,0,0,228.96
361,c4054ce8f37a148b84a7c783ed3ba563432c174a,0,6,0,0,11,0,0,10,641,287.57
362,aac27b096d83d2badac6d2880ea6195c06cb8931,0,3,0,0,21,2,0,23,574,246.0
363,1ef856fe28d53c4c075e57dd3bc7082c1349c2f4,0,3,0,0,46,0,0,2,419,234.82
364,edc42db502853fc41205933c7ed2e967269ce052,1,0,0,0,0,0,0,0,0,10.09
365,efe03e73facb9a60e83ba4139748e14c6d9cfd8e,0,2,0,0,0,0,0,0,313,65.56
366,bbfa1c4b0701413584c23690841bf8e2b8ef482b,0,1,0,0,2,0,0,0,314,79.19
367,6a31c670f451bf31f8fc007dfb6c299f5e9fa8fc,0,1,0,0,0,0,0,0,475,67.24
368,779f6a27c326cfff5f71abb19a0626a043cb234d,0,3,0,0,26,0,0,1,216,179.74
369,3dc4decc63f69e9e9e401f071868c0bf9e097926,0,2,0,0,42,0,0,52,417,204.75
370,77095de00c22ee8b874701e2166f2811f7745d0c,0,3,0,0,41,2,0,18,210,261.97
371,6d5920266f745e97dbc8936a3e50e0c4ac3f46f1,0,2,0,0,5,1,0,3,141,119.88
372,de1a0a8dfd4d02513bcc91c4d7700b751e697fbc,2,7,0,0,79,66,0,8,707,577.85
373,42efe2771509e43fb55f6f1dd3f7265a2c4bdcf8,0,2,0,0,0,0,0,0,214,41.35
374,50a4b0029c694568d19bc88de4e09d97565d1d81,0,1,0,0,0,0,0,0,121,23.57
375,71eed0e90784c9d36a408347f94db8606e277afd,0,5,0,1,23,23,0,17,712,518.21
376,10621059e75e990dc8b9fdd8dc39214282835a44,0,2,0,0,26,0,0,24,313,139.85
377,2b21c239298b55fca3a488a444b9bb6a5b23e51f,0,1,0,0,0,0,0,0,121,22.06
378,2096b3e892bb3a3b6964619d4a332949669636b6,0,1,0,0,12,0,0,7,376,121.79
379,f08dfcddd6102f5953e533cb64ffb395c3c5e095,0,1,0,0,24,0,0,6,113,93.71
380,1bb321206578e1dec7a92a2460b6bc7d3306da1f,0,2,0,0,21,0,0,17,339,169.67
381,e906775daf086caf4bff460fe8252b58e73ad618,0,1,0,0,18,23,0,0,84,86.68
382,024741cf287978f84a6a7d2a366500c47ad0006c,0,1,0,0,4,0,0,1,121,80.55
383,b707c2f112dec8b69131f169f7541a4a6f4dc3fe,0,1,0,0,0,0,0,0,118,23.21
384,3bb054db526aa07dcd88fd563dd705fabb35472f,0,1,0,0,0,0,0,0,435,63.79
385,0e6bf3204b6c4f2683581e68a195371b019997e8,0,1,0,0,21,26,0,19,195,136.88
386,0df9a6922de5a7c605ed30ffd5d0b18f02acfd7d,0,1,0,0,4,0,0,6,125,95.16
387,3e7d25942a57f3d0ca52aca316d683af7a5c743d,0,1,0,0,7,0,0,8,179,103.51
388,c9723915360fdfc5018d6d12eab7717ad0a0a336,0,1,0,0,21,25,0,8,161,131.8
389,d1aa650a8627abf4569d9593344893b7361d9ddb,0,8,0,3,18,45,0,6,816,482.58
390,248181f5cec99069f532545604ba6cf143806be3,2,6,0,0,83,100,0,64,995,772.91
391,cb87bb494a6991733462afbd73454798a3e34e13,0,3,0,0,21,24,0,8,505,243.3
392,a633bcec6c1812e0bad3e923bce566213cdd2dcd,0,3,0,0,4,0,0,0,537,114.06
393,43c3e71eaff50385193d23577063a7f1d1dc0322,0,5,0,1,10,0,0,0,386,164.32
394,3569562cd4529f783d1d41c876a7401ec180c590,16,0,16,0,0,0,0,0,0,1551.21
395,ce2cfb6dc9da91f5ac4b20dbd1a203b0c97bb240,0,6,0,0,62,0,0,34,950,568.69
396,a94d715f1fba8fbc522116ebc394765aad5fbb08,0,9,0,1,64,0,0,5,1219,486.52
397,3587cd094464b3402896c0994497f0698cc2e11e,3,8,0,0,100,107,0,3,1013,650.36
398,e75b06a12cc6de7b6ffaa998c4c8540230ef5514,0,1,0,0,0,0,0,0,305,59.03
399,3b43ab0ba4dde657f3738d2b2d558b7378d57bd1,0,1,0,0,1,0,0,2,435,120.96
400,875d79b1da31c08560c29b10c2c79e9f1ad05554,1,1,0,0,90,3,0,8,241,266.96
401,cbe96af6c180b7f9f231ddf41caf2ba7e3bf3943,2,0,0,0,0,0,0,0,0,150.67
402,bc3787b66ca8f56d0e4e2af2da17dbc0235b3b2d,0,1,0,0,2,0,0,1,129,87.01
403,b25a688f8b3079d425a8b4611449524c21018841,0,1,0,0,81,62,0,4,138,146.73
404,6a7ee9be8d130cb28fb591774794f2bc2b422c26,0,1,0,0,32,30,0,40,218,139.55
405,898a22a9a35f6682cc4cf9f053d76c5e31ecaf91,0,1,0,0,2,0,0,2,219,98.29
406,6d0249fccf3dc14996c2b33cc6f7623fb79c94c8,1,3,0,0,0,0,0,0,251,105.61
407,2152f74406dd987b722d1f2389c8255004d99413,0,1,0,0,0,15,0,0,206,68.82
408,4f36be1be249bbc9c686d5c25b00e79644430933,0,5,0,0,62,20,0,6,856,367.16
409,adde30f2fbb4545092df72e7ff2f3e2a8e3098b5,0,1,0,0,14,0,0,3,174,96.28
410,3f485d8d2033747299a66062ba9bc3f7eef47e2a,0,1,0,0,0,0,0,0,140,26.48
411,8a9e0da1907e2b7c0260179ae28ca242887e0ec3,0,1,0,0,0,0,0,0,140,24.58
412,2ed8061656183bbccaa809606041c91fb9dca9a2,0,8,0,0,24,7,0,24,1157,474.67
413,b16f803c16401669da647b04a98f0233c47ea2f4,0,10,0,2,20,20,0,55,1439,861.28
414,fe604eb5115e3ba24b0f26a2b5e642638c6cc256,0,12,0,12,332,15,0,52,724,1041.15
415,08fc96044c60fe53b37934b97058dad90c7a9bcc,2,0,0,0,0,0,0,0,0,61.86
416,d50bd1140a94c8314a674da52e452bb86d270f41,0,2,0,0,293,64,0,31,155,288.21
417,e4242e08bdf3e5425db494f7cdcf6eb0605091f3,0,1,0,0,0,4,0,14,332,110.09
418,24eae26db930b02646dc746235c9068ece8bf0f8,0,1,0,0,5,0,0,5,332,108.21
419,1d33e7183660a55ac36bfb187614eedcf5628eea,0,1,0,0,0,0,0,0,337,44.09
420,90e8f6253d6c26afbc7338474395e0449b8ff57d,0,2,0,0,26,0,0,15,207,218.4
421,5f4a8e9301ffc739eb531a2adf7fda7fb19b8d29,0,1,0,0,3,0,0,6,140,87.51
422,2ffc8f6177af355b0aac2f8ceadef95fad2c4bd2,0,9,0,6,20,0,0,3,763,472.99
423,6fbde344548d456104567f34d63f4a5744719757,0,1,0,0,44,0,0,6,331,131.28
424,544950fddb4df18abe4b26ecc759ce37a466cbdd,0,2,0,0,9,2,0,9,559,231.62
425,2ed1db29a3cb9a334d9fe12894fcf53ba0490c26,0,1,0,0,8,3,0,8,334,141.72
426,3d07ba9794728f8dc1c5142942277c6131f75fd9,0,3,0,0,68,30,0,16,587,265.92
427,accff26f9b76831bcfcb37e4e437508fdf73cb47,0,0,2,0,0,0,0,0,0,77.41
428,4d8e98a65cbc293eab1445a6b6073c5a3ac73e39,1,0,0,0,0,0,0,0,0,72.68
429,5ad44d6a4b09be37b92f4e89fe00c3d31107c1a4,0,17,0,0,32,6,0,36,2608,1036.17
430,138f267c4eb4b5dff555f2d00fd3591ba06f22e8,2,0,0,0,0,0,0,0,0,78.84
431,053712a5d053e16706ad633371b11f997dab20ad,0,1,0,0,0,0,0,0,392,56.86
432,ec6bcabfd0d09cae52bee867fc5ed4518a8da131,0,1,0,0,10,8,0,2,45,108.46
433,59f9981a2502b1a2eaffe88c6e39e2f8bbbf6672,0,11,0,0,113,53,0,50,1326,786.03
434,4f49fc2f6f1761e84ee8c6572b14e1d9adc16abc,0,1,0,0,0,0,0,0,55,16.1
435,6178dc48314bd6aec68f575d8914d351c6010d85,0,3,0,0,38,1,0,7,293,182.17
436,a58be720ab994ea5a0d6106f0196f3abece59177,0,1,0,0,0,1,0,0,108,53.88
437,b7f2f83fc09c19f1805e8b31a3de6970b983d3e5,0,1,0,0,0,0,0,0,23,14.86
438,dd1d22b147b0043a70ff4717c850366391d6da42,0,4,0,0,8,10,0,7,756,265.43
439,ce737c495fc2371d1acb0753d67c2a0a2d07242d,1,4,0,0,147,206,0,18,228,415.26
440,2a492f10ac0225e78753854ac898787596f8f143,0,1,0,0,38,36,0,3,124,161.65
441,134d745844936a7fdf3bc7ea3302d1da519970d8,0,1,0,0,0,0,0,0,35,14.64
442,26ec54a7f02d27de951550be16b36a401bc1c6fd,2,3,0,0,72,0,0,0,598,235.13
443,9c6125f2570f6721af163d385e6ec71728c2e501,0,1,0,0,0,1,0,4,93,86.52
444,23f44e6f42e77cd173dfe2888ec55ba30db7fae9,0,2,0,0,1,10,0,2,628,207.99
445,9a44ac612be056406262b0aeb9c6bd18862a2592,0,1,0,0,0,0,0,0,35,12.65
446,8bc11eba24f4b377e08c34a486aa57de3e602aae,0,1,0,0,1,1,0,9,341,133.73
447,ca55d79ce5dcbaefd3607b6eb700bd341f26554d,0,1,0,0,5,5,0,0,157,90.91
448,ebf16336f1fe3e015a8343ce1c47b573b09e1d9b,0,5,0,0,17,2,0,22,1433,434.46
449,1f421be2133108bcd2d851811deb2157f887be03,0,6,0,0,189,158,0,6,516,359.15
450,1682d9037d8e9f49bbccdfe682553203abfea665,0,1,0,0,0,0,0,0,132,24.04
451,dc690a6b3c332d765a70ba43b8bfb3d80c8d5547,2,0,0,0,0,0,0,0,0,137.08
452,735621f29d4d679273d484c76b16cf04ba344d11,0,1,0,0,0,1,0,4,80,78.14
453,5dc0df588da9ff37e41685edfea041fd29371aed,0,1,0,0,25,0,0,0,109,67.35
454,bc9696086cb7e3d4890de5b526fff397c0a7f1f3,0,1,0,0,39,11,0,19,97,126.23
455,8399dd59ce02fbe22ed3b2ee5a490a53e829071d,0,2,2,1,49,0,0,0,47,156.07
456,aa1ff3d0386e8bb1c6cbb8624777f17f7b080e5b,0,9,0,0,44,55,0,27,933,516.12
457,3c7deeaab7c0d1380fe2c3de11fa00207a2f45d9,0,4,0,0,143,205,0,22,330,367.06
458,aa284b7be1e901130a40cdfb3776cac455ea72b3,11,16,1,4,279,27,0,57,785,1571.43
459,b3e029d3a3c1d1035138d4f1a697eaf95c31d824,0,1,0,0,6,1,0,1,62,106.4
460,8ceed556fa69005803e6c7d5a98100744826d8f4,0,1,0,0,0,0,0,0,136,74.13
461,250ad2b9aed33f9c8935df55767a3b106699c643,0,1,0,0,1,23,0,14,106,111.7
462,3733ee840d0eef90b3ff4441f184a5dd1f78ab44,9,0,0,0,0,0,0,0,0,406.75
463,077d050ec8636ad604102b73b9e605f8ba2da33b,0,1,0,0,0,0,0,0,128,27.07
464,56713d36c65344d448b58f697bb109c882f44dc0,0,1,0,0,189,142,0,6,69,166.01
465,a89a69ef4ddfcaa54d2df98a55190dd1e8f5a3cc,0,5,1,0,2,0,0,1,851,215.92
466,967a2ea0817352b671ac0c5849b667cd335c6d24,21,3,21,0,10,7,0,0,174,1785.94
467,eb44c8c316a528a5bdf908ebb932c8b6ac921a96,21,3,0,0,0,0,0,0,184,1002.97
468,0e9a53eed93bb376c5e6a5af47f2442fa55b8f2e,2,0,2,0,0,0,0,0,0,228.12
469,e815f0a3d128a728032828baf4234a6d2989f007,2,0,0,0,0,0,0,0,0,145.92
470,6d190350f66ba84cfd0e29719b87335ac09de857,0,1,0,0,6,0,0,8,93,83.97
471,ad0a2a05adb959594b9181c93d50b28390e2cb7a,0,1,0,0,0,0,0,0,99,34.24
472,4462c85c1c2194559d9031937b3d56194f7f03a0,0,48,1,1,0,0,0,0,2783,640.25
473,4b78f5476ef6f2359b39292d10cb4dc587f4e22c,0,48,0,0,0,0,0,0,2783,580.72
474,83024e7055628dbe0822d535957cc822b6d5dcba,6,4,7,0,1,7,0,2,695,774.06
475,90f5a1d8bb830b8087ec0217052422fbfd215c37,6,4,0,0,0,0,0,0,696,423.94
476,ac0dbd4f42112cb8c64219917754d773cfbbedf2,0,1,0,0,0,4,0,1,97,78.9
477,d1cd9a17f425858d786d1f9caf87dd0126dde2a8,0,1,0,0,0,0,0,0,97,23.04
478,aac112d794b30a68b88ec32e1444fcde48249950,0,3,0,3,0,0,0,0,644,306.56
479,f0d86932947ccbba85e6fb3a8a56dd2d580688f8,0,3,0,0,0,0,0,0,644,87.65
480,44ce30f509fb52976b2f9b9536098825b218329c,2,12,1,0,171,7,0,36,855,872.24
481,2f8d93aef32cc817a0426238b20f69f00dec4aca,0,3,0,2,0,0,0,0,241,111.17
482,c9029a0cbb4e96bbb19b1b338f1c8b45d18d6d6f,0,3,0,0,0,0,0,0,241,51.4
483,36a170e87e6c60e102f8ceaae52fe3cde0b9575b,0,2,0,0,77,82,0,11,316,208.67
484,b4168a8a03958f6373ce8ff49a65b60b1baca01b,0,10,2,2,139,11,0,3,1218,566.84
485,892ab608a845392f4c1cfd446cca4a61cf866630,32,0,0,0,0,0,0,0,0,1621.38
486,9a04c6b039dab49cd2c3648952ad42c87ab16a40,8,41,0,3,613,188,0,43,2183,2449.27
487,2a2b3bf47ad03be05c51153b7dc87db205b2db75,5,1,8,0,171,1,0,0,7,548.0
488,d6308d78c4a3d2510af5952aaeb99ab84bcfcc34,0,1,0,0,13,15,0,9,281,140.34
489,b21ffd4681896c982e3f6a448a770fe10df7787b,0,7,0,1,94,10,0,28,747,525.74
490,4a1b42deabf9d1afaca185e30b68fa373e4e000d,1,0,1,0,0,0,0,0,0,134.27
491,e3060a0a2f2e3b92a59581f457b71e177457750a,16,33,2,0,98,116,0,24,2388,2275.48
492,1bfeeaead158051cb5f78f403c4878fc89596cc8,0,2,0,0,22,1,0,7,169,153.03
493,6c636c96b47f17d1f9484a307ac16d8f72f027d0,0,30,13,0,2,97,0,0,1404,890.28
494,2178e0558cbb874d99b79aaba35d7f034f07adb3,22,0,0,0,0,0,0,0,0,1044.96
495,282c0471e3d118a252c02a7fcfc3aa9b9a6dc1c5,2,3,0,0,183,48,0,11,326,385.46
496,a60154826eee2f7a77044024c40801ba00156048,0,2,0,0,42,0,0,6,509,194.01
497,a3b477351ac0f450a27fc9e214b48bf8a66bce55,6,61,6,1,162,42,0,8,2777,1666.14
498,e5ab8c4672854768041a19861e126736b832feec,0,7,1,1,3,13,0,8,373,203.69
499,dafa4a3c2f4d276281daa5d570ba309cc5f0315b,0,3,0,0,117,53,0,36,676,350.69
500,e4cd793e860c83f382a6a6fa3ab287c49304b247,0,1,0,0,9,1,0,4,505,197.23
501,21a70ad9834d9c0b1bdae3f73a1156316fedbf1e,7,12,2,0,158,273,0,3,712,931.32
502,3c0bbd6080af4e814be596dadec9f8394f94de60,1,11,0,0,158,22,0,107,1554,804.53
503,e52bb2b2d9fb79a036acf3afec8b13d148d0c243,1,0,0,0,0,0,0,0,0,11.19
504,1ee022b8517d83a79223ad1fe942d1c34444a6b7,0,11,0,0,71,1,0,23,1168,436.09
505,3cfcdab578c086309c9a608c44ea19dd78826ca3,8,30,1,0,330,105,0,35,1846,1882.58
506,c25f1143fb51e281abed8a3fc0eb275cdd28fe34,16,14,13,1,207,293,0,7,983,1743.52
507,afcfd7cb84ebf0fc330831de29a5c157e3c1f8ac,1,7,1,0,9,12,0,0,417,354.11
508,4d5cae8633f0760906233bba9f60d84efb00c667,20,19,22,0,0,3,0,0,949,1889.18
509,e9995aa41c45c0e9ec2c3f6ce5ecb506f818b283,12,29,11,1,95,69,0,8,2059,1579.34
510,392da77761be723e0ff16fe6d5192fad5c05b624,6,10,1,0,90,141,0,16,854,914.27
511,cec094a32a5a8bc84e5fb8847b96b95c0e00cd50,4,27,5,0,10,12,0,0,1484,665.97
512,e82b86e4c79bc3c52c2c3e5f220901ab062c997e,2,15,1,0,12,27,0,8,806,445.8
513,cbc97395f12b73442d3e4ac0aa84da0d555a48ee,1,6,0,0,195,69,0,18,866,475.42
514,4cbe896dbf88f885639087eceafe3d76edbd4ec4,24,69,20,0,58,169,0,27,3126,2705.09
515,2186302935e3a359614a44997a6847088a47a5f8,1,10,0,0,137,47,0,11,602,626.11
516,14071d9788cdcf4e6673f657c138c74955421b0c,0,6,0,0,338,52,0,21,853,451.57
517,d8d29903e1ee513e26109fec24e40f0ae88900e9,0,17,0,1,147,205,0,63,1875,983.34
518,e40abd7072c455d9590a41fa2352558bf34c7980,0,5,0,1,0,0,0,0,1020,198.9
519,cf081debe7ab92fba292c7a755afc6e22658960b,0,4,0,0,66,0,0,19,604,315.86
520,26443e137a76af2ec519684f8b8adae80982895d,0,1,0,0,1,0,0,17,97,119.49
521,6e86845361152ca67bf3ddf8ba25b248a7c8fd09,3,4,9,0,113,4,0,10,488,788.35
522,29d732ea9e503dca711c57d3c7bcb6b733e95128,3,16,0,0,340,191,0,150,1976,1510.25
523,a1d814da639f6d8917233c6b63c2ec6566be859f,0,3,0,0,7,1,0,11,1001,275.21
524,2481402d21ea420ae1ee1b3a34cfab381dd6718b,0,4,0,0,9,0,0,4,416,202.45
525,42d2e9f2adaaca88970e52b1d1ff5a1af695b38c,0,3,0,0,129,20,0,34,602,308.44
526,c0301c2639e9c2cdcd33ad231ee706f5fdb222e4,0,3,0,0,9,0,0,5,564,246.36
527,5f6136ce99b516d0d5b0df325ee4c57cca1ca971,5,9,0,0,392,35,0,79,2300,1112.34
528,904c247ab0368510378d16474b1cec9162512b76,0,4,0,0,3,0,0,0,618,139.42
529,070741d88967120282f4a147b0a950f9fc6bd98e,0,1,0,1,2,0,0,1,209,171.92
530,2ad6072b8f78d0534677c9a69548244e4cb0813b,0,1,0,0,0,0,0,0,0,9.85
531,8466b14a3e44a001959ecb30c2ede54f955a41d5,1,8,0,0,76,2,0,20,1086,625.12
532,e3d0b6c4d3f6bab9b39bf7a64edcb70dd6aba2c3,0,1,0,0,7,1,0,1,133,113.67
533,e46f9aea076da1018c0131a7df8ba3ca316d284b,0,4,0,0,108,9,0,36,598,366.53
534,0081fd4a647fed495346cadccf6634bbf05c713a,0,1,0,0,2,0,0,1,284,104.73
535,b73f8781392904c5c5c33851d1e28222beb4ce9f,9,37,0,0,204,157,0,8,1596,1651.95
536,19090dd6b10d4bcab1332a9fc43cab806a3ec23c,0,6,0,3,65,10,0,0,350,231.29
537,e3e80a012ba628f84b26c213f10eadf8cbfbc15c,2,6,1,1,51,126,0,12,1300,563.21
538,24ce203ca1d6ce376d44ec0eb67d613e64dbe3cb,15,1,0,1,3,0,0,0,60,566.3
539,d0bfde2779f8b495cd5123141e54a7dd3e7d1d92,0,1,0,0,2,0,0,6,146,83.86
540,556f697a4dba2d7193dffe2401686f8c562df72d,2,12,1,1,112,123,0,56,1643,856.11
541,66b2642846980b6f1a35ccb0070dac89d9abbead,2,11,0,0,114,96,0,38,2194,1047.26
542,54a31cb650b7ec508dd356eeefb911bf66931cb7,0,1,0,0,0,0,0,0,0,9.79
543,7e531fa2fce1a5d223a32111d381ea3e47ff9244,2,8,0,0,7,168,0,12,1397,728.48
544,a4c9876ef72888f99de798314f64cfd2450e43b4,0,1,0,0,0,0,0,0,84,21.34
545,ed9258caa8ccc693d11eee21afc8200901362231,1,1,0,0,0,0,0,2,186,123.84
546,43e514800881fd66bc946fae829e2b05b171bc10,1,2,0,0,1,12,0,1,109,161.39
547,62e4d4649854439040a1c4ad552897b9daeb16a1,0,3,0,1,71,3,0,0,9,140.75
548,2668f6cf6203e41d6b1bc2a283c3a8c206a88f9d,10,39,9,0,19,9,0,1,1755,1429.21
549,1e17928631239d0f546e37069929170cab8363ff,4,1,0,0,15,0,0,18,394,310.22
550,21c7e3486d690c61dbbf3634e3f55d3b1bd76618,0,1,0,0,0,2,0,0,61,45.31
551,a00c038795758129c29a7891e1b64abec4e2f571,22,11,2,0,58,19,0,11,264,1338.6
552,fcc291c865425b0e554d3eed47ee682d6cb9117f,0,1,0,1,4,0,0,5,175,138.97
553,3e4d4d1fc91a1edfb9e3b51a11d95611d0571922,0,1,0,0,0,0,0,0,49,14.88
554,61fdb82c4f8b95b940c6a35e33e28ea735b6b5e2,0,1,0,0,2,0,0,2,61,78.07
555,6b0563f3c07a3cd00c803d52ba1a9c8aecddefe1,1,1,0,0,32,1,0,1,8,171.91
556,202c8a75ed1611eaada09916ae6f7ba6839f9656,6,0,0,0,0,0,0,0,0,291.03
557,673d9e121d3d9849f879148d53e3f1b2b2dca528,0,1,0,0,3,0,0,8,82,82.43
558,3289d2d0afbffd4dbb4122e45c4a8b11b0f432a4,0,1,0,0,1,0,0,0,40,44.26
559,6e2baf4114a5adf3ff5857e8ae1d5e83d301c855,0,4,1,0,24,0,0,4,47,246.35
560,8f042fa632bf5617ebc1e22174ccb6be5136119d,1,5,0,0,2,6,0,3,70,290.09
561,9cd90d0791c4e205ac5a4ac208d8ba0e1dd14f82,0,2,0,0,2,2,0,4,270,204.62
562,7f8531686da80bc07103e2cad3ff40cc8738a3d1,0,2,0,0,0,0,0,0,272,46.33
563,1d099daa46acab64b9f8453a7aad578b937d58e4,17,61,8,0,583,446,0,41,3027,3583.82
564,61dc0cdb6a8b6aa27490620129a58ec34a7f6371,0,3,0,0,39,26,0,18,748,297.91
565,456c81056750a3ae60d5626ece441ff32c21745a,4,14,0,4,57,15,0,15,689,801.42
566,37cde198b82eecf2f73b696d079cae1a215f36af,5,4,4,0,0,0,0,0,230,388.01
567,81e6f5569f72e453d0a285de287d7e7874607613,0,10,0,0,26,1,0,2,427,223.76
568,b8cd18ce837c9aba5272a7ffd6284c19678ae28d,0,4,0,0,4,7,0,2,71,201.11
569,29aff5d8ec3bef675dc76a3a8a499e95c180390b,0,9,0,9,54,26,0,0,52,563.67
570,ca007626cf6cabd35beb7404eed0caefbc8440f8,3,0,0,0,0,0,0,0,0,137.67
571,3cbdeb689e01a1fe7826ef38ea3ba665f7a8a94a,11,43,9,0,15,28,0,0,1662,1443.86
572,a74e9417fc2bed6e8c1d7f24f6397afaf114cc93,0,1,0,0,1,0,0,1,20,65.55
573,d266d4903f7223c6f49c4f51e3b3f791f793c803,4,9,2,0,17,3,0,10,1004,715.82
574,2b979fd2fc51985a7ef1d966ec8da30d209fc07e,2,6,0,0,16,0,0,0,313,250.7
575,e7bb3e87da921ec55c0ad6f4ea7931e5866ce98f,1,1,0,0,2,72,0,5,316,193.72
576,0e7e77fa0663bb675ff7ddefe0457d112f873161,1,1,0,0,0,0,0,0,318,102.27
577,cd8b6ce78359110ca5b5e669ddf5a34f734707c3,1,10,0,0,13,13,0,16,1086,587.99
578,41744a63680484430b972f04bb677e37868d7cc3,0,6,1,0,20,3,0,16,878,373.8
579,74f792533ea41910a8513ecc80161a66d08d6607,2,8,1,0,8,9,0,2,666,402.94
580,f454715d2e971a614eb5da5146a2d41173fcbf2f,0,1,1,0,0,1,0,0,15,108.09
581,7f4efec55dac35d9845fdb752f56c3b0b421a4eb,0,1,0,0,0,6,0,0,64,46.4
582,1b7a8767f3019d121e0698f5dcd66b6412eb0bd9,0,4,0,0,12,0,0,24,447,307.32
583,0cae1dd2419de0832f496dad480d8a11a9d6074f,0,1,0,0,0,0,0,0,95,26.34
584,30cac4b8e51feeb56682f4e7f47c925d700538f8,2,1,0,0,0,0,0,0,62,122.4
585,4d67d3495916e4d80afa5535e308afcecf675a46,0,1,0,0,0,0,0,0,95,24.69
586,a3a7c544a0e80bd655c4e95d315665870e905c87,0,2,0,0,80,2,0,9,798,294.35
587,609a6b276f227e0994694033974f9222bb11b5bb,0,1,0,0,1,0,0,0,80,51.22
588,44469956cf91d02f348753f47e05f1331fa54283,12,70,3,11,448,870,0,116,6206,4164.82
589,97416ffd7665d87fa6a5b58ebbef7c844600133f,3,0,0,0,0,0,0,0,0,61.62
590,e075253bcdda22e7ad52a8c4995f9b98ad2255ce,0,2,0,0,4,0,0,6,423,175.89
591,0e9fd5d55b254c9103bab90b38e3f550082111d5,0,1,0,0,44,0,0,0,104,63.3
592,de4a3f49fbe51d1728e18f78b7ee71ab868759f2,0,5,0,0,158,41,0,28,578,459.49
593,99cc1858645e187cfc0f3fdeed4541447b3d4c1a,0,3,0,0,6,0,0,9,401,181.53
594,6bf5915917a14c8fb9c916a2aa1753a848b21cb2,0,1,0,0,0,0,0,0,112,25.78
595,6dfb786b3d502d1f2a5185c104de04bf0693cb7d,0,1,0,0,0,1,0,0,80,46.91
596,0d00e777f3d656eca6d889690db99ce37a35da84,0,1,0,0,20,27,0,5,554,170.84
597,7b70bd9b690427c60a1232e4dd5fb2a2cc73121c,0,1,0,0,25,0,0,8,240,100.88
598,894795a933b26a32cdaca465a33f79e78dff606d,0,1,0,0,0,0,0,0,148,27.25
599,0fb3aee1dcb546be03f22bda5f4edf653432df80,1,8,0,0,14,24,0,24,1711,483.76
600,a84731958526c9122af68296c1a6085980f2548b,1,2,0,0,4,1,0,0,41,198.15
601,a87720732906c6bc344b7a022a0ff46728b8847f,0,1,0,0,3,0,0,3,8,71.03
602,375b245eab2c585e4022f70f6a5de92ac1ad414e,24,18,23,0,226,69,0,24,1292,2886.03
603,739a57833e0a15ca3a468478bbd487c706f0ee1e,0,1,0,1,2,0,0,12,183,144.47
604,f6a7e5fad87286e122d33f68aaa74ef61edf5e53,0,1,0,0,123,28,0,15,84,141.14
605,636e93ee8b37991f2ac047c844d6d5f4a3ee5066,1,1,1,0,0,0,0,0,70,109.57
606,80b4d711276701deaba0838d2a52e6176965d1de,0,1,0,0,0,0,0,0,6,9.21
607,38daa8dccb153ed936ce0181f3ec378cddea5fa9,0,1,0,0,0,0,0,0,123,26.75
608,1189ca8d163fbb73bcf5e9a5705fa4cb8f731c35,0,1,0,0,8,1,0,9,306,136.37
609,5765bcdaba2b162ec2c0b456b94c47905df0e86a,6,17,0,0,309,68,0,38,639,1063.2
610,cff417cb0cd4165f317990e5a12fb33635b4a03b,0,1,0,0,29,123,0,13,84,122.35
611,b49beb48c841690ed2f4390e3fb63b1b3c58f139,0,8,0,0,70,2,0,18,446,444.15
612,e748458d66a0611473d64f0b074117d4b62d491b,0,1,0,0,0,24,0,0,39,42.23
613,7da68ec7c6632774150f84d7e16a3ee322f0cd85,1,7,0,0,48,29,0,34,1582,617.25
614,8df4a398b95d4f3ab9e2aecccfb7716f50441b2f,0,7,0,0,15,21,0,9,1090,361.12
615,bd50637af9bc7c8a88bcd589d362fbd963594687,3,11,1,0,47,20,0,9,1033,795.7
616,daa64b4fc403a06f2cc747e969a7a7418e9448ae,1,9,0,0,41,42,0,65,1698,697.43
617,8381b189521b80666f006e56d106cde98d7c88af,0,2,0,0,1,41,0,18,491,226.78
618,9f7550a425b23e9243b37887e56094fb311cc65a,0,2,0,1,1,4,0,2,133,129.43
619,d43e66b09ecfb5ddbd900d54e57550192aeb763a,0,8,0,0,118,15,0,26,592,441.43
620,bcf9fd3ece5181b97b80e0110189b5f5f4a20dff,0,4,0,0,10,62,0,28,241,247.85
621,781e2c0aefeb10f664639eb0be93c81113ed73f0,1,10,0,2,58,23,0,47,1184,681.98
622,255ed17244d1788c23310d1052e62b0a1f9bca8a,9,18,8,0,223,460,0,61,1832,1761.6
623,e5414d09384cdbcb5e60094d6b45d3dfa5e9a029,0,4,0,2,31,8,0,15,436,349.06
624,990bebdf3f2a3b54aa08b6cb3e78afbae080c97c,5,32,8,8,91,343,0,36,2576,1793.75
625,a74a1949b0b51a54fcfac14fe598fa8dd9a6b03c,0,4,0,0,20,4,0,19,552,214.63
626,490d89a9d14af2437356f320e9658c9a37595569,0,6,0,1,12,10,0,30,397,274.96
627,88f953242e082544fbb753de5a1a20995dc3d07a,0,6,0,0,48,0,0,7,360,317.91
628,cafb1056f33cae4341f18feafaebf1f8a6f2d78e,0,2,0,0,33,1,0,0,45,83.38
629,95e25a706185770456998b86542965cf381b442e,0,3,0,0,28,0,0,5,334,206.72
630,ac05a7117c54683606f19a0b21ca0148de15e03e,0,1,0,0,7,0,0,13,312,113.15
631,8768bdcb97b4e846683db0215868d7ac527ad22f,1,14,0,0,63,13,0,22,708,634.96
632,483ada70de874f33c2461c68d865f32e510b774d,0,1,0,0,0,1,0,4,43,68.83
633,13b9f3b858beaed11ef0be04c3221562ae0d862d,0,3,1,0,10,0,0,6,323,210.55
634,8979043084c9f526100e2a50d9bae90e530ca609,0,2,0,0,3,1,0,7,388,144.94
635,eb02d5ba49d92da509e7f629d59537a3b8c7f6b7,1,0,0,0,0,0,0,0,0,60.46
636,074c503ccbe7caac36eaa8e253b752bddb8923fa,0,18,0,0,41,18,0,17,2413,651.87
637,fff3a938302d2ccc5e55e8df3f70619b93669089,0,2,0,0,0,11,0,0,110,58.89
638,aa3f9f843c1424c13e84c6277d4b1f06dc96bf02,0,7,0,0,15,0,0,5,989,291.23
639,cd96f2538e0b1a30d7dbac4a824faf7343660d6d,1,0,0,0,0,0,0,0,0,59.41
640,0d5f5436bfc50279f8e162fb85539e25ddaa55ff,0,1,0,0,1,0,0,7,248,148.36
641,ae0e46fa228bca17a9de637d89aa72372d9a6bf2,0,1,0,0,1,0,0,2,86,78.3
642,25cebe69db753739843e482e126296644a3537f6,1,6,0,0,37,22,0,4,852,396.73
643,a6f76e576d9631202b543960edd5630c90d8c56e,30,47,0,0,170,27,0,14,2216,2660.11
644,791303f744f1e579c5307b92fdadf16ff9ba92bb,0,11,0,0,11,0,0,1,928,269.65
645,ab0f9b8e3fb2b8eede8e689ed5ecb686f3ee7148,0,4,0,0,10,0,0,2,284,176.04
646,e065b6b968eb96568ee983f214df2f08f68e261d,0,1,0,0,4,0,0,2,138,82.9
647,f716e70c86ff87daa75b6c9d375b4c6b37edbd9f,0,9,0,0,0,14,0,4,1201,323.18
648,d3d09ddb19404598eae8bcd616d597b885401202,0,9,0,0,52,94,0,56,1453,512.29
649,745bf2dc6eb3f4e9398fd92a3a65a7dfea2e3ea6,0,2,0,0,0,0,0,0,55,30.54
650,17db9adbecb9602d55e6d37337a8704f183ac0de,0,4,0,0,6,0,0,10,1410,364.76
651,70f1cd63348f9370f60eb590e3c6f3b123126daa,1,6,0,0,25,88,0,0,552,309.68
652,12fd863618045a94d6cfbdb8a35ea857eb1c578c,0,1,0,0,1,0,0,0,35,41.68
653,070f93f9270245946701ebcaab49eaf3dde78c36,0,1,0,0,0,1,0,0,287,86.87
654,35f08163b43171a20e2164ac9b56872cf62f7093,0,1,0,0,21,12,0,8,307,142.57
655,2abe0e5fca1ac48b1cda7179d410beb36cd06c27,0,4,0,0,10,3,0,7,653,212.91
656,146fa82e9cb1e14fdf444bd0150a025d976c8677,0,1,0,0,7,3,0,21,439,151.45
657,8a825b7a8b9701ea63fe3e8d8c16d88c24ac7c57,24,16,4,0,387,163,0,75,2698,1850.32
658,c5c49e5145c878e52b965f6bb23ca30206a506dd,1,11,0,0,46,34,0,10,651,530.44
659,986f45707a05747c51a06eda56291a0897a2e2f2,0,4,0,0,45,30,0,3,289,271.0
660,93718436099f24582f334a4364a11f2ce6103fd1,0,1,0,0,6,0,0,3,152,130.55
661,f361b058b3ed35a009949557d70a50555a7b6f94,0,1,0,0,29,26,0,0,70,83.76
662,31ead70760f1adf225a695b8cad4c0a8d451c03f,0,1,0,0,0,0,0,0,249,39.8
663,67044d06329fc446cdd4c596a1f7b02ec8da17cb,0,1,0,0,27,0,0,9,319,126.41
664,f2da12f707b1c229b33ad8542e4c233a572b5c4f,0,1,0,0,0,0,0,0,249,41.22
665,12a65fe72d4b6ed72e716243630bd0a614ff730f,0,2,0,0,6,2,0,12,190,151.29
666,1ed028755835f3bc730094616905b7ef158797d5,0,17,0,1,138,100,0,35,1524,1017.07
667,66c6f5c78b772b8e3b25a800c49a721cd333642a,0,4,0,0,395,412,0,20,1066,562.38
668,05e40b4e18fb1a86fe3e32fe804699d02d058165,1,13,8,0,0,0,0,0,534,417.9
669,aaec5bf6560e23a53fc1b514c9daff81a66db408,2,14,0,0,198,204,0,36,2196,1166.69
670,0db457b134681821d0c692efd9232bdef9c2b63d,0,2,0,0,2,1,0,4,262,181.52
671,85e9720bf0d26bbe70607d131708cfbfd74af871,0,6,0,0,223,6,0,74,1037,678.29
672,77d59fafe5a5d9e1f02c70ee05ebdfd0b054decf,0,1,0,0,2,0,0,8,80,82.46
673,f8154f7cff5f90a5a6b100974714db9de3158aff,1,10,0,1,16,1,0,7,1265,596.9
674,c16e9e53f265cc006eeb54a25ad002afbd5ec28a,3,16,0,0,6,55,0,5,1149,603.56
675,d451da79dca8496191435d0dc5557090eb5029a9,0,1,0,0,0,10,0,5,239,108.31
676,89ed3a6940ff2a644eeb77c8c4c569da782c83b3,0,7,0,0,62,78,0,35,389,314.0
677,43f27ace99b76c5062c85f38c06b8d8a8d22b823,0,2,0,0,4,0,0,1,265,129.39
678,68307c1ac357124b5893a2aa509b9bcf193cba3b,0,9,0,0,41,7,0,5,709,357.22
679,04d17cda8e3bdafa7ed78ca7e58f33f962315cb6,0,6,0,0,0,1,0,2,407,126.15
680,2c4964983f72ec8ac83ad0896727791204304223,0,1,0,0,0,0,0,0,302,96.7
681,2392cd62e9c5cc1aded99ffa503e28eb5c4a9a46,0,1,0,0,6,0,0,0,302,91.38
682,7d2f90393579c5d77b4942b65c890546d847a43a,0,15,0,1,0,0,0,0,442,128.28
683,1c47a638af99f88d89781c131240f4e962223407,0,4,1,0,0,54,0,7,735,343.61
684,29115a2475824dfceaa221fc804e576baefa3ffb,1,4,0,1,30,3,0,25,968,459.4
685,2f28b2fc708c7037dcc569acf8de9acddec21ecd,0,1,2,0,0,0,0,0,43,72.42
686,2c20a9f2236364e818ca5bae6ae173f1214f3b02,0,2,0,0,18,22,0,9,193,146.08
687,167d096c6a2e125424e4b9e467d4698127945e9f,0,4,0,0,0,0,0,0,74,30.17
688,abfb5a86442697657545557d6b0341b76fe8a64e,0,10,0,1,0,0,0,0,325,134.61
689,a48c862b17891c8bdde5211332b1f81f361797da,0,1,0,0,5,0,0,1,63,79.09
690,05cc97803e8c75bda13f2ebe5640608d56f7a165,0,1,0,0,214,189,0,12,44,166.44
691,baa340cc9f42d02767bcc10f3957882bd08a60bd,0,1,0,0,8,3,0,2,95,111.64
692,c34a8d869b8fc606827afc2c8a1eed9e5a5e620c,0,8,0,0,9,7,0,13,1214,507.23
693,3df30f63a97134000756449995dd06b2c0a7fa02,0,1,0,0,1,0,0,3,103,77.37
694,5975c13f250b1e1d91db7c10a1816504911e2248,1,1,0,0,0,1,0,0,134,184.54
695,a17f89acb18183a20a12dba382519b4b3873b6fd,0,1,0,0,0,0,0,0,8,11.29
696,9dff0fa025e9596a23df89f6122ca079091cbeda,31,40,15,1,47,53,0,5,2557,2994.9
697,dc7559d09a70d19a5bfbf0b79c72c910cbcd994b,0,2,0,0,5,0,0,3,113,111.09
698,c5bb11bb7ed980f698c6d1b17260722525fe7694,6,3,4,0,0,5,0,0,142,407.02
699,729dee0c70e16b6aa6379ee65dd759d366b29e82,0,1,0,0,0,0,0,0,274,41.29
700,4f891076e30ddd96eff8e7d2d683a61f654b07df,0,4,0,0,209,209,0,10,164,348.74
701,c48cf2488d25b99d2332b0c20d516cd685f54116,1,23,1,1,436,206,0,279,2451,1770.23
702,5f9157f3029474152e8b2c2e7707eae8d47a7159,0,1,0,0,0,0,0,0,28,11.5
703,d316f38b7525cb984f55ca65ae14b7a3dc0c613c,0,1,0,0,10,1,0,6,106,107.18
704,f7e30e255d3e992b45190e375e64b3b48ac8b4a1,0,11,0,0,0,4,0,7,677,186.8
705,b08350a3e8234b6abbd80618617c7bbc08d41190,0,4,3,0,61,160,0,77,470,407.39
706,a4ebc043f619944f5de5eb6909827086ebc801b0,9,10,2,0,95,4,0,6,215,934.49
707,a434627398830498c4e42a25b069bacb4c94c406,0,1,0,0,3,0,0,2,437,118.77
708,116c07dcfd2ea9d121ede821215aa47c71fcd52e,0,1,0,0,0,0,0,0,559,115.48
709,e195b1b7d0461eaf8d8d5e7b49fb08eba2992671,0,1,0,0,6,0,0,2,64,82.56
710,a7f09858c4f67f5e202a095d2c07a16f85093236,0,13,0,4,45,93,0,26,1666,726.09
711,ba74fe7fdbdec3bcea2eb384e1dbff7a58f64d03,0,1,0,0,14,15,0,1,48,103.28
712,48f1f6fe4ecdbd84a27002fdda3ca289537b50ee,11,0,0,0,0,0,0,0,0,630.59
713,d113bda6e23b5af007cf81f6db5edc7bd9b22db1,0,0,11,0,0,0,0,0,0,311.37
714,eb31f42111b4588d4fa6e59a38b706f020d3d8d0,0,3,0,0,8,10,0,26,510,227.09
715,b1e5e8181450a1cbfc6ce987b68efb82f815c4a4,0,4,0,0,149,81,0,33,482,469.16
716,c6b9e6c23606ff2e8fa3b30cebe91aeb3dc8674b,0,1,0,0,1,0,0,7,310,102.51
717,f6f81817a6124181c197556573b9095845458903,0,1,0,0,10,0,0,4,99,90.06
718,a3b6714cca573d0307e83a12e8e133be402956d9,0,1,0,0,4,0,0,1,10,70.13
719,28b1cf95fba974d83549bc8a2802a42a31b32bc6,0,1,0,0,6,0,0,12,311,123.21
720,f36048bc853f54d2fe3419bce3815abaee861e09,0,1,0,0,3,0,0,3,559,190.26
721,3806fb71de65db0cd7f49e95f2b8352c40ef499e,0,1,0,0,0,0,0,0,317,50.86
722,ea1a308961b113bd989454c7ec92a96c13ee57f6,0,1,0,0,0,0,0,0,317,49.39
723,fd644c78ad70b28bb153014631cd99c7305cb276,0,1,0,0,0,0,0,0,317,49.88
724,3270aef333e6d81209b23a29050a566669c7952a,0,1,0,0,13,0,0,9,317,109.91
725,a27be63d4d7e4242d433d1a8eaa02a07aa1c22ca,0,1,0,0,2,5,0,17,325,147.1
726,9a60689fa5ac90ffae60c1eaf6e31bc1cde03a2e,0,1,0,0,3,0,0,1,109,84.87
727,c1ec22c9d31cee59480a6ce11d1e1d80528a5770,0,1,0,0,1,0,0,4,327,104.01
728,f1c04ae966b1f7ff1b35ef7bb6650223832f7ce6,0,16,0,1,152,85,0,100,1982,1216.86
729,32ad8e5ede160e641201ed4804b820e89a711806,0,4,0,0,32,14,0,27,397,227.1
730,04fcf6563945dfc9bae02051b9702963932c7a84,0,6,0,0,12,0,0,8,459,240.23
731,fc0082ede6a6e433908867027f20cdae94f00e38,12,18,6,0,105,120,0,47,2883,1739.91
732,433009487f59f7a43bd8e46ccf20f168208c3087,0,3,0,0,0,5,0,8,277,163.55
733,5b61df41aa46559ead2429c100300cc7dacb0117,3,26,0,6,1011,537,0,224,3037,2577.49
734,8234b0a0d4a2da7fef42c96f6e2e4b6266223e50,0,4,0,0,291,278,0,0,85,306.17
735,d25fab5f2dd2cb5583ef9a04e614dd73a684409e,0,0,1,0,0,0,0,0,0,35.6
736,9d8c096f36b20fe9159f7f3209293e73daa55e13,0,1,0,0,24,14,0,5,285,140.65
737,4ec28e3739c99420a409d6cef77007d872684f0d,2,2,0,0,73,3,0,12,237,274.55
738,e0de1e2b68ae6a052950e564c66c4aec815492d7,4,0,0,0,0,0,0,0,0,207.28
739,570da8226af3a07fa614af5cc2a7d6e9201a9931,0,1,0,0,35,0,0,0,281,86.13
740,8abb5f2b9e2fa3976e169d9d712a575b9fc55ba5,0,1,0,0,8,52,0,6,355,203.2
741,ac8b18f44fe0530bff79a9b6c989c2d03cc758bc,3,0,0,0,0,0,0,0,0,151.76
742,e59e9f9bb2e53e4dd5c0f12c7971382587f69998,0,1,0,0,17,10,0,21,120,117.8
743,2b34f8a432d68857ce7bccae4303952517bcc914,2,10,2,2,82,97,0,17,1582,830.17
744,e033238e5a5e51a2daff47e976aa655452db81e0,0,2,0,1,0,0,0,0,51,30.86
745,7e1bb09ac6844fb1784af67b1997956132d34894,0,1,0,0,0,0,0,0,32,15.5
746,663a28f82cbe7c71a8063854d7cd3b3771985088,5,35,1,2,278,70,0,78,1740,1911.73
747,fdb16ef55cdbd18012af2fa3b4fa8d6e4c425959,0,8,0,5,0,0,0,0,731,221.31
748,c2a21ba17d452e861fc0b1b93f7c88139e6e45db,0,1,0,0,0,2,0,8,85,78.81
749,c1aae150c8dded9c0d25eade191641422e120fc3,0,26,0,10,6,6,0,0,731,476.56
750,9dced6c8a7db7d81fa044142bbb18cb127233cc0,0,8,0,0,3,0,0,0,494,123.74
751,a309755a2bbbe06d2e83492991fe4b9f4b4f523d,0,16,0,4,4,5,0,0,1015,311.53
752,d6f4f52bfe259ab1ec6cd8d267fcffd78ccfa712,0,4,0,2,0,1,0,5,122,135.37
753,d0c21f4c470812d699ec141210ad5119b3450de3,0,2,0,1,0,0,0,0,125,51.67
754,713d0067590fa77417f70a32a23bb87769dc09ee,0,9,1,0,15,13,0,4,86,167.15
755,4742c2c1c11f8b64a1697a0b3a026677943c5535,0,1,0,0,4,0,0,7,258,101.15
756,d7ea6bf6f35e9665c14f8c068a059db108174781,1,0,0,0,0,0,0,0,0,55.67
757,2c4c346716ac92919b9878bc8303beba0bb5ce9a,0,6,0,0,78,271,0,40,807,631.92
758,4f3d134d7d8c8057b801f49885d4fee3c96cb2dc,0,2,0,0,137,6,0,14,138,237.4
759,e34a141e6c1940942875c9e9baee25d2999503d7,0,3,0,2,1,1,0,0,170,137.21
760,d30aabc0a7f9b85aee8ad0e39f48234b22c82dcd,1,0,0,0,0,0,0,0,0,135.86
761,3d14d8b059660ee8e935c4dfc599d415df2d0c07,1,1,0,0,0,0,0,0,34,58.03
762,5103eedb36483f14eb72b40615eeb0b8eeb1044e,0,1,0,0,2,0,0,3,487,132.47
763,ca2bb244e477bbc03253de6292ec04f0f989fc7d,0,4,0,0,0,1,0,2,592,146.45
764,695996222a5df625893f4159d2040810071528bb,2,1,0,0,0,0,0,0,18,108.74
765,b82bd6bd1e9c427524b64ed8a06df6804b73439c,3,2,0,0,41,11,0,0,41,253.74
766,c07e88f4c544342454dd16f7388283e1af532a4a,0,1,0,0,14,0,0,4,284,103.55
767,58e53f70929d724f029e0e70b0d392c8b6eed0bd,0,3,0,0,197,243,0,13,209,302.04
768,1593726c03e3929ef41c26ba0a505fded367df3f,0,2,0,0,0,26,0,0,140,54.8
769,e7f0e3c8a987f757884b8bc653db02347fdc93e5,0,1,0,0,13,16,0,0,6,73.66
770,e55c1190aace655372075553337cdf050341fe5f,4,21,2,0,206,185,0,10,700,1205.62
771,f9502b2a7365d9c58fd3e59cf667884016d5c408,2,1,0,0,18,0,0,0,11,138.57
772,06501f4e5a46b51ea7e834e860474ab0ab16fa73,0,4,0,0,55,4,0,4,227,321.31
773,c2a9cbad8b634f4eea34ef3b9848b51e51109b2f,1,1,0,0,6,16,0,0,3,127.47
774,7e5edacb4dace944b3a0e25f3adc328a55d18c17,1,2,0,0,25,1,0,0,18,153.85
775,498e2e099a24c70e1ac4bd64a55b7cca46e7cace,1,0,0,0,0,0,0,0,0,57.05
776,b62c92d7da32665a2b8fb90727a09f45a4dde86d,0,3,0,0,51,131,0,9,185,152.55
777,7a4d3565400173a79fe84493066eca2217f8611d,1,2,0,1,8,8,0,2,148,204.27
778,5cf7e44018f1d9de1eb82f46da5d636c2a3726b9,0,1,0,0,7,0,0,0,138,55.9
779,5a17b0d09c8f822b8d841b41df4ff1af2491a0db,3,6,0,0,0,17,0,0,525,324.92
780,8edac82fd62dd5e993f11fbca5ecb61be8888845,0,1,0,0,29,0,0,0,42,138.62
781,a3bae58270724b7d27bf9c42529fe1b2b4e33b10,0,1,0,0,2,0,0,1,71,73.39
782,588333a950f58a0e2462ecefe7a925622b28b95e,8,36,2,0,235,79,0,36,1647,1498.78
783,b0dabfb495a1b527bbb8466b881db8dc46f8b747,0,3,0,0,27,0,0,5,360,243.77
784,88c05b8f8dc599cbcef074262c3977b86f02da0d,0,1,0,0,79,1,0,6,42,118.18
785,bb2f254446a298aa48995a79ecfac436dda433a6,0,1,0,0,0,1,0,11,120,77.75
786,95cc225b0d845f476e7e4b363e811aa8c5fc8c0b,0,1,0,0,22,19,0,5,151,116.97
787,e592eb8e1d90f628eaf08aa193ca74766142f12d,5,0,1,0,0,0,0,0,0,370.14
788,9a23ec0013ddf6e08af8c660574b3b38bf13c056,0,1,0,1,2,0,0,2,70,109.38
789,bd43630b62856293a48bafe96f6da93437cc2524,3,20,1,0,189,67,0,20,1147,988.53
790,4d178b49a9802e74615a8544a53326f54244e01c,23,2,20,0,0,0,0,0,138,1914.91
791,bd43b5a5efc99296ed15891be96f9260fb843955,0,3,0,0,29,0,0,2,257,153.84
792,f9848192bb58d80ffc54b733de984392a95e102d,0,1,0,0,58,10,0,22,353,151.76
793,a5772a4ac019a08404d06238f2a7c1381ec7118d,4,2,0,0,37,2,0,0,145,280.08
794,1e551417be38df841d6b092e10969c1712140145,0,1,0,0,72,34,0,25,374,159.15
795,48981addab6d522b54c5d4b4349bce8ea6664876,0,1,0,0,7,7,0,1,108,106.76
796,1e811c8a6607d4d57281d42de2e6e76ad286c80f,2,28,1,2,104,18,0,31,1561,1227.18
797,7b1cec0c313b7516b81ca4e03f1bb3de60348ee9,0,4,0,0,9,0,0,0,217,139.59
798,2afa138503966afcbb72bee760b1b327e1600577,0,1,0,0,3,0,0,0,562,101.7
799,b2f194c4e781aab6f63b1a87a2125a021f9d8774,0,1,0,0,3,0,0,0,23,40.62
800,8685e350b010eae8078b86d7c82378411ec548b2,0,3,0,0,10,0,0,0,270,172.26
801,dd1a6898cf8c856bb5def4afc258d59b22c8a447,1,8,0,0,18,1,0,0,1377,375.58
802,074fd4771b3430d5af6435aff435763ecffdea6b,3,5,0,0,50,1,0,0,271,355.6
803,cca74c4f4551ea541a53029f42d5f3c02505b9c8,2,2,0,0,53,0,0,0,80,188.59
804,840258674fd13e13fcd15586bf48e3c1bd075d2a,0,7,0,0,107,175,0,47,1417,567.97
805,aa34c44e8fa09492a32bb014fc9a80486063f601,17,50,12,3,114,113,0,61,4937,2784.65
806,fc8753a04b91c79c552bbd91b17018bd02ecf1ba,1,0,0,0,0,0,0,0,0,52.41
807,47af572604b780839de6e38105f58f9bede317b2,0,1,0,0,0,0,0,0,152,24.88
808,6bea6a0c7dd220b1f6e9bf2fc352984a41bbd5cb,7,0,0,0,0,0,0,0,0,411.88
809,fb914cdc5d1400d30d2fe5c18e391397c83804ee,2,0,0,0,0,0,0,0,0,113.64
810,691429abb62f1ea665c49974112a70893b76944b,1,16,0,0,229,34,0,31,911,877.56
811,014042f863043bd24d977d8f479bb94bdca4ea88,0,2,0,0,1,5,0,6,56,153.9
812,3d8b3fa0c8d2b9228855e647d0f4abc7d872bdc4,0,1,0,0,2,1,0,0,114,75.04
813,978ee947514d094bebd289516afc00b72fb559cc,1,5,0,0,22,0,0,0,243,182.96
814,0fb945429400603b62069f57b12c1ed5463a7a12,0,2,0,0,3,0,0,2,57,104.55
815,3f9e923b55b5d8942fa9273f7e7328b7f4cd6bf2,0,2,0,0,2,0,0,0,60,51.69
816,f212dbeb2d47c19f46b02d82ec54692e5609ab26,0,1,0,0,1,0,0,2,20,66.58
817,04ad622a00313a04b4336d9b2c834b4410a2a855,0,6,0,0,91,25,0,13,481,378.09
818,5d58890c35a0a00618fa3dc29cc49ae5fceb284b,0,1,0,0,5,4,0,13,111,108.75
819,9f622aadc71fe7174f2f5ec25379beeeb00d0d64,0,2,0,0,4,0,0,1,430,117.11
820,73e4e36624d9add582ea0ecffb2923638cab1eff,0,2,0,0,118,9,0,7,150,287.55
821,6408c080d3b95cedcee0bb706c685f5974dfcb26,0,13,0,0,355,653,0,176,1427,1226.04
822,ea7a4f6c29de6a25a914fd6a6b2037b5c90e6108,0,1,0,0,64,20,0,47,459,172.57
823,af5387234e2af98f1a7ca719411482f722e6f6a7,2,31,1,1,223,102,0,69,2251,1916.72
824,b87142ed803429856cdbbaa7eb6b54b90c748d08,1,4,0,1,5,32,0,31,511,338.64
825,6a51ed3388870a4a515a15ff1855082797697c5d,3,5,0,0,188,57,0,40,443,609.65
826,9f43ae7a3cae06587c35ad694a112fec0f8da8ab,0,1,0,0,0,2,0,0,436,117.66
827,3730b06eb3053c03fec0d9444f5bd281033e5e07,2,5,1,0,44,20,0,13,487,528.79
828,894ef9ccba1954c247320811146b2d07d33c3682,0,9,0,0,1,9,0,12,883,399.23
829,59fc904f6170818fffff3eae624ed180d79a6c52,0,1,0,0,0,0,0,0,248,41.32
830,7a4298ceecfceea4dd07e8832c1b312ee95d51ef,0,1,0,0,12,9,0,3,80,108.76
831,10d45701119dce632cbac150ada0f64ee4d876b1,0,1,0,0,9,0,0,9,148,87.5
832,d4e71b81308f46a0152e59747f37ee09c30aa172,0,2,0,0,3,7,0,8,262,182.48
833,bd0b8389d5d066295f4d571ba1ff64a736f91d53,0,4,0,0,24,2,0,9,329,245.53
834,9ac7a4a1fc0ebf49ec7d79cac7585b8783b1cf0d,0,2,0,0,0,0,0,0,169,33.79
835,b88c4d541112f421b952e9a57c7f7b4836bb2853,0,1,0,0,0,3,0,8,148,86.77
836,66f7baca3d86dc6cb9bac887bf989e77344b6c2c,0,1,0,0,1,0,0,1,110,73.89
837,03b67fc43ad909c82d198949f9c47aa85c472981,0,1,0,0,15,0,0,1,280,107.34
838,5b5d75f0bafa6c99d0bdc7ea288e2eaf0b4ecb50,0,2,0,0,0,3,0,1,180,109.02
839,726b61a5862c5c93f243522b3e93c1fe300748d0,0,2,0,0,19,0,0,11,272,139.35
840,bd1587e1e7c89e082432a46dcf59605a15c333b6,0,1,0,0,2,0,0,7,116,151.58
841,3796968d8a758f848865cf5754d7ad5e7f79b6ad,0,2,0,0,3,0,0,1,738,183.77
842,7c61d0ee57152c8a1c2215fa81473bb991dfe6cb,0,2,0,0,1,0,0,0,142,57.15
843,966283f66477527346b5df66f9385be9f9e32308,3,10,1,0,116,153,0,10,1085,779.03
844,3b6ad14c821f70930e57414ef206d61103c2663b,2,13,1,0,122,172,0,44,1584,954.26
845,d3dcd9d38e6bbdea6f4a8017191b38889c8647fe,3,7,1,0,35,13,0,2,576,593.36
846,5f346a9f83bf893c77bcd10b24e0d7653861fcb9,0,1,0,0,0,0,0,0,165,30.22
847,00c19b7f66856c9d17c40e7b3c503289be5a3608,0,2,0,0,2,2,0,6,734,182.94
848,22896f9e66fbc8722716261e674c6a99397361db,0,6,0,0,88,24,0,13,407,371.79
849,617df957c7b4a1cea554eebcb3b849a7d0d517e4,0,5,0,0,29,1,0,4,382,270.66
850,267fca03be6a024aa23950271f27677667a18586,0,1,0,0,20,3,0,4,57,106.28
851,f3d580df6e49ee9361c96fb3bdcd2a7e79f84a83,0,2,0,0,2,0,0,6,96,82.71
852,db4ec18034f1c9d63fcc152b3ddef047859e6648,0,3,1,0,3,12,0,0,316,140.25
853,cf43da88e745ca49d617ad4ebb5c5d8036dc4ed3,0,1,0,0,0,0,0,0,436,82.25
854,8d6e355f2a13f53f5194636b33d7425183baa50e,0,5,0,0,13,1,0,2,144,197.26
855,9b1af5184b1ca5f0861cc1b6679221f628832c7d,0,0,1,0,0,0,0,0,0,33.07
856,c367c1b121ee441a94b3fc884c1b4db660c7366f,2,1,0,0,12,0,0,2,89,137.71
857,b0cbaf269abc6f7ff22a37f344cfe00348c67093,0,2,0,0,10,0,0,12,457,194.57
858,30abfd261f5a98c5d7afe4982a531e3c5adf080d,4,9,0,0,85,136,0,86,1339,739.75
859,1f89d7d11e57b1c8765f3b4b4aedc1ceb18b4fd9,2,5,1,0,13,0,0,10,598,257.8
860,f3a073ea5decdfe710fbc7381f9dfd5a50e5739d,3,13,1,1,89,255,0,34,891,774.79
861,898313c533e9f6176c6dcf050c8c3c7ac8c4dd4d,2,2,0,1,24,0,0,0,43,158.27
862,50281524e99c8e9e7d279307405f55167344a0d5,0,24,6,1,60,210,0,59,4526,1639.86
863,964aede783bee8e9a8b97de78ac1ecec99265876,6,0,0,0,0,0,0,0,0,242.3
864,5707a5179c7cca4cb451ba9d05ed1ae5fcd58380,0,0,1,0,0,0,0,0,0,33.9
865,04fa48b668adfba019fbb421fb8553ed488a4523,0,2,0,0,3,2,0,3,373,150.4
866,7da09a94533fa5e6c2b150abcbc8caeb3cdb3999,0,1,0,0,1,0,0,2,88,72.59
867,f19fddc90836c4402cfded3cb5034baba5fc8978,0,2,0,0,3,0,0,7,776,219.14
868,8b22919c44b8d0461816c204f234a0bbfc525c4d,0,1,0,0,0,0,0,0,35,12.73
869,bf3504c2175407bde62346e6398488b5a4c3310c,0,6,1,0,19,11,0,7,679,330.13
870,86ccb3d50d22912081c36c859108880dd7d18be3,0,3,1,0,39,8,0,2,714,318.37
871,bf2170d62aa850246f06d5b5cf2edc6dcc792c29,1,11,0,1,86,107,0,66,2161,819.77
872,aa63b55f9f284c480c54ddddd39c5102e06170f9,0,7,0,0,10,4,0,20,944,406.17
873,011fec333805daa3100603f3639ac0af64bc9443,0,1,0,0,0,0,0,0,169,31.12
874,233ae24cf5e255e0e1a66446aea04f051f0c09de,0,1,0,0,0,0,0,0,341,43.55
875,54730fc49e55e0bfb92fd37d171c8880168a321e,0,1,0,0,0,0,0,0,167,27.92
876,395101367b9e2314282e3f9ba1d53436a49588e3,0,1,0,0,66,0,0,49,574,164.05
877,27ddfd08d0493789cd6ddbf2e0efdab1a1ba9741,0,1,0,0,1,0,0,6,640,146.55
878,f4a880979a6670f48eca95701c8778c9866e312e,0,1,0,0,0,1,0,2,640,140.71
879,beb9f91989d19c1e8743b1edea6b1a3250baa8ee,2,34,1,0,280,85,0,35,1376,875.19
880,df64dc3c406f98f22e7a1e5a812a0cc9f3819910,0,0,1,0,0,0,0,0,0,92.62
881,27405a8738993f54e11a3daf4bfd487549ac4f61,1,1,0,0,0,0,0,0,23,94.67
882,14f69252f83abca7cdac86f69a441031b650d75c,0,1,0,0,4,2,0,15,116,110.04
883,f2fd76a46ff8987fd9361c315ea56e41cdba2f53,2,14,0,2,111,75,0,45,1163,1157.72
884,6858c0b918d8edc5425f8faa638ec5215df40e45,1,0,0,0,0,0,0,0,0,78.55
885,bbcb83a097cdd01642b29bb59a2748d90a230fcc,6,0,0,0,0,0,0,0,0,265.32
886,89dc1333cb80ef2e515923219876d85ed8b9cd65,1,5,0,0,35,8,0,4,729,410.92
887,af0b9ca3f20ffa6663349a61ccf22b05baa844be,22,66,0,0,17,106,0,66,7553,2578.75
888,7bae93f813e7f96e765fefcca258a524f387148b,8,6,5,0,37,3,0,36,1233,955.02
889,cb3f757a122404800930e31d6d536c07174f9ab3,0,6,0,0,8,0,0,3,545,235.44
890,3ac190b3407008e9646d276d16f861a6f3057fc3,0,17,0,1,9,674,0,78,2138,1209.52
891,16feb0359e0d0f567356977db2c23baeab43bde4,0,6,0,0,220,260,0,93,967,728.59
892,effaff43fa5472a66eef633bbc8900f6cf29c25f,0,1,0,0,55,0,0,0,574,131.5
893,743d358741675c8c8bd46ef2e24389deaaff299d,0,10,0,0,189,44,0,91,2254,771.31
894,5c0719ea92f46c7363acd91232529727b5b9599f,0,1,0,0,3,0,0,0,38,48.03
895,f0413e3266ae78b5937b7deb07daa4b205de28cf,0,5,0,0,6,3,0,3,1473,336.41
896,24cace05dc7c12b49231c401d9b29ada5c9c1d52,3,2,0,0,3,2,0,0,68,222.38
897,8b4fa3ee42b3e3fb492ca615a06aa3a0de8ea644,0,9,0,0,140,1,0,1,285,436.15
898,35e2349b1701b9e3636c7be10c5409492cd9ad7a,2,0,0,0,0,0,0,0,0,13.57
899,d937f4bee802b8d09ca897e89d7147d352aeb6a6,3,2,0,0,17,0,0,0,0,202.4
900,28a67d86063b6b2de475edef89e3455882cff1e4,1,9,0,0,12,0,0,1,425,345.39
901,0f4e6d87e3b5166de713d48bae529220602b3544,0,18,12,0,112,47,0,2,1246,1004.86
902,fc59b124b5e4a612da946b1ed5f5587017963bbb,11,0,0,0,0,0,0,0,0,1611.93
903,a8fad47260f0c27d5715dec3ca1ffe68ba4baa84,0,8,0,0,8,218,0,0,7,279.45
904,cda3f377b738d51a6a4a54623e2b71e9e8f6c387,8,18,0,0,6,0,0,13,3851,972.69
905,f6213087927bd1236d3ccb536866dcdbf4c06376,0,12,0,0,59,0,0,0,597,262.14
906,faf8cbbf4140e5425d19496dcdd66714b164c253,3,44,0,0,19,57,0,6,2407,1085.15
907,21bc2bf03254b1b9a876899f8111442728640e95,0,4,3,0,0,0,0,0,106,132.48
908,b5e57b2bb769fa33fc5d73b1e125de16290d478b,0,33,2,2,73,17,0,4,2038,948.29
909,0b62293d1662042ecbeadcbc905fa48753f373bc,0,31,2,0,9,0,0,0,1670,495.44
910,c8acac630af927395959ab7c427465ac31ebdd1d,0,90,0,0,1,27,0,4,4053,1000.73
911,8675ef4a79520d4e025f01d4e551afaf3c3e790b,10,40,7,2,490,293,0,192,6778,3435.78
912,ada6af64e6196daf40b9f1a151c99d5156d2f16d,0,1,0,0,118,12,0,0,591,175.0
913,0247220ae97145ea9d4aedb6764d238c7eb2c58c,0,3,0,0,46,3,0,7,742,257.55
914,33d4b3e4df56437f1700cbd7b08c816650e612f4,1,1,1,0,3,0,0,0,263,196.75
915,01328cca4b559be5c6ab5c13f22bbd42bce9e795,0,27,0,4,704,704,0,224,2829,2237.43
916,e8d41edb5f72893f359337ab13094c34847c303f,0,8,0,0,21,20,0,0,682,297.93
917,b9d50755f2074af1276d429747d667c02890a505,1,24,0,0,36,101,0,26,1857,1098.29
918,3299b402f10bb021583a3cc87f684505229e3ccc,0,15,0,0,28,25,0,8,882,548.22
919,69e1d78cb56a7918bc723a637e51549f00a4932f,0,14,0,0,30,1,0,0,869,520.7
920,2435b11fd34026aad80cc6329599ef67b1307a3f,0,6,0,0,5,3,0,3,374,282.2
921,a069d07222b18716db30c31c36f370d72135bf66,0,6,0,0,75,30,0,0,237,404.96
922,ef10e09ea3de243e2ecd61b26afa9e82fd63e127,0,1,0,0,2,0,0,0,358,94.72
923,f1db126ca150d65b66e5146263e488c1243a9c63,0,8,0,0,0,0,0,0,492,97.1
924,0ff496937b17cf8713f397bcdefda1daa23d4250,0,11,0,1,120,68,0,26,829,896.86
925,10eca13a563c3f5cfbdc755a086a89a69d7664f1,0,34,0,0,61,36,0,7,2145,742.77
926,3c76bfb00d71c48b88453c6e0ba532254238a78f,2,37,0,5,251,268,0,282,4032,2173.69
927,54e33fd194065daadc8cdd99fc77fac630f89b95,2,7,0,0,0,10,0,2,409,319.51
928,58dfc6ad0156edb00046bb8a27cc6936b04c5dff,0,8,0,0,24,0,0,5,1171,307.67
929,2eaf1193f2163f6a49e918ff5bd761d42902dddc,0,18,0,0,41,27,0,6,1010,744.29
930,2b89806b0cf29ce8f2700a408f0a8a8fa8c7b13d,0,1,0,0,3,3,0,0,32,72.44
931,a534bf0f398b65fad5d30e0629b20948406f2d30,0,2,0,0,6,2,0,3,527,203.19
932,8568950d10a05313721ce2664fddc80d16ef2f85,0,0,16,0,0,0,0,0,0,462.58
933,e5bec6e7370671a00a2b1bc4c0395ff26edbc863,0,1,0,0,0,0,0,0,713,94.48
934,aaa7b812c735328695d9f17c3101ca7541e183c5,0,7,0,1,127,14,0,42,382,518.25
935,593bb4585a645960a4e6d95f7c453346c72bd349,1,1,0,0,22,16,0,3,34,164.56
936,3914e68d3abe9799539ec9adb8dc154f572d7939,0,1,0,0,19,1,0,0,166,100.71
937,e868a9e828d8da8a3042c2fda8fa44d9fecb4dda,0,5,0,1,5,31,0,1,750,407.04
938,bc972d3d4e056cdaeaed77deb69cacafde5272a1,4,4,0,0,45,6,0,5,244,413.69
939,eda2d7df2a00788ba692bc2a880aaea4b8f4be63,0,3,0,0,17,22,0,1,345,199.7
940,0c5c6ee064eb55621d525471c3e3d1934e15819a,0,1,0,0,27,0,0,0,35,179.68
941,91485e10b975d1d36a811a799849dd18b6982366,1,4,0,0,22,2,0,16,321,275.99
942,776b9ee1196c9b524c7609a88ef8b90afc0c43a6,0,2,1,0,59,55,0,6,44,148.74
943,b8ea9c482722c1e5d7ab994898f617835139cdf7,0,2,0,0,2,8,0,4,691,192.9
944,2211646f672ee18708ee613ac606df7097f61090,0,5,0,0,69,7,0,8,265,262.47
945,7eb3e85b08756381f5f557c2b3bf82568961e75e,0,11,0,0,30,3,0,15,705,390.64
946,e790119bd7536eb86e44e534c9caffb902d48d98,7,26,5,0,779,354,0,96,5569,2170.47
947,45ec1258e10dc88dd7650e10b175009526e93f1a,0,2,0,2,30,0,0,0,30,121.0
948,ede3e7248091fd816b2be928ff27cbc25212ccea,0,3,1,0,305,332,0,104,542,473.83
949,b937843c0690f76d3b84e9999a0aa13d494c88c3,1,0,0,0,0,0,0,0,0,80.93
950,3986243cb42578fb4487aaf8020577a28253b63d,0,3,0,0,2,0,0,4,723,164.44
951,27fce64c9744b335069fe8bc020bedce4d261185,0,59,2,5,269,223,0,55,3681,3099.84
952,c8d666bd1ce4f4f9e7d8e7df6b03e843ffcec58c,1,15,0,0,37,5,0,4,891,634.06
953,8ecf7d4d955191175876e2209ac1dc66e9b58502,0,7,0,2,30,21,0,2,280,349.11
954,be0fa78fc410fc5cfd59fd5839c12e7325d01443,6,4,3,0,1,184,0,0,4984,1118.69
955,ddd2e49965c7f5fae7f15e2734059b53833e1fe7,2,4,0,0,6,0,0,0,383,234.29
956,f3173e823f7934be7dab58c6f3bc02a41ef67707,0,1,0,0,1,0,0,1,124,85.68
957,d7f8281ff1150f0ca7de3dc4217a2a4e4b2e2df1,0,3,0,0,54,6,0,17,188,205.91
958,9a2df7f47dac026c037ecefb1271227871098886,5,9,3,0,647,892,0,105,4368,1542.35
959,afdaeb88bed388f9f8b298fd3ae13fed12c65f47,0,9,0,9,6,1,0,5,820,555.85
960,40076bbdfbf31d6d4f633cbe75518e95aeac9705,0,2,0,0,0,0,0,0,269,158.84
961,3ce54d4355a513d4bfd3bd8124eb295d92fbe30e,0,28,0,3,108,75,0,53,3731,1923.98
962,9c7d0817c85444038a5a7498fdc0a45d677e2301,1,30,0,0,167,14,0,15,1685,1422.6
963,acfa5dbd4f7e09c9d34ae7a4c49757ca0dc84fb3,0,4,0,0,60,21,0,18,68,374.07
964,082f89a35aa389ea6271765d2b5db6f13914f3ec,0,27,0,0,54,85,0,1,1828,1082.9
965,9b08d7099bf735e092154a3cf396cc9ebf43dcd7,0,3,0,0,15,1,0,3,116,192.52
966,58741644e6a9279531ac0aee89e45c2b455d97d8,2,15,0,0,1259,786,0,156,4782,2057.53
967,d9b6c13e8eb0c5daa1e20f9be6b4c12b5d4ce5df,0,0,5,0,0,0,0,0,0,146.04
968,286c92d5159516e7bf4da679d6b662e0940878d8,0,8,0,0,96,137,0,32,818,448.36
969,927699e1ca60b65838da7ff021ce0f4156b646d1,0,3,0,2,9,0,0,3,942,401.48
970,babe6b5a7a19f2b8d40bf483c719858bd366885d,0,1,0,0,1,0,0,1,713,193.96
971,ab2dd07ec69d6525e5cc44e2def2449678724f02,0,4,0,0,25,5,0,37,1123,361.41
972,f629365816f7f8c95daf88210c6c342e11675631,0,1,0,0,9,3,0,2,83,107.04
973,3dfc560b1c9b7be3e51b0a9fb4f3a99aa631b559,0,8,0,0,15,5,0,14,971,482.85
974,cfc9579fe7d9872e3bd4e0875ecfb39487f08d9d,4,1,0,0,115,35,0,63,405,347.43
975,dcd9d29a434343b8e5456f74bf72344b7a0141bc,0,2,0,0,139,4,0,2,42,139.19
976,cf35afa2ac56e2d7e9f95a95edf00de89d3ba7da,0,2,0,0,18,0,0,21,520,166.0
977,b703fe3ab7dacc264841b48fa4c26d263382c3ac,0,2,0,0,3,0,0,1,320,150.77
978,35eba7b7bdfac8ae3a8835e8f56653bff4f13d72,0,1,0,0,0,0,0,0,323,81.23
979,bb6aad01a1b199c705f598315c255c33583a1a97,4,0,0,0,0,0,0,0,0,211.44
980,9490b71dd0fd4b75686bce42a578e1492f326bfb,0,4,2,0,7,3,0,5,648,380.28
981,121fe0f6b2e0940a0e5cb7cacaa363d7541be08c,0,5,0,0,74,115,0,35,1556,534.34
982,05a908c91711d88323fc0572df9ebb3b7dca59c0,0,18,1,0,52,86,0,11,1178,1061.13
983,f93f058aa1d77b46ee8cb63701a442aa92952834,0,28,1,0,39,32,0,2,6535,1505.15
984,ef6105ee89dcbd20171c0ca618e52549699b1113,1,0,0,0,0,0,0,0,0,91.34
985,d49db9c781fb93ec7b36cf3efc623c0895665512,0,1,0,0,2,0,0,5,548,135.75
986,a7a85e66ffb30154cf1b0c602b4b43f030425aad,0,3,0,0,16,24,0,4,372,252.63
987,7ebff7724b5b774bcf7b22f747b01bbb509d5b82,0,2,0,0,0,7,0,9,415,137.2
988,8dd6660e4b45d38c698ba661c07c0f7f1dc70eac,0,3,0,0,9,7,0,7,381,187.64
989,9c620393b3c4ffe80d6c8c8fa52ef52d5b44b844,3,4,0,0,9,9,0,1,570,389.91
990,6e23433f2ac1229faba95326fd1f9f7c6c77782e,9,39,6,0,176,190,0,14,7270,3005.18
991,3f85151596eb76cb193cd9f93342afbf7cc16a9e,0,3,0,0,222,264,0,48,458,393.79
992,3d6fa957bf4db4061af4316e207f7287ffe25b32,3,0,0,0,0,0,0,0,0,256.52
993,fd9a589ba7d6debfc594422b5d3d78d8290901a6,0,1,0,0,7,14,0,9,97,114.46
994,5b61ab68226e62a8c3517de1d608d3ff88f0b25d,0,0,1,0,0,0,0,0,0,37.75
995,31fe060a1e771b995d7acfb97f0286467a98d019,0,2,0,0,0,3,0,2,163,89.45
996,ba907dcc462179c4c4282e59a3dea1837dbd1769,0,3,0,0,30,79,0,0,243,207.91
997,16655543147d000f83378625b51d7bfba58cc68f,0,2,0,0,0,0,0,0,94,25.46
998,3208230a47b4ec75840b5bdb63f36b42b3f8792c,0,1,0,0,7,0,0,4,112,86.75
999,c115479a69fe0316aafd01807ff63f5d7d3d6a7c,0,5,0,0,38,26,0,19,480,368.14
1000,fa95c3d5ac5cd03c51f040544b3ed4c335dea59c,0,1,0,0,12,12,0,0,56,151.77
1001,2b7e30cb70cb3a1c1c9c2e9182ec521c03a02bdb,0,1,0,0,2,1,0,4,263,142.4
1002,c08b74f1fb8aafb5f275f1a600f4eac0b1372a2c,0,3,0,0,13,1,0,6,160,164.73
1003,cf9b370a6100386ef7c9535c85419f6ede808f23,0,1,0,0,0,0,0,0,119,24.28
1004,6e1533181ab381fe4cb3eea538ac3ef1e86358b4,0,5,0,1,26,48,0,26,372,402.27
1005,0a4a043263427020078d1d5a765bbf5664518358,0,3,0,0,10,0,0,14,166,213.1
1006,74939e9846e397d5ae320334200ab968be8ad42b,0,1,0,0,84,1,0,0,129,106.38
1007,c1bb8d73429c16c36166e4de9b47c219c8bead89,0,1,0,0,54,3,0,8,210,137.03
1008,12480629df3ea6af97c1f8e77f4b75b31997393b,1,7,0,0,118,24,0,25,1983,707.23
1009,d753f4f977f974728651e34d570cd310be08c8e3,0,5,0,1,0,0,0,0,486,115.11
1010,fccd0e1a5141bda89cc8ce03467ccaefd81747db,1,0,0,0,0,0,0,0,0,63.7
1011,f55a4883d166d0d4863a8a3bc4dc6936e2a54db9,0,2,0,0,0,7,0,4,117,88.23
1012,4d7b97701e6c2e87144f9cb9980266804a278b03,0,44,0,2,1220,206,0,335,4966,3040.15
1013,f822ffaafb53088c0f0ba1b8a8f5602629e686cf,0,4,0,0,396,188,0,38,185,492.61
1014,eba6516c46b7940f7f48bbcce2ad352310f75944,0,2,0,0,43,32,0,9,606,226.33
1015,f5d9b35a029364160551780c8453eeaa247ddfec,0,1,0,0,2,0,0,0,24,53.8
1016,1800afe33eb9cf6b033ea42aee456b404fbc977e,0,3,0,0,78,21,0,55,993,332.45
1017,3966ab1ac88055f4625d3287666a8194e458294c,0,2,0,0,67,57,0,1,322,225.59
1018,d58c2ae76c9db614ff397b185576beeda634df64,1,6,0,0,76,58,0,55,764,782.69
1019,6480ebebcf509b1ad129b3da656eebff47c78ee6,0,1,0,0,1,0,0,1,207,93.23
1020,afaa9a49bd07c58dfe0ed772787a924caf0f8321,0,1,0,0,0,63,0,0,101,156.39
1021,da1a116221566093f0567bee3fb16dc8279f6cad,3,1,0,0,4,0,0,31,207,300.98
1022,b768a4d2a200c102e3f03eb577a59d1451feb892,2,4,1,1,14,0,0,1,366,297.57
1023,37fda176c4b4f89ab3137141411f071fc482f6ad,0,1,0,0,21,0,0,0,714,133.32
1024,eaa88632484d06c26f967b37e095b8dc1089d7dc,0,4,0,0,31,6,0,9,465,232.26
1025,76a96e4fe9b6a8c554aa27390e95e5e802af4217,2,0,0,0,0,0,0,0,0,114.54
1026,9d0d7bc6fe596a212a8f7f898b784c4272dc0c45,1,0,0,0,0,0,0,0,0,10.73
1027,31dfe401055319d19262ab1aaa2678712c9111d6,5,2,0,0,0,0,0,0,310,315.52
1028,b599bbfb4e61a93e99418085b67af35b9ba7d2ae,0,0,1,0,0,0,0,0,0,37.2
1029,a8175c01774b8115371388f59fe2186df4b0c03d,0,2,0,0,24,18,0,0,0,141.76
1030,14b853719b500a1d0d4bf71c6477a4c93bca934c,0,4,0,0,27,0,0,15,128,232.17
1031,2aa88e68319facc1915a1b580bb8d60f52e16dd3,0,1,0,0,0,0,0,0,12,12.88
1032,5d24bf18be8e46aed96fdc62a01b93265923d579,0,1,0,0,29,13,0,15,69,117.76
1033,d90ff31eeb2b1616fdf322b4c8011ed0c229df3b,0,2,0,0,116,105,0,28,218,257.38
1034,5434df86247febc3f504612d645d3fb9b41e5e88,0,1,0,0,13,9,0,0,60,81.42
1035,e980cab5ff1d9508a9061acedab12c38401a14ff,0,1,0,0,12,8,0,6,80,111.31
1036,6ffabda3493557e926bbe9f5426f0e267677d685,0,1,0,0,6,10,0,1,69,108.45
1037,7f1e4d0fe54112d093d94b6805270fff5a45995d,0,2,0,0,6,0,0,0,63,78.18
1038,2fe5d91ddd1c918d1bea04fad940e9bd1019cefb,1,7,2,0,102,6,0,4,486,425.36
1039,fd838ded12cb3d912530d4682450828d3940d801,0,1,0,0,3,1,0,11,95,100.26
1040,a2484711e55ac20fe9ea23197fc134597c95d859,0,1,0,0,0,1,0,0,140,148.2
1041,c18f63423ef50c7c311e9e9a86c8068f2161e763,0,1,0,0,2,3,0,14,732,201.75
1042,de792376c493a42715570a0333147a2462dd6f93,6,1,3,0,6,72,0,8,25,568.8
1043,bdd688e74669108b17f7f099ccaa14c3a9b5d333,0,1,0,0,72,6,0,4,25,118.86
1044,9f507d841985a435af7e254cae8e576d491c6ce1,0,4,0,0,17,15,0,1,27,201.28
1045,09fd9b332fda823f3a3122f1746abe94b7dab004,0,0,2,0,0,0,0,0,0,60.66
1046,d84f71e4559315384440f24ed7c4b6d7ada0e2be,0,1,1,0,35,40,0,15,72,152.71
1047,f39c3d014fe2b0116ef894284a3654fa88fbdcda,0,15,0,0,87,40,0,66,348,1242.08
1048,e3f45c2b041306ea57994147abe3afea116ec0a1,0,13,0,0,28,91,0,12,1075,385.3
1049,85fcf616a91ea7838fc1bd0e51cfdafa4531020d,0,1,0,0,0,0,0,0,98,35.41
1050,5f40ee90c1fd2d8b52a4af9743dbc1ba5d474768,0,6,0,0,200,41,0,24,1612,514.82
1051,c1518d99bf992c9c8d5c5e070aace84013ee0dc1,0,10,0,0,10,0,0,3,771,329.18
1052,eb7047434bc27261e5a7b33ff3b51f118298ec22,0,1,0,0,6,3,0,1,95,114.09
1053,d7b0efcae1a2c9ddb324f03e7214412ba0236b20,0,1,0,0,0,0,0,0,170,33.98
1054,1e9eb92dc929b2e0f41f68c0596861ad2466a6d8,0,1,0,0,6,10,0,13,209,130.02
1055,157161c2606348068c4a1a86d250fa14037011f4,1,14,0,0,1940,933,0,146,5073,1755.52
1056,a05419efc08064c7c353dd4529a1cbbcb56c34ba,0,3,0,0,3,0,0,20,5865,811.35
1057,8492b29eb11096c1c48bc168fd5c602d12b8cb2d,0,1,0,0,0,0,0,0,21,15.46
1058,74e1aad1ddbcb2575a424854d823d6b81f6be1a0,0,1,0,0,10,1,0,0,26,74.69
1059,079b3d61729ef04a573b33ad195dc83136e0c788,0,1,0,0,45,44,0,0,335,118.13
1060,f8c987d576390f44a4a6ebb393a649f2485faa16,3,50,0,1,1274,803,0,307,4760,4126.6
1061,7e9135b18d72420482d1c6f70ad28f55fa2c5bea,1,5,0,0,24,10,0,4,201,306.41
1062,55758dd7b4b13c4f8cdd511d855caa321e9df749,4,15,4,4,29,0,0,1,6562,1572.97
1063,4414bb326a58314e7df0666582b0ac7a3d6b3cfa,0,9,0,0,62,47,0,11,1863,695.24
1064,36bc6512d043b70565c12030b54f6cddbe83322a,1,1,0,0,9,4,0,0,214,139.41
1065,1b3f9b7fb281e5c4cae77d57c487a973087c91eb,1,3,0,0,52,20,0,14,642,308.2
1066,c2713ae22dd99283be1b3e3c657c284de385afd0,0,2,0,0,20,5,0,4,126,126.92
1067,e28da64ee711fcef898320b41de72ca972bcc05d,1,1,0,0,2,3,0,10,220,174.4
1068,3aad78e57e450782d04470aa3400e47a4515cd0f,0,1,0,0,1,4,0,1,218,122.98
1069,99b26b0cb7db777a3ec2685b5b5a791fc4e1eb32,0,1,0,0,13,7,0,3,292,133.93
1070,7277d07c843e1081211e95dee518b14b85f65128,0,2,0,0,16,7,0,4,440,212.46
1071,1c80b69949acf4ec71bde8e71ab19e15ac9e9aa6,0,1,0,0,0,0,0,0,31,14.03
1072,b6d14c9c234333956196539c6fbb72066c7a13b0,0,1,0,0,0,0,0,0,49,14.19
1073,3ebd051500c2bda3eb69192ac86ebcbd0003ca7a,0,1,0,0,11,12,0,8,529,167.97
1074,fd7087a4cd8e1cf6cdb2f30bc1be03c57f630e10,0,1,0,0,0,29,0,6,525,132.86
1075,cd385484da152b250dddb36ed74b0cdc5639c722,0,3,0,0,12,103,0,21,678,325.28
1076,d40e337e929b885f4bf744235747abf410ac2dc9,0,1,0,0,0,10,0,3,19,72.62
1077,2becebdb721bf27780a1930fa0b318cda338d79a,0,3,0,0,14,8,0,10,389,203.94
1078,ec751da43f709105fa5a61c539eaec7a9944aab1,0,1,0,0,0,1,0,0,160,59.1
1079,977c974d5ad98b6d747346cfe046de9cb0d8a039,0,1,0,0,1,82,0,0,33,94.9
1080,90ada70170b9ee41c324a216bca235907d2c9d0d,0,8,0,0,112,67,0,6,1809,693.88
1081,0a0fc1707da0bf1128908c2ceb2402fcc99f5e3b,0,1,0,0,37,0,0,0,380,98.65
1082,c7a4aba88f8858f676ef8dad2d12d9998f51dd76,0,4,0,0,34,13,0,5,98,222.54
1083,f14254adbd2679cdebfccdb419253aff46bc79ee,0,1,0,0,0,0,0,0,308,43.94
1084,91a9c3547ed9b592f7281297a02c269489a94160,0,11,0,0,273,338,0,5,1712,962.99
1085,1ce7d2210b8fe9da3b69e057a4747da9b04984bb,0,7,0,0,66,25,0,10,594,435.11
1086,046d17e8cc2cdba79b16d0321a9603d6a984737b,0,3,0,0,5,6,0,2,301,177.58
1087,04de7023d24794ed622fbc2df78c08bdfbaa242d,4,3,0,0,39,0,0,13,159,260.7
1088,cb3b50fd69fcb8567755b37940154e81369ac3bc,0,4,0,0,49,46,0,6,1084,384.97
1089,d65a81bf40cc6227449e75a56b51c85661bbdd2e,0,2,0,0,4,3,0,14,410,213.2
1090,d6a42db4021b69a9878ae2a1cc246942e09b21b6,0,1,0,0,0,4,0,0,303,70.65
1091,d2d3a4ec42f8425bc36c856842c597d414eac414,0,1,0,0,8,0,0,0,37,47.02
1092,25b1032de91e913448cdb843a3ee08feb2579779,0,24,0,0,318,284,0,186,3721,1930.54
1093,24a4ae2d274a7b3af61da83058d42012fd42634d,0,2,0,0,5,1,0,14,530,199.34
1094,06e8bbae7db67c6dec41b41f7e4fc9da3e50a604,13,32,4,3,1169,1317,0,455,6643,3188.05
1095,20afeef7e968a953b841d4403bb41a675dbaebe1,0,0,3,0,0,0,0,0,0,96.94
1096,db0bc68c325530408ffad61660e9f2ccb9ad2a27,0,1,0,0,0,0,0,0,734,99.12
1097,f75f607d3bfee1e0d1c4ad03fe3138b6da33b1be,0,2,0,0,0,121,0,0,274,105.38
1098,36994e38ac493f87afe04c75fbbef9bf82424896,1,2,0,0,14,30,0,17,135,208.54
1099,af6006f27c88dfda7b3901262054d28a3709f293,0,1,0,0,0,0,0,0,156,36.38
1100,7721800db747d5a8b6b020e4e6b4906ad8e21d1d,0,1,0,0,0,0,0,0,734,199.4
1101,69ee4d7904cbaeff963b228226a98f35e05baf8e,0,1,0,0,88,90,0,28,129,151.02
1102,a61c668774134f67448c8d28a0fcebb9e235d82c,0,1,0,0,36,4,0,18,128,129.96
1103,92a10ef438485c839b959e08dfaf38ccc42fcf3d,0,1,0,0,0,69,0,0,0,37.24
1104,42c818686134e2b70769ff03531151b672b455bc,0,3,2,0,116,105,0,28,261,331.04
1105,74751be8f5492f2f6c9c89320e027b04f22d1178,0,1,0,0,0,107,0,0,0,42.05
1106,6d73037bc58cc9dda65d42d58de0f76578042576,1,2,1,0,114,164,0,0,4,287.33
1107,d58a9316ac81173113304f9e040afa9351e3410f,0,1,0,0,0,16,0,0,3,36.0
1108,e50e6b86671329df55fc1d265c2f7036bd844aa0,0,1,0,0,3,0,0,3,211,90.57
1109,fbddde3ce88b50403bc2b78b70b914d90919cefc,0,1,0,0,2,0,0,0,43,44.42
1110,0eebf25cdf37c2c05793ccb238521638c56bd840,0,1,0,0,14,0,0,11,58,78.21
1111,a467e5618d069dedee1e645d017ddaf1da588ca4,0,7,0,0,58,3,0,81,1683,725.02
1112,f2148f2055eb9775cf2512a89acdfa713663e7e5,0,2,0,0,107,20,0,107,569,283.94
1113,975524783b90eb045123ce0898fee06cc43bf744,0,1,0,0,2,0,0,0,136,53.33
1114,1f10dff889f985f89a9807e8827783367c1bfec4,0,3,0,0,63,0,0,5,817,284.99
1115,ed220333af16bc6c426189a224dafcd5f7cc2020,0,2,0,0,47,0,0,19,327,168.1
1116,2d2a66c306a3e7723444d97240f534ecf9a2215d,0,1,0,0,2,0,0,11,306,106.49
1117,fb677807457f9f92fc2bc8aec33a009908a33fdc,0,2,0,0,1,10,0,11,488,162.48
1118,90464c012c762c6a08fd586be355db5c2122e716,0,2,0,0,8,52,0,31,365,244.38
1119,4eb1ce4a399ac58f3afba5e84063bd9849fc0750,0,2,0,0,3,6,0,8,373,207.43
1120,27bee4a1a8b5fcd2cf0cdb2c48ac081737ed8619,0,5,0,0,31,2,0,13,231,354.37
1121,b883ab403abbdf28433158d7a90567194491c0db,0,4,0,0,8,22,0,23,235,297.46
1122,1787b8ad0ae51af69cfee77205bc0e1e7682bf12,15,61,0,1,296,115,0,54,8513,3673.08
1123,7441a9a2a718f36e9f5b9cd8f4d967f306de4708,0,1,0,0,45,0,0,1,211,104.51
1124,9e159f737f8a42fef886062a3fd5850531281306,0,1,0,0,0,0,0,0,486,70.92
1125,f79c4eb83cec87ffcdf2ebef264921fe3274eecf,0,0,1,0,0,0,0,0,0,36.19
1126,fd172432f0b7fcb65b990ece77a85fe10ea42c21,0,1,0,0,0,0,0,0,156,31.76
1127,1b8c57abb8ee9bb8f664532e5183a137c2620595,0,1,0,0,0,0,0,0,73,21.48
1128,4330fb26d2fd3d38872b0f27276bf3e78a61fddf,0,1,0,0,177,10,0,1,80,168.89
1129,078a6b407f9667f1582a9d8ce1fb3ad5b08b970b,0,1,0,1,2,0,0,2,92,125.44
1130,cd9a85e9af55ede8f62b4376bb2a795ffda44cad,0,4,0,0,11,2,0,13,1560,454.97
1131,8ea11c18ddc3b74bc2908dd6980a7ad7397e111a,0,1,0,0,22,19,0,4,31,107.96
1132,f8087020e442834f6458c92fef60d8e07287f2a1,0,1,0,0,5,0,0,19,486,129.92
1133,f4545224967d8d5d9a45039ba87b45156e90e4b8,0,9,0,0,18,22,0,41,273,830.06
1134,cfd8890323929b09f1644ce86ca09de5dc82fa06,1,17,0,1,95,28,0,20,6380,1488.03
1135,03a4b9bed2108b6d1d7c4dfba8993ad5b75e8c21,0,5,0,0,9,0,0,2,403,212.73
1136,924498f281a904389d2e6b9aba7a38c3a2cf8d19,0,27,0,0,18,54,0,0,1586,508.74
1137,5cc7da59dc9eb1d424162cb222e33eae361f2a2c,0,3,0,0,47,0,0,2,394,202.77
1138,b3538aef214fff2940f8f05ef5b0562c02728e90,1,1,0,0,1,0,0,0,69,114.67
1139,a6798a0080853cc5b6910f19ac0e32aafbcdff97,0,1,0,0,5,0,0,5,159,91.26
1140,0570cfdecd1b6b89bd8f01eb6d44b7fbd03c5897,0,1,0,0,2,0,0,0,116,164.84
1141,c0338bc1a991b73e2f605e2a2793864466223595,0,2,0,0,74,0,0,13,171,183.91
1142,4ecfeaf59ba278a1f1ccc1bc106be24182f67a61,0,1,0,0,50,0,0,26,268,131.62
1143,9acd0a39a48efe2679afdfd17acfc7e136d8b00a,0,3,0,0,44,0,0,0,114,143.86
1144,8214eb7b6a2eebdc98c091901413788d65c7a7d8,0,6,0,0,76,3,0,135,1560,664.94
1145,1a7bbd8183e0e4d2dd700aba7fc892168b696552,0,1,0,0,2,0,0,0,118,53.99
1146,81326ba990a38ad68b28d8124927c3680511794d,0,7,0,0,75,85,0,29,732,465.79
1147,b83fe8c2561188265445f64abe612d99a90e227c,0,1,0,0,2,0,0,2,174,90.49
1148,7231d2a41ba7e4195dba141508674c2e7f2923cb,0,1,0,0,15,26,0,29,182,131.04
1149,e391da35c2b2d48d041b165f5badf5be4fbcd5f8,0,1,0,0,0,0,0,0,92,20.2
1150,e2bff18ace9a916e9714b1ee855e73e60175b867,0,1,0,0,15,11,0,0,165,92.06
1151,c3eae10fe5f0c2c433c7ca0310302f95e1b6948e,0,1,0,0,41,0,0,0,188,72.96
1152,d33b025d0c3d7ecb39757daa75c0c0ca8ee8400a,2,1,0,0,19,5,0,7,115,265.9
1153,80cd9199876c8d46649cb67e0a585861b9464949,0,1,0,0,3,1,0,1,228,120.79
1154,20f96faa24db487818d913135fab1295b2dfbea1,0,1,0,0,1,1,0,3,133,106.8
1155,eabd74b4dfad164c5c1d66241e507b2a5680caf4,0,7,0,0,18,29,0,5,784,415.01
1156,e39efae8051ea860a8f13af6fb121849ee7bbe3e,0,1,0,0,1,2,0,1,102,104.28
1157,4932dace62490653fd91f5a35a556111d61d9fa3,1,1,0,0,125,0,0,0,274,152.14
1158,0ddd20165c20cc368370c29adba7a9957048fe89,0,1,0,0,0,5,0,4,220,94.81
1159,70816f5e8a485dd18fa050fd8da1ff52a23cbf37,0,1,0,0,0,0,0,0,399,52.77
1160,d89f1eca9054e04bcf511a25d0e92d8aff0d4acc,0,4,0,0,25,0,0,14,302,355.27
1161,266a63ed9ebef60254ae154e9bb79850dc23c821,0,2,0,0,10,15,0,1,180,151.72
1162,364862766a39cee71ed099ea3d6717a7fde58df9,0,1,0,0,23,0,0,0,134,61.44
1163,64e2e9b28a080a9b44c81afa9644a98c77fb8cc9,0,1,0,0,2,0,0,2,115,85.76
1164,3e50642ae673fab4e7b3db8b703ce1b6bbe40dca,0,4,3,0,25,20,0,34,896,403.13
1165,5c735d9db6983fbe04450f3a2893a4b60f3153d6,1,1,0,0,0,0,0,0,231,118.28
1166,7363193cdf7236db250d5358806bfeb23d9d1a3c,1,0,0,0,0,0,0,0,0,11.72
1167,d88e2242a3694afbbdae7a2ad3e3473d124cce4a,1,0,0,0,0,0,0,0,0,71.92
1168,87f0551ffe1ba59087fa909c79a29f0f695ea2d2,0,12,0,0,70,62,0,30,799,786.77
1169,3af6a31c5075a93ac8fead47e0053d99ea3cba04,0,1,0,0,2,2,0,16,210,127.49
1170,31e83d7d9c89b6cf33f047397f58ac36d72948b8,17,16,3,0,116,2,0,29,6730,2472.07
1171,39a0943994baa21d57df03724e10b50ec55f5f68,3,1,0,0,16,26,0,20,499,294.74
1172,8d485bab5c5e1abe201e660c76564dc11476334c,1,0,0,0,0,0,0,0,0,52.79
1173,9defcefd9786216f467a76be3cb1146324bbc182,0,7,0,0,27,5,0,5,370,271.56
1174,fc67fa6c39729a8f88fde6e18e4e1a3d71c6977b,1,7,0,4,36,58,0,35,425,470.85
1175,04bb4d77d87e084a8a894d742edfca6ad2f59c32,1,50,0,0,87,128,0,28,7969,2514.4
1176,26ebd70e6cbc07baf39ff7dfb111d317f794727d,6,9,0,0,120,9,0,37,1133,841.27
1177,d7a45a08c4d0663467aacbc4ef4f84adcb7ffc38,0,9,0,0,29,14,0,2,1091,403.05
1178,9167028b6e1ba45d933d9401c8fdd8278fdb53d8,2,2,0,0,3,1,0,0,42,146.65
1179,a734ce695e3a48862818d2f3aef3a3902939e9d6,0,1,0,0,0,0,0,0,17,14.34
1180,a8934f8c51ec5b04444dc8b7050bd10ed493948c,3,3,0,0,7,11,0,0,97,356.31
1181,a2651e062a82c539ee15d869f6a2f8c4fbc17074,0,3,0,0,16,2,0,21,721,242.15
1182,277ce38b80ce14cd13bae80109a51c84faa7976d,1,11,0,0,319,235,0,168,6001,1278.02
1183,2485e7de8990a87c91263adc81342e1d65a30adf,0,1,0,0,15,6,0,0,36,73.68
1184,114712208d75132cbe5c5c2e3fb5bf80fc246372,0,3,0,0,26,4,0,5,93,253.62
1185,ba452fb1a52ba72a98a07241d00522c4b12d3c87,0,4,0,0,27,3,0,0,104,153.28
1186,a169e82c9029f9d7763224902ceec1a57a9ce8a5,0,6,0,0,28,3,0,3,937,351.7
1187,15b8a0c2e63b458bd1f00b40e553140ac3838d23,2,7,0,0,19,0,0,4,709,337.51
1188,42adabe2841483ad2465839bf47e58a7447fcca8,4,0,0,0,0,0,0,0,0,226.85
1189,f45bdbe53a2821a3a1c37426e6381793a79629b2,1,18,0,0,12,421,0,10,1708,956.33
1190,22f54d332e2071ea62ebf2a1e151d627c751b05c,4,16,1,0,10,419,0,1,1703,915.54
1191,a525864411bc578940ed9f0bb258001787e6c708,0,1,0,0,3,1,0,1,65,102.01
1192,b105defcdbcfcd5161cb3e59f7f3a1191fee80f2,0,11,0,0,6,7,0,0,1913,359.55
1193,d85b8f06a7fc66bf8e319c930f568c455a78255d,3,4,1,0,29,6,0,4,132,411.83
1194,bcdd97dfbb8df67f7a4e5a69d0a3a096075ba0ba,0,7,0,0,22,1,0,3,393,296.31
1195,49d2f9c12c777b30c10fb0a1b8cd7c111128b347,0,5,0,0,1,0,0,0,582,138.41
1196,cc4ef2510afc2ea5337bc5e001f88f166206a7aa,1,7,1,0,38,0,0,2,231,380.66
1197,8812d00e4ec0cf1dd44ffd44c8221db39454f71c,3,23,0,0,70,193,0,49,2790,1289.91
1198,d0b38e4d55fc71b3f795bf15c31997ebc6feeda9,1,4,0,0,29,9,0,15,143,290.96
1199,0d50ae23e8302729f544af8a53b0937c3d7f196c,2,0,0,0,0,0,0,0,0,138.29
1200,70e705c1267800e8e63f59846fb461be873f6c04,1,0,0,0,0,0,0,0,0,172.03
1201,3a2aaf10d8da7eadae0a9cfb9dd297c74266394d,0,6,0,0,0,12,0,6,341,214.53
1202,9e3c1033a8f82f89648fff7b95353f505a516528,0,2,0,0,0,0,0,0,169,29.35
1203,8b96769abfee79cd3c241867cd5f51e6b489966c,0,6,0,0,2,38,0,1,301,196.76
1204,4dfcb183b7b3a17fdfbf7af12faeb751ff8a2c0d,0,18,0,1,73,191,0,25,1841,777.74
1205,53a61c26dcc66ba3e376798b5b81f8b7c42d872c,3,0,0,0,0,0,0,0,0,165.47
1206,c42372b06b267c266bda1a94b3bf9143c4e2cca5,0,4,2,0,6,69,0,12,136,268.47
1207,50178859d3cbafd576f62bf8216b145b842b95d9,0,9,0,0,1,0,0,0,1437,232.92
1208,341b8a28818482c129689dd382aa148fb6ec9b4b,0,1,0,0,0,0,0,0,147,33.46
1209,336b3345d441f2b435c28d008558dbba7d68e7e7,9,1,4,0,46,1,0,3,29,670.35
1210,baa563e9b8ac030db3fb1db5aed500c48a0a2c7b,14,6,13,0,17,1,0,1,182,1287.99
1211,11a76db19b729d2a9abc167d245133ec5b6e4b35,1,2,0,0,8,0,0,1,65,176.19
1212,dd76c68b14e6191967a3ece98462e19ab9878d04,0,1,0,0,0,70,0,0,279,73.83
1213,1a6e5d77c5be16815767f571bf9d1c562ef03e51,0,2,0,0,35,1,0,0,53,122.15
1214,e95dfcb5007fa3d0130182133424a44ec5cf0aab,0,1,0,0,7,20,0,10,57,114.51
1215,a50ab1be458a7bdf95e438c784d038bcc8f18ba1,1,6,0,0,66,4,0,2,251,323.18
1216,49630765ce14e2c9217385d9dea9d25d8397e7fc,4,24,1,0,150,24,0,9,6472,1453.89
1217,4c79e7a27aa9caf1b4fae04cd177b5378041a5d2,0,1,0,0,11,0,0,1,137,90.64
1218,ab9c50afef842e4c4f88863d60b6a3d60268629a,0,1,0,0,0,9,0,0,139,55.18
1219,f20ce37851de3979ba803d2f54abb50259326413,0,1,0,0,4,0,0,0,94,55.67
1220,9098c562c673c08c48a569a3acace44e7564547d,0,3,0,0,10,4,0,6,94,250.35
1221,e790e48fb41eb47a18208214f6c330e7940c4fad,1,11,1,0,33,23,0,7,799,707.89
1222,2693043dca539ac369159f8ea761ef87693973ac,0,1,0,0,1,1,0,2,21,96.34
1223,0ab7e9b754c8ee16f3ba78372c7bcaba84c937a8,0,1,0,0,14,0,0,0,58,55.65
1224,67b3c6ab1ea90ef7dda04518a57008522dcb0f14,3,3,0,0,19,9,0,3,52,397.19
1225,a99608388d1c3a758b96df9dd672c5e69c9b06d8,0,2,0,0,6,1,0,0,97,114.65
1226,13173414dd3d91177f4fac176517a8c164596785,1,9,0,0,36,4,0,2,529,460.61
1227,0a7a2aa5e21354d45386e160209dee3c72baf230,1,1,0,0,6,10,0,4,22,152.65
1228,bbf35d6a380ce67ae6311f675050cf5a7fe330ae,0,1,0,0,3,0,0,0,10,47.02
1229,8b2accdaffcb16b3ba27ff8d3405e71ae9a3fa8d,0,2,0,0,16,1,0,0,90,122.01
1230,50892e3f40bc0e1d943b1c5789f8985981a64cf1,0,1,0,0,2,0,0,0,28,42.06
1231,d5c490c5c89e3999fe5a3b6d343b194479764b0f,0,2,0,0,38,0,0,6,89,124.84
1232,56917811cee9a07cadd0e54eaad4c89694e46eea,0,1,0,0,69,0,0,0,527,121.61
1233,cce6834859e70d5eaa964916c9bbe9294a2c01cc,0,5,0,0,10,0,0,0,404,210.0
1234,fcad7e0f62183601752b3283672f3be86fa7c5b0,1,1,0,0,3,0,0,0,14,105.88
1235,affd2e1cf4868b42b4741ccd393099727a4ea671,0,3,0,0,12,0,0,1,169,143.9
1236,7b08f7f645b5546704b90184969be637fcf1f7b9,6,1,3,0,2,0,0,1,31,529.84
1237,7b1bc203ba8111f04291cdafe0e66a3fd8ee301e,11,2,11,0,0,0,0,0,187,1030.92
1238,74de0c39acedf3f699c5388c6dee5ee032c0af5e,0,2,0,0,6,0,0,9,77,117.73
1239,a5553c0d898e61d9ec1e08d33ace73221e21611b,4,36,1,4,200,148,0,47,7584,2682.14
1240,ba39af7b4c15f57a6fd33560828cca1f158303cf,0,2,0,0,10,0,0,0,88,147.48
1241,010a0383f21a1a8f6c1d25c382b92c3101246300,0,1,0,0,1,0,0,0,46,54.48
1242,ae9914b1918ca0ed04734fdc6a26f44950454a09,1,3,0,0,33,3,0,6,171,214.6
1243,ba7d6fefaa862de7827fb3cc07f93b0ed3179876,0,1,0,0,29,0,0,3,11,76.59
1244,ace61a514839d70aa156e1eb8b07c8405daf4483,0,1,0,0,18,0,0,6,36,79.67
1245,9701a493b0fabee963c6506a6f7238fa75210436,0,64,0,0,417,316,0,96,8798,2737.72
1246,d9f472d9ad3466d4cedbf4a11ce981f03c10217b,0,1,0,0,2,0,0,1,40,70.89
1247,c6daabd9c456158fe9653673e94acae88ff09750,1,7,0,0,54,52,0,18,298,570.04
1248,f8c28b8dee309a19c78e7f7433da6396be46268c,0,1,0,0,15,0,0,22,103,90.85
1249,9a0ffc4caf5f682a73632fe76f6e65946b0b7633,1,0,0,0,0,0,0,0,0,10.42
1250,47dc219a0d41e95e9dea693bdd890dfce83af107,4,8,1,0,14,9,0,1,677,575.57
1251,5d998896a57cd2555d1368e644ffb6c7fb3ac71d,0,3,0,0,23,2,0,2,5545,759.99
1252,9890b1b17df42138e40bbc91e5a21ef7eb99ffbd,0,1,0,0,0,2,0,0,93,60.8
1253,8a55215739adcb17c95b371fd7cd193f5c075dac,1,8,0,0,46,6,0,4,606,446.25
1254,b17995dbeddc8f6556ae2a1eb736c03f71751a76,0,1,0,0,0,0,0,0,93,22.33
1255,f5527cf77556cd7d814107ad593c4694442baa0d,0,5,0,0,25,16,0,5,244,277.72
1256,f5ca67039f2dfc768319b582d37118c6575dfb24,0,1,0,0,26,0,0,0,87,62.96
1257,7fca4474bb1052bfb3372c1b5ff85d220a9c1188,3,10,0,0,97,29,0,15,444,832.99
1258,3aeafb570983c98edc1d3bf8f99c83d26bcb588a,0,1,0,0,5,0,0,4,110,88.9
1259,07eb8a3bd7fbb2681a2e1fdea418c79374dd4808,0,1,0,0,0,0,0,0,118,25.68
1260,cbf9d56cc0a2ffac29a2a523aace299bfc72e112,1,5,0,0,6,10,0,21,5886,1034.27
1261,f078fa3e95ea88556791f08907481f64ebd8a20a,0,4,0,0,6,20,0,0,113,136.68
1262,3079401372804d37f0957ab97f9e46c20bd8e667,0,1,0,0,6,0,0,23,533,143.38
1263,99d9948a1c46ce8f1f57dec3f3e94ca7bac3289c,0,4,0,0,12,0,0,4,658,228.15
1264,e8a9c9c3a4af38346d5b67360311610659b64dab,0,4,0,0,26,0,0,0,363,156.85
1265,11bac4dc4c56ab7b72003a106a8ae5c640a6daae,0,4,0,0,30,1,0,2,241,212.24
1266,011c21efbca80fd7c6f9ddb4417b8dbffec6c314,0,2,0,0,295,81,0,35,186,306.14
1267,ce82bd417d32b53d3a35489afd1095deb8e7b08d,0,1,0,0,2,0,0,3,491,134.22
1268,5fa1549208ad20ea7977bb81f5cb1e4fc29fe9b5,0,4,0,0,0,0,0,0,599,103.92
1269,c8339a2c38e5e4dc27db933bc33fa8cf728fcb4d,0,2,0,0,146,232,0,26,310,265.04
1270,b6846afd369f5a3fbbb55fd4608c909319cb7eec,0,1,0,1,314,314,0,0,14,261.03
1271,ae24d240a37212f8c14dfa9b8a6a4095a1ba0e93,0,2,0,0,85,12,0,18,260,217.44
1272,b272261a75438cccb1cecfc81a1d7a555f2b38c1,1,3,0,0,19,0,0,2,127,210.88
1273,c64a1256f323a094606ee49ab5f7f279a15ce0f6,1,1,0,0,6,3,0,4,96,180.91
1274,f1a05b8f498444ef5cca676d955dbc09a3e79002,0,1,0,0,14,13,0,3,21,110.63
1275,0c9fbb9e4b3b5048247cf6386caa34d111e2d635,0,1,0,0,0,33,0,17,123,88.28
1276,7282e13f3d28e418b7a2db6d41ed63f7e0e7b39a,0,1,0,0,21,17,0,19,79,115.56
1277,44793e11b4051e4bf3a963ea5e9a3769041e569c,0,4,0,0,212,40,0,4,110,190.15
1278,b9ee037c73cf2c183b99afc7ae539af142a73886,1,0,0,0,0,0,0,0,0,66.34
1279,439bd6c127248f312e90722fc4a713d5ac78e32e,0,1,0,0,0,0,0,0,50,17.1
1280,22e0284e5d6cf9a53aa38b4142dd4b8543b8f798,0,5,0,0,182,21,0,1,220,302.65
1281,6b9a3c33461246b8a614cd685b31a7ead207c3e1,3,0,0,0,0,0,0,0,0,193.99
1282,f1525eca0ce7ca9343636240afdf025e5b9f57b4,0,2,0,0,37,5,0,5,240,174.18
1283,20274e2ce0130df957d9e5f729a172adc40a1938,0,1,0,0,1,11,0,1,129,108.53
1284,73fac1a037d91a1ee73711e52f7a3829979326e0,0,2,0,0,5,10,0,4,260,132.6
1285,641e4509dfb5e9aa7576f8225f37ed035a15894a,0,1,0,0,0,0,0,0,739,100.17
1286,594c6ff5541529755a3bef8ca9530d0ac3d5b690,0,1,0,0,0,0,0,0,739,109.77
1287,fbe55505d44514d17b70b41884ed66dce992d9ac,0,2,0,2,0,0,0,0,287,150.71
1288,43abbc48aa9bcb4ca4a49ed77ab4cb0039f8381a,1,17,0,0,554,1340,0,229,1679,1876.43
1289,42c13bd355d18108ce59e4a3e5f4d4c27d63a69f,5,1,0,0,21,0,0,15,380,365.91
1290,9f4543e07e56ff17cdfd764169000acdd61b9bdc,1,4,0,0,56,18,0,24,980,381.13
1291,276cd616435e1397991c779ebde05a2b0b8747cc,0,4,1,0,1,6,0,5,1030,370.11
1292,4e0e1f195a6c079f12c12b6d0a11ffd9f7af453d,1,1,0,0,0,1,0,0,62,54.09
1293,2f2d7fbb043080d47f16c5ccd2bcc143adf75fbe,0,1,0,0,97,15,0,18,92,141.57
1294,9fae000a4ec241064bfbca406c4601444904c28f,1,3,0,0,9,7,0,1,437,240.45
1295,0b31e3b229d9f7e56bfecc2fe0d6bb4e4174b5e9,0,3,0,0,38,26,0,12,163,251.96
1296,dea556c5a4729d461faf4e352d34dfea4c6dff9c,0,4,0,0,30,0,0,10,295,268.02
1297,5f56a7895a7b9da5e45778dc8f015701d68b9022,0,3,0,0,32,0,0,8,217,157.2
1298,41c50cc9df1257e5c9c3af200d26285466c3e54a,0,3,0,1,14,0,0,24,318,264.98
1299,fc093c006ea427142629bd0616843b0c0b9c06ae,0,1,0,0,0,0,0,0,156,31.82
1300,9c306674a531257b97f12cfedce7c6f98d8dd2fe,5,0,0,0,0,0,0,0,0,441.08
1301,973c6274ff75d3463ac079333918909bc432b074,2,2,0,0,7,0,0,6,55,267.15
1302,88cc5511633b7d0b62b5795e61632109cc1317e0,2,1,0,0,0,0,0,0,23,128.37
1303,8c752f9f71d3d95d022ec2f9e98de4e731c00bcb,0,2,0,0,20,0,0,2,362,164.23
1304,3b22e558d97ce2998e918a171803b88452b65cbf,2,1,0,0,0,53,0,0,49,161.44
1305,896111ed5905d211b8113bf328bbf4479fc30abd,1,1,0,0,90,0,0,5,38,95.46
1306,ebb085bd6bec1ee1ba793238159d59bc735ffa4c,0,3,0,0,28,212,0,7,192,168.62
1307,e4f65f0a484ed86de3c585794d0c0a000e5f408d,0,1,0,0,1,0,0,0,193,62.24
1308,fa435f43aeb760933dc6d1530c6b0a70838d30b2,2,16,0,0,292,75,0,93,2340,1465.45
1309,b3b677c2d91b72766567de839ebe6a9fed2bc94d,1,0,0,0,0,0,0,0,0,74.24
1310,3b5be468f6af72dc148d86e008337d5bfb93539d,0,1,0,0,9,0,0,1,47,77.06
1311,b5a0004c43b140465b3bf30162308b8385e7503e,0,1,0,0,3,0,0,0,56,51.88
1312,0d01c4606ce5472a7fb417c254fb102ece8ea71a,0,1,0,0,70,0,0,0,0,60.63
1313,ad9a59307913f5eb1d2cc8d15e5653475b40a9f8,0,2,0,0,159,2,0,5,133,194.7
1314,9225e9ea9acc4d925451b88ab1f20f284ffd9ceb,0,1,0,0,8,0,0,17,739,168.35
1315,9d1f798c7f70c7dd135a880e2e6bc8bc708d5220,1,5,2,1,30,35,0,13,436,449.27
1316,f10cba2e3adc70a34cc89c5cd96ab85685db89ff,0,2,0,0,240,98,0,48,968,334.16
1317,ce2191d1a76d53f27cfd58b5a4a0b4b3d36fd122,0,2,0,0,154,159,0,54,918,325.23
1318,b4a283797363870f0560f0f9bddc367ed740e5ef,0,1,0,0,45,2,0,0,17,81.79
1319,790f4163d36865ebc1e6d01e30538ea101594706,0,2,0,0,197,134,0,45,1013,347.84
1320,be306c6e69d53a3d4f9d23265c68fa50286b663c,1,5,0,0,29,11,0,19,292,618.19
1321,dd4f8f9fd7040528d8663808d8e17d998517bbe9,1,2,0,0,60,20,0,8,272,302.67
1322,d72382b28ffbbeecf1469ad0958dcfa1b0a17870,2,3,1,0,383,142,0,48,403,610.64
1323,0b24ebb32389dc35caa9e8856a9d2b38c4bd36de,0,6,0,0,66,52,0,48,477,407.55
1324,8012a61610323515a7729faa8a31cd06020ec833,0,1,0,0,44,6,0,7,299,146.52
1325,8df9557bf8fa9b159a0166d7918a00c1c1d00b70,1,2,0,0,5,333,0,1,411,353.37
1326,f8b70146bcf75f20c80507b365f2a31e7d75a3e3,0,6,0,0,33,0,0,24,1039,278.73
1327,d2a671fe39a722e1bca51bbdadd31044d18f8022,0,1,0,0,63,0,0,6,361,124.81
1328,94dfd463545891161c0793548f73861475942d6d,0,5,0,0,55,55,0,0,766,280.68
1329,85bc64b91a1875409530c3e2230cb85868bd058e,0,22,0,0,420,161,0,168,3608,1530.98
1330,788cf15f8ac859cde6eda0e7a6d76e87bb4bc010,1,9,0,0,120,91,0,60,1855,795.49
1331,b8ba47810576bd9888ae5ae06495e3ff80a03e76,0,3,0,0,48,9,0,12,804,318.23
1332,bab2df1fd579f77deeff82485559f93494f5c161,1,1,0,0,0,168,0,16,256,201.83
1333,5d454e4102d6893ec252d88d0a27450c94190f3f,0,1,0,0,18,0,0,12,179,101.14
1334,29e2e7a63995ebedf7ed96da6dc048441e055811,2,2,0,0,75,64,0,10,389,257.89
1335,23c732905b0edb85619b031b19a32f1a44df243b,0,4,0,0,3,0,0,1,582,190.73
1336,c9aee78e0eaf9b3c9fbdfb785fc2cef853cddc4f,0,2,0,0,13,0,0,0,599,122.54
1337,f3ff1f8a0cb379a8b981bd53e41381a8e86e989b,0,3,0,0,37,13,0,6,442,341.77
1338,f91e1f6e5ce43cd15cc6b41c4a3ba40201550eb5,1,8,0,1,148,102,0,108,1201,702.42
1339,6b61a24ba01c12c8642e023d77b12875f7d5749e,1,2,0,0,7,0,0,11,620,262.35
1340,10af8394244bdd3e8d0fc75cd76a8d26b84f2cd3,0,1,0,0,2,0,0,0,285,179.82
1341,447149a272a76b70a828991d3d205c4b361d4d4e,0,3,0,0,62,46,0,25,1447,377.15
1342,d81ad1f2223ab5b10b165ba22c3da614f27e1499,0,2,0,0,3,0,0,32,617,150.86
1343,265280f0f17f3235138036c68b7655c06ab18b81,1,3,0,0,32,7,0,11,185,305.97
1344,43bef07b0b188e6546be6dfb5feeb6f6862d0fbe,0,1,0,0,1,0,0,0,53,49.21
1345,2f754556846f322386cac34c126a78ff761e3c72,0,3,0,0,34,6,0,3,124,177.19
1346,4eb771fe04e291c088cf003ca32780640a32361a,0,3,0,0,0,0,0,0,158,44.46
1347,81d91f6894d21e44ef785086c60f70a9ddf96fb9,0,1,0,0,0,0,0,0,53,20.21
1348,0db9086c724037e9b88dc5d50c2fb619a56a3e1d,0,3,0,0,0,31,0,0,127,104.42
1349,21af8674441145d619bc65a80c92a95d75d304a1,1,0,0,0,0,0,0,0,0,74.17
1350,7b9a0c36d21d434eb3e8f1c754c477a571bb603f,0,4,0,0,13,10,0,17,467,359.76
1351,512380568739ce3089848ef0f286c7973cdb96ae,0,2,0,0,36,0,0,0,118,115.51
1352,80200e18a74ff6ed6d17e4d64f12014fe44fecf0,0,3,0,0,144,87,0,22,765,403.39
1353,cbe9d34b327200e5c3c0c7b8e9d22dc2d3dda055,0,1,0,0,0,0,0,0,54,16.73
1354,cab0d7775eff208aff7045d89f088b666c1307f9,0,1,0,0,48,0,0,0,28,55.67
1355,7a87a3a135d6b5d604797a5bb77266496fa186fc,0,3,0,0,3,0,0,12,333,223.08
1356,a4f5e35187d4a7b04ce51554dc07698634926416,0,1,0,0,6,10,0,3,296,137.57
1357,b9e3665b3f6516c04c74dc015f7eb58f01100e01,0,1,0,0,7,11,0,3,96,137.68
1358,eac66fe5abb64f1f88bb13ae80d2325a99ec2f62,0,2,0,1,86,4,0,37,943,350.07
1359,3beba6b77cad114768bc880a2c6da57b82204443,0,6,0,0,79,40,0,29,248,507.93
1360,8d84c8f4bd1d600b7fd8dd131f3b13bac10642bd,0,1,0,0,2,0,0,1,103,190.33
1361,98e0941874f3f125c6771fe0cb06c1c8ebf8059a,0,1,0,0,0,0,0,0,809,113.96
1362,a625c3194a691dcb906a0d794a5b3065a7742a90,1,1,0,0,22,0,0,19,38,198.63
1363,6e5a00e08fc26277b70f1ac19157653ca8604a3e,0,1,0,0,0,0,0,0,60,22.41
1364,805995671be070d3ea8da7860ef05a8625a09ee1,0,1,0,1,0,0,0,0,93,72.83
1365,d671f7d37c8e61535cf2516ff77ff0e811bcf60d,0,1,0,0,33,0,0,7,237,111.7
1366,c3edb9941082b0b5a73ae4914820bfc8beb93a5e,0,16,1,0,984,568,0,265,2552,2025.12
1367,e65ca60285f62aedc548c24ba7c8c5c0fa39a3a3,0,3,0,0,135,222,0,20,721,427.7
1368,6ecef8b79099bdffcda934ec9ca4c87fb28b9384,0,4,0,0,114,100,0,11,562,279.23
1369,419e3243dd5e2aac7f345e896dcac2e14f0572cd,1,1,0,0,0,0,0,0,309,110.7
1370,dc1954428c82c85bb6a731edc7c68c248ce1fc98,0,14,0,0,273,118,0,9,2576,988.65
1371,596918b51ae0e614c4ec270167e0b86c0944ea0d,0,1,0,0,0,0,0,3,596,123.08
1372,6a545443a4dfbcdf53779e4c9f488ee2889fd05a,0,6,0,0,25,1,0,6,906,486.81
1373,99678d33b0760fe5f13e7f9a58e39a0296386ef9,0,15,1,0,26,96,0,13,1330,762.54
1374,f641d8824d9af80c2480830d78c4c921d52642a2,0,2,0,0,4,0,0,7,291,102.99
1375,ba61b9ae3be616011e9acebe02c7f134a41061c6,0,6,0,0,13,13,0,0,1276,252.21
1376,5a97f9067c0764905cdd987f246689fa14f88335,0,1,0,0,0,0,0,0,97,25.53
1377,55d69e56750249d4e4a1e76a6bec55f534f13841,0,1,0,0,10,81,0,85,728,221.74
1378,46fa1e553a55d035f5107e07828faa4fab05d6d6,0,6,0,0,201,602,0,0,252,391.01
1379,127d15f6fa68dadd67ca7cb31f957f61a41aba66,1,2,1,0,0,0,0,0,121,64.9
1380,a9971c7c27e408b44c8d4314f1573a3d9b8fd2b6,0,2,0,0,28,45,0,25,186,275.13
1381,ff8fe520cd1a86b51c725baca06a15e41a59bbcb,0,1,0,0,0,0,0,3,596,113.94
1382,b643f04329847e9bb61bbeed8b97d77542d40d79,0,1,0,0,0,0,0,0,0,12.33
1383,9658b7070314c0d1ee840955749f8fa46e335dd3,0,1,0,0,2,0,0,2,738,173.76
1384,81b4754c9ab4936115684eddceaf141c2aa7e741,0,1,0,0,0,0,0,1,740,131.09
1385,a3e12d5e037ce3ce55c986d4cce6ec72ed9f1eb1,0,6,0,0,33,3,0,6,1382,404.96
1386,b06833342f8a2e3372a99721e6f69f55e820b929,5,30,3,2,171,108,0,36,1849,2014.11
1387,fce75a11fa0f8be6b306296338bb6c960adede84,0,7,0,0,30,0,0,3,1060,415.35
1388,6f345525c84428d272e7330df89b08115f64fcab,0,1,0,0,0,0,0,0,0,10.52
1389,8af9877beb7c05f62e099b9173bfa18a9af4a5a5,0,0,0,0,0,0,0,0,0,6.27
1390,1e7b7db17dc2a6dd809ef93694d5bf860b69a7c3,0,4,0,0,6,0,0,0,246,91.91
1391,70fea7d3e9236f64770571eeb68c1e0244ee874a,1,0,0,0,0,0,0,0,0,95.69
1392,409d1a084577755d73850c98b0265607f6290634,0,4,0,0,36,2,0,0,560,247.85
1393,f2a508a04acac91b3450327b054cc607e7ea415d,1,3,0,0,9,0,0,3,278,229.81
1394,a27de6721b1dd735f41f3234075791f11bddb76f,0,1,0,0,0,4,0,7,535,136.09
1395,c873fbc65d5c4e42bc4db6b95abb04c2a4cd8c4f,0,2,0,0,15,29,0,2,244,144.07
1396,ca39de3c17c6540f988bfc450770302bb3dee529,0,1,0,0,0,0,0,0,545,76.08
1397,57490442b114154af65516c46d747c04ad3a2279,0,1,0,0,4,0,0,9,571,160.23
1398,177478af4061b82e111664198f500ad274526063,0,1,0,0,0,0,0,0,0,13.29
1399,be11aa20d7956d854008d2e07615e13c97b14f82,0,2,0,0,7,0,0,1,96,123.81
1400,c0a4f756df3d81a2069e39cb7e87131556a396cc,0,1,0,0,1,0,0,2,120,184.77
1401,9cf89ddf4c09559156252ae2ba510945bc8df4f3,0,1,0,0,0,0,0,0,157,34.4
1402,340c305e46103fa33d212de2960b82a79980e91c,0,6,0,0,25,0,0,26,1655,625.21
1403,eca73764ff1a92069939fe95f0c3babf6d02805f,0,8,0,0,72,15,0,3,1482,434.52
1404,23b613b8e0192a979998e20a288ed7078d559ad5,0,6,0,0,36,14,0,2,1341,477.04
1405,a536eb6a6df49a934a873db72dd429dc3c0a7e21,0,3,0,0,29,1,0,70,1245,444.19
1406,66d27b7811ea616a0dc7b2d28063930f1e397c8d,0,1,0,0,0,1,0,2,257,112.97
1407,4cb840f61baebf394faa6cf5a57a5eb7d50145ab,0,1,0,0,0,9,0,9,148,96.52
1408,a06950d7f8c559e56e4b6ba2141cfcd41c1d9372,0,1,0,0,4,0,0,1,174,113.17
1409,01676eb0a13642eda134e79e990eae80e561a909,0,1,0,0,0,0,0,0,27,14.77
1410,d30864576ab08c68b42927e3ef6ce378331d5e0a,0,3,0,0,11,10,0,14,662,323.51
1411,f0727148f3def3e5972e742e1aae77777951ebca,0,1,0,1,37,1,0,3,161,237.45
1412,a504d4a538587ba3a40b5999531d7707adbafcee,0,7,0,0,53,54,0,19,2012,572.48
1413,e7831894778a629fb0ea9669897f6ac34da91f4b,0,1,0,0,0,0,0,0,226,35.7
1414,aa2fabcfbdb12cfcabdf651f647ec5d18af6696a,0,2,0,0,16,0,0,8,280,157.54
1415,e68b9038b64e1b3ad8068541216baf17da23ddde,0,2,0,0,0,0,0,0,518,92.64
1416,c5e1404f422eccc9bff012a55f15804b4b262e50,0,2,0,0,77,41,0,28,183,243.89
1417,5cc68c612a5eea82d5d345bb5eb0e18eed0cc586,0,4,1,0,0,25,0,10,1105,270.01
1418,8422d8888012e0fc44b7597a13159ed2424ee324,0,4,0,0,4,25,0,5,508,233.7
1419,ccda7445d7ca6c363885ba6bb2eaa8114e39d1fd,0,2,0,0,2,0,0,3,395,133.56
1420,a4a84ac353e53fbc342e721019b6642088e1890f,0,3,0,0,0,8,0,0,410,241.31
1421,9f34e38d1dd267cc48079c20018304ead2be3573,0,4,0,0,11,0,0,0,686,219.45
1422,be4886233a76cc531537d7840da74f737ac64257,0,1,0,0,52,0,0,4,61,92.12
1423,182fa7db76661e22803f1cf065f07fbd463cfd97,0,4,0,0,62,9,0,78,1432,512.23
1424,0ca8e653b7f3435016e80bf59b5bd2ceb313393c,0,1,0,0,0,1,0,12,463,123.8
1425,63bb42dcd205507ad10bb8586b204c8b74b1f841,0,1,0,0,2,0,0,3,121,83.18
1426,6a39c855cf27d36c18ee7ce2f672b1abfa639fa0,0,3,0,0,19,34,0,27,288,262.16
1427,c28df98fb80969c507fc1eeb0495e5ee545ee5b5,1,1,0,0,3,1,0,5,120,164.92
1428,6c1c231547329558e92d9a9000ca938767732d07,0,3,0,0,34,10,0,6,325,182.6
1429,d498b59e9171fbdd6c916d392f03d5e56b17b19a,1,3,0,0,18,1,0,1,367,265.06
1430,a41aa99109014d6b24d23fdd7e42dbd6eb9edf37,0,1,0,0,2,0,0,7,113,84.84
1431,663bde8c52e3cbab67bcc71b1ddb74868ad6fd25,0,2,51,0,0,3,0,0,348,1511.98
1432,3e9d44b38f4c0109a52cdf19c78787487ccd5d53,2,19,0,0,117,201,0,44,2676,1120.78
1433,b20a3aa6c9fd2597c8d264a0a30a7d27aa30f709,1,11,0,0,126,62,0,53,1676,733.19
1434,8ce61068e885bb66969199a673eb7267209a7715,0,9,0,0,257,194,0,21,1622,850.65
1435,248949ecd6ec06e8101ae73879d3d2e36090ad5b,7,16,1,0,44,453,0,12,1338,1064.83
1436,4241b22e30149871125d49962c16362ca0ff4ca0,0,6,0,0,86,54,0,32,1443,536.3
1437,3e355199a99b6af8ccec4ecff8db7bab61b4c551,0,6,0,0,0,3,0,1,1526,294.78
1438,ee77191a6aa55d6afb442c06eeec1b96970f575d,0,1,0,0,0,0,0,0,439,63.07
1439,5b832f7c5bf4a32e5d55b471fb8313396d0738df,0,3,0,0,95,166,0,19,222,259.48
1440,32344b62cb969b3ee9fc6d2cb7c08ed4849366f4,0,6,0,0,48,0,0,0,1526,507.97
1441,aa7c09958f4c9888b1216b9e5cd07314a080239d,0,2,0,0,2,0,0,0,686,128.04
1442,5da5783b92ac8c1456821a9c31b612314cd8790f,0,10,2,0,2,89,0,18,1584,623.29
1443,fb2c4a2ba95d95fc8b4df9448b8ab62eaeaaf56a,0,6,0,0,0,0,0,0,1576,234.1
1444,57f579a879fb2cd4cf1e7f17e415939df582eea1,1,0,0,0,0,0,0,0,0,67.94
1445,556572f1a601d9ed1e2a421067c78d5938b30009,0,2,0,0,3,3,0,0,72,84.45
1446,9a8342af7ea6d481f76c3e045ec5d3f82a16186c,0,1,0,0,133,36,0,7,704,231.25
1447,1cc8e19b36cf71419c7bb008ce10da9f80b92058,0,2,0,0,15,1,0,1,74,149.56
1448,548a05be978f89f76266b66f07de5f7ca24b355e,0,1,0,0,0,0,0,0,60,19.74
1449,79b1601ccff16835c9b41609d0644086fd7859e8,11,16,0,0,6,0,0,0,994,808.87
1450,f3ee1a69034a93335eb695023021305a545ab4b8,0,4,0,0,25,8,0,10,872,352.14
1451,31b65cb09b6b0f58bde9c7c0351fbb2a8b1130e9,0,6,0,0,20,20,0,0,1419,290.17
1452,75c9c124d2eac42c5c1300ade85f001e08b59e1b,17,10,3,0,75,285,0,18,1044,1750.4
1453,0cd638bcedee704af49c01844e5d7a190953b338,0,4,0,0,0,0,0,0,844,152.45
1454,a69a3bdc9f26c8b733d6ccaa9b7d8e48a96a7154,0,4,0,0,0,0,0,0,844,134.68
1455,3adda890b398d85d817f531842ffed1fc4ba6530,0,9,0,0,8,8,0,0,1701,338.69
1456,f82178b35791c4f06afd9a4dd7e606bc5f359c8d,0,1,0,0,0,1,0,0,499,96.52
1457,7a9e71f1047276c7898968825ecd16c15a5bbfc6,7,20,10,0,70,73,0,32,774,1477.04
1458,9034a54e63c66a9e79f457b926931af88f99999e,0,1,0,0,0,0,0,0,458,76.73
1459,245daf16e1591b27abd619d93992979a866e7c4a,0,11,0,0,32,19,0,7,1077,483.68
1460,249358b91a058dbc54afe464aa8057016a4e24f4,0,1,0,0,1,0,0,2,126,199.84
1461,dac63173672da25884dec32cec655b824a8e887a,0,3,0,0,347,0,0,7,44,246.25
1462,7d85f201d0511a66c59492c1c1557620253c987a,2,6,0,0,73,167,0,17,712,580.53
1463,e6a1cccee4f8cb5e885d853c54680a66e496a6bf,0,13,0,0,31,2,0,8,599,516.86
1464,ca0c7c62fc87df08fcaefd0a8e093c6bc2d31fd7,0,1,0,0,1,0,0,1,17,66.88
1465,91a3530c89f11e0b8f394a530225e524ad955500,0,2,1,0,55,4,0,5,363,192.49
1466,1103ec2000a3cd8f0a0c450e5f2ae52ad76a1d10,0,1,0,1,5,0,0,4,89,134.22
1467,805a014a45e4951143e8377a690a7b394706ef7c,0,2,0,0,8,3,0,1,237,161.46
1468,86be814637ab676cf49f35ffe39b8bfb702ab312,0,2,0,0,11,7,0,6,495,171.46
1469,eb999a571e12a58c5163fe4867987e630ecf9589,0,3,0,0,104,1,0,8,258,223.93
1470,31e66590fdbbec663478b4e0e63a3c67f941e36d,0,1,0,0,6,0,0,0,45,47.31
1471,3912a967439a7e4a31a4563811c2e3a4d2ed47a6,0,10,0,0,30,22,0,17,788,679.83
1472,09c443fdc5e478160e556b7d253a7b952762c535,12,0,0,0,0,0,0,0,0,735.07
1473,b84f04bd4421177d4eb2c20eae6d3f9370e6b6b3,0,1,0,0,0,0,0,0,541,77.27
1474,dc1cdb41f9ee89bc807b2a4d49b56d6d3e336d22,0,1,0,0,1,0,0,0,61,48.41
1475,e1f8f60d8b6743cf1718ae626abf81a554e8354b,0,1,0,0,0,0,0,0,82,20.69
1476,52adce0356d88e834ae3c80c3f8db618b98ddf2e,0,2,0,0,5,0,0,3,597,157.31
1477,3824e64f354ad726faaa6cd1925690bf6243f14b,0,4,0,0,0,0,0,0,626,103.21
1478,b3af7c55f75a5ff666f43fc54fcb679805475056,0,3,0,0,1,0,0,1,278,109.92
1479,10ba38274feb9756c22541aa2ecb4cb0dde5d305,0,1,0,0,38,37,0,5,65,131.68
1480,73bd45ec956199f675bfbb571ce858b93d0d0ba5,0,1,0,0,0,0,0,0,332,158.25
1481,1936afc6d65b5eb8219215a83ad9b72040f5a33c,0,5,0,1,9,0,0,7,1273,267.18
1482,330142690e5d3f50150ea5d9e139c15e7efd5ba4,0,1,0,0,0,0,0,0,261,40.57
1483,754881bef52bbfea782a8a4177231df00e5ec593,0,1,0,0,0,0,0,2,261,65.15
1484,ea1201731535dd0a5f1d6d7610c1134af50a30d3,0,1,0,0,2,0,0,1,51,88.23
1485,506f305390e90eebc9fe900bb3c7e53abcb76a07,0,3,0,0,12,1,0,14,931,307.93
1486,1216d33b6c9789032363e0aa9f95894ad4ae88ee,0,1,0,0,3,1,0,6,132,112.04
1487,5a805a89a095d74791e253842648419f8a1d8ee3,0,1,0,0,3,0,0,0,410,89.29
1488,0611b19b9572c6cba52b46607d64731192609ff1,0,1,0,0,0,2,0,0,14,35.94
1489,2f16e490baf4cc48373923c59ec0c88b393a856d,0,1,0,0,0,0,0,0,332,52.64
1490,196fa56307b13e5a81331a0e651ec1342a421b0f,0,5,0,0,33,9,0,32,623,507.4
1491,44e14f6abb22ea8c5969ef2b38bb3d5f68e5963c,0,1,0,0,0,0,0,0,0,9.08
1492,ef78fc49b58cf0e684704f2a262028b98045f4e3,1,5,1,0,7,22,0,20,1315,558.87
1493,c6ece443307a4ed4eb065dce34f02ee3fa95f2e7,1,1,0,0,7,0,0,7,73,147.14
1494,b0f17dde8560da5989a34b979b8a2b5f9ad9e74e,0,2,0,0,6,3,0,11,311,163.31
1495,90949b3350ed872d273234e92d2cea49235d36e6,0,2,0,0,27,25,0,25,302,211.42
1496,fd14cb3576c6ac73ec67157d2b533fe449009a54,0,9,0,0,263,13,0,139,2288,917.01
1497,7d02e5e2b65d067350d4ba8904053b739f9ff422,0,8,0,0,13,150,0,61,2249,726.94
1498,48b66dd9c673f091754fcfb3c2eab4a9a8e54174,0,1,0,0,0,2,0,4,160,90.05
1499,f0b7ee3adcebe4d911e383de4e55783f9dde208a,1,7,0,0,26,15,0,8,679,372.38
1500,50af9f7f5c8c284942d04d72e4e41676827f825f,0,1,0,0,0,0,0,0,110,138.06
1501,2ec24808ef09ddf5108dc9cc8e88764e8e83acc3,0,1,0,0,16,16,0,9,493,168.43
1502,21b9d7485fe3df950479157067bbd1da306592e0,0,1,0,0,0,0,0,0,509,65.77
1503,c0cc062cc11ab3fad136cc8354f6e8c27c46585f,0,4,0,0,36,6,0,10,486,261.25
1504,2f67b4a4688a1bea53b251b875ee5946a5554e33,0,2,0,0,0,0,0,0,28,19.33
1505,7feff8927afa6a993e0aa020558e8abbf3b89612,0,3,0,0,17,0,0,11,666,232.29
1506,9c7664dbee5d43b0788b8fc422dd58f12a58c110,0,3,0,0,8,9,0,7,1210,326.16
1507,11285c179683de818c7abf33b62e1cecbe39e89b,0,5,0,3,122,3,0,0,183,305.03
1508,b423a8c716a2e126bd2850737ffa22a63f67e69d,0,4,0,1,8,2,0,1,225,150.57
1509,204b7c8c20d438ab2f25c485cc9318bc898b48aa,0,7,2,0,23,12,0,22,1631,591.95
1510,cb51fd9d3c8da4ee7d68545b6c6d960fd8309a9c,1,3,0,0,0,0,0,0,712,168.75
1511,c64131efc4a3e3d196d2713f6d0008f05e682b33,0,2,0,0,38,0,0,0,833,203.06
1512,22e7291955f490a61a2edf53824c5140e7aad1cf,1,2,0,0,1,0,0,4,151,141.03
1513,3680e27791b95e315dc404642337feb7c796961e,0,2,0,0,1,0,0,0,154,62.86
1514,83d2dfef47001c4f8dca354675303e9cb5cbe823,0,1,0,0,0,0,0,0,413,55.61
1515,4b8dfa74945f3e4a7cf820c0edb576b3adc39321,0,5,0,1,232,122,0,18,646,473.66
1516,92ebdbd0cb89cde2dd1d1171a1f96c6709c27178,0,4,0,0,12,6,0,3,231,255.13
1517,f7ea8e628d98198c41da655fb13165f96f62aa22,2,6,0,0,12,217,0,2,580,463.51
1518,a5267d517d958a40ef298fe032a9a7d76915ddae,0,1,0,0,0,6,0,23,175,91.27
1519,07aafd17e6fd7a46d08b992b52e1ae23f812bcbf,0,5,0,0,14,4,0,6,576,366.31
1520,80098e11cc55753e4721102e520887ffd22d5e22,0,1,0,0,0,0,0,0,110,128.72
1521,f0c64bfd789c321871e34d825c13802bca1eb1d4,0,4,1,0,17,5,0,2,491,200.08
1522,858666deddb0eee9bf9d1c675b66b656a65cdac7,0,1,0,0,8,0,0,8,308,113.56
1523,28551bf1db31af90bcf9d8df936da57e7935d2ea,0,1,0,0,14,0,0,2,190,97.84
1524,4a2abd4495c1e88d1a71fac1e470b408ea25ef07,0,1,0,0,0,0,0,0,105,24.49
1525,7a89de05f6f683b4b95aaec2c7b1c727a21c94df,0,12,0,0,74,21,0,20,1136,611.55
1526,dc05b6fbef3d75707c1e3039ccc80d9ba3b82dfe,0,1,0,0,0,0,0,0,62,17.94
1527,7576c86469d33129d39a47f4b9b4f5aed4532ba5,0,2,0,0,43,2,0,17,238,179.56
1528,60d3d3adf37de87c9a30807ac87b6fb9198af194,1,11,4,0,175,250,0,39,488,936.93
1529,894ed5fb8853dabade94ba2903ab17a1a594b72b,0,9,0,0,16,0,0,9,1214,386.21
1530,e94fd90ee8de2294b788794a8b56d4cda5e15e30,0,16,0,0,204,110,0,141,2403,1192.93
1531,c2b45d7d661d4a2694e7cb15999eba4aa399c5da,0,5,0,0,34,24,0,0,544,289.3
1532,fb8b77d4f39eccec8d06d366b4d95a6b931560c2,0,1,0,0,4,0,0,3,22,78.54
1533,295ce85a2d3bd40265d54ef5b2afbfb1ff6a3241,0,2,0,0,1,4,0,4,244,161.9
1534,f9a690483636a5137e2b38a77ca59ad56d8c474c,0,1,0,0,5,2,0,8,50,111.57
1535,d90d06e851f9fb6882b05d830b47d699f4d8d077,0,1,0,0,1,0,0,1,541,133.8
1536,3641a09a275a31f3caee6e2a65e2717249e2738a,0,5,0,0,48,16,0,24,981,511.23
1537,88833e4131a3fa7dc12e414d5313ba24713a5fda,0,1,0,0,0,15,0,3,40,72.46
1538,bc1256b4cbe9636db91ed4579d09ecde7767fe5d,0,2,0,0,0,8,0,2,123,92.85
1539,cf7ad57a4b45492155b0e997d040890facb67a05,0,4,0,0,70,1,0,23,1146,394.68
1540,9f5a8a63f6ae1baa7b6ece839112364e2e5d2455,0,13,0,0,94,146,0,41,1472,1022.84
1541,6a5056de351cb027fccbbd62595000c0d6023520,0,1,0,0,2,0,0,0,370,90.71
1542,c8de5b9ad11c54e5918d74dfe797e09600c81274,0,2,0,0,0,3,0,5,567,201.21
1543,11359905e84ee48fda9541af1ae0101a1d747c32,0,1,0,0,6,0,0,8,371,131.0
1544,b7daec08868f0cdf58cd6d7f07eb783029884c9f,0,8,0,0,34,2,0,31,1073,556.04
1545,7956ed21a29a08d0fd8c0129880316508760e700,0,1,0,0,0,0,0,0,377,59.68
1546,f5417d735cd7589e6848c268407495b685050a7c,0,1,0,0,3,0,0,8,377,118.69
1547,64ed7d5184fa8c3cf121ee14b78ed719d3356170,4,5,0,0,18,5,0,1,1109,564.49
1548,383a832b272ae2cc01f6c68cd5054c20cd9eba70,1,0,0,0,0,0,0,0,0,55.5
1549,f35feb9db91a7db3598591a03f88d04cddf6746c,0,16,3,0,114,193,0,27,2723,1043.15
1550,57c663804870853b9dfa1df31aae432a398dffbf,2,3,2,0,27,1,0,6,171,354.54
1551,bd41a87c7167b5c75ead62217ed74d1c99d57367,0,3,0,0,12,25,0,1,264,235.42
1552,ab80d8b9e1208bff0fc8d5aa81f41dafecf4856c,0,1,0,0,0,0,0,0,133,24.3
1553,9c4b0cba84ae091538cd079d26c246b5fe844bc8,0,1,0,0,1,0,0,1,36,72.91
1554,411ca70a8bbfe8c08b261cc9ba26f7413f2a719e,0,4,0,0,9,2,0,22,796,372.74
1555,aa0379a754ca347cde8d260bbec6791bfba3a37e,1,3,0,0,14,1,0,6,181,253.65
1556,b7c2ca90eeff1274ccc95ed8f40386e85061715c,0,1,0,0,1,0,0,1,36,72.02
1557,dffd3c98325600d123be4aa86604cd4b3e0b9e2e,1,2,0,0,22,4,0,14,91,186.52
1558,6eea6e4ae0ed77cba7c2043248308756b2fff83b,0,2,0,0,1,0,0,1,113,85.04
1559,9cc2318d100337952cf080380e52b4ce3a619595,0,1,0,0,6,0,0,21,427,124.11
1560,2d820e4a9a609d9fd323c0f5683397b528108ff2,0,1,0,0,8,4,0,6,26,216.73
1561,9335efdfcc891e79172bcc7cc6fd65bbed86aadc,0,2,0,0,2,0,0,1,107,90.03
1562,401f2f519329d9b50a5fd4cde1a0347a367fb3f9,0,2,0,0,5,3,0,0,165,93.17
1563,6ede56c78f07af437a38eccbd7153c030ad87486,0,1,0,1,0,0,0,0,0,15.61
1564,8fb9db26693f271429039fd46b54aa3765c93ae8,0,1,0,0,0,0,0,0,31,13.29
1565,6e5da519a757a58669af76e386c9784063f37ec6,0,1,0,0,0,0,0,0,130,23.68
1566,379acaecc55c109501709ab60aaec01a53157569,0,15,3,1,90,17,0,16,1724,868.98
1567,59a53fc37ee684a7066ce750b7fb26fb8974b1f3,12,0,0,0,0,0,0,0,0,695.23
1568,1c53d5aa7da8730bdc610ef4e9482ef80cf51712,4,10,0,0,19,67,0,7,1252,666.35
1569,8dda08702eb3dd8b6c472ddf32baba1ffa64bb9f,0,4,0,2,11,0,0,0,544,330.48
1570,c7d4cfa7173eca0825cdd138965bcc9cd4344527,1,6,1,0,59,17,0,13,790,508.53
1571,e083ce8fa478fcb100154674aca7b32b8161e146,0,4,0,0,28,0,0,23,458,270.8
1572,52a19f84ab83c2523210101ef97e724879d17ffa,0,3,0,0,24,1,0,25,297,245.08
1573,f0beced8a1642c3dc958b5f7c09d81e4f6b91b3e,0,3,0,0,0,3,0,0,148,68.48
1574,1d6f64dbe4f834bf04b8b680604f1e902f901604,0,11,0,0,38,0,0,33,964,522.99
1575,a1b669f59542bb2b7be9b9fc221f3ee97871d189,2,0,0,0,0,0,0,0,0,111.27
1576,382858cfc279897390df353d5e9a87b1a150c4a5,0,3,0,0,14,3,0,1,174,171.8
1577,31ee3034e6b3e9edb067964c89286180230ccd45,0,2,0,0,11,3,0,0,49,117.27
1578,032d5afb588a661bd217cc10a891b0ab2daf7c00,0,1,0,0,0,0,0,0,42,14.81
1579,7612fc74577a09110e65e15924c3e9f56c99ecdc,0,2,0,0,0,0,0,0,220,47.63
1580,f0e92f17dc667e514fa14bf11ad0461e536d8717,0,6,0,1,1,0,0,1,179,239.36
1581,1cc94d23533a020bf91118ef21ffef54143744a4,0,1,0,0,3,1,0,19,125,117.18
1582,c1241753eb74b0fbb2b84ce76b6ae5be30477118,0,2,0,0,3,0,0,0,160,69.47
1583,7e029eb52a4eda0ae20bd73a81e61959297b181e,0,3,0,0,13,0,0,17,270,176.78
1584,ca08872d28ccf266b89ce0e228cb5260927a1121,0,1,0,0,0,0,0,0,206,33.82
1585,078e87f3a705c896d5196adc9460fdb3af427edc,1,7,0,0,21,75,0,5,214,387.12
1586,6e14c1fd8fcacd04517f1b11060f9c77e94bfa6c,0,7,0,0,10,0,0,1,381,174.42
1587,b3114e26bd9ba5f9493c296a735d3585f371c2a5,0,1,0,0,11,2,0,3,69,112.66
1588,8556577d2193add5f78b1dafa71538dcb0602419,0,2,0,0,6,12,0,0,278,106.28
1589,440a46e12154b430b32f90791baa5ba990a304b0,1,2,0,0,16,0,0,2,96,181.17
1590,a00eba6b64cc3e86415a4cbb93293b0c3048b3ed,0,7,0,0,39,9,0,3,430,391.13
1591,ea84ab28962cef3fd842c5049f75ee3c72d16be1,0,6,0,0,10,3,0,2,165,204.5
1592,fc045f3384f2e0bedc91e7c6057754d470ef189a,0,2,0,0,0,0,0,2,317,107.01
1593,fbe5d5b67f6e22b28b549f42d661dbc0f1335019,1,5,0,0,5,3,0,3,315,245.39
1594,a1cb0293788e396aeb27fafccdf655cd57e7394b,0,3,0,0,1,0,0,0,333,98.36
1595,b592333de0007a459fe217edf881bb93333e17be,1,9,0,0,38,6,0,8,453,429.93
1596,16e75684c0d3d3fd796aa46812b2b51c43aba367,0,2,0,0,17,0,0,0,55,93.46
1597,640df79805ffd767041fa08498c7a5c96ef9c217,2,12,0,0,79,4,0,4,1616,745.54
1598,50e4594c9dc254913d1acd5337f64fb517e8410e,0,1,0,0,1,1,0,0,153,83.98
1599,69ca2d0add5535bdf528464b14f1b3bff874d282,0,2,0,0,13,1,0,2,63,116.62
1600,7735018a949db3cb262ecaeee21039a11eba6265,0,1,0,0,9,0,0,1,51,183.26
1601,fbcd4a41af838e1d63964bb3dcfc676cc6e2e503,1,14,0,0,0,6,0,2,348,267.71
1602,bc4da6052c60f95bb7560a3bc6d573a95169a876,0,8,0,0,57,31,0,6,794,543.09
1603,9681b84ef29f54b6d528c5649be0b6aa4f3434d5,0,2,0,0,0,0,0,0,147,30.06
1604,5b4e8f7fb1074dfd54e7103ca6c5e2c59823532f,0,6,0,0,36,5,0,22,1013,461.78
1605,97040bcb25b521e7628ae08340f5858403b7c2c9,0,6,0,4,0,0,0,0,437,175.21
1606,9fc032f37c73dd486016f4677498ab02a555c446,6,0,0,0,0,0,0,0,0,314.82
1607,0bf3ccda984f7f3c8c1de390d0d61f2ef8fbf088,0,1,0,0,0,0,0,0,165,42.32
1608,11f8f1460f3b94901bf8c10f43c3b3d420dc4a07,14,30,0,0,94,28,0,22,2584,1913.13
1609,1756f353f60bbc7224ef9e329f91aa586b75d813,0,1,0,0,0,0,0,0,159,30.85
1610,e5e7cdd8b50e7bd86352e4883294ce68b43ed5a7,0,1,0,0,0,5,0,0,90,47.32
1611,f9a42e7ce7975116f7db0d9a914c4c6be47283db,0,2,0,0,0,0,0,0,692,99.28
1612,b0040bcd331f138e3cc2660bfc7f621b12aa1b8e,0,1,0,0,0,0,0,0,159,29.42
1613,63f07f600857abb4e960394c1fbf4774fb150d70,0,7,0,0,51,6,0,18,831,441.93
1614,4bac7a54370f7dff313388e0369058402a44d180,0,0,1,0,0,0,0,0,0,32.84
1615,7745bdfb25609e93fe91839990ab0cede6e60632,2,19,2,0,79,117,0,11,930,1332.05
1616,2aa93503a2d954d06f9c2efa4f0d7498843fb564,1,18,1,0,0,0,0,0,987,271.27
1617,6534ac6c0128340a53656fc23f73f96fc5c5c184,0,5,0,0,0,0,0,0,286,58.04
1618,685423972ec4d00b584afbff6c4a92c63d7e05e1,0,1,0,0,1,0,0,4,31,78.0
1619,06d9299d82ecb31bd20dac4107425aa5f53124fa,0,10,0,0,22,5,0,13,1353,617.45
1620,83009e73ee1ee3689fbb05b5bdd56394ca8cbbbc,0,4,0,0,15,0,0,17,718,461.66
1621,6586bd28f0fd02088cec5a7b62dde76040b7f475,0,4,0,0,0,0,0,0,167,44.68
1622,8bb492850e66bfad147b60561c60b1e56216fdad,0,2,0,0,42,0,0,3,101,163.29
1623,2c0132ed81940a7bcdad256070803e2f86b4a95d,0,2,0,0,10,1,0,7,142,181.82
1624,8427b4477adce1cdadb5fa1a881248340bfb174f,0,3,0,0,25,1,0,27,221,239.06
1625,b449b60b165c6cb54df122a2a9dbed4f3c8c2215,0,2,0,0,15,9,0,0,238,141.2
1626,dd15ef00c9161a7ad5c2305429ee8c86cbdf59a6,0,4,0,0,14,0,0,15,1338,299.58
1627,c965c9a56f3922006b4cd46dcce6a3ca6aee6b3c,7,0,4,0,0,0,0,0,0,582.84
1628,82b46008df83ef1397ee97f5cc60c1b3836f2e23,0,10,0,5,0,0,0,0,608,263.34
1629,b8fdb354f9ab059192c8030d45d8638507feaad5,0,10,0,0,41,5,0,24,1887,647.63
1630,c1ca650d848545575947342d7196bc173024132e,0,4,0,0,0,23,0,16,601,249.37
1631,67816468e793b0295281d85bbc6b2bd39f43a8d0,0,1,0,0,11,6,0,6,120,116.71
1632,46c992b19db470c04b1ea61220d66435f6bf9a53,0,3,0,0,16,23,0,3,1159,343.99
1633,bdeab0f61cdeec05fb7cb6fcd1743b27a915d6d2,0,1,0,0,2,1,0,1,130,114.56
1634,e441729b458fff3d0fb59d51d8360104590152da,0,20,12,0,0,204,0,109,2787,1557.48
1635,abb1f240cb294e88e5930fe640089da9f0260fff,0,3,0,0,5,9,0,19,392,166.17
1636,75f4c657df41d6a45692af4b6176ed096439b8b5,0,2,0,0,2,0,0,2,247,103.84
1637,aa7ba03dcf6227039a174707466b4be065afd7f2,0,3,0,0,6,3,0,15,827,255.89
1638,b8f487b7f116963f4e8e82bfc1215fb709207163,1,2,0,0,42,2,0,15,566,270.26
1639,7a66df4e67f8625937b5b7e375252438af5d893a,0,6,0,0,5,5,0,15,617,305.43
1640,e11ecb5fb4b54d169a7d4b27a46617ae0deab1aa,0,1,1,0,0,0,0,0,3,161.31
1641,cb70ce978fc74d7f33695364fbedcc7aa1cf28b6,0,2,0,0,2,2,0,11,608,177.2
1642,4a1af10b60d4afa169ea700f2c4d387131643fc6,0,2,0,0,8,0,0,7,315,177.32
1643,5976885f0f2f19ff58c48115cd68d6d0f0443cfe,0,1,0,0,2,1,0,14,440,144.7
1644,ad143f9b8ea57584cfe23c184ac840ef02fd6f55,0,4,0,0,8,43,0,10,1068,309.45
1645,8e119738dac7a59a5f8811a2cd8e92c02c34270b,0,1,0,0,0,0,0,0,175,33.33
1646,e2b32b4c6dba0c2e582e58008cf505eb03beb85e,2,15,0,0,7,0,0,0,939,359.28
1647,1b31895fcd3d1cbd4b38f331b33acee2486ef1a3,0,2,0,0,8,1,0,4,51,137.53
1648,ae392a4e46d78be0afd0973961727394c991947d,0,2,0,0,22,3,0,0,68,83.69
1649,3439d9531c706c1681105e03450095aa83929a9c,0,1,0,0,13,0,0,5,15,75.48
1650,6fc400e3ce6cf4028fa9443f3d3354ff40ec4137,0,2,0,0,21,1,0,0,89,120.32
1651,0e1ac6f22471aa6235ab2c62dd0cb52ed48f2d2c,1,2,0,0,0,0,0,0,84,82.03
1652,25b43faed83b9ef38481bfac0f33019c5ddb2712,0,1,0,0,11,1,0,0,53,78.24
1653,17bd3a92542d3abd4de2f5119926b2fb38690279,0,1,0,0,6,0,0,0,64,55.95
1654,f6ee1d010e5d68309986b33b9d0baacc00b247ec,4,0,0,0,0,0,0,0,0,27.72
1655,3634e593ad69fa59665dc899a944b467dcb0d413,0,3,0,0,19,44,0,2,523,274.01
1656,d03c4bfaf1693c8178879ff2b54740e67af15114,0,5,0,0,11,2,0,3,726,285.62
1657,49ff39a68becf99e0d2b1f66af9f7526d4b68c77,0,1,0,0,0,0,0,0,178,32.97
1658,8ed0bbbe5626b9259e427034da1fa67454d2b734,1,1,2,0,0,0,0,0,154,207.96
1659,6fc1fabd3f2ac9bb23ea18dd838f5f8e81c5e624,2,0,0,0,0,0,0,0,0,200.64
1660,fe81c0ad6c32d95d41dc08a61b66ee1fbaa69d39,0,4,0,0,24,0,0,2,111,301.72
1661,33e6f9dcfa10cb10949b1ed88e434f3efe04e815,1,4,0,1,64,426,0,37,191,452.42
1662,a593ae59e958df58af825bbf7a8e9548a78c1b4f,0,2,0,0,28,0,0,41,971,207.89
1663,4d5575d6c0c37d692e9ead41144d11028c16c175,0,1,0,0,10,0,0,0,14,51.97
1664,1e5a0ce4a8bbb9804765f3ab9b58ac2526e16e30,0,3,0,0,2,0,0,2,189,99.89
1665,9e1d287f99045264fe08a489cc24d6ca01c0fce3,3,0,0,0,0,0,0,0,0,159.07
1666,9d5caf44112a6fe64c000f14269c90e3e5ba662b,2,0,0,0,0,0,0,0,0,115.44
1667,a9cf13186c6171f4c26b2d80fa49147b7a667ec2,1,0,0,0,0,0,0,0,0,115.38
1668,907688c6e0035057ce370ad51b51f17484e621e6,0,50,0,0,4,15,0,0,1965,742.08
1669,615a1d1a21df9fd7f66de850fda9a78833e3968a,2,0,0,0,0,0,0,0,0,128.53
1670,f40bd6380f2fb0f4363e9149d0a055be1ddf9ff0,2,1,0,0,1,1,0,4,133,184.09
1671,a568f26ccbc6e90e6ee7a89eeffba76fede7a65d,1,0,0,0,0,0,0,0,0,66.24
1672,6df5e99c760e32af59eb347f356774b184aa34a9,0,0,2,0,0,0,0,0,0,73.68
1673,81858ebacab9386223f7d0875141f5dbab464234,0,2,0,0,37,0,0,0,215,90.35
1674,59c623852d56cc29746bff9ab0d7130760ac3ec2,1,18,1,0,254,158,0,199,2731,1497.26
1675,a7520d7b3bc8eacb5afc8002f71c3cf7d0f1dc73,3,0,0,0,0,0,0,0,0,438.42
1676,98fdb5b9e64552fb88a42509543af1ae9dcaf9aa,0,2,0,0,4,19,0,25,320,210.91
1677,929857c4fcb88e656d2d2183380b01b7a615f4fa,0,1,0,0,2,0,0,3,104,86.08
1678,c468e5b6178065944800f0b405973c8fc5c7c647,0,2,0,0,1,0,0,2,121,89.91
1679,e7b83faed241c325fc778ae2112ec36d1d664814,0,20,3,0,1,196,0,22,1658,919.88
1680,8b4bb97e8314cd3bf39436b857b5517685df4c56,0,0,2,0,0,0,0,0,0,155.44
1681,0b9691818fa6616d3c67ad37bc8e6b56e265f281,0,3,0,0,0,1,0,0,502,112.35
1682,f813451dc4bbd66b29c83fcdb3c15e6f3032da44,0,2,0,0,1,1,0,16,168,125.35
1683,f7e59dd1ada68ec27801965ad90e48fcda5b3e96,0,1,0,0,5,0,0,0,476,101.57
1684,fd1430cbba7f6920d0b3b66b6878f894469b3777,0,1,0,0,5,0,0,0,481,100.96
1685,053b38fc7b18af8a762e8227de16522ac2f97bfa,0,5,0,0,34,33,0,29,1691,549.7
1686,3cc7944c4c5aea228fa702b08c6f2a7ad12c2923,0,2,0,0,4,0,0,0,380,126.83
1687,fe7692958f1e4ee55cadb83cc86f1f64a80ce3ed,0,5,1,0,0,42,0,21,536,333.63
1688,74671451f17e7179ed7a4158f533396a5d495cce,0,1,0,0,0,0,0,0,87,23.83
1689,bd2ec5b8aa58afc1631cdb8f226627684ccca341,0,2,0,0,8,0,0,6,130,126.88
1690,c12df907fdb88ac85f4e59c01c22463ed94c299d,0,1,0,0,1,0,0,1,20,65.69
1691,1788f44546ec0169da6bcdedc40227f8f82231c9,0,7,0,0,64,16,0,13,1340,620.32
1692,dd8af6449cbf593fc50cdaa085db10a3941786ce,0,5,0,0,0,12,0,2,1094,306.03
1693,7c10f5d55d4ef4c6ce6cccf1bc82dc0f8d6216bf,0,1,0,0,84,50,0,8,65,136.23
1694,a75f00d854474b24377e9e064ebd07fd17b3868d,0,1,0,0,6,0,0,0,43,50.35
1695,576ebdbe5c085e184b78f7ffba16db7a3ebae853,0,1,0,0,0,6,0,0,102,54.19
1696,63621f050b0eed06104cf91fee0b6d7c4695330c,0,2,0,0,2,0,0,2,679,163.05
1697,0e33d78a9c730a8caed6237c686cb9c916afc002,0,3,0,0,37,7,0,27,633,317.95
1698,e96a418aab73665a2f0e9508950aa1a6d4208cb7,0,2,0,0,31,0,0,5,112,135.21
1699,ad7376566b2f76cee941cc9661880b873d8baac8,0,6,0,0,29,0,0,1,208,197.84
1700,4ac19c60363f804be21ad88a79fa60e1f280bf67,0,3,0,0,19,4,0,6,76,307.39
1701,d4371eaefe9a0c07e576c0611b5351babd130912,0,10,0,0,39,1,0,4,408,234.02
1702,bb6c3f408263861e92b404b17fc7a084b2d56b32,0,7,0,0,21,0,0,1,467,353.68
1703,a40822d21d64c4bd9a56877c0ba5d37c918a72ec,0,6,0,0,43,10,0,19,281,600.56
1704,8b7357a9d4d54a22a73ddcd320998eef24a07ea6,0,6,0,0,9,9,0,9,279,223.34
1705,18c7fad44274745ff974549bf8c0d9b5f9354cae,0,1,0,0,0,0,0,0,178,35.36
1706,02bfbfef754ca27019218421ba13a6cf65d7475d,0,38,0,0,90,5,0,10,2775,1723.67
1707,ffced0a1b674969e209587363fb20a9bc8b4fa66,0,17,0,0,38,40,0,18,1133,1013.35
1708,aec779939586e596355671506a16e748f32070f7,0,1,0,0,0,12,0,0,16,40.04
1709,d39f580eded8ec05fca4da107385a4d4c8502a7d,0,12,0,0,0,0,0,0,587,124.96
1710,fb106e071093837020c95bd6bf31da4728003a72,0,1,0,0,0,3,0,0,156,59.89
1711,602312db278db33d76b5e2674a08a3138e721314,0,14,0,8,65,47,0,3,1102,878.25
1712,d6de38989e986573a885ef501a15a85d388b6eda,0,1,0,0,0,1,0,0,86,52.39
1713,6e82eb476d34f5a502c3e7ee76a517d49c88eea2,0,1,0,0,0,34,0,2,144,89.48
1714,178705b08ac7beba64c4e59fc920ea4ed85b289f,0,1,0,0,1,0,0,2,110,84.57
1715,d4d01b065df4593555fcb2ebb19635faa9e58830,0,22,0,0,154,624,0,303,4425,2001.26
1716,1631c5bdc63b3365633ca76a2476c1e35c5839db,0,2,0,0,2,0,0,0,85,60.91
1717,e3f55977800bc91af75b192f815f6764452f8b58,0,39,2,4,104,19,0,114,4009,1219.83
1718,6e56ba304b60e1bd5a478e5c41eeb3b311a75333,1,0,0,0,0,0,0,0,0,59.71
1719,da181db879f49ae9a82a0fcaeb6ed3ac73a88809,0,4,0,0,0,15,0,2,417,167.18
1720,2cff72317a59c59d0e7a8d865a8a14e24c6d8d2b,0,2,0,0,0,8,0,0,11,156.72
1721,865338928c587ffb1be169c31874f46e374f82e8,0,3,0,0,0,33,0,25,649,160.64
1722,466be0795853ca89b89f5df6796d92e3574764ec,0,4,0,0,35,1,0,17,1057,440.22
1723,cf17d4ef004e8e0a0831bddb2cbb9a9276461f0d,0,3,0,0,0,0,0,0,222,45.33
1724,580254fee9c21ed450d494ec853b7312df5e2263,0,2,0,0,26,10,0,0,185,119.22
1725,5ee18a8d76ffef20a4fec79ead4129914290f7b2,0,24,0,0,0,0,0,0,1480,280.95
1726,ad7e826b3c3446443187cb542448a722d194dae5,5,0,0,0,0,0,0,0,0,295.33
1727,ec5ff80e551688a982817a8f1a104e912a7057c4,0,9,0,0,0,0,0,0,394,111.07
1728,a994d4625850ba53e88ccd106f431352516d521f,11,0,0,0,0,0,0,0,0,685.97
1729,777127b2f6414f1d7cc141c1802b3ed09a662210,1,1,0,0,0,0,0,0,6,64.04
1730,205e633e8eec101baf69f2b6bfa4e1f1db41a67f,0,14,0,1,0,0,0,0,481,127.22
1731,77ffc2f49fb953b8b4b4b31ffdf6a4c9194b3913,2,0,0,0,0,0,0,0,0,123.49
1732,b1c4c7e512cd673f7a66dc2db57926fb8345a0ec,0,2,0,0,1,30,0,12,125,180.02
1733,5712177128350b805593cea853e6de477d97c478,3,2,0,0,0,4,0,7,199,272.19
1734,239339baa73c1ccad8fa6475aadbcaedd4f9f9b1,0,1,0,0,8,0,0,29,541,143.37
1735,ed37570cf487bd34dad0f4bdbe64bef835e33bf6,2,5,0,0,24,2,0,3,175,369.51
1736,d521e3c2276d79557293b03e9f37b57550211e4d,0,0,3,0,0,0,0,0,0,91.37
1737,f15c9a0a70581b9178152d50576ceba1fe40fc3e,1,1,0,0,9,1,0,13,165,163.51
1738,1450ac05202dd62c5ec35127743612ea0d192880,0,2,0,0,10,0,0,0,55,57.53
1739,b25b9ffb013ec07855ec99eb4cb232786d539b08,8,4,0,0,23,21,0,0,174,530.83
1740,2c4c3f5b6c008fe83b7f6e6970c65842719059b8,0,1,0,0,8,0,0,20,516,233.1
1741,2d489ba47624c972a0243490f69fbde2e7bfd42a,1,2,0,0,8,0,0,22,585,302.32
1742,ab40ee4b2be05a47c1784c6b33f4a5ed6bde4df0,4,5,0,0,16,0,0,2,155,373.65
1743,b20325a00563f7cb0e8421101fa584c5e39ffd8e,0,3,1,0,0,8,0,22,1004,292.46
1744,1e50f3278d72aacbd6f05e01e93a4c9f45e4c294,0,9,0,0,0,0,0,0,494,99.84
1745,c6b9a6987a933f500a5e9f16b58f01d353b1062d,1,3,0,0,10,0,0,7,582,303.88
1746,dbc307bc0dc13449cf13085e45db3f4572fd6649,0,3,0,0,30,0,0,6,237,118.08
1747,40fa231124b187fc05ef60e0235aae181529c8a8,1,0,0,0,0,0,0,0,0,73.2
1748,d4aed45bfd813c7fdd7885a095fdf8c685b4fbd5,0,1,0,0,11,0,0,3,347,117.31
1749,071eff22e0a1c511c53e37ae3b1a58bc60fb96d2,0,1,0,0,2,15,0,0,50,86.25
1750,c7b7934f1707810960103db6f6a81704dbfca25f,0,1,0,0,14,0,0,2,127,86.93
1751,6126c9b0770da13d14d92f37cabe86e0f9dd9be2,0,4,0,0,11,3,0,27,1056,360.99
1752,c64c8079fa4ec088d202b6e5ffd4e9c36ede34b7,0,12,0,0,15,15,0,4,847,259.03
1753,fe80cf68e591f0e4bcbf4da76955b26387fb2861,0,8,0,0,5,32,0,9,355,280.74
1754,f1b1ca9f09ebc23cf9e0f68fa5eafc6b14c7f362,0,79,1,2,74,122,0,45,4508,2324.49
1755,1d4c6e79847ef1112dfc2042797d01f6aa7250b5,0,18,0,0,125,235,0,2,680,1138.13
1756,67e5b9f7ee36eab3ce0c45bd7258fb0d9c2b6276,0,1,0,0,1,47,0,4,167,114.39
1757,4ca3e1dc128df1066730e58bb5e460289df72d50,2,8,0,0,28,41,0,20,449,536.79
1758,14d21711267ba23734042e43bf38b428382b92a7,1,7,0,0,25,14,0,3,85,313.89
1759,172e63b75b7941756808e226e8e1b2cbfb2c15f4,0,2,0,0,29,0,0,4,197,121.04
1760,d144cd6715b8b9d04ce894f417b23d77c7922b4e,0,2,0,0,7,2,0,1,265,294.83
1761,648cc0c52474801bcfacb9da4552565e4f781f82,0,15,0,0,10,3,0,0,1026,374.55
1762,ee9531ffe4a40eaa4a65eeae842f7c6c1e398bfd,0,1,0,0,7,3,0,10,178,129.72
1763,ebeb03caa06bae8f022e3db8edb2ed65f5e2ba51,1,2,0,0,0,4,0,7,147,101.19
1764,01b43532f2b2d8c4a353bcdce8bba3fffda0a93f,5,2,0,0,11,0,0,0,66,322.89
1765,4c5c973a1477d121745d99792b5b81bab87c7cae,34,1,0,0,0,0,0,0,46,1706.26
1766,32fc54925bd7afdabc7a4d45fe0ecb01e4bfbd11,0,0,34,0,0,0,0,0,0,987.34
1767,1bbbc744fefa32e0129d55ab638e08d0deccd20f,1,2,0,0,17,3,0,16,573,258.4
1768,be7c418abd102abbf6c3ec000697c425c4066e96,0,1,0,0,1,0,0,2,114,79.35
1769,42955f6f163ec878f0bc415c758fc7173d4606e0,0,3,0,0,13,0,0,2,423,135.49
1770,8365d123e32156ff699d3fa8c255a1d9830d57e0,6,17,3,0,328,214,0,68,2986,1581.2
1771,9d45467ff03002e1f54850741df4b90b03d6f946,0,1,0,0,2,0,0,0,117,59.88
1772,14bc1b993453f689075099e43957ec2933bd44b0,0,4,0,1,64,33,0,48,653,418.12
1773,363fffa9a8a986b96d0274cd57d35db328248168,2,30,0,0,281,0,0,0,1892,1376.97
1774,1288fac1cf7c806ad7424a158f2e4dfb3772bb43,0,2,0,0,23,0,0,2,105,134.24
1775,884f589d2edaf74eadd97d578e10e2c9dc1766e8,6,19,0,0,6,11,0,4,958,553.64
1776,98708dca6f7ea253f5690f9c4e89ae4b12dc26bc,2,14,2,0,61,46,0,8,3000,758.14
1777,b14ec400e4f9d1286d4508cf28ca2ef7e432a7fc,0,8,0,0,14,59,0,0,737,330.07
1778,336ef26e256aef218ab72c8d6b5b4c599911da26,0,12,0,0,217,225,0,241,2222,1030.92
1779,c5f0721529281f1c97b6fb57101bd83b8ca590ea,0,6,0,0,40,70,0,51,1082,555.69
1780,6fcc0f47966e75585be63e755201aad25b9b8cf6,0,3,0,0,10,10,0,14,154,263.31
1781,441087cd74c2cd8de03293bf6d686a6378dce523,0,21,0,0,0,0,0,0,849,241.88
1782,e35e3421cb4ce23163ffc9a332c207e7faae4180,2,11,1,0,63,35,0,27,1742,949.16
1783,4da3d06093021d16584021baec2ce5b66acda6f2,16,21,0,0,13,0,0,18,696,1440.97
1784,6b9ab8df03fc81383658cb95f860316379799324,3,1,10,0,3,0,0,0,6,520.06
1785,299ee85dea5594e3c032aea0684f1e7c3d68a6e2,2,0,0,0,0,0,0,0,0,101.3
1786,08d4c21b86b171169c480b35a0d81162463ec507,0,8,0,0,162,143,0,32,593,699.2
1787,60cabcd111f0eedb071d2ff692f84b8c85a7c472,0,1,0,0,0,0,0,0,233,34.06
1788,5cffebc26d87ac06e690b7049d33e2b35a362008,0,0,4,0,0,0,0,0,0,118.8
1789,b3205afcef04fd3ec7ea54e16457a838dac52a1f,5,14,1,0,17,18,0,1,331,636.93
1790,76d2231a1dbef861afbbaf5ff69af9121410a924,3,18,0,0,69,230,0,90,1258,992.5
1791,8e65a80e895d3ef7912ccb5165a1134019bcc9dc,3,13,9,1,120,137,0,43,2536,1240.18
1792,ddc8c8de9f4f9710a9b659c5d827078db4515690,0,3,0,0,25,12,0,15,459,274.96
1793,b8892cab92bc330a8bdeb6b4feecb293bd5fbaa1,0,18,11,1,92,507,0,34,2882,1437.5
1794,ffbcf3f2c08292a70bbc85d63e063403b7659edb,4,23,2,0,1,0,0,1,2369,668.92
1795,280db9ec3998c86740abf62aac1fb8160be39733,3,43,3,0,1,0,0,5,5706,1110.59
1796,00c1980992d395574324abf5dd26a100bf618a8d,10,19,3,0,220,143,0,76,1995,1895.57
1797,427fae35851d5ed89a6a4c97a230cfe47a49d4fd,2,13,1,1,39,9,0,13,864,489.13
1798,6b8e2ef225063881fd0a9077f7bb95001343122f,1,21,0,0,295,156,0,216,2696,1652.73
1799,319c8c01a3cb35577b282917f1f84277ed526c65,0,22,0,0,478,163,0,335,5256,1888.64
1800,f07e0fbc1f89d67ef39955f689e8c1b81d57ef6f,0,1,0,0,0,10,0,1,173,189.74
1801,2a09d133dbf69749489b35e9a37d58ea98aabb4e,0,1,0,0,3,0,0,12,173,91.79
1802,68ef86ad5eecfdf69686b976598f235ea897b07b,0,2,0,0,8,21,0,3,179,184.93
1803,6591263c8871898f602d122aac336f2ad63bbb1c,0,1,0,0,0,0,0,0,144,24.54
1804,d6965cc20d10c519638d36dc888427d77551666f,0,3,0,0,24,7,0,12,242,239.96
1805,dcde786f143dc382e3991f3816e896c04b7b6737,0,2,0,0,2,1,0,6,204,129.53
1806,376b8af504e35d3638e3f172a86c872a8cf6c348,0,2,0,0,15,3,0,6,191,138.91
1807,f473a43155381185c5ac859732327955a7d699d1,5,36,1,0,108,36,0,16,1185,1487.16
1808,a12b62833fe7144390bbc052efbe43d524c683c7,0,5,0,0,0,0,0,0,134,47.53
1809,a33b0759f6d271e4aa254a22b0dd60b4e9c6cb0e,0,1,0,0,0,0,0,0,187,33.11
1810,3b8ae64d613c346c7e0d04419c169e46ad331010,0,8,0,0,12,12,0,7,760,438.56
1811,bbcab8a8328b8d62d24a0ca58a4f425141241266,1,7,0,0,6,5,0,5,1229,419.4
1812,df23a0c1dc6b41ccd661f518b3aa2fa01e399f8b,1,0,0,0,0,0,0,0,0,59.7
1813,47bfac05cc0e68d8a901c72b68a0d3580bbccf98,0,9,0,0,49,609,0,80,1365,829.16
1814,564f26e992e5657f697f396394af56596e409b4a,0,2,0,0,0,0,0,0,637,101.5
1815,a5746a76521118bb0f502fc1c1694f9caf2014ec,0,1,0,0,4,0,0,14,124,91.92
1816,768bfb8654ac61b941170b5767d44d20ea783ce5,0,1,0,0,27,15,0,4,72,122.72
1817,ceaeb05c4d25204db6bf3f57ad49a48ab3cd0c7d,0,1,0,0,0,25,0,42,468,130.83
1818,dbb28dbb64cd52bc634a6914b56521a053c67219,0,17,0,18,5,10,0,2,825,844.44
1819,8ee88461eee8fb6807310e6050fe53b8868d070b,0,26,3,20,0,0,0,0,1447,1089.04
1820,b7359286a90167c5eda121957ef02fe68de327cf,0,1,1,0,0,0,0,0,185,166.77
1821,8861997cff6c6d944d1a95570a44403c3d562f07,0,2,0,0,11,10,0,8,353,162.57
1822,8ed38dfbed4a58c909bc9ae33c2fc933c126b389,1,0,0,0,0,0,0,0,0,59.32
1823,ddaf77a94eac01adc40a281213ee22698bfa9d49,2,1,0,0,12,6,0,0,15,246.8
1824,00fadaf4fb899b260266b76c1dafafa7b785edc4,0,29,1,17,93,60,0,0,894,1077.42
1825,e6c037d9a6e63ff24857b4dcd71b05c6de7d6610,0,1,0,0,2,5,0,1,38,99.92
1826,8553cce2b4c849640c64956ea48259a68a60fe41,0,2,28,0,8,8,0,0,116,880.17
1827,5357b24ea9330cc7f84279147b15df89758cac86,1,7,0,0,15,11,0,2,414,368.67
1828,7f06e42be54056cd00d7f32f7294470ee50f7db7,0,1,0,0,0,0,0,0,21,16.48
1829,eb35c2d8188290455b19d5886b56d373a7ae9055,4,7,5,0,14,62,0,1,419,677.7
1830,fac10867953c525d69b86d0613e743c5bf8894e9,2,8,1,0,32,6,0,2,633,438.91
1831,a85e7f26463dfd54999028571b26142d43eb1366,0,1,0,0,3,0,0,4,57,78.17
1832,e324a2dd9930ff81853812c11828e028b067a7f4,0,4,0,0,29,0,0,1,1429,360.8
1833,f040561796d63838f1a04ddc3803f91752ee87e3,0,2,0,0,2,1,0,3,195,144.46
1834,5d5da2508f24b8dc72d7ddfffc41ec5fa188979b,0,3,0,0,5,4,0,4,362,201.78
1835,76e58e6011294603d0323018003c2f0abb4e9a91,2,13,0,0,59,11,0,12,980,658.66
1836,354968eaa8e842f228d3ac79b8dbdb14e9367990,0,1,0,0,3,0,0,6,93,81.66
1837,eb889afc71750b12a6966e4f5b5174cae628370c,0,6,0,0,13,80,0,20,433,402.46
1838,dc44b3f8fca1b6e07872c7985a54f9dd4401d35e,0,17,0,0,5,15,0,2,574,281.26
1839,69c1fc12079616a75ac51f90aed6dbfbefd586a2,0,2,0,0,88,0,0,6,859,224.86
1840,ef701d596f5baa4b86ed05efb402c10bfb217c49,0,2,0,0,1,1,0,1,119,198.76
1841,86fc7e3e0169758b889f75ba6d49402fdc39ce51,1,7,0,0,26,9,0,9,318,509.19
1842,8466d506f19b5791b7d1ea3faa4f46f1f940ea4c,0,4,0,0,95,18,0,2,105,214.9
1843,2a91f3f592fcfdc1c60c44b18c3d406843dcfd7f,0,12,0,0,0,0,0,0,606,130.18
1844,7cd906cc6f226c4bc1fed5dbb5e3741f73b8c575,2,29,0,0,134,151,0,18,2017,1621.05
1845,9a1590a43c5bba4da95b30f5f8eff550c0621044,0,5,0,0,0,0,0,0,205,54.85
1846,bcedcc0cfb34df78879cf40440c2293ffa4a93be,0,5,0,0,0,0,0,0,314,69.48
1847,142cd8093f7e99bc9865c362d57f8753c3f82c73,4,16,0,0,49,42,0,9,505,816.18
1848,416fc7134cd143e6f5ffd16f973da1691b034a4b,0,0,1,0,0,0,0,0,0,36.33
1849,546ad6c51a1ae80c2c72b96bc6b08e13be88bf37,0,12,0,0,49,43,0,11,718,706.0
1850,e8be883a017ce78d139c56069857c1245bd8194d,0,17,0,0,14,0,0,1,546,241.61
1851,f920633669da665ed81bf4bdbb1817d6814792dd,0,1,0,0,50,0,0,3,10,85.7
1852,11703ed8c0fdc0f37fc9c8590a0cfdc4ba5a657e,0,0,1,0,0,0,0,0,0,33.27
1853,e8345eaf4a6f7bfa88dc65fa799271a410dd3d99,0,9,0,0,29,0,0,7,265,364.25
1854,afd426997a08ce2e038ee5373625b188ace9e003,0,5,0,0,0,0,0,0,202,49.12
1855,ec22cf97ce8ce8d4de9aa362b80cb4a62da5b3ec,0,1,0,0,0,0,0,0,11,10.34
1856,040c694d3143f72e7b4a9f1f05c9e2f93b756064,1,1,0,0,19,29,0,0,33,126.53
1857,337804ee4aa64767114edce25af9e0d4a42a29e1,0,2,0,0,0,0,0,0,57,25.6
1858,3c43cbe348654da2ff6015bd77e95be321bd6f41,2,19,0,1,115,143,0,108,3860,1842.66
1859,c37caf7f43ef4a608e3c8d83623046434b8275f4,0,3,0,0,0,0,0,0,109,28.77
1860,70e9096e3a97baf7519cb04eedb865c0770586bb,11,1,0,0,0,0,0,0,14,646.9
1861,e95abd9095a468730f534b0b99ae6f8fa8e67be9,3,5,0,0,84,78,0,7,65,455.82
1862,197be3724cac942bfbc01f3007ff9b518d531a4c,2,4,0,0,2,0,0,0,85,158.74
1863,45c65f5119c0764b6c4ca6b833807c02031c9994,3,10,1,0,45,190,0,9,2499,899.58
1864,07eb00f2cbe248ca4e5c7c82d243bea3f792ed73,0,1,0,0,13,42,0,8,476,169.1
1865,1b9f6eed48bce677abe87ccd6e6040dd568fbb3c,0,11,0,0,193,147,0,19,2220,866.26
1866,86c4f3ce83808fbb4334f831f065cc7841f2b96c,0,1,0,0,6,0,0,4,532,134.32
1867,34b38bc78618ad068e356da57235c4d4769f1fd2,0,20,0,2,0,77,0,6,1132,453.61
1868,69ca0bbfaf7307a42d9b78269e5fa98d0450e3ef,0,25,0,0,90,90,0,30,2591,1112.98
1869,41d37497e0d02e6300c8a50a32ddf8a2316ec6e8,0,3,0,0,68,3,0,15,1077,348.68
1870,e13446ae4d8c34a3eea7d7aaf3c4b3d78b3e584e,0,1,0,0,0,0,0,0,531,66.97
1871,db263a13c096e88f75917f17d8410e684c93fd86,3,19,5,0,331,350,0,17,1922,1151.99
1872,fb47685247fab98251ba7ede4c5493ffa0e6f0ae,1,17,0,1,140,130,0,68,2614,1159.86
1873,2eb4c9d4b26619b1c8fc6e3695cd816bebc1b974,1,5,1,0,0,0,0,0,289,211.74
1874,22d8dd5f43a90b9b6db1135567fe1678f57c6a57,0,1,0,0,65,0,0,0,49,57.52
1875,f5220d64b71a4e1468e6e045b06896f47e91fb02,0,1,0,0,102,106,0,24,435,187.23
1876,99b800f8cc6351e6a17fe6c355b077fd0c3a0aa3,0,9,0,0,84,579,0,37,1371,673.84
1877,78292c0393a0690564d802557257e1938b81e449,0,1,0,0,2,8,0,0,106,79.46
1878,b5bbbb40f82d837b17864cd0fc4a6d6e5e413af7,0,2,0,0,4,4,0,4,430,187.8
1879,042019d89baac85d4297a444a7966a91e9dd9eaf,0,2,0,1,3,0,0,8,120,98.74
1880,2524b0799bb688a511b680841c694ecb072736d1,0,9,0,0,40,23,0,27,1069,661.32
1881,3d75297d07c9ba6ce970018bce1b5674fae570d9,0,1,0,0,0,0,0,0,338,45.94
1882,94d9d3faf68091bfcabd47b3ce3173abb0d1f115,0,2,0,0,4,3,0,4,431,185.52
1883,ae903768f7b4853524ddbbf93839c1da2897c146,0,3,0,0,0,0,0,0,382,61.9
1884,630edd7dd2c1e2179dbba4b3c9cc8218db865bda,0,1,0,0,7,9,0,14,177,118.35
1885,bf24a9865d697ed1edeef0c5102aca8aee2d8f1e,0,14,0,0,73,48,0,19,1017,731.62
1886,13b545ad9fb2b26808526293783ec84e5e36ccfd,8,0,0,0,0,0,0,0,0,385.67
1887,abf881f5d05edc871a5231be28f42480133b0917,0,3,0,0,2,2,0,4,128,129.15
1888,41752c8bab23a4c4daf42e085d40d85903e6d09f,0,13,0,0,0,18,0,0,372,268.69
1889,40082929f95a7b5938076ad979df486ae0635785,7,22,1,0,156,36,0,11,1137,1425.86
1890,0b9be2229f7ea28818e13fdc247e73ed2800402e,11,6,1,0,21,142,0,9,304,955.51
1891,c16c28099de4629e856bc5b488a059dd809c2cd4,1,19,0,0,48,15,0,29,663,953.97
1892,63b525366ee64e91b07465e18414b160b6208fa1,1,2,0,0,1,0,0,0,76,95.35
1893,fe26436dfc94e057f984f4ad356b0ce3abfe1049,0,18,0,0,0,0,0,0,602,152.72
1894,f06a3f5c3ff9983405ef04ce16475f95051f94ca,0,2,0,0,14,9,0,7,280,138.73
1895,93256b2c77214413f025f55e3ef48cc9be3bd82b,0,1,0,0,0,0,0,0,172,28.08
1896,5e3ed25e5aed70229b7bcb41bb51320601932b98,1,9,0,0,95,88,0,2,455,339.63
1897,52543e64bee3e4d141ae0c2aaf6c404575f90881,4,12,0,0,21,22,0,9,822,727.31
1898,120edfa15e3e32f1d793e21efa09c8f6affcca74,32,1,23,0,3,0,0,0,25,2419.58
1899,05fda3d987796d8b2cb7f194d09ffc03a1d46fcc,16,23,11,0,80,170,0,487,3592,2978.79
1900,3c89437671102ab04730674eb9b505d05b50313f,0,4,0,0,25,9,0,2,700,327.87
1901,fd6347d8fa34de17c3476a70bf09b42f59fc86e3,1,8,1,0,16,1,0,37,1199,581.08
1902,6b28d317b2a4c282b570d3222d4220234902215a,0,0,24,0,0,0,0,0,0,672.41
1903,b4ce185e7eedd370b7cc4288c2f29752f957811f,0,6,0,0,0,0,0,0,183,70.82
1904,89d6f4abdd2b9f6b8f11a6c9a1d97eacd6144893,0,8,0,0,16,35,0,6,252,309.06
1905,4ace7629fa7927cca4f1977e127c5f09ffbe56ed,0,10,0,0,21,68,0,1,543,462.96
1906,78c392abc7b4687d11a430ed5a9411d4413d5249,0,1,0,0,15,3,0,14,366,159.38
1907,2431cef5565ece12e9eaa6085cc297cefd92b570,3,26,6,0,138,244,0,1,970,1509.13
1908,795111563d9ffc2c0b0087655f4b978c508c151a,2,1,0,0,75,0,0,0,0,195.39
1909,f9c3125acc22b713f7f108e056eaac65c637a450,0,1,5,0,0,2,0,0,44,201.45
1910,278efa7dd01f3b2aea42cedd6e9598c8675ec812,0,1,0,0,0,0,0,0,231,37.63
1911,915c07a97a0953b9aae92a3209d04d44bbbebcb9,0,1,0,0,9,0,0,9,148,89.92
1912,f21ebf0c9859291a84f017d449f27a8c99b65414,0,1,0,0,3,9,0,2,126,112.15
1913,d118ae461086641da6bd0947ddc53eceabdb45dd,0,2,0,0,7,0,0,4,191,152.82
1914,c1e5a0de209eda1b3251aeb9f7e9c9028f2c52e5,0,3,0,1,24,1,0,2,310,199.44
1915,979a58dfa3cb9bc38023a219ac0b25ab918de1f8,0,3,0,0,29,0,0,21,661,160.68
1916,002aa7437e0e45468b93c199022ff8be8684fcb0,0,1,0,0,0,0,0,0,105,29.53
1917,68d49ca5957ee76ddf30e7a48d0514b81c476af0,0,1,0,0,1,0,0,0,475,92.29
1918,ff4b9e25dd59c1d09d5f6ba41c8a2d7ad3ef6814,0,2,0,0,5,1,0,11,92,167.97
1919,aeddbd0ee61211ff49dea80e4bca00d90db5ae8b,0,7,0,0,0,0,0,0,315,86.94
1920,be57e7df0c2d8d28fedf40a1fc461a2f86d77fb5,0,2,0,0,2,0,0,10,588,235.46
1921,e1e89653768d4ce07b225a03df45505865c63b73,0,1,0,0,3,0,0,4,213,95.29
1922,7dafea9aaa958caf74e8bedf46911c6b0e636c41,0,1,0,0,0,0,0,0,103,22.15
1923,27cfb52c61c9a70ab951ca57d1a55c08d10f6b66,5,20,2,0,46,159,0,0,946,1209.86
1924,58c582dbeab18f22c302e1024a225e22176436ba,0,3,0,0,8,0,0,0,565,177.63
1925,6a03114a869b7a468bbcccecfbef75afbfa82e81,0,91,0,0,235,186,0,67,5409,2926.02
1926,58a3cdaed1b3709e9630a4effb78b287efe6b84d,0,15,0,0,143,21,0,19,544,583.1
1927,2f1dcce4ab4822503a848bf832f91f5bdbb9b894,0,3,0,0,31,31,0,9,332,243.09
1928,45fe071dafede612309ce38ff82fc8e8bd29b82d,0,1,0,0,0,2,0,4,304,98.28
1929,309f8881ce0a35bf1e69098f01b7d73604580964,0,2,0,2,9,1,0,7,409,369.78
1930,c59a0d5007f0b20063b9fdbc68830a705bb73c9e,0,1,0,0,0,2,0,2,130,86.07
1931,887eec75ec25605b5b65f7794268b4670a2f49db,0,1,0,0,5,0,0,1,60,77.76
1932,c15b7d4b658f068c628259f5c507e5ab640c83c6,0,1,0,0,24,22,0,17,79,122.12
1933,4f99baaef8d4aa11613914a38658bf50df704152,6,4,0,0,4,1,0,1,63,402.9
1934,87298838027c2766f458bc8f828539b2bdf12e92,1,5,2,0,13,0,0,14,955,449.13
1935,c5e9d39a77e6394d0ad87dbf1e05053794ac9962,1,11,0,2,12,11,0,20,1373,545.36
1936,302f7c05f125d1eca108a670d45ed247bbdbc21b,0,16,0,0,7,3,0,0,662,318.14
1937,0326922ed614804d21326461a160ec7575255d92,0,1,0,0,1,0,0,0,119,57.55
1938,1dc0beba6586343e6e66018014281097afc87f56,0,2,0,0,4,0,0,0,47,68.21
1939,a3f9ad09cfc44a0eeb86df0ca115a0363e1ec2bc,3,0,0,0,0,0,0,0,0,172.72
1940,3abad86f1319c868c21333780b85bc90d16c0d8b,0,2,0,0,0,0,0,0,56,114.92
1941,1ca5d6a90ea34c6b476e0a2e196ce64f8eace405,0,1,0,0,1,1,0,12,113,110.5
1942,46a7f55c32434893ea1a9408a0ac856dcb65f1f6,2,0,0,0,0,0,0,0,0,126.65
1943,ca31f52954d0ed327c23118289c6474e871e53ae,0,1,0,0,1,1,0,0,36,74.36
1944,5744fc00d525610affab6905a2e9f13c14548811,0,2,0,0,5,0,0,4,146,154.76
1945,f8ef6f4217533a5355b0751b27b4146475fb18a3,4,0,0,0,0,0,0,0,0,212.3
1946,0970212cf0ee49c6031afedb89dff8d75e68a347,4,0,4,0,0,0,0,0,0,329.44
1947,081b928a1629d25e1f613d473f0ff36787cfa20a,2,3,0,0,27,0,0,6,85,319.62
1948,f4bcc18da990002e675b6cc8520ba7e397fbf52e,0,2,0,0,8,0,0,2,62,88.26
1949,6e165ada1a15cf950469cbe363111a9a74f48e2d,0,1,0,0,0,0,0,0,216,41.41
1950,2353a3706747055e76f30b5b560d6ad2694f4024,0,1,0,0,9,0,0,0,148,63.25
1951,c491d8304f7ddfe44ff8e0b6f7a8bced48e40ea9,0,6,0,0,1,0,0,5,1139,244.99
1952,d30a13b7f8352a1c47f20a65d862c4a1bf9fd81d,0,3,0,0,1,10,0,5,306,241.89
1953,5d08cf60d9dbd969b8d09fddb5e855c7c7016f3a,0,5,0,0,1,1,0,12,877,225.3
1954,c9110b7549c86dcedc8dcaa102c1b3d5bd3a11af,0,1,0,0,0,0,0,0,103,28.27
1955,ef201b29f9dd87186ba5266bceab97850a5e574e,0,14,0,0,36,38,0,6,1434,585.87
1956,dcb44f017173d6225f4e12ac3a827da76b9ce596,0,1,0,0,23,12,0,3,56,109.66
1957,415e2017fb6b0d999d2a7c94fa0b52c223e38705,0,5,0,1,53,30,0,88,1127,546.64
1958,9d929d2d28faa064e21f1b2951de66fa2f334029,0,6,0,0,76,16,0,35,974,493.55
1959,a44cc54d9c9422dd1846fb4bd6d746965427e03d,0,1,0,0,7,4,0,9,282,132.72
1960,e1ae38f9f6a064dc29a35d6ce0df644c8a15d945,0,1,0,0,8,0,0,12,329,196.6
1961,fd95d9743b929d246f61e9bd7aa769dd9469ed00,0,2,0,0,3,0,0,0,134,62.86
1962,acca0ef8e4feedd150c67c9f7b45d24ec318ea74,0,1,0,0,3,2,0,12,335,147.7
1963,c2cc8e1ba84365ed9eb6d4aa04fe2ec8ab0e58a8,7,25,6,0,149,257,0,190,4778,1836.17
1964,6e19a7b61563a0f253ad770e5701eb5bdb7e07b4,0,7,0,1,0,0,0,0,1063,210.15
1965,77e78a97d8ca2f011ded10d4567a59905fdcede0,0,1,0,0,1,0,0,0,381,113.4
1966,78dc3b332ab145c4035af52710e1c1bbfc487927,0,3,0,1,3,0,0,0,322,117.33
1967,87aa0b8f07b2b8777cb0b86678ccd4b27aa12254,0,3,0,0,0,0,0,0,149,38.44
1968,80d6c586c495f742da6e06874e1f3b2f678d7231,0,11,0,0,25,2,0,13,2361,633.68
1969,fcfa8958ec77fb2ed36bc3cbb01265a50aacf1ed,0,1,0,0,0,1,0,4,387,111.12
1970,1e5b1c7d09bfcd3b57e09d13fe2858048e7c7578,0,1,0,0,11,0,0,0,755,143.49
1971,c61d5b1dcb8dca7e61c067a73f12001af9d5e9ba,13,9,3,1,24,25,0,15,621,1191.17
1972,4d81c3aaecee62d97e6cdea9b267d7b9f49c6ffc,0,6,0,0,12,9,0,6,162,291.5
1973,06555bfb3d5741c0106935a94fa83ff82b4f1a3b,2,34,0,0,88,165,0,75,2804,1881.53
1974,4a4a2288370e9dc0a4a7dd0d6a478e3049a53a0d,2,0,0,0,0,0,0,0,0,122.1
1975,7e7b1d601bd2e7f5c020c2d58c8f21c48dacd7f7,0,14,0,0,13,7,0,3,1217,449.33
1976,48aec24c0be02f7b986239109cdfbc277ed11da9,4,5,1,0,15,1,0,9,137,467.58
1977,73c662c82c2c0879361e25cb00216991c52fe16a,4,8,3,0,40,11,0,11,528,765.42
1978,c6b56e18f3a323fba56cd8ee10846290780612ab,0,12,0,2,206,12,0,49,1146,970.99
1979,b06d663bac6c37b33d0834de9fbd6732f6043fc2,1,0,0,0,0,0,0,0,0,70.0
1980,ad57c21ab76a8898f16b09391d157668d9454a64,0,1,0,0,0,0,0,0,531,182.54
1981,673a2b023af981278c4ad38d4e0660e7b86f9176,0,4,0,0,22,1,0,52,1022,332.26
1982,b5c3ec1ec23b4b479b22dca1b4a33474b7bdd0fc,5,6,0,0,20,11,0,11,213,595.72
1983,8f14b185a6592e8b661bccfa30accca76b653ae8,0,1,0,0,1,0,0,2,31,75.42
1984,c80ecc0c46baa44b3f102722abdf1f894f188ccd,0,1,0,0,1,0,0,0,381,88.53
1985,936df09d40090817369333626761957f791d0403,2,6,1,0,15,27,0,16,708,587.15
1986,7fa7eac1be94ba5cabca1ff5758565cf207a5d43,0,6,0,0,40,44,0,52,679,467.67
1987,95fd235aa566fb4f005da764461b3b8c1f34acec,0,7,0,0,44,42,0,41,1193,566.4
1988,df467c50bf01b1a4243e09fbca92e61c7af26f7d,0,1,0,0,9,4,0,10,334,139.35
1989,80f0329fa1e5eb4c57544214079862cb101f59d0,3,1,0,0,3,0,0,0,5,195.37
1990,6c82a7e5db3e6b4e77c57dc7ed21cd56488649a7,1,5,0,0,21,4,0,29,1432,589.01
1991,9e82d88d28db746cac8769d976a2250bf199de78,0,7,0,0,276,6,0,6,299,408.39
1992,0abfce758e95e34e0b291c0dfc096b0fe154c02f,0,5,0,0,40,0,0,11,1386,410.85
1993,8d4c01a0108d62e8aecce324d5e72a764d29e09e,0,1,0,0,2,0,0,8,468,124.73
1994,1a881dce3193d9c9a389a09335a425cca4255a47,0,3,0,0,4,0,0,12,484,239.25
1995,5db54d487b25f3e88d3f1276097353fb64db3d83,0,1,0,0,42,4,0,2,38,111.14
1996,517270fa46c685fb2c82c907f0460bf0438ea409,0,2,0,0,0,3,0,0,547,108.23
1997,d5a00eba48def39460a5da78f3c1044e125d18d7,0,1,0,0,1,0,0,1,154,78.53
1998,227e5f4a21cf719226a56d3e4f09b70aee73d30f,0,7,0,0,1,25,0,12,1193,393.44
1999,4fac2fa5613eab52effa3610de6b7aeaf4960ad7,0,2,0,0,43,0,0,2,550,151.9
2000,1693319c11077da7025b04b233f85d1ab4e12725,0,2,0,0,3,18,0,18,186,279.28
2001,d2556ddc2c00649163ea0b760a0a9797b84e8d71,0,1,0,0,10,0,0,2,119,89.53
2002,0c051616a15722cda4b811bf249eb99446b1e8cb,0,2,0,0,12,7,0,12,248,199.65
2003,84da181d291bf7362ef601b2b585a4aa608a2189,0,1,0,0,12,0,0,5,129,88.07
2004,181ebbb0982b29bfd931383a474eea9dbf5a2026,0,1,0,0,1,0,0,7,141,91.68
2005,83b790b1113f08366979517a1bbe1644b31d3ff7,4,27,3,0,83,15,0,40,1887,903.84
2006,d8b6a4bfa6266fb2f67ed67da08f46ea69303892,0,1,0,0,12,8,0,1,234,140.84
2007,8d795e79ef1e7b0717874e56845ea3ecb6dc8793,0,5,0,2,54,110,0,41,5557,2036.76
2008,42c99fd645e64e0408bcdabe6ddab4a573b24dd9,0,4,0,0,4,0,0,12,949,317.93
2009,976a2fb2747197fee27c6dde407f4d85916dafe0,0,1,0,0,2,0,0,0,470,102.63
2010,7c5f37397f67e87aa2ffd6e6310882af707a090c,1,38,0,6,214,433,0,80,3028,1909.48
2011,4c8f7e4b8812011179a31be26cfbdffd5761dc88,0,4,0,2,32,31,0,4,112,249.98
2012,d8a8bd0d17fe127b24d8ec0d525d5a5b5f0e8b1c,0,1,0,0,4,0,0,3,142,83.62
2013,7972cb1ed49488b4bc076c0b7f27b0d4a61adb0f,0,1,0,0,0,19,0,0,81,50.52
2014,6d367f4654fa54158dd8acd38ffaf62bf5dee576,2,0,0,0,0,0,0,0,0,164.22
2015,b349f9968c4c6166619cf3269494e2f1b00d9ad4,0,1,0,0,0,0,0,0,146,24.31
2016,3a38cecfe82c2e7d2c45d7d6189ce95416560041,1,3,0,0,26,0,0,0,134,128.71
2017,a2868dd6d07ffcd2cdafb2b99821d0951d471ccc,18,27,4,0,31,31,0,63,3965,1916.76
2018,8909a0b97723d0b36a99869a15dbde59475f59e9,1,2,0,0,3,0,0,0,86,131.28
2019,6a6f5af4253d7df75fc958eedd711eec4ad19427,0,1,0,0,2,0,0,4,340,117.41
2020,8137fbc40aa9f8d8c913a473b2acbe9cc9e21ef2,0,1,0,0,23,1,0,0,70,187.52
2021,1c53791b5deb73bbc228b0295513a4786eef4e41,0,2,0,0,5,0,0,9,416,133.52
2022,0c5620d81f9d0b8afdaee6128039cd498a847be8,0,1,0,0,1,0,0,0,60,51.42
2023,fa512fc8083c4652761c75ebc250f837ab7e30ef,1,37,0,0,89,101,0,34,1843,1911.07
2024,a5270b45f920a11ce7f093c6e1486c21070e0062,0,3,0,0,19,10,0,0,102,125.86
2025,c5dd1f11f71471ba42e3a075651649e2ca258551,0,1,0,0,1,0,0,2,96,80.69
2026,4b9a39e3782a7744365a1822ffd95797d9aeecda,0,3,0,0,241,80,0,9,167,385.67
2027,806ba020a4f4ba89399f5de47ebdf4c6e2520bbf,0,1,0,0,13,0,0,84,231,103.65
2028,02a17261a156a224c246508c8027ed741734eea9,3,0,1,0,0,0,0,0,0,245.31
2029,bc43f27de5e6fc07c0b4227d888bb9e92f1d1e45,1,0,0,0,0,0,0,0,0,9.95
2030,640f8aba33cc357bc6a10551e614965d4b14d41c,0,2,0,0,0,3,0,0,317,84.32
2031,297079253ce3fa0a40836ab6d48972a824081837,1,1,0,0,0,0,0,0,4,66.28
2032,9cb35827c6c6bd8af817b674b222e435b659cc9f,0,29,0,0,117,77,0,40,1521,1349.11
2033,7380a044b890d1d864ea79e08f6522a5d4f48521,0,1,0,0,1,0,0,2,244,99.76
2034,7adb4b6cf71ca51703cec89088c943afd981c840,1,8,2,0,61,21,0,33,234,563.44
2035,ae2c74debd7f52b229d3ed1f97315d9e94c21212,0,7,0,0,15,0,0,4,1881,392.63
2036,daa08cf05a45327a380023a351d5d9176ca74cdf,0,1,0,0,14,0,0,0,29,53.21
2037,e98069864da4266db1ee01724580baa191e17c77,0,1,0,0,9,27,0,0,739,183.24
2038,d1ee396bd74842dd912a579d2a9191d3451f7399,0,2,0,0,20,17,0,0,90,120.0
2039,5f149f7d71fb928461ea265873d4090bcc74b02a,0,7,0,0,49,1,0,23,1196,551.8
2040,9431f829ae1658670f7b6f2b7dbcf0eb877dc819,1,0,0,0,0,0,0,0,0,150.05
2041,26768ad2c0ac4796eed47d45732ab6fe12691152,0,9,0,0,12,24,0,0,67,297.27
2042,a316ed2f25f630de9ddd4bdba2977519e8c18f40,0,10,0,0,30,36,0,33,575,641.05
2043,651768dc9d309c6e1f33a0e35232d40981c42c80,0,6,0,0,61,14,0,18,463,417.69
2044,490a46625c57c6d423f21142e7fab9d4705ca97d,9,3,3,0,7,0,0,0,318,654.55
2045,6c8bdc025c5f79abd709f96b7bb7a006a4404912,0,5,0,0,0,10,0,0,393,139.14
2046,0a83449045bffcec6491c56b704e18863e9ec7ea,30,4,0,0,55,0,0,19,648,1604.88
2047,a93789525aba71e079820ab785ce8402da569a4a,0,1,0,0,0,0,0,0,147,25.1
2048,ea36291e4b5990138f05d6410e40d94943ae8041,0,1,0,0,0,0,0,0,13,10.22
2049,96d8dda700790512009bb208168e10f6508f8f72,0,8,0,0,49,41,0,27,553,539.06
2050,074b354cbbe563b493a24fd3f7f82bcb151a8ba1,0,3,0,0,0,0,0,0,406,71.23
2051,56c6ea90bce23fd665727f0c68dca4f8486a2f37,0,8,1,0,25,52,0,8,1528,518.13
2052,b6df6dfc33988c17c33d6910ed3101d2d972b88f,0,1,0,0,1,0,0,0,54,44.8
2053,552aae5954a59ec265a966144355c7e6ed06de85,5,2,0,0,2,0,0,7,96,338.85
2054,51157116981fc3ab0a0cc27c76c99a0d52199d94,0,1,0,0,0,0,0,0,343,55.61
2055,144794ec6cbefe37f4e10a94691885643d86a2aa,0,1,0,0,0,0,0,0,343,50.54
2056,8bc5535010f192f18fc0e4a157816fb159be3cba,0,3,0,0,31,22,0,11,1102,383.74
2057,025fb99224beb68153dbafbc3b0325998e607cc8,1,2,0,0,12,2,0,0,94,160.11
2058,753d19916666fb49d773e265660668037c074214,2,0,0,0,0,0,0,0,0,116.4
2059,c6cdfcb8426cc56aca79094f063996e21f794376,1,0,0,0,0,0,0,0,0,64.24
2060,ea9dd3b4de43437f1fde6e4fbed6e69079288289,0,1,0,0,2,0,0,0,530,199.69
2061,e152e68ca00b9867b0b6b403bc11d298a7e0f905,1,2,0,0,33,0,0,0,101,145.28
2062,17ff56c24b8aa06130729ce142f253a386b6dbd2,0,1,0,0,7,1,0,3,43,101.46
2063,254d7900f071b321cf9815317d2140e994d05d7d,0,4,0,0,0,0,0,0,670,109.18
2064,f441803ea6e2b495bfc1cd8b1a3b02d13cbcbde0,0,1,0,0,6,0,0,0,152,59.57
2065,95bb200988aa9d108e50f32de7b86dd5412fb4ce,0,1,0,0,43,14,0,29,144,123.71
2066,836cfa80aeb50b953ca7c41b1cb02354a2e9aad7,1,6,0,0,18,27,0,38,201,410.66
2067,70102431c553fcf7cad5863d847cb6401ce46beb,0,2,0,0,8,0,0,17,242,136.9
2068,f0cff6f1605877827a18d57a12c32e24aa0d6f1b,0,1,0,0,5,0,0,31,372,120.32
2069,bdcbb5e5a8db3615cad224e19f783615313fb140,0,2,0,0,1,1,0,2,272,128.66
2070,7e10e2b7ba967332740e1058efa7310fe2834123,0,2,0,0,0,13,0,80,329,112.84
2071,122bdd6dcc1d10592b1cd99f0c0cf21031399057,0,1,0,0,14,0,0,44,377,131.58
2072,833ead4223a27b7c7526198865650fdacf37e792,0,6,0,0,0,0,0,0,156,70.0
2073,feb669dbd884ce800d6d1561cdcd843895f0e499,1,5,0,0,51,4,0,12,496,352.71
2074,385905f65c159cd920b673bd8a3b5e2f3ee459a5,0,4,0,0,8,3,0,6,491,164.94
2075,82027ee2454921abd2152348c478d795f04ebe8b,0,2,0,0,0,0,0,0,65,28.11
2076,e267c8f1aa4ece4c70c5eedcc9da0a32bf8deee8,0,1,0,0,0,0,0,0,103,27.09
2077,34b74936291c345c0b7262cf7e38552565ff9267,0,2,0,0,1,0,0,3,250,106.14
2078,2a452d3f51730dcf24c03a88c0b63c4adfe6fa8b,0,1,0,1,16,0,0,1,16,98.13
2079,3f79a885d097f1165801108e606f4a1752d64d80,1,8,0,0,30,5,0,5,596,449.77
2080,3e4e413b3eb8b504020ec3e6451b7840f49a3340,2,5,0,0,0,89,0,4,762,424.24
2081,bfd753fa0030bd9c59ad5185aa9cd8d57d2035b2,9,2,0,0,0,54,0,0,192,572.57
2082,0caf470678fc26d5213a143dade1abe8558881c3,0,30,0,0,0,0,0,0,1244,338.17
2083,063ad52d0b24c720a56f13b47e598e12205180e5,0,0,39,0,0,0,0,0,0,1094.58
2084,3d52529ba82c65d17ad1ac10b3b9a497df337ad6,1,6,0,3,85,0,0,75,697,600.84
2085,bee443ee4dd734d0475f9f1c9bfb2ef85dcb1e5a,0,7,0,2,18,0,0,8,1334,460.34
2086,61ef8f8eeac27d17c7b15493f0e5bbf551cb43be,0,1,0,0,12,10,0,0,19,76.78
2087,30c52d08854f73fa0956f8d61d3f0aefd948c368,1,11,0,0,83,61,0,21,675,753.1
2088,8f8644f3fa532e4767726d51531da20ae4f2bc6d,0,1,0,0,6,0,0,1,96,80.86
2089,f155fcefe88612e71ea5af666c672be22e7f1151,0,3,0,0,37,17,0,6,397,317.59
2090,7e9e805b648a2c131c5d4d17bd5045e9d75f90f0,0,6,0,0,10,3,0,11,289,288.91
2091,954a184e66f37927c51f0e554701595d59bb58ef,0,2,0,0,11,0,0,1,117,125.37
2092,9bee983aa97bddf7d41f64ab03404443b55511cf,0,2,0,0,0,0,0,0,175,37.96
2093,9b697632b26c95d54a4393d62ae25e906cf6cad7,1,0,0,0,0,0,0,0,0,67.74
2094,80a145f7cfb5b9e4e4143108a98fc6dc404c6ab6,0,1,0,0,0,0,0,0,748,106.48
2095,3e8a9225cf7a78ae27e6f5b461784b70c2a423a7,0,1,0,0,3,0,0,18,128,85.37
2096,fdcfa74444c4f2c5196e4342a6edf524e57dc902,0,1,0,0,1,0,0,0,25,45.61
2097,c4e6c5e83bf12f7f0e070a6b7c539c780438cd29,0,3,1,0,18,8,0,14,149,247.07
2098,c06897bcbb19f7b8fa13248a4af38ae6c7c07d32,1,0,4,0,0,0,0,0,0,188.14
2099,5eb48c3d8f8eb08d9121617a41698582d86be9ae,0,2,0,0,32,167,0,0,119,167.83
2100,13cfeb953d52f4febd2d44c20d81bbed395660b9,0,14,0,0,33,75,0,17,871,489.91
2101,5e53a8b4c3a5817375469536c6f4aa60dbbdd8ce,0,10,0,1,4,6,0,2,656,322.04
2102,9834088b7ac9639253d2285616ae906f1a89a8c7,7,1,7,0,0,0,0,0,51,560.44
2103,af8d81b0f4fae63e46021524344fbc2bfb3f9699,0,3,0,0,0,0,0,0,979,146.35
2104,2d0fd67f0ca2ddbd497288c387d21f581b4ed028,0,5,0,0,230,35,0,7,326,486.74
2105,0e7b6dfb6e8df9258ca40a9580fa1a999859e22b,0,6,0,2,220,22,0,2,369,307.11
2106,615b8d36e1c5b69bbf6d51aa8c7098190d69270c,0,20,0,0,56,10,0,0,1035,488.52
2107,d32a7a079c9487a75892e105f6b74e7f723b7108,0,3,0,0,0,0,0,0,191,44.64
2108,6f689def047fec84bd7cac281c2b39aab7ece6a9,0,2,0,0,0,0,0,0,781,134.8
2109,78643cde61531a6f4731ebb7238146bc41e289bf,0,1,0,0,0,0,0,0,60,34.0
2110,abedf187244c4f12cd9876101665b98317f62134,0,6,0,0,0,19,0,4,1304,268.36
2111,bcb3e3b7e0846121c56726e6789f2640099f14ba,0,3,0,0,22,0,0,12,227,175.98
2112,f814a5f9ac39c4bc20823a2e6d4929ea1970b3e3,0,2,0,0,6,2,0,17,187,140.52
2113,d38710fbc1573f583e5f6f901b529950e9692d41,23,60,10,18,1095,836,0,251,6956,4627.02
2114,e1bf6f6ff4869bf432830365e8c4208efe86db94,0,1,0,0,2,0,0,2,106,82.7
2115,9c7c4684217761ba90639a3236af456d263e3013,0,1,0,0,86,0,0,0,0,62.15
2116,9b2b8f0554ff23791113d32f6055a11956bce65d,0,89,0,10,463,394,0,16,3733,1781.81
2117,cdbc648d4bf6fe899484f89121de3a5c169bcf45,0,52,0,6,116,55,0,28,8719,2214.79
2118,0c9993e252da1fcd9810d2051d9660dd6473b68e,0,17,0,0,242,88,0,51,6142,1380.41
2119,e5407f1e16be6a17336445688ebdd9bccd2229f1,7,10,0,0,61,50,0,21,359,968.99
2120,71a8a76c7d819ab1aafb76c986625c45f5ffe3a5,0,3,0,0,5,0,0,0,74,194.86
2121,86dafffd1acd529a20747f41193b4b697c3bf5fa,0,6,0,1,859,1341,0,997,4429,1082.03
2122,ff4638277a5fd267939ec5e30a875310290cd11a,0,1,0,0,8,0,0,0,379,87.34
2123,e4d1ca29939b2f2d7e7aebde8d41bc117bb10f34,0,13,0,2,118,58,0,12,938,796.38
2124,25f3474f793fe71af9488624c67b23fddcfd00b3,0,1,0,0,1,0,0,1,43,69.31
2125,e6d7fd627f94d5fc1ba70189bd3ab4b86bf0a6ea,0,3,0,0,13,1,0,2,98,207.16
2126,f852b667633fa18b61b02bb4a6b62a4ac137551b,0,14,0,0,11,16,0,20,682,573.95
2127,3b2a56a1772c8e2a6b7f306ef515a9cf6753b198,0,1,0,0,25,17,0,0,68,91.02
2128,03aa952ce96cef72d689f8a7905f88c84727fe7c,18,16,0,4,47,11,0,1,1666,1665.08
2129,c4660f94cfdd105f541a3d5cc1289ca6ec321a76,0,3,0,0,3,0,0,0,204,76.35
2130,727253190e5b2124a603e583b43de4a8360610e8,0,4,0,0,0,0,0,0,239,69.59
2131,b27f6e6b086b79c8f1a9b0eb7bf9d4c16c026bd8,0,4,0,0,0,0,0,0,539,128.33
2132,4c96c8c66903682db1f5cc995d280090b95ca71f,0,4,0,0,29,1,0,5,250,250.39
2133,340666b6ed8dea9cb9cf16bd8e5d272c3ceef5f8,0,5,0,1,52,80,0,1,225,271.72
2134,896bb7a3dab2977bd30aa9b402882e97fadbd241,0,10,0,1,0,0,0,0,793,198.53
2135,1aef68ebc52eedb94fe189d95002d3021791c27e,0,2,0,0,18,2,0,0,117,98.2
2136,4189b702c958c63d8e0525c87fd1c8cd2385c193,4,12,0,0,71,19,0,4,676,697.86
2137,1fa6eae57b8029deb3e0690982aa07a0b258089c,0,3,0,0,6,7,0,1,1205,270.8
2138,807fbc1f364321fba33673aa0d06af40301cd994,0,2,0,0,0,0,0,0,907,129.22
2139,cada27ecff3139fa734b4408f86dbaee29cce736,0,3,0,0,34,4,0,0,49,199.53
2140,5bb24b8cff9accce417f282f1c359b86190ad53a,0,1,0,0,9,0,0,17,138,189.55
2141,70fdcd00d0485b4798db3e5b1eb139ba55f19cdf,0,4,0,0,10,15,0,20,1140,330.66
2142,346a0fd34a03da27a1d6836ad5e31dad10eb9c87,0,0,1,0,0,0,0,0,0,33.81
2143,ff13bd6cda7a79994b00a5826d75f111381e4baf,0,1,0,0,6,0,0,2,168,97.26
2144,1e8903a4028548d7d4ace26084f5ed7c2d4b1c5d,1,16,0,2,120,11,0,126,6228,1799.46
2145,25165978fb64a95e2a3bbbfa0acabd5c25861c17,0,2,0,0,10,7,0,7,298,203.94
2146,7d66099e1e704b2d7052e3f3187bfb9bf14ac285,0,4,0,0,25,4,0,3,401,215.58
2147,ef934c06aa235a77bb4ab3edb9e27d8835c8ed65,0,2,0,0,14,0,0,0,247,117.32
2148,65a9a671e39b8d0a254d21b31f6a410015f29089,0,13,0,0,80,55,0,79,2027,762.43
2149,f190992324ada5327d5d51a2341ebd4b9dd3e63f,0,1,0,0,1,0,0,2,156,91.95
2150,161f46fa630a738de46f3209319d46a71b8c9314,0,9,0,1,6,0,0,1,1774,389.13
2151,f0117f7d0c062116d59a406a6f304e03703e62d7,0,30,0,0,53,298,0,0,2663,920.52
2152,20fcb493eb6dc2c0f6a3e170be07d50136bc5f59,0,1,0,0,4,0,0,2,199,103.24
2153,2aa485c1dd7b0ae91effc7d3cec9b79a75f0b49e,0,2,0,0,0,0,0,0,256,49.01
2154,da3ab6eb094919ada3689a16e14a0f57054e999b,0,1,0,0,0,0,0,0,110,22.29
2155,644437a534914f97c2ec498690efdbd83c73001b,0,2,0,0,0,0,0,0,257,52.28
2156,15d4cdcaf4959f70d41560b0807794f6f8cb3672,1,2,0,0,34,6,0,6,191,296.66
2157,42f9f2683ceff758eb6ce62d3fcf4a28ad1067e7,2,21,0,0,164,44,0,39,7006,1906.21
2158,4e34954c946316f8e855215b4b1c4c933ac01c90,0,7,0,0,67,36,0,9,972,499.23
2159,adf0aa03123276d282702c83155f25825f1474a0,0,7,0,0,0,0,0,0,1039,186.3
2160,7467afe81a5c1b180c898583404123661b901702,0,2,0,0,0,0,0,0,333,163.95
2161,81e622e61c5c9d8b794f05d637547a4dd2a105ef,0,2,0,0,0,0,0,0,333,56.18
2162,122bf3cfe650f5b2ed46254cba39225b9a6aaf63,0,7,0,1,41,23,0,19,375,419.29
2163,8806498d9c458511f0a0da52ace12f656b13cd4c,0,7,0,0,0,0,0,0,416,86.52
2164,a17486dc120aac05547c0a08b7e3d9bee1e3bd6c,0,1,0,0,0,1,0,7,312,102.13
2165,f79b81e43bfccfd5131fcca28bdb474903895f3f,1,2,0,0,42,2,0,16,328,255.76
2166,772e2a76a8e37a2e9d13e1dd1a01b58d22bb3ffc,0,2,0,0,0,0,0,0,257,58.12
2167,15f6d3abcf36b0cb824367d8fc3b2fea0fd1f56c,0,4,0,0,76,54,0,8,1580,489.02
2168,aadf6ce292eb6910cbce21852650ef5536577624,0,1,0,0,0,1,0,1,234,96.96
2169,54c09d1040860c478267f5e386e97d371f410b71,0,1,0,0,1,2,0,0,22,73.16
2170,5515b029b37140acee62108f980cf04381ce9e8d,1,7,0,0,46,2,0,18,1682,618.29
2171,fa233cca874f693c71fef9153ef7fe7df79cf33b,0,1,0,0,0,0,0,0,533,80.79
2172,be71d3e19adf0fc6dfc9ea078424a79685f52b24,0,1,0,0,6,6,0,0,108,89.67
2173,e2162432a501f03eca69ddf16672a3273b48d647,0,2,0,0,0,1,0,5,187,110.2
2174,5433cb343585dfaf4bc30fe65b1f805da443f830,0,1,0,0,0,0,0,0,89,29.39
2175,c899efae58cb98f19975891ed985c818757be245,0,2,0,0,0,11,0,1,143,131.41
2176,10e9d9d4f4aa68ca674ded14214a25c2de655174,0,2,0,0,7,1,0,0,435,161.1
2177,02cf55df3ffedacbf51c0a91c5f271a914da83a4,0,10,0,0,220,68,0,4,1110,704.62
2178,d6e87cbc17af7e3b955f2b001853178eac449fde,0,10,0,0,0,0,0,0,1330,237.79
2179,57dd84da40b39d7f713adcdfc0110e00e0911b5f,0,12,0,0,148,42,0,48,1559,993.95
2180,7cf162ebe842e140f0bc9b7cce51867b2e9ed684,8,23,4,0,55,866,0,133,3797,2371.43
2181,ad3e6f3806a4f12b51841daee8992d0f470bb126,1,2,1,1,11,0,0,6,276,280.43
2182,8b3c4f1d692263e918ba72f9d2f9f8b39204fe38,0,5,0,0,0,0,0,0,1145,177.61
2183,1221ddb10d67834de714ed9b587e1f390ceb4d7e,0,1,0,0,4,0,0,1,206,94.4
2184,a0f09c7a10ccae4a9aad2308d24fad29a69ca3ff,0,5,0,0,0,68,0,19,282,386.97
2185,afd49e2ee64d9a5bcd87f574007fa6d36007eea8,0,5,0,0,0,0,0,0,282,81.93
2186,635f6ba53d382512e7a25a3884c8e34cca31c327,0,11,0,0,0,90,0,16,867,411.86
2187,e8f30d4288eb0bd30519a06710f2bfdfc6cae04b,0,11,0,0,0,0,0,0,867,211.64
2188,2aae64d5c768b9af96faff3d7cf1f0b5d2b69f04,0,4,0,0,0,0,0,0,738,114.91
2189,9805f397cdcd8b53f21de8bc34ac4296037499f5,0,8,0,0,39,20,0,7,968,585.59
2190,24d1a2938d879d0b7f692b0e2f476625fc004e67,12,6,0,0,112,17,0,5,1166,1080.15
2191,2414e7f50290aab0e415a5ea53753fc9fd95e558,2,22,1,0,146,138,0,43,2313,1362.33
2192,62bd67c1114ac104d65feeb5fe8107af7ec7010f,0,1,0,0,0,0,0,0,46,15.44
2193,78f4e737f58218d88f17247551ec83106187fb4a,9,12,9,0,76,18,0,9,1226,1217.48
2194,2b48a47475f1c58f031d4ba60026b071ace97679,0,7,0,0,12,4,0,0,859,226.84
2195,30cd0314cd37a85090c87f031b25853cb148730d,0,1,0,0,3,0,0,20,242,101.07
2196,614f1726292865318b74a7c22653c7cd72c38e2c,0,1,0,0,262,19,0,1,230,221.48
2197,554041b05dc7e1d3b50fce09321b2ae0ad4fbe26,0,2,0,0,27,0,0,2,451,205.79
2198,d23c350d1d5b30d30d983777ad24adab9a707608,1,1,0,0,17,23,0,4,30,164.49
2199,47c14935714ac0122cc82b3133d8e1e29bbd960b,4,28,4,1,281,538,0,30,3833,2028.73
2200,540c89d18a6d81ba75ad5b931e742ec9ed405a64,2,49,2,0,200,47,0,22,4938,2095.96
2201,50d85758f1c483e787461075088bdbab655d0ce8,4,55,4,0,106,101,0,25,7199,2280.06
2202,dca2be07cd2d16539a948461f19bcc7316cce4ff,1,12,0,0,201,94,0,7,389,645.94
2203,f76fda82183cd1ec7d8cee244dc94410e8f8f4d8,0,7,0,0,34,3,0,38,172,402.04
2204,7043a3586d03bc1f2a1719ad51bc62edd7d12647,4,18,2,0,45,25,0,15,2627,1352.94
2205,b8e8a6043465d3a9e965ac5a0b83f5f40af694b1,1,7,0,0,32,0,0,40,423,456.78
2206,ee125934612fc2c02c00a51af1047070272e7185,0,4,0,0,2,5,0,28,96,218.01
2207,0b0f224d683915ce15e15389a1a1ccc33686e4ac,0,6,0,0,25,12,0,37,400,352.97
2208,3cd0ed7590f74ff0d681383fdd9bf9b0d1c461d0,2,10,0,0,18,7,0,12,975,656.34
2209,23e0a1b6f67464073855c0f6d0c2858972c1fc7c,19,20,3,0,27,321,0,13,2077,1974.03
2210,5d5bb5a79dc91cc429cd8b7f953ab802b1a96ca4,0,2,0,0,2,11,0,7,444,218.17
2211,1e5b9cdd4cd2a2276fe897ea0a30b680a692b9fe,0,6,0,0,12,0,0,52,336,302.44
2212,540d57d919a58af5e46b621c3afe1a34a4c15ac4,3,4,0,0,151,21,0,30,395,482.14
2213,d2f2157d99e8d34d4e9de78341741cd5f3a29288,0,1,0,0,0,0,0,0,99,22.47
2214,171b78a892ddb4c971825fce99004a06141493d8,3,17,0,1,100,117,0,50,2425,1257.35
2215,2340eb3b4f1cf7c0dbd3d9996d337f7ce7223cbb,4,2,0,0,7,0,0,33,588,506.53
2216,769ae6c878d63abb0e4f80d1ebd562f531111a67,1,11,1,0,163,387,0,6,1591,772.13
2217,a4875c2fd2cd266ede41ac82edef52cef5105bc4,2,13,0,0,45,33,0,55,917,913.12
2218,1bae2230912942fb0e411d151ab5fde2ae3d0bec,0,15,0,0,36,16,0,13,522,694.79
2219,7e3de5fd460c423b0bcef19632fec4448aecc3f5,0,8,0,0,16,11,0,7,668,475.75
2220,244f6b65281a5c6faab8e82b210e9f6d33a554a2,5,13,4,0,15,71,0,7,1719,1232.98
2221,1e7c2a216f140d5cb54b3c2ae6f20c77835cba23,2,8,1,0,315,293,0,43,1127,689.74
2222,c6a7da57e2f82ba8e6c4a796b80be3a10b81fa12,7,13,3,0,25,32,0,42,746,1215.19
2223,412a8b447b0d9f8b3450fc0392a7cc084a6c22c7,0,1,0,0,0,0,0,0,36,15.71
2224,c341a9afac64cdccfae04ac11ecf2d62cda41655,0,3,0,0,6,0,0,3,236,134.79
2225,cef230061af178b554b0e44aded9f5f2d82e08ba,1,34,3,1,236,546,0,349,4098,2576.79
2226,04b4adf0ae40fa986bd790429ba47da6f34cbc6e,15,13,0,0,62,3,0,86,560,1491.5
2227,72b5748ca9cbb1448111a2eba3d09e59f2710e15,7,0,7,0,0,0,0,0,0,615.37
2228,e5d2438c0456e528fa4570987681ce079b3bde55,1,3,0,0,0,40,0,1,72,182.01
2229,c4a44d21c9a4f7b0a3553507cbad6f162b9f638d,0,2,0,0,4,0,0,32,151,147.81
2230,6211bc3b45a0c81fb27f3813f8adc7761734efc4,11,37,8,1,299,747,0,53,4640,3098.82
2231,fd4f836b5b7825e53ba9d73fe576e22c97628713,15,4,0,0,2,0,0,19,230,1052.97
2232,85be580a55ef7348de171a448f78ba48d0746040,13,5,9,0,34,1,0,11,245,1170.15
2233,f21a3ce431651d58546cdeb4c54f77cecb64d6a0,0,9,0,0,7,0,0,0,471,134.63
2234,0380935ad2799e4d8c3888143ae6a4cd4bc202e6,17,40,4,1,244,291,0,85,4734,2850.94
2235,0b28a5b9b105fbe83e5cc91019a85fbc0a62cb3f,1,33,1,0,220,48,0,58,2665,1671.03
2236,a3aa07ea7e0f28eb441f36fbd58752aba805b0eb,3,12,1,0,40,0,0,0,1271,470.57
2237,6ce0b81fd8bd43248d530815b738987dee4b80e8,32,54,7,4,141,38,0,28,7987,4183.75
2238,5f283d3b00151cf7d839c37daa9e3fbc80ca3e59,0,1,0,0,4,38,0,28,117,115.07
2239,3156bf103a7c3c3d162965f28cb09ff0dc31d276,0,5,0,1,2,2,0,0,391,204.89
2240,4e85e883f69ec64f6ba9783b1f6306b2f3bac51d,8,25,5,0,376,209,0,80,2715,2285.6
2241,3663b92cab18db3094c7bc362ab28e7329d50b46,0,1,0,0,0,0,0,0,109,33.11
2242,77bb87dd139d6f52b374bf3fb1145096e708bd8c,0,17,0,0,2,25,0,2,2375,458.46
2243,a4fb4116393eb77af0ff191dd79f368aa894f40e,1,31,0,0,0,0,0,0,2553,659.28
2244,74c5bd1ef08bcecd6090d88847c7075190e9e746,21,0,0,0,0,0,0,0,0,937.45
2245,b816c723375ef323f844d0f8e02da546de7ea811,2,13,0,0,129,11,0,129,2409,1081.22
2246,f2c8d82fb33b1d82e9d0556bd9f03863fd46ee4a,9,18,1,1,173,37,0,68,2873,1320.8
2247,e2f2aa0cd3ff0ecde7f4c017317055488cd656f6,3,34,1,3,253,88,0,65,3412,2681.74
2248,dd1fae942203d5c85f63facaf56806ccee16ddcc,0,27,2,0,53,2,0,4,1457,514.66
2249,a1d72adbf6873f2d980da8e42b52a48f4de51389,3,22,2,2,213,93,0,79,2019,1322.5
2250,d1ecc77cbcd2b3779af472402cfa7c65994d5c02,0,2,57,0,2,11,0,3,669,1823.54
2251,f28c28643df43633439b2c99c383e1ed01319ea3,0,1,0,0,0,0,0,0,463,67.36
2252,237d8f4a3f1c4a40703797f695ba8ab4dcc2a9df,0,0,21,0,0,0,0,0,0,592.17
2253,94d4803ef2a5af1c7769697c319506e87a858566,2,0,0,0,0,0,0,0,0,117.99
2254,fe40b95a130fec0e6a41fc3b685de48fa0bc8fa0,0,20,0,1,324,294,0,43,2427,1223.88
2255,4d688fca80bfa4309af8dff216628bd191938f86,0,1,0,0,1,0,0,2,88,76.34
2256,8b59af4d9ef3f7f5492c6785e08173dd519de38a,0,1,0,0,13,0,0,1,155,92.26
2257,7576c77203a9a66da1edcc9f408d1490232c8349,1,2,0,0,27,0,0,4,152,254.58
2258,54f4bd07fb586fdb257c5409602e21efe2079bbc,0,5,0,0,21,13,0,41,602,329.41
2259,bf327eb862b2b3ebc4266dcd5be50c13877b37ad,15,16,2,2,129,26,0,78,2489,1856.87
2260,73137c2c621a8e56fe76f8f4f70c812392e1964e,35,14,7,0,96,36,0,56,1701,2912.78
2261,faf1456eabbf89e8e824921549599f2dec31df32,0,3,0,0,2,1,0,0,263,115.74
2262,4303a367efd98fb7d0f91db2c7b238df6505d752,15,0,0,0,0,0,0,0,0,806.6
2263,5f58ce70d40edd50d2261e60b3cb0eec913f9144,6,6,2,0,15,2,0,18,210,763.35
2264,3fe087d974a370d30a0e6c0742e609134664c5d9,24,3,15,0,0,4,0,0,270,1789.54
2265,948abc4895d82dc8f28bc715642a395a01587dd9,3,18,0,3,114,18,0,37,2043,1089.59
2266,eb2c6df68991dea72229dc8231017f709e5a089d,0,1,0,0,2,2,0,0,157,88.09
2267,2c97f5ef57b94bb51a940662981d1d3df2ea1861,3,4,0,0,3,0,0,3,607,373.21
2268,11629af6e51c517932e32b6387d9072b48d5729a,0,7,0,0,4,11,0,7,733,302.31
2269,0a4ef24df305a0c2a61fae19d912e7d725d4858d,0,2,0,0,2,4,0,7,227,155.21
2270,8a98a0b6d48a400272bb071bb2c6aa5c8d895feb,0,2,0,0,11,14,0,1,204,154.92
2271,e068e321cc9dc548a85959c10f658670cbe69860,0,1,0,0,1,0,0,2,42,70.1
2272,ea8575978c64d6df3846dbed3c1c9ccebd84a7e8,2,6,0,0,6,28,0,85,443,336.67
2273,fad6d5052fe559ed71759a68558d36cc984869cf,0,2,0,0,1,1,0,47,291,140.5
2274,b4135dca7a977c67cc8742c360f1a372b40263a9,0,2,0,0,9,10,0,3,255,150.24
2275,8fdd403b6c8331d56890de3165b7a0e77a0eaa42,0,23,0,1,0,0,0,0,2058,352.53
2276,e5050f6a12392e037c69b47ac673c48326d8168b,2,15,0,4,74,139,0,48,1210,895.8
2277,7943cddde797fb2749a5959fa0a2048042e1ee58,0,3,0,1,86,12,0,14,237,236.05
2278,4c1a87c41ca0721de96e371a03e12dceeb257ea8,2,29,1,0,250,21,0,11,2016,1027.93
2279,f0ff10902d25f12d56d22ea2c00464ce7ef67281,1,20,0,0,24,0,0,6,3135,807.98
2280,15feafff76a6a28db15c1822d3249d3519f30bbb,2,16,3,0,87,101,0,27,1563,1335.21
2281,bbb00dd0713a97645f7fd70e830b690dc5dad411,0,5,0,0,116,0,0,16,600,371.63
2282,21db751647abc0d65fb428be361e28a69bbcda54,2,16,3,0,29,25,0,45,3477,1178.37
2283,37d4afea5380803e14a30f5d1272b5a6f39fc159,6,45,36,0,93,43,0,138,4525,2943.27
2284,36452cee2a6ea6973ea7a2af120fa7068cd7efb6,1,6,0,0,13,16,0,16,563,345.32
2285,c74349e65a76a42880ae0f06970ca4ba3e1ac0a4,1,38,0,0,110,42,0,33,3862,1456.85
2286,6e48634fcdc3804eacc265120a05125a80b8a59e,0,0,11,0,0,0,0,0,0,334.03
2287,4d82d613e5cd6b0b8b51be609f5a5f20f6a2a407,6,72,2,4,89,37,0,47,5930,2037.65
2288,ff5901804b8389d74352a93fed98b91a6df713c7,0,3,0,0,50,0,0,1,527,216.83
2289,64ea667fcbff5026bb3018cead7c9ebf045c83c3,0,30,0,0,14,310,0,24,2410,904.36
2290,11f44c44f1bfcfda65fc77706982d93daf60d24e,2,0,0,0,0,0,0,0,0,158.1
2291,d39a0ec5d9b1264ba8766b2ed1343c7ce2003f37,0,15,0,1,76,26,0,17,1724,816.37
2292,ce0d78953dff92b8bcdaaafc4b1b2e8f9630b7eb,5,19,8,0,81,16,0,16,1960,1360.6
2293,5de45a3141dc8de275368407b0b7c37e4b8e35b1,1,0,0,0,0,0,0,0,0,67.96
2294,d7e4f59327a2c2e4fe4d7153e71e2cea8fc4c06c,0,4,0,0,20,0,0,1,67,109.62
2295,bfe554f8c157580ed22c2fbefee20c0c901e22ac,7,31,4,4,145,117,0,118,2802,2544.58
2296,15a4365400cc2b9d2d5fae98ff817ddb32fb9072,0,10,0,0,107,48,0,7,870,478.89
2297,3e1c771e2a9dd9d25a99db20a2d7eb9b0c05ff5d,0,3,0,0,4,3,0,8,188,221.92
2298,e0d4ca4626bb11f2daf4ceedbe35169eb9cb753d,0,3,0,0,16,0,0,10,341,242.36
2299,1798455e92b5f7524d72d0d0f3d21771d71551f0,0,17,0,5,27,22,0,137,1294,849.5
2300,61884eef530c19c96c0d8d18944a34578cabec75,0,4,1,0,21,3,0,10,667,535.77
2301,7671b33b1b4a21b05d6ce5cbb878cc1000fe2cc3,0,8,0,0,99,5,0,93,1001,525.14
2302,9624875dc82850c01b7927c415d280ba832f2182,0,2,0,0,0,4,0,1,608,169.32
2303,e62e40230e7569420ca654106bdbe7d39e6920b1,4,6,0,0,66,88,0,8,1255,630.48
2304,68de91d518d2c5d674ba2840743cfda6bc923fb6,0,1,0,0,0,0,0,0,521,67.53
2305,88827e27c8a897d0f2281ecd80de66aef9099518,0,1,0,0,5,3,0,2,152,117.0
2306,eb23527a2bb691f612018a4242457f3f22e009ce,0,1,0,0,0,0,0,0,157,39.56
2307,aa8922983aed1c0870184b1a039f330f837bf28b,4,25,2,0,174,37,0,15,3699,1546.82
2308,07aba3c71f88ffcaf0d73168c70a3f40a5b104e8,53,22,53,0,357,109,0,82,3743,6167.25
2309,fff017138afe5b4ca5955db6c3f53603e58014bf,0,3,0,0,12,16,0,0,407,131.81
2310,71d6f25c3e3f0fbb9f1cc3fed13c3ce22ecf70e0,0,5,0,0,7,0,0,1,660,168.6
2311,efbdfc098c91a3e75a82d35a251904d8c3dc4bd3,7,18,5,1,31,42,0,2,366,1102.28
2312,509a717a8b5f2a0ee4f39d5e8e3f63c3ec9082f8,0,2,0,0,22,0,0,0,58,91.06
2313,51974d5eec73132ad8f7d6dff8bc3565c34b9781,0,1,0,0,46,0,0,11,292,113.35
2314,942a62311d3334b199eccaa47cdaca62c1bfc6ac,7,0,7,0,0,0,0,0,0,640.11
2315,6c39b50113dacc87b1750e63c68f8e85b53075a5,0,1,0,0,1,0,0,0,166,59.89
2316,217286b44a2598d7cbe6b87723fa679aed6f8951,0,8,0,1,10,0,0,0,807,188.03
2317,b900a97162ad69dbc58ae05559657a40029bcc89,0,1,0,0,0,0,0,0,309,41.21
2318,f0d6dfa9058495549d2509250fe3792174d2410b,0,1,0,0,8,0,0,0,43,47.42
2319,8a509ba8389088792cbeba18dc62852608b58444,0,1,0,0,2,0,0,5,121,82.31
2320,d7205928283fbe2ec7c251781423e005d9216cf3,0,1,0,0,0,0,0,0,69,149.37
2321,57fdfaff3e91a0b74c30fcd83cefe18281995b1c,2,1,1,0,0,112,0,0,28,194.32
2322,8ac958e46505461b32c897de33b9c6c76f591d30,0,1,0,1,5,0,0,10,33,100.23
2323,a5762729cf5fcd7e846dedbcfe056bee51a0b024,1,0,0,0,0,0,0,0,0,67.39
2324,8a3eb95236dc1bc82be43a8e80ecf69c35fe5f44,0,4,0,0,7,0,0,7,884,280.85
2325,5ad8c66ed40a23471de7dbbca512488278999c82,0,1,0,0,3,0,0,9,99,88.55
2326,a452fd48e971fa17423785398015aac887dbb6c0,0,1,0,0,0,0,0,0,102,24.07
2327,38a35c4a5e2662d8b8770e47850a62d0b6cde67b,6,5,3,4,0,0,0,0,343,598.59
2328,67ff06d96b683f360db91de2383247bfa33f3f5c,0,2,1,1,50,61,0,2,56,224.27
2329,ea720e0b8ee48715e8360a82d463041163006386,5,3,0,0,95,48,0,2,502,724.72
2330,e6f881781679d2c9961c2599194e83df9eb16664,0,1,0,0,3,0,0,1,43,88.67
2331,82eda24075d3f665c3fb8020da9dca2a5f4ef78b,0,28,0,0,39,174,0,31,2476,1009.34
2332,4542555ea4cd4e1d7253eb7ce96e140fd0375e83,0,2,0,0,2,1,0,0,858,203.34
2333,05401481550685bcaa3ba22c63590988dde7eaf1,0,3,0,0,0,0,0,0,782,110.71
2334,5ee626691aa35a0d522089ea3f34dd1f2de1f866,0,3,0,0,17,0,0,0,337,124.43
2335,29eeb33d95ae1231b787f8959d2b81dffa2b7fc6,0,1,0,0,17,15,0,0,147,88.72
2336,fae50fc7a51bcd2716dd4c5f415a1f7384f984e1,0,1,0,0,0,0,0,3,115,51.97
2337,f3be324351c7a1086bdde7f6653d57a3956a296e,0,2,0,0,0,0,0,0,84,25.82
2338,b1a5c409cacdb9ae63c5643e5cb5bafea09311e4,0,2,0,0,0,0,0,0,72,25.54
2339,b1528725f0d5fe2417a90ae1ee550dac8572edb7,0,1,0,0,112,9,0,63,525,199.6
2340,624cb64a462765419bb0f81e2a50b3cec1c877f6,0,2,0,0,15,6,0,1,140,256.66
2341,7efa33c2e600178abc379149c425319320c6f97e,0,4,1,0,0,29,0,0,246,194.3
2342,c310f4c7fe2f93a3a3e4cedcb298b69070a040c7,0,1,0,0,6,0,0,2,185,93.93
2343,e892cbb210a9fbdde0b1f37380e55be42b9a50b4,0,1,0,0,6,3,0,2,188,119.2
2344,84209975a2a8b645c3708e3f8c9594972ca97f18,0,1,0,0,0,3,0,6,99,83.85
2345,242c704251dc15a0314255c64d5a9c00ac8582b1,2,0,0,0,0,0,0,0,0,129.39
2346,88d7305a5267aac598949519275123208195daf7,1,2,0,0,23,23,0,0,277,171.37
2347,5bf8efc13e4e6fd6449e46e0abe146c7983001ce,1,0,0,0,0,0,0,0,0,52.69
2348,0f28095f9f79b49d45905e61709ff4fab6fedd54,0,1,0,0,46,0,0,11,292,115.85
2349,b8d213da44259b8ed55cb10e01204fac4db8dbe0,2,3,1,0,4,1,0,3,129,255.74
2350,bc09753aa844123a15691fe3a5815f869f034a00,0,2,0,0,0,0,0,0,205,49.75
2351,8f7484000ae40ae1b5c68e2d21b9e5a44d984234,11,0,0,0,0,0,0,0,0,597.75
2352,f09a60914260569e81fd261173aea1b477eece4a,0,2,0,0,8,4,0,7,306,214.74
2353,921278e322eaae008dae75e20a505f53aaeed1ca,0,3,13,0,0,216,0,95,813,614.63
2354,238f2ed13ba1739820a08e9f9e1211a9c3f0c328,1,0,1,0,0,0,0,0,0,83.05
2355,aca4323c1c0f05d29afcdfce5e4564663adc41e0,0,1,0,0,3,0,0,0,595,109.35
2356,431bfe7a3cd25a531d68d20104b71fe87666b600,0,1,0,0,0,0,0,0,144,35.93
2357,d2dfc953f80fc9450d9072ad9c1908e983a2d2bf,1,0,0,0,0,0,0,0,0,52.36
2358,4950f1e8a700d9c545b59dd2b5389338ec76f293,0,1,0,0,0,0,0,0,144,31.5
2359,8a0a35184ddfbef70f9add0cea8e630bc999b571,0,5,0,1,41,3,0,4,1207,354.31
2360,acb0416b51d7a1a8c61e6e8aac6fabc9614eefa8,0,2,0,1,52,32,0,13,144,313.38
2361,9157b29e7d11054f0a2f6d583c7ba9d5846d65c1,2,15,0,0,90,12,0,33,2482,980.41
2362,bf937035a23cc875f2cbc518e1f40b07f62cf259,0,1,0,0,1,0,0,3,487,139.46
2363,82ef9337e27b626933585a0ef00f1acedb877fde,0,1,0,0,0,0,0,0,15,12.46
2364,fc4c4e6f407970a2488535a5473cce0aa846a390,0,1,0,0,2,0,0,27,310,112.19
2365,a8f66c5a2fb0b5b59f2f858e6791fd45e978daf4,0,1,0,0,6,0,0,7,242,99.06
2366,3b4960735552da3e25e7f1a6233d728005edcb25,0,1,0,0,0,0,0,0,56,16.61
2367,1b9fa7f2377d0ce2fa009b5d2c6d998e0a4e21a5,0,1,0,0,0,0,0,0,101,20.17
2368,395f7b6ae48c1e73c671b3cbd1568f4fc3eb878d,0,2,0,1,6,2,0,0,88,117.92
2369,8dca8598b391be90b0cec6453e17bedabf036eaf,0,1,0,0,0,12,0,0,49,41.62
2370,a890498f764c03a33592b7fda97e39f15e540c5a,0,5,0,0,20,0,0,2,288,181.55
2371,a33e1a39a15f5360a2ae671e682108ff61dc024a,0,1,0,0,1,0,0,2,154,78.1
2372,0ddbd095c1c87905eb971c3591690fe3d5897c8a,0,1,0,0,0,3,0,0,630,117.37
2373,95beea4c2205786b78339b672dfdd41bf3eb2372,0,4,0,0,31,14,0,8,1259,437.44
2374,8508ed1de815d48cf501bcaa6322850c82814c3b,3,0,1,0,0,0,0,0,0,201.17
2375,c583dc0527a179764032558692888376202c007d,2,0,0,0,0,0,0,0,0,94.29
2376,7e0cebf36f0051ac1adf62abcbc1e171df2ea06d,0,6,0,0,178,110,0,24,1299,503.94
2377,f03fa9b206ed766aacb576a8fa1c78bf9f3fea61,0,2,0,0,0,0,0,0,22,18.32
2378,e51d6a3a3dc3a026e276c1df9d386ab411861b46,0,2,0,0,123,4,0,46,218,225.74
2379,38ad7329e297a6fa969b7c3c6dca8e182b3f83e1,0,3,0,3,6,0,0,0,35,125.04
2380,0379fceb1cd4ba0c868cb470f6897af04ca1acf6,3,1,0,0,0,0,0,0,55,304.04
2381,1eb4f7dec0b693c6a6b66ce8e202fc650a75a8e2,3,4,0,0,56,11,0,0,653,429.93
2382,56bce6ef6257db0697475aafc3f2c727f227b803,0,2,0,0,25,2,0,10,114,174.66
2383,21bcc0acd0ffe413f3df60fd6683debe19da2f93,0,5,0,0,66,3,0,6,589,257.47
2384,a7d9660cd9954cbc6b6184d5d4fcb81486d60adb,0,6,0,0,0,5,0,0,90,126.4
2385,0d82ed2985dc51149629e387a1de861d631bce82,0,4,0,0,10,0,0,14,1075,305.96
2386,6dcf74f022f4a127260b0e8d52b772fb28fa2249,0,3,0,0,25,0,0,1,256,156.71
2387,acb9c6bce7651865262bed3754656dc9ad5dc1b1,0,2,0,0,11,2,0,8,353,194.07
2388,eec2840d831637e05a55a16bdd5a3e039a7d1ce0,1,2,0,0,12,1,0,5,800,306.7
2389,1228a5ec60452200e12cb77a9bb0623d340e87d2,7,44,2,0,154,473,0,132,5168,2623.32
2390,ebba4fd74adf7caa5ea5f9f46351ff90ee6c4cb0,0,1,0,0,0,8,0,4,422,128.64
2391,83e209b037dcf1f2c53d3a006c765bf5d77df133,0,1,0,0,0,0,0,0,51,22.05
2392,08a9e76b9fb3272fb228746a8106040c84e9047c,0,1,0,0,0,0,0,0,799,111.6
2393,fba6e15cce765124e6e97ec26870b024b764269f,0,2,0,0,2,4,0,1,242,134.96
2394,79e54634774990ae7d79b6cc7be9b7cd10bcdbd9,1,1,0,0,0,0,0,0,60,81.53
2395,119a023137b1d9e22a32e35973241e49b859ce30,0,2,0,0,1,3,0,0,256,106.32
2396,0ea61264481a1db37dd6bb2ef4172ef629989807,10,3,6,1,0,0,0,0,52,1067.36
2397,6dd6ec56a5051d5b565d5ca95231725321e68680,0,1,0,0,7,9,0,4,84,108.8
2398,f941a6d3b6fcf547f7ca9b02a6f802dd48ead8b3,1,0,0,0,0,0,0,0,0,65.89
2399,361e469bb9ac742bd3c2ddaf930cdebe160300f1,0,1,0,0,0,0,0,0,289,44.22
2400,633e3e6a7ed8bc903a749b7f21902c5b4ec5099b,2,30,0,2,242,44,0,7,1350,1440.95
2401,b08240d13a4208eda702539d0c47a068c67515b2,0,1,0,0,0,0,0,0,643,87.63
2402,31dbfe65e46d8419d0da8d670b5958407adbdbf2,0,1,0,0,0,0,0,0,643,84.23
2403,d1498502482d4e5045880c21a8e5b4fab2caa1b4,0,1,0,0,19,0,0,0,221,87.26
2404,b2af1d9a1bd3d1af6ae166925c069d5febdf0eba,0,3,1,1,2,1,0,2,66,170.61
2405,2a00bc3ff46fb70fc8561ed12b88ca16a979bbd4,1,0,0,0,0,0,0,0,0,62.48
2406,80551cb783a5e3bf47c20f6c1b4059dd8c691220,0,6,0,0,35,0,0,0,1193,350.8
2407,0407a74717428006e40f0afcccf787b889d125b5,3,16,1,0,425,32,0,84,2651,1532.05
2408,bb5d7708d8ddd7791d61b7a3f145cdbfbefa6fc3,0,1,0,0,0,0,0,0,66,21.1
2409,253a7359d3f55d4496dcfd818e3fc06a7e764c64,0,1,0,0,0,0,0,0,80,19.81
2410,385c0be988eef4fe93602e0d13e526c22179c37e,0,28,0,1,74,24,0,16,3379,1206.0
2411,24d97ca93349dbf4506c5d3ba917c8c2bd986d3e,0,1,0,0,2,1,0,2,166,116.16
2412,4285102eb5cd9024c07a841c66240f8ade310d50,3,9,0,1,46,0,0,20,176,536.43
2413,eed09f03a3ea2c10134614f1e9cd2926d12dc572,0,11,0,0,0,134,0,14,1104,532.97
2414,8b8ae7f40c4ae533ca10136aa554207e926470ac,0,1,0,0,14,11,0,29,438,160.96
2415,1096d71e8ffa348bc825e924476f6dfc256d810b,0,1,0,0,5,0,0,0,49,51.29
2416,f3db2bc02121d668b64faaf759d4d62e4d984ebb,0,3,0,0,4,2,0,28,125,178.59
2417,225dce0f7edef36a8f089a33175e8e8c45d98b6f,0,1,0,0,0,0,0,0,60,17.51
2418,34d20cc2a848599b8978c31e4a47a9a44e51b5e1,0,1,0,0,8,0,0,7,342,109.36
2419,a544e44f628bfec7a8301f3fd8300b68f1445b3f,0,1,0,0,8,18,0,6,133,127.07
2420,99602f9a4a5bf7b84cb96b13a77bf76eff103242,0,1,0,0,10,6,0,4,793,354.79
2421,d7cb6b76c0969fc5e46a5d7bd8b940dae6a2b88b,0,3,0,0,12,0,0,18,169,171.12
2422,a91802d9317d02eb5963eba57fca19148874ebe9,1,5,0,0,15,47,0,4,651,376.99
2423,c12719440244b3940799cb7856c3dc02be223149,0,4,0,0,9,118,0,0,117,136.6
2424,0c1dee095a213aabbba36f5ef5342edffca1cf3c,0,1,0,0,1,1,0,38,451,156.18
2425,77e20872d38e7bc1084459ed849c723f072cc87a,0,2,0,0,21,2,0,25,507,222.28
2426,36aabd4e9472659ed3320817e6f2ced4404397b8,0,1,0,0,1,5,0,5,487,162.4
2427,cbfc5c2097f2286f6e1b27beb695d3d2292c9570,1,0,0,0,0,0,0,0,0,54.25
2428,710b12ab97ddf8f8f996959afedb1663da3c1252,1,2,0,0,31,2,0,1,444,252.99
2429,dff76e185ed39cd1123ae094ac73b1530d56ed52,0,1,0,0,0,0,0,2,140,54.52
2430,80660c6e9dbc65802c6c53ba2f6275d20d98dbe4,0,3,0,1,62,27,0,47,248,323.99
2431,4501f806bc2c9a7d2538e8c8500aaf70359a4d7f,0,1,0,0,3,0,0,1,164,86.15
2432,91f7d1604f5c76edb1e05ac4b8eba19cf9d5b702,0,2,0,0,7,3,0,0,63,106.22
2433,eeae68775fae702bd7f435f82bc56b92a553a1bb,1,0,0,0,0,0,0,0,0,50.06
2434,a8d6368267b62e620157dd0322831ff447502804,0,4,0,0,28,0,0,0,323,106.09
2435,41a11f2bad3202adcc48310a4fd13060cc811949,1,0,0,0,0,0,0,0,0,55.88
2436,3fff141844347ebea413d4223f4e42d4d46924a2,0,1,0,0,1,1,0,0,138,83.31
2437,945a3c6e0a9533f2f3f0f115c2ac52f4e8c0d9c0,1,3,0,0,19,46,0,16,325,239.32
2438,7330dc702d40e4c348f6a8f2a67d0bd63eff0fc7,0,2,0,0,8,47,0,0,19,145.31
2439,9dd4635ad69bf107ab9f81c8e7ffd495475471e0,6,49,1,3,509,762,0,196,2857,3480.69
2440,a4b1dbdb17c1df3348db362cafd185c326652158,1,0,0,0,0,0,0,0,0,209.15
2441,175df978d13a62a7d6c71c93e91b75bff39e0cdc,0,2,0,0,43,0,0,0,309,139.1
2442,14a6cb93296ce1ae03425adafe918ed8d4ee473a,0,2,0,0,6,0,0,0,172,94.79
2443,b44349e8de1363077d4be2b96f558eccb26169e1,0,1,0,1,1,0,0,0,140,109.93
2444,a7b305c978a90cb4633cbbee847b06dcb7fc8fbe,0,1,0,0,5,0,0,1,26,72.12
2445,1a527afaf3bcda8099f96285884452f87186b1ca,1,3,0,0,75,8,0,2,447,347.85
2446,5a3fe6c948e7be13e7ed66eb932c93a415458fba,8,0,1,0,0,0,0,0,0,507.58
2447,23dcf4f5eea21c0084e045ae0cf77f8f63fe272b,2,4,4,1,0,0,0,0,337,359.26
2448,38725c715924a38432b3c16d0e781d630b7b0500,0,1,0,0,38,0,0,0,338,90.17
2449,c61bc993f9dd4825199c922086c5ed6c63e4c791,1,3,0,0,37,6,0,5,692,276.8
2450,2dd2cb7aaed4394cf1749d7992e46b2a94617e13,3,6,0,0,97,26,0,39,1483,772.66
2451,3ec7cae5561f12096fb23e1d6f54c41af5cfdaff,7,18,3,1,549,220,0,84,2954,2211.45
2452,aa5c8c521cf1987ef176ac28c5c8373c25de3683,15,23,0,4,210,28,0,114,3160,2150.84
2453,a6cbd9408ee7c5859d7ba0599c2554551bceca80,0,5,3,0,2,41,0,50,1021,530.52
2454,cf9fad89c2cdc3532237308257ecb45c2dbf7a65,0,6,0,0,84,65,0,41,1075,473.88
2455,25aa028596c3de1619e3321021edeac95f878e62,0,2,0,1,7,46,0,4,158,242.28
2456,84e2941bd31a97e806f3cbacbc4c5dfef7f249e0,0,1,0,0,44,7,0,2,18,122.43
2457,6ee987f770bfd57c365c5c564d11a8cd379d3187,0,1,0,0,3,1,0,2,79,109.31
2458,3e0d97416f761516f67e487ef997f4ec7a1d8fb5,0,3,0,0,5,0,0,12,443,189.01
2459,c10ab7fc2a7f506261cd986221bd7798cc79633b,0,1,0,0,0,3,0,0,137,58.97
2460,29e67aed62a437f07744285bd3fdfe9fca675c51,2,7,0,0,186,52,0,47,857,702.29
2461,162652326ef0d75f68ff35bc966676eedd91a89d,0,1,0,0,0,0,0,0,300,46.99
2462,9a1ce54c28a93ae28ed432ed39b7a8685d9d1d02,0,2,0,0,28,40,0,0,653,230.79
2463,f2657cca2b981c1ab1f685d45186896c51fb7676,8,0,0,0,0,0,0,0,0,472.03
2464,9306beb181fcb218f44d7a9a50e4bbb3258c1b79,1,3,0,0,7,79,0,46,1292,401.69
2465,aacb734af0150a564427ca99e422d73365adc988,0,2,0,0,51,38,0,15,497,202.21
2466,696c8fe49dd644476014e9f1eea7c8832104efbb,8,0,8,0,0,0,0,0,0,677.29
2467,6a1869292b4ac99419fb8e54438d2b099cd3bcaf,0,1,0,1,0,0,0,0,225,118.13
2468,28780d44f89665b7baa32ba09cf256c0dd097be8,0,1,0,0,25,15,0,54,150,136.37
2469,7b0c53b4c501690866523468f6c3e7f06438658c,0,7,0,0,0,4,0,2,2070,413.49
2470,8114f64842c1a057b416e78e1ccc620c6b26a449,0,2,0,0,64,0,0,72,284,196.98
2471,53bb5bda61b55b1a38806f0a60dd3ce0590c3fd7,2,28,5,0,80,123,0,59,1645,1622.54
2472,06168008ad8d2523d9a951ef499eb1c22bcf2939,0,3,0,0,24,7,0,0,662,160.23
2473,3c6713a9e77287bc3289338976c34ac6564de049,0,10,1,0,74,12,0,48,1024,705.18
2474,b7053ed2fa29f28c23b038067caeb3e56728ff84,7,10,1,0,10,12,0,27,1867,900.33
2475,136620391ca65e7744f9c9c94aee436eb88713b1,0,33,0,1,16,7,0,41,2448,771.78
2476,039c0829cfd0b7741feb881e865b91958032d9dc,0,1,0,0,12,0,0,1,18,75.68
2477,5facf2f733ff7913438d65ba6153672d7dc194ff,0,1,0,0,0,0,0,0,65,20.78
2478,dbd97b8ac0a9f4a6a6320c9257faf18a114f6c74,0,5,0,0,8,0,0,1,1300,280.68
2479,da46afa997db2a6239be881fff799b31c39e8fb2,0,2,0,0,6,0,0,0,125,90.44
2480,962a8b51531b2350036d20fc4685ffb95946f683,0,1,0,0,0,1,0,0,59,195.55
2481,f73c583516aa042a5d92df3fc6c80649d1068a12,1,13,0,0,63,14,0,77,2912,1024.16
2482,9a36178c7eb3caa9c7d6808cef6ef042af8813aa,0,2,0,0,9,0,0,1,332,151.45
2483,cfd0ac3d20ef78cab8d0b191a6a383650bad625d,0,36,0,1,73,12,0,2,3378,1061.21
2484,cfad3eb34595ee7efaf8f818f4bd8561a50838fd,0,2,0,0,264,262,0,5,312,272.66
2485,22e5179c376e18f0d8fcc334d4fa0d4019549f15,0,18,0,0,4,43,0,53,1580,417.89
2486,1541ac3b4c2221e157c41fa1c87c104057c9b304,0,3,0,3,0,0,0,0,660,294.19
2487,f3d14f02cd81fce1a02a0ef57c9ec98e19c282f2,0,1,0,1,3,0,0,0,160,122.54
2488,8cc2052f9b124ffc8c9955359b5a7fcdac1c53fa,5,1,0,1,0,0,0,0,50,327.59
2489,a9b9ae1fa9d8f737f162af5ddf2304d1c05edc34,0,1,0,1,1,0,0,2,163,151.37
2490,eecdb833ac67d7721241894f969ae5b6c771e539,0,2,0,1,0,0,0,0,684,287.53
2491,6c39736e4b63646ce85e460ca254b9d447b89fc1,0,8,0,8,31,1,0,29,1290,835.93
2492,c95583988db192ae1aefdcb1401b59673a718dd6,2,15,0,15,11,11,0,18,447,1019.27
2493,4199a834d31fd813cfafd47cc3c2c665cd05f3f8,1,1,3,0,0,0,0,0,48,152.41
2494,51563c3d14c2841a3bf1cc83269f35387fbeb453,2,2,0,2,0,0,0,0,279,234.33
2495,781711d789980b8b3540bc38d596c86812b5f6ae,0,2,0,0,2,0,0,15,201,154.41
2496,6664c735e6cf147436a97930ee3ef52d6ae7b15c,0,1,0,0,0,0,0,0,173,36.02
2497,92824651663dd1f896d33b237417453ed7b225e9,0,1,0,1,0,0,0,0,188,88.51
2498,cf4fb9561ee3570bbdb1b813ece661ffcac6b6c3,0,1,0,1,0,1,0,0,520,256.54
2499,2d2853c455ca7bfbda3f40e7651799ed48a2bb05,0,1,0,0,0,46,0,0,506,98.78
2500,727c9c06867f18aa8f94cd2e2278cda4fc2cd3d6,1,0,0,0,0,0,0,0,0,173.31
2501,e6911e75f183bf7352ab3e09396365bdc1231230,0,20,0,18,125,10,0,29,2954,1746.68
2502,00a8eb9d1b336e822eacb3271b2f61ea3c0df26b,0,2,0,2,0,0,0,0,599,228.04
2503,ffcb8d57e9e62e6d28b5fce78730c96670f8f8af,1,1,0,1,1,0,0,2,113,163.3
2504,5d3e6869f4a0d7048ae018e4c330c2c5aa1633cb,0,1,0,0,4,0,0,2,369,111.05
2505,9c781ec2210804387de936f18568edfb18d583fa,0,4,0,2,6,14,0,62,1081,451.11
2506,1d69354bc356f1e21c6fe348f03a0272b4abd50d,0,1,0,1,0,0,0,0,157,80.9
2507,eebfac87bd770ed1f2dd7ac647bc6a9b4e88d842,0,1,0,0,0,3,0,0,159,57.36
2508,30fab79b0d52402e885c67f5796263d47a4173f4,0,1,0,0,1,0,0,0,374,79.96
2509,092a86875ce6c45b2dfa92674d606f3bcbf0f31f,0,1,0,1,0,0,0,0,196,89.41
2510,412bcc36df01236f38ba02e5123f4240b189f2cc,0,1,0,0,66,14,0,9,159,137.4
2511,b0840299c3fcf2dd7d7ccacde4b6f33aa7b1c738,0,1,0,0,0,0,0,0,225,49.42
2512,c38c68e1bc0d6abf79c0d4f9ceea5bb2a8b8a1d0,2,50,0,47,313,313,0,0,2860,5619.09
2513,4c9353033673ca69e0e4ea42e6974af53a7151bc,0,14,0,13,87,0,0,6,1421,939.78
2514,d0aaaa83cd1ec81cfd8d355d157cdf9b05d839fe,22,1,0,1,64,0,0,0,260,1153.99
2515,84d613f771c150f9da03c5cf50e2c05515f98df9,0,1,0,0,0,2,0,0,124,48.91
2516,d1b47f6dd430f1bca5dd0ac5747393767f669a16,3,0,0,0,0,0,0,0,0,201.99
2517,3b682a98e949a052a907e501be067190d4f0a1dd,0,3,0,3,10,4,0,0,682,379.99
2518,066e454376da18fffdc24bc51744afb78848d45f,0,22,0,16,2,16,0,13,2766,1474.39
2519,6fe66930841a749bf1a596392c612090ca2bbb4a,0,11,0,5,0,58,0,6,1743,710.58
2520,bcb6459381e7378769ea41c4e3cceeff2c3acc6a,4,0,0,0,0,0,0,0,0,366.44
2521,080ed98b3a1c2b695addf3e37f2c21bed77fc81c,1,0,0,0,0,0,0,0,0,86.18
2522,3992fc6996178a618a8800934e4637e00af1acc4,0,2,0,1,59,0,0,17,1131,424.59
2523,bdd378c8b754d05a32ad260ada6843c104ffbf2a,0,6,0,6,86,49,0,4,707,701.81
2524,a96bf0d4357cc51032e142b1462e981f192ef257,0,2,0,2,0,4,0,0,453,251.88
2525,a7fbbc95517eb0a2c7c3557aa1a3fc87cae1b12d,1,3,0,2,6,0,0,0,283,246.51
2526,cb30f7a0e87105da581cfb9a280580f475e0e6a2,6,0,5,0,0,0,0,0,0,560.43
2527,18f9bd75378cf6a93b03e08cf8b39158122fca64,0,4,0,0,38,9,0,5,469,305.83
2528,8344bbcce3bb1b524e75e22def90a4be30083a25,0,5,0,2,42,4,0,15,378,464.07
2529,6c7c8b47752d22d7a5464de3c079b15bb068179b,0,1,0,0,0,0,0,0,675,90.38
2530,332a2fa9151fbcf8a843fffa2b8299b6d4a6aca9,1,0,0,0,0,0,0,0,0,58.66
2531,2f1050f7e0505dc9bd23e417be9d6d208065eb2a,3,11,0,7,175,27,0,179,2483,1657.75
2532,8dd2470162167a6bb051ca3383aa0c364a680985,2,3,1,0,37,19,0,12,105,431.39
2533,849ddf89469616fdf973820f718ade84ddd10c79,1,0,0,0,0,0,0,0,0,94.91
2534,d7ed899d1cb6af5b90b65fdf125ee16e477bcc37,0,1,0,1,23,1,0,98,632,331.26
2535,5a242f7aee640a8bb123804777d9306fbafe0d5e,0,1,0,0,3,0,0,1,36,71.33
2536,601fdd2ed7ffbae2ae516dc062538b018a7d584f,0,1,0,0,0,0,0,0,114,23.17
2537,31bae021b7639e2cba52c50df650cdd8f8677c08,0,4,0,0,132,2,0,71,572,331.15
2538,bf7663797c751fa0a290a92a649535b1133d613a,0,1,0,0,0,0,0,0,819,108.32
2539,187d83320449a76541e300ba27d10dc64efeb065,1,2,0,1,29,7,0,0,86,246.64
2540,0d43d8f8934be9fb6796d24c4029e5d89b4c3ff8,0,3,0,1,21,5,0,19,724,596.2
2541,2d561772e83d4d9e2d2a34ee823500dcff6d0ad8,0,4,0,0,4,1,0,0,190,152.69
2542,6eb306aa98ff546c71bbe8c1eacf961fca440ddf,0,1,0,1,14,0,0,4,44,103.78
2543,f6b353f4ee9459ee2c2501a3c02fc7c013bebc7a,1,0,0,0,0,0,0,0,0,61.03
2544,d74d4bf7e360de4c230314285725a54472e095d5,1,4,0,3,1,0,0,1,87,369.12
2545,9b1c4ff6686cac7d95734ecf56dd8eb90f7121fc,0,1,0,0,0,15,0,0,10,39.36
2546,24df2011ee183fc1f997a79e569c20b1c19f840d,0,1,0,1,0,0,0,0,22,34.43
2547,9690abb2c382fbf6309676456cb867f8e76e63d8,0,1,0,0,2,0,0,2,75,78.24
2548,e5eb3c85181bcd85f070be18166527673a039dfb,0,4,0,4,19,0,0,0,174,221.86
2549,939708223ba3d7ce050f75ca96d39a9a183087a2,0,1,0,0,1,0,0,6,51,79.86
2550,0212c00b2b0e75c6859efc7c99a004254445d0c2,0,1,0,1,6,0,0,11,63,104.88
2551,690ba565f0fbd8754a9f21d6595002ebcb825e12,2,0,0,0,0,0,0,0,0,200.34
2552,91ab01679b252c260455dd9e9856e3f253dc737a,0,7,0,6,12,8,0,14,411,522.77
2553,5e40545ca23c06d9d1e8700e50ac6b881b4fb549,0,3,0,1,12,48,0,5,768,436.24
2554,f17ccfb52eac786497dd2a7d150f5e361cfca5b1,0,2,0,0,2,0,0,0,14,82.74
2555,4cdf70f0e7d303954a84c684d035e4fa04e70beb,1,26,0,20,66,109,0,56,3455,2217.12
2556,9f1cac481c5c4da317a7c5844a7e266f4661a76c,0,7,0,3,44,0,0,42,1957,806.7
2557,533bcc62e669069c00ee690a6942f1dbc387b4dd,1,7,0,0,41,0,0,73,1662,520.47
2558,619430adecdf0ad0a31e7b7631e64b1863e07ec7,0,2,0,0,8,12,0,80,906,235.03
2559,f45357c765e9b575bdfa439f34879bb5ccb94980,5,0,0,0,0,0,0,0,0,262.19
2560,196c2f1dbabcf3593a25cb8c60e6ff4c6e0da502,1,0,0,0,0,0,0,0,0,273.61
2561,3c43e586a73db546c55c1bdc4961ba22c6aa4964,1,0,0,0,0,0,0,0,0,98.3
2562,71a721cabcb7df38054668aca97255e7b545b6ef,0,2,0,0,0,0,0,0,65,24.52
2563,97147a39ec17096b2c5dbfcd70a32c7bc5fce3a6,0,1,0,0,0,0,0,0,150,29.26
2564,b4ed23e3ccb037a5bcf12abc8de3b2b4b220b0e4,0,5,0,0,0,0,0,0,252,138.84
2565,db40aa164112b2c4de5867dcb4adb8baca9561a8,0,2,0,0,5,0,0,16,398,153.08
2566,09722ddb9cba15b5fe2c81d033c2b7b0bef18fb4,1,5,1,2,8,13,0,0,161,289.84
2567,43531347c701a73c05c7bae73df8de3ce4f0e5b8,0,7,4,1,80,21,0,8,831,460.28
2568,f050b708268b781fd86cadd96aeaf6469ebec7e2,0,1,0,0,15,0,0,33,225,103.66
2569,90846d7fef5df651bb5fdba27c8bce29fcae4c4e,2,26,0,11,119,124,0,36,2763,1827.16
2570,8504c51202ab6b52af1606c15cf5ad117a94af48,2,29,0,12,63,118,0,30,2006,1871.99
2571,5faa4191325ec831630f08aeebfc066943ac8a5d,0,5,0,0,0,0,0,0,9,37.13
2572,cf2d1dedc626a38d0a4a5336be98f0afc2b4ab42,6,28,3,7,58,192,0,2,2228,1627.04
2573,41f3199c1c23522a1f35093b5a12cd2b3d35a3a7,0,17,0,6,132,90,0,13,1472,839.98
2574,ad09c626e4a50b509b0b1765e93ebeb09935bdd9,0,7,0,0,19,3,0,0,1540,347.1
2575,f2a019e8e83808c5094fc17fe5703a0a96f20acf,0,1,1,0,0,0,0,0,143,63.07
2576,0c7fe86c398a5fff33f92d9970a7ebe8e517639c,1,7,0,0,15,98,0,7,329,261.24
2577,d06b2c5fca5d34556005c56c1bc8e1b12a7faf9d,0,1,0,0,0,12,0,1,42,72.08
2578,70b35d9278f527b919ff53516a40f8205f14d447,0,3,0,0,1,0,0,0,439,109.61
2579,fe2a2ab2a86b9a2c46eb35f8af69c7ae9982e497,0,28,0,11,154,418,0,22,3022,2352.19
2580,eaaaeea66ef5cf7591911ead9f344b8de704c259,0,3,0,0,17,0,0,13,669,451.83
2581,d92b111fc00e207ac910156f7485278770fda28d,0,2,0,0,6,3,0,6,347,155.53
2582,20fcb24ececd77a1017598d162e79861277149f9,0,1,0,0,0,2,0,6,237,95.29
2583,18014e8612c80d764842c4c0ba5c55adb23b1441,0,2,0,2,4,0,0,1,320,241.39
2584,39414ef0a69de97d62e8806556c6288333354b4f,0,0,0,0,0,0,0,0,0,11.75
2585,908cba56bbfddc933c80be053eed45bfefc1a58f,0,7,0,0,16,14,0,3,1184,398.69
2586,ddc1dc9da5b2cf6b0b54b943510d6ddb35fa4657,0,9,0,3,158,7,0,180,1361,767.02
2587,77b88ac13faa2aac19b8d0c5a9d9273b14276214,0,1,0,1,4,0,0,7,39,106.16
2588,62c28d6b0fba9e12224faa14be14c89706e4cffd,0,1,0,0,0,1,0,2,239,94.76
2589,f51f1b4c280372c709db00380885418e961e61ec,0,96,0,72,156,101,0,204,9323,6514.59
2590,93ecfc6406298b0e91e5298907e165fe391b3f6f,0,2,0,1,0,10,0,0,56,103.64
2591,7aacbf3994cca859d4097ebea117934899a7b684,0,1,0,0,1,0,0,2,239,94.51
2592,91b5a2b51a570f4e61edf301c04f18cc929accbb,0,1,0,1,0,0,0,0,34,44.34
2593,7d8c5c06eda9d1f49b6c55191d550c3d51cceb8b,0,1,0,0,0,0,0,0,648,95.62
2594,6cd4299723f13368cf23cff5831bf9404ef55b03,0,2,0,1,10,71,0,0,131,201.88
2595,1c086cedce5cfa6fefb4f1abc507fcc74526371b,0,1,0,1,0,0,0,0,33,41.86
2596,2a5b25df299ef535099718ac764462535d3b40ae,0,2,0,0,6,9,0,0,152,97.87
2597,762d50670a8e97d976184f528907814b75b299a5,0,7,0,0,73,0,0,11,399,490.39
2598,41809940bb7ec8c5e1c116256fef61efd3cf219c,0,6,0,1,28,9,0,5,950,434.89
2599,cc03f84450169bbcb36630569f4e70258e60bb51,9,1,0,1,0,2,0,0,82,497.93
2600,9b2aeb3ecfc53d695ddeebb6b1fed945380f6691,0,6,0,1,41,111,0,20,437,682.47
2601,cd07ed6fd9128655e8ad5b13bc1fe496f538e3ed,0,1,0,1,0,20,0,1,41,116.84
2602,32563150385a33e5907d711d29ec079c797e61dc,2,8,0,0,53,18,0,8,1502,667.8
2603,bf6061ed990ad86814d1703f8f82f70f55aba298,0,3,0,0,0,2,0,0,173,83.92
2604,dc825e304b8680a8809fcf0de0f6a34b19384d3d,0,1,0,1,2,0,0,1,133,137.84
2605,6344e57367110a654c3de7b571700ac566e7755a,0,3,0,3,2,0,0,3,113,163.45
2606,2006980be27debb604b40dc8f5c0ea229a4ae0ac,1,9,0,9,24,17,0,19,816,770.65
2607,6c261d3aca66be8fdba17662719c75fc69b073e8,0,4,0,2,60,0,0,0,913,352.08
2608,2afb4941b3419805aaccf1d841639d54ad8c3f33,1,15,0,10,4,0,0,1,2437,985.36
2609,8311ebc44c77eb67bfc3d08d47c405bab44caed1,0,3,0,1,2,7,0,54,431,236.72
2610,410821e7984852fa6016844efb50eda8d803c6a0,0,2,0,0,59,0,0,5,83,150.11
2611,d9c222daa93c856c7c116133a7613525056b0804,0,1,0,0,16,20,0,0,44,87.09
2612,badff63869e31281fde08b769f37ad2869627264,0,4,0,1,20,1,0,18,388,347.64
2613,719d27b21c332b56fce73f945e08075f65c0ec1d,0,5,0,1,55,23,0,16,683,475.96
2614,b3087b40c70aa597bc75f0546a4366d0c44fc0cc,4,0,0,0,0,0,0,0,0,248.26
2615,2c00032ffe8472dbe6d42da3b546424978751b6e,0,1,0,1,6,0,0,0,155,126.94
2616,33e2c08c522f4412d692a65346308729adaaccd2,0,1,0,0,0,0,0,0,96,20.53
2617,2242e76a0e2c3dc1921289033359f11db0ce8c9b,0,8,0,0,72,19,0,42,1045,536.94
2618,f73c5666a5fdb8f1fbddf6d5e8223ca2519c7bfb,3,51,2,36,67,227,0,17,1752,2597.68
2619,e9f9abb296ec926259955a171aa3fcb593991ef1,0,2,0,1,9,0,0,10,171,192.35
2620,ce56c947a82b18471be57bf3dee4a84e797d0a58,0,8,0,3,135,3,0,45,1400,937.79
2621,18a95e627d1ee6d57b3bc235c0b54845f26e4cca,0,1,0,0,0,3,0,0,12,39.8
2622,3acd7558fdf3db42f1c2b94cde52388d97c5e747,0,3,0,3,44,0,0,4,99,306.09
2623,3205c527bb5c971a3f949d6f5ee7d2fb052883ef,0,24,0,16,56,4,0,44,1500,838.25
2624,9dc354bbbfac0ad908660ef9bf67fe64c5bfcdd0,0,1,0,1,14,0,0,2,15,97.12
2625,021ad2b58385c64e2015810bba325f32d0925fca,0,2,0,2,1,1,0,3,148,219.29
2626,d15b7fe779cf9034576622e82ca8c450996b26fa,0,6,1,0,2,6,0,5,796,333.42
2627,4aab95da5de2449a86ae4279e91441784af87c21,1,3,1,0,0,0,0,0,215,141.19
2628,4bbc6a4c980eee767e6d98c3427ee690e676a88a,0,0,8,0,0,0,0,0,0,229.12
2629,f05d24ad61dcda29affe67bacd61926a657bb77c,0,1,0,0,39,0,0,0,286,92.65
2630,898f6fc628f6632c1c8636a92589b71af36efeb3,0,1,0,0,11,10,0,0,11,76.26
2631,29c322d4f4a35afeecdbb10099f1c4232065872c,3,10,0,1,94,37,0,147,2178,920.13
2632,0826225374b6f3b7489d890efadf8f243a87b79e,0,2,0,0,3,2,0,1,185,129.43
2633,90e0337c920cd4460a5d8c77deda2e123bd0dab7,15,3,0,0,0,0,0,0,41,833.2
2634,cafaa22765cdabd3a7eb4cfa0b59088ca2f78103,0,2,0,0,0,0,0,0,164,33.55
2635,525cb03668b6f6a6bdb4c5c91d350d2e1670c319,0,4,0,0,39,16,0,69,1872,542.92
2636,f1024ba0e7d5f1276a285a4218f26c70252719b5,0,2,0,0,27,54,0,49,838,316.92
2637,e29e46b57f7ece73f847de63420e22488574698d,0,8,0,1,1,12,0,1,88,157.65
2638,7244d04e68940a4fad4d3cf7203857ec084685e5,1,7,0,0,242,217,0,107,1449,900.28
2639,4b6af0b11831b68aba4b50c69563ca2264ddd85e,0,4,0,2,84,2,0,9,121,352.36
2640,bc613c8b31ff56ef61fdaffd5016ed7aa9395f3e,0,24,0,23,71,216,0,44,3056,2853.2
2641,707fe0c9fb3b2e59aa3c3e59f986112460928aac,0,1,0,0,3,0,0,2,95,117.41
2642,ca41f6aec9d87d57c08aae38a9516754683cbfc7,1,16,0,6,341,173,0,215,2032,1408.49
2643,a55185e4878e20d2594bbff871790a1450358a8e,0,2,0,2,3,12,0,0,162,207.87
2644,429a9404da2296227598ee0082e4a51e9b188fa4,0,1,0,0,17,6,0,7,117,118.15
2645,a65ee8f600d16596f6193af444265de515ec80c4,0,4,0,0,8,0,0,5,747,209.15
2646,76ba303b642d130221be0092425b282d28f8b60a,0,2,0,0,0,1,0,1,451,129.37
2647,a60c8d518e6ad45d8ff633f2792fe161ae2e2a78,0,1,0,1,1,0,0,0,32,66.08
2648,ea04de021394e6b19b797a8923fa4011328f36aa,2,1,0,0,0,141,0,0,55,194.88
2649,fa4a5c23bcd6916fb02e30f7b51e60be1c4470a6,4,1,1,0,0,0,0,0,3,417.75
2650,a5fbb39f9cb86d3f2192e4089189534af799558d,0,1,0,1,5,0,0,1,99,139.15
2651,bdafcd8a8d0d0cc2a18ceb93b02fb89086dcc65f,3,3,0,1,29,1,0,16,244,442.77
2652,7ac796859879d5d2d7c85bacd9a5fdd5a702aead,7,0,0,0,0,0,0,0,0,303.4
2653,98ea0a08888a05fe2fdb2addf9e332b34451c525,0,0,0,0,0,0,0,0,0,7.0
2654,4f22ebb515fc76da732f73349e5eca864d067fb8,0,4,0,2,64,34,0,9,195,244.56
2655,8676280d551b8e15708b24b1d1caca352e77059a,1,8,1,0,36,46,0,68,2172,780.0
2656,42de41bf2f3881079438795a8c77f4e697a5617b,0,2,0,0,1,3,0,0,33,80.64
2657,0abe9ea0b757d9300566185b8908fffcf7d0772a,0,2,0,0,0,6,0,0,40,75.61
2658,4d4dd5054da5d0ca5c1bde9a4c1c758494dc2a74,0,1,0,0,0,0,0,0,15,13.29
2659,3d5ae6118f5d942485a6aee5c312063d65ab789f,0,8,0,1,3,28,0,10,843,423.9
2660,a4efe573090eb28c4bdffe1c6d730ca6445deb88,1,0,0,0,0,0,0,0,0,309.29
2661,893880d812b83d3976e13989f8b0d473399c745f,1,0,0,0,0,0,0,0,0,75.62
2662,799c9f2e3b579129b40a5302b52f0cc919507cc6,0,1,0,0,1,4,0,1,49,111.26
2663,096d289b2aae23dea98235a04846b2e7696f6c5a,0,1,0,0,0,3,0,0,12,41.65
2664,66704bb3e0d937bcdd81b8426e8704a54f9c2832,2,1,0,0,42,12,0,3,102,262.9
2665,a947361c5b5e2ec3b023b923a5f9c72e6ef14334,0,1,0,0,12,0,0,0,50,62.35
2666,c7c94f2d3bca2bb923fd67690a5e5c6d345e3fc4,3,0,0,0,0,0,0,0,0,114.47
2667,b0fbce71030c7bd171f5ebd464b1a0d94961c270,1,5,0,0,11,14,0,7,255,346.87
2668,84c2bcb0d8cb4c2ce91f93686cf646a786a3fc60,0,6,0,1,36,13,0,0,1360,438.36
2669,b032ff3afb10f9e0158e133a8f5c447ad89a90b6,1,1,0,0,15,0,0,1,3,129.36
2670,a7d10395058f21f1c66375857c92544ef2a78ce9,2,1,0,0,7,0,0,0,145,188.51
2671,5442bf6027912da8a15050b34da01780dab598c0,0,2,0,0,112,0,0,0,229,146.38
2672,7a33284ba2b3317178b8f1b27ccb3d09a30d2f55,1,2,0,0,98,13,0,0,113,231.13
2673,280a2caaf6f22d414f9e0653d0c3d2862c6b6746,1,1,0,1,2,0,0,2,27,161.56
2674,9fb786da0ce2316a01363fb891afe6f386107797,3,1,0,1,0,0,0,0,35,206.92
2675,adab877fd2a9f4f7eb0a5232174d217b412160ff,1,3,0,0,18,2,0,5,270,246.7
2676,879afd70bbbed1e31fdf89be31a301b9c1eddc5d,1,2,0,0,0,35,0,0,122,65.87
2677,4b1ebf5fba2c116d38b4b5500a5312f7bed4dd3d,2,2,2,0,0,0,0,0,254,108.61
2678,3679f19d1492a7de52ce136a474fba72b0414ba0,0,3,0,1,109,12,0,7,266,369.01
2679,18b654fa2f6d495a6ad0c8050dd3abe870a1ed2a,3,0,0,0,0,0,0,0,0,188.65
2680,c08ea5d2da7c7e60dca0b6b78e3fe6686cbfb96c,1,4,0,2,3,0,0,2,333,467.16
2681,4244e6d8b11dcaf80fb2a3e9897f39ac24452852,2,4,0,0,93,17,0,27,166,412.26
2682,2e775ff6cb86845251b0768d9d40801095710261,0,1,0,0,4,0,0,0,54,53.8
2683,ea79186b7ef787991fa1c4dbfa29f26c7aefd804,0,26,0,21,289,252,0,72,3354,2399.43
2684,5cc81cdd1f71c740669c7c4284524499d6e8617a,0,1,0,0,25,6,0,2,103,120.15
2685,b3e405f22cd0101e111c8ede8d04621d8ada33d3,3,14,1,6,154,85,0,2,883,957.48
2686,a98b1043afeaeb13f6a770871208ba61397ec355,8,9,3,1,205,142,0,12,284,1014.91
2687,9595fad0ca029c29f9650fcc84b362a44188cbbf,2,5,2,0,24,9,0,0,141,367.62
2688,d7ef67073c6c2d8e669feabcec461b004eee3fb6,0,1,0,0,6,0,0,0,81,55.32
2689,b8b9b03806f70a975a7fb2ca6ce1c62ec0727bd3,1,0,0,0,0,0,0,0,0,62.2
2690,a13a44d17d806378fee4b36b1e84cf98cdbe0079,1,0,0,0,0,0,0,0,0,93.66
2691,74ce8d3b3a202aadb59b843582068c5ed21ca4d9,4,5,0,1,33,27,0,25,435,592.54
2692,37814278886c3ce45a1044554941044af2001b60,0,3,0,0,44,11,0,1,329,246.79
2693,7479b65f18004b3a8f1eb7a1347a80f4f143434f,0,11,0,1,0,0,0,0,351,126.17
2694,d61d87f3df85eefe4848c3fd97ba9fb2495d748e,1,4,0,1,7,6,0,19,301,308.61
2695,66d79073ee38cd849256863f9d5dca2222668e13,1,5,0,0,0,20,0,12,470,218.19
2696,6278a6c3478d333231cd0a5adc688cbbc3a7dd94,5,0,0,0,0,0,0,0,0,382.27
2697,1c1be8cb051f3b97e43a4b6d36f0bc35b459d63b,0,2,0,1,6,0,0,1,354,179.72
2698,7ff83012c0510ab100f283d299bd6c9674b5fabe,13,0,0,0,0,0,0,0,0,901.16
2699,3def816a432e48bd0ea2b9fbd2cc85a855a44cd2,0,1,0,1,7,7,0,0,7,98.38
2700,b01641bcc13631b0db82c54143670613babb7c0c,0,2,0,1,9,0,0,3,107,438.55
2701,7345107a4c7486f9dced49e7478217ad61f7aea5,0,1,0,0,11,6,0,0,112,90.08
2702,253b4cdadacd71247aedf2d647aef34f5d4e0c13,0,1,0,0,0,0,0,0,21,14.89
2703,fc36cf56bcf39dbbc759872c61b3346a0ecafd93,0,1,0,0,0,11,0,0,112,55.01
2704,7aec7bcd8d37b21fe1ebe308a12d06c4c5a7f2cc,1,0,0,0,0,0,0,0,0,79.24
2705,a146eac36d0275dc9b41940f51dad570efa85076,0,9,0,1,150,6,0,23,1222,533.63
2706,243b408085f6cc514c40628f618b3d8741767bb7,0,2,0,0,33,0,0,2,135,135.65
2707,101287a37d138a6af01ee90e835721ead4917984,0,3,0,0,704,68,0,41,441,627.21
2708,e140e97070a63595abd4967103578dae80637aa5,0,1,0,0,0,0,0,0,454,71.77
2709,7ad677b2d8392b8e83da2f898586a33d47939097,0,3,0,0,1,0,0,1,172,101.7
2710,0321e8e2cab7ad09747af302c8a9fd5ccee28700,0,1,0,0,0,7,0,18,384,117.09
2711,81f58a092abfcbd9b6eae693187390fd4a51fff2,0,1,0,0,28,0,0,11,359,115.86
2712,557e2ad88a1264b724889fb8ff2ec9f3ddbe9714,1,2,0,1,7,0,0,0,131,193.39
2713,bf96cec8c3a94e8d123caf7c353587f4970e0b57,3,0,0,0,0,0,0,0,0,200.28
2714,fba44a94b9e3dd7f87c391278f17ae55393dd51b,0,1,0,1,13,27,0,0,277,196.77
2715,e52fcf90c37f921f50cd75dfcb7960d2f37c5e74,0,1,0,0,7,21,0,6,269,137.94
2716,96568a4534040e41708f20d0c4491e12bf9632b0,0,3,0,0,78,74,0,6,833,322.12
2717,26926433cbb82ee1789622b6f9baf0638907a69e,0,1,0,0,0,0,0,0,325,50.1
2718,5e487064a28bb83391f1b421aab3b98fb927e3bf,0,2,0,0,11,0,0,4,233,104.51
2719,d90bf15744b9a28db2f3fb9269271e29ace54361,0,2,0,1,2,0,0,0,225,101.69
2720,44fdc64cc1100559c04d20e4896aa9803f2a0ce3,0,2,0,1,32,0,0,2,33,415.04
2721,8d2be3399d2ded71a26896e2e162bf942f3f156f,1,0,0,0,0,0,0,0,0,108.63
2722,8f4b8e4c989d1dab6acdd6700d1c945c489a4b3f,0,4,0,0,32,0,0,4,813,334.64
2723,e11a040b6c4502c7dc50529143554e9be6f7daad,1,0,0,0,0,0,0,0,0,89.74
2724,492f0041c8feedae0473e190b8fffd49761713a0,0,24,0,6,334,319,0,83,2762,1947.01
2725,2adafc6a9a59b73b5a0ce0b719db3e7c4d3e6767,0,13,0,6,25,67,0,0,625,685.1
2726,1cb1e0f1119ae9bd77644bce675d098c315cde42,0,1,0,0,0,6,0,0,554,126.82
2727,f359042ccc026e5fc257b99847b074d087a68092,0,1,0,0,6,0,0,1,109,84.5
2728,361836933266a558510bbe17057031bf7c04d6ea,0,24,0,0,297,1585,0,25,1859,2008.77
2729,a2650c5749d1c3eba40364123d397fdafbcf30e4,0,4,0,1,13,0,0,23,1027,370.06
2730,3eb7f5e964528686d98597d171e643a3ab67ae9b,2,4,0,1,33,30,0,0,467,358.53
2731,29ae10a22364e7d80fa8a920d9e14056a4985597,0,3,0,0,51,44,0,25,730,266.53
2732,b6c3a79f968110fbb9bbe0fe555e3e59688984ef,1,4,0,0,104,0,0,0,377,295.75
2733,ae975e869b3acd229ec8d3d7737266a0579937d1,0,9,0,1,73,14,0,36,730,636.97
2734,32440227eceb122008906878136156ffa839efa6,0,2,0,0,43,33,0,66,385,215.38
2735,c9aa4fd453ef48e62fdf66d7e8ed519f282152a0,1,1,0,0,25,0,0,0,117,156.36
2736,d4d427f95c7e19405baf0f1eb9aae0b56f386754,0,4,0,2,0,91,0,0,407,283.74
2737,f863fa345a08ee908e936a02995767fdf1405ebb,1,1,0,0,19,0,0,0,199,126.31
2738,e2818097c8f704f79fa85c5e07b34da86f081857,0,3,0,0,11,12,0,5,203,241.61
2739,f4153c46b403497c24de959a3d1a8cad5cfb99be,0,13,0,2,0,0,0,0,401,145.94
2740,c9fdac03f848d9c231cf0460eb34d832831ef11e,0,9,0,4,9,0,0,1,287,753.39
2741,9e5e73a0ae26f0471ede62025f2751fdb3685dea,1,1,0,0,11,11,0,0,11,169.18
2742,45bed7af76a9adfa27624979ad498ed8dfc41743,1,1,0,0,9,0,0,0,201,176.69
2743,4fe742635f3a6dced7b9bf66f9c34ef7c1e053dc,1,2,1,0,0,0,0,0,25,151.11
2744,7c24b0f7c69b817d5127bcd6e566cba038769142,0,1,0,0,126,0,0,0,0,80.6
2745,eec5188a671aca7ecbd4f70b2b6135c420c54a48,0,23,0,7,8,17,0,5,1146,703.29
2746,6ccb67fc1bfcdd795b8dcf0dd9b0bc8bee60244e,2,0,0,0,0,0,0,0,0,100.23
2747,6bd0ef94117a2d0997580fc767d464bf2db51b01,0,1,0,0,11,3,0,7,165,135.95
2748,34e6f2df53917878bde66379ebfe9a10be076ccc,0,2,0,1,0,0,0,0,174,85.06
2749,7e4c8c7e3547a5731714b314d901fb46daddc16b,0,5,0,5,4,0,0,4,85,378.69
2750,a1555ce84ae47edb8cd696f672935cbeffd3481b,0,8,0,6,148,20,0,3,338,591.91
2751,208f48279063c6452bbad7948df2efa2ba59561e,0,3,0,0,0,12,0,0,366,119.68
2752,9050111bd30f61c7fed6e545b285c0e945673a82,2,0,0,0,0,0,0,0,0,126.01
2753,f42f3e3bcbec1a580059c2424b859a22df618997,0,1,0,1,0,0,0,0,25,41.99
2754,96b62f0eb556dd720cc4e642046749af4b015454,0,2,0,0,0,13,0,0,17,78.0
2755,acb38da3a524020f03eac0213f6eec6f062c2950,1,1,0,1,0,0,0,0,13,82.42
2756,a0bfe4d0346949cbb206c7df70809cde160cedf0,0,3,0,1,1,9,0,1,230,206.19
2757,45d9b36e5f1fbf8e0ada7164cc6232b5b8238e32,0,0,1,0,0,0,0,0,0,37.05
2758,5ab1b666ed851733dc4640a9fa7b6666f1bbeb11,0,6,0,0,0,0,0,0,265,66.81
2759,34996a1aafd1b7ee8887478f9f1c52ff543f6c05,4,9,2,1,38,99,0,79,2692,1161.02
2760,5dc850ef4298ea0eaae8a1df3358e31a8885cc6b,4,10,2,0,14,7,0,10,824,891.59
2761,09632ed2372784806e5602f298ae5b7e7cb16259,1,0,0,0,0,0,0,0,0,77.85
2762,64c6ddcfc1cbfc88d2eaba2f774a1888ee965714,1,4,1,1,0,33,0,28,1298,451.31
2763,4f496b83d17435e55056135ee1daeeda618681f2,0,1,0,1,104,0,0,0,83,123.43
2764,63b0d8c8b147dfbb9277f6277aba2d8f959729ef,0,1,0,0,16,0,0,0,93,66.01
2765,440e73fda7374fe064bcb23dfb343637f21b18b3,2,4,0,0,64,1,0,6,338,377.79
2766,44ccde6503469391bca67cc0c71aedca13435f3a,0,18,0,4,76,338,0,23,1044,1186.14
2767,d124e8bb59fd9a95e6af9b40baf3438c02138290,1,3,0,0,449,0,0,25,476,440.91
2768,e5a33c3508d77bfa748ff84cf88873f91e5f7dd9,0,14,0,3,72,328,0,22,940,1061.35
2769,e29efbbcc1b6eedd4a145c11eab8eecba69a37fb,0,3,0,0,1,22,0,4,295,183.49
2770,0dd6554379d2ba0269f21f6018d5a86449b206bb,3,2,0,0,5,2,0,21,585,360.12
2771,a7493f7a58f2fb88421e2d02b4bd8cfa35a0b948,0,2,0,0,33,42,0,80,922,291.84
2772,aabb30e0f8fa265f0b748f73dd3d2a36f16945b1,0,4,0,0,0,32,0,0,250,83.38
2773,37a5eaf4677957d4a822798c7f5e4ff70cecd648,0,13,0,2,24,70,0,20,788,880.96
2774,e29cba57f0a03776287fea41046c21e6951b7fe0,1,43,1,17,18,45,0,30,3125,1752.72
2775,41a0069318dc4dfdc67ebb1b9ea6587933d4afd1,0,6,0,0,56,51,0,195,1349,610.36
2776,5c85e450720045836be752da75a57f0f750f7e1f,0,1,0,0,0,3,0,1,122,82.36
2777,e2bf9c5cc2ef397696521c24e32fe217e1ee4ef8,0,1,0,0,0,0,0,0,188,32.63
2778,fdaadf41c4c6c14f56557aa601fbdd4e0944386c,2,4,0,0,26,32,0,47,1336,595.41
2779,80ab5309d5d6fcf505d555e5b66f1a75cec3e47f,0,1,0,0,7,0,0,0,196,72.85
2780,1aab122b8a467cc53c52df91dd28514ff304076b,0,17,0,5,20,144,0,42,2612,1481.72
2781,c8dbe684b229cb463359b819e898de6e7d248f32,1,0,0,0,0,0,0,0,0,103.58
2782,2cbb93a436eaa78591677ca5ac3886f94471f485,0,4,1,1,12,7,0,11,574,304.07
2783,ee6c523fc2dc4aceafb04f0dcc757db237797ef0,0,2,0,0,63,125,0,48,414,267.95
2784,dbde1dce516815b42cf42523b9c1281631980e54,0,11,0,6,0,0,0,0,957,339.17
2785,49d97ff424b4bde551d2d236dccf72c94bd91d4b,0,11,0,1,4,12,0,0,1535,365.92
2786,799f7a9f64d6b06b1bf73749f273e4759218c317,1,0,0,0,0,0,0,0,0,54.91
2787,385b42d9fd284c23c48987dae294449740a70853,0,1,0,0,0,0,0,0,581,65.44
2788,c0e5d2751437a56b896684d2e2c14f70976cfb4e,0,2,0,0,2,0,0,10,246,100.78
2789,b49ce585d15a0708fdfcd868429085a561766733,0,2,0,0,5,0,0,66,531,160.89
2790,06baf89844af2cb07f08a1a55e6c6367afec28d1,0,3,0,0,2,16,0,0,206,130.51
2791,de80196067f6a46699e3ecb9d45ebdc68c5da5e8,5,30,0,8,15,28,0,6,3344,1326.44
2792,ae12bd7c46bf1438fe113af0561db71e017b0980,0,4,0,0,692,49,0,12,397,645.19
2793,8bc853ac71c5abe6476693360043f518e8c4c44e,0,2,0,0,10,0,0,1,114,130.3
2794,ea530c32ef84a4536f0a99dab4c208d6eebd0d33,0,1,0,0,0,3,0,0,81,49.19
2795,dd6694e5660ff6317661fb4250c8f871cf02aa2c,0,0,0,0,0,0,0,0,0,6.08
2796,968458b7c95aa887b4abc62ea7dd37a573937a96,0,6,0,0,31,325,0,0,457,215.06
2797,a17ec901b7d6426ca4ed61e949eea9347682d562,0,1,0,0,4,0,0,1,146,98.44
2798,37273f50af4a7b3c327e86810abbf98965994d8e,0,2,0,0,16,0,0,21,801,235.32
2799,68100e5c9414da6826ab04fc1d40f2ea6e8744c2,0,2,0,0,3,0,0,14,697,176.88
2800,2e01c80e400fc58712ca244e81b9d5cfa8b1822b,0,3,0,0,336,53,0,0,622,634.7
2801,2e5e9fd782776fab6480330e9b920bb584213f8e,0,1,0,1,0,0,0,0,112,92.2
2802,382bf304f042b762dc4b456da7605174de67d741,0,1,0,0,0,0,0,0,122,26.94
2803,5196362eb7e7555f06c730e0b9fa8c885d3fe03e,0,2,0,0,4,0,0,1,255,109.87
2804,5579008a1b6d0cfb5220fccc87d690b10ebd5f62,0,3,1,0,9,2,0,1,49,181.25
2805,b94487d6049bde41d908e8ffdd97431b074dd152,1,57,0,15,116,380,0,3,2564,2025.65
2806,6990ab89c23a50ae288edbc49c1b2f59abb57df0,0,1,0,1,0,0,0,0,121,68.24
2807,1c1f02282e795fbbe5a80c3f57506f5d21c97876,0,2,0,1,0,2,0,0,139,82.65
2808,5b41d36d7bd3b3602c06291c660871d064c34c18,0,9,0,0,14,4,0,3,477,266.19
2809,4ab2d9ac1f8f531bc5b5022c38ff1e0157c3a7bb,0,2,0,0,119,2,0,11,779,320.58
2810,dcda680f89dd055800dda89c6bd3b16567d4f35c,1,0,1,0,0,0,0,0,0,95.09
2811,2071f781b5777ee45d4f639bd2ad8a5cbd68dc56,0,1,0,0,25,6,0,0,29,80.38
2812,ec4bcb381b4d4d1d48f26d4cf4dfc9d1da5b2d3f,0,0,2,0,0,0,0,0,0,68.47
2813,18f95d2c6212c3306619663571ad3b73b8f7dd5d,0,2,0,0,56,1,0,15,220,207.33
2814,3f06f873ecdebbc5fe2ae934985a01ee095b6ea2,0,39,0,1,231,38,0,63,1057,2482.35
2815,404f39f19c4c48ae96293600b402529455911183,0,52,1,8,38,69,0,71,4884,1658.06
2816,ba8f2d2fac41a0cb7137f0b00f64f49ff718b1d8,0,18,0,7,0,1,0,0,3001,790.71
2817,340ebde779d5028dfdf38b2bed40566d57985335,0,15,0,8,0,6,0,0,207,195.55
2818,d2a5178014470591c155989158d3d8629a6ee0ef,0,1,0,0,2,2,0,0,43,79.41
2819,808ae18f66614ba4bc81c2f3007f913e04ce7b80,1,1,0,0,20,0,0,2,46,154.17
2820,f65c65b32c36ed687a5e8beffee74b13772bea01,0,1,0,0,3,0,0,0,110,322.59
2821,229fb8a376e39582e2e6727d816e447e0b323746,0,1,0,0,27,7,0,0,34,83.76
2822,0685ca1f6f48c728e6e3287ed9495c64f7da6a9d,2,3,2,1,40,1,0,0,424,477.38
2823,ef040d46347d7d9cdd7c11526200d74bbe100fe4,2,15,0,7,65,131,0,56,1234,867.25
2824,5b34bef7dba5c3842059a934e1c00d7c32e40979,0,5,0,0,132,41,0,13,1321,785.35
2825,c6dc3a476f9673d60f32dd276b72970e4d8a3c08,0,1,0,0,0,15,0,0,154,60.1
2826,c89cd0ca610f600c7fff0ccee9d870eab1f517a4,0,2,2,0,2,2,0,1,884,306.11
2827,ef7ac906862c4f693a0475992efc1e4692f5b1f5,0,1,0,1,0,0,0,0,50,52.22
2828,982e1e0905dcdce71977cf408b6fac97b6f8f45c,1,0,0,0,0,0,0,0,0,65.72
2829,2684fa92322de8489f519ea59fac3a0803b207b1,0,33,0,11,5,10,0,15,4411,1287.63
2830,a86eec175ea888a0ac91b3bb5c43177420c6aa16,0,1,0,0,1,12,0,4,50,112.52
2831,78a4283e64b339e936916ecdb35c694d369568b5,0,0,0,0,0,0,0,0,0,7.31
2832,578d613aca0fbdc332ebe77ed7da06c470e42682,1,0,1,0,0,0,0,0,0,111.3
2833,5308efd5b925bbbc1d20a1e2dfcf364ac91c1b0a,0,2,0,0,7,87,0,8,68,149.28
2834,526a1ed3d168ffdf4dee8183cdc95869b91ee679,1,0,0,0,0,0,0,0,0,61.68
2835,c3d3f94a824f4c2c1ca2f888804a5dfafe63a64e,0,1,0,0,15,0,0,0,154,62.96
2836,df31a017b5bad98ca933413ca402320a4bc32123,0,3,0,1,3,0,0,2,61,128.9
2837,40d1289d2a0f17fe3ab08957626121cb66948687,2,1,1,0,8,10,0,0,22,215.56
2838,aa289b793a00ea9a653d16197beca5ed7e335aa2,0,2,0,0,1,0,0,1,31,75.97
2839,a65b7591e43072742b9c8d36880f46a27d9822c9,29,0,19,0,0,0,0,0,0,2114.04
2840,a07dba6f1d8929ddf21e55d1bc1471045ea2a087,6,7,0,0,90,35,0,76,1429,1176.32
2841,38f84496ba90957ff462ec704215ee72b23367f2,1,9,0,0,168,10,0,10,170,534.78
2842,c798c193999e625d01c56c19632ac41545e17ff4,3,7,3,0,0,0,0,0,434,360.49
2843,10d288688cce8aa435f60109279b88e096c420ef,0,2,0,1,0,2,0,4,118,112.41
2844,d7312d83ee9af9a53c82023df15f7f58809c1afe,1,2,0,0,0,145,0,0,132,156.55
2845,f4c02ad1a060ee000b22be506e5b968cdffc1eac,0,2,0,0,0,4,0,0,33,46.13
2846,7f32534cf1110e489f38befe1128aba6e42c97a3,0,2,0,0,0,0,0,0,104,30.04
2847,f92071355d4afca336fd2fc5f537fb5eeaeee8c2,0,1,0,0,0,0,0,0,27,12.87
2848,d56565c31e3cf4af8888e77a4de9e0b0dfa08dea,0,2,0,0,10,0,0,3,626,199.1
2849,01583434ea14d1a73b538d72940cc5c77e009153,3,5,1,1,19,11,0,3,231,507.68
2850,f857cff02c9114b9b4553b755eb7552ba70c6372,0,0,0,0,0,0,0,0,0,6.63
2851,93c4b9ae8d633efd49d02dc1702185f670f9c6e7,0,6,0,0,52,3,0,32,827,466.15
2852,6f00c2c9b78e3a6f6b46016a26f0fd08d72d6115,0,1,0,0,0,8,0,0,53,45.62
2853,d555ff55ad38ab9648212c28853643eb0a53fc31,1,4,0,0,11,19,0,2,54,236.06
2854,4cd4a13415d609a2979c8fa3cf4b797c990ee8c2,15,48,0,31,200,92,0,113,5886,4247.7
2855,8d92304e6a6a26e6108cbef75a6eabe9755fa9e8,0,1,0,0,0,0,0,0,29,16.65
2856,f8798e23619769760f22d669ff268162fe889d16,0,1,0,0,7,10,0,0,143,91.73
2857,269ed2f1985e77a57bd01253656ead0bb8888c2d,0,3,0,0,18,0,0,0,179,121.61
2858,de2070e835fed185c97ed81d3949498c75fd0051,1,2,0,0,0,0,0,0,72,97.22
2859,c96dcf4595c5347a9e3495fcba89512bcd886fc4,8,7,0,1,11,1,0,2,262,739.5
2860,cbed2a13b8417c5f78f4f0ac1cea2f9b6e4f5526,0,2,0,0,0,0,0,0,94,289.04
2861,5dacdb32106be948647878547b62a0532d4d54e9,0,30,0,3,11,102,0,33,2791,1500.94
2862,e33e904765b7a5f1bd2ba400e355cb5d4edc47cb,0,2,0,0,21,4,0,0,130,114.96
2863,d4e94d131b4fc3a687da83f125082956c442bd7f,0,2,0,0,5,16,0,14,166,169.35
2864,3496bdeff7b3c64100df8e38c4a440a35e4253b7,9,42,4,2,217,28,0,82,3669,2022.55
2865,7183f4d44c6ec537486ac5df31e9f35c673fad84,0,1,0,0,4,0,0,2,60,84.11
2866,2ffeccff5bcd67443b58e1fb1f7f138eea57a30c,3,4,1,0,6,0,0,0,297,351.09
2867,f3c06bd2803cead07a7f62ba977f47e073ef0f86,0,1,0,0,0,4,0,5,42,75.69
2868,698bcc6f3e1dda5deba3eff4b46fe1c6b6391b7e,1,2,0,0,2,14,0,1,106,208.42
2869,5c8641e8b39f6daf6c8beb678c783274702ac1f4,0,4,0,0,15,4,0,4,425,308.4
2870,1c142484a3716712920867dd6faf8cd933696408,0,2,0,0,133,65,0,11,349,251.32
2871,966b189ca779eac7751fe4d8ae616e43840ead0f,0,2,0,2,34,1,0,10,206,246.26
2872,c2f2a5b20c2728ffbbee59ec90930fa58cba36f1,1,0,0,0,0,0,0,0,0,11.55
2873,4b8c3e899bb2f2b9ab801a455f7f4b052537af34,0,3,0,0,3,0,0,0,288,88.57
2874,885b5e7a6adcd28f2e9e6dd1853cfd07c22f0a06,0,3,0,0,4,34,0,22,208,197.09
2875,06c90d0b94bb68dcd0c0e0590ace3b7c74c70a38,0,2,0,0,3,112,0,18,491,198.0
2876,5b7ac5dc2457437e9deeba170f166e8a496d7808,0,1,0,0,0,0,0,0,608,87.72
2877,e2941303e6be71fa8498b8a2cbc077cfb3faef55,0,1,0,0,14,2,0,9,52,110.93
2878,35415f2a4c8830337f33aacb1064687c3c775dbf,8,6,0,6,7,0,0,2,307,874.17
2879,9e86b64149355c9be5c8595b4a3858aba7984181,1,0,0,0,0,0,0,0,0,77.83
2880,00442b4822bf5f11d9bae4a397aa7839ebcf37d2,0,1,0,0,2,0,0,1,255,369.59
2881,efbdceaf722807630cb76e4c80c67d2290f07071,2,2,0,0,22,10,0,5,544,307.69
2882,1e1101781ef2662a185c3b53befe0a3bb64f550a,0,11,0,0,107,0,0,57,1475,937.07
2883,95fd0fa4ba5d8f5633279a64c0d1c3a0851fb1ba,1,2,1,1,0,0,0,0,54,184.25
2884,36d5bf5fc6f0b69d6e1d05cdb199196071fee52d,1,0,0,0,0,0,0,0,0,100.07
2885,79af0aee1d45694084058b62af4c975b8df495e9,0,1,0,0,0,0,0,0,0,10.31
2886,da2c46705bf9a8cc1e90837bee1739e8cc6c0bc4,0,2,0,0,19,25,0,25,252,226.78
2887,cb9d679704f10b71e49cbd9b0fbab55f4284ae1b,1,11,0,9,9,18,0,17,637,594.09
2888,667be331ece87d56f695e4a3c944876fa51d3e91,0,2,0,0,0,0,0,0,692,157.55
2889,58a95ec462056273df261741ed19618e1e07bcaf,0,2,0,0,103,0,0,0,55,82.41
2890,f468356e4c87c73471dfb024977bf36e3578769b,0,1,0,0,0,0,0,0,171,35.38
2891,dc72904849873f817f0ecf3eb16871b21d4c7ec6,2,0,0,0,0,0,0,0,0,120.62
2892,ff8bceec7fca1394fb3a223018c6c0380d7eab2a,0,2,0,0,18,0,0,2,396,169.29
2893,6728ec52ccf8d77225282438056fa46c364709c8,0,5,0,0,11,7,0,3,369,287.83
2894,f90f172cfca0314bb820769bc3c54c5b88317743,0,3,0,0,6,1,0,1,326,180.4
2895,ad144f1e4e2fe3f661b75857bd34dc56bbdf2e9b,1,2,0,0,0,0,0,0,49,77.28
2896,b0557d08865d31762fb2ddb913b4aa7a2f3ed3b3,0,4,0,2,102,6,0,6,581,455.37
2897,4cdc6335910fcf0612585e8d787b7980641285c0,2,2,0,0,12,0,0,2,123,255.35
2898,98001d92044600323267f7408e7e24f1268d5c78,3,7,1,1,97,0,0,1,360,453.63
2899,1b6a3acfb7d1991ad8e76425e31792d38403b136,3,6,1,3,3,0,0,2,521,599.14
2900,1fff513721895f8cf8fe4f2ddad5fa2af64898f7,0,4,0,0,0,3,0,0,275,364.29
2901,73c138377bed9d15f4edf219d67cdf0d02f2226e,0,8,0,4,111,28,0,13,488,655.03
2902,7f7c972079498cf4925a5cc4e9d82325d339f273,0,3,0,0,4,6,0,5,963,323.03
2903,c3a38aec42e50c1277ad5b75f63c149e1ab637b3,0,2,0,0,2,12,0,0,56,85.49
2904,38ce861ff20935a18c9f29f9bba3195a7c404a7d,0,1,0,0,0,0,0,0,0,10.49
2905,cf18cde4e9fb8ede72b88ffaebbed43d5a9355d2,0,3,0,0,0,0,0,0,203,50.17
2906,fe9627c72fdbdb3c08c1540ab7d5d1cb3781c903,0,7,0,1,46,0,0,7,640,364.89
2907,443c5d677ff54775dbfbb592005a1405645159a5,0,1,0,0,0,0,0,0,38,13.28
2908,a6d188cda8ba527db6e0f3cee57df85821be53af,0,8,0,1,0,44,0,0,303,303.76
2909,0860c40c8c8fae7b7ff9aef9a336084a11c60101,0,1,0,0,3,0,0,0,15,44.34
2910,ebbc3a998afbea4b8cd23614daac001821ac4d7e,0,1,0,0,0,0,0,0,189,43.22
2911,9e1db4032d94827f9e66a91f6a9603079f347384,1,23,1,0,42,38,0,40,2589,1458.7
2912,d3df8dca8d3d09b8f17cb2598d93cd5a12481733,0,7,0,0,37,7,0,4,445,367.63
2913,b31ae3ac3533441d2aa687ef11d3e637a32846ce,0,1,0,0,0,3,0,65,153,89.94
2914,6c4afe1f3e98a1365322d1391fbda153e5e65f61,0,6,0,0,12,7,0,1,1240,435.89
2915,39fd71ae04faa2761579afdf4f13f97340b34c34,0,1,0,0,2,0,0,1,73,75.07
2916,987706266d75a4acb34a19a3a96ba6b36e0bd7f2,1,2,0,0,0,12,0,0,147,106.88
2917,093f24b58afdc00fcd89c5f49f1451940c8cf4d4,0,1,0,0,11,0,0,9,191,101.74
2918,96eead003ad5aef49946b9256fac2fe56d271fe8,1,1,0,0,2,0,0,0,41,97.04
2919,2bb3e982a71420caf81fbc9b2459a21ae690f446,2,13,0,8,20,0,0,17,1842,960.69
2920,656022012916b604a3bf955f0a8514ebe3b8d449,2,1,0,0,0,0,0,0,0,284.35
2921,468bcb0fc1e6d9b58fd0a272ba44cf19c285d71e,0,15,0,6,40,40,0,0,1043,635.65
2922,f0d39267aa00a80bb4e73c8fb4cfc1ea9d9c74cd,0,0,0,0,0,0,0,0,0,15.34
2923,d5ac3458f966a494db0fc6f4406b324010d9e43f,0,6,0,1,32,17,0,0,201,300.59
2924,505119b68db9050eabb80516e35fb1f0bba29eb0,0,2,0,0,34,1,0,6,310,193.08
2925,af2a765a5723532c6a87349de4c74ec613a7ee24,0,15,0,5,1,7,0,0,422,316.77
2926,7e4888dfe6ded643c3a21d7e64d5eda47ebf4526,4,5,0,0,68,13,0,79,978,612.54
2927,d97c45c6d1d33d69d6182e76a52d60334784e233,1,0,0,0,0,0,0,0,0,75.15
2928,8dc3ac4f1cb6a4f53b2fd0be0d7ff35a20cb574d,0,10,0,0,43,23,0,66,675,1110.04
2929,9c06e8cc25062bdf4dcb035bfeee6e594fcf7642,0,1,0,0,3,0,0,0,496,111.36
2930,b974e3a1dc88ff4f499181a5b599ec9680948242,1,3,0,0,276,98,0,0,304,269.24
2931,c561a51c132cb1b528a81ea3a71835fcb1c6c768,0,8,0,0,59,23,0,9,1468,690.94
2932,7ad6c8baee710254608c6f4a929cdcc0ba34c7d1,0,1,0,0,0,0,0,0,98,25.04
2933,8677ad9ad03cfaa37e654ebd8bd868928fbddff2,0,2,0,1,0,17,0,2,163,136.89
2934,1c465a0647b58c1a95f916b8b95d6a8067f2da2c,6,1,4,0,111,101,0,60,363,713.54
2935,e5f617d1557414456db1f00e7d5adeaded749870,0,1,0,0,15,0,0,17,121,97.61
2936,01a17b7071590563f124e822856d7bb66c265a8b,0,2,0,0,24,7,0,16,918,289.2
2937,e3984986226b10796f0169b47f2480dd55ed3f74,0,3,0,0,26,9,0,8,1094,300.24
2938,363ea248a756c10e03544dd4664b7bb2ddde531f,0,1,0,0,3,0,0,0,58,54.42
2939,5f0a3d4d3424392aef87291b2840b86e30eb0ace,0,1,0,0,87,43,0,5,256,189.31
2940,1c6d6045514263685232e841d9f96ef5f9d92a12,0,1,0,0,7,4,0,0,59,343.11
2941,3c299973f46414c0358bdc6b72bc7e4f90c563ee,0,1,0,0,16,0,0,5,93,96.44
2942,84bfba4fa7674da25cf70a734fe1644c66a2d1d8,0,1,0,0,15,0,0,2,58,81.35
2943,d80b929f57e3a52a4ce688acd19159236a697c7e,4,7,1,0,51,9,0,25,604,769.58
2944,60c1afc2a56818e631697ad71f466f7f0aa82397,0,3,0,1,37,2,0,32,986,359.13
2945,1ce11d3a38f0e310bb8287a51208ac2e42b13d63,0,1,0,0,0,0,0,0,24,13.18
2946,abe88b7972c24b85338033042b07cba64ca91054,3,16,0,2,117,129,0,33,1214,1007.52
2947,28a3dfd723bf370d86c4a4127228058e0218ce51,4,22,0,7,188,29,0,63,3255,2046.63
2948,2b0baea9b8a6dd99052c2dfa98cae719a39d6bbc,0,11,0,0,36,39,0,36,1362,1113.78
2949,6d8fea9602c7cd248ac29d9d5c2c2f1ade42c73f,0,4,0,0,38,1,0,8,362,284.53
2950,3beca629b8f11073415e8107784b2ffe4368f613,0,1,0,0,4,0,0,4,111,79.63
2951,6a40d41ac213772b11267203797ed8c83a937392,1,6,0,0,0,7,0,0,801,276.17
2952,b0f8ba06953f978516044db220a89cacbcbb2d5c,0,1,0,0,11,0,0,0,52,57.94
2953,b746f452e7187dad08340b9cfdc2fa18a516a6c7,0,2,0,0,1,3,0,1,398,148.88
2954,24d00598ab85186dd75f263563273cb3402304c7,0,2,0,0,18,0,0,0,1133,189.69
2955,f3930e3dba63d98f2b0fc7986fb507f9afa8283a,3,0,0,0,0,0,0,0,0,166.48
2956,f391957f3e226e302288dc177b538ce7672b3d91,2,0,0,0,0,0,0,0,0,126.84
2957,f82c61fdcf9cc8a77eb2aed0a38abc615e18ff03,0,1,0,0,5,0,0,1,31,73.95
2958,4b9c71d35fb4a630a4f5024e37c8c1396721ba4e,1,1,0,0,1,0,0,13,57,127.72
2959,9d57045020240e16ed115fab29f45b6d3f78a492,1,4,0,0,27,0,0,0,306,230.22
2960,c81d7b02e0affb875af2851fc7c611a1976d69a1,0,2,0,0,0,0,0,0,402,357.32
2961,22949fce59dedc24004e0f66e499eaed11274eec,3,0,0,0,0,0,0,0,0,190.29
2962,a83683a00f8d27988653e6eb0966a682ddefe498,1,2,0,1,10,0,0,0,86,138.7
2963,81b032a44a1cec1b241a889fddad79573509854c,0,1,0,0,0,0,0,0,79,21.9
2964,9ccc41fc8c8d7afcacadda81889be9d1742f5bf7,2,1,0,0,4,0,0,0,158,161.73
2965,856d5569c62c9a74be24750444c589ee11c4ceb0,0,4,0,0,60,55,0,6,1234,354.26
2966,95b0cadc896a8837a417e8eca47ba092166b7c47,1,0,1,0,0,0,0,0,0,119.18
2967,09c4c05f065102d79f7b88f2ecb2c6ae7c093d4a,0,1,0,0,0,0,0,0,79,18.61
2968,5a6e2e7b4e0897578c78c83b704e0943ed5c8687,1,1,0,0,15,0,0,0,619,172.65
2969,8a5579342a1042781b1f44ae3db0406e6adc5533,0,2,0,0,0,1,0,7,129,84.65
2970,3bc977591bf6248c158791b6519e9506a2d04229,1,5,0,0,4,2,0,8,1448,524.58
2971,6c6fc897a284c27dc904de98039814ec786e9fa0,1,2,0,0,1,9,0,5,333,207.63
2972,a70de7e3faef8afea0134c8fed1240d742cccb3d,4,11,1,1,69,51,0,57,2151,948.88
2973,08f189ad37a64b094ba86def8544687419c131ce,3,27,0,6,87,3,0,29,2958,1186.79
2974,229754d20076fd24f97c3c0b87cbf18828de8e08,0,1,0,0,4,0,0,5,473,126.06
2975,96e76a58417a820267dae1b134f28e988e903fcf,0,26,0,0,1372,0,0,0,2610,1701.98
2976,a84f8a1ccfc867499dfaf688b2f658f8a0f87ae4,0,1,0,0,21,0,0,14,136,97.36
2977,708426ba6783bc600e1b818c78d90d567a3734a4,0,1,0,0,26,0,0,44,308,128.74
2978,ed7c3f156ec632af6f5764fad8650a771b69c1d7,1,33,0,6,64,138,0,156,4003,1893.27
2979,ca2b287a7a78328ebf43766b9fdf39b56fb5fd4f,3,17,0,2,144,75,0,71,2044,1703.57
2980,ae32c18769347022e456f93e4a84d907a2a465bd,5,11,0,11,77,23,0,49,1626,1994.13
2981,b692b0496d86db352607a489f8a018fcb32ff4de,0,1,0,0,3,1,0,73,295,141.92
2982,6c827fb932efff77c8abcdbb407385898f9d8d40,0,3,0,0,17,0,0,1,181,137.92
2983,5fa5e50205afb41ebc39f197da07e87c0fdd0334,3,2,0,0,29,2,0,2,189,315.2
2984,7c4c4a9d2fbc7b2ffdbd4668a36c21d503c672b2,1,1,0,0,11,0,0,0,50,109.89
2985,5484d58e56a7fdb5ff7a9e9edff8ef73e27e7c71,0,3,0,0,18,8,0,0,451,211.58
2986,6ee874aa05e0eeda133bcc6100cb2330e1d27154,0,2,0,0,0,0,0,0,279,107.68
2987,73a94ffe480c7054afce3b5b16ae84e40feb05b2,0,2,0,0,26,0,0,4,411,141.25
2988,3a452e5bbabe1967ffc04aa34f2959d1efece282,1,1,0,0,17,0,0,10,214,159.54
2989,1a1a13e06511b5877f909c43f4d4320855490fc8,0,1,0,0,34,33,0,6,30,120.45
2990,5c23b8fc332f8f92fda36233b45dfa88fb86ede6,0,1,0,0,8,1,0,6,131,120.52
2991,429493d027700c3635c8045ad1087511e456d04f,0,18,0,1,71,84,0,126,2826,1344.78
2992,cd665b9e8abec2bbfecf384fe7273bd50f22ce67,0,5,0,0,60,14,0,2,935,336.36
2993,7b6b5a2e019866bf8fdd993775eab410e22f0f5d,0,2,0,0,4,0,0,1,126,123.95
2994,515ad3c3362af54efc4a36fe90d9b353c1da85c8,0,1,0,0,0,0,0,1,87,47.38
2995,191dd1d2ec1759a9065ba76a700dfd32f0eb8137,0,3,0,0,23,9,0,4,796,243.89
2996,8c1d82a8ec674de6525319501c6be2674e3143f1,7,67,1,14,251,488,0,294,9183,4321.25
2997,ff69b1bb2fd049d89f4fbd8c6946240a150043f6,0,9,0,0,0,0,0,0,632,121.68
2998,b4b633eab9a70e14d2e0dd5252f4b092a3689093,0,10,0,1,30,8,0,37,2722,576.07
2999,cb7039e3e171474a7635a73dda9c086c84966dd0,4,16,0,16,3,60,0,16,2599,1703.3
3000,c527a2b8f42aa0d57cdda4b0b5fb35dcba1a2538,9,1,0,1,50,0,0,6,27,895.61
3001,9035b6d0cfbe02a3b5d6d6726d3bd41e50586fdb,0,13,0,13,12,20,0,0,198,554.97
3002,1357ea3a40f747e4e51b5b52612323fe55747da7,0,2,0,0,29,13,0,19,456,205.73
3003,f3c54284b0dd20e360941d072b5cbd736acfec76,0,1,0,0,0,1,0,0,15,38.59
3004,fe91d4bea4b1b68477ae52ed0746d5be3f7c709f,0,1,0,0,2,0,0,8,469,139.65
3005,d55ba70eb0d09bf4f62da390f19f1b10a0a4d94d,0,3,0,1,23,8,0,3,489,289.85
3006,28863ee089bd0f81d6541a631c2d8699eaa71471,1,4,0,0,0,29,0,63,1263,382.15
3007,f13ad5b415a57e7d1c97319935a04f076cc1776b,0,1,0,0,1,0,0,3,79,73.56
3008,d4de9774b3237bb1850024b1208640bc50f7adab,10,4,0,4,7,0,0,12,680,874.19
3009,843139562ad14c4a5980a3477b67bc1b53676b18,0,1,0,0,0,8,0,0,141,51.09
3010,ef623e9b883dea3f57d0fb33c3af3a804dc041e6,0,3,0,1,0,1,0,1,345,136.36
3011,35438ec2f3b0d3babb4f9348a32df89a7376ae25,0,3,0,0,75,66,0,0,318,215.14
3012,49cd35a7632f32fd70eeefffc129ac764c1df262,0,27,0,0,1,0,0,15,4354,774.07
3013,9c5183495f71ad834285fd0778a4f8e350948699,0,1,0,0,0,1,0,7,462,123.75
3014,f4d522b7b3a097a8da261afb71adebbb737db788,0,1,0,0,0,0,0,0,3,17.71
3015,9ce6293075d1a2326df8a2e99c032445a555b28b,0,3,0,1,13,10,0,0,264,170.0
3016,0d0803f57ad05999047b0a5eeddb59bda7a48182,0,2,0,0,6,0,0,19,595,219.37
3017,3c5feae7da1a52cb928bccf7bee43d4f98faf2c5,0,9,0,5,102,16,0,0,833,539.94
3018,d76d1b0dcd60bbfea168368621a4a46a4f077c4a,0,1,0,0,0,0,0,0,134,26.1
3019,5cec8e8a7702e3a1515f406489087b55b9e9f902,0,2,0,0,170,70,0,20,947,353.6
3020,504228011f9e7cf339bffa64f0e18b7bd537787b,0,1,0,1,0,7,0,0,46,369.97
3021,c16f6d816899d8db7ff7c809d0c26be611b4d561,2,2,0,0,0,0,0,0,390,142.73
3022,5d4590ae38f3120c66e80fe354bbf4f29ed6fb5b,1,0,0,0,0,0,0,0,0,68.76
3023,32a003d5c0f507f4634851434e8ffb8ce6b880b2,1,1,0,0,19,191,0,43,379,215.89
3024,7a4c209a80d7b1389f2e843d5aacd98dee997496,2,7,1,4,31,15,0,13,933,702.05
3025,cf29798b20572db29051c0c67658e18ac92e998e,0,4,0,0,68,2,0,10,966,528.77
3026,da60630455c55cd9b238313999f3ad3e2ac0009d,1,2,0,2,15,0,0,0,142,199.58
3027,fb3bdeac0b0c73e905945a1ecdbf29bf83ba3a6e,3,4,0,3,24,0,0,1,1014,840.49
3028,76d4a75e823c31a899f2143fb6be185b90e55532,10,48,0,48,435,56,0,127,1870,5481.96
3029,3f511953cde583a9735f88a600e50ed8fae029a6,0,3,0,0,6,4,0,0,498,194.44
3030,1d00cff8b913e2256c7ec2ce204b01c82d7214d1,2,1,0,1,0,0,0,0,37,211.67
3031,e7c4c8586e80a768b4a89990bf29b9cb7dd11888,2,6,2,5,82,1,0,5,1013,1049.23
3032,53c7a8944dc92c457aeaf089f35fec5c53eb5a36,0,19,0,5,12,0,0,0,725,414.98
3033,8ea6536050ac750f934157728445fac376ecaae3,0,1,0,0,0,0,0,8,532,97.23
3034,ce65fb6161321c72310d3ba8c52b31ec557233e9,2,8,0,2,4,0,0,0,1158,394.66
3035,03c6160e47bc2ab613a2734388aa22f83323e6a5,2,4,0,0,51,43,0,11,799,569.5
3036,a9b1daa125f109280027f9df3029bb4c49a0f326,0,1,0,0,3,0,0,34,298,110.88
3037,52f9cf63e66a53592ea952c154e9e28ab4bce3b7,0,4,0,2,31,1,0,18,158,359.1
3038,26bc321c31c6625f782a1adfbc97a91e1cc0d288,0,4,0,0,3,25,0,15,740,274.75
3039,6d9a40d83c3e339c4e820a6b3632fc85ebcbc3de,2,11,1,0,5,11,0,0,82,278.59
3040,76273ec28fa69d76d7d5aee86984bab432b9379d,88,0,75,0,0,0,0,0,0,8129.82
3041,6c9aa29082396f3b16557cf087df08b75a7943d3,0,1,0,1,16,0,0,0,109,118.04
3042,a82248617fa560a97a9f097346ef0104a463b1c1,0,1,0,0,0,2,0,11,404,125.34
3043,f982d40cbffe0ff2429456abefbb992a770df4c5,0,6,0,6,0,0,0,0,320,257.9
3044,0e2b44fc590feeaca38e2a86ba8b771d3bd4ea0b,0,10,0,10,22,0,0,15,224,454.0
3045,19ac4c6fd04524ad9f9a45fdbef789dba784b374,2,4,2,0,19,97,0,1,113,337.97
3046,290ba9f0a7e9655748fe578c287f58db63b2c87b,3,1,0,0,0,0,0,0,29,119.59
3047,5bb1cb1c78cd1ea5ac117c8fdd92f1ed44ec9de4,0,2,0,0,7,4,0,7,78,178.05
3048,6bf3d1ef428e1fc2f14047f150ccb36f6057f965,8,0,0,0,0,0,0,0,0,437.76
3049,7d82dd1ffd582cd6290bbb0ec623d13fa48d55f7,0,9,0,1,33,27,0,18,159,442.67
3050,91d27473a2213b7c561ba1e69acdf5da27ac687d,0,6,0,0,39,117,0,4,78,301.06
3051,a0d9ef514ec848470a56df1c1ea509dc28c30b3e,3,2,0,0,74,18,0,3,43,269.97
3052,c643e641cba506ea15cf1042a6bc985a08d55ca9,3,4,0,0,31,71,0,1,98,359.64
3053,f6ff8a5635e93408d286f71ecbb365e5609c5406,0,2,0,0,73,16,0,3,50,153.31
3054,010c00c86d845367e41f9c476f270179e36b9b55,0,3,0,3,16,11,0,12,86,381.24
3055,39098a5810f2488d6e9aa1628c0422c4525cb201,5,17,4,12,14,18,0,7,217,1028.61
3056,3ccdaf09a417e1fbeca9c5d3affd3d6d85eea5eb,0,4,0,0,31,14,0,7,125,293.35
3057,486d7e0c227d116ea0acb6bc62dc72c8c31f127c,1,13,1,0,17,14,0,12,139,436.36
3058,48d80bd683e737898c2e7deff963f909c78c8942,0,1,0,0,23,2,0,4,30,108.66
3059,78558649f8d0f05e21f1c268bed632bd6c235078,4,7,5,0,11,27,0,3,147,672.91
3060,8c2193354d56003c8ee9485427effe06e6faad28,0,2,0,0,14,80,0,0,64,373.67
3061,93354e92aa2e652f83181831f93821f33956f52c,2,13,0,1,20,11,0,7,144,598.54
3062,937412cba7b5ac3b25017b0191b406489138d28a,15,0,15,0,0,0,0,0,0,986.77
3063,9dfd75ff196009f734ad795eeb5fa53089ed093d,1,13,0,0,59,34,0,5,103,520.59
3064,c1f7a09d356954ab97dd41a68782a99db6715b48,5,4,4,0,0,0,0,0,31,330.37
3065,d38c5739bbf6db7ed04f67710493daa6a9ceb516,3,2,0,0,0,12,0,0,7,222.65
3066,d3d90dc2ba13b2abe29361106b17064bbadbf36e,0,2,0,2,8,4,0,2,81,172.56
3067,038f4f9679801c46da322fa05b2c049040c4a17f,1,1,0,0,31,7,0,5,33,160.16
3068,1debcc299578a695a4fab3b259a217798b6e3246,4,0,0,0,0,0,0,0,0,199.34
3069,241f4dba8607be1cbd44b60b552d5a8f0337e1f0,3,7,0,0,47,42,0,12,169,502.64
3070,4f1e52957716342a4b15e239b5dae8df32bfe195,4,0,0,0,0,0,0,0,0,192.45
3071,5d40e871cb2b1f2dd4628c8b42e79cab99f907e7,0,6,0,3,42,11,0,6,152,484.76
3072,63a2dfdc7de091344be1179719d7528943043f5a,0,3,0,0,1,0,0,0,155,72.39
3073,6d6d8a5ae0fc3b5cab0d58a6132a33861a929a0f,0,17,3,0,34,93,0,20,246,719.31
3074,820b58dd82d8cccec588409fd170a0cb3f8f052f,2,2,1,0,2,3,0,0,14,195.34
3075,87865c1b50a7831bb837ca8c4a5b17a15de17d08,0,4,0,0,33,31,0,4,71,229.06
3076,c7806ac0a499e8afd5aa62b107ae37fca362fc4d,1,2,1,0,0,12,0,0,61,164.1
3077,cc0b496fb6e5ab0c49a4e80c48eee8d93ae4a2c3,1,9,0,0,76,10,0,11,164,518.41
3078,cf867f51bf22e86922690abc4ce56b17b77f4e8e,0,2,0,0,0,6,0,1,21,72.0
3079,d5f2d7fa6e93a256d9daefa1cb941699e314dcc8,1,3,1,0,0,13,0,0,73,141.31
3080,f4551a83c5abb7e8cb936b37a2a8a210309d4a23,0,2,0,1,2,0,0,0,10,356.88
3081,02e7747c397b02f970adf6575b56c99ee4287aa8,4,4,0,0,43,6,0,4,88,461.08
3082,04a717e08c0c13165bbdf52bca41a4d864463db5,0,2,0,1,2,0,0,0,53,111.01
3083,1cb9016d21096d815eb080161f9ed80f4f356425,0,3,0,3,9,0,0,3,82,294.44
3084,26443e680f61c744d52531021b236a9a945d7ebb,0,2,0,0,9,7,0,0,77,97.69
3085,28ba7390322c7070b7b163442519ee2a6e372d12,0,4,0,0,7,9,0,0,139,103.15
3086,37c46f832f24a444a1fdf6073ce581bf1fd258f1,0,5,0,1,31,37,0,0,123,292.77
3087,41130d5a12a95e1dc7315f6b44c247d8a1a1e2d1,1,5,0,0,37,26,0,2,111,352.72
3088,68acdcb1c256f947c521acda1f6f64126c03c709,7,4,4,0,6,0,0,1,131,626.45
3089,87c11cfdbe6a5cba64d54178b690ec46c7ea3415,0,4,0,0,1,8,0,5,71,203.45
3090,960cecc9683534476d55cbf3b646c8225181d13a,2,0,0,0,0,0,0,0,0,95.74
3091,98063ff6fbcb106e8df0febc6fa20d73bbd741db,0,4,0,4,37,31,0,3,109,467.81
3092,cd21bce6ce72a9361ba8d7acfd4ce02026900695,1,0,0,0,0,0,0,0,0,75.05
3093,e34bcd2c71810772b44090a34fdabadd8350ee94,1,2,0,0,23,7,0,0,67,202.49
3094,fecbe358ef838a06875a89c4e1ac991a4b9d3704,4,5,4,0,6,0,0,5,170,481.46
3095,258023d8030d03584017543cd502dda3d7c87b6f,0,2,0,0,58,21,0,3,31,216.04
3096,7bff50f1c214a355999f2698afee34fb65dbfb2b,6,29,0,2,73,76,0,16,616,1065.74
3097,7d70f4991f9551e8b44024c2142b2b738eb58a25,0,5,0,0,64,23,0,8,121,369.27
3098,a6fecec2c0a49660c94d39c0f31804ff24a2b42c,1,1,0,0,34,0,0,1,70,139.26
3099,b1071d8e3274195000a9392d8f86bceccda78de7,7,6,0,0,21,60,0,7,128,604.0
3100,d6396081d565e01d7b450616903d3a43b7a716b2,5,4,7,0,0,6,0,0,131,827.39
3101,f660d0583ac63ce7e4202bab45315677d8150075,1,4,1,4,9,20,0,5,152,449.62
3102,55f880bdbe4b61003646c0f7d37f241f458c1e87,0,1,0,0,40,2,0,6,69,115.83
3103,6ec360311a74554afa703e374793b701d546e26f,0,5,0,2,65,12,0,2,182,215.33
3104,b933fcbf24b992e96487641d7eb132bb9cdb537b,5,0,5,0,0,0,0,0,0,373.25
3105,bca5dfd581970a383b782fadc9e5299b3ae692eb,2,0,0,0,0,0,0,0,0,93.04
3106,c147c355eb9f74305ad18f81bf28888f2d6092fc,1,0,0,0,0,0,0,0,0,52.45
3107,d1fc3385fcfaa0dc142be05a506a9c83dd03dcf6,0,1,0,0,3,0,0,0,85,52.19
3108,d8a1321144350118e768e743f936b05bc3885ab5,0,6,2,1,3,3,0,4,172,320.04
3109,dcc0e2e961b07e0fcab1b944b29916e11cc455e1,0,5,0,3,5,4,0,2,437,395.52
3110,ff431e5afe3f0879dc276e6ffbadea0760d14676,3,0,3,0,0,0,0,0,0,219.07
3111,306ef32fe0998b50d117a865eff9be52bd48b96c,1,9,1,4,0,9,0,3,134,359.32
3112,34b9f7db5f0194eab22156c95c4445eca3152b53,0,7,0,0,2,20,0,1,119,165.07
3113,38d108aaf8ba197c93b5f52d76a9d9eec2a4e85d,2,0,0,0,0,0,0,0,0,162.86
3114,3ae8663210606a063e7f22f375fc42528425118f,0,5,2,0,12,8,0,5,46,322.21
3115,73c4e336f5540844548fc38f5024407db58f63c1,0,13,0,2,31,6,0,0,200,294.14
3116,7ca4718e09d5abf87582ab85c795ac8bc7fe684a,10,10,7,1,0,9,0,0,327,770.1
3117,87fd433f5becea5d8ebae2d22b5a94da4a788e4d,8,16,10,0,3,8,0,0,379,774.2
3118,9fc91543b548800451d093627b5a7c35bee68ab1,0,13,0,0,12,10,0,0,293,246.38
3119,ab00ad6bc566a7fa446000294969239a23c9d6fe,0,8,0,0,12,6,0,3,72,198.29
3120,cef2a4d04c36081ac787f2b9cdd392b50f87b94c,2,2,0,1,0,0,0,0,120,439.16
3121,f42bfb22e5587b32db694e47ee1c40f4241b243d,2,6,0,0,13,4,0,0,50,292.48
3122,fda345540f43dad7084ac89561f2acc50b24c392,0,17,0,0,4,10,0,4,281,493.32
3123,33e480328cd4107660d4b6b9bbcb00602113d2b8,0,2,0,1,7,2,0,3,89,210.11
3124,3d6462b528e9a3208f336c69919a913199ed508f,0,1,0,0,1,1,0,2,29,95.11
3125,4b03b9bbae42f4fde886fe06728a9b67fe396e13,0,5,0,0,21,7,0,7,390,277.02
3126,517eea96305f4794a0e2ce961c7cee304a5fc11d,0,5,0,1,45,11,0,8,370,264.81
3127,65831b771b835a9989ec970fcbc8a7ce8bb9400f,1,3,0,2,41,0,0,2,146,165.49
3128,700b38d79335e049c013b10a86389a2439118a23,5,15,2,0,19,17,0,11,626,666.9
3129,9b34c8d2b42a9b33cea80d0f26e8efba63a542ff,1,1,0,0,9,1,0,2,60,149.92
3130,abf758de69b694236ce3d71a883de33fa1cefb58,0,2,0,0,2,4,0,5,262,138.04
3131,b8b928f9d0a8ce7a6204674c8fc1be1b5c37ac8c,4,14,0,0,14,28,0,7,572,668.24
3132,bd81e2c339a640c38767b3e7001c0de3df518c3d,1,8,1,0,22,7,0,5,301,439.07
3133,c2ec3cbc5c8e18891275c12ef283bd1a293324a1,2,18,4,0,17,61,0,15,635,860.24
3134,f350b9da8450dcdd765cab3a99031154f68af597,0,5,0,0,33,9,0,10,376,281.97
3135,f9cbd54d2a514cd6bd65b1a126ae45663807cfff,0,9,0,2,37,5,0,5,412,345.57
3136,01997bdd5610136f078a2437b32bffef1acd28ea,0,15,0,2,31,13,0,39,447,766.54
3137,13e9f38db72ab032017900d746c1f01998fd27da,0,12,0,0,14,8,0,13,322,548.29
3138,48ae7ca6cf4c8158e5a2daa95b5c9cad4271b91d,1,4,1,0,2,4,0,4,98,198.49
3139,966a141faab194924d4edb90518cda0c0aa82efc,2,8,0,0,30,23,0,10,136,483.56
3140,981ea475f68a224c11839ca43ca900418bc87c23,6,40,4,1,8,34,0,33,852,1456.13
3141,98e087fd091b9c3519d6f241a0525a756c486b87,4,5,0,1,3,4,0,0,31,338.56
3142,cd47b2b4185d4c64479c4ff84f9251c06f13604c,1,1,0,0,0,0,0,0,28,60.86
3143,ef76b59c69e5bfc4cfe52c853a7042b4a1a3068a,0,2,0,0,2,2,0,10,94,141.04
3144,0eba9a866bb143d1601cdd072fea74c264b91991,0,1,0,1,1,0,0,4,15,86.94
3145,2fd380e6ecf8d69f66462f1ccfd1bf7df1a37f30,1,5,0,4,6,62,0,46,137,527.0
3146,32c6701e8db9c6e267e678992f1e624a4cf5b35d,4,5,3,0,15,0,0,23,229,548.98
3147,348e85bbaca428038a89ed4a4706518876cab615,2,16,2,0,42,11,0,31,539,959.39
3148,6e3809fba763561e4b967017b9e6e07bd4846f14,0,1,0,0,32,0,0,3,95,97.65
3149,77b7dccd3a30719a8d0bac82fa0ae49f2e9ac889,0,3,0,1,12,5,0,11,79,144.62
3150,8951d92177e4fa541742364063cc90ea141e84a4,1,1,0,0,3,0,0,0,0,100.86
3151,976bc5730fba3d623debab3316dc74cf0f2394a8,3,6,4,0,5,21,0,15,364,489.74
3152,a3809ee29c89d59b5ca31bca480bbc0702ab7993,0,3,0,0,0,0,0,0,96,33.73
3153,bf519157bb5f29d7cd9fff0d0ede34d4e75b9f73,3,4,0,0,0,0,0,0,112,191.35
3154,e1c059d300ea49a73f4bf767cd6c9ba14503bb8c,0,6,0,0,6,4,0,9,390,317.92
3155,ffdbb0301720eb45b2e9cc9c54a2cc58017c3e3a,0,19,2,2,53,15,0,12,366,515.55
3156,6be31d5c963edea6d2e4c716eaa4cb4cb0e2b0f3,0,43,0,1,90,87,0,28,1153,1243.35
3157,6fbe897b5e83c062f8828fe9dc3dcc7c2f7f7c4c,0,33,0,2,1,0,0,1,682,299.33
3158,7c80dedbf2f412a9ef30a7c92e6d484f6f298aae,1,8,0,0,31,62,0,3,299,274.67
3159,9840f820629d473c7d4e86ba3aa2dfa57b5220d6,0,1,0,0,14,15,0,1,114,108.83
3160,9edb62746ec8a8e335ce31f12783274599ae71a5,0,2,0,0,19,0,0,5,58,435.66
3161,b76232b745cf96ef90c4ac3f57a2f54964b07d40,0,7,0,0,0,15,0,33,234,239.69
3162,d47377fe424d9a898d7b79dbe56e3e5e56b43059,0,9,0,0,51,48,0,6,613,404.7
3163,d740d112c754a2b821912df44830cb4839b62e77,2,44,0,0,44,23,0,9,1240,828.28
3164,ea4b082a8d7012eef75a91ee21765c0be279a1d9,0,1,0,0,12,0,0,1,156,88.28
3165,fcaf6ab26b4960799eef9cd7e6bd72b9647c465f,0,3,0,0,1,0,0,4,165,90.63
3166,fd5ebc79baec5da9e566f15c8e556dbf954593ac,2,15,0,0,10,30,0,3,723,423.94
3167,38638c8c8f82092e8b261501f017d14eb13592c8,0,6,0,3,30,0,0,2,183,302.51
3168,393cf18c1359fd9de6035c45c8234bfc25de1980,1,7,0,5,115,15,0,4,463,608.1
3169,581d0da9ca51d7e8a7573223aa67cf245423ebdf,0,8,1,0,3,21,0,2,367,207.7
3170,5ebe51616756967ef00046affec34ab6cd8bafcf,11,6,6,0,19,16,0,0,355,912.49
3171,7f91c57d548f2c8ac0910fc8f8d91ba6b37a6450,0,3,0,0,107,14,0,3,114,206.91
3172,83a2911abbf19d3a25578fccc4263a7902e8b3e3,0,7,0,0,40,85,0,8,331,363.68
3173,84f7a45998578cb66a0b7ea52b3f2872eeb47cc7,1,7,1,0,75,116,0,2,399,414.84
3174,e267208bed1f2c4f995c043e5936a2fee53282c6,0,7,0,0,25,151,0,2,188,305.36
3175,f7adcbf6cc4d2f75912ebb8ae5587036024e0a5a,1,8,0,0,8,51,0,3,322,213.51
3176,05c5b48ae983e12773fa984198b880cd1f6002bf,0,1,0,1,12,0,0,7,34,109.37
3177,130e5f15e4d2f6723d13ec8badaeaf96c0f615eb,0,6,0,0,129,53,0,7,357,385.54
3178,34d53c2a564fabe4ebd9374a9423eab95df84647,1,2,0,0,23,25,0,13,194,273.48
3179,3c07d6897721b9934cf833a62310d67134fa3eb7,0,5,0,0,0,0,0,0,63,33.43
3180,98850048959f847e7c585aad91c0312e18ea7a38,0,7,0,6,0,6,0,9,148,707.64
3181,a5e1f0aec1b10e33142133d08aa946b36fbd9058,0,2,0,0,149,23,0,16,194,265.93
3182,adeee2b971cc553feb546591b5ed06f2c8baa17a,0,2,0,0,17,136,0,9,207,228.76
3183,ebb18f211d3164ddc5671c69847dca8879faf834,0,2,0,0,9,8,0,7,189,182.8
3184,f30581c70b851ffa5d9d72a785d11f97798491c4,0,2,0,0,16,30,0,7,194,222.47
3185,152541085db1aba33ef8e98b1a088dd08bd2e8bb,0,1,0,0,164,41,0,15,89,149.48
3186,3b5ec860ae107d92679b8f68e308ac577c3f9617,2,4,2,1,71,36,0,6,398,421.99
3187,5030bec4de6b00cdd3cfdf4d10804ec8a8f6a130,0,0,1,0,0,0,0,0,0,37.52
3188,63346f7ef23d6b67b10f2bf89883758cb621fa00,5,2,0,0,11,21,0,0,348,364.22
3189,7941e5cd06aa5a8e7013eaf540c9fe8ae6ac047c,0,2,0,2,0,0,0,0,8,49.13
3190,7bedeba74f2b0bf650a411c743dcd5866c85cb56,0,9,0,4,1,12,0,6,386,324.57
3191,a6d09db3859f370f851357efd21bfb50655f9b39,0,2,0,0,103,79,0,10,278,233.44
3192,aa63c8236e1c7a63f0731bd95efe86b15376a190,0,4,0,0,47,60,0,5,462,240.68
3193,ad67279e555f674a2816b5cb321086de26c5a36e,0,8,0,6,3,0,0,4,114,298.74
3194,b22a9e92021e295c9e34aa0a1e5c5dc8f9aeb49a,0,1,0,0,4,42,0,3,227,128.43
3195,bb01ea01568afb2903e32c4934b110368151b625,0,2,0,0,63,27,0,4,305,208.6
3196,cc7d7ef26b70cd1ba3280b52b9a13ec09993eb95,0,2,0,0,54,68,0,10,299,213.65
3197,d4d8c40c2192dce6a8c70ac05ba9dffe86a76bb0,0,12,0,1,0,0,0,0,596,158.71
3198,e2a2a49f10890d01f2c8816804721ee0e64381b8,0,2,0,0,79,65,0,7,288,223.92
3199,0a260cbd3464af155ff087060786ff7eb281d880,0,1,0,0,89,0,0,2,99,106.25
3200,3ac92935a2dd3ab1fed6bb8a510d05efde69026d,0,2,0,0,64,99,0,10,357,519.47
3201,54c6a0d97b54645ebe486bc11f22f6e88bfb8eb8,0,2,0,0,242,8,0,15,413,277.59
3202,7ed317993d3565f0351c3c86dada4d36f1369225,0,2,0,0,27,106,0,14,549,211.57
3203,84e67e7caa0dcbb2818972e98179d0120ebd84a4,0,3,0,0,77,31,0,8,363,299.19
3204,9a5801cac6fd95a199d057d50076794e8e0d4bdd,0,2,0,0,6,106,0,9,510,176.17
3205,9b31a87b1cd6bb231677cd8dec059b7ade080481,0,1,0,0,0,0,0,0,212,39.53
3206,a59e2b6d6e2f30feddf75032e54eebf55661788a,0,2,0,0,0,87,0,4,429,152.8
3207,bd87f043c4e0cd27ac88689bfc1f12fc540c3fb2,0,2,0,0,2,21,0,5,408,176.18
3208,e3f0f4bc3369136f525d19a82182bb9d78a786e4,0,1,0,0,119,2,0,5,247,164.11
3209,eaf7febb2167b562bfed9e41be679fb318dadbc1,0,10,0,1,13,1,0,4,351,212.01
3210,edd8968601f80db0baa32fb23b5ae553b3f53f38,0,1,0,0,0,12,0,1,101,78.92
3211,f8d671b57a8e518c198465c6d2ac0f7cd61f5e0a,0,2,0,0,0,6,0,0,109,59.5
3212,22fa55b099eceddde24d654917806d4e9f555d0c,0,7,0,0,81,2,0,6,194,258.1
3213,299b2e983ca57a48054afad4dfb90202c09fabac,2,18,0,0,222,40,0,50,1172,1093.35
3214,687ff8055bd21934fb5c5ee76ae7d638d02643e5,0,4,0,0,11,37,0,23,120,302.18
3215,6f8f384b846881faa9fe24abf67e92405de60926,5,0,0,0,0,0,0,0,0,174.5
3216,81fd2cfe5fa93fa53d2235362ca97dc8a19d1069,7,5,1,4,27,0,0,8,167,505.58
3217,98967ea777193a554ca1c39739cd1e87c761e8b8,2,1,0,0,0,0,0,0,40,69.6
3218,9b46f38035b0f7c7697a132912e91330328e3f4d,0,2,0,0,2,4,0,2,74,112.84
3219,a2caec7eb05de89629bf46ef9928fb4e585eb11a,1,4,7,0,45,44,0,12,171,560.98
3220,e43219545c937573183e4ccf0928a8287813958e,0,7,0,1,32,10,0,16,126,785.18
3221,e547f4f874d59f866f39f20e156aaade46e2cc87,1,4,0,0,0,23,0,11,170,187.05
3222,fc1490665e8f9b2f53b954e981eac094fcba8e9e,2,3,0,0,5,36,0,4,167,257.89
3223,fdb55b54da6528131a2d3059aa00d3ae7e65a4c1,0,7,0,1,0,13,0,3,144,219.39
3224,fe142630fe64d42df1cb882102d9e4dc9ad27231,2,1,0,0,0,0,0,0,65,136.88
3225,266a7e367f23315f75a22647007942674f0ad309,3,22,0,0,29,10,0,13,1425,633.47
3226,413227c924d14a9c1468d85b1de6961138cb137e,0,2,0,1,6,0,0,2,75,165.04
3227,42751b10ab79e8bb8ee2bf5a8d3d6248b304c78b,0,22,2,0,11,10,0,20,1446,724.84
3228,68ebfc48f76b49e12b7c9bbc5c6220591d392696,0,6,0,0,17,17,0,6,151,286.97
3229,76dd218d4601c36b56adefdac328d3a95414b40f,1,0,0,0,0,0,0,0,0,63.69
3230,7f20110bbe4ea0e22a02c9bf836f44e025c0cde0,1,1,0,0,0,6,0,10,48,119.41
3231,ac58ccbc9deb59efcaf51652ed64cdeeba6d5d4c,0,4,0,0,0,13,0,1,204,97.73
3232,bdda53134655b828972ed82c270076efba70f107,0,13,1,0,73,32,0,15,353,597.7
3233,ce54860365626ec04f2c968afdcdc39b730a6147,0,6,1,0,23,0,0,14,209,220.64
3234,e841da52efd9e43c05093103bc31e7fe53e5e6b4,0,3,0,0,0,0,0,0,47,31.83
3235,08d2ac6288dfd8c754b801011f702af6e5590961,1,9,1,0,5,31,0,19,355,613.82
3236,16d90f0dd5ee3e75a0a3b0b4c5df6f004e08a608,0,2,0,0,96,118,0,24,537,289.31
3237,26f4fcb6661593c8b3a4a37238c1b75e429219be,1,12,0,0,106,106,0,32,1010,964.35
3238,2d17a6cda14199e0efdbce8b22dcc5249a14ac57,0,2,0,0,203,167,0,18,453,318.6
3239,3c4d5b1f11f09b8b76e3c5e6430b0c7312d563da,0,1,0,0,2,0,0,2,73,79.36
3240,4f5b68d6647453422dd94647f81c2f952db7deb4,7,5,0,1,245,201,0,26,486,889.32
3241,53e54a60172d4e93a94d45e97185c66b3cb1c136,0,4,0,1,185,202,0,14,556,420.4
3242,900c8d8ee7da0108509a925f7dce51c681c2e35a,1,1,0,0,126,125,0,8,277,225.34
3243,955ee99f7fa93e5a3ab5694a38cac8bfe9aab5d4,0,8,1,0,3,20,0,13,239,478.24
3244,a68d78fae67135ffdf17e7f2ac18040b68cde3f2,0,4,0,0,139,69,0,5,673,376.37
3245,bf3353598d698d7dec2848870c8cd19bf3d90b7b,0,2,0,0,0,0,0,0,0,14.78
3246,cf27df66b8136f4d33dc7137ebeb66f4a1565879,4,4,1,0,44,0,0,0,50,398.76
3247,f7d22986b2ef0a8bbfb96dfde036a61e7d125917,6,6,9,0,128,197,0,15,706,884.32
3248,4085a27419632bb9c29276143bc1b163a6bf1e3e,11,4,6,0,163,147,0,13,317,898.05
3249,45e3871051566fb4f5b1f3435d165c4274df2028,0,4,0,0,67,68,0,6,810,279.1
3250,58407efbebdec066ac518306c6821faa01fbe35c,12,15,0,0,34,39,0,59,713,1517.75
3251,7d87160ec603507e808862516eeb3c2d0d1c21a0,0,2,0,0,0,0,0,0,529,76.73
3252,ac08ec2ad89837d9906ce2ea21ef26ff703703c6,6,15,12,0,73,66,0,48,611,1554.09
3253,c5ae0d720bb95cfc393d37320a79599145b8fed8,6,17,0,0,19,1,0,0,1076,518.05
3254,ca1e41dab966179bffdeaa6971d217ec161b0b96,1,15,0,2,45,36,0,61,638,1170.3
3255,d341b5e18b9bda8c9f6a3cb86cc272d36e27ea5f,1,2,0,0,9,0,0,0,681,212.99
3256,d9d476e119e3e37c71770a7b8eb641c573aa2787,14,16,7,0,3,0,0,1,1026,1084.95
3257,03b0f8b7498b94c0f9a6fba2c92fbed874b9275a,0,25,0,2,99,10,0,30,989,874.06
3258,105b59657a0160d42a179bee4ba07a330a4593fa,6,8,0,0,37,38,0,26,629,902.89
3259,683277fc5c9297c5b478631945e41ace311502d8,0,2,0,0,4,5,0,7,99,154.21
3260,794e28046aaa23d56e333edfb2af319e39d38779,2,19,1,0,41,72,0,16,916,1092.92
3261,7b780ca6e769ecf19414e930c4dc9e45559f237c,5,5,0,0,45,27,0,16,493,613.89
3262,8fd500ec1c9ea48507d4833823ba3fe4bcd82d09,0,3,0,0,1,32,0,14,776,286.36
3263,98107e18c2147bad3c381ab4c446298a30be1210,0,2,0,0,3,0,0,1,690,150.86
3264,c2aff8394bb6954e911e31cc912816c0fc196e21,4,20,0,1,108,32,0,14,942,834.21
3265,c9d95f1da86504fb165cf8d4c19dfa1dcaa9eeaa,2,1,0,0,0,0,0,0,273,166.73
3266,ce2d67fdd4bbade702b82ac97cc5be7a61f792c5,1,1,0,0,3,3,0,2,83,154.7
3267,d15a8f04797053b647c03fb088e8ef2ee03055d1,1,8,6,0,3,17,0,9,664,592.58
3268,d6c56edd401b5d386bae139fcc7b0c7eafd52974,0,6,0,0,3,3,0,0,604,167.62
3269,e7e266ff9fe1a2f4df0eb335488509bd8341c1c6,1,5,0,0,59,0,0,4,741,294.6
3270,3b787e29a6c48c4b5453963adb548539cd27e54d,0,15,0,0,38,69,0,9,1066,694.49
3271,5c98abda4a9c401c1d01d362621f97905199e21c,6,37,0,0,14,9,0,4,1994,889.78
3272,680b48677fbc56444e712c6a049ed4288812ec3b,0,3,0,0,21,14,0,6,163,196.11
3273,716aaa871efbb04d2ff49dba1b120fded54120e7,8,37,6,0,103,249,0,57,1766,2102.65
3274,ac168772c7ffb6f971dbfa0fa67f3125f9a05464,3,10,0,8,32,1,0,0,138,433.78
3275,ad1a95cbabf93f7716b505f1b21cdf839f728d8e,18,56,2,0,200,55,0,38,2122,2287.47
3276,db00b86191351575f83029cd8631237e65bc4f18,0,7,0,0,1,10,0,0,201,120.22
3277,ee314940357e720195bd3cc6fe540223c666943a,2,6,21,0,0,0,0,0,247,755.26
3278,11abb7ab2d1d87e30f3ec729f0179204c248cbb6,1,3,0,2,12,8,0,5,199,355.44
3279,2a79bb25bdd451fbd9cd299fae1d156c643a1e5a,0,4,0,0,38,17,0,5,213,284.22
3280,3dc8b2647923d9912444283fea2615c4b4375cf0,0,3,0,1,29,640,0,8,137,561.98
3281,3e2337e4cae6b56bd5da9c3fe9cf8825b579d663,3,14,0,0,327,51,0,5,660,738.73
3282,46990c824aa0141ced9b1e5421c368cf4abf370d,0,10,0,0,62,17,0,69,570,836.7
3283,4c9b89fb05fac1c9c026b142867db3731e65533f,0,2,0,1,0,0,0,0,33,38.62
3284,a1116c3f16c0ed89ce19c2ab4336a6aed1097058,4,0,0,0,0,0,0,0,0,192.6
3285,a3b1dfa02b0b58f7a05fd26e1cc4c8c59df2d22c,0,4,9,0,330,18,0,11,455,623.92
3286,dd9ebec529134f8f8aed8a8dcb9a9e722aadeb39,2,12,0,0,19,3,0,12,1128,436.03
3287,0721d185582cd68a8d70b7ffa36d7c62e35768f0,0,3,0,2,4,0,0,1,164,180.1
3288,1704dfd79186a547cac5f67c779307532160cc3e,2,8,1,0,12,456,0,1,407,419.39
3289,1971b67b2b071c798e225ddf63731aaee45fa003,0,2,0,2,4,0,0,0,48,132.57
3290,51dbe6e901d7cc173f5e7b63d424e73d60d793fe,0,1,0,0,0,0,0,0,71,18.82
3291,5f6cdb60a717effa520319b15f25df4b6232090a,0,1,0,0,0,0,0,0,71,18.17
3292,9e6abe1f536feb190b4076bfdeb50c83ba635330,0,34,0,3,27,9,0,7,1288,725.05
3293,b5dfc9481f37cf57b559fb39a6d51d2fd53c1660,15,8,0,5,37,72,0,0,79,1168.42
3294,c92727b8ee5f74f97f3e1d0283037662c86d51e3,6,31,10,0,400,21,0,7,1092,1259.78
3295,fb819588c025492004bfa2808cf97b7a29cc895a,0,1,0,1,21,0,0,0,0,55.18
3296,0d46177f41bf63e393bf9c5055981b0e4282d45b,0,0,0,0,0,0,0,0,0,7.54
3297,25222de43682b8b8ec9e7da852f9b64f4ae4586e,2,15,3,4,93,101,0,38,505,1022.76
3298,6a45336b5b512a816149b41915c99567b58aedca,0,21,0,2,121,72,0,29,694,929.04
3299,7904f10a8f8af772b27521793deaa4ecff7322b6,1,0,0,0,0,0,0,0,0,49.13
3300,b9d0d0b59dfb2776df27af155edccca6ca77498f,0,7,0,0,59,99,0,32,381,809.74
3301,ba25a0b066d7e6ac5fcaa0be8b9f17705427ade3,0,0,0,0,0,0,0,0,0,6.57
3302,ce56b1466dd851e253f2fa1042ff1157d74949b9,0,4,0,0,75,37,0,35,274,355.14
3303,e196ee63582fbe94dad80f33612c860b12383d12,1,14,0,1,116,86,0,49,526,825.16
3304,097516746f26323569bea2f76d6044d81ed6cd91,1,5,0,0,206,125,0,38,364,617.56
3305,48512386d17352d551234f5004066262e3f665c3,1,5,0,1,20,29,0,0,226,335.63
3306,4f4e975c171f72e7ffd1e31ce8e3cd501700ca27,2,6,0,1,9,40,0,10,250,392.37
3307,8da89a746dfd167cfed9ad518ac601b708be1cb1,2,8,0,0,68,26,0,13,530,610.4
3308,a39148af9a0e3632121de89b21a3d9ecd0f09f20,0,3,0,0,0,27,0,20,208,166.14
3309,a9ffdfddeaa63be0d5527f6121ac8e222c9777aa,0,3,0,0,5,3,0,2,172,137.61
3310,adfb62aa0d1e869b11b26aed63daa60ab3688113,0,9,1,1,2,13,0,2,330,244.93
3311,ce7a8996a5b1140a8a6b731b7ed86a233227d009,2,6,0,0,12,38,0,14,374,380.32
3312,ed422377e7370381e61d27d1480641470946d236,0,7,1,0,56,45,0,18,492,599.09
3313,f1d4b258b3ecb185c5e552e647102a0949799f62,1,8,2,0,25,17,0,0,531,361.99
3314,25484701aaf11ed1fb913cf3cc60d9ad7b1c4ffd,0,2,0,1,5,11,0,5,66,200.15
3315,26a5266bb21dbbb683013e35938584c341649e79,1,3,0,1,25,0,0,8,325,292.58
3316,2a31b8a3667f32f0c1d728ea69008d07586964d5,0,1,0,0,0,0,0,0,86,24.47
3317,44c378aedf445d718782ba3e5003bd76ef3ad092,0,5,0,4,20,25,0,0,31,182.05
3318,55df54da633ce54fa2315ef5600620ebd5efaa5c,0,3,8,0,2,20,0,1,276,426.86
3319,586edb622e38dfb24c04e7ce8329c3ae03e097c7,2,10,5,0,53,38,0,31,545,794.92
3320,926403e95ec8dfbde6dbd571ea81371c6f22147b,0,4,0,0,4,22,0,2,71,496.73
3321,a7702c096548a65220cbaf9cd895a7a3b84fd4bc,0,1,0,0,7,52,0,2,19,148.89
3322,cde1d46344741ff8c87d2bad62d2f49e05fe3fe8,11,5,8,0,0,0,0,0,286,768.86
3323,e61419465ec6dbbfb27c687a25e8948f59e4f7fd,0,3,4,0,31,43,0,5,54,394.1
3324,eace47be2958c8fa0845e473486a58c6a1086b33,0,4,0,3,31,45,0,1,34,239.8
3325,f8425f1d1e9c6846a684bd2745623b14b11ddd51,1,6,0,0,25,55,0,7,281,379.15
3326,108eba3ac94e3199583e0472c11c74022d38e250,1,11,0,3,72,5,0,46,764,778.97
3327,269b09917fec597a02a78136498a3823e205252d,0,12,0,0,10,14,0,2,839,407.88
3328,28ba85b54d5446449a10c2e08486ae5d64345acb,2,21,18,1,64,73,0,11,427,1154.23
3329,2cbc142c0c35ff090fcfcd5a084e5c99f6d2f7b7,10,16,1,0,58,83,0,36,870,1142.99
3330,543a27deab6a83f7a938e035893b8917f08dea61,0,11,0,0,17,12,0,22,765,408.67
3331,839d46ce9aab6f4ec53d44a61dc75030b4900a35,17,36,10,0,285,293,0,69,1071,3005.12
3332,c145afe89247281b37a0cbba6121f5610e49c7fd,0,0,2,0,0,0,0,0,0,61.39
3333,d3ba0b3ccd77f96e6942463e74b785e05901f3df,0,1,0,0,14,42,0,2,31,109.1
3334,2e3606c0d4a59d96760b7acc542e6a46b6334898,22,26,0,2,43,14,0,8,458,1253.92
3335,3e337a0435c0980d4780e706f98a92f3e12d1fd5,2,5,0,0,25,2,0,10,511,445.16
3336,3e93ea6d5f2ac89d4df9d55642f1d0e80418d26f,1,2,0,0,1,17,0,1,79,162.78
3337,6691674b08829412a2e14a5e43302c889c22e540,2,4,0,0,2,8,0,5,506,409.4
3338,697eb774e84b43e9b7cfef07fe812a05e1a836ce,0,9,0,0,48,77,0,27,249,495.57
3339,7e7051b38cebdb779103ec1de29bc00be8695590,3,26,22,0,201,104,0,21,351,1792.82
3340,84759dad6438088f10ea7d02336a0ca422e4e0ea,0,4,1,0,8,18,0,5,506,586.72
3341,e509ba9596c3c3783da379706d9e65e02a118f64,1,1,2,0,1,0,0,1,5,199.8
3342,082779ca33fd332b8817dbfb6545d40300f8873e,0,1,0,0,3,0,0,1,21,75.86
3343,386a33289dcaec76224845ceb2db0f410568fa23,0,11,0,5,9,26,0,10,91,226.43
3344,6452ca067bd40ea746aabde2f74fa0ebf2b935a7,0,1,0,0,26,29,0,0,13,80.46
3345,6c2a1b3e93c8230ff90cf754a33d01769fdcf54d,0,10,0,0,2,0,0,4,397,229.0
3346,8fb273ad25aca1c6f453e0ba9ea32ba6f467aabf,0,2,0,0,10,0,0,4,171,131.05
3347,916c3a83ebcc678c58919da58b514ff48aabe550,0,14,0,2,9,3,0,10,503,333.49
3348,96434ab57c9229e535a8317d7128932006b9f3c3,0,4,0,0,2,11,0,5,231,218.19
3349,b39305f864b40eaf52d5a799edb09c7b898095b0,0,20,0,0,37,26,0,17,710,716.58
3350,c804ab5fb255121cf1f1a31983cd57adc7fc1743,0,3,0,0,18,98,0,1,67,202.59
3351,cb205d3a1f8d8fa9cc71f197d35b92d25e0a5623,0,5,0,0,0,3,0,0,269,99.47
3352,f24480359f186ca6095f93010b879253364ae10f,22,34,2,0,74,131,0,23,725,1702.99
3353,03aaf820d0ffec628540ef946f5cc7ca46251d00,1,0,0,0,0,0,0,0,0,55.87
3354,4f94e2fcc3226b578f7b70ee35329c8cd239aabe,0,2,0,0,23,3,0,7,44,153.44
3355,7322ac24d6823a02ff0e49bdea7d21fe4e651d39,0,3,0,0,86,9,0,0,201,188.72
3356,845b1ddd83f5585327685ed9ab9f1a1f0a5d0eab,2,10,0,0,132,494,0,11,274,678.56
3357,9f4d7b69479b579736b015f417ae343235b44964,0,1,0,0,0,0,0,0,7,14.08
3358,a1d3d8f5d6e835f96c00e4682deb84c8a055f9be,1,4,0,0,0,1,0,4,201,144.94
3359,e31a9813f43a24e145f54fc073ff01f5342f6815,0,4,0,0,0,0,0,0,164,47.47
3360,07586af4ce74bf3c2d59d288dcef27d3f2dfb4e7,0,1,0,0,7,0,0,2,41,372.83
3361,08f578c73a7972a4f9f1e84fdea7fcb903801faf,0,2,0,1,0,5,0,0,57,96.68
3362,0dea5d1dc7a49f6bafc678242a2cf23870e3c0b2,0,1,0,0,0,7,0,1,41,74.56
3363,5875dacbc28ebe5b2fc9caff8173d756f8b5896b,3,5,0,0,96,55,0,2,172,460.66
3364,615dd87a7bf55ed010961cac2a167523a5b86ffb,0,1,0,0,0,0,0,0,48,17.54
3365,b9a48d3c8455b28d86d4fec07b02ad31b4685100,1,0,0,0,0,0,0,0,0,61.61
3366,bbd1ed6352f1d70cc74eaab596678bdf8800c953,1,11,1,0,22,17,0,8,644,595.11
3367,e518e0d08b4ed7c447a746855e5780941ceb5f40,1,22,1,0,49,29,0,3,947,815.28
3368,f9d032360ac9e5b9f3c94f60d26e5d23fe32ca3e,0,1,0,0,0,6,0,0,96,51.93
3369,07f53c393accba0f2e401c17fca3694cffd157f2,1,23,3,0,9,45,0,4,1025,680.95
3370,19de827a1240b34535597ecefcc8f64689603091,0,12,0,0,12,6,0,0,250,334.31
3371,54f06b16abb9e74526310def7d286d3069414692,0,12,0,0,4,1,0,0,261,172.14
3372,7345bf6a330d6cba0f8f0f72761ff05e23543581,0,13,0,0,4,23,0,0,311,265.04
3373,8457ed23d26c2faf85e36e3700536bd0f76663cf,4,32,1,0,51,4,0,4,1125,952.69
3374,8a2ad26f7f083a531d4d78cfb5736142b7707e11,0,1,0,0,0,0,0,0,6,14.22
3375,9a7b6d521f5071daa0ece3968c7b94e92145ab7a,1,13,0,0,0,0,0,0,747,226.28
3376,ccc1f5f246e690465099ce7a808ecfa7811ef49b,0,2,0,0,3,0,0,4,38,125.88
3377,f60f28678e619eaf0448357f3177eae59be9d7bc,0,1,0,0,0,0,0,0,94,26.37
3378,169139a0649f61bf18881c1e08936710847eb596,0,4,0,0,73,59,0,2,310,266.91
3379,30af0de248429053c7101f9c56511aa1873f8ce5,0,5,0,0,47,142,0,3,342,288.92
3380,37a85a6bc648181608ab533c8ca54ca97bd60ffa,0,4,0,0,133,16,0,26,259,642.2
3381,54a66d7aac74083612510b8e4a03c9de3e7e8aab,0,24,0,0,41,140,0,13,579,600.77
3382,7251f31daebbf88326ddc643deb96cd9a939caa2,0,4,0,0,4,50,0,4,271,208.78
3383,7b7ac3d09b7769c4c13961abb4f51c58895e8e3d,0,2,0,0,0,0,0,0,123,32.09
3384,b6b3187f988496209e294e7e42c536e593d80d09,0,2,0,0,42,18,0,0,85,104.02
3385,bc977eb933c47136285781b186250e25559be0e8,0,4,0,0,50,14,0,3,220,223.84
3386,c386ec7ae2cf9f734c21ac02ac16df80f0dd1469,0,5,0,0,5,44,0,0,388,183.48
3387,c3fe7358429b96fca5c7604d6f780a214f1957a0,1,8,1,0,13,11,0,5,672,377.19
3388,0ede93947d36ec176df8ee80bfe7eda5198a0578,1,10,1,0,127,17,0,38,758,683.5
3389,46dab75a5a3fe2abe0b749449b01a38fc7ba4fc2,0,2,0,0,0,0,0,0,166,41.89
3390,63751058f8a0643b8e9e6c18dcd44a734f93be68,3,3,0,0,0,2,0,0,183,248.7
3391,90281974bd9ba155164356bd17265198db4091d5,2,10,2,0,20,87,0,15,755,714.35
3392,b6a17eb9dc4251cdb91dd7f9f64ac20e467d2d73,1,9,1,1,89,19,0,34,659,610.16
3393,ebae500f5abec7992cd1e4d21a6072e900c78d5d,0,2,0,0,19,28,0,4,138,135.04
3394,f08d55d0a5d45e3976a144f776ee8abeddbd34a4,1,9,1,0,30,85,0,15,654,551.78
3395,50157f56e3d163db1f0e88e6bfc435f83b2d5bee,1,3,2,0,2,23,0,1,62,262.19
3396,7d9858a0cd13f7d1064f810c0ba16d07c03688f7,1,34,4,1,68,66,0,16,1137,1064.18
3397,f054ac028d3bbdabde4946dcf18c2f04ba0dffbb,6,37,2,0,90,110,0,20,1242,1467.72
3398,0e2008bc80e256220783e45b2e034519b8ec5a62,0,24,0,1,50,32,0,7,984,545.36
3399,4728eb9d9cfe640495e3edea80238e2c93f11522,1,40,7,0,42,78,0,10,1347,1159.12
3400,edf3a0f49dd0b18440f1135e08c73e2f0bd49d29,0,7,0,0,10,0,0,2,616,486.81
3401,0fd098febb7c720f0ab4adeb0cc778feab8c9076,1,45,0,0,120,45,0,9,1399,1006.92
3402,5d0efac5b2d308a2a8d6225102fae1cf22161ec6,7,15,1,0,46,32,0,0,284,623.85
3403,75d94931ef45fb95cd59195ef99578654c47c227,0,34,0,0,3,14,0,4,1410,577.06
3404,7efb84fa9353cde75e912434e21d28e9f57b1201,0,1,0,0,0,0,0,0,121,27.41
3405,a3ac7af6077104dfd92a1f7acfd7e32f20bb9601,0,34,0,0,132,97,0,25,1316,1403.64
3406,b53e58f73c8f9a0547af02a13efb123721ed4c9b,3,44,0,0,85,130,0,11,1378,1007.03
3407,5db9601d81d583cb7edc943786ef81ef8e32fe77,1,0,0,0,0,0,0,0,0,67.58
3408,a3164ab8294acb707f5d6682b5ad841d5ac59a34,1,6,0,6,19,11,0,4,76,523.7
3409,0a0ec777f6c0602d6c730574f06bc29ee3b1a6f8,15,38,0,36,8,6,0,0,1260,1902.8
3410,1ef06ef247a8a02f2522c565a7c6beceb0cc26f1,0,1,0,1,3,0,0,0,33,67.09
3411,5f8fa5ed1f2e1eb8275259ee7fa3439b5e8da699,0,7,0,4,0,0,0,0,521,223.84
3412,6225f15bdb7c5812f09031454ef8257079c57373,0,1,1,1,0,7,0,5,68,131.99
3413,33884df84a9ec461b5c27233bc4859c0bb039ec8,0,3,0,0,68,33,0,6,346,278.88
3414,3e83eb4fc853bca0daadb9f7c50ffb1670e072cc,0,19,1,6,2,6,0,4,871,627.25
3415,cff52b4a86011f7cafd1c6f6c00ac5a45cc185c5,8,1,4,0,0,0,0,0,168,549.6
3416,e6da7089a2a5a7a8801cbf1dd1736817041ba5fd,4,31,0,10,64,86,0,10,1058,1455.03
3417,152e8bb272f7c526fe114737e3cdaac1396c9293,8,1,3,0,0,0,0,0,36,555.22
3418,4111693bf1bbea1a2dab2ef73afb5d467810d4bc,0,0,0,0,0,0,0,0,0,10.86
3419,93f8ef6540999fc747cfaf42172fbe37c783ac49,10,1,8,0,0,1,0,2,35,807.68
3420,a9ed127ca76b26037c50f9899a61c10587721c39,0,6,0,0,1,0,0,2,134,409.23
3421,e6652de3350c24521aba3bd45cc16e29ea5c967e,1,6,0,0,55,3,0,10,132,477.54
3422,00a813f9e2e54be99f1adee84d7554222c442634,0,6,0,1,92,36,0,12,483,450.93
3423,298a7f74bf84c8bfb4541e32e9934bf6d3c68136,2,4,0,0,5,36,0,0,444,303.74
3424,b96db729c450ea05930ca0feba01769d3eb5d1f9,9,6,10,0,3,4,0,3,505,869.97
3425,d571088a97242182063e07f802343a9b678e8328,4,6,0,0,35,3,0,2,629,503.81
3426,0ea292ea9a498a472efe9d62ecc22d173827d64a,1,6,0,0,42,10,0,9,553,337.17
3427,1171d024664a93cf298e935b06cd1c1c4db258ff,3,14,6,0,29,93,0,4,958,982.11
3428,4e25b07868669c3e89c1f6c82e2abdba04f98102,0,3,0,1,30,5,0,2,169,236.96
3429,5d401ff6ebb6284c23ebe1002758ab2f268201a2,0,7,1,3,40,3,0,8,547,408.92
3430,7dc7b5c9b2369ac91dda96281982d6a1470fa947,0,4,0,1,5,0,0,1,415,144.36
3431,8ad640029b5a7ea4252738083f7c021e0fec0843,0,4,0,0,0,0,0,0,238,58.73
3432,d2607b1e78474206e04b1977f1f13dc65fe4eaf4,0,3,0,0,0,1,0,0,100,55.5
3433,2b85c01c6ae9407180057a249167d556e7728c26,8,9,4,2,42,32,0,6,599,932.39
3434,59edac8080111977340d77e004e6413727abea1f,0,2,0,0,0,18,0,0,276,99.38
3435,cd9f960dc6ecfec08ea3df308388dc729f9126da,4,8,0,2,32,8,0,2,579,554.71
3436,3b94765e42618bbd3bc09b44e7fb9980b92d65d5,0,33,0,33,0,0,0,0,1034,958.08
3437,b89fa9a2437a24ba311efaa8c3dac9bbf62e7a73,0,3,0,0,43,23,0,16,467,290.03
3438,1653ed5b9a2f8fba850c5306ae7425971d8a3c82,0,8,0,3,70,96,0,16,508,356.06
3439,cf2414364e755957e9da86d4aaa415aba0e74d8b,0,6,0,4,1,10,0,0,230,204.49
3440,df925b9a8c3adadd34d29ad80b2f7330b9717950,0,5,0,0,6,1,0,5,160,583.04
3441,0cfb0b7c78496f3f355cd1669399936a6d85376e,0,7,0,0,4,15,0,3,548,351.34
3442,2bb9aa78ce5544c89318352a01a3ae7214e8222d,1,10,0,2,12,10,0,7,571,352.35
3443,509de41cf00262de5b4cf5cccf21f41455c198ed,0,1,0,0,1,0,0,1,211,89.01
3444,717241a4594acde2d8b18add1ae4c757d14896ad,0,8,0,0,118,84,0,33,491,611.84
3445,852f9e135b934a303fde5d2fe5b12f0eb59a7d4e,0,6,0,0,63,94,0,27,391,371.55
3446,d573717e2850ba3a75a64dbc24d399facbb16c99,0,7,0,0,89,68,0,28,495,450.38
3447,ed40b29ed621fb99a124ad369df38e24bf6e76ef,0,8,0,1,90,148,0,17,315,364.39
3448,20f5dcebda5e50f11e4cdb9ef93cded3e4f0399d,0,1,0,0,0,0,0,0,198,35.33
3449,2166db7225f5c146b545b30c0e6653253a9f6900,5,1,0,1,0,0,0,0,116,254.45
3450,6cfc9a9d1c8bd2d342c1b87ed505069e9ef90e1f,0,2,0,1,3,0,0,0,21,71.52
3451,a5e882d8ae496e0a0f256da0b52823afca357a64,0,2,0,0,38,38,0,0,306,141.77
3452,f742963ad559c20bfc3a357e4b3472662d040c6c,0,6,0,1,11,1,0,3,36,251.56
3453,7238010e0864f20b5474268cb8e04cf5ec4720de,0,5,0,1,2,0,0,2,443,163.94
3454,5b33f5e9ddc1722edc0d4d35ea819e657e2e9c80,0,0,0,0,0,0,0,0,0,6.88
3455,aff4455c26efb7a7ea73e3a842721d844014059e,6,5,1,2,10,28,0,10,288,906.68
3456,646190d3adcbb599b051946ed342daa549ce54ef,1,15,1,10,33,14,0,66,624,1322.1
3457,9d5bd601fad323e655122dfa8f1cca7f8274a20f,1,0,0,0,0,0,0,0,0,51.07
3458,028fcf55c41f4b2a7677eb31d0ead3973e457efc,4,29,0,23,364,309,0,72,1910,2504.22
3459,d228164d9aa113e25b2b9e6002fd71bdf969b1df,0,3,0,1,4,9,0,6,166,152.59
3460,761952c04084e3819d763bbcfb564ec69933dd92,1,8,0,7,18,10,0,2,396,816.07
3461,1ff04d51253d3548b564678f37d0ed072e0a3e8e,1,13,1,4,8,23,0,7,571,491.21
3462,66c1263dee5fdaa6436cc2d590f34d63747d6ca1,0,12,0,3,71,29,0,3,496,558.96
3463,e8f2e9d0efa2fb27106658de38032d8adbb76dba,0,12,0,4,145,14,0,159,3064,1443.58
3464,152dcde0bb0d8a56bf878dde6f4aae2d2db6c8ba,0,3,0,3,10,2,0,0,296,267.95
3465,859983cc2652b544b9830eb07e18d3a1e78be00a,1,3,0,0,23,5,0,5,447,296.69
3466,52512636444902497e47ccbfb1cabaffb3e23343,1,8,0,6,101,66,0,53,707,762.2
3467,22203e75f8a0d193ce0187396d0b267e05e9b58e,13,2,0,2,0,0,0,0,113,806.91
3468,3228db5fb3391e31ca888e0e924f5c0446a00012,0,6,1,0,71,26,0,20,439,406.85
3469,251ee671df3cca1b49d565a23f18a6ef7d19309f,0,3,0,0,37,5,0,7,323,212.56
3470,4e07bb2b1fad1f6c3a5cbe4c5773658785b59548,0,5,0,0,11,20,0,13,422,266.82
3471,aa8ad75c7f71730af92d873d8ab8aba5408661d1,0,2,0,2,0,0,0,0,83,74.08
3472,653216ba83910ead811cfddf525b0448325882a3,0,2,0,1,2,0,0,0,139,102.11
3473,5dbf81521d6c8b5b7937e041a9f9e8b0327dc345,0,5,0,0,8,53,0,1,261,313.25
3474,aa7550aa2d05940eed695cfa7a1790197255e47d,3,7,0,4,36,13,0,9,1239,719.61
3475,6e521955d8477946d780f36ea9a11180f08a86e1,1,2,0,0,75,1,0,5,176,184.98
3476,f186f3d5144cc52f11562a069ee275df96fbf0e0,0,4,0,1,64,12,0,29,397,370.18
3477,1edd0317d3b77f1ddebf3b91c89cbd12455eeca0,0,1,0,0,7,18,0,1,22,112.7
3478,126a1cb7f02856feb11e653c74fd0b92880baa8f,0,4,0,3,53,7,0,0,176,253.54
3479,be459aece580ea0f4ea9e028cf29b15d7d7f33f4,2,7,0,2,61,100,0,5,231,567.86
3480,1fccb10ffe79afaaff4a6e810b7572c7a952676a,0,3,0,0,0,29,0,0,553,446.93
3481,01ff302ef6cac731de26c231ba28e88f6b8a0ead,1,0,0,0,0,0,0,0,0,91.31
3482,330d8fd524ba6cbc1ec96132ee75698d1f0d4af3,1,8,0,1,20,99,0,20,310,756.46
3483,e6aadfccdaf02b9df65d10ac835cab7fd26e274e,16,24,0,6,399,240,0,81,2188,2394.34
3484,bef5e5487b3192e5ef2169fdbbd459610b762f76,0,72,0,66,123,199,0,9,9147,4951.73
3485,6eefedc69ec2966d69821034d0963abb12b9e195,1,2,0,1,0,10,0,0,211,139.68
3486,6702a2e317bee74930999ba26d50e75f555d75c5,1,3,0,2,35,0,0,6,256,289.06
3487,7c5bc3c5f5323de4a73aaa8f6864a441e64a00ef,0,8,0,6,23,10,0,5,259,423.14
3488,799424d1a3237a8d1b32451f4b3ad23b342cf59e,5,22,0,6,187,212,0,18,745,1607.21
3489,ecb829ed47544242953db8c1806338445c40713d,0,1,0,1,0,0,0,0,24,32.91
3490,ccd4950689924115657ed5a764866dc63c615470,0,1,0,0,0,0,0,0,237,39.78
3491,32d168f439bdb5dfab02a3ab2d12e87d0622a67e,0,1,0,0,0,0,0,0,28,13.06
3492,bc89e911b2cd433bb841beab9e8e513ca0c3525d,2,76,0,71,44,116,0,10,4243,3357.65
3493,934e4e00df012b4aab128294c05153d0c46f9887,1,4,0,3,16,0,0,3,1135,477.85
3494,b3cd5fd0262dec5277743d1e3f80548bc104dd8e,3,0,0,0,0,0,0,0,0,167.94
3495,776bd3f6dbfd85db978ff4d5785935a19f43d77b,0,40,0,12,83,25,0,19,1424,1664.79
3496,910f74d7bbef96e2a258601666daca326cfcad62,2,2,0,0,20,16,0,18,248,246.9
3497,f932700ae4e7e6110b729afa8530ac029ed0b700,0,5,0,1,34,10,0,7,292,427.02
3498,0465d300cbc6cf6c69dc4da2b64cecefaa2d77db,2,3,0,0,0,0,0,0,265,147.37
3499,d56d48f1a1933f138f5d97f42b71aa64fad6bc6f,11,38,9,7,8,18,0,10,1226,1712.65
3500,9be9814972458aa1c67ccf6db5dd508244a89b21,0,12,0,0,16,53,0,8,554,1001.94
3501,1b31f4d19df1fabc7aaee5837f4d2c3439819495,0,11,0,0,68,33,0,28,817,793.05
3502,74d3742b6e39c174111d3b0a6177c25b93f9c926,0,1,0,0,0,0,0,0,174,38.68
3503,309727ef94cb0bdca7e82ea31f020abf2c7075e4,1,22,0,1,41,47,0,11,622,1187.38
3504,e089959c0e4bb3e08a95b1b6b9076935c87a5a02,1,6,0,2,128,84,0,16,267,571.27
3505,75b9bc85c08d2bcaa0f806ae126562bded2e71a4,5,0,0,0,0,0,0,0,0,262.17
3506,1637cb12500cacfd4fdd9b0112c7af1683768e84,0,12,0,5,3,3,0,0,1920,504.39
3507,696bce02f42973777304b0ad3fe4cc62a4f5e976,4,21,1,2,113,96,0,0,688,945.41
3508,b63beba56fc995dba87d6fc4766af2900c0438d5,0,7,0,0,4,49,0,9,1403,709.26
3509,d5f8a6933c350b63f5f4f7369771976c9de0272d,8,1,0,0,30,0,0,0,28,451.62
3510,35cf874c36fc522e9fae6af4625901ee3c3bc9a3,0,26,0,2,91,70,0,28,794,1426.45
3511,b2af2938ea272780504c05edce91a4f3d626e85d,0,9,0,3,0,3,0,10,1282,455.02
3512,7e396969f6020e8e73d5bf57d29a6ed80bbbdbd2,0,2,0,0,0,12,0,0,730,245.13
3513,e45534cf2275f6918294c81de5377146c243904c,0,1,0,0,6,12,0,1,70,108.86
3514,4ce973f61688cb9bd10611caa5c4aa3469ee11e8,0,3,0,1,8,0,0,15,560,209.06
3515,a87559aee53a1c1bd3ef79a68e02f1a86d6ebfd2,0,1,1,0,0,10,0,0,0,71.47
3516,c693f04f4ab3d64b7c8af4b8fc7a8527c23b1cdd,0,16,0,9,85,67,0,123,3261,1733.17
3517,e696ff77de190ad8e5d69ceaa513951bf810a939,0,4,0,4,17,0,0,7,367,384.74
3518,d0cead7e19ab4c580705799adb5ca460dd228809,10,6,10,1,30,0,0,12,1254,1103.39
3519,b77cdc413870b7de28a5180f9971a589acba17cb,0,2,0,0,113,109,0,46,497,294.13
3520,4d407cabb636489412e256778ff34cab283fbde7,10,0,14,0,0,0,0,0,0,1179.12
3521,0163cfa11d64b641718a70aa30b7b896cdc077ba,0,3,0,0,0,0,0,0,101,30.48
3522,923b508d18fdf471c0c74a263bc6c93b9c4ecf59,0,14,0,0,83,273,0,15,531,832.75
3523,f97f9ba968d5df3dd647d35492466d9c35485b06,5,19,0,14,83,43,0,118,2399,1873.06
3524,fa75af096f27a4a4d4671530d9b3cdc54d62aeec,0,11,5,2,28,20,0,4,339,551.66
3525,d60a3169fec671f9176f29c5a9a5c66142d1425f,5,2,0,0,10,16,0,0,218,417.0
3526,c3ec1e1feee6719c7ae609215320bb619fc135e1,5,11,2,3,43,30,0,7,368,882.85
3527,57b8e66ae9a34534efac194d794b11d44914f711,5,31,3,25,243,380,0,13,2196,3365.92
3528,35835131347ff69759282d5461ed2f62ec1eab14,4,7,2,0,53,33,0,3,83,513.11
3529,0b7211250b120a2d96abd10daead4c0c55eba3c4,2,2,0,0,37,28,0,3,20,243.64
3530,6bbe2a05ab4937a5a989aa2ed7451c1126d9faaa,0,10,0,1,12,18,0,24,1241,805.3
3531,cad38edef98f26f16f68592c0a5b4b654b446f57,0,3,0,0,10,1,0,1,75,179.81
3532,90ad6b0468724926be1d6e5d90f2987785a24778,1,11,0,0,65,58,0,17,388,695.4
3533,82aa005641ba37c50d9c08fd80783cba24e55a88,0,1,0,0,20,6,0,1,27,107.62
3534,dee54cb55b16fe7b4e3e2f89aa35df917a1f92d7,4,29,0,16,3,5,0,3,3449,1754.13
3535,785f2c4f8f3053a376083f66a2a2033edb9a8a8a,0,3,0,0,0,0,0,0,290,54.37
3536,185021112f180419aa7e1704ec60b2c515770876,0,5,0,0,103,0,0,16,388,353.4
3537,f149197f952c85d5eeb643b91aeac4f26fd573a4,2,7,1,3,48,110,0,0,147,487.37
3538,cbbcf7820885a8a9734ffeba637b0182a6637939,0,2,1,2,23,6,0,6,108,294.36
3539,0e8bf0252dc98c99727857cde2a4ee507a9d3228,3,6,0,0,38,2,0,3,346,419.25
3540,d97efdee43f3cad28a20280870f1abeee0dd1bd5,0,5,0,0,86,51,0,16,141,752.45
3541,9b2afb6f0e9a8eb353760a7a9f2ed52d88a764ed,13,0,0,0,0,0,0,0,0,575.88
3542,78f41e9cae597deeafdec934d6052ad72db6946f,1,24,0,21,374,140,0,17,3157,3057.96
3543,fbed013db60d7c45dcd11b6303ffa16220557e13,0,4,0,0,0,0,0,0,26,29.05
3544,0a6e53ddc05ba901e4b04c9208c2893e686bdb42,0,1,0,1,0,0,0,0,31,34.94
3545,4d4151d537423caa428df0c89e60ccafd74fa8fe,1,0,1,0,0,0,0,0,0,85.38
3546,47dca692e2db320cfde14f4c6905b31972442224,2,3,1,0,6,0,0,0,85,201.97
3547,fbfcc9eb4d835df1a646b6f963527e86ef380ec9,0,11,0,0,147,76,0,11,750,706.2
3548,e5731e0ed7f7294e6f73970fed8315cb572c9cfd,0,52,0,33,126,110,0,79,5933,4667.7
3549,dac281f407a15020620ca74bc56303b3a4c3c850,1,3,0,0,110,9,0,4,160,388.01
3550,16dad15fb26ee6dd9f5300f2138c22cb767d5351,0,1,0,1,0,0,0,0,57,47.34
3551,a32890aeefe409244cf5575b906ddcbaa0bcf086,6,3,1,0,4,20,0,11,843,726.44
3552,568dff123d7ede05185be60842530076e234b3fa,11,88,11,36,127,150,0,57,8731,4134.19
3553,7006fead2983d2c28f2ca12060034458dc8eaacb,0,1,0,1,0,0,0,0,3,48.07
3554,3aa5511ddd474659b7592969dc923301e87820b5,0,9,0,5,13,13,0,0,1577,1009.52
3555,4f841fc2675d9fcf3727164d23fe089fe4d76817,0,16,3,11,263,276,0,47,1451,1359.16
3556,bcbebed01537ee7a414cd51428f4a3b8e8fc23e1,4,8,0,2,106,87,0,24,365,809.33
3557,dd9e27e98ca4428187e235e7f335ec0393dcbb8a,0,1,0,1,3,0,0,1,3,90.32
3558,5f601cf9b18fef0b54a92e42405c0179e639f5da,4,9,2,3,162,118,0,5,398,863.1
3559,122c9b023cc5f9fcd5cb4914bd90afde0b3c6fc0,0,9,0,0,89,8,0,10,1293,425.81
3560,2ac08a6c88930d04dbc6287490e8e3df999a32e6,1,49,5,28,740,996,0,172,3899,4673.74
3561,84b04bebacfc064b5cd0715328cdcd43cf4e5d0a,0,1,0,1,4,13,0,2,8,129.95
3562,a8dd9587fd649f368497f00b2b729a4b3ea9f504,0,1,0,1,3,347,0,3,15,259.21
3563,43e7d0fa0a2b71ed615039bcf9e708523b015cf3,2,1,0,0,21,6,0,0,255,223.13
3564,d0dd5138fd0bddf2bf942bffee1681c298043b3e,4,20,1,1,65,46,0,18,936,1233.73
3565,e0f2440d674dc6548c49ae92a8f1fcf42cd242f0,1,1,0,0,8,0,0,0,42,106.77
3566,31ed0c4ccd1103d67d8e9331399f963764f38e33,3,4,0,4,24,0,0,0,62,304.19
3567,7f946cee6735be076ec9b07ac0b67f183df95a40,5,0,0,0,0,0,0,0,0,180.03
3568,0dc761473a4bfad5f22152cec443dde7cfaee7eb,0,3,0,1,4,31,0,1,112,193.44
3569,4a8a6e550950a7126876f84ab38922f122118ed1,1,10,2,4,287,61,0,68,1594,1188.0
3570,ad983377dcc297a137f74a5895b8336e446ef864,0,5,0,3,73,1,0,1,157,300.04
3571,24da11b19f9a20556ea75f4ddcf015be00781bfa,0,13,3,1,22,219,0,3,1562,765.51
3572,09d1c33c9016748ee971a1a906b1e2549eb3f3ee,0,2,0,0,113,153,0,43,678,315.86
3573,1a4147f31856d5d21c02281d8077eada86a3a861,0,5,0,0,6,6,0,0,270,185.25
3574,7fe9273f147d90bda4caed1c87847ee0e7a92c53,0,1,0,1,6,0,0,2,6,94.14
3575,4cce46ebd8d77c3db8fcb744ef93a3fcce7b7b1c,25,11,12,8,0,0,0,0,218,2074.61
3576,b3c30ca3486080e6e4d97f2d0757fe03a969fbe6,1,4,0,1,140,30,0,26,660,480.66
3577,ae57c7c03dafcbbf728947ee453d29bdf42ee6bc,1,6,0,2,493,636,0,34,1559,893.6
3578,1fdd7e6060351f4684ca665206c48c4410208225,0,4,0,2,10,23,0,5,826,344.84
3579,d5d3a08031b1eae806c371f5b3fee95991c87f57,0,2,0,0,21,0,0,40,603,182.71
3580,b313eeb76cb5a9ec60923f3c4ab5b47569bc21e6,0,19,5,5,238,190,0,163,3623,2087.67
3581,8998a30ea036e6770c9a6b6442ffe01e64720c66,0,1,0,0,2,1,0,18,503,151.63
3582,ef7957f008f98491c3c525a224fec9107dca9179,0,1,0,0,0,0,0,0,304,46.37
3583,e56d883faa6b94b9b2895643f818679fd242d7fe,0,1,0,0,6,3,0,0,18,71.96
3584,caa4ebef82d84b5b4ffb945f90c06e0e82b9a102,7,8,0,1,35,41,0,56,1073,882.09
3585,8231b62ff42aae53ca3a7b552980838ccab824ab,1,15,0,4,407,153,0,119,2506,1562.58
3586,48d8ed703e9d8a25f2143514e8f9cad66dc2593d,0,13,0,0,3,3,0,6,429,218.46
3587,6b6951eff685669e2e444fdedf9251fb71bba423,1,11,0,3,204,171,0,25,292,866.75
3588,f229d5bcb9d877cbac5eec4120bd4d9ed4548c8d,0,2,0,0,225,171,0,9,93,233.15
3589,5d13ddb7f61870f6ce70cfaeb394c65aa0f8b8fd,0,17,0,5,56,51,0,65,3088,1334.13
3590,2876455503b64177279ecfdd7e00a22aab53e17e,0,1,0,0,8,7,0,2,65,108.47
3591,8e7216a070f2de6923342154e4c53816dc058fcf,0,2,0,0,9,79,0,10,523,236.79
3592,cdee87501762c092c216adf35fceeea339e0c4c4,0,16,0,0,355,78,0,32,2255,1260.63
3593,73ebd3e0b1039d9509499f9953424e07286ea50d,0,2,0,0,0,0,0,0,350,56.78
3594,786184917d460fad014bb9125a07d7b07957e445,0,9,0,0,32,113,0,110,2385,888.46
3595,cd699c562ec26d3909af08afb04de6080e4ad18f,0,1,0,0,50,12,0,18,164,130.85
3596,a00ef7a7cb0b4ee63046e0897c7988d673c4701c,0,2,0,2,2,1,0,3,140,226.67
3597,2f6a9559cf475e72f15fb0845bb2d471cfe38c92,0,2,0,1,0,13,0,5,242,170.01
3598,7adbf53beaa64298a61bac7ee2131f2a25156e64,0,31,0,26,0,0,0,0,4518,2502.36
3599,9803657a93f3a32618796b8a5204749e459fb5e9,0,6,0,1,193,7,0,1,958,438.01
3600,3e6440008c5e310f0026a92182eb0b3557a13504,0,2,0,0,0,1,0,2,81,471.91
3601,8411195b08bac461bc76073de71c425c219638de,0,1,0,0,2,0,0,6,307,109.36
3602,04f8ef7c7dc2087d44add4bd57285e699835cdc2,2,13,1,1,212,69,0,51,1342,1080.48
3603,a9cc0a8406833cf1ff96491cc2bc7bf14cbed13b,0,26,2,7,317,455,0,65,2182,1920.45
3604,91cfbc5aa4c6d625528f203ca6e0922d9131aafb,0,2,0,0,2,0,0,12,386,119.4
3605,73371101e9edd16f2823ce8af0b27283e3ed3264,9,21,11,3,165,92,0,6,1179,1741.84
3606,d10d59eb0ddcb5b3712f0646b0efe91cbb8b991f,7,41,0,24,80,52,0,12,4173,2571.8
3607,f15ff9b02bf3806423c4179c11b42c5af3211dc0,0,18,7,2,43,205,0,61,2046,1130.37
3608,24a9b1e5801bb7c00997520329b2ef507f48764a,0,6,0,1,14,45,0,13,516,380.62
3609,471f340d11b4e4bf71f798084568703d67ded39f,3,5,1,2,56,0,0,0,172,447.59
3610,fd3f5c279c2b91072d63c0fcf8a0ea935693b1a2,4,2,0,2,56,0,0,0,50,398.63
3611,114af5a3af83868f28d983f3e0cea23e7c766f86,1,1,0,1,11,0,0,0,9,124.31
3612,bb71b2398ec4ac7e0d75b70f3eba7186281f272f,1,1,0,0,0,0,0,0,19,78.24
3613,84bc21e36e85fab147118959009c379735703351,0,1,0,1,11,0,0,0,9,64.76
3614,fdad5bf8dc713f41c72745d4dad8911c8e819632,1,4,0,0,14,3,0,6,167,320.58
3615,3eac6f239cc0c6fe0e7fae6718215b626446df44,2,7,0,1,14,0,0,0,299,316.98
3616,4b64a065fa9e3bb7af6fc6d7497d3b47599fe1db,0,1,0,0,7,0,0,11,173,96.91
3617,77ac6c0073053787b2acedc6808489eb1a6178cb,2,4,0,0,66,2,0,3,282,321.22
3618,312d12730f5077b003f93af1f4a43ff0dd431040,0,2,0,0,6,2,0,159,694,272.07
3619,217b03e6f55280e07dbb5819cdcdff0bb50105f5,2,2,1,0,87,0,0,1,118,304.96
3620,4175dca89ea89522ff474b0c6c861516d03ee064,5,15,1,1,12,16,0,1,1178,1237.65
3621,b1cb66f082ef05c39a2252fdce56b0f2a16af5bd,0,3,0,0,2,0,0,1,375,147.04
3622,1ddec930a29c1d870d5b5bbde0098d10ff9b45ce,0,1,0,1,6,0,0,2,12,93.6
3623,b87f2fa2a06841973c5aaf424e8984bda24a9276,0,2,0,0,11,0,0,0,231,125.43
3624,ab0b3a314c6b306300748826289944c028dbedc1,0,1,0,0,0,1,0,4,282,104.13
3625,4a91be2e431a029601a45d4d049e47418c4ab5f7,3,5,0,1,8,11,0,5,1038,554.87
3626,b61f63c0476654ee6a03fe57aba7aa3218f63924,0,6,0,1,4,21,0,28,574,311.2
3627,d3ef531e4dfe5c90fcaa19633570fcb91d6ea376,0,1,0,0,0,0,0,0,506,77.2
3628,1bca326f7b66d5ba826bf0783610f25ec3dc7ddd,0,2,0,0,4,5,0,3,89,115.49
3629,141946a762efd7e98b66e455e28ebad0e9ea6281,2,3,0,0,31,0,0,6,266,321.16
3630,70464bb0a44f682c155fdfdd2a6b0a6cc1203663,2,4,0,0,138,0,0,0,446,341.32
3631,30ac9fe650b833bea2a9ee61b7b2f34f6181eb6d,1,0,3,0,0,0,0,0,0,149.31
3632,9cf24670d8f88fb34b782d67b711d219909e90fd,0,1,0,0,0,0,0,0,205,30.07
3633,73b5b3dd81e2a146592d9623f44ceff3d8c035fa,0,2,0,0,1,3,0,2,879,237.8
3634,ec2a646a1f62afeeea05ee414ca0437a96be6d19,0,14,0,6,198,16,0,15,3069,1237.98
3635,076223cb9540c973eaba7d24e50c0e1f3eb80308,0,5,0,0,41,28,0,2,386,287.7
3636,01e74da3e8b10dba0afb2606f663f8e37104b283,1,8,1,1,0,12,0,4,374,298.31
3637,3fd3110c756bf6fbeeaf28d3158813548cd9a402,0,3,0,0,77,6,0,4,275,252.93
3638,02314adca221982accb762f3bbe6c5a727e663a4,0,36,0,23,170,135,0,64,4436,2510.9
3639,618effad65fe5d731e60c4284d24bcc770242b9c,8,0,0,0,0,0,0,0,0,535.27
3640,66f236d25003094911dcbf21b68f3ddc8a77f707,0,1,0,0,0,0,0,0,74,423.78
3641,f0ed58c6a580db0966104b81491d08d25d1ff57e,0,1,0,1,1,0,0,1,122,150.48
3642,ea4c8828c0d0170ccfe493494f06e6eb86ffdaf7,0,2,1,0,12,19,0,0,149,160.66
3643,758de7dbcd5148e17d94a45c5f6b74016b013a70,0,1,0,1,0,0,0,0,32,40.92
3644,6492af0409152dc8feda8f6394c77073789e14db,1,12,0,1,215,132,0,12,359,811.81
3645,626d6b785db649e06951e2f336f5ca411b30dce5,6,3,1,1,0,6,0,0,426,702.13
3646,719e2889395d7565bab4e7b0d994e2db32e592ba,0,3,0,2,6,6,0,9,82,266.87
3647,9e722dfd5d2b9aa8046d4fe33167daf938ee5a3b,0,4,0,0,275,124,0,0,70,359.36
3648,ac69cb3ef1f3ddc5b838d11dba06a05255a543e0,3,31,1,0,93,1,0,60,1469,1605.97
3649,aea6a6d428a4a202557a0fce0c3c73916c34a0dd,0,6,0,0,39,0,0,26,364,304.7
3650,cb19c749d2f312320b819c9b201f2eb6f692dafc,0,1,0,0,0,0,0,0,72,19.47
3651,c8054a3a4e9deee39e00f6132db056105c841a41,0,48,0,8,24,8,0,2,7185,1822.29
3652,e868d59611126795d284d66b9c5674a1f61a90a1,5,5,0,4,183,86,0,8,142,667.46
3653,39ac5ab0562d1c40ed051395a9ac056c7a1ee54a,0,11,0,1,63,36,0,0,1523,418.92
3654,97a7322f039c7613bb67a7d09b60c41835eddd17,2,1,0,0,0,4,0,0,9,217.43
3655,27e4020589ae3c6e3c60f573868eeeb800d5bcce,0,2,0,0,31,9,0,6,1169,327.48
3656,02c08456410689e10acb53bd7c33d6fdaeb671fb,0,2,0,0,11,2,0,2,1198,280.99
3657,54ede630ef2a73dd990b2908626a947cbafc2160,0,4,0,0,59,0,0,29,409,312.64
3658,3cc9a289fb93c18085f251422446e9e987cd51fb,0,3,0,0,0,0,0,0,265,55.85
3659,15f2544c7677ccfff02f506ea7600d84ef40a171,0,10,1,2,60,60,0,17,757,588.66
3660,da3e507d28a8fe533277cac413aeac060c6447f4,3,16,0,4,111,89,0,90,2479,1658.83
3661,ff5ddd50f31ca5cc8556ba012bf4aeb9b501baf4,0,1,0,0,0,2,0,0,130,56.93
3662,b689f3fcacf066c862330e955c11ecf5465ffc0a,0,2,0,0,20,22,0,6,690,356.26
3663,241c1ca4db1e5f4b3f81b3cdf694246062f032d1,0,31,1,10,200,101,0,65,2296,1885.24
3664,49812f3c8f65ff80c239f1af090738002094f35d,0,15,0,0,35,31,0,24,1052,886.88
3665,8e21204dfdc9b670feb4dfe7ef6104bfbb0bbcf3,0,1,0,0,7,0,0,6,183,102.36
3666,65bf092da77ca0d416a3abbcac21b641cf038101,0,9,0,0,1,0,0,0,586,180.84
3667,86ca692775b2e112276663468aeca5d201be3d9d,0,3,0,2,6,0,0,2,136,143.86
3668,aca6fbcd6034cd3d700734f2c50a1084a9c22eb9,5,8,0,1,147,3,0,46,1907,1120.37
3669,dd687bc6729d9539e05db9761e22a2aadc707341,4,28,0,4,406,185,0,142,3800,2576.24
3670,2557832af50e5d7bb479d568b370bfdd96b54fef,1,0,0,0,0,0,0,0,0,62.41
3671,aa6d1cf564c815552e8d41f6c689e9ba9e5c0bed,6,10,2,0,26,66,0,7,399,913.21
3672,6b493fb080d4a589396c1754f5d89ba802c828d1,0,6,0,1,45,108,0,17,1550,480.68
3673,de88a10d6fd61e198b58c009fdd56657cdb5d02f,0,9,0,0,53,13,0,48,1275,415.3
3674,63eeafc87630d27589106a4d6d1131f8993cfb66,1,6,0,1,97,4,0,35,1082,548.18
3675,15f58bb23c657951e2de48e6436820a093b393e7,0,7,0,1,30,17,0,14,484,487.74
3676,fd0be2ff13494ee3739f77b1a4368b5644c55cb8,0,17,0,3,321,61,0,58,2824,1385.05
3677,f0fd8823ee8d157f9a5a00b2687827b94206d7b7,0,8,0,0,2,45,0,25,1059,433.18
3678,6be85554332fb576abc16e39d866ed05a7c38b72,0,2,0,0,4,0,0,0,451,110.12
3679,598ae3765cc45c2ede00fd4e32adf4a4a3327615,0,4,0,0,20,6,0,2,1283,444.6
3680,6b6dae026c7e05bc238af5e91787ade011bfbf9f,0,22,0,7,0,34,0,0,860,799.44
3681,fda5366501bb445dc0a83229bb09d3cad8c5cb67,0,11,6,1,11,5,0,18,1675,751.39
3682,74dded1c2cb87c459be3444d1c7387bbc510e154,12,5,1,0,2,15,0,2,358,871.06
3683,4a106b3630d8179225a43c56df168fcb01cca6ce,2,0,13,0,0,0,0,0,0,356.92
3684,53d8f1f0988e33fb5b43db113a4afd47a8aa5072,2,5,12,0,0,12,0,0,348,588.99
3685,e29833dbd7acc283764c80665520a6e6c2d90056,0,4,0,0,95,84,0,2,294,293.76
3686,98b9d3cdb4b724b102e219149837c63a2c5b5c84,2,1,0,0,10,0,0,0,0,49.2
3687,a813785039206bf83e632d229441138c62a316a9,1,0,0,0,0,0,0,0,0,50.08
3688,758db365683876f914af80187b1e890f98ec20a1,0,2,0,0,0,0,0,0,227,45.93
3689,031f988c9db15aece61d0127e6051c69dca4e079,0,4,0,0,0,4,0,27,597,157.88
3690,5846bac8543fb12e8c9ab82d7aaa05c6a26614ff,0,2,0,2,32,0,0,0,10,106.89
3691,5e29f681eeaa8d8b6533bd7f6f0bd8800443543c,1,2,0,0,91,36,0,0,333,239.88
3692,f562d49dd432d7d540cd624db3f7d83c4b5628fa,0,2,0,0,8,109,0,1,241,169.5
3693,22c370d9b57798b2ad4ccb66526e64300fd73557,0,2,0,0,41,0,0,0,818,163.96
3694,b8e8bd7a021d4388edaa1e9fc40d18fe1019c065,2,2,0,0,1,20,0,1,286,237.01
3695,dea7a8c1e69545cebfc0ef704d5f8f4438e974a1,0,3,0,1,40,0,0,1,42,125.86
3696,986f25f6b51e3672865439e9a6581aab121b45ee,0,1,0,0,2,0,0,0,17,43.0
3697,294b7cc721fd969faba648abd05aab70a35d332d,0,1,0,0,38,0,0,0,28,57.25
3698,3eebaa8119fa41d7c673dda6cdac787ca15881a5,0,1,0,0,3,6,0,0,16,76.8
3699,d749c24d9b6a1790f9572b72075e33b8ef6a83a8,0,2,0,0,0,0,0,0,592,110.25
3700,3788a1affc16e0547ed53c737b9b92ee92cad506,1,3,0,0,37,91,0,0,29,636.27
3701,5a192bd3fafc52e1abd6a084928c1c21a3ed95d4,0,3,4,0,10,76,0,14,365,337.26
3702,f6051277a9eb075b0ecc1ca9562265028326430e,0,6,0,3,90,26,0,33,1132,684.01
3703,b1e95be6ecc0cec3cd18cbd70e336d5ab038f20f,0,2,0,0,121,6,0,0,68,156.04
3704,0ae72041a7e5d7c7179b65c75fec558f941f8eac,0,2,0,0,9,76,0,17,362,214.92
3705,480f4930ef3c4e3a0a18256d7f54003263c865d3,0,5,0,0,128,8,0,0,895,340.88
3706,17e9b5b2a1923127afed20de46216f002b265e01,0,1,0,1,2,1,0,0,75,118.88
3707,578e406afdcc8fc28ddbe215be286becc11854fa,0,1,0,0,1,2,0,1,75,99.98
3708,4343e08f3315e83e26bc5f2152c963a75509fd4d,0,4,0,0,27,44,0,32,971,439.69
3709,bf20591b10373d2e742c0e49b8a9506f530e296e,2,4,0,1,68,63,0,9,838,561.14
3710,84663ad4b8d40dde9b76206989790e450feb8227,0,1,0,0,3,0,0,0,212,69.9
3711,f5d38390875ee2db266a3fc50520cbade4bf641e,0,4,0,2,17,0,0,5,134,197.68
3712,624fe959786106291c0b422f5e3d95f16ce9ff1f,0,1,0,0,34,15,0,0,21,78.19
3713,3f989943d6c450664fe3742d60e603bdd00a0c58,0,2,0,1,0,0,0,0,96,55.86
3714,025589f0b1dd64acba8d5e6de066b1555101bafd,0,8,0,5,60,5,0,20,988,732.2
3715,122d0ca0d386b0a8aa6d1bb88a069dc2424ce060,4,6,3,2,95,107,0,2,768,1042.83
3716,0af7b5233b17dac022035429a4d2906f2d540b42,0,1,0,0,0,0,0,0,199,38.94
3717,ed1827c7ba159b16d6cfbb436217f3e0aea6155a,0,2,0,0,4,1,0,14,774,216.32
3718,b6f599f1ed27a28ee0f8be7176f06a5fa43fa310,1,12,0,3,45,117,0,53,1674,894.49
3719,ba44459f66f3a73b831da5ae807775faf4843b06,0,1,0,0,0,6,0,0,283,75.66
3720,23e30f09d4b94e71164ba9fb71d934ebfaf124d5,0,3,0,0,15,8,0,4,170,621.41
3721,0548a93dfc555a5403590f147d4850c730facaf6,0,56,0,40,148,32,0,64,4038,3393.75
3722,2665cf4e2a9e33e0e94ac7e0b7518a10445febbb,4,7,2,0,134,111,0,31,884,950.25
3723,8397253b7516c04e547d4bd5bf9f59b2230bbf15,1,1,0,0,15,0,0,0,115,120.35
3724,ebe235ca4ffbd38ba05b4426f491319ab8341a39,1,2,0,0,94,0,0,2,189,176.72
3725,7709a3a6906d015e82c8d3a3fce30a5a90da5167,0,10,0,0,58,2,0,8,662,423.07
3726,3da9dd4ea34a250d9208ea0948472e12bca0c801,0,2,8,2,0,0,0,0,55,288.87
3727,d883c5fdbf066f8e355d326377221b9b103f1b93,8,1,0,1,6,0,0,0,16,423.95
3728,98da559d0ff3d1a66b49ce1cbacf463eef7cccbe,0,4,0,0,183,85,0,7,241,373.6
3729,edcb55abec1234495cf2240b6749de718ab40075,0,1,0,0,21,96,0,4,101,126.54
3730,bc19f4ebcaa0df31c94eb368455a3724a586a631,0,1,0,0,16,18,0,7,104,124.02
3731,537f2a9c33cf25113ae872421a315ca57d2898e1,2,1,0,0,0,0,0,0,120,142.04
3732,ceb4fed17a32594d20c3a71e915e67a870b2e530,0,1,0,0,0,27,0,1,93,80.32
3733,36f1ee88cbadc21b185782026e6a6fc77d41b42a,6,0,0,0,0,0,0,0,0,107.45
3734,93178aebb804e2e96a4e6ae7e016247a4e2d82c7,1,0,0,0,0,0,0,0,0,12.14
3735,d731b3b06bfb7d61b0464715f22482c34ad88ff6,5,0,0,0,0,0,0,0,0,259.39
3736,cc766533e09c8b59cfb951c86c2e3989720fbeb9,8,15,0,1,60,108,0,49,2237,1345.72
3737,40c3ae481f538cebe7ecb265a796474e07517eee,1,0,0,0,0,0,0,0,0,10.95
3738,6f3bf576c68e1884393016ef46297236367522eb,5,0,0,0,0,0,0,0,0,283.2
3739,05c15198c6cb3edaed206c67727e7a4d08ad216b,12,0,0,0,0,0,0,0,0,605.83
3740,a6cc8afb89f61d6067f4ccf85b50a5899630346a,2,0,0,0,0,0,0,0,0,526.45
3741,fb4a8396b113ee2e6b2543614f6210c44e0587d9,2,0,0,0,0,0,0,0,0,151.21
3742,997d3e1e9af38f2af0a6e7476ad7c868ceb404d6,3,0,0,0,0,0,0,0,0,114.1
3743,b2636247616fe152f85b3afeb03da3fa15689b09,1,0,0,0,0,0,0,0,0,51.44
3744,4d586e7264194fc7fc8ca86df6e555b1e3205fac,6,0,0,0,0,0,0,0,0,293.57
3745,73ee3857cd4811e4453c0aec1d6bee745e17795f,0,1,0,1,0,0,0,0,25,36.54
3746,58f7d303866fad6af4b23d2695d6273ef74b6a1d,2,2,0,0,28,11,0,0,431,281.62
3747,542c66f7d31e05154140299a26751b8fcf0cee0c,1,1,0,0,30,0,0,8,318,180.69
3748,3f506835b6d2fbe13a91e74d34de82b584cddcd1,1,0,0,0,0,0,0,0,0,82.16
3749,3d11d5baea1513a819f189f199502fc3979336b8,5,0,0,0,0,0,0,0,0,293.38
3750,64607433d449214dbdee326c5a798fe36d1ed0ca,12,2,0,0,54,46,0,0,225,696.46
3751,f28aeff2fc173354ff88efe1f9b40be5576f2f68,0,2,0,0,16,3,0,0,129,139.01
3752,35d88bcccb8bd27629ceeddfe084d7e7dedc6d6b,0,1,0,0,0,0,0,0,96,31.62
3753,830a47ffbfab7d9f9ef87394d65cd4320962494c,0,2,0,0,27,7,0,0,138,167.56
3754,3510bf90d3ce2509ce423a4758a404f8bba26011,0,2,0,0,45,0,0,0,669,192.55
3755,5c3dceb9c87f8c53c88f489992da2c801288ad42,0,1,0,0,19,8,0,36,500,181.36
3756,f5898a01e7877afa3df06223713db211708eaf9a,0,26,0,7,48,62,0,4,5803,1833.14
3757,a747b6146ed5d5766b42e6bed3c2e7a811e8d00e,1,3,0,0,11,7,0,16,472,185.98
3758,d8052d488c999085375c78e31be70bf75e11c420,0,9,0,0,30,10,0,12,2098,637.18
3759,3772d3041e4914cb8306ce6b73b79fc3a1afed21,0,2,0,0,57,5,0,42,1308,340.33
3760,e1fd6899e36a3ec32817658a18350a2cd801c3b8,4,8,0,0,94,138,0,4,926,1175.59
3761,5e48fc95e298c5328d42411906bbdc3e4f03fd86,0,2,0,0,179,155,0,35,581,308.77
3762,7d2db95ad3661663f9f33749717f81ec7f0fae7b,0,1,0,0,4,0,0,2,33,72.92
3763,5e9a4549161c45c85434347d6a2f256953e9883b,0,3,0,0,7,0,0,5,248,163.27
3764,233161b25eecebb94301f4a1ff06de94940b805b,1,1,0,0,12,0,0,16,410,183.47
3765,c9f3846fa7fa673f23583db554a29a5ee309d1d7,4,20,0,4,64,59,0,12,1438,1091.59
3766,9562a1c8cf05969604c10656bcf72bc0674dab34,0,3,0,0,112,6,0,2,179,230.69
3767,a586614aea9a639efcb096797dd7aa68306f8af4,0,1,0,0,0,0,0,0,656,91.99
3768,6ecd0f8264ab5cfb6101046a415c996993b682e5,1,2,0,1,13,4,0,2,339,305.41
3769,7ae58042787bf307304d59182ba1f0825a480917,4,4,6,0,30,2,0,4,596,664.24
3770,97d465b496dc3f502a989f6df5c3362084c41a12,1,1,0,0,0,0,0,0,60,81.95
3771,c339c266f3c40987b1251a70b1c4a1d4a62001c1,0,48,0,36,0,5,0,0,3056,1674.98
3772,a959dd5034127161aafcf9c56222c7d08aa80e54,0,3,0,0,4,0,0,6,468,184.84
3773,ef406916dbeabaef79b4ffd38fe5916cdd34bd2f,0,1,0,1,10,0,0,15,193,160.61
3774,ef9a37390dfbd325b3bf2422334f99d22fca2a1a,0,1,0,0,4,0,0,1,153,89.95
3775,e58049711e4275d86197223b7efcb47d2f801244,0,1,0,1,10,0,0,6,142,150.5
3776,81c5b2adee778532634e52b7915ec682bb939a15,0,2,0,0,7,4,0,7,170,133.41
3777,d8dbaeeb4df4524e136423425edc9d87d1f25897,3,31,1,7,989,667,0,216,4246,3481.91
3778,c9cfe3ba9a2009c3da2cb8a39090154c30ccd88c,12,40,0,14,8,228,0,19,6955,2586.05
3779,537d6f6da529d534f9c523c0b208861b381e3905,0,0,4,0,0,0,0,0,0,121.87
3780,a9ecaba73c9d134b37720330d89a9cf66ddd4f72,0,13,0,1,470,111,0,36,2729,1741.1
3781,b3c290f6860ebbea0f2931ff8398e6877fc49943,1,2,0,0,18,0,0,1,64,201.39
3782,c018c9fc6bd319d6ed2dc82c8220e3491fa07f2b,0,0,1,0,0,0,0,0,0,35.92
3783,b253cb2dec3fbf71782528af22d87f3128a1ffbb,1,0,0,0,0,0,0,0,0,61.41
3784,26c7794808e8d445f5fc9eb8729a152382766d55,0,12,2,0,161,326,0,83,1256,1190.6
3785,65d54c18208e71b8210e8d12e2495c6bace88779,0,3,0,0,98,12,0,2,225,173.24
3786,818ebda0f4d0070499446d2958532af5addc3a17,2,22,0,0,485,589,0,123,2450,2096.63
3787,6867f9b93ec1ad9a627450c4fbd0b5ff98ef6148,1,14,0,3,51,46,0,16,900,824.64
3788,f02262d3a109364b7796a94b44608712756359b0,1,1,0,0,0,64,0,0,50,142.26
3789,034854db3eef60bc6247fabdc0172d2bc8c4496a,0,1,0,0,29,98,0,2,102,149.46
3790,37a7b9ef5ed934ce599dfe7b3706cbb7bbaec9ed,1,0,0,0,0,0,0,0,0,71.82
3791,3ac4df81e388f38432390fe5761a0ca69918db67,0,4,0,1,28,3,0,5,577,250.15
3792,405be09271de4a194696f0818e736a859e8edaf3,0,1,0,0,0,2,0,2,129,88.93
3793,b8d0a0aadaed012ccb93176dcc21acbdbd005eea,0,13,0,0,203,197,0,104,1772,951.81
3794,d332d6c310a9be12b61065083218d7e4fdec1ab1,2,4,5,0,37,0,0,15,147,495.91
3795,e1bbc95de3e2ca04652f43b2f7ef70a70d1d397a,1,1,0,0,10,0,0,0,50,120.17
3796,9b000da2521636252d95ccd0e1d02253833b7145,0,3,0,0,108,21,0,0,177,261.5
3797,2000b45ce3e71ed6eddecbb3f8658ebecec58230,15,59,0,12,400,226,0,165,7939,4934.28
3798,8f9d8ea9c0039e47bb4a82ce712c04d41e110fe6,0,1,0,0,2,11,0,2,273,130.75
3799,eaa0cd73d453cf58ff4dd77aeb015d0a3efce00f,0,2,0,0,33,24,0,1,252,222.95
3800,62ad471ca24691340a9369be43c14889105889e9,1,2,0,0,11,0,0,0,273,631.62
3801,b703e8f1eed70b27e4d75c9986978fb66c62fbf5,0,1,0,0,13,101,0,2,112,133.58
3802,bd4ee47bb6b15c695e6c6946475c2d38099bad92,0,18,4,0,173,147,0,40,2055,1279.12
3803,e47365bc0eed07a57682ea75f71991e35981cc82,0,5,0,2,78,32,0,8,918,542.86
3804,80416acb89981b8c78e50ea3e6e374100214985e,2,2,0,1,20,11,0,0,119,252.55
3805,a296f404ee757f086596f12ea9762d7aaed457ff,0,1,0,0,0,2,0,4,71,81.87
3806,f83db149c28ab3472a3307429b9380eb3c903616,4,4,0,0,494,255,0,13,370,659.32
3807,1dd8b8d7addce8305389f95c45d11f73fe621d01,0,1,0,0,0,0,0,0,110,22.29
3808,c175ebe84f39c208d0f5ae6e09d45a76869ee86e,1,23,0,0,250,18,0,48,2682,1318.72
3809,a036378204826009574a25ee9abd16b9ac71a9c3,0,3,0,0,41,16,0,3,146,250.79
3810,8eadd3ec2e07aa5eec6daccc6849b1038bbeae5f,0,10,1,3,27,43,0,23,1176,680.56
3811,8d414d7eb534bf5defa4aadd9b4f0a12a0be7ca8,0,10,0,0,115,139,0,28,1695,810.13
3812,83d02563ea4a1c7d05540849bf3bf033d968b021,1,8,0,2,54,17,0,65,1015,748.96
3813,06c259f641ffcdb4e524370f85c4c9b12dcdfc28,0,4,0,0,8,9,0,34,677,334.14
3814,591f16dd8f80cc2a5b2fdc6654c3c2d625119faa,7,5,0,0,62,36,0,44,1379,876.57
3815,f84e4ecdfb3d981ae51370c33b98380cd0f75ba0,0,18,0,8,89,33,0,54,1708,1008.93
3816,a77d75201eb14c9310ade12dd1cd2d6cad1f54b6,5,3,0,3,0,0,0,0,220,426.74
3817,a1100af4247f77632f07ee9cea9fc7452104fac6,1,2,0,1,24,78,0,9,393,320.02
3818,4203bf99ddd009b72681ba0dc554cabd47e1c85c,0,12,0,3,1,8,0,5,1471,422.0
3819,633aed3a4611705a55fdf4c7ce987b943ab54915,0,2,0,0,131,17,0,2,183,232.05
3820,510a81130a8fbfee4a14abc262299a1611a5eda3,0,10,0,1,91,28,0,15,480,1056.15
3821,3e48cb45b912ef6c76dc120c5f8e5f7c79e3d8e9,0,3,0,0,33,150,0,2,235,254.81
3822,cd7bfd31f7b09df4933c84b4131d0b220fadcb8d,3,1,0,0,27,4,0,8,98,195.07
3823,70079c1d49fb81336c8846e4058301bd1b6b6b8e,1,7,0,0,21,0,0,0,161,298.94
3824,751f1017c5c79be71cfef7a0bdc6272ea48881dc,1,0,0,0,0,0,0,0,0,112.2
3825,d7853fd3157310cae2e66dfc0e9ff146905bdb33,0,4,0,1,114,81,0,2,401,306.83
3826,8af047381f4158d6435d60857d2a4d9337a364bd,0,4,0,0,6,0,0,0,154,70.17
3827,cf54a1c2af1e228f83609903ba288476c5f05fee,5,15,0,9,40,6,0,3,1043,1029.55
3828,98ff76b0ea61a342250e15411edd9f7974cbe96d,2,2,0,1,3,20,0,2,424,291.28
3829,a69d60ae3576476f39be6eabf3e6bbfaa2c712c2,0,1,0,0,0,12,0,0,71,44.72
3830,c03237a860a4ee8f6461e1085b7e4c517b808ae5,0,3,0,0,10,0,0,3,256,167.89
3831,02e2857a94adc7e427f36180542196331e8ae871,0,1,0,0,7,8,0,2,511,156.19
3832,bb5699b4555d32285017228aad712c52d9cfdf68,1,1,0,0,26,0,0,0,130,161.61
3833,6dfb3fad9a415ba3ce57273cb97771735bf88e93,1,2,1,0,9,13,0,0,137,216.81
3834,f96ba06e0510690af8c44ae5ef09dda15d2e1ff4,2,17,18,0,163,56,0,15,1180,1502.74
3835,55ee64f6c9824d51922fe4a8fb1435030925b110,0,13,0,0,18,25,0,1,688,403.57
3836,16703c5e26cbdcef93eed21218b1f939b8805bf0,0,2,0,0,190,39,0,2,172,216.28
3837,2d73c3f168b4006f3100941dc8121c4e4c534c48,4,6,4,0,24,9,0,5,809,612.16
3838,bcdd167f4671976a92ad9300256874804598dd3e,4,5,1,0,90,23,0,8,415,610.23
3839,0ef399cf7460c131133c3a9bd5eb2bac45e12d1b,1,5,0,0,3,33,0,0,562,314.28
3840,8724bf7c8ae2a99a1f3b5d835840abe4c5da9507,0,3,0,0,33,34,0,6,1393,809.89
3841,996f02cbb7a89fde3803a664c9977d7f83f50a40,0,4,0,0,0,0,0,0,159,40.73
3842,606a6d468972cbc6b16c03e41735bfea883b1b00,0,10,0,5,0,0,0,0,489,264.98
3843,b082af06549f639d910173cac9589d23778cf350,0,3,0,1,129,0,0,19,406,341.21
3844,e3eaac2797e12d1d52395d51c55d14d5f57a9158,1,5,0,1,124,5,0,0,350,296.7
3845,392683f3767170c33e3fe2be59825bec5002a4ca,2,2,0,0,81,3,0,28,329,349.72
3846,d6dc4349c3244f460bbc1227125bf80a3f4be4c7,0,4,0,0,3,20,0,0,67,119.15
3847,65d85f10c502c1d9793c912a8e2f1969b77c5680,0,2,0,0,0,1,0,0,64,45.99
3848,eabf2bbd564eab8c29d5413c45860752144a27a7,0,2,0,0,40,29,0,13,333,240.62
3849,bbe54ac09154dd3e60870b0d26085e2e2ee564af,2,1,0,0,2,0,0,2,151,194.59
3850,7965755bdc1d2d1cf8baca9b792453d44020740b,1,2,0,0,44,203,0,3,170,252.45
3851,d85893036b9a3122900010ce975feba43b27531d,0,8,0,3,40,22,0,9,953,584.19
3852,48b6d01c2ec73b10bcb3d668dd0bac4dc715f524,0,6,0,0,7,28,0,51,1725,622.05
3853,17bc479c8a66dea9f693035772925151c746a832,0,2,0,0,20,20,0,11,539,186.75
3854,64baa00b130bae4d602ccafd52f5a687d6042279,2,4,0,0,33,35,0,0,518,411.98
3855,16bdfab0c97002a79ad66bcec300a54315b2b0aa,2,1,0,0,145,32,0,1,132,225.81
3856,fd7feadba563e90f733227a084b989f5459e245b,0,1,0,0,41,92,0,3,185,155.21
3857,240e5f139f53f98ee15458c113c8688ff9b71099,2,1,2,0,0,0,0,0,9,255.38
3858,45fb6d82386260fef5222cff498583036db20855,1,4,0,0,61,1,0,17,338,363.78
3859,3d242fd7aea6add18465d628a258be11def2d0af,0,1,0,0,0,54,0,1,75,82.67
3860,95a7c5ec16897a156d50f7b88ea617b43ecf6b47,0,2,0,0,89,3,0,0,273,624.61
3861,024d744258697b28011836f78cd3a6a79d8281a8,1,2,0,0,0,102,0,1,80,195.16
3862,1ed0e8eeafb3855a979e0c9426bba4f2fbedcea1,1,2,0,0,7,12,0,1,220,227.62
3863,a9b7cbe0206423f4a2c22ceab225e5d9812d9bfa,0,3,0,0,0,11,0,0,52,61.52
3864,bc4119799c4179044f5480bf38314e7f33b82708,0,5,0,0,14,9,0,4,469,333.02
3865,3f74e0597e62e0392dae337ca26d107538544513,0,4,0,0,30,2,0,25,448,332.94
3866,858d1bccf957bf36c04ab011ec9a26933109086c,0,1,0,0,2,0,0,1,228,99.45
3867,61824422d8330448cd2d740515ad38f3e836eab4,0,2,0,0,16,0,0,3,295,174.16
3868,1ff92656a849d15aaa339770960acaee1a94f01a,0,2,0,0,15,0,0,0,311,127.38
3869,ecb425d70a0a202ed3a0fea13a4e4aa7453ced1c,0,2,0,0,11,0,0,0,326,144.48
3870,f4d2ddabe51dad7bee2d4731782b2bdd549ccd20,0,2,0,0,9,9,0,0,328,133.69
3871,1a6b404651622aad3e4595549c0c6bc538de091c,0,11,0,1,29,29,0,2,591,522.95
3872,423e78df8bedbff1389d1e7dd9a1692621da43dd,1,3,0,0,10,21,0,4,399,241.2
3873,c0ae3864f17cc030ab0c32a75495426aa72ddff2,0,1,0,0,0,3,0,0,233,80.81
3874,071c4684e4e53146bf00c16449020836df8b4fd1,0,2,0,0,0,0,0,0,313,71.85
3875,9d02f2a479c49122f947364efee9f9f433e5ade2,0,1,0,0,50,0,0,11,125,101.96
3876,996d404ced9347aaa00de4356c07333d46322eae,9,8,0,1,41,111,0,38,373,993.84
3877,3832d7b7a0216e5cf6e5100bb56b5a703d4fb79e,2,37,0,23,398,16,0,2,4176,2707.39
3878,482565608414fea8df7ed86d5d9a8d90fdfcd4f7,4,11,0,1,197,39,0,122,1742,1124.69
3879,4e046a9bd43428820a409a0777ab281e3c366af5,0,7,0,0,15,9,0,2,627,213.54
3880,f726e552aae7d13032072b240c16bbf16b78bd5c,0,13,0,0,50,43,0,24,1936,1099.67
3881,783aa4a86b6815a8cf2929d79334bebbe4fc4eb6,0,2,0,0,15,0,0,8,254,147.9
3882,f87d3b236ba6293648e9084425c393ee42775362,0,2,0,0,52,26,0,2,219,160.45
3883,e6cff870df6e5640164b75c04c53f2db3a1e3b10,3,0,0,0,0,0,0,0,0,156.68
3884,383ae265c20b4f482f37a4d9b73ab2e54cf9c35e,0,1,0,1,2,0,0,1,47,112.31
3885,88c654bba5d81f1d8949b53b31492eb5c693698e,1,0,0,0,0,0,0,0,0,65.25
3886,5e6f40b9887e5aea17aa5bdd3b00f01920faeb63,1,1,0,0,1,15,0,0,21,132.7
3887,e0a4ee07084bc6ab56a20fbc4a18863462da93eb,0,2,0,0,173,6,0,20,252,218.4
3888,51c1f67791307c2b9355171f7398d104befc8de5,0,18,7,0,55,92,0,3,1640,1071.84
3889,454e2bc1660a1f72450bb477e8cc012b0609c566,2,8,0,0,75,45,0,11,739,631.1
3890,4a7ba2dbb7744b41135994d7f947198b9c4e5065,0,5,0,0,7,8,0,15,122,268.84
3891,cac0e1d22c801e26938965dc15989834e93af535,0,3,0,0,19,0,0,0,297,142.14
3892,60363727ccf276e804defec4ddcc013085dfbd1b,0,3,0,1,0,0,0,0,343,103.25
3893,1717ca64217a8757f45fc1f6ac78ed9e0ab37cfc,0,3,0,2,0,15,0,0,281,127.18
3894,dd9a1ba43579f18bf536442ae3f5854c64a3791f,0,2,0,0,12,7,0,4,216,150.32
3895,1d90b523c2b25891807e7bde3609dc312a928cb7,3,1,2,0,3,0,0,0,262,255.66
3896,799ff8ae974d2f90d993cbcce947ed6dbdcfb078,0,23,0,5,432,416,0,19,3072,1263.49
3897,1cd44e0583c50414317087241a64dfa36f1918c9,0,19,0,1,16,45,0,17,1522,564.76
3898,1b697496f9b27c9a6b0d91c287fd63460b67705a,0,2,0,1,19,0,0,3,138,119.35
3899,1c1c83b7425d75c359bbbae32531b0c83b6f835c,0,1,0,0,11,8,0,8,553,193.45
3900,c56be665cf27c11cda65d707104507cbe5ccf1c1,1,3,0,2,65,1,0,27,544,905.68
3901,9e40366752ba958c562fca69f2afdf6a8ca54b2e,0,1,0,0,0,6,0,16,115,86.53
3902,d529749c8f45af693efffe1f69860dae0bfe70bf,8,2,2,0,13,0,0,3,148,782.82
3903,34353f6658e9a4dd50ad860e17eee94804b76ccb,0,10,0,0,95,57,0,7,1382,786.79
3904,bf5e39a8dea1e52de8f8eb92ded3d128ce66d572,2,1,1,0,19,19,0,3,109,259.68
3905,f2909293cbb37cc4b4516e3bef4db66376159e52,8,4,0,2,41,6,0,6,318,682.66
3906,8fc04e4da8a36866e10564205c3f900894f4f6e0,0,3,0,0,53,3,0,29,658,277.38
3907,2d26e27c3eab0e4ce5be1270159d4a7412ab68a1,6,5,3,0,43,2,0,0,420,530.6
3908,69426eba6f9b46fc4c746dff455b3693f72dcae7,3,2,2,0,34,3,0,0,361,279.43
3909,be8e1f181825f0f84a276dc9ec335c364a4b3e38,1,6,0,6,69,2,0,11,537,653.02
3910,de7f478fc6dc9933ce84e6018a14e457ba883db1,0,60,0,45,311,483,0,8,3969,2483.41
3911,a116fcafe203fdc7a89e11d4bc7b9f9f97e30101,1,3,0,0,89,0,0,0,375,259.44
3912,3cef2105ae4a1c6f2c2780539ad9fc7d76747e9d,2,0,0,0,0,0,0,0,0,113.14
3913,b7b32a050e4b77012b9b70bb98b2a22d293dfbad,24,58,6,5,627,263,0,162,7659,5965.62
3914,486cc908ad24c86efe1dfe341c3e8266fe9c988d,2,4,0,0,6,0,0,0,1439,465.86
3915,a70aa67a0881afc5d66329d46fe536d7a0b89fa8,0,11,0,0,212,34,0,65,2112,894.53
3916,c93d9eaf363a535dff25cc4e7db400d879e73bb1,0,8,0,2,1,166,0,1,695,325.57
3917,0516d266d21bcd9d17199880a0d5ebe6d9760fda,0,2,0,0,0,0,0,0,64,29.76
3918,b5ac6ec7d97edcd224ac990c1f0314bc8acdfa9e,0,3,0,1,48,19,0,7,311,238.04
3919,2b16c6042227145241046d497f9be0e43242c9fb,0,4,0,0,448,300,0,7,417,357.68
3920,0297d60c87aa029c24b10f2be4044cebe4c3300d,0,1,0,1,0,1,0,4,71,579.78
3921,4820ebafb194d73805409c2fbb47665509d5cf89,0,1,0,0,8,0,0,4,518,145.89
3922,fb96f12aa6515e0abf7dbd658bb1068b8ac63a15,1,1,0,0,39,89,0,2,80,177.59
3923,88b8b9d0c7318b918f2f8204d068e6ab5c97d821,1,5,1,0,87,25,0,13,92,584.49
3924,cb607df8e5b181f2ae186a2bb9417f3b25b017ec,0,2,0,0,0,13,0,1,77,109.23
3925,fbd006051aa5a72cfebda9d8dfc50dc494b4c4ac,0,7,0,0,28,6,0,5,825,308.02
3926,f5618fa6608000befce8d4d7a14d1bc6737833e9,0,2,0,0,0,0,0,0,287,56.1
3927,ae8fb948281c5b9ba6af8145bad21395c22a3e1a,0,1,0,0,23,0,0,6,87,102.26
3928,1c2a8bad1aa509ad690b3cade383cfc97cbe2778,2,0,0,0,0,0,0,0,0,131.07
3929,c5e9a512242e050b71635cacaaca7890fadc6b67,3,40,1,5,238,263,0,10,2525,2127.81
3930,04b97c942fcf81e397ebb43cb344ee4cbb657bf5,0,3,0,1,0,23,0,5,160,125.34
3931,64b2602d7d8719f22880b5fa14d5cd74ee7f78ba,0,4,0,1,25,127,0,3,1278,409.23
3932,94cfe14879bf6d399d816d267b00c8a99eee8165,0,2,0,0,41,0,0,0,551,147.92
3933,28a62d844e7a069a05383bb1e9e71f9daea41199,1,8,1,2,25,191,0,24,2060,881.93
3934,88e64fc7837a3fb081e15b23a07d7764c91f3b6f,0,7,0,1,10,3,0,41,618,300.69
3935,6884a0ff59ce018f32169969b40116cbde3e27bc,0,4,0,0,10,0,0,1,74,122.18
3936,6e9b2848d5fabace5c6ef491c87c562eed9b5f43,2,3,0,1,8,2,0,2,449,359.85
3937,227e40fe11d5794a41433fb48efa887ab8bb91d2,0,2,0,0,1,0,0,0,236,71.08
3938,76eaef0a6b7a089a6b1577492678cd5a259c743d,0,3,0,1,12,0,0,53,831,275.34
3939,0190dd24622169a98be1a6ef518b0fdd018e2d44,2,6,0,4,62,3,0,28,526,490.33
3940,5970e212b1beca29590dd138dc5e8eaf90bac498,0,2,0,0,28,0,0,7,779,646.84
3941,2815df3c981ec287990cdf3155532d70e9feea21,0,2,0,0,16,15,0,1,51,124.3
3942,f165c353c6b41396eaecb11b6cda274d818cb553,0,4,0,0,21,57,0,9,344,258.37
3943,33964003c7f85d0884edac8150628907a327edc1,0,1,0,0,0,4,0,2,18,69.02
3944,1c87d8bcf07ea8a4f6c4bf0d7b39b20aea36b225,1,7,1,0,38,24,0,4,295,438.11
3945,f41b9efadb1d654a8f7a0982912e317df22daf13,0,5,0,0,30,34,0,1,503,308.08
3946,b5b63d755fad964987af0914c8b9090b0f807d5b,0,2,0,0,2,0,0,1,417,142.01
3947,555837cd6da98b0311a7f752a3b2523f6efbf6a1,0,10,0,0,45,21,0,5,1084,563.68
3948,75dd021ad4f4e1a2b1171e852abd5576588b1629,1,4,0,0,0,0,0,0,150,102.25
3949,a75198878979d16c8bcd394dcea71108c10b0593,0,1,0,0,0,2,0,2,93,89.93
3950,4b2c96d9cc87237b60e92855848d822e411e4472,4,1,1,0,50,0,0,0,343,332.52
3951,9a9dfc7ca2f79957618821d7572c73710627c9f8,0,7,0,0,0,0,0,0,578,152.59
3952,99544bd9000eebe468a721b0bcf06d3e387fdacf,0,2,0,0,28,9,0,0,403,157.35
3953,8bf9416d37ae43d868ffaaf7b1fac0fe9fb43c03,1,12,6,0,49,0,0,12,1138,887.57
3954,2425885c0391da04ff600c538fe56081dc44ab1f,6,16,0,1,62,151,0,15,733,1140.11
3955,3f1af0e38836b83cc50ab3ad895841138ca7f5d5,6,10,4,0,8,8,0,5,356,621.33
3956,972a7b01980b4b06d4893df6aa6aebd4e26e5990,0,23,1,4,34,191,0,18,2636,1023.57
3957,d57a9d7ab59243e78836fb7bd4120106071a3d49,0,1,0,0,0,1,0,0,27,42.48
3958,a761cdcb7186a8eb565de2d6313cf2087b3ee087,1,0,0,0,0,0,0,0,0,62.11
3959,87d699d7025f6ceadeb64fe972b7185079b6ec22,0,2,0,0,0,0,0,0,87,25.72
3960,b0e17e39d8318bcd5d905098b2dce1cfd5c165f9,0,1,0,0,16,0,0,0,412,577.38
3961,935ad5a7a223c350b6d299ccee0a87cd1fa451de,0,1,0,0,2,0,0,0,428,124.78
3962,b0a2e4a14e0161e753ec3296d4ead8e46ac8e303,4,10,3,0,15,12,0,1,875,641.22
3963,11518b5834c39feac36c75df6eb0836dee924a25,0,1,10,0,0,26,0,2,105,378.57
3964,8ff94da2ef4b56733127781202393d4abbbe7d0f,0,1,0,0,27,23,0,0,12,81.54
3965,de2aa5784af3fae4217fdca478ff8b8824b8be50,1,1,0,0,0,0,0,0,0,66.97
3966,0393bc1331863838694566928db10d5faebaf47a,1,1,0,0,0,0,0,0,24,68.81
3967,24c47362e716c1126b40f098d2326dc5c47cd699,0,1,0,0,0,0,0,0,15,10.9
3968,32d9d2b1342df40051257dc64f534b0a7da340ee,1,1,0,0,17,0,0,2,39,142.35
3969,2cbbd3287252fd33472ae52cfa6a6b38b3b1c39e,44,1,0,0,0,0,0,0,668,2509.74
3970,b751df28863af4a6216d967067dbb6f3729b66da,0,1,0,0,7,3,0,0,427,161.97
3971,b22406a6e27a9528452d62602fe25c416633467b,0,1,0,0,0,5,0,0,24,38.87
3972,26c9819edce13ab13d3789e5f825b7a31a12a987,0,39,1,1,89,164,0,117,5572,1647.09
3973,d9cb5b71043d5fc863efed7610e87408ed00cb8f,0,1,0,0,1,0,0,0,90,47.4
3974,19066b520435528e104a69ccf372f56811123ee3,1,4,0,0,31,148,0,5,412,361.9
3975,39fb7c945359465ce5241539559daac416e210b8,0,1,0,0,0,1,0,0,187,58.44
3976,0954c4e521fafb0f1ecb7ae409bfc9ffbdfae51d,0,5,0,0,53,22,0,33,1210,597.7
3977,b0b12952cc9015a594c241d8ea57b2eb54de7a4e,5,4,0,0,53,48,0,1,471,539.81
3978,d45c049167ae30ae42fc63a46d9da29df2369652,0,6,1,0,21,102,0,4,696,363.9
3979,8af6ef49fd84c309aeba0a3c8963ac83e0243c59,0,2,0,0,3,0,0,0,326,105.74
3980,753c71ae4a40d1414c65319e783150de9cd4177e,0,3,0,1,55,15,0,0,643,809.31
3981,d883c3ada8da6a3520071e1425b07fa836faf65b,0,1,0,0,0,0,0,0,33,17.34
3982,cd6da11955ce77db9e09105a7c3622afa5dc280d,0,2,0,0,1,1,0,2,102,108.09
3983,ecb5595c5a2b75c769f50c2e7f3889f4c674cdd0,0,0,0,0,0,0,0,0,0,18.57
3984,db1b8b993c12f2e74b6cc9a48414265666dc0e69,4,27,4,2,237,92,0,65,3337,1820.05
3985,268ff7a067bfa0e4985358afe7f7091a6abbd3c4,0,5,0,1,55,3,0,6,595,316.99
3986,40457c29a20ab7f93542900d17e034774db20a12,0,2,0,0,11,12,0,4,540,217.17
3987,7e39bc67d22766c72e040bcf35d48da817b7a2f2,2,5,0,2,191,26,0,46,1316,702.87
3988,dc0d81bb8bc056f9c8def5ce701c1aa121d2a13f,2,3,0,1,31,12,0,5,284,274.67
3989,020b282bdc5468aa51b231e9ae8d4d3a1a76e696,1,3,0,0,9,0,0,21,465,188.72
3990,5015ab490f89d384ac93752c22caf201ceb43776,0,2,0,0,45,19,0,0,204,109.24
3991,2d4ed15e8d2aa1a1fcd7001fccea2ee70cc8a8b0,0,2,0,0,18,0,0,7,291,168.08
3992,6067833fb6ad6c11a121d8654d7ca147cc909f05,0,4,0,0,169,62,0,73,1946,669.57
3993,805ea69431d378de93bec8d067721f21370cde37,0,1,0,0,1,1,0,0,120,84.62
3994,9fea951f8226c9c02e6fb17d09e4ffb06979ea93,0,1,0,0,0,1,0,0,48,39.81
3995,d62ab475331cac9d870a563da4f5dc091005b2c1,0,2,0,0,0,30,0,1,131,109.44
3996,1d6a2001abafa69d9acba3a6689b375402f851e1,0,1,0,0,15,36,0,0,424,166.4
3997,b511932d795f5dd8e20a1cf13143aa149c89c368,0,1,0,0,0,0,0,0,439,92.33
3998,0bb7b7fc64158523c959a822fb989b567561bc66,0,1,0,0,20,0,0,0,9,46.54
3999,26535c487753975556aafc19c2ce4f9c24cc677b,1,18,0,1,162,55,0,32,992,1160.23
4000,fb9f5620e262faebababb77ce1c73b6e0cc0d852,0,1,0,1,12,3,0,0,91,603.25
4001,ccf1b804d952f7dade298d7bf71c4fc7653b62e2,0,2,0,0,3,1,0,2,51,114.17
4002,3897b47bfe8224d185219e80c0bab92c5087c952,0,1,0,0,0,38,0,0,183,72.72
4003,ac477e8bc9d9e3e861f0e12c22c470e07a8d7440,0,1,0,0,12,7,0,2,49,109.37
4004,d1cc30da3e2a796590139da942015620c6035ddd,0,4,0,3,34,3,0,12,322,284.95
4005,0498abc8501c58ba1b702721ed090146aff88d61,0,1,0,0,14,33,0,0,406,150.35
4006,878118a1996f4b62b2830b3d309206c8b383a393,0,1,0,0,19,0,0,0,420,140.68
4007,a0b6af20beed6d12d0f33f6f58f323b20cc12961,0,2,0,0,42,12,0,7,297,249.12
4008,3b58509465450e1bd80508f28e23c5a6c27972c0,0,1,0,0,2,0,0,2,371,129.68
4009,6cc35837f4513050a4f844769ca4dd55e2dd38ba,0,5,0,0,0,2,0,2,552,165.55
4010,36039b67f35c3ab743f78be19c5d2fcf555e1135,0,5,0,0,5,0,0,0,367,118.05
4011,c9709a849837ea4c2f0de48fb855d9e7abd05ea1,0,5,0,2,58,58,0,0,356,274.2
4012,4e197d5fac7bfc774a8e4e39ed40c831e5848428,0,1,0,0,0,0,0,0,3,23.15
4013,2b98bebc28e13b9bd933884961ced757b653936f,0,1,0,0,31,44,0,3,395,187.75
4014,f99691c02b1b260798e458e281cc56902f160204,0,2,0,0,0,0,0,0,88,27.6
4015,09d39ce6538171a8935a47343e231401cef0c845,0,2,0,0,33,32,0,2,455,231.25
4016,58e1e4437ab308534b51f0de3a0d5ba1cbe3d1cc,0,6,0,2,13,21,0,11,1091,311.71
4017,a5702b69ed7794abdd44035581077b09fc551450,0,14,0,3,10,64,0,3,2164,598.61
4018,e3b608ce20f2c06b6c9ce8f231b6f53ab73f1de5,2,16,1,0,148,119,0,5,1232,892.84
4019,730e056a2a2ea028495637b633396392c31337e3,0,2,0,0,3,0,0,0,113,67.88
4020,2c1c91e2f31f49b27a5574c5338653f1a074b5dc,2,7,0,5,97,39,0,23,1378,1434.09
4021,8f8efe2f5e3893fcdb8ff9cd170070a1f34639d9,0,4,0,0,43,5,0,31,1081,308.64
4022,9cdd2b3c56f4b9aba4fade43cc90f39e31742e33,0,2,0,0,15,0,0,8,392,193.33
4023,ad31f611150b4b95147dca26932b7ad11bb4b920,1,2,0,0,18,0,0,2,398,154.3
4024,ad45bf1248ff4634490739d0ec7740e579ab9795,0,1,0,0,15,15,0,4,122,118.85
4025,081de39b4053ea77b777864c966d34740ea36c1d,0,46,1,2,164,27,0,6,2284,978.71
4026,902df0789689a49ab32cdfd3ba39e63c82441f06,0,9,0,0,0,0,0,0,476,130.78
4027,82c420022ef3ffe3d7ad2172b4338ed12baf9e0e,3,18,0,1,114,28,0,87,2181,1190.73
4028,7ac6447fd2c78ed00943ed0f4297cd7e943c7e10,0,3,0,3,5,5,0,0,111,151.97
4029,9b63f269e7ced1c9cb58bffe0091eb3d86ac6624,0,2,0,0,5,5,0,4,168,127.65
4030,fb7ce0e315e270e10c605dcfa269286bc2add47f,0,2,0,0,58,0,0,16,195,186.39
4031,354efec0f9da0fa03ea9b337b02a1a2a03a9ac16,9,15,7,3,525,31,0,66,2200,1985.01
4032,5f475599264d3d388e81cbceb71b641e1bb7d83f,2,3,0,0,77,0,0,6,516,419.36
4033,9671c2f734bfa30ab8049ed4f26e90cfe7e195a7,0,11,0,3,0,0,0,0,379,183.48
4034,6296c394fb04d7e01f8a03a348b7a179c209256b,14,0,14,0,0,0,0,0,0,1441.84
4035,9d181a86a0870204113271b6e45f611cba04fc7d,0,1,0,0,3,0,0,0,190,71.11
4036,b263932e2e246824fa5e7538e62f39a53b5e9c17,0,3,0,0,9,52,0,3,545,259.64
4037,c28d96cd625062943cc351b14e55c9eaaa1b1959,0,3,0,0,13,2,0,8,166,245.07
4038,8b3805ba5905c3d84f3e0631bc6090a618df8e90,19,9,0,7,14,43,0,1,831,1624.25
4039,a6acd2e47c5a8b31e580f66253cad2966e11d3cf,2,0,0,0,0,0,0,0,0,161.78
4040,e3f6c9ba69a3e545fdd8f18b7b652fa111ade93e,0,2,0,0,5,3,0,0,47,638.33
4041,2a7e40bb73542a76c42c0d0740f1a437d3a90fc8,0,1,0,0,0,29,0,0,219,65.49
4042,31641a68ed0718ac4aa04156851f9f66b92dc7f3,0,15,0,4,3,2,0,13,2369,677.56
4043,7bc78cbf97d341ebfed32fdfe20f21e4d146a869,1,59,1,4,84,312,0,117,3332,4087.02
4044,3896831253100b1fa5935fc5bab4b7222aeabedf,0,1,0,0,1,0,0,1,132,93.01
4045,91f9bfc782cc190738bfd3ad822348728a053b46,0,2,0,0,78,55,0,4,1473,367.32
4046,17ac128cb22cadcaa71ae58a3edc9cf43f34c2fc,0,2,0,1,147,185,0,2,212,275.85
4047,215cf0c94fa174a6956492cb8bccff38514f2158,0,17,0,6,399,136,0,3,2197,1310.72
4048,aeec128b773fca60cbf2ebafe812c5898da4a754,0,5,0,0,5,0,0,0,367,114.78
4049,80646b57a00d77b257332d746ed3478294c4495f,0,4,0,0,349,229,0,52,253,443.57
4050,7452802bc25c0915b7347d4faf2d60adcfc27644,0,5,0,2,0,0,0,0,493,117.85
4051,a19b4a02bfa5237e0dcd2b264da36229546f23c0,4,24,0,6,132,67,0,59,2206,1584.77
4052,d033fa8fa834d288ec977ef7bda043dfdc397e59,0,2,0,0,17,0,0,1,1551,335.87
4053,8ae0dc2d768aecfa3129df553f43d827792b65d7,0,16,0,0,62,6,0,34,1985,799.35
4054,48d8dd5a5b9dbaf69d30c51b97f60ca0f1ed7c91,0,3,0,0,16,1,0,7,587,307.19
4055,d5393017bc8e36a3c5e1125764f1ef1024e07a67,0,2,0,2,0,2,0,0,334,199.54
4056,667f819913ec59a433c51907132f5eca4000e002,4,0,0,0,0,0,0,0,0,266.5
4057,1146f64c01c89f6790aef7375eb60e389e0071f4,7,0,0,0,0,0,0,0,0,461.63
4058,c560d76fec7b0e389430fc418d83d8f38f5eb06f,3,7,0,6,68,74,0,11,285,734.57
4059,5e1cc9e21ccd2afb1be0fc97ef13cb5b6da9c9e0,0,1,0,0,0,0,0,0,309,53.04
4060,9fedfebaee4e2855ef8a6253fc076b3f0d6e70e8,1,1,0,1,2,2,0,1,47,693.86
4061,7c64000df1ec982bbe10487c39d76a24e8927aa6,0,2,0,1,2,0,0,0,133,118.87
4062,a9ac7aab9adf3997c9d1a618ea0deaa7388dd877,1,2,0,0,8,0,0,3,372,170.72
4063,63720634e2333a86eed0e9957bcc35122067dae6,0,1,0,0,72,72,0,111,531,196.06
4064,7ffecaca0803d3acfaebaa620833398b8861941b,0,0,0,0,0,0,0,0,0,5.85
4065,6fcef7dfbc9d70ff17a729106464d10d068c848b,0,1,0,0,64,1,0,2,170,134.1
4066,e766dba3653bb942ff66bd9edc999237a77c2ea2,0,3,0,0,11,0,0,0,184,136.55
4067,970b2b7af85f62f525e697dfa1520e88c8fc5e51,1,6,0,0,40,67,0,19,1104,517.92
4068,8803304f4c79f7ec9049d83d767189c9e91f1705,0,3,0,0,1,1,0,0,194,93.36
4069,b5752a76c4b835931131b48c89734d44fdee5dee,1,0,0,0,0,0,0,0,0,92.61
4070,e9c91e14cd6b479535e58017f02fdcd1bd4a03a7,0,1,0,1,2,6,0,3,27,142.0
4071,f0a28bf5345084a0a43df16021e60078e322e087,2,4,0,1,51,1,0,3,210,535.04
4072,aedbacfc553a7226bbf06410232fb2a2b315cf8b,1,6,0,2,60,15,0,25,1083,712.34
4073,a07d59d72fc059a600a3eb1f479b02964ca256f5,2,4,0,0,3,1,0,1,174,247.98
4074,6d49d1d6f45a78003d62df392c4682b86165ab46,0,2,0,2,12,0,0,4,60,155.84
4075,2d1f8b07cc45359e290160cbc076a86229bcd158,1,9,0,1,76,28,0,26,853,678.86
4076,f32990ffa08fbe0b004c3a7443b295335a2aca3d,1,0,0,0,0,0,0,0,0,82.78
4077,4386620c06e94c9f4e3030ea7ae0f480845e2969,1,2,0,0,108,4,0,10,459,377.53
4078,870868828e7329c03547520bdb1762b4a1763514,1,4,0,1,59,253,0,21,261,464.1
4079,b88f909ce44bbd25528afee03079d0437d5f9a5b,0,3,0,0,10,4,0,8,191,216.03
4080,46e05261968d073dd7faf1c0089aa39e8277959d,0,2,0,0,5,5,0,4,462,625.95
4081,c1e1aca218b0a35e105b8430acaa36bbe7f04b4a,0,1,0,0,2,0,0,1,252,99.71
4082,c699557c148614ec8c52611e53aafef75bdcd9eb,0,2,0,0,0,0,0,0,560,127.22
4083,6b402f43d01495fd9a6bea1c80b2b2b50393b92d,0,1,0,0,17,0,0,4,123,95.48
4084,ef7b7cd968c13ce9df15e30e33300e0f26def303,3,11,0,3,36,34,0,12,727,752.78
4085,1583dcfc7bdcd31ba5e951835fc1d4ca60a23948,0,8,0,1,120,77,0,175,1250,853.89
4086,82cda12ef2f508339b7f2c4a0f1d27b7e4054d4f,1,2,0,0,55,45,0,115,810,365.23
4087,5232c56b13b7e13e2cf10dbe818c221f5557426d,17,30,3,17,159,621,0,94,2334,3237.7
4088,3d84970364ced41d1497269dc3c9d0b5835f9e1e,4,3,0,0,22,0,0,13,1069,590.83
4089,1e9b68164bce898bb5f8c816ee699d56b1c35a8e,0,1,0,0,0,0,0,0,5,10.47
4090,cff6552fff44ff4c8e793efcca5c9b8d87e75e0f,0,2,0,0,56,6,0,5,148,174.08
4091,cba78669137436db2e35179504bf40b5ba1ac50f,2,8,0,4,12,3,0,1,413,473.56
4092,a3a7350d55a3e9b20a6c53aedd8d1c24fb188122,1,1,0,0,0,0,0,0,47,78.34
4093,57615aaa19e9933e43ed0431a78dd231bf98b103,0,1,0,0,2,0,0,0,77,58.67
4094,69b794561c151261d48f7fa5463c3b24894a8efa,0,1,0,0,15,8,0,0,21,81.13
4095,1dafd810b7fc185a85d2e8b7666a2b8ab28d7787,1,0,0,0,0,0,0,0,0,61.87
4096,6151d707c6130a38d18501414447cfa88969d9b8,0,10,0,4,30,18,0,21,728,745.05
4097,18c9082cda7f19ae7556e9aaa8caab08a48e9596,0,2,0,1,19,4,0,3,38,187.87
4098,081a7ddda2f6ce33260d2b59739010d763a8d12e,0,1,0,0,2,0,0,0,13,58.22
4099,589b539c5acdd25f53ef6c9a453198a960ba93d5,0,3,0,0,12,6,0,2,454,198.3
4100,21f47d9c69441c17b5f90ea2c7cb8f4d47f7fcb5,1,4,0,1,49,40,0,0,351,810.13
4101,df0d62a71e748f3d72daacfbfee872b696b56cfc,0,2,0,0,0,2,0,0,122,63.38
4102,6bec2287789f28c21316e67e1516a98d88aa786c,3,1,1,0,0,0,0,0,13,215.91
4103,bb5dc7e3dd6825f8f78f42df6c4ca5ef00d520fe,19,20,7,3,78,72,0,9,1937,2098.85
4104,21211856ea41b22f2f74a4596a6b19ceb23b4ba7,0,1,0,0,2,0,0,0,52,43.54
4105,0a22b71c887749d297e0f00f4bbdc4af58832a48,0,1,0,0,78,81,0,0,83,103.27
4106,26ae9793cf6dbccdfb525637ea6caffa0f1712e9,0,1,0,0,30,8,0,0,10,76.26
4107,12d4802c2e165ed951b77efbe82bee9c72d4c873,0,17,0,4,0,44,0,65,3222,692.49
4108,f571ece6c2a1728bdd90195309546771686e0277,0,19,0,0,3,0,0,0,1002,221.88
4109,3d10a2352e41deb46b72fab5a07921a49464cf29,5,2,0,0,2,0,0,2,175,368.37
4110,118979031bc5e05981ee6da7a9fb26fe675293df,0,5,0,0,7,0,0,3,540,366.23
4111,b941cf2d091bb38b9a45e1f2412136acae2b0f3f,1,10,0,1,134,56,0,84,1014,669.5
4112,722719f2a2a357962b13beffc8f52ca3031e9926,8,1,0,0,17,4,0,2,427,643.86
4113,c1e326707a6c5b3cc550945f010eb4cabea24ad3,0,2,0,0,3,0,0,14,314,118.13
4114,6b082b556242b08d19dc619d5339aa862cd0d1c4,1,0,0,0,0,0,0,0,0,55.06
4115,2dcff4c122f37ca58a485e886fec9295fef0c832,0,1,0,0,0,0,0,0,164,35.52
4116,7d80711d366c5a2127e50051e6c0d5b347b638c6,2,4,0,0,5,18,0,1,347,317.72
4117,e6754a6da8ffb04309a2a138f01616849eace56f,0,11,0,0,122,35,0,36,1038,832.6
4118,5ac1911a831c310e9f6634099e9767a2f0bce306,0,1,0,0,10,10,0,2,166,117.65
4119,665e60128e02cf1990d5a8b13e4704e180b5054f,0,1,0,0,0,0,0,0,275,43.47
4120,226e90584d8aca92a172f8856877eb0839b34cf4,1,7,0,1,56,0,0,4,1281,1086.04
4121,cfce493feb70a49d2722dc2a0d79f845f7e0461a,8,12,1,0,257,61,0,80,744,1357.85
4122,c1a334e1c76afebe0435010b6203c109d86f043e,0,4,0,0,45,7,0,14,266,312.25
4123,6049398d5ce7979b19b640124240855e4e8538ef,2,2,0,0,30,7,0,4,161,254.13
4124,a673e7ba646254c6946a6cb660c4dd9dd71959f5,2,3,0,2,2,1,0,0,93,856.72
4125,bed3da4a61a8637c0faa9632b8a05ccef8c5a6dc,0,2,0,0,15,3,0,1,197,157.57
4126,42578b67a302b44978d1591c1b1b6572197d7391,0,1,0,0,0,1,0,5,58,69.53
4127,7b1c19cfc234b26484ca8746b29f865b38b96147,1,6,0,1,427,85,0,27,1443,893.3
4128,c11144470beb9275f144ac07c974d0e04649d68e,0,2,0,0,4,2,0,1,54,112.05
4129,e5528a2535bd3ced460d7b8a2080330a70cca7d0,3,22,0,14,173,9,0,4,817,1552.63
4130,4ff91cd7cd3e05637d70a56cfc6f5a4ba2f2501a,2,7,0,2,17,22,0,3,749,511.68
4131,ca7f36e1ee5791cdbda7efc5a01e329abfdcc5c2,0,13,0,1,107,1,0,11,939,779.37
4132,64f7bf7d2162dcec23e76f0d2f28367c75bd00a6,2,0,0,0,0,0,0,0,0,130.2
4133,09490c4b95f04079b15c38c4b576f5beb861c038,2,0,0,0,0,0,0,0,0,131.06
4134,962db92afee9eb8e5efce46b5c3f9f57e017cb1d,2,0,0,0,0,0,0,0,0,102.73
4135,8111177cf75c5252bf4e219a377cff5cc07640d8,1,2,0,0,40,39,0,23,411,231.66
4136,fd65a2411ddf8f80d69e8de425bd8805de300195,0,2,0,1,23,1,0,7,188,189.93
4137,7a6f296094b26b940f9f9f66f64e5e2a0f700cb1,0,1,0,0,42,72,0,10,57,128.92
4138,1f49926be4fc2670e285d9159b5a4ef0227887ac,0,1,0,0,20,10,0,33,93,115.63
4139,e306c62968b94ed5124405c9ff8c02147cdba250,1,1,0,0,31,0,0,6,27,132.6
4140,7cf9586223e3344c574ef58b99fdace8a34de6c4,1,5,0,1,25,3,0,8,427,799.19
4141,c56e3f10b27e1e5be38b8a731f330891b190a268,0,3,0,0,1,4,0,3,170,123.65
4142,9ee8f42547f903b214d8262f81c4d62ee70a4525,13,1,0,1,0,0,0,0,0,634.86
4143,f329e4eda9482635a820093476803a73824d9019,2,1,0,0,35,1,0,3,12,216.06
4144,5061edb80df092a2f8719054b0d2bce8c670265c,3,13,0,3,112,28,0,6,870,1049.42
4145,40ea8a4657b950788b67b21b10c92594631d6cb5,0,1,0,0,0,0,0,0,113,26.9
4146,9ddb565314a4efb744167eccbe6de0d3299ac4d0,1,8,0,0,34,5,0,11,900,584.3
4147,5725c72129fe9a75487204b470a30e850ad4091c,3,4,1,0,30,20,0,2,202,403.57
4148,70df02824d8738f009c50ba15b7365f943e4ecca,0,1,0,0,0,4,0,14,265,99.33
4149,1230bcaa0f531f6260f291dd066f64fe52cc6708,1,2,0,0,48,2,0,20,123,235.03
4150,2f1987a8aa609bb20f51cd37df3f7af398960d4a,1,4,0,0,4,0,0,3,753,306.21
4151,84e76f4d3274e07176f7377b7b739b6f180c6296,4,1,3,0,5,0,0,1,313,485.42
4152,bfbbbf90627945e249f05c610b7ba8790c069bee,0,1,0,0,0,0,0,0,20,12.9
4153,64c302f8f4d211a2cd10764e3090b4f9bdde436c,0,1,0,0,0,0,0,0,254,43.06
4154,d182d0426451d43be17cd41a1c8db49b9bfc4b7d,0,3,0,1,1,2,0,4,230,158.87
4155,c0c4c9f1a065cb9e7f7c2c2ee399c8f8ae0d2c19,0,1,0,0,0,0,0,0,86,19.36
4156,c032725d356ddfc7c99a27560581a090e6a030ae,0,2,0,0,10,2,0,30,167,224.41
4157,861ebe753ff982b4cbf7c3c5b8c43fa306ac89f0,1,1,0,0,69,2,0,9,82,188.79
4158,3dc2fe1dc300146e5209023274c0b0d04277f9ee,2,2,0,0,12,28,0,0,296,247.87
4159,b7b547d8e2fc2f47fc638dbcb5a7a02fc2bba943,0,1,0,0,7,0,0,0,185,81.58
4160,fb62f6be44ddcd199b70850579f1a6f76e761305,1,2,0,0,26,31,0,1,608,894.78
4161,29a661551539ad96d31b92999d088ede9186b9ba,3,0,0,0,0,0,0,0,0,199.76
4162,a8ba72b165dfd2b769783d5612b08559cbf24bf9,0,5,0,1,134,91,0,7,500,442.6
4163,3158d1d46d92c166ffd3c7c8eafd899460315016,0,5,0,0,44,25,0,16,480,438.62
4164,caa29417d5bf6b234af06d7ccf31acb1d8e32fd9,0,4,0,1,36,11,0,10,154,324.37
4165,ce0c2901f9cb319e67993530ff2a8acc8d654880,0,15,0,1,56,42,0,18,1148,669.24
4166,a201b3011fdd63b3967e5ffe367fb3e32a470680,1,1,1,0,0,0,0,0,357,144.88
4167,bbe6e8af7867b7c32d8769be31dad8c5d9235f49,0,12,0,0,0,33,0,5,876,520.31
4168,2a528712ddf4739156775be1346b559e6cb97a2f,0,2,0,0,16,47,0,2,247,173.84
4169,256b2ee3e530eea80d73ae1dd013648de26af5b5,0,2,0,2,34,3,0,0,101,163.38
4170,6da093a659180dadf6a2b6a56d10d88fbd19ed8c,0,1,0,1,2,0,0,0,86,94.98
4171,a1162b70eb9720c4d829db0fcf6216ebe941909d,0,1,0,0,0,0,0,0,3,23.18
4172,9255594fb3b9b7c00d9088c3b630af9ecbdf22f4,0,1,0,0,10,15,0,5,161,121.2
4173,e93e0cb868087a8ab707c7e96cfccf220b07a4aa,10,29,1,1,77,18,0,50,3216,1934.42
4174,7abed950dba6afae30c906236fe8a88ff5b87964,0,3,0,3,40,0,0,0,309,291.94
4175,b529b62a4f2e4b7482564ad6c65996c8f5b0d824,0,1,0,0,29,12,0,0,9,86.04
4176,af9248c35a5a138d311073b54f6abd4260ab7fd9,12,3,0,2,2,0,0,12,274,1138.21
4177,0ccb87cf76af1ea662c8209c9f083eb16c51d8e8,4,2,0,0,17,8,0,0,42,316.94
4178,9c6413740b759d0e8715053b2339e2c02b38124d,0,1,0,0,8,1,0,8,323,148.17
4179,2f66ab3a2e616c8189774dffe62a793797f03bd9,4,2,0,1,16,4,0,0,526,557.81
4180,8961bd19a82e44eb8655232f37a5baadb59a964b,0,1,0,0,1,0,0,0,28,523.18
4181,8436e9ce31b52f1bd8c55b8e8c50cafb57cff84f,0,49,0,27,317,176,0,59,1717,3470.42
4182,e7485c235eb3ed79b5427f4cb1225185fb3408ae,2,2,0,0,8,1,0,1,35,204.57
4183,0ae0cba319827e4e706d162a159dc4cc5bc2791e,1,0,1,0,0,0,0,0,0,88.22
4184,55f1508a553974f5d1af88e9fab10c3c915e27e5,0,1,0,0,37,30,0,0,0,82.26
4185,8f321c7299155990d4e4341f3831a843535219e8,0,3,0,0,373,242,0,11,361,359.14
4186,08ef02ebade3016b31fe4b401e93fa0a7080147c,0,4,0,0,4,0,0,0,67,73.51
4187,e1618e287885390c9ea1d4954ea18eeed5783b4a,0,2,0,1,28,22,0,11,189,272.87
4188,70abc16df78d47c62b7cc7f1545542b330562113,5,13,0,0,46,28,0,15,665,935.46
4189,452c39a965d93aab84d2fea84345badd2cc45975,3,17,0,7,101,19,0,8,1938,947.24
4190,9c0d6347edfdf3b7460168c1394a4473eb690105,0,1,0,1,0,0,0,0,83,53.77
4191,09aa841d6b0b7ee407c8011f35ec7c6a274480a3,2,5,2,0,13,7,0,0,458,339.94
4192,ed5ba95dee0c3aa4b8767313369778e7afce5155,1,7,0,0,7,13,0,16,239,352.16
4193,5327d56dc6f6f49a07054d89efcf30c894c85eca,3,6,1,1,45,0,0,16,245,478.66
4194,d7d9b639025a74b322b51e5a35f656c57fa28fc6,11,3,1,0,6,0,0,0,197,779.9
4195,37390d6322ab984f17dd257f7a9939311c81edf5,1,23,1,0,99,26,0,17,2778,1293.67
4196,92b1eb7a1d9113b4f85bb4106727049dfc84fc7a,0,1,0,0,9,0,0,0,6,45.86
4197,9db170fc31af7a7ddfe6e77d55006efbefd91800,0,7,1,1,23,16,0,2,673,354.28
4198,2be00ac7aca75c2fb9b66a554873b59970bfa21c,1,4,0,0,8,29,0,20,439,373.41
4199,aacd4f2916e6d7cc79b0891609d6485b1ec72ef2,1,12,0,1,124,50,0,5,629,794.21
4200,a1daadcba168e7963c8e532b84f7d9613f86b00b,0,6,0,0,10,11,0,2,520,823.12
4201,2522f028bde9af57ba52904855265e6a8519e724,5,5,0,1,32,1,0,19,476,741.17
4202,9edc804e15d0155450ef2b7f710a125545f94062,0,2,0,0,0,0,0,0,177,35.67
4203,f5824499e0dd6c518fe54ee37361f794a71d2b2f,0,1,0,0,10,0,0,0,29,47.9
4204,500ddff4e3b5b47c7244411e14d76b65eb68563c,1,0,0,0,0,0,0,0,0,99.11
4205,b18c66b5f7c59ccd1c3fe0d87cec11df16594e43,10,6,4,0,27,11,0,7,163,918.22
4206,abbb0a93ca67da17197dc5372e6d95edd8149d44,0,4,0,1,1,1,0,13,349,202.84
4207,e795c437e27205273018bfc9a43da38bb1701116,0,9,0,1,70,36,0,15,317,685.97
4208,f09c0af2f9a2f7844ccef0983699782c594588ca,0,1,0,0,0,0,0,0,78,26.38
4209,3b579adf08c1370fe393c0dcf6887f08369c36d8,0,1,0,0,1,30,0,2,439,146.95
4210,361c90a847d8da3f5bcae4efb4fdc3b83a9cdcf1,1,2,0,0,2,0,0,1,122,100.14
4211,47827702658e8ce8a13a3fedda76303ac1d5fb85,0,42,0,13,1191,1209,0,15,2997,2560.81
4212,7f8e156617ae68d8339249ee276bcc36552a49da,1,3,0,1,17,6,0,33,684,328.58
4213,597d8b86276fd5b8c501658683758816365c3edb,0,1,0,1,133,48,0,0,129,205.97
4214,81ebe980a9604173d25a194805d1d868687a1ba3,0,1,0,0,0,0,0,0,190,31.46
4215,1c50d87c190f4845161bb3e281a5904efb32a605,7,25,0,3,110,99,0,118,4504,2070.51
4216,221e5e6aeed1210d11eb6c73c73b79ab0f10c8cc,1,14,0,7,88,80,0,23,674,844.76
4217,6c99cb69665564d9731a5087559c9874efc9af37,4,2,0,0,4,6,0,0,1010,339.22
4218,6b4ee2a12174adde5ca2badea70f4ebc35aa5ae3,3,3,0,0,13,44,0,13,137,403.5
4219,f785c73e81348c062578319588ce24194c0a2061,3,2,0,1,4,0,0,0,69,192.65
4220,5f8ba8ee8299e13d8732f43d0294204996664560,2,9,1,0,14,0,0,0,806,961.37
4221,aaa231bc09dabd57828836ba50ab5e74b6975e5b,0,13,0,0,1,0,0,1,1475,325.99
4222,a3bc785232d3071ac5cb76ab20db9c30a3d2a22a,1,0,0,0,0,0,0,0,0,63.16
4223,1377ca97dd0d8d1bbb7224f562dfc4f68226e02b,6,26,2,1,116,19,0,26,1440,1294.95
4224,585d27d0d7c882797f813a25d21485187b546145,3,15,0,10,337,117,0,5,891,1160.62
4225,c0917f23700bdef499ede8cf079aceb37bfe2710,5,20,9,3,103,57,0,23,1834,1692.77
4226,36b762e433e666bedfa06e06638b36dff8ec2d7a,0,1,0,1,15,5,0,0,60,120.15
4227,1950d056856f7b84ca3b5906c12a33fa655d05e6,0,1,0,0,50,18,0,12,184,132.1
4228,1930678fb534baeb427097520ef4b5170d3a24cd,0,1,0,0,5,0,0,0,20,46.58
4229,9c77f0785e43326521da5e535f9ab1f05a9c6280,0,4,0,0,13,0,0,9,1468,365.79
4230,c91fb7c2f058272d8207a1d2e9396755c75cd853,0,3,0,1,1,27,0,4,284,232.26
4231,9d222ca1bb77b48e0988d5d1a9c3cb7f8fc622be,0,2,0,2,0,0,0,0,35,54.27
4232,05e06995d7099cfb33bab71aea798dcfdcddc599,0,1,0,0,0,0,0,0,15,10.6
4233,cf6c63c897927d7c827fd7a22e657e2270ff82d0,0,2,0,1,7,0,0,9,232,133.95
4234,c2db18120c53dc8712b08369f7ea5b93ace98c6b,0,1,0,1,13,38,0,44,378,286.33
4235,5757850ce1df5684e4c391d77ce033fd54afd0af,9,5,0,5,0,347,0,0,713,939.26
4236,2f683af747606027b8aebddca82147baa6a416c6,0,2,0,0,25,2,0,1,324,173.92
4237,650c528fc4452e6b11294062699001a5b4a21ac9,4,5,0,2,23,7,0,4,264,561.07
4238,6071fb8c489874eaff96433930d3b7f67d35dc07,0,1,0,0,26,0,0,21,164,97.07
4239,56afefc137b50d612e933fd29fcc5e938384631f,2,2,0,0,38,182,0,0,184,328.93
4240,d994d2e6a0c37ed3156fdd670aca1bebb839983d,0,6,0,1,21,11,0,0,837,909.53
4241,013ed82ff3eccc0946d20a955d98524a7ca0f7e4,0,4,0,3,3,0,0,4,137,284.08
4242,5c6603e2984d2e580ac105237b997e1373635762,1,3,0,1,43,10,0,27,596,373.4
4243,c9519c8d6c869d2bfab186e449f0ad2b62484805,13,0,12,0,0,0,0,0,0,1054.42
4244,7167218fee020bd8d426feb676a65b88412b560f,0,1,0,0,0,0,0,0,180,40.9
4245,c284745ee4612054339842789b0d87eb4f9a821d,1,4,1,0,51,55,0,8,242,362.74
4246,1b6903216b320dd44110241779b90f56cf7fb91e,0,3,0,0,121,36,0,3,345,288.3
4247,ac888b239936d146b1109eca8b9a193458cdaf9f,0,3,0,0,0,3,0,0,139,96.58
4248,244e5d5f806e3d0e55f28a60301e5ac28ad0bd18,1,1,0,0,0,0,0,0,320,118.78
4249,79000c85be7dd5b40c988bdc490ad6ee22c6c6b7,0,1,0,0,12,18,0,2,163,126.64
4250,e1f56e9d767347c5c69f943921cc0cac29708036,1,2,1,0,0,0,0,0,35,118.11
4251,55db268f0869fdbbc38454aea351c838515d4a55,0,2,0,0,12,1,0,1,77,142.24
4252,2842e2fd9893add426c42aa40436b898e40a1ffc,0,4,0,0,57,89,0,10,945,438.51
4253,380ef878c850f83b5e12176e465d59c737066e20,0,2,0,2,31,19,0,9,180,276.75
4254,4e3ba4039d694e539dcdbca74fd628140f85d5e9,4,1,0,0,0,3,0,0,39,280.62
4255,f372358bee992c5f25c315f99226bf5a65b6bbd9,0,5,0,2,3,0,0,0,26,71.04
4256,3838dd19c5c59efe8d19ee177e0180edb2995a8b,0,2,0,0,11,1,0,9,802,206.05
4257,0619c0526387f4cc7d81537d17ae42ee6196edbd,0,5,0,1,7,15,0,4,94,209.81
4258,ff60ecfb26e6542659c73ce6e2bd3ce911caaea6,0,18,0,0,21,70,0,3,583,831.99
4259,e83d1ec102808cb9b3ef4208335f74e6f17bbe7a,0,7,0,3,21,14,0,16,301,672.77
4260,11796495762893f2c8b1f744321d0c4b5db0b881,6,16,3,3,4,0,0,0,870,1087.24
4261,4c71e90e41c514e10341909138a00585153e0a55,0,1,0,0,0,0,0,0,190,32.74
4262,cb34e976d7c71e87a3fd8c4902f761c70cc453ec,2,7,0,0,440,77,0,47,347,857.64
4263,c89c657ae16bbe89da54669a234713a3811813ee,0,1,0,0,0,2,0,9,188,95.12
4264,d72a3f7f99a7e242b191e993ced123d98a083d14,4,11,0,2,116,61,0,8,694,933.56
4265,8b3cbb52527f77ed43f3035c88c5750abef2c5de,0,5,0,1,23,8,0,18,316,265.29
4266,fb3f3ee845a3aae295c9aae00f3d406d9f1d5813,0,2,0,0,4,4,0,0,164,98.59
4267,033c69f9477c6352865e7e0da01296dd778ffe59,2,26,2,0,48,43,0,2,3030,912.43
4268,ae04025f16a46dda5dfb0b25e1ea9ab327dc70bc,0,2,0,0,12,12,0,0,308,122.89
4269,ed1b30f3aa21088463e9b539bb956dc2525cd140,0,12,0,0,0,0,0,0,1266,216.25
4270,83db1db1c93b45943a788a8bd61f023b389d4af2,0,11,0,1,80,26,0,22,586,751.18
4271,ed7d16534f55ca3ee43b2c5110c71bfa224e7144,0,8,0,3,120,6,0,26,340,623.81
4272,464e782868e1f697809d681ce7f8528bef4f2bdb,12,3,0,2,19,2,0,7,109,998.34
4273,0b86903dc88bae3c40b8b22a02ecb8faccd737a4,1,18,0,13,80,46,0,19,873,1195.78
4274,1a3ae03baff7cc3a406e2e63e7d57b3f7c71ea26,0,1,0,0,4,0,0,7,81,82.96
4275,7ed95d9de7a3f4e18bb515ee6658a746e0bd92ae,3,4,1,0,7,2,0,6,398,350.91
4276,2d55cf0dcbdf2fd182e690209bc86e898f9e01d8,1,9,1,0,0,0,0,0,561,207.92
4277,9eef3c86c8b34732178d0bce441c1e6145c5ea64,0,3,0,0,0,0,0,0,127,40.51
4278,247cad1cda9cb06e95498ee2db6ae0095eac11bf,0,3,0,1,2,14,0,24,702,385.1
4279,b8aa49ce7d806c52183ab79c17c6024b60d0eaaf,0,1,0,0,8,7,0,17,156,123.87
4280,d03dd63b7034d3bdcef6df282b5277ba9d6ed1c4,0,1,0,0,0,0,0,0,81,535.4
4281,2667f0e0c2dab541599269bba21e6336955d942c,0,3,0,0,50,0,0,0,265,90.1
4282,01adab53a53ab79a95ab14b4f86e94fd78c0fa40,0,2,0,0,0,2,0,0,91,55.99
4283,f99d797cc26e9aecd1e2c310f26c8ae8f6a375ef,0,2,0,0,1,1,0,10,239,172.16
4284,e281e4d6fc22e498f56d88b0f661972345bf0e55,3,0,0,0,0,0,0,0,0,173.61
4285,ee273dbe01e95d2b260fa690e21e2c244a2a5711,2,6,0,3,82,31,0,17,362,535.92
4286,224fa94c620491b364c715b10d7f627bb5c739dc,0,1,0,0,12,0,0,0,163,67.53
4287,d8c74d20970e6cf379165ffafe8550a5b98d7c4d,0,1,0,0,2,0,0,2,186,94.57
4288,189001d8093c66b7d7e63f196aa71c9928021d50,0,4,0,1,21,19,0,0,461,219.73
4289,359b39c383347b14c1a3e382d59717ac1be1b222,0,4,0,0,26,86,0,17,364,328.57
4290,79a92a6478a71c83d3f75e59bb7f9ca431b513d7,0,4,0,0,11,37,0,23,268,356.96
4291,2ffefdfb3c7c562d907ad1a4cdc9cd951a29fcaf,0,6,0,0,122,25,0,43,833,555.4
4292,39d526e6f8b26ff35e1023c65293982285ffcc78,0,26,0,0,58,0,0,101,899,1043.07
4293,1cf49e90cddea610b4cfa3623a53ced66aadfc2d,1,6,0,1,11,3,0,6,1571,542.83
4294,909cee281292be7408b1b9f0c25cfbd6cf185b4a,0,1,0,1,0,0,0,0,167,85.46
4295,23fe00629e4b36e5c4d3849c2711743148369631,0,2,0,0,18,4,0,0,345,157.93
4296,30a74c768b88043c173053f5d37bfb0fde85f149,0,11,0,1,543,22,0,22,2478,1282.08
4297,45e680c2b6c9c2f64ce55423b755a13d402ff8ba,0,1,0,0,0,0,0,0,197,35.93
4298,e74521c1fe5f5842185be5c454d27adc3bd254d5,3,19,0,2,23,21,0,66,2202,1159.58
4299,adc85301cfb25cedce996d91f5aae69a2c597879,0,1,0,0,4,1,0,1,258,126.24
4300,44ee1c1b64b18db199a7e77492dc890a1234fcb0,28,9,0,1,263,97,0,77,1805,2975.27
4301,5cd9e9d94bb3af4a5a868789f663af262672cac8,0,1,0,1,0,0,0,0,86,73.45
4302,4f4c6b90d5a0b452f8c6f8ad033ecc9e710fcd55,3,1,2,0,0,0,0,0,36,218.38
4303,0ca1f0c7b76cc4b4199fb687be4592dbd1548757,0,4,0,4,0,0,0,0,112,99.48
4304,09bd1f89f4fc70318250463e653cf862d07c1b28,0,0,0,0,0,0,0,0,0,5.53
4305,52ebb295c6782e5cc9c7747656c278849ec9030a,0,2,0,0,24,6,0,5,353,215.1
4306,6774054a7bf1ff6947ec774d74ef6f3941c58b27,6,30,0,4,191,273,0,115,2166,2111.94
4307,4b89855aaab50ec785a0c5e0e19124f8f9ea9440,0,1,0,0,0,0,0,0,184,52.7
4308,9de640af9cd23927bbd59a0b5794b93e85956551,2,9,0,0,332,96,0,1,702,565.82
4309,f07aa014d40eea13363fd1d042ffcc0e27341a92,0,0,0,0,0,0,0,0,0,11.02
4310,365cd4005e9b48397dde04b66499adc46543d64b,0,1,0,0,3,4,0,13,184,126.64
4311,0ee0c1f5573ad059dc6a8e4489094b7f78267306,0,35,0,11,1931,883,0,366,3315,3695.53
4312,7bea90150309156536558d94cb5c244369af81b9,0,2,0,0,20,0,0,1,95,127.54
4313,71b2d664e0f98d9f5e9af8c84d2e749d4cece273,1,2,0,0,3,1,0,4,40,145.18
4314,3246255bcdc164a7c63f6a26134fff206e979b35,0,3,0,0,11,10,0,28,540,260.75
4315,48713a8a8f328d3880c823a754b9ff6abc618b2a,0,1,0,0,17,57,0,0,424,171.55
4316,922db7901d3f551a8ebf9eca99f6c2e9bf9daed5,2,1,4,0,9,2,0,2,62,335.28
4317,c518df944fd47ad0d0fda1fd6aaa7f8fac5b4b18,0,1,0,0,0,0,0,0,441,96.49
4318,211d0bdbf956f6bf17ea40f72d6aca9cd4fb2fad,0,4,0,0,8,13,0,3,493,275.43
4319,36fcdae581cdc9578a33d3d8bb7a058080b7bece,0,1,0,0,0,0,0,0,113,25.25
4320,830dab256f1428d0e02fbc9ee55a17fdf8f0ec98,0,1,0,0,0,0,0,0,43,537.13
4321,c910300e2feecc9b0c129eca39ededa62be427e9,0,2,0,0,14,1,0,7,322,186.93
4322,46573a6ae31d7fc7e794462f6428b4f8917cc4cb,0,0,0,0,0,0,0,0,0,5.75
4323,2d13c21f36f514194c05f63082618a600088fc21,0,2,0,0,3,1,0,5,113,170.73
4324,f89e1365ffcabcde7cef81524ad54a0ca0e2e932,0,1,0,0,0,3,0,6,255,101.16
4325,54d5662f353c19d96a4241cf9b7d7703ac2d01f8,0,1,0,0,0,0,0,0,199,34.33
4326,ad6370772ff863003dc7247dc2123e10ea1c590b,2,14,0,1,183,229,0,30,832,946.46
4327,0e6c9d4b53b4b87ec6940e62672baf73f97a8283,0,1,0,0,0,2,0,1,30,64.13
4328,f1b445b0eb481d2f66d1a8598dd10af16c101f18,2,13,2,1,134,394,0,32,1356,1007.04
4329,b2aafe585303e9eceb57ae1ac0b1d552206e3b3a,0,5,0,0,40,133,0,51,558,281.94
4330,354922bed7ffe5482513ac53b5ef56bfbca8bd9a,2,10,1,2,198,36,0,65,637,714.56
4331,f2e6fd34839e8435e0d607d75552ea7a2509b595,5,2,1,0,0,0,0,0,77,318.94
4332,bc7f6d9e5b6d5d4788daf6f96a0e2f56055da06a,0,3,0,1,15,0,0,4,327,128.6
4333,063b1092b2246ee4d959f1579fb43f3bfe14083d,10,0,0,0,0,0,0,0,0,605.08
4334,1c3b67edd007d6d3727f1786eb0a99a0ee3a64c9,1,5,0,4,118,11,0,7,637,502.61
4335,ea710204e4d1ac6ac6d3e6ce31215aa0b8ff50b1,0,8,0,0,44,14,0,26,690,484.87
4336,10fc1d8d3374ef05c4c5430b1d7a5aaa63ee9185,0,1,0,0,14,0,0,46,255,108.22
4337,740d437a3d07f322d5883b840f21a01090ccea26,0,5,0,0,20,44,0,4,678,424.84
4338,6df1dd2cc848d0a691a98309a3bb760f9a998673,0,5,0,0,37,153,0,4,781,398.91
4339,837508df876c77cf22d7b289e76547df6a485bf0,1,5,1,0,0,3,0,0,684,256.04
4340,df7c61e2e5e4a901470abc7b7ac72e2167045a95,0,2,0,0,18,2,0,1,311,696.75
4341,a0900e7324b7a2f85080d151ab5ed1f015c257df,0,2,0,0,15,5,0,2,329,158.97
4342,921414d6e3582cb42820475ef22444b3eea26c96,0,2,0,0,31,46,0,2,79,189.39
4343,4e3165eec508c320f8c4f1fef7afe78697a64fad,0,7,0,0,4,4,0,0,220,126.31
4344,66d72acd23e3006b23348babc256bb6366290c61,0,4,0,0,4,3,0,1,223,161.7
4345,4786b56e588c9812c635e1b4d9c28af68041f754,3,2,0,0,2,0,0,4,76,372.6
4346,56cb7937e0b03b16214a3b573754b6e6f082fa43,2,11,0,4,132,32,0,30,923,881.4
4347,2b8db40ac40d70027ce331f3a04c6ca7aa562a84,2,5,0,0,35,107,0,63,423,571.34
4348,579f991eadb75597ce6d16c3d9efe6b2a902aa89,0,1,0,1,2,0,0,4,199,146.41
4349,8fc847e5b632c5f311f7a4dfc55204c486283c58,0,1,0,0,2,0,0,6,178,89.54
4350,3f3830dd0a26b0b051e9e59e6fdaa0bac3be66f8,0,1,0,0,23,0,0,8,201,103.13
4351,54e957614c38fed69baf726fc86059e9b11384cb,1,19,17,3,177,84,0,83,2639,1820.77
4352,4cb5b725447dad55dfbe66efbfc4580c51d8087d,0,8,0,0,69,168,0,70,1426,664.51
4353,40f5f3a0160df708ecc78356853138e640b59da5,0,1,0,0,3,2,0,0,103,88.91
4354,6e24879b96bcd5eee9f1b4af504eced11a901123,0,5,0,0,2,8,0,0,669,212.45
4355,046f39ea448050ea52cb2389b0acad9d58ddafda,0,19,0,15,5,44,0,3,593,929.68
4356,0fceb11dfd9e77868efc4a9681eec22146d5a011,0,2,0,1,12,27,0,2,303,218.07
4357,421e4a1bf6599242829f24d25f4a464ee6438bc5,0,1,0,0,0,0,0,0,99,20.12
4358,8f55abe5ee0679ca2fe1a23c9fcb2e887077f142,0,1,0,0,3,0,0,1,15,67.37
4359,5a2ca81912193552e74cd6a33637b7254e5a7174,0,1,0,0,115,337,0,8,56,145.7
4360,bd96ba8d1bbdc494ac88b98a6469255572f4a9fc,4,34,0,33,55,166,0,106,3224,3334.83
4361,b950d5b499278b4213a540d1e41478aaffebe714,0,1,0,0,0,0,0,0,146,31.55
4362,8791d4f020f812593ceca1a047e8b0722c19d879,0,4,0,0,3,0,0,2,446,188.53
4363,af35ecc4f90b5916a69f78921e0341a2e03c5441,0,6,0,0,79,47,0,0,875,367.16
4364,8f4039dcb326a1af276ac4b93ffe5ea4da3e19bc,20,7,21,0,8,7,0,0,209,1836.02
4365,7d2e5aa9d992e9cfaeaf3fdb9f3d2cc776e152b4,1,5,0,1,13,4,0,0,104,279.45
4366,a2c9cbbd8987b342be6149f5920e4bfc78d9782c,0,1,0,0,0,0,0,0,170,32.18
4367,ccd574a46e6fce44a9c1d0bf0ec72424c8252c98,1,2,0,0,8,0,0,4,359,191.78
4368,de573cf5cef3bed6c489af85dba2cc61912db4c0,0,2,0,0,4,3,0,0,126,143.28
4369,3be621cfc270e7aee24b0a5438acbbe191606aea,2,1,0,1,0,0,0,0,27,96.3
4370,11f1dd64518ba59f65b521e21d53e5a635d8d93e,0,5,0,5,0,0,0,0,341,237.25
4371,562f8a31c7ee7c04d066e73b18c580e28bdc8d76,4,9,0,0,112,229,0,13,845,848.26
4372,b1af2df81f2685ada49eada19b342306306c5e3a,0,3,0,1,0,2,0,0,25,68.29
4373,e9c1562034dabc34fa46d4fd8411321db0a6c637,0,5,0,2,13,4,0,2,706,361.0
4374,f2daa1082bfba5b0cdca00c7571b2723e8f86be1,0,5,0,1,37,0,0,56,433,266.33
4375,e17206737e3701838c74c89ff108f32b11c4656c,1,7,0,1,349,71,0,8,409,676.29
4376,9a18e579021304f6ee0687cd1c9579740b11b98d,0,1,0,0,0,0,0,0,269,44.61
4377,ca82b0cc36added997cc60aa246a53b76970a355,1,11,0,4,48,18,0,12,1084,639.85
4378,1722e8314cd959f86beb1585a5e280de4604cef2,0,1,0,1,0,1,0,0,10,52.64
4379,0c538915b23d9ad4e410036c9ac18c3e928ce251,0,1,0,0,21,0,0,0,180,68.09
4380,1c8d866a83065e3d1bc9707dab81117f24c9f678,0,11,0,2,125,37,0,20,590,1145.8
4381,1d368a4b77f3ea53809e622564c87b657547c405,0,1,0,0,11,22,0,3,44,126.84
4382,fbea2da26d01c470687a5ad217a5fd6ad1de89e4,0,0,16,0,0,0,0,0,0,461.9
4383,ededb6b74a2d388ff1c54ddf0f2733c65675c9a0,0,1,0,0,5,14,0,2,331,146.3
4384,78d954b858933f8f8ecc1ace01839b4e6080def1,0,53,0,12,555,319,0,58,4345,2440.18
4385,fde0341fe16c7258e42f77e289a557157995830c,0,21,0,6,1,0,0,6,2112,554.55
4386,3b2ee23b65544a5f517e77cb55911bacae4117c6,0,16,1,9,336,143,0,16,774,924.06
4387,60ec683082124359162ac3c97b223b5cfe44cbbd,0,2,0,1,0,0,0,0,109,50.55
4388,7e5a97062c8d5d322be81a9d8af35f942a929f57,0,8,0,1,82,104,0,67,785,474.13
4389,b3cb5e7e67f615f363424e84b623605bf128a3c9,1,2,0,0,14,0,0,2,199,197.23
4390,faac20315b365e5d5dd800893bc5f04395aba2cf,1,2,0,1,2,2,0,3,114,244.85
4391,0078c44e59a368f5564ef6a151aea2f351a2e2c8,0,2,0,0,148,1,0,37,254,199.71
4392,ce2163e6c987a9fbd9235f6e5b24c0aa8e475b04,0,28,1,3,51,274,0,8,966,831.05
4393,68924031594e4793becb884436b0964540f5151c,0,1,0,0,0,0,0,0,231,41.39
4394,7bd80689bca51d793660d1110480dbeb79484a0f,1,3,0,1,49,17,0,1,531,318.24
4395,48a2720055987fa67ca3cd16cdd57d34648cf59a,2,0,0,0,0,0,0,0,0,99.24
4396,170366c9003424f3847d2658df6f29d2f63c3e2c,0,1,0,0,0,0,0,0,50,19.52
4397,3b8f60e9b6f65485db280124e5368f111b558e27,0,1,0,0,11,0,0,0,42,50.21
4398,84dcb7c20f5d67dbb5a931ab56e68594e491034b,0,1,0,0,11,0,0,0,53,50.87
4399,beb7f31227766cfa17691525ccc666d105d442da,0,1,0,0,10,6,0,0,467,174.96
4400,a35c7201e010ee34629a7fbd9ffcd9b149fe5f93,0,5,0,0,0,4,0,0,485,674.03
4401,f950def569f20e2009a9c216d5160374b583e177,0,23,0,2,4,12,0,8,4063,998.95
4402,e2f28d47f6108c49c02ccba8ded7c70d39bab4bb,0,10,2,0,310,85,0,9,601,606.24
4403,1aad5b759432f0b59a9dcc366a4b66c2681626f1,2,30,0,1,268,67,0,96,3312,1828.25
4404,959d227837c3b0c919c467fa59f6d1ec305bc4ad,0,1,0,0,0,0,0,0,170,37.29
4405,4bd352599d0b4ff97ae8cf7eebc528dbcbd33dff,1,0,0,0,0,0,0,0,0,76.76
4406,e79ff4ebfc896c827ee5cfde57570ff42fb04e10,0,1,0,0,58,36,0,0,247,134.44
4407,ff750e61a556a96f0cc55997706a0fac7f764dca,0,1,0,0,5,0,0,11,55,84.97
4408,73493335f4dbecbb4f1f9f954b08534a5e35ca90,0,2,0,0,7,2,0,14,628,243.86
4409,bd7d867933843719650557054d04510d27c29dd4,0,2,0,0,3,12,0,16,540,169.29
4410,113b20b7f8717b12c5f0dfa691da582d426fbae0,0,2,0,1,1,3,0,1,346,225.74
4411,118469d49918c0a26f0ba5995e8fd80191bf045e,10,1,0,0,22,0,0,0,16,560.93
4412,59bee4ad825d7252c791e0376ea2504602134fe7,0,14,0,5,122,115,0,36,1545,950.64
4413,2bf76be1864b716ddcacca79ca01d28507fe8514,6,0,0,0,0,0,0,0,0,351.35
4414,0a8b63aaece33419ccb569bfaa9b2ea5ada1573c,6,0,0,0,0,0,0,0,0,310.02
4415,56e013f031025a794cb327fdda52b46629dd085c,8,2,0,0,51,9,0,10,74,589.49
4416,000b5d53d0d4fe33f3bf9f31edc35f8c3eaa26b1,6,0,0,0,0,0,0,0,0,298.28
4417,fa13e49bb3e56dacd0d84a0a47949d33abe91a37,4,0,0,0,0,0,0,0,0,188.12
4418,edcfd8bb3a3da2205b6a3b272cd03718f16dd94c,0,2,0,0,176,12,0,2,547,315.36
4419,495a5c3c47af7f09d80b6e534cbfe339f004e26d,1,1,0,0,23,5,0,5,163,187.87
4420,197cd6cf0fb10efc6badd5fc8584f4b36b09e705,1,12,0,0,108,39,0,17,1288,1338.32
4421,6403dbdb479e278d7389c460e9972270554dda4f,0,0,0,0,0,0,0,0,0,6.01
4422,a7e24580a2178b27ea77e7327c39ad7e75cac0a3,10,28,0,13,242,309,0,21,1181,1965.85
4423,7e75c7b3cc89d8b81341dea6911c39cbfaa6138d,0,3,0,1,12,1,0,62,343,245.74
4424,f253655c997a251087c8c281cec18c5ef2e84db5,4,2,0,0,0,1,0,0,56,239.79
4425,6edf31a06f4e3462fa5d377d8ac844153d4171fd,1,2,0,1,4,0,0,2,82,163.06
4426,3ef4e68bf8e7367c81b420d919e2172aebbcd507,1,4,0,0,123,161,0,19,1296,433.66
4427,ebc8d20795787de64f467bb20c8ccaeef26543d1,0,1,0,0,1,5,0,1,333,142.22
4428,ea23f28c449a1a11e509ca62a36f770a6940d40a,0,26,0,0,56,11,0,37,862,1111.99
4429,8aad7affb9c4de0ba6b23c9bac721eaf855be15c,0,2,0,0,20,60,0,0,747,159.47
4430,f59d6a11881be3c6d2174a720a04ec9a55160cc8,0,1,0,0,41,30,0,10,268,158.93
4431,147997388580e25ebbeabe86af706a4d6fa1de39,0,3,0,0,0,5,0,3,366,135.42
4432,89209a46d8329ebdb8c3bde7cda4061143eb0212,0,1,0,0,4,0,0,0,55,45.9
4433,e96f279055123a6dd04fd1af2258fb839e56bd98,1,0,0,0,0,0,0,0,0,55.89
4434,b2b0fe79d28ba8340028dad0b03409fcccc69a50,0,2,0,0,51,9,0,37,467,199.85
4435,912f8d90efef2912bd9aac7c0b44d05fd90d6803,1,1,1,0,4,4,0,0,39,182.84
4436,8b904ae21d319c6cd26d160f7c5cc91b5f081577,0,30,0,12,134,186,0,4,694,1593.44
4437,017b4f0f90c3a40c0f5557916c6ad5c4612606a3,3,19,2,1,112,102,0,65,2443,1697.32
4438,1e574750da55613582aacab5fbdf1a6730d95b96,0,21,0,0,26,0,0,0,2087,513.11
4439,2a65b62216e8fb73fce65209bf646ca67e5f96b0,7,14,0,4,90,103,0,33,999,1530.63
4440,85453b64185914d5889b194a5e9614cf1da9e9fe,0,2,0,0,32,85,0,14,246,780.53
4441,7bd7b056a2947440ad5acab6dbd45915c356f145,0,1,0,0,44,16,0,10,79,123.22
4442,e497a831fab3c01ff8dc5992940b09e6427fa472,6,44,4,8,0,8,0,7,1634,1093.78
4443,09e5be41b3bcbfe7aeb23a92b3ebf62f9a2f6968,20,5,3,0,0,2,0,0,127,1142.02
4444,b92ff121218ba637ee6079f93ceaea21a3958645,0,8,0,0,0,6,0,5,510,249.99
4445,35ea6505cd66f29d9e9d382fc4133dc4aac75923,1,1,0,0,0,0,0,0,17,79.94
4446,7164b2b643985b99c6688b62174de42a71deb71b,0,3,0,0,13,0,0,2,461,170.46
4447,11b021b0fb36503c06596323b39d531225057f1e,0,3,0,0,4,0,0,12,52,95.44
4448,0437722449c59fdc21fc5d18a59e5e0b961208af,0,18,0,1,13,16,0,7,1768,765.79
4449,3c037be7d2884ff0276952b30638852a01ba687b,0,4,0,0,12,3,0,21,626,207.75
4450,ea60678e9ecdcf954cddf0ce6d0e0b6da01b4cbc,2,14,1,0,39,5,0,15,1952,631.83
4451,120bd0f428fd4ca4051d052ee9a79728d55e72d7,2,6,0,1,113,9,0,8,635,499.98
4452,148395bcd81a93bcb1473e4e93f267edb3b71c7e,0,2,0,2,12,0,0,0,290,207.39
4453,05bff2295661e21544f03c3048c44a09506d986e,2,8,0,2,92,226,0,9,1023,882.37
4454,3586ced3550ac036638a8dff011c01de99f9ed5e,0,1,0,0,0,0,0,0,65,25.69
4455,2315c7c5935a703eee10eb9eabb75aa8490d1457,0,2,0,0,6,4,0,7,579,222.52
4456,fdac963d5ccdb0397cc069d701bccd6bd04eae5e,0,1,0,0,0,0,0,0,240,36.94
4457,bc19aa3880bfcb7005f1900d2d00d35c53d777aa,0,2,0,0,36,47,0,1,676,304.96
4458,ae446388b91ecc0f08887da19400395b96b32f6c,1,3,0,0,0,0,0,0,616,139.47
4459,4de2353f312a559802b319a92b09492818f309d0,0,4,0,0,15,10,0,5,559,294.18
4460,44c247bda9581c02e967841468e8f715df3cb6e6,0,1,0,0,3,0,0,17,336,673.58
4461,a1d2df6149491fe9a087882f88c87e09476bb429,0,1,0,0,0,0,0,0,174,30.7
4462,e0d1fd504d6313b1b02a06ef7935cf7fd7069a39,0,2,0,1,8,0,0,3,376,188.64
4463,6bb6de22fb6602058430d6d4eebf7cf36e404aca,0,2,0,1,0,5,0,1,37,88.5
4464,ceb890f1d54acbc62eeeb308be386dea3b2c457d,1,7,0,0,102,17,0,14,709,547.48
4465,924830ffa01d1fa1ba73acde32aa65d4a8e4dbac,0,1,0,0,5,0,0,9,174,91.02
4466,eba6f9a2f7bfd15a9adf15d356e699a0143bb5a1,0,1,0,0,0,0,0,0,12,10.4
4467,b68049b7d75dcb52420d4d79728e68c94f838fc2,0,1,0,0,0,2,0,0,10,38.24
4468,baeedba5d1dbf43180dcec77f50dcf988edb105d,0,1,0,0,5,1,0,1,333,134.09
4469,f2891ab857e00bc70eb025bb430f46f4f58355a5,0,1,0,0,0,0,0,0,338,58.21
4470,d1d7044cee85c97ddea232ef2a70b2d89f40ffac,0,2,0,0,51,37,0,34,479,234.07
4471,c854d5260c20b0926c4347c7c9dd7d0f4f11d620,13,18,0,0,271,96,0,22,2487,2488.71
4472,bf94a341f81ade0b386d729df5cd4c89b36b1168,0,1,0,1,1,0,0,3,19,86.12
4473,63edeca85b03b39b7c9535df446dadbe564ed1a6,0,1,0,0,3,0,0,0,83,52.36
4474,3061eb126a69319a4ad45995f66f98c58dc23fdc,4,0,3,0,0,0,0,0,0,357.96
4475,145b2ba7f8ba72ed56992e74711290d18d32caf2,0,2,0,0,3,24,0,0,300,112.67
4476,96bbdbd70cfe55c4741ce7513cdb051883ef6f48,0,1,0,0,0,0,0,0,11,11.57
4477,12cd15622afbbcbb40c9dd80151f4ca459a26922,0,1,0,0,1,0,0,2,246,134.02
4478,fad979532e8e31f36c390303be432cb969d7f3e7,0,1,0,0,0,1,0,0,19,37.84
4479,8e35febcc7fd5ce561e4a79c3f9f269d92c7d2d1,0,0,0,0,0,0,0,0,0,6.2
4480,087571bda5e8d44536867aa77d8a62ed9715c951,0,1,0,0,0,0,0,0,42,567.2
4481,6685b0bac54b95705426fd78bb819171271004e6,3,34,0,12,465,391,0,58,2127,4367.25
4482,a43e0d5c4c84f92a3b12e4f410e803f17fa40039,0,1,0,0,77,33,0,6,274,161.48
4483,dce1be18593539ff29c3d55c5f2c1208a2e54c10,0,5,0,0,37,3,0,10,476,308.41
4484,ef11e636154c343c6ba557060fb0df3ddcb3c77a,1,21,1,0,126,78,0,22,948,1199.96
4485,f75c16b0540c839079188bb58b5acf2ede108767,2,15,0,2,63,0,0,11,1130,942.43
4486,61821801878ed7bcebbcc98405ba5b13be1cbc2a,0,1,0,0,2,0,0,0,134,67.53
4487,0930179f41dec179cb60882f699ee4ce8ba34d61,0,21,0,3,117,44,0,5,1883,838.45
4488,d594d02426898c3bf3c1fd52417c75921e28b61c,0,2,0,0,107,21,0,18,746,287.67
4489,93e960d8ba2a52bd070609fd6ded86b2731596eb,0,4,0,0,0,0,0,0,573,82.96
4490,e2e73ad3bafe5d26a1cf2f9a81e1a92d3acd9139,0,1,0,0,2,0,0,2,39,78.02
4491,1559701f451e76944ba016f942c22fa8a022bcde,0,2,0,0,62,0,0,1,1203,294.74
4492,ac43a69c1a5b285d9519ce540a14dcbef946d63d,0,3,0,0,44,14,0,0,420,228.8
4493,7571959a199954f017130ee7aa793e7250384b9e,0,2,0,1,0,0,0,0,330,111.84
4494,f4195ac02764b92622316e83fa4dd31b864f2375,0,14,0,4,48,64,0,32,426,881.75
4495,a750415b60a8f5bb150378fc49b5985c4ccb8c57,0,2,0,1,31,19,0,1,364,227.6
4496,16ab1fd97f5ffc2d77a288b5b561f9cbbbd1f63c,3,2,1,0,103,0,0,5,664,344.78
4497,23a364616f0cec1a7c58a9edb308d83652ea68ea,14,3,10,0,32,35,0,0,113,1147.12
4498,8e793f94ae635b6dc930ebd32ec12f797a936c82,0,1,0,0,3,0,0,0,3,49.24
4499,0dea359b30c15abc07b5c9af8f775adf235a6cb0,0,5,0,0,26,0,0,6,610,352.76
4500,39010dce426936f66a3f9440e77d5c4edadd7bd9,0,0,1,0,0,0,0,0,0,610.29
4501,f72e5c8cd781b2d32aa89fd62f3b0b8c78ded0f8,8,4,0,1,1,0,0,0,77,542.42
4502,235b02cb56d24bb5db3c254fa34661ccc0e1a083,0,29,0,0,127,73,0,9,2472,1082.1
4503,59a2297c3ce25859e11c06fa4c5c2dd22b0cb2ea,0,5,0,5,0,0,0,0,0,58.19
4504,a363308c0e6cc42e61667677dbe9ab661f570d22,0,11,0,1,325,36,0,0,1444,733.74
4505,e3402c0caccd6cc3bb85529909e23d85946efc17,0,1,0,0,1,3,0,0,34,72.89
4506,58b9a3772f5027f58335fb299b122e8ecb9db218,0,4,0,0,9,1,0,46,1136,322.92
4507,868b62b76e31550b3023195658b6bb2c66b670cc,0,1,0,0,0,29,0,0,319,72.32
4508,4b9e34047095da2e6a9425f67462409033a3cf14,0,1,0,0,0,0,0,0,170,33.93
4509,9b88184518c6f23f1a0f18d68623e4909b3c4476,0,10,0,0,0,11,0,0,602,174.45
4510,bd3c8d525203fddf1770b6eb7221f71049480ad8,1,2,0,0,16,0,0,12,511,250.11
4511,26304c20ab6aab33daba775736061102bd7a2409,0,11,0,2,24,3,0,5,349,545.54
4512,3d528442f6993c64600224483ee3048c40763c80,0,1,0,0,2,11,0,1,16,97.26
4513,2eb5cfeb2dad061aa8e84040bd648b5198d2d142,0,1,0,0,0,0,0,0,278,47.75
4514,c04a575288fcafbe557663d06a1eb1ade2caf8d6,2,5,0,0,0,0,0,0,334,171.85
4515,e2304c4ec6539a09ffb433bd1736997d2b56a386,0,2,0,0,13,6,0,1,606,232.25
4516,1481647d5a23bf4be9ecef9c435d3926f776c46a,0,3,0,0,23,2,0,9,315,247.89
4517,e39699f3eb41517a7035a5e626c6bb20c6b70501,6,35,5,0,12,22,0,6,1289,1088.22
4518,1e7d0bbc07aa844dc31cefaf2f5b18d545aa192e,0,1,0,0,2,1,0,0,122,92.19
4519,b5b71e1c46f0ea21b2a9902fa82c1ad87396bac6,0,2,0,0,8,15,0,8,242,199.67
4520,a8e085078499319113a213575c9f057144395f98,1,1,1,0,9,2,0,2,284,824.19
4521,078e6ef3ef0d455d6f405c21c1ca209b80418a23,0,3,0,0,3,8,0,12,710,273.66
4522,4fe2e18b7df37ca25f71a274d94b7c14a540f698,0,7,0,1,13,13,0,6,974,406.11
4523,32ddc9e602327c0814a10626778796c1e3008078,0,5,0,1,18,3,0,0,554,240.09
4524,df42160832ff65ae2a85b478d1dd0b398fa6ef3f,2,0,0,0,0,0,0,0,0,109.1
4525,1b9750588a1ef0c4767ebad8aafaf50e67f5e7ee,0,0,2,0,0,0,0,0,0,72.87
4526,3fe6d19a348958647b787130f852878441d54680,0,18,0,18,0,0,0,0,764,654.46
4527,46ad40588538b4e5d9f2e50fe65af5a83f9c4797,0,8,0,1,84,75,0,3,1615,414.35
4528,1bd0af73892c812e6d16c5661cf10a9e2c13b3e4,1,46,1,8,60,39,0,2,6020,1658.2
4529,c0d3fed11474c6a22b09290261c6a64dd6d96535,0,1,0,0,22,0,0,2,57,79.79
4530,e9cad4da3a814bcde46c10c0e4da2fc84f99d815,0,3,0,2,0,0,0,0,39,58.15
4531,d38154129b8298d998b955e6450a05b79f7cd995,0,0,0,0,0,0,0,0,0,9.66
4532,20a464f5bd2a911d93262638d76015083ef49dd7,0,1,0,0,2,1,0,16,130,116.64
4533,702277faa47baf34133cdf3c7d13b13ac62887dd,2,6,0,0,118,48,0,14,745,868.06
4534,3406d96e92777f63b5a01485e863dad820e3c35e,0,9,0,7,0,0,0,0,848,342.69
4535,56ae08e2b3ef6b1183d8f88b36cb42749b5c221e,1,16,0,2,49,83,0,31,1196,1037.05
4536,6d9eeb559a895d92bb0a71c6535c55dfb49a16cb,3,2,0,0,9,0,0,34,108,198.47
4537,474f9c65cd4cd11423aac9261ed904378c31f12b,0,3,0,0,8,0,0,2,100,96.24
4538,dba2946f465a72f18b6452e7ab34f9198b71a908,6,12,0,9,2,2,0,2,193,616.13
4539,0a4144e6662ece6b4c0ebec37b49d150aa37e4ce,0,2,0,0,0,0,0,0,48,19.54
4540,b2be80ddc162e8ed3418e2f7666a47f749bd4f2f,0,1,0,0,23,23,0,3,41,724.52
4541,7271881163d240ad1106a77036dce981dafb82f3,0,3,0,0,54,5,0,8,195,212.05
4542,57459e95e57630621fcdd6247857edd9824b900d,0,7,0,0,105,0,0,6,273,401.13
4543,474ff4dfd93a57730969ffdd221b7ecec06ed479,0,13,0,0,38,99,0,29,907,699.35
4544,0ae1758a98aebf8098570fc1c11096f78747af44,0,17,0,0,53,5,0,16,1327,803.17
4545,a42c641bf96b485c3b25ca4e21b0ac63b21797c2,0,10,0,0,0,0,0,0,999,152.55
4546,cad85103e8f742c2567a8d63893ddb439705b085,1,7,0,0,45,47,0,5,1022,527.1
4547,910e8c438477f27c6d20392d00dd0cfbe8496c8b,0,1,0,0,20,0,0,2,109,88.19
4548,bacf447d3862b8df4f1b999c5ad82751941e89a1,0,1,0,0,0,0,0,0,38,12.86
4549,fe5bbdbfbdefee3c1b150c661ff3292769c030bb,3,6,0,0,10,64,0,5,758,579.59
4550,a137321acfce02d62ce48e03b5de37c388152d28,0,23,0,0,457,595,0,22,3098,2297.04
4551,128d3bcfe27ed3149be61f0481047f8f855e2c2d,0,6,0,0,89,0,0,4,813,365.72
4552,97d10070c7ff5986b8e7ee08dcb6a7e74473cd25,1,5,0,0,52,66,0,10,889,413.73
4553,bc8d7c47e06a91c722906cc753924f1a89c1ed00,0,1,0,0,0,0,0,0,279,47.67
4554,3f3b17eb01628b6edc63bcf7c12664904634e402,0,7,0,0,27,56,0,11,1362,640.88
4555,9d8a348815b4b49940b48aad09dacecbd7a9564e,0,3,0,0,0,4,0,4,197,154.53
4556,aa5e5b3087a68f2aac792c0b0fc64b4f9c707e9b,4,16,2,1,169,84,0,39,2695,1474.19
4557,03320503e20c2038412c889d9d8b61821d4963af,12,13,0,6,258,21,0,53,731,1264.2
4558,fef9f115838b3ba3d3769f8669ee251c2cd403c6,0,2,0,0,20,0,0,1,203,138.51
4559,e19ed78c72a9c2b67cca2a349ce02bbaac0d0f43,0,2,0,1,3,0,0,0,9,65.25
4560,3f3aeb7e0a99f2f2af521fa880dc9d11743610f6,1,0,0,0,0,0,0,0,0,657.32
4561,ea4f339d76574c8499f3588524bb174ec3283a2d,1,3,0,1,3,2,0,1,52,182.81
4562,7c2bbb6a3b75dc5c2bf869eb119a2e23f25eac0d,0,4,0,0,76,6,0,3,335,325.33
4563,8c72b50d87c5a4946b67d722fc1ec3adb7c9bf16,3,2,0,1,6,0,0,0,29,260.05
4564,61dcae391cb3b45ba3aff47d4d9163889d2958a4,3,2,0,0,74,0,0,5,510,388.84
4565,0d2c49005449d6e05bbf53446edac928bb7ecbb6,0,9,0,0,35,62,0,5,550,357.33
4566,2ccb5fdb47aa0e3766fd7fbd17a41feaca29fcbc,4,30,0,0,288,186,0,87,5165,2119.45
4567,6b2222762fc38d84b31170216d6b6ae0c272af9b,2,9,0,9,0,0,0,0,353,550.18
4568,8261ed5438278331c9cd760463273ad94d4bd410,3,69,3,8,262,58,0,222,6927,4266.9
4569,535475c2131b9bc352bc7268f022a1bdce206f2e,0,2,0,0,2,3,0,7,87,136.43
4570,706c391b11ac6fc8c1487cbe43b20b5510c7a459,0,2,0,0,1,8,0,2,151,115.05
4571,c98191c52ce8589352596305553b22218e2e383e,0,1,0,0,0,0,0,0,110,23.89
4572,cbde2c2a3d71e17990d76d603e1bb6d275c888be,2,3,0,0,12,19,0,10,456,302.52
4573,72b5dc980b64fee10c886c37adcd0e878f889d91,0,5,0,0,27,20,0,89,856,418.01
4574,0dc6849a594b61a6cad8ee582ca1758f0349a72b,3,4,0,0,12,267,0,0,187,310.84
4575,db0b0087b02985f55bcc6e65571b11ca33b0886f,0,1,0,0,99,0,0,0,146,75.02
4576,ed30ff4de46deb524d9449768d7199d99e3cc0f0,1,1,0,0,0,0,0,0,0,70.8
4577,3d5d63f7f80f3dfb353a86b10cfbed653b24421f,0,1,0,0,6,0,0,1,34,72.57
4578,efa62df879c608daa1750797e2a34ffa928592f9,0,4,0,1,32,31,0,3,914,343.74
4579,d94dfde570632e6114dbca44c6464f204c198866,0,2,0,0,150,38,0,11,321,237.38
4580,08ca9ffa9a95610c073145a09e731311e728c4fd,0,4,0,0,46,3,0,0,490,755.94
4581,01c74338ff44ea7f3735a7eb94b2ce01ababc505,6,5,0,0,51,134,0,21,411,723.64
4582,84b39dcb50167368d45882a88842760237fa3560,0,1,0,0,10,1,0,7,120,108.24
4583,91675296e1d0fcc503ab3af9c5da7fdb83b78fc5,0,3,0,0,10,29,0,6,194,248.62
4584,2d191ab05fff3392697fbce8dd909003c86d34e1,0,31,0,0,92,0,0,65,5016,1793.96
4585,d01d369701c8f79b06d60ee0f731392d3da9b912,0,9,0,1,169,64,0,7,1049,723.11
4586,717d54c826577fa0e1bb6c9a0e791ac15d040da9,3,19,0,9,407,276,0,61,1195,1848.4
4587,f798df8d4251e74096681b70b2784e11ae1e89b5,0,1,0,0,10,0,0,0,3,59.1
4588,9be1de34cc64c339082d581b603127df28a04eb9,0,1,0,0,8,9,0,4,69,118.59
4589,466f9bf9c98b05bf35ca29af1b04343b7c9ea5f6,0,1,0,0,3,0,0,0,36,42.47
4590,50344d70deb6348923f42a1ddaaf0e570708bc71,0,5,0,0,5,0,0,33,507,272.22
4591,0f589aad899ca2ee230ff21655a38842928005f1,0,4,0,0,34,22,0,11,565,382.11
4592,75d1639a5f82dc6b67cb6ab3f3824d1c9191fd23,0,1,2,0,0,0,0,0,419,121.84
4593,e86f451705315ea7d1ed4d3821e08dd2225d84c0,3,1,0,0,15,2,0,7,43,289.88
4594,efafaee83c01afd9e072a1a182a392097902bad8,1,1,0,0,0,10,0,0,3,102.16
4595,1d373a7de39ac3fc14d69025122b04d27ec9d7ba,0,1,0,0,52,32,0,0,0,86.77
4596,0693c92bdda655e1fbce232038909a7c2a385a22,0,2,0,0,23,7,0,8,327,216.47
4597,13762149d404d51fd8d8106bba8bbe7bfdccbdf2,0,0,1,0,0,0,0,0,0,34.61
4598,c9cfb17cb095def8b8ea0ed1b598fc78b890b874,12,4,0,0,50,18,0,2,672,948.97
4599,aa6a7f04c54a1c3675b1d78a3d0cc885a1362fa9,0,2,0,0,20,6,0,0,461,139.33
4600,efca79cfb7b496b4bec70561cc94af069c644ef2,0,2,0,1,25,0,0,0,75,667.23
4601,fa78be6df45213406cb9b8a6299ca1f4bc085191,0,1,0,0,2,0,0,4,480,121.94
4602,9b1343d7f7a06d8f1294effe53daa3b69b5efd2b,1,1,0,0,3,0,0,0,3,83.8
4603,100e8c5ff9f6d25b3d5db326a5f31b9c4432e334,0,0,5,0,0,0,0,0,0,139.24
4604,0579f90bab165a7df336163eb9d6337267020029,2,14,0,6,397,271,0,57,826,1303.91
4605,8f87b7164b644ea8f1708f7eb76567e58341b224,2,0,0,0,0,0,0,0,0,153.39
4606,0558644ae1a1c8e0f21867ce1963aaa625170690,2,9,2,0,38,59,0,10,545,597.7
4607,571084152f81f984fa4cdfc2122c3edcf5b62abd,0,3,0,0,9,0,0,0,60,119.13
4608,042b2e81f626621193aabc2a5cd0a6a9ca0e293d,1,1,0,0,0,3,0,0,57,89.99
4609,a0556efb233f15c6985d17886372a8b4b00392b2,1,0,0,0,0,0,0,0,0,94.08
4610,58cd4ea615bbbbec682ec82f6380bc30c12c5899,1,0,0,0,0,0,0,0,0,77.67
4611,2d237e18a2f7cf21721340933c505bb518c4fc66,1,0,0,0,0,0,0,0,0,57.99
4612,73af891141f453d607104e28d3a0e0a3438a409b,0,1,0,0,39,0,0,6,297,120.63
4613,e78b80c4e4a99385ae5ef5a9afc9f8a64533a9e3,1,7,0,0,34,5,0,13,493,445.55
4614,9311b9a9da57796e1eb91aa0ec5fa8948b732a47,4,12,2,1,232,30,0,28,1212,1080.49
4615,833862a999326a8c1b236af0418c7bd3423c7097,0,3,0,0,83,42,0,5,629,277.88
4616,8eb9cbf88111b0375860a3965e093a736455db79,2,8,0,0,66,45,0,5,1484,703.67
4617,b3dc3f050c125978f4fb14ccef230938e60a9198,1,1,0,0,0,0,0,0,58,77.89
4618,83e14cb15a41c417fd7d024c383a4f4d50ec5a19,1,3,0,0,11,0,0,2,221,234.58
4619,ce622aa99f6ec6b4325f11dbd6211a40d97c48ed,1,4,0,0,17,25,0,25,657,370.49
4620,f350e45d97015c5d36a1d0f02025e6c6eeca44fe,0,3,0,0,167,141,0,25,471,946.68
4621,a56aad74eb35a19623d58b6dd0228ec5bc1bb422,0,3,0,0,10,0,0,3,152,142.65
4622,83102f0ea052e7f7c43c9ba6aaff0dc1c24791c9,1,2,0,0,13,0,0,6,53,214.99
4623,1b3bdce5ccb24a485ebc6452d16f78c770486481,0,1,0,0,28,0,0,7,180,104.91
4624,1919ae735ca557dad5f05bf787599b76fe80928f,0,1,0,0,13,13,0,0,423,125.65
4625,a41bc8cc137096916e79f145387804fe94864307,0,2,0,0,32,10,0,12,1572,408.52
4626,aa0105aa309da0dc8570b47880bb0624114e8231,3,4,2,3,15,0,0,0,21,272.71
4627,af88aa09ec94d4d11f38a7134d36793420d7d19d,5,63,3,14,95,50,0,40,4442,2028.68
4628,6e1de9889fb4c6fdf0cd6f4892bdbbafab4c1e48,0,3,0,0,6,2,0,3,136,166.05
4629,b0f237990cc52729ff1eb1de29b65e118bf59aa3,0,1,0,0,1,0,0,5,62,76.12
4630,f1dd914de21313a90c3799438f1318349dd5d6df,0,2,0,0,4,0,0,2,117,106.89
4631,81f9b214a37aa81017eface6ba43f24f845a4ec8,0,3,1,1,9,0,0,2,378,246.45
4632,c58ba3da90884846a52b174098c782eb08308c25,0,1,0,0,66,48,0,3,45,124.1
4633,645d7cd9e437d3de301ca0ce5c9cdc87bcce494b,0,2,0,0,12,2,0,12,60,173.92
4634,7ee0275804232056b144fca8e9bb41bab37cef68,0,1,0,0,4,0,0,19,174,99.55
4635,fab9ce5d87976d22c2fec0cfb732fb6526d6ee15,2,37,0,25,115,44,0,130,3147,1836.29
4636,24dee42e0a68a38e87a5ec53e683c086a47698b3,0,0,1,0,0,0,0,0,0,33.29
4637,df9f4819b9368600c7531dbf4d4ec42c1cddea8f,9,2,5,0,0,0,0,0,161,720.67
4638,941ac6dfd446d8e97e2fe2f589164978602adf94,7,4,1,0,0,0,0,0,374,514.98
4639,5bf2197b148f2b9857d9fcdb5859f37ee8997100,0,4,0,0,49,31,0,0,374,263.8
4640,970ab35ec8f0268ed38234f35fa50706c5ff3071,3,8,5,0,22,10,0,5,508,1150.29
4641,d2d061c3004dcdc31a1df6b422a6aba6d9c294f8,5,5,5,0,31,144,0,0,172,661.64
4642,c3ef61de934a9c447ec442449c527ce719ee46c6,1,4,0,0,0,0,0,0,1046,196.43
4643,d0cd1c7d428a2bde6b955599b247b209240f2a34,0,1,0,0,0,0,0,0,178,35.07
4644,d570d078ae8e566586bf82bd7d3adc7775e30e2f,0,1,0,0,0,1,0,1,119,81.27
4645,4ca7df592538edb6fd69159c7b955673ed3af820,2,4,0,1,94,230,0,0,374,562.22
4646,06b37bf550315bd1d5be7dc3ed6638fd21768e1a,0,0,1,0,0,0,0,0,0,39.51
4647,fb7e6342211d116a2db13933241d3546bbf8d4e8,2,0,3,0,0,0,0,0,0,224.3
4648,b19e5e3bb39fad27962415ae432d616aa98fc298,0,1,0,0,1,0,0,1,436,114.97
4649,d738430cb7e26b5e31d953efa5e0036082d8de6e,0,2,0,0,17,0,0,22,480,216.53
4650,5546a1efabcc9c5f500abdb4e38a5cc05d35980a,0,2,0,0,33,10,0,34,1144,270.18
4651,5226f0b4634da95f9cedfb092d6b736f0ad471b9,0,0,0,0,0,0,0,0,0,5.38
4652,3e73496c59c6e468be265afd931370efa6ba2d8a,0,1,0,0,49,40,0,21,138,134.37
4653,26c6447e92e0bb07de80ab0de0bfcc08e7d78405,14,20,0,5,47,3,0,57,2142,1679.62
4654,685086a3dd9afcec2eec76485298bc7b3f031a3c,4,9,2,0,8,2,0,1,2570,793.36
4655,143ec4f3132974a2ed3ea8683964a65bfe288a59,1,3,0,1,26,0,0,0,193,193.63
4656,0b73b4387a855627209a4dbaef930321a5090594,0,30,0,0,29,20,0,18,3717,1214.45
4657,a5b84b2b8284bcdaa649050b5090d79d8b58344c,0,1,0,0,2,2,0,5,254,128.71
4658,441ebf1ff381a6b4d9b6b289766d814195e560cb,0,1,0,0,3,0,0,0,206,69.61
4659,f3dee23be8e317948a7414aa52182f0b7e2fb13e,13,8,0,0,2,2,0,1,482,968.93
4660,8f35988fc3edfeda8044a6675d04f111596b8e31,5,5,4,0,49,9,0,2,110,1265.83
4661,b42fbf7a81c5b57dcf9760825edb175ffd944fb2,0,1,0,0,22,7,0,0,257,111.99
4662,10ce2e2d033ddafb326c3b9b81e19e669c19df96,0,1,0,0,39,52,0,3,65,124.74
4663,240e8895c6e1d5ea6f67370d276cb58fd0ecddb8,0,1,0,0,0,9,0,0,563,158.62
4664,eeec1912b478ed43a045449d82e0a2fd3700d720,2,1,0,0,15,0,0,3,244,242.34
4665,2da82f9154f9563e3fe8454e153d372b4bf18996,0,10,0,4,15,3,0,13,1480,542.83
4666,7cc85c7d02698cf4b3e324e496fcee7aa43a4b2a,0,5,0,0,8,0,0,12,684,226.37
4667,3a8302998d2fc7f38504c238916bc7d0dada2320,17,24,0,4,169,39,0,112,1275,2420.85
4668,852d19c6d24adb951a5f85e82324e300ae6f7dea,0,1,0,0,0,0,0,0,392,58.96
4669,4cc8d66fbf7d288581d1912527f54c3d0f1943d7,0,2,0,0,0,1,0,3,302,108.45
4670,2f0412f163f4d37605188c8cc763111e0b51f0dc,1,22,0,6,26,30,0,2,2566,802.13
4671,c34af2068336f28021d27b878523c055ed5afecf,0,5,0,0,9,7,0,0,226,156.71
4672,92b1e471d4762545637817c74f9396765984b39a,0,34,0,2,216,256,0,19,2203,1710.63
4673,0a7cc02354abc985b92704729a8c12a856056398,0,1,0,1,2,0,0,0,32,67.88
4674,8a59f87bd4b3ec15d9bafae8e7de6d8a55e070b1,0,1,0,0,0,1,0,0,360,87.94
4675,0ea0bc12b3f8a8a82b6fca563340af547c0a02ab,0,1,0,0,5,0,0,4,64,79.03
4676,e4e44bedbfb68770fb2cbd89dedaed892b58274d,0,1,0,0,26,0,0,2,298,119.71
4677,63ee34c5b894e2795e74a3c2aa3d5dc9ac2d5b88,0,1,0,0,38,83,0,78,633,195.58
4678,8602b7af0d048139ba90f36162e590da1050891d,0,5,0,0,0,12,0,0,711,177.09
4679,ff28981f97cc434fb00ff7c931004888a84ad6c6,4,38,0,29,196,80,0,43,3822,3939.69
4680,09fdfda7f25cf95426bc43ca33ed7bb39c7d353a,9,1,7,1,0,0,0,0,12,1391.92
4681,6eae11f34943ea835eaae38651c64c98666e01d7,0,1,0,0,20,3,0,5,83,136.27
4682,bf8c8e54094151348caedd3120931516f76c3cf3,2,30,0,0,99,55,0,34,1933,1408.99
4683,01b0fc8fc44d2454ef351928e73f5d49f9e41247,1,7,2,1,15,38,0,5,529,698.31
4684,628e5f716d0050674da5251f254b21b6012a1519,7,7,1,0,79,60,0,11,623,879.2
4685,824785e2689b6b56e923490d74d52dd29f5fe412,2,11,2,1,0,12,0,0,243,318.75
4686,1984a3fbc22498b6e88b3c3144e59c2af098f1e2,1,3,0,0,22,0,0,1,195,199.31
4687,b29a5d446b1b3b2cea5f0bd3230f854f3eecdd3c,0,1,0,0,0,0,0,0,59,23.91
4688,b264b010062575428f7301a31495df0171c9505e,2,10,0,0,37,9,0,22,896,740.32
4689,d05d386aaa50fe88a18dbde8557d12eea874f592,0,1,0,0,0,0,0,0,115,30.38
4690,c6391dbfd1eff0ba57da412485d89755e591a601,4,0,0,0,0,0,0,0,0,192.43
4691,99a351e4ef3048d8beac9f287d67c6f3ce3680b0,3,13,0,4,102,13,0,53,1313,1148.84
4692,cf88407a5a81d11f29782d9c3c2775653715ce4a,0,12,0,0,23,0,0,2,961,359.87
4693,0807eec0cb1acf8052a77b6133387e25399fce08,18,4,0,0,37,0,0,0,1365,1331.59
4694,5156a1b3f82c2362481812dfee480823ac492975,0,1,0,0,0,0,0,0,262,39.71
4695,166b3705c9079efafe9217d98e7edaf54e6a84cf,0,2,0,0,12,0,0,2,49,141.89
4696,541a06cfca90c0f47717a4c0254b73dd0eb3267f,1,5,1,1,48,0,0,0,1077,464.19
4697,d08733df2b995bc794ad4885b2fdb207578b647a,1,0,0,0,0,0,0,0,0,64.42
4698,948b6e0575bfa82815916cc15e4373faa539cf63,0,6,0,0,21,1,0,0,781,237.43
4699,0cca527f769aeb3f89fa44cb8cdfe5410e552289,0,1,0,0,18,0,0,0,200,62.53
4700,ced6a1993815fc61fc0c4b68370d9af76de68c71,0,1,0,0,0,0,0,0,3,619.16
4701,c438cff86d5ef65a753f439b8dbca6f897611a7c,0,7,0,2,57,1,0,3,450,456.07
4702,8cf8736ad99c78aa419ee2d6be4b70ac1b29d0ec,0,7,0,2,26,4,0,14,1042,525.84
4703,4a5fe4e631d53c0c940c2899978ee72e23690c86,2,4,0,0,116,6,0,19,974,502.67
4704,366d937a4599e5546052c74c595cad417ae69588,0,1,0,0,17,0,0,9,220,100.98
4705,844e0b2a9cc50721fcb11b6febb3e0d19643538e,29,2,0,1,0,130,0,0,6,1738.03
4706,08500f262234445113c6074d3ba29ffb68f1aa33,0,1,0,1,0,9,0,0,19,61.43
4707,38098cf2223f1779df06b1b7b79ab5261ba33d8b,1,0,1,0,0,0,0,0,0,109.94
4708,74ed714534c832de4376f7acbd4896c7a93273de,0,2,0,0,3,1,0,1,353,146.72
4709,cf225f0f96bc3682d2886212eb5b7b4c8c64c0b7,0,1,0,0,0,12,0,0,45,47.24
4710,97ad55f1d89839dc9df0066540b5fbc260ea3f4a,4,7,2,0,7,33,0,33,748,639.25
4711,554b77bcd9ed66d57d99d4990774a43f35f6a835,0,1,0,0,1,0,0,5,130,78.94
4712,a18994aabfba7c3775f6dc911bd9d59016216817,1,18,1,1,28,14,0,11,2328,770.48
4713,0ba53558f9b56b1e17c84ab8e4ee639ca09b9133,1,17,0,2,181,129,0,31,1577,1054.47
4714,e45fdf71136cb37618fabd7b4bd6179c5c6f5a55,0,2,0,0,1,5,0,13,480,206.72
4715,a7a57ebea6d8f60abba4fe2559af05d316112ca4,0,3,21,0,219,29,0,0,285,875.55
4716,0858d9f12101ecf7b29e995561dd3fc4ce00eb38,1,0,2,0,0,0,0,0,0,146.45
4717,5d98e77cd740dc991978dbb1d026954f733786a8,0,2,0,0,17,3,0,10,360,168.24
4718,ac9a911723d0d81ee9c4d8231ee81bbbafff2575,0,1,0,0,1,0,0,2,63,75.24
4719,6b0c0e4c00f40bd3159ff21fc74463ab983bfe6e,1,16,1,4,81,67,0,14,910,606.48
4720,24f7fa9ef73c9f8b08d85296323a264b33a5b9ab,0,1,0,0,23,12,0,4,33,719.92
4721,b9148b667d24d4d30a0fd877848c1178e4be647a,4,0,0,0,0,0,0,0,0,238.39
4722,a3df109cf7d959dafea8893dcbf3bec8075f3489,0,2,0,0,81,41,0,20,339,171.14
4723,18004343ba28f83606432a70871c6264bb925544,1,1,0,0,1,1,0,9,62,181.49
4724,2f8bcf538e025a953ac70f4f6d13f277111ee2a1,2,0,0,0,0,0,0,0,0,129.63
4725,601e8c607d974ef96e45d1dc3d2be367f5ddfb32,6,0,0,0,0,0,0,0,0,350.82
4726,c923fb3c1c1d61462e1079198ae9fb735bb0acf2,0,3,0,0,46,9,0,9,76,201.71
4727,9c2791b0a1b8bd3b0fb189220749d1c82f7a0d09,2,9,0,3,167,97,0,28,588,892.04
4728,99105109c681906d3cbc3479fcd7a77ea51fbbc7,0,1,0,0,2,1,0,17,130,114.52
4729,9292e5c4d5f10063853c687dfaac4ed84ecc0631,0,2,0,0,3,1,0,2,102,112.26
4730,c09d14a9d836d099c32639180dd58216ae6149a4,1,15,0,7,3,8,0,17,872,735.23
4731,b18e410bc336eb46497aaa75633c16ebe6139554,0,3,0,0,23,4,0,23,248,315.75
4732,d0502e4fb9338c6ed44a2c0a925aa2f60ebeb7f2,0,2,0,0,60,25,0,21,541,190.53
4733,b00c1d7e7b83a3f2e42223fe97dd369755f884c3,17,19,7,4,119,169,0,24,3233,2397.73
4734,16fb4e919f4a76b8fe4910435b2183fa172f6e24,1,2,0,0,12,47,0,7,698,348.32
4735,8754352ff53cd1ab621d6c97f7e5baac369b5c28,0,4,0,0,12,0,0,12,396,332.32
4736,361947d6c5490f0c6d04ffec709a353995aad373,0,2,0,0,4,0,0,5,182,167.43
4737,407d74fd004bbd11febfa553c381e828115d8bfb,0,8,0,0,45,14,0,11,515,485.62
4738,0a8df6d513fa59d650ff875bdf3a1613d0f14af5,0,19,0,0,58,3,0,82,3833,1035.06
4739,0571094885da2766dfb52a6fb38020cab7602114,1,4,3,0,7,0,0,4,626,260.86
4740,b3f791727c0713251a4b02a766eb177eb9327113,7,9,1,1,13,25,0,29,848,1529.33
4741,b73fef24201048a6bec00d6083339534c59031df,0,1,0,0,0,0,0,0,194,32.8
4742,a75dd6270fd47720ae1c2ce9464ff6b8f7b43d39,0,1,0,0,1,9,0,51,606,184.25
4743,635456890fe4d43a1c365d84ae45b5f34af056ce,0,3,0,0,30,0,0,32,735,258.25
4744,a492ed922efd53c7f0545faf597ebf4cd291085f,0,1,0,0,0,0,0,0,74,28.46
4745,ce68cbd91621b1a58cb34b33ab27762c6525cfa0,4,2,0,0,15,0,0,15,151,328.22
4746,8acd15d82f4d29088d0ecda5b74479ede48b84e3,0,1,0,1,0,0,0,0,19,33.37
4747,76a40d59e6623cfbc6e265d26da4e739e5e7ed18,0,2,0,0,8,0,0,10,103,100.08
4748,8a75025abb229c8ebfa737525ed76c042379d7fd,0,5,0,0,36,1,0,5,210,226.79
4749,2cc5d98c690c1b1b1ff1f48628ca58b1b4f0c932,1,5,0,0,18,42,0,5,1008,405.21
4750,93c95b6a6f150a2c55dc387e4ef1d603b3ef3f22,0,1,0,0,6,0,0,52,278,117.2
4751,b8f58fab56c727b8d44d2a90bbb389ab7544989e,20,3,0,2,0,0,0,0,25,1185.21
4752,d58caa8ec88c348bef540cb5959d80bcf9bd894a,0,3,0,0,101,2,0,10,353,270.4
4753,7a67a60f934123863ca96a95e30471c99bb8088a,11,19,6,3,280,23,0,88,658,1765.08
4754,31f63178df2f81682527ba3debf9027bde78149b,1,0,0,0,0,0,0,0,0,63.8
4755,b5a3f55a3a5cf8317f5e655bff89a8adad658b9d,0,7,0,7,23,3,0,32,617,647.72
4756,2c9e2c8bbe1547709d820949d1739f7ea2ce89cf,0,1,0,0,3,0,0,10,43,73.32
4757,506ce61f66b862037bc57c7c25ae838bd762f2ac,0,7,0,2,24,0,0,19,411,486.93
4758,482d4373facbf2e24bc76eb04b2a5550434c91b8,0,1,0,0,0,0,0,0,87,23.55
4759,d15fd337f32c551f5e754592b138391586f3d47b,0,2,0,0,6,1,0,11,245,136.81
4760,782549087eadd5fa7117c13b8175a20d5ce1c270,0,1,0,0,8,2,0,19,130,716.95
4761,a74fa8ce93472c6d022852e8a4c1827d71f1bee6,0,4,0,0,3,1,0,5,133,197.38
4762,3e233a3894a2701cc16c6cb3bc8778fc84482e20,0,2,0,0,6,0,0,0,212,79.66
4763,930c08ecbeac7012ec476229baded5a163f6730a,0,1,0,0,0,3,0,8,107,82.75
4764,fbc18b96a86bc54da189f713ed01370524558249,0,14,0,1,524,437,0,118,2116,1239.97
4765,9f7110748434d2bdea96f16c70f4f0894261ae69,1,23,0,3,68,23,0,1,826,519.08
4766,a76d9638e83947d491e6ae1edb82f020b6ba8f54,1,2,0,0,25,2,0,6,33,259.35
4767,f5476f294d280eea73b977e21862fb1c7ad0a2f1,0,1,0,0,0,1,0,3,283,102.78
4768,6d1656a2148f63435a9b3dd38f4cbd196e88e3a4,0,3,0,0,21,6,0,24,570,299.97
4769,b9663c40754f522648f33dd7f56f2a47232c3836,0,2,0,1,120,74,0,42,102,276.82
4770,bd74baef5d0d23ce29ff71bb67f12bd32219ff7b,0,2,0,0,202,152,0,4,15,211.05
4771,435ee4ebb5ec2ac0086e1a5136125ecc1d7c89a8,0,10,0,1,48,21,0,95,1729,1055.71
4772,e727355e42bd0ad7d403aee703aaf33a68a839d2,1,12,0,2,33,0,0,11,1761,994.4
4773,7d78f36320e9e4b340ec930f2910ea3bbfe31424,3,0,0,0,0,0,0,0,0,115.66
4774,7825461ed517021a144d9afdeec0e96bdd65c63c,1,1,0,0,0,0,0,0,65,82.45
4775,47afdfbf917130c1288b67260f6c6236eea148e1,0,1,0,0,2,0,0,2,45,70.12
4776,5b46cbee22659bcd1c1e1217b95d1a24b9750144,0,1,0,0,6,3,0,7,44,103.4
4777,6b26e236acaf1ace5ef62913a82aafa5ea0a1edd,0,2,0,0,42,0,0,5,304,144.28
4778,da248b15e1b1dbe09345d3bb186dc815a45e9a3c,1,5,0,2,149,28,0,1,170,563.92
4779,7e20299c4e2d9cc78c36f90bdf0acdbaf72062b0,8,12,0,0,42,99,0,18,1221,1095.8
4780,5fb1c479f5e3f00917ebc2c623126b8966e46315,2,4,0,0,0,0,0,0,174,731.05
4781,1f17ff5408ad0d8821b9b1a8a2d8ddf27be783cd,2,2,0,0,22,1,0,1,22,203.64
4782,ea3b5efdddd6c5cf769dddcbcfef16b75574a59f,0,2,0,0,20,1,0,12,626,245.05
4783,672979bacf192744bb1620525987c34e3b17e47e,0,2,0,0,47,71,0,8,151,197.83
4784,68912126d73b92a07d15ec3f21f9ac922744fb45,0,2,0,0,66,0,0,0,380,136.94
4785,a606c4a9e83e54397c88a70ea80a00e32ca61a93,0,8,0,0,3,3,0,0,403,154.54
4786,05d2138f081ff5fa274dab571b9327f96be693aa,15,1,15,0,0,0,0,0,25,1470.15
4787,86c45bfa2c760ca99741fa866f777730514c7986,0,4,0,0,0,0,0,0,336,79.48
4788,6610caeca4093fced35d478ffc596f935912b4c1,1,10,1,1,8,0,0,0,554,253.97
4789,bfaad37c0aa8ac43a282a8c9cb2e0d64fdf22f72,2,0,0,0,0,0,0,0,0,104.4
4790,16afb8ec66a2a07733b9090bffe96af1e913bb63,0,1,0,0,7,0,0,0,18,46.61
4791,3be2dc1aaaeae4cbbfaecaf4998a64f1199260eb,4,7,2,3,0,0,0,0,496,434.1
4792,77fc0cc445e14eeef1952e0760f80912351574bd,4,15,0,3,127,63,0,53,413,1122.64
4793,dd51c97741b336d3a11e319183537eef864a84fd,37,3,0,0,75,1,0,1,324,1964.1
4794,1243d7b9641f7504fd81d7ac3a2f57f3bb8bb257,0,4,0,0,4,1,0,16,913,253.19
4795,0f17755766f2c4ada37bb196981c7dc01016f73c,0,1,0,0,0,0,0,0,306,43.73
4796,af477563eb1acaab74da1a508c7e5fa37339c206,0,3,0,0,37,0,0,6,920,273.43
4797,a3c0b446383262a6643b0c0888d14b52ac732835,2,17,2,2,114,82,0,29,1535,1159.41
4798,bfde1b7379f0a0aef21c836e5ac0842474c7f98f,2,9,0,3,27,2,0,14,1441,754.35
4799,5623c15b0933487aea11fa8962feef29433133b7,7,8,11,0,80,16,0,2,431,1139.48
4800,41717d12372680b9cd55df936c558a255ac25163,8,3,0,0,32,0,0,0,273,1190.82
4801,891db5e3e7037f5c889dae29d0182e6b50fc746c,0,9,0,2,139,191,0,50,1006,1050.31
4802,136347da8b555475d2ee3e33ab763a73ec827b3b,0,32,0,9,118,10,0,11,1854,1678.08
4803,82d6236173093b7e035a21360c7b69c67fd6ae62,1,30,1,5,113,126,0,28,1757,1505.84
4804,28d36cc921c50a32442bf6a11772a348d46d5749,0,1,0,0,3,3,0,2,63,104.15
4805,f2ea4e4d67968359f7d0594cadac93582b397755,0,9,0,0,20,33,0,2,1372,622.14
4806,54668242be36ca7d40eed0a187521a2c9a8ad930,3,2,0,0,75,0,0,0,422,273.67
4807,92fb06a1384cec0e659fcb7da4cd4c88394b27b1,7,0,0,0,0,0,0,0,0,297.18
4808,011cbbf7e4643234b1183b7ccc9c60d9f23a43ce,0,1,0,0,0,0,0,0,285,47.86
4809,846ad70642f755b39bd41f6f13b8f6aa5e98ac7d,0,1,0,0,2,0,0,4,58,79.64
4810,23d8e26438370d8c99c24c8b43d543e953775fd2,1,9,7,1,283,161,0,57,917,985.15
4811,df871b3ca1effdb2f4d5cbdb9d35c62a60a1564f,0,1,0,0,0,0,0,0,6,12.79
4812,9baadfe8464976b039e3f5859b910c4ad2e29ac5,0,37,1,4,128,94,0,82,3286,1651.78
4813,739020110251aa98773695163bb23b52c48f8987,0,1,0,0,1,0,0,2,73,88.71
4814,6e0e67d2e0d5180d6fba492e8ab9cc8fb18fdf68,0,10,0,0,34,0,0,14,1023,355.6
4815,f2186a604f407e7b6db534cf6f9e50e27eac765a,0,3,0,0,2,9,0,2,56,207.11
4816,9fe285a77de5cd1a35ceb58f9295751fd3dd9e15,1,19,0,2,34,25,0,46,889,1118.44
4817,d486cde762fe64b8527eb02ba32931640597c364,0,2,0,0,66,60,0,22,541,185.94
4818,b7cf642bca109dced7dc1a02e831405887d7a9a6,0,4,0,0,42,8,0,61,675,391.49
4819,833b34776a6afe08f34d035318c88dffe7f9cb31,0,4,0,0,0,22,0,0,133,111.94
4820,64915590168240d238259c249a418b7dcafc50d3,0,1,0,0,0,0,0,0,50,649.91
4821,88a977689aeec67a2e67eb0a1449abef407ed6ec,1,3,0,0,5,0,0,5,232,223.64
4822,de14a80152f092fea661c1105cba87178a9e462c,1,1,0,0,12,40,0,13,53,160.56
4823,8c2c76947a9a26e25d4539068b5253b265c71c23,0,14,0,1,15,18,0,0,1062,489.46
4824,62df0a0349b276d4a5b7d9954d2a07f367a61d2d,0,29,0,0,0,4,0,0,763,291.95
4825,a437a2b396eb473db5e649c3879c34b67fffc943,0,7,0,0,79,2,0,21,1983,646.91
4826,58ab14b55e7f1d5835bd4bb660ae9bb676f8dbb2,0,2,0,0,4,0,0,11,112,97.15
4827,0de9d2ef66c9f111633c1a95dfc8e3100098b4df,0,2,0,2,3,0,0,8,131,226.04
4828,2b81b17d5fea967e5b7be8fc00594e6144fdef89,0,1,0,0,0,6,0,0,9,39.73
4829,c3a4d1d9f720a1da9697d0bbf48f7a3b1f5851b8,5,4,0,1,50,1,0,43,414,532.02
4830,c414ea98ec6896fd9c011d421cb3e5c9587c8446,1,10,0,0,37,135,0,26,545,535.14
4831,8634dbbe998af53471bed2f3a6557c722bb37b87,3,7,3,0,65,60,0,3,377,763.88
4832,af1e03e131bbc72baa12b4ffdcde35648a41ad4d,0,1,0,0,0,1,0,0,33,43.55
4833,03579bb5b008b21052ad29d51f0930e9c26c6248,0,7,0,1,107,62,0,92,1171,728.44
4834,b08669abf282c52b54c395b85e992edb8ca621d4,9,55,8,5,27,36,0,124,5430,2637.03
4835,0bac272c8309f2e7567ba762076bd75eeb8ea83a,0,6,0,0,43,43,0,0,303,358.51
4836,28a38bb7dedbc10ceab9d4ae1dbcc15789e33211,0,5,0,0,96,0,0,0,184,146.84
4837,ce792b11a4a2b8d7b02a59dcadcc4c052ff5531a,1,0,1,0,0,0,0,0,0,129.84
4838,f9eea5e5a7d13d844e06d3eb6849268b3eaf4c08,3,4,0,0,36,0,0,2,488,490.91
4839,f332fa579635878a82594aa749db050272f1a35a,0,1,0,1,1,3,0,29,159,185.49
4840,d18f5809808221f6bd7c045aa78dfe01dab2afdf,4,11,0,5,129,42,0,53,692,1807.28
4841,c24dca501e1b0e1dcdc38d2e81e0a182bc2ae6bb,2,25,0,4,719,176,0,219,2193,2199.71
4842,c2989f2b1839055858e4b328473d0a8313094ff3,0,4,0,4,9,0,0,6,520,456.17
4843,1272cd5d0c477fea90753dcc1b39736db56ac757,1,2,2,0,29,0,0,0,891,350.38
4844,5ac2872f4fb39feded8873eea75b1b4bbbd4842f,0,0,0,0,0,0,0,0,0,5.31
4845,3b77faa36f11c704ebf69616c263dae3307e6ae7,0,5,0,1,1,3,0,5,202,279.28
4846,f2d50386c8ad3c2faa492cfbe7c7f75dbbc49035,0,1,0,0,35,35,0,0,26,81.89
4847,d5a016cff5c71dc6a6b995ebd6eb5757131f292a,0,2,0,1,39,10,0,26,291,258.83
4848,b81598ef25176c5b712975ef25c9bfe4ef0f16b3,0,1,0,0,23,0,0,44,708,177.72
4849,ca8c73db2dbb4744968f4c8fa77841f44cb1773b,0,1,0,1,0,0,0,0,41,54.63
4850,da159ef563e934cda6f802aa5535986356760f35,0,1,0,0,0,0,0,3,216,66.31
4851,e3ad96211ebcab4317a7bb1ba42dfb1a9302aafd,0,6,0,0,85,65,0,40,387,542.08
4852,d38aeaceb3de56fd62266f65836ea5e97c161212,0,1,0,0,0,0,0,0,27,17.09
4853,b443cb6835ea39d59c05084f5228fc859a0fd4f5,2,1,0,1,7,0,0,0,16,193.31
4854,7c2054326b259bde0e8dd28d3428e63fd285454c,0,18,0,5,146,89,0,25,1042,1253.5
4855,d68c8b1d59493923bc980ccadee30afcab1dfd35,0,0,4,0,0,0,0,0,0,115.8
4856,a7a1cbc24547f1efe1a4569e5638b25c073d34f2,0,7,0,0,9,2,0,1,603,206.48
4857,5671c77c3afbb84ed89427bbab9b1355d0b1f8cc,16,22,11,0,480,101,0,15,1665,2590.85
4858,c78adedc341f985c49dcb34fde4773d25c0b8c18,0,8,0,8,0,0,0,0,240,256.11
4859,e5ee55bdaf0dcd6e3dc38b52964a8570b22dd671,1,0,1,0,0,0,0,0,0,127.08
4860,640e63beef0b60891178affc7a6e8f0d01a5d000,2,16,0,14,79,46,0,0,1171,1979.56
4861,34c232e9bd8400b8409434116d0257cf643a0eaa,0,1,0,0,0,0,0,0,32,14.7
4862,a8eeb3bb1314d6c6cc19001181539d74bc25f419,1,1,0,0,24,1,0,4,51,165.26
4863,f760b616af0e1608cb4c190aeb264da72f624f4c,2,17,2,0,445,152,0,54,989,1482.84
4864,d047ddb494460b3573514d4035341a247fbcb9c0,0,2,0,0,0,0,0,0,135,33.54
4865,bd61f2dbdf1a0215363ffa8416329e1dbf277593,2,10,1,4,26,79,0,10,1642,983.71
4866,d6567a00fd7814dfa99b62a1d0ae3db208ae3346,0,1,0,0,15,3,0,3,243,134.38
4867,3abbcd1eed42c2f7a65243ec6f27d16dbfc235b5,1,0,1,0,0,0,0,0,0,147.35
4868,daa357aca1fe7745eb7809ac384c5fdc14bd74db,3,1,0,0,0,0,0,0,586,342.18
4869,dd3264e6360130c935267a13ff23db9ec3128d18,0,1,0,0,0,0,0,0,44,14.93
4870,e71196972c6acd124bd5ff36ad57dc493cf35e93,0,7,0,0,56,33,0,40,733,566.77
4871,6666ea58de3ef94032014d891c2de5671361a494,0,13,0,0,1,0,0,4,2774,480.73
4872,22510f0e28af4f7910f5164e537bfb04378f79d5,0,1,0,1,15,0,0,0,12,64.18
4873,42a4df2d475910a9092a5f7251d4897d00b4fba9,0,2,0,2,8,4,0,1,498,355.26
4874,32b0dfd102c4264a26ad9b5f6bb5779f8a8d33da,0,3,0,0,5,24,0,13,901,286.04
4875,b198c33a75f0ea50f4da0d3b2b0e3f45529ce2c0,0,1,0,0,0,4,0,19,118,85.54
4876,75a5257412606ac70113850439457cce7da3b2e6,10,0,0,0,0,0,0,0,0,1134.15
4877,ab2895fa988018300395557d110de23a3a2166c9,0,12,0,3,30,16,0,1,900,424.87
4878,bbb75c599aba1fffa3f52b45af77ee9c7ece3ca0,0,3,0,0,0,1,0,0,154,61.02
4879,3dc7423c4be8c15593a0d3d39cbac883f7c4cb7b,0,7,0,7,198,0,0,119,1165,850.9
4880,2ff04baa649831fe66a7fa1f3d5b4d7adf632261,0,0,4,0,0,0,0,0,0,772.02
4881,50ced5e3dca0983352ac9eb2ae5ba1a7de66f25b,1,2,10,0,2,0,0,0,113,418.17
4882,8543dd9086dba0f08d5021852cfa49224b12606f,3,0,0,0,0,0,0,0,0,195.21
4883,b640c017970df59c0de2bf7084da307062e84713,0,4,0,2,45,68,0,0,66,338.06
4884,d353ef49a99a5524ff87784f8a983eaf99e028d8,0,1,0,0,3,45,0,13,35,107.04
4885,3333f84f6b9dc3eeab1263b66a6fee5b2ca419ee,0,0,20,0,0,0,0,0,0,569.93
4886,3385fa3ab5584f74df93cb9597c0405d0be391f5,0,2,0,2,2,0,0,2,491,332.92
4887,e18cdd0498003417c2fe6b0f446f6a943fbc98e3,0,13,0,11,0,2,0,4,797,501.49
4888,e696937788c0fcba78dcdf820a5ebb70f8086710,0,4,0,0,81,13,0,18,502,370.48
4889,d056f11ddf42a944b113a4ad46874a5b4d237653,0,28,0,0,5,0,0,9,4117,743.72
4890,256a88a186dd7fe2a958d4bbc826fee3b806efc6,0,1,0,1,0,2,0,0,112,113.67
4891,30a832ec2f581d463ab79ca16c275d01df6931f8,0,3,0,0,9,6,0,0,331,184.79
4892,348d501625eaa6999dda0027bbe2fb8e06af45db,0,6,0,0,0,0,0,0,1266,208.72
4893,7265d81ff95aff4ddfbcbd4ef25869ea8f159769,1,0,1,0,0,0,0,0,0,106.09
4894,ad6f826584be7527c58e2126e2828f82afc97875,1,9,0,7,0,0,0,0,1177,574.65
4895,a8f1be923a4c4954fb0ae71a9c0ee672aaf2d797,1,0,1,0,0,0,0,0,0,146.17
4896,8abae2c2f2a0a7b6a39880b90467b5209e65117d,6,19,5,4,425,423,0,52,732,2244.75
4897,ebba20dfa87fda3719eccf5006fffa4c030caf2b,5,1,45,0,0,0,0,0,44,1526.06
4898,b654e989b60c6607f5f5bf757130c86bd0facd8c,1,1,0,0,6,2,0,6,124,194.32
4899,f5957ce3b7d87d89052f0328e569b74ec8aaa3e0,6,15,0,4,283,30,0,51,1968,1417.74
4900,3ade4c79016b95ac5e38d7d2a16277a70e095463,0,2,0,1,57,0,0,0,722,916.3
4901,143e5e0b815e34e4272525ed79bf9546995d1881,1,1,0,0,0,0,0,0,78,82.96
4902,b80d89a6496060e18257e2c3a69536046e9da890,1,0,0,0,0,0,0,0,0,76.81
4903,dd66e61ecc5da5b15a610f04b98c8386d141f910,0,0,1,0,0,0,0,0,0,33.41
4904,31a2de86d9034def9c58ef7f3d3dcae3d4dafd6f,0,1,0,0,28,12,0,0,30,89.76
4905,cd899f3be39c5f052a2a3e90771111d1a7df1d47,0,1,0,0,8,0,0,0,130,61.47
4906,76bebd4236cd9cff19e6442e9ab3d6113665924a,0,2,0,0,52,0,0,0,367,134.61
4907,75a7c4b109be68c02b1c7733310f4f9000ad8bf6,10,27,0,8,81,45,0,77,4464,2197.78
4908,72f9a6c6a753123948153ee9f2e91ece70c2f71c,9,12,0,0,21,4,0,34,346,839.22
4909,347e6f7560a78ad3b58ff274c212a9f32c5d88fd,1,13,0,0,76,102,0,28,1761,818.49
4910,061e9297ba6781a9765e826ef3d75591b6b520a2,0,1,0,1,32,0,0,32,292,215.19
4911,5864e4fd4368f1af6e1bc623c91b8e719693471d,0,8,0,7,92,17,0,59,1147,903.24
4912,891a1b966a28441f26b8f68b8ee68ef43e79a938,0,2,0,0,0,0,0,0,515,75.55
4913,43b8e57b82b4fb086a8b307c6ca3b4c2b8086532,0,3,0,0,18,5,0,12,310,210.25
4914,da4aa9d2ea62844ae4dedf36d5634b161cf27988,0,2,0,0,2,0,0,6,92,135.38
4915,ccf4ebdd19a61777dbc3909a62916680be60caa8,0,2,0,0,0,0,0,0,625,89.54
4916,aba377945a66f37198e4a16bb9256c180ffcae79,0,1,0,0,19,0,0,5,66,84.21
4917,b6f00f96d4b38ee69e081ced189f5817c3f57fd4,0,1,0,1,1,0,0,2,124,134.0
4918,976bacc65908cc35382ddbbcdc80249a700bc2d3,0,2,0,0,11,4,0,29,612,214.43
4919,38cf0c6105ba371f7fa08c0116b01cbeebb6db83,0,1,0,0,46,10,0,0,262,110.86
4920,2063fa12d520818569e5cbb88d4123716f2da249,0,0,14,0,0,0,0,0,0,1155.98
4921,89b1d233254de024942c06700cedd86fff55970e,0,10,0,1,86,145,0,0,478,712.48
4922,88636799ee68cae80b093436ff2e5eace0675b95,9,55,2,51,270,45,0,32,2242,2915.94
4923,824074aac620a940d33cb484f97e16c640d5d6b7,10,0,8,0,0,0,0,0,0,1029.72
4924,30647a2e6b74563e441947ad2f5726d9627251c2,1,2,0,0,21,2,0,0,364,201.66
4925,6b253d9f8e3d3332784d87cd8b7b0d536e56caa7,5,0,0,0,0,0,0,0,0,308.65
4926,9a911c88ec4b11300d72f41a7c51569e1d228a87,0,1,0,0,13,1,0,31,471,154.52
4927,aad99f25cd107a8eaa24a8d407680a8186ba6460,0,2,0,0,19,2,0,15,863,244.52
4928,ee64892591de67a60023fd202704370cd18d1b26,0,28,0,23,6,16,0,6,2950,1796.57
4929,442fcb196f9bf9fada2278b78c8447e65f0c85e0,0,1,0,1,2,0,0,0,133,117.84
4930,a402002df7b6a3f21d84f9338b8b0afec1cc65ec,0,1,0,0,0,14,0,4,445,121.47
4931,e692a10801629d31a6cd06b8f173363ea060859d,0,2,0,0,10,10,0,4,88,120.58
4932,bdb306a1152aa9938bde2cc536db540eb2ca40d0,0,2,0,2,43,0,0,3,291,230.46
4933,ceabbd07d54cd26747c6fd0d9ddc7fab5176b449,1,0,0,0,0,0,0,0,0,65.79
4934,5a86a0a19dad28162ba7ddf27bd9e63468a5966c,0,2,0,0,73,0,0,7,504,179.7
4935,1f45c87340e7da1f7896919434575e01e84c82a2,0,1,0,1,0,0,0,0,76,59.76
4936,68a69c76ae66908658bed17a95dda7b74bc72675,0,1,0,1,0,0,0,0,310,138.63
4937,177df41bf94ba18b0174a5973ee12efc195ec17e,1,2,0,1,9,0,0,11,220,310.93
4938,7beb0110a5c7da5b17d03e3095cc12df28fbd8f9,0,1,0,1,0,0,0,0,0,19.67
4939,c1dd9604d4c5c15917f920819957037c2f49b228,0,1,0,0,25,27,0,4,8,110.41
4940,49f5a0179459fbe2d205df2b17196afe3e2bf506,0,1,0,0,3,0,0,28,311,743.72
4941,3c5f363d816a1a529832f384fb504d4b6804a00b,0,1,0,0,0,3,0,2,216,90.61
4942,25ef3240c504f8e2989af0dcac4e16f471510f39,1,2,0,0,1,0,0,2,1441,298.22
4943,0ccab95e7fbbc53e94dabd1032d903428a47db24,0,1,0,0,0,1,0,3,394,112.84
4944,85e7b2878eb50767ba64bbbd5794929d151f81ef,5,8,0,3,71,0,0,32,1162,751.5
4945,55fd5f32d7ef0292a01192ab08456fae49b91791,1,12,0,4,264,84,0,62,2187,1308.03
4946,db2a964a450c05cb2aad3843999d994e4b8e5ef5,0,13,0,0,85,88,0,16,1408,578.15
4947,66b5def320054776f09fb8a7f9b77be6f1572ae2,0,2,0,2,0,0,0,0,18,55.86
4948,fc4d9469d9d3cf17f877b2c49f345ed0001322c1,7,5,4,0,6,26,0,3,623,833.65
4949,e03e60da208bc60dab477950cb2c7e329fe5ff57,0,1,0,0,0,10,0,0,319,86.77
4950,f73a12e728431d87065f7d0082380a527df39e44,0,3,0,0,106,9,0,43,1664,449.22
4951,5558e7688e777853a23d94edc31971aa1e230d1e,1,4,0,0,61,0,0,5,223,272.83
4952,54b52c9be66a981360fed121fcfd7f1be28ac1cb,1,2,1,0,0,10,0,6,562,257.1
4953,f887ba81e986058308d1f56f7a6efed00166723c,1,0,0,0,0,0,0,0,0,11.26
4954,a65bcef8cb38a02af61d43ceefba1f1104d28c3f,0,1,0,0,0,0,0,0,264,42.0
4955,008060f16d5a850be178557d5d0dbbc52864c187,0,2,0,1,2,0,0,3,117,138.48
4956,90c76ad1c3019e354724503a69c21a157161cf0b,0,2,0,0,13,0,0,0,357,125.68
4957,09ea3dd0f5ccbdeb381a840f4da65a99c11817a0,0,18,0,14,6,15,0,0,1429,835.41
4958,c787a037de5bb456844f9704389bff65b4972e18,0,6,41,0,0,2,0,11,1592,1499.62
4959,804611ce28c9a840ae78bd43f36419b4b49537e4,0,2,0,1,23,23,0,0,381,173.67
4960,2b358cde0d232a3bfbc59fa9a6845b0c754f1704,0,1,0,0,0,0,0,0,275,698.87
4961,74b535d56a81fdf7460b9ce632e14e3c3d119355,0,4,0,0,34,9,0,16,275,314.76
4962,d1ea365ef1fa979d40532bf3f114fc03284164bc,1,10,0,7,74,29,0,29,556,748.15
4963,e4a4effe179a80516b84e2b590ab4d7c65efdeb1,0,1,0,0,5,2,0,19,214,124.1
4964,e69d14521117b34054aa643398febafefdc1834f,0,1,0,0,1,0,0,0,173,62.89
4965,0ccbd27793a195b5762e8c563d75901f8cca4248,2,4,0,2,49,0,0,11,345,376.73
4966,0f98a8ed53a7462aebfbffeb16bd37b7b14849a3,0,2,0,0,9,0,0,2,158,97.54
4967,61cff8e33191f065bc9f5c35ec126e3662b9eb5f,0,1,0,0,8,0,0,2,482,126.57
4968,6bac921445d8fdecc4951bd4b9342bce0994c5ba,0,4,0,0,0,58,0,0,686,226.41
4969,3e9d33ee5b15d20bf1d2ee757543806619997b49,0,5,0,0,12,6,0,0,1123,238.57
4970,9215b72422d3e638fe950b61fa01f2e4e04981a0,3,1,0,1,24,5,0,8,44,347.66
4971,04b38028dd3d3452cf3b2f1dbcec3cee6a9ac1db,0,4,0,2,88,11,0,2,923,473.93
4972,19b2a8e3e42a0a79aa074934bd2b58d680037a19,0,3,0,0,0,34,0,9,308,117.07
4973,31f6a744c78adcb4f702da3cbabe7d462a66184e,0,2,0,0,1,3,0,5,289,137.37
4974,4f12356eb64af37909d18a5c2abb4a31a4c19472,0,41,0,10,96,53,0,61,4009,1743.84
4975,ad7b21b8de28133d43076c889f7afae5c27cba29,1,9,0,6,129,19,0,1,1098,818.6
4976,6bdf9d07cc93ba5f3a193ceafc0e13d35353316b,0,4,0,1,25,9,0,4,103,266.94
4977,3607575a234f65b5ea50d987e9bd9f01c7f4a605,2,9,0,3,95,32,0,47,807,786.54
4978,77348858f4632e9b3987cf1ed6a9c8af4c5e1aeb,0,8,0,0,77,8,0,21,1206,395.02
4979,2cf489306fc59cce76e66119dc2dbb053e8a89df,0,1,0,0,0,0,0,0,273,45.09
4980,8bd98e09d2f9575c7fb4177d79979ebb271298bb,0,1,0,0,3,0,0,8,273,736.23
4981,fc8be1ca6bab85dca8be5c8c92a2ab16449ea928,2,19,1,6,141,39,0,145,1760,1136.88
4982,9547f08aad0fb1e36bb1aa90de17d442b3dc1612,0,2,0,0,0,30,0,3,174,122.42
4983,d144e86019dc8f56aa1f42dee7693d40ea096c53,0,16,1,0,0,0,0,0,2329,444.1
4984,4003352cdbb7cabf9446d73412994c3ab731e9c0,0,3,0,0,0,3,0,0,345,99.46
4985,8f6f29426f5c26b82908d2d3d770cfdde1e702af,4,0,0,0,0,0,0,0,0,268.27
4986,5108f6875f102e613d70cc90fd13d269465f2bff,1,4,0,1,94,65,0,53,827,499.15
4987,4e52fe4304566e5239996b3d48290e0c1f0772e8,0,2,0,0,11,11,0,0,549,152.7
4988,6c079360c60f47a336eda2f8936a6bddfb948058,0,1,0,0,20,11,0,1,186,126.6
4989,cf75f424a2cc788cedbc0137f73d12e758a6c084,0,8,0,4,13,14,0,3,480,397.79
4990,19cbc787b9f53dd494d77899e00111f437e907b6,0,2,0,0,0,0,0,0,156,42.71
4991,ba2aba80f578659b8e7331855d1518744c90f860,0,2,0,2,0,6,0,0,16,116.96
4992,6bd5714d2a045e581b1a761830d010598f803de7,0,4,0,0,61,8,0,8,710,395.08
4993,7d2394d4ee63adf39a53ffd57b7c06cc67e21d96,0,1,0,0,0,5,0,5,41,76.22
4994,e2486188610ca30f0f26c0c0f061d3349a5dc6f3,0,1,0,0,0,0,0,0,454,59.93
4995,c4a2d60c38a88aa6a7f1744726372601593165af,0,3,0,0,12,2,0,30,940,266.99
4996,dbbab0a90b82d18ac14e4791d8f155c2e039b3ee,3,0,0,0,0,0,0,0,0,196.92
4997,4a26cced238d276c2f9accc9ab226ddbdb3e895a,0,0,1,0,0,0,0,0,0,33.72
4998,daad5778e55a0f80e7b58382539113d87586acb2,0,4,0,1,0,0,0,0,76,35.61
4999,bd657e6503678654577c4679bcdff10530dd575f,0,2,0,0,0,0,0,0,0,14.22
5000,a8c4c48d7ddc2d0fd880535d7c7d24bd4f63c0d8,0,1,2,0,0,0,0,0,38,720.33
5001,d9a061c674a0e64e6ec419ff614347ecc08d4eb6,0,26,3,7,58,46,0,48,3066,1578.6
5002,74d10cada89abb4e830b55a95262f3fd68247ed0,0,18,0,2,58,3,0,0,802,716.51
5003,2c7e63ae9ecc38c33f0b45df21bd324c2e597ef2,8,11,0,2,37,18,0,9,1676,1045.1
5004,002e0ab81f959aa91797c2a48d0fe913a510d725,4,1,0,0,0,14,0,11,76,314.54
5005,b9ce8abb1bfc0cbc43e8c1800b4aeb7aee7c6e62,0,2,0,1,9,0,0,4,206,161.16
5006,0ac5d4020d9aa441d7c8d439280d4ea2d01bcade,0,1,0,0,34,5,0,8,361,154.38
5007,aec6ded5ec7caeaf0dca798be216a3fd9e6cd849,0,1,0,0,0,6,0,0,289,69.26
5008,db4d139d2e30078844a3dd1e33edc939e3d0b296,0,19,0,1,130,83,0,54,3355,1193.36
5009,6cd8ceb10c841827cf89b74ecf5a0495a6933d53,6,21,0,11,555,190,0,47,1408,2081.47
5010,a8be52a3309c5e68fe865a421fb60fdb3cc56d16,2,3,0,0,80,6,0,0,165,283.18
5011,e43b970aa17724c924a1db03215304aa601ecc76,0,1,0,0,0,0,0,0,3,22.29
5012,ebbc85da7b78c1acdac4d184bddd6dfecf1338b2,1,2,0,0,48,21,0,1,561,255.54
5013,a6a052884718c52c843ad1ade1b42b1155115a46,1,2,0,0,22,6,0,6,290,223.75
5014,c246ff2e4623b38f1b05c0b3c0c8cb6ba165a33f,0,5,0,0,24,4,0,28,406,392.58
5015,7cb25cbdeecc39a1fc33cdfad1f318af714224a5,0,2,0,1,72,1,0,1,213,219.75
5016,5eae47f5d381cd55729660f62c714b52d28413ed,6,53,0,14,286,311,0,134,7979,3879.66
5017,af996301756563e58df7559ca0d5e0e58a87145b,0,1,0,0,12,0,0,1,65,78.75
5018,a50eb73e28fab48e92dc34c12b0b2ca4d99e1bf2,0,2,0,1,2,0,0,4,84,162.94
5019,afd2016a520531d390d8b994867a9646999a4902,0,1,0,0,3,29,0,2,158,117.67
5020,2ac1e19e0d1a5da1a6e3c990ad676af836d4f1c0,0,3,0,0,73,79,0,0,85,796.15
5021,f7b113d965fd30db993cac99b63194dcd7869ad4,5,4,1,0,8,16,0,37,445,455.81
5022,6f2d9d79b85a759501ee267cc08a73dea03f7775,0,39,0,2,74,84,0,78,1371,1363.9
5023,ca9b2b53bae839c7c0cb75819c49ed096e82334f,0,10,0,1,48,72,0,20,1436,560.22
5024,4df90ce9443fb936c5220c4e1da2f4ac82657137,0,5,0,0,29,85,0,59,720,467.5
5025,93d392a482eb6aee2fd7358ea985f8025c2051a3,0,1,0,0,2,2,0,3,25,99.35
5026,4f128e3a84f811462c8c5d87d19d28354e2bd3b8,0,0,7,0,0,0,0,0,0,212.39
5027,47cd9fd8ace65784f27fa694e369d24f47fadc00,0,1,0,0,0,0,0,0,3,21.47
5028,54b89b95c82f2d660f320e97f961b69e50e0f06e,0,1,0,0,2,7,0,7,482,152.2
5029,388c280fcd8157f5ebc06a9062a0d06a3d2e92cb,0,3,0,0,30,27,0,12,400,273.15
5030,8e4a001b84c36827eb6168adac2724f76e30cc2c,1,0,0,0,0,0,0,0,0,64.78
5031,b7520a53f83d23cc6dfd9ff958880837cb0c99ae,2,3,3,2,0,0,0,0,28,255.13
5032,be055b7a9f8ecb09e5e4e0bbddb98639173a09a7,0,2,0,0,6,0,0,7,190,107.12
5033,b9a6a5cb5401fbda3a0eb4b910eb4f3f951af9cb,0,1,0,0,0,0,0,0,192,37.82
5034,e9a535877906bd75df3e633e3c5dad556b9c925d,0,3,0,0,18,6,0,0,563,184.77
5035,544abb937120b72dfd7a4e1cbb40c48222e578d4,0,9,0,0,77,74,0,69,1459,767.52
5036,d1c93d286b95f069f6ba0a4e60e3a34655a395e3,4,20,0,3,9,9,0,33,903,938.01
5037,8b8dfc1671f21a2e381376e78184c7b46adf26b0,0,0,1,0,0,0,0,0,0,32.91
5038,9365441396efdcf852e9076bdb6ca0fcc841434c,0,1,0,0,0,0,0,0,82,20.49
5039,af029e7e0c6377ec12edafedb4d6ea53c4fa9fe9,2,19,1,0,84,166,0,73,3200,1174.7
5040,cfcb5d7ba5c22295c0ae628f8d9a2447e2286985,0,1,0,0,0,0,0,0,18,681.51
5041,ce8f966c821ceab47c5041ac46f11a55ff3321f0,2,13,0,2,97,208,0,66,1396,1101.7
5042,c0fd36bac8955cff58a88e72d5bdb378f3cfdf93,1,1,0,0,0,0,0,0,146,70.16
5043,9381c430faf0e197bb2c96c7e418d33725e487f6,0,13,0,13,0,256,0,0,519,829.4
5044,17fa6a9bc965eb4dcd64123b7d1c66a75c077db6,0,3,0,1,68,18,0,31,886,287.86
5045,f8677464b0c7487e2882e2d4950e5f4b8c488951,3,15,1,3,20,13,0,1,1466,934.29
5046,c4e5a55f027ed73ce557f10d5125a0b168832889,0,9,0,3,179,214,0,97,1831,1020.03
5047,7d7d8b68ea74ec814a98b9798189d662da1b4e96,0,1,0,1,5,0,0,6,93,115.44
5048,046f044df47d2711e614455f047c760a9c066cde,0,1,0,0,0,4,0,26,151,85.09
5049,6823895a2ef776060a437e0d4979a6d8bfef48f7,0,5,0,1,1,11,0,0,264,138.57
5050,f681d9b83deecd5cbbecf37abbefb1a988f00268,0,26,0,4,162,282,0,175,3543,2420.58
5051,76d3a6353a0a3f8960dc2b49d9eac6a4a279ea9e,1,7,0,0,88,5,0,84,1503,635.77
5052,018f1fee9c856c66454155043006d6f53d39517a,2,0,0,0,0,0,0,0,0,126.82
5053,e11cb5af070f3125112fded661230bc2040f5e33,0,3,0,1,0,0,0,0,145,57.39
5054,440618823f6f2d4f1d9f8c62c63895f83b32c374,0,3,0,0,41,50,0,24,948,413.72
5055,ab8470714715cb02b32e3299f36ea64ebe85695e,7,9,1,0,126,342,0,27,843,993.3
5056,ac42d150441f968dfb2eaa578928f0e0d987e828,0,2,0,0,0,0,0,0,350,59.02
5057,ed3810b1282dfba80d63b1f43a0c202925a3b11c,0,2,0,0,12,1,0,4,207,166.68
5058,fb25cd8bf192128439366798bbd55298f5c83b68,0,2,0,0,24,22,0,43,609,263.6
5059,0240c8e54df74daa1bed70998323c9735c82e8c1,1,2,0,0,0,0,0,0,83,77.9
5060,b6bfcf008e20eb4d4a3e81bedf7eaf871f121d4c,2,0,0,0,0,0,0,0,0,732.33
5061,0629e25602eefdc239e8e72d9e3c9c1a5164448e,0,54,0,35,453,470,0,158,1755,3640.4
5062,6b01a89020f2de3f7710cf72336291b1e8ca8562,0,4,0,0,48,0,0,7,272,285.44
5063,85ad491af66ad7c19401296af66edff2d2e3d6a1,0,2,0,0,0,6,0,4,213,118.27
5064,893a62f5428b7088a1111ecc5a32ea5bd92df379,1,7,0,0,215,4,0,43,2102,681.58
5065,4d10be1e96223342d7b7a89a5dbd93f5ac910d0a,0,1,0,1,0,0,0,0,112,69.63
5066,440137cc3ad8ab47dff84212c81e960e0a254eaa,0,3,0,0,16,0,0,0,306,106.02
5067,d398926240be2e627b7ca9b4758bdafb97896c5d,0,2,0,2,0,0,0,0,261,138.43
5068,902d420e1a2322fa5ef516716ff10837a6e36ce8,0,9,0,0,28,7,0,2,724,355.96
5069,dee1876bff2b9e88a4111d1e7c3180055de53b37,0,11,0,0,212,0,0,53,420,797.22
5070,d0611b9ea32b522f9ca1b5341797850266f77c15,10,0,0,0,0,0,0,0,0,426.99
5071,eaf540fd1c9c7395a7f278b9a4f25e42cf8d56b0,6,31,0,0,592,103,0,58,4283,1910.04
5072,9637ee78846e4df5ef328c620cc991d394056f61,0,1,0,1,1,5,0,1,9,106.17
5073,499b60fedd6db1cd0c1a4e1cc8c59a94b89c5c84,0,3,0,0,0,89,0,13,522,167.72
5074,b8299bf92d8e3dbe140dd89602699394019b783d,1,10,0,3,41,0,0,5,1040,629.02
5075,d97fcda6635b6821ac3f61c39e0fa156bc7c7fd4,0,3,0,3,10,0,0,0,375,228.1
5076,40422d5057e5c1d7b75aec48bacbd7518cd7c9e1,0,2,0,0,12,0,0,4,436,187.65
5077,2e23307372147287c8b49d2985d9564b2ed54eaa,0,1,0,0,23,22,0,22,233,133.89
5078,2714aaf3d47705401f422a09619f09d2a90bf185,1,11,0,2,140,64,0,28,722,886.83
5079,8c8f1c45face7105c9b60bcfd3f818eea19d42d1,0,1,0,0,0,0,0,0,256,37.78
5080,168532ece09b4be972f3ccad509a1e3376a1ac3a,0,2,0,0,27,36,0,32,267,896.53
5081,934774f0d2005ed93feb3e688d60a06076b94e92,0,2,0,0,4,34,0,6,779,191.25
5082,6f75596112ba5d36d88cc7c2de74acee8f683ca9,0,12,0,3,39,35,0,22,1048,567.82
5083,e4d05f72e91f03e4f350cf42c31c5ec85fe86c53,0,10,0,0,55,23,0,6,1724,624.01
5084,d902d164556e631d1c8edea475515901691c639c,0,1,0,0,1,11,0,1,65,98.13
5085,c4bc47afa6147dd25d8b579e764b30c9c13ee8ea,0,6,0,0,56,24,0,25,1303,553.88
5086,b6110dc35a17340653a39209038041a5e28054b4,0,3,0,1,0,7,0,0,383,109.05
5087,7081836e0d640ee640687606bd73b6673d3f2a07,55,1,54,0,5,0,0,0,6,5176.1
5088,5e2fb3cb5eb0ab181d62e864bb0443d656de2f83,0,1,0,1,0,0,0,0,0,15.52
5089,54743866e86cbe7689ae1dcf001deb559629747b,1,0,0,0,0,0,0,0,0,64.78
5090,401837bdfce40b2401aaf19586a8ae3612c08d8b,0,2,0,0,0,9,0,5,494,191.36
5091,945fc023acc724cceeac500cca05fa446f88adec,0,7,0,0,0,0,0,0,665,124.28
5092,92efcd34a5da2bccb07666f2c647974ea3e7c94f,0,7,1,3,8,0,0,6,1253,506.26
5093,83e6a2b5f7621a2bfd8797ab071a94492bbac3d5,0,4,0,0,0,48,0,0,272,162.76
5094,67b380d617a942c11ab29a8d62d67b770245bb63,0,1,0,0,1,0,0,1,131,77.09
5095,bfff86c841f0b873f25367419db0b3dd504a1197,0,1,0,0,0,0,0,0,10,13.96
5096,b7e70da351390df6b179cd0cedd11f311401e5a4,9,5,0,0,122,5,0,14,1131,1017.51
5097,b90542e80b2f9f5fb8ffe6e6325400b3cdd9301f,0,1,0,0,0,1,0,0,643,122.89
5098,69f7f6d92f263e7fa73fe5e396565aa87d283818,0,1,0,0,1,0,0,2,337,101.22
5099,c5ffb5ddd06b62f639145f8698c71fc74ff8c9b6,5,1,0,0,0,0,0,0,101,329.02
5100,77eb4f0c41fe45d3ad4efc8c54f21394cd973cb5,1,3,0,2,13,0,0,0,684,1000.15
5101,8fc7e7af2c7decb8e531b76e3edcc2601f73fe9d,1,1,0,0,14,6,0,20,249,206.65
5102,c40cfd317947b6b0f384ac3e067c0939a4586810,0,11,0,3,174,72,0,24,1191,805.08
5103,cc1a7979b332d126103e15e13d30a43d5cd3958c,2,0,0,0,0,0,0,0,0,145.41
5104,048cda72b686d200d8e8f455ee3fc6cbeb173ef0,1,7,1,0,7,8,0,0,899,442.38
5105,5b28a50dd1b111ed8e18aee8919b322e1ce9b983,0,3,0,0,31,9,0,0,171,113.54
5106,4f8b9bb5e7f826a31e79b9c5670fb7225df6b984,0,2,0,1,5,0,0,2,366,222.42
5107,456d0abaf7722ab16d91c5e2b52d80c076513921,0,12,0,0,173,205,0,42,683,810.8
5108,077dd55885fc91b7dd4c96c07ee6853a97db1a49,0,1,0,1,1,0,0,1,44,97.67
5109,168c1f0a1bae79c764efaf2d4d69558b856c4b9a,3,7,0,0,55,138,0,2,406,536.82
5110,680c2c3ec898ccbe469ba1fb295c948749b801ab,1,0,0,0,0,0,0,0,0,52.51
5111,180cd3f608731208f5b5ed71e3eb80ae5ccdf5fc,4,37,0,13,269,180,0,50,3510,1979.31
5112,1198664cb35f377bbda3d9846cf6c35d232d813a,0,2,0,1,0,0,0,0,167,75.28
5113,f8f747f2290ad623bd8a4f0d8ff4708fada6792a,0,1,0,0,4,0,0,2,48,71.36
5114,0a63797a6a5418b2363bca25bd77c33c217ff257,0,4,0,1,142,29,0,14,512,375.6
5115,5d7595448c005ef73179843080953928754056da,0,1,0,0,0,2,0,5,116,81.01
5116,de2163060d042c0a4ff1989c08fb16f78d040a8a,0,4,0,0,2,197,0,3,590,197.08
5117,9f6a8b6d075551d1b4090e191df8f56b5ef9d7e9,2,3,0,0,37,10,0,4,553,425.26
5118,7eb6edd573211f6f65449ad5ed13eb588cebfe67,3,18,0,2,168,13,0,83,1540,1242.19
5119,7469c17cb9004873101622ca4cc19f95b8d79642,0,4,0,3,42,0,0,28,342,383.54
5120,4c1f4471cb5cfb0cb810be0025b4d5eb71a152d4,0,1,0,1,0,0,0,0,40,703.98
5121,ba27832fca09e6d01aac4ce21ffa93f83830531a,0,11,0,0,0,0,0,0,654,136.65
5122,412dcbdf5980431556e17d774ded9edfec7d22c4,0,2,0,0,0,0,0,0,303,52.36
5123,50bd65a574776817a03dd32fd438cb2327447109,1,13,0,0,3,19,0,0,887,270.26
5124,a277543c57f7c633e0f8b610b241eac5a95aa7cc,0,2,0,1,41,8,0,5,67,171.81
5125,457cb14537c0e6f89cdbcc0564054f86bfbbb3eb,0,1,0,0,7,1,0,7,128,122.52
5126,572855daad452eab169bc2ca27f9f1e4476df656,1,53,0,21,70,92,0,30,6265,2585.71
5127,94cba8998c726092e2cc80fd022ca40bf0c38ec2,11,17,2,5,197,228,0,17,1685,1730.96
5128,e9c83ea2c36decf02d0ea9c2b76b0fd50606b51b,0,2,0,1,0,0,0,0,287,54.81
5129,52e191a5067322e82192314c16e70ae9e937ae2c,5,19,1,4,334,27,0,66,2577,1840.72
5130,0db804b936efd8631f1a08db37753dad7f1f71ea,1,1,0,0,0,0,0,0,47,90.87
5131,28c6254ee385fe746e868a81b2207bf66b552174,1,7,0,3,45,19,0,4,962,487.35
5132,5c47f3854938fc789ac0fd0867451f4def155c90,0,1,0,0,0,0,0,0,175,28.42
5133,9ee16794909d18aa84e8d0b738a6a447d11e6eeb,1,5,0,0,1,81,0,7,315,230.4
5134,6968a57a1a31a11b33bacd2c94d6559bcabd6eb9,0,2,0,0,46,0,0,1,549,176.67
5135,3a643c07792c62142c1f8cda172d4f4c3442c9b3,0,5,0,0,37,1,0,38,750,413.78
5136,d48bb59a572bf06e7a22c2fd4a2bc232ab8b6925,0,9,0,6,162,45,0,104,1368,865.8
5137,48b745466202ebbb68608930e13cb6ed4a35e6e7,0,1,0,0,4,1,0,31,195,121.05
5138,8df0bbacb8712342471c12cbf765a0a92b70abc9,0,1,0,0,4,1,0,4,360,131.15
5139,fd324ea72979cc3d4202ffa3ea174ec4cc9d153b,2,0,0,0,0,0,0,0,0,197.03
5140,f60f8fbc69cd1c36a3a99b08b0e76100b9032fae,0,15,0,9,31,2,0,5,1244,1251.85
5141,670ec6af0cd6d7e91a3ec08f653f45b0c744df61,0,1,0,0,0,0,0,0,78,24.73
5142,be72758d1104400c8a48554d717c5b8cea5b3617,1,2,0,0,8,0,0,2,61,143.99
5143,bcb34dd57fb4c9908cd8525db6fd7db3d4c6d254,1,1,0,0,49,28,0,2,30,196.88
5144,50a166df3e96d4783a5ee35aefe07cfaea5927e6,0,29,0,6,101,118,0,185,4415,1894.71
5145,7a46bfac526d7827b31e2c7139e461d8a8237311,0,1,0,0,143,0,0,0,79,81.62
5146,31310cd657381d4035cda9659d737ed440f90d26,2,13,0,1,155,41,0,121,1385,936.95
5147,f89d303e99c1214b75425497b331191b6dc9e2b8,0,1,0,0,13,0,0,0,94,55.31
5148,c658763d42d072073cc846f1814aa3cc5c42e05c,0,2,0,2,19,0,0,3,108,178.33
5149,f5d719096083504a0b5827e35c1d28e1180e5e1d,3,4,0,0,14,0,0,11,270,303.11
5150,edae79340dd486915d25109cbdc1485accae665a,1,4,0,0,0,8,0,0,646,250.89
5151,73bc35f14c547c14ddf82660160e554404e54b8c,1,4,0,0,0,0,0,0,210,131.62
5152,d93b154d41045e89dcc2238885db83fd947cd104,0,1,0,0,0,3,0,0,101,48.65
5153,a6c3778fd892398d2a6b9c4a02eee1613eda3f42,0,5,0,0,220,12,0,0,299,230.36
5154,8e55bbd41725cd8c7f29a9e41993a22777ebdacf,0,1,0,1,1,0,0,3,92,108.91
5155,e927ec0bee4cf951e49b838538efa679e1af13e2,0,4,0,0,18,39,0,12,382,227.72
5156,8b7caaa22fee9a131292c1a3fdb45872d6836dbf,0,1,0,0,0,0,0,0,135,26.67
5157,ec6ee0430cb1bbf2f5ee954d39ee78d22a182ac2,1,3,1,0,148,36,0,23,992,414.47
5158,f05f8fb4443012d9f81233eafef97d8c47de311b,0,1,0,0,0,0,0,0,58,19.7
5159,489e65359e3b819db99544226087af12b3032e0f,0,1,0,0,3,19,0,2,201,122.84
5160,b17632ddbbb58f8b3e3d1a31d6658e59258918c7,0,1,0,0,40,10,0,12,100,790.67
5161,ca11c1ccc7e7e0c02a2450dfd71a950b6a484648,0,1,0,0,0,0,0,0,0,9.62
5162,907a0957e93a51a3e08ca81dcf183d7079346d6f,0,1,0,0,11,0,0,0,58,64.58
5163,75dcfc02736a9b4d4a407a1348a761ff132ec23f,0,1,0,0,7,0,0,1,9,73.32
5164,e08d7a6f30f8e3b845ff33d4266fbd4fad4bec63,1,5,0,1,77,53,0,12,786,639.3
5165,5b1231dda3f73b5b18a1e50239e781a281f35e59,0,0,0,0,0,0,0,0,0,5.31
5166,74c2b80bc29bb0e2c0c2508da4b3f0bb58e2bd38,7,14,0,4,57,28,0,10,1627,1169.87
5167,a66458eac614ad2cf47394b0cf0761137f6ba97f,0,1,0,1,4,0,0,4,38,98.8
5168,d7aa989ee1c72d7830c612554b89673bf38cf447,0,2,0,2,8,1,0,2,114,214.92
5169,fe117afd31e823006f680d145c8f75033816ed17,0,27,3,7,24,3,0,0,3939,1053.32
5170,bd137aec4a29ad1de4201245dd17d8f759e13f29,1,0,1,0,0,0,0,0,0,185.42
5171,6dda5316f6ad60cae877f15b24bc056638de7fc8,0,5,0,2,0,2,0,0,506,146.83
5172,06a42bf6d64734621cc6aa92d5823d935c07e02c,0,7,0,2,1,46,0,2,1037,466.22
5173,ff4fbf9bfb5107a6f4d0cbd040f36d583065aa4a,0,2,0,0,3,0,0,0,362,86.83
5174,7278e875bd57712a3a5c6069eac491834684c3bf,0,1,0,0,12,113,0,4,128,125.07
5175,41b826bda9f9c3cf95cb72a8af4127c255298ef0,0,0,1,0,0,0,0,0,0,42.99
5176,3a8717fd6e569a7b91d4265de109663a6c53d7ab,4,9,0,3,25,2,0,70,1731,1001.88
5177,80c0c65b77eff388b8a30144fbac2a157a383bd4,0,6,0,1,19,28,0,10,822,485.71
5178,138334a6d0181de153abd9bcfabba201ad512f34,0,1,0,0,41,0,0,0,64,59.75
5179,40749ddcd73c4634d81c2153f64e8934d519be3d,0,15,0,11,39,27,0,13,1290,897.83
5180,5aa7c254a5b6f38d7a7cab0893fc87efe6da9a44,0,3,0,0,7,0,0,12,219,927.94
5181,8912fb06b9689589a57bb88c350cd65d18e50d02,1,9,0,1,4,39,0,71,1016,448.61
5182,60d65ce741099910f582f3289e7cf3ed3a16899a,0,0,1,0,0,0,0,0,0,32.36
5183,8656ed5ea0b329e2d485600ce24aaf1a9e724db0,2,1,2,0,6,1,0,9,640,329.65
5184,03923c3408250625707af93130b14b7886ef5a8c,0,1,0,0,6,18,0,16,734,194.21
5185,674fcc269d44f0fb17896286c95ba26fe0feb35e,0,6,0,0,0,0,0,0,497,89.75
5186,0ff286d3b793cdc3da721cce46366e130195ffb0,0,5,0,2,28,19,0,0,1086,369.95
5187,f0f93c27650a73610b229f52362787a09390e023,0,3,0,1,24,22,0,1,355,198.14
5188,dedcd2d103edf2ba3ad16ffd8d46011d1ec468a8,0,2,0,0,8,0,0,1,44,109.8
5189,8626971a36d37fc33a077e7cadcc3f9e6911e96e,0,2,0,0,72,0,0,2,476,180.63
5190,4870fd62f0b8bfcc280aa326ffe948a119de6baf,0,1,0,0,0,12,0,23,119,95.05
5191,ceb64248daab04b01977ff02516696e4398d656e,6,60,1,15,251,259,0,84,5737,3637.37
5192,4eabd4dbb2e84d9362cf1c498bf600a45ab6249a,0,3,0,0,9,12,0,0,444,150.56
5193,1bb8013bd5f20a114f1db9ec51f118075c5e2249,0,1,0,1,3,0,0,2,147,142.8
5194,eaa9050a65acaac49397e7bfc97341688500c962,0,3,0,0,81,0,0,21,357,218.25
5195,febcb7f114439cf0b99f2aa968861387d3f46deb,0,1,0,0,0,2,0,0,117,50.31
5196,c986357695558687058d8aff89b16085345d12bb,0,1,0,1,3,0,0,0,16,63.87
5197,be68b178091229b051c07504f16a429571315bc0,0,1,0,0,6,14,0,15,126,119.25
5198,b94d99d8aca25c2b3e8a2a42d155e5442a956371,0,3,0,0,6,0,0,2,506,179.08
5199,af2091cc92d4f5d8fe04ea4bdce865ea02032f02,1,2,1,2,3,0,0,8,109,337.7
5200,b0befc4c62ccfdb6f95e5a965b00fc68cb74261d,0,3,0,0,12,0,0,13,197,880.95
5201,a5ecb1886e79c9f7215a40b7da71804c07f5da73,0,2,0,1,26,0,0,11,275,225.36
5202,016644ac3c91e516f93fd863a3d91e81a4bd8f3c,0,2,0,1,0,0,0,0,82,50.54
5203,4f6b91ecda2c3fdeb8930f49c0913f85f8605061,0,1,0,0,15,0,0,0,68,59.25
5204,de9a878e9555023e1c63f9c41eb281650f4840df,0,1,0,0,6,0,0,0,27,47.97
5205,c2a43c95de9b7616b5249cbb190fc0203030bf40,0,4,0,0,6,0,0,0,1329,255.43
5206,e0328e42611d388a11edaaa04688630202f8a146,34,4,16,0,0,0,0,0,185,2373.24
5207,6a28a6f406379f66215f80a1b5725686838da115,0,1,0,0,3,0,0,6,15,70.08
5208,27b5c49e76f58992fd5575959a7dea7088505e12,3,32,0,9,7,9,0,44,3637,1396.6
5209,f186446d015f3fb676012ff416fde64808449250,0,26,0,0,11,0,0,71,3864,713.87
5210,5e769b383e48073491cb05a803f74241fb510782,0,1,0,0,1,0,0,3,33,70.29
5211,405d2223697344e41aa11cc66cadf6b9afcacd89,0,2,0,2,0,0,0,0,107,91.34
5212,9580b8fe5a5ec8b3b23ffa7e09123b1e160e2016,0,3,0,0,9,5,0,9,381,269.74
5213,9922d10a0f3e291bb7e6f75ccb70baecb5c2bcd9,2,17,0,1,30,43,0,2,1954,743.34
5214,734ba01dda51ab93d10e6c36cf5a0c4c65b28008,0,4,0,0,60,46,0,9,1346,412.17
5215,8d67aa55f1c11e167a936f1f2a9d954db5960673,2,6,0,1,35,41,0,17,627,564.77
5216,a922473c0835a757e7108c79ad52f103ace86030,0,15,0,1,4,7,0,7,2391,618.81
5217,271071adb53c29534f9f51c1fb2846515f97b2be,3,2,1,0,22,76,0,8,19,392.79
5218,986d5368fdb84c44111994b667ce1fc5f9992716,2,0,3,0,0,0,0,0,0,211.67
5219,ff80dc042aff570b7de2b47697e432e18fce5856,1,12,0,3,64,11,0,24,1061,726.64
5220,44c2d2f0a51f3d2c3b0ff85f02a5d2a248d4ee2e,0,20,0,0,6,72,0,87,1068,1887.97
5221,7cab28d62b280a706c388fea145cb2d81a7fea40,1,0,0,0,0,0,0,0,0,66.85
5222,5930622ea1de97090d728b96fbf3b4822f690ad7,10,2,0,2,53,2,0,0,176,746.22
5223,7fbfab64f062301f3e8288d040d41ba3529c105d,0,1,0,0,0,0,0,0,0,10.22
5224,bb62ab082f7e6157138d509e305e10510badc491,0,4,0,1,0,0,0,0,331,95.67
5225,7b2f54067395dce26dd5ea520a537b92a1ac6e22,0,2,0,0,24,16,0,0,171,160.13
5226,6225aa6fbdc742f23770ba1f373c7a0f9e7e32d7,3,6,0,0,1,24,0,1,696,357.16
5227,b211d16ccec03c66b7edaf7b6c7ff83bf104e1bb,1,1,0,0,9,4,0,14,114,168.22
5228,2e78a36f97be5c448c69962a1b2151b4fd676406,1,3,0,1,1,0,0,5,252,173.4
5229,09ce3dcc3144484b088b6b29d7cca5061ea10937,0,1,0,0,13,2,0,52,400,182.0
5230,a28a2d09626b02b18e846556945c70791e5c2502,10,1,0,0,0,0,0,0,34,609.83
5231,0ac1549ec58c1737a79e5770a171a8b14bed56dc,1,11,0,2,331,36,0,62,1768,981.36
5232,ab17b7224539d2020fc873986f9417b5c2082157,0,1,0,0,0,0,0,0,146,30.54
5233,b63e19b090cd9a1558db4c68c385e0ce947789e9,10,9,10,0,126,21,0,5,475,1220.48
5234,5350bc48af37a1d6296de5b290b870b7d68407fa,1,16,0,0,90,3,0,6,1975,646.87
5235,3465580e7918460fb2e911333d0b907cd0980d3d,2,3,0,0,63,1,0,52,605,424.76
5236,34110fefc6e49bcbe1ae8de090fa43a5f6ef5fec,0,1,0,0,41,31,0,14,239,147.19
5237,89d48f5ccd8eb423a022ce7ad124ffa95c535268,0,1,0,0,24,18,0,0,51,84.85
5238,c9e0761dec904d42e0876a7731eb62d690abd738,0,1,0,0,0,2,0,0,387,87.42
5239,3bbe59c0ecf71c2c3c4b2c7135c84a666e876f24,0,1,0,0,3,5,0,1,141,117.05
5240,acb051d8db3acca0ff97628b602aa21dcbf3604f,0,1,0,0,23,19,0,22,86,807.37
5241,0f8d76c6f71e0b4a07ed11a112c3bd21c300e966,0,63,0,4,107,148,0,118,8390,2775.74
5242,a7274d5661421a66dcb998efd72b547301e1dc0f,6,7,1,0,237,133,0,50,473,818.5
5243,543c04949479191ddf4e7ec6035fce6a01e8c5a0,0,6,0,0,28,0,0,1,207,157.54
5244,074ea70141a69b9890887a90007ec92ccf7aab72,0,2,1,1,13,0,0,0,97,112.06
5245,e70d49ecb87837829984305b2ce3c3f99883a828,2,2,1,1,38,49,0,3,32,267.79
5246,b0a7a1b813b29dbfd5c959ee2929372c31befda8,32,1,0,0,61,9,0,0,73,1507.47
5247,f7a3c8104db2a0171ce78aad16ad5e51f4bb9eaf,6,0,0,0,0,0,0,0,0,231.49
5248,33f43114d5961fbcfc792d7a4fd74d3bdee738c5,0,0,10,0,0,0,0,0,0,301.09
5249,edafb3e6cd48bfec6660b22454d19540dc07ad65,0,1,0,0,1,1,0,4,21,92.85
5250,505512dbe461b9840dde6197c71dbb90b49c0495,2,5,5,0,15,13,0,23,521,463.85
5251,641a0d436c9b7a34ff33ceb370cf29962cac4dee,0,3,0,0,0,0,0,0,171,40.27
5252,93c61c097a889c55f412ff31524c749851ca872f,0,1,0,0,1,0,0,2,149,83.28
5253,2e63d1afb2358760109ba0c90011ef565eaae0ff,0,3,0,0,45,0,0,33,1016,303.85
5254,6593e482e2bb0a66121d495eadd409dbc9b15cd5,0,2,0,0,0,0,0,0,0,14.63
5255,3ab9e36c76395a9e900ca6b87746a013ee57da32,23,0,0,0,0,0,0,0,0,1044.25
5256,29fb3d27ca605fe9019034a220ae8b3ae5dac7a3,0,10,0,0,74,113,0,0,751,483.24
5257,59d243791490980d70b13fdff20377ef19923cc9,0,1,0,0,0,0,0,0,96,22.47
5258,0331882af124a1750a54b4c6a9bd13819d65f72e,1,10,0,0,58,3,0,37,2443,725.76
5259,607892314edee95da56f4997d85610f17a0dd470,0,1,0,0,0,0,0,0,44,15.52
5260,35892ed148afdb217a61fbacea1a9cb0eacb5c48,0,1,0,0,1,0,0,3,181,839.03
5261,76da442837d8606d8c4c4d8367b29fd79dc5ba35,0,2,0,0,2,1,0,5,119,111.23
5262,2da562b429cb6479abd971ff2ccc8a990b43bf59,1,0,0,0,0,0,0,0,0,67.04
5263,22d327f0409665c64588a4cb81acef97b481fb37,0,1,0,0,24,0,0,0,43,52.84
5264,b3186b6a109e4cd43216799e2f1c63ad8646bdab,1,4,0,3,7,55,0,47,354,437.28
5265,3fe53d39fe452aecaa7b075b94b0ca33a1d71864,0,5,0,0,20,0,0,10,328,372.8
5266,c77e5ece581cbaaa423f38318d6735a222cf3cd5,0,7,0,2,9,130,0,1,1059,382.33
5267,c7595840febcdc9dfeaefc93b4576933acb84f15,4,0,0,0,0,0,0,0,0,196.54
5268,833339f3a0faafbab9af90433488393421ae7171,1,2,0,1,14,5,0,10,797,294.23
5269,bdf55b90d58e3d7cb1f9b4ee0c2780bcca1c8f8a,0,3,0,1,17,0,0,7,325,182.7
5270,f08b7c913c235c827fdc850ef1897ea508aadba6,0,2,0,1,10,2,0,1,519,253.08
5271,e3759a5e65181040066dbb278266f2c1fa226347,1,2,0,0,2,0,0,2,167,196.5
5272,d7948fad6a73fdefae43cd42193342398a1581aa,1,1,0,1,0,0,0,0,65,105.87
5273,693d5ab09efef8732b857437bf1089f841b5e864,0,1,0,0,8,137,0,11,45,118.03
5274,d8fb23085839a514fbd0b56cc681dd52aac503ac,1,7,0,2,210,5,0,21,820,751.77
5275,a612b9966f3ee020a5721ac2f039a3633c40146c,1,33,0,12,709,356,0,199,2658,2543.28
5276,93d9384a45a1e7d282216d69ead9048077126ce3,0,2,0,0,2,2,0,8,34,175.99
5277,9e7c6645f0f0e88cdfd092d72e810cd52352ca63,0,1,0,0,4,0,0,14,150,89.45
5278,02a3dfdeaa4d7af7257c2526c6570a28be876c86,0,2,0,0,3,1,0,7,1032,246.92
5279,21480e29a10ada9ae25e11731d0295ce8dcc5665,0,1,0,0,6,0,0,8,387,120.42
5280,885d543be8a8c0d1acdffa0003e394347d5376ef,1,0,0,0,0,0,0,0,0,782.32
5281,9f52422350e145454d4b6972741944b1fd2185f2,1,3,0,2,2,2,0,1,215,306.93
5282,760a0d9e7fd9fa88e9f7408b137d78df384d764f,6,73,3,19,93,38,0,112,9420,3422.67
5283,6d53bbc4b92e651786ecc8c2c6dfeb8e450a16a3,2,8,0,0,61,37,0,40,778,686.86
5284,e7586c3b2d995be164100919d7c04db003a71a90,0,6,0,0,514,306,0,77,848,806.24
5285,7eb58773eeccd248127124ded64383055842668b,36,2,0,0,94,3,0,0,108,2041.59
5286,a3415028dd7bec24e170c0d8a3531b19c021aaaf,0,1,0,0,26,1,0,15,45,112.58
5287,af799883371b7a78c48f227b25b7a0b099dabf93,0,1,0,0,94,34,0,14,638,216.25
5288,c33325e3ffb9acecfc9c562b21a3ac703bae983d,1,21,0,1,583,353,0,87,1718,1556.29
5289,0cf04108f70375d41ebb7c39629db3a081bd2876,3,16,1,0,84,46,0,121,3740,1537.9
5290,f315c5700a6df85e4ac9a95585fc7efe927f3d44,12,0,0,0,0,0,0,0,0,622.49
5291,342db48b03eceee20d9ec54d97f33054fa0627e8,0,1,0,0,0,0,0,0,14,11.68
5292,409c346814ac8d8fc3498e94b25b6e340be75dc3,5,0,0,0,0,0,0,0,0,226.7
5293,f2f5bd5bed2f737b8418be09359691e899462184,0,5,0,0,61,138,0,23,933,506.36
5294,427de663ce3d27c02cdeeef8375d1d04bfc67a4c,0,9,0,0,0,0,0,0,1323,238.25
5295,1acd844539d3e0ea19d492d2f5f89e32f29827d8,3,13,3,1,56,0,0,0,683,633.51
5296,2728f924cf64cd62929b8f0e394a1d4335af8156,0,1,0,0,59,6,0,14,726,225.08
5297,f0d543f8cf95efecef88c77155456104a6d742b9,0,9,0,9,11,0,0,0,706,496.15
5298,e40e29da9b68ec6da59f7b5372cb1483283c0530,0,3,0,1,54,130,0,8,957,303.65
5299,50d8797bba926d14b0873be3972e7f97b306f675,0,1,0,0,0,0,0,0,50,16.9
5300,e7d78e63ae8e0fc49ad62a77dc4dd90afde85d49,0,1,0,0,0,0,0,0,212,791.11
5301,2dcd27f403c2a7f10791bfe21c45e2a326aa46a1,1,4,0,2,19,9,0,9,229,466.2
5302,6c061684f93ddcd375f37d3ef71f6dd66783df8b,0,1,0,1,21,0,0,0,145,124.15
5303,1b93b32426f6cf6ef344880c4b45f78e983bd7de,0,2,0,0,3,37,0,15,308,155.35
5304,716d832098b47ec19c6f5c675eb461d3ba96f60a,0,2,0,1,4,0,0,1,52,131.63
5305,51ff4a0867179d8b0e6c4dc07df46f871063b511,3,0,0,0,0,0,0,0,0,179.31
5306,5f993c65eeb1ae0d805e98b14bcb6603f9bff05f,0,2,0,0,0,73,0,0,129,91.93
5307,8673ceead4098b6157e90c25a46d7cf8f39a11fb,23,2,2,0,0,0,0,0,121,1123.03
5308,85fcfc4d43feddacb76f2d14229229340174fed8,0,3,0,0,0,0,0,0,158,40.91
5309,08e4bf9440a566c874c2b8e74ae2127ff264c672,8,1,0,0,0,13,0,2,623,610.16
5310,70181b28cf17e25b4b70f21f718ada2537cde2b6,17,0,0,0,0,0,0,0,0,815.69
5311,e29ac036a76cc78ea608ffe1f0784ec15e351c60,0,3,0,2,12,0,0,0,75,126.52
5312,7498d3e35a29449270a88a30eb32b7de74887f5b,0,3,0,1,14,6,0,1,168,213.31
5313,b3231acaa445994a4bd234482364bb74b4bffae3,8,10,0,4,39,0,0,50,1835,1212.64
5314,d636bf78edffc490586b99f259beac1bb039f580,0,6,0,0,0,0,0,0,569,101.76
5315,7478cba170d1af4fe6ac6882b7cf457f989fed43,0,5,0,0,0,0,0,0,177,48.35
5316,06bf4bf3f465b1c019b40dfd7c1662507d7fa2e3,0,1,0,0,5,0,0,0,5,42.89
5317,0d53daa2f158cc42c9d18488bd5bb98382650756,0,11,0,1,58,20,0,5,1335,463.46
5318,00888853b06edda2e8e47fb551cc4bd6c93ee97b,0,9,0,0,81,0,0,0,207,360.59
5319,e48a5f19e82ea71ad9c5bf94173299352233ed17,0,1,0,0,1,0,0,1,100,80.87
5320,8330539e4770ce36576149410d66122a81daa03f,0,4,0,0,15,10,0,53,766,1090.36
5321,4f5dbc2edcd3e3a403f2ecfe0cc0bdd95b26b177,1,0,0,0,0,0,0,0,0,97.08
5322,445d5e3e6084dd302a6c923d04b87c4ad5273da4,0,1,0,0,0,0,0,0,224,45.68
5323,eed6f0f7e9d6521755d870bcb73fae282b958e2c,0,5,0,2,1,14,0,5,710,312.48
5324,55a88a4bffd5f2ebdae48e5d96d4e9663f0cabdc,0,1,0,0,16,0,0,2,117,85.78
5325,4a69f72a3fa3cfc17cdc473a0c45099416a0ecb8,0,1,0,0,16,0,0,0,42,49.69
5326,6ef08cfeb78d8d3b2ce4ad238a2c84e82d577a66,0,1,0,0,0,0,0,0,33,15.26
5327,879bb1bb029ed37e33adc7a655328940135cfcb3,0,1,0,0,2,0,0,0,31,47.95
5328,ac2137cfa5e63bd4f53a4b7669dc591ab210093f,0,8,0,0,61,2,0,34,644,562.47
5329,09b428bd65819b946cf82ab1fdee305eb5a941f5,5,4,2,1,248,260,0,46,249,812.22
5330,15f52112af1e3cca86094b5c6c1ef31157e073df,0,25,0,1,24,3,0,1,3921,921.5
5331,a1968f03e7c57f69163459625ca168add4c4822c,0,1,0,0,1,0,0,6,392,113.32
5332,c81151e4e8456104b4051b3b30306acca5c700d2,0,1,0,0,0,0,0,0,0,10.52
5333,fd3dba6eef668ca8885523e0d8546603da095825,0,3,0,0,0,0,0,0,328,55.71
5334,b48d2caf4a18d19dbb3f78cbc59f8920908f9120,0,6,0,4,7,9,0,6,845,447.54
5335,c532638a010d75f97184314ee86fd070168c6837,1,1,0,1,80,0,0,0,197,235.2
5336,48b469ad4f0da466b347071cea82913965645de3,0,55,0,1,228,192,0,134,7539,2282.06
5337,ec38a212e9ffa799f6ec20166179da25d5d240ba,3,0,0,0,0,0,0,0,0,203.21
5338,bbd02d24bc7547e2c9384d713b20f86682cac08c,11,4,0,0,59,13,0,40,1875,1088.7
5339,08b075aa5d5dbc90e909f1bbc3f81712c0604615,20,1,0,0,40,0,0,0,60,1142.68
5340,9fccd6e5d626455174c830ba32eff06e60173020,0,1,0,0,0,0,0,0,35,755.75
5341,e64237d8f11edbe713ca390fe01bb7190a2e6cb0,4,4,1,3,0,12,0,0,132,468.54
5342,c71675f7cbe7e538d62bf1491aff69b369eda9eb,7,0,0,0,0,0,0,0,0,394.07
5343,8ed368582a8550ccb5941dfd4e8412dad8ca34c0,3,6,3,0,4,13,0,1,201,531.12
5344,91a845d05671ac9d1355e1c548c8e6a229043430,0,1,0,0,1,0,0,1,134,79.83
5345,3080ea48cf687893b0823f34b1e1716343d72167,0,0,0,0,0,0,0,0,0,18.98
5346,4b5a789000a903c84f89b668a4cbd2ba1397e758,4,24,0,0,991,121,0,94,2008,1930.27
5347,96b353d98f6b6d441ebedf69ec12cfa333a1d7c9,0,1,0,0,0,0,0,0,674,114.85
5348,c5d1d1232a2693e2f672159064f9eebdb912aca1,1,1,0,1,0,0,0,0,38,141.84
5349,632996fff4113e4f565707aa63ca216c66a72cc4,0,7,0,1,695,143,0,82,1294,946.92
5350,6c0c0a54a2f47780b338c79023acd0566007e709,0,1,0,0,12,6,0,3,133,115.73
5351,8da1a75ceb30ef1bce27a2426dab3a0f66b94b64,8,4,2,0,23,1,0,8,745,814.34
5352,1b327f1ae7d078e22700729524e374b449b0f209,0,2,0,2,29,0,0,0,261,168.08
5353,81aec4109adc18f4bd4d1ddb91892faed10f4f14,2,2,0,0,8,49,0,17,329,233.71
5354,9cc629662a34bd9cc6310556a321dd5144a60439,0,1,0,0,0,29,0,0,202,61.5
5355,707606ac40dbbbd497fcbbb5442870fec5468bf3,9,29,0,27,231,49,0,55,1209,2349.28
5356,017106e140f3c17ebaaa0507e1dcbbc445c8f0ac,0,6,0,5,13,7,0,10,485,557.98
5357,61d69a229b40e52460f26804e4a36cf12e150004,0,1,0,0,50,44,0,7,349,170.87
5358,fc6dc487ada50831ade6e21ca71f201bf419c6c5,1,12,0,0,21,44,0,18,910,643.09
5359,1f04542e861f9c156d7b5c1f6db72a74e08d7a75,5,20,1,4,114,36,0,3,2025,1308.43
5360,98a939552e12fc699ff39111bbe877e112460ceb,0,1,0,0,0,0,0,0,327,798.73
5361,d34bdaf7f1de4dd4f742867e6b9e879c8b631765,11,21,1,5,44,8,0,20,1359,1593.05
5362,149e7a01445b4ba494409472dc8b0b15c7221e9e,5,25,0,7,450,153,0,0,1165,2455.59
5363,875d4d238567a0503941488eb4e7d03b38c0fc42,0,3,0,2,103,3,0,19,887,614.24
5364,5a7f4e3395bfb06da496584be88501c328f6ac1d,0,1,0,0,0,0,0,0,206,36.09
5365,bf256c7fbe05accdadc8470013879f567341d1aa,0,28,0,0,57,45,0,63,3311,1482.23
5366,36ad78c0821fdae0a69371c67602dd2a7955e4a8,0,8,0,1,40,14,0,33,618,442.83
5367,4d41bd8fa787315d203bb34973f8608d84c5b6ac,1,5,0,0,19,0,0,6,460,380.63
5368,d3e3bd528ed972680baebda05acce0bf39af6798,2,3,0,2,19,38,0,5,56,554.04
5369,5b0287971fa2beda360105d96e7bfbc7a110fae7,0,5,0,0,11,13,0,8,217,337.5
5370,21454973ed4edfb3e27bc50ed0279f5708d54fa2,0,22,0,0,100,321,0,5,826,1772.5
5371,b0acd97935cd21843bac3b9b5afa3662b52bb95d,1,6,0,0,3,1,0,2,305,176.77
5372,6db9e6ae5c2f4968687a3fcae0520e05442bd9ab,0,2,0,0,72,0,0,10,405,179.3
5373,23d1cba72859339bd3ee8f877b031353380c87fb,1,4,1,1,26,130,0,2,404,393.26
5374,38362c40bdd2e9a350630988c534b2859854d379,0,1,0,1,3,0,0,0,51,78.45
5375,a909adbf29fef093d78436770e742aaac3a3ede5,2,29,0,4,444,50,0,161,2437,2341.55
5376,af07eed8e9bed76e54aab04fccc9c424b1e02fa0,24,3,0,0,8,0,0,0,312,1416.28
5377,63c9b8e70877fb8940b44c7870f3e75101349b15,8,16,0,1,199,6,0,72,2462,1602.79
5378,775a78784b212bd1dedb9bcc21b61c4c21841209,4,0,0,0,0,0,0,0,0,205.82
5379,329610d571a62c143170f1324d8db3b98755a9da,5,4,0,0,7,0,0,4,330,353.83
5380,490e7ebb6c1126c13aa79865d504eeb63015cde1,5,1,0,0,0,8,0,0,126,1150.09
5381,651155775e74473f0adb3847b282bd4a8b636640,0,1,0,0,5,10,0,2,76,110.49
5382,da23ee38e5b36ddf26a6a5a807efbbbcbfe1d517,0,4,0,1,122,101,0,48,603,461.72
5383,86a803366e1371ad5af539b74565e7b8ea102580,2,3,0,0,65,26,0,5,207,445.47
5384,b201f8664c9814b6e0a0f5149338effff49d4c88,0,2,0,0,2,0,0,3,445,140.13
5385,34a8b03d2ad40db7dc00fa47923b96374c289838,0,16,0,1,96,150,0,48,2053,891.41
5386,c78b3c49e0e82874cbfa71e88bf28b99ed395610,4,56,0,2,228,143,0,170,5144,3429.5
5387,1bbc1fb4d7b8701c38e6f6a78f3709448181d559,0,2,0,0,6,13,0,0,53,108.25
5388,65ee28c3427b50f8b33b0d77de5e6c6982233c22,0,3,0,0,11,51,0,24,625,271.34
5389,2218cb4c1f21479704ff51b1841d8f1ffed67add,0,2,0,0,0,23,0,0,424,138.34
5390,7160a681240deab693aa4d69c24c4a8a63bb58ba,4,13,0,1,3,49,0,18,393,485.08
5391,3ac080f0e51a645130f39ca7c11622de817aafb2,2,0,0,0,0,0,0,0,0,112.52
5392,479be148ff3ee9369a5f05d7db589605ee088d18,6,3,0,0,106,46,0,56,975,671.97
5393,f0387aca4eb05c19e7cf37edd1701b151f11d637,0,4,0,1,221,189,0,2,162,333.92
5394,cfffdc87e3a3ac8aa7e33db87223df7bb7c8aef9,0,1,0,0,0,0,0,0,327,51.43
5395,ea64921f8b73c38af0362ab4a116ed0cb011ae1c,0,1,0,0,16,0,0,8,73,83.53
5396,5758c91999efcf45457e4c25d4a75b13ce13e486,0,2,0,0,0,0,0,0,73,25.33
5397,1a6bab3ef76805685044cf4521e32315169f9033,0,3,0,0,14,19,0,20,413,220.57
5398,b08b64abdb7c9bd7946e9c36e63ec368a1ac5032,0,1,0,0,0,2,0,0,52,43.32
5399,e90ea9cfb030f938fc4165b907919e9f4aba01a4,0,1,0,0,9,0,0,0,336,93.32
5400,b67e508d02906cdfa48205a30dc9aa2b5d7222ae,1,25,0,2,380,259,0,45,3115,2233.55
5401,17dfd68d05be991b58ffe4b9252b09ca61ec8f05,10,13,3,0,430,251,0,39,556,1556.69
5402,d760bbc962ea34983f3dad5e72fdb9d6a3d41c15,0,3,0,0,51,35,0,25,161,285.74
5403,042ad7b9020dffef5c6861d41170a6e96579cd1f,0,2,0,0,0,3,0,0,18,42.6
5404,b5e2e3637a85bd690d2e2c0281d4c210cce1d95c,0,1,0,0,0,0,0,0,230,45.07
5405,6420c1c264ed3ce0c32ba164c2cdb85ccdccf265,1,18,0,3,201,21,0,39,1679,1136.39
5406,6cc1c179af5e48b97d66fd3bcbd23f6704d43f62,0,3,0,0,27,38,0,4,234,232.89
5407,cfe629340205586d54115143ee30428c1f772abc,0,2,0,0,3,78,0,18,781,226.52
5408,819fb2706028d9528bb1e424fa81ef85fdc26f48,0,3,0,0,30,39,0,11,361,316.4
5409,2bffd7b9e558b0ee7efb1bc23b1047faed48c4be,0,1,0,0,17,8,0,5,21,105.56
5410,393bceb5852ae42adf5a1760cb3c1846eb431041,0,1,0,0,0,0,0,0,14,12.35
5411,76dcbd458817566166022c400c00df972043453e,0,1,0,0,5,0,0,1,33,74.04
5412,279777f2f265405236bf3b4ab7b974e80f84a4ed,0,1,0,0,0,0,0,0,409,61.65
5413,b9f42e91c9415dd6063079df00c142334b74e636,24,12,16,3,95,121,0,4,1335,2740.78
5414,fe0eb602d2e908d116d71018bb141e5c748c780b,2,3,0,1,38,3,0,20,658,452.43
5415,cb2b76dc4c999398133c392c9fa4a8ef82e90fd5,2,4,0,0,14,6,0,1,295,320.18
5416,ee3c7a88bb74232e4884899699aaa08ae2b6e038,14,8,5,3,205,9,0,12,385,1384.11
5417,4810910431e01bf143ae77a6e93a86f2fafbccd0,4,9,0,5,32,199,0,28,1730,1115.02
5418,19ff8db6847be65c60659e5f6e371fb9dacf1160,0,1,0,0,12,3,0,4,81,113.94
5419,56cdec7d81a53f9ea9578ca274c149f9758b5ffd,0,2,0,1,5,4,0,5,126,134.98
5420,9e540daf6e44c386ca82e6818f87d634be316e6c,1,2,0,0,18,15,0,51,277,1074.98
5421,10495852370fed3b7683d428f6c2cc7470b3d8ed,0,2,0,0,37,81,0,4,315,168.58
5422,7206b0ed2adb10c94e1ffd3dbe851250b44edcf4,1,6,0,2,56,0,0,22,1262,625.62
5423,e7dfa28947f1582ab0b60ab9483b3fe06017f1ff,0,1,0,0,1,0,0,0,62,48.45
5424,ec6d97528e8b21f191b7922e4810fd60804c8365,0,1,0,0,56,57,0,29,262,148.25
5425,bce3a68d97f759a7f5731daf7dd25886f6b4d1ba,0,18,0,0,14,0,0,26,4776,871.39
5426,07a7b73be71d286392cdb83540f87c2b715c7a14,0,1,0,0,0,0,0,0,396,58.37
5427,fc4abd7fff5fa9bbfbd2196e61bf696a1dd57ad7,0,4,0,1,33,71,0,46,639,471.26
5428,62cb954d989e3ed36f6d9ab7daeff93cda64adbb,0,25,0,1,75,222,0,11,2398,1140.74
5429,a0c3b879b25b5e935e9540422b50bbc031a20735,1,3,0,0,16,0,0,6,277,264.64
5430,7f9580061177e81b8969bb071db0e21d588beda6,0,1,0,0,43,0,0,3,138,95.3
5431,0104a9260353e9a044504b65d480c83a7d3799fc,0,1,0,0,2,0,0,2,29,75.75
5432,62c5a3c07f8e10bad305316b2a1bf6d91620e9b4,0,1,0,0,81,37,0,15,306,162.48
5433,87195a89ef7bfd6637eff0375bac6ded8a3ca9dc,0,1,0,0,9,0,0,10,892,244.76
5434,9c15406400af16861be8cf08e60d94074addbba0,0,1,0,0,0,0,0,0,0,15.67
5435,6615ee70c677914e5b8c6f251ec0b93fe0991472,0,1,0,0,1,0,0,0,178,60.09
5436,d43bf8d9b3085d1341bfca61e05c2a77e5426226,1,6,0,0,0,28,0,0,178,189.72
5437,8803d15e886dac1f747a04573c03e4aa19cfe91f,0,5,0,1,0,13,0,4,245,122.14
5438,3b593632dd162d951281fab8a8ed8c6bc2b07b39,0,3,0,2,20,77,0,30,899,505.45
5439,bd273a8f435b222eb67840fb39b854ec9ef8602f,0,5,0,0,11,4,0,32,705,387.02
5440,5b2ad7f03ef67ce529551e7b464d7db94e2a1d90,0,2,0,0,44,11,0,10,661,1020.98
5441,9487fcbfbae85caf82729e0dda5403fab2fb7d84,0,2,0,0,8,8,0,10,73,203.4
5442,90cfe0a7b499832cebc2a53f7b066f83dde17de5,0,4,1,0,114,31,0,14,1382,478.19
5443,0483ba583c7790d13b8035c2916318a2b58c67d6,1,13,0,5,157,130,0,121,2044,1266.19
5444,8f6876218bb1335e95ab04fc608ce21959889e57,0,1,0,0,0,2,0,6,75,72.49
5445,123be22765ebf32a26e3b74dbbd00a36999a5862,0,1,0,0,17,38,0,10,53,110.09
5446,6b7bb7614848303d31811496fcb7107a78d448c3,0,8,0,3,0,0,0,0,859,242.69
5447,2028ba5ae0f92a27adfb9152d77ee724a8b15d9f,0,1,0,0,15,17,0,0,450,129.72
5448,fa42cdabfdd37fa3c2f86198ca04d37113ddda00,1,7,0,2,314,522,0,31,248,721.21
5449,53630da01bcbfe05eda90869b1198b4e1c554a86,0,2,0,0,57,7,0,8,269,211.96
5450,7324b9c1703e4673a98c8edb3f09465d0ea9cdfe,0,1,0,0,0,0,0,0,49,20.95
5451,a9733a9ae0b063ab51b5683f1d80c6e10ae2aefe,0,1,0,0,0,0,0,0,151,29.24
5452,6c6b17b4d47d281b0e5dcf4413fd1ad53ce49eee,0,1,0,0,4,0,0,2,176,95.74
5453,f0ac261add2eb184358d5b89bc90b13aef7b267d,17,19,8,4,252,63,0,66,1909,2298.44
5454,8d589623d2c2d039b014bc8783bef25351ec36ce,0,9,0,2,90,64,0,2,1491,625.59
5455,a3aea27983d23d48bbad92c400d4cd42f36fabd3,0,1,0,0,14,28,0,2,210,125.08
5456,b674fd57e62300f6f26a3e68501bd54bb5b9d156,0,1,0,0,0,0,0,0,318,48.78
5457,a3a9fd1147aa926987420057f8305ab498519a45,6,10,1,2,66,37,0,5,452,896.93
5458,9178076db2ba352b25c541b0bf3ec4504ef0ba6d,0,9,0,0,24,1,0,16,819,383.99
5459,f722b73772eb66cdb79a288300e38ff7026c7e1f,0,6,0,4,1,12,0,15,501,361.88
5460,7ab6837fde3adb588273ef6bb8f4f7a215fe9c03,0,3,0,0,37,58,0,32,896,1046.73
5461,bdfcf10c4764b44575844730fc9d900ec42a8dcf,0,1,0,0,2,63,0,3,29,110.01
5462,7fb94173e38bba25c4caf121f6105c4556d1983f,2,0,0,0,0,0,0,0,0,157.71
5463,7ee0425a3467f9cf8d1dc967c99b5bb6c29c1745,0,1,0,0,2,0,0,0,117,69.5
5464,e34fea53b69cd7c40eca716e3f2d7a68ac3cbc18,0,3,0,0,3,0,0,18,1513,437.67
5465,b40cba60901c3e84808bed96623917ee39c4ea15,0,1,0,1,0,0,0,0,123,72.67
5466,f8cd9ba8c4c528c316d99aa7c5c9a35b2f2dab47,0,2,0,0,0,3,0,0,142,59.06
5467,5c0c7e36e8984dfd29224389212d2d04e24b4c8b,0,1,0,0,0,0,0,0,192,32.52
5468,ac06146719e1061aecdc7f18c95913ac9009a711,0,3,0,0,117,6,0,14,308,207.73
5469,abb4496781883937a935113c1e33ae1174aafa73,10,2,0,0,0,6,0,0,67,520.73
5470,254379b7809447cd566bd1d1e9bf3b51aa3e9d99,0,3,0,0,92,20,0,9,202,233.13
5471,d17fe4f636b56f2200444c59a0dead9010dfaa5d,2,3,1,0,0,6,0,0,83,218.85
5472,3d8d1920f78f7c657fd933b2e83b45e111efa18b,0,1,0,1,0,0,0,0,29,43.35
5473,474ec9660c528af8e19898114656fccb3e4747af,0,3,0,0,20,0,0,0,207,115.02
5474,6c5eebb7e40439310b6949e35b67c72a3dc61c75,0,1,0,0,1,0,0,2,19,70.23
5475,4e6d89ca20f6888cdda911e8d90baec19245b6cc,0,1,0,0,22,1,0,3,110,113.24
5476,a710fc3d58014a7191de61fd5d6370de97c9e75e,0,4,0,1,77,0,0,2,310,299.21
5477,aaa6c7aedadf919f585bfc3a26c2bca71a468450,0,3,0,0,0,0,0,0,355,58.11
5478,70094a1818b532f4e0ff31f5debc550ed4336286,2,8,0,0,112,36,0,4,475,571.25
5479,790a654c5e08e0e54f3e02499be4dd8c4006227a,0,15,0,1,30,72,0,24,937,585.09
5480,662b4586856379f9baf19862721ad99a20e74d13,0,3,0,0,1,3,0,0,70,852.68
5481,f1d79f1d9b910ecadc3185929055ba95c8cad34e,3,16,3,0,457,355,0,24,783,978.44
5482,2477161352e12e75e2f0f85b5833ad04dc6d31f2,0,2,0,1,0,0,0,7,69,69.51
5483,bc3a96f5e9fdd0c621b78c9835d3eb9fad988e90,0,2,0,1,0,0,0,0,36,31.09
5484,90fdae452b6a03fafd4ec7827030d78ae87dbcd3,0,1,0,0,41,22,0,0,63,85.37
5485,41f58182289226850b23c61a32f01223485d4775,1,14,0,3,126,30,0,78,2223,1169.57
5486,74b09ce0db4d24a0ac25de2ecac391fdf8bd5a90,1,2,0,0,18,4,0,19,137,252.23
5487,435ffd9c06c435af382323963cd04a850e0148de,0,1,0,0,0,0,0,0,122,27.34
5488,cc9ee2cc37ed0c7a7f9b0c50cf5edca63e289e1a,0,1,0,0,0,16,0,7,509,119.61
5489,63859c648a2a0ff024228f6e0687d837b8896322,10,0,0,0,0,0,0,0,0,555.49
5490,177168b2fdefc3ca961e9615ffe04d5fe08eca08,0,4,0,1,5,10,0,9,580,323.1
5491,ca5016ce526155ffbd178d47ce0d514752cd0007,0,3,0,0,0,0,0,0,73,31.73
5492,21d6a292844521c6f2665a9f5b0f2867659afe5e,0,1,0,0,0,9,0,4,125,87.05
5493,cc60ba42b46df85ececf38d69af2201449e9318c,0,3,0,0,0,18,0,3,188,155.93
5494,273f54ba4357ccc4e4ade35b8967f0fa607a1ea8,0,17,0,0,48,19,0,15,2280,802.76
5495,565f94128fe7938afeb69bcc75963a340fe9a82b,0,6,0,0,26,0,0,6,457,348.73
5496,de6a3d33ecfa689fd0da1ef661bbf6edb68e9d0b,0,36,0,2,80,342,0,220,5997,2118.85
5497,e9a067229d787c3e874dc40303ac8661045cc54f,0,6,0,0,37,0,0,0,325,203.73
5498,91d5c63a717d8786506c2d791bb4683838f699d8,0,1,0,0,1,0,0,2,32,68.76
5499,2837c60384e94ff3407802a5dfd3b60aae1cb018,1,0,0,0,0,0,0,0,0,56.16
5500,e2ef74ea5a854555f86aefbd8a6b1889ef188ff1,0,8,0,0,114,43,0,1,358,1250.16
5501,082d87e5139a10fc34ddb3072d15c1a4747117e7,0,10,0,1,55,3,0,70,1506,637.44
5502,2648bc1a5a5faed8c2061bcab40a8949fd02751c,5,11,0,2,78,46,0,17,740,1040.75
5503,239168316b4b2999aa574b1a7124c96ddd05063f,0,1,0,0,0,1,0,0,54,50.01
5504,a497ebc80081b0d240e118456873d8b918b3cdc8,0,2,0,0,5,0,0,2,36,81.65
5505,19dae21b00cfbf68ee64af80672d25974a3cd346,0,6,0,0,5,12,0,9,515,343.62
5506,ad8e665f0607414b0ed50eab01e14c1446e86569,0,5,0,0,38,17,0,3,384,274.07
5507,25b6f22490550f0e1a6defef6148c35b69c009de,0,8,0,1,53,91,0,12,1273,618.47
5508,17589d454d00efa43cdf6116ea29ff4f513b6f20,0,3,0,0,54,20,0,9,727,301.97
5509,54f02ec7bae56a0559a61b981d0c88885090b128,0,17,0,2,174,68,0,41,2063,1160.92
5510,ccd4fd9d5c4be66d19de01dd616042180ba46cc3,3,9,0,9,42,56,0,1,409,681.55
5511,f81cda38b216a3eeec7f124de5e44ddbb361f4ad,0,4,0,0,6,21,0,10,1014,336.36
5512,5dd85e2867a639e10891209dd59be0136a19ecfa,1,5,0,0,10,32,0,6,726,381.84
5513,123c637e804bfdd6569051cf705ec73b5cb95352,1,0,0,0,0,0,0,0,0,52.5
5514,58850f29243559c67bdc07c737bc5772c3f098db,5,11,0,0,131,2,0,77,651,1122.38
5515,73836f7ac07399e47c506db6c1ef5c0a61437e9e,0,2,0,0,18,16,0,4,315,148.45
5516,f52d11af65d962fb79fe365c71938afae3fcbc11,0,1,0,0,3,0,0,0,39,48.45
5517,2f9a28ae113f0e941b8bf3676ab84e1492fbf26f,0,0,1,0,0,0,0,0,0,38.8
5518,e3fec1f9ad737c01fc5c22bd0c327bfce91938a9,47,29,38,0,72,39,0,2,2849,4047.35
5519,b3fa459d4c9657e95fdc875d2566b57d48a0a027,0,1,0,0,0,0,0,0,521,68.91
5520,e4fe89d6e454dbeef020feb6ff6c989c8cb0424c,0,7,0,7,0,14,0,0,359,1089.16
5521,9bcbcf4a5d75de65671bf4cc4e1e3129d386a29b,2,14,0,0,86,115,0,96,1737,1199.27
5522,2818ee00974da917785074812e6e994b98ff52f2,0,3,0,0,79,0,0,3,270,187.8
5523,502ae585c13b67a2510ca27d5b02fb09f288e15b,0,2,0,1,7,0,0,0,54,102.51
5524,b6f9308c9841db1e775358da50a8498409cde298,0,1,0,1,0,22,0,0,47,79.53
5525,66d4b8724b9e9b09225d2bbd3132dc2efdcf843a,1,1,0,0,2,0,0,3,114,140.59
5526,5d7e949fee399aacc51c9aba3f4e51444e1a416a,0,1,0,0,1,0,0,3,152,84.0
5527,4b1a9c72e99125680035e5dadc148b187d9d4124,0,34,0,0,31,0,0,32,1284,728.53
5528,0975d9f11dc09f8b1ea420d660175874d423cac3,0,1,0,0,0,0,0,0,31,14.73
5529,cbbd80033204a922ccf148c5ac3f1be6de0d810d,1,15,0,0,74,21,0,0,450,650.64
5530,94d1b63c05ded616120e8283f584a7affe7fe744,0,14,0,1,369,174,0,126,1448,1010.67
5531,c8f5745f251cd8f927b2b9d93e8cb6105d3be226,0,13,0,0,34,58,0,19,566,777.46
5532,3507d59f969485dd735487e6bf3eb893b2e3d8ed,6,11,0,2,21,53,0,37,247,795.36
5533,5c02988b05c56f524fc8c65b15e16b0c24278a5e,4,1,0,0,0,21,0,0,26,249.16
5534,5eb0e38fbb346fea05932c3afc24a2d071e8974f,0,42,0,3,170,498,0,113,5566,2539.39
5535,2a20229b56997ff1249a879acfb2bcca4323b0a1,0,2,0,0,18,0,0,0,283,120.07
5536,ec975aaba79449bd93020f296b05ea509ea57bdc,6,41,1,4,682,188,0,140,7025,3087.27
5537,f1e9daece516db98aad15818e90e4e3bf78a6e13,0,1,0,0,1,0,0,2,108,77.77
5538,e45096867a9542a756443310a535a971a6a29695,0,1,0,1,0,1,0,1,64,109.88
5539,0f92a6b575cefcb6d5e9e151f6651ff31b126c7c,0,3,0,0,0,0,0,0,165,42.62
5540,67be9e074e2eb327dfe9e817b625a0f6350d8da2,0,28,0,28,0,0,0,0,1391,1808.07
5541,b5d58934d7124e0076e588e74485a60e7c1f484b,0,2,0,0,29,0,0,1,195,133.59
5542,4b8f28825757a5501f02135d34eb7daced0d108d,0,2,0,0,0,11,0,0,506,123.35
5543,36c09b0996404eac47abfc3ef8387a5f353f9756,0,1,0,0,0,4,0,3,11,65.35
5544,a1fef27b9c9ddd03b3de9bfe35f1d9e7d973c756,2,1,2,0,0,0,0,0,91,175.39
5545,31837a7571dd79795a75d74e3b54245cb720a57c,0,1,0,0,0,0,0,0,91,24.48
5546,ff777084ba2e1f1070ce5ecbc5afc122756ba851,0,3,0,1,42,0,0,6,938,316.87
5547,3f8727921e944d1d89714f5885c2de63681d51b2,2,4,0,1,32,30,0,18,317,408.61
5548,8c11056147d8d0aee8f23c23c1b8e034bcf51bdf,38,0,0,0,0,0,0,0,0,1351.42
5549,c9b0dad89b79f11ce13fe78f8a0823b8266f930f,0,5,0,0,67,27,0,19,1711,583.28
5550,4cc38fd36f3190f9c0066e9cf94580669b2410cf,3,3,0,0,136,15,0,94,912,494.35
5551,2a4b22295353ee9790788a87832491e4a8f46a5e,0,2,0,2,0,0,0,0,21,43.91
5552,8d4a64d7afd33bfe56135c06501adffd241348bd,0,2,0,0,8,1,0,7,115,136.51
5553,087000751bbb08cd90cd9bb10577ddc4739f9628,0,1,0,0,3,0,0,1,168,87.42
5554,2ab6d4626c571b1251e1ff828ec03a3b7966c712,0,2,0,2,0,0,0,0,38,59.94
5555,a2f9aabac7606199c640d228cc432e5242330bc9,12,5,1,0,30,122,0,65,2704,1317.68
5556,862e7f0e9b11c8c218b0fe35fcdb192ea205e2fa,0,1,0,0,2,0,0,0,55,43.41
5557,f170e04ab93fba75c517b0f9184587d7b306113e,0,1,0,0,0,19,0,0,85,50.45
5558,27232fe32884e339c907a2c644d00e3dda055cec,0,1,0,0,4,0,0,0,199,82.25
5559,76ca1a7955fedd8583a0af12289a14d0f1bcf868,6,4,2,0,65,65,0,45,968,836.61
5560,01ffe34c682c5f22928fbb476896600d0177d84e,3,36,1,3,117,20,0,42,4025,2555.18
5561,6731ec1e48d0a0092dd2330adda73bcf37fda8d7,0,25,1,2,485,371,0,177,2486,2047.7
5562,cd94aad0c8a418b76412da872dcd2abb5def4dfc,0,1,0,0,0,0,0,0,313,51.75
5563,c5a9a3eb0061014fe59086505130596e924db7f9,0,2,0,0,0,0,0,0,23,15.81
5564,0b2a7f74a9de22d7b291de5d205cc86dfcc4e191,0,3,0,0,3,6,0,5,61,141.2
5565,13ff76db13b5d89ed5678c76e6af482b5954eca1,5,12,16,0,21,29,0,6,404,1068.52
5566,26ad18a43cc57803f993ac81d4cec9e894411974,7,11,0,1,109,25,0,16,157,842.42
5567,516ad011865ca5beece273ca9b985e2861b3435a,0,3,0,0,411,0,0,0,1206,353.67
5568,09774626086564b184abbe09776d3b7033badd20,1,8,0,0,439,155,0,4,1075,651.04
5569,f8b162e8f36373e16916798e3cc899c190561967,0,2,0,0,66,8,0,25,561,283.47
5570,47acdeadf3ccd326578306453dd10ed3c147a4e6,4,14,2,0,39,516,0,14,2435,1074.2
5571,f28e5ec9cf1c1ea8fc8b6662c507239a8a9bc71b,2,4,0,0,7,15,0,2,166,269.41
5572,c9a43bc0f8eda7da65af3a695cd8f65a85668962,2,1,0,1,0,0,0,0,32,139.19
5573,e7ac74087e7309ad049f67fde8326c77518044f8,3,6,0,0,31,57,0,22,216,538.91
5574,dff986dff9af4ce23d5f98306044674d009f2649,0,20,0,3,37,5,0,1,1041,530.81
5575,4b7ab28b7ad75488a53543da413fbbb98f296104,0,2,0,0,0,3,0,0,64,49.84
5576,79cc30f3d5ad84d860236cdd45711f67d9f9278a,0,1,0,0,0,0,0,0,313,59.92
5577,8195001bbd54ca375b3f1e4e6f65974f061cdd44,6,12,0,0,123,58,0,13,891,976.55
5578,9623027afc6a149c2323f1f3164a98b72e3b48ef,0,1,0,0,0,0,0,0,60,19.76
5579,cc7450d1d1ee3b5189d92ba8642c7c6cffdf056a,0,1,0,0,19,0,0,0,85,55.62
5580,fe1ba328a644e947922dc50c53f2e6a7d81b90c1,0,1,0,0,13,0,0,0,64,840.64
5581,a903f171a53a6ad0e25bebcb298bdf7dfedd06cf,0,4,0,0,66,58,0,1,26,238.56
5582,b7ae3e53382258d9f811b6c34cd0df9564b00370,1,0,0,0,0,0,0,0,0,75.43
5583,ebda2e0ea05a8363db910c5bd03b0b7cfa5ae279,0,10,0,0,7,0,0,0,242,143.56
5584,f79168052c776fe36dc2678d63ffccf715403753,0,3,0,0,0,3,0,0,526,111.99
5585,1f17886198eb67c8fdb53b96098ebb812029b3ba,0,1,0,0,11,0,0,0,48,54.22
5586,39035ba90ba59b9960bd8a1cb8fc3a89a7dd3145,5,3,0,0,17,0,0,0,51,448.19
5587,8854d75c13a6e7a593baf6d0d5ae4f47c90718e3,0,2,0,0,1,0,0,13,1115,217.03
5588,259a3a5569952458140afc8e9ad96eac0c330162,6,7,0,0,183,89,0,39,1085,1004.77
5589,c0bc96178a698cd306adacd3e06dbcb7ba3b917f,0,6,0,1,21,9,0,0,245,266.78
5590,0492dcc8e2d7fb21ee817f5cf5cc39a8b091ba9c,0,8,0,0,24,6,0,0,284,305.26
5591,59eb4332f31204b118fe95d56bcf3893ae705866,1,0,0,0,0,0,0,0,0,11.25
5592,1619e01e15c45b67f1b5ad16521ce632457d3f28,0,1,2,0,0,13,0,0,18,93.36
5593,3407cb1f80ef04871577384cd50b6220f9fc5a83,2,1,0,0,15,0,0,1,117,193.01
5594,e982e88736178014680f23e3913c3e5ed4cb73d5,3,5,1,0,52,0,0,3,207,470.68
5595,7eb08614df81528a5b3fe8d8f9a4d6dcf5ff4cbc,0,1,0,0,1,17,0,4,333,138.22
5596,b65b400c14fae7c833b657e7e6f38e8e9b7a0164,0,3,0,0,21,0,0,0,141,114.92
5597,1c3666a7bd7f74c718d141b3add6d3445d6e5d7d,0,1,0,0,0,6,0,0,6,36.74
5598,58165d69fb4cd49018031f14bfaf1e17039b36f7,1,26,0,0,25,76,0,1,2844,791.67
5599,7e07bde8c5b33e9985260416fdf75e15df102efa,0,2,0,0,0,2,0,3,272,160.6
5600,720645587bc58a22db6a8d948f91384da2ecb7b7,0,3,0,0,0,12,0,0,753,930.26
5601,863dc180546ee782d30d8f24a7e488f28c4a91a9,0,6,0,0,61,31,0,48,654,373.25
5602,5b4e3d889384850d05665f9266d53cc7a6c032f5,0,9,0,3,12,0,0,17,840,343.14
5603,4dcb754be5614403c4212971c4eeb7e8509368f4,1,4,0,1,18,8,0,0,180,234.26
5604,4e9d1775b5514c87981c78d55323cc2b17361867,0,1,0,0,19,0,0,30,360,116.6
5605,b05ea693984a5f5bf2e53f89d9fbd531e7be83fd,0,2,0,0,0,0,0,0,97,41.18
5606,4e45659a5abefbfbd693e3754a19fab57b405427,0,1,0,0,0,0,0,0,288,43.69
5607,4da40bcb9ea01cb0c5e6fd0d7472dc09397f648e,0,2,0,0,0,0,0,0,435,67.28
5608,c4f9f0d78d65a7ce7290820ae9fb2919c9116e57,7,4,8,0,12,0,0,0,489,942.94
5609,59eeea4ce4fb0361c2f02618f5f4dbcfc6c0467d,2,27,0,0,30,22,0,51,1550,974.02
5610,44f3977e7fee44a3601b651a523c4ab37ed5a15d,0,1,0,0,251,0,0,0,69,111.48
5611,b5ad15fecea171f78912672b5d293542f7c1f5c7,6,1,0,1,0,0,0,0,95,317.87
5612,2b7a8d6846d7e5f03819a9ac6cfbd42e9bd72476,0,1,0,0,0,0,0,0,426,86.06
5613,4779c7eca0f7e91dd5ee38122baa3fe99c8b7bea,2,12,0,0,159,194,0,152,1722,1193.68
5614,8ff451bec58e9f5800eb77c74c1d7457b776cc94,1,18,0,3,237,226,0,145,2622,1691.77
5615,5d0358af46e0f3683224986a7718adca88f504db,0,1,0,0,16,6,0,17,373,153.39
5616,633fd3e5c785edfc5b2f9cfbf33a7b36bfa8d453,0,1,0,0,0,1,0,0,66,52.9
5617,7a539c05a4a7239801f4fa9bc7313e6f30ff85f5,0,1,0,0,0,0,0,0,264,47.91
5618,e51b0527973055c7a41e1255824213782b8c43c3,2,4,0,0,56,0,0,0,51,285.89
5619,578e80e3c161601d22760ef2ea0e52e6ae963786,0,1,2,0,0,38,0,1,268,169.59
5620,b7d83899abfe8175b1fc9e526b6afb2ca7a056ed,0,5,0,0,46,1,0,2,230,1048.76
5621,6d4306186e09be6f2557600ed7a853c33d3ae6bd,1,39,2,6,1004,1057,0,293,6133,3757.39
5622,f44b57ccf8f088f2ad4c1f10f479ed62be17eb8b,0,10,0,0,31,26,0,43,3494,1143.64
5623,34cda87a6e831c6ea62f1a79df08d1efac718d03,2,22,2,3,54,17,0,39,2153,1433.47
5624,842e3e7d13c821fccd599642a417b6328915a366,0,3,0,0,0,0,0,0,303,84.79
5625,a4d1aebeec29aef1dc31d441476e353275cc9fd0,0,1,0,0,1,1,0,2,56,107.19
5626,1b70a25bbb230ed12538d924b670ca344c578101,1,2,0,0,206,0,0,0,85,178.85
5627,b13db273c200efe12f03b2e1328fce595303223d,0,1,0,0,2,0,0,1,29,69.81
5628,78d9ae9ba3ddda4b84d335b07ece7c04b18d4751,0,2,0,0,0,0,0,0,301,60.3
5629,f7ef82b38ce9361b7d705199d71ac684ba4a76c3,0,1,0,0,25,25,0,0,302,116.33
5630,97a83a1fa62c06db19b09104d85c5e2bb850df0f,2,2,2,0,2,5,0,1,150,317.53
5631,aaa474ad8f1d638c3988697dd57446802142119b,1,22,0,0,151,92,0,103,3761,1821.01
5632,78f2a15867734055a9712ea3a27f54d9bed3e43b,5,32,0,1,132,214,0,72,3426,2110.18
5633,bdf9f86c51aa2122441adea6944ce46f393d729f,0,3,0,1,3,0,0,9,834,349.43
5634,fb8f2c935e96c9300a7584e310eb96e8a1f32f7f,0,1,1,0,0,7,0,8,284,136.37
5635,96b6359fcf185f7832f0ea190821170613804707,0,1,0,1,0,0,0,0,18,44.5
5636,1db14fc06198e5519c7e71c418f5277bdc2104fc,4,1,0,0,26,17,0,32,92,329.67
5637,90902914ac4b11f9554b67ad49e0d697a0d02f93,0,2,0,0,1,6,0,3,205,154.61
5638,4a100fa4c9742aaee9593a4a21ce3882e81d3f68,0,1,0,0,2,89,0,14,213,144.89
5639,02b852e3571e46f25fdfc79f43ceb726ddff9ba7,1,48,1,7,82,14,0,60,5431,1812.93
5640,98a01630b531185cedb5696669afa993eddd2b07,1,4,0,3,89,173,0,5,64,1163.28
5641,cb89ba19b5ce09903498efd0ede59cea42f2eb48,0,1,0,0,3,2,0,1,53,102.9
5642,e1443d7025709ac5a9a13bc73e6d7dcec1ba729a,0,1,0,0,0,0,0,0,189,36.1
5643,285b6f74e0416b200229bd67cb7521e4a6871bbc,0,2,0,1,42,18,0,12,134,214.27
5644,0735b5b935b0c0757943e2d58047afcfb9949560,6,15,1,2,38,70,0,8,1591,936.16
5645,e74d5ebdb96197101cfbcf64193c6909e9377961,7,11,0,5,47,48,0,5,332,1012.96
5646,6669387aba2f9796ea4021a102ec767b8b5e54e4,0,1,0,0,0,3,0,0,145,57.06
5647,cab76f6e23f6b491ecde5856dd32e4de95a0af90,0,1,0,0,0,3,0,2,38,70.05
5648,d1475ee86fb58ab70a6dc785d08f190189ede43d,17,16,2,3,423,304,0,160,1996,3093.8
5649,87aea72f181d0945092538384037acb0da364b9e,0,1,0,0,203,0,0,0,17,93.97
5650,a85d8e57a3501e39284e24221b50c6222e85c06c,1,1,0,1,0,0,0,0,61,106.73
5651,f0de7d86aa3615dbb8b4231c06d1626543925b65,6,10,0,5,169,56,0,4,739,940.78
5652,de9d8acc6ca401e3cf115d0e58e37245e535347e,0,2,0,1,0,16,0,0,337,143.3
5653,8479bc3c6bde8b13f805c0090ccf656c529b967a,2,6,0,2,128,2,0,33,309,377.6
5654,fc730bb079fe43b550954a91d981b9996c2be4c1,2,1,0,0,121,109,0,30,227,266.39
5655,5901bf33bc38b2d0317d3322e26dd427c3319bef,0,1,0,0,0,0,0,0,159,31.59
5656,f06930bcf0d3c2a840cdc5a2e6e5f4b1d03f45d2,0,11,0,3,22,34,0,43,1087,898.76
5657,1586fc8cfc6f41244e46b27ad25dcb6b08b7ce43,0,1,0,1,1,0,0,0,75,86.55
5658,7477c5b57e3201a7c2f9d256e845c7328537ac7f,1,27,0,27,289,168,0,204,3752,3377.57
5659,5f67b54b2ca4f7ea79d184e65a99ef230dbdc660,0,1,0,0,5,0,0,13,271,109.29
5660,7a25bf5cee9ab94525ed0284cbf399d2c33f70cf,0,1,0,1,0,0,0,0,263,894.35
5661,dc0b3430f8d243b1876125e4949e733ae757aa96,0,1,0,0,0,0,0,0,320,62.02
5662,85b53444a852027714904a050a68489740b7f2f8,1,7,0,0,78,10,0,11,550,396.91
5663,ffff2997a5c82386a6428744f39b808a3fb49538,0,20,0,1,294,281,0,96,2588,1704.72
5664,68709b087570402cacb7bc3088e0eb35d83c8d32,1,9,0,3,191,83,0,124,1627,1138.53
5665,349d06d6c67a4b48e8ec3b507a98616580a8d863,0,2,0,0,17,1,0,7,396,151.45
5666,be65f95dbd0b8334b5558103395909c91fd77170,0,3,0,0,0,0,0,0,26,20.58
5667,be3f80929d220d797da93bb3a959613dcff3a889,7,10,1,1,49,254,0,20,911,1218.87
5668,da7d4349c1919a1dd3d83465e0b21ead22ed3575,1,2,0,1,2,1,0,3,226,212.33
5669,b7db70eb6d91ce20a361f2f703d715e381f22e9d,0,3,0,0,45,98,0,4,273,267.57
5670,92b3765e9b995459d9cff16fd131e05702f81302,0,4,0,0,244,38,0,1,122,241.69
5671,3b8fe95ec728d59e3ffba2901450c56d7cca2b24,1,9,0,0,104,174,0,58,1283,677.43
5672,c4a6ce6299744f8f24f5da6c362524338c890e95,1,29,1,4,135,247,0,48,1992,1503.57
5673,62b573101c2ade7be0e035158595f7b193b48855,0,5,0,0,36,0,0,0,321,171.57
5674,1e4b7ebd4aa7dba9aa87122fec9db561df198160,0,1,0,0,1,0,0,6,199,91.61
5675,03708888325a6e9344a168ee543f031422586eda,0,1,0,0,0,0,0,0,0,10.96
5676,21e8e2dcf77f9d0dc3a74204626b776d87a9cd15,12,38,0,0,184,123,0,93,3413,2078.79
5677,4ee048bc0d50a715ea4247408ac16d41cbdba77d,0,1,0,0,1,9,0,24,329,136.27
5678,5bd47012e50516d45a6b50d47f347e6802dfde4c,0,2,0,0,28,0,0,2,77,112.31
5679,40c978b0443d9cb3ee66b6e0e63ab61416deac25,0,1,0,0,0,0,0,0,297,53.65
5680,51a5048b24ffe7655e2197c04aa844239bf1af83,0,9,0,1,30,39,0,22,1163,1477.39
5681,95e9004e36fffae755eab7aa3d5d0d5e8bfb7113,0,14,0,6,150,53,0,26,753,797.48
5682,6d4dd75859aa5e78a20dc3a9492391f1c7f7ca7a,0,1,0,0,3,0,0,17,329,111.0
5683,d4d7cc32667016d66c65a7d64601cabd101a0c4d,1,3,0,0,116,129,0,90,819,354.98
5684,e112a63208006b4e348d75f3df84d2fd4b091797,5,29,3,2,713,380,0,236,5023,3111.65
5685,c2891c5d467ad4a4dccde733e519e1a7250eb990,2,11,0,1,423,66,0,51,538,959.96
5686,1dce5c8951a8eb667315a8129422994f0513d042,3,3,0,0,18,43,0,0,444,365.48
5687,b1642e32c2f69c60c2b212260c3479feb66a9165,0,24,0,5,234,137,0,68,2436,1819.31
5688,81b19e5323edd384e00f77eaa4a5c543db7e2499,17,29,0,4,668,641,0,85,2657,2927.25
5689,4de627b442cfb20f14f6d1362f138d1c8a38d25b,0,6,0,0,25,0,0,0,341,215.46
5690,7b88f1a75ea92f6b26624a7358e7fcafa3e9506f,0,7,3,1,46,91,0,51,1171,748.7
5691,9d1b5fb7ab2b1dcb327d026d367bbd7dc3e66f94,2,8,1,0,50,14,0,5,773,487.54
5692,6e123d287443430bf1721952c5692069e41d95cc,0,1,0,0,1,0,0,2,41,69.47
5693,72967128ca7c77a4e72307ff61a686a77228c3e3,1,9,0,1,66,1,0,18,603,540.36
5694,7a2378641d849985e8be1b7b0ba9474ae0d02ce1,0,2,0,0,21,4,0,7,196,154.77
5695,9e9776f17ed18b12af177e31ab0bc266236f85ef,0,4,0,1,7,0,0,4,239,197.66
5696,8f3d6d239996c83f7cbd102dc8a85ee626a56bf5,22,27,3,2,807,383,0,154,2469,3045.58
5697,0859a698253f07a28442ee7232e1adb76013dbd3,0,18,1,4,117,62,0,64,1760,1336.04
5698,30554758897842ad851dc9b6e1758d452f7d702f,0,9,2,0,0,207,0,195,2817,1009.72
5699,1020950f61f7fa1872bd78e42bd274857d94de7b,0,6,1,1,15,85,0,11,604,373.78
5700,7758571ae7a6a26859d91eb80e7b4df689e79c46,1,4,4,0,88,9,0,0,555,1190.55
5701,f305baabbcd9b035b696b8b7a4334deaf1b28d23,2,4,0,0,2,170,0,0,165,305.41
5702,477d1c5d4ca6f469b3c87bc1f7962ece805cae1d,2,20,2,2,71,474,0,82,2352,1400.71
5703,92f4539afc714f7dbd293c3ad677b3b5807c6911,1,1,0,0,13,28,0,11,85,188.73
5704,6f8f5eb3b9ba07cd3bb4d9f7edd43d4b8862acbe,0,1,0,0,32,19,0,38,307,144.59
5705,f46ca39188dce1764ee6615eb6697588fdc04a2a,0,18,0,1,276,210,0,84,2754,1272.35
5706,241d47b867cc6bb21d11c6416697bd078885cf6d,0,2,0,0,2,3,0,8,314,156.59
5707,fee143099a5ac7220622617c79abae60786555e4,0,5,0,0,263,57,0,71,1681,728.64
5708,0dac7ad00a25c4b038b57009f41f5512f8ce73c3,2,25,0,0,103,50,0,138,4464,1726.47
5709,8d953bf2626012e3e497334641962bd8f96098de,1,11,0,2,102,91,0,37,2430,993.31
5710,28b37ef97d803855e884900d1a983813ea2ac99d,1,1,0,0,3,0,0,0,30,91.32
5711,bb34133ed30b2a6c74baa0e5342e278e039cbe2a,0,30,0,10,144,131,0,16,2804,1218.11
5712,9206b483b68bb41195bdf2da4f0b9c2de517c031,0,41,0,6,1032,287,0,43,6903,2019.44
5713,e4343ba0de24897c3cf62891429d5faf82043242,0,3,0,0,10,0,0,11,297,178.5
5714,c62776f0f7ac97f6fd484e2a9e0283074d26a444,0,3,0,2,6,0,0,0,45,86.26
5715,b94daa0eea6b23cea09026b109d0a3b8e77f089e,0,1,0,0,2,9,0,0,115,84.35
5716,eece0dd05bc38b88fcb6cbcef15add7f98eab456,0,1,0,0,13,27,0,11,85,118.53
5717,1577e898d97970ad815b2e431a9cb980bd52b660,0,5,0,0,0,0,0,0,1109,231.85
5718,954ef08f374d7e7c1f2b469201b1ea05c6376b33,1,15,0,3,305,34,0,230,1716,1328.2
5719,4e5f423ae3413bdbe19ee4b7bd41cfc8f4adc23c,3,2,0,0,153,1,0,27,203,309.36
5720,6efb7c2666d6b75b686e30a44f0acec8f69d1ed0,1,1,0,0,1,0,0,1,150,967.15
5721,dd3416fde7b934584d4e18bc54d79ed7858556c2,0,1,0,0,2,0,0,2,109,86.95
5722,9d24d51f1d19805e23cab370db0f4bbf1c0038bc,0,1,0,0,145,42,0,12,258,178.22
5723,47e4977442f7045baf29ce7dc772b7f7aff65343,0,4,0,0,162,62,0,128,1684,614.43
5724,1cd8d4f418a707790c091fed2428627eae9da423,0,4,0,0,1,43,0,123,1792,527.16
5725,56cba7ee9e00ef4b2493845558b614816b837d1b,0,16,0,5,35,61,0,81,2885,1104.93
5726,1836e08f0f8bb17ed50e59b42d02999436b36f6c,0,2,0,1,50,6,0,1,124,187.35
5727,0bb2685d2b5af31543b9c9e5df3b6c0c11c9bb2c,8,13,2,3,224,102,0,110,1591,1378.94
5728,efb40cfc5f0c738cfd281b182b696495b5985a96,0,1,0,0,1,0,0,1,98,77.0
5729,8aea8c8f427f5511c6064abbc4b85a3ef106743a,1,5,0,1,70,0,0,19,442,378.01
5730,5a636975cde47a2d7d206e6b70198fd44dcd0e2c,1,20,0,1,389,154,0,86,3094,1524.41
5731,10a42f951c5143537c28a0f9df65627e5c632c4b,2,12,2,3,47,34,0,28,1371,656.54
5732,4fc54e3eb341a049529476ef966380d183d099d4,1,4,1,0,125,0,0,82,1043,416.81
5733,67ed642ca42cd6c2beb240eeb0fe18f24ea22874,5,26,0,0,671,392,0,169,2959,2228.36
5734,417c5a4b429eb8766ff582d424a64a1cd6aa54d3,0,1,0,0,0,2,0,0,1213,247.77
5735,336b95d4eedc23e5ce37d1739165157e127c65f8,0,4,0,2,124,2,0,28,481,351.7
5736,97c71675ad9e2b50b818362f92faef9eb44da627,0,1,0,0,2,2,0,0,387,130.47
5737,b410c393c960f55c09fadd4f22732d06f801b938,4,5,2,1,46,91,0,41,700,785.75
5738,e30e7a6192d921d7a3c94beb178eb2c7b9ba74c0,0,12,0,11,0,0,0,0,363,336.33
5739,0d290354179a5ea3a11040a2ed7e218263bc474b,0,7,0,0,37,7,0,10,239,196.93
5740,5783671c2f30228a2d5b5b7bf09b762ae41db8e2,0,13,0,1,409,60,0,156,3217,2163.92
5741,77258a007ae4dde525d0274bb4d63e76d834bfe0,1,16,1,0,29,28,0,24,1279,643.14
5742,cdebb0ef100179e810f6e110b974632bd49c653f,2,5,0,0,250,48,0,15,498,558.59
5743,abc1657bac83c151a1a345220942b02fcde4653a,1,26,0,0,50,57,0,83,3556,1037.55
5744,dffde7efb3c60da83e54f4202004d5d70e174e8f,1,2,0,0,28,0,0,7,127,219.3
5745,3137bf7746f7eb43956f0de1f1b789c8eb635d5d,0,1,0,0,8,0,0,1,17,75.07
5746,b949d42d9f16fe52126f03a960fdf23ad71e6e63,0,1,0,0,50,22,0,1,81,124.73
5747,3ab97ae3d57c6b3c70c2c1103565621ccefe17f0,0,5,0,3,1,0,0,1,421,252.69
5748,877c267b8f7d7f63b07598e1536c7b42567c8a8b,0,2,0,0,11,0,0,62,891,273.63
5749,c1825e3aaf27ad5270eb5b9120df6d28b54578f1,0,1,0,0,0,1,0,12,400,116.44
5750,33c36e62a42d46f8aebe7b90ad91b529826136b6,0,1,0,0,0,0,0,0,112,27.56
5751,9e17cbd6b768f73299a6a344fdf44539802fb76c,0,2,0,0,19,150,0,47,402,229.92
5752,8dfc9f9d0f06e4ea2376b0a58efd623e58735ae5,2,4,0,4,70,21,0,4,344,515.17
5753,66f152930b31d002beabd78bbe231042207f8289,1,6,0,1,5,1,0,2,724,314.78
5754,2fb600916860acf2256464659ca60424bbf26857,1,20,0,2,305,296,0,6,275,1361.65
5755,3bc9cad045b25d413f0b9f054fff12fac18a4f0e,2,6,0,0,23,71,0,15,1164,573.33
5756,744f8ebb66b2a7288942be139cd7a7e6d1170c80,0,4,0,0,3,177,0,60,1122,372.32
5757,0d3ff88b369fbb1b0a8fb0e8263c9ce0a9da1583,1,2,0,0,80,0,0,0,1092,298.69
5758,f52830763d8f95a955c10265e2c3543a5890e719,15,7,0,0,259,215,0,86,1062,1823.59
5759,6f09ecded9e22a5eaa548ebbddb9b28dad4207c2,0,4,0,2,94,0,0,35,2008,549.3
5760,3d5bca0abcb6071c2eedfedce36b883a6f605687,1,0,0,0,0,0,0,0,0,942.43
5761,2ac4930aecc5fd9d7c91d45165e7a7d8c807e651,5,1,0,0,0,1,0,0,31,389.94
5762,c64860677fb576f00c700a62a4ebb4ed415bebda,3,24,2,0,173,201,0,68,1554,1309.54
5763,1e475c768ae0d7e13746a3ca6aa258141016d419,1,1,0,0,0,0,0,0,94,106.63
5764,c4783c856a8ea71271d411fa8c4dc9c484f29ff0,2,4,0,1,37,21,0,13,1083,520.36
5765,673c724e6bdc5c1f410ef8aae1fd1d4c72647f5a,0,3,0,0,77,7,0,46,222,259.49
5766,436c3335b83979b9a278e480b3278bed71081322,0,1,0,0,3,0,0,0,221,82.53
5767,5dc624bf816093ca0c240c7bcfe37841605ce592,0,2,0,0,24,141,0,5,180,158.37
5768,cb78d70b270bfb6962a9731d49d0d19c6e5bc88a,0,1,0,0,0,0,0,0,38,15.4
5769,a2e999b960319f51b34f3dfc68d29121eca5ae60,0,1,0,0,3,0,0,17,329,115.48
5770,208324d67c9d3cfa66a63fc637dfa280dbd3062c,3,10,0,0,364,81,0,105,1641,860.53
5771,9615f15beca37d6393f6ea78ec35f712536c8f64,3,5,0,0,6,21,0,0,125,365.55
5772,5cbec02f1055218db1531bd67ebfe69a24746852,1,2,0,0,14,1,0,4,517,220.32
5773,bc6823618a1cf01a3385478bb1913940d9f604bc,0,6,0,0,183,57,0,44,1050,417.62
5774,069de27df67faecad741d8ba95ca0ada609e930c,4,41,0,0,119,93,0,86,4293,2345.44
5775,a7ed9a5e3876c538deae147217c5443a287e98d5,0,5,0,0,3,0,0,0,1094,223.93
5776,af924b489420b8d7163e6216c0efb05e3ab30514,1,8,0,0,30,2,0,5,1800,623.25
5777,aaf80a23e0cf47a4e330eb4f973f21a0524b78b6,0,2,0,2,0,1,0,0,152,133.18
5778,70af08c62f1d30929a34314f8a5f704e2c44d5a1,6,9,0,1,120,66,0,71,837,1042.29
5779,a685c75166470d9abd32870265149f1dcbd2a2cf,1,1,0,0,0,0,0,0,0,64.79
5780,6484f453cfeb4f8e04a231f41cc004b309bbdd37,0,2,0,1,1,0,0,0,292,955.11
5781,398bd9b3198e70f199a1277a9f5074e81cbee3c8,0,5,0,0,15,150,0,24,2451,544.93
5782,91f1d098fea09506910a30d2a51517b015613bf4,1,0,0,0,0,0,0,0,0,57.26
5783,8730e200864427dd5d6ddb9f841978d68ab452bd,0,2,0,0,86,84,0,52,777,313.65
5784,d2168b6557b6e86c52f2e8d8b2caf2934152b58b,0,1,1,0,10,1,0,4,49,146.5
5785,27fd2493e98e90bf904f0b6b7424fd4213b04977,3,5,0,0,37,205,0,41,1164,643.89
5786,307eae6e225f450ad953f1135e504e6d2e5b5d80,0,1,0,0,18,0,0,0,178,69.8
5787,94a3f251cd3eed54c7d8220db119eecbfb11c3b9,1,14,0,0,15,16,0,0,1481,426.63
5788,770f2f83a81b2810aff171b2f56390ef686f725a,0,14,0,0,129,129,0,0,1367,929.78
5789,c001beccba7273c557f148becf61bddb2bf96503,3,11,1,0,141,112,0,75,899,745.81
5790,71d2e3ef1e42174822709aa8217088f2a489975a,2,15,4,1,37,62,0,58,1907,1161.09
5791,649f9578bce56e118ec973218271262286c534a9,0,1,0,0,1,0,0,2,114,82.9
5792,3aafa16eae04d8a5a41b84c9a82480b9742c3fb1,0,8,0,0,37,5,0,9,597,250.77
5793,6f0faf9bb35e7cac3a38ed792cdabd6400fc4c79,0,3,0,0,1,17,0,3,170,181.08
5794,ebcedc454295c350bc2a2a3ae8cac2abd54baa4f,0,1,0,0,15,0,0,0,58,55.39
5795,45c3d9b7638a65a14fd5a67d6027b797990f71ee,0,0,3,0,0,0,0,0,0,91.36
5796,a27451d8e75bf8b8c69e1f3e6abe3b59685649c6,0,2,0,0,6,0,0,0,85,90.92
5797,d0c6842ae6fe31fb60b00314de3bafdcfd92957e,0,2,0,1,9,7,0,5,214,192.96
5798,6f691ad5f60fd966f7cb72836ddf8fae8a5559c5,0,3,0,0,0,0,0,0,82,35.78
5799,c0192ecad161ce85c07e448537027ac619ca2d14,0,16,0,0,483,285,0,67,3616,1669.78
5800,1f9c0cf8522481c1a1007d98d90b30baff5c18ca,2,6,1,2,34,55,0,12,194,1291.93
5801,7398fdbfe024652b4299b582c2e1559da473011d,0,2,0,0,0,0,0,0,302,75.24
5802,718f6e4e372affd60522cb26eb02c95b7637e65d,0,3,0,0,11,0,0,14,149,163.94
5803,a1ba9f1126270d53168394211a99e354aa2cf20d,4,13,2,1,348,469,0,68,654,1190.98
5804,ca68d2e074eee66066377c3ebf69c0e15e9956d0,0,4,0,0,58,150,0,17,613,500.61
5805,e134d27589ead89882d94969edeeb171ee4433b1,2,19,0,2,627,213,0,128,2234,1823.33
5806,f828657dfe2fa96c87c3545cb0aa679d67587862,1,4,0,4,75,0,0,0,156,331.29
5807,cfb3790fb6feb6c771bccbd05d3b12c69f53657d,6,58,0,4,404,355,0,157,7875,3531.77
5808,0a79dd5fb165c714bdac8de770b45d9406177401,1,16,0,0,417,230,0,38,2088,1416.02
5809,1d46c9d3623519e92b9cd7f147f15cbde527fb65,0,1,0,0,0,0,0,0,218,34.45
5810,d443d6b02fbda713077a6e6b5781de5312349d3d,0,1,0,0,0,0,0,0,29,18.2
5811,d5b97b07b46700bb26e1405a3715206bc5db9df0,0,0,10,0,0,0,0,0,0,309.81
5812,b673760d3d2ebe98a97786fb0fdf194db1cb6709,0,1,0,0,55,15,0,20,342,166.84
5813,e3b5d33237430acb65d1a93531448825a76c7ce5,0,1,0,0,47,0,0,17,296,127.09
5814,9dc26355d2bfebcee05ba1185debfd5706d4f7a9,0,1,0,0,60,0,0,0,343,113.36
5815,fa14986161fe2fae2d8ea62f7c079f0c76b9361b,0,1,0,0,3,0,0,9,158,95.27
5816,2b600d355f5df9364c634282469acd608d7a2104,0,11,0,1,85,34,0,99,2670,941.79
5817,ba8ed263695d16eacb4bdfdf195dd22c83bb53ed,12,16,0,5,108,110,0,73,2547,2074.92
5818,3e85fc6138b555a6a5595fcba73a024b2dd5c179,0,3,0,1,98,19,0,9,268,360.27
5819,cbdb784dc24abba50674d054bb21c94dd7a559a5,0,3,0,0,10,2,0,3,364,192.15
5820,ea14053fe32280ffc36e586b5d3712c751fa1f84,6,2,3,0,23,9,0,3,161,1446.77
5821,1e1e4dc701d3606bdcaa291d2d85460fdfbb0dc7,0,3,0,2,127,50,0,4,277,318.19
5822,fa664e5b9527ec82dae1f18746f7b2f0bbd7a3ba,1,3,0,0,23,105,0,22,484,382.87
5823,344fe94db96ea44fa7714e105631eb192bb382e4,0,8,0,0,89,16,0,42,1049,452.38
5824,fe1654c680cad692e19ce262c402fd9756e8602a,0,19,0,2,97,298,0,185,4000,1634.85
5825,a582882dae125da2c4cef249428371c37fd64c53,0,2,0,1,8,48,0,0,38,97.04
5826,94c65fbe59b77b32ea19983a0a96da41234daebc,0,2,0,0,36,1,0,2,203,207.62
5827,381bf5912237420b8e294c1fd38006a85403fd4f,0,6,0,0,62,97,0,64,471,499.52
5828,c0e620f0ace0aa3500a5642e7165cf9f05e81f6a,0,12,0,2,148,59,0,71,3420,1196.66
5829,baf057a4815ebee67f439a55074280fb9ac48aaf,0,15,0,0,29,12,0,85,1056,740.86
5830,a48357db8c4187fd08f3b17880899ebbcb5d3b5e,7,17,3,0,240,409,0,8,1361,1644.36
5831,a7e5705c1cd73b54f78348b4f6c3fc7250d7fd84,2,19,0,3,18,18,0,4,329,863.63
5832,f1ff99fdc1e228acd936f5684832d5cf49bdbe04,12,0,1,0,0,0,0,0,0,712.6
5833,bdf5c486f50b262dc09678a6c15790c54aa85240,4,1,0,0,0,0,0,0,3,194.25
5834,e9b20ec21ddd5f7d1440bccfb8622dcb47443fef,0,2,0,0,70,5,0,21,557,233.18
5835,ed6a602b34d185c1482b60b06ff585d08dab308b,0,1,0,0,0,0,0,0,3,33.93
5836,e8318d6f449b0b4720ca2377eae4f98c59f5e494,0,2,0,0,7,35,0,46,210,168.71
5837,c6c88cec4fcce2e8fcee2a9cfc14d7857d6b6b06,1,4,0,0,103,54,0,4,80,323.93
5838,1c0c6684b0616e5e35c08870be436d054d106746,1,1,0,0,3,0,0,1,531,183.47
5839,18507de3c068795c93c5c689388a22857f2f817c,0,5,0,1,44,5,0,2,1139,360.42
5840,fd08ad2e715a86d7ca5dfcb3220318b421440ff1,0,3,0,0,9,96,0,6,278,1007.13
5841,332f823bf2425b18cbd62639364c8c1daaac8ca7,0,1,0,0,8,1,0,63,533,165.43
5842,5b54009ebdf1602bdc9860b46ee34e65ef74246a,1,0,0,0,0,0,0,0,0,73.1
5843,b9173b355139f007fb840aa6a196f50b366ad8d8,0,1,0,0,0,0,0,0,131,35.61
5844,f0ef370399638689c2e1adc54a3acf0afab67a17,0,1,0,0,3,0,0,1,131,81.71
5845,06fb9f1b4f97ade67a23cd3adc8212e7d848de48,0,1,0,0,18,0,0,0,433,104.4
5846,59a5551ef81a57007035526ab2c14ec07f13971b,0,2,0,0,48,0,0,1,71,125.52
5847,0b873ac343343fd1d7716d075b54e66324374f47,0,8,0,0,120,64,0,20,1258,469.23
5848,9f4be44c2c38a06ebc0f4adc318962f9d406aa58,0,1,0,0,13,13,0,1,182,122.18
5849,873410010df4be494f3573c4adfc2cbbc3ad5d0b,1,4,0,0,27,9,0,9,896,446.76
5850,c385897661f36122e34ffa6a11996b983e2dc14a,0,2,0,0,24,0,0,0,364,110.66
5851,f025c455f2a2e4bc5bd5bb39b47c3dc1d1e3b117,1,9,0,2,16,149,0,0,550,633.15
5852,094b747a39906f01f6a8b92233a5a8011618e641,0,1,0,0,0,0,0,0,395,65.87
5853,c335d289b440953ac2c32ce48dba79a6d0734ba5,0,4,0,0,95,11,0,2,590,339.7
5854,2d325b34c04cacddada4f96102e93f901d72baf5,0,4,0,0,0,0,0,0,85,37.58
5855,1f4f6f928cb71fcbcba8d5aca731e738352d1175,2,9,0,0,32,13,0,47,1833,919.3
5856,cf4f3644c0eda42c4c872daa175d095117788086,0,6,0,0,11,3,0,25,702,315.92
5857,99f1dc3e24ec529852ce38bcb9c46ffaf749333d,0,1,0,0,0,0,0,0,83,21.11
5858,ba2d007e5ad270b9a403d037d186de61cdaac742,0,43,0,0,77,244,0,119,5571,2638.09
5859,fe602eab2e2772cfe663baa7b4a3df8afe138da3,0,5,0,0,53,130,0,64,355,398.65
5860,74bb7bb63919ce6de5736d52e4e5a254cf9b6509,1,7,0,2,322,4,0,21,582,1558.62
5861,522edae3c767ed178691a4b4f93e676fdf2898fb,1,14,0,0,373,41,0,63,2098,1098.56
5862,bb26c9e1b7ed16c78cf4c3b3ae2d4483c526e5c3,0,1,0,0,0,0,0,0,237,46.05
5863,af3bf837af766f93b1ab21e8e2f6f8fc5fdac6a6,40,14,0,3,324,115,0,43,1426,2903.51
5864,30a53ef69af75fd6d119f02c4f54c355fe902f02,0,2,0,0,2,4,0,14,965,212.06
5865,1875cac03042dad4a4c47b0de8364f02fbe457c6,0,12,0,0,22,25,0,21,1932,897.37
5866,b4bf99dfc47a078ed7aaabe92477ae59039d20b1,0,2,0,0,5,1,0,5,368,218.11
5867,0b331a421267a541d91e94f2713534704ed32bed,0,3,0,0,211,67,0,41,1602,628.77
5868,6346a89972416489bc43ee30946078341496d1e1,0,1,0,0,0,0,0,0,36,16.02
5869,48a48139172e86f548f3b2f1564bdc948c3fe76a,7,23,0,0,92,306,0,42,5019,1990.49
5870,0113e5a467858f9cd435e80df2c2626170e5de62,2,0,0,0,0,0,0,0,0,144.66
5871,98a6176280dd7b85dcd6fbacd324eb1056e23419,0,3,0,0,3,45,0,28,248,228.76
5872,5a90c6bdd0a4c279fca7665532c4a34992ffbb24,0,1,0,0,25,50,0,9,81,128.59
5873,b2e8792b8ef07f5e9f676fd83137b3ce4d72cdb0,1,3,0,0,108,9,0,14,612,461.09
5874,1440682136e84651f8f0d1230d038880588f6cb3,0,5,0,1,58,19,0,24,691,471.82
5875,07ab9f45341f8c49354d9357d9459ee2199b4e1d,2,7,0,0,25,0,0,12,576,476.77
5876,870e219d92809df76c843906e19c7c0606529f11,3,16,4,0,20,59,0,0,1573,979.66
5877,67c4be648b1f51ceadae3a9e3dd41807802a89ef,0,1,0,0,0,0,0,0,31,16.92
5878,67c2868b33a5ed8430b38ac32c65444315b0658b,0,11,0,0,9,9,0,10,1062,427.96
5879,16d33d0dd169baf06317ff8f67f14e113d0dcefb,0,2,0,0,50,0,0,9,264,170.66
5880,fc9bc2fc6d4a0a8ed0f14d37d397efab52381ae5,0,6,0,1,1627,485,0,137,1132,1956.82
5881,cd610a99e59846dfa9dfa66df7d2e264bcbe95d8,0,1,0,0,0,0,0,0,156,36.58
5882,7274849861ac85dddb2d89f40f96b41d815836ec,0,2,0,0,0,0,0,0,531,81.83
5883,d450beece2f5f76d7f519101316f850e6fa4924a,0,1,0,0,3,0,0,0,121,59.46
5884,1cf162079c990e0504d736df768b0a8729d8faab,1,3,1,0,17,19,0,0,118,232.14
5885,13ebb36bb6c7fbe591d9e7834a2fc34d8469bc00,0,3,0,1,318,156,0,33,577,469.28
5886,a725910aab905e43d2c0ba7619c8c6449361eaea,0,1,0,0,0,2,0,1,462,122.63
5887,132d8f146c111ca7acf890fc2e2950e4931b2c7b,0,1,0,0,2,0,0,3,313,107.49
5888,1a578657d078dfb2d26a6f6e60876271d6f4c2ff,0,2,0,0,46,9,0,4,442,215.99
5889,6a6eeb9d53c96772de8c0b5f9684128a9d8e6285,0,9,0,0,4,0,0,4,1271,285.35
5890,8699b03d79a441ca33d9f62b96490d29a0efaf44,6,0,0,0,0,0,0,0,0,250.26
5891,a88b6132e5bc4f7126303ffa4cda4c1e535f8022,0,1,0,0,0,0,0,0,99,24.9
5892,014595055aad3e044d17e1290b94e8f6846276ce,0,1,0,0,0,0,0,0,89,25.82
5893,029fda24583c6655cd97d02773b5ca628cf9e8f1,0,10,0,2,153,178,0,18,823,829.18
5894,ccf35cf203f349dd126e641eff746370ec04403f,0,1,0,0,1,0,0,21,218,96.78
5895,7a518952512238099ea8350156d38cfdbe9871ea,0,1,0,0,26,14,0,9,502,162.59
5896,616c4f5e483f0fd81ce2db05e911f01f15a0b583,0,2,0,0,44,3,0,4,485,232.38
5897,0d2e8b2964b58f5610772c6b5bf39a93b9b0fd95,0,17,1,1,53,14,0,26,2506,1073.68
5898,58204da13d42c265d6a503a8cf738b6522e12ba6,2,26,0,0,101,46,0,141,4929,2209.9
5899,cf8504dba606ee758ac16867423e65dbf6afc23a,2,2,0,0,428,259,0,45,370,491.64
5900,a66e7ad14e41fa07737f447d68920ad5cc4ed6d3,5,6,2,0,187,88,0,37,422,1724.43
5901,5d5637b01031746b2dfadf6d7fcd59155f7de653,0,8,0,0,43,2,0,3,1292,524.94
5902,a1362c3af25304b4120232527a2e6008df315de7,0,2,0,0,0,37,0,2,199,99.62
5903,e2b93f69cea0c8a8d05591285cb9c2f4dc64c619,0,3,0,1,259,123,0,29,610,409.61
5904,e4f802dd502f38b922f668c2813728d5511ca289,0,9,0,4,436,593,0,23,710,747.8
5905,6e98a9357903b113f76b2a7e91e2049c6e88fb35,0,1,0,0,15,46,0,33,359,155.63
5906,dc00fb0c384097f0ce5b5c0be2763768c48b3f67,0,8,0,4,0,25,0,0,247,257.23
5907,66305135bcfe0841fdc9d26fdc0d8f373fa58b62,5,23,0,0,715,309,0,199,2185,2301.44
5908,62523acbe175cf159fe1b4ab6cf5c0412fc4d232,1,2,0,0,61,52,0,33,155,293.05
5909,5fa389014a3ce40534703c8a5731c8a9a955058a,0,1,0,0,1,0,0,0,49,44.11
5910,57208e650f94edece537ccdeb1a2c19b4f7ccca8,0,1,0,0,19,3,0,11,111,121.27
5911,62192c78372d71f0e2ffe335e9344f03e78d5b61,0,1,0,0,0,4,0,0,25,38.77
5912,00284fb8131ecb064a08a2da010d27ae95806744,31,0,0,0,0,0,0,0,0,1481.27
5913,1adefee2eff9c9b4267f5b5e10022255cfcaf47a,0,1,0,0,2,0,0,0,167,65.19
5914,bd2fce6e1aa8d1f568092488946e5cda44c0cb81,0,4,0,0,50,211,0,37,739,357.67
5915,5845d297f2f08a6c2f24b1094556e412a896158b,0,1,0,0,0,0,0,0,0,10.66
5916,3fb92d8687f03c1fac8b87396b2b5a7ff29f6dd6,0,23,0,1,54,84,0,51,2567,908.37
5917,c424900820e923089dc1c489bd02efa874dd39b6,0,1,0,0,7,1,0,10,173,119.6
5918,836fe9786631f35953c1423e2d92128e9f292621,0,1,0,0,1,0,0,1,64,81.84
5919,611412c6b4072077adba21250e2244094be93764,0,1,0,0,0,0,0,0,130,25.19
5920,27ebdf7acde0e2c3ad183503d0588ca91e63d729,0,17,0,1,76,17,0,49,1638,1899.43
5921,cf78542232e9bed62fbb1a0de568bf26adbdb098,0,1,0,0,0,2,0,0,167,62.65
5922,95d640b832a91b05d6031dbb09086206369666d3,0,1,0,0,0,1,0,0,49,41.1
5923,02c10d312371aaad12ed8961cdf96288fe78a983,0,2,1,0,48,59,0,20,157,257.59
5924,ae4b274a9919d01a236df4e819a0a07c5d8543ac,1,14,0,0,1,4,0,31,1751,562.82
5925,478f5d1893e292ad68c2702cdae95771678dbdc2,0,0,1,0,0,0,0,0,0,40.61
5926,161bab04965b0110bfa80dcfcd1963f12b3cfda3,0,3,0,0,8,9,0,4,158,166.49
5927,4a6b0fad0909509cd1c37ed6e8d9dc7ec5d28d89,0,1,0,0,0,0,0,0,80,22.34
5928,685c4f836bdb79181fd1f62642736606eb81d847,0,4,0,0,62,4,0,2,991,292.53
5929,c590912c93a4059b40452dfa6cffbdd4d58cac13,0,32,0,1,116,9,0,129,5720,1594.28
5930,d24833dbb641979008ba18be8b2ddb694a5d43e1,0,2,0,1,20,4,0,13,161,225.01
5931,5398809944c2cfbbfe628a5d64cff4558375d29e,0,2,0,0,10,0,0,22,297,178.86
5932,6cba8bb32a822a3f6bc7a798224390d24dd19cfc,2,8,0,0,140,46,0,128,1043,887.81
5933,3e3a90d89cd62b07d3790ccea7bb1a30db9cc9d2,1,0,0,0,0,0,0,0,0,11.1
5934,956ffa69a96ee74990c032c647a887feef4b2508,0,3,0,1,43,12,0,17,243,330.68
5935,f5af7f1025aac9cac3f83de5f0e3aece5730ec0f,3,5,0,0,15,3,0,22,603,603.18
5936,698e53e473fa0f78ed1e23716a50adc914563754,0,7,0,0,110,1,0,8,1058,432.76
5937,5836f7eddb4849b95d4860cf20045bc61d061918,0,2,0,0,270,323,0,47,302,265.52
5938,81d8fe16a04a7826ba72c89fdc98fa50e3f86f5e,1,2,0,1,26,15,0,0,24,222.91
5939,ac7d87158b3f2ebc72633fc8c925ded5fd408273,0,2,0,1,14,0,0,2,43,114.9
5940,9f544d83b3443cf33f5890efdb956678847d445f,0,20,0,0,175,116,0,121,2081,2419.68
5941,7d34f654c3a1dcd470d1f919918e0d2c44e5573c,0,1,0,0,0,0,0,0,74,20.41
5942,a078666d42ab4dae01dedaa50d55343ce141fcb8,3,18,3,2,209,84,0,112,3090,1448.53
5943,4c23879a5743b862b93d3c4267244235266163e7,1,2,0,0,2,2,0,1,42,146.24
5944,3695a8e92e9c3deee368d9cc3ce89a5ab117d6a1,3,2,0,0,188,168,0,11,898,501.71
5945,60a4ab32e1662310da4633a97e02dca62431952e,0,1,0,0,51,750,0,100,651,245.15
5946,5d2da128b690974994c630142ef33d84ed99ad28,0,2,0,0,0,80,0,0,1092,229.29
5947,4656350fc33d42ff96ad6d5e836e62172b4b0de6,0,10,0,1,71,36,0,39,1603,589.87
5948,3d13a05d1b2354e027626db280f9bfce9070e570,0,2,0,0,4,0,0,1,89,110.3
5949,8e76322cb73a19b4dcb46ba0d1a2ee01d4aeaa9f,0,1,0,0,3,2,0,6,152,112.87
5950,2029c14eb7d5b6788eb9297c271dd16a0d819fbe,0,1,0,0,1,0,0,1,57,68.93
5951,948bb9f674a9c4cf95491f3d9a92b38eed6b64e8,0,2,0,1,0,2,0,0,59,64.98
5952,1dcb2dcd8969941988a4fc7e5488e9272dfd507e,7,8,0,1,519,158,0,50,1955,1209.37
5953,afa271756036c668924aac41f5786efc2118717e,0,2,0,0,2,1,0,40,619,202.31
5954,333da3ac8f8b05c3e3194ba0b376300b403bc2c8,0,1,0,0,6,0,0,15,136,94.84
5955,1b2f3c06d2296d5e628b66a3c13126a546958d74,3,11,1,2,281,218,0,28,1819,1088.63
5956,21d1d8b49337e734ce3defb5f1b9344f748cb49e,9,16,0,1,294,144,0,95,1878,1581.22
5957,e95fe56b60158fc4df511a1404f7346bd18b8f12,2,11,0,0,19,9,0,20,1007,575.33
5958,0c42d258e9d9d30eeeee7d0f1487ef0ac8b90fa4,2,6,0,0,80,66,0,60,1993,752.63
5959,fe843e1377aa08a10394bbfa67dc9d3b2a23b805,0,5,0,2,46,19,0,0,160,308.46
5960,9ab494a73b02ff6bb634701226e49a1f42f05efb,0,1,0,0,0,3,0,5,132,946.07
5961,c0cdc5c4ec08e35a8ea319d1bbf2b24e03e24fd3,3,4,0,0,48,51,0,17,420,556.58
5962,f728129bdb8c3176fba03c3e74c65ed254146061,4,20,3,0,86,117,0,47,1628,1247.06
5963,d3ac0adfd7ed8878f0c80e0c454c580969e40cfc,0,34,1,4,164,197,0,50,2506,1562.49
5964,652309c3eacc87c20a809300512a0a3541e38c9c,0,1,0,0,0,0,0,0,10,11.1
5965,4d3a3eeb7b2cfc2ead2a388f745a05184c7878ce,0,5,0,1,19,1,0,1,352,216.08
5966,e5f4e3d8aa330ebb88166a668b59b8d1730cb618,1,2,0,0,9,0,0,0,306,163.45
5967,41d5875bfc272f2cd5c7e8c8523036684865c1ce,0,8,0,0,129,36,0,19,1702,860.96
5968,570ed4e23a22381374c7a009f7cd0d743699891c,0,2,0,0,20,0,0,0,663,177.5
5969,45b770b517de509f4d8c058d57ae0e3e34f6a9dd,0,1,0,1,0,0,0,2,118,97.05
5970,67bd8277d1dc1179c30d2dbad0922122ed6f49ee,0,2,0,0,6,30,0,8,227,160.02
5971,dc7d8ec2c4d03c42e3d582947a3fe39a274d7f4b,0,2,0,0,36,64,0,51,395,251.15
5972,8228ac6e4d4e047e413ec316fc2ee3f5022b9afd,0,2,0,0,2,5,0,0,153,118.04
5973,add3765d1626a04fb98b8f36cb725eb32806d8b6,0,8,0,0,93,26,0,36,742,476.75
5974,4e336c692b74f218ba09844a46f49534e3a210e9,0,2,0,0,9,0,0,4,210,134.81
5975,4666e65ef7b1e42a2bf0bba1d7d08e8d68e1af01,0,3,0,3,5,9,0,9,370,354.12
5976,8cdb406dc9d53e2864fc0daa7e5b4149acdb9308,0,1,0,0,0,0,0,0,472,68.46
5977,3b5bdc35c354e535534ec0c48c2d42f86f7f14a1,3,6,0,1,30,1,0,23,643,461.33
5978,b181662be378652d6c4405841ccda6145968d145,0,2,0,0,3,5,0,50,1633,336.46
5979,8d8a5abfcc4d2452a3ae46f18a3223b66588c191,0,8,0,6,57,0,0,17,624,527.17
5980,230bf17bac3d76959a5cb6aa73ac685757c51cab,18,15,0,2,163,103,0,78,1570,2800.3
5981,e458975756e137ae2abb94e09fd92578ecd739bc,0,16,0,4,422,120,0,93,2168,1478.21
5982,a2cb5df22c105868bbdbd435e8fed56e8bf02a23,0,1,0,0,0,0,0,0,61,15.55
5983,d2607170e711647373b7cee7cd33dee4bb31466a,0,1,0,0,3,0,0,0,155,62.65
5984,2fcef5ecf473f82a3894b136e48b53b81b465356,0,5,0,0,82,0,0,6,302,319.35
5985,fbfb234e05edd3918c687c78fc030665e97ce7fb,1,2,0,0,28,18,0,5,486,249.54
5986,10f7e8615dba79b0fc001a0d80c100bbfb9a6a28,0,3,0,0,2,0,0,0,255,115.58
5987,95c68299a6e2ca478e100602ad2c24b05059ad21,0,2,0,0,67,13,0,8,140,271.5
5988,1020ba2c9cfc1d01703e97c72e20a922bae0732d,1,17,0,4,477,123,0,131,2661,1781.35
5989,2a7dbda79a00863a511fcf64b339770d1d00f805,13,19,0,2,66,35,0,15,1790,1834.31
5990,e2922add100338776db765a62deb02f556845cf9,0,1,0,1,17,3,0,3,202,208.08
5991,8d7c3ff087ac1390e6da0054ec55974258b6b78c,0,1,0,0,4,6,0,7,54,103.16
5992,555a68793ecb3a244dfbf50a615c6d5e15c9efe4,0,2,0,0,55,1,0,6,196,192.38
5993,ea7080712f2dcbdf125b806007c80aa3d120f30a,1,6,0,0,47,28,0,67,1770,644.34
5994,13150a4ba26127b9ee2035fd3509b57bc3f7aa61,0,1,0,0,2,1,0,0,33,71.01
5995,ef575e87e8a77d56673d40d98d3d66c6511d57ab,0,2,0,2,50,8,0,4,584,381.39
5996,945746527c554bad5ba30fc953c33b35cf78b816,0,3,0,0,53,0,0,1,188,171.72
5997,86f8a255db6ce2ff9e09c2824e85c4930427ecdb,11,0,0,0,0,0,0,0,0,711.87
5998,8a7288ea9af6b6822ea1f4022bb08a10b7b82318,0,7,0,1,50,10,0,4,440,274.09
5999,649cf054e692ea7ffba3125377300fa0496908e7,0,0,0,0,0,0,0,0,0,8.06
6000,22a8204138fdb73115d9501b34a8867a2c4608c6,0,5,0,0,4,0,0,9,471,1110.0
6001,dc5dd5106738e393761a62a56d9e684c722c516f,1,6,0,0,7,4,0,0,425,216.06
6002,609c046dba20cd07d9480715cfd1a6d78ed3a611,1,3,0,0,46,39,0,22,701,356.14
6003,57f7747bb5fa21be5c91338ec3c3aa7ffcecb59f,0,1,0,0,9,4,0,9,305,141.56
6004,3560f2e819425326cc93b4e019a615b7752b98e6,0,10,0,0,7,93,0,7,385,287.59
6005,fc627232c80bc2bf7669c064bef725f2466955f5,0,1,0,0,0,0,0,0,200,62.84
6006,7ecf6c86de2a782ba0aa34439c3387da82f42808,0,1,0,0,3,8,0,0,192,94.51
6007,3feea13f2990654184743eb0dfe16d3e80824972,0,3,0,1,5,2,0,6,148,142.69
6008,790153c065f79ae0e8bb045b96c85f8195bc7a29,1,1,0,0,0,14,0,0,108,103.97
6009,a4ff4804a7029e5593b03c32074a386bc9d6102b,0,0,5,0,0,0,0,0,0,144.94
6010,a05b574cc68d3f652d11fece46c23bbc24f35430,1,3,0,2,294,21,0,19,506,490.01
6011,434013afc91325697a659f736eb816a631659d36,2,0,0,0,0,0,0,0,0,145.51
6012,5dab9345c70bbdc55fbc357c4eb8d28da64aa1aa,1,3,0,0,1,0,0,4,220,162.09
6013,ab2125b82ed10389dafecf1712efc1f8fb977c11,0,8,0,0,210,86,0,17,846,601.63
6014,8038ae4c843f802c195e757100b1bbc1d5de3ea8,0,0,0,0,0,0,0,0,0,6.25
6015,d84599ea0375afbfeaba0c2827cb653c8905bf89,0,0,0,0,0,0,0,0,0,5.16
6016,becd27029af97ccb6246df5e6f31342dac390b22,0,3,0,0,0,0,0,0,141,58.24
6017,ad603d59ec17a07adef995c2f1fd58fb8571a3d8,16,13,7,0,161,251,0,73,1442,1822.99
6018,0506a63c8a7e50a0eaf66cd0bbec42e2fac5017c,0,3,0,0,18,1,0,19,142,153.75
6019,b0e2a2c175d54346010ee4817d206bbeb4033ac9,0,1,0,0,44,3,0,5,279,151.07
6020,216653ad5864302dbcda4be5b88a83c4c039a05c,0,1,0,0,2,21,0,6,163,929.4
6021,e0819dc7b72487670dd3ba06628980e27fdbedb0,1,8,0,1,131,204,0,49,880,513.45
6022,32f300fd2c95e3cd94c7edb52665f90c0fa281ed,1,2,0,0,1,23,0,7,317,142.07
6023,f9b4f91a2b1b5045ef03cdb23617eed5074d080b,0,2,0,0,27,0,0,7,272,176.28
6024,d163f841610644b51749e9449a5a8be982384fb7,0,2,0,0,104,0,0,0,93,115.23
6025,22af6cf57918af645a0bd8282bf1a8e51606f7f0,0,1,0,1,2,15,0,4,23,126.72
6026,ac134d615ddace4c700cc5b0010b49c9a91611fe,1,0,0,0,0,0,0,0,0,113.74
6027,074d80c834765f2aa659ea27ff647b99f760a06a,0,1,0,0,22,0,0,0,197,95.93
6028,49f1a0383923452676ee380cebe8a889fd40c80c,0,1,0,0,44,22,0,0,197,122.45
6029,b380bd313e036f2bc66941367f014c12bf8baa6d,1,1,0,0,0,13,0,4,109,134.29
6030,2af939a10288348eedb56fc0959daee77c9cdcf3,0,2,0,0,21,63,0,30,1874,417.53
6031,2cbd9f5d1ba43059b8bf748f97d2392b1e8f0ab3,2,0,2,0,0,0,0,0,0,243.38
6032,b43067b68ad01882d061be49de8bdfa54a07bfd6,1,2,0,0,9,8,0,4,304,280.37
6033,d1eaa1ee41728e6d788f1e914cb0568a874a6f32,0,1,0,0,3,0,0,0,56,47.44
6034,6c5a8711d80dfcea20967aea009bac51122d5094,0,18,0,0,60,13,0,15,1158,489.1
6035,bfdaa3821c71f9fa3a3ff85f56154995d98b18b5,0,3,0,0,1,0,0,1,157,96.24
6036,fc3a778c0cafe1adc9efbd8796a8bd64122e4ad2,8,19,0,1,280,293,0,53,1802,1679.26
6037,9bc1063c609d6802e809040b2ed4746a7771a43d,0,2,0,0,26,20,0,0,663,224.73
6038,3a6585d9ef15337ed1f1cf7d90102ba6b6141580,0,2,0,0,3,0,0,0,158,66.22
6039,7280df4896939d72e83e67d9b2a2de7449f03ba3,0,1,0,0,4,0,0,1,384,123.02
6040,a26b0f0826dd84cded650280f3b8262e628814da,0,1,0,0,64,44,0,7,93,946.77
6041,475c0b1a6c74744e3431b268bc1a2ee764052cf1,0,85,0,20,25,7,0,24,3384,1375.9
6042,61ae04fb5dcb0d29efe96f1f19ba35e5ab1e360e,0,2,0,0,16,0,0,0,40,85.86
6043,38ded2bb00aeb5c9581fa7ef313e5b9f803f5c26,0,2,0,1,0,9,0,0,47,78.14
6044,368d0da1f2bb7b91b60b3bd5bd66b1fcd497a87c,0,2,0,0,0,8,0,0,640,139.47
6045,c1fee3bb1b6549a7610c3675807490fbf97f6976,0,1,13,0,0,0,0,0,40,387.43
6046,579bc96446d598a2cfe8237b4ebd62d8c9df3483,25,32,0,0,331,288,0,120,4814,3665.39
6047,dec0d6bb702cfcbf30e60f6011565fd9455bb121,10,2,0,0,11,6,0,14,152,887.01
6048,986a03f782608532da45f5bff7c1b2f43a038bd1,0,1,0,0,0,6,0,0,645,168.92
6049,d156f8d73cdd152da924f1923a615374258d5015,0,1,0,0,17,0,0,0,154,66.31
6050,d63f831a4b11bb927a8cc216b4901d9262e44053,0,8,0,2,60,6,0,3,433,384.64
6051,8f4139a42a619738a4efa45ea0b5d20009718aba,0,5,0,1,76,0,0,15,774,392.82
6052,15bd1f128f3d2ae1cad68e89355f9c5045b8e830,0,4,0,0,5,4,0,2,488,214.43
6053,e13ac598b48305080f19af32f475b95ab669dc3b,0,3,0,0,0,28,0,0,504,164.33
6054,aaf8e09d8f9ee7f04cb79d317e3122282153858c,0,18,0,1,126,129,0,71,2723,1472.92
6055,d6aed38b3a15946d383d762030b5f5c1418388de,0,2,0,0,82,7,0,25,638,276.76
6056,bbca3293ab84e8af124e66fcdfc394bbf8d5954b,1,2,0,2,11,0,0,6,659,411.87
6057,2bda5e457082f1dd05736d0e18b8d3bae4ba7c4e,1,3,0,0,94,68,0,6,662,271.18
6058,28c3354e735e98657d8d90912234cf8e896e78d6,0,11,0,0,443,206,0,102,1206,1111.63
6059,c210ff37a4c55c835f76c031f2d9cf18165812aa,0,2,0,0,10,0,0,1,571,175.64
6060,36cf7eb2de5be992f1716360b7ca4f010a7c2a58,0,1,0,0,0,71,0,0,212,905.84
6061,f266e825557f4091094a866e6887f52ca54ff2d7,0,1,0,0,0,0,0,0,55,18.95
6062,8c8c02887a27cdc87bb019626f82ec03392ca8ce,0,1,0,0,0,4,0,0,102,49.28
6063,0d587ff861dbed10dd487886aab2eb83d8c2a443,0,1,0,1,0,0,0,0,0,13.59
6064,82ed799999e3f05ebfd67d69dfb56ff13dbd497a,0,1,0,0,126,25,0,46,195,163.18
6065,53134594644407d0a3cd691b0e93ae09ff6c8102,2,2,0,0,0,386,0,0,64,229.8
6066,09380e49256bff924734b9a932808e0f4daa7e5c,10,13,0,2,110,21,0,52,2241,1279.05
6067,aa0ef2ac4b053c6bead7ec61a9f7965a907e2ade,0,2,0,0,29,55,0,0,98,98.3
6068,9945904e2251e7c0e218e2766bf07778d1307277,0,3,0,0,47,0,0,4,915,265.03
6069,499aea0d834ad8e8ef34fb80ffd89b6482062e37,0,1,0,0,17,22,0,8,101,115.29
6070,8742ff1ba4c345e9aa8fd0adc207930cdef959a6,1,1,0,0,43,0,0,0,32,132.2
6071,fa67ef409c9d0d152d22c74e3ace4d56bc8aa7da,0,1,0,0,0,0,0,0,130,32.17
6072,c2f28c013116328583043ca1433c45c85e32de30,0,1,0,0,0,0,0,0,232,51.64
6073,dba7d7da9b81fce21c13093634118a863a2e2bcc,0,4,0,3,0,0,0,0,493,249.74
6074,8efacf588cee45eb99a24628136ced308c4fb418,0,1,0,0,0,0,0,0,346,54.95
6075,51a357351b955844941edd9a9b1406cdc787b18a,0,2,0,0,0,22,0,13,502,190.62
6076,77047244a1ca2456c2b9fdf7083dd3a7c3aba029,0,1,0,0,20,1,0,13,117,114.98
6077,b5caaef82add4a6f424094d526700c77b011724e,21,9,4,7,70,355,0,3,50,1666.67
6078,3a258f7eabe0940abaca63f900a080204b32d2fc,0,2,0,0,7,13,0,7,143,173.93
6079,46423b9c7d1e49791fa077d653359a4ac3d83115,0,1,0,0,0,4,0,0,212,70.54
6080,5461b95ee3c46812cedc59ad738e0d7a56c1f728,0,1,0,0,0,0,0,0,241,889.34
6081,cc27f0803f4ed1d9799594c75ac00d0e14447479,0,2,0,0,0,0,0,0,12,13.65
6082,fd872a14974cad14c63478e44edb4e508dfb4069,1,0,0,0,0,0,0,0,0,84.49
6083,ce023503f6f9601c80d41766c6d59836bcb0abb6,1,8,0,0,10,79,0,13,563,430.43
6084,c5d77a83c33027e79cf1e0c6053f6a6efe0966ad,0,1,0,0,0,0,0,0,174,31.35
6085,238c50327de71be0dd6525e98b12dd51d04a8871,0,1,0,1,0,0,0,0,118,76.83
6086,bcca3fe6851192e4fa5c74e973bd685d97bc5d3b,0,1,0,0,0,0,0,0,241,51.46
6087,51c02eee7811116f9879d28e79967685a6a037ac,0,1,0,0,51,24,0,8,69,122.52
6088,254a70072aa3bbd51277e99e0982c5e29908d684,0,0,3,0,0,0,0,0,0,94.37
6089,3b97128f05bacfb80afe4a2a49741c31ff306cd2,12,38,1,4,310,282,0,70,5202,2750.27
6090,6a86e9d62045386b76026f4deead8baa559f008e,0,4,0,0,76,0,0,26,611,327.85
6091,2e107b1cfaa6e31fe478191c74aa25d53ab49943,0,2,0,0,19,0,0,5,655,163.78
6092,02d7e4a102d9dba41b508a033a17fbf2ba37f022,0,1,0,1,0,1,0,9,99,115.52
6093,63a6af3bec17f2e45563d41032d1e60b8ee97d81,0,2,0,0,46,85,0,8,476,264.87
6094,c93e04c16a7865dbbc90d89799b46f91831e0a55,0,3,0,0,0,0,0,0,171,56.6
6095,acfeeaf5e337e56300d10a3a991e79edc827ac7a,1,34,0,1,364,203,0,155,7399,3107.76
6096,ddd7c36ece20e3f265ae11863c660b79b06e35bd,0,1,0,0,0,0,0,0,90,22.58
6097,8d64263203b4af7f3fbbe2a30ef67ddf67cc45a5,0,1,0,0,0,5,0,25,388,121.69
6098,d16552dbefccf8ab7e0e24f8940d555b34a02732,0,3,0,0,6,0,0,0,832,167.05
6099,53716a4da1732ee66c7906772bd5bfcd2218b3e1,0,55,0,3,56,24,0,2,4188,1388.12
6100,cb282067517ed721858e5c898abbbf59a2fbafef,0,18,0,1,4,0,0,0,1719,1231.4
6101,58d4513a9913f023284aac1b93a279bf4fd8f094,5,4,0,4,17,111,0,9,157,810.79
6102,586f818130d988ed6ca7ac06679451f6d493da32,0,1,1,0,0,0,0,0,418,105.36
6103,0b3d5c27f4ab7b2dffb37160a1f01cb822bb696e,4,12,0,0,146,23,0,44,1542,1097.71
6104,df3f11979ed2895ed548766bac061e6cda8f6881,8,4,0,0,21,27,0,53,645,692.58
6105,21742b2d77c0a6bb254f27e954f95efdab009539,0,3,0,0,8,12,0,7,562,246.31
6106,c151b2d53f47f1141c14a588df5c7eb5ee5f37b4,0,2,0,0,0,0,0,0,296,60.87
6107,c1c6ef1e7346cc5b3dfb6e8b7ae3e782b407b8c7,0,2,0,0,0,26,0,0,262,106.33
6108,3fe2cf544d0e51ddc31866943f60bd0938c32f15,0,1,0,0,2,0,0,0,131,58.05
6109,563c3a4a54535ae6cb3812303812b0d337d62ef2,0,1,0,0,10,0,0,0,131,61.47
6110,cfb95b9074a05686f5ad290b2aaa4be89536a35b,0,4,0,1,206,19,0,16,592,402.94
6111,b8a784e93811a71f525070cee8ff32230fee8fee,0,2,0,0,5,1,0,3,249,139.03
6112,2b3fd395ef254e8828e173b0afd23a1a9f7033a3,0,1,0,0,0,4,0,12,84,85.55
6113,185a5f20f5d052e9b95718d7fac24199b43dbb39,0,1,0,0,7,16,0,1,125,134.3
6114,6342d6db1de5f38a921732e35abd83e6c5b9305a,0,2,0,0,2,8,0,4,544,261.7
6115,b351aa2ddd56bf0c20706400383fa4317bcdb03e,4,0,1,0,0,0,0,0,0,357.41
6116,19ef82cf358da54bf204e678bf203f25147b11f9,0,4,0,0,14,14,0,23,962,448.64
6117,c69f366cea0a537fed4ecfbc7e9f861453ce9f2f,0,5,0,2,0,0,0,0,0,45.14
6118,1542260d52238e87de4fa040e6079465777e8263,1,7,0,0,949,210,0,16,624,778.18
6119,6f5c7d8a68e3a1fa88902d8d314f350563b76752,0,1,0,0,0,0,0,0,287,44.39
6120,a811545ecae762d3d2fd34e5d554c010ccd8b539,0,4,0,0,54,1,0,11,555,1127.4
6121,cf9f4c77c8e785567f036cc2fbb97c0cd16979a7,1,1,0,0,1,0,0,1,22,149.73
6122,2ce080da627cbc77527b69bfb877d4904e9a0701,0,6,0,0,68,20,0,25,634,418.67
6123,fc597f6f516c1d4248b7827853932cd4b2a7cb51,0,1,0,0,4,19,0,4,125,114.5
6124,24db045fc1936ff1bc5069bdb76c2fd654f6ab25,0,3,0,0,16,5,0,11,220,232.76
6125,3104619250fa0e0e87b4bb3e05b1cce9d39e6983,0,1,0,0,2,0,0,2,31,72.99
6126,54b70927575d22520b12fb8111324b8f77187822,0,2,0,0,20,8,0,6,328,205.22
6127,c89a622449cf0f08fa1b8944c67c5cabe7aa1cc6,0,1,0,0,0,73,0,0,357,92.4
6128,0aa9db07800bcc3979dc89bba0b3697149b18ecd,0,2,0,0,126,0,0,11,726,238.26
6129,ec3eb593ae93123cf54cd34c452618d8bd0a7876,0,2,0,0,69,10,0,22,142,196.32
6130,10e4e321b335b6f9376501f90715e31b71b02da8,0,2,0,0,1,3,0,4,472,158.22
6131,4820b413a55a3bbb1853251ecdb94b4c70dc5e2b,0,3,0,0,65,4,0,0,198,208.36
6132,fe4fe5872883f3de362c4d6864b21a66bcbf5d4e,0,3,0,0,12,10,0,0,992,248.95
6133,186b12309b540f82a055be28f3f005dce4b8cf46,2,3,1,0,6,194,0,29,476,405.43
6134,f24514339c78d809a28731fa18e8df638b382e3b,0,2,0,0,3,3,0,5,86,140.39
6135,7b1857d849efd3611be797679b11e8c7b7ed61fb,0,1,0,0,0,0,0,0,111,25.06
6136,215776b81a52cd380e8ccabd65da612f77da25e6,0,2,0,0,39,0,0,0,456,159.94
6137,b452c8bbbaa9efb5de6cc66d2817b398ac9da041,0,2,0,0,41,0,0,0,562,139.27
6138,f113d79451ba88c487358861cc3e20aac3d19257,9,14,0,0,171,61,0,31,2566,1651.23
6139,d9c116e542889b6ad00485529b97652dc2d59cad,0,2,0,0,24,2,0,45,573,201.67
6140,4f47ccdcbd3c794522d9bd5b60d11c016a71b5e7,0,2,0,0,0,0,0,0,12,929.89
6141,dfc6fba5b9830e6a7804a6a0c9f69b36bf772730,1,9,0,0,85,24,0,44,833,617.27
6142,6bc6b225e55095eb8797db2903b0546410e7fdd9,0,1,0,0,0,0,0,0,346,58.36
6143,87d09342bf5eef24ec22197284b16879c83e34dd,2,5,3,0,45,39,0,4,197,624.01
6144,30c5b771a7943e981dd5f67131c932fdb204fbc2,0,1,0,0,2,0,0,6,31,80.54
6145,82db667d319778f30244e9c4212bf3a2920f604f,0,1,0,0,0,0,0,0,328,75.28
6146,fe2a3016f98e45d0c94a3fa1ed8c17b89a516859,1,2,0,0,204,2,0,21,424,336.93
6147,95765b6d8fdda9c601ad61dc39ce02043ecefa05,0,1,0,0,28,7,0,2,213,134.91
6148,665c7e399928188b22a7963cc05654589d47941c,1,38,0,4,127,107,0,101,5462,1814.47
6149,d05fc377ee688b231fb1b0daeb8a34fd054f3ca1,1,1,0,0,0,92,0,0,52,133.25
6150,59aefb57160f04e090e6620af1dd70fd4c121ae6,8,29,5,5,1119,597,0,141,3030,3078.88
6151,9b4cd349fbe54c05670a184472f65dabd0558b81,0,1,0,0,0,0,0,0,79,28.03
6152,61d7f15dc8500bc5350508fcbe47a0873452857b,0,1,0,0,44,0,0,2,236,119.33
6153,ff3786663b7f1f8a09b5ad0666f55fb171d7f64c,0,1,0,0,23,14,0,2,154,124.84
6154,11e2aa6dcdbf42992cda57a5b50d5c29b4facf2d,1,31,0,3,445,14,0,66,3212,1899.36
6155,f6709b4a48a843a0a1818fd59b98d32f82d6184f,0,1,0,0,14,3,0,53,487,181.76
6156,8b49ee5aa2e17b1787764c3265e1ebda47d89840,0,31,0,0,54,151,0,36,3920,1270.13
6157,b455f22c9bcac565945cef4897af50c20ded94b5,1,1,0,0,14,4,0,2,8,145.6
6158,544f53467b901e6e891a23fc4f2ef3a6be229718,2,2,0,0,15,2,0,2,58,281.11
6159,f7af3b01681592787db16a555b55d6b11d35f869,0,3,0,1,18,19,0,0,170,130.67
6160,f15603d81dad4861175093f4ad22eb2f8ccee4a0,2,11,1,1,18,6,0,0,520,1135.97
6161,1ce10c8775cf37f0aa792df0e45fa38f1f543846,0,1,0,0,5,6,0,0,6,92.04
6162,d47446cafffe0d34d89488f6eb860aa139ceb3f1,3,14,0,1,65,15,0,6,1747,930.17
6163,2045cc5f84ab39f18f423154c5620a79ac6d44ba,1,8,0,0,4,3,0,9,845,431.87
6164,1ceb7d82eccf4dc77482bddb61a664fd7f226b2b,0,1,0,0,38,0,0,0,21,61.69
6165,04e6758abbadf39a12848a925e6e087e060bbe3a,0,9,0,0,114,44,0,41,1706,751.29
6166,0ba08b44477cd6eaade4e209230645148b303787,0,4,0,0,191,1,0,3,311,299.7
6167,d6a97e480e294e4779eb320a8b57983122a6cf63,0,2,0,0,46,40,0,6,481,210.23
6168,0aa9918cc5b56682087c2c19eb31d9b321c97875,0,7,0,0,0,0,0,0,79,46.13
6169,082d40fdc415952737a109c913a86d009ed234c1,0,44,0,16,0,1,0,0,2691,1053.28
6170,a1bfae95fec8d076ef90d5a36ffa32d3870870d8,0,7,0,0,9,0,0,2,802,285.2
6171,2edc97185700a5bdb3e181a71493d681c0f693e3,0,26,0,0,67,99,0,66,5115,1535.41
6172,1cb8cde48e054395d808f6fe985ae60648e0b6b5,0,13,0,0,77,44,0,24,2267,958.96
6173,15ae922ad4151701cbb4e0df207f43d0094366d1,1,7,4,1,16,89,0,5,638,553.81
6174,d4069159c2f4f32fefae1e7491543827632ba8ea,0,2,0,0,76,13,0,32,416,237.69
6175,5a44a51a4b5381fb5d892e8f9f8b2add9418c363,0,1,0,0,4,0,0,0,26,42.78
6176,fcc1efcb05bce13e435946107a842727b1e3ee20,0,8,0,0,7,8,0,44,885,471.8
6177,6e7a91741708a2b167a2bbca5dda5b2059df5e18,5,67,0,3,509,219,0,154,12566,4179.76
6178,f63426b0322e05fd0986ae5f224a69b1320724f6,0,6,0,0,9,47,0,30,1649,486.0
6179,b0f0f3722fac4726fba879736c7ee85993b392db,2,27,0,2,165,61,0,9,3855,1625.06
6180,8780cb6c4fa05f7cd6167f1240d03f407d8d41ea,0,3,0,0,0,101,0,8,229,1025.54
6181,813c2585a49c673b71678463d719b6a85b778994,3,0,0,0,0,0,0,0,0,187.5
6182,3446e66aac63a3dfdaf8cfd4a73bd80a7f038379,3,27,0,2,148,56,0,45,3855,1439.25
6183,31c26e3fc06ad1939284249547c3885a5b62a8f3,0,1,0,0,0,3,0,0,221,74.23
6184,1456f0a7084f45056ea9b09e3f85b1aae6b11c6e,0,2,0,0,1,28,0,6,345,170.18
6185,2437da6e54cb48c4e29116b8789fbe4782b17ea7,3,8,0,1,134,25,0,6,282,622.0
6186,b46f5e050bdd77fe6e501bad20466d8777218131,0,11,0,1,92,18,0,10,732,524.09
6187,521a53d9ad68a3f16a32e08843a6fca2bd4e439d,3,7,0,1,207,63,0,40,746,762.22
6188,7fe0eb477df52cfd7254695a67d41f3cba34ef0a,2,36,0,14,1654,1075,0,38,957,3393.79
6189,0c9c04d19472064b5406dff907671ef723cf438f,0,1,0,0,0,0,0,0,35,15.22
6190,0f99aae1e1f8b693c2ba79a061046bc042113f0b,0,4,0,0,29,0,0,7,397,259.0
6191,821da81fe6bee4c5a33be19c08064491fd6280de,0,4,0,0,40,42,0,24,1252,411.12
6192,a92d78746318e9bbe949d9d030fc21b5348b56e2,1,3,0,2,20,0,0,12,137,269.75
6193,fff04bfbea5eeb3fc0d6a59db961c4b678ceab58,0,6,0,0,59,45,0,84,754,460.14
6194,6b5e1f68a9b78901f0af57f446b465a7b03a88bd,0,1,0,0,0,0,0,0,56,16.03
6195,ed68fedbe90db03823d75a020510ad3c344fa73e,1,20,0,3,123,213,0,111,1753,1397.78
6196,963f46e7179db034fd1d444469f4af58eac87409,29,0,0,0,0,0,0,0,0,1642.02
6197,e7011d78a3019880a4e00ab5f697c3cfd20161bb,0,9,0,0,82,8,0,15,467,570.3
6198,9b179beaea2b623ad3637e417f6d8014b696d038,0,1,0,1,12,0,0,0,6,61.4
6199,1f9f38bf6312529af3ac527bf2f80f2ecee4d62b,0,7,0,0,3,0,0,0,1430,267.17
6200,df16e50bbf01d26f75b7745dacd5779ad47dcce5,1,7,0,0,11,7,0,5,610,1178.62
6201,788b839213811c6f2407ac6d54fef28dfa3d29a6,7,7,0,0,519,3,0,44,1206,951.17
6202,d5f2647afaf69a3d9a4f2b525b1e70e3d728d6a5,0,2,0,0,6,0,0,10,107,147.86
6203,8ffe75a54f24cbd8e69c455b42a4e969b943a279,0,4,0,0,6,33,0,3,112,205.54
6204,5b7f21d891b410ca0046efdaf12caf5e73deadf4,0,16,0,0,144,101,0,25,1692,968.49
6205,417597fbf71ac9062bed1abf04139d46ec830ec4,0,1,0,0,5,23,0,2,70,103.64
6206,8dac43613fbc937b2467b024a5f2524735fae5cf,0,1,0,0,2,0,0,1,155,85.65
6207,f6e6e7ecf4d287f76698302417a9ff2ffc869477,0,2,0,1,2,17,0,70,515,208.95
6208,31f3d65c59034a9c5f40a7de34c0219792507327,0,1,0,0,24,0,0,12,33,78.9
6209,cb9e409b764f95e07441a0c8da6c24e21bc1564b,0,10,0,2,33,47,0,5,1022,579.74
6210,2313a74e2726167f9cb586a298d4c397f3b82b69,0,1,0,0,3,0,0,10,594,146.53
6211,daf0ccda4dc60a267be7b8074d40e48d22ccb13f,4,5,0,0,181,207,0,46,912,712.03
6212,5983069fc2a40492b514ffa53a508cd8992c6bf2,0,2,0,0,0,100,0,42,701,197.0
6213,40743aac9257677142a510fdd869036d13436edc,0,34,0,1,13,12,0,5,699,389.37
6214,e9a5c8629408d0b5e7fa89a072f16f6788f961a2,0,5,0,0,14,2,0,9,870,410.37
6215,1a062b796274c9f63caeb2bf12aad96e34efd0aa,1,5,0,0,65,0,0,4,1381,508.42
6216,3f0ac26e9f502f9e032af0375d52c5e4af2126f3,0,4,0,0,22,0,0,9,224,198.6
6217,51b7ede288e06ccedfbba9f92ac361f28bb51452,0,6,0,2,0,0,0,0,1859,324.72
6218,931ce05a47ce1063c056c1a558a974fbce559f41,0,1,0,0,10,0,0,71,501,139.51
6219,8bcb2ae3ccf6a58d8f42f29d67fdb7d88a95f8ed,0,11,0,5,0,0,0,0,1371,443.28
6220,e0dede9fb0a2ef7560254b6fc40d852ebf16c956,0,11,0,0,26,48,0,13,538,1489.09
6221,9912de21a1053013a220707f8b3868bdbf93aaca,0,14,0,0,97,5,0,10,1707,746.66
6222,c24c7ec3332d0eb6ebb24eb70c9aabd055cc129f,0,1,0,0,115,145,0,3,184,156.38
6223,5c968563df26642f81ca94df391f31c51b4f37e6,0,19,0,0,6,60,0,32,3259,793.68
6224,cde3cdd00c7b97f86904f641475381240fc440df,0,1,0,0,6,7,0,1,319,133.98
6225,a552d6746636e26c634c86d6a11732ea9d2f239e,7,36,0,1,271,531,0,4,1380,2274.97
6226,70e78a620df503f06e298dd5537f24a56a8cc866,6,0,0,0,0,0,0,0,0,36.69
6227,f2a8bc92df583c0a6beb519fd8a84cb40edbd060,15,0,0,0,0,0,0,0,0,789.51
6228,3086af534cfcea0ccb39d3058c172983cc17dabe,0,1,0,0,2,0,0,38,299,110.53
6229,59f0f7a74b60a0d82ea28defb8a3c57f6cd85bea,0,1,0,0,8,0,0,12,169,88.57
6230,82eddcad9674b09e90db921bc874b43b64796420,0,4,0,1,34,19,0,1,336,224.22
6231,0228676d689b04accf1ba7d7c7f8064e121c6d88,2,5,0,0,62,190,0,0,839,532.39
6232,06740fb28d3f3269d040d68cbfefc5201203b60d,2,3,0,2,27,214,0,0,145,439.0
6233,999baceff36165d950a61dd9cc4342f252e64837,27,53,0,1,1018,1019,0,26,1987,4664.28
6234,a00de2b4d959604ed1705b510580262101a790d6,0,3,0,0,92,15,0,5,191,261.99
6235,07a15d0e1647c79ae010ca6df5b1830a4087dd56,1,8,0,0,564,393,0,87,4009,1341.65
6236,2592a19ccd4f83e4f57a835b03c7846d6edde927,0,5,0,0,287,456,0,8,250,326.97
6237,1932240179189a88273f52d3d93f277e7bf604de,0,1,0,0,0,1,0,1,169,83.95
6238,afb4c5e02c513a82d2ad7f7816065fdd93665e0e,0,2,0,0,33,0,0,1,335,173.81
6239,f37507d9434d5ae16f7d164686af2aa5438995bf,0,5,0,4,0,28,0,21,1327,505.19
6240,ab014ef94e0e9137ac6f8f41dae385ff71e8ba5b,21,33,0,2,355,561,0,101,3723,4439.17
6241,53fedbd2894c6c7b839d8fdcc0dbf1e6e21e631a,1,69,0,13,38,96,0,20,7183,2234.6
6242,84afd068ac229e4d598fffdf10075e9d356fbe07,0,1,0,0,1,0,0,0,20,43.45
6243,fad201bfb0b1f2757f68f7b3ffaf97a486eb93e8,4,24,0,1,423,177,0,51,2616,2093.13
6244,4ef9672a9da78bc4ce02e56d9ecdcc546da23e42,1,3,0,0,32,1,0,4,439,297.67
6245,e5e6da0b38495d4030fd0b790a81ca70f9ce84b2,1,5,0,0,0,24,0,0,126,201.38
6246,e0614f6551a232706b74963563694486fe2461b1,0,7,0,0,116,37,0,21,744,531.55
6247,6f47e31babe159ec28c8619263d8ea874e56f8fc,0,11,0,0,27,13,0,106,2469,760.86
6248,97ccc147382d866bc3e82caf9b87f7cd2e5989f9,1,17,0,0,83,53,0,62,2023,1101.0
6249,b54a72e4507b0d968c8209f2c447729b51d5d3bd,4,2,0,0,11,0,0,2,208,310.07
6250,3ab91cc5d233265b7c4a1497e7294c9065261dec,2,1,1,0,18,0,0,0,12,207.5
6251,c39ad31f3c321a1803abc97b2ba3074561d9af6e,1,2,1,0,5,32,0,0,336,291.75
6252,96d24445e3fb9540091a01e0fe34fcb51bc0dd58,0,2,0,2,0,0,0,0,0,25.66
6253,bb1197d9162a630c87d47defc5d0c42de6726feb,0,4,0,0,43,32,0,1,209,237.06
6254,40a156e4974c942b021d20edb78b95c8bf261972,0,2,0,0,17,0,0,6,272,121.14
6255,c2afe1b7ba748ccdb1b4233321805f31a6465bc1,0,3,0,0,81,76,0,25,2771,716.99
6256,206ea2119ce80c7d4920a471eb58c1d30abbd995,0,3,0,0,26,1,0,10,761,306.42
6257,9cfae899358e0694c3ecedae1fad20e428a1d359,1,14,1,0,155,109,0,30,1531,1165.02
6258,5f08e53592ebd29cfcd8ee486fcfd6229b82aa69,0,7,0,0,62,0,0,22,1717,465.06
6259,f31a55e08ddb7b4bc9e47577a187bac31ad42f4b,0,5,0,0,40,6,0,4,1281,406.25
6260,e4fbae36207c563363eed39886c24eea51d7db01,0,6,0,0,6,7,0,4,1433,1619.9
6261,c3fc8b97aaa4e46ed99d893d582cb536da98951e,0,1,0,0,110,0,0,0,47,78.03
6262,20fff32a5c6d3385bce54a3b76696fb3063a2ab2,0,14,0,1,158,6,0,0,3230,1496.94
6263,709edb80b8fca2d669f960b7daf983933a8a33c5,0,1,0,0,41,0,0,0,157,77.01
6264,524b20f2db70fc4afba3a539fbf249c6d768ab4f,0,1,0,0,4,0,0,2,159,94.38
6265,a0109e17bdd125a042d8296a1b10821ea53c2e5c,0,3,0,0,65,12,0,24,561,307.63
6266,90c7415b03b0b1ec28fec9dcd68e426321ad7270,2,14,0,1,182,71,0,24,1381,808.27
6267,78f22aaec9bd7d39fdec8477335e5c9247d42030,0,2,0,0,6,0,0,0,55,96.57
6268,7ccf4c4f97452b5340b5b610a371f74c219a8286,0,4,0,0,49,2,0,7,261,289.37
6269,218bed8b8e49b0e4c61c61f696a8f010eafea1b7,5,19,0,0,304,78,0,151,3184,1848.1
6270,e5057b72c0749a75578665c4c86a47be33382b4a,0,5,0,1,227,43,0,39,668,545.35
6271,03889ae1f25bab0fc42ae695bdf45cf45658eab6,1,2,1,0,0,28,0,3,371,246.63
6272,6bdaf1e4a5db1c1609cbd7f96b20aab285877535,2,12,0,0,344,107,0,46,1421,1001.36
6273,dabeb74c10e755c655a06cdc8846dc7227d63cb9,0,1,0,0,0,4,0,0,380,80.31
6274,31ab4b2474cf4ac0e5add9ddf7d012731ed7232b,0,1,0,0,0,30,0,2,61,75.36
6275,6033de01ae620ebc9735c552ce85ccd1687793d7,1,74,1,12,1026,444,0,653,9686,6059.99
6276,0bdc8bfd02b4eb6df46e3881df4a0c4d52ab4c58,0,1,0,0,35,0,0,0,64,57.37
6277,c8eb55f17d64722bb600c1083a478ab99e53f4ec,0,1,0,0,16,26,0,0,320,114.84
6278,d498cbedfda7c5ebabbc5f8203d7518926ede423,0,3,0,0,11,14,0,0,311,112.68
6279,afd36f9814ee282df8e3a58e846911f6efa54c61,0,2,0,0,38,94,0,0,90,92.15
6280,97f1788941b3a1a0710f530ddd83bad713098d56,0,8,0,0,22,231,0,56,1300,1456.7
6281,70252f3468916758e8bc456bbf482549c38ad7ff,0,4,0,0,14,117,0,66,2067,592.19
6282,677b508a962c5c7df9308ac3531e799cddec27f6,2,0,0,0,0,0,0,0,0,131.73
6283,24408e19037c8761924ca66a557dfdd8236a7be4,0,3,0,0,77,0,0,4,254,171.62
6284,30bb958a73e74ced94548897962740a59677dc12,0,8,0,0,35,8,0,13,476,361.82
6285,d160b5e56fb40a0872a59c64d9ca3377d4cf4e86,0,1,0,0,1,1,0,0,57,76.97
6286,09164cf2388888bc2f92f0ca63bb1f15283e895c,0,9,0,0,351,136,0,184,2137,1160.11
6287,759f46ea6716e2f9da98002ed881be2fe6d7ab39,0,8,0,1,1,8,0,0,136,159.07
6288,a7251c56d0d03293f95f0e3b084326a96fe50ce3,6,5,0,0,3,86,0,7,277,545.43
6289,713c092b2900ab1339da51b57ea10d378a4d2608,0,1,0,0,0,0,0,0,0,10.64
6290,85070df1440854976e92c751afd1cadcba4d36c5,1,0,0,0,0,0,0,0,0,12.47
6291,80d1c06dc04937a47e0853309e0add63903023b8,0,16,0,3,14,0,0,2,2021,431.82
6292,3e767b5a4a0846c8d53a8167d6236dbd9657eb2f,0,2,0,0,53,6,0,4,162,172.84
6293,9001c4ef82a7a04d821252ac62bb7809a931c98a,4,13,1,8,1005,72,0,42,1239,1530.96
6294,c190fd7b43ec9cc2416d0fa94b95fbcd2aa80491,0,2,0,0,45,7,0,5,246,161.65
6295,dceb9135ee030618e5f20e81f712420b812efc14,0,1,0,1,0,0,0,0,60,45.84
6296,68605d05107e2c70c12178b1db6a9e49641dbfe4,0,67,0,8,45,21,0,37,5280,1843.3
6297,fc2325ab369fabdd490eaabb38cae1347e3c18c2,0,2,0,0,2,26,0,2,127,149.45
6298,52d3e4d6c8a44f8e822f82efa276d89ca8b08c9f,0,3,0,0,0,39,0,2,328,146.1
6299,ecadd352bf63df4b050b725fd65d6f813828d9e5,0,1,0,0,3,0,0,7,524,132.27
6300,a303553560fc8c3653a0eb29400566a3c6c7ed3e,0,1,0,0,39,1,0,1,293,1071.33
6301,8e85f01de4e01752716d6498c7921e0f24ae8482,1,1,0,0,0,35,0,0,182,126.5
6302,2cab0cb2645c78d95c9586a2b84a2d8768a391c2,10,6,0,1,106,37,0,37,550,981.29
6303,1ed0727e6fadd4f163a0c443eccd2d60421a6a36,0,1,0,0,49,34,0,50,336,169.2
6304,d20fb090c31858bc0372a8c84228d796558d56b0,1,5,0,0,410,193,0,7,1498,667.11
6305,3c4b156527e9ca7cb2dafdda706913e91d688133,2,3,0,0,0,145,0,28,1935,581.55
6306,a0bb99c70703f6eaf0953b9ea6e70c5dbb9c1c77,13,41,11,0,229,90,0,122,4790,3140.41
6307,8ed85fe49b7595546a8f968e0faa1fa7d4da47ec,15,22,3,0,551,365,0,276,5353,3109.25
6308,81a143f6b42cf39d56a36222d14b5db0cc54addb,0,1,0,0,0,0,0,0,3,14.94
6309,fd90672f9ccf7a0e02e5eb9c6251dc3d451ce8ba,2,20,0,1,135,200,0,90,2512,1395.72
6310,6a0ada81e19a972b89556f1b4b0277508b7caa7a,0,1,0,0,0,16,0,0,320,80.76
6311,83b99f8a624ddf35deb934b4d4358582657998c6,1,17,3,0,18,9,0,9,2584,718.09
6312,7fbdc100e19d69d7e31544c20fa94cb2b314ec12,7,20,2,3,268,34,0,24,3377,1571.45
6313,25d52e4df216dc54d2d82e1f0b449871bda4ba74,0,1,0,0,0,6,0,2,1294,241.81
6314,60895a3ccd83609088be6ecef3445f7c78c9955a,0,2,0,0,82,122,0,26,507,198.14
6315,eef85e095a8a0e4c4553631b74ba7b9f173cebf0,0,4,0,0,10,0,0,4,201,201.39
6316,5ba5cd5ac9ab00da18b723177fb8c977c56e009c,0,3,0,0,12,9,0,19,260,264.2
6317,48890285d4b1c285bebb971ae0dbfc310c6fcc0e,0,10,0,0,131,3,0,4,1182,453.33
6318,11fe3dc89f6b6b24fa21cc51d5e935e91634dbe5,0,1,0,0,0,2,0,11,512,129.55
6319,85f75a5999cfeabb82f24f1f3c4cd998a4c5b348,0,1,0,0,0,0,0,0,580,71.48
6320,4b19e272043907b70791bff8a85bd493e212947c,0,1,0,0,1,24,0,0,12,975.12
6321,662ed33d8f5baed95035b8176daf95a1caa0b278,0,1,0,0,97,0,0,4,1294,284.85
6322,aa3c395b97943e312dd16964b363f0e4f86c6739,0,5,0,0,220,72,0,28,1403,548.76
6323,ded25be4d8fc51f2a58cbd3264daffe48dca6b04,12,2,0,0,6,6,0,0,7,671.25
6324,90ca438106e63c5032ee2ad27e54e9f573eac386,15,27,1,3,235,160,0,88,3239,2403.09
6325,4d8627ccaa7fec273cb97244c771473c78485bd4,0,4,0,0,1,8,0,15,457,190.62
6326,5f0d6769051be8db8ee12659e13d22e5c5fd2f2d,2,18,2,0,347,118,0,20,2799,1447.27
6327,4cf78d684700920ab0b0b58c5e2c3b6102da5008,0,3,0,0,12,15,0,5,705,296.33
6328,ad21a441434b9ac5886b664871553bf57885e984,0,2,0,0,0,0,0,0,356,59.81
6329,81abe73e7d9d0a3c2baa2f4a4799dc73083854ef,0,0,0,0,0,0,0,0,0,5.06
6330,42328bd9b7f216e4c3aae2086b822b4a3a564970,2,0,1,0,0,0,0,0,0,140.3
6331,89866a5ad0673dd448b3cff186e6d663189a60e3,0,2,0,0,87,3,0,1,293,193.74
6332,05ceec0ace45135bc1cc17934a0b8721f4f85a03,0,2,0,0,0,0,0,0,345,54.09
6333,67e431deae364f2136355b03b0c4e9f6e487e90b,0,1,0,0,1,0,0,0,227,70.87
6334,0f91083b2b497485b4375935ed7397583a03ca7c,1,10,0,0,199,100,0,38,1393,588.21
6335,48ce77c79d3efd0ccab2806057ff01cf435f7c1a,0,1,0,0,82,90,0,0,10,100.04
6336,c277ee17388c85c40d9c3956fe9ac524c3157130,2,5,0,0,77,134,0,53,782,378.82
6337,231bec8d4d5b2e79e279ea1acfd9d4f14f892728,0,2,0,0,2,3,0,18,640,206.6
6338,719d0cf19664556e62f808469fb641127c3f4410,2,1,0,0,2,0,0,0,71,144.81
6339,81114d5f71ee05908a93ebd21475dcec1f5eed09,0,11,0,0,181,14,0,62,1159,728.58
6340,ca681101fa7c813345dc3125a3ec7af22563ab00,0,6,0,0,11,69,0,57,1750,1393.08
6341,e00612726991a05058168e5a4fbfb53853e645a5,0,6,2,0,144,105,0,28,1885,750.22
6342,a119a30da91bc88b6b0242622adff2189b0a8fa4,0,4,0,0,25,183,0,14,523,314.29
6343,f4324ba70970ea65f305be0e793616d878319457,0,1,0,0,2,53,0,4,111,121.02
6344,258ed1791a3e66443b29e4a4e14dcc4e03ffd9e6,0,3,0,0,30,13,0,5,170,197.35
6345,dd588efe6470dfdcad51249ff36f12cfde7b75da,0,1,0,0,8,0,0,2,113,85.81
6346,8f78e9d72f494c4eb773211beb30a7116d048109,0,1,0,0,0,0,0,0,17,13.35
6347,bba49d673f9a36d4291bc74f07895e957de75bce,1,1,0,0,8,9,0,5,340,210.33
6348,940d16c77731a8558b13cd9b3406862229e4bd4f,0,1,0,0,0,3,0,2,345,125.65
6349,bdcebfda06846a1e21bb6a4678909d503ebc6333,1,12,0,0,56,39,0,30,779,709.53
6350,5ff9c99ff193725c125f2b4c450411db97b6f3b4,0,1,0,0,29,50,0,9,301,154.12
6351,6230cc55048b21ac5488e2a42372ba1a14500a8a,0,0,0,1,0,0,0,0,0,69.49
6352,db759c5303bef8b412a183b4bcdf6d11abb7f327,0,12,0,0,217,7,0,11,2425,916.79
6353,bbc5e29c8df71950c6216cf490817ef002c140c5,12,17,0,15,12,40,0,0,394,1394.49
6354,9bdbe6071f1946391598709bfa637fd76a8c7396,0,9,0,0,16,5,0,4,1028,327.09
6355,1b6baddca07bfba6093951e82ac9108cf4728f2a,0,2,0,0,7,7,0,0,362,144.08
6356,5b4dd4117d111514590dfb1bd0a1f4bba3db2b9e,0,5,0,0,3,33,0,6,1284,342.05
6357,a13750ccf7bf2fc8c15746d891d8d6959ea073ad,0,6,0,0,39,34,0,14,1411,391.82
6358,0182141d41be52ae0cf4a3563d4b8c6f3daca02e,1,14,1,0,31,40,0,23,1716,1069.49
6359,b3de48d0e2c1fec6ccab3a8dd0f02b711dc0ae0a,0,6,0,0,266,41,0,9,1701,649.05
6360,ffca0e76eaaefe6251a7664b93c4ec007e4305e9,0,2,0,0,10,161,0,10,1498,1240.15
6361,d1d761ed6b4de050402905b8c196e781479245a0,0,2,0,0,11,0,0,0,514,106.77
6362,e2a4f47ed8c95c7045f79bf9fe59cab39518710b,0,40,0,2,19,38,0,25,5468,1502.81
6363,ae17718fb9262f65b89b4551d2aecaab3ee23d9e,0,3,0,0,81,5,0,6,164,223.12
6364,80800d8cecee2d20add674bb2a74cd2065b52cf8,0,1,0,0,5,0,0,8,62,82.87
6365,b3ac693200aacd6f8a581e25056067fabe0ef356,0,1,0,1,0,0,0,0,168,87.34
6366,1b77cc3f2682afd839ce6b16cd1658bbd01a6b04,1,19,0,1,186,49,0,16,1657,878.32
6367,6aa5bad75867395202a5e10a2215ce492ed7dcc6,0,4,0,1,2,1,0,2,231,167.5
6368,0bb49e538c118b8265377355a9667789a3971966,3,13,0,0,124,20,0,45,1665,1101.24
6369,0038da41553908a427dd20be75838cccb48c6bcf,0,0,1,0,0,0,0,0,0,48.63
6370,2afb58a57389dc1f49cb4398612ccc903cc0cb71,0,2,0,0,28,4,0,5,279,148.38
6371,3655dee5b5feee46eaadeaae221fa8f358b90340,0,3,0,0,56,21,0,40,617,304.99
6372,c0ea74a0a4eedf4fe73e8f383e837ea373216476,0,2,0,0,17,1,0,3,461,165.49
6373,49d0e4321df1853d00e26593556c34acb9bed3d2,0,1,0,0,2,0,0,4,25,68.7
6374,546d0aadd11169294be37a3f4591369a353e3123,0,1,0,0,0,0,0,0,291,44.18
6375,283f5efd50bdb3e94cc947d1edab6fc0c8cbc77e,0,1,0,0,2,0,0,2,96,77.42
6376,43e5a81d4e95f4f7b239ab90f12dfb66e7ae8a48,6,3,0,3,38,12,0,9,260,747.72
6377,06db242ea12936fd62d243a1778bb32ca98e9232,0,40,0,1,68,63,0,18,4756,1217.0
6378,eaa5a4668d0b64bf67111e50765cc4dbf739f0e9,1,3,0,1,12,0,0,2,174,156.7
6379,1dde7327058cb973bd4ff94bf5531d5093fb60a2,1,1,0,0,5,0,0,0,34,91.71
6380,43d3046bbdc155af36bcbb5663eabcb4e10b20c2,0,11,0,3,118,31,0,1,861,1583.59
6381,9fb074c9ca97bbfedac1e527fadbe4aeac80af18,0,4,0,2,32,137,0,8,218,442.21
6382,5e6ffbc19e83529bb6e3c39d4a0b5ab322aa4633,0,1,0,0,2,0,0,0,45,47.57
6383,aadfe45a880d0f71f23c7a742ff5264e8dc14bf8,0,1,0,0,28,0,0,0,61,58.66
6384,4eb9e46ee31e3f003c1a92322d13056cb4d4cfd5,5,2,0,0,82,17,0,2,68,646.79
6385,04aae3061aa0184e3ad610cda454c661f872a45d,0,1,0,1,7,0,0,0,428,223.85
6386,568e64282eaa2671b4e46655e1fa773f9bb1e492,0,1,0,0,0,0,0,0,102,23.61
6387,224750234758d4cc2234e98fd9d26ae794e0d669,1,1,0,0,10,0,0,2,25,122.65
6388,54ceec16c11655da4181c0816a3b12d1c4bab465,9,0,0,0,0,0,0,0,0,428.69
6389,a1aab64231f3177954404a1d160d8932d76b2826,0,12,0,0,148,227,0,47,1799,555.7
6390,2ef4900aa279e75844a9f8536cfe007c2542187d,0,4,0,0,3,7,0,0,732,209.3
6391,957cced552a60a9df21e76989f74d803eed6b924,0,1,0,0,32,14,0,63,484,183.59
6392,c962c45e634155795ca7548afb4fb24f678a6a03,0,1,0,0,3,0,0,10,185,93.08
6393,c607b9a22a88162f64b8cb3bd2b191fa2f4f7cdb,1,0,0,0,0,0,0,0,0,51.95
6394,9ed98f2e5a32fb14de03b9a8ea1dd45851cc3a7e,2,1,1,0,11,0,0,7,84,353.46
6395,085d4db849b9c659ba6bb2c7d66a04debeb048c4,11,17,5,3,391,265,0,132,2617,2745.08
6396,8ef6926f3c735fb4e111379fb1edab5184bc7458,0,4,0,0,58,0,0,4,504,202.86
6397,369506291a483158bd041f31ebcfc6e7fe86a263,0,2,0,0,0,0,0,0,9,14.99
6398,154bb3bb09dcc6dbc3dd7e1a6984ff5afd41431b,0,2,0,0,23,10,0,1,139,277.22
6399,a2ec3ee664b540c1213991d7fcf56d8873e60d40,0,2,0,0,2,0,0,0,64,68.75
6400,1882c90505b0d25775b969cc025c8a3087b82f37,0,2,0,0,0,0,0,0,358,1068.56
6401,f9eac3afd4c613df8bc577c080e71230d98df87a,0,2,0,0,63,5,0,1,173,166.7
6402,166a3f877b8875dd4a3c2138f802241de7d9d2f8,1,0,0,0,0,0,0,0,0,129.44
6403,dcfd37ca69380de5afbf28ad946dde90ab0de722,0,1,0,0,43,28,0,10,40,115.26
6404,05065451abf5917f796b00692f43f0a2d2f3ed48,1,0,2,0,0,0,0,0,0,135.33
6405,aa21f853ab0380ec1f68ae1d0b7c8d9268da4533,1,23,0,0,51,226,0,91,3269,1181.08
6406,44e472f6cffd75213c3b7373bd622b734f89f0b0,2,0,1,0,0,0,0,0,0,195.3
6407,8045fabac736cc8c6b48fda8328cf91f329dc3bf,1,0,0,0,0,0,0,0,0,112.03
6408,2779197f237446e3bff4e9e15f90c24d721c8ab4,1,1,0,0,0,0,0,0,190,101.32
6409,e40f2e184c6e57d4346312f969a64727389e92fa,2,0,1,0,0,0,0,0,0,193.31
6410,2c6377f257cafcbaea3a5bf33dd27852ed05afec,2,0,1,0,0,0,0,0,0,337.71
6411,84eea72295eda5e7289deb5221c7b990b7b65883,0,1,0,0,5,5,0,1,254,146.42
6412,fb7793f033cfa0d6d77ef25a6c518a5a203ebb82,1,1,0,0,3,0,0,0,383,164.86
6413,5b6e71ceb12d1fdf7d09d70744f3c0a8a4722768,0,1,0,0,16,0,0,0,64,58.53
6414,127f1df642ecc332cab742bd040e67613e4bad25,0,4,0,0,5,1,0,29,235,223.41
6415,6f8b3c6158a87c14f2fdb3446092df367131e194,0,6,1,0,24,170,0,8,1368,476.68
6416,33695781f9ce2599d18f45de6a465eaefe7d71f4,4,34,0,4,551,175,0,20,844,2516.64
6417,1829819b64fb32740bcbd4d5074e3fa138276f89,0,2,0,0,11,4,0,10,162,189.69
6418,b1f3408f4cc5cca4536fe85300efcd5267eba73a,0,3,0,0,53,14,0,111,804,346.42
6419,464d6f553be79409bb25007255e1306884d09186,0,26,0,0,23,12,0,13,1669,716.33
6420,7c35dc0e40a96f6b8d367b9a80a19e9a22525043,0,8,0,0,410,182,0,25,2190,1827.31
6421,0ecb5d0050b84ba48105836288d43ce4c4749459,0,1,0,0,38,49,0,21,178,141.1
6422,a448fc53877d025130f05b8738d8104c66139fbb,0,2,0,1,0,0,0,0,1463,352.34
6423,3ee8c69aa4390a8d51b33f262f719fb1a5474d51,6,5,0,0,36,18,0,13,375,609.23
6424,d16a5a297008fc9665889dd56e24ff81472db2c6,0,4,0,0,469,281,0,11,355,424.84
6425,d27d3dda4e850b90267e4b426a3e4993bd0cbac8,0,3,0,0,0,0,0,0,557,85.22
6426,d75ec5b3551573d4eb1886c8e75dfdf6dc328da1,0,6,0,0,127,193,0,51,978,555.17
6427,591841f30f7a7652b6f418abde17c7f23becf1c0,0,3,0,1,39,3,0,0,487,219.95
6428,5795ebe187d6e6dce2a52ec2d245071d101437e7,0,10,0,0,696,37,0,47,2705,1190.08
6429,2d33c0bead3f13417acff0f18f78a5c2c5bef22e,5,0,0,0,0,0,0,0,0,883.38
6430,f7980a7e29457753eb3c5b975f3bb4b59d2014f8,14,39,1,4,480,163,0,170,5577,3495.98
6431,6f93352b78ee019388b8e8a4684730d61549f786,0,1,0,0,3,0,0,3,67,78.21
6432,6e94cf19736b3b3751abe55cf0f3ce4aa740ef96,1,19,0,1,608,247,0,66,3603,1777.6
6433,707f25fdf9800e4113661c8d774bfcdc5d9c51d1,0,4,0,2,25,7,0,2,300,301.95
6434,409319a065407f8ed6ae3f43c06b327adfd2501c,0,2,0,0,18,0,0,0,133,64.16
6435,981dea41e593f3db763af3d0366bf7adbdd1d3bf,1,0,0,0,0,0,0,0,0,57.99
6436,ce573c65e2573ae12c8f6a76cc580445886a0a74,0,39,0,0,102,95,0,1,1504,531.52
6437,04fae5362bdc933c111c92a9cc3b3b2c1d71850e,0,28,0,0,0,0,0,0,1332,290.69
6438,03721cff116bc3d233b6b3f82c47f9edf42410af,0,2,0,0,41,11,0,15,89,191.86
6439,91b2d6f39edb22787c2b763e28c6545ed951425a,0,1,0,0,0,0,0,0,431,58.56
6440,c9623be2ac1ce44c1d04eeda336723b92e2fadf9,0,1,0,0,26,0,0,18,124,1048.42
6441,72dfce40b76f31cdf54959577977a33a0082a7bb,0,1,0,0,0,0,0,0,80,24.06
6442,6d0c4c340d0b052d2a97e7e86622707d05f6b6d7,0,1,0,1,2,0,0,3,57,120.04
6443,8a470046a57113ba41bfc2a07f98f487f9feb0e0,0,1,0,0,2,0,0,0,371,109.25
6444,5c4560d3bcff47f8563c75ca909d20469e4736c0,0,10,0,0,0,42,0,0,1018,256.7
6445,5fc37f8ac3293f8fa231cbd2905d15b29edc156c,0,1,0,0,0,2,0,0,384,84.19
6446,2cb37cb937c6f225ad7afe829a28a6eda043ffc1,0,6,0,5,0,0,0,0,411,258.67
6447,aed3b806461114e04e9d6c3c0f27bc75eefa8f47,0,2,0,0,4,33,0,4,77,119.33
6448,4ab39381222df3fd7673c183bc357a4a91b79f32,0,3,0,0,0,0,0,0,26,47.3
6449,c1025470a91376e251f966fc58cb5cb1c59c7c66,0,13,0,0,21,8,0,52,1907,696.84
6450,50b8dda37d5194297e4a6e41460fbc13e67a393b,2,0,0,0,0,0,0,0,0,159.42
6451,ae9c9d061a8b49931c88908b8713cb2efe5f9202,0,20,0,5,3,187,0,6,4098,988.26
6452,710c08b8a6e3b8888308679cf3c16761cffcae9c,1,3,0,0,13,0,0,10,792,296.85
6453,bb9505ddee6fbf42ef24853dab8475cff9c7948d,2,0,0,0,0,0,0,0,0,153.41
6454,fde4f9097461c306f5e783d7a6c87a7799f21467,0,1,0,0,2,1,0,1,83,110.09
6455,e5b65a7fc2b4a7532ca40748f81bcbf8ace46815,0,6,0,2,210,50,0,64,862,722.94
6456,38003c2829879f65e26914c0fedb102052fe201f,0,5,0,0,64,40,0,50,1344,719.4
6457,63c04a516f40ec2dca4d8edef58e7c2ef563ce67,2,13,0,3,162,11,0,0,1067,842.92
6458,7e98910fcdc6fdd149969103d43ab54b8f10fde1,1,1,0,0,12,0,0,0,35,113.82
6459,79b869498c82c83baf44465aff5acac3bd948bf5,0,1,0,0,2,0,0,4,90,81.45
6460,54c88263963f6a379066464842734b25ac271ba6,0,9,0,0,23,11,0,2,198,1448.93
6461,88b0f2ac3fd788932d7f434ca57ba3718c3fa621,2,43,0,0,266,469,0,196,3900,3541.57
6462,67bf467a10f68a26ad573d5426c307f0402423bd,0,9,0,0,0,0,0,0,441,115.77
6463,c86f71be9d83290c60a8dd63afe92ef9dcebac9c,1,0,2,0,0,0,0,0,0,121.0
6464,4d719118cee3a256722e2bacf276568d601f2b65,1,7,0,0,67,48,0,24,673,659.49
6465,70c48aaa65a33d1a375ffa5838cf0e9532a4c202,0,2,0,1,28,0,0,3,276,166.13
6466,bc2796383af0beac989341b4e34f6418baa7106b,1,0,0,0,0,0,0,0,0,70.29
6467,efbb41bc633e6c72037b9dfd311b23693335844e,0,1,0,0,8,2,0,0,75,80.79
6468,7040987258de276ca446a7bcf8b92a2e9437cb17,0,5,0,1,23,11,0,0,1501,496.74
6469,7ad489d87281b74c53d3b1a0dd97e56b7a8ef303,0,6,0,0,140,32,0,29,996,483.46
6470,4745d0c0822ba1f1c32568d0c4869cb44fa35426,1,5,0,0,286,65,0,16,2098,824.3
6471,e10cdaa11c514d017d9cf92f88184f9e29d51fa9,0,1,0,0,13,2,0,0,23,93.18
6472,aa8a90a588b4d72fc585731bea233495f0690364,1,4,0,0,23,0,0,12,465,394.95
6473,72aa2622299ea492c74c4ab0d3e00f0d323df4a9,1,0,1,0,0,0,0,0,0,127.31
6474,a4b901a4569ecfdc85b72c4844071941954f05d3,0,1,0,0,0,16,0,0,123,72.87
6475,2201fab1c740b8c3aa6d14ecf0471adf77f5b761,0,3,0,0,9,0,0,6,161,196.7
6476,098e46f2d222e8e6c5c27bc7ded40ee642dad104,4,6,4,0,94,47,0,28,1228,826.66
6477,7173774d0cd2b9d138587759d324e6633c24b6bd,0,1,0,0,75,61,0,0,0,87.18
6478,c594af09767e2ef1e74dd8db187985460761b724,0,7,0,2,291,62,0,20,2072,873.66
6479,347100de7527dc4ba3664b8e8306a081834f84a4,0,6,0,1,27,169,0,7,309,458.15
6480,4651a1690ac8d5784071eae1fad8ce179385cdaa,0,3,0,0,25,2,0,4,546,1176.7
6481,947c44e862396baa95e74cbdc50a4c7cd3befe9b,0,28,0,4,581,70,0,36,3269,1547.07
6482,44fb035e021259986f0b1aac4126143510a758e5,0,3,0,0,7,0,0,1,266,169.73
6483,05ad87f4ce8c0aea6944feb14bf19795c1fc56c9,0,10,0,0,0,63,0,0,1312,338.43
6484,4cac6f4e64d3a9e5ad0e13e9d6dc29f915b52a18,0,9,0,2,31,55,0,39,1566,824.79
6485,ded464b8bd60d8f19221c0f1589346684c11c78d,0,4,0,3,0,10,0,1,182,187.69
6486,9ed9b68397b51bfd2b0f6e532212a82f771641bd,6,25,0,14,103,10,0,47,2469,1597.01
6487,8e4db423b79580de0cf66e905f8a66c12ea3748a,0,10,0,0,292,8,0,18,3430,966.74
6488,f7ebcb07edecc06f523e4f46dfaa3ec10d1e90c8,0,8,0,0,0,3,0,4,1099,293.66
6489,93a03b00f0a62e57a020035f4acdcca2a2c941c8,0,1,0,0,18,5,0,0,315,115.75
6490,2bfead7d9bef51713ed203fa7979f71f23525733,0,1,0,0,0,0,0,0,71,18.75
6491,c4af1b5bbd64ba7e7fce816c925ccb78fbcf0622,0,1,0,0,0,12,0,0,1210,250.73
6492,0162543ac13f048ef67a6586d8a6e8021ec9dcd4,1,27,0,0,441,369,0,83,5857,2358.66
6493,06dff812132cb5796ec824f0c9dd0ac6fbc8351d,0,1,0,0,0,0,0,0,311,48.81
6494,7a54d05ecd33b6dc140a7146f0efa90d64471f47,0,11,0,0,684,82,0,50,2125,1180.82
6495,ffa9aa0ee08abeb2e167fc8d343b4522ba3d2ce2,0,2,0,0,25,0,0,0,118,68.27
6496,3a65e5acbcc29636b0ce1631815861089fc21dca,0,2,0,1,0,0,0,0,84,31.02
6497,3d119e1155aa8930cc7b18a085d6790cb2c63b70,1,7,1,0,204,100,0,18,740,719.7
6498,4a314a80e64ea2af624131e5c02e1f167a22a354,0,2,0,0,4,7,0,74,622,198.93
6499,a7bc5de9b17dde793c6da0e7cb700004af117148,4,35,3,4,261,79,0,75,5371,2182.71
6500,e3fcbb087568a33aa03f58ba0dc359b1a6b02bfd,0,18,3,1,63,88,0,37,1713,1920.38
6501,ef6f7b605728545eb8196e655db23a43853e0663,0,1,0,0,0,0,0,0,191,40.52
6502,f2af1a9f916bd9b941a48a1da577d19fc07badde,0,4,0,0,23,0,0,37,1114,306.72
6503,20b356c73c0c2da4bf6690700f8b949c8fc3042a,0,3,0,0,0,0,0,0,943,147.21
6504,e8c909503591179c3f912b50f48c0aabc127b383,0,2,0,1,4,0,0,1,230,131.84
6505,3fe27ac0796bf7fffce0901954bc2eec3eee02be,8,9,0,0,46,26,0,29,1046,880.38
6506,b8f8524afb58dd4f3d23e27815ed1dc3d6229582,0,1,0,0,1,1,0,0,133,81.67
6507,8e32136783a1a3db17d06c1fd9d012dcc4e458aa,0,2,0,0,13,0,0,6,980,215.78
6508,ed65c253478e688fdfbb149a1a75dc01b8537cab,0,1,0,0,0,0,0,0,107,22.66
6509,8ccaffe3d3f2472fc12fa138c45c0b67458ad2a2,0,1,0,0,0,4,0,17,159,86.71
6510,80b28056d1c22461d3cf2132188c3cd85f59b80d,0,6,0,0,0,0,0,0,682,118.14
6511,b9e75ff0efeb0fe604f7e55b48291de1e9f6a752,1,1,0,0,4,0,0,3,30,122.39
6512,040356391f621858199948b15160b1e382152cc1,0,15,1,0,57,47,0,68,1738,1043.88
6513,d4fba3b674fc67db198e4cf163de6ca44b5caf8e,0,1,0,0,2,0,0,4,122,80.56
6514,546e2ad73165b00d93c3c460372b9d49a4b5d8b7,0,3,0,0,38,12,0,40,754,297.6
6515,fe6714760b0feb688aa2e8169b1a73028e42afd4,0,1,0,0,0,0,0,0,375,62.1
6516,ac6e5c9a03177ad18899e27c8877efb0c9211842,0,8,0,1,9,0,0,2,921,280.64
6517,bf92055afb4f76299caa8496dfe0fbdeb3305d78,0,4,0,0,6,77,0,41,1047,329.58
6518,a84ce0befb397d3554c718240acc80205524ee15,0,3,0,0,19,0,0,5,123,105.98
6519,40cb093cc02783fe1066241c9b8b9fa87414d8c2,0,44,0,3,0,0,0,0,2611,592.31
6520,2a2d984f7258e62eff34b4deba3f803529553227,0,58,0,5,0,0,0,0,1014,1417.49
6521,2f8cacd5e5482fdb3e9af94d8490110b9345d986,0,5,0,0,2,0,0,4,180,120.04
6522,0e69dd5cc603443355a722fbbac5d96264eae1d2,0,10,0,0,18,11,0,13,1162,436.02
6523,15856af4393ddc1b1a679c1c717de456136afb16,0,1,0,0,7,4,0,77,619,181.44
6524,77b0fb9fe3656a5ae7e2ca3bbce28cfa5a0e247e,0,33,0,1,11,12,0,26,2986,862.59
6525,20e4b99436f2dc6398c57e1cda5450b11cc13d17,0,0,1,0,0,0,0,0,0,48.48
6526,6429e5938bb021d6a82644292e6f53c7ac7aebd8,0,6,0,0,1,7,0,64,1428,359.54
6527,2a77867a7980f888e1d3e9700697625e6a8429ad,0,1,0,0,2,0,0,8,339,113.93
6528,789ed8a8246d140e1621a5860645a747132d6618,0,63,0,17,19,17,0,1,2052,1140.11
6529,ae2c6be5da9d491480d36975280f46b8c107a85c,0,30,0,13,82,28,0,10,1239,2170.35
6530,d7d10a130bf7a1856e5ab17ac354f3f2fc4d2f55,0,0,1,0,0,0,0,0,0,33.38
6531,c9e574bf3206c16bd7e1be8a5672073d8846d7d7,4,32,0,5,44,828,0,12,5245,1765.83
6532,7ac4a24431d65c6b8de889a03bbcee11afcec9b0,0,7,0,6,0,0,0,0,104,136.42
6533,d4f73391708bdfe466a5c3c771bb02f0fc3e1d03,0,6,0,5,6,0,0,5,543,302.08
6534,23920bb88eed1f6d1bfe55fb65b5013a784930ba,0,9,0,3,2,9,0,9,571,251.58
6535,43183ad2ca6326dc6021d4f880f5095454c6952d,0,12,0,2,0,0,0,0,706,218.78
6536,88189f2c0c43036270f61bbc8df0cc4fb4d032e1,0,2,0,2,0,0,0,0,212,136.62
6537,c20b396f5ea09a54f52e980c70e30888a7a2859c,0,27,0,0,23,0,0,0,756,335.81
6538,b12de1ed546fc902922797ef647af97f763a903a,0,37,0,19,99,0,0,24,2214,1154.87
6539,fab8fe57ca7808a8c7dfaee1834a0429217942f2,0,29,0,25,0,0,0,0,1100,837.48
6540,7292c8743d981d61b0f860367e0266b307e1362f,0,23,0,14,0,17,0,62,2415,1872.02
6541,1a3a5b6e976d18c49a99870c0f71ebf615a862d3,0,18,0,11,8,18,0,0,786,594.41
6542,913be2f5ca3e1f87104273f25c7f4e722b23e562,2,13,0,0,97,95,0,0,1455,675.4
6543,0bca76ede8b7447014a7d7ed17633d77ecfafe18,0,22,0,0,29,8,0,49,1504,518.93
6544,b2f5dab330c8803ab72e2bbf4e94d68fc760c467,0,2,0,0,23,0,0,5,496,170.15
6545,c793ea41d88fe84fa97d825728ad95f35e27ef82,0,46,0,10,85,81,0,56,3025,1575.37
6546,6445da02b3785e239debbb935ea4e284d751d934,0,7,0,0,2,9,0,14,1158,418.43
6547,b7ee2677405235d6a68f1ecd6ce47f5c2fa0acb0,0,1,0,0,0,0,0,0,207,37.29
6548,6771a4d18eb23c15d51171e58ae13260492c0d8b,0,1,0,0,0,0,0,0,207,35.77
6549,ceaf5b611090cec51dd1d2af1681eb496912b993,0,13,0,4,34,30,0,23,789,409.43
6550,b7085de440e0e29c010d242846a74d3fd923cde7,0,23,0,9,48,43,0,0,508,501.22
6551,fd9146295b7af6ce1a2976a52a71add1c5a37f99,0,2,0,0,2,1,0,3,962,218.98
6552,81798e66b1e8ca96a2e4da00d662d9c153f42062,0,2,0,2,0,0,0,0,0,42.39
6553,2597e7e1803da66190ff545e705a6a4e6a6f76a2,1,8,1,0,95,97,0,0,1123,628.57
6554,89f0ad90b8551a1b617b7f9179b65fe81831970c,0,1,0,0,0,0,0,0,164,31.52
6555,d7bf7eebed29f35c797bd3e21bafd0eb071f9f34,0,11,0,1,3,2,0,15,1126,360.43
6556,60a59d27012a0343d1c9bff8b8816284d6ef762a,0,2,0,0,45,0,0,0,525,148.4
6557,9141379f6d2654886d48154b453170cc23b89a87,0,1,0,0,11,0,0,1,27,71.45
6558,9d9c53ec142c173693985b52ce31f85bacd9b2d8,0,4,0,1,10,13,0,0,223,146.64
6559,b5eac06d7cca8317a0f10e08bd5aae654a587a13,0,1,0,0,0,0,0,0,83,22.37
6560,6ab7719b565934a0c127dcca3f46d71a71ecc0ef,0,2,0,0,0,0,0,0,180,977.08
6561,fa11845b926f8371e9cee47775ca0e48176b686e,0,3,0,1,3,0,0,1,106,134.0
6562,2b3d284bf09a30edafa4dadf50492156bb47027b,0,43,0,8,96,2,0,28,2573,1181.34
6563,b863b90c80a63e950106b4460bb81f733819dbc2,0,1,1,0,106,34,0,0,0,134.35
6564,156d5e6be8b19dd6380285c9b68f49bdc3c6f058,0,5,0,0,0,0,0,0,124,42.26
6565,44090aab32d677ae49a4438fbc8d313df8556190,0,1,0,1,0,0,0,0,6,27.93
6566,5605107bd59f10fc9ca7d9ac53fa8d60ecdcfdbc,0,2,0,0,26,0,0,1,290,151.57
6567,00a266680c8e962fb158472821e1d78660385a2e,0,3,0,0,0,0,0,0,63,25.09
6568,9d9732bf7410e36ac29a884d126294b8c753836e,0,3,0,0,0,0,0,0,70,25.54
6569,bcaf816dc5313c6c7de1e3436cc87036fd2ea3d0,0,17,0,0,450,43,0,24,3398,1209.76
6570,539787b21822eb839d0408a989cd541450bd08d2,0,2,0,0,16,0,0,0,386,105.42
6571,33c49e79fb1d21f52a8a6482baf43253520d365e,1,2,0,0,9,0,0,1,347,206.95
6572,8ae4f2b0ae103540435244ff75ab4b593670dd76,0,2,0,0,0,0,0,0,189,38.64
6573,4d18afed80774c57766752f8a3cc45133a4a457a,0,6,0,0,1,1,0,0,173,103.8
6574,73ab3175a071baa06b60e193e249343b98b7d9af,0,7,0,0,10,1,0,2,271,212.68
6575,85853edab3e76ec83790f1b9c8f51bd2f6afe087,0,4,0,0,26,14,0,17,358,216.0
6576,1779a0ebe3c61073ca9860f3dc29528dd49e24c9,0,9,0,1,10,0,0,4,351,284.96
6577,98eb2cff32c84b9a4f5c3136652040438f4cdd5d,0,4,0,1,0,0,0,0,45,45.45
6578,7b3967cac38863b959b00fb1489b3902dcb5cd83,1,11,0,0,28,15,0,4,308,501.64
6579,736e7722b2e1a9daab8ae911404c2dad88da596c,3,0,1,0,0,0,0,0,0,254.03
6580,1ad554d0b46940692ffe795a027200c346adfa33,1,0,1,0,0,0,0,0,0,1061.76
6581,e96886323bee008091567d16c4ed053d3aa0eccf,1,0,2,0,0,0,0,0,0,149.51
6582,9f6407dcebb1f30d00f86b0a643c0afc54dbf63b,1,0,2,0,0,0,0,0,0,254.86
6583,3792be4b5f80826d5dbf51c0517e8c00847472ca,1,0,2,0,0,0,0,0,0,156.72
6584,8b26460b72bc4322aea7a9feaa3a728646c0399a,0,1,0,1,0,2,0,0,173,124.1
6585,d713ed154240c1678505b22ae260bdc8b7b652d7,0,2,0,0,0,0,0,0,149,62.43
6586,72b0ae069f8404a2f8a952e1a20004b9d340c445,0,1,0,0,5,0,0,7,71,88.48
6587,387dc4b992fc0ea3b728ee343c3a052bc746e3a3,1,4,0,0,0,0,0,0,123,45.12
6588,bdffde3cfa3dc57b27758aa73406daefa3c2eaa4,0,1,0,0,1,0,0,4,129,89.68
6589,be662bf7ebcefb289988a24392104c3385029568,0,2,0,0,30,0,0,26,527,176.41
6590,6edb72d42f95978cdb426b0ca1d8d4c50a3c700a,3,0,0,0,0,0,0,0,0,138.3
6591,31ad80206f1fee234848f1288d493ee9428d309e,0,12,0,0,0,0,0,0,338,99.2
6592,d50076f56862722a0073e1bb519ed59e4f62e816,0,24,0,0,71,1,0,6,2199,602.78
6593,7c150a6fc25962f2229ef1de256b668fa640a9b5,0,9,0,5,2,0,0,1,1190,455.46
6594,834c527783346f777bf5def4c61f1791b2a89473,0,34,0,15,0,19,0,0,1451,777.41
6595,a68c15f0b3c530e7231df8507ad562b268f19f41,0,6,0,1,3,3,0,4,381,235.29
6596,b216a4a0acf4e4d0463c3ed961d6a0258223491a,0,3,0,0,98,0,0,6,298,234.81
6597,8d0c4c0405a24e087e66d3a4bf07d1105eda2fc9,0,3,0,0,8,7,0,15,1089,332.95
6598,69fada3d0b4c686f29c356f00eb49039f416879f,0,3,0,0,9,0,0,1,68,117.33
6599,59463278a868f37028a3391a9b9505a77584e0f7,0,1,0,0,0,0,0,0,47,18.97
6600,edb79b0a8bb2b33e1a0470b99b11274ac0e9c673,0,3,0,0,16,0,0,2,273,1126.73
6601,69c8b444e7579dfe6752fa17b4fc1eabe33c3c09,0,3,0,1,0,6,0,0,74,79.14
6602,bf0846fc61d38d56a6d0bd690dff64f8ac0a7082,0,11,0,0,17,11,0,12,1167,765.45
6603,b91df16071145911a85a3e76a821a7ff6709b34f,0,6,0,1,5,0,0,0,264,133.59
6604,af0ced984ba9f13302f1d4c4d4b064bd580cc29c,0,0,0,0,0,0,0,0,0,5.9
6605,0910bc537207895414a2e853f62c15ce4d0d91ae,0,9,0,2,246,40,0,4,1058,487.72
6606,5171513a3c48d9ba1bd642225ee35cd8c194cb99,8,11,0,1,83,41,0,98,2344,1373.11
6607,8835da996f61222ef7291d73b5160e0405d81b16,1,4,0,0,62,26,0,2,1722,614.83
6608,f839018131024860a1b25b13cea7e1313add28d5,0,8,0,0,10,67,0,79,946,420.16
6609,3424924e49898cd2d581eafac338a306c9e0efc5,0,8,0,0,3,0,0,1,432,161.43
6610,f27cb2ac990a26fae2b6c68474ebd35cda1fe001,1,1,0,0,0,0,0,0,38,72.36
6611,f68856afb0628adcc7df223ac520df6abdf716cb,0,15,0,0,208,483,0,104,1246,1039.07
6612,afb0b630c5fc14196001bbb98db6a510e4c0ff4c,0,4,0,0,0,0,0,0,1190,223.96
6613,6c05abe3433070afe0931fff213bd3ce9da2b116,2,3,0,0,37,19,0,6,619,306.26
6614,daed1eecbab283803c48c13fb380d442f3cfd1a5,0,3,0,0,26,0,0,0,149,138.9
6615,34d14652e5cc20e1801061b184f2eb4b48c692c6,1,4,0,0,47,0,0,3,1846,638.16
6616,f24a499b37515b43789ae23d83c1cd9eb2f827b3,1,1,0,0,30,0,0,10,118,146.81
6617,c736ba2ef15e9e81a54a3fc02ccffadcbf594767,0,1,0,0,2,0,0,1,195,92.16
6618,3096bd03324dfe1ebc55b400b68a4b5a6c6ef8b0,2,4,0,1,132,23,0,31,483,556.8
6619,8cff17fcc9b4bca6499c26fc2a6318c759cbf251,1,8,0,0,35,6,0,60,1924,689.67
6620,be4853d79893da16b6cf20d5275dba42668b9103,0,2,0,0,7,8,0,1,543,1127.52
6621,849990c00c1e7979b366088dbdba3f02a6123445,0,5,0,0,5,6,0,39,363,293.15
6622,b7c1dfaa3175036287694520fc9bb1649707ef7d,0,11,0,0,81,184,0,76,939,772.56
6623,273223f0143f4af2ac8416af5322e384ec02ab1f,0,1,0,0,80,60,0,0,45,108.39
6624,9f77073a56cccf06399dae24de1c38dc27dafcb6,1,15,0,0,0,0,0,0,329,118.58
6625,0a19c456ac7781d94eb0aaaf8f2ac73d0157bacb,0,24,0,0,587,285,0,204,1836,1808.37
6626,4aa2ffcef8edae574ec270631841ef4a0c793dec,0,3,0,0,5,17,0,22,590,233.91
6627,c26c2e7b5c12fc2442446a6fb2d801eb87022c12,0,13,0,0,135,415,0,92,1050,1135.11
6628,a0b781461bcf8c2f1d00b93464995f03eda589f1,0,2,0,0,0,0,0,0,164,38.24
6629,10f50698ee571961f307c144e982e464f836a4e4,0,16,0,0,64,34,0,100,3116,838.83
6630,f8842f6974d524967dfa563d914f4ab03d66aeba,4,33,1,0,109,225,0,8,729,1706.79
6631,21ec86f0836e1157ddb7fbf1a0e3c527259461ab,0,10,0,3,224,92,0,5,1830,835.7
6632,cd45825958297a0da157f850c3c63e93dbadfb7a,0,1,0,0,2,0,0,4,76,80.61
6633,d0cc2c178714987ba23998486651791d04a5beb1,0,61,0,7,270,483,0,17,2263,3356.09
6634,b71154a734ea9f4489dffe1be6761efbb90cff41,1,61,1,2,413,290,0,411,11387,4695.59
6635,8828648b4f377a97a9aac42365297479054a5ef0,1,9,0,0,142,52,0,99,1583,647.99
6636,1ceb89a979d560944e1099fa4700e46c09a79484,0,58,0,4,85,1,0,6,4878,1382.6
6637,e3bef55699c046cb57f826613d4f44dbec233c40,1,5,0,0,163,0,0,18,1817,623.59
6638,901a9caf4cf49b6cd2f18f0d6f04045312e96d84,1,9,5,0,86,49,0,5,1107,604.51
6639,ed3b3266cdb4811ffb3539640c57354ae71adc24,1,1,1,0,0,0,0,0,437,179.81
6640,7b23624066c46d58c7b7181e5576a9834af9ac7a,3,45,0,4,555,287,0,254,5843,4038.68
6641,546e9a77e0e3dc68d6cd2e82570ddf1f19c7c3e7,30,7,0,0,48,0,0,6,683,2146.93
6642,65391805933f52e9c99de4210c2f422bdc652a15,0,10,0,0,26,0,0,12,1433,387.04
6643,45aceb4d8d0e2f4b8af2fc04c0ff403e7fc001b6,0,1,0,0,18,0,0,6,58,78.7
6644,9ed9ea6ffdc4f16c1babd1300fe662f2b31d5106,0,3,0,0,0,0,0,0,317,59.58
6645,2a3ab2bcb68fcb630181186bcce7532dd3bd87b8,0,1,0,0,15,5,0,0,72,93.82
6646,40cec17f4303b43bbf65d8be542f0646eada57e8,1,13,1,0,19,34,0,0,1361,493.25
6647,ee789583d3a7a9ee1bda5b9f3b0dd388279b9ad5,0,3,0,0,35,5,0,5,440,200.24
6648,41806ba681113187c561e8894cb7a4e933878647,0,1,0,0,0,0,0,0,65,18.36
6649,40dce2909e9a5c3d915bd8c27c3e59bc102e9a15,0,3,0,0,69,47,0,5,304,289.37
6650,3b9d518b391eaf515f56aac17008ab2eaac77d27,0,1,0,0,15,0,0,18,201,102.01
6651,62e99918a45b7215c099fbcf160d45aa02d4559e,2,0,0,0,0,0,0,0,0,144.53
6652,748eba1b5363aeb9e64d379b9b25d5d997bec7ad,4,7,0,1,8,2,0,8,736,526.84
6653,b1f37efb3b49ad73bf31d0bbf9b1337439de722c,3,5,2,3,18,2,0,6,176,556.75
6654,10156c9fce46f1b2ac26332d5d51b7fd493c5c0c,0,3,0,0,2,1,0,1,193,148.08
6655,ba6c59e6d744958db7332f88ffdd46effc9ad400,0,1,0,0,5,0,0,0,33,49.26
6656,7cf997d16bbf8c7a6bbb3522aeba0d9e7c9af6b6,1,15,0,0,119,134,0,124,2589,1259.38
6657,e08ebce906a0a8b05e728c8d3c275433f52788b9,4,4,0,1,15,1,0,3,589,420.13
6658,9af8036f3d42e6f4c2180e254e35faa8777e0292,1,0,0,0,0,0,0,0,0,60.65
6659,a954ea113bc29a4480af579387c6e9b81bd76f85,1,11,0,0,57,43,0,125,998,818.15
6660,12efc553c6e1ee88f4234a41e2ac83ce65a2cc4c,0,4,0,0,12,0,0,1,515,1144.29
6661,d1a0935e22303c22b5be0e8346b9aac6d69ca43f,0,10,0,1,41,0,0,0,472,401.63
6662,e9751409033870658a12a8edb4cf11a84fd04e3d,0,16,0,0,35,53,0,127,2433,1207.54
6663,bef7484610dd206d7c749e32f5d91a0f67ef405a,0,1,0,0,0,0,0,2,204,75.29
6664,d21d5d632374f9915140190d4d249379a72c90cf,1,4,0,0,63,16,0,15,618,531.05
6665,071e27f7d7459394e369aca788186f51bfb2e551,11,50,1,2,996,645,0,415,6510,4920.66
6666,4d7d847d07e8355b5c63d11e9683fca8398fcae1,0,4,0,0,7,0,0,0,339,95.87
6667,89fd63599db7451af081040cdc05bd4dc840b44d,0,4,0,0,0,0,0,0,175,42.62
6668,ba7ec5e191c2ad85bcae78c3563d736599cb7a83,0,2,0,0,2,0,0,0,75,107.32
6669,40b8f1b85d859b5a6921e13da9e2f68d6d317ecf,0,0,0,0,0,0,0,0,0,5.83
6670,c65afdbe6a711c8df0677c11285dc317dac3046e,0,3,0,0,4,3,0,14,663,368.79
6671,d20728ba46977704827252ee5029bef9f949d5ab,2,0,0,0,0,0,0,0,0,144.46
6672,02850545e3143600c7265e737e278663e3264317,0,4,0,0,15,9,0,5,720,292.71
6673,ec1044d985f24b9c1e45d1d25ef060a504e1695d,0,18,0,0,36,36,0,0,2246,495.9
6674,afb85f5f15bf734163b88c3558851f24f50da2f6,0,8,0,4,0,0,0,0,217,104.02
6675,0fd492caf9da900eb5edbc3c040b3337a19a75f3,0,20,0,0,12,28,0,6,1124,512.9
6676,0c9c9fb5cb7a8a27d444db5c725c8abd792ca761,0,26,0,4,6,0,0,0,2281,604.71
6677,72678f1407fd24088edae3c96d33b90b43e21a0f,0,8,0,0,3,2,0,0,487,159.09
6678,8bd537fda257a07dfd15bd4e9adffb7519b516ad,0,36,0,0,2,0,0,0,1244,390.82
6679,53d6582d381fec5751d3b1edaae5c597d0f86b1d,0,10,0,0,8,8,0,0,2014,359.25
6680,8624c2904f2840b901e805f1e0b33b6977e581ca,0,20,0,2,19,9,0,11,1821,1702.4
6681,ca5d8afee8321e0dff063e8404538b132e979739,0,20,0,2,10,0,0,0,2980,703.98
6682,a00830318eb535743012fcc5baae23b51dc7f606,2,18,0,5,349,326,0,29,4027,1868.67
6683,8e975362312c727fd602429778bc1c3628b95619,0,28,0,5,4,0,0,4,697,489.61
6684,34e82f9de2e4253ef5ff01f4a7e2446808dfebfd,0,39,0,2,40,1,0,7,3256,1042.42
6685,ce10e57bc163babd59005fa250c26e7604f23cf5,0,7,0,0,27,1,0,7,426,283.01
6686,8a43b9c0b7b0272cd5076f206d3b42d14396d9d6,0,2,0,0,3,6,0,0,55,81.66
6687,68395cceb58f4936f33af269a73ae968b06e89cb,0,1,0,0,0,10,0,11,227,111.26
6688,e111d7730ec6032dc14579bd274e7822f7176e39,1,2,0,0,53,41,0,39,504,286.19
6689,2b7d6d5bcbc895cdc8ed1ef72f639295d8817c78,0,1,0,0,0,0,0,0,151,28.22
6690,65400bd0a0f6a3bdd3e0bad05e2179534eaf6e9e,5,10,1,0,127,98,0,43,1221,951.14
6691,74a6cbab4e736cdb353d100cdd29f51809325796,0,5,0,0,100,2,0,22,1102,374.96
6692,5725e63309269a02d93046df5cca724eefb25e2d,0,2,0,0,0,29,0,0,111,88.5
6693,9beccec4501e84cf8c9fa5e8ee0a491afb39f4ac,0,1,0,0,1,0,0,2,44,73.63
6694,58b53748293c160c28c7f9d08c3a0ad23152d34f,0,3,0,0,0,0,0,0,106,39.56
6695,605319b550aeba5612b0e32fa193521081b7adc5,1,3,0,0,74,9,0,0,1184,345.7
6696,e5afe563ad254ae0d5be300475b732f4b17a9770,0,1,0,0,0,0,0,0,20,13.28
6697,d5770fe8dd1486d457c87c17a7df8dba276e9bcd,2,0,5,0,0,0,0,0,0,515.29
6698,2ba5f8733694a4e52a20b12d949b8611026065d2,0,1,0,0,0,7,0,0,258,69.66
6699,3a503cd30b436b75a6b93a7a216d7b6d4de20a55,0,1,0,0,0,0,0,0,83,25.47
6700,8e367731019ee70e2f6dc1be21c80f51a2ef6a2b,0,4,0,0,0,37,0,8,362,1177.42
6701,53f2c1c25b7866bb494602f9e68c2b237b2cf2c4,0,13,0,3,9,0,0,46,1129,344.01
6702,d80ba4d6f12658c55b164339ec5930397fd455e3,0,1,0,0,0,1,0,2,469,117.11
6703,788d9452d8541b3ec7a11cae5d9fa605c2626fc1,0,1,0,0,0,0,0,0,103,21.96
6704,888fabe97cd15b6d92039a6f073cc92404d5b306,1,3,0,0,41,0,0,0,470,167.78
6705,a4a4e0b9e5eff3d578fde7e2fca3e84661d84b40,0,4,0,1,0,18,0,15,450,349.24
6706,0a7a83f8b01caba7978ade123204906877972834,0,2,0,0,20,0,0,0,188,79.64
6707,91a4b276171afb760bfff9ccf30593e648e91dfb,2,24,0,0,225,68,0,83,5881,2058.0
6708,b57330dc7685cfd0ef137c31b1521662bd993413,0,5,0,0,7,5,0,13,199,277.38
6709,6c5ecc2f4a0a6888d8c4517bbe050fb2553faf98,0,4,1,0,1,12,0,1,346,241.93
6710,f29f80575dac1c7e59dd7074118953b8be26520f,2,6,0,2,94,73,0,19,534,557.83
6711,94559bae086e4285b24e6fc29bb89007cfa71a33,0,9,0,0,57,361,0,0,187,544.26
6712,6d3cffc17be5f4f5b586ef9fa1b2feb9204369dd,0,1,0,0,29,0,0,0,296,85.64
6713,0dd5d704dccb558379748a52ec64f13daae0d8aa,0,1,0,0,69,41,0,27,207,145.74
6714,c5b61063eebaaf46104e134a8536e2f660a3b429,0,1,0,0,21,18,0,2,30,110.3
6715,f0d4a772f44e95b52d58284b85074cb04d2796ab,0,1,0,0,2,1,0,7,1054,229.05
6716,bd70a00019f2c9fc01653d0229308635529aad73,0,8,0,4,17,52,0,54,763,631.45
6717,1ded2d867d9c30f01395494adec3cbaa629bbb5a,0,9,0,0,3,20,0,5,1785,433.49
6718,738dbbe57b1476f4d24ba8863d021ece11a6f514,0,1,0,0,0,3,0,0,45,42.47
6719,3407a44922289dc4ddb3ff87687b8766affeaad9,0,1,0,0,0,0,0,0,119,27.95
6720,e2d3e1f86e95598802aa49ac06bd134701140fa7,1,11,0,0,213,72,0,13,1708,1705.96
6721,d29bed38311f7a01d2241fbf8fa26eac7f012f53,0,1,0,0,5,0,0,5,367,122.25
6722,391e39bc7647625c7ea59b5c3ce2cf23e891c550,0,2,0,1,33,0,0,4,143,161.84
6723,c3235c395f7bb69b482b85c6832d427100130ca3,0,25,0,19,2,3,0,0,3927,1545.28
6724,e3b27edfcc22c1157fa16a8f290636fc48bfe142,6,2,3,0,5,23,0,9,480,566.57
6725,e83217bd3205768cc6dbdeead3f7334ce409f6a2,0,8,0,0,0,0,0,0,2935,333.82
6726,648c1f595990655f9c866d0c9e8983e0b63a927a,1,2,0,0,74,16,0,0,65,181.67
6727,748448b5f02d73614242cc8488920a9cd8898974,0,1,0,0,0,0,0,0,54,36.61
6728,7e4694b8198664300b13b5304c62271b192d4512,0,15,0,0,267,559,0,39,2109,1164.37
6729,7c639c600eb08923ec9dc0caaf337d70e2ac1719,0,5,0,0,0,2,0,2,477,147.75
6730,4a9f19b9faa87de52ac1f078e53f26fd32efadad,0,1,0,0,21,26,0,0,299,113.54
6731,3b97784aef34a6598d9947b259f73f935dc90c9f,0,7,0,0,99,86,0,27,1427,549.46
6732,9de270cb4dc89ddea3dde11e3215b0f68f47b420,0,5,0,1,49,0,0,0,402,153.98
6733,6d4981a431e1ad28dee3a2143477fa7d2696d5fd,0,2,0,0,29,26,0,0,457,198.7
6734,7215f9d3eca9da7938f029995d71d4fd0d575724,0,2,0,0,3,5,0,17,232,131.84
6735,fcac882d243a5d2f0a5ed3ce54cba0e7263a112a,0,6,0,0,0,43,0,0,784,208.1
6736,f41eb4b1ea0112cce4b4edb4a25037fafa2aac23,0,6,0,0,6,23,0,0,354,220.11
6737,a6c8953eb3ee9d5e4fa760e474b040b19ed8b97f,0,2,0,0,0,18,0,0,351,81.3
6738,c4b84ccb39f5767a1d63ba599fe406d1cc04cffd,0,2,0,0,52,82,0,1,382,232.91
6739,d2a8e37415eb34ca9cb8b2d8c22a33aa99b494a6,0,1,0,0,0,23,0,0,495,100.86
6740,cab490f89d35645a843c47ab09f5f188c8918b0a,0,6,0,0,0,20,0,58,1182,1296.98
6741,eddafc1ac9e4d787df44b63809f0d6dfd1f3def7,0,67,0,1,105,174,0,118,7846,2488.29
6742,1854a3de19a8f73a49e3c1d9438d61b5e4c6a452,0,18,0,1,389,74,0,95,1775,1372.7
6743,8dfb9d00653271ea4adbeb752da8f62d7647b6d8,0,79,0,12,368,425,0,141,14559,4202.15
6744,b7f96f79e7665f10880333d816d1694a227c5437,4,0,0,0,0,0,0,0,0,252.59
6745,614c18dcd9b6424d87ea836e08ddf5a84cc53894,0,4,0,1,0,0,0,0,111,53.39
6746,e14caef3794d0acde4bc86f67eedd8d032a3f213,0,8,1,0,58,104,0,27,872,608.42
6747,a570aa5c0c7d9a18e6cdcb689dcad9ff173dc2ac,0,3,0,0,4,0,0,1,578,151.92
6748,76f1022884fe7b291fe81028a29896fb5b5ca5c9,0,4,0,1,0,0,0,0,332,87.93
6749,cd373efe7171d71c0797a30efa256c91ca7d2714,0,9,0,1,71,11,0,49,1166,734.01
6750,14bcac7b92d9df36deca707f437177a7ce370c13,0,2,0,0,3,3,0,7,457,244.29
6751,875a1369c2ecfd721e3797f59f7ae29e7c522840,0,2,0,2,0,0,0,0,194,165.1
6752,04777538c0a54c113d0f9b49b5922ba47f6e1eb8,0,1,0,0,0,0,0,0,157,30.36
6753,d52ccd2941ff25c3c61146b25c52df1ddc09d8da,0,7,0,0,108,105,0,37,786,606.21
6754,dfaec337059cc59800d6c708d03a8194db487872,3,21,1,2,27,52,0,12,2450,1171.62
6755,064a1e60c5310688c7fa8bc5d07ce5da512e076d,0,9,0,0,87,52,0,13,1072,663.94
6756,ff70cc3afd004aad4016f94485b95a3ced1639c9,0,0,2,0,0,0,0,0,0,63.81
6757,e11a591956ba608308ccf81e13030291f150739b,0,6,0,0,3,39,0,21,887,593.89
6758,278989c7f3ebaa095838a32b031b5fb8335ee228,0,3,0,0,36,38,0,6,353,232.59
6759,98ddbfd8e6b6b38f1d6e61b5652d942650b214e7,0,1,0,0,0,1,0,0,216,61.81
6760,4dfefd042b151a2ecf8d947da5364fc81470f3d9,0,0,0,0,0,0,0,0,0,1016.65
6761,d95d20eb45185151d731c9b41e9b1ac22cf81334,3,30,3,0,85,123,0,24,4129,1751.11
6762,f59de67d9bd440b40352fdea5ede7c709f991a9e,0,3,0,0,50,12,0,11,655,328.62
6763,68fdaa57e35b8ee30a262aad4d26926b18054c57,0,2,0,0,0,25,0,6,373,125.92
6764,ff27e206b36a0cec4bb52b6a69ecd704aa237259,0,1,0,0,0,0,0,2,36,51.24
6765,3b0321aee4a409658399b53d8ff77b872e61e42c,0,1,0,0,2,0,0,0,85,55.18
6766,268867ce620a2c12879749db2ecb68bbe129cad5,1,9,0,0,485,58,0,29,1091,813.94
6767,556ea8a71731218096f013c5b06af57fa6404560,0,1,0,0,0,100,0,0,321,82.45
6768,be196f705a65bc6d42bba04ee2df2f48fc469db6,0,1,0,0,2,0,0,5,65,79.14
6769,ab1fbfdfe6c1f2b6885710f98b9480cb90396ac0,0,89,0,0,1444,1130,0,55,2823,4187.67
6770,c685251ce3b39362e45b07a12aa0cc6e7f665021,1,15,0,0,43,16,0,53,1646,677.71
6771,3c84f8b9b9fa36d6fbb2d340015ed151a9771e1f,0,14,1,0,64,13,0,64,2343,1177.29
6772,57cef728dbec5c806ad4068e25f97d9b53b2d1af,0,8,1,0,22,12,0,0,449,283.25
6773,5f97ac9281a443cd72b374c293e525ee5e9b4149,0,4,0,0,0,0,0,0,68,34.4
6774,93369e79eb21f17791ddad4e03a18980be6eabfb,0,3,0,0,15,45,0,5,291,213.5
6775,36412c6f640f1b20070461f3b25f1453c93d194d,0,1,0,0,0,3,0,0,57,45.04
6776,6ed5815e8b3f06b95470d1a4598fede0a9be9280,6,8,2,0,96,79,0,13,2098,1093.71
6777,79c17afa13cd3f6cbaa91d56e036530f53e7b54b,0,1,0,1,8,0,0,0,5,68.18
6778,d3cbba5ab4be498526ae028c2b3a5d5b8dfe4bbd,0,2,0,0,36,388,0,5,265,234.51
6779,98737f9a875f1899cb14b3dcef1bd2ac1c6530ba,1,1,0,0,1,0,0,0,103,118.18
6780,9eeb5b21eb9595a26bfb975f952082cf81e314a1,0,1,0,0,5,48,0,2,32,1078.28
6781,a86b6468617f7078c375f6484975b59477aab193,3,14,0,1,26,28,0,65,1637,1063.92
6782,775d7fed1ac8230c92997ead3c702004679614a4,2,1,0,0,25,8,0,4,39,263.77
6783,87e5b8be38455651f3cf6275d2fedb8a8ef52bc6,0,1,0,0,0,0,0,0,264,45.71
6784,9d9cdcbad6ccf353a1252866f6a56ac505bfaa95,0,2,0,0,62,25,0,6,143,224.16
6785,0cf7f7666a00dbe0d19d5078ef9f14cdb00ed17c,0,1,0,0,0,1,0,0,110,49.29
6786,3e706b13ac63969b183998e8c7bc86b149fed448,0,2,0,0,19,62,0,7,143,217.93
6787,59eab45458b3b1637ccbc5dafd326cc84ffb9655,0,5,0,1,0,0,0,0,117,62.53
6788,537a10ea2ff6a2d8507483c66f413f77884e77c4,27,10,11,1,116,62,0,15,1972,2946.12
6789,fb3bd1fceba6da362966491e55c3bf27566ede53,1,15,0,0,147,3,0,26,993,852.42
6790,bbac4a6c922199db08a5244d0fa1262a5f16d479,6,13,0,0,83,40,0,18,1293,1214.89
6791,d0a150609b46cabfe7f5f0d760c465dcee5588fb,0,4,0,0,251,133,0,61,426,492.84
6792,718a2ba0bb1867d7053d813eb76cf6796b35d86f,0,21,0,0,368,8,0,26,1413,952.03
6793,75e84e04f5a3e2766e331fd05ddb725fe9b00d99,4,12,2,7,108,155,0,33,576,1045.77
6794,6a62f1455313ee8fae0ff79945da61fb67ec8edb,1,34,0,1,133,93,0,181,3361,1945.51
6795,3f4de57b1e2dfd532ed7b95805365eec340ebe64,0,1,0,0,22,15,0,2,77,109.67
6796,32770103253e01cd61c8634378cfa1b26707e19a,0,12,0,0,5,5,0,7,782,428.81
6797,40656c5dfdab7c0a1a7794dfe3a5f661f6156c6f,0,10,0,0,65,18,0,8,1855,722.75
6798,c384e52e647da457ce5127863148d03c93c1a4aa,1,0,0,0,0,0,0,0,0,79.55
6799,312e0853483d1aa5ca182827890c570c44ca6a37,0,1,0,0,37,46,0,11,181,137.9
6800,98f6dea1e22df539fc75edab72a946eb04a88a23,0,1,0,0,3,0,0,12,94,1099.6
6801,c6243b8b1de6117623d3c4255f47f062d10c4602,6,8,0,4,40,5,0,5,507,680.25
6802,ac72360cc0e71d6f543d93c9c1f117babaa35799,0,2,0,0,20,5,0,7,164,124.28
6803,959d54fc828691759f15f2e83c0c123e9da6e782,0,2,0,0,21,0,0,7,184,96.58
6804,84bfec9d9b31f8664f5bdf52a901d12991e03e16,0,1,0,0,52,37,0,4,70,126.59
6805,4beff13e07625d8b24119ea15d828481a4bb30d7,23,1,23,0,0,27,0,0,296,2146.01
6806,1e2a63874f848fc97b4bceae54fb646c3b128f4f,0,1,0,0,0,0,0,0,106,21.91
6807,1fc4a609761445ecf77c374ae9daec8a1ada2618,0,4,0,0,4,0,0,8,658,169.35
6808,492dd8eb41907011a30334bf85c62d74325e8fc6,0,0,3,0,0,0,0,0,0,90.13
6809,fa0b463aec269702266596e946db14b2f69e33ea,0,1,0,0,0,1,0,0,652,134.64
6810,d5866ad59006e20821a7780aa86efa8bdfe881a2,0,1,0,0,0,0,0,0,174,35.06
6811,712db79b2630ba61023a11f929e2d47b83dcef0b,0,1,0,0,0,12,0,34,168,87.37
6812,5bdcf9b288026ace49fb43de6eada702f2fe9f26,0,1,0,0,0,0,0,0,137,29.15
6813,f5d3c722ecb167b6e75e75f95df5f04673fbb2a5,0,2,0,0,30,12,0,12,143,178.11
6814,23f3fded80f512d545eaf56495b3a8d060053672,0,1,0,0,4,0,0,3,317,109.95
6815,fbc12630e6439b02546398b04b60f2c764ccba71,0,3,0,0,13,0,0,2,1667,316.02
6816,450b4241404055ed6638e354be421b83380827c5,0,1,0,0,0,13,0,0,853,170.26
6817,1fc0b6413c74eff0ace25f4329451e35e84849b5,0,1,0,1,94,0,0,0,47,97.14
6818,fcdd56e548ddd1bd7475970bdc5718b7b18d9803,0,2,0,0,0,47,0,0,106,52.71
6819,1804aa33d0996810ad35bfa4dd526c86a1e12828,19,8,5,1,149,39,0,13,522,1317.16
6820,dccdba199a8fbb8b5186f0952410c1b1b3dff14f,2,1,0,1,0,0,0,0,54,1137.33
6821,b3ffd919fd1497fb838d36d5b3a31b2402f0de71,0,9,0,0,12,12,0,0,1690,462.67
6822,867c0124e2959ea3c90dab13cc12ba43c2eb0f64,0,2,0,0,0,31,0,0,274,76.87
6823,a1578710a8aa4c2cc862ae9ed3cf807133273d67,0,4,0,0,15,18,0,10,715,272.48
6824,4ada50b3dd7c4af9735585a8c45eda4de10bb6e5,0,2,0,1,38,0,0,3,219,236.35
6825,7f1c23317453859ce3b136b6e13f698d3fee34a1,5,16,0,0,33,28,0,37,994,1055.32
6826,e70de0eb8f2f2a89cf74aa4bc6d1501e07e22d43,1,26,0,0,75,85,0,102,4331,1673.2
6827,0f3de89af4ef4f570e125b0d50110bfa5d0ce80b,0,7,0,0,21,16,0,7,842,320.15
6828,56017a98fa61fdfae1c8dadd90a378ffdb3fea72,1,2,0,0,134,44,0,15,146,288.91
6829,dcc35f29579686c2be75bdbdcfdf2db88b4d057c,0,2,0,0,0,35,0,0,153,88.15
6830,f1c4eb6b65c4a7c310c325e3dd3f59e89337b3ff,0,1,0,0,42,37,0,7,181,132.6
6831,ba03b78c7703fb372e955f759aa6b70b5f444de9,1,28,1,0,26,88,0,64,3535,1397.65
6832,84c2a928cc4c5ee612bf57a1b944362d9114c92c,1,3,0,0,0,12,0,0,163,135.4
6833,2c734508d7b6a034748e7d60f2f2075cddf156d8,0,1,0,0,37,0,0,0,212,77.44
6834,37156043687a05519f42ca6f02265803d3b03761,0,1,0,0,0,0,0,0,77,24.74
6835,bafddd7985271bea2557b57bab9ca1cc457124fa,2,11,0,7,70,63,0,26,329,804.14
6836,a2533f406d46b1c5acb5f70c263f9afad839dffe,0,7,4,0,119,152,0,43,1389,626.5
6837,03c797a1d279a6c09c988755f94566a3d46cbb17,0,13,0,4,373,120,0,92,1491,1249.38
6838,d7cea586ec60f89ed06baf7ab95ebcf54f42a537,0,4,0,0,20,5,0,3,164,261.62
6839,79b916c730455340c193550738fb66af9f70fd85,0,1,0,0,0,0,0,0,47,14.67
6840,685ca8af8b48b5f9b1e97d8a6a306352d14d8779,1,1,0,0,44,48,0,7,161,1174.16
6841,f1b2b83d639658907bbc521f967e2673c4c866a1,1,1,0,0,0,0,0,0,205,89.6
6842,64e8de97d02a747da52a3e69472147b64fd2dd91,0,4,0,0,12,2,0,17,1320,422.98
6843,e30066dbd1ebf3c5780df89d766554042c8345a7,0,3,0,1,66,0,0,0,285,149.84
6844,dcce0b7631bf65ea66dbe0d64b368c7143815f9e,0,3,0,1,0,0,0,0,134,46.0
6845,a6905df09098caf6c2b3c11e164132784801d815,0,2,0,0,5,4,0,4,122,154.11
6846,758336553248d2414a88b071ebd5748c1c32d282,0,1,0,0,12,9,0,0,57,82.48
6847,ec9e6e4de29dd641e272ba93b2925c3e7888d538,0,1,0,0,14,6,0,78,598,182.13
6848,6886f638d70419e01ebdfc1cdbb6d834f3fb30b0,0,7,0,3,47,61,0,3,426,370.47
6849,e285a4143aa86ef82690ed93db17a549ab83ff12,0,1,0,0,50,3,0,0,152,103.25
6850,175e1b3871b13fee3e423aef87cb45ceed409783,1,19,0,0,163,40,0,162,3452,1705.02
6851,0214e80033b42eb2ff8106a9d18fcf71713e66d1,0,1,0,0,1,0,0,0,132,59.66
6852,041b72c8085c6a173ed49aca677c620485800cf8,0,2,0,0,0,0,0,0,134,33.01
6853,09eb13a80ba8f7f59b92c4d026ae819c7fb64c42,0,1,0,1,1,0,0,0,33,88.07
6854,427dfe42e2bea891b40e662bc97cdea57cdae3f5,0,1,0,0,3,0,0,0,141,59.7
6855,705ba2e88632c1ca909cd5b8ebd646ba299c994e,0,5,0,1,49,94,0,11,438,417.68
6856,73a2443d467d872cdf354ed47bbf51ae816ba61e,0,0,1,0,0,0,0,0,0,30.41
6857,0073204b257860ad104cde29d3795b3c633f4759,2,6,0,0,38,79,0,2,228,381.05
6858,769ce2a07424712d62b6ead87c10aee08d85c216,1,2,0,0,79,114,0,0,83,252.32
6859,4b6f05585bb548d1538ada43ed33149acbc9e6d4,0,3,0,0,2,3,0,9,298,204.09
6860,51d9a748d40f29b197b2d77fe8aa1b2439737da3,1,8,0,4,36,82,0,41,682,1653.82
6861,06d8e83009628a325e012635339b7e0b2821ddea,0,2,0,0,0,0,0,0,154,37.55
6862,ad4c41532ac22a0accf82c7ea9427aed9b71aaf4,1,2,0,0,0,0,0,0,162,47.82
6863,b4120c1e15be1c36d07dfb29080e29750d5a0955,1,25,0,0,7,60,0,42,2227,696.94
6864,c0199f5d181a8d249201004f6ec6f897f9b799c4,3,0,0,0,0,0,0,0,0,183.23
6865,6f46d6db182fa768417ac1397c0abe3f30da1942,0,5,0,1,134,13,0,18,192,318.55
6866,637dde889fe2d21ff6990749a750356d20fcd965,0,3,0,0,63,12,0,0,205,189.77
6867,6c1a946562ec8ac4825b871aefdec040cc02aaf2,0,1,0,0,1,0,0,1,114,79.35
6868,5fc1103ab6cb2819d693530f2ba4e09192a9c88d,0,1,0,0,5,0,0,5,236,103.0
6869,01b30515cd2a09ac228dd53e9905932f2eadd1f7,0,1,0,0,0,0,0,0,13,17.02
6870,41e5a8338c3ce077ac7d98e97247b54f8f175ff5,0,2,0,0,9,134,0,5,581,224.03
6871,6612c0e13f2181ce9d4efee3606d487b27cf1545,0,1,0,0,0,0,0,0,40,15.66
6872,3ff059299b7ad27d005fb4e0a89689c72eeb5c0e,0,8,0,0,144,112,0,72,2775,806.07
6873,1269f75ee86f9c3c5dfcd0c05ee39c974bd73fa5,0,2,0,0,17,137,0,2,388,202.5
6874,a66315a5cc52a2596e76f09641867be6ce22242c,0,2,0,0,18,0,0,4,550,179.61
6875,e585aed8ce751d769b56054fc1ffd4be24350e91,3,16,0,4,106,35,0,10,1115,1102.52
6876,b23c37eef04ee00b93eeebc2c70b7740caf303cb,0,2,0,0,0,0,0,0,83,36.77
6877,25e9f83c4ba522b111e2d661ae7715ad9a46f38b,0,1,0,0,0,3,0,0,371,88.13
6878,c151a537c205d20db598354ba5afc4f228c746c3,0,7,0,0,25,3,0,3,715,282.76
6879,9b0ba7ba3fdcf63c8ba21545772fbb950383026e,0,2,0,0,12,0,0,9,187,167.06
6880,84a07a34ac22af14f2dd0319447ca5f45de6d0bb,4,69,1,1,1050,915,0,349,8591,5793.89
6881,174ea06cc6b19c1d88ead2470b5a05cbd54baf6c,0,3,0,1,53,74,0,1,109,237.8
6882,ad380463d3d44cdd98302bf072bc5deba8696b5b,17,11,0,1,185,144,0,33,1195,1772.12
6883,629953306ba0fe879bfd035911ca26b5275f3a25,0,1,0,0,7,0,0,6,34,73.61
6884,97ff043fda06147bfd6441495d893fce7baf882e,4,4,0,2,23,14,0,3,93,359.98
6885,2b0008c50d27640e5a8a8be491528f4c248fdf32,2,4,2,0,0,0,0,0,255,228.42
6886,4ba3eecd8f1111c39af3f1949827b3d73addec77,1,3,0,0,21,23,0,0,0,248.97
6887,6c315be0928a0ffc214e60d6d9240e79db055a0c,0,2,0,0,6,3,0,0,445,155.78
6888,bd0841e7b8febb7a78f119db3193e81b96fcd84b,1,3,1,0,3,0,0,9,320,287.26
6889,891f359d710146acf3d05cd2af3bb430a8fbc99b,0,6,0,0,28,147,0,44,577,419.07
6890,8ea4db1a8b368b4e00dd310c0d07405fd2142b34,5,11,0,2,23,18,0,0,791,615.95
6891,2eaf92b1f0a0d965c14b65755d25f1a8167de023,0,1,0,0,0,3,0,0,6,35.13
6892,9a97dcdff6c7d383c3bb9c9aa7b83bde7ea5fd64,2,4,0,0,64,25,0,5,180,260.36
6893,d3458ec7ba0a8e61d07dc5330bda8a1f81de81fe,0,41,1,21,296,422,0,46,2538,1804.5
6894,2dd557fad4a0a205a3e163fa918507d34c933c6a,1,25,0,3,64,89,0,51,3450,1396.74
6895,d8ed58b6af6c555b65aaf9474e30de35b2dfb0a4,0,3,0,0,0,0,0,0,416,103.25
6896,ff417e762032b100a74a6e9ee215618f4ac9db3e,0,2,0,0,303,330,0,0,272,221.9
6897,cb615f1bcf6f5a59543011b5fbdb3c6aa25d2e20,0,3,0,0,61,0,0,0,265,136.02
6898,68a99d7ab7ff10c3c0b6cd19babedbfdbfc31354,0,0,3,0,0,0,0,0,0,96.39
6899,aae417f113d0f9db3ac3b4cbadd378134f30b440,2,57,0,25,29,19,0,34,4192,2024.94
6900,1ebd44a634fe5053c89acf7092571a6b169f11b9,0,1,0,0,23,0,0,0,1430,1242.18
6901,49cef0c0c24c15b668381ca590b87a62a14f75b5,0,2,0,0,3,0,0,1,205,118.79
6902,142bde0e8410224de821cefe3876afb8bc6aaf1a,0,1,1,0,35,44,0,9,161,160.36
6903,93456ff7c51a7184c385ce0326a8e190ecc9348b,0,1,0,0,1,0,0,2,50,71.6
6904,8706c6f445fc92159d15f610500d4ae5d2c49757,1,8,0,1,81,157,0,21,784,638.46
6905,c6918564f7c40730791b9d35d3703e3ba9fee385,0,1,0,0,1,0,0,5,63,85.33
6906,ce0f83e20ace522441b293f8bd82062d1adeee0e,0,1,0,0,1,0,0,5,60,74.86
6907,9d7bc7bd66d60329dabb3cbd5d8be3a4f49e823b,0,1,2,0,368,0,0,0,1381,361.22
6908,517b3f87214168a445b5751cda210ecf3a292fd6,13,69,1,4,1139,998,0,652,11416,6565.41
6909,861c57cb10a3ccc862ec068869582bc1551feaa5,0,1,0,0,4,0,0,0,144,60.48
6910,f85bbf309ab95bbbea38d03094b74682f5dbc63a,0,4,0,4,8,0,0,0,137,235.74
6911,4debc6033cc2099b763d7fef86829b9f6734d91a,0,1,0,0,5,0,0,7,58,78.51
6912,39682c456a211a773014474e696babff898a76fe,0,7,0,0,26,4,0,0,747,279.96
6913,426137f5100d213c9c9c2f05c81f63f1f52ed33e,1,1,0,0,0,0,0,0,7,58.89
6914,9a3621b842d2bf6b76e394f1412dd27475180ac2,0,1,0,0,8,2,0,12,221,123.97
6915,f9b79662ef575580a841af36747618a29a3955d9,0,2,0,0,32,77,0,7,170,162.47
6916,152f6c9aff44c62744d2294b220664efc14acec9,0,1,0,0,39,13,0,0,168,100.24
6917,1752fdb339df4e4d0a5063b24c460abdc0a44264,0,9,0,0,567,51,0,37,1058,763.89
6918,ea86a537e6db1606241c0b8afe03c0754176c85e,0,2,0,0,184,128,0,0,74,159.34
6919,9eb878e99021815bec6c033c6d78e16058e7b6a6,0,3,0,0,10,1,0,15,670,292.39
6920,f30f91a34f532996a322ac21737503fe40287ae8,0,22,0,2,41,48,0,65,3220,2207.45
6921,ac82becd21b7766c18d16abfc7e08334c644507e,4,4,0,0,12,26,0,8,272,495.18
6922,3581a3350892a5c584a617d1b66cffdada4e17dd,0,1,0,0,0,31,0,0,69,50.17
6923,a9fdbc4be2a7b2c10d524f92927534a15edf9b3e,1,27,1,0,467,159,0,122,3043,1962.55
6924,c3472b95e54106658d247e7f4bf3b4ea6e2435f6,0,1,0,0,14,0,0,0,189,69.84
6925,5f1ec4af5d8065b503f682afcafdb6d7febb686c,0,1,0,0,0,0,0,0,85,20.41
6926,a5ef09bb601cdd77fcb94e9ce633fdf979031aaf,0,2,0,0,48,72,0,22,190,184.65
6927,ae50c30ac3a7ce62df62120eda85b273a6aea7f7,0,3,0,0,3,0,0,0,48,64.14
6928,0a286d0ff98afa68034daff4634f526eaaf97897,15,15,4,5,12,0,0,0,1107,1285.54
6929,4947ee669fe267e3f71853cd14228b350cf10ac8,1,10,1,0,42,20,0,13,808,590.39
6930,7d026aa72852f32c0ca29924c9e2b565de41b710,3,9,0,2,84,57,0,38,3623,1065.34
6931,9829ca00dff201879724847b498fe0432219cb53,4,1,0,0,2,0,0,3,52,284.99
6932,bc4638a3c96049de3ef615159cf83bbd88019575,22,21,11,1,2,62,0,3,850,1706.67
6933,29a6e9952ebb2c7349d25d3696e2ec1d7e8e620a,36,14,34,0,50,150,0,32,2887,3693.38
6934,f853f33593373f75a72351f5256564533bc063f9,0,19,0,0,515,295,0,100,2200,1669.59
6935,bad3df54d20677157f48c3ee1f3251d2c4bce8ba,0,5,0,0,38,151,0,5,1221,359.6
6936,f48f5340a871ac58a649766e434218b67e9322ac,21,25,16,1,215,308,0,103,1701,2759.11
6937,a1d48317964df584c66d2cc9d7f539d31fa3d713,2,7,0,0,191,147,0,30,1204,589.07
6938,9a2ba6e058e907aef65e0af8731ca5ec8733712e,0,2,0,0,26,6,0,0,49,118.38
6939,77e3701ca1f8bfab33a07f11992955eb131126c3,19,4,8,2,62,59,0,20,299,1457.71
6940,59e3b014fef2015c497396d66fb00f2408f182b6,2,6,0,0,167,78,0,24,1215,1765.22
6941,7a9df74eaff94601abf1caf974eb88d347d34cfe,3,27,0,0,140,43,0,44,5288,1763.02
6942,5338f856b42422189246130cc245754162fa9913,1,16,0,0,44,11,0,17,1726,735.7
6943,5a5006ceb8d19bc0f3cc490451a18b8fc21197cb,0,4,0,0,2,6,0,30,803,344.03
6944,991af3652479f85f732cbbade46bed7df1c5d819,7,0,0,0,0,0,0,0,0,330.23
6945,ed14135b36704e779614f72e5955e476fee0cca0,0,13,0,0,60,44,0,32,2039,719.86
6946,904c95104d70f483bc79f98a35b64ec46c7f6a80,0,4,0,0,12,0,0,2,582,201.18
6947,593ce53f57412b714cd16c5b677dc4726c0b5eff,1,2,0,0,0,14,0,3,147,220.56
6948,e8e1e330a62bcdad939c896ab807362cc346278b,0,4,0,0,63,53,0,12,981,462.4
6949,7697a3254d9aa58057c6b10270d20ba142f9d775,5,2,0,0,49,0,0,0,142,356.08
6950,ccf917de23ac94b032da11fb536d778f0566792f,0,1,0,0,6,6,0,1,766,208.8
6951,c4430e67feae169f28407be6f292715be018da84,0,1,0,0,0,29,0,0,86,47.22
6952,90eb902830749ab30e85c5c3484c0f3e65321e18,0,1,0,0,0,37,0,0,61,55.46
6953,a803dc7e798461ed02f26cf437eee7a644b58cbc,0,1,0,0,0,0,0,0,46,15.43
6954,b2cac3a2a3dbc2bf0206f9fcdd8bc7ccc95a9486,0,1,0,0,0,0,0,0,189,33.07
6955,abc3e1c888ceee941d557381a8cb8a7df8af2058,14,6,0,0,178,36,0,13,643,1047.76
6956,e572961749dd45e3f7444664d9ba967fa438ab55,2,3,1,0,59,12,0,17,856,489.46
6957,ed58c34e9859e735c3fb542a8ebc577655d9aa46,0,1,0,0,39,73,0,2,55,116.07
6958,e0b98969ee4cd16b6667a416c0c2ffb60132fb12,1,8,1,0,26,77,0,7,1778,613.12
6959,bee8c995404cffc53e95800b77a3eb55355d08a5,0,1,0,0,0,0,0,0,389,64.06
6960,cd880fb69e51dd37f58614355be8a1a65d44540f,4,9,0,2,447,187,0,52,537,2084.15
6961,a9c13c7d90253cc59749c20e6ee6e7f790cb598a,0,1,0,0,2,0,0,5,29,104.86
6962,e2ae45b48345cf56501530e101f3c8523448ab79,0,1,0,0,1,0,0,0,99,50.03
6963,a76de2860d2ee78e673c97fba3394f099389ad75,0,2,0,0,72,0,0,0,154,115.26
6964,7b99670053a1c76bb3134829e456037d42af5029,0,1,0,0,0,0,0,0,150,32.42
6965,e14f2dbddbf1b4c4dc29cf20e47b6b04c5876109,0,1,0,0,0,12,0,0,155,60.96
6966,660a45ca1a67ade234652482e8e41c79ab674d3d,4,16,3,0,85,82,0,24,1457,992.13
6967,def87816f376740902f0944a6aa5791a0a937e89,8,12,0,0,113,51,0,23,1875,1181.36
6968,3039df8099bc8d42b645d69deb360c884c94b83b,0,5,0,0,9,7,0,2,666,232.09
6969,ff9cefb36c70a9b6c55f607fc2b56644c57f7057,0,6,0,1,15,18,0,18,2019,585.22
6970,e7a2f57eec05f47c94339e03865d09943acf5aaf,0,4,0,0,99,77,0,15,762,388.0
6971,47282af56697aca38a5159044b147bdeaa811a84,0,1,0,0,7,0,0,0,58,50.95
6972,90be5774e481af87355b9f475562180923039a93,0,1,0,0,3,0,0,0,67,51.73
6973,ac5f5b551ab560261a50065b23022255201734b8,0,2,0,0,6,0,0,24,153,107.68
6974,717a7dc81d066dc7d6e1a17099c0f5e1bc96b5d1,0,13,0,0,19,36,0,26,1250,597.59
6975,4d0282364f2e70fce0b55e218edccabd8e079fd8,1,0,1,0,0,0,0,0,0,116.75
6976,f81af45909d6812a19c8a6a048c82d2223b58b66,1,0,0,0,0,0,0,0,0,56.11
6977,e40cb34868e2c6ff7548653e1e5e2dfbe7d47967,3,6,0,0,11,68,0,13,680,523.12
6978,d0d68d9587a88c03ab5fa3f2db4804fbb548813a,0,1,0,0,0,2,0,14,370,118.78
6979,c73b2fe1f93f9ff2f05eb9130051729320634448,1,14,3,0,274,376,0,95,3834,1669.87
6980,d9c669d4781f095806013651c1a579eae0ca2650,1,1,0,0,1,1,0,6,219,1161.74
6981,f622de3ecbc2ae17f2d15fe46828c48747c2b6ae,0,11,0,6,45,33,0,28,487,528.89
6982,5231c9300c26895118b3277bc833536e92dcc6d1,0,5,0,0,112,72,0,13,1708,580.3
6983,9772e03d725e607495f5602f716609e3e7f9b248,0,1,0,0,0,0,0,0,63,20.28
6984,33497024852c521472c40040cc023526426835af,1,0,0,0,0,0,0,0,0,52.46
6985,3f7f04a995587f78185710ce8472d1b2e8a536f3,6,4,6,0,6,0,0,24,490,634.97
6986,fdf684427165e8068d4229a340b8e03548e022ef,8,10,0,0,45,158,0,1,602,814.63
6987,cb528a114b4f4bac04620f0dd6aeead773de0d0e,5,1,0,0,0,9,0,4,58,352.36
6988,a292b218237431e50d89c67aed97c5b4c5e1a1a8,0,11,0,0,114,32,0,17,974,473.75
6989,614cc58a193ce9adc4c8461a7b94ed091e930083,7,0,7,0,0,0,0,0,0,662.99
6990,240542f701e06b28a35faaa7e6200183cfdfa455,0,1,0,0,1,0,0,0,76,45.07
6991,2ad8f7eb5690755e2a9e7e93181cd34e1093f23a,1,0,0,0,0,0,0,0,0,57.73
6992,5bebef1da4a6dbcbda49ce44e148b1dfc36c273f,1,2,0,0,37,53,0,34,482,312.79
6993,61c26295881d737c22f17f1a9d15d8c4475f2085,0,2,0,0,7,0,0,71,567,149.15
6994,6c79afaa668d22e1192dc655e54cc3502e33bc89,0,1,0,0,24,61,0,2,74,113.28
6995,4379d0da68f04654ed40cf312b0a6c6f4739f907,1,2,0,0,17,65,0,34,724,271.59
6996,b7f0f5f4d1dc49cafd50c7c72148580fe6947ef5,0,6,0,0,100,45,0,43,1059,510.64
6997,a5801d058dc955200d726131f98a6f0f883ed4dc,0,5,0,0,23,0,0,14,164,352.4
6998,142ff78c3851e9393d9c4d5ef1c65798c3dbdd21,0,1,0,0,1,0,0,0,26,40.34
6999,d45b941280155a67aed3f3518b2a05eedc1dab2e,3,80,1,1,242,449,0,134,8594,3572.49
7000,19d484a7877cc29952bf46856e56b30434ede79c,0,14,0,3,5,12,0,2,1459,1460.97
7001,7c63526ad6f27c6f15625b8b6c48359d9532890b,5,6,1,0,50,111,0,83,1532,841.42
7002,073b82c856c0897679d46576ec902c4e5e3a5e32,0,3,0,0,177,35,0,10,222,270.61
7003,bf5ef62a43879d070ff54ebf09cecd2576e63928,0,1,0,0,4,4,0,0,166,109.14
7004,12b7fc1109f85561fdbdf93c4655a656b29e8f03,0,2,0,0,0,0,0,0,288,44.9
7005,ad42ee27decb7c563e58ef090373ae8648ca8e81,0,45,0,0,98,52,0,79,5449,1907.36
7006,ebc3bc1f9ce9dcbd69fedc2ec79ab03d94d99cef,1,6,0,4,0,0,0,0,97,181.3
7007,e4849464f070e987f7fff5ded79ec47f65dd6353,0,1,0,0,16,0,0,0,421,108.58
7008,315badcff6fb3f252c62a21b733a3e4b5bb065b1,1,9,0,0,19,45,0,28,1511,501.91
7009,5ff07e63d1e9a98959e5edf66872222b847d23d5,0,15,0,0,38,28,0,67,2337,1121.23
7010,5ebe3fb55f2ce9299660989d40aa6d96d45a6d8c,2,15,0,0,69,17,0,2,2451,921.99
7011,35ad5396caa533735070aa514134f08c3e3ecee1,0,5,0,1,113,0,0,0,475,210.87
7012,9071e3befb8c279f73c3094c9f6bddc0e7cce9e5,0,4,0,0,26,10,0,23,505,284.43
7013,14484db3866df82537eee0f707d813bbf398bfd8,0,2,0,0,0,0,0,0,109,38.4
7014,e7a06094792e2a6f79c723dc1d70544601c41299,0,9,0,0,116,10,0,5,895,562.59
7015,b00108880a75d6a4acd52409adbdfe11b0d5b90e,0,2,0,0,0,8,0,0,63,72.1
7016,3c5c8325b6641854fd86596ffe1fc5641a6757c2,1,14,0,5,45,159,0,28,595,874.41
7017,0c771505b84cdacf7a359c3be0efe38a30f9e660,66,23,59,1,293,126,0,7,3639,6312.1
7018,8c89f3c6b5ebd0334176d9e7e57b38b4d39a594a,0,1,0,0,0,0,0,0,6,16.89
7019,9ed01e67b3f440707af149b8c2ca5ca4a66db3c1,1,1,1,0,0,0,0,0,52,107.99
7020,5b9ac9508b5d16f85b76a6de940458d385e23f0d,1,5,0,1,274,6,0,5,802,1446.52
7021,d48b208a7207bc50ba76019b7cb71039573bd26e,11,10,0,0,38,0,0,9,567,969.7
7022,990df8f49ddf635bc357033db901bb87be224f42,0,1,0,0,0,6,0,0,59,44.42
7023,3e36fd6b2efc8fbbe41dceac66da355dd20f5a47,0,1,0,0,0,0,0,0,0,15.28
7024,7d820d6fe17341463b2a0f9cd1cea1ef085eed21,0,10,0,0,9,19,0,64,3902,1042.63
7025,b5e2551fce7491de073b4448a53634bdc4e9e021,0,2,0,0,0,3,0,0,1721,298.61
7026,9c21c742f9bcaeb8fbb0039d1c3a607d28078f5b,0,2,0,0,18,1,0,2,139,152.75
7027,fe3b276818eec1d4a70632a45343d70dc2be53f3,0,38,0,1,114,215,0,119,9524,2761.56
7028,e52db8bc411e93c245cc78a278854f2653e5f384,1,24,0,2,208,162,0,45,4329,1577.24
7029,0030d6ab21197077438ba05654a5af353bc1acb7,0,1,0,0,0,0,0,0,3,37.06
7030,29249b2eeb9cb9910a5a55ae6c3a0b648d67d2b5,1,5,0,0,42,13,0,0,364,297.72
7031,425ffe268f0c5aceac084b522af04736d2298da7,0,1,0,0,137,6,0,16,342,177.28
7032,7d5100742355448169f00a607cc350884bbbd987,0,1,0,0,0,0,0,0,73,37.34
7033,fa03e78d3a245b40ceb3efffeb3020853e74e48b,6,14,0,0,251,70,0,28,2008,1421.57
7034,a6df90ee04d343538c8c3a57bcbb563aac65a9c8,0,1,0,0,0,0,0,0,0,12.2
7035,872c35e52fc3034da081239fca062e5889c14c8a,0,1,0,0,3,3,0,10,476,157.71
7036,5643d156cea72314c2240119b30aa32a65a0aeb7,0,4,0,0,87,21,0,8,291,301.78
7037,dfbf83ff6356fae4948cc44a1d0908defaeca45f,0,1,0,0,10,8,0,11,219,129.85
7038,0ba528c71e35858a043bd513ead37800262f7e0c,1,3,0,0,128,20,0,0,667,308.46
7039,1931993bdc1d294a0eb9e1ad727f737cf64fe150,0,1,0,0,0,1,0,7,147,80.96
7040,d19525e90e69ddd257d47371b8ea0319fa4673c8,0,6,0,0,135,20,0,13,675,1450.58
7041,3ff91be1d49cf9f972ad5f1c556af173d97d102e,0,2,0,0,46,44,0,9,250,213.63
7042,64bbf1d865ad7f90d2b99f0a7d11146fd6ae54de,0,4,0,0,0,12,0,0,227,106.61
7043,e22c777f44b3e24cf9f4509672f981c71d4eb715,0,3,0,0,5,0,0,1,354,135.53
7044,8cdf2ff7e5817acc0c239ce31c098daf33d326b7,1,4,0,0,202,24,0,22,786,446.9
7045,b7d3589e7732b6458ac4c0ad936666d670cac87b,0,1,0,0,0,25,0,0,224,64.6
7046,6360875f12a102612bbb6c79bed807712285e116,0,5,0,1,33,28,0,5,371,355.98
7047,edc6f1000704a492629d7bdf8cbfa5ba5c45bb1f,17,54,6,1,205,242,0,136,8198,3974.92
7048,3b0fb26bfb779a98f8dcadbb4a7ba206e11f9c2c,3,21,0,0,117,107,0,41,4865,1544.88
7049,438e4e37425688e2689fcb35488f819d729903cc,3,10,0,2,174,150,0,81,2685,1042.48
7050,856b6baf1672ac0a9eaedc56cb18562e934ebac3,2,0,2,0,0,0,0,0,0,234.95
7051,5058c3f6c4e8f90e2bb40f9c2d2bf171ecf51ae6,0,1,0,0,3,3,0,10,476,154.92
7052,51e9a0159ba215e3779e4ef6e0ceb77d3df48f7d,0,1,0,0,7,1,0,7,478,153.25
7053,4319725cfccd40fb063d126fd5fc36dc5feec158,0,1,0,0,13,4,0,0,111,86.15
7054,0ed264b55560ab573f0086313c37f3110e99d49c,0,1,0,0,19,0,0,0,69,54.43
7055,185c807d144208aa4061e18fe8f46dfe0e931a15,0,2,0,0,5,0,0,31,799,185.65
7056,747cf821f96eb559c28af39e2150a134224214b1,0,3,0,0,0,5,0,0,167,72.82
7057,c568aed1ecb7675a2776e15f120e45ad576eeb37,0,2,0,0,24,0,0,0,162,107.59
7058,90b3b4cfd2f0769e23a768061023f912d1a0cf50,0,5,0,0,54,12,0,1,878,324.4
7059,65e87045c48ce3200ea6690d945ed87b061808af,1,5,0,0,14,29,0,7,1285,443.33
7060,9c1a67d9f6fbb766b50fe74b2713484bf3bd070e,0,2,0,1,0,0,0,0,260,1132.51
7061,d11a9836f81bf8386071ad03355b32e8d086c0f9,0,1,0,0,0,8,0,0,43,47.46
7062,280dcc23670bc5c162aee44d0b8a89d07503ccd9,0,2,0,0,0,8,0,0,78,55.59
7063,6593e0f9e6db9d862afadeeae79e0afa2590fd73,0,1,0,0,0,0,0,8,133,53.59
7064,600e9fcbce61e6a6d94330c8cd50a0787fb4ccdc,0,1,0,0,0,0,0,0,35,14.41
7065,d368a07a2146c45a7f994cab0bb55524432a843d,1,1,0,0,0,0,0,0,101,79.26
7066,f2c3ff3ee3a5121665e32acebbaeee7bbb380e7f,0,2,0,0,0,0,0,0,12,15.27
7067,7fb7e0b9775d1773d20e63732130ae140781a6f2,0,2,1,0,32,29,0,1,222,186.37
7068,358aacda22e87913b8c8b314d0c44308819f454b,0,1,0,0,0,0,0,0,97,21.3
7069,a7e0a277fe2a06e516ee02d435e8b17385023455,0,1,0,0,0,4,0,0,62,52.99
7070,250adfd2b705cf2fb1e73866cd5def6ad0dc9cc8,2,0,2,0,0,0,0,0,0,240.56
7071,8afadd459294bad8c8eecd1b0c75f773bfe27704,0,2,1,0,4,4,0,1,299,168.66
7072,8198967eaa6cd8e2a690dd1be31721b25e116d9b,0,1,0,0,0,0,0,0,45,18.34
7073,6afd68b100edab4689a6e7a39b5aee7743e05853,0,1,0,0,0,2,0,0,11,37.42
7074,fe931d075f031e9494fd26dbeed4bb1024bd52cf,8,76,3,14,468,114,0,0,4824,2831.5
7075,51b5b53c7cd7781959011ba48559c5361ac93ff9,0,1,0,0,26,5,0,0,65,86.57
7076,4cd7a802cfbfca01708ef75063cecc6e2ded5461,0,1,0,0,0,0,0,0,31,14.64
7077,25dcdea056a341142d4b85e942aa80e9f82879ad,0,1,0,0,0,5,0,0,19,41.84
7078,a042ba9fdbb9251185cf4ac756601c9de56a92a6,0,1,0,0,0,0,0,0,78,18.09
7079,6dd5e2b272f717f6d97bb8dbf5f28c59d8c90151,0,1,0,0,0,0,0,0,23,21.79
7080,c438e293adc541c56cbaec222aa2942969e49c71,0,1,0,0,8,6,0,0,16,1107.97
7081,78c8ea2085439b0d4fe0d7187044b44b6f110aff,0,3,0,1,14,0,0,0,159,100.84
7082,87bf578163facc272138141fbcfa35c3bedbe74d,0,2,0,0,9,1,0,0,224,116.5
7083,e56135d87fe394d4ed0b3fbac1f8b3d65f5d03d4,0,1,0,0,80,71,0,0,22,101.45
7084,de201a6c0f8739c12918817d2ef571abb2898f37,8,5,0,0,32,3,0,4,236,688.06
7085,2c0fa24032502c2ea375d5a9628efc9748bcf9ec,0,3,0,0,1,1,0,0,679,166.75
7086,f3a2197a23524048200ae2b4712d6ed833208124,5,6,0,0,83,52,0,14,416,722.21
7087,430fa7b0bd24b79a11c221f54f899b8d2bc4b47f,0,13,0,2,3,20,0,2,1123,437.07
7088,26e3d3765a7bab2f4cb517476dfcb7e9c1b2ae30,0,3,0,3,0,0,0,0,82,100.89
7089,520a74f4b683e49ec233f11a0d5af6cc96e9f1cd,0,1,0,0,13,16,0,80,596,188.3
7090,755ae519255f146aac49784af7bbe049d2c1fd13,1,2,0,0,24,0,0,0,592,215.09
7091,84746a861ae02dd1dbcf1938d7ae2bf0d604e35f,0,9,0,0,26,25,0,9,711,444.58
7092,ab00d35b88ce9cf26c66b7cbb21486d1b18573a6,1,1,0,0,1,14,0,7,471,211.55
7093,dcbc9668c7f07e6c60cc3032aeff37ab416a8204,0,9,0,2,11,11,0,0,369,293.76
7094,49f6909868c782bc37116b450dde92e02bc3731b,1,12,0,0,55,0,0,1,1113,470.41
7095,0d551640e65073afd8755e04f7817a6379149251,0,3,0,0,28,14,0,8,251,225.37
7096,50fba9aa4e96632f7b32cf98d704683364196cbd,2,9,0,0,30,17,0,6,149,577.91
7097,9be150e3d9dcf86a2b83c0102619db8f3dd5f498,0,1,0,0,23,23,0,0,95,87.58
7098,55165334078ab79fcf0b91badc6ad33bfd4e76da,1,0,1,0,0,0,0,0,0,81.76
7099,de58523b5cfb5e2e4210c4d4ee7cbdf459398afd,0,3,1,1,78,18,0,69,575,394.22
7100,cd532516189b801bb02650665cbb109f8d8f8887,0,2,0,0,44,9,0,6,190,1187.63
7101,f04b32b02900181db82c6c518ffbd6430a0a369a,0,16,0,2,1,22,0,0,615,263.5
7102,d7c2c417213502130b1aeab1868313df178555cc,7,7,0,0,53,54,0,9,287,829.37
7103,74d052bb045031363652116ab8226d8ac00e0cd0,1,16,0,0,66,56,0,6,1048,736.0
7104,49c8686b81eb7cb13912b4fbb6f468840f1cc7ad,0,5,0,0,1,1,0,5,438,192.14
7105,2906698b4a87f21c6fd099cf8a028f68fc311b1f,1,2,0,0,11,53,0,3,77,228.7
7106,401d006516caa2a9d8289e760ccd3a9c564bc795,0,3,0,1,119,56,0,35,594,397.36
7107,7a434c39851a8a72ef2973f6c2a236c264d9b87f,0,1,0,0,12,0,0,2,343,126.18
7108,5f00294af4b5527d4e320c2adc66fe9c6c2fd5b6,2,0,0,0,0,0,0,0,0,102.4
7109,a0838de79ff73b0322f3ce255df54f5f33b2bf3b,0,3,0,0,45,24,0,0,560,243.28
7110,bb9c64b1222a5e9568cf93186a6420bebcb306f9,2,26,0,0,186,139,0,86,4868,1569.3
7111,be913100d8657c7a0acdaa92557af51ab69af0ab,0,2,0,0,34,113,0,9,349,222.6
7112,493c28571f22d9dde4edbec0ba38f2761fb51335,0,14,0,0,57,33,0,70,1397,951.23
7113,fbddf35faf59d5b762a71d42155852b29ef0da48,0,1,0,0,0,0,0,0,166,31.11
7114,7bca9e4613ff30ab6a9c11e673a785f3f5c86e69,2,31,0,0,95,71,0,53,5308,1693.26
7115,ff7e3cf6749a6b6bc898fde871c36661c8629c23,0,2,0,0,0,0,0,0,549,98.85
7116,75c14541fdc52d5446b179e8e660b8a4fd90310c,0,1,0,0,0,0,0,0,162,32.69
7117,fc3eebd1e46c680a99ac22f20adda40841713294,0,0,1,0,0,0,0,0,0,44.74
7118,5e059e968633c4292734ebed209fa1b3c30529a1,0,7,0,0,33,51,0,12,821,465.97
7119,2fe078f3927595cbc3c5de6635a710494e0f34b4,0,2,0,0,41,32,0,0,1040,304.26
7120,a4d86975967942054d1bd466641e9c835fb014ac,0,1,0,0,0,0,0,0,28,1049.07
7121,34120efe05ba1141de50b1c39318d70c70be516e,0,2,0,0,9,3,0,1,594,201.51
7122,e5ab4053bb20342699eaa70603b4246845608a89,0,2,0,0,0,3,0,0,42,87.75
7123,3561222c5d6c7cee79f8c5872f32227632135c48,0,21,0,5,0,0,0,0,3518,707.95
7124,98241d513befcee460a3f7af805a96c794c33ada,0,7,0,6,6,0,0,6,73,321.4
7125,52599ff338afa19d07277874f2d102845c6dbec3,0,1,0,0,2,4,0,2,367,144.97
7126,610fde722fc91ff760cff3865564a51a4b945f19,1,1,0,0,26,0,0,12,88,187.29
7127,c4107d4c336ed8dbadc03a7018eb255f4df3d1cc,0,1,0,0,34,4,0,19,326,156.41
7128,458c909caf6f3ab1a6ed90c2508eacf686d1d101,0,1,0,0,62,7,0,0,217,119.6
7129,4083c70dc88e0022daaab807d67b922d426fb533,0,16,0,0,103,36,0,1,542,963.79
7130,d86c6b6bb32adee9d4b5c9098340a34e8a8a7f1d,1,5,0,0,41,8,0,1,790,327.88
7131,fae83c0b0c0a711d5d0f9de0b95fb6b703c4f912,0,1,0,0,0,0,0,0,3,46.52
7132,da38a219a9abf31f53318b2a902bd064bfd0a775,0,1,0,0,0,0,0,0,207,37.43
7133,79bcdffc057d366f31860d7690abac2819d84bd1,0,4,0,0,0,357,0,23,372,250.38
7134,7ff3f373a353f9ed8cd1973f2bde172ab7bd992d,0,1,0,0,41,41,0,0,69,90.33
7135,622daa447755b984644212f56c5540253a10c149,1,11,0,2,164,73,0,11,764,703.13
7136,7fa3b55eaad1d7a93d2993405f1e1210e545da0b,0,1,0,0,0,116,0,11,143,92.95
7137,f399b3fbb30107ae4b0d6e40ef0bcbf365b533bb,0,9,0,2,9,0,0,6,700,422.88
7138,23ea197b751a98d10a1bd549175f2566f3a7c227,0,18,0,0,21,23,0,2,1576,538.87
7139,a569f38f16186518b53461842d37b09fb1df45e9,5,31,1,0,67,89,0,62,4492,1825.81
7140,bc1c375aa061f27a2fbc5a7688b06da70fed5d20,1,23,0,0,51,4,0,10,2034,1847.44
7141,a744d4bf39f8bb365cc55c034f6521a00b2aa77a,0,13,0,0,10,13,0,26,852,420.65
7142,917fbcbee4599c1d198a4c63942fe1d2762aa64a,0,1,0,0,27,46,0,87,459,189.44
7143,88232a66b96d01ecab907590ed9eb2c3a983924e,0,1,0,0,0,0,0,0,15,13.7
7144,79b5bd44eb57b2293232c940dcbd35036615b554,1,0,0,0,0,0,0,0,0,54.62
7145,435d9d320ba320b40eb328b59e32cda6cc2c531b,0,1,0,0,18,6,0,0,14,75.54
7146,81d3e72eb8cd9eb591f6ea67bc904dd0ad200a17,0,1,0,0,8,0,0,0,111,53.92
7147,f5ec9c83e757bcb49e9c3e5d2279d6096ffa5d27,0,1,0,0,0,0,0,0,609,81.96
7148,dc7ab1355e5e84d50313eec50b930e09d6bd759f,5,9,2,0,22,3,0,9,762,644.75
7149,784dbbeeeb0736c29225b58ec01f1cf95234e881,2,6,0,0,158,4,0,6,525,477.11
7150,c6945c2ef48d4c2cad3fc935435c1ab83e834969,3,13,0,0,134,55,0,47,920,932.99
7151,9fc3c71f81a2728fd60c7ce26023c23fa2ced37a,2,8,0,1,19,3,0,0,236,311.16
7152,e7ca1055afc46e4a6ccb3492758de36bfd6419a3,0,1,0,0,35,10,0,12,23,108.02
7153,8e7a71c053135fdce4073eaf8022d5727d87b5fa,0,3,0,0,0,10,0,9,142,127.83
7154,b0bd65db9bb9d41ad85634d08dc8b9dae2cfa8dd,0,14,0,9,0,0,0,0,227,275.16
7155,0e3027d4b87cb5aff5c640ec809f2968b64be732,2,2,0,0,5,70,0,1,430,278.47
7156,7ddb674cb17c35f17aa073d3bfd6897d7fc13b9e,0,5,0,1,66,31,0,3,350,265.97
7157,740f711c4ec9c4b7cdefd01c9f64857c345a68a1,0,1,0,0,3,0,0,1,3,68.91
7158,97db0bf9c1448a7e672f5d0235e301d03e1cf7d2,0,3,0,0,0,15,0,4,316,196.09
7159,c1ffc11416447c6110f41ebcf72564e291511deb,0,2,0,0,3,0,0,0,14,45.6
7160,ee9027e491ff50bf72f51c869a5095aef7092396,1,3,0,0,0,0,0,0,175,1111.53
7161,9541afd2c53fc55cee7f0f45b4e16377803f1388,1,17,0,3,114,71,0,45,2808,1281.25
7162,79854697d130b9650b2aa679d263b239a2c10521,0,2,0,0,2,2,0,0,47,81.53
7163,244f03f363a6eea709cd45f8e9f495f0ac4eca62,0,1,0,0,84,82,0,0,21,101.66
7164,a6ee040c5dbf8b93e94dcbf353e0db897ff8fb29,0,1,0,0,0,0,0,0,92,20.09
7165,d42759d0a17d17adc5af9c26b939d431acba5b08,0,4,0,1,34,18,0,4,485,318.29
7166,907361d862c77a70ff60d27e7fcc13647eac0e6d,6,0,5,0,0,0,0,0,0,443.62
7167,d6f5ea30ece3495894b0e6d2847b810040b37658,4,4,0,0,78,1,0,28,180,516.28
7168,c40b84dfcf748d04f4e3866bf2c60b183c9cf6b3,0,4,0,0,30,0,0,7,118,238.17
7169,409ea2314d780436a404b3d8b61768e20af7485a,0,2,0,0,0,3,0,0,78,54.37
7170,5cf37782f482f5dd51ad599a083eaa62dfcd805a,0,2,0,0,0,6,0,0,141,60.34
7171,91c72b9dc611e73790147256adf859c177afe862,0,3,1,0,7,10,0,22,332,237.03
7172,7e90074502d0ac99dfedfbcc33190fc5a4898630,0,1,0,0,0,0,0,0,229,38.78
7173,af6bdb606e825d0d66ba532bcb9d8335f9f4c54b,1,1,0,0,1,8,0,0,124,127.14
7174,d5d4da1b3785c493e441eeeb99b94718374b1556,0,2,0,0,0,10,0,1,26,96.3
7175,92ad53e6a7e4c9df7055aac89b49ae95d50c5b4c,5,11,0,0,169,45,0,97,1217,1135.54
7176,94123cec718a3edbf1199fd703627f0081e39065,0,14,1,0,68,82,0,38,2063,947.52
7177,4f32a796f36555e46053a386b813e62cb886d273,1,1,0,0,7,19,0,3,79,168.61
7178,a3fd548e9c76c67609bbf159d5fb743d756450b1,0,5,0,0,1,9,0,11,549,252.52
7179,0bf0fdc26ea86020929fa64d083dce02ba2a2ae2,2,50,2,0,128,435,0,75,7873,2467.49
7180,1d38e0b49a1936fef477a7a2a65abdd815f2d695,1,3,0,0,11,16,0,10,161,1267.28
7181,5a545dbf16272c36c0e8efbbc07b1aed3c0290b9,0,1,0,0,4,54,0,2,197,133.97
7182,b82f59f64326e81cd8d1703c859d13485dff6958,0,1,0,0,9,4,0,0,111,82.82
7183,0888bb622e275ac6ff2408c2ae5014fd787b5dbd,1,1,0,0,0,34,0,0,110,122.92
7184,42b01140e09dd1dd106eac302b3aaa8ef756754b,0,2,0,0,0,0,0,6,109,96.44
7185,627bcda6957b2ad61b67b98a7d0a1de2c1f3eb29,0,9,0,0,13,2,0,4,525,286.99
7186,01d0d256d633108177ddc77288287e1201e31de0,0,4,0,0,0,0,0,0,0,27.01
7187,c57e56f183bd923e6947c70f533a2919c888565b,1,4,0,0,7,20,0,23,722,323.58
7188,30734d55660bfe00c39138584f0e576e711ad791,0,21,0,1,10,2,0,11,1061,497.01
7189,c816191113d813156467f3e33856636ef0bcce38,5,0,0,0,0,0,0,0,0,283.65
7190,2558ae51140af04d241c77945bf9747b763c0ee8,3,0,0,0,0,0,0,0,0,139.09
7191,fb29898cd3507b2b94dd8bbf3dbfd2132b643a1d,0,1,0,1,44,9,0,0,324,214.93
7192,035053cfe1319fb1be7a0b5163d1e786d4815a61,35,3,0,0,12,7,0,2,366,2093.14
7193,2ce5b98da04cb3850ff91757cc4b74a98b8ce082,1,5,0,0,26,64,0,37,1649,449.63
7194,7f99a0df669dc73c983913c505c7f72dab3c0a4d,0,1,0,0,0,0,0,0,139,25.62
7195,ce62945ae6c1b1878bebc9a528e63ef7a54cb897,0,1,1,0,0,0,0,0,500,95.68
7196,9e3bac39e01722d22e3c08bef593987244609a72,0,2,0,0,38,3,0,10,656,229.15
7197,6e89878166c0b8b8193ae69a675b6d085ffa9fe7,1,1,0,0,4,0,0,3,152,132.6
7198,c1665c12b49752af2f4d2c624095dcec432efe8e,0,2,0,0,33,0,0,0,182,102.15
7199,c5efb1f208979fc5a787ba55dc185a7bf2991388,0,6,0,1,0,9,0,2,527,163.86
7200,de3d85ba19d11ad8a7ab38b30b74953421e6383d,0,3,0,1,40,0,0,5,554,1278.95
7201,997fab6247a0d0216a69b698ed049656aa358535,0,3,0,0,0,2,0,0,239,83.33
7202,63a19e879bfb4c4981f151e7b50481df094dcb09,0,2,0,0,16,0,0,20,303,183.27
7203,3397bd66abdc529a2d5940a09f9feee035fd0b90,0,2,0,0,7,0,0,0,384,99.8
7204,10aae991833447506e8e8231c32fb9f816920597,0,2,0,0,0,3,0,0,72,51.48
7205,a49f0378c3ad7c9b02ea3a94e44e73e4dcbeafa3,0,1,0,0,0,0,0,0,194,36.12
7206,6cfb75874c2b625021eb478b29722d15f4c63f9f,0,6,0,1,0,0,0,0,96,72.19
7207,d12158e8c996aeb3a4900e4f57347a5b6f8fa1cb,0,1,0,0,0,0,0,0,369,53.65
7208,7034e9cfcb051ef90c5bf0960bfb50a79b3723f0,0,1,0,0,3,0,0,0,194,68.85
7209,fba72d073f68803dc8e719c69c7994283531fffb,0,2,0,0,0,19,0,0,208,94.85
7210,0ef7fddeff8430fd40d2d7a1b8a6454fd9416ced,27,49,15,0,108,224,0,170,7673,4416.65
7211,76e3156d014e12094bbb55ecbd024b5edbf4b4cf,2,2,0,0,3,44,0,0,205,222.57
7212,544c9703d97668b8d4a952501756db52156ff2ef,5,1,5,0,0,0,0,0,22,424.71
7213,2cb58960e78bee83d29fa66c2c29647353194f75,0,3,0,0,0,0,0,0,225,45.32
7214,47e6069d7a299c02a81f062a7acb6a792b71c146,0,3,0,0,7,0,0,4,212,174.65
7215,2c57cc0bc9a4f46d343ad566f2b8b4b8da99d58d,0,4,0,0,7,10,0,3,486,250.09
7216,9b5fce6b1d55205054abbdf274df7af72d1fd263,0,18,0,0,0,0,0,0,327,133.13
7217,50301254182283433d52b5359b1afa6093d0514b,0,11,0,0,0,0,0,0,1351,207.48
7218,a7c407ace4f6cbfbde3e247071cee5a755ae66db,1,7,0,0,53,28,0,24,671,559.13
7219,1f60a1de563ccca4ea0309fbd5c6c3531090ddc9,0,1,0,0,26,14,0,1,48,113.78
7220,c2492e9b220c6c9a64b47bcdc76a2194d9f4d669,0,4,0,0,46,74,0,18,859,1421.28
7221,7b5fdbd6501c33f74700d79aedc9411d160191ba,0,1,0,0,0,0,0,0,0,11.08
7222,9f68e790fc28197f89638cc83d1612f8f7a796a8,0,4,0,0,12,35,0,4,603,212.73
7223,8d42197b662efaf58d92a3073d8c319f8a2a793e,0,1,0,0,0,0,0,0,107,21.55
7224,dfe3e623ea15471bc84c56256b3872df301372c0,0,1,0,0,0,0,0,0,107,28.94
7225,f7a6df1a63880774132357e711abb30c0d831ee7,0,1,0,0,0,0,0,0,28,12.73
7226,102537df77b12b6541a738b95571d95b5303110b,0,1,0,0,0,0,0,0,107,21.07
7227,3cdc5d1dce7c8cf0db0352d86867f73f6ccd9be9,0,1,0,0,5,0,0,1,11,77.29
7228,056c72af994bc0b7bd838faff6b2991763fc2ac1,4,1,0,0,16,0,0,0,79,294.17
7229,2c027861086ee8be8cc56d6bb424b687ba3f7ffb,4,1,0,0,50,0,0,4,95,330.37
7230,4d0d7f925abaa2d02814a52bfb666f445bd25ea7,0,5,0,0,5,7,0,5,434,242.15
7231,08e550c98674738ab883ea84c0350093c9765ab6,5,10,0,0,87,17,0,39,1188,906.89
7232,37cdaf976ff198a6e5c1d0e6e38a50de185cec1e,0,2,0,0,85,80,0,55,511,226.9
7233,e8edbcafae6561423d0f8f321d2b64805f09357b,0,8,0,0,0,4,0,0,711,198.5
7234,091a37052b7045b3ed28c68bfea109024a5d1871,0,9,0,0,44,18,0,12,2599,732.98
7235,d7ee60330ae91700d7b2c06eec863e3c4b092222,0,1,0,0,0,0,0,0,609,78.92
7236,d7e9dc1931f1f1cedbfee12aebe34dd76e9bac10,0,1,0,0,0,8,0,0,6,41.85
7237,156b8935ef76eb53456cea1d40fd528ccefa21d8,0,15,0,0,41,29,0,27,1668,890.65
7238,ac0facc8754ab8bf41f6be96b4241e0a9078f52f,0,1,0,0,0,1,0,3,231,94.52
7239,57ffddedd0e4edf3b7c55405aca7130f5a32fe4a,0,16,0,0,225,24,0,40,2370,964.62
7240,484fedd4e649ec3adc4f55f090b71f9d7dbaa961,5,15,0,1,494,131,0,177,3269,2747.81
7241,15a0dc4aecea4a5cff26abef00a067577a27c985,0,1,0,0,0,0,0,0,263,38.7
7242,c6c17befe54d55755ebaf160ff20a11aa32bbbca,9,5,0,0,91,0,0,0,1162,833.46
7243,06922753a55dc322b96919ebb407d531e2b79d3e,3,4,0,0,86,41,0,18,474,369.61
7244,2ce64e791b3a2e2b8a8e4ac774f2ca45da5660dc,0,0,0,0,0,0,0,0,0,33.05
7245,7d986ce0482562efd90fec416c4b2f4638a4058a,0,2,0,0,13,22,0,0,191,98.63
7246,b5db8d90818efb96ac407ccc213f2892f3852321,0,3,0,0,6,27,0,32,348,195.64
7247,ed0716ac710387979735140d18a598240b43085d,0,0,0,0,0,0,0,0,0,34.94
7248,3fdee00e45480c5471e6dbe0d2cd006fdd046b75,0,1,1,0,0,0,0,0,9,44.91
7249,782ec6dc4c3a4d4825c8f99af0b596be766c1312,14,15,2,4,78,106,0,15,1058,1574.24
7250,12396f19851e74310c9b5f28870a8de9794511fc,11,10,11,1,132,38,0,35,1171,1657.71
7251,10e900b25ac03876d3f9e78f260d48efe6b9d853,0,17,0,4,223,257,0,107,1964,1058.58
7252,46ed5e31585499cd0f0b4bb0718460ba47dcb926,0,4,0,0,10,10,0,18,438,398.6
7253,76abcaa55d0d6ab704b7ab8164718e8e2dcae2c4,1,20,0,0,18,19,0,39,1271,742.22
7254,ce25688bac1c1ecfa53a03ab1857bb82963b0696,0,2,2,0,40,7,0,4,89,262.26
7255,d53a722e769e8ff6009d53208bf6702ec3e4a6f5,0,4,0,0,0,0,0,0,324,73.87
7256,30011b9b110aad0e1c28e7e0a025b73986781a72,0,22,0,1,158,100,0,23,2302,1073.11
7257,b3fc79392343ff1ba364254b194ec70d2bf43dc0,0,1,0,0,200,0,0,13,143,124.9
7258,dbe0e8286d76a5facdb49589b638b87dbde80178,1,8,1,1,44,26,0,15,1013,631.68
7259,bc2efdd7dd47bc42ef1a43310ba5f2df60bfc424,0,1,0,0,0,0,0,0,15,12.41
7260,306fd8e41d96d8fdf7470cb3fa56917ec1b2cd31,2,10,1,1,168,132,0,15,477,1828.65
7261,bc588aac3a6cfe756351d8ce7d86143048f6e608,0,1,0,0,1,0,0,0,515,106.26
7262,3345aa7e1adb58b3845bb72e9ee6e0ee9d8fe32b,0,3,0,0,36,10,0,6,292,237.37
7263,50f09ad3ef68a7976d3e80d612ff7aed623a13b0,0,1,0,0,0,44,0,0,299,72.66
7264,2b55ffbe0101fae26281ae0324ffec5b577fb13c,0,1,0,1,0,0,0,0,810,317.71
7265,b5de38cee4e68304e76fd9f9cda09dee86099578,0,2,0,0,2,8,0,0,75,89.54
7266,1a5a355a873d88d1fe1903503d81140918e0e07e,0,3,0,0,0,7,0,0,273,85.44
7267,11287fbf61cd29d0d20ac8f97884d2c08886f71d,0,1,0,0,0,12,0,0,11,38.46
7268,435930164f32199f345d01d7094647755bc5f455,1,2,0,1,2,22,0,2,179,289.04
7269,057edf9e28b656401b985069ebcc428ab55e5fed,1,5,0,0,8,11,0,6,362,215.55
7270,91f2a8d9b6bafae5855254977d1f38e1b89f2389,0,1,0,0,0,0,0,0,0,23.69
7271,ff67094671e51679ea79e8e518f18348923feb06,1,1,0,0,6,0,0,0,72,97.53
7272,85bea23ace3133e1b2d239c4ee87270a201b9b6a,2,36,0,3,831,319,0,133,4738,3650.14
7273,51a278778c3536aa9f5030a8f43a7faea6889992,0,7,0,0,4,16,0,5,525,262.9
7274,63d4819e197b1df1651157fd8f86c8ca0540d0b1,0,5,0,0,86,8,0,10,947,453.06
7275,db440f2434423a23207ba666b33f4ccb55adede5,0,38,0,0,75,69,0,55,5181,1583.57
7276,665347cf867f0b807fe9d4787b5ef42b0581b510,2,3,0,0,52,0,0,6,479,355.54
7277,4816a6e7739851de7ae3b8f7676b2f3aa6e20e09,2,0,1,0,0,0,0,0,0,283.47
7278,bb4bd1cb75d6c2c2d35b25a289574ae53b76ddd2,3,3,0,0,61,52,0,0,211,312.15
7279,1767898dec0fe832865c7b0b6f53f8069518430e,1,4,0,0,50,60,0,15,420,415.87
7280,30677772e29a8bbb667d098c43a0b225d5602049,0,4,0,0,29,0,0,2,426,1412.64
7281,ce52642d59375ee31aa9990f870d771a9f1c957b,0,1,0,0,7,1,0,0,36,86.25
7282,4ceabed9ad108acd6b67ec59e2f079669ab73046,0,79,0,12,40,50,0,27,3132,1616.15
7283,ede4c0751b630503605248e8d22f29977f58624a,5,5,0,0,88,0,0,0,1398,724.76
7284,1887187f6b5c210d2091c69ef14fa8b8a5cae82c,2,39,2,0,438,460,0,175,6110,3081.06
7285,99495c91ecce7141ae8b2fbc96492681a9d130bd,1,7,0,0,13,3,0,4,1837,427.23
7286,9903c8c42793b922549835217c586c5928999ea5,1,2,1,0,0,10,0,33,468,236.89
7287,5cc50934bdcf80ae1fa69abe69e2f214852653f9,0,35,0,0,221,236,0,156,9377,2805.85
7288,2ee4d06ac879e955df0648dd0988f081a617e077,0,1,0,0,16,2,0,27,420,156.31
7289,f8ca273549aded00c7cd12699cebc1f5bba83153,0,18,0,0,139,173,0,44,2848,1188.51
7290,9d0dfcba639a206fb7bf06df3b6af48719794d5d,0,3,0,0,1,0,0,3,584,147.27
7291,aff43768f3285a5f2bc5593369a7fec3ed77a2af,2,14,0,0,179,76,0,99,1631,1179.41
7292,905d98e37c015d24d097113b6e6e8194bd88cbd8,0,1,0,0,0,29,0,0,259,70.03
7293,e2f1ba92decdb27f3aea4e21a7cad7dcc98cea1a,5,21,4,0,177,226,0,71,2430,1659.78
7294,402499f06a4b590ac47df64ecc01055c06b0399b,0,14,0,0,72,85,0,52,2365,1137.13
7295,38d3720863c6187153174d0df57fc414b0cf8e96,2,38,0,0,120,155,0,20,3489,1643.59
7296,03841fdece53f0b2264c8a46ae860e7689cabb49,2,3,0,0,0,19,0,5,300,239.41
7297,8e23264a4511d33723a756abc209c289fafbe97d,0,2,0,0,15,0,0,3,113,130.68
7298,598d96c105a34b20c16ace9f4b56d663dac670d6,0,1,0,0,0,0,0,0,36,14.1
7299,dc9a4f2f63e977f42e2f19a347c7010057dc4c69,6,4,0,0,4,20,0,0,122,442.4
7300,5a318de97734df52dcc641c0594ead9df18b5e2f,0,1,0,0,0,0,0,0,6,1034.89
7301,4ade82631b43c28262c303c4ba028270652f4db3,0,6,0,0,0,0,0,0,97,44.58
7302,de30d16547d2a0392c2e311934830605de6ebd9e,3,5,0,3,15,14,0,4,232,480.44
7303,0755324c2807673f3c482234535c9e0df24d7feb,0,9,0,0,135,20,0,0,487,274.83
7304,c520f6bbace837ef8e18e9f466839541c6bbfee8,0,1,0,0,15,3,0,0,47,79.62
7305,36b2325abf51cdd54cc651fb750e8f1eb7b6cb22,0,55,0,1,15,0,0,62,4103,875.73
7306,e157cfa77f83608a0cd6d7d41a96edb0ca1f97f6,0,4,0,0,6,3,0,11,2060,421.85
7307,2330e8d2774f2c6d9c21f2d24630196aaca14c29,0,1,0,0,0,2,0,8,147,87.02
7308,3920e9a47f7eea09335d644d55053863136a9a9b,0,5,0,1,38,13,0,8,162,281.42
7309,d8b2c0febfdb1c15e4251247a87c1c606ea2a284,12,8,0,1,0,27,0,2,301,788.37
7310,03d042a21a948cb5b9bee534b07e382a5b5a6738,4,0,0,0,0,0,0,0,0,483.14
7311,8f59e7b8b7113657e393409090f46ac2bfce3bc6,0,6,0,0,61,107,0,9,328,375.57
7312,058c0ed16701ff0d88d082019cc12bd5a923958f,0,3,0,0,18,21,0,6,176,211.11
7313,60f98df63cb2ec2533e4eee1969a6d7917ac1521,0,1,0,0,0,0,0,0,106,24.05
7314,3ea6be23d672991b4addc2d7b6322e15ddb2efa1,0,1,0,0,28,0,0,17,133,97.62
7315,c08b9c83b16c10a8132d0668fe905417017483eb,0,1,0,0,0,0,0,0,114,26.79
7316,9b7e429246d149d02a899071b71e7ee9d321b9f4,11,25,6,0,133,187,0,21,346,1918.46
7317,c5abf5616c96cfaeda9084454f7c674872e05ad0,0,1,0,0,22,25,0,10,102,118.95
7318,1ffd77a27a4b7e2e1a1a599100c21742eb9a3d00,0,1,0,0,0,0,0,0,114,28.92
7319,56d318446d4408214a420ad37016b883a08b1d75,0,1,0,0,2,46,0,17,50,106.44
7320,66ac59f285d1bc8d8b633a0dea318af92734d689,0,1,1,0,44,35,0,0,34,1193.57
7321,020f3299ebccc36297a0d3db425cc5f44c70a8b7,0,1,0,0,2,1,0,20,191,127.89
7322,0093bcbe771f296baf3857ef15fe7ec9b22bbc34,5,22,0,0,113,142,0,46,1730,1369.43
7323,b4e90fe75714a38b394922e0dcdeabe3f5a746b3,0,12,0,0,104,5,0,29,1718,762.69
7324,ca523fd556d3c8411ca550e20087d18fd3e72a0c,0,2,0,1,322,219,0,40,651,382.06
7325,08d088103b1b4b2c0c772ec36a8b3e52b2588b5f,0,2,0,0,54,24,0,32,387,235.87
7326,ec7934eff336299498cc79e857dce684c7126041,0,1,0,0,29,17,0,2,242,135.91
7327,5ad845098bb1a0e697b89f5cf389fe8f46c9cf89,0,1,0,0,2,2,0,1,143,108.44
7328,6c3c334c65896e1d286083f576707029c76e8be9,0,2,0,0,0,0,0,0,92,27.34
7329,e9943c580af06cbb941dc05251c51ccfef907613,0,25,0,2,347,242,0,92,2043,1986.06
7330,2214a242f218dfc571f98b64fcde61f1a9f6013a,0,1,0,0,15,6,0,2,91,114.6
7331,10d11d7991c18516d503dfcc82815d58fae01b46,0,3,0,0,9,28,0,2,219,192.7
7332,1e6a91a3bf7e734eccdb034ce505b3775b709265,2,3,0,1,0,0,0,0,133,69.23
7333,212ee3d430190e6e771c79a9b94fd8410675a534,0,50,0,7,91,22,0,15,2229,1005.74
7334,dd14bdf568dc603a0449bfc3f9a8f936140d239b,0,1,0,0,0,0,0,0,437,69.08
7335,ce345e394dfd176fe1433a5fcb0f46ad122787ca,3,1,0,0,9,0,0,0,33,293.39
7336,1f9c2d9740ffea2b59b8f5f3da287a0dc890ddbf,0,32,0,1,18,1,0,4,1448,565.44
7337,d57215497f36f87939c1cdf3b090d00d8e59d90b,1,1,0,0,0,0,0,0,15,63.23
7338,f9aff5926254ca05da77ea856e72bb2c71dae7fd,1,1,0,0,4,3,0,2,60,170.79
7339,ac8225fd56f16b1766724aefbd44babbe322d2ac,3,31,0,1,347,56,0,27,2356,1932.12
7340,bb19e7f5278d43cd4fd265e3d2afa2fcc793ccf5,2,13,0,0,28,57,0,12,1275,1847.25
7341,4197b0da100ab2da4b811847a401f17ce8bb1182,0,1,0,0,9,0,0,0,3,50.67
7342,a6d7f2d72d47b268c0d6ffa402a59a6349c91d95,0,9,3,5,63,52,0,7,514,772.41
7343,776af4a882c85926fc0764b702fec717c675e34c,0,3,0,0,24,4,0,13,1108,439.11
7344,35c7d93ee85aa8689e804b713affa65b46af1acc,0,4,0,0,3,0,0,0,292,92.49
7345,88e25c244c0e50ca9d3f3ab85c0d36e47dc6800a,0,3,1,0,1,1,0,2,481,216.2
7346,17e8664aa6e2915c368e8eb75c6ae5e3b1942239,0,2,0,0,0,24,0,0,114,66.78
7347,1c9c1e36c1dd7b3f2a160216e405302d7854c148,0,1,0,0,10,10,0,11,58,111.84
7348,66f61348be16dd1a3638e063936a43f45cb8e9db,0,1,0,0,0,3,0,0,120,55.88
7349,d33aed3f48c8a62e18457a882e528898aaefccaa,0,1,0,1,0,1,0,0,31,66.18
7350,8fdea6093a55c33732ae869b82552371b8142c2a,0,5,0,0,19,2,0,24,373,315.59
7351,0a1ce0060ef3af29b196ab6ad58f97e49a40a4cf,0,15,0,0,45,96,0,63,2306,887.51
7352,d0e2daed7dc0dd686b44970b1c32ea51b9d43ed3,0,1,0,0,14,10,0,9,171,126.81
7353,9a0399c888ae75e96c7719b8f079956462023348,0,4,0,0,0,7,0,4,122,104.54
7354,29dcec5cc44f4dd9b0124d9c0a15d31a92ab30f6,0,6,0,0,0,0,0,0,597,127.64
7355,d477786329bc0c3bc9ed75ca1586ce9be6321f98,0,1,0,0,0,0,0,0,0,13.25
7356,92026ff392e527a57657d67a9a98adaf96df9643,0,1,0,0,0,0,0,0,0,14.07
7357,a8f64fb43ab4d3820b10b546a660d2767577a4f9,0,1,0,0,0,0,0,0,3,13.53
7358,7910d0544b0dc74a0720055a4b38f10e63dc569c,0,2,0,1,0,3,0,0,214,114.05
7359,a0e961dff70627e02e559c526ba8fbb0943c56b4,0,1,0,0,0,0,0,0,3,13.05
7360,57ec03ed3dc6ce3fbb563d3274b032945ba53510,0,10,0,0,24,0,0,9,1314,1452.05
7361,83eb8e143ef64e56974a334ca96e10c011f4a32c,0,3,0,0,6,15,0,1,100,158.91
7362,6fd6939c71328143b61427ac438bab43fc99ee85,0,2,0,1,0,0,0,0,151,61.22
7363,b5d7d7c6bf2b5c4ae157358aecb335a7c06dd41b,1,3,0,0,0,0,0,0,442,101.86
7364,8c8033eb6665d7e352fed4d067930c91b9507d82,0,1,0,0,0,0,0,0,3,13.62
7365,528cca5cf68ea27eeed3553fa18d85b69a93a8ff,0,1,0,0,0,0,0,0,3,14.39
7366,99c07d967a7a27ce06ded601cbc4c36d1b6702e2,0,3,0,1,0,0,0,0,274,64.06
7367,10ad8c34d6c88d44e39428f0eea49e54f76fd7fc,0,1,0,0,0,0,0,0,0,10.81
7368,ebfa0bdf52798cb63c3d6236ac18b7ef1ea7406d,0,1,0,0,0,0,0,0,3,11.38
7369,3f2a065d838249b4aa24135dfcbd2d42fbd86651,0,1,0,0,0,0,0,0,0,12.64
7370,0e20b613087e1b326e05674e3d532ea4aa444bc3,0,5,0,0,0,1,0,0,574,185.05
7371,433e05c7a9cf3599e241384ad4a86ee8a4cc4325,0,3,0,0,44,25,0,8,337,253.17
7372,6b24757efd50e4e6da8db72f885e49fa5a465047,1,2,0,0,21,47,0,0,9,188.26
7373,6e894ee13a3221fd98869c9d1c6c105729143dd2,0,1,0,0,0,1,0,0,31,38.37
7374,6969fe2fa823be7748cee002a32df02fd1cae09f,0,6,0,0,0,22,0,16,1165,345.15
7375,524c5013a1e877cdaf2f4269863a49851eabda85,1,11,0,0,13,22,0,35,2125,689.82
7376,37b4e2cef687160f2bc7cedb7d2360825089569e,0,6,0,0,7,2,0,13,122,195.08
7377,e135c3a5e2a42911f4c7f744003f5804c25d2dd9,0,1,0,0,4,0,0,3,278,100.47
7378,0f0a637d4c2ec6e9080a90c747cb9acdbcbb175e,0,0,1,0,0,0,0,0,0,36.51
7379,2af2b7347c7036bae4b1fb5f37782eccc6749911,0,9,0,0,62,78,0,29,1120,721.29
7380,5b1e127f7b3acd8f82893dda394fbcb7fe93d20d,2,43,1,1,384,166,0,98,3952,4164.39
7381,329f096149a83e73b38a4efef607199673e429ca,0,1,0,1,0,0,0,0,196,97.34
7382,7a9d7e7a243c9170635c6a7cd6c414e16d17b8f8,1,1,0,0,55,83,0,0,324,220.49
7383,9659ffd9b3ecafb3ca3a71868cdcde301b5e0b9a,0,3,0,0,70,109,0,1,302,254.51
7384,ba8ffdd6bc5222b1b3e12aea572417ea3a455d7b,2,0,0,0,0,0,0,0,0,116.63
7385,07528133e35aea71953ea9397e2fecd847e56325,3,4,0,0,16,36,0,21,830,523.8
7386,4e7f281c2e635e53d5a477bcfb5cafe3593b71be,0,1,0,0,0,2,0,3,290,101.45
7387,a354a9a71a24316930f67963877cf28ea8279011,0,1,0,0,0,0,0,0,97,30.93
7388,5757942d598afa4b2df6a0beb8da38052dbbee10,0,1,0,0,4,0,0,4,41,72.61
7389,23ff1203a0583d2859b3f0f92f4cb0c604b83baa,0,1,0,0,0,0,0,0,482,73.19
7390,e94a488dd78e7c2efdf55a67cea886ee15a641a6,0,4,0,0,60,4,0,7,1409,423.43
7391,e2c2cf414ca1224fbbcf9115352a9972eaa047b8,0,2,0,0,0,1,0,0,320,93.16
7392,91dc1c9ad0bc4430b069ca09b59b750a5166fa86,0,1,0,0,18,16,0,6,59,111.08
7393,3eb4cc07ba6a81a733b6466f2e5ae56ab80a6a55,0,1,0,0,0,4,0,0,54,46.21
7394,572281452b8f9ea657b4bc1a7300b81e94885ad0,0,1,0,0,3,29,0,6,92,118.85
7395,c71fb422a0fe8d8a6f550b63dcbd4d5be6fbee2c,0,1,0,0,0,55,0,0,324,101.43
7396,e609f81122905b33610f7cc9fcc1163cf750d98d,0,1,0,0,112,8,0,16,66,135.17
7397,635c29d87cc036e96a458b1ba76d51f6135668e4,0,6,0,0,12,15,0,4,392,344.75
7398,8f9dbeca8bbb8f74bc17410b2f39903ea1f95af1,2,20,0,2,97,95,0,33,2328,1292.77
7399,535d139260faf73b289ae6bbed812d831cd75805,0,1,0,0,0,0,0,0,153,30.45
7400,c100936fc54add940e024a96a1b111fc9ae75a4c,0,1,0,0,3,0,0,0,161,1121.84
7401,a12aca3834830feccb067ae04e4159d41c24f45e,0,1,0,0,3,0,0,0,88,59.43
7402,72f0eb1e722089499c3e02284ee9113520d33a90,0,3,0,0,0,7,0,0,316,115.9
7403,8d3a74f91aae43ba560f725072c0ee28ead75704,1,0,2,0,0,0,0,0,0,192.83
7404,74daaefbb9b1cb74fd0228d3b81b024bb4e8b4ef,0,1,0,0,0,0,0,0,207,46.12
7405,235dad10f23306879fad0cb1577809c767a26f5e,5,5,0,0,21,3,0,15,389,530.52
7406,c2c4f492fd44f6252e33f0b63b865ac07d51b51c,0,8,0,7,5,13,0,0,1442,698.91
7407,71dee4e6ffdf01be3f0952e183f401f210133b29,0,1,0,0,0,0,0,0,772,117.25
7408,b4675f2a3aa1b5a1635923b8af7dbea88902154a,0,27,0,3,170,81,0,21,1798,786.03
7409,3dbd68c421baa8fc0f73bd0448ebd0b0a269c6cf,0,1,0,0,4,6,0,0,15,76.17
7410,fc21423e1f8f1a1661badef20f9c6f368f6daf8b,1,3,1,0,69,135,0,0,203,251.81
7411,e0b0f45bd9c8b06bd2cda56f6859d0d3944aa00e,2,4,1,0,70,0,0,1,1990,600.75
7412,31e97e57ceeaf37264ab6db078552b73ee5121bf,1,3,0,0,31,11,0,7,315,265.14
7413,4e481a72c1ed3cc5f177b511e5a72cd8726cf976,1,15,0,0,99,101,0,32,1807,710.45
7414,f53f846578c42f4c5248a3dde31df3ae4d69959b,0,8,0,2,31,6,0,3,716,439.89
7415,c6526fb7dacedac9cc07a971c5553ba86abcf20f,0,1,0,0,1,0,0,1,30,66.42
7416,a03fbf91b4c40d20316bf62e4baa9d75c157e4c5,0,2,0,0,9,2,0,8,577,176.55
7417,26918c953287c7940120dfcfcc10dd5a42beaf81,1,7,0,0,53,0,0,0,1267,317.82
7418,28768235068039e4ff50c5235ab79c54410b4ec0,0,7,0,0,29,0,0,0,1207,280.38
7419,8f0e6e413f141553c1642938fac0964b49612e79,0,1,0,0,0,1,0,0,101,50.02
7420,13bb32ef891428fe9e0e14b6ecc525f15c52c40a,0,1,0,0,0,13,0,0,88,1069.77
7421,89605adb68b5cbbed6b0370355ec5ab343059910,0,1,1,0,6,5,0,4,33,167.67
7422,ab8316f31a4de0648ab3ffa9f19fcd419aaa3bb9,0,19,0,4,152,74,0,69,2315,1461.94
7423,67ab701491c5a5b95470e1a3b06270ebf33fcafb,0,1,0,0,0,0,0,0,853,134.68
7424,634bb1aac7f751a8561f1fca21948e0fca2d06d5,0,0,1,0,0,0,0,0,0,38.19
7425,023ab749cc2d82fcf729d3e3f8052c60280f0af3,1,3,0,0,0,0,0,0,939,154.67
7426,be2b911f2c75b21bd2d8f64cb5fb0ec3d2ad6426,0,1,0,0,0,0,0,0,3,18.47
7427,39657d925653926c5d68b574479e22c3cc3929ef,0,1,0,0,0,0,0,0,15,14.73
7428,4bbe2dc146d0e24ceb9f6a6ae829c88962173a9d,0,1,0,0,0,0,0,0,3,13.63
7429,02ea508736e06e08ff53921994b29ce8db0f5f50,0,1,0,0,10,17,0,1,262,134.64
7430,07bd44b92a10229a21ebac519a936a3e520a164d,0,2,0,0,0,0,0,0,151,37.22
7431,42f49ac9172fe5c3ff4cc45ccf5d82142351e4e2,0,3,0,0,11,0,0,1,176,168.07
7432,709c9ff6f7240132a25b5138f4541396a54e8fde,0,2,0,0,0,1,0,0,82,52.7
7433,78df079bec8e63361f246fc698e0787ba232f083,0,2,0,0,3,9,0,6,338,200.66
7434,a79916b88ef3d97c11980c25d3887d43964c152d,0,1,0,0,2,0,0,13,372,114.1
7435,2c0f4d4a3d6a801cdb5f2ae45fd7ed74811b634c,0,3,1,0,53,61,0,0,50,144.33
7436,1310c725ab022323eec42c563e6f3a5c59479ed1,0,6,0,0,36,9,0,25,731,400.35
7437,f9dd19b584fca5932594392b0afc9f1d0eec7f1a,3,16,0,0,98,30,0,32,1403,876.98
7438,f577d2603fb0432fa7a15d54ee25f481bde95d95,3,15,1,0,49,20,0,17,2851,1110.33
7439,d85a62db13a1d90159e7e8f924c8006febad552b,2,2,2,0,0,0,0,0,50,229.39
7440,1733e734cfcfa1c45eb3f10289a997e1c95fccb5,0,1,0,0,0,1,0,2,83,1101.63
7441,62a777bc8ddfb4e34d7beaf7091a90b0bcc70c51,0,1,0,0,32,3,0,9,393,173.22
7442,ffd7995b932ffcf03731c4e423676e370639507b,0,1,0,0,0,78,0,8,100,97.06
7443,08f7284ab047ada1be0c7e0447000f179d8f33a2,0,3,0,0,18,0,0,6,71,134.72
7444,b5d459a5107dc606473ea40849460e17e6afe5ea,0,1,0,0,5,0,0,2,192,100.5
7445,98bd689a2565ec5cf344541f37cd0b0db691c08f,0,13,0,0,20,9,0,18,1341,635.78
7446,e8d6f397c471842dc412c2f8636c7127067a2e44,0,1,0,0,22,8,0,20,592,176.76
7447,fad60bea22ec58dc56f4dfd26f8be1033bfd7985,0,1,0,0,0,0,0,0,291,52.13
7448,130ca4ec3895825022c2a05c0022684ab8c1a3bf,0,11,0,1,4,6,0,0,268,207.82
7449,d63bc75ffa3ad1b0d4de82cd218b9c4d268b41ab,2,23,0,0,261,166,0,67,3780,1706.73
7450,80883feeeba5232ecd41fe6759c69bf2ff1a6483,12,0,0,0,0,0,0,0,0,628.35
7451,3126bf522925a4f9a5cbf4c33077dbe7664363fa,9,8,1,0,23,221,0,11,772,1129.87
7452,85bfc073680667e9daa16439d33fa86c1c0be133,0,2,1,0,13,53,0,32,328,178.17
7453,5e41eaab9c9feff743ca79ddbee11704ceaa2b2d,0,1,0,0,1,0,0,0,148,58.45
7454,06acdc1907300862d5faddc4e882f5f6dd670edb,7,1,0,0,23,60,0,0,9,404.83
7455,e7d7ef1215a8f6bf8a5c7cb9a4627ab9efe7c22b,0,1,0,0,1,0,0,0,433,91.77
7456,b5a7b357856a7dc1315e7fae44d5032dbfa9dda3,0,1,0,0,0,0,0,0,30,14.59
7457,5050f9119c4c83765019d1da51d4c1bff6f2f44b,1,1,0,0,4,40,0,0,687,229.15
7458,97f0cac2af3a1140fa68090d94d83e009ad1e684,2,2,1,1,3,7,0,49,171,310.51
7459,91eea376eee1ca2612b0f0603511b5eb52f11195,1,2,0,1,10,0,0,1,183,223.11
7460,b5ffd5f8a57d7bc09bb7cbfbeb4a0a56eab53ff6,0,4,0,0,1,0,0,2,748,1170.19
7461,313284f535bc84ca3f47bdb07f0553fe3326f70c,0,2,0,1,9,0,0,1,110,133.05
7462,32dea9a0b97faf82cf7dcc7e3411748544d6633e,1,2,0,0,106,4,0,4,91,176.15
7463,892eb8557e426e3ac1f824baba68c952eb9fe485,0,14,0,0,395,10,0,36,2359,1052.52
7464,99c255663c6536f8122964a8eba760af47d76678,0,1,0,0,0,0,0,0,575,78.62
7465,a0aa83f56934ad05b8a63c83b1e13c0850a9e98a,0,1,0,0,7,0,0,0,13,47.51
7466,eb96d5d2205eb1e807b2dc56bf0fd1e33b13c760,0,8,0,0,53,6,0,24,1430,552.5
7467,d306cc7b3a970f3db82f562a2287f1358f73b703,0,1,0,0,0,0,0,0,40,21.17
7468,22bf3861c95ed93b2eb5f8d0661d282ef6cdbbc8,1,47,0,0,72,41,0,56,5808,2099.52
7469,5f573804f0f486db7cc594ae678adff5ae7f217c,11,20,0,0,84,55,0,18,1771,1449.14
7470,c1280a5056196e2c20e50dc6c3631ca93c877e58,4,22,0,5,146,42,0,41,2282,1605.56
7471,312fb8d672bd084240a914b9ad276e79ff0020cc,0,1,0,0,0,0,0,0,76,32.64
7472,d45ed29722e45aac869f5235a9e9e91cb6fc6b9f,0,1,0,0,0,0,0,0,40,14.99
7473,4c38b38b39321db883986898d8f0dfb0621a7493,0,1,0,0,0,3,0,8,70,72.76
7474,b3122f26a8519169ed61e0ce95235a59c677c9bc,0,1,0,0,4,13,0,8,152,123.64
7475,c9bc97490ed8a658f03cb65a776fba2053b2d46f,0,1,0,0,38,0,0,18,445,132.81
7476,eeb453af12b5d49e8f49667f93ecc0e9e8093532,0,1,0,0,0,0,0,6,138,64.69
7477,ae3d547afe7ec44d37beeee38222a3ea40d9181e,0,1,0,0,9,0,0,0,28,45.62
7478,e7f4f53c131d919db1073adedbfa487118cc0ab6,0,1,0,0,0,0,0,0,45,16.99
7479,bfe6f84cf1b99f1dfa801a1818fa51ccc7817c9b,1,3,1,0,0,3,0,0,112,135.89
7480,c85d5e3bc2dcca21cc82b92e71a700dddeedfbb1,0,1,0,0,1,0,0,1,95,1111.08
7481,0af22bf284967c8f7e658b8eef3a91d407dbd8eb,0,4,0,0,23,77,0,96,1333,506.41
7482,e0146f8ac525e5e3e9e49fb590d5c149773efc9f,4,30,1,1,595,432,0,184,5295,2904.16
7483,879185c8385047b6557db07bc752b95fa7ba9fa0,0,1,0,0,3,0,0,2,162,90.9
7484,9628dc8917b2f69bb04119c1d41932076632de01,0,1,0,0,0,0,0,0,227,41.9
7485,dea4172604126fc40fc8fbf7f83a632733bd0dfb,1,0,0,0,0,0,0,0,0,72.66
7486,c212701d56cfe9cffd9e5dc1e34c3483a50f8182,0,1,0,0,0,3,0,2,479,126.16
7487,4b89b5d0abe4684dbeacd9a01fe3297621050eb7,0,1,0,0,9,8,0,42,602,197.69
7488,24c242977991c124d928798b4d71d569b6a32e4c,0,1,0,0,0,3,0,0,162,61.17
7489,bc55d7a084f5bf109c3bc2ff134699c997648552,0,6,0,0,81,30,0,7,628,362.0
7490,ca9ee35c12e902c58d5d5d8077da258663386487,0,1,0,0,0,0,0,0,63,21.89
7491,f719befaa1c00997ef34809e121f6192f44f7164,4,7,2,0,0,97,0,2,561,513.29
7492,0587bf830bd854537b678b3aac4187da44c1a64e,0,5,0,0,114,96,0,81,1212,487.05
7493,d02167dc5eb6a6d8520955499e84dd4d06f06f6e,0,57,0,3,843,661,0,311,7032,4488.26
7494,1c02e1a43219890b4e9d7f2451f607a51a4ac348,1,2,0,0,34,161,0,76,542,331.0
7495,24c30878ed6f6ed1599a5ec23362055e0e88916f,2,10,1,0,25,10,0,9,1160,579.36
7496,2450d2b24006a4db846b9b688f9b598e3fdf7c6e,12,2,0,0,18,0,0,0,193,684.09
7497,f429b4cdeef7cce07341c1d0e8cdf23a89399dc7,1,2,0,0,12,17,0,57,756,352.27
7498,1e315f0dd25169a029b6087fabb15b6709881b8c,0,2,0,0,28,0,0,0,260,134.02
7499,f57b9833aaf7649f79b72efd4a033fbfb4f8e218,0,2,0,0,6,55,0,15,351,177.56
7500,6c09c057846fecd456bfbe77773dacabb4800370,8,12,2,0,0,61,0,0,121,1796.26
7501,5103e57279426e783b671ae39258852925f0e6b7,0,1,0,0,12,7,0,0,128,87.14
7502,1321c17047daed756ce4216814b8708162a57e83,0,32,0,1,95,108,0,22,6001,1961.1
7503,341467dd58e4bdcfe133a31d8cb32b6a6a8d7559,0,5,0,0,0,0,0,0,1340,218.27
7504,5ed180c8121992d1b64dc879c9b6d78d00e57c92,0,1,0,0,0,0,0,0,142,29.76
7505,010f44c714907d6d0cb957ac9bea036cbc34c436,0,1,0,0,0,0,0,0,57,17.08
7506,0f5c96bf16aee78b025b1bdecd7377f2681311d9,1,6,0,0,5,10,0,14,1157,549.91
7507,4756573c257cfbc2390a4fc64e65f4de449a53a5,0,2,0,0,30,11,0,5,208,168.52
7508,0651876ae4d0c790904f60b1728e9009fd4e52a4,1,7,0,1,106,75,0,16,1485,894.7
7509,e75481cc6c5240e976f7eb829152153731fb63bf,0,1,0,0,2,0,0,1,197,96.55
7510,f99c4dd395b71877eb70e7fc743d109957205a3d,0,5,0,0,166,24,0,37,2635,763.41
7511,d8a8866973f7e0463047963e6b242cdc2cb82fec,0,4,0,0,59,138,0,3,1208,457.52
7512,e3e601b39492291b5837e58741bf7da46c76404a,0,4,0,0,7,15,0,7,359,168.68
7513,84418d0b9183fbfeb3919fcb0d2f17708f786628,5,25,2,1,179,269,0,51,1953,1527.11
7514,39df56d6aebb3911f19593dbf120d42789e8db5a,21,10,13,0,80,42,0,12,654,2016.45
7515,75b8398b58e6a7d0ea2c86e85d6c36de6f26537e,0,1,0,0,19,28,0,25,472,154.84
7516,4e6d22b2135216d1fab97477a6058faf1f84b789,4,2,0,0,3,0,0,0,419,315.18
7517,c7d2a0da4107175d82875f98f440767481ad9d8f,0,1,0,0,0,0,0,0,491,81.57
7518,93176e5e889d0d51c4d06145a261ed89b06a8381,0,2,0,0,0,0,0,0,297,55.62
7519,a621e2f1308e120bcb149e9877b781062e59842b,0,4,0,0,14,2,0,3,685,245.48
7520,35ee062eab984c65ede3511e66ff13c2bca43770,0,1,0,0,5,0,0,4,116,1136.69
7521,0e87e485ba14fc0c8a5f5aa96c79b45ef7fc45d1,0,8,0,0,79,19,0,8,483,461.71
7522,16451a38fdc206dea74f255f4fde6f8d8b3cba17,0,1,0,0,2,0,0,2,26,71.36
7523,a144d0f77fb249aaf609b448e30137bbd3d98a65,0,14,0,0,84,109,0,45,930,666.0
7524,1897e238eb9556e6c3e1ffd1169109ec9ed8f217,0,1,0,0,84,154,0,9,172,150.77
7525,65081ac72d18f610db210c5fe030805141a9b2e5,0,1,0,0,2,0,0,1,256,100.52
7526,6868cacdf309404a553831409734c2f65f16587c,0,1,0,0,0,1,0,0,179,57.21
7527,c131546eaadd07baf950bd6a44d07ee42d109e4c,0,11,0,0,75,20,0,26,1354,769.61
7528,d780b78b0c98f795a482927e4cdc158568df8dd7,0,1,0,0,8,6,0,6,124,113.63
7529,d9b28e817351eb2eb6b4cdd9597061713d9160e8,0,17,0,0,111,111,0,35,3333,1628.76
7530,159986292e35a71737bcc434d5f20f385973fafa,3,4,0,0,51,17,0,5,1111,615.58
7531,836998bd65ef2d0d0276faed189a0dfe8a7a6dc3,0,5,0,0,23,0,0,8,1185,348.4
7532,e29ec0fbd2cb03a42b98142f63ce73b97dc2e915,1,22,0,0,39,33,0,26,2226,836.73
7533,62b6cea685fbf83e475d3dd5d05614fc533b410c,0,2,0,0,131,1,0,1,200,184.15
7534,fba655af1a4a543f01eecf222826a0821e6e1c17,0,3,0,0,21,49,0,15,234,277.51
7535,8bb9aa4ed96f8f9fd189f67db869f177f7231e84,0,2,0,0,0,0,0,0,151,35.89
7536,200733890fd68b5489efc9829355136696ce2bb3,0,1,0,0,0,9,0,0,98,50.83
7537,075f5b6930b86e110a32e290229b9800be72a3a7,1,8,0,0,86,22,0,13,666,536.87
7538,ab8e9bdb8428b8c9b2c7a72ccd3f9e7b6e2dad58,15,5,0,0,33,24,0,5,903,1063.14
7539,4be3a9c8127e2e88b52803ffef37db678dbcb057,0,1,0,0,0,0,0,0,0,11.08
7540,fac5aff979976b19b49a65243cfcc788dece8bcf,0,6,0,0,94,60,0,38,936,1609.59
7541,eeac022f0538e0979e6ad4eb06a2d1031cbd0146,3,4,0,0,228,352,0,45,2990,833.61
7542,c27e2a77005db355da9e72656af8b0df8b1dfe75,0,33,0,0,68,83,0,32,3653,1586.25
7543,21491b2717e3a60e63dcf4fb0aa839b9885be67a,0,1,0,0,0,0,0,0,227,41.46
7544,fafd5b6ad7aeb658eda9d100a286c647d3729498,0,3,0,0,3,0,0,0,84,72.61
7545,a926bc69416059acca91b13508bf1b159d921c73,0,1,0,0,7,0,0,5,131,92.43
7546,612e2d83402ba2c3eb68d7a26f1b5f22b283583e,1,1,0,0,10,12,0,7,124,172.16
7547,a904964b75cd2403d3bfe6b705295fd0a676ed9d,1,1,0,0,20,9,0,0,125,163.81
7548,d9d89ff1ea08e2053ef56bd256881f00616dd74f,0,1,0,0,0,5,0,2,104,83.07
7549,ec752138b0d1352c6a18e116fd469bcc1ca4dd42,4,10,0,0,43,52,0,2,739,687.09
7550,d3114cd90d99bb11f1f55b5d5ad0576527541b41,0,1,0,0,1,0,0,39,610,146.5
7551,5c18fa5b7214a0be73d208046533477927a36532,0,3,0,0,6,14,0,4,414,237.35
7552,87f14d8b87da6a4e7242e925f025ef793a7adaea,0,5,0,0,65,98,0,42,748,499.69
7553,3d52f52e9e8339d168af2077449855421ea84100,0,1,0,0,0,13,0,5,118,83.15
7554,facf2ac67ae3ffd4cffd7c6f8536fd7953795fb9,0,6,0,0,8,0,0,12,419,329.36
7555,d9f2f2f83c8a099e687e158705375db1b56dca01,9,10,5,0,73,114,0,21,550,1095.39
7556,1b1c00286adadab8704f1dc4aa8ed00fa0f16579,0,1,0,0,0,1,0,5,137,86.1
7557,93a457945f74e96697d9911de575072185098e32,1,0,1,0,0,0,0,0,0,87.33
7558,46e6d483c63caad90dbe8f6bc50049c001f74edc,7,2,1,0,4,22,0,0,46,483.6
7559,f3bfd22b41acd4c16f71d6d69f7983abc63a1e71,0,1,0,0,24,0,0,5,455,140.15
7560,cb08aca3585bde903bc879b2009c7abdcd225019,0,16,0,0,33,129,0,19,1098,1940.66
7561,2a18f0532b22edf8b821ef883598f4ee52367711,0,14,1,2,199,191,0,55,945,1017.25
7562,3e056b34f7be817e0d0eee612b6ae44891e33501,4,10,0,4,21,41,0,0,603,847.92
7563,4bf76ae69e3f22e25c2dad3e802be094554b5d43,0,2,0,0,10,0,0,2,439,153.91
7564,f9daf9cc4243a80b38a1f81bf2b9b37565fe2d61,0,4,0,0,35,3,0,32,751,394.06
7565,81259ad28b58b82ee836452903a37e4172d8468b,0,1,0,0,0,0,0,0,218,37.37
7566,d30df346b43180a5a5e90b84b0f19b7f379985e2,0,3,0,0,30,5,0,7,499,223.24
7567,1619fa8abe8d605b14ee0ddabcdc86196c50e24a,2,2,0,0,318,217,0,21,628,375.45
7568,2fa8a158640ab9a46c2bfb6610766e2458ebe7a2,0,0,1,0,0,0,0,0,0,34.56
7569,e04321fa12aba2ba304549393afe0f27d54db99f,0,2,0,0,160,84,0,1,200,256.67
7570,50aea889bd88d5ce4a1569569176705f9973a08c,1,5,0,1,12,2,0,3,197,266.2
7571,519639c64039563ac4f2a875a8cfa630b25e4e8b,0,6,0,0,50,12,0,25,1683,551.06
7572,970d94e821d2341d200baf692ee2fbbc85e395b5,1,3,0,2,2,7,0,10,87,231.32
7573,6597e6747804b9c8cb9029bab28e2514917c64ff,0,1,0,0,3,2,0,6,246,123.77
7574,9fb1c23aaead71bd7e81a6a73be1b4206dac405f,0,2,0,0,41,0,0,10,258,107.99
7575,e96f28bd381bbca6c5f7b0572c4527b9f3c7952a,1,0,0,0,0,0,0,0,0,110.19
7576,be2ecac40f2689e190a6021d763bf07d94373ba1,0,0,0,0,0,0,0,0,0,13.25
7577,d05248900b433735db05da57de3d0e837300077c,0,0,2,0,0,0,0,0,0,59.66
7578,ff6662c979e7f8660a7f6039339d82a37abfc623,0,2,0,0,0,3,0,0,260,110.2
7579,662ed3df5270befae92af3f59ed28e0cfea4e55d,1,2,0,0,12,2,0,1,871,282.25
7580,107c8e04be86e9fd893a5c9e0f9c528d1453c3de,0,4,0,0,61,20,0,21,1652,1581.38
7581,30eb8cd026a2e00397cea645814b384f5774366d,0,4,0,0,3,4,0,0,315,151.46
7582,4fc3bcf382a4c99ac88adebaf1d950bba0cc7b53,0,1,0,0,1,1,0,6,227,127.44
7583,529b5128e9f6a7b8f368d6c22b90885667579352,0,1,0,0,3,0,0,2,536,135.83
7584,6e9e0dd6eb3c4fdb1168cc4e294d9fa52641ddb0,0,2,0,0,17,0,0,1,673,186.3
7585,ea0d16d4bac639dc4858a6c5cef209e904e655ef,2,6,2,0,4,68,0,12,1713,589.14
7586,3969170f5c2dba5ab76bed617648531b1e9aa435,0,13,0,0,105,7,0,7,2726,988.94
7587,c73f94e21c0d6e5ebd9b91dfa6b6e20da528093a,0,1,0,0,0,0,0,0,445,85.71
7588,6165b3db5587170bed1a40bb1e5f2f3613f24e3f,0,2,0,0,0,0,0,0,690,91.67
7589,3c8a673f99dc6ba28987b827cfc65f348a26ed32,0,1,0,0,0,0,0,0,3,18.84
7590,18b75e32bb8f4f155f729574b2d377459104471e,0,1,0,0,8,3,0,0,101,83.46
7591,496239806e68535c9c8291e320f8886d3a1b8709,0,1,0,0,0,0,0,0,14,11.19
7592,617e67c2f540b62b97ca5198b6a5c42b89b6f392,0,34,1,0,271,132,0,43,9910,2330.54
7593,2c2e1896bba7805e6afa96cfd9040729c35c2742,0,1,0,0,0,10,0,2,39,72.54
7594,ebd39f3244a7c56f0d9a3cc4dba4d3f50efb36ad,0,15,0,0,85,11,0,16,1564,747.19
7595,67a547ad438c33d3fbcbe23cd03f009fdc8dd021,0,1,0,0,8,2,0,5,145,123.99
7596,42f71f61c1ae683cd39887cb3d921c0d0cb67619,0,1,0,0,5,0,0,8,95,154.46
7597,4d19b1c2c276d85eb78a138da5edb25eaac5c088,1,13,0,1,63,123,0,44,2075,1067.83
7598,c19df9ff670c06aeb381339c244bbd22fe13fd4d,0,4,0,0,22,61,0,9,760,281.27
7599,fd5b680d30546e546ea616d3a4d25de659414f84,0,3,0,0,39,25,0,35,312,242.6
7600,e04639d10da1d949f95bdf00534e85a30b11a284,0,2,0,0,0,0,0,0,445,1167.56
7601,7cad1d33a6e82dd1b7255dcb3671c719da43097d,0,3,0,0,8,0,0,0,351,100.7
7602,16ec3d7ea12c520c5c86f0721553355cc938c2ae,0,1,0,0,0,3,0,0,134,60.88
7603,f9a583b727c9aecbec3213b12266f1d598223400,0,1,0,0,31,12,0,19,348,155.16
7604,e461208a9473036b41fb17a737f5ac18cd9c49f7,0,1,0,0,14,5,0,5,440,163.26
7605,e0bc37bef69f5376d03214578e9b95816add661b,2,8,0,6,106,2,0,9,443,608.06
7606,0ae7364bdd2a0ad1db1ec02dc6b1b730187f2b78,0,1,0,0,0,0,0,0,232,41.4
7607,2c40697e46c0e4e9b7c5b86a3ef94b31c3330cb6,0,4,0,0,28,40,0,1,435,295.27
7608,4e7f03e418ced740a731c9323dabef7a594db43c,0,4,0,0,78,98,0,19,452,258.34
7609,bbb63531b2118dfde1584a7f61ee908d1188698d,2,23,1,2,123,185,0,56,3216,1456.7
7610,7b5c53f55417849d430426f0babc5794bad5430a,0,1,0,0,217,316,0,24,595,254.37
7611,296f9ff742425d348d72ff598da31022aea70778,0,5,0,3,66,33,0,6,204,476.52
7612,bbf7ff2273d3e7724abdd6eb6414961a26e53159,3,7,0,1,472,274,0,49,1065,948.22
7613,7d1c6b44ea2ee8f6b176d3caf57e76a88ea17686,0,3,0,2,36,0,0,0,74,83.36
7614,1e48b722d23dc160e065b04c93d41b8df1400c19,0,4,0,0,9,2,0,2,607,239.21
7615,56fef58a3edd167b4bf2afc7b2dd63a94b4b478f,0,3,0,1,16,0,0,0,525,199.8
7616,8365c90b8d8fe637e8a54fb21d56e001258db5f2,0,5,2,0,15,18,0,40,580,283.01
7617,0231460259b410f42dd4933cb3ae993450bf1694,0,3,0,1,20,28,0,17,494,265.72
7618,20bda911067dc2e2503e4447e498e2ff8731dada,0,3,0,0,0,6,0,0,146,92.57
7619,767027ff6f388f808842760b7cf8bc807f8e6913,0,2,0,0,9,12,0,1,261,140.61
7620,112c54fb07e2ffffa3f33322ba99a9d59c1a8dbc,0,1,0,0,0,0,0,0,108,1100.04
7621,2ac3474c4482b0366a905bce345dc9f90e64ba2f,0,1,0,0,0,0,0,0,383,65.35
7622,420355715e43d5c870bd7f89808430fc959cedc4,0,1,0,0,4,0,0,1,100,83.8
7623,e8de53817c60917776c7264623cf8adfd7886f93,0,1,0,0,2,0,0,2,104,88.3
7624,9a69035d8c6b62bb6229d75fed6ab43407e35e04,0,13,0,4,39,27,0,0,345,689.96
7625,b9b7416f4d6a708d22029a5e971af5b1f67e3296,0,1,0,0,3,0,0,1,249,95.26
7626,aa86a86252881d5320e658b6f1315de7a62fac73,0,1,0,0,0,0,0,0,117,25.95
7627,a13f7b23440d865e451f68b1e5e0febb18e0e46f,0,1,0,0,9,0,0,2,39,77.7
7628,ccb78b0abadc30871ada17b9b9173cc806f78d43,0,1,0,0,11,0,0,0,178,72.81
7629,6732669a684de0b230046b8f4291e367e35d9477,0,1,0,0,6,48,0,9,54,107.12
7630,12cb09bd4d46da1979e3584622db584b0a316596,0,1,0,0,0,2,0,2,32,67.48
7631,1e51e4369b8807489c415a7d8aae5e5cf4f66dfb,0,1,0,0,0,0,0,0,58,17.87
7632,92cf9378d788c449e855a98b8d1c049c0e0d2609,0,2,0,0,2,0,0,5,209,103.58
7633,70de6da4660f09fe7e71afc7b05da15ee85da5ae,0,1,0,0,0,0,0,0,27,17.54
7634,c90a757b29f168144b1bae99df532911ae682e63,0,1,0,0,18,0,0,34,187,102.21
7635,c74d8cac25e8c025ced11a9c03cd0cf07a8c2d6b,0,1,0,0,5,0,0,2,62,81.01
7636,10d52f268db3eda7ee1511ea30afb9a982644148,0,1,0,0,0,0,0,0,292,57.63
7637,b6448015f485b5051e5e920b82b4b3ee71c55974,0,2,0,0,44,9,0,59,735,234.22
7638,e8d16850948231070dbc3344c2b287d07e2647a7,0,13,0,0,27,27,0,0,357,612.36
7639,df719e76d3d5ca90e38c26fce0085c861acb935d,0,2,0,0,18,1,0,0,166,98.56
7640,273fea4aa36123c0501845e4bc3f8777f203e596,0,1,0,0,0,14,0,1,44,1096.43
7641,b19769db7f916b2eb40a9a68c0ee60d0b27da0a2,0,1,0,0,0,0,0,0,164,27.72
7642,19874459d5fc750158eea9dcc54be81d5d4e08c9,0,1,0,0,0,13,0,6,192,93.08
7643,f409f9208f340a6b741818a56a9a07b236fb0a7f,0,1,0,0,0,0,0,0,345,59.83
7644,035257e425133de9368bbef268c38f179bdc68c2,0,1,0,0,5,4,0,2,244,129.44
7645,45397fe974e1390cd39a34fc2eb216f3771ddf06,2,2,0,0,9,15,0,1,373,300.1
7646,f0a6ff76b732eb9fac6f204525080d04dcd8d8ea,0,1,0,0,0,0,0,0,64,20.97
7647,3913382bfeccdf44fadde33c9adeb7be01978b35,1,0,0,0,0,0,0,0,0,52.29
7648,f57793082f92b8052e4fdccc0aaf16f0c55777a8,0,1,0,0,1,0,0,2,75,71.61
7649,19a8d2ff361be8797d79074b39afb09d51cca671,1,2,0,0,20,4,0,2,328,229.72
7650,96a176ac03bb1d188e173ba3bf14c29259d33377,0,2,0,0,8,0,0,0,323,117.35
7651,8868ff5b057decec8257b972d2d4c3e13dd2a438,0,2,0,0,8,9,0,4,101,145.87
7652,8039464df8f315b1fd06831e11dfc2ef4466b888,0,2,0,0,6,1,0,0,330,152.17
7653,f152542468b37783932fc2c7725a3a5871b7a701,0,1,0,0,13,0,0,11,406,118.87
7654,6ad626ae51a157306ddf4165f13ff5eb5b4d5e8b,0,2,0,0,27,0,0,29,367,190.32
7655,128127a2410c84eef1442093e51b7e79e53f6b1b,0,1,0,0,0,0,0,0,227,41.55
7656,b2a1b49566cc9dda3e393887371c678b48349fde,0,1,0,0,0,2,0,0,3,36.99
7657,4c849942b2734ed962245c6df23fb6b4d823dc60,0,1,0,0,2,0,0,3,333,104.9
7658,b25d30074c3f2b9474fc0597973e50a0b7b8f4e7,0,10,0,0,0,9,0,0,961,197.32
7659,a108a41ed2040d2466d073b4bc44bd3b484dd20c,0,1,0,0,0,0,0,0,116,24.13
7660,b007d30cb1c209c0a0ce7c8197ee5311c7af2fa1,0,1,0,0,6,0,0,4,532,1195.31
7661,dabefa84bedb3abbc28dcf3cec6a1bf76bff6a28,0,1,0,0,2,15,0,1,169,130.56
7662,6e33ebc9ec650be73673858da9eae2eeffbd59e8,0,1,0,0,7,0,0,0,380,94.15
7663,07fc06dd163a9190038a2178e35ea97cf428a375,0,1,0,0,3,0,0,1,135,87.28
7664,f3cd9c059b42d407937a3f13f45d6e816cd556b4,0,5,0,0,3,0,0,16,1168,371.05
7665,fb57e21fe26c39749d4594c1208fca0dd66b47b3,0,1,0,0,2,1,0,1,453,159.85
7666,0424cbfcdd8005d18eeaf225001d5a5e7be25b67,1,4,0,0,20,58,0,39,1235,519.73
7667,ebcc37bd06386ff652c6794630a9494a11b5a2a0,0,0,0,0,0,0,0,0,0,32.65
7668,51fab817af2c52478f532324411917ed74dd1b8b,0,2,0,0,8,0,0,0,297,123.94
7669,25ac971d39e0ed58965334a6735396d5d10e7278,1,15,0,1,48,24,0,17,2232,975.12
7670,193386bcd5d0e2003a831138d6282af1880e1ab8,0,10,0,0,24,39,0,63,1350,557.42
7671,2d3c5d597359f51f310f9eeb994c55f516eb1a30,0,3,0,0,32,31,0,17,157,184.88
7672,344a47756fb2723a1f5fda2b67315c27f2125423,0,1,0,0,2,0,0,3,179,104.43
7673,06110d27d5fcbf939610e2adc780e7ad1c467f6f,1,1,0,0,5,0,0,0,177,117.76
7674,57ff6e8930db0bfdd8e7cbb8418d9a4b46ca4a61,3,1,0,0,27,0,0,20,182,205.76
7675,4e0bc008e162bfbdec2151fbb10f815b81bc24db,0,1,0,0,9,0,0,10,87,89.12
7676,c1b805050946f851123bca0c2b02fc82d025da96,0,1,0,0,1,0,0,8,87,78.39
7677,fdd1c6ed0fed229612ecde1565d90a06dbe6ff55,3,7,0,0,55,4,0,12,917,711.11
7678,489e42811157a9b2575f259f7cda2a2ee680d008,1,2,0,1,82,18,0,1,66,246.21
7679,be7c89596a3b9cd8805a90aaf32336ec2759a1f7,4,1,0,0,27,1,0,8,154,269.16
7680,420122452f12c96a03d5eb0e66e074c607e1af0c,1,0,0,0,0,0,0,0,0,1137.01
7681,ca514e16dc36ab01e4051e76948e7cffcf17c56d,0,1,0,0,16,4,0,2,61,132.7
7682,53168d00cf07f1b93d048f3fc849ce354fa8c7d4,0,2,0,0,33,44,0,21,1095,312.55
7683,dd82f8720fa5aeb3a29c858cd7c032ff25f935ae,0,1,0,0,1,0,0,0,15,47.95
7684,4dcc492bdbd9eb986e0b367c27f53fda7238eeb7,0,1,0,0,0,0,0,0,4,11.46
7685,1c7341ad1ad323746b88a4a2975dc91a7d9c5c0d,3,2,0,0,96,112,0,13,1082,557.14
7686,f897c14c7581c1506575548681ac242ba136bbd8,0,2,0,0,1,6,0,3,425,165.62
7687,5fa84c28fc1bfc62fa2e1165e3407fc81b3d09a9,0,2,0,0,9,8,0,13,345,192.29
7688,3e6aa676e36824ac76258ff20723159b40c3a338,0,2,0,0,12,2,0,0,352,168.5
7689,31f4036042a4e4c7cf1ff8a057599e4abccf4f4c,0,1,0,0,46,22,0,1,75,119.4
7690,420190d85cdab414fa24db9c161852fcbcb81451,0,3,0,0,8,1,0,3,404,166.86
7691,fb72a802b01ac9c4cb5fd3d3ca2032e9af8a1064,0,2,0,0,58,0,0,0,165,118.48
7692,2dab4374bc5280a2b4536f7ad1e153d6361a8885,0,2,0,0,7,2,0,0,362,159.08
7693,cead9a97306b9c957008d8fbbab9f60d39ee70ad,0,5,0,0,0,41,0,14,1567,389.27
7694,7d6afed83e370c8e36f6a690704041417e580498,1,2,1,0,40,44,0,82,1139,336.68
7695,e8e74a648a134fe054081a49a36b8c45f30c21bc,3,7,0,0,97,109,0,10,409,568.25
7696,c531486288caf5241cdf7f0f00f087f3ce82239f,0,1,0,0,1,0,0,7,25,71.81
7697,5eae8bd423256fb372a57151e482c501c955c008,0,2,0,0,23,0,0,18,401,144.56
7698,57b3ce8ce84b5bfa47ca6afcff811842dad8e7cc,0,2,0,0,8,4,0,59,625,188.24
7699,db8e1f09bd7dcd9f392bf987e96cddcb34665b6c,2,42,0,3,314,71,0,55,5999,2538.08
7700,f190f5b0ea8b352f8965b8649901fcdfbcb55066,0,1,0,0,12,0,0,0,34,1090.43
7701,a389b4358125b68c83beb01966cec0cfc19e0964,0,1,0,0,1,0,0,3,919,190.9
7702,c16e2c9b23fe0f287041a3eff51c7ee221da0dc5,0,1,0,1,3,0,0,0,26,81.15
7703,310f3de62e52f1f977c217d918cc5aac79b87277,0,9,0,3,146,180,0,22,366,619.58
7704,d5fc25e6773625ba5e92cc6f4dd604f0c089139c,0,1,0,0,5,10,0,0,67,82.96
7705,9905700ad3f461d93862eb469ccda1682351579f,0,2,0,0,1,2,0,0,154,99.16
7706,2d19d11007d37298dffb78f3aa43d749f9e597ce,0,1,0,0,19,0,0,20,118,95.37
7707,f7ae309d3967e61a719fadd8261d515a19ed078e,0,1,0,0,0,0,0,0,173,32.41
7708,a7b54f12c96bf03fd87b4cf03127f0838e746695,0,1,0,0,0,0,0,0,41,14.04
7709,da3fc4fde2796af262dd275f3ea87a5b7bc69c5a,1,15,0,0,75,3,0,28,837,819.17
7710,2bc1eaa4118d81bc00d7ebde1a435507d2cffb2a,2,3,0,0,2,0,0,2,212,159.28
7711,b17be267118dd2fe22172c204597aa90db72f909,0,1,0,0,0,0,0,0,3,14.41
7712,edece9c1e2ec8e759b783ea07dcaa50d4e8704a2,0,3,0,0,53,33,0,14,580,283.82
7713,59a58e56cc2f5f1015244ef835a014e68675234f,7,0,0,0,0,0,0,0,0,336.94
7714,cfd8df405cb91278f4c8d81cc294daaaa8b07840,0,4,0,0,4,19,0,3,116,178.59
7715,3947a395ecfe37de97be346416493d933cd3fe5a,0,1,0,0,36,10,0,1,282,153.74
7716,f9fbbc3a137276cab4b8abf272199f1cd4633d29,0,7,0,0,116,2,0,13,1599,508.34
7717,d8a376a85e0fd54c725e9117396fc5819ce17dfa,0,15,0,0,208,122,0,8,955,603.31
7718,cb60fd29e7e46f8015587e9be7ad88f2368fe85a,0,1,0,0,0,0,0,0,122,27.65
7719,95d4c0170339585cb4876c4bafc1c2a42c44be3c,1,4,0,0,12,1,0,1,1090,356.73
7720,a666455c98c269c63373e991c6ca2751e132a7c8,0,1,0,0,19,0,0,6,43,1172.76
7721,31c717697a52af2c64439aaaba2f6a1f97a22159,9,0,0,0,0,0,0,0,0,525.08
7722,efd7336fa693a9f82b9ecfb5d81c0ef747ab7801,0,9,0,0,35,62,0,12,1098,617.3
7723,0caff357848929b736fca0f78e358f77423ce355,0,1,0,0,0,0,0,0,277,63.23
7724,91d346e9e7611be530509154cc7034cbde22653d,0,1,1,0,1,1,0,5,220,150.91
7725,39be1996e461bbeec148bf34a2f92cedeccf59ab,0,1,0,0,0,0,0,0,87,22.77
7726,a148492e142c7f62cbd890f299c2ee2a0b2761cc,0,1,0,0,4,0,0,1,315,105.04
7727,b6bbd123c951d1f6e1cda108514d8e749c5ed033,0,2,0,0,10,1,0,2,218,125.81
7728,21cf59d5fffdca9e8335e1990c75e0c3cd684212,0,1,0,0,4,3,0,9,917,226.28
7729,c4a1d09ccdbd19416e15534ceba45ead5d2d6ed2,0,13,0,0,3,10,0,23,1697,636.16
7730,7caeefdcbe6dab89bed4a9e2fa42e07722fbf08d,0,1,0,0,24,46,0,0,75,92.41
7731,e273d5fea782399c6887fe7bdc169602a7026fcc,0,1,0,0,0,0,0,0,272,42.75
7732,edb6f7fef8c5df6af43bbe28f96d8c6bb3332d00,0,1,0,0,7,57,0,53,377,167.03
7733,4f5488c592fe153897042d24f9bd03b50767ba9a,1,1,0,0,44,70,0,4,26,197.12
7734,0623e24c8814e073426062e8b27bf88e664ee3aa,0,1,0,0,9,12,0,6,23,107.13
7735,4536e9cbe1925c0a6dd24f74c2b73a675afb2625,0,1,0,0,2,0,0,3,192,99.13
7736,38aa863d5a710b283b5c9b2eb9225d6fb9cc0c70,0,7,0,0,38,16,0,30,1214,573.3
7737,ea5342f8a912abe79ffcd83c8c352b070df343f7,0,1,0,0,1,3,0,0,204,92.07
7738,b87e660ac64bebbd9a0a6aa4334a68736140053f,0,2,0,0,1,7,0,3,210,152.44
7739,0ce8574603aac784da30a354f608ff939e09ef58,0,1,0,0,10,0,0,0,130,57.66
7740,adeff9267ff23ebd14de39533341713241f25dfb,0,1,0,0,0,0,0,0,50,1038.84
7741,d766988b28414c6e282c785a01b2fb6f4a4c21f6,0,1,0,1,0,0,0,0,43,85.87
7742,13ef4e4406d749fbfe41f5d30d0849d0c70661d1,0,5,0,2,24,12,0,2,198,356.71
7743,7c952dd3a75bc64d10bf9be12e405bbc349422b1,0,5,0,0,1,4,0,4,910,325.79
7744,328f72d14ea88d082fbbaae9193065be575ef846,0,1,0,0,0,0,0,0,0,10.78
7745,87d31f5cf76fa796b89201ed8c55890e7d36fc81,1,5,0,0,50,161,0,3,137,430.91
7746,7667ddcfb9c2cfa96ffdf7594affeb74719e8ccf,0,4,1,0,7,14,0,0,135,152.08
7747,448b9eddf6d2b787f65519f4f937c6ac772f8cbd,1,0,0,0,0,0,0,0,0,50.67
7748,a0c17d94072ec6e127ea3cb3c507a595283b9b87,0,1,0,0,0,19,0,5,43,72.67
7749,7a21efbd477ef72383464f0c70712e32a9976ebf,0,1,0,0,2,0,0,7,553,153.97
7750,9170df55d9338b3c3d8ff52c43ced7feb4076cad,0,2,0,0,0,10,0,0,734,170.65
7751,a6a7623dd8a549f4a31bbc361b891c65b5feef07,1,31,2,3,104,35,0,35,3337,1703.58
7752,7c553ba45b44145ea09e4d9ccb0bdf64df7ee076,0,1,0,0,84,12,0,8,65,139.43
7753,0f87968e8e8989fe9ab575dbaa1623c781db5551,0,7,0,0,23,21,0,12,2664,742.42
7754,5803950ef0c8c57534b11de459b92d01da4d3fc0,1,0,0,0,0,0,0,0,0,84.45
7755,6c70b7bd8e15684358fddc802f2eb9e62c9a16ac,0,4,0,0,41,4,0,6,858,329.16
7756,2e40f3807b2bc0c2349b967f2fb9d3d10eddcdca,0,1,0,0,0,5,0,0,520,115.38
7757,8809185b0ea791c641babe382db2bb7e753100bb,0,2,0,0,0,1,0,0,166,69.42
7758,2d86ddf7d762da7bcd76ac269a3d72d15bffb4fd,0,2,0,0,13,0,0,3,201,109.93
7759,95cde57137f9e79c4b67396e44a2663356d83d23,0,2,0,0,65,0,0,0,379,145.66
7760,9ee02f6a3463c531400404dee791033e120f5bfc,0,9,0,0,45,54,0,0,1342,1731.44
7761,6e1d415e1df9691618afd78bf67eb55927cd8628,1,0,0,0,0,0,0,0,0,61.21
7762,b550ac67fbf525863d5812d9d2a1010672a0169b,0,3,0,0,37,3,0,12,436,225.05
7763,41ae13122bd1ca16f1c6779983dc0d17e3633e97,0,1,0,0,0,0,0,0,384,58.5
7764,9fbb461e1e1f71ac7610d9742d2d65c7c264a6de,0,1,0,0,0,10,0,5,37,70.77
7765,93d99fdb39d6c2bd7715d7b6d4352ce3d895d9f8,0,1,0,0,0,0,0,0,124,24.43
7766,1132cd7dbc541a948975ef4b69e2a85cd79c81a5,0,1,0,0,3,0,0,0,315,83.55
7767,9198c93e59d7b5bd916cabcf6bb8c52fd0bdfae2,0,2,0,0,0,5,0,0,481,115.88
7768,bc9982c364f54c40223d14eeb4823a882c021e7a,0,2,0,0,7,7,0,0,159,96.43
7769,8ea02ec2af5491a172fbe795d5f39b5835b7a83a,0,2,0,0,11,0,0,1,1063,284.23
7770,8d1545febfb7e1c02a9f5a948efc8b8eb4247742,0,3,0,1,63,13,0,5,595,253.1
7771,4de80cf8c04ff1fa7d5f4165d4c31d4f97317300,0,7,0,0,25,3,0,0,1228,345.5
7772,d3c489d36b02c851ba4f8add1ea3ac69277281a0,0,6,0,0,11,1,0,11,1056,407.35
7773,bd715c663c226b6f0042a20d768e57433aa97623,6,14,0,1,95,12,0,17,2467,1142.03
7774,2d87453260b07e7f605e54cc4b76619ca7945e13,0,4,0,0,1,2,0,0,897,209.06
7775,d46c182b3ebf2ba067aef3764e87fa3f86aea695,0,2,0,0,0,0,0,0,122,30.82
7776,a0ba69e7ae5513d1ec11f7b8a2cd0858f7ad1b53,0,1,0,0,1,0,0,1,272,109.33
7777,1cd7c423d87cf680fb84af83ebfcc3246d079d1f,0,1,0,0,0,0,0,0,27,14.05
7778,4645d3c06736c7adf360a5380cd2a05b4eb752c9,0,1,0,0,0,0,0,0,21,12.35
7779,c28096a32c9efc3d955b027b4e6152d32b5dd7a2,0,1,0,1,0,0,0,0,30,47.6
7780,5e52bd869827121bfae319d3f54c8404233663ad,0,1,0,0,0,0,0,0,64,1258.58
7781,c0dddc1a6e3eef8ded1963e61ee4a8f8ecf66475,0,5,0,0,66,46,0,12,677,500.49
7782,ef9e8378929b2f068c71262ed93702da0b023b04,0,5,0,0,180,54,0,8,485,384.53
7783,fa96c21a67ed648837ff96b7c5d4d52979322df2,0,1,0,0,0,0,0,0,512,86.86
7784,c64eccbe0301a69aa22d0be8ec28c8ac340c20bb,0,0,0,0,0,0,0,0,0,33.19
7785,4c234fe107fb285ab4a88279b352dc77662346f8,0,1,0,0,0,0,0,0,202,55.68
7786,722274519fbf258531707ef85df4e1846f2fa4d4,1,3,0,0,33,11,0,17,562,318.24
7787,a1d97a5dceeab95f696c8433ce3d28242b9698f5,0,8,0,0,48,14,0,10,1262,583.29
7788,3f767a693079ec086e5046d75ca08f7f147da938,0,2,0,0,0,0,0,0,152,32.68
7789,cc190a6457cdf6186ea8e449f7b38be04761af8b,0,2,0,0,65,37,0,7,358,271.46
7790,b0ee05eb79433262f21d7945f090d65629496045,0,1,0,0,9,0,0,0,284,82.67
7791,6d0d366ebc166a69534629af29ae9455427c5912,2,1,0,0,18,7,0,1,15,214.52
7792,42828e0219e50ea0cd4481346f24250a674fe596,1,1,0,1,1,0,0,4,95,191.93
7793,7baf7649e9ecd485d6f036b7755c2f98cca74e3a,0,2,0,0,1,2,0,7,1165,282.09
7794,8674b69964eae50cad024f2c5caf92a71bf21a09,0,1,0,0,2,0,0,3,20,71.86
7795,5c67d36a3a1a2520536737bae1a4a2ff87b0eef2,0,1,0,0,6,6,0,0,506,143.83
7796,c0410d801e406e77b1e6e7134224f7946906a49f,23,1,0,0,6,0,0,4,147,1391.4
7797,e5ed2fbc4a31808bea8be89b371bbe4269288003,0,2,0,0,0,0,0,0,174,41.15
7798,b0fbb89898bdfc72445464a2547e088e825f4c55,0,1,0,0,1,0,0,1,65,73.51
7799,3d371787d26783a5d6748d4bc83b01e17f75e762,0,2,0,0,21,10,0,8,413,262.77
7800,6c972d5d51d2390f0b359a0b24c8325784334e9e,0,2,0,0,21,0,0,0,439,1206.23
7801,d5fb7b3a9da3685a4ee5854c392ee42cc50f01ca,0,2,0,0,23,0,0,1,170,142.55
7802,176a893d2084cc400008f9b2b7849ada9a1bd56e,0,0,1,0,0,0,0,0,0,59.4
7803,98a8b642f24c813a4929dfd780163778dc5bd010,0,0,1,0,0,0,0,0,0,36.17
7804,83fffdf3ab044ef770f9c97f8fa60b782a9e9f78,0,1,0,0,0,0,0,0,149,31.14
7805,4bcf0b99a6256e5dc1ccde4a2a8c72b9c000fe32,0,1,0,0,0,3,0,0,69,44.63
7806,9fec5cae65a7cddea5dff47e5cade50493f6cbdf,0,3,0,0,30,112,0,8,177,265.59
7807,f1a8dd0654030d6b4bd79732ef1d0f32c5f6820e,1,1,0,0,7,18,0,2,6,155.18
7808,4c337dc9a89dfb549a3c2cb62893d74129582143,0,1,0,0,28,40,0,82,1047,246.74
7809,ca5573b21867930709f094306733bf854d82fda7,1,2,0,0,0,6,0,11,294,218.91
7810,baa1ad3cc32e600d426c7f4aa075232369069822,0,1,0,0,44,15,0,0,222,117.47
7811,826d51d5c4e2501bf1681d0809693576140876bd,0,3,0,0,68,50,0,2,224,234.86
7812,27be32e8a44e3afcce9a17e3b95767869f56ab61,0,4,0,0,14,0,0,6,846,375.02
7813,8b0f590c52d698b3439a2c3524889802c893e985,0,7,0,0,0,0,0,0,431,138.64
7814,77c306be0f76cf1bc14affd81d7f9a3c25d45593,0,1,0,0,6,6,0,0,506,158.76
7815,b013f8f9163aa7434b33d71e4636c9154babb3dc,0,1,0,0,0,0,0,0,149,32.6
7816,de10b40095bc0109faec3874d452b33586f35e7a,0,19,1,0,55,118,0,20,243,1503.09
7817,8eb4604cd82a89258a6581ca8be4f419784e5096,0,1,0,0,27,24,0,1,78,122.28
7818,b1f3ca3f61fa1f0a906804e42844c2c08bd3f5cc,0,1,0,0,10,0,0,2,105,87.38
7819,47ac3684a195eef5ce319f3e1ac3f966d98b418c,2,6,2,0,21,30,0,9,163,248.04
7820,c7d59105c0dfae172db8d70820077d81040b3f6d,1,4,0,0,25,12,0,8,169,1300.68
7821,c491400bcb354d242396302a5561920cb525dbae,0,8,0,1,126,23,0,6,346,399.74
7822,5ce3ff643b1c254c254534fd03f9035bb0cd4964,0,1,0,0,30,22,0,0,113,105.34
7823,75e5953b91cf19f394e7db9ec5813f59203a7e32,0,1,0,0,1,0,0,0,94,55.41
7824,a932ab8631fec8f9a670e7c0e5e9ef3b8a2b7f63,0,1,0,0,1,2,0,3,141,111.75
7825,87e54eb3bc181c0119842c975de632706d23434c,0,1,0,0,16,9,0,6,235,139.75
7826,584229dc00e62a6a8540b059645269bb04d0ba04,0,5,0,0,6,0,0,5,1202,279.69
7827,0838bbeaafed791d96bfd1e8e1f8a5e486c35325,0,2,0,0,4,0,0,0,87,62.51
7828,e856071e16f5155932a39421b7fcaac152020ee6,0,1,0,0,0,0,0,0,149,31.69
7829,fa321ea96bc5a58d53c0cf29dbd8fb04ace3c2a8,0,1,0,0,0,0,0,0,149,49.97
7830,7c904478499d21fa0f12207fb84daffd749bec44,0,1,0,0,45,24,0,3,80,134.53
7831,b32ad44f7b6d9053aefa3c9db7a9328b1571b19c,1,1,0,0,8,8,0,2,96,179.4
7832,f3d4011f80b3d6b25e55a354d1a41928074f02a0,0,1,0,0,69,34,0,0,30,101.75
7833,d5d6842f62d5a476541d68e75ed630f30a29d91e,0,2,0,0,0,3,0,0,155,68.26
7834,eaff4da15bdd7528dcc0d8a37fd59642cee53850,1,10,0,1,65,32,0,1,228,382.13
7835,6356128865bff7463bf03185d18b129ed3633bc2,0,1,0,0,0,5,0,21,613,151.88
7836,7a78d00545ddd26d2147f58a100b1f8db689fbf3,0,3,0,0,3,11,0,4,379,219.83
7837,e95fa5a4a03fce74a76acbbbb29395c8a5f69276,0,1,0,0,3,0,0,0,118,62.77
7838,fdfce98ab741cb2591407c425c75cd0a283401a6,0,8,0,0,40,0,0,21,915,493.52
7839,b6a1b6e9dd3a278c9c644682e377deaf105e7ac4,0,2,0,0,48,29,0,8,827,299.41
7840,9e0c42edceb4ae981018a0243669722d060d8f96,0,21,0,0,33,6,0,6,3366,1996.56
7841,fbcadbe6a696041aa58ccfa80b7fbd3c70f203a4,1,3,0,0,26,0,0,1,207,229.92
7842,518adb0437de2d3383c4b1c744199adb6bd48dfd,0,1,0,0,0,0,0,0,227,55.33
7843,b28e1632552cae9380269125ea4a486b5830f6d8,0,1,0,0,4,0,0,1,112,90.12
7844,36767dd84ce85b7806bed373912024da01cda867,0,1,0,0,4,6,0,0,28,78.57
7845,1c533aa02722cc254dfcdff967e7060fc334c219,0,1,0,1,3,0,0,0,170,125.11
7846,76ad79c04aab10634302d9a26de0b09a83d7e836,0,2,0,0,0,0,0,0,52,19.59
7847,f5b7637d1252325e2916c47a459674100658269a,0,1,0,0,3,0,0,0,18,47.34
7848,6bd65f91379c94dbeeaf53e5f8362cca5aaf641e,0,15,0,1,0,0,0,0,403,163.69
7849,04e13447cfdb080200432cc8ccb65c6714741bf3,1,3,0,0,11,6,0,0,41,207.01
7850,32b583fea88fc329af3418480f81c26cc6c538cb,0,2,0,0,0,4,0,0,50,73.76
7851,addc0c9d7ab37e522fcf665a72583176060eb898,0,1,0,0,0,4,0,0,29,39.14
7852,3e702d93ef031b2149689111e4d9f93a06b10037,0,3,0,0,32,0,0,0,47,96.8
7853,44f217555f6ca72d1aa38d8626c1673a76c12b22,1,0,0,0,0,0,0,0,0,68.82
7854,a455d6a77e5678140bc4e19c75c29905b25cbe0b,0,1,0,0,3,3,0,0,106,86.28
7855,07de86559d64f375d4a2df46d320fc0f5791b562,0,6,0,3,0,0,0,0,83,100.69
7856,5753b746c1dade748b6576f7e6024cc18c32d6a3,0,1,0,0,6,0,0,0,22,49.53
7857,bb06ba954b8c65407039edd239da973d8e97e75b,0,15,0,0,323,168,0,1,167,1068.56
7858,727370aacf63cefc6aed7c46dc2d63517e4b708d,0,1,0,0,0,0,0,0,438,63.21
7859,11509898f365dac32c2130d3295a9be8958842af,0,1,0,0,0,0,0,0,197,37.22
7860,1bfe87f12274a96e517f6229ddbc01622cfb50a0,0,1,0,0,0,0,0,0,20,1066.48
7861,777cc1ab53884f12ac245e62d367c4439f7939e0,0,1,0,0,12,25,0,3,195,133.59
7862,598cb6689cbfc54ddf0bce69eaec18a8d29c20e0,0,1,0,0,2,0,0,0,116,58.11
7863,f633a80bb22011ca1e7a0e4fc7a754d79b213e00,0,1,0,0,1,4,0,0,114,83.58
7864,a3e3bedfef879e5e8659e78ae06cbca22d53beba,0,1,0,0,14,0,0,28,194,105.79
7865,290b11b6a562f45c2463d3d13692be1ab86245c4,0,1,0,0,0,0,0,0,153,32.45
7866,4fffd60769bf1fa8501b4f371ba0117bddaec11f,0,1,0,0,0,0,0,0,153,32.19
7867,37df3c8720385da6393a7157654a963c03e9ebb3,3,17,0,1,77,18,0,6,2658,1314.03
7868,2de321e7c5ac1390f7fcd29317e7e9a1a1faac4e,0,0,0,0,0,0,0,0,0,25.16
7869,07aa2d469e34884d715b01166db077a4cf7cf3af,0,21,0,0,243,59,0,8,4466,1415.09
7870,26eb8bb29989b9e65dbd0afe9c107c285b98cf87,0,1,0,0,1,0,0,3,187,92.39
7871,bd8cb86bf17bfcdd1ce2dd1f01e40ca07f1148ab,0,1,0,0,4,0,0,0,244,77.18
7872,512083a7dd8d0574afbfa8e2c7065f16e9a83d12,4,1,0,0,0,2,0,7,157,318.93
7873,29894d06a5b1142650b5c04c44b48acaf2d08c04,0,1,0,0,0,0,0,0,391,55.56
7874,e884a3a4f6ba738fac66846488f931cf85f2e2fc,1,4,0,0,8,5,0,4,165,210.73
7875,6d8cc733d45477fc784fb68be01c2b2b4d16cd87,0,1,0,0,40,28,0,0,11,81.18
7876,fb254763c00df5d336c6defa1ae960e32c97b2ae,0,2,0,0,0,0,0,0,0,17.34
7877,6b6603f91ac17ab02a7147d96a81297067245ac9,0,2,0,0,26,48,0,7,102,150.3
7878,0321eb35edc7571a71ace768fe38f61f0a909890,0,1,0,0,12,31,0,0,125,93.48
7879,1a9675d54fda7c6d7c519935dde05f47eb449401,0,2,0,0,15,0,0,0,106,93.77
7880,aa4bdc037caaa2b516864007b90a7271e998702a,0,2,0,0,0,4,0,0,44,1124.7
7881,3474dbb4b28d093796e6945994c8fe7c1241b53c,0,4,0,0,0,0,0,0,675,110.13
7882,40e412ae233046a5f6f38cf86288ab5185d9d194,0,1,0,0,10,18,0,8,543,182.32
7883,ff62977d63e1551a7d0261fbe8e4dd3b2d124323,9,0,9,0,0,0,0,0,0,744.59
7884,0113ee2b33e3f86bb6a3de2ecf60d8e7bf554be2,0,1,0,0,0,0,0,0,39,17.74
7885,b957bf26fb588cab072e51240e9026456b862ce7,0,1,0,0,0,0,0,0,39,15.71
7886,3afb7b3512353e28cd2fb7f49cd88c8caaa0da0c,0,2,0,0,4,0,0,4,58,132.53
7887,17c68e5592bd839e8c0ce9372ffcc46d0315c412,0,0,1,0,0,0,0,0,0,32.36
7888,02a9d3d878098ab25c4989680b07aa11ce96c859,0,1,0,0,0,7,0,0,109,50.95
7889,7a31ffd3a5455d7da0a459b62081ca27466833bb,0,1,0,0,7,16,0,5,416,143.93
7890,fa11015ddcdb0217da6a8b2be1e2a55efd26d7fa,0,1,0,0,0,2,0,0,152,57.38
7891,90a0a91079a4e271404dadee4cf4106dfd18ad89,0,1,0,0,0,0,0,0,152,32.7
7892,660a605b5969c5df7d252f741d3394a07859e509,0,1,0,0,10,0,0,19,115,84.26
7893,5c34ff1f2b6f8b7c35885646be5b60701cc10348,0,1,0,0,30,15,0,1,60,108.11
7894,135b32951a02a80ec785ede7cf245b61a5ee891a,1,2,0,1,5,47,0,1,71,244.12
7895,fa63c3356b3fa89e549c058cbb6c6ecc19e61d8a,0,1,0,0,0,0,0,0,255,44.76
7896,ff0622b8dbd29d445dc7effa6db60f3e7156feee,0,1,0,0,1,0,0,1,379,109.5
7897,a8f4515d9b62a95cf6b10d59c95ce36f6198ee28,0,2,0,0,0,0,0,0,441,66.81
7898,390d36132927fe5a1bac1a53664c6c67ebe3e657,0,2,0,2,56,8,0,8,346,348.87
7899,4973a2ae49d805f56af746659c3eae48b512f983,2,3,0,0,4,107,0,6,206,296.21
7900,54f104bd425ca709babd932dd494d33957df0b1d,0,1,0,0,4,0,0,3,449,1168.95
7901,5249981dc51401b041b380635b19ca1b01141119,0,4,0,0,34,4,0,30,765,257.75
7902,ae8dc5f893eab2a6b4441a7f32ec1e9c7ff2b8ee,0,12,0,0,35,27,0,8,2498,798.52
7903,6ae81d4e995ad637f0856367437a8f5d526e7bae,0,5,0,0,10,0,0,5,858,238.12
7904,c8fa8d025684c2225824c54a7285bbfdec7cfddc,0,26,2,2,72,108,0,179,6088,1984.12
7905,00400e9259e11e34a9114f2c3545a3f7475cd92a,0,3,0,1,25,18,0,6,514,189.8
7906,6ce67c14f7682df7f3c1153b7f8cc5897a5a630c,0,1,0,0,28,46,0,8,182,125.45
7907,1a91bcee251a2a14ff7856b175af88ca726ef1cc,0,1,0,0,28,0,0,3,527,145.3
7908,6b892a6394a3e8e99dbc9b24276edafa2c8285e1,0,1,0,0,6,0,0,0,555,122.86
7909,0861a784469662840fc599361b6e3910bb30de38,1,4,0,0,63,0,0,9,480,357.61
7910,5669b12206c4e1376dabbc0d946f9aeee0f34795,0,2,0,0,1,10,0,2,162,123.6
7911,33aee80694aeeb258cc47aa112505e9ceb993bc2,1,1,0,0,12,0,0,15,91,128.0
7912,92b0756bc741f8e6d757cd23551573cd750b9bfc,0,1,0,0,38,0,0,7,41,83.55
7913,f126ac2089fece4cf94c3bd833cf18a5950e595f,1,57,0,18,229,22,0,14,1779,2767.1
7914,3aeb00f6cf103407245fc192ce5940ee4217d6b1,1,0,0,0,0,0,0,0,0,60.54
7915,6958380038b82f43ba44ebb3e0af8091399da93b,0,2,0,0,115,26,0,13,102,173.85
7916,ff0b9c1eed75e64793ec8c31f217ee4300a24a0d,3,6,0,0,4,138,0,6,697,487.65
7917,3fd694db6f502e5df12476246dce05b1d1fc27bf,1,6,0,1,21,4,0,0,940,448.75
7918,6207bd821281dbbda929c63cb1d3e7d50054f033,2,3,0,0,35,20,0,0,129,190.16
7919,908cf9338d336e468a0c5528af46b25502a93a17,0,2,0,0,6,0,0,3,157,98.29
7920,0a65f1ec1f5893b11acd9f982265aa5ce7d5968b,0,1,0,0,0,3,0,0,64,1113.74
7921,7d034d4ef6986ba5ccda6f5e8c587b8fdd88be8e,1,4,0,0,72,11,0,13,312,339.03
7922,0ff88b0e8da5cae764510edfb226947e4ba52b83,1,0,1,0,0,0,0,0,0,102.41
7923,4948e2ea80869b2aaff610f6e7e0963d05da350e,1,12,0,0,58,47,0,8,2322,754.82
7924,9ddb978b04fb602609675936df3d0c6ff9b8519b,0,7,1,2,13,12,0,3,2260,536.28
7925,67eac44a138d67936fe75f58bdabee60ca98a3df,1,2,0,0,0,3,0,0,560,166.79
7926,10c9f879e8217da9aceb7bcb527c34a417fc3689,0,1,0,0,1,6,0,0,66,77.34
7927,3afa5eb3c47158086ab29012a835f96682a85d34,1,7,0,0,50,34,0,10,778,578.64
7928,c7eb6acaf95a6656ec6bd0a0b401c1944473e7f2,3,7,1,0,49,86,0,9,1280,790.1
7929,3c86b6b575c64409a1153c56618d6929bd2d49de,0,1,0,0,0,0,0,0,133,27.95
7930,50c0ea8c9fe17278d45aba476a95791152a1420b,0,10,0,0,246,49,0,36,2866,1058.13
7931,56df6904688642b1c8f9a287646c163dfae7edfd,0,3,0,0,13,1,0,1,551,226.44
7932,e669b8d0ca93035905ddc98aaf528e646292da8a,0,27,0,2,105,3,0,6,832,1125.6
7933,1b1122fce18eaba4cc3539708fa555dbeafe88b5,0,2,0,0,1,0,0,0,512,120.6
7934,85f16bbf3b119e5d607f471c4d344b05fa8d7ed0,1,2,0,0,11,0,0,2,73,171.99
7935,14518067cc22b928ba8e230413d0a74237a3ceec,0,2,0,0,63,1,0,24,2445,444.82
7936,fd101be18cb6f386196e19178ba4da7f1f473fc5,4,5,0,0,51,31,0,6,336,454.99
7937,fed284b140459b27e25e651650448eae1d110f0f,6,0,0,0,0,0,0,0,0,262.56
7938,254724e7603df189fea07b20eeff5a3620b5d841,0,1,0,0,24,0,0,10,374,129.77
7939,c8187e8752bd9b17ad76f3076087c4e562a9c5e4,0,1,0,0,9,0,0,14,73,85.81
7940,64f32f9299bfdb7e7b1fcd759618c37638a6a5b7,0,2,0,0,48,0,0,0,138,1189.95
7941,7f4225987a690e85284bb356dd5e63a996f136d0,0,22,0,4,69,33,0,31,2785,1210.72
7942,62bf8fd4813271c64afbb1509b31811c79246bce,0,1,0,0,0,0,0,0,51,23.83
7943,a95ec5acf259884347ae539913bcffcad5bfc340,1,2,0,0,29,26,0,2,652,285.12
7944,229ed7755c5bddd9856233e019ff3fa8ddef29a7,0,3,0,0,33,12,0,6,329,207.6
7945,bcd028d75b0e5c5c691e24640a2196b2fdaf85e0,0,1,0,0,0,1,0,3,290,105.99
7946,0b5e124ba24230026995cbb93444f30af7d51363,0,3,0,0,10,0,0,8,426,184.9
7947,4de72bbee189ab357e4d9e6fea33e27ff1ab233f,0,1,0,0,0,0,0,0,519,93.89
7948,cd37feb4d3fb75a8f9dabf228c22216efd9ac636,0,1,0,0,0,0,0,0,28,12.2
7949,d734032ee3f0de1c786f61aa52e7a054e7fca034,3,9,0,0,16,4,0,5,1099,643.23
7950,17f0e850fd26da0c50195d3d9daa423ead1fbe3e,1,4,0,0,50,85,0,5,718,405.48
7951,5a093e5f90a142396f7978ee1d8ec51379cbdde6,0,2,0,0,0,10,0,0,156,88.32
7952,89ac3dbe4a66c94ae5af5f06dc92ea2dcd13da57,5,5,0,0,93,45,0,2,481,625.97
7953,c0cdc42bc72c88d96fb8281a55ac0e8b8759093f,0,1,0,0,14,0,0,1,18,102.28
7954,105b30686f76dc2d6affcf6cdf3eb41f322df53a,2,4,1,1,9,0,0,1,1288,448.82
7955,2aee4b15b879c566137106de81e8b96e3f053008,0,1,0,0,0,0,0,0,0,10.85
7956,0deaa3b1b997442a92d605102bab59bcd28a4db3,0,1,0,0,0,0,0,0,3,35.46
7957,89935997de03b0f6db89d111a087b0f0f210695d,0,3,0,0,1,3,0,1,249,245.4
7958,ee3c58ea65d770a7abc4ab0418351ca5e53bed29,0,1,0,0,8,14,0,4,366,203.98
7959,8169cf4ec6d4acb89d8e03fd2b7ac0b4c8c2f267,0,16,0,1,1231,24,0,154,3621,1535.48
7960,2735c852b4648ae6f3e8f1e6169ef9ed6ec481d2,3,11,0,0,21,5,0,2,1353,1866.97
7961,0fd497a7bf00694302a71ccf4b3ddd214942a228,0,1,0,0,7,1,0,0,34,86.5
7962,15cdc5cc799e2ceb78af974d32feff2096f6571e,0,2,0,0,0,0,0,0,115,36.42
7963,c832f52a9ca489b72e3eddcb51c288d23d66b571,1,7,0,0,58,37,0,31,1986,697.19
7964,5ac96c7c2f59ba2ca7bbafd9606befbc283956b7,0,1,0,0,7,0,0,0,457,102.5
7965,e754d3d28a711f772f2fb0ca1098b29a1c73662d,0,1,0,0,1,1,0,0,60,70.98
7966,dd236f51dc51f499de6beba09a2de4c8cd37cb27,0,2,0,0,0,7,0,0,304,88.86
7967,9644df746e386e4be21d9786d3a98427c0b79e73,0,41,0,1,3,4,0,0,289,273.56
7968,c80e76bd7ccfe864566bdbffd6dcb6549709ea73,0,2,0,0,0,0,0,0,672,92.75
7969,fafef15eaca1f4277ac1dddb018a8e01eca22817,0,15,0,0,0,0,0,0,0,63.53
7970,8258029ababaeeead58e3510a6c9bd53f6829901,0,1,0,0,0,21,0,0,110,55.34
7971,1c5a929c7ad6e40939e1170cdaf19c6ffd64f583,0,1,0,0,3,0,0,2,267,146.89
7972,0931e80aa09f93abf9bc02e37c708977d693ec1c,0,1,0,0,12,27,0,0,177,106.9
7973,4922ced71a307a26b9f5070b41f72fd5d93b0ac8,1,1,0,0,0,9,0,0,116,110.02
7974,b463cfb1be228d86b5d2f5a50a7cc4b682bde1ca,0,8,0,0,28,6,0,0,481,280.42
7975,5093122804f481021f3b33d9d5b4da2144c8cc61,0,0,0,0,0,0,0,0,0,4.95
7976,5b8396719e9f7d738cc44b53182556ae44f8ec58,0,1,0,0,1,1,0,16,373,133.24
7977,9ad868c457f5083f5cd96d0fbcaa97d06eede6fe,0,3,0,0,33,43,0,5,424,241.62
7978,afb8f825ee151804a37b352de6be3504a9bce278,0,1,0,0,19,13,0,8,410,148.16
7979,d5bb60de938103d535e0189d6117859f0699ee49,3,0,3,0,0,0,0,0,0,237.65
7980,71095dcb098c5b03a656a1f3bb48634294e537bb,0,3,0,0,0,0,0,0,84,1159.92
7981,064379705f36aaea927c44bb303a867c0c66265d,1,3,0,0,58,16,0,0,730,303.76
7982,049994274c9d4fc07925a7639e4044506b090d10,0,3,0,1,26,0,0,2,434,158.52
7983,10f0dbd691fe736fcba845d07d456b9ae8d21e78,0,1,0,0,0,0,0,0,241,42.1
7984,2aca82545b166c209587aabf62288377cc84dd6c,0,1,0,0,3,0,0,0,18,39.55
7985,e1d1234477c731fe3f398c7f3f12123f73764242,1,5,0,0,21,0,0,2,1006,369.87
7986,9bdd70cad9cea82210173afc3bbd7d7aa14ebff5,0,1,0,0,0,9,0,0,284,73.38
7987,47dc69970996aa2a57c0dbfde866d3dac6d53001,2,17,0,0,186,32,0,77,3290,1166.94
7988,57b950796deebed46ae95f97152e09b2e2655de8,0,9,0,0,16,6,0,20,1433,381.55
7989,95eadfe15203ee0ab1459a9ade943234d9d6e7ce,0,3,0,0,38,1,0,3,432,193.72
7990,954943f9c7c4decf01570d37e3f7e971df46981e,0,1,0,0,1,0,0,0,481,97.11
7991,0937601972674cc548446616796566ad2eab9b81,13,0,0,0,0,0,0,0,0,704.0
7992,8014dade4ba844786afa85fd517d6aba807dbc81,2,3,0,0,165,60,0,5,225,408.87
7993,42e90c77319eeb4c1a073a66449af3dde016d61d,1,0,0,0,0,0,0,0,0,56.52
7994,9f736d1927c62d220a82931c4f5ffa4955910f27,0,1,0,0,5,0,0,8,438,116.89
7995,bc8921d7c7eb4fe238ad3637271072c2d94ac943,0,1,0,0,0,0,0,0,43,15.01
7996,cde504eb401441e589b3f295e40db37a005ee6d9,0,6,0,0,68,0,0,12,727,297.72
7997,cf0052eef6896893c3af1897743694865bb58b68,1,1,1,0,0,0,0,0,209,164.75
7998,ae0bc11b1f5f41dc2a577958b0019a1e808fce2f,0,0,0,0,0,0,0,0,0,4.97
7999,1f7150fc6037406f0656de1babdbaa498c514bb5,0,9,0,0,30,8,0,2,1025,391.53
8000,167be0a91d6f5863ecff04c1e13dfe60b11ae3b1,1,6,0,0,81,57,0,27,1139,1529.62
8001,9218df82bc5748cf7fd4717b5b5e2f7dba0e01be,11,28,1,3,379,828,0,61,6915,3345.61
8002,b2a91310e1889116926026480c5e9a5e44c96e54,0,3,0,0,355,152,0,42,1305,547.55
8003,ddba1b69f43cbb885e178dfaafa120f1fe196a13,7,23,13,3,207,177,0,129,3910,2543.88
8004,3f07ecc652c07101ae1b1a8fb17f89a2d1206e1e,0,13,0,0,129,68,0,6,2235,851.83
8005,2c13e00c1c108163466f9944de2a32dd5a1b7352,27,0,0,0,0,0,0,0,0,1340.81
8006,cc412859001a9437e5176596dc284f05bd740a40,1,5,0,0,32,51,0,7,959,379.25
8007,a3f290020c6d0d15d993dcdc24fa1ef98c63739b,0,2,0,0,2,0,0,0,68,87.92
8008,7ca287a7b96efbad8244378d8ee4da3a3cf53acd,0,2,0,0,0,0,0,0,212,57.02
8009,05ee3ce96ae51c5df9069564fd5cd2482a62de39,0,14,0,0,67,21,0,32,3140,1070.79
8010,28e0b83dd86cbf2a8d0eeda95391f206ba0d812b,0,1,0,0,9,12,0,6,84,107.67
8011,d783c6282e7362fae29b35e61b1522912eab2c36,0,1,0,0,15,16,0,8,179,141.49
8012,975f9b1b8c4ebb4c96eebc57aafefa8d10c8a689,0,2,0,0,11,0,0,0,2262,329.61
8013,0f6c4eb45e390f1c7bbefa3e8ed9d7c2955dc396,0,1,0,1,0,0,0,0,0,19.05
8014,25d277e16970c6a1755f5050f7bc419b158f17aa,0,4,0,0,45,9,0,5,707,326.52
8015,a25cd3feddd19e75456db32a704ee5509e85dd47,1,27,5,6,237,86,0,32,2151,2078.11
8016,7e0eafa74d81a805d1445fb74e967acaf455e967,6,9,1,0,92,175,0,24,1288,845.1
8017,5f11df6eedf64f81ffdbf4afc2ad5d84b1b2ae65,0,2,0,0,3,0,0,1,72,87.6
8018,afdbf5471307ccc3d93bd41841ebebfcf34b8039,13,10,3,0,7,89,0,3,294,1232.84
8019,6f59d67594fca80367724e18c3926a02a7257bd1,0,1,0,0,0,0,0,0,139,33.17
8020,363de6b643689f64564270857f1daf7f6c59257f,1,8,0,2,1,0,0,0,815,1341.3
8021,ef0a84e84ddedde4cdfdc726dd0e21b5e947fc94,2,3,0,0,43,18,0,2,341,321.65
8022,7e51b90d909c6feaac6ed48140df00372e95a45c,1,1,0,0,13,1,0,3,252,226.91
8023,cacdb68310db70ffc1a5b22dcd9b62b81855a544,0,1,0,0,2,0,0,2,142,83.34
8024,25fbcf8cf42935cd433d5555042f62a911dcad79,0,5,0,0,0,0,0,0,356,79.7
8025,467ad788fbcdd4b5ba319ffe3d64b25a282dd7ec,0,1,0,0,0,0,0,0,251,39.28
8026,a36b56999240d1ead0793be7acb4ad13cd0559f2,1,0,0,0,0,0,0,0,0,58.49
8027,09fbf23f5d0e63877670ae00787dc33be3e53402,2,17,0,0,48,69,0,14,3130,939.74
8028,40f9131e9136f4f956c59e4c0c837afba8b9bb4d,0,1,0,0,10,0,0,5,268,124.66
8029,fdabce0339a5ba89787f8719e463cd01f35b4601,0,1,0,0,40,1,0,26,813,223.19
8030,0bdde8377c254195fe94709d639bf03f9bd77606,0,42,2,0,203,298,0,20,5249,2155.92
8031,3787b89105c6a005ddca999b0b8a0356e812ede6,4,56,0,4,472,120,0,209,8480,3143.49
8032,137231ad382ea8e305268159c47581e4c2c13880,0,1,0,0,0,0,0,0,170,38.86
8033,19040a632c66af64d49707cdf07adb25af04d92b,1,5,0,1,14,67,0,4,323,303.74
8034,dd4c8469b11184b633d2b9514b9910622734270f,2,7,0,0,27,41,0,2,1067,576.74
8035,2fdc768edd7cd88ab4584f7d9072640ba77e1678,0,1,0,0,0,4,0,1,138,120.17
8036,abd61cfacf62d909a9a6a2d843f3be97a6f629ee,0,1,0,0,46,28,0,18,335,168.41
8037,db655677db3e1332e9443508a3b6c0c596640e2a,1,8,0,0,0,49,0,0,1533,368.23
8038,fc3ee68bb1c0676ae8825c675d0c01e25d36db7b,0,9,0,0,6,1,0,3,1141,278.84
8039,d934cb8fba22855894e260e3e68533b599ac8e43,5,27,1,0,273,81,0,35,5096,1794.34
8040,009e9fe4e9a24ccad949d75d745f9a1d8cf3ae98,0,2,0,0,0,2,0,6,679,1275.51
8041,ae9178fa0f93c67d081a3404c1088f3b2c494cc7,0,1,0,0,3,0,0,1,365,112.71
8042,ae8cef3de2f790c4de834982751f4fc49359ee05,4,9,1,0,44,16,0,22,509,670.83
8043,c6ad421e2b83fe8dc6031ce9716285fdf941d5e0,24,11,3,0,39,14,0,0,2074,1801.12
8044,1878691c317305ae46fa5025d2aa8cb161cd32b5,1,4,0,0,5,0,0,6,295,227.89
8045,181559d5bcad50f919e95c7602057b929553f76b,3,3,0,0,56,154,0,9,276,401.16
8046,8cb89f9790625c0d41779b2297fc944d028aa346,0,3,0,1,3,1,0,1,550,212.51
8047,9597248a41b34e126aac6a807651b1d376dc6de1,2,7,0,1,54,37,0,2,301,514.42
8048,5ee5dbf3dd9e5240ed13c8c3eaff6cca158010b3,3,3,0,0,27,126,0,1,305,324.2
8049,da37daa8ba387435abf6a3bc5629ce7d21a6b017,0,8,0,0,0,0,0,0,2087,282.7
8050,c9ad0a07ef0339ced74057fc17800ca9ab7784c1,0,1,0,0,6,1,0,1,151,116.13
8051,6de6ed48532a31a7ba90338ce7e5c2bc61d0ae11,2,51,0,2,55,81,0,8,6050,1643.47
8052,8bb086d4309352cbf111e6031cd65d7f90dba6bc,0,5,0,0,0,6,0,0,295,93.15
8053,e64d4dbd3e8b02b7070118b007cbfd0433da7b54,0,3,0,0,5,3,0,1,313,146.49
8054,029b9c060ca5b3af03846a06c51d26913564b1f4,0,21,0,0,7,8,0,3,2411,514.19
8055,b946c5e569eeabf90666bbda9c458bca71029a7f,0,3,0,0,25,6,0,0,444,218.76
8056,ccfe9bb87e67e9130686c4f9f36b76d75e061605,2,2,0,0,0,0,0,0,420,125.65
8057,a161606a6e9c7191a8afd8a003c8a46be2350f76,1,3,0,0,7,6,0,2,191,164.74
8058,d2de75e4587b005914eac3489cd96929cde73cfc,0,6,0,0,45,0,0,16,1166,347.44
8059,8561f4cce47bda416d7c09071ea18515ab2c75e1,0,2,0,0,4,0,0,1,274,139.73
8060,7ca0fd783eb2ec01a0011eb891db75d998d635f4,0,1,0,0,22,0,0,4,170,1213.05
8061,217c3122edeed18855e8333efa7e99af3ba304e7,2,3,1,0,15,0,0,23,274,332.09
8062,ca7e87dcc9ddb7e1fc09d742507753a0baaca072,0,1,0,0,3,6,0,0,21,69.16
8063,75d12f967ccef5df3c6c513765bb8db1106a7c87,0,2,0,0,144,0,0,0,176,104.43
8064,d52c0d6f6f9d76b367dc94b0764622d6e9f15c21,0,1,0,0,0,2,0,0,263,78.29
8065,7b4cb5270d94e17867c40a1b3bb7b71cf77cf695,0,2,0,0,34,0,0,1,449,176.32
8066,92a6a223aaf085887a08ed314c6dea38674c0158,0,1,0,0,0,0,0,0,150,36.3
8067,fdce4b2ee0b4127c296f2d1e27fe9ecbbedc1676,0,4,0,0,63,34,0,5,2023,473.13
8068,c2808986c5b5b75a17516e62ed98edb65cf39c73,0,1,0,0,3,0,0,5,121,84.18
8069,9b366045697f80534b8eb2e8b559f02d1452f0cf,0,1,0,0,0,3,0,2,18,71.06
8070,66e0a271ad24277330f1de54db7798a2389a671a,0,0,1,0,0,0,0,0,0,35.68
8071,5dbb6dda8662a1b13314780c34463ba5c7f3c020,0,1,0,0,0,0,0,0,372,54.52
8072,432e48a2e5f8b7045816ea39799156b2d16ea13b,0,1,0,0,0,0,0,0,248,40.5
8073,89cfeaa882f9e68df2bd215563622b48c29a9ec9,1,5,0,0,63,13,0,0,908,349.24
8074,49156e8d6c2cb223e350760ad69d1898d67dacab,0,4,0,0,13,0,0,2,929,340.86
8075,ec28f92ffd042308494d9661a38ab462738611aa,0,12,0,0,50,50,0,25,1494,734.92
8076,918b16a018987822d591b6fd7e33fd937a862e79,0,2,0,0,0,7,0,3,288,108.17
8077,63730b61de3342d3ee4c0d0e3c543d55ab966773,0,2,0,0,25,0,0,4,288,144.87
8078,b3c47961adaa809b0b60a308f1621c60299b2590,0,1,0,0,0,3,0,4,140,84.34
8079,a49587a6e9e1500e55e6bad8510791f5ec01c216,0,1,0,0,0,3,0,0,157,60.8
8080,b230bf0e3883ee2dba47e22e781009aa9d0f000e,0,6,0,0,22,0,0,0,1211,1371.02
8081,93c7a9b224e8eb498d683fedd2eea2ef31e91a98,0,1,0,0,1,0,0,0,170,59.06
8082,a3bc2bdc6fcf73fb4e9d3b72aeb5226bc9042658,0,2,0,0,31,0,0,2,248,146.12
8083,1b20090f93eb61b61ced91b93ce56d86c0537600,0,1,0,0,0,0,0,0,209,32.0
8084,579807d700141025123dfc01668a055e5adcf210,0,1,0,0,2,0,0,0,142,53.96
8085,390e451f77d874b3255b20e0ea164d6743190aa2,0,3,0,0,62,2,0,6,453,204.4
8086,382dd0644f17f99bd189cd5a4a1faa1532b913e3,0,1,0,0,0,0,0,0,217,33.43
8087,f45b7f7ff27df019e9045895e718fa112d12139c,17,35,11,3,315,174,0,119,5789,3296.52
8088,2fd2ccb65fb213f251425265b6319b1e740a471a,0,1,0,0,0,0,0,0,43,18.2
8089,79b38f8f9a79b917d525842cf46087c5b8c40f3d,7,32,0,0,121,70,0,23,4015,1675.27
8090,cfd0206b39b08691b832ea6324e02a5bd3a1533e,0,1,0,0,0,0,0,0,58,15.94
8091,a9b5579b397b6c56e44e21ebb8b2a6a7e6d8b2d1,0,3,0,0,44,1,0,10,798,284.11
8092,e236680f14ebbaf97243dc15718aad93b68b584a,1,9,0,3,45,48,0,4,1121,532.65
8093,6022225a2b8ddbff7dc0bea9d5ecd55ce0031a9f,0,2,0,0,3,3,0,1,89,109.67
8094,695bc56a9e20b9d86eea14a02899b400d324a7ea,12,16,7,0,267,83,0,10,1007,1621.4
8095,710db671aa5bbee89cb1d969e8ea771488b947d0,4,2,0,0,17,30,0,13,274,362.45
8096,53e6657658bc750b78c32e91fa7e2c02e8c54e33,0,3,0,0,11,9,0,6,916,315.08
8097,dc7d81c9c0fdf33b97cdc467e5af064b2097c9de,1,13,1,0,23,172,0,1,459,412.55
8098,3c4e59a7f78deeaccf41022e92699e1ef7510cc3,1,2,0,0,50,9,0,8,395,256.0
8099,fc49801d4723413d3a09ecb85d60d39078056c68,2,1,12,0,0,0,0,0,257,592.6
8100,88ea996dda16e340488a2d9f7516bf8337edefdd,31,8,0,5,77,87,0,3,165,3242.25
8101,42ada8ad9ca28f94d0a0355658330198bbc2b577,5,1,3,0,0,6,0,0,200,534.93
8102,b74594c488e4c5428c5391b89c32ae6fd7d98a79,1,2,0,0,7,0,0,1,124,139.09
8103,9e87e2030d5a8232b80e6dbb93166fb9ac9ecb53,0,4,0,0,6,0,0,5,477,240.38
8104,abfdc1a2d649029d9f8a22c8d4880dc5068149c8,0,12,0,0,41,181,0,6,859,575.32
8105,7953a2efea6aaa745ace7843770d12986f798b6d,0,1,0,0,5,0,0,5,90,80.45
8106,8f467c1e9727d5a86d38d0b49753c534a1a161da,6,1,0,1,0,0,0,0,23,312.79
8107,2ec72123e347e684ac40a1e1111a79a11211aadb,0,1,0,0,26,0,0,12,619,154.45
8108,a154dd5be8540d20117ccdd9462434ff6ac02b46,0,1,0,0,0,0,0,0,86,20.81
8109,01378d06215d6e00b78c4ed40b4b8a2c5c9db129,0,4,0,0,70,0,0,5,229,193.65
8110,2fbbf8ee662647c71581f5cd989226be820fed0f,1,2,0,0,15,6,0,0,209,183.95
8111,740f2fbf2e65fa988c6a577989ccd8923729be45,0,1,0,0,20,2,0,2,114,129.44
8112,a457a355db94c1aa259d1e92dcec8abf17cd84ba,10,5,0,0,42,18,0,0,277,571.21
8113,f1ac0f2797419d5d72659622234f32159cf74dc7,7,13,2,0,97,195,0,27,2342,1194.01
8114,abbb89059f2a83705f41e405da14073800fb1870,0,10,0,5,27,7,0,2,502,450.86
8115,5c43d2b8ab6a1240d4692093cfa3d4b4abf2a864,0,1,0,0,0,0,0,0,10,9.27
8116,def2aed5c75b5a00815186d3343e66cb1dc01ac0,0,2,0,0,3,0,0,3,3305,490.32
8117,d850fdec9f69d371a49d3fa40a26aee7759376be,0,1,0,0,1,3,0,5,168,116.83
8118,c2e0e240970b09af68d0fc834f691a671e8b8fd2,0,1,0,0,0,0,0,0,303,44.09
8119,ab9bd87e521d19db7c7d783268a3532d2e876a5d,9,3,0,0,14,4,0,0,227,534.88
8120,3f0b9fee5185fcc7200179459bed31fb4bd08bbf,1,9,0,0,126,18,0,0,1699,1594.42
8121,9d24432d086aa816ef35ef9c1f11f6ac6cd0a5cd,0,1,0,0,0,5,0,0,31,45.61
8122,28cc0720c2a4826a2eb25142177de263d62fb709,3,4,0,1,23,0,0,0,89,233.54
8123,09fbfdfa76b068fcc8de249fe7cdcd01fd1f350e,0,2,0,0,2,7,0,1,101,135.47
8124,0e5ac4d791a8e35b3e65836bd08c8f96fd900e0b,0,9,0,0,50,35,0,3,292,507.22
8125,4db63c0379fc1e0d8aab573d3d9d6dfa68074d76,0,4,0,0,50,32,0,10,572,353.58
8126,1632681e41cbc1092a6b4d47a58adfffba6af5d4,0,3,0,0,18,1,0,0,226,107.25
8127,30c4bc847ade8cf0ae5c3ef6a6f8debdf72ddd61,0,22,0,0,337,220,0,28,1756,1198.03
8128,ca0fa96bfacdc3a3a9e149b68c282c19fea2e2db,0,1,0,0,8,8,0,0,997,206.04
8129,a502f82777acc825aaea4de22ece6b4d247260b9,0,4,0,0,35,25,0,1,263,234.72
8130,f247598982fd82aeb2c609434cf875daef3ffabb,0,1,0,0,0,0,0,0,194,33.99
8131,e2960949bf84534978cb0be9f1a53cd783b43001,10,4,0,0,15,0,0,2,455,631.81
8132,fefe866bad47b1c4a2f92eded19bc7a5059f1277,4,4,0,0,11,0,0,0,148,288.06
8133,7a912e603a040acfc46d394e86794b2c031298cb,0,1,0,0,4,0,0,7,72,75.25
8134,548e9ed55efaf9eb22c5f3031558f0371df0d08c,0,4,0,0,0,8,0,0,36,124.43
8135,01cf808ee863f4b0f429f20ba05fd2e322842e48,15,0,0,0,0,0,0,0,0,748.19
8136,fb4eb93c7dd5f80a9f53dedb6ceb4fd412dabb04,0,5,0,0,0,0,0,0,500,97.79
8137,a72b55ea296efb46e01558c70990064631d2aceb,0,2,0,0,0,0,0,0,314,40.53
8138,49855044b1d472bc75bbf208970e11bf92d1165e,0,1,0,0,0,0,0,0,136,32.02
8139,5be27a23d3244430314e5ef6165cf82867173695,0,1,0,0,1,1,0,13,48,98.42
8140,9d238e1a170a96c311b0dafa92f572c2d97bbcad,3,4,0,0,11,5,0,11,243,1456.49
8141,a4b4cb70a5a26acd31294041c8a15479e69ef3bc,1,4,1,1,0,0,0,0,428,145.09
8142,8db5ca6b0da13f7bd8dab3edee127c50cf26109b,0,3,0,0,17,22,0,13,1174,268.75
8143,a88d6efc5d2280367e27c3df46451bd161a4d100,0,1,0,0,0,0,0,0,158,32.83
8144,6bba0e77ed0d98b8de24f457605b82c69980a0d4,0,1,0,0,0,0,0,0,191,33.88
8145,7a91f30711473d670173107d7517c9b5acaa9d3f,0,1,0,1,7,0,0,22,171,157.01
8146,64feb4e7e86ffd2d1b57b27b287b1d261abd065d,0,3,0,0,2,0,0,1,60,114.27
8147,0bbc91eb1b23fa535e28fa8403f8040db46ebf98,19,1,0,0,0,0,0,0,0,895.2
8148,9e0a4b5403bb2a5cc98502dd9ce0c576a915c31b,0,1,0,0,3,0,0,27,443,121.84
8149,0cb7706dad74133652983a132d70ba4ded4aff9b,0,2,0,0,0,0,0,0,0,25.0
8150,b56c75ca375049b1d2c80d2d0945ae1ae04eb39e,12,14,2,0,99,147,0,8,691,1246.13
8151,b9a916afee65913c113cf4f6fdf314576644eb19,0,4,0,0,18,1,0,16,204,236.52
8152,6a56e48c78caecda84d0995f67bf92dad37b1791,1,2,0,0,6,0,0,12,161,147.6
8153,48e724fed60d10a11e3cc39e9c6e964002a926b3,0,2,0,0,31,0,0,7,882,223.9
8154,d6c069d2c6e933ce1f4e112972eec7cbec82c8fa,0,1,0,0,1,1,0,8,132,107.36
8155,a20fd1d51ba9449f05b96b00e0580f937329bd47,5,18,13,1,169,276,0,55,2458,1998.77
8156,e984168e2eca59c08da90bd5feeac458eaa91bed,1,3,0,0,18,11,0,2,652,274.63
8157,85a68286840ff5684b344bf807c206cc81feb968,0,1,0,0,6,0,0,0,151,61.7
8158,6bdec86e31d82d7c38d2509a039a1a03ab9f246e,0,4,0,0,12,2,0,3,345,248.25
8159,44ed5ef0fc1c221f3916ab5126f1bc8ee5dfb45d,0,1,0,0,0,0,0,0,150,27.83
8160,690ab2c311c703922b3d18eec177e09e1688dca8,0,26,1,0,71,36,0,35,2954,2521.35
8161,d309e61e2bae170872b43cf60bd2fd9fef77814c,3,4,0,1,31,192,0,44,548,520.46
8162,d1a305e8b9a9277d9f7722fc53358642c4c0a7cf,0,1,0,0,3,0,0,0,30,47.25
8163,6fcc1e9a868ff3ce2bd0376b6b3493a08c7b604c,0,22,0,0,101,84,0,14,877,668.65
8164,48791c1ea538727a83ac39613a07c0e6214a8b1d,0,1,0,0,0,0,0,0,50,18.26
8165,66b1f854a0250bdd048808d40f93aa2990476841,9,0,0,0,0,0,0,0,0,448.09
8166,404eda81753788cda619abf3f42ded6ea5cf4f66,1,0,0,0,0,0,0,0,0,43.99
8167,9e348d32c5182ea0a3c2b0dfd03560806b029d9d,0,8,0,0,0,6,0,0,661,163.24
8168,0b4947b6142f813d2f1e0e662d0fefdecca0e382,0,2,0,0,22,38,0,4,77,175.2
8169,f60aa6e72ca860bb30730472c0c7db8fef500e5c,0,1,0,0,0,1,0,2,47,66.77
8170,9afda733a90a72be75ced9567452c6a7a5e3dc8c,0,2,0,0,0,36,0,6,424,151.45
8171,b47ded30e333a84481d1d6174bb7f203c44ed77e,0,1,0,0,0,0,0,0,180,36.47
8172,3422ee8b43b4512a5654b670c915c3642dce96e5,0,1,0,0,3,0,0,5,454,120.61
8173,88572dd3821cce33066e226a3d33bc8b073e2109,0,1,0,0,11,3,0,0,303,103.32
8174,b1391a09d52f039c5061c1ead52d536c6c0e64da,0,1,0,0,0,0,0,0,457,76.46
8175,d2bd39e361c53da99ae7383a51695cc896ec2bbe,0,1,0,0,27,10,0,7,177,122.03
8176,57b3cde863922094be4f395063317e42349aedb3,14,13,2,0,38,1,0,3,165,1021.02
8177,01adb69e1a43b81d545abfea25393d5fab8f86a7,1,0,0,0,0,0,0,0,0,55.07
8178,73088749e6377ad40bfed3a9da1b306bfbc4c2f4,0,1,0,0,2,0,0,0,157,58.62
8179,7be07871c23b56547add4cd85e15b95c757f882b,3,3,0,0,8,7,0,0,91,250.48
8180,4c4e3d66c9635e523c8ab1539f635ef1dbb24e61,0,1,0,0,0,0,0,0,27,1092.36
8181,a1d5fb37926eecdf11ecbe821a67ec46c0215e8c,1,3,0,0,9,0,0,2,29,148.19
8182,58ca87aaeb910dd0d3cf28b9a65e81b9af455690,0,1,0,0,19,13,0,3,96,114.12
8183,0244ac8956b099741ea52034ff214a9e1579dc59,0,4,0,0,88,16,0,12,304,228.66
8184,22b9a8d785b753fd6ae7ee705ed7f5ac25f57a24,0,4,0,0,9,0,0,5,114,213.35
8185,0d6040b1f44e3884b97e8eaef063c25a663c52cc,0,5,0,3,3,2,0,0,165,211.56
8186,02fa213eb104461e4438587c0cbad132e6e844b1,0,1,0,0,0,0,0,0,235,37.88
8187,abbd6b02d743486f3c0c1336139dd6b3edd20840,1,18,1,0,165,150,0,5,648,783.12
8188,4d7cec1880074782409887ac4143196c0623ba29,0,1,0,0,0,0,0,0,97,27.35
8189,dd4b3d1fd3de9c64d077c67bcf740ba347e81a3a,0,5,0,0,17,28,0,10,412,292.7
8190,6ac014504a39d0b2d5b9b4c6681a76edd03d203b,0,1,0,0,1,0,0,3,16,71.53
8191,7f01a4fcfe52689ee9e9bbcf4ae50a5b924ae683,1,10,1,0,10,11,0,2,441,241.32
8192,ad7fd648223a85b3da973e64a1a3cb24a88796fd,2,4,2,0,0,0,0,0,511,263.54
8193,628b71dfabe72a99eb6d54994fc870abed1f0268,0,25,0,0,55,12,0,4,566,444.01
8194,9d273a3fcda4033e1a385c0ff0c4a2b7ad640721,2,20,0,1,295,88,0,109,5223,1744.39
8195,975c85eda7bd2c07f35e45cd17005793ab4fa851,0,1,0,0,0,0,0,0,0,11.58
8196,eb3a1741032795ab8db76b40c3614820a2529166,1,0,0,0,0,0,0,0,0,580.49
8197,c85af4aa1afb91e7aeac1d29d3c69b3f575e4eff,0,23,0,2,18,0,0,19,2891,967.33
8198,859fc6f392bf62badffe9125e995bb7d6002b737,0,3,0,0,1,3,0,0,191,119.73
8199,5b1500d4fe39a44bfaa03b27216627e3caf55240,0,3,0,0,65,34,0,8,846,396.04
8200,a278d5930670bfb58bd06109f468aa7f75c6aee0,0,1,0,0,28,7,0,4,89,1309.95
8201,bf6db7d2483561b7fc5d7f9484acfcfa6c5c67c2,1,1,0,0,4,42,0,3,22,274.64
8202,1b0baa162bd87efd69040eb787de8d6624f14c85,5,17,5,0,160,107,0,14,977,1359.27
8203,6aaf5ed897d6b14241957b1fdc98009e5bec05d7,0,1,0,0,6,0,0,0,27,87.59
8204,23161ee91391fae4734a6f2f56e95e00d5d298ec,0,1,0,0,9,9,0,0,94,103.85
8205,c8210d8648d7fb489719f4490ba490c627b5b616,0,1,0,0,0,0,0,0,304,54.82
8206,ed61c3a46b074abdb1c33606aa464a70e46a4dc8,0,6,0,0,24,0,0,8,670,321.49
8207,c489f77dfd89cc1ee27165cf4cd3d0d99722a062,0,1,0,0,0,3,0,0,256,80.62
8208,b3df1f963d25e7b7b6109d643090c2dff624ab2f,1,1,0,0,0,0,0,0,0,65.01
8209,fb1384c4993106b79dee561de6945556b179d473,0,1,0,0,0,1,0,6,38,73.24
8210,1fb0636830bedadd59bb21d00e24801c6ca86124,0,1,0,1,1,1,0,0,17,94.08
8211,fffd2e8c5c1eeaaae90eaef56cd577c631f2091b,2,3,0,0,9,20,0,1,1194,413.37
8212,852502b7d51f91c6f9c3479424516d0b9ae255e5,0,3,0,0,33,0,0,9,236,226.29
8213,398f464f201e3a16e9a14daf2fcf0687dc2c6cc1,0,1,0,0,0,0,0,0,256,52.47
8214,c2b8c1f1a77bba454ee16ce5c733690205220eef,0,1,0,0,1,0,0,0,235,73.09
8215,50d076ab6ad325907690a2c115ee2cb1c45775c9,0,3,0,0,163,26,0,6,154,257.1
8216,37dc2944600ffcfe2a2be35fddc968865068e93c,0,1,0,0,35,0,0,0,158,92.55
8217,739ce57ea620a94741fdba90cc8b8319fe76f75d,0,1,0,0,3,0,0,17,297,152.4
8218,0d623ca4a683a7cb16a1ddd7cf23db9ec5d3a693,1,0,0,0,0,0,0,0,0,86.2
8219,ce96c409148d1a9bc40f581e13900818b5f11f6a,4,28,1,0,451,102,0,14,2444,1986.1
8220,93fa1dc4dccb00a1d630e6f152f2a0f21d3547f3,0,3,0,0,94,0,0,0,1068,1519.98
8221,cb141940821bcf62f4102dfd5c76aff99d0c15d1,0,0,0,0,0,0,0,0,0,32.59
8222,9ad932c52056d0ed7e96e1c385403a529e6a8edb,0,8,0,0,289,122,0,7,722,701.41
8223,bda07fc1f709f20ce5c3d52df36944e21b869b52,0,3,0,0,0,10,0,1,463,196.47
8224,c7ddb0a6cd4edfbf95471950c497e2592d4fdf8f,0,3,0,0,99,49,0,37,729,354.77
8225,7eb41f33fbce8da52cbba160f0ecff6fe96f124b,2,2,0,0,14,0,0,1,35,221.25
8226,3f40783f48a6ccef9c609ac8204437e00033b76c,0,1,0,0,29,1,0,4,72,130.01
8227,160dc56fdf061a208e7b7be54d836c0b580e044f,0,10,0,2,9,70,0,5,757,549.65
8228,9d67afbb84736ee8c28ec1bd69eef8ddff4754f0,6,2,2,0,3,182,0,4,938,628.67
8229,b535fab4c4529a15e50174a30c3743275cedaab4,0,4,0,0,213,1,0,5,1249,421.22
8230,73bf45ab4802ca396ce7e3a0393bb999642a3d4a,0,5,0,0,25,0,0,1,450,245.93
8231,2dd289f3f3e91b9747908d282e075b8acac32fbe,0,2,0,0,0,0,0,0,37,20.6
8232,4d6915f346e2ec18c37009c842d949f3fafe4252,0,1,0,0,0,22,0,0,69,55.31
8233,600423b96d485b962a10682b9c336c35df8fbec9,0,1,0,0,0,0,0,0,159,30.35
8234,f93333f82efea783b0adb1eb063e434229f21895,0,1,0,0,0,0,0,0,367,96.89
8235,06dffc3287c8b1c00d052081ccc22846983beb13,0,1,0,0,0,0,0,0,429,63.58
8236,c5f9ea2753c7e673dd887a67c9b770bec2f400cf,0,1,0,0,0,0,0,0,107,28.59
8237,aba02eb3fcc4472c3d5f5a0f527960d79c659c31,4,5,0,1,34,562,0,15,1224,732.65
8238,c1a5ff2743ba88627f1f2873f58a6c840fa543ae,0,1,0,0,0,0,0,0,3,21.67
8239,a9ab4207fc289c8d0610766a28bdfc81b62e99f5,0,1,0,0,0,0,0,0,3,15.96
8240,15e137ec64b6d86ea67a65880c6f4ffb2c24afbd,0,5,0,1,38,5,0,64,2013,1717.36
8241,4607b2e6b6a5d9b3286bc5a0745fa91c9e657876,0,1,0,0,1,0,0,1,69,79.27
8242,a442eb6c0388558c6fb2e5e616cd1cd15038b95c,0,3,0,0,0,0,0,0,160,45.52
8243,30e8edb82f4be320e9ef9894874ffe9bddc5e4f7,0,3,0,0,19,0,0,1,69,158.5
8244,f803280bb933d968976e79b9efb5953bed308d96,4,13,3,0,380,422,0,15,4591,1559.25
8245,35ed5fb6ed2286dc5e8b0f0c8c5192f7588f30cb,0,1,0,0,0,0,0,0,3,14.21
8246,80b2a6a9713b6ddb3bedcf3f762ab8912d950d7e,1,2,0,1,12,47,0,0,399,253.24
8247,6fdeb5da4ea4a59468946c65363a9f5e02dffe00,0,5,0,0,0,0,0,0,500,90.49
8248,e307f9217d8a009e471f3cd203cf2247073776b7,0,2,0,0,0,0,0,0,308,59.84
8249,18ff4ab8e55d76522f835cc683f57252b3f742bc,0,12,0,0,391,55,0,44,1314,1023.34
8250,c3277c557aa423e7f5dd83d18b74082bf6c2bc24,8,0,0,0,0,0,0,0,0,543.75
8251,347482c752e3c693f8a7066d33ee485719e383e0,0,3,0,1,11,0,0,2,117,213.8
8252,e1798fd857f81337e7521ad284ee31e58c5d2be5,4,3,0,0,0,0,0,0,152,263.16
8253,7fb32dce7807e77c68a003986a38bacb8b89bfc1,0,1,0,0,3,0,0,0,151,66.05
8254,c3a74a12a063129367945e0ca1fa60535f5ca8c9,0,2,0,0,0,0,0,0,545,87.43
8255,a40a659259882bef3e0f3c5b4356a731ab52a394,0,10,0,0,76,23,0,23,737,516.01
8256,529288dfac1fb82b3c15d5acaeec2e54676a930d,0,3,0,0,9,0,0,2,142,124.39
8257,10f9f1d431dbf047ea14130d9fb7fdd4f78178fc,10,1,0,0,11,0,0,0,42,652.91
8258,a96277090358d2237aab7426ebde7fdf1eaccbe4,6,10,0,0,25,16,0,1,457,543.85
8259,dfbf32ba66730388110316fe10e48edf28c83214,0,1,0,0,7,15,0,0,28,73.35
8260,741aa43e2c72dc93762ad8ab0ee6781bda181f05,0,1,0,0,4,0,0,15,230,1180.12
8261,d59313665476ab98de2016994fd72ddd8d45b76e,0,7,0,0,33,6,0,1,362,362.51
8262,fa3fba5cd3ab0acaed2537090e549e7ab70d8613,0,4,0,0,3,0,0,0,219,269.44
8263,05b11f9e74ca4c7e562d92eeff69fab8b88c6ee8,0,1,0,0,30,1,0,4,80,124.8
8264,7ee79d930a44ca216e42ce2438cd62ced1c5be67,0,1,0,0,0,0,0,0,106,37.6
8265,2b6beedc1cfc7327cd8817a36064364e09e427cb,0,1,0,0,4,6,0,4,263,207.68
8266,ebceca1f3955c7c3271b83da25621c03e5b7844d,0,8,0,0,0,0,0,0,1184,228.87
8267,4cd3311421e88fa677bae8b946f40b897e1ed2e7,0,1,0,0,0,0,0,0,206,33.2
8268,a0b668555f5ee407d3cdbc42113cc28f019fc318,2,11,0,0,80,162,0,11,1210,1347.96
8269,07bb90d0e6166cda644af555870c483acd5c2390,0,1,0,0,0,0,0,0,149,28.91
8270,70e1a5e6f9d85a84c251a5f66712c87944e52899,0,5,0,0,1,38,0,7,842,324.81
8271,a20335147a17ada546d3ebc269af1d17b973799c,0,1,0,0,33,0,0,2,117,98.64
8272,7ae291c1ab3a394998aa08b1047726897aad45d4,0,1,0,0,1,0,0,0,40,42.21
8273,c395e896e5eb69a8255c372ea656483b05c8f94d,1,3,0,0,7,24,0,3,676,278.03
8274,2e2299db76ccb5fec2c3aef5900e4a5e46921ec2,0,1,0,0,0,2,0,9,298,108.69
8275,3bad7aa394f9fa5f810e16aae0cfdd1fe1ea1553,0,2,0,0,20,5,0,20,109,175.06
8276,93ac95866e4473982a89e563d58ef0e374b3c0ba,1,3,0,0,6,0,0,1,255,208.3
8277,79c341209b90a3cf35f7026d67aa6ddbe02c2c40,0,2,0,0,0,5,0,0,196,81.17
8278,14ae6e5df54d0855e414270c5c107839d0ee1c76,2,8,0,1,139,1,0,14,889,621.8
8279,e59c883b2bd01eb5eb6b9c1db05006ec737bfd4f,0,1,0,0,0,0,0,0,542,81.76
8280,3fd6587208a16940eab327ed37fa4e23d0b7eb62,0,20,2,0,46,385,0,18,1960,1738.52
8281,771277b42427d55b52a28d5893c71c3b8de97807,2,14,0,0,202,25,0,32,2226,1265.34
8282,669eb5f7c3bb877ede08960d58279d4bc5503b0d,1,14,0,0,232,62,0,16,1104,846.64
8283,b0e5642c93e90e31b160dbcd3b93ee0b71757c36,3,0,0,0,0,0,0,0,0,480.19
8284,92b914c560ca59ee26051db134d29f8139c3144c,0,1,0,0,0,0,0,0,27,17.82
8285,cc101de77fee1962907daf2b9f78c5c5a105bfc5,24,0,19,0,0,0,0,0,0,1648.05
8286,9068fbe4f38b8866148986fa48e14d8d2e7e7100,0,5,0,1,0,0,0,0,298,85.54
8287,90ada01a3ebd1039feb150c48771903aa8e98eab,0,8,0,1,122,14,0,15,616,507.42
8288,55edc921a55a2830aefe6e30da6281b6dd6537dc,0,1,0,0,0,0,0,0,180,38.57
8289,d2e46762f88f2cabdc48178dffe342c7e8a1d410,0,1,0,0,0,0,0,0,59,16.33
8290,01031ad2daad4d02006c527b122856118dd21434,6,8,0,5,143,113,0,2,397,929.01
8291,2cd4ff4a61424e6ff5a9a579b0d0b0ae0fd1a7cc,0,1,0,0,0,0,0,0,87,30.36
8292,260f7895e0c88180e7c411388dd4f90c36ae4022,1,10,0,0,78,113,0,2,2509,769.46
8293,484dd31a785598a8fe20d302aac52f83c7cf8c24,0,1,0,0,18,0,0,0,368,99.79
8294,1a5dea611c15083b4acfe2c937fffbdc00c620a3,0,1,0,0,0,0,0,0,386,77.75
8295,0eb9a29adc85286c083d1839eae5f78a17ab76d3,0,0,0,0,0,0,0,0,0,5.28
8296,a8964acb54e755761054a0efa73a7a7ddd6a53d9,2,3,0,0,15,0,0,1,714,320.63
8297,4573d48008d3b19fa7e90ada7d2783ed02ba71d0,0,12,0,0,137,29,0,6,2092,723.11
8298,d216dc9803750050e8c9d369ad468c5125119407,0,1,0,0,0,0,0,0,137,25.07
8299,b0522e37181f8485610fd37dda9fc45858b6429e,0,4,0,1,21,6,0,6,359,280.8
8300,b50a19b37a150b121d5c0db41c9db31ae8848424,0,2,0,0,5,0,0,2,195,1223.58
8301,78141f749c5e61752f80eb56ffe1cc055c2386a1,2,0,1,0,0,0,0,0,0,172.38
8302,1a94c2094b8045a717a92e232f9891b23120e0f2,0,1,0,0,6,0,0,2,58,73.72
8303,82c0db7e52586f501b905b67fa1297a9fb610e40,0,8,0,2,0,0,0,0,310,86.24
8304,b53a333c1701fb616c9e0adb36b44cfbd0af7a4c,0,1,0,1,0,0,0,0,39,40.98
8305,e5ff2de8b81243739dde82969ede9bcd71cd773b,0,2,0,0,0,0,0,0,356,60.29
8306,2c2aafddc1861c0a6b52b436352d5bd84e3ccd37,0,1,0,0,2,0,0,0,97,53.05
8307,2dbd41354dc85b68754cad1777f733ca070eea9a,1,1,0,0,1,0,0,3,72,123.12
8308,d393a713adc87f73572a23389eef9cf25e8d644c,0,1,0,0,0,0,0,0,429,62.42
8309,bb562c242d8b01af3b54696ee9bb81d03fdeb66a,0,1,0,0,0,0,0,0,16,11.38
8310,0cf776be4483e7f939de0a7f2b1fe3263a14c6fb,0,1,0,0,3,8,0,2,152,117.8
8311,20b932639741c71a222b85b21f675ce734695f32,4,2,0,0,0,0,0,0,27,122.52
8312,f04af47a56a337f4d7d4ca6b914b3c0f62b4908d,0,2,0,0,6,0,0,5,56,150.43
8313,2c53a175228be3f1b840a45504cc69de18e84df8,0,1,0,0,25,37,0,0,15,72.42
8314,7ec9b98c6fa570966d119e2822e1df9f4e1528c7,1,3,0,0,6,4,0,2,31,165.85
8315,f9f80a2c12e85dda491c70e5dc8caa751680312a,0,1,0,0,0,0,0,0,3,14.06
8316,a97e2f7bbaf338d455218158696f997172772eca,0,0,1,0,0,0,0,0,0,35.83
8317,91f8fe831c6af21928fceb3a13d87c9ed5019981,1,3,0,0,25,0,0,5,296,234.64
8318,d62132278e57424ada08d3c11de9747ccb17b46c,0,1,0,0,0,0,0,0,3,13.46
8319,3e5d07ca349a7b010bc47d1cce9b9ad3208f55a6,0,6,0,1,143,16,0,9,796,589.73
8320,fbe816e9700818252aa9462f18d99de00f54b446,0,1,0,0,0,0,0,0,14,1108.97
8321,230fd17f5b271a9e5bdb84ce8a8d360cf407c244,0,1,0,0,0,3,0,3,34,73.46
8322,5f8d91faeb9b2ab8feb919c717935065b473546c,0,3,0,0,16,0,0,7,382,155.32
8323,bdbd11da9fa8357d924f88d710f0dbfa2c829d3b,0,1,0,0,3,0,0,1,88,81.32
8324,a7a06b05bb714cd212f3c672a5b886a5ee82a705,0,2,0,0,5,7,0,0,519,175.99
8325,2dd8116c0527d58396521da7cc5388079b5f7f81,0,13,0,3,54,55,0,20,1496,838.98
8326,6f1fbd207c6883ca17b131ae83871a7034ccd6f9,1,0,0,0,0,0,0,0,0,48.04
8327,e7ac3ba7dfcb90c21025def2bf4112b108d21afd,0,4,0,0,2,30,0,10,637,276.56
8328,2e21582224ca32f51272abadc901db753b89d199,0,4,0,0,21,0,0,4,176,195.01
8329,0315f2066c0b56a7ebfe1e8cd8c8b2eca9acca9c,0,4,0,1,29,5,0,4,394,257.67
8330,4942b957dc382a5f7c3c52efd308728b0fafcdeb,0,3,0,1,11,13,0,0,542,234.45
8331,6feabbcd28adde4dd29754bcee2e72f45d3c9036,0,3,0,0,20,6,0,2,350,220.68
8332,a9e5f70515a3cbad7e776b9248e841f6c81c9b7a,0,2,0,0,31,29,0,2,387,248.3
8333,ac97d46ea4586e41ee8606b5c6b6ab6640f6a05a,0,2,1,0,0,11,0,8,116,122.0
8334,a5e1d407c6f8694f0b61febc651a603b175c0fe7,0,29,0,1,122,44,0,31,2291,883.41
8335,bbb8b0a10f4f48c47ffbeb325c7e3ce0203a552f,0,1,0,0,0,0,0,3,319,72.97
8336,213e085cc75174e458a35e669059aa142e971d6b,0,4,0,0,5,0,0,4,956,255.33
8337,51f53d8aeb7b9b4db8f3f4dde0c0f6ab6b626d2f,0,2,0,0,4,7,0,2,123,146.25
8338,9d2b74bf502cac3274cd6f2dc72db56c056ff92b,0,1,0,0,11,0,0,1,110,86.16
8339,f1718cfd2e33c2d2e91636d55d72880327fe9fe0,0,1,0,0,0,0,0,0,388,76.6
8340,d9c49c17491a0a18eb267fa476c98e5359a560a6,0,1,0,0,1,0,0,0,78,1174.61
8341,b728253a7af6b51f6b749016cacc6e2e60f94cc8,0,1,0,0,0,25,0,0,256,69.49
8342,9c4c138a2db7ab84733482d9ba9508b30056843d,0,8,0,0,13,0,0,6,435,304.59
8343,48931c1e74ff1078e1f9062fab4b2a6085253b7b,0,2,0,0,0,0,0,0,149,32.98
8344,6c4983e7b094358538c53c088dac830d86231973,0,1,1,0,0,0,0,0,28,43.01
8345,6f113cf058c15b3fe70ac116e768519995a5c477,3,4,2,0,0,0,0,0,107,253.02
8346,ac35710218492e38e8a6f524e675e90f94b88012,0,1,0,1,0,2,0,0,14,58.47
8347,89ddffee2ab396b0beaadc694ab1f765852c8f64,0,5,0,0,1,10,0,0,469,152.44
8348,199f1758e9bdbdc316ec7168791a8e95373159a6,0,5,0,0,75,10,0,45,680,379.89
8349,809ad3585237a8ca406ae1a0907ea6e3a3ba4f76,2,4,0,0,9,0,0,7,156,335.36
8350,d18fd222cba3dcca90f326398dc9ae37b6267610,0,1,0,0,0,0,0,0,27,21.98
8351,b821e569fabd2fbf29052f5b727e82dbb8e476ab,0,1,0,0,4,0,0,1,165,89.36
8352,3bc7bc2e80af1e277ffb4906e6aca416a9de954b,2,5,0,0,36,6,0,0,183,314.42
8353,8d842e39d4b2ba3a196cb508b4637e3432fc8efc,0,1,0,0,5,87,0,10,566,210.95
8354,72d522efeef956cadeb8fe53778985855f8ee738,1,2,0,0,0,144,0,0,191,158.95
8355,c15ba1cd5a97ced3bb6411d588c3fb68df8a2869,0,1,0,0,9,4,0,6,131,114.64
8356,e58cc14db007123c6325c7e51291650da69a4ca2,0,1,0,0,0,0,0,0,107,23.65
8357,324d7bed226cb707512879842c33788f7f715ff2,0,3,0,0,7,1,0,3,255,179.65
8358,ab3aabfac58ccea97ae12f9fdf9b0f11f6a39f97,0,1,0,0,0,0,0,0,46,18.24
8359,f6a14c02d898b881903e62ed847bf595beaea7cd,0,1,0,0,18,13,0,1,20,103.17
8360,5d291961604be26f8be1228e2bf68ab39eec30ed,0,2,0,0,15,4,0,0,156,1215.06
8361,6522f17217e5f81829e5e51c39837bc3ce6b5ff4,0,6,0,0,8,12,0,5,1027,572.55
8362,d018eedf4b8ef49c4943cd2d4c47b53a56640812,0,3,0,0,6,6,0,0,67,95.25
8363,116347ea179bdcf0a8eb33581c744143374057a0,0,2,0,0,7,0,0,0,376,140.18
8364,f1511a3602690f2c44d4feb78b8961e31d345326,0,1,0,1,0,0,0,0,16,32.31
8365,542e8cc22290984b4b2e32577430ceb82dd82fde,0,3,0,0,3,63,0,5,850,219.9
8366,c6ecfe2bfee5002b16d723a352cef12f2b51dd9e,1,4,2,0,74,115,0,75,1663,687.46
8367,cbed19c45f83e739c316fd011ce5334ed44712f2,0,10,0,0,77,82,0,15,2156,864.76
8368,c34b62d55a6e1494d47316cb4c09192b6a87b399,2,8,0,1,32,1,0,3,431,489.24
8369,914dffb8cec9a1c4b3012817109f767c1e87aa51,1,8,0,0,123,101,0,26,577,668.62
8370,fb50658c27ebbd14f9d240165e6b47f5229dddd4,0,1,0,0,65,3,0,12,339,149.94
8371,0c95396c05839447a75af6020896ed4733d1c5a7,0,1,0,0,91,17,0,35,554,204.06
8372,b0ba980caed9f26095bc8134bbe581635bb98dde,0,1,0,0,2,2,0,8,41,112.18
8373,c839b1a04c389db816fad0194eb63a5220ee5351,0,6,0,3,14,0,0,2,677,348.53
8374,e6639901e21ddae7a64d9ea3208d980424bd0ebf,0,2,0,0,0,0,0,0,530,95.72
8375,fd9b5de41eb9935c7ff1350f3b6e5d818104c677,0,9,0,0,12,66,0,17,1202,459.65
8376,f2585d0baf0a21d6a04b61781c74b7081d077dda,0,7,0,0,38,3,0,5,395,303.53
8377,a8434d686473a088a876967dc2fe9b5dee0e3169,0,9,0,1,7,42,0,22,1236,619.34
8378,ff97d1cb3efbac4f47abc0a38bac932a55fc1288,0,4,0,1,36,35,0,18,304,294.51
8379,26d9a7eb8cd01b9e1105b7b3a5a2909c3c1ad630,0,3,0,0,33,52,0,8,590,306.1
8380,1fcbc9f816460b1a159fd79b4c9bcf83327d79c3,17,10,1,0,26,109,0,3,325,2387.31
8381,93b042da45a0bbf418e7df96059fe36eb4f18b9e,0,4,0,0,11,38,0,37,411,348.93
8382,9aeb3813593613868cbf106d922986bb28201881,0,1,0,0,0,0,0,0,0,10.62
8383,6ace721e5515a8fcc085e501bcfc8586551d1d36,1,1,0,0,78,74,0,4,53,199.4
8384,b9ebf421c8979d99f2ae960075b76796ba0b6ac4,1,7,0,0,19,19,0,0,313,553.82
8385,2a798e471db68c360d23d7d9284cee652997e5d9,0,0,1,0,0,0,0,0,0,33.82
8386,87c27e4ca82ad8ce48cef743b8da1f7845199b0e,0,1,0,0,0,17,0,0,128,52.4
8387,b0d5e99319f6dc38da890e389f8b1a7e2cabe6cf,0,1,0,0,0,13,0,0,38,41.2
8388,1e6764bbb637a9e323693842c1604a5aebf48a64,0,1,0,0,1,1,0,0,36,68.33
8389,df02ed4d905c46c36f37b8c95e0413d461150458,4,2,0,0,23,0,0,0,144,295.13
8390,fc7b9ac7172afcad9c928cbb0d39da49a89b9838,1,4,0,0,10,8,0,9,236,340.76
8391,d8a9c72ed675669363e6c7d7499abee30fc19b88,1,3,0,0,29,1,0,8,68,184.33
8392,e0ab834ddf15a564034f3ecc6f981b29089b5ee4,0,1,0,0,0,0,0,0,116,23.15
8393,0e2c4a81a8209cf357eee0183f7546e0e24b11d0,0,1,0,0,0,0,0,0,67,16.99
8394,477cf7780dcc611cf8e561b0b45ca88fbafe54bb,1,5,0,0,125,26,0,10,523,427.55
8395,40977c5a9df9b81052e8714459493f9045656e0a,0,1,0,0,0,47,0,0,529,128.98
8396,e24418c7aff0aafc31befca2f9a7bb24171e7795,0,1,0,0,0,9,0,0,520,209.56
8397,e671f341718837e1ea86217cadcb43f1a3433480,0,2,0,0,43,133,0,0,773,235.7
8398,66215febcc9f9539de6dbf8be605f5e4e31c2ca0,0,1,0,0,0,71,0,0,316,90.77
8399,dd0f04f798c91a243949c7eb36bd8a1468a81a02,0,1,0,0,0,147,0,0,169,80.23
8400,2ab55df946dc35280f66c6f073a112b497acede3,0,1,0,0,1,0,0,1,109,1190.87
8401,5a6f65cfc69dcc647f1c74c89900905e2426b811,0,2,0,0,12,6,0,6,207,187.89
8402,559b8f14ea9cc873a64f9c7954951882444693ac,1,2,0,0,37,0,0,0,219,164.58
8403,f7a608414604b3bc3bd44f93dad69619c5d7a00f,0,2,0,0,26,61,0,7,176,169.69
8404,015150e4505f08fb0eee705206244ecebc1a37e2,0,1,0,0,0,36,0,0,88,55.84
8405,d188db6c98e67026b79543d6369f792d376c56b4,0,1,1,0,96,0,0,0,429,164.65
8406,08e25db3326ebf9b9acb022dc5644528d44882ae,1,3,0,1,9,0,0,0,205,147.35
8407,deef139e02efc3b728654a202e2ad5247bc93a46,0,0,1,0,0,0,0,0,0,35.87
8408,24374e19ef4cb0f3578360c7f1386bee5c655890,0,1,0,0,149,236,0,25,364,195.55
8409,9032a2c5dee658ab421fb94a4b45df63786f350e,0,4,0,0,4,3,0,5,512,223.84
8410,9f5fd073bd128006571c9e788c87938125fef52d,9,9,2,0,19,19,0,1,343,950.43
8411,20447b23848c2f69afef2742e06922fe174ddc47,0,2,0,0,3,2,0,6,288,182.15
8412,592f3a9a299826efcf9ffa17c56221ac3904f021,4,36,1,3,413,125,0,38,2582,2191.52
8413,b078c8090203fe55215a7626968a40a985af25ce,4,1,1,0,0,0,0,0,93,263.21
8414,c1aca8247075e948e7f9dc649008e97be523d717,1,4,0,0,43,34,0,0,443,301.45
8415,d4129c574d7f30fd5dec9e7745300a16e76fb0f9,0,0,1,0,0,0,0,0,0,55.55
8416,d1eb996081dbfb0b41d09114b69e0cd28feab662,2,5,0,0,79,25,0,0,480,319.34
8417,06c1b7efa2148c99f72b8459405886067ede5055,0,6,0,0,20,10,0,2,774,358.93
8418,9219dc9470e0c668c3127b54c63f20b121c19ffd,0,1,0,0,10,0,0,1,542,166.74
8419,d8b8014aa86345c64b71445b1a361c27a1549480,0,1,0,0,0,0,0,0,45,22.47
8420,7d62a160c797e852705c0c0129b3fbbc4c1af9c7,0,1,0,0,0,1,0,3,279,1192.86
8421,aa6ff5fbd0d233196b0bf3dfb0344d0a75caa01e,1,4,0,1,41,1,0,1,728,365.45
8422,ac74a0ce6297ce3754744ceb07107f6024c1a163,4,40,2,0,86,31,0,3,4527,1399.91
8423,f90f5e5832425f999c5ce564c25284b912ebab18,0,1,0,0,20,18,0,0,32,82.02
8424,833d89eec1c7fc03ea340bfdca6ad5131a1d391e,0,2,0,0,27,0,0,0,430,160.93
8425,c60995d60a3beabdbb624b8382fff63a8a371dea,14,57,3,7,612,1094,0,336,7020,4977.32
8426,5c637a6a071b720b7acf8c725ffcbcb07d2f5745,0,2,0,0,1,2,0,1,108,114.11
8427,129adefaa1feaa35c54739ed4ba411107b791ee2,0,1,0,0,0,0,0,0,41,14.38
8428,05909351d2841ea98ec85c9eb3b9643bf45fac1a,0,1,0,0,18,90,0,31,545,186.87
8429,6e04ad0b5dbe37e319eb20e111d7176645ccb1ea,0,2,0,0,30,28,0,6,607,244.14
8430,d2480af40f5145d865196a95ec58a415482d8cff,0,1,0,0,11,0,0,0,62,54.21
8431,ffee6cd55767d1caf07fe1cdb68efb25c4a0c19f,0,1,0,0,0,9,0,0,567,115.75
8432,9380e368ae558175819282b90a303a7c26b1b411,0,6,0,0,255,155,0,30,1478,529.97
8433,f3bbbb8c218eb3eada239b281092e4bd97d4ebb3,0,6,0,0,5,13,0,2,1720,486.72
8434,a2826ccded5b20374e71dc8377a119e692559647,1,35,0,1,73,54,0,26,8982,2098.82
8435,d1a03dd239555298da9ac9be4ea94ccf52d9887b,0,1,0,0,1,0,0,3,279,110.82
8436,dfc020096a0a0e431ffef547dbdc6cd926caee43,0,1,0,0,0,0,0,0,563,127.52
8437,eaeb95728f3247df1632d9450a13b56bf4f539ab,1,0,0,0,0,0,0,0,0,64.75
8438,773e47398e6e2073333036bdc4b7d1b3475c5799,0,1,0,0,18,1,0,2,21,100.19
8439,0e1a25034528b2e57e2e3a8d0479a6f4478e3aa4,0,10,0,0,20,21,0,10,709,325.28
8440,6bfc5f3e4c8e2b60e59dc666532bed4a0297dc8c,0,1,0,0,0,0,0,0,370,1192.78
8441,09f50538a71fe8a21c12760c32c2047a973b1bad,0,2,0,0,15,0,0,0,496,164.52
8442,3c3464d976ddd655a139ab3c411268ccfdbb7b0f,0,1,0,0,0,0,0,0,60,21.62
8443,5a40be39b4fffe75ca34b043ca2bec0deed034f2,0,3,0,0,28,0,0,0,280,154.04
8444,d36e9debd984d9354bfa5e78031c41d3510b47c2,0,1,0,0,177,91,0,33,282,180.65
8445,bf18ae7e47a6eb599a95b89af82a392b0ce21a6c,0,1,0,0,2,0,0,0,459,93.92
8446,0b0c261e915818528d3e356691ef662a447d82fe,0,1,0,0,10,13,0,1,448,162.72
8447,5de8f6c53043a8a167711a22247d95a98e87c612,0,1,0,0,4,0,0,0,19,43.98
8448,959eb7dd2f0b91f40343694e9a43aafde7a86b0f,0,1,0,0,0,0,0,0,233,34.83
8449,a363146453c0d202f06c3c0b9f06b804e17b7e8b,0,1,0,0,2,4,0,0,29,72.95
8450,d7550d6a6e384546b25ca1e4d76dd26ca539973a,0,5,0,1,17,7,0,2,1071,387.31
8451,78aeac09fa2d28351cea8e12bc0abafe9fc4ca6b,0,3,0,0,5,30,0,1,826,238.5
8452,dc95c397e18ce3362df3a433414b00d7cf53541d,0,1,0,0,3,0,0,0,12,47.73
8453,ad530862747090438880857a2e917f528b6d75e0,0,1,0,0,14,1,0,15,312,140.23
8454,3ad66f2463ee9ae4d61bb45146cf2dd5cb89cdcb,0,4,0,0,6,1,0,2,796,244.29
8455,20b080eeebda74f5daea5c3977f1948267b6677f,0,4,0,0,10,48,0,8,727,253.02
8456,13256d17d032dae1f603a4047d688cf45a44068e,0,3,0,0,4,0,0,8,267,165.12
8457,4b3496c8b96856c3abad21eae29d7b11648fef23,0,1,0,0,13,0,0,0,120,56.01
8458,be23889ca3974094d821668ec9fbc834a5697ab5,0,1,0,1,2,0,0,1,29,108.26
8459,6b7beb182ab84c487c01acb9b1d1c6dbb763360a,0,1,0,0,25,0,0,0,79,63.53
8460,c1c56b6f1d185b689cdaa661eb02afd6876b3ffd,0,1,0,0,161,235,0,20,376,1315.39
8461,e8bf552f9586743563d79c17ed84bc32040df6c0,0,1,0,0,0,0,0,0,38,15.45
8462,38d2b88b178e670da15d5dd960cf65471a1e184e,0,1,0,0,0,0,0,0,537,84.7
8463,feb01b5f3c0869a26803cfe5f7e539d3e740f25d,0,1,0,0,0,0,0,0,357,71.85
8464,5e90ed95a580aefd84b72f593954d01f4eb67f68,0,3,0,0,1,0,0,1,560,155.03
8465,599b74bb3d8a05fc9baa8512795a5d923f75f27e,0,1,0,0,3,0,0,7,160,95.21
8466,f2e2574bdebf12f42f1e7c85966309500e378eb5,0,1,0,0,22,0,0,0,35,52.08
8467,dfa7f2618ef1455bd0c4b90a534d182f96eea945,0,1,0,0,5,9,0,6,48,102.27
8468,e4de7917cb732c29fc4ea7e397f3cb5399139286,0,1,0,0,2,4,0,0,49,72.1
8469,39324331979cdedb9832bf06408bb182fc9476fa,0,2,0,0,0,0,0,0,169,40.0
8470,9792823fe679054b66af6a5bec3290b7f972d7f3,2,1,0,0,212,5,0,3,46,246.11
8471,7000290b28b652f85735747d1d15c0ccf2b5f9ec,0,1,0,0,0,41,0,70,606,148.56
8472,a75da0f79464c02e8d589bec8e3f9cb80f6e47b7,0,2,0,0,4,0,0,4,214,170.03
8473,d7740bd00c8752303beef120ab55652cc7ed7ab5,3,3,0,0,8,44,0,20,1419,593.95
8474,2678a671b02ddea118adf8183ba9539fb379587f,0,8,0,0,87,39,0,7,852,533.78
8475,b119cb17c819dc05237853850540a6a0939d172e,0,1,0,0,43,0,0,6,284,120.69
8476,3a727c0721d0bcf1d243af091a3b481e8dd3560f,1,27,1,1,7,21,0,3,604,626.2
8477,7a5ec023f3cb2d9ac619916bf920009d43f5c449,1,4,1,0,0,0,0,0,518,182.18
8478,328c00542939dacc23fcde030eaf78b1916770e0,0,1,0,0,0,23,0,0,1064,169.6
8479,d7a2234b9b31668eb011315a3ef3fe1788240548,0,1,0,0,0,0,0,0,45,19.2
8480,e2a5f15e622ee6ed3f0129fb81522c9f6895ecfb,0,1,0,0,0,66,0,0,263,1198.46
8481,37389d9177655f28ca7d7fc8911516f132b7863d,0,1,0,0,0,0,0,0,260,37.64
8482,4ff6483f367591b894726ed1874c813c786b588a,1,23,0,0,19,3,0,11,2630,785.12
8483,824a823ba4ca6f29075a187ed1a3a301089f1a99,0,10,0,0,0,0,0,0,296,79.2
8484,50b1a5287a315ee117cae480c68a8db131f13b25,0,0,4,0,0,0,0,0,0,145.53
8485,789663e0e1dba5c09ec132d9fdef2f23fd9c32c6,0,0,1,0,0,0,0,0,0,36.79
8486,d5aa97f8a0e653125d97846d67f3fdf6a10dbedf,0,3,0,0,7,29,0,3,325,241.18
8487,1d2aa70437b344e4262d36a3996deb5023511fa4,3,2,0,0,72,28,0,18,629,344.47
8488,438f650b180d1b47a4fa79c9c8314787b3d164e3,0,1,0,0,25,13,0,17,567,203.59
8489,1072bbfe500999eb3e3710271f15ff53a534475d,1,0,0,0,0,0,0,0,0,69.93
8490,214e674b3e00f8fc3ab9cf881688cc08582a7231,1,0,0,0,0,0,0,0,0,45.46
8491,05a47890428eb374a75f5bb832e00bb50c49f86c,0,5,0,0,46,38,0,14,1146,537.27
8492,cc6129ffd104f7e0cf216cc354039c07bf4a2d4c,0,2,0,0,4,25,0,1,146,123.02
8493,ff9051f269f5c8305060dcf07b64b4f617941ad8,0,1,1,0,0,0,0,0,22,44.09
8494,5e73062cc980e172a84821085a75d520f4fb2a65,0,1,0,0,0,1,0,3,76,76.87
8495,953d42e0851ddc070b1d178c8bac4f2b563247d8,1,0,1,0,0,0,0,0,0,122.03
8496,f81297ac224f45d750ee0616755ade809b57ea4a,1,3,0,0,45,6,0,3,427,299.89
8497,7a9a6adf18bc6232e15e42252807793c8a94a131,0,5,38,0,0,60,0,10,175,1242.64
8498,071128a0297d0ecdde573107ea16d78693783701,0,2,0,0,1,0,0,3,183,98.81
8499,b1e3e310569369a498e53a1f529370034f5f4636,1,2,0,0,2,2,0,8,294,239.54
8500,7dbe4bb194f79cd996b46c36037b512e93b1ef07,0,2,0,0,13,7,0,11,292,1272.52
8501,3f231ac46537654aebdd73b0f42aa823386bf901,0,4,0,0,2,0,0,2,554,187.14
8502,a9cdb96d2fe82abd23f33f87dda4df59ee7e9d00,0,1,0,0,0,0,0,0,0,13.89
8503,63641cd07a8afc9dcfdab04cc6dff7e1265b076c,2,19,0,1,148,31,0,34,2250,1381.93
8504,1cf6d30b190905e8e4632dd45812ec1932ea4b03,0,5,0,0,135,0,0,18,522,344.85
8505,7e6feead4b349617cd6499b8b5fc786544214ca4,0,4,0,0,4,114,0,22,354,276.88
8506,70f4141369850dcc16efe3ddfe71618ea8cda304,3,6,0,0,149,57,0,19,3429,1202.02
8507,4534cad9a2be631f4d21da6e663943677bf5ce19,5,0,0,0,0,0,0,0,0,273.11
8508,f6a7100507c4d6eda25c10618f0ad028ffef32d8,1,4,0,0,20,4,0,30,315,339.36
8509,700377a86155061679122ad33e595eb079bb1ca6,0,3,0,0,0,7,0,6,277,171.24
8510,5f688b4c6fb469f8c7447d670e6ca33643424a2f,2,1,0,0,0,0,0,0,221,136.08
8511,b0b10edca7cf776defb83a739c9db2b8b55e5f70,4,3,4,0,7,88,0,8,210,555.72
8512,e62a7eabe34da42e4cb56d1b14905a3b9e9c9bd4,6,22,0,0,23,81,0,16,2988,1212.2
8513,2d3af5ee56238743c679da0c150df4ac9a137a8a,0,1,0,0,0,0,0,0,255,46.87
8514,7b040b915504e59243c642b1f4a84c956d96d134,0,1,0,0,0,10,0,16,123,88.77
8515,66769badef8ea47021b3b4390b6571867bd5f7a7,0,1,0,0,15,0,0,0,196,79.52
8516,ee6a4dead18348f72166f980b01868d896e1f88f,0,4,0,0,6,6,0,13,559,229.26
8517,d015ce7a3b86a529f4db79ed8ac8dbe28c62d6b8,18,0,1,0,0,0,0,0,0,1249.85
8518,13fd5d5c380a1a37127bd22171e75d3947cc90e3,14,11,9,0,64,47,0,15,1175,1781.42
8519,bf64740b308c3272de51befdab5bd7374db71407,3,56,0,0,39,159,0,29,5207,1921.54
8520,0e9a249fb8953735d6af93795e95e2abec223626,1,1,0,0,0,0,0,0,17,1169.31
8521,d375c0a5824629c701c15ea228ac1ce22e46dc3b,1,3,0,0,29,16,0,8,175,236.93
8522,d5296dc4efe1c16453468d2708969ae3273c0563,0,2,0,0,15,4,0,17,319,221.99
8523,3234e95705548109933a3b39b179ffbf91d49b45,0,5,0,0,20,17,0,0,201,249.17
8524,d8361ee9a8223de276eab4b158a43068e9b1a532,0,4,0,0,21,17,0,2,1192,449.5
8525,fa085699ee5a8a90492952ae05bfc78ded3d1ec3,0,2,0,0,18,0,0,1,847,253.39
8526,9cce7f38542c726ae015e6efbec6338c149a7d8d,0,1,0,0,0,3,0,0,89,52.05
8527,6516659e603939344d6d673f34e3e233ef7b7593,1,2,0,0,0,6,0,0,155,119.11
8528,e57a46f9ea3fd2a63514a4b667a3ce494d79b6e3,0,13,0,1,76,40,0,5,974,639.02
8529,1906a1ee3f02ebe829837515f5eb065981421a37,0,1,0,0,2,5,0,7,349,173.39
8530,a567a1ef628eadad21e11864ec328481cd6d7898,0,8,0,0,19,120,0,2,1853,596.36
8531,91c29cada830fcb2853547e4a6497fe79593abe4,1,6,0,0,88,13,0,5,1015,362.55
8532,ead11bdc7be40d9b43a4460cb5c4fa97c4c937bb,1,3,0,0,11,22,0,0,151,210.91
8533,c1683fbd0aaeb9848b03efaa4c17cc4cc159711c,7,0,3,0,0,0,0,0,0,447.43
8534,e7b7393019b99e941c50b76933d59a97ba0bc190,2,0,0,0,0,0,0,0,0,176.2
8535,e9703e70e951f98e734c965569ce56cbb59fd710,2,0,0,0,0,0,0,0,0,126.36
8536,f86f72da6826f61d2c7e197c889ac4b85918efbf,0,2,0,1,58,37,0,0,25,185.27
8537,62b37237e56a20143e06eeebb455da0e74a9e67b,2,7,0,0,44,46,0,0,519,483.48
8538,0e89d42bfab455940d20e2c5af47ace4484c1438,0,13,0,0,51,0,0,0,378,381.72
8539,0ab12d716171227f2a3956bf805e065434d6fbd9,1,14,0,1,11,0,0,0,1513,432.25
8540,f0b244e15720d698a486d778085cc5ab6ceb5f73,2,0,0,0,0,0,0,0,0,1181.44
8541,a13119af042b2db29aae5f04382cc62102b21899,0,1,0,0,3,0,0,0,292,72.63
8542,a07cb5d9a3e4cb6c1ac0e6674b8d06ad33ec2148,3,0,1,0,0,0,0,0,0,207.53
8543,95b40868ef19a38353ecbb84ea3946e90e2e38e3,4,0,0,0,0,0,0,0,0,27.45
8544,9e5a4272d22ecd8c56a877ea5ca6156c42e9c620,10,24,0,2,82,95,0,1,831,1198.99
8545,8f5cd0db28ade5a285211bc6949541d1cf4cfa70,1,3,0,0,72,47,0,1,449,298.99
8546,17f311aadacab2f6b0a19de552017dbfeb0681e1,0,20,0,0,52,4,0,8,2942,703.18
8547,3bfe134b7602e749074ded3826689328c29c3ab1,1,5,0,0,0,0,0,0,201,236.11
8548,bcf14d5434ea16b1f17eb4acf67721bcad498a24,4,5,0,0,6,10,0,0,799,369.13
8549,ea0aa5162e459f5915f3c6939d7fbd9a880e8122,2,3,0,0,7,11,0,0,183,192.6
8550,194603a89844af1f6613b88d6401d28a170494a6,0,1,0,0,4,0,0,5,256,94.96
8551,660bb687c15a80919d8f8ed72ebf43b27ab9ad56,1,1,0,0,3,3,0,0,86,138.98
8552,2ab4d417646d54938f10ebf8b216c7e4f203f691,1,1,0,1,0,0,0,0,15,72.6
8553,f75c33d81993240b0a67feffc348aa19dc6c2834,0,8,0,0,196,29,0,32,1212,551.77
8554,e086567335df3d2e8b54a84933a031a424655293,0,1,0,0,6,0,0,0,96,59.52
8555,d3696e54d4e2a59268b283db1bbd0085f8ff168a,0,1,0,0,16,7,0,22,119,118.64
8556,85f895b0836c19e4c0e56246aa9af10df8dee09b,0,7,0,2,164,88,0,17,2026,977.11
8557,344df74025f519d1e25ab6764d7fe863bab78870,0,1,0,0,0,1,0,4,259,105.54
8558,d20b1ea19fb2dd7fa9a19442ac4b060b26c8c327,0,1,0,0,3,0,0,0,22,43.15
8559,e91848858cbb760f4429ab306c82232bf9854cb8,0,1,0,0,22,17,0,0,24,77.98
8560,e1d975d27422e2e1b09dea782194ddff468612b3,0,2,0,0,0,29,0,0,94,1182.15
8561,9956bc708426b2ab7b90b92aa1d28ddddc0e1555,0,1,0,0,0,0,0,0,6,11.06
8562,a53f97525f8ad1c321574b92c51c4d42545a1f7d,0,2,0,0,5,6,0,12,764,232.94
8563,80db9394e1f98a658b5aa234a4b714b93a975d69,2,1,1,0,7,5,0,1,89,220.75
8564,ce901a051f4c5a6591efb454d0b8b89bc549d805,2,0,1,0,0,0,0,0,0,139.64
8565,a9f8f86e5420e6a858db57209933868e7ae42e0e,2,0,1,0,0,0,0,0,0,133.34
8566,d350e9f85d3551368f4f769419e0da8b789ac892,2,0,1,0,0,0,0,0,0,127.39
8567,5fc35d698ce414703098ed6afbda3591b2db42b6,0,2,0,0,2,0,0,0,50,51.74
8568,53ee80e7873e126242c1ebac949a8463f4367a6b,1,7,0,4,18,45,0,3,135,499.03
8569,c5e227baca94fec62c1d308c21327f79637949d3,0,1,0,0,3,0,0,0,79,56.91
8570,ff744155f5e00c711ed4d6e764e99623acafdf50,5,0,0,0,0,0,0,0,0,274.79
8571,bf0454b1262d8ef51aa945d8b4cb1015f8429ed1,0,3,0,0,3,0,0,5,734,175.41
8572,8106e7236edc0b8035adc92a53ddba79456bc05a,1,0,1,0,0,0,0,0,0,90.24
8573,52c2ad04c25f277ed65b164f53ce278a7380f058,2,14,0,0,13,15,0,0,360,344.38
8574,4a148942c3d20dce50c26e03fc4b055a862fc84c,0,1,0,0,1,0,0,2,86,77.11
8575,b38463015787c5b38ad03d6daef8c3d3fe9aaacf,1,3,0,2,0,0,0,0,15,107.98
8576,8442c169e45757b8ad9ca26d58411bac1ca643aa,0,0,0,0,0,0,0,0,0,29.63
8577,fbfa2460ce25aaa11eb0a011015af335602d2df6,0,1,0,0,2,0,0,45,644,152.92
8578,2db59cf365a84bdbcd69f6f5e57bc6e639da4930,0,1,0,0,44,0,0,0,287,84.11
8579,603681546c345021fbc5f5dd442964368e11131e,0,1,0,0,0,0,0,0,3,16.5
8580,dc8e27fb07ec8593037ce0205b5ecb4a5bc16a40,0,5,0,0,9,8,0,12,970,1500.78
8581,091cff3299aed4bb143619324f6ec8165348d3ae,0,3,0,0,5,13,0,0,272,173.99
8582,3d0dfc58381b797e67d023c1ef9a6e3a7e1f1e75,0,1,0,0,0,3,0,0,93,45.46
8583,8ba4a36ed0c0febf2e9a8e8bc4b176188632e50d,0,5,0,0,0,2,0,0,800,201.68
8584,39f796320fd5b3374f4d48222677257401e98286,0,3,0,0,1,0,0,5,739,160.75
8585,31176d5f027f30e74e89aaf2a177d25b1692dc1b,0,1,0,0,0,0,0,0,17,16.85
8586,9f94556a764be628407c9bcc7d59f20218deb0b2,2,0,2,0,0,0,0,0,0,222.84
8587,8a101ce8940ecb756524a55ac412a3c4ba8214cd,0,11,0,0,90,54,0,35,1630,510.84
8588,ac356d70ebb0c867d260c9448645fa285a59fe46,0,3,0,0,43,1,0,1,239,202.39
8589,5e6502d6878fd81ce257e2e038f31ad39c5d146c,2,0,0,0,0,0,0,0,0,99.38
8590,0514f1c630ff86e73b2ace0fd924cca3232b0e75,0,1,0,0,0,0,0,0,128,23.05
8591,1de341630f848528b966cfee89fc812a56991a99,9,11,0,0,108,18,0,10,1142,925.86
8592,d617c0598dbd327191e3d7ed2c5823afdf4f19b5,0,8,1,4,1,15,0,18,509,678.95
8593,89548bafb092c0b9b92bb6e9c3616e2644c765e8,0,1,1,0,0,2,0,0,28,66.3
8594,b1965eeb854f16f385329a546d47d684e2891d70,0,2,0,0,32,44,0,36,695,231.63
8595,2724a23a01e185ed22ee901fb60e67424b8ba413,0,2,0,0,25,18,0,0,80,85.89
8596,b05d4fc443fc0ee2a78b06a77564f38bb3dcbcd2,1,1,0,0,0,3,0,0,69,90.13
8597,d55b4b1382e3f7a14c81bedc98553fabd4d63137,0,1,0,0,1,19,0,14,50,103.71
8598,2c9feeac0b5f683328c44cd7ceb957e38a3fb062,0,1,0,0,0,8,0,0,59,44.0
8599,1a0d49e0442a4ff5e795e132f243094374691a46,2,0,0,0,0,0,0,0,0,116.24
8600,4c8ab50beccbf7d730c38c1bd628c5800366c65c,0,3,0,0,11,0,0,0,191,1244.9
8601,3b85948a1d59c2310beac8dacb535253ca60317b,0,1,0,0,0,0,0,0,3,13.71
8602,8eb6cfff9dfcc5a819c03b67db7ce879945341f0,0,1,0,0,0,0,0,0,76,20.71
8603,7be58c73cf5520f47a9698106a41b9c7ff393ebc,0,1,0,0,0,0,0,0,255,44.52
8604,9f486941ea4ab4d302e42f258c83531583438f64,0,1,0,0,0,4,0,6,121,91.39
8605,22e35bf82316c16f8f9474ea5a567bb771b8cdf0,1,4,0,0,24,0,0,1,149,256.84
8606,7e86a80b714dac6dc0ae8fda0155d655f623d31e,0,1,0,1,0,0,0,0,148,79.83
8607,0c1328aa4548953ff358da10052cc3644ec5c2f2,0,4,0,0,2,4,0,0,211,146.38
8608,7dc8e69274a924776629537e7cb62e5d191c3e9f,0,1,0,0,0,0,0,0,130,34.69
8609,0c791cff57aa6ca0167c4967d2e69fdfca988fd4,2,10,2,0,25,2,0,3,557,458.16
8610,cf793009b5f16976efa0698f2d6ca5f4a4139c63,0,5,0,0,33,26,0,0,356,264.77
8611,153ca54fd16a71d7f52812442a6d2bc3e024a838,0,2,0,0,15,15,0,0,105,91.11
8612,bf5dc6c8bac73e7f8d54e983be2080cf6ce48a94,1,11,0,0,72,3,0,6,789,564.58
8613,656bd9caf62355b3936831c9ef6f0f026326f0f0,0,1,0,1,0,0,0,0,0,26.37
8614,269018683aa4d900948bc6ff6061089fb51f5689,5,0,0,0,0,0,0,0,0,239.2
8615,85bae442e62d55a66e3943ea6615cda2a51a7b5f,8,42,3,2,553,297,0,216,6570,3668.24
8616,17e3576d0380d2a9079634de3b8d2bc8d6c3454f,0,1,0,0,60,141,0,11,151,144.79
8617,3d07a97c82c3947935bf13b3f60aafce274a6cff,4,9,3,1,308,234,0,3,304,940.23
8618,54ef382439b1687a645a377a5f6a095746423109,2,10,0,0,82,138,0,35,1383,1019.61
8619,f8280313b76dda98323e8b4c0f8b23193ebe57a8,0,1,0,0,4,0,0,0,21,43.22
8620,b379316dc835c4fbec574452690ecca770243aef,0,6,0,0,32,41,0,23,1290,1669.35
8621,4365ab7b8f59b7936169298e8e5b7c7486406054,1,4,0,0,0,0,0,0,1688,244.77
8622,9c0acab83900d0b40b1f624e6069e663a77479b3,0,2,0,0,0,0,0,0,670,98.76
8623,8d90c580b65bd7fa4acaabc89c3c54876df5fc2c,1,2,0,0,0,34,0,47,215,230.98
8624,7d2c269bc4214aef94be1f15a35ce859a16906fa,0,2,35,0,0,120,0,0,117,1099.56
8625,93443aa85fd20105386794aa693fc3ec030c0ad4,0,18,0,2,0,0,0,0,1571,383.06
8626,2d511b0624160fc2eaae852c9d0eccec6d8fdb9c,0,24,0,1,49,18,0,19,960,1005.89
8627,1794ea06bd351a5b3c4219d4097b2516c0298447,0,1,0,0,11,0,0,0,21,53.54
8628,41b3a3bb6fdbd2c22a3cc76317ada2f7c5bb98f3,1,0,0,0,0,0,0,0,0,784.64
8629,145dabaa4f28757c317fc4e0e2bbec44637dc6f1,0,2,0,0,2,3,0,3,229,180.61
8630,ffa0a9e453b8f770a8fe8db08f8324de330db569,0,1,0,0,0,0,0,0,132,28.12
8631,8ba8337941fd1f53f217d0fe1dfe749467db9a82,0,2,0,0,1,6,0,2,145,125.98
8632,98437c765c8957fd5ea392502de393d4ec695ea2,0,5,0,0,8,0,0,4,60,152.4
8633,9bcad1184547ef408aba253bbc044acc440c0435,0,1,0,0,0,0,0,0,0,13.05
8634,927936d573bbfdd9501d3e1d0a9f913d9882e42e,0,1,0,0,0,0,0,0,1256,236.12
8635,52dd89d3b3369e0f314131993d2b7d110419ccd6,0,0,1,0,0,0,0,0,0,45.15
8636,560b2bd84f0f20def8b41c3c7b2c3dd3bc7cb2a8,1,2,0,1,0,0,0,0,0,33.94
8637,600bd9cdbb42b709cfa6fa313648fcea317ad781,4,2,0,0,88,0,0,2,253,324.21
8638,beee5b168875fc54bc09780942c4fc724ffccbf0,2,0,0,0,0,0,0,0,0,189.28
8639,817485473005dfd054467eab4c2a275d833af723,0,3,0,0,13,20,0,0,82,131.58
8640,9822cc8a73cc4a54cb401d3ee31ce2e8894a6d6d,0,1,0,0,11,20,0,0,5,1173.08
8641,383cc9e1875c2b19bb362b3af025547cc2b1dfbf,0,2,0,0,11,20,0,0,79,98.95
8642,eda73763dfad7c7367f03556134637cf8edc3160,0,2,0,0,11,20,0,0,98,90.64
8643,faf093d33284b3a0e9e7b7ba7267b91503b69891,0,1,0,0,11,20,0,0,5,75.25
8644,5e6664dfea9668c178047ebfc782278a176afaaf,0,3,0,0,11,21,0,1,102,124.26
8645,68fab1277ca31ad65ddd594b0b6b7d4d9c0e4383,0,1,0,0,11,21,0,1,6,100.07
8646,bb9b176357bef502391f612de85cce87f45c8d7f,0,2,0,0,27,0,0,23,82,157.07
8647,e791b1a29b675af4f290be9b68ae7f03b2de43c5,1,3,0,0,15,14,0,6,130,229.18
8648,25dc4832324bb0be0731747c5856441a6b984a95,0,1,0,0,4,0,0,1,103,107.69
8649,171a3b143b9d70faa6982878fed936bfee580a8f,3,10,0,0,57,37,0,42,2576,1079.8
8650,f8aee29829cc59627a6b40623d28ddfb8237e35c,0,1,0,0,54,20,0,2,35,115.11
8651,8b898cd342faa9efaa14f436bedaee11e6389252,0,2,0,0,6,3,0,1,190,135.31
8652,d3feadb80f0bac5a02c9ea7dac3361bdb8bbeda3,0,1,0,0,1,1,0,3,119,108.46
8653,bc41b756ff180d9903ba22c0d83635c38a11098f,0,1,0,0,10,0,0,14,551,134.53
8654,3b16b4e454f20199bbe25cfeef9645e497e1e783,0,1,0,0,0,0,0,0,309,56.71
8655,8492d006984626c3d0d4fadaa8433dfde6c17023,0,1,0,0,44,10,0,12,79,124.98
8656,7fe1743c6ce60b2587db2d7992c75738070f8dfd,3,1,0,0,0,112,0,0,449,271.64
8657,ebc46c5ec1977ecf70628505eab23c942862857b,2,6,0,0,126,23,0,26,3136,977.86
8658,735e2f8d0d0a3f890b7a215f4c6657461bb732df,0,1,0,0,0,0,0,0,2431,328.02
8659,34ca8b772f9ebb152210692d12295db78c534e17,0,7,0,0,9,104,0,0,465,189.85
8660,97f556ebd122dfe16dd8e148d3ac7c5386fd08ac,0,3,0,0,0,21,0,28,1158,1432.4
8661,12260a27ddb0ec8356b4981f033c6c9954fe2ab4,0,1,0,0,34,0,0,0,149,67.21
8662,70b2029f8a3d4ca2d3cb7bd7fddac9bb5b3e8f07,0,1,0,0,40,1,0,8,83,113.8
8663,e546069c300a51de47e6f752ff1b7491683b2356,1,6,0,0,39,14,0,6,259,421.39
8664,ff42f874d1016ac77df54cf162f95b278b89a5a3,0,11,0,3,4,3,0,22,1793,538.12
8665,8c6ff79cbc52f18a8b54a95fa9910858d934658b,0,2,0,0,0,2,0,26,732,264.61
8666,cf88590e992b974284e01a3a35e8ad01fd47174e,6,1,4,0,1,0,0,2,93,517.62
8667,2870c7a45a0f16e601bf4781c277a33beb4af315,1,2,0,0,4,0,0,4,395,236.3
8668,6f9a8840fc3cf58e3b43ae4ce1da5a9023888442,0,9,0,0,77,76,0,23,1152,731.81
8669,dac36482e2bc7b16d0c1e8dc8ae986d5cf6c1db6,0,4,0,0,95,6,0,60,764,394.81
8670,abe7ae23d5dc969b9034b206b8d492903c790b30,2,13,1,0,22,23,0,19,4949,1402.63
8671,60f8826de75bdb1294ca4cd26b2af155de62c0df,4,8,0,2,49,9,0,0,2784,898.38
8672,e03cea5431dc63f603469bdbe8c499f8819e3cbd,0,13,0,0,437,369,0,10,1544,855.33
8673,84b66165b2be083da1ddece3053244bbda8c3eee,0,3,0,0,18,0,0,17,372,229.75
8674,35d16f9a14a175de5dafbf37bb45fa3a1d42a16e,0,1,0,0,0,4,0,4,458,125.12
8675,02078e0e8830877d774b17923436bf5102490f4c,0,2,0,0,10,4,0,16,196,158.26
8676,55c0b1705adc65c047969d604cbfba989962a3d2,0,2,0,0,24,1,0,1,104,120.55
8677,44968096046a316c6682ef84d12b9c60d7725df7,14,5,7,1,19,33,0,8,1183,1201.13
8678,1ccc740dcb588e324c33571df8d7475c09bf962a,0,2,0,0,8,5,0,6,1757,383.64
8679,6f5b9c93c50ef019fb491145e0b394de11631aea,1,0,0,0,0,0,0,0,0,57.81
8680,92eb82b35e855482ebe0966fd11af10eb8f8287b,1,0,0,0,0,0,0,0,0,1241.63
8681,bec4a2885102687fd947a31870e5e1a1efb37ba8,2,6,4,0,18,28,0,0,681,580.11
8682,4616c605965860228959f7bcf481771477734f56,0,1,0,0,0,0,0,0,154,31.33
8683,aeabfc51e1a877c487f662e90fcce4528c4230d6,0,1,0,0,0,0,0,0,159,32.77
8684,d1e8dd976864581c86d112d4c64f2731f5a3da33,0,1,0,0,0,0,0,0,15,14.96
8685,ab33429f948679b4729aa81439d5cfeb6dd6c24b,0,1,0,0,0,0,0,0,22,11.99
8686,e954ae865fea57f90fc5b9529c15374b2eb015b7,0,1,0,0,0,0,0,0,291,52.88
8687,29174f89d4921625eb058fa4bfcf8fe98c6d6e77,0,5,0,0,3,3,0,0,1081,261.54
8688,a4c09d337a0699f650740cc483e6ed30179ac7df,0,1,0,0,0,0,0,0,107,31.61
8689,6650d74588d326121f9e5925c5e845ece691dc68,0,10,0,0,0,0,0,0,1779,344.61
8690,54fea6072daf2f9868d34994c77ae16930e48f16,0,3,0,0,39,36,0,2,82,248.07
8691,a70f503c091be33e526661cc7ec5335a4349e82b,0,1,0,0,1,0,0,2,285,98.92
8692,b02121c4673f80e606c7211d73de29c7295df7ae,0,1,0,0,15,0,0,25,100,89.32
8693,42f5f778468097151e1e7bf75854b3f592b84357,1,8,0,0,121,31,0,21,432,592.05
8694,cb9c4fcde2555e7970afdc5f641f4bde8e6b5d08,0,1,0,0,9,64,0,4,121,117.89
8695,903a9090324f8d14af15621b7ec026f4a8485050,0,1,0,0,27,9,0,6,317,165.98
8696,c06e7a5427675efb63aff86debd03581343cfdb7,0,2,0,1,3,0,0,9,84,178.32
8697,7bb63f68e29ac5cb5fbed8d33949e3302faf869c,0,1,0,0,0,0,0,0,144,35.24
8698,bc3eb8248fd0bff9459db8897e52152ad6538fd6,7,4,0,0,19,2,0,9,559,600.12
8699,4c4ce451fcaa6055c97dd4fdd55ae1c0239ce5cf,5,9,0,0,25,37,0,14,1803,852.63
8700,0605e8445bea56182486512bd897fd508bc075a5,0,1,0,0,0,0,0,0,646,1207.36
8701,c08db3fda3335402df8f1f770b73007832227aa1,3,4,0,0,36,117,0,0,143,426.95
8702,ee81c0f151d32d98308a6a83cd4b59a7813fbfdc,0,8,0,0,0,7,0,2,3537,551.22
8703,cef75fe87f1c457a0ceda20a9ca40c54d354c914,0,2,0,0,0,0,0,0,19,18.15
8704,4973d8a4121e1eb711a8acba02fb7ced813dac41,0,2,0,2,4,0,0,0,421,238.88
8705,bd2dae698a068543ae270b8cb3cc5a858c8ffe88,4,0,0,0,0,0,0,0,0,173.65
8706,7ce6375cddbb2e2239b909ef5d02fc4c410b3bab,0,1,0,0,0,1,0,0,343,101.94
8707,50f41965800f90fed5a6399b6172161c75b8c764,0,1,0,0,0,0,0,0,69,25.44
8708,4febcdc289bc0dce1090d831c7f99848a26f6465,0,2,0,0,2,0,0,2,66,164.45
8709,f6995f01ef748e4992a37defd60197d1ab4bd00e,0,2,0,0,3,0,0,0,103,59.13
8710,a7eb845e812ab0355854d3cf26843179a5a8b597,0,6,0,0,25,6,0,0,1230,335.51
8711,70fa80e3862b367be22b593db685f9898a2838ef,2,2,0,0,154,12,0,6,885,407.3
8712,1f47c0ac27ad42d3c4b066914a351e23a6cacbef,0,3,0,0,27,22,0,10,116,238.96
8713,4adf23d3b93c301b53f11f1c05a1aa6d37112d46,0,1,0,0,0,2,0,0,60,55.97
8714,e8182dcd0987a7326a8c73df902c156e44a7cebf,0,8,0,0,21,2,0,15,640,461.1
8715,301be5552290788864676b131e09741f769ef471,1,3,0,0,21,15,0,0,119,144.39
8716,f692d372f7cb1ecd04ad82d9d546fe68c702ce05,0,1,0,0,63,0,0,0,120,102.89
8717,5bcaf2e0fdf9c05f257eeb67d67bf1320faeea8f,0,3,0,0,0,0,0,0,169,52.58
8718,11aa9b6d74f3ff8951b3dd8f4a33a87810cb1649,0,1,0,0,0,0,0,0,69,18.88
8719,5e4648715f97338bb8ee0c8cc790bdbecc5b4422,0,5,0,0,3,4,0,2,352,221.77
8720,9323ef6ac12e1a44f9745ea7589c526153223cfa,0,5,0,0,0,4,0,0,595,1357.15
8721,5b5ec591273fc6ce8352f20fd9108315bc0a05d9,0,1,0,0,0,0,0,0,483,84.1
8722,4782236aaec550f478ff21f8ae1a08f5c5a6ac2f,0,1,0,0,0,0,0,0,483,79.38
8723,7a1147b9b8d5a92ea38e25358a645d35dc16f9b5,0,1,0,0,0,0,0,3,557,115.24
8724,ef08a86b53fc936b4aa2a05d7673b4a373eb8fa2,0,1,0,0,0,0,0,3,557,127.53
8725,f39fd2929f2b231d54cb8435ccf2b84174168ebc,0,1,0,0,0,3,0,0,56,44.42
8726,3903b817cb20524aec2c0fbee763e6bf73f5f989,0,4,0,1,51,25,0,16,463,324.25
8727,cad0509a752be57eb995a95ccebf00012e443ed5,0,1,0,0,0,0,0,0,426,62.11
8728,fc98a1f96cce951355c08a6be4193bbdef02b10c,0,1,0,0,0,10,0,3,35,69.7
8729,f9fbbd76a6de058178af18062b8f4116a1b76e1a,0,0,1,0,0,0,0,0,0,35.07
8730,eff261efee8c99a0ecc88c06aa07db9a553e6bdd,0,8,0,0,24,37,0,9,922,542.74
8731,a93e91a9994604561ef66dd638d4645947cdd506,0,1,0,0,0,0,0,0,30,11.15
8732,78cc9bc8b7c9ff2806fa6176ec15f38199fe6b25,0,1,0,0,0,0,0,0,367,76.47
8733,1e2aa8e9f35e7a943a4ed56a47834ee50bab3b47,1,4,0,0,19,0,0,0,774,245.94
8734,876f9919de987c78724f707f57b220654ca600a4,0,1,0,0,0,0,0,0,3163,476.48
8735,43a74977de27869e41e97878e821dcf363d81911,0,7,0,0,0,0,0,0,45,63.95
8736,dcacf0b5676f216806857269132ff3640d98ba3d,0,2,0,0,3,4,0,0,127,89.99
8737,a07ce7f6c88dc7d0c0d2ba55a0ab3f2283bf247c,0,0,0,0,0,0,0,0,0,32.38
8738,474fe8e8ae063e250f7f8f4eddcd799b15f8b69b,0,17,0,1,33,88,0,8,1236,538.11
8739,2294cddac1674fbd760f75429c9e60c571826de9,0,0,72,0,0,0,0,0,0,2016.77
8740,b30adb0ce90d8f81f8028aeb5d541a3a67e6543d,0,9,1,0,6,0,0,7,2133,1566.76
8741,7d98940408d4d55cc40ef3622386036cf76d78e7,1,1,0,0,0,10,0,10,95,135.9
8742,3a5bf89384ed07431d15285ef40e751daf9d0c83,3,6,0,2,122,8,0,4,1055,716.11
8743,992b65af7420ebacf8aa02b26269190919ce3ccd,2,27,0,0,10,68,0,10,1574,624.59
8744,fa3432ac9f67732a7caa15951920d7309c6b832e,1,19,1,0,0,0,0,0,1897,493.35
8745,f61d1129e277a23fcf6113211c344e8b89da49e8,0,1,0,0,0,0,0,0,3,14.16
8746,e21c3d472e4cc136f1d709c99d66177234fb4d3e,0,13,0,2,12,0,0,2,196,272.9
8747,1b71e447e097eae02e65d80eb297a01b21122715,0,1,0,0,0,19,0,4,246,101.95
8748,e7b02b42364563dfa20c8189da50d1a0a7529f4a,0,1,0,0,0,0,0,0,0,9.33
8749,edf6d59d315fc0f88d35d6686b39891864537620,0,63,0,2,413,232,0,6,3468,3405.57
8750,6c01cf92b6050b66e5bf1ea9057266c9edaedff4,0,1,2,0,15,2,0,11,44,170.82
8751,64cbf2a20178cf8b4f643ba510653881a3e5ce2f,0,3,0,1,14,8,0,4,194,221.61
8752,e354d0bf706438251897c3aedfc3fb3f55d438fd,0,1,0,0,0,0,0,0,46,14.46
8753,633ed9552e193c20a5260f2ff7465a22e32d3c23,2,0,0,0,0,0,0,0,0,144.02
8754,6685d6a14c71b5bbb8be8e53245c828ce0e284f8,0,2,0,0,5,0,0,4,408,148.54
8755,f436fbfe070dcea31be3560441b6f77c2ce54165,4,2,0,0,92,34,0,2,303,529.11
8756,c6124db0a3edf13c97e4559469e72e1729d849b1,0,12,0,0,13,44,0,1,207,191.84
8757,8a49d73690baa47dccf28a33d01feb817b6a3ed2,0,1,0,0,5,10,0,0,127,86.19
8758,53d51474aaa5eac1331ecf59221ac1efb5502d6a,0,1,0,0,0,1,0,0,119,49.79
8759,53034cd70e2a39e08c828bbc812ad8eef93e4f9d,0,4,0,0,7,144,0,8,196,227.21
8760,3ee4a5b99d8019bd60b363550eb628e6e7cd500a,0,8,0,0,7,6,0,3,891,1462.58
8761,94647f1ca02ec9614941e40f62ed9aca0871b59d,0,2,0,0,6,0,0,0,260,74.73
8762,857ec7db3c3f21bb519006b80a5b89a9fa5b6328,0,0,1,0,0,0,0,0,0,36.86
8763,97802655b8f28886aac65e7f9f469ab29177257a,0,2,1,0,1,49,0,4,71,176.47
8764,8e7b80f755efc257d7a2803fc604e2746b6530a3,1,7,0,0,14,26,0,2,223,449.66
8765,f4673bc080edd08aa7b93522f4638e129d776a60,0,1,0,0,48,0,0,1,50,88.59
8766,f012270b1b9fad32e543e7a0195e793ebb402fc5,0,1,1,0,2,0,0,0,269,110.19
8767,41c4a35950528e04f86ec26a8bddc114c3b6a11d,0,0,1,0,0,0,0,0,0,29.53
8768,322e479d540a74e45a9b5e38eb17b4eb3a4c6e9e,0,8,1,1,2,15,0,3,1288,416.84
8769,f80ab20cbc5cdc80d1f0b477fd8c9e0cf9e273fb,0,1,0,1,7,0,0,0,203,146.65
8770,20ede039a0622e496ca1f9c3502cd61d90a49f2a,0,5,0,0,0,0,0,0,380,82.29
8771,b96add35cf656894c86fbf9e17e7adeef4772a71,0,3,0,0,35,11,0,4,496,282.77
8772,960feb4437c439084cfb317dd127645cfd176578,1,1,1,0,5,0,0,0,327,204.23
8773,7af5a98adebb83b6a8e687ba6ec38ec527bb325b,1,1,1,0,0,0,0,0,130,134.88
8774,3cf593cb5400fcaece1f458c703d5093c202d807,0,2,0,0,0,38,0,0,133,88.86
8775,e97967278904cb2706a6514ad0a13d50cc389b20,0,3,17,0,0,0,0,0,862,647.97
8776,0a8ed648893ebf502d810c2cf3353ddaeebd994a,0,3,0,0,2,12,0,4,670,241.49
8777,e76512b44c3e41db75387fe81b3bb6d7289a0fe7,0,1,0,0,0,0,0,0,554,84.33
8778,35a3d7918d9d19ca9f718137179e6391854dc84a,0,9,0,0,23,0,0,1,2025,508.63
8779,9d9863e9119e6394ecee68c80f7ae22ce4c7aa59,2,2,0,0,4,3,0,3,106,210.52
8780,ef4784835b2f3805dcfe3d4ef0abf5cbf83e9ba1,0,3,0,0,0,309,0,0,2739,1574.97
8781,eb1241eec517d3f906625bc67e722d097a9514cd,0,1,0,0,3,5,0,0,66,79.62
8782,8ce4e0c26398d9af427adf83a6a77bfa549a6cf1,1,2,0,0,15,9,0,5,200,229.5
8783,c8410766515740784aea968662e6dd722b4b2d70,0,2,1,0,72,0,0,1,430,205.58
8784,3f0b1dfc4da548b166bc3e6aaf4d694c52ddda7b,0,1,0,0,3,6,0,0,242,105.8
8785,1c4df9954e2ba103f09c4160ee918b625c8dc10d,0,0,1,0,0,0,0,0,0,37.77
8786,a8c1f7c4c05330e25b68ddc520b7cf2bd8e90576,0,1,0,0,0,0,0,0,92,21.42
8787,bb64862b8b7e3ee35625bfe8cb003e8eada8e949,1,1,1,0,9,0,0,0,110,144.7
8788,f441e8b60114f24bee79e01b54059514ca25cfaf,3,7,1,1,106,8,0,20,1499,868.98
8789,c95e9f642288bb2816cf84868709ea2543a90ae5,0,7,0,1,194,159,0,24,1029,716.35
8790,5633accdd2ae789f431bb3bdc6be2733930a66d9,0,0,1,0,0,0,0,0,0,34.68
8791,d9e4b49929b793e279acf39469383dad8d6b2e44,1,4,0,0,44,5,0,0,388,303.77
8792,ade21d13478d8d9cf00bd80f2e80729636505522,0,7,0,0,62,6,0,0,546,279.65
8793,3bfffbf1773ca2edebffd826fb2bb44b3d38e065,0,1,0,0,5,0,0,2,183,97.35
8794,9fb3025e12a38136fa583110f8f267091c3db19a,1,2,0,0,7,1,0,2,678,207.4
8795,0ab52e9edc66bac96a2e336f6e9799ff40c7576b,0,2,0,0,13,30,0,2,279,209.6
8796,d7ef63df15aa78cf84a004da62fb2ba1716688ba,1,0,0,0,0,0,0,0,0,53.52
8797,20fff575465f4f2a480277bd3e8973d66a50fcd2,0,1,0,0,0,0,0,0,85,21.21
8798,8a8b8d80bab037bade0239547b6385d009a95168,0,1,0,0,45,26,0,0,74,87.88
8799,4e607e91db6d46ca8cad360dd761cd2eeb56d733,1,4,0,1,25,7,0,0,483,253.27
8800,bd0906c4cb89c0b00d82a5ca4bb1b87e4da2eb0f,0,1,0,0,1,0,0,2,124,1188.06
8801,b12d392e7c1e7e2baca995d475fa259efc6af246,0,7,1,0,66,23,0,9,941,412.38
8802,e43d55445e7abcadb92460bb4d61e28540f1189d,3,5,0,0,16,74,0,6,593,518.98
8803,3667ea605ec9002df225493f0a0b5a6840b6f28d,2,6,1,0,2,71,0,1,598,390.06
8804,35779f22b1921646d7a858156fcafeb8238974f3,0,1,0,0,0,0,0,0,157,26.47
8805,b721ac7ed687500c48a862d6d9ce3ee23f8b5d7a,0,1,0,0,0,0,0,0,303,48.33
8806,0d7af4eeb44fbc988e24a7fbe7e4059e165d5098,0,6,0,0,7,6,0,51,953,532.24
8807,81acd0a490f3ac40cbb2736189796138ac109dd0,0,1,0,0,0,0,0,0,417,63.66
8808,3ad3fbf5f10be78db530fe70c6c29c2a45cd56c0,0,3,0,0,20,5,0,9,152,254.79
8809,4bbc69626eb439c8fe0e6fbf066139d72e8d9795,0,1,0,0,7,0,0,0,73,53.36
8810,3fdb2af0ff51420becf99ece15fb02b96bc02f6a,0,1,0,0,8,10,0,0,49,80.86
8811,e49c3e0eb8e183c9a57cd532c571cdc971575b06,1,4,0,0,84,3,0,0,315,230.24
8812,b22e91358fd2e58fc064968953a73218e87cfc88,1,2,0,1,77,13,0,2,228,331.56
8813,b434b32c0875d31acf30ab156d94d11bd1379975,1,0,0,0,0,0,0,0,0,66.85
8814,392f2cd57380f9070414f4d6d120e4b051d4e061,1,1,0,0,22,11,0,0,253,161.06
8815,a51adc3886d62109b1b7582733ab91e6e175a58c,1,1,0,0,26,11,0,0,170,146.53
8816,a8580ca08dab19f83ee87ea83e0801c516687e62,3,3,0,0,131,2,0,12,439,361.92
8817,8d25e88ec7de962927de350b4702ec183699afb3,0,1,1,0,0,0,0,0,131,67.34
8818,85c3e7e2c2b46b3a2a7efeee77317dd8aabe3479,0,1,0,0,57,49,0,0,13,89.12
8819,3138734dfeda8e625e7f3e4aa43287992edee028,0,1,0,0,0,7,0,0,554,121.52
8820,17618f323a2fafcf66022e3a66e56a2d84ce5cb6,1,1,0,0,23,15,0,0,136,1295.21
8821,a34d46344dccfb7ba34e00337e7c0270cf09e416,2,1,0,0,3,0,0,0,9,138.22
8822,35fa2b71255b2e1ffa910ebcaf05949b0e7a80f1,0,1,0,0,5,3,0,3,79,104.74
8823,232560d0c95f9bccfb199a799ea39a89b44d671b,0,1,0,0,143,0,0,4,369,154.26
8824,a43d3c85884de1f45d4884b26265a53a69d6bee7,0,2,2,0,0,0,0,0,197,139.38
8825,83183ce4d96d497d48705a1d503cce3c9d24d508,0,1,0,0,8,0,0,0,512,109.26
8826,c2ed44d07b8ac70b548dfeb1a181be8909443b75,1,0,0,0,0,0,0,0,0,51.93
8827,c4cb904c90e64bde945117048c5af4cb93e0dddf,0,1,0,0,20,14,0,1,75,127.63
8828,0d181e9ed3864e2b81ae645771f866acac283b87,0,1,0,0,8,0,0,0,95,55.62
8829,44538e10dca767124e175496a58d9dc7c8710eec,1,1,0,0,22,0,0,0,103,115.43
8830,f0be1623fdc5fb45f8ef27ee9985842ea27da400,9,0,0,0,0,0,0,0,0,407.28
8831,751184d2b210d8ff60e26ff1fdebe6f4ff4d82c3,6,0,0,0,0,0,0,0,0,162.69
8832,3f92bd428d5f5a367ed7070dc7a663ac125dbaff,4,0,0,0,0,0,0,0,0,194.52
8833,3c1bbf26c223a970f26b683dcc91d9d0060908e4,0,1,0,0,13,6,0,0,124,92.09
8834,198ceb27751f95ee7f6f870eb4f700c3b97ff746,0,2,0,0,0,0,0,0,31,17.29
8835,d575951cff8c24c8a5ceb9e4dd44c9c0429aaee8,0,1,0,0,0,0,0,0,61,15.59
8836,519210177e626b71a944a80ac06179933a95f1f4,1,0,0,0,0,0,0,0,0,85.78
8837,7abaff3516b4afd34e15c6c238fd1ebaae253325,2,0,0,0,0,0,0,0,0,121.81
8838,be0aea724956ead1ee625bd327c9d43bc7f4a63b,1,26,0,0,97,128,0,22,1862,1698.35
8839,3cbaabc527dee12a1a28ba5542cea60a939baf75,0,1,0,0,14,13,0,0,507,143.07
8840,93a2c79188b7fa3dbbc9921a58fc83bb19343895,0,2,0,2,51,7,0,27,3085,2317.04
8841,969c8b2d08afae9dafe0349c2a10cf43c6deb918,0,0,1,0,0,0,0,0,0,69.41
8842,0e94ecfc7b65021905087b7efa94e3e04f761baf,0,0,1,0,0,0,0,0,0,36.68
8843,52c2b22bd047912c690edd1d770d567250f6d710,0,0,1,0,0,0,0,0,0,33.2
8844,9e0c19f369bb99f9064b871b3e927847a32a9279,0,4,1,0,27,0,0,1,480,280.63
8845,a810255cca67ce011706dd56a2be620ccc4832da,0,2,0,0,37,12,0,1,71,125.68
8846,a3822f220fc724934b55b9a7994e86afa926a41f,2,2,2,0,0,0,0,0,202,265.73
8847,cf7b86de436c8714414f563e8637ceb36ea7aabe,2,2,2,0,0,0,0,0,202,260.71
8848,568d90cf0b718fb659a5fd09319df9b212a2ec2d,0,13,2,0,77,12,0,55,1970,694.66
8849,892ff1dff01f7ec10df7e8e41ed990b92eca0b34,0,1,0,0,12,6,0,8,120,115.04
8850,1e5b24330a9c4397d84be18a4a64296a3a84359d,0,1,0,0,0,0,0,0,265,39.12
8851,119128fb1d05ab5b9539a00fe1c381e8af4a7304,0,0,1,0,0,0,0,0,0,39.18
8852,4facd91ccd0eaafde6c71641e4e1dd2b4d4b7770,0,0,1,0,0,0,0,0,0,37.09
8853,7b6f2f487511d3766089ecd495597440f8a45142,0,0,1,0,0,0,0,0,0,35.32
8854,ef5242405f7977f9c330eb99e1e9b86f3c7d252b,1,2,0,0,32,23,0,4,29,188.13
8855,36585a6ca4430bfb2b2e591724aced95994bb858,0,5,2,0,11,34,0,0,349,231.86
8856,57a2b754f6a5d8844aa35afb511901ad7ee43068,0,4,0,0,0,11,0,1,171,127.69
8857,5d8e4d5b630b5e7da99ac879d102dbb18d6b6ac6,0,14,0,8,0,0,0,0,1469,603.92
8858,ed4b94001fe6d6115e5887bbdd263fd3247548b2,4,0,0,0,0,0,0,0,0,70.81
8859,91d2d384543ea13c7b37a651c0df4647475f1aa0,0,4,0,0,6,6,0,0,854,212.07
8860,ce547d13166f3fac5b052cd8bb2c53b36a7730c5,0,3,0,0,19,15,0,8,484,1454.82
8861,6d9b6ca3f61bb0c66812b8bed5c63d833a2bf26a,0,1,0,0,8,36,0,0,310,126.03
8862,22962998a7b0e0095af1f0585a5401e5bd91b247,1,3,0,0,55,64,0,21,286,365.13
8863,11b9a2bba425667c35325373f489378bcbf93741,0,3,0,1,97,47,0,35,410,374.66
8864,d7c49f5065511f437e37a42361dc2906365b3d82,0,1,1,0,21,0,0,0,615,181.27
8865,6ae2ed40830bd3bf4c94b0038c373f25c5cdba7b,0,0,1,0,0,0,0,0,0,39.82
8866,e6b5eda7359cd1fd2c58f5e33b844c4ea061294a,0,0,1,0,0,0,0,0,0,42.65
8867,ef2edd09d32b988a5ac0209787d28e7a48b79ddb,0,2,1,0,0,26,0,0,408,168.62
8868,95f3ea086fb80cd3966a2e72b0713f4404463818,0,8,0,0,78,116,0,21,602,467.29
8869,58d94aefa19180f4e297137adc0b9c6259450487,3,11,0,0,18,8,0,0,405,442.56
8870,24c2e17c8d52ae2f0f897a5806a3a44fdf62b0a5,0,3,0,0,2,5,0,18,834,248.9
8871,83159624effc4a17daf9efbf549b58ec5df7b9a8,8,6,0,0,0,0,0,0,387,305.26
8872,012e6118ad3de2bfaadd46c76f25bf9d4ad9a9d1,11,4,0,2,0,0,0,0,270,730.61
8873,c3cb2f9c4e5c6dea9b02d93b94440d056d99c05f,3,14,0,1,25,30,0,2,2739,991.52
8874,f05b6774f5cee196b07fd3646927e89e8d486df5,0,1,0,0,19,0,0,0,615,161.25
8875,85a655a08bed08d66af7f4d60e1dc29fc61cd7f4,0,1,0,0,0,0,0,0,634,115.48
8876,08d49b2832a5d54846afbdc75adf81932af0e8cc,0,0,1,0,0,0,0,0,0,39.35
8877,46326ab9181acec53d1e9e7ec8f4a26c672fec31,0,1,0,0,0,0,0,0,647,89.09
8878,96e5a20e0438e158ca98265906a6494838b002bb,0,2,0,0,0,0,0,0,13,15.34
8879,29838c191bda8bc17bc2bc830a8884d8ff117013,0,1,0,0,1,0,0,3,560,163.14
8880,0baad99de3387fd01ca16a43857b5f0b4ae52101,0,3,0,0,40,1,0,1,439,1289.45
8881,3ccb63e240a200cc10180a510efb8c75f33ecc6a,0,1,0,0,0,8,0,0,390,90.41
8882,ab39089f00f403d53c2aa32f8b7a87667884d1bb,2,2,3,0,27,22,0,0,137,287.08
8883,3629ab48d0ec1d8b19e1fe2b73d114c962de8564,0,1,0,0,0,18,0,0,628,134.44
8884,0d9b8c4541236c633f07b3babb133f0c27f10110,0,1,0,0,3,0,0,1,36,74.27
8885,73e4d0ecfd38f5738a9def23ec877b308a409353,5,2,0,0,7,26,0,0,96,361.72
8886,5f62af935c37c0031e23b600b6d43dbbdbe391f8,1,1,0,0,5,0,0,0,9,108.51
8887,83c1cb81e8957c21f72f6c2d7671152b32edebac,0,1,0,0,0,0,0,0,123,26.61
8888,999ac07ca396d051983c1991a29cc188476b2d1a,0,1,0,0,0,0,0,0,56,18.2
8889,8301ee61347012457a9e25fa9b596bd57938a3c9,0,1,1,0,24,3,0,8,340,205.36
8890,5b49f17236379ba0afdc6a536bc70c7e7fcd14ff,0,16,0,6,7,19,0,8,1852,838.81
8891,2de2a299056d4ce0d296cd2909b636db532034f8,0,2,0,0,3,58,0,43,487,241.66
8892,0c43649882c831c1ec88f4e33d8a59b1cbf5f2fe,0,14,0,0,591,0,0,2,1569,527.92
8893,71888a73e52904bf04a9808445afec1913987478,0,0,1,0,0,0,0,0,0,37.27
8894,4c1eeca509c080cb1cb860943af021e8c2361986,0,2,0,0,4,0,0,0,31,53.28
8895,6f9bf064d251f25dded1931627d5af3b3eddabd0,0,4,0,0,40,0,0,0,95,142.98
8896,45be6711b0b00ec851e32f255f2cbfe421762b05,0,3,0,0,4,0,0,0,64,112.85
8897,3d200070c4404dbce61d80fcdda4509ece383937,2,21,2,0,305,179,0,4,4155,1861.96
8898,7a6337c4e84f479412780ac4b73df28a3082c195,0,2,0,0,0,4,0,16,157,156.48
8899,cd9447d935be8b6911dd46825addb6cdc9d2c51e,0,0,1,0,0,0,0,0,0,41.39
8900,9c0463eabd7fb0a6cd368a62ce73b18d64d080c0,0,1,0,0,0,0,0,0,3,1134.62
8901,38f1289dde381edf4a4bed1022949acaad953396,1,0,1,0,0,0,0,0,0,127.88
8902,a9e5395e5bd4980e1451b84ae7116746b81ff109,0,1,0,0,0,0,0,0,100,21.99
8903,f487d8ca54dc3de030b3332825e3faa028f6e590,0,2,0,0,6,0,0,2,434,182.28
8904,a5a560297ac28c51af79f6d61c8e0739bd3d7f7c,0,1,0,0,11,3,0,8,353,157.61
8905,73e7bebb04680e965c74a1063aac544fa80f85fe,2,1,0,0,0,78,0,0,286,219.49
8906,e6a318c420aceecfa86810db4c280fcb6bcd5a8b,0,1,0,0,0,0,0,0,73,20.7
8907,5e80638e7f3c7938492ad97538a8e7d26167080f,1,0,3,0,0,0,0,0,0,173.31
8908,2044157ac5acd2dbdb184a75ddd3be0be444bb31,0,0,1,0,0,0,0,0,0,34.83
8909,5ff5706c3ce5168b0f447842b90434c722894e5a,0,1,0,0,20,23,0,0,37,81.33
8910,39710d3c748a0d24cda6ea8d94b539d7abeaaf3c,3,1,0,0,10,1,0,4,99,265.4
8911,bf75183a2b0acd9b2b514c479d461acce9f15c01,0,1,0,0,0,0,0,0,26,14.97
8912,47234aabd570211ae82bbe3a5a9da99abfa3a740,0,1,0,0,0,6,0,0,128,55.47
8913,6fdbd03674db761f0b686be2ac145bc4022df9a3,0,1,0,0,0,0,0,0,128,26.87
8914,de353210677b2cbcec30662dc3e9ac623c061687,0,6,0,3,58,55,0,3,100,299.82
8915,4de10bb124984a6f6c2c0bd588fd96472633ca12,0,4,0,1,52,0,0,0,209,223.64
8916,70f136254d9cc96a3d70efeb0c24d94658d8d3dc,0,1,0,0,0,0,0,0,34,14.6
8917,3b1976a5c8df28f737b04a7cb6cf96312d363c7d,0,2,0,0,0,8,0,8,432,197.68
8918,c548a3d335dc4fcc2c1012a5d3f0f956feff7276,0,0,1,0,0,0,0,0,0,34.07
8919,f425b3a5fe4858dd145a24edbac30795afbd173b,1,2,1,0,1,10,0,1,150,229.78
8920,3aa92af9a68015f240c6dcc46313202e78ea5883,0,2,0,0,6,1,0,2,365,1305.67
8921,fc7ac3dc7614ca3f9829e9475ea1e419cdc08522,0,1,0,0,0,0,0,0,148,28.0
8922,9268c0520a2d4b3e0a4aafeccc55568dcc407575,1,0,0,0,0,0,0,0,0,58.24
8923,9d8a2e2607f949f755d1fb5934d55c164f536d27,1,1,0,0,18,3,0,0,79,136.78
8924,4fa828810c9c9eeada8ba64e294905e06a90b63a,1,1,0,0,21,10,0,0,81,139.78
8925,186b8df4155a4c171d71f1c806290bd94374416c,2,1,0,0,3,0,0,0,9,141.5
8926,c58ccf664d1cace0cc2d40f4a62fd986bb47f731,1,2,0,0,0,23,0,0,252,162.88
8927,95ae323800b49c846658339a1ffcdcd46f03da47,0,0,1,0,0,0,0,0,0,33.86
8928,2004286d29b7971376e778ec763d9c688b41dc10,1,6,0,0,114,36,0,42,1277,642.62
8929,b20e57d29387a84c85836e62b6c02f24fefccd7c,0,1,0,0,1,0,0,1,109,79.4
8930,65e822b67ec93e5cf50e6303c838c3b30935834a,0,10,0,1,191,103,0,16,1309,674.22
8931,7db4972b31d8f800e56002fb91214d23e3fddfac,0,0,1,0,0,0,0,0,0,39.01
8932,1de854a7fa907c47ecbcd9aee625467e0127f929,2,0,0,0,0,0,0,0,0,108.02
8933,490c8c3bb7ca2bdc552d1755acffcc8bc2a8286f,0,1,0,0,0,12,0,8,622,183.58
8934,ddfd4b89e06a4c89fa39f79ad2d3633c9dd09a85,0,8,0,0,114,5,0,10,771,525.8
8935,638d19672674ace50667cba783c95cbbf4cbdf4e,0,1,0,0,102,73,0,0,8,103.58
8936,7eb40722fe10c70a0cb9574651411f0148421a43,0,5,0,0,18,19,0,6,857,327.18
8937,2f938665e2d55fe5a41a08fd5d01a4535a79e396,1,1,0,1,33,14,0,0,31,163.48
8938,8f4534432f380be7a4b0fb6e7d80ad7085f6ab4a,0,2,0,0,0,0,0,0,18,22.44
8939,c7d4e85765529189d759c7bed44507ba1ccacdee,0,1,0,0,3,0,0,0,24,46.64
8940,dbb175539a959a09bc8aefa20b3f7971d0b54627,0,26,0,0,89,108,0,168,4047,3095.8
8941,9839126b7d05eb4b6966e77e0893fb09b445803f,0,1,0,0,1,0,0,0,70,75.08
8942,3ff8d9c698f3ef80525b80c304372db81f293ed2,1,3,0,0,9,0,0,1,116,184.84
8943,8c3e85e03a464630e4f9a07e78ee7db27fe0abf0,1,0,0,0,0,0,0,0,0,57.11
8944,3d39cb0db939805ed7b86ed8ceabef98a160a97a,10,0,0,0,0,0,0,0,0,505.63
8945,555de0cfe471946e55d012d298ec59596d4a9a88,1,1,0,0,13,0,0,1,81,93.97
8946,356e8005b750444ff006c18cceedc2588de6105a,0,2,0,0,29,16,0,11,310,202.63
8947,f9532cba36c04fbde7e6956a0813ba260ad96953,0,1,0,0,13,4,0,0,89,84.24
8948,fcc91ebd0c9bc0a79b3b2ea9c264af78a88c49ea,1,1,0,0,21,5,0,0,65,140.21
8949,9bf4ea9d04b6dd605d875e675a9ea225b623f258,1,2,0,0,0,21,0,0,69,108.27
8950,3a92a8732465219db3147dd5625e71e9838146e9,0,1,0,0,9,0,0,1,64,88.23
8951,c66e0d5de1fd8a1e94a19017f0effbc1cf5b89c2,0,3,0,0,0,0,0,0,877,166.04
8952,c3b339c66894596dcd176310c6425e3cb60cfcb2,0,5,0,0,0,0,0,0,1251,195.82
8953,70fd9939e911a6de098adc4a3142a8d994e2ad90,4,1,0,0,2,19,0,3,576,352.52
8954,3fa4a46daf3c3197bee6637f851b0f297efa3fcb,0,0,1,0,0,0,0,0,0,43.79
8955,0446b6780e3eb0d677e25d75ac329825a598612d,0,0,1,0,0,0,0,0,0,37.02
8956,02ff4bfe90d8e8b896c9f1a1bdbe8d43a48f5de7,0,0,1,0,0,0,0,0,0,34.84
8957,7c0989bf52ec23147a4b61d94fe878a11ab42cd0,2,3,0,0,104,53,0,9,224,346.06
8958,611c2ec3787e2e7a013020ace6162ccbe53743c7,0,3,0,0,4,9,0,1,208,139.92
8959,6f023c8f72bc2c8d2181885ffd1c08edab446758,0,1,0,0,0,0,0,0,25,15.68
8960,b60ebc5d8d8e8b2d8ed8e8ab78934c5bbf75edb6,0,0,0,0,0,0,0,0,0,1147.69
8961,cd60ed8d25f32831b3ed53a5d9d770b5b37d90e0,0,1,0,0,22,61,0,2,46,116.27
8962,915f285303f517b60543af2ee5ab03594a11b54b,0,1,0,0,15,13,0,4,52,118.24
8963,2b38db6178b934fbb5835f8683e5c866b81d799b,0,1,0,0,22,12,0,4,26,108.9
8964,5d958bced9a97f4c726d54562afe6c6fbb2519ed,0,1,0,0,22,0,0,0,67,58.36
8965,ca94fbcd444c6d36e7c779def6f364c69f1cf40d,0,1,0,0,0,0,0,0,156,30.67
8966,00fe8a01192a523544d3868360a924863a69d8f8,2,3,0,0,42,1,0,0,621,344.73
8967,b0165c957148d76e050b3555c1f12567a81fd4cf,0,0,1,0,0,0,0,0,0,33.98
8968,730eed71ef3f718d61f85d5e94b1060844ca56db,0,15,0,2,26,19,0,30,1625,676.84
8969,f580369dba3c5d5d1546ee7566d5fae3b61d74a4,0,1,0,0,0,1,0,0,25,43.14
8970,bd60104dc1d641bb597d61db992c9367563c4389,2,1,0,0,6,0,0,0,8,183.69
8971,c2a443a8c4f2ce8ee3d51e60f667823a9075861a,0,2,0,0,46,0,0,0,374,147.92
8972,05e023976ec8e5b92200f9d177c8b2e7f67b0577,0,1,0,0,10,16,0,17,612,202.45
8973,11972e1194775992ba42a28a537ea6ad4ba606fb,1,0,0,0,0,0,0,0,0,76.57
8974,ecc4f57dd9ee1244c2ffec3cb78a7e97933b8da7,0,1,0,0,0,6,0,2,616,171.41
8975,571c73928ebba94a7ac05c41b850931045cb4eb9,0,1,0,0,0,3,0,0,53,48.01
8976,63468c09938755445b166173a5abd7962d531cac,0,1,0,0,0,19,0,0,44,45.28
8977,869a53207a2d1324b006431c186f294cbb1d7226,0,1,0,0,3,0,0,1,52,75.94
8978,97b5d3c17de246967e6d2d83fe1c2abe538cc247,0,2,0,0,7,15,0,25,529,184.64
8979,71ccda65e0f183e9de5aa2e34ade263ff1e8ae83,0,1,0,0,0,6,0,0,74,44.21
8980,8bf043a7f78d73ac3524a536a991272928268aa5,0,1,0,0,0,6,0,26,209,1191.74
8981,c54d9a64cb77cb7c862df6565eec209e5a3694eb,0,2,0,0,10,100,0,0,395,181.27
8982,991a55954c8a34816149c3e3e8d4dc924a3ddcd5,0,2,0,0,8,9,0,1,372,154.78
8983,1e194077ff924c2d71f8fd60f40d0f85b3fb4de5,0,1,0,0,2,0,0,1,616,171.5
8984,4eabeb9ae7e3b96a3a9490aa12f9016ea9ecc768,0,1,0,0,20,4,0,4,552,186.75
8985,7628d16aff75fd9ddc325e23f5f43c824258c1e5,1,6,0,0,230,321,0,14,1295,698.33
8986,3755bc9493f373ffdb81aab23cdb5b7c03885795,0,1,0,0,0,0,0,0,563,123.78
8987,ef45d34b0c5c8924114538b79b71a7ad7320da15,0,1,0,0,0,0,0,0,563,118.14
8988,4021c8aa84ae0c4e645c8b95ff5a8ffe5bce6862,0,8,0,0,27,18,0,18,198,167.24
8989,0ac4bcfba03388837d2a76e08551266ae2185fe3,0,0,1,0,0,0,0,0,0,38.63
8990,4870fe5690258b914676b3f74352a47fc916b64e,0,1,0,0,0,7,0,0,12,42.05
8991,e86a3c2ad9fe055e94d2d526d7cda7f45244f87a,0,0,1,0,0,0,0,0,0,39.34
8992,c4e7062728dbd75e5da4cda8b2ec375541e3a27b,0,0,1,0,0,0,0,0,0,35.22
8993,c51787c9913cd001d15328237c2a00c8fcf6f0e8,0,4,1,0,0,0,0,0,214,97.35
8994,99667f1c5cb0127d5bc7c90b7e6fcf8595d03e76,0,2,1,0,0,26,0,0,382,169.45
8995,8e0546eaf1c449bd3b131299005856d6e98c1310,0,0,4,0,0,0,0,0,0,127.55
8996,e4a50403d46d3bd0b4b708651757cc50786eef75,0,1,1,0,0,41,0,0,64,81.25
8997,394afeabf5f7779d6621ccf529d7c3df6cc0b09d,0,3,2,0,0,80,0,0,456,232.7
8998,d30957a419ab276f2c5937d8ab2d8887b176704c,0,2,1,0,0,0,0,0,236,79.75
8999,dff98462ea524515f823882a83d12c8676785716,0,1,0,0,0,0,0,0,25,17.28
9000,1d1a6a389423f80517150f2dd53bd2e93373d781,0,1,0,0,0,0,0,0,273,1201.98
9001,d5d45c8cc5924a6f387009eb6d0d053106055c3b,2,2,0,0,72,3,0,0,74,250.86
9002,7621c57eb199f7225f5d9a06aee52914f6896780,4,2,0,0,41,4,0,0,622,517.46
9003,1850193b956b899aefd3ea84fe726e10b9359b55,1,2,0,0,59,75,0,0,627,304.62
9004,c93eff6de0bee4804f57f2ee4d7431f4ba0a4963,0,6,0,0,12,0,0,0,1828,298.66
9005,d3b1d18065bc7faad62cc584cc78c2f3edc9847e,0,1,0,0,217,73,0,24,355,216.73
9006,c58a784f07d6cac3009636dcd4ec0dac6906908e,0,1,0,0,0,0,0,0,166,33.25
9007,f3758f3d2f898706bd3cb40699e3df75e34f112d,0,4,0,0,4,32,0,1,144,168.87
9008,b9cd88a79c58810c95b078560168e3ab80d42093,0,1,0,0,21,0,0,0,166,69.25
9009,69bf1d6a2b8c5f922e5860ca341a0a40332e10ca,0,2,0,0,6,63,0,18,337,229.41
9010,735b5141f14bc56a0c88d792b8413bcad42f0ce3,7,33,2,0,195,105,0,31,2680,2175.76
9011,f22dd5b0a26d85d5bbbb2adbd41855458e83ebc9,6,10,0,0,58,388,0,61,1672,1184.62
9012,c9e392b53b48c8ae0b189905a9b4cf878bf741e4,0,24,0,0,275,226,0,148,4956,2031.66
9013,a54f8c8604db181ec2452c064fb6aa87f7651b2f,0,1,0,0,1,0,0,9,162,94.6
9014,22f7aeff8717306403d98a17eddc6be6e21dd14c,0,1,0,0,0,9,0,1,204,88.16
9015,76ecd7abd239d6690e5e6ea9afe8262c7a389f26,0,3,0,0,27,50,0,2,1033,247.08
9016,091f4482d70dc8b6f9de77672346ca063f37ae29,0,3,0,0,0,6,0,5,225,107.58
9017,52b49c8c38b5c3bf86db723c0e4a125271709750,0,1,0,0,0,0,0,0,117,24.91
9018,2f6fbb5ad792a8ff7d0af5a368aa27480f18e402,0,2,0,0,19,37,0,7,192,207.8
9019,db98eabf76fe35201b18a85fee9dbc13e2dd3379,1,2,0,0,0,20,0,0,402,181.09
9020,337e16782b983e4bd203f670362825d2a0bebe0f,0,1,0,0,3,0,0,0,27,1156.61
9021,d23704d9ca58f4866840f63ced1aef21dff10436,0,6,0,0,29,39,0,38,1074,398.39
9022,773f711ba45bc7388453980c258c2501ad014fa3,0,1,0,0,0,4,0,4,43,70.64
9023,ce49a9040d255ebda3dd3b4512c9d9b00746ac12,0,4,0,0,0,8,0,0,327,100.56
9024,397c9c60e9d24556945d9c59507bfb0dbd6e31a6,0,3,0,0,22,55,0,0,252,164.5
9025,8e3985110693d2999a4b827929891ca2e6575cd2,20,0,0,0,0,0,0,0,0,815.18
9026,c9f7282219221bf8fe920efb49766a85ce5a0ca8,0,1,0,0,0,0,0,0,186,30.55
9027,dd34f5e7fa558448d3ff5fad80e9f3fa410ecfc0,0,1,0,0,3,0,0,0,186,69.27
9028,ba5c495ce02da7738e4008fdcefacd1194b871fd,0,1,0,0,3,0,0,0,32,45.18
9029,a9ca80bbad96188d81a15dd7da5d7bc0814c0d1d,0,4,0,0,35,31,0,1,374,291.81
9030,9e6495175aba30ef3be27a5ff0e5f59ec5c42f72,2,30,1,2,36,2,0,24,4940,1490.92
9031,5095853a50424be5cfe5f2253e07c6e32dcf0ff0,0,1,0,0,4,39,0,1,152,116.14
9032,96a0196449927338e6107d49c3329d88f91f020b,0,1,0,0,8,0,0,0,156,63.35
9033,754cdaec788743c4caa3dad22996fbde05e704e3,0,1,0,0,16,0,0,0,8,44.99
9034,8492bea585a89385b8f9069ff825ed2de940c68a,0,1,0,0,3,11,0,3,178,117.38
9035,69969409857f11e97cb490d083ab54cc24596b7c,0,1,0,0,0,4,0,0,177,57.61
9036,17ebd5fac8650c6a123d813a3c201ae1ac77f572,0,1,0,0,0,0,0,0,177,30.23
9037,5f5b043d26f82c42453f3eb5695d49f809f63c1a,0,1,0,0,31,54,0,0,20,77.56
9038,cf65720aef60fe771833a96de4d0e2d6a9d11725,0,1,0,0,11,0,0,1,138,95.28
9039,04ede2c66cb030a162436a1f6b1317fa4bdf34df,0,4,0,0,0,0,0,0,853,146.2
9040,093ddc1c27fddd4aae846ef28af938ae38c72c39,1,23,0,1,91,24,0,62,5092,2729.22
9041,178fe6b6784b9c7e055f9f2617bb6a2772980543,0,1,0,0,14,6,0,8,117,117.33
9042,1999f1634b2ef714a35f441a2e23e990c5ec3ca6,0,1,0,0,0,0,0,0,0,12.51
9043,5701a20e9f719784dd5c217dedb7570d7b1f6924,0,1,0,0,0,1,0,0,44,38.46
9044,22a7eccacc6b5847ac96f791378ecf7bb25d03d0,0,1,0,0,31,4,0,0,160,108.45
9045,70107c4647ecac3df9b1b8c7920e7cb99ad550f1,1,3,0,0,49,24,0,0,185,230.06
9046,6051f5cb0dccecca24b2edb7065eabc5ea1b7bec,0,4,0,0,7,0,0,0,938,180.73
9047,b54fb2e6262d07f7f9672f6fcf0e0b7d57f5be37,0,3,0,0,13,1,0,1,95,146.05
9048,edebb108d0d0477efba81e55b07339755739dd39,0,5,0,0,6,2,0,19,1626,428.22
9049,971c5633b63724c6627c3d2b344172889a72aa75,0,2,0,1,0,0,0,0,6,29.33
9050,ba089aa59330644d4f4a00227cd2bb58e404894c,0,3,0,0,62,1,0,4,505,246.16
9051,ce71fb5e7e8b7a5421cd4bd15264273facd9986d,0,1,0,0,14,8,0,2,229,131.95
9052,af692899350b75b4bfc25e1460c8f924507cda84,0,1,0,0,0,3,0,0,569,129.78
9053,6b9b242988254d3adb28ff614b37d0874cf22ba7,0,1,0,0,36,48,0,6,361,159.05
9054,09568bd30415c92b4eddacde38d41c595474e178,0,1,0,0,0,0,0,0,95,19.76
9055,1b5a25178789945d63356bd6f923051e8c7fec4d,1,20,0,0,184,140,0,57,5121,1880.09
9056,6f1e9142f85ac21b28410b8a429029549058db40,0,1,0,0,0,5,0,1,39,70.09
9057,d049d3a3ecb300748bb8c668e4a8f13ca999034e,0,1,0,0,0,5,0,1,40,68.28
9058,5db40c3b1e2ddc0791b7ffb730640b6ab343dffd,1,0,1,0,0,0,0,0,0,113.86
9059,d43e6b82ea16f49aee5006de8d63212af7fea8fc,1,12,0,0,201,38,0,51,2631,899.3
9060,3bf06b9dd3dc66dcfdeccaaa591ace41ea51e343,13,36,0,1,75,107,0,36,6225,3556.94
9061,bdb776035f7266916e9debc7a0d4e7cc5cb1dfd3,1,20,0,0,236,172,0,78,5881,2173.77
9062,d954b2541f965684f14c1ffe24755d44bad0cb2e,1,0,1,0,0,0,0,0,0,85.38
9063,154bb6e880af890a94a1a035e58ce00796022740,0,1,0,0,7,13,0,0,61,75.19
9064,cc22268e14a4097535e660bb49f09a9ba698a49b,0,2,0,0,7,34,0,0,263,134.96
9065,0e99a230d6f4371023cde795aaff2ee6b12dcdac,0,23,0,3,2,53,0,3,1323,747.19
9066,607081782471e0989432c1fce3c592f4d79a3871,22,0,0,0,0,0,0,0,0,941.95
9067,852f87638af54536cb6dfed190a250aca0ebb12f,0,1,0,0,0,5,0,0,92,44.77
9068,fab31b27d7e9f2b529936acbd39b5011778822b6,0,3,0,0,20,20,0,1,244,188.37
9069,65dedef91dbc8fa223274ea9ab529bf73ce503aa,0,12,0,1,31,97,0,3,1723,722.35
9070,435807e51cec99e1114277ee28f7672dd4676588,0,3,0,0,8,5,0,0,275,111.71
9071,c0149ba98c00b5d4f0c0896135bc735e0579cb9e,0,1,0,0,0,0,0,0,6,9.36
9072,168660ab29a1bc45a75d9b8360c3ef857ee70883,0,1,0,0,3,0,0,5,30,71.27
9073,34aa3f5ac9e5efb4d10680dd885ba1bf2f81b7f6,0,6,0,0,9,4,0,0,186,198.51
9074,1f1cc86a82f5e32490722bc01ef7071b9e24c6a2,0,3,0,0,60,0,0,1,85,130.55
9075,cd8857ba20e725a2c1b226488e9c88459674acc8,0,1,0,0,2,1,0,4,466,151.77
9076,eed09094a7d241ecede75034b42a54245027145c,0,1,0,0,6,4,0,0,167,108.23
9077,5806ab8f32a957781711acab5fc95289fe817b00,0,6,0,1,0,9,0,0,305,119.44
9078,7a5f047e7a6ef37dd33abc3c9e9533fbf593a5be,0,1,0,0,0,2,0,2,106,76.04
9079,4c6be5ac85d22b57550c6a55837149234125bce5,1,3,0,0,3,48,0,0,270,234.15
9080,1c36d22a7c51e080dcf6766c71677741a1c68194,0,4,0,0,71,82,0,2,237,1244.18
9081,b2ac45b5662c759ea15f51219606ea906054155d,0,1,0,0,0,9,0,0,77,44.35
9082,108a90afa8b47e002b976acc74c4062c3bfb9eec,0,2,0,0,11,11,0,0,39,92.89
9083,17c07ac2a3695ebe2e220c04420f4da0f1a98bed,1,2,1,0,48,32,0,0,516,280.64
9084,14aae5937e27a9df806dc6cce9bcb88c9188802b,0,2,0,0,11,18,0,5,271,176.22
9085,cb91548101091af372c6324c1bbd87410cfc5b5f,0,0,1,0,0,0,0,0,0,34.13
9086,2e924a17115045abbc1df6e156c7e346b7ffd02c,0,2,0,0,1,5,0,0,37,99.91
9087,651ebf4de46eeff3f45cca8c1861d7f516a75816,0,1,0,0,0,0,0,0,100,25.25
9088,459fd929399ad6c80535255eefa278564ec33683,0,1,0,0,0,0,0,0,178,35.94
9089,492d1d40100b1297281408bf0d83b6db5378b9cb,0,3,0,0,53,0,0,15,1682,352.28
9090,38f7a9c6393f39fd228a009a158a2ff2331aa8e8,0,0,0,0,0,0,0,0,0,10.34
9091,8b8dd8031819336200005e690ca66deaed5b1268,0,5,0,0,43,31,0,2,772,382.66
9092,654e71832bff644eeb9433671015b99394e8105e,0,1,0,0,6,24,0,23,440,151.1
9093,7c95643f6c7570b700b00eea982581d3d57ab935,1,0,0,0,0,0,0,0,0,58.61
9094,2a60cd7f865c5ef22452d34c673deba543200676,1,0,0,0,0,0,0,0,0,62.12
9095,94c24723192e3a6e5a90eca579168724463f083c,0,5,1,0,59,62,0,13,922,474.67
9096,cb3ffca1627981cfdb27db6ee0976ef44d73fe1a,0,1,0,0,0,0,0,0,370,53.09
9097,33ec4f2f97cc726860859ba3503a35a6997f1854,0,1,0,0,8,0,0,12,259,108.21
9098,937c0dbc446e4c14c16fb5cb2aa64e375aa63548,0,0,1,0,0,0,0,0,0,33.55
9099,572b9d6250b8bcdd5d9968ab12a223a3daf762f1,0,0,2,0,0,0,0,0,0,59.08
9100,b4593e52b4eb1dc35ab96615a0de0f3568cab7ce,0,1,0,0,0,0,0,0,221,1175.79
9101,237d07c76b51c171f0f41f9f82d777df26da1dd4,10,18,0,0,51,225,0,41,4148,1938.85
9102,19570c6c2938628a7e44c6f2bf3ce7ec04959ae6,3,0,0,0,0,0,0,0,0,169.61
9103,d6b94e83bb3db0e0a65a8e1722aa0dec51cbcfd7,0,1,0,0,1,0,0,0,40,42.66
9104,76f979b7d35125b161e5cd71a948b969aa712ef8,18,0,0,0,0,0,0,0,0,1074.4
9105,04c21dd68a5a25b54584e28276f701d9297b589f,0,1,0,0,1,6,0,0,53,69.95
9106,64e62376536fb9487487b0c6f8190efb5b37246f,0,0,0,0,0,0,0,0,0,14.37
9107,11a8234b50586d476371c64f9d751e8e65fdad0a,1,2,0,0,28,0,0,1,147,157.12
9108,39e138408f91f3b88170f63e2e89e5704eb32ff0,3,14,0,1,28,50,0,3,935,606.04
9109,9ac14a6048982d5bdd19379114ef109483c2abce,0,1,0,0,0,1,0,0,640,106.81
9110,91a53838b60cd77cfef40f16cce8324c5c24ca82,0,1,0,0,0,0,0,0,173,31.23
9111,ba61b191723c39ccb6622845ee8dea42d7946735,2,9,0,0,82,5,0,12,1105,540.41
9112,94f84a5c7b4876dee5b34e6a3725da7ee06a607f,4,19,0,0,27,187,0,14,2150,1080.97
9113,e8daa49a593edc401cd44761b25b1324b11be4a6,0,8,1,0,0,19,0,6,732,407.48
9114,b28e434b4d7a9a419d4bb23d90af95c7d4f44c7c,0,1,0,0,0,0,0,0,389,55.69
9115,cf49c732f5c4aba3d924d4ec5c4007b2a241c795,0,1,0,0,0,4,0,0,31,43.23
9116,eb683e5db2f8eafc927f7c77579cf1109375479a,1,0,0,0,0,0,0,0,0,48.58
9117,c4786e8519c6394ffccadd661c8462108c70cdc6,0,1,0,0,0,0,0,0,76,18.9
9118,c6f3dbc3c85a438e6de04109d730f1cd849acf4f,0,5,0,0,8,0,0,0,779,188.51
9119,9c329484f9e8da58b3f0ac4e48348ba3e781dd08,0,3,0,0,31,0,0,1,692,232.47
9120,741dfd1f792a268128c31d6f663d4b0ff3d0c933,0,1,0,0,5,3,0,8,121,1219.29
9121,19d20e5cf8d44d726b4a44575e6c8db677e4c3c8,1,29,1,2,14,136,0,32,4533,1093.63
9122,e2579e39602ab7d3e906a185353dd413aca58317,3,1,0,0,36,0,0,0,260,347.36
9123,2416f08ae5ef572b0f27f80a958a28952b225bda,1,0,0,0,0,0,0,0,0,75.15
9124,38e4e2b8f9bc63a793a2bddef5a578e3f80b7376,3,6,0,0,219,140,0,2,261,644.16
9125,56afa2e32a841922417e4ed02282d96c430875c2,0,1,0,0,3,5,0,6,121,116.18
9126,ec3b36c4f0941ded4cb8768897269d9769f80532,6,0,0,0,0,0,0,0,0,289.38
9127,bbfaf57fcd1533be71de8c65fda3163c0649cd43,2,0,0,0,0,0,0,0,0,146.48
9128,f10a7d8b5da5d9836a8fb3b2f38e099152f1d75f,0,12,0,0,91,9,0,1,3839,707.75
9129,043540bfd29ff1886c83c71c7b178d1261fa35bd,16,24,1,8,661,36,0,17,2464,2854.94
9130,4399181844a1657b78d32e1e543f63a621f07441,0,1,0,0,0,0,0,0,297,46.78
9131,953a5ffcbdae4115f7d525f310723cf8770779df,0,9,0,0,42,71,0,29,750,607.17
9132,fd04309c8828637de895cbb8470bc210a3f33b66,0,2,0,2,8,1,0,2,32,144.38
9133,6a66f7acf370e12ad65ee24293ed47d2c5db225c,0,1,0,0,8,3,0,0,116,83.81
9134,a5cc7561d840a88b959944931583ecd7521a5445,0,1,0,0,11,0,0,0,115,58.64
9135,b464df2e5728bebee45dde7410ddb4f5ff1e6e2f,0,1,0,0,5,0,0,2,99,76.84
9136,25169cfefacbb34adc921ed3756e9a0069b08984,0,1,0,0,0,7,0,4,298,111.63
9137,1e15c4fb2a5c59c99597431d922492d621f9f9aa,3,3,1,0,2,1,0,0,122,263.61
9138,413e3feb786df9b0df951eae7e942ac45ba3d22a,16,6,0,4,28,0,0,0,194,1005.13
9139,2345bbe0c8cfc1af75b8faef243dcde11777d5b7,9,0,0,0,0,0,0,0,0,335.78
9140,cff74d3fe769c4844fc4faeb2ae604778d92f9d6,0,8,1,1,71,40,0,37,1329,1675.43
9141,3ed490f0f4e561f1ef8b3660d4370030db6115dc,10,3,0,1,21,2,0,1,341,846.4
9142,2819e6c230f3e57097f15c250fb01c3155168396,27,15,0,0,244,59,0,2,1138,2249.21
9143,35d13628427fe0d05ed79efce151cd63ee1eb911,1,12,0,0,1,37,0,16,2436,610.29
9144,5968206f843a58e10e3db58cde3407bb3608d085,18,10,0,0,26,25,0,0,814,1470.7
9145,6f66e2358f04b96dd9462c89ac192f829db8846c,0,0,0,0,0,0,0,0,0,5.05
9146,939038fc2a5bfff5a1fc9347a2c21f5876910e0f,8,11,5,0,0,0,0,0,256,443.73
9147,8d1c5579e2ac6e2f46cd3be929db969c088ad42b,0,1,0,0,2,0,0,1,137,81.55
9148,0e8dc81c8712299efcda9cec565f0a514f7b2fcf,2,1,0,0,0,25,0,0,127,149.1
9149,339ca788028b8f1987c336075ffd64f8b8bbd926,1,7,0,3,19,110,0,0,294,400.43
9150,c28c6e818c9447b689bb89fe65180bbd0b4c0c8f,4,14,1,0,75,225,0,31,2467,1297.94
9151,9976c709d9a5a3b5d6361edabc9d63aaf4b1e748,0,1,0,0,0,0,0,0,5,11.53
9152,eedf65fc2f4c20d69b62893746b0db696d3d18e0,14,6,0,0,96,11,0,3,892,1096.2
9153,d24e20b8b1ac8bf5207ac8f153eeead914bed834,0,1,0,0,0,6,0,0,634,106.03
9154,21cff1d00d4866614c005e005000b4e8ad783142,0,1,1,0,0,13,0,3,621,162.12
9155,2a139b85aa67bd3625d46838f4e6f8cdfeafa2f6,0,2,0,0,11,10,0,68,712,296.9
9156,8a91b07d5ab85b6bf100a36c5e26e6297a7f3a2a,0,1,0,0,0,0,0,0,134,25.77
9157,d67f7dbaa096f7b2915675a1012fe31003441e7c,0,3,1,0,0,24,0,0,515,165.33
9158,b6b4baf588fae0494e32492ac16df8977d8cfc1b,2,12,0,0,10,5,0,9,3746,737.83
9159,6c7ddf39af5bd3bd3e9131332c104be7f0f894fb,0,1,1,0,3,3,0,0,21,104.78
9160,76b9f8b5a4a2e0384850ec1cfb3dfa7607189933,0,1,1,0,6,3,0,0,19,1253.5
9161,e20a9f8947244315f7732c719ebf8f77e7699a57,6,51,2,14,183,19,0,1,4110,1910.47
9162,1a10fbef644ad32a3358711bfa5a167118186482,1,1,0,0,0,39,0,0,25,99.69
9163,c02eec9e1b758cfd743623635eb063d24b366780,5,0,0,0,0,0,0,0,0,418.47
9164,e63e4b9667e50c267555b64efa7c77db2d577f5b,1,4,0,2,98,6,0,2,147,296.28
9165,d814f04e5f14c258c359777c0e8fbd381d4b8679,1,1,0,0,0,0,0,0,0,19.36
9166,1f944beb81264c1834b336b05a7ac2833bcdf5c6,0,1,0,0,0,6,0,0,247,67.05
9167,5aee179cb6677aad1e1b6f1808873167c4a05789,0,8,0,0,8,25,0,13,1995,729.14
9168,299747fc698d99ff826a810b2b354db53b34848c,3,8,0,0,35,16,0,3,1135,666.92
9169,92c7808e9a2d02b17d4cfddf2afe675260fe4a59,0,1,0,0,1,0,0,6,22,68.7
9170,7a273577021bf84927242c9372757215e1ff9fc3,22,0,0,0,0,0,0,0,0,973.49
9171,2410b24d81baaedd33f06bda7d55bc500ddc63db,3,0,0,0,0,0,0,0,0,202.4
9172,2f80c8e289c30ca89c41983077b396cec571594b,1,0,0,0,0,0,0,0,0,10.74
9173,1eb818bc65a17163786bf71ea69982406d13d964,4,0,0,0,0,0,0,0,0,150.29
9174,64680246732fe78b4fa77de628b7f214fe2946fa,6,9,0,8,2,0,0,0,616,389.96
9175,92ae67d788050f2e2d457692bc0c638bc142a265,19,2,0,0,9,0,0,0,56,793.14
9176,aee1f182e8fbd311713d1661ab61755b069b1a6c,0,1,0,0,0,0,0,0,291,51.91
9177,284e4486e57270c63b4f08d56599b1b4f97006c7,0,1,0,0,1,0,0,2,116,78.28
9178,5776709885d7eaa52df5fc08bbed65da6aab6001,0,1,0,0,6,3,0,0,52,78.04
9179,7c4d649359d4110b0ca5881b5024109ca0a56263,0,1,0,0,0,0,0,0,9,9.4
9180,39dc41d0047de0b9ad5a5bc4ea904e1326f96f68,3,0,0,0,0,0,0,0,0,1208.77
9181,f8c104afefa49aaf6cd68edb8a70c3b258b03180,2,3,1,0,9,12,0,0,82,299.99
9182,ceb22333e02a7c6a278b3701e331ed5777c66a26,0,3,0,0,77,0,0,0,90,93.07
9183,475a88c26a0c487bbf07cd51c16599911ab4a740,1,0,0,0,0,0,0,0,0,9.89
9184,7b975aac771f4676a77a63fbe7d85259614056e3,1,10,0,0,0,1,0,2,1568,383.5
9185,4bd2db2abf73f233632a0f256ac00c30dba0c6ec,16,2,0,0,9,0,0,0,68,748.29
9186,2f2790ca1354a9a166dcdd1b8a713b5917aae9a9,0,3,0,0,33,0,0,9,218,191.35
9187,b5c5499789f4e2ab21c4a05bf3da8ce7408b9663,0,1,0,0,0,3,0,0,114,71.62
9188,225c2a4bf8f744362fc843dd31f39be922842f79,0,1,0,0,0,0,0,0,497,76.77
9189,cc519d431305531a1e28754deda468c224435d15,1,0,0,0,0,0,0,0,0,53.63
9190,a83e8960095838c34682233bcb8f52898a42a3ac,0,0,1,0,0,0,0,0,0,36.75
9191,06f8fe87421493280f6602aeb73153e677844542,0,1,0,0,0,0,0,0,111,30.58
9192,97e6b7cb40da3a19ecbfa6a82283b6ee5599caf4,0,4,0,0,11,12,0,0,461,161.5
9193,096c63a5f880841cba6b0881e88833760e80f97a,0,2,0,0,2,0,0,0,57,86.54
9194,d5c0ded161285cfd72b8789b8dfd8119bbea3569,0,14,11,0,1,54,0,10,2015,1214.97
9195,492f763e419e55bdfe4054676bda6e3fa74a8971,0,1,0,0,0,0,0,0,5,12.01
9196,c7b141b4b8767c9b7c8c72ef21055fd65908e848,0,1,0,0,31,18,0,12,179,129.59
9197,1f0e036bbf6a37bb83623fb62d4900d7c28a5e1d,4,0,0,0,0,0,0,0,0,149.51
9198,38e5e8161a9c763cf7df3b642830b5a97371bb00,3,7,0,0,24,1,0,0,575,462.4
9199,e95b347dda5233f22fb03e408f2aa521ff924996,3,37,9,4,106,272,0,18,7048,2766.48
9200,6333fc734f730e64c5f96390f345e7e0b1352662,2,3,0,0,12,0,0,0,78,1332.09
9201,963df862a94103b673e939e74a8709d0f28c15f1,1,12,1,6,20,12,0,0,635,602.72
9202,f9b1d98302e3c0d348f1a4667360b642e12a8cbf,0,1,0,0,0,0,0,0,0,14.74
9203,646349c4f47c4bab881234da6cdfc396c5e325ba,0,2,0,1,3,3,0,0,159,113.12
9204,5e498dc9e763a5daa3867456f657e19cd08fbb66,0,5,0,0,25,2,0,7,686,301.9
9205,ffd1e163dd8adca9ed73f7e8c950ba087c73223e,0,1,0,0,0,69,0,0,295,87.35
9206,518cf6a10ba105d655de738ce5fccc5fffc8e8a6,0,4,0,2,22,16,0,0,216,254.99
9207,dd5ad2cbeff899b9cb51c176719fbdb31ed7570c,0,13,0,0,40,25,0,40,1952,646.14
9208,306a8eb58e261115cad59a533640b56496d10999,0,1,0,0,0,1,0,6,96,77.73
9209,41769a0e2d8f8e336685641ee2f3639b00777839,0,2,0,0,5,1,0,6,215,134.4
9210,048367b3a7c0ae5b57042934fb716d0ddb05db87,0,0,2,0,0,0,0,0,0,62.91
9211,6ba42b980f8beca5570709617bb58bb859f3c876,2,1,0,0,18,4,0,3,86,284.15
9212,c0d14bd3ee7ee69e881964982c6b6c4068bb60c5,1,0,0,0,0,0,0,0,0,69.82
9213,744e66fc3e39a0f689ae262271fc53c7fa349c04,8,4,0,0,8,0,0,0,191,518.88
9214,c4aa3ad5f706aedc12f884905a20d96de3977d31,1,13,0,0,57,67,0,63,3722,1467.21
9215,a5e8bb4efa35d2411121a7ce715bf2cd59e9cde4,0,5,0,0,0,19,0,0,287,176.51
9216,1d5dda330ff61e66723ba3d98d38ba4642b8cd0d,13,0,0,0,0,0,0,0,0,527.0
9217,b32cd4180dde20742186845371436f71efb6f9c8,0,1,0,0,0,0,0,0,0,16.85
9218,c1153bd9ff7134fad3ef6cf28f5cb2157ed0fd3e,2,1,0,0,3,0,0,1,454,242.43
9219,edd9283805f9ff883b9ae4045c3ce0d75a6fce30,1,2,0,0,0,77,0,0,90,136.21
9220,6ac692dc85a305b34ebce4455b83596c3e900685,1,5,0,4,15,3,0,1,176,1465.17
9221,099121c5919219ed285a178eeaf2c0d69b3206e5,1,3,0,0,6,0,0,0,102,195.62
9222,6b48a3081c129ae19f3d12a7cb2a6002f8e990f5,0,1,0,0,2,0,0,0,81,62.07
9223,ce59213cad9c9acd9581f93f5b5703a7f91ac7b3,1,0,1,0,0,0,0,0,0,102.27
9224,807bce2ff7be7f2c3ca09aab9a01363b8eb72a3b,1,0,0,0,0,0,0,0,0,59.6
9225,2c503c2488f786ae684fa956b23d4e2f8e1797de,1,1,1,0,0,0,0,0,11,109.86
9226,f72646889b5f3afaf6c61645140ca7ae6a552096,1,1,0,0,5,0,0,1,34,130.53
9227,25f1d5186b6650c7e25324545c5cb7c47e7039aa,1,0,0,0,0,0,0,0,0,56.21
9228,bf152982539d0ea777fd942db676dc6a3d4f0dd2,5,6,0,0,0,11,0,6,330,389.35
9229,5210948a2666084e0834cd47c695e696722f426f,1,1,0,0,1,0,0,3,41,120.71
9230,2c45c421c6f28bb42b54abc46babad8355188a6c,3,8,0,0,20,31,0,0,296,384.25
9231,2e4e20c57aac0aeb7d87ce2dafe91a3280d29746,2,3,0,0,16,0,0,0,65,186.04
9232,7c6a637b95f264be86913e156141a3063a818759,1,4,0,0,31,9,0,0,101,210.08
9233,10ac65dfd1620c605f2214725ecb558ef10f603c,6,1,0,0,0,0,0,0,3,427.56
9234,0e0a980411ba5aceac8b4733242647f3777c899d,0,1,0,0,0,42,0,0,49,42.21
9235,f0874875910e7c0be297e359abe917e15b51a059,0,1,0,0,0,0,0,0,259,39.1
9236,3b817a03f49f252480a13c20098371fb3a98566c,4,2,1,0,5,0,0,0,454,475.25
9237,63876fbedfa52e7e6d6439384bfaca5aa5137d8b,12,5,0,0,4,10,0,2,257,980.15
9238,9975e0393a9e09dbde21ca61f1a5751cc5934411,0,3,0,0,0,0,0,0,378,60.54
9239,fa2692d3c693bf65a1d93eaa8a9157004593083c,0,1,0,0,5,1,0,0,158,93.05
9240,d6be68670e661091d94a3c65a2704d52fc0e827c,1,23,0,0,17,25,0,100,4511,2589.61
9241,82419542ba7ec80380fb7db0eaf6927af5b00015,38,13,0,4,15,21,0,0,1685,2907.85
9242,6e8a3f312919f8f088c132b13b727cb2188eacb5,2,43,1,3,282,206,0,39,4112,2426.58
9243,e00ec88601583d370e14d7d969b20ab1cbc6ce3e,6,7,1,0,12,0,0,1,291,502.31
9244,8d05e91945c6c8d83f9924c00890ccf350f1f36f,0,1,0,0,4,0,0,2,132,85.26
9245,58e69a0f6951d99d38ba5462afbb94d5bef478fc,0,1,0,0,0,0,0,0,0,15.09
9246,5dc8afd4c8bfea1b2aea0eb6f83ffce38bad3955,1,21,0,0,5,38,0,7,1939,772.93
9247,703dc8dab1ee35b2532b472eec40fdc7dd124cc3,0,2,0,0,0,11,0,0,204,99.48
9248,0c4953c4c5ff583d88f1686cd96fd7e7be9d8f11,18,6,0,1,0,15,0,0,81,908.37
9249,c6307b59902c21744ceb57cb34ee04d0b660cb5d,0,8,0,0,0,6,0,0,1859,373.9
9250,cf10e70088645b0fcc54ab03ecec3ef372ddb652,0,4,0,0,7,0,0,19,515,224.8
9251,943814706a192a9528ab1ecaa19fa7dc32721438,0,1,0,0,0,3,0,0,80,43.38
9252,1132a52a58c3710a9a183111fda84cd1432605fa,0,5,0,0,0,0,0,0,584,127.59
9253,4f689b1994eb2af584b447dc2f518e5d37bc2b6f,0,11,0,0,111,44,0,7,2402,933.16
9254,db6aa6c1433c94279dd7c22ad95b9a098bda1831,0,6,0,0,0,0,0,0,398,73.12
9255,91221d6507655c6af366adb5aea075640a0a90a2,19,2,0,0,12,0,0,0,36,1112.8
9256,0e953d10c2cdc61dc978a13c0c94320034bf0179,0,3,0,0,7,16,0,74,1247,426.09
9257,264a0c90e151b541aa203cbb867078641aa9599c,1,20,0,0,102,20,0,10,2821,1051.83
9258,e41b6d4784801677c60b75e353fcf7866106c287,1,4,0,0,7,7,0,0,146,241.83
9259,517a04f1cbe74d10340b1cb17eb2b4a1b1b11195,14,2,8,0,0,0,0,0,101,1163.32
9260,c5d2a572af62799c5d4eb53a52e003de9f3d7b75,2,2,0,0,0,0,0,0,107,1254.94
9261,3593a1eb88b13e2af819f949428882fd5f63bb31,0,1,0,0,0,0,0,0,9,9.85
9262,7f52a39f37676cc16caa189c4cb34c3a4561132a,0,1,0,0,0,0,0,0,154,32.62
9263,d4bef49cdf26d5366f5c950b2db813f02adde96f,0,1,7,0,0,0,0,0,223,243.92
9264,c2e3bdc1f891c16682863c84cdc06528fa83b3f9,1,8,0,0,10,6,0,30,1155,477.15
9265,4c1311e586822f75c8e0bf31e3a7adc274456d0f,0,1,0,0,0,0,0,0,52,17.52
9266,352a995e2aca8651046afb0767cb0d361f2571ca,3,21,1,1,168,214,0,11,2615,1534.5
9267,c6600280a5896f9f9e122dd533a5c515423e69d3,0,6,0,0,147,14,0,44,946,575.77
9268,734686ff29c520d930f24c72dc069f18fd1674b7,0,0,2,0,0,0,0,0,0,63.22
9269,ecbf5245afa93393c34775810c82bc51620aee5e,0,1,0,0,0,0,0,0,367,89.97
9270,2545ae6f2ea93d7e3a0a62958a49cc7585d9cfb0,0,1,0,0,0,0,0,0,144,33.85
9271,85cdfd341993a31ae712ad7bf7a2c7a3a782eb5c,0,1,0,0,0,0,0,0,107,31.05
9272,c10487a7712145189c930bec9dd50fbef5961056,0,1,0,0,0,0,0,0,15,11.66
9273,d8aac6ffb833d1d0348be0f6d280b465213d5df5,0,1,0,0,0,0,0,0,22,13.46
9274,66b24da11caa2fa005bf61a7c0db2a39d72faf40,0,1,0,0,0,0,0,0,291,53.06
9275,b5ba1a986265c0518c9f42a792cd897c40ab6951,0,1,0,0,0,0,0,0,159,28.26
9276,b33165822c163ef896afda3b96395ecd6300493c,0,1,0,0,0,0,0,0,69,19.75
9277,dd04f3ea0a8bf2facd8ebf81f06a209b7f521c70,0,1,0,0,0,0,0,0,100,24.9
9278,5b3bd81a83eab2116bb9fff9cb27fa6ab8fa5972,0,1,0,0,0,0,0,0,178,36.53
9279,541e413c9053ab3be030e6079333dca7779e2305,0,1,0,0,0,0,0,0,300,43.88
9280,ce4bfae9cc4ca70e68519f5303b56f413e3aecab,0,2,0,0,18,6,0,1,338,1361.83
9281,1c55f7a7e18e03f5b777c9fbe3234055904b00d6,1,0,0,0,0,0,0,0,0,143.75
9282,d27efa54a1bca4b44d24b2a31b0fa1a31a705923,0,1,0,0,17,0,0,1,97,104.58
9283,c7ef6db71a807cf21cc1ef3a13f4d95520dfc0fe,0,14,0,0,9,11,0,7,2460,714.31
9284,c9f11ccb819cb3572adb7f7301640df5cec9e5a7,0,3,0,0,26,41,0,12,721,257.99
9285,32f0ad79be4b18774e1506db56ae59658ec211e1,0,1,0,0,8,0,0,0,607,129.86
9286,d8186867c5638ef0fbe243e2aecd78f4502a7f17,0,1,0,0,0,0,0,0,213,39.33
9287,826daab2c3cc52d100c38480b67393e067472b8f,0,3,0,0,67,49,0,4,502,306.86
9288,dfd08ab29ce2aa1c7f1f6699557f4b9515473ebe,1,2,0,0,1,3,0,3,227,182.2
9289,3b1c14f9cbc3f4db0c4c14a8ba55edbccef76729,0,3,0,0,20,0,0,4,213,177.15
9290,3e5a240a35936f4b953bbd3226dfa81d9ed3ab43,0,1,0,0,46,34,0,0,80,101.94
9291,945eb30877103bff84fe936457c905b3636d8490,16,11,8,3,6,0,0,3,258,1557.95
9292,494f5be09d165c5adca092ef1bdcfec1a238c316,0,2,0,0,25,0,0,1,316,153.14
9293,882efcbdfd90ba4ccfc2f8418bf9d31850d1ca5e,1,1,0,0,7,0,0,0,26,96.41
9294,665e3f4ca7a258f3fa852347a2d1e254d57954c2,1,3,1,0,43,0,0,0,88,211.89
9295,9d0951ecf2466e7b27e41b2fa894a0979527f07a,1,1,0,0,0,0,0,0,87,82.29
9296,df591352e7888aace8b7fb3d207dea79e89a9e54,1,4,0,0,29,3,0,0,178,221.72
9297,6f78a943ed626e4c232e9a706b9debf594c67ebd,2,16,1,0,25,98,0,106,2032,1295.63
9298,e57654dc74f4263158c94b7b497592d485422c06,0,1,0,0,0,0,0,0,48,17.43
9299,a670b9781e07ce56004eed887c754ae5633c4fd8,0,2,0,0,0,3,0,0,92,53.1
9300,c3a929346f9993d5177978053fc0bedd482faf7c,1,10,0,0,51,57,0,18,1970,2037.56
9301,e42f6b52cf43a1a3aaac37d3f8c66e647be63ece,5,3,1,1,24,0,0,0,75,427.32
9302,f1b2e9bfc79ebcc93c4fb111d2b75db41b6e7051,0,7,1,0,69,50,0,1,643,318.85
9303,8a76952dab6e9533c2815878ffde96806658161e,1,3,0,0,0,3,0,0,338,155.67
9304,ce09ebb815a8c33f9c716b5c01919e8c9041c6a5,2,1,0,0,0,0,0,0,368,162.02
9305,b6c7ba3aa90669b3dc6aa91e16c7e257f5819ef8,2,0,0,0,0,0,0,0,0,104.74
9306,232426abf0525d99e2776fd9224bb7d444f1d31b,0,1,0,0,9,6,0,9,643,207.53
9307,dda824f77967b792d05085ef357f633e038c1fd4,0,1,0,0,18,9,0,0,64,78.41
9308,0bbfdd969d2303d8cfa037c9c8be0a06ffde3ebc,0,1,0,0,6,3,0,0,67,78.28
9309,96bb0d47b36f869e9b007fc3312e004a90779807,0,1,0,1,0,0,0,0,586,207.93
9310,5b2ca7f8cf37dec76c843ac4eb866b234fecc3f8,1,5,1,0,23,9,0,1,1199,439.45
9311,daa51b5c2fce6e1ae24fc39954d3199907cc6b05,0,7,0,0,11,7,0,0,693,216.25
9312,7534b6c4bdfc3d14a6a50ddc96bc3f646a11bff1,0,1,0,0,1,2,0,8,67,97.46
9313,b62db93bf63cb3bb34dd03d611a779d9e3fc61ac,0,10,0,0,53,84,0,4,1491,691.37
9314,8a8d72297109532c104956dc93158a69ee2c9048,0,2,0,0,37,13,0,3,1271,346.36
9315,8c862e5fba73a335995c1667bb036ab80edf579e,4,0,0,0,0,0,0,0,0,73.5
9316,55b4d0b2fb07f886140c407bb47ca9b9222b36f0,5,1,0,0,0,0,0,0,6,235.11
9317,770a40476e7aea4c53babc39e3edc922a3d6a4e7,0,1,0,0,23,0,0,5,221,112.67
9318,8e1643b3cbac28a1eef38359f28416e0309b13cd,0,11,0,0,24,8,0,5,489,380.91
9319,03ba66352b93844e60e9cc022eb645b823deed69,18,9,0,1,5,0,0,0,66,926.46
9320,de67f2ed042301bdd6b452aa37cd097e645041ca,11,25,3,2,376,301,0,105,5037,4304.61
9321,7054a8b05738fb43ca856849299263bf4f584067,0,1,0,0,10,27,0,3,167,128.53
9322,d52ca21cc68c93de3734cd8165380e681aaccf72,0,1,0,0,0,0,0,0,19,13.53
9323,83e66d1f451fadf740fb9448f2aea433bcb251ac,0,1,0,1,0,0,0,0,9,27.05
9324,9a4c3dc54b462c44987b36bb6af6f7a570d829a7,5,0,0,0,0,0,0,0,0,114.42
9325,5899768ba7970677a8667d0575bb61f4050fa533,5,7,0,0,79,10,0,3,550,720.75
9326,e6bbc09e6999c08ae087559c365f94d2c1f38efa,8,2,0,0,32,0,0,0,47,609.52
9327,abd8af873a63869385e587b647ded3af7eb8a09a,7,21,0,0,68,28,0,35,3101,1613.41
9328,1d11607c732b5cc6cdf40b76e28e9812bec0fab6,5,0,0,0,0,0,0,0,0,179.1
9329,254392c7b4588b82114e20bc9389e0fafe4d9364,8,5,0,0,0,0,0,0,362,319.83
9330,b4d4b668179635ccd78339562f716341a3846669,1,0,0,0,0,0,0,0,0,81.89
9331,64d31dcdad85edb8de65c9321e994ab8232d0366,6,0,0,0,0,0,0,0,0,206.34
9332,eb69192e3463b9d640a6934556714ff4c37848ef,7,3,0,0,1,3,0,1,556,471.04
9333,0af34bd2e7a5ca06eee657d467f153ecb46d476d,0,5,0,0,16,3,0,3,965,280.3
9334,8c933ca0beb218f764a071b489aa282833356021,0,1,0,0,0,0,0,0,242,40.47
9335,7347c9e2094c5243ef7db34bde1fd87ea5e7641d,0,1,0,0,3,0,0,1,32,70.25
9336,a6394884e2706f15f60cb64a5dcb1106cb9c822e,0,1,0,0,0,0,0,0,37,15.29
9337,9d51ad4e0fa8a89d8707ecd4f8b9ce20f8212783,0,3,0,0,45,5,0,0,333,128.09
9338,14c3d85aec2bd7278510fa05c8ede0bc634ff46e,8,0,0,0,0,0,0,0,0,206.01
9339,e08f9fabc0fdd2bbd4983ec26c90e22bf74b0841,0,1,0,0,0,0,0,0,221,42.57
9340,fdc32cd732fb356494879f60a9227c230ccbc01a,0,5,1,0,3,16,0,9,798,1415.49
9341,af8375813dedd8f1d6811976e05deb2c97cc1db1,0,0,0,0,0,0,0,0,0,5.4
9342,10b2185e8094df3e951c95688f07641af1dab737,0,0,7,0,0,0,0,0,0,219.3
9343,a93d6b116bedc4d4ebeccfbcc59f000619812c06,0,0,1,0,0,0,0,0,0,38.83
9344,0bfe4666c95b41f9f3aa25d4dff703e5e72aae1a,0,1,1,0,0,13,0,0,212,108.8
9345,6ed28c84d4b0ba95660332663a687bdccedaa699,0,1,0,0,5,7,0,0,23,78.71
9346,b5dc213ea7a0bdbf021a10cd54ec452003bb5173,0,5,0,0,76,42,0,5,769,438.27
9347,68cc21e4af71505efa142110e35a1f8b1c25fe6e,0,22,0,3,395,128,0,30,4117,1775.97
9348,566d10d958d71fd113f8f7ecc08fa9b63a072919,0,11,2,0,23,150,0,7,2097,1016.79
9349,ab86e26807c6151fbd9f8abd6177537c04dde0c2,0,1,0,0,14,20,0,20,610,177.91
9350,a09bd4c6f1dc5d83d6634bad53af6237a9cd4fe5,1,0,0,0,0,0,0,0,0,59.0
9351,f392616f404a6471d99d64eeab5dd1dd3da1a4a0,0,9,0,0,13,45,0,29,2355,665.57
9352,40ebe250f7c084381ac8c55a4bf1df0586228780,0,1,0,1,3,0,0,0,131,104.55
9353,e5a6a9410148ef064b4f78ee4020fb7b451f7030,0,1,0,0,0,4,0,6,75,76.17
9354,a7cf24383be9f310fb5ccc5a032721421fa45791,9,9,4,0,151,103,0,14,651,1360.18
9355,6cbc9bf2cd6142c34074deaec56bb339d30b3b93,7,7,0,0,347,3,0,2,532,664.51
9356,422f7b54f0bf66f51e792d24942cb7d951219da0,0,2,0,0,53,47,0,5,160,164.14
9357,f98a7a8558deb155c6a20bb7b9687feb949514f7,1,28,0,0,184,197,0,75,3908,1853.05
9358,f6fc678297a29e16b73ff8d5159214d5afec0ef2,5,2,0,0,6,0,0,0,4,290.9
9359,34f392d2218406cfec9b74fb0efddbcaa3764f89,1,3,0,0,44,0,0,0,62,139.26
9360,15811a5d8c7362ac64828b771951dfa8304d98eb,1,4,0,1,0,3,0,0,349,1353.25
9361,11a96fdf213467595dad73cffd9b05134a4d0d75,0,1,0,0,45,26,0,0,448,135.14
9362,bf7c1b7dc7747cd4031dab10dde7a7729c1aaa56,1,1,0,0,13,4,0,2,31,153.95
9363,e682395ae4e13caba0e2fdd98868f69ede9f3b3e,1,0,0,0,0,0,0,0,0,65.81
9364,efa7abf2c927958447d6533a3cbd5ccc105a254f,1,3,0,0,0,6,0,3,295,213.39
9365,186a2dd6559653fc9573b9cdb5221347417b65a8,1,11,0,0,53,24,0,29,1943,737.71
9366,a98a7ee8ba716844372ebf4dc2b8efb3dcbd6cb3,0,2,0,0,0,13,0,0,104,64.57
9367,af76026dd54bb331b5df881edc29298e40d2da08,4,5,0,0,157,0,0,1,839,442.69
9368,cefebf80410821704cbc153615c551f1117d2872,0,3,4,0,26,15,0,15,630,363.95
9369,d3c4472d3992ebcc906c0c9b5770244716b4c5cf,0,1,0,0,0,0,0,0,175,28.84
9370,fedf31220925eef5968ef8c593a7ece3f9aa52fa,0,1,0,0,0,5,0,0,207,69.91
9371,f244262c2682b49c137e79ac6f24737513ea5057,0,1,0,0,0,6,0,0,201,63.42
9372,2de55c012984478b084195cca7f973843ad86f42,0,2,0,0,2,1,0,6,354,147.88
9373,74dc90953b300b657a66a86fe16a02d12db7f885,0,3,0,0,2,0,0,1,292,128.73
9374,177e7ff1291f397294f7b7dab1d791a07adc6a5a,10,18,0,0,0,0,0,0,2346,975.01
9375,5b42db8f1338b7677b64ea25609a301d8ba30a81,0,6,0,1,29,12,0,0,210,364.44
9376,bd712b71e60d1a9813d8274e65cdbeec4932ad85,0,1,0,0,0,6,0,30,100,81.1
9377,c4b0e8f68c5c4bb2ba60b358df92ee5db1d857df,1,9,3,0,116,43,0,44,3406,1021.36
9378,1090967f8af22b1801986ee39e1392738e8d3eea,0,1,0,1,1,0,0,1,11,85.43
9379,03faeb9bfbc388666cf62dc2e972ee21c1370031,0,1,0,0,0,0,0,2,134,55.54
9380,9aeb4e5cb38079cdfbcc25f8c3966b368287825d,0,1,0,0,0,0,0,0,256,1207.82
9381,470558aeb0b30587ac308f2e93bbe42131e03e42,2,10,0,0,16,3,0,2,551,426.01
9382,4177ae6a8aeba72025a4793714ed86c20f963d22,0,1,0,0,0,54,0,0,515,118.75
9383,ecbc0a6bc4604a459ebf598fa6d22d70f426202c,0,1,0,0,0,3,0,3,177,86.95
9384,e5cadf69d176181af7d097928bf2a6cade1b6c76,3,7,0,1,16,6,0,3,219,316.1
9385,39d82368eca3891d27c85dd9bc56db2344ee73ba,5,2,0,0,7,94,0,0,657,457.44
9386,bf0885307414493091e983f4bc57069212e75ca3,0,1,0,0,7,0,0,3,91,86.02
9387,c7539c6bc3a7d89fddce9e8be0bbdc81f3ee1163,1,2,0,0,3,0,0,0,47,110.86
9388,8ffdf72827552e088466897b52504fe49bba412e,1,2,0,0,3,0,0,0,50,115.8
9389,9db5ae029dc2359fed7321698aebdd24a1f449c4,1,2,0,0,3,0,0,0,53,104.51
9390,ad47f6bd409365102a500bf54096f0f2022824c7,1,2,0,0,3,0,0,0,56,109.56
9391,f743b1b94011b066ea68af8d5f9fce08315ff7eb,1,2,0,0,3,0,0,0,59,111.7
9392,dba11f70d06f504a2ac6ed3bbe1a019bc42f7d66,1,2,0,0,3,0,0,0,62,107.26
9393,eec9657e20f996596956f412b06a2160d0642e4e,1,2,0,0,3,0,0,0,65,111.9
9394,62f88c5299dc743f7ab77d6cded4d83d86a5ffd2,1,2,0,0,3,0,0,0,68,102.78
9395,906e899146879ef35088df1e8c9087a6446633c0,1,2,0,0,3,0,0,0,71,106.92
9396,2e14cf7911b224b6b00fccf99ef941670a51b122,1,2,0,0,3,0,0,0,74,103.32
9397,3871d4d2bf19d904252ed2fe8fe7cbad9af2c634,0,2,0,0,1,0,0,0,175,71.34
9398,cf20197f1c8c51eab028da7c477dd6c7ad96db2f,3,12,0,1,368,253,0,10,741,691.88
9399,02bd5e1a9658f03d852ff158306b301bdd6d8868,1,3,1,0,225,245,0,0,533,378.82
9400,f32c836bc9df5c6f3e93e7487dc10c84b9c7d273,1,2,0,0,3,0,0,0,77,1308.96
9401,537cd10391d953d6f4f56e795667a7241fe3fa4a,1,2,0,0,3,0,0,0,80,133.93
9402,22de460167babfbe99eeb73c943995cb8116df2f,1,2,0,0,3,0,0,0,83,104.42
9403,32d9c470f27182d931835fdf5ab987534bb7ae83,1,2,0,0,3,0,0,0,86,109.32
9404,8f3f9f59648fb777c78485ee85d3c6156ecc3c70,2,2,0,0,3,0,0,0,89,118.6
9405,11b74da7bc17b999baff91862556a09abce87300,1,2,0,0,3,0,0,0,92,116.48
9406,ac5640aa3309b1f6c3845ab2747ef26997dc49ab,1,2,0,0,3,0,0,0,95,116.29
9407,8fd2b8767b2ba47bbbd40ce952026b286426159a,1,2,0,0,3,0,0,0,98,120.1
9408,e1f3a685c37d806ed2437f05b6b88619eb47e1ab,1,2,0,0,3,0,0,0,101,130.19
9409,fad48404d45b90e5eb26bddafd058563a686f715,1,2,0,0,7,0,0,0,104,140.45
9410,8e8eb357b387f090ea2c44965b60e7922a98e5ad,1,2,0,0,4,0,0,0,111,119.29
9411,3acd93086177960e6b17dfc17ceac169a2402997,0,1,0,0,2,0,0,0,44,42.79
9412,066fadf3f369074d1b95405b7cc6c078766ffd09,1,2,0,0,3,0,0,0,115,121.58
9413,7b806e7eb75e40729f1565ecc65bb632fd4eaf28,0,1,0,0,27,54,0,0,128,88.53
9414,a8cc170c9471beac271b6f5e22f18d586dc33765,0,1,0,0,12,0,0,0,155,64.66
9415,1d22018dc4886a2842fffd9fac1224f862085239,1,2,0,0,3,0,0,0,118,138.33
9416,c636c53421ff00749162cf34c29ca4177deec77d,0,1,0,0,0,32,0,0,135,53.88
9417,92b1a66a63aa10fc58c9f2ac4baca859437db40c,0,2,0,0,63,0,0,3,227,143.7
9418,fe6b46053fac9c534adee72482112f583925b5fe,3,2,0,0,18,0,0,0,121,262.79
9419,1a703e7a2d9bdc9b3a084f901ef4fe8f6c271597,1,2,0,0,11,0,0,0,139,131.43
9420,c384aea8116aa9ad514bbb59fd8578bb285a4e6f,2,4,0,1,14,0,0,0,324,1445.29
9421,1210d8c4e138e445cb9aea302b86a77b801a8086,0,1,0,0,0,0,0,0,220,39.08
9422,9516c94c3022eaebbf728f3ca62d844b029380e6,0,1,0,0,3,3,0,0,217,91.17
9423,a3cf3f1fc69e9ed17433cbc522c7086cead7790e,5,5,0,0,179,77,0,3,260,605.97
9424,81b046418d499bb5ff18d6f25d52d776ad524a2a,1,2,0,0,115,6,0,2,144,188.7
9425,c3c74e005ff3a6e10216742bd58a5145c867f665,2,2,0,0,21,23,0,19,314,303.3
9426,1cb9d680cbbc46e67de10acc99c5fb510b9382e5,9,0,0,0,0,0,0,0,0,501.21
9427,257ba6e4c0fa72b94dc0427d00c39921cc57d129,0,2,0,0,114,6,0,0,474,197.07
9428,3c7933810e2c21ee7dd69ea095fb54fdf7baaedc,0,1,0,0,2,1,0,1,92,104.03
9429,aedc4f5dcca95820969af694e6d2a71a1fe698bd,7,13,3,0,52,120,0,55,2048,1171.73
9430,7b3678f41276c2be69975762f9331744ad373cae,1,3,2,0,2,4,0,20,280,241.28
9431,a3890103d2fb1319d289b83d2451136751ca59c4,0,1,0,0,11,14,0,0,108,92.39
9432,099106d8778ae39f9d99afa71a3590ae7ae916d7,0,6,0,0,192,137,0,14,867,427.06
9433,431e2a0423103e747a95f9e2196e3aa8000cb198,1,1,0,0,11,9,0,0,11,128.85
9434,94c08c5cb934a6aabd6f5a2fbba4af6704f80615,1,6,1,0,185,317,0,19,875,539.46
9435,1df5a0f4c63f321821c680dbab5b60c08ce37510,3,4,1,0,11,136,0,2,384,462.53
9436,abcdec1cae2b9be79ed28bd58b64849e6d52ecf7,1,1,0,0,2,4,0,5,55,144.26
9437,5e2d301ef80067093e6e72184c01c6f5162240a7,0,1,0,0,53,54,0,3,124,124.87
9438,5b84dbf423a380e8e6d44694cdeb06eb968353aa,0,2,0,0,9,5,0,20,369,199.02
9439,44c2d7632577b7eeb70ceae73d122be00a18de44,0,2,0,0,0,0,0,0,50,50.61
9440,cd13fdfa0c8b0db7c0087d9fe40f1522ccb5d122,0,2,0,0,4,4,0,6,338,1332.05
9441,07ae4308459304d24deacf09a31b5c8922e939e6,1,2,0,0,0,14,0,0,257,167.67
9442,4527d05c810fed6329bf0789e27cc43bd816e754,0,9,1,0,52,38,0,30,774,638.81
9443,a0751329da85dba31c5959c78cee7598dcddaabe,0,1,0,0,9,12,0,7,108,109.39
9444,12f34808fd87816726a5a8ce74146bd07265c1c3,0,2,0,0,7,0,0,0,288,107.29
9445,0a03f1c49c97ae428db446043670b7dfea48d307,0,2,0,0,17,0,0,1,252,154.73
9446,a321b53abf5d09ea13da2d1f83bc0183604c4f34,0,1,0,0,31,32,0,14,84,141.51
9447,e3e3f161913168193832fa2483dc08a213b25428,0,2,0,0,19,3,0,2,307,171.29
9448,c6ac93af99244a7d7dfd2f87032541e8420aa1ba,0,2,0,0,0,0,0,0,46,24.25
9449,75ac9143eaf4769aed105ebea05601b26206b05b,0,4,0,0,78,22,0,22,518,298.09
9450,e8df4fb1e50ffc353e807eaf1aa3ee106b16559a,1,0,0,0,0,0,0,0,0,53.15
9451,f919b23890913aa8d3f6241a1d70ef82006863fc,2,12,1,0,344,210,0,7,1101,1217.96
9452,c954780c9fb2c0cc5b3730caff7e99bacbd534ba,1,3,1,0,84,83,0,0,675,254.11
9453,12d698b6e1c1aef03834963fba8a0974b3729c50,10,11,0,1,159,95,0,30,1128,1311.1
9454,4b38256418a96058457a356dabfdfdcee1ca633b,0,2,0,0,3,47,0,6,822,241.05
9455,7bf92f723c7e5834abffedfd900f2cac4325f13f,0,5,0,0,0,0,0,0,290,57.46
9456,71138456ddf82425572cb411bed4f5ab6a76bb2c,0,1,0,0,0,0,0,0,221,44.91
9457,f8b78f1c390c5cdcae1d3b36739c7e693da45fe6,5,10,0,5,109,3,0,2,254,771.6
9458,98239a3d325ccdbbc600a623c40892722188a3ee,0,1,0,0,0,0,0,0,41,15.79
9459,c646cb2cb78668285e6d0e8568be4f30ea03fa7d,0,1,0,0,14,20,0,10,610,219.5
9460,bb13989d30f2b87565572c21f173255953d1bac2,0,1,0,0,0,0,0,0,6,1185.82
9461,6a793e84afa762094c18fce57fe9e343df43c66c,4,0,0,0,0,0,0,0,0,30.96
9462,0b7f7032068451538bda392814d8ea6128d1816a,5,0,0,0,0,0,0,0,0,379.72
9463,261efa8f6a321a9303705c35681c0d67880213bb,0,3,0,0,80,67,0,7,317,284.52
9464,946971aa119a766a3e18f2981358733c4dedc166,0,3,0,0,21,49,0,5,197,221.49
9465,5d310f90f5dc6319431b680cdad573a385fcdd43,1,11,0,1,182,142,0,22,1271,1091.58
9466,9c2bcae735cd00336af3284e4f631afe061552ba,0,1,0,0,102,85,0,2,629,218.66
9467,1c3ac2f82b707ae12556a5883980da8050510244,0,8,0,0,157,113,0,3,1365,702.91
9468,26273d99fe8b4e3b6bc5d638858ee6f8b369d8ec,0,0,1,0,0,0,0,0,0,33.93
9469,8e5d34d30a47cfbc3fd2515dc1afca1b989eb86f,0,1,0,0,3,2,0,9,124,114.57
9470,294915e3e057886fef39528c5e1e72582ea1f4b8,0,1,0,0,1,0,0,8,127,80.66
9471,b3f102d62214b303a4cc71b9e410e4af2e18c812,0,2,0,0,1,0,0,1,176,105.37
9472,8516751108d829739320cb7d62c52f017d81d1a2,10,10,5,0,26,0,0,0,898,1065.83
9473,9ffd7e788588be5697dabc4518e881f3b9cbb48f,0,1,0,0,0,0,0,0,68,18.62
9474,6231b18645dd41031299b7071d20ddea32c60457,0,2,0,0,1,4,0,7,623,197.38
9475,6a9d8f7694141c636e2628abb1c50e300c59f65c,0,2,0,0,45,0,0,0,88,76.26
9476,d5bb07301427aa0b3a1976447162c5aefc71b044,0,1,0,0,0,0,0,0,300,53.91
9477,17a7fca2a593533706b78edb0612033b1fa37575,0,1,0,0,0,1,0,8,127,88.23
9478,e94ec4feafd15ee0562ae1f711f2f19b3d3d85f6,0,1,0,0,2,0,0,1,214,142.93
9479,1dfdaa417ab7cdca9bef1efe6381c7eb67022aaf,0,30,0,0,263,15,0,26,6609,1870.78
9480,33b182cfa946cfe98459207d0c428afbfd041cca,2,7,0,0,13,12,0,0,126,1453.02
9481,88d089c6f295611c3c75e566bd01a8602ce806d6,0,1,0,0,4,0,0,0,17,56.83
9482,d3ec14210d271bbd5fe340c7121264b4753909b1,1,2,0,0,42,0,0,47,949,491.14
9483,d3fd7a6794a8ffd16e00bb1867b6e62c3909a2d2,1,9,0,0,0,2,0,0,931,378.71
9484,dd1eb082fdd291523ec931a01b295e407a2df1f5,1,9,1,0,108,155,0,19,776,793.52
9485,f35b1a38219064a6e7389a1e1c7233a15773b0f1,0,1,0,0,12,0,0,0,0,58.85
9486,e546009b7360c341d74b53c5d805e84f6276a897,1,3,0,0,77,52,0,5,258,374.89
9487,c00d87969d6956a9931173e2bd2923493e33f676,1,3,0,0,57,97,0,13,537,395.5
9488,2375693f1cc80118bf61922f027942a0f101c486,1,16,0,0,7,73,0,115,2732,1040.98
9489,8589c82b4cbc8a73417974107186f9ccc3a629d3,0,13,0,0,46,21,0,7,1917,690.99
9490,e99eee4f0bf9b2d851fa12ea52007e8f083c366f,0,11,0,0,54,65,0,7,1024,712.83
9491,3d81425de91ecbab715f8a7d169e0a7796d19c51,0,15,0,1,140,108,0,65,2146,1100.44
9492,e6b8423ee34c2c49f0ea6eb0955ced5db57dd18f,1,9,0,0,27,48,0,37,1576,765.21
9493,e677bb6dcc38dfb3b5bf8b20e4a2d324b9e20ab5,0,3,0,0,39,3,0,0,327,127.19
9494,cf911b34facc0b298dccf6d24348fe9a3ccd3b86,0,20,1,0,21,151,0,45,3448,1364.11
9495,47ccfcc2dde4170affb45375013fb2917fdbb4c1,1,5,0,0,12,0,0,0,151,173.55
9496,d1185173f03fa35830631ccc283de4269aa804b9,0,1,0,0,6,9,0,7,239,131.16
9497,792f2a2d9c0b5c8bba881455dedbed09b02d363c,2,3,0,0,1,0,0,0,308,221.66
9498,0469292a4f957eba872972fc701b8fa12054582f,1,0,0,0,0,0,0,0,0,50.92
9499,23602d68d5d8f7c80955775cab0a9e006254db82,0,1,0,1,0,6,0,0,95,88.28
9500,148ca92a327c93afc7e17a6101c520144d25e2b0,1,0,0,0,0,0,0,0,0,1258.72
9501,ce881f9ebbec134f459ca4de6cf278bd040d8f3c,0,4,0,0,24,0,0,0,339,221.62
9502,f7ecfdbcdf0f1ab17097ebbe1d170b984961bf60,0,3,2,0,74,67,0,0,336,322.34
9503,544903d5cc77d6f90e0d77cb21ebf008b435e444,1,6,0,0,23,47,0,29,739,411.46
9504,8d281f8b2b3d170385f38e8f88ec1df09d0d0efe,0,8,0,0,112,168,0,74,1275,796.32
9505,70909470129b8487f4fd7d9a6d0eccdab380ee89,0,1,0,0,27,0,0,0,100,61.61
9506,142462fa4224c3435736ae21d32aaeb1586f1dce,0,4,0,0,15,10,0,0,197,203.46
9507,ead9139680ea82c4fdfd1e9d19baf4d4a08ec845,0,1,0,0,33,3,0,0,39,79.08
9508,6a293ee5aeadae629bac0048931539a073a17687,0,2,0,0,8,0,0,0,227,146.56
9509,e10e9efd22ef76605f9c3a33707221aecccdff0a,0,1,0,0,0,0,0,0,3,12.87
9510,eb8fff8cf34b1086a83f33158bd22d13838284b8,0,2,0,0,44,16,0,12,358,180.74
9511,2d76e0a2809a093fa3aca97779dac305ba1509de,0,1,0,0,6,0,0,4,53,74.7
9512,6613332db1d9113c54ffa5c7b35bc771f0dcfe92,0,1,0,0,0,16,0,13,84,80.91
9513,37edea4df230268447d5960a3cdf99e77dc9629f,2,0,0,0,0,0,0,0,0,166.19
9514,222f87f35560ab4be24b11c20b4a04718968797c,1,0,0,0,0,0,0,0,0,59.84
9515,f78e494cb4710c916e3e7bee32c792d42f243bb2,1,0,0,0,0,0,0,0,0,54.87
9516,aa9b89919ef10570920fdc6b22cabdf244b70508,0,1,0,0,3,0,0,6,46,76.72
9517,58987dd16c7e8af36e935e811f716d2f843de5ca,1,4,0,0,214,16,0,9,146,287.61
9518,809e40dadad68232c68ac34a3d56bfb69a9396d3,4,24,1,0,170,176,0,44,4829,2174.82
9519,72bf7408d0e26518eaec22cc68e2be7baad2252a,1,1,0,0,6,0,0,0,9,123.36
9520,f9f43a51653c4d352e2adf3067254a68a33ed389,4,4,0,0,49,153,0,1,1116,1723.73
9521,95e16862822922972f70a710bc09b7ec31c9043b,1,8,0,2,999,416,0,60,1015,962.47
9522,529dcbbbae3f62d24e88e30d75f9651e9853bce5,0,2,0,0,8,0,0,0,230,116.4
9523,ed31f4c76aa47ff9ded9c46927e4c1e97510088d,6,2,0,0,0,0,0,0,11,298.03
9524,83324ec7df34f87dd95309a82da470ea7a35d1da,0,3,0,0,7,406,0,25,551,185.25
9525,2b2c0641c107afa4f3e35908e64368fa95e61fc9,0,6,0,0,1,12,0,0,179,165.49
9526,ba307072011ed2c44f5f4937e12be5da5e6bf805,0,4,0,0,399,49,0,15,924,468.4
9527,ed33a480e2416efa12623305db8db6ce5e6c83a0,1,3,0,0,13,6,0,2,220,185.65
9528,5e72b3419ea1bcc59c3e93c878bb49de7f0c503c,1,3,0,0,0,33,0,0,276,152.11
9529,e0cff08261eb03fe77c5580f0cdf9eb99a2d6f45,0,2,0,0,0,0,0,0,50,37.3
9530,22f87ee9761b06eeccf8c5adcbd9f4aa96803302,0,2,0,0,31,4,0,6,406,186.76
9531,3801252b076d82176e9d6f3c190361ae8077e3aa,0,5,0,5,77,20,0,0,959,685.12
9532,f864ac03640d1035dc9677d062f01d6efdfb1fae,3,17,0,1,137,140,0,11,1665,1021.52
9533,ce729d757e7272471fd75f3174badfbb2ab839b8,0,1,0,0,31,10,0,38,123,125.72
9534,4c86985dae04f0cb4daa7204f8dabc462d275041,0,1,0,0,10,31,0,27,123,128.91
9535,a3838255e3df08911b18311df58a59cb0c84c4d8,0,3,0,0,13,12,0,0,570,248.81
9536,9efce9815b9f43bef1846c079e616325b5c20456,0,5,0,0,0,5,0,0,880,209.99
9537,04d397430f57a60b68e6b3ef0c842f843eb6b5ed,0,1,0,0,0,8,0,1,162,86.94
9538,ec61cf21276fb6eea599b40ea999613ffeef48ef,4,5,0,1,58,27,0,50,1042,767.87
9539,6d0b6b9af462432aef17d753f2bd8c3b8e04b0a1,1,2,1,0,5,6,0,6,873,355.84
9540,842458b02235dd9c349894e5949427b3417d0bdd,0,1,0,0,23,49,0,5,43,1286.75
9541,fa0a2cae8c688cc946cda2e30e68b71929ce50d0,1,4,0,0,70,46,0,7,338,348.9
9542,322b5d602535dcfed01f3eb725a88c0db9c98340,1,0,0,0,0,0,0,0,0,10.88
9543,a6cde2271c28c8a5652b3cb7fc25c02cdaa58ac4,1,1,1,0,0,0,0,0,22,118.02
9544,bd85d25b4684d4f9c6c277b2d34ac61ddc24b454,0,1,0,0,8,0,0,3,162,95.8
9545,e038a801a87f25b30a1b47ffe5710e5d9bd44c9b,0,2,0,0,1,0,0,0,20,62.9
9546,4fa387164cea44f8e0bac1aadab11433c0f0ff2b,3,0,0,0,0,0,0,0,0,197.68
9547,191deabeb963046689b789322cea40623a515b4e,1,6,0,3,198,133,0,17,741,684.82
9548,3fba21a0ce5534b8c95a2bb9e8547b0061e5bb8f,5,14,2,0,24,311,0,18,1290,1104.07
9549,f27c40dce0198a21cb933855ed2c7e60d2641550,9,3,5,0,17,0,0,1,790,880.32
9550,8a39c84e29c9ad64febbd850c99b40d28b5359d1,8,1,0,0,3,37,0,0,297,519.96
9551,1c916a47322e04b42f8521cbdb833f8cc2147ee2,4,0,0,0,0,0,0,0,0,215.67
9552,0189db46316eff35d3d07f57ebcf116b1f61cea6,3,9,2,0,42,9,0,11,1213,634.23
9553,9f2338cc1999cb57264451ab17d4325beda065c3,2,1,0,0,9,0,0,0,498,213.7
9554,bfd53e9d3f5a221bca8ca82e5f2ab5399d3fa0fd,0,8,0,0,11,32,0,9,504,551.21
9555,02a0cf3d4e26f0217b87b7aaef604a6f39a56977,0,3,1,0,0,2,0,0,151,110.04
9556,36fef4457a7f1de47989c8a2485581bcf8633b32,0,2,0,0,12,0,0,0,181,77.51
9557,1ec14eb44db7b6ea28f560eb69c6d016890bdb70,0,1,0,0,0,0,0,0,0,10.13
9558,a71c200b470ffe7ae614870d5855d1e24673c08b,0,3,0,0,13,7,0,0,100,179.04
9559,d7d24425e47408eb094b7f5aa6ecfcffd7f89db7,1,0,0,0,0,0,0,0,0,58.49
9560,3b1fafa133f92c06fff5b826fda68200bbd491aa,0,8,0,0,271,240,0,57,1054,1987.43
9561,185ed0e2350b132bbec20b54e6cae6fe72710eae,2,0,0,0,0,0,0,0,0,203.81
9562,98f3046fae76405b3fcf2b5ef82835a81624498e,0,2,0,2,0,0,0,0,161,139.7
9563,c7df381f5e62fbdeba0b61c1a357a53d9245efd0,0,4,0,0,400,310,0,34,1149,594.12
9564,3813bb90ba4fb8bc8637b7c1c5de2e24196c4b3b,0,7,0,0,218,196,0,35,1246,601.58
9565,b36c54dd06122b7ddf10048ca72f1b5e448b4cd2,0,2,0,1,1,0,0,3,82,149.75
9566,f74bbec1794a8a836d2ffc8f248e032610f35157,1,2,0,0,19,61,0,17,424,284.76
9567,49e1832056483d17f540a515cc5be7be1654dd48,1,3,0,0,16,1,0,0,765,292.08
9568,9d1c1d55841479cd3beffd22870714a31ab9ac46,0,5,0,0,4,4,0,0,319,191.56
9569,9f19345767e930f4a9fcae89313de79688949f90,0,2,0,0,0,12,0,0,100,95.81
9570,b94b92bf7f722746abc39cea7805c20a871f4745,0,6,0,0,51,22,0,5,769,474.19
9571,774872927d12ed6662addb8b601a9140226c8625,0,1,0,0,0,0,0,0,102,32.06
9572,702c489acd3adb4bd354aa1e2384e5344ad07395,0,1,0,0,7,15,0,16,374,153.77
9573,aca9c018a4b26e50333c33426e77323cbb9b7960,0,6,0,0,140,36,0,19,1610,614.9
9574,793a78407aa22530448efbf18b714952eac40aba,6,8,0,0,193,0,0,29,995,762.19
9575,500c133d97ca5da0cc64da39785c4976452f56c4,0,1,0,0,0,0,0,0,9,9.7
9576,1e6ce1bb0c38be3ccf6baa5f3c7acedb86528080,23,0,0,0,0,0,0,0,0,891.59
9577,11a7b3f5802ed9aa0ad151ae3ff80244875cb4b5,0,1,0,0,0,0,0,0,0,21.7
9578,3934a7f3e7abce4f2ef25391bf62a5754fcfdbcf,0,2,0,0,0,7,0,0,180,72.13
9579,21b92ac95f1824e9b1ca483fa3ffaaf77ef14d4a,0,1,0,0,56,100,0,17,275,163.73
9580,38557bf8a6f8bebef8733f3f4f3b3950e9678fca,5,3,0,1,18,0,0,0,32,1496.98
9581,0cb56a4dfa9bade080730312ab94b6901c7fb91a,0,6,0,0,18,21,0,1,280,373.27
9582,2f397367164c8f915304f6317bf0b9dfde615ea9,1,30,0,0,15,28,0,24,3301,1047.45
9583,41d0ac0c868466fbca21f9e69a41d868fbbe51ff,0,2,0,0,112,118,0,15,484,202.59
9584,66d9270bc726d75a81ad75b7140dcd929f650aba,0,1,0,0,0,7,0,0,276,64.74
9585,f4f451037c9bab96e241a2a4e13119b1c3bbf21c,0,5,0,0,47,30,0,2,905,316.63
9586,4f558e4f225195fefe61718ef09b989f395987ba,0,2,0,0,3,0,0,1,624,162.77
9587,350846507450ba7afa0159a2c574bd2f44bacaac,0,7,0,0,58,239,0,3,760,523.2
9588,42c8aa56f20a3b358fd974819faeadf75a0dad18,0,1,0,0,20,26,0,1,420,156.17
9589,305095743ffe0bc39f76c1bda983da7d0df9e003,13,0,0,0,0,0,0,0,0,567.41
9590,1e0a16662aceca4f151b3326f0676a3583b85aa0,4,3,0,0,153,15,0,28,431,545.31
9591,99d4fd39f2b44630130d47b16ebcd69923f09e9a,3,0,0,0,0,0,0,0,0,81.71
9592,88c7d82a6148a491d9c11f8d4c7eedc1722ee7a9,2,9,0,1,63,7,0,0,933,677.1
9593,f6e3eb11ae0e903b4c1ba16b55baef9e593e31a0,0,1,0,0,6,2,0,1,72,105.43
9594,86c811d0e96227a15863dcbfaec1f9eef75be6fa,0,1,0,0,0,10,0,2,123,76.82
9595,d3e5bf69c3d3f105c1ebe7c46bd4a74e5407137f,7,8,0,6,83,0,0,4,563,920.34
9596,dac9f78658efda3339977e05591989cc363f3722,0,2,0,0,3,3,0,0,15,76.97
9597,fda7e5f97c28ff3c020070523812590f34f98ea3,0,3,0,0,4,0,0,0,404,121.31
9598,b336b6d70d861b94995ebc9f863835fb4bc7fabb,0,2,0,0,0,0,0,0,26,25.22
9599,f0ca1cc02ee7330febca3ed5f7a9e30141ec8ac3,6,1,0,0,0,0,0,0,0,289.83
9600,5b91db9fe01066980be78df9e8e8f177c8bc6543,0,4,0,0,14,0,0,0,460,1331.03
9601,1b525fdd83d9fe6090d07b170370f7900d2367d5,0,1,0,0,3,0,0,0,48,48.22
9602,c5eb8a7bdf379514fb50fc6703ae984d3cacb64b,0,1,0,0,87,12,0,0,18,85.96
9603,551b8ef507109218a428baac2d5682fec2381a4f,2,0,0,0,0,0,0,0,0,173.49
9604,758780f39685010d1255e4b44ed4f03aacf2fa92,0,17,0,1,149,66,0,12,1013,1115.09
9605,97510aaa8444895a0cc4df7461889fb66d5ffc01,0,2,0,0,36,47,0,0,566,187.51
9606,be7f6db3c25bec9b1f611cd5bc50602782d9a000,0,1,0,0,1,4,0,0,50,83.51
9607,4fe936dc8f65d57645eea908337653c76d83f400,0,1,0,0,4,0,0,0,62,55.64
9608,8510e294802c096418cdc121b21d64de630c201f,0,2,0,1,0,0,0,0,553,113.89
9609,b86ba3bf2426d7e5cec5a7d2711fd5b278e863ea,0,8,0,0,75,5,0,1,1426,433.96
9610,1b9fb2b6d07d54848e57d42333382a4553852491,0,2,0,0,0,0,0,0,23,21.3
9611,8b7577cfafa067ca719aac64695c2b5acc8d56f2,0,4,0,0,17,0,0,3,131,203.07
9612,74ef63672629e0498fb65c5ca91e378f36eb1847,3,5,0,0,35,74,0,11,259,559.0
9613,d1da5e153f3583eb57aca90282d8f21910c7b0e1,0,1,0,0,17,1,0,2,109,113.3
9614,67fbe860d5fd97063634b9f226195d6ce1870bce,5,0,0,0,0,0,0,0,0,138.31
9615,07e75de29969503b7feb639771d86ada6f5fbdf0,5,3,0,0,18,0,0,0,21,321.42
9616,602ab442570ad4a58b1c6495aff0bf7da070b144,2,0,0,0,0,0,0,0,0,112.45
9617,977055177e70a666c3a26ca84d6277a67e614b0e,0,5,0,0,37,0,0,0,181,116.93
9618,038ab385c6f9af129b5eda7fe05d8b39d6122077,6,1,0,0,0,11,0,0,514,375.58
9619,9a4b594a7958571619353314acd6eca716ada240,2,2,2,0,0,0,0,0,276,188.07
9620,b0ce36e8d71308c61c2d4e7cf23b4402793fcc92,0,6,0,0,113,6,0,19,1089,1678.71
9621,afc79d853675cdafb5930fd2cea0f2ecd56a0bce,0,3,0,0,201,196,0,13,811,437.57
9622,2ea0aba4bf4912c5672eb99f7e6aa5601e979bc0,6,1,0,1,0,0,0,0,0,180.4
9623,663b40d320baf94a5f81a30082240afab66ca085,0,14,0,0,177,206,0,39,1432,1116.33
9624,d952e710351e5a7c872f8b5379b1e8bab78ac9f6,0,0,0,0,0,0,0,0,0,19.55
9625,ba648a57c3bf65efb657095a5c682e2a852d1bdf,1,2,0,0,35,38,0,2,829,302.56
9626,c691c1381fe486068a3beb6bab38f3a29b1cc255,5,6,0,0,4,8,0,0,1011,501.98
9627,370e0cb427c2908677d9f32a1fcfd84cd77bb445,3,0,0,0,0,0,0,0,0,254.32
9628,eb4b3b75a40623dc83705277e469383e81acb675,0,3,0,0,60,0,0,0,50,102.69
9629,668172e4ae60e0efb5e1933610652036d565f552,3,0,0,0,0,0,0,0,0,122.71
9630,c104dafd26f32d939461cb880ddfc881a8d14d5f,6,44,6,0,343,405,0,46,5123,2526.13
9631,c1c6d1f18db08d9440cdce3c8525b850b4043192,0,9,1,3,48,39,0,2,998,705.8
9632,3351ca11a366713328a6d0cb0e87100cb8c24200,1,9,0,0,178,198,0,23,1319,797.01
9633,19c88ad9bf7429d2f685062691015423b848338a,0,1,0,0,0,0,0,0,200,38.07
9634,e68c990f782b509d97dc40f9d7b3a35b6916918d,0,1,0,0,0,0,0,0,88,21.26
9635,c6eb3f5eb4d32fad4fb973a7e2da0bbc6a7dfc4a,0,1,0,0,7,68,0,0,11,76.42
9636,5ba5420a861c81a8132a1c2ff3d7a96272d1b009,0,8,0,0,10,0,0,5,3271,643.22
9637,772b8ba7409848889c0c7178513f5adb0e422653,1,2,0,0,0,0,0,0,62,90.38
9638,a36ec7fcecf909a1d6a8c2b85a125d0ccc8b0934,0,7,0,0,0,16,0,0,1192,279.21
9639,3e8b083c7d2587b7acd1792ad0eee2357e8ccc63,22,14,17,1,10,13,0,0,564,1962.0
9640,3710bcbc195f9a6304bfb452a58bb4a96804cc24,14,0,0,0,0,0,0,0,0,1922.59
9641,cedd9803a9d7e3312e49fa46025ce9ac985bf2a0,0,5,0,0,9,0,0,0,134,81.03
9642,33519930a19735d531cd70d0fe32bf531a90ff0b,0,6,0,0,22,1,0,0,305,130.99
9643,c53c446486d58e3db149a9ea6fe1984227e415b2,0,7,0,0,13,12,0,0,826,311.56
9644,8dd07bf62a56f84700e4c36f6537e1f8570ec11d,6,1,6,0,0,5,0,0,514,536.89
9645,1d167a3670614901e4ef011af92b4045c7eb1612,0,6,0,5,284,10,0,0,418,489.18
9646,891075aefcfd702142c90cab51759b40765c5a5d,0,17,0,0,111,111,0,0,490,293.83
9647,7682248f6dca971eae1d076dbf0282358331a0e7,0,3,0,0,0,0,0,0,162,36.31
9648,61d8916a35470d6c122d9b78c1f3ae7aa9996949,0,4,0,0,0,0,0,0,35,25.51
9649,c539333e748324f2196f7a266f0bbf1e6b797c52,0,1,0,0,8,33,0,3,68,115.63
9650,666d887f7fa5e6ea7cad3724c3c6095f23e1a96b,0,1,0,0,33,8,0,0,68,90.76
9651,d6e16be21c2c58b2511bc0f41f49b0850abcdbef,0,1,0,0,4,0,0,0,101,58.17
9652,90f2066c9d5ebf5da9749ae308086ca427d0e043,0,3,0,0,19,3,0,0,108,131.68
9653,c9a5af37dc329a336a22b316a5a18c01dc8f5009,0,5,0,0,64,17,0,7,267,301.53
9654,d11958281ea785b6b5fcc32a169ed4b96dcecd87,0,1,0,0,3,0,0,1,11,75.29
9655,5f5f02b1272ceba5e72ac8bb29e3d260d66bd493,0,2,0,0,0,0,0,0,245,54.25
9656,0bd3cf6ac6560f9386b070374de5cb8b25056c33,0,1,0,0,23,45,0,5,42,112.74
9657,5acbfedf754fa4d063931ea30432716374c2f8cf,0,23,0,4,730,581,0,64,3902,2478.47
9658,c195d1854389539cb7f0a9637d743574c0f43916,0,1,0,0,1,3,0,6,486,158.97
9659,4f1837297e8f4ffae09b04ad68bd936db1d1231d,0,2,2,0,23,24,0,22,588,315.02
9660,d1f2d722588c1e979510b5de5c8c22dc51d126f1,0,5,1,0,110,17,0,11,860,1671.54
9661,d377644f2ba226bfa90a0356917bee4a4ee34a46,0,7,0,0,45,45,0,19,1755,775.92
9662,f53ea87a1fa9a195645fd407a31f5cfef32cc306,1,1,0,0,33,19,0,2,84,170.08
9663,fce903ef20df988b785125d331b031e6d113cd38,6,0,0,0,0,0,0,0,0,339.44
9664,edb9f939a8c0f60d7c03adb86ec99a6685056205,9,7,0,1,19,3,0,0,353,643.02
9665,b4fefb04de1fc982bab9431cf5c497599810d9b1,0,2,0,0,23,5,0,3,516,186.61
9666,eb2f8afe98e7ed85a620a25b4511b3c40aa3bf10,1,0,0,0,0,0,0,0,0,50.07
9667,60a9c6115eb74e89b4c5b3362d416904f7c064e1,0,1,0,0,0,0,0,0,84,22.82
9668,81d2e35428e9d06f4ff9137f8157f8808f8035c2,0,1,0,0,0,0,0,0,0,13.02
9669,408f18d29a2247f29d40a69e4c4437ce5b508103,2,0,0,0,0,0,0,0,0,142.77
9670,96dcf63f553a734940b5f76d161687c20efd3f91,0,6,0,0,0,28,0,6,1140,310.46
9671,7d2a38b829c19bbf8c947b4a210dd5df2dd52f91,0,1,0,0,0,0,0,0,77,17.81
9672,449cc454d163f82cf07c433c89aa6aa37fa75fbe,0,1,0,0,0,0,0,0,212,29.96
9673,5992662e6ed5f1c32015652e9bbad06d27bf4712,0,1,0,0,0,0,0,0,240,39.24
9674,ef150eeb654bcb6df27f44402b9c9c8a24471217,1,7,0,0,20,81,0,2,689,404.9
9675,1f8c7ff7a41429cf5e9f8b1f8011cde64b83971b,0,1,0,0,0,0,0,0,154,28.95
9676,ff89afde95cda9a6507668e57b1631e0e57bd135,0,1,0,0,0,0,0,0,44,14.82
9677,14c140fff75ed99f1c1ea50a195c1212ee908192,1,3,0,2,76,0,0,10,193,306.67
9678,4320d8372f93e8fa4d82da06e5e0a0ba310195a2,9,6,5,0,1,9,0,1,420,712.28
9679,77e54cbf9e2f0ae2bfb59bb0ea54793606134c49,5,9,1,2,100,10,0,5,621,697.81
9680,2e757bcb1aeb3dbd81047479ac8760203809705e,0,1,0,0,3,3,0,0,91,1253.19
9681,a6d44a78f94bf70ff642ca2e3ba219623a7945a7,0,1,0,0,1,1,0,5,47,117.59
9682,e64d070873eb53aa089d1ad318cdb755f084fa66,0,3,0,0,7,7,0,0,763,219.18
9683,ac84e0c84dee39da7339722aad5ed2dcf26e2d27,0,3,0,0,7,0,0,0,801,195.62
9684,d87d94474ee28f7d2cf317f1e717b35047d12ea4,1,3,0,0,3,9,0,1,106,204.56
9685,80d62e2d7c96b0ec65b01d525f3eb48e58446576,5,5,0,0,30,76,0,0,683,592.04
9686,60d3fbb22b125b06f619c2ff7cdae2b58c1e399a,0,1,0,0,9,5,0,1,505,170.1
9687,baaea36bc322842f7713d6884ce414417f7399cf,0,6,0,1,330,83,0,7,834,498.72
9688,40048355b5a7ec442b321a4ed4c84a4ab791d74a,0,5,0,0,0,10,0,0,304,166.62
9689,666aeaf5d577e5422233e2d15295fb52d5eb38f6,0,2,0,0,3,4,0,2,364,169.26
9690,dfd74a2e42bc06bbf85572225b902caf949b2aa3,0,8,0,0,4,8,0,5,3273,669.58
9691,b4c984ab555db61727a27180416882caf6ac7653,1,5,0,0,6,0,0,0,377,208.32
9692,2b6f3d4f80c1b57313ae9d88a68825b154f5ab50,0,11,1,0,9,12,0,0,517,364.92
9693,a46bbd6275a0ae979712d5c9da100b60b4d14867,0,2,0,0,3,3,0,0,270,139.62
9694,a0cf2054cc4ab9ea2a6cce3f60ec0b2dc8a59b27,0,2,0,0,3,3,0,0,192,110.9
9695,68062f5a724fcf9fb52ca6eba4de391fa6fb513c,1,0,0,0,0,0,0,0,0,61.55
9696,b6299b09bbba30932351d78d9897fc0e86c9dbe9,1,1,0,0,3,27,0,0,14,128.02
9697,1c0b4c9aedb5b3f9fbd51b472521ded541bbb2f3,0,2,0,0,51,4,0,4,178,163.38
9698,c9843837d529ef6f354abadb688c082f7d117999,0,8,0,0,6,6,0,0,418,239.46
9699,1354773c520f56e48689c0e4a682f24fb5268cef,0,1,0,0,1,0,0,6,78,78.48
9700,918dafb4dfa847a42b26115e42fd2bcc005fa47d,0,2,0,0,27,0,0,5,230,1341.93
9701,9bc00bf703ed5653b2761d202676f72d8e7d9cfa,0,23,0,4,8,14,0,3,1078,727.25
9702,1c3e7a83b1e9dfcea6b08daf70d41ba4d03d45f2,4,1,0,0,3,0,0,1,201,325.81
9703,53e47edbf92e8cbc1084039f9af1b8a9ada9550c,1,1,0,0,0,13,0,0,70,95.97
9704,eaaf4fbfcca65de4c50a637c25efa59619603950,0,1,0,0,0,0,0,0,67,21.85
9705,290e21826b88cdd7f2350eb0dbf791321f1baebc,6,28,5,1,13,24,0,0,1192,915.55
9706,b88f23cffddfa90f256e82e8bf5ee411639843ea,1,5,1,0,3,3,0,0,162,196.55
9707,993c4d74c668e212f4eeb1c623e38f0a189ee066,0,1,0,0,0,0,0,0,529,74.17
9708,e1f577fe75e0ac1401983cded94d62d98e2cda81,0,1,0,0,5,3,0,4,608,183.11
9709,7e7ee2812f459bcfdab8862db8f6db2cab0e1368,0,17,0,0,113,84,0,18,2045,1068.41
9710,86ebb26f924ee114d0bda0a3665c5efc512bd932,4,20,0,4,103,30,0,1,670,899.39
9711,777b99c59aebbbaeb55fba50e29d24b12634c542,0,1,0,0,0,26,0,0,76,47.79
9712,4813a2396cc7a1a054b2c46c673ea96ced982523,0,14,0,2,35,61,0,0,1392,826.99
9713,1082c7a470355b938ad0f7de2fa73ca5461c1bc0,0,5,0,0,0,9,0,3,333,186.26
9714,11c26109dd647baf59c1c9da9934c46c8d9f1ff7,0,1,0,0,0,2,0,0,36,42.69
9715,584d8908c3e3209d05b227df8b2894d0448d2f9b,0,1,0,0,5,0,0,3,67,82.94
9716,db774b593702799910e22d03b2bc6b7ae4aba9aa,0,1,0,0,0,0,0,0,43,35.8
9717,d88882cc6db523a4fe2d70adad99bb66dc5d48c1,13,7,4,0,55,18,0,5,424,1240.47
9718,76ec612f92a9475ee97183739fab9874294b8c1f,2,3,0,0,1,1,0,15,891,365.02
9719,80d7ba440bd7389e76536e3b91ca227f4f850a67,2,0,0,0,0,0,0,0,0,95.91
9720,dca346ff89f34e22b63620a0994787782e72a2ba,0,1,0,0,0,0,0,0,6,1252.11
9721,147022cf7984b8e56d1e01e826d9640674837e68,0,3,0,0,4,12,0,1,210,166.71
9722,bc7d4da893e76010b4087e50292f3f1e6a7bc9d4,13,0,0,0,0,0,0,0,0,906.23
9723,4946cf4d6ab0f502f065825e157c7cabde604fe1,1,2,0,0,3,0,0,0,0,95.82
9724,98825b69084ade03dcc302d9cdf6d9a74a27f9d1,0,1,1,0,0,0,0,0,52,63.5
9725,851d27bb54596d1044a831160b09aad9f3b32316,1,2,0,0,4,0,0,0,0,100.27
9726,5be9ab3c8a28b64d7039568adc43b0abb32c3f6e,3,1,3,0,0,0,0,0,0,207.57
9727,ec383d6c737fa0bc24ec6984bbc70207f8da9c53,0,13,0,0,70,17,0,10,1067,641.63
9728,51210eed98d5553b40c13717597143491b0a0862,0,1,0,0,0,0,0,0,44,19.36
9729,cad29cc33a7c456beb35d56d2c84dc7cb7c72fa1,0,10,0,0,89,64,0,21,770,585.34
9730,774ecea757861fa5e1088fb091c304956145870b,1,0,0,0,0,0,0,0,0,72.21
9731,6d7a15e328e8af6f001d6191c3f167bd8038bf14,0,9,0,2,200,78,0,29,1849,887.15
9732,98184bd078d7b957f4cf99d26a5aacef1583fe3a,0,1,0,0,0,3,0,0,0,39.5
9733,6e4805673739fa1f8e85389d38ef6f3de20fc005,1,0,0,0,0,0,0,0,0,10.12
9734,fb111ef22b8f87dd25e61160678fc8857dffcfe0,1,0,0,0,0,0,0,0,0,10.34
9735,c3f2ad8c8c10097dc7f680ccdf2e9b99babc349c,1,0,0,0,0,0,0,0,0,57.69
9736,66b38acd3b82967c44450d9eec58266e1d2fb124,2,1,0,0,0,0,0,0,0,122.13
9737,3d8889e4c2b0f4b525cbd48ddf097fb5c9ee0b0d,9,0,0,0,0,0,0,0,0,407.75
9738,194dfbcece5a77a0b0c46a1688e7510991a83218,2,5,0,0,130,133,0,18,1360,666.77
9739,e73e1d7dcc13c5bcc56b0290870b5c018470f981,2,0,0,0,0,0,0,0,0,132.91
9740,e6ba90c311f41f341f96cfeda5963e65b9b71fd0,11,2,11,0,1,1,0,2,803,2329.61
9741,2c1e72b27966a7d0d0cfdd0d062b0e9bbbf409be,0,1,0,0,3,2,0,3,611,179.43
9742,48b54e3e40d91b4a79a56f327210e3e8e36557e9,3,10,0,0,30,0,0,8,865,664.23
9743,8be60e6f2a06d3783c744749bb76aac14496e3aa,0,1,0,0,85,102,0,0,629,199.31
9744,cd2a88b71c07017b9633aaa109f1774c31036785,0,8,0,3,183,28,0,13,1677,614.66
9745,408f6b67aefaccfc76708b2d4772eb7f0a8fd984,6,22,0,0,284,76,0,36,4215,1714.77
9746,a125e2a11444847920911927955be2d119716838,0,4,0,0,42,3,0,0,526,262.05
9747,51724b712e57d3d94f4239cba099f5619678b9bd,2,3,0,1,0,0,0,0,69,148.42
9748,27a1c415d39d07790c322fe12d7c4e8075477cea,0,2,0,0,10,33,0,6,405,193.44
9749,1ee24d6c626e8d361354721ad3de41d18e33bb70,1,9,0,3,124,139,0,14,323,657.02
9750,1010426455f95e293cf3986ef456db454aa4ef07,9,4,0,2,74,1,0,3,88,792.11
9751,f2e7320fc3b2898aefb22730395c46e9e83e585a,1,6,0,0,84,1,0,35,1070,594.86
9752,be419e2560ef89683b7795c75eb08ae2337fefee,0,10,0,0,8,3,0,0,816,214.25
9753,9a376ffb5ba1b05cd173e6683c81713ec8d1aba7,0,1,0,0,0,0,0,0,29,12.49
9754,3fa062a8ad9cfbbef23adbfb3ad1406a68afb3eb,0,4,0,1,69,101,0,46,689,413.26
9755,ff8a94612c2e80189f9ba883e58c8fd599d4bb45,4,6,4,0,59,33,0,0,910,662.94
9756,d894d3517258191703a0a6dd6b42947c8a0d8d95,0,1,0,0,5,5,0,0,370,131.87
9757,bf9ce47d0b6e448816d773993d29a1c2c5b3cd6f,0,11,0,0,135,133,0,7,2022,1103.67
9758,aa5f0618ef88161b23097b45df4055a58ca11685,1,3,0,1,6,150,0,3,126,264.09
9759,3adc3eb2a6ece13f3befddd41f508d01bde067d7,0,10,0,0,156,40,0,60,1061,745.64
9760,d6093ebbcb008914e8dec6e75645a0e628428568,1,10,0,0,47,86,0,27,657,1749.68
9761,e3612c560827d3b31e8b622a5a52011c68541313,1,0,1,0,0,0,0,0,0,213.42
9762,4b5b09bd2ff988498b3557e45dd194e46ec45b6b,0,8,0,0,25,30,0,16,1647,571.71
9763,b8704a0cdf5b9c55a4449a90a9fa80e9cb7b7432,0,5,0,0,74,20,0,41,1844,518.63
9764,7cb42f40eff443b127fabcef5b92b663a1b8af89,0,8,0,0,272,403,0,36,1566,745.35
9765,27712bd41e243cf26120fbb9111c04ed4f22c50e,0,2,0,0,44,0,0,1,1287,299.84
9766,ab0ef7be39fec7ba924deae115df42df8290cf25,0,1,0,0,0,8,0,0,613,139.37
9767,8131c406616a75512c50aaed14d2133875a61e34,0,1,0,0,0,0,0,0,58,36.59
9768,75cfae2a0c27da0814f3c8efb205fdc1b688c343,0,1,0,0,0,0,0,0,21,10.67
9769,4b80bf813f96616caabbb5c8809900252607bd71,0,5,0,0,45,8,0,6,1071,450.13
9770,8558548a37437ab4f8049b82eb07d1b3aa6ed1f5,0,3,0,0,13,26,0,1,987,371.73
9771,fec2ccfdd259bfe4e7e1cda578daeec0e7b8a38c,0,5,0,0,126,9,0,6,1192,377.44
9772,197edbfba1da52c5c51a5b4df1947db793729110,0,4,0,0,23,0,0,3,1179,312.81
9773,35fceea673d934898720add2ae6a5c115b8b7fa1,0,1,0,0,8,0,0,0,150,67.29
9774,7992e987d4d1fa1610e68451206c5988ff044566,13,11,4,0,3,11,0,0,1161,1053.38
9775,814f47e8b6b5ac9c8ba606ae901ded92da8174d2,0,1,0,0,0,30,0,0,98,61.35
9776,d9ac854a4155d14ffd9d81f883f796231b8e55e5,2,10,0,0,36,40,0,3,719,584.71
9777,52525884826cd0e99b2309d89d74fa270d51ec90,4,11,2,0,79,135,0,6,1282,932.6
9778,ad4404854d8fe6c75bcef301e69a867673c0ea5b,0,1,0,0,0,8,0,0,553,148.58
9779,62927c90c5a8aa79dfc68b6bb4f05f4aeebcd2b4,1,3,0,0,124,11,0,3,719,398.36
9780,a5a7f724f287a989d16db6c2844f43fa5d174b54,0,2,0,0,4,79,0,6,1304,1531.34
9781,b96f20ed11a16ed5f433d9dde6227ce1124d57ff,0,1,0,0,11,0,0,0,465,107.23
9782,bcec7d711591bdbafe9ec460e68e0f609740b9d4,0,4,0,0,122,5,0,6,621,367.35
9783,9f8f89923e96286275ba3fb259ec450baaa4f7c0,1,0,0,0,0,0,0,0,0,12.31
9784,2e09d9479beb9b38e1de1f0662000e8c01336480,0,7,0,1,144,51,0,15,1558,693.87
9785,463cedddec1bd55545f6e3e39ada04229ef5ceb5,14,1,0,0,0,0,0,0,72,805.4
9786,9beb72b09759029d474c52e1ee628c7eee025333,0,1,0,0,6,0,0,0,135,69.88
9787,d17d4d8821c2e780a2c3aa9e194b97a2d18e797e,0,2,0,0,33,10,0,0,755,235.38
9788,39e77bafbc73e20e1c7b422e413b8fe58b5047e5,0,2,0,0,25,3,0,8,254,177.25
9789,febad03afa00cd2fb98669c568a5f4c943487e52,0,5,0,0,16,35,0,1,285,289.65
9790,4ac150caae7831ea76b24975f34a0793d2aaeb48,0,2,0,0,13,0,0,4,77,141.48
9791,687cc91975464734ac43f4c2eb062f1f312b589e,0,3,0,0,25,26,0,1,204,165.53
9792,5a532f3edaceb603bcfae386fe5dd02fc3855c9d,1,0,0,0,0,0,0,0,0,59.96
9793,0afd7bc3e789dae3fcbb20afecb8edc2ebccbc57,0,3,0,0,2,1,0,2,184,151.47
9794,d79a3771192363f5cf6643741bfd50b4fab3a4e4,0,1,0,0,2,0,0,0,384,100.3
9795,f3a23d31135a0d3b203e9cd3b225dd6fc18a130f,2,1,0,0,28,15,0,1,72,247.61
9796,fe92f6a91798826c4e7d6796376d6ceae919498b,0,6,0,0,16,0,0,7,286,274.96
9797,a95dac57ef0e1949fd4751ca19350da96c3bf52f,4,13,0,0,128,123,0,23,3538,1398.5
9798,9a01d1162dbe5fe97dcc89f4db502348c904d150,0,3,0,0,77,0,0,2,167,178.88
9799,067ee043e7cff9e81c43781ea0925d474eb401d2,0,1,0,0,0,3,0,0,18,36.19
9800,5809ed32f869fa880a70a774d5b8365fe59dba4a,0,53,0,4,57,111,0,133,8218,3832.48
9801,99a94edf543fb28ccc8e34b886a67763f328b79c,1,2,0,0,8,0,0,1,390,127.84
9802,bd9a2c0cb0ea0f7a71d176e1aec789de486adc56,0,2,0,0,46,0,0,2,1263,298.03
9803,1660c6b777747af789fa5c9bf6a3ff77e868ca90,0,4,0,0,118,16,0,5,92,312.69
9804,0d502b6addffdc23a4826796c630bf7f9dbae718,6,8,7,0,111,15,0,2,592,1046.33
9805,2a3ac580abf5b32c341fe921c1eacbb395b27f25,0,5,0,0,54,0,0,8,412,356.22
9806,76b299359fcd6463d1e7c46fc64bfd42f787daef,2,1,0,0,3,0,0,1,130,208.9
9807,93e0c6808e1823fc05eda94c2ea49c688ef669a2,0,17,0,0,158,162,0,11,503,1017.69
9808,50bb316054d9bf5bcde5f4cf98333c23864eb090,1,15,1,0,0,0,0,0,548,333.32
9809,009adaf5c1ce5c7c16f77d51908a76def8760871,0,7,0,0,3,3,0,0,236,189.17
9810,2e5c499d6263b59183dc93d56b2bb27684eeecb1,0,1,0,0,17,9,0,0,5,77.72
9811,6c7a69a0442d6bfb3b5d86006db462756a51ec7c,0,4,1,0,17,0,0,1,298,217.26
9812,26de0faab65dfdc08d91393824944ca2fd43fb9b,2,6,0,1,31,60,0,6,1006,563.62
9813,6f89f3d0720823019e3200a4eb572f7281657344,3,2,0,0,29,0,0,0,202,253.38
9814,9748b408c811c896637f213a2f9688272b715dec,2,8,0,0,31,15,0,7,623,554.14
9815,3cf65b11237a2928273ce5675faf6b2900b0b76a,4,8,4,0,27,275,0,23,1264,881.11
9816,cdbfb82ef3eaa242abf6d070463c0895ac244ef1,0,3,1,0,15,9,0,9,197,199.9
9817,3d7fa8841882c3cfa3a1a6ebb08b480fd2059471,0,7,0,0,6,0,0,0,126,119.03
9818,fb8ce3eadcbde57502de4817e4350bf0034dbd94,0,2,0,0,3,0,0,0,8,46.07
9819,b3b78378043de2fd59ed1d4ae63eee6d870a826f,0,12,0,0,35,2,0,0,416,508.8
9820,bc5e8a77aa3419afc03c0751dd339e5027cf3664,0,3,0,0,0,0,0,0,302,1260.95
9821,a8b72220154d3349b5157d02aab78bf8e3b381dd,1,1,0,0,0,38,0,2,77,184.94
9822,8c57e5aed871b42d51e6218620ce7bd7991338c0,2,38,8,4,317,382,0,253,8897,3504.7
9823,b1a2e507ce25d4582837587a4d28a4773ab054c7,0,1,0,0,3,3,0,0,73,78.22
9824,829146d516751a592c3ab15908baebfd13429e8e,0,3,0,0,14,3,0,6,312,229.24
9825,af0059ce43b667687d25e0d1c5a5b4f3f4dbbb08,0,1,0,0,37,0,0,33,524,143.11
9826,eabcf30c22de069c94f02d506b135b72b6f16cb3,0,0,4,0,0,0,0,0,0,116.03
9827,2f135945f31a1a29d586b439a2495571971121ba,0,0,0,0,0,0,0,0,0,5.97
9828,16818dad7e04fac8f862771a23a702f72e605e72,2,2,0,1,1,72,0,9,97,286.91
9829,bf55c547655006be2c03dd1afa1f7db6dda6c0f4,0,2,0,0,0,3,0,0,74,72.08
9830,2f5fc239ee7712e02f3f3ebfc0a991acdcf6e3cf,0,1,0,0,6,0,0,13,300,103.01
9831,1a224b3e0b2e11fcd580edb5f8060f7ffd3c61a7,0,3,0,2,21,10,0,0,101,124.58
9832,95944e231315f085d5e23717332aa2866caa5d8a,10,9,2,0,52,20,0,1,689,797.1
9833,c9aa9a170ff657198c4710706bc3802de42063ca,11,6,0,0,71,18,0,23,1148,1026.28
9834,f18481ee54b61a737ae1426ff4dcaf7006e0edbd,11,0,0,0,0,0,0,0,0,471.19
9835,bc9c7a3561feb6c9b918377ce6ce1e40638245ce,0,1,0,0,0,0,0,0,194,36.94
9836,22d84de05e19dabb59bca85bb39a2eed66af15ad,0,2,0,0,5,47,0,25,433,187.6
9837,c80be06325db50239dd2bc827391a1295c5b6b3b,6,34,3,0,159,93,0,16,1131,1395.1
9838,d309c8cc1e8c1a6999bf9645dc2c033c3e7e2e26,0,1,0,0,0,0,0,0,131,30.54
9839,ae5bd203dd5952657ca6e1ddeff6befab06345bd,3,3,0,0,36,18,0,3,273,373.29
9840,95a0cb7e93c98c5212c9b482f14fa4cea2656fe3,0,1,0,0,0,0,0,0,48,1193.36
9841,0fe5f36058696bdc605d01aa638cc500e6b273f4,0,1,0,0,2,0,0,2,22,100.82
9842,88a8924cdfc6abe8463228c5891621bed4225ef5,0,1,0,0,0,22,0,7,198,100.14
9843,6b8212ca4b883529fec38607cf0abb18f0cb72cf,0,2,0,0,40,5,0,7,1343,381.89
9844,3cdb886a45c173ba5c79d58418f4beddbc8697cd,0,1,0,0,7,8,0,0,53,80.82
9845,294916649d4a1368b455d29d19d0eab80eadf218,2,0,0,0,0,0,0,0,0,124.05
9846,bce9a4c43fb6ff61762885cb0fbc984a7338ce19,0,2,0,0,0,6,0,0,122,57.0
9847,530a5e445785df9a85260b2654b776839fc74708,0,1,0,0,0,0,0,0,17,11.71
9848,098979c744319fc7e92123eebfc391f204c7b96f,0,1,0,0,0,78,0,2,101,90.15
9849,9bdf6b64202d177f890e7fee1dec16ddd02864f7,4,8,0,0,78,0,0,2,420,464.09
9850,7a57d1a6377cc44e230e56c4a245e6544ac750da,3,17,4,0,148,69,0,46,2307,1166.79
9851,a70bd35e306640ae813813294cc2516b96647e73,3,0,0,0,0,0,0,0,0,95.28
9852,16517f5598f2fdb8aa9c73970464d81dd0865cf8,0,2,0,0,146,109,0,6,925,298.6
9853,04b5cbf07775c086b1df33f94b77a99acc3f4615,0,5,0,1,105,193,0,8,758,544.7
9854,6caa61b13e9a6bfeaa27e7be2c97ff099730a5e3,0,12,0,0,141,264,0,38,1431,856.59
9855,83a204e6823a88ce8bb8d59217c7b24d01603862,1,7,0,0,38,74,0,10,842,513.54
9856,e9642f5e8b61e7080a78f2d1e3cdbaecea539a57,0,6,0,0,12,40,0,2,779,223.09
9857,5b24aa0302074a5eaf6c1b47c2764e9883b674ab,11,17,0,6,367,110,0,31,1864,1465.26
9858,a587576ef513f1df5a3c19b0e01a9eb43ec6f80e,1,5,0,0,205,1,0,6,720,457.92
9859,0acae1d38f3f25839bb4a4e97d94956806dd280b,0,10,0,5,46,6,0,1,1326,607.21
9860,a6d72fed708e99404c96ffeca6ad70e08963e9cd,0,1,0,0,0,0,0,0,0,1195.39
9861,4b7ca247431e727ac0533cf767d43615bbaf07c0,3,2,0,1,11,0,0,1,100,419.77
9862,3b823107275b2a8658a6c3b51c11374463ee80bc,1,20,0,0,467,244,0,54,2643,1751.77
9863,a0f747dca5b22312c50056aacb7d5b6f8c3fa1ac,0,0,1,0,0,0,0,0,0,33.8
9864,71570bc9a5dc549a34b020981e5cf87c479658e9,2,2,0,0,33,3,0,0,270,224.08
9865,b2c592a87139c587777f9897613943639fac1d61,0,1,0,0,0,0,0,0,148,27.58
9866,c7f7fae59c9e0a10e595b1036d4329522d704938,12,0,0,0,0,0,0,0,0,330.52
9867,960ae97a5ac137faa35b83675c2f087334d4d3b7,0,10,0,0,45,60,0,30,1029,739.55
9868,d9f012746f5b8b36ebb416f70e9f5bac93538d5d,0,2,0,0,2,0,0,2,289,166.09
9869,1838e9ce586e3ca68cdb6cede9c08458fe6857cb,0,1,0,0,4,2,0,4,173,117.86
9870,03839f1993b4f525d34789e2f53702200aa3d7bd,0,5,0,0,157,1,0,3,101,288.76
9871,e59b9d238ea6586b1c7a06e72e264e45409b09d7,0,1,0,0,3,0,0,0,12,43.87
9872,4452be3a6c1c165b7d808cb4b779e6c2ecd69f01,0,2,0,0,68,2,0,0,37,99.55
9873,b05d389f063b67edd253836fb71bb50f9f4ade06,29,3,0,2,19,0,0,1,66,1610.24
9874,a16f1330404acb0dd6bc0e3f3c7acb39d1a8158a,0,8,0,0,51,0,0,2,970,424.73
9875,762ef726c67eb0a74b476624523aecfb2a030a28,0,1,0,0,0,0,0,3,179,75.57
9876,a64a44ee1a5b63731fc82ebbb9443e276e359821,12,3,0,0,64,65,0,9,171,916.78
9877,847e7e79387b0347015733fdfacb0595e00bcda0,3,7,0,0,21,0,0,6,1959,600.62
9878,4b3544e12bb2b2e671b2d667950a857ad91e8f3f,0,2,0,0,35,4,0,3,765,259.89
9879,aa004871519bdf2cf5b67afd05f333d2596ecfde,1,1,0,0,0,3,0,1,53,130.51
9880,cad94a0b36cdb014c071d5729212f880a7566c48,0,3,0,0,4,0,0,0,209,1258.54
9881,d1ce8047ef2c9d04fb460448cd4dfc35c29602ae,0,11,0,0,30,8,0,1,191,347.98
9882,3071f50b357f16c0a31ed6e6aa0521222d1337b9,0,2,0,0,0,5,0,0,138,65.02
9883,cb922bbfa0a26e147638d22aeceaf3e83b01e1d3,0,0,3,0,0,0,0,0,0,83.88
9884,d2236181632eb88b58d4f0d3cb397a84f398933c,0,5,0,5,0,0,0,0,47,128.04
9885,88d2e3cc5c31a7703d1deb90f79cd195f67c9686,0,3,0,0,9,30,0,1,56,163.6
9886,635cd554e94e2c87858785f7e1227aa804eedc5e,1,0,0,0,0,0,0,0,0,86.29
9887,9c77ffc1657d0d044db7b0d05d354775e3db2fe4,0,0,2,0,0,0,0,0,0,69.04
9888,f695a76b10b0cb5f074bbb874fe374cd11e6eff3,9,2,0,0,19,0,0,6,55,571.22
9889,f081e72c585bb42ceb446f7b4d731d99b2302814,2,3,0,0,37,0,0,0,247,198.89
9890,38ee097a408a7181631103a69c5914aac2fd3ff8,0,5,0,0,85,2,0,17,584,446.13
9891,f57a615c1e7a0b01d1984b3c7637be7f5b63d696,0,2,0,0,23,1,0,0,104,84.45
9892,861bf73ada01e4d2d8c671e507974e5bfacd9218,0,7,0,0,2,0,0,0,295,100.61
9893,8a0b9c795752696f595fc75e10128fc47acfb066,2,0,0,0,0,0,0,0,0,121.58
9894,1ab79f65fabdb47d7d041557132b4978db4bc9e2,1,7,2,0,16,46,0,36,1684,651.96
9895,0abfaef842987367ceef41f5804e2fccee853e27,1,2,0,0,0,18,0,0,86,93.16
9896,981a54d6718753ca5b2cd68259b72b4ecea9008a,1,0,0,0,0,0,0,0,0,65.14
9897,b32e1f611d831c4bed695c28a2880fb42c58ac28,0,1,0,0,0,3,0,0,37,42.79
9898,d9c71e323d7765d03ecc0359692ec33d79abf426,1,2,0,0,0,0,0,0,561,123.5
9899,acfbc83cf17f94a27c1aa71c331ee95382f55596,0,5,0,0,31,207,0,22,536,306.91
9900,812a3f38ca694dc57da1d7e902eabe6d1d5b68b5,0,1,0,0,2,4,0,8,173,1374.57
9901,6f6cfde0cea12f8d6966c48ba3124c53db15c9bc,1,2,0,0,0,5,0,12,831,238.63
9902,a853cdab96435a1cf978ec13fb4bf484e2c0e553,0,1,0,0,70,0,0,0,194,84.9
9903,126a489e20f4743c361bbf2f2b4a2c890f8026ab,0,0,1,0,0,0,0,0,0,31.29
9904,434f59f53c8fe5cd47406472cd0ddf9051081f18,0,2,0,0,200,159,0,21,483,277.45
9905,9bdcfacf7212715cf194854886143593896b2bfc,0,1,0,0,0,0,0,0,52,15.88
9906,d2247598897b273dbadfda0ab4c05e3678807ff5,0,15,0,0,48,101,0,23,1773,798.93
9907,777aefb84574a039f4030116519cda2347d9b679,0,1,0,0,0,0,0,0,52,14.51
9908,6311a651bf66c393bca86af02fbabd9a9c4129e9,0,2,0,0,0,3,0,0,161,61.13
9909,80003d62f386fc95a3dbbc414f2cd4de7a26e1bd,1,14,0,1,76,13,0,4,1024,880.33
9910,f1721293b0701d584d42bd68671181e332d2ad04,0,12,0,0,29,10,0,19,1338,699.49
9911,f4943dd06b2ff7da899812a2aaa2e0b24c2afc01,9,0,0,0,0,0,0,0,0,481.05
9912,0aa7762eff6d9bbb40b968e3f392327fa5baa7eb,0,1,0,0,0,7,0,0,83,53.63
9913,739c496d2d5a9d12cc7ee7b021fed4a9cd0499ed,0,3,0,0,0,18,0,0,165,119.7
9914,614483450129069072b0da6bde4e993fdd63fd15,0,3,0,0,25,14,0,3,322,172.76
9915,34ce59bf3915f992d192bd10cc4c8bda285a44dd,0,1,0,0,0,0,0,0,25,12.81
9916,37331a01b257693f0b2c746219b9277535044ef4,1,3,0,0,11,0,0,1,122,153.31
9917,4e280c8467faf7c255557dce9e0e87eebf5c15e0,0,1,0,0,0,0,0,0,115,22.75
9918,de9168423ecc322e3d52d3ce584757612fef9693,0,1,0,0,14,19,0,0,24,74.92
9919,f93e1c9e0e72704878f73bdfe7c5ab2472735203,0,5,0,0,0,13,0,0,245,75.74
9920,a57ba1cf5f8497988dc753b6e6805efe83d68c9a,0,1,0,0,0,0,0,0,6,1215.17
9921,0004056b494c42f5aa2b2cab5876eed7cfc20875,0,3,0,0,3,0,0,3,99,183.07
9922,9a0c965aaac9b4c786decdb4a76d7167520e9776,0,1,0,0,0,3,0,0,89,43.83
9923,4c93e684e4233474d0ad596b0e1eefb3de9e543d,0,4,0,0,13,0,0,4,93,179.89
9924,8b68ca769967f6c2035ceba6ebc25fe6b9988250,0,3,0,0,6,9,0,33,643,247.85
9925,16cb60ff0df4225e8323bb3153b3ff3ba04781e8,1,6,3,0,6,53,0,0,1534,519.88
9926,423e8a8afa4fd440ba2abb6c2b535f881ef84374,0,45,0,0,16,83,0,28,7839,2677.36
9927,248995ce6fbaf919a73e8ff35b31e35e71b9e783,0,1,0,0,0,0,0,0,9,16.26
9928,6161043a2afbd458f2587f3f63df60f620c755b7,2,1,0,0,2,30,0,0,62,180.35
9929,b867750b4ba8b58767aa600d732fbfa5fd7c64fe,0,6,0,0,11,6,0,7,341,342.78
9930,60ab0ae88aa7c3305befe487220c4264deff895e,0,1,0,0,0,1,0,0,428,102.17
9931,a1636b1e3b05fb366a9e25a23b555648860d9223,8,3,0,0,26,24,0,4,198,549.26
9932,272ac71328aac0583df859bf197e30afcec0981f,1,4,1,0,6,30,0,1,168,250.91
9933,8c1968ac2880c3784c6c35ffb819932483208807,1,2,0,0,0,0,0,0,105,87.44
9934,14fe641fc97888ccc7035051a697334ec39a0e62,17,28,20,0,0,0,0,0,1718,1748.94
9935,b9ec89b16a28a3cfc94d312c827f16e6c17c4b0c,0,0,0,0,0,0,0,0,0,21.04
9936,9fa61aa505b09a3c57e9b8432ac05fe1fcc838ec,0,2,0,0,0,4,0,0,52,126.21
9937,c27d0d68dc76ef4818f12296b28d78d6a78d4965,1,17,0,1,91,102,0,65,2459,1325.78
9938,3bcd47fac93c14b23bfc8d15f1a6dccd607631fb,2,3,0,0,0,0,0,0,193,216.43
9939,60cc18bb6ec20a66ca79b835dc67b5cdbfb3c881,0,1,0,0,43,9,0,24,521,176.31
9940,8d277d42269fbc8bc02b69c7b5dfe1c51916ea89,0,7,0,0,6,22,0,17,762,1575.14
9941,c64e8503c9f093c48d119e1dce9f64eea9843069,0,3,1,0,47,0,0,14,309,225.27
9942,42d671c11153e67588f2c80d4d2953c53b6b067d,0,0,1,0,0,0,0,0,0,36.45
9943,036c5492a9bfe7636d5e7d5eb664af5e77952707,0,3,1,0,45,31,0,0,143,143.49
9944,f9acd2ff317b4a6181e85ba50ddbe177573351d7,2,1,0,0,1,22,0,0,32,134.56
9945,59ff00d71d298fa61a92efa4fecd46f3cefc50f6,3,9,4,0,19,43,0,37,1723,745.57
9946,011006f81c11e0d0c8bb37c20e06daad1dcb7148,0,4,0,0,9,9,0,0,599,159.31
9947,3358cd3b6d6ffebb313b6c02f2a53e6dbd6ec1ed,0,1,0,0,6,0,0,0,62,51.22
9948,64bb08d776ea4d153a74bbe992b59e52c3044425,0,4,0,0,15,2,0,3,343,232.79
9949,18990694eb1fc8c18b66a31960bee6f4f163c43b,0,1,0,0,2,0,0,2,31,71.91
9950,886b01d8b21ed378cbffa6d01217f960eb308770,1,1,0,0,0,0,0,0,33,124.12
9951,39e4ad2097506f646a1c8a78f753628ad1debb82,6,0,8,0,0,0,0,0,0,632.91
9952,252045384bd415d1ae19ce88b60b4140b33d1dbf,1,0,0,0,0,0,0,0,0,51.91
9953,6cc8e44adfaab2d6e3ae4c1992b8fa73c4066c81,2,4,3,0,18,7,0,3,635,521.6
9954,761ed7728fca566ba29e59aa9313a8d5553cfdb3,0,2,0,0,2,9,0,1,572,170.24
9955,31e827e54bcf643dc0593227aa6e491061102ccd,0,2,0,0,11,9,0,0,51,135.7
9956,9f4e69fe25c9563a4e429e3aabc077c6a0962872,2,2,0,0,3,5,0,0,57,173.11
9957,02ad3d2d0193f2ab7098354d52d23b02f6574e8d,1,1,0,0,109,9,0,21,65,220.45
9958,42b04b01976206b6fc7ebcb58871b627463171f0,0,5,0,2,17,10,0,81,1767,886.95
9959,d5f8078a358ed3e1dfa79042873c060e59d4732e,0,3,0,0,49,41,0,17,266,274.73
9960,b74980ea51884f58199f2d7dd527999ac6a6177c,5,1,1,0,0,3,0,0,36,1534.26
9961,e62ddb3033071afceaf3bfd2b44d9de037fcbb76,0,5,0,2,55,17,0,5,240,457.33
9962,85a919f298136400f9354f8ddd853f836c6cf155,0,0,1,0,0,0,0,0,0,38.4
9963,6cf98b671d889f1003172bc656ded69d1aab9235,0,12,0,0,179,116,0,20,853,657.78
9964,ec0fdca096bbe046c7b559bdc324f7ecd027e369,0,1,0,0,11,61,0,5,545,166.4
9965,e64071c21e8637909fef7761426e2e5e5bcf0285,0,1,0,0,10,0,0,5,556,150.87
9966,7cfdcd50ed2a43679d794494cf2594727b76bcbb,0,1,0,0,0,0,0,0,175,36.04
9967,2b1a125ea7e95e7eae247064cdb4b55f1bd46118,0,1,0,0,0,0,0,0,12,10.61
9968,ba12e9af4f6af3bff1ae3298e9aaaf1edbdff744,0,1,0,0,21,0,0,1,7,74.32
9969,6a682ff7bfa6f0073759ec716b09bf6e06a3d36b,8,5,0,0,84,38,0,2,1450,944.52
9970,6f820eacba4f1340e0fd2fba3b092f37f4e9c626,0,6,0,0,10,0,0,0,170,92.02
9971,f16fed8ae5d581cb08e3121b0a68e01c4e2107b5,0,6,1,0,45,3,0,0,136,183.06
9972,cb535d9b6ea24b8419bb5dffb7a090da8e709589,0,4,0,0,0,0,0,0,46,27.52
9973,c9815a7fe6d8a9facbc062457fb1ce525d6df427,0,9,0,0,0,0,0,0,216,71.2
9974,a39ade1dcc3eda4b9f2362a2b440019d13c0e99b,0,1,0,0,3,0,0,0,3,44.94
9975,8c7b2d8cf47a14e201f3b96701436d74bb98a2c8,0,1,0,0,0,0,0,0,27,13.67
9976,a8c0fb5d455bd2dd9911a9559d546561c8b86024,0,2,0,0,13,61,0,3,156,123.81
9977,5d1e64eda1c4dc9b3563641d393bf1953e4ac06b,6,3,0,0,11,23,0,0,160,414.19
9978,c8b93b354d6d72ef3cacc9b0b9adcdb1df26e625,0,8,0,0,58,0,0,8,1486,674.56
9979,47d7eaa67f837d51bf0600b2d2d6d0f4202b6c0a,0,6,0,0,41,20,0,16,965,317.41
9980,767d92489093acbf74fd29142cf3ad9eb39e2592,0,2,1,0,15,3,0,0,405,1389.21
9981,617c02a5a6b7d90794de210536d5b06939f9306d,0,1,0,0,0,17,0,0,227,66.54
9982,14cda6ce2b0baf88bf228294fff3c9ee878bb559,0,3,0,0,37,7,0,3,173,168.39
9983,f333ea42aae292933fbc10b3039c40262f346164,1,0,0,0,0,0,0,0,0,70.45
9984,5e27744c94c59f2bcc661b3f94f311221c021773,0,4,0,0,49,0,0,6,1226,371.11
9985,4fbf32356a1df34b9ed5ce0c484dfc9695cd7c4f,7,2,0,0,3,0,0,0,220,512.91
9986,0607fa50de42e38ec631e67ba3bbc9985b403aac,0,1,0,0,6,0,0,0,22,48.31
9987,5dc2a17891cc75b4e4a522a6ba15f253452a3b8f,0,1,0,0,0,0,0,0,28,14.86
9988,d5520a3207fb6ea9a9505a903cf24d0014d75545,0,8,0,1,31,49,0,44,1258,509.27
9989,b5f23036a42a3e3f1c3588f7d9e8650522688113,0,2,0,0,23,22,0,5,437,169.95
9990,21468e0050dc5f97de5cfe39885e0d3fd648e399,1,21,2,0,7,14,0,25,3291,884.87
9991,f2494cec219ad48f64993a04bec5d20464c11c94,0,5,0,0,26,17,0,1,310,226.59
9992,d051cccd92236b13b4e9de96f0a0eeaf171b29ca,0,2,0,0,38,0,0,3,332,169.24
9993,906616baeaf482662d5ba621c14e513912977c5e,9,28,2,1,140,103,0,31,3157,2202.1
9994,b4403f2657f6fc63298fbd4caa27580e909d3f07,1,0,0,0,0,0,0,0,0,67.72
9995,fa8f9318cb6b8fe6da1f9f219816733d92c55113,0,1,0,0,0,0,0,0,260,42.51
9996,fd85207c946683f33b5f5f5d0d644c2ba2ccb381,0,3,0,0,21,0,0,2,373,221.92
9997,d561a6f8ef7c494c575fbe179f41614a7d73ca43,0,6,0,0,16,0,0,6,332,259.79
9998,479b6890bf1e1e8f4634903975b4983c96913dc2,0,1,0,0,0,10,0,13,117,80.18
9999,a68dc3c440c79c031d77d0082b7f8e4707311382,0,2,0,0,8,0,0,0,63,79.09
10000,1dcd5c2eb9a9eeab8146136a3ed40fc1c185a823,0,1,0,0,11,5,0,2,65,1306.88
10001,d71c4eed25cbd7d183cafb29e8bfbb17df904cbd,1,5,0,0,69,0,0,1,521,327.74
10002,973afee77ea6b22a286889b4d46cc750cd11e617,0,2,0,0,60,42,0,0,1039,290.42
10003,887b8d97c78ac0ada200ca904719bdd5e59a3bed,0,2,0,0,7,5,0,3,521,279.92
10004,d99877baf701cb5cdf2493465eb7174d8f1c6d4a,0,3,0,0,16,10,0,0,925,277.05
10005,ea032aef599dc33b3c48edf0d183f65c7ff57492,0,8,0,0,58,4,0,0,235,324.03
10006,0421594f22d676ff15b6edf66b9861597000ff7d,0,3,0,0,114,0,0,3,215,194.28
10007,7f5d5838ec2d5c1bceb8f6acf76bb53e04aa3d8f,0,1,0,0,0,0,0,0,0,10.24
10008,ddda6369a52ed2530432362a9813bf66dbc40f3e,0,1,0,0,1,1,0,1,123,129.61
10009,662c82ac13131eb27280446298938ba6acaf3825,0,3,0,0,0,10,0,0,263,118.98
10010,92fe83ffa88659d310a18666a57d1562fcba8fcb,0,3,0,0,23,14,0,2,291,153.02
10011,494e12d57d4cc780749bfabe9a6bc7fec9c6887d,0,3,0,0,8,15,0,0,714,243.1
10012,5a056935778d8ae9d9502a2f3833d7fc72b77d22,0,1,0,0,12,23,0,3,171,126.9
10013,21d7503098ea1b01191f4d6c3fffb1aac4b0d45a,0,3,0,0,12,16,0,0,918,297.04
10014,f8e6c83cffbe494d679cecb8dc371cd634b44d2c,0,5,3,0,85,7,0,13,803,445.33
10015,44ff1443fc37c91a60b53687df167406859610aa,0,1,0,0,23,12,0,1,171,124.56
10016,bfd45436e05cccfd57f2fe0df094f242da618922,0,2,0,0,3,0,0,0,299,108.13
10017,d3f39d07f5cb4dd4393a517f662329cbde254cdc,0,0,0,0,0,0,0,0,0,14.02
10018,54b0ffa48ad41e69bb86ec45f8971ea5a423a355,3,5,0,0,33,13,0,6,315,590.71
10019,6e5954e8a03ad5d440447a57098976b0250f4f72,0,0,0,0,0,0,0,0,0,49.23
10020,5338ec782839e8bc0142334b9db99a4239954de9,0,1,0,0,31,0,0,6,174,1327.88
10021,fd75bcd43f6fafee779caf24ddfd56f0e2cf07b0,1,1,0,0,0,35,0,0,629,215.01
10022,3fa91f277480e4089c47dba6af63c5f38a7ca5dd,0,1,0,1,0,0,0,0,14,35.86
10023,db1864b911eefb4a18f5479b7f98faaab41d604a,0,1,0,0,0,38,0,0,48,48.54
10024,a796fff7901f3f329eff6d33bf41cd6ef391a0c0,0,2,0,0,2,1,0,10,682,210.61
10025,8f47b38b5273c09603b53af1c6579c42172fe634,8,9,1,0,176,946,0,6,2609,1552.37
10026,f617ad8616c05e3faa3a573f9faa465261d2bfc7,0,10,0,0,37,43,0,0,1095,456.88
10027,b2e260e3eb24c72bd397029f1b7fe73f7c0e8aae,0,1,0,0,35,0,0,8,56,84.94
10028,8ce69d976711b4c97142fb4c530aab1143959efc,0,1,0,0,0,578,0,0,0,50.83
10029,0e59a9d5f6585999f36e222ed38b63d82e81ce38,0,2,0,0,38,0,0,0,202,92.58
10030,130e7970b5aefc064498f0d67811260face2e5e5,1,1,0,0,0,24,0,0,158,114.58
10031,14c4b23ca8744f83864a8c91ff0c1b88af52e532,0,4,0,0,13,43,0,0,227,195.78
10032,70239625748f078cf38784953984085583b6d9b8,0,2,0,0,51,20,0,7,154,165.88
10033,d73010b110f5dffda4b657ba2ebc274669a33845,3,1,2,0,0,0,0,0,476,308.02
10034,282646ec7e84b4dfe17d95a18585510577366a82,0,2,0,0,1,0,0,3,136,86.69
10035,4ed73a51174353dfff98e485798c5fc8dd9bd20b,0,1,0,0,6,5,0,1,81,112.62
10036,294fcb243fd97e78184419ce6e536abf0e060a35,0,4,0,0,10,0,0,5,741,192.45
10037,1c653ceb25b456a0abe65b22b2eada17ba2bed53,4,0,0,0,0,0,0,0,0,211.09
10038,1a06e71aaef727fd03a69094bb0ab1efe3fe7e11,1,1,0,0,0,13,0,0,111,114.27
10039,509b92cd3f1d69b8363dc91ed8dd45b2c5b442df,1,1,0,0,0,16,0,0,307,131.99
10040,907fec799fcace497d035a1f8b5618c2b4729177,0,2,0,0,21,25,0,0,308,1372.36
10041,d6a0e96f03a6bd4d8140479825a69938fed000e6,0,1,0,0,19,0,0,1,41,87.11
10042,15d8cd5458a7a940cef16760b465abee4f20a06c,0,1,0,0,0,0,0,0,120,24.58
10043,faacb556544eb8a8e39ca75422efc1547effc6da,1,3,0,0,13,0,0,2,493,277.2
10044,6d79968f04d549d37b3bcda086a1484e78f61ac3,0,1,0,0,0,0,0,0,289,39.32
10045,1d01ed8f9e410ed894a1e4be0a96d4c2ce59e748,1,2,0,0,3,0,0,0,1067,263.37
10046,caf89b18ad351964af4bf6999dfb21ee3887fc55,0,2,0,0,2,0,0,1,529,165.09
10047,be794ac078360cf82435dca550f8690ca7abdca2,0,1,0,0,0,1,0,1,441,124.84
10048,fac54e945897c24c32bbfbd3ec0b7b6832309131,0,2,0,0,21,46,0,9,225,177.18
10049,d30854be2f8b6389c2c6deb66240ba63bd5ecf0e,1,6,0,0,273,5,0,6,1610,632.32
10050,67bc355d0edda18563c57dc8b6f2ba61f066e872,0,8,0,0,48,0,0,1,351,336.44
10051,aad73766d450352b0baaf1b72bb7eb209b7b2de5,0,3,0,0,29,29,0,11,3058,469.85
10052,775cd8ff252de8502054001a4484dbaf24ef025b,0,6,0,0,25,18,0,18,297,237.72
10053,2c8ee78f714af4995f618c768661f5b638cd3025,3,9,0,0,122,8,0,5,471,610.46
10054,6860518c23fd382a650a4a18787edaf578fa7380,1,8,0,0,9,9,0,0,1527,400.89
10055,3f62d5d78a3f792e3fb984ff88d38190dabad586,0,1,0,0,0,0,0,0,34,13.49
10056,178a7ea08cbff001375734a24e9e20fd94006fac,0,6,0,0,27,0,0,0,328,108.82
10057,8f3e7b91e0d2d1991bbc77d227a71fff751cac0d,0,2,0,0,0,0,0,0,124,30.92
10058,f6c65fc2d8e2817b823172a65a54df9a0361371a,0,4,0,0,0,0,0,0,376,81.57
10059,29fcd0c65900256222e954b7d91743053c379694,1,3,0,0,5,0,0,0,224,163.27
10060,479fb070edc4a681d85e4c20a964083751aa3720,2,3,0,1,3,0,0,0,471,1639.03
10061,f6857a4660eb84c07425594d4fb36df57761aa1a,0,2,0,0,18,0,0,5,281,177.83
10062,2be780c3bd6e6525a64a3732608e5f2be77d9449,0,3,0,0,6,18,0,1,751,238.13
10063,7dd5e29e006a35677e2314d1cc25135591d4de4e,0,1,0,0,18,14,0,0,215,101.39
10064,150bccac338265953f5684210d47b01037341007,0,3,0,0,0,0,0,0,314,56.3
10065,d913de10094dc9d63f9a4599da033d89d25154d2,0,3,1,0,31,17,0,0,456,279.59
10066,3e8774dd5c0dc2a968e0984cb7646d451b471a57,0,1,0,0,8,0,0,0,41,51.26
10067,412f31cb4e62a666c19ade0ca2d3b9208f926e9b,0,12,0,0,29,39,0,104,2776,1094.96
10068,1ab4c16dacef1e0ace422627e594800133a7e62c,0,1,0,0,0,16,0,0,228,70.26
10069,6a72a6ad8f4f582dcea8305ee9d8715aa7a66286,3,14,0,2,18,10,0,8,2545,965.8
10070,7bec861bc0959e09b85e576769c86dedeeefd317,0,9,0,0,3,5,0,5,1778,481.87
10071,72638160b5b9eac20db8abf0fffc1b2c206ea051,0,1,0,0,0,0,0,0,77,17.24
10072,b8bbd064b1e0c91ddea63e32948a3cb82a841557,1,1,0,0,0,22,0,0,85,134.56
10073,b50d4e31cb6a014c99925c9c1fb74a68b3abae3b,1,1,0,0,0,14,0,0,71,100.68
10074,0c8c1d4b827700d788f5b4ddbd8a21192165d039,0,1,0,0,2,9,0,2,43,108.46
10075,93f1bcc3d3262d961709de3ea16b12dd6ea40c0b,0,4,0,0,64,0,0,0,680,234.99
10076,f2300e0042e96e5164339155235d8db0fbb0d0c9,0,3,0,0,49,1,0,2,178,197.68
10077,a740f0c2799ba48e19acb185c1138115fd63aa65,0,6,0,1,44,4,0,4,897,440.16
10078,b0bf8383330d9c5d8f824c438a4a4cf1044f25ba,0,2,0,0,3,18,0,0,218,113.76
10079,f19cb148f5fa94e7640dfe1b96d665be95a2de58,0,1,0,0,0,3,0,0,52,47.96
10080,4817dd9df16c730e2e90f667f51f74ee40c3dd6c,2,2,0,1,9,0,0,3,87,1465.12
10081,768e81f8c72837e41d6dd930308f188b2b827413,2,0,0,0,0,0,0,0,0,193.0
10082,1426b218678224344844e1f1bdd7f1b1c66e0a32,0,1,0,0,16,0,0,0,463,134.41
10083,58280f44f5ff62d129580bb091671a52537536e3,2,2,0,0,33,28,0,4,253,238.6
10084,f384449d9afd40228334f255ba1e02474dddd8b6,0,2,0,0,8,0,0,2,104,120.96
10085,351b303fe527b009447b69fd22f41ddaa079dac7,0,2,0,0,6,0,0,3,198,136.07
10086,8dec21f59b6ae9c9cd2c12d4bff88e00c4a465f7,0,1,0,0,0,0,0,0,177,59.86
10087,db488c0d19dbb96466b9b765cecc06784b844926,2,4,0,0,25,31,0,2,162,339.38
10088,2e2f67ed348c334402a5d0af76b0fd47cedcf5a7,0,2,0,0,29,18,0,5,216,153.9
10089,c5072dfd17aa8340c66a29e5b8f402d80cd6bb76,0,2,0,0,1,2,0,0,176,112.72
10090,2947015e664ddff083e407c539cde0b7f78a83de,0,4,0,0,29,0,0,0,476,152.06
10091,e6ef67783006f57e9378e16559bff0d109cee0a6,0,4,0,0,14,0,0,0,505,212.51
10092,5654e0f4750cd9fbe7cba2bdebd16ea3cb4011d6,0,1,0,0,0,0,0,0,145,25.4
10093,a91d9515dc3e2e694626a5fe2625a9d7402f67ef,5,8,0,0,97,1,0,4,446,683.1
10094,d56c45a090de689a01fc8ddb884e6baa29568322,0,1,0,1,0,0,0,0,61,48.36
10095,01f8c3508140988dcff7e3a72bf1b483db8f79f5,1,7,0,0,27,37,0,5,1155,650.96
10096,dac02696a9bdb3ecdfd084b784a43e74ca3d9098,0,9,0,0,68,1,0,6,952,384.53
10097,e9c9b0e522fde5788f8e61850f728a9134c32378,0,8,0,5,8,0,0,0,485,251.24
10098,9042a15813e736ada9d14c4c6303dc3556706d46,3,2,0,0,0,12,0,0,403,263.79
10099,6d7c1bd94ae817de20f95328c76eda719b896c74,0,1,0,0,7,6,0,4,79,107.82
10100,5da6e4c053751e0f9b28e2fcfeb9427b093b80c1,0,2,0,1,3,0,0,0,89,1347.84
10101,ebe14806b46d89c852aaccca5cec1ed3e3ead136,0,1,0,0,0,0,0,0,3,15.65
10102,a7bdbb9aff734fc586e74c95984c7f956dbf576c,0,1,1,0,0,14,0,72,230,151.54
10103,a4936a5e029229cee18848588efbde819532cfa8,0,1,0,0,11,10,0,1,21,101.32
10104,1bede7ef01d4694e890f8602d19ce8198120e8d7,0,3,0,0,153,32,0,19,304,359.2
10105,7b4d4b9114e6deff5d7c41925936665db53ecd8a,0,2,0,0,7,0,0,0,225,108.78
10106,60292c020c35dd1d35f806c169ea1f2afe14a337,0,2,0,0,139,102,0,16,1128,302.3
10107,2ee200f0941719a8676e9f8b4d152b9d68403c54,0,1,0,0,2,0,0,1,45,74.41
10108,f9c3a138848f35e227ad6b57028697b6ff2d0382,0,1,0,0,4,3,0,0,64,80.03
10109,7b2e6e70bfccf2ffd051d61782d50d3ab9ef0443,0,1,0,0,21,18,0,4,29,106.45
10110,32ad3fa960681ffc8c21179b6592f6e0a6875c11,2,2,0,0,0,0,0,0,1086,523.55
10111,653ba1a1bccb7457c7206c385a49d911b4950483,0,4,0,0,51,7,0,5,407,223.76
10112,43804cfce1d3c93e4e1f7a6ec176067269c368a8,0,1,0,0,10,11,0,0,21,71.83
10113,05880a96c2221af0d82af0e58992f6e189ad8cf8,0,1,0,0,0,0,0,0,285,43.19
10114,f4e71f92957ca382e4631ebef795711195d742f7,0,2,0,1,1,0,0,4,349,143.34
10115,c98936750d24ae6a36d9cc5b087695ef31787a6f,0,1,0,0,1,0,0,2,379,122.29
10116,763dad49dcfe96fa56fb88da0a4d7d53e148f337,0,2,0,1,0,0,0,0,1206,287.62
10117,2efb89a4640fb24716099a1042203ff61665b0d9,0,1,0,0,6,0,0,5,186,94.34
10118,a1b1758a7beada90e408aa953a76637caef63a14,0,26,0,5,60,20,0,3,1594,766.43
10119,e504957ca359fbc62004b4bd1386640254780a36,2,0,0,0,0,0,0,0,0,94.11
10120,678fce06587a3df4693acbcc5f3a9fb32396aabe,0,0,0,0,0,0,0,0,0,1324.57
10121,514b51de832fec320caf9cc73eb39d35910a1c79,1,2,0,0,15,0,0,0,76,124.21
10122,2e3aab3f6464ecae7f60a561ae7541296ce5681c,1,0,0,0,0,0,0,0,0,58.73
10123,de1a8a0444c231df6c57a70cefb689aa7126a502,5,0,0,0,0,0,0,0,0,201.67
10124,23f726c34ed9993977c6d5b034f6906fe48be021,0,1,0,0,17,5,0,0,34,74.47
10125,3c38352fc179767be9a65711d9875fb01d6288e1,0,3,0,2,11,0,0,0,77,104.57
10126,c75af84d44dfb9b883115bf4fd65b6a5989464e4,0,4,0,0,69,21,0,15,671,337.01
10127,9783d88463ace4c728de3f5861efd42c2c07e23e,1,2,0,0,59,40,0,2,744,312.91
10128,d1d2256e22742511faabb6e75c80af75a0a8a58b,13,5,2,4,0,0,0,0,396,986.56
10129,768731d2707bf40fefba5481ed20f9c3c3ea1673,0,0,0,0,0,0,0,0,0,5.45
10130,1ec34249a0303ae64d049d177057ef9b6c413ab5,1,2,0,0,35,25,0,40,552,243.47
10131,04aabae4acdedc558a8fc6ed5ba0d2d5a03d84ce,0,1,0,0,6,15,0,0,110,84.51
10132,5dac3c89804ef684f4e0a1bcec59c94b2d054190,0,8,0,0,0,0,0,0,547,107.19
10133,24f1dce1ceca35ef0177fa16648fd40cbcb52ded,8,0,0,0,0,0,0,0,0,372.45
10134,208fbead6aff45751e77fc0aac084e0244466d4f,0,1,0,0,0,0,0,0,70,16.97
10135,40a2128b2144ae47ba6a60b96e1a10719a94ef6f,0,4,0,0,6,6,0,0,448,192.02
10136,86ece85369ad3e53e23dda57a0e95483942a30b0,2,0,0,0,0,0,0,0,0,137.63
10137,0b53eef53271e1f73cfe3d7e0b4fe93fb2b74b5f,2,0,0,0,0,0,0,0,0,93.39
10138,b45becf8fc1d656874d9ffd4ad17b1276cf4b43f,3,2,0,0,0,0,0,0,0,121.1
10139,36d9a756343b41f7fd3123dff8bd2bb5737b6e26,0,1,0,0,12,0,0,0,7,48.37
10140,6d05db76752b4f1772df83125638e4396f1e432d,0,1,0,0,3,1,0,0,54,1321.56
10141,71283e27e2b4ca5274f791d46e085b940b8cf215,0,1,0,0,0,0,0,0,0,10.29
10142,d57741cef9d4773cc487418baa961254d0d47524,0,5,0,0,74,57,0,6,339,350.12
10143,399de8b7d43094561efef185989ba714c2994f95,0,1,0,0,11,30,0,2,31,106.29
10144,305051cc6e03d7e0ed9a9c3afe9e90b56bab0dda,0,1,0,0,0,0,0,0,102,27.91
10145,f7624518a9a89ef8a3ca2f9fa12d0859f5e72096,0,1,0,0,0,5,0,0,184,81.46
10146,37cdfe8e48231cf72d715e94f16511b82055a6ae,0,4,0,0,18,5,0,0,247,269.47
10147,d5cb1b9e5aefdc73026985f67a991f099e8f4364,0,2,0,0,33,11,0,0,214,135.17
10148,df8f9a586143bbd719b6e9f03592e02e45629a9a,2,0,0,0,0,0,0,0,0,102.13
10149,fcd5eae38f9afa135966b0bec64cd6e4c6584416,0,1,0,0,10,0,0,0,188,63.76
10150,82e373c6d12e957a6db5a956e17f39c6e8f6d51f,0,1,0,0,1,0,0,1,6,64.68
10151,687425db49e332225bfdba631111325ca68bef53,2,4,0,1,57,0,0,5,175,327.47
10152,8d37909e3bc33bca2a5dbb4eda10951a52fd231f,0,2,0,1,0,0,0,0,3,21.79
10153,daee14f8a54a6e650c57ed93d960d505793f2c67,0,0,0,0,0,0,0,0,0,18.73
10154,dd6508f9f6e88947329897a3259648f3d3eee38f,0,1,7,0,0,8,0,0,421,306.1
10155,54b81338644b3a6e9a4a555582e9fd8bd3fbf233,1,1,0,1,0,0,0,0,68,104.77
10156,b1db13f5cfb3b81409d6f6fb079424f44ccc826e,1,4,0,0,5,0,0,8,811,252.09
10157,6902915509323e28611af050f59911964daa3d8f,0,1,0,0,131,51,0,6,36,135.17
10158,4fb4b6318411fabf7d6167f02ad834e85ad66845,2,9,0,0,18,2,0,3,1104,498.71
10159,3b06b1a4a25607c193388baf95b268f984517774,1,1,0,0,13,41,0,0,159,140.6
10160,366e916e71172b1b73f802b5b4bd19ef252e68ea,0,1,0,0,0,0,0,0,0,1232.8
10161,09f96b339f4890d7a44ae92c915ea8c0f6f244cb,0,1,0,0,33,11,0,9,1053,244.93
10162,dc742486083f1c30213098ac946e85a99b78fb4d,0,13,0,5,3,46,0,4,1717,764.33
10163,8ca6a09d8cb5da596098dddf18cff134d863a0e4,0,3,0,0,0,6,0,0,79,84.37
10164,6779bd6d73d6f6a44dde99b7779f037101b128d7,0,2,0,0,0,2,0,1,356,122.31
10165,bab224964ceab7d8b1a409684a3c59b5209237cf,0,1,0,0,0,6,0,1,580,132.74
10166,c5d4a6fd2c8351aacb7bf20acda9532f260abd5d,0,0,0,0,0,0,0,0,0,15.91
10167,d10fbd96f6b97312d74dbc644f3354fd3558a697,0,0,0,0,0,0,0,0,0,50.99
10168,81de0ee63d4b882cc8253f19826ef5605a5f7d27,0,7,0,0,0,0,0,0,2848,424.19
10169,0f9d0952cd89a9866d17b9d00b5ff69738974f87,2,9,0,1,59,460,0,4,1510,938.0
10170,71a53d49d1c6ce0e5f840e1b528cb75323dc2665,0,1,0,0,0,7,0,6,125,82.13
10171,6ce4e2b7ec958570068838491bd88888f56f880c,0,26,0,0,26,54,0,25,2943,1135.31
10172,fc72a7c95b4d745e2df64bd75857e77f4d5ca14a,0,2,0,0,7,0,0,4,48,114.67
10173,e6e6898975a892cdfed3e69cd6da0474cd712714,0,4,3,0,8,20,0,23,472,321.9
10174,6bd3a17d17290df35a223b9481f246e350a63695,0,0,1,0,0,0,0,0,0,30.92
10175,58bf1bf4cb244493ad25fbe485edef0565d72649,0,3,0,0,7,3,0,3,738,200.89
10176,04966bbcf3ef1be59ebab76d0d27e43b77e856f7,0,2,0,0,32,5,0,20,1767,356.51
10177,45bddfb807708a5dcb6c4a484409feaee244ac40,0,17,0,0,3,9,0,0,797,251.88
10178,f75d8e1fbb16ba08ab5a625f50e988c708a8a2bf,0,10,6,1,6,100,0,10,1621,825.7
10179,482462f2855ea68667146491b61c347d11c52298,0,19,0,0,33,45,0,6,1484,947.87
10180,2107a044e626481adc357d636daa3777249dcd9a,1,1,0,0,0,3,0,0,63,1366.15
10181,816fd523c3bf08e11ba26c8c7231f79e7c8288da,0,1,0,1,0,0,0,0,69,57.41
10182,21621fbcde534969b748f21e9f8983e3f4e0fb1d,0,3,0,0,31,0,0,1,790,256.32
10183,5b01e7139c1d0307e93f0e448e75ee6b5e6541ca,0,1,0,0,0,0,0,0,70,16.69
10184,e08117f89ba012c37f70c4aad99d569d8a9ba2b6,2,1,0,1,3,0,0,1,40,209.46
10185,b2c110254b6a0b709ca41fe9c819298516dccbc5,1,2,0,1,4,0,0,1,248,248.89
10186,3d502e3069faa0e898b9b0a1059622eac2b1c2f0,1,2,0,1,3,0,0,6,68,159.9
10187,81d0889c96fd1445425e5af7f1e8a0fefd59f4f0,0,1,0,0,0,4,0,0,72,47.45
10188,1b44f967fdc9e186a72721e8dc24bc5c4f7b2f23,4,0,0,0,0,0,0,0,0,212.28
10189,c5b133e6b13ea468763730e45f872b2370c2a206,1,6,0,1,57,37,0,3,218,372.49
10190,051692a9d2ad8bfffc1087930c3ec51d692d8cc6,0,16,0,4,61,5,0,19,3905,1343.45
10191,14afeea06dcd9cb90dfaf471156b34a14380038b,1,2,1,0,9,0,0,6,1244,348.42
10192,f1a2312f62f701cfd0a8f29d43e3e96f054c254d,0,1,0,0,2,2,0,2,129,113.89
10193,6fc02d1cb956ca4fe1709f032906d3dc80fb5a6c,0,3,0,3,3,0,0,0,70,116.2
10194,68e423d05bc732e58afa1cfbb95dd9ae434cc35e,0,2,0,0,9,0,0,13,233,99.52
10195,ac0e20499d62467e279a3ce6bc305a3f879fbab4,0,1,0,0,0,0,0,0,53,19.13
10196,7ee937c16088ffcc0d75de64d89dca12be52ec5a,0,1,0,0,0,0,0,0,30,15.33
10197,f810a1a20e104dfbfcb26f547828e4080022cbe8,0,1,0,0,0,0,0,0,11,11.09
10198,45f77bb5da907494fa7a32b146247ec946a826b7,0,1,0,0,0,0,0,0,3,11.25
10199,e408636a831b63b414c9705b9c3a006fc0572cdc,0,1,0,0,0,0,0,0,34,15.17
10200,e0617be01454b663de5e21ae73f0f1d61b504da0,0,1,0,0,0,0,0,0,60,1275.08
10201,e593c5d7deb7b786fd67b1772d0438da2f6a70ad,0,1,0,0,0,0,0,0,23,22.83
10202,4437249fa32f1957f6312eed9eba3f5878fa3bce,0,1,0,0,0,15,0,0,39,46.65
10203,8735a5bc0de4fbe924ae6f9a4c1cc62459206570,0,1,0,0,0,0,0,0,36,13.06
10204,69a91e8f8eb36c2f429fd1ae14fc5217fe3e3190,0,2,0,0,42,14,0,7,105,198.71
10205,51582b6d837aeb646686a1497514f51cf5fa0702,0,1,0,0,3,0,0,12,150,88.7
10206,f30356bc955b4fd07cd8316f13c3e4059ebe6a9e,0,1,0,0,8,0,0,9,102,83.47
10207,589fd4d8700bf54170cdc01a588f2b654cd1a7b4,0,1,0,0,0,0,0,0,323,46.78
10208,07f86e6eeeadefc6621e13987b0158dd0018c614,0,1,0,0,0,0,0,0,13,11.23
10209,0033448f0bc92104e134a9dc7c53be9da936315d,1,1,2,0,17,37,0,0,0,180.5
10210,549079c0b565d10faf07272bdbe046a9b451b086,0,4,0,1,0,0,0,0,443,114.4
10211,052599d9a5f6c96eb2ba546d5b66453c8d09ed2f,1,5,0,0,0,0,0,0,725,280.29
10212,bd4328dbcea908191b669e53b57b790a4e627ecd,0,6,0,1,3,21,0,7,429,342.14
10213,6d474988e3d71c9df8ee85912d5eed5a26869a50,0,2,0,0,71,0,0,14,174,139.5
10214,cc3184a35f2430c94535a095c2f926e912f692bf,0,2,0,1,73,0,0,14,177,168.56
10215,5d981ebc16ce6a1089e021fcb7a634ebe0167be5,3,2,3,0,125,66,0,22,135,433.74
10216,a3ac577da3187121ba55ac246dec0dadab5a35f2,0,1,0,0,0,1,0,0,54,39.58
10217,22a96442d911ee1d35b59abeebfc16fd8b0a9542,0,1,0,0,0,21,0,0,38,45.14
10218,70fe6aa747ad021bbb8dd8cdc0beecc863f010be,1,1,1,0,0,0,0,0,38,95.92
10219,f400fbbe138696e82897941ee012f64c23f7dfcd,0,0,0,0,0,0,0,0,0,23.92
10220,6d2075b53261ccfc4ef0eb96831b5d6bd3011e6e,1,1,0,0,3,12,0,1,27,1379.81
10221,fa4ee95f07bcb58f1f6d1ca6fa04a37f771e05c0,0,4,0,0,0,0,0,0,12,24.17
10222,ae56cd7ab4d2f4811bddd1f4c7a40e5e97e01848,1,0,0,0,0,0,0,0,0,82.55
10223,3f3e5306460497a920a111fc43a5e322fa729c80,0,1,0,0,20,0,0,5,297,111.33
10224,b83a2531641a0e39e0e1c37a78f355eec636de79,19,2,18,0,3,0,0,0,623,1869.11
10225,73bb670ec6888ce55a9185a222b7b4a7cdb62d05,1,1,0,0,42,0,0,0,129,127.98
10226,0c6fcfa904d80f08d834fad8a055e4a16d236dd8,0,1,0,0,0,8,0,0,85,54.73
10227,3d07f5ad3275a69316fbecb75b016e8dea6bc734,0,1,0,0,0,10,0,0,75,52.05
10228,a253fca90996365186cba61f7f52e40e677dfc27,0,3,0,1,14,14,0,0,1969,422.8
10229,d57ff710e361b74ba9703f670f92d039b7b9c08f,0,1,0,0,0,1,0,0,481,96.8
10230,2f1200623f465b8e35daa86613eee676cac65b2b,16,0,0,0,0,0,0,0,0,811.57
10231,005bda9be361ffe6c371ebefed32e614cbacd876,7,0,0,0,0,0,0,0,0,267.94
10232,7fe12c9761f6d85073bd5d44b107b18117252d91,0,2,0,0,9,4,0,0,72,114.36
10233,d279ef58846f556b721258edeebbb70791cd52ac,0,1,0,0,1,81,0,2,509,157.53
10234,118d121054c534126cfab5d9b65a01a298038ffa,0,2,0,0,5,0,0,1,283,119.35
10235,858841d20881d0544aa4b46ba936d29c1132e779,0,2,0,0,28,0,0,2,144,128.26
10236,7abac4e938629c46a0b5eca0ab6da17461b78c59,0,1,0,1,0,0,0,0,0,26.53
10237,ce5de6be563ffe6e36b8f917a7f500ffc2b49c08,0,2,0,1,6,0,0,4,60,161.72
10238,274ff58e52c826c5f358ddbc539c96de4d8af801,2,0,0,0,0,0,0,0,0,128.41
10239,ca61ebcb1f680510a55481e757f0637f4a2c39cd,0,1,0,0,0,0,0,0,52,16.61
10240,95275e2ea0ca1bfd35e4638d52649074190a83e0,0,1,0,1,1,0,0,0,9,1256.11
10241,4d560df50d08f22b68e8b8c9a0e2086f45b5f4b4,0,1,0,1,0,0,0,0,39,123.56
10242,331d40ff7cc669b614c668b9f0d8160d15685626,0,1,0,0,0,2,0,2,484,135.9
10243,ad0d5c8e256e6db5f6a51e6374cdc262283c912d,0,2,0,0,4,0,0,2,1080,293.66
10244,e4a225513bd30919f4824c7298b564f0d9dd7b9f,4,1,0,0,0,3,0,0,253,271.21
10245,80e81c7e34b48e1e0d8cf4f2e282307744c0dc2f,0,0,0,0,0,0,0,0,0,23.8
10246,72e9f5b70030317e03f3e5fe57543ce970be43f2,0,1,0,0,0,0,0,0,39,68.34
10247,fbd3225e9d63a10eb6e55fca136d2acfcc777250,0,1,0,0,0,0,0,0,39,52.64
10248,e9d3d58eff5c9a3727b1d5b2b3dfaec136267951,1,11,0,1,58,20,0,8,961,584.43
10249,a9d34ddc062c971c47fa0d777a89f1010c568c39,0,3,0,0,19,8,0,27,807,251.13
10250,5e697cf148f2d4ea09b0117d4c22102de98440c4,0,2,0,1,250,0,0,1,706,390.46
10251,00e0baae8664cf06dbba88542af102c764fb7730,0,5,0,1,13,0,0,1,241,182.25
10252,6644321f8637d96bd1b74fa6b244bb2bf22d194d,1,8,1,0,24,4,0,2,2191,631.12
10253,6b1be170a617c7b3a75a9c7dbbc5e4d369476459,0,1,0,0,12,3,0,20,392,160.91
10254,49202e2cf849dce7df3856ec9f40b1b5596a7ae9,0,1,0,0,0,0,0,0,63,19.92
10255,9dddae827e3f117b3527254701119c10909a3ac5,1,1,0,1,20,0,0,0,36,132.51
10256,e2a8b95e4703e77a963cee5641bffe2e5b8a6f49,0,0,0,0,0,0,0,0,0,38.59
10257,c1ffb7204a60a9b2aad9b73881a0c4d82e5f9324,1,13,0,0,11,19,0,2,1847,566.09
10258,411da973c4671eb3f7998bc6ce52259338fe04f1,4,3,0,1,24,2,0,5,224,331.32
10259,f118d7404b3e0a0904b4024abb578444fc98ef49,0,4,1,0,29,20,0,8,364,260.38
10260,5b09f1998084e5cbeaf5e048f79f89630cfd4f2b,2,0,0,0,0,0,0,0,0,1334.29
10261,14dba3a29400f377cd924047ac8ce8cf31eb44c3,1,8,0,2,46,3,0,0,652,470.33
10262,bf37130d34d762d4ebbfc594ad1a52e63feae71a,1,0,0,0,0,0,0,0,0,69.28
10263,9995a77b19ec5112dba553184dd12a667544c3a9,0,1,0,0,0,0,0,0,58,16.59
10264,2979a31d88c1f087a2e367246a202520e1c7b6cb,0,1,0,0,25,31,0,2,18,113.51
10265,c0454ef64e71095cd38e6ba958ecce26f934c610,2,1,0,0,4,45,0,1,73,172.75
10266,30f73c1787d5bb735edf12c5f65382e6aee340ca,0,3,0,0,56,0,0,1,97,131.81
10267,d544d302bdd640edb5432c2df9c424057a5548e9,8,11,6,0,53,64,0,0,373,912.58
10268,8dbc64105c13dfae467f2cfb75ec67d0d2d56c84,0,1,0,0,0,0,0,0,39,53.3
10269,101552bf503cf0ca59493397ec4cd01bcc4c45a7,0,1,0,0,1,0,0,0,495,110.33
10270,c365780e7527a917e9d127694cd80cf2cdabf247,0,1,0,0,0,0,0,0,39,52.85
10271,28260cdd70aee0a4169a068887feae71a81ec4c0,0,1,0,0,0,0,0,0,39,63.23
10272,e8fd892220f6575ef99339d274b812202e687f93,0,1,0,0,0,0,0,0,39,53.79
10273,d01cfb0cdedea79b2b946b7c3367b29a787d3e79,0,1,0,0,0,0,0,0,39,57.25
10274,bde51f9e46600154bd60321d3d345bb539b30ed1,0,1,0,0,0,0,0,0,39,58.7
10275,b41b52a6d1a18eafa113de3abd14da519de8cf2f,0,2,0,0,2,0,0,1,706,203.36
10276,80f17d5b16b139023ee63c1251491075000157f7,0,1,0,0,0,0,0,0,39,58.05
10277,886419f12f60df803c9d757e381f201920a8061a,0,1,1,0,22,5,0,15,62,151.81
10278,594a7ebf37c1e82747d52c8fea9ed06b1fbf31b1,0,1,0,0,16,0,0,0,37,52.83
10279,e30f3ad63c614db14bf94e988c40b02532e7f8e8,0,2,0,0,28,33,0,0,56,114.79
10280,f539300a03c101b4370d58186297d1d55829278f,0,3,0,0,10,11,0,5,208,1473.62
10281,7e13f5b43f417b8e29e1964aa109a463b152991a,0,1,0,0,0,0,0,0,39,51.36
10282,2ae0e8a0762732b2a87dbb8ebadd933ebeb4b96a,0,1,0,0,0,0,0,0,39,51.99
10283,15f175a7bcbe4cc83349fc13d022a5ef5ea0db71,2,0,0,0,0,0,0,0,0,192.88
10284,9dfd51a76cf77a6aa188680740236d55b7f61990,1,8,1,0,92,57,0,0,304,301.99
10285,caa5467efd5fdb76fea9ee168a310cddd3491267,0,1,0,0,0,14,0,2,92,79.91
10286,0196a95c74cba8a9fb072385dbc7e5920d357d70,0,1,0,0,19,6,0,1,580,162.27
10287,2c6441bbbe67f063b8d5c202b56e78083cb40eee,0,1,0,0,6,0,0,2,200,103.5
10288,9bda229dd362091c9889c026fb77928451faa7c7,0,1,0,0,55,110,0,3,53,125.46
10289,6515807e2cb7ff50aa38b52ed01a627379e3df52,1,4,0,0,13,0,0,0,2187,431.9
10290,29f6c3f83abbc8d6ffd3a918d26c3056b24ae911,5,9,0,9,209,149,0,11,1185,1333.62
10291,a194b37d9b99a47174de9108a937f821816d61f5,0,1,0,0,1,0,0,6,35,74.59
10292,b66cdba79f3332eb3226da68cde20e5f24b63eb9,0,11,13,1,1,121,0,1,734,795.35
10293,dc112184b9fb5bc72da92fe3658caa77382ad16e,0,7,0,0,37,39,0,14,942,456.54
10294,b837a589f1bda5d8352e9760af39937f9194c670,0,2,0,1,7,0,0,0,315,119.71
10295,25534adc2311c0198b0e115d12183e6ea90b4449,0,10,0,0,74,21,0,22,702,406.68
10296,23c9b5ac50d04d28a34a87c78eb2d3331c06b74b,2,6,0,1,94,62,0,25,357,581.56
10297,959cf62a219270ed936f5c1ce04bc38c1f456092,7,0,0,0,0,0,0,0,0,296.23
10298,428ce1b938813fba287a51bf86e6c52ef54453cb,0,1,0,0,0,0,0,0,125,26.52
10299,0ef2de5615f2805c4f03055dbaa8d02593245335,0,5,0,0,3,82,0,32,623,379.21
10300,a6571bb61f41a65b47ec250231a32e14b1390069,0,2,0,0,42,0,0,1,240,1432.48
10301,3e0e030b41ba7dfcc4d85b7c776ae9627a51f838,0,1,0,0,7,0,0,3,153,93.24
10302,e34ce28a0e36eb5e6558d0be2d8516cdbd622aa2,0,8,0,1,76,0,0,4,304,232.91
10303,636a919a1e6bc1397c9543957312f0b3fbad17c7,0,2,0,0,0,0,0,0,60,29.38
10304,11258f3ee15d3ff65f0e0f34b5fac79ee5c524d2,2,0,0,0,0,0,0,0,0,62.93
10305,7ed0df01d1d7d20babb1bb56fab2d2b650c77e15,0,3,0,1,68,12,0,2,237,292.74
10306,6f36df64e5a375ae203ba32662e5b01fcc38e340,1,1,0,0,1,0,0,1,61,125.9
10307,f5b6952daf63eead293b856ba8e7955843d2af8f,0,2,0,0,8,17,0,3,128,172.07
10308,a7f1fee876cde130d3b84848685ba78ba0fb6c11,0,5,0,0,80,64,0,31,632,394.22
10309,261c2dc8ed247a5b49594b87b1e8c2dc84dd5206,1,2,0,0,2,8,0,2,182,168.48
10310,2f324f8e19897ab285e1f5c91d5f84f905cbf459,0,6,0,0,94,24,0,3,2229,670.57
10311,b291bd5276743aa7c74427ddd12c97a2e4aeb6fa,0,2,0,0,59,47,0,7,605,242.6
10312,1e9232296eaef0e1f3a8ba32b416d26143a501c5,0,3,0,3,18,0,0,0,115,189.02
10313,948ab73523bed79d1672884207fd3a06f33d9572,0,1,0,0,2,0,0,0,23,43.01
10314,1a46d8d73652a81edd01a14891cd84d4377ea793,0,2,0,0,19,0,0,0,761,148.75
10315,f5417de97ca1341930e951c7c7dbdd90138ee3dd,0,2,0,0,20,19,0,0,1049,247.9
10316,d98132f4e286296a87ab3ae879ca09eb98165c27,0,1,0,0,0,0,0,0,176,36.56
10317,525f3c9c45f8534f1782986781140473909116a8,22,4,0,0,51,53,0,8,1612,1855.98
10318,c30e84fb8df9cb6ab6a38cde40b9c3b83c4e8954,0,67,0,3,49,206,0,465,7256,4836.83
10319,aabde88e5280d9fef9c911265e270ebb101b58e4,0,3,0,0,49,0,0,0,396,144.2
10320,42337ca87799a328742241537116cc8ead952a65,0,3,0,0,1,0,0,5,251,1351.43
10321,a7102b771280932255f04b77c086b6b7a5b782e2,0,2,0,0,0,1,0,0,129,63.29
10322,e9223939ad1efb839228032e43f0ca9d437d59f9,0,1,0,0,1,0,0,1,38,71.44
10323,43b8a36efc9275c3b95dd2d6961ef11e8e5d07e9,2,2,0,2,3,3,0,0,129,252.4
10324,d2085a18169da7bf84fdff98c5f743a8e75b34a7,0,0,0,0,0,0,0,0,0,58.12
10325,a2bfe3143825939b4b7143cbcd4aa02b5365af92,0,2,0,0,68,43,0,16,1026,333.86
10326,cb45de66a8a701591c7d85d2396e80506b448a10,0,8,0,5,13,22,0,3,1079,685.1
10327,a30fd9ae5afcba0398f558e69f64b9fbaffd63f3,0,4,0,0,19,1,0,6,512,236.44
10328,d3f6f8ee79aa322b20c9435cdc5ac70995e4a9b3,0,1,0,0,0,0,0,0,16,12.59
10329,0437ad2fce8a064424522b4b01d3dcea55597033,9,4,2,0,2,0,0,2,130,320.74
10330,173d062f9137f86e40c1fa12892141becab1b2f4,0,1,0,0,0,0,0,0,9,12.4
10331,2b608e3169ee416c922a8337c2ba5fa873516fde,1,1,0,0,3,0,0,0,6,54.0
10332,b6bd8f602a4a8c4c5c3bb45c4afe9aec6ad902a3,0,2,0,0,3,5,0,5,444,212.99
10333,7aa06710c4a75b01e3837c16cf1013b427a3e134,0,1,0,0,1,10,0,2,62,100.15
10334,0983d1f1aff11ae810d5a782d758160fc3d0448e,0,2,0,0,0,0,0,0,124,29.42
10335,14555ba53430b46a68771d87e3cdffd6ef2ce313,1,6,0,1,25,29,0,20,783,594.63
10336,ac0799a55914d0021b5baeaa784987efe0ac672d,0,1,0,0,16,27,0,6,154,121.41
10337,ba151c6b278ac7b25b7c514711639cdbd270e1fd,0,7,0,0,18,0,0,0,730,202.21
10338,8998b2fe286d4ac788011f03fc6953f8b040b119,0,2,9,0,0,0,0,0,74,272.1
10339,aa8b6c827f5860ec3bd89198f00ce35aab0bb7ee,1,0,1,0,0,0,0,0,0,282.71
10340,9bcf047cf983363e8ed489d16426ebdb3f9195a3,1,0,0,0,0,0,0,0,0,1264.48
10341,a40b31bf22efe1bee9d0def1730eaa25ef1c0c52,2,3,0,0,0,12,0,0,51,165.54
10342,e263856e37627361feec578ec67841de70f415b6,0,1,3,0,7,0,0,0,22,181.3
10343,050ad02ef9dd5d1ca85b46023b2d670c4d812a38,0,1,0,0,0,0,0,0,9,11.57
10344,8805406a0ba6de6d5b190aefc7c7707a51a660da,7,5,6,0,8,0,0,0,90,602.73
10345,ccc7eb431477059b32fb924104c17af953620c74,1,4,0,1,53,4,0,8,515,336.9
10346,7d98867477248bc39fe2e93385e076af49aea042,1,0,0,0,0,0,0,0,0,50.19
10347,d995602ba0fc727566802ee0053b9e751b0bdda3,1,7,0,0,29,3,0,0,409,274.68
10348,17ed5de47754cd0da912b805c465356ec3c7a8fb,0,1,0,0,4,8,0,17,621,188.1
10349,2039eea8fe5f0f1415a391d7c276a691a3b5d481,0,1,0,0,0,4,0,4,621,169.95
10350,7cf493040163c07398569341e65ba9f2d2785965,0,1,0,0,0,0,0,0,621,101.53
10351,5680f1f350c5f43b6e3fa6c4c80cd050d0c1430c,0,0,1,0,0,0,0,0,0,34.06
10352,66cec8364af68213516fe09bde611f1b101ac1df,0,4,0,0,0,7,0,0,130,134.52
10353,536ccd78c667c284f235e4bdee648fe28688453c,0,3,0,0,3,0,0,0,26,85.66
10354,0d8670b6da5a52282621b2860d8f94d4a592f33f,2,5,0,0,12,25,0,20,1050,503.61
10355,70f0081264cf01e5c94ddc692e4cb9433c2a6007,0,1,0,0,0,0,0,0,226,91.16
10356,b5a0b317ad008e031bbfd16e75ebc2a7eb9ae25f,4,0,0,0,0,0,0,0,0,251.57
10357,d23e2370e93b65c5f86f70d6931e7a65f885f78b,0,1,0,0,0,11,0,2,176,94.12
10358,7e21ec803f090aad28706f5df1c8494775f7c6ac,0,0,2,0,0,0,0,0,0,67.68
10359,ce557839d762b5f1ec92aa1885fd3d2ae33d0d0b,2,13,2,0,2,0,0,1,1760,562.79
10360,a7b74c406b72584280bfc14aab6c764602d5ca5a,1,0,0,0,0,0,0,0,0,1232.08
10361,7d4f7d12367748402099848e36b59e80834ffd29,0,1,0,0,0,0,0,0,300,56.18
10362,52fa83f173a8278399823fa2deccc60541e475be,1,1,0,0,0,0,0,0,3,93.39
10363,f63db748cc093a8c5d3e895727f446178721aab1,0,12,0,1,11,20,0,8,1629,600.95
10364,b770bcd564717964261b9723b32ba4d2b5be7b30,1,2,0,0,33,27,0,2,589,275.96
10365,ba706436822b676527f27956108c99fc2b4722b7,1,1,0,0,0,5,0,0,22,85.43
10366,b941ea8af517238f73299923c491175a8e88fc93,0,1,0,0,0,0,0,0,93,24.64
10367,21c981443b08a5cec7167c347d82cdaeecee37cc,0,1,0,0,0,0,0,0,51,14.83
10368,adfe011bc6fed36e30b3078bd3b6dbc0953f2ddf,0,4,0,0,160,31,0,12,478,409.08
10369,ffa44909bc3d129a0504da790da67af900c71923,0,1,0,0,5,0,0,4,419,132.57
10370,8e5213c19667f23d6b9c63524e7216bcebf396a2,0,1,0,0,12,3,0,9,421,158.06
10371,08a39ec0c7b2bf7cd5fb68f5cae670672888267d,0,1,0,0,1,0,0,1,98,79.45
10372,2bd7999b9ff104ad98018d290b7d27acf2cc3308,0,1,0,0,0,0,0,0,903,142.96
10373,4ce5e0f137ac3ab8686c45fa7b466e2fc73849ed,0,6,0,0,0,3,0,0,994,230.73
10374,312ef323c5ba524b5c9db32eb6320fc894d84907,1,2,0,0,0,0,0,0,80,71.61
10375,edf1f7d610c75adb228b8bc8262eb1865a91e362,1,2,0,0,0,0,0,0,16,25.16
10376,790fe275d60a487bebcf62f37fc07b0439c17f3d,0,11,0,0,26,113,0,13,822,693.31
10377,03d7ab66c06bc238ddeedacf6a62e7fd2f605496,0,1,0,0,0,0,0,0,0,9.81
10378,7752c91884eab87350263b7ab3d106aea5c11467,0,1,0,0,0,0,0,0,291,53.67
10379,a054799ed59d961df6d10fc8215b5820e70694ba,0,1,0,0,0,0,0,0,69,23.83
10380,7470e44354b97a0320c35eccb80342affa654714,0,2,0,0,18,0,0,0,346,1369.44
10381,c83ba1079aa7ad59a6014dda6c69503c78b34202,0,1,0,0,0,0,0,0,154,32.75
10382,ed84412a1dfa231ed1536efb1e6cd9abd026ab35,0,3,0,0,7,9,0,0,231,155.22
10383,0147cf601701c87dd330898f68b47939f2ef1226,0,2,0,0,1,15,0,3,327,159.5
10384,97536145bbd2a56d5b94c6d4b58a4050efe6c72c,0,8,0,0,13,58,0,10,352,448.13
10385,0d1cb1f52c75e511d6ca0d846b70b06786dbc2cd,0,1,0,0,0,21,0,0,67,43.3
10386,ba07cefdf9e5ce6cc823b34c9dd1b00a65b107d8,0,1,0,0,53,77,0,1,99,131.03
10387,8393c9670246c28adc4a254d3d486c8a9857a182,0,3,0,0,9,0,0,1,352,157.34
10388,bee0967c150c69839cc1dca6041f5fa27079030f,0,1,0,0,0,0,0,0,159,32.33
10389,fbb4837a4d274d19eddbcc0a9ab96724ad8ef972,0,2,0,0,89,9,0,6,191,205.56
10390,d73e25b3f9db814a823cf9b425ca978651b1667f,0,2,0,1,0,0,0,0,21,31.41
10391,401615768934adb487692672e085c5e6a6048bae,0,1,0,0,0,0,0,0,108,30.07
10392,a65bd5e121d0898946a684a5c540712e5c69354c,0,1,0,0,0,0,0,0,37,18.17
10393,1d53e8d8ffd354d5a4f51aac767f5e45321cbdda,0,7,0,0,14,0,0,4,216,221.98
10394,99198c771ddc9326156e138d9c8ba9b7ea3aa0ad,0,1,0,0,0,0,0,0,19,15.05
10395,e273d8d89fd47d7d83e9e0e6adec5cb5514a334e,0,2,0,0,0,0,0,0,0,14.75
10396,03aadcc2a9fe95d8ca3a6bc6df77325cbe483006,0,2,0,0,35,96,0,16,513,245.02
10397,c746cbb5571ae8196eae01fc3b1d9774ad609fc3,0,3,0,0,26,43,0,0,135,165.15
10398,80fa99dd1cd880bdbd55aef2fb829e893e04202e,0,1,0,0,0,18,0,2,40,71.83
10399,cf4258533b7e3a0d62613d3e00e306d21fb2b649,1,2,0,0,19,0,0,2,27,143.11
10400,e0759c3776e7292e4a4937c6fb76d31ce7bf702d,4,10,0,0,48,23,0,5,786,1888.29
10401,ea3576e26a67b16617b79d9fd6748e6ab67f0d3c,0,1,0,0,30,0,0,0,651,128.36
10402,c36b35e6876ecdc717dade653e8554f9d8b543c9,1,10,0,0,32,50,0,20,831,688.07
10403,25b409b5bb037153d991b8a947cd6dea78011d0f,0,1,0,0,6,5,0,3,11,102.36
10404,10e6416a768edef89e3f3f16845d32a8cee94e5c,0,4,1,0,16,5,0,5,221,302.15
10405,e8650cd402084576338255048d110a70ed3f67be,0,16,0,1,8,10,0,11,1945,645.25
10406,576228651382db040aaa006cf9142f6568930cb1,0,1,0,0,0,0,0,0,367,77.69
10407,2ce6938a7703aeb21779d825715d4c1e0e2c856c,0,1,0,0,1,0,0,0,183,104.84
10408,d32af521cbe83f88cd0b822c4d752a1b5102c47c,0,1,0,0,57,0,0,0,80,66.9
10409,d2957bd543b0a188520df733def6e456ceac73d1,0,1,0,0,3,0,0,0,0,40.63
10410,2c38a9b854e68018bca364f5acb3db9f5101478e,0,2,0,0,1,21,0,6,82,164.24
10411,e865c260da57ed67b111744d427825002e1a47e2,1,2,0,0,0,216,0,0,9,157.92
10412,c546448a360ec19d0e9c9ba3fa7d84068367bbe5,9,10,0,0,347,38,0,49,1886,1328.68
10413,081cb0ff899f200afcab2dc7efeaa41e92ae6b32,0,4,0,0,12,38,0,6,403,268.69
10414,75579de4d153c2af6762196606f302031f2d098c,0,1,0,0,0,3,0,0,23,39.98
10415,fe84fc5d06a76e3e32e394e7f8bcf87c47b87e5b,0,1,0,0,0,0,0,0,144,31.79
10416,8247ed47cb2a912913dc421194f7088aad1e5a78,0,3,0,0,12,10,0,2,399,245.9
10417,e3aa519bc7512823ee12c9b585066472abea729b,1,6,1,0,37,34,0,0,543,467.09
10418,b3e83a280ffb932ac790b189319c18fce0053776,1,6,1,0,0,0,0,0,580,189.53
10419,c83f7244e1fdb940efb0df8716f49ae681199312,0,4,0,0,23,41,0,2,214,232.74
10420,432cddedc0c7f2fa0b60832329e8fbdaa6d02e78,0,1,0,0,0,0,0,0,97,1243.98
10421,8733eb852ba9ff6e20909173db913d682bf32012,0,2,0,0,0,8,0,0,330,84.03
10422,15a7f978a2e591451c194c41408a12e64d04e9ba,0,1,0,0,3,5,0,3,92,106.31
10423,8665c389ea2214aebdc5f9a8e9f7df1b34b53e1b,1,6,0,0,106,16,0,28,678,296.92
10424,06fc5ceaf7293e6538394968e7d6fa8f99e21837,1,3,0,0,6,9,0,0,310,227.16
10425,51d939b99ea83cef5a7e232b82a5e1b902f1b2a3,0,1,0,0,4,4,0,0,63,79.02
10426,92eb7b15eaaf3d14ca6155c3cf438417cbe5aa95,0,12,0,0,66,30,0,19,2400,652.04
10427,d047c4725709b1a9377fa656bfc3b9bb3aec7626,0,2,0,0,6,1,0,2,68,108.08
10428,7bda6f61c9ce0db80f2b1d4c8e7fd6cad9b0eaf9,0,2,0,0,3,33,0,0,167,99.92
10429,2d92a2558d6f1f61a58b3958743cb763d31b0063,0,1,0,0,0,14,0,0,47,46.38
10430,82cb7dabb1e881fa31aba904d12b52454fbfdafd,0,2,0,0,0,0,0,0,97,28.23
10431,394a6e38189b4960e8dd697babdbb33194e9ecc4,1,9,0,0,4,36,0,5,678,473.32
10432,cf1114b5a979abb5ad16193a3515291eb0c698f7,2,1,0,0,15,0,0,1,4,163.62
10433,e2728c0dddafcfe7fac0652084be6c7fd9714d85,0,4,0,0,0,15,0,0,165,125.67
10434,906b630253bb0f8fccdecc7b1ad8514f1a8d75a0,0,0,2,0,0,0,0,0,0,63.99
10435,56ef1ce9a1ac8db3058bab3a62f3d3d18de7d0c5,0,2,0,0,0,0,0,0,482,73.06
10436,1985b2151dabccbc360548734b33b53c37062b4d,0,11,0,0,122,235,0,21,1637,1013.86
10437,20b6674e964e4573ad14d135a9a242ff6384d98d,0,2,1,0,0,5,0,0,224,128.41
10438,c3726cd0de10bb25adf4ac9464560ac93ef0030a,0,3,0,1,0,1,0,0,57,68.97
10439,c6bd03cef77319e4b7b3849ebfed4b0d448a1481,0,0,2,0,0,0,0,0,0,58.03
10440,6e80a83001ff59dc15343789f3800427cffcf7ac,0,0,0,0,0,0,0,0,0,1225.6
10441,dc9e4494dddfed36432e6bbf6cd3231530bc2e01,0,1,0,0,5,0,0,3,95,93.15
10442,353de39cc7630b0843e8b395397d4e359dcb5b81,2,5,0,0,5,8,0,1,281,235.21
10443,2ceee3e41d72a8c05c5ed6d918664616fe74ef77,1,3,0,0,0,0,0,0,51,34.79
10444,1fa4e3dd3e3992111a955508ac1bc1640209c51e,2,2,0,0,206,11,0,3,249,324.72
10445,064209650fc695f3d3e4a26a6bbd9785167eb840,1,1,0,0,1,0,0,0,13,89.55
10446,e361fcb310705159decab2708063f80cd6d55f5c,0,1,0,0,0,0,0,0,41,17.44
10447,6b5a00c891c09eeb1926cb8e39f02b2661ebc88b,0,1,0,0,0,0,0,0,235,37.89
10448,c1e9aefc2449a4ea0ff3fa590cf1eb6c1cb484a2,4,22,0,1,210,85,0,80,1728,1597.93
10449,96047a25d29c53106170e2be376be198c5a6b5c2,0,1,0,0,0,0,0,0,51,16.63
10450,d8bfc30d0553473c5a4c399b6c90fd335b793af0,0,1,0,0,0,20,0,12,215,111.4
10451,2793eb2e1b9001a08cea0bd005031c1b8d3ee587,0,0,2,0,0,0,0,0,0,64.97
10452,4d42eaba43c39b301791920c76e8bdb3ca26970c,0,2,0,0,73,53,0,1,106,197.3
10453,68386c434d21d2d1fac9ffed38fe5ac1fdee1045,0,2,0,0,1,38,0,4,79,152.07
10454,a80bbf187b8a7318db3a8b117e7281eaa174c647,2,8,0,0,164,141,0,8,503,626.38
10455,d473b4d83e276bd1c8c907e2c125aa5bc76f26e0,0,0,1,0,0,0,0,0,0,38.28
10456,89f83747feeb197b6cd0d168247299ca118636d4,0,1,0,0,0,0,0,0,107,29.78
10457,6e441ae5dd044b371de4ac9403b4822d9e4a9e2a,0,1,0,0,0,0,0,0,100,25.06
10458,34f7fde44a04e5120f2b71f2552a6bc854f5ff28,0,1,0,0,0,0,0,0,15,15.79
10459,afb15a3874feb94b1789ba4025659badf0c3ead6,0,1,0,0,0,0,0,0,22,14.71
10460,0a405251b297109fde1f9a155eff14be4d943887,0,1,0,0,8,0,0,10,178,1316.83
10461,610d0aa26c63ee09182b20ea46235455f00f687e,0,1,0,0,1,0,0,0,97,59.79
10462,82ed1a64d1d1e5cde9ab0999804e93d38c9f9149,0,2,0,0,0,0,0,0,31,18.68
10463,ffa7bdd5718a2f6c5e746d636b1515945cfb456a,0,1,0,0,24,20,0,3,195,132.1
10464,597c9691c96b899a0effa00c95b5bd82a2666c05,0,11,1,1,88,121,0,24,1491,832.7
10465,ece1b7ace20baf1ad526449e0f2df4ca95382ba9,0,5,0,0,0,0,0,0,435,123.64
10466,e6db3ebd24a9a6cf9b5cec66d11d78a9ca030966,0,2,0,0,21,0,0,0,57,93.7
10467,7b862d3e690099bd0a845431622e0a5f505ab162,1,2,0,1,18,0,0,0,86,156.21
10468,dd31f8327b8670cd4855f1d4b454acb99d68f27d,0,1,0,0,0,2,0,1,13,66.53
10469,7a62d72bc9c431fc00390097a01e6d95708be8d3,1,55,0,7,106,38,0,53,10015,2255.23
10470,76349cf80ff5170835de9315420dae082425a74a,2,4,0,0,136,149,0,16,367,491.02
10471,d632018ed915a8ca7c5f7b180e023a87cfae9a21,1,1,0,0,0,0,0,0,97,23.37
10472,8092dafa05f1dea3cbb63888649362ca62573f24,3,0,0,0,0,0,0,0,0,105.07
10473,fa872ebfe47bc46c0afba19091caf84f2c29a7b9,0,6,0,1,17,18,0,4,214,312.09
10474,c5e5f0aebe211ba48bdaab71f8ef00c34c8e774f,0,11,0,0,60,17,0,20,1466,816.15
10475,34b5399f4effb679baabd8bca312cbf92ec34165,2,1,0,0,8,0,0,0,54,113.36
10476,9a8344e2562cffb606338101746bc3eafc40875e,0,1,0,0,4,3,0,1,149,114.28
10477,67030031e712c732c864d91321afa3cd2cb466de,0,1,0,0,0,0,0,0,165,31.15
10478,83719f9d998c3b57b755ea75c682a7e3bc54764a,0,1,0,0,0,0,0,0,51,15.32
10479,cf5dfd112b20a5ce836d546822bae59c94fc021f,0,1,0,0,0,0,0,0,3,17.08
10480,f41bda61f4dc73f3625ccb7347fa9c2db4d298df,0,8,0,2,113,144,0,21,1268,1803.2
10481,55eb4b254eb531287ec84c63874b479d42f8e315,1,2,0,0,14,0,0,0,333,166.64
10482,8f889a7967061c9dd3aa18af78ca50e285836860,0,1,0,0,124,92,0,29,91,144.04
10483,c59f4836fecc4069b2cffeae8dd81e50ea5d5e73,0,1,0,0,0,0,0,0,12,10.68
10484,637a6e9eaeed504131d7df7ff96ae346b1be4849,7,0,0,0,0,0,0,0,0,332.94
10485,036505f2afcde1ca4f0922cddafc3fe796ce45cb,1,2,0,0,155,123,0,15,208,257.15
10486,394d93036b7206aa049fd69c9d2daa938db642a2,0,1,0,0,19,6,0,0,217,115.19
10487,d734ac0bc633386e509d49d8a2ea1ef7bb66a29c,4,1,0,1,6,0,0,1,82,387.13
10488,c2f686637eed86ff02aec08a16c3fcca09f352fe,0,9,0,3,74,71,0,0,440,324.52
10489,aa09f11c8d0f3782e2a3c6c15b01bb7935d6fa5b,1,0,0,0,0,0,0,0,0,9.78
10490,7956a14c4e7a46f8033b4cb98fb25951ce47b697,4,0,0,0,0,0,0,0,0,201.96
10491,4491165c6542ce1dd68562cb193a71f3a15bb96e,0,8,0,3,8,0,0,9,682,314.32
10492,9d447ada31c85ab899d01c05ca60f4887f0f1218,1,13,0,2,43,0,0,0,255,274.23
10493,90db87ddb967d40551c8b540683bb2268fa46eb8,0,4,0,0,53,67,0,9,859,371.95
10494,cda6dc0c44239aa7a36105988328de5744aea125,1,1,0,1,0,0,0,0,0,21.43
10495,07c5b720fcf4cd74ee196da16465c1384e105eae,0,1,0,0,1,24,0,0,324,116.25
10496,358d46c78447f37758a665cde25a05d6c0db5648,0,7,0,0,6,6,0,0,579,243.8
10497,707975e518a563ba201a34f6a9da891c47327112,1,0,0,0,0,0,0,0,0,51.45
10498,bdcc81d2435879d420a460f871f89d25cb72d7da,0,1,0,0,2,20,0,17,545,165.98
10499,d3137b29c3837d34ab734b1182c15b32572e41ba,0,2,0,0,37,17,0,3,92,180.76
10500,64b656b705864ed88d8ca0c4794f4a9bba7faabb,0,1,0,0,11,0,0,0,25,1302.47
10501,cb5fba5bba03a06e63495d226eaab8c39ad3998b,0,2,0,0,0,7,0,13,100,128.34
10502,8467acc100793ceeb8e79d184091fc2466f7ff49,0,2,0,0,10,0,0,1,62,86.93
10503,96563401b9924cd8800360bdbce93230b921e1ac,0,4,0,0,25,19,0,0,332,198.09
10504,1a81982ba864d72fda3d161fc82ca1572333ba11,0,1,0,0,0,3,0,0,18,39.51
10505,b6128ca6c87d61dc45572bb2727aa9d3930e0104,0,1,0,0,3,0,0,0,40,51.5
10506,e4c0042ad290eabacc2df54948ec69888ddf1c59,2,17,0,0,146,45,0,36,3195,1346.19
10507,88a918bcb22808947537b34cb6d9dd396f08b51d,0,7,0,0,63,56,0,3,314,392.39
10508,71fa23738e7f5f582c20753a92653bc3ce1e29b8,19,8,0,5,71,2,0,2,619,1493.81
10509,a6188ff593d43c1e9684c1b06be4e655590819c6,0,8,1,0,650,32,0,15,527,603.25
10510,e3839aa3120c0816f29d7e2629dfd15ab6e710cd,0,3,0,0,3,0,0,0,998,194.6
10511,542751ce6af4ab6b507a7c808f975182ce94d560,0,2,0,0,0,0,0,0,684,99.31
10512,155179fb5a21afd1dd69e28a2f851b51d5d5872e,0,1,0,0,3,0,0,0,44,49.64
10513,467736ab5d84ee168e6700a779bacb4351e506c5,0,1,0,0,0,0,0,0,151,39.87
10514,7a23e028324bc97dbf07ebb875ed3a9ff76f77e5,0,1,0,0,0,5,0,8,52,73.97
10515,10cb5abb7d752aeee6e045636446c00e0eda4f00,3,0,0,0,0,0,0,0,0,109.25
10516,cc3a27b6a3625c9e89b9e6310ddd55d8c2c5be04,16,0,0,0,0,0,0,0,0,853.26
10517,126cff6ab4e433a69c774e126b2e85335e30ee7a,1,5,0,0,0,205,0,0,2041,442.8
10518,22c32483f800da95fb2281ac58f287e866d0e96b,2,1,0,0,0,473,0,0,1099,438.92
10519,5ab6261df2efb3cb34403cd76e77ca3672c57066,1,10,0,0,81,36,0,37,3396,892.19
10520,35e57a8460c7f03010972f587bb24052ea694cce,0,1,0,0,2,11,0,0,35,1272.65
10521,f985ff36bc94acb3072356ae3250ef1a0a5a2f1f,2,4,0,0,101,70,0,99,1244,649.97
10522,13af3aac86ad65235d1df142f1f8ae16ad5f7791,0,1,0,0,1,1,0,5,171,117.1
10523,63cdae9a8fbf139fce959e0d57029c39bd5b7333,0,2,0,0,18,0,0,0,185,110.54
10524,3c84c058c67a02671cf325b27576b6faaba1d836,0,1,0,0,7,0,0,4,497,136.99
10525,c5dee3141cfcd46c0adfec135482234449b6f294,1,1,0,0,12,73,0,0,89,155.4
10526,02e26036e6d74e6c76ef1d793ac141c820715023,0,3,0,0,37,4,0,9,301,255.85
10527,c1f67ef1f27f51571c3a0004453357403a98f0df,6,6,0,0,6,4,0,0,221,391.46
10528,17c42a7ff937bca748e04564f1d21a7150739e9a,0,4,0,0,9,45,0,2,337,238.21
10529,14b19dd4ac9845616604bfc72de6e84506e56caa,0,5,0,0,23,0,0,0,1554,410.19
10530,85e5a77de130f4b064d3c70671f1fd7f3fc046e2,0,1,0,0,0,0,0,5,81,52.77
10531,3cdf06b25b7ea9794768bf718d253bf222aa15b0,0,2,0,0,4,0,0,0,33,54.1
10532,fe22f22ab5684c08a9bf10f81d3ecb7ea9269f7b,0,2,0,0,0,0,0,0,6,43.89
10533,afe216121e93b902a07e4e104ac94a73cf6a2877,2,11,0,0,79,78,0,4,3356,1019.75
10534,2773f98a64e447d1bdb02921dee24bdb35608621,0,3,0,0,5,0,0,18,115,169.52
10535,bed28abe8916eb82b066eee5766900415386e0d0,0,1,0,0,2,0,0,2,165,89.57
10536,23a34b818d8267d16f6c22c77b79c67387da5e88,1,1,0,0,46,11,0,6,52,200.71
10537,09f2f43a1d73c76bf4d3f4a1205269eb860deb14,2,0,0,0,0,0,0,0,0,124.46
10538,1c20b8397299b17279e30ed4dca1f9efe6b8d9ec,0,6,1,0,24,33,0,10,442,358.06
10539,8e0b35cc09bc158b0b152b72e569943c1b2e1c97,0,9,0,0,46,47,0,7,1891,502.88
10540,c235253a101d21a089404dc20690b58640686083,0,3,0,0,8,0,0,0,348,1334.85
10541,1728e03a179235b70e6b6ad6532eb307717fd171,0,2,0,2,31,0,0,11,272,299.04
10542,26b31565404637dd451e04cb4f22cb777b0b8c10,0,4,0,1,19,0,0,0,212,171.63
10543,c552f74b0daf76b80e85b6eb062c80e23e532315,0,1,0,0,6,2,0,0,103,85.76
10544,255f047f31bc5a89e2f2224bb6fd61ae4a4e44d8,0,44,0,3,45,15,0,33,4683,1591.15
10545,2f944ba3c71d30f289f60306222f566315fb6039,0,2,0,0,0,0,0,0,6,46.27
10546,8b85715cfb9d9927c7d2fb82593be0bcaf084502,0,1,0,0,0,7,0,4,307,111.6
10547,9e5d9704e72348fa54d79dd570d59ac80492a79a,0,1,0,0,17,0,0,0,251,83.44
10548,4ccb0a1a1a66f00141cd534bfb3765e5d008d5c7,0,1,0,0,0,3,0,0,31,42.19
10549,ca206d8d620b3a0c6c7bce884e656433b6e2dfb2,0,1,0,0,0,0,0,0,200,33.95
10550,9d9d9e88a84ea45e205d3101991e13cca49f5bc6,0,4,0,0,1,8,0,4,193,134.98
10551,7f2382a532ab72e6ead12945eb2395e6af829eb5,2,21,0,0,189,172,0,35,2115,1297.98
10552,9b14f93eeb856c98c980fb40337ee74c488d3973,0,1,0,0,13,0,0,0,111,69.81
10553,cf337043236c852eaa16e4e51d6c4e95d9a6d056,1,0,0,0,0,0,0,0,0,70.45
10554,949776bb8a8c326368bf7773becb8200610d5379,0,10,0,0,35,23,0,40,982,519.77
10555,f373628a0e68b79ff2437ea8c8114ed8d3114091,1,8,1,0,21,40,0,31,857,490.69
10556,59eca61bff3965a71cdb16865050c3daa0c8014b,2,0,0,0,0,0,0,0,0,264.49
10557,b3722800586780670a4f3e059c9c36ce10b7c839,0,2,0,0,0,8,0,0,150,86.59
10558,ee8f9309d64e1438aef74e3a4376a0576f104412,0,1,0,0,0,0,0,0,26,15.02
10559,fee61e1c4ff08ff956735247c8fbd08239c9487d,0,1,0,0,0,11,0,0,175,60.61
10560,0c11dff4d73b6da64daf109af426e6d23dfc8ea6,0,6,0,0,7,6,0,4,807,1531.3
10561,81820806c899ced8c17fef552f8a3a35d2b08616,0,1,0,0,0,0,0,0,184,36.3
10562,ab2c10134a5aeb810def3b6d19b12fe9bcd6d038,0,1,0,0,9,0,0,0,21,45.02
10563,d528ea0b7d0b292dcfc8b07e723beeea06774f38,0,7,0,0,1,3,0,15,708,233.54
10564,eafdb64e40b30ca120e318a62be21107657b5573,0,11,0,0,10,21,0,7,374,365.83
10565,bfdab9f9e1d245622601daca68550fd382e3f74f,0,1,0,0,19,8,0,8,90,115.67
10566,b6e32a317ec273ee3f3085728a02bc3922c22db6,0,1,0,0,9,0,0,4,22,74.55
10567,9bf06697a59cce8f9fd6de37c421bb8a49cf540f,0,2,0,0,20,16,0,6,291,211.58
10568,2e1731d0e592765ee20a49a8eb91afeb8d164aa2,0,5,0,0,46,96,0,39,717,592.95
10569,a17b9c0a3e36ea7e95578f4402bc16bb9a971f5f,1,2,0,0,5,4,0,7,443,319.12
10570,a123c8f50a53ddacefb7fd343b04f34c275a242a,0,2,1,0,9,0,0,0,250,146.61
10571,2d3426f33284eab4e7c809be5da6746f4676bce9,0,1,1,0,29,0,0,0,119,102.75
10572,2a182ffc1946fac7d2dcf7d16c408c53ef61466e,0,1,0,0,0,0,0,0,103,25.38
10573,9015f3f596727e2fd565e90eb90fdd5106cc14fc,0,2,1,0,17,0,0,4,93,169.08
10574,9266f1440ff54c2cabc4645c36abaed5f3b53577,1,0,0,0,0,0,0,0,0,60.42
10575,13aca92d8c1f6a85ccbc8837958763b623f89ef1,2,2,0,0,3,0,0,0,53,180.84
10576,60488e7b93b65beda4db6d2ee14fa171a1f87a06,1,2,0,0,122,65,0,15,450,338.69
10577,4e9dd7f78896079498daa06e7fe0133900feb74f,0,2,0,0,35,3,0,0,246,147.89
10578,c8675858f30d296cc42cfbe37bdae6af452cbce9,0,6,0,0,62,93,0,2,831,461.48
10579,41cda38e17c1884c72b9bb092e6447ff40f2b5bd,0,12,0,0,154,99,0,286,2858,1337.07
10580,a805f1b299a452d924d0c91d9956f038f072c697,0,15,0,0,112,15,0,0,570,1764.65
10581,a5438ca696d560a83352444086cd8f0bb1e92324,0,3,0,0,15,18,0,3,190,263.45
10582,2c50380d43e1bd0ea9989851c9a5e2ccd8e48604,0,1,0,0,0,0,0,0,32,14.59
10583,cdd0c29102a0bdc3a36ff8ece1b032a7b10fabf8,0,2,2,0,0,0,0,0,107,93.54
10584,ca56b63c37176dabf163b745d6ee015012531243,0,2,0,0,1,1,0,2,271,160.9
10585,6dbcddd01e86f8971b9fa87a457f36bba0d88daa,0,4,0,1,16,2,0,3,196,252.84
10586,06d6dba99504f142f08615951d69f90b2d6d3d69,1,10,0,0,2,14,0,2,518,335.31
10587,8772b07c27598b1ac1ad259ab33bb2d939a1f264,0,1,0,0,4,6,0,7,49,102.13
10588,1f2969357c441e24b71daef83d21563da9a93bb4,10,6,9,0,0,0,0,0,185,1008.08
10589,78583463e840699d62b844a82a89ca9a4a706eba,0,3,1,0,77,40,0,21,449,296.73
10590,937eed6fd4291d2c14d1ffcc5355551117aa3a90,2,3,0,0,102,16,0,0,565,342.88
10591,1bc28efc4990e10dec84cf7a3ee7c85409bde76e,1,1,0,0,0,14,0,0,79,97.76
10592,3e455e5d9ac904943e11aa6695cb340a9c5cb850,0,12,1,0,74,97,0,16,1887,884.22
10593,bf3587d7da1073eee44f3f8a13a02baac7290c3a,6,7,5,0,103,9,0,21,555,846.66
10594,b5a2d1d11d467d5dc4ff939a8d99bc10e5dfa6e9,0,1,0,1,4,3,0,36,315,247.76
10595,180551149e276d18344c430335d8999df2f16ac0,0,3,0,0,17,0,0,0,3014,505.43
10596,3267f503484ff963bbc9d6c6208a4383538a1f18,2,1,1,1,0,0,0,0,15,228.83
10597,b65370bd89a90f3909eef37c2462012bc98dd10d,0,2,3,0,0,69,0,0,1126,316.02
10598,3704a0eb79120ed6bc9c0d01e41d01f629999839,0,3,0,0,17,9,0,8,437,295.2
10599,b93e2201a5dc6406634161d6418672c6f9a8992f,0,1,0,0,0,8,0,11,171,88.9
10600,74f4a9f6f0b55b8569363ed95d4fa7dc379e0ce4,0,1,0,0,0,1,0,0,11,1264.54
10601,3a49da62332d4cfaf0536a11fb7da8de11baa17e,0,1,0,0,0,0,0,0,32,13.55
10602,0d23d7b0bd2c5afb185c395f3da908b2f9177c2d,0,1,0,0,0,9,0,0,15,37.93
10603,727b6c1cd0dc16b25b801b4c2ed71300ab9b97a5,0,2,0,1,0,1,0,0,38,65.32
10604,b8a02d624c73ec4d30b30ba2aec3a0cc260b13f1,0,1,0,0,2,0,0,0,41,48.11
10605,013f8a14d3e6a46e1565c527dda96d90126425bd,0,2,0,0,9,0,0,0,244,116.25
10606,fc196737b818261d039d6ecb2c1555c340f0e2c0,0,1,0,0,0,0,0,0,47,18.57
10607,dd365de286f02f59c213f7bcf48100a9040dccad,0,18,0,0,16,10,0,26,1001,543.78
10608,01ad0f6fe23615484e36b4710cd0fdc3a7276bed,0,3,0,2,8,7,0,0,59,167.96
10609,870b56418cb795edba9d4e8e282fa91d675efd7a,2,13,5,3,0,0,0,0,653,454.3
10610,1c5f7558626bb8c301d564c0cbc15126d6cc1731,0,6,0,0,220,71,0,36,572,450.69
10611,71e440d5f62fbd43df18f999b7818de48a279eb0,0,3,0,0,0,4,0,0,207,102.52
10612,00fe29b1be59c9ee6d7d6f3f71a4759f5132e12d,0,1,0,0,0,1,0,3,493,119.86
10613,34379182d63991baf9672c48842f06316d541170,0,1,0,0,4,0,0,2,271,102.78
10614,eee2988b3b1be37c4c465fb75da06dea7e46328d,0,1,0,0,9,0,0,1,64,80.87
10615,dafc6192a911cf22da669069d8644d30082a1c96,0,8,0,0,0,0,0,0,466,98.34
10616,5cace47252cdcaa4da40760ffe61b0fb1be1aad9,0,2,0,0,3,0,0,2,62,152.13
10617,c552082df1421a73944bed6264bedd34dc846be9,0,2,0,0,0,0,0,0,65,34.34
10618,9f21c77b68afcd8033e3b5d370ef92b73ad4f811,0,1,0,0,2,0,0,3,39,74.46
10619,b24e4bcb4cca7e4a9d14ae3b3fff2d2678517863,0,3,0,0,66,45,0,0,361,216.99
10620,6de9c1e56238512b593d757270f20d00bddc687d,0,1,0,0,5,2,0,2,97,1391.86
10621,972576954e9e3d8d6d6c5e23a6fcad9d60b0a6c8,1,6,0,1,16,7,0,0,708,392.62
10622,db65a815087b22227b6010f4c6d16dfcbea98d23,0,2,0,0,70,44,0,15,70,135.28
10623,148ca3b61726748d0698f3ed526e87e619899179,1,11,6,0,206,371,0,35,618,1172.63
10624,abfeb89dec078659598ef786b1fb022a287fd95c,1,1,0,0,0,13,0,0,6,89.54
10625,a682254dbdbe4defa3560ec949401622d93a0a83,1,1,0,0,6,0,0,0,57,96.01
10626,006a15b7dd89dc56b487f19e25e6bb11a58df0d4,0,22,0,1,23,15,0,2,1723,725.73
10627,52e5d7c4fa479adbb48cf83a9f09d78978ddd8b7,0,6,0,4,8,3,0,14,131,240.07
10628,4ef6ba13acfa03bc5eebeaacb07ff02cbb9ff0ce,1,3,0,1,0,0,0,0,74,101.15
10629,a7bf1ab1d5d47cb4dd69ac6a14d766b3857711eb,0,1,0,0,0,4,0,0,49,44.69
10630,5201a057d31cd7673626abc28adcdf3757e77663,1,5,0,0,6,7,0,13,232,225.21
10631,72033165468df5d3d340e9dc837047483b3b066c,0,6,0,0,6,11,0,1,224,189.25
10632,d35f6990eb402a2137826b62bca11437728da9c1,0,1,0,0,0,0,0,0,37,19.5
10633,4d0abe65c862df98939c6908d1ec961c4fa6bdcf,0,2,0,0,0,14,0,10,517,206.9
10634,7ff6f1169ae4d5fcbff46ba3cd5d0fc47ef6bcc5,1,0,1,0,0,0,0,0,0,81.49
10635,3ef397deb75f6a58d73151fc88767e3932432d36,0,1,0,1,0,0,0,0,24,37.33
10636,afd05d3fd7e10445c3d9363bf541538d003b0c35,0,1,0,0,0,8,0,0,17,38.31
10637,dbe1bfa31db4a561b6faa9c1235f02dc130825ca,5,3,2,0,31,5,0,5,259,419.63
10638,d571b2bcab8188ae12e47a63ea4cc5d4583fb7de,0,2,0,0,60,37,0,8,677,243.71
10639,456a17685374aaa2f17479c013fde56fc528e7fb,0,6,0,0,8,18,0,8,521,305.02
10640,c5c59feec0ed8a0ac5213802d79956c815a2b812,0,4,6,0,26,13,0,3,322,1655.77
10641,d41375048df0050fae5d15f44b165a77ce896f1e,0,5,0,0,0,1,0,0,264,102.56
10642,aaebe3b75f0ea7a28c5449168d514c381f12c6b5,0,1,0,0,0,0,0,0,275,44.47
10643,390428dca4cf218f57c453adb70aafcbd63b3e16,0,1,0,0,0,0,0,0,275,91.32
10644,e39a556be6c766b77305859f8cf6fda073af8017,0,1,0,0,0,0,0,0,275,45.18
10645,93833b34a7c79f866e605b74a4d7f98a965c0e80,0,1,0,0,0,0,0,0,0,12.42
10646,3346ab459ebf64f33b1d0775719a70ebf91eef95,0,1,0,0,0,0,0,0,52,17.16
10647,b872f198ffa6eb8cd57af9cd9c579e8ac3c6b19d,0,4,0,0,0,0,0,0,1001,157.6
10648,80b27a150026b7b5cb707bd9fa3e17f565bb8112,0,0,13,0,0,0,0,0,0,384.88
10649,44416549a9f63abb9b89f0cd84fa97cd9115a128,2,1,0,0,4,1,0,0,40,163.86
10650,26bc3c8c65c757285c58b2cfcb0ba81111395ea4,0,1,0,0,2,0,0,0,35,44.85
10651,41492c409aebd821069f19c721ae3cb64a91758e,0,1,0,0,12,0,0,9,126,89.51
10652,e2b654893d63d1fd55e6a4475a45b984e01b4165,0,8,0,1,131,36,0,36,2555,911.31
10653,be8fdcaea45136b15e8783831ac3d2bdb2608c3b,0,2,0,0,3,0,0,1,59,92.54
10654,740adc1598baec2bccada6862ed3ce240c896606,0,17,0,1,103,114,0,14,3639,1147.23
10655,ddfed72813281255f119fd6838c197433eb6eaf3,0,2,0,0,53,0,0,1,94,128.05
10656,9d224102829be248749f45985dad357c42d521fc,0,2,0,1,3,0,0,4,178,136.83
10657,b025b397704c0d523bf642e0af3ee53c82bf1698,1,0,0,0,0,0,0,0,0,59.52
10658,b022a26b34d7ada92fa459e62f7ec84ce85cfe6f,0,2,0,0,62,41,0,126,849,296.42
10659,3dcc72b29834aae859cd053af7bd01e5162d5727,2,1,0,0,0,0,0,0,0,127.12
10660,82c2057c27d77ea2a2e7407a120a5478ae1a7701,0,3,0,0,2,30,0,13,820,1508.9
10661,d2558f469348aed0d047c76f86cabd61bb6f9f4f,0,13,0,4,229,146,0,20,1617,1175.64
10662,db33a4997621eac7463a0d6f892edeac399700b4,0,20,0,0,240,214,0,46,3779,1618.43
10663,0d112f5bc61e6f8400e000e13add08abae1067a1,0,1,0,0,2,0,0,1,452,131.33
10664,d282c987867cf9a0ac54f0e62749563830793f30,0,1,0,0,6,0,0,0,0,44.09
10665,7420bdbe63c5cf8f9f04dcda00fbbe01b2b067fe,1,0,0,0,0,0,0,0,0,10.08
10666,d231032595cfb292d2ed1c42725493e765210fc5,0,2,0,0,6,0,0,0,228,67.19
10667,cee9bf0ab6c1d6b1678070ff2e05f0aa34f26dc0,5,2,0,0,0,6,0,0,220,291.09
10668,ea6fddeea1fce742b44b3b7b5e1e48ac1815df8d,4,9,2,1,31,22,0,39,1403,725.24
10669,64557da16b4a1b9910194a20a0aa63a7dbb95600,0,9,0,0,19,0,0,0,1066,213.04
10670,db6fdea7e68e95e309c3cb0999ab9a5cc58f141a,0,2,0,0,10,8,0,4,221,189.98
10671,98b54e0d9d2bd3ade8ca10d2a70fb5cb7a20a4f7,0,1,0,0,9,5,0,0,15,74.56
10672,d963eabdbc9ee59f4606c4f9bb6465ee1e88f0e5,0,1,0,0,2,0,0,4,205,96.38
10673,fbfa8beb6847ed14641399afbbfd9a378d91e6f5,0,1,0,0,0,12,0,0,455,98.32
10674,beb3fb06bdca64c4732318667ab59ce298da3b97,0,1,0,0,13,15,0,33,484,172.1
10675,70a8e0c407a21174f608adf8ff1d4254d9024490,0,1,0,0,12,9,0,0,174,89.98
10676,7084e07eaba0d967cb2474bb4ea9e80da5cca46e,0,4,0,0,27,11,0,0,42,181.45
10677,59dd855628052c369b64c71edc1018ed378e8eec,0,11,1,1,44,119,0,29,1424,711.48
10678,835e776a9038448333a05b6e08e7f036ae2c74be,0,1,0,0,0,0,0,0,81,20.8
10679,463fe96e43e04d38c677fe8f13228dc791ab3163,0,2,0,0,1,0,0,0,194,84.96
10680,a09bfc417eddf3c2a65685b950f0f4120793eb19,0,1,0,0,1,4,0,1,127,1317.52
10681,03f58f4f0f072ba0799eace33112a1902989bc27,0,2,0,0,17,4,0,0,272,120.14
10682,34e53d1c5da87a0ec99583eaf5f914372ee77e89,0,5,0,0,36,15,0,2,568,242.27
10683,fbb941403bc2f604734e5121a905f54f2a0d0c5f,0,2,0,0,0,0,0,0,174,39.07
10684,81d1cb416a0e171c9ed9d600a3d983a4ceea68c0,0,1,0,1,30,0,0,0,51,79.67
10685,d00fe06d8f548892a7f8c95dfda43c70224464c7,2,18,0,0,40,35,0,85,2619,1095.07
10686,fbd5b639538070d4d83526cb97c54e9a38ee7220,0,2,1,0,12,9,0,0,81,141.23
10687,42102f2b3bec5c5ccee5debdafbe288a795c564c,0,3,0,0,18,0,0,3,289,159.7
10688,09c2c986a04d4090677ab17c3ad2217269116de2,0,0,1,0,0,0,0,0,0,31.48
10689,88b48619e2734505a6c2ba0d53168528bc0dc143,0,1,0,0,0,1,0,0,61,48.13
10690,1f7655f6aa25d7cccbc7f5ae1b83b72e916812c6,1,1,0,0,36,8,0,0,7,123.2
10691,46f8b592c84b8406aab5307f20e779e55d45de80,0,4,0,0,9,23,0,10,408,219.36
10692,fc16bcbdfcbf01ed7a7a75eea0247286332dc623,0,1,0,1,1,0,0,1,24,85.27
10693,54952b28ab76877347fa0566a1af780156f3241b,0,1,0,0,0,0,0,0,97,20.49
10694,5b590ddec671feab17b293d56d2e6c14d532886a,0,1,0,0,0,1,0,2,42,67.87
10695,76c28d80526ee76986438f4f20603f2fd7b9842c,0,1,0,0,0,0,0,0,37,17.57
10696,d04f1b0ac5dc683b6279b581f75cee09c2a32642,0,1,0,0,0,1,0,0,62,46.68
10697,97d732c86ee80e67d5f37643c861eed4908d62a1,0,1,0,0,9,19,0,2,51,106.44
10698,216d0734c7c0685f25c6f93aa1dfcd9b3c1f0359,4,3,0,0,14,14,0,1,473,356.39
10699,797345321266e16e7262a687832111e2b8563598,2,1,0,0,0,1,0,2,661,250.93
10700,b0e5464beb604f5a6ed3fb9653b32e5c10de7704,2,8,2,0,40,16,0,4,1327,1884.45
10701,a3852546de7c03187e15298b591779a6d919a0dc,0,6,0,0,15,10,0,2,475,265.01
10702,d154ae5f1379991ed1a9d3416b167f5b61401ad7,0,1,0,0,23,40,0,2,689,159.65
10703,4fe51c1922dd005e508e74128140d5a7b0abab3c,0,2,0,0,0,0,0,0,184,33.73
10704,25a3d9138cd5e39fc786315682586b75d8ac86ea,1,3,1,0,14,32,0,1,1068,382.51
10705,740ca1ad6078a51e00202afcee0f185b2c5ba997,1,1,0,0,0,0,0,0,67,22.86
10706,5a6aa937253b03f8f626df9175c7118b872e17a5,0,1,0,0,0,0,0,0,439,64.16
10707,743eae4358cff1c050ac16efa686d72c35aab614,0,1,0,1,0,0,0,0,15,30.66
10708,b02fe5d210e712cce0ffd21d65e239f817033304,0,1,0,0,7,9,0,0,430,122.79
10709,0df281e48fbb0e378ec5c8454bc56b8ee7c3f67b,0,4,0,0,16,4,0,0,79,188.65
10710,529e1ccc68f38cb627c2b0baabcd26c2f218a15e,1,7,2,0,57,98,0,1,411,447.89
10711,d1b06ac4e8ab033c699b656cb0f1d924b6bafc56,3,5,0,0,15,32,0,8,729,503.33
10712,2c411686d23f456cdc502abf1c6b97a61070a17d,0,1,0,0,0,1,0,0,34,39.89
10713,8e0d8ace3c191dbbc93e15c13e7dafa258b0a01d,0,2,0,0,0,0,0,0,303,60.25
10714,335c4f733cd8e52e849f56b95de047c5f9aaf908,0,4,0,0,7,13,0,0,191,150.21
10715,728c02ded019b6557c818f47b40178eee71b733f,0,3,0,0,3,7,0,1,180,167.55
10716,569c3a206ad1909a89c28bbb95c45cbc35c1f104,0,1,0,0,3,0,0,0,147,55.35
10717,95dfcccdea5c1c3f08ee2dc4f68dbfdaea26e9dd,0,1,0,0,0,2,0,0,159,52.93
10718,44c85e3190fac69b64cb21153e39c41b9a5b7227,0,10,0,0,139,14,0,3,735,724.19
10719,362d7670593adc2e4b20650c8854398727d8102b,1,10,0,0,92,3,0,2,2338,664.83
10720,2ab8b61f2f22f1a1ce7f92cd6b8dd32d2c0c227d,3,14,0,1,62,71,0,11,1706,2128.49
10721,269e7f007e855c2bdedf8bad64ef13f516a608a6,0,2,0,0,8,0,0,1,39,107.67
10722,fd1deff5f1510f840c290f89f0224ae2dadf7177,0,1,0,0,0,0,0,0,348,62.55
10723,54e69c37befd0d1512ad9848add406e837362d54,2,4,0,0,19,0,0,8,350,363.5
10724,96a62d997eec419646cdc8c8735f9aa940584da4,4,8,0,1,16,19,0,1,614,573.11
10725,0fe3fe1fdcc0de2c6f57fb22e906d0d14d9b7823,1,5,0,0,2,27,0,0,511,330.73
10726,c0f4b7fad10ac49c72c3a70c3550c6a490f4bcc9,0,15,0,1,251,60,0,8,900,909.54
10727,518f16c33ee39959670f31ebf662ce1eb241b1a7,4,11,0,1,26,15,0,9,979,796.26
10728,ad052a870d1a1d457721a67ec4bbea4bc49d33c5,0,3,0,0,7,0,0,0,1318,207.9
10729,5faa81a7fd427fa8c049177b65c4b43153da96e7,1,1,0,0,11,0,0,0,224,117.87
10730,a65e230503ed345d850bf0ddba5da19abb880479,0,5,0,0,30,16,0,4,680,396.88
10731,a612aac307752152bfa1fcca2f863473279b9aa1,0,2,0,0,0,2,0,0,212,92.9
10732,4a5e8c083969cad215819ad6a3a0d2919e8c2d5e,1,7,0,1,23,15,0,11,496,529.55
10733,1cbee5e3ac1b6429da043fca04637e970a2a80a4,0,1,0,0,3,0,0,0,124,56.66
10734,bf473a4a2e431d06297f0442df04a12c1286c5d4,0,1,0,0,73,27,0,0,0,88.56
10735,e18320b76047af4e15297e3e89b6c46ef3dae9bf,0,3,0,0,63,0,0,4,332,204.6
10736,1757c86d36e1e8481eea2895d6a1b1f1e1c4f119,0,1,0,0,2,0,0,15,98,82.59
10737,c6a3a0eeebffa88aed144c13a2eb2914e13c862c,0,1,0,0,17,0,0,0,145,76.72
10738,001733b411a1e8cad8c61cb6bc90f9afcfed42d1,0,9,0,1,235,228,0,43,1690,866.16
10739,6e608726396f6af0848534c9eb5ec13781328a91,0,1,0,0,3,8,0,3,657,178.54
10740,cd7acb2167f8e55caba66c5a7b7c6daf140a307b,0,5,0,0,63,38,0,8,1275,1700.81
10741,e870235e6c8061ecb8a4364942396fd988e31cef,0,1,0,0,0,5,0,15,388,123.29
10742,e242cbd4f156f7c2750dc9887380f00423836468,0,2,0,0,0,0,0,0,63,22.1
10743,3671b740552dda0d3f152f78af56df37302fec34,0,2,0,0,0,3,0,1,643,158.51
10744,6c883bb228e1e56b04dd9a0e82ac4bcd7245dc24,5,0,0,0,0,0,0,0,0,30.9
10745,47e9a82a4d3be085bd8bc906e4de3765e99a3a7b,0,8,0,0,3,6,0,2,1115,343.5
10746,bebd27d62612e27307956a1a13c74e6111907075,0,13,0,0,246,98,0,45,2528,1180.76
10747,782526eb6215962fc4caee6b818f0aade58518b9,0,5,0,5,74,1,0,2,186,379.94
10748,0483ffcddcbb9d96e31bc4182d04ecd238c615f1,0,2,0,1,12,4,0,2,509,235.62
10749,21995337c76fb1ba2b1a9913dfd1209a371e2391,0,32,0,1,21,17,0,23,2878,848.39
10750,ee433955575abed85a043e3b5a837028ed88ccd4,0,1,0,1,0,1,0,0,42,68.76
10751,8a75dec1caa6803c79d4b0713cf27c4c17c46a22,0,1,0,0,0,1,0,0,206,62.55
10752,79f9589d5fb4314d07eede7ebcd838304edc67c5,0,5,0,0,10,16,0,8,328,360.76
10753,a8619c50119bf32a117a48369d679e8590fb940c,0,1,0,0,0,0,0,0,110,25.77
10754,2e427c0899a3c4caea6b70677f098832f01b0a05,0,26,0,0,79,27,0,7,1979,902.62
10755,717b77c6651c37d0f48524a9767f19025ba23491,0,5,0,0,33,34,0,3,332,337.18
10756,f0a99979b043875dca11b03b7aba9da6b5bd29bd,0,3,0,0,2,15,0,6,1097,302.62
10757,af50b7cc8a2f827db0f4031d3d1bced427b8cb98,0,1,0,0,0,10,0,0,11,39.56
10758,b84337a1085a8bbc101ef9f9dcd698b60507ba30,1,20,5,0,37,36,0,0,1875,594.43
10759,0c24cecf8b49b44de0f0bc443c8d36ff12c39edc,0,4,0,0,6,0,0,0,159,103.71
10760,8d40df4ffb30dd7661bd70f181c17c6089238c9f,0,3,0,0,34,0,0,2,232,1481.27
10761,b286330997944bfc449694a6a7392b2f46d44801,0,1,0,0,0,0,0,0,3,31.95
10762,fe966d424cc921751b5ec755e691b6ad2cf6b78a,1,12,0,0,75,65,0,3,1077,504.98
10763,bd038c915180125bf444351ca075ffbd919d9e23,2,0,0,0,0,0,0,0,0,96.45
10764,bccc4404ec9e73cc03e36631e6b3cf38a8c0e571,2,4,0,0,60,42,0,16,413,350.72
10765,6ef33b55831ce45b8f9040370d4fa27fdd361591,6,3,6,0,0,0,0,0,1037,672.59
10766,b1034c0ed951348fdcea4ad8bc1e33707087d8f3,0,3,0,0,6,0,0,0,1037,182.19
10767,7334e0aae60c0aea79e992e42f0822d3eec3a7ff,0,1,0,0,0,0,0,0,210,37.38
10768,06e79c8eb577b61e1ebaac3dc97d98057c431d92,1,1,0,0,1,15,0,1,74,158.86
10769,e3f202698f562001a3d8e0779042688b64fc1a16,0,1,0,0,1,2,0,1,62,101.53
10770,d477ae3c0d29b23cf20eea071c4df5e45b7ae890,0,1,0,0,12,0,0,0,311,99.46
10771,7035fbdeb0fb112f51e88f9ac6d0c9d426cb36a9,0,1,0,0,4,36,0,7,51,106.16
10772,1f5540d3c9f86bf79eaf4b004577695cd4111be6,0,2,0,0,0,12,0,0,350,119.84
10773,7fcb64bf76d01aa5311fd9288e58790fadabaebb,0,1,0,0,1,7,0,8,46,103.9
10774,401f5f3970c6e969f3749ee72a4c57cb3f905af2,0,4,0,0,0,40,0,0,243,136.64
10775,035c6a1a2e2786c76906bb84ee28652385e6b9dc,0,6,0,0,9,9,0,0,409,260.27
10776,ad70e062c1d4a867b7eec7a03239c5a6ce52c23e,0,10,0,0,75,6,0,11,842,511.07
10777,60ce77a6ca5d52afe7d98b5b30d585b98b4a2514,0,1,0,0,0,0,0,0,187,161.2
10778,08f31cc5faa1e55e46b86b0348ec09caf81fefa5,0,4,0,0,0,0,0,0,219,48.84
10779,101f3f833c1add1a997bcb575618b65f0b88ed0f,0,5,0,0,0,0,0,0,807,123.71
10780,32a3e5a6a072b346827990813d4da4c54b086408,0,1,0,0,0,3,0,1,180,1337.25
10781,86297253d813a34b73ecf2d3fd883c0a91cef835,0,1,0,0,15,3,0,85,650,188.06
10782,f387e50a2236ba49196ce0acfd8c9dfa68fa554e,0,4,0,0,0,0,0,0,78,36.71
10783,5aa00fb875b3a941b92e8c0aa658395a2d529abd,3,0,0,0,0,0,0,0,0,192.43
10784,6d0a82729f56a3944f4d68d95dd512f29688a01c,0,1,0,0,0,0,0,0,132,25.61
10785,070fae5453b37a0d1eddbc80f357a49a03791e73,0,2,0,0,15,0,0,1,55,87.6
10786,476b25a5a399244f7596a79704deabc970241f79,0,2,0,0,1,0,0,1,24,112.77
10787,16d67e835d634e5cbbf9f37e76e4ab3985ba4b8f,3,0,0,0,0,0,0,0,0,68.89
10788,d1aa63fe520d3608757f098ef65f73e939029de3,4,0,0,0,0,0,0,0,0,220.23
10789,71b056f04552700c425350e4ed25eff0a4357ba3,0,2,0,0,3,15,0,81,653,233.76
10790,e4448748f33474d153da7579f249b9ed452bfae2,2,19,0,0,85,57,0,34,2281,1321.11
10791,a99b84929eab0e8644498fea39c926a0d74ed28c,0,1,0,0,2,0,0,2,454,127.02
10792,11ef25319484baf8e00e5ab3bafc7e4c95416891,0,1,0,0,0,0,0,0,210,38.19
10793,432efb3e7b12aa71a56464c7651181c28b1c652d,0,1,0,0,10,0,0,10,41,79.24
10794,1c2097e716b50f8f306648761ebccea79e0794f3,3,9,3,0,0,0,0,0,445,354.28
10795,b6361a959b0ad3b025b81c66b1ebb3dfaff4ec3e,3,3,0,0,1,3,0,0,127,183.55
10796,76cd40e5c9bf9cb8cc2b4a3a7afd7168363f2e7a,0,2,0,0,8,0,0,2,170,152.08
10797,ba2233b9220311db17b531862d4588c544671a24,1,4,0,0,7,7,0,0,1214,308.62
10798,fe15dd5c6deb98597060d1a13c31e7f4b1f64192,0,1,0,0,52,68,0,14,735,241.84
10799,e41c0feaea174642c7c05d3baef7d011b47401d8,2,2,0,0,5,0,0,0,64,171.07
10800,766315c6f844a576eba5d8412510e84079394183,0,2,0,0,0,11,0,0,146,1346.95
10801,08793a93cf910944de36ea67cdaec06975628a48,3,8,0,1,132,70,0,9,971,688.66
10802,7d065eb20eec83d8cf2933438230f34682c48dcf,0,2,0,0,3,0,0,0,338,106.58
10803,76b6dd7dc28f253c60a7f7bfcb7de6634e511cbe,0,1,0,0,2,0,0,3,51,71.82
10804,6df53ea9558d0dd01392ee4ae9622240574628c6,0,2,0,0,0,2,0,0,67,47.02
10805,3c8af452ffa998c6f8bd96d0c042eb71482e9ac2,1,2,0,0,0,0,0,0,67,67.88
10806,4e916e01ad83516e9aa4a0c326bdb3844d4fe954,0,5,0,0,0,7,0,0,467,116.12
10807,6cc09ac6ed822e2b3d753b27c621f5122d353673,3,19,0,2,219,121,0,40,1745,1344.99
10808,4bc56a48c717ccc63b000c32495064fbb1190929,4,5,0,0,1,74,0,4,186,408.47
10809,2df3cccd0c16639e13348b1de7c90196c02af441,3,8,0,0,67,34,0,2,1904,745.4
10810,2352586a4786d9f67b48f068088abb7749a18a5f,5,28,5,0,11,11,0,4,4923,1401.86
10811,e136bffed39762face9cf97a798264c83ecd6344,3,6,8,0,14,54,0,16,285,783.97
10812,7e68b187deebfa73a7ceec5499f2e66d632080ad,0,0,0,0,0,0,0,0,0,13.16
10813,3f638db858aa664adf3f4ec727914ccc63e958bd,0,0,0,0,0,0,0,0,0,11.5
10814,90d33d0d59245712013d69570dbed09ff2c08eb6,0,0,0,0,0,0,0,0,0,14.03
10815,a13ee19d18f255e026f1f616d4b2cc8d2470f9fc,0,0,0,0,0,0,0,0,0,13.02
10816,9569c0e245c417517c69bdd07140896bff31044b,0,0,0,0,0,0,0,0,0,12.03
10817,c2674401159fc45e6e05e45a5e3c087cabacb1f2,0,0,0,0,0,0,0,0,0,15.7
10818,67413f9bbbda825c31b4456cadbe11f79313d602,0,0,0,0,0,0,0,0,0,14.56
10819,23a9694c0d1fb9204c066e7603f9ad10fd21744c,2,0,0,0,0,0,0,0,0,119.8
10820,dd3d9dc2bd3edbe7f61bfb7265fb2f0b2768b91b,2,0,0,0,0,0,0,0,0,1388.96
10821,d788c6ff024fbe8a699e987d3df6a00160d22a06,0,5,0,0,7,1,0,1,830,300.95
10822,ca29aa5c863c04366c9bcd330577562cd13fe277,0,1,0,0,10,81,0,2,289,151.45
10823,31e89c7e12b6ba3cae2daa09627b1abb083fc470,1,14,1,0,58,13,0,8,1091,742.16
10824,470fd2f66fe1da0b640ac5154fa6562740aa25f8,0,3,0,0,19,0,0,2,558,190.44
10825,edeec8d7420185d1c49b2739827bd921d2c2d485,0,9,0,0,34,17,0,0,520,323.94
10826,bf7a402caf0197ba9640070444737974a775a8f6,0,7,1,0,0,4,0,0,427,143.29
10827,5da3d3e2cda8e6d984a729ec2d5bde0669f83a8b,0,1,0,0,0,0,0,0,98,24.67
10828,96640cad3d770756cb6e70c73b25bd4269065775,0,2,0,0,11,0,0,6,313,190.24
10829,156cec0403b6650926d82b37e6088a0676bf0d7e,0,1,0,0,8,4,0,0,76,78.36
10830,f3af53332f03ec0393b23a8d972ce803354798d4,0,9,0,1,3,3,0,0,452,191.87
10831,80043ae1ee0c080e8f866e27a98cb04e9d93339a,0,1,0,0,0,8,0,0,76,48.1
10832,3a16b2b972fc449412e1f3a0e123bee4951e597d,0,1,0,0,1,0,0,0,134,55.86
10833,14fde468f9e8ce709b6e6c05c7d0f7910e515b01,0,5,0,0,70,18,0,12,719,363.64
10834,f4e78efdec5996406a2245ab2b60d7383114cb3f,0,2,0,0,6,22,0,2,194,125.55
10835,05c691543aaa12b1b034ee637ff384b606b98d32,1,7,1,0,98,44,0,24,514,576.39
10836,7111507ad7f336caf94b46471bd794fc0399986a,0,2,0,0,5,1,0,0,102,84.41
10837,ecc802064d35d22162a3bd57a522b4c77c56e390,0,10,0,0,43,18,0,9,1999,683.47
10838,d4be2574e594c8ffc8e41fb924401b107723bbc0,0,4,1,0,6,37,0,0,723,293.15
10839,85433349249df77b2c372874f0561fd6fb9809c7,0,2,0,0,0,1,0,0,676,128.26
10840,ffe3a61a7ed2aa856288ecd293550bdead70119d,0,1,0,0,1,0,0,0,676,1362.92
10841,e0824a0e4b7ad724ac9784b541c67fa2278570f3,0,29,0,0,295,91,0,29,3791,2035.36
10842,9029b2547553afa63695c18516ca69f2a0c86f02,0,1,0,0,0,0,0,0,335,44.98
10843,bf955c5a1e29d368d2ae4682c1b46fa1b2bbf17e,0,2,0,0,28,55,0,0,662,206.01
10844,759b8cb95cf5dad6ea0494df0c8800429ab94b64,0,1,0,0,12,0,0,0,301,78.73
10845,b7cd6a984750d7dd98e6408f3703b1978b14355a,7,5,0,0,198,163,0,1,684,707.74
10846,43ef98e339666334da04d4e0668ee5bfd7853b61,0,1,0,0,0,0,0,0,61,31.13
10847,4c4652efa43ed8ab456f5f63c89b57d8c4a621f8,0,3,0,0,0,5,0,0,493,138.09
10848,6d1ea0f2c68c1b58f6daa692b0b3727429b11d84,0,1,0,0,19,4,0,0,271,109.11
10849,ef5314abc51e1593a8570a4194ad5dcbc1b3209f,2,0,0,0,0,0,0,0,0,133.18
10850,12743958267320d467a621f8a75b5ebe9a445d21,3,1,0,0,56,4,0,3,170,272.3
10851,d35a969a687e11d301910fa60ec1f9c82740d601,9,0,0,0,0,0,0,0,0,380.4
10852,f49e632bb290ded45b320f5d00ceaa1543a6bb1c,17,0,0,0,0,0,0,0,0,911.14
10853,845fb95e633931eee4ff86a82c886050f318a32a,5,1,0,1,0,0,0,0,3,319.5
10854,2377de590059cc20e0ea4af12e104362d8d66a16,0,7,0,0,7,41,0,5,2878,653.87
10855,4571b319e7452ec86325a6c389e6d1bd5008fb0e,0,1,0,0,0,0,0,0,186,35.74
10856,9a389464cdf6425be74a56fc898b82c750e03e73,0,4,0,0,94,10,0,0,938,333.45
10857,0828e2942af41cdfe8356ce46cd7f1540f981a5d,0,1,0,0,8,0,0,1,73,87.7
10858,1fd1c18ce6ca73d7444645e2364c41867279f6c5,0,2,0,0,36,17,0,0,123,161.91
10859,fe77fdcfecd558d09cb035dc6c0735f32868806e,0,1,0,0,13,0,0,0,106,59.5
10860,11dc0daca71a40d49b3d338e212d55a28960359e,0,1,0,0,11,11,0,0,117,1385.7
10861,785b7b28b37e29b00381fb71cac4872ef9575cac,3,3,0,0,14,0,0,1,93,274.34
10862,a966e44b525e694dd90be30206ed83ee341ed9a4,0,4,0,0,3,0,0,0,497,131.97
10863,a862daddcea9ed83ae028778538bdbd83ee546a7,0,1,2,0,0,9,0,0,37,100.21
10864,6a25bc59503397b9c959d957624c654ba5b3d8e5,0,1,0,0,0,0,0,0,211,40.96
10865,a0419205799f58426188cc326f1c85f063f6e6cc,0,3,2,0,18,0,0,0,82,159.87
10866,34a9c104f8679cf866a2de01ca6b87bd8be961a2,0,2,0,0,0,2,0,2,188,122.9
10867,9241a44e7f2e7fae0f95fc79f76ddc6ab87837db,0,1,0,0,0,4,0,0,673,114.92
10868,7374cccbb09fbfa66e98d227211a43ddd8591ad6,0,1,0,0,0,0,0,0,0,12.16
10869,20a00050653cd10607b5017ffbb74946053fa962,0,2,0,0,10,6,0,19,710,265.04
10870,7422dd0f9f22db24e1a3fc8abc02eca09a354213,0,1,0,0,0,1,0,1,32,67.43
10871,6ae3f25d0bbac8d28bfa481796656cfdd85baf22,0,1,0,0,11,0,0,1,290,100.17
10872,df9b757b73b59e18a0b739c207bfe3f149a075d7,5,2,2,0,30,0,0,2,124,450.85
10873,2678506a3ed178a654ec8cb5f753bb518115def8,1,1,0,0,1,59,0,9,844,289.68
10874,28b47b734e96b7a5f363e135615d6781714ed58f,1,1,0,0,0,43,0,0,802,234.0
10875,9241af09bdbb69a06b18edd115f2d500ba5c14b9,0,7,0,0,0,2,0,1,92,111.59
10876,15f8f3c52a1bf11ecf9f550388eee550b7fc763e,2,9,0,0,27,153,0,26,1116,560.59
10877,deb2a9d369086c0b657dba171e9b6763ec2e90c9,0,1,0,0,43,44,0,0,42,93.67
10878,472772b7f0170431b8f6d90c9aa3c419f96dd6dc,0,7,0,0,22,1,0,1,1877,501.6
10879,f892ccba45283a83f30014ee04b828a7979f622f,0,5,0,0,72,34,0,3,816,358.71
10880,9e13af6b4acb1e3a5505bed75053a2be05299a88,0,4,0,0,38,63,0,0,425,1512.34
10881,db8fd386f1cd1dd9f33b72b5108070fb26deaafd,0,1,0,0,0,3,0,0,670,116.78
10882,0a5ae34318ed2ceaa4d2807054a60384d2b001bf,0,2,0,0,9,0,0,8,173,118.93
10883,7009ddb4884502079e31ace724942e33909fd531,0,2,0,1,0,0,0,0,21,33.5
10884,dbbbcdc444816711c10f03c3b62da138cff3dfd8,3,2,0,0,0,0,0,0,21,31.79
10885,ee2fb1011812e434a58144ebe55f505c0e677855,1,0,0,0,0,0,0,0,0,53.19
10886,e6270375e239f35f857498631c2c38fc4d7eb515,6,0,0,0,0,0,0,0,0,336.24
10887,ced28c9572743a4b3f4c2c925d349a4470fd1a91,0,6,0,0,3,0,0,1,440,142.33
10888,f24229879336f5443e39d072a024f1d5cc85a5a7,0,1,0,0,0,0,0,0,146,31.05
10889,efc18e912888ed1e2aa41b940877d922465c44ff,2,1,0,0,6,0,0,0,33,181.43
10890,f074d1ff0d7115c64c966778cc08f0eae8db38e6,6,3,0,0,54,4,0,0,681,401.0
10891,2c8b4ef572f05bf4740b7e204af1e5e709cd945c,6,15,0,1,103,7,0,6,2634,1386.95
10892,59339ac185cb80c926e0cf00b7b31dc29df2a18f,2,4,0,0,8,2,0,2,232,696.06
10893,dcb29bd072bdca3a2a576a0a9fe771798d6b364f,0,1,0,1,8,0,0,0,56,220.07
10894,3011bffd51912b181471235af81a838cf3d180c0,2,2,0,0,36,0,0,2,571,400.7
10895,22930e379d8d4557f5a960691b9b0d676f5c87d4,0,1,0,1,36,0,0,0,21,70.07
10896,044eb42ed2142468f0132e678e713c901b3045cd,0,1,0,0,10,9,0,1,555,174.72
10897,a9704308802e3f71589c790a81a7e65a56ea35dc,8,1,1,0,0,0,0,0,26,338.01
10898,183113f8a7520c519c0ec7f0a1de1f71a34cd4fb,0,1,0,0,0,0,0,0,126,26.87
10899,99842a6ca9badb0a15ce28087a9299f372f696fc,0,1,0,0,0,0,0,0,293,51.52
10900,ba068d5657f5037ebaa1a4e59491afb89f03f74e,0,3,0,0,78,115,0,8,495,1493.84
10901,297530cbcd65e818b21c84360b28d879df098d0e,1,2,0,0,93,7,0,6,146,205.73
10902,503d5a28857e18c229da3030d65d4f0a1a308e3e,0,3,0,0,0,75,0,2,847,260.11
10903,466b824c16e75e9836b290c9aab8fdacbcafdc78,0,1,0,0,0,3,0,0,318,81.56
10904,3a1153b871e9918d12cd722769ae0a7272f56ec1,2,0,0,0,0,0,0,0,0,140.33
10905,7ffe265f65becbca94cc0bb585297ee000ba735c,0,7,0,0,19,26,0,11,1377,488.67
10906,76225edc3667f69cc4d9c63505ce227d0755449d,1,43,0,0,141,217,0,67,8386,2514.21
10907,7e3a92b7e86c334564eed77defd1d355835a4044,0,1,0,0,0,0,0,0,95,24.75
10908,aa10ec88c767a312455cd59ac5f5dc6d62cd71b5,0,4,0,0,18,6,0,4,528,300.76
10909,85d7374b98072819f821a49e67d8b9f836fc675e,0,1,0,0,0,0,0,0,98,27.17
10910,299625a9763141ea8c4283559a793050a115aafd,0,2,0,0,89,18,0,0,609,229.63
10911,047ba2452c2a2dc9b781728f45deeb3cb7b1fb14,0,1,0,0,0,26,0,0,75,50.62
10912,a9eff45741a2889aa2956fed3e43a123d7498862,0,1,0,0,0,4,0,0,669,123.39
10913,ef3dd92c13aeae581d96f814890599bbd54da0a0,0,1,0,0,2,0,0,0,103,58.88
10914,5acf09d62edb6070846d1d537f728ca89d9c3cc8,0,2,0,0,3,0,0,1,322,125.97
10915,35836df1ef616e8103eb367a470c54e0eea433bd,1,3,0,0,59,4,0,5,257,284.85
10916,c34de6d6cb35c98de245ee3a6dc35fb746fdc3d5,0,10,0,5,24,0,0,14,487,628.13
10917,f62d98e1d8440b216bf7af7940f4a6818a111a2a,9,17,9,0,61,118,0,4,2149,1346.62
10918,213ddb8f4b6e2c6ede726b4abfdf29f091ce2713,0,1,0,0,11,0,0,2,290,120.92
10919,809533e5b5c686e2d21b64361d22178ccb92ec26,0,14,2,0,35,36,0,4,2094,551.29
10920,501f640454f2841166841cdd809b5c29893caffd,1,5,0,0,78,0,0,12,540,1643.84
10921,3a39d9cfaaa67c332b890577bd1b649c0f405449,4,0,0,0,0,0,0,0,0,255.43
10922,2125ea2178863cf5e2faed929b95faadcae10a8d,0,6,0,0,7,10,0,1,1384,365.83
10923,96df4fae121fbf75d90a884afa2c3541d774ec97,1,3,0,0,13,7,0,6,339,349.49
10924,9e0b2499e768213d19f2d8d1ffdd9a64293df5b5,1,3,0,2,7,3,0,10,157,321.42
10925,d98ad19e030fb4b6c3e26fd2b96726e2be77ef5c,2,3,0,3,70,4,0,6,152,327.6
10926,d0901dc70205d171fe0a777f99e800929e2231a6,1,1,0,0,3,0,0,0,25,99.5
10927,6256b11edb5fc53bc655584591c6b3cd7349fdda,2,16,0,6,498,16,0,31,2290,1443.23
10928,512b4f7ccb604d903ec0a3205f89b358c5405434,0,1,0,0,0,0,0,0,669,89.33
10929,a8e3a2029733a5223f2f9217ed68ef86499d058d,0,1,0,0,0,0,0,0,669,86.8
10930,1b4ebce86b71d56f44185f1cb83d9a3b51de13df,1,8,0,0,1,0,0,0,483,206.88
10931,e62a04ae0eff3a7940e5f8eac3dae563ad2ddc6b,1,62,1,0,186,148,0,143,6745,2656.76
10932,93c4d49830f9d44d421136ff48fd5015023bd233,0,3,0,0,0,0,0,0,665,156.86
10933,bd7d745593e0f4ebdea718a09042b7187e2d03bd,0,1,0,0,0,0,0,0,0,8.88
10934,60a066abb5509b97915618d4d1a2729acced6e94,0,1,0,0,13,0,0,0,233,622.09
10935,8bd4b5cda4c4f9e1b00f9ff5fea4ae319d120ff4,0,7,0,0,15,12,0,2,403,292.9
10936,87df20dcb8a3bf44ccab4eec4fa69ba25a3bb6aa,0,1,0,0,1,14,0,10,232,123.98
10937,5927c54c6b4342159ec1334ba2e7b4281bc1275e,0,1,0,0,0,0,0,0,12,13.07
10938,603ad1605ad46f2b967c7ba5f77d01e853577991,1,1,0,0,38,1,0,1,802,255.34
10939,5dca72169992567837bda21889c187fd56bfb391,0,3,0,0,108,91,0,14,646,339.26
10940,966c1f270f553bec7344ec49a0232f85446c493b,0,1,0,0,1,37,0,31,1025,1525.96
10941,faf394d8a03b658d3a867d306ed8bef3da1ed478,6,4,0,0,8,61,0,0,248,483.9
10942,b5da46170733313abed0f6172691a67a681af280,0,4,0,0,39,19,0,25,2012,483.2
10943,099e9657517ddde4dc2bc2cefd4855cd57d88feb,0,1,0,0,68,44,0,12,101,132.79
10944,bfd6aa503e9cecec9e2d977a4dfb44d91a4a52eb,0,1,0,0,53,36,0,22,130,132.03
10945,36d1b622dfdd8630f1e3f874de520c130db14148,0,2,0,0,8,0,0,1,321,144.45
10946,28cf30dbadabf829627781dc8aa05fbacb7ffe5a,0,1,0,0,9,0,0,2,142,91.2
10947,96b735d37c9506f7652ed31421b176a962b363b3,0,2,0,0,25,0,0,3,371,157.71
10948,4d97e2fece250b8c1fbfee4ef94f276d9623ddcf,0,2,0,0,8,0,0,0,1025,186.72
10949,33c4abfb1f52cbe23e1fcac372389de9839b8b49,0,1,0,0,0,0,0,0,143,42.74
10950,282f785469c0e1fa642d44166f3ddbb187ed40d5,0,1,0,0,0,8,0,0,301,75.97
10951,4f0d6c170937c57934faa23141777f2304072ee4,0,6,0,0,8,10,0,1,541,257.03
10952,e933a5cbc263be5041bd3723cd2400c871739733,0,1,0,0,0,0,0,0,161,30.94
10953,91d6e76816debfd2553516872cf67c5bf1d23e66,0,1,0,0,4,0,0,0,8,89.39
10954,ab7b433081589229385faf6207adb24ab75229be,0,1,0,0,0,3,0,2,17,70.45
10955,63bf1df26570e2fcd6eb292b1c003c5a6c83e4ec,0,2,0,0,2,0,0,7,1117,213.09
10956,9d45ad046742af9d1e8172720ffcd8347bb37ce8,0,2,0,0,20,19,0,0,738,183.82
10957,ef4055ab989db431e29e0071573619d267960000,1,2,2,0,4,3,0,2,714,356.04
10958,7027094a8d19a660b0f8bdba5f5fea1cf40ee09f,0,2,0,0,1,21,0,0,753,162.82
10959,b0a9afdd24fb70131b1e80d46d0ca101235a4a36,0,9,1,0,8,6,0,10,401,432.99
10960,7ee05e59355c36038a52f790196a098e040f3312,0,2,0,0,9,9,0,4,184,1451.23
10961,30132a8dd00d16cbe0ca68b4143cd09489563a68,0,1,0,0,0,13,0,0,133,56.73
10962,3a2efb4472375169f39dc1000dd1ea0fff74fa19,0,3,0,0,1,4,0,1,674,224.28
10963,3a096659297b4b61260d1799b5fe3f7151089e19,0,1,0,0,2,0,0,2,30,70.93
10964,306b83b2f6c64b37162a0aa3b6ce290c4b34bc4f,0,4,0,0,26,26,0,4,784,337.16
10965,d938c19480c220344827271ff8da729cd91735b3,1,27,1,1,101,122,0,81,5048,1911.55
10966,937356f786b5edac28a7ff44fc31410761c6d7f0,1,0,1,0,0,0,0,0,0,125.12
10967,c7572a6297802f561da6ab492593e65a2547e618,0,3,0,0,19,14,0,29,157,291.43
10968,84c96b32bf8384e651c949d38b11427a9f20fdd0,0,0,0,0,0,0,0,0,0,15.84
10969,c2c0fb681b469c47c85bde07fa6525b9b735c107,0,1,0,0,0,0,0,0,0,12.97
10970,7f3471c58da81f21b4f5400fff447c6f3b0db21a,0,2,0,0,0,11,0,4,355,151.0
10971,0f33630decd52045f93c93f9a3e9e156dc0c0bdc,0,1,0,0,0,0,0,0,10,10.0
10972,6aa0a6738391baf1fa6d5c486f80188d71fd104d,0,1,0,0,28,6,0,4,138,136.06
10973,cc02399c4f4c1076153a18d7928720f95725d400,0,4,0,1,13,0,0,0,116,182.39
10974,73193a825594c18e92c0bc27f6151d43a6506042,0,1,0,0,3,1,0,0,562,136.62
10975,658cea39b120bf39992c5216a03641d7e60ae581,0,6,0,0,61,0,0,0,868,278.23
10976,5576851e0317b2e1e9e78e7aae02285203eed940,0,1,0,0,0,0,0,0,3,25.69
10977,404dede5e80a284112187cfe49bb6fc5f4eb2964,0,2,0,0,16,39,0,7,285,252.35
10978,a90520cbe0958545d2d0e4cb552d3c763b4031f0,0,8,0,0,31,22,0,85,1460,652.09
10979,0022d4aad53ce28d1201e97538644d6e3d8ab0e5,3,1,0,0,12,0,0,0,184,239.49
10980,c2dbf94174d1f1cc08d86b4af9aabef4b28858bf,0,2,0,0,67,56,0,12,232,1544.99
10981,86b00ad0fa5ef998179f22aee62efdd635945872,0,8,0,0,25,29,0,5,714,403.58
10982,51c2421a0eff8d820f313a431bb33b6fd37cc151,0,3,0,0,0,0,0,0,466,82.49
10983,644d658492a1bdada498b52d8cba8964be709699,0,3,1,0,1,1,0,0,403,177.63
10984,2c81c3f58cb27b4a4358a57b8a3c15329bd34008,0,9,0,0,6,20,0,4,1906,521.22
10985,b6c2943d39d3a5101f02de128b0328d5a3b97b31,0,5,0,0,12,22,0,10,763,331.26
10986,468415b85a59706c8e06b851ed792c5f5146b1ed,3,4,0,0,304,397,0,7,363,659.64
10987,8c217d729f70b89eb7487d5735cc2590e28e0412,8,0,4,0,0,0,0,0,0,587.89
10988,e583a1c251038e9b9606304b0a4be6a5b1a268de,0,4,0,0,58,11,0,30,903,399.72
10989,09f2847be835054f9e3cb4e8e2f3c487e1b9ba6f,0,0,1,0,0,0,0,0,0,36.31
10990,2ac0dd0a21dc46897d9f1b5455f0b6dca792ad14,0,4,0,0,19,15,0,1,262,232.04
10991,bc4e2458fc2a9be11fd2defbdba74ca0dd7b1ddf,0,4,0,0,18,6,0,61,831,475.93
10992,55686bcf0eb679f9729fc6f63e3bb19e6c6b961d,0,2,0,0,55,16,0,1,110,176.41
10993,feca8a780f71c9b1a0f5d361ad8c5797102187c3,0,9,0,1,55,17,0,0,1136,556.32
10994,cffa2e8647f74e0332cad011d937015ac9ac031e,0,3,0,0,7,18,0,15,637,256.21
10995,7c4fb30f514bf3d57985bb81cc5627f0c8007470,0,1,0,0,2,0,0,0,27,44.05
10996,056e1fc39abae9f55910749e581aec966c1ef65c,0,1,0,1,7,8,0,15,310,227.34
10997,26faddd8a9a8dd1fa06b651cf20648bcddec4743,0,0,0,0,0,0,0,0,0,30.9
10998,095c4d4914eab4d7a9f44c86dd9a071273d39fcd,0,4,0,0,20,1,0,3,378,343.17
10999,8d8c088f7df957e86586e85b11690fd1efafd174,0,1,0,0,0,0,0,0,165,35.3
11000,6ae01fb21db623740d56cffabccb8369aa2df7d4,1,6,0,0,56,60,0,0,880,1824.27
11001,57160ba271218a255bd1a5e376aeffd813cd904a,0,0,2,0,0,0,0,0,0,83.35
11002,8466134f6c730aa1c0743aadb70fb4f541ea239f,0,8,0,2,38,36,0,17,611,736.94
11003,71efb87b4b408167739d6de0a2742782d386f214,0,1,0,0,0,0,0,0,212,41.69
11004,2353877164a4d1e2f6aa41db46fe1777858f5562,0,2,0,0,7,0,0,0,61,84.69
11005,7201206caf99e7aba52618d7e04610b335c988f6,0,1,0,0,0,0,0,0,331,72.46
11006,79e3b32b4ae928629a5580af168f2bb197097fac,0,1,0,0,11,6,0,4,555,225.82
11007,60f7aa03b5127cb1e100ea4e039eced0416fa536,2,0,0,0,0,0,0,0,0,116.55
11008,56c46646a51d5c3a4cb0347fb97f5d0807922aeb,2,0,0,0,0,0,0,0,0,117.64
11009,6abc6d96e1d03354eaa861fee2665dc25f2c0cba,0,2,0,0,2,0,0,1,144,99.09
11010,738cda347c8a6f7059a72cb683104066d6e3ba0b,0,1,0,0,1,0,0,16,128,82.09
11011,787f84125dd13b60ba0533e1718fc21c8444b1b7,0,1,0,0,0,0,0,0,42,16.51
11012,a7987d45b73e9528ee19606e1b2c51ff967e96f6,0,1,0,0,0,3,0,2,241,99.61
11013,f6ac09fb42a1d8cda99500b23f7247f19a272516,1,2,0,0,29,10,0,2,52,205.82
11014,f9ba6140e5f55ae29e1867721d0e74ea059fdbc0,0,2,0,0,37,19,0,4,133,142.93
11015,bd8570f8551c78608b847109c0a61f8a46c6cb65,0,7,0,0,33,37,0,7,1140,569.21
11016,8293c2845955348882ca91beada413d52f233412,0,1,0,0,1,0,0,2,42,76.3
11017,d480e255e6a17508ac6e2c01cb866333bdc44702,0,14,0,3,674,291,0,48,1170,1093.26
11018,ee44dc5becb16fd3ec40df76a5f88c62a7c86d08,0,1,0,0,4,56,0,4,170,126.55
11019,ac8d50843573c227ddcbafa019772bf4c6410057,0,3,0,0,78,4,0,4,276,268.92
11020,cc309c5f583d85780b9b0d45f551d8d0e74a187f,0,2,0,0,31,8,0,19,303,1451.09
11021,53060f8ad908c0ba5c4693254365b9d8ccd97223,1,2,0,0,6,42,0,7,107,180.42
11022,d79a9d55c087e88e6de934e3656621195138e13d,0,1,0,0,0,0,0,0,57,23.48
11023,14adea41421c90bddac8b1fd4078ac10d56bea9f,1,20,0,0,58,177,0,118,3089,1343.19
11024,4ba7b4d4cd14c3c6ce28b42e4f029cdf7d832d87,0,0,1,0,0,0,0,0,0,37.57
11025,d24c324bce123a9f0d91d09375ad80b04449df7f,0,6,1,0,55,256,0,5,387,465.6
11026,ba1d71192e177106b560b5f6a3e3730ec5cceaaa,0,4,0,0,83,42,0,10,714,369.8
11027,96da5106eddc77016a3cb90c17f8ed11f920da88,0,3,0,0,0,7,0,0,433,151.47
11028,ffe323e1d23aa2c042650e8c3184da04b70c184a,0,33,0,0,47,292,0,43,3896,1171.18
11029,e201712e12077e629852158fe540cfc9fb6aeadd,0,2,0,0,8,44,0,1,280,215.2
11030,675e554a9635d846b4ba1dcc13b53813ffd48a33,0,3,0,0,7,22,0,0,260,171.47
11031,aba9fe3da55577c35d0738e28650dfcadee40637,0,4,0,0,3,18,0,6,360,182.48
11032,10d372e1293d3c8bcd109e5fc570bfb368959f2c,6,1,0,0,28,0,0,0,196,397.02
11033,5d6b7d24f465e748eef6e5f46ea81647640c3ce3,0,3,0,0,0,0,0,0,297,70.32
11034,ab6a8c5c5bf32f1d0a0b3640f72713e2f64a657d,1,0,0,0,0,0,0,0,0,56.04
11035,1f5c5b78bd69e198f09a6bc222c501f783e24012,0,1,0,0,5,1,0,0,302,109.24
11036,c4acb6fd287c27bd56d0898b69cf8fedd9cea788,0,18,0,4,145,223,0,27,2378,1310.44
11037,313cf8b05aeb9ee500f9cc7b811dcbece0dac44b,0,1,0,0,0,0,0,0,26,13.92
11038,5221c26056a9d85b08d4be4e8ffd522926ecad97,4,0,0,0,0,0,0,0,0,198.76
11039,499fe56c7eab9510258c1d19b1d062fe291c95ae,9,2,0,0,0,0,0,0,86,70.37
11040,33b5663e43fe9f59445d51ec5b27c3283e27142f,1,0,0,0,0,0,0,0,0,1325.82
11041,671029d203318f23b64b199e8f6565be02f8ba6a,0,1,0,0,1,0,0,2,62,75.92
11042,4d033ce1b0a011235673e1cee4d0f02019cf80eb,0,1,0,0,6,0,0,1,116,89.11
11043,a599b0088445d17db73dcea1abe9b844907be2b9,0,1,0,0,0,0,0,0,135,42.3
11044,3c1ecbf4efb6e9eda60841db54c3ad74da80973d,3,4,0,4,12,288,0,27,818,823.16
11045,ab6893201dbabab1c44a052b23821b78f18ed9b3,8,0,0,0,0,0,0,0,0,425.52
11046,1f9cd8ac6fda1eee0c3f8899b8101ede182f2c93,5,6,2,0,3,0,0,1,611,450.58
11047,8fb5f1b985c8b2216467f287ed8aaee51fb7491f,0,1,0,0,0,0,0,0,122,26.06
11048,ffde75083c74613fa338561fd9c9209f0e4d6d23,1,4,1,0,12,12,0,2,739,383.18
11049,acae782407bb1c1f77bd15bb4f4247248890774f,0,2,0,0,3,15,0,8,912,238.94
11050,3aed29a8c92a577e5e2361fae5bc02002add2e67,0,2,0,0,0,4,0,0,717,171.9
11051,7df74673e82cc4d5309e6414367868ff7bea08df,0,1,0,0,12,0,0,0,17,48.42
11052,cf4e0f1170e26f0f79b1e56e65f8c941df81df3f,2,5,0,0,64,40,0,12,1452,593.12
11053,6c4dfcf8a0ba9f53338ac62feacf9444fec72415,0,10,0,0,36,56,0,0,1086,401.62
11054,b8f3b39abe7213c7523add591e26d74113d2001b,1,2,0,0,91,59,0,7,125,246.39
11055,22b2a8856307c310b4c75b32eeed33ba66c0206e,1,11,1,0,50,17,0,7,1063,452.15
11056,fa8d11b53fdac1dc6d40e5a15a79ad5dee6a8d26,2,0,2,0,0,0,0,0,0,245.48
11057,c9c8a29b1b2e4f2886fba1524432f9788b564e61,0,0,1,0,0,0,0,0,0,32.45
11058,f868d3a7ccfbc62a234c5c22e0542ac2fc346c38,0,0,2,0,0,0,0,0,0,104.9
11059,05a3132cb4520b9baaaf787e48ae727e75b91062,3,1,0,0,44,0,0,0,224,225.86
11060,f1a07ccefe22362718a97d5994553b6ba024a5b0,0,1,0,0,0,91,0,7,672,1382.59
11061,93dfdd05a84f933473c7b22437e12c03239f9462,0,2,0,0,8,18,0,0,881,241.9
11062,d190308a16011384fac53484bb18cf61afd8cdc9,0,2,0,0,47,5,0,5,656,259.58
11063,7fc158396ee2028cb772fa9affcc6652dd0d16f8,0,2,0,0,26,0,0,0,129,95.71
11064,5711b2ccd61589362f98ab6e7ac47ffe3144dfc8,2,3,0,0,156,0,0,0,366,226.25
11065,d3dbc963275005f066292f43f337e377f6b4349a,2,1,0,0,10,0,0,0,90,125.89
11066,65a472f77602d8418e61076f50e168b6cf0b4e1b,0,1,0,0,0,0,0,0,226,52.97
11067,461d5af93f532d7962de83b094bcf375a581a892,0,1,0,0,0,0,0,0,3,22.28
11068,2c5dd6341fc67c22d565aed7bbd08e519ae2b441,0,1,0,0,0,0,0,0,422,58.9
11069,3ec30795e40809af2e230bb68f40e22b4db230d9,4,4,0,0,31,0,0,0,458,380.32
11070,444e26de24acc86af073d3ca35110b84049c9850,0,2,0,0,0,0,0,0,165,28.15
11071,1b7a404beb97572116fd7fec821b7e805a8cd51b,0,1,0,0,4,0,0,2,62,73.5
11072,f806ac74013e0b8689ec96b97b42367873ebae0d,2,6,0,2,57,88,0,6,295,521.03
11073,fdc2555c7d417ddd62a700b2ea67b59193ea720e,1,11,1,0,18,21,0,0,1092,394.28
11074,901438b65bfbf3874cec60ea17b0c3b05bdd8477,1,11,1,0,8,18,0,0,1092,369.2
11075,4a487cabf99c48174cd5e03e58e5d10b837316de,0,3,0,0,23,12,0,0,258,134.03
11076,48f34883eeda60c3b471f08826288febcb6713e2,0,5,0,0,67,14,0,6,515,322.12
11077,d32e1d00854e24bc4bb3aad6d866c2d709acd993,2,6,0,0,15,38,0,7,572,434.38
11078,37be8e814d3b8b0b8ef0d98cb5f12425612ace00,0,3,0,0,2,4,0,6,401,162.43
11079,828ba0f02ebca9f9d4a13ef148de355eb65a2473,0,4,0,0,39,47,0,11,466,285.02
11080,5f5cdeb782ef2596d900de5b90ff2cc7bb62e735,0,1,0,0,0,0,0,0,212,1592.45
11081,e6fc1c6b98be89ded846f42f65a946330f40e54e,0,1,0,0,0,0,0,0,173,27.6
11082,ae539c97c858b94e0e2504b54a8517ac1383482a,0,1,0,0,2,0,0,0,313,69.99
11083,66b979efc7786edb1a207339b8670d0e82c459a7,0,2,0,0,112,4,0,7,694,255.46
11084,2f0177ead494b2343e239458bac557f859a91278,2,1,0,0,0,32,0,0,236,210.96
11085,fe2b2d63857816f3d3cb1a2749bc0bef33b68f96,0,0,0,0,0,0,0,0,0,44.31
11086,39a2777c7f251027c23a4ac6c7c2e3907872a01f,0,5,1,0,14,144,0,0,904,367.6
11087,2bbcdab8c8bca03b73b00a0564e78bc5302d6cd9,0,4,0,0,16,46,0,1,436,179.81
11088,ad531f0495f6a644342f4171234fb013a0d28d44,0,2,0,1,31,45,0,0,763,245.12
11089,679398c60370a91e07e3eeed340102fa28962acf,2,1,0,0,16,0,0,0,236,181.7
11090,d1926e889b153c66715515020745e1570c5ae1f0,2,4,0,0,19,12,0,1,155,292.8
11091,912d25689bfebb16db4bfff9516de6e7fa7f54a4,6,1,0,0,11,48,0,1,434,529.0
11092,f87bc82a8c6f1c1778497fa73bfee11fbf3c750f,1,10,0,0,26,36,0,0,541,406.94
11093,aae87a12a5956843ef74efc83a02a48f5055a8e5,0,3,0,0,3,18,0,0,734,173.15
11094,68a79878996054b18bf9f0470c3d5229afd8a9fd,0,6,0,0,0,0,0,0,56,45.62
11095,cac4b74a2ac88875793d2603db6b5fada7d6dbc7,0,3,0,0,0,0,0,0,43,24.53
11096,09b3d89404a608824616f473d787c59d13efca94,0,4,0,0,0,0,0,0,103,39.91
11097,a77991606047634546d8dc213545ba67272f35f3,0,2,0,0,47,7,0,1,481,244.25
11098,3cb59217d3a3a4f2eeae18ce185225cd8d061c0f,3,3,2,0,8,0,0,0,717,365.07
11099,aad1131551ba977903f10d6f682ce2e827c8b3ae,0,2,0,0,0,0,0,0,725,106.04
11100,dcc1330375826b779e4902176bb2473704dabb11,0,13,0,13,228,870,0,1,307,3122.71
11101,99551e882c1f5440e39c24d6b399803acd866450,0,1,0,0,15,59,0,8,252,144.94
11102,740de1892beb2f597a2f21f85bcd281359a740b9,10,16,0,0,61,54,0,30,1643,1363.39
11103,21c6b85a6f5991aabcbcd41fedc860d662d478fb,0,1,0,0,6,0,0,1,26,72.62
11104,8379bc5473e7f054b53cf9b3e532f4f7f974fe29,0,1,0,0,0,41,0,0,443,103.18
11105,7b64ebf56c6141ef9922a2bf94b96f978e51428c,0,3,0,0,58,0,0,1,174,141.75
11106,c1904e09d80ee2b6504f469e9a6567c32ea8d427,0,4,0,0,6,0,0,2,187,160.68
11107,974f4da30dbe43f616001f5ee56b912862be23a2,1,17,0,0,127,25,0,12,2962,1046.17
11108,9686c0b6995a9ee96fc04f3fc319c6e087e44106,0,2,0,0,1,21,0,7,286,156.16
11109,1c9475f9d6d5c1f077fba333e43c71d2b8bcc457,0,1,0,0,1,0,0,0,138,67.88
11110,beba9dc0a48ca2256d5b871ef96885811273bf0e,1,4,0,0,21,29,0,0,502,284.48
11111,cbe0f148f7cc6562a697b8b54faf410831c5f70b,0,1,0,0,25,19,0,12,479,160.75
11112,1ce777f328e064d0b36627e68f3d0d1d174d5414,0,2,0,0,2,0,0,0,174,69.13
11113,326129209ac30d4ec061b5fe6abc9df3a78c9c35,0,1,0,0,0,4,0,0,138,56.44
11114,66d4d7da2d8b717f420509d9785fad0880562f10,4,45,0,0,270,71,0,85,4367,2686.61
11115,3e8477dae2a84023996d25c070314b8620680c56,1,10,1,0,0,15,0,0,1332,415.03
11116,0bdcec918719242f121808d4d5e3f4109b8d438e,0,0,0,0,0,0,0,0,0,24.68
11117,2eab3d8d867f45983876db927c7de1c137fd6bed,0,1,0,0,0,0,0,0,52,19.9
11118,3a16bd22c99a904cca672556f2d6d37a8da2fd48,0,3,0,0,7,0,0,4,105,198.66
11119,def8ec5ee9c02a035d082b6162de709c807ba6c3,0,1,0,0,0,0,0,0,15,14.24
11120,4d28d3f783e48708ab1175b323aa9ed332cf207e,0,1,0,0,4,0,0,0,242,1289.5
11121,88d9e7fc5cf9a9b877ea1d9ab327a10c49e1d45d,0,2,0,0,27,1,0,6,407,208.49
11122,d439c38b3de362464fcd3ce993489801936f4d92,0,1,0,0,1,0,0,1,40,73.15
11123,2c117ad30496fffff9f59d50b0cd74434df1d98b,0,6,0,0,0,0,0,0,86,47.33
11124,5e8d5a81d16721af4c1872d3be29fffba0720574,1,4,1,0,0,0,0,0,494,188.77
11125,50712dafca7f84788a6dd76887fb2a902717e6bd,0,8,0,0,0,3,0,0,1298,254.57
11126,bc241861f2425a2f926262a924e271227382b38a,0,13,0,0,54,19,0,3,1291,647.84
11127,ec85f825cca7a3cc039663d463ad675219980281,2,4,0,0,33,0,0,2,271,291.53
11128,8c6cc4505a4c27daadb00cd94df8a7e955eb8d52,2,4,0,0,13,6,0,4,242,350.4
11129,488c74218540ad056ab30888a4b52b10d6903109,0,4,0,0,0,0,0,0,138,56.61
11130,3466c228926f03bc44236d4634a6656f63dd2011,0,20,0,0,94,7,0,2,3074,722.84
11131,da7971a5caa33afd9b6d737e0c06b17a92891a2b,0,1,0,0,0,0,0,0,62,23.37
11132,a6d6778b11c0ad12a427344c140360b5472ef661,0,3,0,0,5,6,0,4,809,278.16
11133,5be1e78bfd769d32704e79ef885d25a8596e610b,0,1,0,0,0,2,0,2,244,107.05
11134,38750f0d1acb129a6b2a83b596494aa99de9e9d3,0,1,0,0,11,6,0,4,238,128.08
11135,99bc4fdac33801b0cde8c6b635dd233ba1d5f719,0,1,0,0,0,11,0,3,340,109.8
11136,65460ecdb8cf59c008c311e5b038e1ed97bafbfb,0,1,0,0,0,0,0,0,3,35.7
11137,6681e111f2cee580c86422082d4409004df4f096,0,2,0,0,35,0,0,12,767,251.62
11138,02a8c41d83e3ff500f4cd2f474d8efe063222a71,5,13,0,0,215,22,0,3,2286,1166.18
11139,e21b4c8cb391f8956a9d917961284496b631f904,0,2,0,0,0,0,0,0,133,34.31
11140,9e69fcd9f51dacd72ef0c046ec2d4247c5a8ae38,0,1,0,0,0,12,0,3,69,1329.2
11141,b0fc92b4883270faec68bde70403fed8cc8bd15a,0,6,0,0,22,0,0,0,361,263.74
11142,20e945db8b252edc6cd6b20d56ea92bcfc4a6e32,0,3,0,0,15,0,0,0,436,133.45
11143,9f6b2044786d09b3b0d2484a2c62cc7231413f22,0,2,0,0,2,4,0,0,148,88.63
11144,61111707ce61ba2833d8f22b557b2654dbe73286,0,1,0,0,1,0,0,1,24,74.37
11145,9ffc2a27d9c4b800bbf1edcefce5234e637c904b,2,11,0,0,66,43,0,2,1627,741.02
11146,8090cfd28b764b88dc9840b8bdb6b0132f3abca1,0,1,0,0,0,0,0,0,3,20.71
11147,b2022ba746314eb9d0ecd37516c6d0f6a3d1cc51,9,14,9,5,0,18,0,4,1588,1138.47
11148,6dbb3086037a6f05c13f8cd371d372d7d8dc4faa,0,5,0,0,6,3,0,0,550,179.98
11149,03dc734a393ed5a043590f054ed331ae0434fdb0,0,3,0,0,0,0,0,0,164,42.93
11150,c7ae2b8559c0fe4cf17613249db0c2857bb91d94,1,1,0,0,5,3,0,5,36,186.54
11151,793f3b05cdb176349262cc1a27c575d303b8a624,0,5,0,0,4,0,0,0,265,103.94
11152,de44e09e39352ce7e0d773049a65c8acfad544b6,0,1,0,0,0,0,0,0,565,79.11
11153,0e6c8fa1dd391219cc73e18b08b0e9e257c14b7b,0,1,0,0,0,0,0,0,3,21.17
11154,9d1256ccbf8eb1556016b6805c3a91e2787d298a,0,41,1,0,271,164,0,132,5248,2651.68
11155,c324f1a4e03572bce02f733862cb17ca9b7c87d3,0,0,1,0,0,0,0,0,0,39.53
11156,d95e2c15e3289ddec3823e386b33ae50737143e4,2,26,2,6,38,29,0,21,2008,1382.17
11157,e05618b427f22cb73694658f5a21fb1767709efa,2,10,0,2,107,7,0,41,1432,867.29
11158,035a233e37bf6385de766e711d3eed42fcbd8da6,18,0,0,0,0,0,0,0,0,805.32
11159,9576a3fd6454ed3fc7cc44b716527c6e62a49d2a,4,1,1,0,4,20,0,0,62,322.33
11160,89634d7fb44de1c763271ef4c24aaaf048e5ae20,0,1,0,0,0,2,0,0,151,1385.68
11161,5183be80d2cc3428617c64809e94e7b35271a5d8,1,5,0,0,15,64,0,2,1441,435.5
11162,81b5d17d2a8f3d33bbef4149a57c12bc78859f1f,0,9,0,0,80,42,0,3,543,581.36
11163,e383414bbf6529646d20d954670a5a7e2e2ba4aa,0,1,0,0,0,0,0,0,18,10.77
11164,edf440a91143091af50285fdee8c3b3d49d13070,1,4,0,0,6,9,0,0,9,135.51
11165,dac2cb874c3cf05ffc34cc50a7f7387c8f1a3880,0,1,0,0,3,0,0,0,0,44.6
11166,1f8c5c94de19a835698e97f3308f5166a42f2d5b,4,4,0,1,24,0,0,5,461,460.24
11167,0a9e2bdd2d3999b4c73af69d443364dde9c97b67,9,3,0,0,31,0,0,0,168,566.51
11168,86038cd7b38c7c40fcd480af20c57a1281e2aa30,3,2,0,0,12,0,0,0,6,251.36
11169,0a62bc0b01e631d43b385e243c3f97814c6ae092,0,1,0,0,145,123,0,1,96,153.64
11170,0af48012ec621f429b3abcfc4ca6e0d13ad44316,5,8,2,0,25,22,0,3,246,650.99
11171,30447531f78d9feac12630e5c966ac9f81681381,0,1,0,0,0,0,0,0,142,32.87
11172,b6f18c4d7f2ddbee00036c19a1ca6e3a65d4b6c4,0,2,0,0,28,0,0,3,201,160.47
11173,e08e29ed9da56e5b10b43ca383d8b98fe2b675f2,0,3,0,0,27,41,0,72,855,340.62
11174,6691894ae70eefc9d18641f88967d5a59069b8df,0,1,0,0,0,0,0,0,106,24.93
11175,393a34fd760dbdba567dc98c8e52802d1dcbbcd5,0,3,0,0,25,14,0,4,961,286.48
11176,672cdb3cecce6023db5951ecd1f0fa742e8733ee,0,2,0,0,7,3,0,0,53,81.64
11177,fc2ef35b5fff94e822d4219e5d2022c4b5d55a03,0,8,0,0,145,0,0,18,1131,604.2
11178,66be972365bb5e77045f49d81b8c6a2920535395,0,7,0,0,34,37,0,1,1342,430.11
11179,b04337fc6c4a42f1665b7267403e99610e6f6a80,1,5,0,0,22,20,0,4,1415,411.25
11180,146c579dc22a6c2672a0ae34ce463077ec46ccd7,1,5,0,0,59,28,0,8,636,1595.88
11181,2843bd49a758a2fcef0ab54ca9e291893aaa9780,0,2,0,0,15,0,0,2,63,92.0
11182,814a9fab421acda9ac5938ff86e09d6c39f7a5f5,0,3,0,0,39,10,0,2,156,148.28
11183,057c036784242c674ea6091549cdbc98688827a6,2,2,0,0,38,25,0,14,112,295.45
11184,25f79fb4b11f52092adf597381b23ddcba2511a7,1,13,0,1,108,95,0,16,2984,1221.68
11185,8930f62755a15bd03035b2db74e353e1bd45a0b4,0,1,0,0,0,0,0,0,107,23.74
11186,4c85821cf475c97cae536d5c1262e00b18177668,0,1,0,0,0,0,0,0,56,18.51
11187,49af1027c84edd8ded770bdb648b31485bd91417,1,3,0,0,50,56,0,8,87,273.42
11188,e6c1b199f6bca620157acced1ece273e93d6e160,0,2,0,0,6,9,0,0,92,118.47
11189,95ad44145314be96e06f1c522447bc5cd8eeaddf,0,1,0,0,1,0,0,2,155,94.98
11190,c41e0879160e4e3088abe6496d3827d479d802df,1,11,0,0,73,18,0,2,1553,537.32
11191,76d794be4a5bb2d960afa1468bdeb5c965981f33,0,1,0,0,4,0,0,0,104,58.79
11192,62ce2b711da1dad1dc7174227ac3a1dbb3e169ca,0,1,0,0,0,0,0,0,92,19.46
11193,41176ba0189ef2782449a1b7d4d074adc8a4af6f,2,2,0,0,8,8,0,0,63,222.65
11194,773b680950bc3ff744d453c7ff5de01a4115c2b4,4,1,0,0,44,0,0,0,54,242.06
11195,ef0f56a6743c2ed5fc69f95f824b208b42c7bde9,0,1,0,0,8,3,0,0,11,76.45
11196,60067a85f196941088e7367962b6ae7c6ca61e51,0,5,0,0,59,22,0,12,839,362.0
11197,a62e1ac02f81da472ebccd33d615a4906c7aa502,3,0,0,0,0,0,0,0,0,170.46
11198,10c0cd8e68fb7b0bace2cdd9e0d1e30d59131a50,1,0,0,0,0,0,0,0,0,59.85
11199,4a132c481e35e5f40b66e5c8bf889399d0628b59,1,4,0,0,10,0,0,0,469,153.87
11200,874e95b97a82618ffe9d2c690a6da2e06e4387c2,0,34,8,1,75,187,0,67,4053,3359.42
11201,7d375cca5e3f95402c00b9ab95f6b76421b5e683,0,11,0,0,10,16,0,8,932,466.28
11202,6c2e3f20fccc59923a6d050d7de4494fa80a1e28,0,1,0,0,0,0,0,0,145,31.75
11203,a43ae47a0c2998d35ec1f9970cd091bd90952e04,12,2,0,0,0,0,0,0,25,727.99
11204,4b8ed643a4d85c9440a8adbc0798b8a4bbd9520b,0,4,0,0,61,0,0,1,298,159.42
11205,65e95074e55c911ddec0053b41402dd923e9b2bc,0,2,0,0,66,22,0,8,393,179.37
11206,24b77dbdfe072ab6087284b34f95e44b50e2610f,0,10,0,0,40,0,0,0,970,234.4
11207,33d81ccb69ac82ef030c54cb12235dec540554dd,0,5,0,0,11,16,0,7,217,284.61
11208,7902947cadda4b730d816f70f9ecb1e55215f373,1,2,0,0,0,16,0,0,71,136.12
11209,981b0540a9f4e8a603d1cb49600bc928ba6043a0,0,2,1,0,0,4,0,1,673,215.16
11210,2dc0e3a3663f6c09ad726dfacad53760c47e15a0,0,6,2,0,70,30,0,1,215,218.03
11211,a607bd9dbdda7d9925d6c351ba88d82edce2c571,0,2,0,0,4,0,0,4,179,157.25
11212,2772cd02ed7fe611b9d04449cefd05d495db6ae0,1,7,0,0,25,0,0,1,1332,486.02
11213,9c9ac528d510fd075d7d51e5d4f07aa884a00238,0,7,1,0,0,23,0,0,1334,419.69
11214,c927e176f35b9db0f9daec7b67ccdb41d8e7d9f5,0,9,0,0,20,10,0,2,410,384.62
11215,1266c88dc28393d1497c1ba37def8c3acdd6ddba,0,10,0,0,13,17,0,6,591,373.78
11216,7741eed6a1e7f3f388c6accc086962c1b812a59c,2,2,0,0,0,12,0,0,48,160.37
11217,318e406e62ea64ffc656782d8867f0f72fc6468a,0,4,0,0,9,0,0,0,34,119.65
11218,0328fb62c05396dba51e44a8e0bcf5641f13e8f8,0,4,0,0,9,0,0,0,43,121.34
11219,cf4de13474804e84535cba2dd93b1fa980d71652,0,6,0,0,9,0,0,0,434,190.61
11220,d8aa9b902eadc74bd3ce3d6f6ef5f0a73bc7331f,0,12,0,0,18,5,0,3,843,1667.89
11221,f257cff0b5251b29c8540b0861855c3a73522541,0,3,0,0,0,0,0,0,18,18.3
11222,3898a4b9bcbae8e50134fa74ccc3c7a9cb4034a5,0,4,0,0,9,0,0,0,70,127.52
11223,070a9d938377adcfb7f7d3de1356f9a50f5ad08c,0,0,0,0,0,0,0,0,0,40.84
11224,8f10e50d88d1d6702c4f4152db9afcdb87eab557,0,1,0,0,20,12,0,74,643,210.85
11225,d52a0e5b25ed38bfece32287d6df62efa0d93752,0,3,0,0,26,23,0,4,268,218.76
11226,2d67ee07df79686eb13258b292d0bcd5bf2a80ec,0,2,1,0,1,6,0,4,42,139.2
11227,56cd59f47e31e58e112e260f0f4b43c45c1aa74a,1,0,0,0,0,0,0,0,0,50.67
11228,daa2f9590a5db69ee57ebc1c5878799cd08bd2b5,0,2,0,0,6,0,0,4,806,241.57
11229,747f0af2de6c232bcb41990af6ea558bc6f85748,9,3,0,0,102,3,0,2,324,772.24
11230,dce025ee8b58b446215203742ec3af4d8952ea08,0,1,0,0,6,0,0,0,75,53.6
11231,47f29391cf4c0c856e2401289c06658471508654,1,4,0,0,169,18,0,7,894,515.47
11232,1b15be2c972e0369aa81d11bd4f3aa08d62138b0,1,1,0,0,0,0,0,0,0,59.08
11233,4239dd147f3f3f6774205f59954ba3ef68d59a57,0,1,0,0,8,8,0,0,84,78.15
11234,190b13aa56f07f4e1348e3bb9cc9e34a42b258c3,2,0,0,0,0,0,0,0,0,101.11
11235,96fe45e41e3cc9ccce0aef723d1ff3cbdaae6a53,0,3,0,0,3,3,0,3,429,204.1
11236,afd5f1f23726d520b61f46f37961c97cd91c48fa,0,3,0,0,5,50,0,2,176,211.77
11237,2142dc777119eac821f3de86e8bc577ae797c017,0,19,0,0,68,261,0,14,3239,1330.25
11238,70c2c16d75540b1e1ed3d4031c9ac0e3758d3bd9,0,10,0,0,118,18,0,27,624,565.06
11239,e2bc967b471a3c909619e5023bfb63500449ec77,0,3,0,0,5,0,0,12,532,268.54
11240,2997cb5639f0327ce7d75eef1d650d746de1e205,0,1,0,0,2,0,0,1,31,1364.37
11241,c79ca44ac40fec0781cde2e0b4bdd394707cf9e1,0,13,0,1,77,0,0,35,591,398.27
11242,5696c14ed071be9add2c4a45c79930ca53230cb5,0,2,0,0,9,1,0,0,78,156.8
11243,3088c7ab03a28f5a85af7c439380d23817cce5b3,0,11,0,5,76,4,0,8,650,943.65
11244,54b3fcc64bc7620e104f0531609b7a3e29e5f1f0,0,4,0,0,20,0,0,2,427,220.49
11245,60b3f2f7968d699de0db9a78bd1762bf6501e5f2,0,2,0,0,19,0,0,0,360,133.42
11246,6c0bc5b2c133f403bc5e90e400d31cfaa1079bd3,0,4,0,0,90,18,0,4,397,333.38
11247,8b8a9eadb63ef7b02b9810cce89976f4dae96230,0,13,0,0,121,69,0,3,797,743.2
11248,57bb952e3a1732caa5acb640a1712bcdd55d813d,0,20,0,0,128,100,0,18,1495,1010.06
11249,f2378f951ead55e3f9acd1f36cd973d8c82d9070,0,3,0,0,6,3,0,0,111,125.04
11250,86c232437f74576fdee3baad11c58f77714269fc,0,3,0,0,6,3,0,0,42,114.21
11251,ccef73690ded88d47ecb6cbb65c4c0e64c643e66,0,1,0,1,60,67,0,1,43,176.35
11252,1f5e56ad60f468172d261a2b3e3fb10622a1b191,0,1,0,0,27,12,0,3,183,130.29
11253,dd2c84416fb6d362043120be5d8fe5c4038e68d1,0,1,0,0,3,0,0,3,307,112.59
11254,ff995aa14103434f91f694371eebb8a44b2eb83a,0,1,0,0,1,0,0,1,12,80.89
11255,4ca5cdf7d6af07ca25f300bc4bdc198468cfea3e,1,1,0,0,0,7,0,0,21,89.44
11256,97819283aaeef399a900ec1362e2250089f4947a,0,1,0,0,27,0,0,0,25,85.96
11257,90845343fd2263defd882589eec6d1d581c4e4f5,0,3,0,0,1,4,0,2,255,174.98
11258,9e165a86119520814bb8117fed1b46c987610fc7,0,1,0,0,0,0,0,0,19,13.65
11259,2cad7434973941ea738cd8ecaa4e90661810a833,0,1,0,0,0,0,0,0,123,21.17
11260,112e86558df345c533322021823fb3d01f225854,2,4,0,0,45,12,0,31,830,1740.73
11261,a2bbd32aad5e35fd7b1cd7f3e3f5d30841081c51,0,1,0,0,0,0,0,0,142,33.65
11262,7536968c78ad15d1d77db13e730675a48c8b2363,0,2,0,0,0,0,0,0,172,38.85
11263,24b32d1dab888f30453f4593be03b5aaee9b1f7e,2,0,0,0,0,0,0,0,0,144.05
11264,76c63fdc728ba86278f5d5b868f2d6c8643333fa,4,16,0,0,39,88,0,18,591,757.44
11265,0d9058c56e4f420d1c501e5aef981433a96650dd,1,1,0,0,5,40,0,29,267,189.52
11266,19890f653dd64924c9fbf4694eecff6c11f2b5d3,0,1,0,0,7,4,0,0,207,102.16
11267,88c206dd8e4d29739b9fe3c140754b7907e93163,0,1,0,0,1,25,0,15,247,128.09
11268,28ad8519771479371f6ea24fc6d7daae8c4347df,0,2,0,0,7,2,0,7,796,317.24
11269,ea7125142b2dc21f9bc4bd1d147219976794373d,0,2,0,0,15,3,0,2,307,193.83
11270,e505bef16c2c11250a2420610c1605a4e64b6d10,0,2,0,0,1,0,0,4,684,169.42
11271,93110d95ff5d17e0e4e37d1810b2d4840e9c6a9e,1,10,1,1,50,0,0,0,2040,664.16
11272,23e62e4aa997b937943ab192a00608b1c681c683,0,3,0,0,12,12,0,0,1632,324.11
11273,12a9d6dba91d32e800594d94aa2737b6d17a7368,0,3,0,0,3,8,0,0,136,126.96
11274,8fb0bdb15d1736fe3f7ac51e51c4b79c20e14fac,1,1,0,0,50,60,0,5,438,228.15
11275,9b3a0b54e2eb2d29805365a3a6c2c9bd9330fd1c,0,2,0,0,6,0,0,2,580,207.25
11276,d08beaa3255b3df96afe35f17e257df31a0d71ed,0,5,0,0,38,41,0,7,576,433.03
11277,e1312c8dde9a945678fa89b422fbb9a2f61e91fd,0,1,0,0,23,7,0,10,484,171.84
11278,ab0f6d6a0ecd20ab96801a84cd44999c57d7a74e,0,2,0,0,20,0,0,3,582,219.43
11279,17c5cec61c38ea885d5da6bbfc15f5fc9dc35c87,0,4,0,0,21,0,0,1,1079,329.07
11280,85927e0fd0f24ecc63943a94d421c0328368c1a5,1,2,0,0,12,0,0,0,149,1427.8
11281,f4a0458bc583ac520c086b4c2735c75751598343,1,1,0,1,0,0,0,0,246,203.32
11282,8c334f978efc4e6987104dda876b3b1af02ca950,2,0,0,0,0,0,0,0,0,122.85
11283,0d72b2a2beea32160be4b8472642b1b955b57cae,2,0,0,0,0,0,0,0,0,129.84
11284,cdfe1d41867f96da18ea36d88cd06cc7834551d9,0,3,0,0,0,0,0,0,786,94.79
11285,b0785ba045e28d2e77a683cc6085e607def83d5b,2,1,0,0,0,0,0,0,58,111.51
11286,c63f4076a807f2d4d4d3786bdd36598f8fe1f556,0,1,0,0,0,0,0,0,215,49.36
11287,111865b0817ef3a5985c8a0d7c32508910ba1b80,0,1,0,0,0,0,0,0,157,27.69
11288,87f067dcd55a86d299d40a97f095b7cadd9b9d5b,4,0,0,0,0,0,0,0,0,236.77
11289,798b22cb258579b3ef981eb444397abd7c81f291,0,1,0,0,0,32,0,2,28,71.88
11290,b0d2ed55c44105e6192e32b391a4b6ef54aa2879,0,0,2,0,0,0,0,0,0,64.1
11291,713cbf8a668aedaf23a6a5d160ebc0dcd76dbe73,1,1,0,0,0,0,0,0,211,99.75
11292,42276bab525d790910bab3230f1d4bf038b56b6c,0,1,0,0,0,6,0,0,16,41.77
11293,d0fbd344f9beca1dc59b2ad6c525d22a6f28ff8b,0,16,0,6,13,13,0,25,2266,1128.48
11294,3aa143f38127eaf5a6baea19aad2961016631ea2,1,1,0,0,3,10,0,4,205,172.21
11295,8403fd4d672396d0d7f6cb5d1e491a5791d73718,0,2,0,0,7,3,0,0,314,134.26
11296,923a5f1e05d95cffa80c9723a277fbb4a450c58a,6,2,0,0,27,0,0,0,337,404.89
11297,4dfb92572843294449c07a7f0131a6798decdb63,0,1,0,0,0,4,0,1,107,79.37
11298,9da970f41d55f12e10f5cc7b2778bc5585f0c2ea,1,2,0,0,0,7,0,2,270,178.3
11299,585f5d47852f2e6deec7242462f98139d6a1f51d,2,1,2,0,2,45,0,4,21,283.02
11300,a0a35bf56d32688e6aeac97ac0d57ae4cf7f81f4,0,1,0,0,3,0,0,0,89,1357.72
11301,83a99190ead2869d2b57a077883b0d9b2b253ed1,1,0,1,0,0,0,0,0,0,79.31
11302,c29f65936ff94c65b9d7200d45025f94cc2d2bc3,0,1,0,0,2,1,0,1,204,118.54
11303,25c1a468a729f6d78ea6b0b8abe4b99619ec1071,1,1,0,0,0,0,0,0,68,61.63
11304,7de2e4641dd437a04642b3c43dc9e62d8d21380a,0,1,0,0,0,0,0,0,59,16.23
11305,99c1aa32f1e5072f3b7884bb3b7a30efdadcd5d1,0,3,0,0,286,0,0,6,558,307.73
11306,26c1d36828b2139b24ea809b6d806b1d4e234ac2,0,1,0,0,10,42,0,0,692,163.23
11307,bed676fb7aaea3e84b0b628d116d5c13ce29b15f,0,1,0,0,0,0,0,0,267,44.88
11308,da071ce3c26619d2fbd337a165f2405a75c4d91b,0,14,0,0,55,71,0,13,2855,1012.63
11309,a1c2413eeddf2dae3a224a59fa7bff565e88f3fa,0,1,0,0,11,30,0,7,477,157.34
11310,06fb0ec1f65056fd0ef5b67013ca9ae288486961,2,6,2,0,40,7,0,12,981,603.09
11311,4d33f4fe066f085bcda42187e58a3207c9c75b9b,0,2,3,0,25,6,0,4,347,264.07
11312,dbdaf5bba8142146b5e070dbcd45c7574a4b04ee,0,2,0,0,26,0,0,0,93,88.95
11313,a78a5d4f186e62f05a1fe0f28e6ef7eec1311871,0,2,0,0,12,0,0,0,267,109.43
11314,383beb02339a7aa74c2b16e171a4e0c1afe2bdcd,0,16,0,0,182,2,0,4,1017,705.67
11315,5973508e6cb00f7e9b04325207bfa6b46f51606a,0,5,0,0,23,246,0,3,1162,319.48
11316,d5853467fd70f22a119ed00166e4523a4907bfeb,0,7,1,1,2,4,0,4,807,361.32
11317,beb64bd5ebd5a0825445e93c6e2cda4acc7161b9,0,5,0,0,28,0,0,9,250,303.42
11318,0d6b43959bb6a576c95549e845f7db5e51229740,1,5,0,0,182,21,0,5,444,368.86
11319,cda7ab32413bba57532f61faced32230b5ffd8a9,3,2,0,0,0,39,0,0,317,238.88
11320,dea42268e9acbbe614fd541617acd0efa430ae27,0,0,0,0,0,0,0,0,0,1364.33
11321,16de60062b78c3e1582378874281f41b3e4756f7,0,1,0,0,0,0,0,0,488,67.72
11322,bb6fd8281654be2a4e03a04c09e755525ec058ca,0,1,0,0,5,0,0,0,58,51.99
11323,40b6efc7a128fa5089b6bc088c512f22c9b80d89,0,1,0,0,9,0,0,1,93,79.4
11324,4cfe3ddd1ca1ad4b6d9158356d343fc47dbdb23d,0,7,0,0,49,39,0,3,1142,397.97
11325,0f47614e03285545e34b84805556865218643a2e,0,2,0,0,52,29,0,2,947,261.84
11326,3005f0466cc44df4d5d080e314745f9b5d96f44e,0,9,0,0,13,0,0,0,1504,401.46
11327,1b99d5383d831025b19cea965abc888199c5f2b7,0,14,0,0,135,48,0,15,1437,917.93
11328,e9afee736acaaf8c74c66c52fa651d565cd48b10,0,2,0,0,1,0,0,0,118,56.06
11329,26431ec71bb65bd9a80d7674ec573aa0a71e901d,0,2,0,0,18,0,0,0,381,104.65
11330,a0d441f8b3ce287c9a380238a1d5dfd7554ac8ee,0,1,0,0,0,0,0,0,199,39.34
11331,58e0cf8e37aa7f90493a78c810d1b11d0813bef2,0,8,0,0,4,2,0,0,147,121.68
11332,6825f803de17f87007e0531d82baf14bdbab2fd4,1,18,0,0,53,38,0,4,2591,949.22
11333,7e77a662a7f84c086c1c307a025a7ace95002b0b,0,8,0,0,108,21,0,1,1810,548.97
11334,7af523dd130756b0bc1da38246d2daba44880a05,0,5,0,0,19,9,0,0,904,233.9
11335,81bd77d05f2372a3f893fe259f0392ecfd12eddc,0,3,0,0,5,6,0,0,74,116.16
11336,9356c99b4c3623f96e9df3a628bfbf638ed9bad7,0,1,0,0,0,0,0,0,96,21.44
11337,bd521c1665ae0e35ec985f1c45eceaf0c729bb87,0,4,0,0,21,11,0,0,80,165.36
11338,d4bd2d6ee64ba83c42981e4e62374fb962bb71bf,1,1,0,0,9,0,0,0,41,107.12
11339,be967fa1f71bfefe37db3c4a7e0e8a954b30df8c,0,2,0,1,178,3,0,12,461,264.19
11340,27488a4ae3773d02281ebcd138a37b780a5ae1ab,0,1,0,0,0,0,0,0,448,1340.51
11341,f3ba8b4701f4c290330ab1e142b608a49f1490cb,0,6,0,1,1,5,0,1,408,246.51
11342,61859a8f46f957e376340010962b8ca22e3e8709,0,8,0,0,10,13,0,1,250,274.93
11343,5139282e7f48ece00528c6ade9480f10fa3dd54b,0,15,0,0,20,1,0,3,1494,499.25
11344,b8153d3b7dfdcaf4660f1531b3e984a63c5c1741,0,0,0,0,0,0,0,0,0,42.75
11345,5bc914ec423bc9b072c51ce07bf8ff8614ae24b5,8,11,6,0,26,0,0,12,753,1080.57
11346,9fdedf552822d27efbd36f87d21b9b0f2637b757,0,4,0,0,0,0,0,0,139,45.55
11347,f631df94dd582b40298b60f175c6723d849a55cc,0,2,0,0,3,0,0,3,759,199.19
11348,1489cb072ff0b1d6e6465b5c49a6fb9682ff8134,0,6,0,0,0,0,0,0,400,81.91
11349,533b08e127dfdc1c528362b7c4853f5a94ac3db0,0,3,0,0,1,4,0,1,1285,247.04
11350,1858ce21975d0e99e59bb663058db69cb6a7769d,0,1,0,0,0,0,0,0,35,17.51
11351,5452bec29f2b558c5e7f8279bbad3841238f5318,3,2,3,0,0,0,0,0,395,360.97
11352,c00717ec8ad1d4f6f7f766c17b782937021e8b4c,0,10,0,0,53,3,0,2,1058,457.16
11353,59ac51814c46d790f1ae030e1a199bddf00a8b01,0,1,0,0,1,0,0,6,152,83.82
11354,2994f0e44b53c85535f2f29fb43d320ace91f6f8,0,9,0,0,109,21,0,11,838,489.36
11355,01410cad50849f1c2d3b5ed5b98cac1884f3e893,0,2,0,0,0,9,0,0,123,64.19
11356,4286fca12faf97e6089c7600896bb4a7af6f9c36,0,2,0,0,3,0,0,3,140,153.71
11357,f26d654f687b774c381b768754b10712332ad524,0,1,0,1,121,20,0,3,12,145.78
11358,e72a5a7ea41b307a0b6393d1988a5ebf90720e23,12,16,14,5,242,100,0,12,547,2132.46
11359,c93205b4abe643d6dd798c3180d68ab8d02eded5,0,12,0,0,177,28,0,27,777,981.82
11360,09208f94b2f877490c86f4afbae169f170c6cff2,0,1,0,0,3,2,0,2,60,1415.49
11361,4ee54776de65049fd4d782b3ca25b9d92feee677,0,1,0,0,4,0,0,42,663,175.08
11362,166e10ff870721230e4316f341da3264b329a8d9,0,4,0,0,2,0,0,2,822,243.72
11363,657d4dfc28b194f5bcbdcb28e5f5a9c69af35eb6,0,1,0,0,0,0,0,0,103,22.93
11364,6955ba77dd11c99cde31c990a4d2c9f8ee57232a,0,1,0,0,0,3,0,0,39,41.32
11365,3820bdd364a86f2acebe54577a36c01499dfe326,0,1,0,0,3,1,0,3,58,102.61
11366,0602ccf1d23c41bdbf335f6fb3e4cc39d7d5d7d1,0,3,0,0,16,21,0,11,349,270.83
11367,6560929dba26c1a725bb7f8e8f35e3b5dafef42f,0,1,0,0,0,4,0,5,250,99.94
11368,08554b9b1733fc148397c9179681f54a6cb24ef0,0,1,0,0,3,4,0,4,344,150.61
11369,decacc9a9ea512aff34b859734bd3fd1347509db,0,1,0,0,0,0,0,0,171,47.14
11370,04ab225056714013fa3bf4dfb590edac7b577d03,2,0,0,0,0,0,0,0,0,100.2
11371,0d47a714854f4cf711262d2f074830165098205a,0,2,0,0,0,0,0,0,11,20.65
11372,b8f3e3a77d23076aff7378820056b3f8d43c55d1,0,2,0,0,44,6,0,7,298,181.67
11373,31dd8c36246c86db3fb07790158a8c9fe373b726,0,3,0,0,14,27,0,7,626,281.41
11374,2405111bd62595e728669ad7753b1aa0be960ae6,0,2,0,0,10,0,0,5,68,145.53
11375,21165ea1b572c05e42a02ff83d32241f21a51ae6,0,1,0,0,0,0,0,0,72,19.22
11376,0703cce058aee1c7f8d5ac8cb95d6c92fb2a8711,0,1,0,0,13,0,0,1,6,73.15
11377,fdc5ed546360fe438f81c564265f8d623f88f02e,0,3,0,0,11,9,0,6,488,257.88
11378,acd4bed27a787b7fa574a909fc00c81e5cb9591e,0,1,0,0,0,0,0,0,19,16.37
11379,44f8c97bd393501d2f384a057b45d3b6d4d41853,0,1,0,0,0,0,0,0,164,31.48
11380,07f08fb19a814cbac03b92e675fe567e7a62e510,4,8,0,0,8,14,0,7,861,1743.84
11381,96b44e9ce78c6f4eed8ebf80bde53a7aba8122df,0,1,0,0,0,0,0,0,19,20.31
11382,99ff931f5e93dd3e5b345330c4c013c33abc1949,0,2,0,0,0,1,0,0,182,71.1
11383,1247e66da2c11bc7bc6103252dc55c7367bd67ce,0,1,0,0,0,0,0,0,174,32.91
11384,3e5a045cdc8a32e1d59bff43b70ce9e36df20d62,1,3,0,0,1,0,0,0,121,175.54
11385,53f9c243c84846097f73c7273bd2bf30c8c15db2,2,1,0,0,1,8,0,0,440,262.51
11386,bc8964c4b01424df6529242053820b89775975e4,2,2,3,0,0,4,0,0,489,343.57
11387,0e3a969298354acf69894aee06974d5acc25fe43,0,5,0,0,51,0,0,9,550,342.66
11388,992f26ff2dd9db78d718ff47f20c848d9706319f,0,2,0,0,9,14,0,1,42,163.54
11389,6e2c9a963179c9bedf4e8ecc5833a37d8195e4f5,0,3,0,0,221,6,0,6,616,308.83
11390,9e916642ffcc9dcc5ca2ab6d8a609ab3894ad960,1,3,1,0,1,1,0,2,223,228.64
11391,8c3f034c69e87e9d6bd3c79f6f80845d2b151a9e,0,3,0,0,3,0,0,2,460,143.74
11392,0e85f549deee27edd465062fc6c3cc156dff2a53,0,2,0,0,0,0,0,0,59,26.31
11393,ce214d2deb763d4596ba60b24cd0783c31050af9,0,1,0,0,0,5,0,0,114,54.61
11394,c9f7a5a1d9edab87895c3e0844f107ceac09fedd,0,1,0,0,0,6,0,1,140,83.65
11395,4259baf7e46040318af98f5d263b3a46fba2ae2c,0,1,0,0,0,5,0,0,135,55.22
11396,f80be71493b0fb9b4f401bdf71a96cc103a2e3c1,0,2,0,0,0,1,0,0,32,51.38
11397,a67c27339aa052aab6c3e1e35966821232c86c3b,0,1,0,0,4,14,0,12,312,146.98
11398,2bc43d51e4290a1507b183498b2abcc3ccf153df,2,1,0,0,0,0,0,0,42,148.76
11399,8cef3e9ee39b79660acf2375ca78cf900acb38fe,0,4,0,0,0,32,0,6,203,180.38
11400,0186e1059db0e7829d6fb57d8b681686bf9b0e43,0,5,0,0,10,1,0,1,518,1532.03
11401,1ee309d7f54e9de130b735b27a7464de1c522096,0,1,0,0,0,0,0,0,3,16.65
11402,3cd091981d77e37700c9bcd31eea01e6dc153a4a,0,2,0,0,4,1,0,1,154,131.46
11403,22d3fe6eee77e1efa7ff37361f40792d0e4b6e1c,0,3,2,0,0,0,0,0,121,88.59
11404,632586f27487836d3b336aa90b1754f150359250,0,2,0,0,23,0,0,0,595,158.85
11405,332d5324549259d5052841a0ec75e815095fa19c,0,2,0,0,34,0,0,0,715,169.81
11406,7bb9a2cde19319cc7d3aa4ffccee2709a6b5936b,3,2,0,0,46,0,0,0,6,203.04
11407,a62641a0918aaedbac6312293cf8826e4d11f300,0,1,0,0,6,0,0,0,21,49.53
11408,2ec51f66932c2071c3f8df67a65a32d1bb1cc14d,0,4,0,0,8,7,0,3,256,228.92
11409,31b3abd91d1d91a341d5752e48d2e2daa447e02a,0,1,0,0,0,0,0,0,70,19.93
11410,e3e4281cda46a53dd2f28eb3f484990e067cf6df,0,2,0,0,10,0,0,0,74,54.48
11411,65777f2d7d17cbcc35bea2dd59fccb4d7da2bf40,0,1,0,0,6,2,0,3,287,127.93
11412,556a88d233caad5fc09cc6cb181e6da98eb6ff27,0,1,0,0,0,1,0,0,18,38.42
11413,22020e1ac15275e066a89a83493c7d9112a7e340,1,2,0,0,6,0,0,0,223,128.56
11414,958663bbd4cf5cd1b892c6195f40f5c7bb27bc8f,1,0,0,0,0,0,0,0,0,78.82
11415,21107c71c4dfa457e77984e851054d1e2e93fb2e,0,0,0,0,0,0,0,0,0,12.04
11416,cbc10053ab7465e11a44b6dc7976dad6f64c6778,2,0,0,0,0,0,0,0,0,156.83
11417,39b7992db59fb55d5408b5528d17c924dfce649e,0,3,0,0,37,4,0,0,248,160.41
11418,d49ee2150afd64e4d2e777f00b911795b20b6da5,0,1,0,0,0,0,0,0,12,13.0
11419,3c8a3ac0e7c5784a125d2bce3d2058fd5d1066a8,0,2,0,0,20,0,0,5,436,176.23
11420,c332bf3d2d6c91edba65214095bfb7a22aa45f40,1,19,0,0,51,1,0,8,1279,2080.04
11421,ae6794018375a33b3f52c710edec0fc9006faaaa,0,1,0,0,0,0,0,0,293,50.74
11422,fff9cbc1e5db8a3dc30c11cbcce88e7eb6324d3e,0,1,0,0,19,5,0,0,41,86.39
11423,f45542335b486e87aec93e3b279adce3ee9d43ea,0,1,0,0,11,0,0,0,60,53.7
11424,a1bead977a99b1c3a2c14478edbcde2aded23854,0,1,0,0,0,0,0,0,36,18.81
11425,bc368967c526bcbeeedc5c5fc0499acfe9e4dd00,0,4,0,0,47,2,0,2,585,227.57
11426,4e3b8cc3142da9694add4893d2713e43fa596a09,1,5,0,0,52,11,0,0,174,304.39
11427,c3c290c1f8c14475fcb916d5b1ceaf89bbd85b41,0,3,0,0,1,11,0,1,296,200.39
11428,65fbb3d0bb1a9cd8468e3fe6dbf2b2b952c421df,0,1,0,0,9,5,0,6,27,110.15
11429,8fa00ef46c444625b6557aa93e4accc320e1e362,0,1,0,0,43,24,0,0,9,100.78
11430,2ba2a912b92197d895adb2e4bffd3f1e796bf283,0,1,0,0,2,0,0,6,52,79.85
11431,410aa962bcba1930c4339dd9d03d0e19b71f1516,6,0,0,0,0,0,0,0,0,316.43
11432,cb84e691525978a9fc91ab211d60c81b96f3b197,0,3,0,0,24,1,0,4,324,196.71
11433,4e4dcf521748538aa164124fd613c9fe096ea604,1,1,0,0,1,0,0,1,8,123.77
11434,685c443a7230dc914f83e793ead83ccd0e46e773,0,2,0,0,8,0,0,2,385,162.55
11435,d6ba651bf1aa4205789efd4d2c45dd04621b77fb,0,4,0,0,73,82,0,30,1100,387.42
11436,d3f1f0674476f145746a6d4627d2d4d51c8b12c6,0,5,0,0,1,0,0,0,197,139.41
11437,7fb9f9bf40797833e13685b7445d91d902c65d7e,0,2,4,0,435,49,0,0,0,358.66
11438,f1c4ddf00a3c40dd451723d80e21adeb8b31fa2e,1,1,0,0,15,3,0,0,51,153.27
11439,624189441b0726c7aad4e9bf4b82aaea1d353a74,0,1,0,0,3,3,0,0,25,119.24
11440,c84f20692592c529247b2e8faef4f62ed7d5bf05,0,1,0,0,11,0,0,2,227,1358.3
11441,e7dab6f27323c98f3e117573ced6f4dec86f93ef,0,6,1,0,26,151,0,0,429,475.93
11442,170a822fea67ed7e24bacfa6a5be503350b518b0,0,2,0,0,9,0,0,6,229,156.1
11443,36aff23b1cffbe3721be5edb11642a69c86e6e7e,0,2,0,0,28,11,0,0,732,193.83
11444,8990e4a2d59f153ddf04f7e1ce1f6c8080315132,0,1,0,0,0,0,0,0,105,22.35
11445,5249249d58814691fbd1fe93e56dc821e0c1f069,0,2,0,0,0,2,0,4,188,102.31
11446,b3ff6ae073e9a5a33ce4487be9f76925318e76e7,0,1,0,0,18,0,0,0,238,85.38
11447,18717431590f1f2768add8dbb3a876df70e6f7cd,1,3,0,0,22,0,0,0,76,188.42
11448,f7ac7b9bc2a1fb90e6f06ca26d18b131e034a70d,0,1,0,0,0,0,0,0,55,38.56
11449,b11536967c87b55e5163add25b5a554c87823475,0,1,0,0,7,4,0,0,12,77.12
11450,82619f260af0b24ff8244a14f8fc84816edae083,0,1,0,0,0,0,0,0,3,23.58
11451,0ba4a2b4cc2b48886d5a7948d631ea7da0068a0e,0,1,0,0,0,0,0,0,3,21.07
11452,55760b1f90e72fb6a35a464ee0824bba4d388e8a,0,1,0,0,0,0,0,0,3,20.61
11453,807bbe8210ba1ce4f3004c67cb6bb78853e97dde,0,1,0,0,0,0,0,0,3,18.87
11454,e9c8282becb947ec230893b3e212153118ffc7b1,0,1,0,0,0,0,0,0,3,18.42
11455,dcb02507c4d07bef2df1d0fb790bba84c5b07727,0,3,0,0,0,0,0,0,175,91.71
11456,16b635790c77c522a42bac2dbc98011b28f10096,0,1,0,0,0,0,0,0,3,20.26
11457,2e9a7f38fa9971958ed3e02cdaa45528e5e657d4,1,10,0,0,95,6,0,17,1144,537.48
11458,5cc4ef8f45a4238e194258f4e6fae85936a24d56,0,1,0,0,0,16,0,0,256,72.18
