idx,sha,A,M,D,boot,adds,removes,updates,moves,matched,wall_ms
0,be7e270c27d84362f44b8e9a079f56dd046d6ffd,0,4,0,4,15,2,33,9,373,941.88
1,4282f7d01c91575a552f99c5c698fc145d4fc9c4,0,1,0,1,4,0,6,1,86,165.79
2,651a138b543d5633917bc852524d8e22d926f5a1,0,1,0,1,199,0,30,19,1726,812.91
3,45584492b16f6271011659539371925ef8cd648e,0,2,0,2,75,15,68,27,571,436.67
4,7baa55c6da6e3f2baf2ebd26e6d7ebc2f7cd440e,39,0,0,0,0,0,0,0,0,1399.96
5,6b749c14837b5a4c4d9a7f87bc2176618b2e139f,5,2,0,2,1,0,0,0,60,313.4
6,dda8b4518e626838d3f0273fae62cc1ac59d6057,0,1,0,1,11,0,2,0,87,108.62
7,2e97965440710901b9223c984b9e14f9e57e43b2,8,1,0,0,0,0,0,0,98,378.88
8,b3e5447b349ef5a4c118880ff3b1236744324fcc,0,5,0,3,79,0,77,15,1086,693.91
9,9799871704a0f5fb43c63462d10c93dec7fac240,0,2,0,1,7,0,0,0,328,138.55
10,81d320b946225da0a8ec9993be11c1be5c0b2908,0,1,0,0,850,223,757,263,1702,603.64
11,7e07f6d52495c3bd88d8344edcaa5688f367961e,0,5,0,3,224,25,101,30,851,893.71
12,57a6725e1202a55076daa95eb72d6bc602a349e7,1,0,0,0,0,0,0,0,0,74.51
13,86c75f17ff42b6b3518d365335beb24e955f1ba6,0,1,0,0,131,101,25,0,38,118.75
14,ae7f9b0712c72bd54212a1859d83712d236e9873,0,2,0,2,0,2,1,0,8,101.62
15,b95207762b16e9c226945c18588892f4908ec725,1,2,0,1,28,0,0,0,177,156.58
16,4737a7ebb00abb2ce321f4a548ed105cbd4ba2b7,0,1,0,1,1,0,0,0,144,94.54
17,24a43881b24ba6178caf9130b270294c16860658,0,6,0,6,25,14,103,39,2087,1094.44
18,a95b83593c7f6d223226941aba1a272631a580b5,7,0,0,0,0,0,0,0,0,158.7
19,9691a93c647d414b863990f44d82408755fae12c,0,2,0,1,44,140,148,65,2434,433.31
20,5b2188c002dd6804566d505021c8b825ed4989fe,0,1,0,0,2,1,23,2,175,138.33
21,f62cbb750af9c8b837f9887b01ffc0f4f2f7e925,0,2,0,1,67,60,41,15,480,329.86
22,ebc7227fa786fb7bd1e4a7adfe3e3dade684c68b,2,1,0,0,0,0,0,0,18,89.08
23,672e761169ef47e2b45450afec2dc95dc64d2c0a,0,1,0,1,0,0,0,0,370,127.38
24,53f09ea0ad96d996ff02851f3d2c8c28c1aae77c,0,7,0,6,93,53,37,18,2883,921.12
25,2d0c4e8ccabf4704c6f5189226b123ccaeb4f92e,1,0,0,0,0,0,0,0,0,85.94
26,7f2405ba73737a913e0647010b7b04098abb326e,0,1,0,1,1,0,10,4,134,147.06
27,879d51ca751f248f97b74e21ead110a3470afae0,0,5,0,2,22,1,54,13,3259,881.75
28,a89c9a19b7d2e292ca6101be4ea865e30552c6b7,0,3,0,1,115,2,74,43,2859,723.05
29,479523ee25bdafc7ec146da843a4b1d18fa43349,1,3,0,2,14,72,10,3,562,440.25
30,ca196fce89c50864208d5717df7726039e94291a,0,3,1,0,72,14,10,4,562,321.56
31,b3d2e3defa2d5b45a777a64dc2f17fe699041260,1,6,0,3,71,91,32,11,863,521.73
32,85e1877e8e7ca21125eacdee8911d514fc46389f,4,0,0,0,0,0,0,0,0,180.24
33,6aa3d8bed524febd78d519a5a00acef0cff4293a,0,1,0,1,0,2,0,0,12,54.91
34,fe66edeb1b886257fc7720ae2064806cea6c5f4f,0,1,0,1,6,0,3,0,3,65.69
35,9bed93f2bd6fb3fddcbe35afc14df2124ad7ba80,0,3,0,1,0,0,0,0,801,159.12
36,b5b15ba0f206e0b10704195cd3ec93b3129f320f,0,2,0,0,28,0,7,1,38,101.64
37,b18a8b8ab2239d6f7792f6e90af80023d509602b,11,1,0,1,0,2,3,0,109,775.36
38,f4a5e678af30db49529cc48d834e520db72a9e83,0,5,0,0,18,5,7,4,1107,296.18
39,1268977a3cf888d39857dc4b2606561e09a98048,0,13,0,6,51,7,79,37,2153,899.77
40,44b5a12e7e1c660201a96f8df2d6f685af06664c,0,1,0,0,0,0,0,0,21,19.21
41,a878c3e1aae11a7ebed1a100aab9c6d4174f3c65,4,8,0,3,87,17,53,0,1049,595.12
42,f11c6a68cad0fac1bc413073fe9eac0004cced61,1,2,0,1,7,0,12,1,683,284.13
43,4f6226f8cedae8812e30d6b8624307e452685bd1,0,1,0,0,9,7,70,21,2469,391.37
44,7559d8999d4e76d881ad64c1b181a9bc1c94a365,0,1,0,0,0,0,0,0,107,28.18
45,94e9d8f3a4336a7b626cbcd730e4d2046f131196,0,2,0,1,4,1,8,1,159,161.57
46,1a7118cdb4eec2fee372e3ddb000d0087b4f0859,0,3,0,0,2,0,2,0,720,159.48
47,330deab41afe941de0a9f6b37c39a4b67c4aee00,0,3,0,0,61,16,88,15,2747,511.91
48,44fc71ab0ad55a1478f1a77c0ab15fbcd4821830,0,4,0,1,14,0,43,0,968,303.8
49,13025a34c3fe56ca47f47b398b6a5f9d146f6051,2,10,0,0,90,26,47,10,1385,736.43
50,1b26afef7b5dcd0a5a0e3d29fdcc6b6f439fcc5d,0,1,0,0,0,0,0,0,177,31.08
51,4ad11d37af1283fa1fb72ddb3c08ce59d1d323f8,0,2,0,0,3,0,0,0,198,60.53
52,aaedf525d8853da3fdc6e409fac60a44fb98ddb4,1,1,0,0,30,4,27,14,170,149.53
53,a275fef41fb6b05325bac27b9a293a5a319b3604,0,1,0,0,8,3,20,6,97,94.15
54,cfc839027765a29e38f84d87c43c2af693bb608a,0,1,0,1,14,0,14,0,15,68.16
55,fa59100f03a237b81057ef7215eb4788280e6b3c,3,6,0,0,57,0,44,21,1262,654.51
56,916bfd3abe8f339373e7cdd07f2d1909fb355160,0,9,0,4,89,233,275,83,3357,1161.49
57,d43122fcc79de08661365b121358b95e63bfde59,0,1,0,0,4,1,66,54,381,125.97
58,c7dc47382c4bf96c2666c3bfb609357c71ee9b02,0,1,0,0,2,5,5,0,302,102.21
59,1cf44fc36668edd8cf60727f11b7d3aff3d3fa68,7,1,0,0,0,0,0,0,130,341.27
60,30e8f8ede0a8eb53f86f805d44e9cfc37eab8b42,0,2,0,0,5,0,0,0,357,117.9
61,7d9da01d417bd869f5ddafa63103d2d523b7182a,6,1,0,0,0,0,0,0,200,227.67
62,3b75c9cdeddc5889a67b682ec7fb47a0b7fcda18,0,1,0,1,0,0,0,0,165,100.29
63,390b7bac99314155d8b650a38789325347f8b560,0,0,1,0,0,0,0,0,0,27.77
64,c49cdfea9d0c323fc2e8e3ffac6094161e6719fc,0,6,0,2,126,12,58,15,1074,593.34
65,d0dd2569c2b01fad6c90f78e98922fb05af56de9,0,1,0,0,30,0,77,38,385,137.43
66,ac018e1a3d0cfe56a319981502fec7c50b6094b5,3,1,0,0,0,0,0,0,200,235.06
67,0388371babb63a3bb0fb32cfdc66ad78da3c1850,0,4,0,0,118,81,217,70,2784,607.36
68,186991a1e0c6f30f09d0b8dfb6b032a8a5e1332c,0,1,0,0,6,0,10,5,415,107.82
69,d91824961c8edf129ce5c066e278229f66bf04a4,0,2,0,0,63,6,57,28,515,227.8
70,cb9fae5acf1b08e7864d134a380dda373336bc86,0,2,0,0,4,0,16,10,226,126.33
71,18e5b9a08f1ea4908525e7425e48c3e3fbc2e904,0,1,0,0,1,0,10,4,2365,336.43
72,f184cd9913d0d043545337fe2f28fd17241631af,0,2,0,0,0,4,16,10,226,107.61
73,566c5c45c2914f349df86c10b26dc6fcc02004e0,1,1,0,0,0,0,0,0,200,80.11
74,23d29c3503c6256934277a3a2387bbf715df8f02,0,1,0,0,1,0,0,0,92,83.98
75,f81b1f75692cf89c09250e7f772c3f4faafc7bc4,0,1,0,0,4,3,14,10,516,153.85
76,ec2d3fb8afe3b393c1ea197ae302321b5ab77dea,7,18,0,11,54,4,165,35,3483,1657.96
77,01b30272d83d6dc9c27cce220d4fdc32cca0a395,0,3,0,0,43,18,9,6,132,247.35
78,418ef2340b0c3a95836409f03e2d33862f18a230,0,3,0,0,31,0,23,6,133,213.28
79,9f37cff913f04067cf77214fb2fd1668711af000,0,7,0,4,14,13,23,1,774,364.44
80,d9c33a41f6d484e2080fdb24fbd6df56c3a015c1,0,1,0,0,14,0,39,21,2372,375.37
81,db5d4c0007bd1a2d5b0670b1bc1eb370a95e2421,0,5,0,5,74,5,80,22,527,533.16
82,136c7777e7067f88729c55ee4b64c7fbe74d6b9c,1,7,0,1,126,25,397,113,2709,831.08
83,fd4aede611fdc170ae14b7993c7f86f01de9b14c,0,2,0,0,4,1,1,0,353,132.95
84,c90e7ff0880e3c45d375f846a1072537ee78caed,0,1,0,0,0,0,0,0,2481,303.43
85,7cdd5c2337ac31bd30afd9d9c13b7ed6a4d6d5fd,0,1,0,0,1,0,4,2,63,76.51
86,2d8ee4b3ee4aa3e64759745dddd66605b45a938c,0,2,0,1,17,0,7,0,167,115.68
87,ae3c37838c5e6fc60c0c26b6b166dd8a81428af3,1,1,0,0,64,54,12,1,77,162.6
88,88d5f888dd4d45604d16f98410f4286510d403dc,0,1,0,0,3,0,5,0,2481,341.58
89,bbe18d88cfc1a97ce4ef72873a1047e0210b0156,0,4,0,1,6,0,0,0,2659,391.61
90,5ba213e1719cea616fa130576d9c1f35b14106cc,0,41,0,16,47,24,49,18,4204,1778.66
91,6e5b72b27b809f1e90a4a3a4c33ca0d59e53d45f,0,6,0,0,95,11,104,21,2892,759.14
92,d02c878b2cbce7753050fde8b2faa0c8a9488bc4,0,1,0,1,3,0,17,8,87,115.86
93,daa4426d2fc7b9de8e592519fd4c318b9797b38d,0,1,0,0,4,0,24,13,285,105.52
94,d0b3df23ed06d36b4c4706e1d0ac475ad1ed3562,1,1,0,0,14,7,18,8,193,191.59
95,13a0cf05d47ac2933e985854d22a725af40c98ae,0,2,0,0,17,2,6,4,268,130.18
96,c2d06e3a68f9ee0a065a37998553398586af4358,0,3,0,0,41,19,168,60,2634,430.34
97,cfde8d162b72dac90f3b03cbd22ba6d1d7104b1d,0,10,0,1,26,37,60,26,4029,987.92
98,05ba23e60bb56d8ebc688642f104e03d6313d8a3,0,5,0,0,19,19,17,8,971,319.28
99,03a8c8bbd2f4e435761f9e5cc2282b3dda9be346,0,1,0,0,3,0,0,0,102,53.34
100,e0438fa8695dc1e55850d2486ee59313abd138c9,0,1,0,0,23,0,0,0,74,68.63
101,caa6486f490011c0f4d0db434173e9f6090ea0d2,0,3,0,0,3,1,46,9,843,318.73
102,1efbe62265a2edf099f253e4d7bd68b4917896c8,7,40,0,22,619,275,779,317,5837,3746.35
103,10006d5b563f54af538e4afcc68c1b9964434ece,0,1,0,0,6,0,3,0,64,54.01
104,480aa9105e3e2720c1a8b7e70df56cdae244f401,0,7,0,1,266,380,0,0,4809,2280.66
105,a7b58f655506471d391fc1ff73e94c1f7d6628af,0,1,0,0,46,25,66,23,2497,468.51
106,13bd0b8542a0af70d353be9468db8d6eb88b5d48,0,12,0,1,76,31,194,46,1711,1354.36
107,de003b8516e13f1b12943682aceb7b71700b4723,4,0,0,0,0,0,0,0,0,143.86
108,e52b1781b3d1ef75a86642672d7f4b393265b7d4,0,3,0,1,11,3,55,31,2780,609.88
109,41a19e8079e02af3118692ae04f3ad62e46ccfb3,0,2,0,0,0,0,0,0,27,24.52
110,197379f7c8ef518e328c58d007139fc2cb59e363,0,2,0,0,1,2,19,18,870,255.08
111,eb3e40c95cba207661acd7f8c5d79cc40625ec9c,0,10,0,6,10,0,17,8,105,614.0
112,5bcda0dcda632007620256bcc654628a81ab50f0,0,3,0,3,3,0,10,5,40,270.78
113,fc6b9c2c331f771695ca7dd06e0901b7bde1ad79,0,1,0,0,15,0,12,4,248,121.49
114,6d803f5f1136227adb340b75ddfadca2152185f9,0,1,0,0,0,0,0,0,268,71.06
115,e406aff5ba995abb04804e3ffd52e91834fb2fc1,0,1,0,0,0,0,0,0,143,30.68
116,d4b42d94a12dc9376ef21e1d313f9fe12ba53eab,3,1,0,1,0,0,0,0,634,461.96
117,8e9cfd27d6b27624cf6d2111120fd8e1f62f14d2,0,1,0,0,62,14,45,11,278,160.26
118,fdf7a47bb6ebfe6f484b8100936905965484045e,0,3,0,0,53,0,36,13,907,379.47
119,318580b7358921521be72befa2ab0757ae2f0067,1,7,0,0,58,9,18,17,3665,786.14
120,616b189b0e642d5a9327147b9b190bb936c66481,1,22,0,3,183,92,401,134,5888,2574.66
121,c28c16d669fcd657a1ccacca93bcede6c30f1ff4,0,4,0,0,3,0,12,1,646,233.14
122,1a5790987504b69796ab85a15b05a70502c52521,0,2,0,0,33,0,18,7,298,159.45
123,cf7e761dc3a3de6a962fc5ee7c85b9c687453ae7,1,4,0,0,27,2,99,0,607,309.05
124,03c945b5902e5af7d637b76e2b4e1905647c7f35,0,1,0,0,0,0,0,0,53,21.08
125,204bc9aa39aac070d1db802a8d61c9741ddfff08,0,6,0,3,39,0,60,35,1009,690.02
126,8d7ecbf5429ec5dd7dd59ddf993a330d46711651,0,3,0,1,2,0,5,0,193,130.4
127,ad4e7bd453b1671f4f6d3a81e6346fd805f78c66,0,1,0,0,4,1,20,8,180,111.55
128,68c048b4d9f3f75c0346347821da73f71f0e6ef8,0,1,0,1,1,0,9,8,56,99.99
129,b50dd4810e27d4943f565a219b0f4348d8fc5fab,0,3,0,0,3,0,0,0,438,101.18
130,a4f7edb08539636ec4037b162d399a102991ba20,0,1,0,0,0,1,14,0,346,114.96
131,5fd6e4b2618a79e67fbdaa2591e9fdd85662624c,2,0,0,0,0,0,0,0,0,135.35
132,635cac95dff3ac1999a2ffb37dbdc872d75c5706,0,1,0,0,1,0,2,0,346,99.28
133,af00f4494bb6196721eac48226c504a63e30d2fa,0,1,0,0,6,0,11,4,347,130.34
134,17a5fa8173749922c21e949b5ed3675d1fc3545f,1,1,0,0,0,0,0,0,216,91.08
135,4671f11d927ee7801bbf4bde7bc0cb4f08230d6b,0,3,0,1,66,62,4,3,251,244.49
136,52558de20f2e32fcb28f00e32d3812874923be25,0,2,0,0,0,0,0,0,166,49.02
137,7a5ad218e0b609feee62323997ce15c7eda90b74,0,7,0,2,69,565,167,67,886,902.9
138,5036cee86430855f1ff9b2d06bbafa76319371e1,0,1,0,1,97,0,1,0,25,102.98
139,e0118b828b0d8b5c98fbecc86728c706ef56b5aa,7,14,0,0,137,102,168,31,2477,1342.28
140,fa9706f979aa1a405d0406687606e69a123e8a8e,0,8,0,0,49,1,15,0,1150,601.52
141,eee563beceb8b6e63f775814c0cc136bb0ce1492,0,1,0,1,0,2,0,0,47,71.41
142,109168beb564e5c40e036bdd8d467d5f901a6d5a,2,3,0,2,43,4,45,6,92,317.88
143,d71b4be3b7f33ac884ffbe9a6888d162be8bf3c6,0,9,0,4,549,11,698,221,3247,1380.87
144,85614e6214073bf6b5932feea1550f67ddb15492,0,1,0,0,0,0,0,0,386,68.22
145,2b9b70258598961171e803b51f9cb09376e0a2a2,0,9,0,1,167,6,200,59,3886,1104.9
146,813828cf558b9df0443e529f6d32382cac15eed4,0,1,0,0,1,0,0,0,401,73.8
147,7815ca98ad6d134d682231bb6c9818a356573358,0,12,0,0,268,94,122,42,1997,913.48
148,a6f2e8d82e61f1df901d906635c10b0b8e997286,0,18,0,6,407,211,335,73,9143,2779.01
149,82ee6e9e708a94dd7eb60ec21d5c97c562f12cd1,0,2,0,0,4,0,12,4,609,261.06
150,d296e10f64eadff4d5e25ccd09e2847e413b23ea,1,0,0,0,0,0,0,0,0,54.25
151,1d3ffc213517f9276b8093aad953c30ea56951ed,0,8,0,2,94,51,100,29,1729,851.47
152,be5f46195d5c24f600ef33236fbe7dfd9eb55f27,0,1,0,0,0,8,4,0,378,150.17
153,8f09808cd7b29e1855792f56a5e4f70154d64998,0,1,0,0,0,0,0,0,420,78.55
154,10a045c87a4b7a7ea9be8865dd298415744d2d07,0,7,0,1,272,10,43,19,3679,891.63
155,c4d556a4f791abf70506ea8ecbc9ce882e44c150,6,5,0,1,29,3,47,19,674,823.81
156,53201a87ca75dfe5e76e499b93540d6c7cc9bb5d,11,17,0,9,114,86,9,0,1696,1274.24
157,ab4d26f616d7eadea61622f75cc63a59e7ae9363,0,3,0,1,40,0,3,0,54,126.55
158,12d658bd50f1dfa2b5f72c424b59a6a1e1193bff,0,3,0,1,100,55,325,86,3322,713.68
159,8b8d0e3fc77cc3cb4c445a6c15400d6630430ae0,0,2,0,0,1,0,28,5,310,120.77
160,dc3dfeafd30787ae03553164ffcdfdce1ede25b8,0,1,0,0,101,0,2,0,5,108.14
161,3ff8ede265ca28e9c691f3d8bc36372baf1a2bef,2,2,0,0,100,52,2,0,222,278.83
162,4605c3a3e8f03e32d39bef10d6d24222527f8046,0,1,0,0,0,0,0,0,136,32.01
163,3df4aea97d1d871c212df91c6441514be863e096,3,1,0,0,0,0,0,0,203,220.31
164,76b45d415cc50417a7fcddf2b090c2e5150cd4a1,0,20,0,0,391,495,441,183,2047,2074.66
165,3d945501deb92041db913f8e3cdf5e73be939ec1,3,4,3,0,3,0,7,1,834,512.34
166,9f0fa6880000e88936ca90577d7b0004548d92f0,1,1,0,0,0,0,0,0,203,125.44
167,6bd782dd0db31dbc7b4603a9e72cdc1782d7cfd8,0,15,0,7,249,6,202,94,3768,1310.55
168,34576fd4b1ed6ce63b68f89cff9ac1d6563bc96c,1,1,0,0,0,0,0,0,203,135.3
169,31625062d4b5751a9742f026839b3be0cfe9b41e,2,1,0,0,0,0,0,0,141,174.57
170,ae082e8525f084369a2223dd024724fbba6b68d4,4,1,0,0,0,0,0,0,203,180.06
171,e3072cc3dc5ce78be5244bffa3112a2b3c3d17d9,6,2,0,0,7,0,1,1,223,411.47
172,7df12c352563498927648e88cca803a14e967026,2,0,0,0,0,0,0,0,0,110.8
173,81696eccb24b424604ae5ef9932bc86ced7fe411,0,3,0,1,59,32,67,28,3374,743.35
174,4b207ed8dd47cf3d424d08d5ef098732ba463620,0,2,0,0,11,1,11,3,393,147.75
175,3147304b77517798b9edcf3778f8415f5d73231b,1,1,0,0,12,0,0,0,203,167.87
176,7bcd4b0c8a8ad264dc16656e4bc60cf6499f3d33,4,1,0,0,0,0,0,0,215,353.15
177,b7ae081c194486b16b0618388b8d512299f02d34,0,3,0,0,75,2,39,4,254,296.86
178,82afc9e5e455c0cb06fa0c9072e61b5a801f3efe,0,2,0,0,0,0,0,0,612,79.69
179,50af3468cd78a126a63c6d33c05d16c4aad1f55f,4,3,2,0,0,0,0,0,636,430.62
180,fa0aa430cf96b5dcb2c6863390fde111660a2dc8,24,8,0,1,75,27,152,41,799,1676.88
181,601f872f025443157f6fdaeacead23fcb0ff24e3,2,90,0,36,76,32,96,8,2577,2244.98
182,8a5254f2588e375188a8e404d4738728c7355b06,0,1,0,0,21,0,49,6,138,121.44
183,e5256a6d29bb3b403b4c564b93642aff52d29b8a,0,1,0,0,7,1,12,1,318,179.49
184,2d5eca729be644e6d37535b28fdff2f3139024a0,0,6,0,1,1367,698,713,254,4173,1762.46
185,38b610df33e95aacb968500be966d1ff03ae93b5,0,10,0,0,0,0,0,0,1144,254.72
186,a818e0c53864cf23be01f36c11c27d7d3e9089b8,0,3,0,0,156,16,205,73,3529,694.54
187,986f58d845d9c41a9f3910efa94ec8b7d2aebd70,2,0,0,0,0,0,0,0,0,66.42
188,f5c5862539cb8eb5934c5ed5f582d03342c0ed53,0,1,0,0,0,37,0,0,3090,554.14
189,3a59d77e3d5966435df917ee006cc77c735d0c5e,0,5,0,2,245,1,126,50,3586,800.69
190,6cd73afcf9608caa5f5ce3ec5e92352c79e96643,0,1,0,0,16,1,10,4,116,110.56
191,678043f996f4d6a13016e1e462485f491850c347,0,3,0,1,41,4,55,19,752,409.95
192,2450e13b30f79bc6ccbe6af7f45b7ba2b4a60b0f,0,2,0,0,48,26,37,14,561,182.16
193,3fb11251c77de65684d4f711c553a7ac35b1cf9a,0,1,0,0,1,0,1,0,82,107.25
194,db527813d12741b68e8f7c311e7c7f411c3ab1c9,0,4,0,0,163,64,11,4,3452,818.19
195,ddfab2213db771b738d1f971e36e664f5a02f4ab,0,1,0,0,0,0,0,0,426,74.43
196,4748f067b358c30080e780183505e6c40a2ca1a4,0,7,0,0,178,28,5,4,626,540.48
197,5a6063861a25e9e48d56d02a1d9122a1e9c1b286,12,11,0,1,109,21,210,74,4287,1885.81
198,5b0ff1dfc002dd8f20b5ca48bc98e6943708b392,0,1,0,0,23,0,0,0,375,96.98
199,2b06e6281bcf8521ff845b592ef4411c6d5b8700,0,1,0,0,6,0,32,12,175,93.16
200,c78f14649f66eb9adf7acf074655143ee729d6df,0,0,0,0,0,0,0,0,0,37.22
201,99e59863087d67c4ef1f20e95756ef652cfb20a4,12,17,0,0,23,615,61,11,4270,1801.11
202,d2bea05454f0e10a0a0675f082d9da036e382b27,0,2,0,0,43,0,9,5,143,179.74
203,2564ae336bd11f8ac7917380be1f757b2a24d536,1,2,0,2,2,0,2,2,39,160.47
204,b9b5e66a5d457bd896710b32bb09b549d7210f52,0,1,0,1,0,0,0,0,54,42.47
205,298009920440997b120164d1bb34c27aa9a80197,0,21,0,5,27,2,55,5,1856,698.07
206,75577f00960732c77140dee5d0194891f1300a69,0,13,0,7,20,0,112,70,824,984.16
207,99bd72cff67018a6d186eb6884a385b47d0a9840,0,1,0,0,75,34,57,11,232,163.69
208,4635aafa2c8671d87243e852bf7a47384a978797,0,1,0,0,1,0,0,1,364,119.71
209,7d447553ea83a03b7360a1e642f1a2a73340ae34,0,3,0,0,1,6,44,19,900,272.47
210,3545274e93baef76d87fad2e6a6eae09191f5b61,0,6,0,3,93,2,13,10,3668,803.81
211,80a88e6d740608c1036867cc23685bbe95f482ab,0,5,0,1,23,29,19,6,565,367.07
212,916e58a92463f27683b0010a94d01b5ff5cb5b10,1,12,0,0,242,19,42,8,2134,749.22
213,4ec3e84e3dffeaf2c7684c34cca9053bf7f48037,2,8,0,0,129,27,98,23,776,455.64
214,7253a45c071b1f679baf6cf9187098f149c73942,0,1,0,0,3,0,15,7,368,113.28
215,b0d3e25854edb6483d2cf98a3928d9baffa8caac,0,25,0,2,433,261,67,20,2741,1322.22
216,311557f57188a8cc712f00f76eb26d0742fc37d2,0,1,0,0,0,0,0,0,3185,393.31
217,1c7978dbaffd87bc6dec9d0c902a69a5002c9791,0,1,0,0,0,0,0,0,91,28.5
218,e605e0a4aabb2a2fbeaee2ca31968c14ccd325d4,0,1,0,0,0,0,0,0,136,30.06
219,cdf7aa413aae0c86b00fa016a5332d6058c2dc6d,0,1,0,0,1,3,15,6,33,88.79
220,484df88baa0cd1b7f8493c7c7bfbf459a9746417,0,9,0,1,180,5,39,9,706,683.1
221,a27110498ebcd1c09fc739fe8d88225a9f459eee,0,3,0,0,56,22,19,3,176,206.56
222,bf33274563af61c5a47d344d0dbafcc5ae683a8b,0,6,1,0,24,71,146,38,3913,727.82
223,08de6017f370c5cd2675e9e320268296615609b7,1,5,0,0,30,11,50,18,3689,733.91
224,78c1c8e7a64988cfb5d3e6947c593c4f9cfc71f6,0,1,0,0,2,0,4,0,107,63.26
225,f208e3637532f5e0a3a0fb9a744dd41214d12809,0,1,0,0,8,0,4,3,284,101.82
226,d20af665b4fcdd7e48bb9ac4eb8fc75d32ba60d1,0,1,0,1,0,0,0,0,196,79.22
227,394edf2de9331144e3d65ec45d27d6229989a881,0,1,0,0,1,1,8,1,158,95.67
228,c160813b3cee5e131fa1821b4c4132fce77383c5,0,6,0,1,27,0,22,16,1522,416.31
229,db5c0680e568f48627348d8940b16856ea1c21e1,0,2,0,0,2,0,0,0,428,94.51
230,8f5c35f6bee07877ed72493f6b9d452499d321a9,0,1,0,0,6,0,0,0,6,40.83
231,5ca3b5e1910eddaa3534e1413e42d75ca91c248c,0,1,0,0,0,0,6,4,489,105.48
232,5cfb9fe6188a5099390a81582b9805b0fc145347,0,1,0,0,21,0,98,22,443,129.84
233,ef9a6bd74b4b43208d4a447c1723a410bbe56855,0,1,0,0,0,0,0,0,353,68.98
234,87a5f2066b77eaeab8cb63d3d46f0dfe838c4890,0,4,0,0,34,201,30,8,712,309.22
235,fbfb7e412d3dd5b6705a7ce03939e179078c8286,0,1,0,0,1,0,1,0,464,112.37
236,0fa9552b3526a41c5f4da07114de0714ed4cfdf9,0,2,0,0,26,2,19,4,500,202.48
237,e4efec22d3b77ef6def97a472834a767ab3e2ac1,0,1,0,0,34,0,0,0,103,56.96
238,e362f25c712af00b133a03cfc8fcd670b09c2466,0,1,0,0,0,34,0,0,103,49.21
239,eb8fca15b1443db0a65a28be5c0ae1b46839d471,0,1,0,0,0,6,0,0,1,27.84
240,f0b9f4718aca802d80f15014cd49e54f3d04f52f,0,1,0,0,0,0,0,0,90,57.35
241,1d44c56870bcc27426658001c026a2a9d560baa2,1,7,0,1,71,6,32,7,685,395.91
242,19ce06cfa354d307c6977d407e9558a0eed14971,0,1,0,0,0,0,0,0,520,73.93
243,450caac6a5e1a9bbbc8262f1b3e85e2139a3246e,0,1,0,0,14,0,0,0,211,72.22
244,af0ecffd6dc8cda7530186605b3a6ca3e7019f25,0,1,0,0,34,0,0,0,103,62.47
245,7d7702e14744dfb7a2621c391cd547af93d4748f,0,2,0,0,6,0,0,0,174,60.48
246,cb4612eeaad813e578430ee2d68c7028ad89c417,0,1,0,0,0,0,0,0,126,36.15
247,ee7edafe75dcc0b457347c7fabff05271290eb4c,0,2,0,0,267,0,117,45,3183,512.2
248,fafc87fcdca4a257858b49a6cc62b61b3b8115e5,1,3,0,1,80,12,49,12,748,338.13
249,3246b0a7a82064b36e666f4615fe44e15a9b4909,0,1,0,0,3,0,32,0,3407,456.29
250,e45d339d8958fe09cb54be1bb81846ee8ce09c4f,0,1,0,0,1,0,4,4,43,75.24
251,4167393d654e2470a825ca6c3dd4faff42efea97,1,7,0,1,33,58,32,11,1487,544.48
252,9e98411be596a92f7baa292be29cc89613962632,1,1,0,0,0,0,0,0,307,107.4
253,641ef8305e7d1d57db40838e090bf4b0a0fae946,0,1,0,0,10,0,10,5,476,146.69
254,5393343e6278dfab8be6b5b14338dfeb407819a4,0,9,0,0,238,8,164,60,4340,1000.99
255,566abb4c955a2ca35232bfc7055a88f055705ebf,0,4,0,0,3,4,3,1,734,192.8
256,0149ea50546ab5df9aa41d5d5bde6b963a11fda1,0,1,0,0,35,4,28,10,79,104.51
257,fa61f17e16a773d184139bb86c5901b8ee94e0bb,0,2,0,1,6,0,28,4,186,123.33
258,9f1b5af894e1467fd3e0f11a2a003264c6cfc071,0,7,0,0,99,1,45,18,4196,785.15
259,df1967f9a88fbb64351c3e97c540f36bc59f6c1a,0,1,0,0,36,49,13,2,245,143.38
260,ac45e76e2f24de70e275749eba3dab2151816d38,0,1,0,0,48,0,20,11,645,189.1
261,2c344d0ce9a2a6c7047b9633b24d3f5d6fe95f57,0,8,0,3,76,0,16,7,619,260.66
262,49037546352ca7f7bd2952ce91d9371b93ea3803,0,1,0,0,1,0,1,0,281,84.6
263,b7e68ad98486aa60e8eb3b57580c24b5a71bc443,0,2,0,0,70,0,10,3,307,188.67
264,601cbc4db9b6d14a04e74f9ef21cd4b47cb22bc3,0,1,0,0,7,4,22,13,504,146.55
265,fc61c707a5fa27dbd7cf1049b06faa25e51b2e90,0,1,0,0,0,0,0,0,520,74.99
266,a0fa8915f73ac18cd9b097606957c84e1c3bbf7f,2,5,0,0,75,3,74,20,1363,552.25
267,3c3cb5d9113fd29242a613474b7c049a859ba300,1,6,0,1,118,85,260,90,4155,928.86
268,82a05d61622c1c5137c2ef8ed5077e1b79143811,0,2,0,0,4,0,16,3,418,133.88
269,46ca87a108fff4d858b4e6490a840533049c110f,3,12,0,7,162,14,206,81,4270,1354.55
270,935822b511e4d30d38d1ecf8dedd4914f7b4ac72,0,1,0,0,0,0,0,0,278,55.0
271,5a8336af73a143b0a65cda2dfbf5cd050efc2b40,0,1,0,0,0,28,61,17,281,105.16
272,6d2a2d5a663b6625c23811231c4b48134d4265ca,0,3,0,0,0,0,0,0,146,50.96
273,2c9813ad4148285a3bb55a892ce5b344d429cbfb,0,1,0,0,9,0,9,5,377,114.29
274,7dc7db0526e7ecc2949b469ac9f80421528f5294,0,3,0,0,9,0,68,36,4298,664.76
275,ed204d40339e37b63e4f3d0046996883489e2902,0,1,0,0,0,0,0,0,114,27.97
276,4e53adc6311884980dcb00ea3847e658a2cb8a91,0,2,0,0,1,0,17,9,3762,532.78
277,62f079cb5622a3f84769375d5fc2b73c14585f43,0,3,0,0,32,3,100,40,720,279.84
278,2fc533b7a3bb9867257aaec3def9dfa3fb30fb60,0,1,0,0,4,0,10,0,103,62.64
279,79abed9c5e65d176683b68d1fcf3c3dc7aec030e,0,1,0,0,0,0,0,0,3719,459.2
280,b3c2e024116f52c81d2554c60b74820a58840658,0,1,0,1,0,0,0,0,37,81.74
281,66528604624cf977a04faae38745726189841dbe,0,1,0,0,20,1,69,27,3718,543.05
282,e78a37020dc9f61dec7aa5eea54afdac43b89dfb,0,1,0,0,12,16,25,4,66,106.76
283,228334634f4ed28630757fb6f1d61adf933df3fb,6,6,2,1,69,26,113,59,988,734.69
284,dd2918b9ffb4fcea2b77471068d274773d7bd054,0,2,0,0,0,0,0,0,658,115.19
285,1e287d7d98230ea278d8be99b561007f661cb6ff,0,4,0,0,0,0,0,0,494,94.09
286,680e6c469b2d21e26e0421e77f171350668dd91a,0,4,0,0,30,10,22,0,343,161.26
287,69a1eeb5107bb928a2fe817b493d789a854b5d67,0,1,0,0,2,0,0,0,91,49.1
288,86ab5039fca669ea367fb338d751d7cacfafd3fc,1,1,0,0,0,0,0,0,326,105.68
289,a9b3361dc3ea8612aa682d2062ac5ea78db2f349,0,1,0,0,2,0,37,6,69,76.47
290,2ae454ccb23276c6c41f4ac25c47710c046d5369,0,5,0,0,48,2,106,39,1158,453.06
291,b70cd2dac8047bf1d225c87e8d84f73456e57008,1,5,0,0,209,0,0,0,5378,1262.11
292,1865adbb8b4f934560fcee91e8f5753a8bba347f,0,2,0,0,4,0,1,0,141,71.88
293,2e95b5a20fe746bff525db783cebdf54187bf166,0,4,0,0,27,30,9,3,763,244.12
294,a112e3dbd0c72ba5ff65320224fa29033b4e6f51,0,1,0,0,2,0,16,0,181,90.33
295,c3d5c418946863668b79053d8ce82e4c660eb821,0,2,0,0,5,2,67,16,260,147.57
296,55a948f0e251644fa4a6ed00ef2774d88a7ca93d,0,8,0,0,1,0,2,0,1191,247.93
297,6ab5f480076fd8da214f09848a6186eaf4cde32f,0,1,0,0,11,2,1,0,8,69.44
298,eac32e46460ffaf8174f5a8e2d178f35c56b6e66,0,2,0,0,10,27,26,8,589,200.66
299,b9fe36b5872667ce7a3d0dec8842b2b8c788ab4f,0,33,0,24,22,0,142,17,1623,1223.38
300,65e7b551252ade12f19b82fcbc7ca7d858905c87,0,21,0,0,0,2,128,50,1019,367.0
301,c82e824acedf237e616889983fcdde1a64fde3d1,0,62,0,26,242,17,96,33,1358,1512.43
302,af46732caff1b14aafc3c37c0018be5baa881175,0,56,0,14,225,70,405,161,4009,2021.41
303,bab2c526fc7523880700fd33d963748e09c56ccd,0,1,0,0,65,0,7,2,132,100.99
304,da7694b77425cdf9d150c71f9f2c80897d46f491,0,1,0,0,83,3,81,7,483,194.24
305,364f2d84ab40612d6ad3d99dde8f69311aa5acb0,0,1,0,0,190,61,621,214,3677,607.25
306,2d1933c197cd7735d6118637d79394991288d05d,0,3,0,1,73,23,70,35,913,370.58
307,e8ea2afd558c4df310c0ef1806453be19d317c24,0,4,0,0,16,6,77,27,4451,782.83
308,9e9b334cd896784fdbf28cff596e4bfff5c8f979,0,2,0,0,2,0,26,7,412,148.52
309,30a73ca95df4d738f6be145c5e8051f14bd87f2c,0,7,0,0,104,7,64,9,5077,1068.64
310,086ffad15aaefe99dbcc28ea5c1148231a203ef2,0,3,0,0,13,0,20,3,890,309.14
311,ac6da6b4a7fd249c8a520b463466f53547a0847b,0,4,0,2,26,2,161,58,1040,448.31
312,f7d2250a7483d67c63a3ccee8c00ad850bdcccd2,0,47,0,6,205,55,354,131,11256,2939.27
313,d4b47d645ff9c42c812bd03979992a6e91fd5a08,0,1,0,0,47,7,21,5,86,107.32
314,afc029632ef886d92cb29a6898737a74c3235189,0,3,0,1,38,10,32,7,297,211.31
315,e63ff056f001effd57d04ba4df9c5ba7561ed931,1,10,0,1,158,94,165,58,6409,1473.01
316,391b16bfcfbacdd6d6ad211834361ed3268467e6,0,21,0,12,145,10,141,22,5857,1590.22
317,1d17ff0b5420bf9607442658c5609ed2b5e8ab8b,0,1,0,0,148,0,0,0,31,68.86
318,3016652f48ce4e267bdce5271d48c09ed1124fd7,1,1,0,0,15,0,8,4,326,176.65
319,de84e30fe92100048ae849dcc35476392a6cd1d3,4,2,2,0,10,0,0,0,677,402.25
320,9bc94da9392dba29627b7e5b9153719827b616f7,0,4,0,1,60,35,304,68,4201,881.01
321,718a2c47dfe5771b5ac088f0a73e99884b856322,0,5,0,0,313,1,33,5,5587,1299.24
322,a0f6ddc723e34acf02f05968ca82e29fbf3c1320,0,1,0,1,0,0,0,0,63,50.42
323,a206ef9ea1126cb4ab3239853633546e93b6f3f8,1,11,0,0,13,27,18,0,1298,443.68
324,ac753e4365a6b1a7fbef74baf0c273a7864ea543,0,1,0,0,1,0,26,11,3863,525.34
325,230905c6bfec4a9f7bc8f4399d59fddb49ac2a94,0,2,0,0,125,58,29,4,708,283.35
326,159b42550d2fe35679f287e1198b7379782a05ae,0,1,0,0,2,0,5,2,216,91.77
327,55dad1f3faf3c97a2b61e156292ca76148ebb334,0,3,0,0,9,0,38,22,346,156.39
328,ada51ee2c3e916186259ffcc47a647148ffaee6a,0,27,0,6,283,88,305,63,2911,1561.55
329,9064acce994b27be8404718dac1cc116cb311f47,3,10,0,2,105,24,155,48,1517,830.02
330,96ad5bffe267ebbea2aecfdfa89c7d70cdada802,0,7,0,0,63,0,53,8,1042,389.37
331,61fc02a2834078c7cf8e418d845e6004c69da97d,0,1,0,0,2,0,1,0,500,115.5
332,ed81bc5ddefde8f0363e104823f57627a4f19d94,0,5,0,0,106,4,103,13,962,396.57
333,ca2a664460c3e04204b7d9f136a74ae7addd8321,0,2,0,1,16,0,24,8,274,170.95
334,6625e9e744b46ea820980afb1f45eaa62ed5827b,8,1,0,0,27,0,29,10,557,392.11
335,dbb4e51b8d296b40fc9e5c6b074a34a336369c89,0,2,0,0,261,0,115,47,4041,633.17
336,34d70e09b2886149bb1f9e0cf88b07bd563fb452,0,1,0,0,5,17,4,1,86,101.39
337,7e5ca3ea93c8bd156a264e1bf7f364b5faddb626,1,1,0,0,0,0,0,0,341,130.71
338,ff3f6853a2aeca3bb2b1ad8e66c1739b85f9c342,0,1,0,1,2,0,0,0,12,52.71
339,a4feef914a2f420f4a4a07d9923ad4d795e0dec4,3,1,8,0,7,9,4,0,134,355.09
340,0900bfe1fb385f55503fb722fc7366dd60bc6e24,0,19,0,8,59,30,75,20,6678,1644.9
341,5b225d3fb42d3dee3779da4b5f47165562f89738,1,0,0,0,0,0,0,0,0,41.79
342,e3cba1e5bd884ebbacf720801128372be34d0996,0,1,0,0,29,0,20,15,91,89.63
343,01a8b73c87dc9668c22cf655993d62738d483a5e,0,10,0,0,1296,48,188,28,7496,2302.12
344,84efd662ac4a72b69754676770e67f08c9ec654e,0,1,0,0,2,0,8,5,238,89.8
345,21cced0c8b8e8c184178c6e39d4e5ff05f376e83,0,4,0,0,149,56,313,108,1166,480.1
346,b7f6edef34b4c060dbcb4f44da63a8c8f3c03a0b,0,1,0,0,8,3,249,67,4132,612.59
347,3f919bda93d9c7b927ac3f34be38ea4c865a00fc,0,1,0,0,23,0,0,0,425,85.42
348,a122b1147b6e512e5d26749f99c1fcfff67240e6,0,9,0,2,49,9,100,6,5465,1112.53
349,22dc49f27539a12a7cfe478e92f6eaa208724b66,0,2,0,0,8,0,21,11,261,168.43
350,b24ab36183359e66120f58a13c4ac7f37f5130bd,0,1,0,0,2,0,0,0,115,49.12
351,4d1dc716b70024b505702805dfd45920a6b159ad,0,2,0,1,22,0,15,10,372,275.52
352,3508ec7959946774671a3b6f15ca18971084917a,1,2,0,1,1,27,0,0,508,187.28
353,1448f4ac6fff085149ac50cd64a1a6e3c8e3afb7,2,1,0,0,1,3,14,6,78,130.62
354,4e0a857d6192969aa6e8832d2ed7939b248f2ba8,1,3,0,1,4,0,0,0,244,210.41
355,fd4c1135fef01add6450d381efd799527a00195d,2,1,0,0,3,0,5,3,124,181.13
356,0227b4bfdd2b886ae8f2ed63cd7a490bcb49523d,3,2,0,0,0,0,0,0,14,119.58
357,cf1e6549e552bf76606e287dd3f223806feba1ae,0,10,0,0,222,68,127,31,2026,708.56
358,998f3320bc5538d2e6b2e4e19e611c3a8d17bc56,0,1,0,0,7,0,5,3,117,80.27
359,bed52273cc9b1a93b800cec4cff94abeff2b932c,0,9,0,0,29,1,47,22,1735,509.14
360,d78c284bc1039cdabd3b42a7d27c332e2680c7b2,0,1,0,0,1,0,4,2,17,106.23
361,3d6451bce8d5c6435df1f0e82e7ad22af38a1107,0,1,0,0,2,0,4,0,39,54.09
362,6340b22301915770d293865b6d46d2230f4465bf,1,5,0,0,49,0,30,4,1192,387.91
363,2795ac2d7761672cce43056eab322766d61f173f,2,1,0,1,0,0,0,0,17,112.89
364,ce4cb40fd95ffc635374e074be1f9f8650dd57d4,0,1,0,0,0,0,0,0,138,27.7
365,a753bcb8c937c383ccd85e857e3356e30686eea3,0,15,0,1,152,10,193,55,2829,1015.28
366,37812e5eedfdf938a5846b3a44e7edd36aaf8f1c,0,1,0,0,2,0,1,0,19,47.83
367,e0287125ac4906b00bc6fea427e25968104bed6f,0,1,0,0,27,0,38,5,84,80.24
368,71be0ef3430c80594cd6bda9959f8575ebe0c868,0,1,0,0,104,70,51,12,69,138.21
369,cd3ec0d27e920241b8a5002b20898f3c8020f30b,0,1,0,0,2,0,0,0,604,108.41
370,13cfdd7470625c0921fa94098ad1729797e97460,0,1,0,0,4,1,23,2,135,103.99
371,60806d3cd192483dafd66b664e9f1e759785de96,0,1,0,0,32,7,7,1,383,150.9
372,976293ab09f68c7f65ba838a52d2a7b22b058c4c,0,4,0,0,66,10,25,4,409,240.9
373,5349d6f6783f28e067ced40dd727fb52b6d6693c,0,2,0,0,12,13,7,0,244,135.93
374,8a772649487253c47b82ffe27d689bef9ef6d782,1,2,0,0,68,0,294,82,4491,739.22
375,3a3041a349429b84ee90cd9a98c923b7896fe4dd,1,5,0,0,7,10,60,25,788,397.54
376,c6061820bc3054b6ae7049b92e63682573329b29,0,1,0,0,1,0,31,10,77,72.24
377,02db059601f0ac97a706405561482dcc2fd9adb7,0,2,0,0,17,36,35,13,179,166.03
378,5462fa25dd1ee6dd1dfb409c3c13d007e38eeb37,0,5,0,0,6,5,61,42,473,179.78
379,b94d111071dfdd4a4ceaad4424d5338ce78def8a,0,7,0,0,10,0,34,1,1142,368.6
380,53f2c9e76f3f195eed0f0e4d96bfb9bd8b64879b,1,0,0,0,0,0,0,0,0,90.17
381,c0c5989ed66deacba70c2a73096dd7310c20b5dd,0,1,0,0,1,0,0,0,61,36.86
382,25d39410961bfafab1f115985a3a2cf5b0072b90,0,2,0,0,78,1,32,17,591,234.79
383,ffce1b9335b1367622f9ce505c27a76a33152698,0,1,0,0,0,5,4,2,144,80.17
384,c21b6c9b5d618c44446f462eba7482c8e6cead0f,0,1,0,0,3,2,6,4,280,137.49
385,2e70a1abf1fed92a6154eb6cb860075626e76e03,0,1,0,0,2,0,4,1,144,86.38
386,3277f5837354f7ea878e4e1ad9ebed9d82244e11,0,6,0,0,16,7,81,17,968,305.79
387,51b56ef6a00b3a5ba9983780a4c417616ed96a4b,1,4,0,0,45,49,80,52,774,412.71
388,a614ce08f5a428240bef32979fd2f5dffa7e48f6,0,1,0,0,244,95,65,27,120,163.59
389,69158cb0176ddcc901da614a8dbbf3ba5d167575,1,2,0,0,409,83,66,12,591,317.42
390,0dffde139f7adc638e658b818f85e2c0fe285728,2,2,0,0,54,0,0,0,694,197.72
391,56cb5ef48ac7bad9666bdb636ea381ee2927e8a1,7,1,0,0,0,0,0,0,344,247.73
392,114a9fa772979c22cb04bc4e59f9d670e3fc0430,0,9,0,0,27,14,87,18,2353,695.07
393,4b3f54890d581f584ce3fd3de7b46202db3342d9,0,2,0,0,19,5,3,1,189,130.64
394,02df993208d8f14e0642885633cb1374bb5f47f9,0,1,0,0,1,0,1,0,439,94.66
395,6c97307994601dd22fc9635971b0284e75d12fa9,0,1,0,0,11,0,45,25,146,88.59
396,acb79627149dbfb6feecba306d6bce41a0af8a61,0,1,0,0,6,0,43,15,623,152.89
397,a4ef2726df2ed3dee91ebd0b36e29e68f258dfd4,0,7,0,1,41,1,139,68,5102,966.21
398,650166eaa33e6850fec1e1274e1d681470bc5dec,0,3,0,0,59,0,28,13,587,233.59
399,1403db9c949c26e51637f7b65da34eefaa460861,0,1,0,0,81,0,3,3,240,108.05
400,f8a4230be83fc2d20958b3a0c1baa935f11054f2,0,4,0,1,26,0,24,8,811,343.43
401,8d2d32859448f1e0e02725a150c3240f9da26752,2,2,0,1,0,200,16,6,421,384.45
402,7c762bd4b2c8c81913cad51f2fb00d620360b866,0,2,0,0,45,0,7,4,358,191.18
403,045b2a767ebaa3d802f1fb5e1a0cec19855f7195,0,2,0,1,0,0,0,0,125,61.43
404,de2b0837007bf0b4e806838505a0ec2b01416c64,0,3,0,0,6,0,33,5,4468,700.44
405,8611a5637b6cb37c2e11062b320c9ab43949d352,0,6,0,1,164,6,241,125,1596,679.16
406,574e2c1c8835ebd5e436c671da5ade68cec227c9,4,11,0,1,60,19,251,67,5110,1174.86
407,b45ecc0f77191538c17bdf6cec873ad1a2403144,3,7,0,0,79,44,39,4,4522,928.81
408,9b59c00c28e50c423f8378fdbb3b8714ac581bfa,1,9,0,0,571,145,17,6,8447,2163.82
409,f77373ef8828097439c40dc760627dd83d4d2771,0,4,0,0,7,0,35,26,539,270.67
410,c0c152a8923147b72e73410fe8415cb2e8f01974,0,1,0,0,0,0,0,0,4272,528.87
411,8173d891c09d988d7547795aa9fd95ddf033b80e,0,3,0,0,23,49,33,13,1001,333.7
412,d7952732b6aa702cecb2ac10dfc106a74ad93d71,0,2,0,0,25,7,4,1,465,168.5
413,b5c7488b6b5a41db45202ccbfe53049c4f80813e,1,1,0,0,6,4,15,2,553,194.23
414,ec7009a03bb1f649055907e6257dab75ae8bd1a0,0,11,0,7,93,97,281,59,727,943.34
415,1addd57eb762fa5cdf461c67bba12a80a13fde1b,0,1,0,0,71,0,1,1,700,153.12
416,4d6833575118a892ee01d9372469f38724206048,5,8,0,0,233,371,22,7,895,864.9
417,6fc9d840c5e04bb96e183a1f8edd743486e70165,0,2,0,0,89,77,234,48,636,281.89
418,9e8d849ca2256a7868703f4c11ee12568d0e090d,0,1,0,0,12,0,1,0,175,70.29
419,6b150401f1ea72ea755de06949bf590adbac8df9,2,10,0,0,629,42,517,119,5959,1484.76
420,bb24382b5da48d5319904585622b6412e1fcfec4,0,5,0,0,94,13,49,17,1623,535.55
421,72c30f2fe360caeaad390caab4a5091600442a47,0,6,0,0,96,66,153,29,1709,632.73
422,2bd4eee44cc403ca2aa8802a348c275aa5c06304,0,2,0,0,13,11,23,14,937,226.41
423,804d4bc48aacb75f38cb29f91f306aee3f5cac66,0,4,0,3,7,4,39,6,894,416.67
424,4bfd4521b2d0b1cf77f0057ea387758e64857fa6,1,1,0,0,0,0,0,0,356,129.12
425,e2624b23acec9718f52cf4a1ba8a4e05e44e58a3,0,1,0,0,130,0,2,0,451,141.0
426,9ada33ed5083f2a0510d9e8eea2e4485f5ac8f85,2,1,0,0,0,0,0,0,356,192.31
427,4b022871902fe99c932ecb9d551db2260886e3e6,0,3,0,2,5,0,3,1,158,198.96
428,7f057a32c5d9bdf3a528ae108c5b4fe918c9eb7e,1,1,0,0,0,0,0,0,356,154.29
429,95731edc287104342f1f667b36ca0ef304352e90,0,2,0,0,0,0,0,0,763,130.24
430,fd30041fdb0be98ea8602ae7bd6ad68f2bfae074,2,5,0,0,103,43,33,0,1049,439.36
431,8327fc14ea37765ef9fda7d4d92e2800fc35ab5d,0,6,0,0,192,16,284,62,584,593.75
432,396124330a8bee5e4ae4bc63df311968b851a4da,0,1,0,1,37,0,16,9,28,104.11
433,aedf285c427067b3e2de90c02d3c0c3c012ee1b4,0,2,0,0,50,92,95,58,550,242.09
434,2ef7b5351c56a427e5a80a0ff3e4b73cc791a835,0,2,0,1,15,4,9,3,48,215.63
435,146d09e1005f6de5804a375271ad7789aa9be22a,0,2,0,0,13,1,2,0,385,143.28
436,f2ff622f05003a67f9ca7317124aa72fb5d87bba,1,1,0,0,0,0,0,0,356,140.07
437,2e58e4273e7ea05cf0d7c6bb19a6b84b9a97cf3a,0,5,0,0,92,24,57,35,709,414.48
438,ddb19a04fc8714542b25f4ffd4e43db2739a0e39,0,2,0,0,49,8,11,0,313,129.83
439,92e19bdb2d1fdcab815d382fb7052a9bfbe7e7f8,0,3,0,0,41,2,130,40,4708,814.03
440,042c4713044887fc4064bff713e0bdac2b8ff1e8,0,1,0,0,158,59,8,1,121,207.87
441,dc3b7acf7d433b518c3bec87a095b5c33caeeecb,0,1,0,0,3,0,0,0,34,38.4
442,d7dd25be3121c25d26d939d508aa6758c4342c56,0,2,0,0,9,10,56,21,1350,334.31
443,94831869bb006c0bfa289ea2ec2a45ed6be6c360,0,2,0,1,9,0,22,17,347,201.8
444,c1f908dd6dd84e11589a53cc192f6cd9b3d3e294,3,1,0,0,15,0,2,2,118,224.63
445,756d9375e83aa11b20f139e7621ca5a199e854d2,0,4,0,0,21,0,0,0,509,168.79
446,0388379fec37ddc7b8a12bee99abb8f04dafdf10,1,6,0,0,347,8,255,51,2262,754.62
447,064593686e880a0a5bd46d3eddb325e0772a45a9,0,14,0,1,184,9,519,213,7339,1789.54
448,0c2c8a7f57330880f156466526bc0fdc94681035,2,7,0,0,2548,105,672,107,9094,2930.49
449,19984e242effce1a71b97ae4dc7402bed898b718,0,1,0,0,7,0,29,19,793,157.15
450,546879e6a82e39fd763e57d642533c0cf3060040,1,0,0,0,0,0,0,0,0,55.99
451,7436af8a41e976653d9815155a24e1b183144ee9,1,1,0,0,0,0,0,0,356,155.53
452,6414802fc1e4ba3edf6b9c92f326341ee1269c35,1,11,0,0,166,51,434,183,5768,1504.28
453,f9dc9fe11d02a9fb226b6f7c1c98fd596e01c9c1,0,1,0,0,75,50,8,0,77,99.73
454,a53eb80dc5860408a1d508a3576c2001813acb30,0,1,0,0,4,0,9,3,50,78.2
455,bb0ba4c5c1bc5c3e0e5ec6e73173f39cd603a890,2,3,0,0,63,4,29,13,4733,917.52
456,41e5563bb4b2db3300549474dcef1f8700170d38,0,4,0,0,101,10,108,56,5486,863.68
457,5fc36385d927d228d8d9f1b2a6b17af528d20377,0,1,0,0,5,0,2,0,124,74.57
458,9779512fa902723269497e5c28ef3125545fd4fb,0,4,0,0,22,23,96,28,5956,1021.46
459,f761886aeb0180294c5f64fef47edb98a5de76c5,6,6,0,1,139,0,87,25,5894,1266.32
460,c379f7f8d86e4c1ec50d156314786c08532cafe9,7,16,0,0,392,4,26,21,2700,1228.39
461,36e9d61e107bf32e2ee9398f87c77f5c9f9ff7e7,2,8,0,0,73,6,5,1,952,538.2
462,1b19d6694f4d1304235a9ac2b877c3d92308cf01,0,1,3,0,0,0,0,0,26,87.86
463,11f849c4b5c95af95708342f82cf93dfe2a9dfef,0,6,0,1,112,2,293,141,6043,1248.5
464,76fa38b7dadb59c96e35cc18fb6819987af6c17e,0,1,0,0,2,0,16,8,598,140.91
465,23844254e972408ab117860e06d2d52994a0765f,0,1,0,0,17,0,4,2,636,159.28
466,0b557066cccb7e6065deabde39ffc0606cfa4f1f,0,1,0,0,2,0,1,1,601,150.94
467,342c7439eefd131e92defba61444d2b004ce1de5,0,3,0,0,24,8,81,29,5249,858.65
468,8e672b0a3a63ba6e6f38d458a59ddc40b5b67c4c,0,1,0,0,6,1,10,0,1056,243.22
469,4e380f0ac59e4f5f2e9f1da3f50dac04f3eef880,10,1,9,0,4,2,4,0,354,787.41
470,7b0a1bada3f0bc96201bdf67bca16bf3b137eec5,0,14,0,1,166,48,171,40,9032,1768.64
471,09bee8d7fcc33d61b90878214e64a475a89cf60e,0,1,0,0,2,0,17,7,590,154.91
472,e7b73098c47db8457250def6584fb04681a57935,0,1,0,0,9,0,26,12,524,129.67
473,dd7e360e99998d4f77377f163894bfde9f93e739,1,1,0,0,8,0,21,12,533,180.64
474,ed3f0b1983edcdfdc2dbd2d3862d385cbb5c04ae,0,10,0,1,447,19,476,194,5924,1476.89
475,832d0a1d31d80acad4a75c6973c98c087eddfeee,0,3,0,1,141,69,23,7,384,335.82
476,be8632b380d4594866b65b44cb68d3a0f16a643b,0,2,0,1,14,2,122,46,4514,693.25
477,aaa28ebb00fac535c992d05a62b19fc2da4f98ed,0,3,0,1,45,15,29,1,1792,458.7
478,c7246207f5cc32f93dfd996a3eeceb722bf15263,0,1,0,0,2,0,6,2,152,97.48
479,de55bb929dc1695175549ed9855f949a65e8bfe3,0,8,0,2,37,0,44,18,2938,794.45
480,10713b6afbb3c34778818a18d40648f19e98eaa8,0,1,0,0,0,0,0,0,5,62.32
481,11b89a1ee96f35bbe29a250e3ae14a7a16578e49,0,2,0,0,7,0,0,0,170,59.0
482,0c1c000a8bbd7ba9da9f4b528554fd06c3b0f400,0,4,0,0,0,0,0,0,217,50.4
483,58c1e6f2ee60a445f1bc1a0d2a8508041ab05878,2,2,0,0,15,68,166,76,690,301.42
484,63477956d4ef1b4618bfcf0168d15865ec493d0b,0,5,0,1,60,0,237,74,5080,915.94
485,c6a1462097c18e8bd5175580826bf54ea254921b,0,2,0,0,11,0,16,6,579,222.71
486,6b0c504ffe37bae7dd1b6c65ffee46b75d24549f,0,1,0,1,0,0,0,0,40,45.03
487,f717749b5527fd4b56db63eb043e2fbc6665df9c,1,8,0,2,172,0,97,10,2905,882.16
488,1a7bd0f99e6a152ecb56171794be1d569fc85071,2,2,0,0,0,0,0,0,58,98.22
489,fd13a84426c06c4d26ff3dc48749776fcbe9e60d,0,1,0,0,15,15,9,0,753,196.29
490,58345b571291b5a7887e4522317080a46b0a8dfa,0,1,0,0,42,134,71,32,544,165.93
491,c84f4f0e09005a0d2edfccbb60d3f5621b9aa2c8,0,1,0,0,10,0,14,0,1093,208.88
492,840f198afd841cdda922828b85efaaa8da3f0bd7,1,11,0,0,361,23,243,14,13138,2847.72
493,074c83a3c0ec86e548a0df2198ea22ffeb5b1662,0,1,0,0,12,5,22,2,581,157.23
494,da21e291efe69182c2c60a1091b235c9f3dc21e8,3,6,0,1,48,0,85,23,468,412.57
495,cbc720184d4729c6d8ba50a3f45a7cc58b857d56,0,1,0,0,0,4,52,35,466,129.68
496,21f1a88d04c00fddd991dc10f00ad3bf3574f46d,0,7,0,2,197,78,155,42,1870,742.25
497,6f054eeb46d6536c3b135b8ed8e3fad16742a7ff,1,4,0,3,46,2,1,0,377,352.42
498,a8c8ccd5f053e6bbe783b0510bf21bf6b90479ff,0,5,0,1,195,2,249,97,1405,596.26
499,721edc26355f14415810c9baa540738f88e5b849,0,1,0,0,1,0,1,0,904,145.23
500,ed1bdaa4b8441c5e8ee23086eb2fb984fd462f74,0,2,0,0,12,0,16,3,362,214.66
501,e79061ee6db3d8c6f66274039a7e30257e19a2d8,1,3,0,0,4,0,0,0,1042,258.27
502,dbac36b7cb10e8b335c5935b9906f7496d22bebe,0,4,0,1,29,7,65,34,1725,445.32
503,d8c386b385fa01e19eb193d98a5994445d31a4e7,0,5,0,0,38,10,67,32,2126,667.39
504,c7ec4da52a8e0808328d66caf5f956e6c39d9101,0,2,0,0,3,0,0,0,258,86.86
505,41315d391bc5d6c0b083796fe6420b3013086211,0,13,0,5,299,119,558,50,11475,3349.56
506,265a08bfbd1988f3abc7d916e342a5d67770d773,0,6,0,0,27,5,58,29,2307,588.17
507,13e2d84ac355ed38b52eabfe6aa449af37abe7cb,0,1,0,0,4,0,14,7,161,109.13
508,2bc24a8e09da3968c4fa9650eb6f47da908aedb6,1,6,0,1,43,2,190,36,2907,789.83
509,a18617ad99f277980cb27f60e422875d94506f13,1,6,0,0,49,4,60,30,688,628.6
510,6cef02eb0b7cea3dbe2b1fe03bf989d921e537e5,0,12,0,2,139,163,157,33,6106,1716.88
511,0aecd37fea172b6e636b6623daef71c56327ee1f,0,1,0,0,9,0,54,11,192,128.27
512,fa318705887548358529b44277e2ca152c0018f2,0,1,0,0,2,0,0,0,9,32.18
513,b9e11876802e77bd5d2930e4417a73493783aaa3,0,1,0,0,1,0,12,6,4499,731.67
514,c020abd1bb10606d33366a1f85c992e84168a67f,0,0,1,0,0,0,0,0,0,22.58
515,723a2de83af69756d0e71b3df74bea7dd8b133ff,0,1,0,0,5,7,45,15,92,97.22
516,95cc0719a06bbb593554a270c649d5e332c531dd,2,4,0,0,26,2,34,14,1699,646.44
517,f9251b417e113ae3d77091932478ed53223acecb,0,3,0,0,13,53,47,19,2640,702.21
518,9dd55b1555a26fb57b1b17b6922e9f38dcc148b2,0,2,0,0,5,1,28,15,1005,242.26
519,77aca9fec67d537d642b43a1f706a9b129892e85,0,1,0,0,0,0,0,0,914,150.56
520,b80bdf9f339c36c1236e5d090e51c72bd98a5a4e,0,2,0,1,37,2,16,2,293,327.41
521,6b775d160a4dc74d7ef1cd5acd412dec9de4b8bb,1,0,0,0,0,0,0,0,0,60.22
522,8f6bb21d96e845d62fcd120587c5f66f510e91be,0,2,0,0,4,0,8,2,982,259.52
523,a78cc664a11f31f9cb64f79bf3d5471fed39fe8e,0,5,0,0,6,16,73,34,1223,556.29
524,061e0e1740c3a4a5022486558122a566d5d53be6,0,1,0,0,0,1,9,7,336,98.61
525,f06a442936cd1ccda6e8b9d15a55cd75af0be046,1,9,0,0,200,56,134,34,1650,857.79
526,3ef11a9ab27bcde386916cafaca67e5ae5de041c,1,0,0,0,0,0,0,0,0,32.01
527,d9be873e5faa3a6d26ceeb6de500434478996082,2,2,0,0,12,13,2,0,298,157.72
528,d4673cee2ce4084f228902c291f4d95939821f4a,1,11,0,1,391,1,175,74,18189,8987.97
529,18ada0d6de6989714fd05ba6f7c15364e0033371,0,4,0,1,13,0,48,13,511,324.88
530,790088b2d4e9c1e87cfdfaeb490c713406bdd3c5,0,2,0,0,12,109,0,0,880,290.72
531,08f48c967a132cab00ff6fe52907c0b7a279090f,0,1,0,0,0,0,0,0,156,33.96
532,a59eb0797b41c3f69699b66e07b894790d86d2e3,0,1,0,0,81,26,18,4,119,123.94
533,e4febf07e1f24ef9f629e20b1a8dd1213c5cbdd8,0,3,0,0,4,4,24,7,594,220.15
534,084d791a7f678d2a8a160d6d4843f41a3784e705,0,1,0,0,4,0,8,0,658,204.33
535,cfa3d2162f3d3ce030e6be607f91050827990f87,1,7,0,0,595,55,246,125,6480,1590.24
536,fce1662de730b2ac1cd55158bbf9cd20b63c1aaa,0,1,0,0,0,0,0,1,4543,718.69
537,68f0edf0c68493b1a027906d95a35307ac4c4296,0,10,0,0,7351,41,319,40,18355,6719.13
538,635b6ec1b975677a2d93a1fa950a12b9584386bd,0,4,0,0,277,0,16,8,4048,991.53
539,e203fdd3424193780b47cf5498c884588f8d890d,0,2,0,1,13,0,1,0,197,109.34
540,47468bf95777d45b70cb7e0b865793b28ed02845,0,1,0,0,17,0,24,14,80,222.03
541,7d263d31ea3814250d004fe342f5280fcb5e7bb8,0,3,0,0,182,0,14,3,2313,639.18
542,c602be6ce6ce5f93503f926048f9449d7904e66e,0,2,0,0,11,0,3,3,2042,370.98
543,a08e95e6eff5e682301153c75da1112975a85c5d,0,2,0,0,14,0,0,0,1641,409.39
544,374f83b81fd1ec88ad928a24c64333a723ab27ef,0,2,0,1,13,6,15,4,231,173.15
545,2cbbccc5fa9fe3bd9b0569021831f745fa1d4a06,0,1,0,0,0,0,0,0,182,64.75
546,97e793267674bfd5653665c9a59c5c09d9beb7b7,0,1,0,0,2,0,3,1,1871,328.0
547,000fd182c06181806ff71f4d3c7867dc84f59d8f,1,1,0,0,22,1,34,11,448,235.79
548,68c976b4c617bf8631c22e83102ba1e8d0894c00,0,4,0,0,20,0,21,0,745,239.32
549,ed9776aeda1ffc93a36b863190b7b4b464ecf144,0,1,0,0,30,0,22,7,142,102.71
550,65c6f3ae0659bcea463e1c4973530638dee09bbd,0,1,0,0,3,0,0,0,34,37.63
551,171026baa7a96a3d3f6cc1a70e4476cb87e70492,0,5,0,2,27,2,30,8,790,586.35
552,1895e75c157883b13f86db5e119e77709da57806,3,2,0,0,2,16,3,0,2320,530.74
553,945f5ec9ece6d7825c239e7db7f8285db652be22,0,4,0,0,26,0,0,0,1926,386.0
554,25c274eecc58975650487249e048dccf694f9a6f,0,2,0,0,26,0,39,3,827,224.0
555,8118e42eb22d1cbbd60f4a36bf36b4a717473d0c,0,1,0,0,0,82,10,4,21,108.7
556,6820d472c70ba38520eb9f1d6d1e506c2f7155fc,0,4,0,0,32,0,6,4,1067,278.62
557,1a64931f89953915b235dc849fcad71e323f36a4,0,5,0,3,9,2,7,0,2848,677.38
558,740bacc934430a9d09e0b4b690a7a0b61fb7a299,0,34,0,7,64,20,46,14,1569,747.16
559,6d085b2df5a8a15162fc0ad7040b7d6beb154132,0,2,0,0,0,0,0,0,104,40.16
560,a86050846b9bcab50329bcdba2c4eff8ee91a75d,0,10,0,1,268,11,134,34,2990,1773.8
561,c67aee74249d3a8f98cc70d1f8fe797f888745c6,0,1,0,0,65,0,36,8,1009,265.31
562,1442f68184ae6c7d39f52b252bc1e1c48fabe0e3,0,8,0,1,62,15,140,59,5259,1096.3
563,33d15f2177e3cf4a2852ba57d1a477dab7c073fb,0,1,0,0,0,0,0,0,185,39.75
564,0533f5d4321439b70e6ede644395ea8c3b68a7c6,0,1,0,0,29,0,63,22,470,147.47
565,fe81eb21f9029356e74fa803c21cb91a82229b61,0,1,0,0,0,2,1,0,1648,289.15
566,aaf04d912a360cab3e0b871a7ad6fce87eeace21,0,13,0,0,93,3,93,34,9659,2001.61
567,d50c82b12ff2eb5e9ab28b9070b024677e9d667d,0,2,0,0,0,18,4,2,284,231.59
568,aadb6ac3cce7bddb164144d42cadb0b461700e1c,0,1,0,1,26,0,60,9,218,189.34
569,f177a9ffeadae090ee5af8f0b582cc5aea75cc10,0,4,0,0,27,212,93,28,948,399.15
570,8642c1e53ab72306dd1667e47a993a052eb5b85c,0,1,0,0,0,0,0,0,499,90.91
571,b3f64a3fc0483368633f7c74bc3413587169be4f,0,6,0,1,7,29,70,24,2365,615.71
572,b719613a5722bb7f696a1cc164b164e3fd4b963a,0,1,0,0,4,0,0,0,91,70.66
573,d03a3ec24f1fef680e7a5f1cdf0c976d5aa829d5,0,1,0,0,0,0,0,0,182,52.98
574,40b9582cba62f3c57b87e3753358e9105aa4b4d6,0,1,0,0,2,0,0,0,165,56.01
575,a2607a592b2a959d83dbf828cdcf5d0f14326b70,0,3,0,0,12,0,24,13,343,229.41
576,a94ffb28ba313eb7bf084c737a68ba42a4e03372,0,2,0,0,109,0,68,17,1419,425.77
577,8c36aa4b9038d5d557663eb0e26cae473f1f5cd7,1,5,0,0,10,0,3,0,780,242.1
578,6ffcb41f0f51bd654a36af2ce0af0af945c5be3c,0,1,0,0,55,0,26,12,1021,297.08
579,8ad1dfbc62c2e036f3060847529eb81738361896,0,5,0,0,31,1,42,25,1420,493.31
580,6daba92ee350975da6ed7e50b6668f959a610860,0,6,0,0,188,5,114,41,3973,997.12
581,fdeef45bce628089a1abf06189d7fc6fcb3828ad,0,1,0,0,1,0,0,0,240,66.55
582,318f6f166aebd0d3547fe35c4b053ec9974c4c1a,0,2,0,0,2,3,39,10,564,184.27
583,17c1dec0447cde812000fe87bcd3e5f81660c431,0,1,0,0,5,1,29,5,129,120.43
584,54f8f844b669b62b25a9b9e933d6078052746952,0,11,0,1,537,0,128,17,24291,4723.53
585,d064170bbff552f0d3755f3c9388a8a35632cd5f,0,3,0,1,17,11,22,5,430,283.97
586,199c0043fa6cb3c13e18632cd75e49487273f311,0,8,0,2,212,313,88,20,21311,4504.53
587,a3b5840776f2c76a5beb04842d3ae914df17f193,0,7,0,0,73,2,72,29,2474,658.65
588,5533e81150781ee15d2450e2a0a82cb797bc5141,0,2,0,0,4,1,18,1,520,158.0
589,3475a37d87d1a9fc47dfbab14fd537957d0adbd9,0,1,0,0,17,0,0,0,356,99.57
590,0a591b7108c42a47b0e1d84e6e3e45985d877f36,0,1,0,1,0,0,0,0,165,85.18
591,ceb2d41a35d4f83007a1d8900a94baa530356fa2,0,1,0,0,0,0,0,0,507,109.73
592,c0594d5aca24ef7809de76dfe302ea35ecca64cc,1,8,0,0,40,12,5,1,2689,674.92
593,e5324b9b77e2507bf883b3cb5c67842f1839ab54,1,19,0,1,260,1,390,105,8818,2151.0
594,72f9c1f089262a77c101665b51df5551b77fc59a,0,9,0,1,79,3,74,36,4530,999.05
595,63372c9a8ec0c1c0703e448eeb7be784373686e8,0,1,0,0,34,5,58,10,73,108.52
596,bf6a5d7cb37dd08e927e488b6b187f06c5349992,0,8,0,1,74,0,47,7,24704,4717.37
597,8b67650319af6459706142eb5e86b889687b08fb,2,8,0,0,87,0,4,3,6708,1080.81
598,445b6d1b4827afcdfca983059dc371e7ed9e0951,0,4,0,0,175,2,39,14,1422,402.27
599,3fc80b40a9156468900adfba0855c5ebbc39f3d7,0,5,0,0,26,0,60,15,3042,632.36
600,73b6e2b86fe1ec8d623e39c5cf2bc4b79afeb9cd,0,3,0,0,7,0,14,4,2651,593.8
601,9fc98419d11fe170dcfa2544da6ca23419312b40,1,14,0,0,241,3,168,38,6988,1649.88
602,2a2c5e57fe1e12634233dc7157a136a8077e58f9,0,1,0,0,2,0,20,7,1499,279.21
603,02f5cdff4fc00fcfa113ebcf526bd15db93f28b0,5,12,0,2,81,47,30,21,6576,1431.8
604,f381366083b778db14bdc23388030e7ad9834a2b,10,4,0,0,44,1,7,3,4133,1147.34
605,3576cd5130baede9a45516c1a3502eaa3c8eab04,0,2,0,0,7,0,3,2,882,227.13
606,5aae3d8dba5f8c437e04385a1596e19705b8f5b0,2,2,0,0,0,0,0,0,3602,480.56
607,6e21916e15b00143562d22612374299709c0c8a4,0,1,0,0,34,6,7,2,24,106.37
608,1e9b2072192b5c66caae383a3b91036a03216105,0,2,0,0,179,0,86,66,4829,767.1
609,a000507b98492dd3349ede2aaff9ae96ab1b5fbf,0,4,0,0,2,0,0,0,2098,343.29
610,ccc3c95edb02a570366b18442b3f4312c65adcc1,0,5,0,0,49,1,332,175,5652,968.3
611,67bd515775e790cea02355ad31b6b66eac2b2b3f,0,8,0,0,24,31,8,5,4886,869.53
612,00df21da099737df5d51f222fc2aef8ff832decd,2,3,0,0,37,12,59,22,1727,502.5
613,d2b08ac3d864b133f3eb880665ac33d60b9ca580,0,3,0,2,19,0,19,10,361,271.17
614,a6602493812699893bf6ab9ced6fe8b57a2bd817,2,3,0,0,103,108,17,5,1369,457.78
615,14a4f4cb01ffc0119e39a86737585269baa94db9,0,1,0,0,0,0,0,0,1679,236.66
616,eeee4d41503e47cd024b58541211610ae7be12f3,1,1,0,0,11,17,24,8,100,164.5
617,89735caeae2480459fbf02eb56bdd551fab5c258,6,38,0,8,437,265,357,118,8612,3002.04
618,32b046bf93e3d041b2bb07a1c9b4e1ef5d977ddf,0,1,0,0,0,0,0,0,89,27.95
619,37662e89fb569a997ce97d40b1e7d13cf2acdc9c,0,1,0,0,0,0,1,1,157,68.64
620,7b5003445deb14efb839dd3de851df51c9f1a478,0,1,0,0,6,0,26,1,1501,367.83
621,00d3a0574e3960ea44d42e707d919816f5c6e9c8,0,1,0,0,5,0,0,0,147,54.45
622,75d1fe79ff0cfb21975ac1b70b8ab3f0a7c47696,0,1,0,0,7,0,10,5,1208,218.79
623,5ab99d490bcec621627eaffb7d8008685eb2be0e,0,7,0,0,475,0,375,13,23857,4586.82
624,5d7a9663a34c7dff7bb0d19e48c1ba4ec1727752,0,2,0,0,95,3,11,1,390,207.13
625,fa3fa7f2a03ad20289c186aa6c19be0b47a84517,0,2,0,0,32,10,0,0,278,117.86
626,a7ec280e25559b06df253fdcdcb486f6896d4d83,7,9,0,0,1229,0,74,0,23647,5156.9
627,5061e5e0b5e8b70b8f562632c9deaf441b541c49,0,6,0,0,112,15,76,13,4688,1004.83
628,d59941f5d9a85190600f156c6803d4d8dad3cd0a,3,9,0,2,129,104,127,44,1378,806.39
629,dc13c1d3e0e73f1bc74240550f257335190af08f,0,3,0,0,5,0,40,17,4991,787.78
630,2e78103b44e09542f207a80ee93fcd20119bd9ab,0,10,0,4,106,22,66,21,1138,798.84
631,3ee257c28c7ee55880d18841ab39094fb446a3db,1,5,0,0,17,0,4,0,4010,680.67
632,e8406a04be8c77ca1724df22fd8497092f93e51d,0,2,0,0,24,7,23,4,1658,420.84
633,2637a2018c22b26c555682d1e02440c858751d58,0,1,0,0,0,0,0,0,186,49.39
634,eecc09a1bb891b8b468b4ec566070ddd23217946,0,6,0,0,111,1,39,2,3966,778.13
635,42bafd76acb11450fc3c741aeccf8530c901d06f,2,0,0,0,0,0,0,0,0,89.55
636,1ee2e639582ac2c8961b37e0464f0d02a9e02b23,0,5,0,0,8,0,56,7,2907,610.92
637,ea2fe2e41ddf91bce911d72b3576e5464f0d88a6,0,9,0,1,94,5,52,9,9321,1723.55
638,fa8c4488e6304c2e78201ba413b879196831e569,0,4,0,0,34,8,145,59,5298,886.66
639,ffa0ff2991c4fc881a8621e5258b05de1c0a84b5,0,2,0,0,17,0,0,0,490,156.63
640,47a852fc0f11f1809521c78791dee9f835acc16d,0,1,0,0,6,2,82,20,279,214.55
641,79134c571d823bfa01214ab223387dd20bcaccf4,0,3,0,0,36,17,78,7,6394,1038.36
642,f9f2684f432e510473625d5e3fb13ce161c25c6c,0,5,0,0,482,26,436,15,23636,4938.74
643,840efbcd5856a6134740c3ca83dd25256c06173b,0,4,0,0,54,2,87,22,1958,552.07
644,9419cad74b75da5e0e1d5dbd726a9dc6967a537f,7,1,0,0,17,0,66,37,466,443.53
645,ea27bd421e8492c4ba97ecf1bdbcd12033af16a7,0,6,0,0,97,2,97,29,2357,735.35
646,39d5da05650741dd2dace4aeff2848ecd9df912a,2,7,0,0,66,11,93,23,3247,907.61
647,e9a1b31a53ce1d39879595d0a3c059f8e60fc870,0,1,0,0,12,0,16,3,926,191.56
648,ebf32f6739079918a78cac353ae488662b733409,0,5,0,0,30,0,72,17,8642,1313.04
649,5f9d9bcbd89d5f02fc70bc493958a1dfbac98296,0,1,0,0,29,2,53,20,238,133.68
650,bb86470e9f8949f48ca6803b67f1b1120775ea72,1,4,0,0,90,0,59,14,2233,531.03
651,c901cfd417c23f98e6a767b7d4b1dd09f3e33681,0,7,0,0,87,7,131,42,704,513.95
652,a266556f2bcf249af110035af1006e52f42046af,6,12,0,0,87,127,168,73,1382,1092.37
653,8d143c6c5b43e4cc3afa5985bd31903f31252d7f,0,9,0,1,672,46,418,17,26309,5260.56
654,b879068b194dfd131d4f36505ed44ddaa8bc854e,0,1,0,0,0,0,0,0,1256,144.5
655,13158e479dfb55696e5cba81bdebc2999f003de6,0,17,0,3,12,16,33,6,7826,1391.55
656,08c115617b1a7ab1b68a440b21888918c3a89117,1,4,0,0,18,10,7,2,578,309.38
657,e8fe21c7a923edb90ffeda718759aa4f8da1bbda,0,1,0,0,14,0,6,2,18,76.51
658,0be36b1ca9a90401c9b963ef1ae1ade06c8c4fb2,2,1,0,0,0,0,0,0,371,172.15
659,ceeabde5481265eb3c1bc61b0b70a3b4aa7e5966,0,2,0,0,39,0,57,15,1109,327.02
660,67fa218795790504c35b43c70eca63c2abff7aab,0,1,0,0,1,0,20,6,87,163.49
661,99423d4f79071e3b8c4888c92215c98f9710d9ac,0,3,0,0,2,5,12,4,792,259.77
662,f45660be0d523bca4363adb1eeeae89e1cc60370,1,3,0,1,79,23,11,5,3991,755.88
663,219b9737641eb713fc81a35de32c62ed5524fc3a,0,2,0,0,90,0,42,17,373,209.5
664,8ce369755cd885fc2a608c66965a2f2a3902184f,1,6,0,0,56,3,83,38,6277,1150.76
665,a7b6b386438e626f5e1436360f0e94715d327f4b,1,13,0,0,190,34,102,28,1267,978.91
666,5dba4e8843749b9784571178e53fbc06622abae2,0,1,0,0,30,0,18,3,62,84.82
667,ace83a5ca557ad781747b9912a110cc529087417,1,4,0,0,32,19,90,30,2130,501.46
668,cd1706275ef1453a2fece787a8392909adbcf78a,0,2,0,0,14,0,13,5,5074,726.16
669,839154243fd4f66d42e335e40393b330fa7bb218,11,6,0,3,19,4,8,6,492,715.12
670,d3164552a26fe1f980bdc9a0af8574712716c367,0,2,0,0,2,8,15,2,502,210.34
671,53cf27b412535b5d7c95c760971280c6a68e63ff,1,1,0,0,69,42,34,8,285,204.54
672,4fbd8c611761ad5c862cde8ce219dc8bbfecb9cb,0,1,0,0,88,29,102,40,657,208.42
673,3207b3698b6db1b011c715b0056c974d9293c0a5,0,1,0,0,1,0,0,0,114,45.75
674,1ea0111bce7439d1c643b94a54add6532ba71723,1,6,0,0,49,1,70,18,7905,1395.47
675,41206e4d3f687599d125a6fb7c80547a39f85152,0,1,0,0,7,4,32,8,741,194.02
676,5f98629f933791a0a720ca3bbb50a66eb091344c,0,2,0,0,9,0,5,3,125,94.44
677,9ca33bae6fab18b9d1fad879db0b27c1ccd4cabd,0,3,0,0,3,0,4,0,3323,476.77
678,004ae441a4cd79b9bd59ea8618931f08f32828e7,0,5,0,0,66,5,21,8,718,443.05
679,fc18a2d3e988520b3b187c11542a2f674c572ddb,0,2,0,0,2,0,12,7,688,185.3
680,ed50831ede274445acb2502888b12bdfe7197dc8,0,2,0,0,107,2,53,20,1016,362.2
681,bdf78bf98f1892556d9d2aef1648438633b8c818,0,1,0,0,2,0,0,0,350,76.88
682,daa08180d0cc3b27ef9db0d6b532741d3985a97d,8,8,0,0,7,55,41,21,1544,1045.84
683,2d50a3d75584b751b8d421b515bcb41940d91d13,0,7,0,0,11,0,31,21,4064,866.21
684,1b3463918cb9c137b9a1d844afecfb5a08f43837,0,1,0,0,6,3,26,6,307,124.89
685,fadecedd690232cbcf533257522b6a75683ec4dd,0,2,0,0,17,0,7,1,4963,707.65
686,9f70f743924861dd516dc4b0f52fbc8b1bdaff66,0,1,0,0,4,0,0,0,62,54.99
687,c9683e816470ae31960ced27406b1c60dbc2d050,0,1,0,0,0,0,0,0,571,106.24
688,b91601192e9047525e66206d59d4c788776fabdb,0,4,0,0,23,3,26,3,582,350.71
689,00c1ae41260e4f3a05d29f6f6affaff191df5fb5,0,2,0,0,6,0,0,0,356,89.4
690,06e11e96c7c517cc428785aad34c29134b6c00d7,1,3,0,0,23,0,57,18,664,206.39
691,180494d42bd38b6e1085bbedbf5c69598ce270af,0,2,0,0,3,1,9,3,150,153.97
692,2a594cec3ed84a24e8e4641217254ac6dd7d69b5,0,1,0,0,0,0,0,0,144,32.47
693,2f39c93b3235ca7e18b8eda39c2b005704db955a,2,3,0,0,6,0,6,0,5458,890.24
694,4df23da3aa13bf127243328c49a9f6580e6e96fe,0,2,0,1,0,0,0,0,41,55.96
695,fa08f70ac5d844a27a21eb5dad3a708d2ae03a63,0,2,0,0,2,0,0,0,599,137.09
696,11b259e7691a6dc1d137b96afff45f3cb97249ae,1,4,0,0,10,2,21,16,2013,435.4
697,99e8d94cd4cd930a1c8e3b0ac9411f95030d0c29,0,6,0,0,112,75,45,18,1270,441.52
698,bdba43b9977519e6e8ff70c99baae68f937b7d3a,5,1,0,0,87,83,2,0,295,344.75
699,672b95d407bc1b364a49b2b213bf3e9d0e44f6e3,0,1,0,0,1,0,0,0,32,36.89
700,215f2814b941b7a1f83072467c1ecffaf9b114fb,0,1,0,0,4,0,48,21,334,200.52
701,c46a3fc3ee94f4d54c76d1928aca63a81c522be8,0,2,0,0,12,36,32,8,353,175.16
702,9a01a0ea16e7bce6063563ec5deb20ce2c9b4fda,0,4,0,1,12,10,50,17,2752,637.54
703,399b5bb484eaf2bdb2fa146c02c876a12d92d6ef,3,10,1,1,216,45,63,28,933,794.62
704,04d8855316fdef47d393643982ec2ef0791dbc03,0,2,0,0,29,0,0,0,767,171.97
705,ef3bc28841ef880293bab434fbaa68aa1c00fd2c,0,7,0,0,109,58,28,30,5513,1032.91
706,135095ef5d19492cf9fd3460ef0e32f96499c9e3,0,1,0,0,5,0,6,4,200,95.46
707,65aba4e26a247b5dabb0780756b22ecd6a31f727,1,4,0,1,20,1,18,7,5660,1168.45
708,24a9d9021411aecca442ebe66a98f5c0ff5b5bdb,0,1,0,1,10,0,8,1,89,121.67
709,bfbd0c48f72c6216a8bc032939e9455ab79241b1,0,1,0,0,1,1,34,2,322,122.99
710,ff31f66010dc350194298231e2c41cd5acebbe7b,0,1,0,0,13,0,1,0,269,96.41
711,cfa111ac0546b037acb796f5704633d47c769cdf,0,2,0,0,10,1,7,1,1068,333.17
712,b948c509a438aac96905acdf197fec25b868792c,0,1,0,0,3,9,20,4,933,196.48
713,32cc93413c8e0a6077250bb80294a05ce3852349,0,7,0,0,3,5,20,12,990,257.51
714,fb6b80e593b05f761a3cf4069aea015fc31624d9,1,16,0,0,1825,1706,751,89,29674,6754.91
715,e1bf3d9c131cc8100c71fe81cc129388a24ecc40,0,2,0,0,24,1,32,9,302,156.95
716,8d0298b3552d9904cab162976f56470293ced439,0,1,0,0,7,0,8,4,190,102.55
717,e4f01dc7cbd780f01fcb4b9ba3e3704085476fa6,3,11,0,0,6,0,0,0,1641,498.95
718,35fc3854cd6284f79c41db0a58a666ce20eed33c,0,3,0,0,1,0,0,0,6914,918.5
719,dd033c81895fd2f2f9aab9b54b0592310bd07040,0,2,0,0,4,0,4,0,4992,687.34
720,69248e347b706fb9e620726870250ef4d13d3f95,0,1,0,0,0,0,0,0,8,109.55
721,a7a69786e656f3d5868f29931af07cd23fe35044,1,9,0,0,181,25,206,50,11174,2166.15
722,e4b461ecfc3907dffbd9110163fcde1a68389858,0,1,0,0,0,0,0,0,221,43.95
723,d271e263d324582a55e39bc20edc36502d0b8c86,0,1,0,0,0,0,0,0,1672,260.77
724,922ed688791d577982708b156f0a727ebe85704f,0,6,0,1,17,5,18,10,2609,632.54
725,d5f119fe3486d442f798efabef8137effe8e7b6c,0,2,0,0,4,0,1,1,5235,773.96
726,f35fe0d22dcc35aeeedf3a64570dbb9ac2cee939,0,1,0,0,0,0,0,0,1923,265.49
727,810150d7be86696c0b3240f2b574466b13c1b42c,0,9,0,0,34,4,216,40,3113,885.82
728,3d3ecfae12a0bf72102b564b4bb5d14213ed7da7,0,3,0,0,205,2,146,55,267,263.01
729,59627c1311b716cfe294161caa97868629d4aa69,0,8,0,2,86,0,155,25,6402,1237.98
730,a3420870e334f3a8f5c1aa0941b4025d774644c9,1,3,0,0,5,0,0,0,431,189.33
731,e8309222e1f7d86c99e5625467aacc6236f0445e,0,3,0,0,19,0,9,6,171,136.41
732,4c7c3a5107bdd52b74baa4e81f3a02f098d8cc38,0,2,0,0,17,11,6,0,2098,382.24
733,883687af278f7fd1c69b208a958e7f476241aac5,0,1,0,0,1,2,24,10,1927,363.23
734,380ac4f45f61105dccbfe6356e560b8d818293cb,2,18,0,2,197,17,51,21,2654,1304.07
735,f7a550aa28d03b86e7e69d96354ce142381f3442,0,2,0,0,6,0,65,19,412,193.47
736,531d3cc84291368f3c2c0950e23ce7aeeae7302f,1,7,0,0,102,0,21,16,1383,527.07
737,f0f561b954fd5f3e42a78b37fed5f059e21f552a,0,1,0,0,2,0,2,0,4966,709.35
738,9d7b9d3abfe4faf6e888843ca82c0779ed1d485e,2,3,0,0,118,15,14,1,2497,567.4
739,cc264a81514d874493056fc913d0fd77921bca14,2,4,0,0,63,10,8,4,1887,517.76
740,1430ad0672f53e6f9780534eb81db27b70f6f187,0,1,0,0,7,0,12,7,76,169.5
741,e807b1906f9b90b4237eb37e3d70b3c05fb2691c,1,1,0,0,33,12,9,2,174,174.74
742,d118bcf8fa2ab58f575b8aa3d7aef1403325dfdd,4,2,0,0,35,1,1,1,303,442.32
743,b6f737d44cddecd6f0a1e9c075e6f9aac64f0cc7,0,2,0,0,11,0,40,13,1800,402.6
744,2c980bfe6a81aeaed3898e04eb88b6c4873ac2ae,0,4,0,0,0,0,0,0,1257,195.0
745,4ff251f91c62944651ab2bff2b2cf7d85509745b,0,1,0,0,3,0,27,8,260,99.96
746,1f60e75fed4effa0825b6dd79c9e543b7b91787a,0,5,0,0,26,15,17,11,2342,522.39
747,69b3d803a52b415e532bf7c693fbbabff28b5a9b,0,1,0,0,8,0,3,2,593,239.73
748,8af85551b1a74e0de48e7f32b487d48590f289d8,0,2,0,0,1,0,15,4,417,204.89
749,6c42279a7f70608ebe9c653568e2e564425fc2b2,0,2,0,0,45,19,20,0,191,198.15
750,71bf8cbb1b5d55f648a7f1953b6242388f4e32a6,0,3,0,1,101,100,3,1,2046,487.73
751,14a2ebf90e64bb3902befb200db90e9634504260,0,1,0,0,3,0,2,1,956,276.89
752,22a076bf10a8fb6d91b422168e9b52b5a8be41f2,0,3,0,0,8,0,228,0,3210,743.5
753,4145f2f94947c21f33c9593f589e413ba1567f6a,0,4,0,0,13,0,3,6,814,309.06
754,bd7b70fc61002f04175e82b723cb92c7dd9411f4,0,1,0,0,2,0,1,0,30,63.99
755,3cd646f231c13dc5ec95d6ad905672d0ae592333,0,2,0,0,33,0,18,3,5023,772.45
756,f8476afc00f75ba0a625c575e94eb5217851e9c6,0,8,0,0,172,52,102,17,1396,683.93
757,e92feaac7e4919871217d7f3a6c96a3582b2f5df,0,4,0,0,10,4,47,23,1465,415.54
758,ef736b05b417ae6e3f5d33042cc38e7edb93745c,2,1,0,0,28,3,25,9,779,275.63
759,519ab7540d587430e6d2724e46f1e9c798b48d7b,7,9,0,0,758,93,68,9,24354,5824.81
760,e8f63d3d4b6fead9a14ba46fd7624e31551e041f,0,6,0,0,0,0,0,0,1192,274.44
761,9c1ce20c29cae44d76a477bfa3e82de84cd1d31b,0,2,0,0,11,0,13,5,2167,444.24
762,a2cb0f58379e0b9fdc28c3c5eb98b677ed2ab3fd,1,1,0,0,0,0,0,0,416,167.79
763,e94234b355be421067f5590eb809d6728af6c860,0,2,0,0,10,18,13,6,374,155.52
764,8740d0f6b70f8c40f6ff0ef36ddd4b3c073c645d,0,2,0,0,0,11,13,3,2167,405.82
765,f4a6f8535e89fd3ba67a973f76202f64a76699f3,0,1,0,0,4,0,8,6,708,194.69
766,7ba3b5d9f609cb38c1d1acf3a525653ffd82423c,1,1,0,0,0,0,0,0,416,140.01
767,a3e91c9cfbc0ceb2647780f8cf228ce8ededa861,0,3,0,0,50,10,49,12,2694,594.88
768,540d8bb5a9874e5715d5fb626f745ddf082e4004,0,4,0,1,1,0,7,6,871,238.48
769,1a78fcc9476c797673d3b3f92b794dc8e022541d,0,1,0,0,1,0,24,8,565,158.56
770,81f85b9930f3b49433a04a0ffa6b1e3113eb8d40,0,1,0,0,384,269,123,53,4732,915.93
771,b25799576ad4b87472b5dcdd96824500c8662c78,0,1,0,0,5,0,16,2,30,109.09
772,40a5292dccfaf466a7f55aa9576b0e690a54dc06,0,4,0,0,28,0,36,7,632,252.62
773,6c84a5bc499adc217dea3d51bf7ece7be250d9b6,0,1,0,0,4,0,81,28,5116,802.48
774,3555cf32326280f2b1c4391ae7fb911763941df5,0,1,0,0,0,1,4,4,31,118.09
775,7831dfe01229349503d25b79396f73a51e7ffdea,0,1,0,0,2,1,1,0,111,86.14
776,6e638865f8d781dd07fbb4f9ed530208c1bf9795,0,2,0,0,2,4,24,7,743,244.0
777,199439fe10f5674074fe1fdd731a6edd925ba900,0,2,0,0,50,0,0,0,1324,278.74
778,304a7b4b417e46dd21800120ef31dce4eb057f20,0,1,0,0,1,0,30,22,5120,792.91
779,d6bef9d1a46e9991f170f13dd14698914959a9a7,1,5,0,0,53,49,18,12,587,367.63
780,1d28e20e72481ee717d47b217181a51a86bf2be5,0,1,0,0,41,5,10,0,18,167.24
781,26fdc4305d484769e2503ed016d1038263d18573,0,1,0,0,109,7,26,15,299,213.0
782,c1bd485f732e19dd90c2e33dbf71e8dc34e4386e,1,2,0,0,62,382,68,61,1584,449.24
783,dc957fb0dccb83173488d7e1f8a211957667ed47,0,2,0,2,0,0,0,0,5,39.59
784,1947cf36a82cc48a1aea49c07ac0b00b4eb2fe7b,0,2,0,0,14,0,6,1,104,146.48
785,59672b17964a590f11ab076f6a675302b7434275,2,6,0,4,48,6,6,2,806,621.89
786,15698082527ce5c38a3dd3296ded6ad1c7dc4df6,0,2,0,0,74,0,48,20,340,210.65
787,c70cf422bf22524e70d6b8b86da69e47bd11c430,0,3,0,0,13,0,12,5,781,333.92
788,d28a683864299b57e9a4640d97c08bead3d2299f,3,3,0,0,12,8,22,2,2106,624.9
789,750461999ef025c5aa73d5cd25fe1e77fcfd783f,0,5,0,0,101,6,57,19,2105,679.83
790,b2118156632f8258c0602c2a639394fd129aed45,1,2,0,0,19,0,5,3,510,231.51
791,7ac2a7c04115c558305b626e1154e6af1c5b3d8d,0,15,0,3,90,2,237,93,7696,1771.78
792,263554c4599f317d4ba27558a2c4fd7d0d2ad3d0,0,73,0,18,93,33,53,15,11709,2953.79
793,d692a2bf577e8f2c2bfd2b4cb11907801df6d496,7,15,0,0,1076,196,318,98,1257,1796.47
794,bd2930beed4a833b17bf1c8316b200d9a12823ba,2,3,0,0,8,0,37,13,1209,432.71
795,4849ed9a086473a17f732a10cba622d9ff00408d,0,5,0,0,5,4,8,0,353,163.26
796,05c62c7117558380831596e0b8e6a48a26a736ed,0,3,0,0,46,1,54,15,642,303.24
797,161fb28b525df495e711473c04c41942f21e5259,1,4,0,0,19,4,2,1,969,371.21
798,2d2001a7744ab31d3c1abab19a5daf2c76c61e2e,0,1,0,0,0,0,0,0,226,54.04
799,3c0507d93cdea67b8faf56c9dc3e84e31ec3c28d,3,3,0,0,35,0,31,8,800,363.84
800,f518a4f30d62899e81f5dec84292e038a28f3b17,0,1,0,0,1,0,0,0,564,192.38
801,cc6681b69039760795b2dbdcd01d8cad8170096d,0,1,0,0,5,0,29,9,385,123.86
802,42b98b138d736ebd40ef9e1529a11b0fc8562264,0,2,0,0,6,1,7,3,55,138.77
803,685d2b3e1ce6832319f3b6234f824b76e270ed1e,0,2,0,0,6,1,32,5,350,237.39
804,f3b708c7a5daf8d29bb62d1514340076fde22ea2,0,1,0,0,5,0,16,4,81,81.17
805,4e604ef7f89ff381fb0d859c0e9fbe1d4ac810e9,0,8,0,0,35,9,0,0,6148,909.55
806,d0cec9cced57fa404f9ed85baafd16da94420b7d,0,2,0,0,2,0,47,23,1151,231.18
807,dd34df4cb6eb21513f6547b3400bc40c86b4b933,4,3,0,0,8,0,22,9,1706,531.88
808,29c711fd2426b21843152f9efa417bcc6ac0b78f,0,2,0,0,26,0,0,0,96,78.08
809,6f5ad9c1985d5ea2f7d15b99a1f7016e1012902f,0,2,0,0,15,2,47,21,1151,240.69
810,0bd2be133cf05f446a1bbdd1b323f9bf8724c995,1,1,0,0,7,0,42,20,212,177.86
811,3125837dd25631be84e28bd3f58041dbe9e2639f,0,1,0,0,3,0,39,10,326,145.86
812,2f8a93768b2e617383555002deb62e2210f4dc83,1,5,0,0,18,0,14,4,1271,470.34
813,b0b35578123be76ce05646b2f7ace4b781ef0b87,12,3,0,0,140,1,176,99,1968,945.45
814,d4f2881b31b9457e393b19ea255e9e323b0ab565,1,3,0,0,54,2,48,8,2899,722.71
815,208f48f7579adc9fe9fc7309c251719642be6dd8,0,1,0,0,28,0,0,0,102,56.19
816,c515cbd7c7add14335f69a1768904886b3f28587,5,2,1,0,27,153,45,14,1757,781.91
817,ee1c7ffd52dfef24c56e1ca99aee9d5ffd016c09,0,2,0,0,16,0,0,0,5562,824.24
818,ec42cdf1690275e69c487a6171c51cfd41cbf4af,0,3,0,0,19,0,3,0,416,146.17
819,9c5985a84fc8ded1e9d95bc0bdee5aa84980b86f,1,6,0,0,54,0,7,3,1541,547.09
820,232505e3ca78912a7cac768d72166ad983069afd,1,14,0,2,39,2,73,25,2029,934.74
821,a4a2decda8730ed95cec189c4f50851348d6ccb5,0,5,0,0,226,0,97,35,5339,1083.76
822,ab5848d903985f5ef76cf966b86396090ca7cada,0,2,0,0,15,0,20,5,1166,317.97
823,cad7e13a1aa76ffca762a8624032283190591e45,0,3,0,0,18,0,39,13,2458,531.42
824,3cb4f3002ffdb479331e2a2c6fd517a501acbc81,0,1,0,0,0,0,0,0,224,38.94
825,683c954f01f5a7c5480bc0e96a1e7a23f114337c,0,4,0,1,23,1,237,30,1734,538.68
826,3a8e9aee78a007f526efdb90b8c047f6bc3e60d0,0,1,0,0,0,0,0,0,119,30.23
827,9cc4066d1bac1ec68d5e9fe9d7044e26f7e90708,0,2,0,0,1,5,17,0,1895,329.22
828,7a0311d10a41f9d4cc0375a32b58fd68446274b7,0,2,0,0,1,0,11,2,624,167.95
829,cf4477527680db0880478b100fc3198ba35f77e7,1,6,0,0,60,0,63,6,3318,762.15
830,954e91a9a8432b7da6cc6fefa081f68eeddfa22e,0,6,0,0,0,0,0,0,236,71.9
831,a9cfbffc65a86aa03bc0b4d4dbb5141f319df803,0,1,0,0,7,0,5,1,1678,291.67
832,442d133ab6c2494007ab0975348ca363ddb075de,0,1,0,0,9,0,1,0,9,53.29
833,f40c0af4c2a2e0d5e4b05d182b81857730b9f7ac,0,3,0,0,1,0,4,0,3425,575.92
834,deb99b1d7b7c4edd05a8a50028dd110c37d3c98a,0,2,0,0,10,3,44,7,5412,865.3
835,a87e4df4543bec51458a37408233500157669072,0,1,0,1,0,2,2,0,44,87.19
836,14749bb8be739bbeaad74b8d29578053d79cd7c6,0,1,0,0,2,0,1,2,959,218.92
837,26c1d87537b5b23a0c82dceaa752da2173b2d4e8,0,3,0,0,27,2,13,11,5560,1059.51
838,16dbc83d07e7baf8bc0e9cf49477d983ed2c8f24,40,0,0,0,0,0,0,0,0,2145.08
839,42ef3c877fbd9ff4e7f2dcbeed4443fc3f6b5756,0,0,40,0,0,0,0,0,0,907.79
840,b3a9ab054d855583503b4b80bc298b971a8daab3,0,1,0,0,2,0,9,3,114,225.48
841,5aee2b055aa6ed70d9a46badce9e3ed1596da09e,0,2,0,0,37,1,23,1,340,176.49
842,d57e05209fa8fa46405f6e69014a375e5a1edb6d,0,1,0,0,5,3,2,1,223,140.26
843,e5fd5eff5f18e91226d95420e229ae32eb14e52d,0,1,0,0,4,0,16,0,566,156.37
844,7f0651258fee52dd6b9ac1dfc70690a22b52c552,0,4,0,0,59,0,2,2,340,200.25
845,31f1d25ed49870649bd84828a24cad9068b84380,0,1,0,0,8,0,2,1,572,134.43
846,3e0e164c21507dcfcdb548a072e0a95e6a30b0d4,0,3,0,0,11,14,8,1,3722,755.26
847,de225c6a7fa79c956fdbe0f3be223e94c2ce9e19,0,4,0,0,90,53,5,2,346,285.69
848,5c33d6e90c8bc3fcb60b53f744b132e2cf3bf45e,0,2,0,0,0,5,2,0,517,204.27
849,d25ee1e558cfdad5edff0467e99e3737d26efc2a,0,3,0,0,34,0,2,0,664,239.37
850,a2ec7cbc7f53cc682b169b57b259ef02d0413f2f,0,2,0,0,15,0,31,7,5323,845.11
851,9c07df81fb7e17df6b3f90b8fc9e26503ad97705,0,2,0,0,13,0,51,40,282,168.01
852,142de58bb04ac420cb7a4cd083ef5c45b65a8c95,0,1,0,0,64,1,34,13,1685,326.59
853,9e2b3af7741b7271eb6beb5873417bf6131570e3,0,5,0,1,33,0,38,11,2983,734.16
854,efab09b78dc1e56071cd13fc17b625eca11078fc,0,3,0,0,13,0,30,11,435,229.93
855,df445bc47c66f9ea254bed9ca22fb17f986df511,2,19,0,5,1716,9,745,24,29934,7531.13
856,3e93534f3bb85ea28c61170bb7b653dad1ac7a19,0,19,2,0,0,190,729,17,31460,6548.73
857,14e8cdabdf814682b0d4697c03d6e7a68ea0695e,1,1,0,0,0,0,0,0,432,158.38
858,6610d8cd8da4b6ac207a4eec51228afaeae5959b,0,2,0,0,13,4,40,20,597,202.5
859,d2e53a4108693f25ba0613d6328e5eccdc25de22,0,1,0,0,1,0,0,0,580,91.65
860,a2e8e4cab23676ad035b3b37910df9a03387da11,0,2,0,1,1,0,0,0,241,199.82
861,61c3c83076cf1082883f05e350bceecb71da0300,1,1,0,0,0,0,0,0,432,159.19
862,2ac8fd14775886a77c65e59aca415d14ba4d7106,0,1,0,0,6,0,4,0,399,99.15
863,38f3eba0afe879e9dcddfb615c2a571d696f8529,0,1,0,0,5,0,6,2,239,97.68
864,66d8b95cd94201488a19fcdeba6d36e3326216e2,2,6,0,1,16,0,31,1,5925,931.23
865,7e2eec95e0cbfff761e93378a415c0922ec86a37,0,1,0,0,35,0,28,9,405,123.03
866,3c5ff7cbee3d6afc8ddbeeb92f31e9cd6b5b0c88,0,2,0,0,102,13,45,19,3931,657.76
867,d21ba220d917dc03c573ee50d5e8ce8d92dc5683,0,1,0,0,0,1,0,0,9,28.43
868,f6d96b1c5c2ae5ad3622a3300a2f6df9c3b2802e,0,8,0,0,6,1,8,5,1213,301.13
869,6d71cac5fa51ec82d69708ce614bc165e88ac99f,0,2,0,0,4,0,21,1,607,161.85
870,46937f54d1bcea0e7615c41f62ae53c8275ab149,0,1,0,0,2,1,11,2,100,98.86
871,36a9635422784088d6a650b9f326666ba039203a,0,1,0,0,1,0,1,0,80,61.8
872,886f1494aa6eb31d043ac8afcab8b4d91c05333d,0,1,0,0,7,0,2,0,36,68.46
873,e407aa98aeaeb20a622b4820c83b4a56698900cd,0,2,0,0,0,0,0,0,266,68.14
874,ea5f26b830348ca283daca222b2c4d4949eb3d93,0,1,0,1,0,1,1,1,65,114.47
875,b38fb65b5828629f8cc6a7b01ca3457303318e75,1,0,0,0,0,0,0,0,0,57.58
876,b0b15a91c3d8cd71111358d75a7b492cdd783aae,2,0,0,0,0,0,0,0,0,115.03
877,271d1973401bbef37b923508d4ef6ed5f0e28f09,0,2,0,0,6,2,15,9,5437,818.68
878,2a28c22b3dbff295fcf3266c6b4f46135cd0cc76,0,3,0,0,42,0,11,4,770,271.97
879,8df52eb5c99a583a89ec64abbd8b2d9577e97e29,0,5,0,3,38,7,118,12,765,350.08
880,ed5b57dc4faddb2af4b6cdfb4ca9d593cc7bd7ae,0,1,0,1,5,1,6,5,43,213.17
881,71fcb43ef68904bed0b1542f1eafbb0ab65e3ae6,0,2,0,0,0,0,0,0,2232,276.73
882,575df2a6e2e5f47493c2ac6fe5418b67a3a05eac,1,1,0,0,21,0,0,0,4,92.86
883,82a4eb44a8fc7acee90fbe886f9a7998c0fbea16,0,1,0,0,0,0,0,0,127,35.5
884,913b2b17f1f22f351ecce26e5e5ac1e785981d74,0,3,0,2,11,55,102,31,388,315.01
885,ce28d18f38da3cdb4def2739df42461621110777,0,2,0,0,4,0,2,0,576,151.65
886,563f721704ce6d637005ca69f0addc5a7a567cf5,0,16,0,3,60,13,98,11,2046,797.65
887,dc3ea458f86dd3d8644017b1ded825123e353dc6,0,2,0,0,6,1,2,1,257,159.71
888,8e67ca8a3d10572f866795e9a173fff63e712ba9,0,1,0,0,0,0,0,0,574,102.62
889,e532508230bf4e5be3ae3944b178a5bf68294ee7,0,8,0,3,71,40,72,22,1370,750.91
890,9bcb2c1717e91202bac036ffeabb7b7d16bd385d,2,13,0,1,85,17,300,88,8469,1835.24
891,d1a38e398b28dbe7a7201a22dfc855ca606aa3db,0,3,0,0,57,38,344,91,2928,618.55
892,93334d56a328c41c650f9e910549ec7999d73387,2,3,0,0,1,45,70,17,5295,853.19
893,53fee853512b8ec1a036187a085e14035c51a4ef,1,1,0,0,0,0,0,0,432,138.36
894,56a56e702705a0793d509f390f68952c0bc03f3a,0,1,0,0,26,56,117,21,767,188.76
895,86b2499b10e8397d8b9cbcfd551211234c264299,0,3,0,0,29,25,26,10,435,183.22
896,0fd226323c2b19398d69f54d6036e70ee7225b31,0,3,0,0,138,110,7,3,442,232.34
897,0f9c2979c1b45900c13764d9348b1c69d9bb9927,0,1,0,0,29,0,18,3,1298,248.78
898,879b519926f59921bb76607e54e818a5a7683d97,0,3,0,0,7,0,34,7,1379,325.15
899,a792b34021a2d8b88ea91afbe172d138be6d1468,0,1,0,0,17,1,13,7,148,112.95
900,f76363c4a045d8ef921bb54f5f8cb462f9cfa9d5,2,0,2,0,0,0,0,0,0,269.97
901,2b167993928ff65f069a6c0f63a00aa514362d57,1,7,0,1,101,225,56,22,669,495.89
902,71765092a994644d57cde713adf426a251f062ec,0,1,0,0,1,0,2,0,32,50.18
903,d98446e5c454920ee7c8ecf9faaa0d18338a4334,0,2,0,0,9,0,51,12,334,135.27
904,3a2afab32589ebdc411ba993d552e88ef7e4b7cb,0,4,0,0,75,1,59,14,587,226.22
905,e9a2e63c1502f2d4658dad88336946795c1bd8b5,0,2,0,0,0,0,0,0,154,41.08
906,f067214f2c11499c7495ec12492b9eb832cbefae,0,2,0,0,46,0,5,0,398,181.68
907,af510fa61b2203aca2c210aee9542f05e2692659,0,1,0,0,1,0,1,1,167,90.29
908,ef8986fafb4120d01aa135f385eeb684c1f8c414,0,2,0,0,27,5,36,18,194,208.53
909,0af41481f16bcd13640f8388575c695bc4a70a89,1,1,0,0,0,0,0,0,246,111.93
910,d6a99ef4fefae3fa211fbd719216aa8a367b970d,2,2,0,0,203,0,178,20,3553,873.05
911,c5a41f78c3931755464c0eded9fd34111ca45979,0,1,0,1,0,0,0,0,72,56.53
912,09d1aee8f2a0b123a983c8d3721469ec47058ae0,0,1,0,0,0,0,0,0,1851,217.04
913,b393e5b89df48a18eab188af2e8fef60f06d7b45,0,1,0,0,1,0,0,0,303,74.56
914,901b6182e901fd480049132f2f6c8a3285ebd87a,0,1,0,0,18,5,93,17,269,128.55
915,d89af9aeddbedcb40314f3854ee984c9eaf25c83,0,5,0,0,31,6,4,2,628,323.94
916,c968616a62e0797a7f5467a900b687b353187d52,3,2,0,0,1,1,14,9,180,519.97
917,5ab3c66ea1b836d428ee189f985b0b220ed9ddfb,0,2,0,0,8,2,0,0,388,143.84
918,3bde32991e5c30b1e9546e067aa9e473b818b795,0,14,0,0,199,113,536,179,8631,1692.88
919,170dcd49cb944d26014f09f2317f34d6be398220,0,39,0,5,218,52,271,89,11193,2550.5
920,6c4d9ecd3140a1eb443f97dc4c3b25a954160175,1,3,0,0,7,1,44,21,579,357.62
921,26d24cd41f01483d9a6a8210152a25f2c82f8280,0,2,0,0,10,0,15,0,5503,765.74
922,1b75412da3bc9cbb3e7fe15d46ffeadbb5d6a0d7,0,3,0,0,16,4,14,3,1573,364.46
923,66b5dc55a28f3f9b5b13292c5604153330e0b491,0,12,0,0,1712,7,660,30,32445,6943.61
924,b315c411530770a5c84fc5b56ac1da0c185a3b02,1,14,0,2,23,0,0,0,6520,1220.18
925,4e0be4f44ae3aa8afd44c6d16700804276fec4bd,0,1,0,0,5,0,6,0,5184,667.38
926,a94bc1e8762cb69bf395f4f7b7569008c3fc7572,0,3,0,0,331,96,92,22,2457,661.19
927,918fae35962e89481a92d6813443421bc32a258b,0,1,0,0,30,0,6,2,221,112.25
928,0a8864d5c1f6baa47509e19e28ce1f285a26f994,0,14,0,1,275,83,455,213,8035,1911.1
929,79002a3f15a27e04a064da26336ee9e7869f4926,0,1,0,0,5,0,4,0,1883,306.59
930,ce5d77eb424b0bc24946216a4c0e638115d0093f,0,1,0,0,25,1,68,35,266,127.45
931,c205ca4c9328c9880ebadb2927588a02a55e0638,0,3,0,0,7,0,25,17,1526,325.79
932,8476c72451a5590d93e2c229d753b740becf91a5,2,2,0,0,2,0,28,11,428,238.65
933,44e62ed36308f0ef5b0d04358b287503d88820d2,0,1,0,0,0,0,0,0,1888,244.87
934,fa57caad72776b1ed791c2d1ee82aa9ab99dba8b,1,2,0,0,14,0,7,5,548,213.26
935,8eab6cd704873057c62dd699bc4591f6be53d3d1,3,4,0,0,9,26,0,0,2778,517.49
936,b3a903a7ef26595c6d4bece32e8297d5fd87791e,0,1,0,0,54,0,128,27,5253,732.01
937,fd2561f5949df891cc8192cd26845cac05fc06bc,0,1,0,0,2,0,20,3,218,149.88
938,285d1e4272c446d652fbfcd0557ba3d2c4229eed,4,5,0,0,37,0,14,3,6518,1314.33
939,84b169e590005244c9a141fa5700b44d7ac1e184,0,1,0,0,5,0,41,28,239,102.44
940,deed9055d2816ce017fb10110fad48ff8bfa20ce,0,1,0,0,12,2,7,2,1289,367.08
941,b30dfbb6a9be52bc289e5001cebbca450ac07ceb,0,2,0,1,0,0,0,0,320,110.16
942,a07f3fed4db95fea2870f8ba4a1d607370998218,0,1,0,0,9,1,26,6,89,109.27
943,b466c3d275ab74d6c446ff7c424f3dd8bad19c2f,0,1,0,0,2,2,0,0,572,124.26
944,800f2aa8a364059144b3eafc8075aa674106f535,0,1,0,0,23,3,0,0,164,77.79
945,aea128daeb8ffb18bcbe6c8a1113c368ef3619c8,0,2,0,0,0,0,0,0,221,48.68
946,073ace8a6a2a4aad78900f2fa375a5f118278e76,1,6,0,0,212,0,92,4,3470,803.01
947,5853d17fc8901d10d2d50d8dd643d30a01251845,0,2,0,0,4,0,14,0,466,134.79
948,6b4c304d9b5dae939ef710ee6624b6547db1a9e3,0,6,0,1,57,60,52,33,5994,891.3
949,922f54163c961cb322140a5f41641bd3262f7862,0,1,0,0,1,0,1,1,793,151.25
950,f73b7716dd6517a42a01302f7ad9230fe365f9f6,2,21,0,0,40,18,89,42,2518,812.94
951,4f18f31690a5f0da3de3be612620e0da651a645d,0,5,0,0,288,21,550,192,6226,1175.29
952,490b7f7003e1ffd19294962e4d017b5564d19d42,0,2,0,0,0,4,0,0,3454,479.61
953,694678e2692020f2b19f0d3ac0094d4f8ce42473,0,3,0,0,34,0,27,4,482,212.51
954,9fb60af56c6147e49d8e9091c52429028d35e810,0,2,0,0,37,41,5,0,635,203.48
955,5332e39f15a5bcb68e5bd02a45e65905f80f46a2,0,1,0,0,2,0,12,6,589,122.08
956,2de9d182b937e516562d41fb25698be31afc675f,1,2,0,0,4,0,0,0,1104,264.87
957,4dcb7388d962db21629adf86fa9f3c91243d3b8f,0,1,0,0,0,1,1,0,160,67.26
958,99d653f328cbab79c27e5273c6d0dcc58b904172,0,3,0,0,238,2,38,11,3204,737.5
959,76b50a577107e78f2692ee66f955911d027b6849,2,2,0,0,319,0,113,59,1895,531.92
960,fe874dd72b4d35deef5de6a46361976c4046a643,0,1,0,0,0,0,0,0,99,142.42
961,8431fffa5c7bbadbf6ecf4723e264604e775c500,0,1,0,0,10,0,5,3,6,69.78
962,21cbeeda964ca6e265fbc70f157c24c652c23d0b,0,33,0,10,12523,3097,463,49,43308,14133.29
963,87895a5f70caa5d8fe7e450f7ad12183b40dfeef,0,2,0,0,0,0,0,0,5533,687.41
964,37e871e4e8add19c6b61ab1cfc1a9bbf66c2f540,0,1,0,0,1,14,32,25,277,126.04
965,467727b3aded402289a3c142d19b57eabb68d95a,0,2,0,0,6,0,50,14,687,173.29
966,d5b96738e95e8ef72271a51d866f16a7d3686b26,0,1,0,0,0,0,0,0,47,16.11
967,eec051ad6d5de445b2844ba2fddc7c7e2aff7fc6,0,3,0,0,70,0,31,8,5734,841.69
968,74a82b074a3df23c3d82764a4f78ce94efe871b2,0,1,0,0,6,85,5,3,263,124.8
969,4e723cf6bb664cf5af3b718f247d57219fe0bbec,0,1,0,0,29,17,35,16,363,145.11
970,80637f1d83971d3b5875edc3b8197b522cd2b593,0,4,0,0,184,0,88,47,2451,563.67
971,2e64189826da05fa94513d6c18fe4f68b8c09e55,0,2,0,0,3,1,119,50,5970,912.94
972,0ddf43d8619765fb913111a084ef901bca5b955a,0,2,0,0,14,36,112,50,1729,416.29
973,2bc7cbfa3102c4e6af1064c2eeb0541de4c040de,0,1,0,0,187,97,7,4,16,152.31
974,a3a1eaa23045e33da8f9151fefaf2117d88e5524,1,2,0,0,11,10,1,1,475,225.86
975,4c2e7f8a51638a7821b29db0a01eb4ba46ceb36e,0,1,1,0,10,8,0,0,236,114.68
976,4bc634769a2aa1eb14f1f8a8880b7e30d670b4e3,1,2,0,0,142,19,40,14,1088,360.41
977,78fbf2c44da047e53f255b7e8badfe8d17ab43c5,0,2,0,0,1,0,0,0,1638,259.29
978,2d30eb574095ce84cbe52f5a014b9116a6eee15f,0,1,0,0,0,1,14,10,444,129.67
979,09acd6e2eefc1f223bf25910373475c3cc91ed76,0,1,0,0,10,1,30,17,573,174.58
980,d383a9f9f101ba57856d3771fe0f0ea173a81cc3,0,3,0,2,24,40,4,0,3037,777.59
981,340c117434d737a46c258ce2ea90a83baeb3dab1,2,1,0,0,0,0,0,0,71,195.5
982,81b8f1c7f7e3223b63e7479add18edc50c2cc4a4,1,1,0,0,8,10,0,0,236,144.03
983,6049c4d5a1343cf1a77d78a7bdfcb34f9804a83b,0,7,0,0,33,11,12,6,689,486.95
984,bbefba19219bc60d2f48e6e82b0924863d70414b,0,1,0,0,0,0,0,0,46,13.85
985,477cbe3953e0bcd41512cd21fffdda290776074e,1,9,0,0,127,11,206,62,8295,1515.83
986,8e7e4c355f0baa60c6708dd391182078af95645b,0,9,0,0,53,3,13,0,1454,493.55
987,a70ad445c90ac9fc1f8415e321a87a2815685e40,0,1,0,0,3,0,7,4,99,82.59
988,62936dd4e5fde148b4fc43392b15004c6fa52265,0,2,0,0,22,0,228,73,5673,799.67
989,d830dc387459f4afd70f58bd2f29645edaed9bad,0,4,0,0,39,0,44,24,6289,945.55
990,9910371cef9a5f6ebeb289313c89bf4e7e821472,0,1,0,0,0,0,0,0,337,49.87
991,7d941ee0d8d6c25efbc9e23e0ae5c31def392d9d,1,6,0,0,57,14,18,13,3191,705.04
992,220bafe79f8923af4d33e95d69027ae6c1464154,0,1,0,0,2,0,4,2,157,82.6
993,a99bffe338eedf7fe8435ac8e4e6ccb51f762092,1,1,0,0,0,0,0,0,453,137.51
994,5aa30eef0238ed870b3fee52f153f376b579b5ec,0,10,0,0,214,39,163,48,7067,1360.32
995,18aeb04b827e7f4c2cb9d14afcd69b066e6162f8,0,1,0,0,30,5,17,6,111,101.1
996,a36c448931cc58d0d08f02908b30d5c50f97795a,0,1,0,0,3,0,21,4,447,114.14
997,a58a328e590396e48e0e750822e9b875c37c82f1,4,2,0,0,5,0,11,1,2617,513.28
998,a0a2032315ad640ff14af7992dca7b0d3caf91d8,0,1,0,0,7,0,38,9,5610,741.43
999,233c4f1ef028561b19cff648d1bcf9c5d332dd36,3,9,0,1,157,32,269,88,6844,1534.37
1000,0f49a23a1dbb95929ff832741356ad0b51a9f34d,0,3,0,0,15,0,52,19,6148,1050.78
1001,3d6f4656808df00bdbc78325424f54b334490464,0,2,0,0,0,0,0,0,5882,768.71
1002,279da45e4243f3025573622ed95c9d3f90ebccfb,0,1,0,0,0,0,0,0,2868,377.24
1003,862c316fa76f8953d3fb20a944b9f40d9b0eed66,1,2,0,1,98,14,72,26,427,292.28
1004,fe7b8acf9eabb59a3e2aca42a1211e47ae735131,0,7,0,0,76,41,197,64,4113,897.17
1005,abdc11f9a404b2ded08baee217243f6f47b53ce9,0,3,0,0,84,0,22,7,5951,862.02
1006,b4457b0d8c7691a170ce2c10b6306a6a4413ee41,0,3,0,0,60,0,99,36,2442,484.04
1007,6ffeb6991e242f952372c657b8bcfc65641a979a,1,6,0,0,136,39,286,72,3891,908.44
1008,60d9f3df9a16f17a2f51694d2490807d3053282a,0,1,0,0,87,4,64,20,1010,234.68
1009,99d947cb3af95a016dd76fe29a70c62ef3f97e1c,0,1,0,0,18,0,14,5,293,109.86
1010,828f31c16ae63ac67df9256e65c23534ba97a6ae,2,1,0,0,0,0,0,0,453,178.76
1011,a786579fa0bb3245adea9c19d0da5fbbe7930f64,0,4,0,0,104,43,244,68,6707,998.3
1012,0439f63fadd917a6293ee151d1e7fb5c9272a962,0,1,0,0,0,0,0,0,203,39.78
1013,9e994addd5d253a91556e76939ace85a4e3879cd,0,1,0,1,40,4,19,8,62,127.54
1014,2b83707bcc141f8c05b40f88518509f967c3b079,1,3,0,0,20,5,6,1,207,233.18
1015,8d12a3bca338057fe176e180a8161c5f40b79499,0,3,0,0,49,0,46,13,918,311.69
1016,04168b6e0ab7b734a81a3158434b51f815d928c6,0,1,0,0,4,0,4,2,1323,211.0
1017,9afb1a5e0f085c09a72cade7698eaeb3b1f22d70,0,7,0,0,9,16,211,63,1911,596.32
1018,4a6c9e7470f893c620e17d7eaf9f31dc8636de0b,1,1,0,0,21,0,67,32,5783,779.79
1019,26813655250d7c2362ead88d0c85d9002cff3a9a,0,7,0,0,47,29,153,71,1566,536.2
1020,9a34db8f43d914c7430afce29373baf2ee0be56a,0,8,0,1,69,5,199,72,7498,1461.79
1021,3ff8d5121b92f43f280151e34edc57ed7b14fabc,1,8,0,0,30,9,36,13,4405,973.49
1022,c8ad4d00eeef5f94ff5d844723e3256a7ff17b68,0,1,0,0,0,0,0,0,614,80.14
1023,eecf154d7d29e4d5fab60e08ce5dbf8ba2b6190f,0,2,0,0,26,1,60,21,539,187.61
1024,33f40d1a1af6b589e3104fb30cc1a94e3b56e0f1,0,8,0,2,70,2,213,68,1501,553.11
1025,008c6abbe9ae939e419bb1897a666cf97fa2bd39,0,1,0,0,3,0,4,0,405,91.57
1026,084339e43494d3eae850ed1d724086c06ee02e8b,0,1,0,0,0,1,1,0,1096,174.67
1027,18e17ade40a4fa0108b01420a7eab235ce5a1689,0,4,0,4,192,5,30,5,801,649.39
1028,90edecb8ebba464a28487b2cf6d82b6e2cdb3263,6,6,0,0,27,24,57,27,1209,654.49
1029,ed3c5768975a401373c29798ac0db7fdc0545179,0,1,0,0,22,0,36,8,101,94.47
1030,e6b7905c17e45f61f137b5526c05d195bf6ab24c,1,1,0,0,26,1,10,1,418,184.06
1031,0b405b56490e638b3b50e654c270e80d87724e66,0,5,0,0,23,13,100,24,3742,739.94
1032,6d6c8680ab600219873182313439146a18170e41,0,5,0,0,80,170,98,16,7726,1179.52
1033,a744f014f99d6d3c98233b38c3218ccfe037b7de,4,11,0,0,99,0,75,30,2838,903.71
1034,32e20335da35e9677807bc0edc71117651524dee,3,4,0,0,9,0,8,0,6712,1096.18
1035,8171acd0726b7a2e76d191bb43bb9446b7d5024c,0,3,0,1,15,6,94,44,519,222.13
1036,9744c54fe8444977888e30760976217687d97292,0,7,0,1,37,0,81,28,6809,1208.39
1037,bc2d8864aff3399d8d9fe10f8a72782e2f88db5c,0,1,0,0,5,0,0,0,48,37.2
1038,39b05e9e871337ffee108b8bb3e1c14cbebaff42,9,1,0,0,0,0,0,0,244,385.71
1039,3c8fe713974bb6daa2a9035c463797f74df07137,0,2,0,0,72,7,130,39,587,198.23
1040,1472302498760b5d05fab1128313757a0488df1a,1,0,0,0,0,0,0,0,0,152.19
1041,e521e4db0f22aad59fe558deebdb8c3bfedc7aa3,0,1,0,0,0,0,0,0,21,15.49
1042,434cfbc08e3c782cb2fab84905e540a95cac2aec,0,1,0,0,1,0,7,2,47,71.53
1043,c25b54c498857b94987f5f13f138236d805c3a62,0,4,0,0,250,163,167,49,4483,913.37
1044,d560a78f05ad98a274603607f5fd6a79f4b3fdee,2,2,0,0,40,84,30,13,510,310.33
1045,4a0ef7927115e56fae0e73a0e1a1cf9ccf2fe636,1,6,0,0,49,0,3,0,4371,804.88
1046,0be7d2feaee56e4673ab5003fccdcb4bc04f2c21,0,1,0,0,3,0,0,0,304,68.3
1047,f90c90388f3818b04f94a3fd5028a6aed96d1725,0,2,0,0,80,32,51,6,6130,899.85
1048,a62225fd91bc171d33e34872fa46c8764e7b5ed8,0,9,0,0,102,22,279,115,2287,811.19
1049,a4705e51809e0f6c24cdc417c91600627cbe3482,2,8,0,0,17,0,65,40,1039,569.72
1050,5617a389e040abb1be173853d7af8275a34796be,0,1,0,0,74,6,27,7,584,179.42
1051,dbc7f8100cf3274f81e5401a29e340b947b35f65,0,1,0,0,14,0,2,2,2868,448.53
1052,fd46b0a7a8d051b95caf38dcf0e42ff330648cd9,1,2,0,0,19,0,33,13,6210,899.17
1053,7464c0b655d3004f6f814bce8cad6ed8a966c0c1,0,3,0,0,32,0,70,41,2705,505.29
1054,1b1784f7798e1ee5c3fec00470622ab13fa4de6b,0,1,0,0,0,0,0,0,64,21.0
1055,d4809cb43aa7246bec3d900bbc30a7d71838ec38,0,3,0,0,0,0,0,0,332,53.51
1056,f23c3852d30c1bf80c9ff42eb7e8bc8b0b127cd8,1,0,0,0,0,0,0,0,0,11.23
1057,a525b3e13b2abc6f9b7ee009c6b424cb107405f9,0,1,0,0,2,0,6,5,266,96.89
1058,7b1167e6fe9212e30ee0317d6acbe6a8c784d5d4,0,1,0,1,0,0,0,0,817,262.85
1059,485bd34eb6d54c96e9a44e8cc8585b23f1b11330,0,2,0,0,168,0,53,12,365,239.33
1060,951453776764a7678bfeb9b33b368ba3a25e0f76,0,2,0,0,10,0,5,1,2086,713.81
1061,c15e304e1c76c51f50ce3b0c829a6bca19b5ca84,0,6,0,0,147,19,3,2,1085,497.48
1062,8e451c765b022e8826da3c49711cbd38a617a9e9,0,3,0,1,4,0,5,0,2029,483.05
1063,68ae5f40913088aeefa373d3b08603b4d1c02a36,0,1,0,1,0,0,0,0,270,285.43
1064,6ab16c604d0c07db322fdbd8940f1fe3e48ba062,0,1,0,0,0,0,0,0,1885,426.91
1065,58744ceca45203ea4060092b2f94df34f7143864,0,1,0,1,3,0,7,0,128,137.34
1066,3be0550db974cc6a71f89e5f26a173258503c4ec,0,3,0,0,19,0,169,41,6153,1243.93
1067,d561bf3786b1165553c77c5891c12362b84b159c,3,11,0,0,61,1,108,43,7314,1622.46
1068,475b5a909b59f06014c12d71ebd9367577d6f2d3,2,1,0,0,2,0,1,0,48,157.4
1069,733be61de4580cd410b2cfb3886eeb1eea77f4ec,0,1,0,1,5,2,0,0,99,104.27
1070,7f2f0d5c3d901b3e3bca06b4cf79303a83298f0b,0,5,0,0,16,14,120,36,1626,610.2
1071,bd418524ce6c965408458345786bf4736065311e,0,2,0,0,33,0,2,0,6345,940.95
1072,52aae2402c1f2951f9a12a129e9099caf569dfdd,0,1,0,0,5,0,7,2,102,100.83
1073,d96fd33c2a5dff9a64744ae9c4095e017a17fab0,0,2,0,0,99,28,56,9,378,228.92
1074,9b4f3bbbbe57fe4de7958c2b1f040e98a0cada70,1,10,0,1,789,11,381,144,6933,1759.01
1075,a4e7587f9e905d09c8775b57fcb07da16827b3a3,0,5,0,4,9,1,1,1,900,672.01
1076,8ab7cae4aac8933def4b6cf55f3b144f3ec99e84,0,2,0,0,1,0,2,2,363,215.87
1077,d74c67e45b312f00770df7cede81b525b08e68c8,0,3,0,3,51,0,76,11,900,571.9
1078,0d3583ce8aaa8c6d8086de653eb1890ddea3ae5c,0,2,0,0,45,22,35,16,6669,1093.23
1079,93dbc92a633a0921edbcf18a1f310d40e1cfb571,0,5,0,0,26,0,26,4,7301,1424.94
1080,2f1c4bc3cc350acac32af38f8bcd95a588941c0b,0,7,0,0,28,12,40,9,631,621.69
1081,2dcef876f5e6a81e41d107425a9917433df0bfd5,2,1,0,1,2,0,3,1,14,254.65
1082,9f1f359ea4c0c433eb99a77724bf05bc51092c92,0,1,0,1,31,1,7,1,14,136.12
1083,4953ec48328b2be1507fd7e98d54523edf5daefd,0,1,0,0,13,0,48,12,6629,1048.47
1084,5079985661360b7c8e99ed2463e7b24f08fa9429,0,9,0,2,635,272,154,42,2040,1091.01
1085,001c140071999021b9a66a095a1059128bbe690d,0,1,0,0,9,0,22,10,450,125.55
1086,6316cdf6b8c96474d0c5b07b7557df3eda4646b6,3,6,0,6,9,0,14,8,564,725.38
1087,192a27887aaf324e7b39501b3add342005626465,1,10,0,9,531,2,538,184,5979,3760.17
1088,f78d7ff71ca5f3102eab0c258927063bad774a6e,0,5,0,3,37,40,65,36,8534,2014.39
1089,a5c9b58c05835b3a256e0d41a0f97d28bd6f7c3d,0,2,0,0,198,311,53,11,571,400.32
1090,0ef6ffb20162bc5e9f87d4990516f1e06ab27543,0,3,0,0,185,118,140,66,7182,1428.72
1091,b906110e618adaa071d23330153da9c5187dcc87,1,21,0,1,3152,33,831,15,43882,11695.41
1092,78cb89bb2e31d764df0d5dbddabb9e315e923557,1,2,0,2,15,0,18,5,648,494.17
1093,339153f86824889a04525e31ce999371bbff3719,0,1,0,0,7,2,25,15,137,159.44
1094,21d6c535a7b3a088166be1f3da6a376b6df71d43,0,1,0,0,4,0,19,8,218,137.08
1095,133aebed08e3b5b68232cd61cf378d2bb5c7452a,0,4,0,0,64,9,91,23,1990,493.73
1096,e1d9250ea22109a8a0326aeee99393769ce420df,6,0,0,0,0,0,0,0,0,316.31
1097,9ccf12106522e409e6cdc592730f10a94f367987,0,2,0,0,3,0,0,0,990,154.93
1098,5eec33a14153810109fa4228acacfa833ebc06eb,0,1,0,0,0,3,14,5,672,191.5
1099,94c27c81a4be563e1a7297957a3f4f6309fa351e,2,4,0,3,15,11,3,0,591,385.74
1100,3b3035ebe4c888fd01b39bf1806e19eba1399af8,0,3,0,0,40,0,28,2,997,456.34
1101,4ffc5c0ba62115fe9b736f50118b92e0cc6e92b8,58,0,0,0,0,0,0,0,0,3439.27
1102,65613502374995f0e443032ff485c9b62da3ea33,1,6,0,3,50,0,12,1,1597,570.96
1103,2b04c73728f55dce443fc3256b7c7dd7069a01dc,1,0,0,0,0,0,0,0,0,61.92
1104,f10eb73ef5280dfc7b59ba875d4d51c433502cb2,0,1,0,1,40,2,17,3,41,203.91
1105,fc27aeea48a31782f6ed51aa63925e43a6ba01b9,0,1,0,0,7,0,4,0,519,143.32
1106,0b49307bb5a5df22079391ff8c7162a3dcbec608,0,4,0,4,4,0,53,22,387,436.51
1107,2c933a7e5f6a9b117f8225ae60fad47cbdd44ed5,1,8,0,1,26,0,0,0,2528,503.76
1108,900f7b2e5bdd0f8b0fa4dec5d2f7b9e5f0829a65,21,1,0,0,2,0,2,2,470,1334.32
1109,d7d9fdd17d8b81f11f417cb911083b8d103599bf,41,4,0,0,84,0,2,2,581,3803.68
1110,1bb03c757f424ea71d899c5ac22371d0267e70f7,0,5,0,0,15,0,61,32,2542,609.97
1111,210952c551d80c86e6624a7eff16c1eec5385cee,0,1,0,1,0,0,0,0,352,151.13
1112,7f70df1d862d0d8149f68b969166377599316c3b,14,1,0,0,44,0,0,0,26,900.76
1113,0039a4fc3393eea568439e8ac1f519b2ed6a08c1,0,4,0,3,6,2,8,2,393,301.32
1114,7ae4cdd4d04e6cc6a4109b7998e627f0f73a9a0d,7,2,0,0,0,0,0,0,4,313.22
1115,c88e75dae16c138e3047fe5bb3d9c1e301f740cf,0,6,0,1,129,267,230,78,8388,1505.38
1116,2735fdee346a957512b11c88d893a94a74015948,3,8,0,1,149,2,34,11,4533,1259.48
1117,c42febd016ebdd0daa083963e79f7abe7b54c9e2,1,13,0,0,1042,55,741,22,45044,9714.94
1118,477d077a86a92db8bcde51e635dc99d5b8d012a5,0,2,0,0,0,0,0,0,499,139.09
1119,b12fb9c54d6453c7f4e3f2998d363a1bc27fd69b,0,2,0,0,13,0,57,28,1915,382.57
1120,8e247e1b1ba10b29cd4a44e0ad60b0a63bb135f6,5,0,0,0,0,0,0,0,0,548.26
1121,f78daeefb18e7f9836d67c16ae972bbca23dd632,0,19,0,3,213,139,119,41,3022,1096.62
1122,b8b7668f09161d0f221abc2ed74787a190e2c18b,0,2,0,0,66,9,22,0,522,199.34
1123,18eca41e0d377c6504a9815248431777845e4174,0,1,0,1,27,0,3,0,76,122.28
1124,f429af7a90e5190e780f6d352f9c397c0aaa5580,0,1,0,0,20,0,15,5,817,176.39
1125,0eddf2650b26ad579d018a7ca8c80f144b7b927d,1,0,0,0,0,0,0,0,0,60.99
1126,a3e7081b93f1a19c8bbb4ee10aaf9f6cb9d0e658,30,2,0,0,40,0,0,0,1119,2007.51
1127,045fdf6bc82283870d49348c57ffcdb5bef579de,6,2,0,0,19,0,2,0,673,519.92
1128,5a3dec39a5b0274cfd2fe75ed58172f648e48e2f,0,3,0,0,64,0,31,2,7165,1010.59
1129,ce67e7010b815fd4cadc1009ec9a1caac6772d5b,1,5,0,3,274,4,7,0,1205,441.89
1130,916be4611bf9bda86454bc632ba8542d002ba68e,4,1,0,1,6,0,0,0,30,187.49
1131,9a5e1eb9a3b2bd90e6bb771310ae6878a4a02609,3,3,0,0,11,25,94,17,1201,689.18
1132,f63c349828a544490fc5f53070847c5521445734,1,1,0,0,35,0,0,0,204,136.95
1133,56bdd71f0af83284d4ac30a8ad03eb0398d31abd,3,20,0,0,340,0,1935,684,3524,1879.71
1134,70d6d210c5bec9225822e1d57304f6101012dcc3,1,4,0,0,158,42,363,46,1624,579.34
1135,074687cbd36e534e947bcc5354ccf1c5ae7b1789,0,1,0,0,0,48,0,0,98,45.31
1136,1df58f98b8b4a79d2b43541c393051bd41a8b02a,2,0,0,0,0,0,0,0,0,168.81
1137,4d7c619763a4d99978d520326d08e3b8eb8d0728,0,1,0,0,0,0,0,0,837,115.37
1138,36fce778f60fb4d62757481d7d1ea6921426cfe5,0,1,0,1,26,8,12,3,78,155.59
1139,def8176ad6a58285e963d50930d92119f8d869db,6,2,0,0,26,0,0,0,557,522.14
1140,a9a3fc3ca36bd1efd4a0db1b9c0256c0d62535ec,0,11,0,4,47,69,81,20,2145,962.39
1141,104c50de6432f3a25ac30f68c60154d18893d943,0,4,0,0,21,0,156,62,10254,1496.23
1142,949288cc84e40de5e548b96865343abd55b1177b,0,2,0,1,88,0,0,0,193,151.46
1143,1f6e780acb3972768ab14903541a6297934eba04,6,2,0,0,124,0,0,0,1007,1099.93
1144,4b1ba3a7dde11e94c88065e1a0cd1b2230452238,2,12,0,0,132,59,63,21,767,775.47
1145,5a77f367f5ba18b9979c74159557ad566d1e7041,2,6,0,0,23,0,71,24,1028,412.49
1146,ae91877855f65d1d8010c98662ae408583479d0a,0,4,0,0,15,9,8,2,315,198.02
1147,901f60d401f26d02dc6589c2e297ef9029f95fc0,0,4,0,0,9,23,22,3,662,310.32
1148,5c405372c074555c6e4568c691b76ea01326013c,3,7,3,0,40,3,63,25,1902,755.33
1149,27e54b14817f629e08c7c4c16e4531c27c6d50be,1,4,1,1,0,0,0,0,289,149.21
1150,75caa8ffc7bfb4dfe475fdc70be618101a24cb81,5,7,0,0,13,102,6,0,635,497.56
1151,2c87e89b0305f42337070104a0d179c8910696f8,0,1,0,0,10,0,0,0,651,116.34
1152,cc8ddd410f0deb2dc6cbf89561651f35833f248b,0,4,0,0,279,0,12,5,373,199.48
1153,017dba0708a2abcf4d12b560a36edf3bc14723e2,4,26,0,0,3504,9,209,29,5181,2595.95
1154,ac6e98cce73c325165eb88c4ac463f451878787b,0,1,0,0,0,0,0,0,304,48.46
1155,5d501f37539bf93834be42c0343f414009be5aee,0,9,0,0,117,29,204,90,660,492.67
1156,01a5c3d3828032d47f60417eb7bc4f5f864ec4b7,0,2,0,1,4,0,0,0,354,173.11
1157,598ea34ce7c6fca143342d28f816e5ec04cff5ef,0,9,0,2,223,0,87,35,1935,633.93
1158,151cbcec87dff81c3d915588ac71bc9cca8d7971,2,4,1,0,364,0,110,29,1449,582.56
1159,3a473c5644195db72d47c479478a0392c0ab4297,0,1,0,0,2,0,2,0,661,132.71
1160,f5f6bf3b6831758617a1c4fe6be70819dd813619,1,2,0,0,46,1,12,3,1145,499.24
1161,a7a59184e4efc9a0a5eb46aab7c84f2b05376aee,1,8,0,0,111,105,99,26,1537,727.22
1162,8860f798003c1ac3807735117a51b14b94cfd80b,0,1,0,1,0,0,0,0,83,76.57
1163,ed2cf09cfa60166b5e8b5728306958dd8f1d09c2,0,1,0,0,2,0,2,0,268,101.25
1164,6c73eee73fc3ad29efd0f8a5c46fe476c4ff47c2,3,3,2,0,133,14,7,4,1690,677.67
1165,8790fd414dd2ac8591fbe272854d0d9c45474379,1,65,0,0,312,1440,2335,773,6243,4445.85
1166,3069e75c2d7b1bfdbc9913e73c703c93e5d158a0,3,20,0,0,209,51,174,84,7243,1291.17
1167,270a02cff82af7d68dccbabe57bb472bb7fe34bb,0,2,0,0,3,0,3,0,176,75.97
1168,b1c3452821845a38ef5d0282dd1b8d8f11c78203,0,2,0,0,81,78,27,8,675,211.6
1169,32d4c8deb3b81978b2fe19d6127c4d1a98cbc329,0,1,0,0,424,423,0,0,105,158.62
1170,4c2d2953d3eefb8caf921a01f726d1251cc77053,0,2,0,0,5,0,6,2,1357,244.9
1171,75b8b206715c1db1379b25ba1a65d04017646419,10,0,0,0,0,0,0,0,0,510.71
1172,4abe2ae31de9cd5511712ef556b7b371922d1d8f,0,1,0,0,77,28,30,8,572,208.66
1173,a4475fdea7ab756f04b82f6ce389f71270acf20b,0,5,0,0,51,5,218,133,2114,545.69
1174,f5514678cb7cd9851c24106fdb25626fb27efb12,0,1,0,0,9,0,0,0,244,54.64
1175,6bc2e2878eca83eb153f1b1f528b84662647977d,0,2,0,1,13,5,8,1,394,200.27
1176,92756a9ed04128f1d1b883e0422dd23cec12b99f,0,2,0,0,47,10,8,0,486,216.02
1177,c9d73311e4839ad72bef04134509186d8ff21fa8,0,1,0,0,5,0,27,4,138,85.99
1178,efb595a72135bca137a4250bd770e70002d67da6,0,1,0,1,0,16,8,0,231,118.93
1179,271b0a2fb688246768d52a2add1bd0d15694fd6e,0,19,0,0,10,0,0,0,6984,629.7
1180,a14eab8be528d435db4641ed299895b855ab6975,0,6,0,0,38,21,64,26,1790,684.46
1181,ca899c03daac3aa52c0e85fe62573a28dd04b4ad,0,1,0,0,0,0,0,0,444,115.05
1182,b364ac28aeeaa714c4b0969512a37393d9f83fdb,0,1,0,0,1,8,6,2,1117,211.98
1183,10814d9f04d9e500171452f77be50b7cbe8db84d,0,5,0,0,59,2,11,2,1504,401.49
1184,fb4141cd83cc449e5fe980b43f14cdab981b0c8e,1,1,0,0,0,0,0,0,252,96.98
1185,7bb203dd0f5dbbabc96872c3b7e69084e0b5f4be,0,27,0,2,204,27,41,14,8392,1737.16
1186,41b06cde76dc96c29351cb606c6738fa71b48ba5,0,5,0,0,53,3,66,43,1126,531.48
1187,696d6e861e096d46a0120cd751887c64488768a8,0,2,0,0,0,0,1,1,671,103.07
1188,7f0d6e69ec7aae756d1e7cee034df60b744482ce,9,9,0,0,44,1,7,2,7905,1648.28
1189,81920f0ae3c064ae5ed513eefd65f6929b9cda6f,0,3,0,3,13,4,3,1,667,360.14
1190,105f96290e6b7e13e186758c9210e7e390241aca,1,1,0,0,0,0,0,0,91,67.07
1191,bd288cb9a7e49ae2e0ac57c51a348efdcb9cdfb2,0,2,0,1,2,4,4,3,264,167.88
1192,f11044aa946661df619d01aa4ee2ce4978a481cd,0,2,0,2,1,0,2,2,113,154.35
1193,70195fe39dd3fe0960852ab2de5aa84e17957f6c,0,1,0,0,3,6,18,5,67,99.47
1194,3ffcd723672f05032605caab2558a132434d4b27,0,2,1,1,12,2,16,5,516,274.44
1195,d54032d36b8fa8baf2a86e644ba188a67fe07e46,0,2,0,0,2,0,0,0,488,100.72
1196,d999e4dbf54b27ea478657d05b437dfbb3a557f0,0,3,0,0,0,0,0,0,472,123.04
1197,f4bb8778102444b9edbdd495afcbf3db5b5dc08b,1,2,0,0,2,0,0,0,488,127.4
1198,b8e83a17b49238b1144254c9d99867b6d534e897,0,1,0,0,0,0,0,0,2878,374.85
1199,23a5058682d3eceb6332b29708e494f71e7f60e0,0,23,0,0,226,4,154,50,7957,1529.82
1200,4891b09e7b085b9f5265e8580fa2623d759c86b2,3,15,0,1,69,56,97,16,1860,1287.43
1201,3990db35a0428be6af4e9064d00cdf1a7c0b60cc,0,8,0,7,20,0,8,0,1099,717.72
1202,fa287cc35249c591bad9020b15c8b04a768248ea,1,3,0,0,16,0,11,3,838,291.64
1203,626cb7fc8160f7c0c431bc6fce47eb8615321d92,2,1,0,1,0,0,0,0,85,155.02
1204,57b59e353f16dd8cd65d553882f36ae2af023b64,0,1,0,0,0,0,0,0,131,26.13
1205,0f90719de686afd664b8149ccff2b23600f94cf8,0,1,0,0,1,0,1,0,50,52.88
1206,1cc94c9aab978f4cb07e7845f0bd6444052d72b7,0,1,0,0,0,3,19,12,137,82.25
1207,9bdd50ec5f6067cc08c3c9122ee124cda72ef12c,0,1,0,0,21,0,38,12,444,142.33
1208,dee4d4d7d809e3499e7e0fe951b6daa42d426af7,0,2,0,1,27,0,0,0,175,131.47
1209,3a98e6a4705759af7b020be1c2d0a3f44c9ec5f7,0,1,0,0,8,1,33,17,6717,895.56
1210,58c4bc5b1a35318d3008177eb85dae360cff10d6,0,2,0,0,4,0,6,0,339,155.33
1211,ccab0cb00ed39d9e48515fccb426a284c330e043,0,2,0,0,443,0,73,20,763,277.73
1212,e052c7bca426e249f57a5f5b44227ec55130d406,2,1,0,0,355,0,0,0,658,348.59
1213,b0aef3c44f86bd4801006f94f1b49e6abb97e79f,0,1,0,0,4,0,0,0,252,60.57
1214,f7e90ce394fb37f4ff152b0a723dfec14536e875,0,1,0,0,33,0,122,47,554,147.48
1215,e1c02074f33fb0aa3c08c173b49d2e7428452c11,0,1,0,0,1,0,13,8,137,84.01
1216,02bd504fbe3281843b9c3ab7b85633501207dc45,0,2,0,0,2,0,2,0,625,146.93
1217,0e90b6e0fe4e216130807392a0679445d1d494ad,1,1,0,0,2,228,0,0,6497,920.85
1218,496aa313ae601755df21fe3f17688e016615f994,1,4,0,0,6,4,29,8,119,240.73
1219,e199a5d0a24b698e0a99e2c8b39a05a0844af6f8,0,1,0,0,0,17,2,0,12,52.69
1220,1704a5e522fce3c5d15d41f2f578ce425f77b6c1,0,2,0,0,16,7,7,5,492,327.51
1221,d2071ccc6873578d0e53c2cf0559d5f036bf75d6,0,2,0,0,3,1,0,0,342,165.57
1222,a7acc09c7c4c851c7675b1e6caad8d76df0a428b,0,5,0,0,63,5,157,68,7181,1117.64
1223,c46818eac8215ee9cda831ad97c5413c70730fe6,1,3,0,0,5,2,0,0,116,157.14
1224,89bd5ba104323c9ab386ed59c5256f4d57bf3987,0,5,0,3,1,8,6,0,457,281.2
1225,6993aeb51acd1de6c5ffff76ae41fcd079478ad7,0,1,0,0,0,0,0,0,515,60.11
1226,1291dadc9d0036035bc75e0d0a0bc8e10138bdc5,0,1,0,0,0,0,0,0,250,60.6
1227,b8ebc257cb71f091dc944348bc025a5b750c9f19,0,1,0,1,0,0,0,0,104,82.37
1228,7aa1942a8a5086c9e3dc51399d9eacc5d7fc4949,0,1,0,0,48,0,182,53,814,189.27
1229,95b449b895ca365b315a75db21a17e26533e7ba3,0,1,0,0,2,0,0,0,98,50.29
1230,cde9c16e983c2e773fe5d5454494139a66a48941,0,1,0,0,17,0,22,5,862,165.71
1231,ad740d24b1e3d276f32de905780c7ee82b07a007,0,1,0,0,43,0,4,2,37,79.85
1232,414029aa585dc7aa76fa667863a966791892a526,0,2,0,0,2,18,5,0,880,192.45
1233,056c87b9b0239b9ec687f69e14279c66eecef844,0,5,0,1,226,282,140,37,5286,1313.16
1234,395d8f38fc6b720fe661feb5d580ed5b29d6aa94,0,6,0,3,76,92,74,24,2269,856.47
1235,10bbafe8978128bfcf9183847747f58b427e6b07,0,1,0,0,13,46,94,43,1855,355.23
1236,51dfd1f94a145ef3b63ccda0246478bdca5b02f2,0,9,0,9,4,5,3,0,233,394.84
1237,9a6d96991bab71551aae020d807d940d509b379d,0,16,0,1,163,356,322,57,2461,1202.76
1238,f69304a7fa82d9c8b1d6f0c1a10bba659c59e064,0,5,0,0,0,0,0,0,121,44.31
1239,d9b17ca07d9e672b6a776b8b1e7fadea28db1dd0,0,1,0,0,293,63,92,16,836,241.19
1240,c0e7f3435c821a2ffe99901d71792ac96ebfde99,0,2,0,0,29,0,0,0,1346,404.82
1241,f2b4d2eb6e372ef31961a05cebe02e7bee6f2f30,0,16,0,16,146,36,89,24,912,1325.27
1242,e9b48de7db9acdf8dc68b954fca7fe1c9aa62c3a,0,1,0,0,66,1,84,32,1116,231.1
1243,3e06c49cf283b1005b2ad0f199bc9a4f5e8329fc,0,1,0,0,6,7,0,0,94,71.68
1244,f6592517cc0517c997f4bc22d4aa530b2feb98f5,0,1,0,0,5,6,30,17,167,113.71
1245,3ea4e4d313cce43b56d50b7cc76045316ee4a533,6,2,0,0,26,21,2,0,1557,644.36
1246,d672c1730be6d474d0610be25e6bf05139541904,0,1,0,1,0,1,7,1,161,146.98
1247,7e4e1e8a73a4bd6b7b1e2891f62d7547fbad387b,2,5,0,4,2,0,9,7,729,477.46
1248,edc110372212cf9dde1e5b4020dbe0c748c60281,4,10,0,1,163,0,23,13,6425,1376.13
1249,499325c0af2e0630d18ec4639718ac929923f5fa,0,2,0,0,22,0,6,2,557,167.97
1250,59d77f70c947d5abeea5845a0f4aca607f6ba5a0,0,5,0,0,50,2,425,126,7595,1243.42
1251,680b80ec8107c4e4ef5e766ee124b3311b363ed9,0,5,0,2,35,59,77,12,870,469.33
1252,9d528fec206a308f8b289640c00458dfc1d57ef9,0,1,0,0,27,0,15,1,354,134.91
1253,c31e80a0b67cf4b688002f293181b91513d45fac,1,5,0,2,356,16,328,159,954,574.01
1254,8dff149ad460ebfba4477fad6bca09aba4ed82a0,1,36,0,21,121,39,176,54,1751,1544.59
1255,1e9c83a75ceb4b32336c2e7609a1d29abd867ca1,0,8,0,5,7,0,0,0,1501,399.77
1256,8e9cc1268a0c073a5c009ae64fdd1b5269b4779b,0,3,0,0,2,4,104,62,793,268.14
1257,06f5732689ad2c89e16483abe953e486b0630d56,0,0,1,0,0,0,0,0,0,24.4
1258,d84e3fc4f36a30772ac5925dbf9fa043c6e04eae,0,2,0,0,33,0,12,3,281,148.03
1259,d8c4653e0ba88a742e933a1bb96e2f06b7bd248a,0,2,0,0,7,2,5,2,326,136.08
1260,0a6da74f225b75eeb7f69291e304419b46dfbf6d,1,6,0,2,28,0,81,27,1263,767.34
1261,1252cedf494ee85d30668bb531c07ebc028ec574,0,14,0,5,6,0,1,1,1015,406.24
1262,ba6761450855a821a7c39fc064c9cb42788af0a0,3,3,0,0,197,2,90,28,621,425.24
1263,2d578c324b4d6bcd55aa0e000f94dc98f63e2331,2,0,0,0,0,0,0,0,0,110.27
1264,fb525415161f088400659db9c9cefda9f340d1ef,4,4,0,2,48,32,1,1,537,459.5
1265,79f3bf148814e629dc31ec0b69f9ea206bcc0e5f,1,0,0,0,0,0,0,0,0,58.34
1266,4d30eaed977d1e2d7f57603da0f76138149e30d2,2,0,0,0,0,0,0,0,0,143.28
1267,df124eed4c0f96b3d4069a7ee2fafd26793b1ccb,0,1,0,0,19,0,63,18,239,116.01
1268,3063e619ee1a2c526fb73088e7184187803f37c0,0,1,0,0,32,0,10,0,65,64.73
1269,35e4e6662bc693678e9d73fa5983539d9e71732f,0,66,0,13,15,49,112,11,4282,1797.1
1270,b8fd7718566e27139d3650f47fa1699d95733f3c,0,28,0,26,0,0,0,0,1874,1010.75
1271,3a447ea08b04ed5d0725bd6ec6f6f6395dd62c36,0,4,0,1,6,2,9,2,492,214.25
1272,8e7c9146e24728cfd071cce7796bf3d7a474b438,0,4,0,1,246,189,101,29,679,409.86
1273,2f8a8a1a4aeb26a9963fb48019ba0ff29dcff094,1,10,0,2,40,0,50,24,4566,1072.16
1274,a36963cb17caf7e7e366b09f799df1740566e8b5,0,4,0,3,4995,19,1450,288,9161,3890.53
1275,babd7651d4d673518c51fbbf063b6915f69e1ffa,0,1,0,0,2,0,0,0,38,40.89
1276,3ca95957342f5b909aa7222e7835e8b199d23f5a,0,2,0,0,25,52,14,3,467,229.02
1277,0aef1f8721a5b07fdb8ea4014002b5d5b3bf6fd8,0,1,0,0,24,0,7,1,131,95.68
1278,218ef60173c66d58a076a76a872a84423e5f49d8,0,1,0,0,16,0,27,9,271,100.09
1279,f8c057f0783409b52a94ab39f8fc6078afafb759,0,8,0,0,343,343,133,27,2551,830.73
1280,db272608b10e35fe8663b25eb0cee1d74189d23b,4,0,0,0,0,0,0,0,0,835.13
1281,69deabeaac020ba60b0f2156579f53e9fe46157a,7,8,0,1,431,20,525,188,6120,1944.59
1282,6b8ea834ed39d7d3e7be3ed390bbcaaa634d8c72,0,2,0,0,137,2,63,25,281,213.26
1283,c07b4c584ed74d7547cd10caa1398cc936bd40f8,0,1,0,0,18,0,84,39,333,109.96
1284,0742a39ffdbb2f8b8c3b3bc5e704ff25cf83a289,3,5,0,0,23,173,15,1,655,460.62
1285,350b999234495a860b063372dd18eba07e752f5a,0,1,0,0,38,99,128,39,293,148.54
1286,a1e661e71a7e3d631a2e5d9d2b762a08082905b6,0,1,0,0,52,2,2,0,661,170.98
1287,6ee91902b526d52c23fa771d81958240bd0510eb,10,3,0,1,11,0,8,3,632,603.34
1288,7e0efc679b27e5852eba480a33f809347cc9372d,0,12,0,1,344,337,249,74,4294,1260.39
1289,8dd268fe73494380977ec1dbd719e10d7b00071f,0,1,0,0,1,0,30,7,351,102.37
1290,e0820d4e918afb3f9d1e421706fdd098d02529c8,0,1,0,0,5,0,14,7,182,90.55
1291,77ffaa076f00cee01bb9eb1c9ab1d28c11d8b0d9,0,1,0,0,0,0,0,0,381,68.64
1292,c6e598200c3ce6cdcae5a0654b8b0d1df320a5a3,0,1,0,0,1,0,16,12,6524,896.52
1293,1e48c11b7faf3d6c782354e2ddf600b271e88d0c,1,1,0,0,0,0,0,0,10,66.15
1294,aba95a1b4db44f3d04a4084242624bdb674afd44,0,1,0,1,6,0,54,32,159,156.51
1295,c8da8e27ad37fcbc952f60f3a1a61824780e2822,0,1,0,0,0,0,0,0,352,47.2
1296,3726479921cdb362a2549540aec98a66a6632832,0,2,0,0,429,116,42,10,1878,493.68
1297,80bfba3079ba214a0f08abdd09794a7c4a314f27,0,10,0,3,132,124,150,62,1766,848.18
1298,0aad65781d564bb25e0c131b1e2319e194f89efa,0,1,0,0,4,0,1,0,86,56.66
1299,178e324d25fde3f6234a4a561b9bebf9f9fffc4b,0,1,0,1,0,0,0,0,26,33.0
1300,3f350375f1424d5a1bf302f9ccec680599c0f8e1,0,1,0,1,4,0,20,16,414,456.94
1301,836c3970b3058d9c0c7b02c5fa8a89deeb5829c9,0,2,0,2,0,0,0,0,164,119.8
1302,e80a4a72b8c533f187c30a8486f8231bd7a6beca,0,2,0,1,18,0,16,8,81,103.56
1303,4e7766b0b2200ca693a442c38f439af5aded3db7,0,4,0,0,19,4995,1450,192,9161,1329.02
1304,9bb633d67e1dd07ab65d713335a8d31b70910c12,0,2,0,2,10,1,0,0,62,129.76
1305,e8f60f10f34d3a39f5ad025c5529b79db6ba4b0d,0,3,0,0,25,36,81,30,234,215.78
1306,dd3660e4e5429524202d31996b2d7fbd1ce4aa8c,0,2,0,1,11,0,0,0,104,111.26
1307,7ffeb64456359f5d16e6ba5feb4fbb6d5cd06f81,0,1,0,0,1,2,106,50,6523,838.96
1308,4a4129b2064282a91c24d6cdf5c88f230c50bf11,0,1,0,0,80,33,81,25,232,156.41
1309,8c991c0d28f2de844c28a5d3fce916b08b4b30ad,0,0,2,0,0,0,0,0,0,44.97
1310,4662d6e8f723a980988b1e342bd448d4c054e83c,0,1,0,0,7,1,3,1,26,87.58
1311,9e42c2fa0b1261a5d35adf73969a56535b2e7b3d,0,2,0,0,20,86,82,36,6538,911.19
1312,dacce4bdceea22c21e637471e30101fe41dd3222,5,3,0,1,13,11,12,1,930,468.17
1313,6169e22891124bef29f6cc76bf96cf59aa2d1376,2,12,1,2,79,72,204,72,2718,1153.51
1314,05f53f5156c83ef620958931dc93dd7a795d0bd8,0,2,0,0,153,0,15,6,1195,269.56
1315,697a31b994205470356b5fc0af5a1ef89400450a,4,4,0,1,17,46,53,18,639,429.48
1316,a5d8aa71a95cff7d01c13c8d4644fa3811a64853,0,3,0,0,0,7,1,0,60,82.32
1317,3abef5bcd1010974bd6b8e83807816008929f46c,0,1,0,0,7,63,112,51,173,128.1
1318,fbc86133c1efa642c777329d9e3b8ecefc3932b3,0,2,0,0,100,21,16,10,418,219.52
1319,265ae7b4f81ec7cf19c6f0b59a13a3e7dfb942e4,2,10,0,0,108,23,66,29,1704,750.05
1320,1b2d5d53735674cdbbf5fa929e76540f93dc82dd,0,2,0,0,138,43,159,90,3359,820.8
1321,af063928e3a42e985bf963a34465081f46a1908f,0,1,0,1,0,0,0,0,82,59.35
1322,f142aeb28a56320628abf8cb2ad31f001b6d8ed9,0,7,0,1,8,112,218,51,2440,673.23
1323,52e5d13203e7c4c159934d3723e9665da63a315a,0,8,0,0,161,26,78,5,2374,781.59
1324,0204cc4e5af6656c9e6c723896d3cd2f73faaed7,5,12,0,4,172,31,107,59,9675,1953.96
1325,976bd369b5e59f2a1204f1d28adfbdb71c09a6cf,0,1,0,0,0,0,0,0,306,44.19
1326,c87266120f88cf5748b1e882a07f32e45ba65a12,0,7,0,5,35,6,40,13,707,536.7
1327,52d4e53c76d2e807e8eb32fb1bd15ecd555cd408,0,15,0,8,110,0,2,0,1453,750.45
1328,82d4ebe0c1eff55463d1164777604e0f76b3cecb,2,0,5,0,0,0,0,0,0,184.24
1329,1180f579a13db98e9aa1055b931fa38a0af5e0e2,1,0,0,0,0,0,0,0,0,63.46
1330,f9fc6584f9846e1bccddfdf359516ca02d476b67,1,3,0,0,101,62,5,0,3762,665.27
1331,b05c4bbda051eb577b4961cf83b1e5cb53bf9734,1,13,0,0,66,16,299,127,8921,1714.15
1332,c72d621d2a961343615d43f7b7db864758de6f8c,1,5,1,3,0,0,0,0,665,263.64
1333,8398d8f84fda3538de9d9ddcdc7007cce75c2366,0,1,0,0,0,0,0,0,18,12.18
1334,70e655036f954f04a2c9206fec9f0ca9ff510030,0,2,0,0,35,0,0,0,406,188.78
1335,edf24dba3c88a9a9e870293f175fe5942d4c7c67,0,1,0,0,35,0,15,4,6479,829.36
1336,9abde77d799d25013baf2b05c7ff5ac3eead583d,0,2,0,1,8,0,28,12,563,259.36
1337,731e97663570510aca81fe183ef455d3ce342d43,0,1,0,0,154,0,0,0,676,177.03
1338,5653a7f092f3ea5d8f04dc5f8e2a9ee823b6f7c5,0,10,0,0,16,1,26,16,985,492.12
1339,4a524b20b0f30061cf2c32272bf8531acdafe000,0,3,0,1,23,0,18,8,341,216.23
1340,73dc1b34603118e932601db06d280f68ac8c72a2,0,1,0,0,2,0,14,5,151,284.35
1341,e1502d68d3c13ff1e43cdfb9adde0686fa7588f0,0,15,0,12,12,1,45,2,1989,1112.87
1342,6bdb0b1a4b6d4d7052d700f1a11c97c89cd8de92,0,1,0,0,0,0,0,0,86,22.67
1343,4def6c317ece43d48f5107546c6fce8dec97104f,2,3,2,0,4995,1,1468,296,8780,2255.34
1344,68125c64aec3650760ee1acbada7cf0e0cea5a7e,1,3,0,0,128,0,35,23,990,349.97
1345,53055757729af9542dd57c58e9ba5423ff914290,0,2,0,0,16,0,0,0,198,91.62
1346,5aaacbd4c40d61271c49b93c4452463c5afb2122,0,12,0,2,4,0,0,0,1246,342.69
1347,ca2ab83b42cda368dfe76dc8437676989f135015,0,12,0,7,0,0,0,0,1043,531.49
1348,7f21c2303f47540eaddb6e4962daad8a3ec1a072,0,51,0,43,0,0,0,0,3719,2511.86
1349,e9cef95c4b3913a96392433a7cd11359d9a0d893,0,5,0,0,99,6,270,123,5015,1288.96
1350,a5362f7ef6f292ed36bf3d5d5f6ddd449f0d8bdb,0,1,0,0,8,0,0,0,67,57.25
1351,d23d8502233e5d5ad7df5a7d76a07985ea3d8313,0,2,0,0,0,0,0,0,35,20.94
1352,f02a544d986076fb85c1ce1319fde3ce2a90642b,0,3,0,0,96,4,59,27,791,373.12
1353,50f89f32793a27dededf0b0dbad2e64e8ef6808f,0,2,0,0,21,91,12,3,1716,517.6
1354,40a207305e9d8904c78996d9aa960f099663c030,0,12,0,1,41,216,265,79,4341,1527.84
1355,43bdcbe19b6a865b26795f4fd8234ee6ee80b4c2,0,40,0,2,92,43,91,26,7994,2258.15
1356,4a4c3bce0d9d10b5edcedb112e59eefc18759b5e,0,2,0,1,21,0,0,0,192,193.83
1357,e2747654fdd3bc2e713d8cf20d2278340beeb0c1,4,3,0,0,5,6,15,1,803,418.94
1358,e765ec241f52f71d372de65276d2e133f970f423,0,2,0,0,33,0,20,7,388,243.02
1359,372782f82c45977bcac588f5d7bc02eecf96726d,0,1,0,0,0,1,4,0,1713,248.8
1360,b38cffebda303503b9c7b1756a86e0ee118d52a8,0,1,0,0,808,288,292,73,3646,1593.38
1361,77a1ede808b042f24cc0b602f44987c1671d34c3,0,1,0,0,1,9,136,39,578,176.76
1362,97c5260cc969b3c19c4bba36955505198e2fc1f6,0,1,0,0,3,0,30,6,331,132.74
1363,ab174b28b0fb58dc350d420e4c40e062d9a7e6fc,0,2,0,0,17,0,19,14,482,202.09
1364,bf2c145044288a3cbe0418a441ec8728c54a06b3,0,52,0,6,85,2,63,35,4646,1343.55
1365,a41c6199a88eab1114ff561dfbcb7e4093e2cb1f,0,1,0,0,15,6,19,7,3119,594.88
1366,c7733dba214eb38c2657d74b2f221fa6df87ddbf,2,10,0,1,85,22,65,24,2138,1014.23
1367,6e62e6201ba3fc7c2bd159166fad320c7d8345e9,4,19,0,14,19,155,48,8,1835,1755.9
1368,ca494d5a96c58823036805b527f1445e7d15ab1f,4,20,0,0,285,18,295,113,10140,2781.07
1369,43513ec5797f80afb0c78fc6087c34e3acf3c090,1,20,0,4,42,39,73,22,14733,3633.06
1370,50e41ea2fed7120ee48299fe42d80d03ca19c28a,0,4,0,4,3,0,5,4,533,319.85
1371,290f860e2dc1da38a9dbf014cbbbf21b934ae009,0,16,0,7,259,120,30,4,1437,1568.1
1372,e19a3acd231a187dfad3110d4a320903b9b0ab73,3,1,3,0,23,0,19,10,720,478.94
1373,7f9bc6cc37418d7854b1ffaec4bebdc2ff8db381,0,9,0,0,699,83,610,214,7907,2557.56
1374,fc9a05a1e4ace9cce5940b7dc606a8bea763a3f9,0,2,0,0,0,0,0,0,596,186.42
1375,f2040d00aa5a65971e29082f30d8b6879212cab8,0,1,0,0,0,0,0,0,79,22.7
1376,078935bc4117f370a58d61a9eaafe94094534abc,0,3,0,0,0,10,60,28,614,302.97
1377,36639a4f644b4f6896cb336c742fe36527c785cd,6,4,0,1,176,48,175,38,1545,1163.32
1378,8a51914f4da13337075c04606c68177329a8bdaf,1,2,0,1,32,4,2,0,413,242.76
1379,328d49037e99f93f07b25b7009cf655799152a12,0,2,0,1,17,0,35,9,432,286.68
1380,fdf7661f001943163d40e69aab5f00236502338e,0,2,0,0,0,60,0,0,748,398.44
1381,120205a0fc2b220af89cc89ff83d73a52f5036c2,0,1,0,0,37,8,27,16,140,197.26
1382,5f60ed64651bec2abab9510fa09573f5775f8871,0,2,0,0,0,0,0,0,489,90.84
1383,3658e3d7d36b67dcbe2e67daae2a770a3bd7f041,0,6,0,0,2,0,8,3,3134,564.36
1384,e38bed00630034d7e863fe10936a48bf24c3cfca,2,0,0,0,0,0,0,0,0,99.79
1385,9891a4570efc8b95a5949201c4a9737d1b1327c0,0,1,0,1,8,0,6,4,104,163.85
1386,eb6f9c5c5c31c0f2583a3dfc8ff14786c366af88,0,1,0,0,6,0,3,3,171,163.4
1387,5adc8c0e7161d391eb4338827b047f3081834ad1,0,1,0,1,8,0,1,0,78,137.75
1388,b801f10cadeaaeb0c25da96561ccdf202cca57d4,0,3,0,0,13,1,13,9,511,384.26
1389,b69a44caa3cd6e48c4348a8e9365307d7a0be4fa,0,4,0,0,43,2,104,39,852,388.31
1390,6a9e42e7d737d3ab916846aa08322be2de847c24,0,4,0,0,99,0,36,24,1425,489.86
1391,351620ac8f8395eec589bb8e43ec7a5d892f42e3,4,28,0,21,960,400,520,16,5572,4335.49
1392,70cbd34c93a4df43822875ceff7ddf5bfe4ddcea,0,7,0,4,57,6,26,15,648,537.51
1393,1fb6c2976d3b7fc350147f56a492b558644e5a0d,2,1,1,0,0,0,0,0,743,295.54
1394,ef8d64a6339f6421be38366b76603f18e6996328,0,1,0,0,1,0,1,0,1868,382.56
1395,872e04b6ef7e7898d36653050b13e8ec6a8d508f,0,1,0,0,60,75,43,22,183,201.07
1396,eaabbaa7ade06f12eac71d5a817be6e7b52c7811,0,1,0,0,11,0,50,37,224,107.12
1397,c3bdac3c0725e0bf1cde786a54996160da88113d,4,4,0,0,126,0,22,12,2324,689.03
1398,12ba49dbfc19da5f741fdc8d8a8925c8970589a2,4,5,0,0,151,0,136,54,1431,706.46
1399,ad20562695f861905c416daef7cb21011ffdd652,6,9,0,7,78,3,124,32,1068,1381.47
1400,eff557ac99cb3b4346f1dccc0ab5a95013a3c428,6,14,4,0,2,0,0,0,1762,1278.11
1401,e0724339a851783a2c0a8e7a8d37cb8a8f639e2d,0,1,0,0,1,0,0,0,460,149.64
1402,becc4dc57d4112144337692beaeeb457d7000ec4,13,4,0,1,79,1,68,17,1816,1218.0
1403,8ed25b07b4b12f76ce905a2f031c3de03369698a,0,1,0,0,5,0,2,0,222,101.12
1404,a46358cb8bcb537fff479d225a0073c7ff7ee928,0,2,0,0,0,0,0,0,317,52.04
1405,18064842af9c97662a5c5b5cffd863dc144ce9e3,0,4,0,3,12,2,4,1,113,325.02
1406,e564c66f8974954e729c096e01bbd6784e975d9c,0,8,0,2,61,0,104,4,846,591.31
1407,a88e6820510867b996f85f78ba37ad65adbf5c11,0,4,2,0,12,0,25,5,448,325.84
1408,6b89772a358547fc2e092e9b057ee9dadf80fcbd,0,5,0,0,119,12,123,36,2968,812.82
1409,8ae9f712ef1722db97fde6106b2785d9990fd356,0,2,0,0,51,12,112,49,379,210.55
1410,31730e8c2b47497fcef4f6a5032b577e0c1927fd,1,27,0,7,47,57,54,23,4647,1206.6
1411,7ee7363b5d49fdb95f256a939e44f33659f12e17,0,1,0,0,20,16,23,6,697,182.53
1412,990a95b0d8f25b81e9758d9b2f77dbe24740e15e,0,1,0,0,5,0,17,11,97,83.01
1413,29fd0ef9f06582d7c77bd33a27a6ed6981af6040,1,2,0,0,159,126,16,5,549,326.74
1414,52988dbb78f948dee0d3d0166e947b5e77825ce5,1,8,0,0,50,0,22,16,831,453.5
1415,99022e6c79789b385855d5035aa2300e9699d363,0,6,0,0,34,0,69,11,854,434.25
1416,56f0098e79f260b6d32bfa56ea141fddf0ea031a,0,12,0,4,76,1,66,27,1417,1008.84
1417,d0acb0a6d36168803867c3b57bbca9ad60e5e06f,3,1,0,0,0,0,0,0,325,193.0
1418,307323040fe488886ce318fc1021bcae73e8276c,2,9,0,1,391,37,405,119,6791,1789.65
1419,721dee15fa8277ebe12fb445a2627547cf94901c,0,2,0,0,22,4,38,6,836,270.54
1420,06c2d272d9e344d140c23c383304fc6f3a8af86f,0,1,0,1,1,0,0,0,8,325.01
1421,a7aba41e94ebf89bb1b080f5d55185363eb9e913,1,5,1,4,0,0,0,0,408,365.78
1422,6118665a62bfde68a894b858a3a865345e04a1f7,0,4,0,4,28,0,1,0,387,323.82
1423,5340a6092523ebd6d6c43f987f978f7ce6de6e0a,0,1,0,0,8,29,6,0,114,92.91
1424,64428bb2f376e9af1e51438ec8b676064a2638e9,0,1,0,0,38,4,21,0,102,90.1
1425,36622a50db041d99e752d52dbd0970f91f959737,2,2,0,0,15,545,0,0,1105,355.43
1426,6e50b3ed6876d279530f9f7fe8b90cda68ab5988,1,2,0,2,3,0,0,0,113,167.45
1427,7c95a705da2460c5798c22e0ba7b6d9420646c8a,0,7,0,2,31,12,116,36,779,433.55
1428,4adf1728e69e4f735c041dd551f5a65bde4f07d3,0,2,0,2,15,4,50,15,189,238.53
1429,5ea6e12f2f7b5b8020cd049581f6579549367e6c,0,4,0,0,15,0,28,0,462,157.64
1430,dc40f74c82792c7f9a16cc8442a8e3eac0b8e15a,3,4,0,0,18,5,16,5,420,284.79
1431,534b447046a0e66272635efb8429daf6f3e0e737,0,2,0,0,555,5,40,13,1522,427.05
1432,f1772a9d195fdfb7a2b848f6f74e2059c90870ee,5,6,0,0,6,65,147,46,637,524.47
1433,93a50698776c46bcb1053c313e56e341dc41b131,0,2,0,0,43,6,6,5,403,295.36
1434,b781cb79ef542ca38a18134445dd71400bb9306a,0,3,0,0,6,0,28,5,293,164.23
1435,3a84661dcf7784b88f74d3640d56ce4358316133,1,4,0,1,177,24,110,42,2213,680.08
1436,e0db6aa73d122187f1e8cf2060a0ad6fa90394ac,4,1,0,0,2,0,3,2,121,259.52
1437,fa94e006ba10944c64d1864c286fd14c913122dc,0,2,0,0,2,0,2,1,239,102.23
1438,20f99adecd74ce67f9e96f69ba249539922e827d,0,2,0,0,260,71,117,46,3580,610.83
1439,c1a13a918620e4db03a1ba3d44e9f78150800ee2,2,11,0,7,27,40,39,13,1060,849.28
1440,451b2ce8c1ce97f57691fbae79d70df8deee17a9,3,85,3,14,211,195,482,107,9128,4057.05
1441,619c81ec81eed12702571b08160251411b2cc6c5,0,2,0,0,42,50,31,12,298,224.78
1442,920201532aaf8ee89d90c26ee4525259f744b07d,1,1,0,0,1,0,2,0,107,86.0
1443,d8c72dcf86c1c67ff40c50241f0c2696a7b2d62b,1,1,0,0,19,0,21,3,105,125.04
1444,100e44dc57dd117ea99dad5e0e3e2dbb9c787ef9,0,1,0,0,0,0,0,0,1869,265.6
1445,b60e47e505dcae50b26e9ea80123816d9a2c465e,0,1,0,0,10,0,38,14,1122,199.41
1446,6f1ebde15d512bf9baaef6877dd459d8d2935035,0,5,0,0,411,37,11,4,3358,670.41
1447,2e308068297301ea7d378a3dd6e6dceeebe6ca1f,3,4,0,1,5,8,10,5,919,386.35
1448,47dba0447589cc33278c29b738141b27167531ac,0,51,0,20,0,3,4,2,898,748.45
1449,12506a050bbea6a41b0c652dd24ecc1b092093ec,0,4,0,0,44,6,3,0,233,199.15
1450,9c0216cd451a87bb98614c12800e22ed4bb7345d,0,3,0,3,0,0,0,0,54,74.67
1451,aa7e70b0b6634f19b0ea4e2658a00adf999ba2e1,0,8,0,0,16,0,35,13,580,234.66
1452,ee2394e103505c1a9da00b4744564aab7917772c,6,11,3,0,245,64,95,38,2570,1043.2
1453,51f9bb21f3ce6794e8922df453e79311e24bfff1,2,2,0,0,31,0,4,1,316,221.09
1454,f7b42ce8d78db92af15609410907a94c80b5376c,0,2,0,0,39,0,118,63,1534,320.3
1455,e189b20f3aa1436b4cc6ab4c76d9c7ef88f582d4,0,3,0,0,6,0,25,5,299,169.2
1456,860b9240355696d945e99fe23cbd0964ebab4adf,0,1,0,0,2,0,52,16,310,102.33
1457,1d5748cf1502de7522440ae9a09f1cbcede00e2a,1,1,0,0,0,0,0,0,214,105.05
1458,53288162b03815ca6aace9fd83496249472d7563,0,4,0,1,1,0,4,0,394,168.72
1459,135db7bf6144b1d9211359a1d92ba302cb181aac,1,2,0,0,21,5,25,5,718,296.93
1460,b18265e78cc2115f1db46b8dfb7df7ffab605674,0,1,0,0,6,0,11,1,123,331.5
1461,1f0cffbb1dcac66fdb85465fbf043d41ce1ad391,0,4,0,1,17,1,23,2,606,332.65
1462,e01dc598829eecd3810040e1cb96575deea36a7d,5,0,0,0,0,0,0,0,0,189.57
1463,f0203a823bb53cf680f107e0dcb179c75b15783a,1,1,0,0,0,0,0,0,756,160.07
1464,35057a9b16323db623acdc61ee8dbbcf7c8aa07d,0,10,0,0,123,57,201,98,3681,930.77
1465,d5cc5f99045623cbc4d55950717ac9fb358c064c,0,1,0,0,7,17,26,11,80,97.23
1466,2d5fb0e9c12790c6f3f5258120cc8230b2cdf517,0,1,0,0,25,14,5,0,81,87.51
1467,8aa6a14f946e44393e6b1795de43e8f585410944,4,4,0,0,120,22,40,21,2195,643.64
1468,e47c404868a13b501d83bae5253f16dbb09aebe0,0,3,0,0,0,0,0,0,533,83.74
1469,b5dfa461794f964c9f709613471af17f65a30532,0,1,0,0,2,0,17,5,87,74.72
1470,783f6032c67c02f4977bfb7464e22acbbe38bad4,0,2,0,0,6,0,4,3,29,71.46
1471,c07dc40f6013cec5c62798f43d0d38123abc0823,0,4,0,0,2,1,14,11,2326,358.33
1472,df2bf7dfdc477bd6a64b025db8b9e8c1be56d562,0,13,0,3,26,0,47,8,834,434.77
1473,cc7d4cb76caae86bd915b1d3aa61772f98bc8ad8,3,3,0,0,35,1,23,6,1935,504.32
1474,8c3fe20afbb4c10632e17dcd06cb6d2ae86d3833,1,3,0,0,4,22,71,20,615,308.23
1475,f52aa65c13ad54d25784c846420119c22c8d4694,0,1,0,0,43,9,47,17,200,114.16
1476,395da0bfef5b00da6edc4b4598991fda29faa970,0,2,0,0,0,0,0,0,70,22.31
1477,0602325b04378fe408d4931803f8f6b2d0fcf705,0,1,0,0,8,0,78,34,312,103.33
1478,e11fcc88a9fe10c74d1888e931dd15b9fa49e270,1,9,0,1,68,7,66,19,1090,563.32
1479,ead2ef9db33ad9b537fdd749603c26f001527c47,0,4,0,0,32,122,55,28,2567,485.92
1480,bdcabc66a176d82cec91f1a39a28477830091e85,0,7,0,0,26,2,3,0,953,550.41
1481,8436def177f0b20b90a294206cea700039b9948a,0,1,0,0,6,0,40,0,648,143.07
1482,812876a26de199520c07d45daa52b90d611d46b5,0,0,0,0,0,0,0,0,0,10.82
1483,8050e37fee8b72dd04125e79a1873dcae5b243df,0,1,0,0,8,0,1,1,9,62.76
1484,b2b2152d7b2b8ad91b31a626578bbc2343d777a4,0,1,0,1,2,0,2,0,169,105.66
1485,2e1990e274a085ac84199baad4c0aad7ccb3ef4f,1,5,0,0,103,38,45,11,609,406.08
1486,68c6e868a945cc1d83a3571a01156e47512bb0d6,0,1,0,0,2,12,24,6,77,93.65
1487,a63121cb4f43d51e6895b2f645c25e3bec2c4434,0,2,0,0,34,0,5,0,2789,414.44
1488,2e58aced570531af3da466cfb26f9eddd3d5e208,0,5,0,0,66,2,18,7,677,343.62
1489,cbf2cafb2a0b3396c721c0177054f215690ebb7c,0,1,0,0,1,3,0,0,51,51.4
1490,460837fa879936b1ded2d16702811e59cfe04b4a,0,2,0,1,0,0,0,0,105,49.75
1491,f4659cf9bd59471ac7ac83c8d17be63e8854a712,0,8,0,6,0,0,0,0,510,276.27
1492,9167dfe10e6b9802798902804f7c37cc2d028623,0,2,0,0,2,2,1,0,365,129.16
1493,b2be453d6ecf97c82ecd1ad0b1885d44e1d702ec,0,2,0,0,11,1,28,10,568,215.33
1494,49bb2d95509ec980b4822d873d09c792d42908c5,0,8,0,0,40,13,139,32,2347,615.66
1495,ace4788e1fb1103be9bfa097297f0df8b526859c,0,1,0,0,0,0,0,0,79,19.31
1496,ffd784773cf9d334edb7d12ff8a85580daefb5cb,0,3,0,0,197,0,162,98,6637,981.57
1497,c86f44d024cfc72384bb2b93fd8bd328d2d84add,0,3,0,0,61,1,7,3,246,189.2
1498,7035a2f771f9429b07307f0965a5f3950dab7a75,0,1,0,0,4,0,2,1,351,105.74
1499,08b219afba801f397fdaf70e3665bc1670e6ae57,4,35,0,3,272,59,154,34,7781,2870.88
1500,25b4599511719e8945cf1fd95a1fd4814214e4bd,0,8,0,0,86,36,41,2,1780,992.74
1501,21fdaea490d96aa7efdbdbf793d934cb77cc7cf6,0,1,0,0,15,2,16,2,161,112.62
1502,159e26c1100752686a7c1780d522765b26e6fe5b,2,2,0,0,22,0,0,0,48,146.53
1503,2423b3e2c14dc19719d913637fb78a89445e9b4f,0,7,0,1,67,45,88,33,1155,571.36
1504,dfbcd2aacafef37f9f2c6a0819ab75e759394c72,0,1,0,0,0,0,0,0,6,13.26
1505,b10a29f893505905ed2f42256bdb50cf5706514f,0,2,0,0,3,2,74,52,368,166.68
1506,fe99cf35931807a2292cf8d6591defd221e24292,0,1,0,0,24,0,0,0,386,143.78
1507,4dc60f619fd6a1ba7d39849df1f69345b1cfa2f3,1,4,0,2,23,10,2,0,434,255.8
1508,cd63d0ed00f704b83ef35052932d7fb4aec11757,2,24,0,3,66,61,173,39,9585,2271.08
1509,d9ce6b6029c23fd245fc9dab341003537e67f28f,0,1,0,0,2,0,3,0,33,52.17
1510,4a7c4032b9034ed6dcc3b1890163a05c1b7e6d64,0,4,0,1,262,1041,72,33,654,519.28
1511,18fb8eb05decb14194485e92de5517b2b115874c,0,1,0,0,19,0,12,5,456,124.98
1512,0b04d7a8167562772e4611838da53aef9fa525c3,1,5,0,0,9,3,33,9,1040,350.17
1513,366ce180c2b43077ba5741be082cdc5aa514d1e9,0,3,0,1,14,7,19,4,7032,1072.01
1514,2178820ab49dd58b02b9ba2b8c7a703574fcdcf7,0,1,0,0,1,4,11,1,722,179.44
1515,ad36f42fabfa7d5e2c2e2c078316c8cd9b0310b1,1,2,0,0,139,26,135,76,6751,1043.28
1516,98246a7d6fa2acc44bb9cee4f40a22a6b9d559ed,0,5,0,0,699,57,15,6,1684,631.74
1517,6448541335fa3e9f6ae039bf48a315fa85bd46f8,0,6,0,4,10,43,26,6,362,475.77
1518,2e69d462abe70fe94e224f6ba4f820a70510329f,0,2,0,1,28,0,0,0,90,79.43
1519,3164c900683a298d4941c1198e6479a116ff1e93,2,10,0,2,48,0,132,56,861,679.93
1520,52fbcbd7589ba0a213d41c3b98ced3b58e0dc1e7,0,3,0,0,3,0,4,0,570,426.29
1521,6ec46e84b90b083e988ac65cf49df8d20a2b093f,0,11,0,2,55,164,80,17,1114,505.3
1522,0b03020379124ff48072af7dc44a380dd620e665,0,2,0,0,51,6,42,4,382,214.52
1523,35c213d27335cab7084af708218b329e667bf5bb,3,4,2,0,4,10,8,2,1549,585.1
1524,819eb915248bdd629b89347866bea63152ee9c32,0,1,0,0,1,0,1,0,48,47.16
1525,732e934f68dcd2b80571319eeae0249ab0a780d6,0,1,0,0,0,1,8,5,87,70.56
1526,f0126d97981a3cf731c84c262c0a6cb3c9a8f598,0,9,0,1,20,7,11,2,816,614.14
1527,6f85020ee4dd9b479b37b1e0875911ca63c59e5b,7,4,0,0,279,12,19,8,1661,905.58
1528,90c539294d3f63f7ec8bc7382e744405f60a7d28,0,4,7,0,12,279,19,9,1661,548.4
1529,e2c3dc94263b6fb392327f77c34997138a5e7d3a,17,36,1,5,185,52,662,276,8761,4634.64
1530,0efd537fc51480b1d1085170aca61a398a5e5abe,1,1,0,0,0,0,0,0,11,56.89
1531,c2d93ec5ce563e9f0eab28714e041b96c0dadde8,0,3,0,0,614,248,122,23,583,387.8
1532,6fd45f1b0bee20f25ded3aa4e0c7ffc0fb541a79,0,2,0,0,5,0,13,5,197,98.65
1533,6e2ed9cf37d7d0d6f86bc2e94c80ca38ebda27c5,0,1,0,0,4,0,0,0,103,39.82
1534,934fad2564e7732fa4210176a3ca2d8dd7933bc8,0,3,0,0,19,0,7,2,572,236.61
1535,998361b8d7a66a224bc8bff371425ac6967c2258,0,1,0,0,0,0,0,0,106,23.72
1536,2693388c8dec7dda7003ba1197c1b739fa10f1c2,7,4,0,0,263,12,19,8,1661,782.95
1537,c0306764f9cce5628a24fe57eb7886408557f340,2,6,0,1,598,79,328,87,6581,1918.04
1538,3bd686f2e90270282faa25d2bd10906735199b6a,0,1,0,0,1,0,11,5,259,112.49
1539,fe08732fe6f67d5097cb6de04c618b9a54333d71,0,1,0,0,0,0,0,0,49,15.27
1540,e68dfbed69575c7d1f88e53cd804ca925b720db4,0,3,0,0,17,0,5,2,475,456.05
1541,c2ee6682ca22185132b46e73c13b0d437b185c76,0,5,0,0,376,175,140,61,415,484.83
1542,98220f4aa00dbfc3fb0cff50dd2c1d41fbb91ffd,0,1,0,0,1,0,3,0,6789,868.83
1543,3d808c4f94aa1327b1bd28d0adda68d200ee8eca,0,3,0,0,58,5,30,6,1660,398.21
1544,d5dba094896c9191102d4bc8059c8aa65d187c58,1,3,0,0,118,14,68,30,2161,557.54
1545,b1b59cae0cf6b3d2ac65dfc39481c26181b3fef5,1,7,0,0,28,51,206,69,963,417.65
1546,39e2ed24ba1ad295820486d45bd3470a8f16b60f,0,2,0,1,31,26,196,75,871,268.75
1547,fae5a56cb933e3cbde49028548c468d943a2909c,0,6,0,0,24,45,63,25,1306,469.06
1548,d5bd9afcc6ddb4cc5a72c2d5801beb150a82660a,1,2,0,0,42,0,48,14,7310,1087.82
1549,24770179d5376d015b5fa5d699e35ce4bb8835cf,0,2,0,0,44,111,79,37,3515,602.77
1550,430a4ee2481b219e3b5392f1d2b87375de68abdb,0,1,0,0,47,0,17,10,6798,907.99
1551,d99c105c48224f762a58bd23fb7d9811f9ee02db,1,3,0,0,149,125,47,9,2057,548.67
1552,cbb2cb59bf59601ce93917f865353d4211bd74e3,0,2,0,0,8,0,14,6,166,95.7
1553,c82c0091448cd735db66fbbe8851a835993f61d5,0,2,0,2,6,0,0,0,14,104.69
1554,c4da899b218ca59db85a0eb23a4c4801875a1ea6,0,1,0,0,0,4,2,1,70,79.4
1555,387b8a006320a81d0f5eb890ef4df6d7104d6643,0,1,0,0,92,4,41,10,357,169.15
1556,291eab2029c20025dbaaec35a20a337f59e86a5e,0,1,0,0,4,15,0,0,517,103.89
1557,901ee3cecd0e8b84f58eac05f8d9dcfb15fffc0e,0,3,0,0,92,20,343,104,7636,1123.95
1558,faa85b95d1b48f4028706a43cad2b539287ab50a,2,15,0,3,81,172,151,52,3391,1226.8
1559,a1342c782aa859c475332e081ad31c4005d0bfbf,0,1,0,0,4,0,1,1,260,109.94
1560,134c58f4121a375314239c3d29d4024e9e76bc85,13,15,10,0,50,19,23,2,2383,1806.3
1561,83a0b8c4090b01c21f6e033d090176835d84f4ca,0,13,0,0,10,2,58,12,5864,1098.15
1562,91086f1aecfe882f13b629c184645cdd77d21440,0,2,0,1,84,46,105,29,1988,518.26
1563,ab81aa9d2d0e7036f270c3251ab99e5eb03fdd69,0,10,0,0,112,0,77,26,628,544.12
1564,4f1575318ee5a5cbbaa76a264c7cfe76e5999145,0,2,0,0,22,6,17,9,536,271.26
1565,ffee75e9c5b2db3463fa74a1632caf3199648775,0,1,0,1,1,0,0,0,22,46.54
1566,63a387a3e36696fe6a815afbfd5ed8982cc6143c,0,5,0,0,567,71,84,13,389,418.55
1567,d88ea87543030c26dfc444a7492114e103924730,0,3,0,0,60,7,81,23,1337,408.38
1568,2fd5b4ba72b62bd4d193f3ea7a735a548621954b,0,1,0,0,25,1,95,46,247,126.98
1569,e4167660fecbab66222974a1c173a77fc07decbc,0,3,0,1,84,4,187,91,7261,1186.58
1570,a3ebff4396d3dcddc41f847cdccef260c710c1b2,0,1,0,0,0,2,44,13,1776,266.95
1571,9c331250eeb58ce795b9c4f07fc111ba7ff574c5,0,3,0,2,118,20,59,22,1131,603.66
1572,08b51968180e2fddf74f0084cdf54dc24b5c4356,0,5,0,0,115,19,122,55,2841,544.78
1573,632d70ec8acc123fc12b14d19040b5c3eebf1006,0,6,0,0,36,0,146,61,2268,630.95
1574,f1b37e2bfb981c81137a2965077da8fe5f03a28b,0,30,0,1,37,808,375,121,15784,3245.8
1575,ec004042dcf89e8a81f7a76c8b53cf818bd3a069,1,0,0,0,0,0,0,0,0,44.68
1576,a22d7ea09d1e0bdb04cb5c93d616f782553b8ee4,0,0,0,0,0,0,0,0,0,10.18
1577,93c4dc49de2c751e595f217d34764aea0a46fd5f,1,1,0,0,10,4,0,0,306,160.51
1578,775e9b0fcbe5bed053a1378660f33db9179b78d2,0,4,0,0,0,11,15,5,1365,496.76
1579,d6278c23be7e45758cc2b5f25596ea47f03f0402,0,3,0,0,13,151,60,14,874,349.44
1580,2ebbf799687d5660691c58acbec3d84305bfc933,1,4,0,0,158,115,71,15,505,653.91
1581,fe0c3b6d99297a46766f67fa89c2b4523ee68799,12,4,5,0,2,6,37,18,2257,1237.09
1582,54e9e17aa3bcc1ca9cd814e20490e3509e81baa7,1,2,0,0,4,0,4,0,136,122.48
1583,51eed494e542f4f18451da659a71d9ba968e893e,5,1,5,0,0,0,0,0,791,425.01
1584,08b738fe13aacc9dbcc25306deb0077b3690d8be,1,5,0,0,46,19,14,2,892,314.05
1585,2619c1a02cef58df710ff232caf30d441ae12972,0,3,0,0,36,19,73,19,907,354.5
1586,a2cce6506178eb389310d8ecc993ca2ca9c3af19,9,10,0,3,790,537,8,3,502,883.8
1587,2e5357c2856f4888d7bf28c6455a96d23600305e,6,8,0,0,193,86,21,5,3345,930.4
1588,784ae89a15119c68faf0ea7d2739f4bedc94bcad,0,8,0,0,48,6,42,12,365,465.4
1589,035781d5ab61ed7d2f2d643af4d8a0e30d4a04d8,0,2,0,1,54,17,9,4,52,139.03
1590,6d7eb1d82cee1df910cd88f23872df6e64065282,0,1,0,0,18,36,31,0,86,444.65
1591,9432e10e7c1c82dd69a3aa11e04cba3e01f2f07d,0,8,0,0,193,0,159,44,1885,690.83
1592,622add5609c6d1caa9c15e176415c659d6c3724e,0,7,0,0,19,7,98,39,9591,1442.07
1593,a12f63126219447b202128c4c0001b786ace7c61,0,1,0,0,6,0,0,0,35,42.55
1594,913b46dde4afe3b665cede561041562732f2ae76,0,1,0,0,0,12,81,35,652,175.44
1595,278f6f4a91996a5e26dfe3fea075874f7beecdae,0,1,0,0,0,0,0,0,517,67.93
1596,89c589ae46ebe9d3de245a45cca1989309215baf,1,1,0,0,5,0,9,2,218,112.98
1597,e31f5a76e90270196ebccd136fa6e549580ea976,0,4,0,0,26,0,19,2,808,331.29
1598,fbc2d63b49fc674cae98f74e1b8916ad5bfc3a81,1,4,0,0,39,87,66,15,208,276.24
1599,079a627de0382258e69121d5b9ab4c7b2c6e32aa,0,3,0,0,118,0,40,17,7490,1049.1
1600,49b28336fd030e8dc46b9d9322b0539fbaf0dfb7,0,1,0,0,0,0,0,0,278,344.98
1601,d9669c53fa7efa4064e7fc528092be635033afec,0,3,0,0,22,8,66,36,597,267.39
1602,a93fe77129d10cbd4ec37ae320b8ae32e9305f2f,0,2,0,0,10,43,66,44,2202,410.71
1603,0d87df6653b15cfcf1e3442ebe7b8223fabcc580,0,1,0,0,17,0,25,12,320,105.93
1604,ef5a59a64871b51f1a7d38a76ee2277fca89f211,0,1,0,0,7,0,7,4,16,64.23
1605,3a50c90299884fa94c5f421f549ef028468eb44c,5,9,0,0,580,0,0,0,1825,965.75
1606,4765dfa136e6122a98c482237756dd67f1267cd6,0,18,0,6,86,35,65,12,1984,1312.23
1607,295fd55fca5e903e51ed1f1b911ea4e1000390d9,0,17,0,3,228,125,405,94,13034,2763.27
1608,5b87ccd8c0830f53c852ba19a4c90ed10761e303,2,0,0,0,0,0,0,0,0,84.11
1609,d74a0edfb8c57f13a83a4018a2bac994d4c3ae9b,0,2,0,0,9,4,6,0,622,246.04
1610,f7e4fa901cf3da45d9e94639bd5b5004c430c6a7,0,1,0,0,5,0,38,16,136,88.5
1611,8429b2469ac2fbe36164e8307272dc908fb3e281,2,8,0,1,57,53,17,3,1616,613.02
1612,de398d1e602639a23b47b2ef9c067b0ca6909a8b,0,2,0,2,7,0,35,16,802,451.86
1613,9941ad816ed934eff5ace301ae48410ad269f99d,0,5,0,0,17,1,109,27,10150,1526.84
1614,651daeb71a4e2a666c5a2b71e7f210e3f9559a59,0,2,0,0,32,0,37,14,955,198.13
1615,2dd27176c1545696eca6d8080870df0166356dba,0,1,0,0,0,0,0,0,10,14.12
1616,fabdd7ab49816d8f42f60b8c37590925aaf7c400,0,2,0,0,54,1,10,0,181,131.58
1617,04c9eef8799b971a7cae1d55477e8970df8266ac,0,25,0,2,223,120,142,34,14231,2596.24
1618,513c999032fd39fae79be3aa187064aefdc93034,0,3,0,0,30,2,58,15,1179,365.51
1619,5f8af76d6382b4f360b1edbeed704f2b4a7fd21f,1,28,0,6,241,11,81,26,6101,1865.68
1620,aba425bd9fa70be7dce1ff9fd333281602c9cccf,0,2,0,1,40,0,2,0,171,409.4
1621,db0e19529751a03bfadcbbf6e8c29eed4ee6899f,0,1,0,0,10,0,0,0,138,51.07
1622,293699a7f30725e0c01872a0bd5348230ec5c115,0,2,0,0,22,0,196,51,306,151.46
1623,a05da17ffe6ec36543887462e0e6f35796f9165e,0,1,0,0,3,0,4,0,196,71.46
1624,ba68cdad14783854321039764c381e8a52ed3ef8,0,8,0,0,50,87,40,20,10275,1648.82
1625,b965d9180e972810d3f693dc15aa60cd9c7b001e,0,1,0,0,1,0,6,4,869,169.97
1626,f8bfbc41484b794c55588c4075ba1c982614651f,0,2,0,0,12,5,26,8,438,188.94
1627,d2c0ac4d798416736458bd2ba30eb82d9be186f4,0,2,0,0,88,0,11,5,1126,232.73
1628,981615255621cd94e5ddb1540793da9658041dde,0,1,0,0,0,24,23,0,724,143.3
1629,4efb8abfa6b54116d76d9c4a1ff7a27b18f9dda9,0,22,0,10,44,14,90,7,2682,1567.83
1630,6e8eeb7439d44b2e37f70a77f2abc27d59ef8993,0,1,0,0,410,89,14,7,235,206.27
1631,d7dac1618993b9a4c31584109e8bd116cc6be8c6,1,3,0,0,39,1,28,9,7617,1079.94
1632,4e51991359b787eabcc7c5483338fbc0eb81bcd9,0,12,0,2,15,15,65,18,9906,1645.68
1633,09b6553214d6db5ec7049b88bbe8ff640a7fef72,8,1,7,0,0,0,0,0,791,653.02
1634,742f9d13550db8ee014014f1763a1fe62cbecc1b,0,1,0,0,21,0,3,2,22,76.59
1635,4a2a35bc3b9ea676801f0d6d5125876cbb0c3182,0,3,0,0,3,0,20,3,326,156.82
1636,ec1a21fb8e3043a5c903e2649b07eabc583786eb,0,3,0,1,20,3,20,4,207,181.27
1637,7c6cc58bd9268000062156242b8b3d77b5697ffc,0,1,0,0,3,2,31,6,241,112.66
1638,926821753ff9efe4ef46f554eb359c1ff50df13e,0,18,0,3,318,605,380,135,14020,2683.99
1639,32b4fd5ec63ef2b324f23b7aa5defb8bbe62588e,0,2,0,0,31,3,0,0,335,156.62
1640,6bbfa318479c0f76c17328208a5cb99734e0e552,0,6,0,3,26,44,141,28,4439,1465.36
1641,98893823dc57a9c187ad5c97c9c8ce03af1fa734,8,0,0,0,0,0,0,0,0,983.48
1642,ea489b78acf50d6ae2349d1ccd8d68cb0652578b,0,2,0,0,84,11,81,24,855,318.63
1643,e49b867da7ec67ed4fb011272748749cfce01130,12,41,0,7,238,307,354,48,4398,3259.24
1644,9bb3a49df42b348ddb7817f5fc0d3f2ff757b9cb,0,0,0,0,0,0,0,0,0,5.91
1645,5c40bcb3407b1ce25756fe689f04fb36b1142717,1,8,0,0,109,0,37,15,2881,813.11
1646,8375de2e96c0badd0fc60fde2d11c7276d5e8c73,0,3,0,1,11,8,83,22,3692,711.38
1647,6acbf1c314efd091e5a5292d1d702c18c8e339aa,12,3,5,0,0,0,0,0,1708,853.12
1648,950b7a66c60da17654a6b9fcf8d35543faca183f,3,4,0,0,24,120,38,4,2703,805.52
1649,02371145cb081adee9e84e51d0db34bdda365e8c,2,4,0,0,247,0,64,36,1028,491.69
1650,e2e914a76d60292346dcb122c909066e2223e99c,0,5,0,0,11,2,34,2,671,244.99
1651,a71449bd7363d1bf1f3e9a49fc3278e5fdf3e4a8,0,13,0,1,601,577,146,60,10557,2417.69
1652,543f5ab2eb2a4b4dc661b4de98a34d7cde06e1e0,0,1,0,1,0,0,0,0,40,47.25
1653,c4e115528d28f2b3c695f9c7e8a04cfecee7fb14,0,2,0,2,22,11,1,1,74,236.94
1654,6987c2c4997b854b1e456a487f98e3af823f4c81,0,4,0,1,32,0,0,0,2755,597.58
1655,3d70685a1613a93a4383e15cbb13859444cb9b16,0,17,0,1,100,33,358,141,15838,3612.08
1656,5e5bf8c29fc1de4ec725eabef5c5e7fb63b331e7,0,1,0,0,1,4,4,2,162,112.17
1657,5106bf1c8671740099fca8e1a7d4b37afe97137f,0,5,0,0,73,1,133,50,7241,1401.53
1658,47e8c0e2d3d8f34fa26f9776d5d2880d4c79a36e,0,1,0,0,0,8,9,0,240,72.07
1659,b4c3f46c4b28d350172ee9baca8c3b878be78d9d,0,33,0,3,172,99,282,115,15903,3642.66
1660,9befae14323801612bc59d65221e08c16400e2cc,0,1,0,0,4,0,1,1,216,437.64
1661,1e7c7db3eecfe2deae864435d639b8898c527c39,0,5,0,0,12,7,50,22,3665,679.99
1662,0103a8bdace687e26ac9c20a30793aa841439380,0,16,0,0,0,0,358,0,3256,991.95
1663,8e55a16169d3ef6a9e01596ddb6063b6e625029a,0,1,0,0,0,0,0,0,16,12.82
1664,99be7b90aa787403a21d34157cc27f0425ae0873,0,2,0,0,0,0,0,0,7042,988.25
1665,240e5b174d77b89b07ab3db4e8d112d4db4c92f7,1,6,0,0,213,66,63,19,3131,890.02
1666,081e1b7e5ddc237b8797bebd5b698f9c3cfa9c91,0,6,0,4,6,0,0,0,1150,585.31
1667,f8a01433729b9077802f084f5908608ee8aba407,0,1,0,1,16,2,58,8,158,255.69
1668,416c0f3a89090489fc5e45345f8982c141cb8412,0,4,0,0,82,0,3,0,1065,416.91
1669,39663d17f7c4fc8acb78dae61d621dba1dc1069d,13,0,0,0,0,0,0,0,0,326.06
1670,ffded872101e9a545d7ed85d158e698ae75c1ab7,0,1,0,0,1,0,8,0,174,84.57
1671,d5ce92202043ab5d8063f77675785c8c388be766,0,23,0,0,55,107,463,143,12745,2767.61
1672,37fc332b8346118ec841ea6369716506eff3ac38,0,11,0,0,65,17,143,35,4398,1209.45
1673,6a2df1593d4823f4f38618c92e2afcfab880042a,1,0,0,0,0,0,0,0,0,48.18
1674,7f41240ca38cb93831488336902209281da67a98,0,8,0,0,43,43,107,30,512,553.06
1675,0b7e9e90dd93c73ab02c77668cc5b6154a609041,0,2,0,0,54,0,32,7,2687,564.26
1676,2f5ffca785832e8a6b14e6d7d04e492871b29999,4,10,0,0,71,27,31,9,2178,950.99
1677,42b770b88bd237d3391c150b63f1df487b7b7190,2,7,0,6,9,29,21,0,202,516.74
1678,6b1fc43ab451a3062478aa751dd352f5fc32f001,0,10,4,0,23,65,20,7,2184,795.47
1679,b155bd2505278dc14575737f387bb39fffdd3595,0,1,0,0,3,0,25,17,1868,340.43
1680,2684a3ff8e8324be6541b35771b0171907ded0d1,0,5,0,0,72,8,234,110,2771,1075.4
1681,60384ae3ba7d01b314c5d39304fd0d4acd2373cb,15,5,0,1,431,28,65,8,911,1375.63
1682,cbd21112f0e768f915766b3a78f197e13495bc74,6,9,1,0,152,20,151,69,3373,1306.79
1683,8040ff6c80caa7a128767d9b27019b81c0f91b63,0,1,0,0,1,4,0,0,157,78.08
1684,15686821987ff99114dc7eefce4cd80c1bff925c,0,1,0,0,21,9,6,3,56,97.74
1685,863a8431075365bf3d8b9e6269b2e9fea7da59b6,0,3,0,0,2,22,0,0,8004,1126.84
1686,e0829df70797e408a84c79b6cdfbe64585ce26fb,0,2,0,0,63,20,146,47,889,298.6
1687,bb6fd023d3335db884369edea34cbda2467121c7,0,2,0,0,196,125,124,33,2820,584.4
1688,52bda840d54fd5122ad1cba4c687f5cbc8fa9931,1,9,0,0,768,322,280,70,9171,2341.09
1689,e6280be882e12e16b7f3b4fa4989c1d06eb6438b,1,2,0,0,2,0,0,0,105,142.83
1690,7057f533bdb17a1f103cb5ab4f57cbaca4f8834e,0,2,0,0,7,9,2,1,243,253.68
1691,4154c7a87f6479d3205e506f67923f0ecb940c6a,0,3,0,2,17,0,5,1,290,225.29
1692,1c272505ea76e0f151d058be0b79a76281b878fd,0,6,0,0,113,0,158,66,3949,1032.35
1693,3756aab793c7203a62a2ec7c6ced3d2174ad917c,0,1,0,0,30,0,18,10,1917,319.27
1694,f2941bb0382fa9532346c50070aa06a06f02bb9b,6,4,0,0,2,15,2,0,263,424.93
1695,1aa0e32480f8a5743e9d366d855c37fcabc10496,0,1,0,0,25,48,40,17,1170,237.33
1696,cd9de09e6d4fee6afbc0f28a85883c03ea5c3326,0,1,0,0,156,0,0,0,292,107.13
1697,bd646bde57097c77ea2a312030199ba52aa2a872,0,5,0,1,22,0,52,26,1098,556.87
1698,a15c1827c34f2becbace024d2c74162e201f0149,0,2,0,0,16,0,8,2,2865,451.79
1699,3f94eef03a211381f8803906268c4028e7504ce1,0,1,0,0,0,0,0,0,334,47.52
1700,28d667a84cecd09c042ccc454ff3503bc2f75495,0,5,0,0,63,23,128,48,8470,1818.61
1701,0bec6b09747ca80e36bb8eb863da85012b0a4fcf,2,13,0,0,26,0,0,0,30,180.95
1702,3b515d4c2287328a42423cb2871f1196d3f14528,1,4,0,0,16,0,2,0,636,254.38
1703,098034c8d5d6f6a5fa1068c12c348c89756f5601,1,2,0,0,15,0,5,2,587,302.17
1704,e197af127fb6be9f19c65662cc93d75e13402b04,0,3,0,0,92,33,49,10,3798,814.66
1705,c0cf8be3f3b454dec7128de2f5c2db61a9c727ef,0,1,0,0,2,6,2,0,43,117.04
1706,53f6002f7ffcc51d820c0be30b3413b6a3620c48,2,9,0,0,52,28,52,20,9512,1790.96
1707,0a5360baaae759b84e02110795c635d2565b3a01,0,1,0,0,175,3,31,9,530,215.55
1708,13201bc686b2bfc5c4b6fabde621ed6181cf59f5,0,2,0,0,28,2,39,15,458,175.79
1709,f372f91794537ee47dfb37235e115ab80b3e1d05,1,15,0,1,256,66,72,15,8159,1897.48
1710,9ab07ee07ebf85a18e8371d95904a0f067394915,0,3,0,0,91,0,121,48,7338,1057.98
1711,0b78760e29b8518ade57e97760c18fff8da91ec6,0,1,0,0,3,0,12,7,130,127.14
1712,79c4f8885180418d1617914c7de18407b065aaf2,0,5,1,0,32,20,92,14,3851,1102.86
1713,be2bacb73e454f2e9a85ffb9cfb510526a16b120,0,1,0,0,0,0,0,0,1877,226.86
1714,06503ce068db36b462ef5aa14bdd26f5fbe3628e,0,17,0,0,47,5,51,15,4719,1259.86
1715,216613651f1c5cbf9a66e967a40fc0d5338f8441,13,28,1,4,129,8,45,9,1959,1821.82
1716,c6ada3a1dc64537d7dd791cadba95fccd2c7ea12,0,2,0,0,4,0,0,0,63,46.02
1717,339da1cdce3514e20f09775d1f9b220cc7af9db7,0,1,0,0,15,0,21,8,1986,399.71
1718,e0aebc851b05eea443c0a83831ccf0801a21dd98,2,10,0,1,39,48,123,38,1516,861.1
1719,13049a8415402880190e8bd1ef64febae1128103,0,7,0,0,7,0,1,1,1433,353.49
1720,864d466a8edb890286ca7c5769b82e79ca9ceae0,1,3,0,0,51,4,28,6,853,738.92
1721,b2c6b191d0d4b32e811e900304e8a6700a5003f8,4,10,0,0,65,39,22,7,2184,847.28
1722,9d6926e393613ee0db6279bd5c2060d6cea4387e,1,8,0,4,87,0,144,65,769,659.06
1723,ca1ab729aa111a8b311d726653f44d14c8b1fbea,0,2,0,1,29,0,0,0,454,195.23
1724,400f68d9872edd17c6b583eb5056aec0340b444e,0,3,0,2,116,5,36,22,2817,557.32
1725,257cf4794539a04668ac4a0f5aafc1c9c2323771,1,4,0,0,43,0,0,0,785,263.69
1726,444b0deb4946a04d36d06a72df9f71f8cb7be437,1,21,0,0,144,63,197,94,6317,1907.43
1727,4b8c9dfd313447665c2029a67c71f94336700b14,1,1,0,0,6,0,2,0,341,131.27
1728,7384415d39e7da8fc4d2ca70ebe383c8ed2de255,0,2,0,0,69,0,10,2,213,176.2
1729,5c20a3bbddcc97f4485f079f02a90c154f269d11,0,12,0,2,351,39,43,4,12692,2734.51
1730,09b8efd90235a5c3fee4174500d56d2468c9ff37,1,7,0,0,294,28,95,46,1390,545.84
1731,090a0bb39dd73d7eff6c682597dcf3ea8a5a9366,0,2,0,0,78,25,16,2,976,288.06
1732,a696b180fd1649730d69f330d3539b0cd2187702,4,18,0,0,79,83,255,20,7628,2003.1
1733,e9f13f7ec28ec92728bcf658fe1561a5bdb8aa56,0,3,0,0,33,7,18,0,435,186.68
1734,7224d4360906a6952d7acb489ba1117e71e14d6c,1,1,0,1,6,0,0,0,47,100.04
1735,800a8f34f03c00584a0e29787858daa262bc1e0c,0,7,0,1,43,5,166,88,8209,1324.63
1736,3c65df5814bd1d8434100c4f7a2a2b807b23b00e,2,10,0,1,327,6,85,43,2578,856.96
1737,1519d9a9b8d8fd77728ac652dac2ee4aa4f05819,0,1,0,0,13,0,10,6,184,114.8
1738,d70de1b4374dda908b6018f6f7eb5b7568c54599,4,10,0,2,4232,13,1128,23,46051,10758.18
1739,df400d9b20948f840c550ff398ac05059e3051a5,0,8,0,1,162,56,119,21,905,558.95
1740,5f282411b0ebc781bdba984f16e7a74ce708f4c3,0,2,0,0,34,8,0,0,135,421.67
1741,b8dfa428ed4c4215c90907424fe5b6c10984942d,0,1,0,1,1,0,0,0,0,32.44
1742,806bcf13e3e5e5a0a3dfb1a38b583109a351b974,0,8,0,0,114,16,246,114,2557,690.21
1743,bd97622a3fb7d0280986c297bf73a6f1d5f7d5bc,0,1,0,0,26,0,11,3,84,110.14
1744,06b03b5ddd5e19df86a9f91076dc2a395390eb8c,2,7,0,0,5,4,16,1,813,390.72
1745,e3f50304e09c10edc6cd53b7edb6ae0697477c78,0,3,0,0,46,38,61,9,6020,1046.66
1746,f6c19f79db2bdfb626821c7ad9590702e2244aae,0,8,0,0,26,14,172,89,10921,1557.99
1747,36ad9d709e628d97f75089b00fa675c225100bc5,1,2,0,1,0,0,0,0,341,153.25
1748,8f13b79d007bc719c289670dc50b597c2424ba6a,0,1,0,1,1,0,10,8,39,109.9
1749,a50083188f9cf83c5f598e8e5801b9eaf23d5e23,1,9,0,2,167,0,195,59,3693,961.86
1750,cbad5c259c6be12a4d6912238e32b20027521bd1,0,8,0,0,55,18,54,19,3569,925.79
1751,bacea2445e33072a3d5825516fe1bec3797f3013,2,21,0,8,89,166,214,80,3376,1483.83
1752,7cef6d7e5e8c6097927a62559b906da764696b02,4,11,0,4,117,0,231,91,1121,877.56
1753,e7219e9aecaed519e5b63a68f79006c2052a0101,0,2,0,1,16,0,8,3,478,211.75
1754,30e4c490eec90d5a27e6308461a00f7149ef2c5a,3,11,0,0,37,2,333,119,10141,1732.67
1755,ca488f6579846dcd2aac41f455441065bcd2f2ca,2,22,0,2,457,134,388,152,3365,1584.42
1756,e12e5e671bfeff567cad298702efeb942068cdbe,0,2,0,0,47,0,135,70,7262,1025.56
1757,1c0c2743bf52906078a297b51e253c86bcc40030,0,1,0,0,2,0,5,0,88,62.85
1758,04684bd9a73c4d511348f0df32d8a56b976f0758,1,10,0,0,91,60,77,17,9616,1659.04
1759,0a5d389979949654997e7ce90f0959c169cb8633,0,11,0,6,72,41,167,71,3472,1229.4
1760,00726effde0f82a995d9cf6c0dc0dd3abb9f030d,0,1,0,0,62,0,90,4,175,457.29
1761,b4c3deb190c8386a2c02a89dee0e6afc093666ad,1,2,0,0,40,1,2,0,101,153.89
1762,551786559a4366a81c77004ef74b037deb7d64dc,15,17,0,0,139,19,59,23,4990,2210.51
1763,6f0340913f1927d2af39161fbce256ec4f8bfb55,0,2,0,0,114,1,27,13,229,236.99
1764,c192ecbb3e28610a46a0ecea6ba677ad0e467c3a,0,9,0,0,54,0,19,8,1876,521.42
1765,90fabf185f264508afd329d9e0bf847fc9ae19f1,0,5,0,1,182,6,85,42,3280,738.77
1766,bda54e30c61b3c8168fdc294ea06695cb8a2771c,0,2,0,0,6,0,9,4,67,110.37
1767,0b2045c40409507d6e7aab6766ca872f9dff915c,0,2,0,0,23,0,25,14,277,163.09
1768,05f438b1f719b74a5f8448601249fb2860ea8945,0,1,0,0,37,1,0,0,2939,416.93
1769,f84e5e98ba36f1bb40fe21aaa8684062a5cb6f28,1,1,0,0,35,32,0,0,2944,454.97
1770,1f6bcf6a2badcd013ff30a9ec9038655a4f2090c,0,6,0,0,88,0,122,37,813,405.78
1771,692a2cc943d87137d93dd4e6bfa8abe18eb40cb1,0,2,0,0,107,0,35,19,128,127.73
1772,b855886a2980983d809b258347676ba5b5ea84f7,0,2,0,0,39,50,87,33,853,331.18
1773,40682542e49b4971370cdcfd3965c6c9cbc30907,2,2,0,2,6,0,0,0,26,172.07
1774,4f2e4adb84c02a83a7ed1cc58e33af2ec654acac,0,4,0,0,37,25,55,15,754,369.25
1775,3491b4f133d5b710e9dc23f3ca36abc5b8aacbc2,0,17,0,1,348,215,484,136,7305,1994.68
1776,77c1c5db4b21b478d6799177a51f5fcfded68dbd,0,4,0,2,124,0,287,115,1929,674.13
1777,0e9c3283368d4821c2d37c1050dddd147257995c,0,6,0,0,391,8,83,9,3337,724.98
1778,50cf745953c5310c462d31636972688519e20c57,1,2,0,0,19,0,20,3,220,200.66
1779,68b5ece22b72b85b0a5d48b2ce946e9969c9f859,0,1,0,0,2,0,3,3,542,148.25
1780,028d178a0745a80c0d1b7430f33bedeadeb87363,0,1,0,0,9,0,26,9,139,411.14
1781,df54006be3eacb9a57ff5b66c28b4878f976aad6,0,2,0,1,12,0,0,0,1572,243.89
1782,ec04181a8f9242a8dd6f238a9eddb275508e5d14,1,4,0,3,66,13,18,9,158,390.92
1783,0c27cc7a7c997241988b3bfcb56da927f2c22aa6,0,1,0,0,0,0,0,0,242,39.37
1784,2b7a6e033cf39a6d1a8ae27d1c827948a8380f19,0,7,0,0,114,0,8,2,3191,620.65
1785,22c2e0c24fed4f721ebd356b280a5a2db7ecad1b,0,1,0,1,0,0,0,0,83,72.99
1786,74ae0ced6249bbdde5471e1f338121b8bab5c03e,0,2,0,0,1,0,3,0,923,185.17
1787,ba19a4093c773e21c7e606561b0d0187a2d9020d,0,4,0,0,9,0,56,14,342,210.2
1788,ad13f97e97dccce17baefc9b04f38febf25bb6f1,0,6,0,0,5,10,50,33,1063,531.88
1789,3238a33da3be7d08fee8a7b6dd1e269fc8cdd4a3,0,7,0,1,76,12,160,57,2178,628.4
1790,871b2765ca7db24c65fd22a52241bd2b4f8ce6ca,0,3,0,0,21,0,3,0,120,124.12
1791,6ef3e3d764ba658d9acacc368faddb383e68a47b,0,1,0,0,0,0,0,0,248,38.66
1792,d73527e8aa6b12396c947cc773883ffb39f6cadf,1,6,1,1,75,12,26,7,402,438.59
1793,a08107d3da1eb33902d32748ff311f6c494c7583,2,12,0,0,37,1,33,6,2006,683.93
1794,85f28263c33d3f35a828090a32fa1b331357722b,0,1,0,0,3,0,9,3,199,101.5
1795,b6cfeec11ae1361bf870a5d05b4533098878aaa1,0,11,0,0,66,8,816,280,2099,797.66
1796,7ae2378b9e9b44bd39d1ec8c024aae3a355eeab3,3,7,0,0,126,69,332,116,8371,1559.26
1797,23330b29d12609fce44d4f841df64143fff20b0a,0,2,0,0,14,0,0,0,3013,412.22
1798,3b799763220c1fe9c8ef96d5cb0319af87694c5d,0,5,0,0,126,118,55,31,2949,938.73
1799,3337e6eb7811aa2de8092fba577e4f784e449ddd,0,1,0,0,46,0,2,0,78,69.86
1800,8e2db3954e546f06213d522ada0a09bbc84464e6,0,1,0,0,8,0,18,9,158,427.27
1801,8dc752fbb4fc902bb6bc0259ca5fec6a320bd79d,1,3,0,0,75,134,147,61,895,448.42
1802,00a116a5a4a9e0c5b9c96887dbf1edb5f02e4c09,0,2,0,0,29,14,56,19,507,216.24
1803,bbdded414f1b841e8d40b4d735b565f1a2ffe066,1,6,0,0,40,23,85,39,310,456.29
1804,01526cfa663c24e903ba1c493deb308efdd5439e,1,3,0,0,21,0,25,15,105,214.28
1805,ffa63d2251c36bce458497f8b61cb421e8f85f55,0,4,0,0,28,0,6,1,1270,329.47
1806,8fc8a442abcf25125abcb1e000adddffade85ad2,0,1,0,0,1,0,0,0,182,61.48
1807,0e233091fea5dbbc75bd78768669c0472d163edf,0,8,0,1,126,81,145,42,8493,1429.8
1808,e0c0839f766e74c306a3122dac7b47265b0820c7,0,7,0,0,22,0,2,0,849,297.3
1809,4f41a46adfb84f5681fc8503fb749e1cdf463cd0,0,3,0,0,66,33,116,29,2200,572.23
1810,6aa8291fb471f853301abea35891486d1b856623,0,9,0,0,65,1,2,0,850,334.57
1811,70d6eefe775453553ec804889c9319c6dd88f4cd,0,6,0,0,78,0,16,4,295,279.05
1812,c21b3f2f8c3573375d66f4905ca36816c963a84a,0,4,0,0,32,2,27,7,8251,1343.52
1813,5195e772b77997e07b250ae65fafb4697bb5764d,1,7,0,0,12,0,65,18,1274,425.69
1814,137138586b37f93d767202f1051c403e21018515,0,1,0,0,1,0,0,0,44,36.63
1815,e1ef225bafd066b63dbe48a3496fa5b3fa39a6dc,0,1,0,0,2,0,3,3,238,95.81
1816,97d997161539941899fd49918516bbfbde2d3932,0,4,0,3,21,15,17,2,1543,787.1
1817,860d7475dc1c04529a4b602f54da86ceeedda094,0,17,0,1,17,28,22,6,38,630.24
1818,c96f26dab00f022366970ee7b0a851ee6fed48b9,0,1,0,0,0,0,0,0,7,9.94
1819,f466e0ca3314401c31cc10fa0152acd3db82c8ce,0,5,0,3,52,0,5,1,1077,548.45
1820,596abf8ead47fb20db4f2da40621c9904b5878ea,0,1,0,0,6,0,0,0,478,420.07
1821,b0e5732a6195ce36553a7d92de227cd14ed1103c,3,11,0,1,133,3,204,23,5864,1282.42
1822,1cfc7dc5e8a2b6ff831eaaed15d012864fb26eb4,5,4,2,2,10,1,8,2,244,501.45
1823,8e6bc8ab7f113d192594e2f10ea27b658d434444,0,1,0,0,1,0,19,10,540,140.37
1824,93e04160bdd0f1e1b550bccdb85adc84a11d3bc4,0,4,0,1,59,40,10,0,667,380.3
1825,f242b2ffd4dab2b1853f7194dca67d0268b5a22d,0,4,0,0,73,0,122,33,1665,438.79
1826,25020015687023c84e5f039bc249a3d2eee2c3a6,0,5,0,0,19,0,2,0,7775,1080.41
1827,3ac3ee581f0d86deaf401daef55c2e8f0c426e90,0,1,0,0,1,0,4,4,352,110.4
1828,d375b3977d42936b3b00888e2b1bacf736e8ac3e,0,6,0,0,41,1,127,44,442,307.2
1829,5f1a2ed696ab1b83695c5376559c938b8fec5b33,0,1,0,0,15,10,26,7,200,125.09
1830,62905f0f38b1e0c0f71f613e437e6746c27caf93,0,2,0,0,58,45,0,0,491,179.13
1831,70de1c0618489f9bc569caa17a6566bcd934c474,3,7,0,2,253,0,63,4,2096,949.78
1832,36eef784fe27593b943e68b3aff0b5faa3d666d0,0,1,0,0,49,0,58,25,235,104.97
1833,6250043c070f674824e03bbb98d3a8f61c763c69,0,1,0,1,2,0,53,0,257,143.02
1834,21e0f2646497793d6b3517eb04347a2c38a21f96,0,1,0,0,55,0,74,26,288,124.14
1835,d12e65db37df3db9f884bdf9a740a69a6873a8ba,0,2,0,0,157,1,57,14,317,222.73
1836,de94232b5c03e66dab3f0b0b5294e9ff071d5f92,0,1,0,0,92,49,69,21,389,168.63
1837,d09fbff82b272b2275805f70de848f25fb350922,0,10,0,2,64,6,94,15,11865,1893.79
1838,13f5e04dc8097b0d42260ebbaa76f7fb33841b36,4,5,0,0,145,25,147,74,3094,966.19
1839,2cede1b408cde976e691bef9327f05320d71e365,1,3,0,0,2,0,0,0,453,227.37
1840,24ec9dd8f602d0c30fdb5cabc3471146eb59c04c,0,1,0,1,10,0,16,10,282,526.54
1841,a000b86f4b254cfc1fae2613f14ff416044bd3a3,0,1,0,0,2,0,33,14,466,123.72
1842,f714e31c6bf101afb871314e6e4f19d52d83d883,1,1,0,0,25,53,37,12,491,241.96
1843,ef0e5f33edb7ad92f1275b6cc0c41da975009e3b,2,35,0,22,4525,19,1610,83,52051,13635.24
1844,e7a708738fd815ae0676b42d111c325086ed59a2,1,2,0,1,1,0,9,8,594,266.32
1845,21810014f007080b96d6fa46deeef760ec542934,0,1,0,0,208,104,110,32,379,217.87
1846,f56dff39af9af283a7d676353f7593fa9ea41853,0,1,0,0,1,0,0,0,90,47.94
1847,2bf538ea997780e19b6115b0f96a186b56a748ad,0,2,0,0,16,1,39,12,311,188.82
1848,2f8f4575d47075d2257e751766f4519ecbf045ad,0,3,0,0,29,20,11,0,257,125.11
1849,1c402d31cd51b36d8889961c8897426c727b4737,0,1,0,0,38,7,14,5,667,188.23
1850,6396a6d43c73424d09455fcf9c0a6d17e715c083,0,8,0,2,50,26,16,0,4262,999.64
1851,88eac2359079165a821e61ff86797dc31e6055d3,0,1,0,0,0,0,0,0,38,21.17
1852,9b91783c2be61d7a24035a2253f467d51ad13f6b,0,1,0,0,0,0,0,0,38,16.43
1853,6a739091c7e311a2da1ed68bf5c72fe4392141d3,0,2,0,0,54,0,123,46,758,210.93
1854,7a59aa7e49927e5bd082ac6ff1e0af3cd26daa6f,1,3,0,0,7,0,7,1,279,217.4
1855,aa1ce4a9a07c2a0cf3c02165fc40446d494d9d8d,0,3,0,1,26,0,15,9,365,269.34
1856,8ae633fa98a9b4b9d99f93ac2d6d9964cc64f254,0,1,0,0,26,0,2,0,186,87.16
1857,6aa3b14dc21d855499ec5adc058eece2a10d3242,1,4,0,1,270,0,112,33,527,384.3
1858,d991498f0bc8a54ff68ed1d3e99e7d764c6e1d81,0,1,0,0,10,0,17,1,240,110.2
1859,679655323659ff78323594360d1f6a68c4ea7356,0,1,0,0,0,0,0,0,478,65.5
1860,fffdf11f26b1a5306af4770c581d0267cdbd7334,0,1,0,0,0,0,0,0,7,345.08
1861,a989afbdb18f8e7da707f0dda5e481befd3d62fc,0,3,0,0,16,0,5,3,441,214.0
1862,6d89aadedc58c73926654df0e33d0186f4ac83ff,0,2,0,2,0,16,44,19,237,229.48
1863,d616a66109c1d6d739827f41957de5028e5ad9c9,0,3,0,1,309,3,44,6,1082,369.82
1864,62a62a657e0061cb2fc31181489b4da86cf37f37,0,0,0,0,0,0,0,0,0,8.52
1865,bc4ff516f4828d4d25a56866dcb17eb496082694,3,13,0,0,42,8,18,8,1338,718.75
1866,9b2629e3a49e5d34871d6eebdbd64d1d09712150,0,3,0,1,117,27,67,21,1352,619.66
1867,058d06c8e91d90bda540d28da280140e5d522cb4,0,2,0,0,2,0,0,0,777,268.83
1868,5f6b3c12898dcbd2b5450e283bb39edc3785dcb7,0,3,0,0,127,57,169,71,711,368.88
1869,a6114453683de72be38ef32ea338e00799be2df6,0,6,0,0,42,30,289,72,8199,1366.15
1870,02d691a5542595c8f7e8d9b3bc6c8f5088d0d0a3,0,1,0,0,0,1,26,10,677,173.61
1871,8153030d60abf72206b37d14b9c4892d56903ff0,0,5,0,0,43,3,24,3,1947,488.67
1872,7889514e3c48d079e8662f48baaebde1baa35880,0,1,0,0,0,0,0,0,22,15.59
1873,0c7c0c81c32d7c07649f7ff94d99ad48cf901ac4,0,13,0,0,479,200,166,60,3781,1309.39
1874,49843288be657a3b7a440a8de0faf13cc174c7fa,1,0,0,0,0,0,0,0,0,55.22
1875,63bfd982d1981c8dcff98aaf780699f3f8f60794,1,1,0,0,20,5,27,13,1292,335.9
1876,aa2d35e753bab8230203e9ca4110d8d056fa2704,0,2,0,0,15,25,25,4,641,250.46
1877,1c66afbcc3e0e83538494779b2c87eace7c00edb,0,1,0,0,5,0,5,1,125,87.19
1878,742b9a6ab73488464d2da7b2113540263c3f930c,0,1,0,0,1,0,8,2,231,103.31
1879,eb9fece245a4a529ce3d400a580c55f0c2180785,0,1,0,0,0,0,0,0,247,43.33
1880,f1e332cc1a18e3957d050f92db418ad407e0e838,0,2,0,1,20,0,0,0,81,486.0
1881,a528a045ae4c057e39e40b49a5a930a527bdacae,0,1,0,0,21,8,4,1,14,89.15
1882,e24ad587a59b9f7bb710a4748a5dbbf6f626656b,0,6,0,0,0,0,0,0,689,208.58
1883,e0933a7b41638c42c59009970def55d1e38939fb,0,1,0,0,14,0,9,0,130,73.61
1884,bcfbf6273a4ae2b9ecb4f9cc8a6250abf60a5628,0,1,0,0,2,0,27,13,1312,249.11
1885,bfabc56a71784981dfdb38278d339a05c1b93c8f,0,7,0,0,278,26,64,26,6708,1265.96
1886,9ef3522f632a0abb5465eca849188776c1b4db13,0,1,0,0,0,0,0,0,677,115.35
1887,aaa25fcc41c54767e22bab655dc0096f98fb50f0,0,4,0,0,38,7,71,46,878,430.33
1888,12b8bc55c4b2ff8bc9662e31fe88a209655f6f84,0,2,0,0,30,24,0,0,546,206.8
1889,68b098414da929cbe1e7ccc59021f1e9755d8c62,0,3,0,0,78,0,5,4,324,180.59
1890,d37a657b272ef557f12797dae51a63dee5bc0411,0,6,0,0,27,0,0,0,598,209.44
1891,6840d7297ffb5c786a7ab3703c6ec43968109f30,0,2,0,0,6,0,0,0,241,81.51
1892,90bae9189af1f284ebb3700228f7bba08206288e,0,1,0,0,50,35,14,3,2060,436.94
1893,a89bd58c442cd765dcd351317532855d861b30ce,0,1,0,0,9,0,29,6,1801,391.46
1894,868ab5bfc52fd2ca88905a8e3907018b85234cf9,1,25,1,6,58,18,57,29,5153,1252.83
1895,8f2dd0284a7c3c1d5661789ad9976b8465e1e01c,0,50,0,9,267,41,924,296,18612,5285.09
1896,6bd0c30b95106cac1d99a24e8fe2833c3ccc4379,0,3,0,0,49,2,65,21,4814,851.18
1897,62cefef20538bd14b0d6f96bd1cd36e20ed64151,0,4,0,1,40,21,47,15,1107,427.9
1898,4947195ae4c18d1c7ff8fde6ba75d964e8f73709,1,6,0,0,35,7,5,0,945,329.56
1899,af7cdfe58a8e0aaf703c2e1f27ad3c30ad98496e,0,2,0,0,2,0,7,1,360,148.25
1900,b4c08992f4f62eb3921f7baaad319e99b6714c54,0,4,0,1,20,34,23,4,1072,777.29
1901,aaf08a9f56f2beb025e37560793b1e2d45fc5ced,0,1,0,0,2,0,0,0,56,38.94
1902,814985365c754b8d3659bfcec586e3e39e003cba,3,5,0,2,26,4,11,3,473,495.34
1903,b739f0a2c0d1997bed9b7fa28457ee1f48f545f8,0,5,0,1,18,0,69,30,1815,492.35
1904,9bc7f8146f32bbbbff9e194a7bd0568eaeb7e060,1,1,0,0,16,0,0,0,100,94.46
1905,e5e63687ade06ab3fce95cdd28c40c2d9eded20d,0,5,0,0,105,22,140,50,1437,530.65
1906,e0d4d0e1e3ae238a88599a35bce4f8a9b5e8db2e,4,6,0,0,29,0,92,52,8082,1756.11
1907,cc2476929a811b2b5310600b421b52c366223070,0,2,0,0,8,0,1,1,6964,1009.65
1908,f8aae2f41c2e2cda3de35e907293038239c388ca,0,2,0,0,34,0,5,1,1958,491.8
1909,b619ef09a4e534bef788116af4afa529cb9cdf81,0,1,1,0,0,0,0,0,59,57.17
1910,e0d69844d15a16cf4fcf47575e73359332f3b271,0,10,0,0,113,2,70,17,887,564.84
1911,04adfaad553a0079f5cc0ecf36037593997691e9,0,2,0,0,41,0,8,0,122,237.71
1912,8e9a661ce4ceb424d3c6122881568bd1429cc38b,0,4,0,0,5,0,18,4,7774,1377.69
1913,ce19ef18d5b1ed6bdadd1142c7cd6a3091dec144,0,1,0,0,0,0,0,0,1935,316.41
1914,8e6ba483351f228d197861b89307b752afe583af,0,4,0,0,3,4,25,15,1809,461.75
1915,50724f6b3f2b1e7f63efefead2e2a0dae1a6c612,0,1,0,0,0,0,0,0,52,30.9
1916,57db83ff4b093ebf2f06b1dfb447a469f148b587,0,1,0,0,8,2,2,0,21,93.05
1917,47a9795867af8a6a7cf8e7c1864250817554575f,0,1,0,0,7,14,16,1,119,144.39
1918,19dc59eb704bd9b406c59f6bff5284da06a6a03f,0,2,0,0,11,0,119,55,3917,680.91
1919,8c66255a78f9785f64ecca56eaa10ad92cd051b2,0,1,0,0,12,53,81,21,116,127.13
1920,68fc1a68c0298190a9b2071397b6a932ec320914,1,3,0,0,31,13,6,2,5348,1611.1
1921,96e99e3d214876b8b979573021b9cc8dd1c0991f,12,32,0,1,252,536,460,136,5756,3361.1
1922,3e63b75497286c6b1c685d534f909de8b001f2c8,0,6,0,0,257,41,109,22,3974,1131.09
1923,410fcd44d3ff71ff1fafe9754af3bcd6ff02f1f3,2,4,0,0,79,48,25,10,1639,693.13
1924,c88df796662d98d599b24a965d2bef45c8f296e0,0,2,0,0,7,0,23,2,201,134.82
1925,150116953426192d991ccb9b7dc424c6d044da00,0,2,0,1,49,3,140,78,903,516.94
1926,ae806a72dd728c8f34723055ff9f1f2ed57881c0,0,5,0,0,32,67,194,101,2833,771.28
1927,cff6623afb99980d455eacb7453beaadd7abf66a,0,3,0,0,59,2,27,12,1695,453.89
1928,58602fb904c7cb0b234cf018a259b6e318c076f6,0,1,0,0,28,0,0,0,557,102.17
1929,0add17dc8113719930e7c25e91ab6043691f720f,0,6,0,0,52,17,33,8,807,547.39
1930,c23436c8944cc477a0d42e7ab0877a9a5559f407,0,1,0,0,0,2,6,0,165,66.13
1931,b4214f06f9a0f297acf31d43d25747e190fcd7f0,0,1,0,0,1,0,0,0,81,39.17
1932,47d160acdfe5155ac3c91bb955c4f81962c55146,0,7,0,6,46,24,21,5,455,585.05
1933,a1cdbedadf99bf30830c487922f8bc7c6d73c1e7,0,2,0,0,5,0,88,15,2127,513.66
1934,0b01e5aee67c8ff605fe88d236d43b4b4ae68413,1,6,0,0,114,10,76,10,1924,785.55
1935,cf2158f6a4ac029e8c56029d80375e5cd490bf94,2,2,0,0,2,39,11,7,62,261.44
1936,829809ca4c7708b7eec867a98f8087fcf0f43f50,0,6,0,0,69,87,25,7,7675,1536.48
1937,2b853810e15600552d0e19c06d3a78c561be9797,0,10,0,0,62,5,90,19,2279,939.0
1938,fca086a08da42f2e0bc7c8a9cd5e6541a6caa413,0,4,0,0,12,0,13,4,438,317.29
1939,e1f9775089e2b155c5c07568e8e72b4b47622931,0,4,0,0,42,0,9,4,284,226.78
1940,b604071e1f66cc95c300186f0277a24dfe18b9ba,0,1,0,0,6,0,0,0,53,474.39
1941,fc0bc15bcd7f7ba249dcfefa88f088260af1cdab,0,10,0,2,263,428,161,22,2157,1224.19
1942,8608c7ee7e1f09fa3c7055a317e4858e5d5b854b,0,2,0,0,5,0,9,1,119,90.09
1943,91f8adac6d0ac0782bfad86c1fa9bc5de2e64a91,2,3,0,1,39,79,57,16,705,590.72
1944,a0b226a2f9e42d34d4afe04cc9a8bb44efe13eb4,5,13,0,0,571,40,41,16,1257,1134.6
1945,138c0cce375b5853751ade6cf71c7d9b3b99bb54,0,6,0,0,61,26,17,2,2805,700.6
1946,aee641b414af6a229f3683ebcefe653b5d92d413,0,7,0,0,12,0,45,14,2267,676.93
1947,ff2eebfe0d1c49c305a6931f2abdf5727e5e29fb,0,8,0,0,141,3,119,37,4770,1220.28
1948,553fee01eb60cf0d0398064684450125b44ac9ad,0,1,0,0,0,0,0,0,2163,235.6
1949,98ce4859778b52eb6701eab271f8a82009739363,0,2,0,0,29,0,50,18,322,177.8
1950,e1e559d85feba642e75b70bee5a97a070a291d2a,0,5,0,0,47,404,160,50,544,516.74
1951,93ca31b010885065df670552f52497143b2a3c83,0,1,0,0,7,1,35,13,467,139.76
1952,77407490afdacb115dcd80dc3905fcf831e7f38c,0,2,0,0,1,0,2,1,180,94.95
1953,4c388c35bd3012e08430c28760f7d8a4ecf2ff9f,0,4,0,1,38,6,21,2,1100,560.26
1954,2613937f551a0ff576a113fdd8ada30127b84202,0,4,0,0,20,4,5,0,543,195.95
1955,7b2901bab146d3904ac99f0333536568b72e3b02,0,2,0,0,14,77,73,25,435,203.39
1956,e1acfb27ca8ffe5d34e6a4807b80ba3c5ce8a863,0,1,0,1,0,0,0,0,565,155.1
1957,9633b636102d598e13c04a5354e18c5b4fa535b1,3,11,1,0,159,10,103,27,1818,1021.48
1958,f16a9d32031448fbab77f2d3d212631306a45330,0,1,0,1,0,0,0,0,52,66.75
1959,e8ef95bafc342a3145dabf219db85e4cd3015a96,0,7,0,2,526,87,589,184,8297,2155.2
1960,0b1b582f92252f798fe3a3aca09e309494de1002,0,2,0,0,7,0,15,7,423,860.9
1961,075e963935f40eb574491f17f38d32f9096c2923,0,1,0,0,0,0,0,0,341,119.42
1962,ec1097ccf8b333ea183c3d7f87e20db2fb7d7bf4,0,2,0,0,53,20,49,12,268,202.61
1963,44e24b326f60fbd674e8870c38bff031d9b8eb32,0,3,0,0,2,27,24,5,220,220.59
1964,9d2a7960d5ecd12f3aeb60d3c86d273d7d23e81a,0,1,0,1,1,0,2,1,125,170.29
1965,95fdbb69eb0d0438dc37eb6445bf68ff0d1d6259,0,5,0,1,21,6,66,18,951,520.05
1966,3555d03f95f4b9e2a18184ec7bb7371aaaff31a8,0,2,0,0,0,0,0,0,282,55.94
1967,a0fb81230993d76544c47b3916f96c1f8c90c62a,0,5,0,0,82,35,65,15,1001,662.45
1968,81b3b10f3051829819a9845e9f23dfb215663f06,0,1,0,0,3,0,0,0,1822,359.02
1969,cfd8ba6708f4bd8226aca7d36717cc217eb1fc1c,0,1,0,0,51,0,38,15,49,108.08
1970,47b06827c37da9bfcd9614621c644c09893f0a14,0,1,0,0,0,0,0,0,171,45.22
1971,7ae567d58f45c90657af22bb7083184f1b04ce3e,0,6,0,1,74,1,70,29,1162,683.14
1972,70877d6cc8553aedbe8c580e4e875296b1e5b77e,0,1,0,0,1,0,0,0,844,168.83
1973,7d3705cedacb4bc550719ffeb50cf8808d79c603,0,2,0,0,15,0,5,5,2180,512.76
1974,00e757363e43a6ccfdafff82d281898564e2ecc4,0,3,0,0,4,0,0,0,357,96.78
1975,b6764c846dbdd9678894fb4912daaf023218ee67,0,1,0,0,0,0,0,0,532,71.24
1976,353fc31cf166150c6c25695973c1eb08cb1c34c1,0,3,0,0,2,36,43,25,827,354.48
1977,21f0ab63edadd6ee5f73fbbdcbc4571b67b7f858,0,1,0,0,6,0,4,0,115,97.88
1978,0eccc9186af5429d2157959007fd011931ca25dd,0,5,0,0,22,22,69,29,1247,427.37
1979,58df64d99241ca1ddf1de66ebe3c2f821cc3925e,1,14,0,0,1437,14,273,118,5512,2116.57
1980,b621616ba1f1f08d9ce9ccd0c07c008c948c1769,0,12,0,1,102,0,23,14,947,934.65
1981,1c4ebdc8581fdc5950d1b52a11fbe4623cd5b1e5,0,1,0,0,22,0,8,2,93,103.37
1982,77eb84874a15401f16aaf1fef346682ec3e56e32,1,0,0,0,0,0,0,0,0,70.0
1983,5a52b6165e0aa979347cad8253b9d0c43acbaf20,0,1,0,0,0,0,0,0,79,25.31
1984,b81e215d7b58526d0455bee618bbf049f6accf7c,0,4,0,0,65,16,39,9,1268,670.25
1985,9806df0be664998f8e9c6cdeeb23b85e0a9a2a10,0,2,0,0,404,0,84,25,594,260.75
1986,7b101d63e7867d381cc59af12c9cab778bc5c9ae,1,2,0,0,74,0,8,0,955,392.79
1987,788489f5db9f6d81f5589c4fdc54f2042a7e4cdf,2,5,0,0,32,0,27,11,475,493.54
1988,9368cb38d7961f50f32ec8fec9adc46a2b2d0d50,0,7,0,3,4,2,2,1,2276,743.47
1989,e872c4f3291d5caf95306fa12952b40013c42253,0,2,0,0,20,0,84,31,952,277.84
1990,a7f9132e70d039699163f0d576efdd9ae3308c2a,2,3,1,0,0,0,0,0,247,179.58
1991,8dadb4b55fe306f547b450aa12f64695fbf8aeb0,2,2,0,0,12,74,20,10,95,340.21
1992,f1ba67f1762800cd13ff5f05212ebc9048174569,0,2,0,0,59,0,84,16,972,319.38
1993,119490fa51210788ac57212e2d5f4d87ebba3e0e,0,9,0,0,121,117,41,18,2168,850.62
1994,2b19f72be117d163444e75eb1efbf389e055811b,0,17,0,3,69,18,144,54,6123,1836.4
1995,6be88235cc4a8b43e57d4b401ac6ebf4595e6d0c,2,1,0,0,939,2,66,40,7440,1812.34
1996,393f21bbaf945f614c3002b843b5419146aae1ac,0,2,0,0,2,14,80,38,621,286.57
1997,40ff2e511ba2d1577daff404866e5be50b475cea,0,1,2,0,0,19,9,3,8360,1202.77
1998,f3b2c702238f5592a6743adbe5aee42bbec9f4e6,0,1,0,0,0,1,3,0,8359,1006.7
1999,a00cfaa0011eda3904a29ada340e4d2c16a813b2,0,1,0,0,0,0,0,0,833,110.77
2000,8e85711ec9df81ec2c3ad7855593c4879b3e94ee,2,1,0,0,19,0,9,3,8359,1540.93
2001,042511f0875ff17608257a3b25f93aa67ccfbb9c,0,2,0,0,14,0,55,16,194,136.97
2002,074a0f7cb58c570afc471709c4d4b250627f57fe,1,7,0,0,173,0,106,48,2223,775.17
2003,4cc0a5106263e00c2b451aac0e454f764e12d9cf,0,3,0,0,12,892,96,32,8056,1162.37
2004,d29822c41e32b0e07bd07647ca947b33b32e32c3,0,6,0,1,90,220,69,12,895,472.9
2005,b9ad3807c4a5b908975f702a3a9c91e5c8391482,0,4,0,0,348,182,78,16,892,416.57
2006,221c72f63fa5859d19daafa2b41080845a074961,1,7,0,0,161,30,50,16,1025,580.63
2007,00d70ba27b80fc7e378598707cc7945cf7ed0f6d,0,3,0,0,0,8,11,3,651,211.93
2008,cd188fd74cc6ea1f9099fed01d071f402509b1fd,1,1,0,0,0,0,0,0,330,120.97
2009,a7061982dfa4a51bc94744a1498ba10a7f1abfb5,0,1,0,1,18,0,2,1,39,99.73
2010,061409f826ef91e7b96d4f033061c67866190bc1,0,1,0,0,3,0,7,0,49,63.91
2011,2230c916f408cb02e12457567e91ec6384f47718,6,10,0,3,42,25,31,5,4120,1132.74
2012,074403521f338116edf93de5f0db54c3de7b61ac,0,3,0,1,0,0,0,0,69,46.34
2013,5aff12d5003b4c0f21bc849263ae87d5558e6fcf,0,3,0,0,41,0,69,9,1496,348.1
2014,96773c7bcd20d7f1f2f42c31419408a3d025870d,0,2,0,0,159,0,4,2,79,152.61
2015,05a2aff71c2682e01331cd333189ce7802233a75,0,4,0,0,48,5,246,119,11127,1804.49
2016,906314eac0b6344ded9d243722271b689820130c,0,10,0,0,66,21,94,43,3868,966.33
2017,9a4b04fd7b3146ed17b7f532d748c0cad27e40d2,0,1,0,0,0,0,0,0,104,27.72
2018,ff6453cdd9d230d75772f973d32eb36ac98a18a6,0,2,0,0,4,0,31,8,484,188.51
2019,c82410714ec53c64bb81567cefcf69454dbe8890,0,18,0,0,246,5,428,55,14692,2739.57
2020,b80336ce395d31a08f8226d99984271fc994e7b7,0,3,0,2,901,2,40,18,7784,1773.09
2021,d5de9e00f34b59ff6dda7ee9bde37ddc3a158dbe,0,1,0,0,2,0,5,0,52,66.75
2022,9e74cb46a0ceb697111f3f2f6ea31fa7d7504061,0,2,0,0,91,0,26,6,131,151.61
2023,048923de23bf9e9847b1e6c5ad502893df162163,12,7,0,1,30,1086,385,119,10320,1955.14
2024,b6d1e7c0a94e8fa1eb94cdee83373d6f826ef24f,0,3,0,2,3,0,20,6,254,171.89
2025,6a8e010015992e95a1b1b9f1b8de825ce6ec82fa,0,1,0,0,31,0,31,4,2160,396.76
2026,f4556f226c6dfc04336d664d69e6a5ce667146e3,0,1,0,0,29,0,0,0,100,53.73
2027,21aea4ba091992af8a4985b4559448eb7d005799,0,1,0,0,3,8,4,1,31,96.14
2028,f5d5d55e4b4073a0c35089cf828e9e9cc0124c6a,1,3,0,2,116,2,2,0,79,211.66
2029,d888c11291411cbfb3143c52b65ee27bdd942a11,0,4,0,3,1078,20,291,111,8251,1636.02
2030,77bbbc1890c2ff02b1ef3f937e5894082be037b1,0,1,0,0,1,31,200,71,8445,1104.71
2031,95fcf201e6eeb9248ab2e2b69670dfd7d23ab084,0,5,0,0,39,0,33,12,4303,824.77
2032,cc7f2d92e130282c9297fd173a44c6fc4c5c96f7,2,0,0,0,0,0,0,0,0,80.56
2033,11426e2753ac07755e6a5e2a3227f87745814ab3,0,3,0,0,19,0,29,11,968,358.94
2034,1bc53e450e6e8b07be027adda52da1b80f5e4bfc,3,9,0,1,271,107,175,60,10359,1879.04
2035,d1886a9fe379a9b938205fe8b001f8206525e288,0,1,0,0,0,0,0,0,25,17.33
2036,535a6a5b072a44a23983abdaaf26f1d52ea91d22,2,18,0,0,74,16,79,25,788,1010.91
2037,19402b588cb72a351bbc2b4623a799c4e6031331,2,8,0,0,14,0,83,28,1911,645.22
2038,b779815b3b50e5350608ed13bdf2e32e10edf8df,0,1,0,1,61,6,32,3,77,149.58
2039,28830d90dc3031fa489a6cfb8ef05c535184c09c,0,1,0,0,0,0,0,0,16,13.61
2040,af6c5d56a12bf2d2ce191e8b46ede7b6600b22cd,0,1,0,0,2,0,3,0,15,411.27
2041,ef9ad18006aa94646330d5dbd1c802bd6f5b08f5,2,4,0,0,4,72,20,5,488,364.66
2042,0a9a0c19e5822136255ba27b9160dffcece1c631,1,2,0,0,43,0,43,24,1317,386.71
2043,797f042f797bf18d8c70507a51ea6b25492fe205,9,4,1,0,13,0,8,0,185,651.32
2044,c498e9a4b8f6741ced86b44b1596681e81b00630,1,9,0,0,10,0,100,61,4166,943.52
2045,0a88a600e7955dabca90eeed291792375013376e,0,4,0,3,0,0,0,0,1656,491.41
2046,697f37536f5ff4404a3d56b7d16843f8ea9814e7,0,3,0,0,27,1,11,7,402,216.01
2047,4bb5383d74999132fea6b26513dc7f697003b014,0,1,0,0,20,10,5,4,171,123.79
2048,d62de911038a4294752442210e092ba9a148879a,0,1,0,0,5,2,6,4,89,110.6
2049,d4c8fb0c929cf176a72f765b4dde2cea24438f08,0,2,0,1,32,1,1,0,140,120.33
2050,5b41730b208ad8a5b88b9cdf6ad1591d3c7a4d99,1,12,0,0,208,269,103,21,3574,1279.42
2051,de6413602164f2ba3b6fdd4ef009c5ae7a342660,0,7,0,1,38,45,175,83,1187,585.95
2052,63b8248d54c78d72be60a3b5311c4439d8885f36,0,1,0,0,20,0,26,3,73,80.57
2053,b1da9b9e444cebc709b50b9eb164d22ddf913779,0,3,0,0,8,0,19,9,1001,350.32
2054,7ead4cde675f32af52697039ea476221d814b51e,0,1,0,1,6,0,0,0,2,46.82
2055,6cf033dea5a89631269e470496854dd753192bfb,3,5,0,0,37,4,10,4,608,431.25
2056,cc819e03fe3d97d9c70fdaa84ef2bd4d433f63cf,0,1,0,0,2,0,2,0,2163,274.2
2057,1270b10971a7953c11d101ce04684646f65d7944,0,1,0,0,10,0,48,23,618,144.4
2058,59a58d228c5ba20c3c6645c7dd52089e8cdd6473,0,14,0,1,61,17,66,14,3935,1217.08
2059,60be7236a80f57cc23a1a9d0dc8b00062ca5397e,0,7,0,2,20,0,51,15,10106,1608.93
2060,27f77f054baf2e7cd1ea55282fbbb80c055f5aa9,0,1,0,0,6,0,5,1,8468,1516.36
2061,eebe6cc82074a38e5e32ef8398f5005086398236,3,5,0,0,28,0,12,9,309,366.03
2062,dbeb2c525a97f124b470cb75ccb715782340f61a,0,2,0,0,46,2,24,12,524,202.95
2063,232e284ec351c3e9ab26c7a15793a5aaa094e0cf,0,1,0,0,2,0,3,0,43,58.77
2064,55fc196fcb9ceb787ffac975f94cfe381625d231,0,1,0,0,2,0,7,7,106,82.53
2065,8d657c75c96d4325ad86e71ca6d1fc560ecca9ea,0,5,0,3,32,6,52,21,909,625.6
2066,225651062e1fca2b2f63b907f25bfc8fa2acb8f1,0,1,0,0,0,0,0,0,321,125.66
2067,a9be67ee68c5aff637a3ddad3f1e218c5d54d764,0,4,0,2,20,29,16,1,155,202.65
2068,0c1f318a18a52a2cf61de9a67fd4df4bd66a6a92,7,0,0,0,0,0,0,0,0,235.23
2069,e830c27dc3acc427b4b1f06613daf95fc4c63918,0,1,0,0,1,10,80,25,713,195.84
2070,0fa7cff3f8f4303f07593e16e35d6faf5697a2e5,0,1,0,0,15,0,5,1,810,254.53
2071,0740fb46d01390919f6f02be4d8fe670444f7fc7,0,2,0,0,238,0,122,33,8698,1245.22
2072,f1ff12058a1d52e569bfcc1167823fe3652f6726,0,7,0,0,11,1137,268,103,12956,2145.95
2073,e1bac59671878a1537946196f2c5176bee6312f7,10,14,0,2,102,138,51,15,8904,2101.51
2074,43443c9768cfa147cd08ff21f6637fbc66dde91a,0,0,2,0,0,0,0,0,0,54.39
2075,3f9cdec481984d5b593cad53e2d2a7e1996ed5aa,0,1,0,0,1,29,31,10,112,101.4
2076,e778ea02563b4eaad4e8dfba9c7a392399bfec10,0,4,0,1,8,13,28,8,94,182.15
2077,3a06190e2b77baaa0fe873f29e48c2acc379cd40,0,15,0,2,69,370,69,12,7345,1523.82
2078,8a4c074ee2ba464cf7b26b45af3c672e5ca87f32,1,7,0,0,98,45,69,9,10771,1776.79
2079,9380b4a6fb9d4f52da185cf522b6a47f5bfa3f0f,0,10,0,1,113,93,208,68,1574,756.25
2080,0cd40e71dd68a02524c87a199681619bf86bfc7b,0,1,0,0,1140,4,159,80,7506,1585.4
2081,6ccda039fe5d0fdac0d2ba3f1c68e48d33e30332,2,5,0,0,77,1,75,14,1215,581.74
2082,1784dd1c32821f7756ec19b87a29d99c55ca060f,3,8,0,2,41,63,81,26,3638,1082.28
2083,b347f303a45beb68de488750ffa2aef05b7e7f6a,0,5,0,0,7,0,104,24,613,258.23
2084,2a45304dca8c06ec7e103f2ee74223d7d828ff28,0,1,0,0,0,0,0,0,8646,1043.74
2085,9fca1662e1fc8c7d3d6220bf44934888a886cbe0,0,8,0,3,42,4,7,1,401,315.49
2086,8ffc36f7be4ae440197d0ef9e38f8cfce7b5c6e1,0,2,0,0,3,0,14,3,565,232.58
2087,3a2593378281ab936a1a5267ab0af5d532f14816,0,1,0,0,0,0,0,0,201,45.77
2088,57d8efeb739dc5b355cf537ed0fe5c9efd3f87a2,0,1,0,0,15,0,15,10,55,81.03
2089,ec6a4c814da15de70c207d409f61f2efde456ed3,2,4,0,0,42,22,18,5,294,291.72
2090,e45db2e98fdf76fd7bbd3f5efaed6696ccb7b193,0,1,0,0,13,0,19,13,141,87.08
2091,37a7821f2ee7a0fb8e2f8a3e81413f9fa5e32a49,0,1,0,0,9,0,130,67,8646,1235.24
2092,13d206abb75969c434703a715c75f9a5d54883b2,0,4,0,0,9,3,56,7,1168,337.92
2093,a1c95071b8e424a9531a8d48a6fde8c240c4d271,0,1,0,0,30,22,0,0,48,63.44
2094,b1bfe2c16ac8268539938eb6ff87ab2cb654c611,2,9,0,1,215,37,23,11,1437,717.77
2095,2fb7dd9769fec9597548f907d44bbcbf4e8ecbc9,5,2,1,0,4,4,4,0,18,330.17
2096,67a20816c005911dcd9652493b6f4079c0095580,0,1,0,0,2,0,1,0,9,53.83
2097,00706331785051073aa1e95346cdea09363ab2a4,0,6,0,0,392,144,76,29,3223,862.62
2098,d6c38b9eaa4b0ce1d549d0f4f8c0d52527f3beb9,0,3,0,0,0,0,1,1,575,127.9
2099,8b331398612117cfcd2a89e23c74976cabcfc305,0,2,0,0,6,0,4,0,109,98.57
2100,40a0503355294bd1380254ab80268947214801fc,0,2,0,0,11,0,9,4,219,520.25
2101,d7eef2e75aba9b6bb3014c288f69967c0bcb323a,0,2,0,1,7,1,0,0,132,94.01
2102,c7b3e975231cc415092acdddefb1aedf4ca47867,0,1,0,0,0,0,0,0,16,14.73
2103,18f06df287ec8856f09d2528293e047439ba7a79,0,1,0,0,1,0,6,3,8655,1131.73
2104,fa14b53ad7927caad4f56de5f4f2d3f3b466fb4c,0,1,0,0,0,0,0,0,154,34.12
2105,268b2edcbfcd19008a031aab9aacd00934aabcf5,0,3,0,2,27,0,2,0,166,159.01
2106,4ff0ad454f67f4979a664ce9bf282dcae4f07489,0,4,0,0,37,29,91,35,782,352.52
2107,3e72d4c0b6f7467be7a489717e925444fdb5fd03,0,4,0,0,25,31,73,36,788,293.02
2108,5640b4c1ef8c478134ac360b9cd306686bd36aed,0,4,0,0,31,25,73,35,788,294.48
2109,a7b86969250e3939696784e3a2c3bf65d02cfca0,0,2,0,0,111,72,41,10,804,254.97
2110,935c71f14484a0698ec431b0bc3d9055d0cf6811,2,9,0,0,53,0,32,9,1971,735.92
2111,e59767bd03b79e3bc9849c38c854828f298885b4,0,2,0,1,25,0,3,3,236,153.91
2112,0837f964e429058f7873d4d56a54f61b4c8d064c,0,4,0,1,51,42,71,14,1038,375.65
2113,3f84d77355b05f880c748ecf3a0462acc9e31f57,0,2,0,0,0,0,0,0,915,142.89
2114,105b5f3482be35b6fd369f6afcdbaa1b174cf840,0,1,0,0,9,0,1,1,35,73.06
2115,438598d0872e206b4936f4bf35e0ddbbc2399ce1,0,1,0,0,1,0,0,1,1992,258.94
2116,c5c013617ba4873c7673ba59e2f96ceb19837caf,0,8,0,0,241,51,227,67,2016,743.69
2117,f1e016eb4305956e5be3fe7af1c33d7cd23511b5,0,6,0,0,144,55,102,45,2957,789.64
2118,cb0f3268ec79d6976499253cd076bd9761bf1dbb,0,1,0,0,0,1146,36,16,7510,1062.1
2119,2e5c28f8c927f2caf6dcffc9070671089c5f771f,0,9,0,1,223,62,197,53,1574,917.88
2120,ada42253354623d697718cef37d78e59d1bf1f72,0,4,0,0,31,9,3,1,893,702.51
2121,9143eceb03930f50895e30c9e1b6ab739085abf7,0,2,0,0,1130,0,36,18,7842,1344.35
2122,6457c9964d1917be7d3450bbb06f8caa7eedf017,0,1,0,0,1,0,1,1,154,92.4
2123,3a8134ebd9441c98e5117321818229dd6a862036,1,16,0,1,1698,21,1276,72,50959,11181.46
2124,85dcc30e07d93fc78f33e9af01e6a3b2cf1523a0,0,1,0,0,0,0,0,0,460,82.03
2125,94de4ba84008cbe272d73bc1fe0a756bb6cf4103,1,2,0,0,1,1,2,0,18,133.66
2126,54c7467468064163f9c3b746e5a41a89ea831931,0,2,0,1,0,0,0,0,874,148.99
2127,7964eebe0120fe585f64381763b2a899c700dcf9,2,4,1,0,55,6,60,17,352,352.83
2128,7c9689a9f5625b4b17f3ea6dc275bd55442407f3,0,2,0,0,9,25,2,2,254,150.24
2129,185f639144ee630540199efee60ef437ea1c78c3,0,2,0,0,3,0,1,0,255,102.97
2130,a922b96768df3323348134ab14fdbd286337950b,1,4,0,0,53,37,111,33,446,273.58
2131,57ebe55418f432fa01630deb51a8933a336730da,2,9,0,0,80,27,219,57,2304,705.52
2132,7ecbd8502460b12f38466bc27f7e154019e6be8b,0,3,0,0,58,57,4,3,48,136.56
2133,9a300a96032a765a386369410a9dc47adee8db27,0,1,0,0,5,2,24,12,8638,1163.06
2134,1d0c70d2ba2903ca74513fae38be7c7566936ab8,0,5,0,1,47,27,65,17,8850,1434.71
2135,38fc991677827a9388ef6db1ab575d6102bcc724,2,4,0,0,9,38,30,16,73,291.77
2136,03f8e26d1fab259cdea55b1b670713523e98f450,0,2,0,0,6,0,13,6,275,181.49
2137,819536fd9a6d5403d5a0cf13e25d0504b21e3f51,1,1,0,1,3,0,2,0,36,135.37
2138,6e7b994b143a73668eaeeb6eeb6523fb77ae0d58,0,2,0,0,2,0,21,4,405,188.08
2139,f4454ac671242a1fda3f1e1fe96d7023d913fc2c,0,2,0,0,25,0,37,10,8743,1211.39
2140,c81774b2e6c6b88038b5814337f548ace17ea8f0,0,1,0,0,1,0,7,1,1367,653.15
2141,ad419d7645ef86e9918e6cf5069d68ee9ad006a7,0,2,0,0,20,3,82,10,253,187.41
2142,9d159e067efe8f8ad33a83551202008b4e8ed750,0,1,0,0,0,6,34,21,149,99.44
2143,b1e5a406cad27d459aeed671581b772b994b1055,0,2,0,0,0,0,0,0,8768,1084.46
2144,f01c0e40eaffd93706fab9451fdeb17a67da7078,0,2,0,0,0,2,21,2,329,121.43
2145,e635ebaf6d02677f13f5785e0a4e092754818f34,0,1,0,0,1,0,1,0,82,62.58
2146,dd2346d55c234cfea1c17294f564a2aeb46c9648,0,1,0,0,0,29,17,6,91,77.55
2147,634f8adf245a9dd21e3b1ea0b5a78b7bd6e1922e,0,8,0,0,84,53,104,42,10169,1711.58
2148,add4b616b6ba409e0bd4fbe25994a13a31d350e1,0,2,0,0,48,7,125,44,4168,693.23
2149,3e693b9d80caa979266de2f8cf6d2b958ce18a1b,2,7,0,6,427,83,179,23,802,950.75
2150,480601cb38bcb29a5ca491e658928a1b3510816e,0,3,0,0,2,2,16,2,215,171.11
2151,fd6bf089612a75a66391fa714d9848ca9dfd94ee,0,2,0,0,0,0,0,0,329,63.14
2152,5a94ca267716ad8c316a4a78ab6207293fe9a797,0,4,0,0,45,1,3,16,654,221.14
2153,07372d5c6b332fe3410b41192f8e66cf26f424e4,5,3,0,0,18,0,14,7,504,376.3
2154,2fcd982ebad04141f816ee9f70d885bcbdc39b34,0,4,0,0,5,1,26,10,429,185.31
2155,fcf53e043e4e0f8aabd8bf028f1d7cc93300b188,0,1,0,0,1,0,9,5,157,92.05
2156,c1e6bac0cc59eb24fbcdafd164eb257544bedfb9,0,2,0,0,5,2,23,7,1154,259.91
2157,17d9b21f35327697b4d657a82577fc28aa5e153d,1,7,0,3,189,0,70,22,9833,1596.74
2158,d5b1593e8d11c338dbeaa511cc39ed493e01668a,0,13,0,2,19,0,0,0,1287,292.53
2159,fd1160d95c4f6ed826b7a57d6d0310fa57ed7545,0,3,0,0,25,25,58,11,162,122.62
2160,a5b5653735b1a3deeba4fabfe730400f1aa366c2,0,9,0,0,123,9,320,186,4776,1698.64
2161,ce8171464a56938b832f6abba6463ff7563d93c0,0,1,0,0,0,0,0,0,550,62.97
2162,bd4dce3e9af6464083f3ec14d495eedb232d4760,0,3,0,0,7,0,6,0,2862,789.73
2163,24d63f73899d1dc63b632364b84314e99c844417,0,5,0,0,0,0,0,0,21,35.59
2164,694b91ddadd388d33de8d09f18d7f15ef8fccfa9,0,2,0,1,1,0,13,10,129,116.38
2165,80d39271931e0e366870601e914150529efc0c0a,0,1,0,0,9,1244,126,41,7510,1099.76
2166,f7886bc566fafb4855f95fb35538f239b6d3867a,0,1,0,0,0,0,0,0,225,42.07
2167,2d03dfb0a432734fae6f0c952e6cae43e2c139b6,0,17,0,0,15,18,99,29,1799,706.3
2168,76d5468b13fc78b3eb811c6e16ed8a8671cb5ff2,0,1,0,0,4,0,4,2,20,69.74
2169,f4b1d7f6505ec7eb0f911654ac18f1bc4638648a,1,2,0,0,2,0,2,2,7529,1038.71
2170,4d9f8d7e3011d0dbbd37688b54368d364bb80dac,0,14,0,3,88,11,48,15,1167,757.57
2171,0754c55b488ba2795b61f1778ec617bd5c88aac8,0,4,0,0,0,0,0,0,993,153.62
2172,30ffc96963fb0446730b05f6cdde666834effb58,0,4,0,0,36,0,2,0,258,149.49
2173,89e51e4eb47c6b505bce1928d89c0e7e2975431c,0,5,0,0,18,16,92,44,1690,485.23
2174,432601c6b15989375a5af3d626b1157addd64411,0,1,0,0,49,0,114,18,729,171.46
2175,632bf01998f1e2695322100708314628a80fba77,0,2,0,1,6,0,3,0,249,140.55
2176,f01104bfb4b3d9976475ce302c76c821c1caeeb3,0,2,0,0,7,11,114,30,2006,337.93
2177,de9f4eb12da4d02652b6a2c69c9e7593a9841b36,0,1,0,0,0,0,0,0,185,45.14
2178,5ba89befedd3fbe9150896738a391d0d0e93e529,2,7,0,0,324,48,60,19,9192,1545.66
2179,2ad327d38514145b8894921eb7b658357c785767,0,1,0,0,28,2,43,19,134,107.21
2180,849b3fe6dafa753236c575715dde27c992b8562b,0,4,0,0,10,0,11,2,491,667.2
2181,9ecc242904f81fa8bd463390048b2fa890eb0761,0,3,0,1,1478,21,58,32,7789,1458.36
2182,f2afe6130bd8c6861d20cd55cca454d241754a83,0,1,0,0,5,0,20,14,155,94.32
2183,dcbdaebd91260d908d00de9e80ad0494e369f19e,0,2,0,0,0,0,2,0,204,58.11
2184,d5cd15e537900b3669e4f74f7bb1aeac339ecda5,0,16,0,1,93,1426,400,176,10889,2135.85
2185,7056c3a31451f261a94d5ee4953e22cac8ed51cd,0,3,0,0,48,6,16,4,2132,471.8
2186,62cd92a240ea30dea18df873b4c0a04422e10434,0,2,0,0,135,106,216,64,772,256.19
2187,2f80d394e827d9ef7e98fa7a55769c2aa7af64f3,0,1,0,0,0,0,0,0,274,38.97
2188,c0cfefe3365ea77cd3c097a070f607465e74c201,0,2,0,0,2,0,9,5,571,142.51
2189,595052184d4aa285c6775e7817aec17d6732347c,1,6,0,0,256,9,477,137,9352,1858.44
2190,f1f50818bdf54d6b5084b4b2f4531f28df3059da,0,4,0,0,1424,0,55,32,8127,1567.08
2191,48f018f3f26019fe598f2c9a4dae3d7b17ae8abf,0,1,0,0,0,4,3,0,33,58.14
2192,079ce0fc51fc41e935e9718a178712b038f2c898,0,2,0,0,19,1428,203,48,7551,1092.88
2193,65380a666df67b8f41244eedc9a3d830bf6765ac,0,1,0,0,0,0,0,0,336,62.85
2194,688fb80d852cb1d5509a6e679760a02f9facb6c3,1,3,0,0,28,2,28,10,802,330.28
2195,491296e431276c5a0b78df71d093801c06728115,0,1,0,0,6,0,5,1,3941,555.71
2196,fb9ac41b4bcb6569e54566b740fb55d72e0046d7,0,1,0,0,1,0,3,1,778,145.36
2197,a46f0931d026c0c57c42025a6141216c0647bd10,0,1,0,0,3,0,1,1,463,136.88
2198,d03378d97466e16634ae7d8e56e394c5879d927e,0,5,0,0,136,8,47,18,2246,534.8
2199,75f14d66e771a80dc952931eed039a4337ae5bff,0,3,0,0,1440,7,66,38,7824,1793.39
2200,9812e08668cae8c02cb32a82021d710db18f5991,1,10,0,0,38,20,65,18,666,1091.95
2201,e19d3c4a8338965e9d6c76f514dca54da216db77,1,3,0,0,61,0,24,13,443,224.65
2202,997fa703e0101f71a37808d4d4e8b38e4d402f85,0,4,0,0,15,0,120,43,9748,1843.83
2203,4e94a12411a59c1db68f0d36f2e0c984dadd8e89,0,1,0,0,10,1440,168,71,7521,1427.28
2204,c63fcd29cff80d98767294852a91a15a9e54ccbf,0,5,0,0,23,5,1,0,7837,1219.36
2205,8724ce9c7d1d4d32d5076865d1a5b8f3910fd35e,0,1,0,0,0,10,1,0,29,56.13
2206,09ebf46eea52b43e5d04f7cedab3fcc316c5a233,0,1,0,0,4,4,88,42,965,206.38
2207,848eda0404126834348338c9c332fc83d568230b,0,1,0,0,1,0,9,0,192,75.26
2208,b11d137429432db3199bd156e401e0b18d531bb6,1,5,0,0,50,33,18,8,873,508.85
2209,a9a30104c1a0304f711f60f3a5517aeebca5a745,0,1,0,1,14,7,36,0,246,220.21
2210,5ab5b39c5f5a526a23ed936eb76e915c6caaa34b,1,0,0,0,0,0,0,0,0,53.62
2211,82a8c449d200fc26585b3338535ec525b1624192,0,58,0,5,259,117,137,36,18508,4019.46
2212,24856f9a4ad8e58c71e9b6634e9232f70b7ce227,1,3,0,0,81,49,4,1,2442,745.0
2213,344f4b5514032dbfff5ad9a2cc1b78f98aa7ad35,0,2,0,1,18,0,1,0,754,235.64
2214,d00b65d05f181df4b6bbe01fa30d087ad328995c,0,1,0,0,14,0,12,5,1368,337.37
2215,a71047e2dd2c9061c841b938a863665cdfda2b81,0,4,0,0,11,0,64,19,451,254.96
2216,f8119af628dd5101495cc595c4a63d16aa356d66,0,1,0,0,7,1,30,10,540,141.59
2217,1ec04db671804ff71c7ceffbc9cc058979664530,0,2,0,0,4,0,0,0,64,47.35
2218,eaf8f2942fe670aa20aafbfc6d16d3f16befe5cd,0,1,0,0,11,34,273,42,1923,442.03
2219,afe79f218fb7e1a8eb4c141ecdba95cd2acf2dec,0,6,0,1,123,14,267,55,1245,519.95
2220,20d74243a5db96b8056df1409891e9059110bef5,0,1,0,0,0,2,5,4,41,602.29
2221,e62c66004eaf908c2079dae7c00639afdf04c9d6,0,14,1,1,237,116,110,42,4014,1503.13
2222,04c878969db4d90bdac9a388f943b878304bc2a3,0,1,0,0,0,0,0,0,402,127.8
2223,cb4f053c6908ba09f1618f147ce7af8b7ae22804,0,1,0,0,4,0,11,3,177,86.41
2224,d854cdfb87d2b07ebe815ce4b1fa791d87900abb,0,2,0,0,20,11,23,8,1122,347.48
2225,66263ad15225aae9c758226bb09575f0e28aa832,0,7,0,0,0,0,0,0,3545,995.03
2226,d7efb45add27e513b5369d6fe73e79740172067e,3,0,0,0,0,0,0,0,0,167.8
2227,54de334f130617899ff6dc281165d8fbf0370f03,1,3,0,1,75,0,1,0,338,267.3
2228,dd05bd2bf1c82b8affb972166b5d39cc235b1d91,0,0,2,0,0,0,0,0,0,39.44
2229,6fbdefefcd8cf9f2e9ff692b07be14a1c1fe6a61,0,7,0,2,1486,1,198,81,7967,1674.0
2230,944fc6deea27a105793db25d3d54c298f118401e,2,3,0,2,61,30,5,1,9045,1550.19
2231,9933422188508f6d6ea88cb2e1f27547d61b248c,1,1,0,0,10,1,152,49,8970,1213.59
2232,46aae2576ab7f650077705d06663f32510565c24,1,4,0,0,135,12,62,14,980,578.61
2233,e1f5cf135e08f9c6389d7cf310347dcc720895c7,0,5,0,1,15,0,32,3,1927,597.33
2234,87da29dec6ed9bea3e8461561b88e86d1af88b36,1,29,0,1,121,1463,279,80,14391,2870.79
2235,4051c042040efc148511c50321ce1ed92c33125a,0,2,0,0,5,0,46,23,533,188.31
2236,b6f05e946b273165ef480c7e48aca0f230836dcc,0,1,0,0,30,4,136,52,775,218.51
2237,c50a627fe687027d08413a7aed9ec83e101b9ec2,0,2,0,0,0,0,5,4,194,105.14
2238,c060cd23109e57b1829019d38c2cab84840623ca,0,1,0,0,8,0,23,6,629,155.54
2239,0ad9b9d67c62719a64aa85208fb4f1808815da04,0,2,0,0,2,0,2,2,194,163.04
2240,8ed32f69f4ec99f5b4b3d581042be8b7fc94568c,0,29,1,6,1615,45,263,94,9736,3326.94
2241,ae9829a51c1240ef7761673d1da1d2f9964365c2,0,1,0,0,33,12,11,0,40,87.2
2242,f1c021a46c6e176a8ec1d1b77a08ff41c7567403,0,1,0,0,0,0,0,0,476,77.53
2243,29664970016525cbc3d57a72b9260b24738831c9,0,1,0,0,11,0,84,19,8980,1159.11
2244,4385ed10137b75180267b039b63e65cf3bc1723b,0,23,0,17,28,0,183,68,9632,1862.63
2245,ac3b8a0c600674e817d68a7d81d0734e76ad4472,0,1,0,0,14,17,0,0,41,72.01
2246,b8c02524b555536ee0842c54a1e86e37fbfda99f,15,18,0,0,653,1,123,29,2168,1844.51
2247,50f647dbef4c3012648cbc2710b93114dc5806f1,0,3,0,0,171,85,36,13,2603,600.66
2248,cc1316ec965cbbabde2ddcf00518201d112f61a6,0,3,0,0,220,78,0,0,2689,426.18
2249,b186d656c24ac481097c73e021856d18b73cfb95,2,3,0,0,66,6,151,58,9469,1579.79
2250,731d7fb2a463fa180e4c55a9fc0a9650e95a6202,0,1,0,0,7,2,4,0,17,67.63
2251,2aec4a103ba05da9a1bad44882c337725668b002,0,4,0,0,8,0,8,3,328,200.08
2252,a90c8b564e56b04cddaefddf7b1a0f4bae7531e3,0,5,0,1,3,12,16,1,1881,595.86
2253,635fdf6e4ab834f304d19e887b5cd51d9fe42738,0,6,0,1,45,0,44,14,1742,528.74
2254,0f3e9ff05fce5cf0dd773dde04aadfe21a5907b5,0,1,0,0,3,0,1,1,684,187.1
2255,0abf354948f6214ad20b78c7a3d23fac0b64f8b9,0,1,0,1,1,0,1,1,14,96.44
2256,7e12dffe0bbeff105ddf2dd1ad12a6ad3fa71843,0,1,0,0,3,0,65,22,212,93.3
2257,dfd833791ee08554c776495cb76807ee10573d8b,0,2,0,0,25,1,88,26,9172,1353.17
2258,fe31d0d9c502f6b3ea21aabdac25f87d75d4ba7a,0,1,0,0,10,0,51,20,215,158.8
2259,5402771bba8ed574efef38a640fcea0dfb817b37,0,2,0,0,7,0,14,9,9305,1437.62
2260,026792e8004b8c6f53a339d987bb2bc45c6ed32f,0,1,0,0,0,0,0,0,969,555.79
2261,485be6b8b819c8b2fea4adb09d7b8948567ce0f1,0,1,0,0,8,0,56,24,9037,1425.19
2262,6945309ebe18faed87ee4bd1481ba294af60e7ee,0,17,0,0,33,14,18,4,287,372.69
2263,c3d7083b7605d1753946c4c4411e3a3241ea7ffe,0,4,0,0,12,0,105,20,669,478.7
2264,3c92530e7ace7d4226e32fdad6742f282171a572,0,2,0,0,32,14,7,0,414,129.76
2265,d54f1c8e1c47a0f653c487d995c6278cbe1c8a99,0,2,0,0,14,19,6,0,427,132.76
2266,1b32bd6797ef776b6c8487de61682be96327628d,0,2,0,0,30,22,23,12,9184,1559.64
2267,e5649c0620ae5a53a4792c5299950f5b123972b7,1,3,0,0,32,7,19,6,264,338.51
2268,9a0ecf140e1d23e81183b2059849f843dc1a8da0,3,6,0,0,305,18,163,29,820,846.32
2269,3465c5fd370edb52dc8316f3c89a5615a59d3f40,0,1,0,0,131,0,428,183,9045,1377.32
2270,5f290a806659b496ceef7c6f0b27e870de1a817e,0,1,0,0,4,0,6,0,101,71.33
2271,a7693b6b6c953414e86bb2f968340eb28e6b8b6f,0,2,0,0,8,1,20,10,169,155.27
2272,980291bb90386310ba5961b1673755742bf9e558,0,3,0,0,0,4,59,21,528,215.64
2273,70bb3941a18b3fc0a73ba7f36e04479aaba1a3cf,0,1,0,0,0,4,19,8,391,114.09
2274,6f082630e188b7ab984a79b8a02048689190ea09,0,4,0,0,22,23,52,9,2670,538.64
2275,20acdb661a12f1bc472633d89428917275b6364d,33,26,0,0,712,89,295,74,7365,3731.77
2276,84f8589c93857f1eb0213249c8ccf5f77319cd9e,2,0,0,0,0,0,0,0,0,101.93
2277,495ffabec15bbf76178f6ecb3f7fd3426ff86275,0,2,0,0,0,14,14,4,163,93.18
2278,2b26c19099724a6e257be68b206156a397e0fda8,0,1,1,0,0,9,0,0,116,58.5
2279,bf5aff018fd2fa3b2c6b8e289e3a4e7ece61057c,0,4,0,0,21,1,42,17,9755,1375.86
2280,7723fd6e884dcd24cdb7a4896e8e5e399a5b3890,0,2,0,0,8,15,10,3,58,525.58
2281,1e4c9612cacfc11d57134b7601dd1aa9e7984c59,0,1,0,0,31,222,44,18,2314,347.42
2282,cb933c10ea021cfa66922f470ec5530983f2028a,0,4,0,0,1,1,5,1,1275,340.64
2283,c7d2643e0025d6fa16744872c7a131f4b5a377e6,0,3,0,0,2,0,44,27,9441,1251.77
2284,cd39b40b5bfe4cbf33b97a5498888d99396ca44e,0,1,0,0,6,1511,171,60,7667,1068.61
2285,9a402b3d86e4514af2599b7e8dfd1f21250ad777,0,1,0,0,0,0,0,0,165,44.3
2286,d7478aa7c5434a94f58c9fade7c5ddefe29e5e39,1,4,0,0,155,23,120,45,2252,667.1
2287,b672a735971b08551abdbad1fa4fa28dd7bdbf62,0,8,0,1,132,13,96,12,1704,653.31
2288,f4b3acd6d1de95067bf1dbd68d4a9cff89d0cf46,1,9,1,3,0,0,2,2,1199,389.52
2289,2c0885d122366f5ce73cdd3d558340c460400b86,0,1,0,0,2,0,34,10,114,105.51
2290,d2e6ae7f98cfb4f2d908e83d6cedf09b98afb39c,0,5,0,0,75,30,90,31,1414,466.89
2291,7c02fcc0722a4d7a0765fc84d61c17cb58498c49,0,2,0,2,16,2,16,12,246,304.26
2292,cae3219297972e2b35a5c5667bd94e67ef7a0f6e,0,1,0,0,19,0,171,18,253,125.29
2293,e07ce3a33fadaab95b35fdf857f583926feecd1b,0,10,0,0,274,129,203,68,5225,1340.31
2294,3284b4f7334e5ec00bfd10ab17221dd464099e93,0,1,0,0,19,0,105,49,547,150.06
2295,60b3d086c3ac97299dffcd34d8ea84d0af05fba3,0,1,0,0,3,0,3,1,2044,315.02
2296,9d08b94947078f6fb9681864fc372876e2614ef8,0,1,0,0,1535,1,171,64,7672,1462.82
2297,87b6d3328b961c2712c5ef6f8e6505df6ebfdaef,0,1,0,0,0,0,0,0,402,129.07
2298,4fe99557985c24b87974c6514dffc9bcb12640a8,0,2,0,0,30,0,4,4,380,162.39
2299,e9a78df91e5889fe830fba199d468a754948232d,0,1,0,0,0,0,0,0,856,127.54
2300,2a58a857005a09cfa417a8475e197988d9dae7c1,3,5,0,0,50,0,132,45,482,949.93
2301,eef0a6152a0e4e04d28e5ba6d75ecbeefca0c92b,0,1,0,0,1,1535,171,60,7672,1030.24
2302,d3823dec8b235d8e1c2e63a69a3051470786aa85,0,6,0,1,150,0,99,28,651,459.09
2303,ac93bfd5ceace3f64a8e698cd0354d583075bd58,0,1,0,0,0,0,0,0,230,51.06
2304,516557d83adb6793b68db5865987e65aabfda769,0,4,0,0,112,28,24,11,2180,567.72
2305,c285f99b48f16bda314bb097ad6879b048ab59f8,0,2,0,1,3,0,3,0,130,115.29
2306,b7f15c30b474eb139545bdef8cd5fa6a890ba003,0,2,0,0,1,0,1,1,137,95.31
2307,3d178610e2f74d14bff984b246b0007e3679b6a6,0,6,0,0,69,24,89,22,4486,800.38
2308,d21d977ee7417591edcf99c33b68bc94f679d174,1,3,0,1,0,0,0,0,707,223.75
2309,a4e89868d5f0aa2825b8423f843dd0bbbd46c3ae,0,1,0,0,0,0,0,0,83,26.27
2310,aad8f6e4da4ba72ee83f51ce2398ef5d6e2ee8d9,0,5,0,0,17,0,7,5,825,193.37
2311,6dff2376b68835ba0972ebb89a9c16e443411517,0,1,0,0,29,0,9,7,57,89.94
2312,6d5947f4da094716ef368b3c844496b5d26e9f4d,0,4,0,0,1539,1,212,70,8272,1634.03
2313,4086103f2460e38093b25076d169a3a61815b341,0,6,0,0,48,0,6,5,795,356.5
2314,42ef17f2688e05a4273ce2ba60f2f2fb4c32013a,0,8,0,0,24,58,50,9,413,436.29
2315,d8affda94d28b0183cacdf314beb98bc935ba310,0,1,0,0,5,0,29,7,115,90.21
2316,fcc1d28f46b48022ea9adc3ee03b1b5c8396bd1b,1,2,2,0,23,31,78,34,134,231.37
2317,504c803f4a8213c9d97ab934a72afc3a8a36cbd2,0,1,0,0,7,1,0,0,533,141.39
2318,70a9197f1cc896c022e5087370531df4d65d8e9a,0,4,0,0,110,52,100,29,1242,416.3
2319,cb6bf8c7d751c53cb735fb39c7057eee09ed6db9,0,2,0,0,99,0,5,3,745,223.76
2320,909b6fe57370e201a9e98c7bc5dd2c99a5209430,0,2,0,0,6,0,8,5,9272,1714.26
2321,671e99f450d86422a71de347703cb938f52e2f1c,0,2,0,0,0,18,5,0,78,259.19
2322,bbe72aebadb8ee723001adcdb06bd1718007a653,0,1,0,0,1,0,6,0,9207,1138.94
2323,5d2a41cf63e1f14746959cf77c540651c83cd23e,0,2,0,1,12,0,2,1,184,149.6
2324,45ea71713333aa6ad8ef7093b11e3c095d94a60e,0,1,0,0,0,11,2,0,43,57.35
2325,415266f00c1229f8497966292f47d67a54c23de7,0,15,0,1,3,8,0,0,271,163.7
2326,4d2ef78614171f4ff9e9146833d3938577f87611,0,5,0,0,9,0,2,0,490,148.96
2327,5895a6c87b3600dad5e629a7a95d770d083b9b15,0,2,0,0,23,20,178,70,10107,1460.88
2328,fb2f67404637b213b135700fab869e65409b90fc,0,1,0,0,6,0,1,0,259,83.51
2329,19938ded5e847ecde898fe0bfdda0796580f0949,0,4,0,0,43,9,7,2,1320,358.31
2330,28ad4626fc9275402761132bfe2c36c05ce78872,1,5,0,0,129,0,52,15,1369,644.86
2331,b30756c2dac8b3d9adfdb131e3185498d4dd322b,0,4,0,1,28,171,153,40,1088,575.43
2332,01fe6647430ef5dfcc120f93bdcab40677166c7c,0,8,0,2,51,6,58,29,2828,783.57
2333,911ada742f8671a8ed63c558753da503c20ebc1c,0,5,0,1,12,8,0,0,76,124.45
2334,378f0b3b3f56cac63e8432fb27e962474fba5814,0,5,0,0,266,2,447,179,3188,825.24
2335,0bee41edd44e32aa158c784de3cc58cf54b1ffed,0,2,0,0,4,0,97,39,9316,1289.88
2336,9ff89473a6678b881a1bde46e408436346af2884,0,2,0,0,2,0,3,2,28,81.22
2337,6ca6933418f56d0cb8c87c14aa35b7c5bdd8b3ab,0,3,0,0,36,3,262,53,4038,866.59
2338,662a4e5b26ea3e73aaf9e65df55d56fe9f191fa7,0,1,0,0,214,52,61,16,116,165.75
2339,103c9504f7f77223ab9b9e9b0edc18d03a48da48,1,2,0,0,2,0,11,9,30,163.57
2340,14e461964be2871e73b98a112d18c4095491cd65,0,1,0,0,182,60,158,49,270,587.69
2341,b443bd40ba205676b4c60345c943e477e6552339,0,2,0,0,72,17,65,22,140,182.72
2342,f74d8966448c6fd376b2667ee4d2060372fe67e2,0,1,0,0,0,0,0,0,4,10.63
2343,8cb85a078e1e448b187dda5660dce84be7513c15,0,1,0,0,1,0,65,41,9218,1261.8
2344,0a17518fce0d2a1458ba7cb70123c343b1df68c1,0,2,0,0,38,1,112,58,929,273.88
2345,517cccd6c769659e22131f8fc68dbd3b5bad694a,0,1,0,0,1,0,8,1,498,149.65
2346,925437b27891ad642f428ec346d0f81c1b1ab898,3,9,0,0,84,2,10,4,1723,638.4
2347,54cbbb4ea319c0e36b8ca9ee9f89a669ec795ab5,0,6,0,0,12,0,45,20,1128,318.12
2348,fda8642bb79a02193c61c9f3b686aa9680b9fb71,4,13,0,0,322,79,266,95,5409,1434.48
2349,c891de9bad1bac5d1adb11419abbc46c85f1207d,0,1,0,0,114,15,34,10,80,129.52
2350,9811f4cead0074da208b7f9b53beffe703a4cfff,1,5,2,1,21,0,19,6,1052,529.87
2351,f063d1f62d56225c6b29e8a31f23e4840c741133,1,5,1,0,136,28,124,35,9937,1637.43
2352,434b4509160acef60237e8de3b5600f5b2ebfabc,0,4,0,0,0,0,0,0,1518,306.59
2353,6e84d48d327d30d697e2e03347cdd628722674e2,0,6,0,0,130,2,114,18,1257,464.02
2354,3a46e15f0a474f7397828cffe48e30f93ebd31ba,0,10,0,0,78,32,591,241,12472,2251.91
2355,1be4ee57cd380866f70b22eeea17fc5e896f085d,0,1,0,0,4,0,4,1,190,98.03
2356,71d75cfd2b9b98b3f6e93a96bf6c1bb189364452,0,1,0,0,116,6,122,51,1376,289.6
2357,398e9b83f2ba9c1111875f4a3872b16495121b25,0,1,0,0,0,0,4,2,71,60.57
2358,bd23f0053f759d902c6ab697bdf7be7143e07fae,0,1,0,0,30,0,9,8,391,123.64
2359,f78a93c7582e5e4f7acb00a3886ec0c220891c34,0,2,0,0,73,324,35,2,776,250.57
2360,51a52e894d4139e6ceeabd1333d46961d5041c08,0,3,0,1,29,22,65,30,335,654.42
2361,ad941f04dfd69baf2168a04aa7f3ea2cb0ec6151,0,1,0,1,0,0,0,0,129,81.64
2362,a614119bc0d34dfad4f8847e1fc93db591c38984,0,9,0,0,34,1,70,21,991,548.56
2363,9c7a5ce4b4425d71c685b01d7d9f1d8339b861e7,0,4,0,1,25,1,4,1,1099,436.23
2364,396b713b3ad7e73690c9352257621487ad9f2b77,0,6,0,1,25,9,12,0,1105,392.14
2365,e2d5c521c7b4554c8887763b38451a76c22aaf12,0,1,0,0,0,0,0,0,402,118.9
2366,2dda3a2ddcee5deb609be7c7fb7c657999b569a3,0,9,0,0,0,6,41,9,1019,423.27
2367,93a60042adef69db8895abaaeefcfdc8832c4f2e,0,6,0,0,20,3,11,4,1157,391.32
2368,48874c2e5168daa2a69f9641d888b01790809360,0,2,0,0,0,0,0,0,596,186.02
2369,2f9df529db6ca729b6d3150ceee6ec59c3a09437,0,1,0,0,1,16,31,18,55,96.94
2370,401bea67b2c5730751a681144a26ab23fae13497,0,7,0,2,42,14,35,7,4784,951.22
2371,1753a80dfa7500b203d048fa869d19ce60af3146,0,1,0,0,0,0,0,0,645,84.68
2372,751a427d00bea4883627ae729a30c155a05bfc44,0,3,0,0,22,0,33,10,833,292.54
2373,0ec7bed6694d1b6284b84dd170830b8d80021a54,0,1,0,0,0,0,0,0,295,49.04
2374,cc93b9cb2eb63a976726761af05d49a040a49afe,0,1,0,0,0,0,0,0,100,19.02
2375,3f49e1d070c78cebf63231177fef7f2800dd2feb,0,4,0,0,10,0,2,0,53,103.6
2376,792f2864dd8ad3497bb077844702e4294f45692c,0,7,0,0,81,5,23,9,673,440.75
2377,650b82e11c26943a09e37e456a8c2ab66d5d7239,0,2,0,1,89,0,30,11,91,185.58
2378,8d8f503affd3441ad9da9b621c8e3875aea29133,0,1,0,1,0,0,2,3,65,93.31
2379,519bd0515c4f8de3bd20bd6589558410319790fc,0,1,0,0,2,0,16,9,135,84.97
2380,a57b553b675937d1bf5837df14c3ec14657984b3,1,2,0,0,2,21,36,10,573,668.43
2381,8951110be08511c151d52d6a231df51b07fc8757,0,2,0,0,14,0,0,0,683,129.17
2382,b8aac4122ee01e236f15be0519694641f86d04bc,0,2,1,0,44,3,3,0,85,151.09
2383,92707c1866a733f7c3e6f4b147774e56ea17fb0c,0,2,0,0,5,0,0,0,1744,276.89
2384,cb14a59a2b24fb628a725cf36b3b5335c69f2d77,1,2,0,0,17,20,42,18,192,247.79
2385,bcafdc8dc35b4d0cc8e9f31190fd8e3113ea491d,0,1,0,0,0,21,0,0,217,63.36
2386,f17441b513749e3d94f8ccdd510eb90838efa96b,1,2,0,0,0,12,9,4,20,157.47
2387,a112a576871e8ee778d0e1c719aef7a467875cfc,1,0,1,0,0,0,0,0,0,105.88
2388,b9dcc8b1b42df40537550f1c329cc47b9c41f48a,0,5,0,0,62,37,23,15,727,313.65
2389,a1e55ca186615bb21ee60f5597de83add11d5f25,1,6,0,0,6,9,32,15,159,172.31
2390,d7e13decb98bc55dfe68a661cf1bb384121f36a9,0,1,0,0,9,3,133,48,9295,1299.54
2391,78a7a9840453f0d0f5502181ae69b2a3dfaccaa2,0,1,0,1,6,0,14,0,45,94.14
2392,6f4ca4ca13fb23e8919c22599ae2490058a6a435,0,14,0,5,152,254,700,71,5775,1861.57
2393,7cb78fbb040ed52a89b6ccdd84345cbf6c4d3a86,0,1,0,0,1,0,9,8,40,87.85
2394,d76863e2b30636a521266c7402e2c3f8b2c7253f,0,1,0,1,0,0,0,0,318,163.58
2395,b0e25705c24fa9b5f7ff695f16fd933a95cb6787,6,2,0,0,42,29,0,0,134,326.94
2396,6d367f30b0b5f02ae8596de45ecec1570642c327,0,1,0,0,0,0,0,0,343,54.68
2397,8e423a12db47759196c24535fbc32236b79f464a,0,1,0,0,5,0,8,0,260,91.21
2398,70e24c590e2bff3251a3635f0a853795d6dd3eee,1,6,0,0,27,0,11,1,1533,555.07
2399,019baeda71b5be0eb71ff7a28ae56653239c006c,0,10,0,0,70,30,57,18,7077,1487.07
2400,5c611809e930230ea0ecdafca97a0cfe38b7c1c9,0,4,0,1,194,47,12,2,383,744.47
2401,755857da10031ffc1538b180ce8a921c466f081f,6,14,0,1,185,26,216,77,14552,2862.33
2402,6cee8d9969e05d6200205b9c09126994d921a185,0,2,0,0,19,0,6,4,1012,245.19
2403,66c562b399ee29505413c30ad5fa46e0e8aec796,0,2,0,2,26,0,0,0,123,141.16
2404,7bf1ce655261c303d3f9caca33131a4fdfba91a1,1,3,1,0,37,23,62,17,147,247.23
2405,be36b28d1a7c93d331bba40ca256e9e35dc45ca4,0,1,0,0,0,0,0,0,63,24.6
2406,6afed1cb0de2834f6e4a26c340175867e621acc3,0,3,0,1,16,0,7,1,81,199.94
2407,1d9577a9a67cf07176074821c371a77007a3d137,0,3,0,0,11,2,13,3,321,187.8
2408,c4cc994bfd931e837a912dd2c5d16b93c9869bf4,0,13,0,0,198,37,325,96,2007,1084.95
2409,18fe6fabdcc24d5826dcc3f98d247cc38beaab56,0,3,0,0,152,14,87,31,734,303.8
2410,07f226e11499d7ca31ae0c20b45a111c155f6698,0,2,0,0,75,10,14,6,4967,811.13
2411,679333f76463ad3ae85f413492fc1874c256c896,0,2,0,0,11,4,24,11,321,134.77
2412,6fd38b384ff2d3ac6c054d91f1a1bedb27eae268,3,0,0,0,0,0,0,0,0,146.11
2413,57ea752b3318955bca28a5330dd20d103cd40395,1,1,0,0,9,6,14,4,228,188.76
2414,a050208dc1afd29d6cacfd46a8e8771b517c5965,0,1,0,0,0,0,0,0,122,25.47
2415,54460dc472f3ed4962136ca7faa22a813faf849c,0,2,0,0,1,1,0,0,671,510.13
2416,84a0df25c49eff754650340fd3cdeb82e4ef2348,0,2,0,0,277,139,13,11,611,282.44
2417,7e896e462d239e561921eade327b8a3e2f128ae8,0,1,0,0,0,0,0,0,265,52.89
2418,c2208a37a51e81447e52c8fc06f6c0f7f789d124,0,2,0,0,8,0,15,7,193,102.21
2419,95f179e0d3c36b37baf15e028fd850052e8e7d9b,1,23,0,3,45,0,81,36,5673,1405.22
2420,efbb7899fc1fc6ecdd54db0d2da01adce194ea56,0,4,0,0,127,117,45,11,4078,1338.6
2421,d0acc5d309bba3bb4e6110f92d10e1ea247edd7e,0,6,0,0,93,5,102,38,797,402.44
2422,a29a1d01d4b1b1cbe3f93ea9ad629ae7195da8cf,0,17,0,0,138,91,173,84,3342,1253.22
2423,852d0dabc27252cdab7a84be735feecfca1c5ffc,0,6,0,1,60,0,22,6,921,412.68
2424,db972f2883a4c18bc259422284e73123fe538947,0,2,0,0,0,20,51,8,290,185.43
2425,3d121aa917e7057b53ceb52e1fe0ca4016d74a71,0,5,0,4,8,108,24,3,297,340.01
2426,5ccd2e7430eb4dfc7d30efe7119ff3d4382ca502,0,2,0,0,4,1,7,0,1495,260.14
2427,b27908a095dca1a7747986a74a0012aad0b6d18c,0,2,0,1,1,5,3,0,638,239.34
2428,ea805b9c4cad5258bae2b3601a610777beb97adf,0,1,0,0,19,7,42,10,144,105.24
2429,d1f55b912cddc3b1df78baec9437577cceb6cb6f,0,14,0,0,135,97,168,72,5221,1315.35
2430,f0f6ea327e9655429083c21d40d3a4f1e6f59283,0,3,0,0,15,2,11,1,113,152.0
2431,794518f522ca342d537428ad2529de3f394edf68,0,1,0,0,0,0,4,2,302,82.62
2432,a8a302bdd10e4f7102297ca22b8ee7adcde189ce,0,1,0,0,20,6,33,17,243,124.76
2433,354a11ec29ab078f955ad6d53eed4982383cfd44,0,4,0,1,10,1,36,8,307,277.3
2434,aa19b3a46ebd0b9c3dd43c2052f8f398e7bdb6c7,1,3,0,1,44,0,17,3,798,378.11
2435,90229e5ecd3aa1076ac3bf18614ecb6f7ce460d6,0,3,0,0,121,3,141,46,1797,408.96
2436,a434d3bb699d16847a0382dd5a865f412c305c39,0,2,0,0,0,0,0,0,16,17.72
2437,24a7dfaac693ec8bdad1ad407608b608ed178980,0,2,0,1,2,0,0,0,99,123.27
2438,3d04c9fa02d79a0c9a961295d079ae77776c6966,0,1,0,0,0,0,0,0,63,19.32
2439,b1fc2d55c0722d93d4f19ddbc7e62f0db73781fd,0,3,0,0,20,0,44,18,703,277.69
2440,e77cbf3f8904541df8859784fb5b99a87b3b7166,0,2,0,0,108,31,563,195,9872,1842.93
2441,14d788dd953ac34f871dcab4d5c29dae1ccc80cc,0,3,0,0,270,183,28,15,453,303.8
2442,4001062f795b1999cb2e3da5f9381f53c6aef4d6,0,3,0,0,12,3,4,3,1547,398.53
2443,b4fd2fc3ad7206efd04fb256ec2060531afd3e0b,0,5,0,0,67,130,26,1,848,432.79
2444,2c16fdbc914cd0b6cf71831b4ced3923858f47c0,0,1,0,0,25,3,3,0,1034,203.26
2445,2ff69591a09e61cb492a6a4622233d91f1643193,1,9,0,2,54,16,3,2,836,491.35
2446,b0daad1fefa46c8ad2a9e076db343d19ae840342,20,0,0,0,0,0,0,0,0,854.46
2447,ce7a8b7f53f9cd52ed5e7f0fb427e25ce32fe30f,0,2,0,0,19,1,77,8,301,136.56
2448,76f780a545465d2ee674c896a0bd50540edd72e0,0,3,0,1,181,188,234,87,444,319.33
2449,0b9e6e48140741df7d708bb9bf28681ffd46a523,0,19,0,4,264,38,409,175,5118,1822.67
2450,6deac690314656451c101ceb283e155de94293fe,0,2,0,0,1,1,70,8,319,131.02
2451,d0900fe84316e37518b233c9314127edf51c0137,0,2,0,0,1,1,70,8,319,128.33
2452,c51d351d17109b77e657a1783dad183937fd059e,0,4,0,0,14,0,1,0,730,177.56
2453,9533b5f4842a17bc2999723dbfa7cfaee3369e6b,0,4,0,0,187,7,85,48,10063,1572.83
2454,279fe41cc444154bad8fa6f736b9b42541a38ebb,0,2,0,0,2,2,18,9,592,159.98
2455,ff855aad5f9b359720ac4463451a60e5b4d62235,0,8,0,0,50,1,56,17,1268,443.58
2456,d371a2311367ddafb2fba7600078f0a90f9d869c,0,1,0,1,0,0,0,0,19,37.52
2457,702dfabf3e532de8feb57a51fc0ceea0be892810,0,1,0,0,3,0,2,0,21,51.05
2458,98de42520bd5cf3bfdc8a602dfad60b9c4da3e20,0,12,0,0,0,0,0,0,395,100.33
2459,b90d549f98257c8fc2885f8090cabfb97b13d25c,0,1,0,0,1,14,11,5,2331,331.3
2460,6893d3c1c4bf64732bd8e004208fca3c2931a714,0,2,0,0,54,0,8,0,711,729.18
2461,0e99a8c8a8cb3d6f7d68090b4156cf04ba0e90eb,0,1,0,0,20,0,49,27,545,149.04
2462,d93f1bba7c6911a62309bab3d6b07cd1f0379b95,0,1,0,0,2,0,12,0,120,63.21
2463,8ae2370cc190c68293cd6c658720c28cd76a430f,0,3,0,0,180,8,377,132,10155,1558.17
2464,f3b64060d7f86447dc6b248a34bff7ab52629a1e,0,1,0,0,1,3,3,0,234,109.97
2465,bd95788c9d0cba68f6d6b809d94dde991bba5dcf,0,3,0,0,35,0,119,32,11441,1739.83
2466,e432cec411b3f46386ef20d0ba6603d6c9e5fb72,0,3,0,0,2,4,15,7,972,261.83
2467,6be7c749e70cf9cc8962a000dbc7738f33ea10da,0,3,0,0,14,9,26,0,1208,370.62
2468,9051be28c7b51ea7f6e2b3a9faa04824c0772334,0,1,0,0,2,0,1,0,308,87.58
2469,e2422f71a40081dccccc796b3c72d9ef48697181,0,2,0,0,0,33,10,0,103,67.58
2470,553f1adf21581760e61e8512bf0fe4ca9c8fa9bd,0,2,0,0,19,0,7,6,1130,314.11
2471,2bd0dfa26f90d690abbf6b0b14e5ef1bbb1d6e8d,0,8,0,1,3,3,29,1,2349,660.9
2472,7e41b9b086c85060bfd019c4b70d542c366b2719,0,1,0,0,6,2,54,25,252,121.08
2473,d50564325da94648998e14e1a4bb0a27da7fdfaf,0,1,0,0,0,0,0,0,310,48.85
2474,4a74bb64a70f16ad378246048f7431343b3f640b,0,19,0,1,384,173,226,48,7853,2206.52
2475,e63b9f2cd5d223bcd8f35a583387ea0a4e92bbe4,0,1,0,0,4,0,10,7,41,83.78
2476,90fab4bcf02d76ca9cf7db4b0752457aed70e0b2,0,3,0,0,13,0,8,4,2962,455.37
2477,e81bffe2f825e92435a37384b38296de469ff315,0,4,0,0,35,0,41,15,9699,1344.66
2478,c04a527e9cfd722b7e9fa8a6179734f9ff1dd8a3,0,2,0,0,11,0,13,4,339,138.76
2479,88c4a65d397684fa687626ab76f12deecc2dd6e5,0,1,0,0,1,0,0,0,162,64.61
2480,bf8e7393580d92fb71b360064d660770c2644ddd,0,1,0,0,22,0,6,0,265,516.05
2481,8fb70dca8e0341b17147e9692fb234caecac6407,0,18,0,6,106,78,64,7,5630,1507.07
2482,5be84c03be5ee31344d31d3d0127a93c2e624245,1,5,0,0,164,180,125,44,886,590.52
2483,21fbf5231e92f941af94252c125b94c9bf2b24f1,0,1,0,0,5,2,29,4,237,110.8
2484,f94327f907489bd61f5452852d95d5649924743c,0,5,0,0,33,1,30,15,373,263.36
2485,c6a4e922c4af798e293f9dc50fbc1ec454c967a1,0,2,0,0,0,0,0,0,476,150.69
2486,bdee36d92b1fb6fec58e66a0ed99f56322355d87,0,2,0,0,13,0,6,6,379,167.95
2487,eb998f6cae64cd2c781efdab934738eaed933c20,0,2,0,0,12,6,13,2,9874,1360.62
2488,058603235a5907db8bb137541884538e46573430,0,3,0,1,3,0,0,0,371,133.56
2489,417e86f18de044b2a3fd94fa4d1c7fe158f190d8,0,1,0,0,3,0,3,3,9591,1259.76
2490,13ce856cc473acab8203ea21957d8197f0dc61c0,0,5,0,0,7,0,7,5,1373,325.98
2491,1ce166cc7de192cbeeaa185d6e497c69d4b4a275,0,1,0,0,1,5,88,36,9589,1311.9
2492,d5b778627053d3d2fdb34d38969c359a101853b0,0,4,0,0,9,30,28,6,343,225.92
2493,5d2b00477b190c9874153b489ccfe5441a84151a,0,4,0,1,91,0,55,10,837,333.79
2494,b5fb812f6966280fe76b50c6afd6dc5186d4a79a,2,5,0,0,42,0,114,63,457,459.01
2495,0a5976b7bf17e3b25432636acfe6a9eef07755a5,0,1,0,1,0,0,0,0,48,58.91
2496,cd43e3c28e14669cd10c3685ef548b3af48808e8,0,5,0,0,3,34,155,42,3040,738.91
2497,8f897ecdf7f94bf97120e800d4e6fd0d2be75f3c,0,3,0,0,29,21,9,3,1011,224.78
2498,bfb4352e41fa14a0ac264aa2d2892afa3524468d,0,8,0,0,7,11,25,2,1534,608.61
2499,543993b9a1fef99798eda2f1dd90d805230d0230,0,2,0,0,39,60,138,41,1847,394.41
2500,99862977b711f94547ccfdc91f18744a4c874ebf,0,8,0,0,100,13,51,20,1197,986.31
2501,a6b496ce95decacb69a1ea410b8ea609ebf2cb5d,0,1,0,0,2,2,3,2,111,103.91
2502,953be324374ce622c3bc16b71daedac9a953b795,1,7,0,0,144,0,0,0,999,359.47
2503,03de77651a152d4b791283322e86fde310f7bd1b,1,2,0,0,25,8,107,27,609,279.61
2504,c6d7810fc7a444ff422735dc4fc47e2135cd71fa,2,2,0,0,3,15,1,0,396,176.46
2505,ff9c63222704d12d7af71890c2dda75aece39550,0,4,0,0,27,11,65,28,3993,704.06
2506,4781795fe7bb6a58ff996e4dc1ce87d34cd21e70,0,2,0,0,11,3,30,13,5039,811.72
2507,5a864d25f965fa93989f4a9697ba2c1a78d53d40,4,3,0,0,80,0,7,2,117,288.84
2508,571cf6a80c6f575d343c0b61684e3afa4f3f1d97,0,3,0,0,18,0,4,2,139,141.51
2509,4cd5b931ac0dbaa08c6a26fc735143187b8cde27,0,2,0,0,166,17,74,0,228,170.13
2510,ad76087359425c0add3d477fa765f9d1d3aa2d87,0,4,0,1,14,27,42,10,422,336.37
2511,2ede10ab0cae149c54e06835420ea993aa02de53,0,6,0,0,36,15,48,6,728,384.29
2512,36ab8868d32fcab82628a3bd5b32c14849742bb2,1,2,0,0,48,0,2,0,65,143.73
2513,c51a791189dce8167b2f7eec39a6a645d0ccaaa7,0,10,0,0,8,15,222,54,3020,778.36
2514,485bfd3875a9d941f69da67c47c0d86f14819794,0,13,0,0,18,0,24,13,3276,607.28
2515,9ecab0669898c8766e9c98e32358e477383850bc,0,2,0,0,1,10,37,5,349,201.15
2516,c0211229524d22887e62f802f02f4eb3136ac035,0,1,0,0,352,42,47,6,79,187.28
2517,bbab6609d97e0eac0a6b13ed686bac33dfd69a1d,0,1,0,0,0,0,0,0,118,27.82
2518,3bc2ea78e96b5e4cda4bb8b6b339910393d44f0f,0,1,0,0,1,0,4,2,728,182.36
2519,c985916ab4154673577d5d0fb956358bc9b3743f,0,5,0,0,140,134,62,31,929,466.52
2520,02dc512f67840e8ce7d50f5fda3e72ff312b98cb,0,6,0,0,18,0,481,127,11049,2204.81
2521,b92f32fdc1d3458af404b32d880e6b7bad9205f3,0,1,0,0,0,0,0,0,287,51.78
2522,2bf274880e5ba25ade2a388d998081dbe6d3ba09,0,4,0,0,123,0,14,1,223,210.07
2523,17ba13a9924671dd00a8924f741639801c7b64fb,0,2,0,0,7,2,9,4,342,168.56
2524,942f29319debf8e8609a16a89ad0cc237116c620,0,3,0,0,101,1,134,81,1652,473.76
2525,0c02908adeb4d5415c7a58f5ae273a43e7e291c8,0,1,0,0,34,12,10,0,184,111.5
2526,a6902b6a4184108255e79af5305701b573f7ef65,0,2,0,0,33,5,23,5,137,192.17
2527,5236303e0e54454345a5b5a12209cd71b3876ef1,1,11,0,0,136,15,107,36,9054,2094.78
2528,cf5cef50d89a9efa3596acb543d4e30a0e583edf,0,1,0,0,11,0,0,0,104,44.79
2529,5156b110447c9166e3408dfde21df2a7b7d8fdd7,0,1,0,1,0,2,7,2,117,127.32
2530,dd67447c3901f7786c2d3449588dccfbdc5e01a3,0,4,0,0,49,24,23,5,440,309.0
2531,f03ea3976b4f0ad8608128886643a5d47671ec93,0,1,0,0,1,0,14,7,431,127.62
2532,f50f08876a6b84f66d5be52ac1727c62c2900fc5,0,2,0,0,44,3,67,34,3256,511.27
2533,f8d25e728b518948a8d984b05fcceb3f20164dcd,0,7,0,0,38,7,35,9,1085,444.71
2534,6ad3c32b82d12c2d81adba629d916aa20e16e0ee,0,9,0,0,23,47,168,94,2820,1014.2
2535,cda4fc881c13cf234660c069516a328ed5158223,0,2,0,0,0,1,4,4,656,153.59
2536,a8eed91ab9b1816e6b3f14618f5209e1f04dd292,0,1,0,0,5,0,33,6,91,76.55
2537,cf4166f7e4585bca02a0754ba5c4083ee6706292,0,5,0,0,8,0,0,0,1108,270.77
2538,49346360b922990a2684a124c1880db329a0ce68,0,10,0,3,119,54,88,19,1844,911.52
2539,b6a36c7c0b48425b5c918363dfac95fad656c0ce,0,3,0,0,1,0,9,5,494,182.05
2540,909db85f5be59509e3d260e2798d2c37d10e2c03,0,5,0,0,19,0,5,4,944,644.08
2541,ec3f27735cb6ba93a5585df0f0f81880d461b86c,0,5,0,0,0,19,5,4,944,221.42
2542,d543484bf6dc5db25be006bd9222a5db92a4b4d0,0,3,0,0,15,0,5,4,383,126.06
2543,621ea88777cf8a8ebf9bd762549c56e859bc5a0f,0,2,0,0,0,0,0,0,561,78.3
2544,88d5a1d65d4b9411957db0930b1c10ebb261bf52,0,1,0,0,0,0,0,0,855,131.73
2545,8eaf92265cb0373368a872d921f46cea53e95a3d,0,54,1,37,4,6,2,1,3909,2241.52
2546,1d5bc5f5bc2a2f7b8aef678f5af7c3b9d3fc2024,0,8,0,0,228,2,4,1,1169,403.45
2547,6a39b2963fe5adefce640028bbd9574868a5e27c,0,1,0,0,9,20,12,4,164,107.17
2548,32248f7267ee3a1472596ae3a8afcc293050843b,3,2,0,0,25,0,19,0,1387,494.12
2549,ac0da757ddd90a8bebcb8e9ad20fef0a4299c32a,0,1,0,0,1,0,7,0,148,78.12
2550,bd780e43fccda9e1b9a995101f7736794b230358,0,6,0,2,26,0,56,16,4391,1100.86
2551,18883e4a5b75d423c692927d0cba510d96d76e2e,0,1,0,0,20,18,1,1,453,181.27
2552,efc8b08672216ca61eee1dfa43187decb094bc81,0,1,0,0,0,18,7,0,224,77.85
2553,60602007b2aba6591134a2d3e8f644988dde8500,0,1,0,0,4,4,7,3,359,138.49
2554,8b2d55b1e5b8a858be07b9173943607c69f56a3d,0,2,0,0,7,0,39,2,281,166.74
2555,a30af064c3ce6d184de1ef76c277a5078270e1b6,0,1,0,0,2,0,5,2,79,98.99
2556,d2e7eb907b88e2ed4eb61488f7209e66ed392d41,0,1,0,1,5,1,29,20,98,161.96
2557,37d8a5a1d42db4096826a2a837911ab2c417555c,0,2,0,0,10,0,10,6,222,122.87
2558,db69d9bfdfd1d6a11363abf7a66b97619af0dba7,0,4,0,0,241,214,40,12,5422,1017.79
2559,d42a246fcf8e5587ba80102b5540d56fbf857b4a,2,5,0,0,56,9,12,5,522,385.53
2560,ef7f2e78de12ecc066d25d149d7ebaf4bafe897e,0,1,0,0,2,0,8,4,103,575.39
2561,83c74ea7f2dff36fed12233832af6780b639255f,0,3,0,0,22,0,12,6,250,141.12
2562,142a88c6a12fe4b637a30528313b22bab6fe459f,0,1,0,0,1,0,3,3,1967,385.78
2563,fdc1ace31ad57aee8057cbc3175b5974839c23fd,0,10,0,0,6,16,46,6,5140,1019.59
2564,01a3bf1318973826e53a652c3bcd505d736a7d8e,0,1,0,0,48,0,30,1,116,112.15
2565,1a8b9fab686b916af7c339a672f8d8973cfe72b6,0,2,0,0,14,5,5,2,177,141.28
2566,06d8c872455c5e14ecc9482da395419239e02c30,0,1,0,0,0,1,69,19,1495,248.15
2567,8f2fff5927d31ec4c53433a6f9dd40c53a353269,0,3,0,0,54,11,54,19,162,204.99
2568,8feac8c680831d7bb2bc448eb4eccfafc1abed0b,0,1,0,0,61,0,366,198,1047,246.39
2569,e46e9f6c83e9f12b63d9572a7cf0c66d97532571,0,5,0,0,25,0,20,12,10222,1611.84
2570,0538c1207097cbbbe5e930ec9c3c045881dd211f,0,2,0,0,53,0,307,126,10076,1359.48
2571,96f768945f04ee57d96b9be53f9dcb710e6e2ab2,1,5,1,0,7,52,57,7,381,499.13
2572,1e090008fa7a8496952bd2f5854aef5fc0ad67bd,0,3,0,0,5,15,19,10,201,195.96
2573,6ad69d9e4607d92e6d13b881945c7b0a9096aa3f,0,2,0,0,22,0,5,1,732,215.44
2574,36d1a62c782f3e5b05754468909365c3ed0b517e,0,1,0,0,0,0,0,0,65,21.37
2575,cb8b8a3ed0960b9dcba204e9ebcdd8bd593de063,0,1,0,0,9,0,13,5,261,92.72
2576,fc6be8faf5c97901ccad33edca8f8f80023b308a,0,2,0,0,25,12,10,10,205,181.59
2577,72560a566e6def31187e4f24d8376fad0d01518a,2,6,0,1,100,0,16,4,3125,1083.99
2578,483d92bd32f94f7d2cdeb6291baae95aac739dd0,0,1,0,0,2,0,3,2,729,181.43
2579,97a88a8b541f54c50b348a3de1297df1a07ae43a,0,13,0,0,2481,26,1332,79,57492,13250.41
2580,f445c8d6a9b3d612e5ffd08813736f8f817fe68c,0,1,0,0,1,0,3,2,119,596.93
2581,9ddc0a3f2afc320bf2c6a7838aa2aaf7c96cda0e,0,1,0,0,50,46,2,0,213,112.94
2582,99fd1d0b3973f55a802edd2ad597ffa36100734d,1,3,0,0,62,33,23,5,244,321.92
2583,222cf4fbc882013d2041a07d789da366bbd6f4a3,0,2,0,0,2,0,15,4,3509,618.83
2584,f28ffbe42b9fe9429ca09819a36cb8529413df41,0,1,0,0,1,0,119,68,247,145.14
2585,79c52be6dd28b26c6c5e08d816893adef78d22fd,0,2,0,0,11,0,8,2,257,120.32
2586,795cfe3cef9dbc30c41bde27d4184025e7f4fe69,1,14,0,0,108,21,37,21,6388,1551.67
2587,761dc807b9c128fb0584f4d511cf7054af0f18b6,0,2,0,0,0,0,0,0,208,42.15
2588,0137e79d688e2a37a8a73094c96070718e2bd90e,0,1,0,0,12,18,7,1,102,115.98
2589,0ec4d84ab50bbf04a44af6fa5260d44e318ad286,0,3,0,1,4,1,2,0,48,161.94
2590,cea2a30e99783492088bd40e01d50db71b423dd1,0,2,0,0,98,0,397,282,4460,773.36
2591,cc4c0e14b696410fd09a0929177a114d02bd85e3,0,3,0,0,35,18,17,3,295,209.48
2592,86471c50a7ed4e3f204f32960771457108457cbf,0,1,0,0,0,0,0,0,164,32.21
2593,a421865fb6b8068f0563754e8e7ebffd9947a23e,0,13,0,0,32,44,196,63,14365,2744.28
2594,d662edec9c358072c7b15914345a5e93652f98bb,0,1,0,0,0,0,0,0,162,31.66
2595,b9dd4908a193a254abd88b2feb972b70689912a0,1,2,0,0,18,0,4,4,244,204.49
2596,7352623227381aa75e6c8b1a0de406d8e3936a87,7,3,2,0,23,0,4,1,122,633.47
2597,29f93c64cd246f9b557d4605f24e86c42cc66296,0,5,0,0,14,6,26,6,1287,512.61
2598,82b2f76a9d414e5e7ff7f2bbf8383b84d02bdd79,4,10,1,2,22,0,17,4,662,675.68
2599,a0b1e8201d5db9ff9e2f9015ebb0c14daa35a57d,0,1,0,0,0,0,0,0,155,34.39
2600,c38b53af5ed4f4cd4863411f5545e4e910066c3d,0,1,0,0,33,31,18,14,829,762.88
2601,1578a28fda9c7a1ac7fd05a529aee1e8cecdf743,0,2,0,0,29,0,7,3,84,207.12
2602,a692df2d00def9e6e6dcb23b3c909a01739c2839,0,11,0,1,61,19,31,7,594,432.59
2603,577c841433cf3bbff94f00ae557c23c12586c7ba,0,9,0,1,60,3,88,20,717,496.94
2604,ce1395ce2460645434f3a4dacee13d68d1441863,0,1,0,0,4,0,3,3,74,72.07
2605,d32a0214434df92e33aa2463cb043c1027929537,0,2,0,0,4,0,5,0,453,185.34
2606,bcd7bb6eced36f671dd9c088d2c2b0f506a02346,0,1,0,0,4,0,2,0,58,92.16
2607,c297717508aad65d92ac2b3adff70306b5e96ba2,0,1,0,0,0,0,0,0,9654,1568.69
2608,b65e9cc0a4676a6b7acc07545dd9828b2986fe79,0,2,0,0,7,4,8,2,171,149.12
2609,efb20ae8fe431afbe37fce4b580540cf32a0618a,1,2,1,0,0,0,0,0,110,172.44
2610,39fe287ed47ee84b679e1afbf1e967a31bd77bc4,3,19,3,2,51,9,50,4,1228,1046.21
2611,f48314d5281f1d0823de4a99843a62fc89d3c3c4,0,4,0,0,7,10,52,7,374,310.13
2612,1e8f0b33a3e5a5c97d6f3ede80f2299782cd16a6,4,2,3,2,0,0,0,0,116,424.02
2613,1b64c2a870cbcafc9b1439d30503952524e4a8dc,0,27,0,2,51,60,175,67,9103,2982.4
2614,f042fc2b2d192844a168fe58213d24a6d9c8cf0b,0,1,0,0,10,0,29,2,154,94.32
2615,3ff272a2dd7cdf98eea4b8f4f2ae660104e7c1b4,0,2,0,0,3,0,2,2,350,167.81
2616,c38ad9cb1a1602aa1ce6ac89ffdb53e7fe978d85,0,4,0,0,6,6,6,3,198,203.17
2617,1ce8bf1a599efcf6b32d1a5e9c1d7f229d2c8140,0,2,0,0,3,0,3,0,297,100.45
2618,a19c501787a2f68a716307dbed2ed7333f448e57,0,1,0,0,0,0,0,0,102,45.47
2619,5d249f3ecbf9283bbc7568d729c5818f23ed168e,0,1,0,0,17,20,7,1,144,146.77
2620,c2a9d55bc1f04a40156d0ae135d233b6354a10aa,0,5,0,0,0,6,6,2,673,924.74
2621,44623a7fa6024ec6cbcf50bb89fbd25ffc1f08a8,1,1,0,0,28,1,9,5,1500,362.76
2622,95387bc3cb5424fe3503a3c7aeacf5d88dce8e97,0,2,0,0,272,90,19,1,114,200.09
2623,3834edfbd34a69afc9ba507ccb7f65e8eb3f651b,0,4,0,0,162,179,50,5,146,483.25
2624,c7dae1b7d601fff4b2b715b3ab8f0ba7151ca459,0,4,0,0,148,149,37,5,159,336.52
2625,f61c1977d6781d1af82f570216e21ffe718fe60d,0,4,1,0,149,148,37,4,159,488.35
2626,dd48fb717b5ccab6895629e40ee2c60621c5d0cb,0,3,0,0,8,0,3,0,317,203.4
2627,19b8a027cec45c37d304220f48c21ad9df8739ab,0,1,0,0,2,0,45,3,167,127.7
2628,78f1d490c68bbf227981f634c451db05462d9aad,0,2,0,0,11,0,21,8,81,82.87
2629,c9c2656a3db591193eb77e9583b61e283be19315,1,7,0,1,220,51,85,26,523,643.77
2630,50f6c4a177a3ee0053668a4419ac0b868faeee3c,0,4,0,0,4,0,18,6,401,214.22
2631,d64840f8b6d80463938f71cfca18373cd2806237,0,3,0,0,8,6,86,39,2237,497.66
2632,c271f885893014059fe3071c8be283e878e15152,0,2,0,0,0,0,0,0,4479,631.91
2633,c4a9192b9b7eebd4c9fdbdb929a01719e14fcf9e,0,3,0,0,63,35,36,8,225,257.03
2634,3151db0bc207cba9148689d1882dd1615197b77c,1,0,0,0,0,0,0,0,0,75.01
2635,0350c9ffeff69543ec846a92119f852472dddfff,0,3,0,1,29,19,177,62,977,303.88
2636,fdbe2149e4bddb7278cdf24ab97cf05d95aa7e89,0,1,0,0,0,0,0,0,617,100.05
2637,7ef0f1f8c30dd374bf80ad40d8ee16aef89502cc,0,1,0,0,0,0,0,0,617,89.31
2638,b7565df4100124da06ed76a0eb2234f36aef2cad,0,2,0,0,28,0,8,2,219,123.09
2639,55a7b49977c75b8fe843faf1c5c52de9b0d9dc42,0,2,0,0,0,0,0,0,247,43.76
2640,a2da30a5503d8eae2e7eed5c08e2186ca03de139,0,1,0,0,11,0,3,0,102,468.88
2641,54a428bbf6e467234b48e57ab8bb5f8a71d33a0c,0,1,0,0,0,0,0,0,113,25.77
2642,ff65619d26c5d8ac3383164f86f8e41bdd526ef9,0,7,0,1,3,0,8,2,3528,643.85
2643,1724518d8e802cee6eaed35843b577cdfeb7bea8,0,1,0,1,0,3,31,6,247,171.68
2644,fb3fa11ffd30e48e1bfb6c6817127e8c3523f17e,2,4,0,3,1630,1577,29,10,8663,1890.31
2645,8d163c0e37dc9c9d7535a852b6195d359365a6a7,0,3,0,3,2,0,0,0,176,188.43
2646,a86b289db888dc2e6ab51239d5b2e8482e2212d9,0,1,0,0,33,37,3,0,67,92.23
2647,b0495a9ceedc5e73448f85e0a9208c6c3c56ac93,0,4,0,1,33,29,222,62,1124,437.74
2648,d65b78a22f486a175ff67ed07dbefff2ef4eb4e2,0,4,0,0,17,5,9,5,1206,360.07
2649,6ebe71c0f2503bf33d92619760dc1c90c9201849,0,1,0,0,0,0,0,0,184,39.24
2650,03fdeb703626e01172ac15686a7b3e0099cb3926,0,2,0,0,24,11,71,36,1366,307.97
2651,30c1b3a71c9cb1e2e7fbb14e021c1a371d132479,1,2,0,0,15,0,10,8,290,212.71
2652,50021c50c23df3b414acea0f4d57ef0f8fb11396,0,2,0,0,9,0,25,2,281,160.45
2653,4c1102171a2783f6a278c1f2ebf2ff6271e5aaee,0,1,0,0,13,25,114,20,1943,392.2
2654,15ea88cf1788de4b920a8477a1e2f87f6ccb1520,0,2,0,0,38,0,13,3,656,189.72
2655,f1b97c7f00c5ee4cd8d6f92b684c97b009a39863,0,2,0,0,2,0,51,21,370,158.47
2656,7e026b1760d8ebe7353a2fc288a7e05c96193a4f,0,2,0,0,0,2,51,21,370,154.32
2657,c7fef543e7cebe4be1b06ef3a905c32855fcf82c,0,2,0,0,2,0,51,21,370,149.76
2658,f2716a555bf3bbeadd05538475b92aaf7aabe411,0,1,0,0,0,0,0,0,26,19.46
2659,c81bd2ee50772d2434af04f580d8ddc4d2480746,0,1,0,0,6,0,0,0,252,75.59
2660,4fea407ed131fbe05eed42099aaeb1c6696424e9,0,1,0,0,14,17,24,4,231,526.43
2661,9fe068eb2fc5abc3e9b5fa6b044c7d196a1fe933,0,2,0,0,41,0,0,0,173,76.3
2662,e7281b6939f3f1cdc13be9ad67aa2ca51615d691,0,4,0,0,23,0,53,24,280,207.09
2663,20ff3dc9c0d2ef889ba338d63b21aabda5ab34ef,0,2,0,1,0,1,2,0,364,138.38
2664,476eefd89aa55449ba0f4034e8295c5810e91426,0,5,1,0,61,71,189,65,598,415.1
2665,0e3e234ce6da4517b671d9153f85a91ecae92195,0,2,2,0,0,3,0,0,143,102.53
2666,afbe160e60a730e5d5c8c7efd8dbf3efc581e26e,0,1,0,0,6,0,0,0,93,52.95
2667,9cdf4f966d59421da25858732dfdcd739edc21db,0,12,0,0,50,2,62,22,823,616.17
2668,358242f905bf0e94282e03c919850f63f4a7a7be,0,2,0,0,17,2,103,39,700,219.87
2669,130d5af22fe01e768fc1ca0f97deba1ba46eca78,0,19,0,4,77,71,154,48,1210,1253.42
2670,70fea9c9103749abbe72c996259d3feae0298542,1,0,0,0,0,0,0,0,0,68.96
2671,7a1987ecdaa4d2d6dfcaba79b34467269799180c,0,10,0,0,23,1,32,11,1041,376.37
2672,c73c3328a5473f1e4b0f21e0a30346a7e9360e2a,0,2,0,0,24,8,109,64,2427,425.44
2673,87fc6e9bcab5549280996dd8f3d0d0cd1f8547df,0,4,0,0,14,0,15,0,657,332.17
2674,55ae508014feaeaa36c9a7f149e5ddc88f6b0279,0,2,0,0,32,0,32,22,2451,360.81
2675,78c6f17ea033091109ba5bda79e7d1187be2d102,2,5,0,0,15,6,170,63,640,482.51
2676,cc067076cf048a68ed868a1a964d6f74d024876e,0,1,0,0,18,7,18,8,64,106.52
2677,aa49b524bf991e1df80397ba6446d1159f3e90e0,0,1,0,0,1,2,23,6,139,108.14
2678,d866afe49d395e30c58ae1bfb7bf57a277c86a0d,0,1,0,0,0,1,4,1,164,88.77
2679,26a210a5f207376ddc9f2401cb03f63df40db234,0,1,0,0,4,0,26,13,140,97.08
2680,8b79e98610b8d34e1d40c17d1826fa059530856c,0,2,0,0,0,0,0,0,190,504.33
2681,2990f9fdc428e5a784042d4e8d04afcb9534f8a6,0,1,0,0,0,0,0,0,113,25.65
2682,f8a329bc0c0228bde5598c57a44256856cfdc8cc,0,1,0,0,2,1,23,7,143,103.99
2683,c38940f354337a9e56b3502139b7fe63398a1f28,1,7,1,0,36,21,20,4,1310,491.09
2684,25e64af661b5df001dc7b73c80466c84b6058147,0,1,0,0,0,3,0,0,169,48.69
2685,84af6f6c49f1f39e3415cec5b3456b35eb70c5c4,0,3,0,1,84,60,67,9,372,342.41
2686,f30939edbac65ea596c6be64759d9f8de18162e9,0,4,0,0,3,0,17,10,692,230.38
2687,60ced998d339da25f5886df7f3fce3093c1dffbe,0,2,0,0,4,5,76,17,10091,1570.15
2688,07273f314deffec24bd71539929db9b40c2c0b78,0,3,0,0,3,4,16,13,1039,298.51
2689,52f9c3fa1982510a9352c4adb2c2e17ceeca70c8,0,1,0,0,4,0,0,0,43,47.98
2690,ea31ceaabb8c395d59117d61e98abfa28f144cc9,0,1,0,1,9,0,19,8,118,147.88
2691,43d45206aa1a5a31ad883680d7c3cc914091034d,0,1,0,0,0,0,0,0,23,24.34
2692,fdedb42a3c651188ad159ad7394caa1021524f47,0,1,0,0,4,0,11,10,150,88.32
2693,499218d2447ba7b14242be441f0ed2f05c7d2a2e,0,3,0,0,9,0,25,20,642,283.0
2694,908f69672aaa9feefc1c367b0c290ca47fdbc2e8,0,5,0,0,2,7,49,27,423,337.23
2695,a6c9a49279ca660178888f747c661639ebff6caf,0,1,0,0,1,2,1,0,497,148.34
2696,76f864b7660598a56d56d9427804d118816fd049,0,9,4,0,170,2033,270,78,9490,1978.07
2697,e38f6e12428bf543d5539502d4389fa55b0e3634,0,1,0,0,0,0,0,0,421,127.02
2698,371c2ba38cfd90feca4be2878daf030cf8a85bfb,0,0,5,0,0,0,0,0,0,118.61
2699,2dfd8457b7ee415f1b28c5de2650b3f2457f20ea,28,11,31,0,89,216,112,34,4206,2639.08
2700,8a32bdb2d19b2085642dfa6c6840c2edc97831c7,0,2,0,0,9,0,0,0,810,603.34
2701,d8c5a262cc7b0f11284d0dcbcfd3193ebfdd3226,0,1,0,0,17,0,4,3,196,116.48
2702,6379e000e25fc7c6bee087e2196384cc5d17f073,0,4,0,0,9,9,49,22,551,298.97
2703,5c5eee247434b52acda625a604d62e53b5ec5a5b,0,83,0,12,172,63,352,96,5517,2692.37
2704,aedac3cbd87bb89e9418479e8b15243718932532,0,2,0,0,0,10,1,1,323,117.86
2705,bd4114d99a8f881b9ec8681e8453a3aefbf0fb27,0,1,0,0,12,6,29,18,415,141.09
2706,35ff837b95ab0132930d0bb10f8b223a5a6d94fa,1,3,0,2,94,0,132,37,10037,1943.14
2707,930d076fa85bca8270d83bf834ef3f6589e9c706,0,1,0,0,0,0,0,0,168,38.81
2708,542347d03a81b9e4c57f0c7ed5ce8eb3fbfd5b29,0,1,0,0,3,0,0,0,162,61.88
2709,f2d3c091f7a90e750376945c601d69ed103c7490,0,13,0,0,27,0,39,19,5437,996.87
2710,79ace54e1c7f66623bebfaf6a08dc14e4cb7e16e,0,1,0,0,0,13,11,6,7871,1023.8
2711,36fe70494147cb7f2b4de9e308952d97afcb5d9b,0,1,0,0,2,0,5,0,46,52.25
2712,1325a4545a12181b0d1ee74e90a6854f7e21a1b0,0,3,0,0,507,0,1189,23,52852,11290.29
2713,563f100b82389d0f37eb6687a3820139b9b994c2,0,1,0,0,0,0,0,0,1849,206.28
2714,358dd81e731d6abf758ed8b324b0a7592cf9bc3d,0,14,0,1,268,99,379,139,12927,2728.89
2715,0f556fe3723ebb67dc22793fbfa4cc0e2e248f35,9,16,4,1,55,251,118,48,3509,1362.73
2716,e01fcf1acb8c5cb3358e9aadd5b3ca8abef9158a,0,2,0,0,0,0,0,0,28,21.12
2717,59479c7d5b580703007722f54dec0319b07ad4f0,0,1,0,0,9,0,38,3,184,103.05
2718,32a3609d604ba59e5c8d9f48ea8aa2b061106f9d,0,1,0,0,0,3,12,2,121,84.48
2719,8ecf374de55d3c98cf3a45b9220ccf53e1e48342,0,3,0,0,9,0,70,8,9889,1529.2
2720,a46638c0f1902492bf68c590facd6aaaaa7bfae6,0,10,0,0,8,6,5,2,1175,735.56
2721,5ed325f05fbf20af8b675f25e0ef49d5aa0b55aa,1,4,0,0,53,65,146,47,1674,583.33
2722,387089092428f6a7aa63376b7eca47dd9287a833,3,2,0,0,0,0,0,0,1546,354.36
2723,1d0ca9111ac68f40c356415b705cdbd77405e08f,0,2,0,0,22,0,4,0,340,131.68
2724,d60399cbb4da39bbe5a36555f8d1e1f612b4584e,0,1,0,0,0,0,0,0,562,79.21
2725,627ce9208d401754350316444d621fafa99bb1b5,0,1,0,0,0,0,0,0,131,30.14
2726,d8feaa15b4a1558ef04865824025f3bb2fc14acb,0,2,0,0,0,2,12,4,2283,331.71
2727,5da393729e94327763b21ec8f118f22501e042cd,0,1,0,0,70,85,76,15,369,152.71
2728,f3a51a705d70483b528d2cf3b9e79182f8c8f71a,0,2,0,0,37,1,7,4,84,182.74
2729,5869a16afe8e51bbebf32ac7286f8fbc61b78cd4,0,1,0,0,15,0,0,0,228,61.7
2730,53094ba7190b326d32be5e43ed4d992823c5dd4e,1,15,1,0,251,103,185,74,3795,1226.36
2731,6025b33509efcb893977036c30dce4885365574e,0,1,0,0,0,0,0,0,96,31.03
2732,ee9a5b492f81a8df0cb00c7c2e79649d5cfe55fa,0,1,0,0,1,0,0,0,22,38.15
2733,71f8cd8430cc714106e3b0ff597a73320e27507c,4,12,0,6,98,3,32,13,3921,1307.28
2734,891e1b63e976307b40917ffbfcda4310b6346663,0,6,0,0,19,0,16,2,623,277.68
2735,89f3f674673b31e3e856f8f8b32e32bf85436ed0,0,1,0,0,0,1,2,0,199,88.41
2736,ab0ae28e06638f58f843ce0d5e4abb57e813a4ee,0,5,0,0,14,12,0,0,395,158.81
2737,eaf286d472159fe6e1f8365a9ac20c7686c3cda1,0,6,0,0,6,8,157,36,8963,1454.8
2738,93db55011b8eead8793c4d7acea70416b9908c93,0,3,0,0,43,0,157,63,9797,1422.31
2739,fce1270a703a03a0a18d4eb9cfdb37239694c98a,0,7,0,0,45,0,152,19,9576,1635.18
2740,c8ba0f9617a39dfb569f71696fe6dd085b8730ef,1,4,2,0,1,103,42,12,697,907.03
2741,541fcbe720df8c62e3bd4e00311c9a8c95bb12a4,5,7,1,0,9,6,0,0,294,442.75
2742,f8ded9ba357a9cc49c62da3ce832a05b3f7cef90,0,1,0,0,13,36,2,1,131,108.35
2743,668b529c7c0441a7de39b51935321b60f040b91c,0,1,0,0,4,23,10,4,594,170.35
2744,865886ce20041fc1b07208004b87413081439e1b,0,1,0,0,8,0,0,0,34,42.15
2745,7f3afd9406988d221a909f2efee5281772dc0430,0,1,0,0,0,0,0,0,174,35.19
2746,fbc04ee68c2e63b2fb3d646be640f23596c6661b,0,1,0,0,0,0,0,0,349,54.54
2747,7385c84e0b8736856e84e8df4f5becdbe1840096,0,37,0,2,54,66,1025,303,16388,4383.0
2748,7775f7cbad687ee39b78538c38bb0a5c0329e076,0,10,0,0,452,21,125,41,1527,856.84
2749,87efe1bf6ccc2bf53f613ac4bdfd7f0e2c944549,0,4,0,0,76,42,203,104,5216,970.04
2750,b9a254aedfc8d564b2df07ce8b12c10b32e9cf38,0,1,0,0,54,1,65,16,351,144.41
2751,ba642d66b8ec77e813374d29600842f89d783b64,0,8,0,0,103,58,254,69,10334,1762.16
2752,2dd01248f8b1068807afd56c3b46e2e2efc1a222,0,2,0,0,83,82,175,44,8505,1217.91
2753,975754722b4b433faaac9ba19247b33c21a86727,2,1,0,0,0,0,0,0,932,312.17
2754,5d39d438bc89222e4c397066af44af10469d43b1,2,1,0,0,0,0,0,0,932,257.22
2755,9b3756902e5d70f36540d11b50234c3d9a2adb39,4,16,1,0,127,105,88,37,4148,1084.92
2756,1cdc7ad00bc2e22a1f796854799717eb2055d1f8,0,1,0,0,9,0,16,2,199,109.03
2757,ec0eb1b65ff2457537c254d0691bb763677950d6,0,1,0,0,1,0,8,2,891,193.47
2758,d5a22eec75e07b8b669cd524f0ca3a85db116830,1,0,0,0,0,0,0,0,0,39.74
2759,5cbb0445bd80a0e56e2746eee6b7d9d963cf3ba3,1,6,0,0,83,0,28,6,571,411.76
2760,f11c3b00cb0267f972c2490cdfdfafe0905e7d04,2,8,0,0,13,20,43,6,995,1025.39
2761,69886819281100327ffb9527a001a7956ffc8daf,3,4,3,0,0,0,0,0,189,172.29
2762,53cff8dd2e5f61f34506cdf5f2c0e2e179b9179c,2,2,0,0,15,0,0,0,449,210.53
2763,e0811359c239f73c75e1fe3a23a399c847fcb42c,0,1,0,0,5,3,81,34,346,142.84
2764,77abc2412921fbe28bc2e6524829b3cd74263b16,0,10,0,0,26,0,20,6,1371,552.85
2765,bc1e60da8abfc7e9135a6c5190b4d6431995a82e,2,2,0,0,5,0,20,5,1137,385.32
2766,a8dfec5d8afb60252af94ee261509edb24259fd2,1,0,0,0,0,0,0,0,0,86.12
2767,458d9f2372f083c6b051cb322e4030fbe0ae42c5,0,3,0,0,136,16,12,2,727,311.8
2768,90ec7daf46b9828a92b035c4ec5a1ab79a301245,2,8,0,0,13,72,27,6,529,479.44
2769,bb2416684eaeeb4d6587209aea1868ad0b36072f,0,4,0,0,186,47,60,30,2218,516.05
2770,160a28bee0000b9170ac04548dba1d910e167c6c,4,1,0,0,0,0,0,0,932,368.83
2771,13389b8a0a2eaa484fa1176216af27bfff7e35fe,0,1,0,0,0,6,14,2,34,70.78
2772,50fb6dec9aa10603831334cad6fc2423a08b860b,1,5,0,0,12,1,64,35,2477,600.57
2773,34d4dce9875e2a07f15cdd7bff0c663d6b288957,0,3,1,0,19,39,33,15,8735,1303.0
2774,828f1193c4f1a2b8867263ae169cd7ca046051b8,0,2,0,0,0,0,0,0,1023,163.8
2775,8e9105b06bb1bdd0150ca99ad8b3438966aa3b7b,0,2,0,0,6,0,2,0,223,125.61
2776,57b87431e2373aef842a8ca040e44e7a0db2ff49,0,2,0,0,19,0,16,3,471,275.45
2777,84a75c930ace88c6cbf47aceda2bf0a56f817cb8,0,4,0,0,86,0,34,10,234,262.7
2778,130b3a522cdd9d77cb5751b8e10c870bd43b3382,4,21,0,2,410,57,229,38,6664,1840.1
2779,3a2e8ee7e47bd31745dfc5f6a29c602e09747f24,0,1,0,0,0,9,2,0,425,180.74
2780,be2cb4e1d332fdf3b7fc9b50adefe438e764eab3,1,12,0,0,259,98,466,120,4772,1828.6
2781,d8298e1c85a515150562b0df68af89c18c468638,0,0,0,0,0,0,0,0,0,20.21
2782,f27bcd9ca3a4296625079e2caf7408e855a197db,0,3,0,0,71,18,28,7,871,289.99
2783,da152b0311ea4d9fea3cbc3c49f9110c979f927a,0,1,0,0,4,0,64,9,222,110.52
2784,bd6e401b28527538e9368cf3f3565669c6f44a81,5,12,0,0,240,0,1134,0,53755,11271.19
2785,8ed270cb9d8a9c49cccf99402ca92e3df3304d9f,0,1,0,0,0,0,0,0,425,149.41
2786,f0f32cfbd94043d275152357c6eb4f944635c66f,0,1,0,0,0,0,0,0,1653,207.85
2787,2b76ebcd0f5a234c95a138a04f3443ee6253f06e,0,7,0,0,41,28,71,39,3210,763.15
2788,87ae4ced2f80fa2a70ca170540b6ff5649cb369e,0,8,0,1,124,16,93,14,1860,596.5
2789,d76bf18d6ab376c136907eaa57c12863f0edcd17,0,1,0,0,2,0,5,2,193,98.24
2790,882fb54f61e40e73ffebceeb8e6b98d7a699b69d,0,1,0,0,0,0,0,0,240,51.91
2791,08df83a0d14cc10c503faac41b30198d97ecb9d3,0,2,0,0,12,0,6,0,120,115.33
2792,925a46be133acb6809e66e7fa4692b6c11223869,0,8,0,0,0,0,0,0,3533,505.92
2793,a228a80731ffe42da4d60d9f48df0d3345b709f8,0,2,0,0,4,0,8,3,331,116.35
2794,7fe03b64afd709d22d7feaeb66fb58663183ea9a,0,2,0,0,168,74,4,3,2242,517.1
2795,5262c96a7230736c663460ca4087541852b38348,0,1,0,0,0,0,0,0,0,16.4
2796,232bab8e50bb305d75f4e7c13b7bfaca644eea7b,0,3,0,0,0,0,0,0,300,96.12
2797,1be112237c4e4804a3db600ece397d6318e5a618,1,4,0,0,31,6,9,4,418,266.51
2798,12603cbdf6b36384bf9ee339d46a0666a95e3d74,1,10,0,0,267,31,147,38,1235,913.95
2799,55ad7332bd63748515a62ad227721eba2a696658,0,13,0,0,67,10,55,12,1109,736.97
2800,b97edb0739942f8f72cdc2cb8591697713d8f5c5,0,1,0,0,0,0,0,0,34,461.68
2801,1700b9c23af991675e6b113a0858dd4e0d3c5e67,1,5,0,0,80,72,70,43,479,336.54
2802,e28ec1be5adcddebe705b10e4b548ea882ad72dc,0,14,2,1,54,278,331,87,11325,2287.42
2803,95ab614571b87345331282dc036edada081c1167,5,23,0,0,210,58,256,63,4287,1627.65
2804,ec0e09d0e7292e64841161388f05422f4720602c,2,4,0,0,11,0,3,2,2576,620.95
2805,dc2bbe06ae6e22f62ce432380410fda53ad768fd,0,3,0,0,9,32,81,7,8132,1148.0
2806,f72686fdf327a1a0ebd3e35b744ba3feac1d785f,0,1,0,0,1,0,8,0,147,83.7
2807,7be040c5acc842f771e40f8fe0b6dca37c14a729,0,1,0,0,18,9,6,0,117,94.78
2808,03b9761d34e6bbb40af01be5cf4be1a574c04460,0,1,0,0,9,0,15,2,1968,365.9
2809,a9dba39a5a2afc87a7a87ce5b915720ad99ef1ed,0,1,0,0,0,0,0,0,48,16.43
2810,509c43de2955724bfcde8998f811e691b5a013aa,1,16,1,1,867,229,252,65,4310,1260.21
2811,d353ea0caab4cacf4fe5db72dec9e70b60b58ed2,0,6,0,0,26,22,88,12,8375,1361.98
2812,486f66fa84db62acb76fe92b8c521f1d4af5365f,0,4,0,0,38,6,25,7,366,202.5
2813,eca51621f89614a4e3b0c7f0d4d7a504f6ede295,0,1,0,0,61,1,0,0,4132,574.68
2814,b0d9594878f513bb6110942397b94d1e16bf81c8,3,18,0,0,334,198,1307,76,56726,11972.65
2815,e81704eeaf061e7152c63379b828debdfdfe9a8e,19,15,0,0,219,284,1255,51,61695,15023.89
2816,1f078730ea7d7ad8a2ae223b8a2f7f923a5b842f,0,2,0,0,58,1,184,15,523,264.66
2817,3b572d9dbfb20ea84776a176a95e17425af05311,0,1,0,0,2,10,21,9,1941,398.0
2818,44aeb46de06bd6558007386fffc635f830139557,0,7,0,0,145,35,297,120,3169,823.96
2819,03e5a78bf1005495952aa51c254a7b38e1a3fb7e,0,5,0,0,9,212,232,82,9395,1621.96
2820,9aefc9af9565aad336080f67aabb54d80ca30359,0,1,0,1,1,0,0,0,287,744.52
2821,58f3c068ae9da397bbcb72ade2ae2d17129775e4,0,1,0,0,0,0,0,0,36,13.17
2822,c87f25e1634b1bb61f517ed98b6983fecadf7292,0,1,0,0,12,0,33,2,151,107.65
2823,89157331ab61a59646902ff388065a6de466ac2d,0,4,0,0,19,0,83,5,356,323.72
2824,c195349a70445edde2c0d0b3dd66dac6d3141e2d,0,1,0,0,199,0,173,81,7596,1194.4
2825,b7143f22042d88122bf416d7c5caf7b801bdf726,0,1,0,0,0,0,0,0,36,15.9
2826,4f6da63dd296c46c92e32ad227e981cccb05a40f,0,13,0,1,6,3,0,0,1643,460.81
2827,465c5777c9807b92fc039f0f3b8c3affd56882bb,0,2,0,0,1,0,0,0,101,73.77
2828,050318c82395c37b97ad45c637351dc9d2288f50,2,1,0,0,0,0,0,0,932,298.18
2829,5fa8db610d935c771cd638b10aad16cd400aad54,1,5,1,0,167,13,476,205,5057,1271.08
2830,43f25d5a9c42fc58e6abaaee0823e9f6a0557ef1,0,3,0,2,5,0,2,3,2073,611.1
2831,7d0173b0f123cf07688386ab0ac79bec02d589af,0,8,0,0,83,37,47,5,361,295.03
2832,120047c308a011f17f94258779e4c47fcff191a5,0,4,0,0,125,49,23,3,2213,682.1
2833,144a8120a553fb62a1e60f7a8d4bc6b6163fd382,0,3,0,0,172,3,139,39,2827,546.83
2834,4902f004d0ce957838c51ac5543534840c8ddc0a,4,7,0,0,17,638,139,46,3410,1156.62
2835,200749619c929474333c5d540eadd3751d7ecb19,0,2,1,0,29,10,12,2,85,146.44
2836,3a404de550f89815612efb0d107d45594191450c,0,2,0,0,4,2,7,6,80,165.15
2837,43febb67651474768544b41b5b59aefd7f1a94a5,0,1,0,0,1,0,8,1,456,179.65
2838,c4ba5a5e292d3e11cc80c558630794e2b40d7fc0,5,4,0,0,154,195,165,22,2639,870.67
2839,acfc74d089627bfce9020441f075f7b72686df18,6,2,5,0,14,3,28,8,691,625.01
2840,05630792e1adf24e1ead0a3b03fcf0d4af689909,0,3,0,0,0,0,5,0,620,720.67
2841,744dc9c36dd50d2c7ef8b54a76aba1d4109f1b23,0,1,0,0,0,0,0,0,55,18.48
2842,ac4baea04ffc801bd2c972d7628deba0eb9ae4a8,0,1,0,0,3,0,77,48,556,190.38
2843,6c082528e940d998e69702eae1ae9a5630582e7c,0,1,0,0,40,4,6,1,478,154.04
2844,c09884e0b662ecb635ccdb162d06ade2ea71d8b6,1,8,0,1,153,151,100,16,399,593.14
2845,7faa8a1e3bb7d65bed93cb203c9ec11c3c92daf3,1,1,0,0,2,1,6,2,144,139.45
2846,90ed9e85e0d9416e3007b84a77d26f7cab46953b,0,2,0,0,6,0,29,14,695,265.49
2847,e7300063d90b515cfb0974bb9737bf553b777526,1,0,0,0,0,0,0,0,0,66.87
2848,4104b2c35eaac2669e862f6703dc003e94aba0f6,0,4,0,0,12,8,80,36,3240,581.99
2849,1e94558782e039b99dab1e7cc01deb6abf9d6676,1,5,0,0,14,6,1,1,918,517.07
2850,e97cfc29b7d446ee4152b1617a422c396fd3212a,8,5,0,0,267,40,76,3,2438,1235.18
2851,5eb83d6e442a0b176b3bbddd352157f46cd9fe8b,0,4,0,0,21,1,50,11,1007,475.73
2852,760c5c8e0846927b997642122002d73a0c3d3c48,0,4,0,1,190,228,411,151,7842,1532.5
2853,751c0a09569a1e0c6e6a32a42af337b9ce29a3e9,0,54,0,1,66,288,75,32,2404,2304.84
2854,76c503d97828938e8a08caacc6fce145a5a3dea7,0,2,0,0,59,5,4,3,1029,354.85
2855,1ec99b94f641b3fa94c9414af1c4b06eefd81f50,0,5,0,0,49,10,67,12,515,322.25
2856,80e2fe20fc53ff92881e0de862f8fe05d44716d2,0,1,0,0,4,4,0,2,3496,786.0
2857,6ba3f860b7a05f37822a4e720a124904b7f926d7,0,2,0,0,4,5,13,9,166,160.91
2858,75b94c92c560bea53fe810b290b2ed15ccf60140,0,2,0,0,1,0,2,0,170,82.9
2859,cfa4188833c1062302920b60ba4a26de4fc2f37c,0,1,0,0,0,3,78,13,384,193.27
2860,cf0085cb9f7ace1671d1f7b6f22e2d2d0f2419f6,2,13,0,0,32,0,11,8,1649,1284.94
2861,2db4252d9ae90c1b0d7d0c7cd87f0840c90ca287,0,1,0,0,1,2,9,3,42,112.58
2862,370be76d300d281acdb5d00bb6f011db3b86d550,0,6,0,2,93,0,32,15,872,509.01
2863,fee4936bc73b44f57a3c05630e2f70d647fc1f7a,2,11,0,1,288,172,448,132,11442,2758.63
2864,cd82601f6e5c4aea5db72b74629b6aada23cf7c2,2,2,0,0,89,1,23,7,1176,381.18
2865,c693e95673d55ff2fb7c6bfb3094e0d5d0b19d89,2,1,0,0,38,335,44,7,594,399.53
2866,b58891e61ad22e39a57bdeb4aa20e9000cd01437,0,9,0,0,2,11,51,17,2835,638.9
2867,0c7bcf7ce68d1f5e716aad5833d1f50da9a6ad22,2,1,0,0,8,0,6,5,1878,501.22
2868,3fe19fb0f805cfcbc2ae30614a25c3dd6a6e65cf,0,1,0,0,46,0,0,0,375,80.65
2869,4e8e2e917df627e971428bf859d4a9ac18feeb49,0,15,0,0,51,78,190,18,864,1253.09
2870,0b63875648c8a847ca3b99cb60e5248c1646e155,0,3,0,0,16,1,16,8,776,308.07
2871,3c60e6d64d1e705aa58e0e624ea50c7f86428e15,0,3,0,0,1,12,16,8,780,195.14
2872,7ebf999e2fdee5de00a145653a1e58de53650602,1,8,0,0,669,167,736,211,4437,1544.24
2873,5e0957055b938b47bcfa87ab978bb43f903d3a68,0,4,0,0,30,9,133,35,1961,725.51
2874,74194eed2e9b2755ec9828178ed378040b42f0d1,0,4,0,0,23,0,106,38,2987,448.68
2875,7b5f80f1273f82f864ff4a36c7d640021e7d3d6a,0,2,0,0,0,1,31,17,676,187.93
2876,ec31fb0f3e46e11f2fe59fb4f2e161917a0ef3cc,0,17,0,0,4,6,28,14,4531,972.64
2877,8b6c34eaa02f87806e6567a27baeb56c74f94926,0,1,0,0,9,0,19,9,239,149.97
2878,289863694d242a16cdd5e8ed82bc8b4ef460bfdc,0,2,0,0,12,2,23,5,715,183.35
2879,c02f743410b86cffb6472c33e9cd0a923babfd0b,0,3,0,3,17,16,25,9,264,402.73
2880,f314e577c1f411ee5b434ba8d81e30e937e40c68,0,1,0,0,14,0,26,8,301,694.71
2881,a48c51503d9554cc109642959eb1230f55153d8a,0,4,0,0,18,0,67,27,1263,412.95
2882,ceb4d45c12950f08a32c64ec21d235729017ad5b,0,2,0,2,3,0,3,1,27,165.37
2883,c0b358dac5feaf62a851707fa1f02e34aa7b1fae,0,1,0,0,32,0,0,0,421,83.1
2884,01ab5bc87a9a9780b329228028ae6dc20d0affeb,0,4,0,0,11,7,7,1,1005,377.21
2885,794998c0600a9abe797cbaf6e86fd7acbb2ed56a,0,1,0,0,3,0,6,0,62,84.92
2886,9729568e9727edb12dcb9390c0762e5c2d25aed2,0,1,0,0,2,0,6,0,670,127.24
2887,6b9ee79ab805b37b19b9712e5af10273b27c3ee5,0,2,0,0,0,0,0,0,596,164.04
2888,29cd5c8d7817eb0618e4f115329882d2c4a20417,0,7,0,0,10,5,58,19,1707,556.61
2889,c0c23b99c005462785e0067e93ec220b8653b50b,0,1,0,0,67,0,119,45,453,175.99
2890,ac52a81f72c8ce26f13554a682ee7ae41a6a7015,0,2,0,0,8,0,10,6,2761,483.1
2891,30eb2ec32060353786c6ee89ba7eab4127d563a3,3,24,0,0,415,217,249,49,4523,2115.04
2892,cdd8aad596ed737cedf15794e73dbbd6b5dff0de,0,2,0,0,8,0,84,6,576,200.34
2893,57587479fa37b89e671385dc2a22eb4d3e1c2507,1,2,0,0,37,0,19,10,8461,1213.21
2894,9bcec172a68226c7fe0e5fa06cc843b42ea512cd,0,2,0,0,26,0,91,35,541,153.97
2895,9840d960fd65c892decdefa0c2af0d1ff24f2984,0,1,0,0,1,0,0,0,28,33.6
2896,11e2cd0f65f5f77840c14a88bb33f00031f1e586,0,3,0,0,11,7,31,9,280,208.28
2897,b6fc6df73f61a2a336471015a73c9eb888fbfac5,0,1,0,0,1,0,6,0,157,72.23
2898,11ed261aa04a807c14f89cf0d681b2723bd9ac77,0,2,0,1,6,0,4,4,60,151.97
2899,7b38a2ccf0ebea8b23ba1b8b8f4b66439c13236a,0,1,0,0,12,4,28,6,151,111.78
2900,da11d4501f62a99fa153efb38bb7be560b48e872,5,4,0,0,7,0,25,6,5097,1582.49
2901,d4db62fb5f6779d9989f9a8153f1771895255982,0,5,0,0,9,9,27,12,822,307.05
2902,ec710520b1a7986e2923b968d032dc91eda3514b,0,25,0,0,252,217,636,153,14335,2989.45
2903,b9c9bc5555edc73a8e289453f79785b6f008f2ee,0,1,0,0,3,0,25,9,250,104.11
2904,320ec149e343928a153e945ccb5194520b3f8697,0,1,0,0,2,0,1,0,56,55.06
2905,d508b7df6eb906d86c4df7107604ef8bce32d9f2,0,1,0,0,0,0,0,0,58,18.71
2906,347b8450ebb9efba76999c4b396193ff5af88c43,0,1,0,0,9,0,77,18,253,111.29
2907,612e9d7dd6957cebda44522eed6a854fd52cdeea,0,1,0,0,0,0,0,0,262,52.56
2908,d05e53534871a0c0a0ad9be4d12953c29e2b57fd,0,2,0,0,3,4,30,8,298,113.83
2909,21ba0a93dcadcf8726ae7a18e81f758921552697,0,5,0,0,340,30,43,22,2477,583.96
2910,fcd141c4201751abd9d47ecd53bc9a55413a60d0,1,6,0,0,200,65,174,65,8465,1434.43
2911,08d79d9ebdc55c754d850913a59358381af9bf1d,4,6,0,0,12,91,82,21,712,504.2
2912,e66e87f0d9e34c7282f29ef9d89d79432e7077cc,2,1,0,0,7,8,4,1,625,468.79
2913,af4ab9879a2db5f776b5880384aaeef578a9aeae,0,14,0,1,417,358,428,111,1531,1059.43
2914,c6565f5d65da9ed5cb452db7e313d0ce7abc1105,3,0,4,0,0,0,0,0,0,254.7
2915,2547193894ce6fad9697b69f8eadf2252b488013,0,17,0,1,42,92,343,150,1807,1237.27
2916,00a8cc1fd4f98051b0d8d370178476643cda7094,0,1,0,0,6,0,0,0,17,47.04
2917,0a5a6ec463533017e214702d499afc0d96b203c7,0,1,0,0,13,0,61,18,110,85.41
2918,2d2a4dcbab5628aa5ada6c10dc5b59ec7bc0b483,0,1,0,0,9,0,4,4,73,74.61
2919,6c3ca4cd82e7caddc8486fb2c88875e1c746ba0d,0,31,0,4,62,37,351,104,7530,1738.47
2920,221c3ba8d509a56e665c946e989ee677588d8c1d,2,3,0,0,121,122,26,12,689,800.94
2921,7be0dc3274bc1611bc204c15f768631225231e38,0,1,0,0,1,1,1,0,102,70.57
2922,39b687b2318728795d47404ed66c34c667d62e77,1,4,0,0,25,22,41,15,647,318.45
2923,912b4897ed457cfc447995b124ae84078287530b,0,5,0,0,14,0,9,3,495,204.37
2924,9b4050714508e7b178565f96a076810d5ca59d84,0,1,0,0,0,0,0,0,58,17.58
2925,e6aad18e33ea8bed8141883e21bf3bb5e8b4667c,0,1,0,0,0,0,0,0,58,21.63
2926,631ea94b53fdb113b7b6d132ad7b5834bfecc283,0,1,0,0,0,6,0,0,17,33.41
2927,88b9228db7e077e4682615b20a81c2391d003f46,0,2,0,0,5,0,0,0,1905,279.79
2928,46f107a0b08626ba1096b0f2dc79c74e8dc21529,0,27,0,0,120,54,249,92,6041,1670.78
2929,93aa67c353fb714d5c17c8a4c4cf1e8df82abaf3,1,10,0,1,413,182,54,23,356,731.77
2930,088d18bac9980be0069a78014d648ddedb614811,0,3,0,0,18,2,49,31,2443,468.24
2931,7316a514ec62218fddceb05d4b318f8463fb2dd5,0,1,0,0,1,1,3,2,191,100.05
2932,bb0010caa8734af34ecac7b5b054afd95b49b0e0,4,5,0,0,831,55,20,6,2468,891.76
2933,408d467bffa0923714b8262427f1d1d72ba9932d,0,9,0,0,642,155,248,59,11271,2059.91
2934,3cbedfa3d47c81c4a51552de4c46c2c54615c4c5,0,2,0,0,39,2,6,1,238,148.92
2935,e2dbc52060b3efe7862e226b18162f15e77037ec,0,1,0,0,0,0,16,0,89,38.09
2936,439e450ba1dc6f6cc405529a78d013b0632ef5b8,9,14,0,0,65,8,245,25,2053,1002.03
2937,6cfdd515f32c818517fa91d713abf05157de74f8,0,1,0,0,2,0,12,3,334,96.19
2938,36aa3e98f7860ce0f38be0d03ab05991207fb8e0,0,1,0,0,2,0,0,0,38,39.54
2939,7ac2b2a8b4a4ad591a0ddec62dcefb183a366f0c,1,4,0,0,48,16,14,2,164,237.76
2940,c8089ec04b0823ec9cbd4a69c1b318458357d6fc,0,1,0,0,6,0,23,13,126,618.84
2941,4abe146ae69e84cc2eeb6ea51db1d90923a646c4,0,6,0,0,25,0,32,7,635,333.79
2942,d5b371c5728203676f071f3329b4fac2bc8da59a,0,6,0,0,0,0,0,0,660,139.89
2943,2a4f90f9a2757acdb134ee038e07f159a72a1454,0,5,0,1,123,5,33,5,1200,503.83
2944,5651823e8d1852c31fd44486fdaf3aff13c82556,1,6,0,0,21,0,10,5,931,302.5
2945,9770439696dfd42c9132efde7c39593c6df51f8d,0,2,0,0,62,74,79,29,2287,456.31
2946,87d985f2a7cf77823e880229765df9681d7ff1b4,0,2,0,0,3,0,12,0,235,124.68
2947,309082ee547b105d8fa4bedb00094e6bae5afb81,0,2,0,0,5,38,92,29,718,245.15
2948,fcc9cda26410a014c40f7da8f478bbb5141db308,0,1,0,0,0,0,0,0,192,30.52
2949,030167fae68d56e891e8d2bfbc93713c642fd324,0,1,0,0,5,0,2,0,532,127.24
2950,5b0ace88d4085b325edbe04217a795c621677e1c,1,1,0,0,2,0,0,0,102,106.73
2951,c8cbef7373ce47a71e0dc4c2258c82885ca7e99a,5,11,2,5,2548,501,113,29,1375,1852.9
2952,876347484093a3e013156b607475602e888b640b,1,5,0,1,56,9,35,5,451,426.88
2953,b63aeeebbc8f0f5570570b3790045bea75ed4848,0,1,0,0,1,0,3,2,349,104.93
2954,a6bfabefb1a61d03e6029fbdeb3399fa5a9d611f,0,4,0,1,32,5,83,24,731,305.13
2955,b7c53456dfa49ec08952f2f1237dffb59bd3e8a9,0,2,0,0,1,0,0,0,709,101.06
2956,dbf15b9cfd82bbba7afc4f928dd3403d5a6c90fb,2,13,1,0,29,6,51,28,1506,721.22
2957,ebb8fec397e098702e85ae68919af63f6cad2ac0,0,2,0,0,3,0,9,4,198,115.6
2958,6e220f6963e9ebbbbf2385600c2135dae05292c5,0,1,0,0,45,0,12,1,118,96.74
2959,48bea00c48853459af64b4ca9bfdc3e821c4ed82,0,2,0,0,26,0,5,1,276,123.29
2960,93b6023fb9887c9322e23d773af0b79b4665bb30,0,2,0,0,0,0,0,0,302,550.02
2961,bbfcfe71207e3b4e4fbafe82bc8e546dede047f9,0,2,0,0,2,0,9,7,151,96.85
2962,cb50d7e6406dd6a5fd973342fda9b58d20cc3abb,0,2,0,0,0,0,0,0,153,49.76
2963,223404c30a739446b729b2258f2d52faca939988,0,6,0,0,40,10,90,43,908,414.43
2964,e5d101dd950a6e6a110a786a01450eecba336a72,0,6,0,0,0,0,0,0,948,143.16
2965,1a51c169567d32bc4e9a49e961517a69693405e3,0,1,0,0,0,0,0,0,53,15.23
2966,2e56c499a11f106c303c155c612b5dba286c08cd,0,1,0,0,0,0,0,0,53,16.79
2967,5d0144583ea805ec88ad6ddca3525de8490a7504,0,1,0,0,8,1,36,14,515,170.72
2968,d268b81bcd2fbaae6fdbfe2f980f644ce5e3d92d,1,7,0,0,434,289,66,9,4712,1094.52
2969,9a88a5249121ea71467bfc173817dd46d17275f0,7,9,0,5,458,41,97,36,2113,1234.86
2970,4403c0eede5c8413ec74d16772869eb4a814dd99,2,18,1,2,288,93,356,154,5899,1911.94
2971,56ff8c8b431bdded97f1dc66b20b0a38a3ce8590,0,2,0,0,10,0,3,2,75,102.35
2972,b8a39937548dbae4c6352b709edf3f7206a0b833,0,4,0,0,9,0,82,17,10159,1590.98
2973,59531b383099e2f33972ac3fa5669a31ca60cdb8,0,2,0,0,193,6,144,84,985,306.49
2974,d7c34b4b22b416f2d110a814546123f0109c28bd,1,4,0,0,37,7,17,5,500,272.09
2975,94e6db36838934975b8503446ee257b541821914,0,1,0,0,16,0,0,0,6,33.06
2976,656596731db30729cecfeaaea43c802767c1d3bd,1,4,0,0,11,5,29,12,345,267.23
2977,e9c582a9b301b96506ed9381f38a19942d5f3a72,2,9,0,0,309,143,171,75,3807,827.27
2978,d51d399d4de79b7c8bc8422a6a0bcdc5211657b6,0,2,0,0,40,0,5,0,1906,309.83
2979,d620863903fe92bee1ab8816646b8ccda7ae16a6,0,3,0,0,5,26,113,33,2288,416.74
2980,24f224867b70bacc91a877242aee1b0b84efd127,0,9,0,1,1056,104,970,286,12167,5813.95
2981,a8d828fde88e4a6a42e07308b71ba591ad57b26b,0,9,0,0,70,3,44,21,1047,467.1
2982,12f3101ea076440f0f7a3296841178f15d5fd794,0,1,0,0,0,0,0,0,163,40.48
2983,9641b4d8310877a97cc9521dd28c730971683f32,0,1,0,0,0,0,2,0,89,53.11
2984,0c255b86741c2e5cdb007852dcc18126b3db4e20,0,2,0,0,7,0,21,7,52,117.8
2985,198bb4b2a4ffc1dfc8e64bcc6bbba4460c43759f,0,2,0,0,1,0,11,8,256,104.76
2986,b89a3eea9da162a330c1b4c27926c2a41023fb17,0,2,0,0,0,1,11,8,256,103.99
2987,6d9079e95cf6c036639477ffcd79b0e0770f6709,0,9,0,0,81,47,92,45,5065,1006.04
2988,6929846a8120eaf094b914b4ca8af80b65f891c8,1,1,0,0,1,0,4,3,22,114.93
2989,07253e8258f3c4b8606a7e618287fd2d234b005f,1,3,0,0,220,5,43,24,198,341.82
2990,5f7ea30fa0b7050f4c230ff142e63f04feab9d7b,0,88,1,3,1131,1046,1127,474,11694,6321.11
2991,35ac8b0257614523064c1b3647a91e123b78e999,1,4,0,1,115,59,5,3,1638,554.98
2992,b0860a48b75069dd24a413dca701a2685577c1cf,0,2,0,2,23,0,22,3,72,206.52
2993,1862b2d8e9aae19e626bf9fa7210306d2cf03bbd,0,3,0,0,20,10,8,5,543,234.31
2994,08324edaed218f4cb1e5e57548a1a909cf34df31,0,1,0,0,16,0,6,0,195,65.19
2995,f421a9c38738fdf21cfbcca02bb433426362d807,0,1,0,0,8,10,16,5,518,163.42
2996,c648fb81721b9753027dee4b8c8c269fd13527b1,0,1,0,0,0,0,0,0,153,33.64
2997,cb21621359598a67b372b99d99058ba7048b3b89,0,1,0,0,0,0,0,0,153,34.23
2998,fea7ae35b535dd2848c64f070e87da86e893bf3d,0,3,0,0,25,4,26,9,752,230.07
2999,55c7cf780eec130a17e6f79ca7da6881d1428c43,0,5,0,1,46,15,34,9,1107,389.25
3000,f4e462ae469355392939a46a1365b1e3fa3d6f4f,31,29,0,1,489,34,642,323,5571,3742.41
3001,827fab207ce67e74447867326381f10d98a92e9b,0,7,0,0,95,17,53,17,1058,590.83
3002,0aed5a352961aae76cf6330af83f0bfad03a2bff,2,6,0,0,95,28,88,30,937,450.58
3003,3a6b6a5a39a16a51f1d7a6677cfe181a7b7e101c,0,3,0,1,71,40,13,2,421,263.57
3004,0018819a11507d7997d33716dbd1b37e41df9a01,0,5,0,0,71,0,6,5,3731,703.77
3005,244484cc89f553047615b07a68ce482521ec0b80,0,6,0,0,223,12,173,50,10692,1574.62
3006,d9a6435e9cc348c6e85230cc1a290497926f76b4,0,3,0,0,46,20,106,30,1102,373.3
3007,73fb1953c1a5328dbfcf32f545fe74dc47dcc889,0,1,0,0,1,0,76,17,282,94.87
3008,0176379364fb141c735b5d3d31a2ddbf477fa670,0,2,0,0,0,0,0,0,315,45.68
3009,ba5d8545a2d000c905fb933fcbd6aaa1918a9baa,0,2,0,0,1,0,0,0,558,100.43
3010,f2d73e9341c75abee41a1366d2bd4f786d4a1cda,0,2,0,0,0,0,0,0,559,90.01
3011,efd6c8c268db3948012feb44e6b45ed957168fb2,0,2,0,1,50,125,197,69,1804,341.72
3012,c16ff7f1f712339a5ed9594dee14f31db5f9cbf6,1,19,0,2,1959,185,1346,56,60017,13098.22
3013,9b512122f9d91b857c5a527aea99445541ffc54b,0,5,0,0,29,0,10,5,3404,500.47
3014,e3e8e0a963163be40a602c7f4899c323cafd9a2e,0,1,0,0,2,0,5,0,263,87.5
3015,aacca40df9a6eb1c23c41c932b049acccb9d3d28,0,4,0,0,27,0,53,14,885,216.99
3016,3f0fcb099c9bdd9a0464f8784a1b0df0e261c4c0,2,5,0,0,556,120,649,183,10181,2256.18
3017,f114883e7c6463a5c2885c4a3793dd4181d72456,0,4,0,0,10,2,20,0,2546,518.15
3018,2d8b812d7a0e79065f7804d088d52ca7645be13f,0,1,0,0,0,0,0,0,553,70.55
3019,a4e56215752f89f95e931800e253023164455277,0,19,0,0,271,92,358,101,8697,1998.13
3020,7aebf54420b986a72c9735244446dd64d9732e22,1,7,0,0,202,53,381,118,11138,2516.87
3021,a65a0f535b09e38452280db1362072059705fc11,1,4,0,0,151,115,72,14,567,574.47
3022,723ca8ccf2696abf2413f3b0475ebf9471b3f58c,1,1,0,0,4,1,10,5,233,173.19
3023,2cd384cf9c6a80ef945e799276af0964255958bc,0,4,0,0,24,0,88,45,1686,519.19
3024,2e6a16a52dcfe4084188f593848e80be3f9308ce,4,26,2,0,1566,187,288,97,6310,2288.76
3025,b4b2cd2d757e91274265314af67e28288cbb688b,0,5,0,1,202,1,312,181,1383,505.12
3026,a7e4fdec871035055b85d39cfb0210c92c083b48,3,1,0,0,0,0,0,0,632,240.89
3027,b88a22e21c3c34daa7ff547be3afc225c631db98,1,1,0,0,11,0,43,31,126,158.24
3028,f1325e66c9db6f78a69cf88412d7b6f671c89d5d,14,0,0,0,0,0,0,0,0,480.46
3029,8bcf883c4dc89e15ba79cce0d326c4bf677c933a,0,9,0,0,66,166,289,140,4562,996.33
3030,fc20742ec750ad333e91521afd1e3c60f1f34354,0,1,0,0,0,0,0,0,672,103.84
3031,72004b826b71ced04f8bce4e3eb42c0264e0c9a6,3,8,0,0,215,64,85,33,9026,1805.13
3032,36f7b877faa3fd5d2d96edd1759155c98e8ce1f8,0,1,0,0,9,0,7,3,153,89.11
3033,e371f2d6017c35d0369de0936ae0c81aa5956fa4,0,1,0,0,0,0,0,0,162,31.41
3034,154f582354a3379324028ec284e0899eae402552,0,1,0,0,3,0,0,0,558,123.59
3035,71037f81a2f146ed11ee79117a8dca8c45db77bd,0,1,0,0,2,0,7,5,577,143.35
3036,981a2b158d85e3b8e2bcc9f0ab9d9c0390537cdb,0,2,0,0,16,2,49,25,704,175.46
3037,0dff2ef46b953c3549170679dd186d4312d77ebb,0,1,0,0,0,0,0,0,471,61.51
3038,6e1dc3a8d4436f2ee495b07e3f5d445d3fd4b5ff,0,2,0,0,12,0,13,6,126,120.32
3039,d07eaa71d3b7d28ed9d5063a87e1287c384064d8,0,2,0,0,22,9,2,1,149,131.55
3040,9febb6ef24e5939260190d96b83b81d4d7f6961a,0,3,0,0,53,12,68,18,171,656.18
3041,4dd6f1cb4169ef5a2e043237c110e0777bb9d8f9,0,2,0,0,7,0,21,2,114,134.47
3042,a5adc4d385e9b2a6b38e71329e752f05b82da813,0,6,0,0,52,3,15,3,437,291.08
3043,e2c064ff7c2123a85c7c397487f1efc6054d4651,0,3,0,0,99,89,222,70,1250,375.95
3044,9329fd96a32ae0f72b52771b85c777e2fca9519e,0,2,0,0,20,0,10,5,220,125.67
3045,76250d2b5787be90a4e083c6630290f13a3709bf,1,1,0,0,0,8,0,0,34,107.49
3046,443dcf38288bd159df005612d265ec28529f8900,2,1,0,0,104,8,27,15,529,322.2
3047,a2bdcb9f4ea1b747e4b07741d8de8b4443bf0850,0,5,0,0,62,1,38,9,1243,461.21
3048,09a1b0e3259506926f8dc1e2ec7d3fd7aec65f50,0,2,0,0,19,3,15,8,1961,332.41
3049,d4efd473219b18b33fbceff0d29d25966cf36a33,0,2,0,0,2,2,11,1,218,115.93
3050,e3f2db55917f81afae392bc5bdf3ec219c930fc1,0,2,0,0,3,0,3,1,485,198.55
3051,70df021b8bb000c65dbd0c4a2e304d06291c6e89,0,2,0,0,4,17,0,0,2509,339.89
3052,d3b2ce1a6307f83ec3b277b739182e714c9a5867,0,2,0,0,21,20,52,30,2493,432.76
3053,74a61e059c71843c52f4e6b7d2284e83ec329d84,0,19,0,0,384,60,337,144,9006,1816.09
3054,c1402dfb99ae0f04f1d2a330395b152f2f5eb789,0,1,0,0,23,0,0,0,22,46.33
3055,0abdf483ce378f8629b238f0303280dc2e69259e,0,1,0,0,0,0,0,0,294,48.38
3056,425daba2da1e1ae49dc4a4fe7ac5106f4ee729ae,0,3,0,1,66,67,97,25,1111,442.58
3057,ad9f22d5ef2a139ba13e69e575ccf3aeee77c6ea,1,1,0,0,3,0,97,41,7751,1107.32
3058,6f8edad9f1c36f6ead776e56e9e1b41b0ab8d800,0,19,0,0,147,79,373,131,5115,1394.9
3059,8cda66c2fc09b6753780b2e399eb557b4e869683,0,1,0,0,0,0,0,0,579,83.08
3060,7390a7c6e72da45ec9796c77a93e1cdc4b4cd4f9,0,1,0,1,11,0,22,11,275,694.05
3061,913dba22627cf2d555bb0b22105e4bde0c6a7aa5,14,5,2,0,164,352,330,104,6139,1828.89
3062,f40f72d301ff3967a13172aa15039c0f2891aaf1,1,8,1,0,0,0,0,0,798,218.45
3063,e3e7f03a73a789ffa7cd9626431f910a3c62d14a,0,1,0,1,0,0,0,0,14,35.54
3064,1946f88d2592c2e6db66dded6bdac540ed51c6b7,4,5,15,0,44,1830,195,89,1964,1691.39
3065,e9a7173a52a7a2bd91a6edddf54c1b354a7b101d,0,1,0,0,11,0,8,5,1192,210.94
3066,ea1fc22f6b5ee4eed728598d554348bbb77d21b1,0,2,0,0,0,1,3,0,356,86.87
3067,312711b705b2af950c475572785fc19660ec1c38,2,2,1,0,199,62,118,43,1168,485.09
3068,c5e431ab898c3e1fab9d4679f3321863b670defa,0,1,0,0,0,0,0,0,294,54.41
3069,6ff59ed8a3894e60f339fa89f23b5dc92f034893,0,1,0,0,31,9,0,0,141,79.79
3070,042a98e2cef0df7c10af394ae7142d2807032342,0,1,0,0,0,0,0,0,20,13.94
3071,fa8c959ae91f90a6722111f90f143c6199d752ca,0,3,0,0,35,0,46,22,1331,232.46
3072,6d5c403d3aa62500d2640137bfc0306af6f0a582,1,2,0,0,6,420,116,28,1052,645.26
3073,1d4261b1f58bf1a79df2caa11146869f2b47ecf3,0,2,0,0,11,0,5,3,1422,264.37
3074,15033a5fe922b294a311ad8beea092a7b5b096e1,0,2,0,0,224,52,83,34,3478,651.02
3075,8f0230acd0d13fa086480387ae6a85b99df486eb,0,4,0,0,13,4,10,0,788,322.16
3076,8a13b9324905c203ba8aec27e7155522e35e584a,0,1,0,0,47,14,42,21,296,124.48
3077,512ea010925645c64f71fea225679bf4abf64149,2,4,2,0,35,28,1,0,1766,687.96
3078,1c0f0d6ee159b57bc2450d744efd698caf459b5f,0,1,0,0,0,0,0,0,175,37.07
3079,457935afc7dc078c4beef7f94498a41da66ef6d6,0,1,0,0,0,0,0,0,175,34.98
3080,1f1929790c5610b9604efa01ec10706247e895f9,0,2,0,0,9,0,34,3,94,637.68
3081,75f535071ebb27055bfedf9f776ccc9922c03fed,0,7,0,0,44,47,218,89,3936,955.88
3082,7cbea47b7ae4c4a56349c2362c25bbe5284e023d,1,0,0,0,0,0,0,0,0,41.68
3083,e7b10ba946727729f81d40a24a07f37e1ce672ee,0,4,0,0,22,21,74,42,1482,334.66
3084,37ed7910d37d56eafa21eb51a084277bd3f8aa1c,4,15,0,5,30,217,27,5,1296,876.91
3085,6b577dff6822afc58c6b518241544d5a9bebe77e,2,2,0,0,30,4,1,0,961,345.63
3086,6c5851f01acfc4797cca9c32e49e655796f80250,0,1,0,0,8,0,1,0,4,49.73
3087,1b63b64a3f8526913f10a5a437c427c5e9bc0b9d,0,6,0,0,13,0,0,0,57,168.64
3088,185908979d4e701ff0ee4988f07750dce777460c,2,8,1,2,225,8,116,22,3994,963.71
3089,3ee63c1402e9efda6afa5a8d52785299a08b9a57,0,34,0,0,79,25,39,11,12213,2627.81
3090,c4489f2f15173b68d4fbb076c8e81acdae8e92a9,0,4,0,0,95,0,18,4,2871,546.76
3091,dfa10d29ae5ad0f527821df0fe4719b85cfdccd3,0,2,0,0,250,154,58,17,569,309.34
3092,9ef70fe87268d221186847129730d0c8ca3f6980,0,1,0,0,21,16,34,8,423,185.06
3093,852bf2fc7348e433056702b9d10ce3ea34f81b03,0,1,0,0,24,1,5,3,242,126.18
3094,8bf6106e4477b81cc299203f5263e203a5335982,0,1,0,0,0,1,0,0,44,28.95
3095,21dde15e7dedef0e5f657bc0554655680797bbe8,0,1,0,0,11,0,69,19,471,135.62
3096,838614d3c128cf32cc097b4c0eaed05650b0fb44,0,14,0,0,229,115,75,12,3605,1032.04
3097,b0c37d57132286fd78d1096fc530fd1d73106bf6,0,6,0,2,51,0,26,12,552,481.95
3098,c70911ec5bfdb0835178857176fd8018345b933f,0,7,0,0,35,6,247,72,3617,884.1
3099,20a38ba9d739fadbb959b41ab70f08974f9cd118,0,1,0,0,23,2,95,24,1975,424.42
3100,b8f3080386574e3a0819f8beb790517e4fbb2144,0,2,0,0,11,22,11,0,130,742.86
3101,3f36a5f61ebc421ab2af7ae756baf862e91cacaa,0,1,0,0,6,0,33,7,7754,1188.55
3102,1ac630c27bce036e3ce43fca8ee8507e9d8ed720,0,1,0,0,1,0,3,1,47,94.14
3103,3d1e8052e2b40618ba59363939ddeff064561e90,0,1,0,0,0,0,0,0,48,18.75
3104,904b54a3bf9fe242c11c35b860315d23c8888904,1,10,0,1,705,18,82,13,3362,1484.81
3105,c89c53699e875b0844fb431b73c83939153d4537,0,6,0,0,351,242,344,146,5945,1365.51
3106,d9560b34474bcc9b4edc11a79d141eb8e16f2d9d,0,1,0,0,59,0,22,1,606,181.36
3107,58a32efd4a0fa334232e1ee410b5c8fba92228e1,0,3,0,0,2,0,1,0,310,134.19
3108,da509dd5779354561f85eb2d1605790714deb76f,0,2,0,0,16,0,13,10,511,195.02
3109,71c49afa6990ef936cb918e39724d6f0a653498d,0,1,0,0,2,0,7,3,523,143.38
3110,dcffbbd13a7fb5f42fe26ede99bd9bbf1a569e6b,1,7,1,1,44,22,17,2,1305,710.2
3111,e279920e912a528d5ccd92c6f61e6ad311a2c17b,0,1,0,0,0,0,0,0,444,72.66
3112,6f603290bf7423e478b6420ba5991d2a3d441b1c,1,1,0,0,11,1,42,14,121,165.12
3113,31bec3286cf3dd22b1e9c1cea000db10ab9b517d,0,1,0,0,6,0,11,2,128,105.23
3114,82004f9e492773b28257d6bc27500a0d7fd7b0da,0,1,0,0,0,0,0,0,134,40.4
3115,0079b01198f69e23152ec9b51bb580a60e3393d8,0,1,0,0,11,0,14,4,254,163.08
3116,05cacad5d3b2edfbe8da9f9193792d93539a46e7,2,13,0,0,607,61,329,95,1695,1341.84
3117,4379d8610cdcdb5c439eb826b6ba71d382dbc145,0,5,0,0,6,0,57,10,872,256.06
3118,b30dd3b1f22b5ff8f213f6778a153972406fe833,1,0,0,0,0,0,0,0,0,63.67
3119,d64ca1fe68fb9a7d44f888b340dac8bbb4a50fcc,1,4,0,0,39,20,78,36,412,432.95
3120,8f5284183e6bb9028e0ac3969f77118959396dc8,0,2,0,0,9,2,35,8,256,700.72
3121,2e24668ec82022a71fde5fc84793e2f189f3360d,0,1,0,0,0,0,25,10,1936,386.06
3122,4378f6166e801c3e501439680a590cee40ac1c7c,0,1,0,0,12,20,8,1,81,92.21
3123,f683b67471aa94ff51dfc43b97b27a651a584dda,0,1,0,0,0,0,0,0,11,14.78
3124,5dec7122ff81beafc7a63e3f76916d75e47dfeb6,0,1,0,0,0,0,0,0,444,63.68
3125,6263aa25cd7c295382beb278410c07b183bbbdb8,0,4,0,0,15,0,28,10,632,462.02
3126,865169ffc661daab36877cd1b09d444cbad0729e,0,1,0,0,33,0,12,4,281,103.56
3127,ae8b9a6c6d7803ae806e779aabbdcae1cb5f8f1d,0,1,0,0,13,0,61,33,249,101.04
3128,1ae62667958c39d549b431e28fd9adeb04d69cdd,2,11,0,0,275,333,77,32,2126,1169.76
3129,e4d4e00b513bd49ed6971dd9444a63be257eacbb,0,3,1,0,9,6,10,5,195,275.66
3130,63de30982bb5913a7f71f11bff1a4a662d24bb18,2,49,0,5,141,0,681,55,61765,17033.47
3131,15daba28bfe7a5dddf1e5b99d402563245509dfc,5,5,0,0,70,55,58,24,443,578.66
3132,9353c3b80eb35cc39f1dadfefe165d000a7a6d80,0,2,0,0,25,0,105,42,1035,246.24
3133,58a87314ef7a0f00eed45112756c2600c35da543,0,1,0,0,0,0,0,0,642,114.23
3134,d533b3935dc973a6e14d444ae1492f043a5353c0,0,3,0,0,15,0,215,55,523,294.22
3135,1ae7c0e9045057a48c9debc829e4a0afa9aefd1a,0,1,0,0,4,0,61,36,710,150.9
3136,6bf6bbe5a3cf3833ea541109d7511554e6b70902,0,1,0,0,1,0,6,4,35,107.06
3137,c982a665edfa4eb7e468ed6bdcdd2d54c5d247cf,0,17,0,0,45,42,238,121,7604,1611.53
3138,b249f00d5e44cc4c7d4d70db0d2a949c343c11c9,0,2,0,0,0,205,62,21,727,256.59
3139,6cf1c37228f84dada7b0a98d59badd837f53d05a,0,5,0,0,34,0,14,3,959,460.29
3140,ca9ffaed03ac0977b1fb8b6d4aa1b41e069b1b3c,1,0,0,0,0,0,0,0,0,705.01
3141,b9201da87ff1f61703088b8e361d2074f5b965d3,0,1,0,0,6,0,9,3,155,130.7
3142,725a766b12e8d618649e875811de8fa31c6cc3dd,0,18,0,3,65,5,99,44,3913,1381.55
3143,b55d742c5bf29b30846caa5340fff6b28f72d57c,0,1,0,0,0,0,0,0,38,21.77
3144,ba3b61d14c4d97d1053926e536bc1d87bb07590e,0,1,0,0,0,0,0,0,54,19.61
3145,eb8dcdb828abd42adc140b19e311acf5f4dad3ad,0,1,0,0,0,0,0,0,482,80.08
3146,5e30622a6411beedc6ab1928cc11af5ff51e6f8f,0,4,0,0,0,0,0,0,395,122.34
3147,3d9cbe85fed6cd18533d1ea08d81555396ab70eb,0,0,1,0,0,0,0,0,0,48.96
3148,c1b02b63868813af6dce5930f0b9bf15a800751b,0,1,0,0,1,0,6,2,1767,341.12
3149,057ead35ab3020b93fdd0522f2650fcba88f7e94,0,5,0,0,82,1,127,74,1913,677.02
3150,e79a9a8af08b1dad03c007181f155b43f11a2b64,1,0,0,0,0,0,0,0,0,121.89
3151,dfb1d6940bd665d51a4850ddabce2ec37b3cafed,4,8,0,0,86,0,34,21,1146,980.54
3152,ae6d63bb219889111d89c03a6a0bdbc560ecae52,0,7,0,0,30,4,64,8,710,457.21
3153,c8e2914338c041ce6565c83adb5d439b2f23f5c7,0,1,0,0,5,1,108,35,641,179.79
3154,67ec7b5490e9a967aeff9b50c8868111087b88ea,0,1,0,0,0,7,12,2,154,85.56
3155,9e37ef3e49d903119cc97c6fb952b45c9ab50ce7,0,7,0,3,326,261,222,63,1718,1059.46
3156,9529a68ef3cfa7d773eef923da897dac8e523c70,2,1,0,0,0,0,0,0,632,307.51
3157,f90bfddf8fbf8b64cfb026aabbb7af3d326f54e4,3,8,1,0,45,55,229,105,3338,1098.49
3158,cbe2a93ae8d6797ecabd72b57cc37b69b6b80956,0,6,0,0,42,15,197,67,1609,702.79
3159,9872cebef78019b83993b467cdea49489f8fd356,0,1,0,0,2,0,6,6,54,107.17
3160,e35613e4a9b950c562ee2b824a423e9e5874c4c2,1,3,0,0,31,0,19,2,2383,1328.6
3161,3c7e89631d283b55f8ba16fd5d9f60127299f113,0,2,0,0,6,0,129,38,702,173.66
3162,bdb1ceae67c09a9fa94260785cbef2da1fba73ec,0,3,0,0,8,1,11,3,2689,664.31
3163,f35a3498c35265a5b5040f618a0ce5a7d9282ee0,1,5,0,0,40,4,41,17,1357,409.28
3164,f8fecf12089b53f9ffa5a023ccb048b849e9ab45,0,4,0,0,408,121,127,32,3636,1261.74
3165,3917be094f41f5911303a5c40731d7654489f992,0,1,0,0,1,0,0,0,1946,374.31
3166,9c33b85497bdb693f16d15fc109d0f800bc4077b,0,1,0,0,3,0,6,5,210,92.22
3167,fa57c1733c6f08bc9fc840026dd7b7521f60a226,0,1,0,1,4,0,0,0,99,104.31
3168,66da797c5e12132287437ff77042202cd4fd90d8,0,4,0,0,0,0,0,0,1675,308.08
3169,e9860bb80b7a2adeee7732b0dba60cb4d789e249,1,4,0,0,15,27,48,21,741,401.66
3170,5a576b6fbf1680ab4dd8f275cad484a2614ef2c1,0,5,0,0,19,14,85,33,2313,686.52
3171,77ecb5706df2d4d830596792f7cceea836a64efe,0,6,0,0,49,0,3,2,131,176.34
3172,cd596ce77bfed0ca2fddc2de58ee932b4868fb8e,0,1,0,0,58,16,27,22,1658,303.54
3173,1103486af8ec17eb67e24b8e9dc279205ffc9ee3,0,4,0,0,8,4,11,4,514,332.23
3174,7eaccc3d33618c24c6ce5fbaec7fb9b423b53376,20,23,0,5,250,28,80,6,2311,2486.95
3175,b302dc60a85c4df65244ee429eeeda826dd33a3f,0,4,0,0,104,21,100,23,477,266.55
3176,c5df9c6862385fd7c8e828d5b44f0e8146d19a82,0,4,0,0,21,14,4,0,831,297.77
3177,afe1b5e3ad59474ddbcddf91865ec6b43171ee1d,0,4,0,0,384,230,340,38,827,522.13
3178,af3dea4d1bbb74e59e32dbe081f1d10aac25c2ab,0,1,0,0,9,18,57,25,885,178.86
3179,8066b821296e768b8cb46b179fe4359994756283,0,3,0,1,4,2,3,0,598,233.7
3180,35513683a7e1f4365ab3d7d001b212b3ad0bd6f4,2,3,0,0,82,65,110,30,2822,1075.71
3181,3f5659f0234806f464c2f03f5c1a99ea1af13227,0,1,0,0,59,22,0,0,20,71.61
3182,99b19f3527cd905d83f7ee22e267ad48a78d9618,2,22,1,1,630,217,285,99,4506,1475.1
3183,ca9b5cb5a5377b8e00cf7478fe265167fcd3e7b1,1,5,0,0,57,27,39,10,511,370.78
3184,769ccc1c2040ba2cf7c6381a5b31a0868c60cd62,0,1,0,0,8,0,2,1,434,197.41
3185,fc48b075a31b8c3e59e83ac93b893261cfbf30cd,0,1,0,0,0,2,0,0,440,176.73
3186,59578d039fb6018f1062c4a9b2de56d4bf70814b,0,2,0,0,26,0,25,20,475,161.79
3187,512df30911320d344d01ffd68f809de33d7303b4,0,1,0,0,0,0,0,0,265,58.5
3188,344ccad0980bbe6f8477e031fdf00a66d3281c4a,0,2,0,0,8,0,8,3,369,158.24
3189,88dfd274f23bb3941a7c64e6ed932336e6c84890,0,2,0,0,0,0,0,0,377,75.5
3190,57515d63cfcaa8b1dce98e5ca33f52ca3bb9ac06,1,3,0,0,14,82,127,35,959,367.58
3191,607b4cb5bdfb2c43e15aa7d71861df663fe90687,0,4,0,0,49,78,29,14,1096,347.49
3192,4b5487aafca5114b13897e7be35a332b211483a7,0,2,0,0,23,0,13,2,459,166.03
3193,9a16be1f210cab87dd296c36cd9e9467d35f3963,0,1,0,0,9,10,21,10,203,114.65
3194,8981f365bf0cf921bc0ac2ff8914df44ca2f7de7,0,2,0,0,6,0,17,2,1597,317.65
3195,fb5b0955caf8f320cbe68ccfa68bb037888c9a40,0,2,0,0,7,6,2,0,486,228.15
3196,487d6c8aa06c31cbc441da1e3f06b7537777712e,0,5,0,0,12,0,3,1,982,278.95
3197,9b20429216169b57834c05f50468a918880d684a,0,1,0,0,15,1,1,0,49,75.16
3198,85fb4d23acc4ea976c65a59bd8d6c84d090eeee5,0,1,0,0,2,3,8,2,60,97.59
3199,cee1183d3044c4fa0a7882c3499d59721f1b5492,0,1,0,0,0,0,0,0,62,20.51
3200,5ec65ee2847ad1c92b92c33b5446ba046b4a80ef,0,6,0,0,0,0,0,0,361,678.78
3201,c90cb3ad6c1399d541d3174182e426ed14bae731,7,7,0,0,49,22,51,21,4867,1467.36
3202,31591bf1833fb3858c599addbe53aa57ac381ba4,0,3,0,0,15,0,9,6,1038,258.4
3203,e02be06f80e4455f7441bb961bb1956d4efb868e,0,1,0,0,81,5,164,39,649,194.97
3204,106e0931f4be765b750adaf2c5cb654a233baef0,0,4,0,0,31,0,1,1,1173,290.78
3205,4f77d5bc2f44386259223febbefee8f9b30d24c9,1,4,0,0,125,56,291,96,3053,804.01
3206,2d0161fa6c4ee2399a0d9680662b629900eb6813,2,12,0,1,1179,45,192,63,4719,1805.32
3207,f25a8a256ad1ebd0a3627cd11f2d1f99052babee,0,1,0,0,9,0,0,0,147,53.33
3208,aaa112dbfd0b52285925dad4160f34487b8dfd82,0,4,0,0,111,66,332,109,3347,833.49
3209,0cad50a193ba777f9271808f057caae674738817,0,4,0,0,0,0,0,0,1136,183.0
3210,5534653dba4a3dd13d514c3390c0fed01948a2cb,0,1,0,0,1,0,19,4,58,75.42
3211,81e8e665247f8bff927cb206b5bb178455047d73,0,1,0,0,0,0,0,0,59,21.41
3212,50704eec0aaaf865532e2cdbbd9682a86288fc51,0,1,0,0,48,16,254,81,7744,1020.01
3213,6b471dab6fa4adea12bd102864611b4c20f1f0f2,0,1,0,0,0,1,5,4,56,77.05
3214,b097189f6ed56a173ca49670faa28b0d1d5aa30d,0,1,0,0,2,0,0,0,73,37.22
3215,f3a23dce083decc565447b7438527d7aec434b29,0,3,0,0,20,38,95,41,8344,1156.0
3216,06cd358f0a43443b22a2bb4e9ba8da466d1c4529,0,1,0,0,0,0,0,0,463,71.73
3217,bcde1ce1db1c40d36c1b2c4613605057aa29762c,0,3,0,0,11,0,0,0,3211,444.76
3218,aa1321aaa212beb0161119bc281ccb86043bdd47,0,3,0,0,16,4,55,16,820,308.74
3219,b70a3352822b661bcd7c944105767c95c034f568,0,1,0,0,0,0,0,0,16,13.84
3220,2834663742b42d2bb82e30714a3b96d1faaa3ff5,0,2,0,0,31,0,28,6,1170,765.12
3221,6db33a9d135baad489ca596c782278a71d63f597,0,4,0,0,13,0,38,2,8581,1196.79
3222,61176b10cfdd1a50cbab12c4913622d8941606a8,0,16,0,16,22,0,519,245,3128,1632.15
3223,59ecdd38e3cbc0b312834a942092108f14e0672c,0,8,0,1,84,27,87,39,2820,1037.14
3224,48a243efdf91a7f5334b28810b30fc8d82925d51,0,1,0,0,50,0,0,0,589,116.5
3225,500f298c8c14044c879fa19585cab7129d2a4e29,0,1,0,0,8,0,1,0,1768,252.42
3226,317df03beda8c986b3b9a90a16c327567189ef67,0,1,0,0,0,3,1,0,52,51.82
3227,2d87c12d914044540a4f5ed7fe500e3c245fbead,0,1,0,0,3,9,24,6,3564,501.37
3228,1d3fd3d8aeba6af22b2b1fa50412ba12c90c705e,0,1,0,0,0,0,0,0,436,149.41
3229,c42666ed5cfa2f1ff83be443aea21e8be8041b95,0,3,0,0,12,0,0,0,299,115.7
3230,3bf41faa04284b1f50adcd7da50dbb74664a8396,0,1,0,1,0,0,0,0,71,46.56
3231,ec12a61b129aea416df8913acfb0212f4b09104d,2,1,0,0,0,0,0,0,636,217.29
3232,9803344bff3d8aecafae3e03261b48592a86bfb1,2,1,0,0,0,0,0,0,636,200.78
3233,19886150121b6081127bf1e581b24d8dcc12f1df,0,7,0,0,120,1,55,16,1670,600.68
3234,c40c6deb65f30897b9967439edef47a5e740c26e,0,2,0,0,5,0,17,4,178,140.16
3235,652febcdab727f39c05d6b5b3c0a6526d254ee0e,0,3,0,0,32,1,18,4,596,273.47
3236,e2a12c9a630d037f3e3aaf42acc873eac86bc9f3,0,3,0,0,23,0,30,7,2294,483.01
3237,4aff07e3e8da9b6f946df605e369f1054e76823a,0,1,0,0,42,7,106,41,298,134.85
3238,92d0b81e99b4889d9a831244ab019ec84fc84408,0,1,0,0,6,0,0,0,46,46.21
3239,7276cd2a563b3159e7bba0c1d74b2ec1b505913e,0,1,0,0,3,0,0,0,633,130.48
3240,f02a228ebb6cf21e4cb41d971a55982fd7e9febd,1,15,0,0,43,13,282,140,3649,1417.4
3241,5af6e92bc1a38d05ec42907123a15776f0c78588,0,1,0,1,0,0,4,0,215,137.11
3242,45307c10e472e7dd42b28310f9adf7afe27bf6d7,0,19,0,2,32,12,17,4,2689,898.02
3243,18fb460179ff48d2c1e65f324799b4315616f14b,0,6,0,1,37,25,25,7,321,336.42
3244,b09fcfb558c6cdb451a76924ea2c14f64282c61b,0,2,0,0,35,16,93,41,8506,1171.47
3245,ecde4ae96f88ed88141a6593e1f935126d6466f3,0,7,0,0,0,120,54,11,1670,551.72
3246,93995c8be3dedc8785ced64939c608ae2433d4af,0,6,0,1,64,2,50,21,2368,618.09
3247,0d143bdc3815c1ac2f7c2b40206c24a935791cab,0,1,0,0,0,3,6,4,210,89.91
3248,825ed4c4054ea089efd2532bf564d1cc5cc1b857,2,3,0,0,2,38,40,13,1007,286.63
3249,80fb8913196eef8e4125544c3138b0c73be267b7,2,2,0,0,8,5,7,2,698,341.98
3250,4b444082fcae9eb8ea60ec160723a0337ead1852,0,2,0,0,11,2,5,3,1607,375.01
3251,84a2235c5590944120bb9319565f5e113b6275a1,2,1,0,0,0,0,0,0,636,187.04
3252,26ec033c89a61fa0bf95b9b66da0842b22ec4c9b,0,1,0,0,21,0,31,6,369,115.19
3253,f82c0c20c5038f54b4a24561c943ca646a272d18,2,1,0,0,0,0,0,0,636,209.73
3254,e0044e0723d8e831ad0f29c6615b5f70e2ee0658,0,3,0,0,28,0,19,3,216,116.92
3255,c156b32b49aeb5943e45a68fc7600c9244afb128,0,7,0,0,99,2,54,28,1485,603.92
3256,d434f6459050fbb1b12875b3015474fed2b6b914,1,2,0,0,0,1,4,2,4002,660.52
3257,7149ab15787a5f26954ece2283944ab78e8694ec,0,1,0,0,0,0,0,0,116,36.66
3258,61763335b6a184e4a0ce6dde8a6e3a5d93af4857,0,1,0,0,10,0,0,0,22,36.74
3259,42f88ca9a105956a2085b75dae681d62dd784cef,0,3,0,1,11,0,3,2,3123,572.53
3260,3633db25fadd39fdcad15d95af1cf69cc6e2429e,0,1,0,0,0,0,0,0,349,549.97
3261,4a0ccd11f56f4e47b76eae4e60668e78bedfc20b,0,2,0,0,11,3,46,21,1543,324.76
3262,5cff43cd7dce37ab2db7743d6357bc607649b69a,0,6,0,0,33,44,133,64,836,513.04
3263,809fcb01457ab7ba09786f237ce558e81c53ee49,0,1,0,0,0,0,0,0,50,25.39
3264,d703c22212845946cd252f5ac6a6bd28484371c1,3,1,0,0,0,0,0,0,636,288.73
3265,bf7810ab64caabc47d4370d04f80c0c1f182426a,0,1,0,0,2,8,5,1,12,79.69
3266,a9489c34bc38affb0e1cebf5768dcea0ab39242b,0,9,0,0,66,13,37,15,219,238.94
3267,35165ea4f337ca70d9d8468be77316eee11f0435,0,1,0,0,3,0,7,0,156,70.9
3268,3e713bcc1f74c90aba1da654b63b85878ab23768,1,2,0,0,1,0,2,0,8259,1104.75
3269,08b0708b42da93a3d576210c4a2e8f6b286b12fa,2,2,0,0,1,0,1,1,1025,284.89
3270,913229c1b2ceb78e65e96533e983a2e1536911af,0,1,0,0,1,0,0,0,102,44.18
3271,950335705cc0946dc3c7b2337102556cc86c0ca8,0,1,0,0,0,0,0,0,63,15.92
3272,154c662dab792bd7a8b617b84b6d5c62237788be,0,10,0,0,17,107,133,34,1710,827.3
3273,9e4803cd373ccf4ba0df484bc4eefad8c0685514,0,2,0,0,5,18,64,19,1159,309.02
3274,b4b79558a848feb86c90d18f18b32bf0e01d6754,0,5,0,0,6,1,6,0,124,111.63
3275,ad62e2ede556558eb5eb0158c5f2fe069234a821,0,9,0,0,41,15,10,6,1138,520.18
3276,05a3d2ab77f11110a357532b1959b4a3bc9798e9,0,25,1,2,90,31,311,123,6169,1772.88
3277,e680842c00c922aef5717300de528716f9721c98,1,10,0,3,50,7,11,2,949,555.8
3278,09e6403bbf65204bcc3002686377a676cc6bf0a9,0,5,0,0,19,2,3,2,379,221.02
3279,b46ed2b67352f5c8e5f2b0a228c7aa1b46679bca,0,1,0,0,0,0,0,0,36,13.96
3280,99226eee7ae754ff128012b16fffe28ec112b159,0,1,0,0,11,0,3,3,392,716.74
3281,31383348c1bd32b7991a20b793a362cca19987e9,0,1,0,0,0,0,0,0,1293,148.09
3282,50360ef447b1f067e6daadab30fbb0d1fbc5428f,2,4,0,0,34,26,147,29,690,458.6
3283,55b28a0a93240270956688ec4bb5a98337bceb00,0,1,0,0,0,22,0,0,337,62.24
3284,bc0138c436add2335d2045b6c7bf86bc6a15cc27,0,3,0,0,71,27,20,6,5645,868.58
3285,b615de25bc2282b158ed7acc67fa0faaa061ff0b,0,1,0,0,21,0,39,16,669,169.32
3286,889c41f1290ddaf19e5d8139c183cb235ed0e65a,0,5,0,0,1,0,21,4,240,167.79
3287,2b9f2f5e2574e6e64ce9496dfe9ff6e085036fb1,0,30,0,12,681,274,1006,249,5080,2431.61
3288,c640a3864f602a17a643494278fe06e2faa8561b,0,17,0,0,0,0,0,0,903,261.97
3289,52308ab6ca14cc7ac7519a561f5b94e91db28087,0,1,0,0,0,0,0,0,156,33.89
3290,c6a09ce30c0e9a1a6cc9eb3be37c1363997823dd,0,1,0,0,34,14,207,68,7778,1023.3
3291,03366392c6f17ae7688ad1646046af4c5b5b6792,3,1,0,0,56,0,15,5,561,309.92
3292,74ac99fa34cc3c29ec76af72596a1a92e75b3d79,0,5,0,0,15,12,25,7,546,255.03
3293,b3214f996c9889035110ba548ea8eddf8390cdce,0,5,0,0,0,0,0,0,561,107.17
3294,b6049bb999d372948d2914b64dfcaf93c184e032,0,0,0,0,0,0,0,0,0,18.92
3295,d267d68b27b853d02039037209eca2bf63e807a1,0,1,0,0,0,0,0,0,106,30.69
3296,cb8cf7364ab86507f74ca0276dd0aeb68ceec2a1,0,1,0,0,0,0,0,0,106,31.21
3297,037559fd74c1a2d3ab6eee094ebce7934f3b9f39,0,2,0,0,16,4,3,2,508,149.04
3298,5818a4a2054bafd78ecbfda0798ece1949d0d25d,0,1,0,0,3,0,0,0,173,53.53
3299,42d7231f5647c566ca4c04991cd23702313f7328,0,3,0,0,2,14,11,5,187,156.16
3300,23f11619ebbf3c9921831984548ec03135868a44,0,4,0,0,7,4,13,0,285,770.49
3301,c567a77c214e1f97fffda8614cb05db581c6e151,0,1,0,0,0,0,0,0,1776,199.93
3302,295cb6612560267b89bd24ecca96bd2e239993ba,0,5,0,0,2,0,6,0,837,199.54
3303,0fa35f932253c0e5302ada69dfb61c7c8a863e89,0,2,0,0,0,0,0,0,233,55.25
3304,a1f9378646d733acfff84b86a384b490b34965bb,0,2,0,0,0,0,0,0,233,58.9
3305,fe5da5601366ff60e6745b035c75c5ec51741559,3,7,0,0,65,65,65,10,595,512.08
3306,40a81e80ccda292b1455bc70eaeba9ce40b2b00d,0,4,0,0,29,0,49,5,4948,1064.12
3307,1253a8db49a313edb325731379b8d15effd2ff01,0,1,0,0,0,0,0,0,1028,140.47
3308,8d3108c41802d7d1766c0d85bc81e895ad348dfb,0,3,0,0,10,0,60,29,5147,716.27
3309,7a35c75bcc5c9dca56e5ea97c0c9d94cf824086b,0,1,0,0,9,0,0,0,156,56.05
3310,4eed1add28dbce2447ed65beedc841572b006b73,0,5,0,0,15,54,38,17,1620,440.56
3311,df3b030ae0937e217fb719e201947c15c3dbb483,0,1,0,0,3,0,0,0,41,39.37
3312,8aaf3bd5b7702b4f92503dbf7ffcccad82633d6d,0,32,0,2,71,67,306,138,17009,2800.68
3313,37cccbc58fdee764743bda6ba2819e94e8d9a83f,0,4,0,0,19,2,53,21,729,291.21
3314,a318d5b00f92dd2130de6a45cc44f268fded2d9c,0,4,0,0,0,0,0,0,748,123.31
3315,c19efd6848c0b47af1604684d9607d148c9ac402,0,2,0,0,34,9,37,7,916,281.03
3316,c577e60d0343288bff599a80592417ba63228637,0,1,0,0,14,0,85,51,1953,297.81
3317,6bd1a502602eed81d69f55c4d1f1ee8d7b534a36,1,6,0,0,127,0,22,2,387,254.97
3318,95929308b43bd741220eeca60896eadb92496510,0,3,0,0,21,5,78,39,7956,1239.99
3319,0d93438a3543cb64cbe2ebcdc21e5b40c1dd86e6,0,1,0,0,1,0,4,2,7822,990.85
3320,bbdba9f442636a6dce2c0aba9b3f133e2e2de496,0,1,0,0,16,0,16,6,731,766.37
3321,cfab025a1199197bbdf3e9a21267022fd40e1649,2,1,0,0,0,0,0,0,636,227.66
3322,1f75e348a90d44bbd6a836ecf7228a092c5ff709,0,16,0,7,1,31,96,14,885,930.87
3323,d66a7347ab97983cc5b9fca6bdabebc81e5a77e5,0,1,0,0,0,0,0,0,444,71.46
3324,93b55886c4629d199bebf8ee0b369d2b3a0cde57,0,1,0,0,0,5,1,0,195,61.72
3325,db8067f96dc57ad78f24b7128b39892682881423,0,16,0,0,31,0,86,20,886,741.66
3326,a00bf4f8765bd87bce20166767cc53747f1801a0,0,1,0,0,0,0,0,0,444,73.23
3327,cbd09253d6178dcd2f5f4043644570769dd52453,0,1,0,0,1,0,30,15,3576,497.89
3328,9d9fa7b1dbf8212f2e523098b808a469499c0f52,0,3,0,0,123,131,392,112,3953,691.09
3329,4157374d1538afa7a36d2484a9e4abd1016a2ef3,2,26,1,1,54,37,76,8,1872,818.77
3330,5afdea966ced7ca8820fc50b8130da07c96ec4b7,0,2,0,0,144,42,93,27,774,290.72
3331,94282dfcfa5038ea5e4cae9b645269b1675064ec,0,4,0,0,4,4,3,0,581,199.73
3332,93c552e883b4108217b78d7e6477dce978356d95,1,14,0,0,228,5,458,152,5277,1418.77
3333,7add1a887bc7b896de9c7bc2f32f6395a735739a,0,1,0,0,1,0,27,8,749,151.15
3334,5b423a87f5b1cd65613b5f61a38186afbe6eda22,0,1,0,0,1,0,2,1,288,114.48
3335,82c037afefc2cfdaef8c17b285c6cde2e72ba6d6,1,26,2,0,37,54,76,8,1872,751.02
3336,2564a92b2921b2cee956cc67a996173b15fcf98e,0,2,0,0,10,8,11,4,168,166.3
3337,14a046b031b4d5faf57c90723c8545fa0cab4321,0,1,0,0,0,2,4,0,468,99.3
3338,175e2863a22b97fa4e465e75e8956dd2183775ac,0,16,0,0,0,31,86,13,886,701.35
3339,441d4c081b8bc4fa0b7d7f65ef34816d005d41b4,1,5,0,0,53,4,26,16,380,314.26
3340,461008464053f75592d737cdc130b7f0c8e4e4c3,1,5,0,0,2,0,0,0,433,707.94
3341,1293f3d389b73eea672805c49270124f44cbd687,0,1,0,0,57,2,41,10,73,124.51
3342,0e6cc50010ba2d9fcef27d44dbed2b80d07c5ffd,0,12,0,1,354,214,49,23,6035,1669.2
3343,9d6aaf88bc10100fe1094f0a9025045fc7bdc6ea,0,2,0,0,2,0,3,2,256,109.23
3344,a9eaa2042eff0e4bbf27ba9ed3afc58fff43e89e,0,1,0,0,0,0,2,1,42,50.86
3345,7368cfda3833bd2e38d644e04bdf4be60253148a,0,1,0,0,0,0,0,0,747,127.45
3346,52e008612c88534c44bee57a8dc8c17bbf534fa6,0,1,0,0,0,0,0,0,340,59.51
3347,4f8de20ace77036a212debaf5aeed0ec7e4b479a,0,1,0,0,3,0,45,12,123,82.72
3348,317612b59a8e03182526977f27c5e6e22aa4d56d,2,13,0,0,119,66,11,3,313,659.54
3349,7a4eca492672ad92eae191eb065e2ad2d7a4f297,0,1,0,0,0,0,0,0,436,147.01
3350,434569f7ae3fbe970c2cd0fed20aeb25101d0336,0,1,0,0,2,0,18,8,530,125.66
3351,95aad54104894ad0a442e7a9aaf3be2e7463781c,0,2,0,0,10,0,0,0,762,507.05
3352,742d4c3fa4b766219179b1d1b99318ee6c81abe9,0,3,0,0,26,4,81,58,2450,427.37
3353,82e797728c78f5fbeeb66a7d94b21296b37ebb40,0,4,0,0,71,5,12,3,869,286.42
3354,6d413db8bb8a26c92daaa9ee76dea99d54250ca9,0,3,0,0,17,18,26,7,275,237.27
3355,a4a41830aa31edc3ad81f93b6c51266b2d542dcb,1,1,0,0,1,0,0,0,62,72.51
3356,66acd26670e417a3b7c7e0abee3e94b71571e0e3,0,1,0,0,1,0,34,22,690,158.33
3357,d3629859a2cdc3f45a83582db1e100cd9f3a482f,0,4,0,0,0,1,3,0,523,114.6
3358,3817bb5363948c74da99c15c65c4935cc7356f08,0,1,1,0,0,0,0,0,63,40.94
3359,9bc8ea2ae25e2ef766604068ac143eeeaa376929,1,0,0,0,0,0,0,0,0,41.68
3360,98f54b0428b91980b0cc401d7cab050aa3350f48,1,1,0,0,53,6,72,6,110,698.58
3361,b6b638a86d33077e42d71ab22ad36d117a79c369,1,0,0,0,0,0,0,0,0,89.57
3362,cd42bd08004da92ab01d4a1b4ec28261ca44238f,0,1,0,0,2,0,11,0,159,73.29
3363,e22aaf6381a607a39bb238e5376ca3928790fc08,0,1,0,0,0,0,0,0,458,65.41
3364,7556361c2a43b47547a9ccdf9f9bec42964a75ae,1,4,1,0,0,0,0,0,3250,510.06
3365,d5fdf143d29344b6728e1489937a87e073aa9894,0,2,0,0,2,20,11,7,330,181.33
3366,9bfd9c33c0b6213d23bc2e2a1b4d97190a6a015f,0,4,0,0,83,0,4,0,1156,287.68
3367,0b38cd03d15ba0f2941c1ca8a64ea69c7ff87a45,0,3,0,0,88,16,48,26,1123,390.67
3368,24d3307be79d35d3a34c49014dfdd597112f9106,0,3,0,0,11,0,0,0,683,160.78
3369,7eb3e018d056182b66b62106aaecb90af93c70f8,0,45,0,2,114,255,312,49,7289,2810.61
3370,2622ab8cacc6a03c71a73a7318250048b3571db6,2,5,0,0,11,0,0,0,230,168.5
3371,40e9bd3c9a32ee46739fe797b755c9412f486a0e,0,3,0,0,6,0,82,46,673,240.55
3372,2243de3b2bc4ef5a12dc869ea2d4b2ec787a6b74,0,1,0,0,0,0,0,0,638,119.27
3373,a96fbdeef442fdeecca74d1c3f8a855b5c9d514b,9,6,2,0,16,64,30,10,5017,1436.43
3374,991bb454b6f08e989425cc97a7d2e17becf9e879,1,1,0,0,0,0,0,0,1967,285.24
3375,244386a4d25f75bd15c64410ec1cb1d914daf3c0,0,1,0,0,2,0,2,2,49,82.88
3376,9c43770203dbc697be815db67ad7af9ae9a007cc,0,2,0,0,60,3,172,61,1362,328.23
3377,17bedcc0016b557228f7ae3be1596ae9cb93ecb8,0,1,0,0,41,0,0,0,40,52.49
3378,9c45f925ebac0c16b1af71aa774cbfce2e65c95a,0,3,0,0,0,0,0,0,78,33.82
3379,ac49574f278d3b23b44c9fde74f89cc885d780cb,0,7,0,0,9,6,11,1,3555,619.27
3380,7cd8e513cb933b55eb094e808e80d0028d36d313,0,6,0,0,16,3,10,3,521,830.18
3381,c2466b5013196f19ff59e80bb66ed5093594a68e,0,6,0,0,16,0,0,0,442,165.49
3382,81ceb0871e6f56a69833f02fe1988004dae6ce76,0,11,0,1,259,66,150,47,3021,1106.23
3383,5c602159136fb5a641694e3e4e24fcd70468ef47,0,3,0,0,2,0,1,0,1397,221.05
3384,dbd89ac4e001f64ef22aa0f955536ac28086b4e8,0,3,0,0,6,12,28,16,699,242.29
3385,4d592303ad0f925c7d0815c003cedd45ab4f0064,0,1,0,0,10,0,52,21,252,102.45
3386,6aa92ee65f81471f1ed3b1b3d93bcd2c7bcb957a,0,5,0,0,49,0,96,18,273,269.44
3387,a80210434df182e410a851c7aa7d8cd5f1de6825,1,0,0,0,0,0,0,0,0,9.12
3388,7ae1d0b736143c3f2abcf972cac087aabfea5331,0,1,0,0,40,4,159,86,3579,532.31
3389,bb157fb8778d60ce6b375012b5699a196c49b2a4,2,7,0,3,93,0,60,18,980,664.18
3390,d4e34e812745b71e7379623d54c00a0216b767da,0,2,0,0,8,0,0,0,781,178.9
3391,34e050b533145cd1a57dca0f5f375072b896d345,0,1,0,0,1,0,5,4,160,94.9
3392,aae9ee6940081e2c6e1ca2c30f2db0a9b52274ef,0,1,0,0,0,0,0,0,442,141.59
3393,0892477ba17cb984d7bde19bb33f915e452b315b,0,1,0,0,0,14,7,2,721,186.57
3394,d0c68b29e3b6c57a5d5606c22f938631915274d9,0,1,0,0,2,0,0,0,21,32.34
3395,9f263fcdc3ecc825d24c0212ae5286d4f6007082,0,13,0,0,149,13,227,71,1461,764.19
3396,0c5df2ff040f3a2a0541e955be12c1f5fba67e7b,0,1,0,0,0,0,0,0,1967,227.71
3397,97802f7d84558eeb7bd473169f562527ab3107f7,0,1,0,0,18,14,94,41,7809,1119.4
3398,5fd11679a6184ec5abdc9be00b328c310ddfe62c,0,10,0,0,30,42,16,6,4563,941.81
3399,7c914de5eecace104f5cd0e72814fbb01aa71969,0,7,0,0,9,16,52,25,2274,507.18
3400,a3ab51601c4cb3a04b3869a60ed0731fcb6f6d9b,0,1,0,0,4,1,12,4,128,704.42
3401,724ef33836b9511de9ae1baf4e3d0a26dd377912,0,1,0,0,0,7,18,4,114,83.15
3402,d8059d8c05442baa1ca3aabf62ac1d05eaccbf65,0,1,0,0,2,0,21,10,1780,274.18
3403,3934c18861072299e83d0749cf64c6411399bdeb,0,1,0,0,0,0,0,0,23,14.85
3404,44279356874cba3b42ca2ae3353f07bceb27dbf8,0,1,0,0,31,6,65,22,124,105.62
3405,71c36445b85688fda6c4e7c4cca72d75bd07425f,0,1,0,0,25,10,17,14,327,135.39
3406,d6db70586291d7bbf213975a16115f245e17bd68,0,2,0,0,22,30,14,3,338,175.73
3407,ed7b70a510890ead5ca954365baedfddd855e814,0,2,0,0,0,22,10,0,338,112.88
3408,c3b0b9bb1946da64768d206619bd5b832e7bb593,0,5,0,0,33,0,77,25,2164,446.49
3409,58fafa2e4e220228ad30d404bca495d4a6e2670b,0,2,0,0,7,0,13,9,519,146.04
3410,e65ecc5836260bd413eec2a8de829cf8a1d1360b,0,1,0,0,2,1,74,28,7826,1038.61
3411,965ffa6b86f5f6c0bf4a10e68c5fa0ec497a2943,1,12,0,0,74,4,60,20,1168,456.99
3412,abe6cd5d4614eb2ae3a78d85196f4d786d5886bd,0,2,0,0,53,45,220,88,776,276.91
3413,37e82baafbdf171757cd07939ee9745e4c3b5adb,0,5,0,0,27,0,198,135,1455,442.33
3414,524cd7948d8c2b16a057e52608deeaa5fb9fa4ac,0,1,0,0,5,0,3,0,1293,195.11
3415,15012469afb8e0c0354b82c972f058ed3cd0d221,0,2,6,0,0,0,0,0,2341,411.86
3416,03c62cec17f55146de3e6dfabdeecaa7deee02f7,0,1,0,0,2,3,13,1,344,126.17
3417,3f8b0ef87dfb374038c7170dc8f94c52974872ca,0,4,0,0,20,0,7,4,488,189.77
3418,49d8414d0e0f220a8924120c75a4013b942a4612,0,1,0,0,0,0,0,0,63,16.15
3419,b98a30b1b9172fdc5a74fc272393c5eec4344c74,0,1,0,0,3,24,33,0,69,83.01
3420,7931f5c9a5c0167d7b8ff914689c92f47aadfab8,0,1,0,0,13,0,33,16,525,782.49
3421,da040ba059db9fd60b9e77094792c87f7073c8e5,0,2,0,0,3,5,12,3,246,126.69
3422,e2dd54ab180b577b08cf6b0e69310ac81fc99fd3,0,4,0,1,97,46,41,11,974,415.12
3423,d81c41c4f54160376c2a1b5186d5ceb7ef29a770,0,1,0,0,1,0,17,12,55,82.4
3424,e09e14a484150947a4286276b2855293be6fb2fa,0,4,0,1,24,4,9,3,668,278.76
3425,8b0f753c9c63f0a913d4bf3bb2e9b2a7873fe7fc,0,2,0,0,57,1,12,2,459,208.68
3426,1ff7f9efc6f95c079f82ce50e32706040977783f,0,2,0,0,237,0,8,3,465,267.32
3427,0e1bb6091944e70445b73862286818d437e848d3,0,1,0,0,7,0,51,10,263,115.04
3428,5f78f9ef1e6c798849d34cc66721e6c1d9709b6f,0,2,0,0,64,9,48,20,1684,407.92
3429,47f796eeb6de8fbff6c82f61060caeac3a7486e6,2,2,0,1,9,0,0,0,176,274.03
3430,11020ae562aba4c4097556f2e06c6783d211c041,0,30,0,0,4,0,0,0,2370,906.1
3431,6d19df3aceb26e182d9e0340ab6df44665c042f6,3,8,0,2,263,114,198,67,3562,1145.51
3432,ebd294a94c797fa01af5523f95830e465fea57b4,0,5,0,1,66,67,84,35,3330,841.12
3433,b6f48cb915b7e691b77cc4f328b9a32a082aa052,0,9,0,0,88,94,73,19,936,572.17
3434,f790591590478701699b34c46ce83c23bd065361,0,1,0,0,5,0,10,4,1171,223.64
3435,4f097fd2a7bdee68b37453b3a37b737736666b9f,0,6,0,0,46,0,23,8,1190,387.48
3436,74caa2d42c0ac518a1db467f5d3347db752e7540,0,2,0,0,0,2,17,3,1746,302.86
3437,4a0784a50316beae970d74a062014dec44a0dd0f,0,2,0,0,3,0,2,0,1042,186.94
3438,d373962de475ea9f3ef7b2594fbc5d8488636af0,1,3,0,0,47,15,36,10,530,326.19
3439,749b286867f314813de501efe9dca9d3c92fd219,1,5,0,0,7,0,67,24,832,397.28
3440,368f331652270327ca4175db1dd0b8440e70d2f1,0,1,0,0,17,0,42,16,840,753.9
3441,7788968ce7baced7b6cbd575317d7413fc75d143,0,3,0,1,10,12,81,44,406,232.7
3442,102b23b16bf26cbf439009b4b95542490a082710,3,12,1,0,164,89,36,22,3026,864.12
3443,6ea5c0956972eb4582d9318d9866b441a92f7aab,0,2,0,0,28,0,48,23,2052,402.33
3444,3e580a7db9fcee10c5b1e23d1eaf8a88ded8024a,0,1,0,0,0,0,0,0,207,38.62
3445,ac4b4fcd70fd3ef7d3d29db994cc94715290910b,0,2,0,0,8,0,8,1,123,128.14
3446,9604e08cd71d5fe81bb2b9dcc18f1b8349d916db,0,1,0,0,0,0,0,0,130,48.94
3447,d69e5cb21c04d9eede314aaa9ad059fc603fb025,1,7,0,0,58,27,38,16,1557,590.81
3448,994d98c0963ee48c2abbfee6f389d75c0223c8f1,51,0,0,0,0,0,0,0,0,1802.76
3449,b5fb31cde21887dea893b0bd410a6f49f80acb13,1,1,0,0,0,0,0,0,1971,350.27
3450,052643cb8d1fa3811cbc0e1f56b0cd10ca419b8d,26,0,0,0,0,0,0,0,0,1677.8
3451,f755652ff053c57373a4c072d4c93cf9b7169e01,0,2,0,0,0,0,0,0,330,69.39
3452,20034d3ef223c249aa72ffa315238af6c7157afd,0,6,0,0,47,33,16,4,1333,385.1
3453,1a1c0d817da036025f1c3b953af7b52403c048ba,0,4,0,0,38,2,140,65,2825,577.22
3454,7ba48e9d39873dfdc268d08f20debd282b94d269,0,5,0,0,17,0,28,15,900,229.46
3455,023c06c17d7e03ba0458ed2bac6b475102150d77,0,1,0,0,8,0,15,4,315,102.49
3456,470d9c8ab20d2c3e4f57883ac4e3e72d34483ba8,0,1,0,0,2,0,3,0,1782,250.49
3457,c20b0866824ff5ae7ce8ca0e2ae236a5af908917,2,9,0,0,50,11,23,8,965,522.46
3458,42c0580e33e6d31535f9f989955866b3faf13e65,0,2,0,0,0,0,0,0,2184,320.07
3459,729620f5e51b41c1843f268e3f43737fb3ae7c55,1,5,0,0,28,10,29,6,527,355.38
3460,196a6829136eb334aba00db3fba618416b4133fc,0,3,0,0,1,1,0,0,1398,817.52
3461,a250582f11204def2523876b812f8996c5174d93,0,3,0,0,0,0,0,0,895,128.36
3462,6f088183a48e8648df17670c69c26d5cb25c6dc2,0,0,1,0,0,0,0,0,0,26.76
3463,b963769d46f714bc69470faf1471f3c80124cd43,1,1,0,0,7,0,13,5,1971,334.72
3464,63b31c991350eb791a80ca34964d87d6e7de6ea2,0,2,0,0,12,15,0,0,66,70.7
3465,10dc20fb9091f30994c2b0093b2c75562411a7a1,0,1,0,0,14,21,67,22,367,128.67
3466,02e762f94762f0f2dcd71cd59a4d36f19522606e,0,4,0,0,12,2,12,6,2325,469.8
3467,1280ccaeed2912d20a92df4fa609c8aa5b79f35d,1,4,0,0,59,110,60,35,812,740.93
3468,527497cc85144013ca0bb44fb3aa1fba9de8e052,0,3,0,0,0,1,3,0,827,145.91
3469,f6ea8cb6fd74c8ccef2b712c0e6da76c30266f53,2,10,0,0,131,9,85,42,8862,1619.56
3470,f664789737d516ac664462732664121acc111a1e,0,2,0,0,11,4,11,6,125,175.1
3471,68eab64859de0a484de97a5645e54e809d1a6e68,0,1,0,0,0,43,5,2,563,160.86
3472,4014b4269037d98de39d369d302f704bbdb9f474,0,3,0,0,53,3,70,19,393,264.52
3473,08595ffa33d4985b43249be9b7c5a081cece2e6a,1,3,0,0,263,62,667,159,5715,1093.41
3474,8207489451debe98051898df6b1ec0833fc80bb3,0,1,0,0,241,155,1,1,16,139.24
3475,eccfdf0ed7f1847ba1c0e3ad5aee0f2a6c9857c8,0,4,0,0,70,0,13,7,1428,459.11
3476,4d984bded32b23fd1a6306dfdd6d9b458bdf400d,0,2,0,0,102,8,139,51,890,237.96
3477,e6ea691d34b1ee12c335a2023849c5c445bfb660,0,1,0,0,7,86,137,56,843,188.78
3478,3b8fdc1dc7228fbd9107ee003d9dbe9e2dfb8692,0,2,0,0,15,1,40,12,1421,381.06
3479,ad1cb15a8e35ebc1631996ffda7b4302276483bc,0,1,0,0,4,0,2,2,642,157.83
3480,5363af9aa1d98f82bdef4861b533314dc19a77d0,0,8,0,0,156,32,266,102,3444,1558.61
3481,66feedc5569de959a383e0a58d9e8768bbad0e2c,2,27,0,2,239,92,704,249,15177,4168.97
3482,3301b92bcb2a1f779e76d174cd9ac6d83fc66938,0,3,0,0,29,9,22,0,196,225.9
3483,2620ebbc6722a31d40f8f0d1267a9e21cbe19470,0,1,0,0,3,0,0,0,15,41.41
3484,838da8cb41b6b32b19b0ae8b793d5b7d4e6f613c,0,2,0,0,76,0,54,35,808,244.35
3485,30aa15556f85b08b4dd8c072bbf3b6ba792459fd,0,2,0,0,0,0,0,0,668,146.38
3486,0ac8f6c485f84c2d306ef8cac97d5ea8b542477d,0,4,0,0,25,10,5,2,1488,584.36
3487,21aecbcfff21d33f1785221be73f880d728632fa,0,1,0,0,1,0,4,1,3637,700.35
3488,46c76d6b8e1fb323d1f8ac75061b6fd3bb747d6d,0,4,0,1,95,82,4,0,2079,632.1
3489,6e0d4809baed42e25a46373f0a01a3ef421337ad,0,1,0,0,1,0,0,0,156,52.2
3490,8662d9dae3da1cdbec3ac8c2c4f7d9f12ae5f1f0,0,1,0,0,4,0,0,0,154,67.91
3491,c48bed2e95a60e347b2450c92cfe3581024ea94b,0,1,0,0,0,0,0,0,173,47.26
3492,aef30caefd17d4f4979e6c189ea29bd7a5c7f714,1,12,0,0,105,4,96,42,2044,1040.7
3493,e61a1a9412ea15da72fb7645112f7f7572688ece,0,6,0,0,1,0,0,0,254,83.83
3494,e2ee458d8ef417785f1e9ebfca303a9d15fee8a8,0,1,0,0,12,25,88,61,2174,452.75
3495,854950b2a0ce5b3885b2be0e7359f04b483f687c,0,1,0,0,2,0,0,0,15,32.37
3496,c644f29ffddb93afaab16c442c664c202b2583a8,0,2,0,0,68,21,13,3,328,232.21
3497,31521adfb87b19ff326d0db1d54bdb26756c3d1b,0,2,0,0,20,1,5,1,395,264.68
3498,2b1f03e33d2bbfc6916e80caff963475c2740f82,0,1,0,1,0,0,0,0,255,114.84
3499,7b17df1501a76544a750f36a7afa871038f40109,0,4,0,1,20,3,49,15,234,368.32
3500,941610f2a343273d448e5344ee759c3cc7032863,0,8,0,3,129,2,30,3,1246,1125.47
3501,3a05dd6f8e90c14484f267375593901b0445edce,0,4,0,0,3,8,2,0,995,323.74
3502,0ad4f717a7c06bd7bbd90d4b3e861ba1e25d14b7,1,1,0,0,65,10,2,0,9,126.36
3503,09448652d254b211eb81efbf163936df591e18b6,0,4,0,0,16,79,15,4,1126,499.2
3504,fb7ba8bdeebdc53d584538b8936941764b5d9a7d,0,1,0,0,0,0,0,0,153,45.18
3505,57242e3430decfc9984230e3bf9d26f0304855d6,0,5,0,1,44,5,125,53,8515,1648.31
3506,990416249833e722ca8a32dd9dd425883da0caaf,0,2,0,0,39,0,16,2,455,246.7
3507,04d54f61c9f56906160936751e772080c079498c,3,19,0,0,449,191,448,163,4338,2125.98
3508,72f97fc7760134465333983fc40766e9e864e643,0,1,0,0,2,1,3,1,262,120.58
3509,2240dbd6dfddf3f14fb1538bb765833b3fdea898,0,8,0,1,81,3,44,22,2130,768.89
3510,c53c6f45988db869d56abe3b1d831ff775f4fa73,4,9,0,0,1364,131,1019,293,12384,3857.06
3511,a310524c48f54cb3071395e11fd97538816261d8,0,6,0,0,499,46,712,216,14626,3387.33
3512,e57c3602b831340519d5d004cf4119da2f3e7ef8,2,25,0,2,113,16,86,30,12395,2883.29
3513,cb3702164b027c646dca9ebbf01daeee0dab0d65,0,2,0,0,1,0,7,4,48,115.33
3514,7c5ab92278da66c8fe0eb9bc5c53f74e5b91ac90,0,3,0,0,9,29,15,1,692,297.27
3515,393d690bb2e61331f65cf1de4826c0248911740c,0,1,0,0,1,0,1,0,857,148.31
3516,2773b9d9fc9a1b16fcf22b4a976348fe591c6168,0,3,0,0,81,1,27,9,764,396.21
3517,5acf458c449bd2464076c243150760797ae57092,0,2,0,0,29,30,62,7,2275,401.32
3518,92e98858e742bbb669ccbf790a71a618c581df21,0,6,0,0,40,1,43,16,1833,572.58
3519,e2121311c7debf7733a415e272f9582ef7445010,9,8,0,5,388,29,241,112,2708,1786.63
3520,c2dc452ece2d625a974a189d64cc42784597c5f6,0,2,0,0,36,0,0,0,817,728.34
3521,8dcead4ea1c1c6bb08eace1d8969694f8bff6ac7,0,5,0,0,22,2,101,24,3607,746.38
3522,e28043fb4753b26daaa8a01da61ceda04b970645,0,2,0,0,105,17,18,7,725,284.85
3523,65396f04fec331bd6ec8227e864f2600f0f7e925,0,3,0,0,17,19,29,16,2194,444.22
3524,70b56e372d1bf792a5b13c217e0004785a84a10f,0,1,0,0,2,0,95,24,928,175.43
3525,c178a6e9d12055e5bde634123ca58f243ae39477,3,13,0,0,250,531,178,42,5013,2002.96
3526,0bd51acac13c3e605d9efbeae5192dde33b237e7,0,6,0,0,45,7,98,46,1758,657.67
3527,9ae70cb4d11dae6cea45c29b0e87dc5da1e5555c,13,2,13,0,15,0,28,15,1068,1430.58
3528,bfe859169ace54c050a88a8424a209fd4e735aa0,0,1,0,0,22,1,49,20,134,167.56
3529,4ee17e53c194501d8eaca07c3039379b56d86d26,0,1,0,0,68,44,131,27,1014,235.86
3530,7df9d7a93c7e2dce3fe81213a61fe21d11a7bdb9,0,1,0,0,18,7,86,47,3631,565.37
3531,7e7f461b0ba86e40224564e0ad1e320c4f6d62b3,0,2,0,0,158,0,2,2,1451,493.23
3532,537114b964c71b7a5cd00c9938eadc6d0cf76536,0,3,0,0,26,0,3,0,636,280.5
3533,724b31930718eea606dfe6d95eda7385209caa5f,2,3,0,0,1,46,26,9,315,755.76
3534,0fa45e4a562fc2586b1ef06a88e9c186a0835316,0,2,0,0,684,118,23,12,48,399.56
3535,2910b2a5f672d3d6133166ead4901755e39f5077,0,1,0,0,75,0,7,2,19,155.63
3536,5bb2506f8e8e448748379682bc8d8f986244cc6b,0,3,0,0,0,0,0,0,873,231.86
3537,8398fbf3dd0937a0a4a3d540977a95f97425f566,0,5,0,0,8,4,10,6,1454,530.54
3538,9adc385f73a51c79b2b7bc31fc87c47bf625fd1c,2,13,0,0,76,0,114,51,2680,1150.18
3539,f33e1537292d7f1b1f486d7b31c6485b27ce623e,0,1,0,0,19,5,16,6,164,150.56
3540,1a75644d68c8c61fbafb4058fe45b7823492491c,0,6,0,0,323,1,165,32,1469,1285.07
3541,96f5914461e5782a952ec62a3d0bf16037b8cfda,0,1,0,0,10,0,39,15,1082,296.08
3542,b91bf072bf17e6f069b8667fd79f58718d7a62ba,0,1,0,0,10,0,4,0,158,110.05
3543,a0fdf00fe9e384d1a88fd415cc9ebd972faebea6,0,2,0,0,17,0,25,5,7953,1439.82
3544,3fe7e442052b4822bf5311ec2dc8e31a34ee6950,0,1,0,0,0,0,0,0,636,146.99
3545,09e330d27883ef08e6f66faabd205f527ed6f194,0,1,0,0,21,0,84,52,2188,367.88
3546,69c231786a337945fba3e92811d5fc397d364e4d,0,2,0,0,23,13,148,62,2013,479.22
3547,dc4777ce56f99a7afd96b4b0df9085266604254e,0,5,0,0,260,139,148,84,2748,867.18
3548,aaa34539af3d087625fbfcb31e566124f0670fc5,1,0,0,0,0,0,0,0,0,56.05
3549,3e68cdc9962cacab59ee891fcca6a736ad10d37d,0,1,0,0,3,0,7,2,98,87.12
3550,7536edec1dc39028fca7d53f1a09aa56f9531682,1,2,0,0,6,1,6,3,1026,401.86
3551,6df52edc5ec7dea80b271897128d5037d2d90ef0,0,2,0,0,47,0,3,0,9837,1507.05
3552,bddbd1da0c570a4c03f80b695b940a181787c5ca,0,1,0,0,314,0,0,0,26,98.93
3553,538ae7036f2fe21e47e384523d48392d383e95e8,0,3,0,1,6,0,27,13,623,299.75
3554,2de6fda0f81072a6ad1af103f2ddec49b73f4eab,1,1,0,0,3,0,0,0,1355,252.0
3555,7f3e4811ee0293e4b3889984dc7d790415532307,0,6,0,0,107,30,247,73,1881,905.82
3556,70631bb4cff0c0cbd7055e843e091bfd4fae8e4e,0,1,0,0,0,0,11,3,758,178.35
3557,7796dd671a0c28cbcf2f1fc51b01fcd99ed49561,0,4,0,0,87,0,633,150,1116,415.82
3558,cfe9e484f8624b590a728d758099c1fd5d069672,0,1,0,0,1,0,14,2,318,97.3
3559,ca78f21242df93d14d5c118b6cdde9ea83ec8410,0,3,0,0,5,0,13,2,978,260.66
3560,742d1f50067444e85a0bad519013b779ca328601,15,35,4,2,137,897,418,167,8560,3535.42
3561,2ee30c4859cd3427f0c74af536657d149cbad361,0,1,0,0,3,0,11,1,504,120.39
3562,b98a60df2f3779acf82d94965d11ed951b618fad,2,5,0,0,106,33,70,23,3673,829.42
3563,ccd754b38e989ae86340f2266148d72e97f5c4c6,2,12,0,0,86,103,127,34,2877,748.13
3564,0140df748f6714cc327132f008a13f6af5e41397,0,2,0,0,0,0,0,0,136,36.65
3565,5b67f35232cf9f9323e999fbbaac0a8ddffc6954,1,2,0,0,18,0,13,6,574,286.61
3566,139101d6cf3be23d9ec8a88a9a75b5969434607b,2,5,0,0,22,49,16,12,834,435.69
3567,433ea9cda59a986689cf99953826512e4ff07e4d,0,2,0,0,16,0,55,36,1093,250.28
3568,a3b1ef093b1d816af9dbe98fa0de9c70ff6ac25b,0,4,0,0,81,2,38,15,689,387.1
3569,b8f1ae110616a8fe162f79140c785f76be76fc67,0,1,0,0,0,0,0,0,548,104.64
3570,c93d6c77e31e2eb9b40f5167ab3491d44eae351a,6,14,1,0,81,54,175,44,7109,1967.45
3571,e8b2c605a05d06c1bfcd4c6bc611bc7f83306b38,0,4,0,0,101,8,39,13,2095,616.35
3572,2ccd061691cd52ed9fa341b61590edb2c022b031,0,1,0,0,7,20,28,17,1968,352.91
3573,fe1efe520b807f24085d87fea8fc1c5ee0c9e44c,0,1,0,0,0,0,0,0,270,52.43
3574,e8329ee0068dbfe2ca92399d0109f308d6cf7541,0,1,0,0,0,27,7,1,141,101.25
3575,f4acb44f67b64e85f53de6d8503ef2ae6e0fa524,5,2,0,0,54,22,0,0,653,404.96
3576,e2d148ba83a81fb03303bd3120b693759a2cd0ff,0,4,0,0,105,0,54,24,333,279.04
3577,e0594099c2ea1652e49ff041c6dfb569f47a5912,0,3,0,0,0,0,0,0,113,35.31
3578,94f9759485973a6c9a6250430ad45957341fb29b,2,7,2,0,27,40,90,28,3548,1032.3
3579,3b6825b5b61e943e8e41743f5cbf6d640e0ebdf5,0,11,0,0,127,7,145,47,4111,1037.44
3580,5edbf31a755668b213c2a21fb8a4a2e902e081f6,0,1,0,0,0,0,0,0,129,556.46
3581,0012864b8d370f948ac2cb875e4264100390d1d4,0,2,0,0,0,0,0,0,791,145.44
3582,c3c2bdacdbfbcad5a92959e05313c6ff677af89c,0,1,0,0,8,0,0,0,115,52.5
3583,2688b6800f203ff5fd4b283e462594e9b4279975,0,4,0,0,39,2,14,1,295,186.69
3584,f8b02610d745e63e3d596d7532e84e49eedbd62e,0,1,0,0,19,0,8,4,323,112.66
3585,80f6184d301d94b5c203f45d0d849ea4bea054fb,0,5,0,0,31,20,0,0,1072,284.98
3586,ab03dc97b53ac6138de1be68fcb2f8b15aef400f,0,1,0,0,14,0,0,0,116,46.09
3587,da95f6336acf9ab6a660f17c2a7555587f903038,2,9,0,0,224,13,139,41,2416,838.2
3588,87930e2debaa795cc7e94f125065da567cde85b9,0,1,0,0,0,0,2,2,258,86.09
3589,0e656f926cc5bb1b4ee7cc3b9d6e48b2fdfd12e4,5,5,1,0,9,243,21,3,432,630.1
3590,bc2927b84155f5395aca9655634ac527a382f659,0,3,0,0,5,32,54,1,690,251.77
3591,e3664e2899456ed926b028ceba8167c6775eb85d,0,2,0,0,2,12,10,2,878,284.95
3592,a16267491978a35f4dd0478405b88a74725050a5,0,12,0,0,49,0,123,61,1442,314.72
3593,b4a6ac921e0a283107d9e852116d76ba097ccee5,1,1,0,0,3,0,37,24,211,133.21
3594,5e16d53e98e44567bbfa1b291f8a927a3e3e4b9b,2,6,0,0,1653,39,364,128,13292,3398.07
3595,0e54991d897c9acc26b015b6df82b44c0c90c6fb,0,5,0,0,55,51,29,5,1069,517.62
3596,1f5c745cd0347321b0462e6a1a9d4b6ebf17599d,0,2,0,0,5,0,0,0,233,73.99
3597,4d66206d89f57849f08ff1d4fc7e3a48f61b6275,0,1,0,0,36,22,8,4,156,120.07
3598,3e63fc42054e64455d90ca74cb6ebe30ea0d40ae,0,1,0,0,1,3,0,0,21,48.66
3599,037fb02a8edc1266d0beb02eee1fb90737fc1ef7,0,3,0,1,2,3,0,0,157,96.96
3600,3d088de024ee277e9bb1d650ffef71c300266e7f,3,3,0,0,26,15,45,14,1346,1062.27
3601,b247cac4fc3814e422d4f5d5aad96a1c6e385a7b,0,3,0,0,48,0,25,19,614,315.54
3602,d147a79c13a9fdde83372c740167236eb80962de,0,3,0,0,66,71,117,50,740,316.43
3603,9e85bbf2780510edda79c247248da57619530577,0,1,0,0,46,0,51,20,930,180.61
3604,b6d1143aa7aaa20de035898f34df2d6b581895b6,0,1,0,0,14,0,34,10,163,102.59
3605,ce2581680f1c109ea0a43868e0345a15b06b41c8,0,6,0,0,18,0,35,13,1245,220.74
3606,2ef40ca66ab0b9fbcf9bca5e6b8c5d7bd6d580c6,0,1,0,0,0,4,29,8,173,92.16
3607,fbbb7cf1fa5691037243a6db3993f294ffb00eeb,0,2,0,0,133,92,163,62,4793,838.15
3608,ed4517cfb14b90d03f3cf33d653827bec90bcb98,0,2,0,0,47,0,31,6,940,255.22
3609,97bf32a12f754d83a362aaa4048a6612d299a386,0,12,0,0,46,25,163,47,4353,1430.09
3610,4f60c026f25c793a456f16e6220835e6c9613787,0,1,0,0,0,0,0,0,358,60.4
3611,22fa9216d4e32d7681d3c1be8cbedc8c7999e56d,0,2,0,0,138,31,75,26,354,174.81
3612,78e701590f1cb8b8b07a4871280a31f7c3d35034,0,1,0,0,0,21,35,16,127,91.37
3613,f351da54dcb58b25ae245f2d37e9681297469bf6,0,5,0,0,25,6,8,2,949,353.34
3614,8f930e588efd6ec937b9ad20fcf09030ae210ec3,0,2,0,0,19,0,0,0,67,80.43
3615,f530f44d1d95c2da2485d53f0855f8f8e0646005,0,2,0,0,107,51,45,14,1834,435.98
3616,bb4f5e702b11720ca54e43ba4a6c3aff099b0f4c,0,1,0,0,2,0,133,50,7868,988.91
3617,8b0ededf574ff33c7fe4a952aad42ece1467237d,0,4,0,0,149,30,112,31,3456,743.31
3618,3ff3c6f19ab82390f44c88cde5afea32a0299986,0,1,0,0,4,2,19,4,863,179.06
3619,5a1957fc61da4d5e32c46e8e38bdf596eaeef8a3,0,1,0,0,9,8,19,2,1304,240.39
3620,492c8b1d88ffcb68ba4f77a3a49ae8fc768cdd7c,0,1,0,0,7,3,16,5,71,618.12
3621,c40382d4c3bd3f0b0c0f1b09affb7d03198f47ba,0,4,0,1,25,4,7,0,2268,416.11
3622,5f3818cc49d3f05d0c265f9974299bf3e9f52e10,0,10,0,0,59,20,82,21,2852,705.75
3623,730a40401c81e18fe773ac41012125184f776a04,0,3,0,0,43,8,35,6,2008,453.64
3624,848b9770acb5cf47dd1f7307c88a1f80490fcf76,0,2,0,0,6,51,64,15,1061,294.55
3625,757553e64280088bb2fc1546ac1259a519d064a6,1,0,0,0,0,0,0,0,0,45.07
3626,8bed378eac538a1bf1f4599b50929abedc735891,0,2,0,2,4,0,0,0,164,230.93
3627,7aec2726dc10c036941bc204020e199885550427,0,1,0,0,1,0,61,22,7870,1052.5
3628,7b1ed3d3037860e2b7fc24b760a993f5e928b816,2,12,0,1,164,394,450,97,5483,1600.32
3629,76828e0ade2e55d30b0680c7312737a8212a158f,0,2,0,0,4,0,10,3,1067,257.71
3630,b90a2ae5dfb3371bcf1a8ff5f683d8fdd5dbe0ee,0,3,0,0,26,25,28,18,1347,475.09
3631,2d3316b9154cb175b6db15f2ec4551d2d54397d6,0,2,0,0,18,3,83,25,1114,282.65
3632,7281a46062bd4a6dea0c4ef80930246fad16bdea,1,14,0,1,14,0,20,10,434,389.26
3633,13a5f26909a6edface9321fe102e73e0e68ebcaf,0,4,0,0,126,31,19,11,336,311.2
3634,89f51092300b07e8cfadef4ad9baccaf43bd1587,0,6,0,0,64,9,70,22,2152,517.03
3635,7a71e50d456070272d802eedb4a8468a4a1ab4af,0,1,0,0,25,4,25,14,854,194.9
3636,d94c0f65d85d1a0c6b31a75ecf1d1b805d823a32,0,1,0,0,6,0,0,0,70,44.74
3637,5c39d0772da89eb3692cfb012831f2884d811f6f,0,1,0,0,0,3,2,0,648,159.1
3638,6380de2bcaf300d24d55fcc86c23fc2fd6bf68c3,0,3,0,0,0,0,0,0,839,157.74
3639,9b11caff8b61697c88caa1ed5606c665624f3290,2,1,0,0,0,0,0,0,444,296.49
3640,70144073466fb72b5903ede37d65b159d44a367a,0,1,0,0,7,0,1,1,130,606.96
3641,b4be31f4aa497cd09dd1e513eabe951044a7ff73,0,6,0,0,16,25,154,51,2643,666.11
3642,594e25a230d8fabb7ae4e87faf3ceda689ef657e,0,1,0,0,0,11,63,25,661,151.16
3643,9fe8802cb83e05c0392b11b8dcfe354fecfda786,0,2,0,0,5,10,63,30,614,187.94
3644,61ca07d5bb685b14216b882332d00222ed1ef494,0,3,0,0,0,15,47,13,1731,328.4
3645,da248181d56df8eba69135a61e9b079f924361c9,0,1,0,0,0,0,0,0,141,27.12
3646,f0fb9901b369afdf5a914d814b6effda4e545017,0,1,0,0,0,0,0,0,645,97.51
3647,8bcd07d18d7791745b54b1775bbf54e26c23aeea,0,1,0,0,1,0,2,2,231,107.48
3648,da0be3db7741e59813adcc197dc545b57dcc3c0a,0,6,0,2,7,6,46,26,1304,443.83
3649,07ca81202c9b0138d562fa863cbd60073789bf12,0,1,0,0,3,0,21,0,263,82.7
3650,d6f91e1b7ada2b32ae593b4ce4602bd49aeb3983,0,1,0,0,12,1,20,10,406,151.66
3651,980491821e6c33d595e8a0e3abcfbc6c207aa436,1,7,0,0,81,0,57,30,599,464.32
3652,cabd4810568e00f91b8f53f8d966d9d799897dbf,1,1,0,0,0,0,0,0,348,103.3
3653,bc62a46d1a19f343fc74319c52f14a812f3c70fb,0,1,0,0,3,0,0,0,388,79.9
3654,ba0b33c1025625b92bd669da60d2789f315e27f7,0,10,0,0,115,65,65,18,10946,1699.83
3655,03f46b2f2eb0235e9a2079079e6d643e8cf7c89e,0,1,0,0,7,0,7,4,241,107.69
3656,c7de9b9f5f627c3f3eef25ca783e88ccd7fa3ff6,0,1,0,0,0,0,0,0,137,31.32
3657,6e3b173684f44245c15df64940862f00f6075460,0,2,0,0,0,9,0,0,1302,255.27
3658,b934a804a75b7e01cf5ff043db4cc54c82d91641,0,1,0,0,1,0,3,2,248,107.82
3659,4a91efc3c4b0d05b8f333049e0b0e0c1a5517bc3,0,1,0,0,1,2,13,5,132,110.32
3660,0463b7ad8de52cd3f11d2340d471610796397be1,0,1,0,0,2,0,43,30,332,644.88
3661,8da2ed304891dc8483fe3d78eda4c9f70c54ae18,0,2,0,0,31,19,53,21,698,246.13
3662,92ae3af4adf7564fb4fabcccfbb5d19b321a09fe,0,1,0,0,2,0,14,4,162,91.48
3663,68d6cfda78b3ec6b42cf0d42df62aa1f2716d414,5,5,0,0,22,6,91,53,3597,970.13
3664,f08a0330bc98fbf80b878fd931f74df5e724a5cf,0,1,0,0,0,2,4,0,157,79.43
3665,cc78dd5d8ce1e5a77ecf9f65b9bd19cccf158ac3,0,1,0,0,30,0,34,19,260,109.81
3666,2186159209db49f2aeab06be7c38203fbbb5550c,1,21,1,0,142,130,280,99,6907,2074.32
3667,262bae6b1e93abba6947e31785e6174b072904dc,1,1,1,0,1,0,6,4,272,194.52
3668,4ff5b258c93a1996f320cab19c58465a2aab38bc,1,1,0,0,1,0,0,0,129,74.96
3669,91c46a44dd9fbb68d01f22e93c4ce0931a4598e0,0,1,0,0,1,0,1,0,96,215.53
3670,514ab795ffd03a72803f878eac57e3cf82b80045,0,1,0,0,0,0,0,0,26,19.38
3671,4c17ecfda525f2f65a29dab40563c50267e46eba,0,1,0,0,0,0,0,0,444,159.7
3672,06790789bddb35f60706071d8d3682d434fa05dd,1,15,0,0,236,2,113,28,3152,1312.34
3673,072c5a0bce78cde0124d98a1243392cdee2f2f3e,0,4,0,0,29,30,45,19,1203,370.64
3674,7cfe3743ff583386653bdd32c79f2c44ffe734ba,3,4,0,0,159,0,117,60,2351,693.19
3675,3eefcb54f21222e5f3d3a1d097497a7e82429572,2,1,0,0,4,0,5,2,301,178.29
3676,cdc65dc7c6a0c725054839269a9c04ba02da0f5f,0,2,0,0,17,17,10,1,759,319.25
3677,7fb8d68c76434b046d5963e5b176bd1e111cb805,0,1,0,0,0,0,0,0,83,28.85
3678,185795696fda8c587d9994ca3f16cbac699832ea,0,2,0,0,0,0,0,0,1401,259.13
3679,6c2d71cb43b2138a8740a28863b30cfc16973424,0,1,0,0,17,0,8,4,81,103.22
3680,95bfd92b6778827189fceb2ad580e252dacf41af,0,1,0,0,1,0,0,0,136,594.75
3681,24988f77f2898bbcd91f5665b865bcc251e3cade,0,7,0,0,185,109,173,86,12694,2259.97
3682,abe622be4e82781ea831da3d01c093cdf532c93d,0,1,0,0,10,4,14,1,292,147.91
3683,1cb307336c32104f00351a7aa1282c3fdc7f12d0,0,3,0,0,6,0,0,0,225,116.92
3684,917af5f1bcae3a4005b7f4a92b8da3e94605b0a0,0,1,0,0,36,0,57,24,1033,240.62
3685,a4c43f0335b33a75d2e9f3dc53b3cd33f8f115cf,0,3,0,0,94,33,18,7,752,248.66
3686,a5ffa71908f5f15c5acaef476ad557d98583f2fa,0,2,0,0,5,0,12,8,601,191.22
3687,6a8d7e4cd55e5317aeb5a71005e5c98e09b22cc2,1,9,0,0,9,0,3,3,659,322.24
3688,cdaf356740195cde6f5b6bfdade2f614e1c618d3,0,1,0,0,23,0,209,18,326,151.33
3689,99fa337b0b146be984fc49d52ecb1a3494164082,0,1,0,0,2,0,30,20,894,172.69
3690,1f08789395db979c1ca298fbaf7a46abfb7d4e1f,0,1,0,0,7,0,26,13,216,102.43
3691,265e42c5f45f7c160861132bbfa6ab78a85830e9,0,1,0,0,0,0,0,0,63,26.97
3692,8c8cc19fd4b2ddfc616905a021fd0588878ab121,0,1,0,0,4,3,2,0,642,180.77
3693,064e37c460d1c464431f740e480a6f08353d69e6,0,2,0,0,88,0,0,0,1762,265.83
3694,b36cb37963eb7f69621543f89eaa21ef1458e031,0,1,0,0,5,0,30,8,173,107.51
3695,50b6d0c6bbf3ba838d3851ccc7cad0575c39732c,0,4,0,0,38,0,9,2,485,221.47
3696,edd63004375602bf7550513380ec25cf34ca5cf5,0,1,0,0,81,24,143,99,980,247.6
3697,a014cffed990f8f499d797453f50f436b94fd280,0,2,4,0,1,2,0,0,458,280.62
3698,522bb600b54cf7667de7bfa75cb286e680018842,0,1,0,0,1,0,13,7,129,76.86
3699,82bc0e1c79ca656ec34a43efe4a8807f0f655e30,0,9,0,0,21,0,8,4,2097,353.46
3700,116c3e3b2d2b2b22fef9abed8f092b04155784cd,0,1,0,0,16,4,29,12,1309,733.68
3701,a1bac802a21efef8a2c10d616b2aeb680ffedd9c,0,5,0,1,26,1,54,36,620,376.09
3702,bc1c434f1ffc70dc2d52f34839c6f54b0b0c8d10,0,11,0,0,470,260,635,193,11467,2261.46
3703,0d36e82479a47dac7e55875364503881fdbc069e,0,1,0,0,2,0,0,0,89,48.88
3704,bbb312f36b81b95ef6b0b003606799aaffe30142,2,2,0,0,20,1,45,17,353,305.5
3705,556877c24a335f207d74bb7daa6949af227ffe60,0,3,0,0,11,8,5,3,880,313.62
3706,7c164acc39f05c807a8c3753d28ab2fc3f628701,0,3,0,0,0,0,0,0,3809,509.32
3707,a989f697605276bf3f47419c0237391cda3b9e3c,0,1,0,0,7,0,52,41,290,109.05
3708,8964c1ebc7f14f03c2c5773a785ed50d318798fe,1,0,0,0,0,0,0,0,0,55.22
3709,0ca9ff86514f5e76cb0cd99022d8d5d1cf39e626,0,5,0,0,497,30,148,64,1190,719.33
3710,7003aa46d45980030e94f421cd0beca273511440,0,4,0,0,24,0,44,4,990,383.57
3711,487d61df7ea9a80deb0b3b125de92e5c2ab21b62,0,1,0,0,5,0,0,0,189,56.58
3712,09f5e8436890043135a44ae9ef84625a53ec63ec,0,4,0,0,42,38,3,0,579,188.02
3713,b2f63ba914045e8285445d48bf656627a84bd2f7,0,2,0,0,23,0,40,6,8240,1130.87
3714,7f9023ea0323821626f17e30d04b5acffb1d3048,0,6,0,0,137,44,16,4,2003,650.46
3715,2aa078e2448e6531463d8d2fbace234a3da91f9a,0,7,0,0,13,0,32,10,1754,465.21
3716,202dc567375140692f7f9286ef1f04d209b37e08,0,2,0,0,11,6,18,6,872,336.95
3717,ade7433b7e95ff7abb7f9707a331f8dbe8fe6b0a,0,1,0,0,0,0,0,0,43,22.45
3718,e5250fe8b06e4e22d77889b7e76955d2c24e57bd,0,1,0,0,0,0,0,0,75,33.17
3719,86f7af66f03a5b467709a9845d07430b2d729d28,0,2,0,0,75,25,6,1,170,178.66
3720,6edb2c2f5b22ab84ee0e4150d0982f81c39a5ccc,0,5,0,0,61,11,78,23,2298,1207.71
3721,ec8c793c3bfc6edafada2329939553e5cd6cb0f3,0,4,0,1,45,0,3,0,1383,366.3
3722,bfd7254ac8e171292cff74aa1ddbe30e9e25cfbd,0,1,0,0,0,0,0,0,444,166.79
3723,e044fb46235c21d3b1a226e75f4286274a810cc6,18,9,0,0,168,0,0,0,3579,1685.9
3724,89dfecda99f4e0cf2c2e7e426e2e3bc5f100c222,1,6,0,0,47,22,134,65,11404,2196.07
3725,ea2e9b895e08e661b2d8a009d741bb8a1138512f,0,2,0,0,27,0,72,30,1093,294.07
3726,1b9114f8c4ca0f3d5f956b00d36ed7a80efb35ec,1,2,0,0,5,1,3,1,296,182.62
3727,6addead433c3ec8cac88b1608a2577ff546342e2,0,18,6,0,40,50,146,28,1940,1452.31
3728,486cb563108185f4bf6def2f310bd4540f798c67,0,5,0,0,293,75,154,35,6551,1143.15
3729,bf1ffc8a3233f10d7de93dc4754a451a0180cd8a,0,3,0,0,29,0,7,6,418,209.2
3730,f819a68a558bdf8da8da48ed8adbbae2d35ccefa,0,1,0,0,1,0,4,2,269,98.54
3731,8f02f22efc22a7446583279cc5c3e76bf7754b9b,1,4,0,0,148,191,33,6,216,310.33
3732,1a81c261671e2d18bb1f3c25f47e0f2026f2bea3,0,6,0,2,32,7,15,2,1267,447.13
3733,ca4d900755f99e296808b5aa43e188dd3090cab9,0,3,0,0,29,16,137,47,1483,340.29
3734,7b6dee07d674a67ce8e8edb522cc5df41c853b39,0,1,0,0,71,18,39,22,424,162.33
3735,2db6ccb1f28236997b4aebab501b4d1be0d776fe,0,1,0,0,0,0,0,0,97,34.87
3736,2c00a85a2f12e8fb89916180675aa4552131068d,0,1,0,0,2,0,1,1,87,74.99
3737,0f716f16fa454bb7b9032f3909398b68ec65c635,0,1,0,0,6,0,31,9,217,95.09
3738,dc0fcd48abc98a79748313188fdde8905a5747e7,0,2,0,0,33,1,38,9,532,194.65
3739,529aabc74077fc7df5ee154816a83675f3e3e5c1,0,1,0,0,9,1,4,3,453,223.73
3740,3d1fa371d5da598ca417411ed4c0fe357f5e9b35,0,3,0,0,14,0,6,2,468,713.83
3741,3d9fd2c99bd8a4a6b13aea9f2d467f907a0a7160,0,3,0,0,90,0,3,0,452,183.92
3742,5fc7890bc8b27c4530b943046cec9ee7ab6b5ba9,0,2,0,0,0,18,30,10,1176,239.94
3743,f8b377ddd4d8604df7b8f52abfbfa7d29722ddee,0,1,0,0,0,0,0,0,0,10.72
3744,ab0580219b3eeb2efe536aaade04102a35b0d5bc,0,1,0,0,0,0,0,0,213,37.98
3745,69a793b3475d51d61d69aa8ac5d5fee70b90bf80,0,3,0,0,49,12,2,1,1006,336.27
3746,26910c8aaaf8fa4e183e05d76d45bde0a353f04f,0,6,0,0,118,11,46,20,2074,665.45
3747,9c8be33914ba1d3d699f8aaf0aa7192e41b001b3,0,1,0,0,6,0,7,5,249,111.93
3748,1aef1e20a97f4c9cd25f0b9dfacdab9d6770f8b2,0,1,0,0,31,6,3,0,57,82.36
3749,a1bc6a6fcbfd6bbc45775ad65fbc51387cab9255,0,2,0,0,104,55,135,33,1409,369.71
3750,aa4902d0a1c07c917af054f6e569ad725dc225a9,0,2,0,0,2,4,25,14,826,217.5
3751,29a223456b91fbea18aec22d5efb9003f0cd56f4,1,7,0,0,120,10,237,133,4066,1125.08
3752,52170d97c04b47bf361a73936c8b27292d0a2f32,0,4,2,0,0,8,7,4,610,279.01
3753,7713324539754f2153f314fd2ef4ffa439f6dce2,0,1,0,0,12,7,10,1,655,197.18
3754,8747bf4c73c363293ee9bd115ce8cfe653b4c3cb,0,5,0,0,33,0,38,19,1151,411.52
3755,abd7c2ab35285e400626380d419a9a7e1ea7c20d,0,2,0,0,13,2,118,69,880,263.13
3756,23932d97a7937d0982d7dc05c95a35725d6df4b1,2,3,0,0,443,126,110,22,1825,740.0
3757,04d92dd4f4baa83bd2a6dc7435af94374a5bc91f,0,5,0,0,2,1,0,0,761,184.52
3758,c372679b7491187486e6dc657da1bf70d884265c,0,2,0,0,24,0,42,9,127,112.33
3759,4474e56e9d2ef630664c90d1e7c4338ab23ff4d7,0,2,0,0,29,0,12,1,704,222.78
3760,fd4112e80d770a1fe211c30f9a09110b742345e0,0,1,0,0,4,0,20,8,130,618.82
3761,a6c941d84eeb8b60e1b342004b3b56cb866719a8,0,4,0,0,226,23,114,14,1057,386.13
3762,fedf5cbf40e63a30852d2e70868e6bc99bb6a9a7,6,3,6,0,0,0,0,0,803,432.4
3763,0f22c0a30fdb9310242edf0cb6c6aaa93b260cde,1,11,0,0,251,79,113,47,2710,984.1
3764,2f7d2e145cffd5df197a0a9fddfbaea62f1e86e9,0,1,0,0,1,0,1,0,127,82.93
3765,dff25380012be0782f78548f049ce645e3969076,0,3,0,0,21,0,33,12,2854,568.27
3766,21feef274b3f8ff549427c38c2d969dc331f91ea,0,9,0,0,58,74,388,175,13223,2300.9
3767,4cf8b880ac53eb792e1cae57bcd9743e65245834,0,6,0,0,46,3,49,14,4327,792.86
3768,5810ea90ed1f9cc96e7b64958d425e0d533ec605,0,5,0,0,33,0,100,26,1558,569.0
3769,dcaf0c6300daccf66d6d863a8562989ee26ef4d9,0,1,0,0,45,5,134,53,874,204.96
3770,55a24f0a0da2e984cb59ab513b4d7b9cb7c3b2d8,0,7,0,0,8565,642,2978,894,60249,14510.53
3771,c9246f44ead401b9121c3badbfbdb07cc9227a0a,1,6,0,0,16,49,55,28,987,559.86
3772,6fda3b55e9ae680f47c55395f90be762285f2760,1,9,0,0,137,134,5,5,2268,439.96
3773,a46005cfb260fa1328a9c237796c1fa683a5c35a,0,21,0,0,172,10,103,54,8996,1842.39
3774,cdbd1c8517e70614ec9dfd0bfdc978b200a946c2,0,7,0,0,42,9,251,80,2486,652.88
3775,492a10f101471226004b6f571d7f8c8a79103664,0,1,0,0,7,2,0,0,300,110.8
3776,47617d31f347a0ba78ebfc903738b39dd960b19b,0,1,0,0,8,6,49,21,754,218.24
3777,6577f55cd7f21568994638399f9c31bef578b5cc,0,5,0,1,45,3,0,0,525,244.47
3778,50177ef69486730c10ee9460870eefe51050826b,1,0,0,0,0,0,0,0,0,46.25
3779,cf1d1604b902a925f0094fc04c16d37c89e276ba,0,1,0,0,3,0,9,0,43,63.41
3780,6237615835d6b35c13d49ccb2bc1cd345fc3cf13,0,1,0,0,2,1,2,0,382,719.63
3781,7073ce3244f62ff8c41ae83dbafb4465ad0567e9,0,1,0,0,2,0,3,1,462,133.36
3782,fe6ebf77a5494b737479af3f1159e46ed6aa9d24,1,1,0,0,0,0,0,0,2246,315.91
3783,3511df74d0ba982a747046881986873f9b1f872d,0,3,0,1,21,1,17,7,978,356.12
3784,4d2df795c1e0ac3fe378486a6aba5fa0a3d9ffbb,0,1,0,0,21,0,7,1,7868,995.94
3785,e542f7f3cb103b7d33914d8b7510fbb294d8369c,0,8,0,0,36,35,4,2,3767,837.69
3786,c8023e9690fefcc9acd5260bfab0f1f829ab0e0a,0,1,0,0,1,0,4,3,300,100.29
3787,3bf280ff0bb848b069298dd55dd03bd6e3dac97d,0,1,0,0,3,0,8,4,526,127.81
3788,20e980552986657706a38d6378bc7983e37a8334,4,0,1,0,0,0,0,0,0,206.71
3789,526c507b03da70c83691f8c3729b080c5c0e1380,0,3,0,0,30,29,9,2,954,261.81
3790,3915a33482f074ef5770c65a7ff7095a44ae174a,0,1,0,0,10,0,0,0,645,120.72
3791,4ca877456bc4c591821f7b6cc5a4010305ff7cd4,0,7,0,0,13,0,58,27,1747,531.56
3792,fd54e595245b075e86c2191245f9938f9c64d1b4,0,1,0,0,1,0,0,0,215,51.09
3793,f5f9f30dd6ee5cd11e1787f57bff076977bfda19,1,19,0,0,1421,83,462,238,6009,2587.58
3794,f4809406fb1fa8ce5878966e73aa3e16b4e319bd,0,7,0,0,123,11,132,15,416,520.85
3795,0b8e70984d8ef44fb947101ff52d2d489befcf6f,0,1,0,0,1,0,1,1,301,104.95
3796,619ff6e99ab1814a31da52b743c4a7fc5d9b938a,1,7,0,0,75,0,41,5,3389,829.5
3797,f759223cf41ca2a241b6eadfff92db5776ad6511,0,5,0,0,53,49,134,37,1820,508.15
3798,a3c02d0d6b155a3cc308ed7e60aa3cfdc22b4ea3,0,1,0,0,10,2,13,7,30,92.24
3799,b9650be8e48da18b357d502c4d4be2700d956469,0,29,0,2,348,32,447,154,13897,3284.75
3800,39bd58b2f6c1614bc8f2eb9a28e0d039c7df2f73,5,5,0,2,46,0,16,12,2941,1704.95
3801,d78fea10233cfc1a795d2a019520bc39dffe5036,0,6,0,0,107,76,353,154,3632,1071.84
3802,09cdc46fdc977cd25bf659021e4fee07c063cd36,4,11,0,0,111,51,16,5,5013,1395.54
3803,0a88760f5348f8c8cd9a335f705326ed13df7d8d,0,20,0,0,318,143,335,113,3794,1709.03
3804,d3b5a3f763e34e2729edb8cd5c4bc6ddec744ab3,0,1,0,0,0,0,0,0,263,46.5
3805,82705f04d12122d974ea9ab20210beeb359480f9,0,8,0,0,56,0,141,29,2686,904.19
3806,2d25cf23abe535ba0ff48725f9e3d42479ffef4f,0,2,0,0,4,0,8,3,78,87.06
3807,4a13e5fb24837820cb6cdd1093bc8920c639b122,0,2,0,0,8,0,33,17,412,206.64
3808,72c5d61f536e547c0c301855c221cc1ede6605f4,0,3,0,1,74,20,16,8,737,415.28
3809,cf6fbbd2da8f3eebf1054c3da1bb76b6cb540bd1,0,1,0,0,0,0,0,0,258,53.78
3810,5cd4891192e63075b9c0ed2425294a45b3ca8688,1,6,0,0,27,1,37,5,416,450.76
3811,884ff9caf4dff634a3501ac6f3daa689d1ce751a,0,3,4,0,0,18,1,1,508,323.56
3812,adbc0ab6aeff848dbcee83d565febd40797300c2,0,4,0,0,41,3,2,0,2615,474.37
3813,120df07186703dd2ecc930bbc5dfda191ad40773,0,3,0,0,28,19,150,58,1043,454.05
3814,f679a5e19da55e1ef90179ea06ae999582601588,0,2,0,0,22,0,0,0,339,111.9
3815,0f4065e51f64db008c1908b4e63b8828d88ef3fb,0,1,0,0,0,0,0,0,452,69.58
3816,60cb16bb1c79de7481f42735efdb86b908aa1526,0,1,0,0,3,0,0,0,1325,277.58
3817,6b7257410211299eba9aa89ca51ed0b21489d99e,0,1,0,0,0,0,26,12,3684,517.6
3818,eb766340a382eea67b74630fa5f5c4dbe6bd11ce,0,9,0,2,108,2,16,2,1524,592.11
3819,3a17d423008fad45bac93ef7f1c7e03ec91e08a5,0,1,0,0,29,13,33,6,160,111.41
3820,66b373a821f3b946a7c771fe0b89f81e6090da9b,0,1,0,0,4,0,14,6,270,715.49
3821,54c3db908736920f5189f1f2e1c3bea0055e0b5c,0,1,0,0,0,0,0,0,63,23.52
3822,232af9faebce425a68c63ee09474a45848fa8fda,0,1,0,0,1,0,0,0,91,44.82
3823,e2d9ada8d40bb13dfdd1c920b38926e680307849,0,10,0,0,0,14,0,0,2053,495.35
3824,354358ee2682573da915e86848db36dc7bcb0170,0,1,0,0,0,0,0,0,663,116.09
3825,a7927b1b87e41745d34238054f5e243c7dd95d17,0,6,0,0,118,54,93,20,9134,1557.6
3826,187829fa90f9fd0e81f564f80ab148baa24306d0,0,5,0,0,140,27,44,14,1665,777.44
3827,8d22a60c8c4a247aa396b8c3841b6ebdce51f508,0,3,0,0,49,2,98,27,1501,469.89
3828,8e2007e222af753615af2800fa2c80a16d6601fe,0,1,0,0,14,0,22,12,548,190.47
3829,72e070f432db3eadc9b6d538157714cf8f47fca1,0,1,0,0,0,72,1,0,84,79.28
3830,bdec08f9dabcd0c50dc87003ee006c06d1e5903a,0,3,0,0,72,11,20,5,4636,727.04
3831,75b851bdab425292768eeb6fe4e8ed4a7fec274b,0,5,0,0,677,110,151,56,1740,774.41
3832,5c4efb7603fa909dcf9299c0514792117d7bd8c6,0,1,0,0,0,0,0,0,1120,170.91
3833,fbb5667b525ecc6b0c013a48b86610b6ab1a1ce3,0,9,0,0,47,7,45,12,4010,1091.9
3834,dee77e172595bc4aa49e35bd78ea922ee989203c,0,1,0,0,0,5,1,0,7899,1117.42
3835,114eabcbea24491607f4f933e5033a5986b3b2f4,0,2,0,0,30,0,31,15,2127,447.91
3836,d2c6b132f2fde6820a26c059612486fd37229c70,0,2,0,0,0,14,25,3,2644,524.14
3837,695bde3ac827f8d96e1db9f4410b982891440976,0,29,0,0,157,134,651,207,14737,3252.09
3838,361d72d963053eafe0ee9f6c6e24d127708def02,0,5,0,0,229,3,103,21,4708,1110.82
3839,3c8b9c27b18758b2b982ce3a65214bfb0e27314a,0,2,0,0,35,85,67,33,2014,441.33
3840,74e5c75e495dac5b2aeff03ee6ef936f28161014,0,3,0,0,24,0,0,0,878,898.0
3841,a75085688d82b4e2f4607ad53878508d2888e3b6,0,1,0,0,1,0,3,2,83,117.5
3842,6cc5761b0f4d9bb518e1fa7d1f5960e0b07feca5,0,18,0,0,27,0,82,34,2547,1251.5
3843,7a1f14c4d9dd267012e43c1ccd051d64bc65698b,0,1,0,0,65,0,15,5,715,222.29
3844,95d22735d73381458354e0ca79a2cb607f8e2150,0,6,0,2,10,10,1,0,643,462.85
3845,9f57569b0f648bb5596df60e0a62db06930778ea,0,4,0,0,50,22,19,6,847,495.86
3846,560e4feba66c2fc507dc2e11ded5de0fd70922a2,0,4,0,0,45,4,75,33,900,321.09
3847,c3f4ab44d07b7de4ae67cc92afa4dedf9de17133,0,1,0,0,0,1,0,0,114,39.81
3848,2bb5e63c96c58d81d4565e9633accbd5133b33af,1,38,0,2,70,359,279,111,12830,3448.7
3849,1907977cf13450b1e19bf9420f9403d80da3dd0a,1,19,0,4,92,121,154,52,3300,1345.48
3850,60a5ff1e2d14f26ea5f1cb4d7793b2a003d894be,0,1,0,0,7,0,94,72,1119,229.31
3851,e384b2b657c819d5963b8f76222f78bb479a29a2,0,3,0,0,42,2,25,11,443,261.3
3852,34c83fb36f2baf116cbd128ba47773472a24a9c4,0,1,0,0,6,0,19,13,66,74.49
3853,57f39a9900001a626603fcd4f6878d570e642b5b,0,19,0,5,102,146,563,175,5368,1894.9
3854,e7abf72c7009e312296985ebc24198e23ab632bd,0,14,0,0,142,53,169,65,11900,2416.29
3855,db5a52548356312aa1c18c6f5f2ea9a84ec905bd,4,3,0,0,21,6,19,7,2722,653.73
3856,fc19f6bf34a757194679f8c9fb352b4f149bad6c,0,2,0,0,17,1,1,0,548,300.69
3857,747384b13dcc0180d33c7adf0aa5aaf7720b1c41,0,1,1,0,21,2,7,1,117,173.52
3858,b187d42b2295162c6355fb443cb920167fa15fd3,0,7,0,0,6,105,132,43,2070,431.48
3859,2449d1dfe9429363a9458d2004ec2405f5aa9035,0,1,0,0,42,32,4,2,122,122.68
3860,55dc00874e038d97a991d9ae8f7dce49b7c54f79,0,10,0,1,51,163,76,15,4618,1933.46
3861,02d2972f46099f411b31c587be1c8982cb5bbb91,0,4,0,0,25,0,8,0,1286,464.37
3862,49dc6452acf022e463318b0042f7ad918927bc5e,0,3,0,0,77,11,71,40,1389,575.6
3863,06e39ebe07d7854df669529e73f1c461f3c7d9d4,6,14,5,2,225,2313,53,24,6040,2903.57
3864,23f78cc5e57315e52c86562c320df786f1de6f17,0,2,0,0,15,0,39,15,600,218.76
3865,c5b2c0ebbcc4ace87215a84d9b2eaf105f5e262f,0,40,0,1,121,471,211,68,7538,1955.27
3866,25c207c9398b2722d594837f011c12d497aeae43,0,2,0,0,21,29,65,24,466,250.52
3867,e091bc27183dc0e24a554e599f1584249650306a,0,4,0,0,84,65,41,14,1743,588.93
3868,6bfec2e97c4e434646aa9aeffd98c9939313fa6e,0,2,0,0,83,45,240,76,2671,630.51
3869,305b8ce4097a692a2ee718b1df384d98d1e6fc1a,0,3,0,0,2,0,3,1,666,328.16
3870,0f1c112fc489fac3781470589517fd1025a306ed,0,1,0,0,8,0,1,0,367,110.34
3871,3782e47cb755f1b395e052611206d29b2f2e221b,0,9,0,0,33,10,228,84,11032,1992.32
3872,cac5804de034ad54821e0524091cff0f4a97476b,0,1,0,0,47,1,22,12,918,214.1
3873,2e95037c193895e3d3beb84cb95acc132c396448,0,1,0,0,13,0,78,20,144,116.81
3874,542eaf6bc5f833b505bf0fd2fde4bff840aacac6,0,10,0,0,488,6,103,11,5428,1744.33
3875,1199754cc030e12bf73f54e937f552326ac96f2f,2,5,0,0,10,33,31,10,2228,582.34
3876,bb5ad5733d0d5dfc2489deb658beea609405a29c,0,1,0,0,7,0,27,10,64,77.79
3877,7df62023f8a328046055486de46121fd16b7458a,9,28,0,4,1228,83,1282,39,79757,16452.59
3878,5a67b0a64bee7721330423a493a21e16fc2ec0b1,0,2,0,0,33,0,35,5,132,150.87
3879,e84da8c9b324ae9e971da824845e46f51f844a76,0,6,0,0,10,5,0,0,648,335.43
3880,c37b0f5819b7b287db42318340c4d34ee7277485,0,1,0,0,0,0,0,0,541,785.14
3881,13aa15d112c152cf5cde53590a0bf4e5b98d2e6a,1,8,0,0,53,11,147,50,9213,1388.46
3882,c65651930bd2fdf0bde01fe7a50708c49f8fddac,0,3,0,0,194,0,75,25,1207,445.34
3883,a60fec2ebfad276b21f801f4c0b025cfc069f5dd,0,2,0,0,94,1,62,20,1616,369.94
3884,cdcc35e61f42a9a63a6b6c5d717043ae83fc44a4,0,16,0,0,626,1,17,3,74792,14317.82
3885,4f939f5f10236070e677301013dc6b7d4a98aa2c,0,9,0,0,10,26,151,42,2665,904.17
3886,45ae30c87ad4c4a72fde4afc7b1353024d80e80e,0,7,0,1,40,3,124,41,1399,592.46
3887,b340ecb5e163277e86def59b454b8c041ece39d5,2,4,0,1,6,8,88,15,2465,728.16
3888,0cbf45cfc046f39bed4533ab83542002e79b4f5b,3,1,2,0,55,14,30,19,289,395.28
3889,7e07a278ac2843489f96326f2011b9588551e986,0,2,0,0,35,0,84,21,1985,428.74
3890,b9a17486d741087fb07cb84184d21c7a4599d0b3,0,1,0,0,0,148,67,16,219,103.26
3891,6e513b06c12e508af655a6bea4aef55b86619cc6,0,8,0,0,139,19,97,42,2486,773.19
3892,da0070b2c15d6590ae10d6e37633a59544b09746,0,1,0,0,0,0,0,0,20,13.85
3893,9f025baa9101a56277ce45f974663cd12fbcebcf,0,4,0,1,6,0,0,6,63,147.31
3894,b9d13a7e0f344ff446265d04bf953e2c7ea12991,0,2,0,0,4,0,59,23,8007,1068.31
3895,6469961c39ad2e4fd9dc39649048547cdaac6164,1,0,0,0,0,0,0,0,0,57.75
3896,cfe7eea3fbe8a100ed301d6f38cb4e4b3c1c76ec,0,1,0,0,0,0,0,0,91,25.4
3897,f7579b282285b04c6de082db32c2ff672741d470,0,6,0,0,2,9,59,44,7782,1260.97
3898,e5c3cf1def1e3bb2481b67eede37ba5d5563cee5,0,2,0,1,12,0,0,0,77,73.86
3899,b829d4189c7a6dd66fcc5d30849d3347f55137db,0,1,0,0,1,0,7,2,2069,313.75
3900,20c549908d7e92cd04ca76e693dd0a430906749b,0,1,0,0,2,0,0,0,296,790.89
3901,8069b59a0580c53dbcad0acffadb659104651f0d,3,14,0,0,82,11,148,40,4048,1073.04
3902,358691a4301dc873251b8c220f13808012bf9b61,0,2,0,0,6,0,0,0,988,211.62
3903,4f2164268bea42b9622976b74ceabcd1211f327a,0,2,0,0,0,0,0,0,49,46.8
3904,327bcaf56cd6e7718da93836fc950155b13425a3,1,1,0,0,13,0,0,0,85,99.5
3905,104dc3195f99dd9a339679c467b7b1153d7edb44,2,1,0,0,0,0,0,0,162,110.31
3906,c278860a941b1014eea6d3a85cfa0c5eb16d49e5,0,5,0,0,18,9,41,5,949,387.26
3907,29620dad931d832adabea37922a7a60c4a10df2d,0,8,0,0,69,2,193,63,6904,1417.34
3908,fed1214b7d88a8e60248fc3324475927828cbd51,0,2,0,0,2,0,15,2,699,245.93
3909,e47e11424f8867fb88266bda796f5639ccdd6d28,0,2,0,0,47,13,40,14,599,328.13
3910,de30fe4e2dd9d3aa62d522fbe340cce549f0d3f5,0,1,0,0,6,0,127,23,349,135.01
3911,6ad405fc80d03b76d57215e906587c7c44e808fb,0,4,0,0,109,0,22,10,939,272.68
3912,fe5cd560ca86e6f394749f13f327477452daacc8,0,8,0,5,763,6,60,15,1855,1477.52
3913,4ac36c4f0b7841ecb43a78a8dba4ed6320a0c4d3,0,2,0,0,33,5,46,9,174,165.66
3914,f3ea7773beda9267be71a803f56bbb8e1706ac65,0,2,0,0,2,2,23,16,229,177.55
3915,aa0f8e062827245b05c353d02537e51b9957bf36,0,14,1,0,74,60,142,57,3596,1151.37
3916,e1a7503b81a5509e391940709c8f9a6f552646a7,0,1,0,0,6,0,1,0,78,63.14
3917,c9888dda394e3eda44a6d4fb666dc9293d4c73b9,0,1,0,0,33,0,68,30,2070,362.85
3918,98f933f269e6b528ef84912b3d701ca3272ec04b,0,1,0,0,6,0,60,6,735,195.6
3919,9cab4414caf1bba2eb1852536a9d3676ba7eab21,0,5,0,5,87,0,101,58,1471,813.24
3920,e7aa7c4abb73f5de22b48960d46adef962c87b0d,0,1,0,0,7,0,9,2,1409,971.01
3921,27172bcb4d01efaa9c308ea014baf5ec9ed6208e,0,10,0,1,135,47,288,95,11732,2374.74
3922,8dd1d1966f2f0b86604b4e991ebc865224f42b41,3,12,1,0,46,58,120,34,11880,2583.74
3923,0d379021e7b1ef76572bc856d1206ed42148d137,0,4,0,1,2,8,20,5,10423,1567.75
3924,b9d65f159d39614f510c64e58d7b09b4cf38f96f,0,9,0,0,89,10,0,0,2448,748.98
3925,607f1487376c71680c7fae769a0d1ce0af0e8b91,0,2,0,0,11,0,34,13,3905,745.73
3926,64ab5aba9768a710efeb8d0f337c48f571d55f8b,0,3,0,0,73,14,73,31,3924,725.62
3927,a9f3701607ad1a21718837873e2a3b9da891c00b,0,1,0,0,0,0,0,0,7904,1257.41
3928,ceb57733f5ce444eddde884b4087e5226c80419f,0,10,0,0,192,95,228,55,3140,952.81
3929,cee2619e095b8172d77370b7baf5c04da6bea2c7,0,1,0,0,0,0,0,0,155,38.94
3930,8dec6a09bcfc49131f8008f757a8332fcdfa9984,0,2,0,0,5,2,4,0,695,173.34
3931,01d06aa83ec6b55805a6529c470a978f76a8b49b,0,4,0,0,86,8,39,14,2147,546.75
3932,26268deb4844d3f3c530769c6276b17b0c6caaa0,0,2,0,0,6,8,131,65,2186,426.98
3933,165430b6406832afabca906a8fdae231e9dd901c,2,17,0,1,507,40,241,81,8456,2328.96
3934,3db7227fc7e40ef65d59a8e5d26b9c83bc6fe08c,1,5,0,0,53,2,55,28,1689,756.51
3935,41fc1874bcabed3fae32ed5fcf6fa13d25811261,0,1,0,0,0,2,2,0,83,67.23
3936,bc0f7d9f013fa538282ef9f0de12e1e1eee1a78f,0,4,0,0,104,29,129,45,1525,585.61
3937,3a761fd53efdff0cf8aea48f18d92bc04b5f5dfe,0,22,0,0,85,11,543,166,16774,3438.64
3938,9deed11a655f8ae5c308c6389025fd38983e0f8e,0,1,0,0,0,0,0,0,161,36.24
3939,16d495809382cf1db54ab26ff3a7ba5d57caa9b2,2,14,0,0,405,241,476,92,6260,2056.57
3940,5a9ccddb08f767466decb1c62054764e9fc4e0fc,0,4,0,0,5,0,0,0,507,831.66
3941,c153a1466fd425b23269f4541310af189a4cc7a5,0,2,0,0,0,0,0,0,490,101.4
3942,637da9dd0f5420a448dcaef3d1820222177b42b1,0,1,0,0,6,0,28,0,87,65.18
3943,19b508ecc862fae8997ec938edae4e094658544f,0,2,0,0,10,6,17,5,301,187.9
3944,eb4a1644874a7fd49e58a4bf5104f565902dda9d,0,10,0,1,56,48,65,6,1650,636.84
3945,bdf20ef5709b62471c1c6cd2a0c317791465c7c1,0,3,0,0,44,1,28,5,249,211.17
3946,11f1e47ebadc7cba24e1fb9f0dfbfaf7f786d2cb,0,4,0,0,30,0,25,14,628,237.35
3947,d3af82154eb8bed52f63942de681905c95d4f45c,0,5,0,0,38,9,71,29,1219,521.52
3948,4a485b6f5f1e72916ffbed4d7a33e9a1dbc2ca8c,0,1,0,0,9,2,0,1,566,255.5
3949,16fb16d524096bfead386ab50d772659ead773d5,0,2,0,0,6,0,7,6,151,118.79
3950,7b2f6703f172a71d595159c4f395f942583d66b9,3,24,0,3,448,42,913,311,15994,5005.48
3951,1b2583ba87b80e04d861d4fa91f938ba0998fa4d,2,20,0,0,18,32,19,2,11194,2063.4
3952,1ab7fe145c8361b5d553d7b36a4c6d44a4d99b52,0,6,0,0,48,20,486,157,11985,2205.0
3953,99f1e54571044308e58115524dd17d69d23397d2,0,3,0,0,9,0,58,27,5844,1083.82
3954,4d8b6c28b103f9456fd1fd026e9408424028c377,0,1,0,0,0,8,12,7,2087,365.55
3955,0ec6e889397f8155970753dd0cbcd88d64075120,1,5,0,0,109,56,36,2,701,442.5
3956,4185d9b8e2eecfef3b5a38899f6928fa82c01e99,24,9,15,3,27,10,49,15,786,3920.02
3957,43837e8ef0a74b8ac777f0de9227c9bf233a27a6,0,3,0,0,17,0,18,13,768,358.27
3958,1e6fa1eb3f8b7eeb551355cb6ebee483ef4e4d71,0,3,0,0,20,4,42,10,721,296.28
3959,5140e73ca8f7258b8cd3cdc03a3691e09e4df8d9,0,1,0,0,2,0,2,1,68,73.57
3960,37026abd869e18a447d1d9985bbeb3de4331f804,0,1,0,0,0,0,0,0,53,753.56
3961,715f410c11c6fccb6766eae7b7190d0ff7753470,0,7,0,0,166,2,42,14,1698,661.79
3962,db4bdb3f16dfd9a69f0210df43f4e2a658e11453,0,2,0,0,0,0,0,0,271,79.61
3963,a14ef8abe1df1516b8b9f486030bc3d584f940a9,0,3,0,1,208,81,129,51,2489,902.04
3964,f2e9edbc2d81e32f5da700cd7024959184aeaebf,0,9,0,0,34,0,26,11,10042,1759.06
3965,4f90a71565d47f4b9d8ce267ace206d6a1f199fa,1,4,0,0,15,2,23,4,609,246.67
3966,dca4233da112b10f8ada27c392c6ad458288c319,0,18,0,0,312,63,534,162,17524,3713.2
3967,47160f3b37601421b31d64a66be759265628e64b,0,1,0,0,18,2,62,38,295,132.23
3968,9bb7850841ff2241c37c98274f6aa0404b9d2241,0,3,0,0,33,57,27,5,453,311.44
3969,cfdfe4bd0bb9ffa11f1bcd04382f0e3db0706ca0,0,1,0,0,383,261,131,50,1117,359.43
3970,8787b3ddd94d13fa494271ac2e6b3fde0500c791,1,16,0,0,135,23,106,36,5677,1698.0
3971,2a0dc3c3ff4ac914a967bd62d90ba9801cc04c57,0,2,0,0,85,166,119,28,2360,512.58
3972,7cfeaefbe53b1b4f6e395ceb4ed5c4e86a0237d3,0,32,0,4,418,10,378,75,4559,2166.58
3973,5be9c92fbd2d39f7265b5a493fa098b4ebdb72b9,3,11,0,0,393,0,20,8,75111,15558.51
3974,06a361c90da8147c04b79cdea588b765271b9dbe,0,2,0,0,119,97,62,20,507,342.73
3975,2663f4929761afa54d2c83172a8b300802a0c58e,0,4,0,0,63,1,11,2,269,340.56
3976,21cf6ff3789ed94bdf61587e2e73fb94b1d9304c,0,5,0,0,3,0,4,3,146,167.58
3977,1afa8e7e1d0a39891445c3c2c03f44b3c26c8390,1,1,0,0,66,64,1,0,249,218.56
3978,b9c3e6d44482b311d1cc58e7509d4c7e3c967764,0,1,0,0,39,26,12,3,233,184.92
3979,4baf475ff221907b64bde3a7baaeaf7664d99fb7,0,3,0,0,16,8,11,5,251,303.37
3980,4df2a013fa49b48ab0dcc00dba4d20ebe8126700,0,2,0,0,11,0,12,2,5347,1774.01
3981,28cf8926660ec3abdd4fa0ef40478e48333f5f13,0,29,0,7,82,21,185,58,5419,1683.79
3982,fab8700b9d45e8a96352e6f65717dbfce5ffd651,0,2,0,1,22,10,4,0,183,147.46
3983,5d94d4c205bad635f157f1eedd782aeb88c27cf6,0,1,0,0,0,0,0,0,226,42.61
3984,46d8a07469d617463b5173c8983aeff5e564d554,0,1,0,0,0,0,0,0,167,27.13
3985,1b99efec61aaf456f58a584bc56448d32fd65ed8,0,2,0,0,0,0,0,0,913,150.56
3986,f8f50ab17da3155489e96cdf2e9b849aa88b8700,1,11,1,0,64,11,95,19,1993,792.15
3987,9829f9985c48742a070b0f09889d8d74d24b5553,1,3,0,0,16,104,6,1,295,239.83
3988,f19f846a6aaf06228caf69ace4b8de5d316437ba,0,1,0,0,0,1,5,3,150,105.79
3989,305c2f6ef0eb552d43a4f6c3bcb0e0284be78529,0,1,0,0,3,0,6,1,12,92.34
3990,0ac5e632fb09d03a8aebbf28ef3047193b6c3364,0,1,0,0,0,0,0,0,22,16.09
3991,98fe43d59db681bb143cb047083a1b8c90473b03,0,1,0,0,0,3,2,1,268,111.57
3992,bb113e553bdc8a8886dbefc3dc2a769685f97a75,0,1,0,0,104,0,0,0,52,68.05
3993,c307716392754169451954b77353a3aec3fc21ef,0,2,0,0,5,12,4,0,2068,343.65
3994,55986e159e3f9d686bca6178dcfd305479bab2a8,1,2,0,0,27,0,41,16,225,248.55
3995,8260a7975ccae12786bbcc1435f6880a28a97f2c,0,2,0,0,8,13,39,18,200,169.59
3996,78a85f82e4485d2ddbb5c430bccc19ccd0f2ebbc,0,25,0,0,730,83,868,199,75966,16074.27
3997,cc8cec2355f70cc066bb877dd700ac15f7a8e763,0,1,0,0,17,7,1,0,81,85.71
3998,0aa1bddfffdf9fa30055ec81562c8e9db91098e8,0,2,0,0,7,1,38,17,378,163.26
3999,0a526774d5a012e0f1cb1adef2a5e3d982e39395,0,1,0,0,30,0,100,30,255,110.93
4000,7690dea1b8a0843c84a5fe251ed9bbef5f781400,0,1,0,0,0,0,0,0,3829,1220.52
4001,ac9c5991b5bf8184319657315638af73b22b1c02,0,1,0,0,8,6,7,0,188,114.31
4002,e732616392ddf5139f4d32bfb9fc51f352114887,0,1,0,0,0,0,0,0,3829,472.43
4003,1c2d7ba35d5e357e125490e63d9ccc84dbff263c,0,6,0,0,7,2,19,5,969,443.95
4004,531652e681e57aafdcfd7929c603131eebf8890a,0,1,0,0,0,0,0,0,596,182.69
4005,bf834079a3491bdcc65e1b839591f9db7098cf3b,10,6,0,0,19,3,96,49,2257,1227.99
4006,f272aceaf7da77f9d87f5be42bb1520181035c2c,4,11,0,0,191,102,129,24,7005,2312.18
4007,2e042cc159c0e7e044297fc4d6b177a8841eb7fd,1,6,0,0,52,10,84,16,395,575.6
4008,402fabe0c45a9c0e3b1a2d63d68fca8f8e399fad,0,2,0,0,6,0,3,2,8563,1190.18
4009,2c570dece31968f8c4b6785461857098af1a742e,0,1,0,0,0,0,0,0,268,38.26
4010,2bf0d92d10b183017b5cacc2e308a7aedcd30a40,0,1,0,0,5,0,4,1,375,108.25
4011,2f73233961e6f527f5460c124cc021a4a9628b01,0,4,0,0,4,1,11,5,1313,366.61
4012,bc4dcf37673c1b635909f83128fb5efdd8cce849,1,5,0,0,76,0,1,1,6525,1158.7
4013,7c4b3ffdf95c55c7717983a56229510577c9006a,3,7,0,0,14,13,46,8,1491,762.49
4014,930b66b25c1b2d064bd3280d36845bf53308e3f9,0,1,0,0,30,0,43,13,411,127.21
4015,57761e34ffec80487a0e678bea6d2dc87bfc9b11,2,16,2,0,16,2,49,13,3914,1416.06
4016,e44198f5e6b2b5a83c34d70bd12bb4e772f737dd,0,4,0,0,52,10,10,5,1237,437.13
4017,4984714d53e1d8cf77427d9d5ced4dc15d008131,0,3,1,0,10,0,60,20,209,198.29
4018,db4216d6c1e019d43c94a46fba8f75ce2c78d097,0,1,0,0,0,2,10,0,1845,292.65
4019,c76eef2f9db4b6863a9665ed000276d6544309d0,2,8,1,0,32,6,105,47,1445,753.72
4020,d8a9531a7738ad0137e287c4664a45b934e97c1e,1,0,0,0,0,0,0,0,0,755.74
4021,aaa3569323b4c2718e8a2cf80accc70637a9121c,0,4,0,0,143,117,145,72,1685,528.95
4022,90a9a90edc6e5229b5030d655ffa19427779158b,0,9,0,0,76,0,217,78,12430,2311.88
4023,db239d52d61c4586d2f6e834dd5d24d827839b50,0,1,0,0,41,1,152,38,8082,1148.1
4024,14e927036e4f7122f694bad10e1957e076a6ec25,0,2,0,0,10,11,7,1,72,141.58
4025,01fd68443d41a95362920c5a526d13e41b7684c8,0,18,0,1,89,5,352,103,5197,1668.34
4026,247e884d086183f384e04b9a5a7932ebe74fe36a,0,1,0,0,1,0,0,0,344,76.49
4027,2618e1879d4f55b270f25cd1d88ea0fa48b62b25,0,1,0,0,1,0,14,3,3829,557.53
4028,81b26df9ed00e9db671c57aece8e51bf62365e34,1,3,0,0,86,65,15,2,620,452.66
4029,74facd79e2f10647a3da8efbec6c3165d899249f,2,14,0,2,69,96,75,29,5937,1774.28
4030,2de8b3192306376a382f6b212f24fde3f990e57d,2,6,0,0,114,18,158,48,2477,807.52
4031,33005ac100ff702afb020da6c3cc9f8134107c35,0,6,0,1,25,2,8,2,507,446.5
4032,cc6d29ff324f857b6870a04461b84b6edb1406f2,0,1,0,0,15,0,20,6,46,95.81
4033,6f828383d840156c70eb93e6b8c8089bf72e3774,0,2,0,0,9,1,10,1,233,228.8
4034,2f31019d513289cb664d4b5cd9846dd5b5febbaa,0,1,0,0,0,0,0,0,204,43.59
4035,f468748b691d98b1cf8925cee2e86e6eb0cbd16f,4,1,0,0,0,0,0,0,645,294.33
4036,109a3a3c1760c9bbb0085804a1e0ebaea9f1b567,0,3,0,0,2,4,5,2,3855,636.45
4037,4655ae8c57d5bddd189ef637737a2ea9bc937ad9,0,3,0,0,5,0,3,0,864,291.68
4038,9bb625a34b8a408ce1d01317da10cc1e6b5d0726,1,0,0,0,0,0,0,0,0,53.51
4039,41e82012e17eb94a7c4a7b1819590380be882bba,0,1,0,0,0,0,0,0,194,39.95
4040,fe3012145643679c738232e6b0e7382ab810cdf6,0,3,0,0,21,16,29,6,1349,1050.71
4041,fe14a9088853abc91740a54f4fe100a8a0cfced6,0,3,0,0,5015,159,79,33,1509,1653.13
4042,415373bbd1c58e7b8f00aa32c0bb7d485d4f91e5,0,9,0,0,41,1,41,8,3375,835.71
4043,61b66449b12ce48fbdfcea696e9a0bdbaa6c4290,0,1,0,0,0,0,0,0,542,75.19
4044,5bf324ea5eaf308233a2af6149e8fb01bee0e4c6,0,2,0,0,29,22,20,5,2602,510.58
4045,0da77af0eead39de1630b821af65d03ecf23bbcc,0,1,0,0,0,0,0,0,75,37.49
4046,f87b2b6372fdf0b8e386a8364b49429e2ce7bad2,0,2,0,0,188,37,144,33,2059,384.72
4047,ff55d0a67e59c15b5ccfbdf1317bfd60cf057a30,0,2,0,0,0,0,0,0,2050,300.12
4048,456a91ecde6a449177a76fb34ad9b5f13983821b,1,8,0,0,313,29,74,35,5929,1266.51
4049,b6023c796f0daa37aef2a59b57aa1a29548c8211,2,8,0,0,109,14,132,64,1649,684.71
4050,62bae5e1a5cc563c5ef3f650927f2a63038c5a50,0,1,0,1,21,0,5,0,41,95.38
4051,428a930c6581b734b65ae3710d1a7585bd95b5da,0,3,0,0,10,0,42,2,435,173.03
4052,114e9f1cde5ad562466bedda1ce5db0102e5ff2f,0,2,0,0,20,20,50,30,2519,489.64
4053,ca165db8dd7846cc88e0903d061a9713551c3a72,0,7,0,0,51,22,167,48,11447,1822.79
4054,de260b45d7334dbc8b0e728ed141582e9e74a380,0,16,0,2,274,29,107,46,3198,1420.51
4055,812820086098f238214adee26d65c7cb617056d3,0,2,0,0,20,15,67,30,1139,243.1
4056,868db42a695e3137c65b53386eb4d2b2ec76b265,3,18,0,1,633,266,667,253,11304,2818.86
4057,586c3044176b722b40fbcfa55d82055ff40fd592,0,4,0,0,18,4,2,0,10424,1366.02
4058,25140659c578e3e01a3ce36ba5108a38303dc843,0,4,0,0,48,0,21,4,282,185.84
4059,a65917a3b9699a09fb5fe2569785ab1b14c17b0a,0,5,0,1,3,0,3,0,479,167.44
4060,37e6e1bf56d7d2fd557730380b147c745fc051ce,0,7,0,0,10,6,56,35,3183,1356.58
4061,1621d01f8255532f72d53295442c54c63b4fc4f1,0,5,0,0,0,2,3,0,480,151.3
4062,15220e8b52bf934500ff8d98a131ae1059cfe6dc,0,2,0,0,66,3,20,0,2566,459.81
4063,db8fb8a42a690eaa937d1a0163eaf505c3c48a07,1,5,0,0,92,35,104,33,2469,725.15
4064,bcb7d9e1399f461cbd54945321465c0b812c6d16,0,1,0,0,11,0,3,2,116,95.68
4065,f971b191fa98a55d6ede3c74cc6cb886b5e94da5,0,1,0,0,0,1,0,0,182,62.29
4066,e3ca81ea7552193f9e4ec7c83cd220856f64d7ac,0,1,0,0,7,0,16,8,1500,217.73
4067,8c8ff3f144921e9b985abe51eb82ebad94195b4a,1,4,0,0,16,0,81,55,3184,745.95
4068,eb56666d8c3e941d8846f8c189c4f4b255acee1c,0,1,0,0,7,0,51,32,1476,264.9
4069,7049f49d9574587b2eb5896bab8415d7cd7c1ef1,0,3,0,0,46,5,180,63,3371,647.0
4070,2173e1d94d91795df02c9809324c131a2f3d6a03,1,4,0,0,38,0,86,31,1190,466.41
4071,1e49e873fabe076570afe6cab7e304116a1589da,0,1,0,0,2,2,32,10,1886,284.07
4072,8f65fabc965d19b2fa1c06c59d5c0fcdd733a106,0,15,0,0,129,0,66,21,3554,1059.97
4073,3fec161dad40860d493dff203f9da3925226bb8e,0,1,0,0,87,0,22,10,1243,218.12
4074,6dc362f0f1989452be39cf710911749ea8d1d199,0,7,0,0,0,2,10,4,2064,480.29
4075,e665f020b419cf9096006c45f4afcda13fa9e882,0,3,0,0,118,11,77,44,1087,420.76
4076,219d3527cfac09045f0ac247821746e7c95dcb8c,0,1,0,0,2,1,23,10,187,133.44
4077,d469e61108a1844fcc173674bfb2cd9f7ad01c18,0,1,0,0,1,0,28,4,84,73.94
4078,f9d1b6ab77ab15b8337c17fbe38557c1f7b5ce58,0,6,0,0,28,0,9,3,1172,419.79
4079,3b6b56d7000ee1d80c0f191611968d4249f311d7,0,15,5,0,11,145,358,102,3602,988.11
4080,4fabd038cf64b906a89726805958c43b97194291,0,3,0,0,0,0,0,0,397,665.58
4081,3038b05ed346f4b5438e9072edb19186ea90d042,1,1,0,0,0,0,0,0,94,107.92
4082,968620932301dc64cd435292726943a6c0a42551,3,12,0,0,819,6,56,8,1155,1203.53
4083,41a30b59de35601211657b65a20b9d418958fb58,0,2,0,0,0,0,1,0,583,108.87
4084,77474581df4016e3899a986e079513087a945674,0,1,0,0,32,10,239,33,345,171.35
4085,134f2f749e1981738a660843e911db173c86bcfa,0,3,0,0,193,0,30,6,158,244.45
4086,761b5471a0abbbb38ee35a715ea2d4e6d268d5a9,0,2,0,0,33,0,10,2,366,172.76
4087,ff10f03371f5ff54d34a28938c5d6e69940113ea,0,4,0,0,8,6,98,56,2991,738.08
4088,09b00fc863d19cf513fe1d188bb671f370f64c2d,0,3,0,0,2,6,25,7,479,265.74
4089,1de97bc5fad323ae3bd48ebb39e6e68a3581e099,0,2,0,0,4,0,0,0,4946,1113.38
4090,56b645981cf466830daaed98f978df5f509bd149,1,10,0,0,29,1,39,13,1502,673.61
4091,b507520e17811c8e059aa7d30490d29b984e2e96,0,6,0,0,26,2,11,7,971,320.81
4092,20a8192a2b8f36da5ef2d5d61d77de1e70188b1d,1,11,0,3,92,5,157,67,2418,1264.07
4093,8c1f055d91d5dd50544e7d39f2dc1ad087ac78e2,0,3,0,0,3,12,27,12,2077,382.41
4094,39d66a439c02ea2b5c7501b362c0d8f9b8d22cc0,1,18,0,0,196,41,62,32,3577,1318.67
4095,caafd88f9b50241ece9fcf5ed173409c3aef0d25,0,2,0,1,6,12,13,4,677,301.96
4096,4e9f95a1bad89ac4ea0cefc65eeba7a1e56a948d,0,5,0,0,40,5,40,20,4292,849.14
4097,28d1082b4a2acfa46beddc52e4d3944e783b6f21,0,6,0,0,13,0,35,12,1272,485.14
4098,255069e4f1bb1ac874f5a3472ebed1abf26e8187,0,3,0,0,115,0,147,32,8493,1227.09
4099,184e0e1da55c576cd8766c52423bcbcd4a2be69b,1,5,0,0,5,46,63,33,1861,551.24
4100,547c5cfce9587de31a58622589a63eba62a4b120,0,5,0,0,13,7,67,21,612,1061.45
4101,ac273b672de402027181b71fb192930645bd5cc0,0,2,0,0,2,0,0,0,729,160.43
4102,9a0dabdf439e11cccf9aa02e5356ab21617e1f6e,0,1,0,0,2,0,1,0,85,67.8
4103,418f936cff5c344587ea4f58ce08a5cdda931164,0,2,0,0,21,2,11,0,504,176.47
4104,d94e8d08dd1d92c9eee99f60273e895a4a633b23,0,5,0,0,99,7,28,4,1277,527.53
4105,6a1f8a835e13d0e0d3500fce02da8c14de34a023,1,4,0,0,24,1,25,13,632,344.66
4106,91ab819a18d6271a6c8905d085ad90b1b184ecae,0,4,0,0,61,22,96,29,1365,455.89
4107,f3358b036f1d14d369711e8863b904d04ef75a04,0,6,0,0,5,0,12,6,597,184.56
4108,1cb4ce8714d216af6e1a9f6496392d07130dffbe,0,3,0,0,12,3,81,38,1077,317.71
4109,4dff65f4345e4d176cce345f756ef1a28db601e3,0,1,0,0,4,0,33,22,627,166.41
4110,2c3ebf8f2259a46d102b598df3512f7226b6522a,1,1,0,0,4,7,0,0,52,110.98
4111,4f9194d1621d7f6574fa03100cf25bc927835ded,1,3,0,0,20,0,45,22,794,324.6
4112,e98f7ac555c946c481e8796c9b2d40b790a19b22,0,6,0,5,2,0,0,0,124,237.66
4113,7e0b08c1d1b05ae647921ecf7ea4998908ed9c66,2,24,1,1,99,24,100,25,9921,2105.33
4114,8f6b28a38d495043793585593c4fb7152bb8a112,0,2,0,0,6,0,1,0,214,109.39
4115,be20e60262348155d7b81c4a0ec0a727136652a8,0,7,0,0,44,7,1,0,633,251.04
4116,23908230bcd5a444f1a9e0702daec083f2f48f57,0,1,0,0,8,0,0,0,75,46.93
4117,010157e9ab16601b72431ad68efb763ea11c170c,0,4,0,1,6,0,0,0,366,154.87
4118,547b37dcb24ed745fa2a3389ba2cafdb0476a325,0,47,0,3,220,148,393,115,23573,4549.08
4119,42fa60af4af204227a8c69d91084282c7a66dfc8,1,0,0,0,0,0,0,0,0,46.63
4120,af4be3de160c44966f706698c1b9aabbb6f4f9e0,2,6,0,0,11,0,31,3,1138,1299.77
4121,d3532169a29537d02c6e4a6768d0db297ea299d6,2,2,0,0,4,0,11,2,1261,441.68
4122,58dcd76331379d180f5a37df60f4511cbc71b89e,0,2,0,0,23,0,0,0,819,256.95
4123,14bcbab13a1dd925943ffa860138e89a0521e888,0,5,0,0,2,0,3,0,480,151.43
4124,cc3544bd893ce758a23b8d52e9c44bb4f80f14ad,0,1,0,0,8,0,53,16,8246,1068.07
4125,ff6ddfb3cf4640f65ebd184e89e587c94fa0131e,0,1,0,0,12,1,42,13,753,207.34
4126,ddab69c495ce6c325d7e06cfb0c704546e0d56b9,0,8,0,0,40,0,46,17,649,495.13
4127,8c182ae10bc03be98ad38defde7518eeadfe9e1b,0,1,0,0,0,0,0,0,405,63.07
4128,b5fe2d2dd65ae0a78d4dc9a7c2e8c485e8082a54,0,1,0,0,0,0,0,0,405,63.81
4129,98a7dd8c88969654baadcee65d34863e97835aa4,0,1,0,0,0,0,0,0,405,60.97
4130,e7f69f078b981bcf7c36457bedef92b5ae4c6a3d,0,4,0,0,30,13,34,11,904,382.35
4131,529580f88e6e9c694a705028e08fd3ee59fd260a,0,3,0,0,10,6,62,16,8309,1271.07
4132,13bc529f44318bf4cfe97c2391dca3d461dc9ec7,1,1,0,0,9,0,3,0,170,123.1
4133,976e628fc01911936caa19e61ea3342f3a19455a,0,1,0,0,117,20,63,28,1054,278.1
4134,e3e43c6dd89b9643d3f7a8f21c4789af24bba6eb,0,1,0,0,19,116,62,8,1055,247.25
4135,98699b3b7e961630e4da1404fa1c94f61dfd1a61,0,1,0,0,0,0,0,0,123,27.8
4136,2ba31f9e1699a9ce40b5fb3724ee3e4ba2c4f8c4,0,1,0,0,10,35,28,7,90,103.48
4137,833a7d158b3a8e45f492e7c82640c1a367d79b30,0,10,1,0,14,0,16,5,2307,612.3
4138,b30fe72e021a4adb83436c4f19b0f400d1f44edf,0,4,0,0,65,34,2,1,931,407.6
4139,6a776f5998b1fc41c602b135c9e1ef04171f4b74,0,1,0,0,2,0,7,5,8248,1058.03
4140,58c4e1215ec059b37fd4899a71c1789619ef5dba,0,7,0,0,6,7,25,14,3193,1404.47
4141,2d282919c9453846e6f3e29e0d43080e3cd9978a,0,1,0,0,0,0,0,0,405,67.62
4142,40e0c380764ba3332a00dbc77bb89e4dfa3f5aee,0,12,0,0,77,35,17,0,1475,621.07
4143,7b9096a922f9706909ba0e52d8188d182a79612f,12,1,8,0,7,1,16,5,85,900.52
4144,fcc2e79511bb1a0db70f4a17ede6ade5e73b1f42,0,5,0,1,12,0,69,25,423,261.84
4145,0afaa8f6dc60d51a01ba8085b1cb89624eafd3d0,0,5,3,0,177,10,15,8,968,491.2
4146,9b5eb45b83d29adf0eb83f65b8821384d9254985,0,5,0,0,0,12,69,22,423,247.41
4147,37db169a844ad1217abcde67b1350d7064d2c005,0,2,0,0,19,1,42,14,812,254.21
4148,5816ff3038ca6b263d97e5b7e8f10f97f2b657ec,0,1,0,0,12,0,25,5,43,80.19
4149,413645d1b7e5597aa882cc4a23e664693707ae21,0,1,0,0,0,1,13,7,133,82.39
4150,e9a72189edfded23c2e4a14a890a0528781852e5,7,1,0,0,0,0,0,0,653,605.16
4151,fb230f9df5b7c990c80326671d9975a6f05e1600,7,40,4,1,218,18,319,133,15632,3882.64
4152,0ef92b2c751f644c880e9e6b02cc81e1e6001504,0,3,0,0,7,0,0,0,782,251.15
4153,53b43cd440a2ee32efa5ad62f2684a4578f390ca,0,9,0,0,12,24,86,42,2451,692.26
4154,749e27a92a74e36152c21981a1cf7adcb92f3e4a,1,5,0,0,13,3,15,10,789,437.95
4155,a42bc67467db024e194773dd50f9cd303882fa82,4,15,4,0,37,36,81,39,3592,1172.09
4156,4536dcd686ba136dc7b462e4c605ef16ba981a9f,0,3,0,0,19,0,1,0,2632,567.61
4157,f13ee089797c3b0a61fd6b053526b8da46ec4d36,6,12,0,1,795,1,8,1,7960,4120.39
4158,53249a3579dce000736a05348b64faed32fb610c,0,9,0,0,537,9,278,39,18588,3037.66
4159,f5665e34de5a6c6496c82bc59d3b5afaa612ab50,0,4,0,0,35,17,15,0,537,197.64
4160,5d4b9c99e8d1315bea44b91fe476e6612ec829b6,0,2,0,0,4,1,4,1,502,788.02
4161,bf44f3ee369d25a7358bb2503abb4c666ff6bcda,0,1,0,0,89,0,0,0,260,122.0
4162,a732a1dc3f2774f646d971798b18817cd2565623,0,1,0,0,24,28,12,5,193,119.25
4163,15485012424b84e4205ac30c09c33548c81f8d79,0,7,0,0,21,19,101,33,10215,1511.39
4164,aed350351b24125ff6bbf36373b5247070c48d5c,0,8,0,0,196,28,31,5,2182,841.81
4165,134b6cccbd7237901f7f7594626796863ca0150a,1,1,0,0,60,0,12,9,3926,589.25
4166,ce457a4962a8f7a43c0da7647d958e5cc87b5dd8,0,4,0,0,5,0,18,3,3228,627.21
4167,c3dd00b27afbdcc2ef7b3c16ee1d446da16ff0a5,0,5,0,0,11,0,15,7,1424,411.08
4168,58450d121437b614427bf8dac8c4eca2f7e29365,0,4,0,0,71,10,8,2,1102,582.91
4169,d37b2231595a7286b574a473e4a7539c5ed39924,0,1,0,0,0,0,0,0,68,20.2
4170,0ebcd938cf0da7ef74ef3534a3aef4b7976a1163,2,18,0,0,131,30,100,46,3567,1721.43
4171,4377c7ff03c93f0b1c69305a1b8852f579a3130b,0,3,0,0,32,1,17,2,395,212.18
4172,347a5a5580742a36a875bd6a5f2ac8acd74d3cbf,2,4,0,0,332,13,128,44,1521,706.57
4173,1289aff1adbff9f35032d4a6ed074207fe1eb4de,0,3,0,0,25,2,3,3,1539,439.72
4174,6460529aa910d7dd4af499d4adf85cbcf67452ce,0,3,0,0,47,32,9,3,1598,461.26
4175,9e1fa0ce6f2003300640f0bee9b267e33d714084,0,9,0,0,23,26,133,34,2411,742.01
4176,e1b03837749c538ea2da7a1dddbedc2ead49e0ee,0,10,0,0,89,123,120,36,5963,1261.45
4177,67b9dc50ff230780d72af229d7e6ac93dc11f741,0,3,0,0,31,0,42,11,510,278.23
4178,121d70f1c0a1130595337db68a0732a51d2e7c68,0,1,0,0,1,0,3,0,1983,353.57
4179,6d1b6bb40ab4b6ebedc721ed76d9a17a200ccca9,0,1,0,0,0,0,0,0,255,44.87
4180,33c86c45c604d32c9f9719c30f700732402e9977,0,4,0,0,0,29,47,5,5546,1833.84
4181,342668f914587aa396a7f74c421c4dcf2037d433,0,4,0,0,29,0,47,4,5546,1131.69
4182,0a5bc94c1cf65d66f793474a4818021f29e05c7e,0,1,0,0,21,0,7,2,357,117.46
4183,868e5e141856ce75af48d854d9e3eb13372d11f4,3,17,0,0,197,23,276,76,6631,1935.07
4184,b6218275b00b64aed7efaf470784cc0441464f67,0,25,0,2,142,37,111,23,4512,1793.2
4185,47bf055c02990272753105b917b487c5bbfe9208,0,2,0,0,9,0,30,8,388,162.89
4186,b70efa447d9ae5883315d88e84ad1262d371213d,0,4,0,0,53,0,8,4,2169,503.06
4187,2b1e273e44fe367c12167409e8552efa2770ae7e,0,6,0,1,20,0,37,11,1312,424.92
4188,0b5c27fdd4fbf8861d4eefc207c2da3a6ceac23d,0,12,0,0,970,504,554,123,6278,2311.98
4189,8729966296a041b7ea952ba67f148d2c48c27749,0,1,0,0,0,0,0,0,8266,1096.12
4190,da82819bc112589e0d96874947c942e834681ed2,0,4,0,0,24,14,99,14,8880,1343.99
4191,4847f652804f476bbc969716fe7643d8b20eba8c,0,4,0,0,496,1000,443,99,5050,1357.76
4192,2d33d091b61dce092543970e62f41b63af1f32d1,0,7,0,0,98,23,55,23,2074,639.53
4193,212077b8ae4aed130d8fea38febfc86c2bc55bbb,1,16,0,0,4382,58,1500,97,79259,16761.84
4194,e68783c8e5cdb0cc00db6d725f15392bd5a6fe06,0,1,0,0,9,7,123,80,1471,308.49
4195,cbebb4d78064a9098e4145a0f7532f08885c9b27,0,2,0,0,21,1,99,54,642,170.65
4196,2a03f1f4648c683414c0b23be0aebbfd614d105c,0,21,1,0,31,30,140,30,3246,1170.96
4197,03ee0481a518585a4a92875d88c560ff525d75d4,0,3,0,0,17,4,93,34,420,240.09
4198,b870d526edbac1831d66f2529cf1a854b57bddb2,1,3,0,0,19,5,107,50,905,430.9
4199,15bdce43db4624a63be1f648e46d1f2baa1c67de,0,11,0,0,440,284,300,84,3337,1157.06
4200,3f07bfcefce775dc77eca13cf623ccde94ff2494,0,5,0,0,14,3,69,25,420,902.58
4201,89ec219e170d7ce59bf223cdce2fb521ba0a1518,0,1,0,0,3,0,0,0,28,37.8
4202,107204a78de0edceaeb4070c2df22214fb56b858,0,5,0,0,109,14,264,122,4645,927.91
4203,48be04b2c5ed7a6e6bcf163f240f50798f820065,0,2,0,0,17,0,51,28,394,199.92
4204,2a8e38814f6dedae4c3b5270540d7ca6ef4b941e,0,1,0,0,7,19,15,2,5090,715.53
4205,501ab99ff6f41479143c1cc1291d49b6758a8334,0,2,0,0,0,0,0,0,49,42.4
4206,64c96e1e92a490a069f9cc924b2ec476187f98ea,0,2,0,0,20,24,7,0,2378,379.57
4207,882a7f0005d95800ed5657f8a7606301d22cb228,2,11,0,2,216,125,352,163,12619,2622.61
4208,fec0c1fab31f79f1d3c775649f1898b010abfb57,1,0,0,0,0,0,0,0,0,37.57
4209,d8f3d33b0629b6db1dad85d23a5b7c49b43e1594,0,2,0,2,6,0,40,4,112,194.58
4210,bad8525cc0131a919753fc700ea1906c0063931f,0,2,0,0,103,9,28,2,439,290.29
4211,e5ba2690f1886952ee366de0310ea2aec031f347,0,1,0,0,54,39,22,13,410,146.76
4212,868413a37dae9d572fea810d1131de510ea3d817,0,8,0,0,253,2,326,171,6224,1510.52
4213,6187e2a6b2848c67070764c76cdbd62b13ff71f2,0,6,0,0,29,0,11,3,2405,600.39
4214,b9e4fe856fcf3bb4339c8efebab1138c9dc1e732,9,9,0,0,202,34,52,11,9057,2662.02
4215,66a02116453427601fd806fe999a753e3a201d49,0,11,0,0,68,0,204,88,3207,1511.1
4216,df722342ac4b4cc39c5edef266bde16bb6bb56ac,0,2,0,0,213,56,161,66,560,389.12
4217,7d766d0bd808eb51cad043a2050787525a6655ce,0,4,0,0,69,16,98,34,1325,405.37
4218,5cd5aae3c4026c30f741760153352e1b6ce3ee90,0,1,0,0,22,0,94,23,249,111.2
4219,a9864f3f8c95e1dfb7a6424f97b024d384abbf87,0,1,0,0,0,0,0,0,472,149.62
4220,4533d21b0be487e1f11fcc95578a2ba103e72a64,7,26,0,15,702,301,995,349,2651,3702.34
4221,6cb5dbe64968f052266f491492225e925e437dac,0,1,0,0,0,0,0,0,2000,353.02
4222,c229f99580dba0eee83e253c5b7c4c596fc0d215,0,3,0,0,63,0,181,43,10325,1859.76
4223,e738914157ca311dd880ca9607aa27c0e78e1caf,0,1,0,0,0,0,0,0,147,44.8
4224,298644f6618b992dbb3352e26e51792edfb08605,0,2,0,0,5,1,3,3,1200,327.6
4225,8c4b99a4e49ea297f5a4f52a723f0697dc4ea272,3,8,3,0,51,33,125,47,1316,1001.58
4226,4959ff5bb7dc590e21f680b9d9be0f2270414309,0,4,0,0,57,22,61,23,2567,770.23
4227,ffa69a22d27e5c8e42e6321561964a1b244c8a7f,0,3,0,0,71,64,124,54,2622,718.18
4228,f25b86520d8af5cfad3a0311281bc8e70117baa4,1,20,0,3,268,16,257,81,8675,2963.28
4229,5c9d99b85a46233bb52aac0277913eef17c8903d,0,1,0,0,1,0,2,1,28,68.33
4230,8a6795895f9c8cdeb729089873404d30f2b7e4b2,0,1,0,0,1,1,8,3,174,139.97
4231,58d820368517ab2e29e2467feea10ad799cf1cbb,0,2,0,0,12,1,5,4,2074,490.65
4232,360dfa0ffd0d0500db016861ef24299f1596274d,0,1,0,0,15,0,11,5,270,154.49
4233,fd06601eb81b39e3ca4d5604ec4f2aebc91c5c5b,0,1,0,0,21,0,22,4,667,294.15
4234,ffb79509bcaefb9e7f916930edb022371b9d810f,30,36,20,10,1385,1140,318,125,9447,8786.67
4235,fedd6596c54db2d0f30d3e1bb8e279d2580848a7,0,2,0,0,4,0,0,0,30,58.47
4236,b84154be3ca8120062ebc14851e5860521716da1,0,4,0,0,68,0,68,31,1872,655.62
4237,a25be60e9f0abfdf7b35536359b43433d5c493fc,0,1,0,0,10,0,23,13,1999,455.0
4238,e2d07e2775b2befea56d70fc3908e7670c79d08b,0,5,0,0,11,0,39,13,626,361.86
4239,ec4b936e66db559cd7226f66d416dad02864530f,1,20,0,0,84,71,659,179,17056,3987.75
4240,115d225d8d311e1d1fa42e8f103c214b26c209a2,0,1,0,0,6,0,46,25,569,919.21
4241,411c356bd975231e4acf97d4ac312e4899098e30,0,7,0,0,19,12,41,19,2540,635.86
4242,2d1039829a4a6b0978e423fbefabce22568ef8a2,0,2,0,0,1,0,15,6,335,121.92
4243,ebc5e6a7bf5d9add958339e773f858833fbad4ab,0,3,0,0,18,0,131,59,941,415.49
4244,dee45522934ae8eb9fbfdbd6df00fcc97377faed,0,5,0,0,71,0,83,29,1969,567.54
4245,d52131d763b8b8d26b6ee81ebac68f8ee9ffdb47,0,1,0,0,0,0,0,0,626,207.69
4246,d2dac26dfa7a93fb15fae08a4eaff923495d287b,1,0,0,0,0,0,0,0,0,76.56
4247,51609a0f242ca96de2d6c92b57d4343f89e0d9cc,1,2,0,0,0,1,2,1,434,281.05
4248,76130a9d54d773619d3c525789d2e4ae590bfe4f,1,3,0,1,2,1,8,4,3015,791.77
4249,e91f69e213f6ee78ad8299cda81079104f7141bb,0,1,0,0,0,0,1,0,2044,390.08
4250,68a4210808ecf965d9d8bb4c934cb548c334fe72,0,2,0,0,25,59,7,3,876,257.28
4251,793681c76e6892bfddc5a4609c124648b9284279,2,1,0,0,0,0,0,0,653,223.38
4252,c57a59611fa168ee38c6ee0ee60b1d6c4994f9f8,0,30,0,7,1332,327,1893,100,78243,19264.51
4253,02b2fb5a991b3dada90b442dbb013d466c3a50b0,0,8,0,0,7,0,10,7,752,253.2
4254,4e3da98d7f05ae29c71bd379c3f59691588c0209,0,2,0,0,44,0,67,21,2640,426.33
4255,0d67cb0b7d8a08ea7ce7bbe43f0ba37d258cd5be,0,3,0,0,24,0,74,38,4080,717.03
4256,a6626cc6fe071b3bee491fe3a0dbf31c58116712,0,3,0,0,607,658,49,20,3200,731.4
4257,0a24c8859f8a0cd6dc4dec99acbaf7f7aa93aa32,0,6,0,0,168,412,613,196,3729,950.17
4258,9906cd2ba9884c5c08b21e40b2db640a07bd80ad,0,8,0,0,0,7,10,7,752,244.49
4259,e1e68b29a5151c6b829d5ddecd9f03fd84504b31,0,8,0,0,7,0,10,7,752,240.37
4260,146a152803971d0bd5e992aa7085ce14a06b3b94,0,5,0,1,88,0,44,12,821,1210.26
4261,c7c4ec4ce384f64cf1721714e505e212832b7ac0,0,1,0,0,44,1,130,49,8309,1102.87
4262,7f6dd6f9df171d9a0543d00f4eb8a6830b459ac3,0,1,0,0,33,0,82,20,1330,226.71
4263,d17d07ef5f61838e6922b5e81b28f0c8e82e98c7,0,2,0,0,10,4,60,20,114,191.76
4264,20c3bd9fb25b38cb37639b9625db6b37eeac881a,0,2,0,0,32,253,30,12,119,191.38
4265,8136a10c1f0c4ebd5545225a9ebddf155ce5d933,0,7,0,1,136,100,274,81,3955,1038.16
4266,3eeb94229af5577e945cb3f5080b83948296ef0c,0,1,0,0,0,0,0,0,256,56.39
4267,1ca01701bc8077659a9c37b849d6ac5e48c8ae72,5,15,1,0,128,44,177,21,2459,1514.66
4268,a55f4a3a4b017d7f3b9279ef7d843e4b5f7fcfa0,2,1,0,0,0,0,0,0,653,172.98
4269,181a85b85c8b7819b4f75845eeea4b053e26e3ee,1,22,1,0,1,0,1,0,1685,488.31
4270,d8ef1ebb3b14cf9c0d968fb3ef64d1c007a6bf6c,0,8,0,0,49,2,145,24,6237,1333.33
4271,f451f20df8182c1e1b63f19307d2df80af9d0e9f,0,2,0,0,94,38,133,43,1558,383.53
4272,5cf0c1cccc2b685396325ee13ca05967bb49351c,0,2,0,0,179,36,118,53,4661,827.64
4273,8d34a3d5721e5a26cd4882ec3ba9fa41613327d3,0,3,0,0,58,44,6,0,1844,367.88
4274,c57a1272f2cf50f835417efd08578a49d01ba2cb,0,1,0,0,0,4,26,6,314,101.85
4275,789f11b98d74fb8225270977ea842012458f46e6,0,1,0,0,0,0,0,0,321,66.93
4276,a259ccb8c7969c8d0a03b162a63afb248578a370,0,1,0,0,14,0,4,3,235,105.26
4277,ea489757103bf6bc6881b0e8c68c67dc79801d70,0,6,0,0,28,3,21,11,898,459.88
4278,eb9cea322c1edc6a8d9dcc3b8d878b201ec05df2,0,2,0,0,47,1,6,2,335,196.89
4279,b7de5b81b32ff901d23e6241a64f204622d3c6af,0,1,0,0,57,29,108,36,1978,330.48
4280,442a1d728f3293d09c35a75a848bbd6d5c170adb,0,1,0,0,0,2,1,0,85,808.06
4281,778c7a3371872ff12f96f1e2654d2d2603c5e2a9,0,2,0,1,0,0,0,0,58,69.43
4282,b69e74d59f4eaf69412ca8cf4cbbdf87cc578a20,0,0,1,0,0,0,0,0,0,25.57
4283,6d8b9d2d70c7f4ac9fc8c18333cf3419994754a8,0,1,0,0,0,0,0,0,38,20.0
4284,47b759f84b876bc7b6dc92f0824546baadd6c69f,0,2,0,0,3,33,92,47,2659,553.27
4285,4dcf78fdaa6aa08c5e5ae7b22721bfd145b5eed9,0,1,0,0,0,0,9,0,311,69.49
4286,25923fa3e781b0d5119ea3da422199dc9d68c661,0,1,0,0,0,0,0,0,1599,192.75
4287,65c3b8ff867e3b9900520c1ac54c3732f9a81f3e,0,10,0,0,46,13,106,23,2904,949.14
4288,066704f7e3cb1f3a949e4f158ffde64d8dbc003e,1,0,0,0,0,0,0,0,0,46.85
4289,fc6f4abc55147a65da94fc5a76df2e93657314fa,2,15,0,3,26,228,401,145,2168,1128.04
4290,f05c566b3a54d784363da16450716efb611c6773,0,1,0,0,0,0,0,0,60,23.17
4291,e48214421da778d1f95dd0eedb086537ab4e1623,0,1,0,0,6,4,35,2,181,124.16
4292,f60a1e5492f3951467ceea5516038a1f51d3d472,2,7,0,0,75,0,40,17,1458,634.63
4293,f6200e70ceca387410caf81701fe762738a75c57,0,5,0,0,0,5,17,1,9742,1524.19
4294,26cdbe044b549dc4f0244ee9347387a802733553,0,1,0,0,2,0,0,0,191,69.53
4295,368bcaead844983c0726b81ff391009623e26e15,1,2,0,0,13,2,19,10,340,205.62
4296,4cbc4a652abe87742ccb4ea93e9ddfadce7d3e94,0,1,0,0,0,0,0,0,85,31.44
4297,45add01a10b13dd046749cd299c36b66d9e89dc5,0,1,0,0,33,16,2,0,197,114.85
4298,5776025c0a18f15f28dfccee24c08a6e951f8e2a,0,2,0,0,55,4,8,1,275,216.62
4299,f1ac8a09d8fb2f3fad4e7ba05a4f71dc73f5e560,0,1,0,0,4,0,10,4,380,110.19
4300,f37b15eac8a3ce1d0e7ef5b146d8788e0ee5ddc7,0,1,0,0,0,1,5,2,368,883.2
4301,721423d229d489fc29666248ce72723bcb6beda2,0,2,0,0,13,0,14,0,845,283.41
4302,f4707b1f1e5e74d12366a2aa682f015becf3b96d,0,1,0,0,0,2,5,2,382,111.08
4303,edc5974a1e87dc140850c6be09c4979c2ccae881,1,4,0,0,0,45,0,0,2665,488.57
4304,7a4fd3377e8a34de724ec45ec61793ac00ae92bc,2,10,0,0,20,1,63,20,2103,793.63
4305,f67c862e30cc8c3d230853c688c5c70d30d207f3,0,4,0,1,14,0,13,3,1027,432.02
4306,6a59cfd5e1e724697279b285eebed851c49ecdaa,4,16,2,0,63,24,123,26,2818,1401.31
4307,b895d9d607c4d298adf468965dc39b730dc2c1a8,1,12,0,0,1477,521,547,111,6058,2291.78
4308,afb4605abf2cffbb676a666b41676518f54d5d94,0,1,0,0,0,0,0,0,536,79.31
4309,696104fab350a470a745530105d34f1015ded664,0,2,0,0,1,8,27,4,468,180.66
4310,bde4f8dac94df1812715c08c37e10706689d1f54,0,5,0,0,36,5,79,17,768,393.93
4311,8584b8b7f7529016b528e68f7802886ab02742df,0,1,0,0,6,1,0,0,320,98.37
4312,bad467de7be5a16239d91ca35939cc42da021e6a,0,2,0,0,34,3,105,49,2306,469.09
4313,59e6c83fd91456b7b1e28dcbc61a4d46c7097dd7,0,3,0,0,39,22,14,7,1845,421.52
4314,0d69a88b9f317e93194e08aee409f0b1b6ccab7c,0,14,0,0,318,11,125,31,8572,2412.06
4315,b1ad0566e46733493344329b20545838fdb152a1,0,1,0,0,7,0,9,3,382,123.4
4316,de3d86cdd3db174d6bc5d8c65796a1e981171124,0,3,0,0,9,0,4,4,2813,532.27
4317,4c57ed35f1151269a1adbbf64db300ae2a1fa915,0,2,0,0,2,0,5,0,336,106.35
4318,b34bfce1576fc46ae55a5fb20d12fc766d029549,0,1,0,0,4,0,16,0,492,104.91
4319,53e01e4a5cd88fe04fa67031b8c3183084b287cf,0,1,0,0,0,0,0,0,672,136.11
4320,d43938ca127a849e50e8eaddd6313d409cea6770,0,2,0,0,373,103,0,0,753,960.15
4321,dc4c66f6babf0d52344d52e9af37cdfa2ed42be0,0,5,0,0,13,8,10,5,469,203.18
4322,9bf23f6c684fab4308fcdc4c042dbef1618a0e06,0,2,0,0,5,0,0,0,145,73.71
4323,1ffa2429ab367a43e18484abb80fd8d21ee285a9,0,1,0,0,35,0,0,0,38,42.78
4324,9d84ad4a10318d0e47e2fb3b5568cc7de944875d,0,1,0,0,0,35,0,0,38,32.36
4325,7583e391d18bacd50ce7c34bb3f7d4663268b70d,0,2,0,0,35,0,14,5,785,293.15
4326,b382c508285d0c691519e305eb72ee801c9c8338,0,1,0,0,35,0,0,0,38,54.0
4327,f65739523338f23c2d960ceda59d660ef78dd315,0,2,0,0,2,0,6,0,1989,388.49
4328,7363d400a89a89000a66c0bb4a68c4177914517e,0,1,0,0,2,0,33,11,8353,1078.85
4329,7e0d18828dc82bff047877ca79ce3ceb23e7b861,0,2,0,0,18,2,550,238,712,266.5
4330,3f0d046e1be6b244469e4cfcd7333583e986373c,0,1,0,0,1,0,0,0,551,91.97
4331,2098f8e98fef1984c76c304fbe7bfc668dd83717,0,2,0,0,2,0,0,0,23,33.31
4332,ab605910e45cfa65b9895399f09194801f2cc091,0,1,0,0,69,46,3,0,148,101.58
4333,60311c6d3aa4d9ee97b3864614549164d70f456b,0,1,0,0,2,0,2,1,574,138.78
4334,bfbd24ef23d0502eb81ffa429397264918a53b91,0,2,0,1,50,0,0,0,318,140.91
4335,ec0921bf745dda0336b30b511a46973c7d21e483,0,3,0,0,31,3,108,58,1108,372.51
4336,c168af26de36ecb66e606b040c862a222ee2a190,1,16,0,2,1135,421,213,54,10262,4732.45
4337,c5b4d66d572fe0f589a2da56ed95560ed287ae73,0,14,0,0,245,441,622,144,8096,2349.53
4338,b2a3f3a83a0175a1f5c6978d7811f7f085ec0195,0,6,0,0,63,13,1,0,2387,620.36
4339,d7f043a4404233421a65e07a0acc325347c109e1,0,4,0,0,39,0,57,22,1905,485.41
4340,a70c82fd01353bddc4ff6db0c0e83cb0b828ee95,1,7,0,0,92,0,171,72,3987,1686.46
4341,26b84ffab379b5951906c5e138dde3eb0e932a97,0,2,0,0,6,0,0,0,753,166.34
4342,f80f65da9bbc03eea55ebc6ed726419dfda3d224,0,3,0,0,31,4,42,11,310,227.37
4343,a5502b26f234ed76966b2e13c7713fdbb7d8be95,0,1,0,0,36,0,21,5,140,97.94
4344,367eee3cccd85f340fa3a04a5bd9958f445a2526,1,1,0,0,45,1,17,2,1579,369.89
4345,b772fed09ec39e883ff034b806038fd49812d398,3,7,0,0,65,83,138,65,4034,1204.25
4346,5783ab8586f0595b7778f64c409442de3ed5b74f,0,4,0,0,202,82,165,58,8686,1468.2
4347,b7e8d0c9c40cd3541aa89228e20372e1fa863c3a,0,10,0,1,942,836,254,74,3486,1386.05
4348,3bc615f827e0246b3ae4ab70d0fb8b360aa25424,0,1,0,0,9,3,166,85,8352,1257.01
4349,4f3c27cca796058ba4be79b00ba1ae919f26ac8a,0,4,0,0,6,0,13,1,1648,468.89
4350,94a0c48d5983085d73453e58fea196fb563ba6b9,0,9,0,0,1070,36,168,54,18672,4064.1
4351,3cba487f583f6ae70c8b0527bbb05bd84437e23d,0,3,0,0,372,0,94,43,2496,613.99
4352,a42fe46cc9c27e4da6f0322e0f0b71c1684f16a7,0,4,0,0,63,2,59,23,952,448.42
4353,44bc8e71b6b7bd6a396873b72c2f1fc872782252,0,4,0,0,18,0,43,15,2416,466.33
4354,1e7ad049954b75a4643684d95ef143bbc6d1a17f,0,1,0,0,0,0,0,0,337,49.79
4355,b8feb6e99372b07eab6bb2558d9a5ece6997422c,0,1,0,0,13,0,18,0,145,76.55
4356,17842e3d590732b4ef9ab700f590aad6a7087519,3,0,0,0,0,0,0,0,0,159.73
4357,f40ea94d5506f82c2ad5160b46e1b0cb727defbd,0,1,0,0,1,0,8,8,173,99.99
4358,2c7f2e9d609e42154d0f699151f4e854051ba167,0,3,0,0,11,4,15,5,803,383.36
4359,2de64b0b0575264aa9716bc6fa824cd076884257,0,1,0,0,10,0,34,8,183,96.76
4360,4d349dadb2c6103b8b1f50226f2384b519dcc59b,0,1,0,0,1,0,2,2,173,719.68
4361,59d00c7c10417c8e63e51d6f6130194bb1c31406,0,1,0,0,7,0,23,4,164,91.22
4362,fb0f1ab7d92a82ef4b3453052a101bebfe778a3f,0,6,0,0,22,12,3,0,2219,483.93
4363,be1889058afa8d341741629328cfbe6ccafb0038,0,2,0,0,12,136,130,53,9238,1381.23
4364,a178fb0838bc5407a1d664184304ae51d40ea9b7,0,1,0,0,8,0,12,6,222,103.09
4365,517848f0be25e8799d5984297bf2cd26d6f0479c,0,3,0,0,74,9,43,25,811,318.74
4366,72cea13e4d968fad86be733c1f1aa65aafbb1fc4,0,10,0,1,239,27,254,50,15828,2514.2
4367,dbb76ead42a94560bc53b78781bf2174aad58d3e,1,2,0,0,19,0,7,1,5279,773.97
4368,91068a23ee32e856b90121f29f0a8cf8c7a00f40,0,1,0,0,4,0,7,0,1338,198.43
4369,23fd2ae1c0bf27cedca043607decc263c9d3fe91,0,2,0,0,58,43,5,2,92,120.72
4370,cb24d29e6320ec71a2623e4969296ebc6d75f7c1,0,2,0,0,11,0,9,8,887,323.76
4371,fea5c84ce230c4d08f1d581952c9a4ce300e43c7,0,2,0,0,77,2,52,13,2123,401.37
4372,22df7a8441ca85ad7f64e5191d4675f2f36a0664,0,2,0,0,0,12,297,141,718,203.87
4373,223350894fe5aa653668e9f39e43218e514f2b24,0,3,0,0,2,7,504,216,2265,514.86
4374,935ec1b3e9197fb2af57789da5a27a5ec5be78f7,0,1,0,0,0,0,0,0,4159,499.2
4375,39d46a0f3e37636e102e67ac11ad08348bf4ccc5,0,1,0,0,21,0,77,24,271,125.83
4376,fad946bb2c11a9159b78426865975c0782e5f663,0,1,0,0,9,9,20,7,273,120.62
4377,82b84ac766f54c72a76d5e7fe8fd4fe67d264fe7,0,1,0,0,3,0,3,2,5233,762.22
4378,d297b51087da908c81aa7a04263a00b3420c4d70,0,6,0,0,136,55,136,67,8516,1465.96
4379,a61c351848ba358b3834d9ace934f01a60d8a021,0,1,0,0,10,0,27,13,271,109.47
4380,5fb8a8b8884d9b7318d61b77cc9b98ea6cadd570,0,3,0,0,0,1,10,6,5972,1598.96
4381,f9adb4acaf3f452315882528163da6db98a50db6,0,3,0,0,11,0,6,2,650,265.64
4382,beaa56d028cca239efbdedacdb3ac9658d9aa0f0,0,5,0,0,41,22,294,104,10799,1636.7
4383,3b2c1afcf54c1d70c19a7c08ceb2700948982b1a,0,9,0,0,53,38,65,27,3019,827.94
4384,502c652a85ec7049e2a5263c4bc7193878bcd358,0,2,0,0,10,0,1,0,744,205.08
4385,7f27c83a99d402c41aa1d012d8af3dc7ee2904ed,0,1,0,0,46,34,38,4,1331,250.58
4386,5b2c36a4a88d279f134f3a8e5c928bb1473b9673,1,11,0,0,121,25,57,20,1763,886.16
4387,4451151ddf75fc1febea738c3ab6c29650523822,0,1,0,0,1,0,2,2,15,63.15
4388,7f9438357656edfa39e2539abd69773c64c9af95,0,5,0,0,87,11,31,14,3977,785.09
4389,9b21e17dbd644d22ec2d652a4c6f7258b20228c3,0,1,0,0,0,0,0,0,255,56.1
4390,ab88dbb22fa6f4b2ec871f89b1dba74c62837a8d,0,1,0,0,6,3,26,11,573,162.0
4391,9b01df82399567ed99ea378312b378e18096b1b6,0,10,0,0,224,61,34,13,2331,632.76
4392,97da313e3a8b163b5d2192c2a24755e96b3cfea6,0,2,0,0,34,11,44,14,2246,366.08
4393,aab020f0f44db4175fb0b292653dcdd9959731d3,0,1,0,0,0,6,0,0,235,70.76
4394,507c6b9d0455aa46b065bba7be72397952119f0c,0,2,0,1,27,34,8,5,311,176.19
4395,8f183945ab0e4f9a87eb3812eeab84ec12842751,0,9,0,0,99,47,41,5,2132,871.55
4396,0cce1a61ac051d32edf8fd48bb1b07aeb1abe6af,0,1,0,0,3,0,2,0,536,153.8
4397,29a259bea18757b3ecc868997d24ac7048f6eb4d,0,1,0,0,3,0,3,0,132,67.82
4398,f44bd6f6373d98af33b911c7f896b50803e4e73b,0,2,0,0,5,1,5,0,267,149.56
4399,12c8de048631dd69a27d62ba2f4038134db4df11,0,6,0,2,53,11,70,36,7550,1194.62
4400,04597681d296e7121cbd71af6408a11681bd4c80,0,6,0,0,41,0,63,15,837,1131.51
4401,47b5b5cdb8702c9ddbca3911b6a03ca59982b3c1,1,52,0,5,201,154,739,225,16722,4721.36
4402,dbb228e0e58b845b7a4a4bd031a20058ca531dc6,0,2,0,0,87,0,97,36,8702,1355.09
4403,b53794b83e8bf678cca96946ec757449ae95d93d,0,7,0,1,9,0,3,3,2316,480.21
4404,879026e93a0915dff2de5a8360eea7e06836b2a4,0,1,0,0,14,0,40,3,1377,226.68
4405,eeaea7f841429c3e785e485b1887f3f7157bd6ed,0,5,0,0,21,49,9,2,3116,545.13
4406,dfa1a5e1cd417671eee16b63e596f6ca936bbd91,0,1,0,0,2,0,2,0,519,100.25
4407,0896025e24869b6362c430a804c784b3a5a51e63,0,4,0,1,78,3,29,13,559,349.03
4408,1245d0d74517128e397a8ff45828562870389669,0,1,0,0,0,0,0,0,342,69.2
4409,13736517062e5b8efd87b18bee2da0c106634c5a,0,1,0,0,5,0,1,0,92,63.57
4410,de5ae86ee70d9396d5cefc499507b5f31fecc916,0,45,0,1,137,27,314,87,17245,3593.84
4411,438109cb90f126e6043533bba060f166bf55c954,0,24,0,0,272,34,802,266,16428,3418.54
4412,5179558cc22649a30f127fe7ba2c5ede29af8241,0,17,0,0,135,38,322,92,18178,3262.76
4413,d868b60944b59a03dfb3f7c5a00cf5cf93a7bd95,0,2,0,0,24,0,1,1,378,183.99
4414,8b8d83f8af2f24f4c23afbfaa093ccc6f11d02c2,4,7,0,0,14,0,82,13,1128,503.48
4415,3390f5d48fda6e86d36fce062c4ab98c15aefb0b,0,1,0,0,15,0,40,4,2064,358.23
4416,8c546fe337d7900e4b5fa5b308ce5b49547e0f4b,0,2,0,0,36,81,108,49,2694,609.96
4417,afa62e5ecdea4f0464401eb7c0865cbc5919fb73,0,5,0,0,9,7,2,0,1317,277.2
4418,1294cbed5a8e069a961e966aba57fb5ae11eb957,0,2,0,0,2,0,24,11,239,110.2
4419,a864bd39aa89fad3720ad3b968598bf79570375a,0,5,0,0,7,9,2,0,1317,268.23
4420,64a053b69c982ea312654b14d002f1e523603e52,0,5,0,0,55,12,27,1,801,1101.65
4421,9eb070ab76f6759e5f7779594fee07c0adb0b92c,2,6,0,0,13,16,7,2,1606,463.5
4422,391335380893ffba7e7b85d1d97d17555c044b89,0,3,0,0,4,2,0,0,1010,186.92
4423,cd5147c7e759bce87c8af9370dbcf79fdc717eca,0,1,0,0,1,0,8,1,1581,253.83
4424,9938d45da0d6bbd74e0adf72ca3e19e58a03c9dd,0,3,0,0,63,30,45,17,3070,628.58
4425,d8f28f0daff15aeebbc093839074e5b6de315299,0,1,0,0,15,0,170,42,994,197.93
4426,9f40c8fb9bcf5cce44a7b496e14ba702c7fc37f9,0,2,0,1,12,15,67,21,610,200.14
4427,dcfc31b83b8b605c689a975cf17f29eacdc3e24f,0,9,0,0,135,17,37,15,2285,781.35
4428,9500f23afa435934e9bfba30f9085de5bf34ef0b,0,3,0,0,4,0,11,4,284,117.97
4429,cd4d291e295c3e604afa35e39139a5b4dadbc150,0,2,0,0,115,0,28,16,607,249.32
4430,c922546e850b25797f38e83e3f05e55ee5ea58f3,0,4,0,0,170,44,48,13,757,388.93
4431,ce7b353ca59df0e2f6cfff10092026a093415aff,0,2,0,0,8,54,515,173,8627,1275.68
4432,8b9263e20fab47579226b7fb5f8461f2ac51a6bc,0,4,0,0,0,3,0,0,682,173.95
4433,1bdbdc4ddfc4e66ac06a99ce930a87cf52307440,3,4,0,0,6,1,19,9,10254,1676.56
4434,477a47d3b4b9e3da3c22465217c2024588f7f000,0,2,0,0,1,2,5,2,436,164.12
4435,4941c17d7fa2e0a17fcf91ff9e034cd73db74c95,0,6,0,0,119,82,99,46,3757,919.29
4436,7938668b40e4785175ee2278bde033e15d804767,0,2,0,0,0,0,0,0,330,64.59
4437,949eed2d0c04bb034805f06f3d7534fa55862f34,0,6,0,1,433,112,477,105,4378,1101.27
4438,ef01bc8b5305efd7c1a19cf1b5402b13444527d4,0,1,0,0,44,47,45,18,957,219.98
4439,529814e3d0bfaefdf3f1625d014d9e05149f5ccf,0,1,0,0,0,0,0,0,521,65.16
4440,6b0131b04dea38bda5237ab2b7ec1be5cf0c59af,0,1,0,0,0,0,0,0,521,794.98
4441,034c9821b496f0b182fd7e3d967d421580c0f23d,0,1,0,0,0,0,0,0,432,75.24
4442,56a30f14c2ec98b1e423a7f8fd65cc516b6b2ce7,0,1,0,0,0,0,17,0,285,70.56
4443,d20921100efb4411a82cb716e3e0471cbc118c71,0,2,0,0,13,0,27,11,2661,613.62
4444,164889838dfbf84318e7852369b5151362f496ca,0,1,0,0,0,0,0,0,657,300.14
4445,75e8be81a8645746baff209b2fc0f997587bd3ce,1,4,0,1,23,24,131,57,1962,685.09
4446,4e3fdb43b97358e57691955eb6f5248c46462a80,1,2,0,0,42,35,15,4,375,235.03
4447,c08490b74a15ce57a140c7826ad4c666f8be719e,0,4,0,0,57,30,141,63,4823,1012.51
4448,ba62b66bb83c2c603fcdef8ecd13894fc9d6e409,0,3,0,0,15,5,30,2,964,421.01
4449,23c0f71641da5e4660b7ca6d14d45673c8f1fb95,0,3,0,0,84,25,51,3,866,307.68
4450,15efc47f8f54efd6c5c3656975cf45e64ea5d7a0,0,2,0,0,198,0,90,41,1206,379.0
4451,4b6ac735ffbdbfa16ee0fff33293c94f6b711f06,0,2,0,0,4,0,5,4,265,122.52
4452,f008a38b433fc287a233c7131b1d7e45f9465557,0,15,0,1,104,184,276,96,3195,1098.42
4453,090adc60a0bb574c90c7bad593f796e55e5b40a9,0,3,0,0,14,0,17,5,657,244.69
4454,3bd9d63ec263a53e701ee21ea78dfd7716d83ad2,0,2,0,0,237,1,192,47,570,360.15
4455,51930643971df816ecf1de61b37d2bab5f455849,0,1,0,0,10,3,9,3,702,204.16
4456,44bcedbadefe3673baf3c3dd11615b6facbb78dd,1,0,0,0,0,0,0,0,0,56.93
4457,348b8ec27c86b1f1674945d7cdfed81dade2690c,0,1,0,0,0,0,0,0,83,34.68
4458,7500ab561268e6f1ca48d9287d36f15a3faed5b2,0,1,0,1,0,0,0,0,18,40.81
4459,c194577ba8b4bd86e5e69933746320aacaec04c6,0,2,0,0,9,2,8,1,1656,437.65
4460,9343fee5d10ab5ab64692d9723a6c35e77adefc3,0,5,0,0,17,15,116,61,6506,2028.51
4461,ddda38be4cc7a9cec987671e9631c10b2a833738,0,4,0,0,2,1,62,30,2350,572.51
4462,07c20035fb426416d999b6be54256953a1b7c8ab,0,1,0,0,0,0,0,0,292,52.09
4463,ce6a654bc13e8798b4b8f7446cef165483316fff,0,1,0,0,2,0,2,1,548,125.06
4464,0438701395161325a429b4fd8211213276aa0fef,0,3,0,0,19,13,5,0,1376,313.83
4465,a92abf56e3d1a785db80edc84d3e082858c1a648,0,2,0,0,44,0,172,61,769,220.75
4466,84708e8a46f5990af3c3479c413de8cd709ead55,0,2,0,2,0,0,0,0,485,312.55
4467,3d4408f7d0aeb4a703757a8b6de3fca02a76201c,0,1,0,0,58,0,118,60,896,212.28
4468,ca807c63ce6b026a368c074ffa1aacdc41322733,0,2,0,0,10,0,1,0,273,130.44
4469,6447f5cd57d193c6ceb6aaf141fb12f29ac53cd4,1,1,0,0,5,0,6,3,37,143.33
4470,b3c5296d79c0c20dcb6ae3d0be3f0b296e38eecb,0,1,0,1,0,0,0,0,19,46.27
4471,ecab0d072b50a8d85dca6e850e47425d96c1ac09,1,20,0,0,1147,193,494,133,9942,3165.28
4472,4b4580a4270bc69a43fc0c087475629128a023c3,0,1,0,0,0,0,0,0,285,57.86
4473,d97e4e2c9bdd292f433173e9cce7445e9916e64d,0,5,0,0,15,4,40,15,811,463.82
4474,bff1b9e9e47944c679c3b9b62796bee408ddb652,0,1,0,0,16,2,29,11,116,101.39
4475,1f7e10c031cb63b80d9de950004108d70cd57afc,33,1,1,0,7,0,0,0,1079,1628.15
4476,1b0bbb89a41a2374e06c41f82c779ea28cba7afc,1,0,0,0,0,0,0,0,0,38.52
4477,9fc51b0c4b8b0c05d79087351b345bef3b235a7b,0,1,0,0,5,0,6,4,46,106.93
4478,1c123126a80fc80912488b14946e1338a36b3c68,0,3,0,0,37,16,64,39,3023,548.97
4479,653b85899134229a7fd6debeacab37e82bd350fd,0,1,0,0,1,0,23,7,1608,237.97
4480,fb86e89a15db784fb60d090a50562cdb5776786a,0,2,0,0,3,0,0,0,49,842.49
4481,4d2c456443ee3700f6dbde5b32e2358f09df4351,0,1,0,0,0,0,0,0,19,15.98
4482,a3f16cfec155f93ada85ce1fea32112351db22ac,0,1,0,0,0,0,0,0,22,29.92
4483,b04f7ef3991f8575c96d8946d6aeecb71cdc98bc,0,1,0,0,4,0,69,17,1009,219.12
4484,64e916245a7a419be309408a63daca4566b063a0,0,1,0,0,49,0,24,3,142,146.87
4485,2d1f403dd9df751136c1b77a9cdccd3212d20c24,5,23,1,5,62,53,476,240,5164,2602.86
4486,6a93fa5c615ceb5438ffd6cdc50513318ca0d69c,0,2,0,0,11,16,5,2,644,182.22
4487,39c858c77d94d12b5d1d11dd780587c031b49c1d,0,1,0,0,0,0,0,0,657,224.12
4488,127898f52cf5ccd21e5a84eb1ce53ea5ff45afd7,0,1,0,0,0,0,0,0,235,56.14
4489,4777289561340471c4d40184c3fa23d9a35b2599,0,2,0,0,0,21,60,25,290,187.31
4490,a4d8c66084f1cdd7894da8d99420336ad374c0a2,1,1,0,1,0,0,0,0,84,74.89
4491,c989605d995b63393fae834667549ec18b67475b,0,2,0,2,149,9,4,0,98,195.76
4492,4b04c9c9347d79ce02f5c0b40498bbf438296e2d,0,11,0,2,24,7,77,19,1263,757.81
4493,3d325d7bae94b3fc371fc6ea658ddd8bac95d040,0,11,0,0,3,16,45,13,1271,531.4
4494,aff5d9c590f3bf5d4e4485fb3efc3c4a9794c5dc,0,5,0,0,14,1,64,39,6502,1131.82
4495,bde285d33d8733bd667bae4337052ad2524e0aac,0,1,0,0,53,0,71,32,343,176.94
4496,e5dd6fdc21fa46a907dd9ca2af484cb7c18f258e,0,1,0,0,0,0,2,2,169,64.84
4497,e40def4ce53bb2b757c7b238c0bc7e975b0a3960,0,1,0,0,22,71,129,43,2136,421.8
4498,4f220bbf8460e29e0c616ad55ae069d00247866b,1,1,0,0,0,0,0,0,207,91.49
4499,09334162410792e5dd58c05795e761766d524227,0,11,0,0,16,3,45,14,1271,522.73
4500,d35ad06779650c8b5f6c259413bf03e9909ba72f,2,1,0,0,4,5,46,34,1565,1239.12
4501,cf9538b9b2860247babed885afcaa60528a6340a,0,2,0,0,16,0,0,1,184,146.19
4502,d0f5b893a8f3448882f18cca7cd2fec02c708874,0,17,0,0,316,93,749,263,15930,3217.96
4503,673f3263af8dd8c1cc890cb159b6328e4eda5694,0,3,0,0,15,5,21,10,2376,436.66
4504,b80bcd0583cfd069e2ca77a393c191bef8eb5eb3,0,1,0,0,0,0,0,0,22,32.67
4505,406e935f27f60bb01c53d54bdb2c91429c95207e,0,9,0,1,26,5,75,33,1709,592.38
4506,60ec753e0bf3988b4190f14d20910e938842fed0,0,1,0,0,0,0,0,0,190,36.01
4507,ebad27d5164440c9db3080808c2e66c53c1d8b4d,2,5,0,0,20,0,4,3,1037,501.78
4508,ec4673bbc61b2555ef2d992266055a331443b4d6,0,2,0,0,22,0,12,3,137,142.14
4509,1f6949f958d63f5b1552a2417d7c042a416cdbe0,3,3,0,0,43,17,78,23,3212,785.75
4510,fa3a8b9bd16aad66b869ee30f6ddfa12f2fd5ad1,0,1,0,0,0,0,0,0,12,10.69
4511,8f5dee8c45ccf249b56609edb4a66d0211e2a00c,0,2,0,0,24,0,13,2,1699,359.51
4512,e6b5115868ca42f974e525d2309e747be65f5d80,0,2,0,0,1,0,9,6,1435,317.32
4513,87dcab470f33ace818c775da6b0a9f18b10f66ac,0,13,0,0,215,74,276,119,14828,2800.83
4514,b04a2570d2f6c95e74c562797c9d2771ec1c4ec8,0,1,0,0,0,0,0,0,22,34.19
4515,fae4e7d1d8fb74400b80c759eeb75ecc431615fd,3,13,0,0,17,24,36,10,830,744.88
4516,b63ad9b0d6c0510e079d87b14db9f97fcca3d0c4,0,13,3,0,24,17,36,9,830,564.97
4517,fa1d8c7602a12726c179cfc4432382bf22f2b7d1,1,9,0,0,29,41,26,12,3613,983.77
4518,9365bec584b5a9fbe30f7747b527ca7353dd878e,2,8,0,1,45,11,48,14,1510,840.28
4519,769d562c72bc4768352e0dcac0c82cd213863203,0,1,0,0,0,0,0,0,190,49.0
4520,1d926ae8180857033704610fe065415893660ee8,0,1,0,0,1,1,24,10,2016,1232.6
4521,e870ae1d65681ea6b8364f30cfa163bd9021df99,0,1,0,0,0,2,2,0,168,73.56
4522,4cc783e5585979ca3835a9aa35376b8ed3f0b086,0,2,0,0,16,0,11,4,288,174.04
4523,22bc78e5551d9ce633a465eaf240fa0ac2984e97,0,1,0,0,1,0,27,9,316,112.91
4524,c661e947f78dd685e6842a6a1befa55f30070430,2,1,0,0,0,0,0,0,653,274.0
4525,6e76ee3aef2210b2a1efa20d92ac997800cfcb75,2,1,0,0,0,0,0,0,653,320.76
4526,146a9183e60744746029e6a700c6d68a2edbc845,0,19,0,0,368,15,326,90,4768,1319.36
4527,63fdb513f907309b4de4122ea5e37f17da7e0f7b,0,2,0,0,7,1,23,10,1435,432.37
4528,cd6c3cdf91c466a01cd08b108601f8a654a192a8,0,1,0,0,2,6,12,2,659,202.2
4529,8cec20d97c8c61e41d38b52f435c7ed55b1d1761,1,3,0,0,8,16,23,10,3289,654.6
4530,943a361da621ebe587c613c811231c606c66e515,0,2,0,0,13,52,159,72,4162,753.47
4531,0a6d30b3e89d97028b3cd4174ec92e1f5a56d49f,0,1,0,0,33,22,41,21,334,204.21
4532,d2e294cf592aa8f9393537b64562fe11b7355306,0,5,0,0,55,139,419,174,10133,1674.15
4533,518789df22310b2ff95e92d0ee7cf7636daa70b3,0,1,0,0,15,0,50,24,1086,236.11
4534,7c7fa756cbb79c004363cdac55e311d7d52ea9e9,0,1,0,0,0,0,0,0,190,33.87
4535,f80d260250440719301c4c1e95759854598854a4,0,13,0,0,35,69,198,41,6748,1546.95
4536,ff67cdda1c538dc65087878eeba3e165cf3230f4,0,12,0,0,0,0,0,0,6700,1010.05
4537,0b62e6f38788de81816abacf025d61bbc80d75fa,0,18,0,1,956,799,420,257,4319,1675.89
4538,94dcf4abb360a0571eb54d220a1fb0b3130211cf,3,13,0,0,17,24,36,10,830,629.24
4539,0e91e28a9b81916259b8ec8d82445e398d33d4c3,0,13,3,0,24,17,36,9,830,507.39
4540,f4a857ca17348cff8671e685a13ebc01b5114c0f,0,1,0,0,1,0,0,0,240,881.97
4541,7dd1d3694856a2fd55eba1355e81e5fa71477b0d,0,1,0,0,0,0,15,11,4185,604.22
4542,662728fce3ca31c3d1b27b16cf8a087f62deb578,0,1,0,0,0,19,18,7,634,188.04
4543,6b51023166b343daeb3a3eaabf1894a78acc5b01,0,1,0,0,36,62,67,9,699,305.81
4544,d7e2745eac5e4d56e8af928e98626194406ca9f2,0,1,0,0,2,0,72,28,367,132.25
4545,4340d4619ec10594a2ad6b4189b4656ec1cfbc8b,0,1,0,0,0,0,0,0,78,25.19
4546,70299dc48f93433fb53611b05f8a719b841575c5,2,19,0,2,869,383,736,265,27348,4999.66
4547,83ef6f9272d71e1918ffc89635709b4f81e8aba9,1,8,0,0,213,25,90,18,858,554.83
4548,e297a157cfa57f0bd08843bf770856b2f168da75,0,4,0,0,136,46,75,22,2267,574.67
4549,19774029c4c1d90982354c36840bb485d74faaf1,0,5,0,0,10,0,16,5,1477,474.09
4550,96508d341fbae4d9ff4268bdcff4849893d9c277,0,1,0,0,1,0,0,0,285,79.31
4551,66af76435b5a9852f3fa1b8ce9a12c01128737fa,0,1,0,0,0,0,0,0,22,35.21
4552,91082e5fffbce87029e0a0280d50693a0ffdb1f8,0,1,1,0,0,1,0,0,21,71.08
4553,ed82cfa914769cfabfc7460b7b5abbdae71e562a,0,3,0,0,40,155,133,55,1265,346.79
4554,c9224d58cce6e0b0520598894e962c48ce9d97e3,2,1,0,0,36,178,22,10,5236,859.23
4555,76b311f59a87bc2350a6dd06f1ef2b0700d1b163,0,1,0,0,199,27,13,7,32,152.18
4556,e2bd513a3970b141576f7ead25fc6cfcc5fcda17,0,4,0,0,67,0,4,0,940,379.49
4557,e532549f162c29e6f621c9cb0ba7588e5882e4bc,0,2,0,2,6,0,2,0,348,221.34
4558,990927e3dcddcc7c82a16437d55d9f7ea9a1a447,27,3,0,0,86,318,6,2,359,1259.74
4559,e08d94e57d99245ebaa90c4be69dade84ba27172,0,1,0,0,6,4,6,3,172,112.26
4560,a21311544a4935785aa964e6f2c66b1669982e8a,0,3,0,0,8,2,12,2,1040,1229.09
4561,19fd56137caa23fbe8ef1e452a11603fc14f4325,0,1,0,0,9,0,0,0,735,231.22
4562,0c55d46f2afdc7c282304839a10ac39221520316,3,8,0,0,57,26,171,50,1839,788.94
4563,737fd09a20dbb4b728307f84825f7ddc4294ae02,1,2,0,0,47,0,13,4,528,214.68
4564,ac977cc88757b49fbbd5c3bb236adcedcaae396c,0,13,0,0,7,17,66,1,975,408.71
4565,b597ab2a07034b9c82e4bb0591123c3a115f27eb,2,39,1,11,474,682,855,231,6705,2694.85
4566,291f3d503d5a8627f86ef5f7fdd7880d8da4760c,0,2,0,0,101,36,32,3,233,232.82
4567,d16d4f1bcc43d6ebcab0eaf5bc635fb88b60be5f,1,1,0,0,0,0,0,0,682,174.82
4568,20304c0705c4ad861b5915dacceaa6d6bdfe91fc,0,2,0,1,0,0,0,0,0,20.54
4569,474425aa62e3f25b119419439373aa684c6c2121,0,4,0,0,28,5,136,43,1629,542.84
4570,0562efce642e70f1ac69eae6cca8c0a63230bafd,0,1,0,0,1,0,4,0,107,70.45
4571,45c1a09b7b76e41f05520de4bb0e26bb6fadc21f,1,1,0,0,0,0,0,0,634,162.11
4572,f903c4afad360ea66ec266abe8a3f414935c82ff,0,15,0,0,37,211,10,2,6334,1383.51
4573,59539885725a96cca4b3f0759a5b26e0d8198dc8,4,2,0,0,0,0,0,0,1743,451.55
4574,0a4b3d8ff673f6f6670293a7491873c229cb0f40,1,2,0,0,2,0,0,0,217,150.42
4575,e19f0e35e09ca283e5de46ae7e2db1e11396335e,1,1,0,0,0,0,0,0,634,181.45
4576,21a0142f333fba231f2648db53a48dc41384ad72,0,18,0,0,627,220,1467,123,85308,16892.43
4577,efe9c84e7bd30de537b0b2c0a224cb47b16b7618,1,3,0,0,6,15,170,50,3092,602.14
4578,0ce24b93e1ba92930c316dee0eb1262a27a101c8,0,5,0,0,471,72,309,123,3187,870.07
4579,96bcee86c8df1c1a511fe70c1a37840d996abb9e,0,1,0,0,0,0,0,0,652,196.76
4580,c53c9be7181fc47bb5422473edbba1ad9ae81042,0,2,0,0,28,0,50,14,318,847.63
4581,a0bf9d6296760af7ce8ed29d5ccf13683a46d809,0,1,0,0,0,0,0,0,221,39.15
4582,8e0b19b3c469c1e0d4165cc1e4652093195fc587,0,1,0,0,2,0,65,17,163,99.14
4583,d729b45446dd4eef5a06c71ee4c4be9ee37070d9,0,4,0,0,106,21,37,9,3132,697.58
4584,66f1f9bf70eb6c3587472b13196b0847f47d09b2,0,1,0,0,1,72,38,2,319,146.0
4585,c52c17b227671ad1cb44b1fe24134c7ccb4a06e1,0,1,0,0,25,2,32,18,185,117.41
4586,17afd9bb90ed8b073ac23c8c3162da9c877df90b,0,1,0,0,2,22,26,1,188,110.95
4587,04b303b6957a6b6f580ee10a4215b21071d87999,0,3,0,0,105,242,253,114,4465,884.19
4588,9feed2f61aeb91d34b8c4231ca1d6149d81c8a02,0,1,0,0,2,0,4,0,659,144.92
4589,b9e815722686f5bcdae40caadae34f84509d86c2,0,4,0,0,173,39,385,169,5468,989.11
4590,6cb02dd6efd1d9e29fb633d488bc4ea7ca0eff50,0,10,0,0,67,15,44,10,703,447.45
4591,623062ed4f1997ec01b1c82c7652a6976faac44d,0,8,0,1,17,0,55,21,767,478.64
4592,0b90e8f0bf7cfeef8ce01123e57a3978028a581c,0,1,0,0,11,11,0,0,733,242.81
4593,42d997a298a82410ee17e874b934a4953380bbc5,0,3,0,0,128,206,159,36,590,276.0
4594,9f7fd6a432e230417cc7531e0152ef62b024885d,0,0,1,0,0,0,0,0,0,27.54
4595,9cfdd4bb0c63ac487094692caac2a66d4831f973,0,2,1,0,5,0,0,0,736,299.51
4596,527f21b1750f54b69519e63088755463550e301c,5,2,0,0,12,0,11,6,1206,469.2
4597,0995719d06e7fedb75e53c5db9f195767c259ec9,0,1,0,0,11,0,0,0,744,230.02
4598,eacf9f9b6d7405b68def88ffc5fd755222375efc,0,17,0,1,423,264,468,181,18508,3367.14
4599,41c38ddc056aaae78fb5bb33632d0d02c0e288fb,0,1,0,0,0,0,0,0,545,84.02
4600,8f886f229931eb15f2360a7fc394a548d6c33117,0,1,0,0,2,2,4,0,225,877.88
4601,1901e3a6ab97c150905c04c591b33b2c640e4b87,0,1,0,0,84,11,202,86,809,260.81
4602,9caf230013377229e88b2c8eeaf53b7038e8e9a1,1,10,0,0,83,10,92,46,2651,974.57
4603,8029e11b3c913e0aebc0a719a19b85d96db28a32,9,3,0,1,92,63,19,4,1398,760.98
4604,e9c217fe69e1da068579ea3b5a1de02ad11730a3,0,3,0,0,7,0,6,4,178,103.76
4605,e0e10a9324cfccc8bef7bccb33d9f1509832eba1,0,1,0,0,5,0,0,0,65,44.4
4606,2cae7361fdf8347faf0fa2edfc6f52600ab764aa,7,1,0,0,0,518,0,0,3,262.87
4607,af4ff3787d648a9f4c80b5446d6bcd80b1efc69e,0,14,0,0,192,54,426,168,18064,3008.42
4608,edaebb4b29e99a0fd4abf50db910449f1c41d06a,0,5,0,0,77,30,86,31,3709,633.01
4609,4b7f373e58a222cc2bd83ea28b916009d7ebf75b,0,1,0,0,0,0,0,0,24,37.79
4610,d7ac21fecfaaaa44877c64c457031a513db5532a,0,6,0,1,57,41,25,5,754,388.67
4611,8888fe4d88d6459f7b3672d3cc32e87b3c742214,2,1,0,0,2,290,30,0,30,191.39
4612,b6571eaef2659672a9d3cdf36e2fa6f2168f8063,0,6,0,0,29,0,178,96,10769,1622.54
4613,044f1fa3ce868d4880adbe8c92a24e15e8b88dba,0,1,0,0,0,0,0,0,19,19.07
4614,a057e12cfeff59a6955d58e3bc4107a204b88ea2,0,8,0,0,79,3,269,111,3538,755.22
4615,3252bed8faccc84cdf560e43674d31a9144abbe4,0,1,0,0,38,0,1,0,322,120.15
4616,9072575eaa92290bf241d38ae490a96fe0822be6,0,8,0,0,17,3,73,30,2098,571.09
4617,a7dbd4e0da7e3eaac1889b0b75b68ad9677deac5,1,2,1,0,0,0,0,0,28,104.24
4618,19999dad89557a1121bd26b804e449fb09825564,0,1,0,0,10,0,2,2,1191,237.85
4619,8004f71e50c682a664215e04e2b387195c5932da,2,18,0,0,341,20,202,65,21890,3532.33
4620,ff1ea20cb72e7e754fca1fc00e712adec257a204,0,2,0,0,0,0,0,0,2103,1044.32
4621,f2efa6a2be52f09e700c931a293c816a446bf619,0,1,0,0,78,54,8,2,219,132.5
4622,e2653db377ab7fff34563d348364fd0c92f359c6,0,1,0,0,37,0,31,12,1391,246.64
4623,f99a6e84447874a6a2453c62c34e6756492aae12,0,2,0,0,9,0,0,0,561,101.33
4624,394fc47daf1c9e6c2b5406b8f0a57163a2678315,0,6,0,0,123,289,341,122,10855,1849.76
4625,0049a21f5442581b463f1bdfe0b1c12983c62ab2,6,9,0,1,223,113,251,83,12069,2290.12
4626,7a9c8e991135978e6542b7fc9e609df6d4623c6c,0,7,0,0,198,5,9,4,467,334.6
4627,e7a29b50efc742adb24baefeaa77f2cee66df004,2,0,0,0,0,0,0,0,0,80.8
4628,749e831060381a8ae4775630efb72d5cd040652f,1,2,0,0,45,11,44,14,1460,398.1
4629,ad5d8169752489d27d33afe43d263dec09bb667d,0,3,0,2,5,0,1,0,112,142.4
4630,41fbe7bb7d4ad1eb0510a08df22db59e7a81c245,6,13,0,0,207,108,109,36,2615,1200.31
4631,65a380ddb67b3836b5c3f14ba679f5d52abbbeda,0,8,0,0,11,9,63,27,5671,780.48
4632,c050e691df38df7b2866109a680437b683b2c9ab,0,1,0,0,0,0,0,0,95,20.85
4633,38cd0a67cf6af795b874239996e6d3edd5b5df16,0,1,0,0,0,0,0,0,95,19.06
4634,36ad3a405daceb2ce0c1f7979778be03a4ff9bbb,0,3,0,0,108,8,117,54,3647,595.82
4635,b143f5ce3cf9546ff49eb658a18db43ac319583d,0,2,0,0,109,2,57,18,669,245.93
4636,e49170af3f0e557572d7ff8c598e6785aeadd1f1,0,7,0,0,27,1,76,32,2867,563.54
4637,130617443bb05d79c18420c0c4e903a76da3651c,0,2,0,0,8,1,72,30,548,196.24
4638,dcfb1ed2788a4c497bc251ab777c2d04652fa20c,0,1,0,0,0,0,0,0,185,36.16
4639,a977c3680246f03d8abbcb1210a78f15c68dac2d,0,3,0,0,0,2,4,3,1933,340.24
4640,c587404d4d2f0995af822aa6871d4aadfbf6aeda,0,14,0,0,480,130,359,126,22006,4128.97
4641,0f3998af3c5e9d8168b32d5085165892c2942101,0,2,0,0,24,0,38,12,5786,857.6
4642,e083d33ac484d0ec99bc7789d7fc633723a1d634,0,20,0,0,270,25,474,153,29145,4498.23
4643,521d9e9c3ada2c8f463c52741c17863133b90087,0,1,0,0,0,0,0,0,652,209.9
4644,0e446dd4dfdc4bc12a98daa44a4d86beae0d389d,0,1,0,1,0,0,0,0,33,48.82
4645,783972ad7b576003c57a00500645c9b9a6ac2b5a,0,3,0,0,118,2,23,11,203,250.73
4646,95b17e5305c99606041448a8096f4cb221bb5737,0,1,0,0,2,0,0,0,135,46.45
4647,345353c0ea5d3ddda9f6d89cbf8cd0e92726fcb6,1,6,0,0,254,263,364,140,3520,955.06
4648,27fb87cfcea241c2d7961baf68e84ce97f2dee7a,0,1,0,0,0,0,0,0,132,40.82
4649,4f2d1f509718e95fbc641abba0b5e53c5e903377,0,16,0,0,798,130,479,148,7652,2057.81
4650,fad53983b6cb78fb8f581aa5e98645b9b9f18390,0,6,0,0,31,7,70,10,509,298.65
4651,36ea6831f480173befaf28138aa9bf19f8366010,0,1,0,0,18,0,46,22,216,103.92
4652,f42021125b79ff8c9f6d52777c6c67738c07d675,0,2,0,0,20,0,10,3,201,124.44
4653,4aae400b507bf67e159697a87073a06268cce7b8,0,1,0,0,74,53,15,6,244,132.9
4654,9de529acf4268900f52b5df70e12c74fb4966bba,0,2,0,0,0,0,0,0,853,243.86
4655,85711700e55839dc606167f72e6593d4624bfd04,0,3,0,0,10,14,0,0,1053,314.2
4656,89efd238e357046e1daf2a402500c262c667d3ec,0,1,0,0,0,0,0,0,89,28.08
4657,09339d71c92feae450df9dddc9be0d9e3b711aa6,0,1,0,0,40,29,124,29,515,166.28
4658,35be3f160135d009900ced22586989a5c122c2ef,0,3,0,0,3,16,3,0,1089,242.1
4659,623d2921a920d30df4c29d4fd5fc0f94c336402e,0,1,0,0,0,0,0,0,85,29.01
4660,be4fbeba063bfbc0bf7dc53c7191f0f4c3aa9cdb,0,1,0,0,126,230,94,44,4135,1420.24
4661,e00f909dd35ee46de5d9de493bb76e37ba4b6f74,1,25,0,1,1137,350,827,298,15805,3506.69
4662,3918a639f0ae24b1b7d8cedb08613a37d266b78b,1,6,0,0,256,1,403,208,5848,1270.24
4663,23bba11d0f50a8eccfd289652ec7bc6041eda965,0,6,0,0,5,0,5,2,2797,634.93
4664,1155ed756dd4cf0c73494ee146a47e9e0aa39575,0,31,0,0,464,166,1203,460,20800,4179.8
4665,6536e30f2ee9707e16d4cd8d7c8321c4073a30b9,0,3,0,0,16,3,62,32,2910,526.14
4666,4427eab3df52ef5c1604bc020af85c2787ca15b1,0,4,0,0,7,0,2,1,3494,669.74
4667,893b2553a8f79e600dd6f1dbee48fbbe0b40b58b,0,5,0,0,103,249,620,245,11095,1559.91
4668,aa7c9cd614804c0bf683745614f7a2b264ce72bf,0,1,0,0,95,16,142,46,276,156.37
4669,7a30ac4abd7f861fc7ba694e43693420ba01745c,1,2,0,0,4,1,16,4,3014,633.68
4670,c5d147b68a922a69aef163a2287bc3761b3a7186,0,2,0,0,13,0,18,5,1256,270.62
4671,67c022f05f5405abd996446fefc90e7ae34c960d,0,2,0,0,129,0,15,2,154,135.71
4672,c3107ef8897f8cf22f1f8e64904e0b60f621528f,0,2,0,0,34,0,19,10,765,240.18
4673,936df7a15a3ce323300cabe7b2ebb90e22f2069d,4,5,0,0,16,117,35,8,321,577.46
4674,13ea883ce1f1a377b6ca07333f80912b75ed5534,0,2,0,0,272,28,312,137,2400,501.06
4675,62d802b871f9654041bb8551b9622b9f5c75e856,12,12,0,0,353,0,5,1,5386,1352.81
4676,aebc9060bcf097407005997502e065feb7007c80,0,2,0,0,2,0,0,0,4,34.74
4677,6efa869f71ec1283dc3b4d09562f24a8bdcb0aa3,0,14,0,0,581,612,738,294,9974,2128.86
4678,cf87b0e244d141a461c6b423b198680c9e6250fc,0,1,0,0,7,0,38,6,145,97.16
4679,3baca6ceaaff69d2d367cb742251e069a1daaff8,0,1,0,0,27,0,30,7,190,106.59
4680,bbcff5ea1c719438a4fb74cbe16c80a9787e278a,0,7,0,0,80,211,185,78,10623,2728.31
4681,678e6cac091931314f9afabe97f32c63f9036e0f,0,1,0,0,0,0,0,0,89,33.06
4682,e2a6273afc4dc2a98a9ab238753daf268295fd9f,3,2,0,0,0,31,19,10,1186,436.32
4683,929ebbaa095a807bfdf3169e4f57dac7b98c2191,0,2,0,0,111,0,17,0,364,156.89
4684,d94ebe8bbfa291323ce4f2cff4d832708b4302ff,0,1,0,1,0,0,0,0,17,29.67
4685,fb3b81e3da8703dc3020cc3b455db65356ba30da,0,3,0,0,258,198,75,20,5743,983.48
4686,acc847a862ae4c40b9e5854c45338135342ec304,0,5,0,0,35,66,142,47,10391,1679.19
4687,9f72e40d58c6bfce9ecfb2d6ac27b524ff1e4daa,0,1,0,0,49,317,349,152,2089,381.45
4688,4d4cc1a163b6fb4f6414d79b11cbc82efc5a109d,0,2,0,1,2,1,0,0,129,140.09
4689,3dd28fbbb68f73562b92d49449d3dde0afd79ef1,34,4,0,0,41,22,13,3,1324,1501.52
4690,af3b212395c400aaa653e2d31124d24658f1aa8b,0,2,0,0,61,8,54,11,311,219.72
4691,1aebe9d544b8c144f10a29d975529a6dee1c9ded,0,2,0,0,0,4,20,4,467,150.44
4692,63bdfa6870614b6ae930a715dd8711addd16d2b7,1,1,0,1,0,0,0,0,226,182.24
4693,755688fdaff46576463abd72c2889eeddf36d772,0,3,0,0,6,0,10,7,589,158.55
4694,df9b2b57a05499c4848e95a24a591154640e40fb,0,4,0,1,14,0,92,22,976,462.78
4695,70cc5eface64b5417916e42312befc022f4a06c0,0,3,0,0,4,15,15,2,751,234.09
4696,e00b1a3392bb4474f89ca8eea4f253e185596299,1,1,0,0,48,0,0,0,988,235.13
4697,b91787dbb71e48d5182de047a87c11f7cde59296,0,2,0,0,24,15,126,61,1427,373.41
4698,97c3fb396b9d8e590f8b8fb3c8179be155137085,0,2,0,0,0,7,35,5,495,200.62
4699,185026a750c5cc2e5207403515c99fdf21e7dbfe,0,1,0,0,15,0,18,2,1644,318.79
4700,803717bc7644c7e696451e91dec53ab62d10f5ee,0,2,0,0,2,0,0,0,5041,1646.9
4701,e5baa7617649af28b72f0858e664bcc69a25f9b5,0,1,0,0,0,0,0,0,18,15.73
4702,d53aa79caf9f1574a05a98d8b899ca13a5c5b24f,0,2,0,0,78,0,1,0,548,236.41
4703,4e0754681cbf4d0f72ddc958e1999b1408ff9684,0,8,0,0,32,47,60,24,1902,532.99
4704,2f9728ed3507247270df99bd9c178c3f928cc463,1,6,0,0,58,51,301,118,5348,1181.65
4705,98a25f2d831ab27e174bc99792047eaa8ec08b82,0,1,0,0,37,0,10,1,123,112.89
4706,a625bb0393b00fb803e11fbc684944e7e39b66d3,0,14,0,0,255,84,371,156,10712,2444.42
4707,c4380fae11ad6e26137471c4d3c67c60feb91cab,0,3,0,1,108,4,9,1,326,270.54
4708,7089ac7b68f65877cf625821b712b873315674e4,0,1,0,0,2,1,3,2,84,121.09
4709,707bca7ae5c3fb6a7a350ca2a89ebbf874f0de52,0,1,0,0,0,7,31,19,1562,299.68
4710,2f5889c9b94977b064ba614c89684404cbb9ca63,0,10,0,0,443,304,329,98,5584,1602.59
4711,2f1015365b3015e6fd17ce894140f61427b94ffb,1,1,0,0,0,3,26,12,89,140.96
4712,f317d738f526cf3a43955358c48612fab2cfa681,0,2,0,0,4,0,4,1,1269,240.09
4713,252dd7e776c115bd96bc2673cfcb653ffad8d27a,0,8,0,0,51,0,56,30,5757,1328.14
4714,8804a7b89bf3d1d6e78d850cd524840e0bd71051,0,8,0,0,119,3,217,84,7218,2050.0
4715,d60802d6a0b211dd005219cf2303fdd5e9eb6764,0,5,0,0,17,1,107,62,983,462.65
4716,999dc553e17e12a95540ac67dc08cbf7c2917fa2,0,2,0,0,46,29,129,37,690,337.25
4717,84b7fc5bdc011542fe7f7a8c709fdff710e00d9a,0,3,0,0,92,0,131,46,1092,453.98
4718,b862d6a204800ecda7d396c568332d0d6cb798c9,0,1,0,0,1,0,3,2,522,159.25
4719,0ed01fdf85fc7b4ecee4090eae67e42d2a84421c,0,5,0,0,2253,0,0,0,16765,4679.7
4720,24f48f12431dfa647f48ba9311676265c71c941f,0,7,0,1,103,27,202,47,4249,1885.72
4721,9a524ada2eafda2f4853a12d469f7ca48e57f38c,4,3,0,0,52,645,4,0,134,627.75
4722,0ae24756e67845f2940fafa7768789ebb1cb5796,0,1,0,0,10,23,23,5,457,147.41
4723,3da29fe7e11b849b1cf5ee8f49a867b2b691ae8d,4,41,0,2,340,178,1036,288,50987,10856.01
4724,6ef0b5078448f0589b85f7d6165c86961bf3eacf,0,6,0,0,11,4,253,70,2978,631.6
4725,4f2fd77b78ca6a81defde03889ab4c79ce5896b5,0,6,0,0,80,0,68,46,3829,835.79
4726,217e641b3d7a73f5af2a4308613178a3b3732860,0,1,0,0,37,0,13,5,86,109.17
4727,8e3c369c12c16e75098f2c78f293c36755e6878f,0,1,0,0,50,0,0,0,730,125.74
4728,a7665dad9609f668b09da204e8a0e25c44792c1d,0,5,0,0,67,14,240,81,1484,613.53
4729,89362a14d2124e439d4d254eab3bae504d90199e,1,5,0,0,15,49,204,39,12372,2229.47
4730,43b5162737ff0a5748b6d5cff01e8d3b060999d3,0,5,0,0,112,76,174,52,2154,602.29
4731,5c325f7e02e3b2eacdc24eb487590cbf48a3eeda,0,2,0,0,22,0,0,0,536,143.17
4732,f25ef88dfb1408c714621f45acb572584b6519f3,0,4,0,1,85,81,65,24,939,397.43
4733,2ae78f01be77e636c44e87965f6c34b942967ea0,0,1,0,0,16,0,29,11,1008,189.79
4734,eb26dffe9a1dd5ac661cd9930e6c2ed53fecf9f8,0,2,0,0,15,0,104,70,4328,930.51
4735,b2bc24b7756289782671e2ad727a0fec48dc945a,4,1,0,0,4,0,7,4,637,425.55
4736,9e7d384f62394b182d5714c6940943f1817a44f1,1,13,1,2,263,41,76,13,8580,2858.61
4737,c6a7edd5a299cfca2e35ddb11edabc2ad126f2ad,0,3,0,1,91,7,0,0,501,179.33
4738,bbd99ed60e5708af3dc329b097d4b024f73041bd,0,22,0,3,1574,161,1935,21,75115,16571.08
4739,0c94b11b21bb927d4c763a594143451d40d8a9ad,0,29,0,1,371,131,942,296,25345,4504.42
4740,5efd20c7f2837a1cc77e39cad6d164954ffb5033,0,2,0,0,0,0,0,0,3036,1077.08
4741,fe3b370eb44a4864e5087cc80ee413931e89770d,0,3,4,0,645,52,4,2,134,393.78
4742,66f13472e94a18cdc83093d6426b1cc494ab9405,0,1,0,0,0,0,0,0,165,38.29
4743,cdb56ce033bbd7616e81d8fb1b147fc04d5f2b6d,0,1,0,0,2,0,12,1,208,96.64
4744,ab0f9cab38b17bfcbe248e323b8340f72d5760db,0,1,0,0,7,0,0,0,105,60.57
4745,7299c080f3619a858e56b3826b4f91c0bcf18c6b,0,1,0,0,3,6,28,10,362,134.03
4746,597ca1bdcd7d662be9cafb5238b6ae402a2972f1,0,1,0,0,3,1,8,0,146,86.49
4747,ee35ccb19f04f4437c835a7ac960e6b9762d5164,0,6,0,0,20,6,6,3,2303,650.48
4748,858ce8c22b65057e8cb3d9d87cb9b9dfb0f8666c,0,2,0,0,0,0,0,0,1133,209.67
4749,7befe8e67a91142270667c9e3b727271231d9c9b,0,2,0,0,58,0,6,2,1384,346.92
4750,5d45974e943b6a35f1428632283b6b9e20357485,0,2,0,0,8,0,11,6,285,114.42
4751,cc9012b4206b551a209e421df695f051ae5bfb54,0,9,0,0,65,1,85,42,1951,707.67
4752,3c13444902a1ad3d5bbe8a1f4d2ad75aaf409df8,0,3,0,0,53,1,18,43,535,238.26
4753,ad335c1d44bf20e3926ddf3d7657f575c2379da7,0,11,3,0,100,134,206,52,13953,2475.27
4754,d943e42d5afcfff4c782522721490177ad3f2299,8,4,1,0,0,0,0,0,840,477.0
4755,212f1809173c47c463592e0c5cf27ce689d84a72,0,0,1,0,0,0,0,0,0,35.24
4756,b558d49b03abf541dce093fd3f360a2e7b87de2e,2,3,0,0,1,0,0,0,5325,985.99
4757,a241e55a4cddddb6b88feb7fbf1daf4d4db0371e,4,3,0,0,52,645,4,0,134,435.76
4758,c928ad3d3f958d1e2e109b689fc5c6e9ee3e619b,0,1,0,0,6,0,10,6,123,90.78
4759,ac1bdd0378003b617549622c1275ba996ca38b0f,0,13,0,0,580,59,153,40,1612,898.21
4760,886978db5ccb43fd0473b0f0f80643b29482a4b0,0,4,0,0,157,41,132,54,11236,2341.03
4761,c3a9fa170377bf2d80dc6e6efa46187c6c5236b2,0,2,0,0,30,32,17,8,2513,577.83
4762,a28b28f3217708e9a19207920babad5562b03cef,2,6,0,0,51,612,75,26,981,666.58
4763,01e691c5c545523f1ba88cafe68b2460ad0a4ab0,0,12,0,0,140,23,0,0,931,651.33
4764,2f501a8a024bf25701f97f4621ceda9b080be95d,0,14,0,1,229,55,27,3,5385,1259.79
4765,b4ac43db41e5af0fb867a3a5139c4dff2e36e865,0,1,0,0,1,0,1,1,217,87.44
4766,1749d70455bd6f8d010dd18566dac5774487c753,0,7,0,0,9,10,22,17,1390,517.13
4767,dbc2dffcd212a023ed43a932a716a177e5b466ef,0,10,0,0,35,23,227,77,2095,721.88
4768,51769dca0392af35e0fcf57628876a071b92e746,2,3,0,0,8,0,12,7,6735,1046.29
4769,1a716072fd3c95415280c755a1309e929a6fa0e0,0,3,0,0,0,3,2,0,307,135.43
4770,d1d7ba2ca0276d8307a0ea2cb7d02079ced4614c,0,5,0,1,58,49,129,6,1252,556.51
4771,323c835e52ded7fe7a195e20d722a08edd247b83,4,4,0,0,58,15,149,48,1210,544.99
4772,6973edcfb5e6c33d1f689b2a7fcbe233fee28fbf,0,15,0,0,37,73,265,12,2252,674.69
4773,c76ce912bff32b03f1dbcd27ef52284441b848a4,0,11,0,0,35,49,121,56,1626,1017.47
4774,7d39212c517f8b6ebcabd4890968ee341b79b9ea,0,7,0,0,52,0,78,2,2243,630.68
4775,566788696d2b3f71a9381da1fa7b29e547162175,0,2,0,0,14,1,0,0,1007,276.28
4776,ea87e0f26112f0cdbe2fa06e3090fb7b49d81569,0,1,0,0,19,8,5,1,481,166.48
4777,f2dcdaa472ca238e481df549446a2613588ba28e,0,1,0,0,94,0,129,32,521,151.18
4778,8ff096548d0f94f9abb5361cce9539e71613e5d8,1,0,0,0,0,0,0,0,0,44.04
4779,f225d09211dfede75398116cd4ae5f265257f743,0,0,1,0,0,0,0,0,0,24.4
4780,f708412bfb63b66745caff4e3a0549d3148342da,0,4,0,3,53,0,4,0,881,1139.01
4781,db516ffe426344c937b7398f2b076e924dd984fe,0,1,0,0,3,0,32,5,592,131.61
4782,3bc23b5b36f9eeb6f2f71261b657d04ead19c5aa,0,1,0,0,0,3,32,5,592,134.2
4783,b5f5f68a5d14af8cde53fda7c4991747988a8587,0,4,4,0,15,35,2,0,1233,385.29
4784,c9f81d22d81b72fea70f91b5e8b0430a9fd398c3,0,1,0,0,27,13,43,20,1190,263.27
4785,3ca3e4e6102de391d1d7b72838086c9e324f0358,0,2,0,0,108,23,60,14,218,191.29
4786,8cdef2bc8693950004eb47ee8d4f24b74137e1d7,0,1,0,1,3,0,21,11,191,146.23
4787,b5763019af557d7bf553cba66de0f12de130dc7b,0,2,0,0,11,0,33,11,218,155.45
4788,4449c99b0ea9bd1b56f2fd18bdf154c6a430637f,0,1,0,0,0,0,0,0,695,94.68
4789,355d6b14894f77b93499044f020d3630ff02216b,0,1,0,0,13,0,103,24,2065,395.26
4790,b569b49e0596c52234fadc620c014844d0539f0e,0,3,0,0,34,0,19,10,375,190.84
4791,d63256d50c7c064dba6466c565fa62eb08b9d146,0,1,7,0,0,0,0,0,654,351.15
4792,368d916b369f1adc58da884463b1dedb8c010616,0,6,0,0,52,18,28,10,1613,489.69
4793,10ec33f1e067a69d734a0b22c7e918f3ade015a5,0,2,0,0,0,0,0,0,952,163.92
4794,9cde56dbe9498c9a1114581d14855a305b95026f,0,5,0,0,56,0,78,23,932,400.74
4795,f8b6ebb20517079c988a4fa043b6f3d33f1b973b,0,1,0,0,7,0,40,14,213,100.52
4796,c53c638291fa0b955619fcf4a8fc26b77ca07801,0,1,0,0,0,3,0,0,33,30.98
4797,370620f088e0a87a3c8c6788e23390efcfb42cde,0,1,0,0,1,0,27,18,695,140.83
4798,c3929ac40726a02df3e970959f9b7af9f3c201f3,1,12,0,0,281,38,295,58,2333,851.26
4799,f6b26b9e4e99606d1695b6d8cba3f33e83376248,0,1,0,0,0,0,0,0,169,37.8
4800,3f90794d872e90c29a068f16cdf3f45b1cf52c74,0,1,0,0,34,0,3,0,1381,903.51
4801,719125cf183381f94590b619f69723eed348f856,0,2,0,0,25,0,37,7,372,195.38
4802,e37500a88ddc4988c09fe0b5f942279714d077e5,0,1,0,0,5,0,15,3,129,98.45
4803,e9475e48200ac023d86fa96f5c83fe36198a8593,0,2,0,0,23,27,49,24,857,338.8
4804,20210dec94148c9b529132b1545df3dd7be083c3,0,2,0,0,93,1,33,22,2283,391.49
4805,881deac63e835c4cfa8b9232b7aa280fe82acea7,1,13,0,4,172,283,294,103,4523,1700.87
4806,c31c2963d6db464c482a56c532011f2d00b527aa,0,1,0,0,9,0,6,5,225,91.22
4807,2d501879c38f755273dfd97e4f66ac9217cd20b3,0,5,0,2,77,1,75,40,915,543.73
4808,318db5a3579c7f4039ee24636cd1eeb3b6633bbb,0,7,0,0,280,25,186,54,2331,756.11
4809,6ed305fd5164c3c7f442ebc14b22aabfed259fde,0,1,0,0,0,0,0,0,654,215.61
4810,93755e997321f88cae239e5af5eca6d54940a14a,0,1,0,0,0,1,0,0,243,71.51
4811,1deb1d8df2c1a7660d71d860421c8d5486f7a13c,0,1,0,0,9,0,9,4,510,116.52
4812,1be08d13a0198696466f1405a2dd2b95692f75ab,0,4,0,0,38,0,34,6,352,205.18
4813,888e5d7ecc01d8c6d1c43e9eccf22b9c24a62181,0,1,0,0,0,0,0,0,654,219.49
4814,79eb2243aac6b5b0f5678369d579581a91a1925f,0,3,0,0,14,0,33,19,1126,413.26
4815,62ebd1abb87d951024a371ba37a451f536a594e6,4,13,0,3,313,15,200,77,5951,1942.56
4816,f7bc76486b3b7063ccdf25062ba88feda492c6b8,2,0,0,0,0,0,0,0,0,46.3
4817,803e1e0b89140350c40a7ec5c42f217532550495,0,1,0,0,11,0,67,10,295,121.7
4818,e3b10c1fcb097242b6391aa6deb097de1581fd56,1,6,0,0,96,27,218,110,11613,2082.42
4819,f9d51073ac02248b46c6a4800bc1ad6c7394af04,0,2,0,0,72,6,63,24,931,372.5
4820,eb29bd120d5e4c0c05513ecf40002f6b4ce0ffc5,1,0,0,0,0,0,0,0,0,751.89
4821,1c2c4858a371eaf99417e6e31e58cb6491a0c588,0,3,0,0,6,0,1,0,1575,434.34
4822,5468207e430b8b3fad6d65f2fcd80d1042cf8327,0,5,0,0,49,0,150,38,5643,1049.97
4823,bb33ffacb35d813cd95aeb79c3d8e1067f96d2c3,0,3,0,2,97,273,56,16,733,441.12
4824,f8e241b3136cc237638561b90eeaded42be57462,0,2,0,0,2,0,0,0,1209,291.56
4825,4becd689d59ee3f75a36119fbb950c44e16c65df,0,3,0,1,2,0,6,3,1120,407.75
4826,06b2b0e998183be6ed102ca57de1e00d39db3e95,0,3,0,1,2,0,3,2,404,181.79
4827,89664c086602b91bb79d9d844408ce981db94819,1,1,0,0,0,0,0,0,10,51.88
4828,d9cb93aaa0bcb344b5c07623b96ac8888b87a995,0,2,0,0,137,1,192,62,724,279.3
4829,d178b195e7c9707b16c345cafe43c3ffc433e983,0,1,0,0,178,13,31,19,228,160.12
4830,3f5f3ed62094b570eda53ac2893a5a6c02898827,0,1,0,0,2,0,146,38,369,131.98
4831,aa20b777e87dd1e5e4fadb26680aac200fb10060,0,3,0,0,12,0,0,0,1760,482.42
4832,feaa65fcecdbfb78ef9e5edaf23157bd118abcf7,0,4,0,0,50,0,248,103,11691,1726.01
4833,341225a7f5c858dba01be38282c3c2d1d20aff02,0,2,0,0,59,26,139,55,929,354.78
4834,7a30285020f449de0532d6fda094f53d7d0ea987,0,1,0,0,1,0,0,0,31,33.15
4835,e45da2694a7841427937392b46ac33a8f6ae3fcb,0,5,0,0,22,2,14,4,268,239.52
4836,8afc9336ef1b813c0ee26925bf0e827b43f6fc24,0,2,0,0,19,0,17,9,328,144.76
4837,ee81101986eaacd709c3a218ad7e25bc6918cf48,0,11,0,0,40,32,228,72,2263,765.11
4838,f63dc2d4fbbf09a04af98c4a9ba047a355a2da0a,0,3,0,0,17,2,49,17,3107,575.13
4839,79f6110bd76205c280734953ede38e2e015cc5de,0,1,0,0,0,0,0,0,674,230.67
4840,bc8307eacd291368b9822c1820a047febdb76952,0,1,0,0,0,14,15,8,178,811.25
4841,0a4446e641748c33e8da6e5e54c69b3e25964464,0,1,0,0,33,0,0,0,135,61.0
4842,29e671ed9608ce1577b3b16b0290d022bf39d950,2,12,0,0,191,1,117,27,1649,926.64
4843,def0cdeae932c6ac3c8b3a5f6f9f4e6adb268cc4,0,2,0,0,17,6,46,15,956,257.78
4844,fe9a6d5387154cec1c3fa5d82fda570103155656,2,4,0,0,68,13,3,0,750,274.19
4845,70bd0ce86e64a5ec02e824650a4cd1fe5c68ccba,0,1,0,0,6,0,13,0,303,115.81
4846,b978c074deda11f3bf70a607e25ea35ef8b914af,0,6,0,0,37,6,37,6,739,343.43
4847,95d0ce722457eca996d3736bd06f5d95d16bc471,0,1,0,0,19,0,11,3,309,152.87
4848,5a0a15f3de54788509665e123e5096846f977b9f,0,3,0,0,7,0,35,23,699,191.72
4849,3ed7dc2b82f84ade5f2be0cb85a95b49dc30086c,0,3,0,0,3,0,1,1,992,291.21
4850,f6cdbc87955aa5cdb83f174a73db9a7d8071f78b,0,2,0,0,4,3,13,7,858,246.01
4851,c67a6f49d4b0accb5a15da778cc4650ed1878401,0,9,0,2,153,2,6,2,7661,1527.24
4852,74d93333ca0aa984980de724de3d2ea35222f36b,0,1,0,0,34,307,140,71,1894,425.95
4853,1f1e91aa02d726613a364678288caa8b252d8bd6,2,0,4,0,0,0,0,0,0,875.52
4854,19a6831b9c5fe3911872bcab1b974f3baa4e1db9,0,1,0,0,12,0,52,26,234,104.85
4855,d63d98f1142c5dd2ec96cc27ad9b0776f399c348,0,1,0,0,26,0,37,7,99,94.17
4856,441b29e10365276af552310c7ef4d56393521086,0,2,0,0,93,2,34,22,5171,815.46
4857,6c901fb3e681edb76e3251996b14dac4ae092ce5,1,8,0,0,14,32,35,13,920,450.72
4858,27613f0c730842b0a0d69d2fb4ad0eda6d947baf,0,5,0,0,21,57,17,6,138,254.68
4859,c0198e5292b6be80eda682d61d2ea80af9cd3e42,0,2,0,0,36,4,67,18,229,163.75
4860,36ff484f79b8d2f6771ef42ef6789678b7dcd295,0,1,0,0,1,0,1,0,442,794.33
4861,fc08e3be585f6c152895e88c626012e9e73017a9,0,1,0,0,9,0,0,0,74,49.91
4862,2429bb28ac9640cb7693c2394e2f10cdefdfabc0,0,10,0,1,15,2,0,0,1981,452.58
4863,050e679df877764f5de502a1a3c8be37136cebe3,1,3,0,0,82,20,146,39,768,429.96
4864,38ad77929980dc155dcc4a5d009a9a855eb5b017,0,35,3,1,51,300,249,93,10027,3083.26
4865,8f273cc53f62c79f8ac30453e3ff94717d91b4dd,0,19,0,0,1221,252,529,161,6016,2134.23
4866,260717ce8fff1d268f98d1a020843c0cca28b199,0,2,0,0,15,0,10,1,889,252.81
4867,ef61a9bcfa90bd359e1af028af873fb0ccf51deb,0,3,0,0,37,2,3,3,1654,348.47
4868,1c49da87fd68be4c0f012a99fd8531f25bc3658a,1,3,0,0,55,11,499,235,11333,1617.31
4869,b14ef6d6f6c3ec02be94c52ab95f4214d82cb3c6,0,1,0,0,0,0,0,0,674,226.5
4870,2433fed55bf3417c02551ccee6bb76b282905a13,0,1,0,0,0,0,0,0,8626,1118.92
4871,84faae00731313964c06d223afe27dc6a91847b6,0,1,0,0,5,2,5,2,163,114.78
4872,694372770ba4a96741af07e93b7d4ce9f26ca51a,0,1,0,0,11,1,6,0,173,85.76
4873,1677ed956edb660c02b0d15253d486e2b0b626ba,0,4,0,0,41,0,46,14,1433,422.25
4874,8432dd8d77b3c36f0e269ad8a0d2b20a1574b477,0,2,0,0,21,7,69,19,548,181.46
4875,e732aa27efec014302af41fb77c0b1c5197c4b90,0,1,0,0,249,1,30,8,55,150.79
4876,21ef70bdd82fc423991391ba901ce8c9d2d3f31c,0,1,0,0,29,0,0,0,433,107.2
4877,b63f7d7dd82c493e95bb7c7d303c48e340d6020b,0,26,0,3,67,0,176,43,2047,1271.16
4878,8ab1889dd9afe958e96cc62fc973771f61cadcba,0,5,0,1,61,2,23,6,980,451.35
4879,684bda005208d637aec1d2bd7237c3c8472f43bd,0,3,0,0,27,0,21,7,1288,353.29
4880,6e652a3b990bc53e61970ddc1aa2c0b503cd13be,0,2,0,0,36,17,17,7,64,826.71
4881,60a36d124d437bea123c94d50ccb171e24ff2f3d,0,4,0,0,55,9,65,31,1337,373.24
4882,e49a07426884d8494a37046a227ff4a77cf67f57,0,3,0,0,54,23,16,2,652,320.84
4883,f3790ce2604621ac2512053b50eaca1ad053f178,0,2,0,0,36,0,30,2,3967,609.95
4884,bb4d8db5093984b94d3bb996e286e10a0dc2bef3,0,3,0,0,14,16,38,6,460,235.71
4885,806d6e1b01640e890fa751017d21fc4b107e4f0a,0,4,0,0,54,3,57,20,1304,528.63
4886,e618bd1b45bc45f96b27698fd0c97fee6b9c57e6,0,1,0,0,0,0,0,1,1415,181.22
4887,1a6902ce81c3ac5da98ee5183fa24b98c63642fb,0,2,0,0,23,4,47,14,769,294.88
4888,0debf9f2916b2ed115e1cdb392a595ae7cf0c761,0,1,0,0,209,27,32,6,151,159.34
4889,54977d2f05fca63d1bcfebf6673f85a3f5c6f8ad,0,1,0,0,2,0,7,4,308,111.52
4890,091ac8e05940ce327d068cee77817bbe428797e2,0,4,0,0,2,0,0,0,9524,1306.65
4891,8973d2c66394ed25b1baa20df3920870ae9b053c,0,1,0,0,14,0,32,15,178,104.87
4892,016afe0d69f3a90290e3a127149430ad6d4c603f,0,1,0,0,0,0,0,0,2370,303.0
4893,bda64ee87c74a06b3cf19b08c41d67f192f22018,0,4,0,0,0,0,0,0,1603,264.05
4894,e17a0409c920bcf75d8915047c3318d621e2ced0,1,3,0,3,0,81,33,11,251,300.77
4895,de532b1f9bb21daa668dac0f2b4f2429c9b4bd37,0,4,0,0,30,13,277,86,1507,527.85
4896,d5bb76cf2da3934d1de6b3087ac4bfafa2b2cb6f,0,2,0,0,43,24,15,6,475,204.43
4897,78e4bb79a2f9e74acb8144db1854e5b9ad369f0f,0,14,0,0,171,30,255,78,13610,2538.57
4898,dc0938c42f6c9a42adb3fcbb391fb759a3bb0072,0,2,0,0,1,0,5,4,702,279.18
4899,9b4d72ead9f3262a03ddd7730591729434064821,1,1,0,0,36,0,11,5,777,224.79
4900,759766eeb5d8047d4acdbd2faca755985bb5a39f,1,3,0,0,117,2,200,109,762,1048.83
4901,e941e63c7d2830395e0b535e9b1a3c33d6e5b652,0,4,0,0,71,1,75,37,3613,774.43
4902,27683610f0665fe05e59d3cf5130fe33ecd81e77,0,1,0,0,7,0,10,5,189,91.88
4903,53f03358377f3dde21f58e6c841142c6db8a9c32,0,1,0,0,0,0,0,0,329,67.15
4904,657236ee0cce12d6e02bf0c2c406fc5dbf7b3791,2,7,0,0,69,2,212,88,4732,1137.83
4905,b8d7192f5f28dbc832d4de3e4afc763523a4bf12,0,7,0,0,36,0,94,28,1298,519.77
4906,8449304eb241f153f3f11ae93d76b8114f793486,0,2,0,0,1,0,1,1,8663,1173.05
4907,693b8565950bd5a49b9145c59d05ca6fd3300af6,0,3,0,0,28,4,69,29,1360,383.9
4908,2aa054a4d5aaf516839a3574cf600765288d98b0,3,0,1,0,0,0,0,0,0,176.98
4909,e0203eb489d2ebc7b08c4c8fa150ad54ff659b07,0,1,0,0,4,0,22,8,360,117.99
4910,ea0bc430c690f5084a67ef391be4e6ac478aacde,0,1,0,0,4,0,7,4,637,182.88
4911,be1bb688936967390725b4aecd25b77bf0fab016,4,2,1,0,647,21,412,122,1731,707.6
4912,1a1e8357bcb09ab7b775f26b83f00d6f687bbc23,0,2,0,0,107,11,109,47,8629,1212.14
4913,7f1c29ebe436c0c1ef42caf5f7a697481107d4fb,0,3,0,0,305,60,108,37,3006,672.13
4914,4904ab78639f11b295d869cd9ea08072c2218a21,0,1,0,0,4,0,27,7,78,76.03
4915,bd96c4917f77301ef932ce409996e0fc5718f379,0,2,0,0,33,0,8,0,1228,229.07
4916,ec4036bb636c453e6213488b87e1f249f4138f10,0,6,0,0,33,2,49,12,1059,484.47
4917,2869eca251ae7bfe6c0ef1c7cf2fc2647ed98f53,0,5,0,0,19,2,55,16,896,393.63
4918,6cba3e7e464ca35751b7f7230f8b4cd23a8c89d0,0,2,0,0,87,0,47,17,423,199.74
4919,3e77bbcc2488929da5b6dc31f085b897ea8b8253,0,2,0,0,4,0,11,4,575,170.37
4920,8a946ccb31b64f246b0c80d202e098aa46363a8f,0,5,0,0,158,24,619,249,12365,2673.56
4921,84fdc1c7c8ff0922aa44f829dbfa9659935c503e,4,16,1,0,120,20,202,73,5026,1893.44
4922,95da916eb249cc0351bf4b94ec6c00b77db03cf3,0,2,0,0,201,65,13,4,259,210.62
4923,928b4c01531470601a68950625bbe64faea95674,0,1,0,0,17,0,36,10,227,102.45
4924,f883d67e8d1d09fada761756ad81287f56e21981,0,8,0,0,761,256,1092,418,13417,2586.1
4925,a9de1cdbb9ffeef43dbee3db1712845f015ac108,0,1,0,0,3,0,0,0,549,128.49
4926,12b27a355558499f6422e49742bd5cad71416fb2,24,0,0,0,0,0,0,0,0,906.89
4927,9f653d2c993802d8d05765f8b28fc63e8945f6ad,0,1,0,0,614,211,506,205,4214,816.11
4928,a6366fc07931f374af77d0ab208404027bf165a3,0,1,0,0,0,0,0,0,641,121.35
4929,03216f50137a226c67a25971319dbde96912bc6a,0,1,0,0,0,0,0,0,329,67.85
4930,6dace60af4b6ab4d5200310a0ad94c4530c2bec3,0,2,0,0,57,2,82,31,1669,340.28
4931,b9ad6dc3867efce4dd833e519c788aab280dabd9,0,1,0,0,0,0,0,0,432,83.2
4932,92aaed243c27c73f9168c99c2837431477c4e41c,0,1,0,0,0,0,0,0,257,42.21
4933,ba8de3077673e3a9486c8a9d1625b9640936eedc,3,3,3,1,55,0,7,0,114,418.84
4934,e759bbaf2585cb620744fb22329b642df554e832,0,7,0,2,27,1,25,14,1772,524.67
4935,e76e8d0ad60147179b29bbd5a39b0bac5e524065,0,12,0,1,106,70,364,103,3876,1075.01
4936,4c7f2d93ca97504ba9ec6fb2f7a7f607ceb35eb5,1,15,0,0,74,174,404,154,5818,1693.46
4937,2dfcea5a95b7d623484b8be50755b817fbc91ce0,0,2,0,0,0,0,0,0,2790,615.84
4938,93db527f4700a415a6c1e00f6f05288146fc0d9a,0,1,0,0,0,0,0,0,33,17.1
4939,45b48d5fdc3527e56347b297d1a41902d1313220,0,5,0,0,159,53,120,43,3830,868.63
4940,bc0aeece690c0c72b50e7541a7c0217de20a653d,0,1,0,0,39,200,436,180,8573,1943.15
4941,48596c33bb2c0563ce870a714140952ce0b1c5ef,0,1,0,0,125,58,114,26,442,201.89
4942,a633d38d62afdc01267fa57a279e9c42ff15788f,0,3,0,1,0,0,0,0,296,110.27
4943,22af0eff0461d2b91a643276c15870f7901d3119,0,5,0,0,111,16,201,85,2169,659.93
4944,de2a5d63af78ffb6ef97062b06b9f3eb9557e361,0,9,0,0,44,0,21,9,2616,861.21
4945,a6c1ff71b68c0dbe98781d0b8162f328080066b7,0,4,0,0,5,8,53,13,1082,356.16
4946,79c5092a3e1e42f2710768ee8edb4862eefec9b2,0,1,0,0,0,0,0,0,106,34.0
4947,2a0a56af9d910bd8c2c4cccf636794c696208413,0,1,0,0,0,0,0,0,674,218.46
4948,9368fece29053bc62c40bbf3b472fbd605b08305,0,6,0,0,29,89,62,11,4593,988.73
4949,301ebbb99f91ba60c1922a1cb2b07e2977cbfe15,0,3,0,0,0,0,9,0,606,179.04
4950,14f6f164d1b1a40e1474a17399869dea2bd2348d,0,1,0,0,0,0,0,0,203,54.2
4951,f1f21e9975e088cb6064130f63712ceff8e1b864,0,2,0,0,114,72,55,8,654,305.41
4952,7f4a3e17ec2fa886276a7f278e5846e0e7ebc8a6,0,4,0,0,242,26,147,50,2250,658.36
4953,33e7d6066580c857b157e4ffe7f2b941e26e8b80,0,1,0,1,3,0,0,0,94,84.93
4954,4a041428b14cd195c5d89c93e07ef518652fdcd3,0,2,0,0,3,0,10,2,82,82.09
4955,35d707950ddd210c37533be3da51cea730bac881,0,5,0,0,16,23,74,15,1913,461.4
4956,48e4e04c3b446f219c24b5fd0cf03c9e2e210f0c,0,1,0,0,3,0,134,79,660,159.32
4957,bfe930c5c3ee03180a0d78aaa12f83af13973b44,2,1,0,0,4,0,46,25,298,204.66
4958,ed2f46aa737efb859f23d357fbeafe1b42e7d404,0,2,0,0,28,47,24,8,413,259.48
4959,9d3ff496a03dcb56bf847f49d39aa2e6952154dd,0,1,0,1,1,0,96,53,234,155.32
4960,039fee7f944199eece949e24951e1f7be9c879d4,0,2,0,0,21,1,111,39,532,1001.07
4961,9cccb9556322275dd33bb4834034883d607c168c,0,1,0,0,6,4,11,0,45,78.33
4962,f44bf6fe408b04424072b0129e4e780a8bd76b29,0,1,0,0,0,3,0,0,207,62.6
4963,e32f6622fc4506c553eeb0eeb80e792ad6161317,0,4,0,0,315,3,18,0,4251,937.2
4964,ba4f6e7b193ef701ee426fc2b271350c05d4fb5c,0,3,0,0,37,11,135,12,829,295.25
4965,be47d9e3fae437c7644e47679119d20b86f8a332,0,1,0,0,20,0,111,11,365,140.42
4966,53b9dfacd9f038f537d5deb26bca015b749c1977,0,11,0,0,22,15,62,27,1649,1028.93
4967,95796e1727d1799449d9fdf2f10f9db530fa690e,3,1,1,0,11,9,17,3,30,246.18
4968,78d860ec58fa5159fa6a52c323f98bb175ee15bd,1,0,0,0,0,0,0,0,0,50.38
4969,82d346865860c7aacc174b9555d4126960d3f0b1,0,5,0,0,72,15,18,6,898,382.73
4970,b802d1b1300f01782d0fa8632630469cd1bfc860,0,2,0,0,10,0,13,6,353,123.02
4971,fab335ab3287b258596dcc27522e9bb011b9cc68,0,2,0,0,113,10,180,48,2228,587.35
4972,f99ece64a912583eca42dc069d720569fe78ed89,0,11,0,0,1,0,7,1,1671,411.82
4973,b362437e36d190ad830a606d3d78cbdcdef02230,0,1,0,0,13,2,5,4,694,190.7
4974,6955cf7130cb54d0a5a3d1a33216f09a8321769d,0,5,0,0,136,79,514,188,3586,729.26
4975,8e6719df622d03ba337f29cecaa2eac6095eb433,0,3,0,0,198,13,178,40,2560,657.19
4976,ac6735a385dfe88a59fa43194234433ceed7e899,0,3,0,0,76,5,365,118,3204,809.02
4977,74c7c2cd91101ee3b195da8c78deadc7bccd2257,1,7,0,0,109,0,33,14,3179,801.03
4978,191302cf4f9eae5ef51964bdab8d8e859292aa17,0,5,0,0,38,11,69,20,822,492.42
4979,4f3e2c6145468bafa47834723a766defde3b96b6,0,3,0,0,12,0,0,0,1013,303.76
4980,62130b6c35242f91f34df0e449a91fa65e0dda60,0,1,0,0,6,0,142,21,385,1011.73
4981,74ca2eedf838df30414a583df8139fe4d87b4a7d,1,3,0,0,89,18,601,243,11561,2268.61
4982,2f1d4b11ec5384a6995875f7fb2e560d325d6564,8,11,0,0,179,55,47,7,1218,1238.51
4983,0e62d3dcb9e7945f140fc17fe8eca628579d5385,2,1,0,0,0,0,0,0,641,370.22
4984,4cb87670ef416f86aca94b38270527f636fd4dcc,0,1,0,0,35,7,9,3,5278,1006.7
4985,1f7e26ff20a163069f486a3457636dd1ed75f0ec,0,1,0,1,0,0,0,0,15,36.18
4986,73a2aa006e3547e798922b0f28ce5d4657105221,0,2,0,0,418,0,3,2,853,329.77
4987,f26c49c4fe5b8316eed418f617ca51d72ff098db,0,10,0,0,72,7,69,29,2548,749.32
4988,5ec298fd42f730faebdaf61e711abb439edd78e6,0,1,0,0,10,3,2,0,564,171.63
4989,284c8f3bfccc227d4858870aee4f41c0c6df4f82,0,3,0,0,37,14,238,57,1914,494.43
4990,cd4fcefb83c0151d213ed9ec1a9238ed7fc6b683,0,1,0,0,40,0,86,47,1633,342.78
4991,3e59877326dbd0ce9987eac9485c4d43d958e067,0,1,0,0,1,0,0,0,252,103.8
4992,99b503a3af30e4c2036164e30e5479db5c0317e8,0,2,0,0,31,26,72,21,6058,1198.37
4993,031890ca8d456c8b88bfa60db50fff0d34f29a79,0,1,0,0,14,0,36,15,226,99.21
4994,9a47cf9f92d1c8a4e72890e3dfe2d9567f12bfb5,0,2,0,0,201,600,503,185,4389,1102.05
4995,d97e4874dc0e09c535e8cb908f6b17698e49a5d6,0,4,0,0,11,3,45,0,579,322.79
4996,3c1dfe379ec1fcaa688b064561a4daca098ed2b8,0,8,0,0,32,7,34,14,767,528.81
4997,4f45536f1d7e368b28f42ce63b31e22f5e6cb031,0,1,0,0,1,0,2,2,5304,906.76
4998,9f5a3e3d89db7d6f4754eb345ad9abb6997857e1,0,2,0,0,39,13,335,92,1128,250.6
4999,ce695b5d4ae07d0bfc79fb88fcb09cb99e9e4706,0,2,0,0,77,0,81,25,2416,680.15
5000,8613ef200fb1e1372f41a225bd358f06e754f906,0,2,0,0,13,0,4,2,926,1355.8
5001,91d25b48abe43642eebec640f3d093bb8410f768,1,12,1,0,13,60,53,21,2509,1246.05
5002,ea3be9549dca7eaed5e838bbcb69d2372817ce42,1,1,0,0,33,12,22,4,1042,363.79
5003,112cbd19c96bbe298aa371e82ac867caca189b15,0,1,0,0,1,23,36,2,157,139.82
5004,24f1861e80685769209d3a010bf93e98a1ac1be2,0,4,0,0,66,0,19,7,1554,598.08
5005,60795505b5c8ff1162afcb7e93013665b228e150,0,1,0,0,155,90,9,3,247,159.55
5006,736d2e861f396532bdc6c2a4f1410aeae8c36ec6,0,6,0,1,245,0,10,5,3019,993.16
5007,b4d1f96c6f7a1652af94c1d8202f214ed27f87d1,0,6,0,0,3,7,89,29,5403,1085.53
5008,5eb02b9392eeb8309d0e071a22d0319507bb63b3,1,2,0,0,0,0,0,0,75,70.91
5009,bec38dea558030506e54b52f2dd8cc564f2eda6c,0,3,0,0,21,2,17,5,152,346.41
5010,cd4a3d15c1abb8f6302b621c9d991115884f8b03,0,3,0,0,49,3,33,10,2313,556.48
5011,de0dfa000ebcb13a871df2762b6b79e203bb9ca4,0,7,0,0,27,3,22,2,2088,669.99
5012,24ad21ec8f53794101d3164cd8cd9d46f7475f32,0,2,0,0,11,0,118,35,2109,664.78
5013,b3462503ec6cc6aebb375c30d9295e59411a4ea7,0,5,0,0,24,40,207,105,5970,1218.11
5014,84f4e3a3bf8ccc924fc6c260a47a30b6e4f1adcc,1,2,0,0,0,0,0,0,51,70.46
5015,cc5bc17f44a6856b2a9b24be00d9840c1ac7ef23,0,3,0,0,74,8,254,143,2603,772.59
5016,a1cbccb8dad1824f978205a1e93ec01e87ed8ed5,0,4,0,0,4,2,0,0,261,128.88
5017,5d83302907887ace2bf35d1d4487f030c93d09a3,0,2,0,0,75,0,19,12,1967,494.97
5018,b6d9dfe29151632b8b22585c5c4ef9fe663d9ef4,0,1,0,0,47,0,20,6,5305,1018.31
5019,b176d072ed2ed33cd53f7e5189d93650246714d6,0,1,0,0,6,0,2,0,75,63.2
5020,a398ce0d4050faed02c32d906d0143b03a778b23,0,5,0,0,41,12,116,33,1405,1636.41
5021,f0812efdb82cb42a50bfe390413f6413d0ed5ab2,0,1,0,0,4,0,11,7,247,155.43
5022,89c02dd3865d306f3624e27affb7ba2d5c25e897,0,2,0,0,59,12,30,5,443,222.59
5023,3a2d3177853714b31cadc2bfad2c9a63f4798899,0,1,0,0,1,0,0,0,78,56.59
5024,d822003d7611c45fed4e24c6f3244a3a99fef5e7,1,4,0,0,75,436,572,197,4868,1408.81
5025,c49a6e79751414f045706eb3132ae50e7b3d2bc4,0,1,0,0,1,0,0,0,144,73.94
5026,6a82a898e51f805ee49442d59beedf7b7c718fe7,0,1,0,0,0,0,0,0,748,128.08
5027,bf98700a760ea1cca30f236e7dce10272fffdd48,6,3,0,0,49,68,3,0,827,659.2
5028,2985262b895cb00b22935d0ff660a6003082b631,19,4,0,0,34,191,80,19,2179,1434.5
5029,13d3bebd251f9406336c163286c959e899aee96c,0,2,0,0,75,0,36,6,847,312.11
5030,aa29cd9d6044edb7d425b99ff347c92079475d1d,2,6,0,0,138,161,411,183,6026,1358.34
5031,4e60ea3f786ed597b0594c2452dd7d64c44645b9,0,4,0,1,51,156,100,41,830,428.76
5032,ecabdd3e7eff59fb83b999e4f31533f91fd6391c,0,3,0,0,10,0,38,7,813,446.19
5033,f8404d846a6f1c48507e16d0d33d75d726d169f3,0,1,0,0,0,0,0,0,69,21.77
5034,72fb816b814ee931d8a2c93e1dddcb9478f3674a,0,1,0,0,1,0,0,0,674,253.67
5035,0d0e4976c155a450b93a14ce678b6ffb21f639df,0,8,0,0,7,0,6,1,1220,460.71
5036,c926f81e04a7bc49487ea4ef0e9d3a273d60f8aa,2,4,0,0,27,15,68,27,6710,1412.4
5037,ccc96b47ee764172021edd34342708ef6c47d812,0,16,5,0,87,301,516,113,11806,2673.88
5038,a2ce7f3d2edf404858b84f3d729a85a3660969b3,0,8,0,0,69,52,73,28,5085,1297.54
5039,a4fd2ea2313efb9850715a03bd826975c60e0ede,0,2,0,0,16,0,21,8,1179,286.83
5040,5facfbb863366d7a661c21c57011b8dbe43f52e0,1,17,0,0,250,82,62,27,3417,2141.06
5041,a38ae17fea04b25f83c3553d76c550fed4561efa,0,1,0,0,134,0,0,0,1270,217.02
5042,e6143de2b0c3f53d32db8a743119e3a8080d4f85,0,1,0,0,10,0,8,4,444,113.84
5043,7d33387916efa2bf410b1593207751dab7064b7a,0,1,0,0,19,2,63,22,204,112.29
5044,3f681c22787424244490184d01b9a0b9c5a4dae5,0,3,0,0,11,0,31,7,591,247.14
5045,ce037d14645599a5357fab4ca63167566b7037cb,0,1,0,0,1,0,7,4,443,154.68
5046,cbab5b29f26ceb3d4633ade9647ce8bcb2f020a0,0,1,0,0,4,1,11,1,133,106.43
5047,ee8b55a4fb13daaa1dbb17413db2492b6aad0ccd,0,1,0,0,5,0,17,10,444,131.81
5048,19a1a4b4280b017c20b5123232aefb1fb4fa6053,0,4,0,0,54,26,262,106,3686,934.46
5049,065469eda64403c1911f3eff440dbd18b15e3f35,0,1,0,0,3,0,16,9,250,106.41
5050,e5a6b30241c166c82d082effd72967dc25804f97,0,1,0,0,25,16,147,40,856,247.2
5051,98250bbe611b2bbd069049af54eda10d4b079b08,0,13,0,0,142,5,114,51,5378,1419.44
5052,99f142c9a010e74843497d813652c3ea44ad3085,0,1,0,0,0,0,0,0,3,11.11
5053,8ac7c23dc4c6568025a660dd73d78c002347bf71,0,9,0,0,43,12,62,25,15395,2379.99
5054,0e24943568f9db85aed5d2e618aebad617669932,0,1,0,0,0,0,0,0,305,64.41
5055,5aa257c73d63cf6d3e98b814bd5d0dffc2a58b0c,1,1,0,0,2,0,0,1,646,237.04
5056,c98ee5b757e5dca136eb8269ac9b58a385428bb4,0,1,0,0,0,15,71,22,2144,337.76
5057,efc2a5e186b0c9d874a06344c8a08b7e38b77e4d,0,1,0,0,4,0,0,0,51,45.95
5058,5c018a5d98d634287d2d6d709f7d26676484c6e9,0,1,0,0,0,49,102,63,4299,606.37
5059,788c04fec4813ca60e0270874e22dcd633e85ab7,0,1,0,0,11,0,91,46,330,120.15
5060,3a5edc97e562661b7e54b970c2fc123a26e79708,0,1,0,0,0,0,0,0,80,1026.04
5061,28a2efd0c9fde800b9220bddad93c8afafb911bf,0,2,0,0,0,0,2,0,973,209.19
5062,073e8473ea61da995c42847ea53909e77f7e76f2,0,14,0,2,960,240,1984,803,18279,3741.72
5063,8e2f1830a9156dcdd4563bfad53513d786038518,0,1,0,0,6,0,17,4,311,129.79
5064,169e6559286b5a24c0e66b6042ee29da049bc861,13,9,0,3,229,7,55,18,1589,1436.67
5065,a5980eec6d11d526ab961b43cd996cf7ef025587,1,3,0,0,175,110,77,26,404,314.14
5066,739c6ce53c228395f07238288db09445b3abf805,0,1,0,0,9,5,55,25,7449,691.88
5067,54d3bf2c6885c685780f0f658ca14f1f2774fdf2,0,1,0,0,0,0,0,0,675,228.35
5068,13967d8f284a4c7af8f2cc1f6c0256e507769357,0,2,0,0,22,0,44,23,5529,861.23
5069,6566065c0f36fa14057947252b0258919ffcbcee,2,2,0,0,4,0,0,0,988,307.78
5070,0b6a48d0131948e6cbfa1af89c7e331475b56de8,0,1,0,0,0,0,0,0,317,120.76
5071,eaa439e394514de0c38602d01a98d2e6237c0da8,0,3,0,1,113,30,59,21,202,271.92
5072,abf72b6009b2d6b9b141ea58e3bf65cc11ca0ad1,0,4,0,0,96,9,192,44,1491,448.98
5073,1cae318fb09a4b3210c8fb3c233811bd000c829d,0,1,0,0,0,0,0,0,449,86.52
5074,aeb877220602c25758ff7fa77cb1f40cc3f0e9d6,0,29,0,18,29,1,30,11,1092,830.45
5075,47c714167ab16316954a55c0351bb34e7441f104,1,2,0,0,41,9,4,0,494,249.37
5076,f4d017b801ea256bf076160a31dba88e61c80422,0,1,0,0,19,0,45,6,1132,194.53
5077,bbf5ecceed3d869ed83d28b001de4e2c2cc8fb7b,0,22,0,0,925,376,1745,279,80371,16414.41
5078,e86461fb8cc7dc6f4a7cc1ecd43d037c69c2777a,0,3,0,0,106,83,230,106,6745,1064.09
5079,21909601f8f5f9d8325774178aaaa8fb3c26a764,0,23,0,1,663,494,560,192,9791,3192.84
5080,40b70eb18172b593d4184254190fe89990d8ffc5,0,2,0,0,55,0,81,56,2289,1183.58
5081,2f79bd63a71c32c029992b0336726e248e4e905d,5,10,0,0,196,25,53,35,11468,2351.09
5082,79e3c5a8d10e60ae1a981e74b0c48011d3fb2cdc,2,12,0,3,25,83,67,25,1507,890.22
5083,0b7e9105dadfe925ee945165421826bab2f1c645,0,12,2,0,79,17,23,10,1515,722.3
5084,0a235d8e1e5fa488a797e0001a64d2c63b371d0a,0,2,0,0,61,0,11,2,2413,415.91
5085,53b70bdc376e0b285677c0aad67836ecc901438c,0,3,0,0,59,11,39,7,316,238.35
5086,812fa39463a49a6391b5f82c6bfbac589573c500,0,2,0,0,17,0,141,12,5563,795.49
5087,00b644482656da9fb40788744e692f4e677b4c0d,8,6,6,0,4,69,5,3,1027,946.35
5088,c2637e6e1c7ec6e8bb656788ff597df7b098e1ea,0,2,0,0,15,10,44,13,3951,601.27
5089,0ffff404088a428da752a60a0847f51845e618ff,2,61,0,8,518,262,1343,535,21839,5140.87
5090,1af980242ab759795f498486a1124460cde98409,0,2,0,0,0,14,153,6,677,188.06
5091,5d459665b6353756606cd0c2bf7c199170f912cc,0,11,0,1,53,161,440,139,14330,2291.95
5092,ed6501ed39040f308c792f22756d3169f37cb3a4,0,3,0,0,1,1,8,1,316,129.96
5093,740779f66a4678324428ca0c240ae3ca44a00974,4,2,0,0,0,0,0,0,1262,442.0
5094,f56abb4054cbc4ba8c8511596117f7823d60dbe6,0,1,0,0,5,0,42,15,261,106.54
5095,9e9356b5e2cd03ff327ac1b269983454118e5f8e,15,15,7,0,82,183,584,72,5431,1815.54
5096,c6b5ad663d235c15fc5bb5a24a1d3e9ac0d05140,0,5,0,0,18,0,46,19,1171,471.86
5097,44804d82f5c1226b0247680954fdd22fc3b200bd,1,5,0,2,22,2,27,11,1020,500.89
5098,1fecb81f942ffa1ce91a2ea343f266ce82f6e7ef,3,6,1,0,32,21,26,0,1469,614.71
5099,699d6ce36deb71ddc04a9ef7bec434ef4d2409b1,0,1,0,0,27,16,186,47,433,159.71
5100,54dbca69c9ea630b9cccd5550bdb455b9bbc240c,4,6,0,0,1,3,3,2,2007,1378.38
5101,57beac4efe69796e4f7a5ea8e5ff67819f55a6a3,0,5,0,0,1,52,150,52,692,415.09
5102,db7b57cd9c99e874a9d6f43ecacaadac3b360f2d,0,8,0,3,209,68,25,3,2770,916.37
5103,d6db6ffff630bf377b157e9e971d48e1a6d10209,0,2,0,0,13,210,108,46,539,199.62
5104,78e29fc70dacec498c35dc556dd7403e4c9f48fe,0,13,0,0,42,26,47,6,3812,966.06
5105,4ba48aa5fcaa981ee469161bbf17611aa0392fd2,0,1,0,0,9,2,0,0,138,77.06
5106,cde41e9ea522b11bcef6f427d564cc3061a8d636,0,5,0,0,29,1,36,2,3372,540.28
5107,57ae3aca05d21628df620f33a9f03966f33c8d7b,0,1,0,0,1,0,2,0,11,48.87
5108,6a8b58a2cdd0197d9724226cf2eb3a2c284be402,1,5,0,0,23,0,113,35,3401,707.72
5109,2e0d02b7dede0eed21dfc9e0fd20279017066fab,1,1,0,0,7,2,48,2,165,160.88
5110,c550b7de6514ba7dbf91402cd3b3f33a3cc8d631,0,2,0,0,33,0,14,7,535,197.96
5111,ee91b8ec51795803c4c2817c6c2ced8f933f4b86,0,6,0,1,70,59,160,43,10632,1775.81
5112,6b6a00ffb0dae651ef407a99bab00d5e74f0d6aa,13,36,0,3,362,16,870,388,11285,3473.59
5113,162f592425ce2242ed9be7cd805aa1d5e37b3c11,3,2,0,0,4,1,1,0,141,255.18
5114,6bfa2491bfa8b13626632c3b3ba7e87bcb0f04ae,1,9,0,7,89,28,299,106,2368,1026.86
5115,40fe0d7e03a03bf6082ff00f17322756e6f00ea9,0,1,0,0,7,0,47,12,103,84.98
5116,dd2697c00dffe17699f19f8accfbf5c14bd07219,0,3,0,0,47,0,0,0,1237,265.21
5117,8a7b5b565ad1c719afcd565c41523ef0bd1edbfb,0,3,0,0,0,2,13,4,1758,308.59
5118,3baaca747d7bd81d58a8651074af5aed67067c6f,0,1,0,0,8,0,9,2,475,137.88
5119,fea6df6bcca6fcd76b95257d838e6d741dcf3f2b,0,2,0,0,7,2,15,8,339,152.03
5120,4291c467aac81bcef140f1b8b8cdaba6edaf2f96,0,2,0,0,31,0,43,8,243,981.66
5121,f2fa83cd1552e85526ff02a6f3473f5a36bfde8f,0,1,0,0,0,0,0,0,50,21.32
5122,86f74fdd26b83cee128d24055ee369e9b7f36201,0,23,0,1,58,30,181,59,6180,1759.56
5123,0efb93681099af4e4b7269c72d86fe379c99da7c,3,3,0,0,39,17,23,10,4045,961.31
5124,7827316f0c4cb9e9fe63506687b33bf4b2c4e70a,0,3,0,0,10,1,15,6,366,182.3
5125,202c5137f2b73ead25d6907d1f74a8857690440e,0,13,0,4,1,0,0,0,1861,458.72
5126,23e703f96935ecd6c7daf6316329f305ccac6615,0,26,0,2,47,104,47,10,4274,985.5
5127,360a91e64590940641aff9304eb0275cbfd82e39,0,1,0,0,43,6,48,22,5393,755.99
5128,045b8da502328e72976d9e3aeb79a50090596bda,2,5,0,3,10,0,9,6,2912,1028.93
5129,e97734b1ca010d9690bbb0d6bdddf92082a20688,0,1,0,0,61,0,0,0,408,102.06
5130,ed3c3edcf175276a1b061680651fa1753e354c0e,0,1,0,0,0,0,0,0,223,48.0
5131,89699ef4be80150cc31f89eefaf9d3db20e30e6e,0,1,0,0,0,0,0,0,390,81.3
5132,e1e48bc0a7795b4f249cf3585d02dcc2d2d2b18e,1,2,0,0,65,0,5,0,2381,421.65
5133,04246db02177dc93286645d172ea226be7a36572,0,1,0,0,111,45,2,1,122,145.2
5134,fa59d47531edd3c7357c239046e9f72f3f3e0550,0,1,0,0,11,0,1,0,199,78.07
5135,85415f7b8a6054da2826566176f7ddd394a0d885,0,3,0,0,3,0,95,46,8917,1141.93
5136,8d951fa4e0665942c4c1cb44a7914f70b0604f2d,0,4,0,0,29,2,152,64,1600,440.98
5137,bb2f25c1a189b031a9601cb00a3dc2f5d6f5ac4a,0,2,0,0,9,0,8,0,859,296.99
5138,952fe6e17e8418515caf33de96e33ff16711265f,0,1,0,0,10,0,0,0,251,73.58
5139,1c891ad4e228aee22aae6c4f8ab572f8867ea441,1,6,0,0,145,4,37,12,1957,768.18
5140,d85beaa99ba349d9334d3d96abb6e89c94db8481,1,15,0,0,1012,144,186,85,13935,3478.46
5141,071db96e9c0840804d45d0d883b4f2576c00ffe2,0,1,0,0,1,8,15,7,32,88.01
5142,6430064f7e8b3cf33a8c69c368dfeddb55b635ca,0,1,0,0,39,0,6,0,167,76.74
5143,f66820c1b88a526f6076bd80deb314eff146e386,0,19,0,1,1400,710,85,16,18853,3273.07
5144,dec96ca6f6fb8de04b2847be2285792275ea9423,0,1,0,0,9,1,5,1,104,103.32
5145,1c3039333ba71665e8b954fbee88188757bb4050,0,2,0,0,36,0,21,2,125,148.68
5146,93aec1217b29d9026d258771bf6bbcd0f2ae8f61,0,7,0,0,242,1,196,87,5955,1202.99
5147,a74c1e7ceeab05917fbe01e9a7cd3eda8e87ee27,0,4,0,0,91,10,191,63,12144,1834.57
5148,ef6a90af4bf8c61b3350ee841802e1bb1e1d355a,0,1,0,0,12,0,99,39,302,121.65
5149,3c1b354eadb2033681efe3c06a99920ba4912a13,0,2,0,0,117,33,66,3,1965,357.45
5150,2fa4dc277e0cd28261602c392c2f55d040d22677,5,4,0,0,176,5,237,100,1125,608.34
5151,bd3889e9f6e887231c796263c5e8b76eaca2fc3a,2,8,0,0,0,0,0,0,677,237.27
5152,c3c6175fb4dbee40cd5f742a49414bf9ecb2f54a,0,5,0,1,25,0,56,26,544,345.35
5153,ca80968e039382b8def51adb2a4520e76c89f7fb,1,51,0,0,235,201,1228,443,13631,3866.76
5154,3330403a7dea206c85828dfd5319a7ae0d9bcef5,0,1,0,0,15,0,20,10,190,107.45
5155,bbf0629a5a2e43531c4fd5e17d727497e89d267d,0,2,0,0,20,2,15,12,1879,326.54
5156,8dcc78a21488a5fe2ec9e42084a61bf38653ddd6,0,9,0,1,141,26,47,14,3308,874.67
5157,509308f642f4af8eb44a9fb7f0f105198df9fac6,0,2,0,0,254,0,108,29,5613,867.75
5158,7ab6f01c1197052220c670a0538c95e54346256b,0,1,0,0,28,0,12,3,325,127.15
5159,8aee8d4f2b124fcfa093724b4de0a54287a8084f,0,10,0,0,17,3,90,40,1374,604.95
5160,727a3dfcda43972b5947b8351223506e2bdfb4c0,0,2,0,0,86,9,60,35,330,1124.91
5161,f5b2250219a254c54886ebe9aa70b7dd5bc00b5f,2,13,0,2,278,71,167,65,6450,1895.29
5162,396cba45822ab9e1519504cdde82df1d89b60c8f,0,2,0,0,4,0,0,0,156,64.53
5163,cb815dcf96030cb48b4d8ab89895ff3141f7dbca,1,5,1,1,62,35,59,8,892,506.12
5164,0155a34cd0413b82b9f82aea2bf8ef9198377be3,0,1,0,0,0,0,0,0,62,20.58
5165,363ffe0ac7dec7e4804c1eb2ba76cb07660ae020,0,5,0,0,17,0,36,12,1196,434.78
5166,cea9ea7d4fe843b1655da8f4191b6b71195db0f4,0,1,0,0,3,0,23,14,50,81.0
5167,087aafca763ed1f49cab2c389d2e00425c48a6d0,0,4,0,0,0,3,16,3,622,197.34
5168,bdacb10523cd8b46ed11649fee62e87388c26752,0,2,0,0,13,0,5,2,439,195.85
5169,0b4a04b930299fd3ccc874cf961e5af42140a337,0,2,0,0,6,2,7,0,235,151.29
5170,fae25566beae8ae43e694b3a312fb47dbaf4186b,0,1,0,0,18,3,26,6,2354,442.0
5171,2d894a9ae8018f4b712cd9aaf8199d67a83c075c,0,1,0,0,0,0,0,0,206,35.5
5172,41f72dc3eda0e2744ea3787560ef12ec1d994038,0,4,0,0,25,25,278,94,9923,1425.81
5173,6fb647f32ce4e393c4bfcd871821d4da166abaa0,0,1,0,0,2,0,9,4,1214,207.92
5174,16f68e3e67def86bb16789d146a9b68bc7863894,0,3,0,0,81,23,326,96,1678,381.74
5175,46e5ea9ec07309d0b916de72ebae9f2d7778be90,2,3,0,0,181,0,2,0,2671,539.82
5176,4a8eaa57152c4f4802d136925d4f169e7befae81,0,5,0,0,247,10,125,21,451,439.77
5177,c18ee4320222c31c5b997f3e46aa06919d10acc0,0,6,0,0,8,8,11,0,772,224.66
5178,8877e98217e076075bf156becf28e50b7173fe4a,0,2,0,0,59,0,0,0,913,171.01
5179,302360f51c2f6d93db244b6e67fc05517a654b2b,0,2,0,0,42,0,54,21,7851,1042.04
5180,309cb0d432653be4ef8b1028ccc4ed5d5f5ae7e6,0,2,0,0,64,0,68,28,2185,1208.73
5181,80c9c2efd44a9a736afa11308832ed4801a9746d,0,1,0,0,1,0,35,0,578,115.14
5182,71f52d8ad512904b3f2c4f04fe39a33f2834f1f2,0,1,0,0,10,0,12,7,298,113.89
5183,0c3ab791b632caf21ebf8508bad8e7d7319eced9,0,1,0,1,1,6,0,0,1806,691.89
5184,f572ce6d2c708ae0a08254d042ce5739c096ba18,0,1,0,0,0,0,0,0,5673,689.65
5185,0c226c6892bdbe5001070fcbc12063aca8c72267,0,1,0,0,14,1,3,0,101,92.64
5186,8d2b4e905c9d802ac0fc34c5a2c7344bffa5d451,0,23,0,0,75,15,10,3,5286,1006.05
5187,314fe44e5c45fdf1ea2a3edbe9bb9eedda5c12fd,0,1,0,0,10,0,15,8,590,151.54
5188,ab3a5553f7fe3068c227f46c3deee169e27c94a2,0,2,0,0,85,0,7,2,1314,261.11
5189,8c5f55ee31a46990eabc37907968978e4f203372,1,2,0,0,54,0,74,13,2798,516.9
5190,4d141c1cd5d53a4aad58364ca36c01da058d7665,2,1,0,0,42,4,9,3,1669,415.45
5191,abc1b2092f80803d83284a563d8dc0069e7c93e9,2,27,0,0,1153,336,676,181,7393,2378.65
5192,7819cd3662f009e9416254ce7b63457285af8cd3,1,8,0,0,180,74,84,33,2610,1055.88
5193,bc510f63de9d6baab3a5ad8a4bf4eed9c6fde8b1,0,4,0,1,30,0,53,25,504,353.99
5194,287113edb62bcf091651ba150dfe51ad76e12fde,0,4,0,0,7,2,5,3,186,150.26
5195,607077a906fa5157538ac74dd4be38c3ece33aa0,0,1,0,0,3,22,14,7,883,201.1
5196,a10bd8caeb4609854ef579a48e3691cae3f145f9,0,1,0,0,21,1,19,3,47,95.68
5197,4a567f86504b81e74cd0f7e5fb5375712ce4a62f,1,6,3,0,25,15,170,31,4101,936.8
5198,cb0350ce56c2957f4985b1ae60537c20faf52475,0,3,0,0,35,4,33,24,159,193.52
5199,6fd0d1a483f2f887bc6cdf3229d83ef925ce46e7,0,1,0,0,3,167,59,24,2205,445.47
5200,fafa953ffcb4c94997feca3e3ed3a23a91a0fe4a,0,1,0,0,1,0,12,6,396,881.93
5201,a3254715298d11aa440dd1c1e9fc65877210cef1,0,13,0,0,0,62,37,3,3863,874.4
5202,c650d558748973d608add6dd6211a14fde7eea72,0,4,0,0,2,4,0,0,262,144.61
5203,f4d8711adb520159e255127006cc6ab7616c2c3e,0,2,0,0,0,0,0,0,2881,556.04
5204,6de5d1d4ba40269a0bf5ad6ee42797021541fe97,1,17,4,0,21,87,194,65,5278,1724.97
5205,53989648276fc057d5ec7ab056a7d0a654d110b8,0,28,0,10,398,47,371,68,11005,3147.42
5206,10944ee34a39efc0503ca917d1153751e1d495d2,0,2,0,0,10,2,38,10,367,224.35
5207,3fa48346d509813977cd3c7622d581c0ccd51e99,0,3,0,0,82,109,102,36,459,403.14
5208,b11e43b155362c0ebd7a0dc905bf097d0c3eff4b,0,2,0,0,26,1,21,11,9453,1899.41
5209,1b0d8df58ec923b83cdd04e575b0fac7320460ec,2,9,0,1,35,126,45,14,3553,1137.57
5210,86c0bcb42cff2c615ea376074f60db68e84bd00e,0,1,0,0,0,0,0,0,1435,225.07
5211,14733c7cfe4e2d09fd56ee0f279e3f168bb0cf57,0,1,0,0,4,0,25,17,1435,271.49
5212,88da2382953ca8b7a608331772ccaba3f53ef1d5,0,2,0,0,550,3,196,57,2519,847.45
5213,094c1d503d4845ec9613d08c7e6fb262e3fc38a9,1,10,0,0,20,18,59,13,3054,1127.78
5214,bec80e8c116d9379cb3e100b7cdff131243020de,0,1,0,1,0,0,0,0,38,52.9
5215,91919d3f72bb0a2fdbaf3649dca830354fdf66b1,0,7,0,0,28,6,36,5,1467,570.61
5216,bac31411c5336471c1f54604d81b0c76d566cbee,0,6,0,0,159,26,103,44,8358,1768.6
5217,0731dab18c85363d4bad8a556c437a587277143c,0,1,0,0,7,0,5,4,311,155.77
5218,c39b879581325e7e9e4df0b8531f80e34ab11d91,2,8,0,0,3,169,17,0,3440,874.59
5219,6b87af7477219a3b62acb4b8ff4e614d45816d68,0,5,0,0,5,0,2,0,967,288.62
5220,555f001146c4fc471e29e18899a0e02a4043cca5,0,4,0,0,27,7,63,13,676,1292.25
5221,4536fb74c0c2aecfaad1a3b17d2e016a438a8bd2,0,2,0,0,7,2,65,38,737,324.14
5222,7f5460d8e53f0d579e7c75f46911faa1180d482d,0,1,0,0,0,0,0,0,313,51.87
5223,7580de9a49df1107ae9e709c4e2615a0982f5ed4,0,2,0,0,7,0,109,42,1111,283.28
5224,37f84ca096de15ee7a7a0779705e504fe9c96b4e,0,15,0,0,255,130,359,127,12589,3258.23
5225,7237685136acd5a5d4cc6d6c7edb703b98924279,1,3,0,0,0,0,0,0,272,127.29
5226,aef22bf4eb4336ba25b1505dd37c92e5a20dfb83,0,2,0,0,2,2,45,5,267,185.29
5227,b6c15bc72206b4c79c93c9c620e28561ca4b9e92,0,13,0,0,94,521,235,67,3951,1518.99
5228,26d6de7e2108149c1be411ce2c1b63e4fae230ad,0,5,0,0,873,126,495,193,2397,927.19
5229,fadfcc67c98a019a63f36a138b3c333b80d1e074,1,10,0,0,32,1,7,1,627,405.69
5230,6bedc3dba8af13521d3e11efee4f2e7a4bbfcbdf,0,1,0,0,156,43,99,11,1403,378.23
5231,6af30bf2b515b1cedce435c5b3e0acdd7eb9891d,1,26,0,1,163,93,498,118,10986,3365.07
5232,a96d9f71da093b73e451fd8d6b146cd4e919d1af,2,12,0,0,82,330,145,68,4253,1658.67
5233,65b351bc380b0a4cbc6cdb207f623bac562012b7,0,1,0,0,54,0,0,0,2741,462.86
5234,4ec00d36463cc4f2440ba1616e3f250d98787963,0,6,0,0,4,0,12,7,743,309.97
5235,c713eeec0d5f66aae8180fed8ebada8ce7b5d487,0,6,0,0,164,160,132,33,714,722.1
5236,63c2025b7c2b6973b3bc0d0bfd1dc7662afbbdf2,0,1,0,0,0,0,0,0,8,19.93
5237,1fe8db618a7bbc09e041844021a2711c89355995,0,9,0,0,246,101,284,146,14041,2906.44
5238,e7081035bb9768bc014f0aba11417418ececbaf0,0,19,0,2,21,0,29,5,4032,1468.59
5239,0534b9048e8d3de222bf41763f651f0946013c2d,0,2,0,0,133,171,87,31,1209,399.69
5240,d4c496bf5e8c691bbc130e11a854321fb6a25e3e,0,8,0,1,19,7,25,7,629,1594.0
5241,fb6b023dc9d6440bbcc72ab849c0187d0188be36,1,6,0,0,84,1,181,72,3807,1165.8
5242,3634395834e9b8fb35dc853d446b7c428f005af6,0,2,0,0,146,34,40,32,2601,561.0
5243,9f86d14af1cbc381050cefedf006c691cc7ece70,0,4,0,0,10,0,54,25,8994,1637.26
5244,996fa070410b673ebd47511b33c78da4c4757723,0,7,0,0,531,12,233,73,4938,1499.99
5245,f6b61d6001bb0913dd08068b7d9f268bf4ca7beb,0,7,0,0,0,0,0,0,5469,1199.03
5246,549ac12dd3d41215aeb31d6d247a1c86f2ed85de,0,1,0,0,9,0,6,5,2273,408.77
5247,3c7fb2a976ad363a2f96588d0c4880f682f0b855,27,9,0,2,47,7,43,12,4152,2908.4
5248,20276d2113f669a2ea08480ce76df9bd6b913d09,1,11,0,1,126,0,630,232,3126,1537.18
5249,0836d1a650b86b09408b92f516fed06fe08f420f,0,1,0,0,4,0,0,0,12,49.49
5250,f21462dc03d734683ca0c794085ca694971ca472,0,5,0,1,60,2,1,0,347,284.41
5251,52a64f14d5ac8c82e964ebfe64c362a7cd5ac25b,0,2,0,0,0,0,0,0,756,243.96
5252,4a6a0eba46c31b100ff9c14fd74d3489cea2b732,0,34,0,8,141,2,107,0,1547,1331.52
5253,1c1ad5e738fa6110c44a8c05eb33963ce56914e0,0,14,0,2,0,0,0,0,79,75.2
5254,9e95bd654ab0387629edfdbb1ca2ba6c57030eb1,0,4,0,0,0,0,0,0,15,21.36
5255,5fc4900bad53d8fcdb46441b5747ff854a630655,0,2,0,0,25,0,0,0,92,76.96
5256,723b4ef7f923780275e08bbbd1201efd0248a675,1,7,1,0,21,5,29,13,2060,744.7
5257,e42429cf80abf88e80d7d44462bd0035a124f001,0,2,0,1,20,0,30,3,559,319.35
5258,681eb5b36fe3f6a9a52f904670db56cc85704274,0,35,0,0,18,8,9,0,327,374.87
5259,56dd2a1d691b56e131952b466380a51221a9f952,0,2,0,0,66,18,79,41,2882,771.36
5260,3bdfc9cc9a0377afb688898493d890f6f543a116,3,0,0,0,0,0,0,0,0,1402.14
5261,5c147f0df840049374b9f87ca79688c6fc2ee705,0,4,0,1,40,0,30,9,412,332.44
5262,6565387e65970d4e4d920d5bbe14ca9a7831f93c,0,1,0,0,0,0,0,0,206,37.83
5263,7ea12e731e416da18da333e005c49b40c0a61434,0,1,0,0,342,40,232,99,4458,993.53
5264,cedf0ae6c3522dab12f46158743c663cec603c2e,0,1,0,0,0,0,0,0,1221,186.14
5265,24dc65c6ef1a537c95876453ee2f6ac5391ac397,0,1,0,0,14,0,36,8,5673,893.47
5266,2c2a19a0a85dca7376c38c6457eceebc5732f136,0,1,0,0,0,0,0,0,4,30.44
5267,8ff37ad878562d7926baa94ef2099f8eb38b1ea8,0,1,0,0,34,0,0,0,2795,388.27
5268,68b2f9b2a78d9727f034ece8b3d7adc1c29054ad,0,3,0,0,8,0,10,6,241,134.8
5269,889a60a446e56f28542b4ccf71950908ae349cf5,2,0,0,0,0,0,0,0,0,138.23
5270,c4e2e2a51bff55464cb337f4dcf62175e09da2ad,0,1,0,0,0,0,0,0,150,33.93
5271,0bf8314613f7525a1621071fa2dd5b7baf87cdfe,0,2,0,0,0,0,0,0,74,46.44
5272,ceec583142eb3e2c8f1cca8086e3f23bfebe50dd,0,4,0,0,29,7,0,0,592,221.65
5273,c9c71624680eeb8945dd9fd00a23ea6a4c92fcdf,2,8,0,0,173,27,74,7,1433,1091.94
5274,acb03dba4ae858ba83910a74af08dc9df7920c54,0,2,0,0,45,284,185,54,5048,846.49
5275,03d0500d85f0d3c9ccaa13c2d77351c54b73e1dd,1,4,1,2,5,4,5,2,359,275.24
5276,fc6725eb4261adb5ff91561be480709d7addb857,5,3,0,0,8,0,78,29,1205,475.62
5277,565be92ff5e25fae9aed14a0d84d20c22b49c01a,0,1,0,0,366,24,391,153,2258,503.65
5278,f780eb39eea3f39b906daf7454185398b5d9ce3b,1,13,0,0,358,2,264,141,17135,3046.29
5279,0e7ca91a9832efa5ab05c79b0e981735b89e3a72,1,4,0,0,3,9,1,0,955,380.65
5280,6b03a9c5a8d0005e61bbc4095770d0721083ecd7,0,4,0,1,70,0,76,24,908,1205.54
5281,2b71ad306addd9513aeda023ae955484d3173db7,0,3,0,0,15,7,6,2,1259,300.05
5282,f778e8c5023e04721892b481b8390c05c3b94c12,0,1,0,0,46,3,0,0,108,85.93
5283,f067df6f5817429d52a96fb78cdbcfbe83c1f497,0,1,0,0,5,9,20,10,80,97.26
5284,16bfb9c9405b68a24c7e6c1b13bec00e38bbe213,0,4,0,1,0,0,0,0,6,32.21
5285,90a92b7462f17bddcc55a02736a0af884db2d018,25,22,0,1,301,21,118,32,21094,4281.56
5286,7860e7628f0e406c99f62a514a7d7e0378e13dcb,0,29,1,3,174,22,3,0,3779,1465.77
5287,4a14cfc01b6c06817899290b6d2c5f0849cb44dd,0,1,0,0,0,0,0,0,114,27.73
5288,9373a6434dd7091ace07a1cd876b60c4654d3108,0,1,0,0,0,0,0,0,170,31.86
5289,fe477b59eac2a003e6091d3a8b47738056fbae27,0,1,0,0,1,0,4,1,235,92.55
5290,aeb837727500a1dc02b1f23e083b4a29930f30ca,0,2,0,0,0,0,0,0,1371,320.91
5291,eb7a8f909b6ace29bc64995a1f14b36ad28259ef,0,10,0,1,198,25,44,12,4159,824.2
5292,4d931436ed61ffac794f984d63e2eea80816f19b,0,1,0,0,0,0,0,0,192,39.28
5293,e9347ab9778608c415174e40ed63bcf36054b66d,0,1,0,0,2,0,15,7,254,110.71
5294,06d9a6bf142534db772f457c4d4a0c2a0c9cfe2e,0,1,0,0,0,1,6,4,4718,711.58
5295,d5bdb9bc6bbe6c8decccf29e169b80c30ede27f8,0,10,0,1,18,82,58,14,1686,795.78
5296,34b0e07a3bd5002b197b749e3e5a7992e196c237,0,22,1,0,533,63,674,247,11743,3189.61
5297,60ae30ad217687cc2ad90c5297d7048a5bbb53b6,1,28,0,1,131,188,316,96,6689,1939.07
5298,55ec87b59630d1905688214e8b9409a06e436304,0,2,0,0,11,8,22,19,2305,433.45
5299,aa3982a015aeaec7625263cf861757bac155645f,1,14,0,0,978,144,316,55,7618,2444.63
5300,c9e09400ff7f2ca662acfaedf3cbf327efb3d00f,0,2,0,0,3,0,6,0,754,1187.1
5301,46c52f2c846d0ced5df17992a519b774ded20b8a,1,9,0,2,40,50,106,13,771,649.38
5302,dba3314b52c3fd06e4719de3d49c4695667c4522,1,3,0,0,1,1,3,0,774,307.35
5303,e2770d6e3818d6becf3a4227d5a2f250a75c813d,16,31,1,2,170,13,71,30,17185,3911.24
5304,d012f8653cea4cb8ade45b84e899163ba578a191,0,3,0,1,0,0,0,0,41,46.73
5305,fe59851c8ad82f2e3c158cb103dcfcfe78ea160c,0,11,0,0,88,29,180,61,7342,1539.15
5306,34fe5f37966a29d4535604e02d8ed1c828f6238a,0,5,0,3,58,2,28,18,1850,1041.08
5307,ff30a1ebf6a470ce66d7bc7cb8ed452ac956b347,1,5,0,0,25,0,82,31,3707,787.12
5308,330c62f842cd145e559e83fa00ea26bdcbd7f7d3,0,19,0,4,10,0,0,0,838,247.01
5309,346dd8e693d0b189c8dba01d025a989be2d8994f,0,2,0,0,6,0,3,3,419,161.69
5310,5f13f286cfddc4ed0a06eb40b7c69a5ca69ab300,0,5,0,0,0,0,0,0,158,70.1
5311,a2c4aaede434c17fe017d588c8f3be174e47bf37,0,3,0,0,4,31,52,13,2039,536.12
5312,59e285d19c5b3a8c64ba0746a2d94db5da98c382,5,3,0,0,11,10,37,13,8109,1466.42
5313,34eebff194e81180202d198200e84058c4910d95,13,45,10,0,268,143,451,195,14795,4235.84
5314,c284587ff59b04abb0866cc8b516051406a654fe,0,5,0,0,6,5,30,3,752,310.87
5315,835c066b8689269c16d50caefa7d37f0a8e67277,2,1,1,0,17,111,8,0,68,262.01
5316,6b103828863dd00a8745311d50c26a1db09fae34,1,4,0,0,19,6,4,1,2428,642.5
5317,733bc5f0280f0f8145b953d67bb50e34af713e04,4,3,0,0,10,193,53,17,275,495.64
5318,1938eeb5948bd1e2443d785cf4b1896cc2c3d4c5,0,1,0,0,0,0,0,0,237,53.75
5319,262d8f992e63ac4aa65e36665fb22748546c511c,0,1,0,0,1,12,97,51,767,184.66
5320,6be50b76be5956b3c52ed6024fd7b4a3dee65fb6,2,20,1,0,456,83,377,118,22167,5166.1
5321,dd04a92f7178df2ef26ca0b76bd2985c34a7dbaf,0,2,0,0,0,2,0,0,26,82.29
5322,b67d52c294c1c2db21ed89c86486c946aa5d3ca4,0,2,0,0,79,40,39,17,1246,442.58
5323,a6b9cd527b095fc77e4adc839206455bd937dd07,7,8,0,0,49,68,87,21,12440,2313.48
5324,2e5ead142f88333899223aaf810976c4dcf02efb,1,1,0,1,0,0,0,0,57,93.91
5325,9e673a73d28ef047c5d4299b415c306423f68c71,6,11,0,0,230,27,225,81,1880,1123.39
5326,601c764911b850da97aefdc0f83e8efc5627e8b8,0,1,0,0,0,2,2,0,401,97.04
5327,45f3fac554ada3cd4b15a7bf3c9f0047c65fa616,0,5,0,1,10,3,61,21,827,360.35
5328,2e226d22facea6ea362dc90ce37ae59aeb1666a0,0,2,0,1,51,0,21,8,702,221.92
5329,4795b99690c9428636a5a28c5d4be40ce5fc430d,8,14,3,1,227,308,67,20,2851,1180.02
5330,d1555651f445aa25dd4cdb79949bd65561fcd36d,7,7,0,0,638,70,134,55,3041,1471.21
5331,623ecaa53bc7d559a4181383ecea25ce0868cbdc,0,9,0,2,119,2,105,53,1308,687.93
5332,90e682887de28d0c4c5a0caeac8f15d8a8b671af,1,6,0,0,27,20,1,0,1268,403.61
5333,bff8d95e91f94770fb0ae4a96009e22d16d7ddfa,0,1,0,0,12,8,3,1,88,100.95
5334,eb0034c0cdcc5f10fd5d7382e2caf787a8003e7a,0,5,0,0,217,52,212,61,3234,709.41
5335,d55dfab2a31d0530b360b1db65bc7c258d5e8d7e,0,7,0,0,32,4,10,4,1205,554.73
5336,aa2557b24f4c77638315144cbb6d1c72c04c0f24,1,1,0,0,32,4,27,17,205,191.13
5337,849fa02c97e4eba2c443db871c1e6b117750d868,0,2,0,0,37,0,24,7,442,214.6
5338,5663b971776bd3e6a6e17426875f44313f6eff9f,0,5,0,0,158,0,117,47,5587,1200.56
5339,1e3e74e54d25921f96d1a0e0eae04d4aeb5a40bd,0,2,0,0,18,0,39,12,479,207.9
5340,c52aba1a6bc7c983a8c5776723ce138a76b52064,0,2,0,0,72,0,30,8,3598,1501.38
5341,5f26f393ecc0cca4afd3a2ed3c1d46acf47701d1,0,11,0,0,0,0,0,0,1130,252.85
5342,5e57a2a8675760659a7a6a48c8cd39c2b2bf5dc0,1,10,0,1,432,262,241,83,9500,1848.87
5343,5df15407f0cc0ca3dc01f1258f270f49b6ca6e4c,0,1,0,0,0,0,0,0,182,31.98
5344,8deb7794093169049fa80d224fc82a2561567717,5,13,0,3,85,353,578,180,8521,2100.06
5345,92f9d8fb4de7896cc9161bfbd461fac4f2917a35,1,7,0,0,86,62,88,39,10366,1960.93
5346,307a7cda3c36c603643888235dba24ceac164a61,0,3,0,0,13,0,0,0,5442,774.84
5347,1acaf1534769b149ee34e79208c324fe519e9990,0,5,0,0,143,113,112,45,5076,994.47
5348,0e0c98039055983823b96db0c340a6015a8be812,2,16,0,0,114,122,189,83,5105,1818.55
5349,afd0d9ffc4d8bc39effbb9f7324fcafa7518b141,0,1,0,0,20,0,69,29,4721,649.84
5350,c8dccfdde6dc41b474066dc5eb2b9078676b6022,0,2,0,0,26,0,0,0,3338,463.09
5351,55d8ee0b510ba6ce0233c81293b912534d80f732,0,7,0,1,100,17,135,51,81513,36034.43
5352,365c031077ef5d99f623634fe8516e52d5dd7b02,0,3,0,0,56,60,138,16,554,384.67
5353,309e89110f3ddf40e121c8a92edf273f4df8cc52,0,2,0,1,37,24,18,1,153,218.2
5354,1706a6b5d7f8df7cb84d0f84bc82674e11fe856d,0,2,0,0,4,0,3,2,795,207.29
5355,4d8b194bd55575b29caa256d09066fce6cd86c6a,1,2,0,0,5,0,5,2,5404,913.2
5356,1c84e0c043d68f7ce2e1dd80e1e54ca8d615e7ab,0,3,0,0,30,25,46,10,175,174.46
5357,b0b6db7307767710d58bdf59234959ffc17445b1,44,12,32,0,8,3,0,0,12354,3938.46
5358,9329cd90959d05eb4ac7e580f599ba17ad545760,0,3,0,0,24,30,45,10,175,156.23
5359,543e0b01a27fa5a51ac3adcfb6c878c403c6be7b,0,14,0,0,1157,137,1239,395,9847,2295.76
5360,b20899e3f4047e672b36e033f4eeb1ed7304c82e,0,1,0,0,24,0,132,38,1559,1258.43
5361,a51ae9c8f5700638d0cc8c1d7f085ebf061f996f,0,38,0,6,56,5,13,9,1161,712.72
5362,5971015ee50dbbf729625a94dfc891d994e145a9,0,5,0,2,24,1,51,25,3361,794.05
5363,8fea117695a6d5257c1f915b5f9f24e119c6523c,6,23,10,0,209,312,116,50,8805,2544.26
5364,56083008b596f410e030551e8884761b151d8bdd,2,47,2,3,550,263,462,156,33278,6962.27
5365,02d359db235cc646928ff2b7f5b1fe2d88c7ad12,1,13,0,0,299,390,741,308,13869,2821.19
5366,0bdc570b7535b8bfd8380108ec4e01c92c0e2a93,0,1,0,0,5,0,58,27,4735,788.36
5367,583a9511ba8809d81595a5fa4da32ed2c2f8912e,0,2,0,0,6,0,58,32,11635,1727.7
5368,a75b600c9e54c1b63ac64eab520805e268b838cb,0,5,0,1,19,3,9,1,6159,1066.29
5369,c29ecc664e06ab6735f2798a3f8f27dd78f81120,0,2,0,0,0,0,0,0,977,294.19
5370,d72121f0c2afdd0bbc68c0f7a9b5e89560a3a4aa,0,2,0,0,0,0,0,0,299,58.52
5371,229a7cc819e2db04492591e4e30e15bb60c5a5a1,1,40,0,3,67,132,353,79,7906,1813.68
5372,cb770077d47931ff33a5f272982133b03f8d2a75,0,2,0,0,99,550,165,78,2755,529.62
5373,26753ade2a130339940119c950b9c9af53e3d024,0,6,0,0,150,13,66,35,4676,1103.47
5374,057d4df54cb82f58a22d3d39ce7c1a7be6827e8d,1,0,0,0,0,0,0,0,0,45.43
5375,2765e544ffbcddd01c95004530fff2ac3c4a3d55,0,3,0,0,121,0,23,11,8584,1283.03
5376,565ff8559e66f26be71ca9a866e5a4cf198858fc,0,1,0,0,0,0,0,0,680,255.18
5377,37be57b647932eab98e9ce77c44f10a0c58f1a6a,0,1,0,0,0,0,0,0,240,40.11
5378,39d8d73e7b7584a48f46ad6b455da6b87e80ea51,0,41,0,1,122,70,620,229,20986,4372.59
5379,204a32af2937b61b62975f9dd78c6c833a391abf,1,1,0,0,27,7,13,3,160,198.11
5380,4ee6e8e0c4779e3e9c91fd019c7609e4e21d0315,0,2,0,0,21,3,0,0,2346,1549.38
5381,86755f6da9aaf757609866c170fadbc3a0767140,0,4,0,0,317,0,22,8,1820,562.82
5382,df8ddbf2ebda8eb0b084650936be2d89e8a45d39,0,2,0,0,0,0,0,0,456,80.56
5383,5d5b63dc458f60d4afe80a9596946bc19f8a048f,0,1,0,0,157,4,171,86,1084,320.32
5384,a0d3aca51c7bf3d4d037fa0d99483f40f0491d1f,0,2,0,0,0,0,0,0,2244,404.92
5385,1468374e37eaa007d9a7253e1fbb389043257e59,6,35,0,0,550,112,153,54,17326,4975.23
5386,ccd02c83780c938069edec179d8d06500b80e779,0,5,0,0,0,0,0,0,158,83.45
5387,2d698b679cf8c88d2ab543543ce0e827de86abda,6,35,0,0,0,0,0,0,17876,3685.6
5388,f3cb704a552c211b191593618fcb12566d697a64,0,1,0,0,0,0,0,0,1815,228.93
5389,ac24537f294e63682e250c25a0b96ad2d64066dd,9,23,0,0,118,84,197,63,5611,2463.88
5390,5b3c79798e28fd3c7f5718e361efee0f77eec047,1,13,0,0,606,130,797,282,14064,2635.49
5391,43181ca3c38ac4ed640b5bfeaf4d9ba52755538c,0,33,0,4,0,1,0,0,732,286.2
5392,fb07a1157b0b99cf51a3965e79b2c46e1845f5ee,0,2,0,0,0,0,0,0,735,261.03
5393,55d9ceeea314763ff1db32be8f8c7452963ec831,0,29,0,0,1352,230,1341,503,22317,5094.58
5394,f6b4f9e89224f80678b9d98aca34da3a42aed9f3,2,4,0,0,72,386,588,229,9846,1848.82
5395,4142c98c18c6ae2aee81abbac00591a27f55e425,0,11,0,0,104,21,53,14,10823,2165.79
5396,e0484b789cde46a62349493cfee697eaa258d6ad,1,9,1,0,75,125,69,32,675,773.27
5397,a02a61b3e242732cb57f21dc18358e205113da8a,0,2,0,0,3,0,27,15,2630,442.76
5398,76d6e8a092ed2c73d98f4e128d9620843d00c799,0,8,0,0,99,7,179,52,12901,2326.11
5399,f3bbc3c851841a47a1de90a90958fadb366527e9,0,1,0,0,0,0,0,0,97,31.57
5400,0f7ce71e561fe2ad0579c3d175415af58e5d5672,0,2,0,0,7,0,32,17,304,1254.02
5401,281965e5b3f6d7f001c1188f653f1e30b44dbeee,0,1,0,0,2,0,2,2,1241,206.07
5402,1e4097ef767246538c8386f52c49f5207433a98e,0,2,0,0,330,61,203,41,1459,386.94
5403,31077be9b90832acc5eb1641690955945ed5a3a1,0,6,0,0,22,0,46,6,1367,474.04
5404,7dc701c592d2083c2e05f06172788c18912d71ae,0,4,0,0,38,49,36,7,188,381.3
5405,7463d672a4bdb34f5a2cad0b788325d761cf1f42,1,4,0,1,7,0,9,0,4897,810.28
5406,b1ca2a5e35895f83beb13344159f5ade2545fc8e,0,3,0,0,88,3,60,20,332,280.55
5407,8ffd8ea8eb8bfecb8770fb99e5f17877bb79a434,0,6,0,0,53,0,78,34,9577,1546.7
5408,88ca553c451d8d23778a912ec26b262eda402c68,2,5,0,0,29,5,27,8,406,357.73
5409,2902c7cc2ab20525139cafa8c594a09fb6c499f9,0,2,0,0,14,0,2,1,168,113.82
5410,24d125b50794ccae87d40a0cf5298fe8b71775ab,1,3,0,0,5,0,26,1,2077,523.1
5411,9975131cce0b6af71f3ae77e20de294adc1b3466,2,34,1,0,290,231,847,300,14532,3577.04
5412,640159726f4406e752e9555b0b9a54452d8e9157,0,32,0,0,300,134,729,285,34283,5733.44
5413,addeab8d0810c62fc2246166e91d10c347abe58c,0,15,0,1,247,712,1012,346,16544,2914.42
5414,4bba139d3719c11a015919c1560ac473651f93c5,0,2,0,0,0,0,0,0,735,230.63
5415,188f7fb47aec3f98ef53965ba6ae84e23bd26f59,0,1,0,0,4,0,0,0,68,49.19
5416,2a5e72c20d7351831e8e189ba212d4918420092f,0,6,1,0,68,234,263,108,4962,1098.73
5417,71004d2e1ffb7974ba7cdf7a73bd843ccf4962ba,0,15,3,0,119,701,620,206,13973,2764.69
5418,4cc0771d180299c917bf2adc60493fba8c9c9efd,0,3,1,0,49,35,8,1,803,379.65
5419,c1f3d9a48b6122b3b5e5bf03ec1e524c5102f3b2,1,2,0,0,20,22,89,26,510,295.13
5420,84cf8beab2279cd8b9e00b6101c7be6ec70f979b,0,32,0,0,677,89,999,359,26947,5920.14
5421,f4a12a56122a9b72dd60852617cca4e8c9d84cc9,23,18,21,1,72,42,68,35,12136,4820.1
5422,32b7abac961ca3879d23b074357f211fc7c49131,8,2,0,0,2,16,15,0,2399,1081.38
5423,caf3330330c9c8c5fc922f3186ddeab4266b60bb,0,1,0,0,0,0,0,0,744,162.05
5424,e46e473effbcd84951d9023ae973b1c135e7b0b9,0,1,0,0,0,0,0,0,5922,906.69
5425,a2dff9e13acc62ecc0388b3b2e221f26c9184dbb,0,1,0,0,0,0,0,0,417,225.72
5426,bc8149c293038b83275d3a78f5c860c4614c81b1,0,1,0,0,1,0,2,2,680,344.96
5427,1031b264969f822f6f70d3134ad0e28e855d37d9,0,1,0,0,6,4,71,37,284,146.03
5428,2fdd5aff4360aca21baa3aa7e997c489981064ab,0,1,0,0,0,4,12,5,150,101.22
5429,8c50fd7d4bd9714a3120fde47a82f287bf7f3581,0,2,0,0,0,0,0,0,989,346.37
5430,b9af60c54e2523d9b5b9cfd9d62b83ee6bb2f3e7,0,1,0,0,0,8,21,7,398,127.48
5431,842d4dfc891dc568159a6a92dbbdd4f18e0c9dd0,0,6,0,0,367,31,375,162,7259,1365.91
5432,c25455746ae46af61e44591ba3ee4833f0b4b8d0,1,1,0,0,3,1,0,0,23,122.64
5433,ae4ac4b124655d6a674ff5077a3a63bc6a87a1d8,0,1,0,0,3,6,100,22,2387,483.61
5434,857347f7fde23d9fb2a0026ca8f1ab6faa28b91c,0,1,0,0,0,0,0,0,26,38.7
5435,0bf80f3a0d849d2fa4c2266e7563731deeaf0fc1,0,4,0,0,546,36,191,82,5517,1154.23
5436,dbb2d617cbc2ffc813df0fca13b4eb857121a9ad,0,3,0,0,1,2,3,0,6819,1191.46
5437,d4d1015948a1d486adaaf1ca8cb25e5c0c3d27e0,0,3,0,0,82,3,36,7,607,342.49
5438,f1050a6e8462864a3d8c9696943cf5b4d12d9515,0,2,0,0,56,0,27,9,866,332.22
5439,2c871e4a75c844fd5a8eee061fe38f6a26ee38f0,1,8,0,3,7,149,60,13,960,704.55
5440,697922bdc2fb0ec472ae413af0cdd69c2aa8681c,0,4,0,0,12,0,1,0,1052,1341.12
5441,9375cf3c09a14f7629b38dcbe2fe9fde2aae647e,0,1,0,0,0,0,0,0,1449,177.2
5442,133d3c4733aca4fad9fd327bb14195aa5a78c664,65,8,22,0,168,113,16,6,7806,7819.81
5443,e331262813027ca2a1aae7fedcd1c8863ed6b751,0,3,0,0,26,0,0,0,244,79.33
5444,63399363f75f3ab5701df1004c8e29b96393cdd2,0,7,0,0,0,0,0,0,408,129.17
5445,2da8f155db4d26c5a0bdd6b0c89065dedee3b27e,0,1,0,0,40,4,21,18,109,117.94
5446,63ff7e2bd3630bf51023abfcce4debefaa25a4ea,0,2,0,0,0,4,37,11,282,119.06
5447,031cfa2124b957cc2265e940ed36973a3a9844c5,0,1,0,0,19,1,2,0,135,100.05
5448,7d6a51193c7c4a4f6c95b75d14c5c7aab135e28d,21,18,0,0,206,20,341,161,4926,2569.82
5449,2139ef601b91d2982acd25ed1450ab3bda0dbc49,0,1,0,0,5,0,0,0,2766,379.73
5450,f973243a59c8fa94f932bdede1a13bd96275089a,0,2,0,0,63,0,87,18,819,247.98
5451,c129bb95d1f864a004f21a051bbcddfb61464528,2,24,2,3,584,91,309,97,7436,2172.59
5452,c4c7568c9b6677d34a3075086d360f394a97dea5,0,2,0,0,98,0,83,19,9361,1251.32
5453,c6c374eb09c28baa4d8fd9e5de30aa3554ef804e,0,1,0,0,8,0,0,0,126,64.88
5454,abcadab7c219c1458bdcab7a9379a928e3ea9305,0,1,0,0,0,0,0,0,1101,147.67
5455,7decd4218135154180fd21f4b73be5e954814d40,0,17,0,0,617,113,379,104,8731,2302.74
5456,b9bc822585e9c7482f93dfb71f1769a0f009245d,0,2,0,0,16,0,0,0,64,58.36
5457,f1de6daf2bdd8460979e7356571e465ce4f57181,0,1,0,0,39,0,1,0,313,100.38
5458,8d9b84294d83c4afff5475523190bca0b0414a73,0,1,0,0,0,98,83,13,5940,946.28
5459,ea53ed8bd7d09d6d361c336746a0bde08325cd5b,0,1,0,0,0,0,2,0,352,83.46
5460,52e1ba15d11e06f5236c7fb814500e6be38f3ac2,0,11,0,0,129,49,225,50,4496,2118.9
5461,39e1636f4ddc532647e51befd5ca289084ef8ada,0,3,0,0,32,7,168,43,2314,552.13
5462,0538e510232c7c685621c2608f5aa729f2afc2eb,1,5,0,0,296,1,42,18,622,402.25
5463,9478961a7e133671f29aa659b4a9cd11eb3a8e30,0,1,0,0,0,0,0,0,140,27.6
5464,152ee221ec7c57fc72213f68b5dc61cb4a53dfe1,0,14,0,0,269,11,131,37,9884,1801.71
5465,a284df1f87eccee8bdad04afea2150e6c07337a0,1,7,0,0,13,0,77,27,2200,713.03
5466,cfbe6125725223657dff1e2c9bc3131a5193ae51,1,11,1,0,70,11,160,58,3766,1001.71
5467,84950cfa6d32aa6d1c04e7c4e5d84f4bc3c11c3d,0,1,0,0,0,0,0,0,607,91.23
5468,954f832849937fb1a95bcba602f24b79cf611413,1,5,0,0,62,0,75,23,1264,634.91
5469,d9ec721b4f1160efa7b1022fb0e1809c27a857df,0,3,0,0,58,4,35,9,5864,971.83
5470,75d1bf35070b2a00ec08c511534b651b08ec7371,0,1,0,0,0,0,0,0,51,53.22
5471,3acaa2a76c66fdfd4e75197f74c7aa17788fb592,0,2,0,0,24,0,8,0,588,142.84
5472,f69fcce1085bce491738b91aae31a7b368a1d444,0,2,0,0,46,36,31,8,452,193.62
5473,13814aa427956172e6d6a32f18f9d0cceece6140,2,0,0,0,0,0,0,0,0,14.62
5474,a9f25c0e7ad3f81a9f00f601947a161516e33f1b,1,16,0,0,139,2,132,39,12372,2319.96
5475,a3e872822ece99eb14a5a12ff8bb191d9e014788,1,28,0,5,195,95,177,52,6946,2163.04
5476,d6dd543b2ee982c48f0f7b44e019d268ba084213,0,1,0,0,2,0,2,0,174,76.53
5477,fce8a45028b34c2763997327f107992245bb4fc8,0,13,0,0,32,0,16,6,3378,876.13
5478,adaa084700ebb64daee6816ef1350406828142c2,0,2,0,0,22,0,114,14,9678,1459.28
5479,e10adddf328d7d1d542fdf9574c16dabaaade9c1,0,1,0,0,0,0,0,0,92,32.65
5480,3809ebfe7d24be4ee2d27054d85c8cd29f4c9ddd,0,4,0,0,109,1,96,41,5812,1868.25
5481,a8e9ad7674bc82dc431946e6a37f506f2226ffba,0,4,0,0,3,0,2,0,2411,434.49
5482,b57837abc0014a11d0db988b118ce266352ad1d2,1,3,0,0,4,0,0,0,223,129.81
5483,497f2651dd84a0489b862ec66eb51369319fce54,0,1,0,0,2,1,6,1,83,85.12
5484,38c3f1a583b974e8a7226311fc07fc50285ef528,2,10,0,3,233,1082,1557,611,12837,2570.25
5485,77b99e4c9e39b9905ff98a002ca35f7edd9b7b30,0,17,0,0,1035,207,179,61,2043,1426.15
5486,ef45f87f16ba6cd326d8c590d1af1f804b85d669,0,1,0,0,21,33,118,49,2775,388.2
5487,a8912d67c97967d7591db4c7ff222cc017b04afd,0,1,0,0,0,0,0,0,751,107.47
5488,66f97da9de65b1c7151ec57bdf9ada937855bd75,0,3,0,0,136,53,470,174,3307,611.38
5489,1b021e26dfa539c5a9fd113b4cc85cf4b308657e,0,1,0,0,0,0,0,0,77,22.89
5490,7006ade0d0f0b2f4cd4eaa82fdd85c012d848c4b,0,1,0,0,6,15,11,2,32,81.61
5491,1649c0741a8c065b4831e8495a2a01b919d8b6d0,1,11,1,0,193,69,166,60,5667,1420.37
5492,2140d86888c99e55b2d00d574d8978e9f9ba0f75,0,26,0,4,217,9,40,15,8106,1877.18
5493,49f6814871b55b356a67f18a57a5601ef58a7633,0,1,0,0,0,4,0,0,41,30.61
5494,aaacda474d881cef14f3d7c1ff5da32c28c5663f,0,7,0,0,114,10,74,30,1246,572.32
5495,06dc4e968e691a5e4383be91a45dac0a62279b81,4,5,0,1,40,122,456,157,3148,740.01
5496,993a16c3d608a15799afdba5456d4839065a400b,0,1,0,0,0,0,1,1,215,76.21
5497,31f547fe2f48929c924d64ac0f8f9c3c1e6fa2ad,0,3,0,0,564,89,1209,462,9314,1681.52
5498,1e3ddbddcb23dfecbe58d16d39725ebfb0d5a426,2,4,0,0,12,49,40,23,785,412.28
5499,7195aee937f5d6d33497cbf19dd70bc38ed2a92b,1,8,0,0,94,1,49,13,1712,802.31
5500,945404273f330f6d1d316465baf540c7fec04d3a,0,1,0,0,1,0,0,0,108,985.23
5501,d8bc002af63b61e1c1facec1cb5d2f6609377d14,0,1,0,0,4,0,10,4,366,113.7
5502,b62d365102002c9478b0c752c98f72e54ac216f2,0,4,0,0,163,39,287,72,17050,2613.62
5503,812d75718eacec4d086e987fcf1e575a8f5bbd9b,0,1,0,0,0,0,0,0,152,46.89
5504,83971dec5715071414597a2c0043752fe5186ecd,0,1,0,0,2,0,0,0,290,65.87
5505,a42314deb07a1c8d9d4daeaa799ad1c1ebb0c6c9,1,24,0,2,1017,289,686,239,21845,4733.32
5506,0410bf17a361514f88774cf0545ec07271a26ab8,0,4,0,0,33,36,81,34,934,351.04
5507,82cb3d57abf2705069d82807e52177fdb41ff5ca,0,1,0,0,35,11,202,65,6304,892.79
5508,3914a1b29248093dfebabfb1852f443941e489c9,0,5,0,0,6,1,20,4,7332,1155.54
5509,ff3b327d322b04916e019fcec75d3fbd48e26bae,0,1,0,0,11,4,76,39,2858,477.35
5510,fde194e3c65fcd0bdc8ac6fcfbf78186031f90c9,0,1,0,0,0,2,7,2,2867,472.6
5511,c2be4b717d46713ce2ecd5ee8cd4a57a0fdec770,1,1,0,0,2,0,7,2,2867,480.65
5512,4b9a1eacc58ff20ce048fa728bb43b8bf4e8620e,0,2,0,1,35,2,89,52,6949,1294.03
5513,25a6f4cf30345f47deeab84fe657f709c8a6168a,0,5,0,0,4,6,8,5,1227,388.91
5514,69e38e8b288ad2170b9aa13b2d7c1d7752782500,0,4,0,0,97,28,50,17,10926,1663.35
5515,edde2d916497de9270884dcf663328ad99a918d8,0,6,0,0,22,0,10,10,4911,914.25
5516,51249505c7b3db6bfa586cb1b6dee268f2ed6ce6,4,26,3,0,196,42,98,35,2140,1306.24
5517,254e2169ceb5e90808487066a8b012577ea42826,1,7,0,0,132,0,139,8,5430,1189.77
5518,25f3c3f9673dc48b648b8c25ba28457139261c0e,0,4,0,0,112,7,180,94,1540,436.47
5519,d2958495ae59bdc3a91ed17155369af7fc5c7866,0,3,0,0,64,4,90,34,942,382.42
5520,3bb46de8cb20a2116c439fa9dbd9c4e56c041706,0,2,2,0,3,9,95,38,947,1307.76
5521,404993a98bd8bbe7488b1d4a0e40e242ebe8dc73,0,14,0,0,74,0,47,22,3256,926.91
5522,8b106e1488f3cb1dee03414e416ff020cb3bfb50,0,1,0,0,6,3,0,0,128,70.96
5523,a9e9d60000f542cd2244825752b0a5fa6546770f,0,14,0,1,156,51,473,158,18103,3617.6
5524,477e9c5ff94da173a4f9e641f206f81814635dfb,1,5,0,0,26,0,3,3,1686,385.37
5525,c58435bf8bdd29fc3544bae27d7965d8665dff38,9,3,0,0,404,49,331,133,1715,834.64
5526,66c013305ef04dbd2ebcfe2d36a5a69597923fb2,0,1,0,0,0,14,19,0,9073,1240.63
5527,f1698b62c9ed9286caad53de9c1cf669e2a38864,0,5,0,0,507,15,418,267,3180,821.58
5528,39d46e8af5a3794f7395060b890f94ddc84516e7,3,3,0,0,10,64,6,0,1125,473.22
5529,966d2b303b473e46a2877c13a58497b98c0896d5,0,1,0,0,4,0,1,1,698,370.78
5530,21008897c5b7e79aff253967cff3dd308fb901ce,0,9,0,0,42,92,302,78,5070,1215.58
5531,6c79fa75bef225f7ed1ac5c858879323d2e36825,0,7,1,0,33,16,43,17,4052,1332.9
5532,82fee0f7cf7e0dd5bbc32f4ab31da31625a8dab7,0,6,0,0,93,0,109,66,4171,1055.14
5533,ed4e757638981b03d0240edbf84d9e048cae9528,0,10,0,0,57,56,255,128,6715,1614.97
5534,89b6566b009d13bbcd86486085bcdc860bd1e6ff,0,10,0,0,38,15,173,88,6757,1466.0
5535,c5539a1b19e603818011cb49d11def0e51f161ce,0,10,0,0,16,38,173,87,6757,1343.05
5536,8fcc7f324c88eb33987e5c2c9de61d719167bbea,15,25,8,6,519,438,18,2,5822,4313.25
5537,67499f41a02c2f739a3a005a102c0ceda8d2eeba,0,1,0,0,10,0,12,6,237,114.62
5538,d22784a9e58d37a5e096029ad55f82ed46491500,0,2,0,0,14,10,15,0,729,179.36
5539,c7aa7b64add25f864c3e61756b54f7ada57edfa3,1,1,0,0,8,0,12,10,207,241.6
5540,a988c159cc3e9f43211432eb035454ee6143b219,0,2,0,0,17,0,0,0,305,1109.22
5541,d9924ab3e285536f7e2cc15ecbea36a78c59c66d,0,1,0,0,0,0,0,0,0,10.51
5542,be1f847334a6ce559f1b07f8930568217333a77e,1,1,0,0,2,11,187,79,1232,296.23
5543,2b730524f19420df120ec73ef972ad244ae380c1,0,1,0,0,24,15,44,22,1118,367.03
5544,a21742ebb4aad3d550bca86d4249d8b7b7fbdb18,0,1,0,0,9,0,20,5,706,201.31
5545,5add3a7ec92ad091c7e0d496905b06bdc44992e2,0,5,0,5,0,0,0,0,72,129.53
5546,65cd866eb72b14d68e19178b20a5d8d3410c602a,0,9,0,1,1637,752,950,295,5473,2048.17
5547,b6760b017cf726a82d727d2970cdcfc0e7eebcb2,0,5,0,0,15,7,75,50,2657,651.35
5548,4ccea29bdc9f1f0af3611e3abba1e8af5b898ef8,0,4,0,0,29,3,9,0,1573,401.06
5549,b8aa16ff6c2ec0185cd953a7854d6abda2306df7,2,4,0,0,38,9,48,14,3439,761.28
5550,2efb7d38af639ee77f817f2ebf772314309174be,2,2,0,0,9,0,0,0,798,327.89
5551,7dfbbd89de07bd36aa135f3b3101729f231ed4bf,1,3,0,0,1,0,0,0,861,374.73
5552,c03001e9876b8a82914e6e025bbc1903a290792f,0,4,0,0,4,0,7,0,1803,408.07
5553,508d7e6f269398a47147a697aecdbe546425679b,1,30,0,1,564,61,907,330,18703,4765.2
5554,1b4baf474c15377cc9f0bacdda317feabeefacaf,2,1,0,0,1,0,15,7,66,148.75
5555,6a6522a09f7d05d524c389923ab10531511c05eb,0,1,0,0,0,1,0,0,24,27.51
5556,af6f80ab541856ba6ceb7771f425f9168516812c,0,1,0,0,0,0,0,0,41,15.91
5557,3df202f293b86227d6f8a26bfd24e90b92edb44b,1,4,0,1,5,3,19,8,2705,652.9
5558,5f12cb84406e50a4f939bf394d8514cd2257d52e,2,12,0,0,102,39,845,309,17754,3019.8
5559,266d4bb9696db176e7b9d0d54e25b5e64ce86b1a,0,1,0,1,0,0,0,0,7,43.51
5560,f63124188ef0965d85ed0af315cab840d1e9af3f,0,4,0,1,20,5,31,26,1439,1328.29
5561,a3060b30705d1bd55c6be5357f7575534c84e6b0,3,19,1,0,171,42,244,92,4550,2085.72
5562,c2fc0fb88b794f07d9d4b1cd5f4ef3e1b8737911,0,2,0,0,245,19,77,48,6990,1245.17
5563,1d5303523b7fdc3cc4c915957272d4192000b019,0,1,0,0,5,0,0,0,702,271.7
5564,1b3711b33cdce33688eabcc715880d2134242692,4,7,0,0,155,125,22,6,2535,1131.67
5565,1eef7e54daf0a8433ebcf25842d510ad7a2dd091,1,1,0,0,4,0,3,2,308,189.17
5566,f17c9b46878523d2a3928b95299682dd1342d769,0,1,0,0,5,0,14,0,35,68.05
5567,e00c16bbcded1509807075496bf2e187bde0ad68,0,1,0,0,16,0,9,7,465,159.67
5568,095e6bf8988a03875bc9340b2ab82d5d13c4cb3c,0,6,0,1,3,65,3,3,3108,684.94
5569,b38544f6933efd51f753567585ce3da170d63947,1,1,0,0,0,0,0,0,210,76.08
5570,8f1335d6d2d9a0e313f04d46d2dcc7a01dec9bce,1,2,0,0,4,0,3,0,542,253.15
5571,e86c77af5ffa80b55f46eb3b69b0365fbf79ab5a,0,2,0,0,8,0,3,1,742,370.34
5572,b7be4acc05fb79033832422100715344e34376a7,0,1,0,0,4,0,13,12,250,149.64
5573,a96564cbc787ed8665c1bb6b3c3a0e9d8440b926,0,1,0,0,0,1,31,0,751,159.37
5574,89dbf4e904592318da954eaf94548ec1b130e17c,0,14,0,0,110,197,394,137,4664,1591.46
5575,e120bd8b0b8b74516651f3ae9e4e7d3a170b0d4d,0,7,0,0,91,0,103,34,3240,1062.23
5576,856d88db9a5c65c902ce6982710839e07d8548a9,0,1,0,0,6,0,14,9,247,111.71
5577,07492e0d2f1942c1794a3190610e10207c850cf7,1,3,0,1,34,17,35,13,2746,1060.63
5578,f52e8b4ba38f2a1141650d99efb12c923cee7cd0,0,1,0,0,13,2,102,53,137,104.86
5579,646ccce8ea3e8c944be164f86dbd5d3428bdbc44,1,33,0,1,295,65,727,228,21733,4832.69
5580,7acc4ce1bbae060d890494c1499938c1eda5f3b6,0,2,0,0,12,0,27,4,529,1214.44
5581,11227ebab390df10970fb8ef61f3e24421d6c66e,0,3,0,0,11,0,37,21,1100,331.61
5582,12a33fd0d1f82422048af5a389671812bdf03c93,15,0,0,0,0,0,0,0,0,644.32
5583,9efed65a5a139691b7862b2344f01d48ff02ea06,0,39,0,2,134,84,279,127,32500,5639.82
5584,14df3b0212306a0a2d60176c26f710378037a5a1,0,6,0,0,105,0,46,14,583,372.98
5585,4ec47a6e6ffb6a070295348308e3a8bcbc246190,1,2,0,0,3,0,0,0,1461,428.91
5586,a6fab1438865a113e98be1bb97fa0549d160a61d,9,3,0,0,1,4,1,0,2260,757.31
5587,3aaddb2d291a3d1b1d73f1b0adb38186cf9be3d0,1,4,0,0,111,106,162,57,12064,1871.22
5588,025ced9bc1a116d726459d5bba1907c0e4c9e560,0,18,0,3,270,96,245,93,26091,4600.39
5589,3407e723af7855bf075022be076a5ba48b9ee088,0,16,0,2,231,6,91,19,24362,3850.22
5590,4e43ec7c4c623537bf46b74ba5c01f314db72162,0,2,0,0,33,6,43,14,1621,390.66
5591,ed1cf112a5a9e022f12c0f28e953435e1248b876,0,1,0,0,5,0,4,2,198,97.3
5592,21e18dea4fb3e6e9f9c70282eabdc04a0be569b2,0,2,0,0,7,1,21,2,2336,452.54
5593,ad5bcb150619764a0c9fccc42f056321ed18cca6,5,16,0,8,281,149,112,38,13726,2853.7
5594,b4b06ac1568490200f817cd7f1855b9a81df6bf9,0,2,0,0,35,0,18,5,3567,514.6
5595,2a5ba5c9c6db65018355bcfb301e422e7c5d275f,0,17,0,2,10,5,83,25,1666,505.21
5596,96a409e1c6ec846eeb6c72b50bed60790ccc1836,0,2,0,0,240,52,170,58,1428,477.26
5597,3e930bfa3a870ea85e017b751a07e49dfed32f74,0,12,0,0,8,107,238,39,3933,1074.39
5598,0e2dab913989a2ccc4fde1f2ff7dfea097f4d493,2,55,0,2,91,35,79,38,14595,3463.78
5599,0652c5e83ba22eac8f22275f640c12c64578df93,1,5,0,0,273,3,31,4,11324,1876.66
5600,5cd047b55d4901f2e1d2a0542c3183fa50bb0ef2,0,10,0,0,67,5,36,2,12327,3312.39
5601,4ecf2a7554bcfc0fbff19b40b3e95bb2f5a3c6d5,0,1,0,0,0,0,0,0,571,88.27
5602,5b0d99383d667572d649cafa97dc2b8a41bf8a7f,0,4,0,0,43,6,118,25,10728,1680.63
5603,d0156565adec240735850bedc7729fa43cd05460,0,5,0,0,8,1,15,6,799,403.18
5604,eca6b89458be22abae2529ae549894cb1ba75a6d,0,1,0,0,2,0,2,2,454,138.5
5605,841081a9c32ad5e0a4db41ec72c9668194a09f3f,0,4,0,0,16,0,0,0,705,138.8
5606,3f5148d6aae94f2ae9db2aacccb302211834c699,0,2,0,0,54,0,29,16,1852,504.46
5607,146234906982c59953d2dad25c0f1e8978126243,0,4,0,1,0,1,2,0,426,145.64
5608,b0e653aece3b8e5031fdb513655337ebdc95b6dd,0,1,0,0,0,0,0,0,571,87.74
5609,a6435cca3ab11d39d7887eae8e077c386ea9133c,0,4,0,0,0,0,0,0,498,101.92
5610,148807a98ad4f0672c9457fff8ba1501c237f1de,0,1,0,0,0,11,11,4,80,71.98
5611,e29aea6fa20c1096ac9449ca04669f927a8a7101,0,11,0,0,74,35,150,54,4740,992.45
5612,cfd2b149a82d3e3dfbd1f0608ace514195ec5cf2,0,2,0,0,50,9,117,77,1222,328.56
5613,69d32f58902fd055fd574d56d88a897f127deb92,0,1,0,0,8,0,8,3,1220,258.88
5614,7eac320ee8bf6165fda43950c4bb8d765a208c81,0,2,0,0,9,1,10,3,9188,1331.43
5615,42a2e11a1518a2797add821e53442c16f9f390b5,0,4,0,0,26,4,24,6,4134,785.95
5616,fd4e222d54aba6298acd62b57406c83a3a14ba43,1,57,0,14,177,137,92,44,3072,2159.16
5617,ac247817f441eba5daf5b07cc831347d1c762ee4,0,1,0,0,21,0,48,28,923,280.42
5618,c0734ac91bdd3e81b17d93fcfeddd4503430eea8,0,3,0,0,23,0,27,3,303,176.74
5619,970d8c9680d89708c4007de214fdc72b77deb7da,0,1,0,0,57,0,15,1,6740,963.3
5620,974d4190235477ff3a8d908e899421ba0c4117c3,2,17,0,0,1383,187,224,80,6296,3075.5
5621,22df53b6c223f03edee1a8c271a77e91d66bb2a1,1,3,0,0,64,1,17,8,993,480.08
5622,b826072edb429214e9fe073dea9381449396f05d,1,0,0,0,0,0,0,0,0,59.43
5623,87860fbca42b2477f504c8b1cefd43c865a2629c,0,3,0,0,0,16,131,30,473,225.91
5624,fde503dcaa1f3e322eb4dc34bfffbec89aefd240,0,1,0,0,31,0,0,0,4853,639.91
5625,72684f10da8f124dfa624b16f3ffebeb2155664d,3,6,0,0,12,0,35,7,1330,515.1
5626,d9801d9c6c406d5871147b80bc2e0359c3dbd085,25,8,21,2,23,4,23,13,1763,2805.72
5627,78d5572f8e165a907c63e1ef8579f591b8c34563,0,5,0,0,69,0,116,27,2993,700.71
5628,798a17c679fc04e5a20b15675b6883f52a26ea57,0,1,0,0,0,0,0,0,144,36.85
5629,17abdb211c1b2b749fc7d8265d31e6c5987cea4b,0,2,0,0,11,0,15,6,595,169.33
5630,fbb3ed15fd0f078369c1fcb2edd68326d272758a,7,0,0,0,0,0,0,0,0,316.2
5631,456a65180dcb84f69f26b4c9b9265165ad16dfe4,0,18,0,0,340,103,602,111,14485,2946.95
5632,790976907070a2a737186543d81c71eb542a5337,0,1,0,0,0,0,0,0,66,22.26
5633,80e6f7b0f13c134642763b0a692c3abbf3ffe106,1,8,0,0,88,57,121,33,6003,1422.29
5634,572eaccba316f9ae911b6fda01c09547ccbb1157,0,5,0,1,339,149,68,29,994,578.4
5635,900da82915209630ec7c194619028e5fa1b87d28,2,15,0,1,79,11,44,13,19964,3389.56
5636,20dec1c3fd4d01810be06c12ea0774e5ba1e4419,0,1,0,0,0,0,0,0,291,52.5
5637,90d236affcb19b52ca66029e6646c5d751dc5f02,1,23,0,2,9755,5,1539,12,93664,21177.85
5638,a91e0fc2a2dfcfa76db96d300065f425c7756c0a,0,1,0,0,0,0,0,0,291,52.71
5639,d62a038a1ca84037b7b17ce989954a93d1a76a25,0,1,0,0,0,0,0,0,291,49.66
5640,12818520e65c40d7b451918c59be52e61b8dc3cc,0,1,0,0,1,0,4,2,268,1200.29
5641,0b03b819f953905d28778c66bf10ea4f1fe47976,2,4,0,1,179,217,366,135,3879,1080.26
5642,464a3f61a0c4a1c4e44a1ce427f604295534e969,0,5,0,0,0,33,0,0,586,180.03
5643,fff86f3a6d03fdabfba3c1dc8d3a04c48be93aa8,1,10,0,0,198,14,96,37,3984,958.44
5644,cf4114e1b72b0637b92d4d1267ac9b779d48a29a,1,2,0,0,105,127,125,37,332,280.44
5645,09ce6cdf3fd3682c2501ca0b5664cfc2adf6b765,1,7,0,0,143,0,67,14,2741,852.58
5646,5c29873ce02e0a4717f1b01b76e8ca4b05a0515f,0,1,0,0,5,0,2,1,62,78.41
5647,948684a7e18e95bc9a1a990fd58cb7e790570749,0,1,0,0,50,109,259,74,9050,1192.81
5648,26be99d529569606c5fde52e0d3b0542172464a5,0,1,0,0,7,3,11,0,2461,415.68
5649,13c1b02abbe1846eace3429aca2016a166c02634,1,0,0,0,0,0,0,0,0,162.32
5650,c9a5286e7185386f8c229aa429a8294a6a850520,1,0,0,0,0,0,0,0,0,89.37
5651,df5c56bd66c64200f675ce61058a0813f6b1f66f,0,4,0,0,2,0,16,1,1274,236.21
5652,37fb7dfe16a9c14bf411a081259428c3cce02319,1,1,0,0,2,0,1,0,19,155.46
5653,514123065c629524788b35cba1d9dc673ce5d47e,1,0,0,0,0,0,0,0,0,115.27
5654,fa0a8d27d4149cc5cc2dbb49d8eb6b03f46bc279,1,0,0,0,0,0,0,0,0,162.35
5655,1dd863ab0bc47115d3c89ed8058967c1496819c6,0,8,1,0,38,15,65,10,952,521.76
5656,20ce1c61c59c86c9d1bc91e5ef92ccc92dbae0a5,3,8,0,0,22,22,162,65,3746,1210.68
5657,a631e6e5323a19eda9ada0cfc18b8dda9576358e,1,0,0,0,0,0,0,0,0,213.63
5658,dcb3817d6d1360b816e8687bbae8d7aa62dc2b20,1,2,0,0,10,0,10,5,314,133.84
5659,9a9f7de87ebbb68708685e7762c2372500459f55,1,0,0,0,0,0,0,0,0,106.02
5660,08d9083ff5f39b7abcfbc4492bff3eed7b2a13e7,0,2,0,0,447,45,396,150,2830,1668.52
5661,79e47400534643898cade30593b0a949caf00076,1,0,0,0,0,0,0,0,0,180.06
5662,77d7d090b0011ad9fe1e25bfb55d4e0dc56c751b,0,1,0,0,8,0,0,0,754,166.32
5663,419593e70565923eb52c704b2bb58007476aa404,0,5,0,0,266,63,211,86,6937,1158.16
5664,bf93128e7fef309bed324a493a83c060220a9743,0,4,0,0,58,18,374,119,1976,408.33
5665,fdd8fabdcc5f8eb6ce749f55ec4637a0b96b4423,0,7,0,0,51,0,91,25,802,547.72
5666,466f51034e18d0fdf8527f1eec5d421cebb41db4,0,3,0,0,1,18,77,6,2783,591.85
5667,47f45705f997658b3ce5df4276915a6c0be56d8a,0,1,0,0,7,2,154,55,9098,1200.18
5668,4a33ec8fcae5f7d18105ef62e33150db6e853af5,0,1,0,0,0,0,0,0,710,242.99
5669,d1098536f72ad254dabbb0d7471fa6c7e8b9933c,0,1,0,0,9,8,19,6,2830,390.23
5670,e0eee6bef3fa5816b8ca60b7e737a12a99dcecfa,0,3,0,0,0,0,0,0,365,78.8
5671,ec7ccc3a452fa125719ca820b5f751ddd00686ec,0,2,0,0,49,16,72,16,7031,983.82
5672,1bcc88f15b20e2a808528d664d35c0d21d6c9388,0,3,0,0,28,16,264,112,5698,838.32
5673,ac721836f182b6f4cbeb07c2dd1f56692276cbc0,2,1,0,0,0,2,0,0,2120,377.12
5674,f33db1f68c68b552b9888988f818c03879749461,0,2,0,0,1,0,1,1,202,115.23
5675,2422e1808fc58c4e81b9ab99692b99c92e0f02c9,4,21,0,3,80,53,53,6,6515,2029.16
5676,f942e72abf450f1f00f27261532a54f5f81d5170,2,11,0,0,131,37,73,21,5846,1208.4
5677,f7dea1060247dddccd69112e24200ec84d2847a3,0,52,1,2,35,86,135,42,13832,3164.58
5678,c50ebb34bf140956083ba805f9a1a26a795648d0,1,7,0,0,149,0,268,136,15546,2450.81
5679,1733a3712f0c548f9181e6e5b5298f466cad755e,3,13,0,0,225,255,369,143,21007,3632.72
5680,1faadb0744975538a0ec4b2de63f05caf37b6f40,0,1,0,0,17,0,11,5,2792,1391.21
5681,6e9b63e48b4f34ba26a6eefb354b0c94ee82256c,1,15,0,3,298,14,420,132,11898,2675.02
5682,b8fdd1392077c4f6dab685a2b3e87ab2d26ac13e,2,6,0,0,0,0,0,0,186,102.05
5683,43e713746f038fb55e4a63dba59945bbfe448471,0,6,0,0,19,0,13,4,910,304.26
5684,1e74aca8d09ea2ef636311d2168b4d34198f7194,0,11,0,0,80,134,54,19,916,676.5
5685,e05e0fa19d7fd7c48617c4a770fa579b7f01f40e,0,5,0,0,84,32,183,48,636,413.68
5686,408ea39b7784639db5b0100fa51cf8aacb5f46a3,0,1,0,0,10,0,22,2,216,114.45
5687,6155f307c8b1b5581c5f6a3af394e5b866a39bb7,0,3,0,0,8,0,0,0,302,138.81
5688,58bbfc733939f5fe2229af106809270e3d6fb4e2,1,0,0,0,0,0,0,0,0,211.34
5689,e33edd9649ce05495396a2183b1be3d1a79fd0d3,0,2,0,0,0,0,0,0,268,57.98
5690,89e75c78524327ef0c6111b4d90504f3bda781d4,0,1,0,0,0,1,14,10,104,76.46
5691,fa14a436555d132fdab42e284538c19444f83b8c,0,3,0,0,15,1,162,33,12879,1898.32
5692,ab33a7b7decb03ef378b00c11b813b12e66f7be7,0,35,0,0,137,112,314,88,34581,5550.67
5693,9a02aa86b9fe4b68681ba1c7129d5028f24791c9,0,2,0,0,27,0,3,0,110,103.01
5694,35605732b2041eee809485718bfd951cdfae0980,3,5,0,2,0,14,4,0,1083,515.13
5695,fedefeba65e0ce98fe3e5db5c802982ac70acf53,0,1,0,0,0,0,0,0,112,54.93
5696,c96c6acf6e2ef04618e2c3cb36a28fa695ae07e3,1,4,2,0,18,42,108,30,1315,477.72
5697,b98fb1f1aa47210aa240b1c22b32525828b47df1,0,6,0,0,10,14,6,2,5909,1112.82
5698,71d6e16522e1965a2c28d451b0811ce123022d9d,0,11,0,0,9,19,11,5,1278,447.37
5699,7ddac02b8e0630c38e3c7b739c7d43e130988e05,4,7,0,0,442,19,203,90,1593,861.48
5700,21781125419826bd1ae76d980f958419a84d84f3,0,1,0,0,1,0,4,2,37,1046.72
5701,fd561935d4d1e34f25bc4c851a8acf37ec7879a8,0,2,0,0,1,0,50,14,374,154.15
5702,634f71d11af7bfd07926452c60064fbba47d6a1f,3,72,0,12,10,0,11,6,8209,3117.82
5703,80697867afc219924c67a55a2f479b7af51ff393,0,3,0,1,43,320,303,106,4665,1334.47
5704,273a08ed4e705d9529da7d04e26d2f81bae6ecdb,0,1,0,0,16,2,8,1,2618,587.64
5705,65e3f5f1a09c09365a1a69fd5c63f1ffe8fd4d05,0,1,0,0,12,0,0,0,206,71.48
5706,e0bf12d98123f87357b7cdd52fcb3fe9b3d975c6,0,1,0,0,0,0,0,0,178,42.09
5707,111ed096496c37674601173cfeaa40cbf948f878,0,2,0,0,24,0,4,2,822,275.04
5708,3df6bc28b7c4a3223a2771caa0058a63941cec39,0,2,0,0,0,12,10,0,4098,668.66
5709,102731f6e713fd8aedc9bb70f3367fe754559da5,0,1,0,0,0,0,0,0,40,21.51
5710,ad87176c72e3a7d500cfdaad4ea7c84691157d0d,0,2,0,0,22,0,8,0,347,170.06
5711,ec2378f53c3e4b79c2a915c7c6091b64f9860917,0,4,0,0,11,4,60,25,523,252.06
5712,8af753ab51f2351a2603745e879ee69c110bc583,0,1,0,0,0,0,0,0,879,153.49
5713,1593c10dd4b917bf0736779e458739b306835a3f,0,3,0,0,7,0,124,27,2892,469.28
5714,f9768af0e147539c52311643c8bcaa778483e051,1,17,0,0,8,90,23,2,4124,1776.0
5715,e3c4d51a1d49b3398f8c82237c93f8107d71ad2e,0,1,0,0,0,0,0,0,292,52.17
5716,571ef51ac22b9828f39acce1a61298ce9d76e966,0,2,0,0,2,0,11,7,246,107.95
5717,99b2f3c7b890fd68dab6ca315988a77ade435984,0,13,0,0,26,12,21,12,284,827.55
5718,4b22fcbdaf31a2ff8c4bcf6d69ce3dcb8a363b82,0,2,0,0,18,0,6,2,110,177.73
5719,987d5fff268431e5f9554df7129f7bedd9ad9d5a,0,2,0,0,1,0,0,0,642,139.87
5720,a926179f3d17223886a77e6c9733199e5f8b2b58,0,1,0,0,7,0,14,6,736,1411.98
5721,ea53203f615d2fedb8abefda861a4a7ec3301bba,0,1,0,0,0,0,0,0,10,20.03
5722,5b2ab390ffbeddfa0911d95ed9dc66027912d867,0,1,0,0,6,0,33,8,109,131.5
5723,388945f141138fe1b7ed1597c498906327283dbc,0,10,0,0,109,218,171,26,9349,2212.2
5724,f04eba3cac3007bfe61ec2f57c92d404f4d40b4c,2,7,0,3,156,51,300,89,1102,725.73
5725,1e6a18250a9f7f601dff9c292a961007de0ec358,0,2,0,0,2,0,9,0,2389,497.3
5726,b7b3f881f4840430378a27131278876a34368995,0,3,0,0,2,8,32,11,1392,381.02
5727,5e3d85c409b14afb6eb94bad01348d013a536503,0,2,0,0,12,40,20,9,2259,425.22
5728,61e21d6c3039087b83609577325175b1f603b50f,0,2,0,0,87,0,0,0,2532,630.72
5729,9e410b29628e0c517086ed2f42cf5b9f4a852397,0,1,0,0,3,0,11,5,492,164.24
5730,1a3090f858ce3ac18d1eb799d87a45b3ee0defce,0,19,0,0,219,88,565,181,8149,2463.01
5731,53980ba66df815c64c8d644b36cb37b314ac2d7f,6,2,0,0,122,32,44,25,2798,1054.88
5732,05d4719eefc56676a3e0e8f706e1c5e5e1f6b345,0,2,0,0,10,13,135,22,9876,1720.82
5733,6be6af0c22d5253e6107a8a237f6a00540d9ee1c,0,8,0,0,154,56,13,8,1016,639.44
5734,3d5d7c784ebb89cc5add779333df27884d43ff5f,0,1,0,0,52,2,41,20,106,148.86
5735,6001f51f48bf3f2fa3b01d3ade55d02b8fc4857a,0,2,0,0,75,0,154,84,5330,977.74
5736,42ca4d7701b7f49829a47e27054c8c80ef1475d5,2,1,0,0,0,0,0,0,13,128.02
5737,a263f083123af2a49505b4680085408ef35bd621,0,1,0,0,10,5,92,14,359,170.14
5738,fc3dd4e52da7c1692d5f0ccfa436d07e313b0462,0,3,0,0,238,20,191,68,2152,729.57
5739,31e36f01952e7bcc803060351758798f9af9e0b3,25,54,0,4,388,131,619,177,13542,5444.86
5740,0cfd4feadd1b7dba206025cc20c5b8235231e8c5,5,7,0,0,2,0,5,3,264,1684.11
5741,073dc88083650c414f10b9a9511008f1a68e8282,2,1,0,0,9,0,10,5,271,202.4
5742,9b36ffa92cc4e0f47ea03d8d167debe743342f5b,0,30,0,3,225,318,939,327,31131,6991.51
5743,41afa4e2185b45b0bb6816baaea330d9ed40d127,0,3,0,0,34,0,11,5,367,213.1
5744,dd0bc33d125817e20bd4854172b3c8326c834ea0,0,2,0,0,0,0,0,0,760,258.24
5745,d2cb97b6fe21e56f4e2d995ffc21e4481ee95fdb,0,1,0,0,0,1,7,2,334,135.99
5746,4cb24ce8421783d93d2bb010b1c57a5f904de693,0,1,0,0,2,0,0,0,237,103.52
5747,0fe38792a0852dcfbf58438d3f28257aa332b07f,0,1,0,0,1,7,2,0,75,88.81
5748,190c72e7793d80da48b5c71b5ff0a9547334bedf,0,1,0,0,8,0,5,1,171,135.89
5749,d717d3853469afc95dbb46a05f52e1b4c7304a89,2,0,0,0,0,0,0,0,0,176.04
5750,ccc82cfb0dc1d7c5a0d4a193eb0da434ce8a0cfb,0,3,0,0,257,1,5,2,7415,1296.52
5751,db4fe384fdf57bb89d1f468b68ae6625e6f0ba77,2,2,1,0,1,80,19,12,1219,441.26
5752,9cdc08580ebecd77f85169b70e1529e3be35db8c,0,1,0,0,1,4,11,5,248,132.76
5753,57a1ec211039d5a5c0eb309adb991283b112520e,1,13,0,0,34,113,178,16,990,773.96
5754,165e35c0409ac9a4fcbad5f7b22f32f67d2177b6,0,1,0,0,15,0,7,3,9375,1473.93
5755,50e0077a8c1fc3914b22c496b73833e004d14658,0,4,0,0,102,60,49,13,11227,2092.27
5756,300433537a643efac35efc6398b5a55a1336de8a,0,5,0,0,127,29,173,80,1395,545.88
5757,21c6a5407cebc5a096cd9aa10157be05a3ea9627,8,24,0,0,185,60,192,84,4164,2281.13
5758,d3fed078cc47982822a29db3c8b03a61dcb5e7e9,6,8,0,0,246,48,77,16,2370,1391.15
5759,f40d94476718df6de42caef3b18811f024fe8713,1,22,0,1,174,59,439,186,7475,2274.05
5760,6218d8a2bd9b61014d81bf9b225a2891e0693401,0,2,0,0,7,4,12,9,77,1262.5
5761,a16e8e9e4d1111d504051b836d43ed795de054b3,0,4,0,0,12,6,115,39,6381,1077.17
5762,94152c9977fa98c294d5062325ee721c09f549e0,0,60,0,0,159,76,650,183,24072,5253.74
5763,d30d37dbccf1082c05370e8960caddc906b56489,0,1,0,0,1,6,5,0,160,90.59
5764,b7c1aa63b989f7d9a7fdda20e45ef991d9c5298b,0,1,0,0,4,0,79,44,640,146.78
5765,79e88695cfa47749435e7e793c73697cc3f4a90e,0,1,0,0,0,0,0,0,958,121.97
5766,26c0ab6adb48755ef2f5cff2ec9c4b0e9a431821,0,12,0,0,1425,1000,973,279,16571,3157.15
5767,7845089c14a43b6bd2d79264c1c48acd4a9ca81d,0,1,0,0,0,1,3,1,387,126.64
5768,dec3625b94d164c66087e115942a875a83590149,0,2,0,0,21,26,64,27,5382,813.3
5769,adc9ae722c5cec5883fa848ea8e87f5b50b988db,0,1,0,0,4,0,2,2,384,120.36
5770,353a9cf9b0bca41e58c4cbe1bef2541b81ce264d,0,2,0,2,0,0,0,0,36,60.96
5771,52290e72b3029eddc17f0a0482fd6c1a05840bb0,0,3,0,0,10,34,42,3,1513,378.3
5772,f54ce4b4b893af61839c58116cc542aa3f98a6c5,0,25,0,0,19,147,205,77,6201,1981.86
5773,560bca0dff92c8e2df9a8d6c31db44404bfa6c1d,0,2,0,0,6,2,9,0,257,124.44
5774,f60aec0a5cab3b234263876ddcae2f0c309435e0,0,25,0,0,70,12,82,34,6208,2163.6
5775,2e3cb1362f0717020e93201cc3c634ae0030bf78,0,25,0,0,12,70,82,25,6208,1847.17
5776,51104e308c1031f1f513574ac6e48732f7f303cc,0,2,0,0,193,0,41,16,678,247.64
5777,f1d4fcf64f54a4d447eca18e272f7223dd0b2c22,0,8,0,1,328,76,47,23,872,668.86
5778,550d1e1196b7c801c572092db974a459aac6c249,0,5,0,0,2330,294,5232,1727,15289,3041.36
5779,ba18062398991d3180c365ed30fc1c08bd007a20,0,1,0,0,1,0,7,3,9391,1292.28
5780,696affa2e66b41c1932a8e20ec780d36a7380398,1,15,0,0,84,323,50,14,3874,2032.01
5781,4423e058779f4563174fe56b9caa1f8511f1022c,0,6,0,0,4,16,1,1,450,245.04
5782,c9bb5d38925b4a5052ca7fc23527fd2571f5a2ff,2,0,0,0,0,0,0,0,0,111.97
5783,1e884cc5f5e8d2fa966a604066ac059022ca5649,0,7,0,0,174,55,58,17,3825,961.82
5784,6c194473c7d7b268781a0f293818736f47ed5756,0,1,0,0,0,1,3,3,107,81.5
5785,245c39b4c8f711fbc1c9c00df013e4c7fcbdc0a2,0,4,0,0,1,0,9,3,529,199.36
5786,f82eb8dd43a7b800962f02f129c5aac5d6b4f119,0,2,0,0,0,0,0,0,310,55.48
5787,b2e411e8cad0da0af370e2b3e2d0bf9cb32dfe7f,0,3,0,0,44,4,20,7,764,271.78
5788,9b84ed4b2e73dd06468c16defae9ce480aba6559,0,1,0,0,0,0,0,0,2675,348.07
5789,6edff8a91fa4db1ba0450f81fdf1c1c1beec50d5,0,20,0,0,62,4,96,25,1640,1356.44
5790,ad7652e349317b17d0dba6198d6409d09d6650bb,0,1,0,0,0,0,0,0,720,242.82
5791,05ca435f934e49f80951289ce1ef5c8904130987,0,7,0,0,52,763,551,63,5444,1184.98
5792,b750a16be5a8e378ac11a88ace244e826d23cfe5,0,2,0,0,63,662,1768,620,5181,903.9
5793,14bb998cfdac46f985c6d383df634cd569abc65b,0,1,0,0,0,0,0,0,98,34.62
5794,3e3292b6c6170671e9a2bf6501c12fff84af15a7,0,4,0,0,22,3,26,9,1166,371.23
5795,06b5e2cf5a4968a20df6c16f7244c8b591506e64,0,1,0,0,1,0,26,12,2210,352.34
5796,470a2f998494ef2a78e1424efae70d9eb1b17447,0,1,0,0,0,0,0,0,2675,351.41
5797,fc48d7218ecf66411079b1e67ea0cf92e37b5ce6,0,1,0,0,185,0,106,26,1213,239.28
5798,9e98d59d4afc6a228df05b8f1b5a2bee5c8b8557,0,1,0,0,253,60,291,69,9332,1450.88
5799,7795c0a7dc59941671f8845d78b16d9e5ddc9ea3,0,5,0,0,37,12,44,10,1137,444.35
5800,13f59a2267ed9c73ee729ba0f1925054e07d424b,2,23,0,0,490,58,58,22,9460,3713.97
5801,5db30cd5aeb926d0ebae0a3c2447feb76056abe1,0,2,0,0,2,0,2,2,199,167.34
5802,98982e6193ce05111d031bb8d54ce530ae41853f,1,4,0,0,74,5,158,46,1931,666.17
5803,733aecf28311fef290a6ed8a173e63aac4ad6a13,0,23,2,0,5,370,69,29,9588,2357.82
5804,54dbd7fe2fe37fc9f9b0721fde4dd327e4011bc9,3,8,0,0,197,102,20,9,1008,587.41
5805,2d770d8dea9670c51b9cb2a8eca5cdc3ae55e6c8,0,1,0,0,17,0,242,46,417,141.74
5806,b849a166b63c136c14233e97fe849867d8b43aa8,0,1,0,0,0,2,4,1,7758,1042.79
5807,ad9852cb34d6cd0b96f165c00415685c4423febe,0,7,0,0,612,46,444,187,3815,1152.36
5808,9f15e22f4aea99891a37aa1e54d490921e6e1174,2,15,0,0,180,161,267,110,6309,1875.58
5809,fdc1e1fbdafa668171cd3a6bf5fd2e33a10f8d64,1,4,0,0,92,11,200,97,3594,897.52
5810,04f3be030d6fc74adff65bef9f9ecc416a1da6d8,0,1,0,0,52,1,6,0,253,126.31
5811,d2838990f8e8211c2a08b8983bb889da8ac9b76e,0,7,0,0,49,22,24,1,2493,670.75
5812,dc5a94385e03b220a55ac7b9076f332f05e4df3d,0,1,0,0,133,1,113,29,1206,279.77
5813,e4fb7bf96d28aa2ed36d375ea5ee469a139b2b89,0,3,0,0,40,0,5,0,9863,1259.81
5814,2f802e908fd1e69ab2d1885b994faa64c290687e,0,1,0,0,7,0,0,0,315,77.59
5815,d81aed31dec95d54711084264c7a3222a20e5530,0,3,0,0,221,219,234,1,1521,497.82
5816,4931805c172a7099f42226183025d480e7768fa0,0,1,0,0,2,0,2,1,1339,240.24
5817,a2eb16d0f2e0e1f1d939d20943983e09fed313b0,2,24,0,0,368,6,57,24,9610,2538.51
5818,b290468c0ffe53daa76fad1e2a063d4596ea2ece,0,4,0,0,648,21,2157,840,6354,1262.11
5819,7fa2ba8c77b77d176c6d6180e6444b97aebf1503,0,1,0,0,12,0,3,0,176,77.63
5820,76b696c266122851e9704b5cf4d6ffd55efe0240,1,8,0,0,45,10,99,53,5078,2362.23
5821,a1034102d3580922f6c8f9d186272280d6917802,0,1,0,0,7,1,18,15,317,130.32
5822,2e92451a61557248e47453e7917d81c428379bfa,0,2,0,0,5,0,47,24,3701,561.46
5823,1eea5a80ded2df33d57b2296b3bed98cb18383fd,1,3,0,0,239,1,58,23,481,351.64
5824,f6dbcac3525786174621287857db476f88b08e80,0,1,0,0,19,1,35,17,9584,1228.98
5825,7c1f010045db3af6fa5b805ae4f49fc9b07d5639,1,1,0,0,3,0,3,0,144,139.17
5826,f8a671d8cfe8a26d1d12c51f93207ec92577c796,0,1,0,0,1,0,2,0,31,53.51
5827,b3fe6522e651fa4f00f1a1a75e6f12c132eacf21,0,1,0,0,426,13,957,368,1771,481.5
5828,2a3a7d399e7be6581f1d975bce9a9508a5177ab6,0,6,0,0,1,8,12,4,963,349.27
5829,244ca8e5c3192acd017d691ccdbaf0fa06c9fe39,1,4,0,0,5,21,8,5,12048,1716.12
5830,a2dd09f86386ca3f51eca90948d6ec1963ece982,0,1,0,0,5,0,0,0,66,45.27
5831,3c4a9c6bc37dfc870800523a6d26f667d0b43818,0,3,0,0,1,11,0,0,351,145.03
5832,6a929c58f943c41685f6e06a519381e696ad91ad,0,1,0,0,18,0,16,11,2421,430.47
5833,f83c4dba0a9817344e6b73f8353b8862cd7cad83,4,7,0,0,282,114,507,180,6062,1476.18
5834,5213abf02179f42c5f339d015e89b1c3387c1af5,0,1,0,0,0,0,0,0,28,51.08
5835,b14113be4c67217e030ae5158ce584362a721483,1,11,0,0,55,1,266,149,1868,878.73
5836,e709f7a8911a97c6ae22310035ffedfd103ca3af,0,1,0,0,0,0,0,0,419,59.6
5837,b153a6b1eff5bffadfb8b24cb5b305b9fd2c9c3e,0,1,0,0,5,0,13,2,258,106.8
5838,185173237ddc190ea661bc1af5f1a4933f7c9124,0,3,0,0,2,0,0,0,817,201.94
5839,204d715e3e0396272fe445d3100ca5158e2603a7,0,20,0,1,279,94,379,117,20494,3430.84
5840,2f0b41bc6863333aa89876f70819cb2113c57091,2,14,0,0,106,45,87,24,1345,1909.04
5841,16d94fbe21de4a817d640ae05f7b324d207d42e1,0,1,0,0,14,7,29,15,82,104.55
5842,6bd32a0d6a5dbcd0553ff88fd6c7b9a653e6e1eb,25,1,0,0,6,6,3,0,908,1455.0
5843,c46c4c90fcea274d788185003cfc490212d8f21c,0,1,0,0,0,3,22,0,2771,373.86
5844,996db32ba31c030b26c059ef575cb3d5b68ab1b3,0,2,0,0,16,0,0,0,980,220.35
5845,11b0d85786cd58469d5662c3027e9389cff07710,0,10,0,0,40,203,32,11,2491,660.3
5846,6afa544b85e78eaadf05e68f7123089b3faa3821,1,5,0,0,120,15,367,158,7666,1405.14
5847,ad20ff4b1da9a20a74c5ef3c99b21ced9d756996,0,5,0,0,64,11,43,19,12379,2086.85
5848,28f7d19af05fbee2c80102e4c39684e4a5c33697,2,5,0,0,71,12,62,20,12098,1968.35
5849,54046353e022d7aa5f3656de7d2a66f15608466d,1,1,0,0,24,0,0,0,18,99.03
5850,fedb03abad6b46124af6b5187213ed03e051e4d1,0,2,0,0,1,0,6,2,2495,432.39
5851,d3be2086afb3a8d7180a6135d450a21485476fe6,0,1,0,0,1,0,3,0,63,58.24
5852,4cfec3eb9c4c47df6195692ef535b42f9ac36588,2,6,1,0,249,116,332,98,4321,1115.81
5853,699c5768c88967abd507122d775bd5955ca45218,1,21,0,0,1076,108,942,345,20553,4199.38
5854,c062b690678e165877198216db108f9907021441,0,3,0,0,15,0,6,3,1740,554.82
5855,f30efbebf2ff85c55a5d9e3e2f86e0a51341df78,1,3,0,0,237,47,703,317,9953,1663.33
5856,5ae174cb26568e5fd02ad5cc9e23c38162a167b3,0,2,0,0,26,1,9,6,1102,279.33
5857,92b9ba7d3437b12a2cc77db9e463c57cafa5e8c0,0,1,0,0,5,0,6,4,152,90.48
5858,6c4adc9fc509d53a650e41841cfb6c37352384f5,0,3,0,1,112,338,1582,124,7362,1493.18
5859,cefefa24dc9e8a1f65770b01b5184069ebe1c6a9,0,4,0,1,85,1,48,29,2642,904.17
5860,9cfaf6b0020351cd092bac37ed986470a0a97b02,0,1,0,0,0,0,0,0,252,1107.31
5861,a94f382a0f55e72a4ab0bbeabe7bf7bbac5b384d,0,1,0,0,14,75,46,13,7736,1105.41
5862,97503fb00247db24e140284d15f218c801b4f8fc,0,1,0,0,0,0,0,0,61,27.23
5863,9fddd6d0c95239fbd4eedbd341cd6374a3a23269,0,3,0,0,24,2,80,28,11478,1705.27
5864,5e0480e35f6176ff38ecffea64369287b87bd378,0,9,0,0,51,14,51,20,3164,922.96
5865,334c8cae4af94be8157a3b9fd8506c8aee98ab50,1,6,0,2,0,10,26,2,1277,482.93
5866,9fe65dae8938d497e463d2be061fb0591df6c7f7,0,8,0,0,56,70,147,43,6310,1259.9
5867,4f67bebe1916b77a8366a2f1627d59bb2d800522,0,7,0,0,3,63,280,91,6568,1055.95
5868,211baae45f76722f354a4c29edb83de90c549f0e,0,1,0,0,199,47,200,107,5526,917.71
5869,34ced3062f0b5083049cf1c94aa6d5335ee923c7,0,1,0,0,46,0,123,18,434,152.29
5870,10699bf1498b677a852c0faa1279d3c904151b73,14,18,0,0,181,16,255,82,6887,2211.9
5871,da10aabe56edf8fbb26d89d64bedcc4afa84a305,1,2,0,0,1,4,1,0,319,158.1
5872,823aadad5fbfb51a2eb4c07d8cb0044156699126,0,1,0,0,0,2,1,1,44,67.21
5873,0dec5952aaacefb711d69e0e40f8da389c073d5a,0,18,0,2,693,148,191,51,11555,2786.24
5874,477649727dc9f232545ac4f2559fedda17665881,0,10,0,0,67,0,4,0,296,349.65
5875,e0b3182695f28fb853db94e388b44be89ad7c99f,0,1,0,0,17,3,17,5,80,110.65
5876,34298eb81d20a4a5bafd52fcf2f5dd45722aac05,0,1,0,0,0,0,0,0,404,58.59
5877,331dd57a0f9f8263d4e4a972042735d577d1240e,0,1,0,0,74,12,15,2,7737,1050.64
5878,3a0e4dd4036516044a2e71ad0ef812ce0d169e1a,0,1,0,0,0,0,0,0,571,91.5
5879,8349dbde55f479167e43cfd1f089e131d4271e5b,7,1,0,0,0,0,0,0,57,618.43
5880,95bdb2b1afd7cb4b7680e70a7f3175b9740f5d06,0,2,0,0,5,0,0,0,22,1080.86
5881,a095c3d93b54bded8d129bc7dad915c68f3dde08,0,2,0,0,20,0,0,0,1347,405.46
5882,f567a8231f4329e77d8eceb68b40d0cee8022a47,0,3,0,0,268,46,215,52,1638,423.31
5883,6953b67995ee95dcd441c803e4647c0cda09d18c,0,2,0,0,68,21,4,2,126,181.91
5884,5616cbe40587c7cd218b15645c8563e6b4c6662e,0,1,0,0,0,0,0,0,456,70.31
5885,f8bc4868eced2ca83113579b626e279bbe6d5b13,0,7,0,0,63,196,66,31,1724,724.77
5886,ee6a53268989a823bb4a40638d9c93c52658f76c,0,5,0,0,31,3,433,157,11447,1792.94
5887,758b913f291016c78bf0b0e90b2a9cf8f333bb45,0,3,0,0,25,19,188,70,6355,972.99
5888,41de95318d80df282fbed17ede6b3a05f649cce9,0,4,0,0,0,3,39,11,660,268.92
5889,19436b701f2e4753e7c1bb117833fe6a4a7c5739,1,2,0,0,237,20,92,14,8380,1315.19
5890,589fb62d79dfad16912f5fac69168df4f7607101,0,2,0,0,35,0,43,16,1167,381.78
5891,2c7f9c26e88091ada018e0247c1f6ef11f002606,0,1,0,0,44,0,0,0,387,105.91
5892,46c5580b735f9b3b4f3e482d8f7a524dd88d4771,0,7,0,0,131,105,43,14,11205,1815.66
5893,2a55f99e5d17d9a4ea35f6f3b3372c224321f6b7,0,3,0,0,91,4,98,31,1335,446.72
5894,bf8d305a6fd435b3b510dc3f78b5f3329acbe423,9,48,12,3,495,441,757,142,9906,3765.44
5895,dfaf90f2b3a69477ea6b38144cf4ed55de9c4d95,0,2,0,0,2,0,7,0,760,211.89
5896,154a6865557326292e1be94200f3f74c2acacb8a,0,6,0,3,177,0,185,25,1971,815.66
5897,cc52e9b22bd64be117d3acd9918279aa355b237b,2,12,0,0,40,7,32,9,2039,882.51
5898,bf8e6964389c984d768f6a4b110f2ba8198a49ef,0,1,0,0,0,0,5,0,40,36.19
5899,7188506112dc23ef46d102fac79b84af43f9a790,0,4,0,0,61,0,24,17,1554,630.13
5900,552dbaf33cd173c855651350e32f973d9946b47e,0,1,0,1,16,1,10,6,464,1494.03
5901,8158f884854a4294deeee7444a393f28c19d2860,0,6,0,0,37,6,33,13,12257,2840.15
5902,52f1b2471545a797856e4b9b1ae0a36cb4233c18,0,18,0,0,18,0,89,27,1849,634.1
5903,a84fff8ab6b16018ac548c56f4cec5d59748923f,0,1,0,0,11,14,64,0,805,250.83
5904,4463c2bd52d64d8639a477f46d05239d3d0bb5be,0,1,0,0,4,0,7,1,47,77.14
5905,f8a6c7434460e132a28b360a3e1d070edafbdbf5,0,8,0,0,74,0,12,3,1741,571.64
5906,06e7174f12b647b1760e6b5327e3f77e4f12f1a9,0,4,0,0,63,23,102,20,8980,1709.01
5907,88d224fbc76912e2453bbacc7a7f313bf7f427da,0,1,0,0,0,0,0,0,728,244.03
5908,7584b3276bebf64aa006eaa162c0a6264d8fcb56,9,26,1,1,12263,3740,2016,33,100381,25774.96
5909,ab7affea11d6583aabeb471939771e215ac44f48,0,1,0,0,6,0,0,0,1149,317.47
5910,7ebcdeb951fca86c1fb4920553ff9f2d3687627a,0,15,0,0,256,107,278,93,4718,1631.82
5911,0930aec69bc6af835470e6e42460730f3db3ad34,0,3,0,0,55,2,54,21,691,303.33
5912,8c7e7a602542131a7db49a25980ab7ce2783b49d,0,1,0,0,0,0,0,0,47,20.52
5913,3f86e4df4f2a1b4439ba314afb8fb192899f47db,0,12,0,0,180,32,184,67,2075,921.57
5914,3bccc4ed5654298c2fed0a87aef81d97d69683b5,0,1,0,0,16,0,2,1,322,164.86
5915,8105d8ce19d86356529599ecef101bf173ed4a0d,0,1,0,0,0,0,0,0,104,32.48
5916,dec0a7ed8da89f002ee5e7d881fec3c7a7e698a7,0,2,0,0,15,19,51,10,966,423.27
5917,e1e4975744a3104df1e63263fb05dd726518f211,0,1,0,0,11,0,69,12,218,141.77
5918,72eff127ad0b2b94c814409cd1eb5ae9822724c0,0,1,0,0,0,0,0,0,190,37.57
5919,8ac625744109fde23e105fde3e02f5da894da8d4,0,2,0,0,44,1,70,3,1049,294.07
5920,615e71e798b299ff58ef22a1a8f91073b0cefab5,1,10,0,0,101,27,175,32,6438,2539.52
5921,2d8e48c75414cb03d36290f97413124dea8337bb,0,1,0,0,0,0,0,0,284,64.44
5922,45faab2f4c6252971d7145e46aa336784e28d602,2,1,2,0,0,0,0,0,687,305.24
5923,6c364c66c0bbbffff0ef2927bb1b2a9d1b655eea,4,1,0,0,0,0,0,0,728,741.86
5924,6e6b0cb7b1950e6b0e4a19b0f9e2d185031dd83f,0,1,0,0,0,0,0,0,85,24.77
5925,68b66a64f0d9b0d587a7ce1e085a0e8e45253adb,0,1,0,0,1,10,9,4,512,185.44
5926,fb79870592d775cd836d5611e21ab1c7030aadba,0,5,0,0,26,0,9,3,1521,570.9
5927,598dcf40f3c69dfc1ca52bc28282b58ad30507fb,0,1,0,0,10,0,7,2,78,95.26
5928,9cfc15a86faebb5cb654afc1bfc0c47d347b7ae2,0,2,0,0,35,0,68,20,798,259.3
5929,6f9368b7e9b8ca98f5c0411ab721faab0d48e485,0,10,0,1,19,0,11,0,827,406.8
5930,d71032e43451c053c2d870c7b4813a613c871914,0,1,0,0,0,0,0,0,110,33.51
5931,f3276241b3a8b3572839dd0dd58b2b7578201956,0,1,0,0,0,0,0,0,28,39.95
5932,f3beace2ebfa989cc1d8a4f491cb705bf58ecd82,2,8,0,0,801,230,287,95,6465,1839.6
5933,7d7c1839625b7be9846b75c373efb557d03cf3d8,0,4,1,0,20,3,27,4,412,340.6
5934,0a70831c99706a5ba4a18262f1aafb232eefdf68,0,3,0,0,10,0,20,15,15575,2343.47
5935,4d2cd44a423d7271b3e26eff6b0e9c46544fd311,0,1,0,0,0,0,0,0,28,54.12
5936,5d3c5387ea56015516f357365a521d901366ad9a,0,1,0,0,0,0,0,0,28,49.18
5937,985d6f8125c363ed28954a684bd86eb622ff9ba1,0,1,0,0,0,0,0,0,198,39.6
5938,0d787cbc055eb237bcccd5fdbc144fb6b1d7d4ca,0,1,0,0,5,0,2,0,381,101.0
5939,50f52b728f911634e03b8ff6251c15edf3b987cb,0,5,0,0,0,29,7,1,1518,523.07
5940,042eb39884dbcc4acb8af38dfdbd392c408527a8,0,5,0,1,3,1,5,3,1212,1724.94
5941,14da400978c989673e50633a33f7262cf9509c72,0,3,0,0,11,39,7,0,1022,490.59
5942,1d83625385d466b18018201fb89e3541f2fc46b6,0,6,0,2,0,96,35,1,1731,712.61
5943,11647b85c0ede0e71b68c2b7f356f5d056a8c964,0,1,0,0,0,0,0,0,245,50.87
5944,76da8043e5d64f4fbc0739c4fd4d0212bec3f66f,0,1,0,0,0,0,0,0,487,80.05
5945,8f754fc351daf66846eb2cee658c5259d5008afd,0,1,0,0,0,0,0,0,6,12.75
5946,116bf0bcb75695e0d7de2f70310b9f5a9e60276c,0,1,0,0,0,0,0,0,28,44.26
5947,ab189f54047bbf6beeeaf8d0dcfd5fbe92e465fb,0,2,0,0,187,3,31,17,417,360.36
5948,ff446b77961b50b84b1698eeed71dab35db10d52,1,4,1,3,0,0,0,0,43,358.92
5949,d04db94f6c21050edf5d782efcc23fe48192d624,2,5,0,0,29,17,118,57,11366,2057.18
5950,4b418a4aeacf21bf84e01d03815124fa8b7cb79a,2,2,0,0,0,0,0,0,1233,290.41
5951,38c757cd75e4b55dbb21b97d886261f864912fd8,2,2,0,0,11,680,48,22,429,494.87
5952,6325c1abe24fca335168779e10db404e408d3004,0,3,0,0,61,26,38,9,1141,345.13
5953,3d834677a46380ddf618f21a0a1c3b59061d5229,0,1,0,0,0,0,0,0,109,33.2
5954,cb6dee1cbde7cafaaf87ed294b882eadd738cfb2,0,4,0,0,230,31,164,94,1285,420.42
5955,6875c7655fc4925332ec0e71db1a3b37430a40a7,0,1,0,0,4,0,0,0,109,58.21
5956,fc5a5a636c78198c36de9d069cbcc42f2beda460,0,2,0,0,79,0,0,0,3205,450.23
5957,a73d14c2bfe7b919a7459891fd52136c6c69025b,0,3,0,0,14,0,29,14,1202,326.61
5958,e6f44d2eecafb2e23319ff4ff48045a29167787b,0,1,0,0,0,0,0,0,113,31.33
5959,1f2334c652f7996f2da310a760f931753280df9e,0,3,0,0,10,0,13,2,325,160.4
5960,cdfb530d2838ef1a5f2748976cf7503dcbac9fd4,0,1,0,0,17,0,13,8,1201,1417.54
5961,8d721bf414d46b94337867fb386f7acf1ab90762,0,1,0,0,0,0,0,0,220,46.34
5962,7e6f2bdec337fb954d60ffae352258442f651ccf,0,1,0,0,13,0,1,1,55,75.27
5963,9393164cb6541adcb2550686eda52226738a7c7c,0,1,0,0,4,0,6,4,96,85.73
5964,fae78f86dd6d22ab0b68bdde0b63ee8a3d9436d2,0,1,0,0,5,0,2,1,611,133.64
5965,c7bc1e2cf4a6b6ef829d3d048cd135af94939085,0,1,0,0,10,0,1,0,26,55.72
5966,8a804cccf297d1bc7cccdcea767bbb00c5806c09,0,1,0,0,3,0,10,1,36,85.8
5967,c6a5d6f8cbcaa36a0ea20384abb1bbe26730e2e2,0,1,0,0,18,0,10,1,680,230.31
5968,610748287846cbd26d0b7c8ccc414f8636fb6ba1,0,1,0,0,30,0,11,3,632,177.93
5969,2c78ceb6abdc15585bf911633c2c01271b06da9b,6,8,1,0,30,5,10,0,1277,873.32
5970,f4352e5339694d290b1a146feb2577d4f96d14eb,0,13,0,0,279,45,237,75,9315,2302.25
5971,5df1eb3f16111bbf70ae8d17b915a4bffb67594b,1,4,0,0,288,0,137,85,1165,315.39
5972,85475ae894a508393afcdf183c78447bc4c60369,0,1,0,0,2,0,11,4,181,90.18
5973,24d70279ee332fed24272d19555c8c19887230b2,0,1,0,0,6,0,5,3,1663,257.61
5974,0b2d364aa5977c7a15a4b5082cf9ef431dcc394e,0,1,0,0,5,0,62,15,1669,243.21
5975,87e8c738beab1ef2899681a13dec52acc6bd05f7,2,8,0,0,66,1,6,3,2553,801.57
5976,c8889f86d2f1e1f49064b05eff2c1b93504ba5bc,2,8,0,0,0,0,0,0,2619,558.39
5977,29f5784941adf53bcecf0e899c348e547d779114,0,8,2,0,1,64,6,3,2555,797.52
5978,a1e6206cc4f77c20990c9f2436fa5940ec6a7e3c,0,1,0,0,0,5,62,12,1669,257.59
5979,7eadc07ec27a259e1ac13d29ff1fb3ef9e0d2226,0,1,0,0,0,0,2,2,32,57.3
5980,29e4f3be4f2db9b8d37a28e71e8af08073f2d40c,0,1,0,0,0,0,2,2,32,1249.56
5981,a95ec1e143db3ba36127dc9de07b047bf3857a74,0,5,0,0,0,0,0,0,2753,440.16
5982,8d24b86de6d661817d00b1de0a91be382afa7c2f,0,1,0,0,0,0,0,0,51,14.82
5983,040c0783e01fb3089d7925def7c349d7ac98e4d6,0,1,0,0,31,0,124,26,398,145.03
5984,92dd7073922e5bf772a71a77a104a49bf0928893,0,1,0,0,0,0,0,0,92,23.98
5985,68a2beabc38944c3e5238b454b1a0fe30dbf0034,0,1,0,0,0,0,0,0,291,52.67
5986,2c848ef5d6bccabcd9ded777dc1f0f11605ec7e1,0,3,0,0,22,2,14,8,752,337.62
5987,25aaf7db0d62d6007c79213a33dae0fb8ac9a7be,4,22,0,3,470,539,521,241,10234,2993.1
5988,6a24a0c5f7ed065e3f9e169f533ee70668e123fd,0,1,0,0,7,0,220,112,9652,1243.17
5989,4e4ab7aa3ada0300c3f732ef5fc48c83ebb1ab47,0,7,0,0,105,94,308,86,6459,1375.33
5990,c4c53a646790ff25f127d4641de430c31635eab6,0,1,0,0,0,0,0,0,662,122.88
5991,8d5e8a60ae6eeaaac8369a718fa7d5c04d142f57,1,10,0,0,488,49,312,105,2887,941.79
5992,e84e89d78051d7c4ac474a407c85f8200d8537bb,0,2,0,0,242,72,264,100,9751,1409.72
5993,fdb8a70cd548b702801c8abc3464604c04addf63,0,1,0,0,5,0,62,16,1669,364.65
5994,13be3b5f972d44c0c4cfc7fc60db2a33d6d848bc,0,4,0,0,3,16,11,1,1202,258.55
5995,068d007b8874f9eecbf30bb2739831ad9114107a,0,5,0,0,2,0,0,0,533,135.88
5996,eb21132bfe618855448e332cf49a36ed175b03a5,0,3,1,0,7,14,22,6,393,190.2
5997,2d166ab00939251d272f9b6d48d5f649079fa98e,0,1,0,0,0,7,212,108,9652,1296.36
5998,702a676570efee20915ce6832fe7ddee42611ce3,0,3,0,0,147,0,29,5,3358,650.82
5999,43945fb191a6ee4f1fb4582a97113e5fe7a7f15e,1,1,0,0,22,0,66,29,941,199.01
6000,619f79d9c4ffec2f6b9ebad6fd6e73805fb55dbf,1,5,0,0,41,18,223,113,11566,2809.18
6001,780b0127fd22ec95a6b225a493872bcec364ef76,0,1,0,0,0,0,0,0,168,32.97
6002,7562cdb71779e5055161c6d91235600045b06b89,5,2,4,0,8,0,1,1,213,349.16
6003,9d23f7185df576f7258e78c423455276972570d9,0,19,0,3,267,17,893,425,17607,3222.97
6004,47e85b73d7faa550f9ff108b5cb65b8088a36db4,0,1,0,0,5,0,2,0,186,70.13
6005,5ced7bf923c4ec4477ebfd68ff50aa2047be4eae,0,1,0,0,5,0,125,29,9659,1256.98
6006,83afdb4d52d8ee9c6ac4006a1808233609c85298,4,35,0,8,375,20,474,173,114306,22804.32
6007,16e6b837d96050b0837086c8dd171c71d9c0bcee,1,6,0,0,12,30,15,3,10637,1659.4
6008,15bf4eb989ed0c69fb4fb76f0e6190e38f22ab80,0,3,0,0,16,5,12,2,197,165.5
6009,cab1e60b0bc2a7d6c9489a892281de8aa298d2fe,0,1,0,0,27,0,127,29,336,132.96
6010,77ffe96d344d30ffe9140788a5fb6b9b09538077,0,3,0,0,0,22,14,0,3465,584.66
6011,6c78edaa4e80646c404962f2209bff8f64bc6c3a,2,2,0,0,0,237,3,0,386,367.24
6012,1b7f62b05daef3992d8637dcf09d0037177f7527,0,4,0,0,4,0,54,0,6112,857.81
6013,5c321010418ef9d8ca879585eb7e0b851b6a094c,0,1,0,0,0,0,0,0,1221,230.63
6014,06807bc8bb5cedd507bf32570a4d6b9eee764789,0,1,0,0,0,0,0,0,92,26.35
6015,1c970d9243dba471068998e18cf0823eb43a09de,0,3,0,0,41,15,165,105,1058,311.9
6016,2d3faead7f15200b21dd21e7320e0f3853878f71,0,2,0,0,19,0,9,4,216,136.04
6017,3a38042434494520d3afd6bda17fc2eaefbe8187,0,1,0,0,1,0,38,31,311,133.59
6018,8cb99d680b1688ebfa617483f3010b217885ae90,0,3,0,1,8,0,0,0,161,90.23
6019,43e331e35ec17479c204ab6b310e49d68cb4a2e9,1,17,1,0,10,44,100,38,4987,949.48
6020,d682ca9266df182e977b35ab47771dbac27777ec,0,10,0,0,128,0,101,5,609,1447.32
6021,77c1450430d8ed7b14d7c3c36794a0467c9571db,0,14,0,2,4,2,16,3,1822,591.56
6022,bf70bd27047a186e4360226ac65782a735a7929d,0,1,0,0,17,5,44,14,9659,1264.91
6023,91cdd4f4cf664a1a758e69c8c403d46dc36c076a,0,1,0,0,6,0,3,0,318,103.2
6024,0ebf04c87a6d8c36e699148c7f38dd502fe48b66,0,1,0,0,0,0,0,0,762,134.94
6025,da66386662fbbcbde9501b4a7b27d076bcc790d4,4,6,1,0,6,0,0,0,1007,649.76
6026,96c65a395a814136cde3ab95598132d2558507d1,2,1,0,0,0,0,0,0,728,432.65
6027,913baef8279f6682f7b209a1f4e7c445a85f17e9,0,2,0,0,4,0,1,0,193,110.59
6028,c166202ac04dfcfb5e0aa6648f1c79f5ff8d11f2,0,3,0,0,13,2,10,0,806,252.56
6029,13fbae57321f3525cabb326df702430d61c242f9,1,7,0,0,28,1,26,8,4666,953.91
6030,8e1e537bf9f8204fd27e806af0f62aed980bf36a,0,2,0,0,0,0,0,0,93,31.17
6031,f27c38ff55902827499192a4f8cf8ed37d6fd967,0,1,0,0,1,1,54,26,2875,469.15
6032,99cb7c005d51c693089cc4144f8e8c40bce8c424,3,14,0,0,204,28,74,13,24163,3647.34
6033,fdd103ddee7c825f981f37ffa0d7297094a0bb0d,0,3,0,0,22,0,14,0,3484,586.7
6034,cfd57348c1ac188e0ba131d5636a62ff7b7c27be,0,3,0,0,49,8,3,0,10600,1483.39
6035,920cc8159cb2c2b369a3c266eec807502bec442a,0,1,0,0,0,0,0,0,363,67.81
6036,148635cb830f9adda074b371f8179b03105bbc92,0,5,0,0,44,0,84,54,1316,360.21
6037,645458532b6b8220bbf097b70a25caf7186d4c4b,0,3,0,0,132,106,13,0,346,271.62
6038,1aec6a39424942f5dc7974413ad5ea2829985a73,0,3,0,0,18,0,57,14,2329,442.35
6039,2493e4a41c93a77bc8f9658796fc34340b0bf462,6,4,0,0,114,0,2,2,374,238.36
6040,95ea9f535f0439391b7b8ddc411f5f097d6dc818,1,3,0,0,31,0,158,49,1266,1558.75
6041,0a961aa8fd2187e901ec071ea9ddc3ab4d4970c5,0,7,0,0,65,2,116,54,3517,912.35
6042,787e6f99443f6cba4685246ca08f66ed35a7c46c,0,6,0,0,83,5,6,0,632,330.43
6043,24a98ea24dd2874495c018ee94e84666e6fe69f0,1,3,0,0,9,0,64,18,1297,451.43
6044,a4c5b412e3bd947b513e3cf735789cd026df4c4f,0,1,0,0,13,0,53,14,698,193.2
6045,e7cee300114b2f54b3912d5aa92043d3bdf295b6,0,1,0,0,6,2,3,0,747,184.72
6046,230ae362943585aa77f469b7563b41c6a2987997,0,3,0,1,4,0,1,0,1174,280.33
6047,16f57220ff281a60bbfdaf6ee5a148efad48c229,0,2,0,0,2,0,2,0,375,173.35
6048,bdf39e43a7c4225dec9d74dbc5bbdfb0cd685ec5,0,1,0,0,3,0,10,5,226,116.97
6049,5050a40d41e37965ecdafc7544fc2283430c4436,0,1,0,0,0,0,0,0,596,82.84
6050,1bcf403299c6c3a562d518d5a63791ecf1372f2c,0,5,0,0,38,0,71,16,1536,414.76
6051,f20311b00aa57586db630d57d9d9d9b323cc2e96,0,15,0,1,437,84,230,63,9591,2246.11
6052,24e16cc57293ea6771cd55009f8cfd29870a39ee,1,5,0,0,0,0,0,0,655,159.11
6053,a06721e8e8b246aa42f6a4d1201a9eb1c45de3e0,0,1,0,0,14,0,26,7,748,218.6
6054,368d9cffe77bf6b7076ca83ec300c69fde651cb7,0,3,0,0,16,0,29,9,4030,662.19
6055,0363880b5e1070eb862528dd48060c3bff05e6ab,0,5,0,0,15,1,5,2,1531,402.14
6056,c93a15553a1cc383888a3ec1d27557bc0857fadd,0,2,0,0,12,0,24,13,1044,353.76
6057,73ee8a138fb8574783edcce9f78bae831e81372d,1,13,0,0,110,17,360,104,21683,3767.98
6058,5ba634aa665416743d2f63cbb12f601fe408fe9a,0,1,0,0,5,1,3,2,386,141.09
6059,3eaca1f4b29fcace7379675f530dfdc7434b862d,0,1,0,0,0,0,0,0,1200,209.2
6060,f83d7654ee8e6758c0026ed53a3a928914640e38,0,13,0,1,63,7,48,21,7924,2569.14
6061,766c3dc21e189afbecace308cd24cd1c5bde09b2,0,1,0,0,1,0,16,10,9695,1256.71
6062,6a16a71ce99ff5d2f7bfa69cfcb475d4adc9873f,0,3,0,0,51,7,0,0,467,217.88
6063,8c0767625069418871194f418b99bce8cca1007b,0,1,0,0,0,0,0,0,86,25.37
6064,4810511d6e2b4377b20d70122788d5ad300d8df1,0,1,0,0,0,0,0,0,126,32.66
6065,7cf7914729ceeca34017ad6671a97a1290915e10,0,7,0,0,49,21,24,5,1645,698.53
6066,6c4d7a9b945f1dad27ef1a6193a689040fee7b66,0,3,0,0,7,0,18,1,1443,364.34
6067,8f0973b28eabbebf1563e1bfeac3609359d05688,0,2,0,0,38,0,1,0,315,166.51
6068,48ce7ce2963ce918c6b4e87b8b446dc0df5c1fe4,0,1,0,0,70,16,15,5,646,207.02
6069,596edd181624afb5175fb98eea2c672775c2f378,0,1,0,0,0,0,0,0,716,130.17
6070,9cd3960d0aebccae05682ef2f52a81affaf8c201,0,2,0,0,7,3,24,9,10104,1307.91
6071,0f094530abbca36be5fc80aaf40d7c890d909633,0,6,0,2,313,11,125,51,10384,1658.83
6072,6adab1c2ab18558e1dd6e353e6f4dbb249a3d8e6,0,4,0,0,66,2,301,122,3947,757.6
6073,e36f6e4fbda354f33ba9cef6cf25e5573c78d618,0,10,0,0,100,308,281,107,19124,2914.12
6074,6d532e7c4396a81b0afd16b66b4873c5fe9398ee,0,1,0,0,115,2,211,63,2769,453.53
6075,42a9f3bb031624da1f3553dfd9a61702bf280846,0,1,0,0,20,0,325,60,480,155.0
6076,4b7f88ad100f53ebfb487c9feb6e0bffaca5d1d9,2,5,1,0,205,28,81,37,5356,1212.18
6077,37bcf7b515ea4ff956b546ef3583fc7b0b7fd065,0,4,0,0,10,0,52,23,9825,1480.97
6078,2277661660c8428c6be34291848de50aec222026,0,1,0,0,0,0,0,0,6,16.22
6079,1f2419dd06d98aa42fabd77a82d4bf1d16a6f736,3,1,1,0,0,0,0,0,687,255.22
6080,1a2e378f36a1a02d68ff1647f856f1e223276da0,0,1,0,0,0,0,0,0,2401,1345.7
6081,b5160e7441a9eb17e0a745d37f877ecba4ca9e41,0,1,0,0,89,0,59,21,627,184.43
6082,8f328324287933f7005c46627e269b314d05e698,0,5,0,0,254,0,172,53,13139,1836.23
6083,ee14e36c0a1f99178bf1e98042cf72cc2972640d,0,1,0,1,8,0,0,0,26,73.35
6084,966b83e3b9123bb455572d47878601d60b86999e,0,1,0,0,0,0,0,0,144,37.04
6085,bdc256edeff716b655edc0604b8d0e9cd9fe8597,0,5,0,0,433,96,143,44,11243,1723.5
6086,798ff7d2443f4477c9fb02ad871511b152217829,0,3,0,0,6,0,8,7,4428,723.38
6087,59ada6a131a7c551ba6288b211e108acb5806dc8,0,1,0,0,0,0,0,0,500,85.47
6088,6a8f4cbe328608a29f04c97c47b9d8c17f4ae29e,0,4,0,0,15,57,167,77,17083,2453.56
6089,b51b47c0edca838a0f2109a049efb05e62da2b7b,0,4,0,0,34,7,64,18,18246,2518.58
6090,67b0a67c324bd78224e0b8338eda63824d104cdc,7,20,5,1,40,152,19,8,1556,1303.67
6091,15d7d6dc97fae5e7502c5ec869c2aedc7170ca2c,2,4,0,0,35,147,204,104,1556,585.18
6092,09a73bfba3213d24f227714426eecb09a7677ba6,0,1,0,0,16,70,15,6,646,191.96
6093,22ca245f311be348fe39469c4e7acdf06797f989,0,1,0,1,0,0,0,0,38,49.02
6094,49abcf767b1da0661e2f4b150c6f80d63cae2ce1,0,3,0,0,458,134,173,26,6859,1228.35
6095,777d62ca8ae883c3b0f9dcedcc2bdd3e53647e35,0,1,0,0,4,0,1,0,2465,432.98
6096,1b3ac733f53598636870f4f7af09d2938fe0b09f,0,1,0,0,1,0,7,1,9702,1270.17
6097,222b4aca081529d534f94cece1f9af79a0fb3dda,0,27,0,5,931,104,624,260,31263,5882.46
6098,1e437e2b1e00aa1942781f0a9b5b2f0868644b81,2,12,0,1,26,0,114,27,1578,1042.58
6099,5b2cbb5489ffc672e1eb7ee40b8eaa50fd26115e,1,1,0,0,1,0,0,0,41,72.97
6100,2b0cb07e4f549e64ca776024caf9cf0b5ba01176,0,4,0,0,18,1,8,3,251,1255.26
6101,57dd30441a708f9fe653aea1c54df678ed459c34,0,2,0,0,0,0,0,0,242,60.25
6102,78cbf147873752e7955fff37416edba372e2b69a,0,2,0,0,10,0,3,1,962,291.44
6103,1c33fea890bc01a85eb336caf5d73a85652f91a3,0,12,0,0,69,26,45,10,5637,1321.81
6104,b122aea4ec8775c158fff975ffa472be7bfc0711,0,1,0,0,0,0,0,0,728,251.05
6105,b9bac8e641f99e2191040b2ec43c730cb217a6bb,0,12,0,0,33,160,76,22,15632,3319.12
6106,9bc90f28cf4406d74f9597837c2b72c809b582e6,0,6,0,0,42,0,0,0,1384,540.92
6107,d78d6465a969ef7e7b3363a257f2c4e6f748d0df,0,1,0,0,17,0,4,2,328,198.99
6108,e19b861cfbcb15166f9255f8b375ff5d8056b417,1,7,0,0,10,3,21,10,1004,542.22
6109,e7d1781ec4662e088dcd6ffbe3f866738792ad9b,2,9,0,1,22,248,9,2,1488,887.34
6110,d83a0be9852467b3b8b3bef84721bb49e63f57b8,14,2,4,0,1,0,0,0,984,1369.0
6111,1fc1221536671f28ac28a3e4d99969a704cf740a,0,1,0,0,48,0,0,0,580,139.88
6112,4dbf991b48f5e7b34428c7c23fe34a77e0a9987a,0,1,0,0,0,0,0,0,20,23.0
6113,eb261cbf526e275735f15a3658c188a3b0819b82,0,1,0,0,17,5,35,17,743,207.62
6114,cc8ac97bcadd20a645e113f3193fc6b2d9db087d,0,1,0,0,0,4,1,0,214,70.99
6115,6311e0b031b5937d39bde8aad9916c8d0911f0b3,2,4,0,0,11,1,9,0,1388,788.61
6116,ab9e954d478ca0e117b04843ab645f2861e5c925,0,3,0,0,298,51,43,10,1570,955.89
6117,e865b449efca04b02922bbc42693a1e8f91825a9,0,1,0,0,3,0,47,23,483,145.13
6118,ffb02e7869cedf2b0911ecec9ba8403e189f101c,0,1,0,0,10,0,0,0,90,68.13
6119,c2940a07cf0891e922672782b73ec22551a7eedd,1,22,0,0,477,106,387,176,18209,4180.26
6120,eae5225f4301254cd8c5ad127bc242890bd441a8,12,6,11,2,112,820,32,2,434,2899.64
6121,1105ef3974d8a324637d3d35881a739af3aeb382,4,5,0,0,77,427,23,2,1016,737.91
6122,40635f7e3a3c326d38e7d11d98cc06b094eef1b3,0,1,0,0,0,0,0,0,728,269.16
6123,385a26ad89a29492ff55bcba32ec104af54bf139,0,2,0,0,8,0,17,11,127,243.4
6124,733c4f3169142d426995f8e12961c209688d29d0,0,3,0,0,15,0,49,22,2784,566.28
6125,4a0814b7f2edccb98f028a1528fc45c31a0d286f,0,2,0,0,53,0,58,26,1153,381.19
6126,a3eacb9ddc1039dd0866928d0860f31e38a3d7aa,0,3,0,0,24,4,335,138,9976,1724.8
6127,d118506580b0e3a721cae718b28587bb542f63a8,0,1,0,0,1,0,0,0,93,94.09
6128,d8306cf68087ed369178c6f3a343db07ad7b9ca8,0,2,0,0,3,0,3,0,1460,397.76
6129,109ec31dc7de5678106e702c9bdd641c12cb1653,0,2,0,0,0,13,2,0,3865,576.8
6130,537c9cb9bf750289f1039fdaaf52f0a7310a88f2,0,2,0,0,0,0,0,0,381,54.36
6131,bed17e54d8ab465256e41f2b796d69d21a075ea0,0,4,0,0,8,11,77,39,1011,415.46
6132,0966a383d48348c36c270ddbcba2b4516c6f3a24,2,22,0,9,410,168,569,209,9179,4072.13
6133,189d3fec25dfb94b209b1a34c1be674ce9d85bc5,1,5,0,0,51,7,90,39,1918,1081.8
6134,34adf31af4189c42c9944c7e41820dcdb11bd01a,0,1,0,0,6,0,26,8,234,136.58
6135,85a3dd7a71e9060b8d2d4cd8a73c19afda748eca,1,8,0,1,24,9,71,22,13860,2808.24
6136,3e023546186823e3cc8ea5ce32828a52743ed1fe,2,3,1,2,76,2,19,8,8303,3460.72
6137,c1337dfb73f0df6f9cd9f9ed7257917e37b38745,1,2,0,0,12,3,42,19,374,254.51
6138,da1f758e33a2acef8bec7d85ccfe73f7cde92225,0,1,0,0,0,0,0,0,120,46.49
6139,174c6748fc04ded51720c55be8848f9067c46399,0,6,0,2,108,23,356,166,11676,4730.13
6140,2cfe57faa54b5601d21b2b5526335492910cc119,0,1,0,0,17,13,4,0,121,1312.31
6141,c17888647582a35b2c2fe2f8806eb1e099059b3f,0,2,0,0,3,1,36,16,328,155.84
6142,9eb8f1796ee10c60dd1009f7f00618ff19fff1c1,0,1,0,0,3,8,1,0,32,67.44
6143,f0a2fffa9e7044002c6b75219fd3da50b55c3e68,2,10,0,6,1080,234,2134,228,105835,51042.27
6144,47dd953cd656240257dce9bc9a43fb8647af1c41,0,2,0,0,1,2,28,8,236,120.52
6145,cdb32a7fbabc9baea535b94da159965eda4e23a8,0,37,0,26,211,599,1394,317,35819,12299.3
6146,06a4f98e7400b0ab11d8361195dcc9c0f0d7f01d,0,1,0,0,0,0,0,0,9722,1193.45
6147,f2d5ac221da8dc81292831db06a92453a5c60ff1,0,1,0,0,140,0,0,0,503,163.09
6148,e569ef09052b9ed705d61cb8a3bd5d963127abde,0,1,0,0,5,0,89,22,2403,408.77
6149,788daf609fd9c666dcb42451539917edd4d820ad,0,5,0,0,6,0,9,4,671,265.94
6150,ddef89525eaef9f5eeea4029475a24b891a41df7,0,1,0,0,0,0,0,0,8550,1120.7
6151,ba083ed43adb89b738387c900c822548e348ccd0,0,1,0,0,3,0,0,0,482,130.92
6152,64d75a43d68edd4dfe27965e99e85bb575eda705,0,7,0,1,116,11,203,61,19252,2789.01
6153,92ecdd97bc183b939d1e074f23f52f96e6fafe25,0,3,0,0,32,0,1,2,1218,379.25
6154,e8d7cdcc372e14f8a0a664911b5ae6934201e30b,0,2,0,0,0,4,8,3,1362,195.37
6155,cee099e656110e7acde736205b57866887639b9d,0,4,0,0,5,13,67,33,1434,423.17
6156,90d19acd2b4f8301847ef13b4c8a91df3eafc65d,0,9,0,3,95,132,74,21,2482,845.75
6157,5e7aa0986b29edb3325378a83bf02a26e760f857,1,0,0,0,0,0,0,0,0,47.81
6158,ed4fa73ba740026ac0d4297d6a45432dc60d1073,0,2,0,0,35,8,12,2,189,165.37
6159,87b9f647b0478b587019e8c94454d33dae970e19,0,2,0,0,31,0,11,10,957,221.1
6160,71c49878c3669f19f900ec1ffe7652c91ce15d38,7,32,18,4,458,74,751,318,10422,4981.51
6161,a15d75b47af7acbe567d30c865e05f21c5ca7229,0,1,0,0,4,0,16,5,251,107.87
6162,68bdf9eb4e7ef245b8eacc46ddbf94beab86be44,1,3,0,0,1,0,0,0,1039,247.42
6163,14bb84088f65467d2ea0cc828a48cd33e3e6666c,0,6,0,1,60,4,46,12,1169,455.3
6164,9d78fac365418dd781ead48dfc69f2143d3e7eb2,0,1,0,0,0,10,4,2,297,119.75
6165,a3ed7d6fb2ac131da360fdd99d8361dde5ee5b48,0,9,0,0,226,9,816,209,14882,2503.65
6166,2820fc4c6d576bb9543bb627ab6f182f17a5c771,0,6,0,0,27,5,41,22,1295,547.66
6167,2d097dcbf707a7f8491e8fed9a44f5764d73d580,0,1,0,0,8,124,559,155,9729,1285.98
6168,0ad71121d1883b56d364ca855ccda9bb7bfdb67a,0,1,0,0,0,2,43,18,472,137.86
6169,5a3f12dd758918569dc60e2bb33fcf9f7c98c0ed,0,2,0,0,5,6,0,0,107,77.99
6170,818569f6d0bb282eed58c14c9041670ced3905ad,0,10,0,1,588,1,50,16,5772,1967.94
6171,9aac80609718fab8cffe4e839ec6cd669643e3ec,0,1,0,0,0,0,0,0,134,29.02
6172,d3b036920acde7bb04840697eb13038103b062b4,0,1,0,1,0,0,0,0,2184,823.38
6173,1203ee834d709d4710fd6a41daaeb6da48c4d8f6,1,6,0,0,15,63,141,73,7295,1158.21
6174,163e0de98d982fb2188e64bf5e11660359dc1d28,0,3,0,0,30,26,277,110,3693,725.92
6175,042b2ef7df6af8b93adeb936d94c4079153467ff,0,3,0,0,8,0,42,11,3592,536.62
6176,40eb9a51abcee533e67c980cc3b4a0f1d9c86252,0,2,0,0,27,0,68,32,3264,467.43
6177,44f955ed72e532f9e7ac3a98c63b606637d10144,0,1,0,0,2,0,16,5,1655,226.24
6178,6fa9f63394c097547ddca194981779aa9c061317,0,3,0,0,20,0,0,0,2560,487.4
6179,edc53cc0d95e983c371a224943dd866210f0c65c,6,23,2,0,688,250,715,243,10907,2662.67
6180,80ae333272803945e5a44e34bb0370aac30357da,0,1,0,0,14,8,20,4,84,1354.75
6181,87ce36b458350db141c4cb4b6336a9a01796370f,0,1,0,0,2,28,13,4,241,110.05
6182,5b2124b99fee059d3e8ce71e8ac646a9faed84d5,1,14,0,0,145,5,383,184,6881,1363.4
6183,e9e1f8f6e2f7b66585dc58ca561002b4bdee87fa,0,2,0,0,21,2,33,17,536,248.12
6184,5c02fee2814fa43ec385f817f1fd25795fcfc8b9,0,2,0,1,28,0,295,104,1852,318.28
6185,6917821fcd24c6f5b497e2bb17782c5fa528017f,0,1,0,0,1,0,9,1,653,149.25
6186,fd2d73f2ce2282c0e75139077910c35155d7194c,0,1,0,0,0,0,0,0,152,24.64
6187,19187bed0d8fa8250c7a76b84e3a39a420f32bf8,0,1,0,0,1,0,10,2,399,107.39
6188,db605f0d26e5e087c6bded58c4f66e2bbe7d8c1e,1,1,0,0,0,465,0,0,265,229.36
6189,66ea3266cb9209f8a201f169be626ba878d5b763,4,15,1,0,1331,117,284,65,2712,1595.15
6190,07016c5eecd909a6719f6e16c6efbbc19f3f9053,0,1,0,0,3,0,0,0,4,31.49
6191,b02012f6282094b2af2d66ec1973da6082fa48d8,0,1,0,0,0,0,0,0,7,10.51
6192,ce2754daf0e33fd9787eaeaeaa0472c73637ad97,0,1,0,0,0,3,0,0,4,26.89
6193,27bdbdada761a0ff0dc454fc5d21faa7a5e0654d,0,1,0,0,0,0,0,0,87,19.11
6194,632fa4f51dcae82dd342293f61131f424338d0fa,0,9,0,1,36,26,18,7,485,374.05
6195,a8ef2147fad5aeaaf01279230da9c584db6a2337,2,6,0,0,345,24,291,142,4396,1174.1
6196,539165119e0f09b46b4422ac79677f5e95075c80,0,1,0,0,0,0,0,0,32,54.14
6197,3ce97c907156b26dc5acbf7e88915f42b319859d,0,10,0,0,156,32,90,13,7877,1546.74
6198,c0f63bf0c84fb269c45cc5b7e337d72f857d9231,0,1,0,0,1,0,3,0,1373,208.47
6199,61372dfafa35b43be710554e4920e3b6ed4dacdf,0,2,0,0,4,0,0,0,191,68.45
6200,7dce7b79b9d877256046c5e595110a23de9bdcce,0,1,0,0,3,15,13,5,89,1546.32
6201,3f3d9189fe6bac9382eb1e6a5f9547c1b969a14a,0,1,0,0,0,0,0,0,64,25.3
6202,689423981e6ec13ec35d6b5c0a988d1059f5425c,0,1,0,0,156,59,772,248,9678,1347.17
6203,8cd9d3f7ffdd1fa1518e7e836e69585c1412a684,0,3,0,0,7,0,12,7,1285,480.43
6204,71b7f36cbbb41b357babb133b1bf7036c48af317,0,1,0,0,0,1,103,61,3077,423.05
6205,6fd4d64db1c1dedd208d3bbffc59fd5544ec5d54,0,1,0,0,0,0,0,0,728,253.22
6206,befee74df09a5545f196c57cce32a686d39fd918,2,4,0,0,53,20,166,43,4196,1006.77
6207,28b24dbf5ee6f47fbde501f2c9ba6796159b03f6,4,12,2,3,157,9,33,11,3002,1447.8
6208,250e10ecf00e4b1e2536ca943be7e9068d699a6c,0,19,0,0,292,78,122,51,6952,1971.18
6209,bfa69e1077a61668b69f54dcc54609f773f89c93,1,15,0,15,34,1,312,91,1526,1521.96
6210,0772f186f90db378dd6eacd5116038b2ee355cd4,0,3,0,0,8,4,13,2,10627,1390.4
6211,faf29143dd94effc6a7192f8a04a79d38d6382f7,0,2,0,2,0,0,0,0,559,316.44
6212,93779cb1010dc357ae3eb9dab77b35b4a444a33c,1,28,0,8,26,424,132,62,33261,5421.83
6213,198487557d17d53fa9216a3e814b7eb073da4781,0,2,0,0,87,58,238,52,12970,1835.7
6214,691e6544833f0e982d848eef181a80f6cf75a3b6,0,1,0,0,4,0,0,0,3077,391.21
6215,ac247c4304f45ce7766deacb4826907000447c43,0,1,0,0,3,0,0,0,4,35.22
6216,b7b5cb472b5660b1989f58ef32fc479febf418e3,0,1,0,0,0,0,0,0,1136,154.84
6217,05d4e4ebcec1c97e3b4e86e7e1fc0717e5b13d05,0,2,0,0,55,33,31,3,211,207.96
6218,ddc246528486f3280da2101c0872c36308d0bc27,1,3,0,3,4,0,56,2,422,429.85
6219,59cf159a795435b2e72bc0167c7fe85b762a8305,0,3,0,0,0,0,0,0,1145,344.27
6220,513ee73b77a86c036fbcc424bfc5c70da817c98b,0,2,0,2,6,87,55,21,142,1682.8
6221,e57b52b4c19f0f07124e8188569f61246b345676,0,1,0,0,1,0,0,0,1,34.68
6222,20baf490cbc109b17da6b6b1c0fd64ca32314e6f,0,1,0,0,54,10,213,49,1856,307.71
6223,ab04d6a20fa89820b2b970d1762aee37bd7b29eb,0,1,0,0,29,0,16,8,38,89.54
6224,1f9c70e5148add278a1cb9b2186fb9a65d7ed1c5,0,1,0,0,0,1,0,0,6108,842.46
6225,ff25543282532613c9cfa768a8bf8ee728b3734e,0,2,0,0,32,0,0,0,8036,1050.83
6226,6b8ddbfcc8df1867f921ad467ee3c6d3c5c605d7,0,1,0,0,38,0,165,55,631,171.72
6227,e39a19801abf7b2a711883945e8c7a9e3551a09d,1,10,0,1,358,296,397,136,22311,3503.62
6228,ec965fa32dbd7146dba4aec1e12cad30240e8e1b,0,2,0,0,46,0,30,14,2764,488.99
6229,6a282657c1d14aa3bb7b7122f6faa01eca85534f,0,1,0,0,16,0,23,10,463,145.58
6230,f5e62eb0387b94d135a4a67af2c21d3cc4db5398,0,1,0,0,0,0,0,0,12,16.36
6231,826e5532aae16e57cfc82eb4f39a96122a88486b,0,1,0,0,23,0,78,21,426,146.44
6232,d05b7cf096cda09dde20c1e2d81e4bf7b1879247,10,0,0,0,0,0,0,0,0,584.99
6233,a3f0f99d53ab916143c49cb8611f701bfa70e59c,1,15,0,4,346,140,214,81,16484,3034.18
6234,7cf1d0045b3756da1e4e896f2ede158045bcfa7f,3,0,0,0,0,0,0,0,0,143.94
6235,d2b81a967ae92984c21a0e0df17ff8fce0053e8c,0,1,0,0,37,0,19,12,218,122.83
6236,4dff5b63b1fbbb4b0930309d6b93bc2aaddbc379,1,1,0,0,5,0,0,0,167,108.09
6237,cf5486dd3c9e87d124ecb86d4b2434a0cdc2d999,0,1,0,0,47,6,8,4,610,261.04
6238,a77e0468f9a1be37939a5c2cc5ed8030ea1058e0,0,2,0,0,5,0,1,1,1166,317.34
6239,57f40f71ff9275458e743aad0ca460dff2291a4a,0,1,0,0,2,0,1,0,250,96.99
6240,a4dd84b38083864edc2e09e52e208827b82e82cd,0,1,0,0,0,0,0,0,184,1596.81
6241,3287a097e31063cc805ca55c2ca7defffe761b6f,0,39,0,9,331,29,375,78,113987,27021.75
6242,37298ddce7961bb1e18d2d35abe0cbf8c6e9d1c3,0,1,0,0,9,0,0,0,19,62.7
6243,33fa62f18849f130fb14727d390888e7b0e5d09d,0,1,0,0,15,0,9,3,3123,530.35
6244,48f92c31dee3983f573f2e66baaa213a0196f1ba,18,7,0,0,59,62,143,52,1846,1789.96
6245,df8af55a140b5fbfeb31958da82ad7602b70de8e,1,2,0,0,55,24,156,59,854,388.23
6246,56d3cd42a6302769e623df5616fb3e49bbcd470e,0,1,0,0,0,0,0,0,2503,536.59
6247,ef6bf21a27c7192d6c782f0e13e180e8e5463a3b,0,1,0,0,1,0,4,2,3193,508.22
6248,50d5bbbde51700b02959292f88b1d9569b81751d,0,1,0,0,7,0,1,0,1910,391.74
6249,207200459c44ae997ae595125be40241d44c43bb,0,1,0,0,0,7,1,0,1910,238.07
6250,e74eb354f5066e595e64e06cf6fe168e48e9ae77,0,2,0,0,71,8,15,6,2444,605.2
6251,c8b3f9aa08be15546844ef6d5be6871b6d5a76db,0,6,0,0,80,44,425,119,6481,1401.51
6252,29332fbf895ebb02840b1bc43b80e58f2f9f56fd,2,5,0,0,269,93,202,89,3839,1167.58
6253,de9aaf6072424263c7691b9aa1bf61ea1ed2b2d3,0,1,0,0,10,0,10,0,291,118.88
6254,346c0ce44d89ab030400e017f3e8ec6000344a6e,0,6,0,0,97,0,42,15,687,493.58
6255,ad93cfd753276ade6ec346470a83b7b05c60339b,0,1,0,0,3,0,4,1,124,113.59
6256,86685c6d017613f726314097c0d5e20cf608d2a6,0,1,0,0,8,0,1,0,1961,319.67
6257,cd715e7f4c9fc6ff1e5cbc2a2e832aef1b750424,0,4,0,0,10,4,3,1,618,275.97
6258,c399c4ed108c631b34570e1253e37e3075b0e7e3,0,1,0,0,9,4,21,4,56,162.94
6259,f18842e7379060bb2504b0dbae4f4280abba883b,0,6,0,0,0,35,156,34,6526,1293.08
6260,294665acf77c02d27a7a1b5a84a6b21b1e013701,0,9,0,0,23,17,17,11,1139,1898.77
6261,f4380f3b5ea7997185ceefb4315bc2e325c99c9f,0,2,0,0,0,0,0,0,143,68.64
6262,ab5d389ad95518bcde6d0d3f7d9ce6c0ac7b9922,0,31,0,4,290,235,383,62,2277,2180.39
6263,1b459beabb51bc796f20a205b70616091d8ec94d,0,1,0,0,27,41,0,0,1074,189.61
6264,2c8e679429352e6f550e3d9bdfa41860095d4e06,0,1,0,0,0,0,0,0,421,80.53
6265,be1130d567bd3b075fa3364215bb561e221506ed,0,1,0,0,0,0,0,0,2503,461.74
6266,37120b87777c40baf44040fc7778d129cd8a5824,0,1,0,1,2,0,1,0,49,89.72
6267,45163ee4cad0162b8cecf7e8e597fb618c87884f,3,1,0,0,8,0,9,3,251,280.98
6268,7ee7a549a073dfdbc4731f84fa134df4c094f5a1,0,1,0,0,0,0,0,0,729,263.97
6269,a5dc0c09910e84deedf145a8f7350d5c6605b328,0,2,0,0,35,22,189,39,358,191.98
6270,393b382af00013c72c074c79d71b261c3c9e3bd3,0,1,0,0,0,0,0,0,35,17.85
6271,a7823301c3b1190d0766ba189c1bcdfc78be3743,0,3,0,0,201,117,134,45,1684,712.51
6272,366eaceffb819cd984b2cb3b005817feb3050bca,0,17,0,2,326,0,381,176,9889,2473.58
6273,8ebde04411a4ca34994019db75b57ebee9c28f71,0,2,0,0,6,0,13,3,904,521.33
6274,487714aaf65f1e7a148cd13e3fbea6615a335666,0,2,0,0,0,1,0,0,627,144.71
6275,ee5566b75fb69d7a77352f08e70a88a9f9080384,2,3,0,0,69,0,255,50,11928,2035.86
6276,9b376a7b040f99aa9f894343537584d19ab45056,1,3,0,1,20,0,0,0,227,174.55
6277,bd453b8e1d2e2b81bb55779ca60231ea2cfaa80d,0,1,0,0,0,2,7,2,49,80.97
6278,0f7163fad61745276f5b8e1eaa797ba297810780,0,2,0,0,7,7,85,12,3916,780.5
6279,80fd0ec33aad1fa855924a3848e0a097288fb33e,0,4,0,0,74,26,30,7,200,213.78
6280,61a027af3a652f3a324727ec5d603a3cbc32ce7d,0,4,0,0,223,20,193,83,2258,2321.67
6281,3a26cd9b36b5c308e860b8250c1deefea0cdcf94,0,2,0,0,5,0,17,4,5643,852.42
6282,5f039a91094237d0bdab0ce7aba36b26ff834c31,0,3,0,0,15,9,28,12,2719,515.49
6283,a51e6aeaf816bdeea5e91ba3a0fab8a31b3a496d,0,1,0,0,97,17,52,10,291,171.98
6284,a81f53ac17f4a5f0fd68fbdabe7a038b3612fd80,0,3,0,0,2,6,2,1,3568,466.23
6285,36653c2cd4af9815151a2453d1b50065510a4fe9,0,1,0,0,0,0,0,0,230,46.52
6286,748b90fbab806d5bdeec0c5af1704d6ec98bd853,0,1,0,0,0,0,0,0,230,46.67
6287,bef6c9fd2e0fa6cafe3c3aa14d7521d46c5612c2,0,1,0,0,0,0,0,0,230,47.23
6288,5ace1f7839c857902ff32181881aacf799c6c2fa,21,6,9,0,148,34,19,4,594,1739.84
6289,dfc9262842c7405543a7f92efb18a6eead92414e,0,2,0,0,0,0,0,0,551,120.64
6290,b49f02c4c77e7be677aab335a754ab276df6b7e9,0,5,0,0,27,190,132,40,15832,2167.69
6291,1ab23e3b7896bb7085b59105781cb3fd86083f1a,0,1,0,0,8,0,249,122,9933,1336.34
6292,37fd22e6a6a3c49b77fbdb1983d27b335e03129d,1,13,0,0,562,211,308,139,7474,2030.61
6293,34331f3c7b69200a0177f5446f1f15c8ed69ee86,0,4,0,0,53,11,91,25,4989,1063.25
6294,727e4b2d21d6f451a5073f2eaa0241e84225281f,0,2,0,0,99,1,282,131,999,295.66
6295,778c47ccdffa138f4738aadc94a75b75b5055fe1,0,3,0,0,35,17,61,17,770,306.87
6296,0417cef9d5748ed12f5a29dd5d59486ef2e20311,0,5,0,0,44,15,27,5,847,475.7
6297,b13eba000e1cce39a7449b289c659c2f236ce9c9,0,8,0,0,94,12,19,5,5953,1169.55
6298,05ddd21c7e7980e3a1b06d3faa0ebbd358ed472d,0,8,0,0,12,94,19,5,5953,1137.8
6299,e133ec5c28e0ed5082773f00b5bf4d55d2697db9,0,6,0,0,83,23,112,46,3119,912.47
6300,62a51b7451af98eb279ae948046ed5d340233e8e,0,3,0,0,13,21,25,9,13743,3440.49
6301,457080760e6be7afb12100fac03d99fc45419c95,0,1,0,0,1,0,6,6,920,175.76
6302,2ad65f7e3b002eefddfc47edce151d6376a89481,1,0,1,0,0,0,0,0,0,109.32
6303,499539fb62b4aa8908d517816f27a0e4997555a7,0,1,0,0,0,0,0,0,31,41.77
6304,beccce3987ae409c65deb810cd571ba06088bae1,0,3,0,0,39,27,55,16,10591,1506.91
6305,a4b087b18bd5b0b4023bced68c85cf1e16301fed,1,12,0,0,56,27,134,31,3807,1182.92
6306,a06a3703b6b73c996978897f8e5ed74f9b837360,0,2,0,0,0,0,0,0,45,22.7
6307,9d522216972598a38b6750eb9b5d4af1b79cd6ba,0,2,0,0,13,1,25,11,185,118.69
6308,240bfb464631ddb521406eac2348968bbee16c51,0,6,0,0,11,0,80,35,4454,946.25
6309,d9d431cfe96cee3829cf8fbee45c9760f2367a7f,0,5,0,0,24,7,64,31,3299,613.07
6310,6c34a3742035d963a2690f0249a21da92f2196a0,3,2,0,0,7,20,86,40,1766,656.58
6311,857259ed08aaf31e198bdeb25540ec16ef6cc3e6,0,5,0,1,49,3,7,2,1148,444.6
6312,97f0513c4c8ff1c251b1bdd1b84bd238557f03b0,0,4,0,1,119,12,253,94,6489,1111.49
6313,fe3a457d7e6b8b9387b8fc0165d2e9efd9c6b364,0,12,0,4,85,0,255,55,21690,3608.13
6314,9593e46e63aa8f41217a5eeafd557cc6c95e473e,0,1,0,0,21,0,62,9,775,173.43
6315,c29038af9bc237bc82b83abb4f1370017a8cd379,0,2,0,0,24,33,19,2,369,220.0
6316,2ff9c5229d1470afab12258862f801cf14dc2a2d,0,3,0,0,11,75,36,5,975,396.44
6317,39ed52c48d6970e4ae83d423fe6cf5ced914a69c,0,2,0,0,97,1,70,15,1018,285.02
6318,827f4f9c01dab706f247fb3d1a9099a405c67b2e,0,13,0,1,86,14,249,95,7883,1572.6
6319,555acb0777d842e07a04a6224b99cdd502eef494,0,1,0,0,0,0,0,0,338,76.88
6320,db04f3f9a8ecdacc27b5ddb55e1501e0498a1d9b,0,1,0,0,0,0,0,0,31,1446.33
6321,a22e7dd9e9192eb67a6dfbbcf48db05d61b6cbd7,0,1,0,0,0,0,0,0,729,257.37
6322,8b7043626f73fbf5a7c2c3f8db8413a67722fd42,0,1,0,1,0,0,0,0,250,108.75
6323,b054174bb0eb8b692cafbb30194236fc75486e60,0,1,0,0,222,0,3,2,289,164.18
6324,1a7dbe06c7c13e822852e9b0ca619cfd989448f7,0,1,0,0,0,0,0,0,31,44.48
6325,24f7d2473c64053247c539af41288cf0e9110917,0,5,0,0,82,47,75,21,1522,470.92
6326,35278429d9677b0878a4523ed7b03a5016f81e1d,0,2,0,0,1,0,8,4,1888,331.41
6327,cf398881ca3f264ac1f6337ec165f82346356970,0,1,0,0,0,0,0,0,31,42.04
6328,1db3debcb564c60db872022761b3ac4862509694,2,6,0,0,144,75,65,26,1135,466.21
6329,213efd70b389dc0a122ec8501888239446a22d1e,0,2,0,0,159,24,254,59,2188,416.24
6330,15c53c4c9b199b03fd308f30502db54305befdf8,0,3,0,0,7,0,0,0,811,175.66
6331,8f3b312e049c3892b3fd80e009b2c1aa8869e8ea,0,10,0,0,42,9,53,9,3564,888.04
6332,8411ea5675c3dc8488ce08a7a8245e35a20d07eb,1,5,0,0,477,221,352,131,13653,2214.91
6333,d67d52c8d56d41f5d8ca5c605ee10373dafb5bd1,0,3,0,0,2,0,0,0,395,104.35
6334,dcaeeb4722553f3256c9d3f5282cc82cae7bc9b4,0,13,0,0,29,34,66,25,640,573.73
6335,a2bbf7925ea84f322ff336851203e656ad5afd7a,1,2,0,0,11,1,41,2,366,227.97
6336,3e5e77d1f12e52796ac34d32517b09e5887cd695,7,13,0,1,356,71,120,35,548,970.54
6337,3963c729fabf90009cb67d277d40fe5913936358,0,9,0,0,130,60,51,22,3426,1142.07
6338,14c72c68a87260cca11a8ff14060a99e2e3d60a4,0,1,0,1,12,0,0,0,0,38.01
6339,ccdc92501d9847d904ae9fdfea06936babe60650,0,1,0,0,0,0,0,0,729,274.47
6340,0d39a81c1177093312133504f5026f63fe06d08a,1,1,0,0,0,0,0,0,691,1634.7
6341,5eebbdf7c5750b31e1c43fe576fc0ab728bce05c,1,6,0,0,111,60,162,76,2264,889.45
6342,7b9540e48be1d896c8229564e49f5803bbca6a27,1,1,0,0,0,0,0,0,691,205.26
6343,b4302bb7ad967f15ca1b708685b2ac669e3cf037,11,64,1,27,273,73,314,121,9127,4118.5
6344,7765e90aad44747860b3c1adbe8a4857d864912d,0,7,0,4,185,160,22,14,1519,796.99
6345,3cbc13e92b9c22fabf9eac72eaec9352eb9b43d2,0,1,0,0,7,0,51,17,266,105.06
6346,72349bb33988656ad43afdc0c7556532ee0dadbc,0,10,0,1,116,69,28,15,2595,604.77
6347,1a1d6ca1bc3ae840238dc345fa1eb2c7c28c8cb0,2,1,0,0,0,0,0,0,11,99.37
6348,94d499183071b0bbaa60b54592758f2c291dd24a,0,1,0,0,0,0,0,0,1048,190.81
6349,a99be34a0ef668babaae1ef0dfbf200e259bc907,0,3,0,0,34,7,13,5,994,421.9
6350,af401702847391ab41fcf2ef8216a94a1b7bfc76,11,2,4,0,0,25,4,0,67,565.98
6351,0d7015468611c485c01bb80cdbe4c89e4e68b680,0,4,0,0,303,163,286,59,6301,1019.11
6352,54bba9cbfe991f08b295b2dd0874414770630ee7,0,2,0,1,15,9,10,4,717,246.39
6353,64bea0354fba2947e4bc0318728f5419e5d763b9,10,18,2,4,484,273,526,219,20450,4946.66
6354,877757cb9fabd666bf21ed902183c5b10d341d73,1,8,1,1,550,380,464,201,3008,967.09
6355,5258c67e9558bd2d98e4887d3dd8e3eb8aa5d763,0,32,0,18,896,45,284,104,33884,7110.47
6356,f4a48fdbbdbd56aa0e5765fa899361f0669d9865,0,3,0,0,385,371,444,188,2885,674.46
6357,c049caceb73fa0701b81c8735b6a879e37eaafd0,0,2,0,0,135,45,1,0,3208,497.22
6358,83d8d4f159edee28497184047369159e2ef28b8b,1,8,0,0,313,97,169,56,6145,1234.4
6359,6dd01360ab31ae3635b3e5e97edce415e198c156,0,1,0,1,34,0,11,4,272,181.22
6360,bb777512f9dd3efc0590b960778fd7ca2e3bab21,0,2,0,0,0,0,0,0,284,1337.33
6361,39b4f9434f4fc5e1dca0df8ee3d98d86347efcf3,0,3,0,0,103,0,8,2,9687,1300.47
6362,b789aebcfbf19d7b0fd6c2d6643adfd5a8de5f12,1,8,0,0,36,70,45,7,4138,865.63
6363,840dd431f3772772fc57060e27e3f2bee72a8936,0,4,0,0,1,0,14,11,1870,368.0
6364,ad597b026aac5b534cf7fd4ec245dd0e57d8ad98,0,1,0,0,0,0,0,0,831,225.74
6365,fc18e4a19e348690bc4b2a50aa383b0cd46022ce,0,2,0,0,240,0,9,7,687,304.34
6366,5aac80513d0f1ac931715bf3c9fcbeff830a458b,0,1,2,0,0,10,10,3,31,108.17
6367,961224cd6c0a7ee456b470a8990f8843e6e2b449,0,2,0,0,2,0,18,10,78,128.42
6368,10f4eadd5934c4bfa575c40c98abfe6b6e148d0f,2,14,0,0,677,36,371,90,10625,2843.2
6369,7ae4a2c81a7a3a22ab2df2c5f75638e3f5e580f0,0,2,0,2,0,0,0,0,650,275.51
6370,dca389b067a36f0a3bf28743fceacdc144c34bcb,1,34,0,0,84,206,299,39,2319,1327.33
6371,52f94b8f1dd99950f9323a6c2a5e3a694db46269,0,1,0,0,25,25,0,0,381,136.26
6372,d813b487ae4c04661a239a3a6b84444a9bae12cf,0,4,0,0,10,13,1,0,356,141.31
6373,240da840334c282ebc62e1208a4b4822b0823079,0,14,0,0,75,0,38,9,2225,534.12
6374,e55ccd29108f400c17f2d80d81278f81be128f9e,5,0,0,0,0,0,0,0,0,113.8
6375,8fca02e584533db77b7f1ea7a79bfba3e81ac1bd,0,1,0,0,2,0,2,1,403,117.64
6376,156ed46a35a0aa4b2e4f8a05049d966d7894d617,0,2,0,0,1,0,2,2,3934,717.6
6377,6fbdf374888ee03ff73a4b04dfcde496f954c458,0,5,0,0,22,3,103,20,3509,794.2
6378,1225ca9ccb4dad216c47d94180a7391cfe6eb089,0,2,0,0,18,0,57,27,2347,367.63
6379,c737dbd8f1db679e20c04b2e58808ce3dbbd0710,0,4,0,0,9,16,30,10,1164,324.07
6380,1fe471d31867fdffd8fd62ac5180a9377bef13e5,0,3,0,0,12,0,10,0,40,1412.64
6381,c392bccdb42e03bd1f29abb6ee4d6fb93fa50d48,11,26,0,1,6,19,103,13,2398,937.24
6382,80f6ab188640f4e3948e674b1886812d864bbf0e,0,1,0,0,0,0,0,0,45,19.72
6383,9389a5afaa154b1501798f05ba9633a25d5533c0,0,1,0,0,4,33,171,83,2520,402.77
6384,61a57e9369b5074b6b3edcbda96f0abad9bf4555,0,2,0,0,0,0,0,0,769,288.66
6385,ddf3b6cd041a9eae67e70074cc1ab7c6bd413613,0,43,0,3,351,342,584,207,18614,5216.57
6386,0fee288e0ced19c8f3849ae6279dbf7dd2d38f09,0,1,0,1,17,0,10,4,103,151.18
6387,e579e0683622893103a740d8689071be1106964a,0,1,0,0,0,0,0,0,34,45.98
6388,0a7cc714fe9872c9dddb3601d4b9fc8ddbacb062,1,2,0,0,33,0,1,1,340,217.65
6389,dffa3a16588bc8e95b9d0ab5af295a74e06ef702,0,4,0,2,96,12,79,37,1150,373.33
6390,de7b3a5c3c6d2dd74eb2c27c0476fc5e82807284,4,10,1,1,66,55,100,35,10630,2329.45
6391,a070a9dc658301b3224793d7dcaf02a4f4bc8606,0,9,0,0,138,40,54,20,1086,706.42
6392,3cea8609e9c2bc3eb39e12da7df95781620aa106,0,2,0,0,6,21,5,0,341,134.65
6393,073c7abb196b475d23e4b09305ecb6821af42d4e,0,1,0,0,0,0,0,0,729,273.81
6394,a217b814de51ba135587410362bfccce4f751003,0,1,0,0,0,0,0,0,256,37.97
6395,4c74a739619683cb21ce1f42398bf78b9abb68b0,0,1,0,0,88,2,61,28,652,184.63
6396,f8f3f415e832e267ba94e9a10afd0e869afd6c7c,0,1,0,0,0,1,2,2,18,61.22
6397,b784fbc8b8614bef96ad6c9f65f28f43700a7077,0,1,0,0,0,0,0,0,152,33.26
6398,b3c2011ede676a714b633c7a84b31e4d2ac07d8e,0,1,0,0,5,3,13,8,552,142.88
6399,2d3f30bfb20709d9b39fdbb5d822a7fe6f378f53,0,1,0,0,0,0,0,0,2338,385.18
6400,3e9814377c8f86d555bbfe9180ce50f0f5540717,0,1,0,0,3,3,0,0,6128,2100.16
6401,75c6ee417faca1f5d938f3928fde742738e5d62a,0,2,0,0,41,0,15,5,294,178.1
6402,4117a8b31b5b9d5635e7a2a2c2a59d4a78d91e69,0,2,0,0,31,0,4,0,639,244.67
6403,8e30b5e029570407d8a1db67d322a95db705750e,2,5,0,0,25,1,54,19,1080,487.37
6404,01ed46b4bb1ddc46c13f3daf3678e887fe74ee5c,0,1,0,0,0,0,0,0,36,47.01
6405,fa512bbd9c3d4f12976d9b9d4e9d699b429922cf,0,3,0,0,489,244,60,25,1966,640.63
6406,84466610139d8c97a4d26d9a691fd115c8abe4ce,0,2,0,0,12,3,7,3,196,148.43
6407,83d1fd23a22ee96dd2c464d67303eadf31194454,0,1,0,0,0,0,1,1,370,98.0
6408,d8c500b896daf4c63b08bb4788fbc5ee374292b8,0,1,0,0,19,0,20,0,131,91.42
6409,706bf724ee24c4e88561b677793eb98468abaec1,0,2,0,0,41,10,32,12,3355,537.58
6410,f5618d9227e5f6e643aaf9d8d625dc1fc42180dc,0,2,0,0,3,0,4,0,477,153.62
6411,b101af1d0563fe2bbe41f5e9f38ea575e1e3237c,0,1,0,0,2,0,1,1,585,128.5
6412,5f742cfef8a29e92f2547c5fc9f45094fbc1fa1f,0,1,0,0,0,0,0,0,0,10.51
6413,b91b5f956ce68043fc516d743e0c7ee1022be332,0,6,1,0,62,37,195,54,8409,1459.27
6414,e103abc3f6807576663a3b4c49b3dc5f9b1c0a64,14,1,1,0,0,0,0,0,143,640.8
6415,d1e219ddd2ffe72e670f1fd3a7ed1d96fc25f358,0,1,0,0,0,0,0,0,2,9.85
6416,8d084d676539b6ba3b9fd46e86505cca4be95b43,0,1,0,0,7,3,49,24,364,125.39
6417,881e291246a367f0a413da3bb13be410923a37cf,0,1,0,0,86,13,103,52,738,195.89
6418,b5b6371275d60d0fa7d843d90cd12984bef86fca,0,4,0,0,28,0,3,2,221,117.96
6419,e8e0396c17bd126e116d0326279ed6da91e9ea37,0,1,0,0,1,0,25,4,150,104.88
6420,64930f8ac23c958391dff5405e51d148b039c079,3,1,0,0,11,189,35,6,8664,2762.05
6421,c7b5454aa57edec171f7f254b6e342bb4b9cbb82,0,1,0,0,16,10,5,0,20,89.19
6422,4e415609ce333fd17c1dd5d4bf44ca9a3897ec42,0,2,0,0,1,3,4,1,116,119.78
6423,4d9df0fdf4f31adceacb67195497deddbf624103,0,3,0,0,28,1,7,4,9538,1379.72
6424,867a187bbd0b4d9fe8b567d8eb8e5a8fcd6afa9f,1,2,0,0,2,3,14,1,538,259.79
6425,5131046ca795ecf958e4e24f163e6014588c2222,0,1,0,0,14,2,5,2,268,132.99
6426,0d200d23c8db5ac0805ab5db953434b96b7bf9fc,0,1,0,0,35,205,245,38,1005,261.53
6427,691c4cb0a9727a14f9c7258829c42612439d22f0,1,3,0,2,23,0,1,1,607,340.42
6428,4d8320d467d30e4e125a3304407415885670f9c7,0,12,0,7,200,0,101,38,18859,3439.96
6429,ac73ad80b903a16e38958e04ea80bf52c5b7bdf7,0,1,0,0,2,2,14,3,182,122.18
6430,b354ed423f9858d065f31f3bc53b815ffba14bbb,0,1,0,0,1,4,14,6,2893,390.42
6431,b3ef75eaa1e828f8c80d95ea7c32abcd1f000ef4,5,35,0,2,507,477,690,248,10601,3615.7
6432,e92df8dd6aae2dffa24cabbfce343704a7fe9a04,0,1,0,0,0,0,0,0,37,14.61
6433,dcc8950164db00adac982d6764bbd8fe31e6897d,3,4,0,0,4,628,5,1,515,516.36
6434,cb9d5ccd87997985b4623369247aead32bd91390,0,9,0,0,78,43,306,87,4891,1175.89
6435,305e7887e542b680ba41e32c49dab3a18a84e68a,0,8,0,0,105,55,221,61,4632,1154.56
6436,a81e8de30b742c26c8ebb21eeeb057d52fca9b8e,0,8,0,0,0,99,209,56,4638,1264.04
6437,28db173b9c24991e184fdf69625d932294a15d15,0,6,0,0,78,0,186,46,1942,627.66
6438,fd3498b33ab95ad163728759a88afa945b4a9010,0,1,0,0,1,0,0,1,433,123.58
6439,1fff171c60647ba70d4fa8d7c7d52ca644700803,0,2,0,0,1,3,11,6,2475,529.34
6440,4d5d80609608521db3d12916f9900b88a94aff94,0,12,0,0,0,119,59,24,18940,4635.2
6441,f09db52fdd3e1fc4ebadc41c36b8347b9a5723a5,0,2,0,0,14,0,175,100,751,232.37
6442,67284b0cee30c28c6d80099769192dff08e4fc63,0,1,0,0,30,0,15,6,2563,360.97
6443,ccba23f1a44217c90df0038e35a3ee50f2290a9a,0,1,0,0,0,0,0,0,248,36.06
6444,a71297852836e291e50a2e5019f5e760f8d6136a,0,1,0,0,0,0,0,0,578,78.71
6445,34c8ca432c5802192ef07d92ca81e5eea22d6c6b,0,1,0,0,0,0,0,0,833,137.91
6446,dfd63d97902b359e1643e955a4d070ac983debd5,1,5,0,2,235,34,194,83,9692,1914.33
6447,2385361ef33ff81760115cfee4de31ec18afe2f3,12,1,2,0,0,41,0,0,4,717.82
6448,eba9646b41cc1306b7c5b0f67dcf2853e0b8171d,0,16,0,2,351,31,1012,356,24738,4525.43
6449,2ffca04a8b58979b4995a5a6eb264f8f59d9b425,2,41,0,7,708,24,798,187,38685,7473.62
6450,a7e704c679a00db68db9b9f921d133d79a32cfcc,0,22,0,2,251,322,214,83,12220,3111.41
6451,1327d47a5d325179420cc2de15f7535bc9d10040,0,1,0,0,22,45,50,14,477,217.98
6452,6fb264e6ff4e19127fed032638364ab1ecd7b0ec,0,1,0,0,9,0,8,3,267,122.83
6453,20d9306e954c0cbefb0fe6dbaaba95104b922ea3,2,1,0,0,0,0,0,0,693,169.09
6454,fd92d88655a93673f4cdebfa4bd46d059ea57e9c,0,10,0,8,27,23,9,6,3368,959.37
6455,a3bac4d7e508268ff9855e16e965e364a3ab46c2,0,2,0,0,24,8,33,16,134,232.66
6456,698206a293cadff81bfe5d9874b3a1ea3accf3bb,0,3,0,0,9,0,6,2,9571,1370.25
6457,ce654250b5b2e183886cf642806b3b33d8bfa5fc,0,1,0,0,13,0,13,8,128,122.63
6458,dfc4b8edbd1ad8c394634c67fbd1f06ba03e4d7f,0,2,0,0,62,0,37,17,3804,643.53
6459,4271bbfb02ae81901b1b44e15e0ca6bd1407de9d,0,2,0,0,3,0,10,4,238,154.05
6460,5634140b2beacdac20ceec8c73ff36bce5675ef8,0,2,0,0,128,3,34,9,262,1675.0
6461,f2e10f26e89eb147d93944762dc442dacb957c60,0,29,0,1,79,8,71,17,4113,1690.85
6462,02a688d78a39bf5628351e52d95e9c0c69344927,1,12,0,0,272,48,76,24,6642,1751.61
6463,91761b8a5a7c641805fc75f14fd5e3408334da37,0,1,0,0,1,1,6,1,49,80.04
6464,ebd41526b9433a196ae0f934bc466cb5c155a202,0,3,0,0,24,24,31,3,546,271.19
6465,313e49f6b706555a16288fab50c79b7aedf7ba77,2,12,0,0,293,1,131,57,7892,2090.67
6466,50cdbe24fe5ec026023ea585589ee51460e79ffb,0,1,0,0,72,0,29,10,699,199.73
6467,269dc5dde1e8290da93f204f2bb951bd4af40098,1,1,0,0,3,0,4,0,833,288.98
6468,8a50f1699ab36d5357edc7372539d3ed5bba1dea,0,11,0,1,0,0,0,0,3755,614.31
6469,980a45c04aea7ba1cbff796504b0a99872cc1088,0,1,0,0,2,0,3,2,1051,318.23
6470,07b76f413cb174413f0530a6aae5ae442a301b46,0,8,0,0,45,26,108,61,8130,1682.67
6471,0223cbf15ae2b27d4879627760a4dab4d7cc713f,0,15,0,4,1160,228,387,116,22222,4546.2
6472,4ddc9de90b6de032d77709c9631ab787cef225d5,0,1,0,0,0,0,0,0,55,27.47
6473,922b155e85e9fdb5bcc27ac5874503483a591021,0,1,0,0,0,0,0,0,2759,286.67
6474,77003590688512f5a62349868b62e4ed66075184,1,2,0,0,64,167,110,48,3318,698.47
6475,793f192de238874d32d4c2f5137e97ebf048cc70,0,1,0,0,36,20,319,92,9904,1632.78
6476,4cf320fd871a6def225c5e3dfedde6a52a15f7a3,0,1,0,0,10,2,56,18,3346,562.2
6477,69a7fc5955ceac1245233c0d297929e730750929,0,1,0,0,103,10,105,33,887,249.07
6478,8b2b4f14eb8ae488dfe3c3668e2a936d2c76d499,0,1,0,0,1,0,8,4,36,87.11
6479,02d35510b93068aa42020fe756eeec9496880959,0,3,0,0,17,0,16,7,809,340.75
6480,024887b4f0ad5f7e9d4135564ab2880411b89c6e,2,1,0,0,0,0,0,0,693,1685.22
6481,aaf01ae60bb987965a45adc243605e625fd39140,0,1,0,0,7,0,26,8,330,160.06
6482,729b9eaa465ea944a0117150c48a1fcac960f925,0,1,0,0,4,40,2,2,69,142.79
6483,104fa19a4a45aaaf7fae929c92e99977d1796a51,0,5,0,0,41,0,1,1,9040,1464.88
6484,acec83f3b7718250e6317ec5890a5ad7a014f10e,0,2,0,0,58,0,24,8,347,171.83
6485,a8bd1eb09e3feb10d68075c6bc676ec333f498da,2,4,0,0,456,81,184,55,1466,868.04
6486,c45751fb4029009e08f6389c21a68c3ba26ec6de,0,3,0,0,55,0,4,0,1122,426.75
6487,4b8ca415888880818bb86000d714e5c271e5c5fe,0,3,0,0,11,12,17,2,258,199.9
6488,66533e2c4ed3f00f4795c1ffa9bed4c1a7aa6bf6,0,40,0,1,471,238,336,93,12411,3136.82
6489,3e9614eebd19f9843b28d97aaee1c3dfb815fb3d,0,7,0,0,123,29,129,35,1850,734.27
6490,7246b1312380223153404558ec67e241ba1c0808,0,4,0,0,19,0,19,10,2234,578.42
6491,77b9c3c79953121c19554a7de6953a6e21de9db6,0,7,0,0,9,62,33,14,1911,553.7
6492,7ae96569968f70a3e9a32eaae520988a5bd2e375,0,5,0,0,81,1,35,1,1182,305.56
6493,a94c0306f48215d96be3b842525c4341772d26f9,17,6,5,3,0,0,0,0,318,1277.87
6494,2655eaccd2246c8b5b8df9aad7b93a0ffd94ade3,23,16,6,1,119,400,644,70,6548,2636.37
6495,6831b081adca10ed1ada322a3452bf3ea32e8924,2,1,0,0,0,0,0,0,693,218.56
6496,8b2c6f0cf28bdd7ce3fea5c4b191910064cae1c3,0,7,0,0,62,9,33,16,1911,595.29
6497,f51f108b761f0c88647f48f30447dae12b308f31,0,1,1,0,0,12,2,2,81,99.5
6498,7b74f642e849cae4ea872045ff0e49e039c7a147,0,2,0,0,2,0,0,0,65,48.61
6499,c1e5fa3d80511ac625476b0a9c454783bd6c4ad1,1,7,0,1,525,505,574,226,3694,1114.38
6500,125288658938dcfa1fe8c144dff8b1f800b1bcc4,1,3,0,0,2,0,0,0,45,1354.12
6501,911e1eb4b09bb369dc1962396bdd92617cd2e63c,0,2,0,0,471,475,424,193,2752,609.57
6502,3113f89b1f3c91f2454cd022fc3e262b75028356,0,2,0,0,0,1,0,0,292,68.1
6503,8c44806c4f2316b973ae48e9292250afc40c44e4,0,2,0,0,5,0,11,3,3952,736.22
6504,9bf0cfc9f9409c263eb108ee62b6b4ca74e8f8da,1,10,0,0,71,1,239,90,16558,2681.61
6505,9f2f101feec4283f020b72b918e0961215e76789,1,2,0,0,5,19,10,3,956,291.64
6506,fc3eefad503a2cca4796703ff7debf9d2055682b,0,1,0,0,15,1,10,1,46,97.61
6507,6326bee3a1720a76706ebdef796cc4ab0bdc1d43,0,2,0,0,5,0,2,2,10286,1390.07
6508,1a37d051e9469389406e32656775119edeed24bd,0,1,0,0,14,0,9,1,24,72.22
6509,63bc9623f28045a5d57232ce410d6ff55b529d41,0,6,0,0,44,4,29,15,1378,544.88
6510,d7a4872ebe10fa15fb7b45d1a567c400bce4335d,0,2,0,0,3,1,3,0,3560,513.84
6511,bfc44ff83b38d3ad4ce3cfadcc69ebbaff23e974,1,6,0,0,19,16,7,1,161,282.34
6512,c3939dab9c7d9429464add3e95741de76e78a3ab,0,1,0,0,5,0,18,2,56,77.36
6513,13938db46ff89fc4a425854b4795df604ced8ba9,0,2,0,0,3,0,3,2,1022,355.12
6514,8844ca04634a88b70bc04192fec76ccc76eb9ea0,0,1,0,0,29,0,5,1,1966,274.47
6515,b2aa6943b561a3b7691bed9fee7a1c337e99b253,0,1,0,0,0,0,0,0,163,33.22
6516,bc79adfaa7ee26e489a139e822616967a39396ba,8,1,1,0,0,0,0,0,0,1097.76
6517,23ab7f2d5cc6fc7c7975235fcc7f77cde47e381f,0,5,0,0,66,0,76,40,13282,2025.41
6518,2b181dc7aeccf3d92968e68be0d3a9aabd0350e2,0,3,0,0,0,0,0,0,800,162.88
6519,447f03f6e91003afc4e653e7602d2222ad5468eb,0,2,0,0,0,0,0,0,129,35.42
6520,741630c1b81cb6928b935e3ca8c0bbbbed46838b,0,1,0,0,76,8,54,19,477,1532.51
6521,c2796347fa5fcf524ba751e0b5b5aa19c65fd3c4,0,2,0,1,0,0,0,0,642,109.31
6522,c3ec20dd4f5b5fbde4007041844f6aed8c262ca1,0,7,0,0,17,0,81,31,4202,1003.73
6523,b01258b7a592033fdae4dc2deefe2e2f5cfd740d,3,0,0,0,0,0,0,0,0,201.3
6524,d07cf0d46d805738c034c24f7df978beff9f2b18,0,1,0,0,21,11,45,9,126,131.24
6525,10dfb151e9f2dfbdb4de254a99866261a922c479,0,11,0,0,390,28,299,156,2695,1146.4
6526,6d74222521d2a1333990b9b3577ec9a7f7e619b8,0,2,0,0,31,2,131,35,10667,1629.34
6527,a7cd99d8c20ab4b38487fd84afd36d1682310b09,4,1,0,0,0,0,0,0,693,390.91
6528,b389484b094ef1d2c8b7ce079f52e52ffb638b32,0,1,0,0,4,0,2,1,45,73.66
6529,7af186a6c134e83a4ca3dc705035d635df574b7f,0,4,0,2,2,1,8,1,988,330.57
6530,1e58bd2798285eb9d83b1cf57c56cdd6dd6bf8ea,0,5,0,0,38,1,127,21,4584,801.9
6531,470e9662da2aaec68cd7b9ea0e5a555aaaa111f1,0,1,0,0,0,0,0,0,36,48.57
6532,559efeabc743d95777e911901603b0b14ef98fb5,0,1,0,0,0,0,0,0,137,30.58
6533,6f18bbbc2e030ce7d446b2475037203cbd4f860d,0,1,0,0,42,27,56,20,222,131.19
6534,422578ad9888fccb96bb5b829ffa6ddb6e9db6d4,0,1,0,1,2,0,1,1,269,172.78
6535,b975e12c9a44e674c874810606094d8eba6d7a6c,0,1,0,0,0,0,0,0,9969,1339.24
6536,82feb0265f291065e6c7b26695c984bf9cb63cde,2,3,0,0,5,0,59,3,547,284.76
6537,34d2bda8ec52299b5fa398648ddc1ce40bd94182,0,1,0,0,0,0,0,0,693,133.91
6538,d2bd860fcebd1975cf7d2d3c0fffa7361eafc0b3,0,3,0,0,386,350,302,145,3607,879.98
6539,f4c5dae1ed26cc592d0692e3123c182da6d4128c,0,1,0,0,3,0,0,0,437,78.82
6540,ad3497995b805f78b1e4c51a3dac9bbd9460e47f,0,1,0,0,0,0,0,0,900,1385.99
6541,4da9d0547f4f29a21f1332b232ef307f1e181e02,0,1,0,0,0,8,9,3,2969,383.3
6542,80a323f4855cbd1f90b8ffc41bbd64df0cec1619,6,10,2,0,35,854,316,47,15691,2793.43
6543,2fcde8ef6adf75f7ab4684629a8cf807f054e243,0,68,0,12,7,17,35,13,5862,1820.86
6544,e8ca5a27c8c1ea29b5b0b518f0061f10626a25cc,0,5,0,0,35,41,208,101,14724,2243.94
6545,a500116daf9ba0a753226836dd7b49d883e1ca18,1,3,0,0,40,0,24,10,307,224.3
6546,bf6a6102dfcc8f1eade23e25f5fb6940e2f6aea6,0,1,0,0,7,9,3,0,167,90.54
6547,cc7f387b4282a48f26f3506918f818e4df3eb532,6,5,0,0,5,0,46,3,1355,861.71
6548,6e7e2992e091a15ade49b5e2d8547029f93f5ff3,0,1,0,0,15,0,0,0,0,35.97
6549,11e43442d46aa14d37d9eb9af53fe0311e345f4b,0,5,6,0,0,5,46,2,1355,598.09
6550,6a9e17c65bfab86118cf8f5c0ef969d59babd83a,6,5,0,0,5,0,46,3,1355,856.87
6551,dfa1fc98c7fa7430bdabb00512bfc4371b5529af,0,1,0,0,20,0,0,0,198,68.65
6552,d200cb34b99cc24c5a971f3937ba8b407cffcae9,0,1,0,0,0,0,0,0,9983,1245.01
6553,d519c9c4cba4a1f8dae5ffc2bf685464f1fe9a24,1,5,0,0,89,0,323,122,1340,422.21
6554,7c35779cceeea72d00611a4b25808eeb2f3fdc31,0,11,0,0,369,31,244,86,2227,1125.08
6555,8f7f5d17a7c8bcdd6b019f822c98c2ecb1bba735,0,1,0,0,0,0,0,0,206,53.77
6556,bb71ce5f54b07f74db9ae3f2dffe54d316107d52,29,28,5,9,42,307,232,20,5220,2477.58
6557,b58d50cb73a1f79a5d079e0a2c5ac33d2efc33a0,0,3,0,1,14,1,92,37,3889,624.59
6558,313eb24d054116d1b020127017aa11aae906deaf,0,3,0,0,1,8,12,1,3895,541.33
6559,5a57d462c0813a39c8efe69557fbabb98073146c,0,2,0,0,2,0,0,0,566,128.51
6560,d7fbd639ff0188b0e5d22ada50795b1a0784a0be,0,3,0,1,0,0,0,0,275,1396.26
6561,d18a6ef60c03f494fa2737b032b9605e69fdef11,0,4,0,0,52,18,28,0,799,228.38
6562,b5d95ddc658d937cc771bfb96df10fe122b03751,0,2,0,0,0,2,4,0,130,89.65
6563,b1d9a21ebf298e2af2708a90efc2fc548da89085,0,4,0,0,14,0,46,18,5169,905.66
6564,a234475faa2cab2606f2a74eb9ca071f006998e2,1,12,0,0,47,48,101,38,5757,1634.1
6565,75f86e1fc5ec6d48226fd1a23b49a29d6188f410,0,1,0,0,0,0,0,0,36,47.53
6566,ae82715f1014c4ed514441311b61ed1891e2a12b,0,2,0,0,1,1,0,1,503,167.89
6567,7ae14d1090f22f656c3955aab59396aeeae232ae,1,1,0,0,2,0,5,6,900,262.75
6568,46f45e3d417eaede320b1088a37721db5901267d,0,2,0,0,39,0,16,7,772,396.65
6569,a2ee46d8569a72cdc1a282c06dfd51d9111c0715,33,16,7,0,12,206,22,0,3993,2067.41
6570,341fc33b68192517ec3d67027433817b063642c9,0,12,0,0,71,123,218,66,1872,1132.39
6571,aebfaad137226a69a7424c9d377625963e7e4fdd,0,3,0,0,11,1,20,6,3895,570.81
6572,c5e6608246754380dd0de20be72b850fabe60df8,0,3,0,0,682,384,516,99,4328,974.53
6573,af97e841d2ce091670c9a6554c8c92f963e79806,0,1,0,0,8,1,3,0,10,71.59
6574,1ca65f691b9511b63112dc7229cc82c8ddd93135,0,1,0,0,1,0,13,10,2538,394.94
6575,47aa61ec8314334fb695572204caca28869fc88a,0,1,0,0,157,0,26,16,271,137.82
6576,a32b93cb016702b9496fc791e39a4ed5203c00a2,0,5,0,2,88,6,291,131,13886,2257.45
6577,2b7e99708f546fa7dbc4b6dfd3a9fcfe69b186dd,4,4,1,0,13,134,23,5,190,485.51
6578,86a7eb7730b224f038ff48286cf5d9009ba422c5,0,8,0,1,301,190,253,49,5446,1363.85
6579,9a0692330104d610e8102f509f061a2cc8498e18,0,6,0,2,55,136,252,114,2341,739.75
6580,86a15600ae610e1c6017019883ef9344585572ef,6,26,0,1,40,500,91,33,1828,2864.92
6581,cdf8d8b7984dbb20b4f3153e0ecc829e03a9cb69,14,17,5,1,193,281,698,284,12049,2939.49
6582,198ab0e862cdf33e8dff37bf24676ffcb392ed82,0,1,0,0,0,0,5,1,1065,194.54
6583,fcd4721591e0ba7d9ba24821f9528dadb7ec16fd,2,6,0,0,672,0,90,27,13793,2141.94
6584,734cc2c6a80b99b7c692b20b0df7d7d59cbaffd5,0,1,0,0,0,4,78,37,1235,222.95
6585,143ea9663249a41de5aae3dd0987df8fe400a906,0,1,0,0,2,0,42,19,344,116.38
6586,9cdb55315c3eea41e9042fcb9e3b63f7b307533f,0,13,0,0,126,4,161,60,31018,4419.54
6587,728b385083616533c3825375e639117115aa6489,0,5,0,0,17,0,0,0,769,218.29
6588,669a9ba82d67aba268c42fb8cded53ceec662390,2,2,0,0,1,0,0,0,1077,440.04
6589,eaf96cad126e02ccfd37af9628cdbbc2f188c880,0,4,0,0,37,0,37,16,1116,459.22
6590,cbd8c7bf7c32010a6c4de70e0ec76d1af606b18f,20,13,1,1,117,351,308,58,3987,1921.99
6591,49c67a1d6ee330252f5459932d3e2b34548a2f59,0,1,0,0,0,0,0,0,189,40.76
6592,c28061576b326fc5d3bd3ab020f5c7b2921a64b7,0,1,0,0,0,0,0,0,152,38.1
6593,10b6d70da1442cccf533bc97f56a622ec9f39661,16,2,0,0,0,0,0,0,100,730.04
6594,c440236bc7f9b5c62265e8f62d930376e9228165,0,4,0,0,2,0,25,12,1153,420.75
6595,636890f7d8adb68c5da61bbda5e8482cf77e9056,5,0,0,0,0,0,0,0,0,78.47
6596,b386328d1378e97723965375d0c33d37bbe7794d,0,1,0,0,3,0,28,8,227,100.55
6597,7999a4abee6f2aad0de86788980588e60812cac9,24,22,0,1,102,269,329,131,17466,4080.03
6598,c66ed72faa42d7a58d2c4fb5b0019ace0962c456,0,3,0,0,60,57,18,8,3361,578.16
6599,e7f2fccd72f325e7cb94a15c4d4b6733a72662a0,0,4,0,0,25,1,25,3,1450,517.85
6600,dc53d04f43f6b4728425e9c9a0fa5899153489ab,1,3,0,0,69,520,57,33,8765,2859.56
6601,ec3779978797051fdb345172536aafcd50f1b4ae,0,1,0,0,0,0,0,0,216,51.43
6602,9c00ee0d3043a7fdb7576baf8aea0805439eeb0a,0,2,0,0,3,0,2,1,886,309.68
6603,922b24e1ff80f501dfa05182a3d33af5ac12a05c,7,27,1,4,304,94,372,189,17796,4058.46
6604,4f25b25b2ecc042d7d8cb4e92626156dad39f5b9,0,1,0,0,1,0,0,0,793,129.06
6605,acaa98c5e40518b76a71c85aea0a84d1295b5ef2,0,1,0,0,18,4,47,10,1704,271.89
6606,24313ab962b2881317bdcb50e67e90d3da3a5cc2,5,5,0,0,2,0,3,2,1228,482.09
6607,7cf1777ad64cb761fcadf3d566b4b72c29fdae12,0,3,0,2,133,6,20,6,876,337.71
6608,c6a2d799c8fdd1cd88825bb825a161efe0fa0ed1,3,0,0,0,0,0,0,0,0,87.07
6609,67240e7810387d741e39a07f7acbdc7f4fb0b4bb,0,5,5,0,0,44,40,17,1186,597.2
6610,ab79fcbebe57d97e9661c67ad0083ced0d6971fa,0,5,0,0,0,0,0,0,1186,356.16
6611,1475050ecfd1bed0385bcc62698801acf1ed5270,5,5,0,0,44,0,40,17,1186,597.11
6612,87864000d0eeb24373ce80c0247624de30a0edcc,0,6,0,0,667,0,1,0,8018,1978.58
6613,4853a44b2fcfa702d23965ab0d3835b6b57954c4,2,6,0,0,90,0,101,46,1308,542.45
6614,2d3a8f8cbd544b4cc7637beb199fde052f9e5b74,0,9,0,0,19,0,109,51,2050,664.06
6615,2947a1f66959ffcba23ac9bc191f40ecf0759d72,0,1,0,1,0,0,0,0,113,83.03
6616,d72f70ad959c27a713f53d5e8b9172d662a29d51,0,1,0,0,0,0,0,0,740,274.85
6617,fcadd388df2a7c12378febab167ee75a36520f6e,1,3,0,0,41,0,37,5,3998,654.95
6618,0a19ca5d26963f7921b944bff011f72637c8f5b8,11,9,5,1,28,121,159,63,13372,2518.34
6619,a2610ba757badc88fa73f9bebf6d88e3817e89c9,0,1,0,0,0,5,143,35,491,144.48
6620,1f20cc34a8a589cea734f7f0b4e2e1431e65f516,0,1,0,0,98,19,137,50,1117,1526.71
6621,7416fac24d5327db6e8de91317d9ad8a4ce69017,0,26,0,3,441,82,343,127,5711,2278.01
6622,c3d05022f79ed8ef6c61ca9c088f6a8a992d6e8d,7,6,0,1,57,15,67,34,7884,1498.45
6623,b36b89ce8eb542038990af0bd2cd8de57176acfa,0,5,0,0,321,55,344,100,6109,1122.57
6624,6b62a96e2a35e47f4a5b2c69713c6d771c1ae00d,0,1,0,0,0,0,0,0,740,265.61
6625,9890919b2d517d1d57bc8ac1c06c47507f54f5a3,6,1,0,0,0,0,0,0,693,498.31
6626,11f78562ab36333cc1d0a3f6051d9846c9c92132,0,22,0,1,183,0,74,29,1619,747.45
6627,c0a9ebdf23209b8a868c6a55ec91c974de9fe667,0,1,0,0,15,1,35,15,307,137.25
6628,84b5ba7ac9f93c6a496386db91ae4cd5ab7a451d,0,1,0,0,0,0,0,0,378,59.34
6629,aed75009b899ea889ad231586ecfce5118aaeae6,0,6,0,0,4,5,29,12,3549,594.87
6630,8330b6698097915bbc094c89e2de812a528dbc11,0,12,0,0,481,5,24,10,9519,2364.33
6631,e000e2fa3a9a3c7007597121099b34f52bba8a0d,2,2,0,0,0,0,0,0,2046,577.03
6632,5b46790e04c1be602d97e96b9450580bece0139f,0,1,0,0,16,0,256,38,9993,1519.48
6633,b2a265a94625851afa3d16b8af44d3d04a0f1579,0,1,0,0,108,0,3,1,259,184.66
6634,be6bf933a141d1b8bd6141a942b096949c4a5a4e,0,5,0,0,109,19,28,12,1163,496.98
6635,2d9e0e41ec6db234b8a759f1c5aff8f79227f158,0,1,0,0,1,0,2,0,1065,297.2
6636,b1c397f769de348d38f4b8eab217cab8eaefa5e1,1,4,0,0,46,0,8,0,2134,764.16
6637,9a9978f18a172e388baa7988cd4ef4926d6dd847,8,5,2,0,0,10,16,6,2822,1054.73
6638,d1a99d19c5c41de44d9d86e1c8961b1327044ea5,2,3,0,2,321,43,73,35,2248,1158.8
6639,ba5f0f883444ad34cb9d2bd883c4602df571dcb1,2,9,0,0,41,30,15,1,2122,797.46
6640,f629501f2bd02d2cebdc2566b1bd1723fc10fd60,1,9,0,0,52,31,96,22,1578,2158.21
6641,12712d5bdc70bd85e1d668b5aedf71cacb17c83f,0,40,0,2,164,76,222,65,20072,3836.13
6642,fb322b1b42739b842fc8c87ff260015d3e69dd45,0,1,0,1,14,15,16,1,28,171.19
6643,cd3d71b34eb482e7abddd68b477ff05644b99d32,0,3,0,0,5,0,1,0,621,179.94
6644,33d2995bc2612e0d3e9ad0cfc2a88a9a7f5141bc,0,2,0,0,0,86,38,12,3296,568.58
6645,e2a8375fe3e8e3c601c770556b104bb47debd33e,0,7,0,0,51,43,17,7,1292,598.86
6646,de6d005501f89d78b67d8665d1104e7dd9d64359,9,9,0,0,255,15,148,56,4423,1791.96
6647,505a73304587692ca06c9f4270a12d1dabd787b4,0,2,0,0,6,0,10,8,3308,612.73
6648,e59e673babf66214194a44289361f4b2947015a7,0,1,0,0,12,0,47,12,3211,631.8
6649,634d93d2b3ab8b4387a8e36a13430222205a7396,0,3,0,0,0,35,4,0,177,135.14
6650,619826ae098c2bd6fc6bb01f753df9bbc301b4e5,0,40,0,0,81,71,155,37,20085,4036.83
6651,5a061296d7de5b530474146527318f651d142dfb,0,40,0,0,71,75,155,36,20091,3720.76
6652,9d9f1a087303d4a166ab05bf26c276b5137b5cc9,6,2,0,1,73,68,57,8,273,529.92
6653,db86f807faf97c74ad8a020ac34848afc2eb4741,0,2,0,0,19,0,1,1,724,227.41
6654,a669ca49c9d3e6991fa9b24ddd38fc6040e54347,4,2,0,0,0,206,87,60,1597,627.96
6655,cff3c626e201f1ab6efb2fd58a28fa80ccd83104,4,2,0,0,154,14,76,24,937,534.98
6656,2350662ee4fa17332bf546fbebee5cde9714717e,0,1,0,1,1,0,1,0,64,143.29
6657,c04fa7b3353d20f5cab4c9ed034b822dd11b2adb,0,3,0,2,168,121,42,4,2400,746.61
6658,2e7441f8317818b38a970493858b0ed296ffdda1,0,15,0,0,57,30,171,47,1752,773.26
6659,62676b008db993daa9df077c849b2d45692afb16,0,15,0,0,0,0,0,0,1809,520.79
6660,c7340c6f6e765ef6e499f7a3c399beab843cb6b0,0,5,0,0,117,0,74,32,1210,2076.2
6661,0f39030c3d33b11ae9c14ac81e047b44e8695371,0,1,0,0,31,0,0,0,45,61.05
6662,5676788893f264e6f42435100f6f25ba2b6d28b7,1,6,0,0,10,59,6,1,631,286.01
6663,03b92fc1aa38985901c8939d717aaf0cd7ee532e,0,1,0,1,1,0,3,0,11,71.49
6664,ee0a10d904bd39ca22c40cd5768bc12eef7ba71d,0,1,0,0,21,0,12,7,2561,425.24
6665,fafa46a3cfeb4c95efcf7ea86dd227965163587b,0,15,0,4,250,230,94,15,4363,1789.71
6666,96dc42999619a4c313e769e5335f6fbefb3d9167,0,1,0,0,4,0,3,1,367,124.65
6667,374f361264780a322bd4fc6e40a29606140d517a,6,5,1,0,34,15,3,0,1045,861.38
6668,68ae4a5cd1b916098dc1deb2bcede5f862afd80e,0,23,0,8,103,137,139,0,5235,1591.87
6669,ac78f79bacd7b7e1b6c3ac294b2d776f8c2e5cd7,0,1,0,0,38,0,48,24,2876,465.54
6670,0213afb8a31af1f48d009edd41cec9e6c8942354,0,9,0,0,219,196,253,84,7481,2002.4
6671,853bf6252a0d5b0d10f35248b4b4785c08380914,0,9,0,0,3,8,12,4,7692,1388.34
6672,11c79af48b2a0a901f541436b2d4669d635ff750,0,1,0,0,50,1,70,37,1234,276.31
6673,959ebeb680b07d59f4f55939862ebbc2d7f16a92,0,17,0,0,317,84,546,123,14397,3525.16
6674,4f7feaad4e91e140d283b5ed2af06d06fdfdae0b,0,3,0,0,4,0,7,4,968,468.08
6675,bab107d560c2369f635a45eaaefff6078c476f55,0,1,0,0,9,0,25,4,949,211.29
6676,4510efd15f44cc4c217bbc65ad2147c14261bccc,0,49,0,8,5349,80,3816,888,137749,31026.83
6677,bb1f654e86f7ddb23c391e43b5916c9c3664a39c,0,9,0,0,113,162,171,58,7563,1537.12
6678,06edd561f316159da0547244d648917e22332c89,0,15,0,0,30,3,171,53,1806,681.13
6679,f7f7c586d7c8a8142223ae95c8e3add0873c2c86,21,4,0,0,2,0,0,0,1069,1235.85
6680,58f4c23da57f3521525d3234c00596573a70602a,0,1,0,0,4,0,47,30,1284,1495.35
6681,03aae630d9fd1f4a82ec1d6422de1312ba325f6a,0,2,0,0,141,71,99,22,451,254.49
6682,b8afcc3f7c0b47b1a83ce258da1091f1dbcdb10f,0,1,0,0,0,0,0,0,2447,412.51
6683,0603700395827acdd819460fe110e35fe7c59f4a,0,13,0,2,116,293,28,3,3842,1016.02
6684,5737095ba83fe2d1e01fbee79cf897e942905936,0,1,0,0,1,0,0,0,27,30.12
6685,333264b255580f6738b1b82a4a47130cfac38866,0,1,0,0,6,5,0,0,364,112.23
6686,71605e65ef0fa6a98036bb956db80b285835e1f3,1,2,0,0,94,0,35,16,438,295.43
6687,311049da38428590b2353d3ce7a30dafbdc99b16,0,3,0,0,47,71,21,5,126,189.14
6688,1729d77b5e87d0bf5fae840ef670dd42999cff3b,0,2,0,0,158,59,106,47,533,218.26
6689,f9a25ed01f710cdadf8a86b0624832a0f7d9dd8d,0,3,0,0,6,0,11,4,6970,899.91
6690,a938fa8a24196e325f9df9bb430b4bc3a9839e0c,0,2,0,0,0,0,0,0,46,23.78
6691,c0341dcf0602b06fd4e8441d833d708b709164a2,0,1,0,0,1,0,31,3,93,80.99
6692,7f7e28643dcd44e9143172c768b131b9ff9e76ba,0,9,0,2,99,8,72,30,10471,1747.15
6693,1cf38b648e9517cbd84ee7faada72996bc757e56,0,6,0,0,4,3,18,2,395,204.87
6694,db59ec6ecf57dad72588b7593fb516c3e810b5a2,0,2,0,0,61,0,70,41,691,259.1
6695,9482a0c0319427d74af6829d7766c16e44938500,0,1,0,1,2,0,3,3,28,89.27
6696,ece9a54b78e41e2acfe9cd5df45fcddf3a4b05ab,0,4,0,0,10,11,188,46,5384,1075.67
6697,556531182dc989e12fd491d951b353b4df13fd47,49,16,23,0,377,260,872,287,15081,4453.74
6698,bea7ffd9728d21f5424ca8bcd9b5c7bc0d0acb2f,0,1,0,0,26,24,51,8,95,109.08
6699,d26516e7e18d2a729a681ee23f5e13c7282af94e,0,1,0,0,0,47,209,35,3004,461.25
6700,1cbff4d0438ae5317f8c2acb16501e67516f0dc6,0,1,0,0,6,0,16,6,867,1561.7
6701,5b1afb78f4d2cf0ab7a7e83532a5557be2ec353d,29,8,5,0,2,25,11,8,2505,1623.59
6702,28f8a93c11e0b68c0d36acfbaf51c5abded1bb03,0,1,0,0,8,2,7,2,375,140.47
6703,5c8392468cb581f53b6cb55d201fc933dca025e3,1,60,1,7,1105,278,1663,638,25411,7200.65
6704,32615f9d231861682f77c8e7766d27b9a0778920,0,2,0,0,42,178,182,64,3274,665.7
6705,396c1617429d1d0a6ae5e89761bd55bee0a0ab78,48,10,24,0,41,111,28,5,2793,2577.36
6706,1f10d587620769c1647262b1956880296f95f0cd,0,2,0,0,20,0,220,47,2070,290.21
6707,1b0492479bab71ada88a7d5a0f0545074f06e821,0,1,0,0,0,0,0,0,63,19.52
6708,848e6939ec617cda1325c76cd536b0fd5db61945,0,1,0,0,0,0,0,0,159,33.67
6709,4341337266bbaf97e1e3b05da7d5c5c0aa9708e9,1,11,0,0,13,27,237,82,5348,1139.01
6710,834e17e9a728f5e21db981c0f702061c1433cf8f,0,7,0,0,83,0,3,2,12880,1995.28
6711,029cab297a9ae40d249f63040721f93857398648,0,28,1,0,73,47,208,66,36190,5782.71
6712,b920a209ccbf01f044ab139eaf21ca97709a8105,2,8,0,0,981,682,109,44,3233,1186.01
6713,5b4deefc7a06dfc87bf6c37f2e5ed222f7bdb30d,16,3,2,0,7,115,11,10,2344,979.26
6714,38190f3e95752c85188682d8a78d259455e173c2,0,12,0,0,243,31,281,57,1542,750.74
6715,ff814080b202f91457248785b8b1654253081ea9,0,4,0,0,30,5,0,0,1598,390.3
6716,df452d3d774c0ee0f002fdc3a667febd4c42a77c,0,1,0,0,1,0,11,0,1068,196.17
6717,5645a97e40edd6ec442b679bcad39d0619c9f0e0,0,3,0,0,157,13,172,70,885,434.14
6718,1880bc64324e693bd8db425385c9a5031c61298d,0,11,0,4,676,8,1725,11,106562,23246.16
6719,62f0c3fe89d7112d2cbc5c033290492be98a5556,0,1,0,0,6,6,113,40,10277,1482.82
6720,805565022872d74bc3053272b100f324ae8b561e,0,4,0,0,1,13,62,30,462,1639.57
6721,c05a32cdbf7872b2e428ccb7ae1187aee5b74d43,1,2,0,1,121,3,0,0,1418,420.2
6722,8b15c75a85dc135e653c8231dbf4bc09312a4433,0,2,0,0,20,277,1358,490,10143,1580.57
6723,f7d5ef2cc6335521a3ea119bcb491d283b312093,0,13,0,1,357,187,159,33,1315,788.62
6724,5d1a9497b98ac47f3643400a8968092b0ac7670a,0,1,0,0,3,2,111,35,2945,558.0
6725,d6d4f2e4c96e651e5c5b4dc2ee05d47fc80e8b19,20,10,3,0,39,305,51,18,13497,2968.09
6726,0c1ef6fc4e90c905d378553f28429d196b570516,0,1,0,0,1,0,18,7,944,214.93
6727,1278bf1fcf5aaa25c10c37cd28ad0765ab8a1675,0,1,0,0,0,83,447,143,8807,1332.33
6728,757573272a097957c2b084119cb448c0304e5c2c,0,2,0,0,71,85,177,55,824,356.74
6729,8b571eaea433d1937e57c3e47d08baaf5e343398,0,1,0,0,0,2,8,0,762,201.89
6730,be508b8d16c465ac17f3b8c09d7cbb27c4eee47a,1,6,0,1,33,0,70,36,1682,895.33
6731,75b0b0eaa7eba17bb5bb1ee5ba81eb0536ba754e,0,1,0,0,0,0,0,0,380,65.41
6732,5098d155a1e6a164253f5fa98755273bc34085df,0,1,0,0,0,0,0,0,113,28.65
6733,48ae7ef8d46c29918364a3af8f5f2fba3e92fd30,1,2,0,1,103,3,2,1,1705,715.93
6734,c6875a378dd78f3d3b3c6876455e69fdc24d13e4,0,1,0,0,0,0,0,0,1288,167.43
6735,52224f4adc4ac61e5b5349d1c1cc5f94882d183b,2,1,0,0,0,0,0,0,698,241.34
6736,c660cba003f9b7fff29db2202b375982a8c03450,0,10,0,0,8,0,29,2,1459,379.55
6737,50862a6e30e2c5a8a5690790d2054c8a3d4f2a49,0,1,0,0,6,0,37,14,230,104.75
6738,be1d9579b6178bf53bc7b5338ae112839c9d8ca4,2,2,0,0,0,131,0,0,2003,406.7
6739,4c8b374f20499bd980a59c06943a1aaca5deab8f,1,4,0,1,187,144,51,12,1307,478.64
6740,187e1c3a2152ca2ea1534f890531b342ea89ae9f,0,7,0,0,200,16,364,74,12168,3703.1
6741,74294307c90b8f0b0016a9d16381dd30345de31d,0,2,0,0,3,21,33,15,13248,2092.98
6742,8111edec6de1d8d93c28471163ca40eae377129d,0,2,0,0,247,42,105,57,1170,374.54
6743,2f8649728df309b1dac5ad0dea22c6d38486356a,0,1,0,0,11,0,3,2,10026,1502.11
6744,3fb2b3883228ef7b20e515775fd9870b853ea627,2,4,0,1,16,14,18,11,524,406.52
6745,9502d06d2c36b80e9fe4ecf9d37e7b5d94d3b04e,0,6,0,0,133,48,30,8,146,426.79
6746,1ed457c24b81f1c72df7071dc7835dc81a393651,1,5,0,0,124,9,25,5,1927,665.4
6747,5a03a6056648eda68ec975843707e05d3ad51fb0,0,1,0,0,7,0,0,0,436,82.94
6748,3e2c8bef3ae2a90f85786710eaa663589f4270a1,0,1,0,0,1,0,5,0,366,73.82
6749,8a18f312948f2c96e792784052be6bc28884715a,0,1,0,0,10,6,164,63,399,148.24
6750,e9b974a230bce84fa77e135a9efbb6351c1e8687,0,1,0,0,10,0,5,5,77,78.97
6751,8bd0e2a5142b32b2b93e53e1472978446f5baf33,0,3,0,0,23,0,0,0,6906,1067.93
6752,9524a0b60f14280c04c76eb0a80434fd6e907868,1,2,0,1,69,5,3,0,1548,426.52
6753,bd432c9203584c531f51559d8c97c398202f0794,47,9,0,1,39,22,157,66,12413,4277.19
6754,2d99f7863f9da49ef56a85ae156f4bd4b9d5802b,0,6,0,0,31,10,22,16,1813,623.68
6755,caf7ac0099645ac8500d824556941447e66e25e3,0,2,0,0,49,8,16,7,79,123.39
6756,218595cd6f708a3df9b88343d1c2cb1848d6d870,0,2,0,0,174,0,179,73,1183,392.7
6757,5ba401e605f3aee5b4a0c6074a3b3490a668cb00,1,6,0,0,10,1,9,2,621,333.12
6758,cb83da943c8919e2ab3751244de5c2879c8fda1d,0,1,1,0,6,0,10,3,442,160.36
6759,db661ffdafc28d889bf2eafcb8e9fb89c1b376bf,0,1,0,0,1,2,3,0,146,85.23
6760,4840f050af04d071001223c16c39d4108c60d5d0,0,1,0,0,20,0,8,1,86,1473.38
6761,5ce0b4008ed1d6b7bdce0d037cc6cf7010bd948b,0,14,0,1,5,11,15,1,3507,808.99
6762,ce855d8a5f737fb6e4d37cbb3cebdc99099102a1,0,3,0,0,1,0,2,2,134,91.72
6763,6fa1e911979d0bf0d4cd98216f3b9f89bd95b706,3,22,0,0,75,42,180,78,6534,1416.38
6764,3faa55e1a5a7afa11a0081f61acba5c35eea25b7,0,1,0,0,10,0,0,0,375,85.05
6765,83222b0eaade1825f15d48a3351730480d1babfc,18,6,10,0,90,100,327,135,13538,3175.49
6766,1c296fd94429faefaf90e4dc2555545379ae6e19,0,1,0,0,0,0,0,0,740,366.18
6767,c6626edb65c2cd00576647e54db1995628fe64da,0,3,0,0,18,22,28,14,1331,467.84
6768,8707cdc3b48393182036589bc666e0b6e63c2d10,0,1,0,0,0,0,0,0,8813,1652.21
6769,88314ee794afa34ab8acf779630326b2ba52e815,0,2,0,0,92,2,167,96,2018,347.51
6770,b4431f33b153b4e21129c90cb942091a480981ff,0,7,0,1,17,2,77,35,2815,937.3
6771,a2b10a4f6cd750810a6451e17e4394ed6f8dec0a,0,1,0,0,0,0,0,0,315,79.27
6772,ef591e87c9422febdbbc0722a201527bef177d62,0,2,0,0,128,137,152,56,4115,766.24
6773,c9850b443de4e38903ae4c91a9619a71b2f3db33,0,2,0,0,0,50,347,127,10635,1677.56
6774,40cd40d5e212860868d7dd15335c0085568416ce,0,6,0,0,49,0,3,2,3596,624.9
6775,65178723dcd88ee14cd890a458ab774dc89a0573,0,4,0,0,1,0,0,0,659,144.96
6776,0ff23540d1bb9b7550955588051271125b515c35,0,1,0,0,47,3,69,33,306,132.64
6777,bc1bf43920ad779990a5fcdae0eb58ce76db1196,0,4,3,0,0,14,7,0,1780,782.41
6778,79d21ae49f7dce41447cecda65456ac0245a43c8,0,1,0,0,0,0,0,0,623,97.92
6779,1c189b6da4b69647bda240c72aec490cbbbbb991,0,3,0,0,6,9,32,18,5525,979.19
6780,3061a04018261a042827bce16e04412743523fde,0,3,0,0,89,5,18,9,704,1800.71
6781,6d0f461a63b0ae047f3c7be5642d8e1a04e82edb,0,1,0,0,0,0,0,0,640,100.08
6782,305e7100aadb72b5738e47682634fdb680bfd6bb,0,1,0,0,0,0,0,0,61,19.93
6783,f85815b8758094227cef89caed71d08075987ad2,0,1,0,0,3,0,0,0,11,36.04
6784,863889451ec838ed91ae4d80c03992a4eae4b482,0,1,0,0,3,10,18,11,8803,1273.18
6785,3cf44cae5e91cdfcd09b2ca9f07a375e67f58d68,0,1,0,0,0,0,0,0,250,51.47
6786,57586ba4858f957103e77ad20364a22f99ad860f,0,1,0,0,0,0,0,0,507,88.54
6787,1c2b7fa1b31f9228812b66a21ad4bd45ae5b7c50,0,1,0,0,0,0,0,1,445,133.24
6788,136e0eb4daa6b28b37e0f7935079c422a6349385,0,1,0,0,5,0,2,0,197,81.0
6789,d0bd0712b957d1c053539689892909b0fe2bd376,1,13,0,1,363,38,342,142,11443,2497.59
6790,6ab93165cfd40c2700541cd6ada56505c5b56dd7,0,7,0,1,239,78,102,34,2098,927.8
6791,bfd1c9afa54ccaf6b26e5c96cb8ec87f493c2d09,0,1,0,0,83,37,131,36,341,167.25
6792,4d4ab36847b81f551130a7aec343bcf8cda85e28,0,1,0,0,1,0,4,0,200,179.73
6793,469ef5cc10a7bb97d783e40ea610e43328468cbd,0,1,0,0,0,0,0,0,30,19.34
6794,f361fc666a601707fabc3786d80a8bfa2cdd9e02,3,7,0,0,108,0,23,8,410,474.5
6795,8d31922a1bf96aaa9f1139ec0ddd43b6c4728e6c,14,19,5,3,46,143,1106,363,16016,4072.44
6796,065f305c773d67d0065e27b2dac2353065e24d3b,0,1,0,0,39,6,601,179,10041,1748.05
6797,af0f325a56857b22be2ea82c44671d5c39aebcd9,0,1,0,0,0,0,0,0,227,54.38
6798,fc81b8909b1a0e6aa15900387a98bccf38ae2247,0,5,0,2,177,6,254,100,1016,606.64
6799,13fc651219ad36a08afb9bea25fc34a78b7dcc50,1,4,0,1,73,3,331,111,2001,557.19
6800,0781cf2c5104dafd0c5496631cafabac9d59df67,0,5,0,1,54,34,32,14,1924,2285.48
6801,c032cbe2d3fdfc9a107c91f3642d95560efd89a2,0,2,0,0,16,0,37,12,3559,759.88
6802,23db35e092ce1d09c5993b45c8b0f790505fc1a5,1,5,0,0,261,359,176,32,4591,1209.69
6803,a70408acecea5754c6cb05d65af6dbadc22502da,0,4,0,0,71,48,764,245,13693,2451.17
6804,1e09f07afc421b3afa3a921a870d69c8b470a356,0,5,0,0,28,0,9,8,1337,634.03
6805,47d3b59da6517ac69c5e0a341be457a162d4faad,0,5,0,0,202,123,246,94,3915,1125.94
6806,523d76650c6ef23cbdee69c77f948dfd25b83104,5,1,0,0,0,0,0,0,33,345.16
6807,baaf082b1f3974a5f49c0cb7187ce9d2ab038e89,0,5,0,0,0,28,9,6,1337,604.55
6808,bacd9d4c60c2a0f2659315db8c1342589206b5df,0,1,0,0,2,0,127,58,3004,462.87
6809,209096a71b25a3d75dca1930f825c8c10b99d2b9,0,5,0,0,28,0,9,8,1337,690.86
6810,2b34ad7facc1aed74307f5c7991019116b043346,0,2,0,0,238,0,6,9,10894,1865.25
6811,3b36273082d4c185641fb0b63fe3d0203b98cd5c,13,12,6,0,27,452,220,92,3046,1860.95
6812,7c796af642d3bc5d1ae72d2fb0fa31191b77ec45,0,4,0,0,93,2,73,41,10368,1756.37
6813,103989416781b27f1ca9d7661844d3d6a238e8c6,0,29,4,4,299,419,679,116,9112,3853.28
6814,d645d827d95de36175194407bd1e2f6725362aff,7,25,0,4,17,50,37,19,1233,1277.27
6815,8ee3497f87f81fa84ee1023e891dc54087c2cd5e,0,5,0,0,54,2,99,42,5856,1290.31
6816,d2e6b50edb30522ec21d1f88f01db85abe64a5a3,0,1,0,0,2,0,10,3,353,116.46
6817,f95a64564a32672ddf6fbc23cc4bdee9c79b3fe9,0,2,0,1,8,0,6,0,35,107.05
6818,601937d958face5f4521468592f55cdd1b94e7e8,0,2,0,1,2,0,2,1,776,380.14
6819,bbcb1d1d5ac6426298fcbdcaafa04a90ef90d374,0,1,0,0,0,0,0,0,213,60.73
6820,bc7b38e5fdb16d28319da407a80d78f4e8124d95,0,2,0,0,13,4,23,13,1536,1996.47
6821,74ae418ab19ba3302d8562a43f8a5401d66ae130,0,1,0,0,0,0,0,0,8968,1460.4
6822,0c78dcb772d5fa83ade1d8938753a6206ebbb495,0,8,0,2,47,384,184,59,3740,1461.34
6823,f13fc46b49139682972f79d6258fc7f82d6d4e4b,0,1,0,0,0,6,0,0,27,36.03
6824,a245e79e33c2694fb69063b75cb35f2222d2aad0,0,1,0,0,0,0,0,0,740,291.78
6825,d7a193bde38344a6be78d07a8af1750ad0986d81,0,1,0,0,1,0,1,0,1078,282.38
6826,879d45ce41a3da9e1290e053c0c47a37de74ff54,0,2,0,0,1,19,97,39,13249,1987.25
6827,22e298c14c15c7b06e6deee376c37b3731951b7c,1,2,0,0,3,0,55,2,266,198.67
6828,8b18c3c70d5ec2a4549d9ab7e610d92ee8506d55,0,1,0,0,0,0,0,0,12,12.53
6829,aa1c7710f10cb3d164cbf54298fceddeeaed73f6,0,1,0,0,0,0,0,0,82,36.1
6830,d6a62b38abcc9eabb9bff9c895456fc57010e9d8,0,1,0,0,15,0,3,2,132,85.24
6831,6360b9cdd8c19235750ba5973248f3725c4829b9,0,1,0,0,0,0,0,0,38,47.29
6832,321deddd91174aac2e04c88f87142d75b49b6c01,0,1,0,1,0,0,0,0,3,29.14
6833,e959d4ac5e7b282ae9ce5bab6a5db2cf76baf349,0,1,0,0,3,0,2,2,8968,1123.1
6834,4a039ad06ea67ff93f375c34e2b1f0c6eee15fe0,0,1,0,0,3,4,38,23,1056,240.23
6835,41b51fc40557d32406293f2e5f1d2c4e95c21825,0,2,0,0,0,0,0,0,471,116.99
6836,ed0c768c21b08b4abf11778168448f54b28c60b5,0,2,0,0,1,1,0,0,54,58.39
6837,e5f3538442838dfe6988be595ec34bc48cefe0ec,0,2,0,0,241,8,464,143,3202,628.27
6838,f378aa42688cb1a8e0b9fdfd525107a1679cddae,1,1,0,0,0,0,2,0,866,207.76
6839,0ddeb259c308c710ec795a4dd5b38c2f5c81ce9d,0,1,0,0,9,7,28,10,964,200.54
6840,0dfecd5d14aee9de81754347c6728afe9d7134dc,0,1,0,0,37,22,70,35,2903,1693.53
6841,4dcbfb317927ceecbb2f4cfd95a88c8f79601ac2,0,1,0,0,20,14,72,27,352,158.57
