idx,sha,A,M,D,boot,adds,removes,updates,moves,matched,wall_ms
0,472723f1cccb8cb1e74ef52e47ccb2fbdc6c3e3d,0,0,0,0,0,0,0,0,0,38.73
1,2552a2488f2674e2fc3abea02272e85ff13a3ee4,0,2,0,2,23,1,0,4,73,835.29
2,21da30456f4c23aae1f40b3446f74565d5b6d917,0,0,0,0,0,0,0,0,0,40.52
3,c0e190cdefabc7c59b11bbe0de843baec78efe3f,0,17,0,15,0,0,0,0,653,2162.01
4,ee855fe1aa4a4f549c9d91c81ee53f448828d81a,0,2,0,0,0,8,0,7,79,231.06
5,ba58c9a7040e778b6c8cf9dc59d97858c2617afe,0,1,0,0,0,22,0,0,111,166.7
6,081f0d2353ffb86db3aa3a5080e00b0b0aee7c4a,1,0,0,0,0,0,0,0,0,223.79
7,3310531d8752c9d19bf3083f9b0c062c2578ba52,0,1,0,0,0,0,0,0,137,123.14
8,14b42f795641e13f9703286a527015cbf99a7788,0,1,0,0,7,0,0,5,111,290.67
9,98f64070891a34e3a8b3f0483a7f5397b8a6933b,0,2,0,0,1,2,0,4,148,349.39
10,60d0587e8fca7197683b55e00537c32ddee4795d,0,0,1,0,0,0,0,0,0,147.92
11,8c884ee6a6433745e68febdc68f0b22520a7e335,0,1,0,0,0,1,0,2,136,174.78
12,739b2df6806c10b934f69e6181555fccb85cd9b8,1,0,0,0,0,0,0,0,0,260.85
13,295734f6abb69d0c184faa0085ca198040b2adbf,0,4,0,0,12,22,0,14,127,395.18
14,d925b157f42b13cb410a86e8850c23a11de3d2f1,0,1,0,0,76,2,0,23,134,273.74
15,eae1bd52ef1d991834151898e768e57de8bb07bf,0,1,0,0,0,0,0,0,210,189.15
16,7fd9268f7b89afa2e41b526f1f4d7bfc90a519cf,0,1,0,0,2,0,0,16,210,222.43
17,66b103895720700c5ea47e8f75a1105aca6e9342,0,1,0,0,1,0,0,3,212,195.26
18,3220af1fe2fad8da1f5bcc101ab9d3e8919b03bd,0,5,0,5,78,16,0,5,300,1073.34
19,d2ec321a03e654552ee364f6572437f233b0c226,2,2,0,2,5,39,0,2,272,907.92
20,6b80dbb97b3d9b533f60d5c09639ea6c7c5f2be5,0,2,0,1,5,0,0,14,287,380.16
21,ef1e30bf5b0aba1758522f8cacd2804d3bfbd4fb,0,1,0,0,15,0,0,6,247,192.88
22,e1845ba1d80f0ba89d01d450c066aae90b416ab1,0,1,0,0,0,6,0,0,256,168.85
23,84a5803a7e5235e3fa0af7de8e40bdf77ff9affe,0,1,0,1,6,0,0,0,12,261.03
24,7e154a36f74ad0ea7e0f6d48b71a5a73d99330e7,0,2,0,2,1,0,0,0,94,408.58
25,3f0b67b6ac864befccfdd4bb5dee08c0b33c3b43,2,20,0,17,149,46,0,18,916,3413.8
26,f1a53b972eb1f8e75db54d3272d9eb7c398e238a,0,16,0,9,83,0,0,49,1186,2312.42
27,5e2a9a560d847bd0cf364d86bd6784f70d99c71a,0,9,0,4,3,34,0,41,794,1162.88
28,5ba48348b3abb8f84fda0798d992ff2e0a04051d,1,10,0,1,47,4,0,44,768,1135.68
29,4524f384dc041f33297b47b181be6b59061577b4,0,1,0,0,0,0,0,0,105,120.93
30,74c54c7eeb236cbf66710751165ea9f632cf3f52,0,1,0,0,0,0,0,0,3,127.98
31,84a3a9a3d9a5f1c4936dfb9d65b4bf0cd3b445d6,1,3,0,1,32,2,0,19,481,729.28
32,cc859dcca791dc8e1e6eeabe8b88387a11241b24,0,9,0,3,19,0,0,12,850,1217.07
33,74e22092519270428c067a5209ec3028e0745bea,0,1,0,0,3,0,0,3,101,170.77
34,23d7fc470638c4dffa5ca005ef2e3d34c14dc92e,0,23,0,12,247,22,0,56,1821,2744.39
35,9bc47bc1365d17c34f8d43239846de28219a663c,4,0,0,0,0,0,0,0,0,390.96
36,e287e02b12ca3ca00184fabf07a7dc0a52571a23,0,2,0,0,1,0,0,3,650,336.19
37,98952b3cc7bb9b08ad553da014c80b79d0bc24d6,0,3,0,0,0,1,0,5,760,410.62
38,ec075c5a853e4168ff30cf133493588671aa2fac,0,2,0,0,37,20,0,16,631,392.34
39,02311c0642b3358e8180191ea0542e985ed0f6dc,0,5,0,0,117,59,0,29,620,522.78
40,93af67cd4f75d2f4cc3a25ad999fe6349925504e,0,21,0,10,31,24,0,6,1504,2075.93
41,99f10739b5921534dddc6e3773e4f8a05b8909b0,0,9,0,2,59,34,0,16,924,882.51
42,c24740c7b0f6a6e7c66659da786a346650b76766,10,1,0,0,0,17,0,0,99,798.15
43,bf83131dffbdb6c39de0135e0426701ca141f150,0,2,0,0,0,0,0,0,104,114.39
44,547ccedcfa081de2679f9607e4e868041c2cc55f,0,3,0,2,25,0,0,4,273,509.88
45,bb01847579dcf86841956c29278649bcf8609732,0,3,0,1,24,0,0,2,652,504.65
46,dcc88408c98a07cb9a816ab55cd81e55f1d2217d,0,3,0,1,12,2,0,10,313,379.79
47,d0c019a07ee63a8c31de2d60513ed8f03494e348,0,1,0,0,35,269,0,18,173,240.36
48,f1c6e97d718581566d037a48640ac3d869d1f15a,0,10,0,2,52,43,0,38,941,1104.14
49,e3dfad304e6c2ffc146cdb9bc25a1d683f289ace,0,1,0,0,1,0,0,0,211,122.24
50,cd3ce27d4baf5434676ec040d64663ad3ce09817,0,5,0,0,42,24,0,23,528,412.56
51,8034390ef0f49a1ed180bc1e883dbbd1f6d864a0,0,4,0,2,0,0,0,0,151,425.4
52,83a9aa55d340f6b2720394a49f01a88509e17e52,0,2,0,0,7,3,0,15,203,222.65
53,fc0e03f79131746da81c05c12e056862c08d79d4,17,12,0,3,175,67,0,39,580,2483.15
54,ff05e9b3616a222e29a42f6e8fdf41945a417f41,0,2,0,0,7,0,0,6,210,218.04
55,50f2b245c1a666400fab7ddfdebf7c1c2bdf3084,0,1,0,0,4,0,0,4,234,158.7
56,1d2e776d8c4ffbe59e40985ecfc3b010d99519d1,0,1,0,0,2,1,0,0,29,112.9
57,0386790e757fe4eeae4a179e573f71ef8c7de43c,0,1,0,0,0,0,0,0,174,99.26
58,be5edd2f8d0c0355cb33feb2ac7482b7df7dccbc,2,3,0,0,12,10,0,1,158,397.25
59,c940470e32916e2dbbe8f95bd295950a3681c5b7,1,1,0,0,0,0,0,0,22,137.96
60,043190c601f37e42c32189f3df5ddd986e57da95,2,3,0,0,82,0,0,4,127,412.48
61,7062ed7db36f913328a9124797c47f70e3461025,0,1,0,0,1,0,0,1,122,151.02
62,37356bfee09bf0dffc93d85270c342e03c36ca44,2,4,0,0,18,12,0,3,251,541.33
63,4b095760cb38c726c49e6f245ffd7dc8ccf49863,0,2,0,1,26,0,0,1,228,345.41
64,7d89867c05a7cca6e76cc48c47f8e703d68a9a43,0,7,0,3,40,0,0,9,687,787.16
65,834b6419806750ff555e8ffd104caa420004e84e,0,1,0,0,3,0,0,2,183,159.75
66,8a719e037201e343e22a3d2479651e781ddaccc1,0,1,0,0,18,0,0,0,69,141.34
67,74bc8860c3c3d582f88581fc7d9edffdfa2dc3a5,1,0,0,0,0,0,0,0,0,140.11
68,4fc74958e3569f6179c11fddace99b674c81f370,0,1,0,0,3,0,0,5,115,106.32
69,2801629964882015a9148e1c0ade22da46376faa,1,0,0,0,0,0,0,0,0,77.36
70,92d1d4cd31e1045f0e000e8d2d777c73f7529743,6,16,0,2,26,0,0,14,674,1302.78
71,4471dc08b64809f3cdcbff6b8c830e13df87b117,0,1,0,0,2,0,0,1,164,174.37
72,50b734690a93e58030f69cede8d0a84d1e3f5461,7,5,5,0,49,0,0,14,326,1021.83
73,517503db2616531b08ee4d08d39c0e1c0bd19e97,0,1,0,0,1,0,0,12,166,157.95
74,a93ef199b2375c422e35d82ac7aa3a2fdacc1e74,0,3,0,0,5,0,0,4,59,222.8
75,6f4dea9dbce5cc9f69a917182981b41a56a98a85,0,2,0,0,0,0,0,0,204,187.94
76,688e38ce45a7358a1e0bb359aa9b1a698a841619,1,25,0,4,102,46,0,44,2040,2022.3
77,a611178408cf8497054ff015caba18cfcff70a60,0,2,0,0,0,0,0,0,248,176.99
78,0636928d961a6ceaab46d908f9372d913c3e5faf,6,10,5,1,81,3,0,10,612,1700.67
79,0839def4bdbfd9f5939e463f42cfbc81a98a8eff,0,2,0,0,507,18,0,19,135,528.82
80,10311c138923dcded5d8f57f587c7f7ef1119dac,0,3,0,1,30,12,0,10,81,415.82
81,8f0003f9b694b4da5fbd2f86db872d77a43eb63f,0,1,0,0,18,10,0,15,176,192.95
82,01d2a25235841feb01eac55f6ea5141750225a21,0,5,0,2,52,33,0,19,542,775.57
83,1eb5f53aa4f5c5c0f67ce62d86e8d9b4e5bbc500,0,2,0,0,0,0,0,0,251,187.77
84,c41c7b40b63ecd668c727a897f29e276a1c5adf7,0,2,0,0,0,0,0,0,182,176.63
85,c62cff355936eea2a96e3b9678c761334fce8ee2,0,2,0,0,20,412,0,16,331,329.42
86,991195416e0c179d2d2a79891d0214244c287618,0,2,0,0,4,18,0,4,230,326.72
87,c5df2a8e3acca1e2c905fa6b78e73e09b1dd0cd7,0,5,0,1,27,0,0,13,580,788.92
88,d8fe98efee5a44ae12c1e3484fa20f89b0f30054,1,15,0,0,74,1,0,51,781,1331.09
89,6adaffd8ea4bc1f40bd5cf5268c30eb2df1868ab,0,2,0,1,24,17,0,5,175,317.48
90,9c23d93553a33c5d85231193614d192a9945796e,0,3,1,0,111,0,0,4,348,450.22
91,b1cc72510792fdf83ac2d6f302ea07c7ea397ce4,0,1,0,0,0,0,0,0,205,147.66
92,013cda2d79e1b82755cf948b668f4fb40b4efe62,0,4,0,1,0,0,0,0,530,486.87
93,2490b1c4994295ba6c291b1109c5d67ebb4c244d,0,1,0,0,33,5,0,17,161,225.32
94,aa365639b2dd36d8feff761f09208154ce71964d,0,2,0,0,0,0,0,0,7,181.44
95,813c4230d4c25fa3f411a9b9230cd3f605f09a28,0,1,0,0,3,21,0,3,24,169.8
96,5408931a2955adf8cb9d604d17dc9b5bd47b4d57,0,5,0,1,39,2,0,6,98,488.37
97,7c5b2405d89e279fbb2590a1c16147e488588ce6,2,0,0,0,0,0,0,0,0,206.35
98,761711ecaf9ce8a876defdcaf6802c1e048edc3d,0,2,0,0,18,0,0,0,169,227.11
99,01e94e2b4a22eb0dd9ec4c3bbc353d054b1904b1,3,8,0,1,43,0,0,18,686,886.95
100,2166104aff174e2ceb45638ca7be34f1db37e3e1,0,2,0,0,30,0,0,3,303,295.5
101,ed1a548c503f041c025e00e75d338b4fc4a51f47,0,9,0,3,50,18,0,4,372,747.18
102,97358411af15b64a4bc21c58a0e477fbe9c9b79d,0,1,0,0,0,0,0,0,224,150.36
103,161b1aa16ef0821c15fc7283d87cd83336b28d1a,0,2,0,0,0,0,0,0,117,202.64
104,31dadf0242e2c4884035f9da1b67d2e916e33743,0,1,0,0,2,0,0,1,194,180.75
105,5a47ef8ecbdf574bb18bd9ee5397188097924558,0,5,0,0,32,16,0,3,27,311.91
106,4328aa02c0fed198331d7bc6dcddf5d5065ef581,1,0,0,0,0,0,0,0,0,96.68
107,33af0cba3bff87874ae6cef61900cd065edad064,0,8,0,0,65,0,0,27,845,713.11
108,49026f11781181c38e9d5edb634be9d27245c961,0,2,0,0,1,0,0,0,248,236.84
109,23ff851f30bb55e794aefd2fae5367845d9230ee,0,1,0,0,0,0,0,0,0,104.5
110,467736c7ad4a24e2eb1048b6fe4211bec02e4a05,0,1,0,0,0,0,0,0,0,67.37
111,05e8a78145fc3db673bb46be8ba1788558c5a26d,0,1,0,0,0,0,0,0,0,77.39
112,d6c45c70fb9773043766446e88370db9709e7995,3,3,2,0,20,0,0,0,302,531.87
113,d22987f01d50549d855ae092b69f520d75bfeb7b,0,4,0,1,20,0,0,7,496,550.48
114,017c00caf44aaad3418cb99d3ef42c4d1b066ddd,0,2,0,0,125,35,0,41,408,358.23
115,54e54f08077c9d71a5121e640b55836e6f7f2c9b,0,13,0,0,46,16,0,53,707,1069.41
116,7009f1d6fffe3866723d1d33a28a4572053eb4e5,0,4,0,0,0,0,0,0,630,445.03
117,478505632edc8f4b51e4ed561d1adf455256c3e4,0,1,0,0,1,0,0,13,343,230.35
118,b6d326b0893e60b350608260fd1bd2542337cb5a,3,15,0,5,542,231,0,74,1228,2126.5
119,6d4991e312548bc81e0f6b790a370b6165a92df9,0,1,0,0,0,0,0,0,201,138.99
120,14e0ce0a47fb7f6ae6dab085b2ea9d5a1f644433,0,2,0,0,51,50,0,4,602,361.71
121,2d96da05a0af7847aca5edc6d003a18be7f5216a,3,0,0,0,0,0,0,0,0,260.93
122,a99f70feb23db9ac4274cad9e8cbbf9934d3d075,0,2,0,0,7,0,0,0,408,270.45
123,f13dd8024d5bc1c11587a3b539556ea01e2c84ca,0,1,0,0,0,0,0,0,400,208.8
124,23d72bccbeeeb0774b86c47e05cdcd1575a5d38a,0,1,0,0,1,0,0,10,344,216.01
125,69b451e28944deb162f7427105c3090f41c8797f,0,1,0,0,0,0,0,0,400,177.31
126,4fcb7acafe4c98cd2930e6d348d456a3eb7f7444,0,1,0,0,26,166,0,25,234,257.19
127,83d17e5b2403a4916d51ab69825ea657f8c802a7,0,1,0,0,284,192,0,3,61,279.14
128,3df46bf4ce9c134cc7b532be3d01f920127be706,0,1,0,0,0,0,0,0,0,80.51
129,594b963930c2054199ed54203415d1cb7917df27,0,7,0,1,118,25,0,22,818,799.66
130,1162cc1dd30e896e8c7a03f960b7d7bcbf883624,0,1,0,0,0,0,0,0,27,78.05
131,be82a2afc9e38adc0109dc694834ca5947128877,0,9,0,0,181,28,0,33,1226,1003.13
132,95c626dc04e033c4349e68d47a3bd6e21b77706c,0,1,0,0,3,0,0,0,43,110.4
133,907ee7b5eae9e163e7abb24f97dedbaa78bc9d8c,0,1,0,0,0,0,0,0,278,153.22
134,006b45c7e5b94e70b3a4200f4646042f3557c48e,0,6,0,0,225,98,0,9,805,746.92
135,f6373e4d9929d123a8474ab7673ee701f63ac593,0,3,0,0,157,35,0,3,358,396.9
136,47c99f38726dd5bd3bf2c2f8a8a999d36b53ffcf,0,1,0,0,0,0,0,0,345,149.2
137,04b0d870b263117e301584bfc00dd8e81486617a,1,2,0,0,0,0,0,0,278,264.93
138,bbb7d97adefe5826f2e02a8e55423ea215c9f749,0,5,0,2,24,0,0,5,276,510.8
139,9a6b57334953ef86603454e5b0d1287ee4281d03,1,2,0,0,6,2,0,40,481,416.97
140,436b7ddc386eb688ba0f12836710f5e4bcaa06c8,0,10,0,0,117,23,0,22,1034,1136.69
141,8b538d62bd7ddcefd177bfed01b10b39fc971bb1,0,4,0,3,52,46,0,35,724,871.03
142,35eaef7bb4ebcf6b209312db774564451b052ca9,2,14,1,2,111,105,0,21,1854,1982.04
143,2fa8c748537a86a8b81b43ab7df060b6e61f5085,0,4,0,3,37,29,0,31,263,658.06
144,13c432f7952de27e9bf8cb4adb33a91ae3a4b738,0,1,0,0,0,4,0,0,260,155.55
145,ff189fa05ccdacac100f3d15d167dcbe561f57a6,0,5,0,1,0,0,0,0,586,449.78
146,689d170ac32ed15af9098faa03a97609af14bf05,1,3,0,0,20,0,0,2,111,276.81
147,f25731265ef63e5440a188b3e5553c31fb9a397b,0,2,0,0,142,71,0,8,175,287.4
148,f8902981c65ac93426c0edc65d10381d7c285ea1,0,1,0,0,0,0,0,0,260,149.33
149,b8b1bca44095df0481fc6bb0d7ea5c06686b9337,0,2,0,1,0,0,0,0,372,332.47
150,fd123965802f900fa474a8d5b1539e62d28bff73,0,9,0,0,172,5,0,8,1309,1039.11
151,845514d62329be8382e6d02b8041fc858718d534,1,8,0,0,87,68,0,1,1326,954.61
152,d88b5bdfde0b6d020e687f6d59ad88d577910ae9,0,1,0,0,15,2,0,10,348,209.91
153,da39931afad8008bc2b385a75a462777be051435,0,24,0,5,185,102,0,54,2765,2481.67
154,9dbeb71ab258955e04b46991c1baf880b07633f4,0,24,0,0,59,151,0,45,2799,2004.34
155,6ec88f7f8a18be7aff12fb0c73fc8abd00ef62d2,0,10,0,0,17,45,0,0,1633,1046.98
156,d1dd1e902685178a990861f9948fe07f820cf4ef,1,18,0,2,102,54,0,11,2361,1682.59
157,b9ceac3ace353526da9c5d0f5b486265c871793a,0,4,0,0,33,0,0,17,787,495.75
158,bcf374da9e0d9ec8d13ecdaf4a1a15691549442b,0,3,0,0,27,0,0,0,755,375.95
159,48b4d6938dfb9dc72c941e979ff0d0c4d921f743,6,15,0,11,117,53,0,36,1187,2554.72
160,7e453df3179efed92d5bbe4ce9ee1d90a07cd503,0,1,0,0,0,2,0,0,297,191.87
161,10d5deac0c00a0f651be1857fbdde6c74d7e9dac,0,1,0,0,4,2,0,8,340,234.3
162,b62f8ea43b6d5307f7274fbe8b7984dd5ee22239,1,1,0,1,1,0,0,1,122,381.22
163,73720113b97ccfcd796a844f87438546ed2e09e4,0,2,0,0,62,6,0,0,176,190.41
164,f5596a851d8e8aa29686b6f9ae18cfa5183dd29c,0,1,0,0,0,0,0,0,204,133.9
165,5e769ccd5bf81f82c90069d4b0e79182a1cfe3c0,0,3,0,0,26,13,0,17,972,472.01
166,7cfdf19b54ab60b9644dcbecccb9130d6621da57,0,3,0,1,6,0,0,0,405,345.22
167,a3bd99811c6ed7b30611ff0592e4ce7bc8537260,0,0,0,0,0,0,0,0,0,43.68
168,37f7d75e3d55c600902cd15c3cb219ddd221d23c,2,18,0,16,89,72,0,5,1851,3244.89
169,f236bc20ff5995aa367089afcd0a6738aaaae754,0,1,0,0,0,0,0,0,207,140.26
170,23f9afb70bc5cdbf66550a1e69161e2fe06a909a,1,3,0,1,77,1,0,5,299,479.45
171,174a43cd09d3a2a2785daf0cfa5ada1646d8bfcc,4,2,0,2,39,0,0,11,632,976.04
172,02e103b75aa6161c27358e83ab2828515c876701,6,8,0,5,160,0,0,31,1244,1807.82
173,2047a9afe1ef9cf81e6347fe27f0051c8758d226,1,4,0,1,35,117,0,18,564,771.06
174,118912e76e5c867a8727f90d40bb969e0e6b65c5,0,12,0,0,146,8,0,8,1460,1086.89
175,693d4ca1a6fbb883fef5a2e7228ad56dd2f95fc8,0,1,0,0,4,0,0,7,285,135.0
176,5a921a3239e8b6c6f0fd6a65093c491ac3e539fd,0,12,0,12,0,0,0,0,197,1123.23
177,6a06e22ef81aae3335ca59c94cb0fc33e9f4ceff,0,3,0,0,24,0,0,0,1005,503.77
178,49822ff836e0fcd2a30bdf994d7b881a9de95cdf,2,4,0,0,54,0,0,8,1048,669.02
179,7233858bea1c548153ed00b7edffd55299db7cf2,4,28,2,17,99,100,0,0,815,3154.2
180,c67ca65889721e3af7527ab26df49a9fb4db87ef,8,4,0,0,11,1,0,2,366,893.23
181,1265d7cb7f56b5f5aad940250dc705a9a060a6f0,0,4,0,1,22,19,0,10,790,634.28
182,dd514b2bb8c476642952bf923de8d4c81bbeca7d,0,1,0,0,6,0,0,7,123,154.1
183,b1ce9494e3a964613d3d9534471df79593514c77,0,1,0,0,0,0,0,0,134,107.88
184,27c099b043704d16a22c33e0602f0ae7295cab25,0,1,0,0,6,0,0,2,373,212.98
185,6e571225d51f5d71ffcfc4d22d108e89ae2f46ec,7,10,0,2,28,23,0,12,799,1696.16
186,28e59a1df7da9bbfc133180ee332a68e4540ee3e,0,1,0,0,0,0,0,0,290,154.01
187,c50d39ea82e282d08163ebe7f0e398de2dc8c128,0,3,0,1,16,0,0,17,451,449.57
188,a4dbf9010754183965772066a9cd2c5c4a49d44a,0,4,0,0,92,3,0,2,511,429.28
189,50a076d1e9929d82107b3086f664a234a1c7b9f6,0,1,0,0,9,0,0,0,54,143.68
190,5338f8432f74054671e9da59ba6f97abb81a03f2,0,1,0,0,21,17,0,1,4,126.58
191,7efa12705d91e21eec527ab49033b01ca5e3e3ce,0,1,0,0,31,0,0,32,207,178.82
192,c553249b4e6d7d385821061f9742f15f90e94def,2,2,0,0,26,3,0,6,156,419.88
193,ef65d0a360ed65180ddd84d17679f24671c66e14,3,0,0,0,0,0,0,0,0,402.78
194,636e14a99191eeededfb933aacfe2459c7c7bb6f,2,4,0,0,76,4,0,2,141,532.47
195,6745435251feab3085056cd2f8c9c400da849048,0,4,0,2,0,4,0,0,148,479.84
196,0785feeb0fae2a4f75a59147197c5138109b1b39,0,7,0,0,97,35,0,11,1046,778.28
197,1d4a0b8811d82a6465015a71194a712679d63efe,0,2,0,1,20,37,0,34,417,597.44
198,d9b1dc70817de9366513b0cbed0b6e0702d473fa,0,3,0,0,22,6,0,0,285,296.85
199,65922b5388561e3ab830fd1f367faa289d205e2a,0,4,0,1,12,1,0,6,226,458.95
200,aa56dfb9e7cea19faa545a13d42d499a6958cbef,0,9,0,2,94,58,0,11,1756,1729.9
201,21443f214fc6f1f51037e27f8ece155cf1eb288c,0,1,0,1,1,0,0,1,42,228.61
202,6f2f1f9843f537b9bda3aa3951a867fdee661761,0,2,0,1,22,3,0,8,105,330.03
203,16f194b20ad9795188f1d7781e7cbca1cd2a6a2d,8,10,6,5,0,0,0,0,397,2199.17
204,71399ffe4c52e2539a5794a17852c8c5b3d5fe72,6,20,0,1,162,26,0,57,1959,2527.11
205,b251bebbcc3074f0491fce988f1d46ccdc97f1fa,0,5,0,3,175,152,0,23,961,1186.33
206,e6f9b9e473f0396743cdfc5236bfd551316fc6f7,1,18,0,0,45,25,0,9,1752,1458.66
207,2e4aed7070f0283e2c1e0e563fdb3324482463a5,4,0,3,0,0,0,0,0,0,514.85
208,d21cb66e7d21ed3d20fc1e13b9a856f764bb4237,0,1,0,0,44,0,0,1,84,144.91
209,38a1b605533632f61f4c23b69933eb496098311b,0,1,0,0,0,0,0,0,142,105.15
210,af42c37899e8fc66590e7f3c4893f8224441f6a8,0,1,0,0,2,0,0,2,277,220.43
211,e6b343302f3208f7f6e0099fe2a7132ef9eaaafb,0,1,0,0,9,0,0,0,129,159.47
212,0b05d3b939c5ed37a4253e7c3614d824e76ed664,0,4,0,0,40,33,0,16,714,496.93
213,13c3e049fbf22522c90c2a0b4b4f680b974d9bea,0,1,0,0,0,0,0,0,82,116.28
214,1ac2640f8095262f423c770060b737f81652e211,1,10,1,4,9,2,0,2,1826,1374.61
215,b6fe164dd6f9483469c0b0661c24467e33e91cd9,0,8,0,1,42,18,0,26,1143,915.75
216,9855bb9c655ebad0ed5586175452056466189b8a,0,11,0,7,8,7,0,4,578,1381.07
217,8838fa8010c146af6aab014a41bc7e68318b4eb0,0,2,0,1,3,0,0,0,487,444.6
218,443cd9ab0db5223b7c85ac8333f2fc1a0e554870,0,4,0,0,39,0,0,0,996,444.06
219,1b5687b9e4cd10e0f91fb921d3569fdd44be163d,1,6,0,1,16,0,0,11,842,654.45
220,217eb90444ef6a6aacf95997666768ee849e6769,0,1,0,0,7,0,0,5,113,259.35
221,d9ae33d4c0473ef53a9ea560536467333136c0a0,2,7,1,3,10,15,0,2,393,758.61
222,1cc44830b90688f1a2034243b8ee03b97101f75c,0,1,0,0,16,0,0,17,112,146.05
223,eec222e9828b36064827f206b398655aa2d4cd29,0,1,0,0,23,0,0,7,53,139.45
224,9d8dd9f104aef3a9db9005d85bc55a15f851d258,0,1,0,0,0,1,0,2,42,114.23
225,758272267c811bf559336ea45571bc420a62a478,5,24,3,4,173,43,0,19,1721,2970.41
226,e466ccd711ae00c5bb046c18aacf353b1a460dcd,0,4,0,1,13,0,0,0,128,389.2
227,5aa5f19d38eda33f32e170e14bcd4fd0d2835fc0,1,4,0,0,63,23,0,10,356,479.34
228,421de0a3f93f8d21f7ca0f1287a4305c00edaa08,0,9,0,1,62,29,0,19,1171,871.13
229,ef5d168cc8f10ad4f0efe9df4cbe849a4b35496e,0,10,0,0,137,28,0,20,1758,1158.67
230,b30d68a4e31cb49c2e664bb2e3263e056a27db40,0,2,0,0,272,26,0,55,464,396.33
231,a4551773ca8cb3c1b75cea873715f30053d88f47,0,3,0,1,75,23,0,43,420,434.97
232,76bcccd61f61d33a4a4d4db02043a2f0063d0d38,0,1,0,0,0,0,0,0,283,154.23
233,33e879a389aeaff3576064b10a0f5dea5ad391ed,0,6,0,2,35,14,0,32,260,598.74
234,a76660ac811eb6e2cdf36a110ed4afb5bf3a617a,0,7,0,3,66,12,0,18,758,924.73
235,c006c5916ef7a8048ed55db64db27c7b64a3af59,0,26,0,9,240,26,0,43,1762,2176.88
236,23cc9c77b27889bb7d71d7ea74b80ab96c4529ae,3,10,1,1,134,12,0,10,2286,1569.21
237,f4b87deefecf4902992a84d4a3fe3b99a94ff72b,2,5,0,0,111,294,0,24,366,821.89
238,13ba57dcfc45e60de281cc55125e7446322308ba,0,2,0,2,6,0,0,3,326,439.52
239,69af573b35f04657e31f60e636aba19ffa0b2c84,0,0,11,0,0,0,0,0,0,182.51
240,83eaf3284fe8535bd06743a367a469d3d01946b1,0,1,0,1,3,0,0,0,3,285.05
241,bce664b42a0c414dc19e2c07406cf6f14890cbd1,1,2,0,0,3,0,0,0,357,399.57
242,ae5a5d7c08bb634576a414f6f2864c5b8a7e58a3,0,3,0,0,1,2,0,3,1163,504.7
243,9d9bb708bf59c93672306cd731b89d7df114bba7,0,5,0,0,7,3,0,7,1335,708.98
244,04827e6e999c1b5e89e7dc8b1573ad263e66cd56,0,1,0,1,0,0,0,0,42,175.93
245,ea702c384fcfb5a46c5d1354498e418c5801ed30,0,1,0,0,2,0,0,3,361,193.01
246,e0098b4567541d1c0cefc6f57ce38f67a9133b5e,0,2,0,0,3,0,0,7,604,417.56
247,a8ccdc6154a1e10982cb80df82e8661903eb9ae5,0,1,0,0,0,0,0,6,202,148.44
248,124f73b1747a574982e9ca491712e6758ddbacea,9,7,0,0,88,4,0,21,672,1464.05
249,d60e2ea581289a02efcef3b692bbb043fbdf3199,0,1,0,0,1,0,0,0,264,156.31
250,370ce2b4b73b60ca52a4fbce246f3fd87b8dbf85,0,1,0,0,1,0,0,1,111,160.43
251,ab5ac264a71d7f895b21b4acfd93d9581dabd7c1,1,7,0,0,26,7,0,10,986,730.55
252,4a3d244a2cb95654d18368de6e5b67661d4f4f10,0,1,0,0,74,31,0,1,265,252.45
253,1a36af80b79a634a652e594d8240924ac32376ae,0,4,0,0,34,0,0,0,141,295.75
254,015862348002cc6d1148dda0555fe88c27998982,0,2,0,0,13,7,0,0,372,248.33
255,0f00ec97ae328d04c29cb1cb3eabad3f17e31582,0,2,0,1,70,1,0,28,296,432.61
256,fa4244745fc363410fd5bc21e0b045f8124a8f9c,0,2,0,0,46,16,0,9,585,366.03
257,7b3d1bf6a398f5b1f454a7719d04f5ee9e630f96,0,1,0,0,4,1,0,13,178,191.81
258,c213952fa180c56908ef70c01a784d24202beb55,0,1,0,0,0,0,0,0,284,144.57
259,87b894d682a5f10b2e1d32dd028ddb258f2f1bbf,0,2,0,1,15,0,0,2,88,236.21
260,e14ae66e721f98ca7c18d35ea022e6de733f4c03,0,1,0,0,0,0,0,0,99,220.81
261,5e8958a856a5b4ccbdcb610473cab4c2eeddbac5,0,11,0,0,8,10,0,2,920,838.13
262,d07bb1814010ca4d822e44330d1e8ea4b2839c80,0,4,0,0,0,4,0,1,160,319.54
263,c18a1bd64e7f8416e8256b968fe1b9e2da553b00,0,1,0,0,0,0,0,0,284,182.87
264,4a0e011be3d038763d6326bb0092524f809c3f4d,0,1,0,0,25,4,0,4,121,152.04
265,1dd558aeceffdd98da83f8240cdc3bf8bc182c93,0,1,0,0,2,0,0,0,238,158.83
266,ea971397c8c1b8deedc48c4165aded42118eee43,0,1,0,0,0,0,0,0,284,135.74
267,69269e76a43adf85a478240280c6ab3c7eef4d8e,0,2,0,2,0,0,0,0,281,439.05
268,9fb1e25738f89b75a36ef69f730b0e138ccd55b1,0,9,0,2,95,15,0,90,1722,1476.91
269,a5382a333ebb51a10c1a1cab46d66f10abff128a,1,1,0,0,0,0,0,0,46,182.83
270,13e483adeee8d968397a21bde3bb159516f26ff0,0,2,0,0,6,2,0,4,436,299.17
271,cd54fc8816964f5a56469075c75c567e777b9656,0,9,0,3,85,21,0,14,2084,1640.94
272,23f36c5903e9b65c2b322a9405149de671de7a23,0,2,0,0,1,11,0,12,253,261.0
273,268392f5e99dc3eab9d89e921bafde782a1d10a6,0,5,0,2,192,9,0,36,401,794.73
274,ee6b5e044c5a4b8ec996b05da76a21c191a95149,0,1,0,1,7,0,0,4,221,270.9
275,ef92a8ae7479560b26edecfa8db79934065f13cf,0,27,0,0,89,22,0,85,5528,2948.7
276,991aad23baa2f55d405d374b0a01785acdc63974,5,11,0,6,54,19,0,4,306,1481.94
277,98ea82a8913b4d34e67a6c7e5fb6f149be6bec64,0,1,0,0,0,0,0,0,77,92.28
278,6e5bd2497af2b6bb67a47e4f3defa50da3cad4c7,0,5,0,1,4,0,0,7,563,634.97
279,ec466d358dcd5ff9e035a6d5de82ada12d187ae0,0,2,0,0,9,28,0,12,464,340.22
280,3b350cdff795ec08dc77e60f127f2790149d8d52,6,4,0,0,37,1,0,6,186,1089.35
281,9d23b512ccb95940782f51c93bd6cdbed3e938db,0,2,0,0,11,0,0,2,316,267.11
282,fd8af25d0ae354e962850c9d6b5991056613aa2d,0,1,0,0,0,0,0,0,284,172.66
283,3f3358b6d4374662f5ca57c6e93e009b58a6b2a2,0,15,0,5,0,0,0,0,2364,1970.14
284,fdac34e6ab2a7760c170f53556fec7dca8ee9b22,0,1,0,1,0,0,0,0,7,131.92
285,841d2d1a26af94ec95c480dbf2453f9c7d28c2f7,0,1,0,0,14,3,0,12,362,197.88
286,a2a417caf9fa4f177e099fed7d2a9b8d1942a9d6,0,2,0,0,0,0,0,0,254,144.47
287,8c754c45af57a3249232268c6093cb4f50e1d45f,0,40,0,17,32,13,0,10,2301,3376.03
288,fa4ffb8767da18b2b84ef3d3cbeb2d4c5b804dbe,0,1,0,0,1,1,0,6,264,214.56
289,a0d21407cbdd3b7cb73f52c986aa2f60804618e7,0,29,0,6,17,0,0,6,3413,2749.68
290,64b746bd8b4dae17d7dd804f0e7161f304e2d8ee,0,7,0,1,0,0,0,0,320,418.77
291,bde49e3711a45721a0d1df9acf3ce2e5a8f990e9,0,1,0,1,1,0,0,0,17,166.99
292,ea73356905ff4663d0d085c46b348fa4e9b9568d,0,2,0,0,4,0,0,0,322,231.63
293,b93f48f7494e1db4d564b6c28772712ee7681620,0,5,0,3,112,19,0,4,1111,1039.44
294,57df460f8d7b225509dd8c061a5b6efa65c8ac9c,0,7,0,0,16,3,0,0,208,438.52
295,b0b3e5aebf381faf81bd9454ef7b448e2ad922c7,8,6,0,1,29,11,0,5,516,1583.03
296,23d607dc2174f8d2202d438fa65e03e951591fcd,0,1,0,0,0,0,0,0,24,100.79
297,5aad4999d1a1d35d61365ff57a9b79a6af3e70d2,5,4,8,0,41,13,0,0,147,1001.96
298,85039ab43664577524bf99453cf2b972d3724f60,0,2,0,0,6,1,0,2,464,346.94
299,a9ff3f2eced76a0aa13804439101c2897916e250,5,5,0,0,6,0,0,0,55,673.99
300,4836e525c851640e0da9d8d11321621a2c70e8f0,1,7,0,0,71,7,0,8,674,1030.84
301,40d731b8712950122915795acca43886851a73b6,19,20,1,0,77,13,0,0,926,2812.6
302,7059158c48ec05288c0b45ccac05d62b38f1bf76,0,1,0,0,0,0,0,0,284,170.35
303,9c998dd8cd4a489512b6ed34a05afce88a0b1ba2,0,1,0,0,3,0,0,0,25,148.49
304,c9114488b3c266fe60cf96426bfa143b4b8109c0,0,1,0,0,0,8,0,0,45,103.85
305,2adeb214b1e366e36deef045f8049406f7b3773d,0,1,0,0,24,0,0,4,128,185.2
306,3e5afbfa0dd4ddfca65fae1f3b2a268ae1ed2025,0,1,0,0,8,0,0,7,76,152.85
307,4f22705c7d0c8e8cab68883e76f554439341e34a,11,4,2,0,46,18,0,3,300,1525.05
308,a3d3d5379df71e7a2c653d06ebf1b30923dde738,0,4,0,0,164,3,0,31,636,743.79
309,0c32bc99265c4645fad2e3244dc2c697bfd9a229,0,1,0,1,0,4,0,0,70,233.16
310,a62eb5993f5517a64dd1020b0a9bbd1012f7ee67,6,33,2,1,73,19,0,8,1633,2635.1
311,f75e3350259c6df11719ee0a55f5780c136f3d26,0,2,0,0,4,9,0,1,156,265.45
312,0a7f2bf335e426b12f717ec7f6d51779d56fe59b,0,1,0,0,0,0,0,0,129,105.69
313,23b8740d82e4c009fcfb4827f7cd673210bde3b4,0,1,0,0,3,0,0,1,233,182.28
314,959cf09e8653f4b8255f49c6f4c258ed1a5ec38e,20,15,20,1,31,43,0,0,1192,3461.11
315,79cda0472b8e3af915c45daca9cce82d7c964182,0,4,0,0,13,0,0,0,360,550.97
316,21c6cfe50dbe818a392c28f48ce8891f7f99aaf6,10,50,7,4,316,76,0,10,3994,4856.48
317,a19729fe61b23178c6f91135cb81901f76f982f0,1,1,0,0,0,0,0,0,36,158.25
318,c197113a9c04e2f6c2d1a72161c0d40d5804490e,11,16,8,0,17,1,0,16,1707,2203.5
319,5ae97196ae149e58f6cfa3c5b6d968cbd7cb6787,5,20,1,0,29,8,0,15,1983,2241.62
320,82c219149027e8d96840af98d32fb1b877ab4ec2,0,1,0,0,0,0,0,0,284,313.15
321,9ffa907d704b424ad05c18d834cfefdc1c7ad22a,0,0,0,0,0,0,0,0,0,55.04
322,523562c109b29cc5a5e56313f16f1b1ff6c5dd9c,0,6,0,0,37,52,0,18,739,686.17
323,91491986c0a4c9c4cde2ab33be822852b76759e6,0,3,0,0,7,3,0,7,236,343.46
324,598851f19cbf444c1f2530ec27543dd606b6fbc9,0,3,0,0,8,11,0,4,292,258.51
325,181df80dc3ac04b544501f3640f8727842e272b4,0,0,0,0,0,0,0,0,0,45.88
326,4adfd7960c4bef187454d1ff5186f3be690abbf5,0,2,0,0,0,1,0,2,557,604.3
327,86a9036a7b03c8ae07d014c25a5eedc315544139,0,2,0,0,123,4,0,14,253,297.82
328,8189f9d58002ec0092737741bf6c74eebab4dc73,0,5,0,2,0,12,0,0,40,336.86
329,95174337c2f6cda90e213e5c3a73fc89854f42a7,1,12,2,0,112,19,0,1,575,1687.15
330,1d80f563bcd043cd464003782802906b60a0ade8,0,9,0,3,255,120,0,48,1304,1429.33
331,77683c3cb0eab8c85eb13d0e1397cf9ee32586b6,0,1,0,0,0,2,0,0,85,117.68
332,f8598f96df3500cdea15a913d78de201469244b0,0,1,0,0,3,0,0,3,191,174.8
333,0a7b20e2863b2519e63d85bc83610e63c58c6d46,0,1,0,0,18,0,0,33,229,218.06
334,9b47f9a7f631ad4c84ab305126e71d74968cc967,0,1,0,0,1,0,0,2,443,256.39
335,dc662776cde8e980a3f978041adaf961edf0fe7d,1,1,0,0,2,0,0,1,34,184.7
336,fa05ee727960257ec4b9aa92e1b46348a5450cf4,0,2,0,0,3,0,0,0,49,127.97
337,4ee68b43c180d1f68648c0fb388a66b1ed0023e5,0,3,0,0,31,3,0,16,633,510.04
338,d2fc6f36cc0b98d4d0acaa62ce3f2283c4e60581,0,2,0,0,1,0,0,2,376,296.36
339,f7ad3d1b1fe24f3d33caf5f168d1292d4ae0b979,1,1,0,0,0,0,0,0,32,154.63
340,feda3f68e98b5269431db9f2a5f131c03a16f651,0,3,0,0,32,8,0,8,767,728.91
341,0eaede4dc95846e2b8f7452f41c58c0122e7a563,0,1,0,0,0,0,0,0,284,162.72
342,6352a30f46f2da11a8dc3e58912d0a2db8284c35,0,1,0,0,1,0,0,0,392,197.75
343,b5e6b8671a5b6d97d5026261ae8d62b54f068e53,0,2,0,0,86,0,0,6,579,500.36
344,d5b43b19bb06e9cdc606312c8bcf87ed267daf44,8,9,0,0,99,34,0,13,1660,1712.13
345,c1f8f689af43f5ce5a95dad86537db4615449694,0,1,0,0,7,0,0,18,393,244.3
346,5092e7f8347d17d1b6e509424cbebf2406d8d4ba,0,1,0,1,0,0,0,0,37,177.36
347,330274ed1c8efd2b1aa9907860429d9d20f72c3c,0,15,0,2,77,151,0,8,1377,1439.12
348,f141e647a4a3daf618b48073058320ecaa3671d0,0,1,0,0,8,0,0,1,400,171.84
349,d7fc7cf6154592b7fea494a092e42ad9d45b98a0,0,4,0,1,65,0,0,24,444,657.1
350,8c90b1a98acb1222a0e907153bf52a85af0fe443,0,2,0,0,11,0,0,7,355,273.74
351,eee95228fabe1643baa016a2d49fb0a9fe2c66bd,0,1,0,0,11,1,0,0,50,155.95
352,d2527af99a9bb1007f7fe63a0cd7d27a55182857,0,2,0,0,18,4,0,0,152,207.23
353,ff7b0f5b467bdf553584fb253b00f460dfbe8943,0,3,0,0,4,3,0,6,706,395.79
354,982ab09a790c6dbc2e1a5c52311103fd14ab5233,0,3,0,0,9,6,0,2,299,264.21
355,3358e1682f034a82afd670be95505b2f620c78c6,5,0,0,0,0,0,0,0,0,624.21
356,878b78acb68d0fa62eb3c8f21d572664ca2bcdd0,1,2,0,0,1,82,0,1,226,433.14
357,f7fe9ccb466f85c417a545eb8acc4d61047c9f09,0,1,0,0,0,1,0,0,61,134.33
358,14b688e00ddb54a5c8451411d269721484be875f,2,1,0,0,13,0,0,0,37,290.89
359,0ce9163989cb9898df7e74245cbc2ee37d729670,0,5,0,0,16,0,0,2,245,408.27
360,c00a036e068ea5b33363992abc0499affa7ca2d7,1,0,0,0,0,0,0,0,0,281.5
361,73ecd7a1797a023039fea365a08dbdba4171d10b,0,4,0,0,107,30,0,18,903,682.5
362,f7d019ed408fa988129be9af3689bfa4878bc627,13,28,0,13,364,124,0,63,3637,5695.41
363,1bfaddae9c7d8b40801a28c4806f61e647107c93,0,2,0,0,3,0,0,3,231,232.59
364,fa05752ccd9ee4996f252aa5ed71f10f28e80a52,0,1,0,0,13,0,0,3,172,171.96
365,13b8fb295c3becc27e7954af623fe90b3062409e,0,9,0,0,91,2,0,56,1418,1027.95
366,5db2c99e15a4467489b495144815ac8334c2c5d4,0,4,0,0,45,29,0,2,553,438.22
367,d51dd5fc7475ad29bea8616f77e1183a8fa9e000,0,1,0,0,0,0,0,0,294,144.46
368,4e0ae79d5c9aec04c014aca55cd4823f89b933c8,0,1,0,0,8,0,0,0,138,150.63
369,d501cc62ddcbbddcb114a40527d3e4f71f501286,0,7,0,0,56,0,0,2,591,613.35
370,845c6eae1f6c6bcf117f5baa53bb19b4611c0528,5,21,2,3,151,105,0,21,1808,2484.43
371,5da935ef78ecf4a671bddc632cfd36ef65bd6f6d,0,8,0,0,0,4,0,0,694,628.0
372,79662cc7cb139c33888148139f44fb4b1ac0fe56,0,1,0,0,0,0,0,0,190,180.73
373,002b377dad9c956cd0ae0597981f29698883b6d5,0,28,0,3,127,16,0,19,3200,2410.63
374,2a58ba9fd893979f89aec251579b10f5cda41d10,0,5,0,0,81,18,0,61,1065,690.4
375,f676cfeb83195f032e3ad8908288a7e04011c830,0,21,0,1,27,3,0,1,302,905.64
376,cfc324333fa13e06ec7ac5ef3a09d8a6b6b54485,0,2,0,0,5,2,0,2,291,249.01
377,00a58f8e1e0c82c2948a8fdfacf812ec4865b339,0,1,0,0,10,0,0,14,202,201.54
378,b9eda22d71aa9896cac90798c7e888a04f14549d,0,1,0,0,0,0,0,0,25,82.91
379,079c88178dff4b3a4c9de55629e7d15b60e5f562,0,21,0,4,9,5,0,8,3168,2058.43
380,7079f57f70dfb5e731baf0a19bbf16e7364c15bb,0,2,0,0,2,2,0,2,295,394.64
381,25bde48e6a43b0a2c1c9430eb560b43e160ae3ea,0,1,0,0,0,0,0,0,294,175.44
382,5761a9ec7285cae9167fcb10f0e800e2a048511a,0,1,0,0,0,0,0,0,262,159.75
383,94c234341907b705ec34dd2b390899435286e242,1,2,0,0,6,0,0,3,28,250.2
384,689309135b3d75c2c6e7b215aca2e8d42b435877,0,1,0,0,0,0,0,0,24,104.83
385,818080312364940e4a6e964c22ec54e133b8ec02,1,1,0,0,0,0,0,0,105,209.42
386,f0a4125d3edf4ff28399584e7800addc026f5d08,0,4,0,1,182,0,0,1,62,569.93
387,e403b3c4bf8ca308fe180b093da20700f4db73c5,0,5,0,0,34,17,0,7,1104,650.22
388,764d8ca9eb0aba6099ba289a10f437e72b53ffec,0,8,0,0,71,44,0,42,1358,967.38
389,241c3ebb2803f1e09306fb06f20a66e7a60ca3c8,0,24,0,5,22,3,0,1,4193,2753.49
390,deb2b004cb983baa9e2fbff47b39a6f9a243623d,0,1,0,0,0,0,0,0,55,92.09
391,951e30adc6d4a0ed37dcc3fde0050ca5faff146d,0,4,0,0,31,6,0,16,668,678.72
392,355076cd262dd071287a1c8586ae0f9635e218e3,0,8,0,3,0,1,0,1,593,1082.58
393,fd6efbe0b7f18beb506f112350b30b7209a2f5cc,0,1,0,0,0,0,0,0,28,106.53
394,6eacc0de303e4d29e083b89c1f53615c1dfa291e,0,3,0,1,19,0,0,1,411,436.56
395,6834b91e349f2ed4b8ff5c97eb3b0c390bc27648,0,1,0,0,4,10,0,0,236,202.83
396,9a836d0154efe6ea1effc688567186cb56265bf4,0,6,0,0,53,1,0,18,424,635.49
397,958e10c87ce293c3bf59bb9840eaaae915eff25e,5,25,3,1,85,18,0,49,2933,3141.02
398,30e78fa00650b258f3ab5ef6c9bdf5ca137289c0,1,4,0,0,12,0,0,0,1240,780.76
399,5d0cd7667f7e584f05ab4e76ed139fbafa81e042,2,24,1,2,105,125,0,38,2206,2963.05
400,4332175c11dda5deb491f27a6ecf66661676ca47,0,17,0,1,1,4,0,1,3172,1766.15
401,b6c6291e1f42b2ca1fbcdaf662a2a868c8881921,0,5,0,0,48,40,0,14,846,633.93
402,eb823281a52f3b27c3a889e7412bc07b3024e688,1,2,0,1,7,0,0,10,122,346.85
403,95eabc8c8b383af84466d4c2cfafd0920e5a52ee,0,1,0,0,0,0,0,0,370,168.78
404,4f048c4f194a90ded5f0df35e4e23379272d5bc6,0,2,0,0,14,0,0,1,315,274.51
405,8d8e3aaa6172d314230a8d61e6892e9c09dc45b6,0,4,0,0,1,8,0,0,1380,530.05
406,99cfb99aa161007f2ceae33945d11b968d932175,0,2,0,0,0,0,0,0,294,202.43
407,73c79000edddd929cd0af25f4a29fcc682a1c9c0,0,3,0,0,94,13,0,10,303,319.26
408,ca77d67058726fc9df9bdd7cc0217ee62ccc5106,0,2,0,0,0,0,0,0,92,168.54
409,d6b450ced57bb5ab8a7164358e6a360f97a7b5cc,0,2,0,0,0,0,0,0,294,200.55
410,255b5e13863a95cfc327236856db2df188f04d49,0,3,0,0,0,5,0,0,497,304.68
411,80d78f81470f109dc6d221f755b039c7332bb93b,0,1,0,0,0,0,0,0,194,134.56
412,419e268d6fe9695e31e9be299c99573522a81dd0,0,1,0,0,3,0,0,0,6,116.28
413,2dc17230f90be60c6c08061600fdf79c8e5f5b52,0,1,0,0,2,0,0,2,12,104.42
414,d3a66a65365579e9320347663969b30c1148e497,0,0,1,0,0,0,0,0,0,66.19
415,d691faf98cb573c4e92748d95d5c8afc492db806,0,1,0,0,0,0,0,0,24,105.87
416,23b50093f4100ce7fbff325cdc92ee6cf3c54102,0,6,0,0,0,4,0,8,250,391.71
417,78fa20eb58a948abd9ad4e44acfed606400a47f3,1,4,0,2,94,0,0,2,147,537.65
418,1fbe445dde71df0023a978c5e54dd229d3d23e1b,0,3,0,0,69,0,0,15,474,427.73
419,43d5078e981bbb25fd81cdc8ba4c339cd2d3f3d2,0,1,0,0,0,8,0,0,266,174.81
420,5089f547d5d64a0235e1b4adc327a0cb05eb4ca8,0,1,0,0,25,23,0,0,204,367.96
421,2788f2dc73dd62c35c87842d02d23a0ed6a62e97,1,1,0,0,0,0,0,0,129,293.69
422,ae939467e8aec38f47e2474e74e7ab7ea29c2840,0,4,0,0,8,0,0,19,160,334.13
423,bd5325dd8be7c5cf920acee2aa33b3c288bd551a,0,3,0,0,5,7,0,5,584,404.83
424,ef3f053155c73af053a36a2e50047c5a49cd30bf,0,1,0,0,0,0,0,0,294,147.18
425,b94a7812beeb840926871df84838f35ca7b76ffe,0,1,0,0,0,0,0,0,247,151.59
426,83cf38545be4614bd1f6b1759ada851fb38d63b0,0,2,0,1,4,1,0,0,289,395.18
427,31e263e8294e94de3d2c44d2ab3a827ab904e247,0,2,0,0,1,0,0,3,88,164.21
428,4ff667711ffd477872adbd3e3e39bd94eac6e763,0,2,0,0,18,20,0,15,332,229.77
429,893e79af88016f1d8659e72d48a25d4a825b8867,0,1,0,0,0,0,0,0,370,165.2
430,9c34df1511a769b272893b75ec1ed90d38cc9576,0,10,0,1,133,23,0,12,2337,1288.32
431,3a58407e2e0aee0bb2c5e343fbe98c7f28fc6f3e,1,23,0,4,152,60,0,12,2316,2128.57
432,9beafae23a83774fc1d9ea811d449eac34240363,4,4,0,0,47,12,0,3,388,729.59
433,cbdd70ec0de4b4d6d04b62580a5a67ea69311c4a,0,1,0,0,3,0,0,0,265,170.6
434,2a8fa287862912491d1e118c52a2d194d8480075,0,2,0,0,32,2,0,2,958,416.39
435,8c59565761a42984335294683c3501df8427ce62,0,13,0,0,25,0,0,38,511,997.59
436,7c27989860e7e063bfec3c679cb6bc8fd52abc84,2,5,0,0,37,1,0,0,527,666.5
437,c76b6e6d9bad2278076054f5175a2b053383388f,0,3,0,1,2,0,0,1,139,260.17
438,40fd456649b5df29d030da46865b5e7e0ca6db15,0,11,0,0,29,4,0,10,770,947.89
439,319c6e7195143c1fa4a1e5b34ad923c2b73f373d,0,1,0,0,0,0,0,0,252,195.05
440,ba9456de2ebf1a34bdf5f6f62a701875822e1923,0,39,0,1,9,2,0,54,3549,2780.14
441,667ff7ef737612773c50908d2b3cc829bb5132c7,0,3,0,0,34,28,0,43,607,400.08
442,5236bf60debbb0c08010315a92dd3fbfa482e871,0,6,0,2,335,1,0,21,588,772.37
443,89c67727c2793bf56b0b005a7d758beebedb5aed,3,12,0,1,515,21,0,31,1945,1697.9
444,a5f1158c317e22a79c4186d1acb04fb25ce6e56a,0,1,0,0,2,0,0,5,128,157.1
445,0bf61039c858af17260878d4815dbe7fb1645f90,0,4,0,1,0,0,0,0,508,494.67
446,8a863ecee7e5dcdaf66a55b91040a7893ffdbf66,0,6,0,0,105,34,0,13,1569,895.06
447,9d71489ff0e62fd1897c7a6f54671673db7b37b8,0,14,0,1,12,2,0,0,1585,1158.92
448,5c547475d86aa336f8b3c4bb69faff39759d5df5,2,4,0,0,13,64,0,0,274,464.32
449,74e6dc842559d344241c70cb6607a69291e3a20d,4,8,1,1,64,10,0,0,398,957.22
450,bc5051565171cf65b4ed7dd4d9ef269d66a1021a,0,3,0,0,107,83,0,59,762,433.74
451,e7d04c2515be158d9a7f0ff0d7571bd41287d91a,0,3,0,0,20,10,0,6,734,418.19
452,a02c8aaecfbd13838c2a062bac1455da352028fe,3,11,0,2,21,72,0,14,1058,1296.14
453,18dd1986bd354e8c7d75982112fad848780a6b33,0,1,0,0,0,0,0,0,61,131.6
454,088ab3eaadb2389b52aedc049b6f1f0d4b5fb989,0,1,0,0,19,32,0,0,28,170.74
455,9d37b9f4b6ba228ff7f7b99c8a0921a971fc03a6,1,3,1,0,0,0,0,0,890,533.26
456,1a73629bb43bbc781e5a968a61f6079365bc75b7,1,30,0,3,231,146,0,203,1949,3470.38
457,2790d0cb1fc6ade216f2c1bf2667a0ebb53d85e3,0,1,0,0,0,0,0,0,266,165.19
458,33d745e2dcfa7a9cac90af5594903330ad774cd2,0,13,0,0,134,7,0,100,2434,1604.85
459,8407dac6ee409d832c95533e6f1d5578511232ae,3,5,0,0,9,0,0,0,505,679.81
460,94aee2143ed5290d27cdd4072c6ae9bb70a6ba30,4,0,0,0,0,0,0,0,0,609.27
461,316389d6adfb1398e30ca2ce5d586ea94d3f3110,1,2,0,0,42,0,0,8,210,279.99
462,3a496f480d002a4512273477eda9d92731e600c3,6,3,0,0,22,141,0,11,301,953.68
463,68433dcfdc0ae078ee4e7d278c286a9b7c1b3e76,4,11,5,0,33,18,0,11,450,1067.32
464,4ab4e4af814fb791fe6e8c2bd3381da8ca80b0b5,0,43,0,4,10,46,0,2,1430,2352.07
465,fe6c481b38d6b1b61341e4e1a6237f64accfbfbc,0,1,0,0,0,0,0,0,294,155.56
466,e50327331d7d4e2854297a377f6701d737599672,0,3,0,0,8,0,0,12,195,294.06
467,69d9a669d7bbfec1e33dd6177c5687ef7f9977df,0,4,0,0,187,25,0,13,360,490.56
468,3414d56121d8d2f66f8dd613453af71d5b3f0c5f,0,7,0,0,0,0,0,0,61,351.17
469,096b8b84e0dba8cdf0e0f7afae8d118a68e06e6c,0,1,0,0,3,0,0,0,36,92.79
470,d0dedc6314bfd83d9b2b9a9557e3168e715981da,0,7,0,4,114,63,0,32,1247,1313.14
471,60380e31d4bf6688d8d26ec44cf514a3c32731cb,0,2,0,0,33,15,0,2,21,171.81
472,94d1878a9b7aaf57c7520fb5bdcd2f05aeec5853,0,2,0,0,24,0,0,0,272,218.68
473,9eaf529ffb168e44a461be24b666eee00fdaf497,0,3,0,0,0,0,0,0,443,384.7
474,62253539d87e1ccb353673ed96adc98fb2d854ae,0,1,0,0,0,0,0,0,114,118.97
475,88e5d5a9a16f4831b8a178355d38d203febe85f9,0,2,0,0,2,0,0,0,327,216.18
476,b3d2c0dabbcfc8e5d286e181450029adefc9fee8,5,1,0,0,0,0,0,0,56,541.27
477,94e12a2e1fbd2f43821643d67a0d91f03b3f94e5,0,2,0,0,20,0,0,12,202,231.68
478,50aacd660d4c4212ffa4a9dca7d45bcfe50af833,0,2,0,0,7,3,0,3,249,231.07
479,768328689a59fa0984c099768136328e529e9fee,0,2,0,0,0,0,0,0,0,110.49
480,ad316509787787afeed6e2a24a62fd22cadd09c7,1,4,0,0,2,0,0,1,1051,841.1
481,32bf83e5a792c5ee9eb88660da71b73aad5bbc02,1,7,0,0,29,9,0,3,2032,1034.23
482,b6cd0e2791e0e6a6ef02d069b3001ffb477f7c6c,0,2,0,0,6,6,0,0,408,261.29
483,7f4e3ccde820eedd962b4cfd3abaecd8a49b83a8,0,5,0,0,0,0,0,0,260,278.29
484,6856c5c214fb0a40b18cfb25db3dadae320c4142,0,2,0,0,51,0,0,9,222,255.16
485,2ff955044aa875176aaa58a9be4a79c494a3fb27,0,8,0,0,287,13,0,43,1922,1140.27
486,fec2d41bc2bed9f4effbd9922ca487bb02e5eeae,3,4,0,0,16,51,0,54,919,845.08
487,c4bbf342432291220242ad4177fd72a959ddcb94,0,2,0,1,11,2,0,3,41,299.0
488,8fe2552239863f3a01d01708d55edf3c7082ff92,1,4,0,0,34,11,0,17,585,490.85
489,62b9fa22545a8e254b4ffd07ddc5bd3315542548,0,2,0,0,0,0,0,0,735,526.42
490,d1bb2b9df105169c47f16d057c887acb7f8fe818,2,7,0,0,62,3,0,28,1975,1190.3
491,8911660e2e7d9553502974393ad1aa04852c2da2,0,5,0,0,341,3,0,54,1858,1018.21
492,ff8580da6fb1d65b206df544ebd574222abe7f3f,0,1,0,1,6,0,0,0,26,152.6
493,f96da638ee9a4e1e47ece1ea337ee071d911c3da,0,1,0,0,0,0,0,0,259,128.2
494,9575e93070a480eb1ef1e136a67ce0226914b937,0,4,0,0,3,0,0,0,213,246.3
495,1182d61deb23b5cd86cbe462471f7df583a796e1,0,2,0,0,29,3,0,19,290,257.12
496,5aedde5b29cc5a1adea4c65d5c44fb657f162eab,0,2,0,0,26,1,0,2,84,234.0
497,ac434a4ebdc36338ff707c38e189f9d1668ff423,0,1,0,0,0,0,0,0,45,89.72
498,f34164eed53d791768f05df21f4dfeca89859b2e,1,1,0,0,5,2,0,3,45,196.7
499,c36cc60f73ca1fe956fb8792bc538b1fdebb712d,0,1,0,0,11,0,0,0,49,113.43
500,177b2d0bea76f270ec087ebe73431307c1aef5a1,0,10,0,0,42,14,0,20,1148,1145.2
501,fe27d8f787f38428e0add36edeac9d694f16af53,0,3,0,0,43,4,0,13,652,423.4
502,fee6f6f927b36ac74bc4a8b233711234558f3b51,0,7,0,0,31,5,0,21,361,610.25
503,d5366471d2c1a611f2241362041debc0118e5422,0,1,0,0,0,0,0,0,266,155.36
504,ebed7ce3604d32d1b502888bc188904b43e5674f,0,1,0,0,0,1,0,2,113,160.43
505,f79db1a4234b4af75a2d027c86df62d77ba3d29e,0,4,0,0,0,0,0,0,119,288.88
506,7b7c4a7bb0fd25ddca4e4bdde9e605b3d5a1ba70,0,6,0,0,0,0,0,18,312,443.27
507,3fd9be49ac35adaca401f58552b3ffa68f8d4eaa,0,1,0,0,9,4,0,0,35,147.88
508,107205a7f17a4b1e235089668cb283bf16fbb88a,0,1,0,0,0,0,0,0,313,182.18
509,245fa2bd8c08bb17c0b2b7aad4aba145d3c49783,0,1,0,0,0,0,0,0,50,137.04
510,0cee0c321897b4fca4409651fdf28188870cb2f0,0,8,0,0,143,4,0,24,1962,1328.01
511,4b28d38ca463ff3788885a904591a5699127158a,0,1,0,1,0,0,0,0,26,155.69
512,eb6f04a8b12194b9e13e2a28d8ffdfa971516d68,0,2,0,0,38,1,0,0,181,258.43
513,da8517182d2f30c4e03b33b38d41d2fa33621e24,0,2,0,0,24,6,0,5,61,238.88
514,b8ea094b427768bb360d87fc0a07f670cb667e1e,0,4,0,0,27,26,0,3,132,494.79
515,9ff54cb5dd99fab83533ddfdf0ed89508e5525fb,0,2,0,0,43,6,0,5,471,394.18
516,17668e81c95d89f6543657351abc0a18004ecde5,1,1,0,0,3,0,0,0,16,204.5
517,1ef7b494bbd937205ecd14dd30e625c2efdb3aa9,0,7,0,0,40,0,0,0,649,649.91
518,fb42558e2500835722a4e5028896ddae4f407d6f,1,8,0,0,141,0,0,90,1279,1350.99
519,eb2619cac0849dd54db956e87781d143a57b2477,0,1,0,0,0,0,0,0,73,112.17
520,54ba2280f0c42b0bd3d74c197f97d8a12617a847,0,4,0,0,40,0,0,0,376,708.78
521,7d9d1cb2355e33270703280ed6bb712033b03d26,4,29,0,0,217,115,0,88,2894,3122.36
522,47f5ae9e9c902e18fc0f7f153da945de2839c3e2,0,1,0,0,2,0,0,1,265,186.91
523,751fe9309011b99f60c1cb03c23a47d0444dce05,0,3,0,0,10,0,0,10,429,314.97
524,0b0925a16f6cc94ad96fbc4dc2bcf48bf96557e6,0,1,0,0,8,8,0,0,49,126.47
525,91135ea33a7231e9b17cfc74c78dc5223475834b,0,2,0,0,8,3,0,4,59,162.51
526,2c9796114d0a9638be79b4165d0096c7a63babe7,0,2,0,0,127,12,0,9,356,310.26
527,50781b75d8368ae67cf06d15ea11579a2aa4fb2c,0,1,0,0,15,0,0,14,331,201.79
528,8b7dce87a744837e5b3bba41b3e3c4c408c78b7f,0,1,0,0,1,0,0,0,41,98.69
529,36cab7dbdff6981d0df4b355dadee3fac35508a6,5,4,0,1,19,28,0,0,570,1133.87
530,41a54358bececc42ba680267281ba01b3f33f77f,0,1,0,0,0,0,0,0,250,142.33
531,88924b03d511132212ee5d8dec02063deb8313f1,2,9,0,0,137,189,0,11,958,933.23
532,54f9a7012c05f3e2993463727d7e199e8589e68e,0,1,0,0,0,0,0,0,430,138.59
533,0e0b632b926f52451495ab254e74ab87848cb353,0,1,0,0,0,0,0,0,0,82.12
534,10abe858bd892863f1d01c29bfb6d0f4206de2d3,0,1,0,0,3,0,0,0,180,176.57
535,96ae0a5929bcd784dc632ddadf083bbedababbb6,0,9,0,0,14,12,0,6,1086,925.78
536,a34f78dcad1d7844a21d0afbf0f6eef183847d0d,0,2,0,0,15,0,0,8,123,214.03
537,44ad7b574e376f958cf1d3893156d666f904cdd3,0,8,0,3,63,10,0,6,1442,1091.21
538,32e24b7c28e357c051bbe21b08c4e8c6d45a3907,0,1,0,0,0,0,0,0,313,163.73
539,f1323d4ffa451b8c7965d51f422f0933f35ff828,0,1,0,0,0,0,0,0,313,179.02
540,31b4460cf9a520bd019ed98949ebfa9243e6e4a6,0,1,0,1,0,0,0,0,180,457.26
541,d7de59a579af5ba4ecb1aec8fed84054f8b86443,0,2,0,0,12,6,0,6,541,444.35
542,12fa188b9aaeafa337c813f4a84a3117d6bf403f,0,2,0,0,4,5,0,6,281,349.73
543,b64302f9cea0e3e95d740cbe7bbd4c64e147301c,0,6,0,0,43,2,0,8,547,779.84
544,7218648ae7ac1ce93f3ff25702b99c3af236fd0f,0,2,0,0,8,0,0,3,322,291.78
545,efc4c88811c93d11eeffe61310b7f8652ca73ceb,0,1,0,0,15,6,0,9,135,248.14
546,542350d616e4638958d133d1d5599acf8546ed06,2,2,0,0,1,0,0,0,262,482.0
547,4b5ed36c2264808c33f92ccfdc456a19af3471bd,0,1,0,0,0,0,0,0,160,120.65
548,a5da2a4f4c3b9d1917cbafc0e79d8e8318f7cbff,0,1,0,0,0,0,0,0,0,109.25
549,f8a7ace9d4e508d29d664418446c37783a82cb3b,0,1,0,0,0,0,0,0,6,107.27
550,383cec9cf38607cdfbda0256d3447d253dcdde7d,0,4,0,0,1,0,0,1,227,303.28
551,c439268224e3178002bfa28bc048722870f992e3,0,2,0,0,40,0,0,12,330,296.5
552,136a8fabca8e266f67897cf5471b2e41c0a341be,2,5,6,0,69,60,0,3,329,780.01
553,98dfc4b307c2e41a7fb0fff330048aa9ff78addd,0,1,0,0,2,0,0,0,339,151.39
554,3537063a52b97b6d46f6bd17e3f03e1b03630a3e,0,1,0,0,1,0,0,5,361,224.31
555,f17790cd9952aecef67fbec58122c55c72e5c2b2,0,9,0,1,22,16,0,6,674,847.66
556,9f94a7752a590c36186a7eb1eee16e992ec68c97,0,2,0,0,71,0,0,9,613,409.27
557,fbc5185543fd4895c7c81ff55b3c8b4c25ac7600,0,39,0,2,48,32,0,11,3138,2924.58
558,114945cb6297f909a7b1272bd61e17b662d42d24,0,1,0,0,0,0,0,0,352,174.06
559,14934157df7aaf5e9c37a302ef9fd9317b95efa4,2,10,0,0,22,95,0,26,1452,1287.11
560,72c6b7d84a6f1bdece804d7e42642b7505c4a4eb,0,1,0,1,2,0,0,4,72,445.16
561,9991086671b0a74bc5fd5698ba81aaf9a2985404,1,6,0,0,48,5,0,22,592,691.0
562,933a7506efb57add31a1e9dbd984c1230128b855,0,15,0,1,119,0,0,6,1392,1343.78
563,1ccab26a325e6ee23396049a24a5b6eb4b7a1c8e,0,14,0,0,27,5,0,15,1783,1252.66
564,427e638517d2efedb7e7cb1387b1c59363cda21d,0,1,0,0,0,0,0,0,104,127.65
565,932bb84c837807eeca3600007ae3030561fdcb37,0,3,0,0,60,19,0,0,704,444.28
566,aebab7cab6af88f777c1fb83604a1573554549a9,0,1,0,0,0,0,0,0,0,72.1
567,4059f07216a07db0cdd88b46db40914069171838,0,2,0,0,49,0,0,6,269,281.02
568,8deedcacb68ff8ebae802e086ff706ad7e5f38e9,2,3,0,0,61,2,0,7,163,484.36
569,ff557f02ac628edbe220ea69888d39de834527d3,0,4,0,1,151,90,0,22,771,774.42
570,131f96868aa24f38f69ee2ab769ea3f289e5c1fc,0,2,0,0,0,0,0,0,775,317.08
571,38c65a9a39081068e05e3222ccb0dbc3c9f56942,0,1,0,0,25,23,0,3,93,152.18
572,cd767aee45fd522fb8dbbd911a5a82fc0f9d2623,0,3,0,0,2,0,0,3,486,277.63
573,f7976d2fc1793d0f635b42eb4dca3810e40c4cc8,1,1,1,0,0,0,0,0,118,217.49
574,3bb38d37b7a3fe2dc794c717df1d67e8f9a8af21,0,1,0,0,0,0,0,0,103,103.16
575,bb629f2243c4462db2a863793c190d734f11f3c6,0,2,0,0,62,0,0,1,105,250.08
576,e62dd4cb770e3662524d4f2f50547549e3ab2eaf,0,1,0,0,0,1,0,0,145,135.72
577,c840f2a95c2e247c384315846067daa839df77a7,0,1,0,0,0,2,0,1,272,186.31
578,7d513055671664433a783e4a62e9cbad6c44fc83,0,1,0,0,0,0,0,0,0,84.67
579,6fb33afff976e467bfa8e0b29eb82770a2a3aaec,0,1,0,0,4,0,0,3,60,140.25
580,3dafb81da788294d4c2e9811f49437608e5b9ce8,0,2,0,0,24,0,0,0,100,429.2
581,778fcd0e9192c8de4c17f23189029d5c1bf98e2a,0,1,0,0,21,24,0,7,378,234.14
582,91b4e3c00d84bf05387d55869062a2f988a8a4eb,0,1,0,0,6,0,0,0,29,101.54
583,da015585a94755d2e499e6fa4723cf1397404e7f,0,1,0,0,0,0,0,0,37,98.97
584,fb65ff40a8d89bc7ad9b079cf1f2a8b902abd182,0,16,1,0,23,2,0,14,2763,1627.69
585,68b5d014fa3bf2e18da253ded2bbcd4f5d4a9d8d,6,18,1,0,412,15,0,126,2674,2505.53
586,208ecae23994812d2a707b776de6b95d9f591bb7,0,3,0,0,26,12,0,14,761,428.34
587,b18c3f5caba51a07ec514b5d04bca8b85bae3748,0,1,0,0,3,0,0,0,33,104.44
588,be36b322749003581474e2c84a3ec9ba2aaec53c,0,7,0,0,65,3,0,21,2003,1088.22
589,ae237be1bbfd7d1b84a5095491a6131cd3cc9346,0,7,0,0,18,5,0,39,1556,793.93
590,11f1801c3b637ac1d355b8e35f9f879f3b946517,0,1,0,0,4,0,0,2,222,191.44
591,05ed54bf2b80691d413dbfa05065eb3afe33972f,0,8,0,0,78,0,0,12,2208,1077.04
592,c5d26c4829583c95af7ca9e961a4d3954f8e09eb,0,1,0,0,114,0,0,13,226,216.24
593,317c4fdede41f2026b34f473af1ad69f8ee62a1d,0,11,0,0,312,215,0,110,3166,1685.79
594,7b16b4731666ff321fbe46828d526872ff5f56d7,0,1,0,0,8,8,0,13,378,237.84
595,d851ce76fdaa469dcaed7f66340574529d79a3cd,0,1,0,0,7,0,0,6,109,145.94
596,a2bac70a6634e9a78734d23158fb7e45f290ea26,0,11,0,0,85,22,0,31,1865,1223.01
597,313aad423cb19618b8693af6f04b68138059c585,0,4,0,0,74,0,0,2,273,410.12
598,151288fe1f271391ebb53b14ff3146cfc3a4daee,0,1,0,0,0,0,0,0,126,99.51
599,36044fdc544f1b6b4829558691e0e7d280abce99,0,2,0,0,15,0,0,4,612,362.8
600,4cdb96f4c396e331ec98fe881ab0255e247bc62a,0,1,0,0,0,0,0,0,118,356.47
601,bf3dbcba4fe5fd8185a529ba216acf20f7e2d02d,0,1,0,0,6,0,0,19,130,165.94
602,08ad2be0da23afdaf6af05213005c9f765f39d8e,0,1,0,0,13,0,0,0,102,91.74
603,d4c379832b525d1a9c20c5cb84f0e586b9d977e0,0,1,0,0,0,0,0,0,259,136.73
604,190239441878d73ad0c50d59c73bcc8717a12ed6,0,2,0,0,13,0,0,2,279,246.84
605,71f7e7c3a29e8f7339430837065126256907bd2a,1,11,0,0,109,181,0,95,2777,1807.52
606,b91eeac9438b8718c410045b0e9191296ebb536d,0,4,0,2,16,2,0,9,613,730.43
607,bc397db0e13998160f0b4e723211d6662ca7e964,0,1,0,0,0,0,0,0,276,148.63
608,8f3462552fa4d6a6d70a837c2ef7439bba512657,0,2,0,0,27,0,0,1,700,429.71
609,a960faf5f48025548de71a84b16e0ccf2a1837ca,1,9,1,1,193,17,0,15,979,1047.45
610,ed639e8263d9409a9836a55938174122d6ff3ffa,0,14,0,1,34,0,0,11,2175,1343.38
611,de1b853c3ed326cf296a56538ca9570b0ecc0636,0,10,0,0,4,0,0,8,1120,830.7
612,d2acd676c3eb0c11d0042bc3b9ae314165c68443,1,3,0,1,7,0,0,11,622,703.45
613,16469d7f94f0a7d82c2a74515ab0903ce6ca9c5e,0,1,0,0,0,2,0,0,364,179.33
614,2586226a9a5300fea427ca001608ad86d393df1b,0,3,0,0,20,9,0,2,329,361.7
615,85c441023b2cfb0860115a52ad36075a618b0fc1,0,1,0,0,0,0,0,0,27,112.19
616,eba0ede878bd9c42431cc702bc58f56354c595a6,1,14,0,8,99,24,0,17,1524,1640.19
617,69ebf6f7be2fc0e471ebd5b7a166468017ff2651,4,24,1,0,215,83,0,60,3073,2653.93
618,6cf2cb6f294d0d4766f57e9da660fb4efac7d258,0,2,0,0,46,3,0,1,430,294.79
619,eb59c8124e41fce176bfa6087d5aa4dce18f3642,0,1,0,0,0,4,0,3,305,231.03
620,54767bbba5bf18c01f50bb40c339433bfed09627,0,5,0,0,266,51,0,36,1445,864.69
621,4af50bb8600c37ee2e3597fba9a54a29cef94afa,0,7,0,1,239,43,0,34,1469,1080.48
622,1933f12a5368f1f60816d986a2777fa324754f80,0,2,0,0,24,20,0,2,1120,461.26
623,a7ab9cb83d2c47d980b0b9f6b702e01bd1cf4139,0,1,0,0,4,0,0,9,305,220.43
624,f2cd17010267b0e219d339d4bbc1157f5290cdfe,0,1,0,0,3,0,0,0,390,331.26
625,084a19e9acb43666cfcaa2ca155a775d47cd8b39,0,2,0,0,33,0,0,14,997,537.02
626,f197ad4997032a848540a7d577b5846f76a26bfb,0,2,0,0,42,29,0,1,1118,488.91
627,d4366610241321a58d62c0b919d60ccfe3c3d698,0,2,0,0,46,4,0,68,456,349.96
628,567cc3d78746391a3b050d4eea76571e4bf20e89,0,2,0,1,36,0,0,10,832,674.13
629,ecc1fb10fad39c2da82731a36552cb5dd9ac2858,5,31,0,1,126,2,0,108,4130,4313.25
630,69356fbc6e76ab4291ff4957f0d6ea04e7245909,0,2,0,0,6,0,0,0,59,389.51
631,8c07e0f31d6a7b6bfa119bc557da6781324758bf,0,1,0,0,14,0,0,3,309,370.05
632,896ad63f14c5240207daeedea304c62c8fc7bb7e,0,1,0,0,7,1,0,12,164,201.83
633,431c3b0937da103b6e79e9f970c0862898205909,0,2,0,0,68,40,0,41,828,572.54
634,4e1c7d844f743e5b439447e645fa41d2f92b8b5f,0,3,0,0,35,8,0,6,1197,757.29
635,eaaa433fc97b86450833d8fcc8c9289ea35d47c0,1,11,0,0,189,40,0,60,2606,2059.32
636,c195003cb6e05f2d8c49285ff7e77b1cb3aa4361,0,1,0,0,0,2,0,10,321,261.25
637,24f81ea764a493b4422b6a3ef6b3e771d0e4d63b,0,1,0,0,5,0,0,0,99,183.09
638,a632716a3c9a871f325c6f13aefa9aed0add4b82,0,1,0,0,0,9,0,0,118,176.02
639,4112bc3af7bec63ae1248c1b9db745ba8ac4c63c,0,1,0,0,1,0,0,9,91,148.82
640,b75245cfbbefc712103b9329da0f27a205baa6aa,0,2,0,0,11,10,0,2,508,592.32
641,a208478f37f216324a87b530f18f30ecd79601c8,0,1,0,0,0,0,0,0,358,257.96
642,0c25c73782e6e70b8f37e3dda2fa2a5b0b1c8c65,0,2,0,0,17,0,0,7,202,273.23
643,0c4cc5a4466d0dfce01903c29d97af3e428597f3,0,5,0,0,23,1,0,6,688,549.63
644,c526c0c3f6f153ef8f84a3e66d9f997d8c31e20c,0,1,0,0,6,0,0,0,219,186.98
645,d83cde7cabe4e86951c6760e68e65b99752cfe0e,2,12,0,0,148,36,0,29,1216,1411.96
646,aa506a6919e8ec0381657db2c2f15dc1f62b00f6,2,14,1,0,111,24,0,10,2847,1901.56
647,9edc71230ee7b77fd512f6d923e76469508c3280,0,3,0,0,153,145,0,20,643,605.79
648,43c30b8c3970d6a6252490c42b3300c445d80d37,0,3,0,0,11,0,0,5,400,461.65
649,4292243009c066c9ab5477ce886d8eb00534587e,0,2,0,0,1,0,0,4,130,202.08
650,5f3746d135697f364aaacf877ce288267d00b9a2,0,2,0,0,11,3,0,2,157,182.72
651,451d263bb4df844bc4a359c320e7265ea25f3c8e,0,2,0,0,1,0,0,0,247,260.81
652,f8b69aacd4ed1af1263e46b93879cea2d855df3b,0,1,0,0,0,1,0,0,357,196.2
653,8124f6e0996cb673760750b3aba004ae11e34c6a,0,1,0,0,6,0,0,2,392,225.36
654,c78a3b173d019e8bb58f4e31c94bf4dd3f7ab614,0,2,0,0,21,4,0,1,191,232.42
655,7115c66aefb11efa802e61a42bcc13fadf92598d,0,6,0,0,36,5,0,8,1965,982.25
656,c9da62794547ee75a7e2ade1aa8bbf4a1443c49c,1,11,0,0,111,76,0,10,1605,1376.68
657,454f6845b34d0e3faabd9427f3cd8bbe6209c30d,0,1,0,0,5,3,0,0,427,278.98
658,e876df8b37fc6ea54b0a0571306c4a833c919cda,0,3,0,0,3,26,0,1,324,343.22
659,6b91f83fbaef26fefb9ec221529c29872a04c004,0,2,0,0,3,0,0,5,909,427.21
660,e972d2afd31913acdef8979c6cac7cf48f99da7b,0,3,0,0,0,0,0,0,36,462.01
661,72d5675a7cfc64a5547b921672856ea4afc4f4c2,0,2,0,0,66,22,0,1,605,377.09
662,c04486f4a5ec1101e6f1344658db359647ffa791,0,1,0,0,0,0,0,0,362,159.72
663,65f6a7964f5e59e789eae3cdd4d301bb6a649064,0,2,0,2,5,0,0,3,266,511.12
664,1a67739c2f3d0418a8f2d8f7b15d5af2ed3a324a,0,4,0,1,78,9,0,5,444,530.18
665,e7663a306f40e9fcbc3096d17fb0f99fa3d11d1d,0,8,0,0,23,1,0,31,969,1144.18
666,6199c62776bf3ce9467703ca651a0119b261e60e,0,6,0,0,30,12,0,20,1629,900.9
667,925310aac0b6a0fb32e3e2d614198ffc78f34f96,1,19,0,1,185,63,0,44,1431,1869.16
668,179d4dc0f2a23d7e67caf4875a0563e74027933a,0,2,0,2,29,1,0,3,433,599.31
669,b51002c576ea9758132d75a8a0fe454e1bc270a2,0,4,0,0,70,0,0,7,821,576.37
670,46666a1f64af3617d7f47f50fedf3b9a6ae5cddb,0,2,0,0,3,0,0,3,116,162.42
671,4c295a78446be6eba24ca4a9b7e506657e55c875,0,3,0,0,36,4,0,25,1077,714.75
672,62c0972efc525cc0677bd3fd470bd9fbbd70b004,3,16,1,1,203,96,0,86,1583,1966.76
673,7afdad8c37cde4a32ad7ce66ca7a878cf730495e,0,2,0,0,0,0,0,0,242,188.69
674,b2fa0d75df6ae2959da8c3dbe7d83f692043e577,0,1,0,0,52,56,0,3,60,169.21
675,a4413fc8a42b0222107cad20835e4461141c2ea2,0,1,0,0,2,1,0,8,363,218.7
676,dab3617e1af6efe9898b2675d7266272107d9105,0,1,0,0,0,0,0,0,15,74.53
677,a4ab9d02a22e77f0ebca0450e608898d83d4fe18,0,22,0,0,98,64,0,200,3371,2273.84
678,29ea4b0f1481aa2ee29694f2b469c16059f9c17e,0,10,0,1,152,15,0,18,1314,1107.13
679,18223415b091b0c05af4767191bb97b366aa8fa5,0,3,0,0,6,28,0,4,238,253.72
680,76b070284142635d2be78e8f86e779dfdbb0a2e0,1,1,0,0,3,0,0,2,31,425.66
681,fbbe5821c26d5e4c7d0dff130ea722fbf90169d8,0,1,0,0,2,0,0,2,126,195.59
682,508711d09e7c6070868aadfff1b2627e77f7f3d9,0,1,0,0,2,0,0,0,20,120.74
683,5e7190cf83860190d54815aab957a58c26fd816e,0,1,0,0,0,0,0,0,356,176.13
684,0a659e50f7d98c0a195a7dca4ef9f117ab2aa257,0,2,0,0,12,0,0,2,345,298.39
685,7868e657757d66aed13546dcdba97feeba8f1b14,0,1,0,0,0,0,0,0,27,112.09
686,8f2e0a5ec1dd285fcf47e2df396b897176c2008b,0,1,0,0,0,0,0,0,118,122.02
687,471a2ab17df66c52e0a98afa81e0b360560a5e9a,1,3,0,0,13,0,0,0,420,435.78
688,92287849e46ee0dad360fcd971c6207aa11777a7,0,1,0,0,0,1,0,1,72,108.76
689,11766ad31861e0350178f59127e471fde2b20970,0,7,0,0,8,0,0,4,1420,830.2
690,8ab8f37b43e3274ad0d8fb3883e3f432992058ba,0,3,0,0,0,0,0,0,15,188.37
691,f1e1b6e744cde036d75678575bd5e32c608ecdb1,0,2,0,0,0,5,0,0,220,220.59
692,a66ca1624c692d30b7ae1e25c29915331cbf41e3,0,1,0,0,0,0,0,0,516,211.06
693,6972d9476fc036d5fdcc59fb82fb20f063091df8,0,1,0,0,3,0,0,2,3,128.41
694,cc62b4f844ca16eee974e75b736af87b7532de0d,0,1,0,0,0,3,0,0,3,84.27
695,0fc1898bf6b91ac5f79dbf3da7ebc90da410876d,0,1,0,1,0,1,0,0,73,216.51
696,64a860c5853e21ff91109d0acb74b42f2dc20c7c,0,8,0,1,48,97,0,31,796,913.41
697,7282de39f7b7cef1ca85f21771f2401a4a67eaec,0,2,0,0,14,1,0,4,1168,507.04
698,b7d36b7261ddefea68667a65cc5e2ee0734ed4a1,2,15,0,2,233,37,0,99,2991,2088.2
699,31203efcb20b7efcbad5984b377ad87c58673dbc,0,1,0,0,0,0,0,0,404,183.29
700,39a1c42dfc78b1a55df1312c66daec4a491f0708,0,2,0,0,0,2,0,0,59,392.63
701,04a13e82a6cb6346589262faf65e8b484a1948b6,0,5,0,0,27,22,0,13,750,736.79
702,e53babab9cada20cc54a18c0fd63aa5ab84fd012,0,7,0,0,241,23,0,60,2158,1450.43
703,44f61ba4f96df995265f9cfa004aa49c82b02374,0,1,0,0,0,0,0,0,356,202.84
704,724cddbc56fec227727db4caf75c77adb62438e6,0,2,0,0,94,37,0,11,202,274.09
705,d98ca230a14b0aedae752fa97f5d55b3a0c49b9c,0,6,0,0,17,20,0,6,1016,567.47
706,1503f7603c1d5e0511bf71175d84bde555c80e9a,0,6,0,0,34,18,0,10,2115,951.33
707,f9d7808bab52a0a6fa879aaac0b1da80e0f33adb,0,1,0,0,44,47,0,1,420,280.26
708,ea42d65354b5905668d45dedae1cd1f7f39c888c,0,5,0,0,145,8,0,30,1288,838.19
709,b65f9a777d46fbe4edfed8a4c7216dd1e741be53,1,7,0,0,137,56,0,55,2240,1213.38
710,b45a67ede9021985c8df87c633b225231092c0c9,0,6,0,1,269,68,0,30,817,733.14
711,128d0ff91d84a3a1f5a5237133f9ec01caf18d66,0,26,0,2,93,2,0,1,3963,2441.02
712,93804d50ffc40fb6cdc61c073f4a62f0931f042d,0,1,0,0,0,0,0,0,547,239.22
713,34aa538bf3e0a38fe61de66a4536dfe48a6cdc57,0,2,0,0,21,13,0,19,352,330.3
714,a4592a18641f84a1983c5fe7e697a8b0ab43eb25,1,13,0,0,106,111,0,16,1574,1365.79
715,e9a67a8daaf4be35f292dd06ae3c7797200658fa,0,5,0,0,129,0,0,16,898,706.58
716,1949a76bc4189534b853e21c476bb11172fa3fc9,0,2,0,0,0,0,0,0,0,147.6
717,006630fd93d8efb823e5b5f7d61584138df984a6,0,1,0,0,3,0,0,0,155,147.34
718,36528df088a28b4373f148627627d7c116297209,0,1,0,0,0,0,0,0,359,217.09
719,9684487b43234b0800d31f689bde48422b7faf87,0,4,0,0,4,3,0,1,638,412.34
720,7f8edbc8e848d22b1cb016a7208bee1e52a65b73,0,1,0,0,12,1,0,16,463,526.04
721,9bed8fbcfc52ced719f2dcafa3f30cbfd5e6bd57,9,12,1,1,22,1,0,10,1121,1524.66
722,7c7becd4cb88b372d199b05661f8efb1e1d022e6,0,1,0,0,2,0,0,4,551,259.46
723,8e9e1776790abb0a9b103f75d0231dd66d09e68f,0,2,0,0,20,7,0,10,1357,570.42
724,1d586cb50a94540f6b931a8d525ba75273f314f0,0,3,0,0,39,7,0,57,1002,629.91
725,f0acc4a0dd49c80929c36a073733c0147b2cd64a,0,1,0,0,1,0,0,0,394,346.19
726,efeaf129890c2195b4753d5b9eece4f1b7cdf756,0,4,0,0,5,5,0,11,1505,720.37
727,859113786957a36381222f21287a940767e92f1c,1,3,0,0,85,2,0,18,1015,581.77
728,448f194c70e7a66ae2f1a7e89c822032359b14c9,0,2,0,0,13,0,0,3,495,300.33
729,ea724497a85e922af6acccd02d7e7466871fb339,0,5,0,0,19,1,0,25,1522,1048.7
730,e36e8079d8a005550c5281ecebb4b7b622cc41b1,0,1,0,0,170,145,0,1,28,210.1
731,c2cfadf254c9d5da14db1db9a4a3889c20192f60,0,1,0,0,0,0,0,0,0,89.3
732,233cd4b18af83e9f9eadfaf048cdaa1888faf546,0,2,0,0,29,0,0,0,864,363.56
733,056ed86600ebf884057ea24daafc9e3b1ab85b81,0,3,0,0,52,10,0,5,1141,578.67
734,b58b6a1bef0ecdc2107a415e222af099fcd9bce3,0,11,0,5,181,71,0,20,1683,1693.23
735,d6b0b520fc0755fa560af84f5fc4c9f86699739c,2,16,0,3,271,93,0,80,1573,1921.84
736,8b84d14c6fb338e9e6a6d41fe0a6298a63cfc5c0,0,1,0,0,1,0,0,3,230,198.65
737,a5c15ba0374acbb43f69b1a556077e4ad53332e8,0,16,0,1,15,13,0,7,1453,1095.03
738,0321bf5aa67b52d7fab82a326b15ca8e058faee6,0,2,0,0,37,0,0,6,100,225.57
739,0f86dbe89da19ed1cc9142a5362cfa2fe3bc48ee,0,8,0,1,84,36,0,21,1950,1181.2
740,baab43f0d218e743693a933c0d6c44c428ebfc93,0,1,0,0,0,0,0,0,0,376.98
741,9eb665c39af1950548f903ad959449f2e69d7671,2,11,0,4,100,15,0,3,895,1400.14
742,88a439ed8e78803ae47783c3e5a75d4e4cad2a77,0,2,0,0,11,0,0,14,244,287.11
743,3d7e88456f14fbac66309973f1334cb32c10e3ea,0,1,0,0,0,0,0,0,50,107.47
744,cea2a669b34b2f94d445aace2b6e95e70af7e2f6,0,16,0,0,298,43,0,31,2295,2139.32
745,a565a77b1f9c42e5255afc096b58602869cb0cc5,0,1,0,0,0,0,0,0,11,115.67
746,6d6c77a7a9c102f7508e4bc48e0d6eba1fcbc9c6,1,25,0,9,249,88,0,41,3147,3609.15
747,7959bf50696f309c7bf8022461b8cad113ceda8a,0,1,0,0,0,2,0,0,165,163.8
748,d3572648b6c3524784fc3f60964a7f28817cbd55,1,1,0,0,9,11,0,0,25,222.04
749,2e1bcf661df8f22ee05f5bd883a8b501588fc4e2,0,1,0,1,14,0,0,0,45,235.64
750,64514ff5ec2ec9616dd7b11308d8da4f095edb37,0,12,0,1,0,0,0,0,0,484.07
751,5401a17ad7b9f0879cf66c4dbc6167512c2523a8,0,1,0,0,8,0,0,0,106,143.74
752,54e2bd210029b124be4835d5c50c56aa5edc5b38,0,2,0,0,8,2,0,2,756,502.64
753,275c5e1df237808fe72b8d9933f826949d4b5781,16,10,0,0,131,2,0,20,1069,2257.69
754,fe82330f0be1d478b134732a9d29c229b37afe3b,0,7,0,7,13,13,0,0,531,1408.14
755,75469a3b602c26ea81d6fc0a409d39d321195ea4,0,17,0,1,226,2,0,50,1412,1312.61
756,a95170f822227c50414c57860e8547dc2e9d84cb,0,69,0,2,208,36,0,37,5704,4951.29
757,4b71c0bdc1acf244e3c96fa809a1a0e48471d586,2,21,0,0,156,127,0,119,3961,3067.8
758,3d60f1e64350710a5fd2a6036da353cc83195741,3,54,1,5,718,202,0,157,7518,5937.57
759,ecff8544dd45e8cf0fcf04f5e0e716d3e21c9f20,4,46,0,9,459,162,0,40,5846,5678.51
760,f72203ee9223d3b724ee67bdad9912612dd72f63,0,7,0,0,209,8,0,30,2939,1520.24
761,23dff4b04a4c4cd338b5f39c9bb7d384857c482c,1,5,0,0,103,4,0,34,1480,925.62
762,3c60511655df3349323e394bdc3836300991352f,2,13,0,3,19,8,0,6,1021,1260.14
763,a1e8b507d274f03f542866d72b14d9d664acfad0,0,1,0,1,0,0,0,0,34,158.42
764,b6011918fbc36bfaa465bdcc750e2435985d9101,0,5,0,3,15,0,0,2,330,594.63
765,ad8ddf737aea629b607693dbb2ee631937db698f,0,1,0,0,9,0,0,19,183,182.77
766,2eb32d6a70bcdef86bf87f9afd56b70de9df505e,0,5,0,0,12,10,0,13,1533,697.53
767,8d9d847904e28759b44ffc87752802e8e6f1f659,0,3,0,0,12,2,0,6,634,382.12
768,d25671884bbbdf7843ada3e7797573a00ac7cd56,1,5,0,0,16,3,0,23,798,722.01
769,6496271a11003195d703292a68c6a6c04e56d79d,0,3,0,0,0,0,0,0,717,373.17
770,d1956d4b6c3ab30cba78bc6f6034ec20303e4801,0,1,0,0,0,1,0,0,48,116.4
771,fc0d612b0806032675b433a48f56ccd04f7e52cf,0,3,0,0,72,2,0,1,49,293.56
772,e90db3e3af0718a80d729809186d45076e71a241,0,18,0,4,232,50,0,82,3081,2491.43
773,da57bc27e7cb52cb1e817010ed5101188cbeb68e,2,7,0,1,62,0,0,38,943,972.78
774,d2f6b934bcbd8feca561e050ff8e18d0a4db7d61,0,1,0,0,5,4,0,5,214,175.87
775,7a84b241eeb8cb63400a9512b066c3f733f94b8c,0,5,0,0,72,0,0,43,2265,924.42
776,825f225bc5706b16af8ec44ca47ee1452c11e6f3,0,10,0,1,41,0,0,0,1242,907.71
777,73b7ae0019d387407375f3865e263225c986a6ce,14,24,1,7,177,326,0,36,1898,3746.7
778,e3bdc84d864a5ca655f985473770f7b7cb24b79b,0,5,0,1,55,69,0,83,792,712.11
779,fd6d7bcf335166a524dc9a29a50c96af8f1c1c02,0,3,0,0,3,0,0,0,96,231.25
780,1974e1b0e54abe5fdebd8ff3338df864b7ab60f3,0,22,0,0,56,71,0,41,2439,2162.64
781,ccb183f9fca20a37b9b39761dedcd197e3cf2033,0,1,0,0,0,0,0,0,0,120.73
782,961ebca57fdd4f8f84df8cf26a835f07ea1718c9,0,2,0,0,3,3,0,0,151,228.28
783,d8a77560c2fa2c209353e3ba2366ad3d4cfdf22c,0,1,0,0,0,0,0,0,344,167.84
784,4a6f2c6cc0647a08f016a2d712a01ec02630cf87,0,2,0,0,18,0,0,1,87,179.93
785,8e2cbae8b12cd71f99f13953b744163f68021323,1,3,0,0,44,65,0,12,688,568.88
786,a37bf5fffa4a607ded14ec055276d76f19df2d50,0,1,0,0,20,0,0,28,136,298.99
787,50e035dc341bb595decbac0851354a10c90b0e06,0,1,0,0,3,0,0,6,218,159.92
788,a8aa75616602363847848f004fd0b1a36d0de78c,19,2,0,2,16,37,0,11,117,1700.07
789,dd897bdb2e9cc8790d1e0494fb7867a5cd09ecc6,0,2,0,0,36,27,0,2,24,202.23
790,3400d0c3cc07d5d3136bf9a19142b36cca93f92d,0,19,0,1,233,80,0,114,4865,2484.97
791,3bb0d3cd888c29a002400253d9ff84ce73ebc03c,0,1,0,0,10,0,0,11,66,125.76
792,7837d3e54850fc6ecd16f9bc4dd28a02779572c2,0,7,0,0,52,64,0,54,740,686.53
793,3df60e7eb8b6fb38cd560708f5b909a9b2e61de2,1,0,0,0,0,0,0,0,0,190.99
794,675881b0f1138c6c09ff4700b17f008ea9053aa4,0,1,0,0,3,0,0,0,106,147.7
795,abe19fe693d81ea65a018041f157c58ebecd014d,0,17,0,0,0,45,0,1,1429,1161.51
796,448c1a4114798892bef60d44199a07a86fc4505a,5,1,5,0,0,0,0,0,344,702.62
797,2ca3e59bb6054cc8ecf6926a74859efe3df000ba,0,10,0,1,26,22,0,5,1295,967.93
798,0971e62e50b94a74aae170fb49d1e532e39b2136,0,13,0,0,13,13,0,5,2085,1218.98
799,8b3c6c0a1c1bb8f098a7013dbf9c2cb97720e106,0,12,0,1,23,18,0,9,1567,1231.85
800,135488352cbe646334a274418d7014a91e92057f,0,10,0,0,157,63,0,16,4208,1958.39
801,5b4e299a46a8ee92e450c54880408713606e4f52,0,8,0,0,88,33,0,39,1710,1014.53
802,1eac3f33f5de3490046203a8e408970da161b84e,0,1,0,0,0,0,0,0,88,104.56
803,ca0c071c108c9fd31a759e1cd1c4f89bdc5ac47e,3,30,2,2,249,105,0,38,3297,3568.68
804,89fb02aa81fe67f5a506f579e463f30f3020dee5,1,3,0,0,45,0,0,14,289,465.66
805,4277645d25e3be0276cb443a36c7ebaa0638034c,0,11,0,1,43,12,0,13,153,789.87
806,ec76ea343616df27ae2a4e42f5078e081d5878e2,0,1,0,0,0,0,0,0,498,227.37
807,1bd11b23ab55b25d5669813f47ad1d5670c6ec9c,0,5,0,1,0,0,0,0,0,396.92
808,9213de8f14dfd2754d913667ae9a703f76277022,0,2,0,1,0,0,0,0,184,242.95
809,aef6927a42cde193dd6acc36cd4d9f32167da622,0,3,0,0,41,5,0,9,602,500.93
810,4c42654b1eecebae272dfe5ce018b85ad4db7709,0,12,0,0,13,18,0,6,748,1117.37
811,8827a5b34ed2a2a570219fb8f29d955918867796,0,12,1,0,41,0,0,14,2663,1834.22
812,6264cc155757216c878bcce48e02099a9f5a7d6f,0,2,0,0,0,0,0,0,225,191.64
813,84323eea23aa8e1f2485b0ff43b3d316e7b0d06a,0,20,0,9,6,3,0,1,314,1303.32
814,413444c0ec01ea51019df436cc1f2b664ac61e5a,0,25,0,0,0,0,0,0,460,1089.18
815,b559846f2f8151e41a6259e8a570b9422932c836,0,9,0,0,18,22,0,71,746,823.41
816,e108a8b4ed4512b021f9326cf079517523c83060,0,2,0,0,0,0,0,0,69,308.5
817,5afe959647fcad9d01365427f4b455e1586b1fd5,0,9,0,0,28,2,0,28,4156,1671.16
818,0b48ea1c81f22465cf32a19c012e0fb3c849afcc,3,7,1,0,109,195,0,105,2247,1588.31
819,3d9f34dd84a1c802b18874ba365c23713bfb189a,0,1,0,0,1,0,0,4,210,170.72
820,3e85f131e6af5d2ef34499d0b2aca7afca85d79c,0,1,0,0,101,2,0,3,242,510.29
821,da70316a588172585a3960f2b0edb0e2d4ba5461,0,1,0,1,21,8,0,0,33,164.63
822,35cd008e5a1ec89d09f956a6f9952ad834e556d7,0,1,0,0,41,1,0,3,204,207.19
823,7436d28a243295ae7c8c3723e97ea43a10f2771c,0,2,0,0,3,10,0,1,261,262.74
824,cb674e5487f3f56647546b323dfe4fd45ccf0186,2,12,0,0,17,0,0,0,2303,1169.84
825,ea70a9bcfc8a9ce317e8fa9b8cc4f7cb1aba26a9,0,8,0,2,150,42,0,28,626,780.45
826,da082900b3d800ba43616706def611df7a00308f,0,1,0,0,53,0,0,0,371,239.38
827,47517da40dcb37d91925c1888ce01d06c28ce4cc,0,1,0,0,18,9,0,2,211,184.22
828,d95f22c12c36a92f9c71a78cabf897d65ddef65f,2,2,0,1,7,0,0,0,101,439.1
829,7de22453bbd05a7ac629543e09626ac6987ce306,0,14,0,0,66,4,0,5,2790,1515.43
830,1f8a2ad2edc5d9de4dc3a3311a0650f25d2b9114,0,2,0,0,16,0,0,15,368,407.7
831,2c0055e62fc6308e45ff8a9c1c386b43fa3a3905,0,1,0,0,0,3,0,0,104,122.96
832,7f6bf5d44796ac14665d5ba8c2243f5d7f5d30bd,0,1,0,0,1,0,0,0,83,127.94
833,2e662a061608a0755274da3e2ccf87401936febf,0,1,0,0,4,0,0,0,114,150.53
834,c7c113af63d8b4c49f16297af22b3a02528a500c,0,1,0,0,6,0,0,3,162,168.42
835,13a82b48cab5f13feeb9d3597b24d26416eb4033,0,1,0,0,147,101,0,54,243,239.48
836,d24616777ade24a37c5e7e517bcd1d8912eaf19d,0,1,0,0,16,0,0,0,48,139.37
837,253dfcf4756e8e0d434da69516993ea784f830c9,0,1,0,0,0,0,0,0,189,118.17
838,5dabca02594e4b71fb6ff275283a3851f1c62d60,1,4,0,0,70,9,0,17,1212,736.4
839,ed91af512fcb5c0ea3032ed259451817c96b5ee1,0,2,0,0,8,0,0,5,345,222.27
840,3b36d5cff0b7a51e737a97144d6d479af708b2d7,0,5,0,0,19,18,0,2,793,804.49
841,4db048d61206bc6efbd143d6293216b7cb4b86c5,0,1,0,0,0,0,0,0,601,235.25
842,cb725c6a2d21651fe8b2e50225635209aa949bb5,2,2,0,0,6,0,0,0,314,417.18
843,6c839395b7b43d8e9c0dfbb3c12470fc9284a94a,1,3,0,1,20,0,0,5,330,399.74
844,022d2017a781286d223d80d8eae505fbc3fb369c,0,7,0,0,71,70,0,0,1070,681.9
845,a88737929e880d5c6892a306d3c9b1358853b76b,0,3,0,0,0,2,0,8,369,297.59
846,fc1cfe475e8ae8458d8ddf119ce18d0c64653a70,1,61,0,3,860,853,0,324,6605,6468.05
847,1f1e794ad0025bb2a33b7d8378a481f224b3bccc,1,17,0,3,256,108,0,27,1733,1956.14
848,d734f4e56d276f84b8c52b602edd67d41cbb6c35,0,10,0,0,0,3,0,1,850,655.67
849,916edc3a4ed0b44e64d0a0410137bf96e2a5558d,0,5,0,0,6,5,0,4,632,525.08
850,3db3d73de6bc1fbb846d0943a8fe73dcca96b78a,0,3,0,1,0,0,0,0,116,222.11
851,3b8b7a4be39cb4a3f7257f8a17f74a887572e627,0,2,0,0,5,1,0,4,146,207.63
852,8bd06482d0562a518bce67dd06c590da4391d12a,1,1,0,0,0,0,0,0,68,174.99
853,696b1d311c89671cdebd6e8ade4d2c2e55a0696c,0,1,0,0,1,0,0,0,345,166.52
854,5916ef0227d099e5fa05341db3f918f5ef035816,0,1,0,0,9,2,0,9,417,206.97
855,015f1d73811e52b3b7a578cf4c1ca4c48b6c2f5c,0,54,2,0,41,3,0,7,5114,3591.01
856,3428bc1a2549778378ffeb781ad62ca719ca3b7f,0,1,0,0,0,0,0,0,601,243.97
857,01898ebbadec6d9df72bd9a89752d7f5bd128a7d,0,4,0,1,0,3,0,7,734,480.05
858,0be3a7226f816bd4b612477ea3b9916bddade290,0,1,0,0,0,0,0,0,282,165.89
859,43524442dc10c5dc731248674eb1a811287e88f7,0,2,0,0,24,4,0,8,589,326.58
860,3749832637b58b291a45076658feb8cd6e830247,0,1,0,0,0,0,0,0,368,510.58
861,5b22b53f0e581e3239ca6bbeceec6c01ce0f8ce0,0,3,0,0,26,0,0,0,434,309.44
862,5b682baad546e41fe7aa27be0865ea6adaca2d2a,0,2,0,0,1,0,0,7,193,330.94
863,8e6fbe8fed592e7cc15731a0827c350794413767,0,1,0,0,0,0,0,0,404,178.58
864,e31c0c9bdbad432bc21b583bd3c084f05323f642,0,1,0,0,0,0,0,0,0,105.51
865,b380a82d5be7c68141590467911ecb61db45ed1e,0,2,0,1,35,31,0,1,27,395.14
866,9e65b25e9fca6c26cef3498ff747879d4f527700,0,1,0,0,55,0,0,0,125,163.72
867,670980ef29fb70838dcd462d11789c2519981164,0,2,0,0,41,32,0,0,758,273.43
868,a3c45b0c9263ca4481b1af7af3f7d8ae8cb5d5cd,0,17,0,0,408,41,0,9,5157,2632.78
869,d2792e356ff9d3ed8b0484bf62ac98e85fdc26fa,0,1,0,0,0,2,0,0,174,147.65
870,adb70da13e18eb652e734887b430ac0ecbc5f9e6,0,3,0,0,79,27,0,8,1110,488.57
871,b7378d567fffd06395f5babc36cebd64bdf539d1,0,1,0,0,24,4,0,23,386,303.66
872,580bebe09798b8f0062a2a1566a1d5836ecad4bb,0,9,0,2,22,0,0,15,723,945.82
873,79f85039d7be1b4266f06715a487f3635558ded6,1,0,0,0,0,0,0,0,0,92.37
874,5cf491c2765b4912ff5f7f69f0b992a67005b983,1,3,0,0,24,6,0,8,615,462.48
875,81f9e1376cefed57022de62cd3abf5641c46e4aa,2,3,2,0,17,17,0,0,808,520.24
876,146edd530a6dfa534fd8cb924fd2336e27872c2a,0,1,0,1,4,0,0,1,91,190.54
877,29084a9b27b959532813141591ce03be2921e860,0,1,0,0,0,1,0,1,609,252.11
878,f7354e779cb058985dd385b2b1209db71eb7a5e8,4,15,2,0,248,33,0,10,2368,2092.01
879,022bf129518e33e165f9ceefc4ab9e622952d3bd,0,3,0,0,51,54,0,10,1135,508.53
880,537f98a5d64b86022ac2125c75d079c26e4b9830,0,1,0,0,0,2,0,1,185,464.03
881,65650ba4dcba8a9729cb9cb6477a62a7b7c3714e,0,7,0,0,49,10,0,10,1121,760.64
882,c063561ce815ec066851e480b7f70a84d6ccd371,0,1,0,0,0,0,0,0,0,92.87
883,0011a3dc337a41ceb21b1567db7bdc3219a07552,0,1,0,0,1,0,0,4,215,179.79
884,046519d0714591785cd984ab2d57e193b54a2f19,0,1,0,0,0,0,0,0,189,136.96
885,cd69daa4150631e9cea4e299c5ea08e12359118d,2,2,0,0,146,66,0,6,77,356.43
886,85e7a0a2b0d56891c13c15fc88a3011877f9c9e9,0,1,0,1,21,0,0,1,44,196.95
887,2a9c18a87d4374d03f8a07b37a4e66d74325f1c2,0,2,0,0,6,0,0,0,116,162.88
888,d3b8ff02437e735801e36cc4970b794344400058,0,2,0,0,0,0,0,0,29,104.1
889,52a15d7c0b88da11409954321463b8b57b133a23,2,0,0,0,0,0,0,0,0,188.05
890,962c378cc6cdb178541155af419c24e463516a5d,0,2,0,0,0,0,0,0,41,85.27
891,cfda0368dbb7ddd014780e1ed1dedcae2778f403,0,5,0,0,4,0,0,11,733,449.49
892,01768e3321cfce19bf558ad0fe7bf6ca84ada8f6,0,1,0,0,0,0,0,0,28,71.93
893,783900c259511f86f5af03cbd96f2e74833447b9,0,2,0,0,58,24,0,1,39,204.71
894,5a2fcdd6d480e9f003cc49a59d5952ba4c515a71,0,12,0,1,15,26,0,8,1422,1082.55
895,fef7fca2af7fd00bc6b0889062da3f8b56b2224e,1,14,0,0,131,103,0,15,1845,1437.91
896,c74eec96c5e8828a88df67f6eb21d2369b340a22,1,5,0,1,76,119,0,45,581,761.39
897,c2653754d9dbc232ae5f2052993611b26ed62693,0,1,0,0,58,2,0,0,22,132.27
898,6f7780cf127c8f4bb0edabaa5cb228fc566681f2,0,2,0,0,0,0,0,0,0,157.21
899,b3beaebd4481dc94a36949dbb87e02c28272adb0,0,1,0,0,5,0,0,4,89,172.2
900,83824089f2371d6375c2713d494f276aec27c1a1,0,1,0,0,16,7,0,3,167,510.5
901,d5cec01f2aeb37823d1a158683da0809a0c54818,0,2,0,0,10,0,0,6,410,322.28
902,57278aa82da5dc9d040eb3dcf4a182e0731a621b,0,11,0,3,55,57,0,60,1656,1459.76
903,f615c9e9d2c59542665edd95cd7152f17e61f026,0,1,0,0,1,0,0,0,51,121.61
904,d27e09e60c53520bd24872f8b7dbfee87b523d04,0,1,1,0,5,23,0,0,60,161.17
905,f3f9a9eafb9aee9d87dd188521a4fd72466abfeb,0,4,0,0,18,11,0,20,1665,811.88
906,8b05ad406d4cba6a75d1683b6d8699c3ab28f9d6,3,12,0,0,257,48,0,57,3240,2248.0
907,23a0f0986319cc0061a0ea149f23f5b5d696d1c1,0,0,1,0,0,0,0,0,0,57.68
908,a0b8e435c9419a9402d08408260bea0c1d95cff0,0,3,0,1,93,80,0,14,1252,761.01
909,84a14fec299749a208251bce1a0eb9c1a8241d08,0,3,0,0,78,39,0,5,986,577.2
910,c808e8955f23c551c86ec0f51683c88486ad394e,0,2,0,0,6,0,0,0,699,322.36
911,d345d53e4e5e4f74707e2521aa635b93ba3f1e7b,0,11,0,2,126,219,0,21,1483,1279.7
912,2e075fe6a47221b24abc49c25a4a69a447362eeb,0,1,0,0,0,0,0,0,71,139.27
913,f9772d5fb26b0a375729a88db5e7ee199f85c8b3,0,1,0,0,0,0,0,0,634,273.02
914,dd71e4a8d830c9de40b5ec3f987f60a1d2f26b39,1,12,0,7,174,0,0,9,2832,3026.11
915,15e0234a5f4976facd4cfe61b91cfcdec6f6083c,0,3,0,0,70,18,0,0,1122,668.06
916,5f88cf79fb51996e77614aafdfbb15e4989e159b,0,1,0,0,0,0,0,0,76,154.08
917,3364f12bc240e3fefa6a467519ef608fa768917c,0,4,0,0,64,12,0,8,1254,783.12
918,1ba8b40b3421ad0d23787ba9a1a4b635d8f11d91,0,1,0,0,5,1,0,0,1012,473.34
919,f54b61909d525547d65123c02bbd36d92ccee5da,0,3,0,0,78,61,0,39,707,655.16
920,800d29648bc370643d6dd1ead861792d7585c843,0,1,0,0,1,4,0,4,158,499.09
921,040fde8ec1f94856799c6bb47fa23a73c20bda66,0,4,0,0,35,4,0,33,1246,743.94
922,b9b2cfc28c055745f606ba1a20c5e8e428acefcf,0,3,0,0,186,44,0,17,491,540.55
923,49f80b2360ab55274ad28405352596f9d560ec1c,0,9,0,0,69,22,0,24,1685,1092.8
924,aea14651184476940c69238535de5143e61f4c31,0,38,0,4,115,189,0,27,2380,2889.0
925,0df910c0345ce7a667aa3276a9fea15851df50f1,0,1,0,0,8,6,0,2,107,157.65
926,d4c4bcf017a1b770dca71868b97d37ec7327ea00,0,4,0,0,130,11,0,3,970,646.34
927,97e61d4ae2feaf0551e75fa8cdd041f49f42a9a5,0,1,0,0,5,1,0,10,192,186.2
928,6ba98f6e5ad8776b7268441b5392330496565814,0,5,0,0,1,1,0,0,189,352.18
929,b611cfa5c0f4941a491781424afd9b699bdb894e,0,1,0,0,0,0,0,0,0,71.02
930,76a10e23f0a3d89e4a0a88854d0ec3926e7f6827,0,1,0,1,0,0,0,0,97,232.66
931,e19bf3f24466cd8dcd6c11f2d7cbc5796600fb88,0,1,0,0,0,0,0,0,76,129.56
932,d0e7c6b9304b23ced046934c799df0cba39c28e5,6,26,2,2,150,6,0,10,5042,3230.55
933,7c58351e9e7d109a54dfa319437ca5f891164e5b,0,2,0,1,0,0,0,0,0,154.1
934,148f8c25453e453f56ef429f8ef607de808de679,0,7,0,0,174,32,0,10,1775,1134.8
935,17ce2a7307222d7476eb60318fab2e672eebe559,0,2,0,0,71,0,0,11,1228,524.76
936,020ca7903669306862950260b8d63177402322c3,0,1,0,0,12,0,0,2,180,177.82
937,609e9b0b2f46ce72ed91965f7e43c512b26a609b,1,1,0,0,4,0,0,13,156,220.88
938,588ed4644fe8842e4217c8e2add39f6e08e07db9,0,5,0,0,191,2,0,29,929,635.07
939,98d62a880d91ac1b552ac3a049c5d202c2d63520,0,4,0,0,36,17,0,15,1902,814.75
940,3c471d25b97b9a867ec6a2a1ed9467b8e4ba6b66,0,8,0,2,38,4,0,5,643,1146.13
941,49230625736d30cb4d0467ac0a103b23de5c266b,0,1,0,0,2,0,0,2,675,297.46
942,c82118b196687cf5f523dfd733bfe575a127c315,0,2,0,1,0,0,0,0,206,228.67
943,3bedcce01b9d3e8ba0516fa33eb59d57817ce27e,0,9,0,0,12,3,0,9,504,618.79
944,80e0548e2b1620c25f4fddc69550d00dd460961c,0,1,0,0,1,0,0,4,160,161.45
945,cba0094f5a9833194bf2a13965eda678bd4a05ea,0,34,0,0,70,61,0,19,3332,2863.69
946,d7b5eadb92e514857754f8599f3d902093651f25,0,1,0,0,0,0,0,0,0,83.03
947,19f266d4075a8c56d56f6b8c7e95773378b95211,1,1,0,1,0,0,0,0,11,176.39
948,b15422177460a8f928a2ba93c429de426ae68076,0,1,0,0,2,0,0,4,161,171.7
949,c43eb856d16e648c2a6ab1f87b58f59035fce065,0,2,0,0,22,6,0,20,293,277.66
950,f7b7b4745541a576eb0219468263487b07bac959,0,10,0,0,98,143,0,41,2443,1441.82
951,f69d94158ce72f4ef2df5b98f2395c2b2e61251e,1,6,0,1,25,0,0,0,1480,939.09
952,a82f194b21a6af2f52e36e55e2c6adcdba942c08,4,23,0,3,821,82,0,69,5516,3943.75
953,5b5efd4b5cb092813d878b080e0657f40fc1f72c,0,2,0,0,29,0,0,4,564,325.46
954,6753af270c8a966411f5574afa57f6e5ffe43dbe,0,9,0,0,34,33,0,32,2097,1185.11
955,ee8c5e2dc391222b618b8a48dde9e407031ea85b,0,9,0,0,29,50,0,11,622,671.47
956,4b9de871df1b2574a7e5d1159b45ae9e4ba31955,0,2,0,0,6,2,0,6,994,462.56
957,6185bc0276c03075022c30d3c36f7f5c09ef19c6,7,26,0,1,236,287,0,34,5326,3616.65
958,67f1f4d270c279480cea5e6120ca157637910cba,1,11,1,2,307,301,0,29,2267,1769.41
959,324b475eca48502fb16c8efd0de99756f68437bf,0,3,0,0,8,6,0,7,893,622.51
960,f60009b14dae33168009290e549e4e9544595685,0,2,0,2,12,1,0,0,110,617.78
961,ec9e4eafa406fec897713310bafdedf6bbb3c0c5,0,26,0,0,1172,454,0,83,3761,3947.96
962,59b918ec2be5ec69fd5b62613e7665510f5217c0,0,3,0,0,7,20,0,3,171,264.55
963,5b36adde4f158d9d3b47bb98123a0bcca8028288,0,1,0,0,0,0,0,0,420,219.68
964,c69842336d87cc321a58171c517c46cdddfe1a64,0,2,0,0,371,9,0,10,173,370.42
965,b982eefd37595b30600b7a979915db5da22271fe,0,2,0,0,31,3,0,4,312,249.99
966,970c00eab80d82b97456e276ee0f5615cb1ccfa1,0,2,0,0,20,1,0,4,310,285.66
967,b6effcbba50eaa3abf91e24f0ae83abb53881add,2,3,0,1,85,3,0,1,228,442.64
968,911c768bcc3ba950d63536ce4e6ba2542542d573,0,2,0,0,65,18,0,25,1566,709.64
969,7baa58d797126b6fb2b1de30e72428895d2bcb40,0,5,0,0,266,46,0,35,2298,1159.31
970,7258a5fddf3fb77480cd414819cdbfbd96b709e5,0,1,0,0,3,0,0,0,237,158.07
971,b1cd3afc13070c4c50ba963520e7266f97ac52b4,0,1,0,0,2,0,0,3,216,174.61
972,238e739782222b17f33a3ac5a0374d8dac3be28f,0,1,0,0,0,0,0,0,176,127.47
973,a1c8e7d941ad9c765dac232435a297f905eeeed5,3,12,2,0,230,53,0,17,3133,1771.63
974,9198467eb293435385edcef9028a59fa41a3828a,0,40,0,0,263,19,0,45,6399,4089.2
975,e3892c29c342629be789437c2c52b4e367af52ef,1,1,0,0,0,0,0,0,7,162.4
976,bc55f85237cb46e73c6774298cf308060a4a739c,0,2,0,2,43,33,0,2,22,314.89
977,a511a47020a1a3f58c7778b5d5aba08d2b4876d6,0,2,0,0,47,0,0,0,341,286.66
978,3e6669000f082808999a7216b00c4b0f5a94e1da,0,16,0,3,27,22,0,0,3159,1591.23
979,0186794104b7106fe426024d65730fec79ad999a,0,4,0,0,0,7,0,9,1378,795.27
980,4c75f31a5f80e6a717d040b0534c79f5ed8d9346,1,11,0,0,90,9,0,30,2131,2014.94
981,0e2c90bad934b276610fdcf027252553208099ac,0,1,0,0,0,0,0,0,668,269.64
982,d66e7af6526f208900a5d6cb588cf47058800804,3,15,0,0,174,14,0,60,3878,2415.12
983,73703a15c5006ddca166a458dcde72e17c91de4a,0,2,0,0,10,0,0,3,383,267.92
984,d1d71aa29afd4aa959864225d2fec50c71513481,0,1,0,0,106,62,0,10,56,183.24
985,ebc7f7caaeb47c9588d79a2f3ed496daa0bd39e5,0,25,0,0,583,187,0,118,3849,2663.78
986,1cea4d8f5a51cc5795ddd3af2ea015b9e14d937d,4,4,0,0,8,6,0,3,205,856.2
987,c36b5b7f6ef5767c9455cca093ce05bf2a54d5db,0,5,0,5,31,28,0,0,514,1060.85
988,b3a33ce4b81a20ae5635cf28490fd2e1f9d86141,0,4,0,0,57,1,0,17,1293,726.52
989,c64cfd2e2bffd0a8fcfa515d3bbbe76416a89ee7,0,1,0,0,2,0,0,5,412,276.16
990,9815e18fefa27d8d901356ec1d994a41b4db4622,28,9,0,1,219,1,0,7,1848,4674.53
991,e1abf17708918b82d3974ea028a4d74e3892fa0f,2,4,0,2,4,0,0,5,177,1116.17
992,972b7545363ae85a55f94cf7ea83614be8840b75,15,19,0,0,180,36,0,7,2725,3281.01
993,816578b5c13d36d73af02d1c11787f789a69be3f,0,1,0,0,0,6,0,4,414,264.06
994,c1fdf575deed0398e1692be16cacf24308afd5d5,0,1,0,0,0,0,0,0,392,149.44
995,65edd64ca4902c9b2bc48e952056235f016031e1,1,2,0,1,3,0,0,0,68,251.96
996,56623efd73ec77e68cf35021d18d630b27062e82,3,11,0,1,60,15,0,12,1904,1943.0
997,e28752357705568219315375c666f8e500db9c12,9,40,0,7,384,35,0,27,2133,3857.64
998,abe699176babe4f065b67b2b72d20daa0a2e46a1,0,14,0,1,25,1,0,20,2388,1521.0
999,61bab2d875ab5e03d0df4f62217346549a4c64c3,2,2,0,0,0,0,0,0,44,371.7
1000,338857e1c2c2bb0c6011fcab477818102b95cb56,0,1,0,0,59,67,0,0,95,485.77
1001,8b04d8ba071fbcafc72a17d4cbfe6f00613e59b3,0,4,0,0,72,3,0,23,1522,625.75
1002,7fad45557e4cb7b345f34cec32f910b437c59bc2,1,12,0,0,336,17,0,41,2744,1597.73
1003,d3f1407f7bc95b823516e5a1bdaa23c717b6354e,0,1,0,0,2,0,0,2,67,149.71
1004,65861a712ddf67eb071a00218730926fdeef7084,0,8,0,4,31,14,0,23,1184,1233.8
1005,70ec4b1d927cad7373eda2c54ef44bfc4275832f,0,1,0,0,0,0,0,2,497,200.29
1006,c5d44af77473abb36cb9bf7ca3dead36490b8320,0,1,0,0,3,0,0,0,137,155.64
1007,cea319a4ad9c55d3d3263cf7a4224c25772d0e11,1,21,0,0,63,43,0,12,3797,2197.92
1008,a10990f44b1a4f8345eae7ebfc9c571bfd0447c3,0,1,0,0,0,1,0,1,135,135.04
1009,02c0c3b01730bdbff8a09d355c1b017715c7ce10,0,2,0,0,64,32,0,45,499,306.49
1010,37433638271718344498d695d5da08db12c24eed,0,9,0,0,53,6,0,25,2331,1080.73
1011,faa1803aa35871e5e040a22b7fcec61a2be16e24,0,5,0,0,49,6,0,17,1980,885.7
1012,7892b4e6c7c32be09d78a8bbbeeaa823d3197aaa,1,4,0,0,142,41,0,26,1481,960.78
1013,68eed84f24a4771ccd805d8f39340eb7599df2ed,0,1,1,0,0,6,0,0,242,170.52
1014,ca8915d2efc225dbc0a4c138a2a34cf34d07e347,0,1,0,0,10,0,0,0,158,152.56
1015,0bc4f75eedf14af6d0b2e3e9be62a460b1049d0b,4,7,0,0,121,8,0,4,3540,1694.22
1016,dfa3c8a92dddd58cab95e12c72669f250bb99683,1,14,0,2,160,53,0,27,3093,2342.96
1017,a8794d8a5d18bb4eaafceac1ef675243af945862,0,2,0,0,229,84,0,80,902,504.61
1018,b3788d8dcbeee7a20f562e878c187a75bac11ff0,0,7,0,0,21,19,0,5,1261,737.22
1019,c060c482855bb9f51e19dde51911645413d85260,2,14,0,0,239,82,0,31,2830,1674.37
1020,3250cc767e8ef79d0160312a8b605535d3002851,0,3,0,0,86,21,0,22,716,790.93
1021,d41cf1b77819ede5716b31683d0137eb60cb7bfb,0,11,0,0,168,52,0,86,3048,1593.89
1022,d082563907103ea79eed681305df7093053f52ec,0,2,0,0,39,24,0,43,1690,681.22
1023,dd8cdb79d356b3049c21bf00613b8144dff0882c,1,2,0,0,1,0,0,1,336,373.58
1024,2cc8f48ae5358087381fa5f79233789499d6b939,1,1,0,0,0,29,0,0,732,386.34
1025,da9a171c99eb456378bdda95a563d09dfd9af4d8,28,11,21,0,0,0,0,0,2008,3348.33
1026,81f0c1e8f2ba2d86f061361b5ee33bb8e6f640c5,0,11,0,0,321,140,0,6,2845,1537.44
1027,d9479275fdacd172a2b545007b55e787c53fe54e,0,1,0,0,0,0,0,0,118,162.78
1028,dc5bf4bd453495af050ea7c0ec7a66b8d2b2e8d4,2,4,0,1,26,95,0,3,162,556.82
1029,7311dcbc5363d59dd0a0de86518dd12a7b259ca4,0,24,0,0,68,6,0,13,8912,3734.64
1030,e4a6b50deca8fabc9880c6764334bfaa830a6d5e,0,10,0,0,82,23,0,23,3312,1406.03
1031,e0150a25e8127c282f54a0395eb2b1c80ebda94a,0,4,1,4,55,15,0,12,250,712.49
1032,8e8b3c56572a825d3c1beb6ad77ce88571354f51,0,7,0,0,49,0,0,8,1544,805.94
1033,1959835d9e148f0eb6407b36ff96b334d5e785cb,1,3,0,1,10,0,0,8,640,469.85
1034,39c1e6259c8ff547c3f7c5165b43c88f9f3ea158,1,3,0,0,15,0,0,8,1228,1011.62
1035,b3036c5861df2c5fc8a06ca5b817d43147f5ba92,1,7,0,0,23,0,0,0,205,701.27
1036,e4d829c47b9e143aa914cc492500d568d44836ef,0,1,0,0,1,1,0,10,432,258.33
1037,0c3e466eb035859659ce41404f3b71b577467dca,0,12,0,0,43,17,0,53,2357,1232.22
1038,1c882ee5fb4ef2d256c914bd69239d58d9706108,0,3,0,0,34,0,0,1,652,397.14
1039,1188db5657e1db6944b59b1c91a75e47856f4e5c,1,10,0,1,12,9,0,0,1445,985.47
1040,47a3066ccb216bfb65dda2746ca1b7775d8cba05,0,3,0,1,23,1,0,6,680,895.48
1041,0a8b10e27f573612e1d5d6787b2096d3a8528b94,1,1,0,0,0,0,0,0,681,392.63
1042,a318b1512900d29dc9ff0082f52f467999ba69b8,1,3,0,0,98,0,0,36,1443,736.85
1043,0b107e5f752f4f7d1d6dc97891cb9569c3db5b3d,0,1,0,0,0,0,0,0,570,235.56
1044,1c786c589ab6737e1660981e739582935f9e0f0d,0,2,0,0,2,1,0,3,680,356.75
1045,f389b715707e4e53eaf6ce476a218a4a06c427ee,0,2,0,0,15,0,0,9,918,428.53
1046,941e2177c0cf57eff818192258300d256971a11e,0,1,0,0,3,0,0,4,83,120.91
1047,d7ec9feaf1c2d2fc79218a798394f4665e4d72d0,0,1,0,0,0,3,0,3,83,166.84
1048,c7bc8f7d8c0101103853b5f6778edb04d1f41b76,1,1,0,0,0,0,0,0,108,160.78
1049,3557f097b81edd6518100d79b442223fadf9f81f,0,3,0,0,8,0,0,8,1339,616.68
1050,39eb31feaeebfb184d98cc5d94da9148c2319d81,1,1,0,0,5,0,0,1,22,188.42
1051,9934d28a34351a63738f8e9bac6b53fd699a4905,0,4,0,0,19,4,0,3,1234,650.21
1052,17b2bde4be6296dfd47defce85443cbf6e23835b,0,8,0,0,123,31,0,9,772,789.25
1053,2244c68ebc4b016e1a037026f625a2ecceb852a3,0,1,0,0,1,0,0,0,419,225.4
1054,b01c83ea916f9dd2a2db664d6e458b255d0242a6,0,1,0,0,0,0,0,0,250,191.34
1055,dcbdce31ba525771016be5be4abc4a2067e0890b,0,7,0,0,362,65,0,11,3946,1705.84
1056,38ae746448f799c3ff8be113f608aaa870e00c87,0,7,0,0,53,2,0,8,1504,803.27
1057,79db393ffaca25fdaac0fef69d6fb082f1628649,0,8,0,0,155,62,0,19,3490,1494.97
1058,2fc91afbad2229ef2f8ef6fbeebc257ab7019746,0,8,0,0,21,9,0,15,581,637.07
1059,3de2d296e9fec89631b6521ed488263dca5808a9,0,1,0,0,0,0,0,0,0,62.4
1060,f4e0deca43595f30b9c6f1a1666192416ecc8a9c,1,17,0,1,161,5,0,15,1759,2469.43
1061,21194a63edb460105acd8763e03d07ebbff1df68,0,1,0,0,0,0,0,0,250,217.47
1062,ba07d828c545d542cc11db60249e660d88a20fbb,3,1,0,0,0,0,0,0,681,728.61
1063,88aec3eb6d6f8d328e322493ebf4c3011b7335ea,0,1,0,0,0,0,0,0,250,186.85
1064,40509fd7b60018f06bcb4c55deabc2503415fcb2,0,1,0,0,8,0,0,0,9,350.42
1065,43e935a630eb0a7fa64c5a1a38bfee17f9b724dc,0,2,0,0,118,3,0,2,1651,724.1
1066,6c92fc557682e853a0a3ed5684c13174fff45acf,0,3,0,0,61,8,0,6,557,430.19
1067,aea53108a7d9573b8976da83235639a981c09af3,0,7,0,0,182,17,0,31,3087,1550.33
1068,4660bac4eb45a65767d05b03d275e3bf08a85c2a,0,2,0,0,21,0,0,2,602,369.89
1069,4b4102884c8d317fe362523a9f5af20a27a4ee52,0,1,0,1,0,0,0,0,45,186.62
1070,004dde9e7abb9ebf18a7bfdf8b6f0e997ea9badb,1,0,0,0,0,0,0,0,0,178.24
1071,d099c749591ac0e819017a9d3ae48144ddbbff0d,0,2,0,0,8,0,0,0,545,350.35
1072,32f0f1f50aa618e8a3c52eb37006f4945fa6865a,0,2,1,0,0,25,0,26,757,449.08
1073,0082066c56676cbc6721d7ea1d0b6b3c011d7083,0,4,0,0,0,0,0,0,36,195.87
1074,160933bc092b4392cac1dd9497010320c6ae4d10,0,3,0,0,79,11,0,18,978,644.83
1075,2572637121527f8c37bc95212e7eaf8190eb436b,0,2,0,0,24,0,0,10,1770,693.88
1076,005b86ecf3bd881cb2005c177c2555eeb2a049d9,0,1,0,0,7,1,0,8,131,189.72
1077,0f60617fab5fc6805f522d0b9a213a7f600fab12,0,36,0,2,150,89,0,25,2419,2783.23
1078,90b2a2bf664e4e40d4cd1b46c72732c5edb97cf9,0,1,0,0,4,0,0,0,221,155.78
1079,6cc29e32169e069a75304803feac67591a57b6a5,0,2,0,0,4,0,0,2,1024,408.15
1080,54a3718a900a5286baf2193713ea8d58ca2c08f6,1,7,0,0,187,66,0,17,3627,1820.25
1081,6f1d4c693307d1c5d1a178d56e403bb7084d537f,0,5,0,0,6,15,0,10,855,511.54
1082,fdd12698b8c8f9d4b70d775e5844b76912977843,0,1,0,0,6,0,0,0,93,121.64
1083,b6c2bbc4dd044ca2aef09d5d7e2be6cb9e8fdd48,0,1,0,0,0,0,0,0,11,80.25
1084,d68f9e2fe6cf2f76a81105ace5061eb7abb85995,0,15,0,0,31,59,0,23,2251,1506.7
1085,bcaee7fe19b3f2e75f6de0dfc5487deebfef446e,0,1,0,0,7,0,0,0,327,180.28
1086,b836bd18f99e32ee71e30693853518fdc2061218,0,2,0,0,0,0,0,0,737,340.93
1087,ea2a21dda4ee402cf06e127609456b11c5997d37,0,1,0,0,2,0,0,5,683,303.58
1088,54205697aea5bfeb4fbcd40fc849c0c975fd6070,0,6,0,0,61,6,0,4,2101,935.5
1089,84de7f1756d34e6890c2608a699701d659fa191a,0,1,0,0,0,0,0,0,218,133.9
1090,55a90938a12d8928289a30588bbad6c959c48674,1,1,0,0,13,3,0,20,417,419.05
1091,f848e2cd681ced74fefdd38a54a44e31e4d867fb,0,1,0,0,0,4,0,0,221,149.69
1092,96587f4b1ffd372d3e4f9a1fba6fc1d2f84a191d,2,7,0,0,244,58,0,45,1524,1182.94
1093,7f4feda959f5a0c438487844a0754cdf75f32a46,0,4,0,0,4,0,0,30,176,361.76
1094,adfaa1161150635b9bb0e36a573382c5b68960e2,0,2,0,1,13,4,0,2,134,247.36
1095,1744a9b4c2a13545036f172064df01b34b0dded0,0,1,0,0,8,0,0,0,9,93.43
1096,4baca9172dd662c2e45cd99c638a052eeca688c5,0,1,0,0,0,0,0,0,685,300.45
1097,26eea1d71e57348284ea00182045c8d943336f4e,0,1,0,0,37,0,0,0,114,175.23
1098,701e318ee1046946ce6681a59223504d8c33d751,0,2,0,0,53,0,0,10,265,305.78
1099,d65844b52723c7a093d969c4b2822e3b36389b70,1,3,0,0,10,2,0,10,839,582.24
1100,d5e463b9de1f92b0dcc8fea4cf74a0eaca835ef7,0,11,0,0,40,16,0,39,2231,1918.46
1101,2265834803649d2f9fb090e86d11309f6e9789cb,0,6,0,0,152,65,0,30,531,510.66
1102,f1cc8008e5e77d0587921d727daff1eafb80f74c,0,3,0,0,0,0,0,0,66,257.01
1103,031da889bc811200da67568c5779760dcb006238,0,2,0,0,63,6,0,19,1237,585.67
1104,efb060c57f05d1d586bb14c016b0187c60f8e994,4,21,0,2,310,167,0,36,1883,2196.87
1105,cb0325d484b957432048dd29419f0fa59c5f132d,0,6,0,0,213,23,0,15,2298,1278.09
1106,a05a00e50364d33a0206e8dffe6bce6713c9467b,0,3,0,0,3,0,0,0,543,348.08
1107,0dfeb31a116d26023540f6c6074127f0aab00b6d,0,3,0,0,260,121,0,5,1485,861.15
1108,7429f49780a69d0c5eda8ef0c69a3209aecee11c,0,2,0,0,0,0,0,0,0,141.14
1109,17bdd4831c0098ea2c50e9bad1bf8ba70352854c,0,1,0,0,0,1,0,5,155,136.61
1110,342f34a1994caafa3cea94a2f85ffd219b8cebc5,0,2,0,0,0,2,0,0,467,244.94
1111,ab8e9d1755e9527ca76e994dd59a21cc94550312,0,2,0,0,41,0,0,6,344,297.21
1112,c9f777cc44269c2e9537eab2451481422e613383,1,1,0,0,5,0,0,2,38,271.91
1113,3ab0456db839d8959b2846b9a7e4cc28b4c822c7,0,1,0,0,0,1,0,7,153,164.57
1114,e68a94056fa7eb5b8d69815bcfa522247568d3e9,0,1,0,0,4,0,0,2,370,213.91
1115,9078554232f9de56849b5c35bf45b81a67a748c4,1,6,0,0,391,40,0,82,1971,1382.84
1116,071b8f975f3f4eeb5659ffe04dbffafa0c8ab263,0,1,0,0,1,1,0,0,452,277.75
1117,bb8eff1e70491c4ce2dad07249d769b467f4068e,0,1,0,0,1,0,0,1,175,156.59
1118,a1f97c8dc4edd49c7a8a2ebb72734728029a85aa,3,12,0,0,79,13,0,13,1018,1326.78
1119,2628695356de87aba7d046855fbe1f1963d3f911,0,2,0,0,33,8,0,2,372,336.1
1120,8068a3560b1896f25bdc664acd50d9c4d84f7baa,0,1,0,0,0,0,0,0,312,618.36
1121,ef275159432fd5fe88204783b621165ec39293d8,0,1,0,0,0,0,0,0,0,105.66
1122,0547a082545277dc119aa96dd8b8124949703be0,0,1,0,0,0,0,0,0,211,170.01
1123,6d7a81b478e1f36d7632c84d34280c22a2f717b1,0,2,0,0,5,0,0,3,385,280.32
1124,454f0f1ca1eccbeba6c459ce62c8e1caa4cf9a70,0,1,0,0,38,0,0,0,173,159.84
1125,bbc390018571602fb4fb77609093d450ab95a4c0,0,2,0,0,0,0,0,0,161,187.02
1126,f87d58b796977fdaefb089d17cb30b2071cd4485,0,62,0,4,200,128,0,270,10328,6461.05
1127,1b8aed6dc52e5d2f7ba29e4589baf15d53ad2870,0,1,0,0,4,0,0,0,25,122.57
1128,b04bed022aec0f1f478a03383ab5184f048133b6,2,1,0,0,68,5,0,4,570,589.67
1129,5bb53e034e4f8a06550dd06377fae7b3c2137ce2,0,2,0,0,15,5,0,9,1813,998.16
1130,ad6c53d89e5dac2e6d3fa9e3df9c597d0d52e485,0,1,0,0,0,0,0,0,192,137.33
1131,da42977a004dc0c9d29c8c28f0f0cd2c06b889ef,1,1,0,0,0,0,0,0,43,159.65
1132,6c6cf014f6eb9c90453e6ac1b01b8c1851d98f06,0,1,0,0,15,0,0,14,74,136.9
1133,5d798511b12c5ef7555e4234fdd99a360176e435,3,15,1,0,54,503,0,103,4871,2914.03
1134,91c207c2c6b09d88cc3366d69a31d0bf0ab0bffb,0,3,0,0,24,0,0,0,85,215.26
1135,f15cdbc91b240e656d9a2aeb6877e94624b21f8d,1,4,0,0,49,2,0,49,1113,750.46
1136,47ee8e954df62b9a79099e944ec4be29afe046f6,10,20,0,1,302,31,0,32,2747,2725.29
1137,89faed8d30eb441fac7f1564edd40115006f5051,0,2,0,0,22,0,0,3,500,322.98
1138,9f3f8b4de64501902a4843064b1cf1feb21c690a,0,9,0,0,124,109,0,46,3160,1629.15
1139,f8498ec9e27ca0f08e3791d7a19ad8c6a97e210f,0,2,0,0,43,4,0,2,401,339.6
1140,3620035c45736b74e69921f7c50a1c3857aec334,0,3,0,0,52,1,0,33,732,852.84
1141,9d6020ec5fac21f36e2caa58256ee2158658866e,0,1,0,0,0,0,0,0,120,139.18
1142,4059fa5763252c6869b6b7c682d7b5f9d4dc3a87,0,1,0,0,42,29,0,7,72,219.71
1143,1844bf2b2f4cdf5a8209d7ceccb6701fc7dcf768,3,20,1,0,193,67,0,53,3789,2662.89
1144,da2205578be3228ce40eb5e59f6bbcb0c8da0aba,4,83,0,1,222,100,0,61,11857,8291.41
1145,edcefccfd7bd83110746fa81669e0d69ece5bb4b,0,34,0,0,59,218,0,10,3549,2931.57
1146,b7684b47b80a2a7d604632bb325fde49e570480f,0,2,0,0,58,38,0,2,406,431.51
1147,630e9c5679efa0916a7bfca849dfc8850737681c,0,1,0,0,0,2,0,0,60,124.26
1148,125d69caee993710bc07523fdd3deb0e06b10636,0,41,0,0,26,31,0,5,6804,4520.49
1149,6bee1e9e5799398550e1897bcef6c5067452500b,0,14,0,0,53,19,0,48,2263,1742.3
1150,c06fa5adaaf7fe940c314a0be97e122e921de970,0,1,0,0,22,30,0,0,12,120.34
1151,1cd86284e808e2846e94b312bb55141f6d216d51,0,3,0,0,20,0,0,0,747,345.01
1152,f15cdc73ddd06e0bf0f319b0d8ad8f63e80cf28d,0,2,0,0,94,57,0,14,363,298.86
1153,1f0ad0121e03a2e4f6c0cf3551b14c75085bd34f,1,3,0,1,37,6,0,1,439,529.94
1154,57770dd235a82994f296971079a97281be0a130b,0,2,0,0,51,3,0,8,315,274.3
1155,c9ffab16228ecd5d931b58d93dfa3f49287d2909,0,3,0,0,45,1,0,12,912,614.93
1156,1a653c813c842c0b67f26fb119d7727e272cf834,0,2,0,0,2,4,0,3,168,652.91
1157,a593db6a2b6c3511215008b6d3dd6bd77f84e8c4,0,6,0,0,73,11,0,11,1088,795.58
1158,8ffb1a1fedad4350dd0f0ce0dd52107f962ce428,0,2,0,0,55,0,0,2,366,307.29
1159,3e69ce80157eb6a5e6dd05e3be522b5208a41bc5,5,19,0,2,413,757,0,194,3615,3664.92
1160,d2774e302fa528b4fe7b7db39f69cf679753f348,0,4,0,1,0,0,0,0,148,905.58
1161,e19c37e5914b1fa64befdfdf24edbf2415f8cdb3,5,7,2,1,123,147,0,5,358,2118.3
1162,8265a43897b3da88839df061ce22559820087ad9,1,2,0,0,2,1,0,4,251,492.34
1163,21ea4b1d2a1b99aa804bd4461015abaf31673923,0,1,0,0,6,0,0,6,493,245.29
1164,3b1cea60e909e579e54775fc479397ddbeba95eb,0,2,0,0,134,5,0,37,729,452.97
1165,334a30bcfffc3759aeded08f2089cea4ed6e9937,0,9,0,0,90,1,0,12,3230,1381.51
1166,a4720b25a372790b26a0b00fa18eb78f830b1311,0,1,0,0,14,0,0,0,11,114.79
1167,75c78e9692a479e2c94dbd08e564f64faedd2071,2,7,0,0,48,50,0,4,369,855.77
1168,ed96523a2c763b48399a9720dcce0af44f5fc1a1,1,12,0,2,10,1,0,3,936,1078.55
1169,6896f1ddb7650f42630aef8c67c8b61866e9fc00,1,13,0,0,85,58,0,72,6302,2766.78
1170,0b0819ba057bdb1e4d0d16745491aad523cab399,0,4,0,0,0,0,0,0,133,230.77
1171,ee8e9349b22277ec69bf831dda66cfc6e767df14,5,9,0,0,43,18,0,6,961,1340.93
1172,343a8ef99cbc23e27ada8eb5f8c1b752067a7e41,0,3,0,0,10,7,0,25,952,518.87
1173,b78d7ba5d58fa77b831244444eef005a62883f9b,4,23,0,0,579,549,0,95,3679,3161.09
1174,71417552c7651a5b41e73460d0577615864aafe8,0,10,0,2,164,13,0,32,3559,1935.87
1175,e6164ec611ca48e71c549f88d8a92fef90bf5a71,0,1,0,0,1,0,0,3,499,228.82
1176,c4d629a0b3cbd11c174cb8b09a50bc8de77825e9,2,20,0,1,132,167,0,47,3279,2179.6
1177,607c3c21f652a8f911d1efb8374d2eec313a4e2d,0,6,0,0,8,0,0,35,3686,1381.34
1178,c715f6a5ab94d187eb662efde594f0f14dcd9910,4,11,4,0,30,39,0,4,912,1365.92
1179,551d57561d6cb9e53aa16e0616190d370d339355,0,3,0,0,84,6,0,25,552,459.53
1180,1f659913a631d9e77e7cd9b9c9775e3249ef803a,0,10,0,1,80,81,0,54,2019,1756.08
1181,9ef2b3ce8e4553504e52385a6370bf641fc6ea1e,0,5,0,0,89,34,0,11,551,530.75
1182,10cb534c8b18997301553db6debfe91bf596500e,0,1,0,0,5,0,0,10,735,302.02
1183,6682abe4ae68fdbf0eb362e45f43ea14e2aba847,0,13,0,0,42,74,0,30,2241,1359.4
1184,f5310d645c4920d37925e82edb07f1e4a582b0b2,0,1,0,0,0,0,0,0,0,100.89
1185,9836adc732288924813927c4869ffb3908febba1,0,3,0,0,10,0,0,3,765,593.85
1186,47c2753496875db2849065ad91ee03c7c842c8e9,2,2,0,0,12,2,0,21,160,389.74
1187,ded8741173854c98f3be0525403b6a17a55b6027,0,1,0,1,3,1,0,4,131,231.76
1188,51af6fb654c482fb6fdd85126991149238640fd7,0,2,0,0,15,2,0,3,415,278.31
1189,b2a328daf2a51520290fc4ec31ce5d92b2c0ef01,0,2,0,0,21,0,0,10,923,455.45
1190,adefc8ea076354e07839f0319fee1fba52343b91,13,19,0,4,133,70,0,0,1429,2747.17
1191,facd2c5a8c7a4379755955ba3e318bfecde6af39,2,6,0,0,165,9,0,2,1900,1177.4
1192,752e5317410f05d08f69f302e4ee0cadae183b59,0,11,0,0,9,11,0,3,2409,1183.04
1193,2fb5664bf4591f3e7bdc02894b9de392bf72913c,2,4,0,0,6,2,0,21,2883,1132.79
1194,b687c068008a81fad390c80da289249cc04b3efb,1,11,0,0,8,0,0,0,1605,1299.44
1195,45394d52c1ba566178c57897297a3ea31379f957,1,8,0,0,44,0,0,9,1196,804.69
1196,51025764601760684f3dbdc0171fd7aa2ebe70e7,0,2,0,0,1,0,0,8,253,232.4
1197,3f155eaa23c6081e4afa3b49f0f8a65a16b8e05c,0,3,0,0,4,15,0,2,1238,468.9
1198,9b85cf9ed02d4b3b87ea39e0c2f8c35e1e813f2f,0,5,0,0,0,0,0,0,765,476.52
1199,667cd60dc6ba68831423a256b6e455f7d955581c,1,3,0,0,36,0,0,6,577,517.54
1200,9cbb9f0939c88868bf33ae340c5fa756ee2965e8,15,13,0,0,203,77,0,27,1990,2810.16
1201,4065ffb3e1a82f71578811a0a329cdc90e5e1567,5,11,0,10,61,56,0,10,626,1847.33
1202,674407908b898dd18b447447ad3346b5268b1dfc,0,2,0,0,58,1,0,2,1276,510.62
1203,a1ec6527db808679330a54e802c4ae1630e6b50d,0,1,0,0,0,0,0,0,475,211.63
1204,07a428e0c8fea498f084f5918fa88d5334ae8028,0,1,0,0,1,0,0,0,110,166.5
1205,b07435638d66f80c10c23c7e87bbe1d6844968a3,0,1,0,0,0,0,0,0,426,191.71
1206,e16b9143dfcecbd58e3bebecbdb7d8e933b88cc4,3,4,0,0,3,0,0,0,709,701.7
1207,4769e3d92acdc6036f1f834c70004f0c867ae582,4,6,0,1,14,31,0,5,954,1129.12
1208,6ebd9d35fc081bca3f1efeba8b70ec71cde85270,0,3,0,0,111,28,0,19,878,536.5
1209,2db1e4423fb33405a319b253b040e57e069c1f7a,4,6,0,0,54,0,0,13,1483,1090.23
1210,a7e49027b2b95bc8656ee9f419306c559ad1cb5c,1,1,0,1,0,0,0,0,29,227.44
1211,ae4100f82c13b3e6978c0a0f697312bd073e0eb3,0,3,0,0,5,0,0,3,1092,485.24
1212,3728f4cd9623ce028f1720b03e15d444856fd7fc,0,1,0,0,1,0,0,0,345,177.57
1213,779714c08bc16fcdd6fe7c39e92a7f73ebebdb71,1,2,0,0,9,9,0,4,424,404.16
1214,9bb06c3eef3ebdff77e5e3b98c26b86c40efc56c,0,16,0,0,41,14,0,6,5806,2407.43
1215,1f5bc11cc0e94110e9cb673cacc63c02bb23c279,0,1,0,0,3,0,0,0,403,220.14
1216,d6fabb011af848ff96691b5deb97c88a84e1a683,1,3,0,0,6,6,0,2,746,704.26
1217,a67140317a644034e91ee596ab22bfb55adde1e0,1,1,0,0,3,0,0,14,132,299.12
1218,e1491d4a0463deaaa8de7e100dddc2edbc030abf,0,1,0,0,28,21,0,0,845,438.59
1219,08063f50a04fda3e40c6060a432a97f49bb68c8c,0,4,0,0,59,14,0,14,734,709.41
1220,c42bfc0d51e6691b4b5672ef7c8a1bedcd452d7f,0,1,0,0,0,0,0,0,132,652.27
1221,ffd8f18a129fa826d62f527ea2c8eba2cfd644b2,0,4,0,2,2,0,0,0,976,747.27
1222,3b5d88febb186c4b92cc514fa2338de7bc338f67,11,24,0,1,95,59,0,27,2227,3114.36
1223,a0ad9f156a122e3e3a073cba0e2b0c39c93c7db5,0,1,0,0,0,0,0,0,375,231.18
1224,2656659e0d7c0e427768ce216df2698acc8c9b11,0,5,0,0,0,3,0,0,3491,1290.72
1225,dfd625daa36de2e34e6c596967775394c55bc605,0,4,0,0,3,18,0,0,108,319.53
1226,8a5e86660593eab49c64fdfb5ef090634ae5ae06,2,16,0,0,90,20,0,58,4573,2424.34
1227,8fca432223da521b78e60e0cf8fa881ced19589c,3,22,0,0,342,38,0,50,2710,2362.17
1228,6055c749899a6d5ae618206548afd1f1e83eb65c,0,1,0,0,0,0,0,0,199,141.28
1229,f305dd68f6524abc25c4ed88983f0e78b4e6c243,0,51,0,0,31,32,0,44,8032,4767.02
1230,346d0ca5382800f4bbc670b80660408705742392,0,1,0,0,8,3,0,1,9,128.21
1231,a3f068e22da6915cbc473be8da0cfbb229817436,0,1,0,0,79,0,0,37,351,234.05
1232,d83252ebaeeca5bf19584908d95b424beb31b12e,1,6,0,0,96,27,0,31,915,816.27
1233,be6252d8ebdf9cf2d151028a7ba20eb1591b5961,0,2,0,0,0,0,0,0,860,374.71
1234,ed0e692147d81e396bf10f4d9425516d51bd52cc,0,4,0,0,34,2,0,6,357,400.41
1235,b363901cbe9451bc5fc7ce55053aab1ffa9d7d49,0,1,0,0,1,0,0,1,153,176.16
1236,bd83ae6ba1f887ab112c4ccb2002633dfd387d69,0,1,0,0,0,0,0,0,0,107.08
1237,f2b74aa1c36bf2882006c14f7cbd56b493f39d26,0,36,0,0,138,122,0,46,5937,3836.08
1238,4ac7c48e91f37471e83cc82d26b26e5b715e8e80,0,1,0,0,0,0,0,0,380,170.2
1239,f46d414c1643e15bc5b7a152b8df475aacd1e66d,0,1,0,0,1,1,0,2,430,254.06
1240,c8f1471992c98e0104e3a7b2e093adc21b2d2a6f,0,7,0,0,79,12,0,6,525,1115.69
1241,c96f89f845f790d8e7bce45aae6c8c4d15a25660,0,1,0,0,0,0,0,0,398,244.4
1242,80e0af50d94ffb99f669e55581d262db5f6dd027,0,1,0,0,3,6,0,17,369,231.8
1243,bd0146d984dd5df82fb19aa936e8f4ff9ca40030,0,19,0,1,17,18,0,26,3893,2052.57
1244,37ec15e9627e2fe68d78eb6d95e9a117e3bca320,0,1,0,0,0,0,0,0,0,107.26
1245,bb9859720bf88732cb63ec27cfa10d510d767d2b,0,2,0,0,0,0,0,0,517,226.12
1246,552b1707871fd92656debe33b03381f597be2578,0,9,0,1,52,0,0,15,2529,1462.63
1247,69d2a177101eb1c29b59b4c64d8c22f6d5e3d281,1,16,0,0,66,0,0,14,3043,1832.84
1248,94692288bedc353383e014914937a4798a1d4caa,1,11,0,0,1011,34,0,59,4813,2455.38
1249,5f6393f9b17cce17ded7a00e439599dfa77deb2d,6,8,0,0,104,9,0,0,2317,1649.8
1250,b12ba240e95eacd514bf79e029fbc6b9ed1a1a67,0,1,0,0,0,0,0,0,260,150.28
1251,a2da064cbf01558d0af64adc9d6fc9444cd744ec,6,4,3,0,4,2,0,2,778,1224.59
1252,a553764c8b1611cafd318022d0fc4a34c861f6ba,0,6,0,0,26,6,0,4,1823,824.61
1253,c8c6ab63248639b167350642efdfc4341fa3ce37,2,4,0,0,4,0,0,25,2026,949.37
1254,690575ec466b5ef6099c3a731e97d45b28c98b33,0,2,0,0,8,0,0,1,1187,471.08
1255,ea533f0c5e2438f0aef070dbadb023bffb9ce009,0,3,0,0,10,0,0,0,1283,593.35
1256,402aa093db243965d2b6c04118ac7ee6d196fd45,0,3,0,0,53,2,0,2,492,317.03
1257,7c988a3c8bc9429c1f28f9c29dafed185cec1a67,0,2,0,0,47,7,0,27,644,336.57
1258,e554dc518eaaa0747899e708160275f95c4e525f,2,0,0,0,0,0,0,0,0,189.85
1259,d60f011d77ce80a44b02d43bf0889a50a8797dcd,1,12,0,1,177,86,0,61,1973,1492.0
1260,f4a1ca347bd21cacf5906887f56001bce61c4544,3,5,0,1,129,0,0,2,553,1182.34
1261,271f6b5aec885d2eb348dea4de637ac269d3e1ca,0,2,0,0,29,10,0,12,305,310.08
1262,852297efd99af04df28710b1b5c99530ab20a072,0,15,0,0,192,77,0,45,4176,2163.26
1263,4e43a7231dafa149de908eac79c437d65a9de4fb,0,2,0,0,0,0,0,0,957,382.3
1264,73cc416664dbc8e1442f70cb3c4cd8f4d365ea50,6,16,1,1,494,4,0,113,3433,2814.52
1265,1444b7b594f9c0c426a3631ec43d77b19c8f4373,1,2,0,0,14,0,0,18,57,279.31
1266,071f9fe1a2fd903336606f9fae735d7f33d2768c,0,4,0,0,0,0,0,0,205,323.64
1267,9d0a89aea5252e5b7ff8deff707547e6a6dbbc4f,0,1,0,0,12,0,0,0,285,189.18
1268,89ba0c1525b8f8a4e36d1e1b486ca660d5c24a7b,0,8,0,0,120,5,0,7,1853,905.32
1269,eaabb6cd0173c4f6854eb5da39194a7e3fc0162c,3,12,1,0,181,80,0,20,2866,1696.85
1270,b79b179716b5f8bacb870a53a5a9216a0687b3c9,0,2,0,1,6,6,0,0,354,332.49
1271,082def05ca5af4f30e05aa28ba83fa299f30337b,0,8,0,0,10,0,0,7,784,1028.45
1272,4f4f99532557439c6e85b18a23df59c2ae45a71b,0,2,0,0,18,3,0,5,24,188.64
1273,39d5cdcccfc0f7d7893188bb22580da0c842a993,0,6,0,0,0,0,0,0,0,272.07
1274,f9865d52e81bbdddb7889d6c3cc7be537e610826,2,3,0,0,7,155,0,23,244,514.75
1275,3dcbbf703017985c9e212ad69cc7afdddbf358eb,0,20,0,1,6,0,0,4,876,1198.33
1276,05357b7030c784a6548453f533d3c00e19548ba2,0,6,0,0,391,5,0,52,1734,971.88
1277,28aaba2818053ffc36b1ae65b7714638ef41b91e,0,3,0,0,57,3,0,0,96,269.56
1278,5383f9bed0ec4fda86b74a94d9d1ba595a2a1c8a,3,32,2,0,85,14,0,9,3814,2654.08
1279,9949e1ed1be8293ba60dcab10345fbcce8d61e36,0,8,0,1,13,1,0,4,1108,858.66
1280,2a1b39ef1b65a4de4f3813bc749458f9fd6a1e38,0,13,0,1,0,0,0,0,2156,1722.66
1281,c6e5a32d0464622ced4b7887923ca37c717b9e74,0,3,0,1,6,6,0,0,69,314.19
1282,11afff09908035166febf9b75c410112693ff98c,1,9,0,0,34,42,0,16,2526,1363.18
1283,93b71e7deeb9d5c705d654443147f90e45cb11c8,0,0,0,0,0,0,0,0,0,65.92
1284,06738b41bc2447211d901d09aade7aadd0df6254,0,4,0,1,4,0,0,4,343,425.53
1285,e61002e2ab70454304e12f2834cbbcb4bed002d7,0,5,0,0,87,4,0,16,1099,723.4
1286,a47bfbcae050659d32f777ed2f4b26dda5fbdbbd,0,13,0,0,381,43,0,51,4469,18605.44
1287,196bcfca0c56420793f85514d1602bde564b0651,0,4,0,0,8,3,0,3,513,407.68
1288,974d6fec93b779cd2f9036d0ea89cf1b0917de7b,0,1,0,0,14,0,0,1,139,174.69
1289,fb6ca658d699d41fb9e6a647e92b1382ea1aaa65,0,1,0,0,25,35,0,6,111,173.1
1290,10cd98cc894b88c5d1e24fc54c66361ad9914df2,0,2,0,0,15,0,0,12,532,317.33
1291,23a014052d39521a3af471b3f95809c2164820f7,2,22,0,0,63,21,0,14,2341,1982.02
1292,2427a44768f9734179c957b645df0476e7cb6d05,0,2,0,0,0,0,0,0,443,250.17
1293,a1ea5360631f4366ba536fca37d9f906b0e58a5c,0,3,0,0,38,7,0,33,949,495.93
1294,6d6080f13633508c57e48cbc12788ce643af4953,0,2,0,0,39,0,0,21,169,271.11
1295,f4ac68a400a8289704a5888bf62f1d93e7aee99d,0,16,0,1,72,9,0,20,1339,1250.66
1296,64930cd71361853cc46ed02232213cc7ba749e77,0,1,0,0,23,0,0,4,75,152.27
1297,90b5ce3f04626ee24aebd1d06588489180a4bb05,0,2,0,0,8,0,0,8,271,241.24
1298,1027ff3c769906b7b80582217cf5b4703fd6864d,0,4,0,0,10,1,0,0,278,368.36
1299,a5a9a901ef78373cda4b743323ef9f6e6da0dbf6,0,3,0,0,0,0,0,0,689,436.95
1300,c22c1775a550dbefe6bd4cdcf8820404351257a8,0,1,0,0,10,9,0,3,314,620.13
1301,7d6ca52a2751908c7fc6b752d70dfaaaaa9bbe8c,2,8,2,0,105,73,0,32,2005,1332.95
1302,31fe1f98e2f19074360e85c8ec839356238f0b29,0,1,0,0,0,0,0,0,324,165.35
1303,34188b4cc4703f6919526ae10b7185842d1047b4,0,1,0,0,3,0,0,0,138,150.91
1304,9806c1b176a8a07016ad18e0a6843cc486e52cc6,1,2,0,0,3,6,0,0,141,241.6
1305,c2d9a2f307ce0b221c915030a1b3831aa4d3763c,0,1,0,0,0,0,0,0,153,137.47
1306,ef4914520019e941827dac8eda6000a82cb74cc5,0,4,0,0,3,3,0,3,648,431.7
1307,7a14663929ba1111ba05b57e47cf96fc55891a36,0,1,0,0,0,0,0,0,486,202.0
1308,f931febc8c4b74baa522a593f16df84a0b05bd99,0,5,0,1,0,0,0,0,441,421.54
1309,6c416aceeb172dc6b0103855f3c1ecbfc9f4d411,0,2,0,1,20,0,0,0,46,221.15
1310,9c346ddc724d04a1e3d87baf6785c03a5909b161,0,1,0,0,0,0,0,0,0,87.6
1311,7fdafda9796fc8033c5f77bf19be17be462e1b4e,0,1,0,0,0,0,0,0,373,220.38
1312,561dd3864d89db58bd3cbdd64480f12fa7249f1f,0,2,0,0,0,0,0,0,406,235.11
1313,5ec6765bdbe136951d737f30b5da62b07cc5cc68,0,2,0,0,86,1,0,7,138,260.01
1314,9be71f7bdcd147aee7a360a4ccf400acb858a056,0,5,0,0,34,0,0,0,251,376.08
1315,86cd558b3345879429ba177de8ff5b40e1219e73,0,1,0,0,0,0,0,0,110,98.47
1316,c216adb4bbf8306977380a1ec371380e30137765,0,1,0,0,0,0,0,0,324,258.27
1317,021f2e7e246268da46be80fd87d76bb9961b93d8,1,0,0,0,0,0,0,0,0,159.61
1318,277fc927c0d6c2699b64a5a54461fb96a50f58ae,0,3,0,0,50,0,0,1,364,289.65
1319,b281015c150cb95c4205ff6a8d8945b86fc94d4b,0,3,0,0,9,35,0,35,993,573.81
1320,ab6f848ba6cafaed3d75b54005c954733f0d1735,0,1,0,0,62,0,0,3,67,654.68
1321,f4e9c84c52fbb7ec6a4ca50c9ac35cacbd0df082,0,3,0,0,32,66,0,23,953,519.88
1322,c7ab3efcbe5d34c28e19a5a6a59962c2abfd2235,0,15,0,1,66,28,0,18,3383,2031.2
1323,71fe23b445e242ca0f03f06aa8dad96e610db00b,2,4,0,0,24,0,0,2,265,471.26
1324,e4208b1d5fa1c28ac7e64e2cb039404a14084dc0,0,5,0,0,5,0,0,22,853,638.48
1325,86062e9a78dccad74e012f11755025512ad5cf63,0,19,0,0,42,4,0,24,3953,1938.09
1326,2b5a21395cf8ce6e3e29a9a778bc20f727ec35fd,0,2,0,0,21,20,0,2,132,234.5
1327,ee1aaa091fc68587635604de5006b7acdb160361,0,4,0,1,35,0,0,9,154,405.17
1328,718dda1144629d824f4bdb8ff73fbd531a22723a,2,1,0,0,0,0,0,0,42,312.64
1329,e23de3caee3eb31a5d43a8869e6d28e25ea720d4,0,0,1,0,0,0,0,0,0,72.37
1330,66cab2f7fb72417f9bf8759fccb26dfdb33ac6ce,0,3,0,0,44,0,0,9,353,329.85
1331,84ddff6792a2082a1940664d42f5b03edc617c31,0,1,0,0,0,0,0,0,117,111.7
1332,54371e63d3c703c932777c2c0f95700c8cb5ba61,0,1,0,0,6,0,0,0,130,171.55
1333,dc2322a272c3093b3a65910fc35c383c7bb40fab,0,1,0,0,15,0,0,7,50,145.17
1334,53c5ccb33401b772678e9d1ef3bebd5784e22814,4,3,0,0,123,0,0,0,1178,874.38
1335,d9cbc6b1a28e2fb3f88137429e08c12201998bc7,4,1,0,0,90,43,0,0,32,449.1
1336,00261215436e50fa894f765c1b123f9a780380b1,0,3,0,3,0,0,0,0,51,359.65
1337,b604540fbde818025afac85c3e96be76f212503e,0,1,0,0,0,0,0,0,0,69.54
1338,83b8cf96f92242d61db9e87aafce1e8dc457c1a1,0,1,0,0,0,0,0,0,18,76.8
1339,e3c32391f95d82a217295c7e4c1519981124bc3f,0,8,0,0,47,29,0,30,1641,1070.2
1340,f0276f5ca2ebed2848055ccec875181f5db7ba51,0,1,0,1,7,0,0,1,11,624.28
1341,fd8eb268d655e00fd1f5e41452a2a30e81daa244,0,1,0,0,2,0,0,1,136,176.96
1342,049342e440a5ca045771f3eb5b4c72d3e52ffac6,0,10,0,0,44,9,0,19,4214,1769.99
1343,80038e6d205a037ee969f1c5839ec03925cd8ba4,0,1,0,0,1,0,0,8,354,195.41
1344,c5f31fe3840e87fbdda63444ef285ede840744cf,0,2,0,0,23,0,0,1,357,302.93
1345,67ba4c4eaed830df3132aea2b50bca076be4edd2,0,1,0,0,0,0,0,0,33,109.86
1346,be2918b3a04f669a1264f5d1b0be3cdb6915b2fa,1,4,0,0,25,4,0,12,812,600.63
1347,5a2960f811c27f59d78dfdb99c7c3c6eeed16c4b,0,2,0,0,13,5,0,4,375,280.99
1348,8f6a372eed3655b3823ac6372821d138879e9d9f,0,1,0,0,2,37,0,48,290,233.15
1349,5df1eee7d689e18ac2f7b74410e7a30159d3afdc,0,23,2,0,221,558,0,193,5870,3100.59
1350,1a1d923f252e9b1576dad6f7285f237feb064f64,0,2,0,0,47,0,0,0,134,236.18
1351,58877a0deacd6c13436af83ef5be1a6f75a3ac4a,7,2,0,0,114,176,0,3,62,880.32
1352,0cc32abc17d26c5faf6fdc3b63a01016e05a65b9,0,26,0,0,337,6,0,16,2276,2320.46
1353,38c5d7fba7387b797a10c9c6ed71bf99c6d417bc,0,4,0,0,54,20,0,14,1563,795.79
1354,d01f01ec63f61bd4742f02abff2ab6cf339e2897,0,7,0,0,148,42,0,35,1523,978.62
1355,d1e0443bac769c10598bbdeddf6d7e06f2fdf7e4,0,2,0,0,0,0,0,0,173,194.43
1356,39c438ec1f0830e8a651315cb24059ae290645ea,0,2,0,0,0,0,0,0,459,218.0
1357,4b8a29f12a142d02be0b64eac71975b6a129d04a,1,20,0,1,228,226,0,47,4525,2626.26
1358,30f08d158a97e0d83b59e5910fbb0a84c5c6d14f,1,4,0,0,281,38,0,19,351,585.92
1359,b6909339876ca1cbcce28043c4b42f2c7e48307b,0,1,0,0,5,0,0,4,58,101.07
1360,d543e19a09ed34ccb6fa435d430c2c715c3c7098,0,1,0,0,0,0,0,0,420,643.92
1361,234ec8a8af76bfb7874dd99714a65089d6048953,1,18,2,0,193,45,0,52,3577,2624.22
1362,043951753b6fb6c8bae6d25d7a6a97e74b614cac,1,29,0,3,312,63,0,44,4243,3338.11
1363,a5cd34d7962ff5da9b99d0229ef5a9a5fcb3f318,0,1,0,0,7,5,0,1,202,197.78
1364,b08882213489706c663785f2c94d76584ba6e856,0,3,0,0,36,0,0,2,136,222.7
1365,fe3699ce3362c8942f96e52281a2bd0fc1bda032,0,1,0,0,0,0,0,0,65,97.13
1366,d1a9252ca1808711882ae4c3043b0576620f8177,0,2,0,0,21,1,0,1,287,318.54
1367,1cf7ec87d3afeaab7b4f40d387d34e91e9616e64,0,3,0,0,40,1,0,1,384,401.54
1368,616321bcb618b57d063273df7764058dbd2b7a9c,0,8,1,0,0,3,0,0,2361,925.77
1369,69777260e05ab12ee8480c23cd2e6acc6e218a12,3,12,0,0,82,31,0,7,1946,1578.95
1370,e86f70ed20b2d2415f3f01497fd85a7f6c2ac2e8,0,3,0,0,0,0,0,0,1090,457.43
1371,066bfc314c912aa90283a1c1c53a958237d1adff,0,4,0,0,57,0,0,19,1123,706.16
1372,22f742cdd2899b76c1b4222863ee02ad3bc749a1,0,1,0,0,23,5,0,3,350,214.14
1373,9aad649fd0defa4b55f305e3e025883ebb567b34,0,2,0,0,0,2,0,3,369,253.44
1374,f3b9afe62265d7559ef65f5aa692feecc5fa8f25,1,1,0,0,0,0,0,0,146,287.84
1375,82c6d429e70f1c782103953072dc6dbec650dd6e,4,18,0,1,176,170,0,37,3665,2664.11
1376,27c2c81663d6518a3da5cfde88109f90ded8a6db,0,2,0,0,0,0,0,0,151,260.64
1377,0538f15ac36358937eb7a3167ea99f7a668797e0,0,7,0,1,21,0,0,0,537,690.78
1378,5995453f4cd69036f0bed77afb19ff505c903dc9,0,1,0,0,0,0,0,0,22,119.39
1379,a3aea3cf4dbedb293f2d7859e0298bebc8e2185f,0,2,0,0,10,7,0,4,324,281.9
1380,2bc780b959cad59b51d26562bd2f801432e05e2a,0,3,0,0,1,0,0,1,759,970.42
1381,96df93522f84173ff47f47ec78ec408991140b65,0,4,0,0,0,1,0,0,283,370.71
1382,39f2d4588fb1bf82748fa4c1025b7452ca1ff5ba,0,1,0,0,46,0,0,0,418,286.24
1383,d61a592c8a5ee2279760c2c7c72550160032bf8a,0,4,0,0,24,32,0,9,1037,668.75
1384,3de910319e56d81c50597f05459d35752345907c,0,1,0,0,1,0,0,4,80,162.8
1385,98296f852f334067553e541d6ecdfa624f0eb689,0,2,0,0,3,6,0,2,145,270.52
1386,bfb272c5cdb227040d862f0ab7337df68f787764,2,15,0,2,52,16,0,6,2809,2365.46
1387,e1c407973f5c4a7af6b80c1a9be92ab1635de665,0,1,0,0,0,0,0,0,17,88.57
1388,fa5ebc8a019f8cb24823dd29ef84d422d93624dc,2,17,1,0,80,8,0,33,4467,2625.68
1389,3e21e17a7d3613bfab8c34555c0f598a07cf0675,3,2,3,0,27,0,0,10,149,605.01
1390,27a8d0f9e7f3b05f331d1449b17cf7e085a4b45c,19,28,0,0,209,0,0,35,3250,3757.44
1391,bcc712b45820da74b44209857ebbf7b9d59e0ed7,5,17,0,0,154,14,0,13,1608,1748.68
1392,8ded496c9be619fe29d00b406b3c1e094abc202c,1,1,1,0,0,2,0,0,146,235.83
1393,11f3db0b731739017174e488670e529af4dc22ae,0,4,0,0,10,1,0,4,597,540.32
1394,f6f65a78684e41bcd6115438a76cd6c552afc043,0,1,0,0,0,0,0,0,54,104.89
1395,5701ba88f895ac9211f25c15204d6281aed00ffc,0,2,0,0,22,2,0,2,118,233.34
1396,e98162792684b0874c60003c6a596ec739c934a3,0,1,0,0,49,55,0,0,29,149.95
1397,40759595e2e4d3751da8787c62ffd659cde257aa,0,1,0,0,0,0,0,0,392,194.78
1398,8cd563d4785f719c4876d9d4626713994c3a3a6f,0,1,0,0,0,0,0,0,9,82.8
1399,75e37d7e2063b726aa0185f4b695f32cde69d95c,2,17,1,0,105,53,0,1,1829,1798.96
1400,ca30c2d55b4f882fda34a13aff6f9ea510a959f6,0,5,0,0,66,26,0,7,2237,1412.46
1401,2c08d7e39e3c7e0a65b0255db3c86d3e259cedbf,0,1,0,1,0,0,0,0,97,198.03
1402,b814a16b968d144802d08523b5c359d6706f5632,2,21,0,0,452,7,0,30,4522,2592.47
1403,faafdbe014ca6ac7e253be6934f78885642666ed,0,1,0,0,0,0,0,0,128,115.46
1404,52191c34986431673580575264c5c0414ae20243,0,1,0,0,95,96,0,39,188,250.58
1405,c615c597aa24cc5a4552102f1b6d27fcf4e24d12,0,12,0,1,77,89,0,28,2159,1526.14
1406,c8d80073c9d68c4e7fce695118fb52093fa39d45,0,1,0,0,0,0,0,0,0,125.84
1407,d706c87cb2a7e060ae22ccb7809b5d588bb3d6b5,0,1,0,0,0,0,0,0,138,129.69
1408,a9af5c79638cb6ac4e729cdd995facc6153e45db,0,1,0,0,0,2,0,0,390,221.32
1409,4a274bc9fd2ac3714788af0429fde8945a48636f,0,2,0,0,0,0,0,0,32,151.96
1410,1fef10d47f8b7481b4fed8f5366c6780d9c7d733,0,3,0,0,52,39,0,8,1456,742.87
1411,1e04f5d2348d91fc18d4e0f330c231919663be1a,0,4,0,0,0,0,0,0,1363,669.11
1412,b5da5f8bec2b87c13f82d57be8e38a397c61366e,0,1,0,0,0,2,0,0,12,102.38
1413,a78f66a5ae7865418ee482c535e883598e1ec51f,7,8,0,0,9,0,0,2,1414,1604.72
1414,fdc14dacedc3d3497dcc222b44f539e6355b45a9,2,6,2,0,18,23,0,0,554,992.89
1415,cb93d764613d801a1185989f09ce2d6b76009020,0,2,0,0,43,4,0,0,516,367.28
1416,70d3b19b1126ae64c214615adef590275f218ee7,0,3,0,0,10,1,0,4,796,473.82
1417,2264613c4e2f51f1332671db50b6af6284baa6fc,0,1,0,0,0,0,0,0,174,154.54
1418,3431be2aeb4f16599c419f89360856b72d0d335d,3,9,0,0,158,56,0,3,1771,1371.99
1419,c6635e8d12fa5fed32ac75a727e62332fffa210b,0,4,0,0,242,26,0,30,1260,2599.8
1420,3e4176fdd653f002ce878d99ba5c05389c8b6cb4,0,3,0,0,22,19,0,0,302,771.27
1421,530bc59de2732ba71e82c0110c59e9f6162531c6,0,6,0,1,166,16,0,8,1339,877.13
1422,4c48942f9d9e1428e21f934746cb7ce22b3df746,18,21,0,2,131,36,0,36,4923,4456.52
1423,1ed6da7cc8eb2231f73509c907c2e67af2f249d2,4,5,0,0,20,0,0,0,1341,917.7
1424,4a2aa4bb6700c02b573c3ae71a40bdb8df5ab3a7,0,6,0,1,10,0,0,5,701,615.79
1425,498cf73f54c202417ce0e12d8ef7f552da850f7d,0,1,0,0,0,0,0,0,0,129.0
1426,505adefcecc6e7282b73f934aa8c7a59adcb675e,0,2,0,0,22,0,0,0,962,421.38
1427,f9b56d680bab86fad276d01c8421d3679a788f2b,0,1,0,1,3,0,0,0,25,169.96
1428,4019b21d602c0912d9dc0286f10701e7e724f750,0,18,0,0,144,62,0,21,2220,1556.22
1429,7fe1c2b3d3a78ea3ffb9e269563653626861fbd2,7,8,0,0,291,47,0,91,4430,2647.79
1430,447c64fffb72fdb82e2f3c670e891ae1d00a8ec8,0,4,0,0,72,6,0,0,334,406.11
1431,7c97b239a5261cf030984f71427287196e657d95,0,4,0,0,79,7,0,10,2266,988.58
1432,c32860b22427ca32a9e83e4f741b85062bb22140,0,10,0,0,4,13,0,17,1288,1026.08
1433,65b5ccf6413369aa4f21c72abcdf31ca72a79b00,3,12,1,0,18,38,0,27,1024,1176.86
1434,4ee5182f35d612daa223f890b9eaad08655b761b,0,1,0,0,2,0,0,0,48,106.76
1435,5d69a79948bce0fab4705c7d7d0f3b02f2548c0d,0,2,0,0,122,8,0,10,915,500.34
1436,67803384d9b7959661bb2a32129b03a374507c8a,0,1,0,0,4,0,0,0,50,111.56
1437,e7905fc7c3398490e02cddb3bcf30590b2f6d7b7,0,1,0,0,0,0,0,0,20,75.79
1438,a1352f8c5a96c8e861c17c8105557428a47f4334,0,11,0,0,9,20,0,3,1795,1325.52
1439,dc54c0e24b3f7ca27990b1d576b8b8fd6d740ca1,0,2,0,0,128,33,0,9,491,391.33
1440,976a3b0cc858d4a13cf8b34b325aefc8d706be9e,1,6,0,1,112,39,0,21,1080,1327.41
1441,f324de45b88a08357061c55ff69610d7b9ceb116,0,1,0,0,0,0,0,0,0,88.07
1442,a42c4edfa79dfe66424fbfc356d126a3a689a3c1,0,1,0,0,0,0,0,0,0,98.32
1443,83b058a0d13955ade43440963f480c7fe3d94c6a,0,3,0,1,10,4,0,1,186,305.16
1444,d030caf9561e306556f5e0ab323bb382e967138d,0,1,0,0,9,0,0,15,528,251.05
1445,a68a8b6b6cc47d488ada99e4bfe87cc7467621bb,0,2,0,0,62,0,0,16,784,369.52
1446,2693e9be7412ec03173c8942e9ccfcc24cfbbce1,0,7,0,0,7,1,0,9,1511,872.64
1447,234b54c2c46fb7e7e60b3cedd5be642925f1da19,0,1,0,0,0,0,0,0,293,160.35
1448,36b00300f5a9117abb4e8570c1714b3023a0ab01,0,1,0,0,0,0,0,0,79,100.06
1449,6d18d882b850a8d757c32bb124b1e42e60587c69,0,12,0,0,553,297,0,127,5666,2604.67
1450,27b56b1458d0af0a397e9f47ecd008c10c088c6d,0,3,0,0,142,12,0,6,625,476.7
1451,38e9958d6e5d2224fbb9a54d04b1505ad561e8a3,0,2,0,0,37,0,0,9,883,493.0
1452,50cd85538580c9c9833ad957d64d39953c124374,1,1,0,0,0,0,0,0,87,165.48
1453,015e224b3d3c8e7bc412686ff22d5e99324b1019,1,7,0,0,9,0,0,3,959,685.16
1454,bce8125dcf5a87ed29bbe795cd7591d45bdf3d9a,0,3,0,0,11,7,0,5,920,505.07
1455,004ef6b04bbc0ce0ebfc1cad42656559b043bcb2,0,1,0,0,2,17,0,1,54,146.0
1456,55aa7de62adf6a99e6d6268c832b61de6b37d416,0,2,0,0,0,0,0,0,396,216.73
1457,7303f41dc171e3a8f57c40abc467582602d1cde4,0,1,0,0,11,0,0,2,460,317.8
1458,13caded15e21bff450f6f042e86f856046e0f40a,0,1,0,0,0,0,0,0,65,108.18
1459,ee352be9c88663b95b1096b7a294e61857857380,0,6,0,2,49,12,0,6,324,612.28
1460,b79e11bb511e259c8187d865761c3b448391603f,0,1,0,0,1,0,0,3,59,682.33
1461,256708dbbb7204e4025f2ca74eceea1170236255,0,7,0,0,86,50,0,1,862,725.52
1462,a050eb56f759954498a0a58993d754cebde144d5,0,1,0,0,41,1,0,28,321,265.65
1463,f3c4240e6cd4237b1160328fb037708de138a05b,0,1,0,0,12,0,0,0,162,161.3
1464,1667c16be1747ae2ffaab410a5903ad284209456,0,1,0,0,0,0,0,0,34,96.15
1465,1715e6eac03e26f745b3a6f97a8b61b335207e9d,0,1,0,0,7,3,0,5,67,143.88
1466,1d8ed875db6ec624cdb8bc15ec677729a42fc13a,0,1,0,0,0,0,0,0,396,167.68
1467,66039b1312be6356a3cb12efa8e562d2264498d1,0,2,0,0,31,0,0,1,2317,748.21
1468,e26d0d760466c3da6189637a7de69eb5509e7b51,0,3,0,0,22,5,0,40,746,539.44
1469,4a027a0af10bc10bb223856100fdc19c6186a405,0,1,0,0,0,0,0,0,223,126.35
1470,5df535e8a349771942050f1e3fd58851f413fa3a,0,11,0,0,6,19,0,6,1725,1094.28
1471,7c5d0c459f1d4a8796e3b5af925f40fd4f8a69fa,0,3,0,0,16,16,0,0,615,473.8
1472,f26fbb9adcd66a31740da5c99f14a108bbc24304,2,7,2,0,0,0,0,0,1362,9910.75
1473,604b93cfdee7a8c5c879ef2217d50be88e39ac89,0,2,0,0,91,22,0,6,1581,644.63
1474,2a4ba75e1338eaa97da87077330b43d7448a18bc,0,8,0,0,194,62,0,88,1725,1039.5
1475,8a7d7e7955889125b1196caeded6fa57d93a0b46,4,0,0,0,0,0,0,0,0,347.95
1476,a1b01f48e9ef06291f3e052a37bde887b891e708,0,2,0,0,40,0,0,2,592,376.0
1477,e5d6c9a79a4ca9b82502b8e7f503d86ddaddb7fb,0,1,0,0,43,5,0,21,190,232.07
1478,cf092aeecc473b70d81c00b604e29de8c9f6d84b,0,5,0,0,7,8,0,0,1759,859.71
1479,925d6a2ef363ee540e65f7ec3b699dce05aa591c,0,9,0,0,135,31,0,38,3952,1648.91
1480,c5ba0da99301c9ffc1216e23541cbe7d2cc9a102,0,3,0,0,0,0,0,0,334,848.32
1481,989088f697a221bc2b7b1d0d0ae6e9d03b2bf8ac,1,9,0,0,117,46,0,12,1338,1096.14
1482,6a383d8bc4555665fad502bb9b6e6c97657d996a,0,2,0,0,36,1,0,12,618,373.56
1483,b1aa1912f08765d9914e3d036deee6b71ea009dd,9,37,5,1,249,144,0,13,2667,3808.37
1484,f1c112c63d8223e62cf9e2f31cc42321f1e6dada,3,3,0,1,23,49,0,4,311,704.15
1485,c28c556e9295b9d499f7b1b0ec65bbb4d1ad4b67,0,1,0,0,14,0,0,15,466,275.22
1486,724032bd06ae6928595ad3d5d21ead7f9e834d34,0,1,0,0,18,0,0,11,158,138.22
1487,0bb8e66184931e2f7830cb713d9260cc0f3383a9,0,1,0,0,0,0,0,12,396,192.49
1488,ec9e8110e3967c3ef38ed475a0cb40fc951a2aef,0,3,0,1,13,112,0,2,115,283.01
1489,bf8a4c2ce7291e2f92fca297e970f668b4b85066,0,6,0,4,54,4,0,5,602,916.85
1490,d93569948657a1fd58dad9fd2541b75b2b330a4a,0,1,0,0,22,0,0,68,992,391.56
1491,a6fad27372f9a931540c2e4345e428b643535d46,0,6,0,0,68,89,0,50,2142,1141.68
1492,9e0e6e43a787092ff908cb17da37ab5dea03978b,1,2,0,1,2,0,0,5,128,315.3
1493,394aa7426117d0d04666c1c2a63d5f98229b7894,2,22,0,4,88,13,0,25,1583,2150.42
1494,2afac715666347a30ac54cef1485db369288b478,0,3,0,0,0,0,0,0,472,266.4
1495,ae31ee63dc3bdb9068543791bea44a12a97aa928,0,1,0,0,3,0,0,2,262,236.94
1496,02a8ef859539349151e9d1dd0c69ac83a24ee7a2,0,2,0,1,8,0,0,0,95,245.15
1497,0560193706bf7c7dbe39d8baa65129d765ca9868,0,2,0,0,0,0,0,0,116,143.9
1498,27bb3ccaceae52c730b2c02d72c63a84060966f1,0,1,0,0,23,0,0,0,120,142.15
1499,0f364cd53a7a56e4ddea1db44fd044860ba2c0b4,0,11,0,0,29,22,0,86,1767,1078.4
1500,f0a29a693548efe539cba04807e21862c8dfc1bf,0,1,0,0,0,2,0,1,315,675.11
1501,9ee00c4b6661a590afcd5fb390bd0abaa3dcce1b,0,1,0,0,0,0,0,0,65,103.34
1502,f2fbfaaccc99f889ae0796005a46d6c62c8e5be9,0,1,0,0,1,0,0,0,435,224.62
1503,2307314432c871cf045787b44295d8dc4943e77d,0,1,0,0,2,4,0,0,236,169.02
1504,549a5cec1ee82eb86e5b8bcb3886bf2d2dde2b39,0,1,0,0,0,2,0,2,41,106.29
1505,514936af6f04e00ad908d3835040db5b0d5698c2,0,1,0,0,0,1,0,0,182,143.79
1506,9eb32eaad5fa3863d60b84ef095fa041e83b7b47,0,4,0,0,48,33,0,11,1130,638.62
1507,adbf31ab1d27cda0b62d611e6141d830736a8e2e,4,29,1,0,7,5,0,0,4128,2940.01
1508,5d5a2ce4bba4b42b3652d0126d1d2dab979a3e07,0,1,0,0,36,7,0,2,71,151.91
1509,28f1fc2f55269f43f0b2bb769b78f80b8cc9cf51,0,5,0,0,0,0,0,0,1060,469.27
1510,cb7cf7c5a78ef2d0beadac023fb0b2250a313160,0,3,0,0,0,0,0,0,97,197.17
1511,fc0d0021cc74bf957b3ebf7e5d98e40f718fe1c4,0,1,0,0,0,0,0,0,174,186.47
1512,2e5d4af83f6b9f87fc84c0ff10462a5414ff8cb4,0,3,0,0,10,0,0,1,781,399.72
1513,8662a022c42b7a6245e8ec54c544fccd8b79b6f8,0,1,0,0,15,0,0,2,23,130.97
1514,e4c8e3e758cbc0b5826885644da69bb7fc3c35ef,0,1,0,0,7,2,0,2,553,264.13
1515,d9369de8f2c6435843fb7577d313bb24e3b09cba,0,4,0,0,50,23,0,12,618,534.14
1516,1815e01188e1f1f7c71acc9fb6466dbae8e47c9e,0,1,0,0,0,1,0,0,913,316.55
1517,9313e18fbbd974a17bfd132fe8b9ea594b26a97a,0,2,0,0,0,26,0,7,94,202.23
1518,53d4267c59177cd826e1b0645168b1e9330bdbcd,0,3,0,0,70,0,0,5,1566,696.48
1519,9f8c3167eb2fcab158147eb4fefdabc933b8a3a1,22,26,19,1,312,47,0,59,2144,3966.29
1520,63642d6051015d84aa8c084380bcab174a5f3303,1,6,0,3,108,23,0,1,540,66294.38
1521,ac542c9a835d3a2dd46f37712c6b5438f56747c0,0,2,0,0,113,10,0,2,739,469.78
1522,77ebd32016d13c64ee5a3c7db63ca71bf4b79aad,3,0,0,0,0,0,0,0,0,159.89
1523,0c0d8363e5787e97cce5e0b9b86486d737a6890c,6,10,0,0,37,21,0,56,2197,1765.99
1524,40183e31567795d4d0f2b836294bc5d5fac2a56b,2,27,0,20,147,53,0,20,1335,3036.89
1525,37efc79eb82e0f290d0d2a17f24001f2cbc922cc,0,15,0,0,0,1,0,3,2458,1255.95
1526,989fe0497ec72ea3470a30a9ef47389b48ee5421,2,2,0,2,51,0,0,0,187,583.39
1527,5e277e5579f4a989ecef6473fbc3619178b33a35,0,2,0,0,5,0,0,2,222,199.8
1528,4223ef61060673e95077abfe6aca27bc0f71fffa,1,2,0,0,90,126,0,0,0,240.65
1529,6a99da87abff26a749cee4e765d125bec8b6c424,12,5,0,0,413,1,0,12,1615,1781.63
1530,cc43e77bbbfad71883011186de55603c936cbcd1,0,3,0,0,65,2,0,10,189,305.51
1531,4e35a2bfb7f3b0437a27bb58b8cb39339f750064,0,1,0,0,39,6,0,13,231,259.91
1532,fb3a9485a8f830336e2cd07d959cf6aa0a5356a5,0,1,0,0,0,0,0,0,431,228.74
1533,b599b395f3d421b3fdb1d25b294778478c2467cf,0,8,0,0,93,14,0,59,2159,1197.49
1534,98713570867619de7de8e885a82d5fb0bfdb3b4e,0,2,0,0,8,1,0,0,285,260.81
1535,832b096f4fcfde9e90d796470eb0ce2a26283e81,3,26,0,5,300,58,0,71,1611,2832.48
1536,93e03414f72c24854abaa6925149196580cfc691,5,7,0,1,91,28,0,40,569,1078.5
1537,432c82d3bf6bbe679df1c2ac7cc11683e8f9c611,1,1,0,0,1,3,0,2,23,181.36
1538,e5de679d62f734eb1cdfc91c863107b64cd630b6,0,3,0,0,71,0,0,1,708,378.26
1539,01eddce01f94887d5f15d32d8050e8a526599fcc,0,2,0,0,21,1,0,14,653,393.28
1540,ac9c3ed0b43ee848e6e555a01c55ea2eee78540a,0,57,0,2,301,261,0,25,7220,5564.7
1541,0e0fd4fe8d8b3701b38dfdcd875fb4f4f98d23c2,0,1,0,0,107,226,0,30,210,256.58
1542,cae42215b7597cc39afc682cb0399782cf42fe23,1,7,0,0,233,120,0,29,1332,1089.16
1543,462342210fd5d6f571d26b8af838fe77d5c5ca48,0,3,0,0,149,36,0,41,382,383.6
1544,93fd5707fab218abb2c9d13b034608f0a606bfc7,0,1,0,0,11,1,0,1,284,226.68
1545,1f523d9d72ad3008664146e1d2a5b40861b06072,0,1,0,0,30,6,0,0,311,213.64
1546,b510737e761e21e63e6ed15e5111358d7515fdd2,0,5,0,0,113,0,0,8,2007,888.75
1547,d9e804b88952160630eb305ff05978b66cbbf49f,0,1,0,0,0,0,0,0,396,197.17
1548,ed51b2cdf5bdac210a6904bead1a2ca6e8411406,5,65,1,0,328,97,0,94,7724,6361.13
1549,6be908a8296456adee254b405605acff55fd47a5,0,3,0,0,54,46,0,41,1741,916.65
1550,fc6e92260c3ff3b5ef72ac05e7a518a8cb2e7090,0,31,1,0,81,70,0,47,5979,4428.46
1551,885abbfcd40aab57acec278d976956f07be15090,1,33,2,2,410,232,0,180,4692,4172.82
1552,c6fd3d488e8dba904f6abb2324a89466fc354387,0,1,1,0,13,0,0,5,196,194.66
1553,8577632b3a7dd3dd5ce9cf2562627983bbabba20,0,2,0,0,17,3,0,1,52,170.79
1554,6655a4d75f8d839c9f87e68fbda77ed0637825d2,0,5,0,0,8,0,0,0,1073,582.96
1555,f467c9c2438a8b182083879927ff171a6a2c6f2f,0,4,0,0,26,55,0,5,456,413.87
1556,9d2efd83a6a8e5576886dd146eebdb072f4c8d47,0,5,0,0,88,6,0,13,882,632.64
1557,515ce21c74743171df6cb069b4754f68fe7f2233,14,0,0,0,0,0,0,0,0,959.28
1558,af983267be7a2d0f81527f5a348af377f30caee4,1,62,0,0,88,199,0,215,9098,6242.01
1559,f448e49fbe8c3c609f9beffa2f421fc0b875aa3d,1,1,0,0,6,0,0,5,335,301.61
1560,564311f5cdedd63fa03052368c321db5ce15dc4f,0,6,0,0,64,27,0,2,1315,1517.09
1561,6f641fef6a88036ab4dacb59ab21bc8b21ef9bcf,0,27,0,0,45,337,0,182,2622,2439.85
1562,32e97b1d9db46cab526d1882eaf9633934ed21bd,0,16,0,0,4,1,0,2,1718,1204.16
1563,42771eb37d6abd0a34220d30773e559680bdf9b0,0,8,1,0,4,127,0,13,1507,951.46
1564,55dd97097f51e9e9a687c35afa0cfd38d60a6b45,0,1,0,0,22,9,0,9,126,200.56
1565,2b5a59406622affa1e333e073546f075f59b4ac9,0,33,0,0,33,514,0,80,4328,3174.24
1566,b328fc729b79fee6a9d210cf25890068d92943ee,0,2,0,0,22,0,0,0,74,182.47
1567,7afcb3a64c53831f05f99037dfa07aba1d396c48,0,2,0,0,51,0,0,9,2197,799.32
1568,0ecb72f59da6491edc96b99b147b4983be794acf,0,3,0,0,51,9,0,2,799,481.99
1569,5ca9ed5ede4f03cdef54cdbce70be3fdf052157d,0,3,0,1,26,1,0,2,66,294.61
1570,abbd53da4ad98c3a95118c9770a9d247e54b0eef,1,7,0,1,183,98,0,140,2171,1277.38
1571,8fb5b3701307f7ce597083f41b3c812680f7195d,0,3,0,0,18,5,0,14,340,347.84
1572,9679c44d2b521b5c627e7bde375c0883f5857e0c,0,5,0,2,10,4,0,5,1007,774.14
1573,fa1702fece04c5fc50149fc9b05d77a459b7180b,0,6,2,0,11,54,0,0,586,591.13
1574,f69900cd1e6b17196e88321062e865d6585c6423,0,1,0,0,2,0,0,1,916,338.04
1575,a5ea6d10a8152df8f1dcb3d7c3fe3635325d82e4,1,1,1,0,0,6,0,21,1362,604.25
1576,c3921d489f4da80aad6f387158c33ec2e4bca52d,1,0,0,0,0,0,0,0,0,110.8
1577,caca1fdc90b6ef877385b044b2a3230f8e6e9874,2,17,10,1,41,130,0,44,3951,2515.41
1578,adeced299785bbeab53241e0013a1f22cdeae76f,0,1,0,0,1,0,0,3,201,174.66
1579,9947cd40c617d4e12690b81a2d28624355580e34,0,11,0,0,20,0,0,1,1088,832.04
1580,e9154b7960fd9fe9bf05811e4e9972698eeec355,0,1,0,0,0,0,0,0,0,659.22
1581,ba237c5d21abb8b63c5edf53517654a214157582,0,1,0,0,10,0,0,4,79,179.63
1582,05ea580091a230a7843e0a7312e7980fc54f302e,0,0,0,0,0,0,0,0,0,36.2
1583,4e1c8ffd0d44ab7d1c0ca9ac9d70a98b46f35181,5,23,0,2,101,111,0,0,1186,2184.6
1584,f65f3a878fc23c658ba2e62f9a1863a7b3d2bd4f,0,2,0,0,0,0,0,0,0,99.38
1585,16ad358d64a138fc4b455379745ae1550a93d57b,1,8,0,0,26,28,0,48,1773,1070.51
1586,70a506b9839605304a0a67b70e711a1139b47cbe,0,3,0,0,3,0,0,18,1827,965.07
1587,95b46a12e5a74da2699b3472c639cc82b28cea96,0,1,0,0,13,7,0,5,436,248.66
1588,193c77968251a06b2393d1d286425a4f4ec97d10,0,1,0,0,0,1,0,3,1372,479.87
1589,6281fbcb6ad3c1f7172af0ba590fa1e2605093de,0,4,0,0,0,18,0,3,227,342.55
1590,a30ecc67556e46e423a16e725bd712eb72ab338b,0,9,1,0,8,12,0,0,1218,707.22
1591,c1b30a12b1a01ca0d1e39783884e8180f79ed8b1,1,4,0,0,30,14,0,0,2199,1031.19
1592,5be47a2f269ad5356a19c353c1e53e20bf9c140c,0,3,0,0,0,0,0,0,92,156.42
1593,133108cdacf7ee1cc4569e797f2cdf9ec60f7fdd,0,56,0,1,269,12,0,50,7090,4856.93
1594,0f86e6884070ec9c867c9354ae331aceeb90b1e8,1,3,0,0,26,25,0,29,2580,1156.55
1595,ff9f928c16ddf95311f1c1badc64212b4975e623,0,2,0,0,15,8,0,2,846,426.41
1596,c9ec292135f26d1d70a40809026a420e4092f1c3,1,1,0,0,16,8,0,1,117,215.73
1597,7f19df29ac60ec9aef1dbd14704a2dd045b1cfbf,0,3,0,0,29,16,0,84,2120,878.33
1598,8c5d7e0408a62aa5f414e8b707050bf8e313a57e,33,5,0,0,43,1,0,13,1155,3387.64
1599,c470ff70d3e829c8b12f6eb6cc812c4162071a1f,0,20,0,1,253,62,0,107,5002,2688.45
1600,8bf20bb58637a59aa816e9d9668741a15fe9b55d,0,1,0,0,0,0,0,0,418,832.71
1601,a64ab91238aa8fc499397374c3589127425fb229,0,3,0,0,40,2,0,1,253,357.08
1602,fffb9c5b5cac1a669f22dd99860774d6c0fdb94b,13,0,0,0,0,0,0,0,0,785.08
1603,98094954a27849b027831a7401e965c6a949790c,16,10,0,1,107,1,0,28,1237,1952.81
1604,f24a62d4acfc48e23dd4bbb854668a727e9445a8,0,3,0,0,66,3,0,25,693,383.18
1605,2b6630b518c7edb74b2fc225c2bcd39ef5e4aa26,0,1,0,0,0,1,0,0,216,167.26
1606,14171fa8b43e445afd7731463e0b548422602712,0,2,0,0,3,0,0,0,103,204.82
1607,f8dfbb067caa797c19494e12da6b4c6786980f73,12,12,0,1,142,18,0,23,3979,3351.6
1608,f33e9a346e22e29bb66e0ea0f3442903d136ca67,3,39,2,0,86,25,0,14,5403,4096.97
1609,08e8facdc9fce3a9195f5f646b49f55ffa043c73,11,30,0,1,216,31,0,45,7473,5062.37
1610,3683d475edb7dbb4990ba6da7861552a602537bd,0,4,0,0,12,4,0,6,1249,711.34
1611,d166485be15d95192ec1b2818f815fa58726ec54,0,13,0,0,408,80,0,137,3191,1827.58
1612,837f31dd1850b179918f83338b4b4487486b2c58,10,14,2,1,177,92,0,44,5327,3168.6
1613,e24916a68f8259046be677e7f8c1f365960e0dc3,0,1,0,0,0,0,0,0,264,120.7
1614,cb2f024f87aa1d4848eb059b15fefd7eca028a73,0,5,0,0,4,0,0,4,473,422.3
1615,73e2cbbd8f56f70bd5ef4594adc3770fa5a402ce,0,4,0,0,26,0,0,0,137,297.14
1616,adec6d6e47e18882ba012ae4f1fa8793c18bd0e1,0,1,1,0,7,10,0,1,123,179.37
1617,0cacbcf30e0a90ab9fad7bc310e5477cf959f1fd,0,4,0,0,5,3,0,8,590,541.53
1618,718d6f2475d377fd220da9898d25f7c8191f98cd,0,1,0,0,0,0,0,0,323,164.32
1619,9df3872fbd1526bf6aecab1fcfdc52a33ab9630e,0,4,0,0,13,0,0,4,1554,634.25
1620,ba5fd3c8a40836dd91389e566253affb0677776f,0,1,0,0,115,3,0,0,404,706.59
1621,7c69de42df78bbb4a651b293038d4e957e528970,45,12,43,0,4,0,0,0,1858,5635.73
1622,0c035c46b47cd4734d0529486e776c6c18d6643d,0,1,0,0,9,1,0,0,38,132.76
1623,b3aa655a70d92fedfebd32cf469a87b45766fc59,7,15,0,0,145,0,0,34,1931,1946.49
1624,8264492deefa594567573fecd19fba3068bf3d6f,0,5,0,0,18,2,0,4,492,424.62
1625,594a0e1a07f57cd99faa0020b727c4af87be8fad,0,2,0,0,0,0,0,0,0,142.18
1626,0eddddb82be563bee9e4b65030e27efd5148ff4b,0,7,0,0,23,28,0,26,1529,844.65
1627,150967994a69b2e26f5f68efb2a54a8522ae641d,0,4,0,0,33,10,0,3,486,451.84
1628,642a09168c38e961a2936e5a2fe72f5cd83ae7a6,5,3,4,0,14,0,0,0,436,659.06
1629,aa014b27099103549fac7bbbeed5ef9544b01e84,0,1,0,0,20,0,0,0,95,167.76
1630,22612be46dd68255642ca50a1f78fa1790eb4759,0,3,0,0,34,16,0,17,122,394.42
1631,b4fa87cc51f0a7d640dc6ae2cc8f89f006aae652,4,19,0,0,80,121,0,14,2086,1996.8
1632,0b3989fd72acc6e989c495c63cb8ca6aa5850811,0,1,0,0,12,0,0,0,49,125.61
1633,d2b2fbdf94cf48094081650ebc18ee860e67d8d5,0,2,0,0,10,10,0,0,499,281.08
1634,74bdafe386ae6080d6f5ead852f9026061a65be4,0,19,0,0,52,110,0,67,4295,2269.19
1635,a4c292173618e22b3f99ab8615c6b585c7688a40,0,1,3,0,0,3,0,0,40,130.39
1636,49db5a63c043b50c10c2dfd0648f8d74ee917b6a,1,10,2,0,71,38,0,7,3444,1707.64
1637,cc4157d8773dc7f8b4fd771211bb24cc645e1341,0,1,0,0,0,0,0,6,261,158.82
1638,3face7fce2489715c040c9756ec05406aaa657d4,0,4,0,0,88,4,0,5,533,493.99
1639,d98ec33364d4ddb6ee53e0cd6001857207ba2089,0,15,0,0,209,81,0,77,4023,2235.25
1640,f0b1b46486ca67a5d44b68ee076af0d6e986764a,0,1,0,0,0,1,0,0,33,650.65
1641,4580d9f16aabc44f3d97931c6bfa29de1e40bf2d,0,3,0,0,0,10,0,5,2287,901.95
1642,16190e9bfd2db13a886b4122127fbe4f96ed8f65,3,16,3,0,2,0,0,0,1381,1252.0
1643,a5924025126a6ab77fd9fb74cf66a180931ffecf,0,1,0,0,3,0,0,0,12,103.93
1644,53ca52f855e903907378188d29224b3f9cefa6cb,0,3,0,0,48,49,0,21,1471,695.32
1645,70e13f032e6f594d021787583e1982225eea9388,0,1,0,0,0,3,0,2,206,161.19
1646,22356d55ef232871f144be750087f71c5ed1e9a9,0,2,0,0,5,0,0,0,243,174.31
1647,de4f4f530a92473edb3665c94ac386d5c53cc893,1,5,0,0,45,93,0,54,965,814.39
1648,c903d5767e7432db04ac93c4db8712ff08d9b93b,0,2,0,0,18,0,0,5,748,473.32
1649,443091b844d4119637d252a5303568e22d4f1d48,0,18,0,1,507,119,0,91,8122,3677.72
1650,9a71bfb9d64dae5d0296d162a01a62d8c13324da,0,1,0,0,0,0,0,0,0,81.54
1651,642a97783d29bb1d43ee20e8564db7b9432dade2,1,22,1,0,51,39,0,0,2231,1873.68
1652,a8c17e36c3239f33925b061d99a5d1d1074bbc67,0,6,0,0,74,86,0,15,1220,757.39
1653,fab8b7e676bcaf4faf84d563ab48e3ebee61b4ab,13,2,13,0,0,0,0,0,248,1079.31
1654,f0282cb3de9b60d6eea12803103f8ca4d7f45734,0,2,0,0,1,0,0,0,248,194.45
1655,6810617179222ae659343efb02ef7e6cefb15662,0,2,0,0,5,0,0,2,91,163.14
1656,1354371d4f4dd208458c776e1f27715ec5f77f47,15,11,15,0,211,21,0,47,965,2375.98
1657,347b37e31945b54fb96fc7dacc2b2deed40e8e5e,0,1,0,0,0,3,0,12,456,234.52
1658,3afe2ed8e39da3605274baddc7245be569b4aed7,1,2,0,0,15,1,0,0,243,213.69
1659,410e00cbcb7dd664dcd1f451eca57e5882985186,0,2,0,0,18,0,0,0,74,166.48
1660,6732593bbad3d1e07f1ec7c2d00a2e1eabf382f2,0,19,0,0,104,182,0,15,2352,2500.3
1661,d3e264e773c4652f34b40c7c3b494c0f7fbabffc,0,6,0,0,8,62,0,0,194,465.68
1662,418a91b5d4e3a0579b91d286f61c2b63c5b4a9b6,0,4,0,0,16,6,0,2,1526,699.95
1663,954be11bf2d3dc9fa11a69830d2ef5ff580ff533,1,18,0,0,101,114,0,21,2489,1677.21
1664,7a74ec62d291bf344b308115bd115a6788074a93,0,17,0,1,10,3,0,10,2234,1459.69
1665,51935ee2e6dc473415b6708b60c9d47410876997,0,4,0,0,30,13,0,49,2231,1021.94
1666,b2ed7d80dea092e4258d04c191d42682a4db950f,0,1,0,0,0,0,0,0,456,195.13
1667,daa8082d6718d39584ed6d25863af48acec2cea6,0,2,0,0,35,1,0,1,949,440.55
1668,24b3844fe4163dbf7c6fcdffdf3531d052ec8e08,0,1,0,0,0,0,0,0,209,132.76
1669,919409bb2331fbd60cd3d425fe7d9384d66967fa,0,8,0,0,54,4,0,11,4059,1463.73
1670,053d831992e5351deb174f11f0ecd0ebe7c4ba5a,0,1,0,0,4,0,0,3,436,242.18
1671,7947c94140dbcfa1ce78bd35d400bb309470fc81,0,1,0,0,3,2,0,2,259,184.7
1672,57320981bb98086a0b9f836a29df248b1c0378c3,0,2,0,0,0,0,0,0,190,210.31
1673,8250738ae41f6f0a87dc1e21e7623c5d69cae148,0,5,0,0,29,0,0,2,1389,715.68
1674,e38e3a66ab099996ecb156ec9105869f3d9b9228,0,8,0,0,137,93,0,11,1369,932.37
1675,8119683a234543aa7b523a571b8a68a5002c5b56,0,2,0,0,25,0,0,4,495,298.41
1676,ba8fb6ec7094e1e31da25b39f9e6d872ed9b9fdd,0,1,0,0,0,0,0,0,35,118.63
1677,07647c2a4cc56fd47a6092c72131aa15b34bf819,0,1,0,0,0,0,0,0,49,102.43
1678,8c47a3e52f3d6871a708b1d2c8b5a7e30a2a5b99,0,11,0,0,77,7,0,29,3871,2059.52
1679,0875ddeb2381c68afb0e4d5a15b25baf4cde29a2,0,3,0,0,58,11,0,43,1144,702.04
1680,2f6240ac944f2a55ece50a179b79f4e2ee63a621,0,6,3,0,21,36,0,5,621,1237.22
1681,284b46b7ce8520792a337b721762721817628b3f,2,5,0,0,21,35,0,0,609,1004.71
1682,82f124ae30116b2b7d45878aaeb9699b6bdf1c30,1,15,0,0,152,40,0,77,3581,2623.03
1683,be02dbe287f94064fd15b40df1d455342cb512c6,0,1,0,0,1,1,0,5,141,172.19
1684,980b725bb09ee42469534bf50d01118ce650880a,0,1,0,0,0,0,0,0,426,185.05
1685,5d2bf6328e1c5b054017419cf4de562dc8a3ec7a,0,2,0,0,24,0,0,0,52,189.0
1686,ee0c2cee214b3d46f83562467bb1e4f5165f172c,0,1,0,0,1,0,0,4,380,273.33
1687,d11f6f26b773343246c217f498de3c02916bec6c,0,12,0,0,90,12,0,35,2985,1672.89
1688,c83ecf4c55a2dbbb89c71080c601417adb8b699c,0,3,0,0,31,2,0,2,2214,835.7
1689,487b95454233e981a65c184c7f3b86adf34058ef,0,4,0,0,13,10,0,60,743,608.57
1690,7fc7136ffd28245629f00870fc7f7cbe1fe1c6ce,0,14,0,0,472,84,0,69,7406,3123.92
1691,42af41d5fc991c392b75396352903b4d919da5d3,0,4,0,0,36,70,0,0,612,507.26
1692,a932520135d42c7d9731064d96c21ab2fc5de696,0,3,0,0,27,1,0,16,1925,786.92
1693,061885e9f1675221f31ce47cfb0e59eb5748b9c7,0,5,0,0,36,4,0,13,920,658.56
1694,08a4cda34e7535ead76d2a65826ff9e09b8bdd4f,0,3,0,0,1,0,0,11,952,375.39
1695,495c78db6f0d0d3fe111ea49f8041b5b3e32a8a4,0,1,0,0,0,0,0,0,0,64.6
1696,e09d6d796f5a0b840519021d7f6435c65f88a60a,0,1,0,0,3,0,0,0,99,130.44
1697,aa4879129770798f0e2cee385ab848b64dbe9498,1,0,0,0,0,0,0,0,0,134.63
1698,c19213ab4139aa1f56f89982448184a5c82f98a4,2,37,1,0,240,250,0,112,4643,3995.4
1699,ac79d4904797aad99b9481b4e34789402b259664,0,1,0,0,6,0,0,0,586,220.44
1700,70d882861e1bf3eb503c84a31834e8b628de2df9,0,6,0,0,23,37,0,31,798,1260.22
1701,b083ed66b9988a15b01b7359370e4bf82e28059f,0,2,0,0,0,0,0,0,71,350.66
1702,afe00effe2d79e89e159972cf1f5f7ffeb0c6e97,0,10,0,0,135,90,0,9,2346,1442.03
1703,09fe51f3eb7e3ddee54cfb210d8a22327d1b0773,0,2,0,0,18,0,0,0,2243,768.83
1704,fc5f6b0e46ff81302b3e445fed0cdf454c942792,2,17,0,0,78,131,0,103,7393,3334.97
1705,924466ad627d96fd1851722fdbb02dd6cd71eafa,0,1,0,0,1,0,0,0,101,170.36
1706,b9f11796944056a5b3c7440033d587d19290b3c3,0,8,0,0,17,2,0,8,692,623.3
1707,609c81ec8b190f4812e7008b30fc509ee1656d68,2,1,0,0,5,1,0,5,27,301.87
1708,e75048d3e5344187c3980a2a72793fa9ada3196a,0,2,0,0,9,1,0,1,143,211.54
1709,518e9d3eee1b1d2c8c76d68e043edd3cf49139fa,4,16,0,0,300,71,0,32,1351,1705.26
1710,e876c921b0cbf01e4d2aef26db56834da1d70c80,0,4,0,0,19,0,0,0,744,487.73
1711,d12ceacd7aff623ae8c9063f89655b1f54af8123,0,1,0,0,55,2,0,0,224,218.59
1712,59ae73482d17f1bd19a27afd4c8624747b10274e,2,1,0,0,1,1,0,5,96,243.16
1713,13a7544418a139d3b2f3891da796cfa33065cbec,0,2,0,0,1,0,0,1,964,377.49
1714,79a2f892caef38f28c3ad837ad28b63dcbb58b87,0,3,0,0,68,4,0,2,1433,640.35
1715,8a78d76466bacd8a2a3487cc84890d29c9bc4a3d,0,11,0,0,0,2,0,9,3175,1317.57
1716,6d1685fa45da775f9f971121ec53d6135a4561b2,0,3,0,0,8,11,0,7,743,414.77
1717,9e0e29ac5c354079a4306641bc3a44ff6c4ac041,0,11,0,0,7,1,0,3,2115,1149.68
1718,b3771ba22acad7870e38ff7f58820c5b50946787,1,39,0,1,400,195,0,35,4320,4019.61
1719,ad84eb5e76cb8db7c27355a2f121c0642a692980,4,5,0,0,64,12,0,5,328,734.32
1720,3e64e5b9c03f13f58e6a049ff1fed039c6a15d69,2,6,0,0,181,17,0,8,665,1504.98
1721,e4de328daba2d337929b26dad8e3993b97e9715b,0,1,0,0,1,0,0,0,446,223.37
1722,a4a65abcd3e5a01e0910afb10a214f4bb47577a3,0,9,0,0,176,0,0,0,349,736.63
1723,3c14feb442219f58e0008a6242a24f1a492ca337,0,19,0,0,244,54,0,38,3784,2612.0
1724,634f9af8c0454f46a2510c12c3a155c6fca876e9,1,2,0,0,9,1,0,2,442,368.34
1725,4f25f1fb7118825384f89ed9d00c08a54870e3aa,0,2,0,0,40,34,0,12,2331,790.64
1726,7c4e6724699bb6fc65112b5513848c733a03019e,0,3,0,0,0,17,0,10,343,333.48
1727,bf2c46a0b8266562bf4697dc8e3e9443059f9abb,0,2,0,0,5,0,0,0,369,249.22
1728,f9f0b5c6755c7481699e67d27fb53e03d1493d12,0,1,0,0,0,0,0,0,75,80.57
1729,ea4078e72a737268cc45776a10d8c3a566be9b4a,0,3,0,0,23,0,0,11,2287,864.99
1730,d31762a0c2ec1fc8e2a0fce4b38d9e5be0fd9dae,0,2,0,0,16,0,0,10,425,294.34
1731,3afcbebf39e557448e9bebbf5e3fa0148af1cdd7,0,1,0,0,1,0,0,0,711,294.71
1732,a289865266618d9736fe49d11edfbc2b146f5148,0,1,0,0,2,2,0,5,215,200.8
1733,c968267bf1362a91eca8bb22566da76d6c9aeb26,1,11,0,1,0,0,0,0,252,784.09
1734,1dd85a328f437643a5c135f242c644f47c3767e4,2,11,0,0,73,92,0,2,707,1000.89
1735,89cf515aecd1ce3a5265a5df94357b3b55694522,0,2,0,0,0,0,0,0,382,228.56
1736,fd5acd73e648a2aab4b970ddf04ad4cace6bad9a,0,6,0,0,55,3,0,19,1333,735.56
1737,d76965e38f6a66ab37c14014a2efea7816ab73cb,0,1,0,0,20,0,0,3,634,279.25
1738,5d1bfa0665ce0850ee76cee152e397c23ac329a7,2,10,0,0,140,5,0,19,2705,1655.74
1739,d57fe1b053546966e6a867d84ee24dd256bb071a,0,1,1,0,26,30,0,6,31,207.27
1740,aa7358e8cc0305dd9051fe0d281913247a39264d,0,2,0,0,2,0,0,1,15,730.38
1741,cb484666f2474747538585ed3b986aed5b02830d,0,1,0,0,0,0,0,0,145,131.98
1742,958cdca9bece8b65ceb204e1c7a14cf44729bb66,0,3,0,0,87,18,0,23,2314,921.95
1743,b8651d4e82d45463d2c71798bd5852f8a605b440,0,96,0,4,56,391,0,10,11699,7941.96
1744,164ef9462e9d18a36f7be856243a1cacf9a300bf,2,2,0,0,8,0,0,2,154,301.43
1745,f123d2f18c55b1cf2edb452aeb87e6ad0743c292,0,2,0,0,0,0,0,0,635,295.98
1746,79ad9026a667469a2013ce82961c0c90f3bb0877,0,4,0,0,17,0,0,12,1095,881.53
1747,acd3858ea69e676a7840d998240deb32aee62dc0,0,3,0,0,0,0,0,0,69,194.45
1748,283a19481d1ce4a77f5f465e7b96288db22a8ff1,0,24,0,0,293,185,0,49,4987,2946.46
1749,c121f4eb82da654acbdd133a556cfe1f9197a46a,0,7,0,0,212,53,0,8,3813,1870.26
1750,398d2ab244a40e7f975faa1ed60c0e0b14cf4674,0,1,0,0,8,3,0,14,1385,567.4
1751,466d89306ea23d1f17be0914416944618ceb9f86,2,11,2,0,92,83,0,36,4596,2475.37
1752,b74e7e407c0b065adf68bc45042063def922aa10,1,0,0,0,0,0,0,0,0,154.03
1753,e24d82e0eb66b62b5d74f2c60b1eb5db9f378673,0,2,0,0,92,11,0,8,2326,1034.41
1754,607dea234f30a0c40d5a48f518a51372e02fa0a0,0,1,0,0,3,0,0,0,518,309.67
1755,4bbbfaf39c79fc5dfa7fbc22842717b0fad13503,0,1,0,0,0,0,0,0,74,167.3
1756,88823c6016ea2e306340938994d9e122abf3c6c0,0,9,0,1,19,17,0,1,430,597.71
1757,f1f719211e5f28fe5163e65dba899b1da796a8e0,0,11,0,0,37,45,0,0,1867,1171.93
1758,96132e2dbb69a0c6c11cb183bb05cefef4e30557,0,8,0,0,9,12,0,2,800,607.06
1759,86b4d9d58fc990939b654382adde7d86a4f4c24c,0,1,0,0,0,0,0,0,0,74.29
1760,057c5307e0f055b37794453d16f6f43b8c56528c,16,5,0,0,24,0,0,0,534,2339.1
1761,f712ce69fc2cb6a164b1ea8e491c9d68e6661933,2,9,0,0,341,50,0,5,522,1039.27
1762,0a8205cb45667fd7d001f21e4e0412220b1abec1,0,2,0,0,12,0,0,1,1037,439.38
1763,cb21bca400359e6b7e61555578b7539f27d9d2ff,0,3,0,0,63,4,0,12,1212,559.07
1764,49b5206a82d0a47e01f4c5f7098119440061a1bb,1,2,0,0,0,3,0,0,398,315.48
1765,c1457be99555063b774db61f526fd0c059721c69,0,1,0,0,0,0,0,0,587,204.51
1766,d568f73fc6ece3d29989413174eee0195d3d0a4a,0,20,0,0,168,26,0,8,2048,1623.8
1767,dff1a3799c1c25b1b0009be6835f2c9c78cb5900,3,15,0,0,44,4,0,11,1269,1851.22
1768,5ba9cade7b066cc26842aeaac5662a57c502ffcb,8,19,2,0,201,28,0,15,1805,2722.25
1769,8fb5e63aa88019216e95fdbe0b6874c723b64bb4,0,2,0,0,46,0,0,0,331,336.93
1770,2a0abe55f0b13ef0e9d136551e29a8fae137c3b7,0,4,0,0,0,0,0,0,637,512.83
1771,b793eaade4fcb0705ab80c2a806331fab8c29f9f,3,5,3,0,113,85,0,137,886,1319.1
1772,7bd8ada8e21cd9717eea6916a5a55274a49fdeda,0,1,0,0,0,0,0,0,0,77.82
1773,87879d51521d5574cbbf37dd97c83b7e4fc00dae,1,9,0,0,25,12,0,0,529,914.42
1774,ca641b3e2e48c14ff308181c775775408f5f35f7,1,97,0,0,288,69,0,99,12776,9150.43
1775,d76805f0fd2d65e9fb5582e4e0d30c1bd3fccd89,0,6,0,0,0,6,0,0,598,461.12
1776,1bc620d1af50d24b4d5f12147e425bb7cb7f19bf,0,6,0,0,5,36,0,0,781,570.86
1777,089d1b154fff1536fe7953ffe157a203b4a24455,0,3,0,0,18,1,0,4,91,222.5
1778,6a03d3b42cde89c921777d100c9107407f206de4,0,1,0,0,3,0,0,0,206,155.21
1779,ed3bd79633ae227ad995dafc3d9f384a5534d4e9,2,6,0,0,17,14,0,12,1272,905.08
1780,04f284400a33acae2eff1a615d48236dd313b531,0,1,0,0,15,1,0,7,89,1040.32
1781,87bf5c36504d5f5353d98994d5c31d033bea00b8,0,1,0,0,0,0,0,0,328,203.95
1782,578205cadd0bf64d671c6c162229c4975081a9d6,0,19,0,0,59,119,0,114,6545,2932.77
1783,741cb761c5239297029a446518c332f6c4ed08f6,1,19,0,0,124,13,0,202,3116,2109.82
1784,adb3a950ee2d5843673cdf14d5471ded5c0419b2,0,2,0,0,3,0,0,0,185,194.52
1785,905f8135078127e08633400277c5829b10971d42,0,5,0,0,15,60,0,1,267,320.11
1786,f393b2f7dd477c3a43e70631f7036a211bf5d740,1,18,0,0,176,8,0,17,6674,3026.66
1787,21f88a595b5785d8b9b9a17a3fb667b1712f3b61,0,8,0,0,51,45,0,11,1009,896.68
1788,a947fe8da8646058335ff76b9a744462a3337a63,1,18,1,0,31,3,0,6,6847,2870.24
1789,148b5be74b7addde6d5a0c0f8f6011f3f27647ba,0,1,0,0,1,0,0,0,60,113.19
1790,4c602e6130e869abbd111d5d4efe1c2046935c6c,0,3,0,0,19,0,0,0,2358,847.69
1791,0b417b8331e44c64011ea0b48ac66d5fa8005e0f,0,1,0,0,0,0,0,0,25,91.04
1792,4b7148a5b66d2207c4c6ef1d2729ce32ec6f8bcf,0,2,0,0,0,0,0,0,152,184.13
1793,509dd95ebbf03681ea680a84b8436814ba3e7541,0,2,0,0,25,0,0,10,1913,770.85
1794,86b1150e18d3fe0a0e3019e034e2a6f0204f7a17,0,1,0,0,0,0,0,0,12,75.41
1795,eae5ae3b047b776fa144064b45cf7a6a62e285c6,0,5,0,0,0,9,0,0,1013,609.32
1796,83c39969745dc7076e3756439f6842e7431a8c55,0,3,0,0,0,0,0,0,1369,541.81
1797,e9bbfde10f1d73e500063817ada7a9ad474bca3f,0,6,0,0,83,49,0,0,1570,822.71
1798,cb6d69cbee42d26006c62abb6ae6cea50b346fb9,1,1,0,0,2,2,0,0,149,221.92
1799,32e1da570a8aa2ac87d9b5ab1cda1e3cdb867874,2,8,0,0,38,0,0,3,572,797.52
1800,e8a3bc74254a8e4e4aaca41395177fa4a98b480c,2,35,0,0,657,26,0,110,7348,4705.53
1801,c9d3debfe44fb09fa1740c645883717e669f0117,0,1,0,0,0,7,0,0,150,185.73
1802,7cdc433d119bc734d0ad2ea01ff2c21b11944fe6,0,1,0,0,0,0,0,0,155,185.24
1803,63715efa02861b25b3be84c2970342aebec7a439,0,2,0,0,0,0,0,0,146,175.31
1804,d28c5348197256db09b59d1ebbfe7db9d3934f47,1,3,0,0,69,11,0,6,188,493.07
1805,d71cb54672e63d2f0f4b999668336642a9a63a1d,0,29,0,0,218,208,0,395,13574,5664.65
1806,872df553fc03557d87dc43f4762641da9f874c2e,0,1,0,0,0,0,0,0,53,125.42
1807,8abbf33b5978b93354ae35c5e21c474816c9cc76,0,17,0,2,43,65,0,39,5229,2529.0
1808,ecb71cf4719e6d22d6738f8df2fd9e16dad33295,1,6,0,0,50,0,0,19,808,759.68
1809,8259fda6953be6c87829af80eb85b1c63e86b65c,0,3,0,0,130,22,0,13,238,397.62
1810,545d40d83c73445d0417b1bf3b6e979501888ae7,0,1,0,0,3,0,0,14,266,230.66
1811,14d3ead19d250f2f3117af473ff6244c663ef8ca,0,28,0,0,9,18,0,0,3546,2975.95
1812,d2f37944b6043ff443adbdf547d5bd335affbc1a,0,2,0,0,32,9,0,9,610,486.17
1813,80eb2c28f6b8bef603b5281f94cb32f5dadbeb7d,1,2,0,0,2,0,0,2,69,287.16
1814,abc09597db86091c5273348e74be07b63c31a189,0,2,0,0,0,102,0,0,325,304.19
1815,23ed45a21df3717332cbd2e284e9867ef5c2cc51,0,1,0,0,0,0,0,0,20,112.21
1816,c3e7d6252c41d48e74379810595c978efada9efb,0,5,0,0,71,1,0,53,2010,1160.04
1817,b21e933592a4893d1341a251a96b546e1b0ce3a1,0,1,0,0,4,0,0,5,661,357.64
1818,8dc4d0e7872bad4cf7e5ebaf28229acc5667ae2d,0,1,2,0,3,0,0,0,69,209.12
1819,068ab9cefae301f3187ea885d645c425955e77d2,0,10,0,0,41,21,0,3,4744,2028.12
1820,808dc0a96b3a8e6a6dbecb0473382b39a366d7a2,0,2,0,0,0,0,0,0,0,788.15
1821,4e90af34c6c2eff8e164a7d3fafb1ae8b744784c,0,8,0,1,0,16,0,0,199,556.79
1822,7fadf0a11ddb2451adc66e1b179b84b050ad3f4f,1,7,0,0,16,0,0,2,838,686.79
1823,9368743b8fd2b42a41b44860ea0f3588bb273cc8,2,4,0,1,51,3,0,13,236,517.5
1824,55c77ebf01ea8662b98f73f6f6c17d05163a85b8,1,8,0,1,133,59,0,19,897,928.89
1825,dfd545485ab0399e0c129ff2d68fbb3113f3e8c9,1,0,0,0,0,0,0,0,0,118.14
1826,a2e87feb8b1db8200ca3a34aa72b0802e8f61096,0,6,0,0,12,12,0,12,1098,755.92
1827,ec668180d797c4d08ea899de61c344438621ced7,0,4,0,0,0,0,0,0,586,343.35
1828,2c305dc64c033ffcfd6e45548752f0702f373032,0,2,0,0,14,0,0,0,771,390.72
1829,4fb5520901d9908d2ca16b6f56242b778f6d2f05,0,1,0,0,0,0,0,0,182,123.67
1830,bfbc32d9bc9e63c5e02840aeed4de157654dc5e8,1,2,1,0,7,7,0,0,280,391.05
1831,4712a3641619e86b8e6d901355088f6ae06e9f37,0,5,0,0,29,1,0,12,717,566.56
1832,9b476bc5f4a2fdbd62ad84e50e65331c21b321d0,0,1,0,0,64,30,0,2,133,173.73
1833,c4822648ef1bb0cd6825d8dbe465c8a5a26a76bc,0,1,0,0,0,67,0,0,1550,488.53
1834,4444a31edbcf0298f3299b5708c0eb1f5121f131,0,1,0,0,0,79,0,0,390,237.36
1835,ab1fb3fdde95be535b97eb1c8c21ef32896f891a,1,0,0,0,0,0,0,0,0,128.02
1836,7283711c0d99d484b10dd7c460f7df01a319fc2b,0,12,0,0,33,8,0,49,1044,1029.24
1837,9f954ac614cd5dd7efbcabe34799207128f16e63,0,1,0,0,0,0,0,0,61,92.46
1838,ac35ef6242d6893223af946f3c9438b8b4294389,0,1,0,0,0,0,0,0,56,105.48
1839,ab156fded1548b6cf06aff56bb5193c37a8f7e51,0,13,0,1,15,6,0,3,572,978.41
1840,a94c8da5083381d9ca4224b1489e1dc205bf55bb,0,3,0,0,36,8,0,23,764,1000.34
1841,046b0087bd76637bbfd813ccef31693fa358ff2d,0,74,0,2,256,229,0,55,6019,5142.05
1842,3ef6b0fce05a6ecdf7a703ff48680b16594b7bc4,0,1,0,0,0,0,0,0,182,144.7
1843,975b680bcd74661eeecf21052f6185cd637bbeda,0,1,0,0,0,0,0,0,422,212.27
1844,88443b4a3718a848188db9f5152c1077b15f1159,1,2,0,0,33,33,0,0,20,223.39
1845,da332f2241f1781aca64d1007c0c209b50ec5ff0,0,1,0,0,1,0,0,7,33,143.66
1846,f982f61fbef07970114f3c59ddb212f3e223cd46,0,1,0,0,0,6,0,13,97,154.65
1847,c441528b93a05da58ad1a8599c4de35e2c14ff16,0,1,0,0,2,0,0,2,257,178.14
1848,40392266aa6c1b4c5314fd89337fecee768441a2,0,1,0,0,0,0,0,0,206,158.88
1849,d413117769efea0d5212ce29445049918209fd03,0,1,0,0,0,0,0,0,466,194.86
1850,684184973e27f1f072bb194acf55706860db237f,0,1,0,0,0,2,0,0,145,149.54
1851,53eb8df344c376ed651db83a084f962083df8a6d,0,1,0,0,1,0,0,2,51,125.11
1852,4616c0aaff5766b6305baeed521efdfaae0094e8,0,1,0,0,10,1,0,0,206,199.25
1853,9295444d48eb057900ef09f1176e34b37331f60b,0,3,0,0,8,3,0,0,745,262.24
1854,d086e83fecbf211695868f6aebe6a80b68ff1c50,0,1,0,0,0,0,0,0,487,208.69
1855,6ea5474e4c073bec6cfa99bbb73ee547588b11ef,0,11,0,1,47,10,0,18,2780,1546.77
1856,f8113c053b1266916ae3ce73385d4ed336ab2730,0,2,0,0,36,3,0,6,235,386.25
1857,b16afbb77bc1a497096815e64ed9e97df1edf92d,0,3,0,0,43,27,0,25,338,347.68
1858,fcdde2c604b7b9488862b3a2dba3b47be7a3d239,0,2,0,0,12,28,0,0,360,230.97
1859,8e4799b017c6a3c65eaf47f60ab136654c9741de,0,6,0,0,150,31,0,22,2132,1177.76
1860,b6d1450012734a841fdf85400636593092cf7e2b,0,1,0,0,0,0,0,0,35,703.62
1861,404bdef08db8c88f1b7a921737279feabfd0cb1f,1,0,0,0,0,0,0,0,0,159.0
1862,e4f233ed33ffa5076becbd5458520eb2945263ca,0,2,0,0,18,0,0,1,304,244.71
1863,3991d81f6c645bdf36c58e3d56b829ff92dbff3a,0,19,0,0,45,329,0,16,3925,2340.54
1864,73a9fcaa4db3f758dd8a16eff5651555ded1b8b7,0,1,0,0,16,5,0,4,115,160.01
1865,6e7149b77a10ac6aa4da2edd549f468015170236,0,6,0,0,13,58,0,0,1574,853.49
1866,86de2dfd27f96dd3fea0635ad110c63bc639c721,0,7,0,1,30,163,0,26,1088,1039.3
1867,66a9416e384fa3d3388de65885d895335e707286,0,1,0,0,8,0,0,19,616,313.45
1868,c238af29bf50cade5aa10c1bb2678ad01cfbbf47,0,2,0,0,17,0,0,0,161,181.04
1869,625e0d882944f74568464037c3a8aafb585079f2,0,7,0,1,114,44,0,8,1197,985.02
1870,f3ab1e5b9e429a930bb3f9fd5a26dd12730c5110,0,1,0,0,0,0,0,0,72,89.69
1871,eb61410a002e95a623425cc89348216a8da56ffe,0,1,0,0,0,0,0,0,34,97.36
1872,69d8d2ea11c5e08884ab4c7b8079af5fd21247be,9,12,0,0,52,27,0,11,1017,2046.9
1873,aca52b6d2c1381646f211978735be59c0a7de1fd,0,2,0,0,54,0,0,0,847,351.75
1874,13f679013aaa93198d30df8dada4aba5614790ea,0,2,0,0,4,0,0,0,31,135.15
1875,3dffd5df2f7d4a8a3e512be5af908328c9d5e92e,0,1,0,0,1,0,0,2,524,256.33
1876,2e53fa08af6aba8200f4c7846a8e8e568b56560d,1,8,0,0,48,14,0,19,859,936.71
1877,9a9310d074ead70ebf3e93d29d880e094b9080f6,1,5,0,0,42,0,0,14,1131,878.37
1878,dec68c9350dba6da9f38247db08f93dc0a798ebd,0,1,0,0,8,0,0,8,39,132.62
1879,2c44e77e2f2056ee88b4b9cc8bac1f769748830a,1,13,0,0,262,30,0,45,5038,2405.65
1880,6a7eebe891d50ac0bf4d17bb870031718705fa37,0,1,0,0,3,0,0,0,78,767.62
1881,1221a348156c71c8aae4db61157a01c1862be789,0,2,0,0,0,0,0,0,97,157.67
1882,78076f9b2a40362e7c7194fb13dbee66d7342dfc,0,1,0,0,1,0,0,0,259,164.32
1883,e1652de1198da66a7ee32241e63e137dd70c4cda,0,1,0,0,0,0,0,0,90,124.0
1884,6cae2577bad5895a922dee96fdcd69182ebb7d0c,0,1,0,0,0,0,0,0,479,208.82
1885,dc935c4beb49a83497536902f96c19fb7f472d41,0,3,0,0,19,0,0,0,242,307.63
1886,e75e4732c9ad67a5bf7a267346f0774c2a41b4e9,0,2,0,0,38,0,0,2,136,208.56
1887,913e87ac536e7e4f8350243d4d4da7dde265ed31,0,1,0,0,0,10,0,3,372,217.15
1888,523465b3c17fc2ef67b0de10c78f83aae56606ae,0,3,0,0,73,8,0,0,1718,718.02
1889,743607af5aa625a19377688709870b021014dee2,0,4,0,0,9,2,0,11,2143,812.3
1890,0efed12f50f683131b31d33d787e2141122a5c11,0,3,0,0,45,0,0,8,478,365.07
1891,a79d6dcdb687b1df911af024946880a5d9d5490a,4,11,0,0,251,6,0,65,804,1280.46
1892,a65940cd820c68ee9613c7ff54676560cd01f88a,0,3,0,0,72,72,0,0,308,341.85
1893,269b65279c746bc54c611141a5a6509f9b310f11,5,11,0,0,103,0,0,32,3921,2206.95
1894,aca027e96cff818177e52196f676a9d3a2a980b4,5,4,1,0,15,4,0,0,1060,1460.8
1895,201022d19eac50a4bce8ccfa12c8e233f2b5cad6,2,9,0,0,128,5,0,24,1468,1489.79
1896,73565b7f679c281f83a5df11e662b0f27cb1e55d,7,5,0,0,87,103,0,17,604,1503.04
1897,9d5893d3d5c548ffbc11b8aa880f5a280892e47a,0,16,0,0,54,40,0,22,1124,1366.32
1898,dc634f18f7ea2ef24d202d6a2380365754005b60,0,9,0,0,25,20,0,1,4008,1587.7
1899,176ea0d0f9b4386cdc0e3b9bab560a11e3d3d516,0,1,0,0,1,0,0,0,131,139.32
1900,4420d9ec67fcd437cf55b4ca70a0180615215c8a,1,3,0,0,15,0,0,5,984,1310.14
1901,e2e8bdbd8cb6ca2ac962c72147d21a9e8b9ba2c0,0,11,0,1,28,150,0,99,3366,1627.4
1902,4be68c58da6bbd16cb5682dbf1c9b5b1c93500a7,3,0,0,0,0,0,0,0,0,368.26
1903,08dbec7429ba0e5ffac816dab3e465caf75a4c03,0,1,0,0,0,0,0,0,182,143.32
1904,d152989f26f51b9004b881397db818ad6eaf0392,0,2,0,0,8,0,0,0,84,167.35
1905,2fb9b03d6f19abada6babeec777a4452e989bc15,0,1,0,0,3,3,0,1,308,222.36
1906,c6528424dfce22f18a6938f1bcc9409811719dc3,0,1,0,0,0,0,0,0,758,296.06
1907,c0d6fac2385f88feb892666cfa778c1ac0ef8c6b,0,1,0,0,84,0,0,0,46,146.63
1908,637355138a426eb678b2cc9348ac07f970f20764,0,2,0,0,34,5,0,10,94,239.24
1909,41f2628bde88050fb1be8c2c1c4069caffc84471,0,2,0,0,2,2,0,23,1086,463.22
1910,62b22496c22563c30eec4f84c0083e15d2abbdf0,0,1,0,0,0,0,0,0,35,115.15
1911,0a1c26934757afae4dce49ff3ee038311ca6dd4a,0,13,0,0,220,195,0,19,2060,1612.42
1912,01f0f0af28ea05921868171c88448e299766e773,1,27,0,0,129,130,0,14,2933,2443.6
1913,795f7331e27602fb2579d2aa12f048d546fc4de6,0,1,0,0,0,2,0,2,477,238.39
1914,b12b7f0435f6163af25bce8797b054762d65de5a,0,1,0,0,1,0,0,0,248,213.51
1915,d0718718aecdb9030205fde30846b0b6481c762b,0,2,0,0,8,0,0,4,407,251.18
1916,af91eeeb793af2f5b873c48ef8ff636e8b485308,0,4,0,0,0,0,0,0,180,287.57
1917,c1918a2b9a9ba282efe92ddb867abef3d6d9b98c,0,3,0,0,51,151,0,86,428,586.32
1918,3656ad93bc7fb74138e36d39575c3b86c319577b,1,4,0,0,110,262,0,50,313,707.25
1919,247ccd7ac97234d91ba8c6c58a54272e89cd81b4,0,3,0,0,65,19,0,13,287,499.38
1920,bc4fed315dd3b99b95bc5544f81cd7e5541aafdb,1,3,0,0,13,11,0,12,284,1254.16
1921,0846f590dac5d3893d41e262d67ee8a228dcc332,0,26,1,3,39,185,0,120,3265,3418.43
1922,9fe89f357ced1f75d5c7053979e8ec6430041885,0,1,0,0,0,0,0,0,0,93.25
1923,4cb8f56b45f3bfb596fb00ef2cc88938fc66f364,0,3,0,0,27,3,0,15,2230,828.22
1924,18984434df5295b0940e468ffb467c47b0fd72dd,0,2,0,0,0,0,0,0,147,168.19
1925,ff603c63bb3e0b47ce14121bb0e96ce0fc42d3c1,3,1,0,0,15,0,0,0,81,504.63
1926,83281ba0e49693207b8c657dc4cd6c0f6d130928,0,1,0,0,0,0,0,0,179,139.94
1927,8de3092b0579a2319fb1191b4a66e573bc2b0781,0,1,0,0,3,2,0,8,310,228.03
1928,35a0de32ee3823dfb548a1cd5d5faf4f7c99e4e0,0,35,0,6,81,223,0,5,1670,3057.09
1929,c9cf6e2176bec3091c069031c70e46b0162f8095,0,2,0,0,0,0,0,0,947,359.22
1930,f775be0514dc6a512245fd244e06e0aa11cc45c4,1,1,0,0,3,1,0,4,80,244.6
1931,93ba9621fe0ebe2945fe5d14a3c94abc5cffd7b4,0,1,0,0,0,0,0,0,0,73.79
1932,0d461e4ea0a8353c358ae661837f471995943bb0,0,7,0,0,76,48,0,0,1473,825.02
1933,eb8cc09625c9913c4029763a46d4b7e5639c85f5,0,8,0,0,145,7,0,39,5773,2059.55
1934,4824dc994d7fc56b7540b643a78aadb4bdd0f14d,0,8,0,0,45,23,0,3,2881,1183.76
1935,21b79635474209fcd67d3bf33a70c25f6827c6ef,1,11,0,0,1,12,0,2,1021,884.05
1936,2627a1be2cf5ef865fd1da0bc81680df9612655a,0,1,0,0,0,0,0,0,155,129.55
1937,dc91ce58af941b822fbad3b560c35774130848f0,0,17,0,0,0,9,0,2,1262,1084.5
1938,a8f2307164ce0f1f47c458eee8f54173f7218a16,0,14,0,0,12,72,0,2,1551,1289.92
1939,3c46b5669de856f4510b8d291a8af7dbd809c07b,1,32,0,1,84,84,0,9,3216,2740.69
1940,09136235db2fcae5282a218de75b6356f9420031,0,2,0,0,6,1,0,0,292,823.32
1941,b03e8c234a8aeecd10c2c96b683cfb39b24b548a,0,2,0,0,12,16,0,4,191,214.62
1942,f11fa5ef402193e2da785466e698e11b56bd19c7,0,11,0,0,73,112,0,34,3854,1817.07
1943,caecc16b5cc9c85acda50d68384a1ff9ebf930c9,0,1,0,0,1,0,0,0,301,180.13
1944,33ba2820f4fbb459172022a83d761a7c674a8fdd,11,15,0,0,15,4,0,0,1456,1815.49
1945,0d56f1413557adabc736cae2dffcdc56a620403e,0,9,0,0,12,31,0,4,3368,1438.51
1946,d930e5d3d85697a9a851ab2de98e7d8ca567d001,0,3,0,0,1,0,0,0,595,317.1
1947,20f701cc505f6bca01c41f85cb38bbb32554fbfb,0,1,0,0,3,0,0,2,198,146.68
1948,5e161736597e0430dd276ac9007d8559733af3e2,0,1,0,0,2,3,0,4,266,180.58
1949,14d97aabad1d5aab4b9407e24ab523157832934b,0,4,0,0,0,0,0,0,511,341.99
1950,3a50dc27b994ea73228a989b4047b4bd54e31ed7,0,1,0,0,1,0,0,6,657,293.88
1951,1db46673661cf6dcb7f2fa2565262b04cf580367,0,4,0,0,109,54,0,8,4212,1401.43
1952,8662efbad24c859aeee5c3b469dbc907e39ff82d,0,3,0,0,21,0,0,4,328,407.74
1953,47888630a05260f548988d943a633120845f767d,0,2,0,0,175,77,0,4,336,347.07
1954,240d7589d624b72fa95e2f84a84778bc3a127927,0,2,0,0,0,0,0,0,97,201.45
1955,96c4e323bfc886b654b198896e78a7d21c80e30a,0,1,0,0,0,0,0,0,0,100.98
1956,460e46c3bb76a361d0706b263c03696005e12566,6,30,0,0,587,526,0,546,13749,6373.94
1957,027cbbaec521542f53274183daccc2073e91cfe9,0,3,0,3,14,0,0,4,990,926.13
1958,f716d08c9c7f0f3ec7456cb9a27a42104457b867,0,3,0,0,71,0,0,4,1158,464.53
1959,04e206154ac614b7d4d34a7a1b6ba2c882f607b9,5,8,0,1,41,2,0,4,1592,1352.68
1960,3619d2f383f65108dfd33686119f675aaeea54b7,0,28,0,0,13,17,0,0,2167,2444.92
1961,09f1009d246b82475bbf018d187fff5a3e035539,0,2,0,0,37,0,0,4,615,354.4
1962,a42f16f980cba86a8889be8b7499437ecbc2cd42,0,27,0,0,131,124,0,47,10277,4132.33
1963,173a7e3d54ede6616037d6c55057417dfeb44ab9,0,2,0,0,4,0,0,1,1969,788.06
1964,9a384daf0eafb26e2e445c62659be78956c6e1c9,0,1,0,0,1,1,0,0,272,164.9
1965,ab7ea07f5e57ec405dc7fddce95de7c639a2fd6e,0,3,0,0,113,14,0,9,458,455.05
1966,8e975400711b0ea64bf4a00c8c551e448ab48416,0,5,0,0,39,15,0,36,469,560.61
1967,2aca6241624f6b924b3e0164a9b7d021d80096b6,0,1,0,0,7,4,0,0,368,218.13
1968,9ecadc4df474d9cfbfda3256f01eba1423cf5902,0,2,0,0,2,34,0,2,703,415.52
1969,a648ef0b44e9c3efbee3d66fc7dae85fea24a74b,0,4,0,0,1,0,0,3,1134,596.84
1970,4ca8e40e2f4ab415657d1e07ee868448802f4565,0,3,0,0,78,44,0,1,301,404.46
1971,f20f3c1a97b8a31a2f211cd66506fb823f420c55,0,1,0,0,6,3,0,6,88,145.12
1972,ca6ac9393bae9161465275cb8f836bc987a5098d,0,4,0,0,6,0,0,2,288,338.66
1973,8406f3624d8f99b614eb7171b71fae8b0e663dcb,0,12,0,0,15,140,0,26,5418,2120.02
1974,538bd7eddf13897245524f015e3207affb03fcdc,0,4,0,0,7,29,0,2,879,809.15
1975,b5ce093a24d0fe212b5d1374330fc720b4913bee,0,29,0,0,2,85,0,15,3322,2496.89
1976,fa57eb065d032c225f63a0b2ca3f050e728c2235,2,3,0,0,12,0,0,6,438,521.13
1977,62171781396b613b6be8e13a2541ab0895b9bb6b,0,2,0,0,7,9,0,6,252,283.88
1978,3124b070666d3b8cdc0e96067e69b8e7a6245742,1,1,0,0,0,0,0,0,0,267.81
1979,1acae2a67c8fce071bfe7a373187bdff209f1705,0,1,0,0,0,39,0,0,278,170.82
1980,e4cad353124478fd4034f18d2292ba62fb702924,4,7,0,0,165,19,0,4,362,1599.55
1981,0d55f0f3ec8f97bc250b325481f6f2fa70f52a5c,2,3,0,0,3,0,0,2,537,446.27
1982,dc0601a1c604bea3f426ed25b6c20176ff444079,11,10,0,2,34,363,0,2,650,1942.11
1983,d63d7022526565a96323a45fad4ead6c3db573ad,0,3,0,0,17,1,0,5,308,327.06
1984,b25974c387571b77fbe1e5010dbdd3f40a60a61d,0,1,0,0,2,6,0,2,108,162.99
1985,d10023e8d3093eaa6b0b3afa04c7ea1b9bee6c30,0,1,0,0,11,0,0,2,247,201.46
1986,ff78c684ff22d81174cd789a4ac7e7e1fe4dfc8a,0,1,0,0,11,0,0,4,258,231.85
1987,369d89f2080586773b5a3cc432cbcf655aa1f625,0,5,0,0,19,23,0,4,1506,736.4
1988,981815c8d14daf1042e06f8fa9cb355187719b1d,0,7,0,0,30,36,0,1,3112,1346.46
1989,213466b3d4fd21b332c0b6882fea36cf1affef1c,0,4,0,0,0,4,0,2,806,564.04
1990,c23bf7a360c5854380fa74df55f1f65df102c97c,0,1,0,0,0,0,0,0,501,258.1
1991,d3316bc6a7834db9eef6dde21728891ba6b07b37,0,2,0,0,72,13,0,6,912,613.78
1992,9bd0d6aa93b901be97adb53f290b262c7cf1f175,0,1,0,0,0,0,0,0,200,203.57
1993,c3010254843dcdf0bd68602f752f690cd76d9813,0,5,0,0,28,30,0,5,1140,823.75
1994,a674ded0b34b79e04b4242a3db19c90ae87b6f87,0,1,0,0,56,31,0,7,63,205.16
1995,825fa3fa09b89e9ba9d38a92c1b01bd170494efb,0,1,0,0,0,0,0,0,0,91.07
1996,62381bd9152d30e95af58f4423240ed4eaa084b5,2,3,0,2,15,0,0,0,218,717.42
1997,71e721f1354739b183fa7c58a3483098c6832928,1,3,0,0,7,3,0,1,296,419.43
1998,97bca4d3f5507f326046c78695ead99b10883631,0,1,0,0,0,0,0,0,0,111.15
1999,0667fe2bfda95b756faa589896b7da52622ef871,0,3,0,0,0,0,0,0,11,159.24
2000,9f5a69a4c2d6ac812ab6134e64839602a0840b87,0,14,0,0,155,0,0,18,2683,2799.12
2001,04a023e302d1c02c32bba1653303bc0d40140f18,0,1,0,0,1,0,0,0,119,165.61
2002,7bd81628d9f6c21649e615e73ed507520fd74fd9,0,6,0,0,195,28,0,24,5137,2138.93
2003,b7d7f7590de405d8d527c32ca9f067e073e9d83b,0,3,0,0,0,0,0,0,57,157.52
2004,05668e98f531cf4d6ddb0696f0f72675ca128581,2,4,0,0,112,17,0,9,805,766.83
2005,3b1524c5dfd2a94f3fb919dad0de70984963772b,3,9,0,0,104,0,0,129,4085,2148.26
2006,5919e73e5d2ebdf3d3fcefcb691b0718bcce34bb,0,1,0,0,0,4,0,2,557,286.15
2007,0e08358da4b114834140c720b98125a2a3a84caa,0,3,0,0,52,42,0,1,396,424.32
2008,555d05971e16123a497ad423ef4786e0831b2101,0,1,0,0,0,0,0,0,0,68.44
2009,c7836307c3588ed5d267f32eabcd7dfc0dbeec80,0,4,0,0,18,7,0,1,404,466.97
2010,075b368d47ad3144518e4d425f9155e35f15f418,4,17,0,1,75,0,0,3,1539,1695.48
2011,c596204c0dc880ee51772f06cc786057f78f34f3,0,1,0,0,0,8,0,0,37,96.7
2012,3aa909575d3f978a5045200986eb692eebd47ab8,0,1,0,0,0,8,0,0,37,87.74
2013,964e90a725f7a0bcaf03735f81e525388868b4d9,0,1,0,0,0,1,0,2,209,187.51
2014,e56ebbffca57741d398283e46073ed4170f8f927,0,11,0,0,84,0,0,23,1051,1032.33
2015,409fabc5610443f36574bdea2e2994b6c20e2829,4,14,0,0,404,69,0,65,7814,3368.18
2016,172fbb2dd55144e2e44777174f970b56768e1777,0,8,0,0,261,39,0,0,1172,915.12
2017,c2bee988faa3c338fdc275aac9f638bb652b38a0,0,1,0,1,1,1,0,3,38,168.17
2018,a552a2704e36b6db0a6295370d4e190ff212d5d1,0,1,0,0,0,0,0,1,419,210.91
2019,d801c4fc69398ab96fa8a90feb0fb94ffc5d1ac5,0,4,0,0,42,29,0,5,298,439.0
2020,9ff490509f860a729f20777c5c9d38267c44f7a1,0,1,0,0,0,0,0,0,138,830.8
2021,f6c59df07ed865a8bdc777db73216347f4882114,0,1,0,0,2,0,0,9,466,240.62
2022,eecb403bae80b82b6fb7a27bebb5b53d6c8f3115,0,15,0,1,236,27,0,27,2016,1659.15
2023,0f995ba6be1c0f949320b0879241d9a7c9578436,2,13,0,0,113,10,0,59,5565,2537.83
2024,dc31fea8bc06e1fb58a3698e55ab44d765f3dc9f,0,8,0,0,18,18,0,0,2071,1102.81
2025,8299f2a397b6033d60c295a689b7a45fcf413f4a,3,3,0,0,32,0,0,0,212,623.56
2026,3af3f425c6301cbd1282155a29b5683b9dc54c18,0,1,0,0,0,0,0,0,465,185.42
2027,626fbc60dd546166f953d83f6ab1c29de31f764b,0,1,0,0,6,0,0,0,598,276.24
2028,c5665e6945c8e63ddfb1056c4893f16cae1f6f99,5,9,1,0,93,4,0,21,539,1191.19
2029,56c64803fa190814232c5f71e9a758346c474bb4,0,14,0,0,0,280,0,15,1563,1357.15
2030,191f2faae07b6608b0601dc2caf204b196a8fc47,1,6,0,0,11,0,0,0,2660,1100.3
2031,c34330c5481803c91705cbfcc499021360ff7fdc,0,7,0,0,131,69,0,17,5365,1926.32
2032,a4f7675db1a928e73c7a69eb906dd1e9ecd4a22a,0,3,0,0,1,0,0,0,1574,603.71
2033,a37282415e4e7f682b43abe78517ed18a8dea962,0,3,0,0,0,11,0,0,338,297.0
2034,14314e3d687b4c7b77750d27a085b803c934e3e9,0,3,0,0,39,4,0,12,466,399.0
2035,c85152f5b96a0904b7b503f8edb1485e41daca05,0,1,0,0,2,0,0,0,240,184.75
2036,90043d5f7e1b09a959080c2064f758d5890fc454,0,1,0,0,0,5,0,6,110,142.16
2037,407bcdf78e06f83f2b358d2cbd96aed348a5c28f,0,16,0,0,26,71,0,5,11356,4106.61
2038,2bf153f6a7100e481000ce6bc28baabcaf29dc7f,0,1,0,0,3,1,0,5,312,263.15
2039,8e7b57fbcd13edcab280725bb808f232f2e60a1b,0,1,0,0,1,0,0,0,279,209.06
2040,889512202c2a2cfba23e358da08747357b60d8ac,0,3,0,0,36,15,0,3,941,1148.69
2041,cc097e909c7e5b1617565e4456f5328a826eafbc,1,14,1,0,52,49,0,29,1241,1245.66
2042,b0e82a68b34512d23a5a60a9b5da0db86eb880b2,0,31,0,0,31,35,0,33,8978,4468.0
2043,8308829e46fcc4903b9faa3d2dcdf10f56f262fe,0,1,0,0,0,0,0,0,83,111.05
2044,5144660040839cee6e213b5146c1ae44340eddb0,2,2,0,2,2,0,0,0,187,493.32
2045,83823aedf2e2d176004402152b69bd67f97d8e12,0,2,0,0,44,11,0,22,250,331.72
2046,e6cff21fd8c5add0eb7e55417a91f0530a7d3a32,0,17,0,0,44,23,0,4,7010,2757.67
2047,53dec548b6149274e6c2acf832386dba6ec3c1e1,0,1,0,0,0,0,0,0,0,108.41
2048,a97e55b83868ff786e740db55e73116f85456dcb,4,11,2,0,7,6,0,6,5430,2908.4
2049,b2826c6c2bfc3360913e63e0b65f9d79e782fd50,0,2,0,0,9,1,0,5,255,299.84
2050,36a5aba4ecf56631372ad12d5c67af8fa3de05f8,2,5,0,0,37,0,0,14,354,533.8
2051,7a4618a793aacd240745c8de0ad7e502121f5dc2,0,1,0,0,0,3,0,2,188,172.86
2052,437382cceb8549f33948398c92040e6fc16e0ed7,0,1,0,0,0,0,0,0,307,161.92
2053,7c20257d98c7037efc74e4159d4b0adc1741d891,0,3,0,0,8,0,0,4,114,256.21
2054,4c85171a1f1219bb735be3ca034640e298fda0dc,0,2,0,0,17,0,0,2,158,204.42
2055,5236a3e5ec35b02ad3b40e904997b91b82e9f36d,2,4,0,0,87,961,0,29,232,1034.51
2056,8a237f599afa539868a138b5a2534dbf884cb4ec,4,14,3,0,189,35,0,29,1837,1943.86
2057,1fdc8533016e948b1d534145978252209d7612ed,0,1,0,0,0,0,0,0,0,93.66
2058,63e4f67d9ba9e08bdce705b35c5acf32dcd20633,0,2,0,0,9,0,0,0,2371,774.6
2059,b86e8c1ea908b8fa2576d058700b0ac14b1b4a3e,0,1,0,0,0,0,0,0,0,105.08
2060,d92eb0d8d85cc24256499eff97672141493fb90b,2,2,0,0,143,0,0,0,452,1110.71
2061,47fdf228605534302811287f77553d3c5303284e,0,1,0,0,5,2,0,2,240,216.22
2062,050fdd6537fcfb640277ff5e1607e44d18c0d95f,0,2,0,0,23,2,0,11,464,300.01
2063,0494cd329f3aaed94b3b46de0abe495f80faaedd,2,5,0,0,190,247,0,11,641,814.54
2064,b395ef418237a37b95d6452f0111998f63c047db,2,4,0,0,10,0,0,12,724,580.43
2065,b96aa003b6793c749a8d8f2ec1e2f2e3da8af01a,0,1,0,0,3,0,0,1,497,226.41
2066,80784271043d2da8e93055a5f9b1bcfd53347461,0,3,0,0,39,22,0,0,194,261.98
2067,16b408898e75b00ddf6b607246833cdbcd56f507,1,2,0,0,59,10,0,0,668,624.27
2068,855f899bb523f3b334f711926a7db4cc75ebb4b4,0,10,0,0,12,26,0,2,4823,1770.63
2069,5a95c2e1cd555d5f3ec148cc7c765d1bb7d716f9,0,9,0,0,127,23,0,33,2710,1416.5
2070,ce584a01fff4e73afa96d38c9a7508fcd67e3e46,12,9,0,0,328,77,0,135,2739,3551.46
2071,2e91a310d7bf9e7d4d46b0bc0ca0c11cb4531e10,10,22,0,0,249,20,0,27,4805,4387.61
2072,64c2d49cf5c8b1cecbd7601dc2d1577fc606ab1e,0,2,0,0,25,0,0,0,517,316.54
2073,a1286edb040a5d368a76d6c9c809c5cf0c080ec8,0,5,0,0,0,5,0,20,973,841.56
2074,9077d83672a4d08273ce4a6012f1787f5313f948,0,5,0,0,20,13,0,14,480,579.49
2075,e018bfe2b050b55b479bbabb9fc26ebcc211b177,0,2,0,0,60,6,0,2,836,380.29
2076,6a2749faa63397caa93dae7bfdc3f1d0573a2ff4,0,61,0,6,324,68,0,70,5177,5335.79
2077,9fa331b811d893a0d580e9136c1c7e1fa9774542,3,13,0,0,127,148,0,49,4764,2285.44
2078,e00c0d316db01fbe5e57a4dfd54856c89e761b08,0,3,0,0,0,0,0,0,1691,645.35
2079,c140f09406b119d86d43bba6248d17fe0120a4dd,0,3,1,0,7,115,0,10,369,422.52
2080,5a30a806ec1502cab34555bfa4df4fc6ed7a7917,0,1,0,0,1,0,0,2,481,935.54
2081,b43f5446acd36eb60554e57f5b9bdb415395f2d1,0,5,0,0,140,78,0,10,397,549.04
2082,7d70133b7529f144b760cb914ec64da25ba561a7,0,7,0,0,0,0,0,0,159,405.87
2083,126230dad0ca9e4660ad2f1912935c41bce77ea9,0,1,0,0,0,0,0,0,117,147.21
2084,3b5d7aee6cb9f191eaf647576ae39d3d8ebc941f,0,1,0,0,0,0,0,0,76,115.96
2085,4f110905975188d0855dc0c7b168724679aae97d,0,4,0,0,72,12,0,10,2028,892.64
2086,d286051a21ef212494876fe9103ea75637531916,0,1,0,0,0,7,0,0,140,137.96
2087,46a02f3231cd6d340c622636159b9f59b4b3cb6e,0,2,0,0,133,50,0,66,2000,846.38
2088,5ecac84cd8b5cb7be701e0cbcc53b37f41b50d60,1,1,0,0,0,0,0,0,20,142.43
2089,a1808962e56eaaa3657298baad3fc09abcc49040,1,15,0,1,265,42,0,54,8720,3973.08
2090,94195f8643670069545cbe948d4bafa8b291d2f9,0,2,0,0,22,0,0,0,24,151.84
2091,24f664aa1621dc70794fd6576ac99547e41d2113,0,9,0,0,46,0,0,1,2503,1168.33
2092,88619b7dd85acd79c111cfdc90a594cb5c2cf96e,0,4,0,0,15,0,0,1,136,310.09
2093,901eb3688337a0e173ef7fcff9b3384926520c08,0,1,0,0,15,7,0,0,187,166.52
2094,051379ea5df6b9906a8fd97cb41a0a6d584b8f03,0,1,0,0,7,0,0,0,1078,405.12
2095,da6063be4ff2499ea2c65fec2a7975e0cf48e7b7,0,1,0,0,24,0,0,0,108,154.69
2096,121308cc7a2639a70fc8a60c99d2eaee52931951,7,13,2,0,95,72,0,6,3950,2386.06
2097,e82e2e723a8a71e5e0a73af4ce408e60065c1356,0,6,0,0,119,42,0,20,4599,1756.2
2098,91ccbca4c25dba1671dfdd29053521ce93996f3e,0,1,0,0,0,0,0,0,97,114.84
2099,55bfea13789c3898ce4c9259a5fad74192c1bfb0,0,1,0,0,1,0,0,25,452,271.1
2100,a4c0b1841a9fe69d040128129293db201f81fe4a,0,2,0,0,3,11,0,4,296,907.93
2101,efa6410611aa0862065ad804323c280a4d8a372d,6,10,1,0,222,68,0,56,1201,1662.73
2102,579567559915e750d305d51a10d9c6797b6eb2aa,0,2,0,0,0,4,0,1,107,202.46
2103,78c55c8d66f5570d975caa53a9751b126ca10538,0,5,0,0,259,23,0,38,891,815.79
2104,529a5a502e5fc4d05536d23df0bd75973affff01,0,1,0,0,8,0,0,18,430,275.72
2105,ce008e72de6ce67a8e9bb3d5d78fb0bb3849a38a,0,1,0,0,7,0,0,4,167,188.14
2106,ba3dc494371145e8ad35d6b85f45b8fe1e44c21f,1,6,0,0,0,0,0,0,266,456.33
2107,055c9c7bd6780436d201f5101df464814ba940e2,0,1,0,0,0,0,0,0,489,200.92
2108,8e161580b859b2fcd54c59625e232b99f3bb48d0,0,3,0,0,11,2,0,5,1034,651.57
2109,59d3a56740a8c668ff8151b88d00c7adc371a50c,0,3,0,0,5,17,0,6,495,450.71
2110,58aa04f91e9cd8203cd58f972d042d068727d256,0,2,0,0,0,3,0,0,237,241.36
2111,30adf2a096a7c879497b435b1704620e86d9e71e,0,1,0,0,1,0,0,2,180,179.72
2112,cca05cace4105c829f303c13eed8ace2efd7fa0c,1,4,0,0,5,0,0,4,1278,704.3
2113,0864779ce2a0454b2924567189e2f690d92498a6,0,1,0,0,0,12,0,8,278,228.24
2114,1669b773ba31f7bb3395ec536be7c17bc98ab9fc,0,1,0,0,0,0,0,0,90,120.06
2115,e2c15e0eeb8e853aead9ef5e307930fd781b38e4,0,1,0,0,0,10,0,0,70,129.36
2116,e54ab292e7e2fd1d18e82387a586969ba57eb7ea,1,13,0,1,127,171,0,16,1070,1610.39
2117,48b65ac617a17cb5570e152256c1073619cfaabe,0,1,0,0,218,256,0,0,24,290.83
2118,35814298e1fa2840f89ef1f40163b2480da28a2b,0,1,0,0,2,0,0,6,187,211.21
2119,2ef02f111e3a1640d3e92aa29dae5677d0eefe18,0,4,0,1,273,83,0,8,143,654.09
2120,e047864f30fa47c6bcb2a0e6d9da86fa053fe6f6,0,1,0,0,6,0,0,0,116,879.57
2121,1b9e1073885951697f34950a1ea706c93826e871,1,16,0,0,49,31,0,78,5423,2934.64
2122,47f908fa73fb7bbaec553635e75bffddd7a473f9,0,6,0,0,16,0,0,1,3319,1234.06
2123,1ae92914e28919a97520e91bfd0e588d55eb1774,0,1,0,0,0,0,0,0,479,211.38
2124,6d6366cd5563ba2a7bd894611ef037cdea99273a,0,4,0,0,76,0,0,33,809,622.94
2125,c7db82b59a145735fce227436c6191d1825fe384,0,5,0,0,32,32,0,0,3204,1189.34
2126,93bf96589471acadfb90e57ebfecbd91f679f77b,0,1,0,0,0,0,0,0,92,115.63
2127,a7e771c6da72bb7f3c5c5cbab3dc9c4fd403f866,0,7,0,0,31,28,0,0,768,618.96
2128,03d61ebfb93aab53b0b0ecdfc77175d18a58e861,0,6,0,0,55,7,0,24,4193,1492.05
2129,d7a5e31ca2f694fe0f5aaf8536ea30400fc19d3e,2,0,0,0,0,0,0,0,0,198.1
2130,5f8b2898ce512b9d1390857e036bb3a896dca170,0,2,0,0,49,0,0,3,353,309.14
2131,4d1d995a115939da51a8ad93f9df91e05ec0c808,0,1,0,0,0,3,0,0,9,96.28
2132,11b25a13ee72e1c91facd0f94b888215f67d5a69,0,1,0,0,0,0,0,0,1030,400.66
2133,11641c7f53b2ee156490b2aadf79552d266ec956,0,1,0,0,0,10,0,0,143,156.61
2134,7cb0a1ef4f4a7c08a56cb9b84d482e60ed5f20f3,0,1,0,0,3,0,0,2,174,174.38
2135,55707adaee992e835a67920e016376235b92b70f,0,1,0,0,11,0,0,0,296,182.19
2136,14d854936e1d2fed2e69a7c6367becf360f88833,0,6,0,0,21,87,0,29,2702,1427.93
2137,5216839d8bcda5c00825a0f4be866a525d948da8,0,3,0,0,0,0,0,0,140,198.91
2138,f8db022b08cf0b7fa65f271711a4103ef4b28897,0,6,0,0,13,0,0,3,3274,1247.21
2139,711c817254eaf62d91b0d783fdd04c5f1915fa75,2,5,0,2,17,5,0,17,1234,913.28
2140,298a9bc397878ddc755b91c44aef0c928be6eaf9,0,1,0,0,0,0,0,0,90,814.92
2141,b0935e548b9d698f3ee7e9cb2ea5efc9647d6ba3,0,1,0,0,0,0,0,0,196,123.23
2142,3750898e20c0680d0c58220fd3ecb6ecf1b5fef0,0,1,0,0,0,5,0,0,1505,477.74
2143,822abe47db07fcf92e8aa24e920a54239a90348d,0,3,0,0,34,1,0,9,465,417.8
2144,442d36241bea6e83c75ed7513e48099b8d73ef39,0,3,0,0,13,3,0,3,274,288.32
2145,23beeea34bf9e5e7a33dc0566d54a17b2b417c0f,6,4,0,0,41,4,0,23,1295,1175.66
2146,102490ea0caba93631c4dc7ea05a64c0117331b7,0,1,0,0,0,0,0,0,3,58.14
2147,05cba28ca7aafd3974e9e818be08f239b6162855,0,2,0,0,62,51,0,4,451,298.96
2148,99737588b6db7647d0d03b7306f143714fbae4d5,2,1,0,0,9,0,0,0,18,276.83
2149,38f86d139cbd8a3b92ce555f185e52252f626cd4,0,2,0,0,3,0,0,0,230,195.21
2150,65b044b2001065bce92045d236eb74dc57646f81,0,1,0,0,0,0,0,0,7,94.78
2151,4f5a5eb579a20cf86eaf5018663d44e5592d0401,0,7,0,0,9,45,0,1,3385,1327.26
2152,d70fe5ed2d25af432ec6ce02ccfeaa40bcd2f295,1,1,0,0,14,1,0,5,904,431.41
2153,53b4ce5c00d61be87962f603682873665155cec4,1,12,1,0,190,15,0,34,3754,1943.92
2154,d2328a1a0e2fa5f3592cd67b320fb8f223978659,0,2,0,0,20,0,0,4,1079,388.99
2155,1d873a9de9ad98d9f3120fa2ff59c3372650775b,0,1,0,0,3,0,0,0,140,165.56
2156,ea814d78690940827e90950282f40a74ca45eb0f,0,4,0,0,0,2,0,0,1719,859.29
2157,8cefe977eb61759baaad644cf1a15020dd3c13ae,0,1,0,0,1,0,0,0,124,158.23
2158,00757cd99f6d8bf2760c3708d307347f4cde65f6,0,28,0,0,1,3,0,1,3644,2810.54
2159,f65c71cf6e13973ebff8ef590eb3d369da4d1b11,0,2,0,0,1,0,0,2,373,291.19
2160,53b10a37a42769b0c1b91c3a66fbe7f60917cab5,0,8,0,2,116,25,0,36,2338,2103.0
2161,f8994897d30ef7508756dceb1d19171d6204f2a2,0,6,0,0,77,0,0,14,163,585.21
2162,e3524ef350830e3e1fa918ec0ae93b09d51fcf37,1,8,0,0,13,40,0,9,3436,1876.53
2163,74c90f46c34727be9484e9826ff543b451ada775,0,10,0,2,270,228,0,35,3685,2290.22
2164,81900d0ba0a5839a1e5dc876897bab1c24b3bd94,5,8,0,0,93,12,0,30,1685,1312.51
2165,204710832eb4787b185264a0c8e5fe89a3db9d44,2,9,0,0,78,95,0,26,2220,1535.6
2166,73ed9eac2c875a12d933af48b7a7817ea57ad447,0,1,0,0,22,11,0,13,259,226.18
2167,6fbac3cfa88bd3eba36b2d3e254d7ce5e11a550b,2,8,0,1,34,104,0,45,3122,1615.28
2168,2c2b30d96b7d30037d3ee69ebbf985cd88557af9,2,2,0,0,53,0,0,1,90,273.07
2169,a028f597d7ea042c414e9669d2261c1423a96f95,0,2,0,0,7,0,0,5,406,327.52
2170,d997dc65a434558961a842fd2006a6ed36cd1ac7,0,1,0,0,0,0,0,0,201,152.17
2171,717c55be971df862c55f55d245b9997f1d6f998c,2,9,0,0,336,46,0,146,5409,2330.51
2172,1546fc30af520f8d133aa3454cdc8a036bae0f3e,0,3,0,0,209,56,0,21,3403,1272.28
2173,a7d0fdd534ef55533a868ea7388bbc081ee42718,2,2,0,0,133,7,0,0,280,586.21
2174,a99e0111114d1cb8c762494ac195cf84e6425bb3,1,4,0,0,5,0,0,0,1801,721.89
2175,320f7b0d7afd75c6d76ee33770461e93bef43689,0,1,0,0,19,25,0,25,521,284.31
2176,7663a6c44daae5d72f38cbba79d728416e11167d,0,10,0,2,15,15,0,0,1260,911.4
2177,e4e2dd31ca66330aefdbb226eb25968bb14fee64,0,2,0,0,6,0,0,4,67,172.35
2178,926fb35d9dcefd45c1e1d276ee7252b15875f23e,0,7,0,0,71,27,0,10,3015,1349.4
2179,5e543ae10832808a9d7efef363603f07695d4368,0,6,0,0,11,32,0,5,2734,1184.48
2180,35ed7b14cc8f943b4fbc9945a93eecbff7b72ab2,0,1,0,0,3,0,0,0,357,834.85
2181,4148d79880948a928a211c88d7280c748780c8aa,0,9,0,0,50,52,0,6,1811,922.1
2182,88087e91dd4eed1ee3c3e12961db84b7b56c34a0,0,3,0,0,1,1,0,4,2301,803.72
2183,e5657bc910bbf82638a8b6c3e96c30101cf27560,4,8,0,0,79,2,0,6,539,1036.8
2184,f8078f380381604f1c7b07204b98e9c08d5e0af1,0,1,0,0,4,0,0,3,76,151.17
2185,e07b46dd0424717829f5e12fb0fa91065b943fcd,0,23,0,2,7,81,0,0,1370,1471.33
2186,2ca30191d2bb430a4b27b125177406cf263d444f,0,1,0,0,0,0,0,6,360,177.99
2187,39158bd944f7c64e32634cec8171515b93466ffa,0,24,0,0,9,0,0,19,1068,1295.87
2188,e6fe4c13deb9ca814513a8c12d79dd76af658762,1,0,1,0,0,0,0,0,0,225.32
2189,5129ab53ee9a2e46a22a13b1d5300ee139c4999f,6,8,0,1,254,0,0,12,3620,2091.63
2190,83a575d4b92a7a49917244dbf7cdee0d2c5aa253,0,4,0,0,13,0,0,0,788,442.31
2191,b8605c9bc1331b876f9d134ebc8fcf9bfc684c8e,0,4,0,0,3,87,0,3,253,344.83
2192,b9ffe596864b576d81c3ca0ae060ae4ac9006d0c,2,0,0,0,0,0,0,0,0,226.78
2193,4d1ee26a136997d31dbd6ddca07e09b34c41c77d,1,0,0,0,0,0,0,0,0,115.6
2194,35bc53c55ff317890d13490443a8685adfc33084,0,5,0,0,85,4,0,0,1069,672.93
2195,c6664e1d081155f6a24ac940fa07c2a061e71cff,0,1,0,0,1,2,0,3,538,287.73
2196,5b4e749dc671df583588c713913bb9eb85e67cc2,0,1,0,0,0,0,0,0,141,134.3
2197,d7f8ec8628ee18326d22f6a58c787629a8faf307,0,1,0,0,0,0,0,0,9,105.36
2198,7334222a71d522f2e99ee84622c672a4c5636e1f,0,3,0,0,31,0,0,11,1363,562.07
2199,d08bcae7f99a863b6d2058a1568384f904e539ed,7,10,0,0,90,1,0,6,878,1277.31
2200,6b24b2e8363180cc9cfbca11dbce9cf60c7013be,0,4,0,0,13,0,0,2,602,1082.33
2201,24547b810ce9aae4389dad7f41cc47caba73046c,2,25,0,0,262,56,0,25,2491,2309.25
2202,add662907d8002a4c38196c4d8654a0db19a061a,0,1,0,0,2,0,0,5,192,149.71
2203,cf32a1a6a06df910dd11f26abe7b62e560392e25,4,5,0,0,186,849,0,7,421,1501.41
2204,fcfee618ee440cb78e422963ba7db1fa03620b33,0,1,0,0,1,0,0,1,242,182.14
2205,d2741e5cbf546117d9eb3f6776f9063bfc240d9d,0,2,0,0,0,3,0,0,445,231.5
2206,fb381cb6c7c9e1183dfeb88dd94c25134049ece9,0,1,0,0,0,0,0,0,17,101.07
2207,d18d6b033e09515adff19225f8ec6845ca34c23b,0,16,0,0,0,0,0,0,1405,984.53
2208,40432e31f7c5b0e0992a51621dc8b1c0e3d3103f,0,1,0,0,0,1,0,4,242,184.6
2209,364794866f82d2d99f7a610d699478d5055688f0,8,2,0,0,44,0,0,0,56,635.71
2210,31a5f92b9f657d3b0f65ad2abfc2a085958621c9,0,1,0,0,0,0,0,0,269,142.95
2211,74fc3323a5815fad80318e96a88dc2164c700809,0,1,0,0,53,0,0,0,424,289.9
2212,3b8d7a661cc993b298385fd7c726d0ae0463ee12,0,1,0,0,7,0,0,2,16,109.83
2213,8dc80e22973d89090833cb791d9269e9a0598059,0,2,0,0,66,3,0,8,1435,571.78
2214,caaf253b637d8fa2ad90b84a5b55103e192b37d6,0,1,0,0,0,2,0,0,40,100.64
2215,c5f2bd64d1f21a44bc9832f80f4ae76d3c065b96,0,3,0,0,0,0,0,0,504,298.87
2216,b66ea874406c3b4d59b23e47e036cbdd4c843c7a,0,2,0,0,0,6,0,0,38,125.35
2217,ffef0871c2d64bcbc171b129c2057b572c2f41b2,0,5,0,0,111,39,0,11,959,741.7
2218,ad3ccf8f317bd28b6527fd4d5089ce8f0a37479f,0,1,0,0,180,194,0,5,679,396.51
2219,c65e19ae95549f7dc49eec3e5fd3cc2de84687d9,0,4,1,0,21,47,0,7,1134,637.25
2220,0f177ea6b826cd96f7a4a687da3691fb786a0a89,6,12,2,0,58,135,0,154,2543,2559.42
2221,39afe9fe0eea057a53d85ec645ea2dcba54b29f7,2,0,0,0,0,0,0,0,0,300.76
2222,e59e4caadc48ee3ba3325d98cbc1fc714ced2b8e,6,5,0,0,91,0,0,8,2851,1546.45
2223,6882b3b760de3208ee0cca86d6e1a651cc5e5a1f,0,1,0,0,0,0,0,0,0,71.07
2224,6a3a58039943aa047fbd07abfc7eff6431c367a5,0,2,0,0,22,4,0,0,637,384.2
2225,23708b77db110bdb20bf4a01b656d1b0ccc0f864,0,4,0,0,220,58,0,19,228,469.72
2226,6530600e6b314565f100b65ae774f3f409ed9828,1,11,0,3,123,2,0,71,2209,1426.56
2227,ac385c4c3a770728848438f28f4acb8854ffc868,0,13,0,0,49,0,0,1,1329,1162.6
2228,e24d0e22abb0fb3e4cb3974284a3dad126544584,5,10,0,0,187,55,0,61,4327,2228.52
2229,fbd06ec00c42a937ba06943431ae99ea2da31c4b,0,2,0,0,86,30,0,2,249,277.13
2230,bab3e082dc48bc3db68692694bd114a39b41fa68,0,13,0,2,83,40,0,1,2847,1541.06
2231,935b280540913ade0b2dc1549ba22c4262ee2669,0,1,0,0,1,0,0,2,137,177.59
2232,4962c8193e2faa589914be52962c701aba0980d1,0,8,0,0,2,2,0,8,2121,1048.49
2233,9ba898edc7c834259c3676402337f74b62aaba99,0,1,0,0,3,2,0,24,166,192.15
2234,f3ded39a0556f9e43a66b238c89c6a60f3ef33df,1,0,0,0,0,0,0,0,0,135.86
2235,2d0cd2ef54029cfb592ab5762f16214ef5d0101f,2,0,0,0,0,0,0,0,0,280.67
2236,a0470726c44a26a1cbd0cb7f6c29b4e3e28a3af1,2,0,2,0,0,0,0,0,0,290.08
2237,e85d671dee3ac03a1b4623a8b65330df50fe2990,0,6,0,0,0,0,0,0,241,349.95
2238,c955828095b28d9533b98fc979e4a768c28263d8,0,5,0,1,2,0,0,4,1207,598.74
2239,e98e239a0c7fd9a500de606b7a05582f1a384da4,2,5,0,0,64,42,0,2,1055,1082.32
2240,beac4c7534ef0cd7be92514a8d92639bf417221c,0,13,0,0,90,6,0,40,1043,1907.57
2241,bcc023773ff0f5b68f0e808bc7c7aba457a4c472,0,12,0,0,273,71,0,29,3796,1970.68
2242,74f8ae13034d90800da5573666dea3bea5d702ce,1,20,0,1,595,298,0,144,5003,3555.15
2243,1d7f0b7c58f212d555c4f2ce766c2ca38f93a1cd,0,9,0,1,134,35,0,16,1462,1234.62
2244,92688ef82ccbeee6014ae9c1db64fb4289b7bdd7,6,5,0,0,54,15,0,1,1192,1251.06
2245,0566dfd3cedc13e2c0357378cc100c1ec9bd585a,0,21,0,0,82,59,0,36,7847,4182.42
2246,666505b72f1baaf5f37fac4f59fa26d93d833f63,0,3,0,0,6,6,0,0,82,221.63
2247,5d0052fe00c9071095b872b3b6ab6b1b455c9e20,0,3,0,0,45,0,0,193,1977,752.59
2248,30443af1c8d6c8b9ca327d046c4d4daffe5d43b2,0,3,0,0,23,0,0,3,172,317.18
2249,1dc5063cde2101e4efb058a24379a7c7cb97db5e,0,1,0,0,4,0,0,5,189,110.44
2250,66183f730feaa7dca7b4088053f44015a626a6e8,7,21,1,2,169,390,0,32,2844,2792.74
2251,d53eab16b28a44e24fa2f9d592f536835b29ea22,0,1,0,0,1,0,0,6,364,225.77
2252,ef2fbfda24115fbadc6a55542ec76d3bedff17d5,0,2,0,0,102,4,0,6,1024,799.88
2253,9fbb0de5fc493f9186d23ccdf03b772ccc01e1d4,0,9,0,1,27,1,0,1,1846,1131.06
2254,422687148e01b607ef26d001fe1874a35e90d0ae,0,1,0,0,71,46,0,9,256,240.79
2255,9e294cbca22e9da5f491792e8a8b0f9b27047fd0,0,1,0,0,2,0,0,3,56,127.07
2256,bfcc17f211834710add79122d7ba3d267931cfb1,2,6,0,0,126,56,0,39,1899,1020.58
2257,3ca204b427971af161fa3550c46d9ec796e8b401,0,2,0,0,101,144,0,38,573,402.37
2258,157aadbbf38f6255208678058df506005cc066fd,0,1,0,0,0,0,0,0,147,117.78
2259,8da69936a7e7c4da51e45cdf0fa392bcb0eacbbc,0,10,0,0,91,32,0,101,2751,1554.24
2260,c7efc3613c4a021ddaae314ca8226d04e6dd2080,0,1,0,0,2,3,0,0,379,995.45
2261,1c831c22e13fcc59e7e1a9e6c28fd38048eb3f62,3,7,0,0,178,0,0,26,682,927.56
2262,11ab6e7d8fbdf213a22b7fa5dff04f374f55a1d2,0,1,0,0,0,0,0,0,381,193.28
2263,5b829f2b610d71d3176a7df523b34df807b47f22,0,4,0,0,150,9,0,26,1387,776.54
2264,f99bb0466e9c8845963b350f3ad9b353db72fd5a,0,1,0,0,0,0,0,0,291,151.11
2265,c62dd1e92e44551c138c28e9cc628084481da8ee,0,1,0,0,0,0,0,0,35,100.3
2266,c87fe9402cbebc460b42cd3dd7c268e5e6e659d9,20,14,0,0,132,30,0,10,2207,3132.89
2267,f98013cc501ab30c43ca707a1fbf46c4e9dc1215,1,22,0,0,282,101,0,15,10276,4223.4
2268,586c587b3db0bd622d74a5d4da5734c50c698061,0,1,0,0,5,16,0,4,434,229.12
2269,52007e878aaac3f48d0d949dbe428a2ae5e56f57,2,65,0,0,544,126,0,75,9754,60642.44
2270,7349608009df3d231db154b9f5c15134b047e38d,0,2,0,0,71,47,0,3,1307,530.18
2271,a5a6938c69f4310f7ec519036f0df77d8022326a,7,47,0,0,462,82,0,110,6611,6216.17
2272,4ac892ca783acab8e574b9b24d17e767eedb3d5f,40,7,0,0,193,18,0,68,1850,3931.03
2273,c06e45a215072b1f909ccc9d1a9a82ae521b4bab,1,7,0,0,45,29,0,1,340,560.64
2274,d88f1048da6bdc5670102bbbde7bd92fa7af4ccb,0,22,0,0,394,167,0,121,8143,3792.15
2275,cfa10678bd87f5e35f4934ecd2a40a9a089a5b52,0,21,0,2,122,4,0,7,2710,1917.7
2276,7e3f8895d69da13df574701e6a3fd9d74d092053,0,4,0,0,11,0,0,1,1339,598.88
2277,e3c2148b207a6ca98c89211d12cb47abdfaa70b3,0,23,0,0,39,15,0,2,5504,2663.15
2278,1f1179ea64bbaf068d759aae988bd2a6fe966161,0,1,0,0,14,0,0,0,28,118.41
2279,e0824e26ec194dddbc3397b8c4725b84f72c482c,0,1,0,0,1,3,0,1,324,200.0
2280,fb9b0dfde5f674e2aa9f9948e2f14bc7698413ae,0,5,0,0,116,25,0,5,3322,1948.62
2281,f41a5c2c8632bfd0dc50321c1c69418db04f42f6,0,4,0,0,106,10,0,14,1628,922.6
2282,c9c3adca43fb066de0e16c65d381981c313cfb0c,0,1,0,0,0,0,0,0,244,125.49
2283,b006205edb57117c5a399647b4352b06953e9e84,0,6,0,2,6,11,0,1,2065,1181.56
2284,c55277cd79f103d9c686b9698f9f63208fdee272,0,13,0,0,138,57,0,23,3498,1934.79
2285,2fce203a54483d9f229304a7ed3e963cc15f983b,0,2,0,0,19,0,0,2,563,393.52
2286,e66ed2dbea80230b6eeb7dbf5c27ce5cf4ff9fc0,0,7,0,0,5,21,0,4,1571,863.39
2287,caf349923646ae4c572ab58ecc02371b2f5babe8,0,1,0,0,4,0,0,0,388,256.4
2288,b24e9f3ccb68dd519aa3e6d3a1b3745c493f201c,0,2,0,0,14,6,0,48,920,460.47
2289,8966d066bd2f80c6d8f270423e7e9982097f97b9,2,2,0,0,11,2,0,3,283,425.44
2290,2a54347a56bcf29facd74ea219db12bf495c7af9,0,2,0,0,13,0,0,8,34,184.49
2291,b62f2a1123612af30d29140efa6d3e89091f87dc,11,1,0,0,1,0,0,1,84,969.4
2292,f93c473be1d24774f9c2d29576b063835f8d2737,1,3,0,0,126,298,0,0,179,448.94
2293,00374c3ddf6c4ecc96f58c6685fd107500b976cd,0,2,0,0,42,3,0,11,1994,797.83
2294,f324754852a297319ac8b0ea119e48741a0dd61c,0,3,0,0,28,0,0,1,197,267.13
2295,18bdcaa5a1e770b46c07655f138bf0ef4d16818d,0,1,0,0,0,0,0,0,99,92.61
2296,ed078bd702e30b300050aefd7a65561fbd75049f,1,2,0,0,65,0,0,6,1615,720.05
2297,3cb8ccf63a3f88b4de5a2133b39fb4bf175f3532,0,8,0,0,23,7,0,0,4256,1549.38
2298,7a87a30f1f63982e9a4ed4d14a558a330190051f,1,2,0,1,34,17,0,1,386,530.53
2299,fa2c61e23fdf41be1f19d6c8c60eae9bfe52ff80,1,4,0,0,34,18,0,4,502,622.51
2300,9660ecd4ec3a6656a116458a084b7c461f29c1ee,0,1,0,1,0,0,0,0,45,968.95
2301,317089663cc7ff4fdfcba6ee434f455e8ae13acd,0,1,0,0,6,4,0,67,1717,574.15
2302,4e094217f7360becd3640a38587e25f9a3bfd4b3,2,2,0,0,15,0,0,0,162,317.48
2303,2298c7f84fd0e29b304eb11078bfe76ca5b04a97,0,50,0,0,392,161,0,89,8321,5445.22
2304,a9b0fc866a02762878a83e21130fdb236766aff5,0,2,0,1,6,0,0,0,123,232.95
2305,6afe05fe896af3b646d79ff6ec3056e04656d2e7,0,10,0,0,0,2,0,6,380,568.14
2306,f90b7e9cb4478c41031d495d45cb37dfcf343e43,0,4,0,0,15,0,0,20,455,417.27
2307,7bc8c0dcd1db27465661e135cea8e800c337f19e,0,1,0,0,2,0,0,4,413,292.4
2308,6d8da96ba8c892aab53ec9e1d5a074c5043c2092,0,2,0,0,25,0,0,1,1327,559.83
2309,c00bd38ab27ceaee174be8ce803c64000c5730ed,0,3,0,0,437,40,0,83,2610,1187.83
2310,4fc649d85cc5e2fc19ef6fcc222303687ecfd0b8,0,2,0,0,3,0,0,0,20,142.74
2311,adb2bdb122df0e352a414df4a26158909c25155b,0,9,0,2,420,367,0,96,1123,1282.78
2312,6975f1dfa9864728605a7e430cf929b3280aae2b,1,3,0,0,56,36,0,7,889,955.13
2313,c015169aa6ae835978cadbcb1d17a123e8c475f8,0,11,0,0,0,30,0,80,566,956.22
2314,28ef7f1d6d7f4cec7e81b8d0641debebefec9104,0,2,0,0,5,3,0,0,1217,691.27
2315,5987c76153085cdf729a72f22bfce9e2f815234f,0,1,0,0,2,1,0,0,395,245.06
2316,27ba8f5a399cdd799a7eade52c31e6bc21ad18d1,2,40,0,0,78,34,0,28,6439,4792.73
2317,59a75f4422a68d2e1edc661264058f040139fde5,0,3,0,1,2,10,0,1,348,483.23
2318,56bc5074858e1b8793a74697570ceeb948bdb2ce,0,10,0,0,30,18,0,13,3616,1724.62
2319,465f810730b62e1739d0567da1254ac0167248bb,0,6,0,0,68,3,0,13,4103,1633.71
2320,fc0f82372e1e456cbd43490b9eba957c4a0d3eb5,2,26,1,0,321,158,0,75,3919,4020.86
2321,4a5155c934b9d2045e1f7af09a0298bc4b413027,2,7,0,1,166,151,0,55,1892,1409.81
2322,5fa2de43ec2dfd7cd5e1db9f5e66f373d6ec91d5,0,2,0,0,0,9,0,1,365,207.88
2323,96d95e947a2445890e410024721dd3aef5eab576,0,1,0,0,0,0,0,0,96,96.35
2324,2421a69556f0275efc99680c05f0bab27ecafb0c,0,6,0,0,0,3,0,0,209,405.02
2325,d61b0c131ced14cd3a006ef4ccff39f6d9ad51e8,0,7,0,0,29,43,0,22,1920,1206.41
2326,7bdbdf19009709e83cb8c679a0c1c0972746555c,0,3,0,0,166,22,0,44,1272,625.63
2327,6b905ade0cdc7a5f6f746727ecfe4e7a7463a200,0,4,0,0,46,7,0,11,920,578.45
2328,c552c06aed50b4d4d9a85f73ccc89bc06fa7e094,2,3,2,0,41,9,0,25,1095,786.29
2329,be58580e14be93618f11e609389ff6bb16317702,0,2,0,0,11,21,0,10,1201,638.25
2330,a41bc7274b8902036ff75e0b25181d6ed80acd5d,0,1,0,0,0,0,0,0,609,232.24
2331,731018222c19a260f2c576b27946bf0a8eb2167e,0,8,0,0,59,80,0,30,1905,1247.16
2332,e3f5d308aa76cf6296cdc4d96f116bcac1a6734b,0,1,0,0,41,0,0,0,331,213.18
2333,929c25732f3722c3e3b49c305113fc69c87df1fc,0,1,0,0,0,0,0,0,352,190.01
2334,4283fd640cbad7af9d4d5da25b6a7d4edb985a1e,0,5,0,0,24,3,0,6,2810,1082.11
2335,6df058ec150b9c3c8938740ce5ce95d256f4b012,0,3,0,0,7,12,0,0,1364,534.23
2336,4deb80676e66311dc919f97dad1cac6131267885,0,5,0,0,27,41,0,13,896,589.36
2337,67fd88050ff8968d5d51a4b37b5af701f26b1ba3,0,1,0,0,2,0,0,9,120,169.03
2338,1cd5d0da1d378c5dca059b9cba43a0358955d591,0,1,0,0,0,0,0,0,0,110.73
2339,38ed69241f928530b13a31edfe918c0e695e2e9f,0,1,0,0,5,0,0,0,328,248.16
2340,1675115ec193acf4c7d44e68a57272edfec0b455,0,1,0,0,0,0,0,0,52,881.86
2341,fecb977b257888e2022c1b1e04dd7bf03e18720c,1,6,1,0,7,2,0,0,5335,1754.16
2342,898ad8271ac80d30ae7e1446d3d811996c4b5d9e,0,2,0,0,43,2,0,2,170,229.52
2343,20b2bce29076527214dba58e50bf9b1d2f21a645,0,2,0,0,0,0,0,0,38,178.37
2344,69a63304de53ea10858f842b8db03932a05cc671,2,2,0,0,2,0,0,2,160,328.74
2345,464b6ed0349f28779a48bdbb50e29d1319848416,0,2,0,0,28,5,0,0,742,372.73
2346,305f134abfe9dc047364ba3abd48f25fec77a6a4,0,1,0,0,1,0,0,1,572,273.33
2347,dcf660a2a067c9ba3add5cd2269a036ce76a7758,0,1,0,0,8,12,0,0,29,125.08
2348,d04699486d4203cf53afcc6aeb2abbffdd5e1b9c,0,2,0,0,34,0,0,2,66,227.05
2349,19681f6b95a5076af7020475f46d0bbe9f6015e1,2,22,1,0,198,84,0,62,3471,2784.09
2350,41a9e2c7c3f3c0ae48db89178d56d26dff3a2839,0,8,0,0,222,182,0,13,1217,864.4
2351,fe7543abd36e1e7566157c351893c8e124da2ee9,0,2,2,0,0,2,0,2,160,225.78
2352,02df8e1496e25f7b4a2609c6f35a522e59cf7ce0,0,4,0,1,102,33,0,15,1056,720.91
2353,5d0c2f3b2ad3cb12c8727b4fbf3a64c25ece6209,0,1,0,0,11,3,0,1,252,200.73
2354,9d8ab3a1a29371699da6dcc998117522f4e72ccf,0,1,0,0,0,0,0,0,274,143.99
2355,e499c960e4f9cfc462f1a05a110d79ffa1c5b322,0,2,0,0,33,3,0,13,128,279.75
2356,b94c7f479b917d4ec602c31a24f11390627c479b,0,6,0,0,76,41,0,5,2323,1145.07
2357,88448f625570a82bf268b21a8d2120d8679844fb,0,1,0,0,4,0,0,2,263,472.79
2358,3daddab8a89486c519bf6ce22f8765af8ff6d356,0,1,0,0,0,0,0,0,389,172.6
2359,a50b7c497db5a2ef2326072c95d45b982346fc56,0,1,0,0,12,0,0,0,52,177.96
2360,446be127f7f7089b349dc5a75bc1af67589b22f6,0,1,0,0,0,0,0,0,120,827.85
2361,0b8ea7e162e68662fbda6893d188862999d9b427,5,8,1,1,15,17,0,0,1380,1536.09
2362,38fde81132e0457e983eae60b3d4a9834ad84129,0,9,0,0,23,4,0,40,6049,2118.12
2363,18c13d38ed7090801f125088e3eaec7e3c85c09d,2,12,0,0,137,18,0,7,3058,2083.63
2364,b0d89cb6ad8e01de05d7840de754ad45c361173a,0,2,0,0,30,11,0,46,3020,1136.14
2365,04cd1457aee94e3aa3eda1b80e354d1be1b3b240,0,2,0,0,19,81,0,25,170,302.36
2366,fa41521687ebbe429fdc37a11e6512a369a26c21,3,7,0,0,60,18,0,24,2210,1289.74
2367,cd5618f866921d420e2abeb5b9c03862217ec3b2,0,1,0,0,0,0,0,0,97,119.68
2368,e4827fdbe8b9296124c6f0862205e592c15e2de5,0,1,0,0,0,0,0,0,0,131.12
2369,bcfe8c76dd5a5b2913813cfd2ff733b7fa94a130,0,6,0,0,86,21,0,0,841,577.16
2370,8968cdd809a54ec82a206f04cf296ea15207cb7a,0,1,0,0,0,1,0,2,54,117.78
2371,4fea3e4f1ab9ee1f0a714c80297b782ab5b15067,0,4,0,0,25,0,0,8,1602,650.43
2372,717ce42a6d68d3ac8d9478451a31423b5d43234e,2,0,0,0,0,0,0,0,0,377.24
2373,ae2e7be20010815c7ceef02d235a6671349ed225,0,2,0,0,34,3,0,7,101,259.15
2374,d1161bf1060efc2d58b9c72997500dae2b59f169,3,3,0,0,7,0,0,0,310,624.98
2375,8b57f6cb3a7ea6d27169b91456355433ccfa2974,0,3,0,0,153,0,0,29,398,476.04
2376,dd8af2b23d7b58ad6d850cf9acc0eaca73681863,3,5,0,0,17,3,0,0,635,849.25
2377,dbafa07be3fa458f1af906b395fc3691f90a335c,0,1,0,0,0,0,0,0,0,73.64
2378,a87decb9e4df5bfa092c26ae4346f65c426f1321,1,25,1,0,126,107,0,26,4279,2855.14
2379,75a68341da423d8b041ac8824fbebe99f9bd15ff,0,1,0,0,1,83,0,139,1133,551.08
2380,8c64aa080a9c49f84b62817b6d6a804af34d4f48,0,10,0,0,2,0,0,4,2692,2202.31
2381,c1351c34a9ebb61a721d9f41495dc9adf356a697,0,1,0,0,0,1,0,0,167,163.87
2382,e275742f850af4a1b79b0d1bd1ac9a1d2e89c64e,0,10,0,0,170,38,0,45,2154,1565.98
2383,7f35a6713434dd7f2ccd3897aef825d34582beab,0,1,0,0,3,0,0,0,36,121.46
