idx,sha,A,M,D,boot,adds,removes,updates,moves,matched,wall_ms
0,472723f1cccb8cb1e74ef52e47ccb2fbdc6c3e3d,0,0,0,0,0,0,0,0,0,39.66
1,2552a2488f2674e2fc3abea02272e85ff13a3ee4,0,2,0,2,29,2,22,0,55,933.23
2,21da30456f4c23aae1f40b3446f74565d5b6d917,0,0,0,0,0,0,0,0,0,73.44
3,c0e190cdefabc7c59b11bbe0de843baec78efe3f,0,17,0,15,0,0,1,0,583,1949.46
4,ee855fe1aa4a4f549c9d91c81ee53f448828d81a,0,2,0,0,0,7,19,5,69,297.66
5,ba58c9a7040e778b6c8cf9dc59d97858c2617afe,0,1,0,0,0,19,7,4,111,226.37
6,081f0d2353ffb86db3aa3a5080e00b0b0aee7c4a,1,0,0,0,0,0,0,0,0,238.98
7,3310531d8752c9d19bf3083f9b0c062c2578ba52,0,1,0,0,0,0,0,0,170,123.49
8,14b42f795641e13f9703286a527015cbf99a7788,0,1,0,0,10,0,18,5,111,279.92
9,98f64070891a34e3a8b3f0483a7f5397b8a6933b,0,2,0,0,1,3,10,3,142,383.87
10,60d0587e8fca7197683b55e00537c32ddee4795d,0,0,1,0,0,0,0,0,0,148.87
11,8c884ee6a6433745e68febdc68f0b22520a7e335,0,1,0,0,0,1,5,0,169,204.42
12,739b2df6806c10b934f69e6181555fccb85cd9b8,1,0,0,0,0,0,0,0,0,297.38
13,295734f6abb69d0c184faa0085ca198040b2adbf,0,4,0,0,10,25,23,2,85,492.19
14,d925b157f42b13cb410a86e8850c23a11de3d2f1,0,1,0,0,50,3,55,6,166,284.29
15,eae1bd52ef1d991834151898e768e57de8bb07bf,0,1,0,0,0,0,0,0,216,172.22
16,7fd9268f7b89afa2e41b526f1f4d7bfc90a519cf,0,1,0,0,3,0,51,4,216,282.49
17,66b103895720700c5ea47e8f75a1105aca6e9342,0,1,0,0,1,0,4,0,219,234.21
18,3220af1fe2fad8da1f5bcc101ab9d3e8919b03bd,0,5,0,5,96,21,6,0,251,1714.7
19,d2ec321a03e654552ee364f6572437f233b0c226,2,2,0,2,4,76,12,5,306,1166.46
20,6b80dbb97b3d9b533f60d5c09639ea6c7c5f2be5,0,2,0,1,6,0,45,9,324,568.08
21,ef1e30bf5b0aba1758522f8cacd2804d3bfbd4fb,0,1,0,0,13,0,16,7,264,385.65
22,e1845ba1d80f0ba89d01d450c066aae90b416ab1,0,1,0,0,0,5,0,0,272,177.68
23,84a5803a7e5235e3fa0af7de8e40bdf77ff9affe,0,1,0,1,8,0,0,0,8,361.94
24,7e154a36f74ad0ea7e0f6d48b71a5a73d99330e7,0,2,0,2,0,0,0,0,60,469.94
25,3f0b67b6ac864befccfdd4bb5dee08c0b33c3b43,2,20,0,17,123,51,62,10,781,3827.99
26,f1a53b972eb1f8e75db54d3272d9eb7c398e238a,0,16,0,9,52,0,64,31,1090,1876.07
27,5e2a9a560d847bd0cf364d86bd6784f70d99c71a,0,9,0,4,8,22,42,23,659,1324.14
28,5ba48348b3abb8f84fda0798d992ff2e0a04051d,1,10,0,1,37,3,78,26,780,1023.0
29,4524f384dc041f33297b47b181be6b59061577b4,0,1,0,0,0,0,0,0,136,137.48
30,74c54c7eeb236cbf66710751165ea9f632cf3f52,0,1,0,0,0,0,0,0,2,111.5
31,84a3a9a3d9a5f1c4936dfb9d65b4bf0cd3b445d6,1,3,0,1,21,3,33,10,468,471.9
32,cc859dcca791dc8e1e6eeabe8b88387a11241b24,0,9,0,3,18,0,26,8,729,1003.71
33,74e22092519270428c067a5209ec3028e0745bea,0,1,0,0,0,0,0,0,93,112.33
34,23d7fc470638c4dffa5ca005ef2e3d34c14dc92e,0,23,0,12,278,32,181,46,1684,2886.53
35,9bc47bc1365d17c34f8d43239846de28219a663c,4,0,0,0,0,0,0,0,0,382.93
36,e287e02b12ca3ca00184fabf07a7dc0a52571a23,0,2,0,0,1,0,6,2,612,321.73
37,98952b3cc7bb9b08ad553da014c80b79d0bc24d6,0,3,0,0,0,0,6,1,686,410.28
38,ec075c5a853e4168ff30cf133493588671aa2fac,0,2,0,0,51,23,38,9,590,399.55
39,02311c0642b3358e8180191ea0542e985ed0f6dc,0,5,0,0,126,60,133,24,612,629.84
40,93af67cd4f75d2f4cc3a25ad999fe6349925504e,0,21,0,10,37,24,117,12,1523,2054.49
41,99f10739b5921534dddc6e3773e4f8a05b8909b0,0,9,0,2,54,37,55,18,918,1023.99
42,c24740c7b0f6a6e7c66659da786a346650b76766,10,1,0,0,0,16,0,0,63,761.95
43,bf83131dffbdb6c39de0135e0426701ca141f150,0,2,0,0,0,0,0,0,62,135.64
44,547ccedcfa081de2679f9607e4e868041c2cc55f,0,3,0,2,24,0,2,0,273,408.26
45,bb01847579dcf86841956c29278649bcf8609732,0,3,0,1,15,0,18,6,699,470.5
46,dcc88408c98a07cb9a816ab55cd81e55f1d2217d,0,3,0,1,16,8,29,8,301,442.76
47,d0c019a07ee63a8c31de2d60513ed8f03494e348,0,1,0,0,39,280,97,15,208,250.58
48,f1c6e97d718581566d037a48640ac3d869d1f15a,0,10,0,2,72,26,92,28,901,1207.23
49,e3dfad304e6c2ffc146cdb9bc25a1d683f289ace,0,1,0,0,0,0,0,0,249,142.87
50,cd3ce27d4baf5434676ec040d64663ad3ce09817,0,5,0,0,39,28,30,6,520,499.46
51,8034390ef0f49a1ed180bc1e883dbbd1f6d864a0,0,4,0,2,0,0,0,0,159,318.22
52,83a9aa55d340f6b2720394a49f01a88509e17e52,0,2,0,0,4,5,23,11,199,222.3
53,fc0e03f79131746da81c05c12e056862c08d79d4,17,12,0,3,142,51,124,43,564,2479.39
54,ff05e9b3616a222e29a42f6e8fdf41945a417f41,0,2,0,0,6,0,19,13,203,199.51
55,50f2b245c1a666400fab7ddfdebf7c1c2bdf3084,0,1,0,0,5,0,11,0,160,162.26
56,1d2e776d8c4ffbe59e40985ecfc3b010d99519d1,0,1,0,0,1,1,2,2,22,126.62
57,0386790e757fe4eeae4a179e573f71ef8c7de43c,0,1,0,0,0,0,0,0,143,105.92
58,be5edd2f8d0c0355cb33feb2ac7482b7df7dccbc,2,3,0,0,16,12,9,3,192,426.54
59,c940470e32916e2dbbe8f95bd295950a3681c5b7,1,1,0,0,0,0,0,0,15,150.35
60,043190c601f37e42c32189f3df5ddd986e57da95,2,3,0,0,51,0,37,2,168,443.49
61,7062ed7db36f913328a9124797c47f70e3461025,0,1,0,0,3,0,0,0,83,387.27
62,37356bfee09bf0dffc93d85270c342e03c36ca44,2,4,0,0,28,13,6,1,293,599.19
63,4b095760cb38c726c49e6f245ffd7dc8ccf49863,0,2,0,1,26,0,5,3,216,307.51
64,7d89867c05a7cca6e76cc48c47f8e703d68a9a43,0,7,0,3,52,0,35,6,768,806.45
65,834b6419806750ff555e8ffd104caa420004e84e,0,1,0,0,0,0,0,0,204,126.03
66,8a719e037201e343e22a3d2479651e781ddaccc1,0,1,0,0,22,0,0,0,45,135.89
67,74bc8860c3c3d582f88581fc7d9edffdfa2dc3a5,1,0,0,0,0,0,0,0,0,153.66
68,4fc74958e3569f6179c11fddace99b674c81f370,0,1,0,0,8,0,12,4,149,158.04
69,2801629964882015a9148e1c0ade22da46376faa,1,0,0,0,0,0,0,0,0,105.76
70,92d1d4cd31e1045f0e000e8d2d777c73f7529743,6,16,0,2,55,0,41,14,589,1384.17
71,4471dc08b64809f3cdcbff6b8c830e13df87b117,0,1,0,0,3,0,17,8,175,182.41
72,50b734690a93e58030f69cede8d0a84d1e3f5461,7,5,5,0,48,0,41,10,263,954.21
73,517503db2616531b08ee4d08d39c0e1c0bd19e97,0,1,0,0,1,0,16,4,143,174.19
74,a93ef199b2375c422e35d82ac7aa3a2fdacc1e74,0,3,0,0,5,0,0,0,64,227.3
75,6f4dea9dbce5cc9f69a917182981b41a56a98a85,0,2,0,0,0,0,0,0,164,163.78
76,688e38ce45a7358a1e0bb359aa9b1a698a841619,1,25,0,4,208,68,140,37,1849,2219.4
77,a611178408cf8497054ff015caba18cfcff70a60,0,2,0,0,0,0,0,0,221,215.21
78,0636928d961a6ceaab46d908f9372d913c3e5faf,6,10,5,1,45,5,50,18,579,1402.96
79,0839def4bdbfd9f5939e463f42cfbc81a98a8eff,0,2,0,0,507,11,44,6,113,430.17
80,10311c138923dcded5d8f57f587c7f7ef1119dac,0,3,0,1,42,15,22,10,56,447.36
81,8f0003f9b694b4da5fbd2f86db872d77a43eb63f,0,1,0,0,37,8,66,15,196,222.68
82,01d2a25235841feb01eac55f6ea5141750225a21,0,5,0,2,38,44,61,21,572,656.33
83,1eb5f53aa4f5c5c0f67ce62d86e8d9b4e5bbc500,0,2,0,0,0,0,0,0,217,201.97
84,c41c7b40b63ecd668c727a897f29e276a1c5adf7,0,2,0,0,0,0,0,0,225,169.27
85,c62cff355936eea2a96e3b9678c761334fce8ee2,0,2,0,0,17,420,36,14,306,235.57
86,991195416e0c179d2d2a79891d0214244c287618,0,2,0,0,3,16,13,8,177,234.39
87,c5df2a8e3acca1e2c905fa6b78e73e09b1dd0cd7,0,5,0,1,30,1,32,15,474,723.1
88,d8fe98efee5a44ae12c1e3484fa20f89b0f30054,1,15,0,0,53,0,128,36,679,1094.96
89,6adaffd8ea4bc1f40bd5cf5268c30eb2df1868ab,0,2,0,1,3,23,13,5,148,347.38
90,9c23d93553a33c5d85231193614d192a9945796e,0,3,1,0,92,0,0,0,389,380.05
91,b1cc72510792fdf83ac2d6f302ea07c7ea397ce4,0,1,0,0,0,0,0,0,187,136.53
92,013cda2d79e1b82755cf948b668f4fb40b4efe62,0,4,0,1,0,1,5,0,388,534.32
93,2490b1c4994295ba6c291b1109c5d67ebb4c244d,0,1,0,0,24,12,27,3,166,224.5
94,aa365639b2dd36d8feff761f09208154ce71964d,0,2,0,0,0,0,0,0,8,165.09
95,813c4230d4c25fa3f411a9b9230cd3f605f09a28,0,1,0,0,0,25,14,0,16,119.87
96,5408931a2955adf8cb9d604d17dc9b5bd47b4d57,0,5,0,1,52,1,5,1,81,461.08
97,7c5b2405d89e279fbb2590a1c16147e488588ce6,2,0,0,0,0,0,0,0,0,173.78
98,761711ecaf9ce8a876defdcaf6802c1e048edc3d,0,2,0,0,16,0,0,0,136,223.07
99,01e94e2b4a22eb0dd9ec4c3bbc353d054b1904b1,3,8,0,1,31,0,7,2,738,858.74
100,2166104aff174e2ceb45638ca7be34f1db37e3e1,0,2,0,0,40,2,46,8,343,343.27
101,ed1a548c503f041c025e00e75d338b4fc4a51f47,0,9,0,3,31,6,12,3,306,884.09
102,97358411af15b64a4bc21c58a0e477fbe9c9b79d,0,1,0,0,0,0,0,0,203,146.7
103,161b1aa16ef0821c15fc7283d87cd83336b28d1a,0,2,0,0,0,0,0,0,118,231.45
104,31dadf0242e2c4884035f9da1b67d2e916e33743,0,1,0,0,0,0,0,0,190,143.68
105,5a47ef8ecbdf574bb18bd9ee5397188097924558,0,5,0,0,21,4,1,0,7,403.97
106,4328aa02c0fed198331d7bc6dcddf5d5065ef581,1,0,0,0,0,0,0,0,0,91.48
107,33af0cba3bff87874ae6cef61900cd065edad064,0,8,0,0,37,0,26,13,933,716.96
108,49026f11781181c38e9d5edb634be9d27245c961,0,2,0,0,0,0,0,0,221,286.16
109,23ff851f30bb55e794aefd2fae5367845d9230ee,0,1,0,0,0,0,0,0,0,70.12
110,467736c7ad4a24e2eb1048b6fe4211bec02e4a05,0,1,0,0,0,0,0,0,0,85.32
111,05e8a78145fc3db673bb46be8ba1788558c5a26d,0,1,0,0,0,0,0,0,0,68.46
112,d6c45c70fb9773043766446e88370db9709e7995,3,3,2,0,33,0,27,11,244,793.0
113,d22987f01d50549d855ae092b69f520d75bfeb7b,0,4,0,1,12,0,3,2,513,548.26
114,017c00caf44aaad3418cb99d3ef42c4d1b066ddd,0,2,0,0,125,62,84,17,294,386.11
115,54e54f08077c9d71a5121e640b55836e6f7f2c9b,0,13,0,0,74,5,102,21,607,1107.01
116,7009f1d6fffe3866723d1d33a28a4572053eb4e5,0,4,0,0,0,0,0,0,470,371.73
117,478505632edc8f4b51e4ed561d1adf455256c3e4,0,1,0,0,1,0,9,0,306,215.51
118,b6d326b0893e60b350608260fd1bd2542337cb5a,3,15,0,5,328,219,132,16,971,1752.37
119,6d4991e312548bc81e0f6b790a370b6165a92df9,0,1,0,0,0,0,0,0,175,156.85
120,14e0ce0a47fb7f6ae6dab085b2ea9d5a1f644433,0,2,0,0,46,47,0,0,473,423.89
121,2d96da05a0af7847aca5edc6d003a18be7f5216a,3,0,0,0,0,0,0,0,0,320.29
122,a99f70feb23db9ac4274cad9e8cbbf9934d3d075,0,2,0,0,6,0,6,0,411,316.35
123,f13dd8024d5bc1c11587a3b539556ea01e2c84ca,0,1,0,0,0,0,0,0,301,173.93
124,23d72bccbeeeb0774b86c47e05cdcd1575a5d38a,0,1,0,0,1,0,7,0,307,224.98
125,69b451e28944deb162f7427105c3090f41c8797f,0,1,0,0,1,0,0,0,301,215.95
126,4fcb7acafe4c98cd2930e6d348d456a3eb7f7444,0,1,0,0,27,120,45,9,182,235.71
127,83d17e5b2403a4916d51ab69825ea657f8c802a7,0,1,0,0,192,157,9,0,61,254.66
128,3df46bf4ce9c134cc7b532be3d01f920127be706,0,1,0,0,0,0,0,0,0,79.68
129,594b963930c2054199ed54203415d1cb7917df27,0,7,0,1,113,35,61,9,705,907.0
130,1162cc1dd30e896e8c7a03f960b7d7bcbf883624,0,1,0,0,0,0,0,0,16,75.97
131,be82a2afc9e38adc0109dc694834ca5947128877,0,9,0,0,80,13,63,17,924,1008.86
132,95c626dc04e033c4349e68d47a3bd6e21b77706c,0,1,0,0,0,0,0,0,26,106.14
133,907ee7b5eae9e163e7abb24f97dedbaa78bc9d8c,0,1,0,0,0,0,0,0,217,110.52
134,006b45c7e5b94e70b3a4200f4646042f3557c48e,0,6,0,0,65,14,21,0,537,654.98
135,f6373e4d9929d123a8474ab7673ee701f63ac593,0,3,0,0,69,6,5,3,349,378.73
136,47c99f38726dd5bd3bf2c2f8a8a999d36b53ffcf,0,1,0,0,0,0,0,0,308,191.37
137,04b0d870b263117e301584bfc00dd8e81486617a,1,2,0,0,0,0,0,0,217,269.84
138,bbb7d97adefe5826f2e02a8e55423ea215c9f749,0,5,0,2,46,0,17,0,238,523.01
139,9a6b57334953ef86603454e5b0d1287ee4281d03,1,2,0,0,4,2,29,6,391,415.65
140,436b7ddc386eb688ba0f12836710f5e4bcaa06c8,0,10,0,0,90,18,72,16,964,1150.01
141,8b538d62bd7ddcefd177bfed01b10b39fc971bb1,0,4,0,3,44,32,55,12,530,656.99
142,35eaef7bb4ebcf6b209312db774564451b052ca9,2,14,1,2,51,70,62,9,994,1742.28
143,2fa8c748537a86a8b81b43ab7df060b6e61f5085,0,4,0,3,31,27,33,12,180,626.01
144,13c432f7952de27e9bf8cb4adb33a91ae3a4b738,0,1,0,0,0,7,3,0,192,212.13
145,ff189fa05ccdacac100f3d15d167dcbe561f57a6,0,5,0,1,0,0,0,0,513,545.8
146,689d170ac32ed15af9098faa03a97609af14bf05,1,3,0,0,21,0,7,0,56,331.06
147,f25731265ef63e5440a188b3e5553c31fb9a397b,0,2,0,0,148,75,26,7,152,368.71
148,f8902981c65ac93426c0edc65d10381d7c285ea1,0,1,0,0,0,0,0,0,192,171.23
149,b8b1bca44095df0481fc6bb0d7ea5c06686b9337,0,2,0,1,0,0,3,0,331,433.63
150,fd123965802f900fa474a8d5b1539e62d28bff73,0,9,0,0,79,5,17,5,1032,1113.07
151,845514d62329be8382e6d02b8041fc858718d534,1,8,0,0,38,63,7,1,751,1106.45
152,d88b5bdfde0b6d020e687f6d59ad88d577910ae9,0,1,0,0,12,7,27,17,313,351.22
153,da39931afad8008bc2b385a75a462777be051435,0,24,0,5,217,53,192,51,2517,3213.79
154,9dbeb71ab258955e04b46991c1baf880b07633f4,0,24,0,0,32,163,197,48,2571,2183.25
155,6ec88f7f8a18be7aff12fb0c73fc8abd00ef62d2,0,10,0,0,22,34,4,2,770,972.87
156,d1dd1e902685178a990861f9948fe07f820cf4ef,1,18,0,2,30,18,15,2,1412,1755.35
157,b9ceac3ace353526da9c5d0f5b486265c871793a,0,4,0,0,19,0,23,4,633,559.48
158,bcf374da9e0d9ec8d13ecdaf4a1a15691549442b,0,3,0,0,5,0,0,0,575,509.99
159,48b4d6938dfb9dc72c941e979ff0d0c4d921f743,6,15,0,11,73,42,47,5,739,2335.11
160,7e453df3179efed92d5bbe4ce9ee1d90a07cd503,0,1,0,0,0,2,0,0,207,213.12
161,10d5deac0c00a0f651be1857fbdde6c74d7e9dac,0,1,0,0,0,0,0,0,247,184.22
162,b62f8ea43b6d5307f7274fbe8b7984dd5ee22239,1,1,0,1,2,0,11,3,117,348.69
163,73720113b97ccfcd796a844f87438546ed2e09e4,0,2,0,0,35,7,7,0,141,243.57
164,f5596a851d8e8aa29686b6f9ae18cfa5183dd29c,0,1,0,0,0,0,0,0,145,141.38
165,5e769ccd5bf81f82c90069d4b0e79182a1cfe3c0,0,3,0,0,19,11,3,1,518,513.97
166,7cfdf19b54ab60b9644dcbecccb9130d6621da57,0,3,0,1,10,0,0,0,246,327.9
167,a3bd99811c6ed7b30611ff0592e4ce7bc8537260,0,0,0,0,0,0,0,0,0,42.49
168,37f7d75e3d55c600902cd15c3cb219ddd221d23c,2,18,0,16,150,111,53,8,1391,3120.9
169,f236bc20ff5995aa367089afcd0a6738aaaae754,0,1,0,0,0,0,0,0,177,147.85
170,23f9afb70bc5cdbf66550a1e69161e2fe06a909a,1,3,0,1,19,1,0,0,180,462.24
171,174a43cd09d3a2a2785daf0cfa5ada1646d8bfcc,4,2,0,2,24,0,39,8,401,911.43
172,02e103b75aa6161c27358e83ab2828515c876701,6,8,0,5,137,0,82,37,732,1784.73
173,2047a9afe1ef9cf81e6347fe27f0051c8758d226,1,4,0,1,22,89,43,11,417,762.49
174,118912e76e5c867a8727f90d40bb969e0e6b65c5,0,12,0,0,77,2,19,6,931,1083.14
175,693d4ca1a6fbb883fef5a2e7228ad56dd2f95fc8,0,1,0,0,4,0,28,9,197,191.41
176,5a921a3239e8b6c6f0fd6a65093c491ac3e539fd,0,12,0,12,0,0,0,0,214,1191.09
177,6a06e22ef81aae3335ca59c94cb0fc33e9f4ceff,0,3,0,0,4,0,0,0,541,495.67
178,49822ff836e0fcd2a30bdf994d7b881a9de95cdf,2,4,0,0,27,0,9,6,677,680.79
179,7233858bea1c548153ed00b7edffd55299db7cf2,4,28,2,17,67,69,30,0,865,3301.38
180,c67ca65889721e3af7527ab26df49a9fb4db87ef,8,4,0,0,12,1,2,2,345,914.16
181,1265d7cb7f56b5f5aad940250dc705a9a060a6f0,0,4,0,1,10,14,18,5,604,545.14
182,dd514b2bb8c476642952bf923de8d4c81bbeca7d,0,1,0,0,5,0,10,2,119,171.27
183,b1ce9494e3a964613d3d9534471df79593514c77,0,1,0,0,0,0,0,0,110,101.32
184,27c099b043704d16a22c33e0602f0ae7295cab25,0,1,0,0,2,0,0,0,265,211.35
185,6e571225d51f5d71ffcfc4d22d108e89ae2f46ec,7,10,0,2,41,13,55,4,602,1458.9
186,28e59a1df7da9bbfc133180ee332a68e4540ee3e,0,1,0,0,0,0,0,0,201,150.09
187,c50d39ea82e282d08163ebe7f0e398de2dc8c128,0,3,0,1,11,0,12,4,363,460.81
188,a4dbf9010754183965772066a9cd2c5c4a49d44a,0,4,0,0,65,3,7,3,570,407.78
189,50a076d1e9929d82107b3086f664a234a1c7b9f6,0,1,0,0,11,0,2,0,4,146.72
190,5338f8432f74054671e9da59ba6f97abb81a03f2,0,1,0,0,5,8,1,1,4,140.59
191,7efa12705d91e21eec527ab49033b01ca5e3e3ce,0,1,0,0,17,0,49,17,177,194.54
192,c553249b4e6d7d385821061f9742f15f90e94def,2,2,0,0,41,0,18,11,123,472.59
193,ef65d0a360ed65180ddd84d17679f24671c66e14,3,0,0,0,0,0,0,0,0,398.52
194,636e14a99191eeededfb933aacfe2459c7c7bb6f,2,4,0,0,66,6,1,0,83,522.76
195,6745435251feab3085056cd2f8c9c400da849048,0,4,0,2,0,2,0,0,121,465.22
196,0785feeb0fae2a4f75a59147197c5138109b1b39,0,7,0,0,113,21,86,19,864,824.82
197,1d4a0b8811d82a6465015a71194a712679d63efe,0,2,0,1,4,17,16,3,186,400.01
198,d9b1dc70817de9366513b0cbed0b6e0702d473fa,0,3,0,0,21,4,2,0,200,287.81
199,65922b5388561e3ab830fd1f367faa289d205e2a,0,4,0,1,13,0,1,0,177,385.01
200,aa56dfb9e7cea19faa545a13d42d499a6958cbef,0,9,0,2,26,30,16,5,850,1720.46
201,21443f214fc6f1f51037e27f8ece155cf1eb288c,0,1,0,1,0,0,0,0,42,171.05
202,6f2f1f9843f537b9bda3aa3951a867fdee661761,0,2,0,1,19,0,15,3,42,273.88
203,16f194b20ad9795188f1d7781e7cbca1cd2a6a2d,8,10,6,5,0,0,0,0,314,2048.12
204,71399ffe4c52e2539a5794a17852c8c5b3d5fe72,6,20,0,1,138,15,106,33,1829,2341.51
205,b251bebbcc3074f0491fce988f1d46ccdc97f1fa,0,5,0,3,127,109,26,8,854,1193.11
206,e6f9b9e473f0396743cdfc5236bfd551316fc6f7,1,18,0,0,46,27,49,15,1505,1514.96
207,2e4aed7070f0283e2c1e0e563fdb3324482463a5,4,0,3,0,0,0,0,0,0,421.2
208,d21cb66e7d21ed3d20fc1e13b9a856f764bb4237,0,1,0,0,18,0,0,0,31,136.47
209,38a1b605533632f61f4c23b69933eb496098311b,0,1,0,0,0,0,0,0,112,114.4
210,af42c37899e8fc66590e7f3c4893f8224441f6a8,0,1,0,0,1,0,0,0,222,177.28
211,e6b343302f3208f7f6e0099fe2a7132ef9eaaafb,0,1,0,0,8,0,0,0,124,157.47
212,0b05d3b939c5ed37a4253e7c3614d824e76ed664,0,4,0,0,27,25,24,10,649,635.56
213,13c3e049fbf22522c90c2a0b4b4f680b974d9bea,0,1,0,0,1,0,1,1,116,157.36
214,1ac2640f8095262f423c770060b737f81652e211,1,10,1,4,3,1,0,0,1268,1319.38
215,b6fe164dd6f9483469c0b0661c24467e33e91cd9,0,8,0,1,36,5,71,16,1084,966.97
216,9855bb9c655ebad0ed5586175452056466189b8a,0,11,0,7,7,5,14,4,499,1315.21
217,8838fa8010c146af6aab014a41bc7e68318b4eb0,0,2,0,1,0,0,0,0,228,294.17
218,443cd9ab0db5223b7c85ac8333f2fc1a0e554870,0,4,0,0,9,0,3,0,483,542.05
219,1b5687b9e4cd10e0f91fb921d3569fdd44be163d,1,6,0,1,7,0,2,0,795,696.66
220,217eb90444ef6a6aacf95997666768ee849e6769,0,1,0,0,8,0,4,0,107,245.4
221,d9ae33d4c0473ef53a9ea560536467333136c0a0,2,7,1,3,12,16,5,2,308,1005.02
222,1cc44830b90688f1a2034243b8ee03b97101f75c,0,1,0,0,7,8,41,11,131,170.88
223,eec222e9828b36064827f206b398655aa2d4cd29,0,1,0,0,16,0,5,1,39,151.98
224,9d8dd9f104aef3a9db9005d85bc55a15f851d258,0,1,0,0,0,2,5,0,40,111.79
225,758272267c811bf559336ea45571bc420a62a478,5,24,3,4,123,48,101,16,1310,2747.24
226,e466ccd711ae00c5bb046c18aacf353b1a460dcd,0,4,0,1,4,0,0,0,186,279.5
227,5aa5f19d38eda33f32e170e14bcd4fd0d2835fc0,1,4,0,0,39,6,7,4,196,456.61
228,421de0a3f93f8d21f7ca0f1287a4305c00edaa08,0,9,0,1,66,37,92,27,925,994.13
229,ef5d168cc8f10ad4f0efe9df4cbe849a4b35496e,0,10,0,0,61,8,87,16,1130,1227.65
230,b30d68a4e31cb49c2e664bb2e3263e056a27db40,0,2,0,0,207,22,59,6,206,438.54
231,a4551773ca8cb3c1b75cea873715f30053d88f47,0,3,0,1,26,40,53,20,221,408.2
232,76bcccd61f61d33a4a4d4db02043a2f0063d0d38,0,1,0,0,0,0,0,0,191,154.0
233,33e879a389aeaff3576064b10a0f5dea5ad391ed,0,6,0,2,7,42,66,15,235,550.85
234,a76660ac811eb6e2cdf36a110ed4afb5bf3a617a,0,7,0,3,13,6,5,1,381,879.02
235,c006c5916ef7a8048ed55db64db27c7b64a3af59,0,26,0,9,127,26,79,24,850,2377.65
236,23cc9c77b27889bb7d71d7ea74b80ab96c4529ae,3,10,1,1,41,5,37,6,1412,1860.15
237,f4b87deefecf4902992a84d4a3fe3b99a94ff72b,2,5,0,0,73,89,24,10,242,900.26
238,13ba57dcfc45e60de281cc55125e7446322308ba,0,2,0,2,0,0,0,0,252,509.25
239,69af573b35f04657e31f60e636aba19ffa0b2c84,0,0,11,0,0,0,0,0,0,376.27
240,83eaf3284fe8535bd06743a367a469d3d01946b1,0,1,0,1,1,0,0,0,2,282.09
241,bce664b42a0c414dc19e2c07406cf6f14890cbd1,1,2,0,0,0,0,0,0,371,451.41
242,ae5a5d7c08bb634576a414f6f2864c5b8a7e58a3,0,3,0,0,0,5,1,0,527,563.99
243,9d9bb708bf59c93672306cd731b89d7df114bba7,0,5,0,0,1,0,0,0,1093,750.27
244,04827e6e999c1b5e89e7dc8b1573ad263e66cd56,0,1,0,1,0,0,0,0,27,194.64
245,ea702c384fcfb5a46c5d1354498e418c5801ed30,0,1,0,0,1,0,0,0,231,196.35
246,e0098b4567541d1c0cefc6f57ce38f67a9133b5e,0,2,0,0,5,0,9,9,589,435.8
247,a8ccdc6154a1e10982cb80df82e8661903eb9ae5,0,1,0,0,0,0,0,0,196,142.76
248,124f73b1747a574982e9ca491712e6758ddbacea,9,7,0,0,77,2,83,10,566,1769.33
249,d60e2ea581289a02efcef3b692bbb043fbdf3199,0,1,0,0,2,0,9,4,312,199.84
250,370ce2b4b73b60ca52a4fbce246f3fd87b8dbf85,0,1,0,0,0,0,0,0,112,119.89
251,ab5ac264a71d7f895b21b4acfd93d9581dabd7c1,1,7,0,0,13,7,13,7,829,979.51
252,4a3d244a2cb95654d18368de6e5b67661d4f4f10,0,1,0,0,54,25,2,0,216,234.48
253,1a36af80b79a634a652e594d8240924ac32376ae,0,4,0,0,45,0,4,2,190,313.53
254,015862348002cc6d1148dda0555fe88c27998982,0,2,0,0,4,2,0,0,279,240.21
255,0f00ec97ae328d04c29cb1cb3eabad3f17e31582,0,2,0,1,40,2,10,3,136,390.03
256,fa4244745fc363410fd5bc21e0b045f8124a8f9c,0,2,0,0,29,12,5,2,424,375.89
257,7b3d1bf6a398f5b1f454a7719d04f5ee9e630f96,0,1,0,0,0,0,0,0,121,113.73
258,c213952fa180c56908ef70c01a784d24202beb55,0,1,0,0,0,0,0,0,191,165.83
259,87b894d682a5f10b2e1d32dd028ddb258f2f1bbf,0,2,0,1,13,0,4,2,83,294.6
260,e14ae66e721f98ca7c18d35ea022e6de733f4c03,0,1,0,0,0,0,0,0,150,206.22
261,5e8958a856a5b4ccbdcb610473cab4c2eeddbac5,0,11,0,0,15,31,35,10,607,948.76
262,d07bb1814010ca4d822e44330d1e8ea4b2839c80,0,4,0,0,0,8,11,8,207,289.86
263,c18a1bd64e7f8416e8256b968fe1b9e2da553b00,0,1,0,0,0,0,0,0,191,148.5
264,4a0e011be3d038763d6326bb0092524f809c3f4d,0,1,0,0,11,4,2,0,127,178.19
265,1dd558aeceffdd98da83f8240cdc3bf8bc182c93,0,1,0,0,2,0,2,1,194,199.48
266,ea971397c8c1b8deedc48c4165aded42118eee43,0,1,0,0,0,0,0,0,191,149.67
267,69269e76a43adf85a478240280c6ab3c7eef4d8e,0,2,0,2,0,0,0,0,246,405.29
268,9fb1e25738f89b75a36ef69f730b0e138ccd55b1,0,9,0,2,57,5,126,25,1281,1131.35
269,a5382a333ebb51a10c1a1cab46d66f10abff128a,1,1,0,0,0,0,0,0,13,163.68
270,13e483adeee8d968397a21bde3bb159516f26ff0,0,2,0,0,2,0,1,1,321,266.09
271,cd54fc8816964f5a56469075c75c567e777b9656,0,9,0,3,57,5,48,8,1226,1485.5
272,23f36c5903e9b65c2b322a9405149de671de7a23,0,2,0,0,1,10,27,9,205,286.4
273,268392f5e99dc3eab9d89e921bafde782a1d10a6,0,5,0,2,214,1,81,21,319,664.49
274,ee6b5e044c5a4b8ec996b05da76a21c191a95149,0,1,0,1,7,0,2,2,60,319.48
275,ef92a8ae7479560b26edecfa8db79934065f13cf,0,27,0,0,111,87,254,54,4140,3068.06
276,991aad23baa2f55d405d374b0a01785acdc63974,5,11,0,6,116,52,65,10,377,1421.03
277,98ea82a8913b4d34e67a6c7e5fb6f149be6bec64,0,1,0,0,0,0,0,0,72,93.32
278,6e5bd2497af2b6bb67a47e4f3defa50da3cad4c7,0,5,0,1,6,1,17,1,400,463.7
279,ec466d358dcd5ff9e035a6d5de82ada12d187ae0,0,2,0,0,9,25,38,12,379,344.61
280,3b350cdff795ec08dc77e60f127f2790149d8d52,6,4,0,0,46,0,18,4,256,1033.19
281,9d23b512ccb95940782f51c93bd6cdbed3e938db,0,2,0,0,4,0,3,0,200,233.57
282,fd8af25d0ae354e962850c9d6b5991056613aa2d,0,1,0,0,0,0,0,0,190,144.98
283,3f3358b6d4374662f5ca57c6e93e009b58a6b2a2,0,15,0,5,0,0,8,0,2005,1772.06
284,fdac34e6ab2a7760c170f53556fec7dca8ee9b22,0,1,0,1,0,0,0,0,6,129.05
285,841d2d1a26af94ec95c480dbf2453f9c7d28c2f7,0,1,0,0,18,3,25,11,307,540.77
286,a2a417caf9fa4f177e099fed7d2a9b8d1942a9d6,0,2,0,0,0,0,0,0,205,195.13
287,8c754c45af57a3249232268c6093cb4f50e1d45f,0,40,0,17,18,1,41,4,2248,3727.9
288,fa4ffb8767da18b2b84ef3d3cbeb2d4c5b804dbe,0,1,0,0,2,0,20,7,314,225.0
289,a0d21407cbdd3b7cb73f52c986aa2f60804618e7,0,29,0,6,38,0,9,1,2835,2657.9
290,64b746bd8b4dae17d7dd804f0e7161f304e2d8ee,0,7,0,1,6,7,90,9,295,460.52
291,bde49e3711a45721a0d1df9acf3ce2e5a8f990e9,0,1,0,1,5,0,1,0,8,200.49
292,ea73356905ff4663d0d085c46b348fa4e9b9568d,0,2,0,0,0,0,0,0,326,199.91
293,b93f48f7494e1db4d564b6c28772712ee7681620,0,5,0,3,49,5,14,7,620,999.22
294,57df460f8d7b225509dd8c061a5b6efa65c8ac9c,0,7,0,0,13,2,0,0,148,555.6
295,b0b3e5aebf381faf81bd9454ef7b448e2ad922c7,8,6,0,1,23,13,46,3,395,1407.4
296,23d607dc2174f8d2202d438fa65e03e951591fcd,0,1,0,0,0,0,0,0,19,99.17
297,5aad4999d1a1d35d61365ff57a9b79a6af3e70d2,5,4,8,0,141,19,8,4,196,1044.23
298,85039ab43664577524bf99453cf2b972d3724f60,0,2,0,0,19,1,31,15,408,307.11
299,a9ff3f2eced76a0aa13804439101c2897916e250,5,5,0,0,8,0,0,0,36,542.78
300,4836e525c851640e0da9d8d11321621a2c70e8f0,1,7,0,0,105,7,38,7,606,829.65
301,40d731b8712950122915795acca43886851a73b6,19,20,1,0,118,24,131,22,1501,2549.29
302,7059158c48ec05288c0b45ccac05d62b38f1bf76,0,1,0,0,0,0,0,0,190,153.29
303,9c998dd8cd4a489512b6ed34a05afce88a0b1ba2,0,1,0,0,0,0,0,0,16,114.04
304,c9114488b3c266fe60cf96426bfa143b4b8109c0,0,1,0,0,0,3,0,0,16,107.18
305,2adeb214b1e366e36deef045f8049406f7b3773d,0,1,0,0,9,0,0,0,49,139.64
306,3e5afbfa0dd4ddfca65fae1f3b2a268ae1ed2025,0,1,0,0,2,0,7,1,55,152.73
307,4f22705c7d0c8e8cab68883e76f554439341e34a,11,4,2,0,102,27,55,2,525,1253.95
308,a3d3d5379df71e7a2c653d06ebf1b30923dde738,0,4,0,0,163,2,82,21,734,719.92
309,0c32bc99265c4645fad2e3244dc2c697bfd9a229,0,1,0,1,0,1,0,0,55,190.15
310,a62eb5993f5517a64dd1020b0a9bbd1012f7ee67,6,33,2,1,280,25,229,33,1828,3060.07
311,f75e3350259c6df11719ee0a55f5780c136f3d26,0,2,0,0,12,15,3,0,324,256.54
312,0a7f2bf335e426b12f717ec7f6d51779d56fe59b,0,1,0,0,0,0,0,0,97,110.2
313,23b8740d82e4c009fcfb4827f7cd673210bde3b4,0,1,0,0,5,0,1,1,254,190.32
314,959cf09e8653f4b8255f49c6f4c258ed1a5ec38e,20,15,20,1,85,80,84,23,1403,3545.03
315,79cda0472b8e3af915c45daca9cce82d7c964182,0,4,0,0,6,0,3,1,250,361.34
316,21c6cfe50dbe818a392c28f48ce8891f7f99aaf6,10,50,7,4,565,82,130,35,4082,5020.21
317,a19729fe61b23178c6f91135cb81901f76f982f0,1,1,0,0,0,0,1,1,56,150.54
318,c197113a9c04e2f6c2d1a72161c0d40d5804490e,11,16,8,0,21,2,71,12,1684,2147.34
319,5ae97196ae149e58f6cfa3c5b6d968cbd7cb6787,5,20,1,0,31,3,46,11,1767,1930.52
320,82c219149027e8d96840af98d32fb1b877ab4ec2,0,1,0,0,0,0,0,0,190,275.02
321,9ffa907d704b424ad05c18d834cfefdc1c7ad22a,0,0,0,0,0,0,0,0,0,64.0
322,523562c109b29cc5a5e56313f16f1b1ff6c5dd9c,0,6,0,0,13,33,23,11,649,554.86
323,91491986c0a4c9c4cde2ab33be822852b76759e6,0,3,0,0,9,1,25,17,283,326.68
324,598851f19cbf444c1f2530ec27543dd606b6fbc9,0,3,0,0,3,16,12,3,216,289.18
325,181df80dc3ac04b544501f3640f8727842e272b4,0,0,0,0,0,0,0,0,0,50.96
326,4adfd7960c4bef187454d1ff5186f3be690abbf5,0,2,0,0,0,0,0,0,504,210.0
327,86a9036a7b03c8ae07d014c25a5eedc315544139,0,2,0,0,99,3,15,3,243,334.4
328,8189f9d58002ec0092737741bf6c74eebab4dc73,0,5,0,2,0,8,1,0,43,364.9
329,95174337c2f6cda90e213e5c3a73fc89854f42a7,1,12,2,0,113,27,143,25,907,1439.18
330,1d80f563bcd043cd464003782802906b60a0ade8,0,9,0,3,122,59,46,17,632,1555.83
331,77683c3cb0eab8c85eb13d0e1397cf9ee32586b6,0,1,0,0,0,2,0,0,38,142.69
332,f8598f96df3500cdea15a913d78de201469244b0,0,1,0,0,1,0,0,0,55,176.74
333,0a7b20e2863b2519e63d85bc83610e63c58c6d46,0,1,0,0,20,0,50,13,261,278.02
334,9b47f9a7f631ad4c84ab305126e71d74968cc967,0,1,0,0,1,0,2,0,353,264.96
335,dc662776cde8e980a3f978041adaf961edf0fe7d,1,1,0,0,0,0,0,0,8,190.53
336,fa05ee727960257ec4b9aa92e1b46348a5450cf4,0,2,0,0,1,0,3,0,43,171.1
337,4ee68b43c180d1f68648c0fb388a66b1ed0023e5,0,3,0,0,34,1,23,7,538,568.45
338,d2fc6f36cc0b98d4d0acaa62ce3f2283c4e60581,0,2,0,0,0,0,2,0,342,253.49
339,f7ad3d1b1fe24f3d33caf5f168d1292d4ae0b979,1,1,0,0,1,0,4,0,30,243.37
340,feda3f68e98b5269431db9f2a5f131c03a16f651,0,3,0,0,31,13,31,13,851,838.49
341,0eaede4dc95846e2b8f7452f41c58c0122e7a563,0,1,0,0,0,0,0,0,190,182.43
342,6352a30f46f2da11a8dc3e58912d0a2db8284c35,0,1,0,0,0,0,0,0,345,222.57
343,b5e6b8671a5b6d97d5026261ae8d62b54f068e53,0,2,0,0,83,0,18,10,705,518.95
344,d5b43b19bb06e9cdc606312c8bcf87ed267daf44,8,9,0,0,77,29,33,16,927,2035.07
345,c1f8f689af43f5ce5a95dad86537db4615449694,0,1,0,0,5,0,8,0,345,258.58
346,5092e7f8347d17d1b6e509424cbebf2406d8d4ba,0,1,0,1,0,0,0,0,14,175.48
347,330274ed1c8efd2b1aa9907860429d9d20f72c3c,0,15,0,2,64,74,45,16,1346,1657.9
348,f141e647a4a3daf618b48073058320ecaa3671d0,0,1,0,0,4,0,0,0,350,223.79
349,d7fc7cf6154592b7fea494a092e42ad9d45b98a0,0,4,0,1,36,0,16,4,272,535.51
350,8c90b1a98acb1222a0e907153bf52a85af0fe443,0,2,0,0,2,0,0,0,162,220.37
351,eee95228fabe1643baa016a2d49fb0a9fe2c66bd,0,1,0,0,3,0,2,2,21,171.85
352,d2527af99a9bb1007f7fe63a0cd7d27a55182857,0,2,0,0,10,5,0,0,120,209.97
353,ff7b0f5b467bdf553584fb253b00f460dfbe8943,0,3,0,0,4,1,11,3,635,426.72
354,982ab09a790c6dbc2e1a5c52311103fd14ab5233,0,3,0,0,6,5,1,0,275,232.47
355,3358e1682f034a82afd670be95505b2f620c78c6,5,0,0,0,0,0,0,0,0,546.99
356,878b78acb68d0fa62eb3c8f21d572664ca2bcdd0,1,2,0,0,0,92,7,1,213,328.76
357,f7fe9ccb466f85c417a545eb8acc4d61047c9f09,0,1,0,0,0,0,0,0,24,104.01
358,14b688e00ddb54a5c8451411d269721484be875f,2,1,0,0,10,0,0,0,48,282.55
359,0ce9163989cb9898df7e74245cbc2ee37d729670,0,5,0,0,15,1,1,1,369,405.64
360,c00a036e068ea5b33363992abc0499affa7ca2d7,1,0,0,0,0,0,0,0,0,146.12
361,73ecd7a1797a023039fea365a08dbdba4171d10b,0,4,0,0,93,27,89,9,614,620.05
362,f7d019ed408fa988129be9af3689bfa4878bc627,13,28,0,13,232,102,165,28,2199,4944.9
363,1bfaddae9c7d8b40801a28c4806f61e647107c93,0,2,0,0,0,0,0,0,171,180.05
364,fa05752ccd9ee4996f252aa5ed71f10f28e80a52,0,1,0,0,14,0,2,1,170,166.59
365,13b8fb295c3becc27e7954af623fe90b3062409e,0,9,0,0,93,4,65,18,1380,965.51
366,5db2c99e15a4467489b495144815ac8334c2c5d4,0,4,0,0,19,22,1,0,307,418.23
367,d51dd5fc7475ad29bea8616f77e1183a8fa9e000,0,1,0,0,0,0,0,0,197,156.04
368,4e0ae79d5c9aec04c014aca55cd4823f89b933c8,0,1,0,0,8,0,9,2,132,176.08
369,d501cc62ddcbbddcb114a40527d3e4f71f501286,0,7,0,0,42,0,3,2,388,577.36
370,845c6eae1f6c6bcf117f5baa53bb19b4611c0528,5,21,2,3,194,154,119,17,2131,2353.03
371,5da935ef78ecf4a671bddc632cfd36ef65bd6f6d,0,8,0,0,0,0,0,0,605,620.48
372,79662cc7cb139c33888148139f44fb4b1ac0fe56,0,1,0,0,0,0,2,0,415,174.15
373,002b377dad9c956cd0ae0597981f29698883b6d5,0,28,0,3,127,20,86,14,1971,2650.66
374,2a58ba9fd893979f89aec251579b10f5cda41d10,0,5,0,0,103,18,122,33,955,733.24
375,f676cfeb83195f032e3ad8908288a7e04011c830,0,21,0,1,65,0,4,2,248,1014.26
376,cfc324333fa13e06ec7ac5ef3a09d8a6b6b54485,0,2,0,0,0,0,0,0,73,193.44
377,00a58f8e1e0c82c2948a8fdfacf812ec4865b339,0,1,0,0,14,0,20,4,144,204.11
378,b9eda22d71aa9896cac90798c7e888a04f14549d,0,1,0,0,0,0,0,0,15,89.13
379,079c88178dff4b3a4c9de55629e7d15b60e5f562,0,21,0,4,6,10,39,7,1630,2199.99
380,7079f57f70dfb5e731baf0a19bbf16e7364c15bb,0,2,0,0,0,0,0,0,73,326.08
381,25bde48e6a43b0a2c1c9430eb560b43e160ae3ea,0,1,0,0,0,0,0,0,197,163.43
382,5761a9ec7285cae9167fcb10f0e800e2a048511a,0,1,0,0,0,0,0,0,319,170.61
383,94c234341907b705ec34dd2b390899435286e242,1,2,0,0,12,0,28,1,42,273.5
384,689309135b3d75c2c6e7b215aca2e8d42b435877,0,1,0,0,0,0,0,0,19,133.1
385,818080312364940e4a6e964c22ec54e133b8ec02,1,1,0,0,0,0,0,0,83,189.47
386,f0a4125d3edf4ff28399584e7800addc026f5d08,0,4,0,1,115,0,3,0,75,494.13
387,e403b3c4bf8ca308fe180b093da20700f4db73c5,0,5,0,0,23,15,51,4,884,709.93
388,764d8ca9eb0aba6099ba289a10f437e72b53ffec,0,8,0,0,64,44,110,33,1106,1016.34
389,241c3ebb2803f1e09306fb06f20a66e7a60ca3c8,0,24,0,5,21,3,15,6,2801,2518.61
390,deb2b004cb983baa9e2fbff47b39a6f9a243623d,0,1,0,0,0,0,0,0,71,110.64
391,951e30adc6d4a0ed37dcc3fde0050ca5faff146d,0,4,0,0,35,12,58,22,549,706.53
392,355076cd262dd071287a1c8586ae0f9635e218e3,0,8,0,3,0,19,40,4,931,1008.98
393,fd6efbe0b7f18beb506f112350b30b7209a2f5cc,0,1,0,0,0,0,0,0,20,123.17
394,6eacc0de303e4d29e083b89c1f53615c1dfa291e,0,3,0,1,10,0,4,1,173,365.14
395,6834b91e349f2ed4b8ff5c97eb3b0c390bc27648,0,1,0,0,1,5,1,1,61,200.44
396,9a836d0154efe6ea1effc688567186cb56265bf4,0,6,0,0,51,3,20,5,327,437.5
397,958e10c87ce293c3bf59bb9840eaaae915eff25e,5,25,3,1,98,1,118,19,2638,2579.43
398,30e78fa00650b258f3ab5ef6c9bdf5ca137289c0,1,4,0,0,8,0,3,2,632,652.92
399,5d0cd7667f7e584f05ab4e76ed139fbafa81e042,2,24,1,2,92,139,549,67,2426,2804.45
400,4332175c11dda5deb491f27a6ecf66661676ca47,0,17,0,1,5,6,52,35,2338,1771.06
401,b6c6291e1f42b2ca1fbcdaf662a2a868c8881921,0,5,0,0,26,24,10,1,601,560.17
402,eb823281a52f3b27c3a889e7412bc07b3024e688,1,2,0,1,6,0,12,1,92,345.24
403,95eabc8c8b383af84466d4c2cfafd0920e5a52ee,0,1,0,0,2,0,7,1,323,203.26
404,4f048c4f194a90ded5f0df35e4e23379272d5bc6,0,2,0,0,8,0,2,2,217,266.73
405,8d8e3aaa6172d314230a8d61e6892e9c09dc45b6,0,4,0,0,2,0,2,2,751,482.82
406,99cfb99aa161007f2ceae33945d11b968d932175,0,2,0,0,0,0,0,0,195,205.0
407,73c79000edddd929cd0af25f4a29fcc682a1c9c0,0,3,0,0,68,11,22,10,215,395.95
408,ca77d67058726fc9df9bdd7cc0217ee62ccc5106,0,2,0,0,0,0,0,0,42,192.88
409,d6b450ced57bb5ab8a7164358e6a360f97a7b5cc,0,2,0,0,0,0,0,0,195,191.59
410,255b5e13863a95cfc327236856db2df188f04d49,0,3,0,0,0,12,32,10,437,430.27
411,80d78f81470f109dc6d221f755b039c7332bb93b,0,1,0,0,2,0,4,2,207,192.16
412,419e268d6fe9695e31e9be299c99573522a81dd0,0,1,0,0,0,0,0,0,2,72.25
413,2dc17230f90be60c6c08061600fdf79c8e5f5b52,0,1,0,0,4,0,5,1,19,135.08
414,d3a66a65365579e9320347663969b30c1148e497,0,0,1,0,0,0,0,0,0,66.97
415,d691faf98cb573c4e92748d95d5c8afc492db806,0,1,0,0,0,0,0,0,19,98.84
416,23b50093f4100ce7fbff325cdc92ee6cf3c54102,0,6,0,0,0,0,0,0,208,375.34
417,78fa20eb58a948abd9ad4e44acfed606400a47f3,1,4,0,2,120,0,35,0,101,569.22
418,1fbe445dde71df0023a978c5e54dd229d3d23e1b,0,3,0,0,61,0,102,31,516,439.88
419,43d5078e981bbb25fd81cdc8ba4c339cd2d3f3d2,0,1,0,0,0,10,5,2,305,197.49
420,5089f547d5d64a0235e1b4adc327a0cb05eb4ca8,0,1,0,0,22,24,8,3,165,356.68
421,2788f2dc73dd62c35c87842d02d23a0ed6a62e97,1,1,0,0,0,0,0,0,114,274.35
422,ae939467e8aec38f47e2474e74e7ab7ea29c2840,0,4,0,0,4,0,52,44,157,350.37
423,bd5325dd8be7c5cf920acee2aa33b3c288bd551a,0,3,0,0,3,5,1,1,513,420.58
424,ef3f053155c73af053a36a2e50047c5a49cd30bf,0,1,0,0,0,0,0,0,195,161.57
425,b94a7812beeb840926871df84838f35ca7b76ffe,0,1,0,0,0,0,0,0,298,157.73
426,83cf38545be4614bd1f6b1759ada851fb38d63b0,0,2,0,1,4,3,3,0,244,353.59
427,31e263e8294e94de3d2c44d2ab3a827ab904e247,0,2,0,0,0,4,7,2,88,190.78
428,4ff667711ffd477872adbd3e3e39bd94eac6e763,0,2,0,0,17,20,19,12,361,285.75
429,893e79af88016f1d8659e72d48a25d4a825b8867,0,1,0,0,0,0,0,0,325,175.58
430,9c34df1511a769b272893b75ec1ed90d38cc9576,0,10,0,1,45,11,10,2,1212,1325.55
431,3a58407e2e0aee0bb2c5e343fbe98c7f28fc6f3e,1,23,0,4,85,34,22,0,2484,2501.78
432,9beafae23a83774fc1d9ea811d449eac34240363,4,4,0,0,78,16,57,6,703,785.14
433,cbdd70ec0de4b4d6d04b62580a5a67ea69311c4a,0,1,0,0,0,0,0,0,170,163.74
434,2a8fa287862912491d1e118c52a2d194d8480075,0,2,0,0,12,1,7,1,352,480.73
435,8c59565761a42984335294683c3501df8427ce62,0,13,0,0,17,1,138,96,523,1223.08
436,7c27989860e7e063bfec3c679cb6bc8fd52abc84,2,5,0,0,48,0,7,0,853,749.16
437,c76b6e6d9bad2278076054f5175a2b053383388f,0,3,0,1,3,1,4,1,47,330.76
438,40fd456649b5df29d030da46865b5e7e0ca6db15,0,11,0,0,32,1,3,0,1107,806.93
439,319c6e7195143c1fa4a1e5b34ad923c2b73f373d,0,1,0,0,0,0,0,0,460,177.77
440,ba9456de2ebf1a34bdf5f6f62a701875822e1923,0,39,0,1,6,3,94,33,3859,2850.85
441,667ff7ef737612773c50908d2b3cc829bb5132c7,0,3,0,0,45,31,107,29,712,601.06
442,5236bf60debbb0c08010315a92dd3fbfa482e871,0,6,0,2,560,3,71,18,491,1050.93
443,89c67727c2793bf56b0b005a7d758beebedb5aed,3,12,0,1,253,27,79,30,1383,2097.26
444,a5f1158c317e22a79c4186d1acb04fb25ce6e56a,0,1,0,0,5,0,22,5,138,183.74
445,0bf61039c858af17260878d4815dbe7fb1645f90,0,4,0,1,0,1,8,6,482,624.42
446,8a863ecee7e5dcdaf66a55b91040a7893ffdbf66,0,6,0,0,96,25,27,5,843,1067.03
447,9d71489ff0e62fd1897c7a6f54671673db7b37b8,0,14,0,1,18,4,6,0,1679,1304.74
448,5c547475d86aa336f8b3c4bb69faff39759d5df5,2,4,0,0,15,131,0,0,335,583.55
449,74e6dc842559d344241c70cb6607a69291e3a20d,4,8,1,1,44,12,60,14,397,1086.94
450,bc5051565171cf65b4ed7dd4d9ef269d66a1021a,0,3,0,0,81,53,98,19,607,561.77
451,e7d04c2515be158d9a7f0ff0d7571bd41287d91a,0,3,0,0,21,13,37,11,829,467.22
452,a02c8aaecfbd13838c2a062bac1455da352028fe,3,11,0,2,14,50,42,18,760,1480.98
453,18dd1986bd354e8c7d75982112fad848780a6b33,0,1,0,0,0,0,0,0,24,97.27
454,088ab3eaadb2389b52aedc049b6f1f0d4b5fb989,0,1,0,0,39,62,17,2,52,178.58
455,9d37b9f4b6ba228ff7f7b99c8a0921a971fc03a6,1,3,1,0,0,0,0,0,958,521.92
456,1a73629bb43bbc781e5a968a61f6079365bc75b7,1,30,0,3,158,218,1015,673,2336,3189.66
457,2790d0cb1fc6ade216f2c1bf2667a0ebb53d85e3,0,1,0,0,0,0,0,0,233,157.33
458,33d745e2dcfa7a9cac90af5594903330ad774cd2,0,13,0,0,101,11,178,61,1900,1690.86
459,8407dac6ee409d832c95533e6f1d5578511232ae,3,5,0,0,6,0,1,1,334,750.32
460,94aee2143ed5290d27cdd4072c6ae9bb70a6ba30,4,0,0,0,0,0,0,0,0,486.39
461,316389d6adfb1398e30ca2ce5d586ea94d3f3110,1,2,0,0,23,0,13,0,202,319.18
462,3a496f480d002a4512273477eda9d92731e600c3,6,3,0,0,40,109,22,4,241,896.12
463,68433dcfdc0ae078ee4e7d278c286a9b7c1b3e76,4,11,5,0,29,16,27,2,360,1257.54
464,4ab4e4af814fb791fe6e8c2bd3381da8ca80b0b5,0,43,0,4,3,38,19,2,1417,2175.72
465,fe6c481b38d6b1b61341e4e1a6237f64accfbfbc,0,1,0,0,0,0,0,0,195,165.75
466,e50327331d7d4e2854297a377f6701d737599672,0,3,0,0,11,0,14,2,150,284.22
467,69d9a669d7bbfec1e33dd6177c5687ef7f9977df,0,4,0,0,170,31,21,10,305,541.11
468,3414d56121d8d2f66f8dd613453af71d5b3f0c5f,0,7,0,0,0,0,0,0,66,330.65
469,096b8b84e0dba8cdf0e0f7afae8d118a68e06e6c,0,1,0,0,6,0,11,0,34,120.19
470,d0dedc6314bfd83d9b2b9a9557e3168e715981da,0,7,0,4,88,72,83,22,911,1439.46
471,60380e31d4bf6688d8d26ec44cf514a3c32731cb,0,2,0,0,36,0,9,0,19,155.93
472,94d1878a9b7aaf57c7520fb5bdcd2f05aeec5853,0,2,0,0,28,0,6,0,187,246.64
473,9eaf529ffb168e44a461be24b666eee00fdaf497,0,3,0,0,2,0,0,0,302,415.43
474,62253539d87e1ccb353673ed96adc98fb2d854ae,0,1,0,0,0,0,0,0,109,119.6
475,88e5d5a9a16f4831b8a178355d38d203febe85f9,0,2,0,0,0,0,0,0,326,242.54
476,b3d2c0dabbcfc8e5d286e181450029adefc9fee8,5,1,0,0,0,0,0,0,37,523.64
477,94e12a2e1fbd2f43821643d67a0d91f03b3f94e5,0,2,0,0,29,0,26,12,165,252.27
478,50aacd660d4c4212ffa4a9dca7d45bcfe50af833,0,2,0,0,13,4,20,4,221,291.72
479,768328689a59fa0984c099768136328e529e9fee,0,2,0,0,0,0,0,0,0,126.4
480,ad316509787787afeed6e2a24a62fd22cadd09c7,1,4,0,0,3,0,0,0,485,697.6
481,32bf83e5a792c5ee9eb88660da71b73aad5bbc02,1,7,0,0,16,2,2,0,1108,1046.47
482,b6cd0e2791e0e6a6ef02d069b3001ffb477f7c6c,0,2,0,0,2,0,2,0,310,253.09
483,7f4e3ccde820eedd962b4cfd3abaecd8a49b83a8,0,5,0,0,0,0,0,0,145,308.86
484,6856c5c214fb0a40b18cfb25db3dadae320c4142,0,2,0,0,28,0,23,6,194,244.76
485,2ff955044aa875176aaa58a9be4a79c494a3fb27,0,8,0,0,396,9,83,17,1349,1145.1
486,fec2d41bc2bed9f4effbd9922ca487bb02e5eeae,3,4,0,0,21,97,345,37,841,1202.18
487,c4bbf342432291220242ad4177fd72a959ddcb94,0,2,0,1,4,0,2,2,34,216.72
488,8fe2552239863f3a01d01708d55edf3c7082ff92,1,4,0,0,38,10,79,25,495,612.25
489,62b9fa22545a8e254b4ffd07ddc5bd3315542548,0,2,0,0,0,0,0,0,234,291.59
490,d1bb2b9df105169c47f16d057c887acb7f8fe818,2,7,0,0,21,12,69,24,1062,1129.69
491,8911660e2e7d9553502974393ad1aa04852c2da2,0,5,0,0,80,0,63,10,863,946.97
492,ff8580da6fb1d65b206df544ebd574222abe7f3f,0,1,0,1,0,0,0,0,16,129.94
493,f96da638ee9a4e1e47ece1ea337ee071d911c3da,0,1,0,0,0,0,0,0,215,144.35
494,9575e93070a480eb1ef1e136a67ce0226914b937,0,4,0,0,0,0,0,0,218,253.37
495,1182d61deb23b5cd86cbe462471f7df583a796e1,0,2,0,0,25,9,70,6,275,281.86
496,5aedde5b29cc5a1adea4c65d5c44fb657f162eab,0,2,0,0,28,0,0,0,28,178.06
497,ac434a4ebdc36338ff707c38e189f9d1668ff423,0,1,0,0,0,0,2,0,28,97.23
498,f34164eed53d791768f05df21f4dfeca89859b2e,1,1,0,0,2,2,6,2,42,219.96
499,c36cc60f73ca1fe956fb8792bc538b1fdebb712d,0,1,0,0,17,0,0,0,65,106.01
500,177b2d0bea76f270ec087ebe73431307c1aef5a1,0,10,0,0,24,18,53,26,1169,1236.07
501,fe27d8f787f38428e0add36edeac9d694f16af53,0,3,0,0,27,2,27,5,605,439.37
502,fee6f6f927b36ac74bc4a8b233711234558f3b51,0,7,0,0,47,0,0,0,252,464.09
503,d5366471d2c1a611f2241362041debc0118e5422,0,1,0,0,0,0,0,0,233,157.76
504,ebed7ce3604d32d1b502888bc188904b43e5674f,0,1,0,0,0,0,0,0,109,113.58
505,f79db1a4234b4af75a2d027c86df62d77ba3d29e,0,4,0,0,0,0,0,0,70,287.77
506,7b7c4a7bb0fd25ddca4e4bdde9e605b3d5a1ba70,0,6,0,0,0,0,0,0,182,401.57
507,3fd9be49ac35adaca401f58552b3ffa68f8d4eaa,0,1,0,0,4,0,0,0,19,104.11
508,107205a7f17a4b1e235089668cb283bf16fbb88a,0,1,0,0,0,0,0,0,237,161.82
509,245fa2bd8c08bb17c0b2b7aad4aba145d3c49783,0,1,0,0,0,0,0,0,44,85.09
510,0cee0c321897b4fca4409651fdf28188870cb2f0,0,8,0,0,89,6,60,27,1448,1252.23
511,4b28d38ca463ff3788885a904591a5699127158a,0,1,0,1,0,0,0,0,27,147.4
512,eb6f04a8b12194b9e13e2a28d8ffdfa971516d68,0,2,0,0,28,0,5,1,121,228.15
513,da8517182d2f30c4e03b33b38d41d2fa33621e24,0,2,0,0,26,9,10,6,50,240.77
514,b8ea094b427768bb360d87fc0a07f670cb667e1e,0,4,0,0,17,5,10,6,89,357.84
515,9ff54cb5dd99fab83533ddfdf0ed89508e5525fb,0,2,0,0,29,1,25,1,186,359.47
516,17668e81c95d89f6543657351abc0a18004ecde5,1,1,0,0,3,0,0,0,22,174.66
517,1ef7b494bbd937205ecd14dd30e625c2efdb3aa9,0,7,0,0,12,0,0,0,419,468.54
518,fb42558e2500835722a4e5028896ddae4f407d6f,1,8,0,0,105,2,150,53,1176,1179.06
519,eb2619cac0849dd54db956e87781d143a57b2477,0,1,0,0,1,0,9,5,83,132.86
520,54ba2280f0c42b0bd3d74c197f97d8a12617a847,0,4,0,0,14,0,4,0,370,541.67
521,7d9d1cb2355e33270703280ed6bb712033b03d26,4,29,0,0,341,208,278,65,3106,3143.85
522,47f5ae9e9c902e18fc0f7f153da945de2839c3e2,0,1,0,0,2,0,8,7,232,202.89
523,751fe9309011b99f60c1cb03c23a47d0444dce05,0,3,0,0,6,0,11,5,367,318.86
524,0b0925a16f6cc94ad96fbc4dc2bcf48bf96557e6,0,1,0,0,5,5,0,0,63,141.14
525,91135ea33a7231e9b17cfc74c78dc5223475834b,0,2,0,0,6,0,3,0,66,163.87
526,2c9796114d0a9638be79b4165d0096c7a63babe7,0,2,0,0,33,17,24,3,224,303.18
527,50781b75d8368ae67cf06d15ea11579a2aa4fb2c,0,1,0,0,9,0,2,0,98,236.67
528,8b7dce87a744837e5b3bba41b3e3c4c408c78b7f,0,1,0,0,0,0,0,0,22,84.35
529,36cab7dbdff6981d0df4b355dadee3fac35508a6,5,4,0,1,25,19,31,14,456,835.15
530,41a54358bececc42ba680267281ba01b3f33f77f,0,1,0,0,0,0,0,0,180,144.23
531,88924b03d511132212ee5d8dec02063deb8313f1,2,9,0,0,138,79,54,9,904,1060.25
532,54f9a7012c05f3e2993463727d7e199e8589e68e,0,1,0,0,0,0,0,0,358,181.83
533,0e0b632b926f52451495ab254e74ab87848cb353,0,1,0,0,0,0,0,0,0,82.15
534,10abe858bd892863f1d01c29bfb6d0f4206de2d3,0,1,0,0,2,0,0,0,162,354.27
535,96ae0a5929bcd784dc632ddadf083bbedababbb6,0,9,0,0,15,4,35,8,1040,832.39
536,a34f78dcad1d7844a21d0afbf0f6eef183847d0d,0,2,0,0,24,0,20,13,155,208.49
537,44ad7b574e376f958cf1d3893156d666f904cdd3,0,8,0,3,69,5,39,3,708,969.73
538,32e24b7c28e357c051bbe21b08c4e8c6d45a3907,0,1,0,0,0,0,0,0,237,181.28
539,f1323d4ffa451b8c7965d51f422f0933f35ff828,0,1,0,0,0,0,0,0,237,165.96
540,31b4460cf9a520bd019ed98949ebfa9243e6e4a6,0,1,0,1,0,0,0,0,188,423.29
541,d7de59a579af5ba4ecb1aec8fed84054f8b86443,0,2,0,0,3,0,0,0,346,245.99
542,12fa188b9aaeafa337c813f4a84a3117d6bf403f,0,2,0,0,5,7,17,4,509,333.2
543,b64302f9cea0e3e95d740cbe7bbd4c64e147301c,0,6,0,0,90,0,36,16,858,675.74
544,7218648ae7ac1ce93f3ff25702b99c3af236fd0f,0,2,0,0,8,0,5,3,237,241.46
545,efc4c88811c93d11eeffe61310b7f8652ca73ceb,0,1,0,0,10,3,20,4,156,192.02
546,542350d616e4638958d133d1d5599acf8546ed06,2,2,0,0,0,0,0,0,237,330.06
547,4b5ed36c2264808c33f92ccfdc456a19af3471bd,0,1,0,0,0,0,0,0,116,123.89
548,a5da2a4f4c3b9d1917cbafc0e79d8e8318f7cbff,0,1,0,0,0,0,0,0,0,120.58
549,f8a7ace9d4e508d29d664418446c37783a82cb3b,0,1,0,0,0,0,0,0,4,87.7
550,383cec9cf38607cdfbda0256d3447d253dcdde7d,0,4,0,0,2,1,10,4,237,315.76
551,c439268224e3178002bfa28bc048722870f992e3,0,2,0,0,48,0,52,22,261,302.95
552,136a8fabca8e266f67897cf5471b2e41c0a341be,2,5,6,0,56,56,20,0,258,833.21
553,98dfc4b307c2e41a7fb0fff330048aa9ff78addd,0,1,0,0,0,0,0,0,271,160.83
554,3537063a52b97b6d46f6bd17e3f03e1b03630a3e,0,1,0,0,0,0,0,0,389,201.65
555,f17790cd9952aecef67fbec58122c55c72e5c2b2,0,9,0,1,32,15,17,1,521,801.98
556,9f94a7752a590c36186a7eb1eee16e992ec68c97,0,2,0,0,27,0,9,2,556,405.7
557,fbc5185543fd4895c7c81ff55b3c8b4c25ac7600,0,39,0,2,95,40,300,31,3705,3194.75
558,114945cb6297f909a7b1272bd61e17b662d42d24,0,1,0,0,0,0,0,0,411,200.96
559,14934157df7aaf5e9c37a302ef9fd9317b95efa4,2,10,0,0,13,99,141,19,1241,1406.83
560,72c6b7d84a6f1bdece804d7e42642b7505c4a4eb,0,1,0,1,5,0,26,5,69,437.52
561,9991086671b0a74bc5fd5698ba81aaf9a2985404,1,6,0,0,25,9,18,4,488,627.96
562,933a7506efb57add31a1e9dbd984c1230128b855,0,15,0,1,62,0,19,2,1146,1427.5
563,1ccab26a325e6ee23396049a24a5b6eb4b7a1c8e,0,14,0,0,17,5,8,8,1667,1603.91
564,427e638517d2efedb7e7cb1387b1c59363cda21d,0,1,0,0,0,0,0,0,135,134.26
565,932bb84c837807eeca3600007ae3030561fdcb37,0,3,0,0,56,2,0,0,461,462.76
566,aebab7cab6af88f777c1fb83604a1573554549a9,0,1,0,0,0,0,0,0,0,94.98
567,4059f07216a07db0cdd88b46db40914069171838,0,2,0,0,19,0,1,0,125,301.16
568,8deedcacb68ff8ebae802e086ff706ad7e5f38e9,2,3,0,0,37,6,16,7,106,622.92
569,ff557f02ac628edbe220ea69888d39de834527d3,0,4,0,1,186,81,68,12,579,846.92
570,131f96868aa24f38f69ee2ab769ea3f289e5c1fc,0,2,0,0,0,0,0,0,621,400.42
571,38c65a9a39081068e05e3222ccb0dbc3c9f56942,0,1,0,0,22,20,1,1,44,224.8
572,cd767aee45fd522fb8dbbd911a5a82fc0f9d2623,0,3,0,0,3,0,1,0,646,397.11
573,f7976d2fc1793d0f635b42eb4dca3810e40c4cc8,1,1,1,0,0,0,0,0,66,290.79
574,3bb38d37b7a3fe2dc794c717df1d67e8f9a8af21,0,1,0,0,0,0,0,0,64,114.71
575,bb629f2243c4462db2a863793c190d734f11f3c6,0,2,0,0,20,0,4,0,68,536.16
576,e62dd4cb770e3662524d4f2f50547549e3ab2eaf,0,1,0,0,0,0,0,0,131,129.95
577,c840f2a95c2e247c384315846067daa839df77a7,0,1,0,0,0,2,0,0,193,207.67
578,7d513055671664433a783e4a62e9cbad6c44fc83,0,1,0,0,0,0,0,0,0,114.78
579,6fb33afff976e467bfa8e0b29eb82770a2a3aaec,0,1,0,0,10,0,9,2,80,175.04
580,3dafb81da788294d4c2e9811f49437608e5b9ce8,0,2,0,0,25,0,9,2,91,412.52
581,778fcd0e9192c8de4c17f23189029d5c1bf98e2a,0,1,0,0,12,3,4,2,611,316.19
582,91b4e3c00d84bf05387d55869062a2f988a8a4eb,0,1,0,0,5,0,0,0,25,136.49
583,da015585a94755d2e499e6fa4723cf1397404e7f,0,1,0,0,0,0,3,0,36,116.47
584,fb65ff40a8d89bc7ad9b079cf1f2a8b902abd182,0,16,1,0,28,0,40,15,1990,1703.12
585,68b5d014fa3bf2e18da253ded2bbcd4f5d4a9d8d,6,18,1,0,391,9,545,135,2549,2557.08
586,208ecae23994812d2a707b776de6b95d9f591bb7,0,3,0,0,3,3,7,1,443,397.97
587,b18c3f5caba51a07ec514b5d04bca8b85bae3748,0,1,0,0,1,0,0,0,31,123.61
588,be36b322749003581474e2c84a3ec9ba2aaec53c,0,7,0,0,68,4,11,0,1668,983.65
589,ae237be1bbfd7d1b84a5095491a6131cd3cc9346,0,7,0,0,20,7,40,11,1549,940.49
590,11f1801c3b637ac1d355b8e35f9f879f3b946517,0,1,0,0,3,0,2,0,155,173.42
591,05ed54bf2b80691d413dbfa05065eb3afe33972f,0,8,0,0,59,7,84,23,1087,1091.31
592,c5d26c4829583c95af7ca9e961a4d3954f8e09eb,0,1,0,0,184,0,51,14,158,255.47
593,317c4fdede41f2026b34f473af1ad69f8ee62a1d,0,11,0,0,204,90,109,23,1966,1662.88
594,7b16b4731666ff321fbe46828d526872ff5f56d7,0,1,0,0,5,9,7,0,196,267.2
595,d851ce76fdaa469dcaed7f66340574529d79a3cd,0,1,0,0,6,0,6,2,72,151.17
596,a2bac70a6634e9a78734d23158fb7e45f290ea26,0,11,0,0,7,22,66,20,1585,1248.51
597,313aad423cb19618b8693af6f04b68138059c585,0,4,0,0,46,1,6,5,186,487.95
598,151288fe1f271391ebb53b14ff3146cfc3a4daee,0,1,0,0,0,0,0,0,94,105.51
599,36044fdc544f1b6b4829558691e0e7d280abce99,0,2,0,0,12,0,0,0,785,396.12
600,4cdb96f4c396e331ec98fe881ab0255e247bc62a,0,1,0,0,0,0,0,0,66,316.36
601,bf3dbcba4fe5fd8185a529ba216acf20f7e2d02d,0,1,0,0,6,0,37,10,143,196.08
602,08ad2be0da23afdaf6af05213005c9f765f39d8e,0,1,0,0,13,0,0,0,81,133.74
603,d4c379832b525d1a9c20c5cb84f0e586b9d977e0,0,1,0,0,1,0,0,0,310,187.9
604,190239441878d73ad0c50d59c73bcc8717a12ed6,0,2,0,0,8,1,8,4,215,322.41
605,71f7e7c3a29e8f7339430837065126256907bd2a,1,11,0,0,66,150,158,34,1616,1860.32
606,b91eeac9438b8718c410045b0e9191296ebb536d,0,4,0,2,10,2,18,5,341,772.8
607,bc397db0e13998160f0b4e723211d6662ca7e964,0,1,0,0,0,0,0,0,251,150.76
608,8f3462552fa4d6a6d70a837c2ef7439bba512657,0,2,0,0,22,0,0,0,807,619.26
609,a960faf5f48025548de71a84b16e0ccf2a1837ca,1,9,1,1,228,15,54,0,780,1180.75
610,ed639e8263d9409a9836a55938174122d6ff3ffa,0,14,0,1,40,0,19,6,2234,1491.81
611,de1b853c3ed326cf296a56538ca9570b0ecc0636,0,10,0,0,10,8,18,8,1078,941.43
612,d2acd676c3eb0c11d0042bc3b9ae314165c68443,1,3,0,1,6,0,58,39,748,692.87
613,16469d7f94f0a7d82c2a74515ab0903ce6ca9c5e,0,1,0,0,0,1,0,0,234,177.81
614,2586226a9a5300fea427ca001608ad86d393df1b,0,3,0,0,16,2,10,4,277,336.8
615,85c441023b2cfb0860115a52ad36075a618b0fc1,0,1,0,0,0,0,0,0,19,107.99
616,eba0ede878bd9c42431cc702bc58f56354c595a6,1,14,0,8,73,30,32,9,1295,1782.43
617,69ebf6f7be2fc0e471ebd5b7a166468017ff2651,4,24,1,0,192,87,372,100,2995,2924.64
618,6cf2cb6f294d0d4766f57e9da660fb4efac7d258,0,2,0,0,23,3,4,2,231,316.74
619,eb59c8124e41fce176bfa6087d5aa4dce18f3642,0,1,0,0,0,2,1,1,328,215.76
620,54767bbba5bf18c01f50bb40c339433bfed09627,0,5,0,0,213,78,250,17,1059,1028.44
621,4af50bb8600c37ee2e3597fba9a54a29cef94afa,0,7,0,1,99,35,37,15,1086,1080.05
622,1933f12a5368f1f60816d986a2777fa324754f80,0,2,0,0,18,18,0,0,449,428.45
623,a7ab9cb83d2c47d980b0b9f6b702e01bd1cf4139,0,1,0,0,2,0,2,0,328,245.23
624,f2cd17010267b0e219d339d4bbc1157f5290cdfe,0,1,0,0,0,0,0,0,203,157.42
625,084a19e9acb43666cfcaa2ca155a775d47cd8b39,0,2,0,0,38,0,23,2,1041,512.01
626,f197ad4997032a848540a7d577b5846f76a26bfb,0,2,0,0,18,24,2,0,443,407.43
627,d4366610241321a58d62c0b919d60ccfe3c3d698,0,2,0,0,51,2,110,43,518,390.49
628,567cc3d78746391a3b050d4eea76571e4bf20e89,0,2,0,1,24,0,15,0,551,600.67
629,ecc1fb10fad39c2da82731a36552cb5dd9ac2858,5,31,0,1,109,0,192,86,3355,3231.02
630,69356fbc6e76ab4291ff4957f0d6ea04e7245909,0,2,0,0,0,0,0,0,51,134.85
631,8c07e0f31d6a7b6bfa119bc557da6781324758bf,0,1,0,0,26,0,16,10,330,233.01
632,896ad63f14c5240207daeedea304c62c8fc7bb7e,0,1,0,0,10,0,24,4,173,179.36
633,431c3b0937da103b6e79e9f970c0862898205909,0,2,0,0,52,22,38,19,553,431.74
634,4e1c7d844f743e5b439447e645fa41d2f92b8b5f,0,3,0,0,19,9,48,9,973,633.88
635,eaaa433fc97b86450833d8fcc8c9289ea35d47c0,1,11,0,0,178,27,141,43,2057,1640.66
636,c195003cb6e05f2d8c49285ff7e77b1cb3aa4361,0,1,0,0,0,4,8,3,352,247.12
637,24f81ea764a493b4422b6a3ef6b3e771d0e4d63b,0,1,0,0,28,0,79,5,148,438.17
638,a632716a3c9a871f325c6f13aefa9aed0add4b82,0,1,0,0,0,5,4,0,144,138.04
639,4112bc3af7bec63ae1248c1b9db745ba8ac4c63c,0,1,0,0,0,0,0,0,67,101.16
640,b75245cfbbefc712103b9329da0f27a205baa6aa,0,2,0,0,3,2,10,5,273,511.14
641,a208478f37f216324a87b530f18f30ecd79601c8,0,1,0,0,0,0,0,0,275,187.39
642,0c25c73782e6e70b8f37e3dda2fa2a5b0b1c8c65,0,2,0,0,2,0,3,0,197,237.6
643,0c4cc5a4466d0dfce01903c29d97af3e428597f3,0,5,0,0,54,1,12,11,618,512.87
644,c526c0c3f6f153ef8f84a3e66d9f997d8c31e20c,0,1,0,0,4,0,0,0,207,194.1
645,d83cde7cabe4e86951c6760e68e65b99752cfe0e,2,12,0,0,113,45,71,21,884,1476.99
646,aa506a6919e8ec0381657db2c2f15dc1f62b00f6,2,14,1,0,122,17,24,5,2238,1913.03
647,9edc71230ee7b77fd512f6d923e76469508c3280,0,3,0,0,104,90,45,5,731,570.16
648,43c30b8c3970d6a6252490c42b3300c445d80d37,0,3,0,0,6,0,12,1,374,281.96
649,4292243009c066c9ab5477ce886d8eb00534587e,0,2,0,0,2,0,12,8,150,195.65
650,5f3746d135697f364aaacf877ce288267d00b9a2,0,2,0,0,6,0,2,1,113,212.16
651,451d263bb4df844bc4a359c320e7265ea25f3c8e,0,2,0,0,3,0,4,3,228,257.06
652,f8b69aacd4ed1af1263e46b93879cea2d855df3b,0,1,0,0,0,0,0,0,275,191.76
653,8124f6e0996cb673760750b3aba004ae11e34c6a,0,1,0,0,5,0,8,0,327,218.93
654,c78a3b173d019e8bb58f4e31c94bf4dd3f7ab614,0,2,0,0,8,8,9,6,86,262.96
655,7115c66aefb11efa802e61a42bcc13fadf92598d,0,6,0,0,18,9,58,4,1571,918.14
656,c9da62794547ee75a7e2ade1aa8bbf4a1443c49c,1,11,0,0,62,51,0,0,1354,1214.71
657,454f6845b34d0e3faabd9427f3cd8bbe6209c30d,0,1,0,0,2,1,0,0,371,248.68
658,e876df8b37fc6ea54b0a0571306c4a833c919cda,0,3,0,0,21,24,12,3,197,320.25
659,6b91f83fbaef26fefb9ec221529c29872a04c004,0,2,0,0,0,0,0,0,762,399.17
660,e972d2afd31913acdef8979c6cac7cf48f99da7b,0,3,0,0,0,0,0,0,23,379.1
661,72d5675a7cfc64a5547b921672856ea4afc4f4c2,0,2,0,0,67,7,4,1,790,465.86
662,c04486f4a5ec1101e6f1344658db359647ffa791,0,1,0,0,0,0,0,0,389,198.67
663,65f6a7964f5e59e789eae3cdd4d301bb6a649064,0,2,0,2,0,0,0,0,163,393.54
664,1a67739c2f3d0418a8f2d8f7b15d5af2ed3a324a,0,4,0,1,86,10,47,13,384,581.48
665,e7663a306f40e9fcbc3096d17fb0f99fa3d11d1d,0,8,0,0,15,6,47,17,867,789.17
666,6199c62776bf3ce9467703ca651a0119b261e60e,0,6,0,0,26,2,9,1,1280,847.77
667,925310aac0b6a0fb32e3e2d614198ffc78f34f96,1,19,0,1,154,78,138,75,1520,1630.44
668,179d4dc0f2a23d7e67caf4875a0563e74027933a,0,2,0,2,25,1,2,1,423,524.73
669,b51002c576ea9758132d75a8a0fe454e1bc270a2,0,4,0,0,3,0,12,8,1043,593.96
670,46666a1f64af3617d7f47f50fedf3b9a6ae5cddb,0,2,0,0,10,0,27,0,108,181.84
671,4c295a78446be6eba24ca4a9b7e506657e55c875,0,3,0,0,20,2,41,8,949,589.86
672,62c0972efc525cc0677bd3fd470bd9fbbd70b004,3,16,1,1,196,222,185,130,2058,1972.72
673,7afdad8c37cde4a32ad7ce66ca7a878cf730495e,0,2,0,0,0,0,0,0,150,227.17
674,b2fa0d75df6ae2959da8c3dbe7d83f692043e577,0,1,0,0,41,35,0,0,43,118.64
675,a4413fc8a42b0222107cad20835e4461141c2ea2,0,1,0,0,1,1,5,1,233,208.97
676,dab3617e1af6efe9898b2675d7266272107d9105,0,1,0,0,0,0,0,0,5,72.41
677,a4ab9d02a22e77f0ebca0450e608898d83d4fe18,0,22,0,0,112,62,481,148,2930,2837.19
678,29ea4b0f1481aa2ee29694f2b469c16059f9c17e,0,10,0,1,81,14,17,6,1098,1379.62
679,18223415b091b0c05af4767191bb97b366aa8fa5,0,3,0,0,9,19,4,1,337,408.78
680,76b070284142635d2be78e8f86e779dfdbb0a2e0,1,1,0,0,3,0,2,1,24,458.82
681,fbbe5821c26d5e4c7d0dff130ea722fbf90169d8,0,1,0,0,5,0,9,0,72,202.85
682,508711d09e7c6070868aadfff1b2627e77f7f3d9,0,1,0,0,1,0,0,0,11,119.9
683,5e7190cf83860190d54815aab957a58c26fd816e,0,1,0,0,0,0,0,0,273,191.71
684,0a659e50f7d98c0a195a7dca4ef9f117ab2aa257,0,2,0,0,8,0,2,0,281,338.3
685,7868e657757d66aed13546dcdba97feeba8f1b14,0,1,0,0,0,0,0,0,19,125.13
686,8f2e0a5ec1dd285fcf47e2df396b897176c2008b,0,1,0,0,0,0,0,0,174,156.98
687,471a2ab17df66c52e0a98afa81e0b360560a5e9a,1,3,0,0,4,1,3,3,372,540.86
688,92287849e46ee0dad360fcd971c6207aa11777a7,0,1,0,0,0,0,0,0,39,136.15
689,11766ad31861e0350178f59127e471fde2b20970,0,7,0,0,19,0,110,11,1231,919.08
690,8ab8f37b43e3274ad0d8fb3883e3f432992058ba,0,3,0,0,0,0,0,0,5,169.74
691,f1e1b6e744cde036d75678575bd5e32c608ecdb1,0,2,0,0,0,18,22,11,315,323.13
692,a66ca1624c692d30b7ae1e25c29915331cbf41e3,0,1,0,0,0,0,0,0,408,254.11
693,6972d9476fc036d5fdcc59fb82fb20f063091df8,0,1,0,0,5,0,0,0,1,122.85
694,cc62b4f844ca16eee974e75b736af87b7532de0d,0,1,0,0,0,5,0,0,1,89.62
695,0fc1898bf6b91ac5f79dbf3da7ebc90da410876d,0,1,0,1,0,4,0,0,99,246.79
696,64a860c5853e21ff91109d0acb74b42f2dc20c7c,0,8,0,1,63,55,82,26,681,1015.67
697,7282de39f7b7cef1ca85f21771f2401a4a67eaec,0,2,0,0,2,2,2,1,592,475.04
698,b7d36b7261ddefea68667a65cc5e2ee0734ed4a1,2,15,0,2,182,55,106,24,2148,2045.43
699,31203efcb20b7efcbad5984b377ad87c58673dbc,0,1,0,0,0,0,0,0,346,188.97
700,39a1c42dfc78b1a55df1312c66daec4a491f0708,0,2,0,0,0,1,0,0,48,497.92
701,04a13e82a6cb6346589262faf65e8b484a1948b6,0,5,0,0,16,4,23,0,660,543.04
702,e53babab9cada20cc54a18c0fd63aa5ab84fd012,0,7,0,0,259,16,313,18,1727,1152.92
703,44f61ba4f96df995265f9cfa004aa49c82b02374,0,1,0,0,0,0,0,0,273,171.99
704,724cddbc56fec227727db4caf75c77adb62438e6,0,2,0,0,67,35,8,4,126,267.11
705,d98ca230a14b0aedae752fa97f5d55b3a0c49b9c,0,6,0,0,11,13,36,4,699,641.31
706,1503f7603c1d5e0511bf71175d84bde555c80e9a,0,6,0,0,32,9,17,6,1704,956.23
707,f9d7808bab52a0a6fa879aaac0b1da80e0f33adb,0,1,0,0,47,46,32,6,510,295.08
708,ea42d65354b5905668d45dedae1cd1f7f39c888c,0,5,0,0,91,6,48,8,1124,787.68
709,b65f9a777d46fbe4edfed8a4c7216dd1e741be53,1,7,0,0,84,37,41,9,1005,1427.24
710,b45a67ede9021985c8df87c633b225231092c0c9,0,6,0,1,99,24,26,8,367,632.79
711,128d0ff91d84a3a1f5a5237133f9ec01caf18d66,0,26,0,2,90,4,20,9,3461,2804.32
712,93804d50ffc40fb6cdc61c073f4a62f0931f042d,0,1,0,0,0,0,0,0,426,229.19
713,34aa538bf3e0a38fe61de66a4536dfe48a6cdc57,0,2,0,0,3,22,6,1,139,306.64
714,a4592a18641f84a1983c5fe7e697a8b0ab43eb25,1,13,0,0,65,66,26,2,1550,1359.97
715,e9a67a8daaf4be35f292dd06ae3c7797200658fa,0,5,0,0,115,0,16,14,841,632.02
716,1949a76bc4189534b853e21c476bb11172fa3fc9,0,2,0,0,0,0,0,0,0,133.01
717,006630fd93d8efb823e5b5f7d61584138df984a6,0,1,0,0,2,0,0,0,168,154.58
718,36528df088a28b4373f148627627d7c116297209,0,1,0,0,0,0,0,0,278,176.34
719,9684487b43234b0800d31f689bde48422b7faf87,0,4,0,0,0,0,0,0,685,359.87
720,7f8edbc8e848d22b1cb016a7208bee1e52a65b73,0,1,0,0,14,3,27,2,554,479.55
721,9bed8fbcfc52ced719f2dcafa3f30cbfd5e6bd57,9,12,1,1,26,0,20,7,790,1642.91
722,7c7becd4cb88b372d199b05661f8efb1e1d022e6,0,1,0,0,1,0,0,0,430,239.04
723,8e9e1776790abb0a9b103f75d0231dd66d09e68f,0,2,0,0,15,2,9,1,554,574.72
724,1d586cb50a94540f6b931a8d525ba75273f314f0,0,3,0,0,46,11,123,50,1035,604.13
725,f0acc4a0dd49c80929c36a073733c0147b2cd64a,0,1,0,0,0,0,0,0,191,227.81
726,efeaf129890c2195b4753d5b9eece4f1b7cdf756,0,4,0,0,6,2,17,7,1169,809.2
727,859113786957a36381222f21287a940767e92f1c,1,3,0,0,71,2,28,8,863,646.33
728,448f194c70e7a66ae2f1a7e89c822032359b14c9,0,2,0,0,6,0,3,1,531,340.91
729,ea724497a85e922af6acccd02d7e7466871fb339,0,5,0,0,28,0,51,23,1289,822.08
730,e36e8079d8a005550c5281ecebb4b7b622cc41b1,0,1,0,0,246,101,2,0,8,195.32
731,c2cfadf254c9d5da14db1db9a4a3889c20192f60,0,1,0,0,0,0,0,0,0,88.19
732,233cd4b18af83e9f9eadfaf048cdaa1888faf546,0,2,0,0,42,0,0,0,983,455.86
733,056ed86600ebf884057ea24daafc9e3b1ab85b81,0,3,0,0,38,11,11,1,883,584.4
734,b58b6a1bef0ecdc2107a415e222af099fcd9bce3,0,11,0,5,112,47,81,13,1776,1737.37
735,d6b0b520fc0755fa560af84f5fc4c9f86699739c,2,16,0,3,291,92,129,34,1363,1694.23
736,8b84d14c6fb338e9e6a6d41fe0a6298a63cfc5c0,0,1,0,0,4,0,12,6,229,166.46
737,a5c15ba0374acbb43f69b1a556077e4ad53332e8,0,16,0,1,18,17,33,12,961,1476.19
738,0321bf5aa67b52d7fab82a326b15ca8e058faee6,0,2,0,0,14,0,7,4,66,198.84
739,0f86dbe89da19ed1cc9142a5362cfa2fe3bc48ee,0,8,0,1,77,52,104,14,1686,1331.83
740,baab43f0d218e743693a933c0d6c44c428ebfc93,0,1,0,0,0,0,0,0,0,325.02
741,9eb665c39af1950548f903ad959449f2e69d7671,2,11,0,4,106,21,55,8,783,1482.07
742,88a439ed8e78803ae47783c3e5a75d4e4cad2a77,0,2,0,0,15,0,10,5,259,205.06
743,3d7e88456f14fbac66309973f1334cb32c10e3ea,0,1,0,0,0,0,0,0,41,76.28
744,cea2a669b34b2f94d445aace2b6e95e70af7e2f6,0,16,0,0,236,23,60,18,1896,1778.52
745,a565a77b1f9c42e5255afc096b58602869cb0cc5,0,1,0,0,0,0,0,0,0,150.53
746,6d6c77a7a9c102f7508e4bc48e0d6eba1fcbc9c6,1,25,0,9,290,64,140,44,2733,3097.59
747,7959bf50696f309c7bf8022461b8cad113ceda8a,0,1,0,0,0,7,32,3,142,183.77
748,d3572648b6c3524784fc3f60964a7f28817cbd55,1,1,0,0,10,11,0,0,15,183.9
749,2e1bcf661df8f22ee05f5bd883a8b501588fc4e2,0,1,0,1,8,0,0,0,45,177.24
750,64514ff5ec2ec9616dd7b11308d8da4f095edb37,0,12,0,1,0,0,0,0,0,474.16
751,5401a17ad7b9f0879cf66c4dbc6167512c2523a8,0,1,0,0,42,0,69,6,194,189.52
752,54e2bd210029b124be4835d5c50c56aa5edc5b38,0,2,0,0,13,0,2,2,604,398.36
753,275c5e1df237808fe72b8d9933f826949d4b5781,16,10,0,0,145,0,24,8,943,2050.61
754,fe82330f0be1d478b134732a9d29c229b37afe3b,0,7,0,7,31,31,0,0,352,9484.7
755,75469a3b602c26ea81d6fc0a409d39d321195ea4,0,17,0,1,315,450,357,317,1540,2076.43
756,a95170f822227c50414c57860e8547dc2e9d84cb,0,69,0,2,237,61,124,29,5450,5265.49
757,4b71c0bdc1acf244e3c96fa809a1a0e48471d586,2,21,0,0,199,128,279,45,3662,3094.8
758,3d60f1e64350710a5fd2a6036da353cc83195741,3,54,1,5,606,329,778,193,6541,8035.82
759,ecff8544dd45e8cf0fcf04f5e0e716d3e21c9f20,4,46,0,9,478,209,269,52,4605,5876.7
760,f72203ee9223d3b724ee67bdad9912612dd72f63,0,7,0,0,177,5,39,16,1980,1586.93
761,23dff4b04a4c4cd338b5f39c9bb7d384857c482c,1,5,0,0,133,2,107,37,1190,946.64
762,3c60511655df3349323e394bdc3836300991352f,2,13,0,3,13,8,5,0,752,1197.91
763,a1e8b507d274f03f542866d72b14d9d664acfad0,0,1,0,1,0,0,0,0,23,133.84
764,b6011918fbc36bfaa465bdcc750e2435985d9101,0,5,0,3,29,0,13,0,568,518.25
765,ad8ddf737aea629b607693dbb2ee631937db698f,0,1,0,0,9,0,29,7,118,158.85
766,2eb32d6a70bcdef86bf87f9afd56b70de9df505e,0,5,0,0,14,14,20,12,1057,784.06
767,8d9d847904e28759b44ffc87752802e8e6f1f659,0,3,0,0,14,2,22,13,559,479.14
768,d25671884bbbdf7843ada3e7797573a00ac7cd56,1,5,0,0,29,4,67,24,596,704.22
769,6496271a11003195d703292a68c6a6c04e56d79d,0,3,0,0,0,0,0,0,604,415.66
770,d1956d4b6c3ab30cba78bc6f6034ec20303e4801,0,1,0,0,0,0,0,0,54,102.14
771,fc0d612b0806032675b433a48f56ccd04f7e52cf,0,3,0,0,60,0,0,0,66,265.01
772,e90db3e3af0718a80d729809186d45076e71a241,0,18,0,4,235,49,245,68,2507,2525.64
773,da57bc27e7cb52cb1e817010ed5101188cbeb68e,2,7,0,1,63,4,91,26,674,1044.59
774,d2f6b934bcbd8feca561e050ff8e18d0a4db7d61,0,1,0,0,0,6,5,4,150,194.98
775,7a84b241eeb8cb63400a9512b066c3f733f94b8c,0,5,0,0,43,1,117,43,1503,1049.86
776,825f225bc5706b16af8ec44ca47ee1452c11e6f3,0,10,0,1,41,0,0,0,1193,1016.31
777,73b7ae0019d387407375f3865e263225c986a6ce,14,24,1,7,130,250,320,26,1713,3748.48
778,e3bdc84d864a5ca655f985473770f7b7cb24b79b,0,5,0,1,44,99,162,56,763,977.41
779,fd6d7bcf335166a524dc9a29a50c96af8f1c1c02,0,3,0,0,1,0,1,0,44,232.11
780,1974e1b0e54abe5fdebd8ff3338df864b7ab60f3,0,22,0,0,40,79,87,17,1726,2135.1
781,ccb183f9fca20a37b9b39761dedcd197e3cf2033,0,1,0,0,0,0,0,0,0,113.73
782,961ebca57fdd4f8f84df8cf26a835f07ea1718c9,0,2,0,0,0,0,0,0,72,247.41
783,d8a77560c2fa2c209353e3ba2366ad3d4cfdf22c,0,1,0,0,0,0,0,0,344,441.9
784,4a6f2c6cc0647a08f016a2d712a01ec02630cf87,0,2,0,0,12,0,0,0,88,243.93
785,8e2cbae8b12cd71f99f13953b744163f68021323,1,3,0,0,35,64,83,2,784,789.02
786,a37bf5fffa4a607ded14ec055276d76f19df2d50,0,1,0,0,20,0,39,7,149,212.83
787,50e035dc341bb595decbac0851354a10c90b0e06,0,1,0,0,1,0,1,1,173,211.62
788,a8aa75616602363847848f004fd0b1a36d0de78c,19,2,0,2,7,29,18,4,86,2878.97
789,dd897bdb2e9cc8790d1e0494fb7867a5cd09ecc6,0,2,0,0,32,24,6,3,39,293.34
790,3400d0c3cc07d5d3136bf9a19142b36cca93f92d,0,19,0,1,177,69,217,56,3496,3048.83
791,3bb0d3cd888c29a002400253d9ff84ce73ebc03c,0,1,0,0,12,0,16,5,54,154.33
792,7837d3e54850fc6ecd16f9bc4dd28a02779572c2,0,7,0,0,46,55,105,45,779,780.24
793,3df60e7eb8b6fb38cd560708f5b909a9b2e61de2,1,0,0,0,0,0,0,0,0,162.02
794,675881b0f1138c6c09ff4700b17f008ea9053aa4,0,1,0,0,0,0,0,0,69,109.16
795,abe19fe693d81ea65a018041f157c58ebecd014d,0,17,0,0,227,17,154,11,1186,1606.22
796,448c1a4114798892bef60d44199a07a86fc4505a,5,1,5,0,0,0,0,0,344,802.3
797,2ca3e59bb6054cc8ecf6926a74859efe3df000ba,0,10,0,1,17,32,9,0,1002,920.74
798,0971e62e50b94a74aae170fb49d1e532e39b2136,0,13,0,0,36,33,21,7,1693,1490.69
799,8b3c6c0a1c1bb8f098a7013dbf9c2cb97720e106,0,12,0,1,13,12,78,7,1300,1371.74
800,135488352cbe646334a274418d7014a91e92057f,0,10,0,0,120,78,76,30,2934,2154.62
801,5b4e299a46a8ee92e450c54880408713606e4f52,0,8,0,0,57,23,38,7,1500,1068.18
802,1eac3f33f5de3490046203a8e408970da161b84e,0,1,0,0,0,0,0,0,160,96.81
803,ca0c071c108c9fd31a759e1cd1c4f89bdc5ac47e,3,30,2,2,254,122,552,55,3137,3564.02
804,89fb02aa81fe67f5a506f579e463f30f3020dee5,1,3,0,0,34,0,28,13,248,425.95
805,4277645d25e3be0276cb443a36c7ebaa0638034c,0,11,0,1,16,12,40,0,109,656.38
806,ec76ea343616df27ae2a4e42f5078e081d5878e2,0,1,0,0,0,0,0,0,762,254.66
807,1bd11b23ab55b25d5669813f47ad1d5670c6ec9c,0,5,0,1,0,0,0,0,0,340.09
808,9213de8f14dfd2754d913667ae9a703f76277022,0,2,0,1,5,25,25,21,194,322.36
809,aef6927a42cde193dd6acc36cd4d9f32167da622,0,3,0,0,27,4,12,2,600,522.29
810,4c42654b1eecebae272dfe5ce018b85ad4db7709,0,12,0,0,5,4,28,8,566,932.0
811,8827a5b34ed2a2a570219fb8f29d955918867796,0,12,1,0,43,0,55,20,2478,1669.25
812,6264cc155757216c878bcce48e02099a9f5a7d6f,0,2,0,0,0,0,0,0,189,202.6
813,84323eea23aa8e1f2485b0ff43b3d316e7b0d06a,0,20,0,9,28,3,6,0,349,1321.82
814,413444c0ec01ea51019df436cc1f2b664ac61e5a,0,25,0,0,0,0,0,0,419,1105.43
815,b559846f2f8151e41a6259e8a570b9422932c836,0,9,0,0,12,21,4,0,848,694.9
816,e108a8b4ed4512b021f9326cf079517523c83060,0,2,0,0,0,0,0,0,130,192.25
817,5afe959647fcad9d01365427f4b455e1586b1fd5,0,9,0,0,28,5,92,20,3326,1861.53
818,0b48ea1c81f22465cf32a19c012e0fb3c849afcc,3,7,1,0,69,291,449,21,2058,1914.41
819,3d9f34dd84a1c802b18874ba365c23713bfb189a,0,1,0,0,0,0,0,0,146,150.38
820,3e85f131e6af5d2ef34499d0b2aca7afca85d79c,0,1,0,0,40,5,7,0,226,526.26
821,da70316a588172585a3960f2b0edb0e2d4ba5461,0,1,0,1,7,2,1,0,8,235.72
822,35cd008e5a1ec89d09f956a6f9952ad834e556d7,0,1,0,0,27,1,4,1,123,242.06
823,7436d28a243295ae7c8c3723e97ea43a10f2771c,0,2,0,0,9,11,46,17,280,359.32
824,cb674e5487f3f56647546b323dfe4fd45ccf0186,2,12,0,0,30,0,0,0,1989,1478.14
825,ea70a9bcfc8a9ce317e8fa9b8cc4f7cb1aba26a9,0,8,0,2,229,62,92,13,505,1039.78
826,da082900b3d800ba43616706def611df7a00308f,0,1,0,0,24,0,0,0,128,228.09
827,47517da40dcb37d91925c1888ce01d06c28ce4cc,0,1,0,0,5,4,7,0,82,205.85
828,d95f22c12c36a92f9c71a78cabf897d65ddef65f,2,2,0,1,3,0,3,0,58,432.06
829,7de22453bbd05a7ac629543e09626ac6987ce306,0,14,0,0,47,4,40,20,2066,1759.53
830,1f8a2ad2edc5d9de4dc3a3311a0650f25d2b9114,0,2,0,0,2,0,8,1,291,337.25
831,2c0055e62fc6308e45ff8a9c1c386b43fa3a3905,0,1,0,0,1,6,23,7,165,191.74
832,7f6bf5d44796ac14665d5ba8c2243f5d7f5d30bd,0,1,0,0,0,0,0,0,77,108.9
833,2e662a061608a0755274da3e2ccf87401936febf,0,1,0,0,2,0,0,0,84,149.2
834,c7c113af63d8b4c49f16297af22b3a02528a500c,0,1,0,0,2,0,2,0,128,157.87
835,13a82b48cab5f13feeb9d3597b24d26416eb4033,0,1,0,0,126,47,122,50,297,285.39
836,d24616777ade24a37c5e7e517bcd1d8912eaf19d,0,1,0,0,14,0,0,0,14,129.9
837,253dfcf4756e8e0d434da69516993ea784f830c9,0,1,0,0,0,0,0,0,160,133.4
838,5dabca02594e4b71fb6ff275283a3851f1c62d60,1,4,0,0,30,3,17,5,565,681.38
839,ed91af512fcb5c0ea3032ed259451817c96b5ee1,0,2,0,0,7,0,12,8,338,217.32
840,3b36d5cff0b7a51e737a97144d6d479af708b2d7,0,5,0,0,23,21,5,1,716,799.74
841,4db048d61206bc6efbd143d6293216b7cb4b86c5,0,1,0,0,0,0,0,0,427,264.45
842,cb725c6a2d21651fe8b2e50225635209aa949bb5,2,2,0,0,7,0,0,0,556,416.94
843,6c839395b7b43d8e9c0dfbb3c12470fc9284a94a,1,3,0,1,16,0,11,6,249,475.31
844,022d2017a781286d223d80d8eae505fbc3fb369c,0,7,0,0,57,59,18,10,799,786.57
845,a88737929e880d5c6892a306d3c9b1358853b76b,0,3,0,0,0,6,25,8,311,281.48
846,fc1cfe475e8ae8458d8ddf119ce18d0c64653a70,1,61,0,3,662,692,1001,279,5853,6958.69
847,1f1e794ad0025bb2a33b7d8378a481f224b3bccc,1,17,0,3,151,129,107,3,1193,1878.38
848,d734f4e56d276f84b8c52b602edd67d41cbb6c35,0,10,0,0,15,54,89,17,915,1111.02
849,916edc3a4ed0b44e64d0a0410137bf96e2a5558d,0,5,0,0,7,4,21,10,645,833.6
850,3db3d73de6bc1fbb846d0943a8fe73dcca96b78a,0,3,0,1,0,0,0,0,85,608.65
851,3b8b7a4be39cb4a3f7257f8a17f74a887572e627,0,2,0,0,3,1,4,5,137,295.44
852,8bd06482d0562a518bce67dd06c590da4391d12a,1,1,0,0,0,0,0,0,98,158.02
853,696b1d311c89671cdebd6e8ade4d2c2e55a0696c,0,1,0,0,4,0,11,3,441,300.65
854,5916ef0227d099e5fa05341db3f918f5ef035816,0,1,0,0,1,0,0,0,211,207.72
855,015f1d73811e52b3b7a578cf4c1ca4c48b6c2f5c,0,54,2,0,31,25,156,60,4618,4044.95
856,3428bc1a2549778378ffeb781ad62ca719ca3b7f,0,1,0,0,0,0,0,0,427,249.58
857,01898ebbadec6d9df72bd9a89752d7f5bd128a7d,0,4,0,1,0,5,26,1,943,514.18
858,0be3a7226f816bd4b612477ea3b9916bddade290,0,1,0,0,0,0,0,0,271,195.82
859,43524442dc10c5dc731248674eb1a811287e88f7,0,2,0,0,33,2,54,17,403,361.38
860,3749832637b58b291a45076658feb8cd6e830247,0,1,0,0,0,0,0,0,286,432.91
861,5b22b53f0e581e3239ca6bbeceec6c01ce0f8ce0,0,3,0,0,11,0,0,0,333,332.29
862,5b682baad546e41fe7aa27be0865ea6adaca2d2a,0,2,0,0,2,0,28,19,154,341.77
863,8e6fbe8fed592e7cc15731a0827c350794413767,0,1,0,0,0,0,0,0,346,186.46
864,e31c0c9bdbad432bc21b583bd3c084f05323f642,0,1,0,0,0,0,0,0,0,114.69
865,b380a82d5be7c68141590467911ecb61db45ed1e,0,2,0,1,6,30,0,0,18,225.29
866,9e65b25e9fca6c26cef3498ff747879d4f527700,0,1,0,0,44,0,0,0,79,147.27
867,670980ef29fb70838dcd462d11789c2519981164,0,2,0,0,28,15,0,0,572,370.56
868,a3c45b0c9263ca4481b1af7af3f7d8ae8cb5d5cd,0,17,0,0,255,32,42,5,3786,2497.65
869,d2792e356ff9d3ed8b0484bf62ac98e85fdc26fa,0,1,0,0,0,1,0,0,97,151.6
870,adb70da13e18eb652e734887b430ac0ecbc5f9e6,0,3,0,0,64,23,18,7,1087,585.46
871,b7378d567fffd06395f5babc36cebd64bdf539d1,0,1,0,0,32,17,55,20,406,272.07
872,580bebe09798b8f0062a2a1566a1d5836ecad4bb,0,9,0,2,21,2,46,19,558,936.32
873,79f85039d7be1b4266f06715a487f3635558ded6,1,0,0,0,0,0,0,0,0,116.94
874,5cf491c2765b4912ff5f7f69f0b992a67005b983,1,3,0,0,19,14,71,23,706,519.55
875,81f9e1376cefed57022de62cd3abf5641c46e4aa,2,3,2,0,6,6,0,0,881,635.92
876,146edd530a6dfa534fd8cb924fd2336e27872c2a,0,1,0,1,5,0,17,7,105,214.32
877,29084a9b27b959532813141591ce03be2921e860,0,1,0,0,0,2,21,11,438,284.31
878,f7354e779cb058985dd385b2b1209db71eb7a5e8,4,15,2,0,210,45,15,6,1882,1992.52
879,022bf129518e33e165f9ceefc4ab9e622952d3bd,0,3,0,0,23,36,19,7,1115,504.45
880,537f98a5d64b86022ac2125c75d079c26e4b9830,0,1,0,0,0,1,1,0,175,438.75
881,65650ba4dcba8a9729cb9cb6477a62a7b7c3714e,0,7,0,0,30,10,10,6,1011,699.98
882,c063561ce815ec066851e480b7f70a84d6ccd371,0,1,0,0,0,0,0,0,0,102.82
883,0011a3dc337a41ceb21b1567db7bdc3219a07552,0,1,0,0,0,0,0,0,152,122.78
884,046519d0714591785cd984ab2d57e193b54a2f19,0,1,0,0,0,0,0,0,160,141.34
885,cd69daa4150631e9cea4e299c5ea08e12359118d,2,2,0,0,75,34,18,4,38,375.14
886,85e7a0a2b0d56891c13c15fc88a3011877f9c9e9,0,1,0,1,8,0,0,0,23,195.78
887,2a9c18a87d4374d03f8a07b37a4e66d74325f1c2,0,2,0,0,0,0,0,0,109,178.61
888,d3b8ff02437e735801e36cc4970b794344400058,0,2,0,0,0,0,0,0,26,115.4
889,52a15d7c0b88da11409954321463b8b57b133a23,2,0,0,0,0,0,0,0,0,188.45
890,962c378cc6cdb178541155af419c24e463516a5d,0,2,0,0,0,0,0,0,14,110.8
891,cfda0368dbb7ddd014780e1ed1dedcae2778f403,0,5,0,0,0,0,0,0,666,520.05
892,01768e3321cfce19bf558ad0fe7bf6ca84ada8f6,0,1,0,0,1,0,0,0,11,114.37
893,783900c259511f86f5af03cbd96f2e74833447b9,0,2,0,0,62,20,0,0,35,217.81
894,5a2fcdd6d480e9f003cc49a59d5952ba4c515a71,0,12,0,1,10,27,30,6,1569,1305.39
895,fef7fca2af7fd00bc6b0889062da3f8b56b2224e,1,14,0,0,94,75,4,2,1473,1467.66
896,c74eec96c5e8828a88df67f6eb21d2369b340a22,1,5,0,1,82,260,174,10,649,760.21
897,c2653754d9dbc232ae5f2052993611b26ed62693,0,1,0,0,20,4,0,0,15,130.71
898,6f7780cf127c8f4bb0edabaa5cb228fc566681f2,0,2,0,0,0,0,0,0,0,145.01
899,b3beaebd4481dc94a36949dbb87e02c28272adb0,0,1,0,0,6,0,0,0,83,129.74
900,83824089f2371d6375c2713d494f276aec27c1a1,0,1,0,0,4,1,0,0,96,380.08
901,d5cec01f2aeb37823d1a158683da0809a0c54818,0,2,0,0,2,0,0,0,307,295.12
902,57278aa82da5dc9d040eb3dcf4a182e0731a621b,0,11,0,3,54,56,122,47,1295,1440.29
903,f615c9e9d2c59542665edd95cd7152f17e61f026,0,1,0,0,2,0,6,4,70,150.68
904,d27e09e60c53520bd24872f8b7dbfee87b523d04,0,1,1,0,5,8,0,0,56,126.71
905,f3f9a9eafb9aee9d87dd188521a4fd72466abfeb,0,4,0,0,17,6,23,4,1481,718.4
906,8b05ad406d4cba6a75d1683b6d8699c3ab28f9d6,3,12,0,0,203,36,132,24,2805,2249.88
907,23a0f0986319cc0061a0ea149f23f5b5d696d1c1,0,0,1,0,0,0,0,0,0,53.98
908,a0b8e435c9419a9402d08408260bea0c1d95cff0,0,3,0,1,83,96,79,9,1005,842.63
909,84a14fec299749a208251bce1a0eb9c1a8241d08,0,3,0,0,70,25,15,1,689,499.27
910,c808e8955f23c551c86ec0f51683c88486ad394e,0,2,0,0,5,0,0,0,472,311.57
911,d345d53e4e5e4f74707e2521aa635b93ba3f1e7b,0,11,0,2,110,149,81,4,1224,1271.81
912,2e075fe6a47221b24abc49c25a4a69a447362eeb,0,1,0,0,0,0,0,0,65,93.68
913,f9772d5fb26b0a375729a88db5e7ee199f85c8b3,0,1,0,0,0,0,0,0,503,258.27
914,dd71e4a8d830c9de40b5ec3f987f60a1d2f26b39,1,12,0,7,116,0,37,19,2455,2498.38
915,15e0234a5f4976facd4cfe61b91cfcdec6f6083c,0,3,0,0,56,19,6,0,956,562.03
916,5f88cf79fb51996e77614aafdfbb15e4989e159b,0,1,0,0,0,0,0,0,48,118.28
917,3364f12bc240e3fefa6a467519ef608fa768917c,0,4,0,0,48,0,20,8,1024,646.32
918,1ba8b40b3421ad0d23787ba9a1a4b635d8f11d91,0,1,0,0,9,0,11,2,378,425.51
919,f54b61909d525547d65123c02bbd36d92ccee5da,0,3,0,0,123,61,225,46,752,550.25
920,800d29648bc370643d6dd1ead861792d7585c843,0,1,0,0,0,6,39,0,107,408.72
921,040fde8ec1f94856799c6bb47fa23a73c20bda66,0,4,0,0,35,2,26,2,959,697.71
922,b9b2cfc28c055745f606ba1a20c5e8e428acefcf,0,3,0,0,209,45,68,10,502,423.96
923,49f80b2360ab55274ad28405352596f9d560ec1c,0,9,0,0,47,15,54,25,1515,1128.2
924,aea14651184476940c69238535de5143e61f4c31,0,38,0,4,120,61,165,33,2308,4063.16
925,0df910c0345ce7a667aa3276a9fea15851df50f1,0,1,0,0,3,7,3,0,54,249.26
926,d4c4bcf017a1b770dca71868b97d37ec7327ea00,0,4,0,0,101,7,30,12,1154,939.48
927,97e61d4ae2feaf0551e75fa8cdd041f49f42a9a5,0,1,0,0,7,1,28,11,165,186.1
928,6ba98f6e5ad8776b7268441b5392330496565814,0,5,0,0,0,1,0,0,191,351.12
929,b611cfa5c0f4941a491781424afd9b699bdb894e,0,1,0,0,0,0,0,0,0,103.45
930,76a10e23f0a3d89e4a0a88854d0ec3926e7f6827,0,1,0,1,0,0,0,0,91,256.65
931,e19bf3f24466cd8dcd6c11f2d7cbc5796600fb88,0,1,0,0,0,0,0,0,48,145.47
932,d0e7c6b9304b23ced046934c799df0cba39c28e5,6,26,2,2,65,2,27,3,3233,3747.68
933,7c58351e9e7d109a54dfa319437ca5f891164e5b,0,2,0,1,0,0,0,0,0,151.76
934,148f8c25453e453f56ef429f8ef607de808de679,0,7,0,0,187,30,137,45,1392,1036.92
935,17ce2a7307222d7476eb60318fab2e672eebe559,0,2,0,0,52,0,26,6,992,545.36
936,020ca7903669306862950260b8d63177402322c3,0,1,0,0,54,0,62,5,264,186.25
937,609e9b0b2f46ce72ed91965f7e43c512b26a609b,1,1,0,0,2,0,16,1,169,239.95
938,588ed4644fe8842e4217c8e2add39f6e08e07db9,0,5,0,0,108,2,39,9,954,691.11
939,98d62a880d91ac1b552ac3a049c5d202c2d63520,0,4,0,0,42,23,13,2,1890,938.57
940,3c471d25b97b9a867ec6a2a1ed9467b8e4ba6b66,0,8,0,2,31,6,8,3,345,995.42
941,49230625736d30cb4d0467ac0a103b23de5c266b,0,1,0,0,0,0,0,0,580,275.23
942,c82118b196687cf5f523dfd733bfe575a127c315,0,2,0,1,0,0,0,0,186,255.25
943,3bedcce01b9d3e8ba0516fa33eb59d57817ce27e,0,9,0,0,24,21,70,12,414,806.34
944,80e0548e2b1620c25f4fddc69550d00dd460961c,0,1,0,0,0,0,0,0,171,125.26
945,cba0094f5a9833194bf2a13965eda678bd4a05ea,0,34,0,0,27,109,39,5,2190,2698.8
946,d7b5eadb92e514857754f8599f3d902093651f25,0,1,0,0,0,0,0,0,0,73.87
947,19f266d4075a8c56d56f6b8c7e95773378b95211,1,1,0,1,0,0,0,0,6,182.11
948,b15422177460a8f928a2ba93c429de426ae68076,0,1,0,0,0,0,0,0,171,131.93
949,c43eb856d16e648c2a6ab1f87b58f59035fce065,0,2,0,0,15,1,34,19,231,272.45
950,f7b7b4745541a576eb0219468263487b07bac959,0,10,0,0,90,59,37,10,2101,1678.87
951,f69d94158ce72f4ef2df5b98f2395c2b2e61251e,1,6,0,1,16,0,0,0,1220,869.53
952,a82f194b21a6af2f52e36e55e2c6adcdba942c08,4,23,0,3,705,79,229,45,5480,4080.93
953,5b5efd4b5cb092813d878b080e0657f40fc1f72c,0,2,0,0,28,0,17,14,461,360.94
954,6753af270c8a966411f5574afa57f6e5ffe43dbe,0,9,0,0,24,37,79,15,1743,1224.33
955,ee8c5e2dc391222b618b8a48dde9e407031ea85b,0,9,0,0,9,40,29,11,414,677.83
956,4b9de871df1b2574a7e5d1159b45ae9e4ba31955,0,2,0,0,5,2,35,14,798,462.89
957,6185bc0276c03075022c30d3c36f7f5c09ef19c6,7,26,0,1,288,327,194,46,4638,3522.81
958,67f1f4d270c279480cea5e6120ca157637910cba,1,11,1,2,141,211,34,9,1871,1524.65
959,324b475eca48502fb16c8efd0de99756f68437bf,0,3,0,0,7,6,34,5,563,611.21
960,f60009b14dae33168009290e549e4e9544595685,0,2,0,2,1,1,0,0,96,581.16
961,ec9e4eafa406fec897713310bafdedf6bbb3c0c5,0,26,0,0,1052,213,428,60,3681,3665.93
962,59b918ec2be5ec69fd5b62613e7665510f5217c0,0,3,0,0,18,36,43,14,130,541.8
963,5b36adde4f158d9d3b47bb98123a0bcca8028288,0,1,0,0,0,0,0,0,457,229.71
964,c69842336d87cc321a58171c517c46cdddfe1a64,0,2,0,0,70,12,16,3,140,344.39
965,b982eefd37595b30600b7a979915db5da22271fe,0,2,0,0,23,2,10,3,229,295.12
966,970c00eab80d82b97456e276ee0f5615cb1ccfa1,0,2,0,0,15,3,70,4,320,275.74
967,b6effcbba50eaa3abf91e24f0ae83abb53881add,2,3,0,1,34,0,4,1,139,450.27
968,911c768bcc3ba950d63536ce4e6ba2542542d573,0,2,0,0,55,22,52,17,1317,694.99
969,7baa58d797126b6fb2b1de30e72428895d2bcb40,0,5,0,0,333,79,147,19,1989,1129.02
970,7258a5fddf3fb77480cd414819cdbfbd96b709e5,0,1,0,0,24,0,0,0,451,177.08
971,b1cd3afc13070c4c50ba963520e7266f97ac52b4,0,1,0,0,3,0,0,0,152,152.24
972,238e739782222b17f33a3ac5a0374d8dac3be28f,0,1,0,0,0,0,0,0,153,137.5
973,a1c8e7d941ad9c765dac232435a297f905eeeed5,3,12,2,0,158,28,38,18,2330,1811.27
974,9198467eb293435385edcef9028a59fa41a3828a,0,40,0,0,242,30,432,96,5184,4283.95
975,e3892c29c342629be789437c2c52b4e367af52ef,1,1,0,0,1,0,1,0,5,136.29
976,bc55f85237cb46e73c6774298cf308060a4a739c,0,2,0,2,47,26,3,1,14,269.36
977,a511a47020a1a3f58c7778b5d5aba08d2b4876d6,0,2,0,0,55,0,0,0,276,248.66
978,3e6669000f082808999a7216b00c4b0f5a94e1da,0,16,0,3,16,9,43,24,2615,1833.66
979,0186794104b7106fe426024d65730fec79ad999a,0,4,0,0,0,6,18,4,806,750.75
980,4c75f31a5f80e6a717d040b0534c79f5ed8d9346,1,11,0,0,109,9,142,34,1847,1552.45
981,0e2c90bad934b276610fdcf027252553208099ac,0,1,0,0,0,0,0,0,760,300.87
982,d66e7af6526f208900a5d6cb588cf47058800804,3,15,0,0,96,4,56,24,3034,2585.85
983,73703a15c5006ddca166a458dcde72e17c91de4a,0,2,0,0,5,0,3,0,192,270.99
984,d1d71aa29afd4aa959864225d2fec50c71513481,0,1,0,0,94,47,8,1,39,208.52
985,ebc7f7caaeb47c9588d79a2f3ed496daa0bd39e5,0,25,0,0,264,228,448,86,2685,3310.63
986,1cea4d8f5a51cc5795ddd3af2ea015b9e14d937d,4,4,0,0,15,5,10,5,116,748.66
987,c36b5b7f6ef5767c9455cca093ce05bf2a54d5db,0,5,0,5,48,46,16,1,506,881.17
988,b3a33ce4b81a20ae5635cf28490fd2e1f9d86141,0,4,0,0,22,0,35,25,931,588.31
989,c64cfd2e2bffd0a8fcfa515d3bbbe76416a89ee7,0,1,0,0,4,0,21,12,459,231.75
990,9815e18fefa27d8d901356ec1d994a41b4db4622,28,9,0,1,144,2,38,19,1401,3315.51
991,e1abf17708918b82d3974ea028a4d74e3892fa0f,2,4,0,2,2,0,11,8,156,944.09
992,972b7545363ae85a55f94cf7ea83614be8840b75,15,19,0,0,137,31,37,13,2136,3240.71
993,816578b5c13d36d73af02d1c11787f789a69be3f,0,1,0,0,0,6,26,15,451,293.78
994,c1fdf575deed0398e1692be16cacf24308afd5d5,0,1,0,0,0,0,0,0,353,246.06
995,65edd64ca4902c9b2bc48e952056235f016031e1,1,2,0,1,0,0,0,0,78,286.73
996,56623efd73ec77e68cf35021d18d630b27062e82,3,11,0,1,52,2,33,10,1119,1931.87
997,e28752357705568219315375c666f8e500db9c12,9,40,0,7,457,11,166,36,2018,5156.51
998,abe699176babe4f065b67b2b72d20daa0a2e46a1,0,14,0,1,38,0,71,2,2206,1569.62
999,61bab2d875ab5e03d0df4f62217346549a4c64c3,2,2,0,0,0,0,0,0,43,358.68
1000,338857e1c2c2bb0c6011fcab477818102b95cb56,0,1,0,0,46,58,2,0,75,352.77
1001,8b04d8ba071fbcafc72a17d4cbfe6f00613e59b3,0,4,0,0,52,0,21,4,948,1012.02
1002,7fad45557e4cb7b345f34cec32f910b437c59bc2,1,12,0,0,367,10,151,59,2664,1785.29
1003,d3f1407f7bc95b823516e5a1bdaa23c717b6354e,0,1,0,0,1,0,1,1,53,165.67
1004,65861a712ddf67eb071a00218730926fdeef7084,0,8,0,4,77,9,233,78,1575,1442.41
1005,70ec4b1d927cad7373eda2c54ef44bfc4275832f,0,1,0,0,0,0,8,1,252,256.51
1006,c5d44af77473abb36cb9bf7ca3dead36490b8320,0,1,0,0,8,0,3,0,299,206.76
1007,cea319a4ad9c55d3d3263cf7a4224c25772d0e11,1,21,0,0,53,42,81,18,3447,2361.01
1008,a10990f44b1a4f8345eae7ebfc9c571bfd0447c3,0,1,0,0,0,0,0,0,63,130.16
1009,02c0c3b01730bdbff8a09d355c1b017715c7ce10,0,2,0,0,50,15,23,3,251,325.68
1010,37433638271718344498d695d5da08db12c24eed,0,9,0,0,41,1,72,6,2479,1169.77
1011,faa1803aa35871e5e040a22b7fcec61a2be16e24,0,5,0,0,33,4,11,3,1730,981.74
1012,7892b4e6c7c32be09d78a8bbbeeaa823d3197aaa,1,4,0,0,118,26,44,7,969,857.49
1013,68eed84f24a4771ccd805d8f39340eb7599df2ed,0,1,1,0,0,4,0,0,139,182.86
1014,ca8915d2efc225dbc0a4c138a2a34cf34d07e347,0,1,0,0,6,0,0,0,84,141.49
1015,0bc4f75eedf14af6d0b2e3e9be62a460b1049d0b,4,7,0,0,90,16,126,36,3059,1836.32
1016,dfa3c8a92dddd58cab95e12c72669f250bb99683,1,14,0,2,176,64,171,27,2750,2066.95
1017,a8794d8a5d18bb4eaafceac1ef675243af945862,0,2,0,0,119,11,3,3,528,507.55
1018,b3788d8dcbeee7a20f562e878c187a75bac11ff0,0,7,0,0,13,28,34,5,1674,771.12
1019,c060c482855bb9f51e19dde51911645413d85260,2,14,0,0,274,123,84,23,2562,1834.35
1020,3250cc767e8ef79d0160312a8b605535d3002851,0,3,0,0,96,31,40,9,701,771.77
1021,d41cf1b77819ede5716b31683d0137eb60cb7bfb,0,11,0,0,107,39,146,40,2455,1669.44
1022,d082563907103ea79eed681305df7093053f52ec,0,2,0,0,29,41,61,15,1399,726.57
1023,dd8cdb79d356b3049c21bf00613b8144dff0882c,1,2,0,0,2,0,7,2,224,343.48
1024,2cc8f48ae5358087381fa5f79233789499d6b939,1,1,0,0,0,29,4,0,369,503.6
1025,da9a171c99eb456378bdda95a563d09dfd9af4d8,28,11,21,0,0,0,0,0,1510,3039.15
1026,81f0c1e8f2ba2d86f061361b5ee33bb8e6f640c5,0,11,0,0,285,80,96,5,2438,1593.67
1027,d9479275fdacd172a2b545007b55e787c53fe54e,0,1,0,0,0,0,0,0,69,177.85
1028,dc5bf4bd453495af050ea7c0ec7a66b8d2b2e8d4,2,4,0,1,15,61,5,0,82,492.56
1029,7311dcbc5363d59dd0a0de86518dd12a7b259ca4,0,24,0,0,81,7,91,16,6357,3858.6
1030,e4a6b50deca8fabc9880c6764334bfaa830a6d5e,0,10,0,0,67,29,173,29,3195,1723.74
1031,e0150a25e8127c282f54a0395eb2b1c80ebda94a,0,4,1,4,49,14,35,14,198,779.91
1032,8e8b3c56572a825d3c1beb6ad77ce88571354f51,0,7,0,0,48,0,17,10,1826,1050.14
1033,1959835d9e148f0eb6407b36ff96b334d5e785cb,1,3,0,1,6,0,10,5,379,611.53
1034,39c1e6259c8ff547c3f7c5165b43c88f9f3ea158,1,3,0,0,14,0,17,5,919,813.81
1035,b3036c5861df2c5fc8a06ca5b817d43147f5ba92,1,7,0,0,16,0,4,1,129,816.08
1036,e4d829c47b9e143aa914cc492500d568d44836ef,0,1,0,0,2,0,4,1,220,225.07
1037,0c3e466eb035859659ce41404f3b71b577467dca,0,12,0,0,20,19,68,15,2250,1315.68
1038,1c882ee5fb4ef2d256c914bd69239d58d9706108,0,3,0,0,28,0,2,2,652,424.0
1039,1188db5657e1db6944b59b1c91a75e47856f4e5c,1,10,0,1,30,12,24,5,1364,1190.95
1040,47a3066ccb216bfb65dda2746ca1b7775d8cba05,0,3,0,1,20,0,10,0,393,678.84
1041,0a8b10e27f573612e1d5d6787b2096d3a8528b94,1,1,0,0,0,0,0,0,624,360.82
1042,a318b1512900d29dc9ff0082f52f467999ba69b8,1,3,0,0,71,1,29,5,826,678.03
1043,0b107e5f752f4f7d1d6dc97891cb9569c3db5b3d,0,1,0,0,0,0,0,0,310,200.62
1044,1c786c589ab6737e1660981e739582935f9e0f0d,0,2,0,0,3,1,21,4,805,440.67
1045,f389b715707e4e53eaf6ce476a218a4a06c427ee,0,2,0,0,2,0,3,1,886,424.7
1046,941e2177c0cf57eff818192258300d256971a11e,0,1,0,0,2,0,27,0,108,433.3
1047,d7ec9feaf1c2d2fc79218a798394f4665e4d72d0,0,1,0,0,0,2,27,0,108,144.04
1048,c7bc8f7d8c0101103853b5f6778edb04d1f41b76,1,1,0,0,0,0,0,0,59,159.02
1049,3557f097b81edd6518100d79b442223fadf9f81f,0,3,0,0,4,0,11,3,1150,582.52
1050,39eb31feaeebfb184d98cc5d94da9148c2319d81,1,1,0,0,15,0,1,1,11,217.99
1051,9934d28a34351a63738f8e9bac6b53fd699a4905,0,4,0,0,12,3,19,7,1066,661.42
1052,17b2bde4be6296dfd47defce85443cbf6e23835b,0,8,0,0,153,36,66,28,693,880.23
1053,2244c68ebc4b016e1a037026f625a2ecceb852a3,0,1,0,0,0,0,0,0,448,205.7
1054,b01c83ea916f9dd2a2db664d6e458b255d0242a6,0,1,0,0,0,0,0,0,271,202.22
1055,dcbdce31ba525771016be5be4abc4a2067e0890b,0,7,0,0,192,35,39,6,2994,1728.22
1056,38ae746448f799c3ff8be113f608aaa870e00c87,0,7,0,0,52,2,33,13,1550,842.83
1057,79db393ffaca25fdaac0fef69d6fb082f1628649,0,8,0,0,104,53,29,7,2693,1461.95
1058,2fc91afbad2229ef2f8ef6fbeebc257ab7019746,0,8,0,0,24,15,17,8,696,634.57
1059,3de2d296e9fec89631b6521ed488263dca5808a9,0,1,0,0,0,0,0,0,0,66.97
1060,f4e0deca43595f30b9c6f1a1666192416ecc8a9c,1,17,0,1,42,0,16,9,1329,1763.55
1061,21194a63edb460105acd8763e03d07ebbff1df68,0,1,0,0,0,0,0,0,271,215.38
1062,ba07d828c545d542cc11db60249e660d88a20fbb,3,1,0,0,0,2,1,0,622,652.78
1063,88aec3eb6d6f8d328e322493ebf4c3011b7335ea,0,1,0,0,0,0,0,0,271,197.22
1064,40509fd7b60018f06bcb4c55deabc2503415fcb2,0,1,0,0,4,0,0,0,6,116.24
1065,43e935a630eb0a7fa64c5a1a38bfee17f9b724dc,0,2,0,0,70,6,11,2,902,631.94
1066,6c92fc557682e853a0a3ed5684c13174fff45acf,0,3,0,0,34,2,8,4,552,417.27
1067,aea53108a7d9573b8976da83235639a981c09af3,0,7,0,0,90,11,6,4,2322,1292.12
1068,4660bac4eb45a65767d05b03d275e3bf08a85c2a,0,2,0,0,22,0,5,0,511,368.13
1069,4b4102884c8d317fe362523a9f5af20a27a4ee52,0,1,0,1,1,0,2,0,25,172.27
1070,004dde9e7abb9ebf18a7bfdf8b6f0e997ea9badb,1,0,0,0,0,0,0,0,0,137.58
1071,d099c749591ac0e819017a9d3ae48144ddbbff0d,0,2,0,0,1,0,2,2,603,387.59
1072,32f0f1f50aa618e8a3c52eb37006f4945fa6865a,0,2,1,0,0,24,30,7,766,491.88
1073,0082066c56676cbc6721d7ea1d0b6b3c011d7083,0,4,0,0,0,0,0,0,42,235.72
1074,160933bc092b4392cac1dd9497010320c6ae4d10,0,3,0,0,65,36,62,16,930,662.74
1075,2572637121527f8c37bc95212e7eaf8190eb436b,0,2,0,0,16,0,12,6,1473,862.74
1076,005b86ecf3bd881cb2005c177c2555eeb2a049d9,0,1,0,0,3,3,25,4,111,234.18
1077,0f60617fab5fc6805f522d0b9a213a7f600fab12,0,36,0,2,26,3,49,14,1630,2725.59
1078,90b2a2bf664e4e40d4cd1b46c72732c5edb97cf9,0,1,0,0,2,0,1,0,158,197.14
1079,6cc29e32169e069a75304803feac67591a57b6a5,0,2,0,0,5,0,11,6,802,755.44
1080,54a3718a900a5286baf2193713ea8d58ca2c08f6,1,7,0,0,92,21,10,2,2823,2107.14
1081,6f1d4c693307d1c5d1a178d56e403bb7084d537f,0,5,0,0,8,18,3,0,890,556.37
1082,fdd12698b8c8f9d4b70d775e5844b76912977843,0,1,0,0,4,0,0,0,68,132.11
1083,b6c2bbc4dd044ca2aef09d5d7e2be6cb9e8fdd48,0,1,0,0,0,0,0,0,4,89.0
1084,d68f9e2fe6cf2f76a81105ace5061eb7abb85995,0,15,0,0,2,15,49,4,1649,1311.57
1085,bcaee7fe19b3f2e75f6de0dfc5487deebfef446e,0,1,0,0,11,0,0,0,377,198.5
1086,b836bd18f99e32ee71e30693853518fdc2061218,0,2,0,0,0,0,0,0,624,456.08
1087,ea2a21dda4ee402cf06e127609456b11c5997d37,0,1,0,0,4,0,12,4,622,348.04
1088,54205697aea5bfeb4fbcd40fc849c0c975fd6070,0,6,0,0,46,0,66,13,2101,1050.89
1089,84de7f1756d34e6890c2608a699701d659fa191a,0,1,0,0,0,0,0,0,173,129.6
1090,55a90938a12d8928289a30588bbad6c959c48674,1,1,0,0,17,36,57,10,412,388.22
1091,f848e2cd681ced74fefdd38a54a44e31e4d867fb,0,1,0,0,0,2,1,0,158,149.68
1092,96587f4b1ffd372d3e4f9a1fba6fc1d2f84a191d,2,7,0,0,191,30,90,6,651,1224.57
1093,7f4feda959f5a0c438487844a0754cdf75f32a46,0,4,0,0,0,0,0,0,185,238.59
1094,adfaa1161150635b9bb0e36a573382c5b68960e2,0,2,0,1,4,0,1,0,149,271.74
1095,1744a9b4c2a13545036f172064df01b34b0dded0,0,1,0,0,2,0,0,0,14,91.14
1096,4baca9172dd662c2e45cd99c638a052eeca688c5,0,1,0,0,0,0,0,0,626,261.11
1097,26eea1d71e57348284ea00182045c8d943336f4e,0,1,0,0,8,0,0,0,20,136.41
1098,701e318ee1046946ce6681a59223504d8c33d751,0,2,0,0,13,0,16,10,187,263.94
1099,d65844b52723c7a093d969c4b2822e3b36389b70,1,3,0,0,2,2,17,2,873,561.88
1100,d5e463b9de1f92b0dcc8fea4cf74a0eaca835ef7,0,11,0,0,35,16,48,22,2010,1640.6
1101,2265834803649d2f9fb090e86d11309f6e9789cb,0,6,0,0,185,76,113,33,423,732.2
1102,f1cc8008e5e77d0587921d727daff1eafb80f74c,0,3,0,0,0,0,0,0,50,205.2
1103,031da889bc811200da67568c5779760dcb006238,0,2,0,0,52,1,26,5,1122,630.66
1104,efb060c57f05d1d586bb14c016b0187c60f8e994,4,21,0,2,208,73,91,15,1393,2189.64
1105,cb0325d484b957432048dd29419f0fa59c5f132d,0,6,0,0,203,19,49,12,1888,1253.29
1106,a05a00e50364d33a0206e8dffe6bce6713c9467b,0,3,0,0,0,2,10,0,802,392.05
1107,0dfeb31a116d26023540f6c6074127f0aab00b6d,0,3,0,0,197,87,12,6,1190,817.48
1108,7429f49780a69d0c5eda8ef0c69a3209aecee11c,0,2,0,0,0,0,0,0,0,130.93
1109,17bdd4831c0098ea2c50e9bad1bf8ba70352854c,0,1,0,0,0,2,9,7,163,153.19
1110,342f34a1994caafa3cea94a2f85ffd219b8cebc5,0,2,0,0,7,0,44,27,595,355.5
1111,ab8e9d1755e9527ca76e994dd59a21cc94550312,0,2,0,0,16,0,9,5,195,255.63
1112,c9f777cc44269c2e9537eab2451481422e613383,1,1,0,0,4,0,10,0,52,185.01
1113,3ab0456db839d8959b2846b9a7e4cc28b4c822c7,0,1,0,0,0,1,34,24,120,145.16
1114,e68a94056fa7eb5b8d69815bcfa522247568d3e9,0,1,0,0,3,2,35,20,394,431.63
1115,9078554232f9de56849b5c35bf45b81a67a748c4,1,6,0,0,204,20,87,39,1533,1239.62
1116,071b8f975f3f4eeb5659ffe04dbffafa0c8ab263,0,1,0,0,0,0,0,0,479,231.89
1117,bb8eff1e70491c4ce2dad07249d769b467f4068e,0,1,0,0,0,0,0,0,146,129.06
1118,a1f97c8dc4edd49c7a8a2ebb72734728029a85aa,3,12,0,0,74,15,45,17,745,1347.96
1119,2628695356de87aba7d046855fbe1f1963d3f911,0,2,0,0,13,8,0,0,152,318.97
1120,8068a3560b1896f25bdc664acd50d9c4d84f7baa,0,1,0,0,0,0,1,0,296,464.68
1121,ef275159432fd5fe88204783b621165ec39293d8,0,1,0,0,0,0,0,0,0,106.25
1122,0547a082545277dc119aa96dd8b8124949703be0,0,1,0,0,0,0,1,0,132,180.65
1123,6d7a81b478e1f36d7632c84d34280c22a2f717b1,0,2,0,0,1,0,0,0,211,208.13
1124,454f0f1ca1eccbeba6c459ce62c8e1caa4cf9a70,0,1,0,0,36,0,0,0,141,149.07
1125,bbc390018571602fb4fb77609093d450ab95a4c0,0,2,0,0,0,0,0,0,60,153.25
1126,f87d58b796977fdaefb089d17cb30b2071cd4485,0,62,0,4,87,134,320,47,7384,6533.2
1127,1b8aed6dc52e5d2f7ba29e4589baf15d53ad2870,0,1,0,0,1,0,4,0,19,105.84
1128,b04bed022aec0f1f478a03383ab5184f048133b6,2,1,0,0,57,7,10,0,692,676.32
1129,5bb53e034e4f8a06550dd06377fae7b3c2137ce2,0,2,0,0,8,24,24,6,1485,704.03
1130,ad6c53d89e5dac2e6d3fa9e3df9c597d0d52e485,0,1,0,0,2,0,13,0,127,157.36
1131,da42977a004dc0c9d29c8c28f0f0cd2c06b889ef,1,1,0,0,0,0,0,0,24,121.42
1132,6c6cf014f6eb9c90453e6ac1b01b8c1851d98f06,0,1,0,0,6,0,12,6,69,147.53
1133,5d798511b12c5ef7555e4234fdd99a360176e435,3,15,1,0,21,569,265,21,4021,3155.74
1134,91c207c2c6b09d88cc3366d69a31d0bf0ab0bffb,0,3,0,0,6,0,0,0,66,209.51
1135,f15cdbc91b240e656d9a2aeb6877e94624b21f8d,1,4,0,0,73,11,175,40,811,889.19
1136,47ee8e954df62b9a79099e944ec4be29afe046f6,10,20,0,1,232,22,78,21,2349,2979.69
1137,89faed8d30eb441fac7f1564edd40115006f5051,0,2,0,0,2,0,2,0,334,274.02
1138,9f3f8b4de64501902a4843064b1cf1feb21c690a,0,9,0,0,94,82,108,37,2581,1721.28
1139,f8498ec9e27ca0f08e3791d7a19ad8c6a97e210f,0,2,0,0,24,2,4,0,163,318.8
1140,3620035c45736b74e69921f7c50a1c3857aec334,0,3,0,0,9,0,29,22,392,712.03
1141,9d6020ec5fac21f36e2caa58256ee2158658866e,0,1,0,0,0,0,0,0,72,165.68
1142,4059fa5763252c6869b6b7c682d7b5f9d4dc3a87,0,1,0,0,11,5,4,0,58,154.69
1143,1844bf2b2f4cdf5a8209d7ceccb6701fc7dcf768,3,20,1,0,168,74,103,44,3285,2791.12
1144,da2205578be3228ce40eb5e59f6bbcb0c8da0aba,4,83,0,1,190,97,779,407,10915,8805.73
1145,edcefccfd7bd83110746fa81669e0d69ece5bb4b,0,34,0,0,82,216,31,8,3021,2953.44
1146,b7684b47b80a2a7d604632bb325fde49e570480f,0,2,0,0,49,5,3,2,182,398.97
1147,630e9c5679efa0916a7bfca849dfc8850737681c,0,1,0,0,11,0,10,1,77,164.5
1148,125d69caee993710bc07523fdd3deb0e06b10636,0,41,0,0,20,26,20,3,6887,4133.75
1149,6bee1e9e5799398550e1897bcef6c5067452500b,0,14,0,0,95,138,292,78,1689,2127.43
1150,c06fa5adaaf7fe940c314a0be97e122e921de970,0,1,0,0,30,44,4,0,11,170.92
1151,1cd86284e808e2846e94b312bb55141f6d216d51,0,3,0,0,16,0,11,2,744,475.52
1152,f15cdc73ddd06e0bf0f319b0d8ad8f63e80cf28d,0,2,0,0,52,46,37,6,263,327.48
1153,1f0ad0121e03a2e4f6c0cf3551b14c75085bd34f,1,3,0,1,25,5,11,6,313,632.06
1154,57770dd235a82994f296971079a97281be0a130b,0,2,0,0,26,4,1,0,196,315.44
1155,c9ffab16228ecd5d931b58d93dfa3f49287d2909,0,3,0,0,24,1,30,13,852,661.58
1156,1a653c813c842c0b67f26fb119d7727e272cf834,0,2,0,0,2,2,4,0,126,355.04
1157,a593db6a2b6c3511215008b6d3dd6bd77f84e8c4,0,6,0,0,40,8,39,8,549,797.93
1158,8ffb1a1fedad4350dd0f0ce0dd52107f962ce428,0,2,0,0,18,0,0,0,222,313.61
1159,3e69ce80157eb6a5e6dd05e3be522b5208a41bc5,5,19,0,2,408,723,474,34,2867,3315.53
1160,d2774e302fa528b4fe7b7db39f69cf679753f348,0,4,0,1,0,1,0,0,95,719.22
1161,e19c37e5914b1fa64befdfdf24edbf2415f8cdb3,5,7,2,1,56,94,42,10,274,1298.61
1162,8265a43897b3da88839df061ce22559820087ad9,1,2,0,0,4,4,29,10,230,339.34
1163,21ea4b1d2a1b99aa804bd4461015abaf31673923,0,1,0,0,6,0,18,8,488,266.19
1164,3b1cea60e909e579e54775fc479397ddbeba95eb,0,2,0,0,101,7,46,11,363,478.92
1165,334a30bcfffc3759aeded08f2089cea4ed6e9937,0,9,0,0,35,0,20,8,2149,1375.59
1166,a4720b25a372790b26a0b00fa18eb78f830b1311,0,1,0,0,2,0,0,0,6,86.16
1167,75c78e9692a479e2c94dbd08e564f64faedd2071,2,7,0,0,16,16,26,8,244,848.13
1168,ed96523a2c763b48399a9720dcce0af44f5fc1a1,1,12,0,2,5,2,7,4,1028,920.03
1169,6896f1ddb7650f42630aef8c67c8b61866e9fc00,1,13,0,0,114,66,339,53,4457,2784.66
1170,0b0819ba057bdb1e4d0d16745491aad523cab399,0,4,0,0,0,0,0,0,272,292.35
1171,ee8e9349b22277ec69bf831dda66cfc6e767df14,5,9,0,0,52,21,66,20,1049,1358.14
1172,343a8ef99cbc23e27ada8eb5f8c1b752067a7e41,0,3,0,0,4,4,10,14,952,568.02
1173,b78d7ba5d58fa77b831244444eef005a62883f9b,4,23,0,0,212,357,209,44,2704,3032.99
1174,71417552c7651a5b41e73460d0577615864aafe8,0,10,0,2,95,0,45,4,2487,1710.02
1175,e6164ec611ca48e71c549f88d8a92fef90bf5a71,0,1,0,0,0,0,0,0,494,217.68
1176,c4d629a0b3cbd11c174cb8b09a50bc8de77825e9,2,20,0,1,180,197,156,42,2815,2344.82
1177,607c3c21f652a8f911d1efb8374d2eec313a4e2d,0,6,0,0,24,2,103,32,2855,1528.08
1178,c715f6a5ab94d187eb662efde594f0f14dcd9910,4,11,4,0,37,55,71,17,601,1384.68
1179,551d57561d6cb9e53aa16e0616190d370d339355,0,3,0,0,72,10,29,3,326,424.31
1180,1f659913a631d9e77e7cd9b9c9775e3249ef803a,0,10,0,1,40,19,66,27,1664,1677.97
1181,9ef2b3ce8e4553504e52385a6370bf641fc6ea1e,0,5,0,0,43,16,13,3,283,495.42
1182,10cb534c8b18997301553db6debfe91bf596500e,0,1,0,0,4,0,27,14,759,360.69
1183,6682abe4ae68fdbf0eb362e45f43ea14e2aba847,0,13,0,0,21,57,80,27,1681,1681.09
1184,f5310d645c4920d37925e82edb07f1e4a582b0b2,0,1,0,0,0,0,0,0,0,95.41
1185,9836adc732288924813927c4869ffb3908febba1,0,3,0,0,4,0,0,0,663,492.96
1186,47c2753496875db2849065ad91ee03c7c842c8e9,2,2,0,0,7,6,13,0,124,401.08
1187,ded8741173854c98f3be0525403b6a17a55b6027,0,1,0,1,1,0,1,0,88,266.68
1188,51af6fb654c482fb6fdd85126991149238640fd7,0,2,0,0,27,1,13,0,294,325.89
1189,b2a328daf2a51520290fc4ec31ce5d92b2c0ef01,0,2,0,0,10,0,20,5,849,450.75
1190,adefc8ea076354e07839f0319fee1fba52343b91,13,19,0,4,156,30,5,1,1289,2816.81
1191,facd2c5a8c7a4379755955ba3e318bfecde6af39,2,6,0,0,87,9,4,2,1533,1051.12
1192,752e5317410f05d08f69f302e4ee0cadae183b59,0,11,0,0,14,0,7,0,1115,1262.28
1193,2fb5664bf4591f3e7bdc02894b9de392bf72913c,2,4,0,0,18,7,123,47,2039,1230.2
1194,b687c068008a81fad390c80da289249cc04b3efb,1,11,0,0,6,0,10,2,1607,1130.18
1195,45394d52c1ba566178c57897297a3ea31379f957,1,8,0,0,49,13,87,15,1391,913.57
1196,51025764601760684f3dbdc0171fd7aa2ebe70e7,0,2,0,0,1,0,1,1,189,236.57
1197,3f155eaa23c6081e4afa3b49f0f8a65a16b8e05c,0,3,0,0,5,5,120,10,1211,715.72
1198,9b85cf9ed02d4b3b87ea39e0c2f8c35e1e813f2f,0,5,0,0,0,0,0,0,425,489.09
1199,667cd60dc6ba68831423a256b6e455f7d955581c,1,3,0,0,27,0,43,9,733,585.16
1200,9cbb9f0939c88868bf33ae340c5fa756ee2965e8,15,13,0,0,173,76,133,32,1847,2534.78
1201,4065ffb3e1a82f71578811a0a329cdc90e5e1567,5,11,0,10,41,29,28,8,437,1731.73
1202,674407908b898dd18b447447ad3346b5268b1dfc,0,2,0,0,37,1,1,1,938,587.79
1203,a1ec6527db808679330a54e802c4ae1630e6b50d,0,1,0,0,0,0,0,0,554,213.93
1204,07a428e0c8fea498f084f5918fa88d5334ae8028,0,1,0,0,0,0,0,0,101,128.15
1205,b07435638d66f80c10c23c7e87bbe1d6844968a3,0,1,0,0,0,0,0,0,525,219.48
1206,e16b9143dfcecbd58e3bebecbdb7d8e933b88cc4,3,4,0,0,2,0,2,0,616,727.98
1207,4769e3d92acdc6036f1f834c70004f0c867ae582,4,6,0,1,12,41,33,12,1264,1445.7
1208,6ebd9d35fc081bca3f1efeba8b70ec71cde85270,0,3,0,0,73,31,28,5,797,520.44
1209,2db1e4423fb33405a319b253b040e57e069c1f7a,4,6,0,0,66,0,33,12,1426,1191.07
1210,a7e49027b2b95bc8656ee9f419306c559ad1cb5c,1,1,0,1,0,0,0,0,25,251.87
1211,ae4100f82c13b3e6978c0a0f697312bd073e0eb3,0,3,0,0,2,0,3,0,1026,479.57
1212,3728f4cd9623ce028f1720b03e15d444856fd7fc,0,1,0,0,1,0,2,0,253,195.11
1213,779714c08bc16fcdd6fe7c39e92a7f73ebebdb71,1,2,0,0,10,0,23,8,692,401.13
1214,9bb06c3eef3ebdff77e5e3b98c26b86c40efc56c,0,16,0,0,68,21,253,41,5016,2599.58
1215,1f5bc11cc0e94110e9cb673cacc63c02bb23c279,0,1,0,0,0,0,0,0,545,203.47
1216,d6fabb011af848ff96691b5deb97c88a84e1a683,1,3,0,0,9,0,10,3,1197,657.24
1217,a67140317a644034e91ee596ab22bfb55adde1e0,1,1,0,0,4,0,34,16,152,254.52
1218,e1491d4a0463deaaa8de7e100dddc2edbc030abf,0,1,0,0,49,31,16,5,811,330.79
1219,08063f50a04fda3e40c6060a432a97f49bb68c8c,0,4,0,0,99,28,80,16,703,580.77
1220,c42bfc0d51e6691b4b5672ef7c8a1bedcd452d7f,0,1,0,0,0,0,0,0,108,504.63
1221,ffd8f18a129fa826d62f527ea2c8eba2cfd644b2,0,4,0,2,0,0,0,0,165,620.09
1222,3b5d88febb186c4b92cc514fa2338de7bc338f67,11,24,0,1,101,56,87,18,1952,2684.4
1223,a0ad9f156a122e3e3a073cba0e2b0c39c93c7db5,0,1,0,0,0,0,0,0,364,209.18
1224,2656659e0d7c0e427768ce216df2698acc8c9b11,0,5,0,0,4,5,39,18,2374,1333.97
1225,dfd625daa36de2e34e6c596967775394c55bc605,0,4,0,0,0,11,2,2,146,358.5
1226,8a5e86660593eab49c64fdfb5ef090634ae5ae06,2,16,0,0,177,32,185,66,4285,3358.22
1227,8fca432223da521b78e60e0cf8fa881ced19589c,3,22,0,0,318,32,68,21,2389,3318.78
1228,6055c749899a6d5ae618206548afd1f1e83eb65c,0,1,0,0,0,0,0,0,90,163.28
1229,f305dd68f6524abc25c4ed88983f0e78b4e6c243,0,51,0,0,23,35,166,35,5640,4981.89
1230,346d0ca5382800f4bbc670b80660408705742392,0,1,0,0,12,1,2,2,8,195.21
1231,a3f068e22da6915cbc473be8da0cfbb229817436,0,1,0,0,25,0,36,0,102,237.53
1232,d83252ebaeeca5bf19584908d95b424beb31b12e,1,6,0,0,72,34,164,15,1062,856.43
1233,be6252d8ebdf9cf2d151028a7ba20eb1591b5961,0,2,0,0,0,0,0,0,962,390.65
1234,ed0e692147d81e396bf10f4d9425516d51bd52cc,0,4,0,0,50,2,19,8,276,414.13
1235,b363901cbe9451bc5fc7ce55053aab1ffa9d7d49,0,1,0,0,0,0,0,0,120,114.9
1236,bd83ae6ba1f887ab112c4ccb2002633dfd387d69,0,1,0,0,0,0,0,0,0,131.73
1237,f2b74aa1c36bf2882006c14f7cbd56b493f39d26,0,36,0,0,99,314,439,66,5357,3901.6
1238,4ac7c48e91f37471e83cc82d26b26e5b715e8e80,0,1,0,0,0,0,0,0,298,199.76
1239,f46d414c1643e15bc5b7a152b8df475aacd1e66d,0,1,0,0,0,0,0,0,426,204.33
1240,c8f1471992c98e0104e3a7b2e093adc21b2d2a6f,0,7,0,0,46,8,24,4,646,1074.33
1241,c96f89f845f790d8e7bce45aae6c8c4d15a25660,0,1,0,0,0,0,2,0,669,286.16
1242,80e0af50d94ffb99f669e55581d262db5f6dd027,0,1,0,0,3,5,43,28,362,258.09
1243,bd0146d984dd5df82fb19aa936e8f4ff9ca40030,0,19,0,1,6,9,82,34,3358,2110.19
1244,37ec15e9627e2fe68d78eb6d95e9a117e3bca320,0,1,0,0,0,0,0,0,0,115.34
1245,bb9859720bf88732cb63ec27cfa10d510d767d2b,0,2,0,0,0,0,0,0,325,245.31
1246,552b1707871fd92656debe33b03381f597be2578,0,9,0,1,37,0,38,11,1360,1320.07
1247,69d2a177101eb1c29b59b4c64d8c22f6d5e3d281,1,16,0,0,55,4,12,4,2646,1765.75
1248,94692288bedc353383e014914937a4798a1d4caa,1,11,0,0,509,30,144,43,3263,2837.9
1249,5f6393f9b17cce17ded7a00e439599dfa77deb2d,6,8,0,0,92,7,24,0,1789,1652.67
1250,b12ba240e95eacd514bf79e029fbc6b9ed1a1a67,0,1,0,0,0,0,0,0,151,161.5
1251,a2da064cbf01558d0af64adc9d6fc9444cd744ec,6,4,3,0,3,0,7,1,661,1100.68
1252,a553764c8b1611cafd318022d0fc4a34c861f6ba,0,6,0,0,26,2,7,5,1468,925.46
1253,c8c6ab63248639b167350642efdfc4341fa3ce37,2,4,0,0,12,1,189,53,2059,1092.92
1254,690575ec466b5ef6099c3a731e97d45b28c98b33,0,2,0,0,7,1,10,0,966,460.8
1255,ea533f0c5e2438f0aef070dbadb023bffb9ce009,0,3,0,0,1,0,0,0,651,498.04
1256,402aa093db243965d2b6c04118ac7ee6d196fd45,0,3,0,0,28,3,9,5,413,407.45
1257,7c988a3c8bc9429c1f28f9c29dafed185cec1a67,0,2,0,0,62,0,92,27,336,423.79
1258,e554dc518eaaa0747899e708160275f95c4e525f,2,0,0,0,0,0,0,0,0,174.66
1259,d60f011d77ce80a44b02d43bf0889a50a8797dcd,1,12,0,1,149,78,108,38,1548,1324.42
1260,f4a1ca347bd21cacf5906887f56001bce61c4544,3,5,0,1,80,0,13,0,330,1109.64
1261,271f6b5aec885d2eb348dea4de637ac269d3e1ca,0,2,0,0,22,5,20,4,206,338.82
1262,852297efd99af04df28710b1b5c99530ab20a072,0,15,0,0,147,50,112,30,3169,2320.64
1263,4e43a7231dafa149de908eac79c437d65a9de4fb,0,2,0,0,0,0,0,0,991,410.27
1264,73cc416664dbc8e1442f70cb3c4cd8f4d365ea50,6,16,1,1,293,13,101,15,1700,3597.25
1265,1444b7b594f9c0c426a3631ec43d77b19c8f4373,1,2,0,0,8,0,55,6,74,643.21
1266,071f9fe1a2fd903336606f9fae735d7f33d2768c,0,4,0,0,0,0,0,0,162,308.97
1267,9d0a89aea5252e5b7ff8deff707547e6a6dbbc4f,0,1,0,0,2,0,3,0,118,207.0
1268,89ba0c1525b8f8a4e36d1e1b486ca660d5c24a7b,0,8,0,0,82,4,0,0,867,912.22
1269,eaabb6cd0173c4f6854eb5da39194a7e3fc0162c,3,12,1,0,52,17,80,26,1824,2370.11
1270,b79b179716b5f8bacb870a53a5a9216a0687b3c9,0,2,0,1,10,9,41,17,330,473.11
1271,082def05ca5af4f30e05aa28ba83fa299f30337b,0,8,0,0,7,0,19,6,616,798.28
1272,4f4f99532557439c6e85b18a23df59c2ae45a71b,0,2,0,0,3,2,5,0,18,201.2
1273,39d5cdcccfc0f7d7893188bb22580da0c842a993,0,6,0,0,0,0,0,0,0,262.81
1274,f9865d52e81bbdddb7889d6c3cc7be537e610826,2,3,0,0,10,95,28,14,188,942.15
1275,3dcbbf703017985c9e212ad69cc7afdddbf358eb,0,20,0,1,11,0,0,0,1040,1329.88
1276,05357b7030c784a6548453f533d3c00e19548ba2,0,6,0,0,149,2,32,11,927,1065.79
1277,28aaba2818053ffc36b1ae65b7714638ef41b91e,0,3,0,0,33,0,0,0,110,249.05
1278,5383f9bed0ec4fda86b74a94d9d1ba595a2a1c8a,3,32,2,0,39,0,2,1,2948,2850.68
1279,9949e1ed1be8293ba60dcab10345fbcce8d61e36,0,8,0,1,20,0,2,2,968,969.88
1280,2a1b39ef1b65a4de4f3813bc749458f9fd6a1e38,0,13,0,1,0,0,0,0,2134,1589.77
1281,c6e5a32d0464622ced4b7887923ca37c717b9e74,0,3,0,1,4,4,0,0,40,467.79
1282,11afff09908035166febf9b75c410112693ff98c,1,9,0,0,51,28,45,8,1240,3054.42
1283,93b71e7deeb9d5c705d654443147f90e45cb11c8,0,0,0,0,0,0,0,0,0,78.5
1284,06738b41bc2447211d901d09aade7aadd0df6254,0,4,0,1,4,0,1,0,550,437.63
1285,e61002e2ab70454304e12f2834cbbcb4bed002d7,0,5,0,0,60,0,11,3,336,798.58
1286,a47bfbcae050659d32f777ed2f4b26dda5fbdbbd,0,13,0,0,348,28,97,21,2014,2453.6
1287,196bcfca0c56420793f85514d1602bde564b0651,0,4,0,0,7,1,6,0,338,467.12
1288,974d6fec93b779cd2f9036d0ea89cf1b0917de7b,0,1,0,0,9,0,2,2,147,188.53
1289,fb6ca658d699d41fb9e6a647e92b1382ea1aaa65,0,1,0,0,25,10,26,3,93,317.47
1290,10cd98cc894b88c5d1e24fc54c66361ad9914df2,0,2,0,0,7,0,15,6,469,429.0
1291,23a014052d39521a3af471b3f95809c2164820f7,2,22,0,0,85,28,173,17,2995,3425.3
1292,2427a44768f9734179c957b645df0476e7cb6d05,0,2,0,0,1,0,1,0,263,307.17
1293,a1ea5360631f4366ba536fca37d9f906b0e58a5c,0,3,0,0,29,5,13,3,823,623.9
1294,6d6080f13633508c57e48cbc12788ce643af4953,0,2,0,0,31,0,33,10,143,308.85
1295,f4ac68a400a8289704a5888bf62f1d93e7aee99d,0,16,0,1,43,4,37,17,1112,1650.93
1296,64930cd71361853cc46ed02232213cc7ba749e77,0,1,0,0,8,0,0,0,52,149.6
1297,90b5ce3f04626ee24aebd1d06588489180a4bb05,0,2,0,0,11,0,16,5,253,273.96
1298,1027ff3c769906b7b80582217cf5b4703fd6864d,0,4,0,0,4,0,0,0,225,362.4
1299,a5a9a901ef78373cda4b743323ef9f6e6da0dbf6,0,3,0,0,0,0,0,0,428,436.3
1300,c22c1775a550dbefe6bd4cdcf8820404351257a8,0,1,0,0,2,4,0,0,174,579.12
1301,7d6ca52a2751908c7fc6b752d70dfaaaaa9bbe8c,2,8,2,0,97,94,212,48,1834,1380.19
1302,31fe1f98e2f19074360e85c8ec839356238f0b29,0,1,0,0,0,0,0,0,287,153.46
1303,34188b4cc4703f6919526ae10b7185842d1047b4,0,1,0,0,0,0,0,0,114,129.49
1304,9806c1b176a8a07016ad18e0a6843cc486e52cc6,1,2,0,0,0,0,0,0,54,214.45
1305,c2d9a2f307ce0b221c915030a1b3831aa4d3763c,0,1,0,0,0,0,3,0,157,146.23
1306,ef4914520019e941827dac8eda6000a82cb74cc5,0,4,0,0,0,0,0,0,443,350.07
1307,7a14663929ba1111ba05b57e47cf96fc55891a36,0,1,0,0,0,0,0,0,561,219.49
1308,f931febc8c4b74baa522a593f16df84a0b05bd99,0,5,0,1,0,0,0,0,404,423.59
1309,6c416aceeb172dc6b0103855f3c1ecbfc9f4d411,0,2,0,1,7,0,0,0,22,192.13
1310,9c346ddc724d04a1e3d87baf6785c03a5909b161,0,1,0,0,0,0,0,0,0,84.53
1311,7fdafda9796fc8033c5f77bf19be17be462e1b4e,0,1,0,0,0,0,0,0,367,195.39
1312,561dd3864d89db58bd3cbdd64480f12fa7249f1f,0,2,0,0,0,0,0,0,392,258.48
1313,5ec6765bdbe136951d737f30b5da62b07cc5cc68,0,2,0,0,30,0,9,1,72,247.32
1314,9be71f7bdcd147aee7a360a4ccf400acb858a056,0,5,0,0,37,0,0,0,157,311.67
1315,86cd558b3345879429ba177de8ff5b40e1219e73,0,1,0,0,0,0,0,0,121,96.5
1316,c216adb4bbf8306977380a1ec371380e30137765,0,1,0,0,0,0,0,0,287,179.57
1317,021f2e7e246268da46be80fd87d76bb9961b93d8,1,0,0,0,0,0,0,0,0,147.49
1318,277fc927c0d6c2699b64a5a54461fb96a50f58ae,0,3,0,0,48,0,2,0,206,360.03
1319,b281015c150cb95c4205ff6a8d8945b86fc94d4b,0,3,0,0,8,26,38,8,855,580.74
1320,ab6f848ba6cafaed3d75b54005c954733f0d1735,0,1,0,0,59,0,3,0,55,479.36
1321,f4e9c84c52fbb7ec6a4ca50c9ac35cacbd0df082,0,3,0,0,22,74,28,11,660,528.48
1322,c7ab3efcbe5d34c28e19a5a6a59962c2abfd2235,0,15,0,1,66,16,92,15,2702,2513.79
1323,71fe23b445e242ca0f03f06aa8dad96e610db00b,2,4,0,0,7,0,13,4,253,637.12
1324,e4208b1d5fa1c28ac7e64e2cb039404a14084dc0,0,5,0,0,0,0,0,0,773,515.15
1325,86062e9a78dccad74e012f11755025512ad5cf63,0,19,0,0,54,5,83,18,3603,2402.25
1326,2b5a21395cf8ce6e3e29a9a778bc20f727ec35fd,0,2,0,0,21,10,25,6,108,289.44
1327,ee1aaa091fc68587635604de5006b7acdb160361,0,4,0,1,9,0,13,1,90,519.4
1328,718dda1144629d824f4bdb8ff73fbd531a22723a,2,1,0,0,0,0,0,0,21,366.91
1329,e23de3caee3eb31a5d43a8869e6d28e25ea720d4,0,0,1,0,0,0,0,0,0,63.15
1330,66cab2f7fb72417f9bf8759fccb26dfdb33ac6ce,0,3,0,0,50,2,33,19,328,456.1
1331,84ddff6792a2082a1940664d42f5b03edc617c31,0,1,0,0,0,0,0,0,102,122.51
1332,54371e63d3c703c932777c2c0f95700c8cb5ba61,0,1,0,0,6,0,0,0,88,150.93
1333,dc2322a272c3093b3a65910fc35c383c7bb40fab,0,1,0,0,8,0,3,0,45,145.52
1334,53c5ccb33401b772678e9d1ef3bebd5784e22814,4,3,0,0,100,0,0,0,1087,782.65
1335,d9cbc6b1a28e2fb3f88137429e08c12201998bc7,4,1,0,0,92,38,4,3,19,445.8
1336,00261215436e50fa894f765c1b123f9a780380b1,0,3,0,3,0,0,0,0,27,318.62
1337,b604540fbde818025afac85c3e96be76f212503e,0,1,0,0,0,0,0,0,0,69.41
1338,83b8cf96f92242d61db9e87aafce1e8dc457c1a1,0,1,0,0,0,1,0,0,15,76.93
1339,e3c32391f95d82a217295c7e4c1519981124bc3f,0,8,0,0,67,40,92,32,1389,1087.93
1340,f0276f5ca2ebed2848055ccec875181f5db7ba51,0,1,0,1,9,0,0,0,7,461.17
1341,fd8eb268d655e00fd1f5e41452a2a30e81daa244,0,1,0,0,0,0,0,0,110,129.89
1342,049342e440a5ca045771f3eb5b4c72d3e52ffac6,0,10,0,0,39,7,51,12,2212,1874.83
1343,80038e6d205a037ee969f1c5839ec03925cd8ba4,0,1,0,0,0,0,0,0,354,172.25
1344,c5f31fe3840e87fbdda63444ef285ede840744cf,0,2,0,0,20,0,2,0,289,293.65
1345,67ba4c4eaed830df3132aea2b50bca076be4edd2,0,1,0,0,0,0,0,0,25,115.08
1346,be2918b3a04f669a1264f5d1b0be3cdb6915b2fa,1,4,0,0,12,3,7,0,925,606.51
1347,5a2960f811c27f59d78dfdb99c7c3c6eeed16c4b,0,2,0,0,13,4,23,11,305,325.77
1348,8f6a372eed3655b3823ac6372821d138879e9d9f,0,1,0,0,1,30,54,3,126,213.68
1349,5df1eee7d689e18ac2f7b74410e7a30159d3afdc,0,23,2,0,143,371,550,104,4465,3312.76
1350,1a1d923f252e9b1576dad6f7285f237feb064f64,0,2,0,0,27,1,5,0,135,241.03
1351,58877a0deacd6c13436af83ef5be1a6f75a3ac4a,7,2,0,0,82,114,11,0,35,784.48
1352,0cc32abc17d26c5faf6fdc3b63a01016e05a65b9,0,26,0,0,290,3,33,5,2188,2285.95
1353,38c5d7fba7387b797a10c9c6ed71bf99c6d417bc,0,4,0,0,43,5,82,38,1477,823.03
1354,d01f01ec63f61bd4742f02abff2ab6cf339e2897,0,7,0,0,122,32,71,34,1159,842.63
1355,d1e0443bac769c10598bbdeddf6d7e06f2fdf7e4,0,2,0,0,0,0,0,0,138,217.4
1356,39c438ec1f0830e8a651315cb24059ae290645ea,0,2,0,0,0,0,0,0,428,245.5
1357,4b8a29f12a142d02be0b64eac71975b6a129d04a,1,20,0,1,162,212,134,39,3050,19839.6
1358,30f08d158a97e0d83b59e5910fbb0a84c5c6d14f,1,4,0,0,315,33,35,7,232,606.34
1359,b6909339876ca1cbcce28043c4b42f2c7e48307b,0,1,0,0,3,0,11,3,28,116.71
1360,d543e19a09ed34ccb6fa435d430c2c715c3c7098,0,1,0,0,0,0,2,2,555,526.3
1361,234ec8a8af76bfb7874dd99714a65089d6048953,1,18,2,0,132,59,130,27,2685,2453.1
1362,043951753b6fb6c8bae6d25d7a6a97e74b614cac,1,29,0,3,204,59,197,36,2789,3381.19
1363,a5cd34d7962ff5da9b99d0229ef5a9a5fcb3f318,0,1,0,0,2,1,8,4,227,188.4
1364,b08882213489706c663785f2c94d76584ba6e856,0,3,0,0,22,0,1,0,125,229.53
1365,fe3699ce3362c8942f96e52281a2bd0fc1bda032,0,1,0,0,0,1,5,4,102,140.0
1366,d1a9252ca1808711882ae4c3043b0576620f8177,0,2,0,0,29,0,6,3,194,255.92
1367,1cf7ec87d3afeaab7b4f40d387d34e91e9616e64,0,3,0,0,35,2,4,0,307,355.02
1368,616321bcb618b57d063273df7764058dbd2b7a9c,0,8,1,0,0,2,2,0,916,1097.72
1369,69777260e05ab12ee8480c23cd2e6acc6e218a12,3,12,0,0,64,14,40,12,1587,2165.64
1370,e86f70ed20b2d2415f3f01497fd85a7f6c2ac2e8,0,3,0,0,0,0,0,0,986,558.47
1371,066bfc314c912aa90283a1c1c53a958237d1adff,0,4,0,0,40,0,27,6,774,729.1
1372,22f742cdd2899b76c1b4222863ee02ad3bc749a1,0,1,0,0,23,3,11,3,351,271.25
1373,9aad649fd0defa4b55f305e3e025883ebb567b34,0,2,0,0,0,1,3,0,231,280.65
1374,f3b9afe62265d7559ef65f5aa692feecc5fa8f25,1,1,0,0,0,0,0,0,114,254.4
1375,82c6d429e70f1c782103953072dc6dbec650dd6e,4,18,0,1,122,69,108,44,2698,3001.56
1376,27c2c81663d6518a3da5cfde88109f90ded8a6db,0,2,0,0,0,3,15,2,99,262.22
1377,0538f15ac36358937eb7a3167ea99f7a668797e0,0,7,0,1,0,0,0,0,616,475.49
1378,5995453f4cd69036f0bed77afb19ff505c903dc9,0,1,0,0,0,0,0,0,12,92.28
1379,a3aea3cf4dbedb293f2d7859e0298bebc8e2185f,0,2,0,0,8,7,16,3,317,279.8
1380,2bc780b959cad59b51d26562bd2f801432e05e2a,0,3,0,0,3,0,0,0,641,821.33
1381,96df93522f84173ff47f47ec78ec408991140b65,0,4,0,0,0,0,0,0,262,255.22
1382,39f2d4588fb1bf82748fa4c1025b7452ca1ff5ba,0,1,0,0,34,0,0,0,254,252.73
1383,d61a592c8a5ee2279760c2c7c72550160032bf8a,0,4,0,0,39,38,31,12,968,619.65
1384,3de910319e56d81c50597f05459d35752345907c,0,1,0,0,0,0,0,0,52,97.21
1385,98296f852f334067553e541d6ecdfa624f0eb689,0,2,0,0,0,10,18,4,89,219.32
1386,bfb272c5cdb227040d862f0ab7337df68f787764,2,15,0,2,55,4,111,7,1686,1699.07
1387,e1c407973f5c4a7af6b80c1a9be92ab1635de665,0,1,0,0,1,0,3,2,15,117.83
1388,fa5ebc8a019f8cb24823dd29ef84d422d93624dc,2,17,1,0,95,3,115,41,3587,2473.33
1389,3e21e17a7d3613bfab8c34555c0f598a07cf0675,3,2,3,0,12,0,1,0,109,537.38
1390,27a8d0f9e7f3b05f331d1449b17cf7e085a4b45c,19,28,0,0,169,0,56,14,2614,3913.43
1391,bcc712b45820da74b44209857ebbf7b9d59e0ed7,5,17,0,0,124,23,55,26,1733,1714.0
1392,8ded496c9be619fe29d00b406b3c1e094abc202c,1,1,1,0,0,4,5,0,58,257.48
1393,11f3db0b731739017174e488670e529af4dc22ae,0,4,0,0,7,0,9,2,556,569.31
1394,f6f65a78684e41bcd6115438a76cd6c552afc043,0,1,0,0,0,0,0,0,30,91.62
1395,5701ba88f895ac9211f25c15204d6281aed00ffc,0,2,0,0,12,2,0,0,104,156.82
1396,e98162792684b0874c60003c6a596ec739c934a3,0,1,0,0,28,35,3,0,7,152.25
1397,40759595e2e4d3751da8787c62ffd659cde257aa,0,1,0,0,0,0,0,0,304,199.75
1398,8cd563d4785f719c4876d9d4626713994c3a3a6f,0,1,0,0,0,0,0,0,4,99.81
1399,75e37d7e2063b726aa0185f4b695f32cde69d95c,2,17,1,0,69,26,0,0,2286,2005.82
1400,ca30c2d55b4f882fda34a13aff6f9ea510a959f6,0,5,0,0,53,17,6,4,1244,1262.36
1401,2c08d7e39e3c7e0a65b0255db3c86d3e259cedbf,0,1,0,1,0,0,0,0,46,213.31
1402,b814a16b968d144802d08523b5c359d6706f5632,2,21,0,0,372,1,178,51,4163,2887.95
1403,faafdbe014ca6ac7e253be6934f78885642666ed,0,1,0,0,1,0,1,1,38,185.34
1404,52191c34986431673580575264c5c0414ae20243,0,1,0,0,53,91,61,12,91,237.74
1405,c615c597aa24cc5a4552102f1b6d27fcf4e24d12,0,12,0,1,8,45,23,5,1176,1371.22
1406,c8d80073c9d68c4e7fce695118fb52093fa39d45,0,1,0,0,0,0,0,0,0,116.82
1407,d706c87cb2a7e060ae22ccb7809b5d588bb3d6b5,0,1,0,0,0,0,0,0,110,134.83
1408,a9af5c79638cb6ac4e729cdd995facc6153e45db,0,1,0,0,0,1,4,2,303,265.83
1409,4a274bc9fd2ac3714788af0429fde8945a48636f,0,2,0,0,0,0,0,0,48,114.67
1410,1fef10d47f8b7481b4fed8f5366c6780d9c7d733,0,3,0,0,72,25,10,1,1536,639.33
1411,1e04f5d2348d91fc18d4e0f330c231919663be1a,0,4,0,0,0,0,0,0,1528,559.09
1412,b5da5f8bec2b87c13f82d57be8e38a397c61366e,0,1,0,0,0,2,4,0,15,117.22
1413,a78f66a5ae7865418ee482c535e883598e1ec51f,7,8,0,0,8,0,2,0,1426,1680.94
1414,fdc14dacedc3d3497dcc222b44f539e6355b45a9,2,6,2,0,12,29,5,0,790,763.95
1415,cb93d764613d801a1185989f09ce2d6b76009020,0,2,0,0,14,0,3,2,263,366.29
1416,70d3b19b1126ae64c214615adef590275f218ee7,0,3,0,0,11,1,15,4,834,475.78
1417,2264613c4e2f51f1332671db50b6af6284baa6fc,0,1,0,0,0,0,0,0,130,166.87
1418,3431be2aeb4f16599c419f89360856b72d0d335d,3,9,0,0,120,50,15,1,1293,1398.93
1419,c6635e8d12fa5fed32ac75a727e62332fffa210b,0,4,0,0,308,34,81,26,1064,885.71
1420,3e4176fdd653f002ce878d99ba5c05389c8b6cb4,0,3,0,0,4,3,0,0,143,618.35
1421,530bc59de2732ba71e82c0110c59e9f6162531c6,0,6,0,1,92,10,8,4,1437,991.39
1422,4c48942f9d9e1428e21f934746cb7ce22b3df746,18,21,0,2,211,92,276,40,2828,4531.34
1423,1ed6da7cc8eb2231f73509c907c2e67af2f249d2,4,5,0,0,12,0,4,0,877,907.81
1424,4a2aa4bb6700c02b573c3ae71a40bdb8df5ab3a7,0,6,0,1,4,0,7,4,579,615.09
1425,498cf73f54c202417ce0e12d8ef7f552da850f7d,0,1,0,0,0,0,0,0,0,128.8
1426,505adefcecc6e7282b73f934aa8c7a59adcb675e,0,2,0,0,21,0,0,0,546,458.19
1427,f9b56d680bab86fad276d01c8421d3679a788f2b,0,1,0,1,0,0,0,0,17,207.92
1428,4019b21d602c0912d9dc0286f10701e7e724f750,0,18,0,0,114,42,132,53,1947,1797.01
1429,7fe1c2b3d3a78ea3ffb9e269563653626861fbd2,7,8,0,0,255,86,213,56,3529,2554.64
1430,447c64fffb72fdb82e2f3c670e891ae1d00a8ec8,0,4,0,0,61,31,11,0,330,324.39
1431,7c97b239a5261cf030984f71427287196e657d95,0,4,0,0,102,8,23,7,1801,998.52
1432,c32860b22427ca32a9e83e4f741b85062bb22140,0,10,0,0,9,7,25,4,1043,957.99
1433,65b5ccf6413369aa4f21c72abcdf31ca72a79b00,3,12,1,0,20,30,24,4,908,1195.01
1434,4ee5182f35d612daa223f890b9eaad08655b761b,0,1,0,0,2,0,3,0,45,139.24
1435,5d69a79948bce0fab4705c7d7d0f3b02f2548c0d,0,2,0,0,99,1,1,4,839,553.65
1436,67803384d9b7959661bb2a32129b03a374507c8a,0,1,0,0,5,0,1,1,41,132.54
1437,e7905fc7c3398490e02cddb3bcf30590b2f6d7b7,0,1,0,0,1,0,0,0,24,99.93
1438,a1352f8c5a96c8e861c17c8105557428a47f4334,0,11,0,0,5,37,19,1,1611,1105.92
1439,dc54c0e24b3f7ca27990b1d576b8b8fd6d740ca1,0,2,0,0,71,45,9,2,440,384.9
1440,976a3b0cc858d4a13cf8b34b325aefc8d706be9e,1,6,0,1,90,30,56,22,737,1203.69
1441,f324de45b88a08357061c55ff69610d7b9ceb116,0,1,0,0,0,0,0,0,0,95.32
1442,a42c4edfa79dfe66424fbfc356d126a3a689a3c1,0,1,0,0,0,0,0,0,0,129.14
1443,83b058a0d13955ade43440963f480c7fe3d94c6a,0,3,0,1,8,4,10,4,209,327.57
1444,d030caf9561e306556f5e0ab323bb382e967138d,0,1,0,0,8,0,9,0,566,273.37
1445,a68a8b6b6cc47d488ada99e4bfe87cc7467621bb,0,2,0,0,17,0,5,0,659,429.28
1446,2693e9be7412ec03173c8942e9ccfcc24cfbbce1,0,7,0,0,16,2,47,3,1692,857.86
1447,234b54c2c46fb7e7e60b3cedd5be642925f1da19,0,1,0,0,0,0,0,0,173,149.3
1448,36b00300f5a9117abb4e8570c1714b3023a0ab01,0,1,0,0,0,0,0,0,90,102.1
1449,6d18d882b850a8d757c32bb124b1e42e60587c69,0,12,0,0,361,306,442,41,4025,2694.41
1450,27b56b1458d0af0a397e9f47ecd008c10c088c6d,0,3,0,0,55,3,7,1,412,450.12
1451,38e9958d6e5d2224fbb9a54d04b1505ad561e8a3,0,2,0,0,26,0,6,3,1028,460.84
1452,50cd85538580c9c9833ad957d64d39953c124374,1,1,0,0,0,0,0,0,90,183.43
1453,015e224b3d3c8e7bc412686ff22d5e99324b1019,1,7,0,0,4,1,19,4,813,697.7
1454,bce8125dcf5a87ed29bbe795cd7591d45bdf3d9a,0,3,0,0,32,18,4,2,740,532.72
1455,004ef6b04bbc0ce0ebfc1cad42656559b043bcb2,0,1,0,0,0,3,6,3,42,152.63
1456,55aa7de62adf6a99e6d6268c832b61de6b37d416,0,2,0,0,0,0,0,0,309,226.73
1457,7303f41dc171e3a8f57c40abc467582602d1cde4,0,1,0,0,10,0,0,0,507,303.61
1458,13caded15e21bff450f6f042e86f856046e0f40a,0,1,0,0,0,6,4,0,60,134.94
1459,ee352be9c88663b95b1096b7a294e61857857380,0,6,0,2,18,2,8,5,162,695.03
1460,b79e11bb511e259c8187d865761c3b448391603f,0,1,0,0,1,0,5,3,54,579.04
1461,256708dbbb7204e4025f2ca74eceea1170236255,0,7,0,0,45,38,9,0,357,847.91
1462,a050eb56f759954498a0a58993d754cebde144d5,0,1,0,0,33,2,55,17,366,314.39
1463,f3c4240e6cd4237b1160328fb037708de138a05b,0,1,0,0,7,0,0,0,158,186.43
1464,1667c16be1747ae2ffaab410a5903ad284209456,0,1,0,0,0,0,0,0,39,107.82
1465,1715e6eac03e26f745b3a6f97a8b61b335207e9d,0,1,0,0,7,3,5,3,42,188.74
1466,1d8ed875db6ec624cdb8bc15ec677729a42fc13a,0,1,0,0,0,0,0,0,309,221.61
1467,66039b1312be6356a3cb12efa8e562d2264498d1,0,2,0,0,24,2,2,0,1289,854.25
1468,e26d0d760466c3da6189637a7de69eb5509e7b51,0,3,0,0,37,0,99,41,582,625.93
1469,4a027a0af10bc10bb223856100fdc19c6186a405,0,1,0,0,0,0,0,0,121,132.32
1470,5df535e8a349771942050f1e3fd58851f413fa3a,0,11,0,0,3,25,36,6,2082,1483.68
1471,7c5d0c459f1d4a8796e3b5af925f40fd4f8a69fa,0,3,0,0,35,35,0,0,978,513.82
1472,f26fbb9adcd66a31740da5c99f14a108bbc24304,2,7,2,0,0,2,10,5,796,1611.94
1473,604b93cfdee7a8c5c879ef2217d50be88e39ac89,0,2,0,0,54,4,5,1,853,755.93
1474,2a4ba75e1338eaa97da87077330b43d7448a18bc,0,8,0,0,151,110,290,68,1717,1224.1
1475,8a7d7e7955889125b1196caeded6fa57d93a0b46,4,0,0,0,0,0,0,0,0,303.84
1476,a1b01f48e9ef06291f3e052a37bde887b891e708,0,2,0,0,44,0,1,1,445,425.38
1477,e5d6c9a79a4ca9b82502b8e7f503d86ddaddb7fb,0,1,0,0,31,2,50,11,171,215.18
1478,cf092aeecc473b70d81c00b604e29de8c9f6d84b,0,5,0,0,3,2,19,0,1083,989.36
1479,925d6a2ef363ee540e65f7ec3b699dce05aa591c,0,9,0,0,64,13,49,20,3315,1770.1
1480,c5ba0da99301c9ffc1216e23541cbe7d2cc9a102,0,3,0,0,0,0,0,0,206,698.39
1481,989088f697a221bc2b7b1d0d0ae6e9d03b2bf8ac,1,9,0,0,109,69,50,10,1074,1392.05
1482,6a383d8bc4555665fad502bb9b6e6c97657d996a,0,2,0,0,17,1,9,2,510,383.11
1483,b1aa1912f08765d9914e3d036deee6b71ea009dd,9,37,5,1,257,149,119,28,2834,3865.31
1484,f1c112c63d8223e62cf9e2f31cc42321f1e6dada,3,3,0,1,13,41,30,1,209,689.02
1485,c28c556e9295b9d499f7b1b0ec65bbb4d1ad4b67,0,1,0,0,4,0,16,11,555,260.48
1486,724032bd06ae6928595ad3d5d21ead7f9e834d34,0,1,0,0,13,0,23,2,283,175.36
1487,0bb8e66184931e2f7830cb713d9260cc0f3383a9,0,1,0,0,0,0,0,0,309,176.77
1488,ec9e8110e3967c3ef38ed475a0cb40fc951a2aef,0,3,0,1,3,78,6,0,71,296.81
1489,bf8a4c2ce7291e2f92fca297e970f668b4b85066,0,6,0,4,47,6,45,12,456,781.73
1490,d93569948657a1fd58dad9fd2541b75b2b330a4a,0,1,0,0,21,0,94,12,1049,409.92
1491,a6fad27372f9a931540c2e4345e428b643535d46,0,6,0,0,29,30,42,10,1276,1063.05
1492,9e0e6e43a787092ff908cb17da37ab5dea03978b,1,2,0,1,2,0,14,2,117,383.64
1493,394aa7426117d0d04666c1c2a63d5f98229b7894,2,22,0,4,102,21,66,13,1404,1919.79
1494,2afac715666347a30ac54cef1485db369288b478,0,3,0,0,0,3,17,6,713,409.52
1495,ae31ee63dc3bdb9068543791bea44a12a97aa928,0,1,0,0,8,0,47,8,546,217.6
1496,02a8ef859539349151e9d1dd0c69ac83a24ee7a2,0,2,0,1,6,0,0,0,42,234.06
1497,0560193706bf7c7dbe39d8baa65129d765ca9868,0,2,0,0,0,0,0,0,62,151.32
1498,27bb3ccaceae52c730b2c02d72c63a84060966f1,0,1,0,0,24,0,0,0,78,139.28
1499,0f364cd53a7a56e4ddea1db44fd044860ba2c0b4,0,11,0,0,18,21,160,9,1741,1329.67
1500,f0a29a693548efe539cba04807e21862c8dfc1bf,0,1,0,0,0,2,35,13,365,572.58
1501,9ee00c4b6661a590afcd5fb390bd0abaa3dcce1b,0,1,0,0,0,0,0,0,80,109.26
1502,f2fbfaaccc99f889ae0796005a46d6c62c8e5be9,0,1,0,0,0,0,0,0,416,205.79
1503,2307314432c871cf045787b44295d8dc4943e77d,0,1,0,0,1,4,3,0,186,197.72
1504,549a5cec1ee82eb86e5b8bcb3886bf2d2dde2b39,0,1,0,0,0,1,3,0,23,111.03
1505,514936af6f04e00ad908d3835040db5b0d5698c2,0,1,0,0,0,0,0,0,192,137.18
1506,9eb32eaad5fa3863d60b84ef095fa041e83b7b47,0,4,0,0,36,53,59,18,1083,706.83
1507,adbf31ab1d27cda0b62d611e6141d830736a8e2e,4,29,1,0,0,0,2,0,2930,2947.16
1508,5d5a2ce4bba4b42b3652d0126d1d2dab979a3e07,0,1,0,0,15,3,3,1,31,141.96
1509,28f1fc2f55269f43f0b2bb769b78f80b8cc9cf51,0,5,0,0,0,1,15,2,1035,612.73
1510,cb7cf7c5a78ef2d0beadac023fb0b2250a313160,0,3,0,0,0,0,0,0,104,194.67
1511,fc0d0021cc74bf957b3ebf7e5d98e40f718fe1c4,0,1,0,0,0,0,0,0,130,166.98
1512,2e5d4af83f6b9f87fc84c0ff10462a5414ff8cb4,0,3,0,0,5,0,9,0,584,388.81
1513,8662a022c42b7a6245e8ec54c544fccd8b79b6f8,0,1,0,0,7,0,4,0,15,128.44
1514,e4c8e3e758cbc0b5826885644da69bb7fc3c35ef,0,1,0,0,1,0,0,0,440,229.13
1515,d9369de8f2c6435843fb7577d313bb24e3b09cba,0,4,0,0,29,4,28,11,590,536.63
1516,1815e01188e1f1f7c71acc9fb6466dbae8e47c9e,0,1,0,0,0,0,0,0,932,330.73
1517,9313e18fbbd974a17bfd132fe8b9ea594b26a97a,0,2,0,0,2,53,29,14,88,264.03
1518,53d4267c59177cd826e1b0645168b1e9330bdbcd,0,3,0,0,38,0,10,3,1467,743.83
1519,9f8c3167eb2fcab158147eb4fefdabc933b8a3a1,22,26,19,1,291,47,261,62,1892,4442.42
1520,63642d6051015d84aa8c084380bcab174a5f3303,1,6,0,3,115,21,2,1,353,1282.01
1521,ac542c9a835d3a2dd46f37712c6b5438f56747c0,0,2,0,0,15,7,3,1,351,472.95
1522,77ebd32016d13c64ee5a3c7db63ca71bf4b79aad,3,0,0,0,0,0,0,0,0,188.27
1523,0c0d8363e5787e97cce5e0b9b86486d737a6890c,6,10,0,0,35,12,108,29,1867,1853.22
1524,40183e31567795d4d0f2b836294bc5d5fac2a56b,2,27,0,20,136,40,74,6,940,2990.55
1525,37efc79eb82e0f290d0d2a17f24001f2cbc922cc,0,15,0,0,0,1,8,0,2015,1300.32
1526,989fe0497ec72ea3470a30a9ef47389b48ee5421,2,2,0,2,71,0,0,0,145,635.96
1527,5e277e5579f4a989ecef6473fbc3619178b33a35,0,2,0,0,1,0,1,1,191,211.4
1528,4223ef61060673e95077abfe6aca27bc0f71fffa,1,2,0,0,84,107,0,0,0,277.81
1529,6a99da87abff26a749cee4e765d125bec8b6c424,12,5,0,0,398,0,1,0,1486,1740.63
1530,cc43e77bbbfad71883011186de55603c936cbcd1,0,3,0,0,44,0,4,2,148,275.93
1531,4e35a2bfb7f3b0437a27bb58b8cb39339f750064,0,1,0,0,59,4,50,9,251,270.18
1532,fb3a9485a8f830336e2cd07d959cf6aa0a5356a5,0,1,0,0,0,0,0,0,226,244.26
1533,b599b395f3d421b3fdb1d25b294778478c2467cf,0,8,0,0,89,10,174,44,1988,1237.47
1534,98713570867619de7de8e885a82d5fb0bfdb3b4e,0,2,0,0,8,0,0,0,317,222.94
1535,832b096f4fcfde9e90d796470eb0ce2a26283e81,3,26,0,5,224,33,160,11,1114,2467.22
1536,93e03414f72c24854abaa6925149196580cfc691,5,7,0,1,67,15,66,5,397,1021.93
1537,432c82d3bf6bbe679df1c2ac7cc11683e8f9c611,1,1,0,0,2,2,1,1,11,178.68
1538,e5de679d62f734eb1cdfc91c863107b64cd630b6,0,3,0,0,53,0,10,5,615,408.55
1539,01eddce01f94887d5f15d32d8050e8a526599fcc,0,2,0,0,17,1,16,4,526,445.06
1540,ac9c3ed0b43ee848e6e555a01c55ea2eee78540a,0,57,0,2,312,335,269,65,6207,6387.65
1541,0e0fd4fe8d8b3701b38dfdcd875fb4f4f98d23c2,0,1,0,0,120,233,83,21,183,291.04
1542,cae42215b7597cc39afc682cb0399782cf42fe23,1,7,0,0,217,110,130,30,1249,1246.56
1543,462342210fd5d6f571d26b8af838fe77d5c5ca48,0,3,0,0,41,19,53,23,310,306.8
1544,93fd5707fab218abb2c9d13b034608f0a606bfc7,0,1,0,0,7,0,3,0,166,218.67
1545,1f523d9d72ad3008664146e1d2a5b40861b06072,0,1,0,0,32,2,8,3,301,237.41
1546,b510737e761e21e63e6ed15e5111358d7515fdd2,0,5,0,0,96,0,2,2,1767,1010.0
1547,d9e804b88952160630eb305ff05978b66cbbf49f,0,1,0,0,0,0,0,0,309,217.88
1548,ed51b2cdf5bdac210a6904bead1a2ca6e8411406,5,65,1,0,252,153,448,161,6164,8342.37
1549,6be908a8296456adee254b405605acff55fd47a5,0,3,0,0,36,35,88,20,1648,797.74
1550,fc6e92260c3ff3b5ef72ac05e7a518a8cb2e7090,0,31,1,0,121,25,224,59,4267,3884.58
1551,885abbfcd40aab57acec278d976956f07be15090,1,33,2,2,277,132,407,267,3082,4235.41
1552,c6fd3d488e8dba904f6abb2324a89466fc354387,0,1,1,0,15,0,19,4,156,195.21
1553,8577632b3a7dd3dd5ce9cf2562627983bbabba20,0,2,0,0,11,0,6,4,37,235.3
1554,6655a4d75f8d839c9f87e68fbda77ed0637825d2,0,5,0,0,3,0,0,0,373,640.01
1555,f467c9c2438a8b182083879927ff171a6a2c6f2f,0,4,0,0,26,33,20,3,454,411.77
1556,9d2efd83a6a8e5576886dd146eebdb072f4c8d47,0,5,0,0,117,3,45,11,715,641.09
1557,515ce21c74743171df6cb069b4754f68fe7f2233,14,0,0,0,0,0,0,0,0,981.07
1558,af983267be7a2d0f81527f5a348af377f30caee4,1,62,0,0,81,195,294,33,6227,6620.57
1559,f448e49fbe8c3c609f9beffa2f421fc0b875aa3d,1,1,0,0,3,0,0,0,335,315.58
1560,564311f5cdedd63fa03052368c321db5ce15dc4f,0,6,0,0,26,14,0,0,901,1109.59
1561,6f641fef6a88036ab4dacb59ab21bc8b21ef9bcf,0,27,0,0,33,111,265,224,2176,2384.77
1562,32e97b1d9db46cab526d1882eaf9633934ed21bd,0,16,0,0,4,9,7,0,1100,1262.97
1563,42771eb37d6abd0a34220d30773e559680bdf9b0,0,8,1,0,0,171,32,0,1358,1023.19
1564,55dd97097f51e9e9a687c35afa0cfd38d60a6b45,0,1,0,0,20,5,16,0,110,186.03
1565,2b5a59406622affa1e333e073546f075f59b4ac9,0,33,0,0,6,746,351,43,3734,3512.76
1566,b328fc729b79fee6a9d210cf25890068d92943ee,0,2,0,0,17,0,0,0,83,205.67
1567,7afcb3a64c53831f05f99037dfa07aba1d396c48,0,2,0,0,30,0,23,2,1723,898.03
1568,0ecb72f59da6491edc96b99b147b4983be794acf,0,3,0,0,27,9,11,0,905,420.12
1569,5ca9ed5ede4f03cdef54cdbce70be3fdf052157d,0,3,0,1,20,1,14,3,51,306.58
1570,abbd53da4ad98c3a95118c9770a9d247e54b0eef,1,7,0,1,142,77,292,100,2047,1482.9
1571,8fb5b3701307f7ce597083f41b3c812680f7195d,0,3,0,0,20,6,46,26,399,588.55
1572,9679c44d2b521b5c627e7bde375c0883f5857e0c,0,5,0,2,13,4,16,3,579,700.11
1573,fa1702fece04c5fc50149fc9b05d77a459b7180b,0,6,2,0,13,53,8,0,661,650.28
1574,f69900cd1e6b17196e88321062e865d6585c6423,0,1,0,0,2,0,10,6,932,398.16
1575,a5ea6d10a8152df8f1dcb3d7c3fe3635325d82e4,1,1,1,0,0,43,51,8,1408,643.02
1576,c3921d489f4da80aad6f387158c33ec2e4bca52d,1,0,0,0,0,0,0,0,0,123.37
1577,caca1fdc90b6ef877385b044b2a3230f8e6e9874,2,17,10,1,18,151,196,36,3142,2615.01
1578,adeced299785bbeab53241e0013a1f22cdeae76f,0,1,0,0,0,0,0,0,172,130.88
1579,9947cd40c617d4e12690b81a2d28624355580e34,0,11,0,0,56,0,89,9,952,959.47
1580,e9154b7960fd9fe9bf05811e4e9972698eeec355,0,1,0,0,0,0,0,0,0,507.62
1581,ba237c5d21abb8b63c5edf53517654a214157582,0,1,0,0,14,4,25,6,101,187.91
1582,05ea580091a230a7843e0a7312e7980fc54f302e,0,0,0,0,0,0,0,0,0,53.58
1583,4e1c8ffd0d44ab7d1c0ca9ac9d70a98b46f35181,5,23,0,2,44,47,0,0,1094,1893.32
1584,f65f3a878fc23c658ba2e62f9a1863a7b3d2bd4f,0,2,0,0,0,0,0,0,0,93.57
1585,16ad358d64a138fc4b455379745ae1550a93d57b,1,8,0,0,31,23,134,33,1832,1253.49
1586,70a506b9839605304a0a67b70e711a1139b47cbe,0,3,0,0,5,0,16,7,1942,798.18
1587,95b46a12e5a74da2699b3472c639cc82b28cea96,0,1,0,0,15,10,25,12,350,230.46
1588,193c77968251a06b2393d1d286425a4f4ec97d10,0,1,0,0,0,0,0,0,1420,460.82
1589,6281fbcb6ad3c1f7172af0ba590fa1e2605093de,0,4,0,0,2,4,14,6,96,354.89
1590,a30ecc67556e46e423a16e725bd712eb72ab338b,0,9,1,0,15,0,0,0,1201,779.67
1591,c1b30a12b1a01ca0d1e39783884e8180f79ed8b1,1,4,0,0,30,20,53,16,1968,1095.67
1592,5be47a2f269ad5356a19c353c1e53e20bf9c140c,0,3,0,0,0,0,0,0,67,181.75
1593,133108cdacf7ee1cc4569e797f2cdf9ec60f7fdd,0,56,0,1,366,11,378,103,5578,5693.58
1594,0f86e6884070ec9c867c9354ae331aceeb90b1e8,1,3,0,0,18,26,89,23,2491,1221.19
1595,ff9f928c16ddf95311f1c1badc64212b4975e623,0,2,0,0,15,4,6,0,712,373.34
1596,c9ec292135f26d1d70a40809026a420e4092f1c3,1,1,0,0,20,9,9,3,81,233.57
1597,7f19df29ac60ec9aef1dbd14704a2dd045b1cfbf,0,3,0,0,24,0,39,20,1945,874.94
1598,8c5d7e0408a62aa5f414e8b707050bf8e313a57e,33,5,0,0,25,1,39,20,1058,3567.15
1599,c470ff70d3e829c8b12f6eb6cc812c4162071a1f,0,20,0,1,201,26,62,25,3325,2876.84
1600,8bf20bb58637a59aa816e9d9668741a15fe9b55d,0,1,0,0,0,0,0,0,331,642.26
1601,a64ab91238aa8fc499397374c3589127425fb229,0,3,0,0,57,0,12,5,187,450.86
1602,fffb9c5b5cac1a669f22dd99860774d6c0fdb94b,13,0,0,0,0,0,0,0,0,843.93
1603,98094954a27849b027831a7401e965c6a949790c,16,10,0,1,83,2,35,11,809,2529.57
1604,f24a62d4acfc48e23dd4bbb854668a727e9445a8,0,3,0,0,63,2,19,10,511,529.54
1605,2b6630b518c7edb74b2fc225c2bcd39ef5e4aa26,0,1,0,0,0,1,1,1,174,198.76
1606,14171fa8b43e445afd7731463e0b548422602712,0,2,0,0,0,0,0,0,73,171.76
1607,f8dfbb067caa797c19494e12da6b4c6786980f73,12,12,0,1,125,26,97,25,2156,3189.44
1608,f33e9a346e22e29bb66e0ea0f3442903d136ca67,3,39,2,0,108,30,232,59,4307,4156.38
1609,08e8facdc9fce3a9195f5f646b49f55ffa043c73,11,30,0,1,220,28,211,33,4354,4461.9
1610,3683d475edb7dbb4990ba6da7861552a602537bd,0,4,0,0,14,2,24,7,1041,583.11
1611,d166485be15d95192ec1b2818f815fa58726ec54,0,13,0,0,367,85,339,89,2712,2107.66
1612,837f31dd1850b179918f83338b4b4487486b2c58,10,14,2,1,216,137,73,31,4715,3162.69
1613,e24916a68f8259046be677e7f8c1f365960e0dc3,0,1,0,0,0,0,0,0,110,141.31
1614,cb2f024f87aa1d4848eb059b15fefd7eca028a73,0,5,0,0,9,0,63,24,367,427.67
1615,73e2cbbd8f56f70bd5ef4594adc3770fa5a402ce,0,4,0,0,8,0,0,0,82,290.64
1616,adec6d6e47e18882ba012ae4f1fa8793c18bd0e1,0,1,1,0,7,12,2,0,89,146.24
1617,0cacbcf30e0a90ab9fad7bc310e5477cf959f1fd,0,4,0,0,3,2,5,0,513,390.7
1618,718d6f2475d377fd220da9898d25f7c8191f98cd,0,1,0,0,0,0,0,0,319,196.02
1619,9df3872fbd1526bf6aecab1fcfdc52a33ab9630e,0,4,0,0,12,0,13,4,1283,676.78
1620,ba5fd3c8a40836dd91389e566253affb0677776f,0,1,0,0,43,3,3,2,285,772.81
1621,7c69de42df78bbb4a651b293038d4e957e528970,45,12,43,0,1,0,3,1,1634,5955.02
1622,0c035c46b47cd4734d0529486e776c6c18d6643d,0,1,0,0,2,0,0,0,33,102.88
1623,b3aa655a70d92fedfebd32cf469a87b45766fc59,7,15,0,0,77,0,41,15,1170,1964.2
1624,8264492deefa594567573fecd19fba3068bf3d6f,0,5,0,0,7,4,7,2,363,547.61
1625,594a0e1a07f57cd99faa0020b727c4af87be8fad,0,2,0,0,0,0,0,0,0,156.8
1626,0eddddb82be563bee9e4b65030e27efd5148ff4b,0,7,0,0,15,20,81,25,1297,875.1
1627,150967994a69b2e26f5f68efb2a54a8522ae641d,0,4,0,0,30,2,5,2,426,490.74
1628,642a09168c38e961a2936e5a2fe72f5cd83ae7a6,5,3,4,0,8,1,3,1,287,824.58
1629,aa014b27099103549fac7bbbeed5ef9544b01e84,0,1,0,0,10,0,6,0,129,180.12
1630,22612be46dd68255642ca50a1f78fa1790eb4759,0,3,0,0,28,7,15,3,75,376.12
1631,b4fa87cc51f0a7d640dc6ae2cc8f89f006aae652,4,19,0,0,34,43,40,6,1233,2205.77
1632,0b3989fd72acc6e989c495c63cb8ca6aa5850811,0,1,0,0,1,0,0,0,2,113.18
1633,d2b2fbdf94cf48094081650ebc18ee860e67d8d5,0,2,0,0,14,14,0,0,511,304.76
1634,74bdafe386ae6080d6f5ead852f9026061a65be4,0,19,0,0,27,82,173,53,3342,2546.26
1635,a4c292173618e22b3f99ab8615c6b585c7688a40,0,1,3,0,0,14,0,0,21,137.0
1636,49db5a63c043b50c10c2dfd0648f8d74ee917b6a,1,10,2,0,54,33,18,7,2778,1731.35
1637,cc4157d8773dc7f8b4fd771211bb24cc645e1341,0,1,0,0,0,0,0,0,156,149.2
1638,3face7fce2489715c040c9756ec05406aaa657d4,0,4,0,0,61,0,18,9,474,496.35
1639,d98ec33364d4ddb6ee53e0cd6001857207ba2089,0,15,0,0,165,57,189,68,3566,2290.18
1640,f0b1b46486ca67a5d44b68ee076af0d6e986764a,0,1,0,0,0,2,6,4,29,552.92
1641,4580d9f16aabc44f3d97931c6bfa29de1e40bf2d,0,3,0,0,0,13,14,5,1814,929.38
1642,16190e9bfd2db13a886b4122127fbe4f96ed8f65,3,16,3,0,0,0,0,0,1135,1311.93
1643,a5924025126a6ab77fd9fb74cf66a180931ffecf,0,1,0,0,2,0,0,0,5,112.38
1644,53ca52f855e903907378188d29224b3f9cefa6cb,0,3,0,0,31,35,23,0,1272,714.47
1645,70e13f032e6f594d021787583e1982225eea9388,0,1,0,0,0,3,1,0,186,159.91
1646,22356d55ef232871f144be750087f71c5ed1e9a9,0,2,0,0,0,0,0,0,106,193.43
1647,de4f4f530a92473edb3665c94ac386d5c53cc893,1,5,0,0,59,28,97,5,730,845.0
1648,c903d5767e7432db04ac93c4db8712ff08d9b93b,0,2,0,0,11,0,3,0,629,425.32
1649,443091b844d4119637d252a5303568e22d4f1d48,0,18,0,1,382,58,344,94,5479,3752.71
1650,9a71bfb9d64dae5d0296d162a01a62d8c13324da,0,1,0,0,0,0,0,0,0,89.19
1651,642a97783d29bb1d43ee20e8564db7b9432dade2,1,22,1,0,2,0,11,0,1301,1629.68
1652,a8c17e36c3239f33925b061d99a5d1d1074bbc67,0,6,0,0,87,107,41,14,1194,788.27
1653,fab8b7e676bcaf4faf84d563ab48e3ebee61b4ab,13,2,13,0,0,0,0,0,106,900.63
1654,f0282cb3de9b60d6eea12803103f8ca4d7f45734,0,2,0,0,0,0,0,0,106,222.64
1655,6810617179222ae659343efb02ef7e6cefb15662,0,2,0,0,1,0,1,0,51,166.72
1656,1354371d4f4dd208458c776e1f27715ec5f77f47,15,11,15,0,417,29,258,72,1287,2578.82
1657,347b37e31945b54fb96fc7dacc2b2deed40e8e5e,0,1,0,0,0,3,83,16,372,236.93
1658,3afe2ed8e39da3605274baddc7245be569b4aed7,1,2,0,0,13,1,2,0,242,291.13
1659,410e00cbcb7dd664dcd1f451eca57e5882985186,0,2,0,0,20,0,0,0,33,188.91
1660,6732593bbad3d1e07f1ec7c2d00a2e1eabf382f2,0,19,0,0,58,317,108,21,2037,2250.87
1661,d3e264e773c4652f34b40c7c3b494c0f7fbabffc,0,6,0,0,2,64,0,0,154,621.47
1662,418a91b5d4e3a0579b91d286f61c2b63c5b4a9b6,0,4,0,0,2,7,1,0,1087,819.1
1663,954be11bf2d3dc9fa11a69830d2ef5ff580ff533,1,18,0,0,50,92,71,23,2170,2217.76
1664,7a74ec62d291bf344b308115bd115a6788074a93,0,17,0,1,1,5,17,5,1826,1728.69
1665,51935ee2e6dc473415b6708b60c9d47410876997,0,4,0,0,13,8,105,32,1917,1270.79
1666,b2ed7d80dea092e4258d04c191d42682a4db950f,0,1,0,0,0,0,0,0,372,227.14
1667,daa8082d6718d39584ed6d25863af48acec2cea6,0,2,0,0,35,0,0,0,878,482.33
1668,24b3844fe4163dbf7c6fcdffdf3531d052ec8e08,0,1,0,0,0,0,0,0,171,151.82
1669,919409bb2331fbd60cd3d425fe7d9384d66967fa,0,8,0,0,52,4,124,33,2867,1939.51
1670,053d831992e5351deb174f11f0ecd0ebe7c4ba5a,0,1,0,0,4,0,4,1,602,280.55
1671,7947c94140dbcfa1ce78bd35d400bb309470fc81,0,1,0,0,0,0,0,0,156,142.7
1672,57320981bb98086a0b9f836a29df248b1c0378c3,0,2,0,0,0,0,0,0,144,239.69
1673,8250738ae41f6f0a87dc1e21e7623c5d69cae148,0,5,0,0,3,0,3,0,1051,620.22
1674,e38e3a66ab099996ecb156ec9105869f3d9b9228,0,8,0,0,138,79,39,14,1191,1097.23
1675,8119683a234543aa7b523a571b8a68a5002c5b56,0,2,0,0,14,0,10,5,511,356.68
1676,ba8fb6ec7094e1e31da25b39f9e6d872ed9b9fdd,0,1,0,0,0,0,0,0,27,96.64
1677,07647c2a4cc56fd47a6092c72131aa15b34bf819,0,1,0,0,0,0,0,0,53,87.18
1678,8c47a3e52f3d6871a708b1d2c8b5a7e30a2a5b99,0,11,0,0,87,5,69,40,3292,1768.16
1679,0875ddeb2381c68afb0e4d5a15b25baf4cde29a2,0,3,0,0,42,6,84,24,829,502.66
1680,2f6240ac944f2a55ece50a179b79f4e2ee63a621,0,6,3,0,24,27,9,1,437,891.89
1681,284b46b7ce8520792a337b721762721817628b3f,2,5,0,0,28,34,3,1,616,598.24
1682,82f124ae30116b2b7d45878aaeb9699b6bdf1c30,1,15,0,0,138,25,127,41,3438,2270.01
1683,be02dbe287f94064fd15b40df1d455342cb512c6,0,1,0,0,1,2,7,3,89,196.01
1684,980b725bb09ee42469534bf50d01118ce650880a,0,1,0,0,0,0,0,0,266,162.18
1685,5d2bf6328e1c5b054017419cf4de562dc8a3ec7a,0,2,0,0,20,0,0,0,28,170.01
1686,ee0c2cee214b3d46f83562467bb1e4f5165f172c,0,1,0,0,2,0,12,6,389,237.46
1687,d11f6f26b773343246c217f498de3c02916bec6c,0,12,0,0,52,1,63,15,2488,1348.9
1688,c83ecf4c55a2dbbb89c71080c601417adb8b699c,0,3,0,0,26,0,3,1,1278,808.69
1689,487b95454233e981a65c184c7f3b86adf34058ef,0,4,0,0,13,7,49,8,799,803.99
1690,7fc7136ffd28245629f00870fc7f7cbe1fe1c6ce,0,14,0,0,431,94,260,81,6126,3135.01
1691,42af41d5fc991c392b75396352903b4d919da5d3,0,4,0,0,71,64,62,10,895,619.31
1692,a932520135d42c7d9731064d96c21ab2fc5de696,0,3,0,0,12,2,24,11,1122,826.11
1693,061885e9f1675221f31ce47cfb0e59eb5748b9c7,0,5,0,0,11,2,24,8,652,638.67
1694,08a4cda34e7535ead76d2a65826ff9e09b8bdd4f,0,3,0,0,0,2,0,0,689,389.1
1695,495c78db6f0d0d3fe111ea49f8041b5b3e32a8a4,0,1,0,0,0,0,0,0,0,91.95
1696,e09d6d796f5a0b840519021d7f6435c65f88a60a,0,1,0,0,1,0,0,0,123,136.63
1697,aa4879129770798f0e2cee385ab848b64dbe9498,1,0,0,0,0,0,0,0,0,139.24
1698,c19213ab4139aa1f56f89982448184a5c82f98a4,2,37,1,0,141,306,298,102,4484,4120.75
1699,ac79d4904797aad99b9481b4e34789402b259664,0,1,0,0,0,0,0,0,851,264.63
1700,70d882861e1bf3eb503c84a31834e8b628de2df9,0,6,0,0,23,11,27,4,669,1120.74
1701,b083ed66b9988a15b01b7359370e4bf82e28059f,0,2,0,0,0,0,0,0,51,146.03
1702,afe00effe2d79e89e159972cf1f5f7ffeb0c6e97,0,10,0,0,70,12,12,1,1850,2962.88
1703,09fe51f3eb7e3ddee54cfb210d8a22327d1b0773,0,2,0,0,17,0,0,0,1748,812.14
1704,fc5f6b0e46ff81302b3e445fed0cdf454c942792,2,17,0,0,36,232,251,47,5058,3161.51
1705,924466ad627d96fd1851722fdbb02dd6cd71eafa,0,1,0,0,0,0,0,0,72,144.51
1706,b9f11796944056a5b3c7440033d587d19290b3c3,0,8,0,0,38,9,79,26,1048,1062.03
1707,609c81ec8b190f4812e7008b30fc509ee1656d68,2,1,0,0,1,1,7,2,27,352.5
1708,e75048d3e5344187c3980a2a72793fa9ada3196a,0,2,0,0,7,0,3,0,68,172.67
1709,518e9d3eee1b1d2c8c76d68e043edd3cf49139fa,4,16,0,0,218,48,80,10,1143,1662.2
1710,e876c921b0cbf01e4d2aef26db56834da1d70c80,0,4,0,0,5,0,0,0,1013,458.3
1711,d12ceacd7aff623ae8c9063f89655b1f54af8123,0,1,0,0,51,5,14,3,129,211.54
1712,59ae73482d17f1bd19a27afd4c8624747b10274e,2,1,0,0,3,0,12,2,121,278.01
1713,13a7544418a139d3b2f3891da796cfa33065cbec,0,2,0,0,1,0,7,2,955,453.88
1714,79a2f892caef38f28c3ad837ad28b63dcbb58b87,0,3,0,0,24,4,11,0,1242,572.91
1715,8a78d76466bacd8a2a3487cc84890d29c9bc4a3d,0,11,0,0,0,0,1,0,1897,1314.93
1716,6d1685fa45da775f9f971121ec53d6135a4561b2,0,3,0,0,1,1,5,0,359,383.6
1717,9e0e29ac5c354079a4306641bc3a44ff6c4ac041,0,11,0,0,21,1,26,3,2171,1196.21
1718,b3771ba22acad7870e38ff7f58820c5b50946787,1,39,0,1,277,202,195,34,3709,4043.35
1719,ad84eb5e76cb8db7c27355a2f121c0642a692980,4,5,0,0,56,4,10,7,261,792.57
1720,3e64e5b9c03f13f58e6a049ff1fed039c6a15d69,2,6,0,0,141,12,2,2,895,1389.49
1721,e4de328daba2d337929b26dad8e3993b97e9715b,0,1,0,0,0,0,0,0,339,211.41
1722,a4a65abcd3e5a01e0910afb10a214f4bb47577a3,0,9,0,0,37,0,0,0,174,603.9
1723,3c14feb442219f58e0008a6242a24f1a492ca337,0,19,0,0,83,26,101,27,3088,2319.21
1724,634f9af8c0454f46a2510c12c3a155c6fca876e9,1,2,0,0,12,2,8,5,353,435.68
1725,4f25f1fb7118825384f89ed9d00c08a54870e3aa,0,2,0,0,25,26,25,0,1304,722.36
1726,7c4e6724699bb6fc65112b5513848c733a03019e,0,3,0,0,0,20,24,2,501,426.85
1727,bf2c46a0b8266562bf4697dc8e3e9443059f9abb,0,2,0,0,3,0,0,0,314,274.81
1728,f9f0b5c6755c7481699e67d27fb53e03d1493d12,0,1,0,0,0,0,0,0,34,89.03
1729,ea4078e72a737268cc45776a10d8c3a566be9b4a,0,3,0,0,11,0,0,0,1673,822.71
1730,d31762a0c2ec1fc8e2a0fce4b38d9e5be0fd9dae,0,2,0,0,1,0,0,0,216,256.26
1731,3afcbebf39e557448e9bebbf5e3fa0148af1cdd7,0,1,0,0,1,0,0,0,185,266.87
1732,a289865266618d9736fe49d11edfbc2b146f5148,0,1,0,0,2,2,11,6,330,233.42
1733,c968267bf1362a91eca8bb22566da76d6c9aeb26,1,11,0,1,0,0,0,0,320,654.91
1734,1dd85a328f437643a5c135f242c644f47c3767e4,2,11,0,0,94,15,4,3,496,1066.84
1735,89cf515aecd1ce3a5265a5df94357b3b55694522,0,2,0,0,0,0,0,0,294,242.55
1736,fd5acd73e648a2aab4b970ddf04ad4cace6bad9a,0,6,0,0,57,5,51,23,1119,927.41
1737,d76965e38f6a66ab37c14014a2efea7816ab73cb,0,1,0,0,15,0,2,0,514,264.51
1738,5d1bfa0665ce0850ee76cee152e397c23ac329a7,2,10,0,0,166,2,62,7,2315,1428.34
1739,d57fe1b053546966e6a867d84ee24dd256bb071a,0,1,1,0,12,41,18,8,22,193.54
1740,aa7358e8cc0305dd9051fe0d281913247a39264d,0,2,0,0,1,0,0,0,16,540.24
1741,cb484666f2474747538585ed3b986aed5b02830d,0,1,0,0,0,0,0,0,108,123.77
1742,958cdca9bece8b65ceb204e1c7a14cf44729bb66,0,3,0,0,73,62,77,20,1773,1027.62
1743,b8651d4e82d45463d2c71798bd5852f8a605b440,0,96,0,4,32,260,29,13,10656,8944.96
1744,164ef9462e9d18a36f7be856243a1cacf9a300bf,2,2,0,0,1,0,3,0,67,322.8
1745,f123d2f18c55b1cf2edb452aeb87e6ad0743c292,0,2,0,0,0,1,2,2,875,346.18
1746,79ad9026a667469a2013ce82961c0c90f3bb0877,0,4,0,0,21,1,18,0,687,615.94
1747,acd3858ea69e676a7840d998240deb32aee62dc0,0,3,0,0,0,0,0,0,50,164.2
1748,283a19481d1ce4a77f5f465e7b96288db22a8ff1,0,24,0,0,177,159,92,30,3467,2845.02
1749,c121f4eb82da654acbdd133a556cfe1f9197a46a,0,7,0,0,162,54,24,7,2232,1654.84
1750,398d2ab244a40e7f975faa1ed60c0e0b14cf4674,0,1,0,0,17,3,147,63,1433,600.43
1751,466d89306ea23d1f17be0914416944618ceb9f86,2,11,2,0,58,48,53,3,2989,2193.17
1752,b74e7e407c0b065adf68bc45042063def922aa10,1,0,0,0,0,0,0,0,0,107.63
1753,e24d82e0eb66b62b5d74f2c60b1eb5db9f378673,0,2,0,0,91,5,52,5,1777,984.99
1754,607dea234f30a0c40d5a48f518a51372e02fa0a0,0,1,0,0,3,0,0,0,532,257.68
1755,4bbbfaf39c79fc5dfa7fbc22842717b0fad13503,0,1,0,0,0,0,0,0,28,120.29
1756,88823c6016ea2e306340938994d9e122abf3c6c0,0,9,0,1,11,10,3,2,217,624.89
1757,f1f719211e5f28fe5163e65dba899b1da796a8e0,0,11,0,0,41,38,0,0,1757,1070.94
1758,96132e2dbb69a0c6c11cb183bb05cefef4e30557,0,8,0,0,2,2,0,0,598,564.76
1759,86b4d9d58fc990939b654382adde7d86a4f4c24c,0,1,0,0,0,0,0,0,0,84.65
1760,057c5307e0f055b37794453d16f6f43b8c56528c,16,5,0,0,26,0,3,0,582,2197.31
1761,f712ce69fc2cb6a164b1ea8e491c9d68e6661933,2,9,0,0,272,32,14,0,582,1111.22
1762,0a8205cb45667fd7d001f21e4e0412220b1abec1,0,2,0,0,6,0,0,0,992,377.89
1763,cb21bca400359e6b7e61555578b7539f27d9d2ff,0,3,0,0,49,2,4,0,889,554.35
1764,49b5206a82d0a47e01f4c5f7098119440061a1bb,1,2,0,0,2,0,39,28,323,598.84
1765,c1457be99555063b774db61f526fd0c059721c69,0,1,0,0,0,0,0,0,557,221.52
1766,d568f73fc6ece3d29989413174eee0195d3d0a4a,0,20,0,0,171,43,251,46,2097,1971.97
1767,dff1a3799c1c25b1b0009be6835f2c9c78cb5900,3,15,0,0,49,25,128,29,1633,1686.43
1768,5ba9cade7b066cc26842aeaac5662a57c502ffcb,8,19,2,0,191,14,43,3,1715,2177.14
1769,8fb5e63aa88019216e95fdbe0b6874c723b64bb4,0,2,0,0,39,0,1,1,298,274.18
1770,2a0abe55f0b13ef0e9d136551e29a8fae137c3b7,0,4,0,0,0,0,0,0,999,452.73
1771,b793eaade4fcb0705ab80c2a806331fab8c29f9f,3,5,3,0,156,73,275,3,1216,1186.24
1772,7bd8ada8e21cd9717eea6916a5a55274a49fdeda,0,1,0,0,0,0,0,0,0,74.77
1773,87879d51521d5574cbbf37dd97c83b7e4fc00dae,1,9,0,0,17,0,27,0,516,870.17
1774,ca641b3e2e48c14ff308181c775775408f5f35f7,1,97,0,0,212,55,523,317,10069,9336.93
1775,d76805f0fd2d65e9fb5582e4e0d30c1bd3fccd89,0,6,0,0,7,14,49,20,838,751.81
1776,1bc620d1af50d24b4d5f12147e425bb7cb7f19bf,0,6,0,0,7,26,23,11,1166,703.1
1777,089d1b154fff1536fe7953ffe157a203b4a24455,0,3,0,0,12,0,2,0,51,241.6
1778,6a03d3b42cde89c921777d100c9107407f206de4,0,1,0,0,3,0,1,1,186,184.62
1779,ed3bd79633ae227ad995dafc3d9f384a5534d4e9,2,6,0,0,19,10,39,2,1292,1071.86
1780,04f284400a33acae2eff1a615d48236dd313b531,0,1,0,0,11,1,7,1,39,666.21
1781,87bf5c36504d5f5353d98994d5c31d033bea00b8,0,1,0,0,0,0,0,0,322,183.94
1782,578205cadd0bf64d671c6c162229c4975081a9d6,0,19,0,0,112,80,439,80,5345,3754.65
1783,741cb761c5239297029a446518c332f6c4ed08f6,1,19,0,0,74,5,90,12,2542,2221.98
1784,adb3a950ee2d5843673cdf14d5471ded5c0419b2,0,2,0,0,0,0,0,0,105,200.02
1785,905f8135078127e08633400277c5829b10971d42,0,5,0,0,18,72,47,4,404,470.13
1786,f393b2f7dd477c3a43e70631f7036a211bf5d740,1,18,0,0,146,7,252,53,5221,3468.74
1787,21f88a595b5785d8b9b9a17a3fb667b1712f3b61,0,8,0,0,56,19,44,20,811,1151.75
1788,a947fe8da8646058335ff76b9a744462a3337a63,1,18,1,0,24,2,16,6,5365,2925.1
1789,148b5be74b7addde6d5a0c0f8f6011f3f27647ba,0,1,0,0,4,0,1,0,26,121.7
1790,4c602e6130e869abbd111d5d4efe1c2046935c6c,0,3,0,0,9,1,8,1,2005,858.19
1791,0b417b8331e44c64011ea0b48ac66d5fa8005e0f,0,1,0,0,0,0,0,0,13,106.28
1792,4b7148a5b66d2207c4c6ef1d2729ce32ec6f8bcf,0,2,0,0,0,0,0,0,116,180.93
1793,509dd95ebbf03681ea680a84b8436814ba3e7541,0,2,0,0,14,0,13,2,1734,862.16
1794,86b1150e18d3fe0a0e3019e034e2a6f0204f7a17,0,1,0,0,0,0,0,0,2,73.58
1795,eae5ae3b047b776fa144064b45cf7a6a62e285c6,0,5,0,0,2,6,2,0,1072,717.92
1796,83c39969745dc7076e3756439f6842e7431a8c55,0,3,0,0,0,0,0,0,796,533.97
1797,e9bbfde10f1d73e500063817ada7a9ad474bca3f,0,6,0,0,33,16,0,0,1222,907.87
1798,cb6d69cbee42d26006c62abb6ae6cea50b346fb9,1,1,0,0,0,0,0,0,131,185.26
1799,32e1da570a8aa2ac87d9b5ab1cda1e3cdb867874,2,8,0,0,40,0,15,6,551,852.02
1800,e8a3bc74254a8e4e4aaca41395177fa4a98b480c,2,35,0,0,596,30,334,137,6490,6171.51
1801,c9d3debfe44fb09fa1740c645883717e669f0117,0,1,0,0,0,7,7,0,59,219.57
1802,7cdc433d119bc734d0ad2ea01ff2c21b11944fe6,0,1,0,0,0,0,0,0,212,175.19
1803,63715efa02861b25b3be84c2970342aebec7a439,0,2,0,0,0,0,0,0,73,202.47
1804,d28c5348197256db09b59d1ebbfe7db9d3934f47,1,3,0,0,76,8,13,3,134,559.51
1805,d71cb54672e63d2f0f4b999668336642a9a63a1d,0,29,0,0,185,171,1121,149,9622,6399.38
1806,872df553fc03557d87dc43f4762641da9f874c2e,0,1,0,0,0,0,0,0,57,125.51
1807,8abbf33b5978b93354ae35c5e21c474816c9cc76,0,17,0,2,44,60,63,4,2191,2624.65
1808,ecb71cf4719e6d22d6738f8df2fd9e16dad33295,1,6,0,0,41,0,5,0,600,605.71
1809,8259fda6953be6c87829af80eb85b1c63e86b65c,0,3,0,0,93,28,53,5,178,381.86
1810,545d40d83c73445d0417b1bf3b6e979501888ae7,0,1,0,0,0,2,33,6,229,208.04
1811,14d3ead19d250f2f3117af473ff6244c663ef8ca,0,28,0,0,7,13,24,3,2303,2495.98
1812,d2f37944b6043ff443adbdf547d5bd335affbc1a,0,2,0,0,14,2,18,16,311,441.33
1813,80eb2c28f6b8bef603b5281f94cb32f5dadbeb7d,1,2,0,0,1,0,5,0,85,241.55
1814,abc09597db86091c5273348e74be07b63c31a189,0,2,0,0,0,146,0,0,524,263.07
1815,23ed45a21df3717332cbd2e284e9867ef5c2cc51,0,1,0,0,0,0,0,0,6,106.35
1816,c3e7d6252c41d48e74379810595c978efada9efb,0,5,0,0,29,1,112,21,1565,949.91
1817,b21e933592a4893d1341a251a96b546e1b0ce3a1,0,1,0,0,5,0,5,2,497,337.56
1818,8dc4d0e7872bad4cf7e5ebaf28229acc5667ae2d,0,1,2,0,1,0,0,0,63,155.72
1819,068ab9cefae301f3187ea885d645c425955e77d2,0,10,0,0,56,22,20,13,2359,1906.28
1820,808dc0a96b3a8e6a6dbecb0473382b39a366d7a2,0,2,0,0,0,0,0,0,0,648.85
1821,4e90af34c6c2eff8e164a7d3fafb1ae8b744784c,0,8,0,1,0,7,0,0,165,422.18
1822,7fadf0a11ddb2451adc66e1b179b84b050ad3f4f,1,7,0,0,21,0,12,6,635,692.64
1823,9368743b8fd2b42a41b44860ea0f3588bb273cc8,2,4,0,1,20,5,26,0,167,487.99
1824,55c77ebf01ea8662b98f73f6f6c17d05163a85b8,1,8,0,1,219,79,93,15,887,1083.58
1825,dfd545485ab0399e0c129ff2d68fbb3113f3e8c9,1,0,0,0,0,0,0,0,0,110.09
1826,a2e87feb8b1db8200ca3a34aa72b0802e8f61096,0,6,0,0,14,6,17,6,896,921.54
1827,ec668180d797c4d08ea899de61c344438621ced7,0,4,0,0,0,0,0,0,424,345.95
1828,2c305dc64c033ffcfd6e45548752f0702f373032,0,2,0,0,13,0,0,0,857,447.53
1829,4fb5520901d9908d2ca16b6f56242b778f6d2f05,0,1,0,0,0,0,0,0,192,136.82
1830,bfbc32d9bc9e63c5e02840aeed4de157654dc5e8,1,2,1,0,4,7,4,0,407,391.36
1831,4712a3641619e86b8e6d901355088f6ae06e9f37,0,5,0,0,38,1,56,23,679,589.93
1832,9b476bc5f4a2fdbd62ad84e50e65331c21b321d0,0,1,0,0,29,17,0,0,61,179.95
1833,c4822648ef1bb0cd6825d8dbe465c8a5a26a76bc,0,1,0,0,0,31,0,0,848,459.72
1834,4444a31edbcf0298f3299b5708c0eb1f5121f131,0,1,0,0,1,42,6,1,472,300.9
1835,ab1fb3fdde95be535b97eb1c8c21ef32896f891a,1,0,0,0,0,0,0,0,0,92.76
1836,7283711c0d99d484b10dd7c460f7df01a319fc2b,0,12,0,0,83,7,161,59,932,1273.63
1837,9f954ac614cd5dd7efbcabe34799207128f16e63,0,1,0,0,0,0,0,0,70,88.12
1838,ac35ef6242d6893223af946f3c9438b8b4294389,0,1,0,0,0,0,0,0,101,98.71
1839,ab156fded1548b6cf06aff56bb5193c37a8f7e51,0,13,0,1,8,10,10,3,565,939.36
1840,a94c8da5083381d9ca4224b1489e1dc205bf55bb,0,3,0,0,43,8,44,21,458,993.53
1841,046b0087bd76637bbfd813ccef31693fa358ff2d,0,74,0,2,221,132,151,29,5318,5715.31
1842,3ef6b0fce05a6ecdf7a703ff48680b16594b7bc4,0,1,0,0,0,0,0,0,192,167.19
1843,975b680bcd74661eeecf21052f6185cd637bbeda,0,1,0,0,0,0,0,0,433,259.73
1844,88443b4a3718a848188db9f5152c1077b15f1159,1,2,0,0,36,36,0,0,16,353.77
1845,da332f2241f1781aca64d1007c0c209b50ec5ff0,0,1,0,0,0,0,0,0,33,81.26
1846,f982f61fbef07970114f3c59ddb212f3e223cd46,0,1,0,0,0,0,8,0,125,136.13
1847,c441528b93a05da58ad1a8599c4de35e2c14ff16,0,1,0,0,0,0,0,0,158,126.03
1848,40392266aa6c1b4c5314fd89337fecee768441a2,0,1,0,0,0,0,0,0,198,181.79
1849,d413117769efea0d5212ce29445049918209fd03,0,1,0,0,0,0,0,0,354,216.77
1850,684184973e27f1f072bb194acf55706860db237f,0,1,0,0,0,0,0,0,107,152.57
1851,53eb8df344c376ed651db83a084f962083df8a6d,0,1,0,0,0,0,0,0,45,111.96
1852,4616c0aaff5766b6305baeed521efdfaae0094e8,0,1,0,0,5,3,2,0,151,238.2
1853,9295444d48eb057900ef09f1176e34b37331f60b,0,3,0,0,10,2,39,4,470,339.97
1854,d086e83fecbf211695868f6aebe6a80b68ff1c50,0,1,0,0,0,2,2,0,548,240.55
1855,6ea5474e4c073bec6cfa99bbb73ee547588b11ef,0,11,0,1,24,4,10,3,1697,1689.92
1856,f8113c053b1266916ae3ce73385d4ed336ab2730,0,2,0,0,32,6,49,14,198,296.99
1857,b16afbb77bc1a497096815e64ed9e97df1edf92d,0,3,0,0,38,20,37,4,300,386.07
1858,fcdde2c604b7b9488862b3a2dba3b47be7a3d239,0,2,0,0,3,19,4,0,217,230.9
1859,8e4799b017c6a3c65eaf47f60ab136654c9741de,0,6,0,0,133,11,17,6,1955,1159.9
1860,b6d1450012734a841fdf85400636593092cf7e2b,0,1,0,0,0,0,0,0,48,664.53
1861,404bdef08db8c88f1b7a921737279feabfd0cb1f,1,0,0,0,0,0,0,0,0,133.15
1862,e4f233ed33ffa5076becbd5458520eb2945263ca,0,2,0,0,15,0,3,0,215,261.37
1863,3991d81f6c645bdf36c58e3d56b829ff92dbff3a,0,19,0,0,46,269,91,21,2890,2436.12
1864,73a9fcaa4db3f758dd8a16eff5651555ded1b8b7,0,1,0,0,7,0,0,0,96,145.09
1865,6e7149b77a10ac6aa4da2edd549f468015170236,0,6,0,0,30,13,36,2,908,827.91
1866,86de2dfd27f96dd3fea0635ad110c63bc639c721,0,7,0,1,13,76,73,9,931,1013.13
1867,66a9416e384fa3d3388de65885d895335e707286,0,1,0,0,10,0,25,7,685,295.75
1868,c238af29bf50cade5aa10c1bb2678ad01cfbbf47,0,2,0,0,14,0,3,0,120,248.91
1869,625e0d882944f74568464037c3a8aafb585079f2,0,7,0,1,157,45,57,8,901,1149.66
1870,f3ab1e5b9e429a930bb3f9fd5a26dd12730c5110,0,1,0,0,0,0,0,0,51,102.47
1871,eb61410a002e95a623425cc89348216a8da56ffe,0,1,0,0,0,0,0,0,33,84.55
1872,69d8d2ea11c5e08884ab4c7b8079af5fd21247be,9,12,0,0,51,40,37,3,750,1909.14
1873,aca52b6d2c1381646f211978735be59c0a7de1fd,0,2,0,0,61,0,0,0,679,395.86
1874,13f679013aaa93198d30df8dada4aba5614790ea,0,2,0,0,4,0,0,0,33,159.47
1875,3dffd5df2f7d4a8a3e512be5af908328c9d5e92e,0,1,0,0,0,0,0,0,535,229.23
1876,2e53fa08af6aba8200f4c7846a8e8e568b56560d,1,8,0,0,17,2,0,0,694,780.45
1877,9a9310d074ead70ebf3e93d29d880e094b9080f6,1,5,0,0,22,0,29,25,654,697.57
1878,dec68c9350dba6da9f38247db08f93dc0a798ebd,0,1,0,0,7,0,25,6,44,131.25
1879,2c44e77e2f2056ee88b4b9cc8bac1f769748830a,1,13,0,0,235,30,91,24,4175,2623.59
1880,6a7eebe891d50ac0bf4d17bb870031718705fa37,0,1,0,0,3,0,0,0,40,597.9
1881,1221a348156c71c8aae4db61157a01c1862be789,0,2,0,0,0,0,0,0,125,161.03
1882,78076f9b2a40362e7c7194fb13dbee66d7342dfc,0,1,0,0,0,0,0,0,158,144.49
1883,e1652de1198da66a7ee32241e63e137dd70c4cda,0,1,0,0,0,2,3,0,90,167.42
1884,6cae2577bad5895a922dee96fdcd69182ebb7d0c,0,1,0,0,0,0,0,0,366,215.38
1885,dc935c4beb49a83497536902f96c19fb7f472d41,0,3,0,0,11,0,0,0,163,262.09
1886,e75e4732c9ad67a5bf7a267346f0774c2a41b4e9,0,2,0,0,15,0,2,2,90,214.19
1887,913e87ac536e7e4f8350243d4d4da7dde265ed31,0,1,0,0,0,7,6,0,220,435.28
1888,523465b3c17fc2ef67b0de10c78f83aae56606ae,0,3,0,0,54,4,6,4,965,825.8
1889,743607af5aa625a19377688709870b021014dee2,0,4,0,0,8,5,27,2,1141,906.14
1890,0efed12f50f683131b31d33d787e2141122a5c11,0,3,0,0,37,0,0,0,246,312.26
1891,a79d6dcdb687b1df911af024946880a5d9d5490a,4,11,0,0,224,2,62,13,548,1080.58
1892,a65940cd820c68ee9613c7ff54676560cd01f88a,0,3,0,0,73,72,5,1,308,403.71
1893,269b65279c746bc54c611141a5a6509f9b310f11,5,11,0,0,66,2,16,1,3452,2484.44
1894,aca027e96cff818177e52196f676a9d3a2a980b4,5,4,1,0,12,7,2,0,1195,1400.19
1895,201022d19eac50a4bce8ccfa12c8e233f2b5cad6,2,9,0,0,71,5,59,34,842,1457.86
1896,73565b7f679c281f83a5df11e662b0f27cb1e55d,7,5,0,0,66,67,32,3,375,1670.89
1897,9d5893d3d5c548ffbc11b8aa880f5a280892e47a,0,16,0,0,89,26,68,21,1021,1709.56
1898,dc634f18f7ea2ef24d202d6a2380365754005b60,0,9,0,0,19,15,24,2,2479,1921.51
1899,176ea0d0f9b4386cdc0e3b9bab560a11e3d3d516,0,1,0,0,1,0,0,0,77,143.66
1900,4420d9ec67fcd437cf55b4ca70a0180615215c8a,1,3,0,0,9,0,0,0,523,924.82
1901,e2e8bdbd8cb6ca2ac962c72147d21a9e8b9ba2c0,0,11,0,1,20,143,281,75,2743,1873.3
1902,4be68c58da6bbd16cb5682dbf1c9b5b1c93500a7,3,0,0,0,0,0,0,0,0,324.77
1903,08dbec7429ba0e5ffac816dab3e465caf75a4c03,0,1,0,0,0,0,0,0,192,142.49
1904,d152989f26f51b9004b881397db818ad6eaf0392,0,2,0,0,3,0,0,0,83,137.1
1905,2fb9b03d6f19abada6babeec777a4452e989bc15,0,1,0,0,3,1,1,0,205,215.79
1906,c6528424dfce22f18a6938f1bcc9409811719dc3,0,1,0,0,2,0,5,0,826,338.99
1907,c0d6fac2385f88feb892666cfa778c1ac0ef8c6b,0,1,0,0,37,0,1,1,14,473.87
1908,637355138a426eb678b2cc9348ac07f970f20764,0,2,0,0,29,6,14,0,72,237.54
1909,41f2628bde88050fb1be8c2c1c4069caffc84471,0,2,0,0,4,1,39,5,1313,536.57
1910,62b22496c22563c30eec4f84c0083e15d2abbdf0,0,1,0,0,0,0,0,0,27,111.05
1911,0a1c26934757afae4dce49ff3ee038311ca6dd4a,0,13,0,0,193,212,54,11,1727,1682.68
1912,01f0f0af28ea05921868171c88448e299766e773,1,27,0,0,145,60,117,26,2306,2490.46
1913,795f7331e27602fb2579d2aa12f048d546fc4de6,0,1,0,0,0,0,0,0,366,223.2
1914,b12b7f0435f6163af25bce8797b054762d65de5a,0,1,0,0,1,0,4,0,164,191.33
1915,d0718718aecdb9030205fde30846b0b6481c762b,0,2,0,0,2,0,3,0,364,257.6
1916,af91eeeb793af2f5b873c48ef8ff636e8b485308,0,4,0,0,2,0,5,3,152,330.6
1917,c1918a2b9a9ba282efe92ddb867abef3d6d9b98c,0,3,0,0,65,176,182,122,491,537.4
1918,3656ad93bc7fb74138e36d39575c3b86c319577b,1,4,0,0,101,203,143,39,335,672.58
1919,247ccd7ac97234d91ba8c6c58a54272e89cd81b4,0,3,0,0,37,9,37,14,284,405.35
1920,bc4fed315dd3b99b95bc5544f81cd7e5541aafdb,1,3,0,0,10,7,59,18,392,864.91
1921,0846f590dac5d3893d41e262d67ee8a228dcc332,0,26,1,3,83,172,197,45,3016,2919.3
1922,9fe89f357ced1f75d5c7053979e8ec6430041885,0,1,0,0,0,0,0,0,0,98.72
1923,4cb8f56b45f3bfb596fb00ef2cc88938fc66f364,0,3,0,0,7,0,11,3,1058,758.57
1924,18984434df5295b0940e468ffb467c47b0fd72dd,0,2,0,0,0,0,0,0,109,152.22
1925,ff603c63bb3e0b47ce14121bb0e96ce0fc42d3c1,3,1,0,0,27,0,0,0,103,442.87
1926,83281ba0e49693207b8c657dc4cd6c0f6d130928,0,1,0,0,0,0,12,0,226,174.91
1927,8de3092b0579a2319fb1191b4a66e573bc2b0781,0,1,0,0,6,2,50,21,363,232.17
1928,35a0de32ee3823dfb548a1cd5d5faf4f7c99e4e0,0,35,0,6,49,79,10,1,1364,2495.23
1929,c9cf6e2176bec3091c069031c70e46b0162f8095,0,2,0,0,1,1,4,0,773,441.85
1930,f775be0514dc6a512245fd244e06e0aa11cc45c4,1,1,0,0,2,0,3,2,56,241.56
1931,93ba9621fe0ebe2945fe5d14a3c94abc5cffd7b4,0,1,0,0,0,0,0,0,0,98.95
1932,0d461e4ea0a8353c358ae661837f471995943bb0,0,7,0,0,32,18,2,0,583,787.95
1933,eb8cc09625c9913c4029763a46d4b7e5639c85f5,0,8,0,0,48,2,143,38,3701,2223.06
1934,4824dc994d7fc56b7540b643a78aadb4bdd0f14d,0,8,0,0,28,17,30,1,2176,1391.62
1935,21b79635474209fcd67d3bf33a70c25f6827c6ef,1,11,0,0,1,13,6,0,621,870.67
1936,2627a1be2cf5ef865fd1da0bc81680df9612655a,0,1,0,0,0,0,1,1,151,166.0
1937,dc91ce58af941b822fbad3b560c35774130848f0,0,17,0,0,2,17,54,10,1605,1234.81
1938,a8f2307164ce0f1f47c458eee8f54173f7218a16,0,14,0,0,10,93,24,1,1404,1360.81
1939,3c46b5669de856f4510b8d291a8af7dbd809c07b,1,32,0,1,49,109,95,7,2329,2798.0
1940,09136235db2fcae5282a218de75b6356f9420031,0,2,0,0,1,1,0,0,85,615.58
1941,b03e8c234a8aeecd10c2c96b683cfb39b24b548a,0,2,0,0,17,18,29,3,160,256.72
1942,f11fa5ef402193e2da785466e698e11b56bd19c7,0,11,0,0,90,95,139,32,3231,2109.32
1943,caecc16b5cc9c85acda50d68384a1ff9ebf930c9,0,1,0,0,0,0,0,0,192,146.9
1944,33ba2820f4fbb459172022a83d761a7c674a8fdd,11,15,0,0,18,7,94,42,946,2334.43
1945,0d56f1413557adabc736cae2dffcdc56a620403e,0,9,0,0,17,27,34,2,2707,1749.87
1946,d930e5d3d85697a9a851ab2de98e7d8ca567d001,0,3,0,0,0,0,0,0,535,295.51
1947,20f701cc505f6bca01c41f85cb38bbb32554fbfb,0,1,0,0,2,0,1,0,100,160.39
1948,5e161736597e0430dd276ac9007d8559733af3e2,0,1,0,0,1,0,0,0,170,141.96
1949,14d97aabad1d5aab4b9407e24ab523157832934b,0,4,0,0,0,0,0,0,635,374.23
1950,3a50dc27b994ea73228a989b4047b4bd54e31ed7,0,1,0,0,0,0,0,0,529,282.23
1951,1db46673661cf6dcb7f2fa2565262b04cf580367,0,4,0,0,74,28,18,9,2567,1404.64
1952,8662efbad24c859aeee5c3b469dbc907e39ff82d,0,3,0,0,12,0,0,0,314,320.49
1953,47888630a05260f548988d943a633120845f767d,0,2,0,0,84,66,21,6,266,521.65
1954,240d7589d624b72fa95e2f84a84778bc3a127927,0,2,0,0,0,0,0,0,125,180.93
1955,96c4e323bfc886b654b198896e78a7d21c80e30a,0,1,0,0,0,0,0,0,0,115.1
1956,460e46c3bb76a361d0706b263c03696005e12566,6,30,0,0,465,447,1075,105,9794,6539.32
1957,027cbbaec521542f53274183daccc2073e91cfe9,0,3,0,3,3,0,0,0,497,5845.7
1958,f716d08c9c7f0f3ec7456cb9a27a42104457b867,0,3,0,0,30,0,0,0,653,455.48
1959,04e206154ac614b7d4d34a7a1b6ba2c882f607b9,5,8,0,1,22,3,60,24,1576,1464.42
1960,3619d2f383f65108dfd33686119f675aaeea54b7,0,28,0,0,2,4,10,0,1822,2249.01
1961,09f1009d246b82475bbf018d187fff5a3e035539,0,2,0,0,36,0,13,3,483,400.91
1962,a42f16f980cba86a8889be8b7499437ecbc2cd42,0,27,0,0,141,142,175,72,7772,5627.53
1963,173a7e3d54ede6616037d6c55057417dfeb44ab9,0,2,0,0,0,0,0,0,1799,862.11
1964,9a384daf0eafb26e2e445c62659be78956c6e1c9,0,1,0,0,0,0,0,0,157,165.62
1965,ab7ea07f5e57ec405dc7fddce95de7c639a2fd6e,0,3,0,0,38,4,11,6,355,529.08
1966,8e975400711b0ea64bf4a00c8c551e448ab48416,0,5,0,0,57,13,83,32,488,651.32
1967,2aca6241624f6b924b3e0164a9b7d021d80096b6,0,1,0,0,11,7,2,0,604,294.48
1968,9ecadc4df474d9cfbfda3256f01eba1423cf5902,0,2,0,0,2,26,8,0,606,377.15
1969,a648ef0b44e9c3efbee3d66fc7dae85fea24a74b,0,4,0,0,0,0,0,0,1348,573.73
1970,4ca8e40e2f4ab415657d1e07ee868448802f4565,0,3,0,0,81,78,29,2,388,454.21
1971,f20f3c1a97b8a31a2f211cd66506fb823f420c55,0,1,0,0,4,6,1,0,60,153.11
1972,ca6ac9393bae9161465275cb8f836bc987a5098d,0,4,0,0,18,0,25,0,176,310.69
1973,8406f3624d8f99b614eb7171b71fae8b0e663dcb,0,12,0,0,17,124,156,22,3557,2571.95
1974,538bd7eddf13897245524f015e3207affb03fcdc,0,4,0,0,5,16,9,1,622,544.3
1975,b5ce093a24d0fe212b5d1374330fc720b4913bee,0,29,0,0,9,86,102,20,2728,2622.28
1976,fa57eb065d032c225f63a0b2ca3f050e728c2235,2,3,0,0,25,0,27,9,667,474.74
1977,62171781396b613b6be8e13a2541ab0895b9bb6b,0,2,0,0,3,4,4,2,168,245.59
1978,3124b070666d3b8cdc0e96067e69b8e7a6245742,1,1,0,0,0,0,0,0,0,284.79
1979,1acae2a67c8fce071bfe7a373187bdff209f1705,0,1,0,0,5,23,1,0,219,234.16
1980,e4cad353124478fd4034f18d2292ba62fb702924,4,7,0,0,96,13,20,3,225,1474.64
1981,0d55f0f3ec8f97bc250b325481f6f2fa70f52a5c,2,3,0,0,1,0,0,0,388,487.77
1982,dc0601a1c604bea3f426ed25b6c20176ff444079,11,10,0,2,37,332,13,5,498,1922.76
1983,d63d7022526565a96323a45fad4ead6c3db573ad,0,3,0,0,26,2,68,30,416,434.08
1984,b25974c387571b77fbe1e5010dbdd3f40a60a61d,0,1,0,0,0,12,10,0,127,144.96
1985,d10023e8d3093eaa6b0b3afa04c7ea1b9bee6c30,0,1,0,0,12,0,22,13,364,236.32
1986,ff78c684ff22d81174cd789a4ac7e7e1fe4dfc8a,0,1,0,0,11,0,23,10,376,241.57
1987,369d89f2080586773b5a3cc432cbcf655aa1f625,0,5,0,0,14,17,23,0,1364,1070.83
1988,981815c8d14daf1042e06f8fa9cb355187719b1d,0,7,0,0,19,27,33,2,2522,1327.21
1989,213466b3d4fd21b332c0b6882fea36cf1affef1c,0,4,0,0,0,3,2,0,367,459.5
1990,c23bf7a360c5854380fa74df55f1f65df102c97c,0,1,0,0,0,0,0,0,153,218.43
1991,d3316bc6a7834db9eef6dde21728891ba6b07b37,0,2,0,0,42,3,53,12,602,519.82
1992,9bd0d6aa93b901be97adb53f290b262c7cf1f175,0,1,0,0,0,0,0,0,156,201.45
1993,c3010254843dcdf0bd68602f752f690cd76d9813,0,5,0,0,26,21,34,3,721,736.75
1994,a674ded0b34b79e04b4242a3db19c90ae87b6f87,0,1,0,0,23,24,9,2,40,198.18
1995,825fa3fa09b89e9ba9d38a92c1b01bd170494efb,0,1,0,0,0,0,0,0,0,82.2
1996,62381bd9152d30e95af58f4423240ed4eaa084b5,2,3,0,2,6,0,1,0,196,660.88
1997,71e721f1354739b183fa7c58a3483098c6832928,1,3,0,0,9,3,9,4,321,387.42
1998,97bca4d3f5507f326046c78695ead99b10883631,0,1,0,0,0,0,0,0,0,112.77
1999,0667fe2bfda95b756faa589896b7da52622ef871,0,3,0,0,0,0,0,0,6,122.88
2000,9f5a69a4c2d6ac812ab6134e64839602a0840b87,0,14,0,0,63,0,65,18,2185,2426.87
2001,04a023e302d1c02c32bba1653303bc0d40140f18,0,1,0,0,0,0,0,0,63,123.51
2002,7bd81628d9f6c21649e615e73ed507520fd74fd9,0,6,0,0,152,14,32,7,3367,1964.98
2003,b7d7f7590de405d8d527c32ca9f067e073e9d83b,0,3,0,0,0,0,0,0,27,161.89
2004,05668e98f531cf4d6ddb0696f0f72675ca128581,2,4,0,0,104,6,21,9,919,824.37
2005,3b1524c5dfd2a94f3fb919dad0de70984963772b,3,9,0,0,106,0,199,51,3734,2119.99
2006,5919e73e5d2ebdf3d3fcefcb691b0718bcce34bb,0,1,0,0,0,7,1,0,424,300.51
2007,0e08358da4b114834140c720b98125a2a3a84caa,0,3,0,0,93,78,13,10,580,398.98
2008,555d05971e16123a497ad423ef4786e0831b2101,0,1,0,0,0,0,0,0,0,70.15
2009,c7836307c3588ed5d267f32eabcd7dfc0dbeec80,0,4,0,0,1,1,5,0,205,380.27
2010,075b368d47ad3144518e4d425f9155e35f15f418,4,17,0,1,63,0,8,0,1442,1693.83
2011,c596204c0dc880ee51772f06cc786057f78f34f3,0,1,0,0,0,4,0,0,33,86.72
2012,3aa909575d3f978a5045200986eb692eebd47ab8,0,1,0,0,0,4,0,0,33,97.88
2013,964e90a725f7a0bcaf03735f81e525388868b4d9,0,1,0,0,0,0,0,0,131,150.54
2014,e56ebbffca57741d398283e46073ed4170f8f927,0,11,0,0,61,0,46,25,924,1018.85
2015,409fabc5610443f36574bdea2e2994b6c20e2829,4,14,0,0,316,64,150,48,5705,3796.74
2016,172fbb2dd55144e2e44777174f970b56768e1777,0,8,0,0,216,16,2,0,690,938.31
2017,c2bee988faa3c338fdc275aac9f638bb652b38a0,0,1,0,1,1,1,7,4,51,228.1
2018,a552a2704e36b6db0a6295370d4e190ff212d5d1,0,1,0,0,0,0,0,0,431,205.49
2019,d801c4fc69398ab96fa8a90feb0fb94ffc5d1ac5,0,4,0,0,33,35,9,2,241,411.92
2020,9ff490509f860a729f20777c5c9d38267c44f7a1,0,1,0,0,0,0,0,0,101,592.64
2021,f6c59df07ed865a8bdc777db73216347f4882114,0,1,0,0,2,0,4,0,405,255.7
2022,eecb403bae80b82b6fb7a27bebb5b53d6c8f3115,0,15,0,1,285,52,67,14,2289,2037.84
2023,0f995ba6be1c0f949320b0879241d9a7c9578436,2,13,0,0,90,8,321,71,3999,2562.58
2024,dc31fea8bc06e1fb58a3698e55ab44d765f3dc9f,0,8,0,0,50,5,32,7,1510,1093.31
2025,8299f2a397b6033d60c295a689b7a45fcf413f4a,3,3,0,0,19,0,0,0,187,564.34
2026,3af3f425c6301cbd1282155a29b5683b9dc54c18,0,1,0,0,0,1,11,4,622,272.77
2027,626fbc60dd546166f953d83f6ab1c29de31f764b,0,1,0,0,3,0,0,0,843,285.33
2028,c5665e6945c8e63ddfb1056c4893f16cae1f6f99,5,9,1,0,80,5,44,16,417,1007.65
2029,56c64803fa190814232c5f71e9a758346c474bb4,0,14,0,0,0,247,46,20,1194,1206.47
2030,191f2faae07b6608b0601dc2caf204b196a8fc47,1,6,0,0,14,0,24,13,2606,1092.6
2031,c34330c5481803c91705cbfcc499021360ff7fdc,0,7,0,0,98,63,38,7,3537,2130.96
2032,a4f7675db1a928e73c7a69eb906dd1e9ecd4a22a,0,3,0,0,3,0,79,38,1422,737.74
2033,a37282415e4e7f682b43abe78517ed18a8dea962,0,3,0,0,0,1,0,0,295,245.24
2034,14314e3d687b4c7b77750d27a085b803c934e3e9,0,3,0,0,32,1,48,13,486,424.01
2035,c85152f5b96a0904b7b503f8edb1485e41daca05,0,1,0,0,1,0,0,0,109,117.34
2036,90043d5f7e1b09a959080c2064f758d5890fc454,0,1,0,0,0,5,6,2,60,153.27
2037,407bcdf78e06f83f2b358d2cbd96aed348a5c28f,0,16,0,0,18,40,60,4,7456,4094.79
2038,2bf153f6a7100e481000ce6bc28baabcaf29dc7f,0,1,0,0,2,0,33,17,369,185.78
2039,8e7b57fbcd13edcab280725bb808f232f2e60a1b,0,1,0,0,0,0,0,0,207,195.2
2040,889512202c2a2cfba23e358da08747357b60d8ac,0,3,0,0,27,13,8,3,975,1004.07
2041,cc097e909c7e5b1617565e4456f5328a826eafbc,1,14,1,0,32,44,61,6,912,1280.89
2042,b0e82a68b34512d23a5a60a9b5da0db86eb880b2,0,31,0,0,33,36,97,15,6827,5127.44
2043,8308829e46fcc4903b9faa3d2dcdf10f56f262fe,0,1,0,0,1,0,26,0,95,179.55
2044,5144660040839cee6e213b5146c1ae44340eddb0,2,2,0,2,7,0,4,0,54,580.27
2045,83823aedf2e2d176004402152b69bd67f97d8e12,0,2,0,0,43,12,23,2,196,416.5
2046,e6cff21fd8c5add0eb7e55417a91f0530a7d3a32,0,17,0,0,31,16,37,11,4665,3323.13
2047,53dec548b6149274e6c2acf832386dba6ec3c1e1,0,1,0,0,0,0,0,0,0,115.94
2048,a97e55b83868ff786e740db55e73116f85456dcb,4,11,2,0,7,5,15,8,3989,2580.04
2049,b2826c6c2bfc3360913e63e0b65f9d79e782fd50,0,2,0,0,8,1,15,3,176,248.67
2050,36a5aba4ecf56631372ad12d5c67af8fa3de05f8,2,5,0,0,20,0,9,2,252,516.97
2051,7a4618a793aacd240745c8de0ad7e502121f5dc2,0,1,0,0,0,2,7,5,187,180.99
2052,437382cceb8549f33948398c92040e6fc16e0ed7,0,1,0,0,0,0,0,0,332,160.41
2053,7c20257d98c7037efc74e4159d4b0adc1741d891,0,3,0,0,13,0,28,21,124,597.17
2054,4c85171a1f1219bb735be3ca034640e298fda0dc,0,2,0,0,16,0,10,0,127,228.53
2055,5236a3e5ec35b02ad3b40e904997b91b82e9f36d,2,4,0,0,60,759,72,2,271,981.61
2056,8a237f599afa539868a138b5a2534dbf884cb4ec,4,14,3,0,142,30,219,39,1396,1995.11
2057,1fdc8533016e948b1d534145978252209d7612ed,0,1,0,0,0,0,0,0,0,82.05
2058,63e4f67d9ba9e08bdce705b35c5acf32dcd20633,0,2,0,0,1,0,0,0,1349,701.67
2059,b86e8c1ea908b8fa2576d058700b0ac14b1b4a3e,0,1,0,0,0,0,0,0,0,98.37
2060,d92eb0d8d85cc24256499eff97672141493fb90b,2,2,0,0,102,0,8,0,286,923.93
2061,47fdf228605534302811287f77553d3c5303284e,0,1,0,0,4,1,2,1,109,233.02
2062,050fdd6537fcfb640277ff5e1607e44d18c0d95f,0,2,0,0,18,3,26,20,513,337.9
2063,0494cd329f3aaed94b3b46de0abe495f80faaedd,2,5,0,0,118,228,37,7,422,843.65
2064,b395ef418237a37b95d6452f0111998f63c047db,2,4,0,0,6,0,63,25,556,602.92
2065,b96aa003b6793c749a8d8f2ec1e2f2e3da8af01a,0,1,0,0,2,0,2,0,282,220.14
2066,80784271043d2da8e93055a5f9b1bcfd53347461,0,3,0,0,36,24,0,0,104,262.06
2067,16b408898e75b00ddf6b607246833cdbcd56f507,1,2,0,0,67,14,0,0,587,626.43
2068,855f899bb523f3b334f711926a7db4cc75ebb4b4,0,10,0,0,10,25,44,3,2963,2049.89
2069,5a95c2e1cd555d5f3ec148cc7c765d1bb7d716f9,0,9,0,0,78,19,44,13,1663,1399.14
2070,ce584a01fff4e73afa96d38c9a7508fcd67e3e46,12,9,0,0,166,108,106,25,1961,3035.85
2071,2e91a310d7bf9e7d4d46b0bc0ca0c11cb4531e10,10,22,0,0,277,18,211,50,3191,3637.4
2072,64c2d49cf5c8b1cecbd7601dc2d1577fc606ab1e,0,2,0,0,9,0,0,0,259,260.17
2073,a1286edb040a5d368a76d6c9c809c5cf0c080ec8,0,5,0,0,0,15,19,4,940,755.32
2074,9077d83672a4d08273ce4a6012f1787f5313f948,0,5,0,0,18,7,14,0,408,528.84
2075,e018bfe2b050b55b479bbabb9fc26ebcc211b177,0,2,0,0,84,12,46,9,704,516.66
2076,6a2749faa63397caa93dae7bfdc3f1d0573a2ff4,0,61,0,6,311,81,389,243,4371,6075.86
2077,9fa331b811d893a0d580e9136c1c7e1fa9774542,3,13,0,0,61,116,118,24,2798,2323.73
2078,e00c0d316db01fbe5e57a4dfd54856c89e761b08,0,3,0,0,0,0,0,0,876,597.5
2079,c140f09406b119d86d43bba6248d17fe0120a4dd,0,3,1,0,5,43,10,2,363,408.97
2080,5a30a806ec1502cab34555bfa4df4fc6ed7a7917,0,1,0,0,0,0,0,0,415,721.15
2081,b43f5446acd36eb60554e57f5b9bdb415395f2d1,0,5,0,0,48,36,62,17,336,458.43
2082,7d70133b7529f144b760cb914ec64da25ba561a7,0,7,0,0,0,0,0,0,117,394.34
2083,126230dad0ca9e4660ad2f1912935c41bce77ea9,0,1,0,0,0,0,0,0,138,125.75
2084,3b5d7aee6cb9f191eaf647576ae39d3d8ebc941f,0,1,0,0,0,0,0,0,74,126.92
2085,4f110905975188d0855dc0c7b168724679aae97d,0,4,0,0,34,2,22,4,1163,905.37
2086,d286051a21ef212494876fe9103ea75637531916,0,1,0,0,0,1,8,2,119,196.05
2087,46a02f3231cd6d340c622636159b9f59b4b3cb6e,0,2,0,0,111,100,128,35,1785,949.9
2088,5ecac84cd8b5cb7be701e0cbcc53b37f41b50d60,1,1,0,0,0,0,0,0,23,170.95
2089,a1808962e56eaaa3657298baad3fc09abcc49040,1,15,0,1,212,24,194,32,6216,3874.13
2090,94195f8643670069545cbe948d4bafa8b291d2f9,0,2,0,0,4,0,0,0,18,183.55
2091,24f664aa1621dc70794fd6576ac99547e41d2113,0,9,0,0,39,0,0,0,2233,1230.44
2092,88619b7dd85acd79c111cfdc90a594cb5c2cf96e,0,4,0,0,16,0,1,1,92,294.32
2093,901eb3688337a0e173ef7fcff9b3384926520c08,0,1,0,0,6,1,7,4,184,179.75
2094,051379ea5df6b9906a8fd97cb41a0a6d584b8f03,0,1,0,0,3,0,5,0,1003,486.86
2095,da6063be4ff2499ea2c65fec2a7975e0cf48e7b7,0,1,0,0,4,0,0,0,22,151.55
2096,121308cc7a2639a70fc8a60c99d2eaee52931951,7,13,2,0,84,55,11,2,3190,2354.74
2097,e82e2e723a8a71e5e0a73af4ce408e60065c1356,0,6,0,0,107,41,105,17,3367,1776.62
2098,91ccbca4c25dba1671dfdd29053521ce93996f3e,0,1,0,0,0,0,0,0,125,107.29
2099,55bfea13789c3898ce4c9259a5fad74192c1bfb0,0,1,0,0,1,1,112,48,571,272.15
2100,a4c0b1841a9fe69d040128129293db201f81fe4a,0,2,0,0,8,16,4,1,102,720.47
2101,efa6410611aa0862065ad804323c280a4d8a372d,6,10,1,0,192,92,248,16,1200,1800.02
2102,579567559915e750d305d51a10d9c6797b6eb2aa,0,2,0,0,0,2,2,2,100,186.71
2103,78c55c8d66f5570d975caa53a9751b126ca10538,0,5,0,0,265,48,198,63,934,827.36
2104,529a5a502e5fc4d05536d23df0bd75973affff01,0,1,0,0,5,0,3,0,139,243.35
2105,ce008e72de6ce67a8e9bb3d5d78fb0bb3849a38a,0,1,0,0,7,0,4,2,100,166.93
2106,ba3dc494371145e8ad35d6b85f45b8fe1e44c21f,1,6,0,0,0,0,0,0,220,386.82
2107,055c9c7bd6780436d201f5101df464814ba940e2,0,1,0,0,0,0,0,0,389,200.56
2108,8e161580b859b2fcd54c59625e232b99f3bb48d0,0,3,0,0,11,4,15,0,569,567.56
2109,59d3a56740a8c668ff8151b88d00c7adc371a50c,0,3,0,0,6,28,86,31,579,434.24
2110,58aa04f91e9cd8203cd58f972d042d068727d256,0,2,0,0,0,1,0,0,130,176.56
2111,30adf2a096a7c879497b435b1704620e86d9e71e,0,1,0,0,0,0,0,0,148,124.89
2112,cca05cace4105c829f303c13eed8ace2efd7fa0c,1,4,0,0,5,0,25,0,938,643.87
2113,0864779ce2a0454b2924567189e2f690d92498a6,0,1,0,0,0,11,0,0,159,208.14
2114,1669b773ba31f7bb3395ec536be7c17bc98ab9fc,0,1,0,0,0,6,30,4,149,191.71
2115,e2c15e0eeb8e853aead9ef5e307930fd781b38e4,0,1,0,0,0,3,0,0,71,124.54
2116,e54ab292e7e2fd1d18e82387a586969ba57eb7ea,1,13,0,1,155,178,54,9,1026,1194.03
2117,48b65ac617a17cb5570e152256c1073619cfaabe,0,1,0,0,180,204,0,0,3,226.58
2118,35814298e1fa2840f89ef1f40163b2480da28a2b,0,1,0,0,0,0,0,0,144,128.97
2119,2ef02f111e3a1640d3e92aa29dae5677d0eefe18,0,4,0,1,219,63,29,2,158,555.82
2120,e047864f30fa47c6bcb2a0e6d9da86fa053fe6f6,0,1,0,0,8,0,0,0,120,635.73
2121,1b9e1073885951697f34950a1ea706c93826e871,1,16,0,0,35,103,298,55,3529,3669.82
2122,47f908fa73fb7bbaec553635e75bffddd7a473f9,0,6,0,0,18,0,32,0,2297,1732.59
2123,1ae92914e28919a97520e91bfd0e588d55eb1774,0,1,0,0,0,0,0,0,399,221.08
2124,6d6366cd5563ba2a7bd894611ef037cdea99273a,0,4,0,0,124,0,142,40,678,801.32
2125,c7db82b59a145735fce227436c6191d1825fe384,0,5,0,0,45,45,0,0,2189,1393.66
2126,93bf96589471acadfb90e57ebfecbd91f679f77b,0,1,0,0,0,0,0,0,50,112.79
2127,a7e771c6da72bb7f3c5c5cbab3dc9c4fd403f866,0,7,0,0,33,33,0,0,772,730.39
2128,03d61ebfb93aab53b0b0ecdfc77175d18a58e861,0,6,0,0,45,6,15,3,2073,1487.29
2129,d7a5e31ca2f694fe0f5aaf8536ea30400fc19d3e,2,0,0,0,0,0,0,0,0,226.67
2130,5f8b2898ce512b9d1390857e036bb3a896dca170,0,2,0,0,72,0,11,5,381,342.92
2131,4d1d995a115939da51a8ad93f9df91e05ec0c808,0,1,0,0,0,2,0,0,8,99.81
2132,11b25a13ee72e1c91facd0f94b888215f67d5a69,0,1,0,0,0,0,0,0,239,358.8
2133,11641c7f53b2ee156490b2aadf79552d266ec956,0,1,0,0,0,11,0,0,163,142.86
2134,7cb0a1ef4f4a7c08a56cb9b84d482e60ed5f20f3,0,1,0,0,3,0,0,0,107,140.92
2135,55707adaee992e835a67920e016376235b92b70f,0,1,0,0,2,0,4,0,217,218.14
2136,14d854936e1d2fed2e69a7c6367becf360f88833,0,6,0,0,31,71,64,1,2289,1196.41
2137,5216839d8bcda5c00825a0f4be866a525d948da8,0,3,0,0,0,0,0,0,67,178.65
2138,f8db022b08cf0b7fa65f271711a4103ef4b28897,0,6,0,0,18,0,20,1,2600,1428.71
2139,711c817254eaf62d91b0d783fdd04c5f1915fa75,2,5,0,2,19,0,30,13,638,841.81
2140,298a9bc397878ddc755b91c44aef0c928be6eaf9,0,1,0,0,0,0,0,0,149,662.37
2141,b0935e548b9d698f3ee7e9cb2ea5efc9647d6ba3,0,1,0,0,0,0,0,0,134,141.78
2142,3750898e20c0680d0c58220fd3ecb6ecf1b5fef0,0,1,0,0,0,7,7,3,1513,586.0
2143,822abe47db07fcf92e8aa24e920a54239a90348d,0,3,0,0,31,1,12,2,429,396.65
2144,442d36241bea6e83c75ed7513e48099b8d73ef39,0,3,0,0,9,1,1,1,180,289.13
2145,23beeea34bf9e5e7a33dc0566d54a17b2b417c0f,6,4,0,0,55,10,63,16,1410,1259.39
2146,102490ea0caba93631c4dc7ea05a64c0117331b7,0,1,0,0,0,0,0,0,2,64.95
2147,05cba28ca7aafd3974e9e818be08f239b6162855,0,2,0,0,33,35,2,0,517,339.06
2148,99737588b6db7647d0d03b7306f143714fbae4d5,2,1,0,0,12,0,6,2,21,297.14
2149,38f86d139cbd8a3b92ce555f185e52252f626cd4,0,2,0,0,2,0,0,0,304,210.68
2150,65b044b2001065bce92045d236eb74dc57646f81,0,1,0,0,0,0,0,0,4,112.89
2151,4f5a5eb579a20cf86eaf5018663d44e5592d0401,0,7,0,0,12,30,32,0,2709,1700.29
2152,d70fe5ed2d25af432ec6ce02ccfeaa40bcd2f295,1,1,0,0,6,0,0,0,450,364.05
2153,53b4ce5c00d61be87962f603682873665155cec4,1,12,1,0,172,31,192,25,2118,2088.99
2154,d2328a1a0e2fa5f3592cd67b320fb8f223978659,0,2,0,0,10,0,13,3,427,402.43
2155,1d873a9de9ad98d9f3120fa2ff59c3372650775b,0,1,0,0,0,0,0,0,97,125.9
2156,ea814d78690940827e90950282f40a74ca45eb0f,0,4,0,0,0,3,4,2,1005,845.89
2157,8cefe977eb61759baaad644cf1a15020dd3c13ae,0,1,0,0,0,0,0,0,151,107.9
2158,00757cd99f6d8bf2760c3708d307347f4cde65f6,0,28,0,0,2,8,5,0,2937,2685.26
2159,f65c71cf6e13973ebff8ef590eb3d369da4d1b11,0,2,0,0,0,0,0,0,256,219.64
2160,53b10a37a42769b0c1b91c3a66fbe7f60917cab5,0,8,0,2,98,23,53,2,1695,1791.72
2161,f8994897d30ef7508756dceb1d19171d6204f2a2,0,6,0,0,33,0,0,0,129,349.09
2162,e3524ef350830e3e1fa918ec0ae93b09d51fcf37,1,8,0,0,15,29,32,5,2755,1584.77
2163,74c90f46c34727be9484e9826ff543b451ada775,0,10,0,2,303,222,106,17,1827,1969.09
2164,81900d0ba0a5839a1e5dc876897bab1c24b3bd94,5,8,0,0,103,17,79,5,1228,1457.34
2165,204710832eb4787b185264a0c8e5fe89a3db9d44,2,9,0,0,78,69,117,25,1499,1634.22
2166,73ed9eac2c875a12d933af48b7a7817ea57ad447,0,1,0,0,27,10,26,14,231,212.21
2167,6fbac3cfa88bd3eba36b2d3e254d7ce5e11a550b,2,8,0,1,27,95,95,2,2991,1628.66
2168,2c2b30d96b7d30037d3ee69ebbf985cd88557af9,2,2,0,0,86,0,2,0,84,264.43
2169,a028f597d7ea042c414e9669d2261c1423a96f95,0,2,0,0,2,0,0,0,270,291.62
2170,d997dc65a434558961a842fd2006a6ed36cd1ac7,0,1,0,0,0,0,0,0,209,147.93
2171,717c55be971df862c55f55d245b9997f1d6f998c,2,9,0,0,322,48,63,29,3665,2361.89
2172,1546fc30af520f8d133aa3454cdc8a036bae0f3e,0,3,0,0,132,82,54,12,2479,1314.15
2173,a7d0fdd534ef55533a868ea7388bbc081ee42718,2,2,0,0,210,4,8,0,431,602.13
2174,a99e0111114d1cb8c762494ac195cf84e6425bb3,1,4,0,0,5,0,55,31,1767,781.15
2175,320f7b0d7afd75c6d76ee33770461e93bef43689,0,1,0,0,14,33,35,13,527,575.66
2176,7663a6c44daae5d72f38cbba79d728416e11167d,0,10,0,2,48,48,0,0,1434,1100.92
2177,e4e2dd31ca66330aefdbb226eb25968bb14fee64,0,2,0,0,10,0,21,2,87,202.45
2178,926fb35d9dcefd45c1e1d276ee7252b15875f23e,0,7,0,0,70,22,38,5,2543,1465.43
2179,5e543ae10832808a9d7efef363603f07695d4368,0,6,0,0,8,21,35,0,2310,1357.26
2180,35ed7b14cc8f943b4fbc9945a93eecbff7b72ab2,0,1,0,0,0,1,5,3,389,682.47
2181,4148d79880948a928a211c88d7280c748780c8aa,0,9,0,0,30,38,15,5,1938,1071.34
2182,88087e91dd4eed1ee3c3e12961db84b7b56c34a0,0,3,0,0,1,1,1,1,1561,860.48
2183,e5657bc910bbf82638a8b6c3e96c30101cf27560,4,8,0,0,60,0,14,4,289,1173.48
2184,f8078f380381604f1c7b07204b98e9c08d5e0af1,0,1,0,0,11,0,4,1,41,130.42
2185,e07b46dd0424717829f5e12fb0fa91065b943fcd,0,23,0,2,4,1,4,2,950,1335.13
2186,2ca30191d2bb430a4b27b125177406cf263d444f,0,1,0,0,0,0,11,2,389,225.24
2187,39158bd944f7c64e32634cec8171515b93466ffa,0,24,0,0,13,0,136,44,1150,1519.6
2188,e6fe4c13deb9ca814513a8c12d79dd76af658762,1,0,1,0,0,0,0,0,0,164.64
2189,5129ab53ee9a2e46a22a13b1d5300ee139c4999f,6,8,0,1,290,0,0,0,2849,2111.3
2190,83a575d4b92a7a49917244dbf7cdee0d2c5aa253,0,4,0,0,2,0,2,0,554,408.96
2191,b8605c9bc1331b876f9d134ebc8fcf9bfc684c8e,0,4,0,0,3,85,27,1,266,393.7
2192,b9ffe596864b576d81c3ca0ae060ae4ac9006d0c,2,0,0,0,0,0,0,0,0,174.36
2193,4d1ee26a136997d31dbd6ddca07e09b34c41c77d,1,0,0,0,0,0,0,0,0,98.59
2194,35bc53c55ff317890d13490443a8685adfc33084,0,5,0,0,47,3,0,0,922,702.92
2195,c6664e1d081155f6a24ac940fa07c2a061e71cff,0,1,0,0,0,0,0,0,541,216.8
2196,5b4e749dc671df583588c713913bb9eb85e67cc2,0,1,0,0,0,0,0,0,68,148.06
2197,d7f8ec8628ee18326d22f6a58c787629a8faf307,0,1,0,0,0,0,0,0,3,113.81
2198,7334222a71d522f2e99ee84622c672a4c5636e1f,0,3,0,0,43,0,4,4,363,554.67
2199,d08bcae7f99a863b6d2058a1568384f904e539ed,7,10,0,0,84,1,11,5,659,1288.19
2200,6b24b2e8363180cc9cfbca11dbce9cf60c7013be,0,4,0,0,11,0,5,0,520,890.65
2201,24547b810ce9aae4389dad7f41cc47caba73046c,2,25,0,0,214,50,61,28,2080,3133.23
2202,add662907d8002a4c38196c4d8654a0db19a061a,0,1,0,0,1,0,0,0,122,173.65
2203,cf32a1a6a06df910dd11f26abe7b62e560392e25,4,5,0,0,220,1194,11,2,387,1302.79
2204,fcfee618ee440cb78e422963ba7db1fa03620b33,0,1,0,0,0,0,0,0,158,140.35
2205,d2741e5cbf546117d9eb3f6776f9063bfc240d9d,0,2,0,0,0,0,2,0,361,233.93
2206,fb381cb6c7c9e1183dfeb88dd94c25134049ece9,0,1,0,0,0,0,0,0,20,94.27
2207,d18d6b033e09515adff19225f8ec6845ca34c23b,0,16,0,0,0,0,9,0,1267,1338.34
2208,40432e31f7c5b0e0992a51621dc8b1c0e3d3103f,0,1,0,0,0,3,8,1,155,198.16
2209,364794866f82d2d99f7a610d699478d5055688f0,8,2,0,0,20,0,0,0,60,722.89
2210,31a5f92b9f657d3b0f65ad2abfc2a085958621c9,0,1,0,0,0,0,0,0,229,188.24
2211,74fc3323a5815fad80318e96a88dc2164c700809,0,1,0,0,16,0,3,2,167,347.95
2212,3b8d7a661cc993b298385fd7c726d0ae0463ee12,0,1,0,0,6,1,5,0,10,155.54
2213,8dc80e22973d89090833cb791d9269e9a0598059,0,2,0,0,48,0,6,2,1053,762.63
2214,caaf253b637d8fa2ad90b84a5b55103e192b37d6,0,1,0,0,0,1,9,4,58,151.38
2215,c5f2bd64d1f21a44bc9832f80f4ae76d3c065b96,0,3,0,0,0,0,0,0,346,304.46
2216,b66ea874406c3b4d59b23e47e036cbdd4c843c7a,0,2,0,0,0,0,0,0,20,162.62
2217,ffef0871c2d64bcbc171b129c2057b572c2f41b2,0,5,0,0,116,48,47,12,1005,905.02
2218,ad3ccf8f317bd28b6527fd4d5089ce8f0a37479f,0,1,0,0,162,177,88,9,774,495.77
2219,c65e19ae95549f7dc49eec3e5fd3cc2de84687d9,0,4,1,0,16,25,4,0,1192,757.69
2220,0f177ea6b826cd96f7a4a687da3691fb786a0a89,6,12,2,0,36,209,341,34,2297,2717.44
2221,39afe9fe0eea057a53d85ec645ea2dcba54b29f7,2,0,0,0,0,0,0,0,0,303.86
2222,e59e4caadc48ee3ba3325d98cbc1fc714ced2b8e,6,5,0,0,78,0,0,0,2581,1653.23
2223,6882b3b760de3208ee0cca86d6e1a651cc5e5a1f,0,1,0,0,0,0,0,0,0,79.21
2224,6a3a58039943aa047fbd07abfc7eff6431c367a5,0,2,0,0,5,0,1,0,305,384.26
2225,23708b77db110bdb20bf4a01b656d1b0ccc0f864,0,4,0,0,262,168,110,4,213,538.97
2226,6530600e6b314565f100b65ae774f3f409ed9828,1,11,0,3,76,0,44,14,1335,1475.26
2227,ac385c4c3a770728848438f28f4acb8854ffc868,0,13,0,0,39,0,7,1,1338,1159.77
2228,e24d0e22abb0fb3e4cb3974284a3dad126544584,5,10,0,0,170,66,83,17,3608,2766.68
2229,fbd06ec00c42a937ba06943431ae99ea2da31c4b,0,2,0,0,89,48,15,1,221,329.74
2230,bab3e082dc48bc3db68692694bd114a39b41fa68,0,13,0,2,77,72,54,4,2580,1703.87
2231,935b280540913ade0b2dc1549ba22c4262ee2669,0,1,0,0,0,0,0,0,125,123.09
2232,4962c8193e2faa589914be52962c701aba0980d1,0,8,0,0,3,3,22,6,1875,1110.55
2233,9ba898edc7c834259c3676402337f74b62aaba99,0,1,0,0,4,0,19,4,141,197.59
2234,f3ded39a0556f9e43a66b238c89c6a60f3ef33df,1,0,0,0,0,0,0,0,0,125.45
2235,2d0cd2ef54029cfb592ab5762f16214ef5d0101f,2,0,0,0,0,0,0,0,0,378.32
2236,a0470726c44a26a1cbd0cb7f6c29b4e3e28a3af1,2,0,2,0,0,0,0,0,0,438.03
2237,e85d671dee3ac03a1b4623a8b65330df50fe2990,0,6,0,0,0,0,0,0,217,377.69
2238,c955828095b28d9533b98fc979e4a768c28263d8,0,5,0,1,11,0,11,7,588,664.61
2239,e98e239a0c7fd9a500de606b7a05582f1a384da4,2,5,0,0,77,45,9,1,1044,901.95
2240,beac4c7534ef0cd7be92514a8d92639bf417221c,0,13,0,0,152,3,104,27,803,1810.82
2241,bcc023773ff0f5b68f0e808bc7c7aba457a4c472,0,12,0,0,217,72,63,31,2710,2050.17
2242,74f8ae13034d90800da5573666dea3bea5d702ce,1,20,0,1,412,138,205,28,3828,3001.58
2243,1d7f0b7c58f212d555c4f2ce766c2ca38f93a1cd,0,9,0,1,142,46,30,14,1102,1069.28
2244,92688ef82ccbeee6014ae9c1db64fb4289b7bdd7,6,5,0,0,13,0,0,0,552,982.17
2245,0566dfd3cedc13e2c0357378cc100c1ec9bd585a,0,21,0,0,89,58,177,52,5298,3702.01
2246,666505b72f1baaf5f37fac4f59fa26d93d833f63,0,3,0,0,0,0,3,0,57,313.4
2247,5d0052fe00c9071095b872b3b6ab6b1b455c9e20,0,3,0,0,31,0,269,74,2024,776.12
2248,30443af1c8d6c8b9ca327d046c4d4daffe5d43b2,0,3,0,0,19,0,1,0,147,281.52
2249,1dc5063cde2101e4efb058a24379a7c7cb97db5e,0,1,0,0,1,0,1,0,144,168.82
2250,66183f730feaa7dca7b4088053f44015a626a6e8,7,21,1,2,144,407,189,17,2532,2910.71
2251,d53eab16b28a44e24fa2f9d592f536835b29ea22,0,1,0,0,0,0,0,2,457,218.96
2252,ef2fbfda24115fbadc6a55542ec76d3bedff17d5,0,2,0,0,26,4,8,4,498,558.72
2253,9fbb0de5fc493f9186d23ccdf03b772ccc01e1d4,0,9,0,1,2,2,0,0,1396,1064.95
2254,422687148e01b607ef26d001fe1874a35e90d0ae,0,1,0,0,30,39,3,0,118,251.07
2255,9e294cbca22e9da5f491792e8a8b0f9b27047fd0,0,1,0,0,0,0,0,0,30,93.97
2256,bfcc17f211834710add79122d7ba3d267931cfb1,2,6,0,0,82,59,77,39,1689,1059.28
2257,3ca204b427971af161fa3550c46d9ec796e8b401,0,2,0,0,48,91,58,11,489,460.25
2258,157aadbbf38f6255208678058df506005cc066fd,0,1,0,0,0,0,0,0,105,123.79
2259,8da69936a7e7c4da51e45cdf0fa392bcb0eacbbc,0,10,0,0,114,40,235,54,1920,1566.26
2260,c7efc3613c4a021ddaae314ca8226d04e6dd2080,0,1,0,0,2,2,9,6,480,775.97
2261,1c831c22e13fcc59e7e1a9e6c28fd38048eb3f62,3,7,0,0,144,0,40,12,503,999.98
2262,11ab6e7d8fbdf213a22b7fa5dff04f374f55a1d2,0,1,0,0,0,0,0,0,482,213.34
2263,5b829f2b610d71d3176a7df523b34df807b47f22,0,4,0,0,76,3,75,39,980,780.14
2264,f99bb0466e9c8845963b350f3ad9b353db72fd5a,0,1,0,0,0,0,0,0,193,155.03
2265,c62dd1e92e44551c138c28e9cc628084481da8ee,0,1,0,0,0,0,0,0,27,99.69
2266,c87fe9402cbebc460b42cd3dd7c268e5e6e659d9,20,14,0,0,205,7,38,17,2182,3240.6
2267,f98013cc501ab30c43ca707a1fbf46c4e9dc1215,1,22,0,0,207,95,98,14,7404,4372.97
2268,586c587b3db0bd622d74a5d4da5734c50c698061,0,1,0,0,5,6,6,0,355,246.47
2269,52007e878aaac3f48d0d949dbe428a2ae5e56f57,2,65,0,0,542,101,831,291,7952,7949.52
2270,7349608009df3d231db154b9f5c15134b047e38d,0,2,0,0,67,45,8,2,1197,572.68
2271,a5a6938c69f4310f7ec519036f0df77d8022326a,7,47,0,0,551,296,315,80,4810,7491.53
2272,4ac892ca783acab8e574b9b24d17e767eedb3d5f,40,7,0,0,141,11,50,13,1125,5048.71
2273,c06e45a215072b1f909ccc9d1a9a82ae521b4bab,1,7,0,0,35,13,7,3,271,611.04
2274,d88f1048da6bdc5670102bbbde7bd92fa7af4ccb,0,22,0,0,337,124,280,52,5974,3837.24
2275,cfa10678bd87f5e35f4934ecd2a40a9a089a5b52,0,21,0,2,99,4,53,12,2443,2125.39
2276,7e3f8895d69da13df574701e6a3fd9d74d092053,0,4,0,0,3,0,2,0,1183,616.08
2277,e3c2148b207a6ca98c89211d12cb47abdfaa70b3,0,23,0,0,41,24,32,13,4319,2867.31
2278,1f1179ea64bbaf068d759aae988bd2a6fe966161,0,1,0,0,0,0,0,0,17,97.27
2279,e0824e26ec194dddbc3397b8c4725b84f72c482c,0,1,0,0,0,7,6,0,141,136.78
2280,fb9b0dfde5f674e2aa9f9948e2f14bc7698413ae,0,5,0,0,42,23,25,3,1823,1770.31
2281,f41a5c2c8632bfd0dc50321c1c69418db04f42f6,0,4,0,0,160,14,45,9,1111,976.75
2282,c9c3adca43fb066de0e16c65d381981c313cfb0c,0,1,0,0,0,0,0,0,250,180.59
2283,b006205edb57117c5a399647b4352b06953e9e84,0,6,0,2,0,9,5,2,1742,1245.16
2284,c55277cd79f103d9c686b9698f9f63208fdee272,0,13,0,0,74,36,8,0,2273,1689.92
2285,2fce203a54483d9f229304a7ed3e963cc15f983b,0,2,0,0,12,0,1,1,283,384.45
2286,e66ed2dbea80230b6eeb7dbf5c27ce5cf4ff9fc0,0,7,0,0,8,24,46,5,1380,1163.35
2287,caf349923646ae4c572ab58ecc02371b2f5babe8,0,1,0,0,10,0,49,23,471,297.02
2288,b24e9f3ccb68dd519aa3e6d3a1b3745c493f201c,0,2,0,0,10,18,156,54,827,497.22
2289,8966d066bd2f80c6d8f270423e7e9982097f97b9,2,2,0,0,9,1,13,3,194,417.63
2290,2a54347a56bcf29facd74ea219db12bf495c7af9,0,2,0,0,9,0,17,11,53,212.88
2291,b62f2a1123612af30d29140efa6d3e89091f87dc,11,1,0,0,0,0,0,0,63,918.25
2292,f93c473be1d24774f9c2d29576b063835f8d2737,1,3,0,0,79,235,0,0,114,415.74
2293,00374c3ddf6c4ecc96f58c6685fd107500b976cd,0,2,0,0,22,1,8,4,939,771.81
2294,f324754852a297319ac8b0ea119e48741a0dd61c,0,3,0,0,20,0,1,1,238,318.57
2295,18bdcaa5a1e770b46c07655f138bf0ef4d16818d,0,1,0,0,0,0,0,0,51,100.03
2296,ed078bd702e30b300050aefd7a65561fbd75049f,1,2,0,0,60,0,72,19,1410,679.34
2297,3cb8ccf63a3f88b4de5a2133b39fb4bf175f3532,0,8,0,0,10,7,11,0,2521,1659.74
2298,7a87a30f1f63982e9a4ed4d14a558a330190051f,1,2,0,1,38,14,47,0,603,567.99
2299,fa2c61e23fdf41be1f19d6c8c60eae9bfe52ff80,1,4,0,0,45,12,54,2,714,605.04
2300,9660ecd4ec3a6656a116458a084b7c461f29c1ee,0,1,0,1,0,0,0,0,55,769.11
2301,317089663cc7ff4fdfcba6ee434f455e8ae13acd,0,1,0,0,11,3,160,46,1788,742.43
2302,4e094217f7360becd3640a38587e25f9a3bfd4b3,2,2,0,0,0,0,0,0,68,258.22
2303,2298c7f84fd0e29b304eb11078bfe76ca5b04a97,0,50,0,0,293,114,208,40,6850,5670.26
2304,a9b0fc866a02762878a83e21130fdb236766aff5,0,2,0,1,6,0,0,0,76,207.02
2305,6afe05fe896af3b646d79ff6ec3056e04656d2e7,0,10,0,0,0,33,172,73,432,858.61
2306,f90b7e9cb4478c41031d495d45cb37dfcf343e43,0,4,0,0,28,0,58,30,488,398.71
2307,7bc8c0dcd1db27465661e135cea8e800c337f19e,0,1,0,0,0,0,0,0,679,245.51
2308,6d8da96ba8c892aab53ec9e1d5a074c5043c2092,0,2,0,0,14,0,0,0,662,550.34
2309,c00bd38ab27ceaee174be8ce803c64000c5730ed,0,3,0,0,511,25,121,36,2397,1258.05
2310,4fc649d85cc5e2fc19ef6fcc222303687ecfd0b8,0,2,0,0,0,0,0,0,11,126.63
2311,adb2bdb122df0e352a414df4a26158909c25155b,0,9,0,2,364,172,125,22,813,1161.25
2312,6975f1dfa9864728605a7e430cf929b3280aae2b,1,3,0,0,82,52,57,23,1265,828.42
2313,c015169aa6ae835978cadbcb1d17a123e8c475f8,0,11,0,0,0,78,110,42,427,972.51
2314,28ef7f1d6d7f4cec7e81b8d0641debebefec9104,0,2,0,0,3,2,0,0,933,625.92
2315,5987c76153085cdf729a72f22bfce9e2f815234f,0,1,0,0,0,0,0,0,353,175.08
2316,27ba8f5a399cdd799a7eade52c31e6bc21ad18d1,2,40,0,0,112,52,94,26,5365,4421.17
2317,59a75f4422a68d2e1edc661264058f040139fde5,0,3,0,1,5,5,6,0,182,563.74
2318,56bc5074858e1b8793a74697570ceeb948bdb2ce,0,10,0,0,36,13,15,4,1830,1774.19
2319,465f810730b62e1739d0567da1254ac0167248bb,0,6,0,0,67,1,9,1,2866,1609.4
2320,fc0f82372e1e456cbd43490b9eba957c4a0d3eb5,2,26,1,0,414,196,257,51,3782,4250.59
2321,4a5155c934b9d2045e1f7af09a0298bc4b413027,2,7,0,1,135,154,123,33,1703,1243.79
2322,5fa2de43ec2dfd7cd5e1db9f5e66f373d6ec91d5,0,2,0,0,0,8,7,4,338,229.35
2323,96d95e947a2445890e410024721dd3aef5eab576,0,1,0,0,1,0,2,0,77,145.19
2324,2421a69556f0275efc99680c05f0bab27ecafb0c,0,6,0,0,0,4,0,0,202,363.14
2325,d61b0c131ced14cd3a006ef4ccff39f6d9ad51e8,0,7,0,0,33,34,27,11,1713,1081.18
2326,7bdbdf19009709e83cb8c679a0c1c0972746555c,0,3,0,0,189,14,140,55,1197,695.82
2327,6b905ade0cdc7a5f6f746727ecfe4e7a7463a200,0,4,0,0,8,5,9,5,649,478.7
2328,c552c06aed50b4d4d9a85f73ccc89bc06fa7e094,2,3,2,0,40,7,31,15,1053,778.19
2329,be58580e14be93618f11e609389ff6bb16317702,0,2,0,0,18,14,25,0,922,673.25
2330,a41bc7274b8902036ff75e0b25181d6ed80acd5d,0,1,0,0,0,0,0,0,496,261.37
2331,731018222c19a260f2c576b27946bf0a8eb2167e,0,8,0,0,55,77,54,8,1692,1385.45
2332,e3f5d308aa76cf6296cdc4d96f116bcac1a6734b,0,1,0,0,2,0,0,0,160,239.1
2333,929c25732f3722c3e3b49c305113fc69c87df1fc,0,1,0,0,0,0,0,0,395,238.99
2334,4283fd640cbad7af9d4d5da25b6a7d4edb985a1e,0,5,0,0,27,5,10,0,2446,1411.86
2335,6df058ec150b9c3c8938740ce5ce95d256f4b012,0,3,0,0,1,3,0,0,805,614.78
2336,4deb80676e66311dc919f97dad1cac6131267885,0,5,0,0,51,92,92,18,1010,846.58
2337,67fd88050ff8968d5d51a4b37b5af701f26b1ba3,0,1,0,0,1,0,4,2,95,195.39
2338,1cd5d0da1d378c5dca059b9cba43a0358955d591,0,1,0,0,0,0,0,0,0,132.12
2339,38ed69241f928530b13a31edfe918c0e695e2e9f,0,1,0,0,4,0,1,1,352,268.8
2340,1675115ec193acf4c7d44e68a57272edfec0b455,0,1,0,0,2,0,0,0,27,741.75
2341,fecb977b257888e2022c1b1e04dd7bf03e18720c,1,6,1,0,3,2,0,0,3523,1991.7
2342,898ad8271ac80d30ae7e1446d3d811996c4b5d9e,0,2,0,0,32,4,14,0,137,223.79
2343,20b2bce29076527214dba58e50bf9b1d2f21a645,0,2,0,0,0,0,0,0,27,193.14
2344,69a63304de53ea10858f842b8db03932a05cc671,2,2,0,0,4,0,5,0,100,384.28
2345,464b6ed0349f28779a48bdbb50e29d1319848416,0,2,0,0,21,3,3,0,728,364.93
2346,305f134abfe9dc047364ba3abd48f25fec77a6a4,0,1,0,0,0,0,0,0,297,223.07
2347,dcf660a2a067c9ba3add5cd2269a036ce76a7758,0,1,0,0,13,13,2,0,23,140.59
2348,d04699486d4203cf53afcc6aeb2abbffdd5e1b9c,0,2,0,0,41,0,6,2,61,226.56
2349,19681f6b95a5076af7020475f46d0bbe9f6015e1,2,22,1,0,264,142,183,58,3810,2968.54
2350,41a9e2c7c3f3c0ae48db89178d56d26dff3a2839,0,8,0,0,102,60,24,6,710,859.03
2351,fe7543abd36e1e7566157c351893c8e124da2ee9,0,2,2,0,0,4,5,0,100,224.2
2352,02df8e1496e25f7b4a2609c6f35a522e59cf7ce0,0,4,0,1,90,43,51,5,661,777.91
2353,5d0c2f3b2ad3cb12c8727b4fbf3a64c25ece6209,0,1,0,0,10,2,13,4,241,213.56
2354,9d8ab3a1a29371699da6dcc998117522f4e72ccf,0,1,0,0,1,0,8,0,174,205.54
2355,e499c960e4f9cfc462f1a05a110d79ffa1c5b322,0,2,0,0,39,5,25,10,79,223.46
2356,b94c7f479b917d4ec602c31a24f11390627c479b,0,6,0,0,84,44,10,6,1465,1114.5
2357,88448f625570a82bf268b21a8d2120d8679844fb,0,1,0,0,0,0,0,0,202,138.59
2358,3daddab8a89486c519bf6ce22f8765af8ff6d356,0,1,0,0,0,0,0,0,356,164.85
2359,a50b7c497db5a2ef2326072c95d45b982346fc56,0,1,0,0,5,0,0,0,20,207.06
2360,446be127f7f7089b349dc5a75bc1af67589b22f6,0,1,0,0,0,0,0,0,79,767.53
2361,0b8ea7e162e68662fbda6893d188862999d9b427,5,8,1,1,10,13,0,0,1792,1678.73
2362,38fde81132e0457e983eae60b3d4a9834ad84129,0,9,0,0,56,15,288,112,4463,2618.54
2363,18c13d38ed7090801f125088e3eaec7e3c85c09d,2,12,0,0,72,6,13,3,1704,1714.68
2364,b0d89cb6ad8e01de05d7840de754ad45c361173a,0,2,0,0,32,23,107,40,2886,1189.47
2365,04cd1457aee94e3aa3eda1b80e354d1be1b3b240,0,2,0,0,25,62,2,0,79,319.43
2366,fa41521687ebbe429fdc37a11e6512a369a26c21,3,7,0,0,34,11,17,6,1855,1522.0
2367,cd5618f866921d420e2abeb5b9c03862217ec3b2,0,1,0,0,0,0,0,0,125,122.07
2368,e4827fdbe8b9296124c6f0862205e592c15e2de5,0,1,0,0,0,0,0,0,0,127.98
2369,bcfe8c76dd5a5b2913813cfd2ff733b7fa94a130,0,6,0,0,121,42,2,0,1061,720.95
2370,8968cdd809a54ec82a206f04cf296ea15207cb7a,0,1,0,0,0,0,0,0,43,98.19
2371,4fea3e4f1ab9ee1f0a714c80297b782ab5b15067,0,4,0,0,14,0,38,15,1020,705.73
2372,717ce42a6d68d3ac8d9478451a31423b5d43234e,2,0,0,0,0,0,0,0,0,401.67
2373,ae2e7be20010815c7ceef02d235a6671349ed225,0,2,0,0,19,2,38,14,152,231.19
2374,d1161bf1060efc2d58b9c72997500dae2b59f169,3,3,0,0,3,0,0,0,206,571.43
2375,8b57f6cb3a7ea6d27169b91456355433ccfa2974,0,3,0,0,143,0,108,20,342,541.26
2376,dd8af2b23d7b58ad6d850cf9acc0eaca73681863,3,5,0,0,7,0,1,1,447,753.7
2377,dbafa07be3fa458f1af906b395fc3691f90a335c,0,1,0,0,0,0,0,0,0,79.28
2378,a87decb9e4df5bfa092c26ae4346f65c426f1321,1,25,1,0,62,156,113,15,2528,2821.98
2379,75a68341da423d8b041ac8824fbebe99f9bd15ff,0,1,0,0,8,70,119,0,871,586.8
2380,8c64aa080a9c49f84b62817b6d6a804af34d4f48,0,10,0,0,4,0,29,2,2339,2100.92
2381,c1351c34a9ebb61a721d9f41495dc9adf356a697,0,1,0,0,0,3,14,0,143,167.04
2382,e275742f850af4a1b79b0d1bd1ac9a1d2e89c64e,0,10,0,0,142,40,200,48,1667,1211.02
2383,7f35a6713434dd7f2ccd3897aef825d34582beab,0,1,0,0,12,0,0,0,7,106.92
