idx,sha,A,M,D,boot,adds,removes,updates,moves,matched,wall_ms
0,4ba4f741d159e83fffe40b0d6ced5ce3f15619f4,5,0,0,0,0,0,0,0,0,2895.32
1,95a0db602b2e0606af11d666d9d10d64766f9ecf,17,0,0,0,0,0,0,0,0,11109.36
2,27abcf0b08d38378bd0fd736d916e32e0d027d3e,17,0,0,0,0,0,0,0,0,10367.2
3,29aecea97dc64aebe8e0a44ec7f7de5f663bd404,4,44,0,40,2809,679,19,374,122920,59844.17
4,db8964c1a56e5909b5d8155ca199bd5e61e5f87d,0,0,3,0,0,0,0,0,0,578.43
5,99965c02430ac460a3740aec4dd6965886c9b42e,1,7,0,4,466,112,1,44,26288,8100.42
6,929b608db6d6f6dd6e5d5ea7cb795bc08ddf3018,0,1,0,1,69,75,0,1,1285,1145.78
7,63c97f010c4cbc0de959610f0bf0c0c3c2a9fcaa,0,1,0,1,83,134,3,12,464,1103.59
8,1cb5af11d1c787e2246fb21907b95b4926fa8176,0,1,0,1,2,31,0,3,5853,1778.52
9,1ada062e4b3c5dfdac7c4aec6447316eee686013,2,6,0,5,96,225,3,17,27684,8528.59
10,bc9fac495f8275e5f0316aca9f6c0b8d759ec7ad,0,3,0,0,9,64,2,2,13936,2121.95
11,27797be59d64ea21280e29220686daa876dd6ab1,0,6,0,2,1286,654,7,42,30567,5663.98
12,39fe461491af7767d4889757420527cec798fca3,2,0,0,0,0,0,0,0,0,869.24
13,4b9e2f0836510d007bb9ddaecb516ff292c67f8b,0,6,0,2,238,32,2,34,26227,5186.36
14,f652fefcf7b37a7b4fff44be57e4dbbb9bf59b30,0,13,0,6,753,196,3,75,48030,11736.74
15,7540ce19b2422f2d881cf68ebfd1f1c1415f0f36,0,1,0,0,26,2,2,9,4389,818.94
16,1c1655b80e08c25a79122d571d3057c7170debf8,0,2,0,0,47,14,0,3,307,970.17
17,93d10f28f3deae4eea2c2a915c82980d71329976,0,1,0,0,11,6,4,37,4409,836.73
18,124446ae274dc366a779369605c584ecceda91a4,3,6,0,6,766,125,1,25,2636,7281.04
19,cb3672e3d6f4cc6997acad9efb6447d3c487028f,0,0,1,0,0,0,0,0,0,116.15
20,35064be7aecac6e938d39a6c9d6eb581aba46763,0,1,0,0,0,0,0,0,13737,1346.66
21,d2ca899d5e271205a8c5536249e9892706e46b09,1,2,0,1,20,0,0,0,4880,2085.01
22,613273e5fdb7746d84c8323ec1475f9b22c0b7b2,2,6,0,0,183,77,8,132,7858,20516.33
23,16aa60e5ff3b783888c08f5cc3c5fd18f37a5889,1,3,0,2,289,9,2,17,2797,3063.4
24,a8ea62b8f0717a3c6650d1b93f0e2f253aaf52fc,0,1,0,0,8,0,0,2,6737,868.86
25,f551b3b8e5a41a638e7ad12625c3f9c1cd1e575d,0,1,0,1,19,0,0,3,4449,1489.31
26,f58775d5c685d91b8dcca7d088de8d3e1a161edd,0,2,0,0,484,0,0,10,17849,1975.98
27,b010deca84339d6b6bf863b46af41aa241064ca6,0,3,0,1,74,0,0,0,15111,2628.21
28,56d8d7e471dbae9c206e63a54342e11aaf8a312d,0,3,0,1,246,107,7,42,18250,3243.03
29,1cc275771e85d75855b6adb3a3d2c026fe20a9da,0,1,0,0,5,40,0,0,1052,545.23
30,8908133ce32d45edaab93ca46263a60e64f28cc2,0,9,0,3,939,476,4,151,33890,9771.0
31,cbe2a069e38ec4ffcb7f7735eb0345bab07ec9a2,0,3,0,3,26,6,0,0,7523,4686.66
32,9c3e5bd44167d3fd21054da0331c82f004d44dc6,1,9,0,2,34,1470,3,19,39431,10766.17
33,4ddd82414a8c8f8a47eac9662229dadd462fe1d0,1,2,1,2,69,60,0,50,9517,5055.09
34,843ac403d3bac14a341cad21d699a2f237f388f8,1,2,1,0,69,60,0,50,9517,2410.94
35,a16f922afc6e75b0cd012542a505b5cee598fd5b,0,3,0,1,72,63,3,50,9986,2941.21
36,9807968bed0df7084f4862c7929193cca1e0a729,0,1,0,0,12,0,0,0,4444,937.61
37,7e2c7b22877358296dbf3dd1d75aa345192764d4,0,1,0,0,60,40,1,26,6359,1094.1
38,2dc27d29bccd01dc0c6affb3a1c770eaeeec9823,0,14,0,9,147,52,0,102,36187,15549.27
39,89f9717258e9966fa0080c95cf35f682f66b4f97,0,2,0,0,10,10,0,0,18477,2587.2
40,fc86756283bcb230e5fc7261461d076453a36273,0,3,0,0,137,146,3,93,26075,4450.93
41,627f89b33a7272a9b0c894e8c9acb291adafe498,0,2,0,1,746,7,0,22,14339,2793.97
42,1d3b089fa0ff102d4d349f150139b7e536e8b016,0,2,0,1,384,0,0,0,6555,2241.38
43,7e2bf2e6a24d8a98785534b3c90aa2a3aa4f199f,2,38,1,0,0,0,0,0,123428,28257.77
44,f82cc23f5b1ed270f954f836bb78033854a4df6e,0,2,0,0,214,149,1,47,4354,1710.45
45,a51727dd8a5eb0972d13f51b9c6eef37b8a25991,0,6,0,1,129,29,1,13,20337,5926.02
46,5c6be25b7e4a5840914ee1a4ff66bd18fb053b90,0,3,0,0,51,28,0,11,21242,3332.43
47,474552fb260e8380a1074cb163322a67382da6ed,0,4,0,2,421,574,9,89,4806,3843.91
48,409eee88f71114274e14095501b38ee7d42105c5,3,3,0,0,26,2,0,0,14036,4115.71
49,102766c47c8ff9245c225d41c4756fb7bf86b6ab,2,2,0,1,10,23,0,0,2178,2745.39
50,5754a8cc09304fbc115d1f92f5aec0e55c4f7884,5,19,0,0,0,0,0,0,64856,16553.82
51,7746a78ef80f64335370196761d90f474c3a8df8,6,6,0,1,729,781,17,274,17008,7736.78
52,5a86a7c34c1390df4b94832a9eb3632d39eb5279,1,6,0,3,490,103,4,101,23400,7534.11
53,191e0c47e62a81353a9b098939340a21c36dab86,0,2,0,1,68,92,0,45,14261,2567.44
54,68a40a17513547875df87e6e612ac257e1009420,2,1,0,0,109,60,2,46,14097,2674.9
55,1616f49923fba76ee1f665abbeaa884db765ff16,1,8,0,3,1436,348,17,311,25945,9146.1
56,b25ffccd1cf1fc9eea642d7e439ec5b72f4f1c0c,0,1,0,0,8,0,0,0,2292,939.33
57,9724bcfeb312bddc407bff4f390ea31bc7ebf0c6,2,2,0,0,156,147,3,48,922,2403.06
58,9a14633020a24e6630aa96cf6033be6d96af5a99,0,1,0,0,147,10,4,6,428,714.87
59,bee153af281413662ee0c983e85f84251a8edc19,3,9,0,0,51,21,1,19,46212,10527.78
60,99a2267e7b50b7bc15441d91f6f38a2edef20a82,3,11,0,0,413,615,13,254,30195,9824.52
61,53ec15530122df746fa7c0d654adb1d8ca9bf3bb,2,12,0,0,908,418,13,109,50310,11921.65
62,8d01e499151a40e18df0bdcd414351ab13e998b4,0,2,0,0,24,6,0,1,3703,1638.5
63,4171c28379dc6a5970c6c8a566cc33555e4760f1,0,1,0,0,32,16,0,16,14209,1880.28
64,163e6dca7d6bbbd57088ae3e5be4b002bad8edfd,1,14,0,3,921,56,4,77,28826,25810.48
65,230cb36b8b7deab13d0a3b1a22a4cefeb45ab612,0,5,0,0,701,98,6,82,18430,4393.92
66,84f69ca6bb20bcb745e0aa1f6e83b97e91a1aef8,0,1,0,1,10,0,0,3,1865,1677.86
67,ec3edd2c8dcc9b380fed385be8711cf9d4f5e1ff,0,1,0,0,0,0,0,0,1872,740.02
68,f27adbb4c64d6c2c072d033e69cabd0d7b5a1fec,0,1,0,0,2,9,0,0,1863,814.15
69,c33374507739c9caedc87f9f2d6e47a6c9d9baf8,0,1,0,0,212,12,0,1,639,748.81
70,b906eb72a7ae4c83d0f39e5fb85b180e17a02994,1,7,0,1,154,176,10,161,25193,7368.88
71,2626fd61e83ea48f64c048e4bb2bdd3268c279b7,2,10,0,1,690,427,15,149,18946,9099.83
72,37a62f3eaa223d6a392757ead53e5694c4aa63a1,0,2,2,0,23,10,0,0,2178,1226.99
73,a5c822b0e64f194f233215d3ff95818393f359eb,0,2,0,0,107,19,0,16,2182,1196.86
74,97b0a474b4d785eb1f1a68e5d1a463e2636437af,1,17,0,0,265,121,2,97,52160,12706.19
75,1e9c6058fae3509408c7f483a2f2cdd8432e90cf,0,12,0,0,298,83,4,65,59069,11326.04
76,a966fd436cffcf203774856eb8406e59f364f597,1,5,0,0,1253,343,5,61,27533,5807.33
77,e4fdf9ae3e3e4e0f84e19c0f9f1ece8d3fdebb48,1,2,0,1,554,11,0,26,7234,2938.44
78,e7f903ea4d2fca17e4ddc77153f2e32d2fdf72f9,2,7,0,0,356,90,2,71,30941,6988.75
79,8d29e6c6f66bbddd98ebe19e57ad487eeb494aac,0,2,0,1,135,85,1,3,2002,1629.9
80,0809d3a98bab1499c4f0c9c4b12c0c2781947e66,0,2,0,0,44,0,0,0,2133,2104.55
81,060ee0096552e46d1c7774f4d566615f76899170,1,7,0,0,691,421,13,208,18769,6322.93
82,b7906a0d78360d6c2fa654489fb5fbca18ca2b18,0,2,0,0,26,12,0,0,21414,3017.5
83,95ec5ea88ba0da4d3aaa95ee51ddd0da8ea8f5ac,0,2,0,0,238,202,2,15,7434,1915.24
84,435032c31c0802f294b0432d22dbbeb0644da216,1,0,0,0,0,0,0,0,0,793.89
85,637a38a43dac2cc246a3e002b27bcc72f99a321a,2,5,0,0,519,30,6,29,28416,6136.87
86,ceb1c08a784b22fd0b1eb25cc303458b37de74a9,0,25,0,2,1222,281,11,130,52097,18902.89
87,83482aee55735d4b27e34f1b1a2ce932d7901235,0,3,0,3,0,24,0,0,2458,2753.13
88,6734001d20bc9831d1f5b2560e1f80df6d944377,0,3,0,2,46,26,3,6,7352,2645.44
89,4c0422d74a5ab590b5a3c89d434d20b2cd6a1c7d,0,8,0,0,509,296,11,155,41087,5981.5
90,ff8df01a578c3d6809668b596e8ec6da8f1cea87,0,2,0,0,12,7,0,1,5754,1192.86
91,cdbb724edbe093a02d4e2c24523001dcdff0ffd5,3,3,0,3,399,891,2,14,2306,13540.27
92,2847fa7f00883087f4357e7a4b20ca645cbb0373,3,2,0,0,400,113,0,21,1675,2459.39
93,cb434269c4d216723865dbf12ae8cc6ef88adca7,3,18,0,0,346,126,9,138,59125,12419.07
94,567ebb43baf5700e535914fefd3a0a45533511c7,1,11,0,0,260,89,7,9,15278,6588.91
95,63e473aa27ae53737ff5546689fcfabc23713942,0,2,0,0,210,20,2,21,3419,1217.24
96,d4c68fcaab9c143c94e17cab3289d1cd8a7701f4,0,2,0,0,80,175,7,63,19852,2357.99
97,8f7adefb143de24ce70b3ecadf138c18082d5759,0,1,0,0,8,208,2,0,6910,914.0
98,3617ed0badf8b16b4de56eabd950df7cf0986593,0,2,0,0,45,47,1,0,1877,1080.42
99,9487e92690307b32022c9f1f88f392332497f0fc,0,1,0,0,22,31,0,3,1277,624.57
100,be07610189ecc8c8d1ffd36c8caee22e1b85158b,0,1,0,0,32,36,0,35,2204,894.49
101,711e52c2addc58b0aec83f81ff85fbf3ccb1ed76,0,5,0,0,472,65,8,124,30267,4135.15
102,e10e7d55b095430ad186c3fd0a1fb5d15acf4bfb,0,1,0,0,1072,1171,32,424,7278,1060.66
103,06c0662c7fb733893bfd3cb4905c75502d40662a,0,4,0,0,773,83,5,78,11056,2492.79
104,825165d09a7c2f111cc215e02f892c3b5add4bf1,0,6,0,0,1139,215,4,231,32008,5151.39
105,24e39ad095dd42fd6ef42ccea4ecbdd7d84407db,4,8,0,3,499,2867,8,236,40098,13436.08
106,8f93a566bd3bf08268425ba86eb1aaa1c042e3de,0,8,0,0,885,286,6,176,47041,8283.0
107,9164c6319ec64adaba540760606d13a35495bacf,1,1,0,1,35,0,0,0,450,1765.81
108,9a37eff904ccacc040c4d2702a5dba5e5a225314,0,1,0,0,3,2,0,0,6918,1151.66
109,fe729c7b09dd1d0a1b8ad1a894ce2884d07c72e2,4,17,0,1,2712,1005,34,630,81181,18651.25
110,5317558fd50c3002fe3507e86a6d05f679444908,2,5,0,0,1000,9,0,0,11631,5207.93
111,0101a69538db2609de3d0140c7cf979355412801,1,4,0,0,257,2,0,0,20812,4332.17
112,3457898bd5f5785009c6591dbd04c9c7d3f06708,2,0,0,0,0,0,0,0,0,1184.04
113,08fae5f0248baaad35e8eb4cbb2cc96ba9e84a5f,1,3,0,0,368,173,6,95,17842,3787.58
114,1695ecd1a3bbdef1b6bb5d0c9246c42ec3e9a20f,2,4,0,4,873,525,10,113,12719,26729.4
115,0c03cd48d764dea3cba47dae073468d96564f948,0,3,1,0,87,339,0,60,17072,2855.82
116,f290fa4705e42de53d74560f7e946cdf9a694dae,0,3,0,0,496,132,0,86,23617,3550.38
117,6b53fe5f43204106c463ca4954586b89f9162c3b,0,1,0,0,3,1,0,0,153,536.72
118,ff85e557fc8f235f480234076f47231cdd8c5bfc,0,0,18,0,0,0,0,0,0,1107.21
119,2c6aa4eb2651181a9c701fece74cc20e91882804,0,1,0,0,40,217,4,32,4588,941.04
120,9e146f69a97696ccfd68b465758d72856f5b103b,0,2,0,0,285,8,2,38,4713,2395.55
121,ac44d450c5ae7a7c022854f450087865a13b7aa4,1,15,1,0,2544,653,30,442,58585,13075.66
122,c4b7ee0dcfe513982f6ae21e5c577f940246c0f6,0,5,0,0,33,35,1,17,27196,5081.46
123,d81962810c171d2449f516f80d69ea9fbeb0fcea,1,16,0,2,1001,533,8,95,55249,13759.84
124,89da84364ec751ff4afbeccfa6763f53b4c08a14,0,2,0,0,661,141,5,58,10302,1894.36
125,cc07fe635f3ba5d7abf7c8f1953fc46ea2f19dc5,1,11,0,2,1148,140,10,61,49271,10573.47
126,8cfd45906682b7a2a0e3cd73e9e852b2bceaa498,0,7,0,0,6,381,3,1,29843,5698.47
127,1462bcddb60d57bd030c62642d8e8f06eae21d39,0,1,0,0,5,0,0,0,836,563.08
128,8ca952015ee4dc495ff2c58ab6cc12f1e339bcb3,0,8,0,0,670,201,18,43,14673,5071.78
129,eee1658db697b2f18a6a1be1c655c5aa0760394d,1,13,0,1,856,457,13,120,52213,11115.96
130,c1a98ff71f58dc3d3aa2c6b51afe353cd508b24d,0,14,0,0,1513,255,6,99,55516,11411.7
131,860c65888594737516516dc0488b7dd170243396,0,14,0,0,318,1444,7,66,55525,15790.75
132,9b4c9b09d8c627fcbbe6992a613f9526fbb7a586,0,13,0,0,1517,255,5,98,50504,14826.92
133,570f68d6b8bbeb149ea568e3e9c33b42a47f8b21,0,5,0,0,320,96,3,22,39187,8829.67
134,89ec1c2c35d380e6ca2c822089b2cca6e99a80e3,0,1,0,0,0,12,0,0,15031,2456.65
135,f3a30a0da294b4c73d37c014f33b19034db6048b,3,0,0,0,0,0,0,0,0,2477.91
136,0c49b658444966ee7a6d7a8f1abc0b4a0217f214,0,1,0,0,21,0,0,0,2008,946.95
137,83b9a2e2d4a77a2e2c72564292c8d44d7b46621e,0,1,0,0,2,2,1,0,2943,1274.76
138,58f1184e1af04654a42993cf75d16df6d9e93db2,22,65,0,0,0,0,0,0,173035,77405.79
139,1882dba508f183da8833afb4794c35a4c3104951,0,6,0,0,49,715,1,17,20352,6707.78
140,f2809529a9d80906c53ae6931e84255f89ff1f8b,12,0,0,0,0,0,0,0,0,26053.13
141,2426d84a3a13421abb9f48c81e479e935733c3f8,0,4,0,0,23,89,2,15,14168,4685.44
142,7d68dfbe2f4b29cddb80b28af8733dbe4aa1cac3,0,1,0,0,11,1,0,8,4719,1295.45
143,41ed9906b3f33fbb2bc15be0b27ea745d7b2d5b5,0,1,0,0,0,0,0,0,4415,1348.58
144,3e9ba3584153a41b0ceaeecd72407bd1069b161a,2,0,0,0,0,0,0,0,0,1497.79
145,867a5de949b5bb8fe94356998f5974dad51dad55,0,2,0,0,141,17,0,16,10712,14811.47
146,4c05ea8ebfe437f72b86b1751e1fb006d81c7ed8,0,11,0,0,271,78,0,10,18126,20018.5
147,e514d8a589fca47c29682767ae1b90bb2b1e6ae7,0,1,0,0,10,12,0,3,836,929.28
148,3767907ef7a4f077543b195c69950c6344179332,1,0,0,0,0,0,0,0,0,746.18
149,de0ca02b5b3a4b765ec4795c9e24f4550ef1c2e0,0,4,0,0,812,68,1,13,1611,3092.11
150,b427c91856251fddb736bb05ba78cab5024a9884,0,4,0,0,250,11,0,19,7672,3543.9
151,f46fd3503744b580059ef9aa1710c4b4011e1044,0,3,0,0,77,9,0,17,8875,2945.38
152,1508e3d41345865141d1ec905c7f3240add41c33,0,9,0,0,615,318,5,58,35972,9686.58
153,57fe80c673eed7bc83ea37c24970b42f1451b35f,0,3,0,0,434,0,0,0,2878,2526.1
154,867a53a2c337f6774c7d84715ac038ca566a384f,0,1,0,0,14,0,0,0,15053,2111.87
155,335ca495bde6976cc0fe6f48727128dd964e0730,0,1,0,0,9,4,0,5,4783,1192.98
156,ed21d1372c8a8a2983224adbaeea2c837a846505,0,1,0,0,251,4,0,0,152,806.75
157,7a0855e20a346a9fa6a95b2114192a909632aab8,1,12,0,0,3047,202,12,304,58865,15324.13
158,7dd27ad5a5fa2453628c4c5be64dddab8b6aaa81,2,1,1,0,17,0,0,0,65,2503.01
159,4d6da77b6561cad1424a6bc65c13d85a26362182,0,1,0,0,17,2,0,3,15119,1847.35
160,8969fd33ade2e649aabed7a57f6cc36737f50310,0,3,0,0,444,5,1,21,3307,3546.26
161,8747d46d184a5764624131f0f9412602b3a24d9d,1,1,0,0,30,0,0,1,773,1590.23
162,ec91e4262b0a26a8d2ab919fee0c130e7ecf54f9,1,0,0,0,0,0,0,0,0,891.59
163,c3e0c68b956c304dc9646b5d138bcfa7e02ca59d,0,1,0,0,21,2,0,1,15134,2098.43
164,d9561504e39c44f49c13386b0424746691fcf62d,2,13,0,0,1580,18,6,29,57493,15669.94
165,0b592f0bd4c1ec906b1fa9f8cc309e2afbdacee0,0,12,0,2,213,163,0,3,29845,12524.65
166,3f371a0a644181b204111ee4e12c995fc7b5e5f5,12,5,0,3,727,581,13,116,5525,14180.18
167,f20b325c3847c66eff7e939b74a5a395553315d7,3,2,0,0,23,16,1,5,5281,3827.2
168,c08188db3363fa446cac8577bc1d5ef8f6c04d51,3,4,0,0,148,61,0,37,21587,6767.63
169,84c5d269fe273b72d4b7acf115d9881738a695fa,0,1,0,0,3,1,0,0,1114,933.43
170,e16df069dc4a900270793091b37c3e9a209de451,0,1,0,0,308,40,6,92,2883,1133.38
171,2341e792db185839aebf108c7b9fdd51f1f64f6a,0,1,0,0,8,0,0,0,2506,927.66
172,67dffa3e39c4fcd87ffa54835a46b3c0b1dabf8e,2,2,0,0,98,157,4,14,9761,3829.07
173,7a8456c35ce2d2997254eaa8c6fb30a2918eb020,0,2,0,0,387,9,1,1,8406,2224.41
174,412a50ddbaca8b7897635c50775abfd36720c802,0,1,0,1,12,2,2,2,889,1641.27
175,e0b79d862ba1da0631c73b31dda5128615290591,0,1,0,0,12,7,2,10,3182,1022.62
176,0f1ca03f68fb0f499f23a89ffeb43f06a79c9bf0,0,1,0,0,4,12,0,0,903,852.35
177,6e3aa3ec2b61c624588f5867962f24e412279e9e,0,1,0,0,69,30,0,8,674,786.22
178,3b82ca2014925a64489da25016281d25c2e53d15,0,2,0,0,95,31,0,21,803,1593.44
179,4e1de3ba196e30909c3086f72358c558802e2c17,7,19,0,4,403,278,2,34,70588,27486.04
180,2c8fe7cdc597fe767811bcbfb48f1dcc202f97cf,0,1,0,0,3,1,0,1,4069,1633.4
181,88c3f65400b01f2ce5c6d845eabbbbf2353313d6,1,7,0,0,417,4,0,30,40969,9504.07
182,a5064d41dab8aca2543ad253963831959fe754e8,0,5,0,3,62,36,0,0,3029,18776.82
183,96378c230b82f825b9d3088cfd1df87d16cfd125,1,1,0,0,0,1,0,0,4768,1899.35
184,840a048c6ba3baee718f61231aa1cedfa2ff868a,0,2,0,0,452,75,1,33,8004,2272.24
185,ae287fb2543d85286d4914ea83d681e27ce72697,0,9,0,2,288,149,4,57,43811,14026.53
186,67af435ee785b85c60fd2c50f822ca29941f2156,0,4,0,0,498,256,7,42,24326,5523.76
187,ca176f5f943ae32069afd452ed5eb571e89e6b2b,0,1,0,0,1,1,1,0,2268,1026.79
188,11234f313d7a265c88c921ae208707a8a4def791,0,1,0,0,179,8,0,0,499,914.21
189,e151872b22282c590286a4be3ec6b4500970da71,0,1,0,0,7,0,0,0,15237,2302.68
190,d2cdeeddea3a74a554a10451f5f1de06bb86e18a,0,1,0,0,45,0,0,0,17056,2412.06
191,fedcebb1a7139164ad199b87b72aba76acb4f8da,0,1,0,0,12,0,0,0,678,805.01
192,b6346d39e27d795849975cfc8fe97f8abb8de214,0,1,0,0,1,1,0,0,1031,872.12
193,b0c2cf8576fcde3748681d6cd02655f1464032c5,1,7,0,1,418,460,0,42,33611,9482.75
194,c344d269c457117eae9de38a6e91b60310f9a655,1,4,0,0,578,460,6,51,22512,7941.47
195,e8d9bf47ab0c461de204cd8e8facec676f4bbdd2,3,2,0,2,30,2015,0,0,472,6085.38
196,6e234f7079c5909ed1fa84be515f5c937d46253f,1,2,0,1,60,250,1,3,2225,3320.32
197,80c3909762cc73072a2da4bda2d7fc398b0a6684,0,1,0,0,36,0,0,0,1164,969.13
198,7307b66d9ce4fdd913a70df747180b069613cfbe,1,6,0,1,595,27,0,23,16079,7321.66
199,ad05d72a8d0abdbac38e64139befeff922bf9fe2,0,7,1,0,39,399,1,22,41225,8809.77
200,47526e7cc3562cf9552f20a03e563992a5b3607c,0,1,0,0,73,42,2,22,4160,1897.72
201,af9b730398463658ab4cfe41daa8ab0f98548627,1,7,0,0,701,28,2,125,9022,7255.45
202,c5fd3c44c2fcbbd3ec3c2cc5ce75e5105dce247a,0,2,0,0,24,66,1,1,16035,2883.78
203,d912542f7a8144570fda377dc39fca900f649904,0,1,0,0,14,9,0,0,9491,1626.4
204,a9bae999032d488d426daad8c3008e4ecc2fd58d,0,2,0,0,412,16,0,5,7380,2425.19
205,c09ec0d9455f53f74ddf59fc9824701ecaa14613,0,1,0,0,609,10,0,4,3707,1291.43
206,8bf59c1a84d0cec00bc945590d8eb857ac08b153,0,4,0,0,1332,0,0,2,21512,5214.95
207,5efdad2e8f74cd06e520bdbe094c81e3d99a0e67,0,1,0,0,14,1,1,0,1599,945.71
208,0f154ffe273bde1054a8f0c086b06c35c5a1ceb5,0,2,0,0,212,32,3,24,17260,3364.38
209,4ef18b5451eef4c3d2141c0f3c1df4fe136e41cc,1,5,0,0,637,27,1,2,10943,5290.28
210,cbffc8b24e66127a7dab59ff876a08e7e89114d2,1,4,0,0,191,61,1,43,12431,4645.24
211,5bcb7fac6d3a8a480477d37df395d8f7533a4838,0,2,0,0,63,565,1,2,12189,2851.21
212,cee4985d7894aa343d07e7ad01f5a4bca97bdd0b,0,1,0,1,52,4,0,3,1471,1846.66
213,e86cf1ab2f2df5c2ef8172589886e898dcb3fdd5,0,3,0,0,77,7,1,2,3406,2234.66
214,16873277bb81f227a09c7ed17b2df6b5ce194124,0,2,0,0,177,16,0,9,11725,2273.75
215,72faeea4fc0da06c63bac815acc0ea9eda1bb36b,0,1,0,0,123,25,2,17,15646,2696.88
216,9635f547c0972a9960d6c079ff74979c79b705dd,0,0,12,0,0,0,0,0,0,15611.88
217,9cbcf0b6a3e7c8dcfce41546c0ac0fd44424ce06,0,9,0,0,345,49,1,16,53509,10387.08
218,9751e1fd6180bc46ae19512ff3d193146d9eb4d9,1,0,0,0,0,0,0,0,0,674.46
219,2d96ba78e04066da9dd307dc7488492e4ec4ee7b,4,7,0,0,589,2,0,1,44268,11808.7
220,5e950af1f462c32aca8ccabd5352c90487c6d483,0,1,0,0,7,4,0,0,2787,1573.76
221,3da6edda389fb32131658c589f926db1c3bf6a67,0,48,0,9,1384,1465,12,340,116642,50055.48
222,9663f85228a8f47b369fc4058ebb0ff053d1c56f,0,1,0,0,80,16,0,3,2226,996.16
223,96cd62f8d553ad296d9cb4e26f08548ea8d8ab13,2,0,0,0,0,0,0,0,0,1463.79
224,212dff13ec8636755b5239c00a8c1eda25ee816b,0,3,0,0,793,16,3,20,19176,3910.29
225,4e1c26d2c8190572192d474140ee89c39111f19d,0,24,0,1,40,39,0,30,53460,21155.84
226,bb4bde9aeec8dc3a08dbf2087b4ff7d58c788dcc,2,7,0,0,63,0,0,1,24697,7852.88
227,ebf99d57aa3338b779c79909f6aabd5685c36efc,3,17,0,2,58,11156,1,13,33557,4963799.43
228,453174ad263252bec3d30e1280e5822ec61bcca8,0,1,0,0,272,0,0,0,716,818.82
229,f66625876ae527c10e4bb9cc34a85648e62fcc84,0,6,0,0,404,25,4,13,21539,4778.07
230,38c59c0af7595897dbff8e5f13b7ff6978b9c08b,5,0,0,0,0,0,0,0,0,3090.79
231,9f4041129fe2752c44bdddf0ebd983ee35b413c4,4,7,5,0,0,4,0,0,33161,7363.55
232,ff36e007393119d290b8e9735f6a8f3d9df4f9fc,0,1,0,0,18,1,1,1,2296,828.99
233,97517336485cb80c322c6ed4cbedb481e8e7964e,1,1,0,0,8,0,0,0,471,2758.98
234,8a73d383398c8908a0cd4c373e72125bbe80496e,0,8,0,0,83,225,1,8,33347,5521.86
235,bce415149cf2412a39b52e2ca27b1fa37207c740,1,22,0,1,734,335,2,112,77113,16993.5
236,8fa43c37893061effc3c39420341e0e417178c23,3,23,0,1,2521,137,15,739,75339,19359.84
237,ce3c5c675d1b57d6c273ffaf30d4dbabcec65eda,0,1,0,0,22,0,0,0,2384,967.93
238,7785232da5a1db2d06f5d208ce3258c342a4d19c,1,10,0,9,1058,14,0,8,16607,12028.23
239,27ab7f3db9a1489d81ecf32cc3493d1f4efae68b,0,2,0,0,725,151,9,114,2353,1314.26
240,12bbab73fa246efd22a316845743094023b23b30,2,11,0,1,1664,12,1,13,41474,14280.29
241,df189829064222aa6744406bae64798b1ddd227f,0,14,0,0,1038,178,7,306,20516,36683.17
242,45a45e2f0013d0ee00810fd8dbb2399a43e8dbae,3,1,0,0,14,0,0,0,5071,3528.31
243,6065adc91d27848d2c8b4b57c6e5e16485fcf65e,0,1,0,0,5,0,0,1,2241,964.49
244,ab82f96a2a0d00b34ed33ad6decd18f6110fc1d0,0,1,0,0,4,0,0,1,17787,2454.84
245,fe8f7ae13a1b3c37b5ab18ebaa0ee94abb3791be,0,1,0,0,143,8,1,6,4441,1285.88
246,57621614a514841d704150fbf125dfa4d5824d20,0,2,0,0,158,0,0,2,10644,2386.26
247,5fb77826be015b6bfeda8edfcdae39964c9e02c6,2,17,0,0,1346,214,5,63,57265,18315.71
248,5a26766efe17df5189ff9d2bc92275e59abd51ff,0,1,0,0,304,34,1,7,5842,850.78
249,f84fa7e8e1cabd7dbd25d0e78e658d0dc97a96d4,1,2,0,0,336,90,4,47,7441,2579.2
250,7894f9e64c891257d3c9d15f9abaf5f2f072db6d,2,15,0,2,280,31,2,3,26754,19358.56
251,8c203970db7f005758cf73e891f6af39dc4e2f63,0,2,0,0,766,0,0,0,2836,14428.02
252,120d4201ec9f0eeee6be424b9466ecd152a7455a,0,4,0,0,315,8,2,9,8908,2683.01
253,4088375cdd895c271513cffd38625af8ccb794ce,2,9,0,0,365,510,11,72,5186,26321.29
254,7ceb33c49fc16f76a976512cf9a9513c6574a0fa,1,9,0,2,919,409,3,101,51162,10772.95
255,5659dc7f7ec2258b69a0beff1bbcf6b2029bdd12,1,4,0,0,276,20,0,3,10381,3037.35
256,604496b9bbeac0b42f3fb06aefd02a345e4453b1,0,1,0,0,33,88,1,31,1078,598.88
257,24812a02436d13caff6967c92ce10ad0306e9f2c,0,2,0,0,590,46,3,9,749,1141.14
258,5cb03774f9c5549023421d9baca94e357f7b9bb2,0,3,0,0,209,147,5,49,9560,2029.7
259,c455799f95b67b0237f6a6c3ea9fd18006d717b6,0,2,0,0,75,16,2,11,18512,2021.22
260,bab7e9b3c8a8d53ebeb15b62da88380788065bbc,0,1,0,0,241,78,3,14,17876,1862.29
261,1888d0a11617b81adc889a8fee949cc90952c543,1,2,0,0,96,2,0,10,25786,3030.18
262,349420a89584f46c4c84b47b5d9407e81e129310,0,1,0,0,0,2,0,0,1980,589.57
263,889f4f29a14b5b3133ee0ada13b7cc861ba8d3a4,0,1,0,0,12,0,0,0,6949,819.26
264,67c006c322c3925b42322f6ced841a54084f582a,0,4,0,3,165,251,1,12,8503,4226.62
265,157285f93bbb92e79c14c76d0fa1e66ba30f8d6b,0,1,0,0,154,0,0,0,1164,518.85
266,b418d15b7c334754f38ee92f9a33c0abad6cd402,0,1,0,0,45,4,0,7,3737,672.0
267,58cf512a030e95d69dee238964b1871b3fbd3647,1,0,0,0,0,0,0,0,0,542.92
268,4214400d2f6bdbf306397fc6bb4aefb44abca3c1,0,1,0,0,103,11,1,26,7914,964.16
269,d65987e8305e03190940844877c058060b5aaf42,0,1,0,0,3,59,0,1,5855,812.69
270,8407e62f7880669a8754436b1d79fff42975529d,0,1,0,0,276,738,4,9,2309,727.64
271,280162f4877b907b08a9b2fd12c0d0accf83ce14,0,1,0,0,30,0,0,0,1118,580.39
272,8cab2b8266afb7470f841f4f6b6ecced3aa7f86a,0,2,0,0,500,5,1,15,2417,1154.72
273,8991eb7959947735449d300a60aaadb897c11ba2,0,9,0,5,4235,576,47,1220,16950,8774.23
274,4fe61effa7fb5716b35025f0596923deaabba818,0,1,0,0,4,0,0,4,1200,682.28
275,17ee99288099d557f4bc89946b21fc8195c55005,0,1,0,0,0,4,0,0,1200,706.1
276,51bda0a0a6a3795915a989f0d4350abd9ec48cc6,0,2,0,1,17,2,0,23,2315,1668.44
277,685217242d7c275a70acf6bf07f5465638a16e40,0,3,0,0,22,16,1,3,29325,3118.57
278,08b7e51451e6d39e45ee0fbbff55d46b58957ff3,0,1,0,0,13,6,0,1,1357,598.44
279,61f78ca936768aea56764dee2fdb21bd59ecdf0b,0,7,0,0,55,36,9,15,6567,3608.34
280,9b7c93bb3eb47b316903dcadc7c6b81dadc1197c,0,1,0,0,370,0,0,22,4582,1290.38
281,58cdf4f5ac219ab8b63a49e6fedbce691f365977,1,2,0,0,143,91,2,14,19052,2695.24
282,f9d0dd5c9edcf51a1be73aec58ce7506fe24e578,0,4,0,0,24,1,0,4,1406,1885.68
283,caea869b1f25f6be65053c59d455e74d1e835d5d,0,1,0,0,34,0,0,0,4523,765.96
284,965d7fafd7c95a2ece7e49e2a498d99065c11a64,9,24,8,0,1580,778,28,318,76853,22645.55
285,f576f838cbd7c767f553df467d2c1a17fc63c2d8,2,2,0,0,238,74,3,35,8071,2850.45
286,eea43b9e04778129e871f09b095a4bd3a5639838,0,1,0,0,71,0,0,2,2272,866.58
287,95984ecf9ce4d1ac7a4a744174ae19165e205336,0,4,0,0,134,15,1,4,13001,3328.76
288,4a17b9443a7d258f72f0a0a64548d04a089170e7,1,0,0,0,0,0,0,0,0,586.74
289,620186cbbc6a8e5cd020d2ea9bed71bfb626c480,0,1,0,0,1,0,0,0,18062,2551.61
290,696162fd1ed5d0073c39d0264891f886e5e97f6d,1,5,1,0,266,24,2,21,10520,4148.66
291,7c0a82c7985e414c370879a553bcf49159bb03d0,0,1,0,0,2,2,0,0,3779,868.36
292,97889f943400d22416b72d199dd972d719f4ad18,0,11,0,2,374,116,2,128,57641,13405.18
293,c7fd9280ba197722f9e2d1fb7175c65633121733,0,1,0,0,36,152,0,18,4764,1314.95
294,4177b73978c04c8e51316a2263e53ccf71d8e903,0,1,0,0,0,9,0,0,7091,1905.45
295,aa7577b01d3da7dd45e80f1f50cdb45bc062b8e1,0,2,0,1,16,0,0,0,1671,2463.14
296,1700a788ffd5368f4708ec1b342460df99d0ba56,4,4,0,1,184,0,0,11,11151,6645.2
297,fbdb24946051f7abc2d065217ef8c52e0cf3f16f,0,3,0,0,332,14,0,7,3668,2041.83
298,97ddbabce26108b1004ec7377e72a6caf4ee8e6a,0,1,0,0,214,14,3,19,591,644.44
299,8e4290091bbf9d4dfb01406d08987b5bffc15ad7,2,4,0,0,226,41,4,5,9830,4004.73
300,4b8e1bda2d329604398ed199456aa6ae3cd8ffa3,0,3,0,0,422,302,3,54,4926,2359.15
301,909f555eb1d2aea34ae2c100517da43443aab9cb,0,9,0,2,687,24,2,63,26274,7265.52
302,8087614ebe279575c9dd545f8b6ffa2622f35a6e,1,2,0,0,314,11,0,25,2818,1860.7
303,ac4dc2e964b5c817b3f5bb61e943200e384812b8,0,6,0,0,67,539,3,25,16470,4112.7
304,cb85171e9caa8b401da544f84a65a3a560c35ad0,0,2,0,0,79,10,0,10,1150,1134.98
305,30349013843f997e30838aa4eede540691e0d805,0,1,0,0,127,49,4,28,5322,871.33
306,7510b7326828387315a0336c6bfa293f384a4ad1,0,1,0,0,32,0,0,0,7095,836.65
307,92b6d24f68e18b865c650914fafd2460b396afa9,0,2,0,0,44,0,0,1,11940,1756.69
308,1ba71aaffb0286d7a4ffd603a8a825ebe23e888f,0,1,0,0,156,7,0,23,611,607.32
309,2a248dfc32e5061c1f80295f448ca525ade764c6,1,7,0,7,760,311,6,80,5760,8294.18
310,fba63fd8aa7fa9fce9a1e1bf3cb72e21461173c7,0,3,0,1,329,2,0,51,3501,2096.21
311,ebee82e2c88ba591b89fdfb760c39ebb7abe8d64,0,3,0,0,99,24,1,11,4655,1760.63
312,9445738529b18106f988506477fbffbb76d4b317,1,2,0,0,179,2,0,0,2922,1680.45
313,b173a84b064b37d13c7201ee9103266f01bfbca8,0,1,0,0,97,0,0,2,5444,879.48
314,4ff2991849d876bb85a871e618db469051aeb897,0,1,0,1,37,0,0,1,559,1009.44
315,4a9d74927038a25b6ea7c725a773f7af0e3f9755,0,18,0,1,855,127,2,94,26177,11090.39
316,12899c27eabc7b89348317064265860c9d544e9b,0,4,0,0,904,300,0,3,9395,2614.46
317,3fb4b1a4c7e9978533a2b67fc598c710d6cfeeae,0,9,0,0,1062,153,4,102,35541,6694.1
318,2200e5d9092d444de2909b54683632ffa4288183,0,6,0,0,620,43,3,38,22111,4601.32
319,6346d9bce5ec48f953c97973a3adb824796aa204,0,1,0,0,82,0,0,0,3802,779.32
320,a82d38c14c906e2070fdb92b0db4197127641233,0,6,0,0,1060,41,0,37,30269,17014.99
321,75a0a7c0fcdbc17f11cfa0312b6bc4d9e5a4b0ae,0,6,0,0,238,103,0,26,5158,3094.97
322,26205f9ffbc5e1f03d03d41c7297168b40750fc9,0,1,0,0,2,0,0,3,2691,712.44
323,19eea554e3fafb46f39a37b7b1be0f20e09aa52e,2,5,0,2,1716,1519,40,345,13236,5687.21
324,c47d34a8660923f6f6e21e91aa48ca5780c0ff9f,0,2,0,2,320,61,3,49,7306,2946.12
325,f9d45bc4bb84143f039e977b1f46960c8f89e3d8,3,8,1,0,1458,107,5,90,18150,6230.68
326,1dee42cf896280f4694c194e04b2dcdae5c188f5,1,3,0,1,263,7,2,51,9606,14692.93
327,e304dc91cda32da59266f64624c518ab130fbb0f,0,5,0,0,399,31,1,6,13929,3121.45
328,8229bdd9b4b747180407978aaf2560f008cd2245,0,4,0,0,112,2,0,8,17641,2709.8
329,da249778aec10e9db3a6ed80b0907a6d77cde92d,3,15,0,0,1500,448,14,97,50974,10828.03
330,771c2182a58ff1baae7adbb0af57f1b51dd724e5,0,3,0,0,171,32,0,29,7202,1997.17
331,0bc8bdcfe25816577035080da45fbc467744a565,4,3,0,0,1002,0,0,0,35341,5445.13
332,9efde7b4967464041d6d8cb2c4e3d88271aafa07,0,2,0,1,119,34,2,23,4906,1664.5
333,7efb9640be26aabe3878310e82248a1b6b767a9a,0,23,0,17,2447,129,10,390,49221,56473.67
334,f006efd4ae7ba0a6fbe94c9a8859f9808420cb5c,0,33,0,3,2661,141,4,360,121292,24280.6
335,a8abd6b023e98903e9f200c36173f23a8022f907,1,49,0,4,2308,476,12,283,115839,31598.98
336,d79bd50b2c78fb5f45d7728f0d5f6b8499e303a9,0,7,0,0,158,770,15,107,30638,4955.8
337,555e7b649f7d4c335d5ab9c382bf271dd528fa8f,0,7,0,0,982,434,7,97,26645,4870.58
338,185c56ffc2ca25901a805c9082561d2886e1b3e5,0,1,0,0,32,7,0,4,3661,705.87
339,ca11b7fb04d074f248660674d55c0a253ce92469,1,0,0,0,0,0,0,0,0,591.54
340,0e717c8cd438dc5d07286cffded2991db43977ac,0,1,0,0,36,3,0,1,9802,1501.89
341,b2661b18cbc4a4520cf752c6ec3f66dd2f07f103,0,2,0,0,347,337,6,48,26197,2731.55
342,7e8aa70c09aa469ca116a045f43029d31b984c6e,0,8,0,0,581,51,2,24,12762,4645.99
343,6ea0d84fdc1b158900b629020a6ae1b8061afc02,0,17,0,0,598,1017,8,182,54598,12732.87
344,a4ae3d8ab4120bf282087e05930360f2749f1b68,1,15,0,1,1367,176,4,127,48776,10446.12
345,7f70913d6dd9eb5a09b9db3658134d852c6a319f,1,0,0,0,0,0,0,0,0,533.66
346,5f03eaffc2e0cfa9c6ce01ee2eb12982b98b612c,0,22,0,0,498,243,3,141,66522,13099.6
347,ccef6ec440420e421cbe9f0f1e240095565a0c19,1,2,0,0,31,21,0,18,5876,1683.59
348,d06998688780301e50b51b2bb3b56609077d3919,0,3,0,0,6,2,0,0,4337,1508.3
349,d562a4d3e3c859a2d65ca6e3027d0d5999057ddd,0,1,0,0,29,10,0,1,2910,680.53
350,0cfafce7d98a80b8c95a973837f54859dc4c48b6,0,2,0,1,172,18,0,2,2368,1403.39
351,08ecb7948f0543a9754ecc61b5ece60d671c891d,0,1,0,0,8,0,0,0,3254,621.12
352,cafa24810ea1be530608f25eba93278f89f56b2f,0,1,0,0,0,48,0,0,1505,530.71
353,bde3002a1bb9ca11684e36a99b9f32c884d9a477,0,3,0,0,150,298,14,136,13411,2146.36
354,c3089e5d9099cf42b77f0891beedf5c36e972d20,0,1,0,0,3,0,0,0,2939,675.44
355,f8c8658f4d04878143b8857de26d0af2ea58a52d,0,1,0,0,99,1,0,56,7704,935.29
356,a8d54fc2ac83487deb182b984bb81dd4be03ed3c,0,8,0,0,758,327,8,44,26071,5177.97
357,7fcc236602668c4dc7e98c3781f68976fcc692e7,0,2,0,0,683,402,4,153,3534,1233.81
358,4be1688c53f9b6ee23dbf5c05ef0b5c762c8b629,1,1,0,0,19,0,0,0,430,1003.66
359,49301bd34ad3429a66945c2eda6f11ba74f46e8e,0,7,0,0,261,593,7,30,20103,4249.99
360,bac9fe1fc376045d0108c7e1a2d03227ca5a6b8a,0,9,0,0,852,3093,3,501,38650,7211.18
361,8aceffb189d62a55b0b75d6e8abd2b135a5d9ccf,0,7,0,0,342,206,5,8,20160,4385.19
362,dfe57e0b1a2006f95009bc8645380e14c1962ab8,2,0,1,0,0,0,0,0,0,974.18
363,c979e30875b84c13c1c498a48eb71a67592f336a,3,3,0,3,61,0,1,2,3945,5588.43
364,1f7016c51bf1bd5f4ea6c4f825a921cd93a772a9,1,8,0,1,262,70,0,50,15597,18646.4
365,cf4769bf7045148409d56dc514f9dad3117c1446,0,3,0,3,206,0,0,0,612,2463.32
366,946eac3dac02b8a84a9ae91ac7482b4224d0728b,0,13,0,0,3900,316,73,572,22433,7680.33
367,85b585622af71710b4774b27d8c43b88bb885056,0,4,0,0,108,112,10,41,22346,3059.8
368,c5109a40735d0d1e6dfc616093c28a3ab8e55e36,0,1,0,0,24,24,0,13,1462,551.06
369,2b15b06066855dc81ab9b6cac7cdd098ba8d7f42,1,7,0,0,243,92,4,33,37833,5961.0
370,6f7c544054d7b5336c944a9e0284dac65cb375a1,0,1,0,0,21,6,0,3,4802,756.44
371,7059fe31177295fb998929133e13d9743b742082,0,1,0,0,1,1,0,0,8934,914.74
372,a90afb2efdbcaf069f31302b9494242add5220ea,1,3,0,0,306,61,5,63,18387,21543.66
373,83fbe55d45b59f4eabea8f67a61993a8c03f00b7,0,2,0,0,959,580,8,60,961,1348.55
374,6224f4e8d067229045ecc5c87d2d90a48c80fc2f,0,2,0,0,3,3,0,0,27265,2663.49
375,1b11579566d7adb9f5af69ca7cce57c80e1bd882,0,2,0,0,555,20,1,40,14402,2130.65
376,7dac1b45f52f6b2eb95b31ca2677ebc453c45df1,1,0,0,0,0,0,0,0,0,592.24
377,d339f9084c8f406dea1634b5a0f0f066dbacc8d2,0,1,0,0,162,25,0,13,2925,870.51
378,e38e14bb78148f6fea74eb59624389a334c2cfa2,1,2,0,0,64,0,0,0,7622,2054.84
379,d6bdb81aaa5e006b085342fe8296a860a6517f2f,1,1,0,0,3,0,0,0,977,1096.23
380,fe783834ee8b7f8648709bf44988453743abd84f,0,9,0,0,225,339,8,11,22340,6529.06
381,e123e66296133e94b3e97c683632d0beb991dcc3,0,2,0,0,202,58,2,13,9158,1569.41
382,007e1bbbfd56b346264e7486898bd1fc34304546,0,2,0,0,72,14,0,12,3718,1251.3
383,ec55bfb115ca0583803fd45e5dbd8dd1db12094f,0,9,0,1,153,92,5,38,18879,5776.91
384,3041fc579274057b21026c30fb82aab5eb5a5330,0,4,0,0,165,16,0,22,5391,2036.48
385,6ebe4bc0a9f476a38e9e17238e61901e26e88ab2,0,9,0,0,671,73,3,83,25085,5501.3
386,1305c57e62d0950c28c7700dee95ae54942d3557,0,2,0,0,685,70,0,127,5828,1332.26
387,20e04630b90328c9c0ff46ca9a4964a6cb164e25,0,4,0,1,292,3056,4,102,30637,4319.59
388,3a480d9739d26c99fc8c3776a0fa1669a5232f97,3,0,0,0,0,0,0,0,0,1585.97
389,c9cb2f754956b43b1f1ac62bb37116f0448861bf,0,1,0,0,0,0,0,0,19625,1638.9
390,18257c82440e9ee03de414043f9f9acbb93a3730,0,1,0,0,22,0,0,0,2029,564.07
391,00bc39b639dc173f7f76a56ae0f6626b0e3562ee,0,1,0,0,77,130,0,9,861,525.11
392,371e63877d69269ca4d7ac7ccd5ca3df62661548,0,6,0,0,402,206,5,79,22088,3852.83
393,15ce625e5f269cfe06803c54d21d5dff46ab5425,0,1,0,0,0,0,0,0,917,442.52
394,82883e2f2439fd81ba91f71a4c3bc10c05231613,0,4,0,0,50,46,8,5,10615,2281.48
395,7fe0a7bc75eedee490cb345e09e7aaa81444e6a8,0,1,0,0,14,12,4,22,5844,867.43
396,0ec28751340d195ed0fe1561199692a6140cb5c9,0,4,0,0,719,106,0,9,14828,2644.02
397,267b796f6eb21a0119e6b4aebb57a08dfb54d351,0,1,0,0,116,24,0,27,2285,635.23
398,8f441792333c284ef1413a49be32dcc705ab1b18,0,1,0,0,4,4,2,16,8736,956.22
399,e7acc5e8429160177a8cb1be06be72af8633c722,0,1,0,0,234,32,3,52,1038,573.39
400,2cf74e2cc92751ad4cc0c6e3f6766df449b81e42,0,3,0,0,407,22,2,22,12636,2568.22
401,be31fd05dae345e62772ecc235f14f3f59c37e04,0,2,0,0,32,0,0,1,1200,951.63
402,a454f55f4df9e3e94a7b0c857e22a2c35d4050f2,0,4,0,0,505,78,0,58,18116,2904.36
403,d07d26b25807d4bf7fa483a51903c3dbe578af2e,0,1,0,0,206,1,0,11,19624,1706.19
404,346018385fac75c0e3a307da3b58a2a588a7649a,1,0,0,0,0,0,0,0,0,456.06
405,235c0210d133064007f5b6f7881de33d09bdf831,0,5,0,0,351,125,7,66,33557,4298.46
406,92e59d3f6223d7dcf5f8396751363fe091334c64,0,2,0,0,88,15,0,4,8239,1375.52
407,5c29ecafd720b169d3111af96b04c51a6387c8ef,0,9,0,0,1989,358,23,297,41944,6999.85
408,33a70ab9373be101a74c21a571e9fdc811025a5f,0,1,0,0,53,0,0,0,4555,769.11
409,a5e5a628ab8822fff9e99538b75f5cdb67939270,0,1,0,0,19,0,0,0,4608,731.72
410,6bde63346c7fae462fff59c95234880c54d10718,0,6,0,1,214,55,0,48,35654,17718.91
411,101b53b4d1440dd8b12de231f9690e997df4ac2e,18,7,0,0,166,444,11,99,11170,11385.67
412,54ad166ddcea0aa0ab5cacf10ad3b00912792e04,0,2,0,0,6,8,2,0,1590,1239.52
413,2997592f66e28f7f241e64ad3486683208c7a593,0,2,0,0,68,2,0,0,13775,1732.63
414,8cdfbde997ad8ac998ea953a031dbfbd4870ff0b,0,3,0,0,62,33,0,8,1311,1379.65
415,b8833316b59b55dd6a385ea64b3012212450abab,2,28,1,3,1636,2771,36,613,79473,19681.34
416,b51419e49c3c871135cc19188c77175a8f59b5b9,0,2,0,0,72,0,0,0,1360,1122.57
417,6b7f2978720d35a453739f5ec38f3abecac6695b,0,1,0,0,5,0,0,1,3093,742.04
418,3c4df0f131ef4ae4929b05543d5fca3554d69370,0,3,0,0,291,9,0,37,5209,1862.44
419,1aed5bbfd5386e3f7b9ed4aca7f8c4509ef404a7,0,2,0,0,81,61,0,6,6391,1290.14
420,70102947fe88793280b6d1e8d711c63774362eef,0,24,0,1,1658,2353,41,783,87472,17384.4
421,9be7c9d2d159113a459362e2253c7951695fd62c,1,19,0,1,6634,1733,25,595,55464,13827.57
422,4db434cca9408eb3fcaece03021b3412dd864d48,1,10,0,1,1423,201,14,209,26236,7177.19
423,ce0b79d2929189fa21a8ebf0224357348d1e96e6,1,12,0,0,1517,310,18,323,64584,21868.37
424,a1e384e186f5c6f075cec709f71eec5ae0ced9b7,0,3,0,0,185,18,1,15,19986,3601.07
425,d319f552aabbdc5b1a831296bd53b6e61357fe2d,0,1,0,0,24,5,0,5,8616,1302.66
426,97f9e06fbda472dd5d11997b7007abf706e780b7,0,3,0,0,98,14,1,4,14883,3009.68
427,e89d133139020f541473aa1ce10ef9ffcbf6aca8,0,1,0,0,81,9,1,4,8636,1370.19
428,b0d79e783431909b891472f54bc439c781e2299e,1,3,0,0,258,226,1,6,15675,3329.31
429,f77e61035fd0b37eee21e3563e98d7d59d2ddd77,0,33,0,1,2879,511,30,877,98019,26567.72
430,bdc30166caaf41b308754c547c2e0f4b8e1ff52d,0,3,0,0,58,21,0,4,13465,2580.57
431,7705f0695246359365385446bfe2d4fbb378ba69,0,4,0,0,229,56,2,22,18726,3641.68
432,890300be1fa6771eba8049fe88d7c0ab41182bc3,0,14,0,2,443,1186,0,53,36656,11279.19
433,59abf3fab689d41a7e545e01a206830b4a1b2218,0,7,0,1,47,120,5,28,28128,5909.67
434,b93103fd25b8304f1435f8bd01c1871c21b4e015,1,19,0,0,916,682,9,75,60153,14100.43
435,20fb7226f031eb781a7f33012918b26aca58343a,0,6,0,0,14,18,0,1,27755,6052.04
436,504bbe1bd8e8be4d5f7f85ed09144f14810b90c6,0,1,0,0,26,8,0,2,8935,1296.81
437,71d3f0daf57d8223e2e9f1c63aa1ec5c2d282459,0,2,0,0,178,460,1,30,4205,1534.37
438,e86a3b124df7690c7621e1e570e11beaad17f380,0,5,0,0,69,27,0,5,4142,2948.67
439,4a1b79120aad171abed52d8adaa21ecc1e4b962a,0,1,0,0,0,26,0,0,8935,1665.08
440,438f1302c8ab00f87ae74ebd5fe373b891ff8d75,2,6,0,0,1060,165,14,178,16805,8535.44
441,c3cd6829411b860f9abcc0a8b4686f071aaa27c6,0,4,0,0,523,270,10,75,16052,3869.02
442,051f8a125ed2f560bb3f284b173ad60736ac88e9,0,1,0,0,10,2,1,7,9493,1458.36
443,54c30882846c473830b36809635f2790f5be9ca3,0,14,0,0,870,938,12,99,43323,11137.24
444,1bc865efae300fdf09a477bbcfb8a11b27700f87,0,18,0,1,725,428,3,126,68032,15080.89
445,75bff7748f3fee6a470258ff59bb6ee9d7ddda2b,0,14,0,0,883,358,8,323,26292,9954.38
446,7ab4ec2c987b4a9c9fa60970237ec3a5b88a3c2a,0,13,0,0,298,189,5,228,26476,8956.65
447,acae627048f42b05e441d5c0301d46f713e91c6c,0,5,0,0,330,227,9,71,17473,4472.18
448,a55abc0c3d82356b1c4af0c0d077ab43aa64bdd3,0,1,0,0,25,26,1,2,231,595.78
449,76da6ab06ba04bb5590c131f03e7dbfcf542545b,0,2,0,0,40,19,1,7,12194,2211.36
450,859c9a13f976c51289482155d7e347ec25b2cdc4,0,4,0,0,897,484,16,316,22077,4489.26
451,aa51032ef82d5f065dc3aecc53b81931594a262f,0,22,1,0,1826,1484,22,298,37200,16362.57
452,b307a0cfbd221c5943c670f5657a4e28f1c06d3e,1,8,0,0,258,109,0,43,20615,6465.63
453,4124a96b42f9c01d846ab75202580b7e28a7bd9e,1,5,0,0,1105,211,9,225,28095,5711.29
454,1db9efb2a3ca784fac34e431e5899f538b864f34,0,4,0,0,536,649,27,287,22193,4115.3
455,18638c20554654eb857e54eceab278454d359e54,2,6,0,0,627,3425,28,103,26424,7556.27
456,c28dba273456fb1cd723e656ff89b7c0bd5762e3,0,3,0,0,246,62,2,63,25426,4004.22
457,c44031a8282c0f7bc8140f602e24ce3aff7651d5,2,5,2,0,134,123,3,18,18867,76627.57
458,2d009e3c0137791088259924bf44eb7407f1c209,0,6,0,0,386,124,3,78,21609,4680.67
459,415c3358158c1e13b4c179eb37669aef95879924,1,0,0,0,0,0,0,0,0,500.07
460,366d6b2d57b58dc3ee4ffc667b5413ede0e5254b,0,2,0,0,6,181,0,3,6367,1908.63
461,fa696239485528e422011e76f1bc9e6defc318da,0,2,0,0,303,38,5,94,7762,1586.0
462,dfd7eb060462a893c4e374227376558d38f4957b,0,16,0,0,1140,184,2,55,43568,11210.48
463,4960d3ee5248d0ab08cdf2491697320c52633294,0,2,0,0,31,16,0,10,10418,1744.4
464,8e566ca40b45178afe77e8e4366eec06d0d8e45a,0,2,0,0,86,49,4,85,2794,1402.08
465,90f54a5f60bfc480a9ba2de07f8ca2a396184236,0,1,0,0,10,2,0,2,581,599.43
466,a8b55b334d08845d2d1637ec7f8379e58fa4d352,0,9,0,1,1400,303,8,141,19029,6969.23
467,8dac34a246bbb010e8789a0251ba7896b71d95ad,0,4,0,0,307,58,2,143,24490,12907.41
468,b000457716b0e8831ea30e9340193bcd7309c74a,0,9,0,0,1384,249,16,101,32012,6004.74
469,73406c782bae6cf0524d222f84611e175ca7087d,1,3,0,1,780,1193,29,183,7092,2790.3
470,c10ba8f02c34de23b520303d2907d96d5d2a8a52,0,4,0,1,226,52,2,56,14130,3053.28
471,37ef56a44cf74dd3c0991a8bc0ed6690ffc7387a,0,1,0,0,0,14,1,0,5624,739.96
472,85707792f73ad184b2776d0c48a9cf16e468847a,0,2,0,0,59,39,0,0,3151,1041.25
473,1c01a086f3d90c34e5c935ced8dcf4a943e1685d,0,4,0,0,169,52,0,9,8736,2268.93
474,e33cd95cfc6f01bdd3e9b23c4ceb1ba607497b1b,1,4,0,0,267,169,6,57,23269,3648.68
475,33b19ccf943268fb098cb7ec655fa486c2955b81,0,4,0,0,85,10,2,10,10294,2378.27
476,83e892e3862a94bc39ac5acc2886b2af04c67cb6,2,2,0,0,368,59,3,21,1835,2221.13
477,35b0167a691a5f539ef06b348226c81044aae9a4,0,1,0,0,0,0,0,0,1272,527.8
478,b75e5bdc47171c167fa7393cb371b9277c76401c,0,5,0,0,105,126,10,51,27245,3703.51
479,8fef36ee87a423657c90b157b68f0d0341c8cbcc,0,1,0,0,344,0,0,35,6237,931.93
480,a61d5e539e3754bd2fc7bfe013d23114ad77869b,0,2,0,0,11,14,0,0,2849,1677.58
481,68f980b0be53e0f7bd07c389453bd1046fd56f71,0,1,0,0,12,0,0,3,9922,1178.77
482,c437b270857f731994ff0fb7314b61e147be7489,0,1,0,0,10,1,0,1,361,491.93
483,0a308c704126430263b5ed6f9b84494df59ae61b,0,10,0,0,312,41,8,62,31071,6072.63
484,e88a4df1a70c1abb566bc76f0a787a449f7c6769,0,4,0,0,334,2,1,8,17506,2928.31
485,6290561e94d88ac5e4f391fa283b22e808c4ae7c,0,6,0,0,189,95,3,59,37628,4789.03
486,6dccc155cd7eb70bbc287f8e7231c14e6378ca25,0,2,0,0,47,6,0,6,5074,1314.4
487,9f7556d62e20bc1508df02825aeb0abb8a9a5045,0,2,0,0,16,33,0,6,6618,1356.28
488,8910dcb1666beff50f08b3d9aa22b5790b2843ba,0,4,0,0,135,136,7,103,13241,2687.06
489,f4f94920c91cca38e897e332a9502d2f4595dc4f,0,2,0,0,344,16,1,15,7694,1475.3
490,e83e7100060fb68239b0f6f09675f1a331fd14d2,0,6,0,0,133,61,2,16,28577,4569.85
491,7f1743bf1d0a80eee4c632428ff1256ee0536b56,0,5,0,0,171,237,14,121,19781,3405.3
492,eb4c494005f4025bee8704eed5b311d8be0d16e7,0,6,0,0,240,317,12,52,21004,3772.21
493,b15247cd1660e119f8da94973490e74338c971a1,0,3,0,0,745,2,1,31,3292,1556.64
494,238a6029fdd3e420bb04a712d8a79f49bd168f5c,1,7,0,0,260,97,5,33,40918,5966.32
495,7868563b0d9dff27cecdda0156f1f1ba846cf106,0,1,0,0,299,22,0,54,4895,17184.05
496,e23232fc769832ae374759ebfbd320dcbe270aa1,1,7,0,0,119,175,2,15,32801,6134.89
497,351c209da2655ec36a8c769aadb16129197a2f8f,0,5,0,0,6,5,2,1,13648,3675.73
498,cf7bee3a0c3e06f91f561501cb6d81af3499d72e,2,7,0,0,460,23,1,24,56239,9227.51
499,9a9fb25105ebabceb457ff3858f55c41c03e6e3a,0,2,0,0,231,4,0,0,2635,1162.44
500,d089784bcd298bf3479b47fa59572713d4f4c408,0,9,0,0,212,404,9,10,25018,8277.42
501,4ee28a0b354aaeb27dbe2487644b0d240360a66e,1,4,0,0,227,2,1,14,31119,5372.25
502,108fd808c54c81d5d515e1974d7f5d16a03a4846,0,14,0,0,200,52,2,19,27572,7820.59
503,ef416f369848e352e4fa72a9c2f827bad286a1da,1,11,0,0,736,225,6,57,32421,8663.5
504,623f5a2160c8015c778637893552944994f48da3,0,1,0,0,6,7,0,1,5624,1035.92
505,c5ebb21235bbc902d8785081ae319f7c6e43024f,0,0,1,0,0,0,0,0,0,80.58
506,5749f5dba304e5ca8e35f72796ecdacb1107a6bc,3,23,0,0,607,3297,7,42,92116,19963.45
507,7b98dd4a6ae571e7b9a5ab9b0fc0156ed10b07ec,0,1,0,0,112,47,8,85,2809,800.63
508,6cb72ce358be56b9f2bc1c0c202621a14d788913,0,2,0,0,35,48,1,1,4513,1457.29
509,5b5a023f8a5907c65a59a462b76123698f7bb976,0,8,0,0,978,44,1,19,46817,7996.71
510,131373edbbf94d395b1f0da94b0f427a670b140f,0,2,0,0,5,4,2,16,11784,2008.01
511,700fbe13501521ddc2c11022b04e8c898157949d,1,16,0,0,913,96,2,33,71719,14248.31
512,baeb2599be89f481d3d40d73bab08a5bd06289ab,2,29,1,0,1128,3318,33,558,84038,23025.94
513,a939e31fa4fcafcaec8e2656a1f664ce027d693b,0,11,0,0,979,42,2,42,35176,9605.75
514,9a6ca7387877e10899a9b79e9495e449acf07bce,0,3,0,0,250,2,0,28,5264,1882.09
515,af12e1fc61a3a6d881069619402a765aae7d6d22,0,1,0,0,2,3,0,0,1395,529.4
516,b04b3c3903a8dc8151f74cdf3f3ae67e80705b96,0,3,0,0,19,10,4,1,5885,1667.27
517,6c270423fd315437e0f02d4539f655c86dc3a42c,0,1,0,0,63,210,0,68,4227,1051.09
518,2caa34cdc63b6f308d15eb27fdb8aff1c5138b14,0,2,0,0,14,6,0,6,2817,1249.91
519,87079fcabb265a77bfd3076aeb7d632e7cfc78d7,0,1,0,0,66,7,1,4,10122,1467.88
520,e76010a68db7122b0b3233b882222812de2bb9e0,0,1,0,1,9,0,0,3,1209,24266.75
521,36f83b5c89fbd1d799af28a4b5faeb7184c5cdd6,0,1,0,0,5,1,0,0,10845,1205.79
522,0048780c58472790428eb0ef569855988da60943,0,1,0,0,1,1,0,0,1105,583.72
523,7e3aa60fd57937234cadda26edf473d6ead367b4,0,1,0,0,20,8,0,1,2715,828.39
524,a31cd4f6917ec95bcb6f83d55235a1e0ea322a4a,1,7,0,0,1927,4854,128,1351,30860,25379.7
525,b625cded656c92efa35647f9053e031ce0c7388e,0,4,0,0,133,171,0,0,12424,3178.24
526,3ba981fd9d2183a72b6d9d993b73c44cd2bf50af,0,1,0,0,26,5,2,4,5631,986.86
527,acb457d120872620dd2711123e05ccac59fddc0d,0,1,0,1,866,1945,25,124,816,1674.84
528,deecf370f8d493b8a7b675640b7b89743a47682b,0,1,0,0,0,142,0,2,4768,867.62
529,609713e729240c4946d118b76eabfa05e4ca3be4,0,1,0,0,2774,571,42,572,7560,1796.66
530,185a4a67f4ff90a684b41f1f174e0de30e868bd6,0,3,0,0,294,648,9,59,3817,1819.27
531,e6b1c70014ee9d8a3bea43057bf680823f1aa94c,0,72,0,5,8345,11717,194,2033,169557,49705.17
532,0de9fbb39ef076022c5c2c387c47effb9c062a0d,0,1,0,0,2,0,0,0,1127,603.83
533,4e9bd4315eef25a90562cb9cb63786798f270be0,0,1,0,0,0,0,0,0,1129,595.74
534,e4474ba3eb5048753f8c8b7626c1509e36bd0983,0,20,0,0,1562,796,14,283,32521,12239.87
535,f691fb7c70234e37f90e44b542058f5d859c7aeb,0,20,0,0,111,1434,13,97,32615,11414.14
536,0ad55568bde0ceb7062090236bc56870ad6c70b0,0,2,0,0,451,34,4,278,5401,1429.57
537,eecdc03b14b5947afa1feaefb3fe1ab232a8191e,1,7,0,0,5662,1191,87,1556,31100,6885.34
538,8f6375e9cf74c2548076763737f7edbd12dd494c,0,1,0,0,5,0,0,0,19938,1701.33
539,5d28ee68764bb8539623d6bfc457b31ec618cc4f,0,6,0,0,871,77,4,57,12258,3583.92
540,7dbfb902b53ce000f5838def17d4c78edda23fa0,0,2,0,0,237,204,3,129,7386,2238.24
541,1dd323a96fc7cc95b322c9df16f745b905d9dab2,0,3,0,0,385,428,8,141,13267,2395.11
542,f4ccf62be23b4bb70897d202b88fc0aae72166da,3,2,0,0,604,1457,39,596,11793,3343.35
543,a803b10e230ab7fc673036daaf1d08a473f6ec69,0,3,0,0,474,339,9,137,13269,2326.38
544,428dbd28dd20c1ae6a18361624cb328d08ac15ed,0,2,0,0,132,143,1,26,9075,1591.27
545,1bed7d853f48c35428802c332a070974376da83c,1,8,0,0,2624,489,45,713,32975,6795.74
546,a5e6943c593cc2952744f015426b1af6672a135a,0,1,0,0,74,0,0,4,19943,1770.44
547,d9a34983b71c570448a8873b24239044ec40d705,0,7,0,0,2225,4710,97,1210,30509,6605.53
548,9ff6346a05a7029c30477ba48bf9728ae315573b,1,3,0,0,2902,1046,43,614,10054,2999.32
549,868b4da8e390f0091707137047e8fe30d72ab0aa,0,72,0,0,11492,6656,139,2036,174911,43578.98
550,65eb15d3833bfad06add5d04af8c9171a20be350,0,22,0,0,2078,98,12,137,36770,12108.28
551,71b0226c71c63561c8fd3670b2c4b28d30b4ea7a,0,24,0,0,581,1910,18,262,62269,14697.78
552,1d6cc5b10d452612f2a293421c9b9f8462bc4426,3,2,0,0,69,100,2,5,13689,2914.49
553,c98351c87f1963c473f21c0eb142e63ff5d0951d,0,4,0,0,224,137,1,56,34485,12462.0
554,69dff31db815b68c8ed615903b62117012462714,0,7,0,0,868,185,7,205,35357,5679.46
555,22f17f2bccdeccd24a1a183435b589cb216b271c,0,4,0,0,4,20,0,4,6578,2150.48
556,a65753ddac34a114c51cb0010ee39a9af48b4f9e,3,3,0,3,824,159,11,51,11046,5534.57
557,ff497c72a205345492b16df4e7f7fadad5917d05,0,2,0,0,459,729,3,18,1240,1033.6
558,9ef86e7117cdc356592de7ab4f9d76be13315137,0,3,0,0,239,18,0,4,32192,3581.99
559,27b956fa62ce9b467ab7dd287dd6dcd5ab6a0cb3,0,9,0,0,707,33,2,39,13887,4854.39
560,55836fba16ad1e62d1b97e69b842d103867a257e,1,2,0,0,218,8,0,0,4553,2294.44
561,90da508f1bc2708f14684f435088ab78a498517c,0,2,0,0,465,399,6,185,7562,1722.34
562,23d7bca34df0bbd3ef173a62690a52378762b490,0,5,0,0,602,77,2,21,6391,2778.95
563,2ab4ef16b0f8a68dbfc539a402590278b5e1fae9,3,2,1,0,13,20,0,2,2255,2446.23
564,75a01c2eb5d42d5b6c02cf6fb7267125a8fe6a23,0,2,0,0,860,78,4,100,6911,1740.55
565,f529dfe74535d09556f82a0d9da0e1137410e8a0,4,52,0,0,2426,471,7,197,166276,34382.09
566,00c795e258fb131ff2c79ab2910735603b5b174a,2,2,0,0,279,20,1,9,10946,2511.95
567,5636af88e9beffcd756a13aaffdb8387e2464496,0,1,0,0,76,11,1,5,2025,586.93
568,88a579a06451ea732377bd8684ac7b5845051b6c,0,1,0,0,378,52,1,44,1990,654.64
569,5fe50a4761b57e088962e7c9000e022fbf1442f8,0,1,0,0,428,745,5,113,1616,689.13
570,2414ed2b11e2c5f0d513491b3b6b9aebf0848f15,0,4,0,1,88,24,0,22,5529,2456.56
571,5d065325e26e9740ff6eacc6b76d1281375edca9,0,6,0,0,451,544,19,134,10382,3413.17
572,5cc35b24b1db6f40d7ca53b28c418ee5af0522fa,0,2,0,0,131,23,0,0,6765,1345.94
573,96075e527d77044e5a969af641cc6e560b01af52,0,4,0,0,2300,3571,64,649,37677,4911.89
574,1cd9c1d14b868eb0f62ebfffc82e8df85e41c127,1,2,0,0,5,14,0,2,1549,1419.53
575,749bec004db0bfbff8941747d71ed450633c5df1,0,1,0,0,106,4,1,3,6734,899.3
576,a901f50da0e941928ebf3f05d3e9f233be77a764,1,6,0,0,57,861,1,31,16238,4080.52
577,8c509a34e9f521b5bfc749fc420637290568d60d,0,2,0,0,605,142,19,158,25592,2523.51
578,03e0362a5d86040786f663c1c94c50883c1b0416,0,1,0,0,3,2,0,0,6838,871.37
579,bd84c7726fc9c4c08934583ebc7d84fe9381dcad,0,3,0,0,69,58,2,14,8735,1793.94
580,f1c74df922058e88791ed6971bbb96b53f6770f1,24,11,0,1,2155,215,15,178,24545,85237.31
581,da893ca29e967cbba6641345c798de21c5befe5d,0,5,0,1,1496,201,13,131,13076,4312.89
582,dd80a2f8afbeea5b3e9b5835434f8f62b80e4ec5,0,1,0,0,40,12,0,9,3670,894.8
583,046c55c62d67f02dfbabf6e807fea2e95312fbf7,1,2,0,0,119,19,1,24,21024,3505.36
584,06568fb9f4bbc9492b81dabc79087672e9b78697,0,3,0,0,675,145,2,100,6726,2250.88
585,73a8e4153da7e92d8bef918fd93322bb4f3ab615,3,0,0,0,0,0,0,0,0,1510.96
586,1abbfe982f977c605db25b1bd9933e1d1a251de8,0,1,0,0,15,21,0,0,8093,1038.9
587,28c1b2a50acab2b3815ec0c3c2ea76eae94b91df,0,2,0,0,187,0,0,0,5887,1485.42
588,d59246ed788de966c636bb1068ea9ce2abf6fa30,1,2,0,0,384,0,0,2,4671,1869.12
589,01ffd46e3fec9037c17e887f932fb1765c1ab219,0,1,0,0,10,14,0,0,8094,1027.64
590,74d19b5ff2f3ee67174fb2bd1e5c61cf2f29ac6f,0,2,0,0,47,1,0,2,7104,1623.56
591,dfdb0fc65caafa75a7df2601dc884a38a78345d0,2,4,0,0,140,6,0,5,13451,3946.09
592,a8a336b1b5082dcab29c5fed45fed4b01312426d,1,2,0,0,413,5237,23,101,5576,2245.8
593,2e445ac96d96cbad7b760358fa780e0f3079b714,0,1,0,0,250,10,0,2,8094,1165.09
594,0d4c01ec6b6537d72034e9939196dde1a6a1d563,0,1,0,0,2,184,0,0,3260,832.19
595,64eba1a95cee607317e7ce51303d43eea52b14ee,0,1,0,0,1,1,1,0,5021,903.22
596,6736743387bf1114234822b16de869410ce2e30a,0,1,1,0,7,3,0,0,2294,784.4
597,7e99c9632a2336aea12b05d07f4542e5c1f03ea6,1,2,0,0,120,38,3,36,6590,2203.43
598,bf43df716a5457229b2ec408b3f46fc9e7741347,0,2,0,0,494,123,1,72,23129,2706.32
599,18cb608244c39533dd008fd16b82c6950e28ca37,1,2,0,0,365,41,1,82,7356,2306.51
600,d284bf72e1a4af18f2c402f42cd262ff90d4a1c7,0,2,0,0,248,191,2,61,6787,2132.41
601,2e44984446fcbf9aeecca5947f13c4eb3410add8,1,0,0,0,0,0,0,0,0,700.13
602,3920b73e1b8c01da81a6ac791f9da8609cd1eec7,0,2,0,1,34,5,0,3,21392,2846.15
603,b8253f5837bcc4d14630b038414ca16f7248596b,0,2,0,0,47,0,0,2,7026,1366.3
604,77b4fd6572d6f928ea5bd86c8b00caeba7bb3b99,3,6,0,3,697,3774,6,40,4731,7182.38
605,e79d8afcd05722fe369eba919abe4f4205771a41,0,9,0,3,61,142,8,91,11504,6639.14
606,98fbddb03e496b0c32980ccc4f9bf42ff6c0d3b6,0,1,0,0,177,63,3,56,8281,1000.51
607,b505a305f8f078684c4b2bc0dbde26ad16682010,0,2,0,0,31,0,1,40,1445,1073.87
608,4db87a72a44d30a311f8d27f3ffd323b3d5b5ab6,1,0,0,0,0,0,0,0,0,535.7
609,6c4a295bbb1f242b5b27587463a7a584cb7d4af7,0,1,0,0,0,8,0,0,372,478.22
610,0ee40e71f662e5bc3307a9b4a9c4706989c497e4,0,1,0,0,8,0,0,0,372,472.37
611,17078663c4bbafaa86692e1bed1bff0ff6b569eb,0,14,0,2,546,413,1,44,23939,9413.56
612,da9e24589db247e901493c6f12fdb82ccabf3486,0,1,0,0,2,0,0,0,80,510.78
613,dec6fcdb007a78a71854d3dd76b65d53b9f39235,0,1,0,1,1,1,1,0,1715,1404.13
614,73bb022de08f9f9353a877593064f13da51115fd,2,15,0,0,3916,1380,56,797,37853,12005.5
615,cfdd3c3197b45aff3279e7b75bf98fd7ff48d305,0,15,2,0,720,382,2,62,41233,24153.29
616,02d180e0d9b5f0f32e5eb5fb30a99077b6d61d00,0,1,0,0,64,7,1,1,5217,951.08
617,eb90ffe053ca3c61179445a5b8a899bbe2528ee7,0,1,0,0,1,11,0,0,2374,656.56
618,1d79d91876e75ec025028b216971b65b6ae1c581,2,14,0,0,529,681,3,61,30570,9949.8
619,81b116da10a3079acde1a4f58c06778d949e618d,0,2,0,0,53,2,0,4,7142,1501.75
620,5baec1af770e5dc326c12a456bfb4235ad3c3b04,0,1,0,0,1045,176,5,182,3086,1642.21
621,e9acb4ef7e6b52a19fe8a36cb31fda414dbe08e5,0,1,0,0,561,77,8,101,1840,725.87
622,2bb3fdc19bb9b4714eefa75362d2b0cacfb962e7,0,1,0,0,7,64,1,2,5217,800.75
623,a99ebcbb7bfdd4d58ee407d79b54a600932a3277,0,2,0,0,24,31,11,2,9247,1576.3
624,6f6bc08ea49763f2acf9bca405bb60f1a390abfb,0,1,0,0,66,4,1,1,2383,651.87
625,915978cc356284e8c32b093306210d9d58d85936,0,1,0,0,21,28,0,5,1180,589.15
626,5e715348592f0e171a24bed0dc4e6ad1b3c04881,0,1,0,0,2,7,0,0,1104,596.85
627,77116bd7c779bda7c2c4def17dd021ead64b1831,0,1,0,0,1163,1,0,0,885,690.8
628,1c4a693ac7372ff5f8b1e9c047d6f362da782047,0,1,0,0,196,2,1,36,6853,1040.77
629,b57e711f607f84d34a179fe554c99c24d2edad77,3,12,0,0,1444,317,16,183,33892,9756.32
630,b2440667aa57b7448de1ca86e5f63000a2d7c052,0,1,0,0,38,12,2,3,10627,1199.88
631,37f5f044f8d51cef3a6aa3e072e8bb5c90cd1765,0,1,0,0,373,2,0,8,1474,691.56
632,365f426a25a53e3958713329bc1ccfa4a9ac78ea,0,1,0,0,45,9,1,0,5215,903.0
633,3d25cc9e1b82e1bc5ec44f860714177227e4f066,9,17,1,1,2564,416,5,177,72076,19716.81
634,b1f806ab2c3422ffc07e21d6521fce1d3ac253f3,1,1,0,1,37,0,0,0,10723,38347.6
635,01a407d9df0e9d05bc4ce0699de566cbadc6a869,0,1,0,1,2,0,0,2,3296,1612.88
636,42863b9bafb9f77b76d9dcd26f0fcac859ea6f6a,0,2,0,2,703,35,1,22,24364,7148.57
637,fd9997989c1f1c6f806c57a806e7225ca599fc0c,0,3,0,3,276,88,6,118,16060,37805.06
638,2f48fae72aa52e6ec42264cad24fab36b6a426c2,0,14,0,11,512,404,31,145,43823,17182.04
639,4c4eed13d5c3155e6a45fb06422e0f9059abfa9c,1,1,0,1,3,1,0,1,2941,43591.16
640,6894edebd96a669504295d45c39b73e542272401,1,1,0,1,105,0,0,1,6765,4119.3
641,604383b22dc2824b3896dbdcc02f3f5e1cc8d295,0,3,0,3,4,4,0,0,11662,4812.47
642,f43e0ffa7ebf1c6d35d4f6d4fe3f9e65ef2de4a1,0,2,0,2,42,0,0,1,4650,3072.03
643,7663caab5a2371a9fe36e26fd70438e64e31810c,0,5,0,4,85,210,7,17,5918,6314.38
644,09b6f98de431628c80bc8a6faf0070eeaf72ff2a,17,34,0,30,210,179,0,13,86662,81934.1
645,3af51887b40df8de7482040cf8a90600a2c4305f,0,5,0,2,34,26,10,28,27600,21339.59
646,7bd41f031f3852ac44b911a71d1d57ea3629b134,0,3,0,3,366,0,1,9,8252,4073.1
647,5c778cdee3774ce009f941176f9c312074e39872,0,1,0,1,12,0,0,0,4613,1594.72
648,b9189f7b158f9c50566a1b591e25e3d76c3b0917,2,2,1,0,36,52,0,1,31111,3876.12
649,1ba3ddbe6d8f617fd2fa4150e8a7be097dd83b4a,0,2,0,1,234,0,0,4,869,1505.4
650,714edd65acb8d78640ea062e84ffe83c1e363738,0,1,0,1,24,5,0,1,2259,1398.1
651,13a26379ed25dab219d49aef6aa447898a068eae,0,1,0,1,390,0,0,0,8441,31070.9
652,8327e70be87990c37ac14dcc1cb1a4d209c65593,2,3,2,0,194,130,0,12,31142,5439.51
653,c54c117407bc441b539b8acfdb022586f17dafc1,1,2,0,1,171,34,3,54,10857,3286.28
654,f582aa449210110546147851f529e2fbb337aa0e,0,1,0,0,79,69,0,23,8762,1243.3
655,c163455df487f99171e5045cdf0c2e1be1c4f99e,0,9,0,8,75,49,1,18,13152,43559.79
656,c3f6575ca44e8ad803d0b46991472465b595cdeb,0,11,0,3,413,277,3,55,48289,11384.4
657,710e5a960e8af1d4c73e386041096aacfee8b828,0,24,0,11,787,832,13,153,104123,28524.92
658,cda43d71be5ff7b2d67008f6ab611e3c4c22f3aa,0,1,0,0,26,54,1,1,11745,1738.78
659,08928d067bb9e1d38b5e7db9e23fcf20fe161435,0,3,0,1,665,24,2,23,33045,6612.93
660,233a7aa34f37350bf7bcdd9c84b97d613e7344c9,1,7,0,0,1873,1885,7,67,36386,8549.69
661,184ff33de5598b04bf968ea3b113b175a4225b82,2,2,0,2,172,1165,1,5,3322,3981.23
662,89537b7710b23db7abcd2a77f03818c06a5f5fa7,0,16,0,4,462,315,1,37,61034,14834.71
663,01cd616d170d5d26a539e51e731e8e73b789b360,1,16,0,9,122,778,6,49,21700,15202.77
664,438c32aaf9fb0c63f55044cf5ef1b2e0adcf7fea,0,5,0,3,3294,753,22,300,8776,6366.67
665,969a263188f7015261719fe45fa1505121ebb80e,1,10,1,0,1487,1182,10,162,38258,8592.35
666,0b12cc822ddd57e6ecf4f7047f6614419c34580b,0,26,0,19,150,63,0,24,65632,60762.45
667,b60772c47ddaefbeffd72bb9dce2a98117538dbc,0,6,0,0,79,192,2,139,30167,6199.54
668,6f1ef980ded061dd75d3368b0fc2fbbed14eea9f,1,1,0,1,17,0,0,0,5235,3099.47
669,ffbe9e5972bf3eee9037e2602c1330e0dc744646,0,10,0,6,212,165,14,93,24423,91620.89
670,44320eed1732ea59bd9ec83009eb10e0e6f13023,2,3,0,0,157,588,4,14,6679,2815.43
671,8390152d08306caad31b78abbd509e5ea8580671,2,10,0,2,562,195,10,52,54563,9306.47
672,53190cfa1d43762e463bcb957929097742db08ba,0,11,0,6,3251,3675,92,316,18122,43884.25
673,23762da4fa17ce6ea7b70722147977123a28a7e6,0,12,0,10,1008,913,4,53,13806,12120.32
674,498e2901036134d6a028e333caa4cc51558dcf5b,0,1,0,0,87,92,0,36,3785,870.61
675,eb6e44b1ba58ed971360a39ea5d5ce02ae65aa0f,1,13,0,3,4939,1758,46,459,22598,10579.4
676,73f2092b7351b9cc13d0e12bc4ade6c470934ee8,3,5,0,2,589,265,9,132,9922,5026.17
677,ef223e8e8e1e18733fc18cd84e34dd0bb0f9a710,0,21,0,5,509,3370,96,802,94235,19042.25
678,4673ab17b0d1fa191ad65de1a876fd00b6f1545e,0,12,0,6,1518,934,28,173,13537,9843.88
679,8061bb59c02630fb4016ed45b3c50a7d124acdfb,0,2,0,0,0,26,0,0,1154,1245.9
680,d5ef72e8c1816676b6106b353d7ca7d328721dd5,0,1,0,0,23,8,0,14,1655,1865.7
681,b0944651681337e81b41250f43bd1e8eebc78125,1,2,0,1,1660,231,18,444,11201,3488.02
682,dd86860633d2ed64705b669a75bf318442ed6225,2,9,0,3,73,1925,2,11,16908,8366.22
683,a0f120ce68dddb0cb31b64c89f3224313f3cb5af,30,5,0,5,13,15,0,0,7755,74100.27
684,513f17d115564e49124bb744cecf36d16a144ffc,1,1,0,1,57,754,3,16,10755,4125.89
685,2892f6d817d74e90ff50073cd3721ed4ec75ba92,2,4,0,3,187,99,2,51,36445,8962.36
686,ec559db68e1ad306b1ba97283fbda1074fa50eb0,1,3,0,2,135,49,1,15,13852,3796.07
687,4f1a0e36fab1f18e6e2c5fcc72cd9a7634967fcd,0,1,0,1,12,0,0,0,2048,1271.04
688,42d443fb79c230eac64f721f467b63fd58643b4b,0,1,0,1,18,0,0,0,277,1013.16
689,06e84a1bca19bd01568a3095e33944d4d6387fd3,0,16,0,16,462,402,20,144,55561,146311.91
690,6c3b59505b863f03629da52a1e9b886fe9b496d0,2,10,0,10,1296,470,7,62,15201,13079.15
691,e4dc2e1f561f176843148ade227db263b77a4be1,0,1,0,1,12,1,0,4,803,1009.8
692,376a1a251123699806a3114511bdcc3d9f7bc6f4,0,4,0,2,60,35,0,11,15844,4747.37
693,4dc4e9e63f7385ddd1d64ae1345e0d32a4acb9de,1,9,0,5,3318,27,1,144,11284,26618.53
694,7d8e9d696049f4a7d6bdf1e78965e14a5c65263f,0,2,0,1,66,4,0,5,14900,3566.36
695,5a6f8e38c044c376ac11b5e4e97a7b06f78d4c80,1,1,0,1,3,2,2,1,11101,3373.15
696,825f9c80a4f2788040cc17455bea96ffaa08cb5a,0,1,0,1,41,5,1,10,3262,1431.25
697,e90a5b40430cc1fbce075d34b31e3cc05fd9831f,0,4,0,3,406,186,15,201,20828,41178.37
698,1ae5b5e338ef383c5642e2f04b927871c7b184f6,1,9,0,8,283,1457,11,47,9916,9182.02
699,ebdc7f800a6c161696adb161b623a80ebaa743d7,0,5,0,5,1116,167,0,12,17504,6941.98
700,dc8464f943b61b795df0cc8baec171bf07355763,0,7,0,2,1291,44,1,85,15863,7791.68
701,1b1016beeb716bef8dad93bb2c7c4631a14b3d57,0,4,0,1,554,333,13,232,7995,3181.44
702,6f1d18bd478c4963543f8b8d80aefcb5adb38774,1,4,0,4,167,67,0,2,3430,4615.06
703,e4db38bdbe25752ebf7040f4ac99c91dc08ea71f,21,12,0,8,392,378,7,59,29004,46958.82
704,8b4f497af85b49519da2e05e8269db6c4e9d621f,2,7,0,1,915,144,6,55,18111,55733.6
705,aace6cb631efc558306cee2af3b3248c22483966,1,10,0,9,228,84,1,50,20039,11811.56
706,3ab2e79ad7786623798c5c8816fcdb4173b09da1,0,1,0,1,39,9,0,5,4249,1768.22
707,676f488efffd50eb47e75cd750f9bc948b9e12fb,0,4,0,0,58,16,2,33,8473,2397.98
708,f00198b16c529bafeb8460427f12de69401941c3,1,6,0,3,484,283,15,93,20573,6175.85
709,532872bf742676e2408929a1bea2ff52687c0c1c,0,1,0,0,1,1,0,0,11142,1257.36
710,7ca7832158333e4ddcd6914596ff7d781c9283fe,1,7,0,2,814,252,11,172,24984,7567.77
711,002dd6968b89ded6a77858ccb50c9b2df074c226,1,21,0,17,1904,1240,24,231,30441,54001.13
712,50cb2771e924d2d6d9d04e588cb0a94aefb25b70,0,5,0,1,403,6,0,44,5166,3492.94
713,ab7e7dfd7e557ff17f177ae445c27133d81e8b1a,0,5,0,3,347,11,0,11,16320,5529.92
714,073a13aeb16681be9dd250850c45646ea4f171dd,1,1,0,0,0,2,0,0,3580,1181.41
715,0bd8f0bd40bb6a497dfa7ebf823a52d67624e8ce,0,6,0,2,839,28,6,48,5527,20471.43
716,520d2502c52ec60f8ba66d6bd8b7c812e2941bba,5,4,0,2,138,69,6,36,2054,4852.25
717,7c48130d41a4671dc06a558d82765d0459ad55bf,2,13,0,8,573,23,2,22,6817,10303.43
718,d2e1a7191838f4746286e2513bed542b20c1ce4d,11,4,0,3,148,63,0,9,2704,7886.01
719,6e0991704ffda5cf4cff758f0e7086523fa7bcb4,1,2,0,1,33,14,1,7,4233,1939.88
720,2b35e8aa4f10b8373671b2f311ca0e374e1a8d21,0,5,0,3,21,151,0,0,18843,6496.4
721,8335995630e2c4288795fa0dfa9b670090a6790b,0,6,0,0,986,24,2,35,19666,4116.28
722,758194382c4ed50577ed31801c99d717edbf079e,0,1,0,0,219,10,0,47,1605,620.36
723,10dc6b09272dbf2022907681e134104e7d418021,0,5,0,4,199,149,4,106,13442,5337.26
724,456ca74b9670c36017e14db39a91f237fd610df3,15,6,0,4,213,15,4,13,1808,10958.22
725,ebb6cc60c421286d9121ad907e6d68fa4ee3cf93,2,5,0,1,624,90,3,37,24882,5729.24
726,646e855f6ef058b636a5fc85637a3f8e17fddaba,2,5,0,0,44,93,5,14,25407,4695.19
727,659ea4c540e440004d9f1a7dedefa91c0bec8b04,0,6,0,6,1547,286,24,121,4881,6216.53
728,b49c95a5d93ec5a16637df899defefabf5dc9e7b,0,2,0,2,38937,9,23,259,17478,92804.17
729,9692cfc9ae2ac86c9a2d2b3ac9ca8f8b3bfc7c42,0,8,0,5,282,56,3,13,33924,9395.37
730,6b0963c53be360b710614b9f44a29c4171af6b83,0,4,0,1,831,14,0,11,20572,4543.94
731,2dcd43c7b1a8426e0908294a1281fd95a8271a4e,0,4,0,2,153,16,2,14,28229,103954.67
732,64c019cccc266b9896746d45e314cc4a59ba2e6e,0,5,0,1,223,11,1,15,29337,5457.28
733,7cb77a3b1bf9e41384a1f74a60d34214199755d8,0,5,0,1,80,0,2,19,6622,3246.86
734,32cad9affe159ff7c6e4c7e31f57174967ef210a,1,7,0,2,1521,1585,33,308,14020,6705.86
735,8d1a09b7418d5cb512affaede0bb1ae494502967,0,2,0,0,120,0,0,6,7770,1610.2
736,8f9661da4823bfbb243e430252ec1bb5780ecbfc,0,4,0,2,519,314,5,30,3770,3424.03
737,8e04fa8b8414b66966499347453adbace256559b,52,4,0,4,84,0,0,4,7273,28975.46
738,1c940637b14eee777a65d153d0d712a1aea3866c,0,14,0,7,8627,181,21,551,90675,24324.86
739,22000ce96d01e7ea368271384bf8979609e531d9,0,2,0,1,31,1,1,5,16363,2417.01
740,bd21ddcb78350b311f271e233038b8ca78a65242,2,9,0,1,414,19,4,37,28434,69922.62
741,f84552ac35bb5221290be68fece9c779ebeaf4bc,1,11,0,6,562,80,5,52,28991,11293.15
742,11cf658d0a8c3fb0f0822c9fc60f18f2ae5bf629,0,1,0,1,126,6,0,7,11807,2923.11
743,40fe96546fcd68696076db67053f30d38a39a0d5,3,19,0,12,346,277,6,54,37812,19976.33
744,6afe3e0d22caa2b0752d52ddf7794c25a66cc9c8,1,9,0,0,1032,677,8,68,17010,6693.58
745,a590b498acf1a424ffbb3a9d8849c0abb409366d,0,7,0,0,309,130,0,50,13483,4224.33
746,94c631af1fc49f5ae5881fcd5f0e80b17308d15d,0,4,0,1,264,26,1,19,10452,3069.14
747,51ce3831123bbba0ee7968713a2b30434f1090e0,0,2,0,2,17,3,0,0,422,2444.18
748,9a3f147fdd5421460889b266ead3a2300323cda2,4,9,0,4,778,400,30,100,42601,13328.18
749,0864ef19089f703232107d8aa26c4a7571ff132e,0,3,0,2,321,145,10,186,11612,3207.24
750,905a127850d5e0cba85c2e075f989fa0f5cf129a,1,5,0,1,153,363,7,129,24508,5097.05
751,b7cd8c0f865e88e40eee75fd2690b1fdc4155071,0,5,0,0,347,837,17,246,45991,5999.27
752,0e5c1a45bf486f9b4be6afcdb24892d1d20684dc,0,1,0,0,76,0,0,1,16312,1652.45
753,5573b691d519ea0e1d7d2a0ad43a795c548dc99f,0,1,0,1,22,0,0,0,5300,1702.96
754,5bc66c4c8662e400f905821ab80bc7f9116e8ed0,0,1,0,0,200,36,1,35,7088,1276.96
755,9c2f4f634db124282f114a44b2e7dfc899693c1d,0,8,0,3,205,78,9,19,26417,7351.62
756,68173af69d2fbda3292404c90a5077483e14d6f4,0,1,0,1,16,0,1,3,3432,1535.3
757,4754b80862edddd44805a018f843a1067950096e,1,0,0,0,0,0,0,0,0,60828.85
758,b76b85986e4e2dc0d572468327b650d3cd8718ee,1,0,0,0,0,0,0,0,0,2477.89
759,52937609733fb25bc19c9bd6df2e1ca544973860,0,52,0,39,407,2824,3,240,100664,171719.38
760,5f5b3bbdcd091fc6d14401eebc9c41204bad2325,0,4,0,2,244,67,2,12,18373,6848.42
761,9146ad23f3f1af7c5547fba08e2a867cee49e015,0,13,0,5,2894,412,36,233,32337,14558.91
762,0398a9e88dacf81068f2786f28a9127e02b203d7,0,5,0,1,251,124,7,41,14885,4238.47
763,afbc3aa30cd52f85208db97378a05a530c22fcc9,0,1,0,0,8,0,0,0,3894,754.61
764,bb91ebb53c1a41e47755b2008deee67c11b79d7e,1,15,0,4,852,377,13,217,31467,64140.73
765,f87a4b40bc99e76602a75906df31747cfdbff78a,3,23,0,7,2039,51,3,120,63012,21425.51
766,f4fa76719e622a4ef883c51ec0abc6e6e6ddf09e,2,2,0,1,147,591,3,28,9864,3512.86
767,28dbd56de0456c3504ce2d2227a22027c5d46d52,1,3,0,0,96,3,0,12,1806,2292.87
768,f39aac60e0b0c2cd4c82607c02501dde43afe02c,5,15,0,2,386,31,1,10,26611,12950.86
769,0a713035f2fb1a222291cfdb2cbde906814c2fd9,3,6,0,1,61278,217,55,558,105759,70442.07
770,7a59150bff64fc81f838de586eacd6d062172605,3,6,0,0,1048,40,2,18,127086,14419.48
771,c17bb83644b39f551796b8ab6a43023f70b1b89a,4,4,0,1,203,2,0,1,4006,8064.9
772,6016e95feec93f0e17a8a1370c0ede735ca13f55,2,7,0,4,949,25,4,33,25218,8284.63
773,2481474bd9c50a23e4fd2eea67ac2dea11ca1f58,1,9,0,0,628,91,6,131,39199,7635.81
774,9b1f47226b076bf912a922aba293218dcadc7024,1,8,0,0,1392,107,3,170,13268,18813.97
775,38a19bc293dec6221ae96e304fc6ab660d94e706,3,10,0,2,8514,4583,132,1282,261036,336081.19
776,2740112bb64e1cc8132a1dc450d9e461c2e4729e,0,18,0,1,1979,2508,57,431,40873,18193.64
777,48da033901d3471ef176a94104158546152353e9,3,9,0,0,2986,114,7,112,20715,10665.65
778,13345f3a85b6b66c71a38e7c187c8ebb7cb5c35e,0,7,0,0,370,195,1,82,21287,5451.51
779,43100e9c0e14bae32ee0ca9e76b90e79561b568c,0,4,0,2,914,257,1,25,16397,5806.58
780,197634f2f7f4fcb5d33cdae8c3528172d731766f,0,1,0,0,48,18,3,2,5723,12159.61
781,5f39d6c239305bb5bdd20bfe5e84a0fcef635e04,0,2,0,1,297,133,3,28,3431,3357.93
782,1f2f4e105b90e88a5c3cb101810293f4fe228362,8,0,0,0,0,0,0,0,0,5745.16
783,3cffe34177c72ea67194c3b0aaf0ddbf67ff3a0c,0,10,0,1,1885,871,16,151,30145,10089.61
784,8134b1c8702d7d6b3994c73b34afc7f8ee33ac6e,11,28,1,1,4075,2823,68,799,60290,26815.72
785,ecdf9da770b2b0efc1ca5940366aaef6c58364ff,0,2,0,0,87,0,0,0,7359,1716.66
786,71071b904d0c9aec7b3713d41740f24182e81c36,1,10,0,0,1043,174,9,120,49843,10731.53
787,371f4228e86f5ebffb3d8647fb30b8bdc2b777c4,0,9,0,2,153,118,8,18,37644,30427.87
788,52c149115512ff95cdf991a7308e18d5e127956b,0,1,0,0,25,570,0,69,3992,1039.43
789,de928a4aa03d199b48a678d62cf241edff3d0a66,0,4,0,4,0,0,0,0,6101,5431.83
790,009dfed8d7b3056cd8915f74d84dc06850cb8a05,0,3,0,1,511,40,6,99,8896,4405.27
791,3503d9a4a8f5ca2ff13badc7e87c12d4a665e681,0,1,0,0,14,0,0,1,3372,1264.09
792,8fe3dd3feace207e8de94bd872ac044b5bdaf5ca,1,1,0,1,20,0,0,0,742,1749.69
793,36d1c49486587c2dbb193e8538b1d4510c462fa6,0,21,0,2,1677,183,7,201,52815,18995.53
794,6b4f40cbf913c048fb33da6c5d8271cd77766d0a,2,1,0,1,10,0,0,1,3801,3244.99
795,ae0d48854d5ee0d1281c630263762e1cdeb781ff,0,5,0,4,241,9,3,6,7264,6722.36
796,20a6560bdfd8c4e3b6c3ac9b0f0f62d32e3a2191,1,7,0,1,1040,72,6,90,42309,11226.77
797,737df8b67b972155b12ed615e23f3f1e8e4e9ca9,0,4,0,0,308,39,3,32,11578,3982.39
798,d004ddee76694ca701bc3296b71c2164b76fa042,0,1,0,0,75,19,0,9,7491,1233.89
799,4efd3699a6f271a21b1024d17c277930c83436da,9,3,0,2,247,357,1,19,9168,8217.44
800,9a07ba8945407cd8f63169faf9e0faa4311d38c7,2,14,0,2,915,249,10,84,22402,21826.85
801,736b1860ab7f64de13419c6385534892b1542c1d,1,9,0,2,33,532,0,17,7019,6507.7
802,a4f4becf52b3fb9199812dfa06e6acb461ee47d6,0,2,0,0,10,4,0,0,5254,1250.2
803,a339836bbc747324807b9690c6cb5bb13b1fdc0b,0,5,0,0,640,109,0,34,5773,2962.06
804,4f1bf2fe23e53ff4b8550882d19f2cf1dd477926,0,11,0,1,349,15,0,94,22256,7433.89
805,dcea80a21b96e71e4dc3dca27b13444a327ad1a9,0,1,0,0,12,2,2,7,5193,1029.24
806,2f26475a39f94e756ef4d15ff8c863b3f692a29e,0,2,0,0,513,1,0,5,19065,2332.52
807,d880c7cc784cf636b2590fd98ea7c8ee67065a30,0,2,0,0,201,17,0,2,1570,1168.12
808,212678f036f4f96493bc14a584e758f97cf65573,0,8,0,3,1146,272,4,63,12011,6826.17
809,0c1450ca5d922b5bf713bb8bb17459dc11a97330,0,4,0,2,493,45,0,0,13531,4210.45
810,a380dc8732a17a88b9adc69368eb96ab54d31de8,1,4,0,0,445,131,3,47,7351,3689.59
811,02919e61f6935813bc3dbe23cc89e00e0cb02918,0,4,0,0,223,174,0,6,2292,2170.47
812,520a39ac2daf86c0d67fff1b67f5f8d63e65114c,0,3,0,2,318,182,2,27,8096,3196.01
813,c840548d6be09c5048e34b6222e800b0df0aa1dd,0,1,1,1,168,0,0,0,649,1290.26
814,c3e62de9ce952aa8572b3cae6a8497b8fdef40aa,0,20,0,1,1528,610,5,25,44769,12439.99
815,c0016ba85f1d21c1e3532f66f7e66160634ceae8,0,2,0,1,66,164,1,3,2861,1792.03
816,465663afbf0463f8e91d978993f7d46ea9c48dc2,0,2,0,0,295,3,0,10,19622,2181.59
817,1525aae4b3ff66057f79f86080c58cc7c48e1022,0,3,0,0,707,1883,36,434,17626,3032.7
818,a7091893de3c46ffbe1fffe7c8927d0dec98aac0,0,1,0,0,0,0,0,0,2455,719.32
819,fdf7b182475050aaf67765eb53aaf342ebaebe8b,0,2,0,0,1920,68,7,277,16737,2597.31
820,da91e0d427ebbb0bfce50191b2d6adf7dfb13311,0,5,0,2,1969,1413,33,290,16870,60159.47
821,976c07696d6dd839993f06ba250975c874f31145,0,2,0,1,20,7,0,2,1164,1550.87
822,98302971c240858c1c8018affb11bac453a83db2,1,10,0,0,367,36,1,7,7990,5294.83
823,846f97312c6db7b84b7401174acd0fc943baa093,1,13,0,2,2444,1671,34,350,64610,13936.71
824,9a8f119741debce684d8d5e0aef158f6e43f5e56,1,0,0,0,0,0,0,0,0,582.97
825,641f79a325bad571b11b5700a42efb844eabc5af,0,11,0,0,1372,68,2,67,16462,7610.21
826,6be13332db5342465c2f279a5984b4b8a33420fc,1,5,0,2,55,61,3,9,16235,4438.12
827,8dfef7d2dcc3d6b695d1a5794a15458428a12d1a,0,2,0,0,293,1614,36,473,18539,2339.76
828,536b30ec910296d2f5efdbb35050c3c88f27719f,0,1,0,0,34,119,3,41,741,638.57
829,43679fcccd3ed35cf1bf15fe42001106170761a0,1,0,0,0,0,0,0,0,0,492.74
830,dbbfaebb71eb9d69d67fd5becd2e357397d0f68b,0,13,0,3,323,218,7,90,43447,34364.12
831,191db6a9073e8660440c85d2c1a65e2a48b4b45c,0,7,0,3,1002,1462,31,354,28831,7525.42
832,9eb8f4d267ca38c16e3ba191a3b754de7d167669,0,9,0,3,1433,1501,46,318,26149,70489.1
833,32c313d51cd2483ea510afe044c55eeaed7c2b2d,1,11,0,0,3284,523,32,560,36910,28816.04
834,11df1c256171564b0578477c226723358be812c4,0,10,0,1,1004,97,21,71,35767,9887.12
835,205f0470f43303e16d6a62afd633ce8f19040810,0,1,0,0,35,23,0,4,3999,1250.22
836,7b913180be9cb8f5aaded964179d6313add2f13f,0,8,0,4,763,704,9,38,16046,8516.08
837,a660c5dd2c9cdeff4b11fa224c9b7edda0a418d0,1,0,0,0,0,0,0,0,0,756.59
838,c17b4f8eefe5b77b77761a0bb46b49cd1ea6965d,0,10,0,1,167,20,6,28,21628,8835.03
839,296b6c0063a319f4b80e8f62468be95f39d4f4e3,0,4,0,0,250,76,2,24,9406,3238.41
840,2a9e430ff9327ad311db7954400ff664ae66ec45,0,9,51,1,327,946,24,147,13237,16224.77
841,28eadb7cd71e99d563fb5c41aec563ab11e293e5,4,10,0,0,2477,1571,28,275,26061,11062.9
842,11db1b855fa08a5ef7cdf2d40bd18ee33eba92ee,0,4,0,0,248,1765,30,412,15879,4064.01
843,b6ffb08a467f1b5bc89e5114c462c3117b337be6,0,23,0,13,1686,871,40,426,46067,27598.44
844,2a2faac0de8f03797f5365ca596490135845b88e,0,2,0,2,698,4,0,8,1424,2765.41
845,8af96c7b22f92ab84c142c37252f85df7b9b98aa,0,6,0,3,367,157,1,35,11246,6860.27
846,dc847b39fdee85b45ef26e8e7380d722ffb89e4e,0,1,0,0,0,24,0,0,1516,880.03
847,a87328dfab96a335535e8952e548534b73c00b7c,0,4,0,0,562,2154,56,528,25427,13147.28
848,439490f9158741234e638f41a5c0bdb236c4e988,0,1,0,0,8,0,0,2,3391,808.43
849,3c145d3492331959d21f6d0c3b8c7e71d35de69f,0,4,0,1,269,13,0,74,8995,85466.5
850,0663b51ed44db97740096a1002d2b63f3e17a3eb,0,1,0,0,12,0,0,1,3399,4594.44
851,b8448dea82c72ff6c1558b9ebf3f24cd1c6e728b,0,2,0,1,503,28,0,7,3485,2064.07
852,d03dac743206046c2db7b73d09e177310e217dcb,0,2,0,0,924,213,17,201,13667,2237.04
853,efbc58f30c8e8d9f26c6a82d32d53716fb2b222a,0,23,0,5,816,1707,35,239,57033,18895.66
854,c14912785d22734d735b5c4f8638b57dff009a97,1,5,0,0,3591,949,22,403,26532,5322.65
855,475db83b874f5808811d6f2d5be425a6bd14bca5,0,6,0,2,493,271,1,67,18662,5047.58
856,90a14f89e178e78cdcb16aec217fab99ad89fbfa,0,2,0,0,2031,542,8,319,12852,2156.93
857,8db31c5972873a4f919469fb3387454116a02869,0,4,0,0,361,132,1,47,9052,2429.29
858,62c7e2edfc0cd5baeda71d7c3737398302aea795,0,13,0,3,247,1046,10,85,32398,9486.16
859,481f84597bf842df45b068cc24c328112e8bcf40,1,6,0,0,937,187,7,68,8425,4148.34
860,b57260f848da5cfc6b03c871987ed34d8bfda9c7,0,3,0,2,656,1971,44,471,17198,19316.52
861,7475e836dc2bdd29142eaf210262fba354b745ed,1,5,0,5,385,218,6,107,7596,65397.85
862,da9aa34bec7c68ba7f2988abb917b0a7aeb7f23f,0,2,0,1,938,18,2,45,2828,1888.11
863,7decf112c0dcbf0445fe33458f7daa3d02617912,0,3,0,1,479,1087,31,365,13044,3012.31
864,1ab31b1715e9db498847725dadfb82b16f71143b,0,1,0,0,8,0,0,0,3426,773.82
865,daf782ca7ebea65143806aa437eca9ec832dba20,1,0,0,0,0,0,0,0,0,586.12
866,c69dfdd5e14af490790dff8227b11962ec816577,2,23,0,1,2064,1851,32,250,32540,17108.63
867,7b6b204924ec3d2aeb4c42c09456fbbefc3c7817,1,4,0,0,3483,352,31,585,27360,4854.1
868,30cffeb388f9065f0c5ce5fa53e127940a8917b6,0,9,0,5,3621,621,16,281,25198,9589.26
869,0d7de507a5d6e9292aeabe357fab6976f81f5be4,0,10,0,0,1029,208,2,59,28824,7262.64
870,9e31bf675dd92183a9a74a66b7caf1a080581d65,0,19,0,1,1317,1502,62,445,54480,23819.58
871,6da670ce6a81819a1a82be52e939b3f821a76e21,0,1,0,0,34,18,0,1,777,716.32
872,0ee71adeb4b2a91d74110c0f0c1df63a1cf36014,0,3,0,1,592,29,1,12,8247,2800.4
873,22738ae1d00ba1679cee50b75b46f095d22770d2,0,1,0,1,4,0,0,0,325,961.97
874,501a283986d7bc4dff7bba12610576ffe982c34d,0,7,0,1,1393,1604,34,206,30788,6394.36
875,1a75ec82885e45baf4d5cd56d6c738d8e68d8bc7,2,11,0,2,1126,292,8,138,45327,12015.91
876,3e582c690cb8c29267c8c8a741a21eea918f0145,0,12,0,0,1978,2021,48,381,46583,9350.47
877,65425b0961d6634f0fc0d798bbd12f02d40a8578,0,2,0,1,76,9,1,2,3094,1775.35
878,49619e899731b3cd645ccc50e385448f8d7c536a,0,2,0,0,47,12,0,0,3805,1317.73
879,662b1887af4e39f3eadd7dda4953c7f2529b43bc,4,22,0,1,311,575,12,124,49086,15566.24
880,6326605acb5a5bf48d994278c9d3a39733679e81,0,15,0,0,448,582,8,48,57920,13753.61
881,4ceca97606e7258e807867bbcd8cc60d0cce7439,0,4,0,1,1114,147,8,228,27555,4619.12
882,19495b2f4b9e621279b5e78be6464c6bf8f7cc92,2,2,0,2,159,0,0,0,693,2844.49
883,9e108e61fb28244326d7cf4bb31d175eb75d2636,0,13,0,0,393,390,8,94,25441,7797.1
884,f55a1c08763e5f865fd9193d640c89a06ab49c4a,2,9,0,1,1861,1316,10,163,15116,8786.66
885,2f820dde17a21fa519c1ff803c6f564153fa1549,0,2,0,0,223,12,0,3,4565,99574.76
886,0c4acdc17694573b6d1e527a58a2d47808d8c58c,0,4,0,1,430,47,0,17,5057,3623.7
887,4feef863721ba88c9cbf4557502e2082dfca7c40,0,2,0,0,160,62,4,15,7043,2364.63
888,b795c65f4929330972c07ec2d5d7ce987c5c2316,1,13,0,2,570,379,18,87,15862,9016.67
889,805c1280ce2773bc61ea718723b42b09d795688f,0,3,0,3,1658,746,19,441,4025,4001.61
890,840df19ceecca1be26c572da2afe2f4d5f958b24,3,15,0,6,978,1008,15,287,9722,11170.58
891,ce1a7ec9755f17527c29b0db713d7e01750e10c9,1,6,0,1,591,59,1,58,14022,5492.19
892,525ceb99adef6bbafecc9728d406abad84958387,0,3,0,0,69,4,1,1,9681,2473.58
893,578f413778a6f005a35d18d7f015df128aeded5b,2,7,0,2,798,156,6,77,4722,6166.33
894,466908e67bd7184b1f9de1aa82b12b20337903c8,0,1,0,0,257,8,0,0,1632,865.25
895,940dac52a77ae94a8844358a583e77fadfd42ed1,2,0,0,0,0,0,0,0,0,1097.8
896,0475795066ad89fc3ac4bfbe0dbe061555f3fbf7,0,6,0,1,316,42,7,27,13335,4843.02
897,99a68a14237b4cd1936ba5e9468d25d35dad594c,0,17,1,1,979,100,16,36,47978,12299.84
898,17d22e6dc441f72cffa4413ec30921d6d4c41cfd,0,2,0,0,128,0,0,0,19643,2076.88
899,543701387fc0054082a17da15e85e9e8f8025801,3,4,0,0,585,837,14,123,4961,4144.82
900,8bd825bb6f35fd6fef397e3ccae0898bf7bed201,0,18,0,0,2326,586,14,322,58736,16937.07
901,0663dbaac0a19719ddf9cd4290ba893bfca69da2,0,23,0,1,294,473,11,184,56205,15213.87
902,a232d5c79100461fded3069ef3594c5d82cef2a0,1,1,0,1,11,0,0,0,117,1552.54
903,72b3f302dc3590b7f731cad26558cd592c35dc5a,0,18,0,2,23,297,0,12,42670,13954.44
904,4f15b9dfed02845b07539f074ccee3074647dffd,0,5,0,0,408,120,3,91,24771,4263.66
905,789ed57e7171b6813a212af977bfc2134dc90f65,2,1,0,0,76,10,0,2,180,1552.18
906,0db8003e2e3da9b22b952020d8b02af7f7d6d7c8,2,3,0,0,24,92,1,18,5588,3098.29
907,8c0366bf103ca638b5ef9e962671f7728db4fd10,0,5,0,0,362,183,11,240,36522,4614.24
908,7525ee5b6738693dcca7fb0df5fbe2a54fb00b70,2,0,0,0,0,0,0,0,0,1027.91
909,a7d6bdc63b50a1e6cc67b66afba30446b3434030,0,4,0,0,281,189,4,27,7437,2357.57
910,ba688e11c195327d3832610789fdd0cf81a3d0a1,1,4,0,0,360,8,3,39,23687,3892.35
911,4f6e0a5a659064e0af3bec315e7c25d5e43b47f5,7,8,2,5,4053,1046,51,355,11005,26984.97
912,663fbd46a82c9c521f43de93325fcaccf53ff77f,0,1,0,0,39,27,0,1,233,541.6
913,80bbefafaf7ce4f9282b37fbf5e65be340df92e2,3,0,2,0,0,0,0,0,0,1487.22
914,112c32415175f637a2791f2207c20393fc9ba740,0,3,0,0,159,78,3,12,6693,1993.76
915,e505b7e704ff83893a40190695977ce1393f6248,0,15,0,1,736,390,27,274,35181,11130.06
916,d483b6f3fc1128cd98f00b1801f22deaaae7eec0,0,8,0,0,290,82,2,30,11215,5095.91
917,534591697c52f7fb31b73b530a266a88c0b7c409,0,6,0,6,665,12,1,56,14583,8512.24
918,2ab67dce1103f9ec2c1d0630217a0501a22009ce,0,2,0,0,490,43,8,100,2191,1606.94
919,74b4b45651037fc8d2a97d3b2de51334dcbf759c,3,10,0,1,1059,311,16,75,10394,6926.59
920,3ced5ea06698fa781f76c5e7d4440f54ce5fcad3,0,3,0,0,183,10,0,0,31976,6402.06
921,9597c81f35c17f6ee8bd2cef85f76af306478e6b,0,2,0,0,392,2,1,14,4433,1294.13
922,3ffdb9152e780f4fd80ac7ea7b1a45ec583edc36,0,3,0,0,1558,20,0,34,5187,1905.43
923,21824d8232875a6aba9c9c1669507ea9d09586df,0,2,0,0,351,29,2,28,1866,1070.32
924,41a014c31b3e435354a25d4b7d53f0bd2cede9a1,0,23,0,1,3320,608,21,300,36203,13227.78
925,7f427646dfe80f9a4dfac0a979709f367e74a7e7,2,14,0,3,1328,258,13,52,36764,11448.05
926,4ea042666c4d7997bd5fac893a27152dddfbd957,0,1,0,0,9,0,0,0,730,543.39
927,72406e940a4cdf2d1422fc00fec942b62d84a913,0,2,0,0,79,27,0,2,3845,1434.15
928,07a436744588d131d8ef31abab3093aa59b4d531,0,4,0,0,991,206,6,112,9944,3148.98
929,4f230adc13c70b09083a928b9dc65fa404e6d177,0,4,0,0,413,18,9,39,20199,3476.31
930,841fdc5628fbba341efe0bfc6763fe12e7fca7f4,0,7,0,0,366,271,9,62,12496,5069.63
931,258da66cc7c74e48fe4224ac8552bf8ce8c68e2c,0,4,0,0,137,50,1,8,11811,3238.21
932,c80dbe5e09ab1eb3c1b0277055f28717895d6dd9,0,10,0,1,1086,232,6,43,18468,60996.55
933,eeec4dc72abf4c540146a81c5419828520b80fa4,0,2,0,0,595,23,2,139,6195,2085.74
934,8bda086d046b12e8efed834f39a775e710ca0962,0,9,0,6,987,171,14,132,9699,10687.38
935,c6d3537d337d71a3e566bcae824cc2377e9a9ed2,0,3,0,0,19,161,1,1,13722,2557.2
936,ba4ec5f0aa490cb82af9b9593dd50901d62e3e24,1,0,0,0,0,0,0,0,0,600.94
937,49ed783a3a68726264c68cdc6c958ba9ad26c2c9,1,2,0,0,98,2,0,1,6428,2212.88
938,cdbe15ccdc2f1e673f0ab538378ad05560d5b713,0,4,0,0,411,46,3,84,8366,2447.07
939,93c5585d31de120d9602e5c6d75dfff04336f0f2,0,3,0,0,417,39,4,56,4521,1859.52
940,f4711ef3ab4bb9676303d0aff79ff3d004f239ff,0,3,0,0,4,4,0,0,6601,4960.86
941,706e861a859a247661b027f4e473814995556c2e,0,14,0,8,397,28,0,11,37398,13791.09
942,ea32198db4e783f0c0b93a3f74120fe41ded98e8,1,8,0,1,436,100,1,27,30460,6313.63
943,e29ede3f729784f0eb770f0a1570bea199ff6902,0,2,0,2,350,10,0,1,6007,2771.96
944,f86352c2dff7e75314a8fc08c32f4a37c098cc62,0,2,0,0,105,8,2,6,959,1178.52
945,2584779166f0095bc26cb0bdb3fb0701c943dafe,0,2,0,0,40,5,1,4,20227,2112.43
946,d28b98242854ff7f9d615e1c9d6a5b7584ce2498,1,1,0,0,128,6,1,15,4621,1236.2
947,1a76c82a31958aeb549b544fe81960a59b2a9d0b,0,9,0,1,249,109,0,10,25086,5992.66
948,3e835c47d116663d5008187ad345cb8633e3e3a4,0,2,0,0,131,18,3,42,2773,1205.81
949,84b36cfd80cf54a9329a2cd28f9dc2a86abbf345,0,3,0,1,85,39,1,0,5786,2558.39
950,920b8fac187de859307ae960b7abd456e23d87e6,0,3,0,0,648,6,2,10,2668,1646.42
951,cd271773ac45d36875862d771b05476ce1f23c1f,0,3,0,0,62,38,0,3,26690,3090.44
952,8a0c7323ce36032a56c228fc8076d9d3214274ba,2,5,0,3,87,56,0,9,17179,6276.03
953,086fa860c01cdbee3369c20a34eacd32c1b4e8d1,0,3,0,1,271,5,1,16,5942,2457.79
954,d37ec9d09e02f16396c296e72ff8c1b7c3e6ed10,0,2,0,0,132,27,2,37,7779,2856.55
955,cbc242429093ccabf76248f857de5e587a9682b0,1,5,0,0,359,376,0,77,16904,5041.9
956,9d5799553fea81920edfab611e5d485a97841848,5,15,0,1,3542,157,10,139,20570,11707.5
957,9aae7c22acfcc7b337cf06149864319d2cc877f8,0,1,0,0,11,2,0,0,2309,694.72
958,25882b199b586633cca5c092b9fd8b015cb59476,0,2,0,0,84,7,1,3,8907,1725.59
959,a701c792f880c43ba807f00a92a99dadf89eab0c,1,2,0,0,97,14,0,21,4414,2056.03
960,5dbbe0e0a5d31689d3425e490865f95057dc051c,0,14,0,0,1133,1189,25,213,33109,12691.74
961,e3fbc526861cdacbd61ab3d2e0c88a53735e29d9,0,1,0,0,66,0,0,0,5382,954.95
962,f5960f71d9dcdc237f08e41bf1ebfbd572ca83af,0,2,0,0,864,112,10,92,5708,1730.84
963,6a0865440e335dd306cba12f97fad703bb445216,0,11,0,3,588,388,18,237,23375,8744.66
964,7e8e983620f3ae3462d115972707c72b7d9cbabd,0,14,0,6,713,559,40,287,64235,14215.6
965,98b00d7cc015555642068827e6c52eaed0740c94,0,3,0,0,970,182,16,258,16723,2817.22
966,fcb4b1995b53f6b56777246f83d92496b3778795,0,11,0,1,396,510,1,8,23290,26473.24
967,ba6360e493829312210666af93467d3d35d9d59d,0,2,0,0,181,2,0,0,20211,2211.01
968,8def56e51e32f52a9bd30ca2196b27456b7bc0db,0,1,0,0,7,11,0,1,413,525.07
969,f1560d379d314e0702e878a0ea5fcf2e99884c7c,0,1,0,0,1,1,0,0,18930,1662.21
970,05c5fcfb422ec6284e3c18531e91b206975616df,0,3,0,0,512,30,4,51,14293,2327.3
971,bcdb125643d4ec834f6bd5d4fafb079391f31fc6,0,9,0,1,1123,92,6,60,42157,7014.85
972,95710c15b7a724897bcde826e112df6d4b4fe56b,0,9,0,1,1045,69,3,47,27704,6314.4
973,52ecdb751e8b9e37e960ed07e51fdf25b980d2d5,0,5,0,0,115,93,8,34,7318,2712.81
974,6d71407582bad00cacf5d8974a17ddc962d5ac60,0,1,0,0,27,0,0,0,5335,773.47
975,5ef725eb5369215fbca5d8067da6ec4255cc98db,0,2,0,1,9,8,0,0,1295,1370.77
976,15ddb6634f8bdab37ce43f99f8338d84422c7232,1,7,0,0,344,418,6,35,29919,5731.53
977,5258d6bf3fb8090739cf96f5089f96cee87393c4,0,7,0,0,371,159,4,30,19019,4672.33
978,7d1f97b8213795efa26eb53c1914819c74c22502,1,7,0,0,410,21,5,29,23589,4831.63
979,d1a54b872dc0b38801e7cf6eef0a27272e867c1e,0,6,0,0,153,440,8,41,7760,3112.43
980,260dfa367e3c161edcc9d2b2217661710199c95e,0,20,0,0,458,592,8,61,43143,15815.22
981,d69510a7f8b3a86cbf0175a6ff2e28ac82707924,0,6,0,2,123,257,16,52,34467,5397.97
982,aa80e6895dfd2879c1a860b4800824e7bd942226,0,1,0,0,95,64,1,4,3632,973.33
983,ade42bce1011b5f649a2b66d7ff8bc61f0b5fd7e,0,2,0,1,154,0,0,3,9020,2008.03
984,74dfa8f1f22d58df64a78c660af111e17ab7053e,0,24,0,1,2283,1431,21,343,36119,14465.94
985,2e0a15c48890f646d4dfa7bc8844430ebed888aa,0,3,0,0,580,12,1,2,6080,1826.83
986,e767845c36080dd936f711664dc42ecc570c3561,3,7,0,0,1077,409,7,120,17106,6551.49
987,d2b57e00bc277442c2eb97630e86352ef44a1df2,0,4,0,2,73,71,4,33,4666,3474.45
988,47a29c63291f1f9f09b89ce6f3305c0a2ef27b3f,0,1,0,0,15,0,0,2,6985,948.14
989,83cf475050dba27e72b4e399491638c670621175,1,12,0,3,764,33,2,86,45223,12711.31
990,4eb6d65eef9e8322c721b9afb03ddb1811964cb5,0,4,0,4,550,68,2,27,3884,4454.68
991,d1207cbd8806fc2ae923b24c6e20dfc8730b1c7c,0,2,0,0,463,29,1,56,7158,1894.97
992,8bab8b775240818b60935531dd2b27144ed8edc1,0,1,0,0,86,33,1,21,1752,725.74
993,a4b1793df049c2073c535e53f31a022321b8e9f0,0,1,0,0,7,0,0,0,3895,800.47
994,8813f42175360150105d101ea0e8cc5c4a642f71,0,1,0,0,73,3,3,0,2379,799.98
995,415ce38b82fd173790fdbf3760a7846a41a0579d,0,4,0,1,394,232,2,21,8835,3884.18
996,ca39e780c4fb6457a806153b9dabc138e269236d,0,7,0,0,349,91,1,21,34620,6426.88
997,9e7334a8fe251eb69c543f12f388da3906d975d6,0,1,0,0,27,8,0,0,2679,861.68
998,543f86631bf07053a045d5dabcad16fb8f9eff97,0,4,0,0,379,0,0,4,25253,3267.51
999,9947d8054c035c93c775908a37489efc1ed36dbd,1,9,0,0,1313,98,4,69,28724,6482.78
1000,45fafc2b8fc1aab0a082600b0d50ad693491ea70,0,15,0,10,3055,259,13,364,34899,18375.25
1001,6702d5dbd4f8d778daa0bcefdf7db7fb469a771e,0,5,0,0,505,58,4,59,2861,2802.77
1002,fda95a6a3d2ec0ba89b69599d44f40a7822e886f,0,1,0,0,297,5,0,14,5062,1081.31
1003,5572f73d45842308aba890c0eb89fe456154cd00,1,2,0,0,96,2,0,0,7290,1895.72
1004,277b3dd7369e0462888c9e09a7790da38f691ebc,53,1,2,0,1,0,0,0,988,236135.94
1005,4b88923e19498db350a6fd27cae05e2be2c2e48a,0,4,0,0,4,4,0,0,2677,2002.71
1006,361ea9a62cb85e6d60682c4a73e874d305625d8b,0,3,0,1,430,7,1,14,6126,3768.39
1007,bbab35e6d87aeebbc1848d7072c59af780536425,0,4,0,0,666,214,3,5,19227,4564.41
1008,0270889b4e7f241620b2c3c297ec6530d96a7db5,1,2,0,0,938,0,0,145,22999,3390.3
1009,bf1649d5fd095ce027f013be57d216212fa14198,1,4,0,1,250,5,4,103,9082,3639.27
1010,d263653ae22217439d1740c936d1c78e1644d73e,4,14,1,9,717,686,15,332,10021,12683.18
1011,5770a453f304d83463879db6101da1f1e81e5563,0,4,0,0,171,10,0,8,10491,2699.58
1012,32d3ed55d0a463dbe19010edcc42cae01cb315c0,0,1,0,0,18,0,0,2,694,570.98
1013,550853203b3a76078833f392912896f5442e1db5,0,2,0,0,150,24,0,7,15653,1878.64
1014,9255cb83c854a22003554c1673f9229fe4924847,0,9,0,2,352,95,1,58,15300,5949.88
1015,19dd66a3f616cd8a4527f2adeef911a7d4b3f349,0,5,0,1,734,528,8,29,14907,3713.22
1016,7accbabdee0b7619ff83514c173e815d290b33bf,0,8,0,0,1031,99,2,108,22724,5763.47
1017,8dd3148e734fa9d1db761ce65410fdc49c0fe1d5,2,6,0,1,365,245,2,36,11906,5475.03
1018,b8389e4c73b70e454525b8adcd5b0a52ae5d1db1,0,4,0,1,370,4,0,4,3986,2698.03
1019,359b4efd193b772d13b2571dedec7e0622309d78,0,2,0,1,20,0,0,2,2868,1905.52
1020,4d0cab2729e2bdb1742b62dba69bd30ab69c868e,2,3,0,1,120,16,1,3,7157,7007.95
1021,e0ef844280b98dc699ed3f9d948b83828bb8d297,0,4,0,1,707,58,2,37,6260,3141.4
1022,fb95fce24056c0b0aa5b77683c684fe1b68c4f76,1,13,0,2,858,184,5,215,45103,14320.84
1023,e5b00f1bdc16dfd55ce28280d1e6cfe1f27fb7e4,0,2,0,0,206,2,0,4,10247,1889.64
1024,d4fb8821630f2da107b6c438a449c35df3686595,0,3,0,1,323,0,0,5,15739,3623.15
1025,07295260b10cd2376660a673ceb9d8ce0570b528,0,2,0,0,161,33,6,92,7874,1816.25
1026,21fdf16b0d866dfd9eef22515be5da5f1cd9ac59,0,3,0,0,1524,55,2,74,11640,2428.94
1027,fb4a6ac9e995c79475af99aea044e0fc0558e9b6,0,4,0,0,972,151,10,162,13880,3220.35
1028,2c27b5826daafbcda460f7f0e803f2504753db05,0,1,0,0,402,4,3,22,915,749.22
1029,cdae6953e80e81693bb4c9eb38b62eaba3ac8cf9,1,17,0,0,650,1141,1,82,51908,13010.35
1030,6e563760230376faacc5043a20340d0660460e5a,1,2,0,0,98,114,0,16,4137,2011.91
1031,0a6806ce8c946b26eceac7d16b467c54c453df84,0,10,0,0,490,230,4,131,23402,8466.53
1032,23b6ed973e1ff5ace1e3a97cded008908e8daa55,1,3,0,0,99,42,0,36,34008,5498.13
1033,638367987229f3afff1fc59faa87a8ac287c303a,0,1,0,0,25,7,0,2,2727,937.6
1034,9833468302bd2fa235d9d1f40517631f9dfff517,1,2,0,0,76,100,10,30,3455,2143.7
1035,b7b8db51dec5e14aa13ff473b5fbc21d661ded6c,0,1,0,0,9,1,1,1,3126,814.06
1036,d8f39138561170d4b691a50085121123b1ebc4d9,0,9,0,0,300,90,2,33,24116,9945.27
1037,0bfa7d79d0fc5f127fd785e8ba3bc83dab8df991,0,1,0,1,30,0,0,0,188,1260.51
1038,939f4a9f92ab260aee697d3715946218a7ff769a,0,6,0,6,386,51,2,16,6702,9397.43
1039,b17018e4b821ec860144d8bd38bc1fcb0d7eeaa5,0,6,0,5,261,58,2,12,4372,7240.85
1040,972953bd778081b9e8a0c3778d6df5c5e97368fa,0,8,0,4,693,62,4,20,27697,16790.48
1041,8f395c2f78e5813e613197c3078a4ebc5d42775a,1,1,0,0,12,39,0,5,4196,3126.42
1042,4d4560189adccb941a3dc5eee7add134adbf6519,14,9,1,5,1310,451,5,157,8952,21228.63
1043,c1ea9b4490e7d6d030eeaeeff2fad3767d2cfd4a,0,12,0,5,1422,135,13,98,27749,14810.26
1044,cbd59c1c50242a9ee799cfe9a33f3bdc4561c4ea,0,2,0,0,1541,115,2,49,3928,2204.43
1045,48a2e2b4e279800b4371e6715e942392aa991ffe,0,2,0,1,316,24,8,116,9014,3114.09
1046,e08604907c636fd4c0d005d2ea505dae71d41ff3,0,2,0,1,551,12,1,7,1736,2082.54
1047,cb787968c5deac3dd5d10291aae39c36656a1487,0,14,0,2,1253,553,19,206,18069,12351.48
1048,8ea7112595874fde7bfc57a647ffda1ff40a6268,0,2,0,0,17,3,3,0,7509,1982.78
1049,9b4a7900c7dfc0590316eedaa97144f938885651,6,42,0,5,2898,719,15,344,132610,66447.78
1050,754fd7b2fba917fcd6663a122991c9121ba43e75,4,0,2,0,0,0,0,0,0,2804.39
1051,3a53ef4a802b51e1d5f268f669cd112c03607755,1,8,0,3,777,616,5,67,6873,7571.73
1052,9ea7c06468d236452f03c38a31d1a45f7f09dc50,1,5,0,0,490,1255,15,123,16858,5669.31
1053,9d0f8792a9a1d3d2b24adfc2c213247a099e7ad1,0,12,0,0,669,234,6,58,28931,9068.44
1054,c93185df660aa4fbb7885794550177286f9f3029,0,1,0,0,110,0,0,9,4822,972.47
1055,0c27c770802e298862e4b60a964fd0a8011d0a69,0,3,0,0,380,15,0,8,33104,4522.41
1056,b38bd555e837569672dfd48ea1b60e60efc71648,0,5,0,0,840,199,3,12,7167,3647.21
1057,f98d8eb291be364102b5c3011ce72e8f43eab389,0,22,0,0,1267,418,15,174,72698,20013.23
1058,28e87740c5797e87a9038d7f151c8b21a5b04592,0,15,0,0,1429,138,4,104,37838,13948.25
1059,f765fdb65701e61887daedb2b369af4be12cb432,1,16,0,5,833,71,2,7,13405,13504.12
1060,160bfcd6c2e2bc4a4adfa397f0f716430a0832bb,0,4,0,3,246,0,0,2,2406,8807.6
1061,4a9b3c693def87579298fb59b7df0b8892a3508e,0,2,0,0,207,0,0,0,2488,1584.62
1062,c95a1674b61ef2a6963dc64604986ef90a8c636d,0,7,0,0,1160,52,2,50,10195,5589.05
1063,f41497c1419708789aca2a0236cd1a5111f71cf3,0,1,0,0,5,0,0,1,2188,1424.53
1064,3cab01ba6e0349126a23063e135cd5c814a4ae18,0,13,0,4,237,227,13,151,28462,23304.56
1065,87d87b04e6eb6f42c8998d7ddfdf60767a6e04e1,0,1,0,0,219,19,1,19,587,1515.48
1066,fccace6116713c85cd59a808c565ea39fb5d6944,6,12,0,1,1855,196,2,14,41726,15697.72
1067,b0ea77303ba62a400376ca32c63c5b138f32cbe7,1,24,0,9,1768,256,12,122,77812,120222.47
1068,643608ea576f6afc8d940a0d910d0ea69a2dd77c,0,1,0,0,29,1,2,16,1279,720.43
1069,6c0ccb5989c2053f5a1ebab0dd9fdb7b4019fda8,0,27,1,1,778,1704,18,474,89976,26317.15
1070,557b937f472f9e9fecd2fbb252c2642a46c1c7bf,0,1,0,0,2,1,0,0,2242,788.9
1071,de8b34a70e7ed4aef4675dbbef90df9f596efa12,0,5,0,1,178,1,1,16,36486,7148.7
1072,92cb6b093c7e3a39083c0497d80bd7e4eeae9c7f,1,6,0,1,355,29,3,7,19539,6087.72
1073,a11042365f93cf235ecc6f8b1a615cf3edd3e75a,0,3,0,1,402,25,3,37,7320,3280.56
1074,d4d2bf73a9181a5bfdc0fd99328c7ee4ec998b4e,0,6,0,1,418,8,0,1,37247,7404.4
1075,b2d186d865a878ecfdb25a6b53f9b3275b9a693c,0,2,0,0,234,13,0,12,4275,1843.41
1076,7d1c8d92f9b4b83c6ee154cd9ff70724bc61599f,0,6,0,0,789,128,1,232,31580,6135.73
1077,2fd49f5a57067f96a84e4a80ff12184f5709f97a,0,1,0,0,10,0,0,0,9109,1254.3
1078,3819c964fad12ad80b0628c1e083e032df495e27,0,2,0,0,226,17,0,2,4154,1571.39
1079,da3bd6713871a084430eb0360ece5344c034711e,0,5,0,0,123,49,3,56,16315,4065.9
1080,8021d9199f278345aca6211f318145342ad036f4,2,12,0,2,1003,175,6,167,11287,16456.54
1081,72485f3112832a6a32f912d59ecf303a0c7e919a,0,8,0,0,665,14,0,12,11320,6700.41
1082,f6b7f067c34e1fc3c050453f00f2d81274cd32b4,0,2,0,0,100,0,0,4,3822,1607.76
1083,13daca1ef6aa4a24ff9a840397dda1bbddb16e37,1,4,0,0,233,1,0,9,5629,3650.59
1084,c334cc89a8f42c98ab4dad02ae41c5a02a855974,0,8,0,0,345,138,7,44,46744,9162.0
1085,31142aa8927568b7901eb48d80ba04d3e0080f60,0,3,0,0,290,23,2,8,5142,3020.34
1086,91e832e7b47ff5088ca2bb54aa25f6f166d6c8d5,0,5,0,4,413,284,0,4,13974,105136.88
1087,01db4d2bb2f92ef881830ff20ffe1d1e8b4d06bb,0,3,0,1,658,45,5,37,5009,3636.67
1088,437948ea1c0c9c61c2b5049b82ffd9525f33be97,0,6,0,0,787,49,1,4,9358,4598.24
1089,df801074c929d5414b92cc9fc0cc8a2794e02751,0,12,0,0,968,53,7,92,19793,9476.25
1090,e1ffefa86079d232198d79274acbb343ec986f7c,0,2,0,0,94,15,1,3,10636,2098.51
1091,ca4582222e89114e4c61d38fbf973a66d2867abf,0,11,0,0,392,77,5,94,15737,31980.65
1092,959afc0fd3bdd4fa366fbec97ffa6b96d4528e53,0,10,0,1,1044,90,8,92,9394,7869.11
1093,8a8c9c18d37f0c8b219264796c0df4bcae6f4e38,0,7,0,2,814,212,3,55,7866,6851.32
1094,dc1fd84bd1de1be08edbd3ef934fc9e5c2b8b1b5,0,20,0,6,311,171,0,43,48106,44168.67
1095,2ba149f85c94d1f2a1d8833b8b9c3b36c5600ce2,0,4,0,0,70,25,0,0,6842,2751.27
1096,4f312cfa70d30457d967f9585d45a7a0e049a597,0,1,0,0,27,0,0,0,8299,1295.53
1097,d543140089690f4ec877d26981f4ad7908b33d1d,0,6,0,0,1017,453,0,41,34228,9597.31
1098,86635168feaaf9a8f20d01b5fd6c1b6fbe98c1ea,0,3,0,0,30,22,2,3,9448,4193.85
1099,d89828573d3057f669d9b62057e03f5891717eca,0,3,0,1,272,30,2,47,11092,4842.5
1100,a8e4bb81b2e7c5c79273ef3ceb1af86ae8e4cd68,0,7,0,0,97,375,9,49,24866,11565.62
1101,663e7484c04c197eed53f10a7808140f1c955277,0,17,0,0,1858,200,8,116,22056,13248.89
1102,8a3e64c77f73998326e9d72df75597bb0ad7b857,0,4,0,0,777,159,5,69,8206,3579.57
1103,d26f05b7f578432b81bece195881f904bbcd3436,0,1,0,0,12,0,0,0,4322,987.4
1104,9c9b3f09ed65520acb6352f018fd739266a0eb29,0,3,0,0,218,54,1,28,13622,2974.06
1105,a7bcdcc0518595b7d94383606ab8e9aa711292b0,1,5,0,0,656,419,6,35,15707,4641.66
1106,01c0dc98bbae6e785435eb48ee0caf55dab7987b,1,1,0,0,48,132,1,3,440,1417.78
1107,43ae84761fa60fe6336042f5367a79436da279b7,0,1,0,0,16,0,0,1,3126,1239.44
1108,5c19b6b7b6366afcda499ee1cb04dbf5bd30394a,0,1,0,1,4,0,0,0,143,1772.03
1109,10a0eaaf0a5ded24f95d93a1f609320db322494a,0,2,0,1,53,21,0,13,2286,2769.28
1110,a41f808c3cc280c4594edec3a80605a3d63b70e3,0,18,0,0,1155,1278,18,253,32855,15362.5
1111,dfb8369c2918c3377a4e0bd77c67bd0513518d17,0,2,0,0,500,6,0,2,5459,1944.2
1112,5a5473b29f8892ac380b6d8c468d54a3a51f316e,0,2,0,0,182,18,0,2,10802,2369.45
1113,c9a1d4dc3341511e24d1273c9f20783ff847e037,0,1,0,1,4,0,0,0,466,1372.55
1114,8078e16015f2e8ec4fe1abedcadd23a4494d8505,0,1,0,0,12,0,1,1,20324,2416.15
1115,2887bbb33cefaac0c548eb2450a1f8e3e60f5ea7,0,9,0,1,3094,63,4,222,44764,12513.77
1116,ad06a087131d69d173d8e03dce5c97650a530f2e,0,13,0,1,312,343,2,45,62649,18883.94
1117,ded304e6a6e74742f6f4a35989f762dcefa234cb,1,2,0,0,374,115,5,135,1811,2355.89
1118,557ffe2101325438f15dbb218128d327984ecb11,0,8,0,0,718,21,1,19,15345,6231.82
1119,b7887f31fbe28d35005abdc439b2771b58c91225,0,2,0,0,97,100,0,3,13544,2480.22
1120,0ef9c6f71a4397d60a024a9de6695d6e5f764c80,0,5,0,1,244,0,0,0,26703,14490.95
1121,e074b5816a1e9632c4700d1adc639a2bc0d897b9,0,2,0,1,24,0,0,0,2581,2205.1
1122,4d5600f6c714732d16bed29f0bc210eb72901545,0,5,0,0,62,201,3,16,8260,11136.8
1123,0603447f2a9db7a5a40850de9ba85837ec4940aa,0,3,0,2,380,9,2,10,14242,6050.63
1124,a4f30ff53c10672ec9ad847b4892f39e94fb1bf8,0,0,0,0,0,0,0,0,0,329.61
1125,820b5495caf032983f6bef2c1cd95af44ed7fa10,3,5,0,1,569,51,1,32,32601,14002.01
1126,a92313f7bd03904a7fc1b24265adf10a4e02baa7,0,2,0,0,83,0,0,0,10924,3490.57
1127,aa42e2161d4458aa4b51fc807784d6c3693c868a,0,1,0,0,31,6,0,0,1784,1088.65
1128,4fde5c01901b6acb4363747d01603664a0283fc4,0,8,0,0,1198,29,0,26,47199,10484.86
1129,2d5334931ed569e11b293a49fb7f475a09da2616,1,10,0,2,396,892,17,86,49902,11530.79
1130,163577f905f24d0ed297b5813114554391589016,0,1,0,0,24,0,0,0,223,613.63
1131,ba2ee1d7fb91462c861169224d250d2d90bec3a6,0,10,0,1,683,690,10,218,43775,10992.07
1132,0e796b61e829c4bf763caf13b0f53cb1bcefdeee,0,7,0,0,178,220,8,36,36553,8669.04
1133,9e26fdcda7957962088f2c2bef2b3ba0324e6dd1,0,10,0,2,1061,87,7,87,47298,15048.49
1134,fd7de4c4eb3906e8e8a2631599dec78ff021d6c0,0,1,0,0,3,0,0,0,2315,1257.36
1135,1b3b09d94794622e8336220d897a1f10c4654677,0,2,0,0,144,371,12,196,10561,3484.22
1136,7604a276a7f0a2719b173511b06aed7d8a9cbd7a,0,2,0,0,332,2,0,9,8637,3081.95
1137,07e0d7730d32be0ed2cb16f8e988115c14d75075,1,4,0,0,419,207,7,165,23915,10678.44
1138,d174f574bafcfefc635c64a47f258b1ce5d5c84e,0,9,0,0,129,221,7,55,40722,18975.44
1139,7ee5ce3176a74d217551b5981f809a56c719424b,0,4,0,0,314,223,7,168,31747,6715.49
1140,e0ce1b247550c6c89c292fb328c91d4b091a1473,0,3,0,0,73,377,0,3,7273,12889.97
1141,3a698e6aea4c1aac520569376fc0ef87289ff7a2,0,2,0,1,906,3,3,5,9718,3268.82
1142,1734215a10fd93e38849ed0235b5e026b7f50f83,0,6,0,0,172,97,0,8,33806,6215.86
1143,c013142a12692df90f3b3bc5878918f2c9f8c55e,3,3,0,1,461,12,3,69,8738,7391.48
1144,be94bf6b57895846853d3e0ebc5c33b4f725ae2c,0,3,0,0,773,177,1,46,5199,2548.4
1145,db71de2e11cfa56a254ef4c92fea5ef4f8c19100,0,9,0,0,303,206,8,166,29675,34416.48
1146,5120bfca0adedd57e879a72d989de124fdb84838,0,5,0,2,1607,225,6,110,4578,9726.63
1147,3492ab6de03b034f3fb6bd3f7b13f48fd82df717,0,2,0,1,2,53,0,0,4106,2696.9
1148,099762a0bc960066f8157fdd1e495b6752a6f802,1,7,0,0,839,176,25,176,19027,5788.7
1149,2116d0520e528c44fa280f2a5b28594c6d6fc28a,2,6,0,0,1163,168,13,223,47416,8326.14
1150,320c32a2895e0e63b9f4d55da8c11ffbb3e9227a,0,18,0,2,707,698,4,73,56809,17232.17
1151,ecbb41923cb4a51c09f346b39d554bb7bbc2384e,0,2,0,0,285,9,0,23,5659,2152.48
1152,6f80a2a76c7bd19b62b743e6b2ab681a8f0b9c82,0,5,0,4,590,4,0,3,1741,6237.75
1153,9bed64a6fc84f640c7bfded6228b4d7fee9ea45f,1,15,0,1,2750,144,8,50,62546,20676.91
1154,d66f9e8269424f588180f2659c8cf132a2a7dfc9,0,9,0,1,665,1638,54,363,18354,8558.6
1155,1253e02f6654bd05ab063225208dec0324691fc9,1,2,0,1,2101,635,18,181,1645,4210.42
1156,d6af50719961be7052c9f363110ebad26e5937f9,1,3,0,1,218,148,4,25,8318,5221.65
1157,7e56bfe40589a1aa9b5ef20b342e421823cd0592,0,1,0,0,151,62,7,120,4631,1624.21
1158,9047eb516261b8c9c380d140a43dfdd5d701dee5,0,7,0,0,565,714,18,163,19977,6559.6
1159,2b8824853be05f2aea9f9bcc1a8a2dba52871b65,0,1,0,0,24,0,0,0,288,743.53
1160,1634e980af422c0af2f7c9c7280a77f2fbddc9c0,2,3,0,0,444,114,13,124,18388,57412.92
1161,571da54179f731eb8421ffc681169799588f76bc,0,9,0,1,872,1337,11,156,40739,11116.94
1162,64fe19e0d4c1eb78982ac6103a00cb338eb8822d,0,3,0,0,299,88,3,46,24288,3572.14
1163,cbed126eec1f1a1bccce6ad77005cbaa0bf816d4,1,4,0,0,264,232,1,5,28662,5175.14
1164,c0a8957c2bc505789df6be70be8665cdd4e4f649,0,4,0,0,330,59,0,11,15064,3543.62
1165,1f4b135b1f9c6aff1dab4fe749126ec814f8387b,0,2,0,0,206,473,9,33,7028,1692.26
1166,6cc49f1a8b72eefb91e405d7bde0468906c1819f,1,3,0,0,141,28,0,2,1642,2514.82
1167,bd239a8d97cd98d7c3515882828d6cfc32de57ad,0,2,0,2,448,1,1,5,1807,2621.23
1168,df2fb006b28bf1907fe3c54255e5f6bbb7698285,2,2,0,0,553,147,11,295,23705,4512.56
1169,103eff1fad9dc947c5c078f829044cff2da6139b,0,2,0,0,2323,201,9,139,4908,2761.61
1170,8114bcc6d35a3036cd03f87f15d841c4636c8cd1,0,2,0,0,215,77,0,20,8180,2415.95
1171,22a78a75b4cc700464fdbbe84eff321b8460f70e,0,3,0,0,832,109,7,361,8435,3468.85
1172,47ae6831e9d6331df3cb43e68513228d2e7cfd5b,0,2,0,0,44,5,0,0,4595,1408.09
1173,cbbaa93ae09bf5cf643263faf78f99315c4f3a8d,0,20,0,3,4539,604,50,564,53512,18172.07
1174,b9f965de120b5278ac84a7e98aecb32aafde4c16,1,24,0,2,3833,1180,34,521,58814,90230.91
1175,0fa9c7a825f444d50c89b986bacea7a547e4ab8b,1,18,0,0,1661,4442,88,831,54799,13978.03
1176,7b70a688ac030824a75ddaafab8643c8a184c7b9,0,2,0,0,381,0,0,0,2398,1421.69
1177,36c5fe9961a905385282d1a05ced08c83684dd02,0,8,0,4,52,410,1,5,23370,9093.74
1178,2c15726999c45a53bf8ae1ce6b9d6fdcc5adfc67,0,3,0,0,289,3,1,10,18912,3821.11
1179,f96d0a358529c4a49eadbb21c2423887dceb1141,0,6,0,0,2313,392,38,512,17881,5633.43
1180,251b485af5599d2cd8ba241388b5bc2713cb6645,0,6,0,0,40,40,0,0,14341,15052.47
1181,93872b58e50eb6ecf65544cc9e8aea5a4988e19b,2,11,0,0,2452,232,7,195,59124,12148.94
1182,6a76ec14ade3c3f819ba3a810cfc344f795ff77f,0,2,0,0,136,0,1,37,8966,1862.1
1183,d3949058b84c393413ffea11de5c81ab8ad2ae3c,0,2,0,0,256,14,0,0,3243,1411.82
1184,18e731074e327f4396f729a857576d7f9bf99028,0,2,0,0,39,559,1,3,6154,1672.29
1185,43295b9f7b8615f0f5d675f191f4500c35e5e552,0,1,0,0,38,30,0,4,13131,1728.18
1186,5cdb7e5ce7f0c3129749be8f29e2f11c0e0f2269,0,11,0,2,585,1502,27,693,53779,36129.09
1187,6d4a0915676b8185a4727a10fcfeb40aa24cacc5,0,7,0,0,89,314,4,36,21245,7433.86
1188,837e17b2eac1471d93e2eff395272063b265fee7,2,20,0,1,776,429,14,171,47195,17524.13
1189,eae2a304624ee6caaa8591999752be2bba2b89e0,0,3,0,0,421,20,1,14,7991,2324.99
1190,2d4097840c29116e9b000c158ce841d27863ad6e,0,25,0,0,4217,298,17,230,84858,21619.67
1191,3cd17b614e9436d06cd9b4ccc5f9cf59fbe1cf21,0,16,1,0,646,1064,9,79,55183,16242.51
1192,c9db06f2e4d1c1f71f021d5070323f9fc194cdd7,9,20,2,0,881,2018,22,215,46020,21368.14
1193,6449f524552f8c24d20b314ad21f6c579fa08e85,0,18,0,4,544,1167,10,202,55924,119741.29
1194,82b218c605add2f5cf01c5aa21ab8c55fa5967fd,0,3,0,0,95,50,3,26,24463,3291.04
1195,91c28d440952bdd50f10ff2d892182b8cd7a8065,0,3,0,1,30,2,2,4,4088,2324.13
1196,9a4030e0e84a688c12daa21fe9a165808c3eca70,6,31,0,3,4818,1547,39,247,77400,25451.93
1197,b71d3868908a49c1b2e353afea795a76dfb20f7d,4,10,1,0,3340,373,19,348,35925,9236.86
1198,fe3584aadfc7839abcd03239e4d07afd12b8b90f,2,21,0,0,3883,268,14,267,59935,14258.54
1199,d12f465c674b3bb5102671b6d6c2746261602d7e,1,6,0,0,757,99,9,137,12700,3985.25
1200,a1e6df6bc4e26a29a05d5d292f2a68bf8919c237,0,1,0,0,17,0,0,0,3219,4842.49
1201,12e8ba804f9454d9bb07099e35ce7ef63c0d4e1e,1,6,0,0,578,263,6,62,31877,6541.32
1202,5988208b7d2fa3c0378f17fe67ada99a25342829,0,10,0,0,1437,1988,18,93,17436,7785.87
1203,481b6cccf0493cb3f740b119552bede0f7268121,1,7,0,0,810,172,5,109,21065,5406.58
1204,2372e394dd99d69d396327d5a5e172953a8b8c6a,0,7,0,0,458,365,20,302,42987,5873.26
1205,bbdae834d2ec26b329b48b4c9343ebb182a63242,0,6,0,0,676,132,7,151,11838,4566.72
1206,e7db60fbfcc222b32d610ffd912683494674ad2f,0,10,0,1,1679,540,49,259,21486,6908.34
1207,61a262757ca70f30956b467ea8e40e73bf7dc634,1,1,0,0,389,1199,25,318,20406,2664.76
1208,24d96cbcdb80a2de4ada7aa70056a481da24fcc5,1,15,0,1,5100,1160,43,668,56972,13644.74
1209,ef8dd606aba790a097f499dcd3bd129d385a961f,1,2,0,0,154,79,3,17,8250,2558.45
1210,e28edbffe15e9d176d14ea2af8d9460d807b3fc4,0,7,0,1,266,208,3,177,26834,6915.53
1211,4525c4a25ba90163c9543116e2bd54239e0dd097,0,19,0,1,2415,4250,55,819,78904,26856.81
1212,3d46863e12824103306902bbe62ee1f1535bd2a7,0,3,0,0,133,11,0,14,11624,2495.43
1213,90c3700c5286cf2a5dcc850a386e2c674eb13acd,0,2,0,0,116,0,0,0,7703,1591.11
1214,4f7d921324c7fa9623c34688e3f2aa57fbfcb8b3,0,27,2,1,6193,1733,71,1132,60495,19259.73
1215,6bcbf492a2397db38c69eef427c62b909a0ac9e3,1,0,0,0,0,0,0,0,0,643.82
1216,02e6b72ae148fc8c2ba02ef624536b9e48997b31,0,34,0,2,3251,3494,78,722,81977,24019.85
1217,d9e2514d21c2ae356ee7fe8d4a857748b5defa4c,0,16,0,0,1726,674,20,211,41774,10432.87
1218,14eaab677821a5d2686b293c4806305e0a331a1e,0,3,0,0,989,93,2,50,3199,1863.83
1219,fac3883188d9c4f1fe188d98f88cb3c83b243bbd,2,18,0,0,1923,1989,29,191,53196,12896.79
1220,f29fa9e820e25730d00a1a00c51c6f11028fb5a7,0,16,0,0,2664,176,18,193,49662,14926.63
1221,cdb292f44caff9763631d9e9bcd69c375a7cddea,0,2,0,0,499,1135,4,517,21726,2520.34
1222,0deff1727ec4c82bc8babb63e6422be3fcd076f1,0,3,0,0,170,0,0,0,5342,1872.72
1223,59e968a114dfe1b513f31424211116f23525def8,2,7,0,0,1004,14,3,59,17286,5603.63
1224,7e2d98da4080d40f3f772c87ef6619628c90a922,1,3,0,0,546,18,0,22,2404,2261.86
1225,e2a618e1cc3fb99115547af6540932860dc6766e,0,10,0,0,2644,397,10,245,46918,8010.17
1226,c7cf85ccb4ff2f58839e113f1baf903a468b606d,0,24,0,2,1451,531,18,170,46808,15064.12
1227,2e02b926644ba80243ba7421cb609133db41d583,0,2,0,0,220,1075,9,220,22952,2698.73
1228,cfa86e611077e19064568a35a191250a57c75db7,0,5,0,1,709,47,1,18,15187,4532.05
1229,b1333e5b561d01a010e2e1311e8501879f377bdc,0,18,0,0,2078,774,20,493,66858,13319.41
1230,97ccd64401569a8cdabc40c5897e34a03ce4bb22,0,2,0,0,1043,197,8,60,5435,1933.25
1231,8a4f03cb7028c86578663b8d1f1a4171c59c1e52,0,2,0,0,13,24,0,21,6445,1482.31
1232,94a22114b9f5ebc59dd83e4d164472bb710fee53,1,2,0,0,58,44,3,13,6414,2103.62
1233,140076fb5777f5db53c005b117f32aa3056405ca,0,7,0,0,307,29,0,5,6887,4107.62
1234,c1fabc5e91924f43859eee6b6f6282a1e7c056f1,0,1,0,0,291,52,1,78,1717,755.64
1235,3b3ea5c4220e674064c7603a449f63904c10bac1,2,20,1,2,1833,645,17,155,35999,14610.97
1236,813e97494aff39bf8b72f9a32c5a157345f7543f,0,2,0,1,178,681,6,27,8699,2084.09
1237,3bf09c51501a23b7fa28fd0a0c4c0965858d026c,0,9,0,1,970,1607,10,648,42029,8482.57
1238,bcabbcdf4cf7b4bcda62d74b06c9736bc55f6fc1,1,10,0,4,631,1453,18,162,21186,10068.36
1239,807e08334eb51e3ef97caf00444e19b686164501,0,3,0,0,247,1,1,0,13177,2221.85
1240,415d03831914c01176b63fa3d7cd5fcff165c7fd,0,2,0,0,93,73,0,3,2082,4776.86
1241,c2003ab56b39c370678d7f6fe0b7fd3d8a7d0be8,2,1,0,0,606,432,12,66,2986,2032.99
1242,9701555899315c94584b24d8717c1d7540a4a491,2,12,0,0,2177,1082,56,554,29882,8408.98
1243,993a76f2dd1ca75194b857f01bebba548b963318,0,2,0,0,312,2,1,0,4707,1188.22
1244,81192e4e415d359ca832eff50d6f64c3da7acb73,0,3,0,0,352,0,0,1,5832,1999.6
1245,694a6721316aea14c1244447974231abc8dff0cb,3,10,0,0,1154,467,13,172,28605,8477.9
1246,1611b51a9780d18e76c0e9f9777bfae6ee70df12,0,8,0,1,972,280,5,26,23050,68513.13
1247,9602869d19a323cdb9396cb52ba9bd818d21a7a9,0,4,0,0,1290,18,2,39,13180,2759.21
1248,1096917649fd951be633e5619518764f23cca645,1,20,0,1,3051,711,24,505,61308,22360.84
1249,329fb1f4334567fe072de213b1b1f644edbc31e4,0,1,0,0,8,20,1,9,1946,989.18
1250,ef9e1ba76357f6aaa5489ba1d5ed40ffff40a2cc,0,1,0,0,1,1,1,0,2317,780.52
1251,9c26c28c8789c3f37a8ed62a73b15dcc19f00c3e,0,1,0,0,4,4,0,0,13196,1315.57
1252,75ef1b4845c8a3f9b01d3c5254163a12ed7235eb,6,6,0,6,214,72,4,14,7497,10899.18
1253,ca848beb533790ae8abb6498f5d4676594fbae4c,0,4,0,0,1296,51,4,50,17727,3188.78
1254,a9d515aed870535ea80500c6dac7612720774cda,2,3,0,1,207,48,1,33,5231,3307.71
1255,425f495591fde2b103e1fc76f6284d55009878f4,0,1,0,0,19,0,0,0,123,486.65
1256,e73db451850b417e6d5719a4b7aacd5e4601409b,0,1,0,0,54,7,0,1,1289,695.3
1257,fd1000bcefa07992ff5c6fae3508f3e33b7955c6,0,2,0,0,283,1040,36,649,22882,2605.2
1258,f863543206a67ba295454609d618e16f91309b84,0,4,0,0,569,21,1,13,24455,3551.06
1259,9c6a7bebe23ffb85d7fd95607f3b7bb4fe82dbe4,0,19,0,0,7152,426,12,113,44476,11633.39
1260,d13f6ebe20aaf5ec31c4298db3e2e761f72e906e,0,11,0,0,1815,276,8,292,44228,11607.27
1261,38bd7061c1a8408b74ed619b25f948cd3cd85d7a,0,6,0,0,508,75,5,42,16641,3780.99
1262,9280468b1acfa346250d0212b5cb7486dc83705c,1,10,0,0,238,1775,1,50,49136,8382.13
1263,980e6c54bab4ffc87e168cd5c217fef44c72a878,0,8,0,0,6567,6992,150,1657,36589,7690.18
1264,16cc4a6e867eafa9127250364d90f00e2ad28ce0,0,2,0,0,169,6,0,17,11072,1956.66
1265,92e0416ced279a910616985bf11fa3f8b1b1de9b,0,17,0,0,8494,3024,105,1631,51768,13672.77
1266,0fa5cad0b27780c27a284c23101b1099d4886506,0,16,0,0,4446,273,18,251,46387,11162.17
1267,16ef8dd3a5e782ee9546ba5a7232f55fc3fe5c0c,0,1,0,0,60,2,0,4,685,617.74
1268,36f43dcb4fad97f63fa53c5f7189be15c447b85b,0,4,0,0,476,31,0,6,14774,2892.37
1269,d2495d553f8ca4af64fa70224ac96d2c3604600e,1,4,0,0,1559,27,3,44,7568,3822.65
1270,a5ae562d700a668ed5acc2c148f8cca459a9c9f7,0,3,0,0,70,12,0,0,4592,1744.08
1271,75b4231a8cf7c7d569111d3014d45585caad99e9,0,2,0,0,2144,3300,70,1033,16784,2646.2
1272,0181ce03afebdf6491b8ef1576e9085fbc209251,0,1,0,0,151,22,1,32,2129,874.76
1273,fbf10b26045c512d362f05718b4fc310d6a95a79,0,3,0,0,146,35,6,13,5465,2024.97
1274,3e00835dadabdf10295803c972d8755cc5afe93e,0,6,0,1,505,8,0,9,12930,3980.73
1275,ce7e5565f41eb23975eee1150e00a4cb4842a727,0,3,0,0,683,1111,1,249,26552,3011.32
1276,3704e091a8d6c4181dfb29ac9d950e997b1170c0,0,12,0,1,227,73,1,120,38619,9115.49
1277,3a3e0f573129c8308332d4b301a9319ee579d85a,1,20,0,0,6375,2146,74,1468,84431,14901.95
1278,2542d69d65544bab75052a0b9c97a720f3c80cd5,0,3,0,1,452,69,0,21,8784,2515.15
1279,98c0421fbfb8dcb123aad2a9077d1f0e5390b5ce,0,13,0,1,2129,170,2,126,56595,75889.05
1280,6096cb3435f75bc312502c9d2701448979c95a5b,0,7,0,2,546,1309,18,83,9757,10269.89
1281,72d783374c1e302492d7ce537222b563241038bb,0,9,0,0,1288,556,8,186,14057,18706.13
1281,72d783374c1e302492d7ce537222b563241038bb,0,9,0,0,1288,556,8,186,14057,12406.06
1282,424b270c94297b00a850e7a821163b9802edc7ae,0,12,0,0,1364,422,19,95,19269,13950.76
1283,41312abe841e9be79f3dba0957bc7261c880cf8f,0,3,0,0,59,0,0,10,4947,3474.71
1284,3ad40e9dadd6469cc3fcbae01680a7c64a4262f7,0,1,0,0,44,0,0,0,915,1090.64
1285,a18fd620d070cf8e84aaf80d93807ac9ee207a0f,0,21,0,0,452,276,5,174,55971,25035.51
1286,a96780013e5e745285b7753322b3b47cbd4a0caa,0,2,0,0,1327,421,15,72,837,2441.74
1287,1161ceb2c95d4913334d10aa27b083c55644d644,0,3,0,0,414,11,0,2,14613,5102.9
1288,4ed1fc58c0683bbcd5c4c211ea162ed37bf7dc4f,0,9,0,0,914,2,1,35,19425,9022.21
1289,09593530fb6ccb93fd123f9497b93f7ec733210f,0,5,0,0,1075,13,3,21,17458,7373.62
1290,f7af4a014c0ad11e146b7cdc8e5436d4f81cd8f8,1,2,0,0,95,4,3,23,4944,3558.9
1291,98a692fd6361365db4afb9523a5d83ee32774112,1,4,0,0,1125,19,3,61,21261,7452.76
1292,8c62c46046656c01b327c378e89d57b4bf37e16e,0,22,0,0,811,13,5,87,36713,25164.47
1293,359ea880169e4f58d279792f6c9b31a862226a4d,0,1,0,0,339,0,0,0,4417,1920.11
1294,4bb72210c266707806f3ce3e974968a9a137b25b,0,2,0,0,13,72,1,3,12573,3652.78
1295,973017cab7bbdded68a0c74b137ab52fbd7d6d83,0,2,0,0,2512,12,4,23,13169,4599.78
1296,01f27f5c23fb6286c0e97156d1f09f5f5350aae5,0,4,0,0,244,6,0,31,7501,4539.32
1297,a0abed41a02bb1b791b57dd0d78759d713c4ce3a,0,2,0,0,102,4,1,0,5585,2330.72
1298,bf99961d67bf59dad6a861655407f9e0a5f21aa5,0,4,0,0,480,62,1,24,25424,7359.02
1299,131bfc91a60481b95fc0eb89ad6b4bcd1c841c3b,0,2,0,1,110,27,1,1,10347,5140.03
1300,85623a2d75c5f8855228f1c3cc46b4d5087f5833,0,58,0,51,1714,450,22,562,69286,100897.55
1301,a7bfb25d2bbab0a329712d1efb143edc49a4076d,0,6,0,1,1558,325,6,29,22099,8939.91
1302,4c13c986e1b93c249653f4aa162058f7cd86b98a,1,0,0,0,0,0,0,0,0,1048.98
1303,4ee1ec21267de6ba0837bcb0c04ec5ed272969f5,0,4,0,0,0,584,1,3,13430,4270.37
1304,81712036921bc322b03b0178f1d0a6975ad8b7df,0,1,0,0,23,41,3,5,811,1028.13
1305,496b80b28c35dbd52d3d919d16f4c75983f81a79,0,8,0,1,571,118,5,78,16075,9918.26
1306,d46e1608626c64400d2b6c7693a4c035783c55b4,0,14,0,0,1253,252,9,185,43503,17734.14
1307,8ef140d38b16a18050e9e7901e8aadd424aef20f,36,0,0,0,0,0,0,0,0,26734.61
1308,cb11d68f409b7dabfc1f31c43f026a905810ed01,0,14,0,0,443,25,2,114,30790,14925.9
1309,8e23270e0d330e02ae6e22f17d3527136b7ccc71,0,1,0,0,9,0,0,0,834,925.36
1310,8e0f166cf3386b63995bd712b497a933d2b68c11,0,2,0,0,343,18,0,11,13738,4193.74
1311,390eca2cdea5a83ea02e4c795d65a506e6a00039,0,4,0,0,1037,17,2,81,48823,11368.05
1312,7e1744ccf9a9b5b035afbb182aad123a1d1d357f,0,3,0,0,320,24,0,2,12594,4144.17
1313,4cd605413a4e82375a2b905075cb067b93ae1a2e,0,1,0,0,9,0,0,1,23461,3153.38
1314,eff5e6da1da0705a30db2dbe4de6847c3870daa8,1,0,0,0,0,0,0,0,0,922.24
1315,4d63b7a016232d3d816e9a0229a029a07a06757a,59,0,0,0,0,0,0,0,0,41650.41
1316,364b379cb84ab053d5704e2f761ebec27fd54cc4,0,6,0,0,150,52,1,11,21946,7255.99
1317,1c309f763be3dd2e3d7d1616d2c960ff80cf9b03,1,5,0,2,136,51,10,86,14455,7537.78
1318,57006e1c8c9df24ca26338b7e3dca745e301218f,0,4,0,1,678,29,3,13,5550,4511.48
1319,c68b1d1b31e304c27e419e810ded0fc97e435ea6,0,16,0,0,454,355,5,169,50188,30845.66
1320,c02953dbc344b39e0eb0d13fe2d899cdcdc46380,3,18,0,0,936,222,8,87,51853,26064.29
1321,6ecf78a99b4b10d4c569cc2b335060ab988b8001,0,13,0,0,451,6,0,28,37162,14286.38
1322,1087be1df4707bbadf8b25735513e140dde883bc,0,2,0,0,345,0,0,0,9150,2362.86
1323,ca35235b04b7eb60635a62a0f517d214adc32ba7,0,2,0,2,42,3,3,4,2683,3553.79
1324,03601136dda9ca4bc9caf58b63f3cde6eb1d797b,5,0,3,0,0,0,0,0,0,5730.7
1325,1773893c9a7c71877391e0d2eddea2dd713bf010,0,2,0,2,94,2,1,13,1248,2972.2
1326,750442812c78ba97b71e0f20c7f07c9915c6e841,0,1,0,0,148,0,0,0,2044,1285.38
1327,feb5b9641dcd61781d94c37af267a068dc916e5c,0,1,0,0,77,29,6,16,3234,1478.56
1328,ead7fa0413fd8aacd6d93697cf398ed17c30930f,0,3,0,0,178,92,7,96,27618,5588.51
1329,6735b70b4ab618d4ebfb5a863180d14be9b8b2b2,1,7,0,1,516,473,13,414,12716,8031.61
1330,05fd0a706aedfb83222a48e4cd110b1897c4b3c5,0,2,0,0,84,1,0,0,6590,2431.11
1331,5428bfbf53d264cc3c67b39b94c30a93cc4578c3,0,3,0,0,664,33,5,27,5816,3406.64
1332,ed70fb1608e6c81314da83daddadd756394fb87e,0,6,0,2,913,0,0,1,25502,7595.76
1333,6770de7ec4f73e16740f1723f4e35d2fef2c22c8,3,22,0,1,1873,252,12,224,101969,172143.84
1334,58d75576c4d2a03d4954174bc223ed0334b34fee,0,20,0,6,600,821,8,103,17781,23220.17
1335,da8e962e39bd41b73b53966826c82e741b08010b,14,11,0,0,1647,68,2,134,47795,25606.85
1336,2409882a47327f245ecd920c12e4de98fbf6a10d,0,2,0,1,1124,21,1,31,5733,3861.38
1337,8767e4cde172b6e6070e3fd45325ede617b99343,1,5,0,0,3380,124,28,459,22615,8173.08
1338,b47df4e3b9089ad84185dd62693ae363ac994358,0,3,0,0,308,87,7,60,31988,6216.54
1339,0880be20acd9c57872b511b46e23ba56a051751e,0,1,0,0,13,0,0,0,3243,1450.51
1340,afaec5f52d1abf889cfb091d29119fbd191d9a99,0,3,0,0,98,11,2,9,6764,10223.01
1341,32076136f7734cb5ca008f10c2088ccd81c2ca99,1,2,0,0,67,0,0,1,14732,4525.96
1342,7e2aba0ab594f6939b47704f1087405c3d1c089b,0,4,0,0,161,72,8,106,16035,5110.36
1343,0dc5824a83716468a88bcd669ed24fc19871332a,0,1,0,0,199,2,0,5,13547,2443.02
1344,9ff01d626118a97ea4bf2fd72f022e11e69ee17d,0,3,0,0,4971,1228,74,887,16132,101764.65
1345,313dd0250543177752ebbad7f7f6a6bcf3a8ab42,0,5,0,0,220,96,2,50,49550,9250.21
1346,febcf4d66969521d33762eec3c9a884ab77f8162,0,1,0,0,0,0,0,0,1629,1138.47
1347,c1314eb2a382bd9ce045a2fcc4a9e5c1fc368a24,4,29,0,5,1367,227,29,366,80648,41056.15
1348,11c073134afc878619c37c95935d6a3098a21f17,0,6,0,0,448,93,4,50,42173,11086.29
1349,d35f66f3f0a0b2ad084445c6d1c1cf1aea8fc8bf,2,7,0,3,111,25,3,9,1934,9368.45
1350,538653d94cd34b8d6304826302e8a6be09364b7a,0,5,0,0,838,54,2,18,25016,6869.46
1351,a0a986dda77ea03dac9cfc7e0631bae611034ef4,2,1,0,0,44,27,3,33,10444,3340.5
1352,f138ae68f9be0ae072a6a4ee50e94a1608c90edb,1,2,0,0,123,22,1,18,25070,4743.31
1353,1b531c1dbb452a6192fad411605d2baaa3831bcd,1,6,0,0,1035,28,2,79,53654,10715.27
1354,7723b139d55fc2c3954939559cb4914046a0f81c,0,8,0,0,306,8,0,10,33302,9932.69
1355,215d6331d6f9cc7634bb933435a0f3dc42f53eb6,0,1,0,1,341,1,0,1,574,38958.44
1356,8c7a7e619699386f9e6991842558d78aa0c8053d,2,26,0,1,3234,914,36,858,123480,54782.13
1357,9ad19eec6f20530c9f2b9b80ee858ac9ca02827b,1,5,0,1,525,77,2,19,14102,7669.81
1358,c04a7d974aa5ae2589d36f63c4ac45fb42cd1b80,0,1,0,0,29,11,0,0,1838,1139.78
1359,ccdb978603696a91c4828a66aad27f585543b376,0,5,0,0,1642,115,0,30,23824,7275.49
1360,95f9a515aac3c19e14a39539f490203f5867dcc5,1,8,0,5,1891,1397,11,136,25861,20874.13
1361,2a4031940c6ffe16f38164316305ff531142aff3,0,6,0,2,874,0,0,4,19219,8014.17
1362,2f988135e32d424948a37153a69af775c6689be6,0,2,0,0,381,0,0,1,9500,2907.34
1363,52ccc6c6d539d0587c3fd9693709bd1f6e12619d,0,10,0,0,458,77,12,67,39886,13428.58
1364,36cedca874f21a37b5f69e077ea63484e1913a68,1,1,0,1,19,4,0,0,1170,3049.55
1365,49a892056df7d73207f7a65ae5b4b905ba5e6ab8,0,2,0,0,253,8,0,12,2165,2372.8
1366,9cf82b6a7b5742802c451e53af7ec718f74ee58f,0,1,0,0,141,31,9,37,6606,2097.21
1367,97d04ae132135bdba276759b89cfc60851f4e6a0,0,1,0,0,12,3,0,1,6130,1564.5
1368,8172215e5601c3bb03fb5c0a0d88768142ea5087,1,16,0,0,286,81,0,22,26764,18011.3
1369,02b19e0738d9df1e4d38280c5575e1d3ba49f8cb,2,4,0,0,349,0,0,1,28058,7718.55
1370,10ec8a248ecbe37e52f81b13b939174eb43eda1f,0,2,0,0,214,1,0,0,27752,4205.45
1371,8d21926c2613062149d07d238022f993af4c9c03,0,3,0,0,755,0,0,0,16970,6680.29
1372,52f0259502de42e433588c299339bf5cd4ba1f8e,0,3,0,1,276,169,11,109,13004,4662.66
1373,214d4377fc151297c85b09273dfe8fdddae40d3d,0,3,0,0,621,1,0,29,20886,5342.03
1374,782191f1ba27e0ff0acf3c6cf8a88df00274d308,0,11,0,4,1736,91,4,200,22934,14540.51
1375,6fd8766a514e9240a63a4e5660a2fe1646dc609b,0,2,0,0,3018,39,1,59,9218,3224.05
1376,6f699e8ea5d8a48c3daaf8dffa2292ce0524cfdb,0,7,0,0,101,233,0,15,23476,8837.2
1377,920b4cc06f1bc15809902bdd1968cc434a694a08,7,5,0,0,2935,84,2,8,38593,13924.57
1378,e588ffe3c09c74c94eb6bfc3071310191fbf9e1f,0,2,0,1,670,128,5,37,1854,2715.57
1379,15632cd76f12c2f7df50d0df4865fbe3d8261597,3,6,0,2,968,104,0,231,11806,10063.15
1380,b992219fa13ccee2b417d91222fd0c3e8c3ffe11,3,11,0,1,1035,6,0,10,23601,20725.09
1381,73d14311bc847a29c2b8ec30bbfbaf59cd3cb713,0,5,0,0,767,369,5,59,17310,6636.93
1382,395f0ae56782777024590796a6ecd7c0f6aa5180,1,0,0,0,0,0,0,0,0,897.17
1383,39252995c4d734e993e3fa5338e1a7816aee86fc,0,6,0,0,872,112,2,116,43050,10484.51
1384,dfaa2e305d29d6ed714759d65c99836cdb847835,1,0,0,0,0,0,0,0,0,949.04
1385,5d9d702607913685eab0d8ad077040ddc82bf085,1,13,1,1,1398,956,22,222,62402,19940.18
1386,fc14a92c6b46cc435a8f33e6fa0512c70caa06e0,0,24,0,0,3305,1245,29,346,90249,31029.66
1387,cbca1668317f3f2d295eea53d7bd020bda4a810f,3,4,3,0,192,31,3,3,11663,6676.49
1388,f7e3bc553d770ea340ac6ed8ed95e5bd1ebf7383,0,4,0,0,744,218,6,69,5150,3532.35
1389,c28c96461210294d4f98b39cf24e18dde1428e2c,0,1,0,0,106,0,0,4,5562,1368.05
1390,3f070e83b1f4e0211ece8c0ab508a61188ad352a,0,28,0,0,1480,3015,45,266,117629,53614.41
1391,97b7267977ef42201e5844df49bc37ec3d10ce16,3,11,0,0,5429,249,12,92,42554,16346.51
1392,d56d0b46e1b82ae068083ddb99872d314684dc82,0,15,0,0,2290,1689,73,547,55973,17692.2
1393,cd663baf162665904b36ddb9cb14017eb2469d9f,0,1,0,0,77,92,4,20,1123,974.84
1394,5eb618ee1f90ccf901edb5d89be181fad1f67d7f,0,54,0,8,2627,822,24,375,117135,63356.86
1395,a62839195548a632b1b6197456b9adf95127427c,0,1,0,0,228,897,7,36,26235,3342.8
1396,36d0b822ef46fcacdb773abbdd3e81386eb4d63c,1,4,0,0,349,112,1,5,15118,5474.96
1397,f41f8b8842c3f26d19f7fa928070c7c07f760e4c,0,17,0,0,3644,2324,97,796,64170,20907.01
1398,6431192c0ee00ecfe578b270889b0c7a0a9cb8c8,2,4,0,0,268,1130,12,54,44007,9392.06
1399,282be1b38e5cd141ed7e2b2194bfb67a7c2f7f15,0,8,0,0,847,629,7,93,30576,9719.95
1400,3a9cd79e9ddd5a9499e28633ccccdc9eef22b813,0,6,0,0,2368,104,0,30,18841,14540.78
1401,613979c8fdacf25fd563395ecc399c4de94d3ee7,15,14,7,1,451,528,3,94,15748,27031.21
1402,e4374d803663c626de610cd5f062f25a6d7d5d4e,1,5,0,1,637,158,6,77,33785,9814.34
1403,02e0e158a26f81ce8375426ba0ea56db09ee36be,7,9,5,0,2348,950,48,233,57481,20555.51
1404,ede10b8a1f9a4d099c16469f827345cb359cef3d,0,8,0,0,822,31,2,3,12923,7027.05
1405,a56a4b6ef06602312144783b7507bf2b82821e4f,0,5,0,1,199,18,0,33,16704,6295.11
1406,40eb94ade3161d93e7a762a839004748f6d0ae89,7,19,0,0,2485,2078,48,332,87357,144149.58
1407,85c203602993a946fb5f41eadf1cf1484a0ce686,0,9,0,0,496,262,6,57,21223,10134.76
1408,f98c343c7f11c165bcc0f7cdbaa2a3998b12cfd2,0,9,0,0,1954,3594,79,807,59239,15794.96
1409,c16442c45958f6c6a106d2a3949d84b1404a256c,0,7,0,0,716,1136,25,77,1179,5729.36
1410,5e18410e06dd63113c49029894007e0878312903,0,44,1,2,966,447,33,178,26853,39039.69
1411,22b401284bb8448cab672ad411b02805ad613386,0,5,0,1,428,13,3,29,6936,6009.56
1412,e202d4d1548a0be2f5c61ff82be8b52bd0cfce04,2,14,0,0,2454,1019,58,352,58819,16964.35
1413,7a2443e9f8b95816c7df61530cda29e8b040b12e,1,4,0,0,844,35,4,38,13624,18378.85
1414,eb9f1b670726e1af03f2e940ce2696b880964972,0,7,0,0,537,2832,8,85,17527,7539.3
1415,a0d9a155a4a4258f628e927e096ecf6673f788ec,0,15,0,0,3894,1450,33,343,61898,17631.57
1416,4551da302d94cffea0313eac79479ab6f9b7cb34,0,30,0,0,2721,2250,64,816,96157,35190.63
1417,28e3d09230971b32f74284311931525cb7ad1b7c,0,6,0,3,980,573,27,265,5849,6694.26
1418,8f17d645273a30f829bf16f22d8a7c6a9710d627,0,2,0,2,38,0,0,0,361,2918.84
1419,46099ce7f1a1d5aab85d9408dc1454fcbe54f7e8,0,22,0,1,1352,819,41,318,76022,25480.15
1420,e4154fc83a5cf5207861f58f9e06f49f383aef43,0,2,0,2,249,195,7,16,242,10973.12
1421,25cdbdb71a65242b2bc08ca1d61f2c0f7d7ea891,2,13,2,0,1397,566,10,54,16307,13296.61
1422,b99d1604371ea8fa4f2f91e88907ab09dc74c251,0,6,0,0,116,262,9,60,7980,5906.9
1423,703838c59841952757d941df4414aa77d57fe492,0,4,0,1,500,62,2,26,11334,6289.99
1424,af1ac9a5e8d8d97a855940d853dd59ab4666f6e2,0,17,0,1,4067,112,6,90,68157,24274.13
1425,eb2175db1a99348c80457e3ffda172cc461de8bc,3,6,0,0,2855,1899,17,197,25146,9913.74
1426,8e0804666189ce9a66b7b41b744776bad29770dd,0,14,0,0,1736,1556,26,307,48423,16175.39
1427,7317e97bd72ca30f5db37fa94389dbdb52ae079e,0,2,0,0,245,1233,8,106,28137,4700.52
1428,21181b65531449e5fda321c11f0672c3067641aa,0,14,0,13,365,283,18,47,19825,24436.46
1429,caa4abd30cfc4361c7bc9f212a9092840d7c3b53,1,3,0,0,694,52,2,80,4558,3709.85
1430,267a606831f9b958f2d4a8e43b1779d1706fe50a,0,5,0,0,1141,656,15,337,18994,7011.15
1431,b60e18db743b8933d96384942046ea57e725855d,0,7,0,0,1579,338,11,111,55774,11720.11
1432,1fe1942328856dd832e9f94fb56a40ab3d810870,1,4,0,1,582,1530,24,539,31473,8394.89
1433,5c02d2f6225144772dcb975d3144b057b71d6476,0,6,0,0,1509,319,6,77,17714,6759.11
1434,3fc8792b5c75fca9fc4f6cf4b95fb2927c62e624,0,5,0,0,2183,413,10,398,37308,8221.1
1435,f2f5cdb5554d294a29ebf465101c5607fd56e244,1,1,0,0,66,40,4,76,7879,3132.69
1436,8111c3af6b06d6a814e235ad90af5860632d2c25,1,14,0,0,493,130,0,72,35350,14062.38
1437,7cd044b1aa03745180d6cc56f2da09bc6e901e15,1,2,0,0,722,1469,19,462,30990,5730.58
1438,cf0cf0a6910244d929f40842223e7d0b2c9445e8,0,5,0,2,332,52,0,107,32001,8157.67
1439,efe545b0c219eeba61ac5259aee4d518beb74316,0,14,0,0,461,0,6,47,52566,13667.47
1440,a9befa6f0a8a27b49b1e6483e749661f493f06cf,1,5,0,0,178,9,0,13,13834,11679.14
1441,ffe347151e0af39eb3e6a50863c74e35f52c52aa,0,4,0,0,716,489,12,288,45161,21075.56
1442,c46525ef273494086b89cd6e6fa6a5f5e589d8f8,1,0,0,0,0,0,0,0,0,841.01
1443,a19b956975116a7e743f23fc6d465b41d6258388,2,3,0,0,153,8,0,0,3450,4586.94
1444,d61af9781086073152113d97106f708ea1cf6e8c,0,4,0,0,4171,280,8,138,34427,8061.88
1445,f9c08d02ebe4a5477cf5d753f0d9d48fc6f9fa48,0,17,0,0,1611,753,36,341,47248,19204.27
1446,fc99f3e8a3950704acd1a067ba20f96053e44e82,0,1,0,0,23,0,0,2,2195,1301.11
1447,0ebab3a88a5f172a1180f4e88a91cf6194b273ca,0,4,0,0,615,798,27,202,15028,4702.32
1448,b884af72c563403a7264b1a4b42ab58790af72f3,0,15,0,0,2955,3569,52,1122,71799,22053.04
1449,82ed72d1d4f7263449ee75ebbd7d668be9f3bdc1,0,2,0,0,167,1,0,1,3772,1963.35
1450,f39f8c57344ede533ca4363c98230f3a0c401a76,0,5,0,0,590,340,7,143,22659,6862.08
1451,1387fb1394bb0b7241875b2c19952504aa7f60de,1,3,0,1,235,130,3,7,6196,4492.59
1452,222dbfe2ceea2cd21b58e23cfc560d5193d4c499,0,1,0,0,1346,153,4,100,26743,3588.36
1453,05f35518f19d48890770128727289582cca3457b,0,3,0,0,477,42,1,41,11078,3189.58
1454,dc2ee20aec7b3fe1d13c846926ba1b0f02c5adef,0,8,0,1,292,46,0,23,11294,7781.14
1455,5829029154b8e8e02bc6aeb45435046ca080bbe9,0,3,0,0,249,1083,0,24,35413,5503.19
1456,3b91b7dece84b563a4b7cf66c245b7c5ee094578,1,3,0,0,1720,7,0,20,31552,6462.73
1457,7abf7e81512918d780e05070c29ee2ba8736f41e,0,6,0,2,2276,1942,9,176,13980,9499.81
1458,26a1fda51e325377734c90399850ff3aa44b5bc1,0,6,0,0,988,461,10,338,27738,7458.74
1459,9660bfa84c900afd4824feb62d14256584edfb95,0,3,0,0,369,74,5,12,14784,3474.07
1460,d2b7b6589d30f50f86dbef25aeb322f817f037d8,0,3,0,0,270,175,7,84,31082,12229.26
1461,a6250a4943d90c10bcfe9a2a46d6558c6d1a2d50,0,3,0,0,399,161,2,39,6612,4010.62
1462,fa5ba6d977520f1faaa97c55a50a22c98b3ee109,0,8,0,0,356,74,4,47,32516,10289.69
1463,75777f1626449e9f45e6e4b1daee644c955bbabc,1,3,0,0,226,33,1,5,16425,4993.88
1464,a604e3b73bad8b699fe8952aa018bb115312e97e,0,4,0,0,85,20,0,6,18885,4987.24
1465,16c6755554cc5ecd9d4e0ba74b75b10c74bb0ab4,0,6,0,0,935,0,0,1,19101,117605.09
1466,9964a9438687f5bd318e18e447445514d50ab9d5,0,3,0,0,747,65,5,21,3144,3280.48
1467,3fccdec6e0a8e9305fc75921211c3745eddb9c45,2,12,0,0,491,438,13,99,21545,13531.31
1468,f79b3e6b17450e9d34c483046b7437b09dd72016,1,23,5,0,5485,1498,62,605,119664,32871.33
1469,06d24efed0fef706a62b508cefc072578460f4c7,0,2,0,0,143,47,5,23,2769,1887.13
1470,97199baea1c41a66bd2a88bda31742ef6ddcb5dc,0,8,0,1,2797,1528,48,382,19553,9619.08
1471,f2ad787a276902359f964e4b89d8aca8ebb60de8,0,6,0,0,663,64,5,16,23700,9233.32
1472,ec9ec0084eccdd45a8c3e37ef8121fb8bd44ecd0,1,19,0,1,357,304,9,23,19457,16155.71
1473,907fb15ee8c150e5ecc0560b7374441c57a84122,0,10,0,1,1565,245,19,222,51688,16265.9
1474,ce35e0950cef9250ce2ceffb3b8bfcff533c6b92,1,7,1,0,852,1438,5,159,25229,9590.36
1475,9d06631719466679135840d50e55ad62332b3866,1,6,0,1,1212,98,13,142,15454,9308.68
1476,d06a782c1e4243e36b486f66e66cdcc91ec6e275,0,1,0,0,119,33,1,13,2771,1239.58
1477,3c591aa442d342bdd4a0c4abe9a43c64d8ef3e65,0,10,0,0,2201,1317,40,301,52409,15127.39
1478,1c211f6749d2bd4113801aa39ca85ab731d2ef56,1,3,0,2,101,724,7,44,8830,6576.21
1479,70e464500b702bb104eb6f35cf071bdb4342abac,0,1,0,1,2,2,0,0,2781,2394.59
1480,fe67e30bc2794e7ff073cf938ee80eba805d1e69,1,13,0,0,665,347,12,66,67169,45299.17
1481,ceea91c9cd8b2a18be13217894ccf1c17198de18,0,8,0,1,1236,652,20,324,52511,13263.53
1482,620890fcc0fb8680a3ad282b0b7b969277deb766,0,5,0,1,574,1248,14,99,8313,6967.89
1483,fef8f49c5885ba05dcd73e8a02de7c2be5ec3f0e,1,10,0,2,954,1976,10,123,18974,14247.31
1484,4f15d0af4f3633bfa35f7cb7c1cc15ef545597d0,0,3,0,0,137,7,1,3,10541,3461.01
1485,aa002344d0466a62672eae73cdb2bb2ae7c19a72,0,5,0,0,1032,21,1,18,40513,8340.18
1486,efea68dc3538de9aafae206d64903506e41fc9e1,0,13,0,0,610,475,15,179,32850,15208.17
1487,f26d2adbf98890cfe350c17241f5049b89a11e3c,0,7,0,0,1217,6,2,27,55888,12683.09
1488,916ab9286b6006571649d21c74d9ae70273a3ddc,0,10,0,0,2073,523,15,156,33885,11911.78
1489,3cae2ba63fe6f0765d860677a9bd9f1ea158c1c3,1,17,0,1,1377,476,11,76,44368,22158.47
1490,39950cee7fd4a62ac59429ad534c6981a5b24a92,0,2,0,0,30,1,1,0,6329,2270.79
1491,f91a45a96c21db9e5d40097c7d3f5d005ae10dde,5,19,3,0,1062,726,108,274,115417,33551.2
1492,ce68f410b05a58ad05965f32ad7f5b246b363a75,1,21,2,0,1995,1398,12,508,122211,198049.68
1493,8034d04c49376db3c9867f48b426fd06edec18b2,0,1,0,0,116,5,0,0,716,844.51
1494,97acde2d33967f7f870f7dfe96c6b558e6fe324b,0,40,0,1,5199,1701,61,918,115688,33088.41
1495,65ee88b0de5218a07c0f9dbb7416db551584f0a6,0,2,0,0,260,224,9,75,4266,1428.13
1496,d8a23834614581a292aad214dddcbcc4bbe86d27,0,15,0,0,536,458,12,83,21141,9274.56
1497,4a1acfc96fb7d418ff3fe538a3942834948f6d1c,0,3,1,1,252,200,10,51,1206,2131.47
1498,82ff2d3f2e569879500d851f4d67dfa2d02b5c9b,1,15,1,0,1762,492,16,161,68142,13245.37
1499,b6d483b1221296be408df66bc56b37765ce196de,0,3,0,0,763,22,2,21,11286,2493.36
1500,13edb391d06c479720202eb5ac81f1c71fe64748,2,27,0,0,1908,1807,74,550,108652,27468.8
1501,2214871d916fdcae62aa51afbb5fd571f2808745,0,22,0,9,1917,1223,34,399,44936,31285.49
1502,8df119da214babde03e73243c7ca4cfe6d0ca562,2,11,1,0,561,132,4,51,46574,10555.92
1503,5ea533c2bfc72fd3adbfd972d18806fbc397e0f8,0,4,0,0,955,13,0,54,18832,107242.96
1504,9da451cac57f3cd64c2c047675e5b60ca88ecf83,0,14,0,0,2434,135,20,166,61039,12207.68
1505,f791e291ca39eac6aa0650319e8dd606d15d5804,2,7,0,0,713,471,7,7,34426,6892.49
1506,d02baff9a0d8cec92bde751777f3e575da2339c8,1,16,0,0,682,579,11,90,49839,11685.99
1507,aa4fba6d92faf5e51bb330c6d18825fbed63b553,1,1,0,0,213,22,1,39,884,1203.34
1508,9ea61e44153b938309841b1499488360e9abd176,1,3,0,3,211,4,1,3,3926,3885.09
1509,4c87a27ad851ffaa3cc3e2074a9ef7073b5a164a,1,15,1,0,762,442,13,147,75271,13471.03
1510,91d0b4727066241c900037f9a10e28b143489172,0,6,0,0,433,37,4,14,13368,3906.29
1511,87a6db45b70a1a07165e0773c4452d1327258bfa,0,11,0,0,1158,701,13,114,31020,7736.26
1512,512a18a8d92305a34f3037064ceabdc5aff1f8bf,1,28,0,0,382,805,6,46,50949,18313.91
1513,9678020e59cf073f74cce70ac57d1f6869349a36,0,2,0,0,320,52,1,11,3510,1408.55
1514,5fd7230671bb3d90081d4138c364c3f65b35cdbc,0,8,0,0,335,449,6,17,15137,4719.94
1515,9263f3bb14b98c90b9f2a1a324afa91d5074e705,0,17,0,4,4257,776,22,115,85596,16110.3
1516,44a6560b5da3f79d2299579a36e7a2a60a91f823,1,29,1,1,1679,991,21,304,106486,23991.15
1517,938565925adb9d866e8c6951361cd5582076e013,0,5,0,0,1075,871,11,117,21025,4860.71
1518,991c453ca3ac141a3f286f74af8401f83c38b230,1,22,0,0,5318,3965,75,760,119804,19613.63
1519,124e507674c0d396f8494585e64226957199097b,0,11,0,0,3888,838,82,669,25540,9176.55
1520,788fca4124ecac818a20bfc2607676849cf0d94f,0,6,0,1,666,336,10,179,50144,13205.13
1521,fc966461e03f595b46f3adf7debfd8ef2e92f99f,0,2,0,0,1104,618,19,417,17201,2619.3
1522,a9d80ae59d15dc35ae5975e07251bdbabe083d29,0,2,0,0,57,27,3,36,8163,2307.03
1523,77306291643838ed7b57b99d6497553314a525f2,6,1,0,0,119,0,0,3,927,4813.48
1524,c552d5d72ee2d6dcd7883671b8fce451fe4c98e2,2,4,0,0,855,223,5,103,44089,18121.0
1525,b9ae3087c0f83bfeeea47ded8e19932b46fd2350,0,13,0,0,2668,287,22,178,48001,10328.1
1526,e8de319789def7ccf2a7e9e14b1011ee825ff37b,0,3,0,0,91,1,2,6,8653,2241.49
1527,c3b56ed1c869ff225e549a1a3abc032209103195,1,8,0,0,787,71,5,50,72500,9224.29
1528,abe13d6ffb0009df859077032aaa19a6d894ae36,2,2,0,1,41,0,0,0,370,2659.54
1529,5a54b91df9183095e725e6c6927f44d6ac262069,0,1,0,0,550,0,0,30,6744,1390.69
1530,7f86c8114ec98f8a38a690bc1304c2cfc41d093e,0,1,0,0,1,1,1,0,5105,882.77
1531,b4eb963c3c3e0b123003d7b32cdf7c9202cfb441,0,5,0,0,480,88,1,44,27857,4649.73
1532,d85c017d0488930d806f267141057fc73e68c728,0,8,0,0,812,1041,17,165,57024,8664.54
1533,f8a9329f2b8e768fe6730fc05436e973344b9132,0,12,0,0,760,294,12,168,47120,10610.95
1534,8deb7a60575ad33b78a5167673276275ba7bece5,0,3,0,0,1081,33,2,35,11918,2763.19
1535,c6585675710aa800317ad35e6fdf95c50c559d68,3,3,0,2,0,218,1,0,1828,5032.25
1536,70cff9e2f0c8f78c1dc54a064182971bb2106795,0,37,0,0,2464,2329,55,894,124286,117406.39
1537,1be8ee24244425b6b5b668ec5b06993ffcea2559,0,5,0,0,397,7,1,13,1782,2655.32
1538,7186000367df5a994e0270690a95ca49fa7b23a0,0,3,0,0,123,2,0,16,35637,3924.45
1539,e210519d32b07923ea19d6ac159abd558a1d8c68,0,4,0,0,306,5,1,11,20909,3371.53
1540,5fe73a986e6850b1cc07bc52fe8b920d1437641d,2,10,0,0,961,75,2,68,74545,16246.7
1541,037a89abc5cc5ea6b983b21c568a50bc729aa194,0,3,0,0,302,18,2,24,6272,1999.81
1542,c3b236ce5d2ca0905d03d63efe74b9f2c8e27436,0,1,0,0,122,12,0,58,6571,1026.52
1543,ca5d73d1ab45541169f76b183f67e7a6150c1a2c,0,3,0,0,195,99,6,50,34540,3999.52
1544,e02ded811f0906e1747b69b2d181e43426d2e143,0,3,0,0,68,14,1,13,4783,2109.3
1545,5300294fbe9e235ce42253d6bcd69d8154d8f198,4,9,0,0,7831,361,7,35,63871,11415.33
1546,09b8ce5b442489739694a2ebac4e342f6d2e2ac0,1,8,0,1,517,1614,15,56,56532,8423.96
1547,d8bc523754181b4c1321bcfab886ebf228d9c98f,0,12,0,0,864,78,8,95,37377,8890.4
1548,2af05fb1cf2f472c0fbb5bdda1ea0b91117fafac,0,1,0,0,650,191,3,104,1101,768.55
1549,5e09ae1633fb7fcf293ea10e663064e566c70909,2,11,0,0,577,375,9,129,12122,7998.81
1550,1c602f719833dae48e2bea63b98f76bbdc5a65b4,0,1,0,0,43,25,1,4,5733,1178.18
1551,824dcdbd42a2bc48742566d238c7076aefb62e58,0,1,0,0,77,268,4,24,28790,2434.32
1552,dd1bc7e1c7e0712a690034f044ab4cf5eaf98ca6,0,2,0,1,365,6,1,3,1824,1846.15
1553,befb254e61a34352d146be79656d656044432dd1,0,2,0,0,333,5,0,0,7122,1603.39
1554,917502ef316447d282304f70d170a4686a4c7834,0,7,0,0,1796,97,3,130,60592,7564.72
1555,33a47743a5f4263bc21b345587370c5ecf43f5b4,1,34,1,10,1250,575,32,179,44644,28900.43
1556,fd2ba4911bec60386a106c85aedd5cc99cd8cab3,0,2,0,0,83,470,3,36,30855,13622.05
1557,067d52b98c1d17a73b142bb53acc8aaa9c041f38,0,10,0,9,692,22,7,83,14393,11585.25
1558,00067895a01c66d53715b50bbcb3605efd6425f2,2,40,0,5,2837,1844,37,662,114095,35997.62
1559,5beeb3016954a3ee0c1fb10a2083ffd540cd2c14,4,6,1,0,410,106,8,83,29909,8200.09
1560,14f1f76bf609704d36a1699c05fa85750cefe917,1,19,0,0,1876,277,15,237,52078,18990.51
1561,fa99a8471d6cfabc63d678caa8d4b6614f824be1,2,2,0,0,11,5584,0,0,1806,3095.18
1562,140246bad816ae7bf06eda193cc624e1e62923e0,7,2,0,0,517,231,18,114,4475,5617.05
1563,4f92eb2f613e4de59c2d31a563e16aba4846c61a,1,10,0,0,507,282,6,34,52951,11325.12
1564,6439cd0f691069cefb6da4ba261ffe60cc13bbd0,0,2,0,0,229,89,1,16,1141,1383.41
1565,cd1e8d2e3470a5ce7aced0108f0587a655652008,0,1,0,0,9,0,0,0,400,565.53
1566,d6bd920bba0d7cb77ca76c3a79d1ba1e039da9e5,1,7,0,0,1707,583,6,327,24328,6305.43
1567,b2ce764093ba3007df67022b3bcbc43d3fe2b173,0,2,0,0,38,0,0,3,2580,1223.84
1568,e0cda4895948c500a7bbc0a1a553d3698be3e317,0,3,0,0,491,144,3,37,6465,2618.5
1569,c780454413caffbc37a02c4252eb5ec7abe57f97,0,13,0,0,1092,441,4,241,71869,11796.54
1570,300e4906af6d16f4fed5119028d87d8d5a8bddbb,0,2,0,0,31,88,1,36,5991,1341.01
1571,c89c516b95f45e04af55d9030043a42e2d07b02b,0,9,0,0,4697,409,15,375,46652,7605.3
1572,dd2eb97ddd0c0994e0858de1af07c8bea18f8a05,2,13,0,2,999,898,15,106,64215,11929.23
1573,204704a92df407c06951cca9a47e85f1e3ef5ba7,1,3,0,0,123,675,3,5,32419,4307.12
1574,d03acc756094a332f98167426a39db8faf38f450,0,11,0,3,1651,675,16,230,41965,45470.19
1575,5efc9978ddf35f8f4e194e34a102a729dae69992,0,1,0,0,8,0,0,4,1855,900.59
1576,fc14360b0340a33c0e1eb34967d4dcd772533418,0,12,0,1,857,748,48,230,58219,11469.58
1577,ea0b21af158016651cb77560778834eb95e6b68d,0,4,0,0,346,370,2,28,25824,3624.87
1578,256adb2106cb838f3aff21f5a77f2973807d0df3,0,4,0,0,221,206,7,92,9221,3449.66
1579,2624b20291629b4565ea45590b66f2c38f96df67,0,5,0,2,682,853,18,192,9927,4595.48
1580,f0d64a078da7e932b9509734f75170e3e525e68c,1,9,0,4,2221,800,15,342,16482,14518.01
1581,9ee7c2a0774eb07b1d7ee40aa89659c5c0a6346e,0,2,0,0,1148,5,0,3,926,1624.76
1582,b0456745f9c0d446387b68be3c38cdfbd58dbf89,0,1,0,0,10,0,0,0,1742,842.01
1583,5df82fa01d26c18685ad7617128dbc2913547cb3,0,11,0,1,1213,82,1,69,43734,10535.54
1584,1a68f13521e6902943bea7b16369ac9a4e6943f5,0,7,0,0,964,3,1,39,28068,18229.28
1585,8741c3b9517f1261094965f8ebd38b907298c903,4,0,0,0,0,0,0,0,0,2120.36
1586,a57550914f83cc744770d2f0382013545e219428,0,1,0,0,4,4,0,1,2301,1036.99
1587,ef90940594926752a310e9685c67fddd6e42e85d,1,2,0,0,140,47,0,23,5921,2135.23
1588,4aa664f677f309216f1efc768a58ee3dbbaf66be,0,1,0,0,45,37,0,4,806,717.76
1589,7e8d85ebb3071baf16c4c264433f3f6acd01b769,0,1,0,0,65,36,0,73,3580,960.32
1590,2f341414dd4a052bee3907ff4a6db283a15f9d53,1,10,0,0,1195,572,22,181,55277,10825.16
1591,e891c55f8ba4ca8a751bb3a48cf1eaa03cab88bd,0,9,0,0,2065,481,5,309,40245,7525.08
1592,50a0bedead549aa14d91f74bf06feb5401d99ae9,0,2,0,0,554,13,1,17,4642,1532.58
1593,7568e2f193189f80a1e205406449d119100d94d6,1,1,0,0,23,1,0,0,1903,1202.38
1594,4f8a487fcd3c5d324b0bb03157f404fb127e21e8,0,3,0,1,445,1164,13,47,3514,2733.8
1595,dbf14320c093991d2ca97b3608efe1c3c0af9888,0,10,0,0,956,508,14,80,33307,7767.9
1596,c066cef587bdc3c1d33cba47f4fb5ab5d11e5892,0,11,0,1,940,103,9,175,60831,10236.5
1597,1c6b5d2b5841e5219a98937088cde4ae63869f80,0,7,0,0,1153,111,5,72,25569,5789.73
1598,440c3cd1050f2a871a73d44406c0013b6ff73f2e,1,2,0,0,259,125,11,114,11090,2982.63
1599,2c8a6f5712684fb5a93485b524ff6fd43ff84ef2,0,1,0,0,177,19,0,12,5699,1054.9
1600,6c9c3144ddb5644f16c7a01d3806bd50afe8b973,0,6,0,0,1369,543,6,55,42519,10445.56
1601,df6e1ab4916e41810f092474a1f3abd9845d9956,0,3,0,0,561,8,0,31,9564,2637.18
1602,57b28693ee295746c6d168d37dd05eaf7b601b87,0,7,0,0,1752,198,15,106,30191,5731.6
1603,fa6e59891c6125ae83fd601dbbcf928685f5dbfd,0,4,0,0,513,41,0,6,13239,2981.99
1604,e3d2e4c156851de7dac16154521a2e06ea83ec7b,0,18,0,0,2027,274,18,304,72291,14445.97
1605,c080fec82be6866ab8d69540fe6ee147b2a0108d,0,20,0,0,2157,1450,19,130,63654,15592.3
1606,e1084736b2dca656839576bd282bebf518679e35,1,0,0,0,0,0,0,0,0,545.63
1607,5c381ade4e6b6428b316c41ad5f5bc145829473d,0,8,0,0,816,507,13,114,10368,5336.58
1608,1bab14bb49ec2b1a93f7d0763fb823b2ac715174,0,2,0,0,39,0,0,3,6169,1320.86
1609,fec1e2eed95e34209bde1da7efd8fdda8951b85d,0,2,0,1,173,1,3,5,1996,1598.35
1610,dd049a2f6097da189ccce2f5890a2b9bc77fa73f,4,34,2,3,6629,2137,45,608,90689,29544.0
1611,6465b0b55f263c06f4d37800db951adba314a9fd,1,0,0,0,0,0,0,0,0,648.93
1612,146bf6c01ed56d0ab4d3ad06f6841622ff800b87,0,3,0,0,126,21,3,13,2771,2018.53
1613,aa8a6e498a66b992047aea710fb3c3f9472969f4,0,3,0,0,195,0,0,0,30862,3579.68
1614,98983b2788508936ad489e61ff61cacfe73ab1b9,0,3,0,0,59,62,1,18,36541,4157.4
1615,5d29338017fb8ebe8626002c1ca670842968ca4a,0,4,0,0,162,25,2,2,41340,4445.92
1616,33500fd304ee1c9a1b5966de1eb1e78b58f0af26,0,4,0,0,546,9,0,8,7488,2681.59
1617,e90687f90ee2ec76baeac49df8423524b7e83586,0,9,0,0,583,615,5,7,29608,7910.94
1618,b46fbd0275bfc7ec16a219c72cff555d912170d7,0,1,0,0,52,8,1,30,4922,987.43
1619,115e60b0dc81ca16e789b336a0b671f947f81576,0,1,0,0,13,0,0,0,3623,985.61
1620,173c1159519b6a1885c604b9891a31011b0bcc85,0,4,0,1,553,3,1,12,11804,7812.59
1621,b55c1aab7b114a4b782ed5a774909d66601a8059,0,1,0,0,129,5,0,6,5431,1364.61
1622,b1f87bbabd38c90f55c833db70f82d89eae15de6,0,3,0,1,37,2,1,1,30716,4021.85
1623,90b399c4bd1d7a7856a7b9230fa1437a30b4eb88,0,7,0,1,532,33,4,10,41870,6956.88
1624,0f595915a388305edbb3ce928415571811d304e8,1,11,0,0,1259,2354,11,105,25696,104933.55
1625,94a1632fcb677fda6f4d812614026417f1d0a360,1,10,1,0,0,0,0,0,26947,6873.03
1626,daaa8f03f411652da7b7919e16e0fbe24367f106,0,1,0,0,8,38,0,1,7155,1088.17
1627,b674dfd480ab8bfdaab390778b283dbf86ae8575,0,1,0,0,20,0,0,0,5107,977.15
1628,5bb794566ec00e52f56a87a85e0cb9723bcec83a,0,1,0,0,9,0,0,0,1645,992.55
1629,8d297687048c41bd3d78a316eea173c1fc0b2f5c,1,2,0,0,212,2,0,6,11061,2833.35
1630,b027ef8858e6b8ce26635ffbadc2a461c555ff86,0,11,0,0,1106,3292,14,170,50026,23981.47
1631,b849dd5df9b5c2429f2ccd2b43a560724ca65b23,1,4,0,0,506,135,1,20,25346,3883.03
1632,f0fa038c7ebff7248ddca958a6a9f21c108f363b,0,1,0,0,15,21,0,1,527,666.36
1633,842aa2bc9432cc137bda0a5aec9c9eef12b000ce,0,2,0,0,190,46,0,11,11598,2407.79
1634,d37c31a2dbb85f6b58baae27db106fabe629a3cd,0,3,0,0,160,58,4,6,18609,2962.84
1635,534a5ee346f8263ab4ed1d9b34c204777c2c9ad7,1,0,0,0,0,0,0,0,0,520.99
1636,2b03ae94216a76a477f3d6250d076ebbf61e998a,0,3,0,0,521,140,7,54,18919,2643.28
1637,7817245d88cb20ece994cc1c5afb3afa0da2661c,1,6,2,0,870,213,13,146,21723,5456.13
1638,aa4a045925649949b2eaa5b7238edbd742cbcf9a,1,5,0,0,297,71,2,15,18759,4129.51
1639,7ec4308f825f9ca6139431feb64818a6b3f3163c,0,1,0,0,258,139,3,15,8585,1149.83
1640,9dab514b22f49322738935cfd915c2b4eba50b88,0,46,0,1,5567,141,18,491,85357,36840.8
1641,3bfd18c6b0483ae27eff6d53bda934e67dda5464,0,9,0,0,658,162,6,173,21983,6956.01
1642,3a61d25457606b93f7e99a48fe8f66984f4084b0,0,55,0,7,2410,840,29,225,176547,49474.73
1643,56205ca7d7f3b2a7e55f48b9cf444326e1d2b1a7,0,10,0,1,640,21,2,24,30091,7216.93
1644,867e0f8ea9b285a428db278edce38e241644b749,2,4,0,0,526,4,0,1,32495,104054.43
1645,b5935fab444491cbd1813d5390a68d9f23c8d27a,0,1,0,0,7,0,0,0,4380,941.52
1646,c00703dd082474fea98a63b871c2183ca01147ed,0,3,0,0,81,114,2,71,37794,4703.79
1647,a206399afd242463d96410681f01c4b4aa225f17,0,1,0,0,5,0,0,0,842,699.83
1648,14556cc5d8fee8f8a846e4f65572828553be386c,0,27,0,4,1550,224,3,429,78505,24729.92
1649,2e799e5984b83ee3671240eec36b446b111c53c5,0,5,0,0,227,183,17,12,2720,2697.08
1650,f93d99990a9a02ce693cd74466c2e5f127c1f560,11,28,10,0,2384,517,15,270,77022,28256.29
1651,64c50d9dfb2247852b9e03fd3e41ce426f872e94,0,3,0,0,35,11,1,7,5044,2109.24
1652,fb1d7fb596b8e8bb9a5f141c89acb1949bade87a,0,16,0,2,550,2067,17,109,52641,14836.48
1653,620809b9a063bd6ea84d582166eed3fb957dcd0a,0,1,0,0,129,2,0,30,6581,1296.38
1654,4e979f5dea7ddd64601910849ca2b16cc884c0c6,0,1,0,0,27,18,0,0,1674,789.2
1655,fe328621d4a84ae99efcb6394a910009b4e1761f,0,5,0,0,197,5,2,30,49290,5957.43
1656,a5b37c6ed14e92f5a7f7dd76a9a82b3f859fb6dd,0,35,0,1,252,260,10,40,62764,22950.48
1657,2002dc63c9409de733a374d810c529e95895df44,2,4,1,0,106,995,1,20,17612,4760.52
1658,bcf1f33acdb7b602998b6e99277d6e78e78745da,0,3,0,1,41,96,3,17,8532,20036.64
1659,af0fe05a92b2bd694f98c09a836851f45a6f03cf,0,1,0,0,22,8,0,2,3095,838.4
1660,f8904ad299bbcd109e3460f9b8ab9fbb9cebdad4,0,2,0,0,606,15,1,23,8755,6895.78
1661,91ebf5890422cb5d28708dbb6f3848430455f51d,0,3,0,3,612,98,0,168,8405,4845.79
1662,5833efc6e470886b661ac8a3bd3af0e5d041266f,1,0,0,0,0,0,0,0,0,662.95
1663,a4475406f80ffadb956b703577a599906a70d6ff,0,6,0,2,519,11,0,0,8083,5416.33
1664,53cb787d48eead93bfa47faac469d88ec464146a,1,1,0,0,29,0,0,1,5071,4014.35
1665,140f4542b68787e87fa26ea82a82a5bc4aa93b0b,2,3,0,0,323,92,0,8,13869,5248.56
1666,24d1cf9ac681fadaf2a3614a24b06327d5d5f53e,0,4,0,0,1025,113,5,82,50130,8620.1
1667,730e0675da80642c05c79c52ba345555f2cfba43,1,0,0,0,0,0,0,0,0,737.42
1668,6d4c7df43401b87781e81c57405434ba9b9efd6f,0,7,0,1,1883,574,16,94,11072,6871.75
1669,7bad941152417ebfafe1349cedfa2aafc906f8dc,1,8,0,0,265,13,1,25,19457,6310.59
1670,71aa608b84afcbe19dc38ca7c43c6e750d5df97a,0,2,0,0,77,0,0,0,9359,1661.16
1671,02d28907beab7110abf768fd4006b076a6bf2bd2,1,3,0,0,39,12,0,0,7721,2549.14
1672,9d21180c1a625295bb9da0d9d5d8c55740944008,0,9,0,0,974,111,4,78,31976,8560.43
1673,0532b8bad1bc4a528d39e9ca951b7beecc57be10,0,3,0,0,313,50,2,9,38036,4433.23
1674,0689363343a281a6f7f6f395227668bddc2663eb,0,8,0,0,1025,310,2,138,70520,10806.33
1675,e5d6fba47d9c6f4d984ca8295fcf5dee388e2241,1,4,0,1,173,2,0,1,24687,4488.19
1676,6420249d47d2828382dc5f9135d9c9c0dcfa965b,0,8,7,0,1110,4545,12,85,10067,7754.56
1677,9445859930b8653cb0b9a0e1abf38cc05dbe2658,0,5,0,0,806,20,0,92,23717,5416.81
1678,17d4fbbf0af9b93de9502afb274e91533140d1c6,17,0,0,0,0,0,0,0,0,9117.98
1679,eac832f92da084f1fa2b281331db32e01ab05604,0,4,0,0,775,24,6,82,21853,3955.95
1680,f131dba8a3d603a5d15c4f035ed3da75b4daf0dc,0,24,0,1,2157,440,15,250,101422,28546.44
1681,e9459baec5a46651c156fbae5f8f3c9cc8325ef0,0,3,0,0,317,154,0,17,16031,3597.4
1682,e4ee1d111be15ae6cca2f79be7ca73c204288d2b,0,3,0,0,519,354,33,357,5513,2129.5
1683,8e5b5165c14486af6d5d73e7b4e591d4787ad8f2,1,3,0,0,219,10,0,0,20511,3452.78
1684,97f58955a6045b373ab73653bf26ab5922b00cf3,12,20,0,0,4441,47,0,77,83753,27104.21
1685,cf7dddb603b762e0808d77b7ddefa73274c09156,0,1,0,0,78,0,0,2,2559,954.94
1686,65158e478f135ec051c1939bd5f371818365dffd,1,10,0,0,561,454,54,258,45926,10542.05
1687,9a0fcae5bc9e481201e101c3c98e23b6e827774e,0,2,0,0,92,115,6,30,15249,2131.26
1688,68867fd1bc7fedec2b9d0b79100117bdccfffd77,0,1,0,0,26,0,0,0,116,616.26
1689,8f48760663070529ff09927d1772010fffe5f438,0,4,0,0,447,14,1,22,18200,4217.01
1690,11be7334c4e04b1b3fe12d86f4646cc83c068b05,4,25,1,14,1133,693,12,204,32910,25462.46
1691,da3992b4e39019cd02e95460518b5d13d0e4eecd,0,7,0,0,436,9,1,36,19419,4692.84
1692,9a0ed1c4afd95827c6ff27490f33d0b86851e551,0,3,0,0,674,8,0,52,46422,24955.95
1693,35058fc020c19b2bdeaa929e8afeb55703b43837,0,2,0,0,291,34,0,0,6044,1475.27
1694,44e9d346e974d0d862b2cc7ef406ac9e5a321c17,2,5,0,0,1281,40,1,57,13551,5222.7
1695,cb5682b85948017cb5c8563ca4a46ab42b08ceb1,0,2,0,0,21,32,0,9,1981,1177.2
1696,5b1e88b6d28691a89269adbca2a22270cd6c2f08,1,1,0,0,858,33,0,9,31030,3291.47
1697,3671a5e16fbddbe5a0516289ce98e1305e02291c,1,19,0,1,3816,478,32,298,55755,15894.9
1698,1ba203e3e0ead72afd9c3351827f44ff2d51b974,0,2,0,0,1579,9,2,50,1467,1536.42
1699,1228f8f6fb16de4f0283dd1c7939e6fc3dfb7aae,0,5,0,0,627,0,0,19,30274,4580.14
1700,1d5e564998356ba7a808abdb9872ed6370b4bc81,0,1,0,0,6,5,0,1,9920,6048.79
1701,f40a36758bb183b23181fd59a99d9ab87a428166,0,1,0,0,142,30,4,32,5746,1496.31
1702,e4c06854b4165a9e582b35427785ea34f489c44f,0,2,0,0,1132,2,5,88,2950,2008.76
1703,42391d260da400593812396c1ffd45d1a371d3cb,2,26,0,0,1310,751,8,96,48110,21516.21
1704,a29d2d337164de59375aa45d4fbb9a431facade7,1,1,0,0,14,0,0,0,14578,2025.35
1705,02fcb6b6bae7c3fe2a10b00b2a563e4098ff225e,0,8,0,1,1110,473,16,38,46278,8954.57
1706,bdee397e95e98ece071345822e2e4d3f690f09c3,1,20,0,0,3428,237,5,51,82553,17153.21
1707,3f892e9d534e05936ab849eeabef77ded4c8651b,1,9,0,0,1356,100,1,1,76994,10089.79
1708,6a4f6d6b3e41e660c214b77c9ed43d4c65200b6a,0,6,0,1,1308,180,8,113,17693,4893.57
1709,14394eed00afee0dd8e3836ed2a65cd7a8077398,0,1,0,0,114,4,0,7,1737,736.14
1710,8b2b7ff0ae97a29761d68e9f83bb49ab911ff470,0,1,0,0,85,50,0,1,7697,1075.39
1711,123c563fe6f7a655f11d7414f992d448c5047006,0,6,0,0,361,22,1,18,13827,3789.93
1712,e98529858edeed11c4f900b0db30d7e4eb2ab1ec,0,4,0,0,697,671,23,316,47053,5650.02
1713,8bfbec8cfb7fe7c7affef98b17c1a07b81fe27f0,1,8,0,1,4160,87,12,110,15605,8063.86
1714,34e9173c00f7e1ae55dec365850849c793cde8e3,8,5,0,1,488,34,5,37,13766,8565.9
1715,be3fdd1c40140e24df1a5414cf91537862b66e82,1,17,1,9,1036,206,61,206,15891,14973.49
1716,f4b1c44415dcf3686327a8f327593bdd9d5250af,0,1,0,0,508,269,6,40,1229,982.15
1717,6e37dd331b52d3081bdda87664934a05834ea753,0,3,0,0,4194,40,7,63,13800,3687.34
1718,8e8a769e7f5ce806ffdf584f017512ab58cd84e8,1,1,0,0,692,4,0,24,32472,3346.17
1719,52d18aa217a308e8343ca8b23b5a2dedda77270f,0,2,0,0,143,2,0,0,2296,1526.26
1720,2ecab65e3e290a1ee192b39ec70868863853543a,1,9,1,0,898,444,10,402,17297,11843.08
1721,6ef3a9e746c52d91f1e5b4ac9f41627bd42674d7,1,6,0,0,1494,567,4,63,67852,9023.44
1722,a4e0ff5e052abad498595ee198b49c5310c9ec0d,0,8,0,0,1210,1479,24,276,53577,7689.06
1723,9ff3836a367737d6dfcb12f50c8bd2f1b2233e37,0,5,0,0,325,8,1,79,20758,3745.49
1724,af6c91a80c299f87af8c42fa685448b596b7615a,0,8,0,1,551,13,2,16,19952,6758.59
1725,0c5128969522cf754010c32cdcbfcfa5ebe5b3b0,0,4,0,1,2327,116,5,33,6782,3638.29
1726,8a83bb7ad6177f473c20c4cc9c0f46746224332c,0,14,0,0,3560,1124,34,243,57377,170595.94
1727,e8ca6480050e38d2fe4859baf4f9a8d22e7f9b85,1,3,0,0,1667,42,3,120,10336,3934.44
1728,08986fdbed5a15bcdc57d142922911759b97e9d1,0,1,0,0,255,594,8,63,12052,1910.83
1729,46162a213f60f915df76c60b0412f45a021e1e7e,2,10,0,0,4519,12,1,47,19865,26130.19
1730,26763657999765d08cc2de609d5f7860dfd14137,4,0,0,0,0,0,0,0,0,2588.9
1731,e3612e442809310c67bc2ed4376e028c4ab8d597,0,4,0,0,427,23,5,38,14544,3610.19
1732,c3e26735a662e478005c8c75b0909797a22cd640,0,3,0,0,1396,0,0,5,17060,3112.68
1733,280bdb9a16a898118421aee16db11f52eed9bdae,1,3,0,0,193,33,11,69,12568,3636.4
1734,2efea952139b30dd1c881eed0b443ffa72be6dce,2,21,0,0,3703,797,24,214,134504,21723.28
1735,31617733aca2025cff1ffb841a533a5b1de016a5,1,3,0,0,282,1,0,1,49919,5202.85
1736,2f75cd1190d526db8c706b0d5676324ba7a01b03,0,1,0,0,60,0,0,0,5476,966.04
1737,0ca41a8f35e4f05bb04805a2e0a617850707b4db,0,3,0,0,583,131,5,67,9393,2651.01
1738,51b97a1396a4cb32aaa08b451985a6af236c0c4b,1,25,0,6,1713,166,12,114,132784,27355.02
1739,e09ea0c06ee1caa5a9ebae0a8f0273dfe04d05e5,47,11,0,5,2051,363,26,392,19912,32221.9
1740,b6fbaba8e98d2da913cbe5474cab479cd4efd191,10,1,0,0,6,4,0,0,7366,138971.82
1741,93e23a99157c30b51752fc49748c3c210745a187,0,4,0,0,415,523,5,105,17107,4467.78
1742,c38665282884122d3c82b6f68376cce036aee748,0,2,0,0,564,564,2,48,47990,7865.6
1743,83702b070709a2d9ccdc233f96d5e4cd442dfe9b,0,1,0,0,6,0,0,2,14057,1425.98
1744,76a621ffd2d66bf012a554f4400091a92a5b473e,1,23,1,2,1610,3940,48,571,107241,28192.72
1745,ceed0f6c46736323bd1b077125ff4e217c649208,1,1,0,0,603,68,1,60,12184,2193.26
1746,3b0db60113ec7fab4e7cc8a0f811646d857547b0,0,1,0,0,36,0,0,1,8470,1535.95
1747,8f520386fb952b70a4e7a9c460a2ecd9b9b855b4,1,1,0,0,143,10,2,39,33412,3645.67
1748,3b54223c0f32d42a84436c670d80b791a8e9696d,9,17,1,0,966,774,23,188,69420,28013.31
1749,4f1fae88f8ac8273d1d17f05becb0c4075f84c1e,2,3,0,0,97,578,1,9,16454,4277.1
1750,3d9bea277a07b6218c1e3576883ac0893f31cb75,0,4,0,0,68,2,0,4,1729,2554.26
1751,b066be8115eeee3099f4e16259b13063bd3f1104,1,0,3,0,0,0,0,0,0,1153.32
1752,beb0c19cde5db554c4a665cce0a16188070c6a7b,0,5,0,2,570,25,0,9,1779,4352.12
1753,e896de98f2dba9fbd58024b8da35c8b72a404724,0,2,0,1,123,0,0,0,1408,1680.29
1754,c477a166e18e122b101c372b1c0a2f362e53866d,0,2,0,0,66,11,0,7,5876,1704.14
1755,38af6101d8ee199089c3d92ee3798ee674fb8acd,0,14,0,0,2131,395,17,287,74301,18105.22
1756,f4151bbf4f54dc33836c76e6860aa043a9626e48,0,5,0,0,271,324,9,55,9874,4142.69
1757,ce1659f070a76b853eebba9488349a289415297f,0,1,0,0,108,64,0,78,1348,826.64
1758,9f75b97a098381458ed44d913dde167b49dde50d,1,1,0,0,33,3,1,20,1275,1610.35
1759,5f9e52f7459d3dc4ac3a5febd1dc6e00829d30ed,0,6,0,0,242,43,3,54,50124,7541.96
1760,551024915d487957d9e829493ab319c8e31dfa81,0,9,0,1,1447,343,6,144,47281,139887.19
1761,7c18f8d55b899dc4a6e118d3b54447a9b36b960a,1,3,0,0,1015,17,0,177,12536,4429.98
1762,44d9bb26d640ca5c1de651563c7993b4ecd6b653,0,3,0,0,540,163,4,144,5419,2273.31
1763,7b466b3b7087a7b8c6e4e466600f6e13284e0dee,0,5,0,0,1942,145,2,134,54693,6561.3
1764,25b0e8471ed744578b2d8e3f0debe5477b268e54,0,24,0,1,2028,509,14,307,92484,22126.98
1765,c83c5b868ea34925ecb1597cf1ceb88524ded185,0,7,0,0,266,1329,3,73,52815,7641.85
1766,69b75fca7aec5f5cbf79bc7db3915119cef69e65,0,15,0,0,2446,784,26,136,97774,17145.53
1767,853ed29f2df417878f896a30b68f7412baaa6bf8,0,1,0,0,25,0,0,0,704,967.71
1768,ac5e8aed7ca1e9493f96f8795d0caafd5282b9a7,0,1,0,0,533,44,0,94,3363,888.08
1769,cc0464f4fe793d9894776e062193e6609b7c1689,0,1,0,0,108,1,0,6,544,643.49
1770,b9e4be452349317619f8f7641e51f2493f499b29,0,4,0,0,614,132,0,35,54325,6393.61
1771,e85a3fecc68b48a3dc9af5daa466a24f3b39545b,0,6,0,0,667,14,2,1,16475,4665.28
1772,9bce3eca42b40f9b1f9fc23fc4418ed23b7beda5,0,2,0,0,221,1169,8,130,39323,4118.73
1773,4f9ffc7455ae2182df1da1b7e3f5a55e645fc8a4,1,12,0,0,1302,1245,28,170,80663,12673.57
1774,407bb3d3e452c8277c498dd14e0cc5b7762a7091,0,5,0,0,2262,332,18,724,60709,7680.14
1775,3a90228c30da198cfc705eb41e06f38053f9ff0e,1,0,0,0,0,0,0,0,0,744.25
1776,9ca2f34c8fb03227e7364ced5183562e9f805400,0,9,0,4,2085,189,6,51,44567,11534.23
1777,09e7ff05df5abf43bafe40ff24c3a39a5df80070,0,4,0,0,1315,131,5,9,17344,5880.23
1778,535fe14dedbf919442ec03ac573315c7a16a6dbe,1,30,0,0,5158,1446,49,914,157411,30735.68
1779,b8b8f3f5e7214d6fcfc30e1b94ff097e52868f4f,0,6,0,0,3026,124,7,88,16770,6446.93
1780,b8597e6a10b2e8df1bee4e8ce0c8be345f7e007d,1,8,0,1,2016,928,57,426,36950,14676.97
1781,45db4d204b796eee6dd0e39d3cc94b70c47028d4,0,9,0,0,372,387,8,204,66139,10407.34
1782,70c99278a9ffb8a22059c20357b435c7b576b3db,3,14,0,0,4113,493,39,837,103391,28573.35
1783,07860b1c9ee3e1d77d39a52d41c3243fdcc10c45,0,1,0,0,128,11,0,19,2256,914.53
1784,1ba3f8971433cdbc3e43fd3605065d811dab5b16,1,25,0,3,2610,1263,28,387,63386,21701.12
1785,30a9ec26f799977ba36d8860daf0a90705927fae,0,3,0,0,557,10,0,3,22510,3523.81
1786,33518e561368c372bf9254b6b55a9b0c499fbd4d,0,4,0,0,23,7,1,13,26196,4413.04
1787,10db613389718d8df519493b958ecd97fca8686d,0,4,0,1,148,16,1,16,15897,3607.11
1788,b9984e59d832cd4673dd0edb260a1aa65bb8758d,1,3,0,0,73,52,0,15,9276,3168.2
1789,83b9933db3349e6a6faf23bce35c9d4ce3f7bcf2,3,2,0,0,290,858,12,100,7137,3318.99
1790,0ed8732feef9f4027e9fc95b6d4852444c1f3426,0,6,0,0,149,195,4,31,6446,4360.28
1791,eca80dca3ee0888304519ec96e9e4113cc35b112,1,2,0,0,504,35,1,21,5900,2426.95
1792,d758be1f35f6c1c7e9edd491af559721a3b8b8f8,1,6,0,0,429,94,1,18,16394,4466.09
1793,041b8326a1511b721958792a6b94ecfe27d7a1fb,2,9,0,1,835,190,2,57,10652,7266.96
1794,be9c67930b57c516723d566625f9036a88a84055,7,16,0,12,2167,1947,49,363,16487,19938.47
1795,d3a2fe280775e9320181b671d5951f06837bddad,0,9,0,1,798,1301,38,737,50349,8534.26
1796,c3cf331dc91e2beef2afeed11105084843b02858,1,6,0,0,631,3591,3,20,12950,4535.91
1797,e60673697d5046c29c52bbabdfe80506f99773e4,1,6,0,0,319,400,10,177,16480,4192.78
1798,80691b073fe7c104a8684c0a8900a1657bcdc03f,0,8,0,0,228,950,5,106,57869,9265.64
1799,b760f20af122b3e403bf3f5c7fd6320d1e82242f,0,2,0,0,3633,237,6,392,11593,3046.51
1800,37207b75d4b83f7c032dc446d5c7e578f5b7e93a,0,16,0,0,3394,832,32,332,130771,23941.86
1801,662c5bb3af474a78688d0df523d11aff7ee756b6,0,4,0,0,144,275,4,31,18268,3189.07
1802,a34dafe325902164c04de0bf9d34eccdf6a2cd88,0,2,0,1,176,20,0,22,824,1586.45
1803,195961a7c1da86421761162836766b1de07930fd,0,4,0,0,193,24,0,19,16652,3364.38
1804,065d9ec5d93e37b4bbd6fd27cb411dc58b0fb686,0,4,2,0,125,354,11,141,4189,2712.21
1805,20dcb841ce55b0d414885ceba530c30b5b528b0f,0,11,0,0,4250,473,54,1033,86144,11709.44
1806,5d5aae0694bc27df5b9fa50819854cd3050a8658,1,5,0,0,725,72,8,94,14669,4363.58
1807,bd616552cce7e46d1cc27ad9aba38f96a1f4c29c,0,7,0,0,1180,1810,43,763,48883,7831.69
1808,2fb04d2a30919bde350f566a39faa7085f1a1d7b,0,5,0,0,500,14,2,16,23736,4338.05
1809,14b01dd04608669582e8ef934253b05c2f841ac0,0,1,0,0,66,2,0,1,2528,956.8
1810,8f00897a4be5af42fff36336e40d2178c06ecccc,0,3,0,1,209,38,7,64,11216,3161.74
1811,e871955765a5a40707e866179945c5dc4fefd389,0,7,0,1,712,40,4,94,17620,6422.9
1812,7f49537ba18f830dff172f5f9c4a387fe7ab410f,0,4,0,0,151,2,0,6,16221,3657.05
1813,6b441d227a8806e87224106a81361bd61f0b3d0b,0,2,0,0,366,0,0,1,9525,2577.57
1814,cd9182d8b5f60428f6c91b0eb0b2e61d52a07020,1,23,0,0,1705,323,41,144,17353,14447.15
1815,d805cc27a98abbdf14a20ef3127a2c7cb212c765,0,3,0,0,585,20,1,18,20451,3574.0
1816,6962510f729717f776929708813f99a28e582f34,2,7,0,1,2514,726,70,736,37129,9553.38
1817,a26aa6bd0716da89853566961390d711511084e3,1,3,0,0,772,171,14,175,6415,2634.78
1818,a317bd7b02c37bd57743bfad59593ec12f53f4ed,2,21,0,4,480,166,0,118,47547,138280.34
1819,2e987148e02d0087fc70ce5b1ce571d3324bf1dd,0,2,0,1,2273,126,19,728,35818,4424.14
1820,bbaa7dc28db75d9b3700c6ff95222d8e1de29c15,0,4,0,0,490,10,2,37,5167,7519.82
1821,ab638e77b811d9592470f7d342cd11a66efbbf0d,0,10,0,1,909,161,13,156,22932,8744.6
1822,c92837aeab5188f6171d4016f91b3b4936a66beb,0,5,0,0,2213,124,3,65,15389,4507.54
1823,4ae8178c5626d188b137e3f806e56fd8661c4970,0,3,0,0,39,3,0,2,18928,2839.77
1824,7eab2a29a5706ce10912c12fa225ef6b27a82cbe,0,9,0,0,1053,1868,12,115,25372,7166.12
1825,bad5f38d47f5e93c21641931ac92595c71b05bd7,4,1,0,0,40,2,0,2,976,2471.02
1826,faa4455be512e070fa420084be8d1be5c72f3b08,6,24,0,0,2778,232,10,200,89831,23022.52
1827,a0ccf83dfd6bff81944d6855652eae7f7f7b0ba9,0,3,0,1,36,41,0,5,11149,2600.98
1828,08a9ac7098cb4ae684f40cf2513e3137110cc7e4,0,5,0,0,4,4,4,0,32150,4788.53
1829,3a0142bd773ab11bfb4de76ef6f449d9852732a9,0,1,0,0,2,5,0,0,4087,894.58
1830,f4caedfcbfeae7e2fe7c0e812ddbb087608a5ffd,0,3,0,0,207,7,0,0,13704,2283.55
1831,e08701ec71f7c10d8f15122d90c35f9f22e40837,0,6,0,0,7235,449,14,380,29264,38872.24
1832,185200e7096d15a5c2c2d59b7c7705362820aebf,1,5,0,1,1634,619,11,438,64928,8630.22
1833,c6107f566ff01e9bfee9052f86f6e5b21d5e89f3,0,7,0,0,1616,21,2,40,20857,5741.89
1834,9e941d9f99168cae01f8d50622a616fc26c196d9,0,2,0,0,64,553,19,283,9002,1721.51
1835,9609b7303a98c8eff676c5a086b08b1ca9ab777c,0,6,0,1,1018,116,4,92,7543,15847.31
1836,54767d3ff410cafd404e9c15c4db7b9512eb02d7,0,1,0,0,8,0,0,0,7432,895.72
1837,3b35f81603bbfae119762b50bcb46de70a421368,0,3,0,0,386,0,0,0,22027,2730.3
1838,22a41dce4af4d5b533ba875b322551db1c152878,0,8,0,0,2805,127,8,128,36895,6556.28
1839,d1fa58292e87bc29b4ef1278368c2be938a0afc4,1,10,0,0,454,96,9,42,19832,6900.37
1840,6a84f88c1190a8fecadd81deb6e7b8a69675fa91,0,2,0,0,198,0,0,0,15389,7584.33
1841,2b5c528a7331a00cfc67e64cd10342650948d686,0,5,0,1,2050,24,1,22,13997,4269.92
1842,a18caf7753623a94a7cdb1c607cda79586de08dc,0,7,0,0,3793,495,10,228,55007,12310.65
1843,04915a08141bbe71bdef26e3f539aa8b76f89ac7,0,6,0,0,1451,456,11,251,25639,5357.0
1844,f949f6b54825dac61511a5761837e2fd14437239,0,9,0,0,1757,1980,20,163,35209,7144.03
1845,05af0ff4be871ddbb4c4cb4f0b5b506ecee36fb8,0,5,0,0,143,268,8,190,57870,6901.31
1846,bf64fce78c5474f4d6ead839c4de18c8401a54d6,1,2,0,0,1275,1,0,10,11093,2232.9
1847,d1dab6cc63abf5d44533ad9b39e32c582327627b,0,1,0,0,66,333,13,96,4015,996.14
1848,80ac6aabcea9f808fd55504cdaef2da7b50da7f1,0,2,0,0,17,0,0,0,4005,1381.02
1849,9f22fb8c9a10952225e15c7b67b5f77fa44b155d,0,7,0,1,3236,79,4,173,21629,5927.32
1850,56119fec96abbcc44c5dd82fdb694d2c3b53feb3,1,5,0,0,791,24,3,64,12145,3784.42
1851,4603e4481f0486afcce6b106d4a92a6e90e5b6d9,0,3,0,0,84,37,2,5,3961,1801.0
1852,33ce887c20ec806ace02063e42599c3db76b536a,0,11,2,0,184,113,8,28,92678,13031.93
1853,bd2e409de128dcf4143f69c1d572e03a51511517,0,3,0,0,1079,22,3,95,7270,2434.5
1854,b014e83bc5899ec135b1e7a54ca1902c970047a5,0,2,0,0,217,15,0,11,10959,2079.29
1855,ea4e2e843ecadd8019ea35413f4a34b97a424923,0,5,0,0,835,21,2,24,55453,17345.26
1856,10e8602f32b553a1424f1a9b5f9f74f7b68a49d1,0,10,0,2,5352,593,18,522,26738,10085.28
1857,0ecefe60179968984b1892a14411566b7a0c8df3,0,2,0,0,209,0,0,6,6988,1554.37
1858,70be56d093022de9953e14a92dfa1a146bd9a290,0,5,0,0,794,9,2,1,32168,5925.34
1859,8e73084491c9f317bc8cc3590f93ca67a63687a8,0,7,0,0,371,172,2,151,55224,7746.48
1860,f02d934fedf00f0ce43d6f3f9b06d89ccc6851a5,0,2,0,0,518,1221,16,149,12220,7413.45
1861,f85cc14eb49a46e81d2edcdc1ffe4d0852f193a5,0,21,0,1,3989,657,57,751,67383,17675.39
1862,b2d5ed36bcb80e2581191dcdc3976e825c959142,2,8,1,0,2006,173,7,133,36656,7787.33
1863,84a0a629d3c63589b9aed7889e2a764538676471,0,3,0,0,299,402,5,33,8260,1952.37
1864,0795fe3721cf86ed89d5e9058c977a1113247d08,0,1,0,0,4,0,0,0,902,574.42
1865,b6fd5ccbce25f390c0e348d296b4fe1f8b9b738f,0,2,0,1,44,0,0,0,1081,1469.96
1866,1737950d0fc83c68f386881b843c41b0b1e342de,0,10,0,0,1586,111,14,335,83066,10868.17
1867,912ad32b03c1e023ab88918bfa8cb356d1851545,0,2,0,1,267,0,0,2,6269,2027.85
1868,7b8df93ce1b7204a247e64b394d57eef748e73aa,0,1,0,0,35,8,2,5,1262,617.02
1869,073bbd805c6680f47bbfcc6e8efd708ad729bca4,2,28,1,0,2461,382,17,121,170953,26944.98
1870,428a76663a0de5d0d74cc9525273ddc470760e44,1,12,0,0,49,40,10,4,109191,12462.5
1871,e8e7fbe81abc64a9ae3d2f3f62c088426073b2bf,0,7,0,0,2152,33,5,110,33088,6508.11
1872,1861b32eb551a07d748afc6205ea9573f9503eda,2,8,0,3,2732,41,3,135,23181,8438.36
1873,e96ce6f3e3e549202ce3c48d4733ba34098870ad,2,18,0,0,1381,456,17,229,124773,17642.32
1874,55302ccfba199ddf070119be30df06afd2511e05,8,7,0,0,870,31,2,35,25819,8930.81
1875,400e1bb4eff78333005144c58d33f10d4697ff70,0,1,0,0,4,0,0,1,1465,703.69
1876,d45e7c7e856c7103752888c0395fa94985cd7670,0,6,0,0,1059,3,0,83,84554,10239.87
1877,bb84f1fccb18c6c7373851e05d2451d55e908242,0,39,2,2,1138,514,10,277,207864,49247.89
1878,dd1b8f2ed8a86871517c730a9f370aca4b763514,0,1,0,0,22,0,0,6,6446,1057.86
1879,c2fa5d1c42bc019989c713e2ffc3f471ef26e2c4,0,1,0,0,175,7,0,0,1090,803.23
1880,d2d5a0ea03b0d461a4d376c7b9de8cd5c147effa,0,3,0,0,56,27,1,8,24765,8366.97
1881,2d8e6e2c4a52a4ba815b23d6d1ac21be4df23d9e,0,3,0,0,2683,166,14,230,10467,3505.58
1882,7f6ed7fe365166e8075359f1d0ad035fa876c70f,1,9,0,0,911,16,0,89,32379,8469.19
1883,9b8a35aff6d4bd7bb066ce01fa63a88fa49245ee,0,3,0,0,319,1,0,4,17767,2996.13
1884,1efd9c98258fbb973d2058dcf0850042e53bd02f,1,6,0,0,1211,163,11,139,25029,5977.29
1885,2217e2f8ff418b88eac6ad36cafe3a9795a11f40,10,34,0,34,11051,818,66,898,34417,42426.37
1886,d996235285e5047f731e3d3fc4c6e6214caa10aa,0,2,0,0,64,0,0,5,1602,1134.54
1887,2a51494ce1b05fc494fb3a818a7a3526f3f40070,0,5,0,2,1045,92,3,40,17999,5363.43
1888,cbd21fd13b321d042faeff00fa71c9becc0d6087,0,4,0,0,92,8,0,14,10528,3273.28
1889,d3d3d47202a18749eeebec22db759c19dd3e232c,0,5,0,1,367,17,1,30,48465,5873.5
1890,98ac9f26c5b3bceb073ce444e42dc89d19132a1f,0,1,0,0,5,0,0,0,961,653.34
1891,f6d0b8892ab116514fd031a61441141ac3bdfeb5,0,4,0,0,338,38,1,18,7944,2617.67
1892,7dcad84143a9eef059688570cd0f9cf73747f2de,0,6,0,0,719,547,6,86,29212,5622.12
1893,18620649f96d9e378fb7ea40de216284a9d525c7,0,6,0,0,296,16,0,37,56371,7451.43
1894,41980c56d3c01d7a0ddc7deea2d89b7f28026722,0,8,0,0,838,21,1,36,27081,8326.53
1895,cba1f9e3896c0526fa748cd1bb13470d5fae584a,1,0,0,0,0,0,0,0,0,758.3
1896,2e140523d3ccb27809cde4a55e95f7e0006c028f,0,3,0,0,199,18,0,0,26118,3622.67
1897,4e134a02a4b6f30704b99dfb166dc361daf426ea,0,3,0,0,73,5,2,23,12891,3072.1
1898,7b0f9bb2583cd9b7274f1e31c173c1c6a7ce467b,0,3,0,0,387,4,0,12,9249,2730.52
1899,8c5b23b5473e447384f818d69d907d5c35ed6d6a,0,13,0,1,565,21,1,19,101594,14169.79
1900,86cad007d7d6366b293bb9a073814889081c8662,0,4,0,0,676,0,0,36,7695,8794.65
1901,7ab754545dca16518e8fe9353ef69b77f365426b,0,1,0,0,14,0,0,0,1221,728.67
1902,86ac0d40b850069e9dc6a7930b75a45902803357,2,0,0,0,0,0,0,0,0,923.11
1903,28051e415591b8e33dbe954f65230ede23b11683,0,5,0,0,1985,87,4,175,22283,5395.52
1904,0058eadbd3149a5dee1ffc69c2d9f21caa916fb5,0,1,0,0,109,0,0,6,1265,746.22
1905,463aec11718e47d4aabb86a7a539cb973460aae6,1,25,0,2,3065,2462,55,750,82873,134001.72
1906,baf794dc404ac54f4e8332654eadfac1bebacb8f,2,6,0,0,555,2,1,118,26263,7494.77
1907,518a7f4af3d8deeecabfa0629b16521ce09de459,0,2,0,0,515,0,0,0,5132,1719.2
1908,371a3b87ed346732ed58a4faab0c6c1db57c86ed,0,5,0,0,2232,2,0,5,28184,5198.72
1909,675bca2968700d3627449700b827c3771827cef8,0,5,0,3,470,331,8,54,3765,4723.01
1910,3ae84e1ba8928879b3eda90e79667ba5a45d60f8,0,4,0,0,507,25,1,64,15009,4401.79
1911,a9331fe9b071fdcdae0c6c747d7b6b306142e671,0,11,0,0,2443,1074,34,252,43830,11698.48
1912,c637d6d9d5cb36b8cd5180787c5d25b68f2aa370,0,4,0,0,133,12,0,9,53017,15439.15
1913,5573b3476a5a6fce0ac99c654a9a9ec90f744a20,0,6,0,0,2015,21,4,51,16903,5551.33
1914,7b026c50f1be399987d23e06b4ecfbffc51dc7b5,2,0,0,0,0,0,0,0,0,1262.51
1915,36ccf097a95eae0761de7b657752e4808a86c094,2,4,0,0,387,32,10,147,26975,5707.97
1916,35d353e0f66b424508e2dd93bd036718cc4d5876,0,1,0,0,9,1,0,1,671,655.98
1917,2bb327eb939f57626d3dac10f7016ed634375d94,0,1,0,0,33,4,0,8,437,608.43
1918,18312804e9c86c0ea6a259e288994fea6fa366ef,0,4,0,0,286,60,3,112,44610,5855.85
1919,ba1d4ad25b301f7247f3f23df15e7f800e50feed,1,3,0,0,117,10,1,20,3970,2762.33
1920,ae71a671a3b4b454aa393c2974b6f1f16dd61405,0,4,0,0,571,76,2,23,14229,9925.66
1921,571e9c623241106dad5521a870fb8daef3f2b00a,3,5,2,0,146,372,5,36,52978,8887.28
1922,46f6f9d60d0a2c1f441a0e81a071b08c24dbd6d6,1,11,1,0,695,268,1,51,77686,12929.54
1923,394ba94c5d2801fbc5d95c7872eeeede28eed1eb,0,4,0,0,315,68,6,89,15799,3002.74
1924,b0a41de68c5b08f534ca231293de053c0b0cbd5d,0,3,0,0,360,0,0,0,32050,5260.5
1925,1925e2a4ae78ef4178393848b4d1d71b0f4a4709,0,4,0,0,188,23,0,8,4908,2324.14
1926,c95b878abf313507666ea018f9e6033c4c166e10,0,2,0,0,397,54,2,495,50967,6057.02
1927,2d4f3e567e4bb8068c028de12df118a4f3fa6343,0,5,0,1,558,196,2,65,24692,4255.11
1928,555fa2d9d0dbb3bf2b209a953eb07a59bbfe3197,0,1,0,0,0,0,0,0,947,536.82
1929,daacbc18d739d030822df0b75205eeb067f89850,0,3,0,0,339,231,8,63,38885,4096.11
1930,f636f9d9439742d7ebaaf21f7e22652403572c61,0,3,0,0,31,14,0,19,14594,2406.71
1931,8caf537afabc70b0c74e0a29aea0cc2935ecb162,1,3,0,0,531,2150,17,265,54547,6026.4
1932,75a326aaff8c92349701d9b3473c3070b8c2be44,2,7,1,0,3060,339,9,261,31475,8101.67
1933,4a3161182905afaf450a60d02528161ed1f97471,1,2,0,0,219,522,0,76,48895,4735.53
1934,058af60c56207907f2bedf76df4284e86d923e0c,0,16,0,0,1459,113,7,91,57171,12207.53
1935,0af44ea8462437f8e7a8271b15a19677fd7f05a1,1,4,0,0,93,2153,6,41,53467,7163.49
1936,042699401ebe5186fa5556a79f8f9a206e5ebcd7,1,8,0,0,211,3019,7,35,68423,9716.09
1937,7caa3bc98e6880f98c5c32c486a0c539f9fd3f5f,0,4,0,0,202,99,3,109,13222,3068.15
1938,475c6b4978045d55d1ebcea69cc9a2f24355aca2,0,15,0,1,1590,1845,44,936,67745,13252.89
1939,9297f980c2de8886ff970946a2513e6890cd5552,1,5,0,0,1143,1671,7,173,48521,6306.92
1940,ffe942b82c1208bc7b22899da3a233944cb5ab52,0,8,0,0,1557,386,8,122,34943,12862.06
1941,6c5bbd7a42d1e8b4416fd8870fd60c67867b35c9,1,5,0,0,148,2070,7,76,48493,7147.47
1942,d8352b9b2b99aa46679c5880a724ba3f0ceb41ff,0,1,0,0,16,17,0,5,1254,870.95
1943,5776a41da08af653206bb94d7c76c9c4dcce059a,0,14,0,0,1066,1055,21,336,69316,27316.09
1944,92916ae4876e4e24f85b22ccf9418f347d8d9666,0,18,0,7,97,5,0,5,15243,13503.85
1945,d693a252bd0041c2493e7e07a3bf8bcf28e1923c,0,5,0,0,168,129,1,38,46557,5958.08
1946,390642acf35f3d599271617d30ba26c2f6406fc1,0,1,0,0,49,2,0,5,15400,1611.2
1947,b9f6d0c956f0278c8b9b83e05b523a442a730ebb,0,32,0,3,590,485,5,134,114459,26418.26
1948,f6f2a3f1c73266bfedd802eacde60d8b19b81015,1,8,0,1,1390,180,38,613,21076,9280.06
1949,c78e3a7cdd10c40454e9acb06986ba6d8573cb19,0,17,0,0,1210,791,17,625,86155,14265.08
1950,fa7b9248e415c04bb555772f44fadaf8d9f34974,0,10,0,5,1649,947,13,63,37973,9616.86
1951,832ebd8cb63d91b4aa4bfed412b9799b3b9be4a7,1,4,0,0,149,2172,10,75,45369,5859.08
1952,b7923a356e9f111619375b94d12749d634069347,0,6,0,0,511,120,3,34,30773,5427.85
1953,a97a1e73177974cff8afafad6ca43a96563f3c61,0,1,0,0,28,10,0,5,7676,986.51
1954,0da1330bfd3080a7ad95a4b48ba7b7ac89c3608f,1,4,0,0,13,565,1,1,50343,5358.1
1955,c0d666c74e9ea76564a2458c6c0a78ae7afa9fea,0,2,0,0,190,8,0,4,13034,2529.62
1956,65f2a4ee600dfffa5203450261da3c1989de25a9,0,10,0,0,246,103,5,82,50873,7952.31
1957,5caebbae8c2fc9ba2e32384657aee21641a1a6d0,0,9,0,0,1264,690,22,358,71900,18387.81
1958,24315e7d374a1ddd4329b64350cf96fc9ab6f59c,1,4,0,0,1180,659,21,272,45640,5533.8
1959,dfd2589bcb0e83f073eab30e32badcf2e9f75a62,0,1,0,0,7,175,0,0,3234,1061.78
1960,5b0d060d2a868cefcd12252140d5a8e310738aca,2,1,2,0,2,301,3,15,9270,8379.52
1961,6f3a63a41b90157c3e46ea20ca6170b854ea902e,1,3,0,0,142,1419,9,437,6458,2972.78
1962,7e9358feb326d48b8c4f00249e7af5023cebd2e2,1,26,0,0,3988,1143,54,803,168293,211163.38
1963,5a6c084f074990a1f412475b147fd4f040b57d57,0,1,0,0,624,416,16,234,30619,2844.74
1964,4a4450836c8972480b9387b5e31bab57ae2b5baa,6,5,0,1,35,17,0,1,7357,6980.14
1965,a17584936cc5141e3f5612ac3ecf35e27968e439,0,3,0,0,1884,141,11,169,14348,3985.53
1966,a0521bc83a168a06f21314a9aff78630a576fc75,1,9,0,0,4319,238,8,176,35009,9742.35
1967,d34074e237ee10b83aeb02294f595714d43e39e4,1,7,0,0,1192,68,6,89,15919,5932.27
1968,370396509deb5c9319c5db880f3e4058b20a7514,0,1,0,0,47,0,0,0,4884,879.88
1969,9ca565e9704d236ce839c0138d82d54453d793fb,0,2,0,0,294,0,1,23,13349,1902.32
1970,2848db814a98b83e7546f65a2751e56fb5b2dbe0,0,37,0,0,9237,1203,33,707,180127,47423.28
1971,d12dd47f4516fe125221ae073f1bc88b702b122f,0,1,0,0,1,11,0,0,12451,1418.11
1972,caf7298e49f646a40023af999f62d61846fde5e2,2,3,0,0,349,6,0,11,5071,3545.12
1973,f37849188b05a6251584de1aed5e66d5dfa7da4f,0,5,0,0,289,95,31,332,29431,5785.63
1974,5a0051f4da6e102846d795a7965a6a18216d74f7,0,3,0,0,143,218,8,35,14121,2808.93
1975,89b07490f8354bb83a67b7ffc917bfe99708e615,0,1,0,0,45,0,0,1,15569,2744.45
1976,09ad9a868a89922e9b55b3e7c5b9f41fa54d3770,2,26,1,0,609,497,7,62,81112,123249.69
1977,8cb473124c1cf1c6f68ead7bde06558ebf7ce47e,0,20,0,1,2517,1242,15,299,61879,18722.24
1978,3ae38ec7dfa1aaf451cf889cec6cf862379af32a,0,29,0,2,830,888,2,156,88044,26310.29
1979,fb06c0083799fa5ca514447ba6b63ce564272805,0,4,0,2,591,61,9,37,3258,3558.07
1980,8de80ff71234f8fb005f297f1ce6d4755633d5e4,1,10,0,0,653,6,2,27,58153,15265.5
1981,8f7d4bb09f760780dd193c97796ebf4d22cfd2d7,0,9,0,0,2152,153,2,125,58666,9221.89
1982,1382ae525c67bf95d8f3a436b547dbc72cfbb177,2,44,2,1,2181,948,15,369,175451,42107.22
1983,260b5e32c427d54c8c74b9f84432700317d1f282,1,2,0,0,981,18,1,26,1330,5947.5
1984,ab934e85947dcf2092050023909dd81ae274ff45,1,6,0,0,88,82,3,15,17205,4919.68
1985,30b797ee9df30260314eeadffc7d51492871b352,0,1,0,0,608,34,0,22,714,752.81
1986,576459801c4e21effc4e3bca796527896b6e4f4b,1,0,0,0,0,0,0,0,0,1389.69
1987,02340a24f211212b91dc7380c1e5b54ddb5e82eb,2,7,0,0,199,87,4,97,28720,6546.52
1988,3d15728ff5301296801e541d9b23bd1687c4adad,0,1,0,0,151,32,1,18,3320,996.16
1989,5dae97a584d30cef3e34141edfaca49c4ec57913,3,45,0,0,4761,1399,36,700,188664,42451.97
1990,085b1e293ff53f7a86aa21406cfd4bfa0f3bf33b,0,18,0,0,1625,424,18,255,103712,34093.94
1991,cbb492578ef09300821b7199de54c6508f9d7fe8,0,3,0,0,1147,9,0,35,9914,2686.15
1992,38262779bbf38a427bad6d044e91165567f1d206,0,3,0,0,904,169,1,19,7371,2939.2
1993,46b6d23e8fbed4c2ba537dd752116c173805bca7,1,8,0,1,87,66,1,20,33911,7867.08
1994,8bb9a5000ed06856abbad268c43ce1d5ad5bdd43,0,4,0,3,953,1,1,5,10046,4796.96
1995,f2231cebcddc80f0b753c4a7cb45ee4040846951,0,29,0,0,1559,400,61,302,143835,27482.84
1996,9729b244de50322c2cc889c97c2ffb2b4675cf77,2,33,0,2,3565,378,5,122,130266,28228.72
1997,043e44bc36fc7f7c59406d3722b0a93607b6fa49,0,2,0,2,74,0,0,1,578,1817.04
1998,2fd02afeca3710f487b6a039a65c1a666322b229,0,5,0,0,516,0,2,14,18130,4748.17
1999,7ae5255a1613ccfb43646f33eabacf1062c86e93,0,3,0,1,254,0,0,0,4698,2215.78
2000,8c6ae0d6199efa327d8f2761f2ad2163a60e5508,0,1,0,0,10,8,6,44,9275,7431.55
2001,02e7dec79d2d4f2b801435343219d8fb53ec931f,0,6,0,0,652,8,2,14,17839,5031.82
2002,737bad02d4cf879fa7d20b7c0e083d9dc59f604c,0,1,0,0,1113,0,0,0,5768,1132.29
2003,7105ebaa9f370db04962a1e19a67073dc080433b,0,1,0,0,27,0,0,1,729,620.94
2004,725cc499f00abeeab9f58cbc778e65522eec9d98,0,2,0,0,245,24,0,15,13632,2193.54
2005,9f2f583f401189c3f4a2687795a9e3e0b288322b,2,31,0,3,8568,5881,127,2507,148635,29947.9
2006,f0c980abed3843923e0eb16b626fa27334195eda,0,1,0,0,90,0,0,3,2732,924.33
2007,a979f3b58fafebbd6118ec1f861cf3f62c59c9cb,0,2,0,0,280,25,5,32,10113,1627.54
2008,dbc9b6433e9276057181cf4927cedf321acd354e,0,3,0,0,320,422,3,64,21068,3566.41
2009,67ed59348d638d56e6752ba2c71fdcd69567546d,0,6,0,0,192,273,0,27,35218,5651.35
2010,e2262d3d18c6d5c2aa20f96920104dc07271b869,0,3,0,0,417,573,24,339,12677,3650.89
2011,f2d7a67a2c1d9dde10ed3171fdec65dff885afcc,0,2,0,0,256,11,1,16,13396,2086.73
2012,ed70fa142cabdbc1065e4dbbc95e99c8850c4751,3,8,0,0,852,20,3,29,9816,6700.26
2013,722b4794693d8bad1dee0ca5c2f99030a08402f9,0,5,0,1,516,51,1,40,5211,3377.28
2014,430b5371883e22abb65f37c3e3d4afc3f421fc89,0,10,0,0,2378,666,9,133,33999,9061.06
2015,ded0200e9c98dea960db756bb208ff475d710e28,1,0,0,0,0,0,0,0,0,771.2
2016,24db0812be64e83a48ade01fc1eaaeaedad4dec0,0,2,0,0,439,2,0,0,14112,1914.42
2017,6ee0d32b98bc3aa5ed42859f1325d5a14fd1722a,0,11,0,0,3964,2628,60,839,45285,9199.79
2018,e43882e84ae44301eabd0122b5e5492da5fe9f66,0,2,0,0,288,310,15,328,9122,1748.25
2019,f05c21285ef23b6a973d69f045b1cb46c5abc039,1,18,0,2,4360,808,22,756,98173,17443.25
2020,b49c3a1813aa8c5b05fe6c02a653286c573137ca,0,12,0,0,2389,491,4,80,52554,32275.9
2021,f446669afb5c3d31a00c65449f27088b39e11ae3,0,3,0,0,3485,820,32,857,36532,6322.18
2022,d324164a51a43d72c02567248bd9f0f12b244a40,1,22,0,0,2427,2767,97,913,85316,25274.7
2023,bc9cb3e271b22069a15ca110cd60c860250aaab2,0,8,0,0,592,8,0,14,28559,8913.8
2024,bf3275dbaa99105d49520e25f5a6eadd6fd5b7ed,0,1,0,0,54,5,0,4,956,742.58
2025,ce5de93a5837e115e1f0b7d3c5a67ace25385a63,0,2,0,0,353,14,1,39,17354,2312.4
2026,a38a37c63417a3b19dcdf98251af196c9d7b8c31,0,18,0,1,5849,3385,79,1805,70565,19356.23
2027,57a84c0d149b693c913416975cafe6de4e23c321,2,8,0,0,1193,176,15,113,34869,9169.02
2028,8234fd0e1087e0e49aa1d6f286f292b7f70b368e,0,3,0,2,984,710,20,257,10416,4586.99
2029,43b41f22411439c5e23629197fb2fde45dcf0f0f,0,4,0,0,479,27,0,49,11014,3645.28
2030,c7c71cdba50cb7d8282622cd496cc913c80cff54,0,2,0,0,3706,663,26,833,29802,4136.33
2031,338b477ff736cb6c8fb8204ab83fb038594dadf0,0,2,0,0,4,2,0,0,10392,2137.55
2032,75ead273bea8a7dad61c4f99c3a16cab2697c498,0,46,0,0,2794,4598,91,1419,207655,40412.62
2033,d368d3647a858644b9fcd3be33d9fea2a6962f69,1,4,0,0,1351,1290,54,364,42890,6449.17
2034,d7e3c3364eb904f55a878bc14c331952f9dadab2,0,1,0,0,45,0,0,0,3173,1297.2
2035,50ee8f4e67a66aa77c5359182f61f3e951844db6,1,24,0,0,1563,1086,3,63,74698,18492.91
2036,6413d34986f3399023426c89c9a0d401c9557716,0,2,0,0,196,35,0,5,15749,2394.29
2037,ea2e60fbcc79c65ec571224bd3f57c262a5d9114,0,3,0,0,2713,423,26,628,17232,107965.04
2038,53a28afe293e5bf185c8d4f2c7aea212e66015c2,3,11,0,0,1241,277,7,317,60993,13651.7
2039,5e21e4ca377f68e030f8f3436cd93fd7a74dc5e0,0,24,0,0,2100,125,4,223,140300,24043.11
2040,fc1031af749435dc95efea6745b1b2300ce29446,0,12,0,0,1902,124,5,37,45135,16417.26
2041,222845632bc2919b03ee08d5bafff3233511e0d5,0,1,0,0,48,4,1,1,1264,770.0
2042,3d0708bdb0a75af3d87bbac9f6c4ffbcabab98ca,1,22,0,0,2726,2229,70,892,90023,43597.25
2043,60882ab26d49f05cbf0686944af6559f86b3417d,0,4,0,0,100,58,2,19,9924,2932.33
2044,abf833a7b228fff2bca4f69cd9df99d532380038,0,6,0,0,3129,3427,90,1566,48534,8117.62
2045,cd655ee817a3307bc1a1a119eb4266978ecd7fb2,1,5,1,0,2415,488,21,391,27888,5814.89
2046,1a495fbb489c9e9a23b341a52696d10e9e272b04,0,13,0,0,3585,573,32,749,81974,15998.53
2047,1af8c148626effe1b41fc536019fd3349f485d59,2,16,0,1,4188,5293,69,1075,93702,20289.27
2048,023133cef9a7ca05364cefbcead57c921589eda7,0,2,0,0,160,4,0,14,9928,2804.38
2049,ef591b1d6a08f08358b19763a874de6010227307,0,2,0,0,106,2,0,0,2308,1184.34
2050,28bebc81db8bb6d1bc2574de7564fe4c595cfe09,0,1,0,0,122,13,1,13,13482,1435.44
2051,75c545486080042952c775f7964212c15ce65f73,0,2,0,0,3101,602,28,757,29756,3725.5
2052,91c741a2a171129638071306482c019d007972ab,2,8,0,0,2392,994,28,590,36246,9214.33
2053,4be648b55c1ce8743f6e0ea1683168e9ed9c3ee4,1,18,0,0,2312,1157,10,465,68361,16353.29
2054,ab04ff9efe632b4eca6faca7407ac35e00e6a379,2,6,0,0,1089,3174,12,198,14858,6250.38
2055,36e4cd3be6f7fec8db82d3d1bcb258af470ece2e,0,10,0,0,1094,1506,68,963,73119,11239.19
2056,3fe61e0bb0d025a6acbb754027f73f3084b2f4d1,1,1,0,0,44,29,0,0,6384,1660.7
2057,61dc2ea3fee4085b19cd2d01de9eacdc4c42e21f,0,1,0,0,71,312,6,37,1000,650.24
2058,922b7ed21d1f1460263ca42f709bb9f415d189c5,0,5,0,1,309,17,2,36,5814,3783.33
2059,987c9e12e184b35a5abab49f4188e22509ad63a5,0,1,0,0,36,2,0,6,6019,1490.83
2060,f53e402635a990458113ba0595655751d83c02e1,1,8,0,1,2293,4014,62,1044,78457,18166.37
2061,4970f2a2ab8f898e85ddc6e5dd477e844424a999,3,3,0,1,472,6320,27,140,11639,7009.77
2062,7660da95cb67cbfe034aa8fa2a5bf0f8c9fdf41a,0,2,0,0,1530,514,7,282,20014,3123.83
2063,2cc9514ad643ae49d30524743420ee9744e571bd,1,22,0,0,1935,3065,41,753,80002,73788.38
2064,f8f5887209a7d8e53c0a77abef275cbcaf1f7a5b,0,7,0,1,815,141,6,111,33849,6624.35
2065,d60e22152ac098da103fd37fb81f8758e68d1efa,0,6,0,0,242,845,5,27,21288,5098.35
2066,18a3dad44afd8061643fffc5bbe50fa66e47b72c,0,4,0,1,1388,10,3,48,4007,3310.42
2067,9e8309a1b2989d07d43e20940d9ac12b7b43482f,4,2,0,0,21,2245,1,0,2876,4083.94
2068,5e8837dd6cc747b3259751930f2a9eed7163bcad,2,10,0,0,4175,3032,49,887,39457,10430.58
2069,75bbcc8bf3fa1daf54f56868dae737f6da12ab1f,0,27,0,1,2023,1754,5,286,81268,21789.16
2070,6f8003dc7bc9e8be7b0512c514d370c303faf003,1,48,0,4,3496,1503,24,324,129111,42235.96
2071,9595cc003ca5ed3d59b6942056a4fcb9080f79c9,2,1,0,0,98,1,0,6,4314,2598.37
2072,8511d80804de052618168a456a475ee0f7aa6d8c,0,7,0,0,457,360,10,54,6177,4296.84
2073,c92f6f360515cc21ecb9b9f49b3e59537ef0cb05,0,4,0,0,47,5,0,3,17799,3365.98
2074,8ddbb8dd433862509bd9b222dddafe2c3a74778a,0,4,0,0,748,42,0,8,17435,3716.69
2075,dfc1c4c303cf15afc6c3361ed9d3238562f73cbd,1,3,0,1,265,112,11,56,5924,4913.41
2076,cfba355052df15f8eb6cc9b8e90e2d8492bec7d7,5,8,0,1,1095,64,5,21,12705,110507.67
2077,416b84354ebcc6f6f23598a5a254e62eb606680d,0,2,0,0,453,3,1,20,5828,1900.19
2078,ef4e9963b25d7d2e30f1071ddcaa9d92a7fe70f3,0,1,0,0,181,29,1,35,5611,988.74
2079,a0e0a63209b5eb17dca5cc503be36aa52defeabd,0,6,0,0,553,39,4,85,13408,3904.93
2080,a8898445dc9b5cdb7230e2e23a57393c9f378ff0,0,3,0,0,263,2,0,1,7623,8324.71
2081,c8d72907ff5a4cb9ce1effca8ad9b69689d11d1d,0,4,0,0,215,110,0,31,29894,4298.61
2082,89d33785780f98a58e1e81eca2c27165840475df,0,4,0,1,2682,256,7,166,10324,4289.37
2083,439614b0c8a3df3d8b7967451c5331a0e034e13a,0,1,0,0,60,296,3,47,7658,1253.13
2084,7947e5b53b9ac9524b535b0384c1c355b74723ff,0,4,0,1,441,240,5,214,11032,3426.2
2085,3dd6395bb2448e5b178a51c864e3c9a3d12e8bc9,1,3,0,0,3102,614,24,616,44523,125509.97
2086,b00c66387709bd7c2411eb9778b5d15de53672fc,0,1,0,0,167,294,9,53,2493,840.38
2087,f0628280c351640a807b05eaf786d051b5a7bd66,0,3,0,1,982,614,7,23,3672,2534.27
2088,98a61766286321468bf801a9f17a843d7eae8d9e,0,3,0,0,102,47,4,12,11082,7495.97
2089,5059958bf4f5541926bae3b145bceb2fd583e4ed,0,5,0,0,2201,2620,54,729,41724,6419.09
2090,279958b772c25e0633bd967828b7d27d5c0a6a56,0,3,0,0,971,1440,66,822,30426,3916.76
2091,d3d019c337ecc10e9c6bbefc3a97c6cd1f5283c3,2,3,2,0,233,52,0,30,18303,6774.34
2092,6dea01f1ee5ea3bf6e146e1b68616c2f43ba4792,0,5,0,0,1450,250,18,189,13089,3602.49
2093,4392325546a49d29720fe705381447a0fdd5826e,4,1,0,1,27,9,0,1,763,3318.94
2094,fcd4cb751665adb241081e42b3403c3856b6c6fe,0,3,0,0,149,56,0,11,12712,3219.5
2095,24d3a2d4fdd836ac9a5bc755a7fb9354f7a582b1,0,27,0,1,1510,1036,14,218,73023,25250.7
2096,0100b155019496d077f958904de7d385697d65d9,0,2,0,0,82,104,0,1,13147,2172.52
2097,4da8490b512a33a255ed27309860859388d7c168,0,15,0,0,514,1808,8,142,87768,16375.14
2098,220ca960bce970d5969b9af570a3ce43360b7e2b,1,8,0,0,2917,2037,79,571,35393,8829.17
2099,6616de24cb14f1c2d0d6568fd4382062618834bd,1,11,0,1,4846,180,7,38,31768,21907.42
2100,02a4a22b9c0e22c2e7dd6ec85edd5c5a167fe19f,1,7,0,0,4189,2268,67,717,44082,15550.12
2101,6633a8474d7e92fa028ede8fd6c6e41b6c5887f5,0,2,0,0,444,23,1,8,15997,2247.64
2102,730f9930a48259f34e48404aee51e8d641cc3d36,0,1,0,0,599,576,16,153,6744,1086.02
2103,888e6309909ee4192ad23e0df79e2918b1ad77ac,0,1,0,0,0,27,0,0,771,581.79
2104,c648317a68891e1c900f04b7a9c98ba40c5faddb,0,2,0,0,154,24,0,0,9918,1573.77
2105,7b1ea9c481fb8c13fc7b64eb1894d96ddfbf4b5b,0,1,0,0,13,0,0,2,6188,885.12
2106,3cefc02af73faa12a6edce904b98ba543167bec5,1,0,0,0,0,0,0,0,0,498.99
2107,2d4ae3d18bc530fa9f81ee616db8af3395705fb9,0,3,0,0,620,13,0,11,19349,3005.53
2108,59995cec4ad9efcef7d4641375ca3eb40e2429ef,0,1,0,0,23,133,0,30,7027,1548.22
2109,4536399d47f6c061e149e2504600804a0f1e093d,0,17,0,0,768,964,10,296,28383,14068.0
2110,6bacaa9a5233cbad7f311ccd9d8f8dc9375c732d,0,7,0,1,3092,1866,46,846,27141,6568.25
2111,ea11590aad952b5b560a5101d064adf27d8656db,0,3,0,2,246,0,0,0,3107,2855.59
2112,8d3030f064116a657c2cbb7c7560af6bed1d5586,0,5,0,1,4948,770,29,195,10579,4995.72
2113,97a2396af685838c9fcb31e48573e758c124d8d7,0,3,0,0,240,45,1,10,5888,2115.16
2114,2463666ecb553dbde1b8c540a21ad3d599239acf,1,3,1,0,262,183,0,0,10482,3087.74
2115,9798065cbb5cf5de94fe8e17ac22388f70e12dd6,1,2,0,0,994,2968,59,579,35860,4844.05
2116,065d8f2a34296b566e7ca541a284f7991212f14c,0,2,0,0,823,10,1,15,7521,2459.76
2117,cdec12d1b84d444e13bf997c817643ec24aaa832,0,3,0,0,346,15,1,19,11963,2608.4
2118,281d47a96937bc329b1b4051ffcb8f5fcac98354,0,3,0,0,2165,1693,78,888,17102,3336.51
2119,b2c85db86c9a62b0a03ee87547265077f664970a,0,26,0,0,1755,1698,41,470,74399,21700.45
2120,cbc01ed08ea36f70afca6112ccdbf7331567070b,0,1,0,0,13,1,1,0,138,6059.17
2121,8f378733423a5244461df79a92c00239514b8b93,0,1,0,0,613,454,16,205,6717,1375.98
2122,e5afac5896a1a88e152746598527d91f73cbb724,1,6,0,0,1098,1367,18,298,51973,9084.66
2123,e453989a5722e653bd97e3e54f9bbdffc9454fba,1,18,0,0,1704,204,8,101,61466,16052.62
2124,d8ea443af0b1c8289a1dd738945831ff8be0e9c1,0,8,0,0,6403,2274,67,1202,70553,11167.69
2125,a2190bf15d25e01fb4b220ba6401ce2f787a5c61,1,14,0,1,1811,136,2,40,52480,14235.59
2126,0c590e1c097462979f7ee054ad9121345d58655b,0,3,0,1,20,36,1,25,15710,3871.95
2127,cdfae446ad285db979a79bf55665363fd943702c,0,3,0,0,1954,1513,27,339,32858,4728.81
2128,0790275f058b0cf41780ad337c9150a1e8ebebc6,6,8,0,0,365,524,0,55,13235,10052.69
2129,7434c44b16765a49168c8f5cb01a3d0b817d158b,0,5,1,0,1413,678,31,190,13499,4567.81
2130,93972a332a9fc6390447fc5fc9785c98fb4c3344,0,2,0,0,151,9,1,17,7127,2124.45
2131,3b50dcdce4ffe3d4e5892fca84909ff22be28739,0,2,0,0,527,8,10,131,9280,2472.53
2132,de30d66b2673d0344346fb985e786247ca682317,2,2,0,0,77,2,0,3,11076,3306.4
2133,470c87dbc6c24dd3b370f1ad9e7ab1f6dabd2080,0,20,0,1,2260,2472,90,1380,92053,20281.69
2134,8860e352c394372e4eb3ebdf82ea899567f34e4e,0,2,0,0,45,73,0,6,17372,2442.67
2135,45db1a0b727965ceb27411ea5567b3a76c63b181,0,11,0,1,2058,1137,38,557,66980,19860.51
2136,2b6bcfdafa91223a4116e3e9304579f5f91dccac,0,4,0,0,248,1546,10,176,45675,4870.53
2137,3d734df24cba53ec56074b4d28e3bcdce7d2894e,0,4,0,0,1300,162,11,313,37216,4817.76
2138,0ed92e5b13f6bbc0ea7475bc67488359413a980e,0,2,0,0,1408,90,7,107,15396,2579.39
2139,ada233b7cd7db39e609bb57e487fee8cec59cd48,5,7,0,3,195,32,0,16,4034,7866.0
2140,4928f5473394981829e5ffd4b16ea0801baf5c45,1,45,1,0,1373,6023,51,648,175123,43867.36
2141,014bd32c58ccd7b4ff66ff1180f7fe9ae25484ef,0,4,0,0,981,427,14,134,10690,2944.04
2142,efc510a570cf880e7df1b69932aa41932658ee51,0,1,0,0,301,210,6,187,3240,1405.63
2143,5f15084bd530865d3e2641b709665b5b7971a74d,0,6,0,2,739,167,12,175,17758,4932.81
2144,c59e7456304def867afe35d6ee009ab572f8fdeb,0,2,0,0,186,0,0,0,7111,1464.26
2145,673280df24f0228bf01777035ceeab8807da8c40,0,9,0,0,6360,513,41,788,61472,12609.72
2146,ade6d9a61eb2e57a975f0efcdf8828d51ffec5fd,0,2,0,1,277,423,5,106,8160,2024.05
2147,c0929ab3c2de76e2d514b7dec11354fea40ea089,0,7,0,1,2867,877,39,571,18630,5779.64
2148,71de367c5e80ea76d1e8d21f0216cd6b879dcee5,0,15,0,0,1475,1262,8,268,69849,14410.61
2149,927577c87ca19e8b5b75722f78e2def6d9386576,0,2,0,0,2,2,2,0,9626,1791.78
2150,e299fe86b889968a0093f9f9b097dd71b4f49e88,1,12,0,5,630,598,19,208,18884,10169.99
2151,98d340745be682fb251677bb4830aca76119868f,1,9,0,0,3255,569,24,743,63250,11032.16
2152,eef7b50e23f9960e4bb61d9db6754a2300bc06eb,0,2,0,0,221,222,3,5,12864,3117.96
2153,12b5b06c063d93e6c683c9b6fac9a96912f59e59,3,29,0,0,2183,4004,97,1500,112069,26888.1
2154,c17439c2ddd921b63b1635e6f1cba634b8da8557,3,26,1,1,620,2069,7,127,122722,23638.74
2155,4c5da9bd94baca4adc7200272bc2de534c39135c,0,1,0,0,14,0,0,0,1028,623.59
2156,321940cf19375febe9660e96d905360cfcc15f5f,0,3,0,0,216,833,4,52,9548,2481.65
2157,a3990ca41415515b986a41dacefceee1f05622f8,0,2,0,0,3,213,0,10,7301,1707.78
2158,c74517c46bf00af408ed866b6577623cdec02de1,0,1,0,0,190,66,3,35,6135,1418.5
2159,6e3fcffe291faec40fa9214f4880a35a952836c4,0,19,0,0,575,1256,9,193,81215,32488.63
2160,015535dc0ad00c2ba357afb3d1e283e56ddda0d6,0,6,0,0,490,629,4,53,55386,14450.34
2161,3682e01984b6d93b35376532da8a8823d69239df,0,7,0,0,1016,235,22,199,20191,6103.53
2162,d112d183242f447d4b742139f3a4ea531a997f45,0,8,0,0,698,129,3,82,27375,7292.12
2163,c7d022b66f0c5baafbb7000a435c1d6e39906efe,0,9,0,0,783,1240,19,153,35345,9558.81
2164,7b424f938c3c306795d574792b086d84e4f06425,0,2,0,0,290,162,0,23,2868,1631.46
2165,fac4e04dd359a7ff31f286d664fb06f019ec0b58,0,5,0,2,774,124,1,62,21176,7186.26
2166,122cad6aec5839d8d515c5008425ecb34f2fa56b,0,6,0,3,1129,145,4,37,10467,5519.29
2167,afe9ea3c12e1f5a71922400eadb642960bc87ca1,0,9,0,0,745,30,3,7,83555,11889.3
2168,88ceb382ef45bd09cf004cf44aedbabaf3976759,0,2,0,0,229,0,0,1,4822,2446.93
2169,2ffd84273ac490724fe7e7825664bb6d09ef0e99,0,4,0,0,74,84,0,35,12957,3836.99
2170,43a1288fff5e323895fde66b9e3eb31a7412fcc2,0,2,0,0,49,10,0,10,3877,1502.37
2171,0b7af27b9a369d6abdb1fb6c216f50692267f3f4,0,12,0,1,6220,1272,54,1333,101475,15095.26
2172,152e5df3b65394c2939d6de3c4a649a207bb58d3,0,1,0,0,78,0,0,0,2201,686.89
2173,f3796224bfdfd88e2428cc8a9915bdfdc62b48f3,0,1,0,0,0,0,0,0,218,537.93
2174,ed1e3ce482f679ae2fad43a203f6578d7af59327,0,5,0,0,903,224,2,54,15275,4172.63
2175,bc99aaffe7b0ed13b1efc37b6a32cdbd344c2d75,0,16,0,0,582,1666,31,327,52742,10821.83
2176,f4ca530c1cc9ece25c5ef01f99a94eb9e678e890,0,1,0,0,17,21,4,35,7027,1180.21
2177,47f4c54106ebb234a7d3dc71320aa584ecba161a,0,3,0,0,61,26,1,15,10758,2693.51
2178,b1e6429a6be382c93e894e46f63037819a5608a6,1,5,0,0,1390,933,15,177,10214,4036.09
2179,1d74ccececaefffaa90c0c18b40a3645dbc819d9,0,2,0,0,865,476,2,3,16393,2639.87
2180,59388a801514d6af64ef27fbf246d8054f1dcc74,0,1,0,0,26,11,1,2,6310,7294.09
2181,7e091de1366f4b57b5433bc19d738199dc05313d,0,22,1,0,7359,1127,56,828,63832,18820.14
2182,fbd88f1062f3c4b208724d208e3f501eb196dfab,0,3,0,0,347,50,1,11,18551,2993.24
2183,06394e37601186d2bcff49ccea00712fda9b3579,1,5,0,0,706,137,2,179,41005,6222.47
2184,cb03768b1b2250b9b5a7944cf6ef918e8a974e20,0,5,0,0,494,2356,37,566,36717,9571.89
2185,f8f7a923b76abcd1d0242c15a536b20af1c1695e,0,6,0,0,531,1252,23,238,21995,5137.84
2186,5956d23b645e272748e2edca4c30231e729b96a9,0,3,0,0,1616,29,1,41,21512,3576.05
2187,31f117138a00794de4951ee8433e304d72b04094,1,5,0,1,479,1264,6,143,41321,6938.71
2188,95b499a3671daae9018ae005c9384fb65aa37320,0,7,0,0,878,581,17,138,21232,5626.07
2189,2196e39e142b0f8d1944805db2bfacd4e3244625,0,1,0,0,48,4,0,7,5924,997.53
2190,030fcfa99c345ad57625486eeabedebf2fd4411f,3,2,0,0,539,51,2,73,1382,3295.1
2191,0712a8103fec6e9a9ceba335e3c3800b85b2c7ca,4,1,0,0,642,1,0,1,6071,3572.99
2192,6374ee0db445e0a1c3462c19ddee345df740cfb3,0,2,0,0,564,0,0,0,32425,3474.18
2193,88d8736ddeff10a03acaa99a9a0ee99dcfabe590,1,3,0,0,284,13,2,31,13837,4290.21
2194,9312b168e2f152ebfb8a7c7b63e74a819adfc5d2,0,1,0,0,139,3,1,14,4364,945.58
2195,98a27d110129c7b32455035831480f1c6197260b,0,2,0,0,1005,269,12,241,11267,4223.36
2196,cc71ad80e184fc6e5043729e8cfcf6a62ca3e71f,0,8,0,1,1458,390,9,178,69521,13204.06
2197,b56daff6a186599764b046248565918b894ec116,0,5,0,0,1148,763,23,226,22377,5352.89
2198,1d37a8812160bb030244a1e6b1c753f962d8d2ed,3,74,1,11,12211,4852,159,1768,255331,82136.28
2199,2bc0a4f299fbd8035e29f62ce9cd22e209a62805,0,4,0,0,464,515,7,72,22776,3739.21
2200,b57c9a35f76612a02e16497ea92fbc3f4dc524ec,0,2,0,0,555,4,2,26,2848,7060.81
2201,a7862d5fe4c505f5d4b0c675438a971733f1f53a,0,5,0,0,861,2754,42,552,30712,5267.34
2202,e535e0f05b5fbd087c93238deb888cc985254b4c,1,26,0,0,1682,4643,106,1256,121787,25878.8
2203,a88f31ebf3433392419127816f168136de0a9e77,1,3,0,1,815,15,0,8,13695,4078.61
2204,51a00964da0e399718d1cec25ff692a32d7642b7,0,1,0,0,40,7,1,14,3658,744.9
2205,9c3571ea607f0953487464844ed0d46fdb3e9f90,0,4,0,0,264,4,0,2,33633,4466.83
2206,3aac4758b007a56e3d66998d457b2156effca528,4,57,2,1,2510,4092,51,656,157405,44828.78
2207,80a29906bcd718bbba223fa099e523281d9f3369,0,3,0,0,338,182,2,98,6070,2772.8
2208,0bc15cb6e60dc60885234e01dec1c7cb4557a926,0,8,0,0,3948,244,6,187,12165,7542.53
2209,c8bca62718203a1dad9b70d164bdf10cc71b40cd,0,2,0,0,114,488,3,22,15453,2137.72
2210,7087e700e032dabc174ecc12b62c12e7d49b995f,4,5,0,0,415,2,0,0,7596,5326.86
2211,745d04be59accf80feda0ad38efcc74ba362f2ca,0,25,0,0,1034,941,8,142,88168,21494.13
2212,490bb5ebd6c6d6f9c08fcad167f976687fc3aa42,15,22,10,0,824,3768,21,469,93956,48209.57
2213,4cbbfa2220e884e91bf18ad1cc2f3b11f895f8c9,0,17,0,0,718,336,10,113,82805,18803.17
2214,eee0d4563c62647cfaaed6605ee713aaf69add78,3,13,0,2,455,735,17,80,29412,13799.28
2215,c992bcf9c136d3df686655a80e636bb7bb0664da,7,7,6,0,224,365,1,18,34087,13848.71
2216,f44b599003bb79b1ec9b92e7546546523ec01676,0,2,0,0,26,0,0,0,11716,2371.73
2217,067ec8c2b14fb0929dc348b763383838e06ff8a5,2,9,0,0,2004,262,16,424,34301,10125.87
2218,164cbe643988f878f0f4100a4de51783e5b6738e,1,27,2,0,5974,1379,71,1378,126780,29513.99
2219,7e971b7315fa2942b4db7ba11ed513766957b777,0,9,0,0,67,172,0,25,30267,7448.59
2220,6d12cd8d609dec26d44cece9937c35b7d72a3cd1,2,1,0,0,452,2669,77,848,15573,9362.27
2221,bdbe53c676dd4ff135ea2f64d3b9193fe43d7c8e,1,3,0,0,538,11,2,18,7864,2815.66
2222,837fb75e8e03b2f016bcea2f4605106a5022491c,13,3,0,0,314,2,0,4,8727,8185.9
2223,65ccf2b1252a5c83755fa24a93cf1d30ee59b2c3,0,2,0,0,218,573,15,176,27446,3167.34
2224,de928d566a119f0b7fa5f171719642cd86be0af7,0,1,0,0,294,61,3,35,6044,1453.29
2225,60bd765ac1b7d21189efc47058c00ff956a2dc86,0,9,0,0,860,100,0,2,15232,5919.25
2226,c92e31bd659e95c8baa0f3b2bf0cd7f6f72278e6,0,2,0,1,420,0,0,10,1956,1942.59
2227,ed78b14ebc9a21bb57ccd088e8b49bfa457a396f,10,20,8,0,1235,830,1,65,73728,20612.59
2228,715b9c649982bff91d1f9eae656ba3b82178e1a3,0,11,0,0,571,430,11,197,69578,10689.24
2229,970daaa5e44d3c09afd46d1c8e923a5096708c44,0,2,0,0,125,13,0,3,3704,1600.85
2230,0f0e897bf1ff8383f3f524ba83161969531b0772,0,6,0,2,960,16,2,75,24120,6395.74
2231,f62237bc2f02afe11ce185e13aa51a60b5960037,1,44,3,0,9069,851,107,1544,177129,39360.59
2232,a40342b0dab1f9137ae4b3679a5aca7f2a57d23d,0,6,0,0,1229,1318,8,184,43957,6536.6
2233,9538af0e1a7428b8787afa8d5e0b82c1e04adca7,0,3,0,1,1154,16,5,63,5997,2875.83
2234,6955771261ad0047056eb7c2505ba9915fce60d3,0,1,0,0,11,10,0,0,557,556.17
2235,7b5cf5352efedc7d7ebdbb6b58f1b9a688812e75,1,8,0,0,234,23,0,11,28000,6150.64
2236,76957a485b526468498f93e443544131a88b5684,0,10,0,1,470,410,1,21,31896,8101.59
2237,a4405674919d14be89bc4da22db2f417b5ae6ac3,0,5,0,1,150,879,5,19,16630,23204.83
2238,083b44c136ea5aba660fcd1dddbb2d21513b4456,1,5,0,0,1464,970,19,271,15981,5323.45
2239,2ffe2db95ede7f30aeaece4619db7eb08b84280e,0,1,0,0,257,8,1,29,727,817.91
2240,44776437493db3dc7796fcd23a0301bc48a1781c,0,1,0,0,164,0,0,2,509,7653.67
2241,08024d1b0ba0d399ae910a7226a98b019be6bdfa,0,1,0,0,10,0,0,0,2057,810.16
2242,9eee97508f350ed4629abb04e7781514ffa04070,0,26,0,2,3807,1497,17,254,76425,334842.36
2243,2ff6faf954eb0f1ab2b339d589edb30040087669,0,2,0,0,376,0,0,4,7198,1823.74
2244,92c1af1646b1d91a2ab7821e4f7d450e3b6e10bb,1,7,1,0,131,94,7,39,32437,11273.9
2245,3f4275310203de4ccfb15337f3c503e25408a265,1,10,0,0,117,566,10,80,22739,9818.78
2246,06022b8fdc40e50eaac63758246353058e8cfa6d,1,21,1,0,11336,12821,49,819,72120,27814.73
2247,dfd807afab0fae3839c9cc5d552aa0304444f956,0,12,0,6,413,62,0,23,30805,12529.42
2248,63d9f1596c92206cce3b72e3214d2fb5f6242b90,5,7,3,0,77,1118,7,26,33911,10580.96
2249,c09dc258a8f64fab852bf6f26187163480dbee3c,0,36,0,0,4997,736,24,439,99051,32843.08
2250,06d1c9033effcd2b1ea54e87229d5478d85732ca,0,2,0,0,26,0,0,0,909,1178.37
2251,4893adff19065cd6094dee97862cdca699b131af,0,59,0,6,1873,2631,3,72,148542,54994.8
2252,ead1b9e680201e8ad789b55c09b3c993cbf4827e,0,10,0,2,171,377,0,20,36555,9698.02
2253,71a81b6257c0000475ad62eb69292a20d45d269c,1,5,0,0,163,1084,5,146,41286,10817.42
2254,692b1a45ce46a76586c9c375854940454eeca306,0,11,0,0,113,141,0,15,31863,8905.46
2255,7a3c381b39887a02e944fa98287afd0eb4db3560,0,3,0,0,1545,21,3,55,13413,3053.57
2256,bf37d3d80e5179dea27e5bd5aea804a38aa9934c,29,21,23,0,622,1288,10,132,99990,226538.01
2257,892ade689f9bcce76daae8f66fc00a49bee8548e,2,51,1,6,3207,1548,33,594,166058,44233.31
2258,1c030c6e58dc83152f933323bb7743ad47f5af27,2,0,1,0,0,0,0,0,0,3038.19
2259,6419900ac24a5493827abf9b5d90373bc1043e0b,0,17,0,3,5405,3548,54,541,59700,18203.33
2260,715dbddf77866bb47a4b95421091f64a3785444f,0,1,0,0,19,4,0,2,12608,9266.61
2261,39285e6a1978ea5e53bdc1b0aef62421382124a8,0,23,0,1,700,2208,5,259,68018,17223.36
2262,30e2f836a26490a24c7ddea754dd19f95b24bbc8,0,1,0,0,47,6,0,4,891,654.38
2263,2fc2b50534c2052ed3f6f38f30d29d98d99fd10a,0,2,0,0,44,0,0,2,1877,1292.88
2264,a8b4d0ff283a0af1075aaa94904d4c6e63a9a3dd,0,8,0,2,1066,467,29,353,21198,6726.6
2265,8b7339312cb06b7e021f8f9ea6e3a20ebf009af3,0,2,0,0,360,85,3,45,7880,1443.19
2266,0f5f9846edab3ea7e80f35000072136f998bcd46,3,6,0,1,606,1909,30,600,23130,8912.35
2267,69b025dbbaa44395e49d1c04b90e1f65f0fc1132,0,1,0,0,12,0,0,3,7048,1282.29
2268,39581e3be2aaeb1eeb7fb98b6bdecd8d4e3c7269,0,14,0,1,566,120,3,3,15217,8804.27
2269,d1e1925bf6c3cf7fd23ed8df5a5e18677fc299d8,0,3,0,0,1309,47,4,120,29544,7341.93
2270,da8441d0fe9149bb845dcf701fdc86e786b6afba,0,2,0,1,7,9,0,4,2460,1680.79
2271,be7a0add8b6561d3c566237cc0370b06e7f32bb4,1,12,0,2,793,685,30,164,50225,17982.42
2272,e27c2ae8bafc94f18eb38f5d839dcef5652d424e,0,15,0,1,2205,1030,20,405,67678,27142.69
2273,d806a5bf079bf136114520c5a3a9d1f16ecf2eda,0,2,0,0,1114,51,0,56,16466,2511.66
2274,3dadf369d550c2ae393b751cb5a184dbfe2814df,0,11,0,0,4321,334,20,489,74834,14440.75
2275,ab3c4cff4af338caaa23be0ec383fc1fe473714f,0,8,0,0,709,75,3,106,31037,7922.03
2276,67e3d75aed1c1a90cabffc552d5743a69ea28b54,0,1,0,0,5,0,0,0,151,627.38
2277,5e718de522328d1112ad38063596c204aa43f539,0,2,0,1,165,49,6,11,2349,2365.77
2278,aa09880ab85f3c35c12373976e7b03f3140b65c8,1,3,0,0,350,8,0,1,11141,3777.98
2279,bf8e45298218f70e38838152f69c7705d8606bd6,1,12,0,0,2448,556,16,211,42549,12533.03
2280,97913f430cbe3f82ac866ae6ab8f42754102f6c0,0,6,0,0,1560,68,4,37,47269,12487.87
2281,6ff6663f64476eab5612ae9eb409104f44c6e6c7,0,1,0,0,62,0,0,34,6163,1690.5
2282,e287e7d14b838a866ba03d895fa35819999d7c09,1,5,0,0,419,1386,13,58,26872,6877.76
2283,588baab160e7c328dca1c45cf3541e79218406e8,0,3,0,0,668,17,1,31,9533,2436.8
2284,8def51a708e5de8a57689b8c9b3fd034cfd2cd78,0,7,0,0,680,46,3,29,45260,7898.65
2285,90e14055168afdb93fa8089158c03a6a694e066c,1,0,0,0,0,0,0,0,0,581.14
2286,d565480da2f646b40c3180e1ccb2935c9863dfef,0,3,0,0,192,8,0,0,12459,2132.38
2287,ff47f35deed14ba6463cba76f0e6a6c15abb3eca,0,1,0,0,166,28,2,17,4592,911.97
2288,482e35c55a4bec27fa62b29d9e5f125816f1d8bd,1,2,0,2,79,0,0,3,672,2666.44
2289,0b18e5e8c69b40c9a446fff448d38e0dd10cb45e,0,3,0,0,152,130,2,25,35148,4387.51
2290,b64242c0d2cabd225a8fb7d25fed449d252e4fa1,0,3,0,1,518,0,0,5,4797,2341.41
2291,bf6aa30a156b3c5cac5469014a5989e0dfdc7256,0,3,0,0,412,20,0,1,12692,2391.94
2292,2741a2109b98d0febb463cb318018ecbd3995102,0,3,0,0,345,2,0,2,10668,2667.34
2293,2fda45b9dc9c0bf9bb1380134c80836e89d50471,0,1,0,0,3,0,0,1,1854,691.02
2294,02653add98f34deedc27f4da2254d25e83e55b58,0,2,0,1,60,0,0,0,28993,3674.68
2295,dfbde3fc511495ac998f07d674a87355de75fc04,0,4,0,2,190,78,0,13,9243,4672.24
2296,5b714a2819c5d5e0196471f289820ddd18fbaff9,0,2,0,0,444,0,0,2,1896,1438.98
2297,a4bd54f9d776f39080b41913afa455f8c0f6e46d,0,1,0,0,4,0,0,0,1192,661.86
2298,5aba093361dcf6bb642e533700f772b9a94154ad,0,1,0,0,11,11,2,4,2153,857.55
2299,001ecf962cc93f4b880922b6eb03a5ca5d21f661,0,1,0,0,90,0,0,0,3326,785.26
2300,411e2b2e7cd63273a3819f99a3275821dfbcc9ce,0,3,0,0,833,562,4,254,17967,9407.21
2301,91a5c4814381a4d4c3ce9b29a1f85299e03be835,11,0,0,0,0,0,0,0,0,5626.29
2302,e556c35b0596700f9ec9d0a51cf5027259d531b5,0,1,0,0,3,14,0,1,28397,2567.7
2303,9f256d1d716a7e17606245fcfc619901a8fa299a,0,2,0,0,38,1,0,5,2614,1447.94
2304,1c05393b51748033279bff31dbc5c5cae7fc3a86,1,1,0,0,19,0,0,0,8766,1550.68
2305,a49cc74b4c72195dee1dfb6f9548e5e411dff553,2,18,0,1,1353,2869,17,180,86267,18070.05
2306,e8bd1ba74b2fc7a6a1b71d068ef01a0fb0bbe294,0,2,0,0,64,27,2,14,8203,1541.33
2307,cbc7b6bf97a80c39d4bbb3005e42dacae6726baf,0,10,0,1,2140,276,47,774,35484,8986.43
2308,e02bbeb8862ee5bca572a0252e8ff3a3699eff5a,0,3,0,0,213,61,1,0,2833,1784.9
2309,65f395226ba6cc3750a268a308e288b916f8df1e,0,12,0,4,3661,480,45,392,39840,13102.74
2310,576b569b6c97bd5f57e52efdabdf8c2fa996a524,0,8,0,1,1460,48,4,169,27938,7646.4
2311,796a676d18bd7cd3ed4113d002e0e69cf261d6d1,0,7,0,0,320,596,13,205,60284,8147.25
2312,e53456981474d6e16e3c134e3777b3588dc6fedf,0,1,0,0,11,0,0,0,17558,1591.34
2313,8602692338d6f493647205e0241e4116211fab75,0,5,0,0,177,130,4,34,53503,5743.29
2314,49949a4bb03aa81cbb9115e91ab1c61cc6dc8a62,0,2,0,0,49,8,0,7,13889,2328.43
2315,f741476146574550a1a208d58ef8be76639e5ddc,0,13,0,0,2280,140,1,56,55979,10797.9
2316,72a3f649e4db2b1cc18a8e203c321cc1832435e4,0,1,0,0,214,53,4,8,5068,1251.97
2317,e63388fdf22b5fd20ca00f9fad9f40656f117d95,0,1,0,0,24,15,0,1,903,633.52
2318,61ab0440f7eaff0f631cbae0378403912f88d7ad,1,10,0,0,2299,255,7,71,50873,21604.1
2319,52ad9125b8fbf1b4a92ef30969f0ec4c5f9d9852,0,1,0,0,1,0,0,0,1588,710.04
2320,bb540ba85aa37d9fe31e640665158afe8a936230,0,4,0,0,441,118,7,37,17508,12816.74
2321,0087734cc1e18e029ea39f06ca25c8a7d60af004,0,1,0,0,22,0,0,0,734,780.21
2322,70d6f201260086a3f12beaa317fede2a99639fef,0,20,0,1,1256,727,24,310,70874,17901.89
2323,df83230948204ee2d2b06ecc66ce0163e2df27ef,0,4,0,1,490,6,0,16,8646,3789.57
2324,8cfd672397efd91c471c417afef3aff85f64b506,0,1,0,0,13,0,0,0,701,717.12
2325,5724a103161424f4b293ba937f0d0540179f36ac,7,2,0,0,412,4,0,2,1190,5025.4
2326,38c4c14472996562eb3d610649246770c2888c6b,0,8,0,0,847,770,15,199,35447,8197.08
2327,8315582c4ff2951144b096c23a64e753f397572d,0,1,0,0,6404,94,5,136,1138,1715.38
2328,57d0a94305b22a469062c7ce85b3159fee17a28b,0,2,0,0,338,150,1,21,1713,1587.32
2329,3616c7b855962014750a3259a64c6e2a147da884,0,2,0,0,1277,39,0,11,7947,2094.52
2330,b7372b7166a13111b98794602ca4c166dfd78d29,0,2,0,0,167,20,2,4,6780,2827.77
2331,2fd19b9674420e025af54a5bed12eb96478f8c48,2,21,0,0,4620,1574,70,582,113394,176106.32
2332,c304890c8c7782d835896859f5b7f60b96c306c0,0,17,0,0,1292,434,11,123,96577,19288.81
2333,95363bcc7dae28ba9ae2cd7ee9a258fcb58cd932,0,7,0,2,1133,267,11,202,24986,7268.08
2334,d62b4a4de75edb840df6634f49cb4beb74e3fb07,0,7,0,2,1513,150,15,143,22636,6701.63
2335,e8650fea1f0837026cbb36ae8bf51c6133259809,0,1,0,0,114,22,0,1,2228,834.19
2336,bd909ed9f2d853f614f04a50e2230a7932732776,0,15,0,0,3364,340,7,158,100447,17535.25
2337,ec25c7f9c7e60c077d8c4143253c20445fcdaecf,1,11,1,0,184,111,16,25,65501,10532.55
2338,662e17b46a0f41ade6a304e12925b70b5d09fc2f,0,10,0,0,2678,688,13,406,28713,9708.26
2339,ee005e010cff3f97a5daa8000ac2cd151e2631ca,3,0,0,0,0,0,0,0,0,1619.89
2340,34ab50ea92370cc7440a8f7649286b148c2fde65,0,5,0,0,567,18,0,17,22815,12186.16
2341,e50aa53eed3d0ff1bc8fe60381524bb3bbe53bc1,0,5,0,0,636,211,5,44,22470,4554.73
2342,4d7055e0c8d1936d6c87cec14dbbfdff77b837f3,0,2,0,0,394,6,1,18,1582,1342.58
2343,9d494f0c0eaa05417f3a3e88487d878d1731da36,1,4,0,0,1558,61,7,105,7586,3536.62
2344,dd9ebf6eedfd4ff8b3486eae2a446de6b0c7fa8a,2,27,0,0,2299,2453,40,288,70726,153577.98
2345,4ae543fdcd6dcfbe32257b1e72a405df9aa73e17,3,9,3,0,296,270,16,70,33478,12131.75
2346,04375756a5ed6e907ee7548469c2c508aebbafb7,0,4,0,0,419,19,1,18,21885,3749.51
2347,d6b1acb940180befeb4c855d0e4a339dbc035e7d,0,1,0,1,10,0,0,0,301,1066.32
2348,1bcfab8e7fd8562f1829ac484d2f6c91f7afe3d6,0,2,0,0,285,48,1,32,10163,2554.04
2349,4e5e1c0f9938e51699c0437731e7b2eef699d6da,1,4,0,0,153,662,2,26,6744,3558.7
2350,5b59a0ea85c923384e36ad7c036e751551774142,0,2,0,0,373,29,4,21,2526,1374.06
2351,aea31eee78a287f251447686ba3f5bbcfe9c60a3,0,1,0,0,1,0,0,0,6529,1218.03
2352,dbe49c1bd6f62f04cf4290795b81a66fbd41d44c,1,3,0,0,260,156,4,33,18191,4068.51
2353,a0fb2eff9b71e2e2c0e53262773b34bed82585d4,1,6,0,0,177,208,9,8,28872,5024.99
2354,bc425a623fd06c4f56106fb2ea662b19e4434d11,1,0,0,0,0,0,0,0,0,570.58
2355,0aa8c828943e184f72699378c67873a406d457cc,0,5,0,0,338,183,10,52,6189,3119.58
2356,33ce7f6c072144f55be30c66099eef5bc736405e,1,3,0,0,550,23,2,27,3706,15294.44
2357,9b959f3ee70cfdaf532d72f0bbbd1a4be0be12aa,0,1,0,0,25,3,0,3,3808,1190.12
2358,c78740a979c1b434c6595b302bd376fc3d432509,0,1,0,0,29,1,0,3,1083,722.93
2359,e6a7044b8530afded8f8e86ff309dd0e4d39238a,0,6,0,0,86,82,0,20,36050,5724.02
2360,9fdfb546fb67526ba261da5cbd005f33e0f1d9e1,0,1,0,0,120,3,0,5,750,7806.23
2361,1de1641f17f890059e85e57304ce33c7070a08de,0,7,0,1,801,56,3,77,24315,8478.64
2362,77ba5add0d9cb10d45ca9122bca48baa7c8fb3b8,1,2,0,0,1104,33,0,10,5571,3009.89
2363,2536ece7b67ccfeac44314615a5f9dbe771ce373,0,2,0,0,880,103,5,113,3005,1879.51
2364,0fb14aaced7afdbbb72e59316c186ebf6ec2d091,0,5,0,0,53,33,0,13,22682,4469.19
2365,5d1889a66d91608d34ca9411fb6e9161e637e9d3,2,6,0,1,1189,16,0,26,12616,5681.21
2366,e54cc2931262bf49682a8323da9811976218c03b,1,10,0,1,913,285,8,135,36318,14338.16
2367,d5abd293a890a8a1da48a166a291ae1c5644ad57,0,1,0,0,12,10,0,12,18434,1658.0
2368,f313516731d787f6be64c9406ca83d941d47ee99,0,1,0,0,21,22,1,4,25935,2381.95
2369,2b1b2faf76a7ff148650a7836935a85439f60c49,4,8,0,2,1420,409,8,67,22768,8691.67
2370,66289a3bf403f307844ea0b6ceed35b603d12c0b,0,3,0,0,791,264,5,112,16121,3425.81
2371,647a35e996d33d8df898891760305222446b68f5,0,2,0,0,108,6,0,0,17225,2078.31
2372,def754ec064c8502fbd736efae738bcbdc735f0a,0,11,0,0,1217,498,4,151,35142,10233.04
2373,47b92f2b6f2dafc129a41b247f35e77c8e47ffba,0,6,0,0,1455,500,5,69,23262,5463.24
2374,e646c2eb50b9ae2b0b084d78a4ea68e106804321,0,6,0,0,578,65,1,19,16776,4839.84
2375,ccff6035f50769eb69701128ae61efc69e82609d,0,4,0,0,1682,45,1,98,26678,6107.2
2376,8808779db351fe444388d4acb3094766b5980718,0,6,0,0,340,944,11,85,33987,6276.27
2377,c2460dad642feee1086442d33c30c24ec77236b9,0,5,0,0,295,76,1,51,5493,3128.6
2378,700b0e4019cf483f7532609711812150b8c44742,1,5,0,0,1952,80,12,221,10265,6059.15
2379,d1d4e16690cc85f7f22fbead9cf596260819b561,1,17,0,0,1047,289,12,203,66971,15671.46
2380,408f2c807bbaaaa37ce1b69a5dfa9d76ed427d6e,0,8,0,0,1370,489,14,70,40213,14884.76
2381,2151716832ad14932dd65b1a4e47e64d8d6cd767,1,18,0,0,2237,800,27,462,81825,22836.66
2382,307ec80acae3b4a41d21b2d4b3a55032e55fcdc6,2,9,0,2,1019,1708,10,88,38363,10774.53
2383,4abb2fa687a80d2b76f2751dd31513822601b235,0,2,0,0,58,2,0,1,17331,2172.89
2384,e2ddf824694eb4605f3bb04a9c26e4b98529f5bc,0,1,0,0,71,48,0,3,1671,929.45
2385,27e0681f28ee896ada163bbbc08fd44d113e7d15,0,4,0,0,135,22,0,29,30417,6384.35
2386,5abf051249d485313dfffc6aeff6f81c0da1f623,0,3,0,0,206,19,1,15,3529,2234.81
2387,67880ccae6568516ff3d13185fd7f250b234a2cf,0,1,0,0,12,0,0,0,1928,706.86
2388,27941a1811831e0f2144a2f463d807755cd850b2,1,13,0,0,1739,68,2,237,85272,15711.29
2389,9847640603ace60d169206a40a256f988b314983,0,4,0,0,922,238,5,50,14129,3077.57
2390,2759689d7d23001f007cb0dbe2521de90734dd5c,5,17,0,0,1890,375,3,49,81372,18921.14
2391,747227e9dea10ac6b5f601b7cf4dcc418b10d9c8,0,8,0,3,98,88,0,10,5114,6512.83
2392,743a99f2dbc9a27e19f92ff3551937d90dba2e89,1,4,0,0,266,47,0,20,19430,4222.67
2393,7600e3c48ff2043654dbe9f415a186a336b5ea6c,0,16,0,0,1837,672,30,215,37671,13739.33
2394,918722bdd202acbeda92d650ff0dcecbcd8a0697,0,4,0,0,741,2,2,11,14736,3082.62
2395,bd49354c6d6387620b0de2219eab1714ec2d64f8,0,2,0,0,194,0,0,0,10415,1681.85
2396,e01c6ea688e62f25c4310e771a0cd85b53a5fb87,1,8,0,0,693,576,6,93,60981,17481.11
2397,75a711a2d53966361f5d5fa727b43c9fddb01504,0,3,0,0,460,33,1,5,14968,2544.53
2398,d4574017845cfa7521e703f80efd404afd09b8c4,0,1,0,0,15,2,0,0,2274,721.44
2399,32d043d9c5f4615058ea4f65a58ba271ba47fcb5,2,7,2,0,528,297,23,266,37563,8597.12
2400,63c966a3fbeb675959fc4101e65de9f57aecd17d,0,4,0,0,592,2,1,1,21909,10730.04
2401,cd8b6889a74a949e37f4b2eb664cdf3b59bfb93b,0,23,0,4,1801,305,9,103,73915,21638.84
2402,e3bb38d62567eafe57d16b78deeba1b71c58e41c,0,9,0,1,1296,87,4,90,50748,8638.04
2403,680716f31e120f4d3ee70b095e4db46c05b891d9,0,2,0,0,2110,443,3,614,10477,2102.91
2404,0a74610d1c7c7f183d2b2d0b7a775add53cf6c94,0,13,0,10,37,26,14,48,21907,13781.01
2405,4fcfea71bfb16295f3a661e712d66351a1edc55e,9,0,0,0,0,0,0,0,0,3987.39
2406,3a4ff7776e8fab6cc87932b9aa8fb48f7b69c720,2,10,0,0,2027,86,11,88,37869,8705.62
2407,730bc746f9ac6e045e94dc2bc622b16de0159b4b,0,3,0,0,3,15,3,0,1108,1516.49
2408,46a5245db95f2aad199100d2886381398070124f,0,2,0,2,148,0,0,0,1621,1970.75
2409,09d63d5a192b5d6b172f94ff6c94da348fd49ea6,0,3,0,0,439,11,1,17,5997,2139.54
2410,d95c6eb32cec7768ac418fb467b1198ccf3cf0dc,1,16,0,8,6479,1565,62,872,38132,18110.43
2411,f6b1a818124cc42688c4c5acaf537d96cf00e43b,0,4,0,0,718,58,7,74,19701,3750.52
2412,917464505c0e930ebeb4c775d829e51c56a48686,0,2,0,0,242,1,0,3,20559,2713.68
2413,050677077beaf42255b3936952b8e816a9201203,0,11,0,1,771,203,3,35,28258,8953.63
2414,aede8c10ecad4f2a8802a834e4bd0b8286cebade,0,9,0,0,1267,923,7,82,39180,8450.72
2415,654cd1d0c0427c23e73804fc9d87208f76bbf6aa,0,1,0,0,199,104,1,40,3118,920.25
2416,8d29e2451f5ca60f864c7ece16722c0abdd1c657,0,76,0,51,9255,1679,45,662,122479,76782.74
2417,3c18a53cbd2efabb2ad108d63a0b0b558424115f,6,3,0,0,110,4371,5,10,7004,19561.25
2418,7820737cfa178d9de1bcbb1e99b9677d70901914,0,7,0,0,797,79,3,58,27524,6773.33
2419,209303be3a4d038b420ae3c11230d419bba07575,0,1,0,0,162,3,1,1,153,601.98
2420,35f07705552ef5636f8b8d2599a6af5ec1426203,4,3,0,1,324,411,4,39,3900,11055.68
2421,314aa21a89134fac68ac3cb95efdeb56bd3d7b05,0,4,0,0,202,215,2,16,28115,4258.84
2422,63ac2db59af2b50e74dc892cae1dbc4d2e061423,1,6,0,0,661,5,6,57,31547,7034.06
2423,8eadd7145ef1f9222adbe37d5839e8c72ccb7405,0,1,0,0,3,2,0,0,20377,1838.3
2424,5865fe2bf01284993572ea60b3ec3bf8b4492818,3,25,2,1,1849,860,17,109,103122,33260.44
2425,919a1d824a0a61145dc7ae59cfba3f34d91f2681,0,4,0,0,701,4,1,6,25774,4176.79
2426,0a152103f19a3e8e1b7f33aeb9dd115ba231d7b7,1,39,0,1,2395,221,5,250,179826,42014.97
2427,1594b472bb9df7537dbc001411c99058cc11ba41,1,8,0,0,1473,79,4,47,26776,7924.02
2428,af9b000535cc987f66327e2b2bfe08923ba24c13,0,1,0,0,29,21,0,2,3658,1287.85
2429,45a753ccf79d334513c7bc8f2b81c89a4697075d,0,2,0,0,331,2,0,1,17507,3257.94
2430,dacd1f50feb24ccdf6155b2b7a6126fe21a47ad0,2,8,0,0,1378,40,6,384,18079,7198.44
2431,687233f20d24c29041929dd0a99d963cec54b6df,6,6,0,0,1733,20,37,427,37065,12062.14
2432,45788204ae2ac82ccb3b4fe2fd22aead1dd79f0d,0,1,0,0,8,75,0,0,3168,1043.34
2433,ad9441122f31547fcab29f50e64d52a8895906b6,1,4,0,0,241,188,2,20,7722,3152.79
2434,e24fe2641b4117601105fa097c8848d82b96b74c,0,5,0,3,453,50,1,23,4169,4318.74
2435,010e6ac328855bad59f138b6aeaec535272f448c,0,2,0,0,255,15,0,8,6358,1985.04
2436,5df2d2b8fd2932fb6e931d948fb6620ab7bcf0bb,0,7,0,0,427,32,2,2,17032,4275.03
2437,bcde1562d25c4f5595f4e3436dc3630315b1ceed,1,4,0,0,123,4,0,0,11393,3393.7
2438,500e946729e1b85fdc0ce8475d8ce118ba886f46,0,3,0,0,331,52,3,62,12325,3457.55
2439,eebb39a56fe504672b79ea04c6040e360496b6d7,0,3,0,3,476,583,17,208,3957,3442.05
2440,57c31a3fef625f1ec609d7e8873d4941f7ed5cbc,1,5,0,0,1939,488,11,77,5277,11124.86
2441,15ed080e3610b7526eff12391de780948a75fa7b,0,10,0,0,688,78,6,77,40115,9784.98
2442,d749cf65e1ab0e0daf5be86931507183f189e855,3,12,0,0,1217,359,6,45,27018,10067.06
2443,aadb77e412ab9d4ad05a0bd8b37d547ba5adad03,0,2,0,1,108,0,0,2,20553,3743.76
2444,be34e85e682880f46eee0310bf00ecc7d39cd5bd,0,3,0,0,538,35,2,43,13336,3589.17
2445,ae047655f4355288406cd5396fb4e3ea7c307b14,0,5,0,0,312,53,1,27,37538,7612.68
2446,8ea9bbce2614e8eb499af73589f021ed1789e78f,0,1,0,0,21,0,0,2,7880,1081.42
2447,0accc3306d830c3f2b16c4b8abf68729c7aba6cb,4,1,0,0,110,2,0,58,1390,154998.89
2448,b48f27e794e42ba90836314834e872616437d7c9,1,2,0,0,504,100,1,13,829,1987.07
2449,2ca73445f5c2929d9c2ff4232dca58a63a0570a0,0,1,0,0,139,0,0,3,2813,1327.34
2450,cc6c265171aace1e57653e777a4a73a747221086,0,42,0,5,5703,1412,18,244,117961,227624.96
2451,bf780406f2b30e627bdf36ac07973f6931f81106,0,5,0,0,198,4,0,16,1797,2869.89
2452,5f6b4157a40e974ccc6a56c39dbd35c54f393fbd,0,6,0,0,527,42,4,49,27972,6837.41
2453,f2ac132d6a21c215093b7f87acf2843ac8123716,0,4,0,0,639,0,0,3,23032,5578.87
2454,26172a94d6431e70d7fe15d66be9a7e195f79f60,2,23,0,5,6076,2349,191,1381,37918,33522.4
2455,bf74dbf80dc9379d669779a598950908adffb8a7,0,1,0,0,332,15,2,34,1297,1029.42
2456,d328e667067743f723e332d92154da8e84e65742,0,8,0,4,4465,904,46,627,15168,9277.12
2457,2a0082c51da7cbe2770eddb5f72cd7f8d72fa5f6,0,4,0,1,368,0,0,2,17044,5475.07
2458,23c3ff85a9e73d8f0755e14f12cc7c89b72acddd,0,9,0,7,123,81,15,15,11018,9899.21
2459,991c946593454b73b56f3c403fe128afe6f46355,0,2,0,0,30,11,1,4,238,1107.45
2460,2e835d986ecdc881eab3ab9650d854b6df482b20,0,1,0,0,50,1,1,0,3507,8558.35
2461,932aed64d77edcc8483a95c1ce31a4c9ae679446,0,1,0,0,5,0,0,1,10360,1456.59
2462,c447efebdb92dcdf3d95e983036f53bfbed2c0b4,2,3,0,0,233,0,0,0,10198,4432.25
2463,438b7c5935f4314fd37916aee4369e67ec2887f8,0,2,0,0,41,1,0,2,4836,2095.16
2464,38128baff40ee137376968f025e75827a4227ee7,0,2,0,0,43,116,1,58,6497,2475.4
2465,fcde6940e0cbdedb1105007e4857137ecdfa1284,0,2,0,0,435,127,2,12,12101,1914.01
2466,132deb4cacc413a85a6af2f390ec79a76c91961c,0,2,0,0,287,21,0,10,16517,2697.35
2467,25f0a9b3ab136d44f70eb2805598e2df8325612a,0,1,0,0,77,7,0,41,10588,1863.63
2468,098ec2b11ff3f677eb823f75b147a1ac8dbf959e,1,22,0,0,1239,175,20,237,60566,20347.05
2469,414fbfab41470923eb82a21628709e51fd3a3f6e,0,1,0,0,8,0,0,5,10661,1232.01
2470,67406460f0b6c05edde1d1185aeb42b6324df202,0,3,0,0,563,13,1,4,10125,2400.9
2471,204a2055b1b9270ae13ea03b7aeac62b65166efd,0,3,0,0,380,0,0,0,4161,2332.82
2472,a5fb298e56220a35d61b8d2bda716d8fb8ef8bb7,0,12,0,2,213,347,3,17,16806,9521.3
2473,58db263e93daf08280e6a586a10cebd6122cf72a,0,1,0,0,430,140,16,165,4762,1462.68
2474,57369a678c4c51627fe9a654e697a906a6bef123,0,2,0,0,736,68,6,92,24623,6462.1
2475,438a9f047eb6af2a4b916a4f6ef6f68adeab8068,0,5,0,0,780,548,17,188,16667,5833.17
2476,8c0638471f8f1dd47667b2d6727d4d2d54e4b48c,0,10,0,0,1616,202,11,341,53470,12324.24
2477,b10c936020e2616609dcb3b2126e8c34328c10ca,0,2,0,0,265,2,0,6,25329,2780.88
2478,9c6a4383cac29b2893ce14e6c9a75705fabfd522,0,11,0,2,1141,36,10,46,23870,8973.09
2479,ec289bbeceff064ad24e189db20a3e0a296822c1,1,1,0,0,97,6,0,12,1326,1389.84
2480,9f29f423e426e2d42e650cbed88e46c1c29a2a63,0,4,0,4,365,135,0,0,4485,11165.65
2481,b047bc7270f3461156e4d08423c728ee9c67dba5,0,7,0,0,443,204,6,33,7138,4746.63
2482,869393643de23dcb010cc33091c8eb398de0fd6c,0,17,0,0,911,1481,21,389,71981,17074.3
2483,c49333becfa7652460976a61eb86522010bcfeed,0,6,0,0,737,63,12,61,24268,5408.82
2484,e90f3359de299ef5e3a54ca71070e3dfe1dbb98c,0,2,0,0,131,1,1,1,4025,1503.0
2485,f0efea490e5aa9dd629d2199aae9c5b1290a17ee,0,9,0,0,2566,15,5,98,45759,8656.85
2486,793447f79924c97c2b562d5e41fa85adf19673fe,2,5,0,0,146,665,9,89,13592,5840.71
2487,4da5000dd33cf013e7212848ed2c44f1e60e860e,0,1,0,0,10,0,0,0,7043,1431.9
2488,a445b82baaa58dcaaa3831e724a9915e9dde57c5,0,2,0,0,160,6,0,5,26851,3022.56
2489,c4ee6915a14e00342755d7cdcbf2d61518f306aa,0,1,0,0,63,0,0,10,6362,1058.02
2490,9dcbdbdb5a34d85910707f81ebc1bb1f81c99978,2,16,0,1,1780,2035,30,474,49161,14066.17
2491,d37dc5d1b8e022a7085118a2e7066623483c293f,0,16,0,0,1146,150,4,122,97520,16613.89
2492,f0d5382ff3e31a47d13e4cb6c3a244cca82b17ce,4,21,0,1,2404,445,4,288,105664,24650.01
2493,5f23abfa30ea29a5474513c463b4d462c0e824ee,0,18,0,1,1701,100,2,106,72152,17958.76
2494,63f594892ecd4687e37a99790288e36eb278849f,0,5,0,0,445,5,1,34,6599,19345.47
2495,401db4fc65140979fe7665983e36905e886df971,0,6,0,0,1582,481,14,125,22160,6313.11
2496,cba973f036a2c8fcc21a5826b8306247ec154c7b,0,4,0,0,564,387,3,333,15084,4440.79
2497,bee9f57f5ca9f037ade932c6fd01b0dad47a1296,0,3,0,0,919,491,10,186,6703,2589.45
2498,ec3ea188753e2c138a64e10303c8751116dc4e80,0,6,0,0,1002,214,11,218,21847,5955.12
2499,b09a03cd7d26cf96ec26a81ba11f00778241eb3e,0,4,0,0,61,25,2,2,24687,4685.91
2500,8a40953058d50d421d62b71067a13b626b3cba1f,0,11,0,0,1452,231,10,48,43216,17802.88
2501,964e546ab1dba5f5d53b209ec6c9a70a85654765,0,3,0,0,541,121,2,176,3471,2491.73
2502,734d54c1a8950446e68098f62d8964e02ecc2890,3,7,0,2,299,2880,7,27,15844,7706.6
2503,a5bb88c8e0fd4bd19b6d377fecbe1d2d441514f6,0,6,0,0,1229,322,6,131,57150,14210.2
2504,8e06d865c4848f2ddd1a3ec4ee825e152d8e77c3,0,1,0,0,370,980,11,46,1567,1117.54
2505,03f519a757ce83d76e7fc9f6aadf271e38bb9f6d,0,2,0,0,1206,172,10,80,5171,1774.65
2506,c3b235e56597d55387b4003e376faee10b473d55,0,2,0,0,748,8,0,21,12522,2776.08
2507,a0730aa5ced7666a8c92f9fb830b615f5f9f477a,0,8,0,0,462,936,23,225,23767,7260.73
2508,434c5ea75dc3d87513e49290ac9999148ff5163c,1,3,0,0,1019,895,5,19,27786,4804.48
2509,853d65a157362661ccab10379c2d82e780382f83,0,4,0,1,471,31,1,5,12582,4043.09
2510,5ea0210c7fea1324973e7f69256bc53f31ee4cf7,0,1,0,0,1,1,0,0,10673,1325.24
2511,44f48ee96ee6b2a3909911c37bfddb0c963d5ffc,0,4,0,0,440,247,9,149,7827,3089.94
2512,e68c7b96c76b243da53ae539e7c760bf2c08f26e,0,2,0,0,99,44,3,82,2735,1496.63
2513,f32e9fc8f7150f0e889c0774b3ad712af26fbd65,0,13,0,1,880,903,13,265,64479,13560.55
2514,48b9d5fd2a96728b1118be217ca597c4098e99ca,0,3,0,0,239,262,7,150,35133,3808.47
2515,ebd4f39a393e5fa9a810c6a36b749549229a53df,0,4,0,1,2935,61,5,76,11313,4422.66
2516,3565c9af17ab05bf9e7f68b71b6c6850df772bb9,0,3,0,0,77,59,1,35,33955,3414.51
2517,4d106213c0f4835b723c9a50bd8080a9017122d7,0,2,0,0,769,22,2,51,20098,2595.33
2518,96b12662ea76e3ded4ef13944fc8df206cfb4613,1,34,0,1,6354,4461,85,1353,123353,30702.89
2519,85cd06f6636f295ad1f3bf2a90063f4714c9cca7,0,9,0,1,1833,191,10,170,65424,11034.67
2520,701c27a7762294e1a5fb2b3ac81f5534aa37f667,0,1,0,0,37,0,0,0,8812,7840.81
2521,0007360c3344b3485fa17de0fd2015a628de947c,0,3,0,0,444,49,0,58,20138,3242.83
2522,8650cc84f20e7d8c32dcdcd91c94372d476e2276,3,10,0,0,1325,1275,87,569,18380,9504.01
2523,30bb1970cc27c1345871a35bcf1220e520c1804b,0,8,0,2,1788,277,3,128,9799,6202.94
2524,c62ae7107f025091652e79db3edfca5c4dc84e4a,2,1,0,0,456,168,0,45,9942,3247.27
2525,b61fb267b92b2736920b4bd0c673d31e7632ebb9,0,22,0,1,4663,1064,41,712,106974,22493.59
2526,b18f35f097a3ee33f449e506676961f9b9456bbd,0,7,0,0,411,179,0,46,16980,5637.92
2527,a1a0281e12ea96476e75b076f76d5b5eb5254eea,1,4,0,0,1126,384,8,137,3575,3141.35
2528,9d175853b0170683ad5f21d9bcdeaac49fe89e04,0,38,0,0,3400,1880,40,756,133652,45831.63
2529,f6367c5f44a88cb5eb7edffb015b10b657504a61,0,3,0,0,139,16,1,18,17267,3227.18
2530,f209e93566b159c22054dcb276e45f23a2b7b7d1,0,18,0,0,2148,507,5,215,66605,13861.42
2531,287effff9327450240d65e27e31bed2649a7a100,0,1,0,0,288,4,2,22,463,653.56
2532,77f2684dd3d480bdc16e95ffcd1d189a38d0acff,0,2,0,0,29,0,0,0,1520,1173.76
2533,1cf6ec4ad4e1f4ea71f912923b5e8627b61ef482,0,3,0,0,562,19,1,10,17224,2810.75
2534,8a9388e5f6d622152798aaaa256064919e4fec37,0,2,0,0,64,2,0,0,28315,2859.54
2535,e9c7a97089dd1234a7f1782f79b1b0b190b98f39,0,2,0,0,623,36,1,10,4112,1445.14
2536,b59206190e6f773fc223bcb81774a09715551367,0,3,0,0,246,193,6,16,13625,3475.38
2537,d8bab3dcb693b2773ede9a6e4f71ae85ee056f79,0,13,0,1,4015,189,12,152,62295,16210.92
2538,049e7d27bea13d4254baccf49401daae820b71df,0,24,0,3,2023,215,5,65,34925,17271.36
2539,3fff1585875ad322ce6e8acb485275e6a4360823,5,0,0,0,0,0,0,0,0,2451.56
2540,c619e9b43fd00ba0e59a98ae09685ff719bb722b,0,3,0,0,604,0,0,2,10762,10955.09
2541,5af572b6443715b7a741296c1bd520a1840f9a7c,0,37,0,23,2132,1655,24,277,81624,43449.48
2542,3d267177776547ceb32c5b9ed04cd9ec05b3421a,3,2,0,0,165,14,1,2,8829,4845.91
2543,ff0b99eafeda035ebe0dc82cfe689808047a8893,0,12,0,2,1906,153,4,1080,60758,18977.48
2544,f6ffa11635c47030a91d420da942da1fb425eb49,0,56,0,22,6586,2261,78,1468,77572,54600.86
2545,d232625f735e06b89360d8f5847c4331076ac477,0,1,0,0,4,6,0,0,309,607.92
2546,49a09179e3fadae090126261be0a7fe0aa48798e,0,5,0,0,175,21,1,4,32033,5467.93
2547,613b902b9808c1c679674047cff15feade01dfab,0,9,0,1,798,559,4,27,23366,7650.3
2548,de4894936a5b581572f35fa5b8979d9f23da0891,0,50,0,1,1798,495,12,136,145159,45382.04
2549,eaaa32950cbae42a74e28e3db3f0cdb1ff158119,3,6,0,0,121,27,1,4,18115,6836.86
2550,51e6c1cc3f66f9908d2e816e7291ac34bee43f52,3,8,0,1,492,97,4,95,23116,8329.75
2551,f53b481ffeec64831c1d9b54a555c7b570d116a3,3,3,0,0,48,0,0,2,1029,2942.95
2552,ea2895f4ed5031809d856faa52e9de5b9501bdea,1,14,0,2,3726,23,5,110,50547,23872.61
2553,2d4731c067ff64cd88f496eac8faaf302faa2ccc,0,14,0,0,23,22,0,3,26101,8745.57
2554,e24a923db50879f7dbe5d2afac0e6757089fb07d,1,7,0,0,1822,296,4,83,22679,8336.95
2555,6ba9587d370fbf39c129c08c00ebbb894ccc1389,4,31,0,1,3334,2331,38,664,91029,28101.32
2556,36947f79ba66bf8ce150813e5dc1d06c789f2b2a,0,1,0,0,0,2,0,0,8249,1049.98
2557,6fce19154906cb271b637b46896a34e7701a7bac,0,1,0,0,12,0,0,0,3206,718.59
2558,fe4ff64a4af4ab5f3ee59ba22ce7db2dec447f7d,3,7,0,0,390,99,0,12,21247,5849.62
2559,4af66b1d664b05590c39e34ae04f1f304c3cd227,0,1,0,0,592,0,0,0,3389,889.67
2560,5daa8d8631835de97d4e4979e507a080017ca159,1,3,0,0,654,0,0,5,8692,10518.12
2561,f678080dbd25a218e0406463a3c3a1fc03680702,0,18,0,0,727,1244,17,113,63186,13807.26
2562,f6e80acd681548b14fe3f0f3d2b3aaf800d10310,1,1,0,0,5,17,1,2,2379,1407.74
2563,56a13a6a59cb128cf6fdac78a074faf7e5603967,0,6,0,0,993,208,6,48,5187,4361.02
2564,603f3ef1386048111940b66f3a0750ab84d0588f,0,22,0,0,892,391,14,172,65245,15176.71
2565,e9f1396834174646a8d7aa8fc6c4a4f724ca5b28,0,4,0,0,661,13,1,50,17535,3830.69
2566,4046794a5365f80f9fa002e3889e41c6d29e13a8,1,7,3,0,677,470,34,766,25439,5520.13
2567,e69231658dc4a79da936e6856017b5c4f6124ecb,1,11,0,0,1177,46,7,57,75816,19300.89
2568,1cde954a4fe7760a09b680413ad763cbe4a8feb3,0,2,0,1,498,4,0,7,674,1605.4
2569,8a0fa0f7e88c45a98c6f266d6349cb426dd06495,0,2,0,0,196,0,0,2,1204,1219.57
2570,a2a5d7b5bca715835d92816e7b267b59f7270708,2,27,0,1,1699,530,13,223,132747,32631.38
2571,724bb8635144dd16fc18cf95a78db6c3d5d1c468,0,1,0,0,94,4,0,10,3248,980.17
2572,78ae2aed8f84d2d3983f81a5219e8b1f1ec59dca,0,3,0,0,2189,69,2,82,21371,4054.17
2573,b57368b6f893cb27d77fc9425e116f1312f4790f,6,34,0,5,2251,175,7,109,131843,36000.45
2574,b782bf2156dd9d43610c0bc47d458b2db297589f,0,4,0,0,408,24,2,5,42088,5341.95
2575,a46933e8ce4c1715c11e3e3283bf0e8c2b53b837,0,1,0,0,932,43,4,84,4483,1579.48
2576,44606aa8508a6e98219b8330e625c8d397bfb067,0,1,0,0,1306,0,0,0,1226,177459.78
2577,88da9f6b6782423acd8ab7eb7d938720de7f3c0f,0,7,5,0,289,23,0,15,5095,4860.44
2578,2034315763cd7b1eb77e96c719918fc14e2dabf6,0,2,0,0,4631,392,32,980,13509,3650.47
2579,69b23632c48297ac844c58fd3e21aad10c093cc8,2,2,0,0,11,1,0,1,561,2234.93
2580,0cf5993712a01993bd701bd9664e6af284378b55,0,1,0,0,56,0,0,0,3198,10510.56
2581,8e53f2b9b08560bf4f8e81e697063277dbdc68f9,0,1,0,0,17,0,0,0,1641,1093.42
2582,627da6f7178e18aa41996969c408b6f344e297d1,0,3,0,0,691,90,7,131,8834,3449.64
2583,4c26c241ad2b907dc02cecefa9846cbe2b0465ba,0,4,0,1,2063,242,3,187,12342,4760.05
2584,480405063063f564ae0cdb34e0757ac3990569aa,0,3,0,0,175,12,0,37,2658,2046.0
2585,132f758e3dbe3a3f11c0d9b2de8edbee594fb475,1,4,1,0,28,28,1,2,3321,3536.81
2586,55c07bbed2f475f7b584a86112ee1b6fe0221e98,0,15,0,0,1894,103,9,152,47127,14601.4
2587,dcd03df9f9e0080d7e179060ffc8148336c31b3e,0,7,0,0,2586,502,8,322,24790,7297.49
2588,899d5c4d49f00d90ddc3632efb2df92841867192,0,1,0,0,58,9,0,1,252,704.73
2589,3749152b661d0359b3b941ab1d17177230f3b8dc,0,6,0,0,618,128,2,48,25965,24263.45
2590,3085a604300ed76d06a0011bd5555e419897b6cd,0,7,0,0,685,205,5,80,51023,9111.86
2591,b5adc5c3011f111f86d232cb33ec522547f68a95,0,7,0,0,2364,113,11,62,73678,11368.58
2592,f01a69f84f4cc7d925d078a7ce32e5800da4e429,0,1,0,1,6,0,0,2,1294,1235.2
2593,1f9848dfe1fc9148cbbcfcc3dfed948b9e0f3c3c,0,2,0,0,73,8,0,1,699,1425.3
2594,33a38a534110de454662256545a7f4c075d328c8,1,22,0,0,1264,373,9,71,77419,19451.93
2595,819808a016e16325502169e0091a16a6b2ae5387,0,42,0,1,636,296,0,15,111398,32873.19
2596,6d356b6b4d8ccb32397cacfb5d0357b21f6035fc,0,4,0,0,882,51,6,23,30930,6137.93
2597,55796a0946f80a35055701a34379e374399009c5,0,3,0,0,688,32,3,44,4664,2693.96
2598,9832ae0ed8853d29072c9ea7031cd2373e6b16f9,3,3,0,1,164,109,4,20,5430,4976.74
2599,d69a82c89c1e857a2a86ff614ae11fb5df993614,4,4,0,0,232,259,0,10,3704,5366.88
2600,09ad8effb825eddbf0ee2ef591a0d16a58468f56,0,2,0,0,16,0,0,0,772,9263.45
2601,e7c8da614c37e36fb8081234f4c639d6054f6082,1,24,0,1,965,73,9,26,90057,19409.12
2602,ed2d03f2a5318a88d0eced8476127f303eb1d1d9,0,1,0,0,84,0,0,0,4237,1186.51
2603,332a997e10cca88d9ab3aa8252102366b628eaec,1,7,0,0,1838,253,8,254,38485,8956.07
2604,64ea62c1ccc05d9b0a0030beafa60ddd31c38952,0,1,0,0,707,2,0,0,5082,1610.71
2605,2761bbc91a7b0a36c42b1b6569c5ecd4f236281b,22,1,0,0,349,30,0,13,8408,12037.18
2606,84d787b9d51196010495d51dc5ebf66c01c340ab,0,5,0,0,184,13,0,24,8872,3786.42
2607,28cdc5a8dc37ade1f45bda3aede589ee8593945e,2,3,0,0,307,70,1,11,7794,3416.09
2608,18432130a7f580f206adf023507678c534487f2e,0,13,0,2,1428,241,5,79,87875,15916.95
2609,9e0e430f18d45cfe125dda8d85916edddf79e8d6,7,12,4,0,1048,706,5,62,31344,14558.56
2610,e8bdad7385ab63a122c1e8e8a6a73e0f1100e80b,1,24,0,0,2507,458,7,58,59038,17447.28
2611,f050afb5785dc38875cf644fd4f80a219d4345e7,0,9,0,3,1159,232,8,36,12698,6627.35
2612,23b1a7bdf1b546c1e29d7010cf139b6d700461fc,0,6,0,0,438,2,1,22,56625,6940.81
2613,3a91376707d451777b8269f81bcd48315edd9fc7,0,5,0,0,134,39,1,12,12202,3948.63
2614,cbb7cc26a547476691472f9fe448c6fe3864faaf,0,2,0,2,24,0,0,0,1282,1941.24
2615,a7312715a66dec5173c3a0a78dff4e0333e7f0b1,0,22,0,0,852,65,5,159,137080,22391.25
2616,8da3a6e314609f9124bd9979cd09cddbc2a10d36,17,0,0,0,0,0,0,0,0,21563.06
2617,b0803388fc5ec03b774aa003f52232deb8db6f69,2,0,0,0,0,0,0,0,0,1218.13
2618,d65df0f27395792c6e25f5e03b6ba1765e2ba925,5,9,0,0,5415,589,15,423,50368,13808.79
2619,20e3ae260b40cd6ef657b2a629a02219d68f162f,0,14,0,0,5286,1488,8,153,61139,17138.45
2620,28eb2aabebd15c15a357d86e23ca407d3c85211c,1,4,0,0,942,10,1,45,18157,17254.25
2621,bbf8cac14d8b1a0e919b57cb7f081edce45acd5b,2,17,0,7,332,287,3,37,14039,13268.75
2622,cb672a45a0bbd8950b9b5e304c2e03f516945903,2,17,0,0,1993,220,7,60,100761,23227.88
2623,373bb4931fb392e3ca6bfd78992887e5a405e186,32,6,0,2,1215,68,3,78,9024,20773.81
2624,19a7e94ee47f81557f0db6fb76bdf6bc49944dd0,0,2,0,0,105,8,0,0,5888,1869.64
2625,07b98e7830c2214340cb7f434df674057e89df94,0,3,0,0,1135,729,35,475,22159,4450.86
2626,4cfc8664362ed04b01872e854715a36dad9408a6,0,2,0,0,339,22,2,15,8011,2237.08
2627,c2a52ef9c29459ff9ef3e23b29e14912bfdb1405,0,9,0,0,550,3,1,19,73510,9800.11
2628,07761af357ef4da791df2972d7d3f049d6011c8d,0,4,0,2,398,41,2,23,7525,4243.56
2629,a3954ccab148bddc290cb96528e63ff19799bcc9,1,44,0,1,5076,517,12,643,159176,45794.27
2630,a9a3d219fed2dd9d7bb84c228f6b8d97eadbe1f6,0,1,0,0,157,0,0,0,5176,918.53
2631,54fd0e44b76c4b982dcfb47932b6159851f14136,1,6,0,0,795,14,0,0,11654,5130.93
2632,ad1e3e4d9f105fac246ce1bdae80e92e013b8ba5,0,4,0,0,1795,183,4,48,32191,5364.37
2633,ca4f209b49e3aad6a80306f7342c9b6b560a79a7,9,11,0,0,11143,744,42,463,14559,13784.42
2634,44e9ef2e906bed85d6d660a53980d0b4202506ab,0,1,0,0,46,4,0,1,387,760.01
2635,1b5451bf054c335188e4cd66f7b4a1d80013e86d,0,10,0,0,728,119,2,68,80681,11246.81
2636,a62be38a5e5d3a61dfb59054b3f5fd5b1b7053b3,1,18,1,1,594,1006,10,28,106243,17861.35
2637,1c8dd6d3d10773f281538e1dea0ffdca9db34bfe,3,1,6,0,46,0,0,0,3488,2486.09
2638,303c8dc9b6c853c0939ea9ba14388897cc258071,0,1,0,0,27,11,2,29,28143,2320.53
2639,08460f1559d917210d111b7f9f20aefb3212be8a,0,1,0,0,568,158,3,58,4855,1435.77
2640,91d6fe151f2e3de21b0a9423ade921e771957d90,0,1,0,0,105,404,1,17,5013,9668.54
2641,1543d0f5be6a02ad00e7a33e35d78af8516043e3,0,11,0,0,551,23,2,89,45787,9178.25
2642,ff3103556b7cb19933f84f773e3712ef05591bc4,0,1,0,0,1,0,0,0,2458,892.56
2643,219f4c199e45f8ce7f41192493bf0dc8f1e5dc30,0,3,0,0,22,21,1,6,9772,2627.14
2644,e4e203e0807fafc5dd765344d008e42bd51cc979,0,1,0,0,6,0,0,0,756,648.93
2645,867903db2b38a59c86e71f1aaef3b0f9a87bfe17,0,2,0,0,16,9,0,1,7216,1956.5
2646,70fc6746b326b9a913e8bebca5f5afaf01ab9e11,0,5,0,0,1299,250,6,48,24891,14624.89
2647,1a33c9d58927186c2f219a5ecb5f1573801823ad,0,4,0,0,219,36,0,10,13840,3811.36
2648,999c8fcbefc876d9c26c23c5b87a64a81e4f113e,4,28,0,0,7924,1104,41,781,145042,32284.32
2649,fb68980959f95f0d89e86f91909867724ad01791,3,14,0,0,3726,85,10,146,113881,17937.24
2650,6460df21a09a7fcc29eceb8dc3859d6298da6882,0,3,0,0,669,38,3,23,28528,4008.66
2651,73fb75017e238e72c3162914f0db66e50139e199,2,2,0,0,267,80,4,111,4263,2449.89
2652,45ff4d38e6175bc59b126633fc46927f8af9b641,0,7,0,1,474,224,7,64,22512,6528.68
2653,a010b330e7797d2ecb5b01ec69ea40438579602f,0,2,0,0,120,0,0,0,911,968.7
2654,5db3f9846882c51991d16853a5c431664f3f801f,0,9,0,0,563,0,0,4,73609,10250.78
2655,9ae9467f920e95ca989d7d51775b39e1b9fee300,0,3,0,0,301,2,0,22,13780,2960.71
2656,06c8ca3bb330c1763d31ed37309e7552dcd3e7aa,0,1,0,0,20,132,0,1,3521,1143.04
2657,144753e87f4a9daa51200be05ff2bb760bf38169,0,2,0,0,84,523,8,51,9420,2407.72
2658,f99b6d19de77c6e730fed8444f8848a7e63d6130,0,9,0,0,1076,7,0,5,74165,10290.32
2659,d6df0fdbbda42b4ddab3810b5ac57336c6241ba7,0,1,0,0,215,0,0,9,1478,734.78
2660,16c8dbde574f49827fde5ee9add1861ee65d4645,0,3,0,0,467,25,0,7,16184,11511.53
2661,bcba844d1144cc334e2babbc34c9d42eac1c203a,0,3,0,0,196,25,0,24,5736,3434.15
2662,ac0a04a6e165920a6d43c2aa3dab06ca38f3135b,0,2,0,0,26,30,3,4,961,1248.8
2663,413b23eb04eee24275257ab462133e0818f87449,0,2,0,0,169,7,0,0,4280,1592.37
2664,8c2c8128328d465ec9699d0573bef69019742512,0,3,0,0,397,16,0,23,19038,2941.64
2665,c4a85c694fae3f814ab4e7f3c172da1df0e0e353,0,3,0,0,386,21,0,24,17187,3125.6
2666,77791e4c36ddc9305306c83806bf486d4d32575d,0,8,0,0,599,8,0,26,22553,5730.57
2667,480c8db40c09cd0e25b4d145bc871b70a45d4f50,2,7,2,0,107,66,26,12,70754,11050.89
2668,12e44e7bdaf53d3720a89d32f0cc2717241bd6b2,5,30,0,3,3730,797,38,299,135333,32671.57
2669,f4c6b00a9f48ae7667db4035b641769efc3bb7cf,0,3,0,0,880,4,0,7,45146,6618.94
2670,bbc6d254c8a953abba69415d80edeede3ee6269d,1,4,1,0,225,88,6,27,7612,4409.21
2671,6f0de2731806628b5b01bd1350225692147590da,27,8,0,2,3026,144,9,58,13802,19601.62
2672,0b67436068899497e99c86f37fd4887ca188fae2,0,2,0,0,113,30,1,17,38592,3595.07
2673,a53b8b6fdce111b1e35ad0dc563eb53d1c58462f,0,6,0,0,281,804,7,39,35987,7341.21
2674,9a3c2379ef24cdca5153abf4b63fde1131ff8989,0,3,0,0,496,5,0,3,28097,4153.63
2675,8a4bff02c1534c6bf529726f2bbe414ac4c172e8,0,6,0,0,2411,19,1,118,27285,6061.91
2676,69afa26f19adad4c630a307c274130eb8b697141,0,1,0,0,44,23,0,30,13654,1626.26
2677,bbbf0e2a4136b30cad9dfd36ef138650a1adea60,3,7,0,4,10290,692,49,442,16221,318718.19
2678,1040bae6fcbae7079d8126368cdeac60831a4d0c,0,2,0,0,229,2,2,18,31411,3287.38
2679,e3ae3e26446c2e98b7aebc4ea66256cfdb4a397f,0,2,0,0,39,0,0,0,31640,2930.7
2680,75dd866bfb8b63cb9f13179d4365b05c48e0907d,0,3,0,0,173,94,1,6,6271,66138.68
2681,96b3a6b9721e922d33fadc2459b561a85dbf9b8e,0,11,0,0,1203,34,6,11,40034,10189.18
2682,b29894889742dda654cd88a7ce72a4e51fccb328,0,3,0,0,379,76,5,53,12974,2707.69
2683,4230872dd66d748172903b1522885b03f34bbf9b,0,1,0,0,1284,0,0,0,2508,1125.83
2684,736ceab2f58fb9ab5907c5b5110bd44384038e6b,0,1,0,1,49,0,0,5,2962,1549.63
2685,913760cb4fe7123e55004800f75dc00540a79f69,0,1,0,0,573,0,0,0,3792,919.31
2686,4b2c442d4e34f4708fa2ca442208427ca10798c1,0,2,0,0,373,27,0,23,7358,2262.45
2687,f29a0fc288a625522ba910e61b63fd5f10418b3d,0,7,0,0,888,14,3,5,30806,6304.35
2688,36bada3032e438099ada9d865c3945d42c3e7c2a,0,1,0,0,5,2,0,1,13064,1346.21
2689,200b11368d3954138a9bce128c8fa763b4a503a1,1,11,0,0,1889,150,6,104,51570,9930.35
2690,633c1ea4554cae6cd684f60848497817d4ed3d82,0,2,0,2,484,41,2,20,12074,4370.16
2691,0ba8ff4b77db11fb68111f20fb077cffddd24f17,1,4,0,0,2955,65,2,70,42835,6685.96
2692,ccd2ac60ecc5fccce56debf21a068e663c1d5f11,0,2,0,0,901,40,5,19,8604,2488.75
2693,d7f27043ce034d69003b054dfe4f9e8e317ec543,0,2,0,0,326,0,0,3,9974,1616.61
2694,2adf8bed712e6d770a0d53eea198d8911ae1a258,0,5,1,0,46,45,2,12,40788,4871.31
2695,d77ed238a911fc85d6f4bbce606cac7ec44f557f,0,3,0,0,756,15,2,48,16932,2737.68
2696,a4cd101934ae5a5cad9663de872fb4ecee0d7560,4,2,0,0,5536,568,68,1006,19669,6205.05
2697,52b894db33bc68b46eec5cdf2735dfcf4030853a,0,3,0,0,506,32,1,9,33775,4718.52
2698,80ee89b2871ce2b4b7387de6e410f53d798dfd0b,0,1,0,0,14,0,0,0,3680,763.37
2699,e0b3c644e186d89138d4174efe0cbe77a0200315,0,50,0,3,2008,714,9,110,155135,39671.14
2700,65a941008d4bbf906772399d3f035f2a0da5abfa,0,37,0,3,1043,442,11,81,125788,40546.04
2701,ae8f55b93243560bd891962d6c64320ddc62a7d7,0,6,0,0,1144,42,3,53,16579,4656.48
2702,08d996d3e9265efad737efad50cbc5b10a0202f8,0,12,0,0,3928,48,8,57,100112,15656.24
2703,fbe06b58805aac4861fb27dfa273914b69e8bdc6,0,8,0,0,469,126,2,18,43965,11072.39
2704,0f9af246e89e4ad3c4d7ff2c1d7ec9b397494a03,0,4,0,0,19,13,4,0,14163,4014.25
2705,12d9d7bc509bca82b8f40301e3dc5ca764be45eb,0,1,0,0,266,100,7,69,1523,917.59
2706,6bf921a5c3152a307b5c0903056d73ce07775a08,0,1,0,0,58,0,0,4,2788,865.24
2707,1267ff22ce9226b6dd52e3f33cbe3b3094fb0e35,0,3,0,0,107,49,2,7,14144,3717.81
2708,e9a18b625fe2350f1de20452ecf92976187832ad,0,1,0,0,5,1,0,0,3463,852.78
2709,b91305119b434d23b99ae7e755aea6639f48b6ab,2,3,0,1,124,71,4,20,4046,3196.69
2710,107c177782a24a16c66113841f2fc5144f56207b,0,8,0,0,465,508,7,19,38898,9340.6
2711,644c2f6924f341f51d809c91dccfff88fc82f6f0,1,2,0,0,112,0,0,4,1481,25218.72
2712,81601dac8ec7650bec14700b174910390a92fe1f,1,11,0,4,3213,9,5,86,29954,13336.5
2713,5d63a388d1c3ec8a658cb2fd9b34c240bddf15a0,1,1,0,0,0,130,0,0,1200,960.24
2714,d6602b5f39833611b4afa4581552f6c4c37e23a8,1,16,0,1,3794,311,22,726,36758,16569.49
2715,78af6cdc5359404139665d81447f28d26b7bb43b,0,6,0,0,1313,41,1,103,54961,8526.84
2716,00eceed233d6e80d5c7137bf5b5286746ec4d5fb,1,31,0,9,7592,2586,79,1154,118382,39233.51
2717,8dd1eeb94fef59feaf19182dd8f1fcf1389c7f34,0,18,0,0,2396,349,25,519,33555,18717.5
2718,8dbc8909c92d502d10a7f94d1de3171878a43b04,0,2,0,0,9,15,0,1,14195,2853.2
2719,ce7cf66e5ed74c124afdb5a6902fbf297211cc04,0,3,0,0,261,22,2,31,5907,2531.08
2720,248d9b6fff648cdb02581d458556b6f7c090ef1a,0,4,0,1,623,427,10,234,18193,45507.04
2721,0f2a69127aa40b7dccdf74ff63e2205a10ae8998,0,2,0,0,762,12,3,8,27674,4077.97
2722,cd2a1dd0630e99e6696a9f0e8dc972604d38046a,0,2,0,0,211,166,7,44,9796,4344.58
2723,20304b91cc1513e3d82a01d36f4ee9c4c81b60e4,0,1,0,0,102,1426,42,885,30563,5156.43
2724,68017e3349e3b71a9c49f2ccea2558231ff8485d,0,12,0,2,5127,586,26,355,73197,18105.16
2725,e565b5277d5b890dad107fe85e295a3907e4bfc1,2,19,0,1,1302,2917,30,283,129731,261680.02
2726,b00f828d84e4e029fd4786ebe827ce704a1b2a04,0,2,0,0,734,7,2,33,1291,8618.7
2727,98f5ed5aa377ddd3f35b763b20c499d2ccac2ed5,5,9,3,3,2140,526,38,223,21850,16508.53
2728,6d201f77c734d6c6a9e3e297fe3dbff251cbb8b3,0,2,0,0,643,26,4,29,3911,1585.23
2729,4908a8970eaf500642a9d8427e322032c1ec047a,0,2,0,0,650,1125,11,29,16480,2980.81
2730,c561cb316e365ef674784cd6cf0b12c0fbc271a3,0,12,0,0,4247,703,16,878,79820,12792.74
2731,3b1d30301bcd35bbe525a7e122d3e5acfab92c88,0,24,0,5,3418,2523,41,892,86322,38915.45
2732,659e85e304d070f9908a96cf6a0e1cbafde6a434,0,2,0,0,444,35,9,60,3377,1711.57
2733,d331762f24b3f22f609366740c9c4f449edc61ac,0,4,0,0,148,329,9,69,20989,3832.99
2734,0e560f3b8d194c10dce06443979df4074e14b0db,3,12,0,0,1528,1803,30,247,46852,13908.41
2735,352f994b6484524cdcfcda021046c59905b62f31,12,14,0,3,2034,989,27,242,51113,167737.72
2736,b1c7654ee40b372ed777525a42981c7cf55b5c72,3,14,0,0,6884,686,5,83,117888,21434.06
2737,60fd0d7fd73198fd610e59d1a4cd007c5fcc7205,0,2,0,0,321,0,0,10,10037,2993.03
2738,0faf50624580b86b64a828cdbbb630ae8994e2cd,0,2,0,0,139,0,0,0,4166,1546.85
2739,4531588a94dcd2b4141b12828cb60ca3b953a58c,0,12,0,2,1129,190,7,108,16075,7689.05
2740,67662e2ac9e68f32b725c8118cf2be79a662fca5,0,11,0,0,759,67,4,61,68075,23249.57
2741,d6c31a3e6b60c4b8af9ae4661f16614805654e59,0,1,0,0,112,0,0,29,6945,1662.37
2742,c89b29bd421152f0e7e16936f18d9e852895c37a,0,4,0,0,1582,513,17,137,26732,4181.0
2743,ee028bfdf1c88a27cd925bed93ebb599a164dd2e,2,7,0,2,1664,29,3,48,7701,6859.97
2744,1c15b1751c0698bd3063d5c25f556d4821b161d2,0,1,0,0,72,0,0,0,2400,795.06
2745,a78db9919065d06ced8122229530f44cc7369857,0,1,0,0,40,14,0,1,2370,1022.59
2746,826507c41b7dd89ce5b53d2245d09c2443423670,0,1,0,0,62,2,0,9,1251,848.68
2747,5bf7e594d7d54e5295fe4240c3d60c08d4755ab7,0,2,0,0,426,14,0,49,8787,2933.32
2748,bf5c94899537011465350d5d999fad9ffaeb605d,0,15,0,0,3589,678,18,387,104088,31106.1
2749,d98a2e6e2383f8b66def346409b0517aa32d298d,6,10,0,0,2568,66,3,40,26802,11126.49
2750,7016dd44e0975274856dc19f19815123c4b2a352,0,2,0,0,225,36,1,16,16074,3050.96
2751,880b9d24ff7b5f350ec99bac9b0862009460b486,0,2,0,0,1,96,0,3,6566,1871.72
2752,b2029353537fc8da9ab67834568cb2e24924cf5a,0,4,0,1,1447,140,3,99,7657,3676.42
2753,b63dcd583f0b98e785831004f41bd7c7de8b3c18,0,4,0,1,623,16,0,23,12483,4189.07
2754,af015c0b2359be317132e2cf35735429f4f34ea7,4,0,0,0,0,0,0,0,0,2661.34
2755,4e9a59ce16e81b4bd6fae443a997ef24d588a6e8,0,1,0,0,500,3,5,62,9301,1860.04
2756,4d1bf33d0fa7689a6f83a9c6e5adaac665c0d5d5,0,8,0,0,437,28,6,105,29163,9371.88
2757,b14db95c35ea17975f3f287f8e4de8aa201d9202,1,0,0,0,0,0,0,0,0,838.47
2758,01bd6ab18fa48f4c7cac1497905b52e547962599,0,4,0,0,3617,180,3,58,44789,6142.68
2759,96bb6a51ec4a470e9b287c94e377444a9f97c410,0,3,0,0,28,8,0,0,1380,1656.95
2760,f20dc0d5770d3876954faf0a6e8dcce6539ffc23,0,20,0,6,1752,2759,25,1109,94682,91728.34
2761,84a1321f6aa0af6895564a7c47f8f264656f0294,0,15,0,1,973,245,2,393,62568,20287.67
2762,a1e05e02927f29e5598fdc665ac997667e6b00b1,0,1,0,0,39,1,0,3,533,798.8
2763,c30a26abc54df669a77e0219fd9b48a47c179a99,0,2,0,0,303,6,1,50,3794,1722.58
2764,81d9446a92e3968234702b2981468a991c7cf8a0,2,3,0,2,118,4,5,17,3913,4173.8
2765,7060725662cb3317ff2f0fcc38f965fd23e8e6aa,0,4,0,0,577,35,2,54,9022,3669.81
2766,46d29e3d7ee8dc9bb1818b886d9cc5336b1d67a4,0,4,0,0,1233,121,4,309,20172,6509.7
2767,88fba00caa8c8e26f70deb9be5b534e7482620a1,0,10,0,0,910,61,2,55,82709,25172.16
2768,3bd6b1fd85c44354c777ef4fda6415231505b2a4,0,3,0,0,1235,102,9,84,7403,3078.29
2769,0355ec20ebeb988679c7192c7024bef7a2a3bced,0,8,0,0,2945,180,7,36,35030,8078.55
2770,319defafc105c0d0b69b83828b578d9c453036f5,0,1,0,0,34,0,0,1,4756,1211.45
2771,7fab787de72756863a91c2358da5c611afdb80e9,0,4,0,0,528,54,3,19,3085,2466.73
2772,e71bc00a471422ddb26dd54e706f09f0fe09925c,10,8,0,1,2415,371,26,354,19661,12569.44
2773,1976e0066e9ae8852715fa69d8aea3769330e933,4,13,0,1,6212,988,86,641,25212,15441.26
2774,08ff1586d5d3e39f546200f9e696f62ea4cf000d,0,2,0,0,25,8,0,0,25587,3761.85
2775,66461ed98b0b2f630b682bff927dbd74c251c26e,0,1,0,0,31,2,0,0,1340,850.24
2776,f89594f0b80e8efffdcb887daa4a18a2b0a228b3,1,4,0,1,232,656,7,60,16304,6018.92
2777,7ed8511ad8daff19f765e78e4dca07cdebc2c2b2,0,1,0,0,60,0,0,0,1450,1049.92
2778,fa8b88ab2b272b29cf116a5de038d78fc4357b9d,0,1,0,0,0,0,0,0,1741,892.59
2779,bf2f493f814c15cc3c9b4b92a39905ed250ecbdc,0,1,0,0,328,53,2,48,13628,3066.05
2780,bf7694d020ea787c542abc504b55ad1bd1137010,0,1,0,0,1,1,0,0,1740,9836.62
2781,1c1ce63cda9216ea4343bb5f3f2a21af49a9574d,4,1,0,0,218,0,0,0,1750,3100.71
2782,63803e7051dcfcd8e3d28a8b3217b7735a00b7d8,0,2,0,0,457,0,0,0,4097,1506.14
2783,48269c370c8981244b9d3d5cf1c82a2897ca502e,1,12,0,12,1062,28,4,25,27487,17059.78
2784,a8e428b2dc0883184b43cb776d5c7196aaa3bf56,0,4,0,1,500,1,1,6,8008,3971.2
2785,fc074a359c44e84dd9612be2bd772763f943eb04,2,5,0,0,799,1120,5,65,18794,6403.1
2786,a922b9c82cc564e86dc0ef84bcc3597cb7b7c211,0,3,0,1,2109,1,1,14,5965,3017.48
2787,0fc988e6a3dc6b435cbeea680549c06ef6147e3f,0,3,0,0,599,109,6,62,9451,2577.79
2788,8783613696674aba4ae1739c6e8f48cda0d1c386,0,1,0,0,314,6,0,12,1160,1326.24
2789,f749517cc78fc761cecff21e8b7f65fb719bfca2,0,1,0,0,0,0,0,0,5466,1036.87
2790,1d2640b6132e8308c07476badd2d1482be68a298,0,3,0,1,904,60,7,129,17500,6737.75
2791,151c8ddbe4c05fcb5f251fa4450edc452f6c735a,0,7,0,0,1437,43,5,225,10122,5402.17
2792,1361030e59d7557a2bffac0ea8df116ce2eaae4a,0,2,0,0,288,0,0,1,11778,1938.86
2793,3f4a29813beccd85191886f4d7421c4f33180594,0,1,0,0,398,0,0,26,11774,1483.36
2794,6d5e87aec2f615ed265dc495873bf53ee7d2ace2,0,8,0,3,756,138,4,89,37400,9817.39
2795,0e3c31579d1c733decfb9b00721bdc7b86be60f2,0,1,0,0,18,0,0,1,3058,728.16
2796,e39b113db0f2e4bcf93f873801be770e472601da,0,1,0,0,169,0,0,0,491,586.63
2797,5d7449d2b8bcd0963d172fc30df784279671176f,0,1,0,0,420,0,0,0,4580,928.52
2798,3e37a9a70ba93430da1b47f2a8b50358348396b0,0,1,0,0,49,5,0,11,2341,1049.48
2799,eebeb6033fd09791fcbff626f128a98e393f0a88,0,1,0,0,34,1,0,1,2306,841.06
2800,59a3038bc3d7913dca3de971026bc32cef536a2d,0,3,0,0,386,0,1,43,20645,11802.28
2801,0247cb6318507afe06816e337a19f396afc53efa,0,2,0,1,657,93,5,60,6804,3389.22
2802,162228e8db937d4bdb9cf61d15ed555f1c96368f,0,2,0,2,38,10,0,2,2892,2534.23
2803,64b7cf59bde66bc58f67d2c3a97324ef679fb60a,2,5,0,2,724,17,0,19,17177,6447.39
2804,359ea4e18147af5677c6d88265e26de6b6c72999,0,6,0,3,437,102,2,23,19422,6019.91
2805,d2153577181f900ee6d8bf67d254e408bbaad243,0,2,0,1,528,35,8,18,2043,2028.18
2806,17a87977f29ced49724f561a68565217c8cb4e94,0,13,0,9,1329,52,2,36,19893,12374.83
2807,1c40bc283645db5a661dc9f004a0bf34832a0902,0,1,0,0,0,0,0,0,867,599.98
2808,3108d27edde941d153a58f71fb1096cce2995531,0,5,0,0,405,66,0,36,29875,5171.36
2809,2b0f9772417d205e8df16bac6921c2bb8bdcf740,0,2,0,0,395,5,0,11,5379,1741.22
2810,66ec3a67e8563d17521b65cdae8374d28a24c624,0,6,0,2,2666,787,23,516,15017,6647.04
2811,4023eeba05aefe48384e870da3c95bb3af474514,0,2,0,0,602,106,0,133,16480,3510.43
2812,1290e3c647092f0bfbb250731a6805aba1be8e4b,0,6,0,0,713,184,4,13,41495,7560.59
2813,6425ed27ea638da75f656204d6df4adad1d91fe1,1,1,0,0,418,6458,44,286,4571,3238.81
2814,770d9d9bb686bacef601ec8c4f884dc5afa9d4e2,0,6,0,0,945,96,10,142,53153,14171.94
2815,aa42fb0db78454e5cadc2df7b6fdaa8d913ae847,1,3,0,0,1256,240,15,80,2201,2627.03
2816,75691ad600473d4d315434b0876d6d10d3050a6b,0,2,0,0,119,0,0,2,8183,22416.79
2817,582cb10ec74ed5666946a3769002ceb80ba660cb,0,1,0,0,15,0,0,0,14103,1842.65
2818,54f2044595206455484284b43e5976c8a1982aaf,0,4,0,3,269,2,0,1,10954,4629.35
2819,8944407d938bb8e38c7182a68b4b64d1a7c778ca,0,1,0,0,98,0,0,0,1413,750.04
2820,a1de8cbac5fb9af403db2a02814575f0940d5f39,0,2,0,0,137,10,0,1,14240,14163.9
2821,27978bcb66a9130cbf26d37ec454c0b7fcdc2530,0,2,0,0,330,3,4,34,13920,5915.97
2822,090272d7de7cb5f1133359d66780aef7c5cce5c9,0,3,0,0,477,226,1,22,3440,2594.28
2823,284aca8b63cf4f7b84d290721fcbff5f5db78983,0,1,0,0,553,487,6,36,7030,2851.43
2824,5689355783de005ebc604f4403dc5129a286bfca,0,8,0,0,1726,121,3,48,43965,12974.33
2825,1dc0adfac0ee4821c67366728c70be9b59477b0f,0,6,0,0,1257,915,37,226,35419,7192.19
2826,b5b9b77707933257d446a09f076d594aa170b3d8,2,7,0,0,975,1168,22,216,19431,8903.44
2827,3bfff0f79e7246cbb2989c720c14cfa2566a9d1a,0,1,0,1,4,0,0,0,340,986.72
2828,605622c87bc109f60ee1674be37a526e44723b67,0,1,0,0,110,124,1,22,513,799.56
2829,3ead525c71cba068e7abf1c76ad629bfeec10852,0,4,0,0,1170,36,3,38,21338,6007.9
2830,f90c64e6242facf38c2baedeeda42e4a8293e642,0,1,0,0,93,250,2,26,3092,1266.96
2831,b3fee1d2bfe5d289b8f279071589f21ace99e04c,0,6,0,3,496,16,0,13,12695,6151.84
2832,936fc3f3c2604c94968a25a8cf6706cbb3dad6a0,0,1,0,0,539,2,0,8,1848,971.03
2833,c5065bf20b410b917a0df219e45be2cce21a48ab,0,3,0,0,262,20,6,93,5913,2136.53
2834,1a9ba9616a7e2279dcd5a30190b289945713054e,0,1,0,0,49,145,3,5,1119,639.9
2835,4e3df75eb72adbab18a1d6476f228a0b504238fa,0,1,0,0,68,3,0,1,356,658.42
2836,f3296501e09fa7f1e81548dfcefa56f20fe337ca,0,2,0,0,507,21,0,3,3043,1772.02
2837,ffc9c50e074aeca804674c6e1e6b0f1eb629e230,0,5,0,0,1602,48,3,91,43336,9858.68
2838,887244de4adebe27693ed4ad3296a6f700cfa8c1,0,2,0,0,935,59,8,75,10448,2789.24
2839,6f2c871b05b97ea0e18f3c431af8b0d606f88561,12,8,0,3,485,8,0,24,18188,12784.48
2840,652b257478f723a9e119e5e9181f3c7450ac92b5,0,12,0,1,944,460,14,144,42288,20056.62
2841,3bb92a1d9a7a3e71bbd3b96d9adfd0e2db4485bc,0,1,0,0,0,0,0,0,1168,669.92
2842,b09828145432c8d986ac8f05ec33608d8e611328,0,2,0,0,771,22,0,93,10582,3116.08
2843,b320caecb32e0eb739ad925a4646bef1a85caebd,0,3,0,1,1427,148,1,89,10582,3390.92
2844,60af851e59bf29efc5b2e132c8b9aaa11b29e672,0,1,0,0,18,0,0,0,5624,1457.46
2845,b73fb70f97983aef281a67f100bb28ba270a8b1c,0,6,0,0,653,36,1,29,16095,5573.24
2846,8f6f9d9c8398567064c9369f48213db63f45538c,7,16,0,10,3153,104,6,166,18729,18356.27
2847,c9d7737431862d0a93dac38267006d8cc218cb75,0,4,0,0,385,73,0,9,19030,4109.22
2848,64f28f9efa2ef3cd9dd54a6c5009029721e030ed,2,7,0,0,626,102,7,152,5425,5289.17
2849,e9a005dfcf4d2249235aeff4da85b321dddc1ca9,0,1,0,0,41,8,1,4,2087,823.37
2850,1a08302897bac18baf0f56b7d41ad54f63ae191b,0,1,0,0,403,23,0,11,4952,1210.04
2851,4ab5260b7e8d355a042f1533bc020868778b3231,0,3,0,0,487,0,8,35,3507,2092.08
2852,4244653e430374d77ce52e4791f5b4817092003a,0,2,0,0,241,11,0,3,4873,1664.72
2853,fb8932a727f757b2e9c1c61a18145878d0eb77bd,0,64,0,22,7020,3221,90,2252,206718,67554.4
2854,45caeee6cfcf1ae3355cd880402159cf31e94a8a,0,3,0,0,1226,49,9,119,46458,5642.88
2855,d3de8e162be7933be496343db4a807b6b5ca04cd,0,2,0,0,409,1,1,0,2521,1250.25
2856,75f8b6ccfa6160e695ce8f7ad13c6e3624e9e7aa,7,4,0,0,326,57,1,33,16064,6687.83
2857,c4b1fa91faf5ada6eea6b39d52e92c06816bd2c8,1,2,0,0,41,7,0,2,728,1808.62
2858,05e4ddeee67d2a6a5807900311ea6b25a5c83703,0,1,0,0,4,0,0,0,3182,781.01
2859,f940ab242da80a22bae95509d5c282d7e2f7ecdb,1,3,0,0,493,109,5,53,10758,3920.19
2860,4ad295a4f1c202f08e40a57f31c1dc1ade96a4ca,0,1,0,0,120,7,0,21,14084,10704.9
2861,2a54feabb2d1245d80f061c5c796f0663dd2a689,0,1,0,0,572,531,22,159,2111,1366.05
2862,66357574ae1da09ced735da36bf7d80a40c3fa1b,0,9,0,0,3548,617,30,498,64065,13335.64
2863,7b5b783f66f32012c00bef7593851392dd8cf2d5,0,6,0,4,872,20,0,37,4894,6042.81
2864,626fec652b9f3dae10c9af78fd220b1240f19fc7,1,11,0,1,1855,107,3,184,38361,20014.41
2865,021a43b1a4bbc8a68c31461e206214a5eadc38dd,1,6,0,1,955,446,8,50,10598,5185.65
2866,203664e6b258b642239651fa6a17fd2561b903d2,2,5,0,2,2842,639,17,256,18367,6596.73
2867,ffbb6b6557f4eb8587c7d57cda38f2a0de573f8b,0,10,0,4,1584,227,7,126,23068,8393.94
2868,d240eec1364f2e11286dd00d10f35bcbbca19ec4,0,1,0,0,90,0,0,0,1532,786.07
2869,d1aad444907e1fc5314e8e64529e57c51ed7561c,2,12,0,6,2762,1008,19,166,24521,13495.02
2870,719d57bf46765121550831189591fd420d2b078d,2,3,0,2,349,261,2,10,14436,5390.6
2871,272b96d243383d9f50241d48cb070f638243bc9c,0,2,0,0,1602,29,8,79,3869,2232.4
2872,6b8107ad97251267253fa045ba03c4749f95f530,0,1,0,0,145,39,0,7,1137,835.97
2873,1524e2e6c52aba966cbbf1d8025ba165688ab9bb,0,1,0,0,48,22,1,9,3714,1106.3
2874,729cb3aefe71d7f728c7edea78ce7f268a1fdecb,0,3,0,0,467,58,6,193,25531,3863.65
2875,00dd843a1a6c9d8b616631cdcf24c00e82498dab,0,1,0,0,230,44,0,14,1920,839.37
2876,f77d54c24343e6ca7c438d9db431cef14c3ae77b,0,2,0,0,308,22,1,36,22911,2981.04
2877,827dbb11e24be294b40088a8aa46086ba8ca4ba8,0,3,0,0,997,31,1,24,12692,2765.99
2878,62deab17a33cef723d73f8d8b9e37e5bddbc1813,0,2,0,0,1264,223,10,96,9721,3733.53
2879,611718f59fd2fc331f9d9de51525115a1e1a5d29,0,3,0,0,191,115,1,2,2209,1669.77
2880,3ae775d74029b6ae82263739f598ceb25c597dcd,0,11,0,0,5260,234,23,226,62085,279936.79
2881,b008072044fa78f49ef3fe14f4c9756c8268279d,0,1,0,1,9,0,0,0,216,6270.48
2882,89b102f916cf28b16b2a0a5009472a01b7f38484,0,2,0,0,406,36,0,10,5477,9948.12
2883,e7a0b8aa83c1fb933d409c514d2155e986e4e25b,0,2,0,0,338,0,0,0,21592,2907.31
2884,35e0a01d7bc3149bf8b941fd85d7807d9906d27b,0,4,0,0,646,217,7,29,11113,4026.33
2885,a5bb1e8ee871df1111ff77d0f6921b13c8ffb50e,3,7,0,0,1727,576,49,569,27917,30263.96
2886,9a1d8cfaf50ec29ffb2d8522ba2f4bc6605d8b8b,0,7,0,1,1663,95,9,147,32682,9075.2
2887,3a145e2918b66b5776a22eeffba41fc000611936,0,2,0,0,403,2,0,3,4698,1548.52
2888,93595febaa6673eea369911c3f7fcd75d4915dbc,0,2,0,0,45,6,0,0,4752,1531.22
2889,b67812ea2111fa11bdd76096b923c93e1bdf2923,0,8,0,0,4481,613,24,350,34932,10289.51
2890,0b796754b9d746c0389782f1a5e3ee9ef673e54c,0,2,0,0,1865,19,5,226,6919,2549.84
2891,07e3cf952eac9e47e7bd5e195b0f9fc28c468313,0,7,0,0,1821,265,6,247,35135,7765.64
2892,c3abfcefdd256650b2a45ae2aac53c4a22721a46,0,2,0,0,1313,138,10,205,12030,2788.95
2893,524b553a5f1c10bf41c723302cf42b592ffa1631,0,2,0,0,69,0,0,0,1522,1197.64
2894,aa664d72595ddfcb1a1bf082381bb222e59db354,1,1,0,0,50,3,0,5,215,1256.17
2895,c30e495557359b23681a61edbc90cfafafdb7dfe,0,2,0,0,982,7,0,8,4170,1817.88
2896,eb96a3093ea34a7749410a63c72b6d0a9636d80f,0,6,0,0,2503,61,4,82,20490,6687.15
2897,c4c8d5fd0e3c17ccdcf18ece8e005f510328b060,0,2,0,0,1361,41,5,163,29514,9584.9
2898,6ef6594c7ee09b561e42c16ce4e91c0479908ad8,0,5,0,0,1365,628,25,108,31514,8591.79
2899,72ae371e7a6695f45f0d9cea5ae9aae83941d360,0,1,0,0,669,16,0,2,3673,1594.22
2900,54dc6b7d720851eb6017906d664aa0fda2698225,0,2,0,0,223,6,0,0,1722,11895.83
2901,447f46d9628db54e77f88e2d109587cc7dfd6154,0,6,0,0,895,34,5,50,13265,6703.48
2902,a901405ad80b4efee020e1ddd06104121f26e31f,0,2,0,0,2502,66,0,40,12030,3315.13
2903,247584eb63db3a49705f330da96f37fd9c7dee70,0,1,0,0,15,6,0,0,1747,871.0
2904,586defe7113ed246ed0275bb3833882a3d873d70,0,2,0,0,127,0,0,0,779,1238.54
2905,26270196a2d2cfddcf24ee7bbd2b84a2e93accef,0,3,0,0,264,146,2,30,12211,3818.34
2906,0c217feed8acf98234d3367b24a475b620027bce,0,1,0,0,14,0,0,0,2386,1070.23
